=== BEGIN RADAR_SCAN ===
scan.index=1
scan.time=129.000000
radar.id=2
radar.frequency=X
radar.scanning_mode=RHI
radar.x=-50000.000
radar.y=200000.000
radar.z=25.000
radar.maximum_range=50000.000
radar.range_resolution=100.000
radar.angular_resolution=1.000000
box.radar_id=2
box.min_range_gate=106.000
box.max_range_gate=353.000
box.min_angle=0.000000
box.max_angle=34.000000
box.num_ranges=248
box.num_angles=34
box.range_resolution=100.000
box.angular_resolution=1.000000
box.other_angle=-73.405943
grid.size=8432
grid.data=0.00 0.00 0.00 0.00 0.00 0.00 0.00 0.00 0.00 0.00 0.00 0.00 0.00 0.00 0.00 0.00 0.00 0.00 0.00 0.00 0.00 0.00 0.00 0.00 0.00 0.00 0.00 0.00 0.00 0.00 0.00 0.00 0.00 0.00 23.80 21.76 27.88 28.84 29.00 0.00 0.00 0.00 0.00 0.00 0.00 0.00 0.00 0.00 0.00 0.00 0.00 0.00 0.00 0.00 0.00 0.00 0.00 0.00 0.00 0.00 0.00 0.00 0.00 0.00 0.00 0.00 0.00 0.00 28.18 27.52 25.18 28.49 25.36 25.79 31.64 32.15 30.65 31.81 0.00 0.00 0.00 0.00 0.00 0.00 0.00 0.00 0.00 0.00 0.00 0.00 0.00 0.00 0.00 0.00 0.00 0.00 0.00 0.00 0.00 0.00 0.00 0.00 26.93 22.11 29.54 31.75 30.42 23.34 27.17 24.08 26.97 31.44 34.39 32.80 0.00 0.00 0.00 0.00 0.00 0.00 0.00 0.00 0.00 0.00 0.00 0.00 0.00 0.00 0.00 0.00 0.00 0.00 0.00 0.00 0.00 0.00 30.59 26.67 22.72 27.82 34.52 34.11 31.48 27.07 22.63 26.89 27.22 30.94 29.37 32.10 29.84 0.00 0.00 0.00 0.00 0.00 0.00 0.00 0.00 0.00 0.00 0.00 0.00 0.00 0.00 0.00 0.00 0.00 0.00 0.00 23.32 25.84 27.96 30.49 27.17 28.72 29.18 23.24 31.08 30.71 31.64 37.09 34.49 38.67 37.36 36.34 33.09 0.00 0.00 0.00 0.00 0.00 0.00 0.00 0.00 0.00 0.00 0.00 0.00 0.00 0.00 0.00 0.00 0.00 18.99 32.00 26.95 28.80 31.62 31.01 36.75 31.12 33.14 26.22 28.57 34.61 27.58 31.21 33.13 32.77 28.21 38.80 0.00 0.00 0.00 0.00 0.00 0.00 0.00 0.00 0.00 0.00 0.00 0.00 0.00 0.00 0.00 0.00 34.05 29.48 26.02 27.90 24.87 34.61 29.04 32.65 25.93 31.54 28.04 35.26 31.68 30.13 31.24 33.78 33.34 39.71 49.86 50.92 0.00 0.00 0.00 0.00 0.00 0.00 0.00 0.00 0.00 0.00 0.00 0.00 0.00 0.00 22.51 26.85 32.30 33.16 32.81 28.79 21.08 34.70 31.33 31.77 33.79 33.14 33.57 28.93 33.59 35.02 25.63 50.05 49.86 38.99 32.34 0.00 0.00 0.00 0.00 0.00 0.00 0.00 0.00 0.00 0.00 0.00 0.00 0.00 26.51 30.53 24.28 28.19 24.08 29.76 26.00 34.74 25.28 35.73 26.70 32.73 37.79 28.34 38.45 37.05 29.95 43.59 47.95 47.60 41.19 29.62 0.00 0.00 0.00 0.00 0.00 0.00 0.00 0.00 0.00 0.00 0.00 0.00 28.23 23.27 26.23 25.29 26.98 30.21 30.29 31.68 35.50 28.24 28.59 34.44 29.56 30.25 32.43 32.06 40.02 36.13 47.66 46.57 42.72 41.44 30.84 31.69 0.00 0.00 0.00 0.00 0.00 0.00 0.00 0.00 0.00 0.00 29.13 30.00 21.81 30.56 24.86 24.04 23.89 37.24 25.60 30.85 32.20 33.12 38.72 29.13 40.61 37.64 32.79 39.09 46.20 39.77 46.62 37.51 30.23 36.43 38.26 0.00 0.00 0.00 0.00 0.00 0.00 0.00 0.00 0.00 25.27 30.91 32.30 28.18 30.47 28.91 28.66 26.66 31.31 31.06 35.14 33.28 32.51 34.85 31.26 41.60 34.89 53.76 47.79 43.92 37.31 42.29 33.78 32.01 42.23 25.25 0.00 0.00 0.00 0.00 0.00 0.00 0.00 0.00 28.79 27.23 29.83 23.74 21.93 21.08 30.38 27.65 28.70 31.30 32.74 37.22 35.48 32.43 30.06 30.43 30.85 36.45 43.35 41.62 39.25 29.08 34.27 28.96 23.18 26.19 28.18 0.00 0.00 0.00 0.00 0.00 0.00 0.00 25.63 22.76 28.14 24.70 34.05 21.81 37.19 30.37 30.08 28.32 29.81 37.58 34.19 33.55 36.33 38.54 38.44 45.43 40.88 41.48 36.37 40.63 37.21 27.72 30.28 28.68 22.39 27.43 0.00 0.00 0.00 0.00 0.00 0.00 37.50 26.01 23.83 28.62 29.03 27.57 29.19 22.88 26.53 31.53 36.47 36.51 33.63 35.37 31.84 28.03 32.74 46.15 44.22 45.42 41.24 36.56 32.44 29.57 31.18 29.83 25.50 28.04 24.31 0.00 0.00 0.00 0.00 0.00 28.56 24.54 25.65 23.93 24.19 33.21 26.08 24.23 32.98 29.48 27.70 39.14 29.30 32.49 38.45 39.42 41.76 46.57 43.85 33.37 37.48 38.18 36.19 32.84 25.44 31.04 25.07 18.04 14.20 0.00 0.00 0.00 0.00 0.00 29.53 30.42 25.29 32.33 21.10 33.65 36.44 31.17 26.16 29.44 32.63 30.11 30.56 34.27 35.50 35.46 38.33 51.25 42.82 40.20 45.62 42.62 30.72 27.07 32.14 28.80 26.12 18.83 22.40 20.55 0.00 0.00 0.00 0.00 26.83 25.67 27.33 32.86 27.89 24.68 32.64 27.79 33.15 34.42 40.37 28.82 32.31 32.90 28.72 38.29 40.20 39.59 36.35 37.63 40.62 36.66 40.14 25.93 30.85 27.22 23.10 19.56 9.76 12.17 16.66 0.00 0.00 0.00 28.04 25.13 34.49 28.08 32.69 27.69 32.39 31.57 31.43 37.54 29.58 34.23 33.48 35.63 40.10 30.14 37.63 46.14 37.61 39.87 43.73 33.87 32.32 33.10 29.26 19.15 21.68 20.58 13.39 15.10 15.66 13.64 0.00 0.00 28.33 23.66 28.43 25.35 32.74 31.39 33.75 24.22 23.71 28.62 30.53 34.19 30.10 36.64 33.81 36.84 42.40 42.06 34.29 35.77 35.99 33.05 29.48 30.82 30.08 28.06 20.99 20.18 16.26 16.73 9.18 11.32 11.09 0.00 26.60 29.35 32.75 25.37 32.78 23.49 29.78 31.65 27.29 30.16 30.77 32.86 32.85 41.02 40.86 27.97 45.73 39.75 41.07 37.25 42.35 28.05 39.28 30.65 28.09 21.09 23.23 18.96 20.59 15.97 11.17 14.74 3.49 0.00 24.66 22.66 27.69 27.53 27.81 28.29 25.51 29.94 29.62 30.96 28.49 39.34 38.43 32.61 34.45 34.16 48.64 44.27 39.89 29.30 37.18 28.57 26.37 24.99 24.42 25.14 17.47 14.17 12.78 17.15 15.34 7.59 10.03 6.65 19.09 21.80 24.86 22.89 26.99 25.95 27.90 35.00 33.50 29.26 28.28 36.73 31.08 31.92 29.26 43.10 50.16 38.88 36.43 37.51 36.21 38.47 27.63 26.38 24.57 19.97 23.26 20.34 13.43 22.28 10.90 11.63 6.37 1.59 24.70 23.78 29.63 30.49 26.93 29.19 26.16 32.87 38.19 29.37 29.90 30.86 33.53 36.55 36.90 41.32 46.92 38.44 36.13 40.60 36.37 35.49 31.88 29.74 29.54 26.16 18.90 16.21 13.96 10.51 9.45 12.03 7.66 -6.41 29.53 26.48 22.87 29.76 31.45 32.33 25.29 32.92 29.68 29.31 37.28 35.26 31.14 35.92 35.86 40.10 42.41 38.76 36.51 38.06 43.92 30.19 19.83 24.86 23.72 24.84 19.15 16.05 22.89 13.03 13.81 11.64 3.56 -1.99 25.18 32.48 30.69 26.20 21.87 29.14 30.77 26.17 33.82 29.33 39.03 31.04 37.68 40.92 31.16 39.45 41.33 38.10 37.67 38.22 37.74 35.09 35.46 28.68 22.84 20.03 18.40 16.23 8.54 18.43 8.66 9.38 1.14 1.88 35.29 30.80 23.39 30.28 33.48 32.77 22.90 28.41 24.66 38.01 36.82 32.47 33.67 37.85 34.27 45.75 42.73 43.56 37.22 34.51 34.36 32.46 24.17 27.05 30.49 18.87 18.36 22.91 13.97 8.90 12.27 6.42 2.20 0.04 27.66 24.39 29.05 31.38 26.26 27.20 31.90 27.83 34.22 28.28 33.84 24.15 32.78 27.35 39.01 43.09 34.11 44.32 34.43 37.73 34.73 31.19 30.42 23.34 19.94 22.18 21.42 18.83 13.27 16.20 10.85 1.77 -3.07 -4.49 23.26 24.52 22.65 25.03 29.21 25.87 27.14 26.24 27.22 28.19 30.51 36.45 27.20 32.81 36.36 48.66 38.19 39.19 38.06 39.02 31.85 28.60 27.92 23.78 25.30 19.68 21.20 14.57 12.84 10.02 10.27 10.89 3.19 1.59 25.73 21.33 27.44 31.46 31.89 32.33 31.30 28.03 30.23 25.70 30.97 36.78 36.12 40.62 43.13 51.71 44.42 42.32 37.22 34.42 30.32 32.75 30.35 24.84 26.18 18.53 16.62 22.40 16.24 12.79 14.07 -1.30 -0.67 -5.29 30.74 29.02 26.87 29.36 28.28 25.19 26.73 38.98 35.40 41.13 34.99 33.37 37.67 35.66 42.07 42.56 45.03 34.78 35.79 35.26 29.08 25.91 30.15 25.34 21.91 19.58 21.58 12.85 11.41 9.86 10.62 1.00 4.55 -1.18 24.24 30.66 25.43 29.89 31.19 25.38 30.41 34.84 32.40 32.97 33.14 28.90 41.88 34.95 43.85 55.57 42.76 40.14 43.55 32.89 33.71 29.91 28.65 25.29 11.56 17.74 13.67 17.59 9.11 9.50 6.93 0.41 -1.15 -0.95 27.49 25.65 33.17 30.74 26.50 31.92 35.51 31.39 27.52 28.17 31.92 29.73 39.15 35.45 45.16 40.32 40.60 28.36 41.30 37.11 29.59 26.23 29.16 19.04 23.11 18.88 16.65 11.69 16.07 3.22 11.59 2.87 -0.02 -0.65 31.56 25.39 31.74 29.65 21.71 24.53 26.78 28.72 29.39 31.98 37.14 26.51 35.43 33.33 38.13 45.39 40.54 36.17 29.81 39.57 32.76 27.77 21.99 26.18 20.81 18.63 15.05 9.69 16.37 8.11 4.34 0.06 -3.16 0.17 26.50 28.14 30.50 34.24 34.74 38.56 30.00 28.08 35.80 31.77 32.00 36.90 34.85 33.70 53.47 43.52 37.73 40.20 34.64 35.14 31.85 33.72 26.17 24.33 22.30 16.03 12.16 19.88 12.17 4.96 4.19 1.48 2.13 0.90 23.62 29.14 24.33 27.15 25.83 32.83 30.43 31.81 28.00 32.78 32.80 37.20 31.61 36.70 46.52 41.83 40.63 43.07 29.56 24.78 29.39 26.09 25.78 21.94 18.75 15.28 17.07 12.45 9.80 5.94 -2.27 4.91 -2.78 4.62 29.12 29.72 31.47 23.34 32.98 29.28 30.01 23.48 27.24 35.11 26.24 26.93 34.06 33.21 43.60 36.91 42.92 36.22 33.38 30.11 32.66 27.27 20.95 17.77 18.70 11.97 15.84 14.53 12.64 5.44 -5.86 -1.89 4.72 0.84 26.56 30.94 22.34 24.74 36.77 29.46 29.72 33.40 37.27 26.02 38.20 26.29 30.52 34.40 41.67 43.96 36.99 30.24 32.57 32.10 25.67 24.88 24.07 20.96 20.46 13.13 13.23 8.06 5.89 -2.93 -0.97 -1.82 0.96 0.20 19.40 30.76 28.85 23.66 26.45 34.89 33.76 33.19 36.39 36.90 30.94 30.20 33.41 34.55 48.69 38.78 38.09 39.71 39.35 25.74 24.24 22.93 28.27 21.18 18.28 15.92 14.06 14.90 10.32 1.48 -0.59 3.79 3.51 -6.74 29.88 24.43 29.30 31.02 28.79 36.70 26.13 31.11 30.13 28.50 29.95 39.24 41.34 40.89 41.20 39.37 43.20 29.62 32.31 36.98 28.41 24.58 22.31 15.96 19.03 10.45 11.39 8.56 10.40 2.95 -0.45 0.81 5.79 3.29 21.62 21.52 29.78 27.93 25.03 28.91 27.24 26.55 33.75 27.98 35.07 38.20 35.99 37.36 41.30 36.44 38.96 43.66 33.21 28.69 25.12 23.93 27.67 19.64 17.98 20.54 14.55 10.05 8.65 0.36 1.97 4.40 -0.22 -0.49 32.68 27.06 24.62 31.20 27.28 27.66 31.06 32.89 29.86 31.76 36.58 37.11 36.31 37.20 38.91 42.18 41.66 39.80 39.06 31.86 29.17 24.27 24.97 17.85 17.63 11.14 10.46 8.16 6.25 1.88 -3.59 0.28 3.79 3.98 28.17 27.69 27.78 29.85 28.50 28.91 26.14 29.61 28.05 30.55 35.40 36.55 28.76 36.05 43.66 40.82 35.87 29.16 34.51 24.69 21.26 18.04 25.20 26.08 15.62 12.43 9.92 7.94 -1.49 3.16 2.66 -2.35 3.96 -1.65 29.32 27.91 26.40 35.86 32.60 25.91 27.20 31.45 31.80 28.82 29.37 35.72 35.96 40.66 46.78 44.77 30.04 32.60 28.21 29.50 24.99 21.27 24.69 24.74 16.03 17.07 12.85 8.66 1.30 -3.35 -4.32 4.18 -3.69 -3.97 28.06 22.90 26.05 24.88 27.75 29.34 31.03 35.05 30.93 36.53 27.58 37.72 32.49 36.38 44.69 43.67 33.83 33.55 26.97 34.72 20.89 18.16 21.25 19.83 12.15 18.05 10.73 5.09 0.58 2.39 2.60 1.13 1.40 -1.56 28.51 28.68 26.38 27.26 31.74 33.61 28.41 31.64 30.09 26.05 33.16 39.02 31.91 43.21 49.71 39.93 34.39 38.85 33.52 31.08 27.01 23.21 14.08 17.63 19.80 14.84 7.98 2.29 1.61 -4.03 -3.78 1.64 5.97 0.57 26.92 21.92 28.12 32.97 30.57 26.32 36.05 31.62 35.52 31.97 36.17 38.61 28.52 39.82 46.52 42.42 30.23 35.19 28.68 31.92 28.87 22.76 24.85 26.24 17.57 12.54 10.78 6.63 2.28 -1.39 6.18 -1.95 -2.15 5.41 27.13 36.54 20.38 27.05 27.37 29.30 27.72 27.20 29.26 35.24 30.23 32.58 37.34 45.70 40.17 32.38 33.11 30.25 31.87 27.15 25.69 21.49 23.83 22.52 17.16 10.76 12.84 0.96 -3.73 2.64 4.88 -3.42 -5.74 0.44 27.83 25.97 26.28 29.11 33.08 29.35 26.78 32.07 40.99 37.05 32.06 41.18 37.41 44.58 36.89 41.17 31.53 38.27 31.47 26.40 21.49 20.42 19.41 22.45 8.26 13.94 12.02 1.66 -2.13 5.97 5.07 1.80 -2.63 2.12 29.40 34.65 28.00 19.86 28.56 32.99 29.47 33.45 33.52 31.58 38.54 27.36 38.74 44.69 38.12 33.75 38.47 30.04 31.30 23.20 23.81 18.13 19.03 16.56 17.60 6.33 4.69 5.00 0.20 2.89 1.08 2.74 1.04 2.32 22.29 30.36 23.23 27.92 34.93 27.99 31.60 29.58 31.33 30.18 29.97 34.77 37.21 46.41 42.36 48.76 37.82 31.97 34.46 32.51 16.56 26.05 23.05 15.83 16.64 13.01 3.02 1.85 1.98 4.09 0.91 0.60 -1.81 -1.22 23.51 25.34 29.63 23.85 33.98 31.96 29.83 24.44 35.90 35.43 36.11 42.17 29.08 52.45 48.30 36.26 38.39 39.25 28.23 26.00 22.36 20.59 22.02 8.80 13.67 12.02 7.50 -2.04 -4.41 -3.88 1.55 1.07 -3.40 -1.48 15.51 26.35 26.33 28.89 24.12 34.12 33.29 33.57 31.84 42.25 33.56 38.50 42.03 49.07 50.06 40.46 34.32 30.22 31.71 26.52 20.50 18.82 16.59 13.24 7.65 8.99 7.59 6.47 -1.83 6.70 -3.44 0.84 -2.01 -1.46 26.97 25.64 25.06 30.01 30.34 37.54 29.47 31.92 29.38 31.14 35.00 37.38 38.22 47.74 39.41 42.05 32.48 34.12 29.08 21.58 19.30 23.29 15.89 14.48 13.36 14.15 -2.09 4.43 3.24 -1.47 -2.59 -2.77 -0.60 2.21 22.37 12.65 24.53 21.51 28.68 29.05 30.97 36.19 41.15 30.16 29.29 36.51 39.31 47.16 38.74 39.01 34.17 39.22 24.86 20.30 18.24 19.66 20.20 15.01 14.13 8.57 -4.76 0.81 -1.38 -2.27 -4.52 4.95 -2.24 -2.18 21.72 29.56 19.69 31.66 24.37 31.90 38.09 34.78 31.07 38.75 30.89 43.46 41.31 39.01 39.66 28.90 36.36 34.42 22.99 22.58 22.92 19.11 19.69 12.62 12.50 8.05 1.66 -0.12 -4.12 1.18 -5.33 5.81 6.54 -1.14 22.76 21.31 25.68 28.91 28.39 33.56 38.23 31.62 38.38 37.72 38.19 47.28 45.03 50.42 35.88 40.40 30.45 31.36 31.66 24.83 19.35 12.06 15.76 16.78 8.31 4.77 -1.71 -1.51 3.25 -5.69 -2.47 -3.67 -0.72 2.69 25.24 30.14 24.66 27.66 24.68 37.74 31.41 30.27 32.01 35.58 43.96 45.95 43.35 50.04 50.07 34.46 29.81 27.49 19.86 29.48 25.36 23.23 18.32 10.80 9.12 4.44 2.19 -5.39 -4.70 -3.97 -1.95 -1.65 -2.00 1.65 24.45 25.65 18.74 28.21 25.06 27.33 30.43 28.80 33.65 33.99 42.11 39.90 39.25 44.10 41.71 33.94 39.37 27.31 31.49 29.37 17.67 16.32 17.15 11.45 10.39 6.32 -0.60 4.60 -3.07 -6.07 1.24 0.63 2.48 -2.82 23.95 26.95 27.90 27.09 27.32 35.48 34.69 26.01 34.58 30.93 45.24 41.31 45.15 40.10 39.04 38.67 27.99 27.03 24.46 25.13 20.96 17.78 9.35 9.63 10.68 4.16 -3.98 2.38 -0.39 1.47 -3.15 5.14 -4.07 4.13 19.63 27.73 28.52 24.79 24.62 33.51 31.16 30.10 34.98 37.07 36.41 40.00 46.57 38.77 41.39 38.05 28.23 28.73 23.89 22.72 20.56 14.71 13.55 8.77 6.39 -1.56 -5.20 -0.62 -2.89 1.30 4.32 -3.11 6.12 4.15 22.74 28.27 23.60 23.40 25.23 33.29 29.89 33.07 36.44 36.10 38.09 43.40 49.08 48.70 40.37 32.46 31.99 34.86 26.10 29.18 23.39 12.09 13.89 15.00 11.34 -0.96 -1.91 -2.58 -2.48 5.57 2.13 -0.45 1.08 3.81 22.22 31.13 28.85 28.26 31.26 25.23 38.16 32.90 39.23 33.38 41.81 36.56 41.53 42.89 36.97 34.53 43.07 28.48 29.41 20.34 29.22 20.14 11.76 12.94 10.54 -0.82 -0.00 1.15 1.12 -4.41 0.79 4.93 0.89 2.98 29.59 23.46 22.15 22.79 27.46 30.28 30.17 36.63 35.51 35.71 34.72 45.13 45.28 42.01 41.89 31.01 23.67 31.49 27.56 30.59 27.96 19.79 15.97 6.84 8.56 -5.61 3.09 1.30 -1.52 6.38 -2.27 6.70 1.25 -2.50 27.73 25.41 23.93 23.62 27.02 30.51 32.02 28.78 37.91 33.43 38.68 39.12 45.36 39.61 38.15 39.69 27.63 31.66 24.83 30.87 20.15 22.95 15.89 11.40 8.68 0.14 -2.11 4.59 5.15 -3.62 -4.01 3.24 -1.54 -1.27 28.22 25.66 22.46 31.99 24.89 30.61 30.30 29.63 44.89 39.94 41.58 44.15 47.01 40.34 43.15 36.94 34.23 24.98 25.00 27.05 33.45 27.27 22.97 10.65 9.30 0.34 -6.69 -1.72 -1.14 -1.53 0.18 1.86 1.23 3.25 22.66 20.49 26.71 27.37 25.82 30.61 32.42 30.79 38.07 33.05 41.46 41.06 47.09 50.10 38.96 34.38 25.89 37.44 27.55 25.47 28.69 32.51 19.59 21.41 -3.43 -3.27 1.51 4.25 4.76 1.37 0.85 -1.73 0.59 -0.37 29.39 20.80 27.75 25.39 31.26 27.14 35.07 35.79 36.32 36.12 42.21 43.21 51.36 35.87 45.03 34.69 33.46 23.99 30.58 26.07 26.44 21.77 23.22 21.37 14.88 1.98 -5.28 1.46 3.60 -3.17 -2.26 6.43 2.21 -1.97 25.19 14.09 20.30 23.83 28.64 31.39 31.02 36.60 29.87 44.07 38.12 41.10 45.33 42.58 36.32 34.98 28.45 35.29 25.83 29.81 17.53 17.22 21.70 24.88 15.80 -2.35 0.03 -0.23 0.31 3.25 -0.41 -1.44 -0.30 2.64 27.56 17.10 31.36 30.52 28.91 30.46 33.36 33.83 41.54 39.67 38.94 41.98 46.39 39.21 31.60 34.36 23.89 27.23 28.46 26.01 23.32 20.42 16.57 16.86 19.41 22.40 -0.22 0.38 -1.00 0.76 -6.15 2.26 -2.73 3.58 23.39 24.92 17.65 30.29 26.76 30.79 35.89 38.54 36.42 29.07 39.58 44.92 36.30 41.83 39.88 35.21 34.62 26.54 26.71 25.14 20.69 27.13 17.68 18.15 18.13 21.49 12.51 -5.34 3.52 -1.15 -2.08 -1.33 0.69 2.92 31.01 20.59 25.15 27.72 35.74 29.76 31.46 36.85 37.01 40.43 35.81 50.04 48.40 35.97 36.92 39.06 36.82 34.38 35.91 25.86 26.67 21.56 23.79 20.26 17.60 14.44 15.37 3.40 2.78 3.13 1.33 0.77 0.04 -2.12 27.47 26.42 22.53 22.55 31.18 29.12 25.12 31.78 36.37 40.45 35.96 44.98 42.29 41.16 38.71 33.31 35.15 25.96 31.63 27.87 21.38 14.92 19.56 18.97 20.81 17.58 8.58 8.02 -0.54 -0.11 -0.63 2.19 -1.07 1.49 21.79 24.95 25.21 24.78 31.27 36.86 30.82 34.54 30.78 45.44 41.68 40.99 45.43 43.13 42.70 30.56 37.41 31.20 24.14 27.61 29.92 17.95 22.05 15.26 21.90 8.84 5.16 12.02 5.96 1.52 -2.79 -6.49 -0.91 0.23 22.67 22.48 25.09 24.97 30.25 29.96 31.78 31.73 33.92 42.60 43.22 37.47 41.27 44.78 40.26 30.91 37.20 28.12 30.79 24.25 20.00 21.12 15.79 18.85 21.65 19.53 13.06 15.68 14.33 -2.18 -2.29 1.28 1.37 -0.79 24.59 24.73 27.36 22.58 31.85 30.37 27.92 27.03 34.59 34.26 40.26 42.61 48.36 44.32 33.39 28.22 25.76 32.20 24.62 22.37 25.75 19.38 14.88 15.89 14.89 18.67 16.75 11.60 8.92 9.49 2.41 3.07 1.98 4.60 22.57 21.88 28.10 31.21 25.07 32.88 28.94 32.15 24.83 37.02 41.10 41.09 33.35 40.77 40.85 33.25 33.87 29.90 29.72 19.98 27.01 21.63 19.15 16.60 11.24 16.96 17.13 12.70 11.93 13.54 -3.07 4.21 -4.30 -1.80 20.96 28.91 21.38 21.55 26.49 31.77 33.49 36.79 33.30 40.00 42.02 49.78 43.63 43.55 28.38 33.53 26.55 31.43 25.20 23.93 26.68 21.94 19.70 19.02 18.08 16.91 8.16 9.06 11.23 10.89 1.68 -0.87 1.01 5.57 28.59 26.47 22.69 15.14 21.89 32.25 32.36 40.48 38.78 39.41 39.65 49.22 45.36 38.64 34.35 29.85 26.84 33.74 21.47 26.04 24.18 23.76 22.45 15.68 13.03 13.85 16.59 4.31 8.61 10.51 -0.57 -2.66 5.39 0.81 21.70 17.23 23.43 30.49 28.55 28.08 32.76 34.93 41.58 43.31 46.25 43.49 46.07 37.48 33.85 37.76 31.59 20.19 28.19 22.48 23.27 24.72 20.18 15.28 13.76 13.32 8.72 11.48 6.23 -0.08 -0.22 0.18 3.84 -0.01 26.47 21.48 21.86 23.43 33.17 33.06 38.83 31.39 36.79 38.23 39.01 42.23 36.77 37.24 35.06 36.01 21.84 24.45 26.13 27.51 24.85 23.26 15.31 19.51 10.93 13.05 13.39 9.96 2.52 -0.78 1.56 -2.26 3.86 5.55 19.59 24.37 26.50 29.46 25.53 32.18 36.20 40.55 40.90 37.18 44.39 44.55 39.04 34.27 31.63 31.33 36.19 29.32 31.22 22.50 23.97 19.09 18.67 20.03 11.66 16.83 16.46 15.04 11.06 -1.93 -2.89 0.34 -1.84 2.87 23.19 22.49 22.68 23.38 36.39 33.94 33.24 34.91 41.51 39.34 43.52 44.75 39.49 37.45 32.26 36.29 22.54 26.98 26.19 23.21 15.27 18.84 18.89 11.76 17.48 11.43 14.77 4.56 9.12 -1.09 0.45 -3.26 -3.06 -0.45 29.39 23.21 18.12 27.68 26.12 32.36 37.92 35.15 40.41 30.08 43.24 39.39 43.68 39.28 29.29 34.67 28.10 25.37 17.43 25.29 18.68 22.01 15.58 14.50 13.69 16.08 9.21 6.49 5.59 2.37 -0.16 2.79 -3.57 4.68 25.24 19.90 23.81 26.84 22.65 25.92 29.71 41.37 43.71 34.75 39.31 48.42 46.35 30.42 29.34 35.73 28.88 23.06 27.81 26.42 23.37 23.08 17.25 10.44 10.66 11.61 8.20 8.91 4.90 4.81 0.48 0.02 0.39 -1.72 23.28 24.36 23.41 17.45 29.58 32.82 33.66 39.89 39.34 41.60 43.29 43.39 40.21 38.89 26.54 25.95 19.84 32.30 27.46 20.11 20.64 24.23 13.67 22.11 17.34 15.57 5.62 7.80 -1.75 5.30 -0.94 2.63 0.98 0.07 23.57 33.37 22.35 21.64 31.95 30.08 37.73 39.10 37.35 38.04 50.16 46.14 41.32 39.74 31.06 33.13 28.38 22.33 22.75 22.34 21.11 19.53 12.66 14.26 15.88 19.60 6.66 7.20 6.68 -1.70 2.63 2.20 2.21 -0.52 14.12 23.92 22.05 28.98 32.01 27.86 26.67 42.38 40.41 43.35 35.19 48.59 42.30 31.06 32.96 24.72 30.43 28.23 23.73 23.28 22.31 22.79 12.75 17.34 10.52 17.37 10.75 5.83 -5.39 -6.52 4.46 -0.61 -2.69 2.09 21.72 29.51 25.36 24.98 24.67 38.71 33.33 38.32 36.71 42.00 50.21 41.82 39.90 35.44 31.41 28.58 26.42 26.99 18.94 21.54 18.25 27.28 14.79 10.92 13.60 10.07 13.70 8.21 -4.93 -2.42 1.63 4.81 -2.21 -1.85 19.74 19.71 35.35 27.80 34.11 27.96 29.79 36.55 44.11 39.88 36.76 46.02 34.73 40.65 32.76 35.90 28.66 28.51 25.53 19.10 20.58 22.27 9.29 10.46 9.31 12.33 4.16 8.60 -0.25 0.61 -0.00 -2.25 -1.12 -2.39 25.76 22.80 21.85 25.40 32.17 35.63 30.04 38.70 34.74 40.70 40.29 41.01 36.88 29.81 29.84 30.20 28.55 25.68 17.77 22.22 17.14 14.40 9.26 16.82 10.07 9.31 8.70 8.86 0.11 -3.55 0.89 3.82 -4.77 -4.26 20.64 27.01 28.77 26.83 33.30 29.37 32.05 32.80 31.63 39.41 50.24 44.95 35.42 41.91 32.60 31.70 27.96 29.06 29.53 21.85 22.40 20.51 14.21 10.79 9.03 9.18 10.33 0.95 5.39 -0.83 -1.28 0.57 3.61 5.20 20.32 27.32 17.64 32.33 31.71 23.95 31.97 38.31 37.55 40.65 42.02 48.04 39.62 28.19 34.90 25.29 21.86 24.00 17.82 24.11 19.33 13.92 13.29 12.78 13.34 8.24 3.77 2.96 -2.29 0.97 -0.81 -3.36 -2.85 -1.10 18.15 28.48 28.14 29.16 25.07 31.53 40.55 32.52 42.92 47.94 36.78 47.38 40.73 30.86 34.19 23.35 27.41 23.09 19.33 21.97 20.13 19.64 8.64 15.79 17.80 2.52 2.20 -1.70 1.76 0.81 0.43 0.62 -1.28 -0.09 21.19 28.91 27.83 24.04 26.62 30.35 30.52 36.69 34.56 40.07 43.56 40.96 36.54 28.56 32.79 25.90 14.12 28.83 21.22 19.61 16.49 13.67 15.48 14.75 11.60 6.69 6.76 -1.05 -1.14 -2.34 -2.78 0.80 3.94 2.18 22.03 25.19 31.17 26.26 32.47 33.31 37.99 33.95 38.80 39.43 44.19 45.11 39.40 31.52 31.66 31.86 24.61 20.94 23.30 18.75 17.00 20.79 16.07 13.29 13.28 8.80 5.02 -1.03 -3.04 8.81 -3.48 -1.28 -2.71 2.10 27.36 24.54 23.79 30.17 27.35 30.87 40.96 32.23 39.04 43.08 52.53 43.68 41.72 41.37 31.50 28.66 21.27 19.16 22.16 13.92 19.81 15.05 14.32 11.89 11.44 11.63 11.63 -1.20 0.21 -1.26 -0.58 3.85 -1.82 4.53 30.15 24.50 22.67 26.99 30.26 29.89 34.62 33.51 33.53 40.68 43.42 40.06 36.14 33.16 35.38 26.40 32.08 12.89 17.95 24.56 16.54 15.80 16.61 12.49 11.85 7.42 6.79 2.57 1.32 -1.23 1.93 1.71 -1.84 -2.07 25.10 23.19 24.62 27.97 31.66 30.32 33.25 44.11 35.00 34.85 46.88 46.04 37.45 38.81 21.48 24.69 36.84 22.79 18.08 22.04 21.15 21.59 12.83 14.49 16.36 8.38 0.55 0.56 3.40 -1.27 4.78 -2.45 3.31 0.16 18.82 29.74 23.38 30.51 36.85 39.29 33.63 34.43 40.35 41.29 44.16 38.25 37.42 34.78 32.11 31.06 23.89 22.77 19.80 25.66 22.53 16.36 4.89 15.48 8.64 4.83 -2.09 0.71 -1.19 -3.22 -1.93 0.97 -1.81 -5.96 22.63 22.40 16.75 21.70 33.41 32.25 30.18 37.33 36.18 39.89 48.56 40.23 38.67 31.28 31.18 33.78 23.74 23.08 21.07 25.40 16.69 10.51 12.68 9.08 9.91 6.85 -1.10 0.85 -5.09 0.76 1.75 -1.79 2.48 -8.78 27.20 22.17 22.48 26.24 30.76 30.95 37.91 38.63 43.21 42.83 41.90 47.61 34.49 35.50 31.28 25.11 25.97 22.54 26.11 21.20 20.75 17.72 12.79 12.22 7.67 2.86 2.84 -0.28 -0.80 -1.53 -6.32 -1.04 2.57 0.09 20.88 26.93 25.68 26.81 28.32 31.22 37.78 32.99 36.36 41.59 50.48 45.60 36.67 35.44 33.14 29.20 26.28 18.85 26.46 17.39 16.11 13.55 18.44 15.01 13.81 0.33 0.17 1.88 -3.28 1.22 1.94 6.00 0.88 -0.42 24.52 22.96 23.18 23.89 26.92 28.16 33.00 43.86 49.60 46.50 45.34 43.25 34.30 28.46 32.67 33.90 23.45 26.80 25.33 18.31 12.98 13.35 20.04 10.95 4.32 9.04 -1.21 -0.05 -2.38 -0.02 -0.05 0.06 0.34 0.83 29.72 21.29 32.41 25.75 25.04 26.06 35.24 32.33 38.78 46.23 48.45 42.32 29.11 34.40 26.48 23.89 24.61 28.21 17.96 24.72 24.29 15.90 15.32 15.25 7.03 9.02 6.41 0.74 1.12 4.40 -1.49 3.48 -0.03 0.36 28.13 26.82 29.12 24.12 31.45 33.60 37.97 39.10 37.98 41.77 50.21 33.01 37.97 31.76 40.41 26.11 27.20 28.14 17.69 20.26 15.69 17.14 13.02 14.88 9.63 4.81 -4.69 1.92 0.27 3.94 2.53 -0.43 0.89 0.65 21.41 25.59 24.65 23.30 30.08 31.68 34.18 41.17 39.76 43.32 41.32 40.79 37.25 35.76 31.91 26.25 20.51 27.98 18.22 18.41 22.14 16.17 15.56 11.64 14.51 -0.35 -1.79 1.42 2.80 1.96 2.80 2.33 -1.43 -0.32 32.02 24.41 25.52 32.68 29.76 34.21 25.93 40.64 42.28 44.83 37.28 39.68 33.54 30.04 33.75 29.22 21.61 28.72 20.86 18.44 14.02 13.78 9.00 8.39 8.30 3.01 -3.24 3.38 1.01 -4.47 4.42 0.35 1.99 2.15 28.40 23.35 24.75 26.35 32.83 30.80 38.01 37.50 37.91 45.30 48.57 35.80 35.34 28.52 29.56 27.50 28.46 21.12 22.83 11.82 17.66 15.29 15.22 13.29 10.34 -4.77 -3.10 0.80 0.14 -1.42 9.19 -0.61 1.50 -4.18 18.14 26.49 27.10 24.60 25.24 37.31 38.14 38.95 36.47 45.57 39.27 37.97 32.84 30.34 30.50 21.50 29.60 24.61 19.24 19.92 17.55 9.24 12.06 11.98 4.67 1.20 0.22 0.29 -4.17 3.43 1.65 4.11 0.48 -2.64 19.20 23.94 24.71 30.09 32.25 29.27 30.55 33.46 38.10 39.67 41.34 38.91 32.96 33.77 34.22 25.19 21.63 22.82 15.88 16.69 18.32 16.84 8.90 7.78 9.10 -0.16 5.98 4.70 -0.85 -0.87 -0.98 -2.33 -2.27 -3.68 21.41 26.93 24.55 28.69 27.37 26.20 33.73 41.40 41.79 45.25 43.21 42.90 30.23 28.71 25.85 28.82 33.29 22.95 20.26 19.45 16.50 9.15 13.52 14.02 10.80 1.69 2.23 -0.83 -0.20 3.71 -2.61 4.54 3.89 -1.10 19.62 19.56 20.23 30.32 34.77 34.61 33.54 40.47 42.84 51.32 45.72 45.71 31.56 29.82 33.23 28.19 25.59 21.97 16.11 15.47 18.61 13.17 12.64 11.20 9.59 2.90 3.66 3.91 -4.75 3.11 6.21 -0.99 -4.02 -1.26 29.61 22.17 25.80 28.34 37.65 29.34 34.15 39.02 34.46 45.43 45.96 43.14 33.59 30.71 28.77 27.55 31.62 23.25 16.34 20.88 17.48 18.58 5.25 4.24 11.58 -2.26 -0.06 1.00 -4.45 -3.89 -3.13 3.94 -2.70 -4.24 19.79 23.15 23.16 31.00 29.31 31.95 31.60 37.95 44.92 46.27 36.94 32.98 33.46 30.07 24.67 27.42 22.21 26.93 20.36 11.36 15.15 14.76 8.83 5.96 4.32 -1.16 0.42 -0.65 0.68 -1.94 0.90 -1.73 -0.45 -2.30 24.03 28.62 23.01 35.58 33.11 31.37 33.91 32.66 47.04 46.27 44.19 37.03 32.73 28.62 32.18 25.88 27.28 25.23 22.15 15.34 14.96 12.14 11.32 7.07 -1.34 2.28 -4.25 -0.60 2.61 1.37 -4.94 2.75 0.36 3.45 23.88 26.04 21.69 26.36 34.03 29.78 41.21 35.99 33.54 45.60 32.85 32.13 32.65 33.66 23.85 23.88 27.52 17.01 17.68 15.12 12.37 13.38 11.94 8.57 1.36 1.03 0.62 -4.42 -3.70 -1.64 -1.66 -2.36 -2.17 -0.28 20.46 25.31 16.98 28.14 36.49 38.86 35.54 36.60 40.54 38.44 36.88 32.92 34.27 27.63 33.26 22.23 23.11 20.04 19.10 22.22 15.99 11.57 12.34 5.10 -3.01 -1.68 -0.47 2.28 -1.86 -2.26 -3.33 1.88 1.95 -2.86 29.55 23.97 22.63 31.09 31.43 36.02 29.60 38.54 42.62 40.09 39.06 32.25 31.49 27.86 27.59 28.95 22.71 24.83 21.14 8.92 19.29 14.80 4.03 6.99 2.21 -1.54 -2.60 -1.99 0.47 -0.69 1.40 -0.91 2.77 1.13 28.18 23.29 31.52 26.15 30.36 36.83 40.48 36.52 36.72 46.91 41.55 35.91 25.86 30.57 24.32 25.05 23.89 17.93 20.45 11.17 9.93 10.24 7.92 5.94 0.36 -5.95 0.96 -3.73 1.29 -3.58 -2.94 2.77 -3.83 -1.19 25.17 23.67 28.95 27.99 28.62 29.58 42.32 39.17 38.56 44.19 45.17 35.31 33.29 25.03 22.70 25.10 18.18 25.71 16.24 12.56 14.85 15.76 11.23 7.56 0.94 2.49 1.09 -1.71 -4.47 4.40 -1.62 1.66 0.33 1.99 25.89 20.91 26.23 29.81 30.38 38.44 29.19 37.17 36.02 40.48 40.32 44.32 31.87 30.74 32.51 21.78 24.45 22.74 24.18 22.54 9.50 14.28 11.74 -2.34 -2.01 1.97 -2.80 -3.23 -1.26 3.46 0.88 -0.41 -2.81 0.79 23.71 22.85 21.40 35.38 29.67 39.50 39.50 45.34 46.84 48.18 37.76 33.09 32.01 28.16 26.08 21.25 28.66 24.87 12.39 17.16 8.32 7.29 7.31 7.26 -5.24 3.56 4.42 4.42 1.55 0.10 3.11 -4.42 -0.84 0.13 23.12 25.55 23.10 28.48 34.29 32.58 40.28 47.88 45.84 52.61 36.87 40.18 40.50 26.93 32.39 23.25 19.60 21.28 14.91 18.00 10.99 7.02 4.59 3.63 3.89 -0.42 0.35 0.42 1.33 2.66 4.93 -3.36 0.04 -3.52 24.61 22.31 22.03 32.71 29.42 31.26 39.85 36.72 41.89 43.62 43.44 43.75 29.25 28.62 22.27 31.60 17.50 20.23 14.19 21.94 11.40 12.69 9.70 -0.67 -1.94 1.56 -0.36 -4.96 -3.80 -6.48 2.98 0.12 -0.87 -5.71 26.58 27.07 25.50 29.52 31.98 38.99 40.47 38.77 42.42 46.41 41.42 28.87 33.34 23.86 24.96 22.47 22.86 13.56 20.41 20.59 10.02 14.40 11.92 -0.05 -0.58 3.45 3.05 -0.75 -2.34 7.96 1.18 -2.81 -2.18 -0.31 23.28 22.79 27.01 32.64 27.78 35.16 36.56 41.46 37.03 51.04 35.31 34.10 27.95 23.84 24.60 25.36 18.67 27.89 16.72 19.47 7.09 10.30 9.30 -3.17 -0.49 -0.56 1.36 -2.94 -6.27 -3.53 2.58 0.68 -0.14 -1.25 21.86 28.34 21.20 27.34 31.32 35.75 35.85 40.96 41.57 40.70 36.82 27.70 28.67 29.00 24.11 19.83 22.67 16.31 11.02 14.50 21.43 1.51 6.80 -0.95 -0.63 0.70 1.62 1.04 1.77 4.28 1.59 -0.87 3.62 3.51 26.32 19.80 18.85 31.02 34.32 35.40 36.04 37.49 46.90 43.69 36.03 32.46 27.68 29.81 27.09 24.52 22.05 22.65 13.75 12.59 11.87 8.91 1.58 1.97 2.31 -4.73 6.14 1.97 -0.53 -4.27 -4.83 5.74 1.17 1.94 23.84 26.62 30.30 20.78 29.87 27.73 35.70 35.03 38.27 45.32 44.41 33.50 33.37 29.00 23.66 24.03 19.30 15.85 17.25 12.81 16.67 4.91 2.37 1.70 2.61 1.24 -4.27 0.73 1.10 2.13 3.96 -2.13 -4.78 0.75 25.31 25.25 26.06 29.01 30.61 31.13 24.63 37.52 52.31 41.31 32.84 32.88 36.70 28.39 29.11 22.59 25.66 23.23 16.02 14.54 10.99 9.07 12.41 -3.04 1.02 4.22 -4.55 -0.21 -5.32 0.19 1.36 -8.16 2.77 1.42 25.57 23.44 23.05 31.53 33.70 36.26 41.93 43.26 48.78 42.73 40.68 30.34 29.26 27.03 27.29 20.13 17.93 22.63 20.18 14.27 12.61 10.77 5.21 -2.02 2.90 2.58 0.08 4.03 -3.17 0.91 0.35 -1.66 -2.11 3.62 23.70 28.62 17.79 32.72 30.75 36.88 30.41 43.79 31.72 46.37 38.95 34.20 27.69 29.31 22.44 21.79 20.32 20.33 10.82 14.30 10.62 8.44 11.67 -1.80 -0.53 2.23 -1.95 1.88 0.02 0.10 2.62 0.45 2.02 1.90 27.61 24.26 25.69 28.95 30.82 28.44 31.45 42.41 34.51 40.24 33.62 32.95 32.34 25.39 16.17 26.91 22.83 21.54 13.10 10.52 13.27 6.37 -3.69 3.50 0.29 4.09 -2.39 -5.03 1.95 -5.19 -2.93 -1.47 -1.69 3.29 22.64 21.21 22.16 27.48 37.40 37.46 44.38 37.01 49.27 52.63 34.87 37.33 30.56 24.22 20.39 16.96 20.66 14.87 17.30 16.20 11.72 4.23 -2.17 -0.21 -6.37 -3.72 5.10 0.60 -1.03 0.51 2.24 -0.98 -3.56 1.04 24.30 21.48 26.41 28.12 35.36 32.63 40.94 46.09 49.88 46.01 43.53 30.78 35.85 27.22 21.20 19.57 16.33 16.72 19.38 11.02 10.27 10.54 0.82 4.85 0.20 -1.71 -0.17 -2.73 3.89 -0.27 4.70 -4.77 0.49 2.38 29.01 27.49 29.70 30.24 36.31 31.73 38.55 35.37 39.35 40.59 39.54 36.65 33.25 27.26 23.70 19.94 16.30 13.77 12.65 19.72 9.02 6.36 -0.14 3.46 1.27 -2.52 -2.22 1.83 -2.93 3.53 -2.27 -4.63 -0.16 0.42 31.59 24.04 26.78 33.01 33.41 39.40 39.29 34.17 46.01 42.10 34.14 30.92 29.63 35.04 25.18 24.32 22.70 19.32 14.47 13.51 11.21 10.80 -1.95 -2.02 -1.26 -0.21 -5.60 -4.11 3.68 2.31 -0.14 -1.80 4.06 3.77 23.13 27.02 23.93 28.05 29.31 32.79 31.67 34.15 42.52 36.98 38.58 28.56 28.03 26.33 21.49 20.48 17.06 20.51 15.13 9.08 12.04 8.48 1.27 3.75 -0.20 -1.27 1.82 3.79 -0.98 -1.27 -3.88 -0.63 -3.81 -0.29 30.37 23.69 25.98 31.06 33.95 37.51 43.65 40.72 46.19 40.63 36.25 32.20 33.06 26.90 16.09 23.34 24.26 17.76 11.14 6.15 8.00 4.19 3.29 2.52 -1.59 4.58 2.18 -2.31 -1.95 1.18 3.05 3.87 1.70 -0.82 26.54 20.01 15.63 29.49 41.15 38.10 33.54 32.74 40.24 37.73 40.50 30.91 32.70 32.13 30.85 13.41 22.18 13.47 14.92 14.07 12.92 10.32 -1.30 -2.73 -3.72 -0.18 -0.07 2.85 -3.57 3.21 -1.00 1.31 2.18 -2.45 25.29 25.20 29.04 32.19 34.62 30.39 32.93 46.81 44.01 39.27 35.81 37.65 32.08 31.33 17.26 28.83 19.25 14.85 14.03 7.94 11.94 8.96 3.91 -2.28 0.88 -4.30 2.67 0.48 3.01 -0.80 2.32 2.08 -0.00 0.45 24.25 21.83 32.77 29.70 31.52 32.14 35.76 38.47 44.79 36.94 42.06 30.63 30.05 27.55 18.03 18.44 18.39 15.03 11.59 10.27 11.07 6.88 -5.33 2.43 1.29 -1.75 -1.60 0.50 -0.41 -2.34 1.45 1.28 4.86 2.36 27.97 20.53 29.19 30.96 31.30 39.61 35.82 35.30 48.79 47.17 29.10 23.49 28.63 28.76 24.15 19.05 19.36 23.20 11.19 9.50 7.75 1.04 -2.31 -3.28 7.14 2.92 -1.71 -1.17 4.15 -1.34 -1.20 5.21 -1.85 -3.88 25.02 25.07 23.10 33.82 42.85 34.85 35.25 37.69 43.95 40.36 38.31 29.28 34.84 30.06 21.89 21.00 23.24 17.34 12.27 9.21 11.49 1.66 -2.56 -0.92 0.23 3.92 0.75 6.40 3.15 -0.10 3.65 0.86 -0.77 0.83 27.18 21.90 25.29 38.91 25.77 34.57 47.55 42.44 48.33 41.96 34.62 20.52 30.67 27.25 25.81 21.24 20.46 16.24 14.38 10.36 1.71 -5.84 -1.27 1.44 0.05 -0.15 -1.01 -2.02 0.43 4.03 1.88 3.52 -2.69 2.21 24.41 23.54 28.71 23.17 34.42 37.78 42.77 44.14 47.31 38.99 38.33 32.13 28.02 27.95 24.82 21.11 23.74 12.30 13.70 11.44 3.66 2.02 0.43 -5.57 6.14 0.70 2.73 7.52 0.20 0.19 0.76 -3.89 1.15 0.35 17.41 24.09 26.31 32.93 34.10 33.92 42.87 40.86 49.70 40.88 39.96 24.60 26.39 25.03 18.33 18.07 12.73 11.91 14.84 14.34 10.29 -0.03 -0.76 -0.18 0.71 0.10 -0.57 -0.83 0.69 2.69 -1.28 0.85 3.24 4.25 16.57 24.74 26.73 31.72 33.32 27.77 38.53 44.78 44.20 43.83 35.01 32.71 34.71 28.69 28.32 16.74 20.45 22.97 19.41 13.98 6.52 -2.47 0.52 2.60 2.21 4.05 -2.30 1.64 -5.48 -3.21 3.49 2.52 5.32 -0.34 22.70 29.25 30.45 23.95 31.75 31.33 41.53 41.28 47.01 43.03 33.39 36.74 25.42 23.11 20.34 19.36 14.80 17.77 18.96 10.96 5.16 3.88 -1.52 -0.25 -1.87 -1.05 -1.29 -1.13 0.52 -1.56 -2.01 -1.04 -0.60 2.84 25.80 16.52 18.89 28.26 25.97 32.93 38.63 45.64 49.13 38.32 30.58 28.02 26.08 23.13 20.61 21.09 17.65 16.50 14.43 7.65 13.13 3.84 0.24 4.85 6.02 2.97 -0.18 -1.47 5.16 0.73 1.01 -0.15 0.81 -2.83 27.68 23.64 27.20 34.31 31.39 31.36 38.15 42.85 47.02 35.03 29.48 26.71 27.53 25.50 25.97 20.24 16.18 12.42 19.64 2.58 8.70 -0.26 -2.99 2.74 0.53 1.18 -1.07 0.05 -3.44 -1.95 1.60 -1.28 0.16 3.28 28.16 26.97 30.10 22.95 32.64 35.66 39.54 43.87 37.22 46.98 29.61 29.21 25.98 23.95 26.42 23.93 17.96 17.15 12.21 15.00 10.22 1.64 -5.37 -3.64 2.65 -0.72 -2.45 -2.39 -1.75 -6.13 0.25 5.12 -2.54 -0.73 25.67 29.42 32.21 36.77 35.51 32.78 38.66 31.43 52.04 41.41 29.12 32.18 33.33 17.96 20.88 20.20 19.50 11.11 14.31 8.96 9.98 -0.02 4.65 1.20 -2.64 -3.32 0.74 0.19 2.13 0.62 -1.21 -7.43 -1.98 -0.32 26.15 27.77 24.96 25.82 35.31 29.35 35.51 34.83 39.99 31.95 33.93 32.76 28.71 27.74 24.27 17.51 14.67 14.13 11.16 8.04 6.13 -2.96 5.96 0.46 -0.67 1.05 -0.13 -1.21 2.38 4.01 1.69 -1.81 -0.93 3.95 22.66 23.15 33.28 31.39 25.92 35.05 36.08 34.86 42.46 37.63 28.55 34.54 26.95 21.51 19.14 18.88 16.53 18.32 14.98 12.96 3.46 -5.40 2.71 5.75 -1.57 4.32 -0.32 2.25 -0.95 -2.90 2.83 -0.68 -3.59 4.11 35.88 25.58 24.70 22.75 27.51 30.57 31.68 40.23 46.68 31.62 36.46 30.45 27.04 23.03 17.72 20.20 19.72 13.88 12.54 6.93 0.03 0.07 3.54 0.61 -0.89 -5.71 -3.65 1.32 -0.52 2.44 -0.65 -0.11 -0.06 -4.80 27.75 26.92 29.91 30.72 32.65 29.35 34.60 35.25 38.87 36.91 35.91 27.77 28.83 26.63 24.43 17.19 11.81 13.79 8.13 5.14 1.97 4.68 0.68 3.14 5.33 -0.37 0.90 -0.54 0.97 0.40 -0.44 2.33 3.81 -4.58 26.38 25.81 24.98 34.27 33.00 35.87 33.82 38.78 32.13 38.29 37.31 34.18 20.13 25.04 21.04 15.47 12.23 9.17 8.40 7.84 -2.28 1.87 -2.12 2.38 2.57 -1.84 0.37 4.29 -2.38 -0.49 2.97 2.55 -5.72 3.89 25.80 26.08 25.99 26.64 34.64 40.37 31.67 39.88 40.65 36.94 31.70 25.09 27.65 20.19 21.44 19.74 21.96 12.88 11.03 8.71 -1.42 1.10 -3.21 0.55 2.50 -0.53 1.14 1.44 -2.16 0.23 2.09 0.12 -1.84 -1.47 22.76 30.12 30.95 27.57 37.47 28.05 26.32 37.60 41.75 27.29 34.95 30.89 24.67 17.73 13.61 23.95 17.96 14.12 10.90 9.52 2.46 1.02 2.37 -0.59 -1.48 -0.65 2.41 4.88 1.63 2.87 -2.97 0.33 4.80 -6.74 26.22 28.17 28.10 29.82 27.24 33.72 34.30 34.33 45.09 45.26 34.91 30.72 24.72 17.06 13.93 14.17 20.49 17.00 11.45 2.01 3.46 5.07 0.59 1.38 5.74 0.57 1.45 4.03 5.95 1.28 -3.70 -0.93 0.09 0.63 29.00 32.33 27.58 31.08 24.35 35.79 32.98 38.17 42.51 33.95 31.65 22.83 25.16 19.79 16.62 2.28 13.90 17.58 9.95 4.67 -0.80 2.43 -0.30 3.22 -3.41 -2.06 -4.03 -0.42 -2.20 1.89 -3.89 4.28 4.46 -2.10 21.99 26.06 24.81 39.68 35.54 30.72 33.52 42.17 38.32 41.98 30.57 25.95 19.91 11.46 19.69 0.02 1.34 13.89 9.89 5.07 3.86 -0.34 0.57 -4.05 1.04 -3.39 1.32 -0.50 -7.71 -4.14 -3.50 -2.93 -2.04 -2.79 26.64 27.77 31.86 31.86 32.68 29.84 36.01 40.15 44.74 33.35 29.12 29.94 23.63 15.20 15.06 -5.26 0.65 0.22 7.25 9.77 0.69 -1.78 -1.04 2.60 5.76 -1.07 0.11 2.67 5.82 2.04 0.89 -4.45 0.00 5.23 17.86 29.35 31.50 33.99 29.44 34.89 42.41 43.48 44.67 38.37 29.36 22.90 24.50 20.17 13.04 -1.90 -3.53 1.12 10.38 6.89 4.15 0.14 -2.35 3.48 -2.18 -4.39 -0.92 3.70 1.05 -2.42 -1.97 5.41 2.51 -0.31 24.62 27.64 30.13 32.10 28.20 34.86 34.66 37.92 41.88 46.92 29.25 25.39 16.42 14.35 9.63 -3.73 1.69 9.07 -7.51 4.87 -2.33 0.56 -1.03 4.11 2.55 -1.68 -2.97 -1.38 0.46 5.55 -2.24 -1.66 3.09 0.24 23.62 27.10 34.27 34.63 23.71 32.40 35.13 42.97 38.85 38.93 26.28 27.99 26.94 15.20 9.15 7.05 -1.57 -0.82 2.99 3.51 -1.18 2.16 0.67 -4.49 0.10 -4.93 -4.28 -1.28 1.15 0.07 0.97 9.40 8.67 -0.47 23.03 29.87 27.79 31.00 35.64 31.14 31.17 40.12 39.85 39.40 23.17 29.28 24.28 17.38 9.38 6.00 0.22 -5.18 4.45 -1.54 -0.10 1.92 -4.87 3.13 -1.10 -0.41 -6.87 1.31 -0.65 -4.63 1.41 0.26 1.80 -4.01 27.17 27.44 28.85 31.67 30.76 38.99 31.45 44.29 42.40 40.72 23.48 27.24 19.95 18.65 3.53 1.81 -0.82 0.99 -2.35 0.29 -0.76 -3.43 -0.11 0.47 -0.27 -1.36 3.79 0.25 3.27 -2.06 4.30 -2.09 1.97 -1.60 29.57 23.90 28.34 32.11 31.96 26.46 30.20 46.16 40.76 33.09 28.32 27.64 17.06 11.09 12.13 -2.26 3.32 -2.37 1.01 4.91 -2.22 -3.58 -1.68 -2.10 5.50 1.51 0.75 0.99 0.75 1.69 -1.02 -2.33 6.35 -0.82 35.11 31.30 30.36 32.68 34.91 41.02 34.67 42.67 42.40 35.51 26.50 27.62 19.89 14.82 8.77 3.50 -4.10 2.08 0.47 0.78 1.18 -2.91 -2.69 -1.86 1.04 0.63 -1.81 -4.08 8.38 2.74 3.96 0.14 -4.37 5.18 26.39 26.66 30.22 28.83 33.14 36.04 37.80 39.09 38.54 29.58 29.73 20.06 21.13 13.10 5.45 -0.69 1.66 2.36 -2.02 0.92 2.78 6.66 -3.75 -1.33 1.21 9.11 3.52 -6.70 1.16 3.26 1.95 -5.28 -1.17 -3.05 25.98 25.06 29.97 39.49 27.16 32.38 35.18 39.03 43.68 32.74 30.37 18.98 14.93 14.64 11.10 2.45 -1.66 -2.13 -3.56 -2.05 1.29 -0.66 -2.60 -2.85 4.83 4.16 1.29 5.86 -2.32 0.64 -0.94 -3.39 -0.34 -2.19 23.72 28.95 29.04 33.06 29.86 33.24 35.15 44.04 45.20 37.32 27.38 24.56 22.32 16.73 4.74 2.68 -1.48 3.21 2.06 1.95 -1.15 2.60 1.66 -6.45 -1.11 -1.65 1.15 -2.99 -1.63 -0.92 2.03 -4.58 3.01 -0.86 23.89 31.59 29.14 34.17 33.47 30.49 36.25 48.28 37.70 31.03 25.95 26.69 20.00 18.33 5.64 4.61 -1.00 0.57 1.75 1.58 -1.67 -0.72 4.00 4.36 3.88 -3.78 3.28 5.78 0.49 -5.41 0.74 -2.33 -1.37 1.27 0.00 0.00 0.00 0.00 0.00 27.59 35.44 42.58 39.35 36.53 33.71 26.13 21.70 11.12 9.45 2.57 3.10 1.46 -0.64 0.05 -1.34 -0.33 -3.45 0.69 2.92 -3.23 -0.89 -3.03 -4.29 0.84 -0.44 0.74 7.20 0.80 0.00 0.00 0.00 0.00 0.00 0.00 0.00 47.03 37.00 39.95 22.73 19.89 18.66 12.10 9.97 2.95 0.66 0.76 1.10 2.17 4.20 1.09 1.25 -2.47 -3.24 0.36 8.64 -0.71 -4.10 -1.75 3.14 1.75 -2.73 -3.66 0.00 0.00 0.00 0.00 0.00 0.00 0.00 0.00 48.18 29.95 24.78 19.71 14.19 17.61 1.99 -2.17 -1.01 -0.47 -1.57 0.65 -2.76 -2.80 2.30 1.80 -0.73 3.57 2.36 -0.09 4.11 1.26 0.72 -6.31 0.43 1.21 0.00 0.00 0.00 0.00 0.00 0.00 0.00 0.00 0.00 0.00 28.24 19.16 19.35 9.69 10.99 1.58 -0.15 6.84 -0.96 0.99 1.20 1.32 -4.42 -1.39 -1.55 -2.93 2.06 -3.49 1.87 -2.03 0.55 1.80 1.20 1.20 0.00 0.00 0.00 0.00 0.00 0.00 0.00 0.00 0.00 0.00 0.00 24.20 24.95 13.91 -0.46 2.68 3.28 5.70 0.25 1.29 2.83 5.57 1.87 2.29 -0.05 2.38 5.18 3.37 0.74 0.92 -1.98 1.85 3.12 -1.66 0.00 0.00 0.00 0.00 0.00 0.00 0.00 0.00 0.00 0.00 0.00 0.00 15.43 9.04 -3.67 -1.22 -6.25 0.16 2.46 1.92 0.53 2.63 1.66 3.62 -6.21 0.60 2.11 4.87 1.27 2.27 2.18 -1.17 -2.01 1.48 0.00 0.00 0.00 0.00 0.00 0.00 0.00 0.00 0.00 0.00 0.00 0.00 0.00 10.01 -2.12 -4.47 -0.14 0.47 4.79 2.46 -4.30 -3.91 2.57 4.57 -3.22 5.78 0.88 -0.59 -1.71 -1.45 -0.33 -0.75 0.26 -0.59 0.00 0.00 0.00 0.00 0.00 0.00 0.00 0.00 0.00 0.00 0.00 0.00 0.00 0.00 -0.71 -0.48 -6.23 -4.35 1.55 -1.91 3.57 2.46 1.75 -5.24 -1.86 -0.74 0.97 3.37 -8.78 1.93 2.46 1.07 -0.78 0.72 0.00 0.00 0.00 0.00 0.00 0.00 0.00 0.00 0.00 0.00 0.00 0.00 0.00 0.00 -0.53 -2.75 1.66 -4.14 0.79 -2.36 2.12 -1.39 -0.02 -7.12 -3.23 -1.22 0.12 1.83 -2.86 -2.72 -0.26 -3.62 1.55 -3.70 0.00 0.00 0.00 0.00 0.00 0.00 0.00 0.00 0.00 0.00 0.00 0.00 0.00 0.00 0.00 -0.02 -2.70 -1.04 -4.15 -1.54 1.18 -3.10 -1.48 1.50 -1.68 -2.81 -4.91 4.85 5.62 -5.71 -1.47 0.48 1.99 2.54 0.00 0.00 0.00 0.00 0.00 0.00 0.00 0.00 0.00 0.00 0.00 0.00 0.00 0.00 0.00 0.00 -1.95 -0.24 -1.04 2.40 -1.31 -0.31 -2.36 2.03 2.33 -1.76 -1.12 0.27 2.51 0.13 4.59 -2.21 -3.33 2.39 0.00 0.00 0.00 0.00 0.00 0.00 0.00 0.00 0.00 0.00 0.00 0.00 0.00 0.00 0.00 0.00 0.00 2.24 -1.22 3.81 3.43 -6.37 0.39 2.11 -1.73 -3.80 -0.04 -1.81 -0.63 3.50 -1.46 4.96 1.97 -4.91 0.00 0.00 0.00 0.00 0.00 0.00 0.00 0.00 0.00 0.00 0.00 0.00 0.00 0.00 0.00 0.00 0.00 -2.82 3.33 2.40 0.29 -3.01 -1.35 -3.01 0.08 3.70 -1.37 -4.81 1.46 2.12 -1.64 2.64 2.31 -2.02 0.00 0.00 0.00 0.00 0.00 0.00 0.00 0.00 0.00 0.00 0.00 0.00 0.00 0.00 0.00 0.00 0.00 0.00 2.98 -0.23 -1.47 -0.26 -1.20 -2.60 -0.06 0.39 -2.57 1.67 5.05 -0.33 -0.88 -2.03 -1.95 6.79 0.00 0.00 0.00 0.00 0.00 0.00 0.00 0.00 0.00 0.00 0.00 0.00 0.00 0.00 0.00 0.00 0.00 0.00 3.27 -2.42 -0.40 0.87 1.73 -7.74 -1.27 3.25 4.79 0.22 -1.82 -0.63 4.10 0.66 2.90 0.79 0.00 0.00 0.00 0.00 0.00 0.00 0.00 0.00 0.00 0.00 0.00 0.00 0.00 0.00 0.00 0.00 0.00 0.00 0.00 -1.26 -0.19 4.66 3.25 5.44 2.43 -1.39 -2.84 -1.23 8.96 -0.76 -0.45 -4.35 -0.86 -2.58 0.00 0.00 0.00 0.00 0.00 0.00 0.00 0.00 0.00 0.00 0.00 0.00 0.00 0.00 0.00 0.00 0.00 0.00 0.00 0.00 -2.66 -2.43 4.41 -2.88 0.57 2.21 3.51 -1.36 -1.79 2.14 1.14 -1.39 -0.82 -0.40 0.00 0.00 0.00 0.00 0.00 0.00 0.00 0.00 0.00 0.00 0.00 0.00 0.00 0.00 0.00 0.00 0.00 0.00 0.00 0.00 4.22 -0.57 -1.91 -3.40 5.82 -1.80 -2.78 1.04 -2.18 2.32 -1.79 -1.78 0.14 -2.10 0.00 0.00 0.00 0.00 0.00 0.00 0.00 0.00 0.00 0.00 0.00 0.00 0.00 0.00 0.00 0.00 0.00 0.00 0.00 0.00 0.00 -2.02 0.84 3.56 4.66 1.59 1.16 6.93 6.23 -1.79 2.15 -2.78 0.73 -3.63 0.00 0.00 0.00 0.00 0.00 0.00 0.00 0.00 0.00 0.00 0.00 0.00 0.00 0.00 0.00 0.00 0.00 0.00 0.00 0.00 0.00 2.92 0.40 -5.98 -4.14 -0.13 -3.27 -2.21 -1.57 -1.07 -0.71 0.33 0.89 -5.35 0.00 0.00 0.00 0.00 0.00 0.00 0.00 0.00 0.00 0.00 0.00 0.00 0.00 0.00 0.00 0.00 0.00 0.00 0.00 0.00 0.00 0.00 -1.64 -0.72 3.16 -6.60 1.49 -0.19 -5.92 -0.09 0.40 -2.38 -3.11 2.53 0.00 0.00 0.00 0.00 0.00 0.00 0.00 0.00 0.00 0.00 0.00 0.00 0.00 0.00 0.00 0.00 0.00 0.00 0.00 0.00 0.00 0.00 1.75 -3.56 -1.04 -2.33 -1.17 2.34 -3.55 -1.61 1.46 0.64 -2.07 0.69 0.00 0.00 0.00 0.00 0.00 0.00 0.00 0.00 0.00 0.00 0.00 0.00 0.00 0.00 0.00 0.00 0.00 0.00 0.00 0.00 0.00 0.00 0.00 -0.08 -1.75 7.48 0.49 3.33 1.18 -1.20 3.50 -1.08 4.05 -0.56 0.00 0.00 0.00 0.00 0.00 0.00 0.00 0.00 0.00 0.00 0.00 0.00 0.00 0.00 0.00 0.00 0.00 0.00 0.00 0.00 0.00 0.00 0.00 -4.89 0.41 4.35 0.67 -0.42 1.27 0.69 -0.02 -2.10 -2.60 -2.51 0.00 0.00 0.00 0.00 0.00 0.00 0.00 0.00 0.00 0.00 0.00 0.00 0.00 0.00 0.00 0.00 0.00 0.00 0.00 0.00 0.00 0.00 0.00 0.00 -0.61 1.53 3.41 -0.51 3.13 3.18 1.86 1.29 2.60 -2.10 0.00 0.00 0.00 0.00 0.00 0.00 0.00 0.00 0.00 0.00 0.00 0.00 0.00 0.00 0.00 0.00 0.00 0.00 0.00 0.00 0.00 0.00 0.00 0.00 -2.19 4.37 -0.78 1.62 4.38 3.31 0.13 1.48 -0.04 -2.18 0.00 0.00 0.00 0.00 0.00 0.00 0.00 0.00 0.00 0.00 0.00 0.00 0.00 0.00 0.00 0.00 0.00 0.00 0.00 0.00 0.00 0.00 0.00 0.00 3.31 -7.97 0.32 -0.71 0.49 -2.60 0.98 4.48 -0.03 2.33 0.00 0.00 0.00 0.00 0.00 0.00 0.00 0.00 0.00 0.00 0.00 0.00 0.00 0.00 0.00 0.00 0.00 0.00 0.00 0.00 0.00 0.00 0.00 0.00 0.00 1.57 -0.06 -0.41 2.46 -0.86 -1.02 1.32 -4.81 -2.51 0.00 0.00 0.00 0.00 0.00 0.00 0.00 0.00 0.00 0.00 0.00 0.00 0.00 0.00 0.00 0.00 0.00 0.00 0.00 0.00 0.00 0.00 0.00 0.00 0.00 -3.63 -1.73 -2.69 4.60 -7.47 -5.11 -2.63 2.25 -1.15 0.00 0.00 0.00 0.00 0.00 0.00 0.00 0.00 0.00 0.00 0.00 0.00 0.00 0.00 0.00 0.00 0.00 0.00 0.00 0.00 0.00 0.00 0.00 0.00 0.00 0.00 -0.40 1.23 0.52 0.26 -0.97 -1.99 1.18 -1.68 0.00 0.00 0.00 0.00 0.00 0.00 0.00 0.00 0.00 0.00 0.00 0.00 0.00 0.00 0.00 0.00 0.00 0.00 0.00 0.00 0.00 0.00 0.00 0.00 0.00 0.00 -2.30 -2.69 -0.78 -3.21 1.73 -1.42 -3.00 -5.32 0.00 0.00 0.00 0.00 0.00 0.00 0.00 0.00 0.00 0.00 0.00 0.00 0.00 0.00 0.00 0.00 0.00 0.00 0.00 0.00 0.00 0.00 0.00 0.00 0.00 0.00 2.19 2.71 -3.73 -0.66 3.82 -2.85 -1.48 3.48 0.00 0.00 0.00 0.00 0.00 0.00 0.00 0.00 0.00 0.00 0.00 0.00 0.00 0.00 0.00 0.00 0.00 0.00 0.00 0.00 0.00 0.00 0.00 0.00 0.00 0.00 0.00 -2.24 1.78 -3.40 3.65 -3.17 -1.10 -4.93 0.00 0.00 0.00 0.00 0.00 0.00 0.00 0.00 0.00 0.00 0.00 0.00 0.00 0.00 0.00 0.00 0.00 0.00 0.00 0.00 0.00 0.00 0.00 0.00 0.00 0.00 0.00 6.04 -0.44 -2.19 0.41 -7.11 0.65 -4.02 0.00 0.00 0.00 0.00 0.00 0.00 0.00 0.00 0.00 0.00 0.00 0.00 0.00 0.00 0.00 0.00 0.00 0.00 0.00 0.00 0.00 0.00 0.00 0.00 0.00 0.00 0.00 3.90 0.86 -3.94 0.08 -0.54 -0.59 3.72 0.00 0.00 0.00 0.00 0.00 0.00 0.00 0.00 0.00 0.00 0.00 0.00 0.00 0.00 0.00 0.00 0.00 0.00 0.00 0.00 0.00 0.00 0.00 0.00 0.00 0.00 0.00 0.00 3.08 -1.52 3.51 1.68 4.82 0.82 0.00 0.00 0.00 0.00 0.00 0.00 0.00 0.00 0.00 0.00 0.00 0.00 0.00 0.00 0.00 0.00 0.00 0.00 0.00 0.00 0.00 0.00 0.00 0.00 0.00 0.00 0.00 0.00 -6.12 -0.29 0.99 -7.38 1.02 -1.26 0.00 0.00 0.00 0.00 0.00 0.00 0.00 0.00 0.00 0.00 0.00 0.00 0.00 0.00 0.00 0.00 0.00 0.00 0.00 0.00 0.00 0.00 0.00 0.00 0.00 0.00 0.00 0.00 -0.73 -6.34 -3.02 -1.83 8.15 -0.53 0.00 0.00 0.00 0.00 0.00 0.00 0.00 0.00 0.00 0.00 0.00 0.00 0.00 0.00 0.00 0.00 0.00 0.00 0.00 0.00 0.00 0.00 0.00 0.00 0.00 0.00 0.00 0.00 0.00 1.63 -1.82 -1.05 0.38 -1.29 0.00 0.00 0.00 0.00 0.00 0.00 0.00 0.00 0.00 0.00 0.00 0.00 0.00 0.00 0.00 0.00 0.00 0.00 0.00 0.00 0.00 0.00 0.00 0.00 0.00 0.00 0.00 0.00 0.00 3.98 -0.01 -0.41 2.96 -0.07 0.00 0.00 0.00 0.00 0.00 0.00 0.00 0.00 0.00 0.00 0.00 0.00 0.00 0.00 0.00 0.00 0.00 0.00 0.00 0.00 0.00 0.00 0.00 0.00 0.00 0.00 0.00 0.00 0.00 0.32 2.65 -3.08 -0.19 -0.73 0.00 0.00 0.00 0.00 0.00 0.00 0.00 0.00 0.00 0.00 0.00 0.00 0.00 0.00 0.00 0.00 0.00 0.00 0.00 0.00 0.00 0.00 0.00 0.00 0.00 0.00 0.00 0.00 0.00 0.00 0.49 -1.91 5.52 0.63 0.00 0.00 0.00 0.00 0.00 0.00 0.00 0.00 0.00 0.00 0.00 0.00 0.00 0.00 0.00 0.00 0.00 0.00 0.00 0.00 0.00 0.00 0.00 0.00 0.00 0.00 0.00 0.00 0.00 0.00 1.72 0.18 0.33 4.16 0.00 0.00 0.00 0.00 0.00 0.00 0.00 0.00 0.00 0.00 0.00 0.00 0.00 0.00 0.00 0.00 0.00 0.00 0.00 0.00 0.00 0.00 0.00 0.00 0.00 0.00 0.00 0.00 0.00 0.00 0.44 6.90 0.87 -3.43 0.00 0.00 0.00 0.00 0.00 0.00 0.00 0.00 0.00 0.00 0.00 0.00 0.00 0.00 0.00 0.00 0.00 0.00 0.00 0.00 0.00 0.00 0.00 0.00 0.00 0.00 0.00 0.00 0.00 0.00 0.00 -1.66 -2.31 -2.38 0.00 0.00 0.00 0.00 0.00 0.00 0.00 0.00 0.00 0.00 0.00 0.00 0.00 0.00 0.00 0.00 0.00 0.00 0.00 0.00 0.00 0.00 0.00 0.00 0.00 0.00 0.00 0.00 0.00 0.00 0.00 -0.56 -1.04 1.84 0.00 0.00 0.00 0.00 0.00 0.00 0.00 0.00 0.00 0.00 0.00 0.00 0.00 0.00 0.00 0.00 0.00 0.00 0.00 0.00 0.00 0.00 0.00 0.00 0.00 0.00 0.00 0.00 0.00 0.00 0.00 -2.15 0.40 0.01 0.00 0.00 0.00 0.00 0.00 0.00 0.00 0.00 0.00 0.00 0.00 0.00 0.00 0.00 0.00 0.00 0.00 0.00 0.00 0.00 0.00 0.00 0.00 0.00 0.00 0.00 0.00 0.00 0.00 0.00 0.00 0.00 -0.38 1.65 0.00 0.00 0.00 0.00 0.00 0.00 0.00 0.00 0.00 0.00 0.00 0.00 0.00 0.00 0.00 0.00 0.00 0.00 0.00 0.00 0.00 0.00 0.00 0.00 0.00 0.00 0.00 0.00 0.00 0.00 0.00 0.00 2.86 -0.02 0.00 0.00 0.00 0.00 0.00 0.00 0.00 0.00 0.00 0.00 0.00 0.00 0.00 0.00 0.00 0.00 0.00 0.00 0.00 0.00 0.00 0.00 0.00 0.00 0.00 0.00 0.00 0.00 0.00 0.00 0.00 0.00 -2.56 2.71 0.00 0.00 0.00 0.00 0.00 0.00 0.00 0.00 0.00 0.00 0.00 0.00 0.00 0.00 0.00 0.00 0.00 0.00 0.00 0.00 0.00 0.00 0.00 0.00 0.00 0.00 0.00 0.00 0.00 0.00 0.00 0.00 -1.16 2.49 0.00 0.00 0.00 0.00 0.00 0.00 0.00 0.00 0.00 0.00 0.00 0.00 0.00 0.00 0.00 0.00 0.00 0.00 0.00 0.00 0.00 0.00 0.00 0.00 0.00 0.00 0.00 0.00 0.00 0.00 0.00 0.00 0.00 -6.89 0.00 0.00 0.00 0.00 0.00 0.00 0.00 0.00 0.00 0.00 0.00 0.00 0.00 0.00 0.00 0.00 0.00 0.00 0.00 0.00 0.00 0.00 0.00 0.00 0.00 0.00 0.00 0.00 0.00 0.00 0.00 0.00 0.00 0.88 0.00 0.00 0.00 0.00 0.00 0.00 0.00 0.00 0.00 0.00 0.00 0.00 0.00 0.00 0.00 0.00 0.00 0.00 0.00 0.00 0.00 0.00 0.00 0.00 0.00 0.00 0.00 0.00 0.00 0.00 0.00 0.00 0.00 -2.01 0.00 0.00 0.00 0.00 0.00 0.00 0.00 0.00 0.00 0.00 0.00 0.00 0.00 0.00 0.00 0.00 0.00 0.00 0.00 0.00 0.00 0.00 0.00 0.00 0.00 0.00 0.00 0.00 0.00 0.00 0.00 0.00 0.00 1.53 0.00 0.00 0.00 0.00 0.00 0.00 0.00 0.00 0.00 0.00 0.00 0.00 0.00 0.00 0.00 0.00 0.00 0.00 0.00 0.00 0.00 0.00 0.00 0.00 0.00 0.00 0.00 0.00 0.00 0.00 0.00 0.00 0.00 0.00 0.00 0.00 0.00 0.00 0.00 0.00 0.00 0.00 0.00 0.00 0.00 0.00 0.00 0.00 0.00 0.00 0.00 0.00 0.00 0.00 0.00 0.00 0.00 0.00 0.00 0.00 0.00 0.00 0.00 0.00 0.00 0.00 0.00 0.00 0.00 0.00 0.00 0.00 0.00 0.00 0.00 0.00 0.00 0.00 0.00 0.00 0.00 0.00 0.00 0.00 0.00 0.00 0.00 0.00 0.00 0.00 0.00 0.00 0.00 0.00 0.00 0.00 0.00 0.00 0.00 0.00 0.00 0.00 0.00 0.00 0.00 0.00 0.00 0.00 0.00 0.00 0.00 0.00 0.00 0.00 0.00 0.00 0.00 0.00 0.00 0.00 0.00 0.00 0.00 0.00 0.00 0.00 0.00 0.00 0.00 0.00 0.00 0.00 0.00 0.00 0.00 0.00 0.00 0.00 0.00 0.00 0.00 0.00 0.00 0.00 0.00 0.00 0.00 0.00 0.00 0.00 0.00 0.00 0.00 0.00 0.00 0.00 0.00 0.00 0.00 0.00 0.00 0.00 0.00 0.00 0.00 0.00 0.00 0.00 0.00 0.00 0.00 0.00 0.00 0.00 0.00 0.00 0.00 0.00 0.00 0.00 0.00 0.00 0.00 0.00 0.00 0.00 0.00 0.00 0.00 0.00 0.00 0.00 0.00 0.00 0.00 0.00 0.00 0.00 0.00 0.00 0.00 0.00 0.00 0.00 0.00 0.00 0.00 0.00 0.00 0.00 0.00 0.00 0.00 0.00 0.00 0.00 0.00 0.00 0.00 0.00 0.00 0.00 0.00 0.00 0.00 0.00 0.00 0.00 0.00 0.00 0.00 0.00 0.00 0.00 0.00 0.00 0.00 0.00 0.00 0.00 0.00 0.00 0.00 0.00 0.00 0.00 0.00 0.00 0.00 0.00 0.00 0.00 0.00 0.00 0.00 0.00 0.00 0.00 0.00 0.00 0.00 0.00 0.00 0.00 0.00 0.00 0.00 0.00 0.00 0.00 0.00 0.00 0.00 0.00 0.00 0.00 0.00 0.00 0.00 0.00 0.00 0.00 0.00 0.00 0.00 0.00 0.00 0.00 0.00 0.00 0.00 0.00 0.00 0.00 0.00 0.00 0.00 0.00 0.00 0.00 0.00 0.00 0.00 0.00 0.00 0.00 0.00 0.00 0.00 0.00 0.00 0.00 0.00 0.00 0.00 0.00 0.00 0.00 0.00 0.00 0.00 0.00 0.00 0.00 0.00 0.00 0.00 0.00 0.00 0.00 0.00 0.00 0.00 0.00 0.00 0.00 0.00 0.00 0.00 0.00 0.00 0.00 0.00 0.00 0.00 0.00 0.00 0.00 0.00 0.00 0.00 0.00 0.00 0.00 0.00 0.00 0.00 0.00 0.00 0.00 0.00 0.00 0.00 0.00 0.00 0.00 0.00 0.00 0.00 0.00 0.00 0.00 0.00 0.00 0.00 0.00 0.00 0.00 0.00 0.00 0.00 0.00 0.00 0.00 0.00 0.00 0.00 0.00 0.00 0.00 0.00 0.00 0.00 0.00 0.00 0.00 0.00 0.00 0.00 0.00 0.00 0.00 0.00 0.00 0.00 0.00 0.00 0.00 0.00 0.00 0.00 0.00 0.00 0.00 0.00 0.00 0.00 0.00 0.00 0.00 0.00 0.00 0.00 0.00 0.00 0.00 0.00 0.00 0.00 0.00 0.00 0.00 0.00 0.00 0.00 0.00 0.00 0.00 0.00 0.00 0.00 0.00 0.00 0.00 0.00 0.00 0.00 0.00 0.00 0.00 0.00 0.00 0.00 0.00 0.00 0.00 0.00 0.00 0.00 0.00 0.00 0.00 0.00 0.00 0.00 0.00 0.00 0.00 0.00 0.00 0.00 0.00 0.00 0.00 0.00 0.00 0.00 0.00 0.00 0.00 0.00 0.00 0.00 0.00 0.00 0.00 0.00 0.00 0.00 0.00 0.00 0.00 0.00 0.00 0.00 0.00 0.00 0.00 0.00 0.00 0.00 0.00 0.00 0.00 0.00 0.00 0.00 0.00 0.00 0.00 0.00 0.00 0.00 0.00 0.00 0.00 0.00 0.00 0.00 0.00 0.00 0.00 0.00 0.00 0.00 0.00 0.00 0.00 0.00 0.00 0.00 0.00 0.00 0.00 0.00 0.00 0.00 0.00 0.00 0.00 0.00 0.00 0.00 0.00
rain_type.data=0 0 0 0 0 0 0 0 0 0 0 0 0 0 0 0 0 0 0 0 0 0 0 0 0 0 0 0 0 0 0 0 0 0 1 1 1 1 1 0 0 0 0 0 0 0 0 0 0 0 0 0 0 0 0 0 0 0 0 0 0 0 0 0 0 0 0 0 1 1 1 1 1 1 1 1 1 1 0 0 0 0 0 0 0 0 0 0 0 0 0 0 0 0 0 0 0 0 0 0 0 0 1 1 1 1 1 1 1 1 1 1 1 1 0 0 0 0 0 0 0 0 0 0 0 0 0 0 0 0 0 0 0 0 0 0 1 1 1 1 1 1 1 1 1 1 1 1 1 1 1 0 0 0 0 0 0 0 0 0 0 0 0 0 0 0 0 0 0 0 1 1 1 1 1 1 1 1 1 1 1 1 1 1 1 1 1 0 0 0 0 0 0 0 0 0 0 0 0 0 0 0 0 0 1 1 1 1 1 1 1 1 1 1 1 1 1 1 1 1 1 1 0 0 0 0 0 0 0 0 0 0 0 0 0 0 0 0 1 1 1 1 1 1 1 1 1 1 1 1 1 1 1 1 1 1 1 1 0 0 0 0 0 0 0 0 0 0 0 0 0 0 1 1 1 1 1 1 1 1 1 1 1 1 1 1 1 1 1 1 1 1 1 0 0 0 0 0 0 0 0 0 0 0 0 0 1 1 1 1 1 1 1 1 1 1 1 1 1 1 1 1 1 1 1 1 1 1 0 0 0 0 0 0 0 0 0 0 0 0 1 1 1 1 1 1 1 1 1 1 1 1 1 1 1 1 1 1 1 1 1 1 1 1 0 0 0 0 0 0 0 0 0 0 1 1 1 1 1 1 1 1 1 1 1 1 1 1 1 1 1 1 1 1 1 1 1 1 1 0 0 0 0 0 0 0 0 0 1 1 1 1 1 1 1 1 1 1 1 1 1 1 1 1 1 1 1 1 1 1 1 1 1 1 0 0 0 0 0 0 0 0 1 1 1 1 1 1 1 1 1 1 1 1 1 1 1 1 1 1 1 1 1 1 1 1 1 1 1 0 0 0 0 0 0 0 1 1 1 1 1 1 1 1 1 1 1 1 1 1 1 1 1 1 1 1 1 1 1 1 1 1 1 1 0 0 0 0 0 0 1 1 1 1 1 1 1 1 1 1 1 1 1 1 1 1 1 1 1 1 1 1 1 1 1 1 1 1 1 0 0 0 0 0 1 1 1 1 1 1 1 1 1 1 1 1 1 1 1 1 1 1 1 1 1 1 1 1 1 1 1 1 1 0 0 0 0 0 1 1 1 1 1 1 1 1 1 1 1 1 1 1 1 1 1 1 1 1 1 1 1 1 1 1 1 1 1 1 0 0 0 0 1 1 1 1 1 1 1 1 1 1 1 1 1 1 1 1 1 1 1 1 1 1 1 1 1 1 1 1 1 1 1 0 0 0 1 1 1 1 1 1 1 1 1 1 1 1 1 1 1 1 1 1 1 1 1 1 1 1 1 1 1 1 1 1 1 1 0 0 1 1 1 1 1 1 1 1 1 1 1 1 1 1 1 1 1 1 1 1 1 1 1 1 1 1 1 1 1 1 1 1 1 0 1 1 1 1 1 1 1 1 1 1 1 1 1 1 1 1 1 1 1 1 1 1 1 1 1 1 1 1 1 1 1 1 1 0 1 1 1 1 1 1 1 1 1 1 1 1 1 1 1 1 1 1 1 1 1 1 1 1 1 1 1 1 1 1 1 1 1 1 1 1 1 1 1 1 1 1 1 1 1 1 1 1 1 1 1 1 1 1 1 1 1 1 1 1 1 1 1 1 1 1 1 1 1 1 1 1 1 1 1 1 1 1 1 1 1 1 1 1 1 1 1 1 1 1 1 1 1 1 1 1 1 1 1 1 1 1 1 1 1 1 1 1 1 1 1 1 1 1 1 1 1 1 1 1 1 1 1 1 1 1 1 1 1 1 1 1 1 1 1 1 1 1 1 1 1 1 1 1 1 1 1 1 1 1 1 1 1 1 1 1 1 1 1 1 1 1 1 1 1 1 1 1 1 1 1 1 1 1 1 1 1 1 1 1 1 1 1 1 1 1 1 1 1 1 1 1 1 1 1 1 1 1 1 1 1 1 1 1 1 1 1 1 1 1 1 1 1 1 1 1 1 1 1 1 1 1 1 1 1 1 1 1 1 1 1 1 1 1 1 1 1 1 1 1 1 1 1 1 1 1 1 1 1 1 1 1 1 1 1 1 1 1 1 1 1 1 1 1 1 1 1 1 1 1 1 1 1 1 1 1 1 1 1 1 1 1 1 1 1 1 1 1 1 1 1 1 1 1 1 1 1 1 1 1 1 1 1 1 1 1 1 1 1 1 1 1 1 1 1 1 1 1 1 1 1 1 1 1 1 1 1 1 1 1 1 1 1 1 1 1 1 1 1 1 1 1 1 1 1 1 1 1 1 1 1 1 1 1 1 1 1 1 1 1 1 1 1 1 1 1 1 1 1 1 1 1 1 1 1 1 1 1 1 1 1 1 1 1 1 1 1 1 1 1 1 1 1 1 1 1 1 1 1 1 1 1 1 1 1 1 1 1 1 1 1 1 1 1 1 1 1 1 1 1 1 1 1 1 1 1 1 1 1 1 1 1 1 1 1 1 1 1 1 1 1 1 1 1 1 1 1 1 1 1 1 1 1 1 1 1 1 1 1 1 1 1 1 1 1 1 1 1 1 1 1 1 1 1 1 1 1 1 1 1 1 1 1 1 1 1 1 1 1 1 1 1 1 1 1 1 1 1 1 1 1 1 1 1 1 1 1 1 1 1 1 1 1 1 1 1 1 1 1 1 1 1 1 1 1 1 1 1 1 1 1 1 1 1 1 1 1 1 1 1 1 1 1 1 1 1 1 1 1 1 1 1 1 1 1 1 1 1 1 1 1 1 1 1 1 1 1 1 1 1 1 1 1 1 1 1 1 1 1 1 1 1 1 1 1 1 1 1 1 1 1 1 1 1 1 1 1 1 1 1 1 1 1 1 1 1 1 1 1 1 1 1 1 1 1 1 1 1 1 1 1 1 1 1 1 1 1 1 1 1 1 1 1 1 1 1 1 1 1 1 1 1 1 1 1 1 1 1 1 1 1 1 1 1 1 1 1 1 1 1 1 1 1 1 1 1 1 1 1 1 1 1 1 1 1 1 1 1 1 1 1 1 1 1 1 1 1 1 1 1 1 1 1 1 1 1 1 1 1 1 1 1 1 1 1 1 1 1 1 1 1 1 1 1 1 1 1 1 1 1 1 1 1 1 1 1 1 1 1 1 1 1 1 1 1 1 1 1 1 1 1 1 1 1 1 1 1 1 1 1 1 1 1 1 1 1 1 1 1 1 1 1 1 1 1 1 1 1 1 1 1 1 1 1 1 1 1 1 1 1 1 1 1 1 1 1 1 1 1 1 1 1 1 1 1 1 1 1 1 1 1 1 1 1 1 1 1 1 1 1 1 1 1 1 1 1 1 1 1 1 1 1 1 1 1 1 1 1 1 1 1 1 1 1 1 1 1 1 1 1 1 1 1 1 1 1 1 1 1 1 1 1 1 1 1 1 1 1 1 1 1 1 1 1 1 1 1 1 1 1 1 1 1 1 1 1 1 1 1 1 1 1 1 1 1 1 1 1 1 1 1 1 1 1 1 1 1 1 1 1 1 1 1 1 1 1 1 1 1 1 1 1 1 1 1 1 1 1 1 1 1 1 1 1 1 1 1 1 1 1 1 1 1 1 1 1 1 1 1 1 1 1 1 1 1 1 1 1 1 1 1 1 1 1 1 1 1 1 1 1 1 1 1 1 1 1 1 1 1 1 1 1 1 1 1 1 1 1 1 1 1 1 1 1 1 1 1 1 1 1 1 1 1 1 1 1 1 1 1 1 1 1 1 1 1 1 1 1 1 1 1 1 1 1 1 1 1 1 1 1 1 1 1 1 1 1 1 1 1 1 1 1 1 1 1 1 1 1 1 1 1 1 1 1 1 1 1 1 1 1 1 1 1 1 2 2 2 2 1 1 1 1 1 1 1 1 1 1 1 1 1 1 1 1 1 1 1 1 1 1 1 1 1 1 1 1 1 1 2 2 2 2 2 2 2 2 1 1 1 1 1 1 1 1 1 1 1 1 1 1 1 1 1 1 1 1 1 1 1 1 1 1 2 2 2 2 2 2 2 2 2 2 1 1 1 1 1 1 1 1 1 1 1 1 1 1 1 1 1 1 1 1 1 1 1 1 2 2 2 2 2 2 2 2 2 2 2 2 1 1 1 1 1 1 1 1 1 1 1 1 1 1 1 1 1 1 1 1 1 1 2 2 2 2 2 2 2 2 2 2 2 2 2 2 1 1 1 1 1 1 1 1 1 1 1 1 1 1 1 1 1 1 1 1 2 2 2 2 2 2 2 2 2 2 2 2 2 2 2 1 1 1 1 1 1 1 1 1 1 1 1 1 1 1 1 1 1 1 2 2 2 2 2 2 2 2 2 2 2 2 2 2 2 2 1 1 1 1 1 1 1 1 1 1 1 1 1 1 1 1 1 1 2 2 2 2 2 2 2 2 2 2 2 2 2 2 2 2 2 1 1 1 1 1 1 1 1 1 1 1 1 1 1 1 1 1 2 2 2 2 2 2 2 2 2 2 2 2 2 2 2 2 2 2 2 1 1 1 1 1 1 1 1 1 1 1 1 1 1 1 2 2 2 2 2 2 2 2 2 2 2 2 2 2 2 2 2 2 2 2 1 1 1 1 1 1 1 1 1 1 1 1 1 1 2 2 2 2 2 2 2 2 2 2 2 2 2 2 2 2 2 2 2 2 2 1 1 1 1 1 1 1 1 1 1 1 1 1 2 2 2 2 2 2 2 2 2 2 2 2 2 2 2 2 2 2 2 2 2 1 1 1 1 1 1 1 1 1 1 1 1 1 2 2 2 2 2 2 2 2 2 2 2 2 2 2 2 2 2 2 2 2 2 2 1 1 1 1 1 1 1 1 1 1 1 1 2 2 2 2 2 2 2 2 2 2 2 2 2 2 2 2 2 2 2 2 2 2 2 1 1 1 1 1 1 1 1 1 1 1 2 2 2 2 2 2 2 2 2 2 2 2 2 2 2 2 2 2 2 2 2 2 2 2 1 1 1 1 1 1 1 1 1 1 2 2 2 2 2 2 2 2 2 2 2 2 2 2 2 2 2 2 2 2 2 2 2 2 2 1 1 1 1 1 1 1 1 1 2 2 2 2 2 2 2 2 2 2 2 2 2 2 2 2 2 2 2 2 2 2 2 2 2 1 1 1 1 1 1 1 1 1 2 2 2 2 2 2 2 2 2 2 2 2 2 2 2 2 2 2 2 2 2 2 2 2 2 2 1 1 1 1 1 1 1 1 2 2 2 2 2 2 2 2 2 2 2 2 2 2 2 2 2 2 2 2 2 2 2 2 2 2 2 1 1 1 1 1 1 1 2 2 2 2 2 2 2 2 2 2 2 2 2 2 2 2 2 2 2 2 2 2 2 2 2 2 2 1 1 1 1 1 1 1 2 2 2 2 2 2 2 2 2 2 2 2 2 2 2 2 2 2 2 2 2 2 2 2 2 2 2 2 1 1 1 1 1 1 2 2 2 2 2 2 2 2 2 2 2 2 2 2 2 2 2 2 2 2 2 2 2 2 2 2 2 2 2 1 1 1 1 1 2 2 2 2 2 2 2 2 2 2 2 2 2 2 2 2 2 2 2 2 2 2 2 2 2 2 2 2 2 1 1 1 1 1 2 2 2 2 2 2 2 2 2 2 2 2 2 2 2 2 2 2 2 2 2 2 2 2 2 2 2 2 2 2 1 1 1 1 2 2 2 2 2 2 2 2 2 2 2 2 2 2 2 2 2 2 2 2 2 2 2 2 2 2 2 2 2 2 1 1 1 1 2 2 2 2 2 2 2 2 2 2 2 2 2 2 2 2 2 2 2 2 2 2 2 2 2 2 2 2 2 2 2 1 1 1 2 2 2 2 2 2 2 2 2 2 2 2 2 2 2 2 2 2 2 2 2 2 2 2 2 2 2 2 2 2 2 1 1 1 2 2 2 2 2 2 2 2 2 2 2 2 2 2 2 2 2 2 2 2 2 2 2 2 2 2 2 2 2 2 2 2 1 1 2 2 2 2 2 2 2 2 2 2 2 2 2 2 2 2 2 2 2 2 2 2 2 2 2 2 2 2 2 2 2 2 1 1 2 2 2 2 2 2 2 2 2 2 2 2 2 2 2 2 2 2 2 2 2 2 2 2 2 2 2 2 2 2 2 2 2 1 2 2 2 2 2 2 2 2 2 2 2 2 2 2 2 2 2 2 2 2 2 2 2 2 2 2 2 2 2 2 2 2 2 1 2 2 2 2 2 2 2 2 2 2 2 2 2 2 2 2 2 2 2 2 2 2 2 2 2 2 2 2 2 2 2 2 2 2 2 2 2 2 2 2 2 2 2 2 2 2 2 2 2 2 2 2 2 2 2 2 2 2 2 2 2 2 2 2 2 2 2 2 2 2 2 2 2 2 2 2 2 2 2 2 2 2 2 2 2 2 2 2 2 2 2 2 2 2 2 2 2 2 2 2 2 2 2 2 2 2 2 2 2 2 2 2 2 2 2 2 2 2 2 2 2 2 2 2 2 2 2 2 2 2 2 2 2 2 2 2 2 2 2 2 2 2 2 2 2 2 2 2 2 2 2 2 2 2 2 2 2 2 2 2 2 2 2 2 2 2 2 2 2 2 2 2 2 2 2 2 2 2 2 2 2 2 2 2 2 2 2 2 2 2 2 2 2 2 2 2 2 2 2 2 2 2 2 2 2 2 2 2 2 2 2 2 2 2 2 2 2 2 2 2 2 2 2 2 2 2 2 2 2 2 2 2 2 2 2 2 2 2 2 2 2 2 2 2 2 2 2 2 2 2 2 2 2 2 2 2 2 2 2 2 2 2 2 2 2 2 2 2 2 2 2 2 2 2 2 2 2 2 2 2 2 2 2 2 2 2 2 2 2 2 2 2 2 2 2 2 2 2 2 2 2 2 2 2 2 2 2 2 2 2 2 2 2 2 2 2 2 2 2 2 2 2 2 2 2 2 2 2 2 2 2 2 2 2 2 2 2 2 2 2 2 2 2 2 2 2 2 2 2 2 2 2 2 2 2 2 2 2 2 2 2 2 2 2 2 2 2 2 2 2 2 2 2 2 2 2 2 2 2 2 2 2 2 2 2 2 2 2 2 2 2 2 2 2 2 2 2 2 2 2 2 2 2 2 2 2 2 2 2 2 2 2 2 2 2 2 2 2 2 2 2 2 2 2 2 2 2 2 2 2 2 2 2 2 2 2 2 2 2 2 2 2 2 2 2 2 2 2 2 2 2 2 2 2 2 2 2 2 2 2 2 2 2 2 2 2 2 2 2 2 2 2 2 2 2 2 2 2 2 2 2 2 2 2 2 2 2 2 2 2 2 2 2 2 2 2 2 2 2 2 2 2 2 2 2 2 2 2 2 2 2 2 2 2 2 2 2 2 2 2 2 2 2 2 2 2 2 2 2 2 2 2 2 2 2 2 2 2 2 2 2 2 2 2 2 2 2 2 2 2 2 2 2 2 2 2 2 2 2 2 2 2 2 2 2 2 2 2 2 2 2 2 2 2 2 2 2 2 2 2 2 2 2 2 2 2 2 2 2 2 2 2 2 2 2 2 2 2 2 2 2 2 2 2 2 2 2 2 2 2 2 2 2 2 2 2 2 2 2 2 2 2 2 2 2 2 2 2 2 2 2 2 2 2 2 2 2 2 2 2 2 2 2 2 2 2 2 2 2 2 2 2 2 2 2 2 2 2 2 2 2 2 2 2 2 2 2 2 2 2 2 2 2 2 2 2 2 2 2 2 2 2 2 2 2 2 2 2 2 2 2 2 2 2 2 2 2 2 2 2 2 2 2 2 2 2 2 2 2 2 2 2 2 2 2 2 2 2 2 2 2 2 2 2 2 2 2 2 2 2 2 2 2 2 2 2 2 2 2 2 2 2 2 2 2 2 2 2 2 2 2 2 2 2 2 2 2 2 2 2 2 2 2 2 2 2 2 2 2 2 2 2 2 2 2 2 2 2 2 2 2 2 2 2 2 2 2 2 2 2 2 2 2 2 2 2 2 2 2 2 2 2 2 2 2 2 2 2 2 2 2 2 2 2 2 2 2 2 2 2 2 2 2 2 2 2 2 2 2 2 2 2 2 2 2 2 2 2 2 2 2 2 2 2 2 2 2 2 2 2 2 2 2 2 2 2 2 2 2 2 2 2 2 2 2 2 2 2 2 2 2 2 2 2 2 2 2 2 2 2 2 2 2 2 2 2 2 2 2 2 2 2 2 2 2 2 2 2 2 2 2 2 2 2 2 2 2 2 2 2 2 2 2 2 2 2 2 2 2 2 2 2 2 2 2 2 2 2 2 2 2 2 2 2 2 2 2 2 2 2 2 2 2 2 2 2 2 2 2 2 2 2 2 2 2 2 2 2 2 2 2 2 2 2 2 2 2 2 2 2 2 2 2 2 2 2 2 2 2 2 2 2 2 2 2 2 2 2 2 2 2 2 2 2 2 2 2 2 2 2 2 2 2 2 2 2 2 2 2 2 2 2 2 2 2 2 2 2 2 2 2 2 2 2 2 2 2 2 2 2 2 2 2 2 2 2 2 2 2 2 2 2 2 2 2 2 2 2 2 2 2 2 2 2 2 2 2 2 2 2 2 2 2 2 2 2 2 2 2 2 2 2 2 2 2 2 2 2 2 2 2 2 2 2 2 2 2 2 2 2 2 2 2 2 2 2 2 2 2 2 2 2 2 2 2 2 2 2 2 2 2 2 2 2 2 2 2 2 2 2 2 2 2 2 2 2 2 2 2 2 2 2 2 2 2 2 2 2 2 2 2 2 2 2 2 2 2 2 2 2 2 2 2 2 2 2 2 2 2 2 2 2 2 2 2 2 2 2 2 2 2 2 2 2 2 2 2 2 2 2 2 2 2 2 2 2 2 2 2 2 2 2 2 2 2 2 2 2 2 2 2 2 2 2 2 2 2 2 2 2 2 2 2 2 2 2 2 2 2 2 2 2 2 2 2 2 2 2 2 2 2 2 2 2 2 2 2 2 2 2 2 2 2 2 2 2 2 2 2 2 2 2 2 2 2 2 2 2 2 2 2 2 2 2 2 2 2 2 2 2 2 2 2 2 2 2 2 2 2 2 2 2 2 2 2 2 2 2 2 2 2 2 2 2 2 2 2 2 2 2 2 2 2 2 2 2 2 2 2 2 2 2 2 2 2 2 2 2 2 2 2 2 2 2 2 2 2 2 2 2 2 2 2 2 2 2 2 2 2 2 2 2 2 2 2 2 2 2 2 2 2 2 2 2 2 2 2 2 2 2 2 2 2 2 2 2 2 2 2 2 2 2 2 2 2 2 2 2 2 2 2 2 2 2 2 2 2 2 2 2 2 2 2 2 2 2 2 2 2 2 2 2 2 2 2 2 2 2 2 2 2 2 2 2 2 2 2 2 2 2 2 2 2 2 2 2 2 2 2 2 2 2 2 2 2 2 2 2 2 2 2 2 2 2 2 2 2 2 2 2 2 2 2 2 2 2 2 2 2 2 2 2 2 2 2 2 2 2 2 2 2 2 2 2 2 2 2 2 2 2 2 2 2 2 2 2 2 2 2 2 2 2 2 2 2 2 2 2 2 2 2 2 2 2 2 2 2 2 2 2 2 2 2 2 2 2 2 2 2 2 2 2 2 2 2 2 2 2 2 2 2 2 2 2 2 2 2 2 2 2 2 2 2 2 2 2 2 2 2 2 2 2 2 2 2 2 2 2 2 2 2 2 2 2 2 2 2 2 2 2 2 2 2 2 2 2 2 2 2 2 2 2 2 2 2 2 2 2 2 2 2 2 2 2 2 2 2 2 2 2 2 2 2 2 2 2 2 2 2 2 2 2 2 2 2 2 2 2 2 2 2 2 2 2 2 2 2 2 2 2 2 2 2 2 2 2 2 2 2 2 2 2 2 2 2 2 2 2 2 2 2 2 2 2 2 2 2 2 2 2 2 2 2 2 2 2 2 2 2 2 2 2 2 2 2 2 2 2 2 2 2 2 2 2 2 2 2 2 2 2 2 2 2 2 2 2 2 2 2 2 2 2 2 2 2 2 2 2 2 2 2 2 2 2 2 2 2 2 2 2 2 2 2 2 2 2 2 2 2 2 2 2 2 2 2 2 2 2 2 2 2 2 2 2 2 2 2 2 2 2 2 2 2 2 2 2 2 2 2 2 2 2 2 2 2 2 2 2 2 2 2 2 2 2 2 2 2 2 2 2 2 2 2 2 2 2 2 2 2 2 2 2 2 2 2 2 2 2 2 2 2 2 2 2 2 2 2 2 2 2 2 2 2 2 2 2 2 2 2 2 2 2 2 2 2 2 2 2 2 2 2 2 2 2 2 2 2 2 2 2 2 2 2 2 2 2 2 2 2 2 2 2 2 2 2 2 2 2 2 2 2 2 2 2 2 2 2 2 2 2 2 2 2 2 2 2 2 2 2 2 2 2 2 2 2 2 2 2 2 2 2 2 2 2 2 2 2 2 2 2 2 2 2 2 2 2 2 2 2 2 2 2 2 2 2 2 2 2 2 2 2 2 2 2 2 2 2 2 2 2 2 2 2 2 2 2 2 2 2 2 2 2 2 2 2 2 2 2 2 2 2 2 2 2 2 2 2 2 2 2 2 2 2 2 2 2 2 2 2 2 2 2 2 2 2 2 2 2 2 2 2 2 2 2 2 2 2 2 2 2 2 2 2 2 2 2 2 2 2 2 2 2 2 2 2 2 2 2 2 2 2 2 2 2 2 2 2 2 2 2 2 2 2 2 2 2 2 2 2 2 2 2 2 2 2 2 2 2 2 2 2 2 2 2 2 2 2 2 2 2 2 2 2 2 2 2 2 2 2 2 2 2 2 2 2 2 2 2 2 2 2 2 2 2 2 2 2 2 2 2 2 2 2 2 2 2 2 2 2 2 2 2 2 2 2 2 2 2 2 2 2 2 2 2 2 2 2 2 2 2 2 2 2 2 2 2 2 2 2 2 2 2 2 2 2 2 2 2 2 2 2 2 2 2 2 2 2 2 2 2 2 2 2 2 2 2 2 2 2 2 2 2 2 2 2 2 2 2 2 2 2 2 2 2 2 2 2 2 2 2 2 2 2 2 2 2 2 2 2 2 2 2 2 2 2 2 2 2 2 2 2 2 2 2 2 2 2 2 2 2 2 2 2 2 2 2 2 2 2 2 2 2 2 2 2 2 2 2 2 2 2 2 2 2 2 2 2 2 2 2 2 2 2 2 2 2 2 2 2 2 2 2 2 2 2 2 2 2 2 2 2 2 2 2 2 2 2 2 2 2 2 2 2 2 2 2 2 2 2 2 2 2 2 2 2 2 2 2 2 2 2 2 2 2 2 2 2 2 2 2 2 2 2 2 2 2 2 2 2 2 2 2 2 2 2 2 2 2 2 2 2 2 2 2 2 2 2 2 2 2 2 2 2 2 2 2 2 2 2 2 2 2 2 2 2 2 2 2 2 2 2 2 2 2 2 2 1 1 1 2 2 2 2 2 2 2 2 2 2 2 2 2 2 2 2 2 2 2 2 2 2 2 2 2 2 2 2 2 2 2 1 1 1 1 1 1 2 2 2 2 2 2 2 2 2 2 2 2 2 2 2 2 2 2 2 2 2 2 2 2 2 2 2 2 1 1 1 1 1 1 1 1 2 2 2 2 2 2 2 2 2 2 2 2 2 2 2 2 2 2 2 2 2 2 2 2 2 2 1 1 1 1 1 1 1 1 1 2 2 2 2 2 2 2 2 2 2 2 2 2 2 2 2 2 2 2 2 2 2 2 2 2 1 1 1 1 1 1 1 1 1 1 1 2 2 2 2 2 2 2 2 2 2 2 2 2 2 2 2 2 2 2 2 2 2 2 1 1 1 1 1 1 1 1 1 1 1 1 2 2 2 2 2 2 2 2 2 2 2 2 2 2 2 2 2 2 2 2 2 2 1 1 1 1 1 1 1 1 1 1 1 1 1 2 2 2 2 2 2 2 2 2 2 2 2 2 2 2 2 2 2 2 2 2 1 1 1 1 1 1 1 1 1 1 1 1 1 1 2 2 2 2 2 2 2 2 2 2 2 2 2 2 2 2 2 2 2 2 1 1 1 1 1 1 1 1 1 1 1 1 1 1 1 2 2 2 2 2 2 2 2 2 2 2 2 2 2 2 2 2 2 2 1 1 1 1 1 1 1 1 1 1 1 1 1 1 1 2 2 2 2 2 2 2 2 2 2 2 2 2 2 2 2 2 2 2 1 1 1 1 1 1 1 1 1 1 1 1 1 1 1 1 2 2 2 2 2 2 2 2 2 2 2 2 2 2 2 2 2 2 1 1 1 1 1 1 1 1 1 1 1 1 1 1 1 1 1 2 2 2 2 2 2 2 2 2 2 2 2 2 2 2 2 2 1 1 1 1 1 1 1 1 1 1 1 1 1 1 1 1 1 1 2 2 2 2 2 2 2 2 2 2 2 2 2 2 2 2 1 1 1 1 1 1 1 1 1 1 1 1 1 1 1 1 1 1 2 2 2 2 2 2 2 2 2 2 2 2 2 2 2 2 1 1 1 1 1 1 1 1 1 1 1 1 1 1 1 1 1 1 1 2 2 2 2 2 2 2 2 2 2 2 2 2 2 2 1 1 1 1 1 1 1 1 1 1 1 1 1 1 1 1 1 1 1 1 2 2 2 2 2 2 2 2 2 2 2 2 2 2 1 1 1 1 1 1 1 1 1 1 1 1 1 1 1 1 1 1 1 1 2 2 2 2 2 2 2 2 2 2 2 2 2 2 1 1 1 1 1 1 1 1 1 1 1 1 1 1 1 1 1 1 1 1 1 2 2 2 2 2 2 2 2 2 2 2 2 2 1 1 1 1 1 1 1 1 1 1 1 1 1 1 1 1 1 1 1 1 1 2 2 2 2 2 2 2 2 2 2 2 2 2 1 1 1 1 1 1 1 1 1 1 1 1 1 1 1 1 1 1 1 1 1 1 2 2 2 2 2 2 2 2 2 2 2 2 1 1 1 1 1 1 1 1 1 1 1 1 1 1 1 1 1 1 1 1 1 1 2 2 2 2 2 2 2 2 2 2 2 2 1 1 1 1 1 1 1 1 1 1 1 1 1 1 1 1 1 1 1 1 1 1 1 2 2 2 2 2 2 2 2 2 2 2 1 1 1 1 1 1 1 1 1 1 1 1 1 1 1 1 1 1 1 1 1 1 1 2 2 2 2 2 2 2 2 2 2 2 1 1 1 1 1 1 1 1 1 1 1 1 1 1 1 1 1 1 1 1 1 1 1 1 2 2 2 2 2 2 2 2 2 2 0 0 0 0 0 1 1 1 1 1 1 1 1 1 1 1 1 1 1 1 1 1 1 1 2 2 2 2 2 2 2 2 2 2 0 0 0 0 0 0 0 1 1 1 1 1 1 1 1 1 1 1 1 1 1 1 1 1 1 2 2 2 2 2 2 2 2 2 0 0 0 0 0 0 0 0 1 1 1 1 1 1 1 1 1 1 1 1 1 1 1 1 1 2 2 2 2 2 2 2 2 2 0 0 0 0 0 0 0 0 0 0 1 1 1 1 1 1 1 1 1 1 1 1 1 1 1 1 2 2 2 2 2 2 2 2 0 0 0 0 0 0 0 0 0 0 0 1 1 1 1 1 1 1 1 1 1 1 1 1 1 1 2 2 2 2 2 2 2 2 0 0 0 0 0 0 0 0 0 0 0 0 1 1 1 1 1 1 1 1 1 1 1 1 1 1 2 2 2 2 2 2 2 2 0 0 0 0 0 0 0 0 0 0 0 0 0 1 1 1 1 1 1 1 1 1 1 1 1 1 1 2 2 2 2 2 2 2 0 0 0 0 0 0 0 0 0 0 0 0 0 0 1 1 1 1 1 1 1 1 1 1 1 1 1 2 2 2 2 2 2 2 0 0 0 0 0 0 0 0 0 0 0 0 0 0 1 1 1 1 1 1 1 1 1 1 1 1 1 1 2 2 2 2 2 2 0 0 0 0 0 0 0 0 0 0 0 0 0 0 0 1 1 1 1 1 1 1 1 1 1 1 1 1 2 2 2 2 2 2 0 0 0 0 0 0 0 0 0 0 0 0 0 0 0 0 1 1 1 1 1 1 1 1 1 1 1 1 2 2 2 2 2 2 0 0 0 0 0 0 0 0 0 0 0 0 0 0 0 0 0 1 1 1 1 1 1 1 1 1 1 1 1 2 2 2 2 2 0 0 0 0 0 0 0 0 0 0 0 0 0 0 0 0 0 1 1 1 1 1 1 1 1 1 1 1 1 2 2 2 2 2 0 0 0 0 0 0 0 0 0 0 0 0 0 0 0 0 0 0 1 1 1 1 1 1 1 1 1 1 1 2 2 2 2 2 0 0 0 0 0 0 0 0 0 0 0 0 0 0 0 0 0 0 1 1 1 1 1 1 1 1 1 1 1 1 2 2 2 2 0 0 0 0 0 0 0 0 0 0 0 0 0 0 0 0 0 0 0 1 1 1 1 1 1 1 1 1 1 1 2 2 2 2 0 0 0 0 0 0 0 0 0 0 0 0 0 0 0 0 0 0 0 0 1 1 1 1 1 1 1 1 1 1 2 2 2 2 0 0 0 0 0 0 0 0 0 0 0 0 0 0 0 0 0 0 0 0 1 1 1 1 1 1 1 1 1 1 1 2 2 2 0 0 0 0 0 0 0 0 0 0 0 0 0 0 0 0 0 0 0 0 0 1 1 1 1 1 1 1 1 1 1 2 2 2 0 0 0 0 0 0 0 0 0 0 0 0 0 0 0 0 0 0 0 0 0 1 1 1 1 1 1 1 1 1 1 2 2 2 0 0 0 0 0 0 0 0 0 0 0 0 0 0 0 0 0 0 0 0 0 0 1 1 1 1 1 1 1 1 1 1 2 2 0 0 0 0 0 0 0 0 0 0 0 0 0 0 0 0 0 0 0 0 0 0 1 1 1 1 1 1 1 1 1 1 2 2 0 0 0 0 0 0 0 0 0 0 0 0 0 0 0 0 0 0 0 0 0 0 0 1 1 1 1 1 1 1 1 1 2 2 0 0 0 0 0 0 0 0 0 0 0 0 0 0 0 0 0 0 0 0 0 0 0 1 1 1 1 1 1 1 1 1 1 2 0 0 0 0 0 0 0 0 0 0 0 0 0 0 0 0 0 0 0 0 0 0 0 0 1 1 1 1 1 1 1 1 1 2 0 0 0 0 0 0 0 0 0 0 0 0 0 0 0 0 0 0 0 0 0 0 0 0 1 1 1 1 1 1 1 1 1 2 0 0 0 0 0 0 0 0 0 0 0 0 0 0 0 0 0 0 0 0 0 0 0 0 1 1 1 1 1 1 1 1 1 2 0 0 0 0 0 0 0 0 0 0 0 0 0 0 0 0 0 0 0 0 0 0 0 0 0 1 1 1 1 1 1 1 1 1 0 0 0 0 0 0 0 0 0 0 0 0 0 0 0 0 0 0 0 0 0 0 0 0 0 1 1 1 1 1 1 1 1 1 0 0 0 0 0 0 0 0 0 0 0 0 0 0 0 0 0 0 0 0 0 0 0 0 0 0 1 1 1 1 1 1 1 1 0 0 0 0 0 0 0 0 0 0 0 0 0 0 0 0 0 0 0 0 0 0 0 0 0 0 1 1 1 1 1 1 1 1 0 0 0 0 0 0 0 0 0 0 0 0 0 0 0 0 0 0 0 0 0 0 0 0 0 0 1 1 1 1 1 1 1 1 0 0 0 0 0 0 0 0 0 0 0 0 0 0 0 0 0 0 0 0 0 0 0 0 0 0 0 1 1 1 1 1 1 1 0 0 0 0 0 0 0 0 0 0 0 0 0 0 0 0 0 0 0 0 0 0 0 0 0 0 0 1 1 1 1 1 1 1 0 0 0 0 0 0 0 0 0 0 0 0 0 0 0 0 0 0 0 0 0 0 0 0 0 0 0 1 1 1 1 1 1 1 0 0 0 0 0 0 0 0 0 0 0 0 0 0 0 0 0 0 0 0 0 0 0 0 0 0 0 0 1 1 1 1 1 1 0 0 0 0 0 0 0 0 0 0 0 0 0 0 0 0 0 0 0 0 0 0 0 0 0 0 0 0 1 1 1 1 1 1 0 0 0 0 0 0 0 0 0 0 0 0 0 0 0 0 0 0 0 0 0 0 0 0 0 0 0 0 1 1 1 1 1 1 0 0 0 0 0 0 0 0 0 0 0 0 0 0 0 0 0 0 0 0 0 0 0 0 0 0 0 0 0 1 1 1 1 1 0 0 0 0 0 0 0 0 0 0 0 0 0 0 0 0 0 0 0 0 0 0 0 0 0 0 0 0 0 1 1 1 1 1 0 0 0 0 0 0 0 0 0 0 0 0 0 0 0 0 0 0 0 0 0 0 0 0 0 0 0 0 0 1 1 1 1 1 0 0 0 0 0 0 0 0 0 0 0 0 0 0 0 0 0 0 0 0 0 0 0 0 0 0 0 0 0 0 1 1 1 1 0 0 0 0 0 0 0 0 0 0 0 0 0 0 0 0 0 0 0 0 0 0 0 0 0 0 0 0 0 0 1 1 1 1 0 0 0 0 0 0 0 0 0 0 0 0 0 0 0 0 0 0 0 0 0 0 0 0 0 0 0 0 0 0 1 1 1 1 0 0 0 0 0 0 0 0 0 0 0 0 0 0 0 0 0 0 0 0 0 0 0 0 0 0 0 0 0 0 0 1 1 1 0 0 0 0 0 0 0 0 0 0 0 0 0 0 0 0 0 0 0 0 0 0 0 0 0 0 0 0 0 0 0 1 1 1 0 0 0 0 0 0 0 0 0 0 0 0 0 0 0 0 0 0 0 0 0 0 0 0 0 0 0 0 0 0 0 1 1 1 0 0 0 0 0 0 0 0 0 0 0 0 0 0 0 0 0 0 0 0 0 0 0 0 0 0 0 0 0 0 0 0 1 1 0 0 0 0 0 0 0 0 0 0 0 0 0 0 0 0 0 0 0 0 0 0 0 0 0 0 0 0 0 0 0 0 1 1 0 0 0 0 0 0 0 0 0 0 0 0 0 0 0 0 0 0 0 0 0 0 0 0 0 0 0 0 0 0 0 0 1 1 0 0 0 0 0 0 0 0 0 0 0 0 0 0 0 0 0 0 0 0 0 0 0 0 0 0 0 0 0 0 0 0 1 1 0 0 0 0 0 0 0 0 0 0 0 0 0 0 0 0 0 0 0 0 0 0 0 0 0 0 0 0 0 0 0 0 0 1 0 0 0 0 0 0 0 0 0 0 0 0 0 0 0 0 0 0 0 0 0 0 0 0 0 0 0 0 0 0 0 0 0 1 0 0 0 0 0 0 0 0 0 0 0 0 0 0 0 0 0 0 0 0 0 0 0 0 0 0 0 0 0 0 0 0 0 1 0 0 0 0 0 0 0 0 0 0 0 0 0 0 0 0 0 0 0 0 0 0 0 0 0 0 0 0 0 0 0 0 0 1 0 0 0 0 0 0 0 0 0 0 0 0 0 0 0 0 0 0 0 0 0 0 0 0 0 0 0 0 0 0 0 0 0 0 0 0 0 0 0 0 0 0 0 0 0 0 0 0 0 0 0 0 0 0 0 0 0 0 0 0 0 0 0 0 0 0 0 0 0 0 0 0 0 0 0 0 0 0 0 0 0 0 0 0 0 0 0 0 0 0 0 0 0 0 0 0 0 0 0 0 0 0 0 0 0 0 0 0 0 0 0 0 0 0 0 0 0 0 0 0 0 0 0 0 0 0 0 0 0 0 0 0 0 0 0 0 0 0 0 0 0 0 0 0 0 0 0 0 0 0 0 0 0 0 0 0 0 0 0 0 0 0 0 0 0 0 0 0 0 0 0 0 0 0 0 0 0 0 0 0 0 0 0 0 0 0 0 0 0 0 0 0 0 0 0 0 0 0 0 0 0 0 0 0 0 0 0 0 0 0 0 0 0 0 0 0 0 0 0 0 0 0 0 0 0 0 0 0 0 0 0 0 0 0 0 0 0 0 0 0 0 0 0 0 0 0 0 0 0 0 0 0 0 0 0 0 0 0 0 0 0 0 0 0 0 0 0 0 0 0 0 0 0 0 0 0 0 0 0 0 0 0 0 0 0 0 0 0 0 0 0 0 0 0 0 0 0 0 0 0 0 0 0 0 0 0 0 0 0 0 0 0 0 0 0 0 0 0 0 0 0 0 0 0 0 0 0 0 0 0 0 0 0 0 0 0 0 0 0 0 0 0 0 0 0 0 0 0 0 0 0 0 0 0 0 0 0 0 0 0 0 0 0 0 0 0 0 0 0 0 0 0 0 0 0 0 0 0 0 0 0 0 0 0 0 0 0 0 0 0 0 0 0 0 0 0 0 0 0 0 0 0 0 0 0 0 0 0 0 0 0 0 0 0 0 0 0 0 0 0 0 0 0 0 0 0 0 0 0 0 0 0 0 0 0 0 0 0 0 0 0 0 0 0 0 0 0 0 0 0 0 0 0 0 0 0 0 0 0 0 0 0 0 0 0 0 0 0 0 0 0 0 0 0 0 0 0 0 0 0 0 0 0 0 0 0 0 0 0 0 0 0 0 0 0 0 0 0 0 0 0 0 0 0 0 0 0 0 0 0 0 0 0 0 0 0 0 0 0 0 0 0 0 0 0 0 0 0 0 0 0 0 0 0 0 0 0 0 0 0 0 0 0 0
estimated_attenuation.size=8432
estimated_attenuation.data=0.00 0.00 0.00 0.00 0.00 0.00 0.00 0.00 0.00 0.00 0.00 0.00 0.00 0.00 0.00 0.00 0.00 0.00 0.00 0.00 0.00 0.00 0.00 0.00 0.00 0.00 0.00 0.00 0.00 0.00 0.00 0.00 0.00 0.00 0.00 0.00 0.00 0.00 0.00 0.00 0.00 0.00 0.00 0.00 0.00 0.00 0.00 0.00 0.00 0.00 0.00 0.00 0.00 0.00 0.00 0.00 0.00 0.00 0.00 0.00 0.00 0.00 0.00 0.00 0.00 0.00 0.00 0.00 0.00 0.00 0.00 0.00 0.00 0.00 0.00 0.00 0.00 0.00 0.00 0.00 0.00 0.00 0.00 0.00 0.00 0.00 0.00 0.00 0.00 0.00 0.00 0.00 0.00 0.00 0.00 0.00 0.00 0.00 0.00 0.00 0.00 0.00 0.00 0.00 0.00 0.00 0.00 0.00 0.00 0.00 0.00 0.00 0.00 0.00 0.00 0.00 0.00 0.00 0.00 0.00 0.00 0.00 0.00 0.00 0.00 0.00 0.00 0.00 0.00 0.00 0.00 0.00 0.00 0.00 0.00 0.00 0.00 0.00 0.00 0.00 0.00 0.00 0.00 0.00 0.00 0.00 0.00 0.00 0.00 0.00 0.00 0.00 0.00 0.00 0.00 0.00 0.00 0.00 0.00 0.00 0.00 0.00 0.00 0.00 0.00 0.00 0.00 0.00 0.00 0.00 0.00 0.00 0.00 0.00 0.00 0.00 0.00 0.00 0.00 0.00 0.00 0.00 0.00 0.00 0.00 0.00 0.00 0.00 0.00 0.00 0.00 0.00 0.00 0.00 0.00 0.00 0.00 0.00 0.00 0.00 0.00 0.00 0.00 0.00 0.00 0.00 0.00 0.00 0.00 0.00 0.00 0.00 0.00 0.00 0.00 0.00 0.00 0.00 0.00 0.00 0.00 0.00 0.00 0.00 0.00 0.00 0.00 0.00 0.00 0.00 0.00 0.00 0.00 0.00 0.00 0.00 0.00 0.00 0.00 0.00 0.00 0.00 0.00 0.00 0.00 0.00 0.00 0.00 0.00 0.00 0.00 0.00 0.00 0.00 0.00 0.00 0.00 0.00 0.00 0.00 0.00 0.00 0.00 0.00 0.00 0.00 0.00 0.00 0.00 0.00 0.00 0.00 0.00 0.00 0.00 0.00 0.00 0.00 0.00 0.00 0.00 0.00 0.00 0.00 0.00 0.00 0.00 0.00 0.00 0.00 0.00 0.00 0.00 0.00 0.00 0.00 0.00 0.00 0.00 0.00 0.00 0.00 0.00 0.00 0.00 0.00 0.00 0.00 0.00 0.00 0.00 0.00 0.00 0.00 0.00 0.00 0.00 0.00 0.00 0.00 0.00 0.00 0.00 0.00 0.00 0.00 0.00 0.00 0.00 0.00 0.00 0.00 0.00 0.00 0.00 0.00 0.00 0.00 0.00 0.00 0.00 0.00 0.00 0.00 0.00 0.00 0.00 0.00 0.00 0.00 0.00 0.00 0.00 0.00 0.00 0.00 0.00 0.00 0.00 0.00 0.00 0.00 0.00 0.00 0.00 0.00 0.00 0.00 0.00 0.00 0.00 0.00 0.00 0.00 0.00 0.00 0.00 0.00 0.00 0.00 0.00 0.00 0.00 0.00 0.00 0.00 0.00 0.00 0.00 0.00 0.00 0.00 0.00 0.00 0.00 0.00 0.00 0.00 0.00 0.00 0.00 0.00 0.00 0.00 0.00 0.00 0.00 0.00 0.00 0.00 0.00 0.00 0.00 0.00 0.00 0.00 0.00 0.00 0.00 0.00 0.00 0.00 0.00 0.00 0.00 0.00 0.00 0.00 0.00 0.00 0.00 0.00 0.00 0.00 0.00 0.00 0.00 0.00 0.00 0.00 0.00 0.00 0.00 0.00 0.00 0.00 0.00 0.00 0.00 0.00 0.00 0.00 0.00 0.00 0.00 0.00 0.00 0.00 0.00 0.00 0.00 0.00 0.00 0.00 0.00 0.00 0.00 0.00 0.00 0.00 0.00 0.00 0.00 0.00 0.00 0.00 0.00 0.00 0.00 0.00 0.00 0.00 0.00 0.00 0.00 0.00 0.00 0.00 0.00 0.00 0.00 0.00 0.00 0.00 0.00 0.00 0.00 0.00 0.00 0.00 0.00 0.00 0.00 0.00 0.00 0.00 0.00 0.00 0.00 0.00 0.00 0.00 0.00 0.00 0.00 0.00 0.00 0.00 0.00 0.00 0.00 0.00 0.00 0.00 0.00 0.00 0.00 0.00 0.00 0.00 0.00 0.00 0.00 0.00 0.00 0.00 0.00 0.00 0.00 0.00 0.00 0.00 0.00 0.00 0.00 0.00 0.00 0.00 0.00 0.00 0.00 0.00 0.00 0.00 0.00 0.00 0.00 0.00 0.00 0.00 0.00 0.00 0.00 0.00 0.00 0.00 0.00 0.00 0.00 0.00 0.00 0.00 0.00 0.00 0.00 0.00 0.00 0.00 0.00 0.00 0.00 0.00 0.00 0.00 0.00 0.00 0.00 0.00 0.00 0.00 0.00 0.00 0.00 0.00 0.00 0.00 0.00 0.00 0.00 0.00 0.00 0.00 0.00 0.00 0.00 0.00 0.00 0.00 0.00 0.00 0.00 0.00 0.00 0.00 0.00 0.00 0.00 0.00 0.00 0.00 0.00 0.00 0.00 0.00 0.00 0.00 0.00 0.00 0.00 0.00 0.00 0.00 0.00 0.00 0.00 0.00 0.00 0.00 0.00 0.00 0.00 0.00 0.00 0.00 0.00 0.00 0.00 0.00 0.00 0.00 0.00 0.00 0.00 0.00 0.00 0.00 0.00 0.00 0.00 0.00 0.00 0.00 0.00 0.00 0.00 0.00 0.00 0.00 0.00 0.00 0.00 0.00 0.00 0.00 0.00 0.00 0.00 0.00 0.00 0.00 0.00 0.00 0.00 0.00 0.00 0.00 0.00 0.00 0.00 0.00 0.00 0.00 0.00 0.00 0.00 0.00 0.00 0.00 0.00 0.00 0.00 0.00 0.00 0.00 0.00 0.00 0.00 0.00 0.00 0.00 0.00 0.00 0.00 0.00 0.00 0.00 0.00 0.00 0.00 0.00 0.00 0.00 0.00 0.00 0.00 0.00 0.00 0.00 0.00 0.00 0.00 0.00 0.00 0.00 0.00 0.00 0.00 0.00 0.00 0.00 0.00 0.00 0.00 0.00 0.00 0.00 0.00 0.00 0.00 0.00 0.00 0.00 0.00 0.00 0.00 0.00 0.00 0.00 0.00 0.00 0.00 0.00 0.00 0.00 0.00 0.00 0.00 0.00 0.00 0.00 0.00 0.00 0.00 0.00 0.00 0.00 0.00 0.00 0.00 0.00 0.00 0.00 0.00 0.00 0.00 0.00 0.00 0.00 0.00 0.00 0.00 0.00 0.00 0.00 0.00 0.00 0.00 0.00 0.00 0.00 0.00 0.00 0.00 0.00 0.00 0.00 0.00 0.00 0.00 0.00 0.00 0.00 0.00 0.00 0.00 0.00 0.00 0.00 0.00 0.00 0.00 0.00 0.00 0.00 0.00 0.00 0.00 0.00 0.00 0.00 0.00 0.00 0.00 0.00 0.00 0.00 0.00 0.00 0.00 0.00 0.00 0.00 0.00 0.00 0.00 0.00 0.00 0.00 0.00 0.00 0.00 0.00 0.00 0.00 0.00 0.00 0.00 0.00 0.00 0.00 0.00 0.00 0.00 0.00 0.00 0.00 0.00 0.00 0.00 0.00 0.00 0.00 0.00 0.00 0.00 0.00 0.00 0.00 0.00 0.00 0.00 0.00 0.00 0.00 0.00 0.00 0.00 0.00 0.00 0.00 0.00 0.00 0.00 0.00 0.00 0.00 0.00 0.00 0.00 0.00 0.00 0.00 0.00 0.00 0.00 0.00 0.00 0.00 0.00 0.00 0.00 0.00 0.00 0.00 0.00 0.00 0.00 0.00 0.00 0.00 0.00 0.00 0.00 0.00 0.00 0.00 0.00 0.00 0.00 0.00 0.00 0.00 0.00 0.00 0.00 0.00 0.00 0.00 0.00 0.00 0.00 0.00 0.00 0.00 0.00 0.00 0.00 0.00 0.00 0.00 0.00 0.00 0.00 0.00 0.00 0.00 0.00 0.00 0.00 0.00 0.00 0.00 0.00 0.00 0.00 0.00 0.00 0.00 0.00 0.00 0.00 0.00 0.00 0.00 0.00 0.00 0.00 0.00 0.00 0.00 0.00 0.00 0.00 0.00 0.00 0.00 0.00 0.00 0.00 0.00 0.00 0.00 0.00 0.00 0.00 0.00 0.00 0.00 0.00 0.00 0.00 0.00 0.00 0.00 0.00 0.00 0.00 0.00 0.00 0.00 0.00 0.00 0.00 0.00 0.00 0.00 0.00 0.00 0.00 0.00 0.00 0.00 0.00 0.00 0.00 0.00 0.00 0.00 0.00 0.00 0.00 0.00 0.00 0.00 0.00 0.00 0.00 0.00 0.00 0.00 0.00 0.00 0.00 0.00 0.00 0.00 0.00 0.00 0.00 0.00 0.00 0.00 0.00 0.00 0.00 0.00 0.00 0.00 0.00 0.00 0.00 0.00 0.00 0.00 0.00 0.00 0.00 0.00 0.00 0.00 0.00 0.00 0.00 0.00 0.00 0.00 0.00 0.00 0.00 0.00 0.00 0.00 0.00 0.00 0.00 0.00 0.00 0.00 0.00 0.00 0.00 0.00 0.00 0.00 0.00 0.00 0.00 0.00 0.00 0.00 0.00 0.00 0.00 0.00 0.00 0.00 0.00 0.00 0.00 0.00 0.00 0.00 0.00 0.00 0.00 0.00 0.00 0.00 0.00 0.00 0.00 0.00 0.00 0.00 0.00 0.00 0.00 0.00 0.00 0.00 0.00 0.00 0.00 0.00 0.00 0.00 0.00 0.00 0.00 0.00 0.00 0.00 0.00 0.00 0.00 0.00 0.00 0.00 0.00 0.00 0.00 0.00 0.00 0.00 0.00 0.00 0.00 0.00 0.00 0.00 0.00 0.00 0.00 0.00 0.00 0.00 0.00 0.00 0.00 0.00 0.00 0.00 0.00 0.00 0.00 0.00 0.00 0.00 0.00 0.00 0.00 0.00 0.00 0.00 0.00 0.00 0.00 0.00 0.00 0.00 0.00 0.00 0.00 0.00 0.00 0.00 0.00 0.00 0.00 0.00 0.00 0.00 0.00 0.00 0.00 0.00 0.00 0.00 0.00 0.00 0.00 0.00 0.00 0.00 0.00 0.00 0.00 0.00 0.00 0.00 0.00 0.00 0.00 0.00 0.00 0.00 0.00 0.00 0.00 0.00 0.00 0.00 0.00 0.00 0.00 0.00 0.00 0.00 0.00 0.00 0.00 0.00 0.00 0.00 0.00 0.00 0.00 0.00 0.00 0.00 0.00 0.00 0.00 0.00 0.00 0.00 0.00 0.00 0.00 0.00 0.00 0.00 0.00 0.00 0.00 0.00 0.00 0.00 0.00 0.00 0.00 0.00 0.00 0.00 0.00 0.00 0.00 0.00 0.00 0.00 0.00 0.00 0.00 0.00 0.00 0.00 0.00 0.00 0.00 0.00 0.00 0.00 0.00 0.00 0.00 0.00 0.00 0.00 0.00 0.00 0.00 0.00 0.00 0.00 0.00 0.00 0.00 0.00 0.00 0.00 0.00 0.00 0.00 0.00 0.00 0.00 0.00 0.00 0.00 0.00 0.00 0.00 0.00 0.00 0.00 0.00 0.00 0.00 0.00 0.00 0.00 0.00 0.00 0.00 0.00 0.00 0.00 0.00 0.00 0.00 0.00 0.00 0.00 0.00 0.00 0.00 0.00 0.00 0.00 0.00 0.00 0.00 0.00 0.00 0.00 0.00 0.00 0.00 0.00 0.00 0.00 0.00 0.00 0.00 0.00 0.00 0.00 0.00 0.00 0.00 0.00 0.00 0.00 0.00 0.00 0.00 0.00 0.00 0.00 0.00 0.00 0.00 0.00 0.00 0.00 0.00 0.00 0.00 0.00 0.00 0.00 0.00 0.00 0.00 0.00 0.00 0.00 0.00 0.00 0.00 0.00 0.00 0.00 0.00 0.00 0.00 0.00 0.00 0.00 0.00 0.00 0.00 0.00 0.00 0.00 0.00 0.00 0.00 0.00 0.00 0.00 0.00 0.00 0.00 0.00 0.00 0.00 0.00 0.00 0.00 0.00 0.00 0.00 0.00 0.00 0.00 0.00 0.00 0.00 0.00 0.00 0.00 0.00 0.00 0.00 0.00 0.00 0.00 0.00 0.00 0.00 0.00 0.00 0.00 0.00 0.00 0.00 0.00 0.00 0.00 0.00 0.00 0.00 0.00 0.00 0.00 0.00 0.00 0.00 0.00 0.00 0.00 0.00 0.00 0.00 0.00 0.00 0.00 0.00 0.00 0.00 0.00 0.00 0.00 0.00 0.00 0.00 0.00 0.00 0.00 0.00 0.00 0.00 0.00 0.00 0.00 0.00 0.00 0.00 0.00 0.00 0.00 0.00 0.00 0.00 0.00 0.00 0.00 0.00 0.00 0.00 0.00 0.00 0.00 0.00 0.00 0.00 0.00 0.00 0.00 0.00 0.00 0.00 0.00 0.00 0.00 0.00 0.00 0.00 0.00 0.00 0.00 0.00 0.00 0.00 0.00 0.00 0.00 0.00 0.00 0.00 0.00 0.00 0.00 0.00 0.00 0.00 0.00 0.00 0.00 0.00 0.00 0.00 0.00 0.00 0.00 0.00 0.00 0.00 0.00 0.00 0.00 0.00 0.00 0.00 0.00 0.00 0.00 0.00 0.00 0.00 0.00 0.00 0.00 0.00 0.00 0.00 0.00 0.00 0.00 0.00 0.00 0.00 0.00 0.00 0.00 0.00 0.00 0.00 0.00 0.00 0.00 0.00 0.00 0.00 0.00 0.00 0.00 0.00 0.00 0.00 0.00 0.00 0.00 0.00 0.00 0.00 0.00 0.00 0.00 0.00 0.00 0.00 0.00 0.00 0.00 0.00 0.00 0.00 0.00 0.00 0.00 0.00 0.00 0.00 0.00 0.00 0.00 0.00 0.00 0.00 0.00 0.00 0.00 0.00 0.00 0.00 0.00 0.00 0.00 0.00 0.00 0.00 0.00 0.00 0.00 0.00 0.00 0.00 0.00 0.00 0.00 0.00 0.00 0.00 0.00 0.00 0.00 0.00 0.00 0.00 0.00 0.00 0.00 0.00 0.00 0.00 0.00 0.00 0.00 0.00 0.00 0.00 0.00 0.00 0.00 0.00 0.00 0.00 0.00 0.00 0.00 0.00 0.00 0.00 0.00 0.00 0.00 0.00 0.00 0.00 0.00 0.00 0.00 0.00 0.00 0.00 0.00 0.00 0.00 0.00 0.00 0.00 0.00 0.00 0.00 0.00 0.00 0.00 0.00 0.00 0.00 0.00 0.00 0.00 0.00 0.00 0.00 0.00 0.00 0.00 0.00 0.00 0.00 0.00 0.00 0.00 0.00 0.00 0.00 0.00 0.00 0.00 0.00 0.00 0.00 0.00 0.00 0.00 0.00 0.00 0.00 0.00 0.00 0.00 0.00 0.00 0.00 0.00 0.00 0.00 0.00 0.00 0.00 0.00 0.00 0.00 0.00 0.00 0.00 0.00 0.00 0.00 0.00 0.00 0.00 0.00 0.00 0.00 0.00 0.00 0.00 0.00 0.00 0.00 0.00 0.00 0.00 0.00 0.00 0.00 0.00 0.00 0.00 0.00 0.00 0.00 0.00 0.00 0.00 0.00 0.00 0.00 0.00 0.00 0.00 0.00 0.00 0.00 0.00 0.00 0.00 0.00 0.00 0.00 0.00 0.00 0.00 0.00 0.00 0.00 0.00 0.00 0.00 0.00 0.00 0.00 0.00 0.00 0.00 0.00 0.00 0.00 0.00 0.00 0.00 0.00 0.00 0.00 0.00 0.00 0.00 0.00 0.00 0.00 0.00 0.00 0.00 0.00 0.00 0.00 0.00 0.00 0.00 0.00 0.00 0.00 0.00 0.00 0.00 0.00 0.00 0.00 0.00 0.00 0.00 0.00 0.00 0.00 0.00 0.00 0.00 0.00 0.00 0.00 0.00 0.00 0.00 0.00 0.00 0.00 0.00 0.00 0.00 0.00 0.00 0.00 0.00 0.00 0.00 0.00 0.00 0.00 0.00 0.00 0.00 0.00 0.00 0.00 0.00 0.00 0.00 0.00 0.00 0.00 0.00 0.00 0.00 0.00 0.00 0.00 0.00 0.00 0.00 0.00 0.00 0.00 0.00 0.00 0.00 0.00 0.00 0.00 0.00 0.00 0.00 0.00 0.00 0.00 0.00 0.00 0.00 0.00 0.00 0.00 0.00 0.00 0.00 0.00 0.00 0.00 0.00 0.00 0.00 0.00 0.00 0.00 0.00 0.00 0.00 0.00 0.00 0.00 0.00 0.00 0.00 0.00 0.00 0.00 0.00 0.00 0.00 0.00 0.00 0.00 0.00 0.00 0.00 0.00 0.00 0.00 0.00 0.00 0.00 0.00 0.00 0.00 0.00 0.00 0.00 0.00 0.00 0.00 0.00 0.00 0.00 0.00 0.00 0.00 0.00 0.00 0.00 0.00 0.00 0.00 0.00 0.00 0.00 0.00 0.00 0.00 0.00 0.00 0.00 0.00 0.00 0.00 0.00 0.00 0.00 0.00 0.00 0.00 0.00 0.00 0.00 0.00 0.00 0.00 0.00 0.00 0.00 0.00 0.00 0.00 0.00 0.00 0.00 0.00 0.00 0.00 0.00 0.00 0.00 0.00 0.00 0.00 0.00 0.00 0.00 0.00 0.00 0.00 0.00 0.00 0.00 0.00 0.00 0.00 0.00 0.00 0.00 0.00 0.00 0.00 0.00 0.00 0.00 0.00 0.00 0.00 0.00 0.00 0.00 0.00 0.00 0.00 0.00 0.00 0.00 0.00 0.00 0.00 0.00 0.00 0.00 0.00 0.00 0.00 0.00 0.00 0.00 0.00 0.00 0.00 0.00 0.00 0.00 0.00 0.00 0.00 0.00 0.00 0.00 0.00 0.00 0.00 0.00 0.00 0.00 0.00 0.00 0.00 0.00 0.00 0.00 0.00 0.00 0.00 0.00 0.00 0.00 0.00 0.00 0.00 0.00 0.00 0.00 0.00 0.00 0.00 0.00 0.00 0.00 0.00 0.00 0.00 0.00 0.00 0.00 0.00 0.00 0.00 0.00 0.00 0.00 0.00 0.00 0.00 0.00 0.00 0.00 0.00 0.00 0.00 0.00 0.00 0.00 0.00 0.00 0.00 0.00 0.00 0.00 0.00 0.00 0.00 0.00 0.00 0.00 0.00 0.00 0.00 0.00 0.00 0.00 0.00 0.00 0.00 0.00 0.00 0.00 0.00 0.00 0.00 0.00 0.00 0.00 0.00 0.00 0.00 0.00 0.00 0.00 0.00 0.00 0.00 0.00 0.00 0.00 0.00 0.00 0.00 0.00 0.00 0.00 0.00 0.00 0.00 0.00 0.00 0.00 0.00 0.00 0.00 0.00 0.00 0.00 0.00 0.00 0.00 0.00 0.00 0.00 0.00 0.00 0.00 0.00 0.00 0.00 0.00 0.00 0.00 0.00 0.00 0.00 0.00 0.00 0.00 0.00 0.00 0.00 0.00 0.00 0.00 0.00 0.00 0.00 0.00 0.00 0.00 0.00 0.00 0.00 0.00 0.00 0.00 0.00 0.00 0.00 0.00 0.00 0.00 0.00 0.00 0.00 0.00 0.00 0.00 0.00 0.00 0.00 0.00 0.00 0.00 0.00 0.00 0.00 0.00 0.00 0.00 0.00 0.00 0.00 0.00 0.00 0.00 0.00 0.00 0.00 0.00 0.00 0.00 0.00 0.00 0.00 0.00 0.00 0.00 0.00 0.00 0.00 0.00 0.00 0.00 0.00 0.00 0.00 0.00 0.00 0.00 0.00 0.00 0.00 0.00 0.00 0.00 0.00 0.00 0.00 0.00 0.00 0.00 0.00 0.00 0.00 0.00 0.00 0.00 0.00 0.00 0.00 0.00 0.00 0.00 0.00 0.00 0.00 0.00 0.00 0.00 0.00 0.00 0.00 0.00 0.00 0.00 0.00 0.00 0.00 0.00 0.00 0.00 0.00 0.00 0.00 0.00 0.00 0.00 0.00 0.00 0.00 0.00 0.00 0.00 0.00 0.00 0.00 0.00 0.00 0.00 0.00 0.00 0.00 0.00 0.00 0.00 0.00 0.00 0.00 0.00 0.00 0.00 0.00 0.00 0.00 0.00 0.00 0.00 0.00 0.00 0.00 0.00 0.00 0.00 0.00 0.00 0.00 0.00 0.00 0.00 0.00 0.00 0.00 0.00 0.00 0.00 0.00 0.00 0.00 0.00 0.00 0.00 0.00 0.00 0.00 0.00 0.00 0.00 0.00 0.00 0.00 0.00 0.00 0.00 0.00 0.00 0.00 0.00 0.00 0.00 0.00 0.00 0.00 0.00 0.00 0.00 0.00 0.00 0.00 0.00 0.00 0.00 0.00 0.00 0.00 0.00 0.00 0.00 0.00 0.00 0.00 0.00 0.00 0.00 0.00 0.00 0.00 0.00 0.00 0.00 0.00 0.00 0.00 0.00 0.00 0.00 0.00 0.00 0.00 0.00 0.00 0.00 0.00 0.00 0.00 0.00 0.00 0.00 0.00 0.00 0.00 0.00 0.00 0.00 0.00 0.00 0.00 0.00 0.00 0.00 0.00 0.00 0.00 0.00 0.00 0.00 0.00 0.00 0.00 0.00 0.00 0.00 0.00 0.00 0.00 0.00 0.00 0.00 0.00 0.00 0.00 0.00 0.00 0.00 0.00 0.00 0.00 0.00 0.00 0.00 0.00 0.00 0.00 0.00 0.00 0.00 0.00 0.00 0.00 0.00 0.00 0.00 0.00 0.00 0.00 0.00 0.00 0.00 0.00 0.00 0.00 0.00 0.00 0.00 0.00 0.00 0.00 0.00 0.00 0.00 0.00 0.00 0.00 0.00 0.00 0.00 0.00 0.00 0.00 0.00 0.00 0.00 0.00 0.00 0.00 0.00 0.00 0.00 0.00 0.00 0.00 0.00 0.00 0.00 0.00 0.00 0.00 0.00 0.00 0.00 0.00 0.00 0.00 0.00 0.00 0.00 0.00 0.00 0.00 0.00 0.00 0.00 0.00 0.00 0.00 0.00 0.00 0.00 0.00 0.00 0.00 0.00 0.00 0.00 0.00 0.00 0.00 0.00 0.00 0.00 0.00 0.00 0.00 0.00 0.00 0.00 0.00 0.00 0.00 0.00 0.00 0.00 0.00 0.00 0.00 0.00 0.00 0.00 0.00 0.00 0.00 0.00 0.00 0.00 0.00 0.00 0.00 0.00 0.00 0.00 0.00 0.00 0.00 0.00 0.00 0.00 0.00 0.00 0.00 0.00 0.00 0.00 0.00 0.00 0.00 0.00 0.00 0.00 0.00 0.00 0.00 0.00 0.00 0.00 0.00 0.00 0.00 0.00 0.00 0.00 0.00 0.00 0.00 0.00 0.00 0.00 0.00 0.00 0.00 0.00 0.00 0.00 0.00 0.00 0.00 0.00 0.00 0.00 0.00 0.00 0.00 0.00 0.00 0.00 0.00 0.00 0.00 0.00 0.00 0.00 0.00 0.00 0.00 0.00 0.00 0.00 0.00 0.00 0.00 0.00 0.00 0.00 0.00 0.00 0.00 0.00 0.00 0.00 0.00 0.00 0.00 0.00 0.00 0.00 0.00 0.00 0.00 0.00 0.00 0.00 0.00 0.00 0.00 0.00 0.00 0.00 0.00 0.00 0.00 0.00 0.00 0.00 0.00 0.00 0.00 0.00 0.00 0.00 0.00 0.00 0.00 0.00 0.00 0.00 0.00 0.00 0.00 0.00 0.00 0.00 0.00 0.00 0.00 0.00 0.00 0.00 0.00 0.00 0.00 0.00 0.00 0.00 0.00 0.00 0.00 0.00 0.00 0.00 0.00 0.00 0.00 0.00 0.00 0.00 0.00 0.00 0.00 0.00 0.00 0.00 0.00 0.00 0.00 0.00 0.00 0.00 0.00 0.00 0.00 0.00 0.00 0.00 0.00 0.00 0.00 0.00 0.00 0.00 0.00 0.00 0.00 0.00 0.00 0.00 0.00 0.00 0.00 0.00 0.00 0.00 0.00 0.00 0.00 0.00 0.00 0.00 0.00 0.00 0.00 0.00 0.00 0.00 0.00 0.00 0.00 0.00 0.00 0.00 0.00 0.00 0.00 0.00 0.00 0.00 0.00 0.00 0.00 0.00 0.00 0.00 0.00 0.00 0.00 0.00 0.00 0.00 0.00 0.00 0.00 0.00 0.00 0.00 0.00 0.00 0.00 0.00 0.00 0.00 0.00 0.00 0.00 0.00 0.00 0.00 0.00 0.00 0.00 0.00 0.00 0.00 0.00 0.00 0.00 0.00 0.00 0.00 0.00 0.00 0.00 0.00 0.00 0.00 0.00 0.00 0.00 0.00 0.00 0.00 0.00 0.00 0.00 0.00 0.00 0.00 0.00 0.00 0.00 0.00 0.00 0.00 0.00 0.00 0.00 0.00 0.00 0.00 0.00 0.00 0.00 0.00 0.00 0.00 0.00 0.00 0.00 0.00 0.00 0.00 0.00 0.00 0.00 0.00 0.00 0.00 0.00 0.00 0.00 0.00 0.00 0.00 0.00 0.00 0.00 0.00 0.00 0.00 0.00 0.00 0.00 0.00 0.00 0.00 0.00 0.00 0.00 0.00 0.00 0.00 0.00 0.00 0.00 0.00 0.00 0.00 0.00 0.00 0.00 0.00 0.00 0.00 0.00 0.00 0.00 0.00 0.00 0.00 0.00 0.00 0.00 0.00 0.00 0.00 0.00 0.00 0.00 0.00 0.00 0.00 0.00 0.00 0.00 0.00 0.00 0.00 0.00 0.00 0.00 0.00 0.00 0.00 0.00 0.00 0.00 0.00 0.00 0.00 0.00 0.00 0.00 0.00 0.00 0.00 0.00 0.00 0.00 0.00 0.00 0.00 0.00 0.00 0.00 0.00 0.00 0.00 0.00 0.00 0.00 0.00 0.00 0.00 0.00 0.00 0.00 0.00 0.00 0.00 0.00 0.00 0.00 0.00 0.00 0.00 0.00 0.00 0.00 0.00 0.00 0.00 0.00 0.00 0.00 0.00 0.00 0.00 0.00 0.00 0.00 0.00 0.00 0.00 0.00 0.00 0.00 0.00 0.00 0.00 0.00 0.00 0.00 0.00 0.00 0.00 0.00 0.00 0.00 0.00 0.00 0.00 0.00 0.00 0.00 0.00 0.00 0.00 0.00 0.00 0.00 0.00 0.00 0.00 0.00 0.00 0.00 0.00 0.00 0.00 0.00 0.00 0.00 0.00 0.00 0.00 0.00 0.00 0.00 0.00 0.00 0.00 0.00 0.00 0.00 0.00 0.00 0.00 0.00 0.00 0.00 0.00 0.00 0.00 0.00 0.00 0.00 0.00 0.00 0.00 0.00 0.00 0.00 0.00 0.00 0.00 0.00 0.00 0.00 0.00 0.00 0.00 0.00 0.00 0.00 0.00 0.00 0.00 0.00 0.00 0.00 0.00 0.00 0.00 0.00 0.00 0.00 0.00 0.00 0.00 0.00 0.00 0.00 0.00 0.00 0.00 0.00 0.00 0.00 0.00 0.00 0.00 0.00 0.00 0.00 0.00 0.00 0.00 0.00 0.00 0.00 0.00 0.00 0.00 0.00 0.00 0.00 0.00 0.00 0.00 0.00 0.00 0.00 0.00 0.00 0.00 0.00 0.00 0.00 0.00 0.00 0.00 0.00 0.00 0.00 0.00 0.00 0.00 0.00 0.00 0.00 0.00 0.00 0.00 0.00 0.00 0.00 0.00 0.00 0.00 0.00 0.00 0.00 0.00 0.00 0.00 0.00 0.00 0.00 0.00 0.00 0.00 0.00 0.00 0.00 0.00 0.00 0.00 0.00 0.00 0.00 0.00 0.00 0.00 0.00 0.00 0.00 0.00 0.00 0.00 0.00 0.00 0.00 0.00 0.00 0.00 0.00 0.00 0.00 0.00 0.00 0.00 0.00 0.00 0.00 0.00 0.00 0.00 0.00 0.00 0.00 0.00 0.00 0.00 0.00 0.00 0.00 0.00 0.00 0.00 0.00 0.00 0.00 0.00 0.00 0.00 0.00 0.00 0.00 0.00 0.00 0.00 0.00 0.00 0.00 0.00 0.00 0.00 0.00 0.00 0.00 0.00 0.00 0.00 0.00 0.00 0.00 0.00 0.00 0.00 0.00 0.00 0.00 0.00 0.00 0.00 0.00 0.00 0.00 0.00 0.00 0.00 0.00 0.00 0.00 0.00 0.00 0.00 0.00 0.00 0.00 0.00 0.00 0.00 0.00 0.00 0.00 0.00 0.00 0.00 0.00 0.00 0.00 0.00 0.00 0.00 0.00 0.00 0.00 0.00 0.00 0.00 0.00 0.00 0.00 0.00 0.00 0.00 0.00 0.00 0.00 0.00 0.00 0.00 0.00 0.00 0.00 0.00 0.00 0.00 0.00 0.00 0.00 0.00 0.00 0.00 0.00 0.00 0.00 0.00 0.00 0.00 0.00 0.00 0.00 0.00 0.00 0.00 0.00 0.00 0.00 0.00 0.00 0.00 0.00 0.00 0.00 0.00 0.00 0.00 0.00 0.00 0.00 0.00 0.00 0.00 0.00 0.00 0.00 0.00 0.00 0.00 0.00 0.00 0.00 0.00 0.00 0.00 0.00 0.00 0.00 0.00 0.00 0.00 0.00 0.00 0.00 0.00 0.00 0.00 0.00 0.00 0.00 0.00 0.00 0.00 0.00 0.00 0.00 0.00 0.00 0.00 0.00 0.00 0.00 0.00 0.00 0.00 0.00 0.00 0.00 0.00 0.00 0.00 0.00 0.00 0.00 0.00 0.00 0.00 0.00 0.00 0.00 0.00 0.00 0.00 0.00 0.00 0.00 0.00 0.00 0.00 0.00 0.00 0.00 0.00 0.00 0.00 0.00 0.00 0.00 0.00 0.00 0.00 0.00 0.00 0.00 0.00 0.00 0.00 0.00 0.00 0.00 0.00 0.00 0.00 0.00 0.00 0.00 0.00 0.00 0.00 0.00 0.00 0.00 0.00 0.00 0.00 0.00 0.00 0.00 0.00 0.00 0.00 0.00 0.00 0.00 0.00 0.00 0.00 0.00 0.00 0.00 0.00 0.00 0.00 0.00 0.00 0.00 0.00 0.00 0.00 0.00 0.00 0.00 0.00 0.00 0.00 0.00 0.00 0.00 0.00 0.00 0.00 0.00 0.00 0.00 0.00 0.00 0.00 0.00 0.00 0.00 0.00 0.00 0.00 0.00 0.00 0.00 0.00 0.00 0.00 0.00 0.00 0.00 0.00 0.00 0.00 0.00 0.00 0.00 0.00 0.00 0.00 0.00 0.00 0.00 0.00 0.00 0.00 0.00 0.00 0.00 0.00 0.00 0.00 0.00 0.00 0.00 0.00 0.00 0.00 0.00 0.00 0.00 0.00 0.00 0.00 0.00 0.00 0.00 0.00 0.00 0.00 0.00 0.00 0.00 0.00 0.00 0.00 0.00 0.00 0.00 0.00 0.00 0.00 0.00 0.00 0.00 0.00 0.00 0.00 0.00 0.00 0.00 0.00 0.00 0.00 0.00 0.00 0.00 0.00 0.00 0.00 0.00 0.00 0.00 0.00 0.00 0.00 0.00 0.00 0.00 0.00 0.00 0.00 0.00 0.00 0.00 0.00 0.00 0.00 0.00 0.00 0.00 0.00 0.00 0.00 0.00 0.00 0.00 0.00 0.00 0.00 0.00 0.00 0.00 0.00 0.00 0.00 0.00 0.00 0.00 0.00 0.00 0.00 0.00 0.00 0.00 0.00 0.00 0.00 0.00 0.00 0.00 0.00 0.00 0.00 0.00 0.00 0.00 0.00 0.00 0.00 0.00 0.00 0.00 0.00 0.00 0.00 0.00 0.00 0.00 0.00 0.00 0.00 0.00 0.00 0.00 0.00 0.00 0.00 0.00 0.00 0.00 0.00 0.00 0.00 0.00 0.00 0.00 0.00 0.00 0.00 0.00 0.00 0.00 0.00 0.00 0.00 0.00 0.00 0.00 0.00 0.00 0.00 0.00 0.00 0.00 0.00 0.00 0.00 0.00 0.00 0.00 0.00 0.00 0.00 0.00 0.00 0.00 0.00 0.00 0.00 0.00 0.00 0.00 0.00 0.00 0.00 0.00 0.00 0.00 0.00 0.00 0.00 0.00 0.00 0.00 0.00 0.00 0.00 0.00 0.00 0.00 0.00 0.00 0.00 0.00 0.00 0.00 0.00 0.00 0.00 0.00 0.00 0.00 0.00 0.00 0.00 0.00 0.00 0.00 0.00 0.00 0.00 0.00 0.00 0.00 0.00 0.00 0.00 0.00 0.00 0.00 0.00 0.00 0.00 0.00 0.00 0.00 0.00 0.00 0.00 0.00 0.00 0.00 0.00 0.00 0.00 0.00 0.00 0.00 0.00 0.00 0.00 0.00 0.00 0.00 0.00 0.00 0.00 0.00 0.00 0.00 0.00 0.00 0.00 0.00 0.00 0.00 0.00 0.00 0.00 0.00 0.00 0.00 0.00 0.00 0.00 0.00 0.00 0.00 0.00 0.00 0.00 0.00 0.00 0.00 0.00 0.00 0.00 0.00 0.00 0.00 0.00 0.00 0.00 0.00 0.00 0.00 0.00 0.00 0.00 0.00 0.00 0.00 0.00 0.00 0.00 0.00 0.00 0.00 0.00 0.00 0.00 0.00 0.00 0.00 0.00 0.00 0.00 0.00 0.00 0.00 0.00 0.00 0.00 0.00 0.00 0.00 0.00 0.00 0.00 0.00 0.00 0.00 0.00 0.00 0.00 0.00 0.00 0.00 0.00 0.00 0.00 0.00 0.00 0.00 0.00 0.00 0.00 0.00 0.00 0.00 0.00 0.00 0.00 0.00 0.00 0.00 0.00 0.00 0.00 0.00 0.00 0.00 0.00 0.00 0.00 0.00 0.00 0.00 0.00 0.00 0.00 0.00 0.00 0.00 0.00 0.00 0.00 0.00 0.00 0.00 0.00 0.00 0.00 0.00 0.00 0.00 0.00 0.00 0.00 0.00 0.00 0.00 0.00 0.00 0.00 0.00 0.00 0.00 0.00 0.00 0.00 0.00 0.00 0.00 0.00 0.00 0.00 0.00 0.00 0.00 0.00 0.00 0.00 0.00 0.00 0.00 0.00 0.00 0.00 0.00 0.00 0.00 0.00 0.00 0.00 0.00 0.00 0.00 0.00 0.00 0.00 0.00 0.00 0.00 0.00 0.00 0.00 0.00 0.00 0.00 0.00 0.00 0.00 0.00 0.00 0.00 0.00 0.00 0.00 0.00 0.00 0.00 0.00 0.00 0.00 0.00 0.00 0.00 0.00 0.00 0.00 0.00 0.00 0.00 0.00 0.00 0.00 0.00 0.00 0.00 0.00 0.00 0.00 0.00 0.00 0.00 0.00 0.00 0.00 0.00 0.00 0.00 0.00 0.00 0.00 0.00 0.00 0.00 0.00 0.00 0.00 0.00 0.00 0.00 0.00 0.00 0.00 0.00 0.00 0.00 0.00 0.00 0.00 0.00 0.00 0.00 0.00 0.00 0.00 0.00 0.00 0.00 0.00 0.00 0.00 0.00 0.00 0.00 0.00 0.00 0.00 0.00 0.00 0.00 0.00 0.00 0.00 0.00 0.00 0.00 0.00 0.00 0.00 0.00 0.00 0.00 0.00 0.00 0.00 0.00 0.00 0.00 0.00 0.00 0.00 0.00 0.00 0.00 0.00 0.00 0.00 0.00 0.00 0.00 0.00 0.00 0.00 0.00 0.00 0.00 0.00 0.00 0.00 0.00 0.00 0.00 0.00 0.00 0.00 0.00 0.00 0.00 0.00 0.00 0.00 0.00 0.00 0.00 0.00 0.00 0.00 0.00 0.00 0.00 0.00 0.00 0.00 0.00 0.00 0.00 0.00 0.00 0.00 0.00 0.00 0.00 0.00 0.00 0.00 0.00 0.00 0.00 0.00 0.00 0.00 0.00 0.00 0.00 0.00 0.00 0.00 0.00 0.00 0.00 0.00 0.00 0.00 0.00 0.00 0.00 0.00 0.00 0.00 0.00 0.00 0.00 0.00 0.00 0.00 0.00 0.00 0.00 0.00 0.00 0.00 0.00 0.00 0.00 0.00 0.00 0.00 0.00 0.00 0.00 0.00 0.00 0.00 0.00 0.00 0.00 0.00 0.00 0.00 0.00 0.00 0.00 0.00 0.00 0.00 0.00 0.00 0.00 0.00 0.00 0.00 0.00 0.00 0.00 0.00 0.00 0.00 0.00 0.00 0.00 0.00 0.00 0.00 0.00 0.00 0.00 0.00 0.00 0.00 0.00 0.00 0.00 0.00 0.00 0.00 0.00 0.00 0.00 0.00 0.00 0.00 0.00 0.00 0.00 0.00 0.00 0.00 0.00 0.00 0.00 0.00 0.00 0.00 0.00 0.00 0.00 0.00 0.00 0.00 0.00 0.00 0.00 0.00 0.00 0.00 0.00 0.00 0.00 0.00 0.00 0.00 0.00 0.00 0.00 0.00 0.00 0.00 0.00 0.00 0.00 0.00 0.00 0.00 0.00 0.00 0.00 0.00 0.00 0.00 0.00 0.00 0.00 0.00 0.00 0.00 0.00 0.00 0.00 0.00 0.00 0.00 0.00 0.00 0.00 0.00 0.00 0.00 0.00 0.00 0.00 0.00 0.00 0.00 0.00 0.00 0.00 0.00 0.00 0.00 0.00 0.00 0.00 0.00 0.00 0.00 0.00 0.00 0.00 0.00 0.00 0.00 0.00 0.00 0.00 0.00 0.00 0.00 0.00 0.00 0.00 0.00 0.00 0.00 0.00 0.00 0.00 0.00 0.00 0.00 0.00 0.00 0.00 0.00 0.00 0.00 0.00 0.00 0.00 0.00 0.00 0.00 0.00 0.00 0.00 0.00 0.00 0.00 0.00 0.00 0.00 0.00 0.00 0.00 0.00 0.00 0.00 0.00 0.00 0.00 0.00 0.00 0.00 0.00 0.00 0.00 0.00 0.00 0.00 0.00 0.00 0.00 0.00 0.00 0.00 0.00 0.00 0.00 0.00 0.00 0.00 0.00 0.00 0.00 0.00 0.00 0.00 0.00 0.00 0.00 0.00 0.00 0.00 0.00 0.00 0.00 0.00 0.00 0.00 0.00 0.00 0.00 0.00 0.00 0.00 0.00 0.00 0.00 0.00 0.00 0.00 0.00 0.00 0.00 0.00 0.00 0.00 0.00 0.00 0.00 0.00 0.00 0.00 0.00 0.00 0.00 0.00 0.00 0.00 0.00 0.00 0.00 0.00 0.00 0.00 0.00 0.00 0.00 0.00 0.00 0.00 0.00 0.00 0.00 0.00 0.00 0.00 0.00 0.00 0.00 0.00 0.00 0.00 0.00 0.00 0.00 0.00 0.00 0.00 0.00 0.00 0.00 0.00 0.00 0.00 0.00 0.00 0.00 0.00 0.00 0.00 0.00 0.00 0.00 0.00 0.00 0.00 0.00 0.00 0.00 0.00 0.00 0.00 0.00 0.00 0.00 0.00 0.00 0.00 0.00 0.00 0.00 0.00 0.00 0.00 0.00 0.00 0.00 0.00 0.00 0.00 0.00 0.00 0.00 0.00 0.00 0.00 0.00 0.00 0.00 0.00 0.00 0.00 0.00 0.00 0.00 0.00 0.00 0.00 0.00 0.00 0.00 0.00 0.00 0.00 0.00 0.00 0.00 0.00 0.00 0.00 0.00 0.00 0.00 0.00 0.00 0.00 0.00 0.00 0.00 0.00 0.00 0.00 0.00 0.00 0.00 0.00 0.00 0.00 0.00 0.00 0.00 0.00 0.00 0.00 0.00 0.00 0.00 0.00 0.00 0.00 0.00 0.00 0.00 0.00 0.00 0.00 0.00 0.00 0.00 0.00 0.00 0.00 0.00 0.00 0.00 0.00 0.00 0.00 0.00 0.00 0.00 0.00 0.00 0.00 0.00 0.00 0.00 0.00 0.00 0.00 0.00 0.00 0.00 0.00 0.00 0.00 0.00 0.00 0.00 0.00 0.00 0.00 0.00 0.00 0.00 0.00 0.00 0.00 0.00 0.00 0.00 0.00 0.00 0.00 0.00 0.00 0.00 0.00 0.00 0.00 0.00 0.00 0.00 0.00 0.00 0.00 0.00 0.00 0.00 0.00 0.00 0.00 0.00 0.00 0.00 0.00 0.00 0.00 0.00 0.00 0.00 0.00 0.00 0.00 0.00 0.00 0.00 0.00 0.00 0.00 0.00 0.00 0.00 0.00 0.00 0.00 0.00 0.00 0.00 0.00 0.00 0.00 0.00 0.00 0.00 0.00 0.00 0.00 0.00 0.00 0.00 0.00 0.00 0.00 0.00 0.00 0.00 0.00 0.00 0.00 0.00 0.00 0.00 0.00 0.00 0.00 0.00 0.00 0.00 0.00 0.00 0.00 0.00 0.00 0.00 0.00 0.00 0.00 0.00 0.00 0.00 0.00 0.00 0.00 0.00 0.00 0.00 0.00 0.00 0.00 0.00 0.00 0.00 0.00 0.00 0.00 0.00 0.00 0.00 0.00 0.00 0.00 0.00 0.00 0.00 0.00 0.00 0.00 0.00 0.00 0.00 0.00 0.00 0.00 0.00 0.00 0.00 0.00 0.00 0.00 0.00 0.00 0.00 0.00 0.00 0.00 0.00 0.00 0.00 0.00 0.00 0.00 0.00 0.00 0.00 0.00 0.00 0.00 0.00 0.00 0.00 0.00 0.00 0.00 0.00 0.00 0.00 0.00 0.00 0.00 0.00 0.00 0.00 0.00 0.00 0.00 0.00 0.00 0.00 0.00 0.00 0.00 0.00 0.00 0.00 0.00 0.00 0.00 0.00 0.00 0.00 0.00 0.00 0.00 0.00 0.00 0.00 0.00 0.00 0.00 0.00 0.00 0.00 0.00 0.00 0.00 0.00 0.00 0.00 0.00 0.00 0.00 0.00 0.00 0.00 0.00 0.00 0.00 0.00 0.00 0.00 0.00 0.00 0.00 0.00 0.00 0.00 0.00 0.00 0.00 0.00 0.00 0.00 0.00 0.00 0.00 0.00 0.00 0.00 0.00 0.00 0.00 0.00 0.00 0.00 0.00 0.00 0.00 0.00 0.00 0.00 0.00 0.00 0.00 0.00 0.00 0.00 0.00 0.00 0.00 0.00 0.00 0.00 0.00 0.00 0.00 0.00 0.00 0.00 0.00 0.00 0.00 0.00 0.00 0.00 0.00 0.00 0.00 0.00 0.00 0.00 0.00 0.00 0.00 0.00 0.00 0.00 0.00 0.00 0.00 0.00 0.00 0.00 0.00 0.00 0.00 0.00 0.00 0.00 0.00 0.00 0.00 0.00 0.00 0.00 0.00 0.00 0.00 0.00 0.00 0.00 0.00 0.00 0.00 0.00 0.00 0.00 0.00 0.00 0.00 0.00 0.00 0.00 0.00 0.00 0.00 0.00 0.00 0.00 0.00 0.00 0.00 0.00 0.00 0.00 0.00 0.00 0.00 0.00 0.00 0.00 0.00 0.00 0.00 0.00 0.00 0.00 0.00 0.00 0.00 0.00 0.00 0.00 0.00 0.00 0.00 0.00 0.00 0.00 0.00 0.00 0.00 0.00 0.00 0.00 0.00 0.00 0.00 0.00 0.00 0.00 0.00 0.00 0.00 0.00 0.00 0.00 0.00 0.00 0.00 0.00 0.00 0.00 0.00 0.00 0.00 0.00 0.00 0.00 0.00 0.00 0.00 0.00 0.00 0.00 0.00 0.00 0.00 0.00 0.00 0.00 0.00 0.00 0.00 0.00 0.00 0.00 0.00 0.00 0.00 0.00 0.00 0.00 0.00 0.00 0.00 0.00 0.00 0.00 0.00 0.00 0.00 0.00 0.00 0.00 0.00 0.00 0.00 0.00 0.00 0.00 0.00 0.00 0.00 0.00 0.00 0.00 0.00 0.00 0.00 0.00 0.00 0.00 0.00 0.00 0.00 0.00 0.00 0.00 0.00 0.00 0.00 0.00 0.00 0.00 0.00 0.00 0.00 0.00 0.00 0.00 0.00 0.00 0.00 0.00 0.00 0.00 0.00 0.00 0.00 0.00 0.00 0.00 0.00 0.00 0.00 0.00 0.00 0.00 0.00 0.00 0.00 0.00 0.00 0.00 0.00 0.00 0.00 0.00 0.00 0.00 0.00 0.00 0.00 0.00 0.00 0.00 0.00 0.00 0.00 0.00 0.00 0.00 0.00 0.00 0.00 0.00 0.00 0.00 0.00 0.00 0.00 0.00 0.00 0.00 0.00 0.00 0.00 0.00 0.00 0.00 0.00 0.00 0.00 0.00 0.00 0.00 0.00 0.00 0.00 0.00 0.00 0.00 0.00 0.00 0.00 0.00 0.00 0.00 0.00 0.00 0.00 0.00 0.00 0.00 0.00 0.00 0.00 0.00 0.00 0.00 0.00 0.00 0.00 0.00 0.00 0.00 0.00 0.00 0.00 0.00 0.00 0.00 0.00 0.00 0.00 0.00 0.00 0.00 0.00 0.00 0.00 0.00 0.00 0.00 0.00 0.00 0.00 0.00 0.00 0.00 0.00 0.00 0.00 0.00 0.00 0.00 0.00 0.00 0.00 0.00 0.00 0.00 0.00 0.00 0.00 0.00 0.00 0.00 0.00 0.00 0.00 0.00 0.00 0.00 0.00 0.00 0.00 0.00 0.00 0.00 0.00 0.00 0.00 0.00 0.00 0.00 0.00 0.00 0.00 0.00 0.00 0.00 0.00 0.00 0.00 0.00 0.00 0.00 0.00 0.00 0.00 0.00 0.00 0.00 0.00 0.00 0.00 0.00 0.00 0.00 0.00 0.00 0.00 0.00 0.00 0.00 0.00 0.00 0.00 0.00 0.00 0.00 0.00 0.00 0.00 0.00 0.00 0.00 0.00 0.00 0.00 0.00 0.00 0.00 0.00 0.00 0.00 0.00 0.00 0.00 0.00 0.00 0.00 0.00 0.00 0.00 0.00 0.00 0.00 0.00 0.00 0.00 0.00 0.00 0.00 0.00 0.00 0.00 0.00 0.00 0.00 0.00 0.00 0.00 0.00 0.00 0.00 0.00 0.00 0.00 0.00 0.00 0.00 0.00 0.00 0.00 0.00 0.00 0.00 0.00 0.00 0.00 0.00 0.00 0.00 0.00 0.00 0.00 0.00 0.00 0.00 0.00 0.00 0.00 0.00 0.00 0.00 0.00 0.00 0.00 0.00 0.00 0.00 0.00 0.00 0.00 0.00 0.00 0.00 0.00 0.00 0.00 0.00 0.00 0.00 0.00 0.00 0.00 0.00 0.00 0.00 0.00 0.00 0.00 0.00 0.00 0.00 0.00 0.00 0.00 0.00 0.00 0.00 0.00 0.00 0.00 0.00 0.00 0.00 0.00 0.00 0.00 0.00 0.00 0.00 0.00 0.00 0.00 0.00 0.00 0.00 0.00 0.00 0.00 0.00 0.00 0.00 0.00 0.00 0.00 0.00 0.00 0.00 0.00 0.00 0.00 0.00 0.00 0.00 0.00 0.00 0.00 0.00 0.00 0.00 0.00 0.00 0.00 0.00 0.00 0.00 0.00 0.00 0.00 0.00 0.00 0.00 0.00 0.00 0.00 0.00 0.00 0.00 0.00 0.00 0.00 0.00 0.00 0.00 0.00 0.00 0.00 0.00 0.00 0.00 0.00 0.00 0.00 0.00 0.00 0.00 0.00 0.00 0.00 0.00 0.00 0.00 0.00 0.00 0.00 0.00 0.00 0.00 0.00 0.00 0.00 0.00 0.00 0.00 0.00 0.00 0.00 0.00 0.00 0.00 0.00 0.00 0.00 0.00 0.00 0.00 0.00 0.00 0.00 0.00 0.00 0.00 0.00 0.00 0.00 0.00 0.00 0.00 0.00 0.00 0.00 0.00 0.00 0.00 0.00 0.00 0.00 0.00 0.00 0.00 0.00 0.00 0.00 0.00 0.00 0.00 0.00 0.00 0.00 0.00 0.00 0.00 0.00 0.00 0.00 0.00 0.00 0.00 0.00 0.00 0.00 0.00 0.00 0.00 0.00 0.00 0.00 0.00 0.00 0.00 0.00 0.00 0.00 0.00 0.00 0.00 0.00 0.00 0.00 0.00 0.00 0.00 0.00 0.00 0.00 0.00 0.00 0.00 0.00 0.00 0.00 0.00 0.00 0.00 0.00 0.00 0.00 0.00 0.00 0.00 0.00 0.00 0.00 0.00 0.00 0.00 0.00 0.00 0.00 0.00 0.00 0.00 0.00 0.00 0.00 0.00 0.00 0.00 0.00 0.00 0.00 0.00 0.00 0.00 0.00 0.00 0.00 0.00 0.00 0.00 0.00 0.00 0.00 0.00 0.00 0.00 0.00 0.00 0.00 0.00 0.00 0.00 0.00 0.00 0.00 0.00 0.00 0.00 0.00 0.00 0.00 0.00 0.00 0.00 0.00 0.00 0.00 0.00 0.00 0.00 0.00 0.00 0.00 0.00 0.00 0.00 0.00 0.00 0.00 0.00 0.00 0.00 0.00 0.00 0.00 0.00 0.00 0.00 0.00 0.00 0.00 0.00 0.00 0.00 0.00 0.00 0.00 0.00 0.00 0.00 0.00 0.00 0.00 0.00 0.00 0.00 0.00 0.00 0.00 0.00 0.00 0.00 0.00 0.00 0.00 0.00 0.00 0.00 0.00 0.00 0.00 0.00 0.00 0.00 0.00 0.00 0.00 0.00 0.00 0.00 0.00 0.00 0.00 0.00 0.00 0.00 0.00 0.00 0.00 0.00 0.00 0.00 0.00 0.00 0.00 0.00 0.00 0.00 0.00 0.00 0.00 0.00 0.00 0.00 0.00 0.00 0.00 0.00 0.00 0.00 0.00 0.00 0.00 0.00 0.00 0.00 0.00 0.00 0.00 0.00 0.00 0.00 0.00 0.00 0.00 0.00 0.00 0.00 0.00 0.00 0.00 0.00 0.00 0.00 0.00 0.00 0.00 0.00 0.00 0.00 0.00 0.00 0.00 0.00 0.00 0.00 0.00 0.00 0.00 0.00 0.00 0.00 0.00 0.00 0.00 0.00 0.00 0.00 0.00 0.00 0.00 0.00 0.00 0.00 0.00 0.00 0.00 0.00 0.00 0.00 0.00 0.00 0.00 0.00 0.00 0.00 0.00 0.00 0.00 0.00 0.00 0.00 0.00 0.00 0.00 0.00 0.00 0.00 0.00 0.00 0.00 0.00 0.00 0.00 0.00 0.00 0.00 0.00 0.00 0.00 0.00 0.00 0.00 0.00 0.00 0.00 0.00 0.00 0.00 0.00 0.00 0.00 0.00 0.00 0.00 0.00 0.00 0.00 0.00 0.00 0.00 0.00 0.00 0.00 0.00 0.00 0.00 0.00 0.00 0.00 0.00 0.00 0.00 0.00 0.00 0.00 0.00 0.00 0.00 0.00 0.00 0.00 0.00 0.00 0.00 0.00 0.00 0.00 0.00 0.00 0.00 0.00 0.00 0.00 0.00 0.00 0.00 0.00 0.00 0.00 0.00 0.00 0.00 0.00 0.00 0.00 0.00 0.00 0.00 0.00 0.00 0.00 0.00 0.00 0.00 0.00 0.00 0.00 0.00 0.00 0.00 0.00 0.00 0.00 0.00 0.00 0.00 0.00 0.00 0.00 0.00 0.00 0.00 0.00 0.00 0.00 0.00 0.00 0.00 0.00 0.00 0.00 0.00 0.00 0.00 0.00 0.00 0.00 0.00 0.00 0.00 0.00 0.00 0.00 0.00 0.00 0.00 0.00 0.00 0.00 0.00 0.00 0.00 0.00 0.00 0.00 0.00 0.00 0.00 0.00 0.00 0.00 0.00 0.00 0.00 0.00 0.00 0.00 0.00 0.00 0.00 0.00 0.00 0.00 0.00 0.00 0.00 0.00 0.00 0.00 0.00 0.00 0.00 0.00 0.00 0.00 0.00 0.00 0.00 0.00 0.00 0.00 0.00 0.00 0.00 0.00 0.00 0.00 0.00 0.00 0.00 0.00 0.00 0.00 0.00 0.00 0.00 0.00 0.00 0.00 0.00 0.00 0.00 0.00 0.00 0.00 0.00 0.00 0.00 0.00 0.00 0.00 0.00 0.00 0.00 0.00 0.00 0.00 0.00 0.00 0.00 0.00 0.00 0.00 0.00 0.00 0.00 0.00 0.00 0.00 0.00 0.00 0.00 0.00 0.00 0.00 0.00 0.00 0.00 0.00 0.00 0.00 0.00 0.00 0.00 0.00 0.00 0.00 0.00 0.00 0.00 0.00 0.00 0.00 0.00 0.00 0.00 0.00 0.00 0.00 0.00 0.00 0.00 0.00 0.00 0.00 0.00 0.00 0.00 0.00 0.00 0.00 0.00 0.00 0.00 0.00 0.00 0.00 0.00 0.00 0.00 0.00 0.00 0.00 0.00 0.00 0.00 0.00 0.00 0.00 0.00 0.00 0.00 0.00 0.00 0.00 0.00 0.00 0.00 0.00 0.00 0.00 0.00 0.00 0.00 0.00 0.00 0.00 0.00 0.00 0.00 0.00 0.00 0.00 0.00 0.00 0.00 0.00 0.00 0.00 0.00 0.00 0.00 0.00 0.00 0.00 0.00 0.00 0.00 0.00 0.00 0.00 0.00 0.00 0.00 0.00 0.00 0.00 0.00 0.00 0.00 0.00 0.00 0.00 0.00 0.00 0.00 0.00 0.00 0.00 0.00 0.00 0.00 0.00 0.00 0.00 0.00 0.00 0.00 0.00 0.00 0.00 0.00 0.00 0.00 0.00 0.00 0.00 0.00 0.00 0.00 0.00 0.00 0.00 0.00 0.00 0.00 0.00 0.00 0.00 0.00 0.00 0.00 0.00 0.00 0.00 0.00 0.00 0.00 0.00 0.00 0.00 0.00 0.00 0.00 0.00 0.00 0.00 0.00 0.00 0.00 0.00 0.00 0.00 0.00 0.00 0.00 0.00 0.00 0.00 0.00 0.00 0.00 0.00 0.00 0.00 0.00 0.00 0.00 0.00 0.00 0.00 0.00 0.00 0.00 0.00 0.00 0.00 0.00 0.00 0.00 0.00 0.00 0.00 0.00 0.00 0.00 0.00 0.00 0.00 0.00 0.00 0.00 0.00 0.00 0.00 0.00 0.00 0.00 0.00 0.00 0.00 0.00 0.00 0.00 0.00 0.00 0.00 0.00 0.00 0.00 0.00 0.00 0.00 0.00 0.00 0.00 0.00 0.00 0.00 0.00 0.00 0.00 0.00 0.00 0.00 0.00 0.00 0.00 0.00 0.00 0.00 0.00 0.00 0.00 0.00 0.00 0.00 0.00 0.00 0.00 0.00 0.00 0.00 0.00 0.00 0.00 0.00 0.00 0.00 0.00 0.00 0.00 0.00 0.00 0.00 0.00 0.00 0.00 0.00 0.00 0.00 0.00 0.00 0.00 0.00 0.00 0.00 0.00 0.00 0.00 0.00 0.00 0.00 0.00 0.00 0.00 0.00 0.00 0.00 0.00 0.00 0.00 0.00 0.00 0.00 0.00 0.00 0.00 0.00 0.00 0.00 0.00 0.00 0.00 0.00 0.00 0.00 0.00 0.00 0.00 0.00 0.00 0.00 0.00 0.00 0.00 0.00 0.00 0.00 0.00 0.00 0.00 0.00 0.00 0.00 0.00 0.00 0.00 0.00 0.00 0.00 0.00 0.00 0.00 0.00 0.00 0.00 0.00 0.00 0.00 0.00 0.00 0.00 0.00 0.00 0.00 0.00 0.00 0.00 0.00 0.00 0.00 0.00 0.00 0.00 0.00 0.00 0.00 0.00 0.00 0.00 0.00 0.00 0.00 0.00 0.00 0.00 0.00 0.00 0.00 0.00 0.00 0.00 0.00 0.00 0.00 0.00 0.00 0.00 0.00 0.00 0.00 0.00 0.00 0.00 0.00 0.00 0.00 0.00 0.00 0.00 0.00 0.00 0.00 0.00 0.00 0.00 0.00 0.00 0.00 0.00 0.00 0.00 0.00 0.00 0.00 0.00 0.00 0.00 0.00 0.00 0.00 0.00 0.00 0.00 0.00 0.00 0.00 0.00 0.00 0.00 0.00 0.00 0.00 0.00 0.00 0.00 0.00 0.00 0.00 0.00 0.00 0.00 0.00 0.00 0.00 0.00 0.00 0.00 0.00 0.00 0.00 0.00 0.00 0.00 0.00 0.00 0.00 0.00 0.00 0.00 0.00 0.00 0.00 0.00 0.00 0.00 0.00 0.00 0.00 0.00 0.00 0.00 0.00 0.00 0.00 0.00 0.00 0.00 0.00 0.00 0.00 0.00 0.00 0.00 0.00 0.00 0.00 0.00 0.00 0.00 0.00 0.00 0.00 0.00 0.00 0.00 0.00 0.00 0.00 0.00 0.00 0.00 0.00 0.00 0.00 0.00 0.00 0.00 0.00 0.00 0.00 0.00 0.00 0.00 0.00 0.00 0.00 0.00 0.00 0.00 0.00 0.00 0.00 0.00 0.00 0.00 0.00 0.00 0.00 0.00 0.00 0.00 0.00 0.00 0.00 0.00 0.00 0.00 0.00 0.00 0.00 0.00 0.00 0.00 0.00 0.00 0.00 0.00 0.00 0.00 0.00 0.00 0.00 0.00 0.00 0.00 0.00 0.00 0.00 0.00 0.00 0.00 0.00 0.00 0.00 0.00 0.00 0.00 0.00 0.00 0.00 0.00 0.00 0.00 0.00 0.00 0.00 0.00 0.00 0.00 0.00 0.00 0.00 0.00 0.00 0.00 0.00 0.00 0.00 0.00 0.00 0.00 0.00 0.00 0.00 0.00 0.00 0.00 0.00 0.00 0.00 0.00 0.00 0.00 0.00 0.00 0.00 0.00 0.00 0.00 0.00 0.00 0.00 0.00 0.00 0.00 0.00 0.00 0.00 0.00 0.00 0.00 0.00 0.00 0.00 0.00 0.00 0.00 0.00 0.00 0.00 0.00 0.00 0.00 0.00 0.00 0.00 0.00 0.00 0.00 0.00 0.00 0.00 0.00 0.00 0.00 0.00 0.00 0.00 0.00 0.00 0.00 0.00 0.00 0.00 0.00 0.00 0.00 0.00 0.00 0.00 0.00 0.00 0.00 0.00 0.00 0.00 0.00 0.00 0.00 0.00 0.00 0.00 0.00 0.00 0.00 0.00 0.00 0.00 0.00 0.00 0.00 0.00 0.00 0.00 0.00 0.00 0.00 0.00 0.00 0.00 0.00 0.00 0.00 0.00 0.00 0.00 0.00 0.00 0.00 0.00 0.00 0.00 0.00 0.00 0.00 0.00 0.00 0.00 0.00 0.00 0.00 0.00 0.00 0.00 0.00 0.00 0.00 0.00 0.00 0.00 0.00 0.00 0.00 0.00 0.00 0.00 0.00 0.00 0.00 0.00 0.00 0.00 0.00 0.00 0.00 0.00 0.00 0.00 0.00 0.00 0.00 0.00 0.00 0.00 0.00 0.00 0.00 0.00 0.00 0.00 0.00 0.00 0.00 0.00 0.00 0.00 0.00 0.00 0.00 0.00 0.00 0.00 0.00 0.00 0.00 0.00 0.00 0.00 0.00 0.00 0.00 0.00 0.00 0.00 0.00 0.00 0.00 0.00 0.00 0.00 0.00 0.00 0.00 0.00 0.00 0.00 0.00 0.00 0.00 0.00 0.00 0.00 0.00 0.00 0.00 0.00 0.00 0.00 0.00 0.00 0.00 0.00 0.00 0.00 0.00 0.00 0.00 0.00 0.00 0.00 0.00 0.00 0.00 0.00 0.00 0.00 0.00 0.00 0.00 0.00 0.00 0.00 0.00 0.00 0.00 0.00 0.00 0.00 0.00 0.00 0.00 0.00 0.00 0.00 0.00 0.00 0.00 0.00 0.00 0.00 0.00 0.00 0.00 0.00 0.00 0.00 0.00 0.00 0.00 0.00 0.00 0.00 0.00 0.00 0.00 0.00 0.00 0.00 0.00 0.00 0.00 0.00 0.00 0.00 0.00 0.00 0.00 0.00 0.00 0.00 0.00 0.00 0.00 0.00 0.00 0.00 0.00 0.00 0.00 0.00 0.00 0.00 0.00 0.00 0.00 0.00 0.00 0.00 0.00 0.00 0.00 0.00 0.00 0.00 0.00 0.00 0.00 0.00 0.00 0.00 0.00 0.00 0.00 0.00 0.00 0.00 0.00 0.00 0.00 0.00 0.00 0.00 0.00 0.00 0.00 0.00 0.00 0.00 0.00 0.00 0.00 0.00 0.00 0.00 0.00 0.00 0.00 0.00 0.00 0.00 0.00 0.00 0.00 0.00 0.00 0.00 0.00 0.00 0.00 0.00 0.00 0.00 0.00 0.00 0.00 0.00 0.00 0.00 0.00 0.00 0.00 0.00 0.00 0.00 0.00 0.00 0.00 0.00 0.00 0.00 0.00 0.00 0.00 0.00 0.00 0.00 0.00 0.00 0.00 0.00 0.00 0.00 0.00 0.00 0.00 0.00 0.00 0.00 0.00 0.00 0.00 0.00 0.00 0.00 0.00 0.00 0.00 0.00 0.00 0.00 0.00 0.00 0.00 0.00 0.00 0.00 0.00 0.00 0.00 0.00 0.00 0.00 0.00 0.00 0.00 0.00 0.00 0.00 0.00 0.00 0.00 0.00 0.00 0.00 0.00 0.00 0.00 0.00 0.00 0.00 0.00 0.00 0.00 0.00 0.00 0.00 0.00 0.00 0.00 0.00 0.00 0.00 0.00 0.00 0.00 0.00 0.00 0.00 0.00 0.00 0.00 0.00 0.00 0.00 0.00 0.00 0.00 0.00 0.00 0.00 0.00 0.00 0.00 0.00 0.00 0.00 0.00 0.00 0.00 0.00 0.00 0.00 0.00 0.00 0.00 0.00 0.00 0.00 0.00 0.00 0.00 0.00 0.00 0.00 0.00 0.00 0.00 0.00 0.00 0.00 0.00 0.00 0.00 0.00 0.00 0.00 0.00 0.00 0.00 0.00 0.00 0.00 0.00 0.00 0.00 0.00 0.00 0.00 0.00 0.00 0.00 0.00 0.00 0.00 0.00 0.00 0.00 0.00 0.00 0.00 0.00 0.00 0.00 0.00 0.00 0.00 0.00 0.00 0.00 0.00 0.00 0.00 0.00 0.00 0.00 0.00 0.00 0.00 0.00 0.00 0.00 0.00 0.00 0.00 0.00 0.00 0.00 0.00 0.00 0.00 0.00 0.00 0.00 0.00 0.00 0.00 0.00 0.00 0.00 0.00 0.00 0.00 0.00 0.00 0.00 0.00 0.00 0.00 0.00 0.00 0.00 0.00 0.00 0.00 0.00 0.00 0.00 0.00 0.00 0.00 0.00 0.00 0.00 0.00 0.00 0.00 0.00 0.00 0.00 0.00 0.00 0.00 0.00 0.00 0.00 0.00 0.00 0.00 0.00 0.00 0.00 0.00 0.00 0.00 0.00 0.00 0.00 0.00 0.00 0.00 0.00 0.00 0.00 0.00 0.00 0.00 0.00 0.00 0.00 0.00 0.00 0.00 0.00 0.00 0.00 0.00 0.00 0.00 0.00 0.00 0.00 0.00 0.00 0.00 0.00 0.00 0.00 0.00 0.00 0.00 0.00 0.00 0.00 0.00 0.00 0.00 0.00 0.00 0.00 0.00 0.00 0.00 0.00 0.00 0.00 0.00 0.00 0.00 0.00 0.00 0.00 0.00 0.00 0.00 0.00 0.00 0.00 0.00 0.00 0.00 0.00 0.00 0.00 0.00 0.00 0.00 0.00 0.00 0.00 0.00 0.00 0.00 0.00 0.00 0.00 0.00 0.00 0.00 0.00 0.00 0.00 0.00 0.00 0.00 0.00 0.00 0.00 0.00 0.00 0.00 0.00 0.00 0.00 0.00 0.00 0.00 0.00 0.00 0.00 0.00 0.00 0.00 0.00 0.00 0.00 0.00 0.00 0.00 0.00 0.00 0.00 0.00 0.00 0.00 0.00 0.00 0.00 0.00 0.00 0.00 0.00 0.00 0.00 0.00 0.00 0.00 0.00 0.00 0.00 0.00 0.00 0.00 0.00 0.00 0.00 0.00 0.00 0.00 0.00 0.00 0.00 0.00 0.00 0.00 0.00 0.00 0.00 0.00 0.00 0.00 0.00 0.00 0.00 0.00 0.00 0.00 0.00 0.00 0.00 0.00 0.00 0.00 0.00 0.00 0.00 0.00 0.00 0.00 0.00 0.00 0.00 0.00 0.00 0.00 0.00 0.00 0.00 0.00 0.00 0.00 0.00 0.00 0.00 0.00 0.00 0.00 0.00 0.00 0.00 0.00 0.00 0.00 0.00 0.00 0.00 0.00 0.00 0.00 0.00 0.00 0.00 0.00 0.00 0.00 0.00 0.00 0.00 0.00 0.00 0.00 0.00 0.00 0.00 0.00 0.00 0.00 0.00 0.00 0.00 0.00 0.00 0.00 0.00 0.00 0.00 0.00 0.00 0.00 0.00 0.00 0.00 0.00 0.00 0.00 0.00 0.00 0.00 0.00 0.00 0.00 0.00 0.00 0.00 0.00 0.00 0.00 0.00 0.00 0.00 0.00 0.00 0.00 0.00 0.00 0.00 0.00 0.00 0.00 0.00 0.00 0.00 0.00 0.00 0.00 0.00 0.00 0.00 0.00 0.00 0.00 0.00 0.00 0.00 0.00 0.00 0.00 0.00 0.00 0.00 0.00 0.00 0.00 0.00 0.00 0.00 0.00 0.00 0.00 0.00 0.00 0.00 0.00 0.00 0.00 0.00 0.00 0.00 0.00 0.00 0.00 0.00 0.00 0.00 0.00 0.00 0.00 0.00 0.00 0.00 0.00 0.00 0.00 0.00 0.00 0.00 0.00 0.00 0.00 0.00 0.00 0.00 0.00 0.00 0.00 0.00 0.00 0.00 0.00 0.00 0.00 0.00 0.00 0.00 0.00 0.00 0.00 0.00 0.00 0.00 0.00 0.00 0.00 0.00 0.00 0.00 0.00 0.00 0.00 0.00 0.00 0.00 0.00 0.00 0.00 0.00 0.00 0.00 0.00 0.00 0.00 0.00 0.00 0.00 0.00 0.00 0.00 0.00 0.00 0.00 0.00 0.00 0.00 0.00 0.00 0.00 0.00 0.00 0.00 0.00 0.00 0.00 0.00 0.00 0.00 0.00 0.00 0.00 0.00 0.00 0.00 0.00 0.00 0.00 0.00 0.00 0.00 0.00 0.00 0.00 0.00 0.00 0.00 0.00 0.00 0.00 0.00 0.00 0.00 0.00 0.00 0.00 0.00 0.00 0.00 0.00 0.00 0.00 0.00 0.00 0.00 0.00 0.00 0.00 0.00 0.00 0.00 0.00 0.00 0.00 0.00 0.00 0.00 0.00 0.00 0.00 0.00 0.00 0.00 0.00 0.00 0.00 0.00 0.00 0.00 0.00 0.00 0.00 0.00 0.00 0.00 0.00 0.00 0.00 0.00 0.00 0.00 0.00 0.00 0.00 0.00 0.00 0.00 0.00 0.00 0.00 0.00 0.00 0.00 0.00 0.00 0.00 0.00 0.00 0.00 0.00 0.00 0.00 0.00 0.00 0.00 0.00 0.00 0.00 0.00 0.00 0.00 0.00 0.00 0.00 0.00 0.00 0.00 0.00 0.00 0.00 0.00 0.00 0.00 0.00 0.00 0.00 0.00 0.00 0.00 0.00 0.00 0.00 0.00 0.00 0.00 0.00 0.00 0.00 0.00 0.00 0.00 0.00 0.00 0.00 0.00 0.00 0.00 0.00 0.00 0.00 0.00 0.00 0.00 0.00 0.00 0.00 0.00 0.00 0.00 0.00 0.00 0.00 0.00 0.00 0.00 0.00 0.00 0.00 0.00 0.00 0.00 0.00 0.00 0.00 0.00 0.00 0.00 0.00 0.00 0.00 0.00 0.00 0.00 0.00 0.00 0.00 0.00 0.00 0.00 0.00 0.00 0.00 0.00 0.00 0.00 0.00 0.00 0.00 0.00 0.00 0.00 0.00 0.00 0.00 0.00 0.00 0.00 0.00 0.00 0.00 0.00 0.00 0.00 0.00 0.00 0.00 0.00 0.00 0.00 0.00 0.00 0.00 0.00 0.00 0.00 0.00 0.00 0.00 0.00 0.00 0.00 0.00 0.00 0.00 0.00 0.00 0.00 0.00 0.00 0.00 0.00 0.00 0.00 0.00 0.00 0.00 0.00 0.00 0.00 0.00 0.00 0.00 0.00 0.00 0.00 0.00 0.00 0.00 0.00 0.00 0.00 0.00 0.00 0.00 0.00 0.00 0.00 0.00 0.00 0.00 0.00 0.00 0.00 0.00 0.00 0.00 0.00 0.00 0.00 0.00 0.00 0.00 0.00 0.00 0.00 0.00 0.00 0.00 0.00 0.00 0.00 0.00 0.00 0.00 0.00 0.00 0.00 0.00 0.00 0.00 0.00 0.00 0.00 0.00 0.00 0.00 0.00 0.00 0.00 0.00 0.00 0.00 0.00 0.00 0.00 0.00 0.00 0.00 0.00 0.00 0.00 0.00 0.00 0.00 0.00 0.00 0.00 0.00 0.00 0.00 0.00 0.00 0.00 0.00 0.00 0.00 0.00 0.00 0.00 0.00 0.00 0.00 0.00 0.00 0.00 0.00 0.00 0.00 0.00 0.00 0.00 0.00 0.00 0.00 0.00 0.00 0.00 0.00 0.00 0.00 0.00 0.00 0.00 0.00 0.00 0.00 0.00 0.00 0.00 0.00 0.00 0.00 0.00 0.00 0.00 0.00 0.00 0.00 0.00 0.00 0.00 0.00 0.00 0.00 0.00 0.00 0.00 0.00 0.00 0.00 0.00 0.00 0.00 0.00 0.00 0.00 0.00 0.00 0.00 0.00 0.00 0.00 0.00 0.00 0.00 0.00 0.00 0.00 0.00 0.00 0.00 0.00 0.00 0.00 0.00 0.00 0.00 0.00 0.00 0.00 0.00 0.00 0.00 0.00 0.00 0.00 0.00 0.00 0.00 0.00 0.00 0.00 0.00 0.00 0.00 0.00 0.00 0.00 0.00 0.00 0.00 0.00 0.00 0.00 0.00 0.00 0.00 0.00 0.00 0.00 0.00 0.00 0.00 0.00 0.00 0.00 0.00 0.00 0.00 0.00 0.00 0.00 0.00 0.00 0.00 0.00 0.00 0.00 0.00 0.00 0.00 0.00 0.00 0.00 0.00 0.00 0.00 0.00 0.00 0.00 0.00 0.00 0.00 0.00 0.00 0.00 0.00 0.00 0.00 0.00 0.00 0.00 0.00 0.00 0.00 0.00 0.00 0.00 0.00 0.00 0.00 0.00 0.00 0.00 0.00 0.00 0.00 0.00 0.00 0.00 0.00 0.00 0.00 0.00 0.00 0.00 0.00 0.00 0.00 0.00 0.00 0.00 0.00 0.00 0.00 0.00 0.00 0.00 0.00 0.00 0.00 0.00 0.00 0.00 0.00 0.00 0.00 0.00 0.00 0.00 0.00 0.00 0.00 0.00 0.00 0.00 0.00 0.00 0.00 0.00 0.00 0.00 0.00 0.00 0.00 0.00 0.00 0.00 0.00 0.00 0.00 0.00 0.00 0.00 0.00 0.00 0.00 0.00 0.00 0.00 0.00 0.00 0.00 0.00 0.00 0.00 0.00 0.00 0.00 0.00 0.00 0.00 0.00 0.00 0.00 0.00 0.00 0.00 0.00 0.00 0.00 0.00 0.00 0.00 0.00 0.00 0.00 0.00 0.00 0.00 0.00 0.00 0.00 0.00 0.00 0.00 0.00 0.00 0.00 0.00 0.00 0.00 0.00 0.00 0.00 0.00 0.00 0.00 0.00 0.00 0.00 0.00 0.00 0.00 0.00 0.00 0.00 0.00 0.00 0.00 0.00 0.00 0.00 0.00 0.00 0.00 0.00 0.00 0.00 0.00 0.00 0.00 0.00 0.00 0.00 0.00 0.00 0.00 0.00 0.00 0.00 0.00 0.00 0.00 0.00 0.00 0.00 0.00 0.00 0.00 0.00 0.00 0.00 0.00 0.00 0.00 0.00 0.00 0.00 0.00 0.00 0.00 0.00 0.00 0.00 0.00 0.00 0.00 0.00 0.00 0.00 0.00 0.00 0.00 0.00 0.00 0.00 0.00 0.00 0.00 0.00 0.00 0.00 0.00 0.00 0.00 0.00 0.00 0.00 0.00 0.00 0.00 0.00 0.00 0.00 0.00 0.00 0.00 0.00 0.00 0.00 0.00 0.00 0.00 0.00 0.00 0.00 0.00 0.00 0.00 0.00 0.00 0.00 0.00 0.00 0.00 0.00 0.00 0.00 0.00 0.00 0.00 0.00 0.00 0.00 0.00 0.00 0.00 0.00 0.00 0.00 0.00 0.00 0.00 0.00 0.00 0.00 0.00 0.00 0.00 0.00 0.00 0.00 0.00 0.00 0.00 0.00 0.00 0.00 0.00 0.00 0.00 0.00 0.00 0.00 0.00 0.00 0.00 0.00 0.00 0.00 0.00 0.00 0.00 0.00 0.00 0.00 0.00 0.00 0.00 0.00 0.00 0.00 0.00 0.00 0.00 0.00 0.00 0.00 0.00 0.00 0.00 0.00 0.00 0.00 0.00 0.00 0.00 0.00 0.00 0.00 0.00 0.00 0.00 0.00 0.00 0.00 0.00 0.00 0.00 0.00 0.00 0.00 0.00 0.00 0.00 0.00 0.00 0.00 0.00 0.00 0.00
height.size=8432
height.data=6.61 191.61 376.54 561.36 746.00 930.41 1114.54 1298.33 1481.72 1664.66 1847.08 2028.95 2210.19 2390.76 2570.60 2749.65 2927.86 3105.19 3281.56 3456.93 3631.25 3804.46 3976.51 4147.35 4316.93 4485.18 4652.07 4817.55 4981.55 5144.04 5304.96 5464.26 5621.90 5777.82 6.74 193.48 380.16 566.71 753.10 939.25 1125.12 1310.64 1495.76 1680.42 1864.57 2048.15 2231.10 2413.37 2594.91 2775.65 2955.54 3134.54 3312.57 3489.60 3665.56 3840.41 4014.08 4186.53 4357.70 4527.55 4696.01 4863.05 5028.60 5192.61 5355.05 5515.86 5674.98 5832.37 6.87 195.35 383.77 572.07 760.20 948.09 1135.70 1322.95 1509.80 1696.19 1882.06 2067.35 2252.01 2435.99 2619.22 2801.65 2983.23 3163.89 3343.59 3522.27 3699.88 3876.35 4051.65 4225.71 4398.48 4569.91 4739.95 4908.54 5075.64 5241.19 5405.15 5567.45 5728.06 5886.93 6.99 197.22 387.39 577.44 767.30 956.94 1146.28 1335.26 1523.84 1711.96 1899.55 2086.55 2272.93 2458.60 2643.53 2827.65 3010.91 3193.24 3374.61 3554.94 3734.19 3912.30 4089.22 4264.89 4439.26 4612.28 4783.89 4954.05 5122.69 5289.77 5455.24 5619.05 5781.15 5941.48 7.12 199.10 391.01 582.80 774.41 965.78 1156.86 1347.58 1537.89 1727.73 1917.04 2105.76 2293.84 2481.22 2667.84 2853.65 3038.59 3222.60 3405.63 3587.61 3768.51 3948.25 4126.79 4304.07 4480.04 4654.65 4827.83 4999.55 5169.74 5338.35 5505.34 5670.65 5834.23 5996.04 7.25 200.97 394.63 588.16 781.51 974.63 1167.44 1359.89 1551.93 1743.50 1934.53 2124.97 2314.76 2503.84 2692.16 2879.66 3066.27 3251.96 3436.65 3620.29 3802.82 3984.20 4164.36 4343.26 4520.83 4697.02 4871.77 5045.05 5216.78 5386.93 5555.44 5722.25 5887.32 6050.59 7.38 202.85 398.25 593.53 788.62 983.47 1178.02 1372.21 1565.98 1759.27 1952.02 2144.17 2335.67 2526.46 2716.47 2905.66 3093.96 3281.31 3467.67 3652.96 3837.14 4020.15 4201.94 4382.44 4561.61 4739.39 4915.72 5090.55 5263.83 5435.51 5605.53 5773.85 5940.40 6105.15 7.52 204.73 401.87 598.89 795.73 992.32 1188.60 1384.53 1580.02 1775.04 1969.51 2163.38 2356.59 2549.08 2740.79 2931.67 3121.64 3310.67 3498.69 3685.64 3871.46 4056.11 4239.51 4421.63 4602.39 4781.76 4959.66 5136.06 5310.88 5484.09 5655.63 5825.45 5993.49 6159.70 7.65 206.60 405.49 604.26 802.84 1001.17 1199.19 1396.85 1594.07 1790.81 1987.01 2182.59 2377.51 2571.70 2765.11 2957.67 3149.33 3340.03 3529.71 3718.31 3905.78 4092.06 4277.09 4460.81 4643.18 4824.13 5003.61 5181.56 5357.94 5532.68 5705.73 5877.05 6046.58 6214.26 7.78 208.48 409.12 609.63 809.95 1010.02 1209.78 1409.16 1608.12 1806.59 2004.50 2201.80 2398.43 2594.33 2789.43 2983.68 3177.02 3369.39 3560.73 3750.99 3940.10 4128.01 4314.66 4500.00 4683.96 4866.50 5047.55 5227.07 5404.99 5581.26 5755.83 5928.65 6099.67 6268.82 7.92 210.37 412.74 615.00 817.06 1018.87 1220.36 1421.49 1622.17 1822.36 2022.00 2221.01 2419.35 2616.95 2813.75 3009.69 3204.71 3398.75 3591.76 3783.67 3974.42 4163.97 4352.24 4539.19 4724.75 4908.87 5091.50 5272.57 5452.04 5629.85 5805.94 5980.26 6152.76 6323.38 8.06 212.25 416.37 620.37 824.17 1027.72 1230.95 1433.81 1636.23 1838.14 2039.50 2240.23 2440.27 2639.57 2838.07 3035.70 3232.40 3428.11 3622.78 3816.35 4008.75 4199.92 4389.82 4578.38 4765.54 4951.25 5135.45 5318.08 5499.09 5678.43 5856.04 6031.86 6205.85 6377.94 8.20 214.13 420.00 625.74 831.28 1036.57 1241.54 1446.13 1650.28 1853.92 2057.00 2259.44 2461.20 2662.20 2862.39 3061.71 3260.09 3457.48 3653.81 3849.03 4043.07 4235.88 4427.40 4617.57 4806.33 4993.62 5179.40 5363.59 5546.15 5727.02 5906.14 6083.47 6258.94 6432.50 8.34 216.02 423.63 631.11 838.40 1045.42 1252.13 1458.46 1664.33 1869.70 2074.50 2278.66 2482.12 2684.83 2886.72 3087.72 3287.78 3486.84 3684.84 3881.71 4077.40 4271.84 4464.98 4656.76 4847.12 5036.00 5223.35 5409.10 5593.21 5775.61 5956.25 6135.07 6312.03 6487.06 8.48 217.90 427.26 636.48 845.51 1054.28 1262.72 1470.78 1678.39 1885.48 2092.00 2297.87 2503.05 2707.46 2911.04 3113.73 3315.48 3516.21 3715.87 3914.39 4111.72 4307.80 4502.56 4695.95 4887.91 5078.38 5267.30 5454.61 5640.26 5824.19 6006.35 6186.68 6365.12 6541.63 8.62 219.79 430.89 641.86 852.63 1063.14 1273.32 1483.11 1692.44 1901.26 2109.50 2317.09 2523.97 2730.09 2935.37 3139.75 3343.17 3545.58 3746.90 3947.08 4146.05 4343.76 4540.14 4735.14 4928.70 5120.76 5311.25 5500.12 5687.32 5872.78 6056.46 6238.29 6418.22 6596.19 8.76 221.68 434.52 647.23 859.75 1071.99 1283.91 1495.44 1706.50 1917.04 2127.00 2336.31 2544.90 2752.72 2959.69 3165.76 3370.87 3574.94 3777.93 3979.76 4180.38 4379.72 4577.73 4774.34 4969.49 5163.13 5355.20 5545.63 5734.38 5921.37 6106.57 6289.90 6471.31 6650.75 8.90 223.57 438.16 652.61 866.87 1080.85 1294.51 1507.76 1720.56 1932.83 2144.51 2355.53 2565.83 2775.35 2984.02 3191.78 3398.56 3604.31 3808.96 4012.45 4214.71 4415.68 4615.31 4813.53 5010.29 5205.51 5399.15 5591.15 5781.44 5969.97 6156.67 6341.51 6524.41 6705.32 9.05 225.46 441.79 657.99 873.99 1089.71 1305.10 1520.09 1734.62 1948.61 2162.01 2374.75 2586.76 2797.98 3008.35 3217.80 3426.26 3633.68 3839.99 4045.13 4249.04 4451.65 4652.90 4852.73 5051.08 5247.90 5443.11 5636.66 5828.50 6018.56 6206.78 6393.12 6577.50 6759.88 9.20 227.35 445.43 663.37 881.11 1098.57 1315.70 1532.43 1748.68 1964.40 2179.52 2393.97 2607.69 2820.62 3032.68 3243.82 3453.96 3663.05 3871.03 4077.82 4283.37 4487.61 4690.48 4891.93 5091.88 5290.28 5487.06 5682.18 5875.56 6067.15 6256.89 6444.73 6630.60 6814.45 9.34 229.24 449.07 668.75 888.23 1107.43 1326.30 1544.76 1762.74 1980.19 2197.03 2413.20 2628.63 2843.25 3057.01 3269.84 3481.66 3692.43 3902.06 4110.51 4317.70 4523.58 4728.07 4931.13 5132.68 5332.66 5531.02 5727.69 5922.62 6115.74 6307.00 6496.34 6683.70 6869.02 9.49 231.14 452.71 674.13 895.35 1116.30 1336.90 1557.09 1776.81 1995.98 2214.54 2432.42 2649.56 2865.89 3081.34 3295.86 3509.36 3721.80 3933.10 4143.20 4352.03 4559.54 4765.66 4970.32 5173.47 5375.04 5574.98 5773.21 5969.68 6164.34 6357.11 6547.95 6736.80 6923.59 9.64 233.03 456.34 679.52 902.48 1125.16 1347.50 1569.43 1790.87 2011.77 2232.05 2451.65 2670.49 2888.53 3105.68 3321.88 3537.07 3751.17 3964.14 4175.89 4386.37 4595.51 4803.25 5009.52 5214.27 5417.43 5618.94 5818.73 6016.75 6212.93 6407.23 6599.57 6789.90 6978.16 9.79 234.93 459.99 684.90 909.60 1134.03 1358.10 1581.76 1804.94 2027.56 2249.56 2470.87 2691.43 2911.16 3130.01 3347.90 3564.77 3780.55 3995.17 4208.58 4420.70 4631.48 4840.84 5048.73 5255.07 5459.82 5662.90 5864.25 6063.81 6261.53 6457.34 6651.18 6843.00 7032.73 9.95 236.83 463.63 690.29 916.73 1142.90 1368.71 1594.10 1819.00 2043.35 2267.07 2490.10 2712.37 2933.80 3154.35 3373.92 3592.47 3809.93 4026.21 4241.27 4455.04 4667.45 4878.43 5087.93 5295.87 5502.20 5706.86 5909.77 6110.88 6310.13 6507.45 6702.80 6896.10 7087.30 10.10 238.72 467.27 695.67 923.86 1151.76 1379.31 1606.44 1833.07 2059.14 2284.58 2509.33 2733.30 2956.45 3178.68 3399.95 3620.18 3839.30 4057.25 4273.97 4489.38 4703.42 4916.02 5127.13 5336.67 5544.59 5750.82 5955.29 6157.95 6358.73 6557.57 6754.41 6949.20 7141.87 10.26 240.62 470.92 701.06 930.99 1160.63 1389.92 1618.78 1847.14 2074.94 2302.10 2528.56 2754.24 2979.09 3203.02 3425.98 3647.89 3868.68 4088.30 4306.66 4523.72 4739.39 4953.62 5166.34 5377.48 5586.98 5794.78 6000.81 6205.01 6407.33 6607.69 6806.03 7002.30 7196.44 10.41 242.53 474.56 706.45 938.12 1169.50 1400.52 1631.12 1861.21 2090.73 2319.62 2547.79 2775.18 3001.73 3227.36 3452.00 3675.59 3898.06 4119.34 4339.36 4558.06 4775.36 4991.21 5205.54 5418.28 5629.37 5838.74 6046.33 6252.08 6455.93 6657.80 6857.65 7055.41 7251.02 10.57 244.43 478.21 711.84 945.25 1178.37 1411.13 1643.46 1875.28 2106.53 2337.13 2567.02 2796.13 3024.37 3251.70 3478.03 3703.30 3927.44 4150.38 4372.06 4592.40 4811.34 5028.81 5244.75 5459.09 5671.76 5882.71 6091.86 6299.15 6504.53 6707.92 6909.27 7108.51 7305.59 10.73 246.33 481.86 717.23 952.39 1187.25 1421.74 1655.80 1889.35 2122.33 2354.65 2586.26 2817.07 3047.02 3276.04 3504.06 3731.01 3956.82 4181.43 4404.76 4626.74 4847.31 5066.41 5283.95 5499.89 5714.15 5926.67 6137.38 6346.22 6553.13 6758.04 6960.89 7161.62 7360.17 10.89 248.24 485.51 722.63 959.52 1196.12 1432.35 1668.15 1903.43 2138.13 2372.17 2605.49 2838.01 3069.67 3300.38 3530.09 3758.72 3986.21 4212.47 4437.45 4661.08 4883.29 5104.00 5323.16 5540.70 5756.54 5970.64 6182.91 6393.29 6601.73 6808.16 7012.51 7214.72 7414.74 11.05 250.14 489.16 728.02 966.66 1205.00 1442.96 1680.49 1917.50 2153.93 2389.69 2624.73 2858.96 3092.31 3324.73 3556.12 3786.44 4015.59 4243.52 4470.16 4695.43 4919.26 5141.60 5362.37 5581.51 5798.94 6014.60 6228.43 6440.37 6650.34 6858.28 7064.13 7267.83 7469.32 11.21 252.05 492.81 733.41 973.79 1213.87 1453.58 1692.84 1931.58 2169.73 2407.21 2643.96 2879.90 3114.96 3349.07 3582.16 3814.15 4044.98 4274.57 4502.86 4729.77 4955.24 5179.20 5401.58 5622.31 5841.33 6058.57 6273.96 6487.44 6698.94 6908.40 7115.75 7320.94 7523.90 11.37 253.96 496.46 738.81 980.93 1222.75 1464.19 1705.19 1945.66 2185.53 2424.74 2663.20 2900.85 3137.61 3373.42 3608.19 3841.86 4074.36 4305.62 4535.56 4764.12 4991.22 5216.80 5440.79 5663.12 5883.73 6102.54 6319.49 6534.51 6747.55 6958.52 7167.38 7374.05 7578.47 11.54 255.87 500.11 744.21 988.07 1231.63 1474.81 1717.53 1959.73 2201.33 2442.26 2682.44 2921.80 3160.26 3397.76 3634.23 3869.58 4103.75 4336.67 4568.26 4798.46 5027.20 5254.40 5480.00 5703.93 5926.13 6146.51 6365.02 6581.59 6796.15 7008.65 7219.00 7427.16 7633.05 11.70 257.78 503.77 749.61 995.21 1240.51 1485.42 1729.88 1973.81 2217.14 2459.79 2701.68 2942.75 3182.92 3422.11 3660.26 3897.29 4133.14 4367.72 4600.97 4832.81 5063.18 5292.01 5519.22 5744.75 5968.52 6190.48 6410.55 6628.66 6844.76 7058.77 7270.63 7480.27 7687.63 11.87 259.69 507.43 755.01 1002.35 1249.39 1496.04 1742.23 1987.89 2232.94 2477.31 2720.92 2963.70 3205.57 3446.46 3686.30 3925.01 4162.53 4398.77 4633.67 4867.16 5099.16 5329.61 5558.43 5785.56 6010.92 6234.45 6456.08 6675.74 6893.37 7108.89 7322.25 7533.38 7742.21 12.04 261.60 511.08 760.41 1009.49 1258.27 1506.66 1754.59 2001.98 2248.75 2494.84 2740.16 2984.65 3228.22 3470.81 3712.34 3952.73 4191.92 4429.82 4666.38 4901.51 5135.15 5367.22 5597.65 5826.37 6053.32 6278.42 6501.61 6722.82 6941.98 7159.02 7373.88 7586.49 7796.80 12.21 263.52 514.74 765.81 1016.64 1267.15 1517.28 1766.94 2016.06 2264.56 2512.37 2759.41 3005.60 3250.88 3495.16 3738.38 3980.45 4221.31 4460.88 4699.09 4935.86 5171.13 5404.82 5636.86 5867.19 6095.72 6322.40 6547.15 6769.90 6990.59 7209.15 7425.51 7639.61 7851.38 12.38 265.43 518.40 771.21 1023.78 1276.04 1527.90 1779.29 2030.14 2280.37 2529.90 2778.65 3026.56 3273.53 3519.51 3764.42 4008.17 4250.70 4491.93 4731.80 4970.21 5207.11 5442.43 5676.08 5908.00 6138.12 6366.37 6592.68 6816.98 7039.20 7259.27 7477.14 7692.72 7905.96 12.55 267.35 522.06 776.62 1030.93 1284.92 1538.52 1791.65 2044.23 2296.18 2547.43 2797.90 3047.51 3296.19 3543.87 3790.46 4035.89 4280.10 4522.99 4764.51 5004.57 5243.10 5480.04 5715.30 5948.82 6180.52 6410.35 6638.21 6864.06 7087.81 7309.40 7528.77 7745.84 7960.55 12.72 269.27 525.73 782.02 1038.08 1293.81 1549.15 1804.01 2058.31 2311.99 2564.96 2817.14 3068.47 3318.85 3568.22 3816.50 4063.62 4309.49 4554.05 4797.22 5038.92 5279.09 5517.64 5754.52 5989.64 6222.93 6454.32 6683.75 6911.14 7136.42 7359.53 7580.40 7798.95 8015.13 12.89 271.18 529.39 787.43 1045.22 1302.70 1559.77 1816.36 2072.40 2327.80 2582.49 2836.39 3089.42 3341.51 3592.58 3842.55 4091.34 4338.89 4585.11 4829.93 5073.28 5315.08 5555.25 5793.74 6030.45 6265.33 6498.30 6729.29 6958.22 7185.04 7409.66 7632.03 7852.07 8069.72 13.07 273.10 533.05 792.84 1052.37 1311.59 1570.40 1828.72 2086.49 2343.62 2600.03 2855.64 3110.38 3364.17 3616.93 3868.59 4119.07 4368.28 4616.17 4862.64 5107.63 5351.06 5592.86 5832.96 6071.27 6307.74 6542.28 6774.82 7005.31 7233.65 7459.79 7683.66 7905.19 8124.30 13.24 275.03 536.72 798.25 1059.52 1320.48 1581.02 1841.08 2100.58 2359.43 2617.56 2874.89 3131.34 3386.83 3641.29 3894.64 4146.79 4397.68 4647.23 4895.36 5141.99 5387.05 5630.48 5872.18 6112.09 6350.14 6586.26 6820.36 7052.39 7282.27 7509.92 7735.29 7958.30 8178.89 13.42 276.95 540.39 803.66 1066.68 1329.37 1591.65 1853.45 2114.67 2375.25 2635.10 2894.14 3152.30 3409.50 3665.65 3920.68 4174.52 4427.08 4678.29 4928.07 5176.35 5423.05 5668.09 5911.40 6152.92 6392.55 6630.24 6865.90 7099.47 7330.88 7560.06 7786.93 8011.42 8233.48 13.60 278.87 544.05 809.07 1073.83 1338.26 1602.28 1865.81 2128.76 2391.07 2652.64 2913.40 3173.26 3432.16 3690.01 3946.73 4202.25 4456.48 4709.35 4960.79 5210.71 5459.04 5705.70 5950.63 6193.74 6434.96 6674.22 6911.44 7146.56 7379.50 7610.19 7838.56 8064.54 8288.07 13.78 280.80 547.72 814.48 1080.98 1347.15 1612.91 1878.17 2142.86 2406.88 2670.18 2932.65 3194.23 3454.83 3714.37 3972.78 4229.98 4485.88 4740.42 4993.50 5245.07 5495.03 5743.32 5989.85 6234.56 6477.37 6718.20 6956.98 7193.65 7428.12 7660.32 7890.20 8117.66 8342.66 13.96 282.72 551.39 819.89 1088.14 1356.05 1623.54 1890.54 2156.95 2422.70 2687.72 2951.90 3215.19 3477.49 3738.73 3998.83 4257.71 4515.28 4771.48 5026.22 5279.43 5531.03 5780.93 6029.08 6275.39 6519.78 6762.18 7002.53 7240.74 7476.74 7710.46 7941.83 8170.79 8397.25 14.14 284.65 555.07 825.31 1095.30 1364.95 1634.18 1902.90 2171.05 2438.53 2705.26 2971.16 3236.16 3500.16 3763.10 4024.88 4285.44 4544.69 4802.55 5058.94 5313.79 5567.02 5818.55 6068.31 6316.21 6562.19 6806.17 7048.07 7287.82 7525.36 7760.60 7993.47 8223.91 8451.84 14.32 286.58 558.74 830.72 1102.45 1373.84 1644.81 1915.27 2185.14 2454.35 2722.80 2990.42 3257.12 3522.83 3787.46 4050.94 4313.17 4574.09 4833.61 5091.66 5348.15 5603.02 5856.17 6107.53 6357.04 6604.60 6850.15 7093.61 7334.91 7573.98 7810.73 8045.11 8277.03 8506.43 14.51 288.51 562.41 836.14 1109.61 1382.74 1655.44 1927.64 2199.24 2470.17 2740.34 3009.68 3278.09 3545.50 3811.83 4076.99 4340.91 4603.50 4864.68 5124.38 5382.52 5639.01 5893.79 6146.76 6397.86 6647.01 6894.14 7139.16 7382.00 7622.60 7860.87 8096.75 8330.16 8561.03 14.69 290.44 566.09 841.56 1116.77 1391.64 1666.08 1940.01 2213.34 2485.99 2757.89 3028.94 3299.06 3568.17 3836.19 4103.04 4368.64 4632.90 4895.75 5157.11 5416.89 5675.01 5931.41 6185.99 6438.69 6689.43 6938.12 7184.71 7429.10 7671.22 7911.01 8148.39 8383.28 8615.62 14.88 292.37 569.76 846.98 1123.93 1400.54 1676.72 1952.38 2227.44 2501.82 2775.43 3048.20 3320.03 3590.84 3860.56 4129.10 4396.38 4662.31 4926.82 5189.83 5451.25 5711.01 5969.03 6225.22 6479.52 6731.84 6982.11 7230.25 7476.19 7719.85 7961.15 8200.03 8436.41 8670.22 15.07 294.30 573.44 852.40 1131.10 1409.44 1687.36 1964.75 2241.54 2517.65 2792.98 3067.46 3341.00 3613.52 3884.93 4155.16 4424.11 4691.72 4957.89 5222.55 5485.62 5747.01 6006.65 6264.46 6520.35 6774.26 7026.10 7275.80 7523.28 7768.47 8011.29 8251.67 8489.53 8724.81 15.26 296.24 577.12 857.82 1138.26 1418.35 1698.00 1977.12 2255.64 2533.47 2810.53 3086.72 3361.97 3636.19 3909.30 4181.21 4451.85 4721.13 4988.97 5255.28 5519.99 5783.01 6044.27 6303.69 6561.18 6816.68 7070.09 7321.35 7570.38 7817.10 8061.43 8303.31 8542.66 8779.41 15.45 298.17 580.80 863.25 1145.42 1427.25 1708.64 1989.50 2269.75 2549.30 2828.08 3105.99 3382.94 3658.87 3933.67 4207.27 4479.59 4750.54 5020.04 5288.01 5554.36 5819.01 6081.90 6342.92 6602.02 6859.09 7114.08 7366.90 7617.47 7865.72 8111.57 8354.96 8595.79 8834.01 15.64 300.11 584.48 868.67 1152.59 1436.16 1719.28 2001.87 2283.85 2565.13 2845.63 3125.25 3403.92 3681.54 3958.04 4233.33 4507.33 4779.95 5051.11 5320.73 5588.73 5855.02 6119.52 6382.16 6642.85 6901.51 7158.07 7412.45 7664.57 7914.35 8161.72 8406.60 8648.92 8888.60 15.83 302.05 588.16 874.10 1159.76 1445.06 1729.92 2014.25 2297.96 2580.96 2863.18 3144.52 3424.89 3704.22 3982.42 4259.40 4535.07 4809.37 5082.19 5353.46 5623.10 5891.02 6157.15 6421.39 6683.68 6943.93 7202.06 7458.00 7711.66 7962.98 8211.86 8458.24 8702.05 8943.20 16.02 303.98 591.85 879.52 1166.93 1453.97 1740.57 2026.63 2312.07 2596.80 2880.73 3163.78 3445.87 3726.90 4006.79 4285.46 4562.82 4838.78 5113.27 5386.19 5657.47 5927.03 6194.77 6460.63 6724.52 6986.35 7246.06 7503.55 7758.76 8011.61 8262.01 8509.89 8755.18 8997.80 16.22 305.92 595.53 884.95 1174.10 1462.88 1751.21 2039.01 2326.17 2612.63 2898.28 3183.05 3466.85 3749.58 4031.17 4311.52 4590.56 4868.19 5144.34 5418.92 5691.85 5963.03 6232.40 6499.87 6765.35 7028.77 7290.05 7549.11 7805.86 8060.24 8312.15 8561.54 8808.31 9052.40 16.42 307.87 599.22 890.38 1181.27 1471.79 1761.86 2051.39 2340.28 2628.46 2915.84 3202.32 3487.82 3772.26 4055.54 4337.59 4618.30 4897.61 5175.42 5451.65 5726.22 5999.04 6270.03 6539.11 6806.19 7071.20 7334.05 7594.66 7852.96 8108.87 8362.30 8613.18 8861.45 9107.01 16.61 309.81 602.90 895.81 1188.44 1480.70 1772.51 2063.77 2354.39 2644.30 2933.40 3221.59 3508.80 3794.94 4079.92 4363.65 4646.05 4927.03 5206.50 5484.39 5760.60 6035.05 6307.66 6578.35 6847.03 7113.62 7378.04 7640.22 7900.06 8157.50 8412.45 8664.83 8914.58 9161.61 16.81 311.75 606.59 901.24 1195.61 1489.61 1783.15 2076.15 2368.51 2660.14 2950.95 3240.86 3529.79 3817.63 4104.30 4389.72 4673.80 4956.45 5237.58 5517.12 5794.97 6071.06 6345.29 6617.59 6887.87 7156.05 7422.04 7685.77 7947.16 8206.13 8462.60 8716.48 8967.71 9216.21 17.01 313.70 610.28 906.67 1202.79 1498.53 1793.81 2088.53 2382.62 2675.98 2968.51 3260.14 3550.77 3840.31 4128.68 4415.79 4701.54 4985.87 5268.67 5549.86 5829.35 6107.07 6382.92 6656.83 6928.71 7198.47 7466.04 7731.33 7994.27 8254.76 8512.75 8768.13 9020.85 9270.82 17.21 315.64 613.97 912.11 1209.96 1507.44 1804.46 2100.92 2396.73 2691.81 2986.07 3279.41 3571.75 3863.00 4153.06 4441.86 4729.29 5015.29 5299.75 5582.59 5863.73 6143.08 6420.56 6696.07 6969.55 7240.90 7510.04 7776.89 8041.37 8303.40 8562.90 8819.78 9073.98 9325.42 17.41 317.59 617.66 917.54 1217.14 1516.36 1815.11 2113.30 2410.85 2707.65 3003.63 3298.69 3592.73 3885.68 4177.44 4467.93 4757.04 5044.71 5330.83 5615.33 5898.11 6179.09 6458.19 6735.32 7010.39 7283.32 7554.04 7822.45 8088.47 8352.03 8613.05 8871.44 9127.12 9380.03 17.62 319.54 621.35 922.98 1224.32 1525.27 1825.76 2125.69 2424.96 2723.50 3021.19 3317.96 3613.72 3908.37 4201.83 4494.00 4784.79 5074.13 5361.92 5648.07 5932.49 6215.11 6495.83 6774.56 7051.23 7325.75 7598.04 7868.01 8135.58 8400.67 8663.20 8923.09 9180.26 9434.63 17.82 321.49 625.05 928.42 1231.49 1534.19 1836.42 2138.08 2439.08 2739.34 3038.76 3337.24 3634.71 3931.06 4226.21 4520.07 4812.55 5103.56 5393.00 5680.81 5966.88 6251.12 6533.46 6813.81 7092.08 7368.18 7642.04 7913.57 8182.68 8449.31 8713.35 8974.74 9233.40 9489.24 18.03 323.44 628.74 933.85 1238.67 1543.11 1847.07 2150.47 2453.20 2755.18 3056.32 3356.52 3655.69 3953.75 4250.60 4546.14 4840.30 5132.98 5424.09 5713.55 6001.26 6287.14 6571.10 6853.06 7132.92 7410.61 7686.04 7959.13 8229.79 8497.94 8763.51 9026.40 9286.54 9543.85 18.23 325.39 632.44 939.29 1245.86 1552.03 1857.73 2162.86 2467.32 2771.03 3073.88 3375.80 3676.68 3976.44 4274.98 4572.22 4868.06 5162.41 5455.18 5746.29 6035.64 6323.16 6608.74 6892.30 7173.77 7453.04 7730.05 8004.69 8276.90 8546.58 8813.66 9078.05 9339.68 9598.46 18.44 327.34 636.14 944.73 1253.04 1560.95 1868.39 2175.25 2481.44 2786.87 3091.45 3395.08 3697.67 3999.13 4299.37 4598.29 4895.81 5191.83 5486.27 5779.03 6070.03 6359.17 6646.38 6931.55 7214.62 7495.48 7774.05 8050.26 8324.01 8595.22 8863.82 9129.71 9392.82 9653.07 18.65 329.30 639.84 950.18 1260.22 1569.88 1879.05 2187.64 2495.56 2802.72 3109.02 3414.36 3718.66 4021.83 4323.76 4624.37 4923.57 5221.26 5517.36 5811.77 6104.41 6395.19 6684.02 6970.80 7255.46 7537.91 7818.06 8095.82 8371.12 8643.86 8913.97 9181.37 9445.96 9707.68 18.86 331.25 643.54 955.62 1267.41 1578.80 1889.71 2200.04 2509.69 2818.57 3126.59 3433.65 3739.66 4044.52 4348.15 4650.45 4951.33 5250.69 5548.45 5844.52 6138.80 6431.21 6721.66 7010.05 7296.31 7580.34 7862.06 8141.39 8418.23 8692.50 8964.13 9233.02 9499.10 9762.29 19.07 333.21 647.24 961.06 1274.59 1587.73 1900.37 2212.43 2523.81 2834.42 3144.16 3452.93 3760.65 4067.22 4372.54 4676.53 4979.08 5280.12 5579.54 5877.26 6173.19 6467.23 6759.30 7049.31 7337.16 7622.78 7906.07 8186.95 8465.34 8741.15 9014.29 9284.68 9552.25 9816.90 19.28 335.17 650.94 966.51 1281.78 1596.65 1911.03 2224.83 2537.94 2850.27 3161.73 3472.22 3781.64 4089.91 4396.93 4702.61 5006.84 5309.55 5610.64 5910.01 6207.58 6503.25 6796.94 7088.56 7378.01 7665.22 7950.08 8232.52 8512.45 8789.79 9064.45 9336.34 9605.39 9871.51 19.50 337.12 654.64 971.96 1288.97 1605.58 1921.70 2237.22 2552.06 2866.12 3179.30 3491.50 3802.64 4112.61 4421.32 4728.69 5034.60 5338.98 5641.73 5942.76 6241.97 6539.28 6834.59 7127.81 7418.86 7707.65 7994.09 8278.09 8559.57 8838.43 9114.61 9388.00 9658.54 9926.13 19.71 339.08 658.35 977.40 1296.16 1614.51 1932.36 2249.62 2566.19 2881.97 3196.87 3510.79 3823.64 4135.31 4445.72 4754.77 5062.37 5368.42 5672.83 5975.51 6276.36 6575.30 6872.23 7167.07 7459.72 7750.09 8038.10 8323.66 8606.68 8887.08 9164.77 9439.66 9711.68 9980.74 19.93 341.05 662.05 982.85 1303.35 1623.44 1943.03 2262.02 2580.32 2897.83 3214.45 3530.08 3844.63 4158.01 4470.11 4780.85 5090.13 5397.85 5703.93 6008.26 6310.75 6611.33 6909.88 7206.32 7500.57 7792.53 8082.11 8369.23 8653.80 8935.72 9214.93 9491.33 9764.83 10035.36 20.14 343.01 665.76 988.30 1310.54 1632.37 1953.70 2274.42 2594.45 2913.68 3232.02 3549.37 3865.63 4180.71 4494.51 4806.94 5117.89 5427.29 5735.02 6041.01 6345.15 6647.35 6947.53 7245.58 7541.43 7834.97 8126.12 8414.80 8700.91 8984.37 9265.09 9542.99 9817.98 10089.97 20.36 344.97 669.47 993.75 1317.73 1641.30 1964.37 2286.83 2608.58 2929.54 3249.60 3568.66 3886.63 4203.41 4518.91 4833.02 5145.66 5456.72 5766.12 6073.76 6379.54 6683.38 6985.17 7284.84 7582.28 7877.41 8170.14 8460.37 8748.03 9033.02 9315.26 9594.65 9871.13 10144.59 20.58 346.94 673.18 999.21 1324.93 1650.23 1975.04 2299.23 2622.71 2945.40 3267.18 3587.95 3907.63 4226.12 4543.31 4859.11 5173.43 5486.16 5797.22 6106.51 6413.94 6719.41 7022.82 7324.10 7623.14 7919.85 8214.15 8505.95 8795.15 9081.67 9365.42 9646.32 9924.28 10199.21 20.80 348.90 676.89 1004.66 1332.12 1659.17 1985.71 2311.63 2636.85 2961.26 3284.75 3607.25 3928.63 4248.82 4567.71 4885.20 5201.19 5515.60 5828.32 6139.27 6448.33 6755.43 7060.47 7363.36 7664.00 7962.30 8258.17 8551.52 8842.27 9130.32 9415.59 9697.98 9977.43 10253.83 21.03 350.87 680.60 1010.11 1339.32 1668.11 1996.38 2324.04 2650.98 2977.12 3302.33 3626.54 3949.64 4271.53 4592.11 4911.29 5228.96 5545.04 5859.43 6172.02 6482.73 6791.46 7098.12 7402.62 7704.85 8004.74 8302.18 8597.10 8889.39 9178.97 9465.75 9749.65 10030.58 10308.45 21.25 352.84 684.31 1015.57 1346.51 1677.04 2007.05 2336.44 2665.12 2992.98 3319.92 3645.84 3970.64 4294.23 4616.51 4937.38 5256.73 5574.48 5890.53 6204.78 6517.13 6827.50 7135.78 7441.88 7745.71 8047.18 8346.20 8642.67 8936.51 9227.62 9515.92 9801.32 10083.73 10363.07 21.47 354.81 688.03 1021.03 1353.71 1685.98 2017.73 2348.85 2679.26 3008.84 3337.50 3665.13 3991.65 4316.94 4640.91 4963.47 5284.50 5603.92 5921.63 6237.53 6551.53 6863.53 7173.43 7481.14 7786.57 8089.63 8390.22 8688.25 8983.63 9276.27 9566.09 9852.99 10136.88 10417.69 21.70 356.78 691.74 1026.49 1360.91 1694.92 2028.40 2361.26 2693.39 3024.70 3355.08 3684.43 4012.65 4339.65 4665.32 4989.56 5312.27 5633.37 5952.74 6270.29 6585.93 6899.56 7211.08 7520.41 7827.44 8132.08 8434.24 8733.83 9030.75 9324.92 9616.26 9904.65 10190.04 10472.31 21.92 358.75 695.46 1031.95 1368.11 1703.86 2039.08 2373.67 2707.53 3040.57 3372.67 3703.73 4033.66 4362.36 4689.72 5015.65 5340.05 5662.81 5983.85 6303.05 6620.33 6935.59 7248.74 7559.67 7868.30 8174.52 8478.26 8779.40 9077.88 9373.58 9666.42 9956.32 10243.19 10526.94 22.15 360.72 699.17 1037.41 1375.32 1712.80 2049.76 2386.08 2721.67 3056.43 3390.25 3723.03 4054.67 4385.07 4714.13 5041.75 5367.82 5692.26 6014.95 6335.81 6654.74 6971.63 7286.40 7598.94 7909.16 8216.97 8522.28 8824.98 9125.00 9422.23 9716.60 10008.00 10296.35 10581.56 22.38 362.70 702.89 1042.87 1382.52 1721.74 2060.44 2398.50 2735.82 3072.30 3407.84 3742.33 4075.68 4407.78 4738.54 5067.84 5395.60 5721.70 6046.06 6368.57 6689.14 7007.67 7324.05 7638.20 7950.03 8259.42 8566.30 8870.56 9172.13 9470.89 9766.77 10059.67 10349.50 10636.18 22.61 364.67 706.61 1048.33 1389.72 1730.69 2071.12 2410.91 2749.96 3088.17 3425.43 3761.64 4096.69 4430.50 4762.95 5093.94 5423.37 5751.15 6077.17 6401.34 6723.55 7043.70 7361.71 7677.47 7990.89 8301.87 8610.32 8916.15 9219.25 9519.55 9816.94 10111.34 10402.66 10690.81 22.84 366.65 710.33 1053.80 1396.93 1739.63 2081.80 2423.32 2764.10 3104.03 3443.01 3780.94 4117.71 4453.21 4787.36 5120.04 5451.15 5780.60 6108.28 6434.10 6757.95 7079.74 7399.37 7716.74 8031.76 8344.32 8654.35 8961.73 9266.38 9568.20 9867.11 10163.01 10455.82 10745.44 23.08 368.63 714.06 1059.26 1404.14 1748.58 2092.48 2435.74 2778.25 3119.91 3460.60 3800.24 4138.72 4475.93 4811.77 5146.13 5478.93 5810.05 6139.39 6466.86 6792.36 7115.78 7437.03 7756.01 8072.63 8386.78 8698.37 9007.31 9313.51 9616.86 9917.29 10214.69 10508.98 10800.06 23.31 370.60 717.78 1064.73 1411.35 1757.53 2103.17 2448.16 2792.39 3135.78 3478.20 3819.55 4159.73 4498.64 4836.18 5172.23 5506.71 5839.50 6170.51 6499.63 6826.77 7151.82 7474.69 7795.28 8113.49 8429.23 8742.40 9052.90 9360.64 9665.52 9967.46 10266.36 10562.14 10854.69 23.54 372.58 721.50 1070.20 1418.56 1766.48 2113.85 2460.57 2806.54 3151.65 3495.79 3838.86 4180.75 4521.36 4860.59 5198.33 5534.49 5868.95 6201.62 6532.40 6861.18 7187.86 7512.35 7834.55 8154.36 8471.68 8786.42 9098.48 9407.77 9714.18 10017.64 10318.04 10615.30 10909.32 23.78 374.57 725.23 1075.66 1425.77 1775.43 2124.54 2472.99 2820.69 3167.52 3513.38 3858.16 4201.77 4544.08 4885.01 5224.44 5562.27 5898.40 6232.74 6565.16 6895.59 7223.90 7550.02 7873.83 8195.23 8514.14 8830.45 9144.07 9454.90 9762.84 10067.81 10369.72 10668.46 10963.95 24.02 376.55 728.96 1081.13 1432.98 1784.38 2135.22 2485.41 2834.84 3183.40 3530.98 3877.47 4222.78 4566.80 4909.42 5250.54 5590.05 5927.86 6263.85 6597.93 6930.00 7259.95 7587.68 7913.10 8236.10 8556.60 8874.48 9189.65 9502.03 9811.51 10117.99 10421.39 10721.62 11018.58 24.26 378.53 732.68 1086.61 1440.19 1793.33 2145.91 2497.84 2848.99 3199.27 3548.57 3896.78 4243.80 4589.52 4933.84 5276.64 5617.84 5957.31 6294.97 6630.70 6964.41 7295.99 7625.35 7952.38 8276.98 8599.05 8918.51 9235.24 9549.16 9860.17 10168.17 10473.07 10774.78 11073.21 24.50 380.52 736.41 1092.08 1447.40 1802.28 2156.60 2510.26 2863.14 3215.15 3566.17 3916.10 4264.82 4612.24 4958.25 5302.75 5645.62 5986.77 6326.09 6663.47 6998.82 7332.04 7663.01 7991.65 8317.85 8641.51 8962.54 9280.83 9596.29 9908.83 10218.35 10524.75 10827.95 11127.84 24.74 382.50 740.14 1097.55 1454.62 1811.24 2167.29 2522.68 2877.30 3231.03 3583.77 3935.41 4285.84 4634.97 4982.67 5328.86 5673.41 6016.23 6357.21 6696.24 7033.24 7368.08 7700.68 8030.93 8358.72 8683.97 9006.57 9326.42 9643.43 9957.50 10268.53 10576.43 10881.11 11182.48 24.98 384.49 743.87 1103.03 1461.84 1820.19 2177.99 2535.11 2891.45 3246.91 3601.37 3954.72 4306.87 4657.69 5007.09 5354.96 5701.19 6045.68 6388.33 6729.02 7067.65 7404.13 7738.35 8070.21 8399.60 8726.43 9050.60 9372.01 9690.56 10006.16 10318.71 10628.11 10934.28 11237.11 25.22 386.48 747.61 1108.50 1469.05 1829.15 2188.68 2547.53 2905.61 3262.79 3618.97 3974.04 4327.89 4680.42 5031.51 5381.07 5728.98 6075.14 6419.45 6761.79 7102.07 7440.18 7776.02 8109.48 8440.48 8768.89 9094.64 9417.60 9737.70 10054.83 10368.89 10679.80 10987.44 11291.74 25.47 388.47 751.34 1113.98 1476.27 1838.11 2199.37 2559.96 2919.76 3278.67 3636.57 3993.35 4348.92 4703.15 5055.94 5407.18 5756.77 6104.60 6450.57 6794.57 7136.49 7476.23 7813.69 8148.76 8481.35 8811.36 9138.67 9463.20 9784.84 10103.50 10419.08 10731.48 11040.61 11346.38 25.71 390.46 755.08 1119.46 1483.49 1847.06 2210.07 2572.39 2933.92 3294.55 3654.17 4012.67 4369.94 4725.87 5080.36 5433.29 5784.56 6134.06 6481.69 6827.34 7170.91 7512.28 7851.36 8188.05 8522.23 8853.82 9182.70 9508.79 9831.98 10152.17 10469.26 10783.16 11093.78 11401.02 25.96 392.45 758.81 1124.94 1490.71 1856.03 2220.76 2584.82 2948.08 3310.44 3671.78 4031.99 4390.97 4748.60 5104.78 5459.40 5812.35 6163.53 6512.82 6860.12 7205.32 7548.33 7889.03 8227.33 8563.11 8896.28 9226.74 9554.38 9879.12 10200.83 10519.44 10834.85 11146.95 11455.65 26.21 394.44 762.55 1130.42 1497.93 1864.99 2231.46 2597.25 2962.24 3326.32 3689.38 4051.31 4412.00 4771.33 5129.21 5485.52 5840.15 6192.99 6543.94 6892.90 7239.75 7584.38 7926.71 8266.61 8603.99 8938.75 9270.78 9599.98 9926.26 10249.50 10569.63 10886.53 11200.12 11510.29 26.45 396.44 766.29 1135.90 1505.16 1873.95 2242.16 2609.68 2976.40 3342.21 3706.99 4070.63 4433.03 4794.06 5153.64 5511.63 5867.94 6222.46 6575.07 6925.68 7274.17 7620.44 7964.38 8305.89 8644.87 8981.21 9314.82 9645.58 9973.40 10298.18 10619.82 10938.22 11253.29 11564.93 26.70 398.43 770.03 1141.38 1512.38 1882.91 2252.86 2622.12 2990.56 3358.09 3724.59 4089.95 4454.06 4816.80 5178.06 5537.74 5895.73 6251.92 6606.20 6958.46 7308.59 7656.49 8002.06 8345.18 8685.75 9023.68 9358.85 9691.17 10020.54 10346.85 10670.00 10989.91 11306.46 11619.57 26.96 400.43 773.77 1146.87 1519.61 1891.88 2263.56 2634.55 3004.73 3373.98 3742.20 4109.27 4475.09 4839.53 5202.49 5563.86 5923.53 6281.39 6637.33 6991.24 7343.01 7692.55 8039.73 8384.46 8726.64 9066.15 9402.89 9736.77 10067.68 10395.52 10720.19 11041.59 11359.63 11674.21 27.21 402.43 777.51 1152.35 1526.84 1900.84 2274.27 2646.99 3018.89 3389.87 3759.81 4128.60 4496.12 4862.26 5226.92 5589.98 5951.33 6310.86 6668.46 7024.02 7377.44 7728.60 8077.41 8423.75 8767.52 9108.62 9446.93 9782.37 10114.82 10444.19 10770.38 11093.28 11412.81 11728.85 27.46 404.42 781.26 1157.84 1534.06 1909.81 2284.97 2659.42 3033.06 3405.76 3777.42 4147.92 4517.15 4885.00 5251.35 5616.10 5979.12 6340.32 6699.59 7056.80 7411.86 7764.66 8115.09 8463.04 8808.41 9151.09 9490.98 9827.97 10161.97 10492.87 10820.57 11144.97 11465.98 11783.49 27.72 406.42 785.00 1163.33 1541.29 1918.78 2295.67 2671.86 3047.23 3421.66 3795.03 4167.25 4538.19 4907.74 5275.78 5642.22 6006.92 6369.79 6730.72 7089.59 7446.29 7800.72 8152.77 8502.33 8849.29 9193.56 9535.02 9873.57 10209.11 10541.54 10870.76 11196.66 11519.15 11838.13 27.97 408.43 788.75 1168.82 1548.52 1927.75 2306.38 2684.30 3061.39 3437.55 3812.65 4186.58 4559.22 4930.47 5300.22 5668.34 6034.72 6399.27 6761.85 7122.37 7480.72 7836.78 8190.45 8541.62 8890.18 9236.03 9579.06 9919.17 10256.26 10590.22 10920.95 11248.36 11572.33 11892.78 28.23 410.43 792.49 1174.31 1555.75 1936.72 2317.09 2696.74 3075.56 3453.44 3830.26 4205.91 4580.26 4953.21 5324.65 5694.46 6062.52 6428.74 6792.99 7155.16 7515.15 7872.84 8228.13 8580.91 8931.07 9278.50 9623.11 9964.78 10303.41 10638.90 10971.15 11300.05 11625.51 11947.42 28.49 412.43 796.24 1179.80 1562.99 1945.69 2327.80 2709.18 3089.73 3469.34 3847.88 4225.24 4601.30 4975.95 5349.09 5720.58 6090.33 6458.21 6824.12 7187.95 7549.58 7908.90 8265.81 8620.20 8971.96 9320.98 9667.15 10010.38 10350.56 10687.58 11021.34 11351.74 11678.68 12002.07 28.75 414.44 799.99 1185.29 1570.22 1954.66 2338.51 2721.62 3103.91 3485.23 3865.49 4244.57 4622.34 4998.70 5373.52 5746.70 6118.13 6487.69 6855.26 7220.74 7584.01 7944.96 8303.50 8659.49 9012.85 9363.45 9711.20 10055.99 10397.71 10736.26 11071.53 11403.44 11731.86 12056.71 29.01 416.44 803.74 1190.78 1577.46 1963.64 2349.22 2734.07 3118.08 3501.13 3883.11 4263.90 4643.38 5021.44 5397.96 5772.83 6145.93 6517.16 6886.39 7253.52 7618.44 7981.03 8341.18 8698.79 9053.74 9405.93 9755.25 10101.59 10444.86 10784.94 11121.73 11455.13 11785.04 12111.36 29.27 418.45 807.49 1196.28 1584.69 1972.61 2359.93 2746.51 3132.25 3517.03 3900.73 4283.23 4664.42 5044.18 5422.40 5798.96 6173.74 6546.64 6917.53 7286.32 7652.87 8017.09 8378.87 8738.08 9094.63 9448.40 9799.30 10147.20 10492.01 10833.62 11171.92 11506.83 11838.22 12166.01 29.53 420.46 811.24 1201.77 1591.93 1981.59 2370.64 2758.96 3146.43 3532.93 3918.35 4302.57 4685.46 5066.93 5446.84 5825.08 6201.55 6576.11 6948.67 7319.11 7687.31 8053.16 8416.55 8777.38 9135.52 9490.88 9843.34 10192.81 10539.16 10882.30 11222.12 11558.52 11891.40 12220.66 29.80 422.47 815.00 1207.27 1599.17 1990.57 2381.35 2771.41 3160.60 3548.83 3935.97 4321.90 4706.51 5089.67 5471.28 5851.21 6229.35 6605.59 6979.81 7351.90 7721.74 8089.23 8454.24 8816.67 9176.42 9533.36 9887.39 10238.41 10586.31 10930.98 11272.32 11610.22 11944.58 12275.31 30.06 424.48 818.75 1212.77 1606.41 1999.55 2392.07 2783.85 3174.78 3564.73 3953.59 4341.24 4727.55 5112.42 5495.72 5877.34 6257.16 6635.07 7010.95 7384.69 7756.18 8125.29 8491.93 8855.97 9217.31 9575.84 9931.45 10284.02 10633.47 10979.67 11322.52 11661.92 11997.77 12329.96 30.33 426.49 822.51 1218.27 1613.65 2008.53 2402.79 2796.30 3188.96 3580.64 3971.22 4360.58 4748.60 5135.17 5520.16 5903.47 6284.97 6664.55 7042.10 7417.49 7790.61 8161.36 8529.62 8895.27 9258.21 9618.32 9975.50 10329.63 10680.62 11028.35 11372.72 11713.62 12050.95 12384.61 30.60 428.50 826.27 1223.77 1620.89 2017.51 2413.50 2808.75 3203.14 3596.54 3988.84 4379.91 4769.65 5157.92 5544.61 5929.60 6312.78 6694.04 7073.24 7450.28 7825.05 8197.43 8567.31 8934.57 9299.10 9660.80 10019.55 10375.25 10727.78 11077.04 11422.92 11765.32 12104.13 12439.26 30.87 430.52 830.02 1229.27 1628.13 2026.49 2424.22 2821.21 3217.32 3612.45 4006.47 4399.25 4790.69 5180.67 5569.05 5955.74 6340.60 6723.52 7104.39 7483.08 7859.49 8233.50 8605.00 8973.87 9340.00 9703.28 10063.61 10420.86 10774.93 11125.72 11473.12 11817.02 12157.32 12493.91 31.14 432.53 833.78 1234.77 1635.38 2035.48 2434.94 2833.66 3231.50 3628.35 4024.09 4418.59 4811.74 5203.42 5593.50 5981.87 6368.41 6753.00 7135.53 7515.88 7893.93 8269.57 8642.69 9013.17 9380.90 9745.77 10107.66 10466.47 10822.09 11174.41 11523.32 11868.72 12210.50 12548.57 31.41 434.55 837.55 1240.28 1642.62 2044.46 2445.66 2846.11 3245.69 3644.26 4041.72 4437.94 4832.79 5226.17 5617.95 6008.00 6396.22 6782.49 7166.68 7548.68 7928.37 8305.65 8680.39 9052.47 9421.80 9788.25 10151.72 10512.08 10869.25 11223.10 11573.52 11920.42 12263.69 12603.22 31.68 436.57 841.31 1245.78 1649.87 2053.45 2456.39 2858.57 3259.87 3660.17 4059.35 4457.28 4853.85 5248.92 5642.39 6034.14 6424.04 6811.97 7197.83 7581.48 7962.82 8341.72 8718.08 9091.78 9462.70 9830.74 10195.77 10557.70 10916.41 11271.79 11623.73 11972.13 12316.88 12657.88 31.95 438.58 845.07 1251.29 1657.12 2062.43 2467.11 2871.03 3274.06 3676.08 4076.98 4476.62 4874.90 5271.68 5666.84 6060.28 6451.85 6841.46 7228.97 7614.28 7997.26 8377.80 8755.78 9131.08 9503.60 9873.22 10239.83 10603.32 10963.57 11320.48 11673.93 12023.83 12370.07 12712.53 32.23 440.60 848.84 1256.80 1664.37 2071.42 2477.83 2883.48 3288.24 3691.99 4094.61 4495.97 4895.95 5294.43 5691.30 6086.41 6479.67 6870.95 7260.12 7647.08 8031.70 8413.87 8793.47 9170.39 9544.50 9915.71 10283.89 10648.93 11010.73 11369.17 11724.14 12075.54 12423.26 12767.19 32.51 442.63 852.60 1262.31 1671.62 2080.41 2488.56 2895.94 3302.43 3707.91 4112.24 4515.32 4917.01 5317.19 5715.75 6112.55 6507.49 6900.44 7291.28 7679.89 8066.15 8449.95 8831.17 9209.69 9585.41 9958.20 10327.95 10694.55 11057.89 11417.86 11774.35 12127.24 12476.45 12821.85 32.78 444.65 856.37 1267.82 1678.87 2089.40 2499.29 2908.40 3316.62 3723.82 4129.88 4534.66 4938.06 5339.95 5740.20 6138.69 6535.31 6929.93 7322.43 7712.69 8100.60 8486.03 8868.87 9249.00 9626.31 10000.69 10372.01 10740.17 11105.05 11466.55 11824.55 12178.95 12529.64 12876.50 33.06 446.67 860.14 1273.33 1686.12 2098.39 2510.01 2920.86 3330.81 3739.73 4147.51 4554.01 4959.12 5362.71 5764.65 6164.84 6563.13 6959.42 7353.58 7745.50 8135.04 8522.11 8906.57 9288.31 9667.22 10043.18 10416.07 10785.79 11152.22 11515.24 11874.76 12230.66 12582.83 12931.16 33.34 448.70 863.90 1278.84 1693.38 2107.39 2520.74 2933.32 3345.00 3755.65 4165.15 4573.36 4980.18 5385.47 5789.11 6190.98 6590.95 6988.91 7384.74 7778.30 8169.49 8558.19 8944.27 9327.62 9708.13 10085.67 10460.13 10831.41 11199.38 11563.94 11924.97 12282.37 12636.02 12985.82 33.62 450.72 867.68 1284.35 1700.63 2116.38 2531.47 2945.79 3359.19 3771.57 4182.78 4592.72 5001.24 5408.23 5813.57 6217.12 6618.78 7018.41 7415.89 7811.11 8203.94 8594.27 8981.97 9366.93 9749.03 10128.16 10504.20 10877.03 11246.55 11612.63 11975.18 12334.08 12689.21 13040.49 33.90 452.75 871.45 1289.87 1707.89 2125.38 2542.21 2958.25 3373.39 3787.49 4200.42 4612.07 5022.30 5430.99 5838.02 6243.27 6646.60 7047.90 7447.05 7843.92 8238.39 8630.35 9019.67 9406.24 9789.94 10170.65 10548.26 10922.65 11293.71 11661.33 12025.39 12385.79 12742.41 13095.15 34.19 454.78 875.22 1295.38 1715.14 2134.37 2552.94 2970.72 3387.58 3803.41 4218.06 4631.42 5043.36 5453.76 5862.48 6269.41 6674.42 7077.40 7478.20 7876.73 8272.84 8666.43 9057.38 9445.56 9830.85 10213.15 10592.33 10968.28 11340.88 11710.03 12075.60 12437.50 12795.60 13149.81 34.47 456.81 878.99 1300.90 1722.40 2143.37 2563.67 2983.19 3401.78 3819.33 4235.70 4650.78 5064.42 5476.52 5886.94 6295.56 6702.25 7106.89 7509.36 7909.54 8307.30 8702.52 9095.08 9484.87 9871.76 10255.64 10636.39 11013.90 11388.05 11758.73 12125.82 12489.21 12848.80 13204.47 34.76 458.84 882.77 1306.42 1729.66 2152.37 2574.41 2995.65 3415.98 3835.25 4253.34 4670.13 5085.49 5499.29 5911.40 6321.71 6730.08 7136.39 7540.52 7942.35 8341.75 8738.60 9132.79 9524.18 9912.67 10298.14 10680.46 11059.53 11435.22 11807.42 12176.03 12540.92 12902.00 13259.14 35.04 460.87 886.54 1311.94 1736.92 2161.37 2585.14 3008.12 3430.17 3851.17 4270.98 4689.49 5106.55 5522.05 5935.86 6347.86 6757.91 7165.89 7571.68 7975.16 8376.20 8774.69 9170.49 9563.50 9953.59 10340.63 10724.53 11105.15 11482.39 11856.12 12226.24 12592.64 12955.19 13313.80 35.33 462.90 890.32 1317.46 1744.19 2170.37 2595.88 3020.59 3444.37 3867.10 4288.63 4708.85 5127.62 5544.82 5960.33 6374.01 6785.74 7195.39 7602.84 8007.98 8410.66 8810.78 9208.20 9602.82 9994.50 10383.13 10768.60 11150.78 11529.56 11904.82 12276.46 12644.35 13008.39 13368.47 35.62 464.94 894.10 1322.98 1751.45 2179.37 2606.62 3033.06 3458.57 3883.02 4306.27 4728.21 5148.69 5567.59 5984.79 6400.16 6813.57 7224.89 7634.01 8040.79 8445.12 8846.86 9245.91 9642.13 10035.41 10425.63 10812.67 11196.41 11576.73 11953.53 12326.68 12696.07 13061.59 13423.13 35.91 466.97 897.88 1328.50 1758.71 2188.38 2617.36 3045.54 3472.78 3898.95 4323.92 4747.57 5169.76 5590.36 6009.26 6426.31 6841.40 7254.39 7665.17 8073.61 8479.58 8882.95 9283.62 9681.45 10076.33 10468.13 10856.74 11242.04 11623.90 12002.23 12376.89 12747.79 13114.79 13477.80 36.20 469.01 901.66 1334.03 1765.98 2197.38 2628.10 3058.01 3486.98 3914.87 4341.57 4766.93 5190.83 5613.13 6033.72 6452.46 6869.23 7283.90 7696.34 8106.42 8514.03 8919.04 9321.33 9720.77 10117.25 10510.63 10900.81 11287.67 11671.08 12050.93 12427.11 12799.50 13167.99 13532.47 36.49 471.05 905.44 1339.55 1773.25 2206.39 2638.84 3070.49 3501.18 3930.80 4359.22 4786.29 5211.90 5635.91 6058.19 6478.62 6897.06 7313.40 7727.50 8139.24 8548.49 8955.14 9359.04 9760.09 10158.16 10553.13 10944.88 11333.30 11718.25 12099.64 12477.33 12851.22 13221.19 13587.14 36.79 473.08 909.23 1345.08 1780.51 2215.39 2649.59 3082.96 3515.39 3946.73 4376.86 4805.65 5232.97 5658.68 6082.66 6504.77 6924.90 7342.91 7758.67 8172.06 8582.96 8991.23 9396.76 9799.41 10199.08 10595.64 10988.96 11378.93 11765.43 12148.34 12527.55 12902.94 13274.40 13641.81 37.08 475.12 913.01 1350.61 1787.78 2224.40 2660.33 3095.44 3529.59 3962.66 4394.52 4825.02 5254.04 5681.45 6107.13 6530.93 6952.73 7372.41 7789.84 8204.88 8617.42 9027.32 9434.47 9838.74 10240.00 10638.14 11033.03 11424.56 11812.61 12197.05 12577.77 12954.66 13327.60 13696.48 37.38 477.17 916.80 1356.14 1795.05 2233.41 2671.08 3107.92 3543.80 3978.60 4412.17 4844.38 5275.12 5704.23 6131.60 6557.09 6980.57 7401.92 7821.01 8237.70 8651.88 9063.42 9472.18 9878.06 10280.92 10680.64 11077.11 11470.20 11859.78 12245.75 12627.99 13006.38 13380.81 13751.15 37.68 479.21 920.58 1361.67 1802.32 2242.42 2681.82 3120.40 3558.01 3994.53 4429.82 4863.75 5296.19 5727.01 6156.07 6583.25 7008.41 7431.43 7852.18 8270.52 8686.34 9099.51 9509.90 9917.38 10321.84 10723.15 11121.19 11515.83 11906.96 12294.46 12678.21 13058.10 13434.01 13805.82 37.97 481.25 924.37 1367.20 1809.60 2251.43 2692.57 3132.88 3572.22 4010.46 4447.47 4883.12 5317.27 5749.79 6180.54 6609.41 7036.25 7460.94 7883.35 8303.35 8720.81 9135.61 9547.62 9956.71 10362.76 10765.66 11165.26 11561.47 11954.14 12343.17 12728.44 13109.83 13487.22 13860.50 38.27 483.30 928.16 1372.73 1816.87 2260.44 2703.32 3145.36 3586.43 4026.40 4465.13 4902.49 5338.34 5772.56 6205.02 6635.57 7064.09 7490.45 7914.52 8336.17 8755.28 9171.71 9585.33 9996.04 10403.69 10808.16 11209.34 11607.10 12001.32 12391.88 12778.66 13161.55 13540.42 13915.17 38.57 485.34 931.95 1378.26 1824.14 2269.46 2714.07 3157.84 3600.64 4042.34 4482.79 4921.86 5359.42 5795.34 6229.49 6661.73 7091.93 7519.96 7945.69 8369.00 8789.74 9207.80 9623.05 10035.36 10444.61 10850.67 11253.42 11652.74 12048.50 12440.59 12828.89 13213.27 13593.63 13969.85 38.88 487.39 935.74 1383.80 1831.42 2278.47 2724.82 3170.33 3614.86 4058.27 4500.44 4941.23 5380.50 5818.13 6253.97 6687.89 7119.77 7549.47 7976.87 8401.82 8824.21 9243.90 9660.77 10074.69 10485.54 10893.18 11297.50 11698.38 12095.68 12489.30 12879.11 13265.00 13646.84 14024.52 39.18 489.44 939.53 1389.33 1838.70 2287.49 2735.57 3182.81 3629.07 4074.21 4518.10 4960.60 5401.58 5840.91 6278.44 6714.06 7147.62 7578.99 8008.04 8434.65 8858.68 9280.00 9698.49 10114.02 10526.46 10935.69 11341.58 11744.02 12142.87 12538.01 12929.34 13316.72 13700.05 14079.20 39.48 491.49 943.33 1394.87 1845.98 2296.51 2746.33 3195.30 3643.29 4090.15 4535.76 4979.98 5422.67 5863.69 6302.92 6740.22 7175.46 7608.50 8039.22 8467.48 8893.15 9316.11 9736.22 10153.35 10567.39 10978.20 11385.67 11789.66 12190.05 12586.73 12979.57 13368.45 13753.26 14133.88 39.79 493.54 947.12 1400.41 1853.26 2305.53 2757.08 3207.79 3657.50 4106.09 4553.42 4999.35 5443.75 5886.48 6327.40 6766.39 7203.31 7638.02 8070.40 8500.31 8927.62 9352.21 9773.94 10192.68 10608.32 11020.72 11429.75 11835.30 12237.24 12635.44 13029.80 13420.18 13806.47 14188.55 40.10 495.59 950.92 1405.95 1860.54 2314.55 2767.84 3220.28 3671.72 4122.04 4571.08 5018.73 5464.83 5909.26 6351.88 6792.56 7231.15 7667.54 8101.58 8533.14 8962.09 9388.31 9811.66 10232.02 10649.25 11063.23 11473.83 11880.94 12284.42 12684.16 13080.03 13471.91 13859.68 14243.23 40.40 497.64 954.72 1411.49 1867.82 2323.57 2778.60 3232.77 3685.94 4137.98 4588.75 5038.11 5485.92 5932.05 6376.36 6818.73 7259.00 7697.06 8132.76 8565.97 8996.57 9424.42 9849.39 10271.35 10690.18 11105.74 11517.92 11926.58 12331.61 12732.87 13130.26 13523.64 13912.90 14297.91 40.71 499.70 958.52 1417.03 1875.10 2332.59 2789.35 3245.26 3700.16 4153.92 4606.41 5057.48 5507.01 5954.84 6400.85 6844.90 7286.85 7726.57 8163.94 8598.80 9031.04 9460.52 9887.11 10310.68 10731.11 11148.26 11562.01 11972.23 12378.80 12781.59 13180.49 13575.37 13966.11 14352.59 41.02 501.75 962.32 1422.57 1882.39 2341.61 2800.11 3257.75 3714.38 4169.87 4624.08 5076.86 5528.09 5977.63 6425.33 6871.07 7314.70 7756.10 8195.12 8631.64 9065.52 9496.63 9924.84 10350.02 10772.04 11190.77 11606.09 12017.87 12425.98 12830.31 13230.72 13627.10 14019.32 14407.28 41.33 503.81 966.12 1428.12 1889.67 2350.64 2810.87 3270.24 3728.60 4185.82 4641.74 5096.24 5549.18 6000.42 6449.82 6897.24 7342.55 7785.62 8226.30 8664.47 9099.99 9532.74 9962.57 10389.36 10812.97 11233.29 11650.18 12063.52 12473.17 12879.03 13280.95 13678.83 14072.54 14461.96 41.65 505.87 969.92 1433.66 1896.96 2359.66 2821.64 3282.74 3742.83 4201.76 4659.41 5115.63 5570.27 6023.21 6474.30 6923.41 7370.40 7815.14 8257.49 8697.31 9134.47 9568.85 10000.30 10428.69 10853.91 11275.81 11694.27 12109.16 12520.36 12927.75 13331.19 13730.56 14125.75 14516.64 41.96 507.92 973.72 1439.21 1904.25 2368.69 2832.40 3295.23 3757.05 4217.71 4677.08 5135.01 5591.36 6046.00 6498.79 6949.59 7398.26 7844.66 8288.67 8730.14 9168.95 9604.95 10038.03 10468.03 10894.84 11318.33 11738.36 12154.81 12567.56 12976.47 13381.42 13782.30 14178.97 14571.33 42.28 509.98 977.53 1444.76 1911.53 2377.72 2843.16 3307.73 3771.28 4233.66 4694.75 5154.39 5612.46 6068.80 6523.28 6975.76 7426.11 7874.19 8319.86 8762.98 9203.43 9641.07 10075.76 10507.37 10935.78 11360.85 11782.45 12200.46 12614.75 13025.19 13431.66 13834.03 14232.19 14626.01 42.59 512.05 981.33 1450.31 1918.82 2386.75 2853.93 3320.23 3785.50 4249.62 4712.42 5173.78 5633.55 6091.59 6547.77 7001.94 7453.97 7903.71 8351.04 8795.82 9237.91 9677.18 10113.49 10546.71 10976.72 11403.37 11826.54 12246.11 12661.94 13073.91 13481.89 13885.77 14285.41 14680.70 42.91 514.11 985.14 1455.86 1926.12 2395.78 2864.69 3332.73 3799.73 4265.57 4730.09 5193.16 5654.64 6114.39 6572.26 7028.12 7481.82 7933.24 8382.23 8828.66 9272.39 9713.29 10151.22 10586.05 11017.65 11445.89 11870.64 12291.76 12709.13 13122.63 13532.13 13937.50 14338.63 14735.38 43.23 516.17 988.95 1461.41 1933.41 2404.81 2875.46 3345.23 3813.96 4281.52 4747.77 5212.55 5675.74 6137.18 6596.75 7054.29 7509.68 7962.77 8413.42 8861.50 9306.88 9749.40 10188.96 10625.40 11058.59 11488.41 11914.73 12337.41 12756.33 13171.36 13582.37 13989.24 14391.85 14790.07 43.55 518.24 992.76 1466.96 1940.70 2413.84 2886.23 3357.73 3828.19 4297.48 4765.44 5231.94 5696.83 6159.98 6621.24 7080.47 7537.54 7992.30 8444.61 8894.34 9341.36 9785.52 10226.69 10664.74 11099.53 11530.94 11958.82 12383.06 12803.52 13220.08 13632.61 14040.98 14445.07 14844.76 43.87 520.30 996.57 1472.51 1948.00 2422.87 2897.00 3370.23 3842.42 4313.43 4783.12 5251.33 5717.93 6182.78 6645.74 7106.66 7565.40 8021.83 8475.80 8927.19 9375.84 9821.64 10264.43 10704.08 11140.47 11573.46 12002.92 12428.72 12850.72 13268.81 13682.85 14092.72 14498.29 14899.45 44.19 522.37 1000.38 1478.07 1955.29 2431.91 2907.77 3382.74 3856.66 4329.39 4800.79 5270.72 5739.03 6205.58 6670.23 7132.84 7593.26 8051.36 8507.00 8960.03 9410.33 9857.75 10302.16 10743.43 11181.41 11615.99 12047.02 12474.37 12897.92 13317.53 13733.09 14144.46 14551.51 14954.14 44.51 524.44 1004.19 1483.62 1962.59 2440.95 2918.54 3395.24 3870.89 4345.35 4818.47 5290.11 5760.13 6228.38 6694.73 7159.02 7621.12 8080.89 8538.19 8992.88 9444.82 9893.87 10339.90 10782.78 11222.36 11658.51 12091.11 12520.03 12945.12 13366.26 13783.33 14196.20 14604.74 15008.83 44.84 526.51 1008.00 1489.18 1969.89 2449.98 2929.32 3407.75 3885.13 4361.31 4836.15 5309.51 5781.23 6251.19 6719.22 7185.20 7648.98 8110.42 8569.38 9025.72 9479.30 9929.99 10377.64 10822.12 11263.30 11701.04 12135.21 12565.68 12992.32 13414.99 13833.57 14247.94 14657.96 15063.52 45.16 528.58 1011.82 1494.74 1977.19 2459.02 2940.09 3420.26 3899.36 4377.27 4853.83 5328.90 5802.34 6273.99 6743.72 7211.39 7676.85 8139.96 8600.58 9058.57 9513.79 9966.11 10415.38 10861.47 11304.25 11743.57 12179.31 12611.34 13039.52 13463.72 13883.82 14299.68 14711.19 15118.21 45.49 530.65 1015.63 1500.30 1984.49 2468.06 2950.87 3432.76 3913.60 4393.23 4871.51 5348.30 5823.44 6296.80 6768.22 7237.58 7704.71 8169.49 8631.78 9091.42 9548.28 10002.23 10453.12 10900.82 11345.19 11786.10 12223.41 12657.00 13086.72 13512.45 13934.06 14351.42 14764.41 15172.90 45.82 532.72 1019.45 1505.86 1991.79 2477.10 2961.65 3445.27 3927.84 4409.19 4889.19 5367.69 5844.54 6319.60 6792.72 7263.76 7732.58 8199.03 8662.97 9124.27 9582.77 10038.35 10490.86 10940.17 11386.14 11828.63 12267.51 12702.65 13133.92 13561.18 13984.31 14403.17 14817.64 15227.60 46.15 534.80 1023.27 1511.42 1999.09 2486.14 2972.42 3457.78 3942.08 4425.16 4906.88 5387.09 5865.65 6342.41 6817.22 7289.95 7760.45 8228.57 8694.17 9157.12 9617.27 10074.47 10528.61 10979.52 11427.09 11871.16 12311.62 12748.31 13181.12 13609.91 14034.55 14454.91 14870.87 15282.29 46.48 536.87 1027.09 1516.98 2006.40 2495.19 2983.20 3470.30 3956.32 4441.12 4924.56 5406.49 5886.76 6365.22 6841.73 7316.14 7788.32 8258.11 8725.37 9189.97 9651.76 10110.60 10566.35 11018.87 11468.04 11913.70 12355.72 12793.98 13228.33 13658.65 14084.80 14506.66 14924.10 15336.99 46.81 538.95 1030.91 1522.55 2013.70 2504.23 2993.98 3482.81 3970.56 4457.09 4942.25 5425.89 5907.86 6388.03 6866.23 7342.33 7816.19 8287.65 8756.57 9222.82 9686.25 10146.72 10604.10 11058.23 11508.98 11956.23 12399.82 12839.64 13275.53 13707.38 14135.05 14558.41 14977.33 15391.68 47.14 541.03 1034.73 1528.11 2021.01 2513.28 3004.76 3495.32 3984.80 4473.06 4959.94 5445.29 5928.97 6410.84 6890.74 7368.52 7844.06 8317.19 8787.78 9255.68 9720.75 10182.85 10641.84 11097.58 11549.94 11998.76 12443.93 12885.30 13322.74 13756.11 14185.30 14610.15 15030.56 15446.38 47.47 543.11 1038.56 1533.68 2028.32 2522.32 3015.55 3507.84 3999.05 4489.03 4977.62 5464.69 5950.08 6433.65 6915.24 7394.72 7871.93 8346.73 8818.98 9288.53 9755.24 10218.98 10679.59 11136.94 11590.89 12041.30 12488.04 12930.96 13369.95 13804.85 14235.55 14661.90 15083.79 15501.08 47.81 545.19 1042.38 1539.24 2035.62 2531.37 3026.33 3520.36 4013.29 4505.00 4995.31 5484.10 5971.19 6456.46 6939.75 7420.91 7899.80 8376.27 8850.18 9321.39 9789.74 10255.11 10717.34 11176.29 11631.84 12083.83 12532.14 12976.63 13417.15 13853.59 14285.80 14713.65 15137.02 15555.78 48.15 547.27 1046.21 1544.81 2042.93 2540.42 3037.12 3532.87 4027.54 4520.97 5013.00 5503.50 5992.31 6479.27 6964.26 7447.11 7927.67 8405.82 8881.39 9354.24 9824.24 10291.23 10755.09 11215.65 11672.79 12126.37 12576.25 13022.29 13464.36 13902.32 14336.05 14765.40 15190.25 15610.48 48.48 549.35 1050.03 1550.38 2050.25 2549.47 3047.90 3545.39 4041.79 4536.94 5030.70 5522.91 6013.42 6502.09 6988.77 7473.30 7955.55 8435.36 8912.59 9387.10 9858.74 10327.37 10792.84 11255.01 11713.75 12168.91 12620.36 13067.96 13511.57 13951.06 14386.30 14817.15 15243.49 15665.18 48.82 551.43 1053.86 1555.95 2057.56 2558.52 3058.69 3557.91 4056.04 4552.91 5048.39 5542.31 6034.53 6524.91 7013.28 7499.50 7983.43 8464.91 8943.80 9419.96 9893.24 10363.50 10830.59 11294.37 11754.70 12211.45 12664.47 13113.63 13558.78 13999.80 14436.55 14868.90 15296.72 15719.88 49.16 553.52 1057.69 1561.53 2064.87 2567.57 3069.48 3570.43 4070.29 4568.89 5066.08 5561.72 6055.65 6547.72 7037.79 7525.70 8011.30 8494.46 8975.01 9452.82 9927.74 10399.63 10868.34 11333.73 11795.66 12253.99 12708.58 13159.29 13605.99 14048.54 14486.81 14920.66 15349.96 15774.58 49.50 555.60 1061.52 1567.10 2072.19 2576.63 3080.27 3582.96 4084.54 4584.86 5083.78 5581.13 6076.77 6570.54 7062.30 7551.90 8039.18 8524.00 9006.22 9485.68 9962.24 10435.76 10906.09 11373.09 11836.62 12296.53 12752.69 13204.96 13653.20 14097.28 14537.06 14972.41 15403.20 15829.29 49.84 557.69 1065.35 1572.67 2079.50 2585.68 3091.06 3595.48 4098.79 4600.84 5101.47 5600.54 6097.88 6593.36 7086.81 7578.10 8067.06 8553.55 9037.43 9518.54 9996.75 10471.90 10943.85 11412.45 11877.58 12339.07 12796.80 13250.63 13700.42 14146.02 14587.32 15024.17 15456.43 15883.99 50.19 559.78 1069.18 1578.25 2086.82 2594.74 3101.85 3608.01 4113.05 4616.82 5119.17 5619.95 6119.00 6616.18 7111.33 7604.30 8094.94 8583.10 9068.64 9551.41 10031.25 10508.03 10981.60 11451.82 11918.54 12381.62 12840.92 13296.30 13747.63 14194.77 14637.58 15075.92 15509.67 15938.69 50.53 561.87 1073.02 1583.83 2094.14 2603.80 3112.64 3620.53 4127.30 4632.80 5136.87 5639.36 6140.12 6639.00 7135.85 7630.50 8122.82 8612.66 9099.85 9584.27 10065.76 10544.17 11019.36 11491.18 11959.50 12424.16 12885.03 13341.97 13794.85 14243.51 14687.83 15127.68 15562.91 15993.40 50.88 563.96 1076.85 1589.40 2101.46 2612.85 3123.44 3633.06 4141.56 4648.78 5154.57 5658.78 6161.25 6661.83 7160.36 7656.71 8150.70 8642.21 9131.07 9617.14 10100.26 10580.31 11057.11 11530.55 12000.46 12466.71 12929.15 13387.65 13842.06 14292.26 14738.09 15179.43 15616.15 16048.11 51.22 566.05 1080.69 1594.98 2108.78 2621.91 3134.23 3645.59 4155.81 4664.76 5172.27 5678.19 6182.37 6684.65 7184.88 7682.91 8178.59 8671.76 9162.28 9650.00 10134.77 10616.44 11094.87 11569.91 12041.42 12509.25 12973.27 13433.32 13889.28 14341.00 14788.35 15231.19 15669.39 16102.81 51.57 568.14 1084.53 1600.56 2116.10 2630.97 3145.03 3658.12 4170.07 4680.74 5189.97 5697.61 6203.49 6707.47 7209.40 7709.12 8206.47 8701.32 9193.50 9682.87 10169.28 10652.58 11132.63 11609.28 12082.38 12551.80 13017.38 13479.00 13936.50 14389.75 14838.61 15282.95 15722.63 16157.52 51.92 570.24 1088.37 1606.15 2123.42 2640.04 3155.83 3670.65 4184.33 4696.73 5207.67 5717.02 6224.62 6730.30 7233.92 7735.32 8234.36 8730.87 9224.72 9715.74 10203.79 10688.72 11170.39 11648.65 12123.35 12594.35 13061.50 13524.67 13983.72 14438.50 14888.87 15334.71 15775.87 16212.23 52.27 572.33 1092.21 1611.73 2130.75 2649.10 3166.63 3683.18 4198.59 4712.71 5225.38 5736.44 6245.74 6753.13 7258.44 7761.53 8262.25 8760.43 9255.93 9748.61 10238.30 10724.86 11208.15 11688.02 12164.31 12636.89 13105.62 13570.35 14030.94 14487.24 14939.13 15386.47 15829.12 16266.94 52.62 574.43 1096.05 1617.31 2138.07 2658.16 3177.43 3695.71 4212.85 4728.70 5243.08 5755.86 6266.87 6775.96 7282.96 7787.74 8290.13 8789.99 9287.15 9781.48 10272.81 10761.01 11245.91 11727.39 12205.28 12679.44 13149.74 13616.03 14078.16 14535.99 14989.40 15438.23 15882.36 16321.65 52.97 576.53 1099.89 1622.90 2145.40 2667.23 3188.23 3708.25 4227.12 4744.68 5260.79 5775.28 6288.00 6798.79 7307.49 7813.95 8318.02 8819.55 9318.37 9814.35 10307.33 10797.15 11283.68 11766.76 12246.25 12722.00 13193.86 13661.70 14125.38 14584.74 15039.66 15489.99 15935.60 16376.36 53.33 578.63 1103.73 1628.48 2152.73 2676.29 3199.03 3720.78 4241.38 4760.67 5278.50 5794.70 6309.13 6821.62 7332.01 7840.16 8345.91 8849.11 9349.59 9847.22 10341.84 10833.30 11321.44 11806.13 12287.21 12764.55 13237.98 13707.38 14172.60 14633.49 15089.93 15541.76 15988.85 16431.07 53.68 580.73 1107.58 1634.07 2160.05 2685.36 3209.84 3733.32 4255.64 4776.66 5296.21 5814.12 6330.26 6844.45 7356.54 7866.38 8373.80 8878.67 9380.82 9880.10 10376.35 10869.44 11359.21 11845.50 12328.18 12807.10 13282.11 13753.06 14219.82 14682.25 15140.19 15593.52 16042.10 16485.78 54.04 582.83 1111.42 1639.66 2167.38 2694.43 3220.64 3745.85 4269.91 4792.65 5313.92 5833.55 6351.39 6867.28 7381.07 7892.59 8401.70 8908.23 9412.04 9912.97 10410.87 10905.59 11396.97 11884.88 12369.15 12849.65 13326.23 13798.74 14267.05 14731.00 15190.46 15645.29 16095.34 16540.50 54.40 584.93 1115.27 1645.25 2174.71 2703.50 3231.45 3758.39 4284.18 4808.64 5331.63 5852.97 6372.52 6890.11 7405.59 7918.80 8429.59 8937.79 9443.26 9945.85 10445.39 10941.74 11434.74 11924.25 12410.13 12892.21 13370.36 13844.43 14314.27 14779.75 15240.72 15697.05 16148.59 16595.21 54.75 587.03 1119.12 1650.84 2182.05 2712.57 3242.25 3770.93 4298.45 4824.64 5349.34 5872.40 6393.66 6912.95 7430.12 7945.02 8457.48 8967.36 9474.49 9978.72 10479.90 10977.88 11472.51 11963.63 12451.10 12934.76 13414.48 13890.11 14361.50 14828.51 15290.99 15748.82 16201.84 16649.93 55.11 589.14 1122.96 1656.43 2189.38 2721.64 3253.06 3783.47 4312.72 4840.63 5367.05 5891.83 6414.79 6935.79 7454.65 7971.24 8485.38 8996.92 9505.72 10011.60 10514.42 11014.03 11510.28 12003.01 12492.07 12977.32 13458.61 13935.79 14408.72 14877.26 15341.26 15800.58 16255.09 16704.64 55.47 591.24 1126.81 1662.03 2196.71 2730.72 3263.87 3796.02 4326.99 4856.62 5384.77 5911.25 6435.93 6958.62 7479.18 7997.46 8513.28 9026.49 9536.94 10044.48 10548.94 11050.18 11548.05 12042.38 12533.04 13019.88 13502.74 13981.48 14455.95 14926.02 15391.53 15852.35 16308.34 16759.36 55.84 593.35 1130.67 1667.62 2204.05 2739.79 3274.68 3808.56 4341.26 4872.62 5402.48 5930.68 6457.06 6981.46 7503.72 8023.67 8541.17 9056.06 9568.17 10077.36 10583.46 11086.34 11585.82 12081.76 12574.02 13062.44 13546.87 14027.16 14503.18 14974.77 15441.80 15904.12 16361.59 16814.08 56.20 595.46 1134.52 1673.22 2211.39 2748.87 3285.49 3821.10 4355.53 4888.62 5420.20 5950.11 6478.20 7004.30 7528.25 8049.89 8569.07 9085.63 9599.40 10110.24 10617.99 11122.49 11623.59 12121.14 12615.00 13105.00 13591.00 14072.85 14550.41 15023.53 15492.07 15955.89 16414.85 16868.80 56.56 597.57 1138.37 1678.81 2218.73 2757.95 3296.31 3833.65 4369.81 4904.62 5437.92 5969.55 6499.34 7027.14 7552.79 8076.12 8596.97 9115.20 9630.63 10143.12 10652.51 11158.64 11661.36 12160.53 12655.97 13147.56 13635.13 14118.54 14597.64 15072.29 15542.35 16007.66 16468.10 16923.52 56.93 599.68 1142.23 1684.41 2226.06 2767.02 3307.12 3846.20 4384.08 4920.62 5455.64 5988.98 6520.48 7049.98 7577.32 8102.34 8624.87 9144.77 9661.86 10176.00 10687.03 11194.80 11699.14 12199.91 12696.95 13190.12 13679.26 14164.23 14644.87 15121.05 15592.62 16059.43 16521.35 16978.24 57.30 601.79 1146.08 1690.01 2233.41 2776.10 3317.94 3858.74 4398.36 4936.62 5473.36 6008.41 6541.62 7072.83 7601.86 8128.56 8652.78 9174.34 9693.10 10208.89 10721.56 11230.95 11736.91 12239.29 12737.93 13232.68 13723.39 14209.92 14692.10 15169.81 15642.89 16111.21 16574.61 17032.96 57.66 603.90 1149.94 1695.61 2240.75 2785.18 3328.75 3871.29 4412.64 4952.62 5491.08 6027.85 6562.77 7095.67 7626.40 8154.79 8680.68 9203.91 9724.33 10241.77 10756.09 11267.11 11774.69 12278.67 12778.91 13275.24 13767.53 14255.61 14739.34 15218.57 15693.17 16162.98 16627.86 17087.68 58.03 606.02 1153.80 1701.21 2248.09 2794.26 3339.57 3883.84 4426.92 4968.62 5508.80 6047.28 6583.91 7118.51 7650.94 8181.01 8708.58 9233.49 9755.57 10274.66 10790.61 11303.27 11812.47 12318.06 12819.89 13317.81 13811.66 14301.30 14786.57 15267.34 15743.44 16214.75 16681.12 17142.40 58.40 608.13 1157.66 1706.82 2255.43 2803.35 3350.39 3896.39 4441.20 4984.63 5526.52 6066.72 6605.05 7141.36 7675.48 8207.24 8736.49 9263.06 9786.80 10307.55 10825.14 11339.43 11850.25 12357.45 12860.87 13360.37 13855.80 14346.99 14833.81 15316.10 15793.72 16266.53 16734.38 17197.13 58.78 610.25 1161.52 1712.42 2262.78 2812.43 3361.21 3908.95 4455.48 5000.63 5544.25 6086.16 6626.20 7164.21 7700.02 8233.47 8764.39 9292.64 9818.04 10340.44 10859.67 11375.59 11888.03 12396.83 12901.86 13402.94 13899.93 14392.68 14881.04 15364.86 15844.00 16318.30 16787.64 17251.85 59.15 612.37 1165.38 1718.02 2270.12 2821.52 3372.03 3921.50 4469.76 5016.64 5561.97 6105.60 6647.35 7187.06 7724.56 8259.70 8792.30 9322.22 9849.28 10373.32 10894.20 11411.75 11925.81 12436.22 12942.84 13445.51 13944.07 14438.38 14928.28 15413.63 15894.28 16370.08 16840.90 17306.58 59.52 614.49 1169.25 1723.63 2277.47 2830.60 3382.85 3934.06 4484.04 5032.65 5579.70 6125.04 6668.50 7209.91 7749.10 8285.93 8820.21 9351.79 9880.52 10406.22 10928.73 11447.91 11963.59 12475.61 12983.82 13488.07 13988.21 14484.07 14975.52 15462.40 15944.56 16421.86 16894.15 17361.30 59.90 616.61 1173.11 1729.24 2284.82 2839.69 3393.68 3946.61 4498.33 5048.66 5597.43 6144.48 6689.65 7232.76 7773.65 8312.16 8848.12 9381.37 9911.76 10439.11 10963.26 11484.07 12001.37 12515.00 13024.81 13530.64 14032.35 14529.77 15022.76 15511.16 15994.84 16473.64 16947.42 17416.03 60.27 618.73 1176.98 1734.85 2292.17 2848.78 3404.50 3959.17 4512.61 5064.67 5615.16 6163.92 6710.80 7255.61 7798.19 8338.39 8876.03 9410.95 9943.00 10472.00 10997.80 11520.24 12039.15 12554.39 13065.80 13573.21 14076.49 14575.46 15070.00 15559.93 16045.12 16525.42 17000.68 17470.76 60.65 620.85 1180.84 1740.46 2299.52 2857.87 3415.33 3971.73 4526.90 5080.68 5632.89 6183.37 6731.95 7278.46 7822.74 8364.62 8903.94 9440.54 9974.24 10504.89 11032.33 11556.40 12076.94 12593.78 13106.78 13615.78 14120.63 14621.16 15117.24 15608.70 16095.40 16577.20 17053.94 17525.48 61.03 622.97 1184.71 1746.07 2306.87 2866.96 3426.15 3984.29 4541.19 5096.69 5650.62 6202.81 6753.10 7301.31 7847.29 8390.86 8931.86 9470.12 10005.48 10537.79 11066.87 11592.57 12114.72 12633.18 13147.77 13658.36 14164.77 14666.86 15164.48 15657.47 16145.68 16628.98 17107.20 17580.21 61.41 625.10 1188.58 1751.68 2314.23 2876.05 3436.98 3996.85 4555.48 5112.70 5668.35 6222.26 6774.25 7324.17 7871.84 8417.09 8959.77 9499.70 10036.73 10570.68 11101.40 11628.73 12152.51 12672.57 13188.76 13700.93 14208.91 14712.56 15211.72 15706.24 16195.97 16680.76 17160.47 17634.94 61.79 627.22 1192.45 1757.29 2321.58 2885.15 3447.81 4009.41 4569.77 5128.72 5686.09 6241.71 6795.41 7347.03 7896.39 8443.33 8987.68 9529.29 10067.97 10603.58 11135.94 11664.90 12190.30 12711.97 13229.75 13743.50 14253.06 14758.26 15258.96 15755.01 16246.25 16732.54 17213.73 17689.68 62.17 629.35 1196.32 1762.91 2328.94 2894.24 3458.64 4021.97 4584.06 5144.73 5703.82 6261.16 6816.57 7369.88 7920.94 8469.57 9015.60 9558.87 10099.22 10636.48 11170.48 11701.07 12228.08 12751.36 13270.75 13786.08 14297.20 14803.96 15306.21 15803.78 16296.54 16784.33 17267.00 17744.41 62.55 631.48 1200.19 1768.52 2336.29 2903.34 3469.47 4034.54 4598.35 5160.75 5721.56 6280.61 6837.72 7392.74 7945.49 8495.81 9043.52 9588.46 10130.47 10669.38 11205.02 11737.24 12265.87 12790.76 13311.74 13828.65 14341.35 14849.67 15353.45 15852.56 16346.83 16836.11 17320.26 17799.14 62.94 633.61 1204.07 1774.14 2343.65 2912.43 3480.31 4047.10 4612.65 5176.77 5739.30 6300.06 6858.88 7415.60 7970.05 8522.05 9071.44 9618.05 10161.72 10702.28 11239.56 11773.41 12303.66 12830.16 13352.73 13871.23 14385.49 14895.37 15400.70 15901.33 16397.11 16887.90 17373.53 17853.87 63.32 635.74 1207.94 1779.76 2351.01 2921.53 3491.14 4059.67 4626.94 5192.79 5757.03 6319.51 6880.04 7438.46 7994.60 8548.29 9099.36 9647.64 10192.97 10735.18 11274.10 11809.58 12341.46 12869.56 13393.73 13913.81 14429.64 14941.07 15447.95 15950.11 16447.40 16939.68 17426.80 17908.61 63.71 637.87 1211.82 1785.38 2358.37 2930.63 3501.98 4072.24 4641.24 5208.81 5774.77 6338.96 6901.20 7461.32 8019.16 8574.53 9127.28 9677.23 10224.22 10768.08 11308.65 11845.76 12379.25 12908.96 13434.72 13956.39 14473.79 14986.78 15495.19 15998.88 16497.69 16991.47 17480.07 17963.34 64.10 640.00 1215.70 1791.00 2365.73 2939.73 3512.81 4084.81 4655.54 5224.83 5792.51 6358.42 6922.36 7484.19 8043.71 8600.77 9155.20 9706.82 10255.47 10800.98 11343.19 11881.93 12417.04 12948.36 13475.72 13998.97 14517.94 15032.48 15542.44 16047.66 16547.98 17043.26 17533.34 18018.08 64.49 642.14 1219.57 1796.62 2373.10 2948.83 3523.65 4097.37 4669.83 5240.85 5810.26 6377.87 6943.53 7507.05 8068.27 8627.02 9183.12 9736.41 10286.72 10833.89 11377.73 11918.11 12454.84 12987.76 13516.72 14041.55 14562.09 15078.19 15589.69 16096.44 16598.27 17095.05 17586.61 18072.81 64.88 644.27 1223.45 1802.24 2380.46 2957.93 3534.49 4109.95 4684.13 5256.88 5828.00 6397.33 6964.69 7529.92 8092.83 8653.26 9211.04 9766.00 10317.98 10866.79 11412.28 11954.28 12492.63 13027.16 13557.72 14084.13 14606.24 15123.90 15636.94 16145.21 16648.56 17146.84 17639.88 18127.55 65.27 646.41 1227.33 1807.86 2387.82 2967.04 3545.33 4122.52 4698.43 5272.90 5845.74 6416.79 6985.86 7552.78 8117.39 8679.51 9238.97 9795.60 10349.23 10899.70 11446.83 11990.46 12530.43 13066.57 13598.72 14126.71 14650.40 15169.61 15684.19 16193.99 16698.86 17198.63 17693.15 18182.29 65.66 648.55 1231.22 1813.49 2395.19 2976.14 3556.17 4135.09 4712.74 5288.93 5863.49 6436.24 7007.02 7575.65 8141.95 8705.76 9266.90 9825.20 10380.49 10932.60 11481.38 12026.64 12568.22 13105.97 13639.72 14169.29 14694.55 15215.32 15731.45 16242.77 16749.15 17250.42 17746.43 18237.03 66.06 650.69 1235.10 1819.12 2402.56 2985.25 3567.01 4147.67 4727.04 5304.95 5881.23 6455.70 7028.19 7598.52 8166.51 8732.01 9294.82 9854.79 10411.74 10965.51 11515.92 12062.82 12606.02 13145.38 13680.72 14211.88 14738.70 15261.03 15778.70 16291.56 16799.44 17302.21 17799.70 18291.77 66.45 652.83 1238.98 1824.74 2409.93 2994.36 3577.85 4160.24 4741.34 5320.98 5898.98 6475.17 7049.36 7621.39 8191.08 8758.26 9322.75 9884.39 10443.00 10998.42 11550.47 12099.00 12643.82 13184.78 13721.72 14254.46 14782.86 15306.74 15825.95 16340.34 16849.74 17354.00 17852.98 18346.51 66.85 654.97 1242.87 1830.37 2417.30 3003.46 3588.70 4172.82 4755.65 5337.01 5916.73 6494.63 7070.53 7644.26 8215.64 8784.51 9350.68 9913.99 10474.26 11031.33 11585.03 12135.18 12681.62 13224.19 13762.72 14297.05 14827.01 15352.45 15873.21 16389.12 16900.04 17405.80 17906.25 18401.25 67.24 657.11 1246.76 1836.00 2424.67 3012.57 3599.54 4185.40 4769.96 5353.04 5934.48 6514.09 7091.70 7667.13 8240.21 8810.76 9378.61 9943.59 10505.52 11064.24 11619.58 12171.36 12719.42 13263.60 13803.73 14339.64 14871.17 15398.17 15920.46 16437.91 16950.33 17457.59 17959.53 18455.99 67.64 659.25 1250.64 1841.63 2432.04 3021.69 3610.39 4197.98 4784.26 5369.07 5952.23 6533.56 7112.87 7690.00 8264.77 8837.01 9406.54 9973.19 10536.78 11097.15 11654.13 12207.54 12757.23 13303.01 13844.73 14382.23 14915.33 15443.88 15967.72 16486.69 17000.63 17509.39 18012.81 18510.74 68.04 661.40 1254.53 1847.26 2439.41 3030.80 3621.24 4210.56 4798.57 5385.11 5969.98 6553.02 7134.04 7712.88 8289.34 8863.27 9434.47 10002.79 10568.05 11130.07 11688.69 12243.73 12795.03 13342.42 13885.74 14424.82 14959.49 15489.60 16014.98 16535.48 17050.93 17561.18 18066.09 18565.48 68.44 663.54 1258.42 1852.90 2446.79 3039.91 3632.09 4223.14 4812.88 5401.14 5987.74 6572.49 7155.22 7735.75 8313.91 8889.52 9462.41 10032.39 10599.31 11162.98 11723.24 12279.91 12832.83 13381.83 13926.75 14467.41 15003.65 15535.31 16062.24 16584.26 17101.23 17612.98 18119.37 18620.23 68.85 665.69 1262.31 1858.53 2454.16 3049.02 3642.94 4235.72 4827.19 5417.18 6005.49 6591.96 7176.39 7758.63 8338.48 8915.78 9490.34 10062.00 10630.57 11195.90 11757.80 12316.10 12870.64 13421.25 13967.75 14510.00 15047.81 15581.03 16109.50 16633.05 17151.53 17664.78 18172.65 18674.97 69.25 667.84 1266.21 1864.17 2461.54 3058.14 3653.79 4248.30 4841.51 5433.21 6023.25 6611.42 7197.57 7781.51 8363.05 8942.04 9518.28 10091.60 10661.84 11228.81 11792.35 12352.29 12908.45 13460.66 14008.76 14552.59 15091.97 15626.75 16156.76 16681.84 17201.83 17716.58 18225.93 18729.72 69.65 669.99 1270.10 1869.80 2468.92 3067.26 3664.64 4260.89 4855.82 5449.25 6041.00 6630.89 7218.75 7804.38 8387.63 8968.29 9546.21 10121.21 10693.11 11261.73 11826.91 12388.48 12946.25 13500.08 14049.77 14595.18 15136.14 15672.47 16204.02 16730.63 17252.13 17768.38 18279.21 18784.47 70.06 672.14 1274.00 1875.44 2476.30 3076.37 3675.50 4273.48 4870.13 5465.29 6058.76 6650.37 7239.93 7827.26 8412.20 8994.55 9574.15 10150.82 10724.38 11294.65 11861.47 12424.67 12984.06 13539.49 14090.79 14637.78 15180.30 15718.19 16251.28 16779.42 17302.44 17820.18 18332.49 18839.21 70.46 674.29 1277.89 1881.08 2483.68 3085.49 3686.35 4286.06 4884.45 5481.33 6076.52 6669.84 7261.11 7850.14 8436.77 9020.81 9602.09 10180.43 10755.64 11327.57 11896.03 12460.86 13021.87 13578.91 14131.80 14680.37 15224.46 15763.91 16298.55 16828.21 17352.74 17871.98 18385.77 18893.96 70.87 676.44 1281.79 1886.72 2491.06 3094.61 3697.21 4298.65 4898.77 5497.37 6094.28 6689.31 7282.29 7873.03 8461.35 9047.08 9630.03 10210.04 10786.91 11360.49 11930.59 12497.05 13059.68 13618.33 14172.81 14722.97 15268.63 15809.63 16345.81 16877.00 17403.05 17923.78 18439.06 18948.71 71.28 678.60 1285.69 1892.36 2498.44 3103.73 3708.06 4311.24 4913.09 5513.41 6112.04 6708.79 7303.47 7895.91 8485.93 9073.34 9657.97 10239.65 10818.18 11393.41 11965.16 12533.24 13097.49 13657.75 14213.83 14765.56 15312.80 15855.35 16393.07 16925.79 17453.35 17975.59 18492.34 19003.46 71.69 680.75 1289.59 1898.01 2505.82 3112.86 3718.92 4323.83 4927.40 5529.46 6129.80 6728.26 7324.65 7918.79 8510.50 9099.60 9685.91 10269.26 10849.46 11426.34 11999.72 12569.43 13135.31 13697.17 14254.84 14808.16 15356.96 15901.08 16440.34 16974.59 17503.66 18027.39 18545.63 19058.22 72.10 682.91 1293.49 1903.65 2513.21 3121.98 3729.78 4336.42 4941.72 5545.50 6147.57 6747.74 7345.84 7941.68 8535.08 9125.87 9713.86 10298.87 10880.73 11459.26 12034.28 12605.63 13173.12 13736.59 14295.86 14850.76 15401.13 15946.80 16487.61 17023.38 17553.97 18079.20 18598.92 19112.97 72.52 685.07 1297.39 1909.29 2520.59 3131.11 3740.64 4349.02 4956.05 5561.55 6165.33 6767.22 7367.02 7964.56 8559.66 9152.13 9741.80 10328.48 10912.00 11492.18 12068.85 12641.82 13210.94 13776.01 14336.87 14893.36 15445.30 15992.53 16534.88 17072.18 17604.27 18131.00 18652.20 19167.72 72.93 687.23 1301.29 1914.94 2527.98 3140.23 3751.50 4361.61 4970.37 5577.59 6183.10 6786.70 7388.21 7987.45 8584.24 9178.40 9769.75 10358.10 10943.28 11525.11 12103.42 12678.02 13248.75 13815.43 14377.89 14935.96 15489.47 16038.26 16582.14 17120.98 17654.58 18182.81 18705.49 19222.48 73.34 689.39 1305.20 1920.59 2535.37 3149.36 3762.37 4374.21 4984.69 5593.64 6200.86 6806.18 7409.40 8010.34 8608.83 9204.67 9797.69 10387.72 10974.56 11558.04 12137.98 12714.22 13286.57 13854.86 14418.91 14978.56 15533.64 16083.98 16629.41 17169.77 17704.89 18234.62 18758.78 19277.23
=== END RADAR_SCAN ===

=== BEGIN RADAR_SCAN ===
scan.index=2
scan.time=129.330000
radar.id=2
radar.frequency=X
radar.scanning_mode=RHI
radar.x=-50000.000
radar.y=200000.000
radar.z=25.000
radar.maximum_range=50000.000
radar.range_resolution=100.000
radar.angular_resolution=1.000000
box.radar_id=2
box.min_range_gate=106.000
box.max_range_gate=353.000
box.min_angle=0.000000
box.max_angle=34.000000
box.num_ranges=248
box.num_angles=34
box.range_resolution=100.000
box.angular_resolution=1.000000
box.other_angle=-72.197784
grid.size=8432
grid.data=0.00 0.00 0.00 0.00 0.00 0.00 0.00 0.00 0.00 0.00 0.00 0.00 0.00 0.00 0.00 0.00 0.00 0.00 0.00 0.00 0.00 0.00 0.00 0.00 0.00 0.00 0.00 0.00 0.00 0.00 0.00 0.00 0.00 0.00 0.00 0.00 0.00 0.00 0.00 0.00 0.00 0.00 0.00 0.00 0.00 0.00 0.00 0.00 0.00 0.00 0.00 0.00 0.00 0.00 0.00 0.00 0.00 0.00 0.00 0.00 0.00 0.00 0.00 0.00 0.00 0.00 0.00 0.00 23.84 34.19 27.02 23.88 0.00 0.00 0.00 0.00 0.00 0.00 0.00 0.00 0.00 0.00 0.00 0.00 0.00 0.00 0.00 0.00 0.00 0.00 0.00 0.00 0.00 0.00 0.00 0.00 0.00 0.00 0.00 0.00 0.00 0.00 18.20 38.35 30.52 33.31 29.65 29.56 24.43 34.10 31.55 0.00 0.00 0.00 0.00 0.00 0.00 0.00 0.00 0.00 0.00 0.00 0.00 0.00 0.00 0.00 0.00 0.00 0.00 0.00 0.00 0.00 0.00 0.00 0.00 0.00 23.40 22.49 33.54 27.37 23.61 29.93 28.76 33.07 36.97 27.54 29.51 32.19 0.00 0.00 0.00 0.00 0.00 0.00 0.00 0.00 0.00 0.00 0.00 0.00 0.00 0.00 0.00 0.00 0.00 0.00 0.00 0.00 0.00 0.00 24.37 22.97 34.53 33.69 29.88 24.91 26.43 24.66 28.36 34.36 32.64 36.61 34.67 34.98 0.00 0.00 0.00 0.00 0.00 0.00 0.00 0.00 0.00 0.00 0.00 0.00 0.00 0.00 0.00 0.00 0.00 0.00 0.00 0.00 27.99 23.97 23.94 27.16 27.47 30.40 24.75 28.00 29.23 30.47 32.50 27.03 33.71 31.07 33.83 38.44 0.00 0.00 0.00 0.00 0.00 0.00 0.00 0.00 0.00 0.00 0.00 0.00 0.00 0.00 0.00 0.00 0.00 0.00 23.96 25.13 33.37 29.93 31.11 29.45 26.67 31.03 31.75 27.40 28.57 29.14 35.98 34.16 29.96 32.68 26.92 40.42 0.00 0.00 0.00 0.00 0.00 0.00 0.00 0.00 0.00 0.00 0.00 0.00 0.00 0.00 0.00 0.00 24.21 32.03 30.20 26.35 28.72 30.92 25.36 27.34 27.85 26.76 25.77 29.54 34.48 39.47 34.04 26.33 44.14 35.75 38.46 42.30 0.00 0.00 0.00 0.00 0.00 0.00 0.00 0.00 0.00 0.00 0.00 0.00 0.00 0.00 29.52 21.62 22.42 29.17 34.79 29.30 28.76 36.80 29.65 32.59 28.72 30.05 32.63 33.04 28.97 38.85 33.64 42.73 45.34 38.12 33.07 0.00 0.00 0.00 0.00 0.00 0.00 0.00 0.00 0.00 0.00 0.00 0.00 0.00 29.68 24.53 33.31 29.19 24.47 21.60 23.77 29.01 25.78 30.86 34.45 38.50 33.71 29.79 35.84 37.09 31.25 44.01 41.00 42.92 31.99 43.77 0.00 0.00 0.00 0.00 0.00 0.00 0.00 0.00 0.00 0.00 0.00 0.00 19.49 29.09 23.91 27.43 23.71 24.91 26.24 29.97 35.15 29.80 35.15 25.34 31.08 34.22 37.74 35.91 35.29 39.34 42.97 43.82 41.17 39.62 32.64 0.00 0.00 0.00 0.00 0.00 0.00 0.00 0.00 0.00 0.00 0.00 30.44 25.43 21.61 33.45 34.38 26.89 24.31 31.45 27.57 27.82 30.18 32.76 31.25 31.11 28.45 30.44 30.67 39.07 42.78 47.77 37.61 32.47 31.97 30.95 23.23 0.00 0.00 0.00 0.00 0.00 0.00 0.00 0.00 0.00 23.31 28.75 26.35 26.66 29.36 26.06 35.10 36.49 24.75 36.63 33.12 35.45 26.59 38.28 39.51 33.32 33.01 51.43 43.42 47.94 42.90 34.12 33.70 31.28 29.26 27.76 0.00 0.00 0.00 0.00 0.00 0.00 0.00 0.00 26.58 25.41 28.85 26.87 24.37 35.76 31.13 31.24 32.15 40.09 34.92 29.89 35.95 34.70 27.45 27.73 31.12 43.63 45.86 43.09 40.10 34.11 33.24 36.67 25.04 26.34 26.53 0.00 0.00 0.00 0.00 0.00 0.00 0.00 26.62 27.05 25.31 32.75 28.11 21.58 36.15 29.85 30.34 33.84 34.82 30.54 33.02 30.11 34.25 34.18 36.44 43.63 40.55 49.61 33.16 33.64 39.44 30.62 29.46 20.27 30.64 28.91 0.00 0.00 0.00 0.00 0.00 0.00 26.73 25.41 30.84 22.01 28.43 29.57 32.57 34.27 31.29 35.40 36.51 32.46 34.40 37.54 34.34 33.92 40.06 44.93 43.79 42.41 37.40 32.40 31.58 28.80 25.34 29.09 29.38 27.40 0.00 0.00 0.00 0.00 0.00 0.00 23.15 24.27 25.85 31.85 23.70 30.58 30.15 32.82 27.43 35.07 37.94 36.40 27.29 33.13 31.33 30.11 34.96 44.54 36.61 39.75 35.95 39.11 35.86 28.98 29.59 25.83 20.68 25.02 19.42 0.00 0.00 0.00 0.00 0.00 27.94 28.95 23.28 27.76 28.69 23.22 30.56 36.28 31.45 29.69 32.13 29.35 28.70 33.02 31.07 32.88 47.48 37.35 47.58 37.27 33.90 32.74 33.08 27.40 25.55 28.51 22.30 20.56 16.89 18.44 0.00 0.00 0.00 0.00 28.14 27.85 22.77 24.79 30.96 23.81 27.90 30.09 36.33 38.82 30.66 33.43 35.27 36.81 35.42 40.62 37.71 43.24 38.32 39.42 33.43 37.68 26.22 30.28 27.50 27.49 20.97 22.79 18.44 10.27 10.78 0.00 0.00 0.00 27.44 23.00 27.33 32.10 33.39 30.41 33.38 31.27 30.85 32.69 27.88 30.14 22.59 32.63 37.85 35.35 48.08 46.62 34.13 38.27 34.90 32.06 30.16 30.48 21.53 20.22 25.47 18.84 14.40 19.26 12.42 11.95 0.00 0.00 23.87 31.72 30.29 30.93 24.50 28.36 24.80 26.09 29.95 33.87 31.02 34.56 26.01 32.85 43.97 31.07 51.00 42.18 37.49 39.99 33.13 39.35 27.77 35.43 30.07 23.86 25.20 16.44 16.98 14.13 13.55 11.21 0.00 0.00 24.25 27.11 28.26 33.13 29.36 22.98 24.73 28.95 37.36 31.40 34.30 41.92 35.88 37.13 38.99 37.59 46.33 39.96 39.06 39.14 39.74 30.44 25.47 27.55 20.01 23.14 22.37 15.85 16.23 16.60 18.92 14.34 5.72 0.00 31.26 28.34 22.71 27.67 28.04 28.84 28.40 26.01 26.90 30.09 33.32 37.91 37.95 33.37 35.38 40.78 44.45 42.25 34.10 44.36 39.60 32.78 30.64 27.38 24.25 23.75 22.14 15.75 15.82 13.17 5.05 10.29 4.61 3.60 25.58 27.31 20.92 32.25 28.15 21.29 28.95 34.70 27.80 31.56 33.33 35.11 30.96 35.68 33.14 35.12 39.27 38.72 40.84 36.61 37.04 29.19 26.05 29.38 22.23 24.37 21.74 16.83 22.86 14.24 8.79 9.67 14.35 -3.54 33.95 32.79 30.94 27.91 29.90 36.23 26.49 26.71 27.32 29.17 36.64 36.47 32.29 33.43 37.08 36.37 42.99 46.94 39.51 34.85 38.31 32.77 31.66 26.55 27.63 23.33 23.71 20.39 17.48 20.66 13.53 6.79 9.82 -5.31 31.46 23.98 26.70 26.90 23.89 27.91 24.37 30.88 26.81 26.05 31.21 35.46 40.08 33.03 31.46 41.30 37.55 43.39 38.02 36.35 37.47 33.29 31.20 24.72 24.47 19.19 21.66 17.46 23.04 17.65 5.15 6.11 0.64 2.70 27.88 24.61 28.84 30.54 24.65 29.28 32.13 28.80 32.51 35.54 32.94 34.05 40.13 30.84 33.26 38.36 42.06 47.97 37.61 29.75 32.23 28.63 25.12 31.21 20.46 25.31 18.60 13.87 11.35 9.38 7.79 11.31 3.16 -0.29 26.12 31.34 25.60 23.67 30.86 29.34 32.96 28.48 29.95 39.10 36.61 38.32 34.03 33.06 32.10 46.13 37.17 43.07 40.41 32.25 30.41 32.35 27.45 27.62 29.34 19.44 18.08 22.39 13.93 15.92 12.54 1.65 2.75 -6.79 25.09 27.37 24.92 23.57 27.18 26.03 29.66 25.85 33.37 30.01 37.69 33.00 29.72 37.65 31.55 54.33 38.49 39.60 39.24 35.51 34.20 31.95 28.04 28.84 26.42 17.55 17.25 14.14 13.14 9.67 7.30 9.85 3.29 -0.01 25.91 24.24 24.52 30.63 27.48 28.79 25.63 29.29 33.40 32.40 31.70 34.67 29.44 41.58 41.97 38.17 40.72 42.58 41.07 40.68 30.67 32.78 27.61 29.47 21.58 19.37 18.93 19.61 11.86 11.65 6.25 1.32 -2.47 2.55 31.06 25.43 26.40 29.87 32.18 27.32 31.49 34.14 31.84 34.60 43.18 32.43 37.25 37.03 43.58 42.32 41.01 33.67 26.81 34.41 26.61 29.11 22.80 23.11 23.52 15.75 15.80 16.58 13.93 8.61 2.32 -0.19 0.23 0.96 30.80 20.95 27.08 28.78 31.49 29.10 35.45 29.03 30.33 34.17 32.95 35.27 38.17 33.12 46.13 42.55 50.82 39.75 42.68 33.39 30.28 18.50 20.60 22.69 25.35 24.89 19.61 17.24 13.51 11.00 9.28 -1.17 4.61 2.76 23.55 32.76 25.56 26.43 28.45 21.43 27.87 29.50 28.12 29.09 36.30 39.94 37.34 31.61 41.78 37.16 43.46 37.45 38.95 37.92 29.41 22.99 29.33 21.06 26.45 16.48 14.74 16.94 11.10 8.40 8.44 -0.02 -2.46 -0.42 27.03 31.08 31.11 25.00 31.78 30.92 28.68 33.58 33.79 35.15 32.46 34.36 33.01 35.88 37.03 41.76 37.82 39.26 34.77 31.12 29.41 30.47 25.41 24.06 23.80 18.71 11.89 10.72 13.15 7.34 5.68 -6.14 -0.84 -0.98 27.37 30.50 30.92 28.69 31.05 25.31 21.81 27.44 29.87 28.62 35.72 42.49 37.25 35.57 39.43 41.33 37.22 37.39 31.99 31.37 26.90 25.28 25.42 22.63 20.22 20.27 18.56 14.18 8.07 10.43 5.14 0.68 -1.65 0.96 27.79 23.64 31.00 25.04 32.16 29.76 24.28 25.19 25.13 30.47 27.41 36.58 35.39 36.16 41.74 39.13 39.47 37.04 31.71 36.38 24.73 27.59 26.96 24.83 26.05 17.77 13.27 10.20 12.06 8.40 1.72 3.22 1.72 -2.02 38.17 29.06 23.75 28.98 30.30 26.80 25.95 25.78 32.23 35.48 34.60 33.83 35.61 33.77 35.55 43.47 40.05 39.04 34.23 33.03 30.54 25.08 30.19 20.26 26.22 18.56 22.75 10.69 8.31 10.77 -3.08 2.23 1.56 3.11 26.95 21.98 27.54 32.17 29.82 25.43 35.42 36.74 27.19 26.33 36.36 30.53 30.28 34.77 51.37 41.28 35.96 27.91 25.51 30.39 27.29 30.03 22.11 24.74 19.43 18.57 12.59 12.87 5.41 7.06 1.95 -0.30 -1.88 3.48 23.42 28.29 29.39 29.23 28.04 24.27 33.30 31.32 31.27 28.58 39.19 32.79 31.75 39.91 41.02 40.33 37.23 41.66 37.30 28.21 33.21 21.54 20.97 19.36 20.20 17.14 12.10 9.69 9.13 2.54 -3.36 -6.71 -7.58 -5.43 26.92 28.00 29.68 23.10 29.76 33.59 25.96 30.14 29.28 34.56 36.81 34.71 35.57 41.96 43.86 45.41 34.87 34.91 36.55 31.09 29.17 33.81 22.74 23.78 17.20 17.14 11.41 12.84 8.40 0.61 1.90 3.66 -1.13 -7.18 29.09 25.69 26.32 22.20 36.90 35.96 35.37 36.68 28.82 31.76 33.09 29.55 31.44 37.62 47.55 42.79 39.51 34.60 37.95 34.25 29.58 31.63 21.57 21.15 20.76 17.55 13.30 14.40 2.22 -1.32 0.11 0.81 -0.44 -0.74 25.09 32.00 26.43 28.45 26.52 30.83 29.87 36.30 34.87 40.04 34.48 23.04 37.06 43.17 48.42 48.53 38.56 38.91 27.56 30.22 24.86 26.34 31.50 23.81 14.54 15.07 13.13 9.73 1.45 -4.27 6.40 -0.65 -2.46 -1.90 25.77 27.73 28.96 22.83 27.12 28.02 28.56 28.24 38.82 36.96 28.32 31.18 35.84 37.53 42.29 38.28 39.53 40.24 35.58 26.76 31.46 21.73 17.74 23.16 23.82 17.42 11.61 4.18 2.71 1.13 -2.50 -0.52 1.24 -0.73 28.76 25.25 20.13 32.04 35.71 28.85 27.76 34.26 36.23 30.05 28.72 36.24 39.81 44.38 43.67 42.16 35.39 39.29 29.32 32.24 30.50 22.11 19.97 17.66 15.13 9.64 14.93 10.35 -2.33 2.05 -0.59 -0.54 4.29 -3.80 32.13 27.79 30.72 31.22 30.80 31.35 30.82 34.79 36.16 30.04 30.39 40.12 29.94 40.16 45.33 45.30 44.36 31.97 35.73 37.42 26.82 24.86 20.48 18.50 13.66 10.90 10.25 8.21 -0.20 5.80 -0.27 -2.36 -3.04 -4.90 29.35 24.73 22.89 27.59 25.75 23.82 24.77 30.23 31.40 38.33 29.85 39.34 32.87 42.70 40.46 41.73 40.98 36.67 29.14 31.00 31.00 22.37 23.44 19.15 12.50 17.02 7.62 8.19 1.71 0.27 1.12 -1.95 0.31 0.12 27.91 24.61 29.18 32.44 25.07 26.46 34.21 31.00 38.86 35.72 32.56 36.27 31.94 42.06 35.29 41.50 38.43 33.37 30.55 22.10 30.61 18.81 22.47 17.07 15.91 12.95 8.14 7.08 -0.28 -2.16 -2.07 3.93 2.00 2.77 24.71 30.82 29.62 25.71 35.89 27.38 32.53 31.32 29.34 29.48 35.19 34.06 39.94 44.59 52.65 41.11 48.42 31.05 25.95 27.79 28.95 28.12 23.25 10.48 12.50 7.00 10.10 0.30 -3.88 -4.65 -1.96 2.23 3.06 -3.43 28.22 24.99 27.83 26.94 31.91 28.58 32.30 25.48 25.66 35.23 31.62 28.02 36.42 43.25 46.12 37.00 35.22 38.86 33.76 25.64 26.44 17.12 24.80 21.76 16.82 12.50 4.83 4.20 -1.74 -4.25 1.14 0.79 -1.15 3.69 24.28 30.27 29.95 30.26 24.61 27.74 27.35 29.64 30.81 34.87 36.55 27.90 30.20 46.20 42.49 30.92 36.02 28.17 30.73 31.30 25.30 16.96 19.34 9.89 14.77 11.23 5.83 3.66 0.16 -3.20 -2.39 -2.74 -3.82 0.13 26.72 22.61 23.62 29.60 34.52 29.87 30.39 32.08 35.42 26.83 34.38 35.01 37.28 54.49 37.48 38.73 37.05 37.43 30.49 22.65 22.82 18.13 20.83 19.49 7.57 7.34 6.33 -1.60 -1.49 1.81 -4.79 6.80 1.17 1.39 26.39 23.36 31.39 28.12 29.48 30.80 35.60 33.14 35.00 31.29 41.13 30.48 38.78 44.60 39.30 34.53 32.60 34.91 34.53 28.48 24.41 25.94 17.33 17.70 14.85 8.35 7.54 1.46 -0.26 0.31 -1.95 -2.29 0.15 0.63 22.52 32.45 25.05 28.10 29.35 27.49 27.94 29.41 35.52 30.98 36.28 30.60 36.47 50.58 40.48 39.28 38.29 27.93 26.29 23.31 22.09 21.29 17.61 16.40 15.09 9.90 9.66 -8.35 2.38 0.70 -1.00 -4.41 -3.30 2.60 26.95 28.58 20.96 23.75 33.80 30.06 32.53 32.28 30.86 36.33 31.56 34.86 42.02 51.64 44.77 42.04 34.73 30.50 25.69 28.34 20.87 18.09 17.12 15.37 15.13 14.56 -4.54 6.99 4.21 2.68 3.04 1.26 6.55 0.54 20.25 20.42 20.79 35.06 33.73 29.75 30.16 30.59 32.21 36.96 32.82 34.83 34.39 45.28 37.46 37.11 37.03 32.94 31.28 24.83 25.56 17.95 20.35 12.79 13.90 11.10 2.76 -3.87 2.84 -2.65 -0.56 2.77 -6.74 -1.18 19.63 23.17 27.24 23.27 24.85 31.49 31.47 26.79 33.78 35.85 49.66 33.94 38.17 41.35 44.75 36.90 36.22 33.64 34.16 19.68 22.65 22.55 19.06 13.24 11.59 9.55 0.19 0.22 -0.62 0.41 0.47 -3.20 -0.53 1.33 24.30 25.31 25.68 23.36 25.42 22.19 36.56 33.63 36.72 38.80 46.83 37.71 45.30 40.46 37.70 37.75 29.44 27.71 28.43 24.75 16.55 19.31 16.39 11.98 12.15 10.37 -1.16 -3.67 -2.96 -3.96 2.91 1.44 0.96 7.05 21.81 24.25 22.38 24.46 35.40 27.85 29.63 27.39 35.98 41.53 46.15 45.71 41.23 44.98 45.85 33.23 33.66 39.32 28.37 28.87 20.98 19.35 15.15 16.52 11.15 9.77 -4.58 -4.73 1.28 2.27 -1.09 -0.08 -4.84 -0.89 23.15 28.82 26.11 21.61 30.81 32.07 35.12 29.34 35.28 36.41 36.26 35.93 39.75 48.49 42.20 33.95 30.64 33.26 27.50 20.68 21.16 15.17 16.45 14.65 8.59 4.79 0.17 -5.81 2.72 -4.43 2.63 2.03 1.90 6.57 20.59 17.54 27.36 30.00 31.54 31.16 36.84 31.66 37.72 32.41 40.53 43.77 44.44 41.33 33.10 35.17 37.75 32.50 24.61 33.25 15.55 19.43 14.40 15.92 12.72 0.02 2.00 1.32 3.84 6.06 -0.10 -1.38 0.18 -1.04 28.70 26.82 25.47 24.99 21.78 24.23 35.15 30.61 38.19 42.24 36.41 32.84 45.33 45.19 39.32 33.94 35.83 26.40 22.35 20.90 15.13 17.52 19.47 15.82 8.04 -0.73 3.65 6.38 0.44 -0.31 -1.50 1.43 2.50 -5.14 29.77 18.78 23.38 29.06 32.18 32.29 34.73 28.29 42.20 29.57 33.28 46.18 48.08 42.13 42.31 40.21 27.80 26.05 29.68 26.40 17.92 16.70 15.59 8.29 4.55 1.32 1.26 0.74 0.66 -2.15 -3.43 -0.92 0.02 5.56 24.51 27.04 21.00 24.84 26.50 25.72 32.31 40.06 33.05 43.32 39.27 40.41 41.96 44.50 34.42 34.99 35.32 28.52 29.09 29.52 21.25 15.58 16.05 12.20 5.89 1.73 -3.48 1.00 -4.85 -8.60 3.45 0.56 -0.59 1.80 23.57 27.01 21.94 22.42 28.14 33.17 31.55 33.06 39.56 38.10 45.48 49.87 42.67 47.78 39.73 31.87 35.82 28.38 31.52 22.06 28.98 21.59 13.70 15.01 6.02 1.71 -1.22 -2.01 4.86 2.75 2.73 -1.66 -1.35 -3.43 29.75 24.33 21.84 26.18 28.97 31.84 33.39 32.66 37.36 34.47 40.13 42.38 45.71 44.98 34.87 39.61 34.86 33.31 21.44 29.25 23.73 23.33 12.03 2.68 6.22 6.96 -0.40 2.26 -0.71 4.07 -4.29 2.47 0.92 -5.30 24.37 25.34 22.24 27.25 30.92 35.32 28.62 37.01 35.50 40.83 42.29 43.48 46.86 41.05 34.93 34.36 29.56 31.81 25.20 28.83 23.17 22.68 28.42 7.19 -1.19 -4.06 -0.58 3.61 -5.48 0.15 1.31 4.29 -4.48 0.89 26.83 28.14 30.83 20.86 28.66 29.18 32.12 31.67 37.25 33.45 44.48 42.41 46.31 45.37 39.20 40.50 30.88 27.50 24.49 25.79 21.58 21.95 19.62 25.52 -0.44 1.87 0.34 0.03 5.71 -1.49 -2.61 3.40 -2.59 -2.41 19.54 25.02 25.60 29.66 36.41 25.97 37.19 34.76 28.18 37.48 37.36 38.13 41.16 35.64 34.96 35.25 33.79 29.61 30.42 28.51 19.40 28.89 24.63 23.58 -1.41 1.62 -1.89 1.73 -1.17 -3.10 -3.22 0.76 6.64 6.03 23.79 20.80 22.07 26.01 27.33 29.64 29.81 39.28 35.47 38.83 42.56 40.08 41.86 42.01 34.83 29.80 36.44 38.01 24.03 28.72 30.07 24.37 28.58 17.29 19.55 1.25 2.02 -1.42 0.56 -2.01 -0.30 -1.28 -1.49 -3.09 17.32 31.43 28.97 25.82 26.14 33.37 31.05 36.82 34.10 42.38 36.16 47.67 46.42 45.08 37.19 30.47 30.56 26.12 22.12 26.83 23.58 18.64 23.81 21.24 21.73 16.10 0.69 -0.32 -0.53 0.69 0.06 -2.00 -2.62 2.40 20.05 28.50 21.92 29.13 31.21 29.71 37.31 36.23 36.17 38.84 40.56 45.17 42.37 39.65 40.20 33.93 28.31 25.58 25.75 27.39 22.18 24.64 26.35 24.32 21.39 14.81 0.42 -0.46 1.62 -3.07 -2.38 0.56 0.56 0.68 26.09 27.07 23.69 31.54 27.20 31.11 30.12 40.71 34.89 43.34 46.01 39.58 45.59 42.26 37.52 33.94 32.23 26.97 25.58 28.49 23.74 19.25 17.88 18.23 21.63 16.33 9.22 -5.73 -1.37 -5.26 -1.80 1.85 2.90 6.41 24.90 26.64 22.06 25.81 27.60 28.55 30.58 37.12 34.88 30.04 33.97 44.59 42.25 37.55 40.87 36.71 32.96 30.89 27.18 28.40 20.71 30.05 21.56 10.84 18.69 13.58 16.29 9.53 1.49 3.64 1.26 -0.01 -1.35 -0.29 28.24 21.67 26.25 23.98 25.47 30.51 30.18 29.35 36.22 40.51 35.56 42.60 47.89 43.64 35.18 38.85 30.73 22.50 30.06 28.68 22.34 22.41 27.16 17.06 18.97 12.86 12.62 14.42 -7.61 4.01 -1.57 -3.74 2.69 0.82 29.49 23.93 21.12 23.04 33.32 39.35 30.41 29.32 36.50 42.25 38.47 43.46 42.27 39.40 34.31 34.51 28.99 25.78 28.74 23.15 22.09 20.32 22.61 17.94 16.64 11.10 12.94 7.92 9.05 2.37 0.64 2.37 1.96 3.69 32.36 22.02 26.42 23.65 29.18 22.23 31.16 33.14 31.33 42.65 42.82 48.04 45.53 38.09 41.99 25.99 28.52 24.51 25.22 20.01 26.25 23.02 18.22 13.61 19.17 9.94 11.58 14.02 7.86 -2.02 -1.18 1.79 -2.09 3.22 22.97 25.25 27.80 24.86 33.57 29.97 34.61 36.27 34.60 42.25 45.58 43.00 45.52 39.02 33.75 32.07 28.43 25.31 29.82 27.62 23.25 18.07 20.43 16.05 13.59 17.89 11.13 17.03 11.61 1.54 -5.33 0.74 1.03 -2.55 21.00 23.78 25.62 28.38 30.26 24.24 35.64 27.05 46.30 36.92 42.83 45.34 45.65 40.38 34.60 35.03 28.74 20.90 25.94 23.31 21.48 21.58 25.90 14.38 15.13 13.02 11.04 13.46 7.80 15.10 -3.08 4.90 0.68 2.76 23.11 27.65 25.60 30.71 29.47 29.51 28.55 37.61 44.54 37.36 47.67 45.27 45.84 43.99 33.56 35.61 25.32 34.59 23.06 26.82 28.10 23.51 17.56 15.18 12.71 10.35 10.05 8.15 15.12 4.66 1.36 -0.57 2.22 0.19 25.15 28.79 25.30 33.88 31.59 28.46 39.56 25.49 35.36 44.50 36.47 45.09 43.86 38.65 32.59 25.11 28.67 28.01 25.05 26.10 22.62 20.16 17.85 17.09 19.79 16.49 13.09 10.39 8.27 1.88 1.78 1.47 -3.81 -5.75 21.92 25.81 21.48 23.83 28.65 28.23 29.39 39.03 36.19 44.99 36.59 45.86 34.66 39.68 33.28 28.06 35.47 28.85 25.09 25.99 17.36 17.40 23.43 13.03 11.14 7.87 12.15 11.38 9.25 5.64 -2.32 -2.83 4.14 1.78 23.82 21.72 30.18 33.12 27.92 33.17 38.28 42.07 30.76 39.21 37.26 48.16 42.27 36.61 29.06 32.30 28.82 16.63 19.75 25.08 21.87 19.01 23.84 15.98 12.21 15.43 11.12 5.08 7.96 6.10 4.99 -4.33 4.05 2.40 26.13 26.10 24.15 28.45 26.92 31.84 36.19 35.03 38.42 44.98 44.55 52.53 33.57 41.36 31.78 37.36 26.43 27.81 21.89 19.88 22.46 19.11 12.09 10.78 17.58 14.03 4.75 7.74 3.24 4.28 -0.98 -5.51 0.88 1.05 25.91 29.70 24.11 31.23 28.22 31.70 34.17 35.00 41.88 36.01 38.73 45.85 37.40 40.05 35.87 33.21 29.84 26.55 21.78 19.11 21.96 21.47 18.32 17.35 17.72 7.28 12.92 10.18 8.04 1.76 -0.59 0.16 -1.65 -1.56 21.88 25.33 21.15 23.90 20.77 25.43 35.29 33.64 35.04 29.24 46.42 47.96 43.99 38.51 37.37 28.34 32.13 27.38 22.75 22.99 22.18 17.46 7.55 16.46 17.35 6.12 9.19 8.15 6.84 -2.44 4.08 4.21 0.91 8.49 25.89 22.87 26.75 26.13 26.22 32.95 30.27 35.87 38.31 40.09 45.78 42.51 41.85 44.63 32.82 31.99 23.91 26.31 27.25 25.95 20.10 17.23 18.55 15.70 13.99 8.99 8.30 12.51 -0.16 -2.92 -4.58 -2.55 3.17 -0.79 22.55 24.20 29.68 18.31 25.55 31.70 37.84 32.48 33.93 41.52 46.27 45.68 44.43 32.24 36.55 35.53 28.93 26.82 23.44 24.17 21.85 17.99 26.58 10.21 11.80 13.26 8.13 9.91 -3.05 0.20 1.80 -0.03 -0.30 -0.91 23.80 27.31 24.66 26.12 25.32 37.31 34.52 32.32 35.44 36.84 43.60 40.74 35.57 40.62 35.23 38.95 28.76 28.72 26.43 23.10 19.84 20.45 18.71 19.62 17.10 13.83 11.24 10.26 6.02 -2.23 -0.39 -2.65 -2.96 0.73 23.06 23.53 29.40 25.55 22.12 37.29 25.96 40.54 35.03 38.18 43.98 39.94 38.79 37.72 28.95 33.70 22.59 29.24 13.22 16.52 19.78 20.68 16.19 14.15 10.53 15.41 8.24 8.03 -4.68 2.80 -1.68 -1.90 0.30 3.58 19.17 32.65 21.25 25.52 28.43 35.29 37.56 32.56 39.72 47.71 39.76 47.61 39.73 35.44 33.61 27.81 27.95 24.54 28.06 16.08 24.87 17.42 15.51 16.29 12.01 9.74 3.55 5.26 7.62 -2.22 1.33 8.31 4.80 3.59 24.34 22.86 29.94 30.82 28.75 34.04 33.50 35.49 40.92 37.77 39.13 51.43 33.84 35.64 33.87 28.20 20.87 27.04 19.14 26.17 22.24 10.48 15.77 16.44 10.01 10.97 8.47 5.10 -1.42 3.96 3.54 2.26 -3.47 0.31 21.92 26.26 27.91 34.10 30.86 30.46 36.07 37.64 47.64 43.18 42.10 43.56 41.21 36.63 37.14 29.72 28.21 28.70 32.43 16.40 19.43 13.81 18.69 13.25 12.08 7.47 9.20 3.44 -3.13 -2.17 -5.36 2.01 2.21 2.52 25.48 26.15 29.14 25.67 28.51 23.54 28.64 35.64 44.86 44.66 48.73 49.69 33.13 38.66 33.73 26.11 28.12 23.71 26.98 20.91 24.24 18.82 14.15 13.11 10.13 7.22 9.05 -0.60 -2.55 2.54 -0.62 1.87 -4.22 0.01 21.99 33.23 24.98 30.29 24.54 35.90 38.15 38.73 40.56 39.81 50.64 46.47 43.44 35.24 32.75 20.48 26.34 25.65 25.51 27.26 20.81 17.14 14.88 12.02 8.74 9.95 9.80 0.71 -0.16 -1.99 0.08 -0.52 1.38 1.85 23.51 25.20 26.81 30.62 27.33 23.52 39.87 40.16 34.98 41.03 43.39 44.74 37.66 32.35 32.53 31.71 26.81 23.57 23.75 13.79 21.40 17.20 11.20 11.20 7.23 3.80 6.02 -0.03 -2.39 -4.72 -1.98 -1.43 -2.58 0.09 26.65 12.84 26.98 23.35 28.24 37.46 32.02 37.14 38.27 38.29 40.11 40.51 34.50 30.65 28.10 31.04 25.43 29.23 27.40 20.37 22.53 14.60 14.72 16.14 10.46 1.11 10.75 -5.42 4.34 3.35 -1.55 -5.26 -5.95 -3.46 22.34 31.80 25.23 25.13 27.31 26.53 39.34 39.37 40.68 40.74 48.71 43.55 36.19 34.72 34.71 29.90 21.57 23.35 22.71 16.17 17.71 15.57 16.10 10.58 13.14 6.77 9.84 5.71 0.34 -2.43 -1.93 1.97 0.43 0.91 27.62 29.92 26.33 27.18 30.19 30.74 33.55 36.81 39.68 39.77 41.89 45.41 36.89 34.11 30.71 31.07 27.28 27.76 30.09 21.61 22.94 16.30 16.15 18.98 8.17 10.73 2.99 -1.38 0.32 -2.27 -3.63 -3.94 -0.85 -1.99 25.64 20.65 30.90 25.68 30.78 34.46 34.23 36.24 41.55 42.99 49.86 41.72 36.64 34.84 31.46 25.94 23.11 28.62 20.82 25.57 25.69 16.58 11.57 12.47 10.79 7.30 -0.55 -0.97 -1.65 -1.27 1.99 0.81 -0.34 4.39 29.21 21.57 18.07 36.20 31.40 32.08 38.85 31.47 45.07 39.60 46.25 38.70 32.57 29.72 23.55 26.47 20.75 22.14 17.34 25.71 18.80 14.53 13.31 9.29 11.37 13.58 -4.47 -2.17 4.61 2.29 -3.39 -3.96 2.45 7.90 24.77 21.95 27.17 23.00 32.54 31.20 30.79 37.22 35.11 41.81 50.93 38.45 39.08 37.62 29.79 30.58 25.43 30.16 22.47 19.92 13.42 17.62 16.80 11.56 13.55 8.96 3.04 3.50 0.48 0.11 -2.51 -0.23 -6.16 -0.30 25.03 20.14 29.86 25.80 25.62 41.31 31.97 33.34 43.76 42.39 42.00 41.22 37.69 34.53 33.56 35.84 34.81 24.37 19.85 18.24 19.55 16.45 17.38 10.04 11.28 4.41 -3.38 -0.01 -2.43 -4.30 -3.81 3.14 -1.27 0.14 22.39 30.51 23.02 29.69 30.08 26.06 30.22 39.48 41.02 42.48 40.80 44.34 30.92 32.00 31.18 23.99 28.87 25.14 14.95 20.39 18.96 11.29 17.15 5.72 6.34 8.59 1.81 -2.40 -3.02 -2.51 -0.30 -3.54 6.93 -4.81 24.25 27.96 22.35 26.70 27.07 34.43 31.57 37.28 39.05 39.93 46.86 37.63 36.98 27.22 32.65 20.08 28.33 27.67 21.26 18.25 10.99 18.70 10.22 10.88 10.25 4.24 0.63 -0.91 -2.47 2.93 0.50 1.85 0.25 -0.05 22.92 25.95 24.44 23.33 27.07 25.90 40.62 41.05 37.76 33.55 49.51 38.91 33.19 31.23 34.02 30.14 21.80 22.68 25.18 20.93 20.39 15.63 16.61 13.44 8.92 8.28 0.52 0.98 -6.25 -0.91 -0.27 -3.41 1.42 3.96 19.09 22.41 26.10 26.30 21.92 36.60 35.48 35.86 34.43 39.84 44.07 38.16 39.27 36.16 30.16 31.03 24.44 26.11 22.46 13.47 13.14 16.03 14.38 7.85 10.85 3.32 -3.37 2.56 -1.14 0.09 -1.45 -2.50 3.08 1.13 29.39 20.69 26.65 31.31 27.76 28.60 32.13 34.95 45.31 42.14 36.39 39.24 28.52 23.00 24.36 27.08 25.66 22.38 21.28 14.96 21.59 12.89 7.26 7.19 8.52 -2.28 -3.58 -1.25 3.80 -0.66 -1.58 1.05 -0.71 -5.71 29.68 17.36 32.19 22.08 29.70 35.35 41.01 37.94 42.91 42.11 43.22 41.92 41.55 27.30 33.03 22.78 29.47 23.02 26.04 20.98 19.60 13.02 13.45 11.81 2.76 2.81 3.46 0.15 -0.95 -2.38 5.00 1.17 -3.78 1.99 26.39 27.40 28.30 23.16 30.42 29.29 38.89 36.79 44.39 43.07 43.69 39.84 34.56 32.40 29.74 35.65 24.36 31.00 20.49 16.61 13.03 14.64 19.03 8.30 13.19 -1.15 3.21 -2.11 0.89 -1.99 0.85 2.42 3.86 3.78 19.78 19.30 23.42 30.54 31.13 34.67 38.59 44.69 41.86 49.27 44.71 38.39 30.96 33.92 30.19 25.38 24.70 26.18 22.79 18.02 12.63 14.34 11.39 7.06 1.95 -4.39 0.80 -1.60 -4.37 -2.69 1.45 2.25 -2.52 -1.25 22.42 26.33 23.85 28.34 33.20 30.09 34.06 34.82 47.43 42.12 40.62 37.70 30.56 23.54 29.06 31.45 25.63 22.62 16.59 9.01 20.15 20.32 9.66 11.84 7.48 2.31 1.29 0.82 -0.26 0.16 -1.30 7.30 2.53 1.12 26.13 25.38 26.07 27.72 30.80 32.90 37.39 48.40 40.15 51.45 45.86 32.63 38.23 27.06 31.42 25.26 26.05 20.71 22.68 17.09 17.69 21.25 9.64 13.39 5.81 3.53 -3.44 -2.74 -2.80 1.81 0.30 2.14 -1.52 -3.54 29.26 26.82 27.25 27.31 22.94 29.49 40.08 37.22 38.44 43.61 43.74 33.16 30.97 39.74 26.85 30.40 24.74 23.29 21.27 10.28 16.81 16.85 9.66 4.44 3.13 2.65 2.19 0.92 3.12 0.66 3.57 1.36 0.23 -0.91 23.88 22.34 20.33 26.80 25.31 34.51 35.71 39.30 35.14 50.92 49.17 46.19 32.36 35.46 28.83 21.00 27.20 26.61 20.58 19.32 18.40 13.63 11.73 9.05 4.11 2.73 -0.48 -1.73 -1.23 -2.73 2.03 4.27 -3.74 -4.61 24.93 16.84 27.37 28.20 33.57 33.56 34.23 38.27 43.33 46.08 52.60 31.08 33.12 30.66 28.06 26.75 28.32 25.93 23.55 20.31 10.24 18.49 11.12 13.54 -0.82 2.36 -6.59 -0.04 -1.21 0.85 2.34 4.04 4.47 0.52 21.68 26.40 24.13 27.06 33.42 27.81 29.33 38.70 40.24 43.93 36.34 43.87 32.60 27.20 27.22 22.71 19.99 16.76 16.74 21.27 25.55 14.84 12.20 10.54 -8.19 -6.31 1.85 3.82 -3.23 -0.95 2.10 4.20 3.34 2.85 22.34 27.01 29.33 26.74 31.00 39.44 37.20 42.05 36.84 43.85 43.15 36.99 33.95 34.85 30.49 23.27 24.04 23.99 17.91 21.59 14.02 13.60 8.91 13.74 -4.60 1.59 -1.24 -6.49 -1.74 -2.18 -1.89 2.67 -0.00 3.22 29.74 27.94 28.48 32.32 24.95 38.55 39.94 38.14 45.04 48.04 46.94 30.57 28.21 32.88 22.68 29.03 19.28 19.93 25.32 14.65 11.61 8.68 5.85 7.07 0.82 -0.52 1.95 5.29 4.66 -0.71 1.23 8.54 4.62 1.19 32.74 20.74 30.33 23.31 32.05 32.27 36.82 34.22 44.72 42.38 34.24 39.54 35.68 30.23 28.21 24.74 28.43 14.10 24.87 21.22 12.56 14.55 13.47 9.14 2.47 2.16 0.72 -3.83 -2.86 0.02 1.64 2.09 -3.02 -1.14 24.01 26.69 24.48 23.22 28.54 27.03 33.64 37.19 39.71 52.28 42.38 36.54 26.28 33.04 27.73 29.78 24.90 23.50 12.20 20.39 16.14 10.03 4.74 4.65 8.61 -0.40 7.83 -3.52 -2.83 -0.01 -5.34 -1.42 1.12 -1.80 26.87 23.16 26.59 34.35 31.02 35.09 42.70 40.48 31.43 44.56 46.88 33.82 29.74 35.85 27.81 19.33 20.55 20.35 13.59 17.19 16.65 10.01 8.97 10.89 6.91 0.97 1.29 -0.53 0.70 -1.16 -0.83 1.60 -2.05 -1.88 21.81 23.13 27.02 29.50 33.64 33.88 35.51 42.62 39.20 48.84 41.05 33.73 30.82 32.78 28.63 28.99 27.24 14.31 18.56 19.65 18.65 7.66 13.63 4.41 3.48 -3.83 0.03 2.53 -1.36 -1.07 5.32 0.42 -1.16 4.72 21.24 20.55 23.42 31.95 29.48 32.14 40.89 34.80 39.97 41.82 40.00 38.33 30.83 24.55 26.95 22.47 28.96 15.99 19.12 10.59 14.34 7.18 15.29 4.19 3.00 -3.05 3.65 -4.93 0.70 1.42 -1.28 -1.74 4.74 7.83 24.00 29.05 20.50 27.56 34.95 33.99 36.77 42.95 36.85 45.12 43.96 34.89 32.93 35.35 36.70 28.02 25.87 16.27 14.58 23.67 13.70 12.67 11.75 2.00 0.10 -0.89 0.95 -0.92 -0.59 0.21 2.36 -0.84 2.57 2.05 26.43 32.31 24.93 26.16 26.06 37.86 44.07 36.77 45.72 47.69 40.03 34.56 29.35 25.89 23.74 21.02 21.44 19.17 19.32 14.80 11.77 6.93 6.41 -2.85 -0.81 -5.36 0.56 -4.04 1.73 -3.71 -0.97 -1.39 0.56 -0.37 28.86 23.14 27.61 29.35 30.46 37.81 29.54 35.74 46.32 40.02 41.15 35.06 29.02 28.13 30.24 22.75 20.91 22.81 15.81 18.17 13.46 12.81 14.08 0.79 -4.27 -0.31 -2.04 4.27 -4.64 -0.60 5.96 -3.06 3.30 -0.09 19.59 25.47 24.63 26.66 27.49 34.33 36.38 40.60 46.42 39.10 36.61 37.10 24.77 27.39 21.36 22.49 24.31 19.39 16.96 16.32 14.67 9.29 8.21 -2.02 -2.18 1.55 -2.58 -0.07 2.42 5.58 1.82 -1.79 -1.64 -4.20 29.64 18.26 22.72 22.28 36.11 30.99 40.22 45.15 43.21 46.24 37.95 31.69 31.55 31.20 26.81 21.29 23.64 20.80 12.57 17.37 11.92 12.78 6.86 -4.86 8.30 7.39 2.41 -2.08 0.29 0.88 -5.56 1.23 -5.53 -0.10 15.01 29.90 29.22 26.61 34.99 28.56 37.15 40.17 42.22 42.80 34.11 36.06 32.58 33.83 29.11 24.40 14.34 21.04 22.06 9.12 12.98 9.74 7.82 -5.63 0.54 -0.61 -0.26 -7.10 -1.19 -0.14 4.10 -1.49 -0.55 -2.71 22.46 22.76 26.80 28.84 28.20 32.45 34.46 35.43 45.39 40.37 38.71 31.17 25.26 23.73 29.55 21.97 12.30 18.46 17.01 11.33 14.62 14.32 2.34 -3.87 1.35 -4.57 -2.11 -2.01 0.43 -0.80 -4.94 -2.97 2.65 -0.11 22.06 31.75 35.04 22.68 27.31 37.54 35.72 42.10 35.55 40.11 38.03 43.48 38.87 25.54 15.98 22.09 24.11 14.76 19.30 12.03 14.25 12.14 4.51 1.03 0.98 -3.79 -1.61 -0.87 1.82 -1.63 -4.03 -0.41 3.64 5.58 21.40 24.43 25.49 33.90 31.81 40.39 37.19 39.07 43.82 44.64 39.64 32.61 31.27 30.14 25.82 30.35 12.10 21.90 15.84 8.84 13.10 6.98 8.13 2.94 0.67 -1.62 -3.98 0.67 -2.89 7.30 3.69 -4.56 -3.51 -1.45 21.87 30.42 27.05 27.93 30.39 33.41 33.58 41.04 44.01 43.06 37.44 35.10 38.36 24.90 29.12 26.97 19.66 19.91 12.13 14.24 10.36 6.69 6.57 -3.77 2.53 -2.18 -0.26 -0.70 0.34 -5.85 -1.16 -1.55 -3.05 -5.21 25.73 19.98 27.06 30.26 33.03 31.53 37.21 35.86 39.46 36.40 37.25 39.12 32.08 32.03 21.88 19.67 15.78 22.74 19.44 10.22 9.72 7.23 -6.19 -3.09 1.17 1.67 1.37 1.63 -7.66 1.10 -3.25 -5.04 4.19 -0.39 19.19 26.81 20.85 27.01 30.27 41.61 39.69 41.07 44.39 38.15 40.03 38.01 32.04 23.72 23.36 21.09 21.98 20.42 17.92 11.07 15.04 4.69 1.09 -6.67 -2.69 -0.99 -4.79 -0.87 2.18 1.25 -3.52 1.34 -3.65 4.46 25.42 24.88 23.01 31.72 30.52 31.14 43.50 35.41 38.92 40.35 45.82 31.92 33.68 23.79 22.49 19.38 21.19 19.77 14.06 14.27 14.26 4.53 0.57 -5.43 2.30 -1.61 1.25 -1.45 -5.52 -0.16 2.92 -7.34 -3.21 7.75 28.64 18.85 27.01 29.54 37.50 23.34 38.12 45.49 36.52 42.71 38.93 31.52 33.24 22.92 28.28 24.98 16.76 16.48 15.72 13.44 14.95 9.43 5.72 2.27 -0.21 -0.61 -0.78 2.93 -1.39 1.72 -4.80 0.02 4.54 -0.19 23.40 24.09 28.14 26.82 26.00 37.71 43.16 41.99 34.02 45.61 39.20 30.28 33.26 33.31 21.49 16.99 22.81 15.36 13.89 16.25 15.99 7.75 -0.92 -1.58 -1.94 1.07 2.19 2.09 -3.58 2.59 0.86 -4.13 0.44 -4.84 22.85 27.17 24.30 28.40 29.67 32.99 39.36 42.88 42.72 46.82 31.94 31.72 32.52 28.51 25.76 19.88 14.97 21.84 19.90 15.76 4.27 11.22 1.50 -3.09 -1.25 4.79 6.56 1.16 0.61 0.82 1.01 0.82 -0.86 -1.65 26.19 30.47 29.30 31.01 40.98 31.25 39.12 41.12 47.94 38.71 35.33 29.44 31.79 30.08 29.22 15.41 14.86 20.76 15.12 14.48 12.67 13.05 0.32 3.07 -4.06 -4.61 -1.96 1.51 -1.96 -0.50 2.02 -1.83 1.08 0.13 25.04 29.04 23.81 28.07 26.86 37.26 35.12 43.49 47.95 48.24 35.95 28.51 31.41 27.42 20.78 24.78 22.93 17.23 18.23 16.36 4.76 10.32 2.97 -3.56 -1.38 -3.50 -1.77 3.39 0.06 0.22 -3.52 -2.02 0.19 1.07 23.06 26.88 30.37 25.34 32.00 35.14 41.38 37.87 42.27 33.44 38.79 40.84 26.61 29.27 29.59 20.72 25.49 16.61 16.34 13.01 10.57 7.44 2.75 -2.11 1.15 -1.35 2.97 -3.86 0.55 1.68 3.84 -2.53 -3.55 -0.67 23.83 20.39 23.96 25.51 33.44 38.79 36.83 42.04 47.44 43.51 39.15 29.17 29.65 24.07 26.72 24.96 16.11 18.00 11.41 12.94 4.98 10.53 -1.37 -4.33 -4.22 0.64 -3.75 -4.85 2.54 -6.53 -0.33 -2.21 3.03 -1.26 22.72 23.80 30.11 27.80 32.98 32.06 44.80 38.51 53.56 46.96 34.05 32.58 25.19 28.37 24.31 28.24 22.59 20.63 9.19 14.74 8.50 3.49 0.03 -0.14 -0.04 4.07 -1.63 -3.89 -3.45 1.45 5.84 -0.46 -0.71 -3.00 24.03 18.47 26.54 35.83 26.04 35.03 35.26 39.88 44.27 46.67 36.08 31.27 24.47 24.77 24.51 21.56 16.99 18.18 18.42 10.04 11.92 1.24 -3.98 -4.37 3.73 1.18 -7.40 2.32 -1.13 7.80 1.75 -1.27 0.17 0.10 27.66 24.08 25.76 34.68 30.15 37.55 37.47 39.23 46.90 41.29 34.60 25.28 29.07 26.10 20.65 26.10 15.28 20.09 14.19 8.28 14.52 -1.97 5.63 -4.78 -1.96 3.41 3.84 -6.58 1.13 -3.98 -5.41 0.83 2.07 -0.75 28.77 27.11 28.35 28.67 32.57 33.30 38.31 39.64 49.50 44.15 38.34 30.56 32.37 21.75 20.04 16.84 18.46 14.62 11.22 10.63 11.80 2.82 -3.03 4.22 0.22 2.60 -2.30 0.44 -0.01 -1.16 -4.62 -6.81 0.13 2.14 21.65 19.85 23.73 35.53 33.57 34.76 39.28 39.64 51.17 49.89 34.48 28.89 38.63 27.73 24.81 20.62 17.20 16.74 9.68 15.20 9.92 -0.93 -2.42 -1.80 -6.22 8.32 1.22 4.27 -2.01 -1.95 0.76 1.01 1.12 -0.15 24.92 23.53 26.80 28.42 26.12 38.26 39.44 43.07 47.09 40.35 33.44 31.04 25.93 31.41 26.82 19.73 16.22 13.20 10.27 11.54 5.23 -1.61 1.38 -0.92 -3.22 3.49 -0.97 -5.52 0.53 1.26 3.43 3.00 2.72 -4.47 24.47 22.69 29.64 25.14 30.79 39.10 34.66 38.61 40.89 39.95 39.71 33.19 32.93 23.89 20.37 14.02 17.49 19.22 8.29 5.42 5.77 0.94 -1.68 -1.46 -2.27 5.77 -1.77 4.00 1.87 3.51 -4.23 1.25 3.95 4.32 30.60 22.51 24.21 32.01 34.63 29.50 45.22 41.83 51.34 37.21 33.29 28.39 29.70 28.60 28.51 23.31 19.17 15.57 11.91 8.28 13.02 1.76 -4.88 -4.66 -7.06 4.71 -3.62 -1.41 -0.86 -4.71 2.24 2.80 -2.97 -0.25 25.31 26.63 24.47 32.65 37.27 33.35 38.62 36.24 49.63 41.31 35.39 30.92 22.56 24.41 25.03 24.76 15.22 16.97 8.94 12.50 11.34 1.12 -0.73 1.18 -1.11 -2.88 1.50 -0.84 -0.84 -5.22 1.12 1.38 2.80 1.45 31.65 20.69 29.93 27.24 29.30 41.60 33.45 45.72 42.96 38.51 31.46 27.43 28.47 20.52 21.82 19.58 17.77 14.44 12.37 10.93 7.34 -3.93 3.56 2.80 1.01 1.48 3.30 -0.28 -1.23 -0.47 3.19 -4.49 0.58 -2.68 27.08 23.48 25.38 29.65 32.41 33.05 43.06 34.48 41.68 38.66 34.77 29.96 30.09 25.05 28.20 19.87 13.01 15.14 11.81 7.87 9.09 -1.29 1.39 -1.26 10.12 -0.04 -2.73 -1.98 1.47 -1.27 6.11 -4.34 -1.31 1.35 26.87 28.15 24.92 36.07 23.10 28.57 32.07 34.91 51.99 39.81 32.86 29.04 38.00 22.60 24.07 12.12 15.74 12.81 17.97 1.39 3.40 -1.46 -3.15 2.05 -3.11 -0.95 -1.89 0.88 1.74 0.22 -2.47 1.60 -1.02 1.71 23.81 32.38 34.81 25.57 33.83 33.70 30.35 40.21 39.68 39.70 30.31 28.31 29.97 28.99 26.43 21.27 18.19 16.14 9.95 6.09 -1.88 -4.53 -3.12 5.08 1.38 3.83 -0.84 3.49 -0.74 -2.37 0.64 1.05 3.52 2.97 26.77 25.03 26.07 28.69 30.45 29.05 30.36 31.50 47.56 37.83 31.72 25.14 25.15 24.97 25.95 20.10 17.98 14.88 11.55 10.04 0.96 3.34 3.50 1.08 -5.65 -1.80 9.89 6.03 -1.66 1.45 1.96 -1.51 2.66 -0.03 19.87 31.26 29.86 27.91 29.61 30.67 26.42 28.14 39.04 41.78 37.48 29.43 29.23 23.80 20.32 17.87 13.95 19.44 11.12 12.12 2.68 -1.56 1.70 -0.67 -2.85 0.55 -2.40 -2.11 -4.49 -6.62 1.14 -0.40 3.80 1.18 24.09 26.61 27.74 25.96 25.48 28.87 37.19 37.26 47.44 37.38 32.48 26.87 23.58 25.35 25.13 21.15 16.83 9.41 13.31 10.75 3.90 0.04 -1.90 -1.43 -2.14 -1.55 4.41 1.20 6.07 -2.34 1.01 1.66 1.29 -5.10 27.62 23.12 29.02 34.18 28.30 33.00 27.27 35.02 40.95 39.57 28.39 24.41 20.70 18.52 23.35 15.88 12.10 13.51 9.60 14.51 1.89 -5.68 0.78 2.11 4.11 -1.80 -4.23 -1.39 -1.24 0.56 -5.42 3.41 -0.74 -0.87 26.00 25.15 24.83 28.54 36.02 34.12 33.33 36.18 45.86 31.30 32.64 30.55 15.72 16.65 14.35 21.92 17.79 17.81 12.56 8.20 3.05 -6.71 0.30 1.75 1.54 -2.92 -0.98 1.25 -2.67 3.05 -1.17 -7.82 0.68 1.59 29.22 27.32 29.55 32.58 37.34 37.26 34.39 34.67 39.47 46.03 26.29 28.92 23.24 17.78 10.45 21.34 15.73 11.21 15.97 6.74 -4.28 0.39 4.66 -4.36 -1.89 1.91 -0.82 -1.92 -0.72 -0.55 -0.92 2.07 5.31 -1.77 22.99 24.30 26.96 31.12 31.72 29.91 33.07 35.81 43.69 33.08 30.14 25.88 16.71 19.48 7.46 5.76 18.54 13.95 8.19 6.34 -2.09 -3.29 -5.44 5.40 0.44 -0.73 2.77 0.98 0.52 2.88 0.07 -0.95 -0.91 2.61 22.32 26.44 30.30 30.04 30.89 38.47 30.03 38.84 44.61 35.89 25.62 22.21 21.63 11.02 10.55 -1.60 -1.52 15.22 9.48 6.95 -1.75 -2.17 -3.86 -4.62 0.40 1.07 -0.13 2.02 -2.33 0.21 -0.55 -2.23 3.96 -0.26 29.11 25.54 31.73 35.07 27.79 31.93 33.65 35.52 37.26 36.89 34.19 24.83 22.62 15.52 5.92 -1.97 -0.93 -0.49 13.73 11.68 -1.48 -0.81 -0.43 -1.09 1.96 1.14 2.10 1.14 2.65 -4.78 -2.18 0.46 -4.06 3.19 26.87 26.75 23.86 30.55 27.96 35.59 25.64 38.06 38.55 38.50 27.66 27.12 22.90 12.90 11.30 -2.16 5.08 -1.57 10.87 12.82 1.98 0.34 2.81 1.81 -0.78 -0.23 -0.44 1.69 3.78 1.72 -0.52 -3.31 3.71 4.45 33.89 21.03 29.70 35.12 30.26 26.33 34.56 38.90 45.60 38.17 34.42 21.39 22.00 13.50 7.43 -4.60 0.81 -4.58 -2.39 11.50 -3.18 -3.50 0.60 -3.70 4.97 -0.33 3.63 -2.16 1.99 0.70 5.79 1.92 -3.48 6.97 22.56 20.69 22.63 29.69 29.94 36.99 31.88 36.25 44.59 46.56 22.26 25.91 23.04 14.38 9.95 -1.97 -5.05 0.30 -5.09 -4.56 -3.14 1.72 -2.72 0.16 3.07 1.69 -3.14 -3.88 -1.00 3.54 0.84 1.72 -4.25 5.79 28.00 24.42 27.07 25.02 36.27 35.12 34.33 36.68 41.27 33.91 27.70 28.39 22.13 13.00 12.95 5.71 0.95 2.87 -2.07 -0.96 0.66 -1.71 -4.24 -3.07 3.59 1.81 3.56 0.19 -2.35 6.05 2.30 0.62 -0.29 -5.12 24.51 25.81 28.11 27.76 32.35 32.42 33.94 40.96 36.67 41.51 34.74 25.34 21.69 11.90 16.12 -0.52 1.20 -1.54 -4.15 0.06 -2.14 0.12 0.13 -1.82 -3.16 3.63 -2.55 3.16 0.10 -0.45 1.54 -1.28 2.39 -2.17 22.18 31.70 27.53 32.83 30.86 36.94 35.38 35.62 42.55 30.69 32.27 24.45 20.57 15.03 10.03 -1.88 2.51 -2.38 -0.39 -3.04 0.55 1.73 -0.92 4.23 -0.93 -0.43 -0.44 -3.72 3.32 -4.42 -5.16 -1.04 2.58 1.02 23.35 27.52 27.75 23.70 29.98 34.52 32.72 38.52 39.76 36.48 24.92 16.54 19.48 12.42 12.40 2.13 3.55 -3.42 5.59 0.99 5.79 -6.25 -1.02 0.84 -3.25 -2.20 0.01 -3.10 -1.91 -0.68 3.19 -8.66 -3.45 1.43 26.93 35.84 35.53 30.31 29.43 28.37 39.65 34.92 37.39 30.84 32.25 18.10 15.58 18.92 6.94 -1.17 2.38 2.12 -0.87 5.84 -7.62 0.40 2.05 -3.24 -6.30 2.95 -5.21 0.71 3.23 3.73 -3.35 -0.10 -2.76 -1.26 0.00 0.00 0.00 0.00 35.62 31.75 34.12 46.38 37.35 34.12 27.54 23.51 19.07 11.87 1.31 1.58 -3.92 3.47 5.64 -1.99 -0.30 -2.40 2.88 -1.79 1.69 0.24 -2.49 -6.44 1.06 3.15 2.99 -2.47 -5.15 -0.41 0.00 0.00 0.00 0.00 0.00 0.00 33.95 44.99 41.44 35.43 31.64 24.43 21.89 17.22 10.50 -2.28 4.94 -2.35 2.06 -1.82 -1.15 2.33 -0.19 0.63 5.76 -4.68 -2.24 1.83 -0.05 -4.37 2.26 1.42 -0.33 2.01 0.00 0.00 0.00 0.00 0.00 0.00 0.00 0.00 41.15 37.95 26.55 21.25 17.44 13.44 7.45 -3.43 2.94 2.57 2.78 -3.29 -0.38 0.52 3.43 -2.15 -2.46 3.35 -3.18 -5.88 0.51 8.98 2.76 -0.46 0.08 2.56 0.00 0.00 0.00 0.00 0.00 0.00 0.00 0.00 0.00 43.09 31.30 20.56 15.81 8.61 5.15 3.17 1.56 -0.82 -1.30 0.49 -0.79 -3.56 0.49 2.00 3.07 1.13 2.00 2.00 0.34 0.64 1.26 0.18 -2.72 1.91 0.00 0.00 0.00 0.00 0.00 0.00 0.00 0.00 0.00 0.00 0.00 19.91 22.46 13.78 5.75 -1.63 2.48 1.27 0.56 -1.78 4.04 1.08 -4.86 -2.73 2.97 0.43 2.84 4.33 -3.06 2.62 1.13 -0.25 -1.83 -3.09 0.00 0.00 0.00 0.00 0.00 0.00 0.00 0.00 0.00 0.00 0.00 0.00 18.12 6.68 8.06 3.54 1.42 4.28 5.07 2.47 0.01 0.28 5.50 1.00 -2.79 1.10 2.13 5.47 -0.63 -4.53 -2.26 1.19 -3.81 4.79 0.00 0.00 0.00 0.00 0.00 0.00 0.00 0.00 0.00 0.00 0.00 0.00 0.00 14.45 10.71 2.88 -1.54 4.15 -1.81 2.70 -1.52 2.86 -6.22 -2.56 2.62 -1.89 4.30 -0.17 5.92 -0.99 1.15 -2.32 -6.28 1.05 0.00 0.00 0.00 0.00 0.00 0.00 0.00 0.00 0.00 0.00 0.00 0.00 0.00 18.45 4.47 4.58 -1.85 -0.27 -3.72 2.45 -1.76 1.53 2.98 0.47 -2.90 8.52 4.12 -7.02 4.83 -1.26 -2.46 1.03 -6.76 -2.06 0.00 0.00 0.00 0.00 0.00 0.00 0.00 0.00 0.00 0.00 0.00 0.00 0.00 0.00 2.96 2.51 2.59 3.31 -1.52 2.57 -1.98 -4.83 7.80 1.18 -5.98 -2.57 4.55 -1.28 -0.15 -0.71 2.39 -2.65 3.96 -1.90 0.00 0.00 0.00 0.00 0.00 0.00 0.00 0.00 0.00 0.00 0.00 0.00 0.00 0.00 0.00 1.13 6.81 -3.59 -1.15 2.58 -2.70 -1.50 1.38 2.71 -2.57 -2.11 -4.42 -2.57 2.50 -1.00 -1.83 0.55 7.92 3.29 0.00 0.00 0.00 0.00 0.00 0.00 0.00 0.00 0.00 0.00 0.00 0.00 0.00 0.00 0.00 0.00 4.25 1.98 -0.33 -2.18 -0.52 -1.40 2.52 -2.31 5.09 -4.16 4.61 -2.53 4.19 -3.78 -1.91 -2.77 0.66 -0.79 0.00 0.00 0.00 0.00 0.00 0.00 0.00 0.00 0.00 0.00 0.00 0.00 0.00 0.00 0.00 0.00 -3.62 -3.23 -3.48 -2.15 -2.50 0.12 2.92 -6.15 -1.38 -2.68 2.33 1.31 -2.39 1.70 1.52 3.23 -6.31 2.22 0.00 0.00 0.00 0.00 0.00 0.00 0.00 0.00 0.00 0.00 0.00 0.00 0.00 0.00 0.00 0.00 0.00 0.48 1.15 4.23 -3.08 -3.67 1.34 -0.10 -2.21 0.02 -0.11 4.39 -1.13 2.37 -4.78 -1.22 1.97 -3.77 0.00 0.00 0.00 0.00 0.00 0.00 0.00 0.00 0.00 0.00 0.00 0.00 0.00 0.00 0.00 0.00 0.00 0.00 -1.19 3.08 2.21 0.95 -1.72 1.22 -2.12 3.92 -2.84 1.91 1.41 2.39 -0.69 0.29 -2.57 -3.05 0.00 0.00 0.00 0.00 0.00 0.00 0.00 0.00 0.00 0.00 0.00 0.00 0.00 0.00 0.00 0.00 0.00 0.00 -4.14 1.37 -6.03 0.57 -0.81 -1.89 -3.18 3.15 -2.45 -2.37 -3.48 3.60 -4.47 -0.96 -1.42 5.19 0.00 0.00 0.00 0.00 0.00 0.00 0.00 0.00 0.00 0.00 0.00 0.00 0.00 0.00 0.00 0.00 0.00 0.00 0.00 -2.06 -2.85 1.50 2.32 -4.20 1.69 5.40 3.86 -2.32 -3.04 6.31 -3.96 -1.26 -0.41 -0.06 0.00 0.00 0.00 0.00 0.00 0.00 0.00 0.00 0.00 0.00 0.00 0.00 0.00 0.00 0.00 0.00 0.00 0.00 0.00 0.00 0.58 -3.10 -2.23 -3.39 -4.36 -3.65 -1.51 -4.18 4.31 -0.93 -1.00 -0.35 -2.27 -0.86 0.00 0.00 0.00 0.00 0.00 0.00 0.00 0.00 0.00 0.00 0.00 0.00 0.00 0.00 0.00 0.00 0.00 0.00 0.00 0.00 3.31 1.94 3.96 0.98 -2.15 0.89 0.38 -0.69 -0.20 1.73 -0.14 0.37 -1.21 -2.24 0.00 0.00 0.00 0.00 0.00 0.00 0.00 0.00 0.00 0.00 0.00 0.00 0.00 0.00 0.00 0.00 0.00 0.00 0.00 0.00 0.00 3.13 -0.14 2.97 1.52 -5.39 4.60 -1.26 5.64 6.05 -1.78 -0.05 0.20 2.76 0.00 0.00 0.00 0.00 0.00 0.00 0.00 0.00 0.00 0.00 0.00 0.00 0.00 0.00 0.00 0.00 0.00 0.00 0.00 0.00 0.00 1.84 3.25 -1.75 -2.23 4.43 -2.44 2.26 -4.36 0.69 3.02 -3.34 -1.14 -3.43 0.00 0.00 0.00 0.00 0.00 0.00 0.00 0.00 0.00 0.00 0.00 0.00 0.00 0.00 0.00 0.00 0.00 0.00 0.00 0.00 0.00 0.00 -3.91 -0.99 -1.42 -3.31 2.57 2.92 -3.00 -5.22 0.47 -0.65 -5.87 -0.70 0.00 0.00 0.00 0.00 0.00 0.00 0.00 0.00 0.00 0.00 0.00 0.00 0.00 0.00 0.00 0.00 0.00 0.00 0.00 0.00 0.00 0.00 0.78 -2.02 4.27 -1.02 2.56 5.43 0.13 2.36 -4.60 -2.56 6.74 4.63 0.00 0.00 0.00 0.00 0.00 0.00 0.00 0.00 0.00 0.00 0.00 0.00 0.00 0.00 0.00 0.00 0.00 0.00 0.00 0.00 0.00 0.00 0.00 -1.13 -2.13 1.86 -0.57 0.96 4.84 -1.93 0.93 6.26 -0.55 -2.62 0.00 0.00 0.00 0.00 0.00 0.00 0.00 0.00 0.00 0.00 0.00 0.00 0.00 0.00 0.00 0.00 0.00 0.00 0.00 0.00 0.00 0.00 0.00 -4.08 -0.49 -0.96 -0.45 0.71 0.42 2.30 2.13 -4.84 -1.12 4.69 0.00 0.00 0.00 0.00 0.00 0.00 0.00 0.00 0.00 0.00 0.00 0.00 0.00 0.00 0.00 0.00 0.00 0.00 0.00 0.00 0.00 0.00 0.00 3.42 2.42 -2.35 -1.43 0.41 3.01 3.09 -4.18 -3.71 -0.60 -1.42 0.00 0.00 0.00 0.00 0.00 0.00 0.00 0.00 0.00 0.00 0.00 0.00 0.00 0.00 0.00 0.00 0.00 0.00 0.00 0.00 0.00 0.00 0.00 0.00 -1.68 -3.35 0.87 -2.67 1.24 -2.08 1.01 5.79 -4.25 0.75 0.00 0.00 0.00 0.00 0.00 0.00 0.00 0.00 0.00 0.00 0.00 0.00 0.00 0.00 0.00 0.00 0.00 0.00 0.00 0.00 0.00 0.00 0.00 0.00 1.17 1.03 6.23 3.58 1.03 2.11 -1.62 1.36 -4.84 4.11 0.00 0.00 0.00 0.00 0.00 0.00 0.00 0.00 0.00 0.00 0.00 0.00 0.00 0.00 0.00 0.00 0.00 0.00 0.00 0.00 0.00 0.00 0.00 0.00 0.00 -3.69 -2.80 -5.79 -1.55 -3.32 -0.72 0.65 2.48 -2.65 0.00 0.00 0.00 0.00 0.00 0.00 0.00 0.00 0.00 0.00 0.00 0.00 0.00 0.00 0.00 0.00 0.00 0.00 0.00 0.00 0.00 0.00 0.00 0.00 0.00 -3.04 3.57 2.94 -0.69 -0.44 1.82 -1.52 0.74 3.73 0.00 0.00 0.00 0.00 0.00 0.00 0.00 0.00 0.00 0.00 0.00 0.00 0.00 0.00 0.00 0.00 0.00 0.00 0.00 0.00 0.00 0.00 0.00 0.00 0.00 0.00 -1.59 1.42 1.23 1.32 -2.25 3.66 1.09 0.81 0.00 0.00 0.00 0.00 0.00 0.00 0.00 0.00 0.00 0.00 0.00 0.00 0.00 0.00 0.00 0.00 0.00 0.00 0.00 0.00 0.00 0.00 0.00 0.00 0.00 0.00 0.35 2.28 2.30 -2.14 -1.20 -0.76 1.87 2.24 0.00 0.00 0.00 0.00 0.00 0.00 0.00 0.00 0.00 0.00 0.00 0.00 0.00 0.00 0.00 0.00 0.00 0.00 0.00 0.00 0.00 0.00 0.00 0.00 0.00 0.00 2.71 1.79 1.03 -0.48 0.88 3.08 1.06 1.20 0.00 0.00 0.00 0.00 0.00 0.00 0.00 0.00 0.00 0.00 0.00 0.00 0.00 0.00 0.00 0.00 0.00 0.00 0.00 0.00 0.00 0.00 0.00 0.00 0.00 0.00 0.00 -0.11 -2.81 0.02 2.93 3.70 1.34 -5.20 0.00 0.00 0.00 0.00 0.00 0.00 0.00 0.00 0.00 0.00 0.00 0.00 0.00 0.00 0.00 0.00 0.00 0.00 0.00 0.00 0.00 0.00 0.00 0.00 0.00 0.00 0.00 -3.52 -0.04 0.73 -0.62 -1.42 -2.08 6.72 0.00 0.00 0.00 0.00 0.00 0.00 0.00 0.00 0.00 0.00 0.00 0.00 0.00 0.00 0.00 0.00 0.00 0.00 0.00 0.00 0.00 0.00 0.00 0.00 0.00 0.00 0.00 0.53 3.38 1.53 -5.29 -0.45 5.78 -2.50 0.00 0.00 0.00 0.00 0.00 0.00 0.00 0.00 0.00 0.00 0.00 0.00 0.00 0.00 0.00 0.00 0.00 0.00 0.00 0.00 0.00 0.00 0.00 0.00 0.00 0.00 0.00 0.00 -4.72 1.42 -2.88 -4.05 -9.69 4.62 0.00 0.00 0.00 0.00 0.00 0.00 0.00 0.00 0.00 0.00 0.00 0.00 0.00 0.00 0.00 0.00 0.00 0.00 0.00 0.00 0.00 0.00 0.00 0.00 0.00 0.00 0.00 0.00 -1.06 -2.40 0.21 2.35 -1.80 1.04 0.00 0.00 0.00 0.00 0.00 0.00 0.00 0.00 0.00 0.00 0.00 0.00 0.00 0.00 0.00 0.00 0.00 0.00 0.00 0.00 0.00 0.00 0.00 0.00 0.00 0.00 0.00 0.00 0.53 4.61 -2.79 -5.94 1.16 2.59 0.00 0.00 0.00 0.00 0.00 0.00 0.00 0.00 0.00 0.00 0.00 0.00 0.00 0.00 0.00 0.00 0.00 0.00 0.00 0.00 0.00 0.00 0.00 0.00 0.00 0.00 0.00 0.00 0.00 -1.23 1.25 -4.29 -2.26 0.07 0.00 0.00 0.00 0.00 0.00 0.00 0.00 0.00 0.00 0.00 0.00 0.00 0.00 0.00 0.00 0.00 0.00 0.00 0.00 0.00 0.00 0.00 0.00 0.00 0.00 0.00 0.00 0.00 0.00 -0.05 0.34 -0.70 4.75 -6.03 0.00 0.00 0.00 0.00 0.00 0.00 0.00 0.00 0.00 0.00 0.00 0.00 0.00 0.00 0.00 0.00 0.00 0.00 0.00 0.00 0.00 0.00 0.00 0.00 0.00 0.00 0.00 0.00 0.00 2.72 -0.67 2.44 5.46 3.58 0.00 0.00 0.00 0.00 0.00 0.00 0.00 0.00 0.00 0.00 0.00 0.00 0.00 0.00 0.00 0.00 0.00 0.00 0.00 0.00 0.00 0.00 0.00 0.00 0.00 0.00 0.00 0.00 0.00 0.00 -6.00 2.05 -2.27 1.43 0.00 0.00 0.00 0.00 0.00 0.00 0.00 0.00 0.00 0.00 0.00 0.00 0.00 0.00 0.00 0.00 0.00 0.00 0.00 0.00 0.00 0.00 0.00 0.00 0.00 0.00 0.00 0.00 0.00 0.00 2.22 2.87 2.59 4.54 0.00 0.00 0.00 0.00 0.00 0.00 0.00 0.00 0.00 0.00 0.00 0.00 0.00 0.00 0.00 0.00 0.00 0.00 0.00 0.00 0.00 0.00 0.00 0.00 0.00 0.00 0.00 0.00 0.00 0.00 4.75 0.18 -1.39 -3.77 0.00 0.00 0.00 0.00 0.00 0.00 0.00 0.00 0.00 0.00 0.00 0.00 0.00 0.00 0.00 0.00 0.00 0.00 0.00 0.00 0.00 0.00 0.00 0.00 0.00 0.00 0.00 0.00 0.00 0.00 0.00 -4.81 2.65 -1.39 0.00 0.00 0.00 0.00 0.00 0.00 0.00 0.00 0.00 0.00 0.00 0.00 0.00 0.00 0.00 0.00 0.00 0.00 0.00 0.00 0.00 0.00 0.00 0.00 0.00 0.00 0.00 0.00 0.00 0.00 0.00 3.29 -0.07 2.91 0.00 0.00 0.00 0.00 0.00 0.00 0.00 0.00 0.00 0.00 0.00 0.00 0.00 0.00 0.00 0.00 0.00 0.00 0.00 0.00 0.00 0.00 0.00 0.00 0.00 0.00 0.00 0.00 0.00 0.00 0.00 0.56 2.01 -5.90 0.00 0.00 0.00 0.00 0.00 0.00 0.00 0.00 0.00 0.00 0.00 0.00 0.00 0.00 0.00 0.00 0.00 0.00 0.00 0.00 0.00 0.00 0.00 0.00 0.00 0.00 0.00 0.00 0.00 0.00 0.00 0.00 1.64 -5.61 0.00 0.00 0.00 0.00 0.00 0.00 0.00 0.00 0.00 0.00 0.00 0.00 0.00 0.00 0.00 0.00 0.00 0.00 0.00 0.00 0.00 0.00 0.00 0.00 0.00 0.00 0.00 0.00 0.00 0.00 0.00 0.00 -1.19 -4.32 0.00 0.00 0.00 0.00 0.00 0.00 0.00 0.00 0.00 0.00 0.00 0.00 0.00 0.00 0.00 0.00 0.00 0.00 0.00 0.00 0.00 0.00 0.00 0.00 0.00 0.00 0.00 0.00 0.00 0.00 0.00 0.00 2.49 -4.87 0.00 0.00 0.00 0.00 0.00 0.00 0.00 0.00 0.00 0.00 0.00 0.00 0.00 0.00 0.00 0.00 0.00 0.00 0.00 0.00 0.00 0.00 0.00 0.00 0.00 0.00 0.00 0.00 0.00 0.00 0.00 0.00 -2.43 -1.70 0.00 0.00 0.00 0.00 0.00 0.00 0.00 0.00 0.00 0.00 0.00 0.00 0.00 0.00 0.00 0.00 0.00 0.00 0.00 0.00 0.00 0.00 0.00 0.00 0.00 0.00 0.00 0.00 0.00 0.00 0.00 0.00 0.00 3.43 0.00 0.00 0.00 0.00 0.00 0.00 0.00 0.00 0.00 0.00 0.00 0.00 0.00 0.00 0.00 0.00 0.00 0.00 0.00 0.00 0.00 0.00 0.00 0.00 0.00 0.00 0.00 0.00 0.00 0.00 0.00 0.00 0.00 -0.65 0.00 0.00 0.00 0.00 0.00 0.00 0.00 0.00 0.00 0.00 0.00 0.00 0.00 0.00 0.00 0.00 0.00 0.00 0.00 0.00 0.00 0.00 0.00 0.00 0.00 0.00 0.00 0.00 0.00 0.00 0.00 0.00 0.00 2.59 0.00 0.00 0.00 0.00 0.00 0.00 0.00 0.00 0.00 0.00 0.00 0.00 0.00 0.00 0.00 0.00 0.00 0.00 0.00 0.00 0.00 0.00 0.00 0.00 0.00 0.00 0.00 0.00 0.00 0.00 0.00 0.00 0.00 0.00 0.00 0.00 0.00 0.00 0.00 0.00 0.00 0.00 0.00 0.00 0.00 0.00 0.00 0.00 0.00 0.00 0.00 0.00 0.00 0.00 0.00 0.00 0.00 0.00 0.00 0.00 0.00 0.00 0.00 0.00 0.00 0.00 0.00 0.00 0.00 0.00 0.00 0.00 0.00 0.00 0.00 0.00 0.00 0.00 0.00 0.00 0.00 0.00 0.00 0.00 0.00 0.00 0.00 0.00 0.00 0.00 0.00 0.00 0.00 0.00 0.00 0.00 0.00 0.00 0.00 0.00 0.00 0.00 0.00 0.00 0.00 0.00 0.00 0.00 0.00 0.00 0.00 0.00 0.00 0.00 0.00 0.00 0.00 0.00 0.00 0.00 0.00 0.00 0.00 0.00 0.00 0.00 0.00 0.00 0.00 0.00 0.00 0.00 0.00 0.00 0.00 0.00 0.00 0.00 0.00 0.00 0.00 0.00 0.00 0.00 0.00 0.00 0.00 0.00 0.00 0.00 0.00 0.00 0.00 0.00 0.00 0.00 0.00 0.00 0.00 0.00 0.00 0.00 0.00 0.00 0.00 0.00 0.00 0.00 0.00 0.00 0.00 0.00 0.00 0.00 0.00 0.00 0.00 0.00 0.00 0.00 0.00 0.00 0.00 0.00 0.00 0.00 0.00 0.00 0.00 0.00 0.00 0.00 0.00 0.00 0.00 0.00 0.00 0.00 0.00 0.00 0.00 0.00 0.00 0.00 0.00 0.00 0.00 0.00 0.00 0.00 0.00 0.00 0.00 0.00 0.00 0.00 0.00 0.00 0.00 0.00 0.00 0.00 0.00 0.00 0.00 0.00 0.00 0.00 0.00 0.00 0.00 0.00 0.00 0.00 0.00 0.00 0.00 0.00 0.00 0.00 0.00 0.00 0.00 0.00 0.00 0.00 0.00 0.00 0.00 0.00 0.00 0.00 0.00 0.00 0.00 0.00 0.00 0.00 0.00 0.00 0.00 0.00 0.00 0.00 0.00 0.00 0.00 0.00 0.00 0.00 0.00 0.00 0.00 0.00 0.00 0.00 0.00 0.00 0.00 0.00 0.00 0.00 0.00 0.00 0.00 0.00 0.00 0.00 0.00 0.00 0.00 0.00 0.00 0.00 0.00 0.00 0.00 0.00 0.00 0.00 0.00 0.00 0.00 0.00 0.00 0.00 0.00 0.00 0.00 0.00 0.00 0.00 0.00 0.00 0.00 0.00 0.00 0.00 0.00 0.00 0.00 0.00 0.00 0.00 0.00 0.00 0.00 0.00 0.00 0.00 0.00 0.00 0.00 0.00 0.00 0.00 0.00 0.00 0.00 0.00 0.00 0.00 0.00 0.00 0.00 0.00 0.00 0.00 0.00 0.00 0.00 0.00 0.00 0.00 0.00 0.00 0.00 0.00 0.00 0.00 0.00 0.00 0.00 0.00 0.00 0.00 0.00 0.00 0.00 0.00 0.00 0.00 0.00 0.00 0.00 0.00 0.00 0.00 0.00 0.00 0.00 0.00 0.00 0.00 0.00 0.00 0.00 0.00 0.00 0.00 0.00 0.00 0.00 0.00 0.00 0.00 0.00 0.00 0.00 0.00 0.00 0.00 0.00 0.00 0.00 0.00 0.00 0.00 0.00 0.00 0.00 0.00 0.00 0.00 0.00 0.00 0.00 0.00 0.00 0.00 0.00 0.00 0.00 0.00 0.00 0.00 0.00 0.00 0.00 0.00 0.00 0.00 0.00 0.00 0.00 0.00 0.00 0.00 0.00 0.00 0.00 0.00 0.00 0.00 0.00 0.00 0.00 0.00 0.00 0.00 0.00 0.00 0.00 0.00 0.00 0.00 0.00 0.00 0.00 0.00 0.00 0.00 0.00 0.00 0.00 0.00 0.00 0.00 0.00 0.00 0.00 0.00 0.00 0.00 0.00 0.00 0.00 0.00 0.00 0.00 0.00 0.00 0.00 0.00 0.00 0.00 0.00 0.00 0.00 0.00 0.00 0.00 0.00 0.00 0.00 0.00 0.00 0.00 0.00 0.00 0.00 0.00 0.00 0.00 0.00 0.00 0.00 0.00 0.00 0.00 0.00 0.00 0.00 0.00 0.00 0.00 0.00 0.00 0.00 0.00 0.00 0.00 0.00 0.00 0.00 0.00 0.00 0.00 0.00 0.00 0.00 0.00 0.00 0.00 0.00 0.00 0.00 0.00 0.00 0.00 0.00 0.00 0.00 0.00 0.00 0.00 0.00 0.00 0.00 0.00 0.00 0.00 0.00 0.00 0.00 0.00 0.00 0.00 0.00 0.00 0.00 0.00 0.00 0.00 0.00 0.00 0.00 0.00 0.00 0.00 0.00 0.00 0.00 0.00 0.00 0.00 0.00 0.00 0.00 0.00 0.00 0.00 0.00 0.00 0.00 0.00 0.00 0.00 0.00 0.00 0.00 0.00 0.00 0.00 0.00 0.00 0.00 0.00 0.00 0.00 0.00 0.00 0.00 0.00 0.00 0.00 0.00 0.00 0.00 0.00 0.00 0.00 0.00 0.00 0.00 0.00 0.00 0.00 0.00 0.00 0.00 0.00 0.00 0.00 0.00 0.00 0.00 0.00 0.00 0.00 0.00 0.00 0.00 0.00 0.00 0.00 0.00 0.00 0.00 0.00 0.00 0.00 0.00 0.00 0.00 0.00 0.00 0.00 0.00 0.00 0.00 0.00 0.00 0.00 0.00 0.00 0.00 0.00 0.00 0.00 0.00 0.00 0.00 0.00 0.00 0.00 0.00 0.00 0.00 0.00 0.00 0.00 0.00 0.00 0.00 0.00 0.00 0.00 0.00 0.00
rain_type.data=0 0 0 0 0 0 0 0 0 0 0 0 0 0 0 0 0 0 0 0 0 0 0 0 0 0 0 0 0 0 0 0 0 0 0 0 0 0 0 0 0 0 0 0 0 0 0 0 0 0 0 0 0 0 0 0 0 0 0 0 0 0 0 0 0 0 0 0 1 1 1 1 0 0 0 0 0 0 0 0 0 0 0 0 0 0 0 0 0 0 0 0 0 0 0 0 0 0 0 0 0 0 1 1 1 1 1 1 1 1 1 0 0 0 0 0 0 0 0 0 0 0 0 0 0 0 0 0 0 0 0 0 0 0 0 0 1 1 1 1 1 1 1 1 1 1 1 1 0 0 0 0 0 0 0 0 0 0 0 0 0 0 0 0 0 0 0 0 0 0 1 1 1 1 1 1 1 1 1 1 1 1 1 1 0 0 0 0 0 0 0 0 0 0 0 0 0 0 0 0 0 0 0 0 1 1 1 1 1 1 1 1 1 1 1 1 1 1 1 1 0 0 0 0 0 0 0 0 0 0 0 0 0 0 0 0 0 0 1 1 1 1 1 1 1 1 1 1 1 1 1 1 1 1 1 1 0 0 0 0 0 0 0 0 0 0 0 0 0 0 0 0 1 1 1 1 1 1 1 1 1 1 1 1 1 1 1 1 1 1 1 1 0 0 0 0 0 0 0 0 0 0 0 0 0 0 1 1 1 1 1 1 1 1 1 1 1 1 1 1 1 1 1 1 1 1 1 0 0 0 0 0 0 0 0 0 0 0 0 0 1 1 1 1 1 1 1 1 1 1 1 1 1 1 1 1 1 1 1 1 1 1 0 0 0 0 0 0 0 0 0 0 0 0 1 1 1 1 1 1 1 1 1 1 1 1 1 1 1 1 1 1 1 1 1 1 1 0 0 0 0 0 0 0 0 0 0 0 1 1 1 1 1 1 1 1 1 1 1 1 1 1 1 1 1 1 1 1 1 1 1 1 1 0 0 0 0 0 0 0 0 0 1 1 1 1 1 1 1 1 1 1 1 1 1 1 1 1 1 1 1 1 1 1 1 1 1 1 0 0 0 0 0 0 0 0 1 1 1 1 1 1 1 1 1 1 1 1 1 1 1 1 1 1 1 1 1 1 1 1 1 1 1 0 0 0 0 0 0 0 1 1 1 1 1 1 1 1 1 1 1 1 1 1 1 1 1 1 1 1 1 1 1 1 1 1 1 1 0 0 0 0 0 0 1 1 1 1 1 1 1 1 1 1 1 1 1 1 1 1 1 1 1 1 1 1 1 1 1 1 1 1 0 0 0 0 0 0 1 1 1 1 1 1 1 1 1 1 1 1 1 1 1 1 1 1 1 1 1 1 1 1 1 1 1 1 1 0 0 0 0 0 1 1 1 1 1 1 1 1 1 1 1 1 1 1 1 1 1 1 1 1 1 1 1 1 1 1 1 1 1 1 0 0 0 0 1 1 1 1 1 1 1 1 1 1 1 1 1 1 1 1 1 1 1 1 1 1 1 1 1 1 1 1 1 1 1 0 0 0 1 1 1 1 1 1 1 1 1 1 1 1 1 1 1 1 1 1 1 1 1 1 1 1 1 1 1 1 1 1 1 1 0 0 1 1 1 1 1 1 1 1 1 1 1 1 1 1 1 1 1 1 1 1 1 1 1 1 1 1 1 1 1 1 1 1 0 0 1 1 1 1 1 1 1 1 1 1 1 1 1 1 1 1 1 1 1 1 1 1 1 1 1 1 1 1 1 1 1 1 1 0 1 1 1 1 1 1 1 1 1 1 1 1 1 1 1 1 1 1 1 1 1 1 1 1 1 1 1 1 1 1 1 1 1 1 1 1 1 1 1 1 1 1 1 1 1 1 1 1 1 1 1 1 1 1 1 1 1 1 1 1 1 1 1 1 1 1 1 1 1 1 1 1 1 1 1 1 1 1 1 1 1 1 1 1 1 1 1 1 1 1 1 1 1 1 1 1 1 1 1 1 1 1 1 1 1 1 1 1 1 1 1 1 1 1 1 1 1 1 1 1 1 1 1 1 1 1 1 1 1 1 1 1 1 1 1 1 1 1 1 1 1 1 1 1 1 1 1 1 1 1 1 1 1 1 1 1 1 1 1 1 1 1 1 1 1 1 1 1 1 1 1 1 1 1 1 1 1 1 1 1 1 1 1 1 1 1 1 1 1 1 1 1 1 1 1 1 1 1 1 1 1 1 1 1 1 1 1 1 1 1 1 1 1 1 1 1 1 1 1 1 1 1 1 1 1 1 1 1 1 1 1 1 1 1 1 1 1 1 1 1 1 1 1 1 1 1 1 1 1 1 1 1 1 1 1 1 1 1 1 1 1 1 1 1 1 1 1 1 1 1 1 1 1 1 1 1 1 1 1 1 1 1 1 1 1 1 1 1 1 1 1 1 1 1 1 1 1 1 1 1 1 1 1 1 1 1 1 1 1 1 1 1 1 1 1 1 1 1 1 1 1 1 1 1 1 1 1 1 1 1 1 1 1 1 1 1 1 1 1 1 1 1 1 1 1 1 1 1 1 1 1 1 1 1 1 1 1 1 1 1 1 1 1 1 1 1 1 1 1 1 1 1 1 1 1 1 1 1 1 1 1 1 1 1 1 1 1 1 1 1 1 1 1 1 1 1 1 1 1 1 1 1 1 1 1 1 1 1 1 1 1 1 1 1 1 1 1 1 1 1 1 1 1 1 1 1 1 1 1 1 1 1 1 1 1 1 1 1 1 1 1 1 1 1 1 1 1 1 1 1 1 1 1 1 1 1 1 1 1 1 1 1 1 1 1 1 1 1 1 1 1 1 1 1 1 1 1 1 1 1 1 1 1 1 1 1 1 1 1 1 1 1 1 1 1 1 1 1 1 1 1 1 1 1 1 1 1 1 1 1 1 1 1 1 1 1 1 1 1 1 1 1 1 1 1 1 1 1 1 1 1 1 1 1 1 1 1 1 1 1 1 1 1 1 1 1 1 1 1 1 1 1 1 1 1 1 1 1 1 1 1 1 1 1 1 1 1 1 1 1 1 1 1 1 1 1 1 1 1 1 1 1 1 1 1 1 1 1 1 1 1 1 1 1 1 1 1 1 1 1 1 1 1 1 1 1 1 1 1 1 1 1 1 1 1 1 1 1 1 1 1 1 1 1 1 1 1 1 1 1 1 1 1 1 1 1 1 1 1 1 1 1 1 1 1 1 1 1 1 1 1 1 1 1 1 1 1 1 1 1 1 1 1 1 1 1 1 1 1 1 1 1 1 1 1 1 1 1 1 1 1 1 1 1 1 1 1 1 1 1 1 1 1 1 1 1 1 1 1 1 1 1 1 1 1 1 1 1 1 1 1 1 1 1 1 1 1 1 1 1 1 1 1 1 1 1 1 1 1 1 1 1 1 1 1 1 1 1 1 1 1 1 1 1 1 1 1 1 1 1 1 1 1 1 1 1 1 1 1 1 1 1 1 1 1 1 1 1 1 1 1 1 1 1 1 1 1 1 1 1 1 1 1 1 1 1 1 1 1 1 1 1 1 1 1 1 1 1 1 1 1 1 1 1 1 1 1 1 1 1 1 1 1 1 1 1 1 1 1 1 1 1 1 1 1 1 1 1 1 1 1 1 1 1 1 1 1 1 1 1 1 1 1 1 1 1 1 1 1 1 1 1 1 1 1 1 1 1 1 1 1 1 1 1 1 1 1 1 1 1 1 1 1 1 1 1 1 1 1 1 1 1 1 1 1 1 1 1 1 1 1 1 1 1 1 1 1 1 1 1 1 1 1 1 1 1 1 1 1 1 1 1 1 1 1 1 1 1 1 1 1 1 1 1 1 1 1 1 1 1 1 1 1 1 1 1 1 1 1 1 1 1 1 1 1 1 1 1 1 1 1 1 1 1 1 1 1 1 1 1 1 1 1 1 1 1 1 1 1 1 1 1 1 1 1 1 1 1 1 1 1 1 1 1 1 1 1 1 1 1 1 1 1 1 1 1 1 1 1 1 1 1 1 1 1 1 1 1 1 1 1 1 1 1 1 1 1 1 1 1 1 1 1 1 1 1 1 1 1 1 1 1 1 1 1 1 1 1 1 1 1 1 1 1 1 1 1 1 1 1 1 1 1 1 2 2 2 2 2 2 2 1 1 1 1 1 1 1 1 1 1 1 1 1 1 1 1 1 1 1 1 1 1 1 1 1 1 1 2 2 2 2 2 2 2 2 2 1 1 1 1 1 1 1 1 1 1 1 1 1 1 1 1 1 1 1 1 1 1 1 1 1 2 2 2 2 2 2 2 2 2 2 2 1 1 1 1 1 1 1 1 1 1 1 1 1 1 1 1 1 1 1 1 1 1 1 2 2 2 2 2 2 2 2 2 2 2 2 2 1 1 1 1 1 1 1 1 1 1 1 1 1 1 1 1 1 1 1 1 1 2 2 2 2 2 2 2 2 2 2 2 2 2 2 2 1 1 1 1 1 1 1 1 1 1 1 1 1 1 1 1 1 1 1 2 2 2 2 2 2 2 2 2 2 2 2 2 2 2 2 1 1 1 1 1 1 1 1 1 1 1 1 1 1 1 1 1 1 2 2 2 2 2 2 2 2 2 2 2 2 2 2 2 2 2 1 1 1 1 1 1 1 1 1 1 1 1 1 1 1 1 1 2 2 2 2 2 2 2 2 2 2 2 2 2 2 2 2 2 2 1 1 1 1 1 1 1 1 1 1 1 1 1 1 1 1 2 2 2 2 2 2 2 2 2 2 2 2 2 2 2 2 2 2 2 1 1 1 1 1 1 1 1 1 1 1 1 1 1 1 2 2 2 2 2 2 2 2 2 2 2 2 2 2 2 2 2 2 2 2 1 1 1 1 1 1 1 1 1 1 1 1 1 1 2 2 2 2 2 2 2 2 2 2 2 2 2 2 2 2 2 2 2 2 2 1 1 1 1 1 1 1 1 1 1 1 1 1 2 2 2 2 2 2 2 2 2 2 2 2 2 2 2 2 2 2 2 2 2 2 1 1 1 1 1 1 1 1 1 1 1 1 2 2 2 2 2 2 2 2 2 2 2 2 2 2 2 2 2 2 2 2 2 2 2 1 1 1 1 1 1 1 1 1 1 1 2 2 2 2 2 2 2 2 2 2 2 2 2 2 2 2 2 2 2 2 2 2 2 2 1 1 1 1 1 1 1 1 1 1 2 2 2 2 2 2 2 2 2 2 2 2 2 2 2 2 2 2 2 2 2 2 2 2 1 1 1 1 1 1 1 1 1 1 2 2 2 2 2 2 2 2 2 2 2 2 2 2 2 2 2 2 2 2 2 2 2 2 2 1 1 1 1 1 1 1 1 1 2 2 2 2 2 2 2 2 2 2 2 2 2 2 2 2 2 2 2 2 2 2 2 2 2 2 1 1 1 1 1 1 1 1 2 2 2 2 2 2 2 2 2 2 2 2 2 2 2 2 2 2 2 2 2 2 2 2 2 2 1 1 1 1 1 1 1 1 2 2 2 2 2 2 2 2 2 2 2 2 2 2 2 2 2 2 2 2 2 2 2 2 2 2 2 1 1 1 1 1 1 1 2 2 2 2 2 2 2 2 2 2 2 2 2 2 2 2 2 2 2 2 2 2 2 2 2 2 2 2 1 1 1 1 1 1 2 2 2 2 2 2 2 2 2 2 2 2 2 2 2 2 2 2 2 2 2 2 2 2 2 2 2 2 1 1 1 1 1 1 2 2 2 2 2 2 2 2 2 2 2 2 2 2 2 2 2 2 2 2 2 2 2 2 2 2 2 2 2 1 1 1 1 1 2 2 2 2 2 2 2 2 2 2 2 2 2 2 2 2 2 2 2 2 2 2 2 2 2 2 2 2 2 1 1 1 1 1 2 2 2 2 2 2 2 2 2 2 2 2 2 2 2 2 2 2 2 2 2 2 2 2 2 2 2 2 2 2 1 1 1 1 2 2 2 2 2 2 2 2 2 2 2 2 2 2 2 2 2 2 2 2 2 2 2 2 2 2 2 2 2 2 2 1 1 1 2 2 2 2 2 2 2 2 2 2 2 2 2 2 2 2 2 2 2 2 2 2 2 2 2 2 2 2 2 2 2 1 1 1 2 2 2 2 2 2 2 2 2 2 2 2 2 2 2 2 2 2 2 2 2 2 2 2 2 2 2 2 2 2 2 2 1 1 2 2 2 2 2 2 2 2 2 2 2 2 2 2 2 2 2 2 2 2 2 2 2 2 2 2 2 2 2 2 2 2 1 1 2 2 2 2 2 2 2 2 2 2 2 2 2 2 2 2 2 2 2 2 2 2 2 2 2 2 2 2 2 2 2 2 2 1 2 2 2 2 2 2 2 2 2 2 2 2 2 2 2 2 2 2 2 2 2 2 2 2 2 2 2 2 2 2 2 2 2 1 2 2 2 2 2 2 2 2 2 2 2 2 2 2 2 2 2 2 2 2 2 2 2 2 2 2 2 2 2 2 2 2 2 2 2 2 2 2 2 2 2 2 2 2 2 2 2 2 2 2 2 2 2 2 2 2 2 2 2 2 2 2 2 2 2 2 2 2 2 2 2 2 2 2 2 2 2 2 2 2 2 2 2 2 2 2 2 2 2 2 2 2 2 2 2 2 2 2 2 2 2 2 2 2 2 2 2 2 2 2 2 2 2 2 2 2 2 2 2 2 2 2 2 2 2 2 2 2 2 2 2 2 2 2 2 2 2 2 2 2 2 2 2 2 2 2 2 2 2 2 2 2 2 2 2 2 2 2 2 2 2 2 2 2 2 2 2 2 2 2 2 2 2 2 2 2 2 2 2 2 2 2 2 2 2 2 2 2 2 2 2 2 2 2 2 2 2 2 2 2 2 2 2 2 2 2 2 2 2 2 2 2 2 2 2 2 2 2 2 2 2 2 2 2 2 2 2 2 2 2 2 2 2 2 2 2 2 2 2 2 2 2 2 2 2 2 2 2 2 2 2 2 2 2 2 2 2 2 2 2 2 2 2 2 2 2 2 2 2 2 2 2 2 2 2 2 2 2 2 2 2 2 2 2 2 2 2 2 2 2 2 2 2 2 2 2 2 2 2 2 2 2 2 2 2 2 2 2 2 2 2 2 2 2 2 2 2 2 2 2 2 2 2 2 2 2 2 2 2 2 2 2 2 2 2 2 2 2 2 2 2 2 2 2 2 2 2 2 2 2 2 2 2 2 2 2 2 2 2 2 2 2 2 2 2 2 2 2 2 2 2 2 2 2 2 2 2 2 2 2 2 2 2 2 2 2 2 2 2 2 2 2 2 2 2 2 2 2 2 2 2 2 2 2 2 2 2 2 2 2 2 2 2 2 2 2 2 2 2 2 2 2 2 2 2 2 2 2 2 2 2 2 2 2 2 2 2 2 2 2 2 2 2 2 2 2 2 2 2 2 2 2 2 2 2 2 2 2 2 2 2 2 2 2 2 2 2 2 2 2 2 2 2 2 2 2 2 2 2 2 2 2 2 2 2 2 2 2 2 2 2 2 2 2 2 2 2 2 2 2 2 2 2 2 2 2 2 2 2 2 2 2 2 2 2 2 2 2 2 2 2 2 2 2 2 2 2 2 2 2 2 2 2 2 2 2 2 2 2 2 2 2 2 2 2 2 2 2 2 2 2 2 2 2 2 2 2 2 2 2 2 2 2 2 2 2 2 2 2 2 2 2 2 2 2 2 2 2 2 2 2 2 2 2 2 2 2 2 2 2 2 2 2 2 2 2 2 2 2 2 2 2 2 2 2 2 2 2 2 2 2 2 2 2 2 2 2 2 2 2 2 2 2 2 2 2 2 2 2 2 2 2 2 2 2 2 2 2 2 2 2 2 2 2 2 2 2 2 2 2 2 2 2 2 2 2 2 2 2 2 2 2 2 2 2 2 2 2 2 2 2 2 2 2 2 2 2 2 2 2 2 2 2 2 2 2 2 2 2 2 2 2 2 2 2 2 2 2 2 2 2 2 2 2 2 2 2 2 2 2 2 2 2 2 2 2 2 2 2 2 2 2 2 2 2 2 2 2 2 2 2 2 2 2 2 2 2 2 2 2 2 2 2 2 2 2 2 2 2 2 2 2 2 2 2 2 2 2 2 2 2 2 2 2 2 2 2 2 2 2 2 2 2 2 2 2 2 2 2 2 2 2 2 2 2 2 2 2 2 2 2 2 2 2 2 2 2 2 2 2 2 2 2 2 2 2 2 2 2 2 2 2 2 2 2 2 2 2 2 2 2 2 2 2 2 2 2 2 2 2 2 2 2 2 2 2 2 2 2 2 2 2 2 2 2 2 2 2 2 2 2 2 2 2 2 2 2 2 2 2 2 2 2 2 2 2 2 2 2 2 2 2 2 2 2 2 2 2 2 2 2 2 2 2 2 2 2 2 2 2 2 2 2 2 2 2 2 2 2 2 2 2 2 2 2 2 2 2 2 2 2 2 2 2 2 2 2 2 2 2 2 2 2 2 2 2 2 2 2 2 2 2 2 2 2 2 2 2 2 2 2 2 2 2 2 2 2 2 2 2 2 2 2 2 2 2 2 2 2 2 2 2 2 2 2 2 2 2 2 2 2 2 2 2 2 2 2 2 2 2 2 2 2 2 2 2 2 2 2 2 2 2 2 2 2 2 2 2 2 2 2 2 2 2 2 2 2 2 2 2 2 2 2 2 2 2 2 2 2 2 2 2 2 2 2 2 2 2 2 2 2 2 2 2 2 2 2 2 2 2 2 2 2 2 2 2 2 2 2 2 2 2 2 2 2 2 2 2 2 2 2 2 2 2 2 2 2 2 2 2 2 2 2 2 2 2 2 2 2 2 2 2 2 2 2 2 2 2 2 2 2 2 2 2 2 2 2 2 2 2 2 2 2 2 2 2 2 2 2 2 2 2 2 2 2 2 2 2 2 2 2 2 2 2 2 2 2 2 2 2 2 2 2 2 2 2 2 2 2 2 2 2 2 2 2 2 2 2 2 2 2 2 2 2 2 2 2 2 2 2 2 2 2 2 2 2 2 2 2 2 2 2 2 2 2 2 2 2 2 2 2 2 2 2 2 2 2 2 2 2 2 2 2 2 2 2 2 2 2 2 2 2 2 2 2 2 2 2 2 2 2 2 2 2 2 2 2 2 2 2 2 2 2 2 2 2 2 2 2 2 2 2 2 2 2 2 2 2 2 2 2 2 2 2 2 2 2 2 2 2 2 2 2 2 2 2 2 2 2 2 2 2 2 2 2 2 2 2 2 2 2 2 2 2 2 2 2 2 2 2 2 2 2 2 2 2 2 2 2 2 2 2 2 2 2 2 2 2 2 2 2 2 2 2 2 2 2 2 2 2 2 2 2 2 2 2 2 2 2 2 2 2 2 2 2 2 2 2 2 2 2 2 2 2 2 2 2 2 2 2 2 2 2 2 2 2 2 2 2 2 2 2 2 2 2 2 2 2 2 2 2 2 2 2 2 2 2 2 2 2 2 2 2 2 2 2 2 2 2 2 2 2 2 2 2 2 2 2 2 2 2 2 2 2 2 2 2 2 2 2 2 2 2 2 2 2 2 2 2 2 2 2 2 2 2 2 2 2 2 2 2 2 2 2 2 2 2 2 2 2 2 2 2 2 2 2 2 2 2 2 2 2 2 2 2 2 2 2 2 2 2 2 2 2 2 2 2 2 2 2 2 2 2 2 2 2 2 2 2 2 2 2 2 2 2 2 2 2 2 2 2 2 2 2 2 2 2 2 2 2 2 2 2 2 2 2 2 2 2 2 2 2 2 2 2 2 2 2 2 2 2 2 2 2 2 2 2 2 2 2 2 2 2 2 2 2 2 2 2 2 2 2 2 2 2 2 2 2 2 2 2 2 2 2 2 2 2 2 2 2 2 2 2 2 2 2 2 2 2 2 2 2 2 2 2 2 2 2 2 2 2 2 2 2 2 2 2 2 2 2 2 2 2 2 2 2 2 2 2 2 2 2 2 2 2 2 2 2 2 2 2 2 2 2 2 2 2 2 2 2 2 2 2 2 2 2 2 2 2 2 2 2 2 2 2 2 2 2 2 2 2 2 2 2 2 2 2 2 2 2 2 2 2 2 2 2 2 2 2 2 2 2 2 2 2 2 2 2 2 2 2 2 2 2 2 2 2 2 2 2 2 2 2 2 2 2 2 2 2 2 2 2 2 2 2 2 2 2 2 2 2 2 2 2 2 2 2 2 2 2 2 2 2 2 2 2 2 2 2 2 2 2 2 2 2 2 2 2 2 2 2 2 2 2 2 2 2 2 2 2 2 2 2 2 2 2 2 2 2 2 2 2 2 2 2 2 2 2 2 2 2 2 2 2 2 2 2 2 2 2 2 2 2 2 2 2 2 2 2 2 2 2 2 2 2 2 2 2 2 2 2 2 2 2 2 2 2 2 2 2 2 2 2 2 2 2 2 2 2 2 2 2 2 2 2 2 2 2 2 2 2 2 2 2 2 2 2 2 2 2 2 2 2 2 2 2 2 2 2 2 2 2 2 2 2 2 2 2 2 2 2 2 2 2 2 2 2 2 2 2 2 2 2 2 2 2 2 2 2 2 2 2 2 2 2 2 2 2 2 2 2 2 2 2 2 2 2 2 2 2 2 2 2 2 2 2 2 2 2 2 2 2 2 2 2 2 2 2 2 2 2 2 2 2 2 2 2 2 2 2 2 2 2 2 2 2 2 2 2 2 2 2 2 2 2 2 2 2 2 2 2 2 2 2 2 2 2 2 2 2 2 2 2 2 2 2 2 2 2 2 2 2 2 2 2 2 2 2 2 2 2 2 2 2 2 2 2 2 2 2 2 2 2 2 2 2 2 2 2 2 2 2 2 2 2 2 2 2 2 2 2 2 2 2 2 2 2 2 2 2 2 2 2 2 2 2 2 2 2 2 2 2 2 2 2 2 2 2 2 2 2 2 2 2 2 2 2 2 2 2 2 2 2 2 2 2 2 2 2 2 2 2 2 2 2 2 2 2 2 2 2 2 2 2 2 2 2 2 2 2 2 2 2 2 2 2 2 2 2 2 2 2 2 2 2 2 2 2 2 2 2 2 2 2 2 2 2 2 2 2 2 2 2 2 2 2 2 2 2 2 2 2 2 2 2 2 2 2 2 2 2 2 2 2 2 2 2 2 2 2 2 2 2 2 2 2 2 2 2 2 2 2 2 2 2 2 2 2 2 2 2 2 2 2 2 2 2 2 2 2 2 2 2 2 2 2 2 2 2 2 2 2 2 2 2 2 2 2 2 2 2 2 2 2 2 2 2 2 2 2 2 2 2 2 2 2 2 2 2 2 2 2 2 2 2 2 2 2 2 2 2 2 2 2 2 2 2 2 2 2 2 2 2 2 2 2 2 2 2 2 2 2 2 2 2 2 2 2 2 2 2 2 2 2 2 2 2 2 2 2 2 2 2 2 2 2 2 2 2 2 2 2 2 2 2 2 2 2 2 2 2 2 2 2 2 2 2 2 2 2 2 2 2 2 2 2 2 2 2 2 2 2 2 2 2 2 2 2 2 2 2 2 2 2 2 2 2 2 2 2 2 2 2 2 2 2 2 2 2 2 2 2 2 2 2 2 2 2 2 2 2 2 2 2 2 2 2 2 2 2 2 2 2 2 2 2 2 2 2 2 2 2 2 2 2 2 1 1 1 2 2 2 2 2 2 2 2 2 2 2 2 2 2 2 2 2 2 2 2 2 2 2 2 2 2 2 2 2 2 2 1 1 1 1 1 1 2 2 2 2 2 2 2 2 2 2 2 2 2 2 2 2 2 2 2 2 2 2 2 2 2 2 2 2 1 1 1 1 1 1 1 1 2 2 2 2 2 2 2 2 2 2 2 2 2 2 2 2 2 2 2 2 2 2 2 2 2 2 1 1 1 1 1 1 1 1 1 2 2 2 2 2 2 2 2 2 2 2 2 2 2 2 2 2 2 2 2 2 2 2 2 2 1 1 1 1 1 1 1 1 1 1 1 2 2 2 2 2 2 2 2 2 2 2 2 2 2 2 2 2 2 2 2 2 2 2 1 1 1 1 1 1 1 1 1 1 1 1 2 2 2 2 2 2 2 2 2 2 2 2 2 2 2 2 2 2 2 2 2 2 1 1 1 1 1 1 1 1 1 1 1 1 1 2 2 2 2 2 2 2 2 2 2 2 2 2 2 2 2 2 2 2 2 2 1 1 1 1 1 1 1 1 1 1 1 1 1 1 2 2 2 2 2 2 2 2 2 2 2 2 2 2 2 2 2 2 2 2 1 1 1 1 1 1 1 1 1 1 1 1 1 1 1 2 2 2 2 2 2 2 2 2 2 2 2 2 2 2 2 2 2 2 1 1 1 1 1 1 1 1 1 1 1 1 1 1 1 2 2 2 2 2 2 2 2 2 2 2 2 2 2 2 2 2 2 2 1 1 1 1 1 1 1 1 1 1 1 1 1 1 1 1 2 2 2 2 2 2 2 2 2 2 2 2 2 2 2 2 2 2 1 1 1 1 1 1 1 1 1 1 1 1 1 1 1 1 1 2 2 2 2 2 2 2 2 2 2 2 2 2 2 2 2 2 1 1 1 1 1 1 1 1 1 1 1 1 1 1 1 1 1 1 2 2 2 2 2 2 2 2 2 2 2 2 2 2 2 2 1 1 1 1 1 1 1 1 1 1 1 1 1 1 1 1 1 1 2 2 2 2 2 2 2 2 2 2 2 2 2 2 2 2 1 1 1 1 1 1 1 1 1 1 1 1 1 1 1 1 1 1 1 2 2 2 2 2 2 2 2 2 2 2 2 2 2 2 1 1 1 1 1 1 1 1 1 1 1 1 1 1 1 1 1 1 1 1 2 2 2 2 2 2 2 2 2 2 2 2 2 2 1 1 1 1 1 1 1 1 1 1 1 1 1 1 1 1 1 1 1 1 2 2 2 2 2 2 2 2 2 2 2 2 2 2 1 1 1 1 1 1 1 1 1 1 1 1 1 1 1 1 1 1 1 1 1 2 2 2 2 2 2 2 2 2 2 2 2 2 1 1 1 1 1 1 1 1 1 1 1 1 1 1 1 1 1 1 1 1 1 2 2 2 2 2 2 2 2 2 2 2 2 2 1 1 1 1 1 1 1 1 1 1 1 1 1 1 1 1 1 1 1 1 1 1 2 2 2 2 2 2 2 2 2 2 2 2 1 1 1 1 1 1 1 1 1 1 1 1 1 1 1 1 1 1 1 1 1 1 2 2 2 2 2 2 2 2 2 2 2 2 0 0 0 0 1 1 1 1 1 1 1 1 1 1 1 1 1 1 1 1 1 1 1 2 2 2 2 2 2 2 2 2 2 2 0 0 0 0 0 0 1 1 1 1 1 1 1 1 1 1 1 1 1 1 1 1 1 2 2 2 2 2 2 2 2 2 2 2 0 0 0 0 0 0 0 0 1 1 1 1 1 1 1 1 1 1 1 1 1 1 1 1 2 2 2 2 2 2 2 2 2 2 0 0 0 0 0 0 0 0 0 1 1 1 1 1 1 1 1 1 1 1 1 1 1 1 2 2 2 2 2 2 2 2 2 2 0 0 0 0 0 0 0 0 0 0 0 1 1 1 1 1 1 1 1 1 1 1 1 1 1 2 2 2 2 2 2 2 2 2 0 0 0 0 0 0 0 0 0 0 0 0 1 1 1 1 1 1 1 1 1 1 1 1 1 2 2 2 2 2 2 2 2 2 0 0 0 0 0 0 0 0 0 0 0 0 0 1 1 1 1 1 1 1 1 1 1 1 1 1 2 2 2 2 2 2 2 2 0 0 0 0 0 0 0 0 0 0 0 0 0 1 1 1 1 1 1 1 1 1 1 1 1 1 2 2 2 2 2 2 2 2 0 0 0 0 0 0 0 0 0 0 0 0 0 0 1 1 1 1 1 1 1 1 1 1 1 1 2 2 2 2 2 2 2 2 0 0 0 0 0 0 0 0 0 0 0 0 0 0 0 1 1 1 1 1 1 1 1 1 1 1 1 2 2 2 2 2 2 2 0 0 0 0 0 0 0 0 0 0 0 0 0 0 0 0 1 1 1 1 1 1 1 1 1 1 1 2 2 2 2 2 2 2 0 0 0 0 0 0 0 0 0 0 0 0 0 0 0 0 1 1 1 1 1 1 1 1 1 1 1 1 2 2 2 2 2 2 0 0 0 0 0 0 0 0 0 0 0 0 0 0 0 0 0 1 1 1 1 1 1 1 1 1 1 1 2 2 2 2 2 2 0 0 0 0 0 0 0 0 0 0 0 0 0 0 0 0 0 0 1 1 1 1 1 1 1 1 1 1 2 2 2 2 2 2 0 0 0 0 0 0 0 0 0 0 0 0 0 0 0 0 0 0 1 1 1 1 1 1 1 1 1 1 1 2 2 2 2 2 0 0 0 0 0 0 0 0 0 0 0 0 0 0 0 0 0 0 0 1 1 1 1 1 1 1 1 1 1 2 2 2 2 2 0 0 0 0 0 0 0 0 0 0 0 0 0 0 0 0 0 0 0 0 1 1 1 1 1 1 1 1 1 2 2 2 2 2 0 0 0 0 0 0 0 0 0 0 0 0 0 0 0 0 0 0 0 0 1 1 1 1 1 1 1 1 1 1 2 2 2 2 0 0 0 0 0 0 0 0 0 0 0 0 0 0 0 0 0 0 0 0 0 1 1 1 1 1 1 1 1 1 2 2 2 2 0 0 0 0 0 0 0 0 0 0 0 0 0 0 0 0 0 0 0 0 0 1 1 1 1 1 1 1 1 1 2 2 2 2 0 0 0 0 0 0 0 0 0 0 0 0 0 0 0 0 0 0 0 0 0 0 1 1 1 1 1 1 1 1 1 2 2 2 0 0 0 0 0 0 0 0 0 0 0 0 0 0 0 0 0 0 0 0 0 0 1 1 1 1 1 1 1 1 1 2 2 2 0 0 0 0 0 0 0 0 0 0 0 0 0 0 0 0 0 0 0 0 0 0 0 1 1 1 1 1 1 1 1 2 2 2 0 0 0 0 0 0 0 0 0 0 0 0 0 0 0 0 0 0 0 0 0 0 0 1 1 1 1 1 1 1 1 1 2 2 0 0 0 0 0 0 0 0 0 0 0 0 0 0 0 0 0 0 0 0 0 0 0 1 1 1 1 1 1 1 1 1 2 2 0 0 0 0 0 0 0 0 0 0 0 0 0 0 0 0 0 0 0 0 0 0 0 0 1 1 1 1 1 1 1 1 2 2 0 0 0 0 0 0 0 0 0 0 0 0 0 0 0 0 0 0 0 0 0 0 0 0 1 1 1 1 1 1 1 1 1 2 0 0 0 0 0 0 0 0 0 0 0 0 0 0 0 0 0 0 0 0 0 0 0 0 0 1 1 1 1 1 1 1 1 2 0 0 0 0 0 0 0 0 0 0 0 0 0 0 0 0 0 0 0 0 0 0 0 0 0 1 1 1 1 1 1 1 1 2 0 0 0 0 0 0 0 0 0 0 0 0 0 0 0 0 0 0 0 0 0 0 0 0 0 0 1 1 1 1 1 1 1 2 0 0 0 0 0 0 0 0 0 0 0 0 0 0 0 0 0 0 0 0 0 0 0 0 0 0 1 1 1 1 1 1 1 1 0 0 0 0 0 0 0 0 0 0 0 0 0 0 0 0 0 0 0 0 0 0 0 0 0 0 1 1 1 1 1 1 1 1 0 0 0 0 0 0 0 0 0 0 0 0 0 0 0 0 0 0 0 0 0 0 0 0 0 0 0 1 1 1 1 1 1 1 0 0 0 0 0 0 0 0 0 0 0 0 0 0 0 0 0 0 0 0 0 0 0 0 0 0 0 1 1 1 1 1 1 1 0 0 0 0 0 0 0 0 0 0 0 0 0 0 0 0 0 0 0 0 0 0 0 0 0 0 0 1 1 1 1 1 1 1 0 0 0 0 0 0 0 0 0 0 0 0 0 0 0 0 0 0 0 0 0 0 0 0 0 0 0 0 1 1 1 1 1 1 0 0 0 0 0 0 0 0 0 0 0 0 0 0 0 0 0 0 0 0 0 0 0 0 0 0 0 0 1 1 1 1 1 1 0 0 0 0 0 0 0 0 0 0 0 0 0 0 0 0 0 0 0 0 0 0 0 0 0 0 0 0 1 1 1 1 1 1 0 0 0 0 0 0 0 0 0 0 0 0 0 0 0 0 0 0 0 0 0 0 0 0 0 0 0 0 0 1 1 1 1 1 0 0 0 0 0 0 0 0 0 0 0 0 0 0 0 0 0 0 0 0 0 0 0 0 0 0 0 0 0 1 1 1 1 1 0 0 0 0 0 0 0 0 0 0 0 0 0 0 0 0 0 0 0 0 0 0 0 0 0 0 0 0 0 1 1 1 1 1 0 0 0 0 0 0 0 0 0 0 0 0 0 0 0 0 0 0 0 0 0 0 0 0 0 0 0 0 0 0 1 1 1 1 0 0 0 0 0 0 0 0 0 0 0 0 0 0 0 0 0 0 0 0 0 0 0 0 0 0 0 0 0 0 1 1 1 1 0 0 0 0 0 0 0 0 0 0 0 0 0 0 0 0 0 0 0 0 0 0 0 0 0 0 0 0 0 0 1 1 1 1 0 0 0 0 0 0 0 0 0 0 0 0 0 0 0 0 0 0 0 0 0 0 0 0 0 0 0 0 0 0 0 1 1 1 0 0 0 0 0 0 0 0 0 0 0 0 0 0 0 0 0 0 0 0 0 0 0 0 0 0 0 0 0 0 0 1 1 1 0 0 0 0 0 0 0 0 0 0 0 0 0 0 0 0 0 0 0 0 0 0 0 0 0 0 0 0 0 0 0 1 1 1 0 0 0 0 0 0 0 0 0 0 0 0 0 0 0 0 0 0 0 0 0 0 0 0 0 0 0 0 0 0 0 0 1 1 0 0 0 0 0 0 0 0 0 0 0 0 0 0 0 0 0 0 0 0 0 0 0 0 0 0 0 0 0 0 0 0 1 1 0 0 0 0 0 0 0 0 0 0 0 0 0 0 0 0 0 0 0 0 0 0 0 0 0 0 0 0 0 0 0 0 1 1 0 0 0 0 0 0 0 0 0 0 0 0 0 0 0 0 0 0 0 0 0 0 0 0 0 0 0 0 0 0 0 0 1 1 0 0 0 0 0 0 0 0 0 0 0 0 0 0 0 0 0 0 0 0 0 0 0 0 0 0 0 0 0 0 0 0 0 1 0 0 0 0 0 0 0 0 0 0 0 0 0 0 0 0 0 0 0 0 0 0 0 0 0 0 0 0 0 0 0 0 0 1 0 0 0 0 0 0 0 0 0 0 0 0 0 0 0 0 0 0 0 0 0 0 0 0 0 0 0 0 0 0 0 0 0 1 0 0 0 0 0 0 0 0 0 0 0 0 0 0 0 0 0 0 0 0 0 0 0 0 0 0 0 0 0 0 0 0 0 0 0 0 0 0 0 0 0 0 0 0 0 0 0 0 0 0 0 0 0 0 0 0 0 0 0 0 0 0 0 0 0 0 0 0 0 0 0 0 0 0 0 0 0 0 0 0 0 0 0 0 0 0 0 0 0 0 0 0 0 0 0 0 0 0 0 0 0 0 0 0 0 0 0 0 0 0 0 0 0 0 0 0 0 0 0 0 0 0 0 0 0 0 0 0 0 0 0 0 0 0 0 0 0 0 0 0 0 0 0 0 0 0 0 0 0 0 0 0 0 0 0 0 0 0 0 0 0 0 0 0 0 0 0 0 0 0 0 0 0 0 0 0 0 0 0 0 0 0 0 0 0 0 0 0 0 0 0 0 0 0 0 0 0 0 0 0 0 0 0 0 0 0 0 0 0 0 0 0 0 0 0 0 0 0 0 0 0 0 0 0 0 0 0 0 0 0 0 0 0 0 0 0 0 0 0 0 0 0 0 0 0 0 0 0 0 0 0 0 0 0 0 0 0 0 0 0 0 0 0 0 0 0 0 0 0 0 0 0 0 0 0 0 0 0 0 0 0 0 0 0 0 0 0 0 0 0 0 0 0 0 0 0 0 0 0 0 0 0 0 0 0 0 0 0 0 0 0 0 0 0 0 0 0 0 0 0 0 0 0 0 0 0 0 0 0 0 0 0 0 0 0 0 0 0 0 0 0 0 0 0 0 0 0 0 0 0 0 0 0 0 0 0 0 0 0 0 0 0 0 0 0 0 0 0 0 0 0 0 0 0 0 0 0 0 0 0 0 0 0 0 0 0 0 0 0 0 0 0 0 0 0 0 0 0 0 0 0 0 0 0 0 0 0 0 0 0 0 0 0 0 0 0 0 0 0 0 0 0 0 0 0 0 0 0 0 0 0 0 0 0 0 0 0 0 0 0 0 0 0 0 0 0 0 0 0 0 0 0 0 0 0 0 0 0 0 0 0 0 0 0 0 0 0 0 0 0 0 0 0 0 0 0 0 0 0 0 0 0 0 0 0 0 0 0 0 0 0 0 0 0 0 0 0 0 0 0 0 0 0 0 0 0 0 0 0 0 0 0 0 0 0 0 0 0 0 0 0 0 0 0 0 0 0 0 0 0 0 0 0 0 0 0 0 0 0 0 0 0 0 0 0 0 0 0 0 0 0 0 0 0 0 0 0 0 0 0 0 0 0 0 0 0 0 0 0 0 0 0 0 0 0 0 0 0 0 0 0 0 0 0 0 0 0 0 0 0 0 0 0 0 0 0 0 0 0 0 0 0 0 0 0 0 0 0 0 0 0 0 0 0 0 0 0 0 0 0 0 0 0 0 0 0 0 0 0 0 0 0 0 0 0 0 0 0 0 0 0 0 0 0 0 0 0 0 0 0 0 0 0 0 0 0 0 0 0 0 0 0 0 0 0 0 0 0 0 0 0 0 0 0 0 0 0 0 0 0
estimated_attenuation.size=8432
estimated_attenuation.data=0.00 0.00 0.00 0.00 0.00 0.00 0.00 0.00 0.00 0.00 0.00 0.00 0.00 0.00 0.00 0.00 0.00 0.00 0.00 0.00 0.00 0.00 0.00 0.00 0.00 0.00 0.00 0.00 0.00 0.00 0.00 0.00 0.00 0.00 0.00 0.00 0.00 0.00 0.00 0.00 0.00 0.00 0.00 0.00 0.00 0.00 0.00 0.00 0.00 0.00 0.00 0.00 0.00 0.00 0.00 0.00 0.00 0.00 0.00 0.00 0.00 0.00 0.00 0.00 0.00 0.00 0.00 0.00 0.00 0.00 0.00 0.00 0.00 0.00 0.00 0.00 0.00 0.00 0.00 0.00 0.00 0.00 0.00 0.00 0.00 0.00 0.00 0.00 0.00 0.00 0.00 0.00 0.00 0.00 0.00 0.00 0.00 0.00 0.00 0.00 0.00 0.00 0.00 0.00 0.00 0.00 0.00 0.00 0.00 0.00 0.00 0.00 0.00 0.00 0.00 0.00 0.00 0.00 0.00 0.00 0.00 0.00 0.00 0.00 0.00 0.00 0.00 0.00 0.00 0.00 0.00 0.00 0.00 0.00 0.00 0.00 0.00 0.00 0.00 0.00 0.00 0.00 0.00 0.00 0.00 0.00 0.00 0.00 0.00 0.00 0.00 0.00 0.00 0.00 0.00 0.00 0.00 0.00 0.00 0.00 0.00 0.00 0.00 0.00 0.00 0.00 0.00 0.00 0.00 0.00 0.00 0.00 0.00 0.00 0.00 0.00 0.00 0.00 0.00 0.00 0.00 0.00 0.00 0.00 0.00 0.00 0.00 0.00 0.00 0.00 0.00 0.00 0.00 0.00 0.00 0.00 0.00 0.00 0.00 0.00 0.00 0.00 0.00 0.00 0.00 0.00 0.00 0.00 0.00 0.00 0.00 0.00 0.00 0.00 0.00 0.00 0.00 0.00 0.00 0.00 0.00 0.00 0.00 0.00 0.00 0.00 0.00 0.00 0.00 0.00 0.00 0.00 0.00 0.00 0.00 0.00 0.00 0.00 0.00 0.00 0.00 0.00 0.00 0.00 0.00 0.00 0.00 0.00 0.00 0.00 0.00 0.00 0.00 0.00 0.00 0.00 0.00 0.00 0.00 0.00 0.00 0.00 0.00 0.00 0.00 0.00 0.00 0.00 0.00 0.00 0.00 0.00 0.00 0.00 0.00 0.00 0.00 0.00 0.00 0.00 0.00 0.00 0.00 0.00 0.00 0.00 0.00 0.00 0.00 0.00 0.00 0.00 0.00 0.00 0.00 0.00 0.00 0.00 0.00 0.00 0.00 0.00 0.00 0.00 0.00 0.00 0.00 0.00 0.00 0.00 0.00 0.00 0.00 0.00 0.00 0.00 0.00 0.00 0.00 0.00 0.00 0.00 0.00 0.00 0.00 0.00 0.00 0.00 0.00 0.00 0.00 0.00 0.00 0.00 0.00 0.00 0.00 0.00 0.00 0.00 0.00 0.00 0.00 0.00 0.00 0.00 0.00 0.00 0.00 0.00 0.00 0.00 0.00 0.00 0.00 0.00 0.00 0.00 0.00 0.00 0.00 0.00 0.00 0.00 0.00 0.00 0.00 0.00 0.00 0.00 0.00 0.00 0.00 0.00 0.00 0.00 0.00 0.00 0.00 0.00 0.00 0.00 0.00 0.00 0.00 0.00 0.00 0.00 0.00 0.00 0.00 0.00 0.00 0.00 0.00 0.00 0.00 0.00 0.00 0.00 0.00 0.00 0.00 0.00 0.00 0.00 0.00 0.00 0.00 0.00 0.00 0.00 0.00 0.00 0.00 0.00 0.00 0.00 0.00 0.00 0.00 0.00 0.00 0.00 0.00 0.00 0.00 0.00 0.00 0.00 0.00 0.00 0.00 0.00 0.00 0.00 0.00 0.00 0.00 0.00 0.00 0.00 0.00 0.00 0.00 0.00 0.00 0.00 0.00 0.00 0.00 0.00 0.00 0.00 0.00 0.00 0.00 0.00 0.00 0.00 0.00 0.00 0.00 0.00 0.00 0.00 0.00 0.00 0.00 0.00 0.00 0.00 0.00 0.00 0.00 0.00 0.00 0.00 0.00 0.00 0.00 0.00 0.00 0.00 0.00 0.00 0.00 0.00 0.00 0.00 0.00 0.00 0.00 0.00 0.00 0.00 0.00 0.00 0.00 0.00 0.00 0.00 0.00 0.00 0.00 0.00 0.00 0.00 0.00 0.00 0.00 0.00 0.00 0.00 0.00 0.00 0.00 0.00 0.00 0.00 0.00 0.00 0.00 0.00 0.00 0.00 0.00 0.00 0.00 0.00 0.00 0.00 0.00 0.00 0.00 0.00 0.00 0.00 0.00 0.00 0.00 0.00 0.00 0.00 0.00 0.00 0.00 0.00 0.00 0.00 0.00 0.00 0.00 0.00 0.00 0.00 0.00 0.00 0.00 0.00 0.00 0.00 0.00 0.00 0.00 0.00 0.00 0.00 0.00 0.00 0.00 0.00 0.00 0.00 0.00 0.00 0.00 0.00 0.00 0.00 0.00 0.00 0.00 0.00 0.00 0.00 0.00 0.00 0.00 0.00 0.00 0.00 0.00 0.00 0.00 0.00 0.00 0.00 0.00 0.00 0.00 0.00 0.00 0.00 0.00 0.00 0.00 0.00 0.00 0.00 0.00 0.00 0.00 0.00 0.00 0.00 0.00 0.00 0.00 0.00 0.00 0.00 0.00 0.00 0.00 0.00 0.00 0.00 0.00 0.00 0.00 0.00 0.00 0.00 0.00 0.00 0.00 0.00 0.00 0.00 0.00 0.00 0.00 0.00 0.00 0.00 0.00 0.00 0.00 0.00 0.00 0.00 0.00 0.00 0.00 0.00 0.00 0.00 0.00 0.00 0.00 0.00 0.00 0.00 0.00 0.00 0.00 0.00 0.00 0.00 0.00 0.00 0.00 0.00 0.00 0.00 0.00 0.00 0.00 0.00 0.00 0.00 0.00 0.00 0.00 0.00 0.00 0.00 0.00 0.00 0.00 0.00 0.00 0.00 0.00 0.00 0.00 0.00 0.00 0.00 0.00 0.00 0.00 0.00 0.00 0.00 0.00 0.00 0.00 0.00 0.00 0.00 0.00 0.00 0.00 0.00 0.00 0.00 0.00 0.00 0.00 0.00 0.00 0.00 0.00 0.00 0.00 0.00 0.00 0.00 0.00 0.00 0.00 0.00 0.00 0.00 0.00 0.00 0.00 0.00 0.00 0.00 0.00 0.00 0.00 0.00 0.00 0.00 0.00 0.00 0.00 0.00 0.00 0.00 0.00 0.00 0.00 0.00 0.00 0.00 0.00 0.00 0.00 0.00 0.00 0.00 0.00 0.00 0.00 0.00 0.00 0.00 0.00 0.00 0.00 0.00 0.00 0.00 0.00 0.00 0.00 0.00 0.00 0.00 0.00 0.00 0.00 0.00 0.00 0.00 0.00 0.00 0.00 0.00 0.00 0.00 0.00 0.00 0.00 0.00 0.00 0.00 0.00 0.00 0.00 0.00 0.00 0.00 0.00 0.00 0.00 0.00 0.00 0.00 0.00 0.00 0.00 0.00 0.00 0.00 0.00 0.00 0.00 0.00 0.00 0.00 0.00 0.00 0.00 0.00 0.00 0.00 0.00 0.00 0.00 0.00 0.00 0.00 0.00 0.00 0.00 0.00 0.00 0.00 0.00 0.00 0.00 0.00 0.00 0.00 0.00 0.00 0.00 0.00 0.00 0.00 0.00 0.00 0.00 0.00 0.00 0.00 0.00 0.00 0.00 0.00 0.00 0.00 0.00 0.00 0.00 0.00 0.00 0.00 0.00 0.00 0.00 0.00 0.00 0.00 0.00 0.00 0.00 0.00 0.00 0.00 0.00 0.00 0.00 0.00 0.00 0.00 0.00 0.00 0.00 0.00 0.00 0.00 0.00 0.00 0.00 0.00 0.00 0.00 0.00 0.00 0.00 0.00 0.00 0.00 0.00 0.00 0.00 0.00 0.00 0.00 0.00 0.00 0.00 0.00 0.00 0.00 0.00 0.00 0.00 0.00 0.00 0.00 0.00 0.00 0.00 0.00 0.00 0.00 0.00 0.00 0.00 0.00 0.00 0.00 0.00 0.00 0.00 0.00 0.00 0.00 0.00 0.00 0.00 0.00 0.00 0.00 0.00 0.00 0.00 0.00 0.00 0.00 0.00 0.00 0.00 0.00 0.00 0.00 0.00 0.00 0.00 0.00 0.00 0.00 0.00 0.00 0.00 0.00 0.00 0.00 0.00 0.00 0.00 0.00 0.00 0.00 0.00 0.00 0.00 0.00 0.00 0.00 0.00 0.00 0.00 0.00 0.00 0.00 0.00 0.00 0.00 0.00 0.00 0.00 0.00 0.00 0.00 0.00 0.00 0.00 0.00 0.00 0.00 0.00 0.00 0.00 0.00 0.00 0.00 0.00 0.00 0.00 0.00 0.00 0.00 0.00 0.00 0.00 0.00 0.00 0.00 0.00 0.00 0.00 0.00 0.00 0.00 0.00 0.00 0.00 0.00 0.00 0.00 0.00 0.00 0.00 0.00 0.00 0.00 0.00 0.00 0.00 0.00 0.00 0.00 0.00 0.00 0.00 0.00 0.00 0.00 0.00 0.00 0.00 0.00 0.00 0.00 0.00 0.00 0.00 0.00 0.00 0.00 0.00 0.00 0.00 0.00 0.00 0.00 0.00 0.00 0.00 0.00 0.00 0.00 0.00 0.00 0.00 0.00 0.00 0.00 0.00 0.00 0.00 0.00 0.00 0.00 0.00 0.00 0.00 0.00 0.00 0.00 0.00 0.00 0.00 0.00 0.00 0.00 0.00 0.00 0.00 0.00 0.00 0.00 0.00 0.00 0.00 0.00 0.00 0.00 0.00 0.00 0.00 0.00 0.00 0.00 0.00 0.00 0.00 0.00 0.00 0.00 0.00 0.00 0.00 0.00 0.00 0.00 0.00 0.00 0.00 0.00 0.00 0.00 0.00 0.00 0.00 0.00 0.00 0.00 0.00 0.00 0.00 0.00 0.00 0.00 0.00 0.00 0.00 0.00 0.00 0.00 0.00 0.00 0.00 0.00 0.00 0.00 0.00 0.00 0.00 0.00 0.00 0.00 0.00 0.00 0.00 0.00 0.00 0.00 0.00 0.00 0.00 0.00 0.00 0.00 0.00 0.00 0.00 0.00 0.00 0.00 0.00 0.00 0.00 0.00 0.00 0.00 0.00 0.00 0.00 0.00 0.00 0.00 0.00 0.00 0.00 0.00 0.00 0.00 0.00 0.00 0.00 0.00 0.00 0.00 0.00 0.00 0.00 0.00 0.00 0.00 0.00 0.00 0.00 0.00 0.00 0.00 0.00 0.00 0.00 0.00 0.00 0.00 0.00 0.00 0.00 0.00 0.00 0.00 0.00 0.00 0.00 0.00 0.00 0.00 0.00 0.00 0.00 0.00 0.00 0.00 0.00 0.00 0.00 0.00 0.00 0.00 0.00 0.00 0.00 0.00 0.00 0.00 0.00 0.00 0.00 0.00 0.00 0.00 0.00 0.00 0.00 0.00 0.00 0.00 0.00 0.00 0.00 0.00 0.00 0.00 0.00 0.00 0.00 0.00 0.00 0.00 0.00 0.00 0.00 0.00 0.00 0.00 0.00 0.00 0.00 0.00 0.00 0.00 0.00 0.00 0.00 0.00 0.00 0.00 0.00 0.00 0.00 0.00 0.00 0.00 0.00 0.00 0.00 0.00 0.00 0.00 0.00 0.00 0.00 0.00 0.00 0.00 0.00 0.00 0.00 0.00 0.00 0.00 0.00 0.00 0.00 0.00 0.00 0.00 0.00 0.00 0.00 0.00 0.00 0.00 0.00 0.00 0.00 0.00 0.00 0.00 0.00 0.00 0.00 0.00 0.00 0.00 0.00 0.00 0.00 0.00 0.00 0.00 0.00 0.00 0.00 0.00 0.00 0.00 0.00 0.00 0.00 0.00 0.00 0.00 0.00 0.00 0.00 0.00 0.00 0.00 0.00 0.00 0.00 0.00 0.00 0.00 0.00 0.00 0.00 0.00 0.00 0.00 0.00 0.00 0.00 0.00 0.00 0.00 0.00 0.00 0.00 0.00 0.00 0.00 0.00 0.00 0.00 0.00 0.00 0.00 0.00 0.00 0.00 0.00 0.00 0.00 0.00 0.00 0.00 0.00 0.00 0.00 0.00 0.00 0.00 0.00 0.00 0.00 0.00 0.00 0.00 0.00 0.00 0.00 0.00 0.00 0.00 0.00 0.00 0.00 0.00 0.00 0.00 0.00 0.00 0.00 0.00 0.00 0.00 0.00 0.00 0.00 0.00 0.00 0.00 0.00 0.00 0.00 0.00 0.00 0.00 0.00 0.00 0.00 0.00 0.00 0.00 0.00 0.00 0.00 0.00 0.00 0.00 0.00 0.00 0.00 0.00 0.00 0.00 0.00 0.00 0.00 0.00 0.00 0.00 0.00 0.00 0.00 0.00 0.00 0.00 0.00 0.00 0.00 0.00 0.00 0.00 0.00 0.00 0.00 0.00 0.00 0.00 0.00 0.00 0.00 0.00 0.00 0.00 0.00 0.00 0.00 0.00 0.00 0.00 0.00 0.00 0.00 0.00 0.00 0.00 0.00 0.00 0.00 0.00 0.00 0.00 0.00 0.00 0.00 0.00 0.00 0.00 0.00 0.00 0.00 0.00 0.00 0.00 0.00 0.00 0.00 0.00 0.00 0.00 0.00 0.00 0.00 0.00 0.00 0.00 0.00 0.00 0.00 0.00 0.00 0.00 0.00 0.00 0.00 0.00 0.00 0.00 0.00 0.00 0.00 0.00 0.00 0.00 0.00 0.00 0.00 0.00 0.00 0.00 0.00 0.00 0.00 0.00 0.00 0.00 0.00 0.00 0.00 0.00 0.00 0.00 0.00 0.00 0.00 0.00 0.00 0.00 0.00 0.00 0.00 0.00 0.00 0.00 0.00 0.00 0.00 0.00 0.00 0.00 0.00 0.00 0.00 0.00 0.00 0.00 0.00 0.00 0.00 0.00 0.00 0.00 0.00 0.00 0.00 0.00 0.00 0.00 0.00 0.00 0.00 0.00 0.00 0.00 0.00 0.00 0.00 0.00 0.00 0.00 0.00 0.00 0.00 0.00 0.00 0.00 0.00 0.00 0.00 0.00 0.00 0.00 0.00 0.00 0.00 0.00 0.00 0.00 0.00 0.00 0.00 0.00 0.00 0.00 0.00 0.00 0.00 0.00 0.00 0.00 0.00 0.00 0.00 0.00 0.00 0.00 0.00 0.00 0.00 0.00 0.00 0.00 0.00 0.00 0.00 0.00 0.00 0.00 0.00 0.00 0.00 0.00 0.00 0.00 0.00 0.00 0.00 0.00 0.00 0.00 0.00 0.00 0.00 0.00 0.00 0.00 0.00 0.00 0.00 0.00 0.00 0.00 0.00 0.00 0.00 0.00 0.00 0.00 0.00 0.00 0.00 0.00 0.00 0.00 0.00 0.00 0.00 0.00 0.00 0.00 0.00 0.00 0.00 0.00 0.00 0.00 0.00 0.00 0.00 0.00 0.00 0.00 0.00 0.00 0.00 0.00 0.00 0.00 0.00 0.00 0.00 0.00 0.00 0.00 0.00 0.00 0.00 0.00 0.00 0.00 0.00 0.00 0.00 0.00 0.00 0.00 0.00 0.00 0.00 0.00 0.00 0.00 0.00 0.00 0.00 0.00 0.00 0.00 0.00 0.00 0.00 0.00 0.00 0.00 0.00 0.00 0.00 0.00 0.00 0.00 0.00 0.00 0.00 0.00 0.00 0.00 0.00 0.00 0.00 0.00 0.00 0.00 0.00 0.00 0.00 0.00 0.00 0.00 0.00 0.00 0.00 0.00 0.00 0.00 0.00 0.00 0.00 0.00 0.00 0.00 0.00 0.00 0.00 0.00 0.00 0.00 0.00 0.00 0.00 0.00 0.00 0.00 0.00 0.00 0.00 0.00 0.00 0.00 0.00 0.00 0.00 0.00 0.00 0.00 0.00 0.00 0.00 0.00 0.00 0.00 0.00 0.00 0.00 0.00 0.00 0.00 0.00 0.00 0.00 0.00 0.00 0.00 0.00 0.00 0.00 0.00 0.00 0.00 0.00 0.00 0.00 0.00 0.00 0.00 0.00 0.00 0.00 0.00 0.00 0.00 0.00 0.00 0.00 0.00 0.00 0.00 0.00 0.00 0.00 0.00 0.00 0.00 0.00 0.00 0.00 0.00 0.00 0.00 0.00 0.00 0.00 0.00 0.00 0.00 0.00 0.00 0.00 0.00 0.00 0.00 0.00 0.00 0.00 0.00 0.00 0.00 0.00 0.00 0.00 0.00 0.00 0.00 0.00 0.00 0.00 0.00 0.00 0.00 0.00 0.00 0.00 0.00 0.00 0.00 0.00 0.00 0.00 0.00 0.00 0.00 0.00 0.00 0.00 0.00 0.00 0.00 0.00 0.00 0.00 0.00 0.00 0.00 0.00 0.00 0.00 0.00 0.00 0.00 0.00 0.00 0.00 0.00 0.00 0.00 0.00 0.00 0.00 0.00 0.00 0.00 0.00 0.00 0.00 0.00 0.00 0.00 0.00 0.00 0.00 0.00 0.00 0.00 0.00 0.00 0.00 0.00 0.00 0.00 0.00 0.00 0.00 0.00 0.00 0.00 0.00 0.00 0.00 0.00 0.00 0.00 0.00 0.00 0.00 0.00 0.00 0.00 0.00 0.00 0.00 0.00 0.00 0.00 0.00 0.00 0.00 0.00 0.00 0.00 0.00 0.00 0.00 0.00 0.00 0.00 0.00 0.00 0.00 0.00 0.00 0.00 0.00 0.00 0.00 0.00 0.00 0.00 0.00 0.00 0.00 0.00 0.00 0.00 0.00 0.00 0.00 0.00 0.00 0.00 0.00 0.00 0.00 0.00 0.00 0.00 0.00 0.00 0.00 0.00 0.00 0.00 0.00 0.00 0.00 0.00 0.00 0.00 0.00 0.00 0.00 0.00 0.00 0.00 0.00 0.00 0.00 0.00 0.00 0.00 0.00 0.00 0.00 0.00 0.00 0.00 0.00 0.00 0.00 0.00 0.00 0.00 0.00 0.00 0.00 0.00 0.00 0.00 0.00 0.00 0.00 0.00 0.00 0.00 0.00 0.00 0.00 0.00 0.00 0.00 0.00 0.00 0.00 0.00 0.00 0.00 0.00 0.00 0.00 0.00 0.00 0.00 0.00 0.00 0.00 0.00 0.00 0.00 0.00 0.00 0.00 0.00 0.00 0.00 0.00 0.00 0.00 0.00 0.00 0.00 0.00 0.00 0.00 0.00 0.00 0.00 0.00 0.00 0.00 0.00 0.00 0.00 0.00 0.00 0.00 0.00 0.00 0.00 0.00 0.00 0.00 0.00 0.00 0.00 0.00 0.00 0.00 0.00 0.00 0.00 0.00 0.00 0.00 0.00 0.00 0.00 0.00 0.00 0.00 0.00 0.00 0.00 0.00 0.00 0.00 0.00 0.00 0.00 0.00 0.00 0.00 0.00 0.00 0.00 0.00 0.00 0.00 0.00 0.00 0.00 0.00 0.00 0.00 0.00 0.00 0.00 0.00 0.00 0.00 0.00 0.00 0.00 0.00 0.00 0.00 0.00 0.00 0.00 0.00 0.00 0.00 0.00 0.00 0.00 0.00 0.00 0.00 0.00 0.00 0.00 0.00 0.00 0.00 0.00 0.00 0.00 0.00 0.00 0.00 0.00 0.00 0.00 0.00 0.00 0.00 0.00 0.00 0.00 0.00 0.00 0.00 0.00 0.00 0.00 0.00 0.00 0.00 0.00 0.00 0.00 0.00 0.00 0.00 0.00 0.00 0.00 0.00 0.00 0.00 0.00 0.00 0.00 0.00 0.00 0.00 0.00 0.00 0.00 0.00 0.00 0.00 0.00 0.00 0.00 0.00 0.00 0.00 0.00 0.00 0.00 0.00 0.00 0.00 0.00 0.00 0.00 0.00 0.00 0.00 0.00 0.00 0.00 0.00 0.00 0.00 0.00 0.00 0.00 0.00 0.00 0.00 0.00 0.00 0.00 0.00 0.00 0.00 0.00 0.00 0.00 0.00 0.00 0.00 0.00 0.00 0.00 0.00 0.00 0.00 0.00 0.00 0.00 0.00 0.00 0.00 0.00 0.00 0.00 0.00 0.00 0.00 0.00 0.00 0.00 0.00 0.00 0.00 0.00 0.00 0.00 0.00 0.00 0.00 0.00 0.00 0.00 0.00 0.00 0.00 0.00 0.00 0.00 0.00 0.00 0.00 0.00 0.00 0.00 0.00 0.00 0.00 0.00 0.00 0.00 0.00 0.00 0.00 0.00 0.00 0.00 0.00 0.00 0.00 0.00 0.00 0.00 0.00 0.00 0.00 0.00 0.00 0.00 0.00 0.00 0.00 0.00 0.00 0.00 0.00 0.00 0.00 0.00 0.00 0.00 0.00 0.00 0.00 0.00 0.00 0.00 0.00 0.00 0.00 0.00 0.00 0.00 0.00 0.00 0.00 0.00 0.00 0.00 0.00 0.00 0.00 0.00 0.00 0.00 0.00 0.00 0.00 0.00 0.00 0.00 0.00 0.00 0.00 0.00 0.00 0.00 0.00 0.00 0.00 0.00 0.00 0.00 0.00 0.00 0.00 0.00 0.00 0.00 0.00 0.00 0.00 0.00 0.00 0.00 0.00 0.00 0.00 0.00 0.00 0.00 0.00 0.00 0.00 0.00 0.00 0.00 0.00 0.00 0.00 0.00 0.00 0.00 0.00 0.00 0.00 0.00 0.00 0.00 0.00 0.00 0.00 0.00 0.00 0.00 0.00 0.00 0.00 0.00 0.00 0.00 0.00 0.00 0.00 0.00 0.00 0.00 0.00 0.00 0.00 0.00 0.00 0.00 0.00 0.00 0.00 0.00 0.00 0.00 0.00 0.00 0.00 0.00 0.00 0.00 0.00 0.00 0.00 0.00 0.00 0.00 0.00 0.00 0.00 0.00 0.00 0.00 0.00 0.00 0.00 0.00 0.00 0.00 0.00 0.00 0.00 0.00 0.00 0.00 0.00 0.00 0.00 0.00 0.00 0.00 0.00 0.00 0.00 0.00 0.00 0.00 0.00 0.00 0.00 0.00 0.00 0.00 0.00 0.00 0.00 0.00 0.00 0.00 0.00 0.00 0.00 0.00 0.00 0.00 0.00 0.00 0.00 0.00 0.00 0.00 0.00 0.00 0.00 0.00 0.00 0.00 0.00 0.00 0.00 0.00 0.00 0.00 0.00 0.00 0.00 0.00 0.00 0.00 0.00 0.00 0.00 0.00 0.00 0.00 0.00 0.00 0.00 0.00 0.00 0.00 0.00 0.00 0.00 0.00 0.00 0.00 0.00 0.00 0.00 0.00 0.00 0.00 0.00 0.00 0.00 0.00 0.00 0.00 0.00 0.00 0.00 0.00 0.00 0.00 0.00 0.00 0.00 0.00 0.00 0.00 0.00 0.00 0.00 0.00 0.00 0.00 0.00 0.00 0.00 0.00 0.00 0.00 0.00 0.00 0.00 0.00 0.00 0.00 0.00 0.00 0.00 0.00 0.00 0.00 0.00 0.00 0.00 0.00 0.00 0.00 0.00 0.00 0.00 0.00 0.00 0.00 0.00 0.00 0.00 0.00 0.00 0.00 0.00 0.00 0.00 0.00 0.00 0.00 0.00 0.00 0.00 0.00 0.00 0.00 0.00 0.00 0.00 0.00 0.00 0.00 0.00 0.00 0.00 0.00 0.00 0.00 0.00 0.00 0.00 0.00 0.00 0.00 0.00 0.00 0.00 0.00 0.00 0.00 0.00 0.00 0.00 0.00 0.00 0.00 0.00 0.00 0.00 0.00 0.00 0.00 0.00 0.00 0.00 0.00 0.00 0.00 0.00 0.00 0.00 0.00 0.00 0.00 0.00 0.00 0.00 0.00 0.00 0.00 0.00 0.00 0.00 0.00 0.00 0.00 0.00 0.00 0.00 0.00 0.00 0.00 0.00 0.00 0.00 0.00 0.00 0.00 0.00 0.00 0.00 0.00 0.00 0.00 0.00 0.00 0.00 0.00 0.00 0.00 0.00 0.00 0.00 0.00 0.00 0.00 0.00 0.00 0.00 0.00 0.00 0.00 0.00 0.00 0.00 0.00 0.00 0.00 0.00 0.00 0.00 0.00 0.00 0.00 0.00 0.00 0.00 0.00 0.00 0.00 0.00 0.00 0.00 0.00 0.00 0.00 0.00 0.00 0.00 0.00 0.00 0.00 0.00 0.00 0.00 0.00 0.00 0.00 0.00 0.00 0.00 0.00 0.00 0.00 0.00 0.00 0.00 0.00 0.00 0.00 0.00 0.00 0.00 0.00 0.00 0.00 0.00 0.00 0.00 0.00 0.00 0.00 0.00 0.00 0.00 0.00 0.00 0.00 0.00 0.00 0.00 0.00 0.00 0.00 0.00 0.00 0.00 0.00 0.00 0.00 0.00 0.00 0.00 0.00 0.00 0.00 0.00 0.00 0.00 0.00 0.00 0.00 0.00 0.00 0.00 0.00 0.00 0.00 0.00 0.00 0.00 0.00 0.00 0.00 0.00 0.00 0.00 0.00 0.00 0.00 0.00 0.00 0.00 0.00 0.00 0.00 0.00 0.00 0.00 0.00 0.00 0.00 0.00 0.00 0.00 0.00 0.00 0.00 0.00 0.00 0.00 0.00 0.00 0.00 0.00 0.00 0.00 0.00 0.00 0.00 0.00 0.00 0.00 0.00 0.00 0.00 0.00 0.00 0.00 0.00 0.00 0.00 0.00 0.00 0.00 0.00 0.00 0.00 0.00 0.00 0.00 0.00 0.00 0.00 0.00 0.00 0.00 0.00 0.00 0.00 0.00 0.00 0.00 0.00 0.00 0.00 0.00 0.00 0.00 0.00 0.00 0.00 0.00 0.00 0.00 0.00 0.00 0.00 0.00 0.00 0.00 0.00 0.00 0.00 0.00 0.00 0.00 0.00 0.00 0.00 0.00 0.00 0.00 0.00 0.00 0.00 0.00 0.00 0.00 0.00 0.00 0.00 0.00 0.00 0.00 0.00 0.00 0.00 0.00 0.00 0.00 0.00 0.00 0.00 0.00 0.00 0.00 0.00 0.00 0.00 0.00 0.00 0.00 0.00 0.00 0.00 0.00 0.00 0.00 0.00 0.00 0.00 0.00 0.00 0.00 0.00 0.00 0.00 0.00 0.00 0.00 0.00 0.00 0.00 0.00 0.00 0.00 0.00 0.00 0.00 0.00 0.00 0.00 0.00 0.00 0.00 0.00 0.00 0.00 0.00 0.00 0.00 0.00 0.00 0.00 0.00 0.00 0.00 0.00 0.00 0.00 0.00 0.00 0.00 0.00 0.00 0.00 0.00 0.00 0.00 0.00 0.00 0.00 0.00 0.00 0.00 0.00 0.00 0.00 0.00 0.00 0.00 0.00 0.00 0.00 0.00 0.00 0.00 0.00 0.00 0.00 0.00 0.00 0.00 0.00 0.00 0.00 0.00 0.00 0.00 0.00 0.00 0.00 0.00 0.00 0.00 0.00 0.00 0.00 0.00 0.00 0.00 0.00 0.00 0.00 0.00 0.00 0.00 0.00 0.00 0.00 0.00 0.00 0.00 0.00 0.00 0.00 0.00 0.00 0.00 0.00 0.00 0.00 0.00 0.00 0.00 0.00 0.00 0.00 0.00 0.00 0.00 0.00 0.00 0.00 0.00 0.00 0.00 0.00 0.00 0.00 0.00 0.00 0.00 0.00 0.00 0.00 0.00 0.00 0.00 0.00 0.00 0.00 0.00 0.00 0.00 0.00 0.00 0.00 0.00 0.00 0.00 0.00 0.00 0.00 0.00 0.00 0.00 0.00 0.00 0.00 0.00 0.00 0.00 0.00 0.00 0.00 0.00 0.00 0.00 0.00 0.00 0.00 0.00 0.00 0.00 0.00 0.00 0.00 0.00 0.00 0.00 0.00 0.00 0.00 0.00 0.00 0.00 0.00 0.00 0.00 0.00 0.00 0.00 0.00 0.00 0.00 0.00 0.00 0.00 0.00 0.00 0.00 0.00 0.00 0.00 0.00 0.00 0.00 0.00 0.00 0.00 0.00 0.00 0.00 0.00 0.00 0.00 0.00 0.00 0.00 0.00 0.00 0.00 0.00 0.00 0.00 0.00 0.00 0.00 0.00 0.00 0.00 0.00 0.00 0.00 0.00 0.00 0.00 0.00 0.00 0.00 0.00 0.00 0.00 0.00 0.00 0.00 0.00 0.00 0.00 0.00 0.00 0.00 0.00 0.00 0.00 0.00 0.00 0.00 0.00 0.00 0.00 0.00 0.00 0.00 0.00 0.00 0.00 0.00 0.00 0.00 0.00 0.00 0.00 0.00 0.00 0.00 0.00 0.00 0.00 0.00 0.00 0.00 0.00 0.00 0.00 0.00 0.00 0.00 0.00 0.00 0.00 0.00 0.00 0.00 0.00 0.00 0.00 0.00 0.00 0.00 0.00 0.00 0.00 0.00 0.00 0.00 0.00 0.00 0.00 0.00 0.00 0.00 0.00 0.00 0.00 0.00 0.00 0.00 0.00 0.00 0.00 0.00 0.00 0.00 0.00 0.00 0.00 0.00 0.00 0.00 0.00 0.00 0.00 0.00 0.00 0.00 0.00 0.00 0.00 0.00 0.00 0.00 0.00 0.00 0.00 0.00 0.00 0.00 0.00 0.00 0.00 0.00 0.00 0.00 0.00 0.00 0.00 0.00 0.00 0.00 0.00 0.00 0.00 0.00 0.00 0.00 0.00 0.00 0.00 0.00 0.00 0.00 0.00 0.00 0.00 0.00 0.00 0.00 0.00 0.00 0.00 0.00 0.00 0.00 0.00 0.00 0.00 0.00 0.00 0.00 0.00 0.00 0.00 0.00 0.00 0.00 0.00 0.00 0.00 0.00 0.00 0.00 0.00 0.00 0.00 0.00 0.00 0.00 0.00 0.00 0.00 0.00 0.00 0.00 0.00 0.00 0.00 0.00 0.00 0.00 0.00 0.00 0.00 0.00 0.00 0.00 0.00 0.00 0.00 0.00 0.00 0.00 0.00 0.00 0.00 0.00 0.00 0.00 0.00 0.00 0.00 0.00 0.00 0.00 0.00 0.00 0.00 0.00 0.00 0.00 0.00 0.00 0.00 0.00 0.00 0.00 0.00 0.00 0.00 0.00 0.00 0.00 0.00 0.00 0.00 0.00 0.00 0.00 0.00 0.00 0.00 0.00 0.00 0.00 0.00 0.00 0.00 0.00 0.00 0.00 0.00 0.00 0.00 0.00 0.00 0.00 0.00 0.00 0.00 0.00 0.00 0.00 0.00 0.00 0.00 0.00 0.00 0.00 0.00 0.00 0.00 0.00 0.00 0.00 0.00 0.00 0.00 0.00 0.00 0.00 0.00 0.00 0.00 0.00 0.00 0.00 0.00 0.00 0.00 0.00 0.00 0.00 0.00 0.00 0.00 0.00 0.00 0.00 0.00 0.00 0.00 0.00 0.00 0.00 0.00 0.00 0.00 0.00 0.00 0.00 0.00 0.00 0.00 0.00 0.00 0.00 0.00 0.00 0.00 0.00 0.00 0.00 0.00 0.00 0.00 0.00 0.00 0.00 0.00 0.00 0.00 0.00 0.00 0.00 0.00 0.00 0.00 0.00 0.00 0.00 0.00 0.00 0.00 0.00 0.00 0.00 0.00 0.00 0.00 0.00 0.00 0.00 0.00 0.00 0.00 0.00 0.00 0.00 0.00 0.00 0.00 0.00 0.00 0.00 0.00 0.00 0.00 0.00 0.00 0.00 0.00 0.00 0.00 0.00 0.00 0.00 0.00 0.00 0.00 0.00 0.00 0.00 0.00 0.00 0.00 0.00 0.00 0.00 0.00 0.00 0.00 0.00 0.00 0.00 0.00 0.00 0.00 0.00 0.00 0.00 0.00 0.00 0.00 0.00 0.00 0.00 0.00 0.00 0.00 0.00 0.00 0.00 0.00 0.00 0.00 0.00 0.00 0.00 0.00 0.00 0.00 0.00 0.00 0.00 0.00 0.00 0.00 0.00 0.00 0.00 0.00 0.00 0.00 0.00 0.00 0.00 0.00 0.00 0.00 0.00 0.00 0.00 0.00 0.00 0.00 0.00 0.00 0.00 0.00 0.00 0.00 0.00 0.00 0.00 0.00 0.00 0.00 0.00 0.00 0.00 0.00 0.00 0.00 0.00 0.00 0.00 0.00 0.00 0.00 0.00 0.00 0.00 0.00 0.00 0.00 0.00 0.00 0.00 0.00 0.00 0.00 0.00 0.00 0.00 0.00 0.00 0.00 0.00 0.00 0.00 0.00 0.00 0.00 0.00 0.00 0.00 0.00 0.00 0.00 0.00 0.00 0.00 0.00 0.00 0.00 0.00 0.00 0.00 0.00 0.00 0.00 0.00 0.00 0.00 0.00 0.00 0.00 0.00 0.00 0.00 0.00 0.00 0.00 0.00 0.00 0.00 0.00 0.00 0.00 0.00 0.00 0.00 0.00 0.00 0.00 0.00 0.00 0.00 0.00 0.00 0.00 0.00 0.00 0.00 0.00 0.00 0.00 0.00 0.00 0.00 0.00 0.00 0.00 0.00 0.00 0.00 0.00 0.00 0.00 0.00 0.00 0.00 0.00 0.00 0.00 0.00 0.00 0.00 0.00 0.00 0.00 0.00 0.00 0.00 0.00 0.00 0.00 0.00 0.00 0.00 0.00 0.00 0.00 0.00 0.00 0.00 0.00 0.00 0.00 0.00 0.00 0.00 0.00 0.00 0.00 0.00 0.00 0.00 0.00 0.00 0.00 0.00 0.00 0.00 0.00 0.00 0.00 0.00 0.00 0.00 0.00 0.00 0.00 0.00 0.00 0.00 0.00 0.00 0.00 0.00 0.00 0.00 0.00 0.00 0.00 0.00 0.00 0.00 0.00 0.00 0.00 0.00 0.00 0.00 0.00 0.00 0.00 0.00 0.00 0.00 0.00 0.00 0.00 0.00 0.00 0.00 0.00 0.00 0.00 0.00 0.00 0.00 0.00 0.00 0.00 0.00 0.00 0.00 0.00 0.00 0.00 0.00 0.00 0.00 0.00 0.00 0.00 0.00 0.00 0.00 0.00 0.00 0.00 0.00 0.00 0.00 0.00 0.00 0.00 0.00 0.00 0.00 0.00 0.00 0.00 0.00 0.00 0.00 0.00 0.00 0.00 0.00 0.00 0.00 0.00 0.00 0.00 0.00 0.00 0.00 0.00 0.00 0.00 0.00 0.00 0.00 0.00 0.00 0.00 0.00 0.00 0.00 0.00 0.00 0.00 0.00 0.00 0.00 0.00 0.00 0.00 0.00 0.00 0.00 0.00 0.00 0.00 0.00 0.00 0.00 0.00 0.00 0.00 0.00 0.00 0.00 0.00 0.00 0.00 0.00 0.00 0.00 0.00 0.00 0.00 0.00 0.00 0.00 0.00 0.00 0.00 0.00 0.00 0.00 0.00 0.00 0.00 0.00 0.00 0.00 0.00 0.00 0.00 0.00 0.00 0.00 0.00 0.00 0.00 0.00 0.00 0.00 0.00 0.00 0.00 0.00 0.00 0.00 0.00 0.00 0.00 0.00 0.00 0.00 0.00 0.00 0.00 0.00 0.00 0.00 0.00 0.00 0.00 0.00 0.00 0.00 0.00 0.00 0.00 0.00 0.00 0.00 0.00 0.00 0.00 0.00 0.00 0.00 0.00 0.00 0.00 0.00 0.00 0.00 0.00 0.00 0.00 0.00 0.00 0.00 0.00 0.00 0.00 0.00 0.00 0.00 0.00 0.00 0.00 0.00 0.00 0.00 0.00 0.00 0.00 0.00 0.00 0.00 0.00 0.00 0.00 0.00 0.00 0.00 0.00 0.00 0.00 0.00 0.00 0.00 0.00 0.00 0.00 0.00 0.00 0.00 0.00 0.00 0.00 0.00 0.00 0.00 0.00 0.00 0.00 0.00 0.00 0.00 0.00 0.00 0.00 0.00 0.00 0.00 0.00 0.00 0.00 0.00 0.00 0.00 0.00 0.00 0.00 0.00 0.00 0.00 0.00 0.00 0.00 0.00 0.00 0.00 0.00 0.00 0.00 0.00 0.00 0.00 0.00 0.00 0.00 0.00 0.00 0.00 0.00 0.00 0.00 0.00 0.00 0.00 0.00 0.00 0.00 0.00 0.00 0.00 0.00 0.00 0.00 0.00 0.00 0.00 0.00 0.00 0.00 0.00 0.00 0.00 0.00 0.00 0.00 0.00 0.00 0.00 0.00 0.00 0.00 0.00 0.00 0.00 0.00 0.00 0.00 0.00 0.00 0.00 0.00 0.00 0.00 0.00 0.00 0.00 0.00 0.00 0.00 0.00 0.00 0.00 0.00 0.00 0.00 0.00 0.00 0.00 0.00 0.00 0.00 0.00 0.00 0.00 0.00 0.00 0.00 0.00 0.00 0.00 0.00 0.00 0.00 0.00 0.00 0.00 0.00 0.00 0.00 0.00 0.00 0.00 0.00 0.00 0.00 0.00 0.00 0.00 0.00 0.00 0.00 0.00 0.00 0.00 0.00 0.00 0.00 0.00 0.00 0.00 0.00 0.00 0.00 0.00 0.00 0.00 0.00 0.00 0.00 0.00 0.00 0.00 0.00 0.00 0.00 0.00 0.00 0.00 0.00 0.00 0.00 0.00 0.00 0.00 0.00 0.00 0.00 0.00 0.00 0.00 0.00 0.00 0.00 0.00 0.00 0.00 0.00 0.00 0.00 0.00 0.00 0.00 0.00 0.00 0.00 0.00 0.00 0.00 0.00 0.00 0.00 0.00 0.00 0.00 0.00 0.00 0.00 0.00 0.00 0.00 0.00 0.00 0.00 0.00 0.00 0.00 0.00 0.00 0.00 0.00 0.00 0.00 0.00 0.00 0.00 0.00 0.00 0.00 0.00 0.00 0.00 0.00 0.00 0.00 0.00 0.00 0.00 0.00 0.00 0.00 0.00 0.00 0.00 0.00 0.00 0.00 0.00 0.00 0.00 0.00 0.00 0.00 0.00 0.00 0.00 0.00 0.00 0.00 0.00 0.00 0.00 0.00 0.00 0.00 0.00 0.00 0.00 0.00 0.00 0.00 0.00 0.00 0.00 0.00 0.00 0.00 0.00 0.00 0.00 0.00 0.00 0.00 0.00 0.00 0.00 0.00 0.00 0.00 0.00 0.00 0.00 0.00 0.00 0.00 0.00 0.00 0.00 0.00 0.00 0.00 0.00 0.00 0.00 0.00 0.00 0.00 0.00 0.00 0.00 0.00 0.00 0.00 0.00 0.00 0.00 0.00 0.00 0.00 0.00 0.00 0.00 0.00 0.00 0.00 0.00 0.00 0.00 0.00 0.00 0.00 0.00 0.00 0.00 0.00 0.00 0.00 0.00 0.00 0.00 0.00 0.00 0.00 0.00 0.00 0.00 0.00 0.00 0.00 0.00 0.00 0.00 0.00 0.00 0.00 0.00 0.00 0.00 0.00 0.00 0.00 0.00 0.00 0.00 0.00 0.00 0.00 0.00 0.00 0.00 0.00 0.00 0.00 0.00 0.00 0.00 0.00 0.00 0.00 0.00 0.00 0.00 0.00 0.00 0.00 0.00 0.00 0.00 0.00 0.00 0.00 0.00 0.00 0.00 0.00 0.00 0.00 0.00 0.00 0.00 0.00 0.00 0.00 0.00 0.00 0.00 0.00 0.00 0.00 0.00 0.00 0.00 0.00 0.00 0.00 0.00 0.00 0.00 0.00 0.00 0.00 0.00 0.00 0.00 0.00 0.00 0.00 0.00 0.00 0.00 0.00 0.00 0.00 0.00 0.00 0.00 0.00 0.00 0.00 0.00 0.00 0.00 0.00 0.00 0.00 0.00 0.00 0.00 0.00 0.00 0.00 0.00 0.00 0.00 0.00 0.00 0.00 0.00 0.00 0.00 0.00 0.00 0.00 0.00 0.00 0.00 0.00 0.00 0.00 0.00 0.00 0.00 0.00 0.00 0.00 0.00 0.00 0.00 0.00 0.00 0.00 0.00 0.00 0.00 0.00 0.00 0.00 0.00 0.00 0.00 0.00 0.00 0.00 0.00 0.00 0.00 0.00 0.00 0.00 0.00 0.00 0.00 0.00 0.00 0.00 0.00 0.00 0.00 0.00 0.00 0.00 0.00 0.00 0.00 0.00 0.00 0.00 0.00 0.00 0.00 0.00 0.00 0.00 0.00 0.00 0.00 0.00 0.00 0.00 0.00 0.00 0.00 0.00 0.00 0.00 0.00 0.00 0.00 0.00 0.00 0.00 0.00 0.00 0.00 0.00 0.00 0.00 0.00 0.00 0.00 0.00 0.00 0.00 0.00 0.00 0.00 0.00 0.00 0.00 0.00 0.00 0.00 0.00 0.00 0.00 0.00 0.00 0.00 0.00 0.00 0.00 0.00 0.00 0.00 0.00 0.00 0.00 0.00 0.00 0.00 0.00 0.00 0.00 0.00 0.00 0.00 0.00 0.00 0.00 0.00 0.00 0.00 0.00 0.00 0.00 0.00 0.00 0.00 0.00 0.00 0.00 0.00 0.00 0.00 0.00 0.00 0.00 0.00 0.00 0.00 0.00 0.00 0.00 0.00 0.00 0.00 0.00 0.00 0.00 0.00 0.00 0.00 0.00 0.00 0.00 0.00 0.00 0.00 0.00 0.00 0.00 0.00 0.00 0.00 0.00 0.00 0.00 0.00 0.00 0.00 0.00 0.00 0.00 0.00 0.00 0.00 0.00 0.00 0.00 0.00 0.00 0.00 0.00 0.00 0.00 0.00 0.00 0.00 0.00 0.00 0.00 0.00 0.00 0.00 0.00 0.00 0.00 0.00 0.00 0.00 0.00 0.00 0.00 0.00 0.00 0.00 0.00 0.00 0.00 0.00 0.00 0.00 0.00 0.00 0.00 0.00 0.00 0.00 0.00 0.00 0.00 0.00 0.00 0.00 0.00 0.00 0.00 0.00 0.00 0.00 0.00 0.00 0.00 0.00 0.00 0.00 0.00 0.00 0.00 0.00 0.00 0.00 0.00 0.00 0.00 0.00 0.00 0.00 0.00 0.00 0.00 0.00 0.00 0.00 0.00 0.00 0.00 0.00 0.00 0.00 0.00 0.00 0.00 0.00 0.00 0.00 0.00 0.00 0.00 0.00 0.00 0.00 0.00 0.00 0.00 0.00 0.00 0.00 0.00 0.00 0.00 0.00 0.00 0.00 0.00 0.00 0.00 0.00 0.00 0.00 0.00 0.00 0.00 0.00 0.00 0.00 0.00 0.00 0.00 0.00 0.00 0.00 0.00 0.00 0.00 0.00 0.00 0.00 0.00 0.00 0.00 0.00 0.00 0.00 0.00 0.00 0.00 0.00 0.00 0.00 0.00 0.00 0.00 0.00 0.00 0.00 0.00 0.00 0.00 0.00 0.00 0.00 0.00 0.00 0.00 0.00 0.00 0.00 0.00 0.00 0.00 0.00 0.00 0.00 0.00 0.00 0.00 0.00 0.00 0.00 0.00 0.00 0.00 0.00 0.00 0.00 0.00 0.00 0.00 0.00 0.00 0.00 0.00 0.00 0.00 0.00 0.00 0.00 0.00 0.00 0.00 0.00 0.00 0.00 0.00 0.00 0.00 0.00 0.00 0.00 0.00 0.00 0.00 0.00 0.00 0.00 0.00 0.00 0.00 0.00 0.00 0.00 0.00 0.00 0.00 0.00 0.00 0.00 0.00 0.00 0.00 0.00 0.00 0.00 0.00 0.00 0.00 0.00 0.00 0.00 0.00 0.00 0.00 0.00 0.00 0.00 0.00 0.00 0.00 0.00 0.00 0.00 0.00 0.00 0.00 0.00 0.00 0.00 0.00 0.00 0.00 0.00 0.00 0.00 0.00 0.00 0.00 0.00 0.00 0.00 0.00 0.00 0.00 0.00 0.00 0.00 0.00 0.00 0.00 0.00 0.00 0.00 0.00 0.00 0.00 0.00 0.00 0.00 0.00 0.00 0.00 0.00 0.00 0.00 0.00 0.00 0.00 0.00 0.00 0.00 0.00 0.00 0.00 0.00 0.00 0.00 0.00 0.00 0.00 0.00 0.00 0.00 0.00 0.00 0.00 0.00 0.00 0.00 0.00 0.00 0.00 0.00 0.00 0.00 0.00 0.00 0.00 0.00 0.00 0.00 0.00 0.00 0.00 0.00 0.00 0.00 0.00 0.00 0.00 0.00 0.00 0.00 0.00 0.00 0.00 0.00 0.00 0.00 0.00 0.00 0.00 0.00 0.00 0.00 0.00 0.00 0.00 0.00 0.00 0.00 0.00 0.00 0.00 0.00 0.00 0.00 0.00 0.00 0.00 0.00 0.00 0.00 0.00 0.00 0.00 0.00 0.00 0.00 0.00 0.00 0.00 0.00 0.00 0.00 0.00 0.00 0.00 0.00 0.00 0.00 0.00 0.00 0.00 0.00 0.00 0.00 0.00 0.00 0.00 0.00 0.00 0.00 0.00 0.00 0.00 0.00 0.00 0.00 0.00 0.00 0.00 0.00 0.00 0.00 0.00 0.00 0.00 0.00 0.00 0.00 0.00 0.00 0.00 0.00 0.00 0.00 0.00 0.00 0.00 0.00 0.00 0.00 0.00 0.00 0.00 0.00 0.00 0.00 0.00 0.00 0.00 0.00 0.00 0.00 0.00 0.00 0.00 0.00 0.00 0.00 0.00 0.00 0.00 0.00 0.00 0.00 0.00 0.00 0.00 0.00 0.00 0.00 0.00 0.00 0.00 0.00 0.00 0.00 0.00 0.00 0.00 0.00 0.00 0.00 0.00 0.00 0.00 0.00 0.00 0.00 0.00 0.00 0.00 0.00 0.00 0.00 0.00 0.00 0.00 0.00 0.00 0.00 0.00 0.00 0.00 0.00 0.00 0.00 0.00 0.00 0.00 0.00 0.00 0.00 0.00 0.00 0.00 0.00 0.00 0.00 0.00 0.00 0.00 0.00 0.00 0.00 0.00 0.00 0.00 0.00 0.00 0.00 0.00 0.00 0.00 0.00 0.00 0.00 0.00 0.00 0.00 0.00 0.00 0.00 0.00 0.00 0.00 0.00 0.00 0.00 0.00 0.00 0.00 0.00 0.00 0.00 0.00 0.00 0.00 0.00 0.00 0.00 0.00 0.00 0.00 0.00 0.00 0.00 0.00 0.00 0.00 0.00 0.00 0.00 0.00 0.00 0.00 0.00 0.00 0.00 0.00 0.00 0.00 0.00 0.00 0.00 0.00 0.00 0.00 0.00 0.00 0.00 0.00 0.00 0.00 0.00 0.00 0.00 0.00 0.00 0.00 0.00 0.00 0.00 0.00 0.00 0.00 0.00 0.00 0.00 0.00 0.00 0.00 0.00 0.00 0.00 0.00 0.00 0.00 0.00 0.00 0.00 0.00 0.00 0.00 0.00 0.00 0.00 0.00 0.00 0.00 0.00 0.00 0.00 0.00 0.00 0.00 0.00 0.00 0.00 0.00 0.00 0.00 0.00 0.00 0.00 0.00 0.00 0.00 0.00 0.00 0.00 0.00 0.00 0.00 0.00 0.00 0.00 0.00 0.00 0.00 0.00 0.00 0.00 0.00 0.00 0.00 0.00 0.00 0.00 0.00 0.00 0.00 0.00 0.00 0.00 0.00 0.00 0.00 0.00 0.00 0.00 0.00 0.00 0.00 0.00 0.00 0.00 0.00 0.00 0.00 0.00 0.00 0.00 0.00 0.00 0.00 0.00 0.00 0.00 0.00 0.00 0.00 0.00 0.00 0.00 0.00 0.00 0.00 0.00 0.00 0.00 0.00 0.00 0.00 0.00 0.00 0.00 0.00 0.00 0.00 0.00 0.00 0.00 0.00 0.00 0.00 0.00 0.00 0.00 0.00 0.00 0.00 0.00 0.00 0.00 0.00 0.00 0.00 0.00 0.00 0.00 0.00 0.00 0.00 0.00 0.00 0.00 0.00 0.00 0.00 0.00 0.00 0.00 0.00 0.00 0.00 0.00 0.00 0.00 0.00 0.00 0.00 0.00 0.00 0.00 0.00 0.00 0.00 0.00 0.00 0.00 0.00 0.00 0.00 0.00 0.00 0.00 0.00 0.00 0.00 0.00 0.00 0.00 0.00 0.00 0.00 0.00 0.00 0.00 0.00 0.00 0.00 0.00 0.00 0.00 0.00 0.00 0.00 0.00 0.00 0.00 0.00 0.00 0.00 0.00 0.00 0.00 0.00 0.00 0.00 0.00 0.00 0.00 0.00 0.00 0.00 0.00 0.00 0.00 0.00 0.00 0.00 0.00 0.00 0.00 0.00 0.00 0.00 0.00 0.00 0.00 0.00 0.00 0.00 0.00 0.00 0.00 0.00 0.00 0.00 0.00 0.00 0.00 0.00 0.00 0.00 0.00 0.00 0.00 0.00 0.00 0.00 0.00 0.00 0.00 0.00 0.00 0.00 0.00 0.00 0.00 0.00 0.00 0.00 0.00 0.00 0.00 0.00 0.00 0.00 0.00 0.00 0.00 0.00 0.00 0.00 0.00 0.00 0.00 0.00 0.00 0.00 0.00 0.00 0.00 0.00 0.00 0.00 0.00 0.00 0.00 0.00 0.00 0.00 0.00 0.00 0.00 0.00 0.00 0.00 0.00 0.00 0.00 0.00 0.00 0.00 0.00 0.00 0.00 0.00 0.00 0.00 0.00 0.00 0.00 0.00 0.00 0.00 0.00 0.00 0.00 0.00 0.00 0.00 0.00 0.00 0.00 0.00 0.00 0.00 0.00 0.00 0.00 0.00 0.00 0.00 0.00 0.00 0.00 0.00 0.00 0.00 0.00 0.00 0.00 0.00 0.00 0.00 0.00 0.00 0.00 0.00 0.00 0.00 0.00 0.00 0.00 0.00 0.00 0.00 0.00 0.00 0.00 0.00 0.00 0.00 0.00 0.00 0.00 0.00 0.00 0.00 0.00 0.00 0.00 0.00 0.00 0.00 0.00 0.00 0.00 0.00 0.00 0.00 0.00 0.00 0.00 0.00 0.00 0.00 0.00 0.00 0.00 0.00 0.00 0.00 0.00 0.00 0.00 0.00 0.00 0.00 0.00 0.00 0.00 0.00 0.00 0.00 0.00 0.00 0.00 0.00 0.00 0.00 0.00 0.00 0.00 0.00 0.00 0.00 0.00 0.00 0.00 0.00 0.00 0.00 0.00 0.00 0.00 0.00 0.00 0.00 0.00 0.00 0.00 0.00 0.00 0.00 0.00 0.00 0.00 0.00 0.00 0.00 0.00 0.00 0.00 0.00 0.00 0.00 0.00 0.00 0.00 0.00 0.00 0.00 0.00 0.00 0.00 0.00 0.00 0.00 0.00 0.00 0.00 0.00 0.00 0.00 0.00 0.00 0.00 0.00 0.00 0.00 0.00 0.00 0.00 0.00 0.00 0.00 0.00 0.00 0.00 0.00 0.00 0.00 0.00 0.00 0.00 0.00 0.00 0.00 0.00 0.00 0.00 0.00 0.00 0.00 0.00 0.00 0.00 0.00 0.00 0.00 0.00 0.00 0.00 0.00 0.00 0.00 0.00 0.00 0.00 0.00 0.00 0.00 0.00 0.00 0.00 0.00 0.00 0.00 0.00 0.00 0.00 0.00 0.00 0.00 0.00 0.00 0.00 0.00 0.00 0.00 0.00 0.00 0.00 0.00 0.00 0.00 0.00 0.00 0.00 0.00 0.00 0.00 0.00 0.00 0.00 0.00 0.00 0.00 0.00 0.00 0.00 0.00 0.00 0.00 0.00 0.00 0.00 0.00 0.00 0.00 0.00 0.00 0.00 0.00 0.00 0.00 0.00 0.00 0.00 0.00 0.00 0.00 0.00 0.00 0.00 0.00 0.00 0.00 0.00 0.00 0.00 0.00 0.00 0.00 0.00 0.00 0.00 0.00 0.00 0.00 0.00 0.00 0.00 0.00 0.00 0.00 0.00 0.00 0.00 0.00 0.00 0.00 0.00 0.00 0.00 0.00 0.00 0.00 0.00 0.00 0.00 0.00 0.00 0.00 0.00 0.00 0.00 0.00 0.00 0.00 0.00 0.00 0.00 0.00 0.00 0.00 0.00 0.00 0.00 0.00 0.00 0.00 0.00 0.00 0.00 0.00 0.00 0.00 0.00 0.00 0.00 0.00 0.00 0.00 0.00 0.00 0.00 0.00 0.00 0.00 0.00 0.00 0.00 0.00 0.00 0.00 0.00 0.00 0.00 0.00 0.00 0.00 0.00 0.00 0.00 0.00 0.00 0.00 0.00 0.00 0.00 0.00 0.00 0.00 0.00 0.00 0.00 0.00 0.00 0.00 0.00 0.00 0.00 0.00 0.00 0.00 0.00 0.00 0.00 0.00 0.00 0.00 0.00 0.00 0.00 0.00 0.00 0.00 0.00 0.00 0.00 0.00 0.00 0.00 0.00 0.00 0.00 0.00 0.00 0.00 0.00 0.00 0.00 0.00 0.00 0.00 0.00 0.00 0.00 0.00 0.00 0.00 0.00 0.00 0.00 0.00 0.00 0.00 0.00 0.00 0.00 0.00 0.00 0.00 0.00 0.00 0.00 0.00 0.00 0.00 0.00 0.00 0.00 0.00 0.00 0.00 0.00 0.00 0.00 0.00 0.00 0.00 0.00 0.00 0.00 0.00 0.00 0.00 0.00 0.00 0.00 0.00 0.00 0.00 0.00 0.00 0.00 0.00 0.00 0.00 0.00 0.00 0.00 0.00 0.00 0.00 0.00 0.00 0.00 0.00 0.00 0.00 0.00 0.00 0.00 0.00 0.00 0.00 0.00 0.00 0.00 0.00 0.00 0.00 0.00 0.00 0.00 0.00 0.00 0.00 0.00 0.00 0.00 0.00 0.00 0.00 0.00 0.00 0.00 0.00 0.00 0.00 0.00 0.00 0.00 0.00 0.00 0.00 0.00 0.00 0.00 0.00 0.00 0.00 0.00 0.00 0.00 0.00 0.00 0.00 0.00 0.00 0.00 0.00 0.00 0.00 0.00 0.00 0.00 0.00 0.00 0.00 0.00 0.00 0.00 0.00 0.00 0.00 0.00 0.00 0.00 0.00 0.00 0.00 0.00 0.00 0.00 0.00 0.00 0.00 0.00 0.00 0.00 0.00 0.00 0.00 0.00 0.00 0.00 0.00 0.00 0.00 0.00 0.00 0.00 0.00 0.00 0.00 0.00 0.00 0.00 0.00 0.00 0.00 0.00 0.00 0.00 0.00 0.00 0.00 0.00 0.00 0.00 0.00 0.00 0.00 0.00 0.00 0.00 0.00 0.00 0.00 0.00 0.00 0.00 0.00 0.00 0.00 0.00 0.00 0.00 0.00 0.00 0.00 0.00 0.00 0.00 0.00 0.00 0.00 0.00 0.00 0.00 0.00 0.00 0.00 0.00 0.00 0.00 0.00 0.00 0.00 0.00 0.00 0.00 0.00 0.00 0.00 0.00 0.00 0.00 0.00 0.00 0.00 0.00 0.00 0.00 0.00 0.00 0.00 0.00 0.00 0.00 0.00 0.00 0.00 0.00 0.00 0.00 0.00 0.00 0.00 0.00 0.00 0.00 0.00 0.00 0.00 0.00 0.00 0.00 0.00 0.00 0.00 0.00 0.00 0.00 0.00 0.00 0.00 0.00 0.00 0.00 0.00 0.00 0.00 0.00 0.00 0.00 0.00 0.00 0.00 0.00 0.00 0.00 0.00 0.00 0.00 0.00 0.00 0.00 0.00 0.00 0.00 0.00 0.00 0.00 0.00 0.00 0.00 0.00 0.00 0.00 0.00 0.00 0.00 0.00 0.00 0.00 0.00 0.00 0.00 0.00 0.00 0.00 0.00 0.00 0.00 0.00 0.00 0.00 0.00 0.00 0.00 0.00 0.00 0.00 0.00 0.00 0.00 0.00 0.00 0.00 0.00 0.00 0.00 0.00 0.00 0.00 0.00 0.00 0.00 0.00 0.00 0.00 0.00 0.00 0.00 0.00 0.00 0.00 0.00 0.00 0.00 0.00 0.00 0.00 0.00 0.00 0.00 0.00 0.00 0.00 0.00 0.00 0.00 0.00 0.00 0.00 0.00 0.00 0.00 0.00 0.00 0.00 0.00 0.00 0.00 0.00 0.00 0.00 0.00 0.00 0.00 0.00 0.00 0.00 0.00 0.00 0.00 0.00 0.00 0.00 0.00 0.00 0.00 0.00 0.00 0.00 0.00 0.00 0.00 0.00 0.00 0.00 0.00 0.00 0.00 0.00 0.00 0.00 0.00 0.00 0.00 0.00 0.00 0.00 0.00 0.00 0.00 0.00 0.00 0.00 0.00 0.00 0.00 0.00 0.00 0.00 0.00 0.00 0.00 0.00 0.00 0.00 0.00 0.00 0.00 0.00 0.00 0.00 0.00 0.00 0.00 0.00 0.00 0.00 0.00 0.00 0.00 0.00 0.00 0.00 0.00 0.00 0.00 0.00 0.00 0.00 0.00 0.00 0.00 0.00 0.00 0.00 0.00 0.00 0.00 0.00 0.00 0.00 0.00 0.00 0.00 0.00 0.00 0.00 0.00 0.00 0.00 0.00 0.00 0.00 0.00 0.00 0.00 0.00 0.00 0.00 0.00 0.00 0.00 0.00 0.00 0.00 0.00 0.00 0.00 0.00 0.00 0.00 0.00 0.00 0.00 0.00 0.00 0.00 0.00 0.00 0.00 0.00 0.00 0.00 0.00 0.00 0.00 0.00 0.00 0.00 0.00 0.00 0.00 0.00 0.00 0.00 0.00 0.00 0.00 0.00 0.00 0.00 0.00 0.00 0.00 0.00 0.00 0.00 0.00 0.00 0.00 0.00 0.00 0.00 0.00 0.00 0.00 0.00 0.00 0.00 0.00 0.00 0.00 0.00 0.00 0.00 0.00 0.00 0.00 0.00 0.00 0.00 0.00 0.00 0.00 0.00 0.00 0.00 0.00 0.00 0.00 0.00 0.00 0.00 0.00 0.00 0.00 0.00 0.00 0.00 0.00 0.00 0.00 0.00 0.00 0.00 0.00 0.00 0.00 0.00 0.00 0.00 0.00 0.00 0.00 0.00 0.00 0.00 0.00 0.00 0.00 0.00 0.00 0.00 0.00 0.00 0.00 0.00 0.00 0.00 0.00 0.00 0.00 0.00 0.00 0.00 0.00 0.00 0.00 0.00 0.00 0.00 0.00 0.00 0.00 0.00 0.00 0.00 0.00 0.00 0.00 0.00 0.00 0.00 0.00 0.00 0.00 0.00 0.00 0.00 0.00 0.00 0.00 0.00 0.00 0.00 0.00 0.00 0.00 0.00 0.00 0.00 0.00 0.00 0.00 0.00 0.00 0.00 0.00 0.00 0.00 0.00 0.00 0.00 0.00 0.00 0.00 0.00 0.00 0.00 0.00 0.00 0.00 0.00 0.00 0.00 0.00 0.00 0.00 0.00 0.00 0.00 0.00 0.00 0.00 0.00 0.00 0.00 0.00 0.00 0.00 0.00 0.00 0.00 0.00 0.00 0.00 0.00 0.00 0.00 0.00 0.00 0.00 0.00 0.00 0.00 0.00 0.00 0.00 0.00 0.00 0.00 0.00 0.00 0.00 0.00 0.00 0.00 0.00 0.00 0.00 0.00 0.00 0.00 0.00 0.00 0.00 0.00 0.00 0.00 0.00 0.00 0.00 0.00 0.00 0.00 0.00 0.00 0.00 0.00 0.00 0.00 0.00 0.00 0.00 0.00 0.00 0.00 0.00 0.00 0.00 0.00 0.00 0.00 0.00 0.00 0.00 0.00 0.00 0.00 0.00 0.00 0.00 0.00 0.00 0.00 0.00 0.00 0.00 0.00 0.00 0.00 0.00 0.00 0.00 0.00 0.00 0.00 0.00 0.00 0.00 0.00 0.00 0.00 0.00 0.00 0.00 0.00 0.00 0.00 0.00 0.00 0.00 0.00 0.00 0.00 0.00 0.00 0.00 0.00 0.00 0.00 0.00 0.00 0.00 0.00 0.00 0.00 0.00 0.00 0.00 0.00 0.00 0.00 0.00 0.00 0.00 0.00 0.00 0.00 0.00 0.00 0.00 0.00 0.00 0.00 0.00 0.00 0.00 0.00 0.00 0.00 0.00 0.00 0.00 0.00 0.00 0.00 0.00 0.00 0.00 0.00 0.00 0.00 0.00 0.00 0.00 0.00 0.00 0.00 0.00 0.00 0.00 0.00 0.00 0.00 0.00 0.00 0.00 0.00 0.00 0.00 0.00 0.00 0.00 0.00 0.00 0.00 0.00 0.00 0.00 0.00 0.00 0.00 0.00 0.00 0.00 0.00 0.00 0.00 0.00 0.00 0.00 0.00 0.00 0.00 0.00 0.00 0.00 0.00 0.00 0.00 0.00 0.00 0.00 0.00 0.00 0.00 0.00 0.00 0.00 0.00 0.00 0.00 0.00 0.00 0.00 0.00 0.00 0.00 0.00 0.00 0.00 0.00 0.00 0.00 0.00 0.00 0.00 0.00 0.00 0.00 0.00 0.00 0.00 0.00 0.00 0.00 0.00 0.00 0.00 0.00 0.00 0.00 0.00 0.00 0.00 0.00 0.00 0.00 0.00 0.00 0.00 0.00 0.00 0.00 0.00 0.00 0.00 0.00 0.00 0.00 0.00 0.00 0.00 0.00 0.00 0.00 0.00 0.00 0.00 0.00 0.00 0.00 0.00 0.00 0.00 0.00 0.00 0.00 0.00 0.00 0.00 0.00 0.00 0.00 0.00 0.00 0.00 0.00 0.00 0.00 0.00 0.00 0.00 0.00 0.00 0.00 0.00 0.00 0.00 0.00 0.00 0.00 0.00 0.00 0.00 0.00 0.00 0.00 0.00 0.00 0.00 0.00 0.00 0.00 0.00 0.00 0.00 0.00 0.00 0.00 0.00 0.00 0.00 0.00 0.00 0.00 0.00 0.00 0.00 0.00 0.00 0.00 0.00 0.00 0.00 0.00 0.00 0.00 0.00 0.00 0.00 0.00 0.00 0.00 0.00 0.00 0.00 0.00 0.00 0.00 0.00 0.00 0.00 0.00 0.00 0.00 0.00 0.00 0.00 0.00 0.00 0.00 0.00 0.00 0.00 0.00 0.00 0.00 0.00 0.00 0.00 0.00 0.00 0.00 0.00 0.00 0.00 0.00 0.00 0.00 0.00 0.00 0.00 0.00 0.00 0.00 0.00 0.00 0.00 0.00 0.00 0.00 0.00 0.00 0.00 0.00 0.00 0.00 0.00 0.00 0.00 0.00 0.00 0.00 0.00 0.00 0.00 0.00 0.00 0.00 0.00 0.00 0.00 0.00 0.00 0.00 0.00 0.00 0.00 0.00 0.00 0.00 0.00 0.00 0.00 0.00 0.00 0.00 0.00 0.00 0.00 0.00 0.00 0.00 0.00 0.00 0.00 0.00 0.00 0.00 0.00 0.00 0.00 0.00 0.00 0.00 0.00 0.00 0.00 0.00 0.00 0.00 0.00 0.00 0.00 0.00 0.00 0.00 0.00 0.00 0.00 0.00 0.00 0.00 0.00 0.00 0.00 0.00 0.00 0.00 0.00 0.00 0.00 0.00 0.00 0.00 0.00 0.00 0.00 0.00 0.00 0.00 0.00 0.00 0.00 0.00 0.00 0.00 0.00 0.00 0.00 0.00 0.00 0.00 0.00 0.00 0.00 0.00 0.00 0.00 0.00 0.00 0.00 0.00 0.00 0.00 0.00 0.00 0.00 0.00 0.00 0.00 0.00 0.00 0.00 0.00 0.00 0.00 0.00 0.00 0.00 0.00 0.00 0.00 0.00 0.00 0.00 0.00 0.00 0.00 0.00 0.00 0.00 0.00 0.00 0.00 0.00 0.00 0.00 0.00 0.00 0.00 0.00 0.00 0.00 0.00 0.00 0.00 0.00 0.00 0.00 0.00 0.00 0.00 0.00 0.00 0.00 0.00 0.00 0.00 0.00 0.00 0.00 0.00 0.00 0.00 0.00 0.00 0.00 0.00 0.00 0.00 0.00 0.00 0.00 0.00 0.00 0.00 0.00 0.00 0.00 0.00 0.00 0.00 0.00 0.00 0.00 0.00 0.00 0.00 0.00 0.00 0.00 0.00 0.00 0.00 0.00 0.00 0.00 0.00 0.00 0.00 0.00 0.00 0.00 0.00 0.00 0.00 0.00 0.00 0.00 0.00 0.00 0.00 0.00 0.00 0.00 0.00 0.00 0.00 0.00 0.00 0.00 0.00 0.00 0.00 0.00 0.00 0.00 0.00 0.00 0.00 0.00 0.00 0.00 0.00 0.00 0.00 0.00 0.00 0.00 0.00 0.00 0.00 0.00 0.00 0.00 0.00 0.00 0.00 0.00 0.00 0.00 0.00 0.00 0.00 0.00 0.00 0.00 0.00 0.00 0.00 0.00 0.00 0.00 0.00 0.00 0.00 0.00 0.00 0.00 0.00 0.00 0.00 0.00 0.00 0.00 0.00 0.00 0.00 0.00 0.00 0.00 0.00 0.00 0.00 0.00 0.00 0.00 0.00 0.00 0.00 0.00 0.00 0.00 0.00 0.00 0.00 0.00 0.00 0.00 0.00 0.00 0.00 0.00 0.00 0.00 0.00 0.00 0.00 0.00 0.00 0.00 0.00 0.00 0.00 0.00 0.00 0.00 0.00 0.00 0.00 0.00 0.00 0.00 0.00 0.00 0.00 0.00 0.00 0.00 0.00 0.00 0.00 0.00 0.00 0.00 0.00 0.00 0.00 0.00 0.00 0.00 0.00 0.00 0.00 0.00 0.00 0.00 0.00 0.00 0.00 0.00 0.00 0.00 0.00 0.00 0.00 0.00 0.00 0.00 0.00 0.00 0.00 0.00 0.00 0.00 0.00 0.00 0.00 0.00 0.00 0.00 0.00 0.00 0.00 0.00 0.00 0.00 0.00 0.00 0.00 0.00 0.00 0.00 0.00 0.00 0.00 0.00 0.00 0.00 0.00 0.00 0.00 0.00 0.00 0.00 0.00 0.00 0.00 0.00 0.00 0.00 0.00 0.00 0.00 0.00 0.00 0.00 0.00 0.00 0.00 0.00 0.00 0.00 0.00 0.00 0.00 0.00 0.00 0.00 0.00 0.00 0.00 0.00 0.00 0.00 0.00 0.00 0.00 0.00 0.00 0.00 0.00 0.00 0.00 0.00 0.00 0.00 0.00 0.00 0.00 0.00 0.00 0.00 0.00 0.00 0.00 0.00 0.00 0.00 0.00 0.00 0.00 0.00 0.00 0.00 0.00 0.00 0.00 0.00 0.00 0.00 0.00 0.00 0.00 0.00 0.00 0.00 0.00 0.00 0.00 0.00 0.00 0.00 0.00 0.00 0.00 0.00 0.00 0.00 0.00 0.00 0.00 0.00 0.00 0.00 0.00 0.00 0.00 0.00 0.00 0.00 0.00 0.00 0.00 0.00 0.00 0.00 0.00 0.00 0.00 0.00 0.00 0.00 0.00 0.00 0.00 0.00 0.00 0.00 0.00 0.00 0.00 0.00 0.00 0.00 0.00 0.00 0.00 0.00 0.00 0.00 0.00 0.00 0.00 0.00 0.00 0.00 0.00 0.00 0.00 0.00 0.00 0.00 0.00 0.00 0.00 0.00 0.00 0.00 0.00 0.00 0.00 0.00 0.00 0.00 0.00 0.00 0.00 0.00 0.00 0.00 0.00 0.00 0.00 0.00 0.00 0.00 0.00 0.00 0.00 0.00 0.00 0.00 0.00 0.00 0.00 0.00 0.00 0.00 0.00 0.00 0.00 0.00 0.00 0.00 0.00 0.00 0.00 0.00 0.00 0.00 0.00 0.00 0.00 0.00 0.00 0.00 0.00 0.00 0.00 0.00 0.00 0.00 0.00 0.00 0.00 0.00 0.00 0.00 0.00 0.00 0.00 0.00 0.00 0.00 0.00 0.00 0.00 0.00 0.00 0.00 0.00 0.00 0.00 0.00 0.00 0.00 0.00 0.00 0.00 0.00 0.00 0.00 0.00 0.00 0.00 0.00 0.00 0.00 0.00 0.00 0.00 0.00 0.00 0.00 0.00 0.00 0.00 0.00 0.00 0.00 0.00 0.00 0.00 0.00 0.00 0.00 0.00 0.00 0.00 0.00 0.00 0.00 0.00 0.00 0.00 0.00 0.00 0.00 0.00 0.00 0.00 0.00 0.00 0.00 0.00 0.00 0.00 0.00 0.00 0.00 0.00 0.00 0.00 0.00 0.00 0.00 0.00 0.00 0.00 0.00 0.00 0.00 0.00 0.00 0.00 0.00 0.00 0.00 0.00 0.00 0.00 0.00 0.00 0.00 0.00 0.00 0.00 0.00 0.00 0.00 0.00 0.00 0.00 0.00 0.00 0.00 0.00 0.00 0.00 0.00 0.00 0.00 0.00 0.00 0.00 0.00 0.00 0.00 0.00 0.00 0.00 0.00 0.00 0.00 0.00 0.00 0.00 0.00 0.00 0.00 0.00 0.00 0.00 0.00 0.00 0.00 0.00 0.00 0.00 0.00 0.00 0.00 0.00 0.00 0.00 0.00 0.00 0.00 0.00 0.00 0.00 0.00 0.00 0.00 0.00 0.00 0.00 0.00 0.00 0.00 0.00 0.00 0.00 0.00 0.00 0.00 0.00 0.00 0.00 0.00 0.00 0.00 0.00 0.00 0.00 0.00 0.00 0.00 0.00 0.00 0.00 0.00 0.00 0.00 0.00 0.00 0.00 0.00 0.00 0.00 0.00 0.00 0.00 0.00 0.00 0.00 0.00 0.00 0.00 0.00 0.00 0.00 0.00 0.00 0.00 0.00 0.00 0.00 0.00 0.00 0.00 0.00 0.00 0.00 0.00 0.00 0.00 0.00 0.00 0.00 0.00 0.00 0.00 0.00 0.00 0.00 0.00 0.00 0.00 0.00 0.00 0.00 0.00 0.00 0.00 0.00 0.00 0.00 0.00 0.00 0.00 0.00 0.00 0.00 0.00 0.00 0.00 0.00 0.00 0.00 0.00 0.00 0.00 0.00 0.00 0.00 0.00 0.00 0.00 0.00 0.00 0.00 0.00 0.00 0.00 0.00 0.00 0.00 0.00 0.00 0.00 0.00 0.00 0.00 0.00 0.00 0.00 0.00 0.00 0.00 0.00 0.00 0.00 0.00 0.00 0.00 0.00 0.00 0.00 0.00 0.00 0.00 0.00 0.00 0.00 0.00 0.00 0.00 0.00 0.00 0.00 0.00 0.00 0.00 0.00 0.00 0.00 0.00 0.00 0.00 0.00 0.00 0.00 0.00 0.00 0.00 0.00 0.00 0.00 0.00 0.00 0.00 0.00 0.00 0.00 0.00 0.00 0.00 0.00 0.00 0.00 0.00 0.00 0.00 0.00 0.00 0.00 0.00 0.00 0.00 0.00 0.00 0.00 0.00 0.00 0.00 0.00 0.00 0.00 0.00 0.00 0.00 0.00 0.00 0.00 0.00 0.00 0.00 0.00 0.00 0.00 0.00 0.00 0.00 0.00 0.00 0.00 0.00 0.00 0.00 0.00 0.00 0.00 0.00 0.00 0.00 0.00 0.00 0.00 0.00 0.00 0.00 0.00 0.00 0.00 0.00 0.00 0.00 0.00 0.00 0.00 0.00 0.00 0.00 0.00 0.00 0.00 0.00 0.00 0.00 0.00 0.00 0.00 0.00 0.00 0.00 0.00 0.00 0.00 0.00 0.00 0.00 0.00 0.00 0.00 0.00 0.00 0.00 0.00 0.00 0.00 0.00 0.00 0.00 0.00 0.00 0.00 0.00 0.00 0.00 0.00 0.00 0.00 0.00 0.00 0.00 0.00 0.00 0.00 0.00 0.00 0.00 0.00 0.00 0.00 0.00 0.00 0.00 0.00 0.00 0.00 0.00 0.00 0.00 0.00 0.00 0.00 0.00 0.00 0.00 0.00 0.00 0.00 0.00 0.00 0.00 0.00 0.00 0.00 0.00 0.00 0.00 0.00 0.00 0.00 0.00 0.00 0.00 0.00 0.00 0.00 0.00 0.00 0.00 0.00 0.00 0.00 0.00 0.00 0.00 0.00 0.00 0.00 0.00 0.00 0.00 0.00 0.00 0.00 0.00 0.00 0.00 0.00 0.00 0.00 0.00 0.00 0.00 0.00 0.00 0.00 0.00 0.00 0.00 0.00 0.00 0.00 0.00 0.00 0.00 0.00 0.00 0.00 0.00 0.00 0.00 0.00 0.00 0.00 0.00 0.00 0.00 0.00 0.00 0.00 0.00 0.00 0.00 0.00 0.00 0.00 0.00 0.00 0.00 0.00 0.00 0.00 0.00 0.00 0.00 0.00 0.00 0.00 0.00 0.00 0.00 0.00 0.00 0.00 0.00 0.00 0.00 0.00 0.00 0.00 0.00 0.00 0.00 0.00 0.00 0.00 0.00 0.00 0.00 0.00 0.00 0.00 0.00 0.00 0.00 0.00 0.00 0.00 0.00 0.00 0.00 0.00 0.00 0.00 0.00 0.00 0.00 0.00 0.00 0.00 0.00 0.00 0.00 0.00 0.00 0.00 0.00 0.00 0.00 0.00 0.00 0.00 0.00 0.00 0.00 0.00 0.00 0.00 0.00 0.00 0.00 0.00 0.00 0.00 0.00 0.00 0.00 0.00 0.00 0.00 0.00 0.00 0.00 0.00 0.00 0.00 0.00 0.00 0.00 0.00 0.00 0.00 0.00 0.00 0.00 0.00 0.00 0.00 0.00 0.00 0.00 0.00 0.00 0.00 0.00 0.00 0.00 0.00 0.00 0.00 0.00 0.00 0.00 0.00 0.00 0.00 0.00 0.00 0.00 0.00 0.00 0.00 0.00 0.00 0.00 0.00 0.00 0.00 0.00 0.00 0.00 0.00 0.00 0.00 0.00 0.00 0.00 0.00 0.00 0.00 0.00 0.00 0.00 0.00 0.00 0.00 0.00
height.size=8432
height.data=6.61 191.61 376.54 561.36 746.00 930.41 1114.54 1298.33 1481.72 1664.66 1847.08 2028.95 2210.19 2390.76 2570.60 2749.65 2927.86 3105.19 3281.56 3456.93 3631.25 3804.46 3976.51 4147.35 4316.93 4485.18 4652.07 4817.55 4981.55 5144.04 5304.96 5464.26 5621.90 5777.82 6.74 193.48 380.16 566.71 753.10 939.25 1125.12 1310.64 1495.76 1680.42 1864.57 2048.15 2231.10 2413.37 2594.91 2775.65 2955.54 3134.54 3312.57 3489.60 3665.56 3840.41 4014.08 4186.53 4357.70 4527.55 4696.01 4863.05 5028.60 5192.61 5355.05 5515.86 5674.98 5832.37 6.87 195.35 383.77 572.07 760.20 948.09 1135.70 1322.95 1509.80 1696.19 1882.06 2067.35 2252.01 2435.99 2619.22 2801.65 2983.23 3163.89 3343.59 3522.27 3699.88 3876.35 4051.65 4225.71 4398.48 4569.91 4739.95 4908.54 5075.64 5241.19 5405.15 5567.45 5728.06 5886.93 6.99 197.22 387.39 577.44 767.30 956.94 1146.28 1335.26 1523.84 1711.96 1899.55 2086.55 2272.93 2458.60 2643.53 2827.65 3010.91 3193.24 3374.61 3554.94 3734.19 3912.30 4089.22 4264.89 4439.26 4612.28 4783.89 4954.05 5122.69 5289.77 5455.24 5619.05 5781.15 5941.48 7.12 199.10 391.01 582.80 774.41 965.78 1156.86 1347.58 1537.89 1727.73 1917.04 2105.76 2293.84 2481.22 2667.84 2853.65 3038.59 3222.60 3405.63 3587.61 3768.51 3948.25 4126.79 4304.07 4480.04 4654.65 4827.83 4999.55 5169.74 5338.35 5505.34 5670.65 5834.23 5996.04 7.25 200.97 394.63 588.16 781.51 974.63 1167.44 1359.89 1551.93 1743.50 1934.53 2124.97 2314.76 2503.84 2692.16 2879.66 3066.27 3251.96 3436.65 3620.29 3802.82 3984.20 4164.36 4343.26 4520.83 4697.02 4871.77 5045.05 5216.78 5386.93 5555.44 5722.25 5887.32 6050.59 7.38 202.85 398.25 593.53 788.62 983.47 1178.02 1372.21 1565.98 1759.27 1952.02 2144.17 2335.67 2526.46 2716.47 2905.66 3093.96 3281.31 3467.67 3652.96 3837.14 4020.15 4201.94 4382.44 4561.61 4739.39 4915.72 5090.55 5263.83 5435.51 5605.53 5773.85 5940.40 6105.15 7.52 204.73 401.87 598.89 795.73 992.32 1188.60 1384.53 1580.02 1775.04 1969.51 2163.38 2356.59 2549.08 2740.79 2931.67 3121.64 3310.67 3498.69 3685.64 3871.46 4056.11 4239.51 4421.63 4602.39 4781.76 4959.66 5136.06 5310.88 5484.09 5655.63 5825.45 5993.49 6159.70 7.65 206.60 405.49 604.26 802.84 1001.17 1199.19 1396.85 1594.07 1790.81 1987.01 2182.59 2377.51 2571.70 2765.11 2957.67 3149.33 3340.03 3529.71 3718.31 3905.78 4092.06 4277.09 4460.81 4643.18 4824.13 5003.61 5181.56 5357.94 5532.68 5705.73 5877.05 6046.58 6214.26 7.78 208.48 409.12 609.63 809.95 1010.02 1209.78 1409.16 1608.12 1806.59 2004.50 2201.80 2398.43 2594.33 2789.43 2983.68 3177.02 3369.39 3560.73 3750.99 3940.10 4128.01 4314.66 4500.00 4683.96 4866.50 5047.55 5227.07 5404.99 5581.26 5755.83 5928.65 6099.67 6268.82 7.92 210.37 412.74 615.00 817.06 1018.87 1220.36 1421.49 1622.17 1822.36 2022.00 2221.01 2419.35 2616.95 2813.75 3009.69 3204.71 3398.75 3591.76 3783.67 3974.42 4163.97 4352.24 4539.19 4724.75 4908.87 5091.50 5272.57 5452.04 5629.85 5805.94 5980.26 6152.76 6323.38 8.06 212.25 416.37 620.37 824.17 1027.72 1230.95 1433.81 1636.23 1838.14 2039.50 2240.23 2440.27 2639.57 2838.07 3035.70 3232.40 3428.11 3622.78 3816.35 4008.75 4199.92 4389.82 4578.38 4765.54 4951.25 5135.45 5318.08 5499.09 5678.43 5856.04 6031.86 6205.85 6377.94 8.20 214.13 420.00 625.74 831.28 1036.57 1241.54 1446.13 1650.28 1853.92 2057.00 2259.44 2461.20 2662.20 2862.39 3061.71 3260.09 3457.48 3653.81 3849.03 4043.07 4235.88 4427.40 4617.57 4806.33 4993.62 5179.40 5363.59 5546.15 5727.02 5906.14 6083.47 6258.94 6432.50 8.34 216.02 423.63 631.11 838.40 1045.42 1252.13 1458.46 1664.33 1869.70 2074.50 2278.66 2482.12 2684.83 2886.72 3087.72 3287.78 3486.84 3684.84 3881.71 4077.40 4271.84 4464.98 4656.76 4847.12 5036.00 5223.35 5409.10 5593.21 5775.61 5956.25 6135.07 6312.03 6487.06 8.48 217.90 427.26 636.48 845.51 1054.28 1262.72 1470.78 1678.39 1885.48 2092.00 2297.87 2503.05 2707.46 2911.04 3113.73 3315.48 3516.21 3715.87 3914.39 4111.72 4307.80 4502.56 4695.95 4887.91 5078.38 5267.30 5454.61 5640.26 5824.19 6006.35 6186.68 6365.12 6541.63 8.62 219.79 430.89 641.86 852.63 1063.14 1273.32 1483.11 1692.44 1901.26 2109.50 2317.09 2523.97 2730.09 2935.37 3139.75 3343.17 3545.58 3746.90 3947.08 4146.05 4343.76 4540.14 4735.14 4928.70 5120.76 5311.25 5500.12 5687.32 5872.78 6056.46 6238.29 6418.22 6596.19 8.76 221.68 434.52 647.23 859.75 1071.99 1283.91 1495.44 1706.50 1917.04 2127.00 2336.31 2544.90 2752.72 2959.69 3165.76 3370.87 3574.94 3777.93 3979.76 4180.38 4379.72 4577.73 4774.34 4969.49 5163.13 5355.20 5545.63 5734.38 5921.37 6106.57 6289.90 6471.31 6650.75 8.90 223.57 438.16 652.61 866.87 1080.85 1294.51 1507.76 1720.56 1932.83 2144.51 2355.53 2565.83 2775.35 2984.02 3191.78 3398.56 3604.31 3808.96 4012.45 4214.71 4415.68 4615.31 4813.53 5010.29 5205.51 5399.15 5591.15 5781.44 5969.97 6156.67 6341.51 6524.41 6705.32 9.05 225.46 441.79 657.99 873.99 1089.71 1305.10 1520.09 1734.62 1948.61 2162.01 2374.75 2586.76 2797.98 3008.35 3217.80 3426.26 3633.68 3839.99 4045.13 4249.04 4451.65 4652.90 4852.73 5051.08 5247.90 5443.11 5636.66 5828.50 6018.56 6206.78 6393.12 6577.50 6759.88 9.20 227.35 445.43 663.37 881.11 1098.57 1315.70 1532.43 1748.68 1964.40 2179.52 2393.97 2607.69 2820.62 3032.68 3243.82 3453.96 3663.05 3871.03 4077.82 4283.37 4487.61 4690.48 4891.93 5091.88 5290.28 5487.06 5682.18 5875.56 6067.15 6256.89 6444.73 6630.60 6814.45 9.34 229.24 449.07 668.75 888.23 1107.43 1326.30 1544.76 1762.74 1980.19 2197.03 2413.20 2628.63 2843.25 3057.01 3269.84 3481.66 3692.43 3902.06 4110.51 4317.70 4523.58 4728.07 4931.13 5132.68 5332.66 5531.02 5727.69 5922.62 6115.74 6307.00 6496.34 6683.70 6869.02 9.49 231.14 452.71 674.13 895.35 1116.30 1336.90 1557.09 1776.81 1995.98 2214.54 2432.42 2649.56 2865.89 3081.34 3295.86 3509.36 3721.80 3933.10 4143.20 4352.03 4559.54 4765.66 4970.32 5173.47 5375.04 5574.98 5773.21 5969.68 6164.34 6357.11 6547.95 6736.80 6923.59 9.64 233.03 456.34 679.52 902.48 1125.16 1347.50 1569.43 1790.87 2011.77 2232.05 2451.65 2670.49 2888.53 3105.68 3321.88 3537.07 3751.17 3964.14 4175.89 4386.37 4595.51 4803.25 5009.52 5214.27 5417.43 5618.94 5818.73 6016.75 6212.93 6407.23 6599.57 6789.90 6978.16 9.79 234.93 459.99 684.90 909.60 1134.03 1358.10 1581.76 1804.94 2027.56 2249.56 2470.87 2691.43 2911.16 3130.01 3347.90 3564.77 3780.55 3995.17 4208.58 4420.70 4631.48 4840.84 5048.73 5255.07 5459.82 5662.90 5864.25 6063.81 6261.53 6457.34 6651.18 6843.00 7032.73 9.95 236.83 463.63 690.29 916.73 1142.90 1368.71 1594.10 1819.00 2043.35 2267.07 2490.10 2712.37 2933.80 3154.35 3373.92 3592.47 3809.93 4026.21 4241.27 4455.04 4667.45 4878.43 5087.93 5295.87 5502.20 5706.86 5909.77 6110.88 6310.13 6507.45 6702.80 6896.10 7087.30 10.10 238.72 467.27 695.67 923.86 1151.76 1379.31 1606.44 1833.07 2059.14 2284.58 2509.33 2733.30 2956.45 3178.68 3399.95 3620.18 3839.30 4057.25 4273.97 4489.38 4703.42 4916.02 5127.13 5336.67 5544.59 5750.82 5955.29 6157.95 6358.73 6557.57 6754.41 6949.20 7141.87 10.26 240.62 470.92 701.06 930.99 1160.63 1389.92 1618.78 1847.14 2074.94 2302.10 2528.56 2754.24 2979.09 3203.02 3425.98 3647.89 3868.68 4088.30 4306.66 4523.72 4739.39 4953.62 5166.34 5377.48 5586.98 5794.78 6000.81 6205.01 6407.33 6607.69 6806.03 7002.30 7196.44 10.41 242.53 474.56 706.45 938.12 1169.50 1400.52 1631.12 1861.21 2090.73 2319.62 2547.79 2775.18 3001.73 3227.36 3452.00 3675.59 3898.06 4119.34 4339.36 4558.06 4775.36 4991.21 5205.54 5418.28 5629.37 5838.74 6046.33 6252.08 6455.93 6657.80 6857.65 7055.41 7251.02 10.57 244.43 478.21 711.84 945.25 1178.37 1411.13 1643.46 1875.28 2106.53 2337.13 2567.02 2796.13 3024.37 3251.70 3478.03 3703.30 3927.44 4150.38 4372.06 4592.40 4811.34 5028.81 5244.75 5459.09 5671.76 5882.71 6091.86 6299.15 6504.53 6707.92 6909.27 7108.51 7305.59 10.73 246.33 481.86 717.23 952.39 1187.25 1421.74 1655.80 1889.35 2122.33 2354.65 2586.26 2817.07 3047.02 3276.04 3504.06 3731.01 3956.82 4181.43 4404.76 4626.74 4847.31 5066.41 5283.95 5499.89 5714.15 5926.67 6137.38 6346.22 6553.13 6758.04 6960.89 7161.62 7360.17 10.89 248.24 485.51 722.63 959.52 1196.12 1432.35 1668.15 1903.43 2138.13 2372.17 2605.49 2838.01 3069.67 3300.38 3530.09 3758.72 3986.21 4212.47 4437.45 4661.08 4883.29 5104.00 5323.16 5540.70 5756.54 5970.64 6182.91 6393.29 6601.73 6808.16 7012.51 7214.72 7414.74 11.05 250.14 489.16 728.02 966.66 1205.00 1442.96 1680.49 1917.50 2153.93 2389.69 2624.73 2858.96 3092.31 3324.73 3556.12 3786.44 4015.59 4243.52 4470.16 4695.43 4919.26 5141.60 5362.37 5581.51 5798.94 6014.60 6228.43 6440.37 6650.34 6858.28 7064.13 7267.83 7469.32 11.21 252.05 492.81 733.41 973.79 1213.87 1453.58 1692.84 1931.58 2169.73 2407.21 2643.96 2879.90 3114.96 3349.07 3582.16 3814.15 4044.98 4274.57 4502.86 4729.77 4955.24 5179.20 5401.58 5622.31 5841.33 6058.57 6273.96 6487.44 6698.94 6908.40 7115.75 7320.94 7523.90 11.37 253.96 496.46 738.81 980.93 1222.75 1464.19 1705.19 1945.66 2185.53 2424.74 2663.20 2900.85 3137.61 3373.42 3608.19 3841.86 4074.36 4305.62 4535.56 4764.12 4991.22 5216.80 5440.79 5663.12 5883.73 6102.54 6319.49 6534.51 6747.55 6958.52 7167.38 7374.05 7578.47 11.54 255.87 500.11 744.21 988.07 1231.63 1474.81 1717.53 1959.73 2201.33 2442.26 2682.44 2921.80 3160.26 3397.76 3634.23 3869.58 4103.75 4336.67 4568.26 4798.46 5027.20 5254.40 5480.00 5703.93 5926.13 6146.51 6365.02 6581.59 6796.15 7008.65 7219.00 7427.16 7633.05 11.70 257.78 503.77 749.61 995.21 1240.51 1485.42 1729.88 1973.81 2217.14 2459.79 2701.68 2942.75 3182.92 3422.11 3660.26 3897.29 4133.14 4367.72 4600.97 4832.81 5063.18 5292.01 5519.22 5744.75 5968.52 6190.48 6410.55 6628.66 6844.76 7058.77 7270.63 7480.27 7687.63 11.87 259.69 507.43 755.01 1002.35 1249.39 1496.04 1742.23 1987.89 2232.94 2477.31 2720.92 2963.70 3205.57 3446.46 3686.30 3925.01 4162.53 4398.77 4633.67 4867.16 5099.16 5329.61 5558.43 5785.56 6010.92 6234.45 6456.08 6675.74 6893.37 7108.89 7322.25 7533.38 7742.21 12.04 261.60 511.08 760.41 1009.49 1258.27 1506.66 1754.59 2001.98 2248.75 2494.84 2740.16 2984.65 3228.22 3470.81 3712.34 3952.73 4191.92 4429.82 4666.38 4901.51 5135.15 5367.22 5597.65 5826.37 6053.32 6278.42 6501.61 6722.82 6941.98 7159.02 7373.88 7586.49 7796.80 12.21 263.52 514.74 765.81 1016.64 1267.15 1517.28 1766.94 2016.06 2264.56 2512.37 2759.41 3005.60 3250.88 3495.16 3738.38 3980.45 4221.31 4460.88 4699.09 4935.86 5171.13 5404.82 5636.86 5867.19 6095.72 6322.40 6547.15 6769.90 6990.59 7209.15 7425.51 7639.61 7851.38 12.38 265.43 518.40 771.21 1023.78 1276.04 1527.90 1779.29 2030.14 2280.37 2529.90 2778.65 3026.56 3273.53 3519.51 3764.42 4008.17 4250.70 4491.93 4731.80 4970.21 5207.11 5442.43 5676.08 5908.00 6138.12 6366.37 6592.68 6816.98 7039.20 7259.27 7477.14 7692.72 7905.96 12.55 267.35 522.06 776.62 1030.93 1284.92 1538.52 1791.65 2044.23 2296.18 2547.43 2797.90 3047.51 3296.19 3543.87 3790.46 4035.89 4280.10 4522.99 4764.51 5004.57 5243.10 5480.04 5715.30 5948.82 6180.52 6410.35 6638.21 6864.06 7087.81 7309.40 7528.77 7745.84 7960.55 12.72 269.27 525.73 782.02 1038.08 1293.81 1549.15 1804.01 2058.31 2311.99 2564.96 2817.14 3068.47 3318.85 3568.22 3816.50 4063.62 4309.49 4554.05 4797.22 5038.92 5279.09 5517.64 5754.52 5989.64 6222.93 6454.32 6683.75 6911.14 7136.42 7359.53 7580.40 7798.95 8015.13 12.89 271.18 529.39 787.43 1045.22 1302.70 1559.77 1816.36 2072.40 2327.80 2582.49 2836.39 3089.42 3341.51 3592.58 3842.55 4091.34 4338.89 4585.11 4829.93 5073.28 5315.08 5555.25 5793.74 6030.45 6265.33 6498.30 6729.29 6958.22 7185.04 7409.66 7632.03 7852.07 8069.72 13.07 273.10 533.05 792.84 1052.37 1311.59 1570.40 1828.72 2086.49 2343.62 2600.03 2855.64 3110.38 3364.17 3616.93 3868.59 4119.07 4368.28 4616.17 4862.64 5107.63 5351.06 5592.86 5832.96 6071.27 6307.74 6542.28 6774.82 7005.31 7233.65 7459.79 7683.66 7905.19 8124.30 13.24 275.03 536.72 798.25 1059.52 1320.48 1581.02 1841.08 2100.58 2359.43 2617.56 2874.89 3131.34 3386.83 3641.29 3894.64 4146.79 4397.68 4647.23 4895.36 5141.99 5387.05 5630.48 5872.18 6112.09 6350.14 6586.26 6820.36 7052.39 7282.27 7509.92 7735.29 7958.30 8178.89 13.42 276.95 540.39 803.66 1066.68 1329.37 1591.65 1853.45 2114.67 2375.25 2635.10 2894.14 3152.30 3409.50 3665.65 3920.68 4174.52 4427.08 4678.29 4928.07 5176.35 5423.05 5668.09 5911.40 6152.92 6392.55 6630.24 6865.90 7099.47 7330.88 7560.06 7786.93 8011.42 8233.48 13.60 278.87 544.05 809.07 1073.83 1338.26 1602.28 1865.81 2128.76 2391.07 2652.64 2913.40 3173.26 3432.16 3690.01 3946.73 4202.25 4456.48 4709.35 4960.79 5210.71 5459.04 5705.70 5950.63 6193.74 6434.96 6674.22 6911.44 7146.56 7379.50 7610.19 7838.56 8064.54 8288.07 13.78 280.80 547.72 814.48 1080.98 1347.15 1612.91 1878.17 2142.86 2406.88 2670.18 2932.65 3194.23 3454.83 3714.37 3972.78 4229.98 4485.88 4740.42 4993.50 5245.07 5495.03 5743.32 5989.85 6234.56 6477.37 6718.20 6956.98 7193.65 7428.12 7660.32 7890.20 8117.66 8342.66 13.96 282.72 551.39 819.89 1088.14 1356.05 1623.54 1890.54 2156.95 2422.70 2687.72 2951.90 3215.19 3477.49 3738.73 3998.83 4257.71 4515.28 4771.48 5026.22 5279.43 5531.03 5780.93 6029.08 6275.39 6519.78 6762.18 7002.53 7240.74 7476.74 7710.46 7941.83 8170.79 8397.25 14.14 284.65 555.07 825.31 1095.30 1364.95 1634.18 1902.90 2171.05 2438.53 2705.26 2971.16 3236.16 3500.16 3763.10 4024.88 4285.44 4544.69 4802.55 5058.94 5313.79 5567.02 5818.55 6068.31 6316.21 6562.19 6806.17 7048.07 7287.82 7525.36 7760.60 7993.47 8223.91 8451.84 14.32 286.58 558.74 830.72 1102.45 1373.84 1644.81 1915.27 2185.14 2454.35 2722.80 2990.42 3257.12 3522.83 3787.46 4050.94 4313.17 4574.09 4833.61 5091.66 5348.15 5603.02 5856.17 6107.53 6357.04 6604.60 6850.15 7093.61 7334.91 7573.98 7810.73 8045.11 8277.03 8506.43 14.51 288.51 562.41 836.14 1109.61 1382.74 1655.44 1927.64 2199.24 2470.17 2740.34 3009.68 3278.09 3545.50 3811.83 4076.99 4340.91 4603.50 4864.68 5124.38 5382.52 5639.01 5893.79 6146.76 6397.86 6647.01 6894.14 7139.16 7382.00 7622.60 7860.87 8096.75 8330.16 8561.03 14.69 290.44 566.09 841.56 1116.77 1391.64 1666.08 1940.01 2213.34 2485.99 2757.89 3028.94 3299.06 3568.17 3836.19 4103.04 4368.64 4632.90 4895.75 5157.11 5416.89 5675.01 5931.41 6185.99 6438.69 6689.43 6938.12 7184.71 7429.10 7671.22 7911.01 8148.39 8383.28 8615.62 14.88 292.37 569.76 846.98 1123.93 1400.54 1676.72 1952.38 2227.44 2501.82 2775.43 3048.20 3320.03 3590.84 3860.56 4129.10 4396.38 4662.31 4926.82 5189.83 5451.25 5711.01 5969.03 6225.22 6479.52 6731.84 6982.11 7230.25 7476.19 7719.85 7961.15 8200.03 8436.41 8670.22 15.07 294.30 573.44 852.40 1131.10 1409.44 1687.36 1964.75 2241.54 2517.65 2792.98 3067.46 3341.00 3613.52 3884.93 4155.16 4424.11 4691.72 4957.89 5222.55 5485.62 5747.01 6006.65 6264.46 6520.35 6774.26 7026.10 7275.80 7523.28 7768.47 8011.29 8251.67 8489.53 8724.81 15.26 296.24 577.12 857.82 1138.26 1418.35 1698.00 1977.12 2255.64 2533.47 2810.53 3086.72 3361.97 3636.19 3909.30 4181.21 4451.85 4721.13 4988.97 5255.28 5519.99 5783.01 6044.27 6303.69 6561.18 6816.68 7070.09 7321.35 7570.38 7817.10 8061.43 8303.31 8542.66 8779.41 15.45 298.17 580.80 863.25 1145.42 1427.25 1708.64 1989.50 2269.75 2549.30 2828.08 3105.99 3382.94 3658.87 3933.67 4207.27 4479.59 4750.54 5020.04 5288.01 5554.36 5819.01 6081.90 6342.92 6602.02 6859.09 7114.08 7366.90 7617.47 7865.72 8111.57 8354.96 8595.79 8834.01 15.64 300.11 584.48 868.67 1152.59 1436.16 1719.28 2001.87 2283.85 2565.13 2845.63 3125.25 3403.92 3681.54 3958.04 4233.33 4507.33 4779.95 5051.11 5320.73 5588.73 5855.02 6119.52 6382.16 6642.85 6901.51 7158.07 7412.45 7664.57 7914.35 8161.72 8406.60 8648.92 8888.60 15.83 302.05 588.16 874.10 1159.76 1445.06 1729.92 2014.25 2297.96 2580.96 2863.18 3144.52 3424.89 3704.22 3982.42 4259.40 4535.07 4809.37 5082.19 5353.46 5623.10 5891.02 6157.15 6421.39 6683.68 6943.93 7202.06 7458.00 7711.66 7962.98 8211.86 8458.24 8702.05 8943.20 16.02 303.98 591.85 879.52 1166.93 1453.97 1740.57 2026.63 2312.07 2596.80 2880.73 3163.78 3445.87 3726.90 4006.79 4285.46 4562.82 4838.78 5113.27 5386.19 5657.47 5927.03 6194.77 6460.63 6724.52 6986.35 7246.06 7503.55 7758.76 8011.61 8262.01 8509.89 8755.18 8997.80 16.22 305.92 595.53 884.95 1174.10 1462.88 1751.21 2039.01 2326.17 2612.63 2898.28 3183.05 3466.85 3749.58 4031.17 4311.52 4590.56 4868.19 5144.34 5418.92 5691.85 5963.03 6232.40 6499.87 6765.35 7028.77 7290.05 7549.11 7805.86 8060.24 8312.15 8561.54 8808.31 9052.40 16.42 307.87 599.22 890.38 1181.27 1471.79 1761.86 2051.39 2340.28 2628.46 2915.84 3202.32 3487.82 3772.26 4055.54 4337.59 4618.30 4897.61 5175.42 5451.65 5726.22 5999.04 6270.03 6539.11 6806.19 7071.20 7334.05 7594.66 7852.96 8108.87 8362.30 8613.18 8861.45 9107.01 16.61 309.81 602.90 895.81 1188.44 1480.70 1772.51 2063.77 2354.39 2644.30 2933.40 3221.59 3508.80 3794.94 4079.92 4363.65 4646.05 4927.03 5206.50 5484.39 5760.60 6035.05 6307.66 6578.35 6847.03 7113.62 7378.04 7640.22 7900.06 8157.50 8412.45 8664.83 8914.58 9161.61 16.81 311.75 606.59 901.24 1195.61 1489.61 1783.15 2076.15 2368.51 2660.14 2950.95 3240.86 3529.79 3817.63 4104.30 4389.72 4673.80 4956.45 5237.58 5517.12 5794.97 6071.06 6345.29 6617.59 6887.87 7156.05 7422.04 7685.77 7947.16 8206.13 8462.60 8716.48 8967.71 9216.21 17.01 313.70 610.28 906.67 1202.79 1498.53 1793.81 2088.53 2382.62 2675.98 2968.51 3260.14 3550.77 3840.31 4128.68 4415.79 4701.54 4985.87 5268.67 5549.86 5829.35 6107.07 6382.92 6656.83 6928.71 7198.47 7466.04 7731.33 7994.27 8254.76 8512.75 8768.13 9020.85 9270.82 17.21 315.64 613.97 912.11 1209.96 1507.44 1804.46 2100.92 2396.73 2691.81 2986.07 3279.41 3571.75 3863.00 4153.06 4441.86 4729.29 5015.29 5299.75 5582.59 5863.73 6143.08 6420.56 6696.07 6969.55 7240.90 7510.04 7776.89 8041.37 8303.40 8562.90 8819.78 9073.98 9325.42 17.41 317.59 617.66 917.54 1217.14 1516.36 1815.11 2113.30 2410.85 2707.65 3003.63 3298.69 3592.73 3885.68 4177.44 4467.93 4757.04 5044.71 5330.83 5615.33 5898.11 6179.09 6458.19 6735.32 7010.39 7283.32 7554.04 7822.45 8088.47 8352.03 8613.05 8871.44 9127.12 9380.03 17.62 319.54 621.35 922.98 1224.32 1525.27 1825.76 2125.69 2424.96 2723.50 3021.19 3317.96 3613.72 3908.37 4201.83 4494.00 4784.79 5074.13 5361.92 5648.07 5932.49 6215.11 6495.83 6774.56 7051.23 7325.75 7598.04 7868.01 8135.58 8400.67 8663.20 8923.09 9180.26 9434.63 17.82 321.49 625.05 928.42 1231.49 1534.19 1836.42 2138.08 2439.08 2739.34 3038.76 3337.24 3634.71 3931.06 4226.21 4520.07 4812.55 5103.56 5393.00 5680.81 5966.88 6251.12 6533.46 6813.81 7092.08 7368.18 7642.04 7913.57 8182.68 8449.31 8713.35 8974.74 9233.40 9489.24 18.03 323.44 628.74 933.85 1238.67 1543.11 1847.07 2150.47 2453.20 2755.18 3056.32 3356.52 3655.69 3953.75 4250.60 4546.14 4840.30 5132.98 5424.09 5713.55 6001.26 6287.14 6571.10 6853.06 7132.92 7410.61 7686.04 7959.13 8229.79 8497.94 8763.51 9026.40 9286.54 9543.85 18.23 325.39 632.44 939.29 1245.86 1552.03 1857.73 2162.86 2467.32 2771.03 3073.88 3375.80 3676.68 3976.44 4274.98 4572.22 4868.06 5162.41 5455.18 5746.29 6035.64 6323.16 6608.74 6892.30 7173.77 7453.04 7730.05 8004.69 8276.90 8546.58 8813.66 9078.05 9339.68 9598.46 18.44 327.34 636.14 944.73 1253.04 1560.95 1868.39 2175.25 2481.44 2786.87 3091.45 3395.08 3697.67 3999.13 4299.37 4598.29 4895.81 5191.83 5486.27 5779.03 6070.03 6359.17 6646.38 6931.55 7214.62 7495.48 7774.05 8050.26 8324.01 8595.22 8863.82 9129.71 9392.82 9653.07 18.65 329.30 639.84 950.18 1260.22 1569.88 1879.05 2187.64 2495.56 2802.72 3109.02 3414.36 3718.66 4021.83 4323.76 4624.37 4923.57 5221.26 5517.36 5811.77 6104.41 6395.19 6684.02 6970.80 7255.46 7537.91 7818.06 8095.82 8371.12 8643.86 8913.97 9181.37 9445.96 9707.68 18.86 331.25 643.54 955.62 1267.41 1578.80 1889.71 2200.04 2509.69 2818.57 3126.59 3433.65 3739.66 4044.52 4348.15 4650.45 4951.33 5250.69 5548.45 5844.52 6138.80 6431.21 6721.66 7010.05 7296.31 7580.34 7862.06 8141.39 8418.23 8692.50 8964.13 9233.02 9499.10 9762.29 19.07 333.21 647.24 961.06 1274.59 1587.73 1900.37 2212.43 2523.81 2834.42 3144.16 3452.93 3760.65 4067.22 4372.54 4676.53 4979.08 5280.12 5579.54 5877.26 6173.19 6467.23 6759.30 7049.31 7337.16 7622.78 7906.07 8186.95 8465.34 8741.15 9014.29 9284.68 9552.25 9816.90 19.28 335.17 650.94 966.51 1281.78 1596.65 1911.03 2224.83 2537.94 2850.27 3161.73 3472.22 3781.64 4089.91 4396.93 4702.61 5006.84 5309.55 5610.64 5910.01 6207.58 6503.25 6796.94 7088.56 7378.01 7665.22 7950.08 8232.52 8512.45 8789.79 9064.45 9336.34 9605.39 9871.51 19.50 337.12 654.64 971.96 1288.97 1605.58 1921.70 2237.22 2552.06 2866.12 3179.30 3491.50 3802.64 4112.61 4421.32 4728.69 5034.60 5338.98 5641.73 5942.76 6241.97 6539.28 6834.59 7127.81 7418.86 7707.65 7994.09 8278.09 8559.57 8838.43 9114.61 9388.00 9658.54 9926.13 19.71 339.08 658.35 977.40 1296.16 1614.51 1932.36 2249.62 2566.19 2881.97 3196.87 3510.79 3823.64 4135.31 4445.72 4754.77 5062.37 5368.42 5672.83 5975.51 6276.36 6575.30 6872.23 7167.07 7459.72 7750.09 8038.10 8323.66 8606.68 8887.08 9164.77 9439.66 9711.68 9980.74 19.93 341.05 662.05 982.85 1303.35 1623.44 1943.03 2262.02 2580.32 2897.83 3214.45 3530.08 3844.63 4158.01 4470.11 4780.85 5090.13 5397.85 5703.93 6008.26 6310.75 6611.33 6909.88 7206.32 7500.57 7792.53 8082.11 8369.23 8653.80 8935.72 9214.93 9491.33 9764.83 10035.36 20.14 343.01 665.76 988.30 1310.54 1632.37 1953.70 2274.42 2594.45 2913.68 3232.02 3549.37 3865.63 4180.71 4494.51 4806.94 5117.89 5427.29 5735.02 6041.01 6345.15 6647.35 6947.53 7245.58 7541.43 7834.97 8126.12 8414.80 8700.91 8984.37 9265.09 9542.99 9817.98 10089.97 20.36 344.97 669.47 993.75 1317.73 1641.30 1964.37 2286.83 2608.58 2929.54 3249.60 3568.66 3886.63 4203.41 4518.91 4833.02 5145.66 5456.72 5766.12 6073.76 6379.54 6683.38 6985.17 7284.84 7582.28 7877.41 8170.14 8460.37 8748.03 9033.02 9315.26 9594.65 9871.13 10144.59 20.58 346.94 673.18 999.21 1324.93 1650.23 1975.04 2299.23 2622.71 2945.40 3267.18 3587.95 3907.63 4226.12 4543.31 4859.11 5173.43 5486.16 5797.22 6106.51 6413.94 6719.41 7022.82 7324.10 7623.14 7919.85 8214.15 8505.95 8795.15 9081.67 9365.42 9646.32 9924.28 10199.21 20.80 348.90 676.89 1004.66 1332.12 1659.17 1985.71 2311.63 2636.85 2961.26 3284.75 3607.25 3928.63 4248.82 4567.71 4885.20 5201.19 5515.60 5828.32 6139.27 6448.33 6755.43 7060.47 7363.36 7664.00 7962.30 8258.17 8551.52 8842.27 9130.32 9415.59 9697.98 9977.43 10253.83 21.03 350.87 680.60 1010.11 1339.32 1668.11 1996.38 2324.04 2650.98 2977.12 3302.33 3626.54 3949.64 4271.53 4592.11 4911.29 5228.96 5545.04 5859.43 6172.02 6482.73 6791.46 7098.12 7402.62 7704.85 8004.74 8302.18 8597.10 8889.39 9178.97 9465.75 9749.65 10030.58 10308.45 21.25 352.84 684.31 1015.57 1346.51 1677.04 2007.05 2336.44 2665.12 2992.98 3319.92 3645.84 3970.64 4294.23 4616.51 4937.38 5256.73 5574.48 5890.53 6204.78 6517.13 6827.50 7135.78 7441.88 7745.71 8047.18 8346.20 8642.67 8936.51 9227.62 9515.92 9801.32 10083.73 10363.07 21.47 354.81 688.03 1021.03 1353.71 1685.98 2017.73 2348.85 2679.26 3008.84 3337.50 3665.13 3991.65 4316.94 4640.91 4963.47 5284.50 5603.92 5921.63 6237.53 6551.53 6863.53 7173.43 7481.14 7786.57 8089.63 8390.22 8688.25 8983.63 9276.27 9566.09 9852.99 10136.88 10417.69 21.70 356.78 691.74 1026.49 1360.91 1694.92 2028.40 2361.26 2693.39 3024.70 3355.08 3684.43 4012.65 4339.65 4665.32 4989.56 5312.27 5633.37 5952.74 6270.29 6585.93 6899.56 7211.08 7520.41 7827.44 8132.08 8434.24 8733.83 9030.75 9324.92 9616.26 9904.65 10190.04 10472.31 21.92 358.75 695.46 1031.95 1368.11 1703.86 2039.08 2373.67 2707.53 3040.57 3372.67 3703.73 4033.66 4362.36 4689.72 5015.65 5340.05 5662.81 5983.85 6303.05 6620.33 6935.59 7248.74 7559.67 7868.30 8174.52 8478.26 8779.40 9077.88 9373.58 9666.42 9956.32 10243.19 10526.94 22.15 360.72 699.17 1037.41 1375.32 1712.80 2049.76 2386.08 2721.67 3056.43 3390.25 3723.03 4054.67 4385.07 4714.13 5041.75 5367.82 5692.26 6014.95 6335.81 6654.74 6971.63 7286.40 7598.94 7909.16 8216.97 8522.28 8824.98 9125.00 9422.23 9716.60 10008.00 10296.35 10581.56 22.38 362.70 702.89 1042.87 1382.52 1721.74 2060.44 2398.50 2735.82 3072.30 3407.84 3742.33 4075.68 4407.78 4738.54 5067.84 5395.60 5721.70 6046.06 6368.57 6689.14 7007.67 7324.05 7638.20 7950.03 8259.42 8566.30 8870.56 9172.13 9470.89 9766.77 10059.67 10349.50 10636.18 22.61 364.67 706.61 1048.33 1389.72 1730.69 2071.12 2410.91 2749.96 3088.17 3425.43 3761.64 4096.69 4430.50 4762.95 5093.94 5423.37 5751.15 6077.17 6401.34 6723.55 7043.70 7361.71 7677.47 7990.89 8301.87 8610.32 8916.15 9219.25 9519.55 9816.94 10111.34 10402.66 10690.81 22.84 366.65 710.33 1053.80 1396.93 1739.63 2081.80 2423.32 2764.10 3104.03 3443.01 3780.94 4117.71 4453.21 4787.36 5120.04 5451.15 5780.60 6108.28 6434.10 6757.95 7079.74 7399.37 7716.74 8031.76 8344.32 8654.35 8961.73 9266.38 9568.20 9867.11 10163.01 10455.82 10745.44 23.08 368.63 714.06 1059.26 1404.14 1748.58 2092.48 2435.74 2778.25 3119.91 3460.60 3800.24 4138.72 4475.93 4811.77 5146.13 5478.93 5810.05 6139.39 6466.86 6792.36 7115.78 7437.03 7756.01 8072.63 8386.78 8698.37 9007.31 9313.51 9616.86 9917.29 10214.69 10508.98 10800.06 23.31 370.60 717.78 1064.73 1411.35 1757.53 2103.17 2448.16 2792.39 3135.78 3478.20 3819.55 4159.73 4498.64 4836.18 5172.23 5506.71 5839.50 6170.51 6499.63 6826.77 7151.82 7474.69 7795.28 8113.49 8429.23 8742.40 9052.90 9360.64 9665.52 9967.46 10266.36 10562.14 10854.69 23.54 372.58 721.50 1070.20 1418.56 1766.48 2113.85 2460.57 2806.54 3151.65 3495.79 3838.86 4180.75 4521.36 4860.59 5198.33 5534.49 5868.95 6201.62 6532.40 6861.18 7187.86 7512.35 7834.55 8154.36 8471.68 8786.42 9098.48 9407.77 9714.18 10017.64 10318.04 10615.30 10909.32 23.78 374.57 725.23 1075.66 1425.77 1775.43 2124.54 2472.99 2820.69 3167.52 3513.38 3858.16 4201.77 4544.08 4885.01 5224.44 5562.27 5898.40 6232.74 6565.16 6895.59 7223.90 7550.02 7873.83 8195.23 8514.14 8830.45 9144.07 9454.90 9762.84 10067.81 10369.72 10668.46 10963.95 24.02 376.55 728.96 1081.13 1432.98 1784.38 2135.22 2485.41 2834.84 3183.40 3530.98 3877.47 4222.78 4566.80 4909.42 5250.54 5590.05 5927.86 6263.85 6597.93 6930.00 7259.95 7587.68 7913.10 8236.10 8556.60 8874.48 9189.65 9502.03 9811.51 10117.99 10421.39 10721.62 11018.58 24.26 378.53 732.68 1086.61 1440.19 1793.33 2145.91 2497.84 2848.99 3199.27 3548.57 3896.78 4243.80 4589.52 4933.84 5276.64 5617.84 5957.31 6294.97 6630.70 6964.41 7295.99 7625.35 7952.38 8276.98 8599.05 8918.51 9235.24 9549.16 9860.17 10168.17 10473.07 10774.78 11073.21 24.50 380.52 736.41 1092.08 1447.40 1802.28 2156.60 2510.26 2863.14 3215.15 3566.17 3916.10 4264.82 4612.24 4958.25 5302.75 5645.62 5986.77 6326.09 6663.47 6998.82 7332.04 7663.01 7991.65 8317.85 8641.51 8962.54 9280.83 9596.29 9908.83 10218.35 10524.75 10827.95 11127.84 24.74 382.50 740.14 1097.55 1454.62 1811.24 2167.29 2522.68 2877.30 3231.03 3583.77 3935.41 4285.84 4634.97 4982.67 5328.86 5673.41 6016.23 6357.21 6696.24 7033.24 7368.08 7700.68 8030.93 8358.72 8683.97 9006.57 9326.42 9643.43 9957.50 10268.53 10576.43 10881.11 11182.48 24.98 384.49 743.87 1103.03 1461.84 1820.19 2177.99 2535.11 2891.45 3246.91 3601.37 3954.72 4306.87 4657.69 5007.09 5354.96 5701.19 6045.68 6388.33 6729.02 7067.65 7404.13 7738.35 8070.21 8399.60 8726.43 9050.60 9372.01 9690.56 10006.16 10318.71 10628.11 10934.28 11237.11 25.22 386.48 747.61 1108.50 1469.05 1829.15 2188.68 2547.53 2905.61 3262.79 3618.97 3974.04 4327.89 4680.42 5031.51 5381.07 5728.98 6075.14 6419.45 6761.79 7102.07 7440.18 7776.02 8109.48 8440.48 8768.89 9094.64 9417.60 9737.70 10054.83 10368.89 10679.80 10987.44 11291.74 25.47 388.47 751.34 1113.98 1476.27 1838.11 2199.37 2559.96 2919.76 3278.67 3636.57 3993.35 4348.92 4703.15 5055.94 5407.18 5756.77 6104.60 6450.57 6794.57 7136.49 7476.23 7813.69 8148.76 8481.35 8811.36 9138.67 9463.20 9784.84 10103.50 10419.08 10731.48 11040.61 11346.38 25.71 390.46 755.08 1119.46 1483.49 1847.06 2210.07 2572.39 2933.92 3294.55 3654.17 4012.67 4369.94 4725.87 5080.36 5433.29 5784.56 6134.06 6481.69 6827.34 7170.91 7512.28 7851.36 8188.05 8522.23 8853.82 9182.70 9508.79 9831.98 10152.17 10469.26 10783.16 11093.78 11401.02 25.96 392.45 758.81 1124.94 1490.71 1856.03 2220.76 2584.82 2948.08 3310.44 3671.78 4031.99 4390.97 4748.60 5104.78 5459.40 5812.35 6163.53 6512.82 6860.12 7205.32 7548.33 7889.03 8227.33 8563.11 8896.28 9226.74 9554.38 9879.12 10200.83 10519.44 10834.85 11146.95 11455.65 26.21 394.44 762.55 1130.42 1497.93 1864.99 2231.46 2597.25 2962.24 3326.32 3689.38 4051.31 4412.00 4771.33 5129.21 5485.52 5840.15 6192.99 6543.94 6892.90 7239.75 7584.38 7926.71 8266.61 8603.99 8938.75 9270.78 9599.98 9926.26 10249.50 10569.63 10886.53 11200.12 11510.29 26.45 396.44 766.29 1135.90 1505.16 1873.95 2242.16 2609.68 2976.40 3342.21 3706.99 4070.63 4433.03 4794.06 5153.64 5511.63 5867.94 6222.46 6575.07 6925.68 7274.17 7620.44 7964.38 8305.89 8644.87 8981.21 9314.82 9645.58 9973.40 10298.18 10619.82 10938.22 11253.29 11564.93 26.70 398.43 770.03 1141.38 1512.38 1882.91 2252.86 2622.12 2990.56 3358.09 3724.59 4089.95 4454.06 4816.80 5178.06 5537.74 5895.73 6251.92 6606.20 6958.46 7308.59 7656.49 8002.06 8345.18 8685.75 9023.68 9358.85 9691.17 10020.54 10346.85 10670.00 10989.91 11306.46 11619.57 26.96 400.43 773.77 1146.87 1519.61 1891.88 2263.56 2634.55 3004.73 3373.98 3742.20 4109.27 4475.09 4839.53 5202.49 5563.86 5923.53 6281.39 6637.33 6991.24 7343.01 7692.55 8039.73 8384.46 8726.64 9066.15 9402.89 9736.77 10067.68 10395.52 10720.19 11041.59 11359.63 11674.21 27.21 402.43 777.51 1152.35 1526.84 1900.84 2274.27 2646.99 3018.89 3389.87 3759.81 4128.60 4496.12 4862.26 5226.92 5589.98 5951.33 6310.86 6668.46 7024.02 7377.44 7728.60 8077.41 8423.75 8767.52 9108.62 9446.93 9782.37 10114.82 10444.19 10770.38 11093.28 11412.81 11728.85 27.46 404.42 781.26 1157.84 1534.06 1909.81 2284.97 2659.42 3033.06 3405.76 3777.42 4147.92 4517.15 4885.00 5251.35 5616.10 5979.12 6340.32 6699.59 7056.80 7411.86 7764.66 8115.09 8463.04 8808.41 9151.09 9490.98 9827.97 10161.97 10492.87 10820.57 11144.97 11465.98 11783.49 27.72 406.42 785.00 1163.33 1541.29 1918.78 2295.67 2671.86 3047.23 3421.66 3795.03 4167.25 4538.19 4907.74 5275.78 5642.22 6006.92 6369.79 6730.72 7089.59 7446.29 7800.72 8152.77 8502.33 8849.29 9193.56 9535.02 9873.57 10209.11 10541.54 10870.76 11196.66 11519.15 11838.13 27.97 408.43 788.75 1168.82 1548.52 1927.75 2306.38 2684.30 3061.39 3437.55 3812.65 4186.58 4559.22 4930.47 5300.22 5668.34 6034.72 6399.27 6761.85 7122.37 7480.72 7836.78 8190.45 8541.62 8890.18 9236.03 9579.06 9919.17 10256.26 10590.22 10920.95 11248.36 11572.33 11892.78 28.23 410.43 792.49 1174.31 1555.75 1936.72 2317.09 2696.74 3075.56 3453.44 3830.26 4205.91 4580.26 4953.21 5324.65 5694.46 6062.52 6428.74 6792.99 7155.16 7515.15 7872.84 8228.13 8580.91 8931.07 9278.50 9623.11 9964.78 10303.41 10638.90 10971.15 11300.05 11625.51 11947.42 28.49 412.43 796.24 1179.80 1562.99 1945.69 2327.80 2709.18 3089.73 3469.34 3847.88 4225.24 4601.30 4975.95 5349.09 5720.58 6090.33 6458.21 6824.12 7187.95 7549.58 7908.90 8265.81 8620.20 8971.96 9320.98 9667.15 10010.38 10350.56 10687.58 11021.34 11351.74 11678.68 12002.07 28.75 414.44 799.99 1185.29 1570.22 1954.66 2338.51 2721.62 3103.91 3485.23 3865.49 4244.57 4622.34 4998.70 5373.52 5746.70 6118.13 6487.69 6855.26 7220.74 7584.01 7944.96 8303.50 8659.49 9012.85 9363.45 9711.20 10055.99 10397.71 10736.26 11071.53 11403.44 11731.86 12056.71 29.01 416.44 803.74 1190.78 1577.46 1963.64 2349.22 2734.07 3118.08 3501.13 3883.11 4263.90 4643.38 5021.44 5397.96 5772.83 6145.93 6517.16 6886.39 7253.52 7618.44 7981.03 8341.18 8698.79 9053.74 9405.93 9755.25 10101.59 10444.86 10784.94 11121.73 11455.13 11785.04 12111.36 29.27 418.45 807.49 1196.28 1584.69 1972.61 2359.93 2746.51 3132.25 3517.03 3900.73 4283.23 4664.42 5044.18 5422.40 5798.96 6173.74 6546.64 6917.53 7286.32 7652.87 8017.09 8378.87 8738.08 9094.63 9448.40 9799.30 10147.20 10492.01 10833.62 11171.92 11506.83 11838.22 12166.01 29.53 420.46 811.24 1201.77 1591.93 1981.59 2370.64 2758.96 3146.43 3532.93 3918.35 4302.57 4685.46 5066.93 5446.84 5825.08 6201.55 6576.11 6948.67 7319.11 7687.31 8053.16 8416.55 8777.38 9135.52 9490.88 9843.34 10192.81 10539.16 10882.30 11222.12 11558.52 11891.40 12220.66 29.80 422.47 815.00 1207.27 1599.17 1990.57 2381.35 2771.41 3160.60 3548.83 3935.97 4321.90 4706.51 5089.67 5471.28 5851.21 6229.35 6605.59 6979.81 7351.90 7721.74 8089.23 8454.24 8816.67 9176.42 9533.36 9887.39 10238.41 10586.31 10930.98 11272.32 11610.22 11944.58 12275.31 30.06 424.48 818.75 1212.77 1606.41 1999.55 2392.07 2783.85 3174.78 3564.73 3953.59 4341.24 4727.55 5112.42 5495.72 5877.34 6257.16 6635.07 7010.95 7384.69 7756.18 8125.29 8491.93 8855.97 9217.31 9575.84 9931.45 10284.02 10633.47 10979.67 11322.52 11661.92 11997.77 12329.96 30.33 426.49 822.51 1218.27 1613.65 2008.53 2402.79 2796.30 3188.96 3580.64 3971.22 4360.58 4748.60 5135.17 5520.16 5903.47 6284.97 6664.55 7042.10 7417.49 7790.61 8161.36 8529.62 8895.27 9258.21 9618.32 9975.50 10329.63 10680.62 11028.35 11372.72 11713.62 12050.95 12384.61 30.60 428.50 826.27 1223.77 1620.89 2017.51 2413.50 2808.75 3203.14 3596.54 3988.84 4379.91 4769.65 5157.92 5544.61 5929.60 6312.78 6694.04 7073.24 7450.28 7825.05 8197.43 8567.31 8934.57 9299.10 9660.80 10019.55 10375.25 10727.78 11077.04 11422.92 11765.32 12104.13 12439.26 30.87 430.52 830.02 1229.27 1628.13 2026.49 2424.22 2821.21 3217.32 3612.45 4006.47 4399.25 4790.69 5180.67 5569.05 5955.74 6340.60 6723.52 7104.39 7483.08 7859.49 8233.50 8605.00 8973.87 9340.00 9703.28 10063.61 10420.86 10774.93 11125.72 11473.12 11817.02 12157.32 12493.91 31.14 432.53 833.78 1234.77 1635.38 2035.48 2434.94 2833.66 3231.50 3628.35 4024.09 4418.59 4811.74 5203.42 5593.50 5981.87 6368.41 6753.00 7135.53 7515.88 7893.93 8269.57 8642.69 9013.17 9380.90 9745.77 10107.66 10466.47 10822.09 11174.41 11523.32 11868.72 12210.50 12548.57 31.41 434.55 837.55 1240.28 1642.62 2044.46 2445.66 2846.11 3245.69 3644.26 4041.72 4437.94 4832.79 5226.17 5617.95 6008.00 6396.22 6782.49 7166.68 7548.68 7928.37 8305.65 8680.39 9052.47 9421.80 9788.25 10151.72 10512.08 10869.25 11223.10 11573.52 11920.42 12263.69 12603.22 31.68 436.57 841.31 1245.78 1649.87 2053.45 2456.39 2858.57 3259.87 3660.17 4059.35 4457.28 4853.85 5248.92 5642.39 6034.14 6424.04 6811.97 7197.83 7581.48 7962.82 8341.72 8718.08 9091.78 9462.70 9830.74 10195.77 10557.70 10916.41 11271.79 11623.73 11972.13 12316.88 12657.88 31.95 438.58 845.07 1251.29 1657.12 2062.43 2467.11 2871.03 3274.06 3676.08 4076.98 4476.62 4874.90 5271.68 5666.84 6060.28 6451.85 6841.46 7228.97 7614.28 7997.26 8377.80 8755.78 9131.08 9503.60 9873.22 10239.83 10603.32 10963.57 11320.48 11673.93 12023.83 12370.07 12712.53 32.23 440.60 848.84 1256.80 1664.37 2071.42 2477.83 2883.48 3288.24 3691.99 4094.61 4495.97 4895.95 5294.43 5691.30 6086.41 6479.67 6870.95 7260.12 7647.08 8031.70 8413.87 8793.47 9170.39 9544.50 9915.71 10283.89 10648.93 11010.73 11369.17 11724.14 12075.54 12423.26 12767.19 32.51 442.63 852.60 1262.31 1671.62 2080.41 2488.56 2895.94 3302.43 3707.91 4112.24 4515.32 4917.01 5317.19 5715.75 6112.55 6507.49 6900.44 7291.28 7679.89 8066.15 8449.95 8831.17 9209.69 9585.41 9958.20 10327.95 10694.55 11057.89 11417.86 11774.35 12127.24 12476.45 12821.85 32.78 444.65 856.37 1267.82 1678.87 2089.40 2499.29 2908.40 3316.62 3723.82 4129.88 4534.66 4938.06 5339.95 5740.20 6138.69 6535.31 6929.93 7322.43 7712.69 8100.60 8486.03 8868.87 9249.00 9626.31 10000.69 10372.01 10740.17 11105.05 11466.55 11824.55 12178.95 12529.64 12876.50 33.06 446.67 860.14 1273.33 1686.12 2098.39 2510.01 2920.86 3330.81 3739.73 4147.51 4554.01 4959.12 5362.71 5764.65 6164.84 6563.13 6959.42 7353.58 7745.50 8135.04 8522.11 8906.57 9288.31 9667.22 10043.18 10416.07 10785.79 11152.22 11515.24 11874.76 12230.66 12582.83 12931.16 33.34 448.70 863.90 1278.84 1693.38 2107.39 2520.74 2933.32 3345.00 3755.65 4165.15 4573.36 4980.18 5385.47 5789.11 6190.98 6590.95 6988.91 7384.74 7778.30 8169.49 8558.19 8944.27 9327.62 9708.13 10085.67 10460.13 10831.41 11199.38 11563.94 11924.97 12282.37 12636.02 12985.82 33.62 450.72 867.68 1284.35 1700.63 2116.38 2531.47 2945.79 3359.19 3771.57 4182.78 4592.72 5001.24 5408.23 5813.57 6217.12 6618.78 7018.41 7415.89 7811.11 8203.94 8594.27 8981.97 9366.93 9749.03 10128.16 10504.20 10877.03 11246.55 11612.63 11975.18 12334.08 12689.21 13040.49 33.90 452.75 871.45 1289.87 1707.89 2125.38 2542.21 2958.25 3373.39 3787.49 4200.42 4612.07 5022.30 5430.99 5838.02 6243.27 6646.60 7047.90 7447.05 7843.92 8238.39 8630.35 9019.67 9406.24 9789.94 10170.65 10548.26 10922.65 11293.71 11661.33 12025.39 12385.79 12742.41 13095.15 34.19 454.78 875.22 1295.38 1715.14 2134.37 2552.94 2970.72 3387.58 3803.41 4218.06 4631.42 5043.36 5453.76 5862.48 6269.41 6674.42 7077.40 7478.20 7876.73 8272.84 8666.43 9057.38 9445.56 9830.85 10213.15 10592.33 10968.28 11340.88 11710.03 12075.60 12437.50 12795.60 13149.81 34.47 456.81 878.99 1300.90 1722.40 2143.37 2563.67 2983.19 3401.78 3819.33 4235.70 4650.78 5064.42 5476.52 5886.94 6295.56 6702.25 7106.89 7509.36 7909.54 8307.30 8702.52 9095.08 9484.87 9871.76 10255.64 10636.39 11013.90 11388.05 11758.73 12125.82 12489.21 12848.80 13204.47 34.76 458.84 882.77 1306.42 1729.66 2152.37 2574.41 2995.65 3415.98 3835.25 4253.34 4670.13 5085.49 5499.29 5911.40 6321.71 6730.08 7136.39 7540.52 7942.35 8341.75 8738.60 9132.79 9524.18 9912.67 10298.14 10680.46 11059.53 11435.22 11807.42 12176.03 12540.92 12902.00 13259.14 35.04 460.87 886.54 1311.94 1736.92 2161.37 2585.14 3008.12 3430.17 3851.17 4270.98 4689.49 5106.55 5522.05 5935.86 6347.86 6757.91 7165.89 7571.68 7975.16 8376.20 8774.69 9170.49 9563.50 9953.59 10340.63 10724.53 11105.15 11482.39 11856.12 12226.24 12592.64 12955.19 13313.80 35.33 462.90 890.32 1317.46 1744.19 2170.37 2595.88 3020.59 3444.37 3867.10 4288.63 4708.85 5127.62 5544.82 5960.33 6374.01 6785.74 7195.39 7602.84 8007.98 8410.66 8810.78 9208.20 9602.82 9994.50 10383.13 10768.60 11150.78 11529.56 11904.82 12276.46 12644.35 13008.39 13368.47 35.62 464.94 894.10 1322.98 1751.45 2179.37 2606.62 3033.06 3458.57 3883.02 4306.27 4728.21 5148.69 5567.59 5984.79 6400.16 6813.57 7224.89 7634.01 8040.79 8445.12 8846.86 9245.91 9642.13 10035.41 10425.63 10812.67 11196.41 11576.73 11953.53 12326.68 12696.07 13061.59 13423.13 35.91 466.97 897.88 1328.50 1758.71 2188.38 2617.36 3045.54 3472.78 3898.95 4323.92 4747.57 5169.76 5590.36 6009.26 6426.31 6841.40 7254.39 7665.17 8073.61 8479.58 8882.95 9283.62 9681.45 10076.33 10468.13 10856.74 11242.04 11623.90 12002.23 12376.89 12747.79 13114.79 13477.80 36.20 469.01 901.66 1334.03 1765.98 2197.38 2628.10 3058.01 3486.98 3914.87 4341.57 4766.93 5190.83 5613.13 6033.72 6452.46 6869.23 7283.90 7696.34 8106.42 8514.03 8919.04 9321.33 9720.77 10117.25 10510.63 10900.81 11287.67 11671.08 12050.93 12427.11 12799.50 13167.99 13532.47 36.49 471.05 905.44 1339.55 1773.25 2206.39 2638.84 3070.49 3501.18 3930.80 4359.22 4786.29 5211.90 5635.91 6058.19 6478.62 6897.06 7313.40 7727.50 8139.24 8548.49 8955.14 9359.04 9760.09 10158.16 10553.13 10944.88 11333.30 11718.25 12099.64 12477.33 12851.22 13221.19 13587.14 36.79 473.08 909.23 1345.08 1780.51 2215.39 2649.59 3082.96 3515.39 3946.73 4376.86 4805.65 5232.97 5658.68 6082.66 6504.77 6924.90 7342.91 7758.67 8172.06 8582.96 8991.23 9396.76 9799.41 10199.08 10595.64 10988.96 11378.93 11765.43 12148.34 12527.55 12902.94 13274.40 13641.81 37.08 475.12 913.01 1350.61 1787.78 2224.40 2660.33 3095.44 3529.59 3962.66 4394.52 4825.02 5254.04 5681.45 6107.13 6530.93 6952.73 7372.41 7789.84 8204.88 8617.42 9027.32 9434.47 9838.74 10240.00 10638.14 11033.03 11424.56 11812.61 12197.05 12577.77 12954.66 13327.60 13696.48 37.38 477.17 916.80 1356.14 1795.05 2233.41 2671.08 3107.92 3543.80 3978.60 4412.17 4844.38 5275.12 5704.23 6131.60 6557.09 6980.57 7401.92 7821.01 8237.70 8651.88 9063.42 9472.18 9878.06 10280.92 10680.64 11077.11 11470.20 11859.78 12245.75 12627.99 13006.38 13380.81 13751.15 37.68 479.21 920.58 1361.67 1802.32 2242.42 2681.82 3120.40 3558.01 3994.53 4429.82 4863.75 5296.19 5727.01 6156.07 6583.25 7008.41 7431.43 7852.18 8270.52 8686.34 9099.51 9509.90 9917.38 10321.84 10723.15 11121.19 11515.83 11906.96 12294.46 12678.21 13058.10 13434.01 13805.82 37.97 481.25 924.37 1367.20 1809.60 2251.43 2692.57 3132.88 3572.22 4010.46 4447.47 4883.12 5317.27 5749.79 6180.54 6609.41 7036.25 7460.94 7883.35 8303.35 8720.81 9135.61 9547.62 9956.71 10362.76 10765.66 11165.26 11561.47 11954.14 12343.17 12728.44 13109.83 13487.22 13860.50 38.27 483.30 928.16 1372.73 1816.87 2260.44 2703.32 3145.36 3586.43 4026.40 4465.13 4902.49 5338.34 5772.56 6205.02 6635.57 7064.09 7490.45 7914.52 8336.17 8755.28 9171.71 9585.33 9996.04 10403.69 10808.16 11209.34 11607.10 12001.32 12391.88 12778.66 13161.55 13540.42 13915.17 38.57 485.34 931.95 1378.26 1824.14 2269.46 2714.07 3157.84 3600.64 4042.34 4482.79 4921.86 5359.42 5795.34 6229.49 6661.73 7091.93 7519.96 7945.69 8369.00 8789.74 9207.80 9623.05 10035.36 10444.61 10850.67 11253.42 11652.74 12048.50 12440.59 12828.89 13213.27 13593.63 13969.85 38.88 487.39 935.74 1383.80 1831.42 2278.47 2724.82 3170.33 3614.86 4058.27 4500.44 4941.23 5380.50 5818.13 6253.97 6687.89 7119.77 7549.47 7976.87 8401.82 8824.21 9243.90 9660.77 10074.69 10485.54 10893.18 11297.50 11698.38 12095.68 12489.30 12879.11 13265.00 13646.84 14024.52 39.18 489.44 939.53 1389.33 1838.70 2287.49 2735.57 3182.81 3629.07 4074.21 4518.10 4960.60 5401.58 5840.91 6278.44 6714.06 7147.62 7578.99 8008.04 8434.65 8858.68 9280.00 9698.49 10114.02 10526.46 10935.69 11341.58 11744.02 12142.87 12538.01 12929.34 13316.72 13700.05 14079.20 39.48 491.49 943.33 1394.87 1845.98 2296.51 2746.33 3195.30 3643.29 4090.15 4535.76 4979.98 5422.67 5863.69 6302.92 6740.22 7175.46 7608.50 8039.22 8467.48 8893.15 9316.11 9736.22 10153.35 10567.39 10978.20 11385.67 11789.66 12190.05 12586.73 12979.57 13368.45 13753.26 14133.88 39.79 493.54 947.12 1400.41 1853.26 2305.53 2757.08 3207.79 3657.50 4106.09 4553.42 4999.35 5443.75 5886.48 6327.40 6766.39 7203.31 7638.02 8070.40 8500.31 8927.62 9352.21 9773.94 10192.68 10608.32 11020.72 11429.75 11835.30 12237.24 12635.44 13029.80 13420.18 13806.47 14188.55 40.10 495.59 950.92 1405.95 1860.54 2314.55 2767.84 3220.28 3671.72 4122.04 4571.08 5018.73 5464.83 5909.26 6351.88 6792.56 7231.15 7667.54 8101.58 8533.14 8962.09 9388.31 9811.66 10232.02 10649.25 11063.23 11473.83 11880.94 12284.42 12684.16 13080.03 13471.91 13859.68 14243.23 40.40 497.64 954.72 1411.49 1867.82 2323.57 2778.60 3232.77 3685.94 4137.98 4588.75 5038.11 5485.92 5932.05 6376.36 6818.73 7259.00 7697.06 8132.76 8565.97 8996.57 9424.42 9849.39 10271.35 10690.18 11105.74 11517.92 11926.58 12331.61 12732.87 13130.26 13523.64 13912.90 14297.91 40.71 499.70 958.52 1417.03 1875.10 2332.59 2789.35 3245.26 3700.16 4153.92 4606.41 5057.48 5507.01 5954.84 6400.85 6844.90 7286.85 7726.57 8163.94 8598.80 9031.04 9460.52 9887.11 10310.68 10731.11 11148.26 11562.01 11972.23 12378.80 12781.59 13180.49 13575.37 13966.11 14352.59 41.02 501.75 962.32 1422.57 1882.39 2341.61 2800.11 3257.75 3714.38 4169.87 4624.08 5076.86 5528.09 5977.63 6425.33 6871.07 7314.70 7756.10 8195.12 8631.64 9065.52 9496.63 9924.84 10350.02 10772.04 11190.77 11606.09 12017.87 12425.98 12830.31 13230.72 13627.10 14019.32 14407.28 41.33 503.81 966.12 1428.12 1889.67 2350.64 2810.87 3270.24 3728.60 4185.82 4641.74 5096.24 5549.18 6000.42 6449.82 6897.24 7342.55 7785.62 8226.30 8664.47 9099.99 9532.74 9962.57 10389.36 10812.97 11233.29 11650.18 12063.52 12473.17 12879.03 13280.95 13678.83 14072.54 14461.96 41.65 505.87 969.92 1433.66 1896.96 2359.66 2821.64 3282.74 3742.83 4201.76 4659.41 5115.63 5570.27 6023.21 6474.30 6923.41 7370.40 7815.14 8257.49 8697.31 9134.47 9568.85 10000.30 10428.69 10853.91 11275.81 11694.27 12109.16 12520.36 12927.75 13331.19 13730.56 14125.75 14516.64 41.96 507.92 973.72 1439.21 1904.25 2368.69 2832.40 3295.23 3757.05 4217.71 4677.08 5135.01 5591.36 6046.00 6498.79 6949.59 7398.26 7844.66 8288.67 8730.14 9168.95 9604.95 10038.03 10468.03 10894.84 11318.33 11738.36 12154.81 12567.56 12976.47 13381.42 13782.30 14178.97 14571.33 42.28 509.98 977.53 1444.76 1911.53 2377.72 2843.16 3307.73 3771.28 4233.66 4694.75 5154.39 5612.46 6068.80 6523.28 6975.76 7426.11 7874.19 8319.86 8762.98 9203.43 9641.07 10075.76 10507.37 10935.78 11360.85 11782.45 12200.46 12614.75 13025.19 13431.66 13834.03 14232.19 14626.01 42.59 512.05 981.33 1450.31 1918.82 2386.75 2853.93 3320.23 3785.50 4249.62 4712.42 5173.78 5633.55 6091.59 6547.77 7001.94 7453.97 7903.71 8351.04 8795.82 9237.91 9677.18 10113.49 10546.71 10976.72 11403.37 11826.54 12246.11 12661.94 13073.91 13481.89 13885.77 14285.41 14680.70 42.91 514.11 985.14 1455.86 1926.12 2395.78 2864.69 3332.73 3799.73 4265.57 4730.09 5193.16 5654.64 6114.39 6572.26 7028.12 7481.82 7933.24 8382.23 8828.66 9272.39 9713.29 10151.22 10586.05 11017.65 11445.89 11870.64 12291.76 12709.13 13122.63 13532.13 13937.50 14338.63 14735.38 43.23 516.17 988.95 1461.41 1933.41 2404.81 2875.46 3345.23 3813.96 4281.52 4747.77 5212.55 5675.74 6137.18 6596.75 7054.29 7509.68 7962.77 8413.42 8861.50 9306.88 9749.40 10188.96 10625.40 11058.59 11488.41 11914.73 12337.41 12756.33 13171.36 13582.37 13989.24 14391.85 14790.07 43.55 518.24 992.76 1466.96 1940.70 2413.84 2886.23 3357.73 3828.19 4297.48 4765.44 5231.94 5696.83 6159.98 6621.24 7080.47 7537.54 7992.30 8444.61 8894.34 9341.36 9785.52 10226.69 10664.74 11099.53 11530.94 11958.82 12383.06 12803.52 13220.08 13632.61 14040.98 14445.07 14844.76 43.87 520.30 996.57 1472.51 1948.00 2422.87 2897.00 3370.23 3842.42 4313.43 4783.12 5251.33 5717.93 6182.78 6645.74 7106.66 7565.40 8021.83 8475.80 8927.19 9375.84 9821.64 10264.43 10704.08 11140.47 11573.46 12002.92 12428.72 12850.72 13268.81 13682.85 14092.72 14498.29 14899.45 44.19 522.37 1000.38 1478.07 1955.29 2431.91 2907.77 3382.74 3856.66 4329.39 4800.79 5270.72 5739.03 6205.58 6670.23 7132.84 7593.26 8051.36 8507.00 8960.03 9410.33 9857.75 10302.16 10743.43 11181.41 11615.99 12047.02 12474.37 12897.92 13317.53 13733.09 14144.46 14551.51 14954.14 44.51 524.44 1004.19 1483.62 1962.59 2440.95 2918.54 3395.24 3870.89 4345.35 4818.47 5290.11 5760.13 6228.38 6694.73 7159.02 7621.12 8080.89 8538.19 8992.88 9444.82 9893.87 10339.90 10782.78 11222.36 11658.51 12091.11 12520.03 12945.12 13366.26 13783.33 14196.20 14604.74 15008.83 44.84 526.51 1008.00 1489.18 1969.89 2449.98 2929.32 3407.75 3885.13 4361.31 4836.15 5309.51 5781.23 6251.19 6719.22 7185.20 7648.98 8110.42 8569.38 9025.72 9479.30 9929.99 10377.64 10822.12 11263.30 11701.04 12135.21 12565.68 12992.32 13414.99 13833.57 14247.94 14657.96 15063.52 45.16 528.58 1011.82 1494.74 1977.19 2459.02 2940.09 3420.26 3899.36 4377.27 4853.83 5328.90 5802.34 6273.99 6743.72 7211.39 7676.85 8139.96 8600.58 9058.57 9513.79 9966.11 10415.38 10861.47 11304.25 11743.57 12179.31 12611.34 13039.52 13463.72 13883.82 14299.68 14711.19 15118.21 45.49 530.65 1015.63 1500.30 1984.49 2468.06 2950.87 3432.76 3913.60 4393.23 4871.51 5348.30 5823.44 6296.80 6768.22 7237.58 7704.71 8169.49 8631.78 9091.42 9548.28 10002.23 10453.12 10900.82 11345.19 11786.10 12223.41 12657.00 13086.72 13512.45 13934.06 14351.42 14764.41 15172.90 45.82 532.72 1019.45 1505.86 1991.79 2477.10 2961.65 3445.27 3927.84 4409.19 4889.19 5367.69 5844.54 6319.60 6792.72 7263.76 7732.58 8199.03 8662.97 9124.27 9582.77 10038.35 10490.86 10940.17 11386.14 11828.63 12267.51 12702.65 13133.92 13561.18 13984.31 14403.17 14817.64 15227.60 46.15 534.80 1023.27 1511.42 1999.09 2486.14 2972.42 3457.78 3942.08 4425.16 4906.88 5387.09 5865.65 6342.41 6817.22 7289.95 7760.45 8228.57 8694.17 9157.12 9617.27 10074.47 10528.61 10979.52 11427.09 11871.16 12311.62 12748.31 13181.12 13609.91 14034.55 14454.91 14870.87 15282.29 46.48 536.87 1027.09 1516.98 2006.40 2495.19 2983.20 3470.30 3956.32 4441.12 4924.56 5406.49 5886.76 6365.22 6841.73 7316.14 7788.32 8258.11 8725.37 9189.97 9651.76 10110.60 10566.35 11018.87 11468.04 11913.70 12355.72 12793.98 13228.33 13658.65 14084.80 14506.66 14924.10 15336.99 46.81 538.95 1030.91 1522.55 2013.70 2504.23 2993.98 3482.81 3970.56 4457.09 4942.25 5425.89 5907.86 6388.03 6866.23 7342.33 7816.19 8287.65 8756.57 9222.82 9686.25 10146.72 10604.10 11058.23 11508.98 11956.23 12399.82 12839.64 13275.53 13707.38 14135.05 14558.41 14977.33 15391.68 47.14 541.03 1034.73 1528.11 2021.01 2513.28 3004.76 3495.32 3984.80 4473.06 4959.94 5445.29 5928.97 6410.84 6890.74 7368.52 7844.06 8317.19 8787.78 9255.68 9720.75 10182.85 10641.84 11097.58 11549.94 11998.76 12443.93 12885.30 13322.74 13756.11 14185.30 14610.15 15030.56 15446.38 47.47 543.11 1038.56 1533.68 2028.32 2522.32 3015.55 3507.84 3999.05 4489.03 4977.62 5464.69 5950.08 6433.65 6915.24 7394.72 7871.93 8346.73 8818.98 9288.53 9755.24 10218.98 10679.59 11136.94 11590.89 12041.30 12488.04 12930.96 13369.95 13804.85 14235.55 14661.90 15083.79 15501.08 47.81 545.19 1042.38 1539.24 2035.62 2531.37 3026.33 3520.36 4013.29 4505.00 4995.31 5484.10 5971.19 6456.46 6939.75 7420.91 7899.80 8376.27 8850.18 9321.39 9789.74 10255.11 10717.34 11176.29 11631.84 12083.83 12532.14 12976.63 13417.15 13853.59 14285.80 14713.65 15137.02 15555.78 48.15 547.27 1046.21 1544.81 2042.93 2540.42 3037.12 3532.87 4027.54 4520.97 5013.00 5503.50 5992.31 6479.27 6964.26 7447.11 7927.67 8405.82 8881.39 9354.24 9824.24 10291.23 10755.09 11215.65 11672.79 12126.37 12576.25 13022.29 13464.36 13902.32 14336.05 14765.40 15190.25 15610.48 48.48 549.35 1050.03 1550.38 2050.25 2549.47 3047.90 3545.39 4041.79 4536.94 5030.70 5522.91 6013.42 6502.09 6988.77 7473.30 7955.55 8435.36 8912.59 9387.10 9858.74 10327.37 10792.84 11255.01 11713.75 12168.91 12620.36 13067.96 13511.57 13951.06 14386.30 14817.15 15243.49 15665.18 48.82 551.43 1053.86 1555.95 2057.56 2558.52 3058.69 3557.91 4056.04 4552.91 5048.39 5542.31 6034.53 6524.91 7013.28 7499.50 7983.43 8464.91 8943.80 9419.96 9893.24 10363.50 10830.59 11294.37 11754.70 12211.45 12664.47 13113.63 13558.78 13999.80 14436.55 14868.90 15296.72 15719.88 49.16 553.52 1057.69 1561.53 2064.87 2567.57 3069.48 3570.43 4070.29 4568.89 5066.08 5561.72 6055.65 6547.72 7037.79 7525.70 8011.30 8494.46 8975.01 9452.82 9927.74 10399.63 10868.34 11333.73 11795.66 12253.99 12708.58 13159.29 13605.99 14048.54 14486.81 14920.66 15349.96 15774.58 49.50 555.60 1061.52 1567.10 2072.19 2576.63 3080.27 3582.96 4084.54 4584.86 5083.78 5581.13 6076.77 6570.54 7062.30 7551.90 8039.18 8524.00 9006.22 9485.68 9962.24 10435.76 10906.09 11373.09 11836.62 12296.53 12752.69 13204.96 13653.20 14097.28 14537.06 14972.41 15403.20 15829.29 49.84 557.69 1065.35 1572.67 2079.50 2585.68 3091.06 3595.48 4098.79 4600.84 5101.47 5600.54 6097.88 6593.36 7086.81 7578.10 8067.06 8553.55 9037.43 9518.54 9996.75 10471.90 10943.85 11412.45 11877.58 12339.07 12796.80 13250.63 13700.42 14146.02 14587.32 15024.17 15456.43 15883.99 50.19 559.78 1069.18 1578.25 2086.82 2594.74 3101.85 3608.01 4113.05 4616.82 5119.17 5619.95 6119.00 6616.18 7111.33 7604.30 8094.94 8583.10 9068.64 9551.41 10031.25 10508.03 10981.60 11451.82 11918.54 12381.62 12840.92 13296.30 13747.63 14194.77 14637.58 15075.92 15509.67 15938.69 50.53 561.87 1073.02 1583.83 2094.14 2603.80 3112.64 3620.53 4127.30 4632.80 5136.87 5639.36 6140.12 6639.00 7135.85 7630.50 8122.82 8612.66 9099.85 9584.27 10065.76 10544.17 11019.36 11491.18 11959.50 12424.16 12885.03 13341.97 13794.85 14243.51 14687.83 15127.68 15562.91 15993.40 50.88 563.96 1076.85 1589.40 2101.46 2612.85 3123.44 3633.06 4141.56 4648.78 5154.57 5658.78 6161.25 6661.83 7160.36 7656.71 8150.70 8642.21 9131.07 9617.14 10100.26 10580.31 11057.11 11530.55 12000.46 12466.71 12929.15 13387.65 13842.06 14292.26 14738.09 15179.43 15616.15 16048.11 51.22 566.05 1080.69 1594.98 2108.78 2621.91 3134.23 3645.59 4155.81 4664.76 5172.27 5678.19 6182.37 6684.65 7184.88 7682.91 8178.59 8671.76 9162.28 9650.00 10134.77 10616.44 11094.87 11569.91 12041.42 12509.25 12973.27 13433.32 13889.28 14341.00 14788.35 15231.19 15669.39 16102.81 51.57 568.14 1084.53 1600.56 2116.10 2630.97 3145.03 3658.12 4170.07 4680.74 5189.97 5697.61 6203.49 6707.47 7209.40 7709.12 8206.47 8701.32 9193.50 9682.87 10169.28 10652.58 11132.63 11609.28 12082.38 12551.80 13017.38 13479.00 13936.50 14389.75 14838.61 15282.95 15722.63 16157.52 51.92 570.24 1088.37 1606.15 2123.42 2640.04 3155.83 3670.65 4184.33 4696.73 5207.67 5717.02 6224.62 6730.30 7233.92 7735.32 8234.36 8730.87 9224.72 9715.74 10203.79 10688.72 11170.39 11648.65 12123.35 12594.35 13061.50 13524.67 13983.72 14438.50 14888.87 15334.71 15775.87 16212.23 52.27 572.33 1092.21 1611.73 2130.75 2649.10 3166.63 3683.18 4198.59 4712.71 5225.38 5736.44 6245.74 6753.13 7258.44 7761.53 8262.25 8760.43 9255.93 9748.61 10238.30 10724.86 11208.15 11688.02 12164.31 12636.89 13105.62 13570.35 14030.94 14487.24 14939.13 15386.47 15829.12 16266.94 52.62 574.43 1096.05 1617.31 2138.07 2658.16 3177.43 3695.71 4212.85 4728.70 5243.08 5755.86 6266.87 6775.96 7282.96 7787.74 8290.13 8789.99 9287.15 9781.48 10272.81 10761.01 11245.91 11727.39 12205.28 12679.44 13149.74 13616.03 14078.16 14535.99 14989.40 15438.23 15882.36 16321.65 52.97 576.53 1099.89 1622.90 2145.40 2667.23 3188.23 3708.25 4227.12 4744.68 5260.79 5775.28 6288.00 6798.79 7307.49 7813.95 8318.02 8819.55 9318.37 9814.35 10307.33 10797.15 11283.68 11766.76 12246.25 12722.00 13193.86 13661.70 14125.38 14584.74 15039.66 15489.99 15935.60 16376.36 53.33 578.63 1103.73 1628.48 2152.73 2676.29 3199.03 3720.78 4241.38 4760.67 5278.50 5794.70 6309.13 6821.62 7332.01 7840.16 8345.91 8849.11 9349.59 9847.22 10341.84 10833.30 11321.44 11806.13 12287.21 12764.55 13237.98 13707.38 14172.60 14633.49 15089.93 15541.76 15988.85 16431.07 53.68 580.73 1107.58 1634.07 2160.05 2685.36 3209.84 3733.32 4255.64 4776.66 5296.21 5814.12 6330.26 6844.45 7356.54 7866.38 8373.80 8878.67 9380.82 9880.10 10376.35 10869.44 11359.21 11845.50 12328.18 12807.10 13282.11 13753.06 14219.82 14682.25 15140.19 15593.52 16042.10 16485.78 54.04 582.83 1111.42 1639.66 2167.38 2694.43 3220.64 3745.85 4269.91 4792.65 5313.92 5833.55 6351.39 6867.28 7381.07 7892.59 8401.70 8908.23 9412.04 9912.97 10410.87 10905.59 11396.97 11884.88 12369.15 12849.65 13326.23 13798.74 14267.05 14731.00 15190.46 15645.29 16095.34 16540.50 54.40 584.93 1115.27 1645.25 2174.71 2703.50 3231.45 3758.39 4284.18 4808.64 5331.63 5852.97 6372.52 6890.11 7405.59 7918.80 8429.59 8937.79 9443.26 9945.85 10445.39 10941.74 11434.74 11924.25 12410.13 12892.21 13370.36 13844.43 14314.27 14779.75 15240.72 15697.05 16148.59 16595.21 54.75 587.03 1119.12 1650.84 2182.05 2712.57 3242.25 3770.93 4298.45 4824.64 5349.34 5872.40 6393.66 6912.95 7430.12 7945.02 8457.48 8967.36 9474.49 9978.72 10479.90 10977.88 11472.51 11963.63 12451.10 12934.76 13414.48 13890.11 14361.50 14828.51 15290.99 15748.82 16201.84 16649.93 55.11 589.14 1122.96 1656.43 2189.38 2721.64 3253.06 3783.47 4312.72 4840.63 5367.05 5891.83 6414.79 6935.79 7454.65 7971.24 8485.38 8996.92 9505.72 10011.60 10514.42 11014.03 11510.28 12003.01 12492.07 12977.32 13458.61 13935.79 14408.72 14877.26 15341.26 15800.58 16255.09 16704.64 55.47 591.24 1126.81 1662.03 2196.71 2730.72 3263.87 3796.02 4326.99 4856.62 5384.77 5911.25 6435.93 6958.62 7479.18 7997.46 8513.28 9026.49 9536.94 10044.48 10548.94 11050.18 11548.05 12042.38 12533.04 13019.88 13502.74 13981.48 14455.95 14926.02 15391.53 15852.35 16308.34 16759.36 55.84 593.35 1130.67 1667.62 2204.05 2739.79 3274.68 3808.56 4341.26 4872.62 5402.48 5930.68 6457.06 6981.46 7503.72 8023.67 8541.17 9056.06 9568.17 10077.36 10583.46 11086.34 11585.82 12081.76 12574.02 13062.44 13546.87 14027.16 14503.18 14974.77 15441.80 15904.12 16361.59 16814.08 56.20 595.46 1134.52 1673.22 2211.39 2748.87 3285.49 3821.10 4355.53 4888.62 5420.20 5950.11 6478.20 7004.30 7528.25 8049.89 8569.07 9085.63 9599.40 10110.24 10617.99 11122.49 11623.59 12121.14 12615.00 13105.00 13591.00 14072.85 14550.41 15023.53 15492.07 15955.89 16414.85 16868.80 56.56 597.57 1138.37 1678.81 2218.73 2757.95 3296.31 3833.65 4369.81 4904.62 5437.92 5969.55 6499.34 7027.14 7552.79 8076.12 8596.97 9115.20 9630.63 10143.12 10652.51 11158.64 11661.36 12160.53 12655.97 13147.56 13635.13 14118.54 14597.64 15072.29 15542.35 16007.66 16468.10 16923.52 56.93 599.68 1142.23 1684.41 2226.06 2767.02 3307.12 3846.20 4384.08 4920.62 5455.64 5988.98 6520.48 7049.98 7577.32 8102.34 8624.87 9144.77 9661.86 10176.00 10687.03 11194.80 11699.14 12199.91 12696.95 13190.12 13679.26 14164.23 14644.87 15121.05 15592.62 16059.43 16521.35 16978.24 57.30 601.79 1146.08 1690.01 2233.41 2776.10 3317.94 3858.74 4398.36 4936.62 5473.36 6008.41 6541.62 7072.83 7601.86 8128.56 8652.78 9174.34 9693.10 10208.89 10721.56 11230.95 11736.91 12239.29 12737.93 13232.68 13723.39 14209.92 14692.10 15169.81 15642.89 16111.21 16574.61 17032.96 57.66 603.90 1149.94 1695.61 2240.75 2785.18 3328.75 3871.29 4412.64 4952.62 5491.08 6027.85 6562.77 7095.67 7626.40 8154.79 8680.68 9203.91 9724.33 10241.77 10756.09 11267.11 11774.69 12278.67 12778.91 13275.24 13767.53 14255.61 14739.34 15218.57 15693.17 16162.98 16627.86 17087.68 58.03 606.02 1153.80 1701.21 2248.09 2794.26 3339.57 3883.84 4426.92 4968.62 5508.80 6047.28 6583.91 7118.51 7650.94 8181.01 8708.58 9233.49 9755.57 10274.66 10790.61 11303.27 11812.47 12318.06 12819.89 13317.81 13811.66 14301.30 14786.57 15267.34 15743.44 16214.75 16681.12 17142.40 58.40 608.13 1157.66 1706.82 2255.43 2803.35 3350.39 3896.39 4441.20 4984.63 5526.52 6066.72 6605.05 7141.36 7675.48 8207.24 8736.49 9263.06 9786.80 10307.55 10825.14 11339.43 11850.25 12357.45 12860.87 13360.37 13855.80 14346.99 14833.81 15316.10 15793.72 16266.53 16734.38 17197.13 58.78 610.25 1161.52 1712.42 2262.78 2812.43 3361.21 3908.95 4455.48 5000.63 5544.25 6086.16 6626.20 7164.21 7700.02 8233.47 8764.39 9292.64 9818.04 10340.44 10859.67 11375.59 11888.03 12396.83 12901.86 13402.94 13899.93 14392.68 14881.04 15364.86 15844.00 16318.30 16787.64 17251.85 59.15 612.37 1165.38 1718.02 2270.12 2821.52 3372.03 3921.50 4469.76 5016.64 5561.97 6105.60 6647.35 7187.06 7724.56 8259.70 8792.30 9322.22 9849.28 10373.32 10894.20 11411.75 11925.81 12436.22 12942.84 13445.51 13944.07 14438.38 14928.28 15413.63 15894.28 16370.08 16840.90 17306.58 59.52 614.49 1169.25 1723.63 2277.47 2830.60 3382.85 3934.06 4484.04 5032.65 5579.70 6125.04 6668.50 7209.91 7749.10 8285.93 8820.21 9351.79 9880.52 10406.22 10928.73 11447.91 11963.59 12475.61 12983.82 13488.07 13988.21 14484.07 14975.52 15462.40 15944.56 16421.86 16894.15 17361.30 59.90 616.61 1173.11 1729.24 2284.82 2839.69 3393.68 3946.61 4498.33 5048.66 5597.43 6144.48 6689.65 7232.76 7773.65 8312.16 8848.12 9381.37 9911.76 10439.11 10963.26 11484.07 12001.37 12515.00 13024.81 13530.64 14032.35 14529.77 15022.76 15511.16 15994.84 16473.64 16947.42 17416.03 60.27 618.73 1176.98 1734.85 2292.17 2848.78 3404.50 3959.17 4512.61 5064.67 5615.16 6163.92 6710.80 7255.61 7798.19 8338.39 8876.03 9410.95 9943.00 10472.00 10997.80 11520.24 12039.15 12554.39 13065.80 13573.21 14076.49 14575.46 15070.00 15559.93 16045.12 16525.42 17000.68 17470.76 60.65 620.85 1180.84 1740.46 2299.52 2857.87 3415.33 3971.73 4526.90 5080.68 5632.89 6183.37 6731.95 7278.46 7822.74 8364.62 8903.94 9440.54 9974.24 10504.89 11032.33 11556.40 12076.94 12593.78 13106.78 13615.78 14120.63 14621.16 15117.24 15608.70 16095.40 16577.20 17053.94 17525.48 61.03 622.97 1184.71 1746.07 2306.87 2866.96 3426.15 3984.29 4541.19 5096.69 5650.62 6202.81 6753.10 7301.31 7847.29 8390.86 8931.86 9470.12 10005.48 10537.79 11066.87 11592.57 12114.72 12633.18 13147.77 13658.36 14164.77 14666.86 15164.48 15657.47 16145.68 16628.98 17107.20 17580.21 61.41 625.10 1188.58 1751.68 2314.23 2876.05 3436.98 3996.85 4555.48 5112.70 5668.35 6222.26 6774.25 7324.17 7871.84 8417.09 8959.77 9499.70 10036.73 10570.68 11101.40 11628.73 12152.51 12672.57 13188.76 13700.93 14208.91 14712.56 15211.72 15706.24 16195.97 16680.76 17160.47 17634.94 61.79 627.22 1192.45 1757.29 2321.58 2885.15 3447.81 4009.41 4569.77 5128.72 5686.09 6241.71 6795.41 7347.03 7896.39 8443.33 8987.68 9529.29 10067.97 10603.58 11135.94 11664.90 12190.30 12711.97 13229.75 13743.50 14253.06 14758.26 15258.96 15755.01 16246.25 16732.54 17213.73 17689.68 62.17 629.35 1196.32 1762.91 2328.94 2894.24 3458.64 4021.97 4584.06 5144.73 5703.82 6261.16 6816.57 7369.88 7920.94 8469.57 9015.60 9558.87 10099.22 10636.48 11170.48 11701.07 12228.08 12751.36 13270.75 13786.08 14297.20 14803.96 15306.21 15803.78 16296.54 16784.33 17267.00 17744.41 62.55 631.48 1200.19 1768.52 2336.29 2903.34 3469.47 4034.54 4598.35 5160.75 5721.56 6280.61 6837.72 7392.74 7945.49 8495.81 9043.52 9588.46 10130.47 10669.38 11205.02 11737.24 12265.87 12790.76 13311.74 13828.65 14341.35 14849.67 15353.45 15852.56 16346.83 16836.11 17320.26 17799.14 62.94 633.61 1204.07 1774.14 2343.65 2912.43 3480.31 4047.10 4612.65 5176.77 5739.30 6300.06 6858.88 7415.60 7970.05 8522.05 9071.44 9618.05 10161.72 10702.28 11239.56 11773.41 12303.66 12830.16 13352.73 13871.23 14385.49 14895.37 15400.70 15901.33 16397.11 16887.90 17373.53 17853.87 63.32 635.74 1207.94 1779.76 2351.01 2921.53 3491.14 4059.67 4626.94 5192.79 5757.03 6319.51 6880.04 7438.46 7994.60 8548.29 9099.36 9647.64 10192.97 10735.18 11274.10 11809.58 12341.46 12869.56 13393.73 13913.81 14429.64 14941.07 15447.95 15950.11 16447.40 16939.68 17426.80 17908.61 63.71 637.87 1211.82 1785.38 2358.37 2930.63 3501.98 4072.24 4641.24 5208.81 5774.77 6338.96 6901.20 7461.32 8019.16 8574.53 9127.28 9677.23 10224.22 10768.08 11308.65 11845.76 12379.25 12908.96 13434.72 13956.39 14473.79 14986.78 15495.19 15998.88 16497.69 16991.47 17480.07 17963.34 64.10 640.00 1215.70 1791.00 2365.73 2939.73 3512.81 4084.81 4655.54 5224.83 5792.51 6358.42 6922.36 7484.19 8043.71 8600.77 9155.20 9706.82 10255.47 10800.98 11343.19 11881.93 12417.04 12948.36 13475.72 13998.97 14517.94 15032.48 15542.44 16047.66 16547.98 17043.26 17533.34 18018.08 64.49 642.14 1219.57 1796.62 2373.10 2948.83 3523.65 4097.37 4669.83 5240.85 5810.26 6377.87 6943.53 7507.05 8068.27 8627.02 9183.12 9736.41 10286.72 10833.89 11377.73 11918.11 12454.84 12987.76 13516.72 14041.55 14562.09 15078.19 15589.69 16096.44 16598.27 17095.05 17586.61 18072.81 64.88 644.27 1223.45 1802.24 2380.46 2957.93 3534.49 4109.95 4684.13 5256.88 5828.00 6397.33 6964.69 7529.92 8092.83 8653.26 9211.04 9766.00 10317.98 10866.79 11412.28 11954.28 12492.63 13027.16 13557.72 14084.13 14606.24 15123.90 15636.94 16145.21 16648.56 17146.84 17639.88 18127.55 65.27 646.41 1227.33 1807.86 2387.82 2967.04 3545.33 4122.52 4698.43 5272.90 5845.74 6416.79 6985.86 7552.78 8117.39 8679.51 9238.97 9795.60 10349.23 10899.70 11446.83 11990.46 12530.43 13066.57 13598.72 14126.71 14650.40 15169.61 15684.19 16193.99 16698.86 17198.63 17693.15 18182.29 65.66 648.55 1231.22 1813.49 2395.19 2976.14 3556.17 4135.09 4712.74 5288.93 5863.49 6436.24 7007.02 7575.65 8141.95 8705.76 9266.90 9825.20 10380.49 10932.60 11481.38 12026.64 12568.22 13105.97 13639.72 14169.29 14694.55 15215.32 15731.45 16242.77 16749.15 17250.42 17746.43 18237.03 66.06 650.69 1235.10 1819.12 2402.56 2985.25 3567.01 4147.67 4727.04 5304.95 5881.23 6455.70 7028.19 7598.52 8166.51 8732.01 9294.82 9854.79 10411.74 10965.51 11515.92 12062.82 12606.02 13145.38 13680.72 14211.88 14738.70 15261.03 15778.70 16291.56 16799.44 17302.21 17799.70 18291.77 66.45 652.83 1238.98 1824.74 2409.93 2994.36 3577.85 4160.24 4741.34 5320.98 5898.98 6475.17 7049.36 7621.39 8191.08 8758.26 9322.75 9884.39 10443.00 10998.42 11550.47 12099.00 12643.82 13184.78 13721.72 14254.46 14782.86 15306.74 15825.95 16340.34 16849.74 17354.00 17852.98 18346.51 66.85 654.97 1242.87 1830.37 2417.30 3003.46 3588.70 4172.82 4755.65 5337.01 5916.73 6494.63 7070.53 7644.26 8215.64 8784.51 9350.68 9913.99 10474.26 11031.33 11585.03 12135.18 12681.62 13224.19 13762.72 14297.05 14827.01 15352.45 15873.21 16389.12 16900.04 17405.80 17906.25 18401.25 67.24 657.11 1246.76 1836.00 2424.67 3012.57 3599.54 4185.40 4769.96 5353.04 5934.48 6514.09 7091.70 7667.13 8240.21 8810.76 9378.61 9943.59 10505.52 11064.24 11619.58 12171.36 12719.42 13263.60 13803.73 14339.64 14871.17 15398.17 15920.46 16437.91 16950.33 17457.59 17959.53 18455.99 67.64 659.25 1250.64 1841.63 2432.04 3021.69 3610.39 4197.98 4784.26 5369.07 5952.23 6533.56 7112.87 7690.00 8264.77 8837.01 9406.54 9973.19 10536.78 11097.15 11654.13 12207.54 12757.23 13303.01 13844.73 14382.23 14915.33 15443.88 15967.72 16486.69 17000.63 17509.39 18012.81 18510.74 68.04 661.40 1254.53 1847.26 2439.41 3030.80 3621.24 4210.56 4798.57 5385.11 5969.98 6553.02 7134.04 7712.88 8289.34 8863.27 9434.47 10002.79 10568.05 11130.07 11688.69 12243.73 12795.03 13342.42 13885.74 14424.82 14959.49 15489.60 16014.98 16535.48 17050.93 17561.18 18066.09 18565.48 68.44 663.54 1258.42 1852.90 2446.79 3039.91 3632.09 4223.14 4812.88 5401.14 5987.74 6572.49 7155.22 7735.75 8313.91 8889.52 9462.41 10032.39 10599.31 11162.98 11723.24 12279.91 12832.83 13381.83 13926.75 14467.41 15003.65 15535.31 16062.24 16584.26 17101.23 17612.98 18119.37 18620.23 68.85 665.69 1262.31 1858.53 2454.16 3049.02 3642.94 4235.72 4827.19 5417.18 6005.49 6591.96 7176.39 7758.63 8338.48 8915.78 9490.34 10062.00 10630.57 11195.90 11757.80 12316.10 12870.64 13421.25 13967.75 14510.00 15047.81 15581.03 16109.50 16633.05 17151.53 17664.78 18172.65 18674.97 69.25 667.84 1266.21 1864.17 2461.54 3058.14 3653.79 4248.30 4841.51 5433.21 6023.25 6611.42 7197.57 7781.51 8363.05 8942.04 9518.28 10091.60 10661.84 11228.81 11792.35 12352.29 12908.45 13460.66 14008.76 14552.59 15091.97 15626.75 16156.76 16681.84 17201.83 17716.58 18225.93 18729.72 69.65 669.99 1270.10 1869.80 2468.92 3067.26 3664.64 4260.89 4855.82 5449.25 6041.00 6630.89 7218.75 7804.38 8387.63 8968.29 9546.21 10121.21 10693.11 11261.73 11826.91 12388.48 12946.25 13500.08 14049.77 14595.18 15136.14 15672.47 16204.02 16730.63 17252.13 17768.38 18279.21 18784.47 70.06 672.14 1274.00 1875.44 2476.30 3076.37 3675.50 4273.48 4870.13 5465.29 6058.76 6650.37 7239.93 7827.26 8412.20 8994.55 9574.15 10150.82 10724.38 11294.65 11861.47 12424.67 12984.06 13539.49 14090.79 14637.78 15180.30 15718.19 16251.28 16779.42 17302.44 17820.18 18332.49 18839.21 70.46 674.29 1277.89 1881.08 2483.68 3085.49 3686.35 4286.06 4884.45 5481.33 6076.52 6669.84 7261.11 7850.14 8436.77 9020.81 9602.09 10180.43 10755.64 11327.57 11896.03 12460.86 13021.87 13578.91 14131.80 14680.37 15224.46 15763.91 16298.55 16828.21 17352.74 17871.98 18385.77 18893.96 70.87 676.44 1281.79 1886.72 2491.06 3094.61 3697.21 4298.65 4898.77 5497.37 6094.28 6689.31 7282.29 7873.03 8461.35 9047.08 9630.03 10210.04 10786.91 11360.49 11930.59 12497.05 13059.68 13618.33 14172.81 14722.97 15268.63 15809.63 16345.81 16877.00 17403.05 17923.78 18439.06 18948.71 71.28 678.60 1285.69 1892.36 2498.44 3103.73 3708.06 4311.24 4913.09 5513.41 6112.04 6708.79 7303.47 7895.91 8485.93 9073.34 9657.97 10239.65 10818.18 11393.41 11965.16 12533.24 13097.49 13657.75 14213.83 14765.56 15312.80 15855.35 16393.07 16925.79 17453.35 17975.59 18492.34 19003.46 71.69 680.75 1289.59 1898.01 2505.82 3112.86 3718.92 4323.83 4927.40 5529.46 6129.80 6728.26 7324.65 7918.79 8510.50 9099.60 9685.91 10269.26 10849.46 11426.34 11999.72 12569.43 13135.31 13697.17 14254.84 14808.16 15356.96 15901.08 16440.34 16974.59 17503.66 18027.39 18545.63 19058.22 72.10 682.91 1293.49 1903.65 2513.21 3121.98 3729.78 4336.42 4941.72 5545.50 6147.57 6747.74 7345.84 7941.68 8535.08 9125.87 9713.86 10298.87 10880.73 11459.26 12034.28 12605.63 13173.12 13736.59 14295.86 14850.76 15401.13 15946.80 16487.61 17023.38 17553.97 18079.20 18598.92 19112.97 72.52 685.07 1297.39 1909.29 2520.59 3131.11 3740.64 4349.02 4956.05 5561.55 6165.33 6767.22 7367.02 7964.56 8559.66 9152.13 9741.80 10328.48 10912.00 11492.18 12068.85 12641.82 13210.94 13776.01 14336.87 14893.36 15445.30 15992.53 16534.88 17072.18 17604.27 18131.00 18652.20 19167.72 72.93 687.23 1301.29 1914.94 2527.98 3140.23 3751.50 4361.61 4970.37 5577.59 6183.10 6786.70 7388.21 7987.45 8584.24 9178.40 9769.75 10358.10 10943.28 11525.11 12103.42 12678.02 13248.75 13815.43 14377.89 14935.96 15489.47 16038.26 16582.14 17120.98 17654.58 18182.81 18705.49 19222.48 73.34 689.39 1305.20 1920.59 2535.37 3149.36 3762.37 4374.21 4984.69 5593.64 6200.86 6806.18 7409.40 8010.34 8608.83 9204.67 9797.69 10387.72 10974.56 11558.04 12137.98 12714.22 13286.57 13854.86 14418.91 14978.56 15533.64 16083.98 16629.41 17169.77 17704.89 18234.62 18758.78 19277.23
=== END RADAR_SCAN ===

=== BEGIN RADAR_SCAN ===
scan.index=3
scan.time=129.670000
radar.id=2
radar.frequency=X
radar.scanning_mode=RHI
radar.x=-50000.000
radar.y=200000.000
radar.z=25.000
radar.maximum_range=50000.000
radar.range_resolution=100.000
radar.angular_resolution=1.000000
box.radar_id=2
box.min_range_gate=106.000
box.max_range_gate=353.000
box.min_angle=0.000000
box.max_angle=34.000000
box.num_ranges=248
box.num_angles=34
box.range_resolution=100.000
box.angular_resolution=1.000000
box.other_angle=-73.983794
grid.size=8432
grid.data=27.67 27.69 32.94 28.95 30.43 0.00 0.00 0.00 0.00 0.00 0.00 0.00 0.00 0.00 0.00 0.00 0.00 0.00 0.00 0.00 0.00 0.00 0.00 0.00 0.00 0.00 0.00 0.00 0.00 0.00 0.00 0.00 0.00 0.00 24.03 26.46 21.88 33.89 30.64 31.23 25.81 24.78 22.02 0.00 0.00 0.00 0.00 0.00 0.00 0.00 0.00 0.00 0.00 0.00 0.00 0.00 0.00 0.00 0.00 0.00 0.00 0.00 0.00 0.00 0.00 0.00 0.00 0.00 21.13 31.50 27.16 27.58 29.28 31.45 26.75 22.86 28.11 31.46 20.63 29.39 0.00 0.00 0.00 0.00 0.00 0.00 0.00 0.00 0.00 0.00 0.00 0.00 0.00 0.00 0.00 0.00 0.00 0.00 0.00 0.00 0.00 0.00 32.00 26.77 26.14 25.03 31.26 30.46 36.23 26.49 25.71 35.72 36.07 25.08 33.29 29.15 0.00 0.00 0.00 0.00 0.00 0.00 0.00 0.00 0.00 0.00 0.00 0.00 0.00 0.00 0.00 0.00 0.00 0.00 0.00 0.00 29.77 28.71 31.77 15.25 23.27 27.08 25.53 35.73 30.67 32.37 32.64 29.74 33.80 24.00 30.08 36.78 0.00 0.00 0.00 0.00 0.00 0.00 0.00 0.00 0.00 0.00 0.00 0.00 0.00 0.00 0.00 0.00 0.00 0.00 28.68 24.82 17.29 28.16 28.14 31.35 24.34 32.80 28.02 28.47 22.93 36.38 28.06 32.83 31.10 41.86 38.86 24.88 0.00 0.00 0.00 0.00 0.00 0.00 0.00 0.00 0.00 0.00 0.00 0.00 0.00 0.00 0.00 0.00 29.02 25.05 21.29 27.49 28.59 27.52 24.96 28.71 32.28 29.85 30.47 31.78 31.91 35.07 36.50 38.33 30.47 39.20 42.11 41.62 0.00 0.00 0.00 0.00 0.00 0.00 0.00 0.00 0.00 0.00 0.00 0.00 0.00 0.00 25.34 25.93 31.14 28.18 28.17 28.97 31.71 19.30 23.14 33.01 24.31 33.72 27.28 32.99 34.41 34.01 41.14 33.54 42.35 40.95 44.53 0.00 0.00 0.00 0.00 0.00 0.00 0.00 0.00 0.00 0.00 0.00 0.00 0.00 22.89 26.92 28.64 25.31 28.46 30.28 23.45 28.59 28.91 31.63 38.91 33.60 29.96 32.38 30.91 34.52 40.42 35.75 48.97 41.01 41.56 42.01 0.00 0.00 0.00 0.00 0.00 0.00 0.00 0.00 0.00 0.00 0.00 0.00 26.06 26.19 29.53 29.65 25.87 32.23 30.29 29.12 28.23 29.48 34.39 30.25 29.64 34.57 37.51 33.96 28.25 38.33 45.11 41.71 32.74 40.09 33.23 36.98 0.00 0.00 0.00 0.00 0.00 0.00 0.00 0.00 0.00 0.00 24.15 33.96 24.42 24.13 33.02 26.60 26.05 33.69 33.97 32.09 30.45 33.06 34.97 36.92 37.16 33.40 33.84 32.50 37.26 39.30 40.28 36.78 35.58 36.30 28.83 0.00 0.00 0.00 0.00 0.00 0.00 0.00 0.00 0.00 26.82 23.29 23.10 18.44 30.41 31.63 28.64 29.51 31.85 39.03 29.25 31.78 36.07 34.06 32.44 33.36 35.00 42.91 48.09 44.86 42.41 34.26 39.53 28.36 26.24 28.97 0.00 0.00 0.00 0.00 0.00 0.00 0.00 0.00 26.83 22.41 32.27 23.89 27.27 23.96 25.85 31.85 27.36 27.59 28.98 28.74 30.00 43.84 35.06 41.85 41.12 44.75 43.67 40.35 37.96 36.13 36.22 30.33 32.66 31.67 24.65 0.00 0.00 0.00 0.00 0.00 0.00 0.00 28.71 21.86 21.85 32.64 23.16 30.97 33.19 28.97 30.11 24.52 38.41 29.53 31.17 42.01 32.80 35.30 39.17 43.82 46.40 41.47 32.27 41.11 35.70 29.56 30.33 29.14 20.23 27.54 0.00 0.00 0.00 0.00 0.00 0.00 28.99 27.18 36.54 26.16 27.92 26.74 27.13 27.16 30.12 27.19 29.37 34.01 26.98 31.98 32.47 33.84 37.41 43.57 42.83 40.11 40.37 46.32 35.57 34.96 28.48 29.06 35.22 22.04 23.73 0.00 0.00 0.00 0.00 0.00 25.33 24.99 27.26 29.61 27.73 28.52 25.02 30.50 29.72 33.74 35.50 39.55 34.91 28.63 33.73 32.81 44.94 50.19 42.89 34.45 38.04 28.19 27.12 27.17 29.75 37.06 24.93 19.30 20.02 25.89 0.00 0.00 0.00 0.00 27.64 27.62 25.44 26.61 28.42 27.06 25.98 37.99 32.42 27.64 31.53 25.80 35.07 27.85 35.25 33.79 46.95 47.78 48.82 47.41 37.62 37.63 29.92 33.91 27.08 27.05 23.56 26.97 24.65 19.66 0.00 0.00 0.00 0.00 30.81 26.18 26.44 24.98 28.11 27.30 35.17 29.31 30.46 28.42 35.72 33.55 41.47 30.23 32.97 31.85 39.50 47.75 41.53 43.92 35.38 39.07 33.19 29.00 26.73 27.99 26.28 18.80 17.53 15.46 16.02 0.00 0.00 0.00 25.43 25.85 21.64 24.63 27.42 29.49 27.19 32.04 30.32 36.05 28.94 37.19 36.64 33.66 29.88 36.43 44.38 46.55 37.98 40.40 33.89 35.54 31.80 23.46 30.47 22.61 19.57 19.21 17.84 16.58 12.89 4.57 0.00 0.00 23.42 29.32 27.18 31.71 31.87 32.48 32.23 35.26 28.28 31.54 27.30 32.60 32.66 36.79 36.56 34.97 42.08 50.09 36.15 41.70 36.80 32.27 35.44 32.21 25.00 25.36 24.57 23.56 19.11 18.31 18.95 16.59 8.64 0.00 24.77 27.65 20.97 26.45 31.80 28.31 29.70 30.06 35.54 30.50 32.84 34.28 30.81 31.92 38.20 32.27 47.02 46.38 41.82 34.91 30.39 35.00 29.84 27.49 25.61 18.20 19.89 16.02 20.67 16.68 14.48 11.87 12.94 0.00 28.00 31.70 27.09 25.51 25.10 26.29 31.66 25.82 30.34 31.54 31.01 35.08 33.51 28.39 28.39 36.54 39.83 37.62 40.22 30.98 39.03 38.38 34.85 22.20 25.61 25.53 23.37 20.59 20.17 22.53 16.24 13.85 10.75 11.09 28.33 22.37 29.42 24.38 23.95 34.74 34.93 35.89 30.94 33.85 37.87 38.44 35.53 33.91 32.25 39.53 41.59 40.82 41.49 31.96 39.16 28.69 38.72 36.78 21.61 27.80 21.05 21.21 19.06 21.13 16.00 13.63 8.18 5.89 29.60 26.63 21.77 31.64 33.11 31.33 28.07 36.08 32.57 30.67 29.26 20.00 31.39 41.55 42.31 32.86 51.41 44.88 37.01 40.73 32.96 31.68 33.01 26.58 24.98 19.45 27.48 14.74 19.34 6.96 14.88 13.39 14.89 5.96 26.58 28.98 32.25 27.16 26.22 29.42 27.18 27.89 28.99 33.46 33.04 32.60 33.33 34.03 38.62 42.36 49.70 37.99 42.25 34.06 32.52 28.43 32.20 31.36 23.80 29.58 23.44 16.59 16.13 13.32 10.89 9.94 3.27 0.96 24.12 22.76 30.58 28.45 31.18 34.32 35.56 36.15 31.56 32.66 28.59 38.64 30.72 33.37 33.85 45.64 47.22 40.56 35.46 42.28 34.43 32.06 22.41 27.72 20.56 25.00 22.89 11.82 17.10 14.10 12.86 9.56 6.84 2.23 31.39 24.78 29.64 27.58 24.89 22.85 34.76 23.58 33.03 30.38 30.69 33.95 36.72 32.48 37.00 41.24 44.89 32.56 36.49 37.66 36.91 33.08 25.51 28.74 25.65 17.19 23.36 22.92 14.92 10.78 14.05 11.85 -3.36 1.34 27.07 26.10 21.87 24.51 24.66 33.47 32.87 26.38 27.31 35.77 32.21 39.55 32.67 35.90 36.11 40.07 40.97 46.98 35.19 27.12 29.74 41.99 31.81 24.57 26.04 21.46 17.96 21.03 17.54 11.86 15.36 12.60 2.89 -0.13 28.18 32.97 29.90 33.75 32.61 33.30 33.12 33.26 33.03 30.90 33.11 41.97 37.22 31.10 31.75 54.01 40.52 44.13 38.94 35.66 32.11 25.75 31.43 33.57 26.62 25.49 19.46 15.76 17.53 8.68 9.53 6.32 1.00 -0.48 26.47 31.30 17.99 30.68 24.30 22.86 28.06 36.98 27.44 34.04 28.76 36.79 30.95 30.01 38.18 41.06 40.11 45.18 40.76 36.05 30.02 25.14 32.30 18.89 22.48 23.77 16.00 21.24 10.38 7.06 5.26 9.56 -1.44 3.38 24.32 29.47 26.80 32.70 29.42 34.11 26.92 30.82 28.31 28.84 29.50 26.71 25.84 32.81 34.22 48.54 43.02 40.32 38.59 37.42 27.51 32.84 27.35 24.98 22.78 21.08 17.78 18.60 21.20 12.73 11.57 3.18 0.89 -1.92 26.30 21.01 25.98 23.57 28.75 26.75 29.28 33.87 30.12 27.98 34.58 34.96 31.95 32.48 36.05 43.74 47.48 36.67 40.36 43.27 24.42 34.48 28.15 24.29 20.30 25.16 18.92 16.94 16.35 11.27 8.84 -2.07 -2.60 -0.08 30.49 30.43 28.85 29.21 28.58 26.52 29.93 32.87 25.40 33.73 28.88 34.01 28.56 42.61 39.40 45.56 40.29 47.67 36.58 33.20 35.59 29.05 28.84 26.62 18.46 26.66 12.52 13.61 12.11 10.27 9.10 6.21 -0.34 3.97 27.95 27.47 25.72 31.05 31.43 27.19 31.15 29.37 31.54 38.76 38.09 39.39 32.91 35.94 39.29 45.73 41.58 41.10 29.18 37.96 29.30 27.49 23.88 23.60 17.49 21.01 6.28 11.96 5.02 10.85 7.10 -2.60 -4.44 -2.37 29.26 24.56 30.55 30.65 27.55 34.51 28.24 38.42 29.84 32.03 36.85 30.29 28.40 35.97 43.57 44.57 41.82 37.99 31.93 31.15 34.90 31.38 27.58 29.49 17.22 18.19 15.59 12.09 13.88 8.39 3.72 -0.74 -2.02 -1.91 25.86 25.28 24.56 25.16 30.74 28.57 37.22 37.39 23.42 37.25 35.77 37.58 33.44 32.08 46.50 42.78 43.95 41.84 38.53 34.22 28.32 23.40 27.95 21.50 20.01 25.19 16.76 11.96 11.22 11.14 0.97 0.23 1.94 -3.61 30.13 25.08 29.49 28.58 28.18 28.85 31.04 34.13 29.98 34.93 36.67 31.58 33.45 34.42 40.50 47.54 45.26 37.30 36.14 34.06 32.43 30.95 23.56 21.52 21.32 16.30 15.43 14.80 5.88 4.23 -4.10 -0.38 2.28 -3.21 29.43 27.30 22.04 24.72 29.86 27.87 35.62 29.03 32.60 31.28 33.42 28.80 33.94 37.59 41.69 50.81 39.76 40.26 35.70 31.54 36.16 27.05 29.95 20.54 19.31 18.50 8.50 9.60 4.89 7.69 1.38 -1.77 1.89 2.98 29.82 22.62 28.11 21.67 29.32 35.32 29.37 27.86 29.40 37.56 31.88 36.31 34.87 38.81 42.10 36.67 32.07 39.44 34.72 34.36 29.50 24.49 19.51 24.02 18.51 17.37 17.50 11.77 16.12 -2.77 3.14 -2.03 -1.31 -4.40 30.25 28.48 29.06 31.90 26.17 28.69 29.70 30.19 28.99 29.34 31.94 32.69 28.69 39.49 42.50 39.03 37.75 34.97 38.24 28.22 32.61 26.20 28.54 24.39 21.31 20.01 11.92 13.83 3.61 2.00 -4.05 -0.51 -3.34 -3.43 27.66 36.06 24.24 29.12 27.02 26.47 26.72 28.14 24.51 28.91 32.49 30.81 35.25 37.65 36.46 44.00 34.39 44.02 32.38 31.77 27.08 26.32 23.86 24.10 16.42 13.15 8.90 15.01 11.30 -0.42 0.27 -3.83 5.06 1.79 30.52 27.96 23.54 27.38 31.26 29.95 29.77 28.79 27.54 32.15 39.64 31.80 27.24 35.16 56.85 49.11 42.86 35.53 35.43 27.38 27.29 25.85 27.33 25.48 12.20 11.30 13.07 7.56 6.65 0.99 1.84 3.76 -0.13 -2.72 27.23 21.85 24.71 29.24 36.14 26.78 27.24 30.76 30.77 29.97 38.00 36.69 32.29 40.06 44.78 44.11 41.40 29.42 33.94 35.85 23.22 19.91 24.00 19.63 18.72 18.02 16.34 11.72 5.21 1.17 4.44 -0.22 2.13 -2.78 24.59 24.52 34.18 24.91 30.32 30.52 33.30 26.78 31.01 27.08 32.77 39.47 30.41 35.11 43.44 38.59 44.68 36.36 35.43 25.06 29.21 24.33 18.47 19.95 14.52 15.02 12.30 11.07 -1.18 -2.36 -1.01 -0.82 -2.03 -3.13 32.12 27.00 32.41 24.91 33.92 30.49 32.77 23.69 33.36 35.36 34.59 33.05 36.69 47.40 38.57 36.78 46.52 31.53 28.69 31.26 25.79 19.05 20.60 17.90 14.47 21.45 11.78 6.93 0.32 -4.91 -2.42 -6.79 -1.34 -3.66 24.20 23.77 31.18 29.93 26.14 35.63 31.62 30.52 33.83 31.50 35.53 29.08 37.22 35.54 41.00 35.74 37.71 31.06 34.79 25.54 29.91 22.12 17.81 22.37 17.84 18.79 10.07 6.63 1.38 -2.26 -0.38 -3.02 -6.53 -4.17 31.03 26.40 25.41 29.70 33.03 29.21 30.93 26.89 32.05 25.63 28.52 37.83 35.56 39.82 48.42 42.91 38.30 33.21 35.85 29.38 26.21 21.98 25.62 15.44 16.56 11.25 8.96 5.28 1.21 2.88 -1.15 -5.77 1.47 -5.79 31.93 23.78 25.79 24.46 29.85 33.27 27.27 34.67 31.62 26.63 32.47 31.30 39.46 46.37 53.25 34.87 33.19 27.87 29.06 31.36 23.79 23.58 12.71 18.33 19.12 16.74 8.84 6.38 2.62 -0.60 -0.24 -1.48 1.44 0.40 29.58 29.15 28.87 23.59 27.57 26.14 29.17 26.87 33.42 33.33 30.54 35.01 32.82 41.81 43.35 41.97 35.59 42.98 26.77 23.02 25.75 23.21 22.15 16.42 20.17 11.87 7.66 -1.39 -2.29 1.38 4.46 -0.67 -4.19 2.86 28.59 26.25 29.75 30.88 25.65 27.93 25.91 29.12 23.95 33.62 28.10 33.62 43.15 39.40 43.71 39.80 29.14 35.22 30.14 29.31 27.78 19.83 19.54 17.73 17.55 8.21 9.89 -3.22 -1.88 0.72 -2.02 2.65 -0.09 1.35 30.98 17.46 26.94 30.83 24.30 26.08 30.25 25.19 33.62 33.49 34.78 39.38 35.02 50.41 40.40 42.86 36.01 29.16 29.65 26.19 23.91 22.60 23.90 18.52 17.72 11.10 9.81 -1.45 -0.49 1.02 -1.81 0.37 -0.37 -1.68 27.24 33.04 20.32 28.04 29.17 28.20 29.67 25.83 27.49 33.09 30.79 34.70 34.15 49.67 38.49 39.50 32.93 35.54 25.47 30.43 30.90 13.51 22.01 21.76 15.18 15.46 5.32 -2.63 6.50 -0.19 0.94 0.59 7.62 2.09 29.38 30.81 33.30 28.96 31.38 32.75 30.63 26.15 31.88 30.48 34.13 31.54 35.38 49.76 40.00 39.23 31.92 35.09 27.33 20.22 26.20 14.57 12.20 15.95 13.94 11.46 6.21 1.35 -1.54 -1.88 5.00 -0.45 0.70 2.54 24.05 28.30 26.51 28.54 30.71 33.65 30.95 27.27 31.39 29.63 33.47 25.61 37.08 48.92 40.65 40.95 37.65 28.41 30.19 29.93 28.22 21.05 23.81 13.99 13.67 9.02 6.15 -3.40 4.27 -1.10 0.30 -0.75 -3.16 6.47 29.04 27.10 25.22 25.79 28.91 28.56 30.22 38.91 33.43 34.51 32.83 39.38 31.89 47.51 37.69 33.14 31.20 34.59 28.42 28.06 21.42 18.49 19.09 15.96 14.63 8.80 5.90 -4.96 -2.10 0.63 -1.49 -1.50 0.55 3.14 27.40 22.22 16.58 28.25 26.70 31.52 30.90 34.17 29.68 35.78 32.06 38.76 41.50 41.35 38.36 34.74 29.49 33.57 26.64 21.12 27.78 18.24 12.25 18.21 12.49 4.71 -0.19 -0.17 1.05 -0.71 -1.48 -1.18 -1.14 1.05 28.50 20.49 27.67 26.22 23.88 27.78 28.18 38.73 31.34 30.19 35.87 37.17 48.39 41.94 28.28 37.57 38.36 33.33 25.18 30.14 22.79 20.87 17.82 11.01 11.93 4.35 1.88 2.27 -2.40 -2.76 -2.64 5.41 0.40 -0.59 23.61 22.68 27.14 21.59 27.11 28.37 33.38 30.63 36.71 43.31 35.70 41.09 42.68 41.85 40.20 41.48 39.51 26.76 34.37 22.53 23.34 18.21 21.19 14.43 6.14 11.50 -3.59 -3.55 -6.60 -0.17 -1.12 0.94 -2.71 4.36 25.37 23.84 19.56 28.10 25.80 36.60 32.96 36.88 36.86 39.70 40.79 37.21 47.91 49.20 39.40 41.39 37.83 41.47 25.68 27.44 21.20 21.14 17.77 13.57 9.38 9.26 -2.18 -1.83 -1.40 -0.15 0.13 -5.66 2.87 1.55 18.59 24.56 20.19 24.28 29.09 29.94 29.83 29.76 37.47 33.02 36.80 45.76 48.19 44.46 43.62 40.59 35.55 31.58 32.21 22.20 27.58 22.00 16.87 14.89 10.49 1.56 -2.97 -2.10 -5.18 6.01 -2.80 0.99 5.18 -5.31 28.97 19.26 22.14 26.67 27.30 26.39 36.12 31.90 28.53 41.40 45.17 44.07 37.69 46.78 42.61 41.59 31.93 21.68 24.65 25.80 17.82 19.70 15.13 13.87 5.94 2.08 1.49 -0.04 2.32 2.42 4.35 1.10 2.06 3.60 26.47 24.54 22.04 33.06 29.77 29.45 35.64 38.31 31.97 35.42 45.48 40.72 54.00 45.51 30.64 34.66 32.14 28.21 25.86 28.37 16.19 18.00 12.56 10.08 7.12 -0.95 -1.15 2.93 -2.31 3.84 -3.22 1.80 -1.41 -1.24 26.47 21.00 22.30 28.34 25.04 28.30 41.37 34.57 38.14 39.73 44.43 40.89 47.38 44.09 39.11 37.49 25.40 28.73 32.05 22.77 15.05 17.34 17.43 11.28 9.04 1.43 -0.39 2.46 -2.25 -0.47 -3.35 5.73 -0.74 -0.11 19.97 24.16 18.75 23.91 26.65 20.62 31.66 33.87 36.44 36.97 47.56 46.85 43.31 52.65 44.55 35.42 31.45 27.46 30.06 29.19 15.94 13.88 12.50 10.30 10.48 1.81 1.86 0.63 -3.20 0.63 -0.16 -0.26 -1.45 2.74 26.69 24.25 24.41 19.03 27.81 25.59 29.29 34.61 32.13 43.51 45.15 41.60 42.79 44.42 38.18 36.42 34.92 27.17 25.86 29.07 26.98 14.58 13.64 6.20 6.34 -1.77 -0.82 0.17 2.67 -6.22 1.64 2.09 5.19 1.17 24.97 27.42 23.88 28.20 30.18 31.23 32.71 34.16 45.02 37.75 37.93 39.36 45.51 45.05 31.34 41.98 39.80 21.16 20.72 30.89 29.52 34.35 13.98 17.16 8.46 -2.68 1.95 3.74 -4.06 0.98 -2.55 -3.66 -4.48 -2.37 24.34 27.33 23.27 26.35 27.02 28.28 30.44 41.24 40.46 45.87 41.89 38.94 37.58 39.42 38.40 32.26 38.24 33.31 34.52 32.99 25.99 26.84 26.20 1.44 -3.95 0.32 -5.03 0.78 2.97 2.13 0.33 -0.75 -5.52 2.13 20.83 17.91 32.36 24.59 23.50 33.15 28.50 39.77 36.60 39.64 38.50 33.72 44.19 42.02 41.81 29.68 30.45 22.31 25.90 27.00 21.46 23.22 19.69 11.01 -0.74 6.30 -2.59 -4.92 1.47 -3.57 3.93 -6.50 -1.37 -2.59 26.56 24.99 28.35 25.17 27.97 35.84 29.92 34.44 36.16 37.12 40.35 41.63 44.24 45.03 37.38 33.31 31.61 27.60 25.34 27.18 28.68 21.36 17.86 20.67 -1.27 0.28 -7.57 3.41 1.40 6.19 -2.79 -4.44 -3.29 -6.48 20.08 27.93 23.98 26.57 29.95 24.95 35.71 37.34 35.06 35.10 41.69 42.68 41.86 35.77 42.00 30.78 24.88 29.71 27.09 23.46 22.55 19.24 16.95 21.79 23.23 0.99 1.32 -3.13 -0.59 2.03 5.18 -1.84 4.24 2.65 24.48 26.69 24.65 28.05 31.57 27.47 33.30 29.35 34.93 43.36 39.21 44.21 46.61 37.37 38.84 33.44 29.91 29.48 25.06 21.91 22.93 20.09 17.41 20.06 16.03 18.19 -2.74 3.05 -0.32 -2.76 0.20 -0.71 0.74 3.72 28.73 25.23 20.78 28.10 26.96 26.62 38.52 31.22 31.47 39.65 36.56 46.03 45.28 45.33 39.00 38.95 33.89 28.13 27.00 29.67 22.40 19.99 21.76 18.60 15.29 15.20 1.35 3.74 0.02 3.30 2.70 -2.17 -0.46 -3.52 21.49 21.77 24.07 25.87 27.67 26.53 33.11 32.78 30.66 40.84 39.80 44.07 40.02 40.91 41.96 34.08 35.23 26.85 26.85 18.26 23.00 24.40 18.80 22.21 22.23 16.86 11.57 -1.76 0.67 -5.25 3.47 0.98 2.70 -0.25 23.04 25.88 22.96 25.50 27.47 31.61 32.90 34.55 34.79 43.52 41.15 38.66 37.24 41.56 35.03 31.42 37.22 37.15 28.62 29.23 22.83 23.44 18.44 22.30 10.37 22.57 18.00 9.99 0.92 -2.43 4.70 -1.17 0.73 -0.83 25.33 24.94 31.94 27.33 36.13 33.20 36.83 37.00 37.04 36.76 37.19 41.24 44.54 42.28 33.65 37.20 28.28 29.42 30.01 29.57 24.56 21.11 22.85 15.18 18.14 8.79 15.76 6.26 -4.97 1.53 -2.44 4.62 -3.13 -2.76 25.66 27.09 24.74 21.04 25.20 32.32 36.93 30.87 32.37 39.24 35.52 47.10 41.98 45.12 26.56 32.24 30.44 24.60 27.70 27.60 22.21 18.55 19.06 16.79 14.04 17.63 9.12 17.12 10.55 2.00 4.45 -6.49 0.30 2.59 24.70 24.36 25.40 20.05 37.16 31.92 26.58 33.87 29.12 43.20 50.65 51.01 39.37 37.79 37.22 30.30 31.01 27.58 28.88 22.40 25.34 22.17 16.22 18.16 15.61 16.40 6.49 8.56 12.61 -1.74 -3.74 -3.42 -2.14 -4.61 23.40 25.43 26.98 24.09 20.33 38.67 35.33 33.37 39.86 41.48 41.87 41.66 46.87 43.99 30.30 29.66 32.79 27.67 37.47 30.40 15.52 16.86 25.23 17.32 14.49 18.60 12.88 11.31 10.44 10.55 3.69 9.17 0.63 -7.63 29.14 27.98 21.86 28.80 31.23 27.00 33.12 28.28 46.29 35.57 46.03 45.04 50.15 41.11 30.19 32.49 31.96 29.41 29.15 26.07 22.81 19.26 15.54 16.66 16.58 11.37 16.16 16.16 8.80 4.19 0.19 -4.55 -5.23 -1.38 22.62 28.10 25.86 24.79 29.88 35.26 30.06 38.50 41.55 35.42 48.70 50.85 43.96 38.18 37.12 32.98 36.57 28.00 19.96 19.97 19.09 19.70 16.07 14.58 15.63 14.06 10.41 9.86 5.37 6.31 0.68 -0.20 -0.91 1.16 22.77 24.16 23.70 22.40 29.96 32.33 36.25 33.61 38.18 43.86 44.04 48.45 45.75 42.59 29.49 24.42 31.57 24.92 24.14 23.27 25.68 22.98 18.14 21.50 15.16 11.07 14.73 8.71 6.30 -4.21 -0.10 2.44 3.01 -1.84 28.07 33.96 25.46 29.56 33.88 25.58 33.61 37.02 37.62 35.62 41.48 45.05 41.55 27.81 36.47 29.61 26.61 28.08 35.46 21.91 23.15 22.77 13.69 12.47 16.00 9.61 10.40 10.77 6.02 2.30 -0.40 10.82 2.55 1.37 22.25 22.01 25.31 24.32 27.52 39.56 37.72 34.82 41.65 41.41 47.20 52.93 45.98 44.19 39.22 22.97 28.12 24.03 23.41 27.29 19.73 18.39 21.28 14.05 11.68 13.82 19.69 6.92 7.19 3.75 0.74 -1.39 -2.04 -6.46 24.82 28.17 23.18 23.28 27.76 24.95 40.78 32.92 36.78 42.43 47.93 46.05 41.66 36.96 32.85 33.40 29.18 25.59 28.96 21.26 22.98 20.46 17.40 15.28 17.28 15.95 9.04 10.63 8.00 2.93 0.61 2.25 0.37 -0.95 22.18 25.39 21.52 27.83 38.16 28.62 34.48 41.49 33.53 45.28 43.22 44.88 46.47 40.18 30.47 26.77 30.96 35.27 23.38 24.94 23.01 19.40 20.23 15.26 10.59 10.28 13.45 12.25 6.38 -8.49 0.77 -4.00 2.40 1.87 22.66 24.41 21.56 27.29 25.20 26.41 35.15 38.51 32.76 42.33 35.73 41.28 32.47 35.78 31.22 28.76 24.53 23.76 30.75 20.27 22.91 22.62 19.29 13.94 13.91 13.29 7.62 3.77 5.70 3.29 -3.54 1.79 -0.74 -3.88 27.64 33.50 17.06 33.23 31.19 24.50 41.08 30.48 38.87 39.00 43.56 47.25 36.60 40.55 34.46 27.73 30.17 31.56 17.20 29.37 22.33 13.19 13.62 14.04 15.93 12.52 11.73 8.15 -5.21 1.10 -2.25 -4.46 -1.31 -0.21 22.95 22.82 20.16 25.83 18.51 32.24 34.47 40.07 40.37 38.95 41.73 47.01 43.24 33.08 35.04 33.33 32.90 25.78 22.68 18.15 23.52 15.86 20.16 17.28 10.37 12.56 11.56 6.94 0.60 -1.57 -0.96 0.33 2.06 -2.85 15.77 25.46 25.51 27.48 31.55 30.54 28.24 36.94 38.42 34.34 40.39 48.74 38.68 41.39 31.14 29.01 22.24 30.90 28.89 32.38 22.42 18.40 23.72 16.49 16.84 14.56 14.94 13.85 3.49 1.73 -0.62 -1.49 2.65 -0.33 28.75 24.36 23.23 30.04 33.57 29.65 30.47 36.61 43.69 38.64 44.81 51.32 34.73 26.13 31.82 32.24 25.92 21.60 24.86 28.04 15.81 19.07 16.69 14.33 13.59 15.64 10.52 2.83 2.30 -3.54 0.68 4.25 -0.09 -3.03 24.70 22.29 26.20 25.00 30.54 31.61 37.14 33.54 42.37 44.99 40.82 44.79 39.30 35.13 29.07 27.21 29.10 20.23 24.31 21.90 19.29 20.59 11.84 12.25 9.61 15.50 12.77 8.88 -0.91 1.89 -1.78 -2.23 3.33 -1.47 24.63 24.78 24.77 25.99 18.97 35.21 31.72 38.30 34.58 44.15 46.98 42.07 44.20 38.77 33.00 39.34 30.86 25.90 15.38 23.27 21.13 17.22 13.77 17.12 8.82 12.40 7.80 3.05 2.27 -1.08 4.29 -3.16 0.44 3.59 25.34 28.34 20.85 25.84 30.18 33.87 32.66 33.16 40.92 40.27 44.85 39.42 35.03 31.45 35.49 30.20 28.50 27.54 21.37 23.19 21.94 18.54 11.14 14.93 12.56 14.62 9.25 3.40 -7.27 0.04 3.17 6.06 -0.34 -5.39 26.70 24.56 27.27 22.64 28.47 28.72 41.80 31.97 37.19 44.00 41.09 49.45 37.14 44.62 30.38 25.36 33.25 26.53 24.74 19.66 17.86 17.79 15.59 12.45 15.71 9.73 8.62 -1.83 0.00 2.74 -5.93 -3.59 1.04 -4.57 25.37 25.33 20.69 27.75 28.17 35.16 39.97 45.82 45.40 43.63 41.46 43.67 33.47 29.56 35.10 32.94 25.97 30.49 26.37 25.28 21.36 9.23 18.15 15.62 9.68 10.26 12.43 1.25 4.85 -2.63 -4.07 6.75 0.05 3.88 23.46 19.25 26.07 25.76 31.73 34.68 35.10 43.52 40.40 30.34 42.02 40.91 43.07 39.65 27.57 33.36 24.08 21.50 19.99 17.71 18.23 17.38 18.58 18.49 11.16 6.71 7.48 -1.41 1.51 4.77 -6.95 4.54 2.27 -1.65 22.52 24.52 25.68 31.28 32.26 37.21 31.62 37.79 45.63 34.67 36.78 45.47 34.86 34.81 28.49 36.97 27.66 28.57 17.91 24.19 20.51 19.97 14.86 16.63 2.95 7.41 6.58 0.73 -0.73 -2.94 2.97 0.75 0.64 4.53 22.42 26.45 19.16 28.68 28.14 34.64 35.97 39.71 37.66 42.34 43.65 31.70 34.72 41.08 33.19 25.45 32.12 30.01 22.45 21.39 18.47 18.61 15.43 15.49 13.38 10.90 8.82 4.13 -0.72 -5.58 -4.03 -0.89 -1.79 -0.33 21.53 20.12 18.12 25.57 30.98 30.39 36.21 38.51 35.85 47.13 41.72 53.01 33.92 34.05 30.18 23.01 32.44 28.31 22.24 21.59 22.70 22.11 14.69 15.47 14.10 6.93 7.47 4.16 -1.54 -0.49 4.53 -6.22 -0.50 3.79 29.08 25.49 30.60 17.77 35.55 40.17 33.78 32.48 36.59 38.58 44.99 49.17 45.30 40.25 29.34 25.44 36.17 26.61 20.43 23.26 20.47 9.53 17.19 11.89 12.44 6.40 3.01 0.86 -1.63 -0.65 1.21 -0.90 -5.23 -3.80 25.91 24.92 25.65 21.57 34.68 33.04 36.62 31.46 43.10 36.92 41.30 42.60 46.82 34.05 25.78 24.93 31.13 23.36 24.37 21.44 20.09 18.54 15.73 8.67 13.31 10.61 -3.09 -0.56 -6.60 1.38 4.55 -5.82 -0.46 4.40 23.50 29.89 20.74 23.57 32.18 33.67 31.87 38.74 39.35 38.98 42.68 36.83 31.41 23.41 31.04 27.57 27.73 22.11 18.70 19.33 20.21 17.22 16.56 13.71 13.60 6.27 1.80 1.18 -2.99 3.36 -7.51 3.09 -2.18 0.79 24.24 22.81 26.18 28.57 31.92 31.42 36.17 45.19 37.19 42.65 49.72 32.90 30.91 35.52 37.29 27.26 28.23 23.81 22.90 16.44 14.81 18.48 16.00 14.43 7.25 7.54 -1.16 2.46 -1.82 5.80 0.60 0.24 -2.56 0.72 15.93 24.86 25.70 28.14 25.81 32.18 39.44 33.77 36.38 51.27 41.41 39.57 42.29 32.19 29.73 27.85 20.22 19.16 18.21 22.80 14.50 19.44 15.03 11.49 6.88 5.16 -0.42 2.35 -3.33 -1.16 -4.08 3.21 -7.22 0.86 30.75 22.42 24.43 25.05 24.27 33.53 26.90 35.31 40.15 43.34 46.34 31.64 40.04 29.26 27.91 35.46 25.47 20.16 19.06 24.72 25.17 17.79 13.22 6.79 7.54 7.92 -2.94 1.34 1.81 -2.05 -2.58 8.15 2.54 0.41 22.88 31.24 19.13 29.43 32.25 30.64 35.74 31.25 48.77 39.53 39.73 38.00 38.94 29.72 26.28 22.45 26.54 25.76 23.05 18.93 19.96 17.40 10.39 12.28 9.33 10.30 4.77 2.22 5.60 3.80 -3.52 2.61 -2.84 0.01 33.41 24.41 29.67 33.85 25.47 28.10 41.99 36.91 35.88 40.18 40.49 45.62 35.02 33.75 27.24 25.75 25.25 22.36 17.90 21.83 13.51 22.83 15.04 6.29 2.30 9.03 -1.09 2.78 -3.57 -1.68 3.92 0.81 4.52 -2.27 22.52 27.75 18.48 35.66 24.68 26.98 30.63 44.19 51.77 39.61 44.66 35.50 34.44 22.96 28.54 28.34 26.38 26.16 23.13 21.98 8.53 9.68 11.62 6.50 11.61 2.22 0.40 0.93 -1.50 3.36 -1.30 2.81 -1.34 4.86 22.76 25.47 23.21 26.35 29.22 39.79 40.45 34.97 41.59 40.69 49.65 43.41 35.92 27.41 29.21 21.28 23.08 23.32 21.25 10.66 15.19 15.47 9.19 8.71 12.30 -1.73 -2.01 -1.05 5.58 2.60 4.61 -1.69 -0.52 2.51 26.52 28.78 22.84 30.20 28.83 31.51 33.87 47.83 42.84 44.35 48.77 42.60 31.52 25.87 27.56 31.21 23.89 24.36 23.38 12.45 13.73 13.68 10.13 5.74 11.77 0.09 2.31 -3.01 -2.23 5.72 -0.86 -0.30 4.93 -4.22 26.92 19.83 25.81 29.84 32.73 30.61 33.79 35.22 32.88 45.04 41.00 38.29 33.57 25.30 27.55 29.58 21.96 22.73 19.58 22.91 9.15 16.04 15.18 6.08 11.90 -1.63 -0.51 2.32 5.00 0.74 1.55 -0.08 1.79 -0.05 32.78 29.28 22.62 30.24 35.39 33.05 35.16 37.76 38.48 47.93 47.55 40.76 35.60 31.90 25.90 27.45 20.07 25.04 14.68 17.24 15.05 13.46 10.10 10.51 10.18 -2.40 1.29 3.65 -6.21 -3.30 5.10 -7.59 1.30 1.29 26.42 26.23 25.61 24.22 36.85 29.22 31.64 36.73 38.23 44.63 32.78 33.72 38.02 29.48 26.97 19.81 26.23 24.21 17.15 18.50 18.74 17.76 13.44 12.12 9.34 2.50 1.80 0.53 -0.97 -1.30 2.66 1.17 -0.59 4.39 24.86 22.51 27.69 28.62 23.93 31.95 37.22 33.70 44.73 45.77 39.40 43.44 27.82 34.36 27.45 22.80 26.99 20.98 26.77 17.91 9.89 18.20 15.64 9.11 2.91 -3.38 -0.44 1.44 3.40 -0.34 -2.30 3.38 -0.37 -1.52 17.87 24.64 27.45 29.31 28.33 35.69 33.55 39.00 47.54 46.98 39.40 38.90 39.37 28.57 26.15 24.00 20.33 14.82 18.11 9.95 20.26 8.10 10.74 12.32 7.41 2.75 3.37 0.60 -0.03 -4.18 3.61 4.13 3.77 -3.35 22.51 27.31 27.41 34.65 31.26 27.37 41.13 35.78 40.13 42.08 34.57 41.38 32.13 33.37 31.06 28.00 25.89 18.16 14.92 19.89 21.75 13.17 11.84 4.70 -2.90 -1.16 -1.08 2.45 1.02 -2.41 1.22 -0.32 -6.31 1.59 22.08 27.18 22.28 18.47 28.66 32.52 35.78 39.28 36.10 47.19 47.29 34.35 38.68 32.87 26.19 27.45 22.05 25.51 17.91 17.45 13.32 14.52 14.17 4.97 -3.33 3.41 0.16 -1.28 -6.28 -1.91 -3.67 3.54 -4.72 -2.18 24.47 20.29 27.08 34.48 34.60 34.43 38.87 34.72 32.23 44.74 50.12 29.88 33.49 31.84 34.31 29.49 23.20 20.88 14.54 16.31 15.23 2.89 7.27 9.85 -0.11 -3.05 -2.89 -1.74 2.97 1.59 -0.18 -1.76 -4.31 4.46 21.45 25.81 30.53 28.23 28.57 33.64 37.17 37.06 43.58 40.02 38.43 42.79 31.83 25.79 23.12 26.71 23.99 30.64 23.96 16.51 11.10 11.76 8.03 9.68 -0.24 -2.80 0.17 6.39 -0.33 5.06 0.92 3.44 -0.05 0.65 30.40 21.70 19.76 32.14 35.76 30.02 30.43 38.71 38.47 51.66 48.58 43.78 29.74 31.61 27.82 25.05 22.32 20.40 15.71 19.50 16.56 10.47 13.48 6.11 -3.02 -5.27 0.82 1.11 2.22 0.24 0.10 1.57 3.66 -2.84 25.70 28.66 22.67 25.07 26.69 33.16 32.55 41.21 42.44 46.97 41.50 38.89 32.80 33.56 28.21 27.46 23.26 22.79 15.61 14.04 9.12 13.18 16.23 5.56 -2.34 -3.70 -5.25 -0.25 -0.22 2.89 -0.45 -2.24 -1.33 2.49 23.63 28.00 28.46 27.72 29.53 39.66 32.07 40.52 44.30 40.88 45.80 44.04 31.91 31.76 29.64 22.61 24.32 29.39 8.12 19.17 15.63 16.10 13.19 9.28 -6.91 -0.17 -0.87 3.93 1.00 -1.00 -0.62 4.63 0.56 0.21 20.92 22.95 21.82 26.13 30.38 33.33 36.44 44.81 37.97 47.95 46.97 37.90 32.11 28.08 30.52 25.68 19.38 23.50 18.82 16.65 11.43 6.73 6.10 6.88 -5.05 -0.88 -0.76 -3.72 -0.89 4.90 -1.16 2.07 9.40 -0.58 23.65 30.49 23.53 22.58 34.21 39.00 37.35 38.24 50.50 39.98 37.10 34.76 28.58 30.52 34.19 30.83 25.37 22.79 24.38 19.70 13.21 11.97 9.61 8.07 0.77 3.20 3.60 1.07 -2.23 0.84 -2.57 5.27 5.02 -4.06 23.22 21.25 30.45 27.88 27.91 32.67 36.86 46.03 42.33 35.90 49.61 28.28 26.57 24.99 24.93 26.57 28.39 20.43 13.79 15.18 11.30 17.06 9.56 -2.34 -2.43 1.94 -0.95 5.35 3.64 -2.87 -1.23 3.17 3.15 0.82 29.35 28.44 20.42 27.50 32.44 44.04 34.45 40.00 43.30 48.99 42.54 27.86 32.28 26.00 27.34 22.68 21.70 16.03 16.06 17.09 13.51 11.25 15.14 3.62 0.91 -1.85 1.18 -4.10 0.59 -3.67 0.60 -6.49 4.17 -7.33 28.09 23.18 25.69 27.51 28.69 35.59 29.24 40.27 35.83 45.79 39.22 37.65 29.88 30.84 22.72 26.02 23.11 18.60 25.16 10.79 12.38 17.22 9.16 -3.05 2.99 1.46 2.38 -3.40 -0.56 3.70 -1.53 -8.95 3.50 7.32 28.74 24.47 18.00 31.79 27.60 25.39 34.51 33.62 43.17 41.61 37.69 37.87 34.70 29.58 25.76 24.66 21.20 17.47 18.65 12.01 10.88 11.95 9.31 0.42 -2.26 -2.18 -0.72 1.10 -6.74 0.89 -1.38 0.48 -3.85 -1.79 24.02 23.40 28.89 31.03 30.67 37.29 41.10 39.06 44.52 35.97 41.82 30.30 35.05 34.82 21.69 21.33 28.59 16.08 14.83 14.50 14.96 7.91 9.50 1.03 -1.11 -2.59 0.03 3.32 5.46 3.88 0.19 1.96 2.16 -1.36 25.78 25.93 27.30 31.30 21.90 31.84 34.98 44.74 43.46 42.74 39.10 28.07 29.85 29.85 17.41 25.46 18.38 16.77 21.01 11.45 11.39 15.83 13.20 -1.74 -0.88 6.16 -0.62 1.75 1.67 0.50 -2.65 -3.36 5.02 -4.24 23.04 16.45 21.68 29.66 34.94 35.64 34.42 39.74 39.86 51.98 41.39 35.66 27.68 27.46 24.26 26.97 27.42 18.19 17.98 14.58 13.42 6.88 11.55 -0.07 -3.59 3.70 -0.17 -1.14 1.87 -7.61 -1.77 -0.78 -4.81 -0.26 26.12 27.29 25.62 28.92 31.11 30.27 37.08 41.35 36.59 47.55 44.06 33.70 25.58 20.45 26.56 22.57 21.22 22.93 21.88 13.16 16.88 10.78 12.11 -2.81 -3.61 5.30 -3.73 -1.58 1.13 0.60 -0.67 -4.51 -4.82 0.75 32.37 24.04 28.69 30.03 26.51 28.12 42.97 43.09 47.31 43.35 42.01 38.54 27.34 27.02 31.57 29.74 18.05 15.66 15.69 12.01 13.09 9.43 8.60 2.78 -1.53 0.06 -1.85 -0.82 1.48 3.81 5.30 -2.01 -0.24 -3.99 24.24 26.03 23.83 28.05 35.26 36.95 38.04 42.18 46.89 46.37 42.81 32.40 34.78 14.32 25.22 23.73 22.24 21.33 14.75 4.70 13.76 10.98 21.70 -3.77 2.10 -3.71 -2.40 -0.35 -1.43 2.93 0.44 -0.37 3.20 -0.23 23.84 22.57 26.75 29.62 27.99 32.70 35.59 39.84 41.58 53.89 43.41 30.18 35.83 30.95 30.62 24.20 20.50 13.11 18.21 16.83 9.73 8.38 -2.90 -1.81 -2.97 -3.12 0.32 3.06 1.02 -2.09 -1.48 -0.72 -5.12 -1.69 21.68 24.55 28.70 29.38 31.88 27.60 35.47 41.12 40.37 34.06 40.63 33.17 27.74 26.63 20.60 18.73 25.05 21.33 21.17 19.06 12.17 9.46 0.73 -2.93 1.30 0.84 1.59 2.81 -0.78 -2.85 -1.93 -5.27 1.64 2.83 26.16 24.13 21.56 28.35 35.50 27.09 32.92 36.40 42.26 40.32 31.74 30.08 33.96 29.09 22.95 22.75 20.49 18.24 18.81 11.89 12.81 9.89 0.65 4.66 -2.00 -2.45 -1.81 5.38 -2.15 -0.86 -2.26 -8.11 1.32 3.20 31.35 29.66 27.55 30.30 32.92 37.74 35.45 41.42 43.46 46.30 42.98 34.16 26.62 26.34 26.10 22.47 22.20 19.07 15.25 9.84 10.79 5.58 -1.26 -4.21 0.05 2.59 -0.17 -4.30 -4.60 6.06 3.77 0.99 -1.12 -0.59 22.14 21.82 28.74 28.19 31.34 37.49 40.28 50.63 41.11 39.79 38.96 22.47 29.87 26.55 21.58 22.54 18.84 18.98 13.17 14.32 10.64 5.36 6.72 3.41 0.82 4.44 -3.34 0.42 0.23 0.68 -0.52 -0.27 1.92 -1.77 19.39 26.71 30.38 31.12 38.35 35.81 41.82 35.04 41.73 48.13 43.78 33.57 37.46 27.77 30.12 28.34 22.65 15.00 9.64 6.98 12.34 8.65 -5.30 1.70 4.99 0.41 2.57 1.24 5.04 0.63 -0.69 -3.94 -1.04 1.93 24.97 22.97 24.97 29.38 29.18 40.54 45.58 43.27 44.66 42.72 33.54 37.93 24.75 25.51 27.25 23.83 22.19 17.56 16.28 14.07 13.25 5.89 -6.36 1.77 2.24 1.79 0.04 -4.01 -0.37 -0.35 -4.08 -1.42 1.93 1.93 17.04 26.79 26.31 24.87 35.61 35.15 34.72 38.33 49.03 44.51 30.85 30.95 24.24 28.45 25.31 22.84 22.46 21.18 12.74 11.07 9.48 3.10 -0.83 1.24 -0.14 -4.65 -2.44 -6.48 -2.03 -1.91 1.25 3.50 0.43 -0.83 21.22 25.71 28.49 26.78 31.42 36.81 32.06 38.23 42.08 41.13 30.80 29.98 36.36 33.67 26.62 14.01 20.83 19.08 12.75 5.74 12.65 7.06 5.67 0.30 -0.60 1.56 -2.44 -4.70 -2.30 -0.29 4.07 2.59 2.33 2.90 16.96 25.16 29.61 34.44 33.31 34.61 34.53 40.36 48.55 45.28 37.09 30.37 19.59 29.69 26.02 23.79 20.62 17.56 12.46 4.11 9.91 1.09 1.40 0.34 2.58 -0.24 0.83 1.59 3.50 -0.62 1.53 4.17 4.45 -0.47 21.32 25.71 27.52 25.63 32.57 37.43 38.28 42.27 42.98 39.70 35.44 28.86 28.44 27.17 23.93 19.22 19.27 14.21 15.50 12.84 3.74 0.56 2.59 -0.73 1.73 -2.53 -6.47 -3.27 -1.73 -2.42 1.15 -3.65 2.09 -2.67 30.92 23.83 24.80 33.94 29.57 26.91 42.81 41.07 50.94 46.82 34.53 38.74 20.52 15.83 23.66 18.29 19.35 18.82 13.97 11.02 7.65 4.11 -6.06 1.62 5.29 0.26 0.28 -0.10 3.13 -1.75 2.92 -7.10 -2.52 1.00 20.46 26.78 31.79 34.09 37.80 32.32 31.63 38.13 37.29 35.98 33.97 33.55 31.32 26.62 31.85 24.45 15.37 17.84 12.12 4.64 7.99 0.89 0.20 -4.56 -3.41 1.13 3.81 -7.46 2.84 -3.76 4.14 -6.28 1.30 -0.56 27.93 26.67 27.83 29.55 29.58 37.07 42.52 46.46 41.08 42.90 34.95 30.38 26.13 25.73 23.75 19.83 15.87 17.72 11.14 11.59 14.49 1.23 0.58 4.94 -1.60 -4.58 -2.69 -1.16 1.09 0.66 0.35 -0.22 -2.76 -3.46 28.73 26.31 28.04 34.21 27.69 34.85 45.43 42.37 46.71 35.66 29.61 32.83 28.48 25.74 24.69 21.25 17.62 13.73 13.73 12.68 7.39 2.57 -2.30 -1.89 -1.11 2.87 -1.20 1.46 3.85 -3.97 2.17 1.87 -2.92 -3.56 20.99 26.69 24.06 27.31 29.68 37.79 37.46 40.37 43.28 38.55 40.40 26.60 26.43 26.16 20.12 24.75 14.06 24.78 13.47 4.76 7.03 -0.50 2.71 -2.22 -2.35 3.43 -2.53 1.42 -0.81 3.09 2.02 -0.62 -1.27 -0.29 23.23 19.69 24.14 29.19 23.58 32.96 38.11 39.77 46.03 38.89 34.54 30.07 27.05 19.20 26.38 24.84 17.96 16.70 11.94 7.89 8.79 -4.91 -1.57 0.43 2.94 2.01 -1.03 0.25 -1.27 -6.20 -3.39 0.90 6.34 -0.83 24.89 35.37 30.25 32.36 30.13 31.54 43.72 40.80 38.45 35.09 32.61 29.89 23.53 17.97 20.58 23.35 17.77 13.37 18.59 7.49 8.28 2.23 4.69 -1.75 -1.35 0.56 -2.74 2.72 -2.34 -2.89 -0.38 -1.66 1.57 2.18 26.53 20.09 27.23 34.89 33.97 41.93 38.25 34.05 43.08 44.77 34.14 30.40 28.59 34.43 18.82 13.35 20.94 13.29 10.39 12.84 6.72 3.29 -3.14 5.06 -1.40 2.99 -2.43 -4.77 -0.23 -0.40 -1.09 -3.28 -1.29 -0.49 22.31 20.16 26.42 21.60 27.24 33.22 43.13 45.24 51.41 42.09 34.04 36.63 26.19 26.61 22.52 24.49 11.69 14.92 9.49 14.31 -1.51 0.96 3.93 -2.46 2.69 2.28 -2.59 0.22 -2.97 2.80 -1.66 -1.98 -0.43 1.42 21.23 27.06 35.19 31.06 31.79 37.08 28.49 41.22 55.21 36.90 36.86 28.14 31.50 21.68 20.00 17.86 19.96 15.64 7.02 11.55 7.14 -3.73 1.97 -5.58 -1.95 -0.64 -1.88 4.38 -4.08 1.51 -3.11 -1.77 4.56 -1.61 29.86 31.06 30.01 28.11 31.73 40.71 37.24 40.51 51.19 34.06 32.61 32.98 25.32 27.93 19.56 20.81 19.17 17.16 14.12 15.71 9.80 4.81 -2.24 0.15 0.40 -0.18 2.47 -2.69 6.40 3.75 -3.59 1.28 0.06 -0.91 23.13 23.83 35.16 30.57 30.93 30.57 38.43 33.26 40.74 31.01 28.96 26.85 23.02 21.87 23.39 21.41 26.49 14.78 17.11 16.34 -0.45 -3.27 -4.10 -5.04 0.06 -2.59 -2.96 -1.75 -3.25 2.98 1.66 0.66 -0.07 2.81 23.91 30.17 24.82 29.07 26.98 28.90 32.08 31.28 50.98 38.76 36.20 34.72 25.08 23.24 22.29 16.65 16.97 10.82 11.53 11.72 -3.01 1.54 1.50 -0.41 -3.20 -0.62 -2.48 0.99 1.14 -1.03 -2.29 7.15 -2.63 -2.49 29.07 36.71 28.56 26.08 31.94 35.43 36.89 30.81 46.25 34.57 36.53 29.68 31.80 24.90 25.02 24.54 16.84 11.76 8.54 8.68 -2.99 0.47 -3.50 -0.23 1.52 -4.02 1.03 1.40 1.42 2.08 -2.26 0.69 0.22 -2.25 29.84 30.82 32.35 33.91 28.39 31.49 37.25 41.96 40.14 33.87 29.00 29.69 26.37 22.94 23.18 18.41 15.37 18.20 11.99 9.48 0.20 -1.77 -2.06 -0.23 -4.07 -0.79 4.44 -4.29 -0.82 -1.75 -4.45 -3.31 -0.34 2.80 27.26 26.01 29.08 32.31 26.58 33.48 40.66 35.71 45.27 34.49 33.18 33.43 25.03 12.08 20.08 20.89 14.41 15.89 11.44 8.89 -3.62 -2.96 -2.07 1.94 -1.43 3.00 0.18 0.27 -0.18 4.21 -2.28 -2.39 -3.86 -5.71 24.48 28.41 26.94 27.81 32.11 33.23 27.78 36.80 43.41 36.45 29.00 24.73 25.00 15.50 22.03 23.95 15.35 11.42 9.17 7.75 0.40 -4.35 -3.75 0.83 -1.00 -3.09 -0.71 0.92 0.95 2.41 1.37 -1.54 3.91 2.49 28.03 24.36 24.15 31.46 30.74 32.58 29.12 37.98 36.70 36.64 31.67 30.72 22.82 15.38 11.51 17.04 20.07 17.03 2.80 6.60 -3.20 -1.09 -0.22 -1.81 -0.64 1.09 2.71 0.68 1.26 1.87 -0.10 -1.40 2.84 6.30 31.44 29.82 23.92 33.45 36.19 33.60 30.35 39.31 47.45 36.55 33.45 29.41 24.20 19.52 13.82 0.64 13.20 10.33 11.57 3.85 -0.76 -5.25 -1.58 -0.41 -1.46 0.24 -4.85 2.41 0.13 0.96 1.25 5.27 0.31 0.53 27.80 23.42 31.41 28.80 33.33 34.84 31.50 44.33 44.12 31.68 34.23 30.10 20.87 19.84 16.23 1.48 -4.02 8.51 6.31 8.71 -2.31 -2.23 -4.44 0.02 2.11 -5.13 3.60 1.26 0.80 1.69 0.68 -3.56 2.02 -4.57 27.42 30.03 30.88 33.51 33.65 38.87 37.75 39.58 44.66 37.68 27.75 27.73 21.00 18.17 8.02 -3.92 0.72 11.98 11.95 3.35 -0.45 0.31 0.54 -0.91 1.65 -1.29 1.12 0.05 0.41 3.12 -0.20 -4.51 2.89 -2.51 27.74 26.82 31.93 27.94 31.61 26.94 34.48 35.25 41.17 36.48 29.90 22.79 25.45 19.68 13.03 4.77 -3.78 -0.73 9.47 12.08 0.08 3.40 -5.04 1.95 -2.33 -0.97 -2.43 2.41 -1.76 -5.47 -0.46 2.47 -0.14 1.76 29.61 30.80 37.86 31.51 31.20 29.81 37.21 36.72 43.90 40.38 28.84 27.17 19.99 16.90 10.86 3.37 0.16 -2.89 -2.37 6.55 -1.93 -8.60 0.27 -1.57 -2.74 0.31 -4.59 1.66 1.76 -3.81 -0.95 1.25 -0.95 -0.58 28.92 30.31 31.38 33.27 34.06 36.51 34.26 38.78 39.51 35.27 26.33 27.85 18.16 16.97 8.07 2.35 -4.16 -4.64 1.89 5.35 1.26 3.44 2.00 2.65 4.23 2.31 0.23 -0.88 0.62 3.75 -0.64 2.27 4.69 -0.02 23.02 19.74 28.18 34.15 34.96 32.53 34.54 39.97 40.96 36.07 28.94 22.65 18.68 21.76 13.59 1.64 -2.72 -6.20 4.13 -2.75 1.81 -1.85 3.23 1.43 -6.40 -0.43 -0.50 4.17 3.28 -1.66 -1.14 0.18 1.58 -4.44 29.45 25.18 27.61 32.49 28.46 28.31 36.67 42.35 35.73 28.58 26.71 29.09 14.87 14.54 11.67 -3.87 4.11 -1.31 3.65 -1.68 6.61 -2.72 4.32 2.56 1.50 -4.47 3.29 -2.72 -5.51 -1.70 -1.27 -4.47 2.47 -4.49 29.51 24.73 34.77 23.86 23.18 35.57 30.62 38.45 41.21 39.84 29.29 25.38 16.45 15.82 8.86 8.08 0.10 -0.19 -4.33 0.80 0.73 -3.08 3.18 5.12 -2.84 0.57 4.67 -3.72 1.31 -1.21 -2.65 -2.41 -2.86 -3.34 21.10 29.29 29.82 28.84 31.52 31.51 36.00 37.16 42.22 42.88 29.26 22.76 17.26 15.36 12.33 1.09 -0.12 2.90 3.82 -1.47 -5.52 1.95 -3.00 0.91 2.92 -2.56 2.18 -3.17 -0.14 2.70 -2.63 -3.22 -2.59 -1.63 30.63 28.30 33.54 23.34 28.54 34.85 26.14 42.84 45.22 42.24 30.78 27.29 25.31 17.05 8.24 -2.68 -4.90 -3.26 -3.57 3.10 -3.92 0.16 0.47 -3.35 -0.84 -2.58 -2.70 -2.65 4.04 -0.05 -2.32 -2.22 1.43 1.49 32.60 34.70 31.27 35.38 30.91 31.87 38.45 45.73 35.72 38.10 28.80 21.88 23.05 12.83 10.34 2.88 -1.26 4.49 0.43 -4.00 -3.56 -6.79 2.79 -2.18 -0.79 -1.56 -1.29 0.50 0.68 -1.07 1.40 5.65 6.37 6.16 26.62 26.32 30.37 33.15 31.96 33.20 31.68 43.42 44.03 29.93 34.95 28.44 18.62 9.22 8.46 1.80 1.27 1.57 -4.19 -1.58 -0.12 3.91 -2.32 -4.18 -0.74 0.80 0.29 -0.02 -2.22 -1.15 0.21 0.08 0.34 -0.91 24.25 28.42 25.18 27.17 23.92 33.10 34.82 39.67 37.70 37.28 25.23 29.99 20.40 16.09 8.50 1.69 1.19 4.23 -1.84 3.69 1.80 -2.87 -2.15 -1.88 0.67 3.14 -0.90 3.02 0.32 -0.80 1.49 -0.27 -0.91 1.14 26.95 25.46 24.48 28.17 32.91 32.60 32.42 38.05 39.21 35.78 32.63 22.31 16.96 18.22 8.06 2.02 1.85 4.34 -4.19 1.54 -3.57 1.35 3.64 3.79 -0.50 1.13 -8.22 2.72 0.37 3.49 -0.15 -2.41 -2.60 6.50 31.40 29.90 33.92 30.33 27.23 34.88 32.53 50.96 38.42 23.55 33.75 24.04 20.54 12.00 11.80 0.19 1.28 3.52 -1.94 -2.56 2.51 1.27 -2.82 1.06 2.05 -0.44 2.20 2.19 2.96 -2.27 0.06 -2.17 -0.55 0.35 0.00 0.00 25.97 31.34 26.87 34.05 33.22 43.41 44.87 30.34 33.00 25.22 22.80 11.76 6.55 -0.23 3.55 -1.36 1.70 -3.79 -1.99 -2.77 4.16 -0.10 -2.86 -2.77 -6.52 0.75 1.00 0.81 0.61 2.34 2.26 5.14 0.00 0.00 0.00 0.00 0.00 37.63 26.09 38.56 41.93 38.03 29.69 24.22 13.93 10.39 9.95 0.66 -5.57 -2.53 -8.88 5.52 -1.67 3.98 2.87 3.92 -1.14 -4.20 0.22 4.31 1.63 -2.55 4.89 1.23 1.25 -2.78 0.00 0.00 0.00 0.00 0.00 0.00 0.00 40.86 37.56 43.57 26.77 23.72 14.72 9.23 3.69 -2.35 -0.34 3.49 1.63 1.08 -4.30 -2.44 3.80 -1.33 5.99 -0.07 -3.15 -0.83 -1.80 -0.08 0.27 -5.91 -1.07 1.86 0.00 0.00 0.00 0.00 0.00 0.00 0.00 0.00 0.00 36.61 35.91 25.66 21.00 14.29 1.20 0.26 0.02 5.34 -0.78 -5.21 -2.33 1.00 -0.09 3.91 2.13 -2.87 1.32 -4.14 2.85 0.13 5.03 2.38 3.05 0.53 0.00 0.00 0.00 0.00 0.00 0.00 0.00 0.00 0.00 0.00 29.07 23.50 9.58 12.49 1.61 -0.36 3.10 6.33 -1.13 -0.09 -1.42 2.08 0.28 -0.57 -2.26 -1.27 4.97 1.86 -1.92 -3.12 1.07 5.14 -4.09 0.03 0.00 0.00 0.00 0.00 0.00 0.00 0.00 0.00 0.00 0.00 0.00 20.98 17.04 7.53 2.31 -0.67 0.48 0.37 -5.09 -1.36 -0.34 -2.53 1.58 1.06 -5.58 -2.12 -3.83 -0.30 -2.80 3.55 0.10 -2.46 -3.42 -2.54 0.00 0.00 0.00 0.00 0.00 0.00 0.00 0.00 0.00 0.00 0.00 0.00 16.06 15.87 -5.86 -1.01 -1.57 -4.60 7.41 -1.99 -1.96 0.65 -4.10 -1.80 0.58 0.40 -0.91 -1.96 0.52 4.24 0.88 0.76 2.72 0.34 0.00 0.00 0.00 0.00 0.00 0.00 0.00 0.00 0.00 0.00 0.00 0.00 0.00 9.73 -2.03 -6.98 3.20 -3.93 -2.20 -3.62 -6.92 -5.31 4.60 3.48 -0.73 2.34 4.48 -7.96 -4.43 1.31 2.97 0.57 -0.84 -1.12 0.00 0.00 0.00 0.00 0.00 0.00 0.00 0.00 0.00 0.00 0.00 0.00 0.00 0.00 1.93 8.08 -1.32 2.64 -2.56 2.78 3.21 2.18 2.86 -1.62 3.09 -0.09 0.67 -2.11 2.09 -0.24 -1.16 2.75 -1.09 0.31 0.00 0.00 0.00 0.00 0.00 0.00 0.00 0.00 0.00 0.00 0.00 0.00 0.00 0.00 0.00 -0.02 0.09 -1.78 1.02 0.18 -2.83 0.24 -2.65 3.82 1.55 -7.08 0.31 -2.46 -0.99 3.06 -0.50 1.78 0.23 -6.41 0.00 0.00 0.00 0.00 0.00 0.00 0.00 0.00 0.00 0.00 0.00 0.00 0.00 0.00 0.00 2.45 3.64 2.28 -1.51 3.87 0.39 2.64 2.92 2.63 -1.42 -0.61 0.81 0.20 3.49 1.50 -0.61 0.33 -0.42 -2.62 0.00 0.00 0.00 0.00 0.00 0.00 0.00 0.00 0.00 0.00 0.00 0.00 0.00 0.00 0.00 0.00 2.71 2.88 -4.51 2.11 -4.27 6.55 -0.29 2.82 0.77 3.04 -4.37 -3.97 2.81 -2.16 -6.51 0.93 3.06 0.23 0.00 0.00 0.00 0.00 0.00 0.00 0.00 0.00 0.00 0.00 0.00 0.00 0.00 0.00 0.00 0.00 0.00 -4.88 -1.17 -2.69 -1.55 1.12 3.08 1.56 -1.64 2.22 1.64 -2.74 2.22 0.98 -5.72 -1.96 -1.53 4.28 0.00 0.00 0.00 0.00 0.00 0.00 0.00 0.00 0.00 0.00 0.00 0.00 0.00 0.00 0.00 0.00 0.00 3.63 -4.67 5.07 -4.39 4.06 1.43 5.72 -2.19 5.15 -5.90 -1.90 0.67 2.52 1.80 3.66 -3.31 -2.20 0.00 0.00 0.00 0.00 0.00 0.00 0.00 0.00 0.00 0.00 0.00 0.00 0.00 0.00 0.00 0.00 0.00 0.00 1.26 -1.28 -0.36 1.91 0.24 -2.50 -2.49 1.30 1.41 -0.95 1.46 5.71 0.59 -3.79 1.00 2.08 0.00 0.00 0.00 0.00 0.00 0.00 0.00 0.00 0.00 0.00 0.00 0.00 0.00 0.00 0.00 0.00 0.00 0.00 0.00 -1.48 1.55 -3.32 2.93 1.73 4.61 5.43 -2.71 1.23 0.76 2.26 -4.35 3.02 0.54 1.19 0.00 0.00 0.00 0.00 0.00 0.00 0.00 0.00 0.00 0.00 0.00 0.00 0.00 0.00 0.00 0.00 0.00 0.00 0.00 -1.01 -0.10 -7.53 -2.67 1.07 2.03 -1.99 -7.05 0.21 -0.67 4.53 -0.24 -1.94 2.28 0.54 0.00 0.00 0.00 0.00 0.00 0.00 0.00 0.00 0.00 0.00 0.00 0.00 0.00 0.00 0.00 0.00 0.00 0.00 0.00 0.00 1.85 2.35 2.56 -0.24 5.44 -0.83 -2.18 2.32 -6.39 1.26 -1.01 0.86 -0.52 -3.17 0.00 0.00 0.00 0.00 0.00 0.00 0.00 0.00 0.00 0.00 0.00 0.00 0.00 0.00 0.00 0.00 0.00 0.00 0.00 0.00 3.97 -3.05 3.47 1.88 4.05 -1.71 0.66 3.56 2.40 -1.78 -2.76 -2.34 -1.39 3.41 0.00 0.00 0.00 0.00 0.00 0.00 0.00 0.00 0.00 0.00 0.00 0.00 0.00 0.00 0.00 0.00 0.00 0.00 0.00 0.00 0.00 3.03 -0.61 0.92 1.52 4.95 4.09 0.57 3.44 -0.40 -1.01 1.35 2.46 -0.36 0.00 0.00 0.00 0.00 0.00 0.00 0.00 0.00 0.00 0.00 0.00 0.00 0.00 0.00 0.00 0.00 0.00 0.00 0.00 0.00 0.00 -2.91 -0.04 -0.95 4.90 -0.49 0.89 -1.41 0.94 3.92 -3.67 -0.18 4.10 -3.75 0.00 0.00 0.00 0.00 0.00 0.00 0.00 0.00 0.00 0.00 0.00 0.00 0.00 0.00 0.00 0.00 0.00 0.00 0.00 0.00 0.00 0.00 -0.92 -2.37 -5.18 4.78 -1.57 -3.59 0.42 1.54 -1.98 -4.67 0.13 -5.56 0.00 0.00 0.00 0.00 0.00 0.00 0.00 0.00 0.00 0.00 0.00 0.00 0.00 0.00 0.00 0.00 0.00 0.00 0.00 0.00 0.00 0.00 1.78 -1.12 -1.26 -0.70 -1.78 2.82 2.60 -0.54 0.42 2.22 -3.82 5.02 0.00 0.00 0.00 0.00 0.00 0.00 0.00 0.00 0.00 0.00 0.00 0.00 0.00 0.00 0.00 0.00 0.00 0.00 0.00 0.00 0.00 0.00 0.00 1.27 0.09 5.26 -2.88 4.95 0.42 -4.50 -0.15 3.00 1.18 0.47 0.00 0.00 0.00 0.00 0.00 0.00 0.00 0.00 0.00 0.00 0.00 0.00 0.00 0.00 0.00 0.00 0.00 0.00 0.00 0.00 0.00 0.00 0.00 1.06 2.50 -1.63 -6.66 0.70 4.09 -0.27 -2.53 -2.38 3.44 -1.44 0.00 0.00 0.00 0.00 0.00 0.00 0.00 0.00 0.00 0.00 0.00 0.00 0.00 0.00 0.00 0.00 0.00 0.00 0.00 0.00 0.00 0.00 0.00 0.00 2.10 4.31 4.19 -6.42 -2.12 -6.93 5.05 1.66 -0.70 -4.54 0.00 0.00 0.00 0.00 0.00 0.00 0.00 0.00 0.00 0.00 0.00 0.00 0.00 0.00 0.00 0.00 0.00 0.00 0.00 0.00 0.00 0.00 0.00 0.00 -1.87 -5.33 -0.01 5.10 -7.49 5.22 -0.44 0.17 3.50 2.34 0.00 0.00 0.00 0.00 0.00 0.00 0.00 0.00 0.00 0.00 0.00 0.00 0.00 0.00 0.00 0.00 0.00 0.00 0.00 0.00 0.00 0.00 0.00 0.00 -0.56 -2.50 -0.29 0.43 -1.09 1.03 3.30 4.02 4.53 -1.81 0.00 0.00 0.00 0.00 0.00 0.00 0.00 0.00 0.00 0.00 0.00 0.00 0.00 0.00 0.00 0.00 0.00 0.00 0.00 0.00 0.00 0.00 0.00 0.00 0.00 -0.29 -1.06 -2.89 -5.23 0.29 1.28 2.32 3.32 0.97 0.00 0.00 0.00 0.00 0.00 0.00 0.00 0.00 0.00 0.00 0.00 0.00 0.00 0.00 0.00 0.00 0.00 0.00 0.00 0.00 0.00 0.00 0.00 0.00 0.00 -1.23 1.15 -1.38 0.20 3.30 -0.59 2.05 -2.90 4.66 0.00 0.00 0.00 0.00 0.00 0.00 0.00 0.00 0.00 0.00 0.00 0.00 0.00 0.00 0.00 0.00 0.00 0.00 0.00 0.00 0.00 0.00 0.00 0.00 0.00 0.00 9.26 1.33 4.60 -1.59 2.14 -1.39 2.64 1.24 0.00 0.00 0.00 0.00 0.00 0.00 0.00 0.00 0.00 0.00 0.00 0.00 0.00 0.00 0.00 0.00 0.00 0.00 0.00 0.00 0.00 0.00 0.00 0.00 0.00 0.00 2.03 3.45 4.10 1.32 -6.40 -0.76 -0.96 -3.44 0.00 0.00 0.00 0.00 0.00 0.00 0.00 0.00 0.00 0.00 0.00 0.00 0.00 0.00 0.00 0.00 0.00 0.00 0.00 0.00 0.00 0.00 0.00 0.00 0.00 0.00 2.02 3.09 1.79 0.10 2.80 -0.83 1.80 0.83 0.00 0.00 0.00 0.00 0.00 0.00 0.00 0.00 0.00 0.00 0.00 0.00 0.00 0.00 0.00 0.00 0.00 0.00 0.00 0.00 0.00 0.00 0.00 0.00 0.00 0.00 0.00 -0.46 1.11 6.82 1.10 -1.89 -2.13 -2.10 0.00 0.00 0.00 0.00 0.00 0.00 0.00 0.00 0.00 0.00 0.00 0.00 0.00 0.00 0.00 0.00 0.00 0.00 0.00 0.00 0.00 0.00 0.00 0.00 0.00 0.00 0.00 2.82 -1.98 -0.16 1.90 -1.28 3.00 -1.37 0.00 0.00 0.00 0.00 0.00 0.00 0.00 0.00 0.00 0.00 0.00 0.00 0.00 0.00 0.00 0.00 0.00 0.00 0.00 0.00 0.00 0.00 0.00 0.00 0.00 0.00 0.00 -1.22 -1.85 2.23 4.75 1.03 -3.84 -3.86 0.00 0.00 0.00 0.00 0.00 0.00 0.00 0.00 0.00 0.00 0.00 0.00 0.00 0.00 0.00 0.00 0.00 0.00 0.00 0.00 0.00 0.00 0.00 0.00 0.00 0.00 0.00 0.00 -2.73 -1.64 6.16 -3.14 4.96 -0.55 0.00 0.00 0.00 0.00 0.00 0.00 0.00 0.00 0.00 0.00 0.00 0.00 0.00 0.00 0.00 0.00 0.00 0.00 0.00 0.00 0.00 0.00 0.00 0.00 0.00 0.00 0.00 0.00 -1.19 -2.64 1.14 -5.08 -8.77 0.03 0.00 0.00 0.00 0.00 0.00 0.00 0.00 0.00 0.00 0.00 0.00 0.00 0.00 0.00 0.00 0.00 0.00 0.00 0.00 0.00 0.00 0.00 0.00 0.00 0.00 0.00 0.00 0.00 2.98 3.08 1.88 -1.17 1.28 0.34 0.00 0.00 0.00 0.00 0.00 0.00 0.00 0.00 0.00 0.00 0.00 0.00 0.00 0.00 0.00 0.00 0.00 0.00 0.00 0.00 0.00 0.00 0.00 0.00 0.00 0.00 0.00 0.00 0.00 -0.47 1.89 0.52 2.34 -2.61 0.00 0.00 0.00 0.00 0.00 0.00 0.00 0.00 0.00 0.00 0.00 0.00 0.00 0.00 0.00 0.00 0.00 0.00 0.00 0.00 0.00 0.00 0.00 0.00 0.00 0.00 0.00 0.00 0.00 -3.56 1.56 4.38 0.22 2.21 0.00 0.00 0.00 0.00 0.00 0.00 0.00 0.00 0.00 0.00 0.00 0.00 0.00 0.00 0.00 0.00 0.00 0.00 0.00 0.00 0.00 0.00 0.00 0.00 0.00 0.00 0.00 0.00 0.00 -0.30 -0.64 5.91 2.21 1.14 0.00 0.00 0.00 0.00 0.00 0.00 0.00 0.00 0.00 0.00 0.00 0.00 0.00 0.00 0.00 0.00 0.00 0.00 0.00 0.00 0.00 0.00 0.00 0.00 0.00 0.00 0.00 0.00 0.00 0.00 -0.20 -0.63 -0.57 -2.34 0.00 0.00 0.00 0.00 0.00 0.00 0.00 0.00 0.00 0.00 0.00 0.00 0.00 0.00 0.00 0.00 0.00 0.00 0.00 0.00 0.00 0.00 0.00 0.00 0.00 0.00 0.00 0.00 0.00 0.00 -2.00 -3.32 -0.82 1.14 0.00 0.00 0.00 0.00 0.00 0.00 0.00 0.00 0.00 0.00 0.00 0.00 0.00 0.00 0.00 0.00 0.00 0.00 0.00 0.00 0.00 0.00 0.00 0.00 0.00 0.00 0.00 0.00 0.00 0.00 2.59 0.07 9.68 2.38 0.00 0.00 0.00 0.00 0.00 0.00 0.00 0.00 0.00 0.00 0.00 0.00 0.00 0.00 0.00 0.00 0.00 0.00 0.00 0.00 0.00 0.00 0.00 0.00 0.00 0.00 0.00 0.00 0.00 0.00 0.00 -4.51 -4.31 -3.87 0.00 0.00 0.00 0.00 0.00 0.00 0.00 0.00 0.00 0.00 0.00 0.00 0.00 0.00 0.00 0.00 0.00 0.00 0.00 0.00 0.00 0.00 0.00 0.00 0.00 0.00 0.00 0.00 0.00 0.00 0.00 3.04 -2.13 1.83 0.00 0.00 0.00 0.00 0.00 0.00 0.00 0.00 0.00 0.00 0.00 0.00 0.00 0.00 0.00 0.00 0.00 0.00 0.00 0.00 0.00 0.00 0.00 0.00 0.00 0.00 0.00 0.00 0.00 0.00 0.00 -7.83 -1.32 -0.39 0.00 0.00 0.00 0.00 0.00 0.00 0.00 0.00 0.00 0.00 0.00 0.00 0.00 0.00 0.00 0.00 0.00 0.00 0.00 0.00 0.00 0.00 0.00 0.00 0.00 0.00 0.00 0.00 0.00 0.00 0.00 -3.16 1.90 2.45 0.00 0.00 0.00 0.00 0.00 0.00 0.00 0.00 0.00 0.00 0.00 0.00 0.00 0.00 0.00 0.00 0.00 0.00 0.00 0.00 0.00 0.00 0.00 0.00 0.00 0.00 0.00 0.00 0.00 0.00 0.00 0.00 0.03 4.52 0.00 0.00 0.00 0.00 0.00 0.00 0.00 0.00 0.00 0.00 0.00 0.00 0.00 0.00 0.00 0.00 0.00 0.00 0.00 0.00 0.00 0.00 0.00 0.00 0.00 0.00 0.00 0.00 0.00 0.00 0.00 0.00 0.24 -0.11 0.00 0.00 0.00 0.00 0.00 0.00 0.00 0.00 0.00 0.00 0.00 0.00 0.00 0.00 0.00 0.00 0.00 0.00 0.00 0.00 0.00 0.00 0.00 0.00 0.00 0.00 0.00 0.00 0.00 0.00 0.00 0.00 -0.84 2.19 0.00 0.00 0.00 0.00 0.00 0.00 0.00 0.00 0.00 0.00 0.00 0.00 0.00 0.00 0.00 0.00 0.00 0.00 0.00 0.00 0.00 0.00 0.00 0.00 0.00 0.00 0.00 0.00 0.00 0.00 0.00 0.00 0.00 3.10 0.00 0.00 0.00 0.00 0.00 0.00 0.00 0.00 0.00 0.00 0.00 0.00 0.00 0.00 0.00 0.00 0.00 0.00 0.00 0.00 0.00 0.00 0.00 0.00 0.00 0.00 0.00 0.00 0.00 0.00 0.00 0.00 0.00 -2.22 0.00 0.00 0.00 0.00 0.00 0.00 0.00 0.00 0.00 0.00 0.00 0.00 0.00 0.00 0.00 0.00 0.00 0.00 0.00 0.00 0.00 0.00 0.00 0.00 0.00 0.00 0.00 0.00 0.00 0.00 0.00 0.00 0.00 2.55 0.00 0.00 0.00 0.00 0.00 0.00 0.00 0.00 0.00 0.00 0.00 0.00 0.00 0.00 0.00 0.00 0.00 0.00 0.00 0.00 0.00 0.00 0.00 0.00 0.00 0.00 0.00 0.00 0.00 0.00 0.00 0.00 0.00 -1.54 0.00 0.00 0.00 0.00 0.00 0.00 0.00 0.00 0.00 0.00 0.00 0.00 0.00 0.00 0.00 0.00 0.00 0.00 0.00 0.00 0.00 0.00 0.00 0.00 0.00 0.00 0.00 0.00 0.00 0.00 0.00 0.00 0.00 0.00 0.00 0.00 0.00 0.00 0.00 0.00 0.00 0.00 0.00 0.00 0.00 0.00 0.00 0.00 0.00 0.00 0.00 0.00 0.00 0.00 0.00 0.00 0.00 0.00 0.00 0.00 0.00 0.00 0.00 0.00 0.00 0.00 0.00 0.00 0.00 0.00 0.00 0.00 0.00 0.00 0.00 0.00 0.00 0.00 0.00 0.00 0.00 0.00 0.00 0.00 0.00 0.00 0.00 0.00 0.00 0.00 0.00 0.00 0.00 0.00 0.00 0.00 0.00 0.00 0.00 0.00 0.00 0.00 0.00 0.00 0.00 0.00 0.00 0.00 0.00 0.00 0.00 0.00 0.00 0.00 0.00 0.00 0.00 0.00 0.00 0.00 0.00 0.00 0.00 0.00 0.00 0.00 0.00 0.00 0.00 0.00 0.00 0.00 0.00 0.00 0.00 0.00 0.00 0.00 0.00 0.00 0.00 0.00 0.00 0.00 0.00 0.00 0.00 0.00 0.00 0.00 0.00 0.00 0.00 0.00 0.00 0.00 0.00 0.00 0.00 0.00 0.00 0.00 0.00 0.00 0.00 0.00 0.00 0.00 0.00 0.00 0.00 0.00 0.00 0.00 0.00 0.00 0.00 0.00 0.00 0.00 0.00 0.00 0.00 0.00 0.00 0.00 0.00 0.00 0.00 0.00 0.00 0.00 0.00 0.00 0.00 0.00 0.00 0.00 0.00 0.00 0.00 0.00 0.00 0.00 0.00 0.00 0.00 0.00 0.00 0.00 0.00 0.00 0.00 0.00 0.00 0.00 0.00 0.00 0.00 0.00 0.00 0.00 0.00 0.00 0.00 0.00 0.00 0.00 0.00 0.00 0.00 0.00 0.00 0.00 0.00 0.00 0.00 0.00 0.00 0.00 0.00 0.00 0.00 0.00 0.00 0.00 0.00 0.00 0.00 0.00 0.00 0.00 0.00 0.00 0.00 0.00 0.00 0.00 0.00 0.00 0.00 0.00 0.00 0.00 0.00 0.00 0.00 0.00 0.00 0.00 0.00 0.00 0.00 0.00 0.00 0.00 0.00 0.00 0.00 0.00 0.00 0.00 0.00 0.00 0.00 0.00 0.00 0.00 0.00 0.00 0.00 0.00 0.00 0.00 0.00 0.00 0.00 0.00 0.00 0.00 0.00 0.00 0.00 0.00 0.00 0.00 0.00 0.00 0.00 0.00 0.00 0.00 0.00 0.00 0.00 0.00 0.00 0.00 0.00 0.00 0.00 0.00 0.00 0.00 0.00 0.00 0.00 0.00 0.00 0.00 0.00 0.00 0.00 0.00 0.00 0.00 0.00 0.00 0.00 0.00 0.00 0.00 0.00 0.00 0.00 0.00 0.00 0.00 0.00 0.00 0.00 0.00 0.00 0.00 0.00 0.00 0.00 0.00 0.00 0.00 0.00 0.00 0.00 0.00 0.00 0.00 0.00 0.00 0.00 0.00 0.00 0.00 0.00 0.00 0.00 0.00 0.00 0.00 0.00 0.00 0.00 0.00 0.00 0.00 0.00 0.00 0.00 0.00 0.00 0.00 0.00 0.00 0.00 0.00 0.00 0.00 0.00 0.00 0.00 0.00 0.00 0.00 0.00 0.00 0.00 0.00 0.00 0.00 0.00 0.00 0.00 0.00 0.00 0.00 0.00 0.00 0.00 0.00 0.00 0.00 0.00 0.00 0.00 0.00 0.00 0.00 0.00 0.00 0.00 0.00 0.00 0.00 0.00 0.00 0.00 0.00 0.00 0.00 0.00 0.00 0.00 0.00
rain_type.data=1 1 1 1 1 0 0 0 0 0 0 0 0 0 0 0 0 0 0 0 0 0 0 0 0 0 0 0 0 0 0 0 0 0 1 1 1 1 1 1 1 1 1 0 0 0 0 0 0 0 0 0 0 0 0 0 0 0 0 0 0 0 0 0 0 0 0 0 1 1 1 1 1 1 1 1 1 1 1 1 0 0 0 0 0 0 0 0 0 0 0 0 0 0 0 0 0 0 0 0 0 0 1 1 1 1 1 1 1 1 1 1 1 1 1 1 0 0 0 0 0 0 0 0 0 0 0 0 0 0 0 0 0 0 0 0 1 1 1 1 1 1 1 1 1 1 1 1 1 1 1 1 0 0 0 0 0 0 0 0 0 0 0 0 0 0 0 0 0 0 1 1 1 1 1 1 1 1 1 1 1 1 1 1 1 1 1 1 0 0 0 0 0 0 0 0 0 0 0 0 0 0 0 0 1 1 1 1 1 1 1 1 1 1 1 1 1 1 1 1 1 1 1 1 0 0 0 0 0 0 0 0 0 0 0 0 0 0 1 1 1 1 1 1 1 1 1 1 1 1 1 1 1 1 1 1 1 1 1 0 0 0 0 0 0 0 0 0 0 0 0 0 1 1 1 1 1 1 1 1 1 1 1 1 1 1 1 1 1 1 1 1 1 1 0 0 0 0 0 0 0 0 0 0 0 0 1 1 1 1 1 1 1 1 1 1 1 1 1 1 1 1 1 1 1 1 1 1 1 1 0 0 0 0 0 0 0 0 0 0 1 1 1 1 1 1 1 1 1 1 1 1 1 1 1 1 1 1 1 1 1 1 1 1 1 0 0 0 0 0 0 0 0 0 1 1 1 1 1 1 1 1 1 1 1 1 1 1 1 1 1 1 1 1 1 1 1 1 1 1 0 0 0 0 0 0 0 0 1 1 1 1 1 1 1 1 1 1 1 1 1 1 1 1 1 1 1 1 1 1 1 1 1 1 1 0 0 0 0 0 0 0 1 1 1 1 1 1 1 1 1 1 1 1 1 1 1 1 1 1 1 1 1 1 1 1 1 1 1 1 0 0 0 0 0 0 1 1 1 1 1 1 1 1 1 1 1 1 1 1 1 1 1 1 1 1 1 1 1 1 1 1 1 1 1 0 0 0 0 0 1 1 1 1 1 1 1 1 1 1 1 1 1 1 1 1 1 1 1 1 1 1 1 1 1 1 1 1 1 1 0 0 0 0 1 1 1 1 1 1 1 1 1 1 1 1 1 1 1 1 1 1 1 1 1 1 1 1 1 1 1 1 1 1 0 0 0 0 1 1 1 1 1 1 1 1 1 1 1 1 1 1 1 1 1 1 1 1 1 1 1 1 1 1 1 1 1 1 1 0 0 0 1 1 1 1 1 1 1 1 1 1 1 1 1 1 1 1 1 1 1 1 1 1 1 1 1 1 1 1 1 1 1 1 0 0 1 1 1 1 1 1 1 1 1 1 1 1 1 1 1 1 1 1 1 1 1 1 1 1 1 1 1 1 1 1 1 1 1 0 1 1 1 1 1 1 1 1 1 1 1 1 1 1 1 1 1 1 1 1 1 1 1 1 1 1 1 1 1 1 1 1 1 0 1 1 1 1 1 1 1 1 1 1 1 1 1 1 1 1 1 1 1 1 1 1 1 1 1 1 1 1 1 1 1 1 1 1 1 1 1 1 1 1 1 1 1 1 1 1 1 1 1 1 1 1 1 1 1 1 1 1 1 1 1 1 1 1 1 1 1 1 1 1 1 1 1 1 1 1 1 1 1 1 1 1 1 1 1 1 1 1 1 1 1 1 1 1 1 1 1 1 1 1 1 1 1 1 1 1 1 1 1 1 1 1 1 1 1 1 1 1 1 1 1 1 1 1 1 1 1 1 1 1 1 1 1 1 1 1 1 1 1 1 1 1 1 1 1 1 1 1 1 1 1 1 1 1 1 1 1 1 1 1 1 1 1 1 1 1 1 1 1 1 1 1 1 1 1 1 1 1 1 1 1 1 1 1 1 1 1 1 1 1 1 1 1 1 1 1 1 1 1 1 1 1 1 1 1 1 1 1 1 1 1 1 1 1 1 1 1 1 1 1 1 1 1 1 1 1 1 1 1 1 1 1 1 1 1 1 1 1 1 1 1 1 1 1 1 1 1 1 1 1 1 1 1 1 1 1 1 1 1 1 1 1 1 1 1 1 1 1 1 1 1 1 1 1 1 1 1 1 1 1 1 1 1 1 1 1 1 1 1 1 1 1 1 1 1 1 1 1 1 1 1 1 1 1 1 1 1 1 1 1 1 1 1 1 1 1 1 1 1 1 1 1 1 1 1 1 1 1 1 1 1 1 1 1 1 1 1 1 1 1 1 1 1 1 1 1 1 1 1 1 1 1 1 1 1 1 1 1 1 1 1 1 1 1 1 1 1 1 1 1 1 1 1 1 1 1 1 1 1 1 1 1 1 1 1 1 1 1 1 1 1 1 1 1 1 1 1 1 1 1 1 1 1 1 1 1 1 1 1 1 1 1 1 1 1 1 1 1 1 1 1 1 1 1 1 1 1 1 1 1 1 1 1 1 1 1 1 1 1 1 1 1 1 1 1 1 1 1 1 1 1 1 1 1 1 1 1 1 1 1 1 1 1 1 1 1 1 1 1 1 1 1 1 1 1 1 1 1 1 1 1 1 1 1 1 1 1 1 1 1 1 1 1 1 1 1 1 1 1 1 1 1 1 1 1 1 1 1 1 1 1 1 1 1 1 1 1 1 1 1 1 1 1 1 1 1 1 1 1 1 1 1 1 1 1 1 1 1 1 1 1 1 1 1 1 1 1 1 1 1 1 1 1 1 1 1 1 1 1 1 1 1 1 1 1 1 1 1 1 1 1 1 1 1 1 1 1 1 1 1 1 1 1 1 1 1 1 1 1 1 1 1 1 1 1 1 1 1 1 1 1 1 1 1 1 1 1 1 1 1 1 1 1 1 1 1 1 1 1 1 1 1 1 1 1 1 1 1 1 1 1 1 1 1 1 1 1 1 1 1 1 1 1 1 1 1 1 1 1 1 1 1 1 1 1 1 1 1 1 1 1 1 1 1 1 1 1 1 1 1 1 1 1 1 1 1 1 1 1 1 1 1 1 1 1 1 1 1 1 1 1 1 1 1 1 1 1 1 1 1 1 1 1 1 1 1 1 1 1 1 1 1 1 1 1 1 1 1 1 1 1 1 1 1 1 1 1 1 1 1 1 1 1 1 1 1 1 1 1 1 1 1 1 1 1 1 1 1 1 1 1 1 1 1 1 1 1 1 1 1 1 1 1 1 1 1 1 1 1 1 1 1 1 1 1 1 1 1 1 1 1 1 1 1 1 1 1 1 1 1 1 1 1 1 1 1 1 1 1 1 1 1 1 1 1 1 1 1 1 1 1 1 1 1 1 1 1 1 1 1 1 1 1 1 1 1 1 1 1 1 1 1 1 1 1 1 1 1 1 1 1 1 1 1 1 1 1 1 1 1 1 1 1 1 1 1 1 1 1 1 1 1 1 1 1 1 1 1 1 1 1 1 1 1 1 1 1 1 1 1 1 1 1 1 1 1 1 1 1 1 1 1 1 1 1 1 1 1 1 1 1 1 1 1 1 1 1 1 1 1 1 1 1 1 1 1 1 1 1 1 1 1 1 1 1 1 1 1 1 1 1 1 1 1 1 1 1 1 1 1 1 1 1 1 1 1 1 1 1 1 1 1 1 1 1 1 1 1 1 1 1 1 1 1 1 1 1 1 1 1 1 1 1 1 1 1 1 1 1 1 1 1 1 1 1 1 1 1 1 1 1 1 1 1 1 1 1 1 1 1 1 1 1 1 1 1 1 1 1 1 1 1 1 1 1 1 1 1 1 1 1 1 1 1 1 1 1 1 1 1 1 1 1 1 1 1 1 1 1 1 1 1 1 1 1 1 1 1 1 1 1 1 1 1 1 1 1 1 1 1 1 1 1 1 1 1 1 1 1 1 1 1 1 1 1 1 1 1 1 1 1 1 1 1 1 1 1 1 1 1 1 1 1 1 1 1 1 1 1 1 1 1 1 1 1 1 1 1 1 1 1 1 1 1 1 1 1 1 1 1 1 1 2 2 2 2 2 2 1 1 1 1 1 1 1 1 1 1 1 1 1 1 1 1 1 1 1 1 1 1 1 1 1 1 1 1 2 2 2 2 2 2 2 2 2 1 1 1 1 1 1 1 1 1 1 1 1 1 1 1 1 1 1 1 1 1 1 1 1 1 2 2 2 2 2 2 2 2 2 2 2 1 1 1 1 1 1 1 1 1 1 1 1 1 1 1 1 1 1 1 1 1 1 1 2 2 2 2 2 2 2 2 2 2 2 2 2 1 1 1 1 1 1 1 1 1 1 1 1 1 1 1 1 1 1 1 1 1 2 2 2 2 2 2 2 2 2 2 2 2 2 2 1 1 1 1 1 1 1 1 1 1 1 1 1 1 1 1 1 1 1 1 2 2 2 2 2 2 2 2 2 2 2 2 2 2 2 2 1 1 1 1 1 1 1 1 1 1 1 1 1 1 1 1 1 1 2 2 2 2 2 2 2 2 2 2 2 2 2 2 2 2 2 1 1 1 1 1 1 1 1 1 1 1 1 1 1 1 1 1 2 2 2 2 2 2 2 2 2 2 2 2 2 2 2 2 2 2 1 1 1 1 1 1 1 1 1 1 1 1 1 1 1 1 2 2 2 2 2 2 2 2 2 2 2 2 2 2 2 2 2 2 2 1 1 1 1 1 1 1 1 1 1 1 1 1 1 1 2 2 2 2 2 2 2 2 2 2 2 2 2 2 2 2 2 2 2 2 1 1 1 1 1 1 1 1 1 1 1 1 1 1 2 2 2 2 2 2 2 2 2 2 2 2 2 2 2 2 2 2 2 2 2 1 1 1 1 1 1 1 1 1 1 1 1 1 2 2 2 2 2 2 2 2 2 2 2 2 2 2 2 2 2 2 2 2 2 2 1 1 1 1 1 1 1 1 1 1 1 1 2 2 2 2 2 2 2 2 2 2 2 2 2 2 2 2 2 2 2 2 2 2 2 1 1 1 1 1 1 1 1 1 1 1 2 2 2 2 2 2 2 2 2 2 2 2 2 2 2 2 2 2 2 2 2 2 2 1 1 1 1 1 1 1 1 1 1 1 2 2 2 2 2 2 2 2 2 2 2 2 2 2 2 2 2 2 2 2 2 2 2 2 1 1 1 1 1 1 1 1 1 1 2 2 2 2 2 2 2 2 2 2 2 2 2 2 2 2 2 2 2 2 2 2 2 2 2 1 1 1 1 1 1 1 1 1 2 2 2 2 2 2 2 2 2 2 2 2 2 2 2 2 2 2 2 2 2 2 2 2 2 2 1 1 1 1 1 1 1 1 2 2 2 2 2 2 2 2 2 2 2 2 2 2 2 2 2 2 2 2 2 2 2 2 2 2 1 1 1 1 1 1 1 1 2 2 2 2 2 2 2 2 2 2 2 2 2 2 2 2 2 2 2 2 2 2 2 2 2 2 2 1 1 1 1 1 1 1 2 2 2 2 2 2 2 2 2 2 2 2 2 2 2 2 2 2 2 2 2 2 2 2 2 2 2 2 1 1 1 1 1 1 2 2 2 2 2 2 2 2 2 2 2 2 2 2 2 2 2 2 2 2 2 2 2 2 2 2 2 2 1 1 1 1 1 1 2 2 2 2 2 2 2 2 2 2 2 2 2 2 2 2 2 2 2 2 2 2 2 2 2 2 2 2 2 1 1 1 1 1 2 2 2 2 2 2 2 2 2 2 2 2 2 2 2 2 2 2 2 2 2 2 2 2 2 2 2 2 2 1 1 1 1 1 2 2 2 2 2 2 2 2 2 2 2 2 2 2 2 2 2 2 2 2 2 2 2 2 2 2 2 2 2 2 1 1 1 1 2 2 2 2 2 2 2 2 2 2 2 2 2 2 2 2 2 2 2 2 2 2 2 2 2 2 2 2 2 2 1 1 1 1 2 2 2 2 2 2 2 2 2 2 2 2 2 2 2 2 2 2 2 2 2 2 2 2 2 2 2 2 2 2 2 1 1 1 2 2 2 2 2 2 2 2 2 2 2 2 2 2 2 2 2 2 2 2 2 2 2 2 2 2 2 2 2 2 2 1 1 1 2 2 2 2 2 2 2 2 2 2 2 2 2 2 2 2 2 2 2 2 2 2 2 2 2 2 2 2 2 2 2 2 1 1 2 2 2 2 2 2 2 2 2 2 2 2 2 2 2 2 2 2 2 2 2 2 2 2 2 2 2 2 2 2 2 2 1 1 2 2 2 2 2 2 2 2 2 2 2 2 2 2 2 2 2 2 2 2 2 2 2 2 2 2 2 2 2 2 2 2 2 1 2 2 2 2 2 2 2 2 2 2 2 2 2 2 2 2 2 2 2 2 2 2 2 2 2 2 2 2 2 2 2 2 2 1 2 2 2 2 2 2 2 2 2 2 2 2 2 2 2 2 2 2 2 2 2 2 2 2 2 2 2 2 2 2 2 2 2 2 2 2 2 2 2 2 2 2 2 2 2 2 2 2 2 2 2 2 2 2 2 2 2 2 2 2 2 2 2 2 2 2 2 2 2 2 2 2 2 2 2 2 2 2 2 2 2 2 2 2 2 2 2 2 2 2 2 2 2 2 2 2 2 2 2 2 2 2 2 2 2 2 2 2 2 2 2 2 2 2 2 2 2 2 2 2 2 2 2 2 2 2 2 2 2 2 2 2 2 2 2 2 2 2 2 2 2 2 2 2 2 2 2 2 2 2 2 2 2 2 2 2 2 2 2 2 2 2 2 2 2 2 2 2 2 2 2 2 2 2 2 2 2 2 2 2 2 2 2 2 2 2 2 2 2 2 2 2 2 2 2 2 2 2 2 2 2 2 2 2 2 2 2 2 2 2 2 2 2 2 2 2 2 2 2 2 2 2 2 2 2 2 2 2 2 2 2 2 2 2 2 2 2 2 2 2 2 2 2 2 2 2 2 2 2 2 2 2 2 2 2 2 2 2 2 2 2 2 2 2 2 2 2 2 2 2 2 2 2 2 2 2 2 2 2 2 2 2 2 2 2 2 2 2 2 2 2 2 2 2 2 2 2 2 2 2 2 2 2 2 2 2 2 2 2 2 2 2 2 2 2 2 2 2 2 2 2 2 2 2 2 2 2 2 2 2 2 2 2 2 2 2 2 2 2 2 2 2 2 2 2 2 2 2 2 2 2 2 2 2 2 2 2 2 2 2 2 2 2 2 2 2 2 2 2 2 2 2 2 2 2 2 2 2 2 2 2 2 2 2 2 2 2 2 2 2 2 2 2 2 2 2 2 2 2 2 2 2 2 2 2 2 2 2 2 2 2 2 2 2 2 2 2 2 2 2 2 2 2 2 2 2 2 2 2 2 2 2 2 2 2 2 2 2 2 2 2 2 2 2 2 2 2 2 2 2 2 2 2 2 2 2 2 2 2 2 2 2 2 2 2 2 2 2 2 2 2 2 2 2 2 2 2 2 2 2 2 2 2 2 2 2 2 2 2 2 2 2 2 2 2 2 2 2 2 2 2 2 2 2 2 2 2 2 2 2 2 2 2 2 2 2 2 2 2 2 2 2 2 2 2 2 2 2 2 2 2 2 2 2 2 2 2 2 2 2 2 2 2 2 2 2 2 2 2 2 2 2 2 2 2 2 2 2 2 2 2 2 2 2 2 2 2 2 2 2 2 2 2 2 2 2 2 2 2 2 2 2 2 2 2 2 2 2 2 2 2 2 2 2 2 2 2 2 2 2 2 2 2 2 2 2 2 2 2 2 2 2 2 2 2 2 2 2 2 2 2 2 2 2 2 2 2 2 2 2 2 2 2 2 2 2 2 2 2 2 2 2 2 2 2 2 2 2 2 2 2 2 2 2 2 2 2 2 2 2 2 2 2 2 2 2 2 2 2 2 2 2 2 2 2 2 2 2 2 2 2 2 2 2 2 2 2 2 2 2 2 2 2 2 2 2 2 2 2 2 2 2 2 2 2 2 2 2 2 2 2 2 2 2 2 2 2 2 2 2 2 2 2 2 2 2 2 2 2 2 2 2 2 2 2 2 2 2 2 2 2 2 2 2 2 2 2 2 2 2 2 2 2 2 2 2 2 2 2 2 2 2 2 2 2 2 2 2 2 2 2 2 2 2 2 2 2 2 2 2 2 2 2 2 2 2 2 2 2 2 2 2 2 2 2 2 2 2 2 2 2 2 2 2 2 2 2 2 2 2 2 2 2 2 2 2 2 2 2 2 2 2 2 2 2 2 2 2 2 2 2 2 2 2 2 2 2 2 2 2 2 2 2 2 2 2 2 2 2 2 2 2 2 2 2 2 2 2 2 2 2 2 2 2 2 2 2 2 2 2 2 2 2 2 2 2 2 2 2 2 2 2 2 2 2 2 2 2 2 2 2 2 2 2 2 2 2 2 2 2 2 2 2 2 2 2 2 2 2 2 2 2 2 2 2 2 2 2 2 2 2 2 2 2 2 2 2 2 2 2 2 2 2 2 2 2 2 2 2 2 2 2 2 2 2 2 2 2 2 2 2 2 2 2 2 2 2 2 2 2 2 2 2 2 2 2 2 2 2 2 2 2 2 2 2 2 2 2 2 2 2 2 2 2 2 2 2 2 2 2 2 2 2 2 2 2 2 2 2 2 2 2 2 2 2 2 2 2 2 2 2 2 2 2 2 2 2 2 2 2 2 2 2 2 2 2 2 2 2 2 2 2 2 2 2 2 2 2 2 2 2 2 2 2 2 2 2 2 2 2 2 2 2 2 2 2 2 2 2 2 2 2 2 2 2 2 2 2 2 2 2 2 2 2 2 2 2 2 2 2 2 2 2 2 2 2 2 2 2 2 2 2 2 2 2 2 2 2 2 2 2 2 2 2 2 2 2 2 2 2 2 2 2 2 2 2 2 2 2 2 2 2 2 2 2 2 2 2 2 2 2 2 2 2 2 2 2 2 2 2 2 2 2 2 2 2 2 2 2 2 2 2 2 2 2 2 2 2 2 2 2 2 2 2 2 2 2 2 2 2 2 2 2 2 2 2 2 2 2 2 2 2 2 2 2 2 2 2 2 2 2 2 2 2 2 2 2 2 2 2 2 2 2 2 2 2 2 2 2 2 2 2 2 2 2 2 2 2 2 2 2 2 2 2 2 2 2 2 2 2 2 2 2 2 2 2 2 2 2 2 2 2 2 2 2 2 2 2 2 2 2 2 2 2 2 2 2 2 2 2 2 2 2 2 2 2 2 2 2 2 2 2 2 2 2 2 2 2 2 2 2 2 2 2 2 2 2 2 2 2 2 2 2 2 2 2 2 2 2 2 2 2 2 2 2 2 2 2 2 2 2 2 2 2 2 2 2 2 2 2 2 2 2 2 2 2 2 2 2 2 2 2 2 2 2 2 2 2 2 2 2 2 2 2 2 2 2 2 2 2 2 2 2 2 2 2 2 2 2 2 2 2 2 2 2 2 2 2 2 2 2 2 2 2 2 2 2 2 2 2 2 2 2 2 2 2 2 2 2 2 2 2 2 2 2 2 2 2 2 2 2 2 2 2 2 2 2 2 2 2 2 2 2 2 2 2 2 2 2 2 2 2 2 2 2 2 2 2 2 2 2 2 2 2 2 2 2 2 2 2 2 2 2 2 2 2 2 2 2 2 2 2 2 2 2 2 2 2 2 2 2 2 2 2 2 2 2 2 2 2 2 2 2 2 2 2 2 2 2 2 2 2 2 2 2 2 2 2 2 2 2 2 2 2 2 2 2 2 2 2 2 2 2 2 2 2 2 2 2 2 2 2 2 2 2 2 2 2 2 2 2 2 2 2 2 2 2 2 2 2 2 2 2 2 2 2 2 2 2 2 2 2 2 2 2 2 2 2 2 2 2 2 2 2 2 2 2 2 2 2 2 2 2 2 2 2 2 2 2 2 2 2 2 2 2 2 2 2 2 2 2 2 2 2 2 2 2 2 2 2 2 2 2 2 2 2 2 2 2 2 2 2 2 2 2 2 2 2 2 2 2 2 2 2 2 2 2 2 2 2 2 2 2 2 2 2 2 2 2 2 2 2 2 2 2 2 2 2 2 2 2 2 2 2 2 2 2 2 2 2 2 2 2 2 2 2 2 2 2 2 2 2 2 2 2 2 2 2 2 2 2 2 2 2 2 2 2 2 2 2 2 2 2 2 2 2 2 2 2 2 2 2 2 2 2 2 2 2 2 2 2 2 2 2 2 2 2 2 2 2 2 2 2 2 2 2 2 2 2 2 2 2 2 2 2 2 2 2 2 2 2 2 2 2 2 2 2 2 2 2 2 2 2 2 2 2 2 2 2 2 2 2 2 2 2 2 2 2 2 2 2 2 2 2 2 2 2 2 2 2 2 2 2 2 2 2 2 2 2 2 2 2 2 2 2 2 2 2 2 2 2 2 2 2 2 2 2 2 2 2 2 2 2 2 2 2 2 2 2 2 2 2 2 2 2 2 2 2 2 2 2 2 2 2 2 2 2 2 2 2 2 2 2 2 2 2 2 2 2 2 2 2 2 2 2 2 2 2 2 2 2 2 2 2 2 2 2 2 2 2 2 2 2 2 2 2 2 2 2 2 2 2 2 2 2 2 2 2 2 2 2 2 2 2 2 2 2 2 2 2 2 2 2 2 2 2 2 2 2 2 2 2 2 2 2 2 2 2 2 2 2 2 2 2 2 2 2 2 2 2 2 2 2 2 2 2 2 2 2 2 2 2 2 2 2 2 2 2 2 2 2 2 2 2 2 2 2 2 2 2 2 2 2 2 2 2 2 2 2 2 2 2 2 2 2 2 2 2 2 2 2 2 2 2 2 2 2 2 2 2 2 2 2 2 2 2 2 2 2 2 2 2 2 2 2 2 2 2 2 2 2 2 2 2 2 2 2 2 2 2 2 2 2 2 2 2 2 2 2 2 2 2 2 2 2 2 2 2 2 2 2 2 2 2 2 2 2 2 2 2 2 2 2 2 2 2 2 2 2 2 2 2 2 2 2 2 2 2 2 2 2 2 2 2 2 2 2 2 2 2 2 2 2 2 2 2 2 2 2 2 2 2 2 2 2 2 2 2 2 2 2 2 2 2 2 2 2 2 2 2 2 2 2 2 2 2 2 2 2 2 2 2 2 2 2 2 2 2 2 2 2 2 2 2 2 2 2 2 2 2 2 2 2 2 2 2 2 2 2 2 2 2 2 2 2 2 2 2 2 2 2 2 2 2 2 2 2 2 2 2 2 2 2 2 2 2 2 2 2 2 2 2 2 2 2 2 2 2 2 2 2 2 2 2 2 2 2 2 2 2 2 2 2 2 2 2 2 2 2 2 2 2 2 2 2 2 2 2 2 2 2 2 2 2 2 2 2 2 2 2 2 2 2 2 2 2 2 2 2 2 2 2 2 2 2 2 2 2 2 2 2 2 2 2 2 2 2 2 2 2 2 2 2 2 2 2 2 2 2 2 2 2 2 2 2 2 2 2 2 2 2 2 2 2 2 2 2 2 2 2 2 2 2 2 2 2 2 2 2 2 2 2 2 2 2 2 2 2 2 2 2 2 2 2 2 2 2 2 2 2 2 2 1 2 2 2 2 2 2 2 2 2 2 2 2 2 2 2 2 2 2 2 2 2 2 2 2 2 2 2 2 2 2 2 2 2 1 1 1 1 1 2 2 2 2 2 2 2 2 2 2 2 2 2 2 2 2 2 2 2 2 2 2 2 2 2 2 2 2 2 1 1 1 1 1 1 1 2 2 2 2 2 2 2 2 2 2 2 2 2 2 2 2 2 2 2 2 2 2 2 2 2 2 2 1 1 1 1 1 1 1 1 1 2 2 2 2 2 2 2 2 2 2 2 2 2 2 2 2 2 2 2 2 2 2 2 2 2 1 1 1 1 1 1 1 1 1 1 2 2 2 2 2 2 2 2 2 2 2 2 2 2 2 2 2 2 2 2 2 2 2 2 1 1 1 1 1 1 1 1 1 1 1 1 2 2 2 2 2 2 2 2 2 2 2 2 2 2 2 2 2 2 2 2 2 2 1 1 1 1 1 1 1 1 1 1 1 1 1 2 2 2 2 2 2 2 2 2 2 2 2 2 2 2 2 2 2 2 2 2 1 1 1 1 1 1 1 1 1 1 1 1 1 1 2 2 2 2 2 2 2 2 2 2 2 2 2 2 2 2 2 2 2 2 1 1 1 1 1 1 1 1 1 1 1 1 1 1 2 2 2 2 2 2 2 2 2 2 2 2 2 2 2 2 2 2 2 2 1 1 1 1 1 1 1 1 1 1 1 1 1 1 1 2 2 2 2 2 2 2 2 2 2 2 2 2 2 2 2 2 2 2 1 1 1 1 1 1 1 1 1 1 1 1 1 1 1 1 2 2 2 2 2 2 2 2 2 2 2 2 2 2 2 2 2 2 1 1 1 1 1 1 1 1 1 1 1 1 1 1 1 1 1 2 2 2 2 2 2 2 2 2 2 2 2 2 2 2 2 2 1 1 1 1 1 1 1 1 1 1 1 1 1 1 1 1 1 2 2 2 2 2 2 2 2 2 2 2 2 2 2 2 2 2 1 1 1 1 1 1 1 1 1 1 1 1 1 1 1 1 1 1 2 2 2 2 2 2 2 2 2 2 2 2 2 2 2 2 1 1 1 1 1 1 1 1 1 1 1 1 1 1 1 1 1 1 1 2 2 2 2 2 2 2 2 2 2 2 2 2 2 2 1 1 1 1 1 1 1 1 1 1 1 1 1 1 1 1 1 1 1 2 2 2 2 2 2 2 2 2 2 2 2 2 2 2 1 1 1 1 1 1 1 1 1 1 1 1 1 1 1 1 1 1 1 1 2 2 2 2 2 2 2 2 2 2 2 2 2 2 1 1 1 1 1 1 1 1 1 1 1 1 1 1 1 1 1 1 1 1 1 2 2 2 2 2 2 2 2 2 2 2 2 2 1 1 1 1 1 1 1 1 1 1 1 1 1 1 1 1 1 1 1 1 1 2 2 2 2 2 2 2 2 2 2 2 2 2 1 1 1 1 1 1 1 1 1 1 1 1 1 1 1 1 1 1 1 1 1 1 2 2 2 2 2 2 2 2 2 2 2 2 1 1 1 1 1 1 1 1 1 1 1 1 1 1 1 1 1 1 1 1 1 1 2 2 2 2 2 2 2 2 2 2 2 2 1 1 1 1 1 1 1 1 1 1 1 1 1 1 1 1 1 1 1 1 1 1 1 2 2 2 2 2 2 2 2 2 2 2 1 1 1 1 1 1 1 1 1 1 1 1 1 1 1 1 1 1 1 1 1 1 1 2 2 2 2 2 2 2 2 2 2 2 1 1 1 1 1 1 1 1 1 1 1 1 1 1 1 1 1 1 1 1 1 1 1 1 2 2 2 2 2 2 2 2 2 2 1 1 1 1 1 1 1 1 1 1 1 1 1 1 1 1 1 1 1 1 1 1 1 1 2 2 2 2 2 2 2 2 2 2 1 1 1 1 1 1 1 1 1 1 1 1 1 1 1 1 1 1 1 1 1 1 1 1 1 2 2 2 2 2 2 2 2 2 0 0 1 1 1 1 1 1 1 1 1 1 1 1 1 1 1 1 1 1 1 1 1 1 1 2 2 2 2 2 2 2 2 2 0 0 0 0 0 1 1 1 1 1 1 1 1 1 1 1 1 1 1 1 1 1 1 1 1 2 2 2 2 2 2 2 2 2 0 0 0 0 0 0 0 1 1 1 1 1 1 1 1 1 1 1 1 1 1 1 1 1 1 1 2 2 2 2 2 2 2 2 0 0 0 0 0 0 0 0 0 1 1 1 1 1 1 1 1 1 1 1 1 1 1 1 1 1 2 2 2 2 2 2 2 2 0 0 0 0 0 0 0 0 0 0 1 1 1 1 1 1 1 1 1 1 1 1 1 1 1 1 1 2 2 2 2 2 2 2 0 0 0 0 0 0 0 0 0 0 0 1 1 1 1 1 1 1 1 1 1 1 1 1 1 1 1 2 2 2 2 2 2 2 0 0 0 0 0 0 0 0 0 0 0 0 1 1 1 1 1 1 1 1 1 1 1 1 1 1 1 2 2 2 2 2 2 2 0 0 0 0 0 0 0 0 0 0 0 0 0 1 1 1 1 1 1 1 1 1 1 1 1 1 1 1 2 2 2 2 2 2 0 0 0 0 0 0 0 0 0 0 0 0 0 0 1 1 1 1 1 1 1 1 1 1 1 1 1 1 2 2 2 2 2 2 0 0 0 0 0 0 0 0 0 0 0 0 0 0 0 1 1 1 1 1 1 1 1 1 1 1 1 1 1 2 2 2 2 2 0 0 0 0 0 0 0 0 0 0 0 0 0 0 0 1 1 1 1 1 1 1 1 1 1 1 1 1 1 2 2 2 2 2 0 0 0 0 0 0 0 0 0 0 0 0 0 0 0 0 1 1 1 1 1 1 1 1 1 1 1 1 1 2 2 2 2 2 0 0 0 0 0 0 0 0 0 0 0 0 0 0 0 0 0 1 1 1 1 1 1 1 1 1 1 1 1 1 2 2 2 2 0 0 0 0 0 0 0 0 0 0 0 0 0 0 0 0 0 1 1 1 1 1 1 1 1 1 1 1 1 1 2 2 2 2 0 0 0 0 0 0 0 0 0 0 0 0 0 0 0 0 0 0 1 1 1 1 1 1 1 1 1 1 1 1 2 2 2 2 0 0 0 0 0 0 0 0 0 0 0 0 0 0 0 0 0 0 0 1 1 1 1 1 1 1 1 1 1 1 1 2 2 2 0 0 0 0 0 0 0 0 0 0 0 0 0 0 0 0 0 0 0 1 1 1 1 1 1 1 1 1 1 1 1 2 2 2 0 0 0 0 0 0 0 0 0 0 0 0 0 0 0 0 0 0 0 0 1 1 1 1 1 1 1 1 1 1 1 2 2 2 0 0 0 0 0 0 0 0 0 0 0 0 0 0 0 0 0 0 0 0 1 1 1 1 1 1 1 1 1 1 1 1 2 2 0 0 0 0 0 0 0 0 0 0 0 0 0 0 0 0 0 0 0 0 0 1 1 1 1 1 1 1 1 1 1 1 2 2 0 0 0 0 0 0 0 0 0 0 0 0 0 0 0 0 0 0 0 0 0 1 1 1 1 1 1 1 1 1 1 1 2 2 0 0 0 0 0 0 0 0 0 0 0 0 0 0 0 0 0 0 0 0 0 0 1 1 1 1 1 1 1 1 1 1 1 2 0 0 0 0 0 0 0 0 0 0 0 0 0 0 0 0 0 0 0 0 0 0 1 1 1 1 1 1 1 1 1 1 1 2 0 0 0 0 0 0 0 0 0 0 0 0 0 0 0 0 0 0 0 0 0 0 0 1 1 1 1 1 1 1 1 1 1 2 0 0 0 0 0 0 0 0 0 0 0 0 0 0 0 0 0 0 0 0 0 0 0 1 1 1 1 1 1 1 1 1 1 2 0 0 0 0 0 0 0 0 0 0 0 0 0 0 0 0 0 0 0 0 0 0 0 0 1 1 1 1 1 1 1 1 1 1 0 0 0 0 0 0 0 0 0 0 0 0 0 0 0 0 0 0 0 0 0 0 0 0 1 1 1 1 1 1 1 1 1 1 0 0 0 0 0 0 0 0 0 0 0 0 0 0 0 0 0 0 0 0 0 0 0 0 1 1 1 1 1 1 1 1 1 1 0 0 0 0 0 0 0 0 0 0 0 0 0 0 0 0 0 0 0 0 0 0 0 0 0 1 1 1 1 1 1 1 1 1 0 0 0 0 0 0 0 0 0 0 0 0 0 0 0 0 0 0 0 0 0 0 0 0 0 1 1 1 1 1 1 1 1 1 0 0 0 0 0 0 0 0 0 0 0 0 0 0 0 0 0 0 0 0 0 0 0 0 0 0 1 1 1 1 1 1 1 1 0 0 0 0 0 0 0 0 0 0 0 0 0 0 0 0 0 0 0 0 0 0 0 0 0 0 1 1 1 1 1 1 1 1 0 0 0 0 0 0 0 0 0 0 0 0 0 0 0 0 0 0 0 0 0 0 0 0 0 0 1 1 1 1 1 1 1 1 0 0 0 0 0 0 0 0 0 0 0 0 0 0 0 0 0 0 0 0 0 0 0 0 0 0 0 1 1 1 1 1 1 1 0 0 0 0 0 0 0 0 0 0 0 0 0 0 0 0 0 0 0 0 0 0 0 0 0 0 0 1 1 1 1 1 1 1 0 0 0 0 0 0 0 0 0 0 0 0 0 0 0 0 0 0 0 0 0 0 0 0 0 0 0 1 1 1 1 1 1 1 0 0 0 0 0 0 0 0 0 0 0 0 0 0 0 0 0 0 0 0 0 0 0 0 0 0 0 0 1 1 1 1 1 1 0 0 0 0 0 0 0 0 0 0 0 0 0 0 0 0 0 0 0 0 0 0 0 0 0 0 0 0 1 1 1 1 1 1 0 0 0 0 0 0 0 0 0 0 0 0 0 0 0 0 0 0 0 0 0 0 0 0 0 0 0 0 1 1 1 1 1 1 0 0 0 0 0 0 0 0 0 0 0 0 0 0 0 0 0 0 0 0 0 0 0 0 0 0 0 0 0 1 1 1 1 1 0 0 0 0 0 0 0 0 0 0 0 0 0 0 0 0 0 0 0 0 0 0 0 0 0 0 0 0 0 1 1 1 1 1 0 0 0 0 0 0 0 0 0 0 0 0 0 0 0 0 0 0 0 0 0 0 0 0 0 0 0 0 0 1 1 1 1 1 0 0 0 0 0 0 0 0 0 0 0 0 0 0 0 0 0 0 0 0 0 0 0 0 0 0 0 0 0 0 1 1 1 1 0 0 0 0 0 0 0 0 0 0 0 0 0 0 0 0 0 0 0 0 0 0 0 0 0 0 0 0 0 0 1 1 1 1 0 0 0 0 0 0 0 0 0 0 0 0 0 0 0 0 0 0 0 0 0 0 0 0 0 0 0 0 0 0 1 1 1 1 0 0 0 0 0 0 0 0 0 0 0 0 0 0 0 0 0 0 0 0 0 0 0 0 0 0 0 0 0 0 0 1 1 1 0 0 0 0 0 0 0 0 0 0 0 0 0 0 0 0 0 0 0 0 0 0 0 0 0 0 0 0 0 0 0 1 1 1 0 0 0 0 0 0 0 0 0 0 0 0 0 0 0 0 0 0 0 0 0 0 0 0 0 0 0 0 0 0 0 1 1 1 0 0 0 0 0 0 0 0 0 0 0 0 0 0 0 0 0 0 0 0 0 0 0 0 0 0 0 0 0 0 0 1 1 1 0 0 0 0 0 0 0 0 0 0 0 0 0 0 0 0 0 0 0 0 0 0 0 0 0 0 0 0 0 0 0 0 1 1 0 0 0 0 0 0 0 0 0 0 0 0 0 0 0 0 0 0 0 0 0 0 0 0 0 0 0 0 0 0 0 0 1 1 0 0 0 0 0 0 0 0 0 0 0 0 0 0 0 0 0 0 0 0 0 0 0 0 0 0 0 0 0 0 0 0 1 1 0 0 0 0 0 0 0 0 0 0 0 0 0 0 0 0 0 0 0 0 0 0 0 0 0 0 0 0 0 0 0 0 0 1 0 0 0 0 0 0 0 0 0 0 0 0 0 0 0 0 0 0 0 0 0 0 0 0 0 0 0 0 0 0 0 0 0 1 0 0 0 0 0 0 0 0 0 0 0 0 0 0 0 0 0 0 0 0 0 0 0 0 0 0 0 0 0 0 0 0 0 1 0 0 0 0 0 0 0 0 0 0 0 0 0 0 0 0 0 0 0 0 0 0 0 0 0 0 0 0 0 0 0 0 0 1 0 0 0 0 0 0 0 0 0 0 0 0 0 0 0 0 0 0 0 0 0 0 0 0 0 0 0 0 0 0 0 0 0 0 0 0 0 0 0 0 0 0 0 0 0 0 0 0 0 0 0 0 0 0 0 0 0 0 0 0 0 0 0 0 0 0 0 0 0 0 0 0 0 0 0 0 0 0 0 0 0 0 0 0 0 0 0 0 0 0 0 0 0 0 0 0 0 0 0 0 0 0 0 0 0 0 0 0 0 0 0 0 0 0 0 0 0 0 0 0 0 0 0 0 0 0 0 0 0 0 0 0 0 0 0 0 0 0 0 0 0 0 0 0 0 0 0 0 0 0 0 0 0 0 0 0 0 0 0 0 0 0 0 0 0 0 0 0 0 0 0 0 0 0 0 0 0 0 0 0 0 0 0 0 0 0 0 0 0 0 0 0 0 0 0 0 0 0 0 0 0 0 0 0 0 0 0 0 0 0 0 0 0 0 0 0 0 0 0 0 0 0 0 0 0 0 0 0 0 0 0 0 0 0 0 0 0 0 0 0 0 0 0 0 0 0 0 0 0 0 0 0 0 0 0 0 0 0 0 0 0 0 0 0 0 0 0 0 0 0 0 0 0 0 0 0 0 0 0 0 0 0 0 0 0 0 0 0 0 0 0 0 0 0 0 0 0 0 0 0 0 0 0 0 0 0 0 0 0 0 0 0 0 0 0 0 0 0 0 0 0 0 0 0 0 0 0 0 0 0 0 0 0 0 0 0 0 0 0 0 0 0 0 0 0 0 0 0 0 0 0 0 0 0 0 0 0 0 0 0 0 0 0 0 0 0 0 0 0 0 0 0 0 0 0 0 0 0 0 0 0 0 0 0 0 0 0 0 0 0 0 0 0 0 0 0 0 0 0 0 0 0 0 0 0 0 0 0 0 0 0 0 0 0 0 0 0 0 0 0 0 0 0 0 0 0 0 0 0 0 0 0 0 0 0 0 0 0 0 0 0 0
estimated_attenuation.size=8432
estimated_attenuation.data=0.00 0.00 0.00 0.00 0.00 0.00 0.00 0.00 0.00 0.00 0.00 0.00 0.00 0.00 0.00 0.00 0.00 0.00 0.00 0.00 0.00 0.00 0.00 0.00 0.00 0.00 0.00 0.00 0.00 0.00 0.00 0.00 0.00 0.00 0.00 0.00 0.00 0.00 0.00 0.00 0.00 0.00 0.00 0.00 0.00 0.00 0.00 0.00 0.00 0.00 0.00 0.00 0.00 0.00 0.00 0.00 0.00 0.00 0.00 0.00 0.00 0.00 0.00 0.00 0.00 0.00 0.00 0.00 0.00 0.00 0.00 0.00 0.00 0.00 0.00 0.00 0.00 0.00 0.00 0.00 0.00 0.00 0.00 0.00 0.00 0.00 0.00 0.00 0.00 0.00 0.00 0.00 0.00 0.00 0.00 0.00 0.00 0.00 0.00 0.00 0.00 0.00 0.00 0.00 0.00 0.00 0.00 0.00 0.00 0.00 0.00 0.00 0.00 0.00 0.00 0.00 0.00 0.00 0.00 0.00 0.00 0.00 0.00 0.00 0.00 0.00 0.00 0.00 0.00 0.00 0.00 0.00 0.00 0.00 0.00 0.00 0.00 0.00 0.00 0.00 0.00 0.00 0.00 0.00 0.00 0.00 0.00 0.00 0.00 0.00 0.00 0.00 0.00 0.00 0.00 0.00 0.00 0.00 0.00 0.00 0.00 0.00 0.00 0.00 0.00 0.00 0.00 0.00 0.00 0.00 0.00 0.00 0.00 0.00 0.00 0.00 0.00 0.00 0.00 0.00 0.00 0.00 0.00 0.00 0.00 0.00 0.00 0.00 0.00 0.00 0.00 0.00 0.00 0.00 0.00 0.00 0.00 0.00 0.00 0.00 0.00 0.00 0.00 0.00 0.00 0.00 0.00 0.00 0.00 0.00 0.00 0.00 0.00 0.00 0.00 0.00 0.00 0.00 0.00 0.00 0.00 0.00 0.00 0.00 0.00 0.00 0.00 0.00 0.00 0.00 0.00 0.00 0.00 0.00 0.00 0.00 0.00 0.00 0.00 0.00 0.00 0.00 0.00 0.00 0.00 0.00 0.00 0.00 0.00 0.00 0.00 0.00 0.00 0.00 0.00 0.00 0.00 0.00 0.00 0.00 0.00 0.00 0.00 0.00 0.00 0.00 0.00 0.00 0.00 0.00 0.00 0.00 0.00 0.00 0.00 0.00 0.00 0.00 0.00 0.00 0.00 0.00 0.00 0.00 0.00 0.00 0.00 0.00 0.00 0.00 0.00 0.00 0.00 0.00 0.00 0.00 0.00 0.00 0.00 0.00 0.00 0.00 0.00 0.00 0.00 0.00 0.00 0.00 0.00 0.00 0.00 0.00 0.00 0.00 0.00 0.00 0.00 0.00 0.00 0.00 0.00 0.00 0.00 0.00 0.00 0.00 0.00 0.00 0.00 0.00 0.00 0.00 0.00 0.00 0.00 0.00 0.00 0.00 0.00 0.00 0.00 0.00 0.00 0.00 0.00 0.00 0.00 0.00 0.00 0.00 0.00 0.00 0.00 0.00 0.00 0.00 0.00 0.00 0.00 0.00 0.00 0.00 0.00 0.00 0.00 0.00 0.00 0.00 0.00 0.00 0.00 0.00 0.00 0.00 0.00 0.00 0.00 0.00 0.00 0.00 0.00 0.00 0.00 0.00 0.00 0.00 0.00 0.00 0.00 0.00 0.00 0.00 0.00 0.00 0.00 0.00 0.00 0.00 0.00 0.00 0.00 0.00 0.00 0.00 0.00 0.00 0.00 0.00 0.00 0.00 0.00 0.00 0.00 0.00 0.00 0.00 0.00 0.00 0.00 0.00 0.00 0.00 0.00 0.00 0.00 0.00 0.00 0.00 0.00 0.00 0.00 0.00 0.00 0.00 0.00 0.00 0.00 0.00 0.00 0.00 0.00 0.00 0.00 0.00 0.00 0.00 0.00 0.00 0.00 0.00 0.00 0.00 0.00 0.00 0.00 0.00 0.00 0.00 0.00 0.00 0.00 0.00 0.00 0.00 0.00 0.00 0.00 0.00 0.00 0.00 0.00 0.00 0.00 0.00 0.00 0.00 0.00 0.00 0.00 0.00 0.00 0.00 0.00 0.00 0.00 0.00 0.00 0.00 0.00 0.00 0.00 0.00 0.00 0.00 0.00 0.00 0.00 0.00 0.00 0.00 0.00 0.00 0.00 0.00 0.00 0.00 0.00 0.00 0.00 0.00 0.00 0.00 0.00 0.00 0.00 0.00 0.00 0.00 0.00 0.00 0.00 0.00 0.00 0.00 0.00 0.00 0.00 0.00 0.00 0.00 0.00 0.00 0.00 0.00 0.00 0.00 0.00 0.00 0.00 0.00 0.00 0.00 0.00 0.00 0.00 0.00 0.00 0.00 0.00 0.00 0.00 0.00 0.00 0.00 0.00 0.00 0.00 0.00 0.00 0.00 0.00 0.00 0.00 0.00 0.00 0.00 0.00 0.00 0.00 0.00 0.00 0.00 0.00 0.00 0.00 0.00 0.00 0.00 0.00 0.00 0.00 0.00 0.00 0.00 0.00 0.00 0.00 0.00 0.00 0.00 0.00 0.00 0.00 0.00 0.00 0.00 0.00 0.00 0.00 0.00 0.00 0.00 0.00 0.00 0.00 0.00 0.00 0.00 0.00 0.00 0.00 0.00 0.00 0.00 0.00 0.00 0.00 0.00 0.00 0.00 0.00 0.00 0.00 0.00 0.00 0.00 0.00 0.00 0.00 0.00 0.00 0.00 0.00 0.00 0.00 0.00 0.00 0.00 0.00 0.00 0.00 0.00 0.00 0.00 0.00 0.00 0.00 0.00 0.00 0.00 0.00 0.00 0.00 0.00 0.00 0.00 0.00 0.00 0.00 0.00 0.00 0.00 0.00 0.00 0.00 0.00 0.00 0.00 0.00 0.00 0.00 0.00 0.00 0.00 0.00 0.00 0.00 0.00 0.00 0.00 0.00 0.00 0.00 0.00 0.00 0.00 0.00 0.00 0.00 0.00 0.00 0.00 0.00 0.00 0.00 0.00 0.00 0.00 0.00 0.00 0.00 0.00 0.00 0.00 0.00 0.00 0.00 0.00 0.00 0.00 0.00 0.00 0.00 0.00 0.00 0.00 0.00 0.00 0.00 0.00 0.00 0.00 0.00 0.00 0.00 0.00 0.00 0.00 0.00 0.00 0.00 0.00 0.00 0.00 0.00 0.00 0.00 0.00 0.00 0.00 0.00 0.00 0.00 0.00 0.00 0.00 0.00 0.00 0.00 0.00 0.00 0.00 0.00 0.00 0.00 0.00 0.00 0.00 0.00 0.00 0.00 0.00 0.00 0.00 0.00 0.00 0.00 0.00 0.00 0.00 0.00 0.00 0.00 0.00 0.00 0.00 0.00 0.00 0.00 0.00 0.00 0.00 0.00 0.00 0.00 0.00 0.00 0.00 0.00 0.00 0.00 0.00 0.00 0.00 0.00 0.00 0.00 0.00 0.00 0.00 0.00 0.00 0.00 0.00 0.00 0.00 0.00 0.00 0.00 0.00 0.00 0.00 0.00 0.00 0.00 0.00 0.00 0.00 0.00 0.00 0.00 0.00 0.00 0.00 0.00 0.00 0.00 0.00 0.00 0.00 0.00 0.00 0.00 0.00 0.00 0.00 0.00 0.00 0.00 0.00 0.00 0.00 0.00 0.00 0.00 0.00 0.00 0.00 0.00 0.00 0.00 0.00 0.00 0.00 0.00 0.00 0.00 0.00 0.00 0.00 0.00 0.00 0.00 0.00 0.00 0.00 0.00 0.00 0.00 0.00 0.00 0.00 0.00 0.00 0.00 0.00 0.00 0.00 0.00 0.00 0.00 0.00 0.00 0.00 0.00 0.00 0.00 0.00 0.00 0.00 0.00 0.00 0.00 0.00 0.00 0.00 0.00 0.00 0.00 0.00 0.00 0.00 0.00 0.00 0.00 0.00 0.00 0.00 0.00 0.00 0.00 0.00 0.00 0.00 0.00 0.00 0.00 0.00 0.00 0.00 0.00 0.00 0.00 0.00 0.00 0.00 0.00 0.00 0.00 0.00 0.00 0.00 0.00 0.00 0.00 0.00 0.00 0.00 0.00 0.00 0.00 0.00 0.00 0.00 0.00 0.00 0.00 0.00 0.00 0.00 0.00 0.00 0.00 0.00 0.00 0.00 0.00 0.00 0.00 0.00 0.00 0.00 0.00 0.00 0.00 0.00 0.00 0.00 0.00 0.00 0.00 0.00 0.00 0.00 0.00 0.00 0.00 0.00 0.00 0.00 0.00 0.00 0.00 0.00 0.00 0.00 0.00 0.00 0.00 0.00 0.00 0.00 0.00 0.00 0.00 0.00 0.00 0.00 0.00 0.00 0.00 0.00 0.00 0.00 0.00 0.00 0.00 0.00 0.00 0.00 0.00 0.00 0.00 0.00 0.00 0.00 0.00 0.00 0.00 0.00 0.00 0.00 0.00 0.00 0.00 0.00 0.00 0.00 0.00 0.00 0.00 0.00 0.00 0.00 0.00 0.00 0.00 0.00 0.00 0.00 0.00 0.00 0.00 0.00 0.00 0.00 0.00 0.00 0.00 0.00 0.00 0.00 0.00 0.00 0.00 0.00 0.00 0.00 0.00 0.00 0.00 0.00 0.00 0.00 0.00 0.00 0.00 0.00 0.00 0.00 0.00 0.00 0.00 0.00 0.00 0.00 0.00 0.00 0.00 0.00 0.00 0.00 0.00 0.00 0.00 0.00 0.00 0.00 0.00 0.00 0.00 0.00 0.00 0.00 0.00 0.00 0.00 0.00 0.00 0.00 0.00 0.00 0.00 0.00 0.00 0.00 0.00 0.00 0.00 0.00 0.00 0.00 0.00 0.00 0.00 0.00 0.00 0.00 0.00 0.00 0.00 0.00 0.00 0.00 0.00 0.00 0.00 0.00 0.00 0.00 0.00 0.00 0.00 0.00 0.00 0.00 0.00 0.00 0.00 0.00 0.00 0.00 0.00 0.00 0.00 0.00 0.00 0.00 0.00 0.00 0.00 0.00 0.00 0.00 0.00 0.00 0.00 0.00 0.00 0.00 0.00 0.00 0.00 0.00 0.00 0.00 0.00 0.00 0.00 0.00 0.00 0.00 0.00 0.00 0.00 0.00 0.00 0.00 0.00 0.00 0.00 0.00 0.00 0.00 0.00 0.00 0.00 0.00 0.00 0.00 0.00 0.00 0.00 0.00 0.00 0.00 0.00 0.00 0.00 0.00 0.00 0.00 0.00 0.00 0.00 0.00 0.00 0.00 0.00 0.00 0.00 0.00 0.00 0.00 0.00 0.00 0.00 0.00 0.00 0.00 0.00 0.00 0.00 0.00 0.00 0.00 0.00 0.00 0.00 0.00 0.00 0.00 0.00 0.00 0.00 0.00 0.00 0.00 0.00 0.00 0.00 0.00 0.00 0.00 0.00 0.00 0.00 0.00 0.00 0.00 0.00 0.00 0.00 0.00 0.00 0.00 0.00 0.00 0.00 0.00 0.00 0.00 0.00 0.00 0.00 0.00 0.00 0.00 0.00 0.00 0.00 0.00 0.00 0.00 0.00 0.00 0.00 0.00 0.00 0.00 0.00 0.00 0.00 0.00 0.00 0.00 0.00 0.00 0.00 0.00 0.00 0.00 0.00 0.00 0.00 0.00 0.00 0.00 0.00 0.00 0.00 0.00 0.00 0.00 0.00 0.00 0.00 0.00 0.00 0.00 0.00 0.00 0.00 0.00 0.00 0.00 0.00 0.00 0.00 0.00 0.00 0.00 0.00 0.00 0.00 0.00 0.00 0.00 0.00 0.00 0.00 0.00 0.00 0.00 0.00 0.00 0.00 0.00 0.00 0.00 0.00 0.00 0.00 0.00 0.00 0.00 0.00 0.00 0.00 0.00 0.00 0.00 0.00 0.00 0.00 0.00 0.00 0.00 0.00 0.00 0.00 0.00 0.00 0.00 0.00 0.00 0.00 0.00 0.00 0.00 0.00 0.00 0.00 0.00 0.00 0.00 0.00 0.00 0.00 0.00 0.00 0.00 0.00 0.00 0.00 0.00 0.00 0.00 0.00 0.00 0.00 0.00 0.00 0.00 0.00 0.00 0.00 0.00 0.00 0.00 0.00 0.00 0.00 0.00 0.00 0.00 0.00 0.00 0.00 0.00 0.00 0.00 0.00 0.00 0.00 0.00 0.00 0.00 0.00 0.00 0.00 0.00 0.00 0.00 0.00 0.00 0.00 0.00 0.00 0.00 0.00 0.00 0.00 0.00 0.00 0.00 0.00 0.00 0.00 0.00 0.00 0.00 0.00 0.00 0.00 0.00 0.00 0.00 0.00 0.00 0.00 0.00 0.00 0.00 0.00 0.00 0.00 0.00 0.00 0.00 0.00 0.00 0.00 0.00 0.00 0.00 0.00 0.00 0.00 0.00 0.00 0.00 0.00 0.00 0.00 0.00 0.00 0.00 0.00 0.00 0.00 0.00 0.00 0.00 0.00 0.00 0.00 0.00 0.00 0.00 0.00 0.00 0.00 0.00 0.00 0.00 0.00 0.00 0.00 0.00 0.00 0.00 0.00 0.00 0.00 0.00 0.00 0.00 0.00 0.00 0.00 0.00 0.00 0.00 0.00 0.00 0.00 0.00 0.00 0.00 0.00 0.00 0.00 0.00 0.00 0.00 0.00 0.00 0.00 0.00 0.00 0.00 0.00 0.00 0.00 0.00 0.00 0.00 0.00 0.00 0.00 0.00 0.00 0.00 0.00 0.00 0.00 0.00 0.00 0.00 0.00 0.00 0.00 0.00 0.00 0.00 0.00 0.00 0.00 0.00 0.00 0.00 0.00 0.00 0.00 0.00 0.00 0.00 0.00 0.00 0.00 0.00 0.00 0.00 0.00 0.00 0.00 0.00 0.00 0.00 0.00 0.00 0.00 0.00 0.00 0.00 0.00 0.00 0.00 0.00 0.00 0.00 0.00 0.00 0.00 0.00 0.00 0.00 0.00 0.00 0.00 0.00 0.00 0.00 0.00 0.00 0.00 0.00 0.00 0.00 0.00 0.00 0.00 0.00 0.00 0.00 0.00 0.00 0.00 0.00 0.00 0.00 0.00 0.00 0.00 0.00 0.00 0.00 0.00 0.00 0.00 0.00 0.00 0.00 0.00 0.00 0.00 0.00 0.00 0.00 0.00 0.00 0.00 0.00 0.00 0.00 0.00 0.00 0.00 0.00 0.00 0.00 0.00 0.00 0.00 0.00 0.00 0.00 0.00 0.00 0.00 0.00 0.00 0.00 0.00 0.00 0.00 0.00 0.00 0.00 0.00 0.00 0.00 0.00 0.00 0.00 0.00 0.00 0.00 0.00 0.00 0.00 0.00 0.00 0.00 0.00 0.00 0.00 0.00 0.00 0.00 0.00 0.00 0.00 0.00 0.00 0.00 0.00 0.00 0.00 0.00 0.00 0.00 0.00 0.00 0.00 0.00 0.00 0.00 0.00 0.00 0.00 0.00 0.00 0.00 0.00 0.00 0.00 0.00 0.00 0.00 0.00 0.00 0.00 0.00 0.00 0.00 0.00 0.00 0.00 0.00 0.00 0.00 0.00 0.00 0.00 0.00 0.00 0.00 0.00 0.00 0.00 0.00 0.00 0.00 0.00 0.00 0.00 0.00 0.00 0.00 0.00 0.00 0.00 0.00 0.00 0.00 0.00 0.00 0.00 0.00 0.00 0.00 0.00 0.00 0.00 0.00 0.00 0.00 0.00 0.00 0.00 0.00 0.00 0.00 0.00 0.00 0.00 0.00 0.00 0.00 0.00 0.00 0.00 0.00 0.00 0.00 0.00 0.00 0.00 0.00 0.00 0.00 0.00 0.00 0.00 0.00 0.00 0.00 0.00 0.00 0.00 0.00 0.00 0.00 0.00 0.00 0.00 0.00 0.00 0.00 0.00 0.00 0.00 0.00 0.00 0.00 0.00 0.00 0.00 0.00 0.00 0.00 0.00 0.00 0.00 0.00 0.00 0.00 0.00 0.00 0.00 0.00 0.00 0.00 0.00 0.00 0.00 0.00 0.00 0.00 0.00 0.00 0.00 0.00 0.00 0.00 0.00 0.00 0.00 0.00 0.00 0.00 0.00 0.00 0.00 0.00 0.00 0.00 0.00 0.00 0.00 0.00 0.00 0.00 0.00 0.00 0.00 0.00 0.00 0.00 0.00 0.00 0.00 0.00 0.00 0.00 0.00 0.00 0.00 0.00 0.00 0.00 0.00 0.00 0.00 0.00 0.00 0.00 0.00 0.00 0.00 0.00 0.00 0.00 0.00 0.00 0.00 0.00 0.00 0.00 0.00 0.00 0.00 0.00 0.00 0.00 0.00 0.00 0.00 0.00 0.00 0.00 0.00 0.00 0.00 0.00 0.00 0.00 0.00 0.00 0.00 0.00 0.00 0.00 0.00 0.00 0.00 0.00 0.00 0.00 0.00 0.00 0.00 0.00 0.00 0.00 0.00 0.00 0.00 0.00 0.00 0.00 0.00 0.00 0.00 0.00 0.00 0.00 0.00 0.00 0.00 0.00 0.00 0.00 0.00 0.00 0.00 0.00 0.00 0.00 0.00 0.00 0.00 0.00 0.00 0.00 0.00 0.00 0.00 0.00 0.00 0.00 0.00 0.00 0.00 0.00 0.00 0.00 0.00 0.00 0.00 0.00 0.00 0.00 0.00 0.00 0.00 0.00 0.00 0.00 0.00 0.00 0.00 0.00 0.00 0.00 0.00 0.00 0.00 0.00 0.00 0.00 0.00 0.00 0.00 0.00 0.00 0.00 0.00 0.00 0.00 0.00 0.00 0.00 0.00 0.00 0.00 0.00 0.00 0.00 0.00 0.00 0.00 0.00 0.00 0.00 0.00 0.00 0.00 0.00 0.00 0.00 0.00 0.00 0.00 0.00 0.00 0.00 0.00 0.00 0.00 0.00 0.00 0.00 0.00 0.00 0.00 0.00 0.00 0.00 0.00 0.00 0.00 0.00 0.00 0.00 0.00 0.00 0.00 0.00 0.00 0.00 0.00 0.00 0.00 0.00 0.00 0.00 0.00 0.00 0.00 0.00 0.00 0.00 0.00 0.00 0.00 0.00 0.00 0.00 0.00 0.00 0.00 0.00 0.00 0.00 0.00 0.00 0.00 0.00 0.00 0.00 0.00 0.00 0.00 0.00 0.00 0.00 0.00 0.00 0.00 0.00 0.00 0.00 0.00 0.00 0.00 0.00 0.00 0.00 0.00 0.00 0.00 0.00 0.00 0.00 0.00 0.00 0.00 0.00 0.00 0.00 0.00 0.00 0.00 0.00 0.00 0.00 0.00 0.00 0.00 0.00 0.00 0.00 0.00 0.00 0.00 0.00 0.00 0.00 0.00 0.00 0.00 0.00 0.00 0.00 0.00 0.00 0.00 0.00 0.00 0.00 0.00 0.00 0.00 0.00 0.00 0.00 0.00 0.00 0.00 0.00 0.00 0.00 0.00 0.00 0.00 0.00 0.00 0.00 0.00 0.00 0.00 0.00 0.00 0.00 0.00 0.00 0.00 0.00 0.00 0.00 0.00 0.00 0.00 0.00 0.00 0.00 0.00 0.00 0.00 0.00 0.00 0.00 0.00 0.00 0.00 0.00 0.00 0.00 0.00 0.00 0.00 0.00 0.00 0.00 0.00 0.00 0.00 0.00 0.00 0.00 0.00 0.00 0.00 0.00 0.00 0.00 0.00 0.00 0.00 0.00 0.00 0.00 0.00 0.00 0.00 0.00 0.00 0.00 0.00 0.00 0.00 0.00 0.00 0.00 0.00 0.00 0.00 0.00 0.00 0.00 0.00 0.00 0.00 0.00 0.00 0.00 0.00 0.00 0.00 0.00 0.00 0.00 0.00 0.00 0.00 0.00 0.00 0.00 0.00 0.00 0.00 0.00 0.00 0.00 0.00 0.00 0.00 0.00 0.00 0.00 0.00 0.00 0.00 0.00 0.00 0.00 0.00 0.00 0.00 0.00 0.00 0.00 0.00 0.00 0.00 0.00 0.00 0.00 0.00 0.00 0.00 0.00 0.00 0.00 0.00 0.00 0.00 0.00 0.00 0.00 0.00 0.00 0.00 0.00 0.00 0.00 0.00 0.00 0.00 0.00 0.00 0.00 0.00 0.00 0.00 0.00 0.00 0.00 0.00 0.00 0.00 0.00 0.00 0.00 0.00 0.00 0.00 0.00 0.00 0.00 0.00 0.00 0.00 0.00 0.00 0.00 0.00 0.00 0.00 0.00 0.00 0.00 0.00 0.00 0.00 0.00 0.00 0.00 0.00 0.00 0.00 0.00 0.00 0.00 0.00 0.00 0.00 0.00 0.00 0.00 0.00 0.00 0.00 0.00 0.00 0.00 0.00 0.00 0.00 0.00 0.00 0.00 0.00 0.00 0.00 0.00 0.00 0.00 0.00 0.00 0.00 0.00 0.00 0.00 0.00 0.00 0.00 0.00 0.00 0.00 0.00 0.00 0.00 0.00 0.00 0.00 0.00 0.00 0.00 0.00 0.00 0.00 0.00 0.00 0.00 0.00 0.00 0.00 0.00 0.00 0.00 0.00 0.00 0.00 0.00 0.00 0.00 0.00 0.00 0.00 0.00 0.00 0.00 0.00 0.00 0.00 0.00 0.00 0.00 0.00 0.00 0.00 0.00 0.00 0.00 0.00 0.00 0.00 0.00 0.00 0.00 0.00 0.00 0.00 0.00 0.00 0.00 0.00 0.00 0.00 0.00 0.00 0.00 0.00 0.00 0.00 0.00 0.00 0.00 0.00 0.00 0.00 0.00 0.00 0.00 0.00 0.00 0.00 0.00 0.00 0.00 0.00 0.00 0.00 0.00 0.00 0.00 0.00 0.00 0.00 0.00 0.00 0.00 0.00 0.00 0.00 0.00 0.00 0.00 0.00 0.00 0.00 0.00 0.00 0.00 0.00 0.00 0.00 0.00 0.00 0.00 0.00 0.00 0.00 0.00 0.00 0.00 0.00 0.00 0.00 0.00 0.00 0.00 0.00 0.00 0.00 0.00 0.00 0.00 0.00 0.00 0.00 0.00 0.00 0.00 0.00 0.00 0.00 0.00 0.00 0.00 0.00 0.00 0.00 0.00 0.00 0.00 0.00 0.00 0.00 0.00 0.00 0.00 0.00 0.00 0.00 0.00 0.00 0.00 0.00 0.00 0.00 0.00 0.00 0.00 0.00 0.00 0.00 0.00 0.00 0.00 0.00 0.00 0.00 0.00 0.00 0.00 0.00 0.00 0.00 0.00 0.00 0.00 0.00 0.00 0.00 0.00 0.00 0.00 0.00 0.00 0.00 0.00 0.00 0.00 0.00 0.00 0.00 0.00 0.00 0.00 0.00 0.00 0.00 0.00 0.00 0.00 0.00 0.00 0.00 0.00 0.00 0.00 0.00 0.00 0.00 0.00 0.00 0.00 0.00 0.00 0.00 0.00 0.00 0.00 0.00 0.00 0.00 0.00 0.00 0.00 0.00 0.00 0.00 0.00 0.00 0.00 0.00 0.00 0.00 0.00 0.00 0.00 0.00 0.00 0.00 0.00 0.00 0.00 0.00 0.00 0.00 0.00 0.00 0.00 0.00 0.00 0.00 0.00 0.00 0.00 0.00 0.00 0.00 0.00 0.00 0.00 0.00 0.00 0.00 0.00 0.00 0.00 0.00 0.00 0.00 0.00 0.00 0.00 0.00 0.00 0.00 0.00 0.00 0.00 0.00 0.00 0.00 0.00 0.00 0.00 0.00 0.00 0.00 0.00 0.00 0.00 0.00 0.00 0.00 0.00 0.00 0.00 0.00 0.00 0.00 0.00 0.00 0.00 0.00 0.00 0.00 0.00 0.00 0.00 0.00 0.00 0.00 0.00 0.00 0.00 0.00 0.00 0.00 0.00 0.00 0.00 0.00 0.00 0.00 0.00 0.00 0.00 0.00 0.00 0.00 0.00 0.00 0.00 0.00 0.00 0.00 0.00 0.00 0.00 0.00 0.00 0.00 0.00 0.00 0.00 0.00 0.00 0.00 0.00 0.00 0.00 0.00 0.00 0.00 0.00 0.00 0.00 0.00 0.00 0.00 0.00 0.00 0.00 0.00 0.00 0.00 0.00 0.00 0.00 0.00 0.00 0.00 0.00 0.00 0.00 0.00 0.00 0.00 0.00 0.00 0.00 0.00 0.00 0.00 0.00 0.00 0.00 0.00 0.00 0.00 0.00 0.00 0.00 0.00 0.00 0.00 0.00 0.00 0.00 0.00 0.00 0.00 0.00 0.00 0.00 0.00 0.00 0.00 0.00 0.00 0.00 0.00 0.00 0.00 0.00 0.00 0.00 0.00 0.00 0.00 0.00 0.00 0.00 0.00 0.00 0.00 0.00 0.00 0.00 0.00 0.00 0.00 0.00 0.00 0.00 0.00 0.00 0.00 0.00 0.00 0.00 0.00 0.00 0.00 0.00 0.00 0.00 0.00 0.00 0.00 0.00 0.00 0.00 0.00 0.00 0.00 0.00 0.00 0.00 0.00 0.00 0.00 0.00 0.00 0.00 0.00 0.00 0.00 0.00 0.00 0.00 0.00 0.00 0.00 0.00 0.00 0.00 0.00 0.00 0.00 0.00 0.00 0.00 0.00 0.00 0.00 0.00 0.00 0.00 0.00 0.00 0.00 0.00 0.00 0.00 0.00 0.00 0.00 0.00 0.00 0.00 0.00 0.00 0.00 0.00 0.00 0.00 0.00 0.00 0.00 0.00 0.00 0.00 0.00 0.00 0.00 0.00 0.00 0.00 0.00 0.00 0.00 0.00 0.00 0.00 0.00 0.00 0.00 0.00 0.00 0.00 0.00 0.00 0.00 0.00 0.00 0.00 0.00 0.00 0.00 0.00 0.00 0.00 0.00 0.00 0.00 0.00 0.00 0.00 0.00 0.00 0.00 0.00 0.00 0.00 0.00 0.00 0.00 0.00 0.00 0.00 0.00 0.00 0.00 0.00 0.00 0.00 0.00 0.00 0.00 0.00 0.00 0.00 0.00 0.00 0.00 0.00 0.00 0.00 0.00 0.00 0.00 0.00 0.00 0.00 0.00 0.00 0.00 0.00 0.00 0.00 0.00 0.00 0.00 0.00 0.00 0.00 0.00 0.00 0.00 0.00 0.00 0.00 0.00 0.00 0.00 0.00 0.00 0.00 0.00 0.00 0.00 0.00 0.00 0.00 0.00 0.00 0.00 0.00 0.00 0.00 0.00 0.00 0.00 0.00 0.00 0.00 0.00 0.00 0.00 0.00 0.00 0.00 0.00 0.00 0.00 0.00 0.00 0.00 0.00 0.00 0.00 0.00 0.00 0.00 0.00 0.00 0.00 0.00 0.00 0.00 0.00 0.00 0.00 0.00 0.00 0.00 0.00 0.00 0.00 0.00 0.00 0.00 0.00 0.00 0.00 0.00 0.00 0.00 0.00 0.00 0.00 0.00 0.00 0.00 0.00 0.00 0.00 0.00 0.00 0.00 0.00 0.00 0.00 0.00 0.00 0.00 0.00 0.00 0.00 0.00 0.00 0.00 0.00 0.00 0.00 0.00 0.00 0.00 0.00 0.00 0.00 0.00 0.00 0.00 0.00 0.00 0.00 0.00 0.00 0.00 0.00 0.00 0.00 0.00 0.00 0.00 0.00 0.00 0.00 0.00 0.00 0.00 0.00 0.00 0.00 0.00 0.00 0.00 0.00 0.00 0.00 0.00 0.00 0.00 0.00 0.00 0.00 0.00 0.00 0.00 0.00 0.00 0.00 0.00 0.00 0.00 0.00 0.00 0.00 0.00 0.00 0.00 0.00 0.00 0.00 0.00 0.00 0.00 0.00 0.00 0.00 0.00 0.00 0.00 0.00 0.00 0.00 0.00 0.00 0.00 0.00 0.00 0.00 0.00 0.00 0.00 0.00 0.00 0.00 0.00 0.00 0.00 0.00 0.00 0.00 0.00 0.00 0.00 0.00 0.00 0.00 0.00 0.00 0.00 0.00 0.00 0.00 0.00 0.00 0.00 0.00 0.00 0.00 0.00 0.00 0.00 0.00 0.00 0.00 0.00 0.00 0.00 0.00 0.00 0.00 0.00 0.00 0.00 0.00 0.00 0.00 0.00 0.00 0.00 0.00 0.00 0.00 0.00 0.00 0.00 0.00 0.00 0.00 0.00 0.00 0.00 0.00 0.00 0.00 0.00 0.00 0.00 0.00 0.00 0.00 0.00 0.00 0.00 0.00 0.00 0.00 0.00 0.00 0.00 0.00 0.00 0.00 0.00 0.00 0.00 0.00 0.00 0.00 0.00 0.00 0.00 0.00 0.00 0.00 0.00 0.00 0.00 0.00 0.00 0.00 0.00 0.00 0.00 0.00 0.00 0.00 0.00 0.00 0.00 0.00 0.00 0.00 0.00 0.00 0.00 0.00 0.00 0.00 0.00 0.00 0.00 0.00 0.00 0.00 0.00 0.00 0.00 0.00 0.00 0.00 0.00 0.00 0.00 0.00 0.00 0.00 0.00 0.00 0.00 0.00 0.00 0.00 0.00 0.00 0.00 0.00 0.00 0.00 0.00 0.00 0.00 0.00 0.00 0.00 0.00 0.00 0.00 0.00 0.00 0.00 0.00 0.00 0.00 0.00 0.00 0.00 0.00 0.00 0.00 0.00 0.00 0.00 0.00 0.00 0.00 0.00 0.00 0.00 0.00 0.00 0.00 0.00 0.00 0.00 0.00 0.00 0.00 0.00 0.00 0.00 0.00 0.00 0.00 0.00 0.00 0.00 0.00 0.00 0.00 0.00 0.00 0.00 0.00 0.00 0.00 0.00 0.00 0.00 0.00 0.00 0.00 0.00 0.00 0.00 0.00 0.00 0.00 0.00 0.00 0.00 0.00 0.00 0.00 0.00 0.00 0.00 0.00 0.00 0.00 0.00 0.00 0.00 0.00 0.00 0.00 0.00 0.00 0.00 0.00 0.00 0.00 0.00 0.00 0.00 0.00 0.00 0.00 0.00 0.00 0.00 0.00 0.00 0.00 0.00 0.00 0.00 0.00 0.00 0.00 0.00 0.00 0.00 0.00 0.00 0.00 0.00 0.00 0.00 0.00 0.00 0.00 0.00 0.00 0.00 0.00 0.00 0.00 0.00 0.00 0.00 0.00 0.00 0.00 0.00 0.00 0.00 0.00 0.00 0.00 0.00 0.00 0.00 0.00 0.00 0.00 0.00 0.00 0.00 0.00 0.00 0.00 0.00 0.00 0.00 0.00 0.00 0.00 0.00 0.00 0.00 0.00 0.00 0.00 0.00 0.00 0.00 0.00 0.00 0.00 0.00 0.00 0.00 0.00 0.00 0.00 0.00 0.00 0.00 0.00 0.00 0.00 0.00 0.00 0.00 0.00 0.00 0.00 0.00 0.00 0.00 0.00 0.00 0.00 0.00 0.00 0.00 0.00 0.00 0.00 0.00 0.00 0.00 0.00 0.00 0.00 0.00 0.00 0.00 0.00 0.00 0.00 0.00 0.00 0.00 0.00 0.00 0.00 0.00 0.00 0.00 0.00 0.00 0.00 0.00 0.00 0.00 0.00 0.00 0.00 0.00 0.00 0.00 0.00 0.00 0.00 0.00 0.00 0.00 0.00 0.00 0.00 0.00 0.00 0.00 0.00 0.00 0.00 0.00 0.00 0.00 0.00 0.00 0.00 0.00 0.00 0.00 0.00 0.00 0.00 0.00 0.00 0.00 0.00 0.00 0.00 0.00 0.00 0.00 0.00 0.00 0.00 0.00 0.00 0.00 0.00 0.00 0.00 0.00 0.00 0.00 0.00 0.00 0.00 0.00 0.00 0.00 0.00 0.00 0.00 0.00 0.00 0.00 0.00 0.00 0.00 0.00 0.00 0.00 0.00 0.00 0.00 0.00 0.00 0.00 0.00 0.00 0.00 0.00 0.00 0.00 0.00 0.00 0.00 0.00 0.00 0.00 0.00 0.00 0.00 0.00 0.00 0.00 0.00 0.00 0.00 0.00 0.00 0.00 0.00 0.00 0.00 0.00 0.00 0.00 0.00 0.00 0.00 0.00 0.00 0.00 0.00 0.00 0.00 0.00 0.00 0.00 0.00 0.00 0.00 0.00 0.00 0.00 0.00 0.00 0.00 0.00 0.00 0.00 0.00 0.00 0.00 0.00 0.00 0.00 0.00 0.00 0.00 0.00 0.00 0.00 0.00 0.00 0.00 0.00 0.00 0.00 0.00 0.00 0.00 0.00 0.00 0.00 0.00 0.00 0.00 0.00 0.00 0.00 0.00 0.00 0.00 0.00 0.00 0.00 0.00 0.00 0.00 0.00 0.00 0.00 0.00 0.00 0.00 0.00 0.00 0.00 0.00 0.00 0.00 0.00 0.00 0.00 0.00 0.00 0.00 0.00 0.00 0.00 0.00 0.00 0.00 0.00 0.00 0.00 0.00 0.00 0.00 0.00 0.00 0.00 0.00 0.00 0.00 0.00 0.00 0.00 0.00 0.00 0.00 0.00 0.00 0.00 0.00 0.00 0.00 0.00 0.00 0.00 0.00 0.00 0.00 0.00 0.00 0.00 0.00 0.00 0.00 0.00 0.00 0.00 0.00 0.00 0.00 0.00 0.00 0.00 0.00 0.00 0.00 0.00 0.00 0.00 0.00 0.00 0.00 0.00 0.00 0.00 0.00 0.00 0.00 0.00 0.00 0.00 0.00 0.00 0.00 0.00 0.00 0.00 0.00 0.00 0.00 0.00 0.00 0.00 0.00 0.00 0.00 0.00 0.00 0.00 0.00 0.00 0.00 0.00 0.00 0.00 0.00 0.00 0.00 0.00 0.00 0.00 0.00 0.00 0.00 0.00 0.00 0.00 0.00 0.00 0.00 0.00 0.00 0.00 0.00 0.00 0.00 0.00 0.00 0.00 0.00 0.00 0.00 0.00 0.00 0.00 0.00 0.00 0.00 0.00 0.00 0.00 0.00 0.00 0.00 0.00 0.00 0.00 0.00 0.00 0.00 0.00 0.00 0.00 0.00 0.00 0.00 0.00 0.00 0.00 0.00 0.00 0.00 0.00 0.00 0.00 0.00 0.00 0.00 0.00 0.00 0.00 0.00 0.00 0.00 0.00 0.00 0.00 0.00 0.00 0.00 0.00 0.00 0.00 0.00 0.00 0.00 0.00 0.00 0.00 0.00 0.00 0.00 0.00 0.00 0.00 0.00 0.00 0.00 0.00 0.00 0.00 0.00 0.00 0.00 0.00 0.00 0.00 0.00 0.00 0.00 0.00 0.00 0.00 0.00 0.00 0.00 0.00 0.00 0.00 0.00 0.00 0.00 0.00 0.00 0.00 0.00 0.00 0.00 0.00 0.00 0.00 0.00 0.00 0.00 0.00 0.00 0.00 0.00 0.00 0.00 0.00 0.00 0.00 0.00 0.00 0.00 0.00 0.00 0.00 0.00 0.00 0.00 0.00 0.00 0.00 0.00 0.00 0.00 0.00 0.00 0.00 0.00 0.00 0.00 0.00 0.00 0.00 0.00 0.00 0.00 0.00 0.00 0.00 0.00 0.00 0.00 0.00 0.00 0.00 0.00 0.00 0.00 0.00 0.00 0.00 0.00 0.00 0.00 0.00 0.00 0.00 0.00 0.00 0.00 0.00 0.00 0.00 0.00 0.00 0.00 0.00 0.00 0.00 0.00 0.00 0.00 0.00 0.00 0.00 0.00 0.00 0.00 0.00 0.00 0.00 0.00 0.00 0.00 0.00 0.00 0.00 0.00 0.00 0.00 0.00 0.00 0.00 0.00 0.00 0.00 0.00 0.00 0.00 0.00 0.00 0.00 0.00 0.00 0.00 0.00 0.00 0.00 0.00 0.00 0.00 0.00 0.00 0.00 0.00 0.00 0.00 0.00 0.00 0.00 0.00 0.00 0.00 0.00 0.00 0.00 0.00 0.00 0.00 0.00 0.00 0.00 0.00 0.00 0.00 0.00 0.00 0.00 0.00 0.00 0.00 0.00 0.00 0.00 0.00 0.00 0.00 0.00 0.00 0.00 0.00 0.00 0.00 0.00 0.00 0.00 0.00 0.00 0.00 0.00 0.00 0.00 0.00 0.00 0.00 0.00 0.00 0.00 0.00 0.00 0.00 0.00 0.00 0.00 0.00 0.00 0.00 0.00 0.00 0.00 0.00 0.00 0.00 0.00 0.00 0.00 0.00 0.00 0.00 0.00 0.00 0.00 0.00 0.00 0.00 0.00 0.00 0.00 0.00 0.00 0.00 0.00 0.00 0.00 0.00 0.00 0.00 0.00 0.00 0.00 0.00 0.00 0.00 0.00 0.00 0.00 0.00 0.00 0.00 0.00 0.00 0.00 0.00 0.00 0.00 0.00 0.00 0.00 0.00 0.00 0.00 0.00 0.00 0.00 0.00 0.00 0.00 0.00 0.00 0.00 0.00 0.00 0.00 0.00 0.00 0.00 0.00 0.00 0.00 0.00 0.00 0.00 0.00 0.00 0.00 0.00 0.00 0.00 0.00 0.00 0.00 0.00 0.00 0.00 0.00 0.00 0.00 0.00 0.00 0.00 0.00 0.00 0.00 0.00 0.00 0.00 0.00 0.00 0.00 0.00 0.00 0.00 0.00 0.00 0.00 0.00 0.00 0.00 0.00 0.00 0.00 0.00 0.00 0.00 0.00 0.00 0.00 0.00 0.00 0.00 0.00 0.00 0.00 0.00 0.00 0.00 0.00 0.00 0.00 0.00 0.00 0.00 0.00 0.00 0.00 0.00 0.00 0.00 0.00 0.00 0.00 0.00 0.00 0.00 0.00 0.00 0.00 0.00 0.00 0.00 0.00 0.00 0.00 0.00 0.00 0.00 0.00 0.00 0.00 0.00 0.00 0.00 0.00 0.00 0.00 0.00 0.00 0.00 0.00 0.00 0.00 0.00 0.00 0.00 0.00 0.00 0.00 0.00 0.00 0.00 0.00 0.00 0.00 0.00 0.00 0.00 0.00 0.00 0.00 0.00 0.00 0.00 0.00 0.00 0.00 0.00 0.00 0.00 0.00 0.00 0.00 0.00 0.00 0.00 0.00 0.00 0.00 0.00 0.00 0.00 0.00 0.00 0.00 0.00 0.00 0.00 0.00 0.00 0.00 0.00 0.00 0.00 0.00 0.00 0.00 0.00 0.00 0.00 0.00 0.00 0.00 0.00 0.00 0.00 0.00 0.00 0.00 0.00 0.00 0.00 0.00 0.00 0.00 0.00 0.00 0.00 0.00 0.00 0.00 0.00 0.00 0.00 0.00 0.00 0.00 0.00 0.00 0.00 0.00 0.00 0.00 0.00 0.00 0.00 0.00 0.00 0.00 0.00 0.00 0.00 0.00 0.00 0.00 0.00 0.00 0.00 0.00 0.00 0.00 0.00 0.00 0.00 0.00 0.00 0.00 0.00 0.00 0.00 0.00 0.00 0.00 0.00 0.00 0.00 0.00 0.00 0.00 0.00 0.00 0.00 0.00 0.00 0.00 0.00 0.00 0.00 0.00 0.00 0.00 0.00 0.00 0.00 0.00 0.00 0.00 0.00 0.00 0.00 0.00 0.00 0.00 0.00 0.00 0.00 0.00 0.00 0.00 0.00 0.00 0.00 0.00 0.00 0.00 0.00 0.00 0.00 0.00 0.00 0.00 0.00 0.00 0.00 0.00 0.00 0.00 0.00 0.00 0.00 0.00 0.00 0.00 0.00 0.00 0.00 0.00 0.00 0.00 0.00 0.00 0.00 0.00 0.00 0.00 0.00 0.00 0.00 0.00 0.00 0.00 0.00 0.00 0.00 0.00 0.00 0.00 0.00 0.00 0.00 0.00 0.00 0.00 0.00 0.00 0.00 0.00 0.00 0.00 0.00 0.00 0.00 0.00 0.00 0.00 0.00 0.00 0.00 0.00 0.00 0.00 0.00 0.00 0.00 0.00 0.00 0.00 0.00 0.00 0.00 0.00 0.00 0.00 0.00 0.00 0.00 0.00 0.00 0.00 0.00 0.00 0.00 0.00 0.00 0.00 0.00 0.00 0.00 0.00 0.00 0.00 0.00 0.00 0.00 0.00 0.00 0.00 0.00 0.00 0.00 0.00 0.00 0.00 0.00 0.00 0.00 0.00 0.00 0.00 0.00 0.00 0.00 0.00 0.00 0.00 0.00 0.00 0.00 0.00 0.00 0.00 0.00 0.00 0.00 0.00 0.00 0.00 0.00 0.00 0.00 0.00 0.00 0.00 0.00 0.00 0.00 0.00 0.00 0.00 0.00 0.00 0.00 0.00 0.00 0.00 0.00 0.00 0.00 0.00 0.00 0.00 0.00 0.00 0.00 0.00 0.00 0.00 0.00 0.00 0.00 0.00 0.00 0.00 0.00 0.00 0.00 0.00 0.00 0.00 0.00 0.00 0.00 0.00 0.00 0.00 0.00 0.00 0.00 0.00 0.00 0.00 0.00 0.00 0.00 0.00 0.00 0.00 0.00 0.00 0.00 0.00 0.00 0.00 0.00 0.00 0.00 0.00 0.00 0.00 0.00 0.00 0.00 0.00 0.00 0.00 0.00 0.00 0.00 0.00 0.00 0.00 0.00 0.00 0.00 0.00 0.00 0.00 0.00 0.00 0.00 0.00 0.00 0.00 0.00 0.00 0.00 0.00 0.00 0.00 0.00 0.00 0.00 0.00 0.00 0.00 0.00 0.00 0.00 0.00 0.00 0.00 0.00 0.00 0.00 0.00 0.00 0.00 0.00 0.00 0.00 0.00 0.00 0.00 0.00 0.00 0.00 0.00 0.00 0.00 0.00 0.00 0.00 0.00 0.00 0.00 0.00 0.00 0.00 0.00 0.00 0.00 0.00 0.00 0.00 0.00 0.00 0.00 0.00 0.00 0.00 0.00 0.00 0.00 0.00 0.00 0.00 0.00 0.00 0.00 0.00 0.00 0.00 0.00 0.00 0.00 0.00 0.00 0.00 0.00 0.00 0.00 0.00 0.00 0.00 0.00 0.00 0.00 0.00 0.00 0.00 0.00 0.00 0.00 0.00 0.00 0.00 0.00 0.00 0.00 0.00 0.00 0.00 0.00 0.00 0.00 0.00 0.00 0.00 0.00 0.00 0.00 0.00 0.00 0.00 0.00 0.00 0.00 0.00 0.00 0.00 0.00 0.00 0.00 0.00 0.00 0.00 0.00 0.00 0.00 0.00 0.00 0.00 0.00 0.00 0.00 0.00 0.00 0.00 0.00 0.00 0.00 0.00 0.00 0.00 0.00 0.00 0.00 0.00 0.00 0.00 0.00 0.00 0.00 0.00 0.00 0.00 0.00 0.00 0.00 0.00 0.00 0.00 0.00 0.00 0.00 0.00 0.00 0.00 0.00 0.00 0.00 0.00 0.00 0.00 0.00 0.00 0.00 0.00 0.00 0.00 0.00 0.00 0.00 0.00 0.00 0.00 0.00 0.00 0.00 0.00 0.00 0.00 0.00 0.00 0.00 0.00 0.00 0.00 0.00 0.00 0.00 0.00 0.00 0.00 0.00 0.00 0.00 0.00 0.00 0.00 0.00 0.00 0.00 0.00 0.00 0.00 0.00 0.00 0.00 0.00 0.00 0.00 0.00 0.00 0.00 0.00 0.00 0.00 0.00 0.00 0.00 0.00 0.00 0.00 0.00 0.00 0.00 0.00 0.00 0.00 0.00 0.00 0.00 0.00 0.00 0.00 0.00 0.00 0.00 0.00 0.00 0.00 0.00 0.00 0.00 0.00 0.00 0.00 0.00 0.00 0.00 0.00 0.00 0.00 0.00 0.00 0.00 0.00 0.00 0.00 0.00 0.00 0.00 0.00 0.00 0.00 0.00 0.00 0.00 0.00 0.00 0.00 0.00 0.00 0.00 0.00 0.00 0.00 0.00 0.00 0.00 0.00 0.00 0.00 0.00 0.00 0.00 0.00 0.00 0.00 0.00 0.00 0.00 0.00 0.00 0.00 0.00 0.00 0.00 0.00 0.00 0.00 0.00 0.00 0.00 0.00 0.00 0.00 0.00 0.00 0.00 0.00 0.00 0.00 0.00 0.00 0.00 0.00 0.00 0.00 0.00 0.00 0.00 0.00 0.00 0.00 0.00 0.00 0.00 0.00 0.00 0.00 0.00 0.00 0.00 0.00 0.00 0.00 0.00 0.00 0.00 0.00 0.00 0.00 0.00 0.00 0.00 0.00 0.00 0.00 0.00 0.00 0.00 0.00 0.00 0.00 0.00 0.00 0.00 0.00 0.00 0.00 0.00 0.00 0.00 0.00 0.00 0.00 0.00 0.00 0.00 0.00 0.00 0.00 0.00 0.00 0.00 0.00 0.00 0.00 0.00 0.00 0.00 0.00 0.00 0.00 0.00 0.00 0.00 0.00 0.00 0.00 0.00 0.00 0.00 0.00 0.00 0.00 0.00 0.00 0.00 0.00 0.00 0.00 0.00 0.00 0.00 0.00 0.00 0.00 0.00 0.00 0.00 0.00 0.00 0.00 0.00 0.00 0.00 0.00 0.00 0.00 0.00 0.00 0.00 0.00 0.00 0.00 0.00 0.00 0.00 0.00 0.00 0.00 0.00 0.00 0.00 0.00 0.00 0.00 0.00 0.00 0.00 0.00 0.00 0.00 0.00 0.00 0.00 0.00 0.00 0.00 0.00 0.00 0.00 0.00 0.00 0.00 0.00 0.00 0.00 0.00 0.00 0.00 0.00 0.00 0.00 0.00 0.00 0.00 0.00 0.00 0.00 0.00 0.00 0.00 0.00 0.00 0.00 0.00 0.00 0.00 0.00 0.00 0.00 0.00 0.00 0.00 0.00 0.00 0.00 0.00 0.00 0.00 0.00 0.00 0.00 0.00 0.00 0.00 0.00 0.00 0.00 0.00 0.00 0.00 0.00 0.00 0.00 0.00 0.00 0.00 0.00 0.00 0.00 0.00 0.00 0.00 0.00 0.00 0.00 0.00 0.00 0.00 0.00 0.00 0.00 0.00 0.00 0.00 0.00 0.00 0.00 0.00 0.00 0.00 0.00 0.00 0.00 0.00 0.00 0.00 0.00 0.00 0.00 0.00 0.00 0.00 0.00 0.00 0.00 0.00 0.00 0.00 0.00 0.00 0.00 0.00 0.00 0.00 0.00 0.00 0.00 0.00 0.00 0.00 0.00 0.00 0.00 0.00 0.00 0.00 0.00 0.00 0.00 0.00 0.00 0.00 0.00 0.00 0.00 0.00 0.00 0.00 0.00 0.00 0.00 0.00 0.00 0.00 0.00 0.00 0.00 0.00 0.00 0.00 0.00 0.00 0.00 0.00 0.00 0.00 0.00 0.00 0.00 0.00 0.00 0.00 0.00 0.00 0.00 0.00 0.00 0.00 0.00 0.00 0.00 0.00 0.00 0.00 0.00 0.00 0.00 0.00 0.00 0.00 0.00 0.00 0.00 0.00 0.00 0.00 0.00 0.00 0.00 0.00 0.00 0.00 0.00 0.00 0.00 0.00 0.00 0.00 0.00 0.00 0.00 0.00 0.00 0.00 0.00 0.00 0.00 0.00 0.00 0.00 0.00 0.00 0.00 0.00 0.00 0.00 0.00 0.00 0.00 0.00 0.00 0.00 0.00 0.00 0.00 0.00 0.00 0.00 0.00 0.00 0.00 0.00 0.00 0.00 0.00 0.00 0.00 0.00 0.00 0.00 0.00 0.00 0.00 0.00 0.00 0.00 0.00 0.00 0.00 0.00 0.00 0.00 0.00 0.00 0.00 0.00 0.00 0.00 0.00 0.00 0.00 0.00 0.00 0.00 0.00 0.00 0.00 0.00 0.00 0.00 0.00 0.00 0.00 0.00 0.00 0.00 0.00 0.00 0.00 0.00 0.00 0.00 0.00 0.00 0.00 0.00 0.00 0.00 0.00 0.00 0.00 0.00 0.00 0.00 0.00 0.00 0.00 0.00 0.00 0.00 0.00 0.00 0.00 0.00 0.00 0.00 0.00 0.00 0.00 0.00 0.00 0.00 0.00 0.00 0.00 0.00 0.00 0.00 0.00 0.00 0.00 0.00 0.00 0.00 0.00 0.00 0.00 0.00 0.00 0.00 0.00 0.00 0.00 0.00 0.00 0.00 0.00 0.00 0.00 0.00 0.00 0.00 0.00 0.00 0.00 0.00 0.00 0.00 0.00 0.00 0.00 0.00 0.00 0.00 0.00 0.00 0.00 0.00 0.00 0.00 0.00 0.00 0.00 0.00 0.00 0.00 0.00 0.00 0.00 0.00 0.00 0.00 0.00 0.00 0.00 0.00 0.00 0.00 0.00 0.00 0.00 0.00 0.00 0.00 0.00 0.00 0.00 0.00 0.00 0.00 0.00 0.00 0.00 0.00 0.00 0.00 0.00 0.00 0.00 0.00 0.00 0.00 0.00 0.00 0.00 0.00 0.00 0.00 0.00 0.00 0.00 0.00 0.00 0.00 0.00 0.00 0.00 0.00 0.00 0.00 0.00 0.00 0.00 0.00 0.00 0.00 0.00 0.00 0.00 0.00 0.00 0.00 0.00 0.00 0.00 0.00 0.00 0.00 0.00 0.00 0.00 0.00 0.00 0.00 0.00 0.00 0.00 0.00 0.00 0.00 0.00 0.00 0.00 0.00 0.00 0.00 0.00 0.00 0.00 0.00 0.00 0.00 0.00 0.00 0.00 0.00 0.00 0.00 0.00 0.00 0.00 0.00 0.00 0.00 0.00 0.00 0.00 0.00 0.00 0.00 0.00 0.00 0.00 0.00 0.00 0.00 0.00 0.00 0.00 0.00 0.00 0.00 0.00 0.00 0.00 0.00 0.00 0.00 0.00 0.00 0.00 0.00 0.00 0.00 0.00 0.00 0.00 0.00 0.00 0.00 0.00 0.00 0.00 0.00 0.00 0.00 0.00 0.00 0.00 0.00 0.00 0.00 0.00 0.00 0.00 0.00 0.00 0.00 0.00 0.00 0.00 0.00 0.00 0.00 0.00 0.00 0.00 0.00 0.00 0.00 0.00 0.00 0.00 0.00 0.00 0.00 0.00 0.00 0.00 0.00 0.00 0.00 0.00 0.00 0.00 0.00 0.00 0.00 0.00 0.00 0.00 0.00 0.00 0.00 0.00 0.00 0.00 0.00 0.00 0.00 0.00 0.00 0.00 0.00 0.00 0.00 0.00 0.00 0.00 0.00 0.00 0.00 0.00 0.00 0.00 0.00 0.00 0.00 0.00 0.00 0.00 0.00 0.00 0.00 0.00 0.00 0.00 0.00 0.00 0.00 0.00 0.00 0.00 0.00 0.00 0.00 0.00 0.00 0.00 0.00 0.00 0.00 0.00 0.00 0.00 0.00 0.00 0.00 0.00 0.00 0.00 0.00 0.00 0.00 0.00 0.00 0.00 0.00 0.00 0.00 0.00 0.00 0.00 0.00 0.00 0.00 0.00 0.00 0.00 0.00 0.00 0.00 0.00 0.00 0.00 0.00 0.00 0.00 0.00 0.00 0.00 0.00 0.00 0.00 0.00 0.00 0.00 0.00 0.00 0.00 0.00 0.00 0.00 0.00 0.00 0.00 0.00 0.00 0.00 0.00 0.00 0.00 0.00 0.00 0.00 0.00 0.00 0.00 0.00 0.00 0.00 0.00 0.00 0.00 0.00 0.00 0.00 0.00 0.00 0.00 0.00 0.00 0.00 0.00 0.00 0.00 0.00 0.00 0.00 0.00 0.00 0.00 0.00 0.00 0.00 0.00 0.00 0.00 0.00 0.00 0.00 0.00 0.00 0.00 0.00 0.00 0.00 0.00 0.00 0.00 0.00 0.00 0.00 0.00 0.00 0.00 0.00 0.00 0.00 0.00 0.00 0.00 0.00 0.00 0.00 0.00 0.00 0.00 0.00 0.00 0.00 0.00 0.00 0.00 0.00 0.00 0.00 0.00 0.00 0.00 0.00 0.00 0.00 0.00 0.00 0.00 0.00 0.00 0.00 0.00 0.00 0.00 0.00 0.00 0.00 0.00 0.00 0.00 0.00 0.00 0.00 0.00 0.00 0.00 0.00 0.00 0.00 0.00 0.00 0.00 0.00 0.00 0.00 0.00 0.00 0.00 0.00 0.00 0.00 0.00 0.00 0.00 0.00 0.00 0.00 0.00 0.00 0.00 0.00 0.00 0.00 0.00 0.00 0.00 0.00 0.00 0.00 0.00 0.00 0.00 0.00 0.00 0.00 0.00 0.00 0.00 0.00 0.00 0.00 0.00 0.00 0.00 0.00 0.00 0.00 0.00 0.00 0.00 0.00 0.00 0.00 0.00 0.00 0.00 0.00 0.00 0.00 0.00 0.00 0.00 0.00 0.00 0.00 0.00 0.00 0.00 0.00 0.00 0.00 0.00 0.00 0.00 0.00 0.00 0.00 0.00 0.00 0.00 0.00 0.00 0.00 0.00 0.00 0.00 0.00 0.00 0.00 0.00 0.00 0.00 0.00 0.00 0.00 0.00 0.00 0.00 0.00 0.00 0.00 0.00 0.00 0.00 0.00 0.00 0.00 0.00 0.00 0.00 0.00 0.00 0.00 0.00 0.00 0.00 0.00 0.00 0.00 0.00 0.00 0.00 0.00 0.00 0.00 0.00 0.00 0.00 0.00 0.00 0.00 0.00 0.00 0.00 0.00 0.00 0.00 0.00 0.00 0.00 0.00 0.00 0.00 0.00 0.00 0.00 0.00 0.00 0.00 0.00 0.00 0.00 0.00 0.00 0.00 0.00 0.00 0.00 0.00 0.00 0.00 0.00 0.00 0.00 0.00 0.00 0.00 0.00 0.00 0.00 0.00 0.00 0.00 0.00 0.00 0.00 0.00 0.00 0.00 0.00 0.00 0.00 0.00 0.00 0.00 0.00 0.00 0.00 0.00 0.00 0.00 0.00 0.00 0.00 0.00 0.00 0.00 0.00 0.00 0.00 0.00 0.00 0.00 0.00 0.00 0.00 0.00 0.00 0.00 0.00 0.00 0.00 0.00 0.00 0.00 0.00 0.00 0.00 0.00 0.00 0.00 0.00 0.00 0.00 0.00 0.00 0.00 0.00 0.00 0.00 0.00 0.00 0.00 0.00 0.00 0.00 0.00 0.00 0.00 0.00 0.00 0.00 0.00 0.00 0.00 0.00 0.00 0.00 0.00 0.00 0.00 0.00 0.00 0.00 0.00 0.00 0.00 0.00 0.00 0.00 0.00 0.00 0.00 0.00 0.00 0.00 0.00 0.00 0.00 0.00 0.00 0.00 0.00 0.00 0.00 0.00 0.00 0.00 0.00 0.00 0.00 0.00 0.00 0.00 0.00 0.00 0.00 0.00 0.00 0.00 0.00 0.00 0.00 0.00 0.00 0.00 0.00 0.00 0.00 0.00 0.00 0.00 0.00 0.00 0.00 0.00 0.00 0.00 0.00 0.00 0.00 0.00 0.00 0.00 0.00 0.00 0.00 0.00 0.00 0.00 0.00 0.00 0.00 0.00 0.00 0.00 0.00 0.00 0.00 0.00 0.00 0.00 0.00 0.00 0.00 0.00 0.00 0.00 0.00 0.00 0.00 0.00 0.00 0.00 0.00 0.00 0.00 0.00 0.00 0.00 0.00 0.00 0.00 0.00 0.00 0.00 0.00 0.00 0.00 0.00 0.00 0.00 0.00 0.00 0.00 0.00 0.00 0.00 0.00 0.00 0.00 0.00 0.00 0.00 0.00 0.00 0.00 0.00 0.00 0.00 0.00 0.00 0.00 0.00 0.00 0.00 0.00 0.00 0.00 0.00 0.00 0.00 0.00 0.00 0.00 0.00 0.00 0.00 0.00 0.00 0.00 0.00 0.00 0.00 0.00 0.00 0.00 0.00 0.00 0.00 0.00 0.00 0.00 0.00 0.00 0.00 0.00 0.00 0.00 0.00 0.00 0.00 0.00 0.00 0.00 0.00 0.00 0.00 0.00 0.00 0.00 0.00 0.00 0.00 0.00 0.00 0.00 0.00 0.00 0.00 0.00 0.00 0.00 0.00 0.00 0.00 0.00 0.00 0.00 0.00 0.00 0.00 0.00 0.00 0.00 0.00 0.00 0.00 0.00 0.00 0.00 0.00 0.00 0.00 0.00 0.00 0.00 0.00 0.00 0.00 0.00 0.00 0.00 0.00 0.00 0.00 0.00 0.00 0.00 0.00 0.00 0.00 0.00 0.00 0.00 0.00 0.00 0.00 0.00 0.00 0.00 0.00 0.00 0.00 0.00 0.00 0.00 0.00 0.00 0.00 0.00 0.00 0.00 0.00 0.00 0.00 0.00 0.00 0.00 0.00 0.00 0.00 0.00 0.00 0.00 0.00 0.00 0.00 0.00 0.00 0.00 0.00 0.00 0.00 0.00 0.00 0.00 0.00 0.00 0.00 0.00 0.00 0.00 0.00 0.00 0.00 0.00 0.00 0.00 0.00 0.00 0.00 0.00 0.00 0.00 0.00 0.00 0.00 0.00 0.00 0.00 0.00 0.00 0.00 0.00 0.00 0.00 0.00 0.00 0.00 0.00 0.00 0.00 0.00 0.00 0.00 0.00 0.00 0.00 0.00 0.00 0.00 0.00 0.00 0.00 0.00 0.00 0.00 0.00 0.00 0.00 0.00 0.00 0.00 0.00 0.00 0.00 0.00 0.00 0.00 0.00 0.00 0.00 0.00 0.00 0.00 0.00 0.00 0.00 0.00 0.00 0.00 0.00 0.00 0.00 0.00 0.00 0.00 0.00 0.00 0.00 0.00 0.00 0.00 0.00 0.00 0.00 0.00 0.00 0.00 0.00 0.00 0.00 0.00 0.00 0.00 0.00 0.00 0.00 0.00 0.00 0.00 0.00 0.00 0.00 0.00 0.00 0.00 0.00 0.00 0.00 0.00 0.00 0.00 0.00 0.00 0.00 0.00 0.00 0.00 0.00 0.00 0.00 0.00 0.00 0.00 0.00 0.00 0.00 0.00 0.00 0.00 0.00 0.00 0.00 0.00 0.00 0.00 0.00 0.00 0.00 0.00 0.00 0.00 0.00 0.00 0.00 0.00 0.00 0.00 0.00 0.00 0.00 0.00 0.00 0.00 0.00 0.00 0.00 0.00 0.00 0.00 0.00 0.00 0.00 0.00 0.00 0.00 0.00 0.00 0.00 0.00 0.00 0.00 0.00 0.00 0.00 0.00 0.00 0.00 0.00 0.00 0.00 0.00 0.00 0.00 0.00 0.00 0.00 0.00 0.00 0.00 0.00 0.00 0.00 0.00 0.00 0.00 0.00 0.00 0.00 0.00 0.00 0.00 0.00 0.00 0.00 0.00 0.00 0.00 0.00 0.00 0.00 0.00 0.00 0.00 0.00 0.00 0.00 0.00 0.00 0.00 0.00 0.00 0.00 0.00 0.00 0.00 0.00 0.00 0.00 0.00 0.00 0.00 0.00 0.00 0.00 0.00 0.00 0.00 0.00 0.00 0.00 0.00 0.00 0.00 0.00 0.00 0.00 0.00 0.00 0.00 0.00 0.00 0.00 0.00 0.00 0.00 0.00 0.00 0.00 0.00 0.00 0.00 0.00 0.00 0.00 0.00 0.00 0.00 0.00 0.00 0.00 0.00 0.00 0.00 0.00 0.00 0.00 0.00 0.00 0.00 0.00 0.00 0.00 0.00 0.00 0.00 0.00 0.00 0.00 0.00 0.00 0.00 0.00 0.00 0.00 0.00 0.00 0.00 0.00 0.00 0.00 0.00 0.00 0.00 0.00 0.00 0.00 0.00 0.00 0.00 0.00 0.00 0.00 0.00 0.00 0.00 0.00 0.00 0.00 0.00 0.00 0.00 0.00 0.00 0.00 0.00 0.00 0.00 0.00 0.00 0.00 0.00 0.00 0.00 0.00 0.00 0.00 0.00 0.00 0.00 0.00 0.00 0.00 0.00 0.00 0.00 0.00 0.00 0.00 0.00 0.00 0.00 0.00 0.00 0.00 0.00 0.00 0.00 0.00 0.00 0.00 0.00 0.00 0.00 0.00 0.00 0.00 0.00 0.00 0.00 0.00 0.00 0.00 0.00 0.00 0.00 0.00 0.00 0.00 0.00 0.00 0.00 0.00 0.00 0.00 0.00 0.00 0.00 0.00 0.00 0.00 0.00 0.00 0.00 0.00 0.00 0.00 0.00 0.00 0.00 0.00 0.00 0.00 0.00 0.00 0.00 0.00 0.00 0.00 0.00 0.00 0.00 0.00 0.00 0.00 0.00 0.00 0.00 0.00 0.00 0.00 0.00 0.00 0.00 0.00 0.00 0.00 0.00 0.00 0.00 0.00 0.00 0.00 0.00 0.00 0.00 0.00 0.00 0.00 0.00 0.00 0.00 0.00 0.00 0.00 0.00 0.00 0.00 0.00 0.00 0.00 0.00 0.00 0.00 0.00 0.00 0.00 0.00 0.00 0.00 0.00 0.00 0.00 0.00 0.00 0.00 0.00 0.00 0.00 0.00 0.00 0.00 0.00 0.00 0.00 0.00 0.00 0.00 0.00 0.00 0.00 0.00 0.00 0.00 0.00 0.00 0.00 0.00 0.00 0.00 0.00 0.00 0.00 0.00 0.00 0.00 0.00 0.00 0.00 0.00 0.00 0.00 0.00 0.00 0.00 0.00 0.00 0.00 0.00 0.00 0.00 0.00 0.00 0.00 0.00 0.00 0.00 0.00 0.00 0.00 0.00 0.00 0.00 0.00 0.00 0.00 0.00 0.00 0.00 0.00 0.00 0.00 0.00 0.00 0.00 0.00 0.00 0.00 0.00 0.00 0.00 0.00 0.00 0.00 0.00 0.00 0.00 0.00 0.00 0.00 0.00 0.00 0.00 0.00 0.00 0.00 0.00 0.00 0.00 0.00 0.00 0.00 0.00 0.00 0.00 0.00 0.00 0.00 0.00 0.00 0.00 0.00 0.00 0.00 0.00 0.00 0.00 0.00 0.00 0.00 0.00 0.00 0.00 0.00 0.00 0.00 0.00 0.00 0.00 0.00 0.00 0.00 0.00 0.00 0.00 0.00 0.00 0.00 0.00 0.00 0.00 0.00 0.00 0.00 0.00 0.00 0.00 0.00 0.00 0.00 0.00 0.00 0.00 0.00 0.00 0.00 0.00 0.00 0.00 0.00 0.00 0.00 0.00 0.00 0.00 0.00 0.00 0.00 0.00 0.00 0.00 0.00 0.00 0.00 0.00 0.00 0.00 0.00 0.00 0.00 0.00 0.00 0.00 0.00 0.00 0.00 0.00 0.00 0.00 0.00 0.00 0.00 0.00 0.00 0.00 0.00 0.00 0.00 0.00 0.00 0.00 0.00 0.00 0.00 0.00 0.00 0.00 0.00 0.00 0.00 0.00 0.00 0.00 0.00 0.00 0.00 0.00 0.00 0.00 0.00 0.00 0.00 0.00 0.00 0.00 0.00 0.00 0.00 0.00 0.00 0.00 0.00 0.00 0.00 0.00 0.00 0.00 0.00 0.00 0.00 0.00 0.00 0.00 0.00 0.00 0.00 0.00 0.00 0.00 0.00 0.00 0.00 0.00 0.00 0.00 0.00 0.00 0.00 0.00 0.00 0.00 0.00 0.00 0.00 0.00 0.00 0.00 0.00 0.00 0.00 0.00 0.00 0.00 0.00 0.00 0.00 0.00 0.00 0.00 0.00 0.00 0.00 0.00 0.00 0.00 0.00 0.00 0.00 0.00 0.00 0.00 0.00 0.00 0.00 0.00 0.00 0.00 0.00 0.00 0.00 0.00 0.00 0.00 0.00 0.00 0.00 0.00 0.00 0.00 0.00 0.00 0.00 0.00 0.00 0.00 0.00 0.00 0.00 0.00 0.00 0.00 0.00 0.00 0.00 0.00 0.00 0.00 0.00 0.00 0.00 0.00 0.00 0.00 0.00 0.00 0.00 0.00 0.00 0.00 0.00 0.00 0.00 0.00 0.00 0.00 0.00 0.00 0.00 0.00 0.00 0.00 0.00 0.00 0.00 0.00 0.00 0.00 0.00 0.00 0.00 0.00 0.00 0.00 0.00 0.00 0.00 0.00 0.00 0.00 0.00 0.00 0.00 0.00 0.00 0.00 0.00 0.00 0.00 0.00 0.00 0.00 0.00 0.00 0.00 0.00 0.00 0.00 0.00 0.00 0.00 0.00 0.00 0.00 0.00 0.00 0.00 0.00 0.00 0.00 0.00 0.00 0.00 0.00 0.00 0.00 0.00 0.00 0.00 0.00 0.00 0.00 0.00 0.00 0.00 0.00 0.00 0.00 0.00 0.00 0.00 0.00 0.00 0.00 0.00 0.00 0.00 0.00 0.00 0.00 0.00 0.00 0.00 0.00 0.00 0.00 0.00 0.00 0.00 0.00 0.00 0.00 0.00 0.00 0.00 0.00 0.00 0.00 0.00 0.00 0.00 0.00 0.00 0.00 0.00 0.00 0.00 0.00 0.00 0.00 0.00 0.00 0.00 0.00 0.00 0.00 0.00 0.00 0.00 0.00 0.00 0.00 0.00 0.00 0.00 0.00 0.00 0.00 0.00 0.00 0.00 0.00 0.00 0.00 0.00 0.00 0.00 0.00 0.00 0.00 0.00 0.00 0.00 0.00 0.00 0.00 0.00 0.00 0.00 0.00 0.00 0.00 0.00 0.00 0.00 0.00 0.00 0.00 0.00 0.00 0.00 0.00 0.00 0.00 0.00 0.00 0.00 0.00 0.00 0.00 0.00 0.00 0.00 0.00 0.00 0.00 0.00 0.00 0.00 0.00 0.00 0.00 0.00 0.00 0.00 0.00 0.00 0.00 0.00 0.00 0.00 0.00 0.00 0.00 0.00 0.00 0.00 0.00 0.00 0.00 0.00 0.00 0.00 0.00 0.00 0.00 0.00 0.00 0.00 0.00 0.00 0.00 0.00 0.00 0.00 0.00 0.00 0.00 0.00 0.00 0.00 0.00 0.00 0.00 0.00 0.00 0.00 0.00 0.00 0.00 0.00 0.00 0.00 0.00 0.00 0.00 0.00 0.00 0.00 0.00 0.00 0.00 0.00 0.00 0.00 0.00 0.00 0.00 0.00 0.00 0.00 0.00 0.00 0.00 0.00 0.00 0.00 0.00 0.00 0.00 0.00 0.00 0.00 0.00 0.00 0.00 0.00 0.00 0.00 0.00 0.00 0.00 0.00 0.00 0.00 0.00 0.00 0.00 0.00 0.00 0.00 0.00 0.00 0.00 0.00 0.00 0.00 0.00 0.00 0.00 0.00 0.00 0.00 0.00 0.00 0.00 0.00 0.00 0.00 0.00 0.00 0.00 0.00 0.00 0.00 0.00 0.00 0.00 0.00 0.00 0.00 0.00 0.00 0.00 0.00 0.00 0.00 0.00 0.00 0.00 0.00 0.00 0.00 0.00 0.00 0.00 0.00 0.00 0.00 0.00 0.00 0.00 0.00 0.00 0.00 0.00 0.00 0.00 0.00 0.00 0.00 0.00 0.00 0.00 0.00 0.00 0.00 0.00 0.00 0.00 0.00 0.00 0.00 0.00 0.00 0.00 0.00 0.00 0.00 0.00 0.00 0.00 0.00 0.00 0.00 0.00 0.00 0.00 0.00 0.00 0.00 0.00 0.00 0.00 0.00 0.00 0.00 0.00 0.00 0.00 0.00 0.00 0.00 0.00 0.00 0.00 0.00 0.00 0.00 0.00 0.00 0.00 0.00 0.00 0.00 0.00 0.00 0.00 0.00 0.00 0.00 0.00 0.00 0.00 0.00 0.00 0.00 0.00 0.00 0.00 0.00 0.00 0.00 0.00 0.00 0.00 0.00 0.00 0.00 0.00 0.00 0.00 0.00 0.00 0.00 0.00 0.00 0.00 0.00 0.00 0.00 0.00 0.00 0.00 0.00 0.00 0.00 0.00 0.00 0.00 0.00 0.00 0.00 0.00 0.00 0.00 0.00 0.00 0.00 0.00 0.00 0.00 0.00 0.00 0.00 0.00 0.00 0.00 0.00 0.00 0.00 0.00 0.00 0.00 0.00 0.00 0.00 0.00 0.00 0.00 0.00 0.00 0.00 0.00 0.00 0.00 0.00 0.00 0.00 0.00 0.00 0.00 0.00 0.00 0.00 0.00 0.00 0.00 0.00 0.00 0.00 0.00 0.00 0.00 0.00 0.00 0.00 0.00 0.00 0.00 0.00 0.00 0.00 0.00 0.00 0.00 0.00 0.00 0.00 0.00 0.00 0.00 0.00 0.00 0.00 0.00 0.00 0.00 0.00 0.00 0.00 0.00 0.00 0.00 0.00 0.00 0.00 0.00 0.00 0.00 0.00 0.00 0.00 0.00 0.00 0.00 0.00 0.00 0.00 0.00 0.00 0.00 0.00 0.00 0.00 0.00 0.00 0.00 0.00 0.00 0.00 0.00 0.00 0.00 0.00 0.00 0.00 0.00 0.00 0.00 0.00 0.00 0.00 0.00 0.00 0.00 0.00 0.00 0.00 0.00 0.00 0.00 0.00 0.00 0.00 0.00 0.00 0.00 0.00 0.00 0.00 0.00 0.00 0.00 0.00 0.00 0.00 0.00 0.00 0.00 0.00 0.00 0.00 0.00 0.00 0.00 0.00 0.00 0.00 0.00 0.00 0.00 0.00 0.00 0.00 0.00 0.00 0.00 0.00 0.00 0.00 0.00 0.00 0.00 0.00 0.00 0.00 0.00 0.00 0.00 0.00 0.00 0.00 0.00 0.00 0.00 0.00 0.00 0.00 0.00 0.00 0.00 0.00 0.00 0.00 0.00 0.00 0.00 0.00 0.00 0.00 0.00 0.00 0.00 0.00 0.00 0.00 0.00 0.00 0.00 0.00 0.00 0.00 0.00 0.00 0.00 0.00 0.00 0.00 0.00 0.00 0.00 0.00 0.00 0.00 0.00 0.00 0.00 0.00 0.00 0.00 0.00 0.00 0.00 0.00 0.00 0.00 0.00 0.00 0.00 0.00 0.00 0.00 0.00 0.00 0.00 0.00 0.00 0.00 0.00 0.00 0.00 0.00 0.00 0.00 0.00 0.00 0.00 0.00 0.00 0.00 0.00 0.00 0.00 0.00 0.00 0.00 0.00 0.00 0.00 0.00 0.00 0.00 0.00 0.00 0.00 0.00 0.00 0.00 0.00 0.00 0.00 0.00 0.00 0.00 0.00 0.00 0.00 0.00 0.00 0.00 0.00 0.00 0.00 0.00 0.00 0.00 0.00 0.00 0.00 0.00 0.00 0.00 0.00 0.00 0.00 0.00 0.00 0.00 0.00 0.00 0.00 0.00 0.00 0.00 0.00 0.00 0.00 0.00 0.00 0.00 0.00 0.00 0.00 0.00 0.00 0.00 0.00 0.00 0.00 0.00 0.00 0.00 0.00 0.00 0.00 0.00 0.00 0.00 0.00 0.00 0.00 0.00 0.00 0.00 0.00 0.00 0.00 0.00 0.00 0.00 0.00 0.00 0.00 0.00 0.00 0.00 0.00 0.00 0.00 0.00 0.00 0.00 0.00 0.00 0.00 0.00 0.00 0.00 0.00 0.00 0.00 0.00 0.00 0.00 0.00 0.00 0.00 0.00 0.00 0.00 0.00 0.00 0.00 0.00 0.00 0.00 0.00 0.00 0.00 0.00 0.00 0.00 0.00 0.00 0.00 0.00 0.00 0.00 0.00 0.00 0.00 0.00 0.00 0.00 0.00 0.00 0.00 0.00 0.00 0.00 0.00 0.00 0.00 0.00 0.00 0.00 0.00 0.00 0.00 0.00 0.00 0.00 0.00 0.00 0.00 0.00 0.00 0.00 0.00 0.00 0.00 0.00 0.00 0.00 0.00 0.00 0.00 0.00 0.00 0.00 0.00 0.00 0.00 0.00 0.00 0.00 0.00 0.00 0.00 0.00 0.00 0.00 0.00 0.00 0.00 0.00 0.00 0.00 0.00 0.00 0.00 0.00 0.00 0.00 0.00 0.00 0.00 0.00 0.00 0.00 0.00 0.00 0.00 0.00 0.00 0.00 0.00 0.00 0.00 0.00 0.00 0.00 0.00 0.00 0.00 0.00 0.00 0.00 0.00 0.00 0.00 0.00 0.00 0.00 0.00 0.00 0.00 0.00 0.00 0.00 0.00 0.00 0.00 0.00 0.00 0.00 0.00 0.00 0.00 0.00 0.00 0.00 0.00 0.00 0.00 0.00 0.00 0.00 0.00 0.00 0.00 0.00 0.00 0.00 0.00 0.00 0.00 0.00 0.00 0.00 0.00 0.00 0.00 0.00 0.00 0.00 0.00 0.00 0.00 0.00 0.00 0.00 0.00 0.00 0.00 0.00 0.00 0.00 0.00 0.00 0.00 0.00 0.00 0.00 0.00 0.00 0.00 0.00 0.00 0.00 0.00 0.00 0.00 0.00 0.00 0.00 0.00 0.00 0.00 0.00 0.00 0.00 0.00 0.00 0.00 0.00 0.00 0.00 0.00 0.00 0.00 0.00 0.00 0.00 0.00 0.00 0.00 0.00 0.00 0.00 0.00 0.00 0.00 0.00 0.00 0.00 0.00 0.00 0.00 0.00 0.00 0.00 0.00 0.00 0.00 0.00 0.00 0.00 0.00 0.00 0.00 0.00 0.00 0.00 0.00 0.00 0.00 0.00 0.00 0.00 0.00 0.00 0.00 0.00 0.00 0.00 0.00 0.00 0.00 0.00 0.00 0.00 0.00 0.00 0.00 0.00 0.00 0.00 0.00 0.00 0.00 0.00 0.00 0.00 0.00 0.00 0.00 0.00 0.00 0.00 0.00 0.00 0.00 0.00 0.00 0.00 0.00 0.00 0.00 0.00 0.00 0.00 0.00 0.00 0.00 0.00 0.00 0.00 0.00 0.00 0.00 0.00 0.00 0.00 0.00 0.00 0.00 0.00 0.00 0.00 0.00 0.00 0.00 0.00 0.00 0.00 0.00 0.00 0.00 0.00 0.00 0.00 0.00 0.00 0.00 0.00 0.00 0.00 0.00 0.00 0.00 0.00 0.00 0.00 0.00 0.00 0.00 0.00 0.00 0.00 0.00 0.00 0.00 0.00 0.00 0.00
height.size=8432
height.data=6.61 191.61 376.54 561.36 746.00 930.41 1114.54 1298.33 1481.72 1664.66 1847.08 2028.95 2210.19 2390.76 2570.60 2749.65 2927.86 3105.19 3281.56 3456.93 3631.25 3804.46 3976.51 4147.35 4316.93 4485.18 4652.07 4817.55 4981.55 5144.04 5304.96 5464.26 5621.90 5777.82 6.74 193.48 380.16 566.71 753.10 939.25 1125.12 1310.64 1495.76 1680.42 1864.57 2048.15 2231.10 2413.37 2594.91 2775.65 2955.54 3134.54 3312.57 3489.60 3665.56 3840.41 4014.08 4186.53 4357.70 4527.55 4696.01 4863.05 5028.60 5192.61 5355.05 5515.86 5674.98 5832.37 6.87 195.35 383.77 572.07 760.20 948.09 1135.70 1322.95 1509.80 1696.19 1882.06 2067.35 2252.01 2435.99 2619.22 2801.65 2983.23 3163.89 3343.59 3522.27 3699.88 3876.35 4051.65 4225.71 4398.48 4569.91 4739.95 4908.54 5075.64 5241.19 5405.15 5567.45 5728.06 5886.93 6.99 197.22 387.39 577.44 767.30 956.94 1146.28 1335.26 1523.84 1711.96 1899.55 2086.55 2272.93 2458.60 2643.53 2827.65 3010.91 3193.24 3374.61 3554.94 3734.19 3912.30 4089.22 4264.89 4439.26 4612.28 4783.89 4954.05 5122.69 5289.77 5455.24 5619.05 5781.15 5941.48 7.12 199.10 391.01 582.80 774.41 965.78 1156.86 1347.58 1537.89 1727.73 1917.04 2105.76 2293.84 2481.22 2667.84 2853.65 3038.59 3222.60 3405.63 3587.61 3768.51 3948.25 4126.79 4304.07 4480.04 4654.65 4827.83 4999.55 5169.74 5338.35 5505.34 5670.65 5834.23 5996.04 7.25 200.97 394.63 588.16 781.51 974.63 1167.44 1359.89 1551.93 1743.50 1934.53 2124.97 2314.76 2503.84 2692.16 2879.66 3066.27 3251.96 3436.65 3620.29 3802.82 3984.20 4164.36 4343.26 4520.83 4697.02 4871.77 5045.05 5216.78 5386.93 5555.44 5722.25 5887.32 6050.59 7.38 202.85 398.25 593.53 788.62 983.47 1178.02 1372.21 1565.98 1759.27 1952.02 2144.17 2335.67 2526.46 2716.47 2905.66 3093.96 3281.31 3467.67 3652.96 3837.14 4020.15 4201.94 4382.44 4561.61 4739.39 4915.72 5090.55 5263.83 5435.51 5605.53 5773.85 5940.40 6105.15 7.52 204.73 401.87 598.89 795.73 992.32 1188.60 1384.53 1580.02 1775.04 1969.51 2163.38 2356.59 2549.08 2740.79 2931.67 3121.64 3310.67 3498.69 3685.64 3871.46 4056.11 4239.51 4421.63 4602.39 4781.76 4959.66 5136.06 5310.88 5484.09 5655.63 5825.45 5993.49 6159.70 7.65 206.60 405.49 604.26 802.84 1001.17 1199.19 1396.85 1594.07 1790.81 1987.01 2182.59 2377.51 2571.70 2765.11 2957.67 3149.33 3340.03 3529.71 3718.31 3905.78 4092.06 4277.09 4460.81 4643.18 4824.13 5003.61 5181.56 5357.94 5532.68 5705.73 5877.05 6046.58 6214.26 7.78 208.48 409.12 609.63 809.95 1010.02 1209.78 1409.16 1608.12 1806.59 2004.50 2201.80 2398.43 2594.33 2789.43 2983.68 3177.02 3369.39 3560.73 3750.99 3940.10 4128.01 4314.66 4500.00 4683.96 4866.50 5047.55 5227.07 5404.99 5581.26 5755.83 5928.65 6099.67 6268.82 7.92 210.37 412.74 615.00 817.06 1018.87 1220.36 1421.49 1622.17 1822.36 2022.00 2221.01 2419.35 2616.95 2813.75 3009.69 3204.71 3398.75 3591.76 3783.67 3974.42 4163.97 4352.24 4539.19 4724.75 4908.87 5091.50 5272.57 5452.04 5629.85 5805.94 5980.26 6152.76 6323.38 8.06 212.25 416.37 620.37 824.17 1027.72 1230.95 1433.81 1636.23 1838.14 2039.50 2240.23 2440.27 2639.57 2838.07 3035.70 3232.40 3428.11 3622.78 3816.35 4008.75 4199.92 4389.82 4578.38 4765.54 4951.25 5135.45 5318.08 5499.09 5678.43 5856.04 6031.86 6205.85 6377.94 8.20 214.13 420.00 625.74 831.28 1036.57 1241.54 1446.13 1650.28 1853.92 2057.00 2259.44 2461.20 2662.20 2862.39 3061.71 3260.09 3457.48 3653.81 3849.03 4043.07 4235.88 4427.40 4617.57 4806.33 4993.62 5179.40 5363.59 5546.15 5727.02 5906.14 6083.47 6258.94 6432.50 8.34 216.02 423.63 631.11 838.40 1045.42 1252.13 1458.46 1664.33 1869.70 2074.50 2278.66 2482.12 2684.83 2886.72 3087.72 3287.78 3486.84 3684.84 3881.71 4077.40 4271.84 4464.98 4656.76 4847.12 5036.00 5223.35 5409.10 5593.21 5775.61 5956.25 6135.07 6312.03 6487.06 8.48 217.90 427.26 636.48 845.51 1054.28 1262.72 1470.78 1678.39 1885.48 2092.00 2297.87 2503.05 2707.46 2911.04 3113.73 3315.48 3516.21 3715.87 3914.39 4111.72 4307.80 4502.56 4695.95 4887.91 5078.38 5267.30 5454.61 5640.26 5824.19 6006.35 6186.68 6365.12 6541.63 8.62 219.79 430.89 641.86 852.63 1063.14 1273.32 1483.11 1692.44 1901.26 2109.50 2317.09 2523.97 2730.09 2935.37 3139.75 3343.17 3545.58 3746.90 3947.08 4146.05 4343.76 4540.14 4735.14 4928.70 5120.76 5311.25 5500.12 5687.32 5872.78 6056.46 6238.29 6418.22 6596.19 8.76 221.68 434.52 647.23 859.75 1071.99 1283.91 1495.44 1706.50 1917.04 2127.00 2336.31 2544.90 2752.72 2959.69 3165.76 3370.87 3574.94 3777.93 3979.76 4180.38 4379.72 4577.73 4774.34 4969.49 5163.13 5355.20 5545.63 5734.38 5921.37 6106.57 6289.90 6471.31 6650.75 8.90 223.57 438.16 652.61 866.87 1080.85 1294.51 1507.76 1720.56 1932.83 2144.51 2355.53 2565.83 2775.35 2984.02 3191.78 3398.56 3604.31 3808.96 4012.45 4214.71 4415.68 4615.31 4813.53 5010.29 5205.51 5399.15 5591.15 5781.44 5969.97 6156.67 6341.51 6524.41 6705.32 9.05 225.46 441.79 657.99 873.99 1089.71 1305.10 1520.09 1734.62 1948.61 2162.01 2374.75 2586.76 2797.98 3008.35 3217.80 3426.26 3633.68 3839.99 4045.13 4249.04 4451.65 4652.90 4852.73 5051.08 5247.90 5443.11 5636.66 5828.50 6018.56 6206.78 6393.12 6577.50 6759.88 9.20 227.35 445.43 663.37 881.11 1098.57 1315.70 1532.43 1748.68 1964.40 2179.52 2393.97 2607.69 2820.62 3032.68 3243.82 3453.96 3663.05 3871.03 4077.82 4283.37 4487.61 4690.48 4891.93 5091.88 5290.28 5487.06 5682.18 5875.56 6067.15 6256.89 6444.73 6630.60 6814.45 9.34 229.24 449.07 668.75 888.23 1107.43 1326.30 1544.76 1762.74 1980.19 2197.03 2413.20 2628.63 2843.25 3057.01 3269.84 3481.66 3692.43 3902.06 4110.51 4317.70 4523.58 4728.07 4931.13 5132.68 5332.66 5531.02 5727.69 5922.62 6115.74 6307.00 6496.34 6683.70 6869.02 9.49 231.14 452.71 674.13 895.35 1116.30 1336.90 1557.09 1776.81 1995.98 2214.54 2432.42 2649.56 2865.89 3081.34 3295.86 3509.36 3721.80 3933.10 4143.20 4352.03 4559.54 4765.66 4970.32 5173.47 5375.04 5574.98 5773.21 5969.68 6164.34 6357.11 6547.95 6736.80 6923.59 9.64 233.03 456.34 679.52 902.48 1125.16 1347.50 1569.43 1790.87 2011.77 2232.05 2451.65 2670.49 2888.53 3105.68 3321.88 3537.07 3751.17 3964.14 4175.89 4386.37 4595.51 4803.25 5009.52 5214.27 5417.43 5618.94 5818.73 6016.75 6212.93 6407.23 6599.57 6789.90 6978.16 9.79 234.93 459.99 684.90 909.60 1134.03 1358.10 1581.76 1804.94 2027.56 2249.56 2470.87 2691.43 2911.16 3130.01 3347.90 3564.77 3780.55 3995.17 4208.58 4420.70 4631.48 4840.84 5048.73 5255.07 5459.82 5662.90 5864.25 6063.81 6261.53 6457.34 6651.18 6843.00 7032.73 9.95 236.83 463.63 690.29 916.73 1142.90 1368.71 1594.10 1819.00 2043.35 2267.07 2490.10 2712.37 2933.80 3154.35 3373.92 3592.47 3809.93 4026.21 4241.27 4455.04 4667.45 4878.43 5087.93 5295.87 5502.20 5706.86 5909.77 6110.88 6310.13 6507.45 6702.80 6896.10 7087.30 10.10 238.72 467.27 695.67 923.86 1151.76 1379.31 1606.44 1833.07 2059.14 2284.58 2509.33 2733.30 2956.45 3178.68 3399.95 3620.18 3839.30 4057.25 4273.97 4489.38 4703.42 4916.02 5127.13 5336.67 5544.59 5750.82 5955.29 6157.95 6358.73 6557.57 6754.41 6949.20 7141.87 10.26 240.62 470.92 701.06 930.99 1160.63 1389.92 1618.78 1847.14 2074.94 2302.10 2528.56 2754.24 2979.09 3203.02 3425.98 3647.89 3868.68 4088.30 4306.66 4523.72 4739.39 4953.62 5166.34 5377.48 5586.98 5794.78 6000.81 6205.01 6407.33 6607.69 6806.03 7002.30 7196.44 10.41 242.53 474.56 706.45 938.12 1169.50 1400.52 1631.12 1861.21 2090.73 2319.62 2547.79 2775.18 3001.73 3227.36 3452.00 3675.59 3898.06 4119.34 4339.36 4558.06 4775.36 4991.21 5205.54 5418.28 5629.37 5838.74 6046.33 6252.08 6455.93 6657.80 6857.65 7055.41 7251.02 10.57 244.43 478.21 711.84 945.25 1178.37 1411.13 1643.46 1875.28 2106.53 2337.13 2567.02 2796.13 3024.37 3251.70 3478.03 3703.30 3927.44 4150.38 4372.06 4592.40 4811.34 5028.81 5244.75 5459.09 5671.76 5882.71 6091.86 6299.15 6504.53 6707.92 6909.27 7108.51 7305.59 10.73 246.33 481.86 717.23 952.39 1187.25 1421.74 1655.80 1889.35 2122.33 2354.65 2586.26 2817.07 3047.02 3276.04 3504.06 3731.01 3956.82 4181.43 4404.76 4626.74 4847.31 5066.41 5283.95 5499.89 5714.15 5926.67 6137.38 6346.22 6553.13 6758.04 6960.89 7161.62 7360.17 10.89 248.24 485.51 722.63 959.52 1196.12 1432.35 1668.15 1903.43 2138.13 2372.17 2605.49 2838.01 3069.67 3300.38 3530.09 3758.72 3986.21 4212.47 4437.45 4661.08 4883.29 5104.00 5323.16 5540.70 5756.54 5970.64 6182.91 6393.29 6601.73 6808.16 7012.51 7214.72 7414.74 11.05 250.14 489.16 728.02 966.66 1205.00 1442.96 1680.49 1917.50 2153.93 2389.69 2624.73 2858.96 3092.31 3324.73 3556.12 3786.44 4015.59 4243.52 4470.16 4695.43 4919.26 5141.60 5362.37 5581.51 5798.94 6014.60 6228.43 6440.37 6650.34 6858.28 7064.13 7267.83 7469.32 11.21 252.05 492.81 733.41 973.79 1213.87 1453.58 1692.84 1931.58 2169.73 2407.21 2643.96 2879.90 3114.96 3349.07 3582.16 3814.15 4044.98 4274.57 4502.86 4729.77 4955.24 5179.20 5401.58 5622.31 5841.33 6058.57 6273.96 6487.44 6698.94 6908.40 7115.75 7320.94 7523.90 11.37 253.96 496.46 738.81 980.93 1222.75 1464.19 1705.19 1945.66 2185.53 2424.74 2663.20 2900.85 3137.61 3373.42 3608.19 3841.86 4074.36 4305.62 4535.56 4764.12 4991.22 5216.80 5440.79 5663.12 5883.73 6102.54 6319.49 6534.51 6747.55 6958.52 7167.38 7374.05 7578.47 11.54 255.87 500.11 744.21 988.07 1231.63 1474.81 1717.53 1959.73 2201.33 2442.26 2682.44 2921.80 3160.26 3397.76 3634.23 3869.58 4103.75 4336.67 4568.26 4798.46 5027.20 5254.40 5480.00 5703.93 5926.13 6146.51 6365.02 6581.59 6796.15 7008.65 7219.00 7427.16 7633.05 11.70 257.78 503.77 749.61 995.21 1240.51 1485.42 1729.88 1973.81 2217.14 2459.79 2701.68 2942.75 3182.92 3422.11 3660.26 3897.29 4133.14 4367.72 4600.97 4832.81 5063.18 5292.01 5519.22 5744.75 5968.52 6190.48 6410.55 6628.66 6844.76 7058.77 7270.63 7480.27 7687.63 11.87 259.69 507.43 755.01 1002.35 1249.39 1496.04 1742.23 1987.89 2232.94 2477.31 2720.92 2963.70 3205.57 3446.46 3686.30 3925.01 4162.53 4398.77 4633.67 4867.16 5099.16 5329.61 5558.43 5785.56 6010.92 6234.45 6456.08 6675.74 6893.37 7108.89 7322.25 7533.38 7742.21 12.04 261.60 511.08 760.41 1009.49 1258.27 1506.66 1754.59 2001.98 2248.75 2494.84 2740.16 2984.65 3228.22 3470.81 3712.34 3952.73 4191.92 4429.82 4666.38 4901.51 5135.15 5367.22 5597.65 5826.37 6053.32 6278.42 6501.61 6722.82 6941.98 7159.02 7373.88 7586.49 7796.80 12.21 263.52 514.74 765.81 1016.64 1267.15 1517.28 1766.94 2016.06 2264.56 2512.37 2759.41 3005.60 3250.88 3495.16 3738.38 3980.45 4221.31 4460.88 4699.09 4935.86 5171.13 5404.82 5636.86 5867.19 6095.72 6322.40 6547.15 6769.90 6990.59 7209.15 7425.51 7639.61 7851.38 12.38 265.43 518.40 771.21 1023.78 1276.04 1527.90 1779.29 2030.14 2280.37 2529.90 2778.65 3026.56 3273.53 3519.51 3764.42 4008.17 4250.70 4491.93 4731.80 4970.21 5207.11 5442.43 5676.08 5908.00 6138.12 6366.37 6592.68 6816.98 7039.20 7259.27 7477.14 7692.72 7905.96 12.55 267.35 522.06 776.62 1030.93 1284.92 1538.52 1791.65 2044.23 2296.18 2547.43 2797.90 3047.51 3296.19 3543.87 3790.46 4035.89 4280.10 4522.99 4764.51 5004.57 5243.10 5480.04 5715.30 5948.82 6180.52 6410.35 6638.21 6864.06 7087.81 7309.40 7528.77 7745.84 7960.55 12.72 269.27 525.73 782.02 1038.08 1293.81 1549.15 1804.01 2058.31 2311.99 2564.96 2817.14 3068.47 3318.85 3568.22 3816.50 4063.62 4309.49 4554.05 4797.22 5038.92 5279.09 5517.64 5754.52 5989.64 6222.93 6454.32 6683.75 6911.14 7136.42 7359.53 7580.40 7798.95 8015.13 12.89 271.18 529.39 787.43 1045.22 1302.70 1559.77 1816.36 2072.40 2327.80 2582.49 2836.39 3089.42 3341.51 3592.58 3842.55 4091.34 4338.89 4585.11 4829.93 5073.28 5315.08 5555.25 5793.74 6030.45 6265.33 6498.30 6729.29 6958.22 7185.04 7409.66 7632.03 7852.07 8069.72 13.07 273.10 533.05 792.84 1052.37 1311.59 1570.40 1828.72 2086.49 2343.62 2600.03 2855.64 3110.38 3364.17 3616.93 3868.59 4119.07 4368.28 4616.17 4862.64 5107.63 5351.06 5592.86 5832.96 6071.27 6307.74 6542.28 6774.82 7005.31 7233.65 7459.79 7683.66 7905.19 8124.30 13.24 275.03 536.72 798.25 1059.52 1320.48 1581.02 1841.08 2100.58 2359.43 2617.56 2874.89 3131.34 3386.83 3641.29 3894.64 4146.79 4397.68 4647.23 4895.36 5141.99 5387.05 5630.48 5872.18 6112.09 6350.14 6586.26 6820.36 7052.39 7282.27 7509.92 7735.29 7958.30 8178.89 13.42 276.95 540.39 803.66 1066.68 1329.37 1591.65 1853.45 2114.67 2375.25 2635.10 2894.14 3152.30 3409.50 3665.65 3920.68 4174.52 4427.08 4678.29 4928.07 5176.35 5423.05 5668.09 5911.40 6152.92 6392.55 6630.24 6865.90 7099.47 7330.88 7560.06 7786.93 8011.42 8233.48 13.60 278.87 544.05 809.07 1073.83 1338.26 1602.28 1865.81 2128.76 2391.07 2652.64 2913.40 3173.26 3432.16 3690.01 3946.73 4202.25 4456.48 4709.35 4960.79 5210.71 5459.04 5705.70 5950.63 6193.74 6434.96 6674.22 6911.44 7146.56 7379.50 7610.19 7838.56 8064.54 8288.07 13.78 280.80 547.72 814.48 1080.98 1347.15 1612.91 1878.17 2142.86 2406.88 2670.18 2932.65 3194.23 3454.83 3714.37 3972.78 4229.98 4485.88 4740.42 4993.50 5245.07 5495.03 5743.32 5989.85 6234.56 6477.37 6718.20 6956.98 7193.65 7428.12 7660.32 7890.20 8117.66 8342.66 13.96 282.72 551.39 819.89 1088.14 1356.05 1623.54 1890.54 2156.95 2422.70 2687.72 2951.90 3215.19 3477.49 3738.73 3998.83 4257.71 4515.28 4771.48 5026.22 5279.43 5531.03 5780.93 6029.08 6275.39 6519.78 6762.18 7002.53 7240.74 7476.74 7710.46 7941.83 8170.79 8397.25 14.14 284.65 555.07 825.31 1095.30 1364.95 1634.18 1902.90 2171.05 2438.53 2705.26 2971.16 3236.16 3500.16 3763.10 4024.88 4285.44 4544.69 4802.55 5058.94 5313.79 5567.02 5818.55 6068.31 6316.21 6562.19 6806.17 7048.07 7287.82 7525.36 7760.60 7993.47 8223.91 8451.84 14.32 286.58 558.74 830.72 1102.45 1373.84 1644.81 1915.27 2185.14 2454.35 2722.80 2990.42 3257.12 3522.83 3787.46 4050.94 4313.17 4574.09 4833.61 5091.66 5348.15 5603.02 5856.17 6107.53 6357.04 6604.60 6850.15 7093.61 7334.91 7573.98 7810.73 8045.11 8277.03 8506.43 14.51 288.51 562.41 836.14 1109.61 1382.74 1655.44 1927.64 2199.24 2470.17 2740.34 3009.68 3278.09 3545.50 3811.83 4076.99 4340.91 4603.50 4864.68 5124.38 5382.52 5639.01 5893.79 6146.76 6397.86 6647.01 6894.14 7139.16 7382.00 7622.60 7860.87 8096.75 8330.16 8561.03 14.69 290.44 566.09 841.56 1116.77 1391.64 1666.08 1940.01 2213.34 2485.99 2757.89 3028.94 3299.06 3568.17 3836.19 4103.04 4368.64 4632.90 4895.75 5157.11 5416.89 5675.01 5931.41 6185.99 6438.69 6689.43 6938.12 7184.71 7429.10 7671.22 7911.01 8148.39 8383.28 8615.62 14.88 292.37 569.76 846.98 1123.93 1400.54 1676.72 1952.38 2227.44 2501.82 2775.43 3048.20 3320.03 3590.84 3860.56 4129.10 4396.38 4662.31 4926.82 5189.83 5451.25 5711.01 5969.03 6225.22 6479.52 6731.84 6982.11 7230.25 7476.19 7719.85 7961.15 8200.03 8436.41 8670.22 15.07 294.30 573.44 852.40 1131.10 1409.44 1687.36 1964.75 2241.54 2517.65 2792.98 3067.46 3341.00 3613.52 3884.93 4155.16 4424.11 4691.72 4957.89 5222.55 5485.62 5747.01 6006.65 6264.46 6520.35 6774.26 7026.10 7275.80 7523.28 7768.47 8011.29 8251.67 8489.53 8724.81 15.26 296.24 577.12 857.82 1138.26 1418.35 1698.00 1977.12 2255.64 2533.47 2810.53 3086.72 3361.97 3636.19 3909.30 4181.21 4451.85 4721.13 4988.97 5255.28 5519.99 5783.01 6044.27 6303.69 6561.18 6816.68 7070.09 7321.35 7570.38 7817.10 8061.43 8303.31 8542.66 8779.41 15.45 298.17 580.80 863.25 1145.42 1427.25 1708.64 1989.50 2269.75 2549.30 2828.08 3105.99 3382.94 3658.87 3933.67 4207.27 4479.59 4750.54 5020.04 5288.01 5554.36 5819.01 6081.90 6342.92 6602.02 6859.09 7114.08 7366.90 7617.47 7865.72 8111.57 8354.96 8595.79 8834.01 15.64 300.11 584.48 868.67 1152.59 1436.16 1719.28 2001.87 2283.85 2565.13 2845.63 3125.25 3403.92 3681.54 3958.04 4233.33 4507.33 4779.95 5051.11 5320.73 5588.73 5855.02 6119.52 6382.16 6642.85 6901.51 7158.07 7412.45 7664.57 7914.35 8161.72 8406.60 8648.92 8888.60 15.83 302.05 588.16 874.10 1159.76 1445.06 1729.92 2014.25 2297.96 2580.96 2863.18 3144.52 3424.89 3704.22 3982.42 4259.40 4535.07 4809.37 5082.19 5353.46 5623.10 5891.02 6157.15 6421.39 6683.68 6943.93 7202.06 7458.00 7711.66 7962.98 8211.86 8458.24 8702.05 8943.20 16.02 303.98 591.85 879.52 1166.93 1453.97 1740.57 2026.63 2312.07 2596.80 2880.73 3163.78 3445.87 3726.90 4006.79 4285.46 4562.82 4838.78 5113.27 5386.19 5657.47 5927.03 6194.77 6460.63 6724.52 6986.35 7246.06 7503.55 7758.76 8011.61 8262.01 8509.89 8755.18 8997.80 16.22 305.92 595.53 884.95 1174.10 1462.88 1751.21 2039.01 2326.17 2612.63 2898.28 3183.05 3466.85 3749.58 4031.17 4311.52 4590.56 4868.19 5144.34 5418.92 5691.85 5963.03 6232.40 6499.87 6765.35 7028.77 7290.05 7549.11 7805.86 8060.24 8312.15 8561.54 8808.31 9052.40 16.42 307.87 599.22 890.38 1181.27 1471.79 1761.86 2051.39 2340.28 2628.46 2915.84 3202.32 3487.82 3772.26 4055.54 4337.59 4618.30 4897.61 5175.42 5451.65 5726.22 5999.04 6270.03 6539.11 6806.19 7071.20 7334.05 7594.66 7852.96 8108.87 8362.30 8613.18 8861.45 9107.01 16.61 309.81 602.90 895.81 1188.44 1480.70 1772.51 2063.77 2354.39 2644.30 2933.40 3221.59 3508.80 3794.94 4079.92 4363.65 4646.05 4927.03 5206.50 5484.39 5760.60 6035.05 6307.66 6578.35 6847.03 7113.62 7378.04 7640.22 7900.06 8157.50 8412.45 8664.83 8914.58 9161.61 16.81 311.75 606.59 901.24 1195.61 1489.61 1783.15 2076.15 2368.51 2660.14 2950.95 3240.86 3529.79 3817.63 4104.30 4389.72 4673.80 4956.45 5237.58 5517.12 5794.97 6071.06 6345.29 6617.59 6887.87 7156.05 7422.04 7685.77 7947.16 8206.13 8462.60 8716.48 8967.71 9216.21 17.01 313.70 610.28 906.67 1202.79 1498.53 1793.81 2088.53 2382.62 2675.98 2968.51 3260.14 3550.77 3840.31 4128.68 4415.79 4701.54 4985.87 5268.67 5549.86 5829.35 6107.07 6382.92 6656.83 6928.71 7198.47 7466.04 7731.33 7994.27 8254.76 8512.75 8768.13 9020.85 9270.82 17.21 315.64 613.97 912.11 1209.96 1507.44 1804.46 2100.92 2396.73 2691.81 2986.07 3279.41 3571.75 3863.00 4153.06 4441.86 4729.29 5015.29 5299.75 5582.59 5863.73 6143.08 6420.56 6696.07 6969.55 7240.90 7510.04 7776.89 8041.37 8303.40 8562.90 8819.78 9073.98 9325.42 17.41 317.59 617.66 917.54 1217.14 1516.36 1815.11 2113.30 2410.85 2707.65 3003.63 3298.69 3592.73 3885.68 4177.44 4467.93 4757.04 5044.71 5330.83 5615.33 5898.11 6179.09 6458.19 6735.32 7010.39 7283.32 7554.04 7822.45 8088.47 8352.03 8613.05 8871.44 9127.12 9380.03 17.62 319.54 621.35 922.98 1224.32 1525.27 1825.76 2125.69 2424.96 2723.50 3021.19 3317.96 3613.72 3908.37 4201.83 4494.00 4784.79 5074.13 5361.92 5648.07 5932.49 6215.11 6495.83 6774.56 7051.23 7325.75 7598.04 7868.01 8135.58 8400.67 8663.20 8923.09 9180.26 9434.63 17.82 321.49 625.05 928.42 1231.49 1534.19 1836.42 2138.08 2439.08 2739.34 3038.76 3337.24 3634.71 3931.06 4226.21 4520.07 4812.55 5103.56 5393.00 5680.81 5966.88 6251.12 6533.46 6813.81 7092.08 7368.18 7642.04 7913.57 8182.68 8449.31 8713.35 8974.74 9233.40 9489.24 18.03 323.44 628.74 933.85 1238.67 1543.11 1847.07 2150.47 2453.20 2755.18 3056.32 3356.52 3655.69 3953.75 4250.60 4546.14 4840.30 5132.98 5424.09 5713.55 6001.26 6287.14 6571.10 6853.06 7132.92 7410.61 7686.04 7959.13 8229.79 8497.94 8763.51 9026.40 9286.54 9543.85 18.23 325.39 632.44 939.29 1245.86 1552.03 1857.73 2162.86 2467.32 2771.03 3073.88 3375.80 3676.68 3976.44 4274.98 4572.22 4868.06 5162.41 5455.18 5746.29 6035.64 6323.16 6608.74 6892.30 7173.77 7453.04 7730.05 8004.69 8276.90 8546.58 8813.66 9078.05 9339.68 9598.46 18.44 327.34 636.14 944.73 1253.04 1560.95 1868.39 2175.25 2481.44 2786.87 3091.45 3395.08 3697.67 3999.13 4299.37 4598.29 4895.81 5191.83 5486.27 5779.03 6070.03 6359.17 6646.38 6931.55 7214.62 7495.48 7774.05 8050.26 8324.01 8595.22 8863.82 9129.71 9392.82 9653.07 18.65 329.30 639.84 950.18 1260.22 1569.88 1879.05 2187.64 2495.56 2802.72 3109.02 3414.36 3718.66 4021.83 4323.76 4624.37 4923.57 5221.26 5517.36 5811.77 6104.41 6395.19 6684.02 6970.80 7255.46 7537.91 7818.06 8095.82 8371.12 8643.86 8913.97 9181.37 9445.96 9707.68 18.86 331.25 643.54 955.62 1267.41 1578.80 1889.71 2200.04 2509.69 2818.57 3126.59 3433.65 3739.66 4044.52 4348.15 4650.45 4951.33 5250.69 5548.45 5844.52 6138.80 6431.21 6721.66 7010.05 7296.31 7580.34 7862.06 8141.39 8418.23 8692.50 8964.13 9233.02 9499.10 9762.29 19.07 333.21 647.24 961.06 1274.59 1587.73 1900.37 2212.43 2523.81 2834.42 3144.16 3452.93 3760.65 4067.22 4372.54 4676.53 4979.08 5280.12 5579.54 5877.26 6173.19 6467.23 6759.30 7049.31 7337.16 7622.78 7906.07 8186.95 8465.34 8741.15 9014.29 9284.68 9552.25 9816.90 19.28 335.17 650.94 966.51 1281.78 1596.65 1911.03 2224.83 2537.94 2850.27 3161.73 3472.22 3781.64 4089.91 4396.93 4702.61 5006.84 5309.55 5610.64 5910.01 6207.58 6503.25 6796.94 7088.56 7378.01 7665.22 7950.08 8232.52 8512.45 8789.79 9064.45 9336.34 9605.39 9871.51 19.50 337.12 654.64 971.96 1288.97 1605.58 1921.70 2237.22 2552.06 2866.12 3179.30 3491.50 3802.64 4112.61 4421.32 4728.69 5034.60 5338.98 5641.73 5942.76 6241.97 6539.28 6834.59 7127.81 7418.86 7707.65 7994.09 8278.09 8559.57 8838.43 9114.61 9388.00 9658.54 9926.13 19.71 339.08 658.35 977.40 1296.16 1614.51 1932.36 2249.62 2566.19 2881.97 3196.87 3510.79 3823.64 4135.31 4445.72 4754.77 5062.37 5368.42 5672.83 5975.51 6276.36 6575.30 6872.23 7167.07 7459.72 7750.09 8038.10 8323.66 8606.68 8887.08 9164.77 9439.66 9711.68 9980.74 19.93 341.05 662.05 982.85 1303.35 1623.44 1943.03 2262.02 2580.32 2897.83 3214.45 3530.08 3844.63 4158.01 4470.11 4780.85 5090.13 5397.85 5703.93 6008.26 6310.75 6611.33 6909.88 7206.32 7500.57 7792.53 8082.11 8369.23 8653.80 8935.72 9214.93 9491.33 9764.83 10035.36 20.14 343.01 665.76 988.30 1310.54 1632.37 1953.70 2274.42 2594.45 2913.68 3232.02 3549.37 3865.63 4180.71 4494.51 4806.94 5117.89 5427.29 5735.02 6041.01 6345.15 6647.35 6947.53 7245.58 7541.43 7834.97 8126.12 8414.80 8700.91 8984.37 9265.09 9542.99 9817.98 10089.97 20.36 344.97 669.47 993.75 1317.73 1641.30 1964.37 2286.83 2608.58 2929.54 3249.60 3568.66 3886.63 4203.41 4518.91 4833.02 5145.66 5456.72 5766.12 6073.76 6379.54 6683.38 6985.17 7284.84 7582.28 7877.41 8170.14 8460.37 8748.03 9033.02 9315.26 9594.65 9871.13 10144.59 20.58 346.94 673.18 999.21 1324.93 1650.23 1975.04 2299.23 2622.71 2945.40 3267.18 3587.95 3907.63 4226.12 4543.31 4859.11 5173.43 5486.16 5797.22 6106.51 6413.94 6719.41 7022.82 7324.10 7623.14 7919.85 8214.15 8505.95 8795.15 9081.67 9365.42 9646.32 9924.28 10199.21 20.80 348.90 676.89 1004.66 1332.12 1659.17 1985.71 2311.63 2636.85 2961.26 3284.75 3607.25 3928.63 4248.82 4567.71 4885.20 5201.19 5515.60 5828.32 6139.27 6448.33 6755.43 7060.47 7363.36 7664.00 7962.30 8258.17 8551.52 8842.27 9130.32 9415.59 9697.98 9977.43 10253.83 21.03 350.87 680.60 1010.11 1339.32 1668.11 1996.38 2324.04 2650.98 2977.12 3302.33 3626.54 3949.64 4271.53 4592.11 4911.29 5228.96 5545.04 5859.43 6172.02 6482.73 6791.46 7098.12 7402.62 7704.85 8004.74 8302.18 8597.10 8889.39 9178.97 9465.75 9749.65 10030.58 10308.45 21.25 352.84 684.31 1015.57 1346.51 1677.04 2007.05 2336.44 2665.12 2992.98 3319.92 3645.84 3970.64 4294.23 4616.51 4937.38 5256.73 5574.48 5890.53 6204.78 6517.13 6827.50 7135.78 7441.88 7745.71 8047.18 8346.20 8642.67 8936.51 9227.62 9515.92 9801.32 10083.73 10363.07 21.47 354.81 688.03 1021.03 1353.71 1685.98 2017.73 2348.85 2679.26 3008.84 3337.50 3665.13 3991.65 4316.94 4640.91 4963.47 5284.50 5603.92 5921.63 6237.53 6551.53 6863.53 7173.43 7481.14 7786.57 8089.63 8390.22 8688.25 8983.63 9276.27 9566.09 9852.99 10136.88 10417.69 21.70 356.78 691.74 1026.49 1360.91 1694.92 2028.40 2361.26 2693.39 3024.70 3355.08 3684.43 4012.65 4339.65 4665.32 4989.56 5312.27 5633.37 5952.74 6270.29 6585.93 6899.56 7211.08 7520.41 7827.44 8132.08 8434.24 8733.83 9030.75 9324.92 9616.26 9904.65 10190.04 10472.31 21.92 358.75 695.46 1031.95 1368.11 1703.86 2039.08 2373.67 2707.53 3040.57 3372.67 3703.73 4033.66 4362.36 4689.72 5015.65 5340.05 5662.81 5983.85 6303.05 6620.33 6935.59 7248.74 7559.67 7868.30 8174.52 8478.26 8779.40 9077.88 9373.58 9666.42 9956.32 10243.19 10526.94 22.15 360.72 699.17 1037.41 1375.32 1712.80 2049.76 2386.08 2721.67 3056.43 3390.25 3723.03 4054.67 4385.07 4714.13 5041.75 5367.82 5692.26 6014.95 6335.81 6654.74 6971.63 7286.40 7598.94 7909.16 8216.97 8522.28 8824.98 9125.00 9422.23 9716.60 10008.00 10296.35 10581.56 22.38 362.70 702.89 1042.87 1382.52 1721.74 2060.44 2398.50 2735.82 3072.30 3407.84 3742.33 4075.68 4407.78 4738.54 5067.84 5395.60 5721.70 6046.06 6368.57 6689.14 7007.67 7324.05 7638.20 7950.03 8259.42 8566.30 8870.56 9172.13 9470.89 9766.77 10059.67 10349.50 10636.18 22.61 364.67 706.61 1048.33 1389.72 1730.69 2071.12 2410.91 2749.96 3088.17 3425.43 3761.64 4096.69 4430.50 4762.95 5093.94 5423.37 5751.15 6077.17 6401.34 6723.55 7043.70 7361.71 7677.47 7990.89 8301.87 8610.32 8916.15 9219.25 9519.55 9816.94 10111.34 10402.66 10690.81 22.84 366.65 710.33 1053.80 1396.93 1739.63 2081.80 2423.32 2764.10 3104.03 3443.01 3780.94 4117.71 4453.21 4787.36 5120.04 5451.15 5780.60 6108.28 6434.10 6757.95 7079.74 7399.37 7716.74 8031.76 8344.32 8654.35 8961.73 9266.38 9568.20 9867.11 10163.01 10455.82 10745.44 23.08 368.63 714.06 1059.26 1404.14 1748.58 2092.48 2435.74 2778.25 3119.91 3460.60 3800.24 4138.72 4475.93 4811.77 5146.13 5478.93 5810.05 6139.39 6466.86 6792.36 7115.78 7437.03 7756.01 8072.63 8386.78 8698.37 9007.31 9313.51 9616.86 9917.29 10214.69 10508.98 10800.06 23.31 370.60 717.78 1064.73 1411.35 1757.53 2103.17 2448.16 2792.39 3135.78 3478.20 3819.55 4159.73 4498.64 4836.18 5172.23 5506.71 5839.50 6170.51 6499.63 6826.77 7151.82 7474.69 7795.28 8113.49 8429.23 8742.40 9052.90 9360.64 9665.52 9967.46 10266.36 10562.14 10854.69 23.54 372.58 721.50 1070.20 1418.56 1766.48 2113.85 2460.57 2806.54 3151.65 3495.79 3838.86 4180.75 4521.36 4860.59 5198.33 5534.49 5868.95 6201.62 6532.40 6861.18 7187.86 7512.35 7834.55 8154.36 8471.68 8786.42 9098.48 9407.77 9714.18 10017.64 10318.04 10615.30 10909.32 23.78 374.57 725.23 1075.66 1425.77 1775.43 2124.54 2472.99 2820.69 3167.52 3513.38 3858.16 4201.77 4544.08 4885.01 5224.44 5562.27 5898.40 6232.74 6565.16 6895.59 7223.90 7550.02 7873.83 8195.23 8514.14 8830.45 9144.07 9454.90 9762.84 10067.81 10369.72 10668.46 10963.95 24.02 376.55 728.96 1081.13 1432.98 1784.38 2135.22 2485.41 2834.84 3183.40 3530.98 3877.47 4222.78 4566.80 4909.42 5250.54 5590.05 5927.86 6263.85 6597.93 6930.00 7259.95 7587.68 7913.10 8236.10 8556.60 8874.48 9189.65 9502.03 9811.51 10117.99 10421.39 10721.62 11018.58 24.26 378.53 732.68 1086.61 1440.19 1793.33 2145.91 2497.84 2848.99 3199.27 3548.57 3896.78 4243.80 4589.52 4933.84 5276.64 5617.84 5957.31 6294.97 6630.70 6964.41 7295.99 7625.35 7952.38 8276.98 8599.05 8918.51 9235.24 9549.16 9860.17 10168.17 10473.07 10774.78 11073.21 24.50 380.52 736.41 1092.08 1447.40 1802.28 2156.60 2510.26 2863.14 3215.15 3566.17 3916.10 4264.82 4612.24 4958.25 5302.75 5645.62 5986.77 6326.09 6663.47 6998.82 7332.04 7663.01 7991.65 8317.85 8641.51 8962.54 9280.83 9596.29 9908.83 10218.35 10524.75 10827.95 11127.84 24.74 382.50 740.14 1097.55 1454.62 1811.24 2167.29 2522.68 2877.30 3231.03 3583.77 3935.41 4285.84 4634.97 4982.67 5328.86 5673.41 6016.23 6357.21 6696.24 7033.24 7368.08 7700.68 8030.93 8358.72 8683.97 9006.57 9326.42 9643.43 9957.50 10268.53 10576.43 10881.11 11182.48 24.98 384.49 743.87 1103.03 1461.84 1820.19 2177.99 2535.11 2891.45 3246.91 3601.37 3954.72 4306.87 4657.69 5007.09 5354.96 5701.19 6045.68 6388.33 6729.02 7067.65 7404.13 7738.35 8070.21 8399.60 8726.43 9050.60 9372.01 9690.56 10006.16 10318.71 10628.11 10934.28 11237.11 25.22 386.48 747.61 1108.50 1469.05 1829.15 2188.68 2547.53 2905.61 3262.79 3618.97 3974.04 4327.89 4680.42 5031.51 5381.07 5728.98 6075.14 6419.45 6761.79 7102.07 7440.18 7776.02 8109.48 8440.48 8768.89 9094.64 9417.60 9737.70 10054.83 10368.89 10679.80 10987.44 11291.74 25.47 388.47 751.34 1113.98 1476.27 1838.11 2199.37 2559.96 2919.76 3278.67 3636.57 3993.35 4348.92 4703.15 5055.94 5407.18 5756.77 6104.60 6450.57 6794.57 7136.49 7476.23 7813.69 8148.76 8481.35 8811.36 9138.67 9463.20 9784.84 10103.50 10419.08 10731.48 11040.61 11346.38 25.71 390.46 755.08 1119.46 1483.49 1847.06 2210.07 2572.39 2933.92 3294.55 3654.17 4012.67 4369.94 4725.87 5080.36 5433.29 5784.56 6134.06 6481.69 6827.34 7170.91 7512.28 7851.36 8188.05 8522.23 8853.82 9182.70 9508.79 9831.98 10152.17 10469.26 10783.16 11093.78 11401.02 25.96 392.45 758.81 1124.94 1490.71 1856.03 2220.76 2584.82 2948.08 3310.44 3671.78 4031.99 4390.97 4748.60 5104.78 5459.40 5812.35 6163.53 6512.82 6860.12 7205.32 7548.33 7889.03 8227.33 8563.11 8896.28 9226.74 9554.38 9879.12 10200.83 10519.44 10834.85 11146.95 11455.65 26.21 394.44 762.55 1130.42 1497.93 1864.99 2231.46 2597.25 2962.24 3326.32 3689.38 4051.31 4412.00 4771.33 5129.21 5485.52 5840.15 6192.99 6543.94 6892.90 7239.75 7584.38 7926.71 8266.61 8603.99 8938.75 9270.78 9599.98 9926.26 10249.50 10569.63 10886.53 11200.12 11510.29 26.45 396.44 766.29 1135.90 1505.16 1873.95 2242.16 2609.68 2976.40 3342.21 3706.99 4070.63 4433.03 4794.06 5153.64 5511.63 5867.94 6222.46 6575.07 6925.68 7274.17 7620.44 7964.38 8305.89 8644.87 8981.21 9314.82 9645.58 9973.40 10298.18 10619.82 10938.22 11253.29 11564.93 26.70 398.43 770.03 1141.38 1512.38 1882.91 2252.86 2622.12 2990.56 3358.09 3724.59 4089.95 4454.06 4816.80 5178.06 5537.74 5895.73 6251.92 6606.20 6958.46 7308.59 7656.49 8002.06 8345.18 8685.75 9023.68 9358.85 9691.17 10020.54 10346.85 10670.00 10989.91 11306.46 11619.57 26.96 400.43 773.77 1146.87 1519.61 1891.88 2263.56 2634.55 3004.73 3373.98 3742.20 4109.27 4475.09 4839.53 5202.49 5563.86 5923.53 6281.39 6637.33 6991.24 7343.01 7692.55 8039.73 8384.46 8726.64 9066.15 9402.89 9736.77 10067.68 10395.52 10720.19 11041.59 11359.63 11674.21 27.21 402.43 777.51 1152.35 1526.84 1900.84 2274.27 2646.99 3018.89 3389.87 3759.81 4128.60 4496.12 4862.26 5226.92 5589.98 5951.33 6310.86 6668.46 7024.02 7377.44 7728.60 8077.41 8423.75 8767.52 9108.62 9446.93 9782.37 10114.82 10444.19 10770.38 11093.28 11412.81 11728.85 27.46 404.42 781.26 1157.84 1534.06 1909.81 2284.97 2659.42 3033.06 3405.76 3777.42 4147.92 4517.15 4885.00 5251.35 5616.10 5979.12 6340.32 6699.59 7056.80 7411.86 7764.66 8115.09 8463.04 8808.41 9151.09 9490.98 9827.97 10161.97 10492.87 10820.57 11144.97 11465.98 11783.49 27.72 406.42 785.00 1163.33 1541.29 1918.78 2295.67 2671.86 3047.23 3421.66 3795.03 4167.25 4538.19 4907.74 5275.78 5642.22 6006.92 6369.79 6730.72 7089.59 7446.29 7800.72 8152.77 8502.33 8849.29 9193.56 9535.02 9873.57 10209.11 10541.54 10870.76 11196.66 11519.15 11838.13 27.97 408.43 788.75 1168.82 1548.52 1927.75 2306.38 2684.30 3061.39 3437.55 3812.65 4186.58 4559.22 4930.47 5300.22 5668.34 6034.72 6399.27 6761.85 7122.37 7480.72 7836.78 8190.45 8541.62 8890.18 9236.03 9579.06 9919.17 10256.26 10590.22 10920.95 11248.36 11572.33 11892.78 28.23 410.43 792.49 1174.31 1555.75 1936.72 2317.09 2696.74 3075.56 3453.44 3830.26 4205.91 4580.26 4953.21 5324.65 5694.46 6062.52 6428.74 6792.99 7155.16 7515.15 7872.84 8228.13 8580.91 8931.07 9278.50 9623.11 9964.78 10303.41 10638.90 10971.15 11300.05 11625.51 11947.42 28.49 412.43 796.24 1179.80 1562.99 1945.69 2327.80 2709.18 3089.73 3469.34 3847.88 4225.24 4601.30 4975.95 5349.09 5720.58 6090.33 6458.21 6824.12 7187.95 7549.58 7908.90 8265.81 8620.20 8971.96 9320.98 9667.15 10010.38 10350.56 10687.58 11021.34 11351.74 11678.68 12002.07 28.75 414.44 799.99 1185.29 1570.22 1954.66 2338.51 2721.62 3103.91 3485.23 3865.49 4244.57 4622.34 4998.70 5373.52 5746.70 6118.13 6487.69 6855.26 7220.74 7584.01 7944.96 8303.50 8659.49 9012.85 9363.45 9711.20 10055.99 10397.71 10736.26 11071.53 11403.44 11731.86 12056.71 29.01 416.44 803.74 1190.78 1577.46 1963.64 2349.22 2734.07 3118.08 3501.13 3883.11 4263.90 4643.38 5021.44 5397.96 5772.83 6145.93 6517.16 6886.39 7253.52 7618.44 7981.03 8341.18 8698.79 9053.74 9405.93 9755.25 10101.59 10444.86 10784.94 11121.73 11455.13 11785.04 12111.36 29.27 418.45 807.49 1196.28 1584.69 1972.61 2359.93 2746.51 3132.25 3517.03 3900.73 4283.23 4664.42 5044.18 5422.40 5798.96 6173.74 6546.64 6917.53 7286.32 7652.87 8017.09 8378.87 8738.08 9094.63 9448.40 9799.30 10147.20 10492.01 10833.62 11171.92 11506.83 11838.22 12166.01 29.53 420.46 811.24 1201.77 1591.93 1981.59 2370.64 2758.96 3146.43 3532.93 3918.35 4302.57 4685.46 5066.93 5446.84 5825.08 6201.55 6576.11 6948.67 7319.11 7687.31 8053.16 8416.55 8777.38 9135.52 9490.88 9843.34 10192.81 10539.16 10882.30 11222.12 11558.52 11891.40 12220.66 29.80 422.47 815.00 1207.27 1599.17 1990.57 2381.35 2771.41 3160.60 3548.83 3935.97 4321.90 4706.51 5089.67 5471.28 5851.21 6229.35 6605.59 6979.81 7351.90 7721.74 8089.23 8454.24 8816.67 9176.42 9533.36 9887.39 10238.41 10586.31 10930.98 11272.32 11610.22 11944.58 12275.31 30.06 424.48 818.75 1212.77 1606.41 1999.55 2392.07 2783.85 3174.78 3564.73 3953.59 4341.24 4727.55 5112.42 5495.72 5877.34 6257.16 6635.07 7010.95 7384.69 7756.18 8125.29 8491.93 8855.97 9217.31 9575.84 9931.45 10284.02 10633.47 10979.67 11322.52 11661.92 11997.77 12329.96 30.33 426.49 822.51 1218.27 1613.65 2008.53 2402.79 2796.30 3188.96 3580.64 3971.22 4360.58 4748.60 5135.17 5520.16 5903.47 6284.97 6664.55 7042.10 7417.49 7790.61 8161.36 8529.62 8895.27 9258.21 9618.32 9975.50 10329.63 10680.62 11028.35 11372.72 11713.62 12050.95 12384.61 30.60 428.50 826.27 1223.77 1620.89 2017.51 2413.50 2808.75 3203.14 3596.54 3988.84 4379.91 4769.65 5157.92 5544.61 5929.60 6312.78 6694.04 7073.24 7450.28 7825.05 8197.43 8567.31 8934.57 9299.10 9660.80 10019.55 10375.25 10727.78 11077.04 11422.92 11765.32 12104.13 12439.26 30.87 430.52 830.02 1229.27 1628.13 2026.49 2424.22 2821.21 3217.32 3612.45 4006.47 4399.25 4790.69 5180.67 5569.05 5955.74 6340.60 6723.52 7104.39 7483.08 7859.49 8233.50 8605.00 8973.87 9340.00 9703.28 10063.61 10420.86 10774.93 11125.72 11473.12 11817.02 12157.32 12493.91 31.14 432.53 833.78 1234.77 1635.38 2035.48 2434.94 2833.66 3231.50 3628.35 4024.09 4418.59 4811.74 5203.42 5593.50 5981.87 6368.41 6753.00 7135.53 7515.88 7893.93 8269.57 8642.69 9013.17 9380.90 9745.77 10107.66 10466.47 10822.09 11174.41 11523.32 11868.72 12210.50 12548.57 31.41 434.55 837.55 1240.28 1642.62 2044.46 2445.66 2846.11 3245.69 3644.26 4041.72 4437.94 4832.79 5226.17 5617.95 6008.00 6396.22 6782.49 7166.68 7548.68 7928.37 8305.65 8680.39 9052.47 9421.80 9788.25 10151.72 10512.08 10869.25 11223.10 11573.52 11920.42 12263.69 12603.22 31.68 436.57 841.31 1245.78 1649.87 2053.45 2456.39 2858.57 3259.87 3660.17 4059.35 4457.28 4853.85 5248.92 5642.39 6034.14 6424.04 6811.97 7197.83 7581.48 7962.82 8341.72 8718.08 9091.78 9462.70 9830.74 10195.77 10557.70 10916.41 11271.79 11623.73 11972.13 12316.88 12657.88 31.95 438.58 845.07 1251.29 1657.12 2062.43 2467.11 2871.03 3274.06 3676.08 4076.98 4476.62 4874.90 5271.68 5666.84 6060.28 6451.85 6841.46 7228.97 7614.28 7997.26 8377.80 8755.78 9131.08 9503.60 9873.22 10239.83 10603.32 10963.57 11320.48 11673.93 12023.83 12370.07 12712.53 32.23 440.60 848.84 1256.80 1664.37 2071.42 2477.83 2883.48 3288.24 3691.99 4094.61 4495.97 4895.95 5294.43 5691.30 6086.41 6479.67 6870.95 7260.12 7647.08 8031.70 8413.87 8793.47 9170.39 9544.50 9915.71 10283.89 10648.93 11010.73 11369.17 11724.14 12075.54 12423.26 12767.19 32.51 442.63 852.60 1262.31 1671.62 2080.41 2488.56 2895.94 3302.43 3707.91 4112.24 4515.32 4917.01 5317.19 5715.75 6112.55 6507.49 6900.44 7291.28 7679.89 8066.15 8449.95 8831.17 9209.69 9585.41 9958.20 10327.95 10694.55 11057.89 11417.86 11774.35 12127.24 12476.45 12821.85 32.78 444.65 856.37 1267.82 1678.87 2089.40 2499.29 2908.40 3316.62 3723.82 4129.88 4534.66 4938.06 5339.95 5740.20 6138.69 6535.31 6929.93 7322.43 7712.69 8100.60 8486.03 8868.87 9249.00 9626.31 10000.69 10372.01 10740.17 11105.05 11466.55 11824.55 12178.95 12529.64 12876.50 33.06 446.67 860.14 1273.33 1686.12 2098.39 2510.01 2920.86 3330.81 3739.73 4147.51 4554.01 4959.12 5362.71 5764.65 6164.84 6563.13 6959.42 7353.58 7745.50 8135.04 8522.11 8906.57 9288.31 9667.22 10043.18 10416.07 10785.79 11152.22 11515.24 11874.76 12230.66 12582.83 12931.16 33.34 448.70 863.90 1278.84 1693.38 2107.39 2520.74 2933.32 3345.00 3755.65 4165.15 4573.36 4980.18 5385.47 5789.11 6190.98 6590.95 6988.91 7384.74 7778.30 8169.49 8558.19 8944.27 9327.62 9708.13 10085.67 10460.13 10831.41 11199.38 11563.94 11924.97 12282.37 12636.02 12985.82 33.62 450.72 867.68 1284.35 1700.63 2116.38 2531.47 2945.79 3359.19 3771.57 4182.78 4592.72 5001.24 5408.23 5813.57 6217.12 6618.78 7018.41 7415.89 7811.11 8203.94 8594.27 8981.97 9366.93 9749.03 10128.16 10504.20 10877.03 11246.55 11612.63 11975.18 12334.08 12689.21 13040.49 33.90 452.75 871.45 1289.87 1707.89 2125.38 2542.21 2958.25 3373.39 3787.49 4200.42 4612.07 5022.30 5430.99 5838.02 6243.27 6646.60 7047.90 7447.05 7843.92 8238.39 8630.35 9019.67 9406.24 9789.94 10170.65 10548.26 10922.65 11293.71 11661.33 12025.39 12385.79 12742.41 13095.15 34.19 454.78 875.22 1295.38 1715.14 2134.37 2552.94 2970.72 3387.58 3803.41 4218.06 4631.42 5043.36 5453.76 5862.48 6269.41 6674.42 7077.40 7478.20 7876.73 8272.84 8666.43 9057.38 9445.56 9830.85 10213.15 10592.33 10968.28 11340.88 11710.03 12075.60 12437.50 12795.60 13149.81 34.47 456.81 878.99 1300.90 1722.40 2143.37 2563.67 2983.19 3401.78 3819.33 4235.70 4650.78 5064.42 5476.52 5886.94 6295.56 6702.25 7106.89 7509.36 7909.54 8307.30 8702.52 9095.08 9484.87 9871.76 10255.64 10636.39 11013.90 11388.05 11758.73 12125.82 12489.21 12848.80 13204.47 34.76 458.84 882.77 1306.42 1729.66 2152.37 2574.41 2995.65 3415.98 3835.25 4253.34 4670.13 5085.49 5499.29 5911.40 6321.71 6730.08 7136.39 7540.52 7942.35 8341.75 8738.60 9132.79 9524.18 9912.67 10298.14 10680.46 11059.53 11435.22 11807.42 12176.03 12540.92 12902.00 13259.14 35.04 460.87 886.54 1311.94 1736.92 2161.37 2585.14 3008.12 3430.17 3851.17 4270.98 4689.49 5106.55 5522.05 5935.86 6347.86 6757.91 7165.89 7571.68 7975.16 8376.20 8774.69 9170.49 9563.50 9953.59 10340.63 10724.53 11105.15 11482.39 11856.12 12226.24 12592.64 12955.19 13313.80 35.33 462.90 890.32 1317.46 1744.19 2170.37 2595.88 3020.59 3444.37 3867.10 4288.63 4708.85 5127.62 5544.82 5960.33 6374.01 6785.74 7195.39 7602.84 8007.98 8410.66 8810.78 9208.20 9602.82 9994.50 10383.13 10768.60 11150.78 11529.56 11904.82 12276.46 12644.35 13008.39 13368.47 35.62 464.94 894.10 1322.98 1751.45 2179.37 2606.62 3033.06 3458.57 3883.02 4306.27 4728.21 5148.69 5567.59 5984.79 6400.16 6813.57 7224.89 7634.01 8040.79 8445.12 8846.86 9245.91 9642.13 10035.41 10425.63 10812.67 11196.41 11576.73 11953.53 12326.68 12696.07 13061.59 13423.13 35.91 466.97 897.88 1328.50 1758.71 2188.38 2617.36 3045.54 3472.78 3898.95 4323.92 4747.57 5169.76 5590.36 6009.26 6426.31 6841.40 7254.39 7665.17 8073.61 8479.58 8882.95 9283.62 9681.45 10076.33 10468.13 10856.74 11242.04 11623.90 12002.23 12376.89 12747.79 13114.79 13477.80 36.20 469.01 901.66 1334.03 1765.98 2197.38 2628.10 3058.01 3486.98 3914.87 4341.57 4766.93 5190.83 5613.13 6033.72 6452.46 6869.23 7283.90 7696.34 8106.42 8514.03 8919.04 9321.33 9720.77 10117.25 10510.63 10900.81 11287.67 11671.08 12050.93 12427.11 12799.50 13167.99 13532.47 36.49 471.05 905.44 1339.55 1773.25 2206.39 2638.84 3070.49 3501.18 3930.80 4359.22 4786.29 5211.90 5635.91 6058.19 6478.62 6897.06 7313.40 7727.50 8139.24 8548.49 8955.14 9359.04 9760.09 10158.16 10553.13 10944.88 11333.30 11718.25 12099.64 12477.33 12851.22 13221.19 13587.14 36.79 473.08 909.23 1345.08 1780.51 2215.39 2649.59 3082.96 3515.39 3946.73 4376.86 4805.65 5232.97 5658.68 6082.66 6504.77 6924.90 7342.91 7758.67 8172.06 8582.96 8991.23 9396.76 9799.41 10199.08 10595.64 10988.96 11378.93 11765.43 12148.34 12527.55 12902.94 13274.40 13641.81 37.08 475.12 913.01 1350.61 1787.78 2224.40 2660.33 3095.44 3529.59 3962.66 4394.52 4825.02 5254.04 5681.45 6107.13 6530.93 6952.73 7372.41 7789.84 8204.88 8617.42 9027.32 9434.47 9838.74 10240.00 10638.14 11033.03 11424.56 11812.61 12197.05 12577.77 12954.66 13327.60 13696.48 37.38 477.17 916.80 1356.14 1795.05 2233.41 2671.08 3107.92 3543.80 3978.60 4412.17 4844.38 5275.12 5704.23 6131.60 6557.09 6980.57 7401.92 7821.01 8237.70 8651.88 9063.42 9472.18 9878.06 10280.92 10680.64 11077.11 11470.20 11859.78 12245.75 12627.99 13006.38 13380.81 13751.15 37.68 479.21 920.58 1361.67 1802.32 2242.42 2681.82 3120.40 3558.01 3994.53 4429.82 4863.75 5296.19 5727.01 6156.07 6583.25 7008.41 7431.43 7852.18 8270.52 8686.34 9099.51 9509.90 9917.38 10321.84 10723.15 11121.19 11515.83 11906.96 12294.46 12678.21 13058.10 13434.01 13805.82 37.97 481.25 924.37 1367.20 1809.60 2251.43 2692.57 3132.88 3572.22 4010.46 4447.47 4883.12 5317.27 5749.79 6180.54 6609.41 7036.25 7460.94 7883.35 8303.35 8720.81 9135.61 9547.62 9956.71 10362.76 10765.66 11165.26 11561.47 11954.14 12343.17 12728.44 13109.83 13487.22 13860.50 38.27 483.30 928.16 1372.73 1816.87 2260.44 2703.32 3145.36 3586.43 4026.40 4465.13 4902.49 5338.34 5772.56 6205.02 6635.57 7064.09 7490.45 7914.52 8336.17 8755.28 9171.71 9585.33 9996.04 10403.69 10808.16 11209.34 11607.10 12001.32 12391.88 12778.66 13161.55 13540.42 13915.17 38.57 485.34 931.95 1378.26 1824.14 2269.46 2714.07 3157.84 3600.64 4042.34 4482.79 4921.86 5359.42 5795.34 6229.49 6661.73 7091.93 7519.96 7945.69 8369.00 8789.74 9207.80 9623.05 10035.36 10444.61 10850.67 11253.42 11652.74 12048.50 12440.59 12828.89 13213.27 13593.63 13969.85 38.88 487.39 935.74 1383.80 1831.42 2278.47 2724.82 3170.33 3614.86 4058.27 4500.44 4941.23 5380.50 5818.13 6253.97 6687.89 7119.77 7549.47 7976.87 8401.82 8824.21 9243.90 9660.77 10074.69 10485.54 10893.18 11297.50 11698.38 12095.68 12489.30 12879.11 13265.00 13646.84 14024.52 39.18 489.44 939.53 1389.33 1838.70 2287.49 2735.57 3182.81 3629.07 4074.21 4518.10 4960.60 5401.58 5840.91 6278.44 6714.06 7147.62 7578.99 8008.04 8434.65 8858.68 9280.00 9698.49 10114.02 10526.46 10935.69 11341.58 11744.02 12142.87 12538.01 12929.34 13316.72 13700.05 14079.20 39.48 491.49 943.33 1394.87 1845.98 2296.51 2746.33 3195.30 3643.29 4090.15 4535.76 4979.98 5422.67 5863.69 6302.92 6740.22 7175.46 7608.50 8039.22 8467.48 8893.15 9316.11 9736.22 10153.35 10567.39 10978.20 11385.67 11789.66 12190.05 12586.73 12979.57 13368.45 13753.26 14133.88 39.79 493.54 947.12 1400.41 1853.26 2305.53 2757.08 3207.79 3657.50 4106.09 4553.42 4999.35 5443.75 5886.48 6327.40 6766.39 7203.31 7638.02 8070.40 8500.31 8927.62 9352.21 9773.94 10192.68 10608.32 11020.72 11429.75 11835.30 12237.24 12635.44 13029.80 13420.18 13806.47 14188.55 40.10 495.59 950.92 1405.95 1860.54 2314.55 2767.84 3220.28 3671.72 4122.04 4571.08 5018.73 5464.83 5909.26 6351.88 6792.56 7231.15 7667.54 8101.58 8533.14 8962.09 9388.31 9811.66 10232.02 10649.25 11063.23 11473.83 11880.94 12284.42 12684.16 13080.03 13471.91 13859.68 14243.23 40.40 497.64 954.72 1411.49 1867.82 2323.57 2778.60 3232.77 3685.94 4137.98 4588.75 5038.11 5485.92 5932.05 6376.36 6818.73 7259.00 7697.06 8132.76 8565.97 8996.57 9424.42 9849.39 10271.35 10690.18 11105.74 11517.92 11926.58 12331.61 12732.87 13130.26 13523.64 13912.90 14297.91 40.71 499.70 958.52 1417.03 1875.10 2332.59 2789.35 3245.26 3700.16 4153.92 4606.41 5057.48 5507.01 5954.84 6400.85 6844.90 7286.85 7726.57 8163.94 8598.80 9031.04 9460.52 9887.11 10310.68 10731.11 11148.26 11562.01 11972.23 12378.80 12781.59 13180.49 13575.37 13966.11 14352.59 41.02 501.75 962.32 1422.57 1882.39 2341.61 2800.11 3257.75 3714.38 4169.87 4624.08 5076.86 5528.09 5977.63 6425.33 6871.07 7314.70 7756.10 8195.12 8631.64 9065.52 9496.63 9924.84 10350.02 10772.04 11190.77 11606.09 12017.87 12425.98 12830.31 13230.72 13627.10 14019.32 14407.28 41.33 503.81 966.12 1428.12 1889.67 2350.64 2810.87 3270.24 3728.60 4185.82 4641.74 5096.24 5549.18 6000.42 6449.82 6897.24 7342.55 7785.62 8226.30 8664.47 9099.99 9532.74 9962.57 10389.36 10812.97 11233.29 11650.18 12063.52 12473.17 12879.03 13280.95 13678.83 14072.54 14461.96 41.65 505.87 969.92 1433.66 1896.96 2359.66 2821.64 3282.74 3742.83 4201.76 4659.41 5115.63 5570.27 6023.21 6474.30 6923.41 7370.40 7815.14 8257.49 8697.31 9134.47 9568.85 10000.30 10428.69 10853.91 11275.81 11694.27 12109.16 12520.36 12927.75 13331.19 13730.56 14125.75 14516.64 41.96 507.92 973.72 1439.21 1904.25 2368.69 2832.40 3295.23 3757.05 4217.71 4677.08 5135.01 5591.36 6046.00 6498.79 6949.59 7398.26 7844.66 8288.67 8730.14 9168.95 9604.95 10038.03 10468.03 10894.84 11318.33 11738.36 12154.81 12567.56 12976.47 13381.42 13782.30 14178.97 14571.33 42.28 509.98 977.53 1444.76 1911.53 2377.72 2843.16 3307.73 3771.28 4233.66 4694.75 5154.39 5612.46 6068.80 6523.28 6975.76 7426.11 7874.19 8319.86 8762.98 9203.43 9641.07 10075.76 10507.37 10935.78 11360.85 11782.45 12200.46 12614.75 13025.19 13431.66 13834.03 14232.19 14626.01 42.59 512.05 981.33 1450.31 1918.82 2386.75 2853.93 3320.23 3785.50 4249.62 4712.42 5173.78 5633.55 6091.59 6547.77 7001.94 7453.97 7903.71 8351.04 8795.82 9237.91 9677.18 10113.49 10546.71 10976.72 11403.37 11826.54 12246.11 12661.94 13073.91 13481.89 13885.77 14285.41 14680.70 42.91 514.11 985.14 1455.86 1926.12 2395.78 2864.69 3332.73 3799.73 4265.57 4730.09 5193.16 5654.64 6114.39 6572.26 7028.12 7481.82 7933.24 8382.23 8828.66 9272.39 9713.29 10151.22 10586.05 11017.65 11445.89 11870.64 12291.76 12709.13 13122.63 13532.13 13937.50 14338.63 14735.38 43.23 516.17 988.95 1461.41 1933.41 2404.81 2875.46 3345.23 3813.96 4281.52 4747.77 5212.55 5675.74 6137.18 6596.75 7054.29 7509.68 7962.77 8413.42 8861.50 9306.88 9749.40 10188.96 10625.40 11058.59 11488.41 11914.73 12337.41 12756.33 13171.36 13582.37 13989.24 14391.85 14790.07 43.55 518.24 992.76 1466.96 1940.70 2413.84 2886.23 3357.73 3828.19 4297.48 4765.44 5231.94 5696.83 6159.98 6621.24 7080.47 7537.54 7992.30 8444.61 8894.34 9341.36 9785.52 10226.69 10664.74 11099.53 11530.94 11958.82 12383.06 12803.52 13220.08 13632.61 14040.98 14445.07 14844.76 43.87 520.30 996.57 1472.51 1948.00 2422.87 2897.00 3370.23 3842.42 4313.43 4783.12 5251.33 5717.93 6182.78 6645.74 7106.66 7565.40 8021.83 8475.80 8927.19 9375.84 9821.64 10264.43 10704.08 11140.47 11573.46 12002.92 12428.72 12850.72 13268.81 13682.85 14092.72 14498.29 14899.45 44.19 522.37 1000.38 1478.07 1955.29 2431.91 2907.77 3382.74 3856.66 4329.39 4800.79 5270.72 5739.03 6205.58 6670.23 7132.84 7593.26 8051.36 8507.00 8960.03 9410.33 9857.75 10302.16 10743.43 11181.41 11615.99 12047.02 12474.37 12897.92 13317.53 13733.09 14144.46 14551.51 14954.14 44.51 524.44 1004.19 1483.62 1962.59 2440.95 2918.54 3395.24 3870.89 4345.35 4818.47 5290.11 5760.13 6228.38 6694.73 7159.02 7621.12 8080.89 8538.19 8992.88 9444.82 9893.87 10339.90 10782.78 11222.36 11658.51 12091.11 12520.03 12945.12 13366.26 13783.33 14196.20 14604.74 15008.83 44.84 526.51 1008.00 1489.18 1969.89 2449.98 2929.32 3407.75 3885.13 4361.31 4836.15 5309.51 5781.23 6251.19 6719.22 7185.20 7648.98 8110.42 8569.38 9025.72 9479.30 9929.99 10377.64 10822.12 11263.30 11701.04 12135.21 12565.68 12992.32 13414.99 13833.57 14247.94 14657.96 15063.52 45.16 528.58 1011.82 1494.74 1977.19 2459.02 2940.09 3420.26 3899.36 4377.27 4853.83 5328.90 5802.34 6273.99 6743.72 7211.39 7676.85 8139.96 8600.58 9058.57 9513.79 9966.11 10415.38 10861.47 11304.25 11743.57 12179.31 12611.34 13039.52 13463.72 13883.82 14299.68 14711.19 15118.21 45.49 530.65 1015.63 1500.30 1984.49 2468.06 2950.87 3432.76 3913.60 4393.23 4871.51 5348.30 5823.44 6296.80 6768.22 7237.58 7704.71 8169.49 8631.78 9091.42 9548.28 10002.23 10453.12 10900.82 11345.19 11786.10 12223.41 12657.00 13086.72 13512.45 13934.06 14351.42 14764.41 15172.90 45.82 532.72 1019.45 1505.86 1991.79 2477.10 2961.65 3445.27 3927.84 4409.19 4889.19 5367.69 5844.54 6319.60 6792.72 7263.76 7732.58 8199.03 8662.97 9124.27 9582.77 10038.35 10490.86 10940.17 11386.14 11828.63 12267.51 12702.65 13133.92 13561.18 13984.31 14403.17 14817.64 15227.60 46.15 534.80 1023.27 1511.42 1999.09 2486.14 2972.42 3457.78 3942.08 4425.16 4906.88 5387.09 5865.65 6342.41 6817.22 7289.95 7760.45 8228.57 8694.17 9157.12 9617.27 10074.47 10528.61 10979.52 11427.09 11871.16 12311.62 12748.31 13181.12 13609.91 14034.55 14454.91 14870.87 15282.29 46.48 536.87 1027.09 1516.98 2006.40 2495.19 2983.20 3470.30 3956.32 4441.12 4924.56 5406.49 5886.76 6365.22 6841.73 7316.14 7788.32 8258.11 8725.37 9189.97 9651.76 10110.60 10566.35 11018.87 11468.04 11913.70 12355.72 12793.98 13228.33 13658.65 14084.80 14506.66 14924.10 15336.99 46.81 538.95 1030.91 1522.55 2013.70 2504.23 2993.98 3482.81 3970.56 4457.09 4942.25 5425.89 5907.86 6388.03 6866.23 7342.33 7816.19 8287.65 8756.57 9222.82 9686.25 10146.72 10604.10 11058.23 11508.98 11956.23 12399.82 12839.64 13275.53 13707.38 14135.05 14558.41 14977.33 15391.68 47.14 541.03 1034.73 1528.11 2021.01 2513.28 3004.76 3495.32 3984.80 4473.06 4959.94 5445.29 5928.97 6410.84 6890.74 7368.52 7844.06 8317.19 8787.78 9255.68 9720.75 10182.85 10641.84 11097.58 11549.94 11998.76 12443.93 12885.30 13322.74 13756.11 14185.30 14610.15 15030.56 15446.38 47.47 543.11 1038.56 1533.68 2028.32 2522.32 3015.55 3507.84 3999.05 4489.03 4977.62 5464.69 5950.08 6433.65 6915.24 7394.72 7871.93 8346.73 8818.98 9288.53 9755.24 10218.98 10679.59 11136.94 11590.89 12041.30 12488.04 12930.96 13369.95 13804.85 14235.55 14661.90 15083.79 15501.08 47.81 545.19 1042.38 1539.24 2035.62 2531.37 3026.33 3520.36 4013.29 4505.00 4995.31 5484.10 5971.19 6456.46 6939.75 7420.91 7899.80 8376.27 8850.18 9321.39 9789.74 10255.11 10717.34 11176.29 11631.84 12083.83 12532.14 12976.63 13417.15 13853.59 14285.80 14713.65 15137.02 15555.78 48.15 547.27 1046.21 1544.81 2042.93 2540.42 3037.12 3532.87 4027.54 4520.97 5013.00 5503.50 5992.31 6479.27 6964.26 7447.11 7927.67 8405.82 8881.39 9354.24 9824.24 10291.23 10755.09 11215.65 11672.79 12126.37 12576.25 13022.29 13464.36 13902.32 14336.05 14765.40 15190.25 15610.48 48.48 549.35 1050.03 1550.38 2050.25 2549.47 3047.90 3545.39 4041.79 4536.94 5030.70 5522.91 6013.42 6502.09 6988.77 7473.30 7955.55 8435.36 8912.59 9387.10 9858.74 10327.37 10792.84 11255.01 11713.75 12168.91 12620.36 13067.96 13511.57 13951.06 14386.30 14817.15 15243.49 15665.18 48.82 551.43 1053.86 1555.95 2057.56 2558.52 3058.69 3557.91 4056.04 4552.91 5048.39 5542.31 6034.53 6524.91 7013.28 7499.50 7983.43 8464.91 8943.80 9419.96 9893.24 10363.50 10830.59 11294.37 11754.70 12211.45 12664.47 13113.63 13558.78 13999.80 14436.55 14868.90 15296.72 15719.88 49.16 553.52 1057.69 1561.53 2064.87 2567.57 3069.48 3570.43 4070.29 4568.89 5066.08 5561.72 6055.65 6547.72 7037.79 7525.70 8011.30 8494.46 8975.01 9452.82 9927.74 10399.63 10868.34 11333.73 11795.66 12253.99 12708.58 13159.29 13605.99 14048.54 14486.81 14920.66 15349.96 15774.58 49.50 555.60 1061.52 1567.10 2072.19 2576.63 3080.27 3582.96 4084.54 4584.86 5083.78 5581.13 6076.77 6570.54 7062.30 7551.90 8039.18 8524.00 9006.22 9485.68 9962.24 10435.76 10906.09 11373.09 11836.62 12296.53 12752.69 13204.96 13653.20 14097.28 14537.06 14972.41 15403.20 15829.29 49.84 557.69 1065.35 1572.67 2079.50 2585.68 3091.06 3595.48 4098.79 4600.84 5101.47 5600.54 6097.88 6593.36 7086.81 7578.10 8067.06 8553.55 9037.43 9518.54 9996.75 10471.90 10943.85 11412.45 11877.58 12339.07 12796.80 13250.63 13700.42 14146.02 14587.32 15024.17 15456.43 15883.99 50.19 559.78 1069.18 1578.25 2086.82 2594.74 3101.85 3608.01 4113.05 4616.82 5119.17 5619.95 6119.00 6616.18 7111.33 7604.30 8094.94 8583.10 9068.64 9551.41 10031.25 10508.03 10981.60 11451.82 11918.54 12381.62 12840.92 13296.30 13747.63 14194.77 14637.58 15075.92 15509.67 15938.69 50.53 561.87 1073.02 1583.83 2094.14 2603.80 3112.64 3620.53 4127.30 4632.80 5136.87 5639.36 6140.12 6639.00 7135.85 7630.50 8122.82 8612.66 9099.85 9584.27 10065.76 10544.17 11019.36 11491.18 11959.50 12424.16 12885.03 13341.97 13794.85 14243.51 14687.83 15127.68 15562.91 15993.40 50.88 563.96 1076.85 1589.40 2101.46 2612.85 3123.44 3633.06 4141.56 4648.78 5154.57 5658.78 6161.25 6661.83 7160.36 7656.71 8150.70 8642.21 9131.07 9617.14 10100.26 10580.31 11057.11 11530.55 12000.46 12466.71 12929.15 13387.65 13842.06 14292.26 14738.09 15179.43 15616.15 16048.11 51.22 566.05 1080.69 1594.98 2108.78 2621.91 3134.23 3645.59 4155.81 4664.76 5172.27 5678.19 6182.37 6684.65 7184.88 7682.91 8178.59 8671.76 9162.28 9650.00 10134.77 10616.44 11094.87 11569.91 12041.42 12509.25 12973.27 13433.32 13889.28 14341.00 14788.35 15231.19 15669.39 16102.81 51.57 568.14 1084.53 1600.56 2116.10 2630.97 3145.03 3658.12 4170.07 4680.74 5189.97 5697.61 6203.49 6707.47 7209.40 7709.12 8206.47 8701.32 9193.50 9682.87 10169.28 10652.58 11132.63 11609.28 12082.38 12551.80 13017.38 13479.00 13936.50 14389.75 14838.61 15282.95 15722.63 16157.52 51.92 570.24 1088.37 1606.15 2123.42 2640.04 3155.83 3670.65 4184.33 4696.73 5207.67 5717.02 6224.62 6730.30 7233.92 7735.32 8234.36 8730.87 9224.72 9715.74 10203.79 10688.72 11170.39 11648.65 12123.35 12594.35 13061.50 13524.67 13983.72 14438.50 14888.87 15334.71 15775.87 16212.23 52.27 572.33 1092.21 1611.73 2130.75 2649.10 3166.63 3683.18 4198.59 4712.71 5225.38 5736.44 6245.74 6753.13 7258.44 7761.53 8262.25 8760.43 9255.93 9748.61 10238.30 10724.86 11208.15 11688.02 12164.31 12636.89 13105.62 13570.35 14030.94 14487.24 14939.13 15386.47 15829.12 16266.94 52.62 574.43 1096.05 1617.31 2138.07 2658.16 3177.43 3695.71 4212.85 4728.70 5243.08 5755.86 6266.87 6775.96 7282.96 7787.74 8290.13 8789.99 9287.15 9781.48 10272.81 10761.01 11245.91 11727.39 12205.28 12679.44 13149.74 13616.03 14078.16 14535.99 14989.40 15438.23 15882.36 16321.65 52.97 576.53 1099.89 1622.90 2145.40 2667.23 3188.23 3708.25 4227.12 4744.68 5260.79 5775.28 6288.00 6798.79 7307.49 7813.95 8318.02 8819.55 9318.37 9814.35 10307.33 10797.15 11283.68 11766.76 12246.25 12722.00 13193.86 13661.70 14125.38 14584.74 15039.66 15489.99 15935.60 16376.36 53.33 578.63 1103.73 1628.48 2152.73 2676.29 3199.03 3720.78 4241.38 4760.67 5278.50 5794.70 6309.13 6821.62 7332.01 7840.16 8345.91 8849.11 9349.59 9847.22 10341.84 10833.30 11321.44 11806.13 12287.21 12764.55 13237.98 13707.38 14172.60 14633.49 15089.93 15541.76 15988.85 16431.07 53.68 580.73 1107.58 1634.07 2160.05 2685.36 3209.84 3733.32 4255.64 4776.66 5296.21 5814.12 6330.26 6844.45 7356.54 7866.38 8373.80 8878.67 9380.82 9880.10 10376.35 10869.44 11359.21 11845.50 12328.18 12807.10 13282.11 13753.06 14219.82 14682.25 15140.19 15593.52 16042.10 16485.78 54.04 582.83 1111.42 1639.66 2167.38 2694.43 3220.64 3745.85 4269.91 4792.65 5313.92 5833.55 6351.39 6867.28 7381.07 7892.59 8401.70 8908.23 9412.04 9912.97 10410.87 10905.59 11396.97 11884.88 12369.15 12849.65 13326.23 13798.74 14267.05 14731.00 15190.46 15645.29 16095.34 16540.50 54.40 584.93 1115.27 1645.25 2174.71 2703.50 3231.45 3758.39 4284.18 4808.64 5331.63 5852.97 6372.52 6890.11 7405.59 7918.80 8429.59 8937.79 9443.26 9945.85 10445.39 10941.74 11434.74 11924.25 12410.13 12892.21 13370.36 13844.43 14314.27 14779.75 15240.72 15697.05 16148.59 16595.21 54.75 587.03 1119.12 1650.84 2182.05 2712.57 3242.25 3770.93 4298.45 4824.64 5349.34 5872.40 6393.66 6912.95 7430.12 7945.02 8457.48 8967.36 9474.49 9978.72 10479.90 10977.88 11472.51 11963.63 12451.10 12934.76 13414.48 13890.11 14361.50 14828.51 15290.99 15748.82 16201.84 16649.93 55.11 589.14 1122.96 1656.43 2189.38 2721.64 3253.06 3783.47 4312.72 4840.63 5367.05 5891.83 6414.79 6935.79 7454.65 7971.24 8485.38 8996.92 9505.72 10011.60 10514.42 11014.03 11510.28 12003.01 12492.07 12977.32 13458.61 13935.79 14408.72 14877.26 15341.26 15800.58 16255.09 16704.64 55.47 591.24 1126.81 1662.03 2196.71 2730.72 3263.87 3796.02 4326.99 4856.62 5384.77 5911.25 6435.93 6958.62 7479.18 7997.46 8513.28 9026.49 9536.94 10044.48 10548.94 11050.18 11548.05 12042.38 12533.04 13019.88 13502.74 13981.48 14455.95 14926.02 15391.53 15852.35 16308.34 16759.36 55.84 593.35 1130.67 1667.62 2204.05 2739.79 3274.68 3808.56 4341.26 4872.62 5402.48 5930.68 6457.06 6981.46 7503.72 8023.67 8541.17 9056.06 9568.17 10077.36 10583.46 11086.34 11585.82 12081.76 12574.02 13062.44 13546.87 14027.16 14503.18 14974.77 15441.80 15904.12 16361.59 16814.08 56.20 595.46 1134.52 1673.22 2211.39 2748.87 3285.49 3821.10 4355.53 4888.62 5420.20 5950.11 6478.20 7004.30 7528.25 8049.89 8569.07 9085.63 9599.40 10110.24 10617.99 11122.49 11623.59 12121.14 12615.00 13105.00 13591.00 14072.85 14550.41 15023.53 15492.07 15955.89 16414.85 16868.80 56.56 597.57 1138.37 1678.81 2218.73 2757.95 3296.31 3833.65 4369.81 4904.62 5437.92 5969.55 6499.34 7027.14 7552.79 8076.12 8596.97 9115.20 9630.63 10143.12 10652.51 11158.64 11661.36 12160.53 12655.97 13147.56 13635.13 14118.54 14597.64 15072.29 15542.35 16007.66 16468.10 16923.52 56.93 599.68 1142.23 1684.41 2226.06 2767.02 3307.12 3846.20 4384.08 4920.62 5455.64 5988.98 6520.48 7049.98 7577.32 8102.34 8624.87 9144.77 9661.86 10176.00 10687.03 11194.80 11699.14 12199.91 12696.95 13190.12 13679.26 14164.23 14644.87 15121.05 15592.62 16059.43 16521.35 16978.24 57.30 601.79 1146.08 1690.01 2233.41 2776.10 3317.94 3858.74 4398.36 4936.62 5473.36 6008.41 6541.62 7072.83 7601.86 8128.56 8652.78 9174.34 9693.10 10208.89 10721.56 11230.95 11736.91 12239.29 12737.93 13232.68 13723.39 14209.92 14692.10 15169.81 15642.89 16111.21 16574.61 17032.96 57.66 603.90 1149.94 1695.61 2240.75 2785.18 3328.75 3871.29 4412.64 4952.62 5491.08 6027.85 6562.77 7095.67 7626.40 8154.79 8680.68 9203.91 9724.33 10241.77 10756.09 11267.11 11774.69 12278.67 12778.91 13275.24 13767.53 14255.61 14739.34 15218.57 15693.17 16162.98 16627.86 17087.68 58.03 606.02 1153.80 1701.21 2248.09 2794.26 3339.57 3883.84 4426.92 4968.62 5508.80 6047.28 6583.91 7118.51 7650.94 8181.01 8708.58 9233.49 9755.57 10274.66 10790.61 11303.27 11812.47 12318.06 12819.89 13317.81 13811.66 14301.30 14786.57 15267.34 15743.44 16214.75 16681.12 17142.40 58.40 608.13 1157.66 1706.82 2255.43 2803.35 3350.39 3896.39 4441.20 4984.63 5526.52 6066.72 6605.05 7141.36 7675.48 8207.24 8736.49 9263.06 9786.80 10307.55 10825.14 11339.43 11850.25 12357.45 12860.87 13360.37 13855.80 14346.99 14833.81 15316.10 15793.72 16266.53 16734.38 17197.13 58.78 610.25 1161.52 1712.42 2262.78 2812.43 3361.21 3908.95 4455.48 5000.63 5544.25 6086.16 6626.20 7164.21 7700.02 8233.47 8764.39 9292.64 9818.04 10340.44 10859.67 11375.59 11888.03 12396.83 12901.86 13402.94 13899.93 14392.68 14881.04 15364.86 15844.00 16318.30 16787.64 17251.85 59.15 612.37 1165.38 1718.02 2270.12 2821.52 3372.03 3921.50 4469.76 5016.64 5561.97 6105.60 6647.35 7187.06 7724.56 8259.70 8792.30 9322.22 9849.28 10373.32 10894.20 11411.75 11925.81 12436.22 12942.84 13445.51 13944.07 14438.38 14928.28 15413.63 15894.28 16370.08 16840.90 17306.58 59.52 614.49 1169.25 1723.63 2277.47 2830.60 3382.85 3934.06 4484.04 5032.65 5579.70 6125.04 6668.50 7209.91 7749.10 8285.93 8820.21 9351.79 9880.52 10406.22 10928.73 11447.91 11963.59 12475.61 12983.82 13488.07 13988.21 14484.07 14975.52 15462.40 15944.56 16421.86 16894.15 17361.30 59.90 616.61 1173.11 1729.24 2284.82 2839.69 3393.68 3946.61 4498.33 5048.66 5597.43 6144.48 6689.65 7232.76 7773.65 8312.16 8848.12 9381.37 9911.76 10439.11 10963.26 11484.07 12001.37 12515.00 13024.81 13530.64 14032.35 14529.77 15022.76 15511.16 15994.84 16473.64 16947.42 17416.03 60.27 618.73 1176.98 1734.85 2292.17 2848.78 3404.50 3959.17 4512.61 5064.67 5615.16 6163.92 6710.80 7255.61 7798.19 8338.39 8876.03 9410.95 9943.00 10472.00 10997.80 11520.24 12039.15 12554.39 13065.80 13573.21 14076.49 14575.46 15070.00 15559.93 16045.12 16525.42 17000.68 17470.76 60.65 620.85 1180.84 1740.46 2299.52 2857.87 3415.33 3971.73 4526.90 5080.68 5632.89 6183.37 6731.95 7278.46 7822.74 8364.62 8903.94 9440.54 9974.24 10504.89 11032.33 11556.40 12076.94 12593.78 13106.78 13615.78 14120.63 14621.16 15117.24 15608.70 16095.40 16577.20 17053.94 17525.48 61.03 622.97 1184.71 1746.07 2306.87 2866.96 3426.15 3984.29 4541.19 5096.69 5650.62 6202.81 6753.10 7301.31 7847.29 8390.86 8931.86 9470.12 10005.48 10537.79 11066.87 11592.57 12114.72 12633.18 13147.77 13658.36 14164.77 14666.86 15164.48 15657.47 16145.68 16628.98 17107.20 17580.21 61.41 625.10 1188.58 1751.68 2314.23 2876.05 3436.98 3996.85 4555.48 5112.70 5668.35 6222.26 6774.25 7324.17 7871.84 8417.09 8959.77 9499.70 10036.73 10570.68 11101.40 11628.73 12152.51 12672.57 13188.76 13700.93 14208.91 14712.56 15211.72 15706.24 16195.97 16680.76 17160.47 17634.94 61.79 627.22 1192.45 1757.29 2321.58 2885.15 3447.81 4009.41 4569.77 5128.72 5686.09 6241.71 6795.41 7347.03 7896.39 8443.33 8987.68 9529.29 10067.97 10603.58 11135.94 11664.90 12190.30 12711.97 13229.75 13743.50 14253.06 14758.26 15258.96 15755.01 16246.25 16732.54 17213.73 17689.68 62.17 629.35 1196.32 1762.91 2328.94 2894.24 3458.64 4021.97 4584.06 5144.73 5703.82 6261.16 6816.57 7369.88 7920.94 8469.57 9015.60 9558.87 10099.22 10636.48 11170.48 11701.07 12228.08 12751.36 13270.75 13786.08 14297.20 14803.96 15306.21 15803.78 16296.54 16784.33 17267.00 17744.41 62.55 631.48 1200.19 1768.52 2336.29 2903.34 3469.47 4034.54 4598.35 5160.75 5721.56 6280.61 6837.72 7392.74 7945.49 8495.81 9043.52 9588.46 10130.47 10669.38 11205.02 11737.24 12265.87 12790.76 13311.74 13828.65 14341.35 14849.67 15353.45 15852.56 16346.83 16836.11 17320.26 17799.14 62.94 633.61 1204.07 1774.14 2343.65 2912.43 3480.31 4047.10 4612.65 5176.77 5739.30 6300.06 6858.88 7415.60 7970.05 8522.05 9071.44 9618.05 10161.72 10702.28 11239.56 11773.41 12303.66 12830.16 13352.73 13871.23 14385.49 14895.37 15400.70 15901.33 16397.11 16887.90 17373.53 17853.87 63.32 635.74 1207.94 1779.76 2351.01 2921.53 3491.14 4059.67 4626.94 5192.79 5757.03 6319.51 6880.04 7438.46 7994.60 8548.29 9099.36 9647.64 10192.97 10735.18 11274.10 11809.58 12341.46 12869.56 13393.73 13913.81 14429.64 14941.07 15447.95 15950.11 16447.40 16939.68 17426.80 17908.61 63.71 637.87 1211.82 1785.38 2358.37 2930.63 3501.98 4072.24 4641.24 5208.81 5774.77 6338.96 6901.20 7461.32 8019.16 8574.53 9127.28 9677.23 10224.22 10768.08 11308.65 11845.76 12379.25 12908.96 13434.72 13956.39 14473.79 14986.78 15495.19 15998.88 16497.69 16991.47 17480.07 17963.34 64.10 640.00 1215.70 1791.00 2365.73 2939.73 3512.81 4084.81 4655.54 5224.83 5792.51 6358.42 6922.36 7484.19 8043.71 8600.77 9155.20 9706.82 10255.47 10800.98 11343.19 11881.93 12417.04 12948.36 13475.72 13998.97 14517.94 15032.48 15542.44 16047.66 16547.98 17043.26 17533.34 18018.08 64.49 642.14 1219.57 1796.62 2373.10 2948.83 3523.65 4097.37 4669.83 5240.85 5810.26 6377.87 6943.53 7507.05 8068.27 8627.02 9183.12 9736.41 10286.72 10833.89 11377.73 11918.11 12454.84 12987.76 13516.72 14041.55 14562.09 15078.19 15589.69 16096.44 16598.27 17095.05 17586.61 18072.81 64.88 644.27 1223.45 1802.24 2380.46 2957.93 3534.49 4109.95 4684.13 5256.88 5828.00 6397.33 6964.69 7529.92 8092.83 8653.26 9211.04 9766.00 10317.98 10866.79 11412.28 11954.28 12492.63 13027.16 13557.72 14084.13 14606.24 15123.90 15636.94 16145.21 16648.56 17146.84 17639.88 18127.55 65.27 646.41 1227.33 1807.86 2387.82 2967.04 3545.33 4122.52 4698.43 5272.90 5845.74 6416.79 6985.86 7552.78 8117.39 8679.51 9238.97 9795.60 10349.23 10899.70 11446.83 11990.46 12530.43 13066.57 13598.72 14126.71 14650.40 15169.61 15684.19 16193.99 16698.86 17198.63 17693.15 18182.29 65.66 648.55 1231.22 1813.49 2395.19 2976.14 3556.17 4135.09 4712.74 5288.93 5863.49 6436.24 7007.02 7575.65 8141.95 8705.76 9266.90 9825.20 10380.49 10932.60 11481.38 12026.64 12568.22 13105.97 13639.72 14169.29 14694.55 15215.32 15731.45 16242.77 16749.15 17250.42 17746.43 18237.03 66.06 650.69 1235.10 1819.12 2402.56 2985.25 3567.01 4147.67 4727.04 5304.95 5881.23 6455.70 7028.19 7598.52 8166.51 8732.01 9294.82 9854.79 10411.74 10965.51 11515.92 12062.82 12606.02 13145.38 13680.72 14211.88 14738.70 15261.03 15778.70 16291.56 16799.44 17302.21 17799.70 18291.77 66.45 652.83 1238.98 1824.74 2409.93 2994.36 3577.85 4160.24 4741.34 5320.98 5898.98 6475.17 7049.36 7621.39 8191.08 8758.26 9322.75 9884.39 10443.00 10998.42 11550.47 12099.00 12643.82 13184.78 13721.72 14254.46 14782.86 15306.74 15825.95 16340.34 16849.74 17354.00 17852.98 18346.51 66.85 654.97 1242.87 1830.37 2417.30 3003.46 3588.70 4172.82 4755.65 5337.01 5916.73 6494.63 7070.53 7644.26 8215.64 8784.51 9350.68 9913.99 10474.26 11031.33 11585.03 12135.18 12681.62 13224.19 13762.72 14297.05 14827.01 15352.45 15873.21 16389.12 16900.04 17405.80 17906.25 18401.25 67.24 657.11 1246.76 1836.00 2424.67 3012.57 3599.54 4185.40 4769.96 5353.04 5934.48 6514.09 7091.70 7667.13 8240.21 8810.76 9378.61 9943.59 10505.52 11064.24 11619.58 12171.36 12719.42 13263.60 13803.73 14339.64 14871.17 15398.17 15920.46 16437.91 16950.33 17457.59 17959.53 18455.99 67.64 659.25 1250.64 1841.63 2432.04 3021.69 3610.39 4197.98 4784.26 5369.07 5952.23 6533.56 7112.87 7690.00 8264.77 8837.01 9406.54 9973.19 10536.78 11097.15 11654.13 12207.54 12757.23 13303.01 13844.73 14382.23 14915.33 15443.88 15967.72 16486.69 17000.63 17509.39 18012.81 18510.74 68.04 661.40 1254.53 1847.26 2439.41 3030.80 3621.24 4210.56 4798.57 5385.11 5969.98 6553.02 7134.04 7712.88 8289.34 8863.27 9434.47 10002.79 10568.05 11130.07 11688.69 12243.73 12795.03 13342.42 13885.74 14424.82 14959.49 15489.60 16014.98 16535.48 17050.93 17561.18 18066.09 18565.48 68.44 663.54 1258.42 1852.90 2446.79 3039.91 3632.09 4223.14 4812.88 5401.14 5987.74 6572.49 7155.22 7735.75 8313.91 8889.52 9462.41 10032.39 10599.31 11162.98 11723.24 12279.91 12832.83 13381.83 13926.75 14467.41 15003.65 15535.31 16062.24 16584.26 17101.23 17612.98 18119.37 18620.23 68.85 665.69 1262.31 1858.53 2454.16 3049.02 3642.94 4235.72 4827.19 5417.18 6005.49 6591.96 7176.39 7758.63 8338.48 8915.78 9490.34 10062.00 10630.57 11195.90 11757.80 12316.10 12870.64 13421.25 13967.75 14510.00 15047.81 15581.03 16109.50 16633.05 17151.53 17664.78 18172.65 18674.97 69.25 667.84 1266.21 1864.17 2461.54 3058.14 3653.79 4248.30 4841.51 5433.21 6023.25 6611.42 7197.57 7781.51 8363.05 8942.04 9518.28 10091.60 10661.84 11228.81 11792.35 12352.29 12908.45 13460.66 14008.76 14552.59 15091.97 15626.75 16156.76 16681.84 17201.83 17716.58 18225.93 18729.72 69.65 669.99 1270.10 1869.80 2468.92 3067.26 3664.64 4260.89 4855.82 5449.25 6041.00 6630.89 7218.75 7804.38 8387.63 8968.29 9546.21 10121.21 10693.11 11261.73 11826.91 12388.48 12946.25 13500.08 14049.77 14595.18 15136.14 15672.47 16204.02 16730.63 17252.13 17768.38 18279.21 18784.47 70.06 672.14 1274.00 1875.44 2476.30 3076.37 3675.50 4273.48 4870.13 5465.29 6058.76 6650.37 7239.93 7827.26 8412.20 8994.55 9574.15 10150.82 10724.38 11294.65 11861.47 12424.67 12984.06 13539.49 14090.79 14637.78 15180.30 15718.19 16251.28 16779.42 17302.44 17820.18 18332.49 18839.21 70.46 674.29 1277.89 1881.08 2483.68 3085.49 3686.35 4286.06 4884.45 5481.33 6076.52 6669.84 7261.11 7850.14 8436.77 9020.81 9602.09 10180.43 10755.64 11327.57 11896.03 12460.86 13021.87 13578.91 14131.80 14680.37 15224.46 15763.91 16298.55 16828.21 17352.74 17871.98 18385.77 18893.96 70.87 676.44 1281.79 1886.72 2491.06 3094.61 3697.21 4298.65 4898.77 5497.37 6094.28 6689.31 7282.29 7873.03 8461.35 9047.08 9630.03 10210.04 10786.91 11360.49 11930.59 12497.05 13059.68 13618.33 14172.81 14722.97 15268.63 15809.63 16345.81 16877.00 17403.05 17923.78 18439.06 18948.71 71.28 678.60 1285.69 1892.36 2498.44 3103.73 3708.06 4311.24 4913.09 5513.41 6112.04 6708.79 7303.47 7895.91 8485.93 9073.34 9657.97 10239.65 10818.18 11393.41 11965.16 12533.24 13097.49 13657.75 14213.83 14765.56 15312.80 15855.35 16393.07 16925.79 17453.35 17975.59 18492.34 19003.46 71.69 680.75 1289.59 1898.01 2505.82 3112.86 3718.92 4323.83 4927.40 5529.46 6129.80 6728.26 7324.65 7918.79 8510.50 9099.60 9685.91 10269.26 10849.46 11426.34 11999.72 12569.43 13135.31 13697.17 14254.84 14808.16 15356.96 15901.08 16440.34 16974.59 17503.66 18027.39 18545.63 19058.22 72.10 682.91 1293.49 1903.65 2513.21 3121.98 3729.78 4336.42 4941.72 5545.50 6147.57 6747.74 7345.84 7941.68 8535.08 9125.87 9713.86 10298.87 10880.73 11459.26 12034.28 12605.63 13173.12 13736.59 14295.86 14850.76 15401.13 15946.80 16487.61 17023.38 17553.97 18079.20 18598.92 19112.97 72.52 685.07 1297.39 1909.29 2520.59 3131.11 3740.64 4349.02 4956.05 5561.55 6165.33 6767.22 7367.02 7964.56 8559.66 9152.13 9741.80 10328.48 10912.00 11492.18 12068.85 12641.82 13210.94 13776.01 14336.87 14893.36 15445.30 15992.53 16534.88 17072.18 17604.27 18131.00 18652.20 19167.72 72.93 687.23 1301.29 1914.94 2527.98 3140.23 3751.50 4361.61 4970.37 5577.59 6183.10 6786.70 7388.21 7987.45 8584.24 9178.40 9769.75 10358.10 10943.28 11525.11 12103.42 12678.02 13248.75 13815.43 14377.89 14935.96 15489.47 16038.26 16582.14 17120.98 17654.58 18182.81 18705.49 19222.48 73.34 689.39 1305.20 1920.59 2535.37 3149.36 3762.37 4374.21 4984.69 5593.64 6200.86 6806.18 7409.40 8010.34 8608.83 9204.67 9797.69 10387.72 10974.56 11558.04 12137.98 12714.22 13286.57 13854.86 14418.91 14978.56 15533.64 16083.98 16629.41 17169.77 17704.89 18234.62 18758.78 19277.23
=== END RADAR_SCAN ===

