=== BEGIN RADAR_SCAN ===
scan.index=1
scan.time=29.000000
radar.id=2
radar.frequency=X
radar.scanning_mode=RHI
radar.x=-50000.000
radar.y=200000.000
radar.z=25.000
radar.maximum_range=50000.000
radar.range_resolution=100.000
radar.angular_resolution=1.000000
box.radar_id=2
box.min_range_gate=209.000
box.max_range_gate=466.000
box.min_angle=0.000000
box.max_angle=19.000000
box.num_ranges=258
box.num_angles=19
box.range_resolution=100.000
box.angular_resolution=1.000000
box.other_angle=-132.050460
grid.size=4902
grid.data=0.00 0.00 0.00 0.00 0.00 0.00 0.00 0.00 0.00 0.00 0.00 0.00 0.00 0.00 0.00 0.00 0.00 0.00 0.00 25.81 0.00 0.00 0.00 0.00 0.00 0.00 0.00 0.00 0.00 0.00 0.00 0.00 0.00 0.00 0.00 0.00 0.00 0.00 27.78 32.35 29.59 30.14 29.11 30.54 0.00 0.00 0.00 0.00 0.00 0.00 0.00 0.00 0.00 0.00 0.00 0.00 0.00 29.84 27.33 29.34 29.16 29.89 27.02 30.01 38.13 0.00 0.00 0.00 0.00 0.00 0.00 0.00 0.00 0.00 0.00 0.00 22.89 22.96 25.53 28.75 32.64 32.08 33.24 31.56 35.42 40.01 0.00 0.00 0.00 0.00 0.00 0.00 0.00 0.00 0.00 27.24 29.06 28.29 32.74 28.27 33.69 34.71 29.85 31.82 38.61 41.77 0.00 0.00 0.00 0.00 0.00 0.00 0.00 0.00 27.58 29.32 32.23 31.00 27.53 29.36 32.94 31.17 36.23 35.96 35.91 36.96 31.40 0.00 0.00 0.00 0.00 0.00 0.00 29.41 31.10 28.57 29.95 27.58 26.56 36.58 39.87 33.78 39.78 40.37 35.44 37.59 24.15 0.00 0.00 0.00 0.00 0.00 31.10 28.51 29.06 28.69 26.93 30.27 29.90 35.11 36.19 34.72 40.93 42.48 31.63 29.77 26.93 0.00 0.00 0.00 0.00 30.14 25.94 29.26 33.40 29.62 31.73 31.34 34.54 32.88 45.95 42.01 35.92 36.10 32.88 24.35 19.53 0.00 0.00 0.00 25.11 24.65 25.80 29.50 28.86 35.86 32.62 31.56 33.49 43.24 37.39 36.39 29.01 26.23 23.33 23.37 15.21 0.00 0.00 25.05 25.39 27.63 31.61 28.89 31.23 34.99 32.46 26.72 48.60 36.98 39.89 29.16 29.95 25.35 21.41 18.41 12.06 0.00 29.13 28.12 24.70 29.18 28.56 31.88 33.72 34.06 32.25 46.52 37.30 33.92 30.24 25.87 20.95 21.30 15.43 10.99 9.01 26.73 28.48 23.22 24.78 28.79 27.60 36.17 35.16 43.76 50.47 34.26 35.54 36.14 24.13 23.98 17.68 17.45 8.39 6.23 25.42 31.14 30.83 30.53 28.34 30.76 30.18 41.22 36.54 43.93 35.71 40.58 38.59 27.68 22.64 18.16 14.80 10.93 6.72 24.08 29.37 27.95 28.24 34.00 32.15 35.33 35.23 36.66 42.25 38.17 31.82 33.62 34.10 20.87 23.37 14.33 12.81 4.70 27.31 23.31 31.27 27.55 31.18 32.67 31.93 40.07 36.03 43.88 40.04 41.86 31.09 25.24 23.56 21.84 15.43 8.71 5.84 28.06 25.86 30.68 29.41 27.74 34.81 37.33 33.47 40.73 41.99 41.43 37.82 29.74 29.32 24.60 18.28 13.81 10.77 -1.63 24.89 31.16 28.98 31.56 30.38 35.66 29.22 33.77 40.86 45.35 35.18 35.00 31.76 20.76 24.83 18.21 20.27 12.56 0.10 26.11 24.60 31.82 24.93 28.55 28.82 33.10 33.87 35.61 42.86 35.79 32.92 30.48 23.66 21.64 15.54 15.68 11.53 -1.77 27.30 24.29 26.36 28.97 31.98 31.33 32.92 32.87 37.37 42.89 35.77 34.35 30.22 26.71 24.51 21.54 11.73 10.62 0.27 29.29 25.87 29.23 29.36 31.59 26.21 36.72 35.52 38.24 38.81 39.90 34.58 30.84 23.74 20.26 22.10 14.60 10.60 0.20 26.78 26.05 27.95 27.57 32.52 32.31 34.94 40.10 45.32 51.88 35.71 33.36 26.43 27.94 21.81 18.90 12.25 10.04 1.07 27.46 29.66 31.04 28.37 31.30 27.08 35.10 35.99 39.51 46.12 34.99 30.25 25.63 25.91 23.67 19.76 12.23 10.18 -2.72 25.01 29.06 29.59 30.60 29.85 29.29 34.43 34.44 49.20 46.79 33.49 33.49 27.81 26.66 16.13 19.28 11.66 10.00 -1.91 25.77 28.90 30.89 30.72 29.77 34.53 37.22 30.48 45.27 40.85 33.95 34.46 23.46 22.45 19.85 14.66 10.95 7.91 -0.15 31.30 25.42 32.03 26.26 26.79 34.49 34.64 42.67 41.78 42.32 37.55 30.86 27.80 24.27 19.79 15.62 14.69 8.23 1.92 25.99 27.81 25.92 31.44 35.99 33.75 32.15 38.32 38.91 45.23 36.28 32.20 28.02 23.50 18.51 15.83 10.15 8.26 -1.01 29.50 28.40 30.31 32.12 27.59 34.35 34.55 35.31 43.94 39.16 35.90 32.62 29.38 21.37 19.13 12.48 8.69 8.38 -1.28 27.34 29.01 30.46 31.86 28.00 30.53 29.84 34.68 42.28 41.69 34.37 31.31 28.82 21.82 21.78 16.12 10.90 -0.99 -0.19 29.65 23.94 26.97 29.01 35.82 33.57 34.84 35.59 44.24 39.51 37.98 36.64 30.47 24.63 23.08 14.19 9.94 -0.53 0.15 27.18 29.66 28.45 30.98 32.27 34.52 31.03 29.77 44.06 43.89 38.32 30.26 31.49 25.83 18.11 16.32 12.74 -1.62 -3.16 27.34 29.66 24.08 34.71 28.74 31.56 31.82 40.65 40.22 38.46 34.28 26.05 24.40 21.53 18.25 11.69 8.96 -1.42 1.78 22.55 27.99 29.72 33.63 29.13 30.35 32.67 35.55 42.82 36.90 33.83 35.70 25.82 19.44 17.08 14.76 7.67 0.42 1.38 26.09 26.39 26.98 26.19 35.44 30.75 33.42 31.89 44.95 35.47 33.72 30.32 27.67 20.67 18.84 14.75 8.58 0.18 -0.24 28.64 31.17 27.01 28.16 29.34 30.99 32.16 32.65 50.55 34.42 35.39 28.08 21.41 24.81 18.16 13.80 11.09 2.97 -1.69 26.17 25.04 29.90 27.86 28.61 34.04 33.42 31.12 38.81 38.44 30.39 29.29 27.59 17.09 18.59 12.37 7.81 -0.73 1.11 24.24 27.66 24.88 31.40 30.72 29.17 34.47 37.82 50.05 42.47 34.03 24.50 30.03 19.88 17.26 11.02 8.59 -1.88 -0.99 26.53 28.45 23.29 28.51 28.95 34.01 32.40 33.41 41.54 39.67 32.68 31.54 26.54 20.58 19.38 14.52 8.04 -1.39 1.92 28.15 24.22 24.38 32.08 30.82 33.11 32.39 35.56 45.07 41.19 29.73 28.27 20.39 25.15 15.09 13.01 8.61 -2.65 1.34 24.61 28.99 29.90 29.52 31.01 29.62 36.52 31.60 45.32 38.58 36.85 27.30 26.08 23.72 18.59 12.00 8.88 5.49 -1.63 28.40 30.52 26.35 33.85 32.10 31.89 30.38 40.24 47.19 36.37 33.12 33.20 25.33 16.90 14.44 12.40 6.11 -0.37 0.73 27.11 29.34 30.51 28.90 28.64 35.39 32.51 39.56 48.15 35.57 34.13 29.68 23.43 19.98 16.40 15.71 5.00 -2.78 -0.52 25.18 24.25 29.69 28.18 30.00 33.11 34.72 34.67 45.77 43.10 31.72 31.62 23.52 21.43 14.78 10.29 9.63 0.63 1.00 26.24 31.78 27.76 29.55 32.20 38.09 32.80 35.65 41.93 33.98 32.41 26.55 25.52 19.09 15.37 9.76 0.03 0.44 -1.05 27.97 23.91 28.42 32.66 33.88 34.73 34.66 42.06 43.22 32.59 32.71 29.21 23.98 20.99 15.21 12.56 -1.91 -1.06 -1.85 22.26 25.95 30.32 30.14 32.48 32.89 34.65 35.19 41.69 38.05 34.45 28.61 20.32 17.04 15.78 12.64 0.01 -1.83 0.26 26.30 27.35 26.13 27.60 35.08 32.67 39.99 33.45 35.06 38.70 32.41 30.56 23.88 18.33 16.15 11.60 1.45 0.88 -1.05 26.12 28.94 26.82 30.62 34.70 35.72 33.10 38.15 42.93 36.91 32.04 29.10 25.36 19.71 13.94 7.66 -1.07 -0.10 -0.32 27.49 24.32 24.54 33.10 35.92 31.98 38.63 35.94 42.43 31.77 36.36 26.41 24.76 19.55 14.14 12.80 0.35 1.80 -2.74 28.53 27.06 31.92 29.08 34.27 33.80 32.60 42.74 47.06 36.13 33.50 32.04 22.59 20.99 12.14 11.00 3.36 -3.20 -1.01 29.28 26.18 31.46 28.45 30.02 32.06 37.60 35.09 41.31 32.58 33.65 26.11 24.71 18.47 9.71 7.03 -0.58 1.78 2.19 26.42 29.92 24.31 34.41 30.56 32.57 33.12 37.84 42.71 34.68 32.54 27.02 20.16 17.70 11.60 9.19 -0.00 2.29 0.34 29.73 23.75 26.44 29.86 32.40 33.56 36.06 41.42 46.54 36.66 26.69 26.31 21.33 16.13 11.59 7.02 0.05 -1.65 -1.06 21.71 30.52 26.74 29.91 31.04 34.62 38.98 32.92 41.51 33.92 31.47 29.20 19.56 18.88 16.37 6.70 -2.58 3.06 -0.77 26.20 28.46 29.78 29.13 28.15 29.53 35.12 43.54 40.16 34.64 28.42 29.47 20.75 18.13 10.71 9.07 0.02 2.41 -0.67 27.11 24.32 26.54 29.26 32.20 31.35 33.63 36.02 37.92 39.63 32.89 27.39 23.45 19.26 11.39 7.41 0.01 1.37 -1.31 24.86 27.65 28.65 35.67 32.03 29.93 38.84 41.85 39.82 35.23 27.48 24.06 22.07 17.04 11.56 7.75 -0.73 0.32 0.96 26.93 25.20 26.57 35.80 28.68 33.06 36.57 39.74 41.95 39.76 31.16 28.85 25.77 15.10 12.77 7.46 -0.39 3.31 2.98 30.20 26.33 28.29 33.37 31.78 32.26 37.73 40.06 38.30 37.88 28.33 24.59 18.96 18.68 10.62 5.76 -0.45 1.86 0.18 28.79 29.66 29.71 31.41 29.64 37.95 39.03 42.61 38.38 34.37 27.53 24.33 21.24 14.78 10.89 0.49 0.91 0.03 1.94 30.02 25.58 25.81 29.20 31.52 32.74 34.69 44.83 39.19 31.19 30.08 24.73 20.88 12.28 12.55 -1.75 0.22 0.86 -1.40 24.40 25.76 32.21 33.72 30.94 33.83 33.77 37.94 37.79 33.73 32.57 27.29 19.46 14.69 12.27 -0.86 0.50 -1.95 1.27 31.26 27.62 24.66 29.31 32.61 33.67 34.33 42.04 41.55 31.23 25.33 24.42 20.64 12.67 9.17 0.61 -0.24 1.66 -1.00 35.25 28.20 27.96 32.31 32.73 33.37 35.62 42.35 40.31 33.79 27.00 26.66 17.92 14.32 9.65 0.81 -0.19 1.50 -2.58 28.91 26.61 31.43 28.77 29.22 37.30 41.15 43.08 35.99 38.32 29.75 29.20 16.18 13.04 10.87 -0.02 -0.63 -2.54 0.70 24.95 30.45 29.11 36.03 31.30 32.83 33.77 41.43 41.15 35.17 27.75 28.36 17.70 15.10 12.02 1.27 -0.18 -0.39 -3.19 26.19 30.52 29.32 31.75 37.16 31.81 37.11 42.29 39.40 33.79 31.62 23.36 15.47 12.27 8.97 1.03 -1.67 -2.02 -3.43 26.67 24.85 24.64 35.69 29.74 34.07 35.96 43.16 36.32 29.28 29.07 22.43 19.60 15.61 9.88 1.32 -1.07 -0.08 -1.04 26.86 30.13 30.14 32.85 29.05 35.88 33.65 37.69 31.18 34.10 27.00 25.08 20.69 13.21 10.06 2.34 0.62 2.60 -0.49 25.48 30.64 29.30 33.98 34.24 34.97 33.30 46.69 35.65 31.25 29.49 23.76 18.75 15.11 10.86 1.08 -3.20 2.41 -1.22 24.80 27.37 29.78 29.17 33.17 31.84 34.85 41.42 37.84 32.17 26.48 22.91 19.18 11.39 6.86 -0.20 1.32 -2.00 0.05 26.30 28.05 30.15 29.80 30.15 35.61 39.47 44.21 36.85 35.72 28.50 23.55 17.16 12.92 9.40 2.53 0.54 -0.02 -0.86 27.64 28.96 32.85 37.18 34.03 33.08 32.59 44.83 36.16 35.89 23.25 23.25 17.69 12.24 8.70 -1.65 -1.35 1.34 -2.24 28.17 29.90 27.08 37.69 34.97 35.13 30.48 45.16 41.79 37.60 33.32 20.20 19.40 11.07 4.75 2.34 -1.53 -1.41 1.80 25.28 27.87 27.17 34.82 26.49 35.52 30.99 42.95 39.79 31.96 30.07 19.20 14.16 12.32 7.63 -2.08 0.87 1.51 -2.29 25.62 23.91 26.42 35.57 32.92 29.94 33.38 41.71 41.30 35.41 26.64 20.02 15.43 10.86 7.57 0.27 1.76 2.46 0.71 28.42 24.67 27.65 30.78 33.10 34.33 32.10 46.47 34.19 33.71 27.22 25.18 16.33 10.41 9.07 -2.47 -0.43 -1.99 2.84 31.93 25.90 26.50 31.92 29.03 32.53 34.57 46.53 37.76 28.42 28.42 24.22 17.89 11.90 1.92 3.92 1.26 -1.03 0.32 29.74 27.93 28.95 30.51 31.06 39.21 35.58 44.38 37.49 32.55 26.88 24.40 21.15 12.19 2.10 -1.92 -0.63 -0.09 1.26 25.06 25.29 29.66 29.27 30.04 35.42 33.76 41.24 36.83 32.49 29.24 21.33 15.04 13.00 0.39 1.34 -1.09 0.92 -1.40 27.81 26.61 29.10 31.83 32.47 33.50 37.05 39.64 39.95 27.87 25.16 23.93 16.98 11.90 1.25 -2.39 -1.74 -0.20 1.74 30.86 27.08 29.15 27.52 29.78 34.09 33.62 38.33 35.64 29.55 24.64 24.16 19.21 9.55 0.49 0.53 3.70 0.66 0.51 23.10 29.56 28.65 29.34 29.04 33.91 38.81 44.55 39.46 30.71 25.88 23.26 15.52 9.74 -0.50 -0.19 -2.82 -1.04 -0.26 23.94 26.52 30.87 28.26 34.20 31.32 39.43 38.98 31.37 26.24 25.07 16.69 15.41 12.36 -1.66 -2.03 -0.19 0.23 1.89 22.15 25.03 33.33 29.90 28.70 31.85 34.33 39.32 32.26 33.14 24.96 17.70 14.71 8.98 0.39 3.49 -0.83 1.65 -0.41 26.96 29.67 31.86 33.82 30.92 36.76 46.04 39.51 37.86 32.92 25.12 18.21 12.27 10.15 -2.21 -0.86 -0.74 2.31 0.82 29.02 26.52 28.33 35.90 32.72 40.02 39.00 47.51 31.72 29.65 25.16 21.82 16.78 9.60 -0.59 -1.53 0.64 -2.11 -1.84 27.04 24.40 27.44 30.35 30.52 25.80 31.61 38.64 34.32 28.18 20.85 16.84 15.86 11.93 -0.91 -0.37 0.28 -0.20 1.12 27.24 25.35 22.12 30.23 34.48 35.63 38.74 46.03 33.75 26.68 26.42 23.81 11.57 8.48 0.31 2.38 -0.34 0.45 -0.34 27.98 25.89 28.77 30.51 32.41 33.92 36.12 37.70 35.55 28.32 25.63 18.25 16.18 6.67 -4.31 -0.98 -1.82 2.16 -0.66 29.31 27.54 28.21 27.12 34.67 32.36 37.49 40.86 37.74 33.40 23.76 21.44 17.69 13.05 -0.29 0.52 -1.12 0.74 0.13 26.61 26.33 32.07 29.09 30.25 33.30 42.12 38.54 30.84 28.72 24.76 17.18 12.23 9.28 -0.89 -1.74 3.33 3.32 -0.02 27.10 24.24 27.71 32.40 32.51 36.15 33.30 39.32 39.91 31.11 29.03 19.92 12.53 7.58 -0.20 1.00 -0.41 0.28 -1.01 26.49 24.55 30.91 30.78 31.91 40.52 37.01 41.23 33.08 28.36 24.21 21.41 11.16 6.33 0.15 -2.11 1.19 -0.54 -2.58 27.11 25.45 30.46 30.97 40.31 31.72 37.05 38.80 34.15 29.40 22.80 13.64 13.88 7.09 -1.65 1.96 1.25 -0.03 0.43 25.48 24.64 23.11 29.81 31.80 31.77 39.54 37.06 33.43 27.51 24.30 15.54 11.39 4.52 -1.33 -1.96 1.08 -0.43 0.69 22.99 23.08 29.03 28.01 33.02 34.35 37.27 38.30 34.85 27.06 24.38 17.86 10.73 4.89 0.44 -0.36 1.23 -3.49 -2.26 26.33 27.18 24.27 33.90 34.07 36.96 40.28 37.27 32.38 27.41 23.83 18.62 13.15 6.79 0.58 0.25 -0.51 0.93 -1.59 24.12 30.46 32.16 28.28 37.27 35.26 38.30 39.66 37.87 32.68 22.35 17.78 11.43 6.35 -1.57 0.45 0.44 1.17 -0.58 23.51 24.84 29.49 31.04 36.63 34.14 34.25 40.07 32.68 28.54 22.75 17.44 9.67 -1.21 -2.26 -0.22 0.94 -0.42 -0.73 30.03 25.16 29.77 29.87 35.51 37.82 41.90 37.24 37.57 31.67 21.19 17.20 12.42 2.68 2.94 0.99 0.04 1.04 -0.61 23.58 24.39 25.64 29.94 33.58 34.78 41.13 36.94 31.28 28.15 22.82 15.69 10.96 0.14 -0.81 0.32 1.28 -0.88 -2.14 25.89 27.25 33.56 35.49 29.79 32.79 43.99 39.23 29.60 25.07 25.34 15.11 12.27 0.20 -1.58 0.95 0.60 4.72 -2.15 26.31 29.18 30.93 31.32 32.12 36.33 43.10 42.99 32.83 28.42 27.55 16.76 12.61 -0.88 -0.47 0.10 -2.25 1.10 0.73 28.04 28.35 26.93 33.49 32.04 35.51 42.50 39.03 38.12 22.52 20.14 16.29 11.12 -0.70 -2.95 -1.78 -1.76 2.55 -0.99 26.64 27.35 25.74 30.16 35.34 33.81 37.73 44.56 34.97 26.97 25.18 17.27 10.53 4.34 -1.86 -2.32 0.01 0.96 -0.10 25.21 27.70 28.74 31.69 33.40 31.70 44.30 38.36 36.01 23.60 22.54 12.89 8.80 1.28 -0.26 -1.26 0.49 0.19 2.97 24.23 27.69 32.50 32.76 30.57 35.56 38.03 40.29 36.50 30.19 19.66 16.39 8.62 -0.65 -0.89 0.76 4.50 0.31 1.39 25.91 23.18 31.88 27.62 25.62 36.77 37.98 37.61 31.88 29.51 20.41 15.84 10.11 -0.25 -0.38 -1.04 -2.58 -0.73 0.77 27.88 24.66 24.48 29.92 37.71 37.15 46.64 36.73 34.37 31.17 19.92 16.93 7.95 1.17 -2.29 -4.30 2.95 1.05 1.70 29.01 27.29 25.10 32.32 36.54 32.13 41.54 38.67 33.73 21.42 23.15 15.07 11.75 0.27 1.80 -1.89 -1.82 1.04 1.01 29.33 28.81 27.26 31.39 34.49 36.40 40.84 37.74 37.21 25.68 19.58 14.78 10.17 -0.89 2.61 -0.21 -3.28 2.66 0.46 30.29 29.30 32.13 29.82 30.96 34.48 39.58 43.09 34.29 27.06 20.54 15.08 9.99 -1.45 1.98 -0.95 2.30 -2.59 2.15 27.83 28.77 33.55 29.68 34.93 33.65 42.59 40.74 36.76 26.44 20.52 15.82 8.36 -1.38 1.53 2.04 0.52 -1.17 -2.03 25.11 33.22 25.44 28.40 31.44 34.45 39.99 38.11 32.50 27.50 16.32 15.19 7.53 1.75 -0.71 -2.61 -0.58 1.19 0.18 29.25 26.81 31.73 31.99 36.48 33.61 41.71 41.66 32.75 27.27 23.01 15.96 5.78 -1.74 -1.17 1.00 0.10 -0.17 -0.90 27.06 28.25 26.41 30.05 32.11 35.12 45.52 36.34 31.41 27.56 25.59 14.08 7.50 -0.96 1.64 1.88 0.44 -0.67 -1.71 26.11 23.82 22.55 32.90 34.14 27.70 40.83 34.95 31.79 26.85 21.52 15.01 4.40 1.60 -2.53 -1.47 -1.19 0.48 -0.11 31.73 25.71 29.88 27.72 27.02 35.78 49.82 38.32 40.26 29.22 20.17 17.40 8.85 -0.74 0.65 0.93 1.49 0.76 0.38 23.80 23.53 30.60 35.03 36.74 33.51 37.16 37.54 31.89 24.22 19.79 11.66 8.19 -0.39 -0.43 -0.75 -1.86 -2.19 -1.39 33.26 29.79 32.15 29.96 34.90 32.10 48.65 38.06 34.78 25.40 21.64 13.74 8.23 0.78 0.85 -1.26 0.57 2.45 0.65 26.44 27.40 27.30 31.26 35.04 33.43 42.62 42.92 31.92 28.47 21.56 15.85 9.05 -0.97 -0.85 0.84 -0.71 -1.09 -0.13 27.49 28.04 24.14 30.37 28.90 34.58 43.37 41.05 32.46 27.63 18.30 14.41 9.56 -0.67 3.79 2.29 -0.09 2.29 -1.84 26.41 26.16 31.05 33.57 29.46 34.13 48.26 38.69 30.37 25.46 20.87 15.36 7.13 1.24 -2.33 1.49 -2.30 0.68 -2.07 26.40 23.96 28.31 31.99 30.46 32.48 39.96 36.51 31.76 23.81 17.60 11.44 0.90 -2.96 2.08 0.29 -0.00 0.81 -0.57 27.92 30.16 30.33 30.60 30.05 34.62 46.43 44.50 32.69 26.64 17.08 14.96 0.16 0.97 -2.64 -1.76 -1.32 -1.82 -0.55 30.44 29.07 26.81 28.84 32.84 36.84 39.78 35.79 34.42 27.09 22.96 14.06 -0.27 0.66 0.87 2.96 -0.11 0.99 -1.47 26.49 28.80 29.92 31.50 27.60 35.49 39.10 37.00 28.11 26.11 19.45 9.16 -0.98 -0.22 -1.87 -0.37 -2.39 -0.54 -2.40 26.76 28.27 26.02 30.34 33.92 30.31 41.84 39.21 31.16 26.10 20.47 13.88 0.98 -1.79 0.84 -1.51 -0.08 1.33 0.56 29.65 27.97 26.41 32.14 32.81 36.51 42.08 37.26 33.38 24.51 20.54 11.69 -1.41 -0.48 1.40 -0.34 -0.30 -0.02 2.00 25.46 24.21 31.63 29.36 30.23 30.63 44.98 37.67 33.63 24.17 19.43 11.41 -1.91 -0.25 0.44 0.14 3.60 1.95 -1.92 23.76 28.55 30.09 28.84 31.43 34.97 41.13 34.09 31.98 24.94 19.50 10.15 3.92 -0.97 1.50 2.33 1.55 -0.01 -1.24 22.23 23.03 27.62 34.58 35.44 35.04 45.63 42.78 24.27 21.11 14.22 10.81 0.02 0.87 -0.26 0.43 0.42 0.80 0.49 25.99 28.38 28.30 33.35 39.31 36.51 43.06 38.09 25.77 23.62 19.89 11.15 0.04 -0.16 0.85 -0.95 0.05 1.81 -0.54 27.05 25.19 26.66 28.96 30.22 40.82 46.89 38.83 27.40 23.51 19.21 8.54 -0.01 -1.41 -1.49 -0.30 1.43 -1.76 -0.30 25.72 30.72 31.38 28.23 32.61 33.82 41.09 32.30 28.85 24.91 16.86 12.06 -0.24 0.76 1.17 0.48 0.33 -1.31 1.46 30.96 30.02 29.08 32.45 37.25 37.37 45.52 37.43 28.96 24.15 16.43 10.76 -1.33 3.12 -2.95 -1.78 -0.58 3.11 0.71 27.63 29.30 30.86 33.73 36.22 35.40 42.98 35.17 30.67 26.24 17.90 11.30 -0.44 0.27 -1.31 -1.14 1.57 -1.74 1.88 24.13 25.36 26.39 29.90 31.56 30.92 38.58 34.46 35.44 21.27 18.79 11.66 1.62 -1.12 -0.89 1.46 -0.54 0.94 1.40 27.82 28.82 30.73 33.40 35.21 36.22 42.03 36.58 26.06 21.25 17.66 11.13 1.08 -1.00 0.18 2.36 0.99 0.83 -0.94 29.70 28.19 33.26 26.78 33.06 37.74 34.97 36.73 30.85 24.89 15.90 9.19 0.33 0.43 2.45 -1.07 0.23 0.62 -2.73 29.26 25.55 25.63 32.48 26.58 36.15 47.32 33.73 27.00 23.90 15.84 11.78 0.43 -1.43 2.10 1.36 1.66 -2.23 -0.42 23.91 28.39 30.59 30.60 37.23 33.74 49.29 38.31 29.11 21.11 13.79 7.11 0.14 0.02 1.19 -0.77 0.94 0.48 -0.09 25.64 33.43 30.49 38.38 29.86 40.99 40.15 35.08 30.22 19.60 14.81 4.39 1.02 -0.42 1.85 -1.95 -0.70 -1.11 2.41 29.51 22.59 31.78 27.50 34.36 31.90 43.71 41.66 31.37 20.99 14.89 10.32 -5.82 -1.13 -1.18 -0.17 0.77 -2.06 0.10 25.33 28.04 30.13 30.30 32.32 31.14 39.81 36.86 28.08 20.51 17.10 9.79 4.52 0.55 1.57 2.74 0.80 -1.90 -2.01 29.49 28.23 25.82 32.44 32.94 34.35 36.75 39.10 26.33 21.13 11.96 7.44 1.39 -2.44 0.66 1.67 -1.03 -1.15 0.60 26.85 28.91 31.03 27.53 32.95 38.62 37.16 34.42 30.58 21.60 18.16 8.65 0.58 0.61 1.04 -1.37 -1.05 0.91 -0.87 22.79 27.17 31.16 30.81 27.44 37.09 43.66 37.36 28.70 18.95 11.96 7.12 0.25 0.98 0.74 -0.22 -0.03 -0.97 -0.85 25.55 27.69 31.49 29.75 30.00 38.90 43.50 35.21 28.91 24.90 16.99 6.13 -2.88 -3.43 1.93 2.25 0.29 1.12 1.01 30.61 28.64 29.73 30.73 33.30 31.65 32.90 31.22 27.81 19.87 14.62 7.91 0.09 -1.30 1.79 -0.48 2.54 -0.94 4.33 29.49 29.24 33.00 28.68 39.73 37.36 45.38 33.27 32.40 18.21 10.84 6.16 1.26 -1.73 0.13 0.48 0.70 1.45 1.11 26.58 25.61 31.57 31.03 33.98 32.85 44.34 36.88 27.81 20.88 15.39 6.49 2.66 -1.20 -3.44 0.91 1.41 -0.88 0.18 24.45 29.82 30.18 26.94 35.45 36.16 42.88 38.09 26.11 22.85 14.28 1.08 0.04 1.21 1.00 -0.39 -3.21 -0.18 -1.15 29.34 25.59 31.69 32.57 27.95 35.19 43.58 35.77 20.77 21.07 12.92 -1.47 -1.27 -2.97 1.93 -1.39 1.07 -1.50 0.60 28.28 25.33 30.63 30.34 36.39 36.96 45.56 30.17 22.95 18.94 14.53 -0.79 0.02 -1.19 -0.68 -0.29 -0.09 0.65 2.26 25.80 24.91 28.22 28.01 34.57 34.61 37.00 28.63 29.04 20.03 11.72 1.64 -0.23 2.34 -3.64 -1.02 0.48 -0.24 1.74 31.08 32.84 29.06 31.32 32.76 31.00 44.32 32.11 25.62 21.37 16.32 0.17 -0.18 -0.68 1.71 -0.49 -0.09 -1.55 0.99 30.63 27.18 24.08 31.67 30.79 34.76 39.54 30.07 27.51 16.64 13.93 0.04 0.49 -1.55 -1.46 -0.82 -0.41 -2.85 0.86 32.77 28.29 30.08 34.64 35.58 36.73 42.67 33.71 26.36 14.94 13.47 3.22 -0.04 1.47 1.83 0.67 1.73 -0.52 -2.22 23.84 30.99 34.54 34.05 37.09 36.90 42.32 35.98 19.94 19.71 9.46 1.32 -1.78 -1.00 -0.19 -1.40 0.07 -1.48 -1.64 29.86 31.38 31.59 31.08 30.47 37.56 42.48 32.81 23.53 20.39 13.06 0.05 2.17 0.31 0.93 2.34 0.26 1.25 -1.58 25.26 31.60 30.84 26.91 31.79 37.62 39.77 35.65 29.05 20.87 9.34 -1.63 0.28 2.11 -2.08 -3.27 -0.49 0.50 0.03 28.32 27.09 34.26 29.34 34.63 44.95 36.17 34.97 27.77 19.93 10.25 3.95 -0.33 1.50 1.90 0.78 -0.06 0.61 -0.81 25.77 26.65 32.13 29.75 36.96 41.00 38.77 32.09 29.98 21.59 11.18 0.73 -0.41 0.13 -0.09 -0.34 -0.49 -2.43 0.18 21.43 29.43 32.73 34.43 38.75 41.88 35.17 30.47 22.51 17.83 10.33 3.99 2.65 -0.13 -2.14 0.45 0.37 1.60 0.95 26.31 31.27 34.96 31.95 37.42 42.87 36.09 35.07 25.21 15.92 10.19 1.10 -2.36 0.40 0.13 0.15 -0.71 0.20 0.71 27.56 30.49 30.06 29.04 36.09 40.44 35.97 32.62 26.51 16.28 11.30 0.69 2.43 1.24 -0.13 -0.98 -1.43 1.83 0.05 29.88 27.50 29.45 35.09 35.65 37.98 42.71 35.18 27.91 15.07 10.44 1.94 1.65 0.65 -0.25 -0.72 2.64 0.23 1.37 25.10 27.73 24.86 29.37 38.06 35.17 42.09 31.55 23.58 18.17 10.18 0.61 -1.57 -0.52 1.29 0.80 -0.51 0.42 0.78 28.37 30.76 29.46 29.04 30.65 39.71 38.79 29.06 26.89 17.94 10.82 0.69 1.39 1.99 0.66 1.60 1.83 -0.32 1.00 27.89 26.35 25.88 38.13 35.38 40.21 40.12 34.35 24.88 19.88 12.46 1.47 0.55 -1.28 0.61 2.18 -0.88 0.01 -0.56 25.99 28.43 29.36 27.09 33.52 44.76 46.47 30.46 25.98 19.09 10.41 0.70 2.77 2.53 -0.64 2.74 -0.20 0.90 -2.76 26.48 27.49 29.29 31.44 34.62 38.44 42.48 31.08 25.30 14.40 11.28 -2.50 2.09 -0.72 0.39 -1.64 1.86 -0.66 1.10 27.25 29.74 27.15 28.84 36.51 41.03 38.38 29.54 27.50 13.97 11.81 1.21 -1.52 0.91 0.42 2.38 -1.49 -1.90 0.25 27.27 30.13 30.64 29.95 32.16 44.58 41.73 30.79 25.21 18.39 11.40 -0.40 -1.58 0.99 -0.26 0.38 -2.71 -0.16 -0.08 28.71 26.12 29.38 35.97 32.30 39.11 36.62 28.90 27.01 17.07 11.18 -0.77 -0.24 0.98 -1.49 -1.35 0.41 0.80 1.48 26.48 27.65 25.50 32.22 35.99 48.13 39.01 30.14 24.75 16.96 7.92 0.44 -0.35 1.58 1.49 -0.74 1.10 -2.32 2.01 27.51 30.58 34.42 35.99 32.77 42.84 32.64 30.56 24.52 17.48 8.59 -0.83 1.63 -0.01 1.33 0.57 -2.80 1.28 -2.73 27.35 28.31 34.96 30.90 37.04 39.23 35.28 27.43 24.93 16.01 7.18 1.07 2.40 -1.29 0.54 -0.41 2.20 0.50 2.43 25.57 30.10 25.49 32.59 37.08 45.61 39.41 33.53 21.86 13.05 6.43 1.08 0.18 3.47 -0.32 2.58 0.45 0.58 0.89 29.09 27.63 29.40 32.92 35.24 38.97 35.05 32.38 21.93 16.67 7.89 1.00 1.81 0.70 -0.56 0.86 1.08 1.16 1.39 27.71 27.38 30.47 31.49 34.65 48.44 31.61 26.75 21.59 15.12 5.18 -1.75 1.03 1.92 -2.98 0.15 -0.54 -1.84 -0.93 26.37 32.93 32.42 34.54 35.70 44.15 39.08 28.40 25.06 17.03 7.65 -1.82 -1.01 -0.78 -0.75 -0.60 -0.66 2.77 0.42 26.25 27.85 30.05 29.97 33.79 45.65 36.85 31.18 22.54 16.87 3.88 -0.04 -0.03 -0.81 1.22 1.10 -1.93 -1.76 0.78 29.50 26.44 31.53 35.74 36.37 43.91 37.95 29.01 23.25 17.18 8.92 -4.13 -3.71 1.03 -1.33 -3.15 2.51 1.31 -3.42 0.00 0.00 0.00 31.21 34.64 42.38 35.69 28.78 21.79 14.03 7.15 1.34 -0.07 2.72 -0.03 -0.45 -1.64 0.76 -2.92 0.00 0.00 0.00 0.00 0.00 47.83 35.49 28.34 25.76 14.50 6.66 -1.36 1.02 -1.57 0.09 -0.41 -0.18 -0.56 1.03 0.00 0.00 0.00 0.00 0.00 0.00 40.76 27.30 22.78 14.00 1.13 0.86 0.17 0.77 1.66 3.37 -0.66 0.80 0.96 0.00 0.00 0.00 0.00 0.00 0.00 0.00 0.00 20.97 12.13 1.25 -1.55 0.44 -0.38 1.65 0.73 2.76 -2.27 1.75 0.00 0.00 0.00 0.00 0.00 0.00 0.00 0.00 0.00 12.57 -2.43 -1.87 0.24 -3.39 0.50 -0.57 1.51 -0.21 1.41 0.00 0.00 0.00 0.00 0.00 0.00 0.00 0.00 0.00 0.00 1.16 1.08 0.97 3.96 2.23 -4.47 -0.31 0.07 2.25 0.00 0.00 0.00 0.00 0.00 0.00 0.00 0.00 0.00 0.00 -1.73 1.10 -0.19 1.33 2.50 3.00 1.81 1.58 0.42 0.00 0.00 0.00 0.00 0.00 0.00 0.00 0.00 0.00 0.00 0.00 0.39 -2.29 -1.20 -1.84 -1.30 0.89 3.09 -1.77 0.00 0.00 0.00 0.00 0.00 0.00 0.00 0.00 0.00 0.00 0.00 0.00 2.97 -2.09 0.85 2.48 0.95 1.06 -2.29 0.00 0.00 0.00 0.00 0.00 0.00 0.00 0.00 0.00 0.00 0.00 0.00 0.00 -2.32 -0.81 -0.36 1.64 1.38 -2.21 0.00 0.00 0.00 0.00 0.00 0.00 0.00 0.00 0.00 0.00 0.00 0.00 0.00 1.03 0.33 -1.12 -3.10 1.56 -1.79 0.00 0.00 0.00 0.00 0.00 0.00 0.00 0.00 0.00 0.00 0.00 0.00 0.00 0.00 -0.41 0.24 -0.71 -0.61 0.98 0.00 0.00 0.00 0.00 0.00 0.00 0.00 0.00 0.00 0.00 0.00 0.00 0.00 0.00 -2.77 0.17 3.02 -1.68 -1.96 0.00 0.00 0.00 0.00 0.00 0.00 0.00 0.00 0.00 0.00 0.00 0.00 0.00 0.00 0.00 -2.01 -0.30 -0.36 0.76 0.00 0.00 0.00 0.00 0.00 0.00 0.00 0.00 0.00 0.00 0.00 0.00 0.00 0.00 0.00 2.18 -0.54 -1.12 -1.77 0.00 0.00 0.00 0.00 0.00 0.00 0.00 0.00 0.00 0.00 0.00 0.00 0.00 0.00 0.00 0.00 1.48 1.29 -3.29 0.00 0.00 0.00 0.00 0.00 0.00 0.00 0.00 0.00 0.00 0.00 0.00 0.00 0.00 0.00 0.00 1.52 -1.00 1.59 0.00 0.00 0.00 0.00 0.00 0.00 0.00 0.00 0.00 0.00 0.00 0.00 0.00 0.00 0.00 0.00 0.00 -0.12 -0.04 0.00 0.00 0.00 0.00 0.00 0.00 0.00 0.00 0.00 0.00 0.00 0.00 0.00 0.00 0.00 0.00 0.00 1.30 -1.40 0.00 0.00 0.00 0.00 0.00 0.00 0.00 0.00 0.00 0.00 0.00 0.00 0.00 0.00 0.00 0.00 0.00 0.00 2.54 0.00 0.00 0.00 0.00 0.00 0.00 0.00 0.00 0.00 0.00 0.00 0.00 0.00 0.00 0.00 0.00 0.00 0.00 1.12 0.00 0.00 0.00 0.00 0.00 0.00 0.00 0.00 0.00 0.00 0.00 0.00 0.00 0.00 0.00 0.00 0.00 0.00 0.00 0.00 0.00 0.00 0.00 0.00 0.00 0.00 0.00 0.00 0.00 0.00 0.00 0.00 0.00 0.00 0.00 0.00 0.00 0.00 0.00 0.00 0.00 0.00 0.00 0.00 0.00 0.00 0.00 0.00 0.00 0.00 0.00 0.00 0.00 0.00 0.00 0.00 0.00 0.00 0.00 0.00 0.00 0.00 0.00 0.00 0.00 0.00 0.00 0.00 0.00 0.00 0.00 0.00 0.00 0.00 0.00 0.00 0.00 0.00 0.00 0.00 0.00 0.00 0.00 0.00 0.00 0.00 0.00 0.00 0.00 0.00 0.00 0.00 0.00 0.00 0.00 0.00 0.00 0.00 0.00 0.00 0.00 0.00 0.00 0.00 0.00 0.00 0.00 0.00 0.00 0.00 0.00 0.00 0.00 0.00 0.00 0.00 0.00 0.00 0.00 0.00 0.00 0.00 0.00 0.00 0.00 0.00 0.00 0.00 0.00 0.00 0.00 0.00 0.00 0.00 0.00 0.00 0.00 0.00 0.00 0.00 0.00 0.00 0.00 0.00 0.00 0.00 0.00 0.00 0.00 0.00 0.00 0.00 0.00 0.00 0.00 0.00 0.00 0.00 0.00 0.00 0.00 0.00 0.00 0.00 0.00 0.00 0.00 0.00 0.00 0.00 0.00 0.00 0.00 0.00 0.00 0.00 0.00 0.00 0.00 0.00 0.00 0.00 0.00 0.00 0.00 0.00 0.00 0.00 0.00 0.00 0.00 0.00 0.00 0.00 0.00 0.00 0.00 0.00 0.00 0.00 0.00 0.00 0.00 0.00 0.00 0.00 0.00 0.00 0.00 0.00 0.00 0.00 0.00 0.00 0.00 0.00 0.00 0.00 0.00 0.00 0.00 0.00 0.00 0.00 0.00 0.00 0.00 0.00 0.00 0.00 0.00 0.00 0.00 0.00 0.00 0.00 0.00 0.00 0.00 0.00 0.00 0.00 0.00 0.00 0.00 0.00 0.00 0.00 0.00 0.00 0.00 0.00 0.00 0.00 0.00 0.00 0.00 0.00 0.00 0.00 0.00 0.00 0.00 0.00 0.00 0.00 0.00 0.00 0.00 0.00 0.00 0.00 0.00 0.00 0.00 0.00 0.00 0.00 0.00 0.00 0.00 0.00 0.00 0.00 0.00 0.00 0.00 0.00 0.00 0.00 0.00 0.00 0.00 0.00 0.00 0.00 0.00 0.00 0.00 0.00 0.00 0.00 0.00 0.00 0.00 0.00 0.00 0.00 0.00 0.00 0.00 0.00 0.00 0.00 0.00 0.00 0.00 0.00 0.00 0.00 0.00 0.00 0.00 0.00 0.00 0.00 0.00 0.00 0.00 0.00 0.00 0.00 0.00 0.00 0.00 0.00 0.00 0.00 0.00 0.00 0.00 0.00 0.00 0.00 0.00 0.00 0.00 0.00 0.00 0.00 0.00 0.00 0.00 0.00 0.00 0.00 0.00 0.00 0.00 0.00 0.00 0.00 0.00 0.00 0.00 0.00 0.00 0.00 0.00 0.00 0.00 0.00 0.00 0.00 0.00 0.00 0.00 0.00 0.00 0.00 0.00 0.00 0.00 0.00 0.00 0.00 0.00 0.00 0.00 0.00 0.00 0.00 0.00 0.00 0.00 0.00 0.00 0.00 0.00 0.00 0.00 0.00 0.00 0.00 0.00 0.00 0.00 0.00 0.00 0.00 0.00 0.00 0.00 0.00 0.00 0.00 0.00 0.00 0.00 0.00 0.00 0.00 0.00 0.00 0.00 0.00 0.00 0.00 0.00 0.00 0.00 0.00 0.00 0.00 0.00 0.00 0.00 0.00 0.00 0.00 0.00 0.00 0.00 0.00 0.00 0.00 0.00 0.00 0.00 0.00 0.00 0.00 0.00 0.00 0.00 0.00 0.00 0.00 0.00 0.00 0.00 0.00 0.00 0.00 0.00 0.00 0.00 0.00 0.00 0.00 0.00 0.00 0.00 0.00 0.00 0.00 0.00 0.00 0.00 0.00 0.00 0.00 0.00 0.00 0.00 0.00 0.00 0.00 0.00 0.00 0.00 0.00 0.00 0.00 0.00 0.00 0.00 0.00 0.00 0.00 0.00 0.00 0.00 0.00 0.00 0.00 0.00 0.00 0.00 0.00 0.00 0.00 0.00 0.00 0.00 0.00 0.00 0.00 0.00 0.00 0.00 0.00 0.00 0.00 0.00 0.00 0.00 0.00 0.00 0.00 0.00 0.00 0.00 0.00 0.00 0.00 0.00 0.00 0.00 0.00 0.00 0.00 0.00 0.00 0.00 0.00 0.00 0.00 0.00 0.00 0.00 0.00 0.00 0.00 0.00 0.00 0.00 0.00 0.00 0.00 0.00 0.00 0.00 0.00 0.00 0.00 0.00 0.00 0.00 0.00 0.00 0.00 0.00 0.00 0.00 0.00 0.00 0.00 0.00 0.00 0.00 0.00 0.00 0.00 0.00 0.00 0.00 0.00 0.00 0.00 0.00 0.00 0.00 0.00 0.00 0.00 0.00 0.00 0.00 0.00 0.00 0.00 0.00 0.00 0.00 0.00 0.00 0.00 0.00 0.00 0.00 0.00 0.00 0.00 0.00 0.00 0.00 0.00 0.00 0.00 0.00 0.00 0.00 0.00 0.00 0.00 0.00 0.00 0.00 0.00 0.00 0.00 0.00 0.00 0.00 0.00 0.00 0.00 0.00 0.00 0.00 0.00 0.00 0.00 0.00 0.00 0.00 0.00 0.00 0.00 0.00 0.00 0.00 0.00 0.00 0.00 0.00 0.00 0.00 0.00 0.00 0.00 0.00 0.00 0.00 0.00 0.00 0.00 0.00 0.00 0.00 0.00 0.00 0.00 0.00 0.00 0.00 0.00 0.00 0.00 0.00 0.00 0.00 0.00 0.00 0.00 0.00 0.00 0.00 0.00 0.00 0.00 0.00 0.00 0.00 0.00 0.00 0.00 0.00 0.00 0.00 0.00 0.00 0.00 0.00 0.00 0.00 0.00 0.00 0.00 0.00 0.00 0.00 0.00 0.00 0.00 0.00 0.00 0.00 0.00 0.00 0.00 0.00 0.00 0.00 0.00 0.00 0.00 0.00 0.00 0.00 0.00 0.00 0.00 0.00 0.00 0.00 0.00 0.00 0.00 0.00 0.00 0.00 0.00 0.00 0.00 0.00 0.00 0.00 0.00 0.00 0.00 0.00 0.00 0.00 0.00 0.00 0.00 0.00 0.00 0.00 0.00 0.00 0.00 0.00 0.00 0.00 0.00 0.00 0.00 0.00 0.00 0.00 0.00 0.00 0.00 0.00 0.00 0.00 0.00 0.00 0.00 0.00 0.00 0.00 0.00 0.00 0.00 0.00 0.00 0.00 0.00 0.00 0.00 0.00 0.00 0.00 0.00 0.00 0.00 0.00 0.00 0.00 0.00 0.00 0.00 0.00 0.00 0.00 0.00 0.00 0.00 0.00 0.00 0.00 0.00 0.00 0.00 0.00 0.00 0.00 0.00 0.00 0.00 0.00 0.00 0.00 0.00 0.00 0.00 0.00 0.00 0.00 0.00 0.00 0.00 0.00 0.00 0.00 0.00 0.00 0.00 0.00 0.00 0.00 0.00 0.00 0.00 0.00 0.00 0.00 0.00 0.00 0.00 0.00 0.00 0.00 0.00 0.00 0.00 0.00 0.00 0.00 0.00 0.00 0.00 0.00 0.00 0.00 0.00 0.00 0.00 0.00 0.00 0.00 0.00 0.00 0.00 0.00 0.00 0.00 0.00 0.00 0.00 0.00 0.00 0.00 0.00 0.00 0.00 0.00 0.00 0.00 0.00 0.00 0.00 0.00 0.00 0.00 0.00 0.00 0.00 0.00 0.00 0.00 0.00 0.00 0.00 0.00 0.00 0.00 0.00 0.00 0.00 0.00 0.00 0.00 0.00 0.00 0.00 0.00 0.00 0.00 0.00 0.00 0.00 0.00 0.00 0.00 0.00 0.00 0.00 0.00 0.00 0.00 0.00 0.00 0.00 0.00 0.00 0.00 0.00 0.00 0.00 0.00 0.00 0.00 0.00 0.00 0.00
rain_type.data=0 0 0 0 0 0 0 0 0 0 0 0 0 0 0 0 0 0 0 1 0 0 0 0 0 0 0 0 0 0 0 0 0 0 0 0 0 0 1 1 1 1 1 1 0 0 0 0 0 0 0 0 0 0 0 0 0 1 1 1 1 1 1 1 1 0 0 0 0 0 0 0 0 0 0 0 1 1 1 1 1 1 1 1 1 1 0 0 0 0 0 0 0 0 0 1 1 1 1 1 1 1 1 1 1 1 0 0 0 0 0 0 0 0 1 1 1 1 1 1 1 1 1 1 1 1 1 0 0 0 0 0 0 1 1 1 1 1 1 1 1 1 1 1 1 1 1 0 0 0 0 0 1 1 1 1 1 1 1 1 1 1 1 1 1 1 1 0 0 0 0 1 1 1 1 1 1 1 1 1 1 1 1 1 1 1 1 0 0 0 1 1 1 1 1 1 1 1 1 1 1 1 1 1 1 1 1 0 0 2 2 2 2 2 1 1 1 1 1 1 1 1 1 1 1 1 1 0 2 2 2 2 2 2 2 1 1 1 1 1 1 1 1 1 1 1 1 2 2 2 2 2 2 2 2 2 1 1 1 1 1 1 1 1 1 1 2 2 2 2 2 2 2 2 2 2 2 1 1 1 1 1 1 1 1 2 2 2 2 2 2 2 2 2 2 2 2 1 1 1 1 1 1 1 2 2 2 2 2 2 2 2 2 2 2 2 2 1 1 1 1 1 1 2 2 2 2 2 2 2 2 2 2 2 2 2 2 1 1 1 1 1 2 2 2 2 2 2 2 2 2 2 2 2 2 2 2 1 1 1 1 2 2 2 2 2 2 2 2 2 2 2 2 2 2 2 2 1 1 1 2 2 2 2 2 2 2 2 2 2 2 2 2 2 2 2 2 1 1 2 2 2 2 2 2 2 2 2 2 2 2 2 2 2 2 2 2 1 2 2 2 2 2 2 2 2 2 2 2 2 2 2 2 2 2 2 2 2 2 2 2 2 2 2 2 2 2 2 2 2 2 2 2 2 2 2 2 2 2 2 2 2 2 2 2 2 2 2 2 2 2 2 2 2 2 2 2 2 2 2 2 2 2 2 2 2 2 2 2 2 2 2 2 2 2 2 2 2 2 2 2 2 2 2 2 2 2 2 2 2 2 2 2 2 2 2 2 2 2 2 2 2 2 2 2 2 2 2 2 2 2 2 2 2 2 2 2 2 2 2 2 2 2 2 2 2 2 2 2 2 2 2 2 2 2 2 2 2 2 2 2 2 2 2 2 2 2 2 2 2 2 2 2 2 2 2 2 2 2 2 2 2 2 2 2 2 2 2 2 2 2 2 2 2 2 2 2 2 2 2 2 2 2 2 2 2 2 2 2 2 2 2 2 2 2 2 2 2 2 2 2 2 2 2 2 2 2 2 2 2 2 2 2 2 2 2 2 2 2 2 2 2 2 2 2 2 2 2 2 2 2 2 2 2 2 2 2 2 2 2 2 2 2 2 2 2 2 2 2 2 2 2 2 2 2 2 2 2 2 2 2 2 2 2 2 2 2 2 2 2 2 2 2 2 2 2 2 2 2 2 2 2 2 2 2 2 2 2 2 2 2 2 2 2 2 2 2 2 2 2 2 2 2 2 2 2 2 2 2 2 2 2 2 2 2 2 2 2 2 2 2 2 2 2 2 2 2 2 2 2 2 2 2 2 2 2 2 2 2 2 2 2 2 2 2 2 2 2 2 2 2 2 2 2 2 2 2 2 2 2 2 2 2 2 2 2 2 2 2 2 2 2 2 2 2 2 2 2 2 2 2 2 2 2 2 2 2 2 2 2 2 2 2 2 2 2 2 2 2 2 2 2 2 2 2 2 2 2 2 2 2 2 2 2 2 2 2 2 2 2 2 2 2 2 2 2 2 2 2 2 2 2 2 2 2 2 2 2 2 2 2 2 2 2 2 2 2 2 2 2 2 2 2 2 2 2 2 2 2 2 2 2 2 2 2 2 2 2 2 2 2 2 2 2 2 2 2 2 2 2 2 2 2 2 2 2 2 2 2 2 2 2 2 2 2 2 2 2 2 2 2 2 2 2 2 2 2 2 2 2 2 2 2 2 2 2 2 2 2 2 2 2 2 2 2 2 2 2 2 2 2 2 2 2 2 2 2 2 2 2 2 2 2 2 2 2 2 2 2 2 2 2 2 2 2 2 2 2 2 2 2 2 2 2 2 2 2 2 2 2 2 2 2 2 2 2 2 2 2 2 2 2 2 2 2 2 2 2 2 2 2 2 2 2 2 2 2 2 2 2 2 2 2 2 2 2 2 2 2 2 2 2 2 2 2 2 2 2 2 2 2 2 2 2 2 2 2 2 2 2 2 2 2 2 2 2 2 2 2 2 2 2 2 2 2 2 2 2 2 2 2 2 2 2 2 2 2 2 2 2 2 2 2 2 2 2 2 2 2 2 2 2 2 2 2 2 2 2 2 2 2 2 2 2 2 2 2 2 2 2 2 2 2 2 2 2 2 2 2 2 2 2 2 2 2 2 2 2 2 2 2 2 2 2 2 2 2 2 2 2 2 2 2 2 2 2 2 2 2 2 2 2 2 2 2 2 2 2 2 2 2 2 2 2 2 2 2 2 2 2 2 2 2 2 2 2 2 2 2 2 2 2 2 2 2 2 2 2 2 2 2 2 2 2 2 2 2 2 2 2 2 2 2 2 2 2 2 2 2 2 2 2 2 2 2 2 2 2 2 2 2 2 2 2 2 2 2 2 2 2 2 2 2 2 2 2 2 2 2 2 2 2 2 2 2 2 2 2 2 2 2 2 2 2 2 2 2 2 2 2 2 2 2 2 2 2 2 2 2 2 2 2 2 2 2 2 2 2 2 2 2 2 2 2 2 2 2 2 2 2 2 2 2 2 2 2 2 2 2 2 2 2 2 2 2 2 2 2 2 2 2 2 2 2 2 2 2 2 2 2 2 2 2 2 2 2 2 2 2 2 2 2 2 2 2 2 2 2 2 2 2 2 2 2 2 2 2 2 2 2 2 2 2 2 2 2 2 2 2 2 2 2 2 2 2 2 2 2 2 2 2 2 2 2 2 2 2 2 2 2 2 2 2 2 2 2 2 2 2 2 2 2 2 2 2 2 2 2 2 2 2 2 2 2 2 2 2 2 2 2 2 2 2 2 2 2 2 2 2 2 2 2 2 2 2 2 2 2 2 2 2 2 2 2 2 2 2 2 2 2 2 2 2 2 2 2 2 2 2 2 2 2 2 2 2 2 2 2 2 2 2 2 2 2 2 2 2 2 2 2 2 2 2 2 2 2 2 2 2 2 2 2 2 2 2 2 2 2 2 2 2 2 2 2 2 2 2 2 2 2 2 2 2 2 2 2 2 2 2 2 2 2 2 2 2 2 2 2 2 2 2 2 2 2 2 2 2 2 2 2 2 2 2 2 2 2 2 2 2 2 2 2 2 2 2 2 2 2 2 2 2 2 2 2 2 2 2 2 2 2 2 2 2 2 2 2 2 2 2 2 2 2 2 2 2 2 2 2 2 2 2 2 2 2 2 2 2 2 2 2 2 2 2 2 2 2 2 2 2 2 2 2 2 2 2 2 2 2 2 2 2 2 2 2 2 2 2 2 2 2 2 2 2 2 2 2 2 2 2 2 2 2 2 2 2 2 2 2 2 2 2 2 2 2 2 2 2 2 2 2 2 2 2 2 2 2 2 2 2 2 2 2 2 2 2 2 2 2 2 2 2 2 2 2 2 2 2 2 2 2 2 2 2 2 2 2 2 2 2 2 2 2 2 2 2 2 2 2 2 2 2 2 2 2 2 2 2 2 2 2 2 2 2 2 2 2 2 2 2 2 2 2 2 2 2 2 2 2 2 2 2 2 2 2 2 2 2 2 2 2 2 2 2 2 2 2 2 2 2 2 2 2 2 2 2 2 2 2 2 2 2 2 2 2 2 2 2 2 2 2 2 2 2 2 2 2 2 2 2 2 2 2 2 2 2 2 2 2 2 2 2 2 2 2 2 2 2 2 2 2 2 2 2 2 2 2 2 2 2 2 2 2 2 2 2 2 2 2 2 2 2 2 2 2 2 2 2 2 2 2 2 2 2 2 2 2 2 2 2 2 2 2 2 2 2 2 2 2 2 2 2 2 2 2 2 2 2 2 2 2 2 2 2 2 2 2 2 2 2 2 2 2 2 2 2 2 2 2 2 2 2 2 2 2 2 2 2 2 2 2 2 2 2 2 2 2 2 2 2 2 2 2 2 2 2 2 2 2 2 2 2 2 2 2 2 2 2 2 2 2 2 2 2 2 2 2 2 2 2 2 2 2 2 2 2 2 2 2 2 2 2 2 2 2 2 2 2 2 2 2 2 2 2 2 2 2 2 2 2 2 2 2 2 2 2 2 2 2 2 2 2 2 2 2 2 2 2 2 2 2 2 2 2 2 2 2 2 2 2 2 2 2 2 2 2 2 2 2 2 2 2 2 2 2 2 2 2 2 2 2 2 2 2 2 2 2 2 2 2 2 2 2 2 2 2 2 2 2 2 2 2 2 2 2 2 2 2 2 2 2 2 2 2 2 2 2 2 2 2 2 2 2 2 2 2 2 2 2 2 2 2 2 2 2 2 2 2 2 2 2 2 2 2 2 2 2 2 2 2 2 2 2 2 2 2 2 2 2 2 2 2 2 2 2 2 2 2 2 2 2 2 2 2 2 2 2 2 2 2 1 1 1 1 2 2 2 2 2 2 2 2 2 2 2 2 2 2 2 1 1 1 1 1 1 2 2 2 2 2 2 2 2 2 2 2 2 2 1 1 1 1 1 1 1 1 2 2 2 2 2 2 2 2 2 2 2 1 1 1 1 1 1 1 1 1 2 2 2 2 2 2 2 2 2 2 1 1 1 1 1 1 1 1 1 1 2 2 2 2 2 2 2 2 2 1 1 1 1 1 1 1 1 1 1 1 2 2 2 2 2 2 2 2 1 1 1 1 1 1 1 1 1 1 1 1 2 2 2 2 2 2 2 1 1 1 1 1 1 1 1 1 1 1 1 1 2 2 2 2 2 2 1 1 1 1 1 1 1 1 1 1 1 1 1 2 2 2 2 2 2 1 1 1 1 1 1 1 1 1 1 1 1 1 1 2 2 2 2 2 1 1 1 1 1 1 1 1 1 1 1 1 1 1 1 2 2 2 2 1 1 1 1 1 1 1 1 1 1 1 1 1 1 1 1 2 2 2 1 1 1 1 1 1 1 1 1 1 1 1 1 1 1 1 2 2 2 1 1 1 1 1 1 1 1 1 1 1 1 1 1 1 1 1 2 2 1 1 1 1 1 1 1 1 1 1 1 1 1 1 1 1 1 2 2 1 1 1 1 1 1 1 1 1 1 1 1 1 1 1 1 1 1 2 1 1 1 1 1 1 1 1 1 1 1 1 1 1 1 1 1 1 2 1 1 1 1 1 1 1 1 1 1 1 1 1 1 1 1 1 1 1 1 1 1 1 1 1 1 1 1 1 1 1 1 1 1 1 1 1 1 1 1 1 1 1 1 1 1 1 1 1 1 1 1 1 1 1 1 1 1 1 1 1 1 1 1 1 1 1 1 1 1 1 1 1 1 1 1 1 1 1 1 1 1 1 1 1 1 1 1 1 1 1 1 1 1 1 1 1 1 1 1 1 1 1 1 1 1 1 1 1 1 1 1 1 1 1 1 1 1 1 1 1 1 1 1 1 1 1 1 1 1 1 1 1 1 1 1 1 1 1 1 1 1 1 1 1 1 1 1 1 1 1 1 1 1 1 1 1 1 1 1 1 1 1 1 1 1 1 1 1 1 1 1 1 1 1 1 1 1 1 1 1 1 1 1 1 1 1 1 1 1 1 1 1 1 1 1 1 1 1 1 1 1 1 1 1 1 1 1 1 1 1 1 1 1 1 1 1 1 1 1 1 1 1 1 1 1 1 1 1 1 1 1 1 1 1 1 1 1 1 1 1 1 1 1 1 1 1 1 1 1 1 1 1 1 1 1 1 1 1 1 1 1 1 1 1 1 1 1 1 1 1 1 1 1 1 1 1 1 1 1 1 1 1 1 1 1 1 1 1 1 1 1 1 1 1 1 1 1 1 1 1 1 1 1 1 1 1 1 1 1 1 1 1 1 1 1 1 1 1 1 1 1 1 1 1 1 1 1 1 1 1 1 1 1 1 1 1 1 1 1 1 1 1 1 1 1 1 1 1 1 1 1 1 1 1 1 1 1 1 1 1 1 1 1 1 1 1 1 1 1 1 1 1 1 1 1 1 1 1 1 1 1 1 1 1 1 1 1 1 1 1 1 1 1 1 1 1 1 1 1 1 1 1 1 1 1 1 1 1 1 1 1 1 1 1 1 1 1 1 1 1 1 1 1 1 1 1 1 1 1 1 1 1 1 1 1 1 1 1 1 1 1 1 1 1 1 1 1 1 1 1 1 1 1 1 1 1 1 1 1 1 1 1 1 1 1 1 1 1 1 1 1 1 1 1 1 1 1 1 1 1 1 1 1 1 1 1 1 1 1 1 1 1 1 1 1 1 1 1 1 1 1 1 1 1 1 1 1 1 1 1 1 1 1 1 1 1 1 1 1 1 1 1 1 1 1 1 1 1 1 1 1 1 1 1 1 1 1 1 1 1 1 1 1 1 1 1 1 1 1 1 1 1 1 1 1 1 1 1 1 1 1 1 1 1 1 1 1 1 1 1 1 1 1 1 1 1 1 1 1 1 1 1 1 1 1 1 1 1 1 1 1 1 1 1 1 1 1 1 1 1 1 1 1 1 1 1 1 1 1 1 1 1 1 1 1 1 1 1 1 1 1 1 1 1 1 1 1 1 1 1 1 1 1 1 1 1 1 1 1 1 1 1 1 1 1 1 1 1 1 1 1 1 1 1 1 1 1 1 1 1 1 1 1 1 1 1 1 1 1 1 1 1 1 1 1 1 1 1 1 1 1 1 1 1 1 1 1 1 1 1 1 1 1 1 1 1 1 1 1 1 1 1 1 1 1 1 1 1 1 1 1 1 1 1 1 1 1 1 1 1 1 1 1 1 1 1 1 1 1 1 1 1 1 1 1 1 1 1 1 1 1 1 1 1 1 1 1 1 1 1 1 1 1 1 1 1 1 1 1 1 1 1 1 1 1 1 1 1 1 1 1 1 1 1 1 1 1 1 1 1 1 1 1 1 1 1 1 1 1 1 1 1 1 1 1 1 1 1 1 1 1 1 1 1 1 1 1 1 1 1 1 1 1 1 1 1 1 1 1 1 1 1 1 1 1 1 1 1 1 1 1 1 1 1 1 1 1 1 1 1 1 1 1 1 1 1 1 1 1 1 1 1 1 1 1 1 1 1 1 1 1 1 1 1 1 1 1 1 1 1 1 1 1 1 1 1 1 1 1 1 1 1 1 1 1 1 1 1 1 1 1 1 1 1 1 1 1 1 1 1 1 1 1 1 1 1 1 1 1 1 1 1 1 1 1 1 1 1 1 1 1 1 1 1 1 1 1 1 1 1 1 1 1 1 1 1 1 1 1 1 1 1 1 1 1 1 1 1 1 1 1 1 1 1 1 1 1 1 1 1 1 1 1 1 1 1 1 1 1 1 1 1 1 1 1 1 1 1 1 1 1 1 1 1 1 1 1 1 1 1 1 1 1 1 1 1 1 1 1 1 1 1 1 1 1 1 1 1 1 1 1 1 1 1 1 1 1 1 1 1 1 1 1 1 1 1 1 1 1 1 1 1 1 1 1 1 1 1 1 1 1 1 1 1 1 1 1 1 1 1 1 1 1 1 1 1 1 1 1 1 1 1 1 1 1 1 1 1 1 1 1 1 1 1 1 1 1 1 1 1 1 1 1 1 1 1 1 1 1 1 1 1 1 1 1 1 1 1 1 1 1 1 1 1 1 1 1 1 1 1 1 1 1 1 1 1 1 1 1 1 0 0 0 1 1 1 1 1 1 1 1 1 1 1 1 1 1 1 1 0 0 0 0 0 1 1 1 1 1 1 1 1 1 1 1 1 1 1 0 0 0 0 0 0 1 1 1 1 1 1 1 1 1 1 1 1 1 0 0 0 0 0 0 0 0 1 1 1 1 1 1 1 1 1 1 1 0 0 0 0 0 0 0 0 0 1 1 1 1 1 1 1 1 1 1 0 0 0 0 0 0 0 0 0 0 1 1 1 1 1 1 1 1 1 0 0 0 0 0 0 0 0 0 0 1 1 1 1 1 1 1 1 1 0 0 0 0 0 0 0 0 0 0 0 1 1 1 1 1 1 1 1 0 0 0 0 0 0 0 0 0 0 0 0 1 1 1 1 1 1 1 0 0 0 0 0 0 0 0 0 0 0 0 0 1 1 1 1 1 1 0 0 0 0 0 0 0 0 0 0 0 0 0 1 1 1 1 1 1 0 0 0 0 0 0 0 0 0 0 0 0 0 0 1 1 1 1 1 0 0 0 0 0 0 0 0 0 0 0 0 0 0 1 1 1 1 1 0 0 0 0 0 0 0 0 0 0 0 0 0 0 0 1 1 1 1 0 0 0 0 0 0 0 0 0 0 0 0 0 0 0 1 1 1 1 0 0 0 0 0 0 0 0 0 0 0 0 0 0 0 0 1 1 1 0 0 0 0 0 0 0 0 0 0 0 0 0 0 0 0 1 1 1 0 0 0 0 0 0 0 0 0 0 0 0 0 0 0 0 0 1 1 0 0 0 0 0 0 0 0 0 0 0 0 0 0 0 0 0 1 1 0 0 0 0 0 0 0 0 0 0 0 0 0 0 0 0 0 0 1 0 0 0 0 0 0 0 0 0 0 0 0 0 0 0 0 0 0 1 0 0 0 0 0 0 0 0 0 0 0 0 0 0 0 0 0 0 0 0 0 0 0 0 0 0 0 0 0 0 0 0 0 0 0 0 0 0 0 0 0 0 0 0 0 0 0 0 0 0 0 0 0 0 0 0 0 0 0 0 0 0 0 0 0 0 0 0 0 0 0 0 0 0 0 0 0 0 0 0 0 0 0 0 0 0 0 0 0 0 0 0 0 0 0 0 0 0 0 0 0 0 0 0 0 0 0 0 0 0 0 0 0 0 0 0 0 0 0 0 0 0 0 0 0 0 0 0 0 0 0 0 0 0 0 0 0 0 0 0 0 0 0 0 0 0 0 0 0 0 0 0 0 0 0 0 0 0 0 0 0 0 0 0 0 0 0 0 0 0 0 0 0 0 0 0 0 0 0 0 0 0 0 0 0 0 0 0 0 0 0 0 0 0 0 0 0 0 0 0 0 0 0 0 0 0 0 0 0 0 0 0 0 0 0 0 0 0 0 0 0 0 0 0 0 0 0 0 0 0 0 0 0 0 0 0 0 0 0 0 0 0 0 0 0 0 0 0 0 0 0 0 0 0 0 0 0 0 0 0 0 0 0 0 0 0 0 0 0 0 0 0 0 0 0 0 0 0 0 0 0 0 0 0 0 0 0 0 0 0 0 0 0 0 0 0 0 0 0 0 0 0 0 0 0 0 0 0 0 0 0 0 0 0 0 0 0 0 0 0 0 0 0 0 0 0 0 0 0 0 0 0 0 0 0 0 0 0 0 0 0 0 0 0 0 0 0 0 0 0 0 0 0 0 0 0 0 0 0 0 0 0 0 0 0 0 0 0 0 0 0 0 0 0 0 0 0 0 0 0 0 0 0 0 0 0 0 0 0 0 0 0 0 0 0 0 0 0 0 0 0 0 0 0 0 0 0 0 0 0 0 0 0 0 0 0 0 0 0 0 0 0 0 0 0 0 0 0 0 0 0 0 0 0 0 0 0 0 0 0 0 0 0 0 0 0 0 0 0 0 0 0 0 0 0 0 0 0 0 0 0 0 0 0 0 0 0 0 0 0 0 0 0 0 0 0 0 0 0 0 0 0 0 0 0 0 0 0 0 0 0 0 0 0 0 0 0 0 0 0 0 0 0 0 0 0 0 0 0 0 0 0 0 0 0 0 0 0 0 0 0 0 0 0 0 0 0 0 0 0 0 0 0 0 0 0 0 0 0 0 0 0 0 0 0 0 0 0 0 0 0 0 0 0 0 0 0 0 0 0 0 0 0 0 0 0 0 0 0 0 0 0 0 0 0 0 0 0 0 0 0 0 0 0 0 0 0 0 0 0 0 0 0 0 0 0 0 0 0 0 0 0 0 0 0 0 0 0 0 0 0 0 0 0 0 0 0 0 0 0 0 0 0 0 0 0 0 0 0 0 0 0 0 0 0 0 0 0 0 0 0 0 0 0 0 0 0 0 0 0 0 0 0 0 0 0 0 0 0 0 0 0 0 0 0 0 0 0 0 0 0 0 0 0 0 0 0 0 0 0 0 0 0 0 0 0 0 0 0 0 0 0 0 0 0 0 0 0 0 0 0 0 0 0 0 0 0 0 0 0 0 0 0 0 0 0 0 0 0 0 0 0 0 0 0 0 0 0 0 0 0 0 0 0 0 0 0 0 0 0 0 0 0 0 0 0 0 0 0 0 0 0 0 0 0 0 0 0 0 0 0 0 0 0 0 0 0 0 0 0 0 0 0 0 0 0 0 0 0 0 0 0 0 0 0 0 0 0 0 0 0 0 0 0 0 0 0 0 0 0 0 0 0 0 0 0 0 0 0 0 0 0 0 0 0 0 0 0 0 0 0 0 0 0 0 0 0 0 0 0 0 0 0 0 0 0 0 0 0 0 0 0 0 0 0 0 0 0 0 0 0 0 0 0 0 0 0 0 0 0 0 0 0 0 0 0 0 0 0 0 0 0 0 0 0 0 0 0 0 0 0 0 0 0 0 0 0 0 0 0 0 0 0 0 0 0 0 0 0 0 0 0 0 0 0 0 0 0 0 0 0 0 0 0 0 0 0 0 0 0 0 0 0 0 0 0 0 0 0 0 0 0 0 0 0 0 0 0 0 0 0 0 0 0 0 0 0 0 0 0
estimated_attenuation.size=4902
estimated_attenuation.data=0.00 0.00 0.00 0.00 0.00 0.00 0.00 0.00 0.00 0.00 0.00 0.00 0.00 0.00 0.00 0.00 0.00 0.00 0.00 0.00 0.00 0.00 0.00 0.00 0.00 0.00 0.00 0.00 0.00 0.00 0.00 0.00 0.00 0.00 0.00 0.00 0.00 0.00 0.00 0.00 0.00 0.00 0.00 0.00 0.00 0.00 0.00 0.00 0.00 0.00 0.00 0.00 0.00 0.00 0.00 0.00 0.00 0.00 0.00 0.00 0.00 0.00 0.00 0.00 0.00 0.00 0.00 0.00 0.00 0.00 0.00 0.00 0.00 0.00 0.00 0.00 0.00 0.00 0.00 0.00 0.00 0.00 0.00 0.00 0.00 0.00 0.00 0.00 0.00 0.00 0.00 0.00 0.00 0.00 0.00 0.00 0.00 0.00 0.00 0.00 0.00 0.00 0.00 0.00 0.00 0.00 0.00 0.00 0.00 0.00 0.00 0.00 0.00 0.00 0.00 0.00 0.00 0.00 0.00 0.00 0.00 0.00 0.00 0.00 0.00 0.00 0.00 0.00 0.00 0.00 0.00 0.00 0.00 0.00 0.00 0.00 0.00 0.00 0.00 0.00 0.00 0.00 0.00 0.00 0.00 0.00 0.00 0.00 0.00 0.00 0.00 0.00 0.00 0.00 0.00 0.00 0.00 0.00 0.00 0.00 0.00 0.00 0.00 0.00 0.00 0.00 0.00 0.00 0.00 0.00 0.00 0.00 0.00 0.00 0.00 0.00 0.00 0.00 0.00 0.00 0.00 0.00 0.00 0.00 0.00 0.00 0.00 0.00 0.00 0.00 0.00 0.00 0.00 0.00 0.00 0.00 0.00 0.00 0.00 0.00 0.00 0.00 0.00 0.00 0.00 0.00 0.00 0.00 0.00 0.00 0.00 0.00 0.00 0.00 0.00 0.00 0.00 0.00 0.00 0.00 0.00 0.00 0.00 0.00 0.00 0.00 0.00 0.00 0.00 0.00 0.00 0.00 0.00 0.00 0.00 0.00 0.00 0.00 0.00 0.00 0.00 0.00 0.00 0.00 0.00 0.00 0.00 0.00 0.00 0.00 0.00 0.00 0.00 0.00 0.00 0.00 0.00 0.00 0.00 0.00 0.00 0.00 0.00 0.00 0.00 0.00 0.00 0.00 0.00 0.00 0.00 0.00 0.00 0.00 0.00 0.00 0.00 0.00 0.00 0.00 0.00 0.00 0.00 0.00 0.00 0.00 0.00 0.00 0.00 0.00 0.00 0.00 0.00 0.00 0.00 0.00 0.00 0.00 0.00 0.00 0.00 0.00 0.00 0.00 0.00 0.00 0.00 0.00 0.00 0.00 0.00 0.00 0.00 0.00 0.00 0.00 0.00 0.00 0.00 0.00 0.00 0.00 0.00 0.00 0.00 0.00 0.00 0.00 0.00 0.00 0.00 0.00 0.00 0.00 0.00 0.00 0.00 0.00 0.00 0.00 0.00 0.00 0.00 0.00 0.00 0.00 0.00 0.00 0.00 0.00 0.00 0.00 0.00 0.00 0.00 0.00 0.00 0.00 0.00 0.00 0.00 0.00 0.00 0.00 0.00 0.00 0.00 0.00 0.00 0.00 0.00 0.00 0.00 0.00 0.00 0.00 0.00 0.00 0.00 0.00 0.00 0.00 0.00 0.00 0.00 0.00 0.00 0.00 0.00 0.00 0.00 0.00 0.00 0.00 0.00 0.00 0.00 0.00 0.00 0.00 0.00 0.00 0.00 0.00 0.00 0.00 0.00 0.00 0.00 0.00 0.00 0.00 0.00 0.00 0.00 0.00 0.00 0.00 0.00 0.00 0.00 0.00 0.00 0.00 0.00 0.00 0.00 0.00 0.00 0.00 0.00 0.00 0.00 0.00 0.00 0.00 0.00 0.00 0.00 0.00 0.00 0.00 0.00 0.00 0.00 0.00 0.00 0.00 0.00 0.00 0.00 0.00 0.00 0.00 0.00 0.00 0.00 0.00 0.00 0.00 0.00 0.00 0.00 0.00 0.00 0.00 0.00 0.00 0.00 0.00 0.00 0.00 0.00 0.00 0.00 0.00 0.00 0.00 0.00 0.00 0.00 0.00 0.00 0.00 0.00 0.00 0.00 0.00 0.00 0.00 0.00 0.00 0.00 0.00 0.00 0.00 0.00 0.00 0.00 0.00 0.00 0.00 0.00 0.00 0.00 0.00 0.00 0.00 0.00 0.00 0.00 0.00 0.00 0.00 0.00 0.00 0.00 0.00 0.00 0.00 0.00 0.00 0.00 0.00 0.00 0.00 0.00 0.00 0.00 0.00 0.00 0.00 0.00 0.00 0.00 0.00 0.00 0.00 0.00 0.00 0.00 0.00 0.00 0.00 0.00 0.00 0.00 0.00 0.00 0.00 0.00 0.00 0.00 0.00 0.00 0.00 0.00 0.00 0.00 0.00 0.00 0.00 0.00 0.00 0.00 0.00 0.00 0.00 0.00 0.00 0.00 0.00 0.00 0.00 0.00 0.00 0.00 0.00 0.00 0.00 0.00 0.00 0.00 0.00 0.00 0.00 0.00 0.00 0.00 0.00 0.00 0.00 0.00 0.00 0.00 0.00 0.00 0.00 0.00 0.00 0.00 0.00 0.00 0.00 0.00 0.00 0.00 0.00 0.00 0.00 0.00 0.00 0.00 0.00 0.00 0.00 0.00 0.00 0.00 0.00 0.00 0.00 0.00 0.00 0.00 0.00 0.00 0.00 0.00 0.00 0.00 0.00 0.00 0.00 0.00 0.00 0.00 0.00 0.00 0.00 0.00 0.00 0.00 0.00 0.00 0.00 0.00 0.00 0.00 0.00 0.00 0.00 0.00 0.00 0.00 0.00 0.00 0.00 0.00 0.00 0.00 0.00 0.00 0.00 0.00 0.00 0.00 0.00 0.00 0.00 0.00 0.00 0.00 0.00 0.00 0.00 0.00 0.00 0.00 0.00 0.00 0.00 0.00 0.00 0.00 0.00 0.00 0.00 0.00 0.00 0.00 0.00 0.00 0.00 0.00 0.00 0.00 0.00 0.00 0.00 0.00 0.00 0.00 0.00 0.00 0.00 0.00 0.00 0.00 0.00 0.00 0.00 0.00 0.00 0.00 0.00 0.00 0.00 0.00 0.00 0.00 0.00 0.00 0.00 0.00 0.00 0.00 0.00 0.00 0.00 0.00 0.00 0.00 0.00 0.00 0.00 0.00 0.00 0.00 0.00 0.00 0.00 0.00 0.00 0.00 0.00 0.00 0.00 0.00 0.00 0.00 0.00 0.00 0.00 0.00 0.00 0.00 0.00 0.00 0.00 0.00 0.00 0.00 0.00 0.00 0.00 0.00 0.00 0.00 0.00 0.00 0.00 0.00 0.00 0.00 0.00 0.00 0.00 0.00 0.00 0.00 0.00 0.00 0.00 0.00 0.00 0.00 0.00 0.00 0.00 0.00 0.00 0.00 0.00 0.00 0.00 0.00 0.00 0.00 0.00 0.00 0.00 0.00 0.00 0.00 0.00 0.00 0.00 0.00 0.00 0.00 0.00 0.00 0.00 0.00 0.00 0.00 0.00 0.00 0.00 0.00 0.00 0.00 0.00 0.00 0.00 0.00 0.00 0.00 0.00 0.00 0.00 0.00 0.00 0.00 0.00 0.00 0.00 0.00 0.00 0.00 0.00 0.00 0.00 0.00 0.00 0.00 0.00 0.00 0.00 0.00 0.00 0.00 0.00 0.00 0.00 0.00 0.00 0.00 0.00 0.00 0.00 0.00 0.00 0.00 0.00 0.00 0.00 0.00 0.00 0.00 0.00 0.00 0.00 0.00 0.00 0.00 0.00 0.00 0.00 0.00 0.00 0.00 0.00 0.00 0.00 0.00 0.00 0.00 0.00 0.00 0.00 0.00 0.00 0.00 0.00 0.00 0.00 0.00 0.00 0.00 0.00 0.00 0.00 0.00 0.00 0.00 0.00 0.00 0.00 0.00 0.00 0.00 0.00 0.00 0.00 0.00 0.00 0.00 0.00 0.00 0.00 0.00 0.00 0.00 0.00 0.00 0.00 0.00 0.00 0.00 0.00 0.00 0.00 0.00 0.00 0.00 0.00 0.00 0.00 0.00 0.00 0.00 0.00 0.00 0.00 0.00 0.00 0.00 0.00 0.00 0.00 0.00 0.00 0.00 0.00 0.00 0.00 0.00 0.00 0.00 0.00 0.00 0.00 0.00 0.00 0.00 0.00 0.00 0.00 0.00 0.00 0.00 0.00 0.00 0.00 0.00 0.00 0.00 0.00 0.00 0.00 0.00 0.00 0.00 0.00 0.00 0.00 0.00 0.00 0.00 0.00 0.00 0.00 0.00 0.00 0.00 0.00 0.00 0.00 0.00 0.00 0.00 0.00 0.00 0.00 0.00 0.00 0.00 0.00 0.00 0.00 0.00 0.00 0.00 0.00 0.00 0.00 0.00 0.00 0.00 0.00 0.00 0.00 0.00 0.00 0.00 0.00 0.00 0.00 0.00 0.00 0.00 0.00 0.00 0.00 0.00 0.00 0.00 0.00 0.00 0.00 0.00 0.00 0.00 0.00 0.00 0.00 0.00 0.00 0.00 0.00 0.00 0.00 0.00 0.00 0.00 0.00 0.00 0.00 0.00 0.00 0.00 0.00 0.00 0.00 0.00 0.00 0.00 0.00 0.00 0.00 0.00 0.00 0.00 0.00 0.00 0.00 0.00 0.00 0.00 0.00 0.00 0.00 0.00 0.00 0.00 0.00 0.00 0.00 0.00 0.00 0.00 0.00 0.00 0.00 0.00 0.00 0.00 0.00 0.00 0.00 0.00 0.00 0.00 0.00 0.00 0.00 0.00 0.00 0.00 0.00 0.00 0.00 0.00 0.00 0.00 0.00 0.00 0.00 0.00 0.00 0.00 0.00 0.00 0.00 0.00 0.00 0.00 0.00 0.00 0.00 0.00 0.00 0.00 0.00 0.00 0.00 0.00 0.00 0.00 0.00 0.00 0.00 0.00 0.00 0.00 0.00 0.00 0.00 0.00 0.00 0.00 0.00 0.00 0.00 0.00 0.00 0.00 0.00 0.00 0.00 0.00 0.00 0.00 0.00 0.00 0.00 0.00 0.00 0.00 0.00 0.00 0.00 0.00 0.00 0.00 0.00 0.00 0.00 0.00 0.00 0.00 0.00 0.00 0.00 0.00 0.00 0.00 0.00 0.00 0.00 0.00 0.00 0.00 0.00 0.00 0.00 0.00 0.00 0.00 0.00 0.00 0.00 0.00 0.00 0.00 0.00 0.00 0.00 0.00 0.00 0.00 0.00 0.00 0.00 0.00 0.00 0.00 0.00 0.00 0.00 0.00 0.00 0.00 0.00 0.00 0.00 0.00 0.00 0.00 0.00 0.00 0.00 0.00 0.00 0.00 0.00 0.00 0.00 0.00 0.00 0.00 0.00 0.00 0.00 0.00 0.00 0.00 0.00 0.00 0.00 0.00 0.00 0.00 0.00 0.00 0.00 0.00 0.00 0.00 0.00 0.00 0.00 0.00 0.00 0.00 0.00 0.00 0.00 0.00 0.00 0.00 0.00 0.00 0.00 0.00 0.00 0.00 0.00 0.00 0.00 0.00 0.00 0.00 0.00 0.00 0.00 0.00 0.00 0.00 0.00 0.00 0.00 0.00 0.00 0.00 0.00 0.00 0.00 0.00 0.00 0.00 0.00 0.00 0.00 0.00 0.00 0.00 0.00 0.00 0.00 0.00 0.00 0.00 0.00 0.00 0.00 0.00 0.00 0.00 0.00 0.00 0.00 0.00 0.00 0.00 0.00 0.00 0.00 0.00 0.00 0.00 0.00 0.00 0.00 0.00 0.00 0.00 0.00 0.00 0.00 0.00 0.00 0.00 0.00 0.00 0.00 0.00 0.00 0.00 0.00 0.00 0.00 0.00 0.00 0.00 0.00 0.00 0.00 0.00 0.00 0.00 0.00 0.00 0.00 0.00 0.00 0.00 0.00 0.00 0.00 0.00 0.00 0.00 0.00 0.00 0.00 0.00 0.00 0.00 0.00 0.00 0.00 0.00 0.00 0.00 0.00 0.00 0.00 0.00 0.00 0.00 0.00 0.00 0.00 0.00 0.00 0.00 0.00 0.00 0.00 0.00 0.00 0.00 0.00 0.00 0.00 0.00 0.00 0.00 0.00 0.00 0.00 0.00 0.00 0.00 0.00 0.00 0.00 0.00 0.00 0.00 0.00 0.00 0.00 0.00 0.00 0.00 0.00 0.00 0.00 0.00 0.00 0.00 0.00 0.00 0.00 0.00 0.00 0.00 0.00 0.00 0.00 0.00 0.00 0.00 0.00 0.00 0.00 0.00 0.00 0.00 0.00 0.00 0.00 0.00 0.00 0.00 0.00 0.00 0.00 0.00 0.00 0.00 0.00 0.00 0.00 0.00 0.00 0.00 0.00 0.00 0.00 0.00 0.00 0.00 0.00 0.00 0.00 0.00 0.00 0.00 0.00 0.00 0.00 0.00 0.00 0.00 0.00 0.00 0.00 0.00 0.00 0.00 0.00 0.00 0.00 0.00 0.00 0.00 0.00 0.00 0.00 0.00 0.00 0.00 0.00 0.00 0.00 0.00 0.00 0.00 0.00 0.00 0.00 0.00 0.00 0.00 0.00 0.00 0.00 0.00 0.00 0.00 0.00 0.00 0.00 0.00 0.00 0.00 0.00 0.00 0.00 0.00 0.00 0.00 0.00 0.00 0.00 0.00 0.00 0.00 0.00 0.00 0.00 0.00 0.00 0.00 0.00 0.00 0.00 0.00 0.00 0.00 0.00 0.00 0.00 0.00 0.00 0.00 0.00 0.00 0.00 0.00 0.00 0.00 0.00 0.00 0.00 0.00 0.00 0.00 0.00 0.00 0.00 0.00 0.00 0.00 0.00 0.00 0.00 0.00 0.00 0.00 0.00 0.00 0.00 0.00 0.00 0.00 0.00 0.00 0.00 0.00 0.00 0.00 0.00 0.00 0.00 0.00 0.00 0.00 0.00 0.00 0.00 0.00 0.00 0.00 0.00 0.00 0.00 0.00 0.00 0.00 0.00 0.00 0.00 0.00 0.00 0.00 0.00 0.00 0.00 0.00 0.00 0.00 0.00 0.00 0.00 0.00 0.00 0.00 0.00 0.00 0.00 0.00 0.00 0.00 0.00 0.00 0.00 0.00 0.00 0.00 0.00 0.00 0.00 0.00 0.00 0.00 0.00 0.00 0.00 0.00 0.00 0.00 0.00 0.00 0.00 0.00 0.00 0.00 0.00 0.00 0.00 0.00 0.00 0.00 0.00 0.00 0.00 0.00 0.00 0.00 0.00 0.00 0.00 0.00 0.00 0.00 0.00 0.00 0.00 0.00 0.00 0.00 0.00 0.00 0.00 0.00 0.00 0.00 0.00 0.00 0.00 0.00 0.00 0.00 0.00 0.00 0.00 0.00 0.00 0.00 0.00 0.00 0.00 0.00 0.00 0.00 0.00 0.00 0.00 0.00 0.00 0.00 0.00 0.00 0.00 0.00 0.00 0.00 0.00 0.00 0.00 0.00 0.00 0.00 0.00 0.00 0.00 0.00 0.00 0.00 0.00 0.00 0.00 0.00 0.00 0.00 0.00 0.00 0.00 0.00 0.00 0.00 0.00 0.00 0.00 0.00 0.00 0.00 0.00 0.00 0.00 0.00 0.00 0.00 0.00 0.00 0.00 0.00 0.00 0.00 0.00 0.00 0.00 0.00 0.00 0.00 0.00 0.00 0.00 0.00 0.00 0.00 0.00 0.00 0.00 0.00 0.00 0.00 0.00 0.00 0.00 0.00 0.00 0.00 0.00 0.00 0.00 0.00 0.00 0.00 0.00 0.00 0.00 0.00 0.00 0.00 0.00 0.00 0.00 0.00 0.00 0.00 0.00 0.00 0.00 0.00 0.00 0.00 0.00 0.00 0.00 0.00 0.00 0.00 0.00 0.00 0.00 0.00 0.00 0.00 0.00 0.00 0.00 0.00 0.00 0.00 0.00 0.00 0.00 0.00 0.00 0.00 0.00 0.00 0.00 0.00 0.00 0.00 0.00 0.00 0.00 0.00 0.00 0.00 0.00 0.00 0.00 0.00 0.00 0.00 0.00 0.00 0.00 0.00 0.00 0.00 0.00 0.00 0.00 0.00 0.00 0.00 0.00 0.00 0.00 0.00 0.00 0.00 0.00 0.00 0.00 0.00 0.00 0.00 0.00 0.00 0.00 0.00 0.00 0.00 0.00 0.00 0.00 0.00 0.00 0.00 0.00 0.00 0.00 0.00 0.00 0.00 0.00 0.00 0.00 0.00 0.00 0.00 0.00 0.00 0.00 0.00 0.00 0.00 0.00 0.00 0.00 0.00 0.00 0.00 0.00 0.00 0.00 0.00 0.00 0.00 0.00 0.00 0.00 0.00 0.00 0.00 0.00 0.00 0.00 0.00 0.00 0.00 0.00 0.00 0.00 0.00 0.00 0.00 0.00 0.00 0.00 0.00 0.00 0.00 0.00 0.00 0.00 0.00 0.00 0.00 0.00 0.00 0.00 0.00 0.00 0.00 0.00 0.00 0.00 0.00 0.00 0.00 0.00 0.00 0.00 0.00 0.00 0.00 0.00 0.00 0.00 0.00 0.00 0.00 0.00 0.00 0.00 0.00 0.00 0.00 0.00 0.00 0.00 0.00 0.00 0.00 0.00 0.00 0.00 0.00 0.00 0.00 0.00 0.00 0.00 0.00 0.00 0.00 0.00 0.00 0.00 0.00 0.00 0.00 0.00 0.00 0.00 0.00 0.00 0.00 0.00 0.00 0.00 0.00 0.00 0.00 0.00 0.00 0.00 0.00 0.00 0.00 0.00 0.00 0.00 0.00 0.00 0.00 0.00 0.00 0.00 0.00 0.00 0.00 0.00 0.00 0.00 0.00 0.00 0.00 0.00 0.00 0.00 0.00 0.00 0.00 0.00 0.00 0.00 0.00 0.00 0.00 0.00 0.00 0.00 0.00 0.00 0.00 0.00 0.00 0.00 0.00 0.00 0.00 0.00 0.00 0.00 0.00 0.00 0.00 0.00 0.00 0.00 0.00 0.00 0.00 0.00 0.00 0.00 0.00 0.00 0.00 0.00 0.00 0.00 0.00 0.00 0.00 0.00 0.00 0.00 0.00 0.00 0.00 0.00 0.00 0.00 0.00 0.00 0.00 0.00 0.00 0.00 0.00 0.00 0.00 0.00 0.00 0.00 0.00 0.00 0.00 0.00 0.00 0.00 0.00 0.00 0.00 0.00 0.00 0.00 0.00 0.00 0.00 0.00 0.00 0.00 0.00 0.00 0.00 0.00 0.00 0.00 0.00 0.00 0.00 0.00 0.00 0.00 0.00 0.00 0.00 0.00 0.00 0.00 0.00 0.00 0.00 0.00 0.00 0.00 0.00 0.00 0.00 0.00 0.00 0.00 0.00 0.00 0.00 0.00 0.00 0.00 0.00 0.00 0.00 0.00 0.00 0.00 0.00 0.00 0.00 0.00 0.00 0.00 0.00 0.00 0.00 0.00 0.00 0.00 0.00 0.00 0.00 0.00 0.00 0.00 0.00 0.00 0.00 0.00 0.00 0.00 0.00 0.00 0.00 0.00 0.00 0.00 0.00 0.00 0.00 0.00 0.00 0.00 0.00 0.00 0.00 0.00 0.00 0.00 0.00 0.00 0.00 0.00 0.00 0.00 0.00 0.00 0.00 0.00 0.00 0.00 0.00 0.00 0.00 0.00 0.00 0.00 0.00 0.00 0.00 0.00 0.00 0.00 0.00 0.00 0.00 0.00 0.00 0.00 0.00 0.00 0.00 0.00 0.00 0.00 0.00 0.00 0.00 0.00 0.00 0.00 0.00 0.00 0.00 0.00 0.00 0.00 0.00 0.00 0.00 0.00 0.00 0.00 0.00 0.00 0.00 0.00 0.00 0.00 0.00 0.00 0.00 0.00 0.00 0.00 0.00 0.00 0.00 0.00 0.00 0.00 0.00 0.00 0.00 0.00 0.00 0.00 0.00 0.00 0.00 0.00 0.00 0.00 0.00 0.00 0.00 0.00 0.00 0.00 0.00 0.00 0.00 0.00 0.00 0.00 0.00 0.00 0.00 0.00 0.00 0.00 0.00 0.00 0.00 0.00 0.00 0.00 0.00 0.00 0.00 0.00 0.00 0.00 0.00 0.00 0.00 0.00 0.00 0.00 0.00 0.00 0.00 0.00 0.00 0.00 0.00 0.00 0.00 0.00 0.00 0.00 0.00 0.00 0.00 0.00 0.00 0.00 0.00 0.00 0.00 0.00 0.00 0.00 0.00 0.00 0.00 0.00 0.00 0.00 0.00 0.00 0.00 0.00 0.00 0.00 0.00 0.00 0.00 0.00 0.00 0.00 0.00 0.00 0.00 0.00 0.00 0.00 0.00 0.00 0.00 0.00 0.00 0.00 0.00 0.00 0.00 0.00 0.00 0.00 0.00 0.00 0.00 0.00 0.00 0.00 0.00 0.00 0.00 0.00 0.00 0.00 0.00 0.00 0.00 0.00 0.00 0.00 0.00 0.00 0.00 0.00 0.00 0.00 0.00 0.00 0.00 0.00 0.00 0.00 0.00 0.00 0.00 0.00 0.00 0.00 0.00 0.00 0.00 0.00 0.00 0.00 0.00 0.00 0.00 0.00 0.00 0.00 0.00 0.00 0.00 0.00 0.00 0.00 0.00 0.00 0.00 0.00 0.00 0.00 0.00 0.00 0.00 0.00 0.00 0.00 0.00 0.00 0.00 0.00 0.00 0.00 0.00 0.00 0.00 0.00 0.00 0.00 0.00 0.00 0.00 0.00 0.00 0.00 0.00 0.00 0.00 0.00 0.00 0.00 0.00 0.00 0.00 0.00 0.00 0.00 0.00 0.00 0.00 0.00 0.00 0.00 0.00 0.00 0.00 0.00 0.00 0.00 0.00 0.00 0.00 0.00 0.00 0.00 0.00 0.00 0.00 0.00 0.00 0.00 0.00 0.00 0.00 0.00 0.00 0.00 0.00 0.00 0.00 0.00 0.00 0.00 0.00 0.00 0.00 0.00 0.00 0.00 0.00 0.00 0.00 0.00 0.00 0.00 0.00 0.00 0.00 0.00 0.00 0.00 0.00 0.00 0.00 0.00 0.00 0.00 0.00 0.00 0.00 0.00 0.00 0.00 0.00 0.00 0.00 0.00 0.00 0.00 0.00 0.00 0.00 0.00 0.00 0.00 0.00 0.00 0.00 0.00 0.00 0.00 0.00 0.00 0.00 0.00 0.00 0.00 0.00 0.00 0.00 0.00 0.00 0.00 0.00 0.00 0.00 0.00 0.00 0.00 0.00 0.00 0.00 0.00 0.00 0.00 0.00 0.00 0.00 0.00 0.00 0.00 0.00 0.00 0.00 0.00 0.00 0.00 0.00 0.00 0.00 0.00 0.00 0.00 0.00 0.00 0.00 0.00 0.00 0.00 0.00 0.00 0.00 0.00 0.00 0.00 0.00 0.00 0.00 0.00 0.00 0.00 0.00 0.00 0.00 0.00 0.00 0.00 0.00 0.00 0.00 0.00 0.00 0.00 0.00 0.00 0.00 0.00 0.00 0.00 0.00 0.00 0.00 0.00 0.00 0.00 0.00 0.00 0.00 0.00 0.00 0.00 0.00 0.00 0.00 0.00 0.00 0.00 0.00 0.00 0.00 0.00 0.00 0.00 0.00 0.00 0.00 0.00 0.00 0.00 0.00 0.00 0.00 0.00 0.00 0.00 0.00 0.00 0.00 0.00 0.00 0.00 0.00 0.00 0.00 0.00 0.00 0.00 0.00 0.00 0.00 0.00 0.00 0.00 0.00 0.00 0.00 0.00 0.00 0.00 0.00 0.00 0.00 0.00 0.00 0.00 0.00 0.00 0.00 0.00 0.00 0.00 0.00 0.00 0.00 0.00 0.00 0.00 0.00 0.00 0.00 0.00 0.00 0.00 0.00 0.00 0.00 0.00 0.00 0.00 0.00 0.00 0.00 0.00 0.00 0.00 0.00 0.00 0.00 0.00 0.00 0.00 0.00 0.00 0.00 0.00 0.00 0.00 0.00 0.00 0.00 0.00 0.00 0.00 0.00 0.00 0.00 0.00 0.00 0.00 0.00 0.00 0.00 0.00 0.00 0.00 0.00 0.00 0.00 0.00 0.00 0.00 0.00 0.00 0.00 0.00 0.00 0.00 0.00 0.00 0.00 0.00 0.00 0.00 0.00 0.00 0.00 0.00 0.00 0.00 0.00 0.00 0.00 0.00 0.00 0.00 0.00 0.00 0.00 0.00 0.00 0.00 0.00 0.00 0.00 0.00 0.00 0.00 0.00 0.00 0.00 0.00 0.00 0.00 0.00 0.00 0.00 0.00 0.00 0.00 0.00 0.00 0.00 0.00 0.00 0.00 0.00 0.00 0.00 0.00 0.00 0.00 0.00 0.00 0.00 0.00 0.00 0.00 0.00 0.00 0.00 0.00 0.00 0.00 0.00 0.00 0.00 0.00 0.00 0.00 0.00 0.00 0.00 0.00 0.00 0.00 0.00 0.00 0.00 0.00 0.00 0.00 0.00 0.00 0.00 0.00 0.00 0.00 0.00 0.00 0.00 0.00 0.00 0.00 0.00 0.00 0.00 0.00 0.00 0.00 0.00 0.00 0.00 0.00 0.00 0.00 0.00 0.00 0.00 0.00 0.00 0.00 0.00 0.00 0.00 0.00 0.00 0.00 0.00 0.00 0.00 0.00 0.00 0.00 0.00 0.00 0.00 0.00 0.00 0.00 0.00 0.00 0.00 0.00 0.00 0.00 0.00 0.00 0.00 0.00 0.00 0.00 0.00 0.00 0.00 0.00 0.00 0.00 0.00 0.00 0.00 0.00 0.00 0.00 0.00 0.00 0.00 0.00 0.00 0.00 0.00 0.00 0.00 0.00 0.00 0.00 0.00 0.00 0.00 0.00 0.00 0.00 0.00 0.00 0.00 0.00 0.00 0.00 0.00 0.00 0.00 0.00 0.00 0.00 0.00 0.00 0.00 0.00 0.00 0.00 0.00 0.00 0.00 0.00 0.00 0.00 0.00 0.00 0.00 0.00 0.00 0.00 0.00 0.00 0.00 0.00 0.00 0.00 0.00 0.00 0.00 0.00 0.00 0.00 0.00 0.00 0.00 0.00 0.00 0.00 0.00 0.00 0.00 0.00 0.00 0.00 0.00 0.00 0.00 0.00 0.00 0.00 0.00 0.00 0.00 0.00 0.00 0.00 0.00 0.00 0.00 0.00 0.00 0.00 0.00 0.00 0.00 0.00 0.00 0.00 0.00 0.00 0.00 0.00 0.00 0.00 0.00 0.00 0.00 0.00 0.00 0.00 0.00 0.00 0.00 0.00 0.00 0.00 0.00 0.00 0.00 0.00 0.00 0.00 0.00 0.00 0.00 0.00 0.00 0.00 0.00 0.00 0.00 0.00 0.00 0.00 0.00 0.00 0.00 0.00 0.00 0.00 0.00 0.00 0.00 0.00 0.00 0.00 0.00 0.00 0.00 0.00 0.00 0.00 0.00 0.00 0.00 0.00 0.00 0.00 0.00 0.00 0.00 0.00 0.00 0.00 0.00 0.00 0.00 0.00 0.00 0.00 0.00 0.00 0.00 0.00 0.00 0.00 0.00 0.00 0.00 0.00 0.00 0.00 0.00 0.00 0.00 0.00 0.00 0.00 0.00 0.00 0.00 0.00 0.00 0.00 0.00 0.00 0.00 0.00 0.00 0.00 0.00 0.00 0.00 0.00 0.00 0.00 0.00 0.00 0.00 0.00 0.00 0.00 0.00 0.00 0.00 0.00 0.00 0.00 0.00 0.00 0.00 0.00 0.00 0.00 0.00 0.00 0.00 0.00 0.00 0.00 0.00 0.00 0.00 0.00 0.00 0.00 0.00 0.00 0.00 0.00 0.00 0.00 0.00 0.00 0.00 0.00 0.00 0.00 0.00 0.00 0.00 0.00 0.00 0.00 0.00 0.00 0.00 0.00 0.00 0.00 0.00 0.00 0.00 0.00 0.00 0.00 0.00 0.00 0.00 0.00 0.00 0.00 0.00 0.00 0.00 0.00 0.00 0.00 0.00 0.00 0.00 0.00 0.00 0.00 0.00 0.00 0.00 0.00 0.00 0.00 0.00 0.00 0.00 0.00 0.00 0.00 0.00 0.00 0.00 0.00 0.00 0.00 0.00 0.00 0.00 0.00 0.00 0.00 0.00 0.00 0.00 0.00 0.00 0.00 0.00 0.00 0.00 0.00 0.00 0.00 0.00 0.00 0.00 0.00 0.00 0.00 0.00 0.00 0.00 0.00 0.00 0.00 0.00 0.00 0.00 0.00 0.00 0.00 0.00 0.00 0.00 0.00 0.00 0.00 0.00 0.00 0.00 0.00 0.00 0.00 0.00 0.00 0.00 0.00 0.00 0.00 0.00 0.00 0.00 0.00 0.00 0.00 0.00 0.00 0.00 0.00 0.00 0.00 0.00 0.00 0.00 0.00 0.00 0.00 0.00 0.00 0.00 0.00 0.00 0.00 0.00 0.00 0.00 0.00 0.00 0.00 0.00 0.00 0.00 0.00 0.00 0.00 0.00 0.00 0.00 0.00 0.00 0.00 0.00 0.00 0.00 0.00 0.00 0.00 0.00 0.00 0.00 0.00 0.00 0.00 0.00 0.00 0.00 0.00 0.00 0.00 0.00 0.00 0.00 0.00 0.00 0.00 0.00 0.00 0.00 0.00 0.00 0.00 0.00 0.00 0.00 0.00 0.00 0.00 0.00 0.00 0.00 0.00 0.00 0.00 0.00 0.00 0.00 0.00 0.00 0.00 0.00 0.00 0.00 0.00 0.00 0.00 0.00 0.00 0.00 0.00 0.00 0.00 0.00 0.00 0.00 0.00 0.00 0.00 0.00 0.00 0.00 0.00 0.00 0.00 0.00 0.00 0.00 0.00 0.00 0.00 0.00 0.00 0.00 0.00 0.00 0.00 0.00 0.00 0.00 0.00 0.00 0.00 0.00 0.00 0.00 0.00 0.00 0.00 0.00 0.00 0.00 0.00 0.00 0.00 0.00 0.00 0.00 0.00 0.00 0.00 0.00 0.00 0.00 0.00 0.00 0.00 0.00 0.00 0.00 0.00 0.00 0.00 0.00 0.00 0.00 0.00 0.00 0.00 0.00 0.00 0.00 0.00 0.00 0.00 0.00 0.00 0.00 0.00 0.00 0.00 0.00 0.00 0.00 0.00 0.00 0.00 0.00 0.00 0.00 0.00 0.00 0.00 0.00 0.00 0.00 0.00 0.00 0.00 0.00 0.00 0.00 0.00 0.00 0.00 0.00 0.00 0.00 0.00 0.00 0.00 0.00 0.00 0.00 0.00 0.00 0.00 0.00 0.00 0.00 0.00 0.00 0.00 0.00 0.00 0.00 0.00 0.00 0.00 0.00 0.00 0.00 0.00 0.00 0.00 0.00 0.00 0.00 0.00 0.00 0.00 0.00 0.00 0.00 0.00 0.00 0.00 0.00 0.00 0.00 0.00 0.00 0.00 0.00 0.00 0.00 0.00 0.00 0.00 0.00 0.00 0.00 0.00 0.00 0.00 0.00 0.00 0.00 0.00 0.00 0.00 0.00 0.00 0.00 0.00 0.00 0.00 0.00 0.00 0.00 0.00 0.00 0.00 0.00 0.00 0.00 0.00 0.00 0.00 0.00 0.00 0.00 0.00 0.00 0.00 0.00 0.00 0.00 0.00 0.00 0.00 0.00 0.00 0.00 0.00 0.00 0.00 0.00 0.00 0.00 0.00 0.00 0.00 0.00 0.00 0.00 0.00 0.00 0.00 0.00 0.00 0.00 0.00 0.00 0.00 0.00 0.00 0.00 0.00 0.00 0.00 0.00 0.00 0.00 0.00 0.00 0.00 0.00 0.00 0.00 0.00 0.00 0.00 0.00 0.00 0.00 0.00 0.00 0.00 0.00 0.00 0.00 0.00 0.00 0.00 0.00 0.00 0.00 0.00 0.00 0.00 0.00 0.00 0.00 0.00 0.00 0.00 0.00 0.00 0.00 0.00 0.00 0.00 0.00 0.00 0.00 0.00 0.00 0.00 0.00 0.00 0.00 0.00 0.00 0.00 0.00 0.00 0.00 0.00 0.00 0.00 0.00 0.00 0.00 0.00 0.00 0.00 0.00 0.00 0.00 0.00 0.00 0.00 0.00 0.00 0.00 0.00 0.00 0.00 0.00 0.00 0.00 0.00 0.00 0.00 0.00 0.00 0.00 0.00 0.00 0.00 0.00 0.00 0.00 0.00 0.00 0.00 0.00 0.00 0.00 0.00 0.00 0.00 0.00 0.00 0.00 0.00 0.00 0.00 0.00 0.00 0.00 0.00 0.00 0.00 0.00 0.00 0.00 0.00 0.00 0.00 0.00 0.00 0.00 0.00 0.00 0.00 0.00 0.00 0.00 0.00 0.00 0.00 0.00 0.00 0.00 0.00 0.00 0.00 0.00 0.00 0.00 0.00 0.00 0.00 0.00 0.00 0.00 0.00 0.00 0.00 0.00 0.00 0.00 0.00 0.00 0.00 0.00 0.00 0.00 0.00 0.00 0.00 0.00 0.00 0.00 0.00 0.00 0.00 0.00 0.00 0.00 0.00 0.00 0.00 0.00 0.00 0.00 0.00 0.00 0.00 0.00 0.00 0.00 0.00 0.00 0.00 0.00 0.00 0.00 0.00 0.00 0.00 0.00 0.00 0.00 0.00 0.00 0.00 0.00 0.00 0.00 0.00 0.00 0.00 0.00 0.00 0.00 0.00 0.00 0.00 0.00 0.00 0.00 0.00 0.00 0.00 0.00 0.00 0.00 0.00 0.00 0.00 0.00 0.00 0.00 0.00 0.00 0.00 0.00 0.00 0.00 0.00 0.00 0.00 0.00 0.00 0.00 0.00 0.00 0.00 0.00 0.00 0.00 0.00 0.00 0.00 0.00 0.00 0.00 0.00 0.00 0.00 0.00 0.00 0.00 0.00 0.00 0.00 0.00 0.00 0.00 0.00 0.00 0.00 0.00 0.00 0.00 0.00 0.00 0.00 0.00 0.00 0.00 0.00 0.00 0.00 0.00 0.00 0.00 0.00 0.00 0.00 0.00 0.00 0.00 0.00 0.00 0.00 0.00 0.00 0.00 0.00 0.00 0.00 0.00 0.00 0.00 0.00 0.00 0.00 0.00 0.00 0.00 0.00 0.00 0.00 0.00 0.00 0.00 0.00 0.00 0.00 0.00 0.00 0.00 0.00 0.00 0.00 0.00 0.00 0.00 0.00 0.00 0.00 0.00 0.00 0.00 0.00 0.00 0.00 0.00 0.00 0.00 0.00 0.00 0.00 0.00 0.00 0.00 0.00 0.00 0.00 0.00 0.00 0.00 0.00 0.00 0.00 0.00 0.00 0.00 0.00 0.00 0.00 0.00 0.00 0.00 0.00 0.00 0.00 0.00 0.00 0.00 0.00 0.00 0.00 0.00 0.00 0.00 0.00 0.00 0.00 0.00 0.00 0.00 0.00 0.00 0.00 0.00 0.00 0.00 0.00 0.00 0.00 0.00 0.00 0.00 0.00 0.00 0.00 0.00 0.00 0.00 0.00 0.00 0.00 0.00 0.00 0.00 0.00 0.00 0.00 0.00 0.00 0.00 0.00 0.00 0.00 0.00 0.00 0.00 0.00 0.00 0.00 0.00 0.00 0.00 0.00 0.00 0.00 0.00 0.00 0.00 0.00 0.00 0.00 0.00 0.00 0.00 0.00 0.00 0.00 0.00 0.00 0.00 0.00 0.00 0.00 0.00 0.00 0.00 0.00 0.00 0.00 0.00 0.00 0.00 0.00 0.00 0.00 0.00 0.00 0.00 0.00 0.00 0.00 0.00 0.00 0.00 0.00 0.00 0.00 0.00 0.00 0.00 0.00 0.00 0.00 0.00 0.00 0.00 0.00 0.00 0.00 0.00 0.00 0.00 0.00 0.00 0.00 0.00 0.00 0.00 0.00 0.00 0.00 0.00 0.00 0.00 0.00 0.00 0.00 0.00 0.00 0.00 0.00 0.00 0.00 0.00 0.00 0.00 0.00 0.00 0.00 0.00 0.00 0.00 0.00 0.00 0.00 0.00 0.00 0.00 0.00 0.00 0.00 0.00 0.00 0.00 0.00 0.00 0.00 0.00 0.00 0.00 0.00 0.00 0.00 0.00 0.00 0.00 0.00 0.00 0.00 0.00 0.00 0.00 0.00 0.00 0.00 0.00 0.00 0.00 0.00 0.00 0.00 0.00 0.00 0.00 0.00 0.00 0.00 0.00 0.00 0.00 0.00 0.00 0.00 0.00 0.00 0.00 0.00 0.00 0.00 0.00 0.00 0.00 0.00 0.00 0.00 0.00 0.00 0.00 0.00 0.00 0.00 0.00 0.00 0.00 0.00 0.00 0.00 0.00 0.00 0.00 0.00 0.00 0.00 0.00 0.00 0.00 0.00 0.00 0.00 0.00 0.00 0.00 0.00 0.00 0.00 0.00 0.00 0.00 0.00 0.00 0.00 0.00 0.00 0.00 0.00 0.00 0.00 0.00 0.00 0.00 0.00 0.00 0.00 0.00 0.00 0.00 0.00 0.00 0.00 0.00 0.00 0.00 0.00 0.00 0.00 0.00 0.00 0.00 0.00 0.00 0.00 0.00 0.00 0.00 0.00 0.00 0.00 0.00 0.00 0.00 0.00 0.00 0.00 0.00 0.00 0.00 0.00 0.00 0.00 0.00 0.00 0.00 0.00 0.00 0.00 0.00 0.00 0.00 0.00 0.00 0.00 0.00 0.00 0.00 0.00 0.00 0.00 0.00 0.00 0.00 0.00 0.00 0.00 0.00 0.00 0.00 0.00 0.00 0.00 0.00 0.00 0.00 0.00 0.00 0.00 0.00 0.00 0.00 0.00 0.00 0.00 0.00 0.00 0.00 0.00 0.00 0.00 0.00 0.00 0.00 0.00 0.00 0.00 0.00 0.00 0.00 0.00 0.00 0.00 0.00 0.00 0.00 0.00 0.00 0.00 0.00 0.00 0.00 0.00 0.00 0.00 0.00 0.00 0.00 0.00 0.00 0.00 0.00 0.00 0.00 0.00 0.00 0.00 0.00 0.00 0.00 0.00 0.00 0.00 0.00 0.00 0.00 0.00 0.00 0.00 0.00 0.00 0.00 0.00 0.00 0.00 0.00 0.00 0.00 0.00 0.00 0.00 0.00 0.00 0.00 0.00 0.00 0.00 0.00 0.00 0.00 0.00 0.00 0.00 0.00 0.00 0.00 0.00 0.00 0.00 0.00 0.00 0.00 0.00 0.00 0.00 0.00 0.00 0.00 0.00 0.00 0.00 0.00 0.00 0.00 0.00 0.00 0.00 0.00 0.00 0.00 0.00 0.00 0.00 0.00 0.00 0.00 0.00 0.00 0.00 0.00 0.00 0.00 0.00 0.00 0.00 0.00 0.00 0.00 0.00 0.00 0.00 0.00 0.00 0.00 0.00 0.00 0.00 0.00 0.00 0.00 0.00 0.00 0.00 0.00 0.00 0.00 0.00 0.00 0.00 0.00 0.00 0.00 0.00 0.00 0.00 0.00 0.00 0.00 0.00 0.00 0.00 0.00 0.00 0.00 0.00 0.00 0.00 0.00 0.00 0.00 0.00 0.00 0.00 0.00 0.00 0.00 0.00 0.00 0.00 0.00 0.00 0.00 0.00 0.00 0.00 0.00 0.00 0.00 0.00 0.00 0.00 0.00 0.00 0.00 0.00 0.00 0.00 0.00 0.00 0.00 0.00 0.00 0.00 0.00 0.00 0.00 0.00 0.00 0.00 0.00 0.00 0.00 0.00 0.00 0.00 0.00 0.00 0.00 0.00 0.00 0.00 0.00 0.00 0.00 0.00 0.00 0.00 0.00 0.00 0.00 0.00 0.00 0.00 0.00 0.00 0.00 0.00 0.00 0.00 0.00 0.00 0.00 0.00 0.00 0.00 0.00 0.00 0.00 0.00 0.00 0.00 0.00 0.00 0.00 0.00 0.00 0.00 0.00 0.00 0.00 0.00 0.00 0.00 0.00 0.00 0.00 0.00 0.00 0.00 0.00 0.00 0.00 0.00 0.00 0.00 0.00 0.00 0.00 0.00 0.00 0.00 0.00 0.00 0.00 0.00 0.00 0.00 0.00 0.00 0.00 0.00 0.00 0.00 0.00 0.00 0.00 0.00 0.00 0.00 0.00 0.00 0.00 0.00 0.00 0.00 0.00 0.00 0.00 0.00 0.00 0.00 0.00 0.00 0.00 0.00 0.00 0.00 0.00 0.00 0.00 0.00 0.00 0.00 0.00 0.00 0.00 0.00 0.00 0.00 0.00 0.00 0.00 0.00 0.00 0.00 0.00 0.00 0.00 0.00 0.00 0.00 0.00 0.00 0.00 0.00 0.00 0.00 0.00 0.00 0.00 0.00 0.00 0.00 0.00 0.00 0.00 0.00 0.00 0.00 0.00 0.00 0.00 0.00 0.00 0.00 0.00 0.00 0.00 0.00 0.00 0.00 0.00 0.00 0.00 0.00 0.00 0.00 0.00 0.00 0.00 0.00 0.00 0.00 0.00 0.00 0.00 0.00 0.00 0.00 0.00 0.00 0.00 0.00 0.00 0.00 0.00 0.00 0.00 0.00 0.00 0.00 0.00 0.00 0.00 0.00 0.00 0.00 0.00 0.00 0.00 0.00 0.00 0.00 0.00 0.00 0.00 0.00 0.00 0.00 0.00 0.00 0.00 0.00 0.00 0.00 0.00 0.00 0.00 0.00 0.00 0.00 0.00 0.00 0.00 0.00 0.00 0.00 0.00 0.00 0.00 0.00 0.00 0.00 0.00 0.00 0.00 0.00 0.00 0.00 0.00 0.00 0.00 0.00 0.00 0.00 0.00 0.00 0.00 0.00 0.00 0.00 0.00 0.00 0.00 0.00 0.00 0.00 0.00 0.00 0.00 0.00 0.00 0.00 0.00 0.00 0.00 0.00 0.00 0.00 0.00 0.00 0.00 0.00 0.00 0.00 0.00 0.00 0.00 0.00 0.00 0.00 0.00 0.00 0.00 0.00 0.00 0.00 0.00 0.00 0.00 0.00 0.00 0.00 0.00 0.00 0.00 0.00 0.00 0.00 0.00 0.00 0.00 0.00 0.00 0.00 0.00 0.00 0.00 0.00 0.00 0.00 0.00 0.00 0.00 0.00 0.00 0.00 0.00 0.00 0.00 0.00 0.00 0.00 0.00 0.00 0.00 0.00 0.00 0.00 0.00 0.00 0.00 0.00 0.00 0.00 0.00 0.00 0.00 0.00 0.00 0.00 0.00 0.00 0.00 0.00 0.00 0.00 0.00 0.00 0.00 0.00 0.00 0.00 0.00 0.00 0.00 0.00 0.00 0.00 0.00 0.00 0.00 0.00 0.00 0.00 0.00 0.00 0.00 0.00 0.00 0.00 0.00 0.00
height.size=4902
height.data=25.71 390.46 755.08 1119.46 1483.49 1847.06 2210.07 2572.39 2933.92 3294.55 3654.17 4012.67 4369.94 4725.87 5080.36 5433.29 5784.56 6134.06 6481.69 25.96 392.45 758.81 1124.94 1490.71 1856.03 2220.76 2584.82 2948.08 3310.44 3671.78 4031.99 4390.97 4748.60 5104.78 5459.40 5812.35 6163.53 6512.82 26.21 394.44 762.55 1130.42 1497.93 1864.99 2231.46 2597.25 2962.24 3326.32 3689.38 4051.31 4412.00 4771.33 5129.21 5485.52 5840.15 6192.99 6543.94 26.45 396.44 766.29 1135.90 1505.16 1873.95 2242.16 2609.68 2976.40 3342.21 3706.99 4070.63 4433.03 4794.06 5153.64 5511.63 5867.94 6222.46 6575.07 26.70 398.43 770.03 1141.38 1512.38 1882.91 2252.86 2622.12 2990.56 3358.09 3724.59 4089.95 4454.06 4816.80 5178.06 5537.74 5895.73 6251.92 6606.20 26.96 400.43 773.77 1146.87 1519.61 1891.88 2263.56 2634.55 3004.73 3373.98 3742.20 4109.27 4475.09 4839.53 5202.49 5563.86 5923.53 6281.39 6637.33 27.21 402.43 777.51 1152.35 1526.84 1900.84 2274.27 2646.99 3018.89 3389.87 3759.81 4128.60 4496.12 4862.26 5226.92 5589.98 5951.33 6310.86 6668.46 27.46 404.42 781.26 1157.84 1534.06 1909.81 2284.97 2659.42 3033.06 3405.76 3777.42 4147.92 4517.15 4885.00 5251.35 5616.10 5979.12 6340.32 6699.59 27.72 406.42 785.00 1163.33 1541.29 1918.78 2295.67 2671.86 3047.23 3421.66 3795.03 4167.25 4538.19 4907.74 5275.78 5642.22 6006.92 6369.79 6730.72 27.97 408.43 788.75 1168.82 1548.52 1927.75 2306.38 2684.30 3061.39 3437.55 3812.65 4186.58 4559.22 4930.47 5300.22 5668.34 6034.72 6399.27 6761.85 28.23 410.43 792.49 1174.31 1555.75 1936.72 2317.09 2696.74 3075.56 3453.44 3830.26 4205.91 4580.26 4953.21 5324.65 5694.46 6062.52 6428.74 6792.99 28.49 412.43 796.24 1179.80 1562.99 1945.69 2327.80 2709.18 3089.73 3469.34 3847.88 4225.24 4601.30 4975.95 5349.09 5720.58 6090.33 6458.21 6824.12 28.75 414.44 799.99 1185.29 1570.22 1954.66 2338.51 2721.62 3103.91 3485.23 3865.49 4244.57 4622.34 4998.70 5373.52 5746.70 6118.13 6487.69 6855.26 29.01 416.44 803.74 1190.78 1577.46 1963.64 2349.22 2734.07 3118.08 3501.13 3883.11 4263.90 4643.38 5021.44 5397.96 5772.83 6145.93 6517.16 6886.39 29.27 418.45 807.49 1196.28 1584.69 1972.61 2359.93 2746.51 3132.25 3517.03 3900.73 4283.23 4664.42 5044.18 5422.40 5798.96 6173.74 6546.64 6917.53 29.53 420.46 811.24 1201.77 1591.93 1981.59 2370.64 2758.96 3146.43 3532.93 3918.35 4302.57 4685.46 5066.93 5446.84 5825.08 6201.55 6576.11 6948.67 29.80 422.47 815.00 1207.27 1599.17 1990.57 2381.35 2771.41 3160.60 3548.83 3935.97 4321.90 4706.51 5089.67 5471.28 5851.21 6229.35 6605.59 6979.81 30.06 424.48 818.75 1212.77 1606.41 1999.55 2392.07 2783.85 3174.78 3564.73 3953.59 4341.24 4727.55 5112.42 5495.72 5877.34 6257.16 6635.07 7010.95 30.33 426.49 822.51 1218.27 1613.65 2008.53 2402.79 2796.30 3188.96 3580.64 3971.22 4360.58 4748.60 5135.17 5520.16 5903.47 6284.97 6664.55 7042.10 30.60 428.50 826.27 1223.77 1620.89 2017.51 2413.50 2808.75 3203.14 3596.54 3988.84 4379.91 4769.65 5157.92 5544.61 5929.60 6312.78 6694.04 7073.24 30.87 430.52 830.02 1229.27 1628.13 2026.49 2424.22 2821.21 3217.32 3612.45 4006.47 4399.25 4790.69 5180.67 5569.05 5955.74 6340.60 6723.52 7104.39 31.14 432.53 833.78 1234.77 1635.38 2035.48 2434.94 2833.66 3231.50 3628.35 4024.09 4418.59 4811.74 5203.42 5593.50 5981.87 6368.41 6753.00 7135.53 31.41 434.55 837.55 1240.28 1642.62 2044.46 2445.66 2846.11 3245.69 3644.26 4041.72 4437.94 4832.79 5226.17 5617.95 6008.00 6396.22 6782.49 7166.68 31.68 436.57 841.31 1245.78 1649.87 2053.45 2456.39 2858.57 3259.87 3660.17 4059.35 4457.28 4853.85 5248.92 5642.39 6034.14 6424.04 6811.97 7197.83 31.95 438.58 845.07 1251.29 1657.12 2062.43 2467.11 2871.03 3274.06 3676.08 4076.98 4476.62 4874.90 5271.68 5666.84 6060.28 6451.85 6841.46 7228.97 32.23 440.60 848.84 1256.80 1664.37 2071.42 2477.83 2883.48 3288.24 3691.99 4094.61 4495.97 4895.95 5294.43 5691.30 6086.41 6479.67 6870.95 7260.12 32.51 442.63 852.60 1262.31 1671.62 2080.41 2488.56 2895.94 3302.43 3707.91 4112.24 4515.32 4917.01 5317.19 5715.75 6112.55 6507.49 6900.44 7291.28 32.78 444.65 856.37 1267.82 1678.87 2089.40 2499.29 2908.40 3316.62 3723.82 4129.88 4534.66 4938.06 5339.95 5740.20 6138.69 6535.31 6929.93 7322.43 33.06 446.67 860.14 1273.33 1686.12 2098.39 2510.01 2920.86 3330.81 3739.73 4147.51 4554.01 4959.12 5362.71 5764.65 6164.84 6563.13 6959.42 7353.58 33.34 448.70 863.90 1278.84 1693.38 2107.39 2520.74 2933.32 3345.00 3755.65 4165.15 4573.36 4980.18 5385.47 5789.11 6190.98 6590.95 6988.91 7384.74 33.62 450.72 867.68 1284.35 1700.63 2116.38 2531.47 2945.79 3359.19 3771.57 4182.78 4592.72 5001.24 5408.23 5813.57 6217.12 6618.78 7018.41 7415.89 33.90 452.75 871.45 1289.87 1707.89 2125.38 2542.21 2958.25 3373.39 3787.49 4200.42 4612.07 5022.30 5430.99 5838.02 6243.27 6646.60 7047.90 7447.05 34.19 454.78 875.22 1295.38 1715.14 2134.37 2552.94 2970.72 3387.58 3803.41 4218.06 4631.42 5043.36 5453.76 5862.48 6269.41 6674.42 7077.40 7478.20 34.47 456.81 878.99 1300.90 1722.40 2143.37 2563.67 2983.19 3401.78 3819.33 4235.70 4650.78 5064.42 5476.52 5886.94 6295.56 6702.25 7106.89 7509.36 34.76 458.84 882.77 1306.42 1729.66 2152.37 2574.41 2995.65 3415.98 3835.25 4253.34 4670.13 5085.49 5499.29 5911.40 6321.71 6730.08 7136.39 7540.52 35.04 460.87 886.54 1311.94 1736.92 2161.37 2585.14 3008.12 3430.17 3851.17 4270.98 4689.49 5106.55 5522.05 5935.86 6347.86 6757.91 7165.89 7571.68 35.33 462.90 890.32 1317.46 1744.19 2170.37 2595.88 3020.59 3444.37 3867.10 4288.63 4708.85 5127.62 5544.82 5960.33 6374.01 6785.74 7195.39 7602.84 35.62 464.94 894.10 1322.98 1751.45 2179.37 2606.62 3033.06 3458.57 3883.02 4306.27 4728.21 5148.69 5567.59 5984.79 6400.16 6813.57 7224.89 7634.01 35.91 466.97 897.88 1328.50 1758.71 2188.38 2617.36 3045.54 3472.78 3898.95 4323.92 4747.57 5169.76 5590.36 6009.26 6426.31 6841.40 7254.39 7665.17 36.20 469.01 901.66 1334.03 1765.98 2197.38 2628.10 3058.01 3486.98 3914.87 4341.57 4766.93 5190.83 5613.13 6033.72 6452.46 6869.23 7283.90 7696.34 36.49 471.05 905.44 1339.55 1773.25 2206.39 2638.84 3070.49 3501.18 3930.80 4359.22 4786.29 5211.90 5635.91 6058.19 6478.62 6897.06 7313.40 7727.50 36.79 473.08 909.23 1345.08 1780.51 2215.39 2649.59 3082.96 3515.39 3946.73 4376.86 4805.65 5232.97 5658.68 6082.66 6504.77 6924.90 7342.91 7758.67 37.08 475.12 913.01 1350.61 1787.78 2224.40 2660.33 3095.44 3529.59 3962.66 4394.52 4825.02 5254.04 5681.45 6107.13 6530.93 6952.73 7372.41 7789.84 37.38 477.17 916.80 1356.14 1795.05 2233.41 2671.08 3107.92 3543.80 3978.60 4412.17 4844.38 5275.12 5704.23 6131.60 6557.09 6980.57 7401.92 7821.01 37.68 479.21 920.58 1361.67 1802.32 2242.42 2681.82 3120.40 3558.01 3994.53 4429.82 4863.75 5296.19 5727.01 6156.07 6583.25 7008.41 7431.43 7852.18 37.97 481.25 924.37 1367.20 1809.60 2251.43 2692.57 3132.88 3572.22 4010.46 4447.47 4883.12 5317.27 5749.79 6180.54 6609.41 7036.25 7460.94 7883.35 38.27 483.30 928.16 1372.73 1816.87 2260.44 2703.32 3145.36 3586.43 4026.40 4465.13 4902.49 5338.34 5772.56 6205.02 6635.57 7064.09 7490.45 7914.52 38.57 485.34 931.95 1378.26 1824.14 2269.46 2714.07 3157.84 3600.64 4042.34 4482.79 4921.86 5359.42 5795.34 6229.49 6661.73 7091.93 7519.96 7945.69 38.88 487.39 935.74 1383.80 1831.42 2278.47 2724.82 3170.33 3614.86 4058.27 4500.44 4941.23 5380.50 5818.13 6253.97 6687.89 7119.77 7549.47 7976.87 39.18 489.44 939.53 1389.33 1838.70 2287.49 2735.57 3182.81 3629.07 4074.21 4518.10 4960.60 5401.58 5840.91 6278.44 6714.06 7147.62 7578.99 8008.04 39.48 491.49 943.33 1394.87 1845.98 2296.51 2746.33 3195.30 3643.29 4090.15 4535.76 4979.98 5422.67 5863.69 6302.92 6740.22 7175.46 7608.50 8039.22 39.79 493.54 947.12 1400.41 1853.26 2305.53 2757.08 3207.79 3657.50 4106.09 4553.42 4999.35 5443.75 5886.48 6327.40 6766.39 7203.31 7638.02 8070.40 40.10 495.59 950.92 1405.95 1860.54 2314.55 2767.84 3220.28 3671.72 4122.04 4571.08 5018.73 5464.83 5909.26 6351.88 6792.56 7231.15 7667.54 8101.58 40.40 497.64 954.72 1411.49 1867.82 2323.57 2778.60 3232.77 3685.94 4137.98 4588.75 5038.11 5485.92 5932.05 6376.36 6818.73 7259.00 7697.06 8132.76 40.71 499.70 958.52 1417.03 1875.10 2332.59 2789.35 3245.26 3700.16 4153.92 4606.41 5057.48 5507.01 5954.84 6400.85 6844.90 7286.85 7726.57 8163.94 41.02 501.75 962.32 1422.57 1882.39 2341.61 2800.11 3257.75 3714.38 4169.87 4624.08 5076.86 5528.09 5977.63 6425.33 6871.07 7314.70 7756.10 8195.12 41.33 503.81 966.12 1428.12 1889.67 2350.64 2810.87 3270.24 3728.60 4185.82 4641.74 5096.24 5549.18 6000.42 6449.82 6897.24 7342.55 7785.62 8226.30 41.65 505.87 969.92 1433.66 1896.96 2359.66 2821.64 3282.74 3742.83 4201.76 4659.41 5115.63 5570.27 6023.21 6474.30 6923.41 7370.40 7815.14 8257.49 41.96 507.92 973.72 1439.21 1904.25 2368.69 2832.40 3295.23 3757.05 4217.71 4677.08 5135.01 5591.36 6046.00 6498.79 6949.59 7398.26 7844.66 8288.67 42.28 509.98 977.53 1444.76 1911.53 2377.72 2843.16 3307.73 3771.28 4233.66 4694.75 5154.39 5612.46 6068.80 6523.28 6975.76 7426.11 7874.19 8319.86 42.59 512.05 981.33 1450.31 1918.82 2386.75 2853.93 3320.23 3785.50 4249.62 4712.42 5173.78 5633.55 6091.59 6547.77 7001.94 7453.97 7903.71 8351.04 42.91 514.11 985.14 1455.86 1926.12 2395.78 2864.69 3332.73 3799.73 4265.57 4730.09 5193.16 5654.64 6114.39 6572.26 7028.12 7481.82 7933.24 8382.23 43.23 516.17 988.95 1461.41 1933.41 2404.81 2875.46 3345.23 3813.96 4281.52 4747.77 5212.55 5675.74 6137.18 6596.75 7054.29 7509.68 7962.77 8413.42 43.55 518.24 992.76 1466.96 1940.70 2413.84 2886.23 3357.73 3828.19 4297.48 4765.44 5231.94 5696.83 6159.98 6621.24 7080.47 7537.54 7992.30 8444.61 43.87 520.30 996.57 1472.51 1948.00 2422.87 2897.00 3370.23 3842.42 4313.43 4783.12 5251.33 5717.93 6182.78 6645.74 7106.66 7565.40 8021.83 8475.80 44.19 522.37 1000.38 1478.07 1955.29 2431.91 2907.77 3382.74 3856.66 4329.39 4800.79 5270.72 5739.03 6205.58 6670.23 7132.84 7593.26 8051.36 8507.00 44.51 524.44 1004.19 1483.62 1962.59 2440.95 2918.54 3395.24 3870.89 4345.35 4818.47 5290.11 5760.13 6228.38 6694.73 7159.02 7621.12 8080.89 8538.19 44.84 526.51 1008.00 1489.18 1969.89 2449.98 2929.32 3407.75 3885.13 4361.31 4836.15 5309.51 5781.23 6251.19 6719.22 7185.20 7648.98 8110.42 8569.38 45.16 528.58 1011.82 1494.74 1977.19 2459.02 2940.09 3420.26 3899.36 4377.27 4853.83 5328.90 5802.34 6273.99 6743.72 7211.39 7676.85 8139.96 8600.58 45.49 530.65 1015.63 1500.30 1984.49 2468.06 2950.87 3432.76 3913.60 4393.23 4871.51 5348.30 5823.44 6296.80 6768.22 7237.58 7704.71 8169.49 8631.78 45.82 532.72 1019.45 1505.86 1991.79 2477.10 2961.65 3445.27 3927.84 4409.19 4889.19 5367.69 5844.54 6319.60 6792.72 7263.76 7732.58 8199.03 8662.97 46.15 534.80 1023.27 1511.42 1999.09 2486.14 2972.42 3457.78 3942.08 4425.16 4906.88 5387.09 5865.65 6342.41 6817.22 7289.95 7760.45 8228.57 8694.17 46.48 536.87 1027.09 1516.98 2006.40 2495.19 2983.20 3470.30 3956.32 4441.12 4924.56 5406.49 5886.76 6365.22 6841.73 7316.14 7788.32 8258.11 8725.37 46.81 538.95 1030.91 1522.55 2013.70 2504.23 2993.98 3482.81 3970.56 4457.09 4942.25 5425.89 5907.86 6388.03 6866.23 7342.33 7816.19 8287.65 8756.57 47.14 541.03 1034.73 1528.11 2021.01 2513.28 3004.76 3495.32 3984.80 4473.06 4959.94 5445.29 5928.97 6410.84 6890.74 7368.52 7844.06 8317.19 8787.78 47.47 543.11 1038.56 1533.68 2028.32 2522.32 3015.55 3507.84 3999.05 4489.03 4977.62 5464.69 5950.08 6433.65 6915.24 7394.72 7871.93 8346.73 8818.98 47.81 545.19 1042.38 1539.24 2035.62 2531.37 3026.33 3520.36 4013.29 4505.00 4995.31 5484.10 5971.19 6456.46 6939.75 7420.91 7899.80 8376.27 8850.18 48.15 547.27 1046.21 1544.81 2042.93 2540.42 3037.12 3532.87 4027.54 4520.97 5013.00 5503.50 5992.31 6479.27 6964.26 7447.11 7927.67 8405.82 8881.39 48.48 549.35 1050.03 1550.38 2050.25 2549.47 3047.90 3545.39 4041.79 4536.94 5030.70 5522.91 6013.42 6502.09 6988.77 7473.30 7955.55 8435.36 8912.59 48.82 551.43 1053.86 1555.95 2057.56 2558.52 3058.69 3557.91 4056.04 4552.91 5048.39 5542.31 6034.53 6524.91 7013.28 7499.50 7983.43 8464.91 8943.80 49.16 553.52 1057.69 1561.53 2064.87 2567.57 3069.48 3570.43 4070.29 4568.89 5066.08 5561.72 6055.65 6547.72 7037.79 7525.70 8011.30 8494.46 8975.01 49.50 555.60 1061.52 1567.10 2072.19 2576.63 3080.27 3582.96 4084.54 4584.86 5083.78 5581.13 6076.77 6570.54 7062.30 7551.90 8039.18 8524.00 9006.22 49.84 557.69 1065.35 1572.67 2079.50 2585.68 3091.06 3595.48 4098.79 4600.84 5101.47 5600.54 6097.88 6593.36 7086.81 7578.10 8067.06 8553.55 9037.43 50.19 559.78 1069.18 1578.25 2086.82 2594.74 3101.85 3608.01 4113.05 4616.82 5119.17 5619.95 6119.00 6616.18 7111.33 7604.30 8094.94 8583.10 9068.64 50.53 561.87 1073.02 1583.83 2094.14 2603.80 3112.64 3620.53 4127.30 4632.80 5136.87 5639.36 6140.12 6639.00 7135.85 7630.50 8122.82 8612.66 9099.85 50.88 563.96 1076.85 1589.40 2101.46 2612.85 3123.44 3633.06 4141.56 4648.78 5154.57 5658.78 6161.25 6661.83 7160.36 7656.71 8150.70 8642.21 9131.07 51.22 566.05 1080.69 1594.98 2108.78 2621.91 3134.23 3645.59 4155.81 4664.76 5172.27 5678.19 6182.37 6684.65 7184.88 7682.91 8178.59 8671.76 9162.28 51.57 568.14 1084.53 1600.56 2116.10 2630.97 3145.03 3658.12 4170.07 4680.74 5189.97 5697.61 6203.49 6707.47 7209.40 7709.12 8206.47 8701.32 9193.50 51.92 570.24 1088.37 1606.15 2123.42 2640.04 3155.83 3670.65 4184.33 4696.73 5207.67 5717.02 6224.62 6730.30 7233.92 7735.32 8234.36 8730.87 9224.72 52.27 572.33 1092.21 1611.73 2130.75 2649.10 3166.63 3683.18 4198.59 4712.71 5225.38 5736.44 6245.74 6753.13 7258.44 7761.53 8262.25 8760.43 9255.93 52.62 574.43 1096.05 1617.31 2138.07 2658.16 3177.43 3695.71 4212.85 4728.70 5243.08 5755.86 6266.87 6775.96 7282.96 7787.74 8290.13 8789.99 9287.15 52.97 576.53 1099.89 1622.90 2145.40 2667.23 3188.23 3708.25 4227.12 4744.68 5260.79 5775.28 6288.00 6798.79 7307.49 7813.95 8318.02 8819.55 9318.37 53.33 578.63 1103.73 1628.48 2152.73 2676.29 3199.03 3720.78 4241.38 4760.67 5278.50 5794.70 6309.13 6821.62 7332.01 7840.16 8345.91 8849.11 9349.59 53.68 580.73 1107.58 1634.07 2160.05 2685.36 3209.84 3733.32 4255.64 4776.66 5296.21 5814.12 6330.26 6844.45 7356.54 7866.38 8373.80 8878.67 9380.82 54.04 582.83 1111.42 1639.66 2167.38 2694.43 3220.64 3745.85 4269.91 4792.65 5313.92 5833.55 6351.39 6867.28 7381.07 7892.59 8401.70 8908.23 9412.04 54.40 584.93 1115.27 1645.25 2174.71 2703.50 3231.45 3758.39 4284.18 4808.64 5331.63 5852.97 6372.52 6890.11 7405.59 7918.80 8429.59 8937.79 9443.26 54.75 587.03 1119.12 1650.84 2182.05 2712.57 3242.25 3770.93 4298.45 4824.64 5349.34 5872.40 6393.66 6912.95 7430.12 7945.02 8457.48 8967.36 9474.49 55.11 589.14 1122.96 1656.43 2189.38 2721.64 3253.06 3783.47 4312.72 4840.63 5367.05 5891.83 6414.79 6935.79 7454.65 7971.24 8485.38 8996.92 9505.72 55.47 591.24 1126.81 1662.03 2196.71 2730.72 3263.87 3796.02 4326.99 4856.62 5384.77 5911.25 6435.93 6958.62 7479.18 7997.46 8513.28 9026.49 9536.94 55.84 593.35 1130.67 1667.62 2204.05 2739.79 3274.68 3808.56 4341.26 4872.62 5402.48 5930.68 6457.06 6981.46 7503.72 8023.67 8541.17 9056.06 9568.17 56.20 595.46 1134.52 1673.22 2211.39 2748.87 3285.49 3821.10 4355.53 4888.62 5420.20 5950.11 6478.20 7004.30 7528.25 8049.89 8569.07 9085.63 9599.40 56.56 597.57 1138.37 1678.81 2218.73 2757.95 3296.31 3833.65 4369.81 4904.62 5437.92 5969.55 6499.34 7027.14 7552.79 8076.12 8596.97 9115.20 9630.63 56.93 599.68 1142.23 1684.41 2226.06 2767.02 3307.12 3846.20 4384.08 4920.62 5455.64 5988.98 6520.48 7049.98 7577.32 8102.34 8624.87 9144.77 9661.86 57.30 601.79 1146.08 1690.01 2233.41 2776.10 3317.94 3858.74 4398.36 4936.62 5473.36 6008.41 6541.62 7072.83 7601.86 8128.56 8652.78 9174.34 9693.10 57.66 603.90 1149.94 1695.61 2240.75 2785.18 3328.75 3871.29 4412.64 4952.62 5491.08 6027.85 6562.77 7095.67 7626.40 8154.79 8680.68 9203.91 9724.33 58.03 606.02 1153.80 1701.21 2248.09 2794.26 3339.57 3883.84 4426.92 4968.62 5508.80 6047.28 6583.91 7118.51 7650.94 8181.01 8708.58 9233.49 9755.57 58.40 608.13 1157.66 1706.82 2255.43 2803.35 3350.39 3896.39 4441.20 4984.63 5526.52 6066.72 6605.05 7141.36 7675.48 8207.24 8736.49 9263.06 9786.80 58.78 610.25 1161.52 1712.42 2262.78 2812.43 3361.21 3908.95 4455.48 5000.63 5544.25 6086.16 6626.20 7164.21 7700.02 8233.47 8764.39 9292.64 9818.04 59.15 612.37 1165.38 1718.02 2270.12 2821.52 3372.03 3921.50 4469.76 5016.64 5561.97 6105.60 6647.35 7187.06 7724.56 8259.70 8792.30 9322.22 9849.28 59.52 614.49 1169.25 1723.63 2277.47 2830.60 3382.85 3934.06 4484.04 5032.65 5579.70 6125.04 6668.50 7209.91 7749.10 8285.93 8820.21 9351.79 9880.52 59.90 616.61 1173.11 1729.24 2284.82 2839.69 3393.68 3946.61 4498.33 5048.66 5597.43 6144.48 6689.65 7232.76 7773.65 8312.16 8848.12 9381.37 9911.76 60.27 618.73 1176.98 1734.85 2292.17 2848.78 3404.50 3959.17 4512.61 5064.67 5615.16 6163.92 6710.80 7255.61 7798.19 8338.39 8876.03 9410.95 9943.00 60.65 620.85 1180.84 1740.46 2299.52 2857.87 3415.33 3971.73 4526.90 5080.68 5632.89 6183.37 6731.95 7278.46 7822.74 8364.62 8903.94 9440.54 9974.24 61.03 622.97 1184.71 1746.07 2306.87 2866.96 3426.15 3984.29 4541.19 5096.69 5650.62 6202.81 6753.10 7301.31 7847.29 8390.86 8931.86 9470.12 10005.48 61.41 625.10 1188.58 1751.68 2314.23 2876.05 3436.98 3996.85 4555.48 5112.70 5668.35 6222.26 6774.25 7324.17 7871.84 8417.09 8959.77 9499.70 10036.73 61.79 627.22 1192.45 1757.29 2321.58 2885.15 3447.81 4009.41 4569.77 5128.72 5686.09 6241.71 6795.41 7347.03 7896.39 8443.33 8987.68 9529.29 10067.97 62.17 629.35 1196.32 1762.91 2328.94 2894.24 3458.64 4021.97 4584.06 5144.73 5703.82 6261.16 6816.57 7369.88 7920.94 8469.57 9015.60 9558.87 10099.22 62.55 631.48 1200.19 1768.52 2336.29 2903.34 3469.47 4034.54 4598.35 5160.75 5721.56 6280.61 6837.72 7392.74 7945.49 8495.81 9043.52 9588.46 10130.47 62.94 633.61 1204.07 1774.14 2343.65 2912.43 3480.31 4047.10 4612.65 5176.77 5739.30 6300.06 6858.88 7415.60 7970.05 8522.05 9071.44 9618.05 10161.72 63.32 635.74 1207.94 1779.76 2351.01 2921.53 3491.14 4059.67 4626.94 5192.79 5757.03 6319.51 6880.04 7438.46 7994.60 8548.29 9099.36 9647.64 10192.97 63.71 637.87 1211.82 1785.38 2358.37 2930.63 3501.98 4072.24 4641.24 5208.81 5774.77 6338.96 6901.20 7461.32 8019.16 8574.53 9127.28 9677.23 10224.22 64.10 640.00 1215.70 1791.00 2365.73 2939.73 3512.81 4084.81 4655.54 5224.83 5792.51 6358.42 6922.36 7484.19 8043.71 8600.77 9155.20 9706.82 10255.47 64.49 642.14 1219.57 1796.62 2373.10 2948.83 3523.65 4097.37 4669.83 5240.85 5810.26 6377.87 6943.53 7507.05 8068.27 8627.02 9183.12 9736.41 10286.72 64.88 644.27 1223.45 1802.24 2380.46 2957.93 3534.49 4109.95 4684.13 5256.88 5828.00 6397.33 6964.69 7529.92 8092.83 8653.26 9211.04 9766.00 10317.98 65.27 646.41 1227.33 1807.86 2387.82 2967.04 3545.33 4122.52 4698.43 5272.90 5845.74 6416.79 6985.86 7552.78 8117.39 8679.51 9238.97 9795.60 10349.23 65.66 648.55 1231.22 1813.49 2395.19 2976.14 3556.17 4135.09 4712.74 5288.93 5863.49 6436.24 7007.02 7575.65 8141.95 8705.76 9266.90 9825.20 10380.49 66.06 650.69 1235.10 1819.12 2402.56 2985.25 3567.01 4147.67 4727.04 5304.95 5881.23 6455.70 7028.19 7598.52 8166.51 8732.01 9294.82 9854.79 10411.74 66.45 652.83 1238.98 1824.74 2409.93 2994.36 3577.85 4160.24 4741.34 5320.98 5898.98 6475.17 7049.36 7621.39 8191.08 8758.26 9322.75 9884.39 10443.00 66.85 654.97 1242.87 1830.37 2417.30 3003.46 3588.70 4172.82 4755.65 5337.01 5916.73 6494.63 7070.53 7644.26 8215.64 8784.51 9350.68 9913.99 10474.26 67.24 657.11 1246.76 1836.00 2424.67 3012.57 3599.54 4185.40 4769.96 5353.04 5934.48 6514.09 7091.70 7667.13 8240.21 8810.76 9378.61 9943.59 10505.52 67.64 659.25 1250.64 1841.63 2432.04 3021.69 3610.39 4197.98 4784.26 5369.07 5952.23 6533.56 7112.87 7690.00 8264.77 8837.01 9406.54 9973.19 10536.78 68.04 661.40 1254.53 1847.26 2439.41 3030.80 3621.24 4210.56 4798.57 5385.11 5969.98 6553.02 7134.04 7712.88 8289.34 8863.27 9434.47 10002.79 10568.05 68.44 663.54 1258.42 1852.90 2446.79 3039.91 3632.09 4223.14 4812.88 5401.14 5987.74 6572.49 7155.22 7735.75 8313.91 8889.52 9462.41 10032.39 10599.31 68.85 665.69 1262.31 1858.53 2454.16 3049.02 3642.94 4235.72 4827.19 5417.18 6005.49 6591.96 7176.39 7758.63 8338.48 8915.78 9490.34 10062.00 10630.57 69.25 667.84 1266.21 1864.17 2461.54 3058.14 3653.79 4248.30 4841.51 5433.21 6023.25 6611.42 7197.57 7781.51 8363.05 8942.04 9518.28 10091.60 10661.84 69.65 669.99 1270.10 1869.80 2468.92 3067.26 3664.64 4260.89 4855.82 5449.25 6041.00 6630.89 7218.75 7804.38 8387.63 8968.29 9546.21 10121.21 10693.11 70.06 672.14 1274.00 1875.44 2476.30 3076.37 3675.50 4273.48 4870.13 5465.29 6058.76 6650.37 7239.93 7827.26 8412.20 8994.55 9574.15 10150.82 10724.38 70.46 674.29 1277.89 1881.08 2483.68 3085.49 3686.35 4286.06 4884.45 5481.33 6076.52 6669.84 7261.11 7850.14 8436.77 9020.81 9602.09 10180.43 10755.64 70.87 676.44 1281.79 1886.72 2491.06 3094.61 3697.21 4298.65 4898.77 5497.37 6094.28 6689.31 7282.29 7873.03 8461.35 9047.08 9630.03 10210.04 10786.91 71.28 678.60 1285.69 1892.36 2498.44 3103.73 3708.06 4311.24 4913.09 5513.41 6112.04 6708.79 7303.47 7895.91 8485.93 9073.34 9657.97 10239.65 10818.18 71.69 680.75 1289.59 1898.01 2505.82 3112.86 3718.92 4323.83 4927.40 5529.46 6129.80 6728.26 7324.65 7918.79 8510.50 9099.60 9685.91 10269.26 10849.46 72.10 682.91 1293.49 1903.65 2513.21 3121.98 3729.78 4336.42 4941.72 5545.50 6147.57 6747.74 7345.84 7941.68 8535.08 9125.87 9713.86 10298.87 10880.73 72.52 685.07 1297.39 1909.29 2520.59 3131.11 3740.64 4349.02 4956.05 5561.55 6165.33 6767.22 7367.02 7964.56 8559.66 9152.13 9741.80 10328.48 10912.00 72.93 687.23 1301.29 1914.94 2527.98 3140.23 3751.50 4361.61 4970.37 5577.59 6183.10 6786.70 7388.21 7987.45 8584.24 9178.40 9769.75 10358.10 10943.28 73.34 689.39 1305.20 1920.59 2535.37 3149.36 3762.37 4374.21 4984.69 5593.64 6200.86 6806.18 7409.40 8010.34 8608.83 9204.67 9797.69 10387.72 10974.56 73.76 691.55 1309.10 1926.24 2542.76 3158.49 3773.23 4386.80 4999.02 5609.69 6218.63 6825.66 7430.59 8033.23 8633.41 9230.94 9825.64 10417.33 11005.83 74.18 693.71 1313.01 1931.89 2550.15 3167.62 3784.10 4399.40 5013.34 5625.74 6236.40 6845.14 7451.78 8056.12 8657.99 9257.21 9853.59 10446.95 11037.11 74.60 695.87 1316.92 1937.54 2557.54 3176.75 3794.96 4412.00 5027.67 5641.79 6254.17 6864.62 7472.97 8079.01 8682.58 9283.48 9881.54 10476.57 11068.39 75.02 698.04 1320.83 1943.19 2564.94 3185.88 3805.83 4424.60 5042.00 5657.84 6271.94 6884.11 7494.16 8101.91 8707.17 9309.76 9909.49 10506.19 11099.67 75.44 700.20 1324.74 1948.84 2572.33 3195.01 3816.70 4437.20 5056.33 5673.90 6289.71 6903.59 7515.35 8124.80 8731.75 9336.03 9937.44 10535.81 11130.95 75.86 702.37 1328.65 1954.50 2579.73 3204.15 3827.57 4449.80 5070.66 5689.95 6307.49 6923.08 7536.55 8147.70 8756.34 9362.30 9965.40 10565.43 11162.24 76.28 704.54 1332.56 1960.15 2587.12 3213.28 3838.44 4462.41 5084.99 5706.01 6325.26 6942.57 7557.74 8170.59 8780.93 9388.58 9993.35 10595.06 11193.52 76.71 706.71 1336.47 1965.81 2594.52 3222.42 3849.31 4475.01 5099.33 5722.06 6343.04 6962.06 7578.94 8193.49 8805.52 9414.86 10021.30 10624.68 11224.80 77.13 708.88 1340.39 1971.47 2601.92 3231.56 3860.19 4487.62 5113.66 5738.12 6360.82 6981.55 7600.14 8216.39 8830.12 9441.14 10049.26 10654.31 11256.09 77.56 711.05 1344.30 1977.12 2609.32 3240.69 3871.06 4500.22 5128.00 5754.18 6378.59 7001.04 7621.34 8239.29 8854.71 9467.42 10077.22 10683.93 11287.38 77.99 713.23 1348.22 1982.78 2616.72 3249.83 3881.94 4512.83 5142.33 5770.24 6396.37 7020.53 7642.54 8262.19 8879.30 9493.70 10105.18 10713.56 11318.67 78.42 715.40 1352.14 1988.45 2624.12 3258.98 3892.81 4525.44 5156.67 5786.30 6414.15 7040.03 7663.74 8285.09 8903.90 9519.98 10133.14 10743.19 11349.95 78.85 717.57 1356.06 1994.11 2631.53 3268.12 3903.69 4538.05 5171.01 5802.37 6431.94 7059.52 7684.94 8307.99 8928.50 9546.26 10161.10 10772.82 11381.24 79.28 719.75 1359.98 1999.77 2638.93 3277.26 3914.57 4550.66 5185.35 5818.43 6449.72 7079.02 7706.14 8330.90 8953.09 9572.54 10189.06 10802.45 11412.54 79.71 721.93 1363.90 2005.44 2646.34 3286.41 3925.45 4563.28 5199.69 5834.50 6467.50 7098.52 7727.35 8353.80 8977.69 9598.83 10217.02 10832.08 11443.83 80.14 724.11 1367.83 2011.10 2653.74 3295.55 3936.33 4575.89 5214.03 5850.56 6485.29 7118.01 7748.55 8376.71 9002.29 9625.11 10244.99 10861.72 11475.12 80.58 726.29 1371.75 2016.77 2661.15 3304.70 3947.22 4588.51 5228.38 5866.63 6503.07 7137.51 7769.76 8399.62 9026.89 9651.40 10272.95 10891.35 11506.42 81.02 728.47 1375.68 2022.44 2668.56 3313.85 3958.10 4601.12 5242.72 5882.70 6520.86 7157.01 7790.97 8422.52 9051.50 9677.69 10300.92 10920.99 11537.71 81.45 730.65 1379.60 2028.11 2675.97 3323.00 3968.98 4613.74 5257.07 5898.77 6538.65 7176.52 7812.18 8445.43 9076.10 9703.98 10328.88 10950.62 11569.01 81.89 732.83 1383.53 2033.78 2683.38 3332.15 3979.87 4626.36 5271.41 5914.84 6556.44 7196.02 7833.39 8468.34 9100.70 9730.27 10356.85 10980.26 11600.30 82.33 735.02 1387.46 2039.45 2690.80 3341.30 3990.76 4638.98 5285.76 5930.91 6574.23 7215.52 7854.60 8491.26 9125.31 9756.56 10384.82 11009.90 11631.60 82.77 737.21 1391.39 2045.12 2698.21 3350.45 4001.65 4651.60 5300.11 5946.98 6592.02 7235.03 7875.81 8514.17 9149.92 9782.85 10412.79 11039.54 11662.90 83.21 739.39 1395.32 2050.80 2705.63 3359.61 4012.54 4664.22 5314.46 5963.06 6609.81 7254.53 7897.02 8537.08 9174.52 9809.15 10440.76 11069.18 11694.20 83.66 741.58 1399.25 2056.47 2713.04 3368.76 4023.43 4676.84 5328.81 5979.13 6627.61 7274.04 7918.24 8560.00 9199.13 9835.44 10468.74 11098.82 11725.51 84.10 743.77 1403.19 2062.15 2720.46 3377.92 4034.32 4689.47 5343.16 5995.21 6645.40 7293.55 7939.45 8582.92 9223.74 9861.74 10496.71 11128.46 11756.81 84.55 745.96 1407.12 2067.83 2727.88 3387.07 4045.21 4702.09 5357.52 6011.29 6663.20 7313.06 7960.67 8605.83 9248.35 9888.03 10524.68 11158.11 11788.11 84.99 748.15 1411.06 2073.51 2735.30 3396.23 4056.11 4714.72 5371.87 6027.37 6681.00 7332.57 7981.89 8628.75 9272.96 9914.33 10552.66 11187.75 11819.42 85.44 750.35 1415.00 2079.19 2742.72 3405.39 4067.00 4727.35 5386.23 6043.45 6698.80 7352.08 8003.11 8651.67 9297.58 9940.63 10580.64 11217.40 11850.72 85.89 752.54 1418.93 2084.87 2750.14 3414.55 4077.90 4739.98 5400.59 6059.53 6716.60 7371.60 8024.33 8674.59 9322.19 9966.93 10608.61 11247.04 11882.03 86.34 754.74 1422.87 2090.55 2757.57 3423.72 4088.80 4752.61 5414.95 6075.61 6734.40 7391.11 8045.55 8697.51 9346.81 9993.23 10636.59 11276.69 11913.34 86.79 756.93 1426.81 2096.24 2764.99 3432.88 4099.70 4765.24 5429.30 6091.69 6752.20 7410.63 8066.77 8720.44 9371.42 10019.54 10664.57 11306.34 11944.65 87.25 759.13 1430.76 2101.92 2772.42 3442.04 4110.60 4777.87 5443.67 6107.78 6770.00 7430.14 8088.00 8743.36 9396.04 10045.84 10692.55 11335.99 11975.96 87.70 761.33 1434.70 2107.61 2779.84 3451.21 4121.50 4790.51 5458.03 6123.86 6787.81 7449.66 8109.22 8766.29 9420.66 10072.14 10720.54 11365.64 12007.27 88.15 763.53 1438.64 2113.29 2787.27 3460.38 4132.40 4803.14 5472.39 6139.95 6805.61 7469.18 8130.45 8789.21 9445.28 10098.45 10748.52 11395.30 12038.58 88.61 765.73 1442.59 2118.98 2794.70 3469.54 4143.30 4815.78 5486.75 6156.04 6823.42 7488.70 8151.67 8812.14 9469.90 10124.76 10776.50 11424.95 12069.90 89.07 767.93 1446.54 2124.67 2802.13 3478.71 4154.21 4828.41 5501.12 6172.13 6841.23 7508.22 8172.90 8835.07 9494.52 10151.06 10804.49 11454.60 12101.21 89.53 770.14 1450.48 2130.36 2809.56 3487.88 4165.12 4841.05 5515.49 6188.22 6859.04 7527.74 8194.13 8858.00 9519.15 10177.37 10832.48 11484.26 12132.53 89.99 772.34 1454.43 2136.05 2817.00 3497.06 4176.02 4853.69 5529.85 6204.31 6876.85 7547.27 8215.36 8880.93 9543.77 10203.68 10860.46 11513.92 12163.84 90.45 774.55 1458.38 2141.75 2824.43 3506.23 4186.93 4866.33 5544.22 6220.40 6894.66 7566.79 8236.59 8903.86 9568.40 10229.99 10888.45 11543.57 12195.16 90.91 776.75 1462.33 2147.44 2831.87 3515.40 4197.84 4878.97 5558.59 6236.49 6912.47 7586.32 8257.82 8926.80 9593.02 10256.31 10916.44 11573.23 12226.48 91.37 778.96 1466.29 2153.14 2839.30 3524.58 4208.75 4891.62 5572.96 6252.59 6930.28 7605.84 8279.06 8949.73 9617.65 10282.62 10944.43 11602.89 12257.80 91.84 781.17 1470.24 2158.83 2846.74 3533.75 4219.66 4904.26 5587.34 6268.69 6948.10 7625.37 8300.29 8972.66 9642.28 10308.93 10972.43 11632.55 12289.12 92.30 783.38 1474.19 2164.53 2854.18 3542.93 4230.58 4916.91 5601.71 6284.78 6965.91 7644.90 8321.53 8995.60 9666.91 10335.25 11000.42 11662.22 12320.44 92.77 785.59 1478.15 2170.23 2861.62 3552.11 4241.49 4929.55 5616.08 6300.88 6983.73 7664.43 8342.77 9018.54 9691.54 10361.57 11028.41 11691.88 12351.76 93.24 787.81 1482.11 2175.93 2869.06 3561.29 4252.41 4942.20 5630.46 6316.98 7001.55 7683.96 8364.00 9041.48 9716.17 10387.88 11056.41 11721.54 12383.09 93.71 790.02 1486.07 2181.63 2876.50 3570.47 4263.32 4954.85 5644.84 6333.08 7019.37 7703.49 8385.24 9064.42 9740.80 10414.20 11084.40 11751.21 12414.41 94.18 792.24 1490.03 2187.33 2883.95 3579.65 4274.24 4967.50 5659.22 6349.18 7037.19 7723.03 8406.48 9087.36 9765.44 10440.52 11112.40 11780.88 12445.74 94.65 794.45 1493.99 2193.04 2891.39 3588.84 4285.16 4980.15 5673.59 6365.29 7055.01 7742.56 8427.73 9110.30 9790.07 10466.84 11140.40 11810.54 12477.07 95.12 796.67 1497.95 2198.74 2898.84 3598.02 4296.08 4992.80 5687.97 6381.39 7072.83 7762.10 8448.97 9133.24 9814.71 10493.17 11168.40 11840.21 12508.39 95.59 798.89 1501.91 2204.45 2906.28 3607.20 4307.00 5005.45 5702.36 6397.49 7090.66 7781.63 8470.21 9156.19 9839.35 10519.49 11196.40 11869.88 12539.72 96.07 801.11 1505.88 2210.15 2913.73 3616.39 4317.92 5018.11 5716.74 6413.60 7108.48 7801.17 8491.46 9179.13 9863.99 10545.81 11224.40 11899.55 12571.05 96.54 803.33 1509.84 2215.86 2921.18 3625.58 4328.85 5030.76 5731.12 6429.71 7126.31 7820.71 8512.70 9202.08 9888.63 10572.14 11252.41 11929.22 12602.39 97.02 805.55 1513.81 2221.57 2928.63 3634.77 4339.77 5043.42 5745.51 6445.82 7144.13 7840.25 8533.95 9225.03 9913.27 10598.46 11280.41 11958.90 12633.72 97.50 807.78 1517.78 2227.28 2936.08 3643.96 4350.70 5056.08 5759.89 6461.93 7161.96 7859.79 8555.20 9247.98 9937.91 10624.79 11308.41 11988.57 12665.05 97.98 810.00 1521.74 2232.99 2943.54 3653.15 4361.62 5068.74 5774.28 6478.04 7179.79 7879.33 8576.45 9270.93 9962.55 10651.12 11336.42 12018.24 12696.39 98.46 812.23 1525.71 2238.71 2950.99 3662.34 4372.55 5081.40 5788.67 6494.15 7197.62 7898.88 8597.70 9293.88 9987.20 10677.45 11364.43 12047.92 12727.72 98.94 814.45 1529.69 2244.42 2958.44 3671.54 4383.48 5094.06 5803.06 6510.26 7215.45 7918.42 8618.95 9316.83 10011.84 10703.78 11392.44 12077.60 12759.06 99.43 816.68 1533.66 2250.14 2965.90 3680.73 4394.41 5106.72 5817.45 6526.38 7233.29 7937.97 8640.20 9339.78 10036.49 10730.11 11420.45 12107.28 12790.40 99.91 818.91 1537.63 2255.85 2973.36 3689.93 4405.34 5119.39 5831.84 6542.49 7251.12 7957.52 8661.46 9362.74 10061.14 10756.45 11448.46 12136.96 12821.74 100.40 821.14 1541.61 2261.57 2980.82 3699.12 4416.27 5132.05 5846.23 6558.61 7268.96 7977.06 8682.71 9385.69 10085.78 10782.78 11476.47 12166.64 12853.08 100.88 823.37 1545.58 2267.29 2988.28 3708.32 4427.21 5144.72 5860.63 6574.73 7286.79 7996.61 8703.97 9408.65 10110.43 10809.12 11504.48 12196.32 12884.42 101.37 825.61 1549.56 2273.01 2995.74 3717.52 4438.14 5157.38 5875.02 6590.85 7304.63 8016.16 8725.23 9431.60 10135.08 10835.45 11532.49 12226.00 12915.76 101.86 827.84 1553.54 2278.73 3003.20 3726.72 4449.08 5170.05 5889.42 6606.97 7322.47 8035.71 8746.48 9454.56 10159.74 10861.79 11560.51 12255.68 12947.10 102.35 830.08 1557.52 2284.45 3010.66 3735.92 4460.02 5182.72 5903.82 6623.09 7340.31 8055.27 8767.74 9477.52 10184.39 10888.13 11588.52 12285.37 12978.45 102.84 832.31 1561.50 2290.18 3018.13 3745.13 4470.96 5195.39 5918.22 6639.21 7358.15 8074.82 8789.00 9500.48 10209.04 10914.47 11616.54 12315.05 13009.79 103.33 834.55 1565.48 2295.90 3025.59 3754.33 4481.90 5208.06 5932.62 6655.33 7375.99 8094.38 8810.27 9523.45 10233.70 10940.81 11644.56 12344.74 13041.14 103.83 836.79 1569.46 2301.63 3033.06 3763.54 4492.84 5220.74 5947.02 6671.46 7393.84 8113.93 8831.53 9546.41 10258.35 10967.15 11672.58 12374.43 13072.48 104.32 839.03 1573.45 2307.35 3040.53 3772.74 4503.78 5233.41 5961.42 6687.58 7411.68 8133.49 8852.79 9569.37 10283.01 10993.49 11700.60 12404.12 13103.83 104.82 841.27 1577.43 2313.08 3048.00 3781.95 4514.72 5246.09 5975.82 6703.71 7429.52 8153.05 8874.06 9592.34 10307.67 11019.84 11728.62 12433.81 13135.18 105.32 843.51 1581.42 2318.81 3055.47 3791.16 4525.67 5258.76 5990.23 6719.84 7447.37 8172.61 8895.33 9615.31 10332.33 11046.18 11756.64 12463.50 13166.53 105.82 845.76 1585.41 2324.54 3062.94 3800.37 4536.61 5271.44 6004.63 6735.97 7465.22 8192.17 8916.59 9638.27 10356.99 11072.53 11784.67 12493.19 13197.88 106.32 848.00 1589.40 2330.27 3070.41 3809.58 4547.56 5284.12 6019.04 6752.10 7483.07 8211.73 8937.86 9661.24 10381.65 11098.88 11812.69 12522.88 13229.24 106.82 850.25 1593.39 2336.01 3077.89 3818.79 4558.51 5296.80 6033.45 6768.23 7500.92 8231.29 8959.13 9684.21 10406.32 11125.22 11840.72 12552.58 13260.59 107.32 852.49 1597.38 2341.74 3085.36 3828.01 4569.46 5309.48 6047.86 6784.36 7518.77 8250.86 8980.40 9707.18 10430.98 11151.57 11868.74 12582.27 13291.95 107.82 854.74 1601.37 2347.48 3092.84 3837.22 4580.41 5322.16 6062.27 6800.50 7536.62 8270.42 9001.67 9730.16 10455.65 11177.92 11896.77 12611.97 13323.30 108.33 856.99 1605.36 2353.21 3100.31 3846.44 4591.36 5334.85 6076.68 6816.63 7554.47 8289.99 9022.95 9753.13 10480.31 11204.27 11924.80 12641.67 13354.66 108.83 859.24 1609.36 2358.95 3107.79 3855.65 4602.31 5347.53 6091.09 6832.77 7572.33 8309.56 9044.22 9776.10 10504.98 11230.63 11952.83 12671.37 13386.02 109.34 861.49 1613.35 2364.69 3115.27 3864.87 4613.26 5360.22 6105.51 6848.90 7590.18 8329.12 9065.50 9799.08 10529.65 11256.98 11980.86 12701.06 13417.38 109.85 863.75 1617.35 2370.43 3122.75 3874.09 4624.22 5372.90 6119.92 6865.04 7608.04 8348.69 9086.77 9822.05 10554.32 11283.34 12008.89 12730.77 13448.74 110.36 866.00 1621.35 2376.17 3130.24 3883.31 4635.17 5385.59 6134.34 6881.18 7625.90 8368.26 9108.05 9845.03 10578.99 11309.69 12036.93 12760.47 13480.10 110.87 868.26 1625.35 2381.91 3137.72 3892.53 4646.13 5398.28 6148.75 6897.32 7643.76 8387.84 9129.33 9868.01 10603.66 11336.05 12064.96 12790.17 13511.46 111.38 870.51 1629.35 2387.66 3145.20 3901.76 4657.09 5410.97 6163.17 6913.46 7661.62 8407.41 9150.61 9890.99 10628.33 11362.41 12093.00 12819.87 13542.82 111.89 872.77 1633.35 2393.40 3152.69 3910.98 4668.05 5423.66 6177.59 6929.61 7679.48 8426.98 9171.89 9913.97 10653.01 11388.77 12121.03 12849.58 13574.19 112.40 875.03 1637.35 2399.15 3160.17 3920.21 4679.01 5436.36 6192.01 6945.75 7697.34 8446.56 9193.17 9936.95 10677.68 11415.13 12149.07 12879.28 13605.55 112.92 877.29 1641.36 2404.89 3167.66 3929.43 4689.97 5449.05 6206.43 6961.90 7715.21 8466.13 9214.45 9959.94 10702.36 11441.49 12177.11 12908.99 13636.92 113.44 879.55 1645.36 2410.64 3175.15 3938.66 4700.93 5461.74 6220.86 6978.04 7733.07 8485.71 9235.74 9982.92 10727.03 11467.85 12205.15 12938.70 13668.29 113.95 881.81 1649.37 2416.39 3182.64 3947.89 4711.90 5474.44 6235.28 6994.19 7750.94 8505.29 9257.02 10005.91 10751.71 11494.21 12233.19 12968.41 13699.65 114.47 884.08 1653.38 2422.14 3190.13 3957.12 4722.86 5487.14 6249.71 7010.34 7768.80 8524.87 9278.31 10028.89 10776.39 11520.58 12261.23 12998.12 13731.02 114.99 886.34 1657.39 2427.89 3197.63 3966.35 4733.83 5499.84 6264.13 7026.49 7786.67 8544.45 9299.60 10051.88 10801.07 11546.95 12289.27 13027.83 13762.39 115.51 888.61 1661.40 2433.65 3205.12 3975.58 4744.80 5512.54 6278.56 7042.64 7804.54 8564.03 9320.89 10074.87 10825.75 11573.31 12317.32 13057.54 13793.77 116.03 890.87 1665.41 2439.40 3212.61 3984.82 4755.77 5525.24 6292.99 7058.79 7822.41 8583.62 9342.18 10097.86 10850.44 11599.68 12345.36 13087.26 13825.14 116.56 893.14 1669.42 2445.16 3220.11 3994.05 4766.74 5537.94 6307.42 7074.95 7840.28 8603.20 9363.47 10120.85 10875.12 11626.05 12373.41 13116.97 13856.51 117.08 895.41 1673.44 2450.91 3227.61 4003.29 4777.71 5550.64 6321.85 7091.10 7858.16 8622.79 9384.76 10143.84 10899.81 11652.42 12401.46 13146.69 13887.89 117.61 897.68 1677.45 2456.67 3235.11 4012.52 4788.68 5563.35 6336.28 7107.26 7876.03 8642.37 9406.05 10166.84 10924.49 11678.79 12429.50 13176.40 13919.26 118.13 899.95 1681.47 2462.43 3242.61 4021.76 4799.65 5576.05 6350.72 7123.41 7893.91 8661.96 9427.35 10189.83 10949.18 11705.16 12457.55 13206.12 13950.64 118.66 902.23 1685.48 2468.19 3250.11 4031.00 4810.63 5588.76 6365.15 7139.57 7911.78 8681.55 9448.64 10212.83 10973.87 11731.54 12485.60 13235.84 13982.02 119.19 904.50 1689.50 2473.95 3257.61 4040.24 4821.60 5601.47 6379.59 7155.73 7929.66 8701.14 9469.94 10235.82 10998.56 11757.91 12513.66 13265.56 14013.40 119.72 906.78 1693.52 2479.71 3265.11 4049.48 4832.58 5614.17 6394.02 7171.89 7947.54 8720.73 9491.24 10258.82 11023.25 11784.29 12541.71 13295.28 14044.78 120.25 909.05 1697.54 2485.48 3272.62 4058.72 4843.56 5626.88 6408.46 7188.05 7965.42 8740.32 9512.54 10281.82 11047.94 11810.66 12569.76 13325.00 14076.16 120.79 911.33 1701.56 2491.24 3280.12 4067.97 4854.54 5639.60 6422.90 7204.21 7983.30 8759.92 9533.84 10304.82 11072.63 11837.04 12597.82 13354.73 14107.54 121.32 913.61 1705.59 2497.01 3287.63 4077.21 4865.52 5652.31 6437.34 7220.38 8001.18 8779.51 9555.14 10327.82 11097.33 11863.42 12625.87 13384.45 14138.93 121.85 915.89 1709.61 2502.77 3295.14 4086.46 4876.50 5665.02 6451.78 7236.54 8019.06 8799.11 9576.44 10350.82 11122.02 11889.80 12653.93 13414.18 14170.31 122.39 918.17 1713.64 2508.54 3302.64 4095.71 4887.48 5677.74 6466.22 7252.71 8036.95 8818.70 9597.74 10373.83 11146.72 11916.18 12681.99 13443.90 14201.70 122.93 920.45 1717.66 2514.31 3310.15 4104.95 4898.47 5690.45 6480.67 7268.87 8054.83 8838.30 9619.05 10396.83 11171.41 11942.56 12710.05 13473.63 14233.08 123.47 922.74 1721.69 2520.08 3317.67 4114.20 4909.45 5703.17 6495.11 7285.04 8072.72 8857.90 9640.35 10419.84 11196.11 11968.95 12738.11 13503.36 14264.47 124.01 925.02 1725.72 2525.85 3325.18 4123.46 4920.44 5715.89 6509.56 7301.21 8090.61 8877.50 9661.66 10442.84 11220.81 11995.33 12766.17 13533.09 14295.86 124.55 927.31 1729.75 2531.62 3332.69 4132.71 4931.43 5728.61 6524.01 7317.38 8108.49 8897.10 9682.97 10465.85 11245.51 12021.72 12794.23 13562.82 14327.25 125.09 929.60 1733.78 2537.40 3340.21 4141.96 4942.41 5741.33 6538.45 7333.55 8126.38 8916.71 9704.28 10488.86 11270.21 12048.10 12822.30 13592.55 14358.64 125.63 931.88 1737.81 2543.17 3347.72 4151.21 4953.40 5754.05 6552.90 7349.73 8144.28 8936.31 9725.59 10511.87 11294.92 12074.49 12850.36 13622.28 14390.03 126.18 934.17 1741.85 2548.95 3355.24 4160.47 4964.40 5766.77 6567.35 7365.90 8162.17 8955.91 9746.90 10534.88 11319.62 12100.88 12878.43 13652.02 14421.42 126.72 936.46 1745.88 2554.73 3362.76 4169.73 4975.39 5779.50 6581.81 7382.08 8180.06 8975.52 9768.21 10557.89 11344.32 12127.27 12906.49 13681.75 14452.82 127.27 938.76 1749.92 2560.51 3370.28 4178.98 4986.38 5792.22 6596.26 7398.25 8197.96 8995.13 9789.52 10580.90 11369.03 12153.66 12934.56 13711.49 14484.21 127.82 941.05 1753.95 2566.29 3377.80 4188.24 4997.37 5804.95 6610.71 7414.43 8215.85 9014.73 9810.84 10603.92 11393.74 12180.05 12962.63 13741.23 14515.61
=== END RADAR_SCAN ===

=== BEGIN RADAR_SCAN ===
scan.index=2
scan.time=29.330000
radar.id=2
radar.frequency=X
radar.scanning_mode=RHI
radar.x=-50000.000
radar.y=200000.000
radar.z=25.000
radar.maximum_range=50000.000
radar.range_resolution=100.000
radar.angular_resolution=1.000000
box.radar_id=2
box.min_range_gate=209.000
box.max_range_gate=465.000
box.min_angle=0.000000
box.max_angle=19.000000
box.num_ranges=257
box.num_angles=19
box.range_resolution=100.000
box.angular_resolution=1.000000
box.other_angle=-130.925108
grid.size=4883
grid.data=0.00 0.00 0.00 0.00 0.00 0.00 0.00 0.00 0.00 0.00 0.00 0.00 0.00 0.00 0.00 0.00 0.00 0.00 0.00 0.00 0.00 0.00 0.00 0.00 0.00 0.00 0.00 0.00 0.00 0.00 0.00 0.00 0.00 0.00 0.00 0.00 0.00 0.00 23.27 0.00 0.00 0.00 0.00 0.00 0.00 0.00 0.00 0.00 0.00 0.00 0.00 0.00 0.00 0.00 0.00 0.00 0.00 24.93 24.78 25.73 28.88 33.84 31.24 0.00 0.00 0.00 0.00 0.00 0.00 0.00 0.00 0.00 0.00 0.00 0.00 0.00 25.63 24.84 28.56 28.71 31.28 31.23 29.53 30.87 0.00 0.00 0.00 0.00 0.00 0.00 0.00 0.00 0.00 0.00 0.00 23.98 28.02 22.67 30.03 28.70 35.11 29.45 29.02 38.62 38.53 0.00 0.00 0.00 0.00 0.00 0.00 0.00 0.00 0.00 26.08 24.50 27.34 30.09 28.27 28.23 32.20 37.63 33.78 36.05 39.36 0.00 0.00 0.00 0.00 0.00 0.00 0.00 0.00 31.18 29.18 29.37 27.21 29.87 33.51 33.64 25.11 37.33 42.03 45.04 39.32 35.33 0.00 0.00 0.00 0.00 0.00 0.00 27.21 28.07 28.34 28.15 32.15 33.22 32.25 39.27 29.36 37.44 41.55 37.50 33.72 23.69 0.00 0.00 0.00 0.00 0.00 27.33 26.42 22.88 24.87 27.35 30.93 34.44 32.50 35.47 41.73 45.50 35.98 28.73 32.24 25.24 0.00 0.00 0.00 0.00 26.10 28.68 28.30 31.39 28.85 28.16 31.30 34.45 34.94 42.69 48.12 41.13 37.28 29.24 22.95 23.18 0.00 0.00 0.00 27.29 27.05 26.33 28.09 32.08 30.75 29.44 33.10 36.73 38.68 44.06 35.24 37.22 32.51 23.23 20.66 16.03 0.00 0.00 25.32 26.02 31.47 30.32 27.62 29.69 34.66 33.01 39.37 44.30 41.79 35.13 32.51 28.26 24.21 21.13 14.15 13.61 0.00 27.19 28.05 25.66 30.62 35.77 30.37 29.55 34.09 40.73 43.65 39.45 37.79 28.61 30.81 26.21 24.03 15.94 12.85 0.00 24.06 26.33 30.57 24.64 32.72 29.72 34.31 34.10 40.75 40.76 35.46 37.62 33.50 27.48 27.62 18.66 11.15 12.95 8.19 27.22 26.76 28.06 28.70 30.77 31.19 37.07 37.51 39.18 47.17 43.41 34.09 32.11 24.51 23.86 20.27 16.41 11.57 7.28 23.90 26.17 33.67 26.02 30.77 29.54 30.00 32.50 41.07 46.17 36.56 36.64 30.87 31.71 21.50 15.78 15.53 12.42 4.02 28.90 25.35 24.43 31.16 34.16 35.31 34.32 36.75 45.37 47.30 37.28 35.16 26.75 21.92 23.27 18.06 13.83 9.32 0.18 26.88 26.04 24.60 29.75 30.43 33.48 35.56 34.73 41.61 42.97 37.94 33.76 28.28 25.64 23.45 17.39 12.43 10.21 0.36 23.89 28.37 24.54 28.32 24.84 27.12 38.48 40.17 47.47 42.30 37.15 31.02 33.42 28.47 20.63 18.01 8.79 10.19 -0.38 29.83 30.81 28.80 28.24 28.96 33.44 32.42 36.96 39.86 36.83 35.45 40.00 30.44 28.92 19.44 16.82 15.93 7.47 -1.07 30.62 26.11 26.95 29.25 32.66 31.53 31.68 35.20 38.38 39.33 40.26 31.20 28.54 21.53 24.48 18.54 12.79 11.44 1.98 27.57 24.50 28.16 30.07 30.08 33.34 34.10 34.49 43.38 35.14 35.62 34.11 29.13 24.73 17.01 15.28 13.04 8.76 0.19 26.40 25.54 28.89 28.90 26.65 27.64 33.25 32.59 44.22 44.26 43.14 33.07 28.28 27.42 18.19 17.93 12.15 7.18 2.28 31.31 24.88 25.57 28.66 30.20 31.64 29.43 36.68 40.99 39.57 35.52 27.12 30.26 24.55 21.78 16.21 13.24 5.98 -0.50 28.09 24.70 29.18 33.34 28.48 33.97 34.51 35.99 42.40 41.32 36.52 34.57 31.63 26.06 21.33 14.24 9.77 6.98 5.18 29.50 30.13 33.71 29.79 31.74 34.27 33.78 29.12 41.89 38.65 34.76 32.76 29.61 25.42 17.67 20.52 12.96 9.48 -1.30 28.80 28.23 22.74 32.77 29.45 28.80 31.84 33.19 41.50 45.03 34.37 31.81 33.73 25.05 19.59 15.26 12.03 9.68 -0.23 26.22 28.72 26.49 28.34 27.38 35.02 34.70 34.44 42.15 41.49 36.23 31.32 28.30 20.61 20.97 16.45 12.26 5.68 -3.08 29.22 25.82 27.10 33.04 28.03 28.49 31.39 35.48 38.12 46.15 36.56 32.09 25.75 21.70 15.11 10.67 12.03 0.88 0.76 24.69 33.57 26.73 31.05 31.35 28.08 34.87 34.84 45.69 37.86 38.39 32.12 26.53 22.08 22.06 11.12 13.06 -1.94 0.73 28.08 25.14 31.89 27.89 32.75 28.81 32.26 39.56 48.78 39.14 39.80 25.13 25.55 24.04 17.77 13.30 9.97 1.81 1.48 23.72 31.66 28.66 30.14 30.80 33.04 31.85 29.54 41.92 35.93 35.58 33.39 25.94 24.02 22.44 11.38 7.78 2.70 1.17 31.68 28.34 33.61 32.07 33.84 33.38 33.35 34.58 44.60 39.99 39.86 31.18 27.23 20.41 22.09 13.22 7.82 1.63 -1.52 23.93 25.49 25.65 29.09 29.20 30.02 34.01 36.06 47.28 35.69 33.24 32.54 27.16 25.27 16.49 16.09 7.92 0.23 -1.63 27.49 27.28 31.82 30.85 27.40 33.66 29.99 29.48 45.22 40.06 33.21 29.18 26.68 16.61 14.55 13.84 10.09 1.12 1.90 28.40 30.44 31.69 29.10 32.48 32.60 31.29 30.82 39.41 40.49 30.36 33.69 25.92 19.57 16.32 8.79 9.84 0.27 3.16 28.79 25.02 30.60 29.14 34.25 32.26 35.07 34.20 40.06 35.96 33.42 26.40 28.88 22.44 16.56 13.12 8.33 -1.43 -1.15 26.85 23.01 27.45 26.16 32.33 32.94 34.83 36.87 47.34 42.74 36.79 32.73 25.05 23.69 17.46 14.53 10.00 0.10 -2.26 28.66 26.99 29.16 28.39 30.89 30.89 33.59 31.95 43.75 26.80 30.67 32.50 26.37 19.72 17.02 13.43 10.79 2.14 1.33 28.34 25.14 28.45 28.73 29.45 29.18 37.04 35.39 43.33 38.79 35.13 28.98 25.77 19.36 18.19 11.78 8.91 3.00 -1.24 22.72 26.93 27.19 33.04 34.48 33.33 32.28 30.90 46.07 42.53 32.01 30.63 23.16 20.40 16.33 11.84 7.26 -0.02 -0.96 27.16 27.15 30.04 34.96 32.04 33.47 34.02 34.40 45.33 36.08 33.51 31.17 24.92 15.82 13.49 11.48 8.36 3.24 -2.59 27.68 25.61 25.48 26.43 33.76 31.18 38.10 40.30 43.82 41.08 33.64 27.23 21.68 16.49 13.28 8.84 6.37 1.35 0.44 27.36 24.75 25.01 33.30 32.65 33.97 36.95 33.00 42.98 36.60 31.70 29.73 25.61 23.97 19.38 11.91 -1.61 -0.34 0.02 30.63 26.86 29.13 30.55 32.09 29.57 33.93 40.47 48.84 36.58 32.76 29.32 22.95 21.08 18.85 11.55 -1.19 2.03 -0.84 26.92 25.02 24.09 28.93 32.37 29.58 27.12 35.04 47.86 39.13 32.24 29.09 23.65 19.87 15.29 6.93 1.09 1.04 0.16 28.76 22.40 33.01 27.51 27.16 32.33 34.82 37.94 41.70 40.57 29.20 28.53 19.95 21.19 14.40 11.41 -0.05 1.12 1.22 30.26 24.45 27.21 30.34 29.76 31.60 35.18 40.60 41.59 39.74 31.64 29.79 21.60 19.64 13.46 11.05 -3.79 -0.92 -1.08 29.20 28.36 31.72 33.10 35.16 33.29 41.14 39.67 46.14 36.54 30.75 26.71 21.90 18.54 13.77 10.24 -0.68 -1.76 -0.07 30.06 23.50 26.72 28.50 34.69 33.62 32.71 41.49 41.40 34.73 37.53 29.34 20.73 17.21 10.92 8.61 1.94 0.30 1.31 25.16 26.72 26.81 28.88 34.40 31.78 30.66 37.04 46.73 37.68 27.41 22.87 27.45 18.92 16.00 9.32 2.11 1.41 1.05 27.05 27.37 29.43 32.18 33.16 34.85 30.09 43.78 40.57 38.61 33.51 27.85 23.61 20.42 13.29 7.59 -0.09 0.38 -0.48 22.02 23.05 32.63 32.34 31.03 32.19 35.42 41.23 40.34 34.02 29.36 24.17 25.22 17.22 12.39 7.02 -2.14 1.50 1.53 25.62 28.61 27.50 33.73 28.81 36.22 34.35 38.17 39.30 37.43 34.09 25.96 19.30 18.09 15.02 9.47 -1.66 -0.20 2.48 24.32 21.92 28.60 26.53 30.89 31.39 32.30 43.95 43.47 38.49 30.39 25.53 19.60 18.31 14.53 7.12 -1.72 -1.66 1.34 25.34 28.07 24.05 31.09 32.76 31.89 38.58 39.75 43.08 32.52 32.46 30.61 20.42 18.45 14.66 7.24 1.63 0.90 -0.71 25.62 28.06 28.04 31.23 37.17 38.43 36.70 38.94 41.56 38.78 35.12 24.13 23.82 15.90 13.35 5.56 -2.77 -1.59 0.58 29.43 28.23 27.97 29.44 29.45 33.10 39.85 43.37 45.23 41.15 29.44 29.28 17.56 17.91 10.54 6.86 -0.20 -1.96 1.52 24.37 27.63 27.99 29.35 33.91 34.42 33.83 40.19 39.13 36.49 27.51 22.60 20.32 19.64 12.04 8.11 0.60 -0.74 0.15 24.04 21.63 27.19 31.28 30.87 31.91 34.44 41.34 45.59 32.80 32.71 27.40 22.77 13.19 14.16 1.42 -0.88 1.22 -0.59 28.24 28.76 32.84 36.09 31.64 33.96 33.64 42.28 38.34 32.05 33.99 28.04 22.69 14.85 7.11 2.24 0.74 -0.03 0.12 28.20 27.89 29.39 26.30 31.03 31.42 29.60 43.25 38.88 32.04 32.81 25.42 20.79 11.79 15.29 0.84 -1.62 -1.48 0.42 27.73 28.08 30.44 33.09 28.77 28.09 34.24 49.28 44.37 33.85 32.44 23.43 19.58 13.08 10.56 0.79 -1.91 2.06 -3.46 28.87 27.07 27.81 31.95 26.29 31.08 36.37 41.49 43.89 35.84 31.34 21.13 17.81 17.63 10.67 -0.59 -1.61 1.91 -2.38 29.57 28.98 30.24 28.62 33.65 33.79 37.84 37.31 38.74 34.44 28.46 27.00 20.41 16.95 8.25 -3.06 -0.76 -1.76 1.97 28.19 23.71 30.50 32.77 31.36 31.58 32.39 41.80 39.34 33.24 25.67 27.16 16.92 16.62 9.81 3.46 -0.69 -0.84 2.12 29.75 25.07 31.28 27.98 32.58 32.13 36.18 49.50 35.19 34.46 27.89 24.93 21.61 13.81 10.94 1.18 -2.83 0.73 0.18 31.48 25.93 29.40 31.38 33.13 28.47 30.57 50.62 41.48 29.99 21.63 24.89 19.04 16.41 7.87 0.53 0.01 -0.28 -0.31 25.16 25.01 29.21 30.32 30.77 30.23 38.13 38.81 37.61 31.70 24.91 23.58 18.45 15.98 9.07 -0.47 -1.43 0.13 -0.18 27.60 27.32 30.71 25.02 29.58 32.68 32.43 45.50 39.86 32.23 31.83 25.40 21.46 12.50 8.20 0.90 -1.82 3.45 -2.22 21.55 25.13 26.36 29.45 33.90 33.80 33.84 38.14 36.09 29.77 26.02 21.31 16.71 13.28 6.84 -0.55 0.73 -0.61 -1.69 29.74 27.55 26.94 29.78 28.81 32.12 38.28 40.95 40.14 31.96 27.04 23.04 18.23 12.16 8.20 0.29 3.17 1.29 1.55 27.78 32.79 26.41 31.71 28.61 29.85 35.79 41.95 34.64 29.68 30.55 22.34 17.72 12.91 6.61 1.94 -2.98 -0.98 0.20 25.54 26.36 25.57 27.77 34.99 38.99 35.46 48.68 41.93 34.10 26.06 17.98 20.09 15.91 6.90 -0.35 1.15 2.11 0.38 30.34 26.35 27.00 33.68 34.72 34.24 44.83 40.68 40.26 32.22 26.77 21.72 15.51 14.35 8.47 -0.71 1.07 1.45 -0.40 27.86 28.36 27.67 33.84 29.84 33.02 41.14 47.63 35.90 32.21 29.62 21.33 15.83 14.79 6.84 -1.15 -2.12 -0.03 -0.99 30.78 29.15 30.41 29.12 32.51 31.79 34.73 41.26 34.69 33.41 29.65 18.76 19.04 12.14 9.51 0.27 1.20 -0.62 0.45 27.31 28.29 29.59 29.83 35.51 31.37 37.56 41.83 31.66 32.18 26.86 24.76 16.77 14.42 2.47 2.74 -1.69 0.36 0.59 26.61 20.26 26.94 33.27 31.59 39.01 36.98 49.24 32.57 33.23 25.55 20.92 18.31 10.23 -1.29 -0.89 -0.01 0.54 -1.27 22.76 28.15 29.43 26.94 26.38 33.73 30.86 43.36 34.55 26.03 21.63 22.70 16.80 10.71 -0.12 0.38 2.11 -0.33 -2.35 31.78 25.24 30.69 25.83 30.65 30.93 34.76 45.72 36.98 27.29 27.72 22.70 15.33 10.89 -0.46 -0.84 -0.41 -0.19 2.15 27.86 31.55 26.57 27.12 30.87 32.83 35.07 47.31 41.01 30.72 23.01 19.44 16.17 11.25 -1.36 -1.02 -2.76 0.07 0.09 27.57 29.14 28.02 32.21 30.30 29.79 36.45 44.56 31.56 26.16 31.03 22.41 12.91 9.59 -0.95 -2.91 -3.04 1.37 -0.99 26.38 29.30 29.22 27.13 27.93 36.39 34.60 45.07 30.49 30.20 23.04 22.91 15.60 8.60 0.20 2.59 0.53 -0.69 -1.67 23.48 26.66 29.10 35.29 34.83 34.93 44.57 45.43 32.07 27.61 30.57 21.96 15.90 10.82 1.16 -3.49 0.02 0.81 0.09 27.95 25.77 27.35 29.34 31.16 38.14 41.91 46.25 40.19 32.45 23.01 18.88 15.56 11.36 0.63 -0.42 -1.69 1.23 3.02 25.44 27.10 27.50 30.27 33.75 36.45 41.56 38.72 30.99 27.44 22.78 19.77 13.92 12.07 -0.96 0.51 2.29 -1.42 1.72 27.69 26.34 24.34 29.76 29.64 31.85 40.72 38.99 41.31 29.91 25.79 18.65 13.24 10.81 1.41 -2.09 -2.51 -2.72 -0.03 27.13 23.99 34.41 32.90 31.17 34.90 36.55 40.90 34.02 32.45 24.15 21.78 14.41 10.16 1.65 0.39 -3.05 1.99 -0.69 25.08 26.09 32.06 28.25 36.04 32.87 40.15 40.90 31.42 31.19 24.75 21.03 12.54 11.49 0.41 -0.48 2.08 0.25 0.36 27.34 24.76 30.03 29.73 29.36 34.08 41.75 37.79 35.23 32.43 23.46 21.50 13.02 9.73 0.93 0.50 1.75 -1.78 1.31 26.79 26.02 30.03 27.61 28.84 37.63 35.21 42.38 32.88 27.74 20.90 18.56 14.97 7.63 -2.05 1.16 1.32 1.03 -2.54 24.34 26.77 30.40 32.53 30.28 37.65 38.87 41.93 30.51 31.59 24.11 20.35 16.49 6.50 -0.59 0.54 -0.70 2.80 -1.71 27.03 22.16 34.49 23.46 38.02 30.66 37.65 46.16 33.40 31.88 28.33 23.46 14.60 5.53 0.98 0.23 0.04 -0.06 -0.20 29.46 26.98 29.54 34.73 33.70 33.72 37.51 40.31 33.32 26.60 24.23 19.54 12.75 8.99 0.32 -1.48 -1.79 1.85 -0.93 24.47 25.71 31.48 33.96 30.46 33.42 38.14 37.94 31.48 30.44 23.14 16.62 14.69 9.41 0.80 4.64 -1.04 -1.03 -3.16 26.97 24.66 27.85 29.61 28.52 31.86 39.14 42.48 31.53 26.67 24.33 18.09 10.99 11.41 1.46 -2.66 0.02 1.11 1.17 29.47 29.65 29.94 29.87 30.56 35.43 36.30 37.05 31.84 29.99 21.83 19.70 13.98 7.11 -0.13 -1.88 2.31 0.32 1.68 25.25 27.93 33.18 31.76 33.30 38.80 41.47 39.38 36.53 35.47 21.55 17.13 11.77 7.52 1.18 0.54 0.68 -0.83 0.63 25.95 24.49 33.38 29.53 35.83 33.85 41.37 41.25 36.52 28.94 23.51 18.21 11.08 1.43 1.80 -0.53 0.30 -0.71 1.29 25.51 22.91 26.65 28.87 30.18 31.27 39.56 41.75 31.41 28.04 24.99 18.72 11.76 -0.64 0.94 -0.88 -0.81 0.67 1.39 26.50 26.82 29.92 34.36 35.22 35.90 41.80 34.60 35.87 33.39 21.23 20.49 11.60 1.67 1.86 1.75 -0.27 -0.24 1.30 26.93 25.56 31.85 32.78 30.56 40.53 44.32 34.08 30.88 30.21 22.65 15.07 10.32 2.03 -0.53 -0.67 1.07 1.18 0.22 30.98 24.24 29.72 34.86 29.51 31.93 44.28 45.63 38.13 25.10 21.21 15.67 12.37 0.68 -0.14 -1.80 3.26 1.12 0.21 26.23 29.91 29.92 32.73 34.42 29.99 44.63 37.41 35.46 28.83 20.35 17.21 9.05 0.30 3.15 0.25 1.89 -0.44 1.14 26.85 26.68 27.52 27.27 30.06 37.63 40.23 37.81 32.46 27.57 23.14 16.61 7.24 0.76 -0.17 -3.92 -0.18 1.37 0.20 27.57 27.22 34.80 36.73 33.71 34.44 38.52 41.07 26.35 26.58 23.29 16.37 10.29 1.17 0.40 -1.24 -0.18 -3.32 1.03 25.63 25.63 27.27 28.57 27.55 28.53 42.63 42.17 33.95 29.55 17.91 13.52 10.03 -1.40 -1.42 1.04 0.94 -1.84 0.29 25.73 24.45 30.49 33.13 30.14 37.86 41.08 37.79 32.51 27.66 19.44 18.47 7.69 2.96 2.26 -1.22 -0.94 1.26 -2.31 24.38 25.24 30.01 32.26 29.87 36.05 44.51 32.51 30.19 26.84 21.93 17.63 11.07 0.64 -0.23 3.00 1.00 -0.75 -1.33 28.83 26.34 28.18 29.56 31.88 37.88 45.12 37.51 32.81 25.84 20.66 18.29 9.45 0.18 2.56 3.60 -1.67 -0.04 -1.33 27.40 30.44 29.35 32.58 32.55 29.38 44.32 32.77 33.82 22.47 21.19 17.85 10.01 1.25 0.18 0.22 1.80 0.82 0.87 25.17 23.83 31.76 29.16 30.68 34.73 45.75 34.32 35.43 23.78 22.41 15.86 12.10 1.65 -1.27 -0.80 0.71 2.37 1.47 24.01 30.26 29.61 29.70 36.02 34.87 44.45 37.99 35.60 26.92 22.28 14.52 9.64 -0.35 1.86 1.31 2.32 1.90 -1.96 28.42 27.82 29.19 31.23 34.37 32.31 47.31 36.68 32.14 26.22 19.80 15.25 12.27 0.10 -3.09 0.74 -2.52 1.17 -1.67 24.91 25.79 26.82 35.77 30.45 31.65 46.70 39.47 32.45 29.09 21.73 17.40 6.70 0.52 -1.25 0.81 -1.14 0.62 1.48 26.19 29.20 27.64 32.45 30.39 37.49 40.46 39.50 27.78 31.67 22.27 15.17 9.02 -1.36 -0.01 1.36 0.54 0.99 0.87 27.92 28.94 31.22 28.72 35.56 36.67 42.15 39.94 34.91 25.88 21.20 13.93 8.73 -1.32 -0.01 0.05 -1.42 -0.26 -0.04 27.07 31.20 31.80 30.19 32.88 38.31 44.90 45.46 36.21 24.44 19.78 13.68 8.56 -1.60 -0.52 1.14 -0.97 6.03 -0.52 26.51 28.13 28.45 30.49 26.23 34.84 48.02 43.15 33.29 24.45 20.06 15.83 6.05 -3.91 -2.04 -1.25 -0.48 2.36 0.14 30.25 27.71 31.39 31.15 27.23 32.66 43.45 41.26 32.74 21.62 21.97 12.39 5.36 -2.44 -0.89 0.83 0.59 -0.05 -4.00 21.92 23.45 30.63 37.31 29.28 32.37 44.53 38.49 32.42 26.18 16.50 12.57 7.06 -0.16 0.43 0.91 3.29 0.38 -0.82 25.94 25.44 26.31 32.29 32.34 37.97 38.82 37.80 28.76 22.25 18.74 11.99 9.24 -2.29 -1.65 -0.25 -1.04 -1.46 0.17 27.54 25.20 34.19 28.27 29.76 31.09 41.21 34.36 28.56 26.73 15.66 12.41 8.33 1.10 4.21 -2.90 -0.53 -0.28 0.71 22.50 32.60 27.53 27.93 35.74 30.53 46.63 40.00 32.92 21.45 18.56 14.19 -1.37 -3.14 1.70 -0.72 0.35 0.42 5.31 27.32 25.81 31.77 30.70 32.04 40.68 48.85 44.86 35.07 26.61 20.52 12.39 3.78 0.70 -0.57 0.75 -1.34 1.05 1.68 28.21 24.94 26.47 31.18 34.74 31.47 45.35 40.02 29.76 25.66 20.56 11.61 0.27 -1.69 1.11 0.95 1.67 0.38 0.65 30.24 27.70 27.11 28.48 32.58 39.40 39.78 39.26 35.78 25.25 16.62 11.76 -1.10 1.26 -0.03 0.22 -0.85 -1.52 0.63 29.29 31.29 29.87 29.54 35.53 34.22 41.09 37.67 34.74 24.59 17.75 14.54 1.93 -0.35 -1.91 2.35 0.28 -0.41 -0.64 27.35 29.40 29.46 27.61 40.10 34.90 41.84 41.74 31.23 24.94 14.11 14.18 2.64 -0.19 -0.66 0.65 0.99 -2.67 -2.80 25.67 24.58 30.56 27.33 31.76 37.75 45.38 37.20 32.55 28.82 19.29 7.06 1.63 -0.76 -0.62 -1.70 -1.33 0.38 -0.20 24.84 28.98 27.82 32.99 34.70 31.82 45.19 36.26 33.34 28.88 16.21 9.88 0.22 -1.10 -0.35 -1.19 -2.47 -1.03 -0.19 27.05 25.72 24.41 31.86 32.66 38.40 42.45 37.63 28.50 26.71 19.85 10.96 -0.71 0.22 -0.32 2.97 -0.38 -1.39 -4.20 24.85 28.61 28.91 30.63 34.04 33.35 42.44 38.85 35.18 20.86 16.95 9.86 0.23 0.33 -0.14 2.81 1.20 -0.34 -1.13 27.02 27.92 27.13 30.83 29.49 34.10 44.35 29.91 30.49 22.94 20.21 11.58 -1.01 0.54 0.71 3.19 -3.40 -2.20 -0.49 24.36 32.48 26.63 32.53 32.57 34.94 45.15 38.06 32.49 23.59 16.10 9.64 0.57 0.97 2.35 -0.99 -1.45 -1.17 -0.21 29.96 27.60 29.67 27.54 34.96 33.83 47.85 33.44 28.53 20.89 16.26 9.77 -0.58 2.33 1.91 0.73 0.89 2.82 0.65 29.25 26.88 27.63 31.51 31.00 32.97 42.00 36.96 26.77 27.47 20.15 10.55 3.33 2.67 0.78 1.94 -0.70 -1.79 -2.38 29.57 32.12 29.28 34.29 29.76 31.06 43.48 37.03 31.45 21.95 15.38 9.76 1.34 2.50 -0.27 -1.57 -2.01 0.45 -2.41 28.07 28.79 29.56 32.85 36.49 35.57 42.00 32.64 30.31 18.14 14.70 10.14 -1.59 1.01 1.43 -3.07 3.55 0.29 -3.02 29.06 28.08 30.22 34.65 31.44 33.69 38.91 33.82 31.67 20.08 16.45 7.95 -0.26 -1.37 -0.76 -0.63 -0.53 3.95 3.48 23.12 28.65 31.15 33.94 31.56 32.23 46.68 38.98 26.92 22.81 15.45 11.01 -0.76 -0.91 1.79 1.41 1.32 -1.88 0.14 24.93 26.38 30.60 36.39 34.10 32.89 42.37 34.83 28.68 22.49 17.43 8.00 0.79 -0.90 -1.17 -2.54 -1.39 -1.20 -2.54 22.36 28.26 29.12 28.90 31.09 35.75 46.32 34.98 30.31 20.78 13.59 7.05 0.54 1.24 -0.74 -0.50 -0.22 -0.24 -1.13 26.50 28.06 26.60 28.11 31.32 40.84 41.92 35.51 29.46 17.28 17.07 10.92 0.11 2.08 0.07 2.51 2.07 -0.46 -1.32 27.50 25.00 25.88 29.41 33.14 35.62 43.09 34.14 32.05 19.29 15.56 6.96 -0.45 1.83 2.20 -1.04 0.11 -1.96 3.14 30.68 31.85 28.90 35.18 38.98 36.03 44.61 31.47 28.96 24.34 14.83 8.32 -3.25 -2.41 2.20 -2.11 -0.35 -0.86 1.24 25.91 24.23 29.92 31.61 34.98 29.66 45.81 36.30 24.48 21.72 13.39 4.82 0.34 1.00 0.78 -2.15 -1.03 -0.43 1.53 27.17 29.92 28.89 33.73 34.62 37.36 43.72 33.58 25.37 21.11 16.52 6.69 -1.06 2.46 1.08 -1.62 0.11 -1.07 -0.13 29.51 26.30 29.63 32.85 37.29 30.95 50.16 34.91 29.71 17.46 16.99 7.96 1.82 -0.07 -0.06 -1.39 1.28 0.61 -0.68 30.70 28.82 28.65 30.90 29.51 33.49 40.79 29.98 28.88 20.42 16.97 6.39 -3.89 -0.27 -2.03 -0.86 0.40 0.40 -2.48 24.84 28.26 25.66 36.18 31.10 40.57 45.13 36.68 28.67 17.28 11.90 4.42 2.53 0.43 0.83 1.40 1.83 -1.71 -1.08 28.61 25.27 26.08 32.20 35.46 35.00 45.21 31.32 27.24 22.89 12.26 6.49 -0.88 -0.99 -0.03 -2.61 -1.20 -1.67 -0.03 26.60 30.59 29.96 32.95 31.13 31.19 44.46 29.33 31.32 20.46 13.37 2.44 0.32 2.03 -0.81 -0.23 -0.36 1.94 -0.04 31.97 28.00 29.78 29.59 32.05 36.96 39.84 30.61 27.93 21.93 11.95 -0.39 -0.44 -1.50 1.23 -1.64 0.27 0.95 -1.52 26.58 28.49 26.82 31.08 35.36 41.24 42.57 35.93 25.39 22.82 13.67 0.95 2.93 1.07 -0.50 0.28 0.56 -0.52 -2.00 27.28 24.99 28.27 31.08 32.30 42.09 35.20 34.64 32.85 17.00 10.63 0.73 1.39 -0.66 0.97 -1.46 -2.84 -3.17 -1.19 27.16 28.98 33.62 32.31 35.93 37.13 36.23 32.43 29.94 24.19 12.47 1.62 0.22 1.46 2.27 -0.04 0.11 -0.96 -0.27 30.72 28.89 30.62 31.92 29.13 38.23 46.60 32.05 24.84 19.71 12.77 -0.27 -1.44 0.90 -1.42 0.39 -1.47 0.20 -2.64 25.32 27.91 32.15 32.17 32.75 40.33 45.62 27.60 24.56 19.25 11.97 -0.83 0.48 -0.29 -1.28 1.21 2.38 0.61 1.02 31.30 30.18 29.98 31.87 35.46 34.80 33.30 28.63 24.09 18.53 14.46 -0.12 -0.28 -0.75 -0.67 2.92 -0.40 1.00 1.06 25.45 24.73 32.85 38.45 29.75 41.99 41.95 33.20 29.49 18.43 10.58 1.44 -0.17 2.39 -0.06 -1.81 -1.07 -1.12 -0.57 24.89 29.37 31.18 30.42 37.68 41.23 35.57 31.81 27.88 19.51 12.97 -1.73 -3.32 -0.03 -0.14 -2.39 1.15 2.30 1.27 24.44 23.77 29.50 31.42 36.49 35.21 36.94 34.19 28.94 19.53 15.74 -3.82 0.23 2.85 1.37 -2.12 -0.75 -0.61 -0.36 28.62 28.58 27.91 30.65 35.36 37.78 38.42 34.14 22.57 20.75 9.07 1.04 -1.07 -0.51 -0.99 -0.69 0.74 0.17 1.00 25.80 29.96 29.15 29.34 34.36 39.98 36.39 33.56 26.82 14.79 11.87 -3.59 -1.28 1.70 -0.31 -3.60 -1.65 1.59 0.27 26.84 30.01 34.39 31.79 30.57 43.34 38.33 35.26 24.81 17.80 12.15 0.52 1.23 1.57 -0.17 -3.20 -1.72 -0.38 0.37 26.19 22.37 27.16 33.03 32.65 41.82 35.13 34.53 22.69 18.40 11.24 -0.20 -0.56 1.07 1.51 -1.30 -1.99 -0.72 -0.36 27.08 30.56 30.71 32.06 30.22 40.67 41.14 27.61 21.26 16.94 11.79 0.02 -0.89 0.43 -0.92 1.86 -0.01 1.27 1.34 27.86 29.46 28.86 33.71 30.54 42.65 37.42 33.03 19.64 17.39 10.33 -1.45 0.06 2.18 0.21 0.39 1.57 -3.90 1.01 24.66 25.25 31.79 31.07 32.23 47.60 43.31 30.01 21.81 17.73 10.81 -0.05 -1.47 0.03 1.76 -0.30 -0.24 -1.32 0.91 23.08 30.98 34.48 34.48 34.21 44.47 42.33 32.96 22.79 17.06 12.24 -0.74 -1.14 2.41 0.08 -3.78 -3.20 -0.01 -2.31 29.88 29.91 31.21 28.42 34.63 45.22 39.22 34.13 25.60 16.13 10.53 -0.31 -1.18 -3.00 -1.56 4.75 -0.38 -0.29 -2.62 28.98 26.40 30.59 29.17 34.46 36.57 40.95 30.90 23.61 17.11 12.36 0.94 0.70 -4.41 1.88 1.75 0.22 -1.77 -0.37 28.02 27.68 29.45 34.74 38.53 33.84 37.51 32.64 22.16 17.34 10.34 1.51 -2.33 2.20 1.11 1.22 -1.82 -1.64 -0.21 25.98 26.10 27.92 29.54 32.53 40.92 40.20 30.43 26.26 18.59 10.85 1.35 1.80 -0.92 -0.06 -0.34 -2.33 1.88 0.98 27.27 29.74 33.82 31.09 33.69 41.04 36.68 30.79 25.67 16.54 10.03 -1.01 0.11 -0.07 -0.68 -2.96 -0.10 -0.55 1.64 19.63 31.38 29.35 33.82 28.61 41.18 38.02 27.79 23.02 16.54 8.33 0.66 1.06 0.04 -0.24 -0.44 2.10 0.60 0.82 29.55 29.88 32.20 30.42 35.81 36.63 34.93 31.33 24.49 14.32 6.23 -0.32 -2.70 2.17 -1.95 -0.87 -1.41 1.90 -1.36 28.11 26.61 27.67 34.24 32.45 47.18 40.75 30.08 19.69 12.57 8.86 -1.81 1.15 -1.35 1.03 -0.81 3.03 0.38 0.90 27.70 30.95 31.96 31.63 30.90 45.37 40.05 30.42 24.42 16.92 8.12 3.35 -4.42 -1.76 0.82 0.77 -0.95 -0.50 1.07 28.82 25.16 31.31 36.03 33.83 46.80 39.39 28.90 21.23 15.23 7.22 -0.19 -2.34 2.93 -1.51 1.19 1.62 -1.02 -0.48 32.00 32.26 31.68 34.56 33.64 38.95 30.42 32.37 20.43 12.16 7.85 0.43 -0.75 1.13 -1.54 0.71 -0.43 -0.08 2.00 0.00 0.00 0.00 0.00 33.89 41.31 36.77 32.20 21.18 14.51 8.77 -1.63 -2.19 0.13 0.34 -1.63 -0.77 -2.43 -0.94 0.00 0.00 0.00 0.00 0.00 0.00 35.56 25.13 25.73 10.78 6.62 -0.26 0.94 0.57 1.04 0.19 0.70 0.48 -1.90 0.00 0.00 0.00 0.00 0.00 0.00 0.00 30.84 21.56 13.17 10.11 -0.92 0.96 -1.40 0.89 0.93 0.63 2.51 0.93 0.00 0.00 0.00 0.00 0.00 0.00 0.00 0.00 24.96 14.15 6.78 -0.77 2.89 -2.08 -0.76 3.87 -2.40 -1.86 -0.98 0.00 0.00 0.00 0.00 0.00 0.00 0.00 0.00 0.00 14.90 7.22 1.84 -1.18 -0.67 1.97 1.06 -0.90 -0.18 1.24 0.00 0.00 0.00 0.00 0.00 0.00 0.00 0.00 0.00 0.00 -2.63 1.29 -1.67 -1.15 1.02 -1.29 -1.36 -0.75 1.60 0.00 0.00 0.00 0.00 0.00 0.00 0.00 0.00 0.00 0.00 0.00 0.04 -1.19 3.43 -1.06 -0.54 -0.18 -1.17 -0.18 0.00 0.00 0.00 0.00 0.00 0.00 0.00 0.00 0.00 0.00 0.00 0.00 1.54 0.99 -1.66 1.52 -0.42 -0.52 -0.25 0.00 0.00 0.00 0.00 0.00 0.00 0.00 0.00 0.00 0.00 0.00 0.00 1.65 1.95 0.95 -0.53 0.75 0.29 -2.33 0.00 0.00 0.00 0.00 0.00 0.00 0.00 0.00 0.00 0.00 0.00 0.00 0.00 -1.31 3.46 0.20 0.09 -0.48 -1.24 0.00 0.00 0.00 0.00 0.00 0.00 0.00 0.00 0.00 0.00 0.00 0.00 0.00 0.00 2.78 -0.35 0.56 0.84 -0.08 0.00 0.00 0.00 0.00 0.00 0.00 0.00 0.00 0.00 0.00 0.00 0.00 0.00 0.00 -3.09 -1.06 -1.55 2.87 2.63 0.00 0.00 0.00 0.00 0.00 0.00 0.00 0.00 0.00 0.00 0.00 0.00 0.00 0.00 0.00 1.18 2.16 0.72 -0.24 0.00 0.00 0.00 0.00 0.00 0.00 0.00 0.00 0.00 0.00 0.00 0.00 0.00 0.00 0.00 -0.21 -1.84 1.01 -0.06 0.00 0.00 0.00 0.00 0.00 0.00 0.00 0.00 0.00 0.00 0.00 0.00 0.00 0.00 0.00 0.00 -0.38 1.46 -1.16 0.00 0.00 0.00 0.00 0.00 0.00 0.00 0.00 0.00 0.00 0.00 0.00 0.00 0.00 0.00 0.00 -0.54 0.90 1.48 0.00 0.00 0.00 0.00 0.00 0.00 0.00 0.00 0.00 0.00 0.00 0.00 0.00 0.00 0.00 0.00 0.00 2.11 0.77 0.00 0.00 0.00 0.00 0.00 0.00 0.00 0.00 0.00 0.00 0.00 0.00 0.00 0.00 0.00 0.00 0.00 0.29 0.76 0.00 0.00 0.00 0.00 0.00 0.00 0.00 0.00 0.00 0.00 0.00 0.00 0.00 0.00 0.00 0.00 0.00 0.00 -0.62 0.00 0.00 0.00 0.00 0.00 0.00 0.00 0.00 0.00 0.00 0.00 0.00 0.00 0.00 0.00 0.00 0.00 0.00 -1.61 0.00 0.00 0.00 0.00 0.00 0.00 0.00 0.00 0.00 0.00 0.00 0.00 0.00 0.00 0.00 0.00 0.00 0.00 0.00 0.00 0.00 0.00 0.00 0.00 0.00 0.00 0.00 0.00 0.00 0.00 0.00 0.00 0.00 0.00 0.00 0.00 0.00 0.00 0.00 0.00 0.00 0.00 0.00 0.00 0.00 0.00 0.00 0.00 0.00 0.00 0.00 0.00 0.00 0.00 0.00 0.00 0.00 0.00 0.00 0.00 0.00 0.00 0.00 0.00 0.00 0.00 0.00 0.00 0.00 0.00 0.00 0.00 0.00 0.00 0.00 0.00 0.00 0.00 0.00 0.00 0.00 0.00 0.00 0.00 0.00 0.00 0.00 0.00 0.00 0.00 0.00 0.00 0.00 0.00 0.00 0.00 0.00 0.00 0.00 0.00 0.00 0.00 0.00 0.00 0.00 0.00 0.00 0.00 0.00 0.00 0.00 0.00 0.00 0.00 0.00 0.00 0.00 0.00 0.00 0.00 0.00 0.00 0.00 0.00 0.00 0.00 0.00 0.00 0.00 0.00 0.00 0.00 0.00 0.00 0.00 0.00 0.00 0.00 0.00 0.00 0.00 0.00 0.00 0.00 0.00 0.00 0.00 0.00 0.00 0.00 0.00 0.00 0.00 0.00 0.00 0.00 0.00 0.00 0.00 0.00 0.00 0.00 0.00 0.00 0.00 0.00 0.00 0.00 0.00 0.00 0.00 0.00 0.00 0.00 0.00 0.00 0.00 0.00 0.00 0.00 0.00 0.00 0.00 0.00 0.00 0.00 0.00 0.00 0.00 0.00 0.00 0.00 0.00 0.00 0.00 0.00 0.00 0.00 0.00 0.00 0.00 0.00 0.00 0.00 0.00 0.00 0.00 0.00 0.00 0.00 0.00 0.00 0.00 0.00 0.00 0.00 0.00 0.00 0.00 0.00 0.00 0.00 0.00 0.00 0.00 0.00 0.00 0.00 0.00 0.00 0.00 0.00 0.00 0.00 0.00 0.00 0.00 0.00 0.00 0.00 0.00 0.00 0.00 0.00 0.00 0.00 0.00 0.00 0.00 0.00 0.00 0.00 0.00 0.00 0.00 0.00 0.00 0.00 0.00 0.00 0.00 0.00 0.00 0.00 0.00 0.00 0.00 0.00 0.00 0.00 0.00 0.00 0.00 0.00 0.00 0.00 0.00 0.00 0.00 0.00 0.00 0.00 0.00 0.00 0.00 0.00 0.00 0.00 0.00 0.00 0.00 0.00 0.00 0.00 0.00 0.00 0.00 0.00 0.00 0.00 0.00 0.00 0.00 0.00 0.00 0.00 0.00 0.00 0.00 0.00 0.00 0.00 0.00 0.00 0.00 0.00 0.00 0.00 0.00 0.00 0.00 0.00 0.00 0.00 0.00 0.00 0.00 0.00 0.00 0.00 0.00 0.00 0.00 0.00 0.00 0.00 0.00 0.00 0.00 0.00 0.00 0.00 0.00 0.00 0.00 0.00 0.00 0.00 0.00 0.00 0.00 0.00 0.00 0.00 0.00 0.00 0.00 0.00 0.00 0.00 0.00 0.00 0.00 0.00 0.00 0.00 0.00 0.00 0.00 0.00 0.00 0.00 0.00 0.00 0.00 0.00 0.00 0.00 0.00 0.00 0.00 0.00 0.00 0.00 0.00 0.00 0.00 0.00 0.00 0.00 0.00 0.00 0.00 0.00 0.00 0.00 0.00 0.00 0.00 0.00 0.00 0.00 0.00 0.00 0.00 0.00 0.00 0.00 0.00 0.00 0.00 0.00 0.00 0.00 0.00 0.00 0.00 0.00 0.00 0.00 0.00 0.00 0.00 0.00 0.00 0.00 0.00 0.00 0.00 0.00 0.00 0.00 0.00 0.00 0.00 0.00 0.00 0.00 0.00 0.00 0.00 0.00 0.00 0.00 0.00 0.00 0.00 0.00 0.00 0.00 0.00 0.00 0.00 0.00 0.00 0.00 0.00 0.00 0.00 0.00 0.00 0.00 0.00 0.00 0.00 0.00 0.00 0.00 0.00 0.00 0.00 0.00 0.00 0.00 0.00 0.00 0.00 0.00 0.00 0.00 0.00 0.00 0.00 0.00 0.00 0.00 0.00 0.00 0.00 0.00 0.00 0.00 0.00 0.00 0.00 0.00 0.00 0.00 0.00 0.00 0.00 0.00 0.00 0.00 0.00 0.00 0.00 0.00 0.00 0.00 0.00 0.00 0.00 0.00 0.00 0.00 0.00 0.00 0.00 0.00 0.00 0.00 0.00 0.00 0.00 0.00 0.00 0.00 0.00 0.00 0.00 0.00 0.00 0.00 0.00 0.00 0.00 0.00 0.00 0.00 0.00 0.00 0.00 0.00 0.00 0.00 0.00 0.00 0.00 0.00 0.00 0.00 0.00 0.00 0.00 0.00 0.00 0.00 0.00 0.00 0.00 0.00 0.00 0.00 0.00 0.00 0.00 0.00 0.00 0.00 0.00 0.00 0.00 0.00 0.00 0.00 0.00 0.00 0.00 0.00 0.00 0.00 0.00 0.00 0.00 0.00 0.00 0.00 0.00 0.00 0.00 0.00 0.00 0.00 0.00 0.00 0.00 0.00 0.00 0.00 0.00 0.00 0.00 0.00 0.00 0.00 0.00 0.00 0.00 0.00 0.00 0.00 0.00 0.00 0.00 0.00 0.00 0.00 0.00 0.00 0.00 0.00 0.00 0.00 0.00 0.00 0.00 0.00 0.00 0.00 0.00 0.00 0.00 0.00 0.00 0.00 0.00 0.00 0.00 0.00 0.00 0.00 0.00 0.00 0.00 0.00 0.00 0.00 0.00 0.00 0.00 0.00 0.00 0.00 0.00 0.00 0.00 0.00 0.00 0.00 0.00 0.00 0.00 0.00 0.00 0.00 0.00 0.00 0.00 0.00 0.00 0.00 0.00 0.00 0.00 0.00 0.00 0.00 0.00 0.00 0.00 0.00 0.00 0.00 0.00 0.00 0.00 0.00 0.00 0.00 0.00 0.00 0.00 0.00 0.00 0.00 0.00 0.00 0.00 0.00 0.00 0.00 0.00 0.00 0.00 0.00 0.00 0.00 0.00 0.00 0.00 0.00 0.00 0.00 0.00 0.00 0.00 0.00 0.00 0.00 0.00 0.00 0.00 0.00 0.00 0.00 0.00 0.00 0.00 0.00 0.00 0.00 0.00 0.00 0.00 0.00 0.00 0.00 0.00 0.00 0.00 0.00 0.00 0.00 0.00 0.00 0.00 0.00 0.00 0.00 0.00 0.00 0.00 0.00 0.00 0.00 0.00 0.00 0.00 0.00 0.00 0.00 0.00 0.00 0.00 0.00 0.00 0.00 0.00 0.00 0.00 0.00 0.00 0.00 0.00 0.00 0.00 0.00 0.00 0.00 0.00 0.00 0.00 0.00 0.00 0.00 0.00 0.00 0.00 0.00 0.00 0.00 0.00 0.00 0.00 0.00 0.00 0.00 0.00 0.00 0.00 0.00 0.00 0.00 0.00 0.00 0.00 0.00 0.00 0.00 0.00 0.00 0.00 0.00 0.00 0.00 0.00 0.00 0.00 0.00 0.00 0.00 0.00 0.00 0.00 0.00 0.00 0.00 0.00 0.00 0.00 0.00 0.00 0.00 0.00 0.00 0.00 0.00 0.00 0.00 0.00 0.00 0.00 0.00 0.00 0.00 0.00 0.00 0.00 0.00 0.00 0.00 0.00 0.00 0.00 0.00 0.00 0.00 0.00 0.00 0.00 0.00 0.00 0.00 0.00 0.00 0.00 0.00 0.00 0.00 0.00 0.00 0.00 0.00 0.00 0.00 0.00 0.00 0.00 0.00 0.00 0.00 0.00 0.00 0.00 0.00 0.00 0.00 0.00 0.00 0.00 0.00 0.00 0.00 0.00 0.00 0.00 0.00 0.00 0.00 0.00 0.00 0.00 0.00 0.00 0.00 0.00 0.00 0.00 0.00 0.00 0.00 0.00 0.00 0.00 0.00 0.00 0.00 0.00 0.00 0.00 0.00 0.00 0.00 0.00 0.00 0.00 0.00 0.00 0.00 0.00 0.00 0.00 0.00 0.00 0.00 0.00 0.00 0.00 0.00 0.00 0.00 0.00 0.00 0.00 0.00 0.00 0.00 0.00 0.00 0.00 0.00 0.00 0.00 0.00 0.00 0.00 0.00 0.00 0.00 0.00 0.00 0.00 0.00 0.00 0.00 0.00 0.00 0.00 0.00 0.00 0.00 0.00 0.00 0.00 0.00 0.00 0.00 0.00 0.00 0.00 0.00 0.00 0.00 0.00 0.00 0.00 0.00 0.00 0.00 0.00 0.00 0.00 0.00 0.00 0.00 0.00 0.00 0.00 0.00 0.00 0.00 0.00 0.00 0.00 0.00 0.00
rain_type.data=0 0 0 0 0 0 0 0 0 0 0 0 0 0 0 0 0 0 0 0 0 0 0 0 0 0 0 0 0 0 0 0 0 0 0 0 0 0 1 0 0 0 0 0 0 0 0 0 0 0 0 0 0 0 0 0 0 1 1 1 1 1 1 0 0 0 0 0 0 0 0 0 0 0 0 0 1 1 1 1 1 1 1 1 0 0 0 0 0 0 0 0 0 0 0 1 1 1 1 1 1 1 1 1 1 0 0 0 0 0 0 0 0 0 1 1 1 1 1 1 1 1 1 1 1 0 0 0 0 0 0 0 0 1 1 1 1 1 1 1 1 1 1 1 1 1 0 0 0 0 0 0 1 1 1 1 1 1 1 1 1 1 1 1 1 1 0 0 0 0 0 1 1 1 1 1 1 1 1 1 1 1 1 1 1 1 0 0 0 0 2 1 1 1 1 1 1 1 1 1 1 1 1 1 1 1 0 0 0 2 2 2 2 2 2 1 1 1 1 1 1 1 1 1 1 1 0 0 2 2 2 2 2 2 2 2 1 1 1 1 1 1 1 1 1 1 0 2 2 2 2 2 2 2 2 2 2 1 1 1 1 1 1 1 1 0 2 2 2 2 2 2 2 2 2 2 2 1 1 1 1 1 1 1 1 2 2 2 2 2 2 2 2 2 2 2 2 1 1 1 1 1 1 1 2 2 2 2 2 2 2 2 2 2 2 2 2 2 1 1 1 1 1 2 2 2 2 2 2 2 2 2 2 2 2 2 2 2 1 1 1 1 2 2 2 2 2 2 2 2 2 2 2 2 2 2 2 2 1 1 1 2 2 2 2 2 2 2 2 2 2 2 2 2 2 2 2 2 1 1 2 2 2 2 2 2 2 2 2 2 2 2 2 2 2 2 2 1 1 2 2 2 2 2 2 2 2 2 2 2 2 2 2 2 2 2 2 1 2 2 2 2 2 2 2 2 2 2 2 2 2 2 2 2 2 2 2 2 2 2 2 2 2 2 2 2 2 2 2 2 2 2 2 2 2 2 2 2 2 2 2 2 2 2 2 2 2 2 2 2 2 2 2 2 2 2 2 2 2 2 2 2 2 2 2 2 2 2 2 2 2 2 2 2 2 2 2 2 2 2 2 2 2 2 2 2 2 2 2 2 2 2 2 2 2 2 2 2 2 2 2 2 2 2 2 2 2 2 2 2 2 2 2 2 2 2 2 2 2 2 2 2 2 2 2 2 2 2 2 2 2 2 2 2 2 2 2 2 2 2 2 2 2 2 2 2 2 2 2 2 2 2 2 2 2 2 2 2 2 2 2 2 2 2 2 2 2 2 2 2 2 2 2 2 2 2 2 2 2 2 2 2 2 2 2 2 2 2 2 2 2 2 2 2 2 2 2 2 2 2 2 2 2 2 2 2 2 2 2 2 2 2 2 2 2 2 2 2 2 2 2 2 2 2 2 2 2 2 2 2 2 2 2 2 2 2 2 2 2 2 2 2 2 2 2 2 2 2 2 2 2 2 2 2 2 2 2 2 2 2 2 2 2 2 2 2 2 2 2 2 2 2 2 2 2 2 2 2 2 2 2 2 2 2 2 2 2 2 2 2 2 2 2 2 2 2 2 2 2 2 2 2 2 2 2 2 2 2 2 2 2 2 2 2 2 2 2 2 2 2 2 2 2 2 2 2 2 2 2 2 2 2 2 2 2 2 2 2 2 2 2 2 2 2 2 2 2 2 2 2 2 2 2 2 2 2 2 2 2 2 2 2 2 2 2 2 2 2 2 2 2 2 2 2 2 2 2 2 2 2 2 2 2 2 2 2 2 2 2 2 2 2 2 2 2 2 2 2 2 2 2 2 2 2 2 2 2 2 2 2 2 2 2 2 2 2 2 2 2 2 2 2 2 2 2 2 2 2 2 2 2 2 2 2 2 2 2 2 2 2 2 2 2 2 2 2 2 2 2 2 2 2 2 2 2 2 2 2 2 2 2 2 2 2 2 2 2 2 2 2 2 2 2 2 2 2 2 2 2 2 2 2 2 2 2 2 2 2 2 2 2 2 2 2 2 2 2 2 2 2 2 2 2 2 2 2 2 2 2 2 2 2 2 2 2 2 2 2 2 2 2 2 2 2 2 2 2 2 2 2 2 2 2 2 2 2 2 2 2 2 2 2 2 2 2 2 2 2 2 2 2 2 2 2 2 2 2 2 2 2 2 2 2 2 2 2 2 2 2 2 2 2 2 2 2 2 2 2 2 2 2 2 2 2 2 2 2 2 2 2 2 2 2 2 2 2 2 2 2 2 2 2 2 2 2 2 2 2 2 2 2 2 2 2 2 2 2 2 2 2 2 2 2 2 2 2 2 2 2 2 2 2 2 2 2 2 2 2 2 2 2 2 2 2 2 2 2 2 2 2 2 2 2 2 2 2 2 2 2 2 2 2 2 2 2 2 2 2 2 2 2 2 2 2 2 2 2 2 2 2 2 2 2 2 2 2 2 2 2 2 2 2 2 2 2 2 2 2 2 2 2 2 2 2 2 2 2 2 2 2 2 2 2 2 2 2 2 2 2 2 2 2 2 2 2 2 2 2 2 2 2 2 2 2 2 2 2 2 2 2 2 2 2 2 2 2 2 2 2 2 2 2 2 2 2 2 2 2 2 2 2 2 2 2 2 2 2 2 2 2 2 2 2 2 2 2 2 2 2 2 2 2 2 2 2 2 2 2 2 2 2 2 2 2 2 2 2 2 2 2 2 2 2 2 2 2 2 2 2 2 2 2 2 2 2 2 2 2 2 2 2 2 2 2 2 2 2 2 2 2 2 2 2 2 2 2 2 2 2 2 2 2 2 2 2 2 2 2 2 2 2 2 2 2 2 2 2 2 2 2 2 2 2 2 2 2 2 2 2 2 2 2 2 2 2 2 2 2 2 2 2 2 2 2 2 2 2 2 2 2 2 2 2 2 2 2 2 2 2 2 2 2 2 2 2 2 2 2 2 2 2 2 2 2 2 2 2 2 2 2 2 2 2 2 2 2 2 2 2 2 2 2 2 2 2 2 2 2 2 2 2 2 2 2 2 2 2 2 2 2 2 2 2 2 2 2 2 2 2 2 2 2 2 2 2 2 2 2 2 2 2 2 2 2 2 2 2 2 2 2 2 2 2 2 2 2 2 2 2 2 2 2 2 2 2 2 2 2 2 2 2 2 2 2 2 2 2 2 2 2 2 2 2 2 2 2 2 2 2 2 2 2 2 2 2 2 2 2 2 2 2 2 2 2 2 2 2 2 2 2 2 2 2 2 2 2 2 2 2 2 2 2 2 2 2 2 2 2 2 2 2 2 2 2 2 2 2 2 2 2 2 2 2 2 2 2 2 2 2 2 2 2 2 2 2 2 2 2 2 2 2 2 2 2 2 2 2 2 2 2 2 2 2 2 2 2 2 2 2 2 2 2 2 2 2 2 2 2 2 2 2 2 2 2 2 2 2 2 2 2 2 2 2 2 2 2 2 2 2 2 2 2 2 2 2 2 2 2 2 2 2 2 2 2 2 2 2 2 2 2 2 2 2 2 2 2 2 2 2 2 2 2 2 2 2 2 2 2 2 2 2 2 2 2 2 2 2 2 2 2 2 2 2 2 2 2 2 2 2 2 2 2 2 2 2 2 2 2 2 2 2 2 2 2 2 2 2 2 2 2 2 2 2 2 2 2 2 2 2 2 2 2 2 2 2 2 2 2 2 2 2 2 2 2 2 2 2 2 2 2 2 2 2 2 2 2 2 2 2 2 2 2 2 2 2 2 2 2 2 2 2 2 2 2 2 2 2 2 2 2 2 2 2 2 2 2 2 2 2 2 2 2 2 2 2 2 2 2 2 2 2 2 2 2 2 2 2 2 2 2 2 2 2 2 2 2 2 2 2 2 2 2 2 2 2 2 2 2 2 2 2 2 2 2 2 2 2 2 2 2 2 2 2 2 2 2 2 2 2 2 2 2 2 2 2 2 2 2 2 2 2 2 2 2 2 2 2 2 2 2 2 2 2 2 2 2 2 2 2 2 2 2 2 2 2 2 2 2 2 2 2 2 2 2 2 2 2 2 2 2 2 2 2 2 2 2 2 2 2 2 2 2 2 2 2 2 2 2 2 2 2 2 2 2 2 2 2 2 2 2 2 2 2 2 2 2 2 2 2 2 2 2 2 2 2 2 2 2 2 2 2 2 2 2 2 2 2 2 2 2 2 2 2 2 2 2 2 2 2 2 2 2 2 2 2 2 2 2 2 2 2 2 2 2 2 2 2 2 2 2 2 2 2 2 2 2 2 2 2 2 2 2 2 2 2 2 2 2 2 2 2 2 2 2 2 2 2 2 2 2 2 2 2 2 2 2 2 2 2 2 2 2 2 2 2 2 2 2 2 2 2 2 2 2 2 2 2 2 2 2 2 2 2 2 2 2 2 2 2 2 2 2 2 2 2 2 2 2 2 2 2 2 2 2 2 2 2 2 2 2 2 2 2 2 2 2 2 2 2 2 2 2 2 2 2 2 2 2 2 2 2 2 2 2 2 2 2 2 2 2 2 2 2 2 2 2 2 2 2 2 2 2 2 2 2 2 2 2 2 2 2 2 2 2 2 2 2 2 2 2 2 2 2 2 2 2 2 2 2 2 2 2 2 2 2 2 2 2 2 2 2 2 2 2 2 2 2 2 2 2 1 1 1 2 2 2 2 2 2 2 2 2 2 2 2 2 2 2 2 1 1 1 1 1 1 2 2 2 2 2 2 2 2 2 2 2 2 2 1 1 1 1 1 1 1 2 2 2 2 2 2 2 2 2 2 2 2 1 1 1 1 1 1 1 1 1 2 2 2 2 2 2 2 2 2 2 1 1 1 1 1 1 1 1 1 1 2 2 2 2 2 2 2 2 2 1 1 1 1 1 1 1 1 1 1 1 2 2 2 2 2 2 2 2 1 1 1 1 1 1 1 1 1 1 1 1 2 2 2 2 2 2 2 1 1 1 1 1 1 1 1 1 1 1 1 1 2 2 2 2 2 2 1 1 1 1 1 1 1 1 1 1 1 1 1 2 2 2 2 2 2 1 1 1 1 1 1 1 1 1 1 1 1 1 1 2 2 2 2 2 1 1 1 1 1 1 1 1 1 1 1 1 1 1 1 2 2 2 2 1 1 1 1 1 1 1 1 1 1 1 1 1 1 1 2 2 2 2 1 1 1 1 1 1 1 1 1 1 1 1 1 1 1 1 2 2 2 1 1 1 1 1 1 1 1 1 1 1 1 1 1 1 1 1 2 2 1 1 1 1 1 1 1 1 1 1 1 1 1 1 1 1 1 2 2 1 1 1 1 1 1 1 1 1 1 1 1 1 1 1 1 1 1 2 1 1 1 1 1 1 1 1 1 1 1 1 1 1 1 1 1 1 2 1 1 1 1 1 1 1 1 1 1 1 1 1 1 1 1 1 1 1 1 1 1 1 1 1 1 1 1 1 1 1 1 1 1 1 1 1 1 1 1 1 1 1 1 1 1 1 1 1 1 1 1 1 1 1 1 1 1 1 1 1 1 1 1 1 1 1 1 1 1 1 1 1 1 1 1 1 1 1 1 1 1 1 1 1 1 1 1 1 1 1 1 1 1 1 1 1 1 1 1 1 1 1 1 1 1 1 1 1 1 1 1 1 1 1 1 1 1 1 1 1 1 1 1 1 1 1 1 1 1 1 1 1 1 1 1 1 1 1 1 1 1 1 1 1 1 1 1 1 1 1 1 1 1 1 1 1 1 1 1 1 1 1 1 1 1 1 1 1 1 1 1 1 1 1 1 1 1 1 1 1 1 1 1 1 1 1 1 1 1 1 1 1 1 1 1 1 1 1 1 1 1 1 1 1 1 1 1 1 1 1 1 1 1 1 1 1 1 1 1 1 1 1 1 1 1 1 1 1 1 1 1 1 1 1 1 1 1 1 1 1 1 1 1 1 1 1 1 1 1 1 1 1 1 1 1 1 1 1 1 1 1 1 1 1 1 1 1 1 1 1 1 1 1 1 1 1 1 1 1 1 1 1 1 1 1 1 1 1 1 1 1 1 1 1 1 1 1 1 1 1 1 1 1 1 1 1 1 1 1 1 1 1 1 1 1 1 1 1 1 1 1 1 1 1 1 1 1 1 1 1 1 1 1 1 1 1 1 1 1 1 1 1 1 1 1 1 1 1 1 1 1 1 1 1 1 1 1 1 1 1 1 1 1 1 1 1 1 1 1 1 1 1 1 1 1 1 1 1 1 1 1 1 1 1 1 1 1 1 1 1 1 1 1 1 1 1 1 1 1 1 1 1 1 1 1 1 1 1 1 1 1 1 1 1 1 1 1 1 1 1 1 1 1 1 1 1 1 1 1 1 1 1 1 1 1 1 1 1 1 1 1 1 1 1 1 1 1 1 1 1 1 1 1 1 1 1 1 1 1 1 1 1 1 1 1 1 1 1 1 1 1 1 1 1 1 1 1 1 1 1 1 1 1 1 1 1 1 1 1 1 1 1 1 1 1 1 1 1 1 1 1 1 1 1 1 1 1 1 1 1 1 1 1 1 1 1 1 1 1 1 1 1 1 1 1 1 1 1 1 1 1 1 1 1 1 1 1 1 1 1 1 1 1 1 1 1 1 1 1 1 1 1 1 1 1 1 1 1 1 1 1 1 1 1 1 1 1 1 1 1 1 1 1 1 1 1 1 1 1 1 1 1 1 1 1 1 1 1 1 1 1 1 1 1 1 1 1 1 1 1 1 1 1 1 1 1 1 1 1 1 1 1 1 1 1 1 1 1 1 1 1 1 1 1 1 1 1 1 1 1 1 1 1 1 1 1 1 1 1 1 1 1 1 1 1 1 1 1 1 1 1 1 1 1 1 1 1 1 1 1 1 1 1 1 1 1 1 1 1 1 1 1 1 1 1 1 1 1 1 1 1 1 1 1 1 1 1 1 1 1 1 1 1 1 1 1 1 1 1 1 1 1 1 1 1 1 1 1 1 1 1 1 1 1 1 1 1 1 1 1 1 1 1 1 1 1 1 1 1 1 1 1 1 1 1 1 1 1 1 1 1 1 1 1 1 1 1 1 1 1 1 1 1 1 1 1 1 1 1 1 1 1 1 1 1 1 1 1 1 1 1 1 1 1 1 1 1 1 1 1 1 1 1 1 1 1 1 1 1 1 1 1 1 1 1 1 1 1 1 1 1 1 1 1 1 1 1 1 1 1 1 1 1 1 1 1 1 1 1 1 1 1 1 1 1 1 1 1 1 1 1 1 1 1 1 1 1 1 1 1 1 1 1 1 1 1 1 1 1 1 1 1 1 1 1 1 1 1 1 1 1 1 1 1 1 1 1 1 1 1 1 1 1 1 1 1 1 1 1 1 1 1 1 1 1 1 1 1 1 1 1 1 1 1 1 1 1 1 1 1 1 1 1 1 1 1 1 1 1 1 1 1 1 1 1 1 1 1 1 1 1 1 1 1 1 1 1 1 1 1 1 1 1 1 1 1 1 1 1 1 1 1 1 1 1 1 1 1 1 1 1 1 1 1 1 1 1 1 1 1 1 1 1 1 1 1 1 1 1 1 1 1 1 1 1 1 1 1 1 1 1 1 1 1 1 1 1 1 1 1 1 1 1 1 1 1 1 1 1 1 1 1 1 1 1 1 1 1 1 1 1 1 1 1 1 1 1 1 1 1 1 1 1 1 1 1 1 1 1 1 1 1 1 1 1 1 1 1 1 1 1 1 1 1 1 1 1 1 1 1 1 1 1 1 1 1 1 1 1 1 1 1 1 1 1 1 1 1 1 1 1 1 1 1 1 1 1 1 1 1 1 1 0 0 0 0 1 1 1 1 1 1 1 1 1 1 1 1 1 1 1 0 0 0 0 0 0 1 1 1 1 1 1 1 1 1 1 1 1 1 0 0 0 0 0 0 0 1 1 1 1 1 1 1 1 1 1 1 1 0 0 0 0 0 0 0 0 1 1 1 1 1 1 1 1 1 1 1 0 0 0 0 0 0 0 0 0 1 1 1 1 1 1 1 1 1 1 0 0 0 0 0 0 0 0 0 0 1 1 1 1 1 1 1 1 1 0 0 0 0 0 0 0 0 0 0 0 1 1 1 1 1 1 1 1 0 0 0 0 0 0 0 0 0 0 0 0 1 1 1 1 1 1 1 0 0 0 0 0 0 0 0 0 0 0 0 1 1 1 1 1 1 1 0 0 0 0 0 0 0 0 0 0 0 0 0 1 1 1 1 1 1 0 0 0 0 0 0 0 0 0 0 0 0 0 0 1 1 1 1 1 0 0 0 0 0 0 0 0 0 0 0 0 0 0 1 1 1 1 1 0 0 0 0 0 0 0 0 0 0 0 0 0 0 0 1 1 1 1 0 0 0 0 0 0 0 0 0 0 0 0 0 0 0 1 1 1 1 0 0 0 0 0 0 0 0 0 0 0 0 0 0 0 0 1 1 1 0 0 0 0 0 0 0 0 0 0 0 0 0 0 0 0 1 1 1 0 0 0 0 0 0 0 0 0 0 0 0 0 0 0 0 0 1 1 0 0 0 0 0 0 0 0 0 0 0 0 0 0 0 0 0 1 1 0 0 0 0 0 0 0 0 0 0 0 0 0 0 0 0 0 0 1 0 0 0 0 0 0 0 0 0 0 0 0 0 0 0 0 0 0 1 0 0 0 0 0 0 0 0 0 0 0 0 0 0 0 0 0 0 0 0 0 0 0 0 0 0 0 0 0 0 0 0 0 0 0 0 0 0 0 0 0 0 0 0 0 0 0 0 0 0 0 0 0 0 0 0 0 0 0 0 0 0 0 0 0 0 0 0 0 0 0 0 0 0 0 0 0 0 0 0 0 0 0 0 0 0 0 0 0 0 0 0 0 0 0 0 0 0 0 0 0 0 0 0 0 0 0 0 0 0 0 0 0 0 0 0 0 0 0 0 0 0 0 0 0 0 0 0 0 0 0 0 0 0 0 0 0 0 0 0 0 0 0 0 0 0 0 0 0 0 0 0 0 0 0 0 0 0 0 0 0 0 0 0 0 0 0 0 0 0 0 0 0 0 0 0 0 0 0 0 0 0 0 0 0 0 0 0 0 0 0 0 0 0 0 0 0 0 0 0 0 0 0 0 0 0 0 0 0 0 0 0 0 0 0 0 0 0 0 0 0 0 0 0 0 0 0 0 0 0 0 0 0 0 0 0 0 0 0 0 0 0 0 0 0 0 0 0 0 0 0 0 0 0 0 0 0 0 0 0 0 0 0 0 0 0 0 0 0 0 0 0 0 0 0 0 0 0 0 0 0 0 0 0 0 0 0 0 0 0 0 0 0 0 0 0 0 0 0 0 0 0 0 0 0 0 0 0 0 0 0 0 0 0 0 0 0 0 0 0 0 0 0 0 0 0 0 0 0 0 0 0 0 0 0 0 0 0 0 0 0 0 0 0 0 0 0 0 0 0 0 0 0 0 0 0 0 0 0 0 0 0 0 0 0 0 0 0 0 0 0 0 0 0 0 0 0 0 0 0 0 0 0 0 0 0 0 0 0 0 0 0 0 0 0 0 0 0 0 0 0 0 0 0 0 0 0 0 0 0 0 0 0 0 0 0 0 0 0 0 0 0 0 0 0 0 0 0 0 0 0 0 0 0 0 0 0 0 0 0 0 0 0 0 0 0 0 0 0 0 0 0 0 0 0 0 0 0 0 0 0 0 0 0 0 0 0 0 0 0 0 0 0 0 0 0 0 0 0 0 0 0 0 0 0 0 0 0 0 0 0 0 0 0 0 0 0 0 0 0 0 0 0 0 0 0 0 0 0 0 0 0 0 0 0 0 0 0 0 0 0 0 0 0 0 0 0 0 0 0 0 0 0 0 0 0 0 0 0 0 0 0 0 0 0 0 0 0 0 0 0 0 0 0 0 0 0 0 0 0 0 0 0 0 0 0 0 0 0 0 0 0 0 0 0 0 0 0 0 0 0 0 0 0 0 0 0 0 0 0 0 0 0 0 0 0 0 0 0 0 0 0 0 0 0 0 0 0 0 0 0 0 0 0 0 0 0 0 0 0 0 0 0 0 0 0 0 0 0 0 0 0 0 0 0 0 0 0 0 0 0 0 0 0 0 0 0 0 0 0 0 0 0 0 0 0 0 0 0 0 0 0 0 0 0 0 0 0 0 0 0 0 0 0 0 0 0 0 0 0 0 0 0 0 0 0 0 0 0 0 0 0 0 0 0 0 0 0 0 0 0 0 0 0 0 0 0 0 0 0 0 0 0 0 0 0 0 0 0 0 0 0 0 0 0 0 0 0 0 0 0 0 0 0 0 0 0 0 0 0 0 0 0 0 0 0 0 0 0 0 0 0 0 0 0 0 0 0 0 0 0 0 0 0 0 0 0 0 0 0 0 0 0 0 0 0 0 0 0 0 0 0 0 0 0 0 0 0 0 0 0 0 0 0 0 0 0 0 0 0 0 0 0 0 0 0 0 0 0 0 0 0 0 0 0 0 0 0 0 0 0 0 0 0 0 0 0 0 0 0 0 0 0 0 0 0 0 0 0 0 0 0 0 0 0 0 0 0 0 0 0 0 0 0 0 0 0 0 0 0 0 0 0 0 0 0 0 0 0 0 0 0 0 0 0 0 0 0 0 0 0 0 0 0 0 0 0 0 0 0 0 0 0 0 0 0 0 0 0 0 0 0 0 0 0 0 0 0 0 0 0 0 0 0 0 0 0 0 0 0 0 0 0 0 0 0 0 0 0 0 0 0 0 0 0 0 0 0 0 0 0 0 0 0 0 0 0 0 0 0 0 0 0 0 0 0 0 0 0 0 0 0 0 0 0 0 0 0 0 0 0 0 0 0 0 0 0 0 0 0 0 0 0 0 0 0 0 0 0 0 0 0 0 0 0 0 0 0 0 0 0 0 0 0 0 0 0
estimated_attenuation.size=4883
estimated_attenuation.data=0.00 0.00 0.00 0.00 0.00 0.00 0.00 0.00 0.00 0.00 0.00 0.00 0.00 0.00 0.00 0.00 0.00 0.00 0.00 0.00 0.00 0.00 0.00 0.00 0.00 0.00 0.00 0.00 0.00 0.00 0.00 0.00 0.00 0.00 0.00 0.00 0.00 0.00 0.00 0.00 0.00 0.00 0.00 0.00 0.00 0.00 0.00 0.00 0.00 0.00 0.00 0.00 0.00 0.00 0.00 0.00 0.00 0.00 0.00 0.00 0.00 0.00 0.00 0.00 0.00 0.00 0.00 0.00 0.00 0.00 0.00 0.00 0.00 0.00 0.00 0.00 0.00 0.00 0.00 0.00 0.00 0.00 0.00 0.00 0.00 0.00 0.00 0.00 0.00 0.00 0.00 0.00 0.00 0.00 0.00 0.00 0.00 0.00 0.00 0.00 0.00 0.00 0.00 0.00 0.00 0.00 0.00 0.00 0.00 0.00 0.00 0.00 0.00 0.00 0.00 0.00 0.00 0.00 0.00 0.00 0.00 0.00 0.00 0.00 0.00 0.00 0.00 0.00 0.00 0.00 0.00 0.00 0.00 0.00 0.00 0.00 0.00 0.00 0.00 0.00 0.00 0.00 0.00 0.00 0.00 0.00 0.00 0.00 0.00 0.00 0.00 0.00 0.00 0.00 0.00 0.00 0.00 0.00 0.00 0.00 0.00 0.00 0.00 0.00 0.00 0.00 0.00 0.00 0.00 0.00 0.00 0.00 0.00 0.00 0.00 0.00 0.00 0.00 0.00 0.00 0.00 0.00 0.00 0.00 0.00 0.00 0.00 0.00 0.00 0.00 0.00 0.00 0.00 0.00 0.00 0.00 0.00 0.00 0.00 0.00 0.00 0.00 0.00 0.00 0.00 0.00 0.00 0.00 0.00 0.00 0.00 0.00 0.00 0.00 0.00 0.00 0.00 0.00 0.00 0.00 0.00 0.00 0.00 0.00 0.00 0.00 0.00 0.00 0.00 0.00 0.00 0.00 0.00 0.00 0.00 0.00 0.00 0.00 0.00 0.00 0.00 0.00 0.00 0.00 0.00 0.00 0.00 0.00 0.00 0.00 0.00 0.00 0.00 0.00 0.00 0.00 0.00 0.00 0.00 0.00 0.00 0.00 0.00 0.00 0.00 0.00 0.00 0.00 0.00 0.00 0.00 0.00 0.00 0.00 0.00 0.00 0.00 0.00 0.00 0.00 0.00 0.00 0.00 0.00 0.00 0.00 0.00 0.00 0.00 0.00 0.00 0.00 0.00 0.00 0.00 0.00 0.00 0.00 0.00 0.00 0.00 0.00 0.00 0.00 0.00 0.00 0.00 0.00 0.00 0.00 0.00 0.00 0.00 0.00 0.00 0.00 0.00 0.00 0.00 0.00 0.00 0.00 0.00 0.00 0.00 0.00 0.00 0.00 0.00 0.00 0.00 0.00 0.00 0.00 0.00 0.00 0.00 0.00 0.00 0.00 0.00 0.00 0.00 0.00 0.00 0.00 0.00 0.00 0.00 0.00 0.00 0.00 0.00 0.00 0.00 0.00 0.00 0.00 0.00 0.00 0.00 0.00 0.00 0.00 0.00 0.00 0.00 0.00 0.00 0.00 0.00 0.00 0.00 0.00 0.00 0.00 0.00 0.00 0.00 0.00 0.00 0.00 0.00 0.00 0.00 0.00 0.00 0.00 0.00 0.00 0.00 0.00 0.00 0.00 0.00 0.00 0.00 0.00 0.00 0.00 0.00 0.00 0.00 0.00 0.00 0.00 0.00 0.00 0.00 0.00 0.00 0.00 0.00 0.00 0.00 0.00 0.00 0.00 0.00 0.00 0.00 0.00 0.00 0.00 0.00 0.00 0.00 0.00 0.00 0.00 0.00 0.00 0.00 0.00 0.00 0.00 0.00 0.00 0.00 0.00 0.00 0.00 0.00 0.00 0.00 0.00 0.00 0.00 0.00 0.00 0.00 0.00 0.00 0.00 0.00 0.00 0.00 0.00 0.00 0.00 0.00 0.00 0.00 0.00 0.00 0.00 0.00 0.00 0.00 0.00 0.00 0.00 0.00 0.00 0.00 0.00 0.00 0.00 0.00 0.00 0.00 0.00 0.00 0.00 0.00 0.00 0.00 0.00 0.00 0.00 0.00 0.00 0.00 0.00 0.00 0.00 0.00 0.00 0.00 0.00 0.00 0.00 0.00 0.00 0.00 0.00 0.00 0.00 0.00 0.00 0.00 0.00 0.00 0.00 0.00 0.00 0.00 0.00 0.00 0.00 0.00 0.00 0.00 0.00 0.00 0.00 0.00 0.00 0.00 0.00 0.00 0.00 0.00 0.00 0.00 0.00 0.00 0.00 0.00 0.00 0.00 0.00 0.00 0.00 0.00 0.00 0.00 0.00 0.00 0.00 0.00 0.00 0.00 0.00 0.00 0.00 0.00 0.00 0.00 0.00 0.00 0.00 0.00 0.00 0.00 0.00 0.00 0.00 0.00 0.00 0.00 0.00 0.00 0.00 0.00 0.00 0.00 0.00 0.00 0.00 0.00 0.00 0.00 0.00 0.00 0.00 0.00 0.00 0.00 0.00 0.00 0.00 0.00 0.00 0.00 0.00 0.00 0.00 0.00 0.00 0.00 0.00 0.00 0.00 0.00 0.00 0.00 0.00 0.00 0.00 0.00 0.00 0.00 0.00 0.00 0.00 0.00 0.00 0.00 0.00 0.00 0.00 0.00 0.00 0.00 0.00 0.00 0.00 0.00 0.00 0.00 0.00 0.00 0.00 0.00 0.00 0.00 0.00 0.00 0.00 0.00 0.00 0.00 0.00 0.00 0.00 0.00 0.00 0.00 0.00 0.00 0.00 0.00 0.00 0.00 0.00 0.00 0.00 0.00 0.00 0.00 0.00 0.00 0.00 0.00 0.00 0.00 0.00 0.00 0.00 0.00 0.00 0.00 0.00 0.00 0.00 0.00 0.00 0.00 0.00 0.00 0.00 0.00 0.00 0.00 0.00 0.00 0.00 0.00 0.00 0.00 0.00 0.00 0.00 0.00 0.00 0.00 0.00 0.00 0.00 0.00 0.00 0.00 0.00 0.00 0.00 0.00 0.00 0.00 0.00 0.00 0.00 0.00 0.00 0.00 0.00 0.00 0.00 0.00 0.00 0.00 0.00 0.00 0.00 0.00 0.00 0.00 0.00 0.00 0.00 0.00 0.00 0.00 0.00 0.00 0.00 0.00 0.00 0.00 0.00 0.00 0.00 0.00 0.00 0.00 0.00 0.00 0.00 0.00 0.00 0.00 0.00 0.00 0.00 0.00 0.00 0.00 0.00 0.00 0.00 0.00 0.00 0.00 0.00 0.00 0.00 0.00 0.00 0.00 0.00 0.00 0.00 0.00 0.00 0.00 0.00 0.00 0.00 0.00 0.00 0.00 0.00 0.00 0.00 0.00 0.00 0.00 0.00 0.00 0.00 0.00 0.00 0.00 0.00 0.00 0.00 0.00 0.00 0.00 0.00 0.00 0.00 0.00 0.00 0.00 0.00 0.00 0.00 0.00 0.00 0.00 0.00 0.00 0.00 0.00 0.00 0.00 0.00 0.00 0.00 0.00 0.00 0.00 0.00 0.00 0.00 0.00 0.00 0.00 0.00 0.00 0.00 0.00 0.00 0.00 0.00 0.00 0.00 0.00 0.00 0.00 0.00 0.00 0.00 0.00 0.00 0.00 0.00 0.00 0.00 0.00 0.00 0.00 0.00 0.00 0.00 0.00 0.00 0.00 0.00 0.00 0.00 0.00 0.00 0.00 0.00 0.00 0.00 0.00 0.00 0.00 0.00 0.00 0.00 0.00 0.00 0.00 0.00 0.00 0.00 0.00 0.00 0.00 0.00 0.00 0.00 0.00 0.00 0.00 0.00 0.00 0.00 0.00 0.00 0.00 0.00 0.00 0.00 0.00 0.00 0.00 0.00 0.00 0.00 0.00 0.00 0.00 0.00 0.00 0.00 0.00 0.00 0.00 0.00 0.00 0.00 0.00 0.00 0.00 0.00 0.00 0.00 0.00 0.00 0.00 0.00 0.00 0.00 0.00 0.00 0.00 0.00 0.00 0.00 0.00 0.00 0.00 0.00 0.00 0.00 0.00 0.00 0.00 0.00 0.00 0.00 0.00 0.00 0.00 0.00 0.00 0.00 0.00 0.00 0.00 0.00 0.00 0.00 0.00 0.00 0.00 0.00 0.00 0.00 0.00 0.00 0.00 0.00 0.00 0.00 0.00 0.00 0.00 0.00 0.00 0.00 0.00 0.00 0.00 0.00 0.00 0.00 0.00 0.00 0.00 0.00 0.00 0.00 0.00 0.00 0.00 0.00 0.00 0.00 0.00 0.00 0.00 0.00 0.00 0.00 0.00 0.00 0.00 0.00 0.00 0.00 0.00 0.00 0.00 0.00 0.00 0.00 0.00 0.00 0.00 0.00 0.00 0.00 0.00 0.00 0.00 0.00 0.00 0.00 0.00 0.00 0.00 0.00 0.00 0.00 0.00 0.00 0.00 0.00 0.00 0.00 0.00 0.00 0.00 0.00 0.00 0.00 0.00 0.00 0.00 0.00 0.00 0.00 0.00 0.00 0.00 0.00 0.00 0.00 0.00 0.00 0.00 0.00 0.00 0.00 0.00 0.00 0.00 0.00 0.00 0.00 0.00 0.00 0.00 0.00 0.00 0.00 0.00 0.00 0.00 0.00 0.00 0.00 0.00 0.00 0.00 0.00 0.00 0.00 0.00 0.00 0.00 0.00 0.00 0.00 0.00 0.00 0.00 0.00 0.00 0.00 0.00 0.00 0.00 0.00 0.00 0.00 0.00 0.00 0.00 0.00 0.00 0.00 0.00 0.00 0.00 0.00 0.00 0.00 0.00 0.00 0.00 0.00 0.00 0.00 0.00 0.00 0.00 0.00 0.00 0.00 0.00 0.00 0.00 0.00 0.00 0.00 0.00 0.00 0.00 0.00 0.00 0.00 0.00 0.00 0.00 0.00 0.00 0.00 0.00 0.00 0.00 0.00 0.00 0.00 0.00 0.00 0.00 0.00 0.00 0.00 0.00 0.00 0.00 0.00 0.00 0.00 0.00 0.00 0.00 0.00 0.00 0.00 0.00 0.00 0.00 0.00 0.00 0.00 0.00 0.00 0.00 0.00 0.00 0.00 0.00 0.00 0.00 0.00 0.00 0.00 0.00 0.00 0.00 0.00 0.00 0.00 0.00 0.00 0.00 0.00 0.00 0.00 0.00 0.00 0.00 0.00 0.00 0.00 0.00 0.00 0.00 0.00 0.00 0.00 0.00 0.00 0.00 0.00 0.00 0.00 0.00 0.00 0.00 0.00 0.00 0.00 0.00 0.00 0.00 0.00 0.00 0.00 0.00 0.00 0.00 0.00 0.00 0.00 0.00 0.00 0.00 0.00 0.00 0.00 0.00 0.00 0.00 0.00 0.00 0.00 0.00 0.00 0.00 0.00 0.00 0.00 0.00 0.00 0.00 0.00 0.00 0.00 0.00 0.00 0.00 0.00 0.00 0.00 0.00 0.00 0.00 0.00 0.00 0.00 0.00 0.00 0.00 0.00 0.00 0.00 0.00 0.00 0.00 0.00 0.00 0.00 0.00 0.00 0.00 0.00 0.00 0.00 0.00 0.00 0.00 0.00 0.00 0.00 0.00 0.00 0.00 0.00 0.00 0.00 0.00 0.00 0.00 0.00 0.00 0.00 0.00 0.00 0.00 0.00 0.00 0.00 0.00 0.00 0.00 0.00 0.00 0.00 0.00 0.00 0.00 0.00 0.00 0.00 0.00 0.00 0.00 0.00 0.00 0.00 0.00 0.00 0.00 0.00 0.00 0.00 0.00 0.00 0.00 0.00 0.00 0.00 0.00 0.00 0.00 0.00 0.00 0.00 0.00 0.00 0.00 0.00 0.00 0.00 0.00 0.00 0.00 0.00 0.00 0.00 0.00 0.00 0.00 0.00 0.00 0.00 0.00 0.00 0.00 0.00 0.00 0.00 0.00 0.00 0.00 0.00 0.00 0.00 0.00 0.00 0.00 0.00 0.00 0.00 0.00 0.00 0.00 0.00 0.00 0.00 0.00 0.00 0.00 0.00 0.00 0.00 0.00 0.00 0.00 0.00 0.00 0.00 0.00 0.00 0.00 0.00 0.00 0.00 0.00 0.00 0.00 0.00 0.00 0.00 0.00 0.00 0.00 0.00 0.00 0.00 0.00 0.00 0.00 0.00 0.00 0.00 0.00 0.00 0.00 0.00 0.00 0.00 0.00 0.00 0.00 0.00 0.00 0.00 0.00 0.00 0.00 0.00 0.00 0.00 0.00 0.00 0.00 0.00 0.00 0.00 0.00 0.00 0.00 0.00 0.00 0.00 0.00 0.00 0.00 0.00 0.00 0.00 0.00 0.00 0.00 0.00 0.00 0.00 0.00 0.00 0.00 0.00 0.00 0.00 0.00 0.00 0.00 0.00 0.00 0.00 0.00 0.00 0.00 0.00 0.00 0.00 0.00 0.00 0.00 0.00 0.00 0.00 0.00 0.00 0.00 0.00 0.00 0.00 0.00 0.00 0.00 0.00 0.00 0.00 0.00 0.00 0.00 0.00 0.00 0.00 0.00 0.00 0.00 0.00 0.00 0.00 0.00 0.00 0.00 0.00 0.00 0.00 0.00 0.00 0.00 0.00 0.00 0.00 0.00 0.00 0.00 0.00 0.00 0.00 0.00 0.00 0.00 0.00 0.00 0.00 0.00 0.00 0.00 0.00 0.00 0.00 0.00 0.00 0.00 0.00 0.00 0.00 0.00 0.00 0.00 0.00 0.00 0.00 0.00 0.00 0.00 0.00 0.00 0.00 0.00 0.00 0.00 0.00 0.00 0.00 0.00 0.00 0.00 0.00 0.00 0.00 0.00 0.00 0.00 0.00 0.00 0.00 0.00 0.00 0.00 0.00 0.00 0.00 0.00 0.00 0.00 0.00 0.00 0.00 0.00 0.00 0.00 0.00 0.00 0.00 0.00 0.00 0.00 0.00 0.00 0.00 0.00 0.00 0.00 0.00 0.00 0.00 0.00 0.00 0.00 0.00 0.00 0.00 0.00 0.00 0.00 0.00 0.00 0.00 0.00 0.00 0.00 0.00 0.00 0.00 0.00 0.00 0.00 0.00 0.00 0.00 0.00 0.00 0.00 0.00 0.00 0.00 0.00 0.00 0.00 0.00 0.00 0.00 0.00 0.00 0.00 0.00 0.00 0.00 0.00 0.00 0.00 0.00 0.00 0.00 0.00 0.00 0.00 0.00 0.00 0.00 0.00 0.00 0.00 0.00 0.00 0.00 0.00 0.00 0.00 0.00 0.00 0.00 0.00 0.00 0.00 0.00 0.00 0.00 0.00 0.00 0.00 0.00 0.00 0.00 0.00 0.00 0.00 0.00 0.00 0.00 0.00 0.00 0.00 0.00 0.00 0.00 0.00 0.00 0.00 0.00 0.00 0.00 0.00 0.00 0.00 0.00 0.00 0.00 0.00 0.00 0.00 0.00 0.00 0.00 0.00 0.00 0.00 0.00 0.00 0.00 0.00 0.00 0.00 0.00 0.00 0.00 0.00 0.00 0.00 0.00 0.00 0.00 0.00 0.00 0.00 0.00 0.00 0.00 0.00 0.00 0.00 0.00 0.00 0.00 0.00 0.00 0.00 0.00 0.00 0.00 0.00 0.00 0.00 0.00 0.00 0.00 0.00 0.00 0.00 0.00 0.00 0.00 0.00 0.00 0.00 0.00 0.00 0.00 0.00 0.00 0.00 0.00 0.00 0.00 0.00 0.00 0.00 0.00 0.00 0.00 0.00 0.00 0.00 0.00 0.00 0.00 0.00 0.00 0.00 0.00 0.00 0.00 0.00 0.00 0.00 0.00 0.00 0.00 0.00 0.00 0.00 0.00 0.00 0.00 0.00 0.00 0.00 0.00 0.00 0.00 0.00 0.00 0.00 0.00 0.00 0.00 0.00 0.00 0.00 0.00 0.00 0.00 0.00 0.00 0.00 0.00 0.00 0.00 0.00 0.00 0.00 0.00 0.00 0.00 0.00 0.00 0.00 0.00 0.00 0.00 0.00 0.00 0.00 0.00 0.00 0.00 0.00 0.00 0.00 0.00 0.00 0.00 0.00 0.00 0.00 0.00 0.00 0.00 0.00 0.00 0.00 0.00 0.00 0.00 0.00 0.00 0.00 0.00 0.00 0.00 0.00 0.00 0.00 0.00 0.00 0.00 0.00 0.00 0.00 0.00 0.00 0.00 0.00 0.00 0.00 0.00 0.00 0.00 0.00 0.00 0.00 0.00 0.00 0.00 0.00 0.00 0.00 0.00 0.00 0.00 0.00 0.00 0.00 0.00 0.00 0.00 0.00 0.00 0.00 0.00 0.00 0.00 0.00 0.00 0.00 0.00 0.00 0.00 0.00 0.00 0.00 0.00 0.00 0.00 0.00 0.00 0.00 0.00 0.00 0.00 0.00 0.00 0.00 0.00 0.00 0.00 0.00 0.00 0.00 0.00 0.00 0.00 0.00 0.00 0.00 0.00 0.00 0.00 0.00 0.00 0.00 0.00 0.00 0.00 0.00 0.00 0.00 0.00 0.00 0.00 0.00 0.00 0.00 0.00 0.00 0.00 0.00 0.00 0.00 0.00 0.00 0.00 0.00 0.00 0.00 0.00 0.00 0.00 0.00 0.00 0.00 0.00 0.00 0.00 0.00 0.00 0.00 0.00 0.00 0.00 0.00 0.00 0.00 0.00 0.00 0.00 0.00 0.00 0.00 0.00 0.00 0.00 0.00 0.00 0.00 0.00 0.00 0.00 0.00 0.00 0.00 0.00 0.00 0.00 0.00 0.00 0.00 0.00 0.00 0.00 0.00 0.00 0.00 0.00 0.00 0.00 0.00 0.00 0.00 0.00 0.00 0.00 0.00 0.00 0.00 0.00 0.00 0.00 0.00 0.00 0.00 0.00 0.00 0.00 0.00 0.00 0.00 0.00 0.00 0.00 0.00 0.00 0.00 0.00 0.00 0.00 0.00 0.00 0.00 0.00 0.00 0.00 0.00 0.00 0.00 0.00 0.00 0.00 0.00 0.00 0.00 0.00 0.00 0.00 0.00 0.00 0.00 0.00 0.00 0.00 0.00 0.00 0.00 0.00 0.00 0.00 0.00 0.00 0.00 0.00 0.00 0.00 0.00 0.00 0.00 0.00 0.00 0.00 0.00 0.00 0.00 0.00 0.00 0.00 0.00 0.00 0.00 0.00 0.00 0.00 0.00 0.00 0.00 0.00 0.00 0.00 0.00 0.00 0.00 0.00 0.00 0.00 0.00 0.00 0.00 0.00 0.00 0.00 0.00 0.00 0.00 0.00 0.00 0.00 0.00 0.00 0.00 0.00 0.00 0.00 0.00 0.00 0.00 0.00 0.00 0.00 0.00 0.00 0.00 0.00 0.00 0.00 0.00 0.00 0.00 0.00 0.00 0.00 0.00 0.00 0.00 0.00 0.00 0.00 0.00 0.00 0.00 0.00 0.00 0.00 0.00 0.00 0.00 0.00 0.00 0.00 0.00 0.00 0.00 0.00 0.00 0.00 0.00 0.00 0.00 0.00 0.00 0.00 0.00 0.00 0.00 0.00 0.00 0.00 0.00 0.00 0.00 0.00 0.00 0.00 0.00 0.00 0.00 0.00 0.00 0.00 0.00 0.00 0.00 0.00 0.00 0.00 0.00 0.00 0.00 0.00 0.00 0.00 0.00 0.00 0.00 0.00 0.00 0.00 0.00 0.00 0.00 0.00 0.00 0.00 0.00 0.00 0.00 0.00 0.00 0.00 0.00 0.00 0.00 0.00 0.00 0.00 0.00 0.00 0.00 0.00 0.00 0.00 0.00 0.00 0.00 0.00 0.00 0.00 0.00 0.00 0.00 0.00 0.00 0.00 0.00 0.00 0.00 0.00 0.00 0.00 0.00 0.00 0.00 0.00 0.00 0.00 0.00 0.00 0.00 0.00 0.00 0.00 0.00 0.00 0.00 0.00 0.00 0.00 0.00 0.00 0.00 0.00 0.00 0.00 0.00 0.00 0.00 0.00 0.00 0.00 0.00 0.00 0.00 0.00 0.00 0.00 0.00 0.00 0.00 0.00 0.00 0.00 0.00 0.00 0.00 0.00 0.00 0.00 0.00 0.00 0.00 0.00 0.00 0.00 0.00 0.00 0.00 0.00 0.00 0.00 0.00 0.00 0.00 0.00 0.00 0.00 0.00 0.00 0.00 0.00 0.00 0.00 0.00 0.00 0.00 0.00 0.00 0.00 0.00 0.00 0.00 0.00 0.00 0.00 0.00 0.00 0.00 0.00 0.00 0.00 0.00 0.00 0.00 0.00 0.00 0.00 0.00 0.00 0.00 0.00 0.00 0.00 0.00 0.00 0.00 0.00 0.00 0.00 0.00 0.00 0.00 0.00 0.00 0.00 0.00 0.00 0.00 0.00 0.00 0.00 0.00 0.00 0.00 0.00 0.00 0.00 0.00 0.00 0.00 0.00 0.00 0.00 0.00 0.00 0.00 0.00 0.00 0.00 0.00 0.00 0.00 0.00 0.00 0.00 0.00 0.00 0.00 0.00 0.00 0.00 0.00 0.00 0.00 0.00 0.00 0.00 0.00 0.00 0.00 0.00 0.00 0.00 0.00 0.00 0.00 0.00 0.00 0.00 0.00 0.00 0.00 0.00 0.00 0.00 0.00 0.00 0.00 0.00 0.00 0.00 0.00 0.00 0.00 0.00 0.00 0.00 0.00 0.00 0.00 0.00 0.00 0.00 0.00 0.00 0.00 0.00 0.00 0.00 0.00 0.00 0.00 0.00 0.00 0.00 0.00 0.00 0.00 0.00 0.00 0.00 0.00 0.00 0.00 0.00 0.00 0.00 0.00 0.00 0.00 0.00 0.00 0.00 0.00 0.00 0.00 0.00 0.00 0.00 0.00 0.00 0.00 0.00 0.00 0.00 0.00 0.00 0.00 0.00 0.00 0.00 0.00 0.00 0.00 0.00 0.00 0.00 0.00 0.00 0.00 0.00 0.00 0.00 0.00 0.00 0.00 0.00 0.00 0.00 0.00 0.00 0.00 0.00 0.00 0.00 0.00 0.00 0.00 0.00 0.00 0.00 0.00 0.00 0.00 0.00 0.00 0.00 0.00 0.00 0.00 0.00 0.00 0.00 0.00 0.00 0.00 0.00 0.00 0.00 0.00 0.00 0.00 0.00 0.00 0.00 0.00 0.00 0.00 0.00 0.00 0.00 0.00 0.00 0.00 0.00 0.00 0.00 0.00 0.00 0.00 0.00 0.00 0.00 0.00 0.00 0.00 0.00 0.00 0.00 0.00 0.00 0.00 0.00 0.00 0.00 0.00 0.00 0.00 0.00 0.00 0.00 0.00 0.00 0.00 0.00 0.00 0.00 0.00 0.00 0.00 0.00 0.00 0.00 0.00 0.00 0.00 0.00 0.00 0.00 0.00 0.00 0.00 0.00 0.00 0.00 0.00 0.00 0.00 0.00 0.00 0.00 0.00 0.00 0.00 0.00 0.00 0.00 0.00 0.00 0.00 0.00 0.00 0.00 0.00 0.00 0.00 0.00 0.00 0.00 0.00 0.00 0.00 0.00 0.00 0.00 0.00 0.00 0.00 0.00 0.00 0.00 0.00 0.00 0.00 0.00 0.00 0.00 0.00 0.00 0.00 0.00 0.00 0.00 0.00 0.00 0.00 0.00 0.00 0.00 0.00 0.00 0.00 0.00 0.00 0.00 0.00 0.00 0.00 0.00 0.00 0.00 0.00 0.00 0.00 0.00 0.00 0.00 0.00 0.00 0.00 0.00 0.00 0.00 0.00 0.00 0.00 0.00 0.00 0.00 0.00 0.00 0.00 0.00 0.00 0.00 0.00 0.00 0.00 0.00 0.00 0.00 0.00 0.00 0.00 0.00 0.00 0.00 0.00 0.00 0.00 0.00 0.00 0.00 0.00 0.00 0.00 0.00 0.00 0.00 0.00 0.00 0.00 0.00 0.00 0.00 0.00 0.00 0.00 0.00 0.00 0.00 0.00 0.00 0.00 0.00 0.00 0.00 0.00 0.00 0.00 0.00 0.00 0.00 0.00 0.00 0.00 0.00 0.00 0.00 0.00 0.00 0.00 0.00 0.00 0.00 0.00 0.00 0.00 0.00 0.00 0.00 0.00 0.00 0.00 0.00 0.00 0.00 0.00 0.00 0.00 0.00 0.00 0.00 0.00 0.00 0.00 0.00 0.00 0.00 0.00 0.00 0.00 0.00 0.00 0.00 0.00 0.00 0.00 0.00 0.00 0.00 0.00 0.00 0.00 0.00 0.00 0.00 0.00 0.00 0.00 0.00 0.00 0.00 0.00 0.00 0.00 0.00 0.00 0.00 0.00 0.00 0.00 0.00 0.00 0.00 0.00 0.00 0.00 0.00 0.00 0.00 0.00 0.00 0.00 0.00 0.00 0.00 0.00 0.00 0.00 0.00 0.00 0.00 0.00 0.00 0.00 0.00 0.00 0.00 0.00 0.00 0.00 0.00 0.00 0.00 0.00 0.00 0.00 0.00 0.00 0.00 0.00 0.00 0.00 0.00 0.00 0.00 0.00 0.00 0.00 0.00 0.00 0.00 0.00 0.00 0.00 0.00 0.00 0.00 0.00 0.00 0.00 0.00 0.00 0.00 0.00 0.00 0.00 0.00 0.00 0.00 0.00 0.00 0.00 0.00 0.00 0.00 0.00 0.00 0.00 0.00 0.00 0.00 0.00 0.00 0.00 0.00 0.00 0.00 0.00 0.00 0.00 0.00 0.00 0.00 0.00 0.00 0.00 0.00 0.00 0.00 0.00 0.00 0.00 0.00 0.00 0.00 0.00 0.00 0.00 0.00 0.00 0.00 0.00 0.00 0.00 0.00 0.00 0.00 0.00 0.00 0.00 0.00 0.00 0.00 0.00 0.00 0.00 0.00 0.00 0.00 0.00 0.00 0.00 0.00 0.00 0.00 0.00 0.00 0.00 0.00 0.00 0.00 0.00 0.00 0.00 0.00 0.00 0.00 0.00 0.00 0.00 0.00 0.00 0.00 0.00 0.00 0.00 0.00 0.00 0.00 0.00 0.00 0.00 0.00 0.00 0.00 0.00 0.00 0.00 0.00 0.00 0.00 0.00 0.00 0.00 0.00 0.00 0.00 0.00 0.00 0.00 0.00 0.00 0.00 0.00 0.00 0.00 0.00 0.00 0.00 0.00 0.00 0.00 0.00 0.00 0.00 0.00 0.00 0.00 0.00 0.00 0.00 0.00 0.00 0.00 0.00 0.00 0.00 0.00 0.00 0.00 0.00 0.00 0.00 0.00 0.00 0.00 0.00 0.00 0.00 0.00 0.00 0.00 0.00 0.00 0.00 0.00 0.00 0.00 0.00 0.00 0.00 0.00 0.00 0.00 0.00 0.00 0.00 0.00 0.00 0.00 0.00 0.00 0.00 0.00 0.00 0.00 0.00 0.00 0.00 0.00 0.00 0.00 0.00 0.00 0.00 0.00 0.00 0.00 0.00 0.00 0.00 0.00 0.00 0.00 0.00 0.00 0.00 0.00 0.00 0.00 0.00 0.00 0.00 0.00 0.00 0.00 0.00 0.00 0.00 0.00 0.00 0.00 0.00 0.00 0.00 0.00 0.00 0.00 0.00 0.00 0.00 0.00 0.00 0.00 0.00 0.00 0.00 0.00 0.00 0.00 0.00 0.00 0.00 0.00 0.00 0.00 0.00 0.00 0.00 0.00 0.00 0.00 0.00 0.00 0.00 0.00 0.00 0.00 0.00 0.00 0.00 0.00 0.00 0.00 0.00 0.00 0.00 0.00 0.00 0.00 0.00 0.00 0.00 0.00 0.00 0.00 0.00 0.00 0.00 0.00 0.00 0.00 0.00 0.00 0.00 0.00 0.00 0.00 0.00 0.00 0.00 0.00 0.00 0.00 0.00 0.00 0.00 0.00 0.00 0.00 0.00 0.00 0.00 0.00 0.00 0.00 0.00 0.00 0.00 0.00 0.00 0.00 0.00 0.00 0.00 0.00 0.00 0.00 0.00 0.00 0.00 0.00 0.00 0.00 0.00 0.00 0.00 0.00 0.00 0.00 0.00 0.00 0.00 0.00 0.00 0.00 0.00 0.00 0.00 0.00 0.00 0.00 0.00 0.00 0.00 0.00 0.00 0.00 0.00 0.00 0.00 0.00 0.00 0.00 0.00 0.00 0.00 0.00 0.00 0.00 0.00 0.00 0.00 0.00 0.00 0.00 0.00 0.00 0.00 0.00 0.00 0.00 0.00 0.00 0.00 0.00 0.00 0.00 0.00 0.00 0.00 0.00 0.00 0.00 0.00 0.00 0.00 0.00 0.00 0.00 0.00 0.00 0.00 0.00 0.00 0.00 0.00 0.00 0.00 0.00 0.00 0.00 0.00 0.00 0.00 0.00 0.00 0.00 0.00 0.00 0.00 0.00 0.00 0.00 0.00 0.00 0.00 0.00 0.00 0.00 0.00 0.00 0.00 0.00 0.00 0.00 0.00 0.00 0.00 0.00 0.00 0.00 0.00 0.00 0.00 0.00 0.00 0.00 0.00 0.00 0.00 0.00 0.00 0.00 0.00 0.00 0.00 0.00 0.00 0.00 0.00 0.00 0.00 0.00 0.00 0.00 0.00 0.00 0.00 0.00 0.00 0.00 0.00 0.00 0.00 0.00 0.00 0.00 0.00 0.00 0.00 0.00 0.00 0.00 0.00 0.00 0.00 0.00 0.00 0.00 0.00 0.00 0.00 0.00 0.00 0.00 0.00 0.00 0.00 0.00 0.00 0.00 0.00 0.00 0.00 0.00 0.00 0.00 0.00 0.00 0.00 0.00 0.00 0.00 0.00 0.00 0.00 0.00 0.00 0.00 0.00 0.00 0.00 0.00 0.00 0.00 0.00 0.00 0.00 0.00 0.00 0.00 0.00 0.00 0.00 0.00 0.00 0.00 0.00 0.00 0.00 0.00 0.00 0.00 0.00 0.00 0.00 0.00 0.00 0.00 0.00 0.00 0.00 0.00 0.00 0.00 0.00 0.00 0.00 0.00 0.00 0.00 0.00 0.00 0.00 0.00 0.00 0.00 0.00 0.00 0.00 0.00 0.00 0.00 0.00 0.00 0.00 0.00 0.00 0.00 0.00 0.00 0.00 0.00 0.00 0.00 0.00 0.00 0.00 0.00 0.00 0.00 0.00 0.00 0.00 0.00 0.00 0.00 0.00 0.00 0.00 0.00 0.00 0.00 0.00 0.00 0.00 0.00 0.00 0.00 0.00 0.00 0.00 0.00 0.00 0.00 0.00 0.00 0.00 0.00 0.00 0.00 0.00 0.00 0.00 0.00 0.00 0.00 0.00 0.00 0.00 0.00 0.00 0.00 0.00 0.00 0.00 0.00 0.00 0.00 0.00 0.00 0.00 0.00 0.00 0.00 0.00 0.00 0.00 0.00 0.00 0.00 0.00 0.00 0.00 0.00 0.00 0.00 0.00 0.00 0.00 0.00 0.00 0.00 0.00 0.00 0.00 0.00 0.00 0.00 0.00 0.00 0.00 0.00 0.00 0.00 0.00 0.00 0.00 0.00 0.00 0.00 0.00 0.00 0.00 0.00 0.00 0.00 0.00 0.00 0.00 0.00 0.00 0.00 0.00 0.00 0.00 0.00 0.00 0.00 0.00 0.00 0.00 0.00 0.00 0.00 0.00 0.00 0.00 0.00 0.00 0.00 0.00 0.00 0.00 0.00 0.00 0.00 0.00 0.00 0.00 0.00 0.00 0.00 0.00 0.00 0.00 0.00 0.00 0.00 0.00 0.00 0.00 0.00 0.00 0.00 0.00 0.00 0.00 0.00 0.00 0.00 0.00 0.00 0.00 0.00 0.00 0.00 0.00 0.00 0.00 0.00 0.00 0.00 0.00 0.00 0.00 0.00 0.00 0.00 0.00 0.00 0.00 0.00 0.00 0.00 0.00 0.00 0.00 0.00 0.00 0.00 0.00 0.00 0.00 0.00 0.00 0.00 0.00 0.00 0.00 0.00 0.00 0.00 0.00 0.00 0.00 0.00 0.00 0.00 0.00 0.00 0.00 0.00 0.00 0.00 0.00 0.00 0.00 0.00 0.00 0.00 0.00 0.00 0.00 0.00 0.00 0.00 0.00 0.00 0.00 0.00 0.00 0.00 0.00 0.00 0.00 0.00 0.00 0.00 0.00 0.00 0.00 0.00 0.00 0.00 0.00 0.00 0.00 0.00 0.00 0.00 0.00 0.00 0.00 0.00 0.00 0.00 0.00 0.00 0.00 0.00 0.00 0.00 0.00 0.00 0.00 0.00 0.00 0.00 0.00 0.00 0.00 0.00 0.00 0.00 0.00 0.00 0.00 0.00 0.00 0.00 0.00 0.00 0.00 0.00 0.00 0.00 0.00 0.00 0.00 0.00 0.00 0.00 0.00 0.00 0.00 0.00 0.00 0.00 0.00 0.00 0.00 0.00 0.00 0.00 0.00 0.00 0.00 0.00 0.00 0.00 0.00 0.00 0.00 0.00 0.00 0.00 0.00 0.00 0.00 0.00 0.00 0.00 0.00 0.00 0.00 0.00 0.00 0.00 0.00 0.00 0.00 0.00 0.00 0.00 0.00 0.00 0.00 0.00 0.00 0.00 0.00 0.00 0.00 0.00 0.00 0.00 0.00 0.00 0.00 0.00 0.00 0.00 0.00 0.00 0.00 0.00 0.00 0.00 0.00 0.00 0.00 0.00 0.00 0.00 0.00 0.00 0.00 0.00 0.00 0.00 0.00 0.00 0.00 0.00 0.00 0.00 0.00 0.00 0.00 0.00 0.00 0.00 0.00 0.00 0.00 0.00 0.00 0.00 0.00 0.00 0.00 0.00 0.00 0.00 0.00 0.00 0.00 0.00 0.00 0.00 0.00 0.00 0.00 0.00 0.00 0.00 0.00 0.00 0.00 0.00 0.00 0.00 0.00 0.00 0.00 0.00 0.00 0.00 0.00 0.00 0.00 0.00 0.00 0.00 0.00 0.00 0.00 0.00 0.00 0.00 0.00 0.00 0.00 0.00 0.00 0.00 0.00 0.00 0.00 0.00 0.00 0.00 0.00 0.00 0.00 0.00 0.00 0.00 0.00 0.00 0.00 0.00 0.00 0.00 0.00 0.00 0.00 0.00 0.00 0.00 0.00 0.00 0.00 0.00 0.00 0.00 0.00 0.00 0.00 0.00 0.00 0.00 0.00 0.00 0.00 0.00 0.00 0.00 0.00 0.00 0.00 0.00 0.00 0.00 0.00 0.00 0.00 0.00 0.00 0.00 0.00 0.00 0.00 0.00 0.00 0.00 0.00 0.00 0.00 0.00 0.00 0.00 0.00 0.00 0.00 0.00 0.00 0.00 0.00 0.00 0.00 0.00 0.00 0.00 0.00 0.00 0.00 0.00 0.00 0.00 0.00 0.00 0.00 0.00 0.00 0.00 0.00 0.00 0.00 0.00 0.00 0.00 0.00 0.00 0.00 0.00 0.00 0.00 0.00 0.00 0.00 0.00 0.00 0.00 0.00 0.00 0.00 0.00 0.00 0.00 0.00 0.00 0.00 0.00 0.00 0.00 0.00 0.00 0.00 0.00 0.00 0.00 0.00 0.00 0.00 0.00 0.00 0.00 0.00 0.00 0.00 0.00 0.00 0.00 0.00 0.00 0.00 0.00 0.00 0.00 0.00 0.00 0.00 0.00 0.00 0.00 0.00 0.00 0.00 0.00 0.00 0.00 0.00 0.00 0.00 0.00 0.00 0.00 0.00 0.00 0.00 0.00 0.00 0.00 0.00 0.00 0.00 0.00 0.00 0.00 0.00 0.00 0.00 0.00 0.00 0.00 0.00 0.00 0.00 0.00 0.00 0.00 0.00 0.00 0.00 0.00 0.00 0.00 0.00 0.00 0.00 0.00 0.00 0.00 0.00 0.00 0.00 0.00 0.00 0.00 0.00 0.00 0.00 0.00 0.00 0.00 0.00 0.00 0.00 0.00 0.00 0.00 0.00 0.00 0.00 0.00 0.00 0.00 0.00 0.00 0.00 0.00 0.00 0.00 0.00 0.00 0.00 0.00 0.00 0.00 0.00 0.00 0.00 0.00 0.00 0.00 0.00 0.00 0.00 0.00 0.00 0.00 0.00 0.00 0.00 0.00 0.00 0.00 0.00 0.00 0.00 0.00 0.00 0.00 0.00 0.00 0.00 0.00 0.00 0.00 0.00 0.00 0.00 0.00 0.00 0.00 0.00 0.00 0.00 0.00 0.00 0.00 0.00 0.00 0.00 0.00 0.00 0.00 0.00 0.00 0.00 0.00 0.00 0.00 0.00 0.00 0.00 0.00 0.00 0.00 0.00 0.00 0.00 0.00 0.00 0.00 0.00 0.00 0.00 0.00 0.00 0.00 0.00 0.00 0.00 0.00 0.00 0.00 0.00 0.00 0.00 0.00 0.00 0.00 0.00 0.00 0.00 0.00 0.00 0.00 0.00 0.00 0.00 0.00 0.00 0.00 0.00 0.00 0.00 0.00 0.00 0.00 0.00 0.00 0.00 0.00 0.00 0.00 0.00 0.00 0.00 0.00 0.00 0.00 0.00 0.00 0.00 0.00 0.00 0.00 0.00 0.00 0.00 0.00 0.00 0.00 0.00 0.00 0.00 0.00 0.00 0.00 0.00 0.00 0.00 0.00 0.00 0.00 0.00 0.00 0.00 0.00 0.00 0.00 0.00 0.00 0.00 0.00 0.00 0.00 0.00 0.00 0.00 0.00 0.00 0.00 0.00 0.00 0.00 0.00 0.00 0.00 0.00 0.00 0.00 0.00 0.00 0.00 0.00 0.00 0.00 0.00 0.00 0.00 0.00 0.00 0.00 0.00 0.00 0.00 0.00 0.00 0.00 0.00 0.00 0.00 0.00 0.00 0.00 0.00 0.00 0.00 0.00 0.00 0.00 0.00 0.00 0.00 0.00 0.00 0.00 0.00 0.00 0.00 0.00 0.00 0.00 0.00 0.00 0.00 0.00 0.00 0.00 0.00 0.00 0.00 0.00 0.00 0.00 0.00 0.00 0.00 0.00 0.00 0.00 0.00 0.00 0.00 0.00 0.00 0.00 0.00 0.00 0.00 0.00 0.00 0.00 0.00 0.00 0.00 0.00 0.00 0.00 0.00 0.00 0.00 0.00 0.00 0.00 0.00 0.00 0.00 0.00 0.00 0.00 0.00 0.00 0.00 0.00 0.00 0.00 0.00 0.00 0.00 0.00 0.00 0.00 0.00 0.00 0.00 0.00 0.00 0.00 0.00 0.00 0.00 0.00 0.00 0.00 0.00 0.00 0.00 0.00 0.00 0.00 0.00 0.00 0.00 0.00 0.00 0.00 0.00 0.00 0.00 0.00 0.00 0.00 0.00 0.00 0.00 0.00 0.00 0.00 0.00 0.00 0.00 0.00 0.00 0.00 0.00 0.00 0.00 0.00 0.00 0.00 0.00 0.00 0.00 0.00 0.00 0.00 0.00 0.00 0.00 0.00 0.00 0.00 0.00 0.00 0.00 0.00 0.00 0.00 0.00 0.00 0.00 0.00 0.00 0.00 0.00 0.00 0.00 0.00 0.00 0.00 0.00 0.00 0.00 0.00 0.00 0.00 0.00 0.00 0.00 0.00 0.00 0.00 0.00 0.00 0.00 0.00 0.00 0.00 0.00 0.00 0.00 0.00 0.00 0.00 0.00 0.00 0.00 0.00 0.00 0.00 0.00 0.00 0.00 0.00 0.00 0.00 0.00 0.00 0.00 0.00 0.00 0.00 0.00 0.00 0.00 0.00 0.00 0.00 0.00 0.00 0.00 0.00 0.00 0.00 0.00 0.00 0.00 0.00 0.00 0.00 0.00 0.00 0.00 0.00 0.00 0.00 0.00 0.00 0.00 0.00 0.00 0.00 0.00 0.00 0.00 0.00 0.00 0.00 0.00 0.00 0.00 0.00 0.00 0.00 0.00 0.00 0.00 0.00 0.00 0.00 0.00 0.00 0.00 0.00 0.00 0.00 0.00 0.00 0.00 0.00 0.00 0.00 0.00 0.00 0.00 0.00 0.00 0.00 0.00 0.00 0.00 0.00 0.00 0.00 0.00 0.00 0.00 0.00 0.00 0.00 0.00 0.00 0.00 0.00 0.00 0.00 0.00 0.00 0.00 0.00 0.00 0.00 0.00 0.00 0.00 0.00 0.00 0.00 0.00 0.00 0.00 0.00 0.00 0.00 0.00 0.00 0.00 0.00 0.00 0.00 0.00 0.00 0.00 0.00 0.00 0.00 0.00 0.00 0.00 0.00 0.00 0.00 0.00 0.00 0.00 0.00 0.00 0.00 0.00 0.00 0.00 0.00 0.00 0.00 0.00 0.00 0.00 0.00 0.00 0.00 0.00 0.00 0.00 0.00 0.00 0.00 0.00 0.00 0.00 0.00 0.00 0.00 0.00 0.00 0.00 0.00 0.00 0.00 0.00 0.00 0.00 0.00 0.00 0.00 0.00 0.00 0.00 0.00 0.00 0.00 0.00 0.00 0.00 0.00 0.00 0.00 0.00 0.00 0.00 0.00 0.00 0.00 0.00 0.00 0.00 0.00 0.00 0.00 0.00 0.00 0.00 0.00 0.00 0.00 0.00 0.00 0.00 0.00 0.00 0.00 0.00 0.00 0.00 0.00 0.00 0.00 0.00 0.00 0.00 0.00 0.00 0.00 0.00 0.00 0.00 0.00 0.00 0.00 0.00 0.00 0.00 0.00 0.00 0.00 0.00 0.00 0.00 0.00 0.00 0.00 0.00 0.00 0.00 0.00 0.00 0.00 0.00 0.00 0.00 0.00 0.00 0.00 0.00 0.00 0.00 0.00 0.00 0.00 0.00 0.00 0.00 0.00 0.00 0.00 0.00 0.00 0.00 0.00 0.00 0.00 0.00 0.00 0.00 0.00 0.00 0.00 0.00 0.00 0.00 0.00 0.00 0.00 0.00 0.00 0.00 0.00 0.00 0.00 0.00 0.00 0.00 0.00 0.00 0.00 0.00 0.00 0.00 0.00 0.00 0.00 0.00 0.00 0.00 0.00 0.00 0.00 0.00 0.00 0.00 0.00 0.00 0.00 0.00 0.00 0.00 0.00 0.00 0.00 0.00 0.00 0.00 0.00 0.00 0.00 0.00 0.00 0.00 0.00 0.00 0.00 0.00 0.00 0.00 0.00 0.00 0.00 0.00 0.00 0.00 0.00 0.00 0.00 0.00 0.00 0.00 0.00 0.00 0.00 0.00 0.00 0.00 0.00 0.00 0.00 0.00 0.00 0.00 0.00 0.00 0.00 0.00 0.00 0.00 0.00 0.00 0.00 0.00 0.00 0.00 0.00 0.00 0.00 0.00
height.size=4883
height.data=25.71 390.46 755.08 1119.46 1483.49 1847.06 2210.07 2572.39 2933.92 3294.55 3654.17 4012.67 4369.94 4725.87 5080.36 5433.29 5784.56 6134.06 6481.69 25.96 392.45 758.81 1124.94 1490.71 1856.03 2220.76 2584.82 2948.08 3310.44 3671.78 4031.99 4390.97 4748.60 5104.78 5459.40 5812.35 6163.53 6512.82 26.21 394.44 762.55 1130.42 1497.93 1864.99 2231.46 2597.25 2962.24 3326.32 3689.38 4051.31 4412.00 4771.33 5129.21 5485.52 5840.15 6192.99 6543.94 26.45 396.44 766.29 1135.90 1505.16 1873.95 2242.16 2609.68 2976.40 3342.21 3706.99 4070.63 4433.03 4794.06 5153.64 5511.63 5867.94 6222.46 6575.07 26.70 398.43 770.03 1141.38 1512.38 1882.91 2252.86 2622.12 2990.56 3358.09 3724.59 4089.95 4454.06 4816.80 5178.06 5537.74 5895.73 6251.92 6606.20 26.96 400.43 773.77 1146.87 1519.61 1891.88 2263.56 2634.55 3004.73 3373.98 3742.20 4109.27 4475.09 4839.53 5202.49 5563.86 5923.53 6281.39 6637.33 27.21 402.43 777.51 1152.35 1526.84 1900.84 2274.27 2646.99 3018.89 3389.87 3759.81 4128.60 4496.12 4862.26 5226.92 5589.98 5951.33 6310.86 6668.46 27.46 404.42 781.26 1157.84 1534.06 1909.81 2284.97 2659.42 3033.06 3405.76 3777.42 4147.92 4517.15 4885.00 5251.35 5616.10 5979.12 6340.32 6699.59 27.72 406.42 785.00 1163.33 1541.29 1918.78 2295.67 2671.86 3047.23 3421.66 3795.03 4167.25 4538.19 4907.74 5275.78 5642.22 6006.92 6369.79 6730.72 27.97 408.43 788.75 1168.82 1548.52 1927.75 2306.38 2684.30 3061.39 3437.55 3812.65 4186.58 4559.22 4930.47 5300.22 5668.34 6034.72 6399.27 6761.85 28.23 410.43 792.49 1174.31 1555.75 1936.72 2317.09 2696.74 3075.56 3453.44 3830.26 4205.91 4580.26 4953.21 5324.65 5694.46 6062.52 6428.74 6792.99 28.49 412.43 796.24 1179.80 1562.99 1945.69 2327.80 2709.18 3089.73 3469.34 3847.88 4225.24 4601.30 4975.95 5349.09 5720.58 6090.33 6458.21 6824.12 28.75 414.44 799.99 1185.29 1570.22 1954.66 2338.51 2721.62 3103.91 3485.23 3865.49 4244.57 4622.34 4998.70 5373.52 5746.70 6118.13 6487.69 6855.26 29.01 416.44 803.74 1190.78 1577.46 1963.64 2349.22 2734.07 3118.08 3501.13 3883.11 4263.90 4643.38 5021.44 5397.96 5772.83 6145.93 6517.16 6886.39 29.27 418.45 807.49 1196.28 1584.69 1972.61 2359.93 2746.51 3132.25 3517.03 3900.73 4283.23 4664.42 5044.18 5422.40 5798.96 6173.74 6546.64 6917.53 29.53 420.46 811.24 1201.77 1591.93 1981.59 2370.64 2758.96 3146.43 3532.93 3918.35 4302.57 4685.46 5066.93 5446.84 5825.08 6201.55 6576.11 6948.67 29.80 422.47 815.00 1207.27 1599.17 1990.57 2381.35 2771.41 3160.60 3548.83 3935.97 4321.90 4706.51 5089.67 5471.28 5851.21 6229.35 6605.59 6979.81 30.06 424.48 818.75 1212.77 1606.41 1999.55 2392.07 2783.85 3174.78 3564.73 3953.59 4341.24 4727.55 5112.42 5495.72 5877.34 6257.16 6635.07 7010.95 30.33 426.49 822.51 1218.27 1613.65 2008.53 2402.79 2796.30 3188.96 3580.64 3971.22 4360.58 4748.60 5135.17 5520.16 5903.47 6284.97 6664.55 7042.10 30.60 428.50 826.27 1223.77 1620.89 2017.51 2413.50 2808.75 3203.14 3596.54 3988.84 4379.91 4769.65 5157.92 5544.61 5929.60 6312.78 6694.04 7073.24 30.87 430.52 830.02 1229.27 1628.13 2026.49 2424.22 2821.21 3217.32 3612.45 4006.47 4399.25 4790.69 5180.67 5569.05 5955.74 6340.60 6723.52 7104.39 31.14 432.53 833.78 1234.77 1635.38 2035.48 2434.94 2833.66 3231.50 3628.35 4024.09 4418.59 4811.74 5203.42 5593.50 5981.87 6368.41 6753.00 7135.53 31.41 434.55 837.55 1240.28 1642.62 2044.46 2445.66 2846.11 3245.69 3644.26 4041.72 4437.94 4832.79 5226.17 5617.95 6008.00 6396.22 6782.49 7166.68 31.68 436.57 841.31 1245.78 1649.87 2053.45 2456.39 2858.57 3259.87 3660.17 4059.35 4457.28 4853.85 5248.92 5642.39 6034.14 6424.04 6811.97 7197.83 31.95 438.58 845.07 1251.29 1657.12 2062.43 2467.11 2871.03 3274.06 3676.08 4076.98 4476.62 4874.90 5271.68 5666.84 6060.28 6451.85 6841.46 7228.97 32.23 440.60 848.84 1256.80 1664.37 2071.42 2477.83 2883.48 3288.24 3691.99 4094.61 4495.97 4895.95 5294.43 5691.30 6086.41 6479.67 6870.95 7260.12 32.51 442.63 852.60 1262.31 1671.62 2080.41 2488.56 2895.94 3302.43 3707.91 4112.24 4515.32 4917.01 5317.19 5715.75 6112.55 6507.49 6900.44 7291.28 32.78 444.65 856.37 1267.82 1678.87 2089.40 2499.29 2908.40 3316.62 3723.82 4129.88 4534.66 4938.06 5339.95 5740.20 6138.69 6535.31 6929.93 7322.43 33.06 446.67 860.14 1273.33 1686.12 2098.39 2510.01 2920.86 3330.81 3739.73 4147.51 4554.01 4959.12 5362.71 5764.65 6164.84 6563.13 6959.42 7353.58 33.34 448.70 863.90 1278.84 1693.38 2107.39 2520.74 2933.32 3345.00 3755.65 4165.15 4573.36 4980.18 5385.47 5789.11 6190.98 6590.95 6988.91 7384.74 33.62 450.72 867.68 1284.35 1700.63 2116.38 2531.47 2945.79 3359.19 3771.57 4182.78 4592.72 5001.24 5408.23 5813.57 6217.12 6618.78 7018.41 7415.89 33.90 452.75 871.45 1289.87 1707.89 2125.38 2542.21 2958.25 3373.39 3787.49 4200.42 4612.07 5022.30 5430.99 5838.02 6243.27 6646.60 7047.90 7447.05 34.19 454.78 875.22 1295.38 1715.14 2134.37 2552.94 2970.72 3387.58 3803.41 4218.06 4631.42 5043.36 5453.76 5862.48 6269.41 6674.42 7077.40 7478.20 34.47 456.81 878.99 1300.90 1722.40 2143.37 2563.67 2983.19 3401.78 3819.33 4235.70 4650.78 5064.42 5476.52 5886.94 6295.56 6702.25 7106.89 7509.36 34.76 458.84 882.77 1306.42 1729.66 2152.37 2574.41 2995.65 3415.98 3835.25 4253.34 4670.13 5085.49 5499.29 5911.40 6321.71 6730.08 7136.39 7540.52 35.04 460.87 886.54 1311.94 1736.92 2161.37 2585.14 3008.12 3430.17 3851.17 4270.98 4689.49 5106.55 5522.05 5935.86 6347.86 6757.91 7165.89 7571.68 35.33 462.90 890.32 1317.46 1744.19 2170.37 2595.88 3020.59 3444.37 3867.10 4288.63 4708.85 5127.62 5544.82 5960.33 6374.01 6785.74 7195.39 7602.84 35.62 464.94 894.10 1322.98 1751.45 2179.37 2606.62 3033.06 3458.57 3883.02 4306.27 4728.21 5148.69 5567.59 5984.79 6400.16 6813.57 7224.89 7634.01 35.91 466.97 897.88 1328.50 1758.71 2188.38 2617.36 3045.54 3472.78 3898.95 4323.92 4747.57 5169.76 5590.36 6009.26 6426.31 6841.40 7254.39 7665.17 36.20 469.01 901.66 1334.03 1765.98 2197.38 2628.10 3058.01 3486.98 3914.87 4341.57 4766.93 5190.83 5613.13 6033.72 6452.46 6869.23 7283.90 7696.34 36.49 471.05 905.44 1339.55 1773.25 2206.39 2638.84 3070.49 3501.18 3930.80 4359.22 4786.29 5211.90 5635.91 6058.19 6478.62 6897.06 7313.40 7727.50 36.79 473.08 909.23 1345.08 1780.51 2215.39 2649.59 3082.96 3515.39 3946.73 4376.86 4805.65 5232.97 5658.68 6082.66 6504.77 6924.90 7342.91 7758.67 37.08 475.12 913.01 1350.61 1787.78 2224.40 2660.33 3095.44 3529.59 3962.66 4394.52 4825.02 5254.04 5681.45 6107.13 6530.93 6952.73 7372.41 7789.84 37.38 477.17 916.80 1356.14 1795.05 2233.41 2671.08 3107.92 3543.80 3978.60 4412.17 4844.38 5275.12 5704.23 6131.60 6557.09 6980.57 7401.92 7821.01 37.68 479.21 920.58 1361.67 1802.32 2242.42 2681.82 3120.40 3558.01 3994.53 4429.82 4863.75 5296.19 5727.01 6156.07 6583.25 7008.41 7431.43 7852.18 37.97 481.25 924.37 1367.20 1809.60 2251.43 2692.57 3132.88 3572.22 4010.46 4447.47 4883.12 5317.27 5749.79 6180.54 6609.41 7036.25 7460.94 7883.35 38.27 483.30 928.16 1372.73 1816.87 2260.44 2703.32 3145.36 3586.43 4026.40 4465.13 4902.49 5338.34 5772.56 6205.02 6635.57 7064.09 7490.45 7914.52 38.57 485.34 931.95 1378.26 1824.14 2269.46 2714.07 3157.84 3600.64 4042.34 4482.79 4921.86 5359.42 5795.34 6229.49 6661.73 7091.93 7519.96 7945.69 38.88 487.39 935.74 1383.80 1831.42 2278.47 2724.82 3170.33 3614.86 4058.27 4500.44 4941.23 5380.50 5818.13 6253.97 6687.89 7119.77 7549.47 7976.87 39.18 489.44 939.53 1389.33 1838.70 2287.49 2735.57 3182.81 3629.07 4074.21 4518.10 4960.60 5401.58 5840.91 6278.44 6714.06 7147.62 7578.99 8008.04 39.48 491.49 943.33 1394.87 1845.98 2296.51 2746.33 3195.30 3643.29 4090.15 4535.76 4979.98 5422.67 5863.69 6302.92 6740.22 7175.46 7608.50 8039.22 39.79 493.54 947.12 1400.41 1853.26 2305.53 2757.08 3207.79 3657.50 4106.09 4553.42 4999.35 5443.75 5886.48 6327.40 6766.39 7203.31 7638.02 8070.40 40.10 495.59 950.92 1405.95 1860.54 2314.55 2767.84 3220.28 3671.72 4122.04 4571.08 5018.73 5464.83 5909.26 6351.88 6792.56 7231.15 7667.54 8101.58 40.40 497.64 954.72 1411.49 1867.82 2323.57 2778.60 3232.77 3685.94 4137.98 4588.75 5038.11 5485.92 5932.05 6376.36 6818.73 7259.00 7697.06 8132.76 40.71 499.70 958.52 1417.03 1875.10 2332.59 2789.35 3245.26 3700.16 4153.92 4606.41 5057.48 5507.01 5954.84 6400.85 6844.90 7286.85 7726.57 8163.94 41.02 501.75 962.32 1422.57 1882.39 2341.61 2800.11 3257.75 3714.38 4169.87 4624.08 5076.86 5528.09 5977.63 6425.33 6871.07 7314.70 7756.10 8195.12 41.33 503.81 966.12 1428.12 1889.67 2350.64 2810.87 3270.24 3728.60 4185.82 4641.74 5096.24 5549.18 6000.42 6449.82 6897.24 7342.55 7785.62 8226.30 41.65 505.87 969.92 1433.66 1896.96 2359.66 2821.64 3282.74 3742.83 4201.76 4659.41 5115.63 5570.27 6023.21 6474.30 6923.41 7370.40 7815.14 8257.49 41.96 507.92 973.72 1439.21 1904.25 2368.69 2832.40 3295.23 3757.05 4217.71 4677.08 5135.01 5591.36 6046.00 6498.79 6949.59 7398.26 7844.66 8288.67 42.28 509.98 977.53 1444.76 1911.53 2377.72 2843.16 3307.73 3771.28 4233.66 4694.75 5154.39 5612.46 6068.80 6523.28 6975.76 7426.11 7874.19 8319.86 42.59 512.05 981.33 1450.31 1918.82 2386.75 2853.93 3320.23 3785.50 4249.62 4712.42 5173.78 5633.55 6091.59 6547.77 7001.94 7453.97 7903.71 8351.04 42.91 514.11 985.14 1455.86 1926.12 2395.78 2864.69 3332.73 3799.73 4265.57 4730.09 5193.16 5654.64 6114.39 6572.26 7028.12 7481.82 7933.24 8382.23 43.23 516.17 988.95 1461.41 1933.41 2404.81 2875.46 3345.23 3813.96 4281.52 4747.77 5212.55 5675.74 6137.18 6596.75 7054.29 7509.68 7962.77 8413.42 43.55 518.24 992.76 1466.96 1940.70 2413.84 2886.23 3357.73 3828.19 4297.48 4765.44 5231.94 5696.83 6159.98 6621.24 7080.47 7537.54 7992.30 8444.61 43.87 520.30 996.57 1472.51 1948.00 2422.87 2897.00 3370.23 3842.42 4313.43 4783.12 5251.33 5717.93 6182.78 6645.74 7106.66 7565.40 8021.83 8475.80 44.19 522.37 1000.38 1478.07 1955.29 2431.91 2907.77 3382.74 3856.66 4329.39 4800.79 5270.72 5739.03 6205.58 6670.23 7132.84 7593.26 8051.36 8507.00 44.51 524.44 1004.19 1483.62 1962.59 2440.95 2918.54 3395.24 3870.89 4345.35 4818.47 5290.11 5760.13 6228.38 6694.73 7159.02 7621.12 8080.89 8538.19 44.84 526.51 1008.00 1489.18 1969.89 2449.98 2929.32 3407.75 3885.13 4361.31 4836.15 5309.51 5781.23 6251.19 6719.22 7185.20 7648.98 8110.42 8569.38 45.16 528.58 1011.82 1494.74 1977.19 2459.02 2940.09 3420.26 3899.36 4377.27 4853.83 5328.90 5802.34 6273.99 6743.72 7211.39 7676.85 8139.96 8600.58 45.49 530.65 1015.63 1500.30 1984.49 2468.06 2950.87 3432.76 3913.60 4393.23 4871.51 5348.30 5823.44 6296.80 6768.22 7237.58 7704.71 8169.49 8631.78 45.82 532.72 1019.45 1505.86 1991.79 2477.10 2961.65 3445.27 3927.84 4409.19 4889.19 5367.69 5844.54 6319.60 6792.72 7263.76 7732.58 8199.03 8662.97 46.15 534.80 1023.27 1511.42 1999.09 2486.14 2972.42 3457.78 3942.08 4425.16 4906.88 5387.09 5865.65 6342.41 6817.22 7289.95 7760.45 8228.57 8694.17 46.48 536.87 1027.09 1516.98 2006.40 2495.19 2983.20 3470.30 3956.32 4441.12 4924.56 5406.49 5886.76 6365.22 6841.73 7316.14 7788.32 8258.11 8725.37 46.81 538.95 1030.91 1522.55 2013.70 2504.23 2993.98 3482.81 3970.56 4457.09 4942.25 5425.89 5907.86 6388.03 6866.23 7342.33 7816.19 8287.65 8756.57 47.14 541.03 1034.73 1528.11 2021.01 2513.28 3004.76 3495.32 3984.80 4473.06 4959.94 5445.29 5928.97 6410.84 6890.74 7368.52 7844.06 8317.19 8787.78 47.47 543.11 1038.56 1533.68 2028.32 2522.32 3015.55 3507.84 3999.05 4489.03 4977.62 5464.69 5950.08 6433.65 6915.24 7394.72 7871.93 8346.73 8818.98 47.81 545.19 1042.38 1539.24 2035.62 2531.37 3026.33 3520.36 4013.29 4505.00 4995.31 5484.10 5971.19 6456.46 6939.75 7420.91 7899.80 8376.27 8850.18 48.15 547.27 1046.21 1544.81 2042.93 2540.42 3037.12 3532.87 4027.54 4520.97 5013.00 5503.50 5992.31 6479.27 6964.26 7447.11 7927.67 8405.82 8881.39 48.48 549.35 1050.03 1550.38 2050.25 2549.47 3047.90 3545.39 4041.79 4536.94 5030.70 5522.91 6013.42 6502.09 6988.77 7473.30 7955.55 8435.36 8912.59 48.82 551.43 1053.86 1555.95 2057.56 2558.52 3058.69 3557.91 4056.04 4552.91 5048.39 5542.31 6034.53 6524.91 7013.28 7499.50 7983.43 8464.91 8943.80 49.16 553.52 1057.69 1561.53 2064.87 2567.57 3069.48 3570.43 4070.29 4568.89 5066.08 5561.72 6055.65 6547.72 7037.79 7525.70 8011.30 8494.46 8975.01 49.50 555.60 1061.52 1567.10 2072.19 2576.63 3080.27 3582.96 4084.54 4584.86 5083.78 5581.13 6076.77 6570.54 7062.30 7551.90 8039.18 8524.00 9006.22 49.84 557.69 1065.35 1572.67 2079.50 2585.68 3091.06 3595.48 4098.79 4600.84 5101.47 5600.54 6097.88 6593.36 7086.81 7578.10 8067.06 8553.55 9037.43 50.19 559.78 1069.18 1578.25 2086.82 2594.74 3101.85 3608.01 4113.05 4616.82 5119.17 5619.95 6119.00 6616.18 7111.33 7604.30 8094.94 8583.10 9068.64 50.53 561.87 1073.02 1583.83 2094.14 2603.80 3112.64 3620.53 4127.30 4632.80 5136.87 5639.36 6140.12 6639.00 7135.85 7630.50 8122.82 8612.66 9099.85 50.88 563.96 1076.85 1589.40 2101.46 2612.85 3123.44 3633.06 4141.56 4648.78 5154.57 5658.78 6161.25 6661.83 7160.36 7656.71 8150.70 8642.21 9131.07 51.22 566.05 1080.69 1594.98 2108.78 2621.91 3134.23 3645.59 4155.81 4664.76 5172.27 5678.19 6182.37 6684.65 7184.88 7682.91 8178.59 8671.76 9162.28 51.57 568.14 1084.53 1600.56 2116.10 2630.97 3145.03 3658.12 4170.07 4680.74 5189.97 5697.61 6203.49 6707.47 7209.40 7709.12 8206.47 8701.32 9193.50 51.92 570.24 1088.37 1606.15 2123.42 2640.04 3155.83 3670.65 4184.33 4696.73 5207.67 5717.02 6224.62 6730.30 7233.92 7735.32 8234.36 8730.87 9224.72 52.27 572.33 1092.21 1611.73 2130.75 2649.10 3166.63 3683.18 4198.59 4712.71 5225.38 5736.44 6245.74 6753.13 7258.44 7761.53 8262.25 8760.43 9255.93 52.62 574.43 1096.05 1617.31 2138.07 2658.16 3177.43 3695.71 4212.85 4728.70 5243.08 5755.86 6266.87 6775.96 7282.96 7787.74 8290.13 8789.99 9287.15 52.97 576.53 1099.89 1622.90 2145.40 2667.23 3188.23 3708.25 4227.12 4744.68 5260.79 5775.28 6288.00 6798.79 7307.49 7813.95 8318.02 8819.55 9318.37 53.33 578.63 1103.73 1628.48 2152.73 2676.29 3199.03 3720.78 4241.38 4760.67 5278.50 5794.70 6309.13 6821.62 7332.01 7840.16 8345.91 8849.11 9349.59 53.68 580.73 1107.58 1634.07 2160.05 2685.36 3209.84 3733.32 4255.64 4776.66 5296.21 5814.12 6330.26 6844.45 7356.54 7866.38 8373.80 8878.67 9380.82 54.04 582.83 1111.42 1639.66 2167.38 2694.43 3220.64 3745.85 4269.91 4792.65 5313.92 5833.55 6351.39 6867.28 7381.07 7892.59 8401.70 8908.23 9412.04 54.40 584.93 1115.27 1645.25 2174.71 2703.50 3231.45 3758.39 4284.18 4808.64 5331.63 5852.97 6372.52 6890.11 7405.59 7918.80 8429.59 8937.79 9443.26 54.75 587.03 1119.12 1650.84 2182.05 2712.57 3242.25 3770.93 4298.45 4824.64 5349.34 5872.40 6393.66 6912.95 7430.12 7945.02 8457.48 8967.36 9474.49 55.11 589.14 1122.96 1656.43 2189.38 2721.64 3253.06 3783.47 4312.72 4840.63 5367.05 5891.83 6414.79 6935.79 7454.65 7971.24 8485.38 8996.92 9505.72 55.47 591.24 1126.81 1662.03 2196.71 2730.72 3263.87 3796.02 4326.99 4856.62 5384.77 5911.25 6435.93 6958.62 7479.18 7997.46 8513.28 9026.49 9536.94 55.84 593.35 1130.67 1667.62 2204.05 2739.79 3274.68 3808.56 4341.26 4872.62 5402.48 5930.68 6457.06 6981.46 7503.72 8023.67 8541.17 9056.06 9568.17 56.20 595.46 1134.52 1673.22 2211.39 2748.87 3285.49 3821.10 4355.53 4888.62 5420.20 5950.11 6478.20 7004.30 7528.25 8049.89 8569.07 9085.63 9599.40 56.56 597.57 1138.37 1678.81 2218.73 2757.95 3296.31 3833.65 4369.81 4904.62 5437.92 5969.55 6499.34 7027.14 7552.79 8076.12 8596.97 9115.20 9630.63 56.93 599.68 1142.23 1684.41 2226.06 2767.02 3307.12 3846.20 4384.08 4920.62 5455.64 5988.98 6520.48 7049.98 7577.32 8102.34 8624.87 9144.77 9661.86 57.30 601.79 1146.08 1690.01 2233.41 2776.10 3317.94 3858.74 4398.36 4936.62 5473.36 6008.41 6541.62 7072.83 7601.86 8128.56 8652.78 9174.34 9693.10 57.66 603.90 1149.94 1695.61 2240.75 2785.18 3328.75 3871.29 4412.64 4952.62 5491.08 6027.85 6562.77 7095.67 7626.40 8154.79 8680.68 9203.91 9724.33 58.03 606.02 1153.80 1701.21 2248.09 2794.26 3339.57 3883.84 4426.92 4968.62 5508.80 6047.28 6583.91 7118.51 7650.94 8181.01 8708.58 9233.49 9755.57 58.40 608.13 1157.66 1706.82 2255.43 2803.35 3350.39 3896.39 4441.20 4984.63 5526.52 6066.72 6605.05 7141.36 7675.48 8207.24 8736.49 9263.06 9786.80 58.78 610.25 1161.52 1712.42 2262.78 2812.43 3361.21 3908.95 4455.48 5000.63 5544.25 6086.16 6626.20 7164.21 7700.02 8233.47 8764.39 9292.64 9818.04 59.15 612.37 1165.38 1718.02 2270.12 2821.52 3372.03 3921.50 4469.76 5016.64 5561.97 6105.60 6647.35 7187.06 7724.56 8259.70 8792.30 9322.22 9849.28 59.52 614.49 1169.25 1723.63 2277.47 2830.60 3382.85 3934.06 4484.04 5032.65 5579.70 6125.04 6668.50 7209.91 7749.10 8285.93 8820.21 9351.79 9880.52 59.90 616.61 1173.11 1729.24 2284.82 2839.69 3393.68 3946.61 4498.33 5048.66 5597.43 6144.48 6689.65 7232.76 7773.65 8312.16 8848.12 9381.37 9911.76 60.27 618.73 1176.98 1734.85 2292.17 2848.78 3404.50 3959.17 4512.61 5064.67 5615.16 6163.92 6710.80 7255.61 7798.19 8338.39 8876.03 9410.95 9943.00 60.65 620.85 1180.84 1740.46 2299.52 2857.87 3415.33 3971.73 4526.90 5080.68 5632.89 6183.37 6731.95 7278.46 7822.74 8364.62 8903.94 9440.54 9974.24 61.03 622.97 1184.71 1746.07 2306.87 2866.96 3426.15 3984.29 4541.19 5096.69 5650.62 6202.81 6753.10 7301.31 7847.29 8390.86 8931.86 9470.12 10005.48 61.41 625.10 1188.58 1751.68 2314.23 2876.05 3436.98 3996.85 4555.48 5112.70 5668.35 6222.26 6774.25 7324.17 7871.84 8417.09 8959.77 9499.70 10036.73 61.79 627.22 1192.45 1757.29 2321.58 2885.15 3447.81 4009.41 4569.77 5128.72 5686.09 6241.71 6795.41 7347.03 7896.39 8443.33 8987.68 9529.29 10067.97 62.17 629.35 1196.32 1762.91 2328.94 2894.24 3458.64 4021.97 4584.06 5144.73 5703.82 6261.16 6816.57 7369.88 7920.94 8469.57 9015.60 9558.87 10099.22 62.55 631.48 1200.19 1768.52 2336.29 2903.34 3469.47 4034.54 4598.35 5160.75 5721.56 6280.61 6837.72 7392.74 7945.49 8495.81 9043.52 9588.46 10130.47 62.94 633.61 1204.07 1774.14 2343.65 2912.43 3480.31 4047.10 4612.65 5176.77 5739.30 6300.06 6858.88 7415.60 7970.05 8522.05 9071.44 9618.05 10161.72 63.32 635.74 1207.94 1779.76 2351.01 2921.53 3491.14 4059.67 4626.94 5192.79 5757.03 6319.51 6880.04 7438.46 7994.60 8548.29 9099.36 9647.64 10192.97 63.71 637.87 1211.82 1785.38 2358.37 2930.63 3501.98 4072.24 4641.24 5208.81 5774.77 6338.96 6901.20 7461.32 8019.16 8574.53 9127.28 9677.23 10224.22 64.10 640.00 1215.70 1791.00 2365.73 2939.73 3512.81 4084.81 4655.54 5224.83 5792.51 6358.42 6922.36 7484.19 8043.71 8600.77 9155.20 9706.82 10255.47 64.49 642.14 1219.57 1796.62 2373.10 2948.83 3523.65 4097.37 4669.83 5240.85 5810.26 6377.87 6943.53 7507.05 8068.27 8627.02 9183.12 9736.41 10286.72 64.88 644.27 1223.45 1802.24 2380.46 2957.93 3534.49 4109.95 4684.13 5256.88 5828.00 6397.33 6964.69 7529.92 8092.83 8653.26 9211.04 9766.00 10317.98 65.27 646.41 1227.33 1807.86 2387.82 2967.04 3545.33 4122.52 4698.43 5272.90 5845.74 6416.79 6985.86 7552.78 8117.39 8679.51 9238.97 9795.60 10349.23 65.66 648.55 1231.22 1813.49 2395.19 2976.14 3556.17 4135.09 4712.74 5288.93 5863.49 6436.24 7007.02 7575.65 8141.95 8705.76 9266.90 9825.20 10380.49 66.06 650.69 1235.10 1819.12 2402.56 2985.25 3567.01 4147.67 4727.04 5304.95 5881.23 6455.70 7028.19 7598.52 8166.51 8732.01 9294.82 9854.79 10411.74 66.45 652.83 1238.98 1824.74 2409.93 2994.36 3577.85 4160.24 4741.34 5320.98 5898.98 6475.17 7049.36 7621.39 8191.08 8758.26 9322.75 9884.39 10443.00 66.85 654.97 1242.87 1830.37 2417.30 3003.46 3588.70 4172.82 4755.65 5337.01 5916.73 6494.63 7070.53 7644.26 8215.64 8784.51 9350.68 9913.99 10474.26 67.24 657.11 1246.76 1836.00 2424.67 3012.57 3599.54 4185.40 4769.96 5353.04 5934.48 6514.09 7091.70 7667.13 8240.21 8810.76 9378.61 9943.59 10505.52 67.64 659.25 1250.64 1841.63 2432.04 3021.69 3610.39 4197.98 4784.26 5369.07 5952.23 6533.56 7112.87 7690.00 8264.77 8837.01 9406.54 9973.19 10536.78 68.04 661.40 1254.53 1847.26 2439.41 3030.80 3621.24 4210.56 4798.57 5385.11 5969.98 6553.02 7134.04 7712.88 8289.34 8863.27 9434.47 10002.79 10568.05 68.44 663.54 1258.42 1852.90 2446.79 3039.91 3632.09 4223.14 4812.88 5401.14 5987.74 6572.49 7155.22 7735.75 8313.91 8889.52 9462.41 10032.39 10599.31 68.85 665.69 1262.31 1858.53 2454.16 3049.02 3642.94 4235.72 4827.19 5417.18 6005.49 6591.96 7176.39 7758.63 8338.48 8915.78 9490.34 10062.00 10630.57 69.25 667.84 1266.21 1864.17 2461.54 3058.14 3653.79 4248.30 4841.51 5433.21 6023.25 6611.42 7197.57 7781.51 8363.05 8942.04 9518.28 10091.60 10661.84 69.65 669.99 1270.10 1869.80 2468.92 3067.26 3664.64 4260.89 4855.82 5449.25 6041.00 6630.89 7218.75 7804.38 8387.63 8968.29 9546.21 10121.21 10693.11 70.06 672.14 1274.00 1875.44 2476.30 3076.37 3675.50 4273.48 4870.13 5465.29 6058.76 6650.37 7239.93 7827.26 8412.20 8994.55 9574.15 10150.82 10724.38 70.46 674.29 1277.89 1881.08 2483.68 3085.49 3686.35 4286.06 4884.45 5481.33 6076.52 6669.84 7261.11 7850.14 8436.77 9020.81 9602.09 10180.43 10755.64 70.87 676.44 1281.79 1886.72 2491.06 3094.61 3697.21 4298.65 4898.77 5497.37 6094.28 6689.31 7282.29 7873.03 8461.35 9047.08 9630.03 10210.04 10786.91 71.28 678.60 1285.69 1892.36 2498.44 3103.73 3708.06 4311.24 4913.09 5513.41 6112.04 6708.79 7303.47 7895.91 8485.93 9073.34 9657.97 10239.65 10818.18 71.69 680.75 1289.59 1898.01 2505.82 3112.86 3718.92 4323.83 4927.40 5529.46 6129.80 6728.26 7324.65 7918.79 8510.50 9099.60 9685.91 10269.26 10849.46 72.10 682.91 1293.49 1903.65 2513.21 3121.98 3729.78 4336.42 4941.72 5545.50 6147.57 6747.74 7345.84 7941.68 8535.08 9125.87 9713.86 10298.87 10880.73 72.52 685.07 1297.39 1909.29 2520.59 3131.11 3740.64 4349.02 4956.05 5561.55 6165.33 6767.22 7367.02 7964.56 8559.66 9152.13 9741.80 10328.48 10912.00 72.93 687.23 1301.29 1914.94 2527.98 3140.23 3751.50 4361.61 4970.37 5577.59 6183.10 6786.70 7388.21 7987.45 8584.24 9178.40 9769.75 10358.10 10943.28 73.34 689.39 1305.20 1920.59 2535.37 3149.36 3762.37 4374.21 4984.69 5593.64 6200.86 6806.18 7409.40 8010.34 8608.83 9204.67 9797.69 10387.72 10974.56 73.76 691.55 1309.10 1926.24 2542.76 3158.49 3773.23 4386.80 4999.02 5609.69 6218.63 6825.66 7430.59 8033.23 8633.41 9230.94 9825.64 10417.33 11005.83 74.18 693.71 1313.01 1931.89 2550.15 3167.62 3784.10 4399.40 5013.34 5625.74 6236.40 6845.14 7451.78 8056.12 8657.99 9257.21 9853.59 10446.95 11037.11 74.60 695.87 1316.92 1937.54 2557.54 3176.75 3794.96 4412.00 5027.67 5641.79 6254.17 6864.62 7472.97 8079.01 8682.58 9283.48 9881.54 10476.57 11068.39 75.02 698.04 1320.83 1943.19 2564.94 3185.88 3805.83 4424.60 5042.00 5657.84 6271.94 6884.11 7494.16 8101.91 8707.17 9309.76 9909.49 10506.19 11099.67 75.44 700.20 1324.74 1948.84 2572.33 3195.01 3816.70 4437.20 5056.33 5673.90 6289.71 6903.59 7515.35 8124.80 8731.75 9336.03 9937.44 10535.81 11130.95 75.86 702.37 1328.65 1954.50 2579.73 3204.15 3827.57 4449.80 5070.66 5689.95 6307.49 6923.08 7536.55 8147.70 8756.34 9362.30 9965.40 10565.43 11162.24 76.28 704.54 1332.56 1960.15 2587.12 3213.28 3838.44 4462.41 5084.99 5706.01 6325.26 6942.57 7557.74 8170.59 8780.93 9388.58 9993.35 10595.06 11193.52 76.71 706.71 1336.47 1965.81 2594.52 3222.42 3849.31 4475.01 5099.33 5722.06 6343.04 6962.06 7578.94 8193.49 8805.52 9414.86 10021.30 10624.68 11224.80 77.13 708.88 1340.39 1971.47 2601.92 3231.56 3860.19 4487.62 5113.66 5738.12 6360.82 6981.55 7600.14 8216.39 8830.12 9441.14 10049.26 10654.31 11256.09 77.56 711.05 1344.30 1977.12 2609.32 3240.69 3871.06 4500.22 5128.00 5754.18 6378.59 7001.04 7621.34 8239.29 8854.71 9467.42 10077.22 10683.93 11287.38 77.99 713.23 1348.22 1982.78 2616.72 3249.83 3881.94 4512.83 5142.33 5770.24 6396.37 7020.53 7642.54 8262.19 8879.30 9493.70 10105.18 10713.56 11318.67 78.42 715.40 1352.14 1988.45 2624.12 3258.98 3892.81 4525.44 5156.67 5786.30 6414.15 7040.03 7663.74 8285.09 8903.90 9519.98 10133.14 10743.19 11349.95 78.85 717.57 1356.06 1994.11 2631.53 3268.12 3903.69 4538.05 5171.01 5802.37 6431.94 7059.52 7684.94 8307.99 8928.50 9546.26 10161.10 10772.82 11381.24 79.28 719.75 1359.98 1999.77 2638.93 3277.26 3914.57 4550.66 5185.35 5818.43 6449.72 7079.02 7706.14 8330.90 8953.09 9572.54 10189.06 10802.45 11412.54 79.71 721.93 1363.90 2005.44 2646.34 3286.41 3925.45 4563.28 5199.69 5834.50 6467.50 7098.52 7727.35 8353.80 8977.69 9598.83 10217.02 10832.08 11443.83 80.14 724.11 1367.83 2011.10 2653.74 3295.55 3936.33 4575.89 5214.03 5850.56 6485.29 7118.01 7748.55 8376.71 9002.29 9625.11 10244.99 10861.72 11475.12 80.58 726.29 1371.75 2016.77 2661.15 3304.70 3947.22 4588.51 5228.38 5866.63 6503.07 7137.51 7769.76 8399.62 9026.89 9651.40 10272.95 10891.35 11506.42 81.02 728.47 1375.68 2022.44 2668.56 3313.85 3958.10 4601.12 5242.72 5882.70 6520.86 7157.01 7790.97 8422.52 9051.50 9677.69 10300.92 10920.99 11537.71 81.45 730.65 1379.60 2028.11 2675.97 3323.00 3968.98 4613.74 5257.07 5898.77 6538.65 7176.52 7812.18 8445.43 9076.10 9703.98 10328.88 10950.62 11569.01 81.89 732.83 1383.53 2033.78 2683.38 3332.15 3979.87 4626.36 5271.41 5914.84 6556.44 7196.02 7833.39 8468.34 9100.70 9730.27 10356.85 10980.26 11600.30 82.33 735.02 1387.46 2039.45 2690.80 3341.30 3990.76 4638.98 5285.76 5930.91 6574.23 7215.52 7854.60 8491.26 9125.31 9756.56 10384.82 11009.90 11631.60 82.77 737.21 1391.39 2045.12 2698.21 3350.45 4001.65 4651.60 5300.11 5946.98 6592.02 7235.03 7875.81 8514.17 9149.92 9782.85 10412.79 11039.54 11662.90 83.21 739.39 1395.32 2050.80 2705.63 3359.61 4012.54 4664.22 5314.46 5963.06 6609.81 7254.53 7897.02 8537.08 9174.52 9809.15 10440.76 11069.18 11694.20 83.66 741.58 1399.25 2056.47 2713.04 3368.76 4023.43 4676.84 5328.81 5979.13 6627.61 7274.04 7918.24 8560.00 9199.13 9835.44 10468.74 11098.82 11725.51 84.10 743.77 1403.19 2062.15 2720.46 3377.92 4034.32 4689.47 5343.16 5995.21 6645.40 7293.55 7939.45 8582.92 9223.74 9861.74 10496.71 11128.46 11756.81 84.55 745.96 1407.12 2067.83 2727.88 3387.07 4045.21 4702.09 5357.52 6011.29 6663.20 7313.06 7960.67 8605.83 9248.35 9888.03 10524.68 11158.11 11788.11 84.99 748.15 1411.06 2073.51 2735.30 3396.23 4056.11 4714.72 5371.87 6027.37 6681.00 7332.57 7981.89 8628.75 9272.96 9914.33 10552.66 11187.75 11819.42 85.44 750.35 1415.00 2079.19 2742.72 3405.39 4067.00 4727.35 5386.23 6043.45 6698.80 7352.08 8003.11 8651.67 9297.58 9940.63 10580.64 11217.40 11850.72 85.89 752.54 1418.93 2084.87 2750.14 3414.55 4077.90 4739.98 5400.59 6059.53 6716.60 7371.60 8024.33 8674.59 9322.19 9966.93 10608.61 11247.04 11882.03 86.34 754.74 1422.87 2090.55 2757.57 3423.72 4088.80 4752.61 5414.95 6075.61 6734.40 7391.11 8045.55 8697.51 9346.81 9993.23 10636.59 11276.69 11913.34 86.79 756.93 1426.81 2096.24 2764.99 3432.88 4099.70 4765.24 5429.30 6091.69 6752.20 7410.63 8066.77 8720.44 9371.42 10019.54 10664.57 11306.34 11944.65 87.25 759.13 1430.76 2101.92 2772.42 3442.04 4110.60 4777.87 5443.67 6107.78 6770.00 7430.14 8088.00 8743.36 9396.04 10045.84 10692.55 11335.99 11975.96 87.70 761.33 1434.70 2107.61 2779.84 3451.21 4121.50 4790.51 5458.03 6123.86 6787.81 7449.66 8109.22 8766.29 9420.66 10072.14 10720.54 11365.64 12007.27 88.15 763.53 1438.64 2113.29 2787.27 3460.38 4132.40 4803.14 5472.39 6139.95 6805.61 7469.18 8130.45 8789.21 9445.28 10098.45 10748.52 11395.30 12038.58 88.61 765.73 1442.59 2118.98 2794.70 3469.54 4143.30 4815.78 5486.75 6156.04 6823.42 7488.70 8151.67 8812.14 9469.90 10124.76 10776.50 11424.95 12069.90 89.07 767.93 1446.54 2124.67 2802.13 3478.71 4154.21 4828.41 5501.12 6172.13 6841.23 7508.22 8172.90 8835.07 9494.52 10151.06 10804.49 11454.60 12101.21 89.53 770.14 1450.48 2130.36 2809.56 3487.88 4165.12 4841.05 5515.49 6188.22 6859.04 7527.74 8194.13 8858.00 9519.15 10177.37 10832.48 11484.26 12132.53 89.99 772.34 1454.43 2136.05 2817.00 3497.06 4176.02 4853.69 5529.85 6204.31 6876.85 7547.27 8215.36 8880.93 9543.77 10203.68 10860.46 11513.92 12163.84 90.45 774.55 1458.38 2141.75 2824.43 3506.23 4186.93 4866.33 5544.22 6220.40 6894.66 7566.79 8236.59 8903.86 9568.40 10229.99 10888.45 11543.57 12195.16 90.91 776.75 1462.33 2147.44 2831.87 3515.40 4197.84 4878.97 5558.59 6236.49 6912.47 7586.32 8257.82 8926.80 9593.02 10256.31 10916.44 11573.23 12226.48 91.37 778.96 1466.29 2153.14 2839.30 3524.58 4208.75 4891.62 5572.96 6252.59 6930.28 7605.84 8279.06 8949.73 9617.65 10282.62 10944.43 11602.89 12257.80 91.84 781.17 1470.24 2158.83 2846.74 3533.75 4219.66 4904.26 5587.34 6268.69 6948.10 7625.37 8300.29 8972.66 9642.28 10308.93 10972.43 11632.55 12289.12 92.30 783.38 1474.19 2164.53 2854.18 3542.93 4230.58 4916.91 5601.71 6284.78 6965.91 7644.90 8321.53 8995.60 9666.91 10335.25 11000.42 11662.22 12320.44 92.77 785.59 1478.15 2170.23 2861.62 3552.11 4241.49 4929.55 5616.08 6300.88 6983.73 7664.43 8342.77 9018.54 9691.54 10361.57 11028.41 11691.88 12351.76 93.24 787.81 1482.11 2175.93 2869.06 3561.29 4252.41 4942.20 5630.46 6316.98 7001.55 7683.96 8364.00 9041.48 9716.17 10387.88 11056.41 11721.54 12383.09 93.71 790.02 1486.07 2181.63 2876.50 3570.47 4263.32 4954.85 5644.84 6333.08 7019.37 7703.49 8385.24 9064.42 9740.80 10414.20 11084.40 11751.21 12414.41 94.18 792.24 1490.03 2187.33 2883.95 3579.65 4274.24 4967.50 5659.22 6349.18 7037.19 7723.03 8406.48 9087.36 9765.44 10440.52 11112.40 11780.88 12445.74 94.65 794.45 1493.99 2193.04 2891.39 3588.84 4285.16 4980.15 5673.59 6365.29 7055.01 7742.56 8427.73 9110.30 9790.07 10466.84 11140.40 11810.54 12477.07 95.12 796.67 1497.95 2198.74 2898.84 3598.02 4296.08 4992.80 5687.97 6381.39 7072.83 7762.10 8448.97 9133.24 9814.71 10493.17 11168.40 11840.21 12508.39 95.59 798.89 1501.91 2204.45 2906.28 3607.20 4307.00 5005.45 5702.36 6397.49 7090.66 7781.63 8470.21 9156.19 9839.35 10519.49 11196.40 11869.88 12539.72 96.07 801.11 1505.88 2210.15 2913.73 3616.39 4317.92 5018.11 5716.74 6413.60 7108.48 7801.17 8491.46 9179.13 9863.99 10545.81 11224.40 11899.55 12571.05 96.54 803.33 1509.84 2215.86 2921.18 3625.58 4328.85 5030.76 5731.12 6429.71 7126.31 7820.71 8512.70 9202.08 9888.63 10572.14 11252.41 11929.22 12602.39 97.02 805.55 1513.81 2221.57 2928.63 3634.77 4339.77 5043.42 5745.51 6445.82 7144.13 7840.25 8533.95 9225.03 9913.27 10598.46 11280.41 11958.90 12633.72 97.50 807.78 1517.78 2227.28 2936.08 3643.96 4350.70 5056.08 5759.89 6461.93 7161.96 7859.79 8555.20 9247.98 9937.91 10624.79 11308.41 11988.57 12665.05 97.98 810.00 1521.74 2232.99 2943.54 3653.15 4361.62 5068.74 5774.28 6478.04 7179.79 7879.33 8576.45 9270.93 9962.55 10651.12 11336.42 12018.24 12696.39 98.46 812.23 1525.71 2238.71 2950.99 3662.34 4372.55 5081.40 5788.67 6494.15 7197.62 7898.88 8597.70 9293.88 9987.20 10677.45 11364.43 12047.92 12727.72 98.94 814.45 1529.69 2244.42 2958.44 3671.54 4383.48 5094.06 5803.06 6510.26 7215.45 7918.42 8618.95 9316.83 10011.84 10703.78 11392.44 12077.60 12759.06 99.43 816.68 1533.66 2250.14 2965.90 3680.73 4394.41 5106.72 5817.45 6526.38 7233.29 7937.97 8640.20 9339.78 10036.49 10730.11 11420.45 12107.28 12790.40 99.91 818.91 1537.63 2255.85 2973.36 3689.93 4405.34 5119.39 5831.84 6542.49 7251.12 7957.52 8661.46 9362.74 10061.14 10756.45 11448.46 12136.96 12821.74 100.40 821.14 1541.61 2261.57 2980.82 3699.12 4416.27 5132.05 5846.23 6558.61 7268.96 7977.06 8682.71 9385.69 10085.78 10782.78 11476.47 12166.64 12853.08 100.88 823.37 1545.58 2267.29 2988.28 3708.32 4427.21 5144.72 5860.63 6574.73 7286.79 7996.61 8703.97 9408.65 10110.43 10809.12 11504.48 12196.32 12884.42 101.37 825.61 1549.56 2273.01 2995.74 3717.52 4438.14 5157.38 5875.02 6590.85 7304.63 8016.16 8725.23 9431.60 10135.08 10835.45 11532.49 12226.00 12915.76 101.86 827.84 1553.54 2278.73 3003.20 3726.72 4449.08 5170.05 5889.42 6606.97 7322.47 8035.71 8746.48 9454.56 10159.74 10861.79 11560.51 12255.68 12947.10 102.35 830.08 1557.52 2284.45 3010.66 3735.92 4460.02 5182.72 5903.82 6623.09 7340.31 8055.27 8767.74 9477.52 10184.39 10888.13 11588.52 12285.37 12978.45 102.84 832.31 1561.50 2290.18 3018.13 3745.13 4470.96 5195.39 5918.22 6639.21 7358.15 8074.82 8789.00 9500.48 10209.04 10914.47 11616.54 12315.05 13009.79 103.33 834.55 1565.48 2295.90 3025.59 3754.33 4481.90 5208.06 5932.62 6655.33 7375.99 8094.38 8810.27 9523.45 10233.70 10940.81 11644.56 12344.74 13041.14 103.83 836.79 1569.46 2301.63 3033.06 3763.54 4492.84 5220.74 5947.02 6671.46 7393.84 8113.93 8831.53 9546.41 10258.35 10967.15 11672.58 12374.43 13072.48 104.32 839.03 1573.45 2307.35 3040.53 3772.74 4503.78 5233.41 5961.42 6687.58 7411.68 8133.49 8852.79 9569.37 10283.01 10993.49 11700.60 12404.12 13103.83 104.82 841.27 1577.43 2313.08 3048.00 3781.95 4514.72 5246.09 5975.82 6703.71 7429.52 8153.05 8874.06 9592.34 10307.67 11019.84 11728.62 12433.81 13135.18 105.32 843.51 1581.42 2318.81 3055.47 3791.16 4525.67 5258.76 5990.23 6719.84 7447.37 8172.61 8895.33 9615.31 10332.33 11046.18 11756.64 12463.50 13166.53 105.82 845.76 1585.41 2324.54 3062.94 3800.37 4536.61 5271.44 6004.63 6735.97 7465.22 8192.17 8916.59 9638.27 10356.99 11072.53 11784.67 12493.19 13197.88 106.32 848.00 1589.40 2330.27 3070.41 3809.58 4547.56 5284.12 6019.04 6752.10 7483.07 8211.73 8937.86 9661.24 10381.65 11098.88 11812.69 12522.88 13229.24 106.82 850.25 1593.39 2336.01 3077.89 3818.79 4558.51 5296.80 6033.45 6768.23 7500.92 8231.29 8959.13 9684.21 10406.32 11125.22 11840.72 12552.58 13260.59 107.32 852.49 1597.38 2341.74 3085.36 3828.01 4569.46 5309.48 6047.86 6784.36 7518.77 8250.86 8980.40 9707.18 10430.98 11151.57 11868.74 12582.27 13291.95 107.82 854.74 1601.37 2347.48 3092.84 3837.22 4580.41 5322.16 6062.27 6800.50 7536.62 8270.42 9001.67 9730.16 10455.65 11177.92 11896.77 12611.97 13323.30 108.33 856.99 1605.36 2353.21 3100.31 3846.44 4591.36 5334.85 6076.68 6816.63 7554.47 8289.99 9022.95 9753.13 10480.31 11204.27 11924.80 12641.67 13354.66 108.83 859.24 1609.36 2358.95 3107.79 3855.65 4602.31 5347.53 6091.09 6832.77 7572.33 8309.56 9044.22 9776.10 10504.98 11230.63 11952.83 12671.37 13386.02 109.34 861.49 1613.35 2364.69 3115.27 3864.87 4613.26 5360.22 6105.51 6848.90 7590.18 8329.12 9065.50 9799.08 10529.65 11256.98 11980.86 12701.06 13417.38 109.85 863.75 1617.35 2370.43 3122.75 3874.09 4624.22 5372.90 6119.92 6865.04 7608.04 8348.69 9086.77 9822.05 10554.32 11283.34 12008.89 12730.77 13448.74 110.36 866.00 1621.35 2376.17 3130.24 3883.31 4635.17 5385.59 6134.34 6881.18 7625.90 8368.26 9108.05 9845.03 10578.99 11309.69 12036.93 12760.47 13480.10 110.87 868.26 1625.35 2381.91 3137.72 3892.53 4646.13 5398.28 6148.75 6897.32 7643.76 8387.84 9129.33 9868.01 10603.66 11336.05 12064.96 12790.17 13511.46 111.38 870.51 1629.35 2387.66 3145.20 3901.76 4657.09 5410.97 6163.17 6913.46 7661.62 8407.41 9150.61 9890.99 10628.33 11362.41 12093.00 12819.87 13542.82 111.89 872.77 1633.35 2393.40 3152.69 3910.98 4668.05 5423.66 6177.59 6929.61 7679.48 8426.98 9171.89 9913.97 10653.01 11388.77 12121.03 12849.58 13574.19 112.40 875.03 1637.35 2399.15 3160.17 3920.21 4679.01 5436.36 6192.01 6945.75 7697.34 8446.56 9193.17 9936.95 10677.68 11415.13 12149.07 12879.28 13605.55 112.92 877.29 1641.36 2404.89 3167.66 3929.43 4689.97 5449.05 6206.43 6961.90 7715.21 8466.13 9214.45 9959.94 10702.36 11441.49 12177.11 12908.99 13636.92 113.44 879.55 1645.36 2410.64 3175.15 3938.66 4700.93 5461.74 6220.86 6978.04 7733.07 8485.71 9235.74 9982.92 10727.03 11467.85 12205.15 12938.70 13668.29 113.95 881.81 1649.37 2416.39 3182.64 3947.89 4711.90 5474.44 6235.28 6994.19 7750.94 8505.29 9257.02 10005.91 10751.71 11494.21 12233.19 12968.41 13699.65 114.47 884.08 1653.38 2422.14 3190.13 3957.12 4722.86 5487.14 6249.71 7010.34 7768.80 8524.87 9278.31 10028.89 10776.39 11520.58 12261.23 12998.12 13731.02 114.99 886.34 1657.39 2427.89 3197.63 3966.35 4733.83 5499.84 6264.13 7026.49 7786.67 8544.45 9299.60 10051.88 10801.07 11546.95 12289.27 13027.83 13762.39 115.51 888.61 1661.40 2433.65 3205.12 3975.58 4744.80 5512.54 6278.56 7042.64 7804.54 8564.03 9320.89 10074.87 10825.75 11573.31 12317.32 13057.54 13793.77 116.03 890.87 1665.41 2439.40 3212.61 3984.82 4755.77 5525.24 6292.99 7058.79 7822.41 8583.62 9342.18 10097.86 10850.44 11599.68 12345.36 13087.26 13825.14 116.56 893.14 1669.42 2445.16 3220.11 3994.05 4766.74 5537.94 6307.42 7074.95 7840.28 8603.20 9363.47 10120.85 10875.12 11626.05 12373.41 13116.97 13856.51 117.08 895.41 1673.44 2450.91 3227.61 4003.29 4777.71 5550.64 6321.85 7091.10 7858.16 8622.79 9384.76 10143.84 10899.81 11652.42 12401.46 13146.69 13887.89 117.61 897.68 1677.45 2456.67 3235.11 4012.52 4788.68 5563.35 6336.28 7107.26 7876.03 8642.37 9406.05 10166.84 10924.49 11678.79 12429.50 13176.40 13919.26 118.13 899.95 1681.47 2462.43 3242.61 4021.76 4799.65 5576.05 6350.72 7123.41 7893.91 8661.96 9427.35 10189.83 10949.18 11705.16 12457.55 13206.12 13950.64 118.66 902.23 1685.48 2468.19 3250.11 4031.00 4810.63 5588.76 6365.15 7139.57 7911.78 8681.55 9448.64 10212.83 10973.87 11731.54 12485.60 13235.84 13982.02 119.19 904.50 1689.50 2473.95 3257.61 4040.24 4821.60 5601.47 6379.59 7155.73 7929.66 8701.14 9469.94 10235.82 10998.56 11757.91 12513.66 13265.56 14013.40 119.72 906.78 1693.52 2479.71 3265.11 4049.48 4832.58 5614.17 6394.02 7171.89 7947.54 8720.73 9491.24 10258.82 11023.25 11784.29 12541.71 13295.28 14044.78 120.25 909.05 1697.54 2485.48 3272.62 4058.72 4843.56 5626.88 6408.46 7188.05 7965.42 8740.32 9512.54 10281.82 11047.94 11810.66 12569.76 13325.00 14076.16 120.79 911.33 1701.56 2491.24 3280.12 4067.97 4854.54 5639.60 6422.90 7204.21 7983.30 8759.92 9533.84 10304.82 11072.63 11837.04 12597.82 13354.73 14107.54 121.32 913.61 1705.59 2497.01 3287.63 4077.21 4865.52 5652.31 6437.34 7220.38 8001.18 8779.51 9555.14 10327.82 11097.33 11863.42 12625.87 13384.45 14138.93 121.85 915.89 1709.61 2502.77 3295.14 4086.46 4876.50 5665.02 6451.78 7236.54 8019.06 8799.11 9576.44 10350.82 11122.02 11889.80 12653.93 13414.18 14170.31 122.39 918.17 1713.64 2508.54 3302.64 4095.71 4887.48 5677.74 6466.22 7252.71 8036.95 8818.70 9597.74 10373.83 11146.72 11916.18 12681.99 13443.90 14201.70 122.93 920.45 1717.66 2514.31 3310.15 4104.95 4898.47 5690.45 6480.67 7268.87 8054.83 8838.30 9619.05 10396.83 11171.41 11942.56 12710.05 13473.63 14233.08 123.47 922.74 1721.69 2520.08 3317.67 4114.20 4909.45 5703.17 6495.11 7285.04 8072.72 8857.90 9640.35 10419.84 11196.11 11968.95 12738.11 13503.36 14264.47 124.01 925.02 1725.72 2525.85 3325.18 4123.46 4920.44 5715.89 6509.56 7301.21 8090.61 8877.50 9661.66 10442.84 11220.81 11995.33 12766.17 13533.09 14295.86 124.55 927.31 1729.75 2531.62 3332.69 4132.71 4931.43 5728.61 6524.01 7317.38 8108.49 8897.10 9682.97 10465.85 11245.51 12021.72 12794.23 13562.82 14327.25 125.09 929.60 1733.78 2537.40 3340.21 4141.96 4942.41 5741.33 6538.45 7333.55 8126.38 8916.71 9704.28 10488.86 11270.21 12048.10 12822.30 13592.55 14358.64 125.63 931.88 1737.81 2543.17 3347.72 4151.21 4953.40 5754.05 6552.90 7349.73 8144.28 8936.31 9725.59 10511.87 11294.92 12074.49 12850.36 13622.28 14390.03 126.18 934.17 1741.85 2548.95 3355.24 4160.47 4964.40 5766.77 6567.35 7365.90 8162.17 8955.91 9746.90 10534.88 11319.62 12100.88 12878.43 13652.02 14421.42 126.72 936.46 1745.88 2554.73 3362.76 4169.73 4975.39 5779.50 6581.81 7382.08 8180.06 8975.52 9768.21 10557.89 11344.32 12127.27 12906.49 13681.75 14452.82 127.27 938.76 1749.92 2560.51 3370.28 4178.98 4986.38 5792.22 6596.26 7398.25 8197.96 8995.13 9789.52 10580.90 11369.03 12153.66 12934.56 13711.49 14484.21
=== END RADAR_SCAN ===

=== BEGIN RADAR_SCAN ===
scan.index=3
scan.time=29.670000
radar.id=2
radar.frequency=X
radar.scanning_mode=RHI
radar.x=-50000.000
radar.y=200000.000
radar.z=25.000
radar.maximum_range=50000.000
radar.range_resolution=100.000
radar.angular_resolution=1.000000
box.radar_id=2
box.min_range_gate=208.000
box.max_range_gate=465.000
box.min_angle=0.000000
box.max_angle=19.000000
box.num_ranges=258
box.num_angles=19
box.range_resolution=100.000
box.angular_resolution=1.000000
box.other_angle=-132.795440
grid.size=4902
grid.data=24.35 27.81 25.44 29.74 31.59 0.00 0.00 0.00 0.00 0.00 0.00 0.00 0.00 0.00 0.00 0.00 0.00 0.00 0.00 24.17 25.53 28.93 30.61 28.21 29.24 33.93 0.00 0.00 0.00 0.00 0.00 0.00 0.00 0.00 0.00 0.00 0.00 0.00 25.12 28.30 26.45 27.18 25.95 33.25 29.28 31.17 33.95 0.00 0.00 0.00 0.00 0.00 0.00 0.00 0.00 0.00 0.00 23.91 27.73 30.89 31.82 33.19 31.27 34.56 34.03 33.50 37.91 42.40 0.00 0.00 0.00 0.00 0.00 0.00 0.00 0.00 24.54 26.24 25.92 27.79 33.47 27.38 34.82 32.91 36.77 36.21 41.09 38.12 0.00 0.00 0.00 0.00 0.00 0.00 0.00 27.76 27.11 29.04 26.04 30.38 31.58 31.17 32.69 30.77 41.46 51.71 37.16 31.69 0.00 0.00 0.00 0.00 0.00 0.00 30.44 27.61 28.40 30.95 34.36 30.94 32.60 38.37 28.65 41.10 42.87 44.64 34.91 28.65 20.80 0.00 0.00 0.00 0.00 25.94 31.42 27.55 30.13 30.69 26.48 32.00 35.26 34.91 37.00 42.34 39.87 33.86 26.18 28.42 20.86 0.00 0.00 0.00 31.08 24.26 30.05 28.15 33.54 32.07 35.63 28.92 36.47 41.80 46.96 39.85 34.60 27.67 27.07 22.17 15.17 0.00 0.00 30.39 25.19 32.21 28.11 29.35 26.72 32.95 32.99 41.39 41.81 42.98 37.91 34.05 29.31 24.20 22.77 17.89 0.00 0.00 28.03 23.36 28.01 27.39 28.64 29.44 31.65 30.16 33.94 42.79 42.44 38.41 29.47 29.38 25.47 21.16 15.89 13.02 0.00 28.49 28.35 26.63 31.72 31.48 34.45 28.23 30.28 34.98 45.72 40.57 38.98 32.32 34.09 30.66 23.42 16.75 12.55 7.02 30.50 31.09 24.71 28.30 33.11 28.72 38.12 28.50 39.75 46.43 35.20 35.62 33.67 27.76 24.30 24.06 16.25 11.95 8.68 27.84 29.04 32.55 31.48 30.82 29.26 28.95 35.09 34.59 45.32 39.55 32.50 31.97 28.66 25.39 18.12 19.03 11.81 10.67 26.40 25.04 31.93 26.05 28.11 31.93 31.33 33.07 40.23 47.14 36.12 42.30 39.13 25.67 25.31 20.49 15.51 9.33 7.75 26.42 25.82 31.56 29.81 29.58 33.21 33.40 31.05 36.58 43.79 38.68 34.38 32.23 28.21 23.23 23.28 15.16 11.14 9.40 29.61 29.45 28.00 29.35 26.43 30.43 32.93 35.86 38.92 43.22 39.33 35.59 27.27 28.54 22.83 16.59 13.23 9.81 6.54 24.16 29.25 31.03 26.11 30.82 29.32 35.10 33.73 38.29 45.69 39.51 35.15 24.62 24.75 29.46 20.57 15.13 14.11 9.19 25.64 30.93 26.70 30.70 28.16 29.15 33.94 39.14 39.52 46.23 35.54 32.93 27.68 24.53 23.34 19.30 11.99 9.50 -2.31 26.12 26.88 28.95 32.60 30.49 32.14 37.89 38.89 39.54 38.82 39.87 38.99 31.21 25.99 22.96 18.18 12.77 9.90 2.71 28.20 27.77 30.61 32.41 30.60 28.49 30.35 35.60 39.74 51.79 39.41 32.58 29.89 29.09 23.70 22.50 11.98 7.93 1.33 32.62 28.78 26.86 28.56 30.92 31.69 31.52 33.18 39.16 48.78 30.36 30.53 30.46 28.18 21.60 18.94 15.13 9.72 0.58 21.54 22.39 30.00 29.25 27.75 33.81 30.41 32.53 37.19 41.68 39.47 29.90 30.40 23.15 20.82 18.23 12.39 6.02 -0.04 26.82 23.59 30.30 28.80 32.38 30.40 35.85 36.87 40.41 42.38 38.25 28.56 31.17 24.37 20.49 20.49 13.45 6.25 0.44 30.29 29.64 27.53 26.01 29.41 27.12 32.23 31.86 40.11 39.30 35.14 29.13 27.43 27.61 18.03 17.32 13.24 8.80 -0.25 23.87 27.85 31.08 32.01 31.09 30.45 37.33 34.88 45.03 42.62 34.80 36.00 25.42 26.16 18.90 13.29 12.07 8.90 2.35 24.60 28.18 27.19 28.43 34.72 31.00 32.77 31.69 42.39 47.61 37.40 32.23 26.76 26.75 21.26 16.64 10.33 11.09 0.67 23.90 26.51 32.11 28.01 32.86 31.35 34.54 34.74 43.98 39.75 35.76 34.53 25.26 22.20 18.44 15.75 12.22 11.01 -0.13 27.34 24.17 30.68 25.56 28.05 33.76 36.78 37.33 35.71 41.50 35.30 38.60 28.78 25.79 18.54 15.17 10.55 7.10 1.18 29.30 25.38 29.43 31.47 33.23 32.58 33.91 32.93 40.99 40.21 34.08 29.48 29.90 21.81 19.08 13.98 8.04 6.02 -3.58 25.38 25.33 29.70 30.70 30.66 32.79 31.69 31.89 42.66 40.10 37.77 29.50 26.63 20.71 21.70 14.56 12.60 1.13 3.41 28.64 25.67 28.68 32.14 31.13 33.57 34.23 35.26 43.79 38.05 36.98 29.22 25.16 26.00 20.55 12.85 7.67 -1.03 -0.53 26.51 27.68 25.72 32.66 28.61 32.63 33.15 39.08 46.98 39.09 30.94 30.23 26.19 25.53 18.61 13.59 9.60 -0.52 1.40 26.03 24.57 25.66 33.60 32.36 33.05 32.68 38.15 40.61 36.30 28.26 29.81 25.99 20.05 19.63 15.94 10.11 -0.49 0.81 22.35 25.87 24.67 27.36 28.34 35.46 31.66 29.30 44.91 40.02 32.98 27.62 23.85 20.34 19.31 16.31 7.97 3.31 -1.56 28.43 27.98 29.14 30.96 34.57 36.47 34.95 37.30 45.90 40.39 35.16 28.90 26.27 21.08 18.33 14.66 9.42 -0.41 0.19 28.91 26.81 32.31 30.18 31.10 32.94 34.06 37.68 44.39 35.69 31.43 28.01 28.56 20.44 17.30 10.55 10.36 -0.22 -1.30 30.55 26.60 29.33 31.32 28.18 29.51 31.45 33.18 41.99 36.09 33.55 25.06 24.19 19.94 19.01 12.75 7.06 -0.30 -1.88 29.91 27.01 26.82 25.64 35.77 33.40 35.60 36.50 47.00 37.54 33.66 32.27 25.97 22.45 14.79 14.75 8.13 1.98 -1.09 24.40 27.31 29.29 30.36 24.52 31.14 34.56 37.84 41.08 38.06 32.45 32.80 26.85 15.97 15.73 12.76 8.93 0.34 -0.92 23.84 27.55 22.03 30.47 31.76 31.77 30.45 29.52 47.13 40.02 36.05 32.80 25.00 20.41 14.85 14.99 8.39 0.57 0.66 29.79 31.15 26.66 30.22 32.19 33.79 36.38 38.29 41.10 41.51 30.59 28.29 23.89 21.46 17.00 12.50 9.21 0.42 -3.80 27.43 25.74 25.97 28.16 35.91 31.54 35.42 28.18 42.93 35.05 27.42 31.28 22.56 21.25 15.40 12.38 7.08 1.18 -0.56 27.73 23.86 31.81 30.96 31.06 32.41 36.87 33.67 40.43 36.16 30.79 28.08 26.64 22.46 18.53 13.01 7.43 1.34 1.86 29.02 27.61 29.69 25.66 26.13 31.66 31.11 36.55 47.35 39.25 31.25 28.97 24.77 17.25 15.39 12.75 5.67 1.35 3.02 25.46 27.34 29.58 26.71 27.68 33.46 33.45 37.45 42.34 38.04 39.10 25.08 25.61 17.41 13.36 12.23 1.20 -1.27 1.31 23.98 28.55 24.02 32.30 32.21 33.30 35.09 39.25 46.83 32.35 33.44 28.49 24.76 20.27 16.65 10.20 -1.22 3.18 -0.36 29.22 33.96 28.31 29.29 27.29 34.12 32.53 32.98 41.12 36.49 36.33 26.16 25.73 18.93 14.25 9.78 -1.14 0.99 -1.63 29.13 24.30 31.61 29.47 32.53 32.39 34.59 38.58 44.29 37.13 28.23 30.98 24.72 21.69 15.25 10.84 0.59 -1.29 1.01 32.14 29.43 27.07 29.08 26.87 31.17 31.09 37.78 45.69 33.71 28.48 29.16 23.17 19.36 16.32 8.51 1.68 -0.27 1.98 25.23 27.30 32.66 34.01 33.14 30.93 34.88 36.76 46.86 37.66 32.20 33.63 21.70 17.24 14.47 10.33 -0.91 -0.62 0.94 29.79 25.18 27.69 31.27 30.05 31.21 30.12 35.46 40.79 35.35 28.06 28.50 19.60 15.65 16.90 7.44 -0.94 1.13 0.06 31.10 28.87 30.28 29.53 28.30 35.10 35.59 41.39 43.22 35.39 32.71 29.92 23.50 21.07 9.94 10.78 4.32 2.55 2.39 28.92 27.57 29.15 25.13 34.26 35.18 40.16 41.79 41.51 36.88 30.26 27.14 22.51 19.05 16.83 9.54 2.55 -0.41 0.42 26.62 22.02 30.05 29.80 31.78 25.38 35.27 43.55 43.77 36.78 34.02 27.02 19.99 18.59 13.20 7.30 -2.70 -1.31 -0.34 26.25 28.49 25.58 28.62 31.86 33.23 32.70 37.45 39.17 33.84 30.90 23.75 22.30 19.37 11.98 10.93 0.81 -0.21 -1.00 25.86 26.62 28.28 32.76 38.17 33.21 35.77 42.04 39.97 34.27 28.65 22.63 23.60 15.33 11.04 7.29 0.98 -1.23 1.33 27.27 29.18 27.13 29.85 33.40 31.38 39.29 36.84 36.87 36.97 29.73 23.89 18.19 17.04 13.83 6.15 1.96 2.32 4.30 24.30 25.24 32.42 33.53 30.30 30.68 31.33 35.61 40.69 36.85 32.12 25.31 19.80 18.98 12.86 4.36 0.30 -2.91 0.60 20.92 24.80 30.85 31.35 26.54 35.95 34.35 42.21 33.22 39.05 28.45 22.71 20.96 14.08 10.84 3.99 -0.18 -0.12 -0.31 26.37 28.31 31.67 33.31 36.87 29.87 35.84 37.48 37.62 36.39 29.70 25.39 18.32 13.88 11.11 5.55 -1.78 -1.18 2.33 27.99 28.18 33.80 30.29 31.76 31.74 32.29 41.45 37.64 35.61 33.55 25.02 20.59 12.68 11.78 -0.27 -1.52 0.10 -0.09 30.63 23.47 28.41 27.52 36.63 29.59 32.06 43.25 39.23 34.92 31.44 24.30 18.04 15.22 11.91 0.59 -0.17 2.42 1.92 30.10 26.64 31.30 26.67 34.78 28.54 39.56 38.69 36.90 38.45 27.69 23.69 21.49 13.60 10.52 0.69 0.46 1.58 -1.52 28.00 24.50 27.24 27.03 30.90 31.65 35.99 44.70 38.61 34.05 31.39 27.77 17.59 16.39 11.88 -0.06 -0.31 1.15 -1.47 27.63 24.40 23.67 28.42 34.14 30.94 30.53 43.46 37.29 33.52 29.46 20.91 20.97 12.77 11.30 1.31 -1.45 1.07 1.82 22.74 27.08 25.94 31.69 33.33 31.27 35.78 42.91 38.92 32.67 31.78 26.20 20.15 13.98 11.05 -3.21 -1.42 -2.40 -0.18 24.65 28.25 30.45 29.26 35.39 35.02 35.77 46.73 36.60 31.58 29.71 24.58 17.23 14.34 11.40 0.83 -2.53 1.73 -1.54 27.01 27.64 27.73 30.76 33.94 34.07 35.57 44.61 35.37 35.32 31.93 23.16 19.25 15.58 7.80 -1.46 1.07 1.94 -2.33 26.10 21.39 27.19 28.39 28.83 34.51 34.06 50.08 38.23 32.20 26.69 23.43 19.03 9.77 9.77 0.20 2.01 -0.23 2.45 29.15 26.71 29.92 31.37 28.56 36.58 37.46 37.78 40.72 35.80 31.86 23.41 19.78 16.37 6.60 1.55 3.01 -2.51 0.91 25.24 26.26 24.21 29.78 32.36 37.27 35.51 39.15 42.03 33.04 32.20 23.07 17.71 14.99 8.02 -2.91 -0.07 0.17 0.74 30.48 26.16 27.95 32.27 33.85 30.66 30.35 36.47 35.21 31.75 29.47 20.49 20.16 9.98 6.71 1.53 1.79 -2.77 -0.10 30.63 30.79 29.51 31.75 31.55 34.01 36.90 43.83 37.97 30.34 27.39 24.64 19.19 15.33 5.89 1.88 0.29 0.96 2.22 30.24 26.23 29.35 29.19 31.40 35.17 40.28 46.56 35.53 29.10 29.04 24.95 20.32 13.35 10.52 -0.69 -0.25 -0.43 0.20 27.82 28.14 31.86 29.53 27.67 35.33 35.36 45.29 37.75 28.82 27.66 21.51 17.47 12.64 7.19 0.12 -1.21 -0.69 1.93 28.39 27.51 28.56 33.86 35.33 33.82 35.70 46.58 39.98 33.44 26.25 22.58 14.91 13.22 9.06 1.06 0.07 -0.46 0.92 28.56 25.99 31.30 29.66 33.96 38.84 35.71 46.21 38.93 30.36 26.01 18.59 16.38 11.59 8.57 -1.50 2.75 -0.77 1.47 24.70 30.16 29.56 30.82 31.47 32.89 37.62 43.79 31.98 29.39 27.47 24.09 14.34 11.55 6.98 0.47 0.66 -3.43 1.04 28.86 30.28 26.74 27.11 35.21 37.53 35.37 39.37 38.37 30.58 24.79 19.93 15.38 11.16 0.30 -1.38 -0.47 1.22 -3.10 27.14 28.14 29.80 34.21 35.27 31.73 35.20 44.02 34.74 28.64 24.84 23.05 17.27 14.53 1.47 -1.10 0.50 -0.32 -1.59 32.15 26.18 30.10 28.91 33.81 33.50 36.67 43.70 38.54 32.90 24.06 25.63 17.93 12.07 -3.79 0.45 -2.72 1.60 0.64 26.83 24.30 28.82 31.28 37.64 36.42 36.85 41.10 39.97 34.51 23.75 22.43 18.61 12.72 0.70 -1.07 0.34 2.39 1.24 24.54 26.10 27.92 31.20 30.03 34.95 37.38 44.18 33.40 32.63 20.73 22.03 15.47 10.96 -2.47 -0.23 -1.15 2.72 -0.74 27.83 28.46 28.56 33.29 29.54 36.68 36.83 40.20 36.85 27.39 24.85 22.67 15.04 5.60 1.87 0.28 -0.60 -0.69 0.70 28.05 24.63 28.24 25.87 27.09 35.07 36.88 42.98 37.20 32.28 26.11 18.43 14.20 10.33 1.24 0.14 0.13 -1.03 0.62 27.55 25.98 28.33 27.25 30.60 38.88 41.80 40.63 32.28 27.60 26.14 20.68 17.37 11.70 -0.93 -1.09 -0.46 -1.50 0.89 23.32 27.24 27.45 29.70 28.31 28.77 39.90 42.13 37.20 30.83 27.22 21.49 17.00 10.56 -0.01 -0.72 -0.36 -0.65 1.38 25.77 31.38 30.22 31.80 30.88 33.61 39.23 40.84 42.10 36.65 26.72 16.40 16.36 8.87 -0.04 -0.76 -1.07 -0.05 0.01 29.15 26.95 30.20 29.76 37.78 33.26 37.62 43.06 32.40 27.40 24.49 20.45 15.07 12.46 -0.11 -0.96 -1.37 1.38 0.44 31.27 25.20 27.21 33.11 32.26 31.62 39.03 40.59 33.53 31.18 28.17 18.64 13.84 8.14 0.79 -2.01 2.50 -0.46 -0.79 29.27 27.87 30.89 32.30 23.73 37.28 39.56 40.01 35.45 28.60 23.79 15.44 12.99 11.00 -0.93 -0.60 -0.67 -0.64 0.38 25.85 28.05 30.25 28.64 31.38 37.61 39.09 37.29 31.88 30.64 23.40 16.91 13.35 10.99 0.28 1.95 1.26 -0.10 -0.05 28.70 21.56 27.22 30.62 30.92 30.36 37.88 42.77 32.53 32.40 23.48 20.71 11.86 8.87 0.09 1.33 -2.71 -0.19 -0.07 28.91 27.64 29.21 31.68 36.86 33.54 39.89 40.01 34.32 28.11 29.18 19.77 15.33 7.73 -0.89 1.34 0.38 -0.60 -2.49 23.91 27.24 25.96 25.37 34.54 29.92 36.08 41.06 31.16 28.73 22.22 17.96 11.18 5.98 -1.27 0.29 0.19 1.53 1.39 27.50 24.65 30.80 28.94 28.39 36.81 39.74 44.81 37.93 29.51 20.24 18.88 12.07 8.58 2.44 0.14 -1.22 -0.80 1.92 27.85 26.56 31.80 31.71 30.84 36.16 33.74 36.82 38.14 27.49 21.17 18.14 11.48 11.20 0.36 0.85 0.82 1.44 -2.32 25.79 28.86 33.13 31.76 33.65 33.88 44.48 33.56 30.74 32.30 24.02 17.23 11.65 6.73 0.00 3.03 0.63 1.76 2.18 24.58 28.53 27.84 32.97 31.66 35.03 35.62 38.80 28.75 31.77 25.01 16.04 12.49 8.41 0.39 1.70 -0.41 1.10 0.86 30.39 30.63 30.65 30.51 33.59 34.43 47.42 43.15 37.02 25.17 20.28 18.19 12.67 6.26 0.72 -0.36 -0.21 -0.63 -1.12 27.58 26.74 25.43 33.10 32.62 39.55 42.02 42.48 29.10 29.90 19.47 20.44 13.15 -1.30 0.07 -1.87 -1.60 -2.35 -0.18 27.61 27.47 27.19 30.00 34.37 32.84 37.73 40.04 28.88 29.24 21.37 16.14 11.90 1.91 1.33 -0.98 0.48 -2.98 2.85 27.22 25.36 32.22 31.79 34.38 39.58 38.06 37.79 36.53 26.68 18.06 15.77 14.72 -3.01 3.46 0.08 -0.37 -1.77 0.27 27.90 25.84 31.91 30.56 32.61 35.96 40.29 38.95 33.84 27.35 20.80 17.03 12.88 -0.51 -0.12 0.73 -0.34 -0.72 1.84 27.33 33.02 29.91 26.87 31.23 29.55 36.48 38.74 31.05 24.00 17.59 14.25 10.02 -1.37 0.06 1.83 0.29 -0.65 -1.35 25.82 25.43 33.24 28.44 35.03 32.45 42.48 37.82 30.99 28.32 22.92 13.23 11.38 -1.82 1.70 -0.17 -0.35 0.39 0.73 24.86 27.89 28.32 30.74 33.71 31.29 40.34 38.24 31.22 24.17 22.82 15.96 10.56 -1.46 -1.10 1.53 -1.36 0.92 -3.82 28.35 23.80 30.87 32.65 34.12 35.02 39.59 39.09 34.29 25.13 22.94 16.33 11.02 -0.03 1.31 0.35 -3.26 1.25 1.77 24.33 26.68 31.77 27.84 37.71 37.53 44.22 33.10 31.12 28.88 23.36 17.18 10.50 2.43 -3.77 2.97 1.87 0.50 0.48 25.01 30.10 28.94 28.67 34.39 33.82 43.51 37.48 31.56 23.80 19.98 13.40 9.60 1.62 -3.57 -1.82 -0.46 2.57 -0.04 29.31 34.48 30.88 28.32 27.54 34.56 49.20 39.33 35.54 21.86 19.98 13.38 10.35 1.21 -0.68 -2.30 0.64 -0.80 1.24 24.59 27.58 27.19 34.87 34.06 31.03 42.75 36.71 29.24 27.54 20.14 15.86 6.99 -2.15 0.34 -2.26 -0.42 0.60 -3.62 28.92 24.18 29.55 28.12 34.06 32.71 41.26 43.64 29.40 28.81 21.11 15.43 11.51 -1.29 0.45 -0.87 -0.60 -0.04 0.88 28.70 30.57 29.08 33.03 34.18 34.61 45.00 38.37 32.19 29.80 21.99 14.83 8.38 -2.28 -0.30 -0.02 -2.37 1.40 3.06 25.32 25.41 31.47 30.36 35.93 32.67 37.98 38.70 35.58 27.76 20.98 12.20 9.75 0.61 -0.23 -0.18 -1.21 -1.84 0.93 28.76 28.85 30.57 29.12 31.52 34.95 43.82 41.36 27.88 29.83 19.23 16.45 9.35 2.81 2.18 -1.05 -1.80 -0.36 -1.15 26.16 27.54 28.86 27.74 33.74 29.79 45.46 41.47 37.68 27.97 25.08 15.23 8.99 0.89 -1.67 -0.91 2.37 1.94 -0.09 23.26 27.19 29.18 34.49 30.11 34.97 45.25 38.39 36.11 28.10 22.00 18.52 8.95 -0.11 -0.35 0.16 -1.05 -0.73 -1.83 25.93 26.37 32.81 31.53 32.55 35.10 42.26 40.75 30.14 26.78 22.26 17.35 10.48 0.82 2.21 -0.90 1.14 -2.74 -0.42 30.33 29.19 28.89 33.69 30.73 40.29 44.68 37.21 33.05 31.41 22.21 15.76 9.44 0.32 -1.68 -0.17 -1.94 1.38 0.61 22.47 27.59 25.45 32.47 31.22 32.62 46.28 45.29 29.34 28.24 19.03 15.56 7.76 0.91 -1.17 -1.31 -0.60 0.72 0.15 26.29 28.11 32.16 30.80 31.87 30.54 44.86 34.67 31.49 28.25 20.38 15.39 7.64 -0.75 -2.10 -1.49 -2.01 1.44 1.56 23.15 22.94 29.58 33.04 33.09 32.37 41.01 46.93 33.96 25.38 24.53 14.30 6.51 -0.87 0.39 2.71 -2.00 -1.72 -0.49 29.06 30.20 25.89 32.96 31.05 37.93 41.50 32.95 32.19 25.23 15.06 12.93 5.93 0.16 1.81 1.06 1.81 -2.80 0.16 23.97 25.80 30.51 33.08 33.44 34.92 42.61 33.99 34.03 26.06 22.60 13.39 7.07 -0.92 0.50 0.54 0.55 0.26 -2.52 29.14 25.25 38.79 29.76 40.03 31.88 42.92 36.69 32.42 23.69 19.54 14.22 -2.88 0.16 -1.11 -2.54 -1.33 -0.70 2.34 26.69 29.88 28.06 27.38 32.98 34.98 47.95 35.82 32.52 24.26 20.64 10.86 -1.03 0.12 1.83 -2.76 1.21 2.55 -0.45 26.36 24.55 33.32 28.87 30.65 31.97 43.33 39.08 30.13 22.42 17.80 9.55 -1.91 -1.78 -1.50 2.33 -0.80 -0.32 0.01 26.94 26.20 22.52 28.29 29.43 33.77 41.25 37.97 30.08 23.89 17.95 12.43 2.16 -2.06 -0.97 0.55 1.17 -2.27 1.45 32.13 25.63 29.38 29.95 33.98 31.43 46.52 37.17 29.68 23.70 20.08 10.70 -4.24 1.68 1.55 -1.15 -1.44 2.62 0.53 28.39 29.68 29.02 30.88 34.50 33.80 46.10 41.95 30.09 25.02 18.73 12.28 2.00 2.06 -0.61 0.18 1.82 -1.42 0.66 29.62 30.25 30.32 26.46 32.45 34.58 42.85 39.70 27.81 22.36 18.30 12.68 0.30 -1.28 2.55 0.76 1.40 -2.70 0.86 22.00 28.29 32.85 35.71 33.68 31.23 42.07 41.48 30.60 23.97 14.62 8.85 -0.07 0.72 0.06 -1.77 3.35 0.39 1.77 25.15 28.34 33.26 27.64 33.20 38.78 39.90 38.07 29.30 24.95 16.94 9.53 2.79 -1.49 -0.06 -2.77 -0.21 -0.51 -1.03 25.60 27.30 32.56 33.88 33.71 31.21 42.09 32.99 31.17 24.90 18.65 11.69 0.22 0.73 0.23 -0.09 -1.04 -2.74 2.67 26.02 24.85 29.88 30.78 30.29 34.79 42.04 35.81 27.88 24.64 15.51 9.68 1.25 1.67 -0.67 0.69 0.57 0.81 3.00 26.25 29.34 31.97 34.34 31.11 36.42 38.55 34.48 27.49 25.29 14.66 7.40 -1.69 0.52 2.43 -1.51 1.77 1.33 0.55 25.26 28.75 35.44 33.74 29.54 34.70 42.88 38.84 34.62 24.79 13.52 10.22 0.52 -1.25 -0.82 -0.27 1.01 -1.28 -1.25 28.98 27.07 29.92 31.82 30.89 28.47 41.99 38.18 27.31 24.62 15.79 12.17 -0.01 1.13 -2.91 -0.44 -0.97 -0.50 -0.62 29.20 27.32 33.66 30.91 31.58 33.92 43.31 35.32 31.03 24.24 15.05 10.22 -1.14 -3.76 0.27 1.21 -0.14 0.83 -2.93 29.40 29.19 28.50 26.40 29.52 37.10 41.50 32.79 28.28 22.69 18.87 12.57 0.44 0.24 -2.53 0.08 0.94 -0.16 1.81 29.63 30.84 26.84 32.04 30.19 33.94 43.05 40.10 31.39 20.09 18.50 11.11 -0.46 1.94 0.90 -1.02 0.75 0.06 -1.86 32.80 27.37 31.98 35.34 41.70 39.59 39.05 36.19 32.04 23.81 16.54 5.67 -0.13 1.20 1.11 0.67 -0.25 -1.43 -0.12 29.63 24.70 31.49 33.10 36.09 34.23 37.85 37.49 27.96 22.35 16.84 11.27 0.18 0.73 -0.72 0.82 -1.64 -0.41 -2.33 27.54 25.72 32.35 34.62 31.39 34.10 42.95 37.31 25.09 23.23 12.61 8.09 -0.15 1.31 1.90 1.69 -0.32 2.59 0.12 25.19 28.02 28.75 31.79 29.60 37.44 44.47 32.60 25.19 20.42 16.56 8.17 2.73 -1.91 0.27 3.30 -1.51 0.88 0.95 29.26 27.92 32.04 29.87 29.85 38.09 40.18 32.15 26.39 21.93 15.17 8.40 0.10 1.05 -0.85 1.20 4.36 1.83 -2.72 28.62 31.60 30.57 35.51 32.09 30.94 43.75 34.32 27.39 20.10 12.45 11.92 0.44 1.69 0.07 1.69 -0.67 1.41 1.41 25.57 29.53 30.33 32.63 35.57 37.84 41.45 34.49 27.72 21.78 13.02 7.49 0.23 -1.33 -0.25 -0.68 1.85 0.72 -2.10 28.18 25.10 29.34 30.54 35.80 33.52 41.35 33.63 26.55 20.95 17.43 8.47 0.62 -0.35 0.61 -1.16 0.13 2.49 -1.32 32.34 26.00 29.97 36.86 37.23 35.14 39.58 35.95 25.41 20.55 15.06 6.69 -1.09 0.93 -3.46 0.84 -0.31 2.65 -0.39 28.48 26.42 26.34 29.07 31.63 38.51 35.36 35.27 31.08 21.72 13.40 6.18 -1.35 0.02 -0.19 3.43 1.09 1.76 0.30 25.09 27.95 27.65 33.87 29.82 40.26 40.16 37.21 27.39 21.50 12.57 9.39 -0.69 -0.48 2.25 -1.28 -0.40 4.48 0.78 29.52 28.42 31.08 36.96 33.60 30.92 40.70 35.19 31.45 22.11 14.95 5.59 -0.61 2.96 1.47 -1.29 -0.89 0.47 1.53 26.61 26.31 30.40 32.47 31.98 36.59 44.54 30.07 23.91 21.63 15.31 -0.27 0.97 0.28 2.42 -0.61 0.93 1.78 0.65 32.19 26.95 31.65 32.10 33.34 39.85 38.41 33.48 24.69 20.18 17.92 0.51 1.49 -0.42 0.55 0.59 3.40 -0.48 1.07 29.10 28.51 28.36 28.42 32.27 32.97 40.02 32.02 31.74 18.65 13.16 -2.10 1.12 0.84 -1.31 2.60 -3.79 -1.22 -0.89 24.29 32.07 32.48 31.92 31.40 37.33 43.51 34.16 26.38 21.93 11.77 -0.41 -0.01 1.10 0.75 2.96 -0.74 -0.23 -2.82 25.16 29.17 28.92 28.73 34.68 42.82 42.63 33.49 24.00 17.62 11.89 0.69 1.44 -1.79 -0.24 -0.06 0.73 2.33 0.15 25.11 25.62 31.90 33.41 35.88 33.94 35.10 37.90 26.94 22.21 13.63 -1.26 2.78 1.28 3.05 0.54 2.54 0.89 0.54 25.86 27.48 34.06 33.18 35.29 35.79 39.34 33.09 26.20 13.37 11.02 1.31 -1.05 -0.80 -1.28 -1.18 -0.30 -2.73 -1.16 28.05 26.98 31.54 29.74 28.76 37.19 37.90 33.19 25.32 22.21 13.21 -0.59 1.16 -0.78 -1.36 0.50 0.69 0.90 -0.45 29.87 25.66 32.31 31.17 33.35 42.18 41.20 34.38 27.21 21.83 12.68 3.43 -1.33 1.94 -0.86 0.29 -0.87 -0.46 -1.84 22.30 28.00 30.23 30.19 33.67 34.17 34.06 31.03 29.73 19.20 10.06 1.35 -1.03 1.51 -1.27 -1.36 -0.51 -2.24 3.13 26.81 24.87 29.44 37.88 34.46 32.20 38.39 36.37 27.17 15.62 13.45 3.66 1.98 0.89 -0.64 1.17 0.57 -1.01 -1.43 26.57 31.15 29.67 34.31 33.67 36.41 43.67 30.23 27.63 14.05 11.31 -0.86 0.41 0.02 -1.38 0.90 -0.04 -2.13 0.65 28.12 28.07 33.11 34.32 36.97 40.06 41.43 27.25 24.68 20.32 12.41 -0.43 -1.34 0.36 -1.84 -2.37 1.98 -0.38 -1.47 29.19 25.90 34.76 34.90 33.90 46.33 33.11 31.32 26.90 18.06 10.62 -2.13 0.14 2.65 -0.23 -0.43 -0.66 -0.78 -0.83 24.39 27.84 32.38 34.24 32.55 40.07 41.43 26.90 27.97 16.09 8.75 -1.10 -0.41 0.09 -0.06 0.40 0.02 2.76 -0.63 28.04 24.96 27.12 33.93 27.47 39.99 39.80 34.57 28.10 18.00 12.30 -2.02 -1.23 2.05 0.53 -1.20 0.82 -2.24 1.20 21.64 25.21 26.92 32.98 31.53 38.99 38.07 31.91 22.42 21.34 10.68 3.35 -0.36 0.72 -1.48 1.34 3.51 3.32 -1.56 27.61 30.03 27.96 32.88 36.65 42.30 41.62 31.07 24.82 17.95 8.96 0.49 1.72 -0.67 -0.85 0.15 1.44 -0.56 -0.69 26.73 26.99 32.75 29.84 30.78 39.34 42.44 35.65 25.31 16.02 11.04 2.34 -1.84 -0.39 -0.41 -1.83 1.08 0.48 -0.98 25.55 25.70 33.54 34.04 31.25 38.54 36.32 30.08 21.20 17.17 9.86 -0.18 -1.31 0.20 -0.12 -0.06 1.00 2.52 1.92 25.43 28.04 33.60 33.18 34.15 40.05 38.48 31.93 24.80 14.01 11.98 -1.30 0.66 -1.34 -1.64 -1.81 -1.61 -1.24 -2.57 28.80 26.42 32.29 34.43 38.59 44.05 39.37 29.77 23.73 17.81 11.40 1.94 -0.23 -1.33 -0.75 -1.56 -0.66 -1.12 2.27 28.00 24.68 31.88 33.63 35.31 42.97 40.05 25.76 23.53 15.91 6.42 -0.60 -1.73 0.57 0.32 -1.13 -0.81 -1.50 1.31 28.59 29.75 27.70 33.43 38.11 46.44 38.74 28.88 25.63 13.16 10.49 2.00 -1.39 1.53 0.04 1.29 -3.75 -2.21 -1.26 28.28 29.63 31.94 31.23 36.50 40.95 40.35 33.76 24.09 17.82 10.57 0.71 0.63 -1.07 -3.43 -1.14 2.29 -1.79 1.61 24.29 28.94 29.97 28.48 30.40 43.09 36.20 34.98 20.78 15.39 9.41 0.19 -1.06 -1.75 0.85 -0.42 -1.07 3.34 -1.07 28.72 32.25 33.20 31.07 34.13 47.67 37.59 31.13 23.90 14.03 9.80 -0.34 -1.03 2.27 -2.03 -0.98 1.52 -1.29 -0.23 25.65 28.21 25.36 30.53 35.56 40.42 38.52 33.26 20.99 18.27 5.15 -1.82 -1.76 -2.03 -0.50 -0.26 1.30 -1.68 1.68 28.80 23.10 31.91 35.44 31.69 42.30 41.10 28.33 25.09 15.57 8.43 -1.03 -0.44 -0.76 1.14 1.13 0.33 -2.19 -1.46 23.85 28.05 28.25 37.42 34.82 45.20 38.03 26.23 21.20 14.94 8.11 -0.05 -3.79 -0.56 0.61 -2.26 -2.21 -0.24 0.15 30.97 30.83 29.51 33.17 37.31 39.53 35.62 29.96 22.59 16.80 7.30 -0.25 -0.87 0.21 -0.65 -0.50 0.56 1.99 1.11 28.35 26.15 25.12 34.95 35.02 50.42 34.59 28.93 25.11 14.86 7.55 0.62 -1.57 2.92 0.79 -0.73 2.18 0.32 0.55 25.69 32.60 30.54 30.65 32.88 41.35 42.11 30.27 24.09 15.14 6.62 -1.86 -0.70 -1.86 -0.79 -1.53 -0.40 0.55 -0.34 30.02 27.47 29.27 33.03 31.83 46.65 37.96 31.29 24.10 16.94 6.80 -1.45 -2.19 -2.06 0.53 0.04 -2.65 -1.87 -1.24 0.00 29.03 31.67 29.56 30.18 50.01 35.31 34.64 20.89 12.04 7.56 1.46 0.75 -0.40 0.12 -0.07 -1.44 -1.88 0.67 0.00 0.00 0.00 0.00 32.21 46.21 36.18 27.99 22.32 12.61 2.61 -1.61 0.37 -0.16 0.44 2.07 -0.62 -0.29 0.18 0.00 0.00 0.00 0.00 0.00 0.00 35.63 28.18 20.74 12.82 1.43 1.67 1.48 -0.72 1.84 -0.54 0.22 0.33 -2.38 0.00 0.00 0.00 0.00 0.00 0.00 0.00 28.65 21.00 17.02 -1.35 -0.85 -0.82 -0.90 1.80 1.36 0.91 -0.70 0.05 0.00 0.00 0.00 0.00 0.00 0.00 0.00 0.00 18.20 18.92 -1.44 -1.15 2.97 1.22 0.23 2.98 -0.39 -1.96 -1.72 0.00 0.00 0.00 0.00 0.00 0.00 0.00 0.00 0.00 11.35 -1.81 0.25 -1.72 0.37 0.58 1.71 0.69 -1.10 1.70 0.00 0.00 0.00 0.00 0.00 0.00 0.00 0.00 0.00 0.00 -1.52 0.72 -0.30 1.95 0.73 0.63 1.53 -1.45 -0.27 0.00 0.00 0.00 0.00 0.00 0.00 0.00 0.00 0.00 0.00 0.00 -2.71 2.47 -1.25 -0.08 -2.32 -2.33 -0.51 0.32 0.00 0.00 0.00 0.00 0.00 0.00 0.00 0.00 0.00 0.00 0.00 0.00 2.43 1.28 0.92 -1.23 1.66 -1.69 -2.23 0.00 0.00 0.00 0.00 0.00 0.00 0.00 0.00 0.00 0.00 0.00 0.00 0.12 -0.59 0.39 -0.64 4.13 -1.97 -0.82 0.00 0.00 0.00 0.00 0.00 0.00 0.00 0.00 0.00 0.00 0.00 0.00 0.00 0.34 -1.08 0.96 1.94 -2.22 -2.38 0.00 0.00 0.00 0.00 0.00 0.00 0.00 0.00 0.00 0.00 0.00 0.00 0.00 0.00 1.89 -2.24 1.53 -1.55 -3.97 0.00 0.00 0.00 0.00 0.00 0.00 0.00 0.00 0.00 0.00 0.00 0.00 0.00 0.00 2.93 0.77 1.07 -2.51 1.63 0.00 0.00 0.00 0.00 0.00 0.00 0.00 0.00 0.00 0.00 0.00 0.00 0.00 0.00 0.00 -0.30 -2.88 -1.03 0.22 0.00 0.00 0.00 0.00 0.00 0.00 0.00 0.00 0.00 0.00 0.00 0.00 0.00 0.00 0.00 0.35 2.06 0.52 -1.91 0.00 0.00 0.00 0.00 0.00 0.00 0.00 0.00 0.00 0.00 0.00 0.00 0.00 0.00 0.00 0.00 4.19 2.36 1.09 0.00 0.00 0.00 0.00 0.00 0.00 0.00 0.00 0.00 0.00 0.00 0.00 0.00 0.00 0.00 0.00 0.05 3.71 1.35 0.00 0.00 0.00 0.00 0.00 0.00 0.00 0.00 0.00 0.00 0.00 0.00 0.00 0.00 0.00 0.00 0.00 0.63 -0.88 0.00 0.00 0.00 0.00 0.00 0.00 0.00 0.00 0.00 0.00 0.00 0.00 0.00 0.00 0.00 0.00 0.00 0.75 -1.28 0.00 0.00 0.00 0.00 0.00 0.00 0.00 0.00 0.00 0.00 0.00 0.00 0.00 0.00 0.00 0.00 0.00 0.00 -1.65 0.00 0.00 0.00 0.00 0.00 0.00 0.00 0.00 0.00 0.00 0.00 0.00 0.00 0.00 0.00 0.00 0.00 0.00 1.65 0.00 0.00 0.00 0.00 0.00 0.00 0.00 0.00 0.00 0.00 0.00 0.00 0.00 0.00 0.00 0.00 0.00 0.00 0.00 0.00 0.00 0.00 0.00 0.00 0.00 0.00 0.00 0.00 0.00 0.00 0.00 0.00 0.00 0.00 0.00 0.00 0.00 0.00 0.00 0.00 0.00 0.00 0.00 0.00 0.00 0.00 0.00 0.00 0.00 0.00 0.00 0.00 0.00 0.00 0.00 0.00 0.00 0.00 0.00 0.00 0.00 0.00 0.00 0.00 0.00 0.00 0.00 0.00 0.00 0.00 0.00 0.00 0.00 0.00 0.00 0.00 0.00 0.00 0.00 0.00 0.00 0.00 0.00 0.00 0.00 0.00 0.00 0.00 0.00 0.00 0.00 0.00 0.00 0.00 0.00 0.00 0.00 0.00 0.00 0.00 0.00 0.00 0.00 0.00 0.00 0.00 0.00 0.00 0.00 0.00 0.00 0.00 0.00 0.00 0.00 0.00 0.00 0.00 0.00 0.00 0.00 0.00 0.00 0.00 0.00 0.00 0.00 0.00 0.00 0.00 0.00 0.00 0.00 0.00 0.00 0.00 0.00 0.00 0.00 0.00 0.00 0.00 0.00 0.00 0.00 0.00 0.00 0.00 0.00 0.00 0.00 0.00 0.00 0.00 0.00 0.00 0.00 0.00 0.00 0.00 0.00 0.00 0.00 0.00 0.00 0.00 0.00 0.00 0.00 0.00 0.00 0.00 0.00 0.00 0.00 0.00 0.00 0.00 0.00 0.00 0.00 0.00 0.00 0.00 0.00 0.00 0.00 0.00 0.00 0.00 0.00 0.00 0.00 0.00 0.00 0.00 0.00 0.00 0.00 0.00 0.00 0.00 0.00 0.00 0.00 0.00 0.00 0.00 0.00 0.00 0.00 0.00 0.00 0.00 0.00 0.00 0.00 0.00 0.00 0.00 0.00 0.00 0.00 0.00 0.00 0.00 0.00 0.00 0.00 0.00 0.00 0.00 0.00 0.00 0.00 0.00 0.00 0.00 0.00 0.00 0.00 0.00 0.00 0.00 0.00 0.00 0.00 0.00 0.00 0.00 0.00 0.00 0.00 0.00 0.00 0.00 0.00 0.00 0.00 0.00 0.00 0.00 0.00 0.00 0.00 0.00 0.00 0.00 0.00 0.00 0.00 0.00 0.00 0.00 0.00 0.00 0.00 0.00 0.00 0.00 0.00 0.00 0.00 0.00 0.00 0.00 0.00 0.00 0.00 0.00 0.00 0.00 0.00 0.00 0.00 0.00 0.00 0.00 0.00 0.00 0.00 0.00 0.00 0.00 0.00 0.00 0.00 0.00 0.00 0.00 0.00 0.00 0.00 0.00 0.00 0.00 0.00 0.00 0.00 0.00 0.00 0.00 0.00 0.00 0.00 0.00 0.00 0.00 0.00 0.00 0.00 0.00 0.00 0.00 0.00 0.00 0.00 0.00 0.00 0.00 0.00 0.00 0.00 0.00 0.00 0.00 0.00 0.00 0.00 0.00 0.00 0.00 0.00 0.00 0.00 0.00 0.00 0.00 0.00 0.00 0.00 0.00 0.00 0.00 0.00 0.00 0.00 0.00 0.00 0.00 0.00 0.00 0.00 0.00 0.00 0.00 0.00 0.00 0.00 0.00 0.00 0.00 0.00 0.00 0.00 0.00 0.00 0.00 0.00 0.00 0.00 0.00 0.00 0.00 0.00 0.00 0.00 0.00 0.00 0.00 0.00 0.00 0.00 0.00 0.00 0.00 0.00 0.00 0.00 0.00 0.00 0.00 0.00 0.00 0.00 0.00 0.00 0.00 0.00 0.00 0.00 0.00 0.00 0.00 0.00 0.00 0.00 0.00 0.00 0.00 0.00 0.00 0.00 0.00 0.00 0.00 0.00 0.00 0.00 0.00 0.00 0.00 0.00 0.00 0.00 0.00 0.00 0.00 0.00 0.00 0.00 0.00 0.00 0.00 0.00 0.00 0.00 0.00 0.00 0.00 0.00 0.00 0.00 0.00 0.00 0.00 0.00 0.00 0.00 0.00 0.00 0.00 0.00 0.00 0.00 0.00 0.00 0.00 0.00 0.00 0.00 0.00 0.00 0.00 0.00 0.00 0.00 0.00 0.00 0.00 0.00 0.00 0.00 0.00 0.00 0.00 0.00 0.00 0.00 0.00 0.00 0.00 0.00 0.00 0.00 0.00 0.00 0.00 0.00 0.00 0.00 0.00 0.00 0.00 0.00 0.00 0.00 0.00 0.00 0.00 0.00 0.00 0.00 0.00 0.00 0.00 0.00 0.00 0.00 0.00 0.00 0.00 0.00 0.00 0.00 0.00 0.00 0.00 0.00 0.00 0.00 0.00 0.00 0.00 0.00 0.00 0.00 0.00 0.00 0.00 0.00 0.00 0.00 0.00 0.00 0.00 0.00 0.00 0.00 0.00 0.00 0.00 0.00 0.00 0.00 0.00 0.00 0.00 0.00 0.00 0.00 0.00 0.00 0.00 0.00 0.00 0.00 0.00 0.00 0.00 0.00 0.00 0.00 0.00 0.00 0.00 0.00 0.00 0.00 0.00 0.00 0.00 0.00 0.00 0.00 0.00 0.00 0.00 0.00 0.00 0.00 0.00 0.00 0.00 0.00 0.00 0.00 0.00 0.00 0.00 0.00 0.00 0.00 0.00 0.00 0.00 0.00 0.00 0.00 0.00 0.00 0.00 0.00 0.00 0.00 0.00 0.00 0.00 0.00 0.00 0.00 0.00 0.00 0.00 0.00 0.00 0.00 0.00 0.00 0.00 0.00 0.00 0.00 0.00 0.00 0.00 0.00 0.00 0.00 0.00 0.00 0.00 0.00 0.00 0.00 0.00 0.00 0.00 0.00 0.00 0.00 0.00 0.00 0.00 0.00 0.00 0.00 0.00 0.00 0.00 0.00 0.00 0.00 0.00 0.00 0.00 0.00 0.00 0.00 0.00 0.00 0.00 0.00 0.00 0.00 0.00 0.00 0.00 0.00 0.00 0.00 0.00 0.00 0.00 0.00 0.00 0.00 0.00 0.00 0.00 0.00 0.00 0.00 0.00 0.00 0.00 0.00 0.00 0.00 0.00 0.00 0.00 0.00 0.00 0.00 0.00 0.00 0.00 0.00 0.00 0.00 0.00 0.00 0.00 0.00 0.00 0.00 0.00 0.00 0.00 0.00 0.00 0.00 0.00 0.00 0.00 0.00 0.00 0.00 0.00 0.00 0.00 0.00 0.00 0.00 0.00 0.00 0.00 0.00 0.00 0.00 0.00 0.00 0.00 0.00 0.00 0.00 0.00 0.00 0.00 0.00 0.00 0.00 0.00 0.00 0.00 0.00 0.00 0.00 0.00 0.00 0.00 0.00 0.00 0.00 0.00 0.00 0.00 0.00 0.00 0.00 0.00 0.00 0.00 0.00 0.00 0.00 0.00 0.00 0.00 0.00 0.00 0.00 0.00 0.00 0.00 0.00 0.00 0.00 0.00 0.00 0.00 0.00 0.00 0.00 0.00 0.00 0.00 0.00 0.00 0.00 0.00 0.00 0.00 0.00 0.00 0.00 0.00 0.00 0.00 0.00 0.00 0.00 0.00 0.00 0.00 0.00 0.00 0.00 0.00 0.00 0.00 0.00 0.00 0.00 0.00 0.00 0.00 0.00 0.00 0.00 0.00 0.00 0.00 0.00 0.00 0.00 0.00 0.00 0.00 0.00 0.00 0.00 0.00 0.00 0.00 0.00 0.00 0.00 0.00 0.00 0.00 0.00 0.00 0.00 0.00 0.00 0.00 0.00 0.00 0.00 0.00 0.00 0.00 0.00 0.00 0.00 0.00 0.00 0.00 0.00 0.00 0.00 0.00 0.00 0.00 0.00 0.00 0.00 0.00 0.00 0.00 0.00 0.00 0.00 0.00 0.00 0.00 0.00 0.00 0.00 0.00 0.00 0.00 0.00 0.00 0.00 0.00 0.00 0.00 0.00 0.00
rain_type.data=1 1 1 1 1 0 0 0 0 0 0 0 0 0 0 0 0 0 0 1 1 1 1 1 1 1 0 0 0 0 0 0 0 0 0 0 0 0 1 1 1 1 1 1 1 1 1 0 0 0 0 0 0 0 0 0 0 1 1 1 1 1 1 1 1 1 1 1 0 0 0 0 0 0 0 0 1 1 1 1 1 1 1 1 1 1 1 1 0 0 0 0 0 0 0 1 1 1 1 1 1 1 1 1 1 1 1 1 0 0 0 0 0 0 1 1 1 1 1 1 1 1 1 1 1 1 1 1 1 0 0 0 0 1 1 1 1 1 1 1 1 1 1 1 1 1 1 1 1 0 0 0 1 1 1 1 1 1 1 1 1 1 1 1 1 1 1 1 1 0 0 1 1 1 1 1 1 1 1 1 1 1 1 1 1 1 1 1 0 0 1 1 1 1 1 1 1 1 1 1 1 1 1 1 1 1 1 1 0 2 2 2 2 1 1 1 1 1 1 1 1 1 1 1 1 1 1 1 2 2 2 2 2 2 2 1 1 1 1 1 1 1 1 1 1 1 1 2 2 2 2 2 2 2 2 2 1 1 1 1 1 1 1 1 1 1 2 2 2 2 2 2 2 2 2 2 2 1 1 1 1 1 1 1 1 2 2 2 2 2 2 2 2 2 2 2 2 1 1 1 1 1 1 1 2 2 2 2 2 2 2 2 2 2 2 2 2 1 1 1 1 1 1 2 2 2 2 2 2 2 2 2 2 2 2 2 2 1 1 1 1 1 2 2 2 2 2 2 2 2 2 2 2 2 2 2 2 1 1 1 1 2 2 2 2 2 2 2 2 2 2 2 2 2 2 2 2 1 1 1 2 2 2 2 2 2 2 2 2 2 2 2 2 2 2 2 2 1 1 2 2 2 2 2 2 2 2 2 2 2 2 2 2 2 2 2 2 1 2 2 2 2 2 2 2 2 2 2 2 2 2 2 2 2 2 2 2 2 2 2 2 2 2 2 2 2 2 2 2 2 2 2 2 2 2 2 2 2 2 2 2 2 2 2 2 2 2 2 2 2 2 2 2 2 2 2 2 2 2 2 2 2 2 2 2 2 2 2 2 2 2 2 2 2 2 2 2 2 2 2 2 2 2 2 2 2 2 2 2 2 2 2 2 2 2 2 2 2 2 2 2 2 2 2 2 2 2 2 2 2 2 2 2 2 2 2 2 2 2 2 2 2 2 2 2 2 2 2 2 2 2 2 2 2 2 2 2 2 2 2 2 2 2 2 2 2 2 2 2 2 2 2 2 2 2 2 2 2 2 2 2 2 2 2 2 2 2 2 2 2 2 2 2 2 2 2 2 2 2 2 2 2 2 2 2 2 2 2 2 2 2 2 2 2 2 2 2 2 2 2 2 2 2 2 2 2 2 2 2 2 2 2 2 2 2 2 2 2 2 2 2 2 2 2 2 2 2 2 2 2 2 2 2 2 2 2 2 2 2 2 2 2 2 2 2 2 2 2 2 2 2 2 2 2 2 2 2 2 2 2 2 2 2 2 2 2 2 2 2 2 2 2 2 2 2 2 2 2 2 2 2 2 2 2 2 2 2 2 2 2 2 2 2 2 2 2 2 2 2 2 2 2 2 2 2 2 2 2 2 2 2 2 2 2 2 2 2 2 2 2 2 2 2 2 2 2 2 2 2 2 2 2 2 2 2 2 2 2 2 2 2 2 2 2 2 2 2 2 2 2 2 2 2 2 2 2 2 2 2 2 2 2 2 2 2 2 2 2 2 2 2 2 2 2 2 2 2 2 2 2 2 2 2 2 2 2 2 2 2 2 2 2 2 2 2 2 2 2 2 2 2 2 2 2 2 2 2 2 2 2 2 2 2 2 2 2 2 2 2 2 2 2 2 2 2 2 2 2 2 2 2 2 2 2 2 2 2 2 2 2 2 2 2 2 2 2 2 2 2 2 2 2 2 2 2 2 2 2 2 2 2 2 2 2 2 2 2 2 2 2 2 2 2 2 2 2 2 2 2 2 2 2 2 2 2 2 2 2 2 2 2 2 2 2 2 2 2 2 2 2 2 2 2 2 2 2 2 2 2 2 2 2 2 2 2 2 2 2 2 2 2 2 2 2 2 2 2 2 2 2 2 2 2 2 2 2 2 2 2 2 2 2 2 2 2 2 2 2 2 2 2 2 2 2 2 2 2 2 2 2 2 2 2 2 2 2 2 2 2 2 2 2 2 2 2 2 2 2 2 2 2 2 2 2 2 2 2 2 2 2 2 2 2 2 2 2 2 2 2 2 2 2 2 2 2 2 2 2 2 2 2 2 2 2 2 2 2 2 2 2 2 2 2 2 2 2 2 2 2 2 2 2 2 2 2 2 2 2 2 2 2 2 2 2 2 2 2 2 2 2 2 2 2 2 2 2 2 2 2 2 2 2 2 2 2 2 2 2 2 2 2 2 2 2 2 2 2 2 2 2 2 2 2 2 2 2 2 2 2 2 2 2 2 2 2 2 2 2 2 2 2 2 2 2 2 2 2 2 2 2 2 2 2 2 2 2 2 2 2 2 2 2 2 2 2 2 2 2 2 2 2 2 2 2 2 2 2 2 2 2 2 2 2 2 2 2 2 2 2 2 2 2 2 2 2 2 2 2 2 2 2 2 2 2 2 2 2 2 2 2 2 2 2 2 2 2 2 2 2 2 2 2 2 2 2 2 2 2 2 2 2 2 2 2 2 2 2 2 2 2 2 2 2 2 2 2 2 2 2 2 2 2 2 2 2 2 2 2 2 2 2 2 2 2 2 2 2 2 2 2 2 2 2 2 2 2 2 2 2 2 2 2 2 2 2 2 2 2 2 2 2 2 2 2 2 2 2 2 2 2 2 2 2 2 2 2 2 2 2 2 2 2 2 2 2 2 2 2 2 2 2 2 2 2 2 2 2 2 2 2 2 2 2 2 2 2 2 2 2 2 2 2 2 2 2 2 2 2 2 2 2 2 2 2 2 2 2 2 2 2 2 2 2 2 2 2 2 2 2 2 2 2 2 2 2 2 2 2 2 2 2 2 2 2 2 2 2 2 2 2 2 2 2 2 2 2 2 2 2 2 2 2 2 2 2 2 2 2 2 2 2 2 2 2 2 2 2 2 2 2 2 2 2 2 2 2 2 2 2 2 2 2 2 2 2 2 2 2 2 2 2 2 2 2 2 2 2 2 2 2 2 2 2 2 2 2 2 2 2 2 2 2 2 2 2 2 2 2 2 2 2 2 2 2 2 2 2 2 2 2 2 2 2 2 2 2 2 2 2 2 2 2 2 2 2 2 2 2 2 2 2 2 2 2 2 2 2 2 2 2 2 2 2 2 2 2 2 2 2 2 2 2 2 2 2 2 2 2 2 2 2 2 2 2 2 2 2 2 2 2 2 2 2 2 2 2 2 2 2 2 2 2 2 2 2 2 2 2 2 2 2 2 2 2 2 2 2 2 2 2 2 2 2 2 2 2 2 2 2 2 2 2 2 2 2 2 2 2 2 2 2 2 2 2 2 2 2 2 2 2 2 2 2 2 2 2 2 2 2 2 2 2 2 2 2 2 2 2 2 2 2 2 2 2 2 2 2 2 2 2 2 2 2 2 2 2 2 2 2 2 2 2 2 2 2 2 2 2 2 2 2 2 2 2 2 2 2 2 2 2 2 2 2 2 2 2 2 2 2 2 2 2 2 2 2 2 2 2 2 2 2 2 2 2 2 2 2 2 2 2 2 2 2 2 2 2 2 2 2 2 2 2 2 2 2 2 2 2 2 2 2 2 2 2 2 2 2 2 2 2 2 2 2 2 2 2 2 2 2 2 2 2 2 2 2 2 2 2 2 2 2 2 2 2 2 2 2 2 2 2 2 2 2 2 2 2 2 2 2 2 2 2 2 2 2 2 2 2 2 2 2 2 2 2 2 2 2 2 2 2 2 2 2 2 2 2 2 2 2 2 2 2 2 2 2 2 2 2 2 2 2 2 2 2 2 2 2 2 2 2 2 2 2 2 2 2 2 2 2 2 2 2 2 2 2 2 2 2 2 2 2 2 2 2 2 2 2 2 2 2 2 2 2 2 2 2 2 2 2 2 2 2 2 2 2 2 2 2 2 2 2 2 2 2 2 2 2 2 2 2 2 2 2 2 2 2 2 2 2 2 2 2 2 2 2 2 2 2 2 2 2 2 2 2 2 2 2 2 2 2 2 2 2 2 2 2 2 2 2 2 2 2 2 2 2 2 2 2 2 2 2 2 2 2 2 2 2 2 2 2 2 2 2 2 2 2 2 2 2 2 2 2 2 2 2 2 2 2 2 2 2 2 2 2 2 2 2 2 2 2 2 2 2 2 2 2 2 2 2 2 2 2 2 2 2 2 2 2 2 2 2 2 2 2 2 2 2 2 2 2 2 2 2 2 2 2 2 2 2 2 2 2 2 2 2 2 2 2 2 2 2 2 2 2 2 2 2 2 2 2 2 2 2 2 2 2 2 2 2 2 2 2 2 2 2 2 2 2 2 2 2 2 2 2 2 2 2 2 2 2 2 2 2 2 2 2 2 2 2 2 2 2 2 2 2 2 2 2 2 2 2 2 2 2 2 2 2 2 2 2 2 2 2 2 2 2 2 2 2 2 2 2 2 2 2 2 2 2 2 2 2 2 2 2 2 2 2 2 2 2 2 2 2 2 2 2 2 2 2 2 2 2 2 2 2 2 2 2 2 1 1 1 1 1 2 2 2 2 2 2 2 2 2 2 2 2 2 2 1 1 1 1 1 1 1 2 2 2 2 2 2 2 2 2 2 2 2 1 1 1 1 1 1 1 1 2 2 2 2 2 2 2 2 2 2 2 1 1 1 1 1 1 1 1 1 2 2 2 2 2 2 2 2 2 2 1 1 1 1 1 1 1 1 1 1 2 2 2 2 2 2 2 2 2 1 1 1 1 1 1 1 1 1 1 1 2 2 2 2 2 2 2 2 1 1 1 1 1 1 1 1 1 1 1 1 2 2 2 2 2 2 2 1 1 1 1 1 1 1 1 1 1 1 1 1 2 2 2 2 2 2 1 1 1 1 1 1 1 1 1 1 1 1 1 1 2 2 2 2 2 1 1 1 1 1 1 1 1 1 1 1 1 1 1 2 2 2 2 2 1 1 1 1 1 1 1 1 1 1 1 1 1 1 1 2 2 2 2 1 1 1 1 1 1 1 1 1 1 1 1 1 1 1 1 2 2 2 1 1 1 1 1 1 1 1 1 1 1 1 1 1 1 1 2 2 2 1 1 1 1 1 1 1 1 1 1 1 1 1 1 1 1 1 2 2 1 1 1 1 1 1 1 1 1 1 1 1 1 1 1 1 1 1 2 1 1 1 1 1 1 1 1 1 1 1 1 1 1 1 1 1 1 2 1 1 1 1 1 1 1 1 1 1 1 1 1 1 1 1 1 1 1 1 1 1 1 1 1 1 1 1 1 1 1 1 1 1 1 1 1 1 1 1 1 1 1 1 1 1 1 1 1 1 1 1 1 1 1 1 1 1 1 1 1 1 1 1 1 1 1 1 1 1 1 1 1 1 1 1 1 1 1 1 1 1 1 1 1 1 1 1 1 1 1 1 1 1 1 1 1 1 1 1 1 1 1 1 1 1 1 1 1 1 1 1 1 1 1 1 1 1 1 1 1 1 1 1 1 1 1 1 1 1 1 1 1 1 1 1 1 1 1 1 1 1 1 1 1 1 1 1 1 1 1 1 1 1 1 1 1 1 1 1 1 1 1 1 1 1 1 1 1 1 1 1 1 1 1 1 1 1 1 1 1 1 1 1 1 1 1 1 1 1 1 1 1 1 1 1 1 1 1 1 1 1 1 1 1 1 1 1 1 1 1 1 1 1 1 1 1 1 1 1 1 1 1 1 1 1 1 1 1 1 1 1 1 1 1 1 1 1 1 1 1 1 1 1 1 1 1 1 1 1 1 1 1 1 1 1 1 1 1 1 1 1 1 1 1 1 1 1 1 1 1 1 1 1 1 1 1 1 1 1 1 1 1 1 1 1 1 1 1 1 1 1 1 1 1 1 1 1 1 1 1 1 1 1 1 1 1 1 1 1 1 1 1 1 1 1 1 1 1 1 1 1 1 1 1 1 1 1 1 1 1 1 1 1 1 1 1 1 1 1 1 1 1 1 1 1 1 1 1 1 1 1 1 1 1 1 1 1 1 1 1 1 1 1 1 1 1 1 1 1 1 1 1 1 1 1 1 1 1 1 1 1 1 1 1 1 1 1 1 1 1 1 1 1 1 1 1 1 1 1 1 1 1 1 1 1 1 1 1 1 1 1 1 1 1 1 1 1 1 1 1 1 1 1 1 1 1 1 1 1 1 1 1 1 1 1 1 1 1 1 1 1 1 1 1 1 1 1 1 1 1 1 1 1 1 1 1 1 1 1 1 1 1 1 1 1 1 1 1 1 1 1 1 1 1 1 1 1 1 1 1 1 1 1 1 1 1 1 1 1 1 1 1 1 1 1 1 1 1 1 1 1 1 1 1 1 1 1 1 1 1 1 1 1 1 1 1 1 1 1 1 1 1 1 1 1 1 1 1 1 1 1 1 1 1 1 1 1 1 1 1 1 1 1 1 1 1 1 1 1 1 1 1 1 1 1 1 1 1 1 1 1 1 1 1 1 1 1 1 1 1 1 1 1 1 1 1 1 1 1 1 1 1 1 1 1 1 1 1 1 1 1 1 1 1 1 1 1 1 1 1 1 1 1 1 1 1 1 1 1 1 1 1 1 1 1 1 1 1 1 1 1 1 1 1 1 1 1 1 1 1 1 1 1 1 1 1 1 1 1 1 1 1 1 1 1 1 1 1 1 1 1 1 1 1 1 1 1 1 1 1 1 1 1 1 1 1 1 1 1 1 1 1 1 1 1 1 1 1 1 1 1 1 1 1 1 1 1 1 1 1 1 1 1 1 1 1 1 1 1 1 1 1 1 1 1 1 1 1 1 1 1 1 1 1 1 1 1 1 1 1 1 1 1 1 1 1 1 1 1 1 1 1 1 1 1 1 1 1 1 1 1 1 1 1 1 1 1 1 1 1 1 1 1 1 1 1 1 1 1 1 1 1 1 1 1 1 1 1 1 1 1 1 1 1 1 1 1 1 1 1 1 1 1 1 1 1 1 1 1 1 1 1 1 1 1 1 1 1 1 1 1 1 1 1 1 1 1 1 1 1 1 1 1 1 1 1 1 1 1 1 1 1 1 1 1 1 1 1 1 1 1 1 1 1 1 1 1 1 1 1 1 1 1 1 1 1 1 1 1 1 1 1 1 1 1 1 1 1 1 1 1 1 1 1 1 1 1 1 1 1 1 1 1 1 1 1 1 1 1 1 1 1 1 1 1 1 1 1 1 1 1 1 1 1 1 1 1 1 1 1 1 1 1 1 1 1 1 1 1 1 1 1 1 1 1 1 1 1 1 1 1 1 1 1 1 1 1 1 1 1 1 1 1 1 1 1 1 1 1 1 1 1 1 1 1 1 1 1 1 1 1 1 1 1 1 1 1 1 1 1 1 1 1 1 1 1 1 1 1 1 1 1 1 1 1 1 1 1 1 1 1 1 1 1 1 1 1 1 1 1 1 1 1 1 1 1 1 1 1 1 1 1 1 1 1 1 1 1 1 1 1 1 1 1 1 1 1 1 1 1 1 1 1 1 1 1 1 1 1 1 1 1 1 1 1 1 1 1 1 1 1 1 1 1 1 1 1 1 1 1 1 1 1 1 1 1 1 1 1 1 1 1 1 1 1 1 1 1 1 1 1 1 1 1 1 1 1 1 1 1 1 1 1 1 1 1 1 1 1 1 1 1 1 1 1 1 1 1 1 1 1 1 1 1 1 1 1 1 1 1 1 1 1 1 1 1 1 1 1 1 1 1 1 1 1 1 1 1 1 1 1 1 1 1 1 1 1 1 1 1 1 1 1 1 1 1 1 1 1 1 1 1 1 1 1 1 1 1 1 1 1 1 1 1 1 1 1 1 1 1 1 1 1 1 1 1 1 0 1 1 1 1 1 1 1 1 1 1 1 1 1 1 1 1 1 1 0 0 0 0 1 1 1 1 1 1 1 1 1 1 1 1 1 1 1 0 0 0 0 0 0 1 1 1 1 1 1 1 1 1 1 1 1 1 0 0 0 0 0 0 0 1 1 1 1 1 1 1 1 1 1 1 1 0 0 0 0 0 0 0 0 1 1 1 1 1 1 1 1 1 1 1 0 0 0 0 0 0 0 0 0 1 1 1 1 1 1 1 1 1 1 0 0 0 0 0 0 0 0 0 0 1 1 1 1 1 1 1 1 1 0 0 0 0 0 0 0 0 0 0 0 1 1 1 1 1 1 1 1 0 0 0 0 0 0 0 0 0 0 0 0 1 1 1 1 1 1 1 0 0 0 0 0 0 0 0 0 0 0 0 1 1 1 1 1 1 1 0 0 0 0 0 0 0 0 0 0 0 0 0 1 1 1 1 1 1 0 0 0 0 0 0 0 0 0 0 0 0 0 0 1 1 1 1 1 0 0 0 0 0 0 0 0 0 0 0 0 0 0 1 1 1 1 1 0 0 0 0 0 0 0 0 0 0 0 0 0 0 0 1 1 1 1 0 0 0 0 0 0 0 0 0 0 0 0 0 0 0 1 1 1 1 0 0 0 0 0 0 0 0 0 0 0 0 0 0 0 0 1 1 1 0 0 0 0 0 0 0 0 0 0 0 0 0 0 0 0 1 1 1 0 0 0 0 0 0 0 0 0 0 0 0 0 0 0 0 0 1 1 0 0 0 0 0 0 0 0 0 0 0 0 0 0 0 0 0 1 1 0 0 0 0 0 0 0 0 0 0 0 0 0 0 0 0 0 0 1 0 0 0 0 0 0 0 0 0 0 0 0 0 0 0 0 0 0 1 0 0 0 0 0 0 0 0 0 0 0 0 0 0 0 0 0 0 0 0 0 0 0 0 0 0 0 0 0 0 0 0 0 0 0 0 0 0 0 0 0 0 0 0 0 0 0 0 0 0 0 0 0 0 0 0 0 0 0 0 0 0 0 0 0 0 0 0 0 0 0 0 0 0 0 0 0 0 0 0 0 0 0 0 0 0 0 0 0 0 0 0 0 0 0 0 0 0 0 0 0 0 0 0 0 0 0 0 0 0 0 0 0 0 0 0 0 0 0 0 0 0 0 0 0 0 0 0 0 0 0 0 0 0 0 0 0 0 0 0 0 0 0 0 0 0 0 0 0 0 0 0 0 0 0 0 0 0 0 0 0 0 0 0 0 0 0 0 0 0 0 0 0 0 0 0 0 0 0 0 0 0 0 0 0 0 0 0 0 0 0 0 0 0 0 0 0 0 0 0 0 0 0 0 0 0 0 0 0 0 0 0 0 0 0 0 0 0 0 0 0 0 0 0 0 0 0 0 0 0 0 0 0 0 0 0 0 0 0 0 0 0 0 0 0 0 0 0 0 0 0 0 0 0 0 0 0 0 0 0 0 0 0 0 0 0 0 0 0 0 0 0 0 0 0 0 0 0 0 0 0 0 0 0 0 0 0 0 0 0 0 0 0 0 0 0 0 0 0 0 0 0 0 0 0 0 0 0 0 0 0 0 0 0 0 0 0 0 0 0 0 0 0 0 0 0 0 0 0 0 0 0 0 0 0 0 0 0 0 0 0 0 0 0 0 0 0 0 0 0 0 0 0 0 0 0 0 0 0 0 0 0 0 0 0 0 0 0 0 0 0 0 0 0 0 0 0 0 0 0 0 0 0 0 0 0 0 0 0 0 0 0 0 0 0 0 0 0 0 0 0 0 0 0 0 0 0 0 0 0 0 0 0 0 0 0 0 0 0 0 0 0 0 0 0 0 0 0 0 0 0 0 0 0 0 0 0 0 0 0 0 0 0 0 0 0 0 0 0 0 0 0 0 0 0 0 0 0 0 0 0 0 0 0 0 0 0 0 0 0 0 0 0 0 0 0 0 0 0 0 0 0 0 0 0 0 0 0 0 0 0 0 0 0 0 0 0 0 0 0 0 0 0 0 0 0 0 0 0 0 0 0 0 0 0 0 0 0 0 0 0 0 0 0 0 0 0 0 0 0 0 0 0 0 0 0 0 0 0 0 0 0 0 0 0 0 0 0 0 0 0 0 0 0 0 0 0 0 0 0 0 0 0 0 0 0 0 0 0 0 0 0 0 0 0 0 0 0 0 0 0 0 0 0 0 0 0 0 0 0 0 0 0 0 0 0 0 0 0 0 0 0 0 0 0 0 0 0 0 0 0 0 0 0 0 0 0 0 0 0 0 0 0 0 0 0 0 0 0 0 0 0 0 0 0 0 0 0 0 0 0 0 0 0 0 0 0 0 0 0 0 0 0 0 0 0 0 0 0 0 0 0 0 0 0 0 0 0 0 0 0 0 0 0 0 0 0 0 0 0 0 0 0 0 0 0 0 0 0 0 0 0 0 0 0 0 0 0 0 0 0 0 0 0 0 0 0 0 0 0 0 0 0 0 0 0 0 0 0 0 0 0 0 0 0 0 0 0 0 0 0 0 0 0 0 0 0 0 0 0 0 0 0 0 0 0 0 0 0 0 0 0 0 0 0 0 0 0 0 0 0 0 0 0 0 0 0 0 0 0 0 0 0 0 0 0 0 0 0 0 0 0 0 0 0 0 0 0 0 0 0 0 0 0 0 0 0 0 0 0 0 0 0 0 0 0 0 0 0 0 0 0 0 0 0 0 0 0 0 0 0 0 0 0 0 0 0 0 0 0 0 0 0 0 0 0 0 0 0 0 0 0 0 0 0 0 0 0 0 0 0 0 0 0 0 0 0 0 0 0 0 0 0 0 0 0 0 0 0 0 0 0 0 0 0 0 0 0 0 0 0 0 0 0 0 0 0 0 0 0 0 0 0 0 0 0 0 0 0 0 0 0 0 0 0 0 0 0 0 0 0 0
estimated_attenuation.size=4902
estimated_attenuation.data=0.00 0.00 0.00 0.00 0.00 0.00 0.00 0.00 0.00 0.00 0.00 0.00 0.00 0.00 0.00 0.00 0.00 0.00 0.00 0.00 0.00 0.00 0.00 0.00 0.00 0.00 0.00 0.00 0.00 0.00 0.00 0.00 0.00 0.00 0.00 0.00 0.00 0.00 0.00 0.00 0.00 0.00 0.00 0.00 0.00 0.00 0.00 0.00 0.00 0.00 0.00 0.00 0.00 0.00 0.00 0.00 0.00 0.00 0.00 0.00 0.00 0.00 0.00 0.00 0.00 0.00 0.00 0.00 0.00 0.00 0.00 0.00 0.00 0.00 0.00 0.00 0.00 0.00 0.00 0.00 0.00 0.00 0.00 0.00 0.00 0.00 0.00 0.00 0.00 0.00 0.00 0.00 0.00 0.00 0.00 0.00 0.00 0.00 0.00 0.00 0.00 0.00 0.00 0.00 0.00 0.00 0.00 0.00 0.00 0.00 0.00 0.00 0.00 0.00 0.00 0.00 0.00 0.00 0.00 0.00 0.00 0.00 0.00 0.00 0.00 0.00 0.00 0.00 0.00 0.00 0.00 0.00 0.00 0.00 0.00 0.00 0.00 0.00 0.00 0.00 0.00 0.00 0.00 0.00 0.00 0.00 0.00 0.00 0.00 0.00 0.00 0.00 0.00 0.00 0.00 0.00 0.00 0.00 0.00 0.00 0.00 0.00 0.00 0.00 0.00 0.00 0.00 0.00 0.00 0.00 0.00 0.00 0.00 0.00 0.00 0.00 0.00 0.00 0.00 0.00 0.00 0.00 0.00 0.00 0.00 0.00 0.00 0.00 0.00 0.00 0.00 0.00 0.00 0.00 0.00 0.00 0.00 0.00 0.00 0.00 0.00 0.00 0.00 0.00 0.00 0.00 0.00 0.00 0.00 0.00 0.00 0.00 0.00 0.00 0.00 0.00 0.00 0.00 0.00 0.00 0.00 0.00 0.00 0.00 0.00 0.00 0.00 0.00 0.00 0.00 0.00 0.00 0.00 0.00 0.00 0.00 0.00 0.00 0.00 0.00 0.00 0.00 0.00 0.00 0.00 0.00 0.00 0.00 0.00 0.00 0.00 0.00 0.00 0.00 0.00 0.00 0.00 0.00 0.00 0.00 0.00 0.00 0.00 0.00 0.00 0.00 0.00 0.00 0.00 0.00 0.00 0.00 0.00 0.00 0.00 0.00 0.00 0.00 0.00 0.00 0.00 0.00 0.00 0.00 0.00 0.00 0.00 0.00 0.00 0.00 0.00 0.00 0.00 0.00 0.00 0.00 0.00 0.00 0.00 0.00 0.00 0.00 0.00 0.00 0.00 0.00 0.00 0.00 0.00 0.00 0.00 0.00 0.00 0.00 0.00 0.00 0.00 0.00 0.00 0.00 0.00 0.00 0.00 0.00 0.00 0.00 0.00 0.00 0.00 0.00 0.00 0.00 0.00 0.00 0.00 0.00 0.00 0.00 0.00 0.00 0.00 0.00 0.00 0.00 0.00 0.00 0.00 0.00 0.00 0.00 0.00 0.00 0.00 0.00 0.00 0.00 0.00 0.00 0.00 0.00 0.00 0.00 0.00 0.00 0.00 0.00 0.00 0.00 0.00 0.00 0.00 0.00 0.00 0.00 0.00 0.00 0.00 0.00 0.00 0.00 0.00 0.00 0.00 0.00 0.00 0.00 0.00 0.00 0.00 0.00 0.00 0.00 0.00 0.00 0.00 0.00 0.00 0.00 0.00 0.00 0.00 0.00 0.00 0.00 0.00 0.00 0.00 0.00 0.00 0.00 0.00 0.00 0.00 0.00 0.00 0.00 0.00 0.00 0.00 0.00 0.00 0.00 0.00 0.00 0.00 0.00 0.00 0.00 0.00 0.00 0.00 0.00 0.00 0.00 0.00 0.00 0.00 0.00 0.00 0.00 0.00 0.00 0.00 0.00 0.00 0.00 0.00 0.00 0.00 0.00 0.00 0.00 0.00 0.00 0.00 0.00 0.00 0.00 0.00 0.00 0.00 0.00 0.00 0.00 0.00 0.00 0.00 0.00 0.00 0.00 0.00 0.00 0.00 0.00 0.00 0.00 0.00 0.00 0.00 0.00 0.00 0.00 0.00 0.00 0.00 0.00 0.00 0.00 0.00 0.00 0.00 0.00 0.00 0.00 0.00 0.00 0.00 0.00 0.00 0.00 0.00 0.00 0.00 0.00 0.00 0.00 0.00 0.00 0.00 0.00 0.00 0.00 0.00 0.00 0.00 0.00 0.00 0.00 0.00 0.00 0.00 0.00 0.00 0.00 0.00 0.00 0.00 0.00 0.00 0.00 0.00 0.00 0.00 0.00 0.00 0.00 0.00 0.00 0.00 0.00 0.00 0.00 0.00 0.00 0.00 0.00 0.00 0.00 0.00 0.00 0.00 0.00 0.00 0.00 0.00 0.00 0.00 0.00 0.00 0.00 0.00 0.00 0.00 0.00 0.00 0.00 0.00 0.00 0.00 0.00 0.00 0.00 0.00 0.00 0.00 0.00 0.00 0.00 0.00 0.00 0.00 0.00 0.00 0.00 0.00 0.00 0.00 0.00 0.00 0.00 0.00 0.00 0.00 0.00 0.00 0.00 0.00 0.00 0.00 0.00 0.00 0.00 0.00 0.00 0.00 0.00 0.00 0.00 0.00 0.00 0.00 0.00 0.00 0.00 0.00 0.00 0.00 0.00 0.00 0.00 0.00 0.00 0.00 0.00 0.00 0.00 0.00 0.00 0.00 0.00 0.00 0.00 0.00 0.00 0.00 0.00 0.00 0.00 0.00 0.00 0.00 0.00 0.00 0.00 0.00 0.00 0.00 0.00 0.00 0.00 0.00 0.00 0.00 0.00 0.00 0.00 0.00 0.00 0.00 0.00 0.00 0.00 0.00 0.00 0.00 0.00 0.00 0.00 0.00 0.00 0.00 0.00 0.00 0.00 0.00 0.00 0.00 0.00 0.00 0.00 0.00 0.00 0.00 0.00 0.00 0.00 0.00 0.00 0.00 0.00 0.00 0.00 0.00 0.00 0.00 0.00 0.00 0.00 0.00 0.00 0.00 0.00 0.00 0.00 0.00 0.00 0.00 0.00 0.00 0.00 0.00 0.00 0.00 0.00 0.00 0.00 0.00 0.00 0.00 0.00 0.00 0.00 0.00 0.00 0.00 0.00 0.00 0.00 0.00 0.00 0.00 0.00 0.00 0.00 0.00 0.00 0.00 0.00 0.00 0.00 0.00 0.00 0.00 0.00 0.00 0.00 0.00 0.00 0.00 0.00 0.00 0.00 0.00 0.00 0.00 0.00 0.00 0.00 0.00 0.00 0.00 0.00 0.00 0.00 0.00 0.00 0.00 0.00 0.00 0.00 0.00 0.00 0.00 0.00 0.00 0.00 0.00 0.00 0.00 0.00 0.00 0.00 0.00 0.00 0.00 0.00 0.00 0.00 0.00 0.00 0.00 0.00 0.00 0.00 0.00 0.00 0.00 0.00 0.00 0.00 0.00 0.00 0.00 0.00 0.00 0.00 0.00 0.00 0.00 0.00 0.00 0.00 0.00 0.00 0.00 0.00 0.00 0.00 0.00 0.00 0.00 0.00 0.00 0.00 0.00 0.00 0.00 0.00 0.00 0.00 0.00 0.00 0.00 0.00 0.00 0.00 0.00 0.00 0.00 0.00 0.00 0.00 0.00 0.00 0.00 0.00 0.00 0.00 0.00 0.00 0.00 0.00 0.00 0.00 0.00 0.00 0.00 0.00 0.00 0.00 0.00 0.00 0.00 0.00 0.00 0.00 0.00 0.00 0.00 0.00 0.00 0.00 0.00 0.00 0.00 0.00 0.00 0.00 0.00 0.00 0.00 0.00 0.00 0.00 0.00 0.00 0.00 0.00 0.00 0.00 0.00 0.00 0.00 0.00 0.00 0.00 0.00 0.00 0.00 0.00 0.00 0.00 0.00 0.00 0.00 0.00 0.00 0.00 0.00 0.00 0.00 0.00 0.00 0.00 0.00 0.00 0.00 0.00 0.00 0.00 0.00 0.00 0.00 0.00 0.00 0.00 0.00 0.00 0.00 0.00 0.00 0.00 0.00 0.00 0.00 0.00 0.00 0.00 0.00 0.00 0.00 0.00 0.00 0.00 0.00 0.00 0.00 0.00 0.00 0.00 0.00 0.00 0.00 0.00 0.00 0.00 0.00 0.00 0.00 0.00 0.00 0.00 0.00 0.00 0.00 0.00 0.00 0.00 0.00 0.00 0.00 0.00 0.00 0.00 0.00 0.00 0.00 0.00 0.00 0.00 0.00 0.00 0.00 0.00 0.00 0.00 0.00 0.00 0.00 0.00 0.00 0.00 0.00 0.00 0.00 0.00 0.00 0.00 0.00 0.00 0.00 0.00 0.00 0.00 0.00 0.00 0.00 0.00 0.00 0.00 0.00 0.00 0.00 0.00 0.00 0.00 0.00 0.00 0.00 0.00 0.00 0.00 0.00 0.00 0.00 0.00 0.00 0.00 0.00 0.00 0.00 0.00 0.00 0.00 0.00 0.00 0.00 0.00 0.00 0.00 0.00 0.00 0.00 0.00 0.00 0.00 0.00 0.00 0.00 0.00 0.00 0.00 0.00 0.00 0.00 0.00 0.00 0.00 0.00 0.00 0.00 0.00 0.00 0.00 0.00 0.00 0.00 0.00 0.00 0.00 0.00 0.00 0.00 0.00 0.00 0.00 0.00 0.00 0.00 0.00 0.00 0.00 0.00 0.00 0.00 0.00 0.00 0.00 0.00 0.00 0.00 0.00 0.00 0.00 0.00 0.00 0.00 0.00 0.00 0.00 0.00 0.00 0.00 0.00 0.00 0.00 0.00 0.00 0.00 0.00 0.00 0.00 0.00 0.00 0.00 0.00 0.00 0.00 0.00 0.00 0.00 0.00 0.00 0.00 0.00 0.00 0.00 0.00 0.00 0.00 0.00 0.00 0.00 0.00 0.00 0.00 0.00 0.00 0.00 0.00 0.00 0.00 0.00 0.00 0.00 0.00 0.00 0.00 0.00 0.00 0.00 0.00 0.00 0.00 0.00 0.00 0.00 0.00 0.00 0.00 0.00 0.00 0.00 0.00 0.00 0.00 0.00 0.00 0.00 0.00 0.00 0.00 0.00 0.00 0.00 0.00 0.00 0.00 0.00 0.00 0.00 0.00 0.00 0.00 0.00 0.00 0.00 0.00 0.00 0.00 0.00 0.00 0.00 0.00 0.00 0.00 0.00 0.00 0.00 0.00 0.00 0.00 0.00 0.00 0.00 0.00 0.00 0.00 0.00 0.00 0.00 0.00 0.00 0.00 0.00 0.00 0.00 0.00 0.00 0.00 0.00 0.00 0.00 0.00 0.00 0.00 0.00 0.00 0.00 0.00 0.00 0.00 0.00 0.00 0.00 0.00 0.00 0.00 0.00 0.00 0.00 0.00 0.00 0.00 0.00 0.00 0.00 0.00 0.00 0.00 0.00 0.00 0.00 0.00 0.00 0.00 0.00 0.00 0.00 0.00 0.00 0.00 0.00 0.00 0.00 0.00 0.00 0.00 0.00 0.00 0.00 0.00 0.00 0.00 0.00 0.00 0.00 0.00 0.00 0.00 0.00 0.00 0.00 0.00 0.00 0.00 0.00 0.00 0.00 0.00 0.00 0.00 0.00 0.00 0.00 0.00 0.00 0.00 0.00 0.00 0.00 0.00 0.00 0.00 0.00 0.00 0.00 0.00 0.00 0.00 0.00 0.00 0.00 0.00 0.00 0.00 0.00 0.00 0.00 0.00 0.00 0.00 0.00 0.00 0.00 0.00 0.00 0.00 0.00 0.00 0.00 0.00 0.00 0.00 0.00 0.00 0.00 0.00 0.00 0.00 0.00 0.00 0.00 0.00 0.00 0.00 0.00 0.00 0.00 0.00 0.00 0.00 0.00 0.00 0.00 0.00 0.00 0.00 0.00 0.00 0.00 0.00 0.00 0.00 0.00 0.00 0.00 0.00 0.00 0.00 0.00 0.00 0.00 0.00 0.00 0.00 0.00 0.00 0.00 0.00 0.00 0.00 0.00 0.00 0.00 0.00 0.00 0.00 0.00 0.00 0.00 0.00 0.00 0.00 0.00 0.00 0.00 0.00 0.00 0.00 0.00 0.00 0.00 0.00 0.00 0.00 0.00 0.00 0.00 0.00 0.00 0.00 0.00 0.00 0.00 0.00 0.00 0.00 0.00 0.00 0.00 0.00 0.00 0.00 0.00 0.00 0.00 0.00 0.00 0.00 0.00 0.00 0.00 0.00 0.00 0.00 0.00 0.00 0.00 0.00 0.00 0.00 0.00 0.00 0.00 0.00 0.00 0.00 0.00 0.00 0.00 0.00 0.00 0.00 0.00 0.00 0.00 0.00 0.00 0.00 0.00 0.00 0.00 0.00 0.00 0.00 0.00 0.00 0.00 0.00 0.00 0.00 0.00 0.00 0.00 0.00 0.00 0.00 0.00 0.00 0.00 0.00 0.00 0.00 0.00 0.00 0.00 0.00 0.00 0.00 0.00 0.00 0.00 0.00 0.00 0.00 0.00 0.00 0.00 0.00 0.00 0.00 0.00 0.00 0.00 0.00 0.00 0.00 0.00 0.00 0.00 0.00 0.00 0.00 0.00 0.00 0.00 0.00 0.00 0.00 0.00 0.00 0.00 0.00 0.00 0.00 0.00 0.00 0.00 0.00 0.00 0.00 0.00 0.00 0.00 0.00 0.00 0.00 0.00 0.00 0.00 0.00 0.00 0.00 0.00 0.00 0.00 0.00 0.00 0.00 0.00 0.00 0.00 0.00 0.00 0.00 0.00 0.00 0.00 0.00 0.00 0.00 0.00 0.00 0.00 0.00 0.00 0.00 0.00 0.00 0.00 0.00 0.00 0.00 0.00 0.00 0.00 0.00 0.00 0.00 0.00 0.00 0.00 0.00 0.00 0.00 0.00 0.00 0.00 0.00 0.00 0.00 0.00 0.00 0.00 0.00 0.00 0.00 0.00 0.00 0.00 0.00 0.00 0.00 0.00 0.00 0.00 0.00 0.00 0.00 0.00 0.00 0.00 0.00 0.00 0.00 0.00 0.00 0.00 0.00 0.00 0.00 0.00 0.00 0.00 0.00 0.00 0.00 0.00 0.00 0.00 0.00 0.00 0.00 0.00 0.00 0.00 0.00 0.00 0.00 0.00 0.00 0.00 0.00 0.00 0.00 0.00 0.00 0.00 0.00 0.00 0.00 0.00 0.00 0.00 0.00 0.00 0.00 0.00 0.00 0.00 0.00 0.00 0.00 0.00 0.00 0.00 0.00 0.00 0.00 0.00 0.00 0.00 0.00 0.00 0.00 0.00 0.00 0.00 0.00 0.00 0.00 0.00 0.00 0.00 0.00 0.00 0.00 0.00 0.00 0.00 0.00 0.00 0.00 0.00 0.00 0.00 0.00 0.00 0.00 0.00 0.00 0.00 0.00 0.00 0.00 0.00 0.00 0.00 0.00 0.00 0.00 0.00 0.00 0.00 0.00 0.00 0.00 0.00 0.00 0.00 0.00 0.00 0.00 0.00 0.00 0.00 0.00 0.00 0.00 0.00 0.00 0.00 0.00 0.00 0.00 0.00 0.00 0.00 0.00 0.00 0.00 0.00 0.00 0.00 0.00 0.00 0.00 0.00 0.00 0.00 0.00 0.00 0.00 0.00 0.00 0.00 0.00 0.00 0.00 0.00 0.00 0.00 0.00 0.00 0.00 0.00 0.00 0.00 0.00 0.00 0.00 0.00 0.00 0.00 0.00 0.00 0.00 0.00 0.00 0.00 0.00 0.00 0.00 0.00 0.00 0.00 0.00 0.00 0.00 0.00 0.00 0.00 0.00 0.00 0.00 0.00 0.00 0.00 0.00 0.00 0.00 0.00 0.00 0.00 0.00 0.00 0.00 0.00 0.00 0.00 0.00 0.00 0.00 0.00 0.00 0.00 0.00 0.00 0.00 0.00 0.00 0.00 0.00 0.00 0.00 0.00 0.00 0.00 0.00 0.00 0.00 0.00 0.00 0.00 0.00 0.00 0.00 0.00 0.00 0.00 0.00 0.00 0.00 0.00 0.00 0.00 0.00 0.00 0.00 0.00 0.00 0.00 0.00 0.00 0.00 0.00 0.00 0.00 0.00 0.00 0.00 0.00 0.00 0.00 0.00 0.00 0.00 0.00 0.00 0.00 0.00 0.00 0.00 0.00 0.00 0.00 0.00 0.00 0.00 0.00 0.00 0.00 0.00 0.00 0.00 0.00 0.00 0.00 0.00 0.00 0.00 0.00 0.00 0.00 0.00 0.00 0.00 0.00 0.00 0.00 0.00 0.00 0.00 0.00 0.00 0.00 0.00 0.00 0.00 0.00 0.00 0.00 0.00 0.00 0.00 0.00 0.00 0.00 0.00 0.00 0.00 0.00 0.00 0.00 0.00 0.00 0.00 0.00 0.00 0.00 0.00 0.00 0.00 0.00 0.00 0.00 0.00 0.00 0.00 0.00 0.00 0.00 0.00 0.00 0.00 0.00 0.00 0.00 0.00 0.00 0.00 0.00 0.00 0.00 0.00 0.00 0.00 0.00 0.00 0.00 0.00 0.00 0.00 0.00 0.00 0.00 0.00 0.00 0.00 0.00 0.00 0.00 0.00 0.00 0.00 0.00 0.00 0.00 0.00 0.00 0.00 0.00 0.00 0.00 0.00 0.00 0.00 0.00 0.00 0.00 0.00 0.00 0.00 0.00 0.00 0.00 0.00 0.00 0.00 0.00 0.00 0.00 0.00 0.00 0.00 0.00 0.00 0.00 0.00 0.00 0.00 0.00 0.00 0.00 0.00 0.00 0.00 0.00 0.00 0.00 0.00 0.00 0.00 0.00 0.00 0.00 0.00 0.00 0.00 0.00 0.00 0.00 0.00 0.00 0.00 0.00 0.00 0.00 0.00 0.00 0.00 0.00 0.00 0.00 0.00 0.00 0.00 0.00 0.00 0.00 0.00 0.00 0.00 0.00 0.00 0.00 0.00 0.00 0.00 0.00 0.00 0.00 0.00 0.00 0.00 0.00 0.00 0.00 0.00 0.00 0.00 0.00 0.00 0.00 0.00 0.00 0.00 0.00 0.00 0.00 0.00 0.00 0.00 0.00 0.00 0.00 0.00 0.00 0.00 0.00 0.00 0.00 0.00 0.00 0.00 0.00 0.00 0.00 0.00 0.00 0.00 0.00 0.00 0.00 0.00 0.00 0.00 0.00 0.00 0.00 0.00 0.00 0.00 0.00 0.00 0.00 0.00 0.00 0.00 0.00 0.00 0.00 0.00 0.00 0.00 0.00 0.00 0.00 0.00 0.00 0.00 0.00 0.00 0.00 0.00 0.00 0.00 0.00 0.00 0.00 0.00 0.00 0.00 0.00 0.00 0.00 0.00 0.00 0.00 0.00 0.00 0.00 0.00 0.00 0.00 0.00 0.00 0.00 0.00 0.00 0.00 0.00 0.00 0.00 0.00 0.00 0.00 0.00 0.00 0.00 0.00 0.00 0.00 0.00 0.00 0.00 0.00 0.00 0.00 0.00 0.00 0.00 0.00 0.00 0.00 0.00 0.00 0.00 0.00 0.00 0.00 0.00 0.00 0.00 0.00 0.00 0.00 0.00 0.00 0.00 0.00 0.00 0.00 0.00 0.00 0.00 0.00 0.00 0.00 0.00 0.00 0.00 0.00 0.00 0.00 0.00 0.00 0.00 0.00 0.00 0.00 0.00 0.00 0.00 0.00 0.00 0.00 0.00 0.00 0.00 0.00 0.00 0.00 0.00 0.00 0.00 0.00 0.00 0.00 0.00 0.00 0.00 0.00 0.00 0.00 0.00 0.00 0.00 0.00 0.00 0.00 0.00 0.00 0.00 0.00 0.00 0.00 0.00 0.00 0.00 0.00 0.00 0.00 0.00 0.00 0.00 0.00 0.00 0.00 0.00 0.00 0.00 0.00 0.00 0.00 0.00 0.00 0.00 0.00 0.00 0.00 0.00 0.00 0.00 0.00 0.00 0.00 0.00 0.00 0.00 0.00 0.00 0.00 0.00 0.00 0.00 0.00 0.00 0.00 0.00 0.00 0.00 0.00 0.00 0.00 0.00 0.00 0.00 0.00 0.00 0.00 0.00 0.00 0.00 0.00 0.00 0.00 0.00 0.00 0.00 0.00 0.00 0.00 0.00 0.00 0.00 0.00 0.00 0.00 0.00 0.00 0.00 0.00 0.00 0.00 0.00 0.00 0.00 0.00 0.00 0.00 0.00 0.00 0.00 0.00 0.00 0.00 0.00 0.00 0.00 0.00 0.00 0.00 0.00 0.00 0.00 0.00 0.00 0.00 0.00 0.00 0.00 0.00 0.00 0.00 0.00 0.00 0.00 0.00 0.00 0.00 0.00 0.00 0.00 0.00 0.00 0.00 0.00 0.00 0.00 0.00 0.00 0.00 0.00 0.00 0.00 0.00 0.00 0.00 0.00 0.00 0.00 0.00 0.00 0.00 0.00 0.00 0.00 0.00 0.00 0.00 0.00 0.00 0.00 0.00 0.00 0.00 0.00 0.00 0.00 0.00 0.00 0.00 0.00 0.00 0.00 0.00 0.00 0.00 0.00 0.00 0.00 0.00 0.00 0.00 0.00 0.00 0.00 0.00 0.00 0.00 0.00 0.00 0.00 0.00 0.00 0.00 0.00 0.00 0.00 0.00 0.00 0.00 0.00 0.00 0.00 0.00 0.00 0.00 0.00 0.00 0.00 0.00 0.00 0.00 0.00 0.00 0.00 0.00 0.00 0.00 0.00 0.00 0.00 0.00 0.00 0.00 0.00 0.00 0.00 0.00 0.00 0.00 0.00 0.00 0.00 0.00 0.00 0.00 0.00 0.00 0.00 0.00 0.00 0.00 0.00 0.00 0.00 0.00 0.00 0.00 0.00 0.00 0.00 0.00 0.00 0.00 0.00 0.00 0.00 0.00 0.00 0.00 0.00 0.00 0.00 0.00 0.00 0.00 0.00 0.00 0.00 0.00 0.00 0.00 0.00 0.00 0.00 0.00 0.00 0.00 0.00 0.00 0.00 0.00 0.00 0.00 0.00 0.00 0.00 0.00 0.00 0.00 0.00 0.00 0.00 0.00 0.00 0.00 0.00 0.00 0.00 0.00 0.00 0.00 0.00 0.00 0.00 0.00 0.00 0.00 0.00 0.00 0.00 0.00 0.00 0.00 0.00 0.00 0.00 0.00 0.00 0.00 0.00 0.00 0.00 0.00 0.00 0.00 0.00 0.00 0.00 0.00 0.00 0.00 0.00 0.00 0.00 0.00 0.00 0.00 0.00 0.00 0.00 0.00 0.00 0.00 0.00 0.00 0.00 0.00 0.00 0.00 0.00 0.00 0.00 0.00 0.00 0.00 0.00 0.00 0.00 0.00 0.00 0.00 0.00 0.00 0.00 0.00 0.00 0.00 0.00 0.00 0.00 0.00 0.00 0.00 0.00 0.00 0.00 0.00 0.00 0.00 0.00 0.00 0.00 0.00 0.00 0.00 0.00 0.00 0.00 0.00 0.00 0.00 0.00 0.00 0.00 0.00 0.00 0.00 0.00 0.00 0.00 0.00 0.00 0.00 0.00 0.00 0.00 0.00 0.00 0.00 0.00 0.00 0.00 0.00 0.00 0.00 0.00 0.00 0.00 0.00 0.00 0.00 0.00 0.00 0.00 0.00 0.00 0.00 0.00 0.00 0.00 0.00 0.00 0.00 0.00 0.00 0.00 0.00 0.00 0.00 0.00 0.00 0.00 0.00 0.00 0.00 0.00 0.00 0.00 0.00 0.00 0.00 0.00 0.00 0.00 0.00 0.00 0.00 0.00 0.00 0.00 0.00 0.00 0.00 0.00 0.00 0.00 0.00 0.00 0.00 0.00 0.00 0.00 0.00 0.00 0.00 0.00 0.00 0.00 0.00 0.00 0.00 0.00 0.00 0.00 0.00 0.00 0.00 0.00 0.00 0.00 0.00 0.00 0.00 0.00 0.00 0.00 0.00 0.00 0.00 0.00 0.00 0.00 0.00 0.00 0.00 0.00 0.00 0.00 0.00 0.00 0.00 0.00 0.00 0.00 0.00 0.00 0.00 0.00 0.00 0.00 0.00 0.00 0.00 0.00 0.00 0.00 0.00 0.00 0.00 0.00 0.00 0.00 0.00 0.00 0.00 0.00 0.00 0.00 0.00 0.00 0.00 0.00 0.00 0.00 0.00 0.00 0.00 0.00 0.00 0.00 0.00 0.00 0.00 0.00 0.00 0.00 0.00 0.00 0.00 0.00 0.00 0.00 0.00 0.00 0.00 0.00 0.00 0.00 0.00 0.00 0.00 0.00 0.00 0.00 0.00 0.00 0.00 0.00 0.00 0.00 0.00 0.00 0.00 0.00 0.00 0.00 0.00 0.00 0.00 0.00 0.00 0.00 0.00 0.00 0.00 0.00 0.00 0.00 0.00 0.00 0.00 0.00 0.00 0.00 0.00 0.00 0.00 0.00 0.00 0.00 0.00 0.00 0.00 0.00 0.00 0.00 0.00 0.00 0.00 0.00 0.00 0.00 0.00 0.00 0.00 0.00 0.00 0.00 0.00 0.00 0.00 0.00 0.00 0.00 0.00 0.00 0.00 0.00 0.00 0.00 0.00 0.00 0.00 0.00 0.00 0.00 0.00 0.00 0.00 0.00 0.00 0.00 0.00 0.00 0.00 0.00 0.00 0.00 0.00 0.00 0.00 0.00 0.00 0.00 0.00 0.00 0.00 0.00 0.00 0.00 0.00 0.00 0.00 0.00 0.00 0.00 0.00 0.00 0.00 0.00 0.00 0.00 0.00 0.00 0.00 0.00 0.00 0.00 0.00 0.00 0.00 0.00 0.00 0.00 0.00 0.00 0.00 0.00 0.00 0.00 0.00 0.00 0.00 0.00 0.00 0.00 0.00 0.00 0.00 0.00 0.00 0.00 0.00 0.00 0.00 0.00 0.00 0.00 0.00 0.00 0.00 0.00 0.00 0.00 0.00 0.00 0.00 0.00 0.00 0.00 0.00 0.00 0.00 0.00 0.00 0.00 0.00 0.00 0.00 0.00 0.00 0.00 0.00 0.00 0.00 0.00 0.00 0.00 0.00 0.00 0.00 0.00 0.00 0.00 0.00 0.00 0.00 0.00 0.00 0.00 0.00 0.00 0.00 0.00 0.00 0.00 0.00 0.00 0.00 0.00 0.00 0.00 0.00 0.00 0.00 0.00 0.00 0.00 0.00 0.00 0.00 0.00 0.00 0.00 0.00 0.00 0.00 0.00 0.00 0.00 0.00 0.00 0.00 0.00 0.00 0.00 0.00 0.00 0.00 0.00 0.00 0.00 0.00 0.00 0.00 0.00 0.00 0.00 0.00 0.00 0.00 0.00 0.00 0.00 0.00 0.00 0.00 0.00 0.00 0.00 0.00 0.00 0.00 0.00 0.00 0.00 0.00 0.00 0.00 0.00 0.00 0.00 0.00 0.00 0.00 0.00 0.00 0.00 0.00 0.00 0.00 0.00 0.00 0.00 0.00 0.00 0.00 0.00 0.00 0.00 0.00 0.00 0.00 0.00 0.00 0.00 0.00 0.00 0.00 0.00 0.00 0.00 0.00 0.00 0.00 0.00 0.00 0.00 0.00 0.00 0.00 0.00 0.00 0.00 0.00 0.00 0.00 0.00 0.00 0.00 0.00 0.00 0.00 0.00 0.00 0.00 0.00 0.00 0.00 0.00 0.00 0.00 0.00 0.00 0.00 0.00 0.00 0.00 0.00 0.00 0.00 0.00 0.00 0.00 0.00 0.00 0.00 0.00 0.00 0.00 0.00 0.00 0.00 0.00 0.00 0.00 0.00 0.00 0.00 0.00 0.00 0.00 0.00 0.00 0.00 0.00 0.00 0.00 0.00 0.00 0.00 0.00 0.00 0.00 0.00 0.00 0.00 0.00 0.00 0.00 0.00 0.00 0.00 0.00 0.00 0.00 0.00 0.00 0.00 0.00 0.00 0.00 0.00 0.00 0.00 0.00 0.00 0.00 0.00 0.00 0.00 0.00 0.00 0.00 0.00 0.00 0.00 0.00 0.00 0.00 0.00 0.00 0.00 0.00 0.00 0.00 0.00 0.00 0.00 0.00 0.00 0.00 0.00 0.00 0.00 0.00 0.00 0.00 0.00 0.00 0.00 0.00 0.00 0.00 0.00 0.00 0.00 0.00 0.00 0.00 0.00 0.00 0.00 0.00 0.00 0.00 0.00 0.00 0.00 0.00 0.00 0.00 0.00 0.00 0.00 0.00 0.00 0.00 0.00 0.00 0.00 0.00 0.00 0.00 0.00 0.00 0.00 0.00 0.00 0.00 0.00 0.00 0.00 0.00 0.00 0.00 0.00 0.00 0.00 0.00 0.00 0.00 0.00 0.00 0.00 0.00 0.00 0.00 0.00 0.00 0.00 0.00 0.00 0.00 0.00 0.00 0.00 0.00 0.00 0.00 0.00 0.00 0.00 0.00 0.00 0.00 0.00 0.00 0.00 0.00 0.00 0.00 0.00 0.00 0.00 0.00 0.00 0.00 0.00 0.00 0.00 0.00 0.00 0.00 0.00 0.00 0.00 0.00 0.00 0.00 0.00 0.00 0.00 0.00 0.00 0.00 0.00 0.00 0.00 0.00 0.00 0.00 0.00 0.00 0.00 0.00 0.00 0.00 0.00 0.00 0.00 0.00 0.00 0.00 0.00 0.00 0.00 0.00 0.00 0.00 0.00 0.00 0.00 0.00 0.00 0.00 0.00 0.00 0.00 0.00 0.00 0.00 0.00 0.00 0.00 0.00 0.00 0.00 0.00 0.00 0.00 0.00 0.00 0.00 0.00 0.00 0.00 0.00 0.00 0.00 0.00 0.00 0.00 0.00 0.00 0.00 0.00 0.00 0.00 0.00 0.00 0.00 0.00 0.00 0.00 0.00 0.00 0.00 0.00 0.00 0.00 0.00 0.00 0.00 0.00 0.00 0.00 0.00 0.00 0.00 0.00 0.00 0.00 0.00 0.00 0.00 0.00 0.00 0.00 0.00 0.00 0.00 0.00 0.00 0.00 0.00 0.00 0.00 0.00 0.00 0.00 0.00 0.00 0.00 0.00 0.00 0.00 0.00 0.00 0.00 0.00 0.00 0.00 0.00 0.00 0.00 0.00 0.00 0.00 0.00 0.00 0.00 0.00 0.00 0.00 0.00 0.00 0.00 0.00 0.00 0.00 0.00 0.00 0.00 0.00 0.00 0.00 0.00 0.00 0.00 0.00 0.00 0.00 0.00 0.00 0.00 0.00 0.00 0.00 0.00 0.00 0.00 0.00 0.00 0.00 0.00 0.00 0.00 0.00 0.00 0.00 0.00 0.00 0.00 0.00 0.00 0.00 0.00 0.00 0.00 0.00 0.00 0.00 0.00 0.00 0.00 0.00 0.00 0.00 0.00 0.00 0.00 0.00 0.00 0.00 0.00 0.00 0.00 0.00 0.00 0.00 0.00 0.00 0.00 0.00 0.00 0.00 0.00 0.00 0.00 0.00 0.00 0.00 0.00 0.00 0.00 0.00 0.00 0.00 0.00 0.00 0.00 0.00 0.00 0.00 0.00 0.00 0.00 0.00 0.00 0.00 0.00 0.00 0.00 0.00 0.00 0.00 0.00 0.00 0.00 0.00 0.00 0.00 0.00 0.00 0.00 0.00 0.00 0.00 0.00 0.00 0.00 0.00 0.00 0.00 0.00 0.00 0.00 0.00 0.00 0.00 0.00 0.00 0.00 0.00 0.00 0.00 0.00 0.00 0.00 0.00 0.00 0.00 0.00 0.00 0.00 0.00 0.00 0.00 0.00 0.00 0.00 0.00 0.00 0.00 0.00 0.00 0.00 0.00 0.00 0.00 0.00 0.00 0.00 0.00 0.00 0.00 0.00 0.00 0.00 0.00 0.00 0.00 0.00 0.00 0.00 0.00 0.00 0.00 0.00 0.00 0.00 0.00 0.00 0.00 0.00 0.00 0.00 0.00 0.00 0.00 0.00 0.00 0.00 0.00 0.00 0.00 0.00 0.00 0.00 0.00 0.00 0.00 0.00 0.00 0.00 0.00 0.00 0.00 0.00 0.00 0.00 0.00 0.00 0.00 0.00 0.00 0.00 0.00 0.00 0.00 0.00 0.00 0.00 0.00 0.00 0.00 0.00 0.00 0.00 0.00 0.00 0.00 0.00 0.00 0.00 0.00 0.00 0.00 0.00 0.00 0.00 0.00 0.00 0.00 0.00 0.00 0.00 0.00 0.00 0.00 0.00 0.00 0.00 0.00 0.00 0.00 0.00 0.00 0.00 0.00 0.00 0.00 0.00 0.00 0.00 0.00 0.00 0.00 0.00 0.00 0.00 0.00 0.00 0.00 0.00 0.00 0.00 0.00 0.00 0.00 0.00 0.00 0.00 0.00 0.00 0.00 0.00 0.00 0.00 0.00 0.00 0.00 0.00 0.00 0.00 0.00 0.00 0.00 0.00 0.00 0.00 0.00 0.00 0.00 0.00 0.00 0.00 0.00 0.00 0.00 0.00 0.00 0.00 0.00 0.00 0.00 0.00 0.00 0.00 0.00 0.00 0.00 0.00 0.00 0.00 0.00 0.00 0.00 0.00 0.00 0.00 0.00 0.00 0.00 0.00 0.00 0.00 0.00 0.00 0.00 0.00 0.00 0.00 0.00 0.00 0.00 0.00 0.00 0.00 0.00 0.00 0.00 0.00 0.00 0.00 0.00 0.00 0.00 0.00 0.00 0.00 0.00 0.00 0.00 0.00 0.00 0.00 0.00 0.00 0.00 0.00 0.00 0.00 0.00 0.00 0.00 0.00 0.00 0.00 0.00 0.00 0.00 0.00 0.00 0.00 0.00 0.00 0.00 0.00 0.00 0.00 0.00 0.00 0.00 0.00 0.00 0.00 0.00 0.00 0.00 0.00 0.00 0.00 0.00 0.00 0.00 0.00 0.00 0.00 0.00 0.00 0.00 0.00 0.00 0.00 0.00 0.00 0.00 0.00 0.00 0.00 0.00 0.00 0.00 0.00 0.00 0.00 0.00 0.00 0.00 0.00 0.00 0.00 0.00 0.00 0.00 0.00 0.00 0.00 0.00 0.00 0.00 0.00 0.00 0.00 0.00 0.00 0.00 0.00 0.00 0.00 0.00 0.00 0.00 0.00 0.00 0.00 0.00 0.00 0.00 0.00 0.00 0.00 0.00 0.00 0.00 0.00 0.00 0.00 0.00 0.00 0.00 0.00 0.00 0.00 0.00 0.00 0.00 0.00 0.00 0.00 0.00 0.00 0.00 0.00 0.00 0.00 0.00 0.00 0.00 0.00 0.00 0.00 0.00 0.00 0.00 0.00 0.00 0.00 0.00 0.00 0.00 0.00 0.00 0.00 0.00 0.00 0.00 0.00 0.00 0.00 0.00 0.00 0.00 0.00 0.00 0.00 0.00 0.00 0.00 0.00 0.00 0.00 0.00 0.00 0.00 0.00 0.00 0.00 0.00 0.00 0.00 0.00 0.00 0.00 0.00 0.00 0.00 0.00 0.00 0.00 0.00 0.00 0.00 0.00 0.00 0.00 0.00 0.00 0.00 0.00 0.00 0.00 0.00 0.00 0.00 0.00 0.00 0.00 0.00 0.00 0.00 0.00 0.00 0.00 0.00 0.00 0.00 0.00 0.00 0.00 0.00 0.00 0.00 0.00 0.00 0.00 0.00 0.00 0.00 0.00 0.00 0.00 0.00 0.00 0.00 0.00 0.00 0.00 0.00 0.00 0.00 0.00 0.00 0.00 0.00 0.00 0.00 0.00 0.00 0.00 0.00 0.00 0.00 0.00 0.00 0.00 0.00 0.00 0.00 0.00 0.00 0.00 0.00 0.00 0.00 0.00 0.00 0.00 0.00 0.00 0.00 0.00 0.00 0.00 0.00 0.00 0.00 0.00 0.00 0.00 0.00 0.00 0.00 0.00 0.00 0.00 0.00 0.00 0.00 0.00 0.00 0.00 0.00 0.00 0.00 0.00 0.00 0.00 0.00 0.00 0.00 0.00 0.00 0.00 0.00 0.00 0.00 0.00 0.00 0.00 0.00 0.00 0.00 0.00 0.00 0.00 0.00 0.00 0.00 0.00 0.00 0.00 0.00 0.00 0.00 0.00 0.00 0.00 0.00 0.00 0.00 0.00 0.00 0.00 0.00 0.00 0.00 0.00 0.00 0.00 0.00 0.00 0.00 0.00 0.00 0.00 0.00 0.00 0.00 0.00 0.00 0.00 0.00 0.00 0.00 0.00 0.00 0.00 0.00 0.00 0.00 0.00 0.00 0.00 0.00 0.00 0.00 0.00 0.00 0.00 0.00 0.00 0.00 0.00 0.00 0.00 0.00 0.00 0.00 0.00 0.00 0.00 0.00 0.00 0.00 0.00 0.00 0.00 0.00 0.00 0.00 0.00 0.00 0.00 0.00 0.00 0.00 0.00 0.00 0.00 0.00 0.00 0.00 0.00 0.00 0.00 0.00 0.00 0.00 0.00 0.00 0.00 0.00 0.00 0.00 0.00 0.00 0.00 0.00 0.00 0.00 0.00 0.00 0.00 0.00 0.00 0.00 0.00 0.00 0.00 0.00 0.00 0.00 0.00 0.00 0.00 0.00 0.00 0.00 0.00 0.00 0.00 0.00 0.00 0.00 0.00 0.00 0.00 0.00 0.00 0.00 0.00 0.00 0.00 0.00 0.00 0.00 0.00 0.00 0.00 0.00 0.00 0.00 0.00 0.00 0.00 0.00 0.00 0.00 0.00 0.00 0.00 0.00 0.00 0.00 0.00 0.00 0.00 0.00 0.00 0.00 0.00 0.00 0.00 0.00 0.00 0.00 0.00 0.00 0.00 0.00 0.00 0.00 0.00 0.00 0.00 0.00 0.00 0.00 0.00 0.00 0.00 0.00 0.00 0.00 0.00 0.00 0.00 0.00 0.00 0.00 0.00 0.00 0.00 0.00 0.00 0.00 0.00 0.00 0.00 0.00 0.00 0.00 0.00 0.00 0.00 0.00 0.00 0.00 0.00 0.00 0.00 0.00 0.00 0.00 0.00 0.00 0.00 0.00 0.00 0.00 0.00 0.00 0.00 0.00 0.00 0.00 0.00 0.00 0.00 0.00 0.00 0.00 0.00 0.00 0.00 0.00 0.00 0.00 0.00 0.00 0.00 0.00 0.00 0.00 0.00 0.00 0.00 0.00 0.00 0.00 0.00 0.00 0.00 0.00 0.00 0.00 0.00 0.00 0.00 0.00 0.00 0.00 0.00 0.00 0.00 0.00 0.00 0.00 0.00 0.00 0.00 0.00 0.00 0.00 0.00 0.00 0.00 0.00 0.00 0.00 0.00 0.00 0.00 0.00 0.00 0.00 0.00 0.00 0.00 0.00 0.00 0.00 0.00 0.00 0.00 0.00 0.00 0.00 0.00 0.00 0.00 0.00 0.00 0.00 0.00 0.00 0.00 0.00 0.00 0.00 0.00 0.00 0.00 0.00 0.00 0.00 0.00 0.00 0.00 0.00 0.00 0.00 0.00 0.00 0.00 0.00 0.00 0.00 0.00 0.00 0.00 0.00 0.00 0.00 0.00 0.00 0.00 0.00 0.00 0.00 0.00 0.00 0.00 0.00 0.00 0.00 0.00 0.00 0.00 0.00 0.00 0.00 0.00 0.00 0.00 0.00 0.00 0.00 0.00 0.00 0.00 0.00 0.00 0.00 0.00 0.00 0.00 0.00 0.00 0.00 0.00 0.00 0.00 0.00 0.00 0.00 0.00 0.00 0.00 0.00 0.00 0.00 0.00 0.00 0.00 0.00 0.00 0.00 0.00 0.00 0.00 0.00 0.00 0.00 0.00 0.00 0.00 0.00 0.00 0.00 0.00 0.00 0.00 0.00 0.00 0.00 0.00 0.00 0.00 0.00 0.00 0.00 0.00 0.00 0.00 0.00 0.00 0.00 0.00 0.00 0.00 0.00 0.00 0.00 0.00 0.00 0.00 0.00 0.00 0.00 0.00 0.00 0.00 0.00 0.00 0.00 0.00 0.00 0.00 0.00 0.00 0.00 0.00 0.00 0.00 0.00 0.00 0.00 0.00 0.00 0.00 0.00 0.00 0.00 0.00 0.00 0.00 0.00 0.00 0.00 0.00 0.00 0.00 0.00 0.00 0.00 0.00 0.00 0.00 0.00 0.00 0.00 0.00 0.00 0.00 0.00 0.00 0.00 0.00 0.00 0.00 0.00 0.00 0.00 0.00 0.00 0.00 0.00 0.00 0.00 0.00 0.00 0.00 0.00 0.00 0.00 0.00 0.00 0.00 0.00 0.00 0.00 0.00 0.00 0.00 0.00 0.00 0.00 0.00 0.00 0.00 0.00 0.00 0.00 0.00 0.00 0.00 0.00 0.00 0.00 0.00 0.00 0.00 0.00 0.00 0.00 0.00 0.00 0.00 0.00 0.00 0.00 0.00 0.00 0.00 0.00 0.00 0.00 0.00 0.00 0.00 0.00 0.00 0.00 0.00 0.00 0.00 0.00 0.00 0.00 0.00 0.00 0.00 0.00 0.00 0.00 0.00 0.00 0.00 0.00 0.00 0.00 0.00 0.00 0.00 0.00 0.00 0.00 0.00 0.00 0.00 0.00 0.00 0.00 0.00 0.00 0.00 0.00 0.00 0.00 0.00 0.00 0.00 0.00 0.00 0.00 0.00 0.00 0.00 0.00 0.00 0.00 0.00 0.00 0.00 0.00 0.00 0.00 0.00 0.00 0.00 0.00 0.00 0.00 0.00 0.00 0.00 0.00 0.00 0.00 0.00 0.00 0.00 0.00 0.00 0.00 0.00 0.00 0.00 0.00 0.00 0.00 0.00 0.00 0.00 0.00 0.00 0.00 0.00 0.00 0.00 0.00 0.00 0.00 0.00 0.00 0.00 0.00 0.00 0.00 0.00 0.00 0.00 0.00 0.00 0.00 0.00 0.00 0.00 0.00 0.00 0.00 0.00 0.00 0.00 0.00 0.00 0.00 0.00 0.00 0.00 0.00 0.00 0.00 0.00 0.00 0.00 0.00 0.00 0.00 0.00 0.00 0.00 0.00 0.00 0.00 0.00 0.00 0.00 0.00 0.00 0.00 0.00 0.00 0.00 0.00 0.00 0.00 0.00 0.00 0.00 0.00 0.00 0.00 0.00 0.00 0.00 0.00 0.00 0.00 0.00 0.00 0.00 0.00 0.00 0.00 0.00 0.00 0.00 0.00 0.00 0.00 0.00 0.00 0.00 0.00 0.00 0.00 0.00 0.00 0.00 0.00 0.00 0.00 0.00 0.00 0.00 0.00 0.00 0.00 0.00 0.00 0.00 0.00 0.00 0.00 0.00 0.00 0.00 0.00 0.00 0.00 0.00 0.00 0.00 0.00 0.00 0.00 0.00 0.00 0.00 0.00 0.00 0.00 0.00 0.00 0.00 0.00 0.00 0.00 0.00 0.00 0.00 0.00
height.size=4902
height.data=25.47 388.47 751.34 1113.98 1476.27 1838.11 2199.37 2559.96 2919.76 3278.67 3636.57 3993.35 4348.92 4703.15 5055.94 5407.18 5756.77 6104.60 6450.57 25.71 390.46 755.08 1119.46 1483.49 1847.06 2210.07 2572.39 2933.92 3294.55 3654.17 4012.67 4369.94 4725.87 5080.36 5433.29 5784.56 6134.06 6481.69 25.96 392.45 758.81 1124.94 1490.71 1856.03 2220.76 2584.82 2948.08 3310.44 3671.78 4031.99 4390.97 4748.60 5104.78 5459.40 5812.35 6163.53 6512.82 26.21 394.44 762.55 1130.42 1497.93 1864.99 2231.46 2597.25 2962.24 3326.32 3689.38 4051.31 4412.00 4771.33 5129.21 5485.52 5840.15 6192.99 6543.94 26.45 396.44 766.29 1135.90 1505.16 1873.95 2242.16 2609.68 2976.40 3342.21 3706.99 4070.63 4433.03 4794.06 5153.64 5511.63 5867.94 6222.46 6575.07 26.70 398.43 770.03 1141.38 1512.38 1882.91 2252.86 2622.12 2990.56 3358.09 3724.59 4089.95 4454.06 4816.80 5178.06 5537.74 5895.73 6251.92 6606.20 26.96 400.43 773.77 1146.87 1519.61 1891.88 2263.56 2634.55 3004.73 3373.98 3742.20 4109.27 4475.09 4839.53 5202.49 5563.86 5923.53 6281.39 6637.33 27.21 402.43 777.51 1152.35 1526.84 1900.84 2274.27 2646.99 3018.89 3389.87 3759.81 4128.60 4496.12 4862.26 5226.92 5589.98 5951.33 6310.86 6668.46 27.46 404.42 781.26 1157.84 1534.06 1909.81 2284.97 2659.42 3033.06 3405.76 3777.42 4147.92 4517.15 4885.00 5251.35 5616.10 5979.12 6340.32 6699.59 27.72 406.42 785.00 1163.33 1541.29 1918.78 2295.67 2671.86 3047.23 3421.66 3795.03 4167.25 4538.19 4907.74 5275.78 5642.22 6006.92 6369.79 6730.72 27.97 408.43 788.75 1168.82 1548.52 1927.75 2306.38 2684.30 3061.39 3437.55 3812.65 4186.58 4559.22 4930.47 5300.22 5668.34 6034.72 6399.27 6761.85 28.23 410.43 792.49 1174.31 1555.75 1936.72 2317.09 2696.74 3075.56 3453.44 3830.26 4205.91 4580.26 4953.21 5324.65 5694.46 6062.52 6428.74 6792.99 28.49 412.43 796.24 1179.80 1562.99 1945.69 2327.80 2709.18 3089.73 3469.34 3847.88 4225.24 4601.30 4975.95 5349.09 5720.58 6090.33 6458.21 6824.12 28.75 414.44 799.99 1185.29 1570.22 1954.66 2338.51 2721.62 3103.91 3485.23 3865.49 4244.57 4622.34 4998.70 5373.52 5746.70 6118.13 6487.69 6855.26 29.01 416.44 803.74 1190.78 1577.46 1963.64 2349.22 2734.07 3118.08 3501.13 3883.11 4263.90 4643.38 5021.44 5397.96 5772.83 6145.93 6517.16 6886.39 29.27 418.45 807.49 1196.28 1584.69 1972.61 2359.93 2746.51 3132.25 3517.03 3900.73 4283.23 4664.42 5044.18 5422.40 5798.96 6173.74 6546.64 6917.53 29.53 420.46 811.24 1201.77 1591.93 1981.59 2370.64 2758.96 3146.43 3532.93 3918.35 4302.57 4685.46 5066.93 5446.84 5825.08 6201.55 6576.11 6948.67 29.80 422.47 815.00 1207.27 1599.17 1990.57 2381.35 2771.41 3160.60 3548.83 3935.97 4321.90 4706.51 5089.67 5471.28 5851.21 6229.35 6605.59 6979.81 30.06 424.48 818.75 1212.77 1606.41 1999.55 2392.07 2783.85 3174.78 3564.73 3953.59 4341.24 4727.55 5112.42 5495.72 5877.34 6257.16 6635.07 7010.95 30.33 426.49 822.51 1218.27 1613.65 2008.53 2402.79 2796.30 3188.96 3580.64 3971.22 4360.58 4748.60 5135.17 5520.16 5903.47 6284.97 6664.55 7042.10 30.60 428.50 826.27 1223.77 1620.89 2017.51 2413.50 2808.75 3203.14 3596.54 3988.84 4379.91 4769.65 5157.92 5544.61 5929.60 6312.78 6694.04 7073.24 30.87 430.52 830.02 1229.27 1628.13 2026.49 2424.22 2821.21 3217.32 3612.45 4006.47 4399.25 4790.69 5180.67 5569.05 5955.74 6340.60 6723.52 7104.39 31.14 432.53 833.78 1234.77 1635.38 2035.48 2434.94 2833.66 3231.50 3628.35 4024.09 4418.59 4811.74 5203.42 5593.50 5981.87 6368.41 6753.00 7135.53 31.41 434.55 837.55 1240.28 1642.62 2044.46 2445.66 2846.11 3245.69 3644.26 4041.72 4437.94 4832.79 5226.17 5617.95 6008.00 6396.22 6782.49 7166.68 31.68 436.57 841.31 1245.78 1649.87 2053.45 2456.39 2858.57 3259.87 3660.17 4059.35 4457.28 4853.85 5248.92 5642.39 6034.14 6424.04 6811.97 7197.83 31.95 438.58 845.07 1251.29 1657.12 2062.43 2467.11 2871.03 3274.06 3676.08 4076.98 4476.62 4874.90 5271.68 5666.84 6060.28 6451.85 6841.46 7228.97 32.23 440.60 848.84 1256.80 1664.37 2071.42 2477.83 2883.48 3288.24 3691.99 4094.61 4495.97 4895.95 5294.43 5691.30 6086.41 6479.67 6870.95 7260.12 32.51 442.63 852.60 1262.31 1671.62 2080.41 2488.56 2895.94 3302.43 3707.91 4112.24 4515.32 4917.01 5317.19 5715.75 6112.55 6507.49 6900.44 7291.28 32.78 444.65 856.37 1267.82 1678.87 2089.40 2499.29 2908.40 3316.62 3723.82 4129.88 4534.66 4938.06 5339.95 5740.20 6138.69 6535.31 6929.93 7322.43 33.06 446.67 860.14 1273.33 1686.12 2098.39 2510.01 2920.86 3330.81 3739.73 4147.51 4554.01 4959.12 5362.71 5764.65 6164.84 6563.13 6959.42 7353.58 33.34 448.70 863.90 1278.84 1693.38 2107.39 2520.74 2933.32 3345.00 3755.65 4165.15 4573.36 4980.18 5385.47 5789.11 6190.98 6590.95 6988.91 7384.74 33.62 450.72 867.68 1284.35 1700.63 2116.38 2531.47 2945.79 3359.19 3771.57 4182.78 4592.72 5001.24 5408.23 5813.57 6217.12 6618.78 7018.41 7415.89 33.90 452.75 871.45 1289.87 1707.89 2125.38 2542.21 2958.25 3373.39 3787.49 4200.42 4612.07 5022.30 5430.99 5838.02 6243.27 6646.60 7047.90 7447.05 34.19 454.78 875.22 1295.38 1715.14 2134.37 2552.94 2970.72 3387.58 3803.41 4218.06 4631.42 5043.36 5453.76 5862.48 6269.41 6674.42 7077.40 7478.20 34.47 456.81 878.99 1300.90 1722.40 2143.37 2563.67 2983.19 3401.78 3819.33 4235.70 4650.78 5064.42 5476.52 5886.94 6295.56 6702.25 7106.89 7509.36 34.76 458.84 882.77 1306.42 1729.66 2152.37 2574.41 2995.65 3415.98 3835.25 4253.34 4670.13 5085.49 5499.29 5911.40 6321.71 6730.08 7136.39 7540.52 35.04 460.87 886.54 1311.94 1736.92 2161.37 2585.14 3008.12 3430.17 3851.17 4270.98 4689.49 5106.55 5522.05 5935.86 6347.86 6757.91 7165.89 7571.68 35.33 462.90 890.32 1317.46 1744.19 2170.37 2595.88 3020.59 3444.37 3867.10 4288.63 4708.85 5127.62 5544.82 5960.33 6374.01 6785.74 7195.39 7602.84 35.62 464.94 894.10 1322.98 1751.45 2179.37 2606.62 3033.06 3458.57 3883.02 4306.27 4728.21 5148.69 5567.59 5984.79 6400.16 6813.57 7224.89 7634.01 35.91 466.97 897.88 1328.50 1758.71 2188.38 2617.36 3045.54 3472.78 3898.95 4323.92 4747.57 5169.76 5590.36 6009.26 6426.31 6841.40 7254.39 7665.17 36.20 469.01 901.66 1334.03 1765.98 2197.38 2628.10 3058.01 3486.98 3914.87 4341.57 4766.93 5190.83 5613.13 6033.72 6452.46 6869.23 7283.90 7696.34 36.49 471.05 905.44 1339.55 1773.25 2206.39 2638.84 3070.49 3501.18 3930.80 4359.22 4786.29 5211.90 5635.91 6058.19 6478.62 6897.06 7313.40 7727.50 36.79 473.08 909.23 1345.08 1780.51 2215.39 2649.59 3082.96 3515.39 3946.73 4376.86 4805.65 5232.97 5658.68 6082.66 6504.77 6924.90 7342.91 7758.67 37.08 475.12 913.01 1350.61 1787.78 2224.40 2660.33 3095.44 3529.59 3962.66 4394.52 4825.02 5254.04 5681.45 6107.13 6530.93 6952.73 7372.41 7789.84 37.38 477.17 916.80 1356.14 1795.05 2233.41 2671.08 3107.92 3543.80 3978.60 4412.17 4844.38 5275.12 5704.23 6131.60 6557.09 6980.57 7401.92 7821.01 37.68 479.21 920.58 1361.67 1802.32 2242.42 2681.82 3120.40 3558.01 3994.53 4429.82 4863.75 5296.19 5727.01 6156.07 6583.25 7008.41 7431.43 7852.18 37.97 481.25 924.37 1367.20 1809.60 2251.43 2692.57 3132.88 3572.22 4010.46 4447.47 4883.12 5317.27 5749.79 6180.54 6609.41 7036.25 7460.94 7883.35 38.27 483.30 928.16 1372.73 1816.87 2260.44 2703.32 3145.36 3586.43 4026.40 4465.13 4902.49 5338.34 5772.56 6205.02 6635.57 7064.09 7490.45 7914.52 38.57 485.34 931.95 1378.26 1824.14 2269.46 2714.07 3157.84 3600.64 4042.34 4482.79 4921.86 5359.42 5795.34 6229.49 6661.73 7091.93 7519.96 7945.69 38.88 487.39 935.74 1383.80 1831.42 2278.47 2724.82 3170.33 3614.86 4058.27 4500.44 4941.23 5380.50 5818.13 6253.97 6687.89 7119.77 7549.47 7976.87 39.18 489.44 939.53 1389.33 1838.70 2287.49 2735.57 3182.81 3629.07 4074.21 4518.10 4960.60 5401.58 5840.91 6278.44 6714.06 7147.62 7578.99 8008.04 39.48 491.49 943.33 1394.87 1845.98 2296.51 2746.33 3195.30 3643.29 4090.15 4535.76 4979.98 5422.67 5863.69 6302.92 6740.22 7175.46 7608.50 8039.22 39.79 493.54 947.12 1400.41 1853.26 2305.53 2757.08 3207.79 3657.50 4106.09 4553.42 4999.35 5443.75 5886.48 6327.40 6766.39 7203.31 7638.02 8070.40 40.10 495.59 950.92 1405.95 1860.54 2314.55 2767.84 3220.28 3671.72 4122.04 4571.08 5018.73 5464.83 5909.26 6351.88 6792.56 7231.15 7667.54 8101.58 40.40 497.64 954.72 1411.49 1867.82 2323.57 2778.60 3232.77 3685.94 4137.98 4588.75 5038.11 5485.92 5932.05 6376.36 6818.73 7259.00 7697.06 8132.76 40.71 499.70 958.52 1417.03 1875.10 2332.59 2789.35 3245.26 3700.16 4153.92 4606.41 5057.48 5507.01 5954.84 6400.85 6844.90 7286.85 7726.57 8163.94 41.02 501.75 962.32 1422.57 1882.39 2341.61 2800.11 3257.75 3714.38 4169.87 4624.08 5076.86 5528.09 5977.63 6425.33 6871.07 7314.70 7756.10 8195.12 41.33 503.81 966.12 1428.12 1889.67 2350.64 2810.87 3270.24 3728.60 4185.82 4641.74 5096.24 5549.18 6000.42 6449.82 6897.24 7342.55 7785.62 8226.30 41.65 505.87 969.92 1433.66 1896.96 2359.66 2821.64 3282.74 3742.83 4201.76 4659.41 5115.63 5570.27 6023.21 6474.30 6923.41 7370.40 7815.14 8257.49 41.96 507.92 973.72 1439.21 1904.25 2368.69 2832.40 3295.23 3757.05 4217.71 4677.08 5135.01 5591.36 6046.00 6498.79 6949.59 7398.26 7844.66 8288.67 42.28 509.98 977.53 1444.76 1911.53 2377.72 2843.16 3307.73 3771.28 4233.66 4694.75 5154.39 5612.46 6068.80 6523.28 6975.76 7426.11 7874.19 8319.86 42.59 512.05 981.33 1450.31 1918.82 2386.75 2853.93 3320.23 3785.50 4249.62 4712.42 5173.78 5633.55 6091.59 6547.77 7001.94 7453.97 7903.71 8351.04 42.91 514.11 985.14 1455.86 1926.12 2395.78 2864.69 3332.73 3799.73 4265.57 4730.09 5193.16 5654.64 6114.39 6572.26 7028.12 7481.82 7933.24 8382.23 43.23 516.17 988.95 1461.41 1933.41 2404.81 2875.46 3345.23 3813.96 4281.52 4747.77 5212.55 5675.74 6137.18 6596.75 7054.29 7509.68 7962.77 8413.42 43.55 518.24 992.76 1466.96 1940.70 2413.84 2886.23 3357.73 3828.19 4297.48 4765.44 5231.94 5696.83 6159.98 6621.24 7080.47 7537.54 7992.30 8444.61 43.87 520.30 996.57 1472.51 1948.00 2422.87 2897.00 3370.23 3842.42 4313.43 4783.12 5251.33 5717.93 6182.78 6645.74 7106.66 7565.40 8021.83 8475.80 44.19 522.37 1000.38 1478.07 1955.29 2431.91 2907.77 3382.74 3856.66 4329.39 4800.79 5270.72 5739.03 6205.58 6670.23 7132.84 7593.26 8051.36 8507.00 44.51 524.44 1004.19 1483.62 1962.59 2440.95 2918.54 3395.24 3870.89 4345.35 4818.47 5290.11 5760.13 6228.38 6694.73 7159.02 7621.12 8080.89 8538.19 44.84 526.51 1008.00 1489.18 1969.89 2449.98 2929.32 3407.75 3885.13 4361.31 4836.15 5309.51 5781.23 6251.19 6719.22 7185.20 7648.98 8110.42 8569.38 45.16 528.58 1011.82 1494.74 1977.19 2459.02 2940.09 3420.26 3899.36 4377.27 4853.83 5328.90 5802.34 6273.99 6743.72 7211.39 7676.85 8139.96 8600.58 45.49 530.65 1015.63 1500.30 1984.49 2468.06 2950.87 3432.76 3913.60 4393.23 4871.51 5348.30 5823.44 6296.80 6768.22 7237.58 7704.71 8169.49 8631.78 45.82 532.72 1019.45 1505.86 1991.79 2477.10 2961.65 3445.27 3927.84 4409.19 4889.19 5367.69 5844.54 6319.60 6792.72 7263.76 7732.58 8199.03 8662.97 46.15 534.80 1023.27 1511.42 1999.09 2486.14 2972.42 3457.78 3942.08 4425.16 4906.88 5387.09 5865.65 6342.41 6817.22 7289.95 7760.45 8228.57 8694.17 46.48 536.87 1027.09 1516.98 2006.40 2495.19 2983.20 3470.30 3956.32 4441.12 4924.56 5406.49 5886.76 6365.22 6841.73 7316.14 7788.32 8258.11 8725.37 46.81 538.95 1030.91 1522.55 2013.70 2504.23 2993.98 3482.81 3970.56 4457.09 4942.25 5425.89 5907.86 6388.03 6866.23 7342.33 7816.19 8287.65 8756.57 47.14 541.03 1034.73 1528.11 2021.01 2513.28 3004.76 3495.32 3984.80 4473.06 4959.94 5445.29 5928.97 6410.84 6890.74 7368.52 7844.06 8317.19 8787.78 47.47 543.11 1038.56 1533.68 2028.32 2522.32 3015.55 3507.84 3999.05 4489.03 4977.62 5464.69 5950.08 6433.65 6915.24 7394.72 7871.93 8346.73 8818.98 47.81 545.19 1042.38 1539.24 2035.62 2531.37 3026.33 3520.36 4013.29 4505.00 4995.31 5484.10 5971.19 6456.46 6939.75 7420.91 7899.80 8376.27 8850.18 48.15 547.27 1046.21 1544.81 2042.93 2540.42 3037.12 3532.87 4027.54 4520.97 5013.00 5503.50 5992.31 6479.27 6964.26 7447.11 7927.67 8405.82 8881.39 48.48 549.35 1050.03 1550.38 2050.25 2549.47 3047.90 3545.39 4041.79 4536.94 5030.70 5522.91 6013.42 6502.09 6988.77 7473.30 7955.55 8435.36 8912.59 48.82 551.43 1053.86 1555.95 2057.56 2558.52 3058.69 3557.91 4056.04 4552.91 5048.39 5542.31 6034.53 6524.91 7013.28 7499.50 7983.43 8464.91 8943.80 49.16 553.52 1057.69 1561.53 2064.87 2567.57 3069.48 3570.43 4070.29 4568.89 5066.08 5561.72 6055.65 6547.72 7037.79 7525.70 8011.30 8494.46 8975.01 49.50 555.60 1061.52 1567.10 2072.19 2576.63 3080.27 3582.96 4084.54 4584.86 5083.78 5581.13 6076.77 6570.54 7062.30 7551.90 8039.18 8524.00 9006.22 49.84 557.69 1065.35 1572.67 2079.50 2585.68 3091.06 3595.48 4098.79 4600.84 5101.47 5600.54 6097.88 6593.36 7086.81 7578.10 8067.06 8553.55 9037.43 50.19 559.78 1069.18 1578.25 2086.82 2594.74 3101.85 3608.01 4113.05 4616.82 5119.17 5619.95 6119.00 6616.18 7111.33 7604.30 8094.94 8583.10 9068.64 50.53 561.87 1073.02 1583.83 2094.14 2603.80 3112.64 3620.53 4127.30 4632.80 5136.87 5639.36 6140.12 6639.00 7135.85 7630.50 8122.82 8612.66 9099.85 50.88 563.96 1076.85 1589.40 2101.46 2612.85 3123.44 3633.06 4141.56 4648.78 5154.57 5658.78 6161.25 6661.83 7160.36 7656.71 8150.70 8642.21 9131.07 51.22 566.05 1080.69 1594.98 2108.78 2621.91 3134.23 3645.59 4155.81 4664.76 5172.27 5678.19 6182.37 6684.65 7184.88 7682.91 8178.59 8671.76 9162.28 51.57 568.14 1084.53 1600.56 2116.10 2630.97 3145.03 3658.12 4170.07 4680.74 5189.97 5697.61 6203.49 6707.47 7209.40 7709.12 8206.47 8701.32 9193.50 51.92 570.24 1088.37 1606.15 2123.42 2640.04 3155.83 3670.65 4184.33 4696.73 5207.67 5717.02 6224.62 6730.30 7233.92 7735.32 8234.36 8730.87 9224.72 52.27 572.33 1092.21 1611.73 2130.75 2649.10 3166.63 3683.18 4198.59 4712.71 5225.38 5736.44 6245.74 6753.13 7258.44 7761.53 8262.25 8760.43 9255.93 52.62 574.43 1096.05 1617.31 2138.07 2658.16 3177.43 3695.71 4212.85 4728.70 5243.08 5755.86 6266.87 6775.96 7282.96 7787.74 8290.13 8789.99 9287.15 52.97 576.53 1099.89 1622.90 2145.40 2667.23 3188.23 3708.25 4227.12 4744.68 5260.79 5775.28 6288.00 6798.79 7307.49 7813.95 8318.02 8819.55 9318.37 53.33 578.63 1103.73 1628.48 2152.73 2676.29 3199.03 3720.78 4241.38 4760.67 5278.50 5794.70 6309.13 6821.62 7332.01 7840.16 8345.91 8849.11 9349.59 53.68 580.73 1107.58 1634.07 2160.05 2685.36 3209.84 3733.32 4255.64 4776.66 5296.21 5814.12 6330.26 6844.45 7356.54 7866.38 8373.80 8878.67 9380.82 54.04 582.83 1111.42 1639.66 2167.38 2694.43 3220.64 3745.85 4269.91 4792.65 5313.92 5833.55 6351.39 6867.28 7381.07 7892.59 8401.70 8908.23 9412.04 54.40 584.93 1115.27 1645.25 2174.71 2703.50 3231.45 3758.39 4284.18 4808.64 5331.63 5852.97 6372.52 6890.11 7405.59 7918.80 8429.59 8937.79 9443.26 54.75 587.03 1119.12 1650.84 2182.05 2712.57 3242.25 3770.93 4298.45 4824.64 5349.34 5872.40 6393.66 6912.95 7430.12 7945.02 8457.48 8967.36 9474.49 55.11 589.14 1122.96 1656.43 2189.38 2721.64 3253.06 3783.47 4312.72 4840.63 5367.05 5891.83 6414.79 6935.79 7454.65 7971.24 8485.38 8996.92 9505.72 55.47 591.24 1126.81 1662.03 2196.71 2730.72 3263.87 3796.02 4326.99 4856.62 5384.77 5911.25 6435.93 6958.62 7479.18 7997.46 8513.28 9026.49 9536.94 55.84 593.35 1130.67 1667.62 2204.05 2739.79 3274.68 3808.56 4341.26 4872.62 5402.48 5930.68 6457.06 6981.46 7503.72 8023.67 8541.17 9056.06 9568.17 56.20 595.46 1134.52 1673.22 2211.39 2748.87 3285.49 3821.10 4355.53 4888.62 5420.20 5950.11 6478.20 7004.30 7528.25 8049.89 8569.07 9085.63 9599.40 56.56 597.57 1138.37 1678.81 2218.73 2757.95 3296.31 3833.65 4369.81 4904.62 5437.92 5969.55 6499.34 7027.14 7552.79 8076.12 8596.97 9115.20 9630.63 56.93 599.68 1142.23 1684.41 2226.06 2767.02 3307.12 3846.20 4384.08 4920.62 5455.64 5988.98 6520.48 7049.98 7577.32 8102.34 8624.87 9144.77 9661.86 57.30 601.79 1146.08 1690.01 2233.41 2776.10 3317.94 3858.74 4398.36 4936.62 5473.36 6008.41 6541.62 7072.83 7601.86 8128.56 8652.78 9174.34 9693.10 57.66 603.90 1149.94 1695.61 2240.75 2785.18 3328.75 3871.29 4412.64 4952.62 5491.08 6027.85 6562.77 7095.67 7626.40 8154.79 8680.68 9203.91 9724.33 58.03 606.02 1153.80 1701.21 2248.09 2794.26 3339.57 3883.84 4426.92 4968.62 5508.80 6047.28 6583.91 7118.51 7650.94 8181.01 8708.58 9233.49 9755.57 58.40 608.13 1157.66 1706.82 2255.43 2803.35 3350.39 3896.39 4441.20 4984.63 5526.52 6066.72 6605.05 7141.36 7675.48 8207.24 8736.49 9263.06 9786.80 58.78 610.25 1161.52 1712.42 2262.78 2812.43 3361.21 3908.95 4455.48 5000.63 5544.25 6086.16 6626.20 7164.21 7700.02 8233.47 8764.39 9292.64 9818.04 59.15 612.37 1165.38 1718.02 2270.12 2821.52 3372.03 3921.50 4469.76 5016.64 5561.97 6105.60 6647.35 7187.06 7724.56 8259.70 8792.30 9322.22 9849.28 59.52 614.49 1169.25 1723.63 2277.47 2830.60 3382.85 3934.06 4484.04 5032.65 5579.70 6125.04 6668.50 7209.91 7749.10 8285.93 8820.21 9351.79 9880.52 59.90 616.61 1173.11 1729.24 2284.82 2839.69 3393.68 3946.61 4498.33 5048.66 5597.43 6144.48 6689.65 7232.76 7773.65 8312.16 8848.12 9381.37 9911.76 60.27 618.73 1176.98 1734.85 2292.17 2848.78 3404.50 3959.17 4512.61 5064.67 5615.16 6163.92 6710.80 7255.61 7798.19 8338.39 8876.03 9410.95 9943.00 60.65 620.85 1180.84 1740.46 2299.52 2857.87 3415.33 3971.73 4526.90 5080.68 5632.89 6183.37 6731.95 7278.46 7822.74 8364.62 8903.94 9440.54 9974.24 61.03 622.97 1184.71 1746.07 2306.87 2866.96 3426.15 3984.29 4541.19 5096.69 5650.62 6202.81 6753.10 7301.31 7847.29 8390.86 8931.86 9470.12 10005.48 61.41 625.10 1188.58 1751.68 2314.23 2876.05 3436.98 3996.85 4555.48 5112.70 5668.35 6222.26 6774.25 7324.17 7871.84 8417.09 8959.77 9499.70 10036.73 61.79 627.22 1192.45 1757.29 2321.58 2885.15 3447.81 4009.41 4569.77 5128.72 5686.09 6241.71 6795.41 7347.03 7896.39 8443.33 8987.68 9529.29 10067.97 62.17 629.35 1196.32 1762.91 2328.94 2894.24 3458.64 4021.97 4584.06 5144.73 5703.82 6261.16 6816.57 7369.88 7920.94 8469.57 9015.60 9558.87 10099.22 62.55 631.48 1200.19 1768.52 2336.29 2903.34 3469.47 4034.54 4598.35 5160.75 5721.56 6280.61 6837.72 7392.74 7945.49 8495.81 9043.52 9588.46 10130.47 62.94 633.61 1204.07 1774.14 2343.65 2912.43 3480.31 4047.10 4612.65 5176.77 5739.30 6300.06 6858.88 7415.60 7970.05 8522.05 9071.44 9618.05 10161.72 63.32 635.74 1207.94 1779.76 2351.01 2921.53 3491.14 4059.67 4626.94 5192.79 5757.03 6319.51 6880.04 7438.46 7994.60 8548.29 9099.36 9647.64 10192.97 63.71 637.87 1211.82 1785.38 2358.37 2930.63 3501.98 4072.24 4641.24 5208.81 5774.77 6338.96 6901.20 7461.32 8019.16 8574.53 9127.28 9677.23 10224.22 64.10 640.00 1215.70 1791.00 2365.73 2939.73 3512.81 4084.81 4655.54 5224.83 5792.51 6358.42 6922.36 7484.19 8043.71 8600.77 9155.20 9706.82 10255.47 64.49 642.14 1219.57 1796.62 2373.10 2948.83 3523.65 4097.37 4669.83 5240.85 5810.26 6377.87 6943.53 7507.05 8068.27 8627.02 9183.12 9736.41 10286.72 64.88 644.27 1223.45 1802.24 2380.46 2957.93 3534.49 4109.95 4684.13 5256.88 5828.00 6397.33 6964.69 7529.92 8092.83 8653.26 9211.04 9766.00 10317.98 65.27 646.41 1227.33 1807.86 2387.82 2967.04 3545.33 4122.52 4698.43 5272.90 5845.74 6416.79 6985.86 7552.78 8117.39 8679.51 9238.97 9795.60 10349.23 65.66 648.55 1231.22 1813.49 2395.19 2976.14 3556.17 4135.09 4712.74 5288.93 5863.49 6436.24 7007.02 7575.65 8141.95 8705.76 9266.90 9825.20 10380.49 66.06 650.69 1235.10 1819.12 2402.56 2985.25 3567.01 4147.67 4727.04 5304.95 5881.23 6455.70 7028.19 7598.52 8166.51 8732.01 9294.82 9854.79 10411.74 66.45 652.83 1238.98 1824.74 2409.93 2994.36 3577.85 4160.24 4741.34 5320.98 5898.98 6475.17 7049.36 7621.39 8191.08 8758.26 9322.75 9884.39 10443.00 66.85 654.97 1242.87 1830.37 2417.30 3003.46 3588.70 4172.82 4755.65 5337.01 5916.73 6494.63 7070.53 7644.26 8215.64 8784.51 9350.68 9913.99 10474.26 67.24 657.11 1246.76 1836.00 2424.67 3012.57 3599.54 4185.40 4769.96 5353.04 5934.48 6514.09 7091.70 7667.13 8240.21 8810.76 9378.61 9943.59 10505.52 67.64 659.25 1250.64 1841.63 2432.04 3021.69 3610.39 4197.98 4784.26 5369.07 5952.23 6533.56 7112.87 7690.00 8264.77 8837.01 9406.54 9973.19 10536.78 68.04 661.40 1254.53 1847.26 2439.41 3030.80 3621.24 4210.56 4798.57 5385.11 5969.98 6553.02 7134.04 7712.88 8289.34 8863.27 9434.47 10002.79 10568.05 68.44 663.54 1258.42 1852.90 2446.79 3039.91 3632.09 4223.14 4812.88 5401.14 5987.74 6572.49 7155.22 7735.75 8313.91 8889.52 9462.41 10032.39 10599.31 68.85 665.69 1262.31 1858.53 2454.16 3049.02 3642.94 4235.72 4827.19 5417.18 6005.49 6591.96 7176.39 7758.63 8338.48 8915.78 9490.34 10062.00 10630.57 69.25 667.84 1266.21 1864.17 2461.54 3058.14 3653.79 4248.30 4841.51 5433.21 6023.25 6611.42 7197.57 7781.51 8363.05 8942.04 9518.28 10091.60 10661.84 69.65 669.99 1270.10 1869.80 2468.92 3067.26 3664.64 4260.89 4855.82 5449.25 6041.00 6630.89 7218.75 7804.38 8387.63 8968.29 9546.21 10121.21 10693.11 70.06 672.14 1274.00 1875.44 2476.30 3076.37 3675.50 4273.48 4870.13 5465.29 6058.76 6650.37 7239.93 7827.26 8412.20 8994.55 9574.15 10150.82 10724.38 70.46 674.29 1277.89 1881.08 2483.68 3085.49 3686.35 4286.06 4884.45 5481.33 6076.52 6669.84 7261.11 7850.14 8436.77 9020.81 9602.09 10180.43 10755.64 70.87 676.44 1281.79 1886.72 2491.06 3094.61 3697.21 4298.65 4898.77 5497.37 6094.28 6689.31 7282.29 7873.03 8461.35 9047.08 9630.03 10210.04 10786.91 71.28 678.60 1285.69 1892.36 2498.44 3103.73 3708.06 4311.24 4913.09 5513.41 6112.04 6708.79 7303.47 7895.91 8485.93 9073.34 9657.97 10239.65 10818.18 71.69 680.75 1289.59 1898.01 2505.82 3112.86 3718.92 4323.83 4927.40 5529.46 6129.80 6728.26 7324.65 7918.79 8510.50 9099.60 9685.91 10269.26 10849.46 72.10 682.91 1293.49 1903.65 2513.21 3121.98 3729.78 4336.42 4941.72 5545.50 6147.57 6747.74 7345.84 7941.68 8535.08 9125.87 9713.86 10298.87 10880.73 72.52 685.07 1297.39 1909.29 2520.59 3131.11 3740.64 4349.02 4956.05 5561.55 6165.33 6767.22 7367.02 7964.56 8559.66 9152.13 9741.80 10328.48 10912.00 72.93 687.23 1301.29 1914.94 2527.98 3140.23 3751.50 4361.61 4970.37 5577.59 6183.10 6786.70 7388.21 7987.45 8584.24 9178.40 9769.75 10358.10 10943.28 73.34 689.39 1305.20 1920.59 2535.37 3149.36 3762.37 4374.21 4984.69 5593.64 6200.86 6806.18 7409.40 8010.34 8608.83 9204.67 9797.69 10387.72 10974.56 73.76 691.55 1309.10 1926.24 2542.76 3158.49 3773.23 4386.80 4999.02 5609.69 6218.63 6825.66 7430.59 8033.23 8633.41 9230.94 9825.64 10417.33 11005.83 74.18 693.71 1313.01 1931.89 2550.15 3167.62 3784.10 4399.40 5013.34 5625.74 6236.40 6845.14 7451.78 8056.12 8657.99 9257.21 9853.59 10446.95 11037.11 74.60 695.87 1316.92 1937.54 2557.54 3176.75 3794.96 4412.00 5027.67 5641.79 6254.17 6864.62 7472.97 8079.01 8682.58 9283.48 9881.54 10476.57 11068.39 75.02 698.04 1320.83 1943.19 2564.94 3185.88 3805.83 4424.60 5042.00 5657.84 6271.94 6884.11 7494.16 8101.91 8707.17 9309.76 9909.49 10506.19 11099.67 75.44 700.20 1324.74 1948.84 2572.33 3195.01 3816.70 4437.20 5056.33 5673.90 6289.71 6903.59 7515.35 8124.80 8731.75 9336.03 9937.44 10535.81 11130.95 75.86 702.37 1328.65 1954.50 2579.73 3204.15 3827.57 4449.80 5070.66 5689.95 6307.49 6923.08 7536.55 8147.70 8756.34 9362.30 9965.40 10565.43 11162.24 76.28 704.54 1332.56 1960.15 2587.12 3213.28 3838.44 4462.41 5084.99 5706.01 6325.26 6942.57 7557.74 8170.59 8780.93 9388.58 9993.35 10595.06 11193.52 76.71 706.71 1336.47 1965.81 2594.52 3222.42 3849.31 4475.01 5099.33 5722.06 6343.04 6962.06 7578.94 8193.49 8805.52 9414.86 10021.30 10624.68 11224.80 77.13 708.88 1340.39 1971.47 2601.92 3231.56 3860.19 4487.62 5113.66 5738.12 6360.82 6981.55 7600.14 8216.39 8830.12 9441.14 10049.26 10654.31 11256.09 77.56 711.05 1344.30 1977.12 2609.32 3240.69 3871.06 4500.22 5128.00 5754.18 6378.59 7001.04 7621.34 8239.29 8854.71 9467.42 10077.22 10683.93 11287.38 77.99 713.23 1348.22 1982.78 2616.72 3249.83 3881.94 4512.83 5142.33 5770.24 6396.37 7020.53 7642.54 8262.19 8879.30 9493.70 10105.18 10713.56 11318.67 78.42 715.40 1352.14 1988.45 2624.12 3258.98 3892.81 4525.44 5156.67 5786.30 6414.15 7040.03 7663.74 8285.09 8903.90 9519.98 10133.14 10743.19 11349.95 78.85 717.57 1356.06 1994.11 2631.53 3268.12 3903.69 4538.05 5171.01 5802.37 6431.94 7059.52 7684.94 8307.99 8928.50 9546.26 10161.10 10772.82 11381.24 79.28 719.75 1359.98 1999.77 2638.93 3277.26 3914.57 4550.66 5185.35 5818.43 6449.72 7079.02 7706.14 8330.90 8953.09 9572.54 10189.06 10802.45 11412.54 79.71 721.93 1363.90 2005.44 2646.34 3286.41 3925.45 4563.28 5199.69 5834.50 6467.50 7098.52 7727.35 8353.80 8977.69 9598.83 10217.02 10832.08 11443.83 80.14 724.11 1367.83 2011.10 2653.74 3295.55 3936.33 4575.89 5214.03 5850.56 6485.29 7118.01 7748.55 8376.71 9002.29 9625.11 10244.99 10861.72 11475.12 80.58 726.29 1371.75 2016.77 2661.15 3304.70 3947.22 4588.51 5228.38 5866.63 6503.07 7137.51 7769.76 8399.62 9026.89 9651.40 10272.95 10891.35 11506.42 81.02 728.47 1375.68 2022.44 2668.56 3313.85 3958.10 4601.12 5242.72 5882.70 6520.86 7157.01 7790.97 8422.52 9051.50 9677.69 10300.92 10920.99 11537.71 81.45 730.65 1379.60 2028.11 2675.97 3323.00 3968.98 4613.74 5257.07 5898.77 6538.65 7176.52 7812.18 8445.43 9076.10 9703.98 10328.88 10950.62 11569.01 81.89 732.83 1383.53 2033.78 2683.38 3332.15 3979.87 4626.36 5271.41 5914.84 6556.44 7196.02 7833.39 8468.34 9100.70 9730.27 10356.85 10980.26 11600.30 82.33 735.02 1387.46 2039.45 2690.80 3341.30 3990.76 4638.98 5285.76 5930.91 6574.23 7215.52 7854.60 8491.26 9125.31 9756.56 10384.82 11009.90 11631.60 82.77 737.21 1391.39 2045.12 2698.21 3350.45 4001.65 4651.60 5300.11 5946.98 6592.02 7235.03 7875.81 8514.17 9149.92 9782.85 10412.79 11039.54 11662.90 83.21 739.39 1395.32 2050.80 2705.63 3359.61 4012.54 4664.22 5314.46 5963.06 6609.81 7254.53 7897.02 8537.08 9174.52 9809.15 10440.76 11069.18 11694.20 83.66 741.58 1399.25 2056.47 2713.04 3368.76 4023.43 4676.84 5328.81 5979.13 6627.61 7274.04 7918.24 8560.00 9199.13 9835.44 10468.74 11098.82 11725.51 84.10 743.77 1403.19 2062.15 2720.46 3377.92 4034.32 4689.47 5343.16 5995.21 6645.40 7293.55 7939.45 8582.92 9223.74 9861.74 10496.71 11128.46 11756.81 84.55 745.96 1407.12 2067.83 2727.88 3387.07 4045.21 4702.09 5357.52 6011.29 6663.20 7313.06 7960.67 8605.83 9248.35 9888.03 10524.68 11158.11 11788.11 84.99 748.15 1411.06 2073.51 2735.30 3396.23 4056.11 4714.72 5371.87 6027.37 6681.00 7332.57 7981.89 8628.75 9272.96 9914.33 10552.66 11187.75 11819.42 85.44 750.35 1415.00 2079.19 2742.72 3405.39 4067.00 4727.35 5386.23 6043.45 6698.80 7352.08 8003.11 8651.67 9297.58 9940.63 10580.64 11217.40 11850.72 85.89 752.54 1418.93 2084.87 2750.14 3414.55 4077.90 4739.98 5400.59 6059.53 6716.60 7371.60 8024.33 8674.59 9322.19 9966.93 10608.61 11247.04 11882.03 86.34 754.74 1422.87 2090.55 2757.57 3423.72 4088.80 4752.61 5414.95 6075.61 6734.40 7391.11 8045.55 8697.51 9346.81 9993.23 10636.59 11276.69 11913.34 86.79 756.93 1426.81 2096.24 2764.99 3432.88 4099.70 4765.24 5429.30 6091.69 6752.20 7410.63 8066.77 8720.44 9371.42 10019.54 10664.57 11306.34 11944.65 87.25 759.13 1430.76 2101.92 2772.42 3442.04 4110.60 4777.87 5443.67 6107.78 6770.00 7430.14 8088.00 8743.36 9396.04 10045.84 10692.55 11335.99 11975.96 87.70 761.33 1434.70 2107.61 2779.84 3451.21 4121.50 4790.51 5458.03 6123.86 6787.81 7449.66 8109.22 8766.29 9420.66 10072.14 10720.54 11365.64 12007.27 88.15 763.53 1438.64 2113.29 2787.27 3460.38 4132.40 4803.14 5472.39 6139.95 6805.61 7469.18 8130.45 8789.21 9445.28 10098.45 10748.52 11395.30 12038.58 88.61 765.73 1442.59 2118.98 2794.70 3469.54 4143.30 4815.78 5486.75 6156.04 6823.42 7488.70 8151.67 8812.14 9469.90 10124.76 10776.50 11424.95 12069.90 89.07 767.93 1446.54 2124.67 2802.13 3478.71 4154.21 4828.41 5501.12 6172.13 6841.23 7508.22 8172.90 8835.07 9494.52 10151.06 10804.49 11454.60 12101.21 89.53 770.14 1450.48 2130.36 2809.56 3487.88 4165.12 4841.05 5515.49 6188.22 6859.04 7527.74 8194.13 8858.00 9519.15 10177.37 10832.48 11484.26 12132.53 89.99 772.34 1454.43 2136.05 2817.00 3497.06 4176.02 4853.69 5529.85 6204.31 6876.85 7547.27 8215.36 8880.93 9543.77 10203.68 10860.46 11513.92 12163.84 90.45 774.55 1458.38 2141.75 2824.43 3506.23 4186.93 4866.33 5544.22 6220.40 6894.66 7566.79 8236.59 8903.86 9568.40 10229.99 10888.45 11543.57 12195.16 90.91 776.75 1462.33 2147.44 2831.87 3515.40 4197.84 4878.97 5558.59 6236.49 6912.47 7586.32 8257.82 8926.80 9593.02 10256.31 10916.44 11573.23 12226.48 91.37 778.96 1466.29 2153.14 2839.30 3524.58 4208.75 4891.62 5572.96 6252.59 6930.28 7605.84 8279.06 8949.73 9617.65 10282.62 10944.43 11602.89 12257.80 91.84 781.17 1470.24 2158.83 2846.74 3533.75 4219.66 4904.26 5587.34 6268.69 6948.10 7625.37 8300.29 8972.66 9642.28 10308.93 10972.43 11632.55 12289.12 92.30 783.38 1474.19 2164.53 2854.18 3542.93 4230.58 4916.91 5601.71 6284.78 6965.91 7644.90 8321.53 8995.60 9666.91 10335.25 11000.42 11662.22 12320.44 92.77 785.59 1478.15 2170.23 2861.62 3552.11 4241.49 4929.55 5616.08 6300.88 6983.73 7664.43 8342.77 9018.54 9691.54 10361.57 11028.41 11691.88 12351.76 93.24 787.81 1482.11 2175.93 2869.06 3561.29 4252.41 4942.20 5630.46 6316.98 7001.55 7683.96 8364.00 9041.48 9716.17 10387.88 11056.41 11721.54 12383.09 93.71 790.02 1486.07 2181.63 2876.50 3570.47 4263.32 4954.85 5644.84 6333.08 7019.37 7703.49 8385.24 9064.42 9740.80 10414.20 11084.40 11751.21 12414.41 94.18 792.24 1490.03 2187.33 2883.95 3579.65 4274.24 4967.50 5659.22 6349.18 7037.19 7723.03 8406.48 9087.36 9765.44 10440.52 11112.40 11780.88 12445.74 94.65 794.45 1493.99 2193.04 2891.39 3588.84 4285.16 4980.15 5673.59 6365.29 7055.01 7742.56 8427.73 9110.30 9790.07 10466.84 11140.40 11810.54 12477.07 95.12 796.67 1497.95 2198.74 2898.84 3598.02 4296.08 4992.80 5687.97 6381.39 7072.83 7762.10 8448.97 9133.24 9814.71 10493.17 11168.40 11840.21 12508.39 95.59 798.89 1501.91 2204.45 2906.28 3607.20 4307.00 5005.45 5702.36 6397.49 7090.66 7781.63 8470.21 9156.19 9839.35 10519.49 11196.40 11869.88 12539.72 96.07 801.11 1505.88 2210.15 2913.73 3616.39 4317.92 5018.11 5716.74 6413.60 7108.48 7801.17 8491.46 9179.13 9863.99 10545.81 11224.40 11899.55 12571.05 96.54 803.33 1509.84 2215.86 2921.18 3625.58 4328.85 5030.76 5731.12 6429.71 7126.31 7820.71 8512.70 9202.08 9888.63 10572.14 11252.41 11929.22 12602.39 97.02 805.55 1513.81 2221.57 2928.63 3634.77 4339.77 5043.42 5745.51 6445.82 7144.13 7840.25 8533.95 9225.03 9913.27 10598.46 11280.41 11958.90 12633.72 97.50 807.78 1517.78 2227.28 2936.08 3643.96 4350.70 5056.08 5759.89 6461.93 7161.96 7859.79 8555.20 9247.98 9937.91 10624.79 11308.41 11988.57 12665.05 97.98 810.00 1521.74 2232.99 2943.54 3653.15 4361.62 5068.74 5774.28 6478.04 7179.79 7879.33 8576.45 9270.93 9962.55 10651.12 11336.42 12018.24 12696.39 98.46 812.23 1525.71 2238.71 2950.99 3662.34 4372.55 5081.40 5788.67 6494.15 7197.62 7898.88 8597.70 9293.88 9987.20 10677.45 11364.43 12047.92 12727.72 98.94 814.45 1529.69 2244.42 2958.44 3671.54 4383.48 5094.06 5803.06 6510.26 7215.45 7918.42 8618.95 9316.83 10011.84 10703.78 11392.44 12077.60 12759.06 99.43 816.68 1533.66 2250.14 2965.90 3680.73 4394.41 5106.72 5817.45 6526.38 7233.29 7937.97 8640.20 9339.78 10036.49 10730.11 11420.45 12107.28 12790.40 99.91 818.91 1537.63 2255.85 2973.36 3689.93 4405.34 5119.39 5831.84 6542.49 7251.12 7957.52 8661.46 9362.74 10061.14 10756.45 11448.46 12136.96 12821.74 100.40 821.14 1541.61 2261.57 2980.82 3699.12 4416.27 5132.05 5846.23 6558.61 7268.96 7977.06 8682.71 9385.69 10085.78 10782.78 11476.47 12166.64 12853.08 100.88 823.37 1545.58 2267.29 2988.28 3708.32 4427.21 5144.72 5860.63 6574.73 7286.79 7996.61 8703.97 9408.65 10110.43 10809.12 11504.48 12196.32 12884.42 101.37 825.61 1549.56 2273.01 2995.74 3717.52 4438.14 5157.38 5875.02 6590.85 7304.63 8016.16 8725.23 9431.60 10135.08 10835.45 11532.49 12226.00 12915.76 101.86 827.84 1553.54 2278.73 3003.20 3726.72 4449.08 5170.05 5889.42 6606.97 7322.47 8035.71 8746.48 9454.56 10159.74 10861.79 11560.51 12255.68 12947.10 102.35 830.08 1557.52 2284.45 3010.66 3735.92 4460.02 5182.72 5903.82 6623.09 7340.31 8055.27 8767.74 9477.52 10184.39 10888.13 11588.52 12285.37 12978.45 102.84 832.31 1561.50 2290.18 3018.13 3745.13 4470.96 5195.39 5918.22 6639.21 7358.15 8074.82 8789.00 9500.48 10209.04 10914.47 11616.54 12315.05 13009.79 103.33 834.55 1565.48 2295.90 3025.59 3754.33 4481.90 5208.06 5932.62 6655.33 7375.99 8094.38 8810.27 9523.45 10233.70 10940.81 11644.56 12344.74 13041.14 103.83 836.79 1569.46 2301.63 3033.06 3763.54 4492.84 5220.74 5947.02 6671.46 7393.84 8113.93 8831.53 9546.41 10258.35 10967.15 11672.58 12374.43 13072.48 104.32 839.03 1573.45 2307.35 3040.53 3772.74 4503.78 5233.41 5961.42 6687.58 7411.68 8133.49 8852.79 9569.37 10283.01 10993.49 11700.60 12404.12 13103.83 104.82 841.27 1577.43 2313.08 3048.00 3781.95 4514.72 5246.09 5975.82 6703.71 7429.52 8153.05 8874.06 9592.34 10307.67 11019.84 11728.62 12433.81 13135.18 105.32 843.51 1581.42 2318.81 3055.47 3791.16 4525.67 5258.76 5990.23 6719.84 7447.37 8172.61 8895.33 9615.31 10332.33 11046.18 11756.64 12463.50 13166.53 105.82 845.76 1585.41 2324.54 3062.94 3800.37 4536.61 5271.44 6004.63 6735.97 7465.22 8192.17 8916.59 9638.27 10356.99 11072.53 11784.67 12493.19 13197.88 106.32 848.00 1589.40 2330.27 3070.41 3809.58 4547.56 5284.12 6019.04 6752.10 7483.07 8211.73 8937.86 9661.24 10381.65 11098.88 11812.69 12522.88 13229.24 106.82 850.25 1593.39 2336.01 3077.89 3818.79 4558.51 5296.80 6033.45 6768.23 7500.92 8231.29 8959.13 9684.21 10406.32 11125.22 11840.72 12552.58 13260.59 107.32 852.49 1597.38 2341.74 3085.36 3828.01 4569.46 5309.48 6047.86 6784.36 7518.77 8250.86 8980.40 9707.18 10430.98 11151.57 11868.74 12582.27 13291.95 107.82 854.74 1601.37 2347.48 3092.84 3837.22 4580.41 5322.16 6062.27 6800.50 7536.62 8270.42 9001.67 9730.16 10455.65 11177.92 11896.77 12611.97 13323.30 108.33 856.99 1605.36 2353.21 3100.31 3846.44 4591.36 5334.85 6076.68 6816.63 7554.47 8289.99 9022.95 9753.13 10480.31 11204.27 11924.80 12641.67 13354.66 108.83 859.24 1609.36 2358.95 3107.79 3855.65 4602.31 5347.53 6091.09 6832.77 7572.33 8309.56 9044.22 9776.10 10504.98 11230.63 11952.83 12671.37 13386.02 109.34 861.49 1613.35 2364.69 3115.27 3864.87 4613.26 5360.22 6105.51 6848.90 7590.18 8329.12 9065.50 9799.08 10529.65 11256.98 11980.86 12701.06 13417.38 109.85 863.75 1617.35 2370.43 3122.75 3874.09 4624.22 5372.90 6119.92 6865.04 7608.04 8348.69 9086.77 9822.05 10554.32 11283.34 12008.89 12730.77 13448.74 110.36 866.00 1621.35 2376.17 3130.24 3883.31 4635.17 5385.59 6134.34 6881.18 7625.90 8368.26 9108.05 9845.03 10578.99 11309.69 12036.93 12760.47 13480.10 110.87 868.26 1625.35 2381.91 3137.72 3892.53 4646.13 5398.28 6148.75 6897.32 7643.76 8387.84 9129.33 9868.01 10603.66 11336.05 12064.96 12790.17 13511.46 111.38 870.51 1629.35 2387.66 3145.20 3901.76 4657.09 5410.97 6163.17 6913.46 7661.62 8407.41 9150.61 9890.99 10628.33 11362.41 12093.00 12819.87 13542.82 111.89 872.77 1633.35 2393.40 3152.69 3910.98 4668.05 5423.66 6177.59 6929.61 7679.48 8426.98 9171.89 9913.97 10653.01 11388.77 12121.03 12849.58 13574.19 112.40 875.03 1637.35 2399.15 3160.17 3920.21 4679.01 5436.36 6192.01 6945.75 7697.34 8446.56 9193.17 9936.95 10677.68 11415.13 12149.07 12879.28 13605.55 112.92 877.29 1641.36 2404.89 3167.66 3929.43 4689.97 5449.05 6206.43 6961.90 7715.21 8466.13 9214.45 9959.94 10702.36 11441.49 12177.11 12908.99 13636.92 113.44 879.55 1645.36 2410.64 3175.15 3938.66 4700.93 5461.74 6220.86 6978.04 7733.07 8485.71 9235.74 9982.92 10727.03 11467.85 12205.15 12938.70 13668.29 113.95 881.81 1649.37 2416.39 3182.64 3947.89 4711.90 5474.44 6235.28 6994.19 7750.94 8505.29 9257.02 10005.91 10751.71 11494.21 12233.19 12968.41 13699.65 114.47 884.08 1653.38 2422.14 3190.13 3957.12 4722.86 5487.14 6249.71 7010.34 7768.80 8524.87 9278.31 10028.89 10776.39 11520.58 12261.23 12998.12 13731.02 114.99 886.34 1657.39 2427.89 3197.63 3966.35 4733.83 5499.84 6264.13 7026.49 7786.67 8544.45 9299.60 10051.88 10801.07 11546.95 12289.27 13027.83 13762.39 115.51 888.61 1661.40 2433.65 3205.12 3975.58 4744.80 5512.54 6278.56 7042.64 7804.54 8564.03 9320.89 10074.87 10825.75 11573.31 12317.32 13057.54 13793.77 116.03 890.87 1665.41 2439.40 3212.61 3984.82 4755.77 5525.24 6292.99 7058.79 7822.41 8583.62 9342.18 10097.86 10850.44 11599.68 12345.36 13087.26 13825.14 116.56 893.14 1669.42 2445.16 3220.11 3994.05 4766.74 5537.94 6307.42 7074.95 7840.28 8603.20 9363.47 10120.85 10875.12 11626.05 12373.41 13116.97 13856.51 117.08 895.41 1673.44 2450.91 3227.61 4003.29 4777.71 5550.64 6321.85 7091.10 7858.16 8622.79 9384.76 10143.84 10899.81 11652.42 12401.46 13146.69 13887.89 117.61 897.68 1677.45 2456.67 3235.11 4012.52 4788.68 5563.35 6336.28 7107.26 7876.03 8642.37 9406.05 10166.84 10924.49 11678.79 12429.50 13176.40 13919.26 118.13 899.95 1681.47 2462.43 3242.61 4021.76 4799.65 5576.05 6350.72 7123.41 7893.91 8661.96 9427.35 10189.83 10949.18 11705.16 12457.55 13206.12 13950.64 118.66 902.23 1685.48 2468.19 3250.11 4031.00 4810.63 5588.76 6365.15 7139.57 7911.78 8681.55 9448.64 10212.83 10973.87 11731.54 12485.60 13235.84 13982.02 119.19 904.50 1689.50 2473.95 3257.61 4040.24 4821.60 5601.47 6379.59 7155.73 7929.66 8701.14 9469.94 10235.82 10998.56 11757.91 12513.66 13265.56 14013.40 119.72 906.78 1693.52 2479.71 3265.11 4049.48 4832.58 5614.17 6394.02 7171.89 7947.54 8720.73 9491.24 10258.82 11023.25 11784.29 12541.71 13295.28 14044.78 120.25 909.05 1697.54 2485.48 3272.62 4058.72 4843.56 5626.88 6408.46 7188.05 7965.42 8740.32 9512.54 10281.82 11047.94 11810.66 12569.76 13325.00 14076.16 120.79 911.33 1701.56 2491.24 3280.12 4067.97 4854.54 5639.60 6422.90 7204.21 7983.30 8759.92 9533.84 10304.82 11072.63 11837.04 12597.82 13354.73 14107.54 121.32 913.61 1705.59 2497.01 3287.63 4077.21 4865.52 5652.31 6437.34 7220.38 8001.18 8779.51 9555.14 10327.82 11097.33 11863.42 12625.87 13384.45 14138.93 121.85 915.89 1709.61 2502.77 3295.14 4086.46 4876.50 5665.02 6451.78 7236.54 8019.06 8799.11 9576.44 10350.82 11122.02 11889.80 12653.93 13414.18 14170.31 122.39 918.17 1713.64 2508.54 3302.64 4095.71 4887.48 5677.74 6466.22 7252.71 8036.95 8818.70 9597.74 10373.83 11146.72 11916.18 12681.99 13443.90 14201.70 122.93 920.45 1717.66 2514.31 3310.15 4104.95 4898.47 5690.45 6480.67 7268.87 8054.83 8838.30 9619.05 10396.83 11171.41 11942.56 12710.05 13473.63 14233.08 123.47 922.74 1721.69 2520.08 3317.67 4114.20 4909.45 5703.17 6495.11 7285.04 8072.72 8857.90 9640.35 10419.84 11196.11 11968.95 12738.11 13503.36 14264.47 124.01 925.02 1725.72 2525.85 3325.18 4123.46 4920.44 5715.89 6509.56 7301.21 8090.61 8877.50 9661.66 10442.84 11220.81 11995.33 12766.17 13533.09 14295.86 124.55 927.31 1729.75 2531.62 3332.69 4132.71 4931.43 5728.61 6524.01 7317.38 8108.49 8897.10 9682.97 10465.85 11245.51 12021.72 12794.23 13562.82 14327.25 125.09 929.60 1733.78 2537.40 3340.21 4141.96 4942.41 5741.33 6538.45 7333.55 8126.38 8916.71 9704.28 10488.86 11270.21 12048.10 12822.30 13592.55 14358.64 125.63 931.88 1737.81 2543.17 3347.72 4151.21 4953.40 5754.05 6552.90 7349.73 8144.28 8936.31 9725.59 10511.87 11294.92 12074.49 12850.36 13622.28 14390.03 126.18 934.17 1741.85 2548.95 3355.24 4160.47 4964.40 5766.77 6567.35 7365.90 8162.17 8955.91 9746.90 10534.88 11319.62 12100.88 12878.43 13652.02 14421.42 126.72 936.46 1745.88 2554.73 3362.76 4169.73 4975.39 5779.50 6581.81 7382.08 8180.06 8975.52 9768.21 10557.89 11344.32 12127.27 12906.49 13681.75 14452.82 127.27 938.76 1749.92 2560.51 3370.28 4178.98 4986.38 5792.22 6596.26 7398.25 8197.96 8995.13 9789.52 10580.90 11369.03 12153.66 12934.56 13711.49 14484.21
=== END RADAR_SCAN ===

