=== BEGIN RADAR_SCAN ===
scan.index=1
scan.time=95.000000
radar.id=0
radar.frequency=C
radar.scanning_mode=PPI
radar.x=0.000
radar.y=0.000
radar.z=25.000
radar.maximum_range=250000.000
radar.range_resolution=250.000
radar.angular_resolution=1.000000
box.radar_id=0
box.min_range_gate=731.000
box.max_range_gate=814.000
box.min_angle=102.000000
box.max_angle=113.000000
box.num_ranges=84
box.num_angles=11
box.range_resolution=250.000
box.angular_resolution=1.000000
box.other_angle=12.000000
grid.size=924
grid.data=0.00 0.00 0.00 0.00 0.00 0.00 0.00 0.00 0.00 0.00 0.00 0.00 0.00 0.00 0.00 0.00 0.00 0.00 0.00 0.00 0.00 0.00 0.00 0.00 0.00 0.00 0.00 0.00 0.00 0.00 0.00 0.00 0.00 0.00 0.00 0.00 0.00 0.00 0.00 0.00 0.00 0.00 0.00 0.00 0.00 0.00 0.00 0.00 0.00 0.00 0.00 0.00 0.00 0.00 0.00 0.00 0.00 0.00 0.00 0.00 0.47 0.16 0.00 0.00 0.00 0.00 0.00 0.00 0.00 0.00 0.00 -0.42 0.28 0.00 0.00 0.00 0.00 0.00 0.00 0.00 0.00 0.00 0.99 1.41 0.00 0.00 0.00 0.00 0.00 0.00 0.00 0.00 0.00 1.01 0.50 0.00 0.00 0.00 0.00 0.00 0.00 0.00 0.00 0.00 1.62 -0.45 0.87 0.00 0.00 0.00 0.00 0.00 0.00 0.00 0.00 -0.24 -0.59 0.18 0.00 0.00 0.00 0.00 0.00 0.00 0.00 0.30 -0.86 1.20 -0.43 0.00 0.00 0.00 0.00 0.00 0.00 0.00 1.15 -0.27 1.94 -0.06 0.00 0.00 0.00 0.00 0.00 0.00 0.00 1.20 1.20 0.21 2.01 0.00 0.00 0.00 0.00 0.00 0.00 0.00 0.20 0.64 0.22 0.33 0.00 0.00 0.00 0.00 0.00 0.00 0.00 -0.02 1.54 0.03 0.20 0.00 0.00 0.00 0.00 0.00 0.00 0.00 -0.24 0.35 -1.60 0.89 0.00 0.00 0.00 0.00 0.00 0.00 0.00 -0.64 0.05 -0.55 -1.53 0.00 0.00 0.00 0.00 0.00 0.00 0.00 1.15 -0.03 1.44 -1.19 0.00 0.00 0.00 0.00 0.00 0.00 0.00 -1.20 1.24 0.10 2.62 -0.89 0.00 0.00 0.00 0.00 0.00 0.00 0.15 -0.72 -0.26 -1.18 1.14 0.00 0.00 0.00 0.00 0.00 0.00 1.15 0.08 1.06 -1.54 -0.62 0.00 0.00 0.00 0.00 0.00 0.00 0.94 0.77 0.17 1.01 0.39 0.00 0.00 0.00 0.00 0.00 0.00 0.10 2.98 -0.45 -1.12 1.64 0.00 0.00 0.00 0.00 0.00 0.16 0.49 1.17 1.16 -1.00 -1.43 0.00 0.00 0.00 0.00 0.00 0.28 -0.35 -0.02 1.35 1.29 0.73 0.00 0.00 0.00 0.00 0.00 -1.29 0.53 -1.20 -0.25 -0.53 1.47 0.00 0.00 0.00 0.00 0.00 0.33 -1.10 1.71 0.29 -0.42 0.20 0.00 0.00 0.00 0.00 0.00 -1.36 -0.17 1.28 -0.77 0.60 1.56 0.00 0.00 0.00 0.00 0.00 -0.02 0.12 1.11 1.12 0.49 -0.42 0.00 0.00 0.00 0.00 0.00 -0.09 0.87 -0.70 1.20 -0.30 -1.24 0.00 0.00 0.00 0.00 0.00 -0.25 -0.29 0.78 -1.37 0.37 -0.82 0.00 0.00 0.00 0.00 0.00 1.45 -0.39 -1.68 1.42 0.17 -0.64 0.00 0.00 0.00 0.00 0.00 1.52 0.74 1.14 0.04 -1.28 -0.23 0.00 0.00 0.00 0.00 0.00 2.05 -1.34 1.82 -0.12 0.47 1.84 0.00 0.00 0.00 0.00 0.00 -0.63 -0.81 0.59 -0.72 -0.96 -1.61 0.00 0.00 0.00 0.00 0.00 -0.34 0.33 0.14 0.09 0.22 2.24 0.00 0.00 0.00 0.00 0.00 0.58 -2.35 -0.65 -1.20 1.38 1.18 0.00 0.00 0.00 0.00 0.00 0.67 -0.08 1.45 -1.02 1.50 -0.12 0.00 0.00 0.00 0.00 0.00 -0.80 -0.54 -1.19 -0.67 0.62 -0.80 0.00 0.00 0.00 0.00 0.00 -0.03 0.85 -0.38 -0.23 -1.48 -0.34 0.00 0.00 0.00 0.00 0.00 -0.57 1.09 0.21 1.07 -0.53 1.01 0.00 0.00 0.00 0.00 0.00 1.93 -0.84 -0.01 0.89 0.16 1.67 0.00 0.00 0.00 0.00 0.00 -0.77 0.59 -0.76 0.05 -0.89 0.40 0.00 0.00 0.00 0.00 0.00 -0.49 0.96 -1.76 -0.01 0.07 0.76 0.00 0.00 0.00 0.00 0.00 -0.32 -0.48 0.83 -0.33 -0.49 -1.09 0.00 0.00 0.00 0.00 0.00 -0.29 1.51 -0.16 -0.45 -0.98 -2.01 0.00 0.00 0.00 0.00 0.00 0.47 2.64 -0.35 0.04 0.28 -0.41 0.00 0.00 0.00 0.00 0.00 1.43 0.20 0.79 0.70 -0.93 1.20 0.00 0.00 0.00 0.00 0.00 -2.39 0.55 0.27 0.10 1.34 -2.17 0.00 0.00 0.00 0.00 0.00 -0.12 1.18 -0.42 -0.43 0.19 -1.13 0.00 0.00 0.00 0.00 0.00 -0.41 0.09 1.59 -1.53 -1.38 -1.59 0.00 0.00 0.00 0.00 0.00 -0.09 1.02 0.28 -1.12 0.20 -0.13 0.00 0.00 0.00 0.00 0.00 -0.13 -0.46 -1.11 -0.89 0.39 -0.89 0.00 0.00 0.00 0.00 0.00 -0.61 -0.56 -0.23 -0.20 -1.38 -0.91 0.00 0.00 0.00 0.00 0.00 0.19 0.95 -0.59 0.14 1.29 -0.06 0.00 0.00 0.00 0.00 0.00 -0.30 1.02 2.44 0.33 1.81 0.44 0.00 0.00 0.00 0.00 0.00 1.50 -0.36 0.86 0.57 -0.62 -1.02 0.00 0.00 0.00 0.00 0.00 1.01 -1.33 -0.47 0.18 -0.37 -0.07 0.00 0.00 0.00 0.00 0.00 1.14 -0.29 -0.28 0.55 0.58 0.32 0.00 0.00 0.00 0.00 0.00 -0.53 -0.18 1.35 0.65 -1.63 1.66 0.00 0.00 0.00 0.00 0.00 -0.69 2.60 -0.71 0.21 1.90 0.35 0.00 0.00 0.00 0.00 0.00 -0.84 -0.52 -0.92 2.53 -0.97 -0.34 0.00 0.00 0.00 0.00 0.00 -0.30 -1.79 -0.40 1.47 -0.77 -1.54 0.00 0.00 0.00 0.00 0.00 -0.54 -0.48 1.18 -1.21 -0.78 1.03 0.00 0.00 0.00 0.00 0.00 1.47 -0.30 -1.16 -0.89 -1.36 -1.96 0.00 0.00 0.00 0.00 0.00 0.00 -1.38 0.55 0.13 0.91 1.49 0.00 0.00 0.00 0.00 0.00 0.00 0.90 -0.67 -0.41 0.42 -0.99 0.00 0.00 0.00 0.00 0.00 0.00 0.58 0.55 0.66 0.78 -1.58 0.00 0.00 0.00 0.00 0.00 0.00 0.65 -0.37 -1.95 0.73 -0.56 0.00 0.00 0.00 0.00 0.00 0.00 0.23 -0.78 1.60 1.13 0.46 0.00 0.00 0.00 0.00 0.00 0.00 -0.88 0.30 -2.57 0.01 0.00 0.00 0.00 0.00 0.00 0.00 0.00 1.46 -0.74 0.16 0.73 0.00 0.00 0.00 0.00 0.00 0.00 0.00 -2.12 -1.93 -0.39 0.76 0.00 0.00 0.00 0.00 0.00 0.00 0.00 -1.24 0.84 0.70 -0.83 0.00 0.00 0.00 0.00 0.00 0.00 0.00 0.29 -0.01 -0.73 0.36 0.00 0.00 0.00 0.00 0.00 0.00 0.00 0.03 -1.36 -0.31 1.62 0.00 0.00 0.00 0.00 0.00 0.00 0.00 0.61 0.62 -0.30 -2.11 0.00 0.00 0.00 0.00 0.00 0.00 0.00 0.48 1.23 0.22 0.59 0.00 0.00 0.00 0.00 0.00 0.00 0.00 0.45 2.41 0.74 0.03 0.00 0.00 0.00 0.00 0.00 0.00 0.00 0.00 0.71 -2.07 -0.44 0.00 0.00 0.00 0.00 0.00 0.00 0.00 0.00 0.03 -0.55 0.34 0.00 0.00 0.00 0.00 0.00 0.00 0.00 0.00 -0.78 0.70 0.00 0.00 0.00 0.00 0.00 0.00 0.00 0.00 0.00 0.30 -0.17 0.00 0.00 0.00 0.00
rain_type.data=0 0 0 0 0 0 0 0 0 0 0 0 0 0 0 0 0 0 0 0 0 0 0 0 0 0 0 0 0 0 0 0 0 0 0 0 0 0 0 0 0 0 0 0 0 0 0 0 0 0 0 0 0 0 0 0 0 0 0 0 1 1 0 0 0 0 0 0 0 0 0 1 1 0 0 0 0 0 0 0 0 0 1 1 0 0 0 0 0 0 0 0 0 1 1 0 0 0 0 0 0 0 0 0 1 1 1 0 0 0 0 0 0 0 0 1 1 1 0 0 0 0 0 0 0 1 1 1 1 0 0 0 0 0 0 0 1 1 1 1 0 0 0 0 0 0 0 1 1 1 1 0 0 0 0 0 0 0 1 1 1 1 0 0 0 0 0 0 0 1 1 1 1 0 0 0 0 0 0 0 1 1 1 1 0 0 0 0 0 0 0 1 1 1 1 0 0 0 0 0 0 0 1 1 1 1 0 0 0 0 0 0 0 2 1 1 1 1 0 0 0 0 0 0 2 1 1 1 1 0 0 0 0 0 0 2 1 1 1 1 0 0 0 0 0 0 2 2 1 1 1 0 0 0 0 0 0 2 2 1 1 1 0 0 0 0 0 1 2 2 1 1 1 0 0 0 0 0 1 2 2 1 1 1 0 0 0 0 0 2 2 2 1 1 1 0 0 0 0 0 2 2 2 1 1 1 0 0 0 0 0 2 2 2 1 1 1 0 0 0 0 0 2 2 2 1 1 1 0 0 0 0 0 2 2 2 1 1 1 0 0 0 0 0 2 2 2 1 1 1 0 0 0 0 0 2 2 2 1 1 1 0 0 0 0 0 2 2 2 1 1 1 0 0 0 0 0 2 2 2 1 1 1 0 0 0 0 0 2 2 2 1 1 1 0 0 0 0 0 2 2 2 1 1 1 0 0 0 0 0 2 2 2 1 1 1 0 0 0 0 0 2 2 2 1 1 1 0 0 0 0 0 2 2 2 1 1 1 0 0 0 0 0 2 2 2 1 1 1 0 0 0 0 0 2 2 2 1 1 1 0 0 0 0 0 2 2 2 1 1 1 0 0 0 0 0 2 2 2 1 1 1 0 0 0 0 0 2 2 2 1 1 1 0 0 0 0 0 2 2 2 1 1 1 0 0 0 0 0 2 2 2 1 1 1 0 0 0 0 0 2 2 2 1 1 1 0 0 0 0 0 2 2 2 1 1 1 0 0 0 0 0 2 2 2 1 1 1 0 0 0 0 0 2 2 2 1 1 1 0 0 0 0 0 2 2 2 1 1 1 0 0 0 0 0 2 2 2 1 1 1 0 0 0 0 0 1 2 2 1 1 1 0 0 0 0 0 1 2 2 1 1 1 0 0 0 0 0 1 2 2 1 1 1 0 0 0 0 0 1 2 2 1 1 1 0 0 0 0 0 1 2 1 1 1 1 0 0 0 0 0 1 2 1 1 1 1 0 0 0 0 0 1 2 1 1 1 1 0 0 0 0 0 1 1 1 1 1 1 0 0 0 0 0 1 1 1 1 1 1 0 0 0 0 0 1 1 1 1 1 1 0 0 0 0 0 1 1 1 1 1 1 0 0 0 0 0 1 1 1 1 1 1 0 0 0 0 0 1 1 1 1 1 1 0 0 0 0 0 0 1 1 1 1 1 0 0 0 0 0 0 1 1 1 1 1 0 0 0 0 0 0 1 1 1 1 1 0 0 0 0 0 0 1 1 1 1 1 0 0 0 0 0 0 1 1 1 1 1 0 0 0 0 0 0 1 1 1 1 0 0 0 0 0 0 0 1 1 1 1 0 0 0 0 0 0 0 1 1 1 1 0 0 0 0 0 0 0 1 1 1 1 0 0 0 0 0 0 0 1 1 1 1 0 0 0 0 0 0 0 1 1 1 1 0 0 0 0 0 0 0 1 1 1 1 0 0 0 0 0 0 0 1 1 1 1 0 0 0 0 0 0 0 1 1 1 1 0 0 0 0 0 0 0 0 1 1 1 0 0 0 0 0 0 0 0 1 1 1 0 0 0 0 0 0 0 0 1 1 0 0 0 0 0 0 0 0 0 1 1 0 0 0 0
estimated_attenuation.size=924
estimated_attenuation.data=0.00 0.00 0.00 0.00 0.00 0.00 0.00 0.00 0.00 0.00 0.00 0.00 0.00 0.00 0.00 0.00 0.00 0.00 0.00 0.00 0.00 0.00 0.00 0.00 0.00 0.00 0.00 0.00 0.00 0.00 0.00 0.00 0.00 0.00 0.00 0.00 0.00 0.00 0.00 0.00 0.00 0.00 0.00 0.00 0.00 0.00 0.00 0.00 0.00 0.00 0.00 0.00 0.00 0.00 0.00 0.00 0.00 0.00 0.00 0.00 0.00 0.00 0.00 0.00 0.00 0.00 0.00 0.00 0.00 0.00 0.00 0.00 0.00 0.00 0.00 0.00 0.00 0.00 0.00 0.00 0.00 0.00 0.00 0.00 0.00 0.00 0.00 0.00 0.00 0.00 0.00 0.00 0.00 0.00 0.00 0.00 0.00 0.00 0.00 0.00 0.00 0.00 0.00 0.00 0.00 0.00 0.00 0.00 0.00 0.00 0.00 0.00 0.00 0.00 0.00 0.00 0.00 0.00 0.00 0.00 0.00 0.00 0.00 0.00 0.00 0.00 0.00 0.00 0.00 0.00 0.00 0.00 0.00 0.00 0.00 0.00 0.00 0.00 0.00 0.00 0.00 0.00 0.00 0.00 0.00 0.00 0.00 0.00 0.00 0.00 0.00 0.00 0.00 0.00 0.00 0.00 0.00 0.00 0.00 0.00 0.00 0.00 0.00 0.00 0.00 0.00 0.00 0.00 0.00 0.00 0.00 0.00 0.00 0.00 0.00 0.00 0.00 0.00 0.00 0.00 0.00 0.00 0.00 0.00 0.00 0.00 0.00 0.00 0.00 0.00 0.00 0.00 0.00 0.00 0.00 0.00 0.00 0.00 0.00 0.00 0.00 0.00 0.00 0.00 0.00 0.00 0.00 0.00 0.00 0.00 0.00 0.00 0.00 0.00 0.00 0.00 0.00 0.00 0.00 0.00 0.00 0.00 0.00 0.00 0.00 0.00 0.00 0.00 0.00 0.00 0.00 0.00 0.00 0.00 0.00 0.00 0.00 0.00 0.00 0.00 0.00 0.00 0.00 0.00 0.00 0.00 0.00 0.00 0.00 0.00 0.00 0.00 0.00 0.00 0.00 0.00 0.00 0.00 0.00 0.00 0.00 0.00 0.00 0.00 0.00 0.00 0.00 0.00 0.00 0.00 0.00 0.00 0.00 0.00 0.00 0.00 0.00 0.00 0.00 0.00 0.00 0.00 0.00 0.00 0.00 0.00 0.00 0.00 0.00 0.00 0.00 0.00 0.00 0.00 0.00 0.00 0.00 0.00 0.00 0.00 0.00 0.00 0.00 0.00 0.00 0.00 0.00 0.00 0.00 0.00 0.00 0.00 0.00 0.00 0.00 0.00 0.00 0.00 0.00 0.00 0.00 0.00 0.00 0.00 0.00 0.00 0.00 0.00 0.00 0.00 0.00 0.00 0.00 0.00 0.00 0.00 0.00 0.00 0.00 0.00 0.00 0.00 0.00 0.00 0.00 0.00 0.00 0.00 0.00 0.00 0.00 0.00 0.00 0.00 0.00 0.00 0.00 0.00 0.00 0.00 0.00 0.00 0.00 0.00 0.00 0.00 0.00 0.00 0.00 0.00 0.00 0.00 0.00 0.00 0.00 0.00 0.00 0.00 0.00 0.00 0.00 0.00 0.00 0.00 0.00 0.00 0.00 0.00 0.00 0.00 0.00 0.00 0.00 0.00 0.00 0.00 0.00 0.00 0.00 0.00 0.00 0.00 0.00 0.00 0.00 0.00 0.00 0.00 0.00 0.00 0.00 0.00 0.00 0.00 0.00 0.00 0.00 0.00 0.00 0.00 0.00 0.00 0.00 0.00 0.00 0.00 0.00 0.00 0.00 0.00 0.00 0.00 0.00 0.00 0.00 0.00 0.00 0.00 0.00 0.00 0.00 0.00 0.00 0.00 0.00 0.00 0.00 0.00 0.00 0.00 0.00 0.00 0.00 0.00 0.00 0.00 0.00 0.00 0.00 0.00 0.00 0.00 0.00 0.00 0.00 0.00 0.00 0.00 0.00 0.00 0.00 0.00 0.00 0.00 0.00 0.00 0.00 0.00 0.00 0.00 0.00 0.00 0.00 0.00 0.00 0.00 0.00 0.00 0.00 0.00 0.00 0.00 0.00 0.00 0.00 0.00 0.00 0.00 0.00 0.00 0.00 0.00 0.00 0.00 0.00 0.00 0.00 0.00 0.00 0.00 0.00 0.00 0.00 0.00 0.00 0.00 0.00 0.00 0.00 0.00 0.00 0.00 0.00 0.00 0.00 0.00 0.00 0.00 0.00 0.00 0.00 0.00 0.00 0.00 0.00 0.00 0.00 0.00 0.00 0.00 0.00 0.00 0.00 0.00 0.00 0.00 0.00 0.00 0.00 0.00 0.00 0.00 0.00 0.00 0.00 0.00 0.00 0.00 0.00 0.00 0.00 0.00 0.00 0.00 0.00 0.00 0.00 0.00 0.00 0.00 0.00 0.00 0.00 0.00 0.00 0.00 0.00 0.00 0.00 0.00 0.00 0.00 0.00 0.00 0.00 0.00 0.00 0.00 0.00 0.00 0.00 0.00 0.00 0.00 0.00 0.00 0.00 0.00 0.00 0.00 0.00 0.00 0.00 0.00 0.00 0.00 0.00 0.00 0.00 0.00 0.00 0.00 0.00 0.00 0.00 0.00 0.00 0.00 0.00 0.00 0.00 0.00 0.00 0.00 0.00 0.00 0.00 0.00 0.00 0.00 0.00 0.00 0.00 0.00 0.00 0.00 0.00 0.00 0.00 0.00 0.00 0.00 0.00 0.00 0.00 0.00 0.00 0.00 0.00 0.00 0.00 0.00 0.00 0.00 0.00 0.00 0.00 0.00 0.00 0.00 0.00 0.00 0.00 0.00 0.00 0.00 0.00 0.00 0.00 0.00 0.00 0.00 0.00 0.00 0.00 0.00 0.00 0.00 0.00 0.00 0.00 0.00 0.00 0.00 0.00 0.00 0.00 0.00 0.00 0.00 0.00 0.00 0.00 0.00 0.00 0.00 0.00 0.00 0.00 0.00 0.00 0.00 0.00 0.00 0.00 0.00 0.00 0.00 0.00 0.00 0.00 0.00 0.00 0.00 0.00 0.00 0.00 0.00 0.00 0.00 0.00 0.00 0.00 0.00 0.00 0.00 0.00 0.00 0.00 0.00 0.00 0.00 0.00 0.00 0.00 0.00 0.00 0.00 0.00 0.00 0.00 0.00 0.00 0.00 0.00 0.00 0.00 0.00 0.00 0.00 0.00 0.00 0.00 0.00 0.00 0.00 0.00 0.00 0.00 0.00 0.00 0.00 0.00 0.00 0.00 0.00 0.00 0.00 0.00 0.00 0.00 0.00 0.00 0.00 0.00 0.00 0.00 0.00 0.00 0.00 0.00 0.00 0.00 0.00 0.00 0.00 0.00 0.00 0.00 0.00 0.00 0.00 0.00 0.00 0.00 0.00 0.00 0.00 0.00 0.00 0.00 0.00 0.00 0.00 0.00 0.00 0.00 0.00 0.00 0.00 0.00 0.00 0.00 0.00 0.00 0.00 0.00 0.00 0.00 0.00 0.00 0.00 0.00 0.00 0.00 0.00 0.00 0.00 0.00 0.00 0.00 0.00 0.00 0.00 0.00 0.00 0.00 0.00 0.00 0.00 0.00 0.00 0.00 0.00 0.00 0.00 0.00 0.00 0.00 0.00 0.00 0.00 0.00 0.00 0.00 0.00 0.00 0.00 0.00 0.00 0.00 0.00 0.00 0.00 0.00 0.00 0.00 0.00 0.00 0.00 0.00 0.00 0.00 0.00 0.00 0.00 0.00 0.00 0.00 0.00 0.00 0.00 0.00 0.00 0.00 0.00 0.00 0.00 0.00 0.00 0.00 0.00 0.00 0.00 0.00 0.00 0.00 0.00 0.00 0.00 0.00 0.00 0.00 0.00 0.00 0.00 0.00 0.00 0.00 0.00 0.00 0.00 0.00 0.00 0.00 0.00 0.00 0.00 0.00 0.00 0.00 0.00 0.00 0.00
height.size=924
height.data=39868.09 39868.09 39868.09 39868.09 39868.09 39868.09 39868.09 39868.09 39868.09 39868.09 39868.09 39925.19 39925.19 39925.19 39925.19 39925.19 39925.19 39925.19 39925.19 39925.19 39925.19 39925.19 39982.28 39982.28 39982.28 39982.28 39982.28 39982.28 39982.28 39982.28 39982.28 39982.28 39982.28 40039.39 40039.39 40039.39 40039.39 40039.39 40039.39 40039.39 40039.39 40039.39 40039.39 40039.39 40096.50 40096.50 40096.50 40096.50 40096.50 40096.50 40096.50 40096.50 40096.50 40096.50 40096.50 40153.62 40153.62 40153.62 40153.62 40153.62 40153.62 40153.62 40153.62 40153.62 40153.62 40153.62 40210.75 40210.75 40210.75 40210.75 40210.75 40210.75 40210.75 40210.75 40210.75 40210.75 40210.75 40267.88 40267.88 40267.88 40267.88 40267.88 40267.88 40267.88 40267.88 40267.88 40267.88 40267.88 40325.02 40325.02 40325.02 40325.02 40325.02 40325.02 40325.02 40325.02 40325.02 40325.02 40325.02 40382.17 40382.17 40382.17 40382.17 40382.17 40382.17 40382.17 40382.17 40382.17 40382.17 40382.17 40439.32 40439.32 40439.32 40439.32 40439.32 40439.32 40439.32 40439.32 40439.32 40439.32 40439.32 40496.49 40496.49 40496.49 40496.49 40496.49 40496.49 40496.49 40496.49 40496.49 40496.49 40496.49 40553.65 40553.65 40553.65 40553.65 40553.65 40553.65 40553.65 40553.65 40553.65 40553.65 40553.65 40610.83 40610.83 40610.83 40610.83 40610.83 40610.83 40610.83 40610.83 40610.83 40610.83 40610.83 40668.01 40668.01 40668.01 40668.01 40668.01 40668.01 40668.01 40668.01 40668.01 40668.01 40668.01 40725.20 40725.20 40725.20 40725.20 40725.20 40725.20 40725.20 40725.20 40725.20 40725.20 40725.20 40782.40 40782.40 40782.40 40782.40 40782.40 40782.40 40782.40 40782.40 40782.40 40782.40 40782.40 40839.60 40839.60 40839.60 40839.60 40839.60 40839.60 40839.60 40839.60 40839.60 40839.60 40839.60 40896.81 40896.81 40896.81 40896.81 40896.81 40896.81 40896.81 40896.81 40896.81 40896.81 40896.81 40954.02 40954.02 40954.02 40954.02 40954.02 40954.02 40954.02 40954.02 40954.02 40954.02 40954.02 41011.25 41011.25 41011.25 41011.25 41011.25 41011.25 41011.25 41011.25 41011.25 41011.25 41011.25 41068.48 41068.48 41068.48 41068.48 41068.48 41068.48 41068.48 41068.48 41068.48 41068.48 41068.48 41125.72 41125.72 41125.72 41125.72 41125.72 41125.72 41125.72 41125.72 41125.72 41125.72 41125.72 41182.96 41182.96 41182.96 41182.96 41182.96 41182.96 41182.96 41182.96 41182.96 41182.96 41182.96 41240.21 41240.21 41240.21 41240.21 41240.21 41240.21 41240.21 41240.21 41240.21 41240.21 41240.21 41297.47 41297.47 41297.47 41297.47 41297.47 41297.47 41297.47 41297.47 41297.47 41297.47 41297.47 41354.74 41354.74 41354.74 41354.74 41354.74 41354.74 41354.74 41354.74 41354.74 41354.74 41354.74 41412.01 41412.01 41412.01 41412.01 41412.01 41412.01 41412.01 41412.01 41412.01 41412.01 41412.01 41469.29 41469.29 41469.29 41469.29 41469.29 41469.29 41469.29 41469.29 41469.29 41469.29 41469.29 41526.57 41526.57 41526.57 41526.57 41526.57 41526.57 41526.57 41526.57 41526.57 41526.57 41526.57 41583.87 41583.87 41583.87 41583.87 41583.87 41583.87 41583.87 41583.87 41583.87 41583.87 41583.87 41641.17 41641.17 41641.17 41641.17 41641.17 41641.17 41641.17 41641.17 41641.17 41641.17 41641.17 41698.47 41698.47 41698.47 41698.47 41698.47 41698.47 41698.47 41698.47 41698.47 41698.47 41698.47 41755.79 41755.79 41755.79 41755.79 41755.79 41755.79 41755.79 41755.79 41755.79 41755.79 41755.79 41813.11 41813.11 41813.11 41813.11 41813.11 41813.11 41813.11 41813.11 41813.11 41813.11 41813.11 41870.44 41870.44 41870.44 41870.44 41870.44 41870.44 41870.44 41870.44 41870.44 41870.44 41870.44 41927.77 41927.77 41927.77 41927.77 41927.77 41927.77 41927.77 41927.77 41927.77 41927.77 41927.77 41985.11 41985.11 41985.11 41985.11 41985.11 41985.11 41985.11 41985.11 41985.11 41985.11 41985.11 42042.46 42042.46 42042.46 42042.46 42042.46 42042.46 42042.46 42042.46 42042.46 42042.46 42042.46 42099.82 42099.82 42099.82 42099.82 42099.82 42099.82 42099.82 42099.82 42099.82 42099.82 42099.82 42157.18 42157.18 42157.18 42157.18 42157.18 42157.18 42157.18 42157.18 42157.18 42157.18 42157.18 42214.55 42214.55 42214.55 42214.55 42214.55 42214.55 42214.55 42214.55 42214.55 42214.55 42214.55 42271.92 42271.92 42271.92 42271.92 42271.92 42271.92 42271.92 42271.92 42271.92 42271.92 42271.92 42329.31 42329.31 42329.31 42329.31 42329.31 42329.31 42329.31 42329.31 42329.31 42329.31 42329.31 42386.70 42386.70 42386.70 42386.70 42386.70 42386.70 42386.70 42386.70 42386.70 42386.70 42386.70 42444.09 42444.09 42444.09 42444.09 42444.09 42444.09 42444.09 42444.09 42444.09 42444.09 42444.09 42501.50 42501.50 42501.50 42501.50 42501.50 42501.50 42501.50 42501.50 42501.50 42501.50 42501.50 42558.91 42558.91 42558.91 42558.91 42558.91 42558.91 42558.91 42558.91 42558.91 42558.91 42558.91 42616.33 42616.33 42616.33 42616.33 42616.33 42616.33 42616.33 42616.33 42616.33 42616.33 42616.33 42673.75 42673.75 42673.75 42673.75 42673.75 42673.75 42673.75 42673.75 42673.75 42673.75 42673.75 42731.18 42731.18 42731.18 42731.18 42731.18 42731.18 42731.18 42731.18 42731.18 42731.18 42731.18 42788.62 42788.62 42788.62 42788.62 42788.62 42788.62 42788.62 42788.62 42788.62 42788.62 42788.62 42846.07 42846.07 42846.07 42846.07 42846.07 42846.07 42846.07 42846.07 42846.07 42846.07 42846.07 42903.52 42903.52 42903.52 42903.52 42903.52 42903.52 42903.52 42903.52 42903.52 42903.52 42903.52 42960.98 42960.98 42960.98 42960.98 42960.98 42960.98 42960.98 42960.98 42960.98 42960.98 42960.98 43018.45 43018.45 43018.45 43018.45 43018.45 43018.45 43018.45 43018.45 43018.45 43018.45 43018.45 43075.92 43075.92 43075.92 43075.92 43075.92 43075.92 43075.92 43075.92 43075.92 43075.92 43075.92 43133.40 43133.40 43133.40 43133.40 43133.40 43133.40 43133.40 43133.40 43133.40 43133.40 43133.40 43190.89 43190.89 43190.89 43190.89 43190.89 43190.89 43190.89 43190.89 43190.89 43190.89 43190.89 43248.38 43248.38 43248.38 43248.38 43248.38 43248.38 43248.38 43248.38 43248.38 43248.38 43248.38 43305.88 43305.88 43305.88 43305.88 43305.88 43305.88 43305.88 43305.88 43305.88 43305.88 43305.88 43363.39 43363.39 43363.39 43363.39 43363.39 43363.39 43363.39 43363.39 43363.39 43363.39 43363.39 43420.91 43420.91 43420.91 43420.91 43420.91 43420.91 43420.91 43420.91 43420.91 43420.91 43420.91 43478.43 43478.43 43478.43 43478.43 43478.43 43478.43 43478.43 43478.43 43478.43 43478.43 43478.43 43535.96 43535.96 43535.96 43535.96 43535.96 43535.96 43535.96 43535.96 43535.96 43535.96 43535.96 43593.49 43593.49 43593.49 43593.49 43593.49 43593.49 43593.49 43593.49 43593.49 43593.49 43593.49 43651.04 43651.04 43651.04 43651.04 43651.04 43651.04 43651.04 43651.04 43651.04 43651.04 43651.04 43708.59 43708.59 43708.59 43708.59 43708.59 43708.59 43708.59 43708.59 43708.59 43708.59 43708.59 43766.14 43766.14 43766.14 43766.14 43766.14 43766.14 43766.14 43766.14 43766.14 43766.14 43766.14 43823.71 43823.71 43823.71 43823.71 43823.71 43823.71 43823.71 43823.71 43823.71 43823.71 43823.71 43881.28 43881.28 43881.28 43881.28 43881.28 43881.28 43881.28 43881.28 43881.28 43881.28 43881.28 43938.85 43938.85 43938.85 43938.85 43938.85 43938.85 43938.85 43938.85 43938.85 43938.85 43938.85 43996.44 43996.44 43996.44 43996.44 43996.44 43996.44 43996.44 43996.44 43996.44 43996.44 43996.44 44054.03 44054.03 44054.03 44054.03 44054.03 44054.03 44054.03 44054.03 44054.03 44054.03 44054.03 44111.63 44111.63 44111.63 44111.63 44111.63 44111.63 44111.63 44111.63 44111.63 44111.63 44111.63 44169.23 44169.23 44169.23 44169.23 44169.23 44169.23 44169.23 44169.23 44169.23 44169.23 44169.23 44226.84 44226.84 44226.84 44226.84 44226.84 44226.84 44226.84 44226.84 44226.84 44226.84 44226.84 44284.46 44284.46 44284.46 44284.46 44284.46 44284.46 44284.46 44284.46 44284.46 44284.46 44284.46 44342.09 44342.09 44342.09 44342.09 44342.09 44342.09 44342.09 44342.09 44342.09 44342.09 44342.09 44399.72 44399.72 44399.72 44399.72 44399.72 44399.72 44399.72 44399.72 44399.72 44399.72 44399.72 44457.36 44457.36 44457.36 44457.36 44457.36 44457.36 44457.36 44457.36 44457.36 44457.36 44457.36 44515.01 44515.01 44515.01 44515.01 44515.01 44515.01 44515.01 44515.01 44515.01 44515.01 44515.01 44572.66 44572.66 44572.66 44572.66 44572.66 44572.66 44572.66 44572.66 44572.66 44572.66 44572.66 44630.32 44630.32 44630.32 44630.32 44630.32 44630.32 44630.32 44630.32 44630.32 44630.32 44630.32
=== END RADAR_SCAN ===

=== BEGIN RADAR_SCAN ===
scan.index=2
scan.time=95.330000
radar.id=0
radar.frequency=C
radar.scanning_mode=PPI
radar.x=0.000
radar.y=0.000
radar.z=25.000
radar.maximum_range=250000.000
radar.range_resolution=250.000
radar.angular_resolution=1.000000
box.radar_id=0
box.min_range_gate=722.000
box.max_range_gate=804.000
box.min_angle=102.000000
box.max_angle=113.000000
box.num_ranges=83
box.num_angles=11
box.range_resolution=250.000
box.angular_resolution=1.000000
box.other_angle=8.000000
grid.size=913
grid.data=0.00 0.00 0.00 0.00 0.00 0.00 0.00 0.00 0.00 0.00 0.00 0.00 0.00 0.00 0.00 0.00 0.00 0.00 0.00 0.00 0.00 0.00 0.00 0.00 0.00 0.00 0.00 0.00 0.00 0.00 0.00 0.00 0.00 0.00 0.00 0.00 0.00 0.00 0.00 0.00 0.00 0.00 0.00 0.00 0.00 0.00 0.00 0.00 0.00 0.15 0.04 0.00 0.00 0.00 0.00 0.00 0.00 0.00 0.00 0.00 0.64 -1.17 0.00 0.00 0.00 0.00 0.00 0.00 0.00 0.00 0.00 0.69 0.25 0.00 0.00 0.00 0.00 0.00 0.00 0.00 0.00 0.00 0.09 -0.19 0.00 0.00 0.00 0.00 0.00 0.00 0.00 0.00 0.00 -0.18 0.85 0.41 0.00 0.00 0.00 0.00 0.00 0.00 0.00 0.10 -0.25 -0.74 -0.71 0.00 0.00 0.00 0.00 0.00 0.00 0.00 -0.86 -0.95 0.69 -0.89 0.00 0.00 0.00 0.00 0.00 0.00 0.00 0.81 -1.25 1.08 -0.20 0.00 0.00 0.00 0.00 0.00 0.00 0.00 0.06 0.41 -0.25 -1.27 0.00 0.00 0.00 0.00 0.00 0.00 0.00 -1.30 -0.31 1.04 1.38 0.00 0.00 0.00 0.00 0.00 0.00 0.00 0.42 1.29 -0.28 0.96 0.00 0.00 0.00 0.00 0.00 0.00 0.00 -1.92 1.76 2.21 -1.90 0.00 0.00 0.00 0.00 0.00 0.00 0.00 -1.56 -0.97 0.22 -0.86 0.00 0.00 0.00 0.00 0.00 0.00 0.00 -2.15 0.15 1.42 -0.15 0.00 0.00 0.00 0.00 0.00 0.00 0.00 0.07 2.86 0.87 0.38 -0.16 0.00 0.00 0.00 0.00 0.00 0.00 -0.21 -0.33 -1.36 -0.63 -0.91 0.00 0.00 0.00 0.00 0.00 0.00 2.79 -0.11 -0.08 0.11 0.12 0.00 0.00 0.00 0.00 0.00 0.00 -0.24 -0.23 -0.24 -0.84 -0.14 0.00 0.00 0.00 0.00 0.00 -0.67 -0.65 -0.28 -0.54 -0.17 -1.19 0.00 0.00 0.00 0.00 0.00 -0.83 0.15 0.88 1.14 -0.87 -0.58 0.00 0.00 0.00 0.00 0.00 -0.48 0.90 0.24 -0.10 -0.17 -0.51 0.00 0.00 0.00 0.00 0.00 -0.60 0.46 1.91 0.06 0.28 -0.77 0.00 0.00 0.00 0.00 0.00 0.89 -0.33 -1.92 -1.05 1.42 0.33 0.00 0.00 0.00 0.00 0.00 -0.92 -0.33 1.00 0.32 0.20 -0.58 0.00 0.00 0.00 0.00 0.00 1.83 0.64 0.97 -0.87 0.24 0.05 0.00 0.00 0.00 0.00 0.00 -1.51 -0.25 -0.86 -0.15 -1.21 -0.42 0.00 0.00 0.00 0.00 0.00 1.33 -0.13 -0.95 -0.41 0.36 0.61 0.00 0.00 0.00 0.00 0.00 1.57 -0.10 -0.59 -1.65 1.59 -2.11 0.00 0.00 0.00 0.00 0.00 0.04 1.33 -1.74 0.88 1.47 0.35 0.00 0.00 0.00 0.00 0.00 -0.15 0.46 0.07 -1.20 0.77 1.41 0.00 0.00 0.00 0.00 0.00 0.64 0.87 -0.79 -0.64 -0.43 -1.77 0.00 0.00 0.00 0.00 0.00 -1.08 -1.60 -0.34 -0.52 1.25 0.46 0.00 0.00 0.00 0.00 0.00 0.01 -0.51 0.08 -0.12 0.30 -1.37 0.00 0.00 0.00 0.00 0.00 2.36 0.33 -0.25 -0.32 -1.03 -0.57 0.00 0.00 0.00 0.00 0.00 -0.60 0.40 -0.38 1.50 -1.64 0.29 0.00 0.00 0.00 0.00 0.00 -0.76 -1.05 1.18 -0.73 1.85 0.35 0.00 0.00 0.00 0.00 0.00 0.55 0.71 -0.98 -1.86 -1.02 -0.67 0.00 0.00 0.00 0.00 0.00 -1.62 1.20 0.97 1.28 0.03 -2.86 0.00 0.00 0.00 0.00 0.00 1.45 0.94 1.57 0.36 -0.42 -1.74 0.00 0.00 0.00 0.00 0.00 -0.51 0.45 -0.12 -1.34 -1.93 -1.70 0.00 0.00 0.00 0.00 0.00 -1.91 -0.85 -0.06 0.27 1.13 -0.76 0.00 0.00 0.00 0.00 0.00 -0.08 -1.56 0.53 0.42 0.36 0.35 0.00 0.00 0.00 0.00 0.00 0.29 -0.07 -0.77 0.95 -0.72 0.44 0.00 0.00 0.00 0.00 0.00 0.97 -0.04 -0.99 1.79 -0.50 -0.21 0.00 0.00 0.00 0.00 0.00 -0.24 -0.28 -0.53 0.60 0.10 0.74 0.00 0.00 0.00 0.00 0.00 -1.06 0.31 -1.39 1.15 -0.62 -0.78 0.00 0.00 0.00 0.00 0.00 -0.10 -0.32 0.22 -0.91 2.46 -0.05 0.00 0.00 0.00 0.00 0.00 0.22 -1.27 0.17 1.82 -0.61 0.21 0.00 0.00 0.00 0.00 0.00 0.90 1.47 0.97 0.75 0.50 -0.41 0.00 0.00 0.00 0.00 0.00 0.37 -0.17 -1.19 0.48 -1.60 -1.33 0.00 0.00 0.00 0.00 0.00 0.55 -0.35 -1.63 -0.39 0.21 -0.12 0.00 0.00 0.00 0.00 0.00 0.41 0.93 1.13 -0.67 -0.02 1.10 0.00 0.00 0.00 0.00 0.00 0.72 -1.39 -0.33 -1.40 -0.26 0.37 0.00 0.00 0.00 0.00 0.00 -2.14 0.63 -0.41 -2.21 1.27 0.29 0.00 0.00 0.00 0.00 0.00 -0.18 -0.75 -0.58 -1.18 2.69 -0.21 0.00 0.00 0.00 0.00 0.00 0.48 0.13 0.91 1.20 1.03 1.66 0.00 0.00 0.00 0.00 0.00 -0.15 -0.52 1.23 1.22 -0.15 1.50 0.00 0.00 0.00 0.00 0.00 1.40 0.03 1.32 0.35 -1.59 0.63 0.00 0.00 0.00 0.00 0.00 -0.28 -1.67 0.78 0.49 1.81 0.56 0.00 0.00 0.00 0.00 0.00 0.79 -1.06 -0.13 -1.86 0.17 -0.15 0.00 0.00 0.00 0.00 0.00 0.00 -2.13 0.02 -0.24 1.25 -0.42 0.00 0.00 0.00 0.00 0.00 0.00 -0.29 0.34 -0.45 0.28 1.28 0.00 0.00 0.00 0.00 0.00 0.00 -0.19 0.44 0.05 1.37 -0.34 0.00 0.00 0.00 0.00 0.00 0.00 0.86 1.02 -1.01 -0.46 -0.62 0.00 0.00 0.00 0.00 0.00 0.00 -0.21 -0.41 -0.65 0.01 0.00 0.00 0.00 0.00 0.00 0.00 0.00 1.17 2.09 1.17 1.91 0.00 0.00 0.00 0.00 0.00 0.00 0.00 -0.49 -0.99 -0.85 -0.96 0.00 0.00 0.00 0.00 0.00 0.00 0.00 -1.84 0.92 0.71 1.59 0.00 0.00 0.00 0.00 0.00 0.00 0.00 -1.03 1.20 0.32 0.65 0.00 0.00 0.00 0.00 0.00 0.00 0.00 -1.00 0.17 1.70 0.80 0.00 0.00 0.00 0.00 0.00 0.00 0.00 -1.63 1.63 -0.28 -0.47 0.00 0.00 0.00 0.00 0.00 0.00 0.00 0.04 -0.69 0.32 -0.64 0.00 0.00 0.00 0.00 0.00 0.00 0.00 1.37 1.02 0.63 2.14 0.00 0.00 0.00 0.00 0.00 0.00 0.00 -1.46 0.54 -0.96 0.09 0.00 0.00 0.00 0.00 0.00 0.00 0.00 0.00 -1.76 -0.48 0.82 0.00 0.00 0.00 0.00 0.00 0.00 0.00 0.00 -0.93 -2.06 0.94 0.00 0.00 0.00 0.00 0.00 0.00 0.00 0.00 -0.42 0.76 0.00 0.00 0.00 0.00 0.00 0.00 0.00 0.00 0.00 -0.20 0.62 0.00 0.00 0.00 0.00 0.00 0.00 0.00 0.00 0.00 0.89 -1.24 0.00 0.00 0.00 0.00
rain_type.data=0 0 0 0 0 0 0 0 0 0 0 0 0 0 0 0 0 0 0 0 0 0 0 0 0 0 0 0 0 0 0 0 0 0 0 0 0 0 0 0 0 0 0 0 0 0 0 0 0 1 1 0 0 0 0 0 0 0 0 0 1 1 0 0 0 0 0 0 0 0 0 1 1 0 0 0 0 0 0 0 0 0 1 1 0 0 0 0 0 0 0 0 0 1 1 1 0 0 0 0 0 0 0 1 1 1 1 0 0 0 0 0 0 0 1 1 1 1 0 0 0 0 0 0 0 1 1 1 1 0 0 0 0 0 0 0 1 1 1 1 0 0 0 0 0 0 0 1 1 1 1 0 0 0 0 0 0 0 1 1 1 1 0 0 0 0 0 0 0 1 1 1 1 0 0 0 0 0 0 0 1 1 1 1 0 0 0 0 0 0 0 1 1 1 1 0 0 0 0 0 0 0 2 1 1 1 1 0 0 0 0 0 0 2 1 1 1 1 0 0 0 0 0 0 2 1 1 1 1 0 0 0 0 0 0 2 2 1 1 1 0 0 0 0 0 1 2 2 1 1 1 0 0 0 0 0 1 2 2 1 1 1 0 0 0 0 0 2 2 2 1 1 1 0 0 0 0 0 2 2 2 1 1 1 0 0 0 0 0 2 2 2 1 1 1 0 0 0 0 0 2 2 2 1 1 1 0 0 0 0 0 2 2 2 1 1 1 0 0 0 0 0 2 2 2 1 1 1 0 0 0 0 0 2 2 2 1 1 1 0 0 0 0 0 2 2 2 1 1 1 0 0 0 0 0 2 2 2 1 1 1 0 0 0 0 0 2 2 2 1 1 1 0 0 0 0 0 2 2 2 1 1 1 0 0 0 0 0 2 2 2 1 1 1 0 0 0 0 0 2 2 2 1 1 1 0 0 0 0 0 2 2 2 1 1 1 0 0 0 0 0 2 2 2 1 1 1 0 0 0 0 0 2 2 2 1 1 1 0 0 0 0 0 2 2 2 1 1 1 0 0 0 0 0 2 2 2 1 1 1 0 0 0 0 0 2 2 2 1 1 1 0 0 0 0 0 2 2 2 1 1 1 0 0 0 0 0 2 2 2 1 1 1 0 0 0 0 0 2 2 2 1 1 1 0 0 0 0 0 2 2 2 1 1 1 0 0 0 0 0 2 2 2 1 1 1 0 0 0 0 0 2 2 2 1 1 1 0 0 0 0 0 2 2 2 1 1 1 0 0 0 0 0 2 2 2 1 1 1 0 0 0 0 0 1 2 2 1 1 1 0 0 0 0 0 1 2 2 1 1 1 0 0 0 0 0 1 2 2 1 1 1 0 0 0 0 0 1 2 2 1 1 1 0 0 0 0 0 1 2 1 1 1 1 0 0 0 0 0 1 2 1 1 1 1 0 0 0 0 0 1 2 1 1 1 1 0 0 0 0 0 1 1 1 1 1 1 0 0 0 0 0 1 1 1 1 1 1 0 0 0 0 0 1 1 1 1 1 1 0 0 0 0 0 1 1 1 1 1 1 0 0 0 0 0 1 1 1 1 1 1 0 0 0 0 0 1 1 1 1 1 1 0 0 0 0 0 0 1 1 1 1 1 0 0 0 0 0 0 1 1 1 1 1 0 0 0 0 0 0 1 1 1 1 1 0 0 0 0 0 0 1 1 1 1 1 0 0 0 0 0 0 1 1 1 1 0 0 0 0 0 0 0 1 1 1 1 0 0 0 0 0 0 0 1 1 1 1 0 0 0 0 0 0 0 1 1 1 1 0 0 0 0 0 0 0 1 1 1 1 0 0 0 0 0 0 0 1 1 1 1 0 0 0 0 0 0 0 1 1 1 1 0 0 0 0 0 0 0 1 1 1 1 0 0 0 0 0 0 0 1 1 1 1 0 0 0 0 0 0 0 1 1 1 1 0 0 0 0 0 0 0 0 1 1 1 0 0 0 0 0 0 0 0 1 1 1 0 0 0 0 0 0 0 0 1 1 0 0 0 0 0 0 0 0 0 1 1 0 0 0 0 0 0 0 0 0 1 1 0 0 0 0
estimated_attenuation.size=913
estimated_attenuation.data=0.00 0.00 0.00 0.00 0.00 0.00 0.00 0.00 0.00 0.00 0.00 0.00 0.00 0.00 0.00 0.00 0.00 0.00 0.00 0.00 0.00 0.00 0.00 0.00 0.00 0.00 0.00 0.00 0.00 0.00 0.00 0.00 0.00 0.00 0.00 0.00 0.00 0.00 0.00 0.00 0.00 0.00 0.00 0.00 0.00 0.00 0.00 0.00 0.00 0.00 0.00 0.00 0.00 0.00 0.00 0.00 0.00 0.00 0.00 0.00 0.00 0.00 0.00 0.00 0.00 0.00 0.00 0.00 0.00 0.00 0.00 0.00 0.00 0.00 0.00 0.00 0.00 0.00 0.00 0.00 0.00 0.00 0.00 0.00 0.00 0.00 0.00 0.00 0.00 0.00 0.00 0.00 0.00 0.00 0.00 0.00 0.00 0.00 0.00 0.00 0.00 0.00 0.00 0.00 0.00 0.00 0.00 0.00 0.00 0.00 0.00 0.00 0.00 0.00 0.00 0.00 0.00 0.00 0.00 0.00 0.00 0.00 0.00 0.00 0.00 0.00 0.00 0.00 0.00 0.00 0.00 0.00 0.00 0.00 0.00 0.00 0.00 0.00 0.00 0.00 0.00 0.00 0.00 0.00 0.00 0.00 0.00 0.00 0.00 0.00 0.00 0.00 0.00 0.00 0.00 0.00 0.00 0.00 0.00 0.00 0.00 0.00 0.00 0.00 0.00 0.00 0.00 0.00 0.00 0.00 0.00 0.00 0.00 0.00 0.00 0.00 0.00 0.00 0.00 0.00 0.00 0.00 0.00 0.00 0.00 0.00 0.00 0.00 0.00 0.00 0.00 0.00 0.00 0.00 0.00 0.00 0.00 0.00 0.00 0.00 0.00 0.00 0.00 0.00 0.00 0.00 0.00 0.00 0.00 0.00 0.00 0.00 0.00 0.00 0.00 0.00 0.00 0.00 0.00 0.00 0.00 0.00 0.00 0.00 0.00 0.00 0.00 0.00 0.00 0.00 0.00 0.00 0.00 0.00 0.00 0.00 0.00 0.00 0.00 0.00 0.00 0.00 0.00 0.00 0.00 0.00 0.00 0.00 0.00 0.00 0.00 0.00 0.00 0.00 0.00 0.00 0.00 0.00 0.00 0.00 0.00 0.00 0.00 0.00 0.00 0.00 0.00 0.00 0.00 0.00 0.00 0.00 0.00 0.00 0.00 0.00 0.00 0.00 0.00 0.00 0.00 0.00 0.00 0.00 0.00 0.00 0.00 0.00 0.00 0.00 0.00 0.00 0.00 0.00 0.00 0.00 0.00 0.00 0.00 0.00 0.00 0.00 0.00 0.00 0.00 0.00 0.00 0.00 0.00 0.00 0.00 0.00 0.00 0.00 0.00 0.00 0.00 0.00 0.00 0.00 0.00 0.00 0.00 0.00 0.00 0.00 0.00 0.00 0.00 0.00 0.00 0.00 0.00 0.00 0.00 0.00 0.00 0.00 0.00 0.00 0.00 0.00 0.00 0.00 0.00 0.00 0.00 0.00 0.00 0.00 0.00 0.00 0.00 0.00 0.00 0.00 0.00 0.00 0.00 0.00 0.00 0.00 0.00 0.00 0.00 0.00 0.00 0.00 0.00 0.00 0.00 0.00 0.00 0.00 0.00 0.00 0.00 0.00 0.00 0.00 0.00 0.00 0.00 0.00 0.00 0.00 0.00 0.00 0.00 0.00 0.00 0.00 0.00 0.00 0.00 0.00 0.00 0.00 0.00 0.00 0.00 0.00 0.00 0.00 0.00 0.00 0.00 0.00 0.00 0.00 0.00 0.00 0.00 0.00 0.00 0.00 0.00 0.00 0.00 0.00 0.00 0.00 0.00 0.00 0.00 0.00 0.00 0.00 0.00 0.00 0.00 0.00 0.00 0.00 0.00 0.00 0.00 0.00 0.00 0.00 0.00 0.00 0.00 0.00 0.00 0.00 0.00 0.00 0.00 0.00 0.00 0.00 0.00 0.00 0.00 0.00 0.00 0.00 0.00 0.00 0.00 0.00 0.00 0.00 0.00 0.00 0.00 0.00 0.00 0.00 0.00 0.00 0.00 0.00 0.00 0.00 0.00 0.00 0.00 0.00 0.00 0.00 0.00 0.00 0.00 0.00 0.00 0.00 0.00 0.00 0.00 0.00 0.00 0.00 0.00 0.00 0.00 0.00 0.00 0.00 0.00 0.00 0.00 0.00 0.00 0.00 0.00 0.00 0.00 0.00 0.00 0.00 0.00 0.00 0.00 0.00 0.00 0.00 0.00 0.00 0.00 0.00 0.00 0.00 0.00 0.00 0.00 0.00 0.00 0.00 0.00 0.00 0.00 0.00 0.00 0.00 0.00 0.00 0.00 0.00 0.00 0.00 0.00 0.00 0.00 0.00 0.00 0.00 0.00 0.00 0.00 0.00 0.00 0.00 0.00 0.00 0.00 0.00 0.00 0.00 0.00 0.00 0.00 0.00 0.00 0.00 0.00 0.00 0.00 0.00 0.00 0.00 0.00 0.00 0.00 0.00 0.00 0.00 0.00 0.00 0.00 0.00 0.00 0.00 0.00 0.00 0.00 0.00 0.00 0.00 0.00 0.00 0.00 0.00 0.00 0.00 0.00 0.00 0.00 0.00 0.00 0.00 0.00 0.00 0.00 0.00 0.00 0.00 0.00 0.00 0.00 0.00 0.00 0.00 0.00 0.00 0.00 0.00 0.00 0.00 0.00 0.00 0.00 0.00 0.00 0.00 0.00 0.00 0.00 0.00 0.00 0.00 0.00 0.00 0.00 0.00 0.00 0.00 0.00 0.00 0.00 0.00 0.00 0.00 0.00 0.00 0.00 0.00 0.00 0.00 0.00 0.00 0.00 0.00 0.00 0.00 0.00 0.00 0.00 0.00 0.00 0.00 0.00 0.00 0.00 0.00 0.00 0.00 0.00 0.00 0.00 0.00 0.00 0.00 0.00 0.00 0.00 0.00 0.00 0.00 0.00 0.00 0.00 0.00 0.00 0.00 0.00 0.00 0.00 0.00 0.00 0.00 0.00 0.00 0.00 0.00 0.00 0.00 0.00 0.00 0.00 0.00 0.00 0.00 0.00 0.00 0.00 0.00 0.00 0.00 0.00 0.00 0.00 0.00 0.00 0.00 0.00 0.00 0.00 0.00 0.00 0.00 0.00 0.00 0.00 0.00 0.00 0.00 0.00 0.00 0.00 0.00 0.00 0.00 0.00 0.00 0.00 0.00 0.00 0.00 0.00 0.00 0.00 0.00 0.00 0.00 0.00 0.00 0.00 0.00 0.00 0.00 0.00 0.00 0.00 0.00 0.00 0.00 0.00 0.00 0.00 0.00 0.00 0.00 0.00 0.00 0.00 0.00 0.00 0.00 0.00 0.00 0.00 0.00 0.00 0.00 0.00 0.00 0.00 0.00 0.00 0.00 0.00 0.00 0.00 0.00 0.00 0.00 0.00 0.00 0.00 0.00 0.00 0.00 0.00 0.00 0.00 0.00 0.00 0.00 0.00 0.00 0.00 0.00 0.00 0.00 0.00 0.00 0.00 0.00 0.00 0.00 0.00 0.00 0.00 0.00 0.00 0.00 0.00 0.00 0.00 0.00 0.00 0.00 0.00 0.00 0.00 0.00 0.00 0.00 0.00 0.00 0.00 0.00 0.00 0.00 0.00 0.00 0.00 0.00 0.00 0.00 0.00 0.00 0.00 0.00 0.00 0.00 0.00 0.00 0.00 0.00 0.00 0.00 0.00 0.00 0.00 0.00 0.00 0.00 0.00 0.00 0.00 0.00 0.00 0.00 0.00 0.00 0.00 0.00 0.00 0.00 0.00 0.00 0.00 0.00 0.00 0.00 0.00 0.00 0.00 0.00 0.00 0.00 0.00 0.00 0.00 0.00 0.00 0.00 0.00 0.00 0.00 0.00 0.00 0.00 0.00 0.00 0.00 0.00 0.00 0.00 0.00 0.00 0.00 0.00 0.00 0.00 0.00 0.00 0.00 0.00 0.00
height.size=913
height.data=26995.53 26995.53 26995.53 26995.53 26995.53 26995.53 26995.53 26995.53 26995.53 26995.53 26995.53 27035.51 27035.51 27035.51 27035.51 27035.51 27035.51 27035.51 27035.51 27035.51 27035.51 27035.51 27075.50 27075.50 27075.50 27075.50 27075.50 27075.50 27075.50 27075.50 27075.50 27075.50 27075.50 27115.50 27115.50 27115.50 27115.50 27115.50 27115.50 27115.50 27115.50 27115.50 27115.50 27115.50 27155.50 27155.50 27155.50 27155.50 27155.50 27155.50 27155.50 27155.50 27155.50 27155.50 27155.50 27195.51 27195.51 27195.51 27195.51 27195.51 27195.51 27195.51 27195.51 27195.51 27195.51 27195.51 27235.53 27235.53 27235.53 27235.53 27235.53 27235.53 27235.53 27235.53 27235.53 27235.53 27235.53 27275.55 27275.55 27275.55 27275.55 27275.55 27275.55 27275.55 27275.55 27275.55 27275.55 27275.55 27315.59 27315.59 27315.59 27315.59 27315.59 27315.59 27315.59 27315.59 27315.59 27315.59 27315.59 27355.63 27355.63 27355.63 27355.63 27355.63 27355.63 27355.63 27355.63 27355.63 27355.63 27355.63 27395.67 27395.67 27395.67 27395.67 27395.67 27395.67 27395.67 27395.67 27395.67 27395.67 27395.67 27435.73 27435.73 27435.73 27435.73 27435.73 27435.73 27435.73 27435.73 27435.73 27435.73 27435.73 27475.79 27475.79 27475.79 27475.79 27475.79 27475.79 27475.79 27475.79 27475.79 27475.79 27475.79 27515.85 27515.85 27515.85 27515.85 27515.85 27515.85 27515.85 27515.85 27515.85 27515.85 27515.85 27555.93 27555.93 27555.93 27555.93 27555.93 27555.93 27555.93 27555.93 27555.93 27555.93 27555.93 27596.01 27596.01 27596.01 27596.01 27596.01 27596.01 27596.01 27596.01 27596.01 27596.01 27596.01 27636.10 27636.10 27636.10 27636.10 27636.10 27636.10 27636.10 27636.10 27636.10 27636.10 27636.10 27676.20 27676.20 27676.20 27676.20 27676.20 27676.20 27676.20 27676.20 27676.20 27676.20 27676.20 27716.30 27716.30 27716.30 27716.30 27716.30 27716.30 27716.30 27716.30 27716.30 27716.30 27716.30 27756.41 27756.41 27756.41 27756.41 27756.41 27756.41 27756.41 27756.41 27756.41 27756.41 27756.41 27796.53 27796.53 27796.53 27796.53 27796.53 27796.53 27796.53 27796.53 27796.53 27796.53 27796.53 27836.65 27836.65 27836.65 27836.65 27836.65 27836.65 27836.65 27836.65 27836.65 27836.65 27836.65 27876.78 27876.78 27876.78 27876.78 27876.78 27876.78 27876.78 27876.78 27876.78 27876.78 27876.78 27916.92 27916.92 27916.92 27916.92 27916.92 27916.92 27916.92 27916.92 27916.92 27916.92 27916.92 27957.07 27957.07 27957.07 27957.07 27957.07 27957.07 27957.07 27957.07 27957.07 27957.07 27957.07 27997.22 27997.22 27997.22 27997.22 27997.22 27997.22 27997.22 27997.22 27997.22 27997.22 27997.22 28037.38 28037.38 28037.38 28037.38 28037.38 28037.38 28037.38 28037.38 28037.38 28037.38 28037.38 28077.55 28077.55 28077.55 28077.55 28077.55 28077.55 28077.55 28077.55 28077.55 28077.55 28077.55 28117.73 28117.73 28117.73 28117.73 28117.73 28117.73 28117.73 28117.73 28117.73 28117.73 28117.73 28157.91 28157.91 28157.91 28157.91 28157.91 28157.91 28157.91 28157.91 28157.91 28157.91 28157.91 28198.10 28198.10 28198.10 28198.10 28198.10 28198.10 28198.10 28198.10 28198.10 28198.10 28198.10 28238.29 28238.29 28238.29 28238.29 28238.29 28238.29 28238.29 28238.29 28238.29 28238.29 28238.29 28278.50 28278.50 28278.50 28278.50 28278.50 28278.50 28278.50 28278.50 28278.50 28278.50 28278.50 28318.71 28318.71 28318.71 28318.71 28318.71 28318.71 28318.71 28318.71 28318.71 28318.71 28318.71 28358.93 28358.93 28358.93 28358.93 28358.93 28358.93 28358.93 28358.93 28358.93 28358.93 28358.93 28399.15 28399.15 28399.15 28399.15 28399.15 28399.15 28399.15 28399.15 28399.15 28399.15 28399.15 28439.38 28439.38 28439.38 28439.38 28439.38 28439.38 28439.38 28439.38 28439.38 28439.38 28439.38 28479.62 28479.62 28479.62 28479.62 28479.62 28479.62 28479.62 28479.62 28479.62 28479.62 28479.62 28519.87 28519.87 28519.87 28519.87 28519.87 28519.87 28519.87 28519.87 28519.87 28519.87 28519.87 28560.12 28560.12 28560.12 28560.12 28560.12 28560.12 28560.12 28560.12 28560.12 28560.12 28560.12 28600.38 28600.38 28600.38 28600.38 28600.38 28600.38 28600.38 28600.38 28600.38 28600.38 28600.38 28640.65 28640.65 28640.65 28640.65 28640.65 28640.65 28640.65 28640.65 28640.65 28640.65 28640.65 28680.92 28680.92 28680.92 28680.92 28680.92 28680.92 28680.92 28680.92 28680.92 28680.92 28680.92 28721.21 28721.21 28721.21 28721.21 28721.21 28721.21 28721.21 28721.21 28721.21 28721.21 28721.21 28761.50 28761.50 28761.50 28761.50 28761.50 28761.50 28761.50 28761.50 28761.50 28761.50 28761.50 28801.79 28801.79 28801.79 28801.79 28801.79 28801.79 28801.79 28801.79 28801.79 28801.79 28801.79 28842.10 28842.10 28842.10 28842.10 28842.10 28842.10 28842.10 28842.10 28842.10 28842.10 28842.10 28882.41 28882.41 28882.41 28882.41 28882.41 28882.41 28882.41 28882.41 28882.41 28882.41 28882.41 28922.72 28922.72 28922.72 28922.72 28922.72 28922.72 28922.72 28922.72 28922.72 28922.72 28922.72 28963.05 28963.05 28963.05 28963.05 28963.05 28963.05 28963.05 28963.05 28963.05 28963.05 28963.05 29003.38 29003.38 29003.38 29003.38 29003.38 29003.38 29003.38 29003.38 29003.38 29003.38 29003.38 29043.72 29043.72 29043.72 29043.72 29043.72 29043.72 29043.72 29043.72 29043.72 29043.72 29043.72 29084.07 29084.07 29084.07 29084.07 29084.07 29084.07 29084.07 29084.07 29084.07 29084.07 29084.07 29124.42 29124.42 29124.42 29124.42 29124.42 29124.42 29124.42 29124.42 29124.42 29124.42 29124.42 29164.78 29164.78 29164.78 29164.78 29164.78 29164.78 29164.78 29164.78 29164.78 29164.78 29164.78 29205.15 29205.15 29205.15 29205.15 29205.15 29205.15 29205.15 29205.15 29205.15 29205.15 29205.15 29245.52 29245.52 29245.52 29245.52 29245.52 29245.52 29245.52 29245.52 29245.52 29245.52 29245.52 29285.90 29285.90 29285.90 29285.90 29285.90 29285.90 29285.90 29285.90 29285.90 29285.90 29285.90 29326.29 29326.29 29326.29 29326.29 29326.29 29326.29 29326.29 29326.29 29326.29 29326.29 29326.29 29366.69 29366.69 29366.69 29366.69 29366.69 29366.69 29366.69 29366.69 29366.69 29366.69 29366.69 29407.09 29407.09 29407.09 29407.09 29407.09 29407.09 29407.09 29407.09 29407.09 29407.09 29407.09 29447.50 29447.50 29447.50 29447.50 29447.50 29447.50 29447.50 29447.50 29447.50 29447.50 29447.50 29487.92 29487.92 29487.92 29487.92 29487.92 29487.92 29487.92 29487.92 29487.92 29487.92 29487.92 29528.35 29528.35 29528.35 29528.35 29528.35 29528.35 29528.35 29528.35 29528.35 29528.35 29528.35 29568.78 29568.78 29568.78 29568.78 29568.78 29568.78 29568.78 29568.78 29568.78 29568.78 29568.78 29609.22 29609.22 29609.22 29609.22 29609.22 29609.22 29609.22 29609.22 29609.22 29609.22 29609.22 29649.66 29649.66 29649.66 29649.66 29649.66 29649.66 29649.66 29649.66 29649.66 29649.66 29649.66 29690.12 29690.12 29690.12 29690.12 29690.12 29690.12 29690.12 29690.12 29690.12 29690.12 29690.12 29730.58 29730.58 29730.58 29730.58 29730.58 29730.58 29730.58 29730.58 29730.58 29730.58 29730.58 29771.04 29771.04 29771.04 29771.04 29771.04 29771.04 29771.04 29771.04 29771.04 29771.04 29771.04 29811.52 29811.52 29811.52 29811.52 29811.52 29811.52 29811.52 29811.52 29811.52 29811.52 29811.52 29852.00 29852.00 29852.00 29852.00 29852.00 29852.00 29852.00 29852.00 29852.00 29852.00 29852.00 29892.49 29892.49 29892.49 29892.49 29892.49 29892.49 29892.49 29892.49 29892.49 29892.49 29892.49 29932.99 29932.99 29932.99 29932.99 29932.99 29932.99 29932.99 29932.99 29932.99 29932.99 29932.99 29973.49 29973.49 29973.49 29973.49 29973.49 29973.49 29973.49 29973.49 29973.49 29973.49 29973.49 30014.00 30014.00 30014.00 30014.00 30014.00 30014.00 30014.00 30014.00 30014.00 30014.00 30014.00 30054.52 30054.52 30054.52 30054.52 30054.52 30054.52 30054.52 30054.52 30054.52 30054.52 30054.52 30095.04 30095.04 30095.04 30095.04 30095.04 30095.04 30095.04 30095.04 30095.04 30095.04 30095.04 30135.58 30135.58 30135.58 30135.58 30135.58 30135.58 30135.58 30135.58 30135.58 30135.58 30135.58 30176.11 30176.11 30176.11 30176.11 30176.11 30176.11 30176.11 30176.11 30176.11 30176.11 30176.11 30216.66 30216.66 30216.66 30216.66 30216.66 30216.66 30216.66 30216.66 30216.66 30216.66 30216.66 30257.21 30257.21 30257.21 30257.21 30257.21 30257.21 30257.21 30257.21 30257.21 30257.21 30257.21 30297.77 30297.77 30297.77 30297.77 30297.77 30297.77 30297.77 30297.77 30297.77 30297.77 30297.77
=== END RADAR_SCAN ===

=== BEGIN RADAR_SCAN ===
scan.index=3
scan.time=95.670000
radar.id=0
radar.frequency=C
radar.scanning_mode=PPI
radar.x=0.000
radar.y=0.000
radar.z=25.000
radar.maximum_range=250000.000
radar.range_resolution=250.000
radar.angular_resolution=1.000000
box.radar_id=0
box.min_range_gate=717.000
box.max_range_gate=798.000
box.min_angle=102.000000
box.max_angle=113.000000
box.num_ranges=82
box.num_angles=11
box.range_resolution=250.000
box.angular_resolution=1.000000
box.other_angle=4.500000
grid.size=902
grid.data=0.00 0.00 0.00 0.00 0.00 0.00 0.00 0.00 0.00 0.00 0.00 0.00 0.00 0.00 0.00 0.00 0.00 0.00 0.00 0.00 0.00 0.00 0.00 0.00 0.00 0.00 0.00 0.00 0.00 0.00 0.00 0.00 0.00 0.00 0.00 0.00 0.00 0.00 -0.65 0.63 0.00 0.00 0.00 0.00 0.00 0.00 0.00 0.00 0.00 0.20 0.61 0.00 0.00 0.00 0.00 0.00 0.00 0.00 0.00 0.00 -0.26 0.82 0.00 0.00 0.00 0.00 0.00 0.00 0.00 0.00 0.00 -0.60 0.31 0.00 0.00 0.00 0.00 0.00 0.00 0.00 0.00 0.00 2.46 -1.22 0.30 0.00 0.00 0.00 0.00 0.00 0.00 0.00 0.44 0.66 0.52 0.34 0.00 0.00 0.00 0.00 0.00 0.00 0.00 0.36 0.15 -1.18 0.05 0.00 0.00 0.00 0.00 0.00 0.00 0.00 0.71 0.09 -0.15 0.38 0.00 0.00 0.00 0.00 0.00 0.00 0.00 -0.65 0.83 0.37 -0.34 0.00 0.00 0.00 0.00 0.00 0.00 0.00 1.61 0.70 0.17 -0.30 0.00 0.00 0.00 0.00 0.00 0.00 0.00 0.32 -0.57 0.67 -0.44 0.00 0.00 0.00 0.00 0.00 0.00 0.00 -0.59 0.72 0.66 0.20 0.00 0.00 0.00 0.00 0.00 0.00 0.00 -0.13 0.30 0.25 0.04 0.00 0.00 0.00 0.00 0.00 0.00 0.00 0.09 1.93 0.99 -0.58 0.00 0.00 0.00 0.00 0.00 0.00 0.00 0.29 0.21 -0.28 -0.26 0.00 0.00 0.00 0.00 0.00 0.00 0.00 0.64 -1.10 -0.15 0.83 0.81 0.00 0.00 0.00 0.00 0.00 0.00 0.31 -0.43 1.21 -0.02 0.30 0.00 0.00 0.00 0.00 0.00 0.00 1.95 0.35 -0.20 -0.33 -0.24 0.00 0.00 0.00 0.00 0.00 -0.15 0.92 0.97 -0.72 -0.40 -0.03 0.00 0.00 0.00 0.00 0.00 0.66 -0.99 0.49 -1.46 0.42 -1.12 0.00 0.00 0.00 0.00 0.00 0.20 0.72 0.20 -1.09 1.65 -1.31 0.00 0.00 0.00 0.00 0.00 0.51 0.75 0.95 -0.53 -1.30 -0.48 0.00 0.00 0.00 0.00 0.00 -1.41 0.60 -0.45 -0.52 0.67 -0.40 0.00 0.00 0.00 0.00 0.00 -0.81 -1.79 1.01 -0.29 1.20 2.71 0.00 0.00 0.00 0.00 0.00 -0.51 -0.95 0.07 1.64 0.82 -0.19 0.00 0.00 0.00 0.00 0.00 0.56 0.42 -0.70 0.11 2.81 -0.18 0.00 0.00 0.00 0.00 0.00 0.53 0.05 -0.52 -2.14 0.87 0.15 0.00 0.00 0.00 0.00 0.00 -1.84 1.09 0.00 -0.27 0.55 0.76 0.00 0.00 0.00 0.00 0.00 -1.13 -1.48 -0.29 0.77 -1.11 -1.04 0.00 0.00 0.00 0.00 0.00 -0.18 -0.82 2.09 -1.09 -0.63 -0.21 0.00 0.00 0.00 0.00 0.00 1.29 -0.76 1.42 1.07 -1.40 1.23 0.00 0.00 0.00 0.00 0.00 0.48 -0.04 2.13 -1.76 -0.81 0.36 0.00 0.00 0.00 0.00 0.00 0.85 -1.02 -0.54 -1.20 -1.14 2.43 0.00 0.00 0.00 0.00 0.00 -0.01 -0.59 0.01 0.34 0.95 -0.14 0.00 0.00 0.00 0.00 0.00 0.20 -3.33 -1.00 -1.27 -0.86 -0.20 0.00 0.00 0.00 0.00 0.00 -1.54 -0.85 1.69 -0.60 -0.09 0.39 0.00 0.00 0.00 0.00 0.00 -0.90 -0.75 -0.68 -1.05 0.54 -0.03 0.00 0.00 0.00 0.00 0.00 0.37 -0.80 -0.94 -1.42 -0.19 0.40 0.00 0.00 0.00 0.00 0.00 -1.42 -0.92 1.15 -0.66 -1.59 0.47 0.00 0.00 0.00 0.00 0.00 0.05 -0.28 -1.20 -1.23 0.94 0.31 0.00 0.00 0.00 0.00 0.00 -1.63 -0.82 0.24 -0.90 1.16 0.86 0.00 0.00 0.00 0.00 0.00 -0.45 -0.63 -0.64 0.62 -0.37 0.80 0.00 0.00 0.00 0.00 0.00 -0.26 -0.18 -0.36 0.07 0.71 1.03 0.00 0.00 0.00 0.00 0.00 0.81 -0.49 -0.34 -0.74 0.76 0.11 0.00 0.00 0.00 0.00 0.00 -0.89 -0.69 -0.70 -0.41 -0.36 0.14 0.00 0.00 0.00 0.00 0.00 2.04 0.13 1.03 -0.39 -0.84 0.45 0.00 0.00 0.00 0.00 0.00 -1.44 1.46 0.59 -1.50 -1.04 0.42 0.00 0.00 0.00 0.00 0.00 0.40 -1.97 -0.91 -0.83 0.04 -1.07 0.00 0.00 0.00 0.00 0.00 -1.15 -0.95 0.38 -1.10 1.57 1.10 0.00 0.00 0.00 0.00 0.00 1.04 0.46 -0.28 0.45 0.07 0.47 0.00 0.00 0.00 0.00 0.00 -0.70 1.77 0.20 -1.20 -0.30 -0.37 0.00 0.00 0.00 0.00 0.00 -0.13 1.51 -0.51 -0.59 1.72 1.42 0.00 0.00 0.00 0.00 0.00 -0.17 -1.25 -0.27 0.77 0.78 -0.88 0.00 0.00 0.00 0.00 0.00 -0.19 -0.70 -0.33 1.79 0.62 1.00 0.00 0.00 0.00 0.00 0.00 1.53 -0.73 -0.20 -2.00 -0.01 -0.54 0.00 0.00 0.00 0.00 0.00 2.10 -1.12 -0.70 -0.95 -0.25 -0.30 0.00 0.00 0.00 0.00 0.00 -0.60 1.20 0.22 0.98 -0.77 0.45 0.00 0.00 0.00 0.00 0.00 -1.58 -0.21 1.69 -0.20 -0.92 0.08 0.00 0.00 0.00 0.00 0.00 0.55 0.18 0.80 -2.24 0.51 0.41 0.00 0.00 0.00 0.00 0.00 -0.22 -0.99 -0.72 -0.22 0.15 -1.37 0.00 0.00 0.00 0.00 0.00 0.00 -2.89 -0.45 -0.24 -0.39 1.29 0.00 0.00 0.00 0.00 0.00 0.00 -1.95 0.96 -0.47 0.04 -0.39 0.00 0.00 0.00 0.00 0.00 0.00 0.18 -0.47 -0.28 -0.09 0.78 0.00 0.00 0.00 0.00 0.00 0.00 0.50 0.68 0.97 -2.08 0.00 0.00 0.00 0.00 0.00 0.00 0.00 0.32 0.13 -1.71 -0.72 0.00 0.00 0.00 0.00 0.00 0.00 0.00 1.15 -0.03 -1.34 -1.45 0.00 0.00 0.00 0.00 0.00 0.00 0.00 0.63 -0.51 1.11 -1.03 0.00 0.00 0.00 0.00 0.00 0.00 0.00 -1.02 1.28 -0.43 -0.97 0.00 0.00 0.00 0.00 0.00 0.00 0.00 1.37 2.17 0.63 0.45 0.00 0.00 0.00 0.00 0.00 0.00 0.00 1.85 0.83 -1.76 -1.28 0.00 0.00 0.00 0.00 0.00 0.00 0.00 0.33 -0.09 0.29 -0.71 0.00 0.00 0.00 0.00 0.00 0.00 0.00 0.41 -0.51 0.90 0.15 0.00 0.00 0.00 0.00 0.00 0.00 0.00 1.03 0.98 -0.19 0.45 0.00 0.00 0.00 0.00 0.00 0.00 0.00 -2.30 -1.50 -0.25 1.07 0.00 0.00 0.00 0.00 0.00 0.00 0.00 0.00 0.05 -0.03 -0.60 0.00 0.00 0.00 0.00 0.00 0.00 0.00 0.00 0.25 1.11 0.00 0.00 0.00 0.00 0.00 0.00 0.00 0.00 0.00 -0.05 1.25 0.00 0.00 0.00 0.00 0.00 0.00 0.00 0.00 0.00 -1.17 -0.73 0.00 0.00 0.00 0.00 0.00 0.00 0.00 0.00 0.00 -0.96 -0.79 0.00 0.00 0.00 0.00
rain_type.data=0 0 0 0 0 0 0 0 0 0 0 0 0 0 0 0 0 0 0 0 0 0 0 0 0 0 0 0 0 0 0 0 0 0 0 0 0 0 1 1 0 0 0 0 0 0 0 0 0 1 1 0 0 0 0 0 0 0 0 0 1 1 0 0 0 0 0 0 0 0 0 1 1 0 0 0 0 0 0 0 0 0 1 1 1 0 0 0 0 0 0 0 1 1 1 1 0 0 0 0 0 0 0 1 1 1 1 0 0 0 0 0 0 0 1 1 1 1 0 0 0 0 0 0 0 1 1 1 1 0 0 0 0 0 0 0 1 1 1 1 0 0 0 0 0 0 0 1 1 1 1 0 0 0 0 0 0 0 1 1 1 1 0 0 0 0 0 0 0 1 1 1 1 0 0 0 0 0 0 0 1 1 1 1 0 0 0 0 0 0 0 2 1 1 1 0 0 0 0 0 0 0 2 1 1 1 1 0 0 0 0 0 0 2 1 1 1 1 0 0 0 0 0 0 2 2 1 1 1 0 0 0 0 0 1 2 2 1 1 1 0 0 0 0 0 1 2 2 1 1 1 0 0 0 0 0 2 2 2 1 1 1 0 0 0 0 0 2 2 2 1 1 1 0 0 0 0 0 2 2 2 1 1 1 0 0 0 0 0 2 2 2 1 1 1 0 0 0 0 0 2 2 2 1 1 1 0 0 0 0 0 2 2 2 1 1 1 0 0 0 0 0 2 2 2 1 1 1 0 0 0 0 0 2 2 2 1 1 1 0 0 0 0 0 2 2 2 1 1 1 0 0 0 0 0 2 2 2 1 1 1 0 0 0 0 0 2 2 2 1 1 1 0 0 0 0 0 2 2 2 1 1 1 0 0 0 0 0 2 2 2 1 1 1 0 0 0 0 0 2 2 2 1 1 1 0 0 0 0 0 2 2 2 1 1 1 0 0 0 0 0 2 2 2 1 1 1 0 0 0 0 0 2 2 2 1 1 1 0 0 0 0 0 2 2 2 1 1 1 0 0 0 0 0 2 2 2 1 1 1 0 0 0 0 0 2 2 2 1 1 1 0 0 0 0 0 2 2 2 1 1 1 0 0 0 0 0 2 2 2 1 1 1 0 0 0 0 0 2 2 2 1 1 1 0 0 0 0 0 2 2 2 1 1 1 0 0 0 0 0 2 2 2 1 1 1 0 0 0 0 0 2 2 2 1 1 1 0 0 0 0 0 2 2 2 1 1 1 0 0 0 0 0 1 2 2 1 1 1 0 0 0 0 0 1 2 2 1 1 1 0 0 0 0 0 1 2 2 1 1 1 0 0 0 0 0 1 2 1 1 1 1 0 0 0 0 0 1 2 1 1 1 1 0 0 0 0 0 1 2 1 1 1 1 0 0 0 0 0 1 2 1 1 1 1 0 0 0 0 0 1 1 1 1 1 1 0 0 0 0 0 1 1 1 1 1 1 0 0 0 0 0 1 1 1 1 1 1 0 0 0 0 0 1 1 1 1 1 1 0 0 0 0 0 1 1 1 1 1 1 0 0 0 0 0 1 1 1 1 1 1 0 0 0 0 0 0 1 1 1 1 1 0 0 0 0 0 0 1 1 1 1 1 0 0 0 0 0 0 1 1 1 1 1 0 0 0 0 0 0 1 1 1 1 0 0 0 0 0 0 0 1 1 1 1 0 0 0 0 0 0 0 1 1 1 1 0 0 0 0 0 0 0 1 1 1 1 0 0 0 0 0 0 0 1 1 1 1 0 0 0 0 0 0 0 1 1 1 1 0 0 0 0 0 0 0 1 1 1 1 0 0 0 0 0 0 0 1 1 1 1 0 0 0 0 0 0 0 1 1 1 1 0 0 0 0 0 0 0 1 1 1 1 0 0 0 0 0 0 0 1 1 1 1 0 0 0 0 0 0 0 0 1 1 1 0 0 0 0 0 0 0 0 1 1 0 0 0 0 0 0 0 0 0 1 1 0 0 0 0 0 0 0 0 0 1 1 0 0 0 0 0 0 0 0 0 1 1 0 0 0 0
estimated_attenuation.size=902
estimated_attenuation.data=0.00 0.00 0.00 0.00 0.00 0.00 0.00 0.00 0.00 0.00 0.00 0.00 0.00 0.00 0.00 0.00 0.00 0.00 0.00 0.00 0.00 0.00 0.00 0.00 0.00 0.00 0.00 0.00 0.00 0.00 0.00 0.00 0.00 0.00 0.00 0.00 0.00 0.00 0.00 0.00 0.00 0.00 0.00 0.00 0.00 0.00 0.00 0.00 0.00 0.00 0.00 0.00 0.00 0.00 0.00 0.00 0.00 0.00 0.00 0.00 0.00 0.00 0.00 0.00 0.00 0.00 0.00 0.00 0.00 0.00 0.00 0.00 0.00 0.00 0.00 0.00 0.00 0.00 0.00 0.00 0.00 0.00 0.00 0.00 0.00 0.00 0.00 0.00 0.00 0.00 0.00 0.00 0.00 0.00 0.00 0.00 0.00 0.00 0.00 0.00 0.00 0.00 0.00 0.00 0.00 0.00 0.00 0.00 0.00 0.00 0.00 0.00 0.00 0.00 0.00 0.00 0.00 0.00 0.00 0.00 0.00 0.00 0.00 0.00 0.00 0.00 0.00 0.00 0.00 0.00 0.00 0.00 0.00 0.00 0.00 0.00 0.00 0.00 0.00 0.00 0.00 0.00 0.00 0.00 0.00 0.00 0.00 0.00 0.00 0.00 0.00 0.00 0.00 0.00 0.00 0.00 0.00 0.00 0.00 0.00 0.00 0.00 0.00 0.00 0.00 0.00 0.00 0.00 0.00 0.00 0.00 0.00 0.00 0.00 0.00 0.00 0.00 0.00 0.00 0.00 0.00 0.00 0.00 0.00 0.00 0.00 0.00 0.00 0.00 0.00 0.00 0.00 0.00 0.00 0.00 0.00 0.00 0.00 0.00 0.00 0.00 0.00 0.00 0.00 0.00 0.00 0.00 0.00 0.00 0.00 0.00 0.00 0.00 0.00 0.00 0.00 0.00 0.00 0.00 0.00 0.00 0.00 0.00 0.00 0.00 0.00 0.00 0.00 0.00 0.00 0.00 0.00 0.00 0.00 0.00 0.00 0.00 0.00 0.00 0.00 0.00 0.00 0.00 0.00 0.00 0.00 0.00 0.00 0.00 0.00 0.00 0.00 0.00 0.00 0.00 0.00 0.00 0.00 0.00 0.00 0.00 0.00 0.00 0.00 0.00 0.00 0.00 0.00 0.00 0.00 0.00 0.00 0.00 0.00 0.00 0.00 0.00 0.00 0.00 0.00 0.00 0.00 0.00 0.00 0.00 0.00 0.00 0.00 0.00 0.00 0.00 0.00 0.00 0.00 0.00 0.00 0.00 0.00 0.00 0.00 0.00 0.00 0.00 0.00 0.00 0.00 0.00 0.00 0.00 0.00 0.00 0.00 0.00 0.00 0.00 0.00 0.00 0.00 0.00 0.00 0.00 0.00 0.00 0.00 0.00 0.00 0.00 0.00 0.00 0.00 0.00 0.00 0.00 0.00 0.00 0.00 0.00 0.00 0.00 0.00 0.00 0.00 0.00 0.00 0.00 0.00 0.00 0.00 0.00 0.00 0.00 0.00 0.00 0.00 0.00 0.00 0.00 0.00 0.00 0.00 0.00 0.00 0.00 0.00 0.00 0.00 0.00 0.00 0.00 0.00 0.00 0.00 0.00 0.00 0.00 0.00 0.00 0.00 0.00 0.00 0.00 0.00 0.00 0.00 0.00 0.00 0.00 0.00 0.00 0.00 0.00 0.00 0.00 0.00 0.00 0.00 0.00 0.00 0.00 0.00 0.00 0.00 0.00 0.00 0.00 0.00 0.00 0.00 0.00 0.00 0.00 0.00 0.00 0.00 0.00 0.00 0.00 0.00 0.00 0.00 0.00 0.00 0.00 0.00 0.00 0.00 0.00 0.00 0.00 0.00 0.00 0.00 0.00 0.00 0.00 0.00 0.00 0.00 0.00 0.00 0.00 0.00 0.00 0.00 0.00 0.00 0.00 0.00 0.00 0.00 0.00 0.00 0.00 0.00 0.00 0.00 0.00 0.00 0.00 0.00 0.00 0.00 0.00 0.00 0.00 0.00 0.00 0.00 0.00 0.00 0.00 0.00 0.00 0.00 0.00 0.00 0.00 0.00 0.00 0.00 0.00 0.00 0.00 0.00 0.00 0.00 0.00 0.00 0.00 0.00 0.00 0.00 0.00 0.00 0.00 0.00 0.00 0.00 0.00 0.00 0.00 0.00 0.00 0.00 0.00 0.00 0.00 0.00 0.00 0.00 0.00 0.00 0.00 0.00 0.00 0.00 0.00 0.00 0.00 0.00 0.00 0.00 0.00 0.00 0.00 0.00 0.00 0.00 0.00 0.00 0.00 0.00 0.00 0.00 0.00 0.00 0.00 0.00 0.00 0.00 0.00 0.00 0.00 0.00 0.00 0.00 0.00 0.00 0.00 0.00 0.00 0.00 0.00 0.00 0.00 0.00 0.00 0.00 0.00 0.00 0.00 0.00 0.00 0.00 0.00 0.00 0.00 0.00 0.00 0.00 0.00 0.00 0.00 0.00 0.00 0.00 0.00 0.00 0.00 0.00 0.00 0.00 0.00 0.00 0.00 0.00 0.00 0.00 0.00 0.00 0.00 0.00 0.00 0.00 0.00 0.00 0.00 0.00 0.00 0.00 0.00 0.00 0.00 0.00 0.00 0.00 0.00 0.00 0.00 0.00 0.00 0.00 0.00 0.00 0.00 0.00 0.00 0.00 0.00 0.00 0.00 0.00 0.00 0.00 0.00 0.00 0.00 0.00 0.00 0.00 0.00 0.00 0.00 0.00 0.00 0.00 0.00 0.00 0.00 0.00 0.00 0.00 0.00 0.00 0.00 0.00 0.00 0.00 0.00 0.00 0.00 0.00 0.00 0.00 0.00 0.00 0.00 0.00 0.00 0.00 0.00 0.00 0.00 0.00 0.00 0.00 0.00 0.00 0.00 0.00 0.00 0.00 0.00 0.00 0.00 0.00 0.00 0.00 0.00 0.00 0.00 0.00 0.00 0.00 0.00 0.00 0.00 0.00 0.00 0.00 0.00 0.00 0.00 0.00 0.00 0.00 0.00 0.00 0.00 0.00 0.00 0.00 0.00 0.00 0.00 0.00 0.00 0.00 0.00 0.00 0.00 0.00 0.00 0.00 0.00 0.00 0.00 0.00 0.00 0.00 0.00 0.00 0.00 0.00 0.00 0.00 0.00 0.00 0.00 0.00 0.00 0.00 0.00 0.00 0.00 0.00 0.00 0.00 0.00 0.00 0.00 0.00 0.00 0.00 0.00 0.00 0.00 0.00 0.00 0.00 0.00 0.00 0.00 0.00 0.00 0.00 0.00 0.00 0.00 0.00 0.00 0.00 0.00 0.00 0.00 0.00 0.00 0.00 0.00 0.00 0.00 0.00 0.00 0.00 0.00 0.00 0.00 0.00 0.00 0.00 0.00 0.00 0.00 0.00 0.00 0.00 0.00 0.00 0.00 0.00 0.00 0.00 0.00 0.00 0.00 0.00 0.00 0.00 0.00 0.00 0.00 0.00 0.00 0.00 0.00 0.00 0.00 0.00 0.00 0.00 0.00 0.00 0.00 0.00 0.00 0.00 0.00 0.00 0.00 0.00 0.00 0.00 0.00 0.00 0.00 0.00 0.00 0.00 0.00 0.00 0.00 0.00 0.00 0.00 0.00 0.00 0.00 0.00 0.00 0.00 0.00 0.00 0.00 0.00 0.00 0.00 0.00 0.00 0.00 0.00 0.00 0.00 0.00 0.00 0.00 0.00 0.00 0.00 0.00 0.00 0.00 0.00 0.00 0.00 0.00 0.00 0.00 0.00 0.00 0.00 0.00 0.00 0.00 0.00 0.00 0.00 0.00 0.00 0.00 0.00 0.00 0.00 0.00 0.00 0.00 0.00 0.00 0.00 0.00 0.00 0.00 0.00 0.00 0.00 0.00 0.00 0.00 0.00 0.00 0.00 0.00 0.00
height.size=902
height.data=15940.05 15940.05 15940.05 15940.05 15940.05 15940.05 15940.05 15940.05 15940.05 15940.05 15940.05 15964.90 15964.90 15964.90 15964.90 15964.90 15964.90 15964.90 15964.90 15964.90 15964.90 15964.90 15989.75 15989.75 15989.75 15989.75 15989.75 15989.75 15989.75 15989.75 15989.75 15989.75 15989.75 16014.61 16014.61 16014.61 16014.61 16014.61 16014.61 16014.61 16014.61 16014.61 16014.61 16014.61 16039.48 16039.48 16039.48 16039.48 16039.48 16039.48 16039.48 16039.48 16039.48 16039.48 16039.48 16064.36 16064.36 16064.36 16064.36 16064.36 16064.36 16064.36 16064.36 16064.36 16064.36 16064.36 16089.24 16089.24 16089.24 16089.24 16089.24 16089.24 16089.24 16089.24 16089.24 16089.24 16089.24 16114.13 16114.13 16114.13 16114.13 16114.13 16114.13 16114.13 16114.13 16114.13 16114.13 16114.13 16139.03 16139.03 16139.03 16139.03 16139.03 16139.03 16139.03 16139.03 16139.03 16139.03 16139.03 16163.94 16163.94 16163.94 16163.94 16163.94 16163.94 16163.94 16163.94 16163.94 16163.94 16163.94 16188.85 16188.85 16188.85 16188.85 16188.85 16188.85 16188.85 16188.85 16188.85 16188.85 16188.85 16213.77 16213.77 16213.77 16213.77 16213.77 16213.77 16213.77 16213.77 16213.77 16213.77 16213.77 16238.70 16238.70 16238.70 16238.70 16238.70 16238.70 16238.70 16238.70 16238.70 16238.70 16238.70 16263.63 16263.63 16263.63 16263.63 16263.63 16263.63 16263.63 16263.63 16263.63 16263.63 16263.63 16288.57 16288.57 16288.57 16288.57 16288.57 16288.57 16288.57 16288.57 16288.57 16288.57 16288.57 16313.52 16313.52 16313.52 16313.52 16313.52 16313.52 16313.52 16313.52 16313.52 16313.52 16313.52 16338.48 16338.48 16338.48 16338.48 16338.48 16338.48 16338.48 16338.48 16338.48 16338.48 16338.48 16363.44 16363.44 16363.44 16363.44 16363.44 16363.44 16363.44 16363.44 16363.44 16363.44 16363.44 16388.41 16388.41 16388.41 16388.41 16388.41 16388.41 16388.41 16388.41 16388.41 16388.41 16388.41 16413.39 16413.39 16413.39 16413.39 16413.39 16413.39 16413.39 16413.39 16413.39 16413.39 16413.39 16438.37 16438.37 16438.37 16438.37 16438.37 16438.37 16438.37 16438.37 16438.37 16438.37 16438.37 16463.37 16463.37 16463.37 16463.37 16463.37 16463.37 16463.37 16463.37 16463.37 16463.37 16463.37 16488.37 16488.37 16488.37 16488.37 16488.37 16488.37 16488.37 16488.37 16488.37 16488.37 16488.37 16513.37 16513.37 16513.37 16513.37 16513.37 16513.37 16513.37 16513.37 16513.37 16513.37 16513.37 16538.39 16538.39 16538.39 16538.39 16538.39 16538.39 16538.39 16538.39 16538.39 16538.39 16538.39 16563.41 16563.41 16563.41 16563.41 16563.41 16563.41 16563.41 16563.41 16563.41 16563.41 16563.41 16588.44 16588.44 16588.44 16588.44 16588.44 16588.44 16588.44 16588.44 16588.44 16588.44 16588.44 16613.47 16613.47 16613.47 16613.47 16613.47 16613.47 16613.47 16613.47 16613.47 16613.47 16613.47 16638.52 16638.52 16638.52 16638.52 16638.52 16638.52 16638.52 16638.52 16638.52 16638.52 16638.52 16663.57 16663.57 16663.57 16663.57 16663.57 16663.57 16663.57 16663.57 16663.57 16663.57 16663.57 16688.63 16688.63 16688.63 16688.63 16688.63 16688.63 16688.63 16688.63 16688.63 16688.63 16688.63 16713.69 16713.69 16713.69 16713.69 16713.69 16713.69 16713.69 16713.69 16713.69 16713.69 16713.69 16738.76 16738.76 16738.76 16738.76 16738.76 16738.76 16738.76 16738.76 16738.76 16738.76 16738.76 16763.84 16763.84 16763.84 16763.84 16763.84 16763.84 16763.84 16763.84 16763.84 16763.84 16763.84 16788.93 16788.93 16788.93 16788.93 16788.93 16788.93 16788.93 16788.93 16788.93 16788.93 16788.93 16814.03 16814.03 16814.03 16814.03 16814.03 16814.03 16814.03 16814.03 16814.03 16814.03 16814.03 16839.13 16839.13 16839.13 16839.13 16839.13 16839.13 16839.13 16839.13 16839.13 16839.13 16839.13 16864.24 16864.24 16864.24 16864.24 16864.24 16864.24 16864.24 16864.24 16864.24 16864.24 16864.24 16889.35 16889.35 16889.35 16889.35 16889.35 16889.35 16889.35 16889.35 16889.35 16889.35 16889.35 16914.48 16914.48 16914.48 16914.48 16914.48 16914.48 16914.48 16914.48 16914.48 16914.48 16914.48 16939.61 16939.61 16939.61 16939.61 16939.61 16939.61 16939.61 16939.61 16939.61 16939.61 16939.61 16964.74 16964.74 16964.74 16964.74 16964.74 16964.74 16964.74 16964.74 16964.74 16964.74 16964.74 16989.89 16989.89 16989.89 16989.89 16989.89 16989.89 16989.89 16989.89 16989.89 16989.89 16989.89 17015.04 17015.04 17015.04 17015.04 17015.04 17015.04 17015.04 17015.04 17015.04 17015.04 17015.04 17040.20 17040.20 17040.20 17040.20 17040.20 17040.20 17040.20 17040.20 17040.20 17040.20 17040.20 17065.37 17065.37 17065.37 17065.37 17065.37 17065.37 17065.37 17065.37 17065.37 17065.37 17065.37 17090.54 17090.54 17090.54 17090.54 17090.54 17090.54 17090.54 17090.54 17090.54 17090.54 17090.54 17115.72 17115.72 17115.72 17115.72 17115.72 17115.72 17115.72 17115.72 17115.72 17115.72 17115.72 17140.91 17140.91 17140.91 17140.91 17140.91 17140.91 17140.91 17140.91 17140.91 17140.91 17140.91 17166.11 17166.11 17166.11 17166.11 17166.11 17166.11 17166.11 17166.11 17166.11 17166.11 17166.11 17191.31 17191.31 17191.31 17191.31 17191.31 17191.31 17191.31 17191.31 17191.31 17191.31 17191.31 17216.52 17216.52 17216.52 17216.52 17216.52 17216.52 17216.52 17216.52 17216.52 17216.52 17216.52 17241.74 17241.74 17241.74 17241.74 17241.74 17241.74 17241.74 17241.74 17241.74 17241.74 17241.74 17266.97 17266.97 17266.97 17266.97 17266.97 17266.97 17266.97 17266.97 17266.97 17266.97 17266.97 17292.20 17292.20 17292.20 17292.20 17292.20 17292.20 17292.20 17292.20 17292.20 17292.20 17292.20 17317.44 17317.44 17317.44 17317.44 17317.44 17317.44 17317.44 17317.44 17317.44 17317.44 17317.44 17342.69 17342.69 17342.69 17342.69 17342.69 17342.69 17342.69 17342.69 17342.69 17342.69 17342.69 17367.94 17367.94 17367.94 17367.94 17367.94 17367.94 17367.94 17367.94 17367.94 17367.94 17367.94 17393.20 17393.20 17393.20 17393.20 17393.20 17393.20 17393.20 17393.20 17393.20 17393.20 17393.20 17418.47 17418.47 17418.47 17418.47 17418.47 17418.47 17418.47 17418.47 17418.47 17418.47 17418.47 17443.75 17443.75 17443.75 17443.75 17443.75 17443.75 17443.75 17443.75 17443.75 17443.75 17443.75 17469.03 17469.03 17469.03 17469.03 17469.03 17469.03 17469.03 17469.03 17469.03 17469.03 17469.03 17494.32 17494.32 17494.32 17494.32 17494.32 17494.32 17494.32 17494.32 17494.32 17494.32 17494.32 17519.62 17519.62 17519.62 17519.62 17519.62 17519.62 17519.62 17519.62 17519.62 17519.62 17519.62 17544.92 17544.92 17544.92 17544.92 17544.92 17544.92 17544.92 17544.92 17544.92 17544.92 17544.92 17570.24 17570.24 17570.24 17570.24 17570.24 17570.24 17570.24 17570.24 17570.24 17570.24 17570.24 17595.55 17595.55 17595.55 17595.55 17595.55 17595.55 17595.55 17595.55 17595.55 17595.55 17595.55 17620.88 17620.88 17620.88 17620.88 17620.88 17620.88 17620.88 17620.88 17620.88 17620.88 17620.88 17646.22 17646.22 17646.22 17646.22 17646.22 17646.22 17646.22 17646.22 17646.22 17646.22 17646.22 17671.56 17671.56 17671.56 17671.56 17671.56 17671.56 17671.56 17671.56 17671.56 17671.56 17671.56 17696.91 17696.91 17696.91 17696.91 17696.91 17696.91 17696.91 17696.91 17696.91 17696.91 17696.91 17722.26 17722.26 17722.26 17722.26 17722.26 17722.26 17722.26 17722.26 17722.26 17722.26 17722.26 17747.63 17747.63 17747.63 17747.63 17747.63 17747.63 17747.63 17747.63 17747.63 17747.63 17747.63 17773.00 17773.00 17773.00 17773.00 17773.00 17773.00 17773.00 17773.00 17773.00 17773.00 17773.00 17798.37 17798.37 17798.37 17798.37 17798.37 17798.37 17798.37 17798.37 17798.37 17798.37 17798.37 17823.76 17823.76 17823.76 17823.76 17823.76 17823.76 17823.76 17823.76 17823.76 17823.76 17823.76 17849.15 17849.15 17849.15 17849.15 17849.15 17849.15 17849.15 17849.15 17849.15 17849.15 17849.15 17874.55 17874.55 17874.55 17874.55 17874.55 17874.55 17874.55 17874.55 17874.55 17874.55 17874.55 17899.96 17899.96 17899.96 17899.96 17899.96 17899.96 17899.96 17899.96 17899.96 17899.96 17899.96 17925.37 17925.37 17925.37 17925.37 17925.37 17925.37 17925.37 17925.37 17925.37 17925.37 17925.37 17950.79 17950.79 17950.79 17950.79 17950.79 17950.79 17950.79 17950.79 17950.79 17950.79 17950.79 17976.22 17976.22 17976.22 17976.22 17976.22 17976.22 17976.22 17976.22 17976.22 17976.22 17976.22
=== END RADAR_SCAN ===

=== BEGIN RADAR_SCAN ===
scan.index=4
scan.time=96.000000
radar.id=0
radar.frequency=C
radar.scanning_mode=PPI
radar.x=0.000
radar.y=0.000
radar.z=25.000
radar.maximum_range=250000.000
radar.range_resolution=250.000
radar.angular_resolution=1.000000
box.radar_id=0
box.min_range_gate=715.000
box.max_range_gate=796.000
box.min_angle=102.000000
box.max_angle=113.000000
box.num_ranges=82
box.num_angles=11
box.range_resolution=250.000
box.angular_resolution=1.000000
box.other_angle=2.000000
grid.size=902
grid.data=0.00 0.00 0.00 0.00 0.00 0.00 0.00 0.00 0.00 0.00 0.00 0.00 0.00 0.00 0.00 0.00 0.00 0.00 0.00 0.00 0.00 0.00 0.00 0.00 0.00 0.00 0.00 1.06 0.07 0.00 0.00 0.00 0.00 0.00 0.00 0.00 0.00 0.00 -1.43 -0.27 0.00 0.00 0.00 0.00 0.00 0.00 0.00 0.00 0.00 1.25 0.51 0.00 0.00 0.00 0.00 0.00 0.00 0.00 0.00 0.00 1.56 -0.62 0.00 0.00 0.00 0.00 0.00 0.00 0.00 0.00 0.00 1.92 -0.39 -0.35 0.00 0.00 0.00 0.00 0.00 0.00 0.00 0.37 -1.13 -0.55 -1.25 0.00 0.00 0.00 0.00 0.00 0.00 0.00 -0.53 -0.82 1.59 -0.32 0.00 0.00 0.00 0.00 0.00 0.00 0.00 1.28 0.14 -0.97 0.16 0.00 0.00 0.00 0.00 0.00 0.00 0.00 -0.03 1.88 -1.21 1.07 0.00 0.00 0.00 0.00 0.00 0.00 0.00 -1.65 0.10 -0.56 1.53 0.00 0.00 0.00 0.00 0.00 0.00 0.00 -0.62 1.23 -0.39 0.60 0.00 0.00 0.00 0.00 0.00 0.00 0.00 -0.79 1.48 0.82 -0.03 0.00 0.00 0.00 0.00 0.00 0.00 0.00 -0.72 0.29 -1.44 -0.64 0.00 0.00 0.00 0.00 0.00 0.00 0.00 -0.59 0.32 1.40 -0.22 0.00 0.00 0.00 0.00 0.00 0.00 0.00 1.06 0.92 -0.49 -1.25 0.00 0.00 0.00 0.00 0.00 0.00 0.00 -0.88 -1.23 0.63 0.44 1.74 0.00 0.00 0.00 0.00 0.00 0.00 0.87 0.69 -0.25 0.38 0.46 0.00 0.00 0.00 0.00 0.00 0.00 -0.29 0.44 0.63 0.82 -0.06 0.00 0.00 0.00 0.00 0.00 -1.50 -1.27 -0.73 0.01 0.40 -1.20 0.00 0.00 0.00 0.00 0.00 0.01 -0.37 -0.49 1.13 0.63 0.51 0.00 0.00 0.00 0.00 0.00 1.41 1.93 0.25 1.15 -0.30 -0.47 0.00 0.00 0.00 0.00 0.00 1.08 -0.13 -0.63 1.03 0.31 -0.98 0.00 0.00 0.00 0.00 0.00 0.50 -0.34 0.42 -0.64 -0.24 -0.75 0.00 0.00 0.00 0.00 0.00 -0.35 -1.60 -0.43 -1.36 0.15 -1.36 0.00 0.00 0.00 0.00 0.00 -0.57 1.07 -0.31 0.16 0.82 -0.09 0.00 0.00 0.00 0.00 0.00 0.34 0.29 1.85 1.42 -0.27 1.00 0.00 0.00 0.00 0.00 0.00 -2.53 -1.74 -2.89 0.69 -2.38 0.05 0.00 0.00 0.00 0.00 0.00 -1.50 0.23 0.65 1.43 0.09 -0.78 0.00 0.00 0.00 0.00 0.00 -0.50 -0.32 0.90 -0.38 0.38 -0.09 0.00 0.00 0.00 0.00 0.00 -0.89 -0.49 -1.03 -0.49 -0.91 -1.10 0.00 0.00 0.00 0.00 0.00 -1.17 -0.00 -0.17 -1.30 0.06 -0.35 0.00 0.00 0.00 0.00 0.00 -0.50 -0.23 -0.12 0.11 0.09 1.01 0.00 0.00 0.00 0.00 0.00 0.94 -0.56 -0.89 -1.92 -0.09 -1.09 0.00 0.00 0.00 0.00 0.00 -0.28 -0.88 -2.43 0.23 1.96 -1.64 0.00 0.00 0.00 0.00 0.00 -0.59 -1.22 -1.13 1.31 -1.85 0.73 0.00 0.00 0.00 0.00 0.00 0.05 2.21 0.93 -2.25 -1.09 -0.43 0.00 0.00 0.00 0.00 0.00 -1.28 -0.41 -1.20 0.45 0.52 -1.15 0.00 0.00 0.00 0.00 0.00 -0.35 -2.11 0.93 -0.42 -1.71 -0.17 0.00 0.00 0.00 0.00 0.00 -0.18 0.99 1.10 -0.59 -0.59 -0.68 0.00 0.00 0.00 0.00 0.00 -0.85 -0.03 -0.40 -1.04 1.09 -0.31 0.00 0.00 0.00 0.00 0.00 -0.59 -1.00 1.05 0.49 1.29 1.44 0.00 0.00 0.00 0.00 0.00 0.24 0.06 -0.27 -0.93 -0.71 0.60 0.00 0.00 0.00 0.00 0.00 -0.72 0.77 -1.63 0.44 -0.22 -0.94 0.00 0.00 0.00 0.00 0.00 -0.07 1.49 -2.37 -0.84 -0.33 -0.17 0.00 0.00 0.00 0.00 0.00 -0.67 0.11 -0.82 -1.40 -0.28 2.21 0.00 0.00 0.00 0.00 0.00 0.49 1.43 1.43 1.39 1.61 -0.57 0.00 0.00 0.00 0.00 0.00 -1.10 1.35 -0.86 -0.46 -1.06 0.84 0.00 0.00 0.00 0.00 0.00 -1.07 -2.44 -0.15 -0.97 0.37 -1.26 0.00 0.00 0.00 0.00 0.00 -0.89 0.51 1.55 -0.55 -0.19 0.04 0.00 0.00 0.00 0.00 0.00 -0.36 0.50 0.92 -0.73 -1.67 -0.38 0.00 0.00 0.00 0.00 0.00 0.62 0.48 0.24 2.02 -0.01 0.78 0.00 0.00 0.00 0.00 0.00 0.94 1.01 -0.91 -0.84 0.58 -0.41 0.00 0.00 0.00 0.00 0.00 -0.15 -1.35 0.32 0.30 -0.34 0.04 0.00 0.00 0.00 0.00 0.00 -1.50 -0.91 -0.68 -1.89 -0.13 0.37 0.00 0.00 0.00 0.00 0.00 0.19 1.35 -0.07 0.11 0.86 0.79 0.00 0.00 0.00 0.00 0.00 -0.25 -0.75 0.82 1.53 0.66 -0.21 0.00 0.00 0.00 0.00 0.00 -1.32 1.23 0.55 0.90 0.99 0.00 0.00 0.00 0.00 0.00 0.00 -0.01 1.19 -0.79 -0.66 -1.80 -0.26 0.00 0.00 0.00 0.00 0.00 -1.26 -1.44 0.92 0.45 0.47 -0.07 0.00 0.00 0.00 0.00 0.00 0.05 0.02 1.93 -1.54 0.57 -1.35 0.00 0.00 0.00 0.00 0.00 -2.31 0.14 -0.51 0.97 -0.67 -0.64 0.00 0.00 0.00 0.00 0.00 0.00 -0.68 -0.65 1.10 -0.55 0.06 0.00 0.00 0.00 0.00 0.00 0.00 -0.11 0.35 -3.14 0.35 -0.20 0.00 0.00 0.00 0.00 0.00 0.00 -1.02 -0.80 1.07 0.77 0.00 0.00 0.00 0.00 0.00 0.00 0.00 -0.79 1.93 -1.86 -0.24 0.00 0.00 0.00 0.00 0.00 0.00 0.00 0.34 0.14 -0.55 0.65 0.00 0.00 0.00 0.00 0.00 0.00 0.00 -0.20 1.43 0.11 0.51 0.00 0.00 0.00 0.00 0.00 0.00 0.00 0.26 0.04 -0.75 -0.17 0.00 0.00 0.00 0.00 0.00 0.00 0.00 0.04 -0.11 1.22 0.31 0.00 0.00 0.00 0.00 0.00 0.00 0.00 -0.98 0.00 1.06 -0.35 0.00 0.00 0.00 0.00 0.00 0.00 0.00 0.34 -1.25 2.83 -0.01 0.00 0.00 0.00 0.00 0.00 0.00 0.00 -0.28 1.10 0.35 -0.98 0.00 0.00 0.00 0.00 0.00 0.00 0.00 0.59 -1.60 1.03 0.42 0.00 0.00 0.00 0.00 0.00 0.00 0.00 -1.68 -0.74 0.01 0.16 0.00 0.00 0.00 0.00 0.00 0.00 0.00 0.00 1.54 0.34 0.48 0.00 0.00 0.00 0.00 0.00 0.00 0.00 0.00 0.09 1.35 0.00 0.00 0.00 0.00 0.00 0.00 0.00 0.00 0.00 -0.22 -0.83 0.00 0.00 0.00 0.00 0.00 0.00 0.00 0.00 0.00 0.71 -0.25 0.00 0.00 0.00 0.00 0.00 0.00 0.00 0.00 0.00 -0.55 1.04 0.00 0.00 0.00 0.00 0.00 0.00 0.00 0.00 0.00 0.00 -0.51 0.00 0.00 0.00 0.00
rain_type.data=0 0 0 0 0 0 0 0 0 0 0 0 0 0 0 0 0 0 0 0 0 0 0 0 0 0 0 1 1 0 0 0 0 0 0 0 0 0 1 1 0 0 0 0 0 0 0 0 0 1 1 0 0 0 0 0 0 0 0 0 1 1 0 0 0 0 0 0 0 0 0 1 1 1 0 0 0 0 0 0 0 1 1 1 1 0 0 0 0 0 0 0 1 1 1 1 0 0 0 0 0 0 0 1 1 1 1 0 0 0 0 0 0 0 1 1 1 1 0 0 0 0 0 0 0 1 1 1 1 0 0 0 0 0 0 0 1 1 1 1 0 0 0 0 0 0 0 1 1 1 1 0 0 0 0 0 0 0 1 1 1 1 0 0 0 0 0 0 0 1 1 1 1 0 0 0 0 0 0 0 2 1 1 1 0 0 0 0 0 0 0 2 1 1 1 1 0 0 0 0 0 0 2 1 1 1 1 0 0 0 0 0 0 2 1 1 1 1 0 0 0 0 0 1 2 2 1 1 1 0 0 0 0 0 1 2 2 1 1 1 0 0 0 0 0 2 2 2 1 1 1 0 0 0 0 0 2 2 2 1 1 1 0 0 0 0 0 2 2 2 1 1 1 0 0 0 0 0 2 2 2 1 1 1 0 0 0 0 0 2 2 2 1 1 1 0 0 0 0 0 2 2 2 1 1 1 0 0 0 0 0 2 2 2 1 1 1 0 0 0 0 0 2 2 2 1 1 1 0 0 0 0 0 2 2 2 1 1 1 0 0 0 0 0 2 2 2 1 1 1 0 0 0 0 0 2 2 2 1 1 1 0 0 0 0 0 2 2 2 1 1 1 0 0 0 0 0 2 2 2 1 1 1 0 0 0 0 0 2 2 2 1 1 1 0 0 0 0 0 2 2 2 1 1 1 0 0 0 0 0 2 2 2 1 1 1 0 0 0 0 0 2 2 2 1 1 1 0 0 0 0 0 2 2 2 1 1 1 0 0 0 0 0 2 2 2 1 1 1 0 0 0 0 0 2 2 2 1 1 1 0 0 0 0 0 2 2 2 1 1 1 0 0 0 0 0 2 2 2 1 1 1 0 0 0 0 0 2 2 2 1 1 1 0 0 0 0 0 2 2 2 1 1 1 0 0 0 0 0 2 2 2 1 1 1 0 0 0 0 0 2 2 2 1 1 1 0 0 0 0 0 2 2 2 1 1 1 0 0 0 0 0 2 2 2 1 1 1 0 0 0 0 0 1 2 2 1 1 1 0 0 0 0 0 1 2 2 1 1 1 0 0 0 0 0 1 2 1 1 1 1 0 0 0 0 0 1 2 1 1 1 1 0 0 0 0 0 1 2 1 1 1 1 0 0 0 0 0 1 2 1 1 1 1 0 0 0 0 0 1 1 1 1 1 1 0 0 0 0 0 1 1 1 1 1 1 0 0 0 0 0 1 1 1 1 1 1 0 0 0 0 0 1 1 1 1 1 1 0 0 0 0 0 1 1 1 1 1 1 0 0 0 0 0 1 1 1 1 1 1 0 0 0 0 0 1 1 1 1 1 1 0 0 0 0 0 0 1 1 1 1 1 0 0 0 0 0 0 1 1 1 1 1 0 0 0 0 0 0 1 1 1 1 0 0 0 0 0 0 0 1 1 1 1 0 0 0 0 0 0 0 1 1 1 1 0 0 0 0 0 0 0 1 1 1 1 0 0 0 0 0 0 0 1 1 1 1 0 0 0 0 0 0 0 1 1 1 1 0 0 0 0 0 0 0 1 1 1 1 0 0 0 0 0 0 0 1 1 1 1 0 0 0 0 0 0 0 1 1 1 1 0 0 0 0 0 0 0 1 1 1 1 0 0 0 0 0 0 0 1 1 1 1 0 0 0 0 0 0 0 0 1 1 1 0 0 0 0 0 0 0 0 1 1 0 0 0 0 0 0 0 0 0 1 1 0 0 0 0 0 0 0 0 0 1 1 0 0 0 0 0 0 0 0 0 1 1 0 0 0 0 0 0 0 0 0 0 1 0 0 0 0
estimated_attenuation.size=902
estimated_attenuation.data=0.00 0.00 0.00 0.00 0.00 0.00 0.00 0.00 0.00 0.00 0.00 0.00 0.00 0.00 0.00 0.00 0.00 0.00 0.00 0.00 0.00 0.00 0.00 0.00 0.00 0.00 0.00 0.00 0.00 0.00 0.00 0.00 0.00 0.00 0.00 0.00 0.00 0.00 0.00 0.00 0.00 0.00 0.00 0.00 0.00 0.00 0.00 0.00 0.00 0.00 0.00 0.00 0.00 0.00 0.00 0.00 0.00 0.00 0.00 0.00 0.00 0.00 0.00 0.00 0.00 0.00 0.00 0.00 0.00 0.00 0.00 0.00 0.00 0.00 0.00 0.00 0.00 0.00 0.00 0.00 0.00 0.00 0.00 0.00 0.00 0.00 0.00 0.00 0.00 0.00 0.00 0.00 0.00 0.00 0.00 0.00 0.00 0.00 0.00 0.00 0.00 0.00 0.00 0.00 0.00 0.00 0.00 0.00 0.00 0.00 0.00 0.00 0.00 0.00 0.00 0.00 0.00 0.00 0.00 0.00 0.00 0.00 0.00 0.00 0.00 0.00 0.00 0.00 0.00 0.00 0.00 0.00 0.00 0.00 0.00 0.00 0.00 0.00 0.00 0.00 0.00 0.00 0.00 0.00 0.00 0.00 0.00 0.00 0.00 0.00 0.00 0.00 0.00 0.00 0.00 0.00 0.00 0.00 0.00 0.00 0.00 0.00 0.00 0.00 0.00 0.00 0.00 0.00 0.00 0.00 0.00 0.00 0.00 0.00 0.00 0.00 0.00 0.00 0.00 0.00 0.00 0.00 0.00 0.00 0.00 0.00 0.00 0.00 0.00 0.00 0.00 0.00 0.00 0.00 0.00 0.00 0.00 0.00 0.00 0.00 0.00 0.00 0.00 0.00 0.00 0.00 0.00 0.00 0.00 0.00 0.00 0.00 0.00 0.00 0.00 0.00 0.00 0.00 0.00 0.00 0.00 0.00 0.00 0.00 0.00 0.00 0.00 0.00 0.00 0.00 0.00 0.00 0.00 0.00 0.00 0.00 0.00 0.00 0.00 0.00 0.00 0.00 0.00 0.00 0.00 0.00 0.00 0.00 0.00 0.00 0.00 0.00 0.00 0.00 0.00 0.00 0.00 0.00 0.00 0.00 0.00 0.00 0.00 0.00 0.00 0.00 0.00 0.00 0.00 0.00 0.00 0.00 0.00 0.00 0.00 0.00 0.00 0.00 0.00 0.00 0.00 0.00 0.00 0.00 0.00 0.00 0.00 0.00 0.00 0.00 0.00 0.00 0.00 0.00 0.00 0.00 0.00 0.00 0.00 0.00 0.00 0.00 0.00 0.00 0.00 0.00 0.00 0.00 0.00 0.00 0.00 0.00 0.00 0.00 0.00 0.00 0.00 0.00 0.00 0.00 0.00 0.00 0.00 0.00 0.00 0.00 0.00 0.00 0.00 0.00 0.00 0.00 0.00 0.00 0.00 0.00 0.00 0.00 0.00 0.00 0.00 0.00 0.00 0.00 0.00 0.00 0.00 0.00 0.00 0.00 0.00 0.00 0.00 0.00 0.00 0.00 0.00 0.00 0.00 0.00 0.00 0.00 0.00 0.00 0.00 0.00 0.00 0.00 0.00 0.00 0.00 0.00 0.00 0.00 0.00 0.00 0.00 0.00 0.00 0.00 0.00 0.00 0.00 0.00 0.00 0.00 0.00 0.00 0.00 0.00 0.00 0.00 0.00 0.00 0.00 0.00 0.00 0.00 0.00 0.00 0.00 0.00 0.00 0.00 0.00 0.00 0.00 0.00 0.00 0.00 0.00 0.00 0.00 0.00 0.00 0.00 0.00 0.00 0.00 0.00 0.00 0.00 0.00 0.00 0.00 0.00 0.00 0.00 0.00 0.00 0.00 0.00 0.00 0.00 0.00 0.00 0.00 0.00 0.00 0.00 0.00 0.00 0.00 0.00 0.00 0.00 0.00 0.00 0.00 0.00 0.00 0.00 0.00 0.00 0.00 0.00 0.00 0.00 0.00 0.00 0.00 0.00 0.00 0.00 0.00 0.00 0.00 0.00 0.00 0.00 0.00 0.00 0.00 0.00 0.00 0.00 0.00 0.00 0.00 0.00 0.00 0.00 0.00 0.00 0.00 0.00 0.00 0.00 0.00 0.00 0.00 0.00 0.00 0.00 0.00 0.00 0.00 0.00 0.00 0.00 0.00 0.00 0.00 0.00 0.00 0.00 0.00 0.00 0.00 0.00 0.00 0.00 0.00 0.00 0.00 0.00 0.00 0.00 0.00 0.00 0.00 0.00 0.00 0.00 0.00 0.00 0.00 0.00 0.00 0.00 0.00 0.00 0.00 0.00 0.00 0.00 0.00 0.00 0.00 0.00 0.00 0.00 0.00 0.00 0.00 0.00 0.00 0.00 0.00 0.00 0.00 0.00 0.00 0.00 0.00 0.00 0.00 0.00 0.00 0.00 0.00 0.00 0.00 0.00 0.00 0.00 0.00 0.00 0.00 0.00 0.00 0.00 0.00 0.00 0.00 0.00 0.00 0.00 0.00 0.00 0.00 0.00 0.00 0.00 0.00 0.00 0.00 0.00 0.00 0.00 0.00 0.00 0.00 0.00 0.00 0.00 0.00 0.00 0.00 0.00 0.00 0.00 0.00 0.00 0.00 0.00 0.00 0.00 0.00 0.00 0.00 0.00 0.00 0.00 0.00 0.00 0.00 0.00 0.00 0.00 0.00 0.00 0.00 0.00 0.00 0.00 0.00 0.00 0.00 0.00 0.00 0.00 0.00 0.00 0.00 0.00 0.00 0.00 0.00 0.00 0.00 0.00 0.00 0.00 0.00 0.00 0.00 0.00 0.00 0.00 0.00 0.00 0.00 0.00 0.00 0.00 0.00 0.00 0.00 0.00 0.00 0.00 0.00 0.00 0.00 0.00 0.00 0.00 0.00 0.00 0.00 0.00 0.00 0.00 0.00 0.00 0.00 0.00 0.00 0.00 0.00 0.00 0.00 0.00 0.00 0.00 0.00 0.00 0.00 0.00 0.00 0.00 0.00 0.00 0.00 0.00 0.00 0.00 0.00 0.00 0.00 0.00 0.00 0.00 0.00 0.00 0.00 0.00 0.00 0.00 0.00 0.00 0.00 0.00 0.00 0.00 0.00 0.00 0.00 0.00 0.00 0.00 0.00 0.00 0.00 0.00 0.00 0.00 0.00 0.00 0.00 0.00 0.00 0.00 0.00 0.00 0.00 0.00 0.00 0.00 0.00 0.00 0.00 0.00 0.00 0.00 0.00 0.00 0.00 0.00 0.00 0.00 0.00 0.00 0.00 0.00 0.00 0.00 0.00 0.00 0.00 0.00 0.00 0.00 0.00 0.00 0.00 0.00 0.00 0.00 0.00 0.00 0.00 0.00 0.00 0.00 0.00 0.00 0.00 0.00 0.00 0.00 0.00 0.00 0.00 0.00 0.00 0.00 0.00 0.00 0.00 0.00 0.00 0.00 0.00 0.00 0.00 0.00 0.00 0.00 0.00 0.00 0.00 0.00 0.00 0.00 0.00 0.00 0.00 0.00 0.00 0.00 0.00 0.00 0.00 0.00 0.00 0.00 0.00 0.00 0.00 0.00 0.00 0.00 0.00 0.00 0.00 0.00 0.00 0.00 0.00 0.00 0.00 0.00 0.00 0.00 0.00 0.00 0.00 0.00 0.00 0.00 0.00 0.00 0.00 0.00 0.00 0.00 0.00 0.00 0.00 0.00 0.00 0.00 0.00 0.00 0.00 0.00 0.00 0.00 0.00 0.00 0.00 0.00 0.00 0.00 0.00 0.00 0.00 0.00 0.00 0.00 0.00 0.00 0.00 0.00 0.00 0.00 0.00 0.00 0.00 0.00 0.00 0.00 0.00 0.00 0.00 0.00 0.00 0.00 0.00 0.00 0.00 0.00 0.00 0.00 0.00 0.00 0.00 0.00 0.00 0.00
height.size=902
height.data=8115.09 8115.09 8115.09 8115.09 8115.09 8115.09 8115.09 8115.09 8115.09 8115.09 8115.09 8129.06 8129.06 8129.06 8129.06 8129.06 8129.06 8129.06 8129.06 8129.06 8129.06 8129.06 8143.04 8143.04 8143.04 8143.04 8143.04 8143.04 8143.04 8143.04 8143.04 8143.04 8143.04 8157.03 8157.03 8157.03 8157.03 8157.03 8157.03 8157.03 8157.03 8157.03 8157.03 8157.03 8171.03 8171.03 8171.03 8171.03 8171.03 8171.03 8171.03 8171.03 8171.03 8171.03 8171.03 8185.04 8185.04 8185.04 8185.04 8185.04 8185.04 8185.04 8185.04 8185.04 8185.04 8185.04 8199.05 8199.05 8199.05 8199.05 8199.05 8199.05 8199.05 8199.05 8199.05 8199.05 8199.05 8213.07 8213.07 8213.07 8213.07 8213.07 8213.07 8213.07 8213.07 8213.07 8213.07 8213.07 8227.10 8227.10 8227.10 8227.10 8227.10 8227.10 8227.10 8227.10 8227.10 8227.10 8227.10 8241.13 8241.13 8241.13 8241.13 8241.13 8241.13 8241.13 8241.13 8241.13 8241.13 8241.13 8255.17 8255.17 8255.17 8255.17 8255.17 8255.17 8255.17 8255.17 8255.17 8255.17 8255.17 8269.22 8269.22 8269.22 8269.22 8269.22 8269.22 8269.22 8269.22 8269.22 8269.22 8269.22 8283.28 8283.28 8283.28 8283.28 8283.28 8283.28 8283.28 8283.28 8283.28 8283.28 8283.28 8297.34 8297.34 8297.34 8297.34 8297.34 8297.34 8297.34 8297.34 8297.34 8297.34 8297.34 8311.41 8311.41 8311.41 8311.41 8311.41 8311.41 8311.41 8311.41 8311.41 8311.41 8311.41 8325.49 8325.49 8325.49 8325.49 8325.49 8325.49 8325.49 8325.49 8325.49 8325.49 8325.49 8339.58 8339.58 8339.58 8339.58 8339.58 8339.58 8339.58 8339.58 8339.58 8339.58 8339.58 8353.67 8353.67 8353.67 8353.67 8353.67 8353.67 8353.67 8353.67 8353.67 8353.67 8353.67 8367.77 8367.77 8367.77 8367.77 8367.77 8367.77 8367.77 8367.77 8367.77 8367.77 8367.77 8381.88 8381.88 8381.88 8381.88 8381.88 8381.88 8381.88 8381.88 8381.88 8381.88 8381.88 8395.99 8395.99 8395.99 8395.99 8395.99 8395.99 8395.99 8395.99 8395.99 8395.99 8395.99 8410.12 8410.12 8410.12 8410.12 8410.12 8410.12 8410.12 8410.12 8410.12 8410.12 8410.12 8424.25 8424.25 8424.25 8424.25 8424.25 8424.25 8424.25 8424.25 8424.25 8424.25 8424.25 8438.38 8438.38 8438.38 8438.38 8438.38 8438.38 8438.38 8438.38 8438.38 8438.38 8438.38 8452.53 8452.53 8452.53 8452.53 8452.53 8452.53 8452.53 8452.53 8452.53 8452.53 8452.53 8466.68 8466.68 8466.68 8466.68 8466.68 8466.68 8466.68 8466.68 8466.68 8466.68 8466.68 8480.84 8480.84 8480.84 8480.84 8480.84 8480.84 8480.84 8480.84 8480.84 8480.84 8480.84 8495.00 8495.00 8495.00 8495.00 8495.00 8495.00 8495.00 8495.00 8495.00 8495.00 8495.00 8509.18 8509.18 8509.18 8509.18 8509.18 8509.18 8509.18 8509.18 8509.18 8509.18 8509.18 8523.36 8523.36 8523.36 8523.36 8523.36 8523.36 8523.36 8523.36 8523.36 8523.36 8523.36 8537.55 8537.55 8537.55 8537.55 8537.55 8537.55 8537.55 8537.55 8537.55 8537.55 8537.55 8551.74 8551.74 8551.74 8551.74 8551.74 8551.74 8551.74 8551.74 8551.74 8551.74 8551.74 8565.95 8565.95 8565.95 8565.95 8565.95 8565.95 8565.95 8565.95 8565.95 8565.95 8565.95 8580.16 8580.16 8580.16 8580.16 8580.16 8580.16 8580.16 8580.16 8580.16 8580.16 8580.16 8594.37 8594.37 8594.37 8594.37 8594.37 8594.37 8594.37 8594.37 8594.37 8594.37 8594.37 8608.60 8608.60 8608.60 8608.60 8608.60 8608.60 8608.60 8608.60 8608.60 8608.60 8608.60 8622.83 8622.83 8622.83 8622.83 8622.83 8622.83 8622.83 8622.83 8622.83 8622.83 8622.83 8637.07 8637.07 8637.07 8637.07 8637.07 8637.07 8637.07 8637.07 8637.07 8637.07 8637.07 8651.32 8651.32 8651.32 8651.32 8651.32 8651.32 8651.32 8651.32 8651.32 8651.32 8651.32 8665.57 8665.57 8665.57 8665.57 8665.57 8665.57 8665.57 8665.57 8665.57 8665.57 8665.57 8679.83 8679.83 8679.83 8679.83 8679.83 8679.83 8679.83 8679.83 8679.83 8679.83 8679.83 8694.10 8694.10 8694.10 8694.10 8694.10 8694.10 8694.10 8694.10 8694.10 8694.10 8694.10 8708.38 8708.38 8708.38 8708.38 8708.38 8708.38 8708.38 8708.38 8708.38 8708.38 8708.38 8722.66 8722.66 8722.66 8722.66 8722.66 8722.66 8722.66 8722.66 8722.66 8722.66 8722.66 8736.95 8736.95 8736.95 8736.95 8736.95 8736.95 8736.95 8736.95 8736.95 8736.95 8736.95 8751.25 8751.25 8751.25 8751.25 8751.25 8751.25 8751.25 8751.25 8751.25 8751.25 8751.25 8765.56 8765.56 8765.56 8765.56 8765.56 8765.56 8765.56 8765.56 8765.56 8765.56 8765.56 8779.87 8779.87 8779.87 8779.87 8779.87 8779.87 8779.87 8779.87 8779.87 8779.87 8779.87 8794.19 8794.19 8794.19 8794.19 8794.19 8794.19 8794.19 8794.19 8794.19 8794.19 8794.19 8808.52 8808.52 8808.52 8808.52 8808.52 8808.52 8808.52 8808.52 8808.52 8808.52 8808.52 8822.85 8822.85 8822.85 8822.85 8822.85 8822.85 8822.85 8822.85 8822.85 8822.85 8822.85 8837.19 8837.19 8837.19 8837.19 8837.19 8837.19 8837.19 8837.19 8837.19 8837.19 8837.19 8851.54 8851.54 8851.54 8851.54 8851.54 8851.54 8851.54 8851.54 8851.54 8851.54 8851.54 8865.90 8865.90 8865.90 8865.90 8865.90 8865.90 8865.90 8865.90 8865.90 8865.90 8865.90 8880.26 8880.26 8880.26 8880.26 8880.26 8880.26 8880.26 8880.26 8880.26 8880.26 8880.26 8894.64 8894.64 8894.64 8894.64 8894.64 8894.64 8894.64 8894.64 8894.64 8894.64 8894.64 8909.01 8909.01 8909.01 8909.01 8909.01 8909.01 8909.01 8909.01 8909.01 8909.01 8909.01 8923.40 8923.40 8923.40 8923.40 8923.40 8923.40 8923.40 8923.40 8923.40 8923.40 8923.40 8937.79 8937.79 8937.79 8937.79 8937.79 8937.79 8937.79 8937.79 8937.79 8937.79 8937.79 8952.19 8952.19 8952.19 8952.19 8952.19 8952.19 8952.19 8952.19 8952.19 8952.19 8952.19 8966.60 8966.60 8966.60 8966.60 8966.60 8966.60 8966.60 8966.60 8966.60 8966.60 8966.60 8981.02 8981.02 8981.02 8981.02 8981.02 8981.02 8981.02 8981.02 8981.02 8981.02 8981.02 8995.44 8995.44 8995.44 8995.44 8995.44 8995.44 8995.44 8995.44 8995.44 8995.44 8995.44 9009.87 9009.87 9009.87 9009.87 9009.87 9009.87 9009.87 9009.87 9009.87 9009.87 9009.87 9024.31 9024.31 9024.31 9024.31 9024.31 9024.31 9024.31 9024.31 9024.31 9024.31 9024.31 9038.75 9038.75 9038.75 9038.75 9038.75 9038.75 9038.75 9038.75 9038.75 9038.75 9038.75 9053.21 9053.21 9053.21 9053.21 9053.21 9053.21 9053.21 9053.21 9053.21 9053.21 9053.21 9067.66 9067.66 9067.66 9067.66 9067.66 9067.66 9067.66 9067.66 9067.66 9067.66 9067.66 9082.13 9082.13 9082.13 9082.13 9082.13 9082.13 9082.13 9082.13 9082.13 9082.13 9082.13 9096.61 9096.61 9096.61 9096.61 9096.61 9096.61 9096.61 9096.61 9096.61 9096.61 9096.61 9111.09 9111.09 9111.09 9111.09 9111.09 9111.09 9111.09 9111.09 9111.09 9111.09 9111.09 9125.58 9125.58 9125.58 9125.58 9125.58 9125.58 9125.58 9125.58 9125.58 9125.58 9125.58 9140.07 9140.07 9140.07 9140.07 9140.07 9140.07 9140.07 9140.07 9140.07 9140.07 9140.07 9154.57 9154.57 9154.57 9154.57 9154.57 9154.57 9154.57 9154.57 9154.57 9154.57 9154.57 9169.09 9169.09 9169.09 9169.09 9169.09 9169.09 9169.09 9169.09 9169.09 9169.09 9169.09 9183.60 9183.60 9183.60 9183.60 9183.60 9183.60 9183.60 9183.60 9183.60 9183.60 9183.60 9198.13 9198.13 9198.13 9198.13 9198.13 9198.13 9198.13 9198.13 9198.13 9198.13 9198.13 9212.66 9212.66 9212.66 9212.66 9212.66 9212.66 9212.66 9212.66 9212.66 9212.66 9212.66 9227.20 9227.20 9227.20 9227.20 9227.20 9227.20 9227.20 9227.20 9227.20 9227.20 9227.20 9241.75 9241.75 9241.75 9241.75 9241.75 9241.75 9241.75 9241.75 9241.75 9241.75 9241.75 9256.30 9256.30 9256.30 9256.30 9256.30 9256.30 9256.30 9256.30 9256.30 9256.30 9256.30 9270.86 9270.86 9270.86 9270.86 9270.86 9270.86 9270.86 9270.86 9270.86 9270.86 9270.86
=== END RADAR_SCAN ===

=== BEGIN RADAR_SCAN ===
scan.index=5
scan.time=96.330000
radar.id=0
radar.frequency=C
radar.scanning_mode=PPI
radar.x=0.000
radar.y=0.000
radar.z=25.000
radar.maximum_range=250000.000
radar.range_resolution=250.000
radar.angular_resolution=1.000000
box.radar_id=0
box.min_range_gate=715.000
box.max_range_gate=796.000
box.min_angle=102.000000
box.max_angle=113.000000
box.num_ranges=82
box.num_angles=11
box.range_resolution=250.000
box.angular_resolution=1.000000
box.other_angle=0.800000
grid.size=902
grid.data=0.00 0.00 0.00 0.00 0.00 0.00 0.00 0.00 0.00 0.00 0.00 0.00 0.00 0.00 0.00 0.00 0.00 37.46 0.00 0.00 0.00 0.00 0.00 0.00 0.00 0.00 0.00 37.54 35.29 0.00 0.00 0.00 0.00 0.00 0.00 0.00 0.00 0.00 37.72 38.85 0.00 0.00 0.00 0.00 0.00 0.00 0.00 0.00 0.00 32.51 33.36 0.00 0.00 0.00 0.00 0.00 0.00 0.00 0.00 0.00 33.65 35.95 0.00 0.00 0.00 0.00 0.00 0.00 0.00 0.00 33.71 36.63 35.89 34.20 0.00 0.00 0.00 0.00 0.00 0.00 0.00 35.05 38.49 35.12 38.33 0.00 0.00 0.00 0.00 0.00 0.00 0.00 36.71 36.23 38.64 38.26 0.00 0.00 0.00 0.00 0.00 0.00 0.00 38.33 41.08 32.95 34.73 0.00 0.00 0.00 0.00 0.00 0.00 0.00 33.62 33.12 38.20 27.06 0.00 0.00 0.00 0.00 0.00 0.00 0.00 34.44 33.96 33.65 32.38 0.00 0.00 0.00 0.00 0.00 0.00 0.00 32.09 33.50 30.73 33.40 0.00 0.00 0.00 0.00 0.00 0.00 0.00 42.17 39.55 33.09 34.91 0.00 0.00 0.00 0.00 0.00 0.00 0.00 35.02 29.54 33.62 32.09 0.00 0.00 0.00 0.00 0.00 0.00 0.00 33.93 36.57 31.58 34.77 0.00 0.00 0.00 0.00 0.00 0.00 0.00 33.11 36.55 30.88 35.03 0.00 0.00 0.00 0.00 0.00 0.00 0.00 28.33 35.06 36.27 35.30 32.70 0.00 0.00 0.00 0.00 0.00 30.25 32.94 35.67 35.27 38.47 36.30 0.00 0.00 0.00 0.00 0.00 33.43 35.95 38.44 35.39 30.56 34.32 0.00 0.00 0.00 0.00 0.00 35.51 32.89 31.40 31.17 32.27 32.59 0.00 0.00 0.00 0.00 0.00 34.98 30.65 36.00 32.59 34.57 35.20 0.00 0.00 0.00 0.00 0.00 35.03 32.88 32.67 35.59 30.38 30.50 0.00 0.00 0.00 0.00 0.00 32.50 35.76 30.42 32.95 37.89 32.54 0.00 0.00 0.00 0.00 0.00 31.98 32.59 32.83 34.97 38.06 25.04 0.00 0.00 0.00 0.00 0.00 30.13 32.54 33.67 31.89 34.78 29.99 0.00 0.00 0.00 0.00 0.00 32.73 32.50 30.52 30.84 35.64 33.00 0.00 0.00 0.00 0.00 0.00 34.99 34.04 36.78 31.26 29.56 33.26 0.00 0.00 0.00 0.00 0.00 35.18 28.55 30.11 34.08 32.32 28.04 0.00 0.00 0.00 0.00 0.00 35.09 34.95 30.62 30.10 33.36 27.92 0.00 0.00 0.00 0.00 0.00 34.22 30.81 35.27 35.31 36.91 31.86 0.00 0.00 0.00 0.00 0.00 36.23 26.80 33.37 31.96 32.90 36.78 0.00 0.00 0.00 0.00 0.00 32.00 34.14 34.59 33.40 30.85 34.69 0.00 0.00 0.00 0.00 0.00 34.76 33.64 32.25 34.89 34.92 33.33 0.00 0.00 0.00 0.00 0.00 31.65 31.87 31.56 31.57 39.86 36.80 0.00 0.00 0.00 0.00 0.00 34.36 31.24 32.04 31.83 28.41 34.38 0.00 0.00 0.00 0.00 0.00 33.44 27.61 32.23 33.07 36.05 31.38 0.00 0.00 0.00 0.00 0.00 35.58 35.67 34.84 31.46 32.45 32.69 0.00 0.00 0.00 0.00 0.00 33.54 27.23 30.06 30.98 29.83 34.26 0.00 0.00 0.00 0.00 0.00 34.01 30.92 31.41 31.12 32.13 34.68 0.00 0.00 0.00 0.00 0.00 30.52 36.75 29.47 36.75 29.08 28.09 0.00 0.00 0.00 0.00 0.00 32.04 28.03 31.88 33.28 32.47 31.81 0.00 0.00 0.00 0.00 0.00 29.29 34.38 31.91 27.53 30.84 29.95 0.00 0.00 0.00 0.00 0.00 30.82 34.71 28.65 30.27 30.30 31.07 0.00 0.00 0.00 0.00 0.00 33.72 28.99 31.07 31.99 27.43 33.11 0.00 0.00 0.00 0.00 0.00 35.00 31.65 30.89 35.24 29.86 36.59 0.00 0.00 0.00 0.00 0.00 31.08 33.53 31.63 30.38 32.43 31.39 0.00 0.00 0.00 0.00 0.00 31.95 36.27 29.17 29.48 28.75 32.71 0.00 0.00 0.00 0.00 0.00 34.29 29.86 25.34 28.90 31.92 34.74 0.00 0.00 0.00 0.00 0.00 35.14 30.36 32.94 29.54 31.09 30.49 0.00 0.00 0.00 0.00 0.00 30.77 36.54 33.52 29.16 32.51 30.32 0.00 0.00 0.00 0.00 0.00 28.59 34.75 31.96 27.89 29.48 32.18 0.00 0.00 0.00 0.00 0.00 28.47 25.10 28.33 32.07 29.29 32.63 0.00 0.00 0.00 0.00 0.00 32.53 28.69 29.78 30.20 31.25 31.21 0.00 0.00 0.00 0.00 0.00 28.41 35.85 27.34 27.68 27.01 30.26 0.00 0.00 0.00 0.00 0.00 24.81 26.48 29.55 29.96 30.32 34.70 0.00 0.00 0.00 0.00 0.00 26.34 29.26 33.84 30.08 27.78 28.47 0.00 0.00 0.00 0.00 0.00 30.72 31.23 28.63 29.94 32.98 27.05 0.00 0.00 0.00 0.00 0.00 30.75 26.33 30.99 28.94 26.86 32.05 0.00 0.00 0.00 0.00 0.00 31.05 28.52 33.27 29.59 29.15 31.19 0.00 0.00 0.00 0.00 0.00 30.98 32.43 28.94 29.85 29.36 29.42 0.00 0.00 0.00 0.00 0.00 30.71 30.07 34.85 28.31 27.94 31.19 0.00 0.00 0.00 0.00 0.00 0.00 26.80 25.82 33.90 27.06 27.71 0.00 0.00 0.00 0.00 0.00 0.00 29.74 25.78 27.61 28.74 27.68 0.00 0.00 0.00 0.00 0.00 0.00 28.62 31.13 31.18 29.38 0.00 0.00 0.00 0.00 0.00 0.00 0.00 28.16 29.97 34.67 25.53 0.00 0.00 0.00 0.00 0.00 0.00 0.00 28.82 26.08 22.85 29.49 0.00 0.00 0.00 0.00 0.00 0.00 0.00 25.61 28.52 27.57 28.68 0.00 0.00 0.00 0.00 0.00 0.00 0.00 31.65 26.53 27.99 30.93 0.00 0.00 0.00 0.00 0.00 0.00 0.00 26.44 28.92 33.20 26.23 0.00 0.00 0.00 0.00 0.00 0.00 0.00 25.74 31.15 27.51 27.69 0.00 0.00 0.00 0.00 0.00 0.00 0.00 28.91 28.69 28.77 27.25 0.00 0.00 0.00 0.00 0.00 0.00 0.00 26.89 23.76 25.19 27.96 0.00 0.00 0.00 0.00 0.00 0.00 0.00 27.60 29.44 27.57 27.97 0.00 0.00 0.00 0.00 0.00 0.00 0.00 26.92 30.62 27.86 28.41 0.00 0.00 0.00 0.00 0.00 0.00 0.00 0.00 24.50 32.90 25.43 0.00 0.00 0.00 0.00 0.00 0.00 0.00 0.00 24.40 27.98 0.00 0.00 0.00 0.00 0.00 0.00 0.00 0.00 0.00 27.31 30.15 0.00 0.00 0.00 0.00 0.00 0.00 0.00 0.00 0.00 24.80 27.13 0.00 0.00 0.00 0.00 0.00 0.00 0.00 0.00 0.00 32.04 31.89 0.00 0.00 0.00 0.00 0.00 0.00 0.00 0.00 0.00 0.00 30.06 0.00 0.00 0.00 0.00 0.00 0.00 0.00 0.00 0.00 0.00 0.00 0.00 0.00 0.00 0.00
rain_type.data=0 0 0 0 0 0 0 0 0 0 0 0 0 0 0 0 0 1 0 0 0 0 0 0 0 0 0 1 1 0 0 0 0 0 0 0 0 0 1 1 0 0 0 0 0 0 0 0 0 1 1 0 0 0 0 0 0 0 0 0 1 1 0 0 0 0 0 0 0 0 1 1 1 1 0 0 0 0 0 0 0 1 1 1 1 0 0 0 0 0 0 0 1 1 1 1 0 0 0 0 0 0 0 1 1 1 1 0 0 0 0 0 0 0 1 1 1 1 0 0 0 0 0 0 0 1 1 1 1 0 0 0 0 0 0 0 1 1 1 1 0 0 0 0 0 0 0 1 1 1 1 0 0 0 0 0 0 0 1 1 1 1 0 0 0 0 0 0 0 2 1 1 1 0 0 0 0 0 0 0 2 1 1 1 0 0 0 0 0 0 0 2 1 1 1 1 0 0 0 0 0 1 2 1 1 1 1 0 0 0 0 0 1 2 2 1 1 1 0 0 0 0 0 1 2 2 1 1 1 0 0 0 0 0 2 2 2 1 1 1 0 0 0 0 0 2 2 2 1 1 1 0 0 0 0 0 2 2 2 1 1 1 0 0 0 0 0 2 2 2 1 1 1 0 0 0 0 0 2 2 2 1 1 1 0 0 0 0 0 2 2 2 1 1 1 0 0 0 0 0 2 2 2 1 1 1 0 0 0 0 0 2 2 2 1 1 1 0 0 0 0 0 2 2 2 1 1 1 0 0 0 0 0 2 2 2 1 1 1 0 0 0 0 0 2 2 2 1 1 1 0 0 0 0 0 2 2 2 1 1 1 0 0 0 0 0 2 2 2 1 1 1 0 0 0 0 0 2 2 2 1 1 1 0 0 0 0 0 2 2 2 1 1 1 0 0 0 0 0 2 2 2 1 1 1 0 0 0 0 0 2 2 2 1 1 1 0 0 0 0 0 2 2 2 1 1 1 0 0 0 0 0 2 2 2 1 1 1 0 0 0 0 0 2 2 2 1 1 1 0 0 0 0 0 2 2 2 1 1 1 0 0 0 0 0 2 2 2 1 1 1 0 0 0 0 0 2 2 2 1 1 1 0 0 0 0 0 2 2 2 1 1 1 0 0 0 0 0 2 2 2 1 1 1 0 0 0 0 0 2 2 2 1 1 1 0 0 0 0 0 2 2 2 1 1 1 0 0 0 0 0 2 2 2 1 1 1 0 0 0 0 0 1 2 2 1 1 1 0 0 0 0 0 1 2 2 1 1 1 0 0 0 0 0 1 2 1 1 1 1 0 0 0 0 0 1 2 1 1 1 1 0 0 0 0 0 1 2 1 1 1 1 0 0 0 0 0 1 2 1 1 1 1 0 0 0 0 0 1 1 1 1 1 1 0 0 0 0 0 1 1 1 1 1 1 0 0 0 0 0 1 1 1 1 1 1 0 0 0 0 0 1 1 1 1 1 1 0 0 0 0 0 1 1 1 1 1 1 0 0 0 0 0 1 1 1 1 1 1 0 0 0 0 0 1 1 1 1 1 1 0 0 0 0 0 0 1 1 1 1 1 0 0 0 0 0 0 1 1 1 1 1 0 0 0 0 0 0 1 1 1 1 0 0 0 0 0 0 0 1 1 1 1 0 0 0 0 0 0 0 1 1 1 1 0 0 0 0 0 0 0 1 1 1 1 0 0 0 0 0 0 0 1 1 1 1 0 0 0 0 0 0 0 1 1 1 1 0 0 0 0 0 0 0 1 1 1 1 0 0 0 0 0 0 0 1 1 1 1 0 0 0 0 0 0 0 1 1 1 1 0 0 0 0 0 0 0 1 1 1 1 0 0 0 0 0 0 0 1 1 1 1 0 0 0 0 0 0 0 0 1 1 1 0 0 0 0 0 0 0 0 1 1 0 0 0 0 0 0 0 0 0 1 1 0 0 0 0 0 0 0 0 0 1 1 0 0 0 0 0 0 0 0 0 1 1 0 0 0 0 0 0 0 0 0 0 1 0 0 0 0 0 0 0 0 0 0 0 0 0 0 0
estimated_attenuation.size=902
estimated_attenuation.data=0.00 0.00 0.00 0.00 0.00 0.00 0.00 0.00 0.00 0.00 0.00 0.00 0.00 0.00 0.00 0.00 0.00 0.00 0.00 0.00 0.00 0.00 0.00 0.00 0.00 0.00 0.00 0.00 0.00 0.00 0.00 0.00 0.00 0.00 0.00 0.00 0.00 0.00 0.00 0.00 0.00 0.00 0.00 0.00 0.00 0.00 0.00 0.00 0.00 0.00 0.00 0.00 0.00 0.00 0.00 0.00 0.00 0.00 0.00 0.00 0.00 0.00 0.00 0.00 0.00 0.00 0.00 0.00 0.00 0.00 0.00 0.00 0.00 0.00 0.00 0.00 0.00 0.00 0.00 0.00 0.00 0.00 0.00 0.00 0.00 0.00 0.00 0.00 0.00 0.00 0.00 0.00 0.00 0.00 0.00 0.00 0.00 0.00 0.00 0.00 0.00 0.00 0.00 0.00 0.00 0.00 0.00 0.00 0.00 0.00 0.00 0.00 0.00 0.00 0.00 0.00 0.00 0.00 0.00 0.00 0.00 0.00 0.00 0.00 0.00 0.00 0.00 0.00 0.00 0.00 0.00 0.00 0.00 0.00 0.00 0.00 0.00 0.00 0.00 0.00 0.00 0.00 0.00 0.00 0.00 0.00 0.00 0.00 0.00 0.00 0.00 0.00 0.00 0.00 0.00 0.00 0.00 0.00 0.00 0.00 0.00 0.00 0.00 0.00 0.00 0.00 0.00 0.00 0.00 0.00 0.00 0.00 0.00 0.00 0.00 0.00 0.00 0.00 0.00 0.00 0.00 0.00 0.00 0.00 0.00 0.00 0.00 0.00 0.00 0.00 0.00 0.00 0.00 0.00 0.00 0.00 0.00 0.00 0.00 0.00 0.00 0.00 0.00 0.00 0.00 0.00 0.00 0.00 0.00 0.00 0.00 0.00 0.00 0.00 0.00 0.00 0.00 0.00 0.00 0.00 0.00 0.00 0.00 0.00 0.00 0.00 0.00 0.00 0.00 0.00 0.00 0.00 0.00 0.00 0.00 0.00 0.00 0.00 0.00 0.00 0.00 0.00 0.00 0.00 0.00 0.00 0.00 0.00 0.00 0.00 0.00 0.00 0.00 0.00 0.00 0.00 0.00 0.00 0.00 0.00 0.00 0.00 0.00 0.00 0.00 0.00 0.00 0.00 0.00 0.00 0.00 0.00 0.00 0.00 0.00 0.00 0.00 0.00 0.00 0.00 0.00 0.00 0.00 0.00 0.00 0.00 0.00 0.00 0.00 0.00 0.00 0.00 0.00 0.00 0.00 0.00 0.00 0.00 0.00 0.00 0.00 0.00 0.00 0.00 0.00 0.00 0.00 0.00 0.00 0.00 0.00 0.00 0.00 0.00 0.00 0.00 0.00 0.00 0.00 0.00 0.00 0.00 0.00 0.00 0.00 0.00 0.00 0.00 0.00 0.00 0.00 0.00 0.00 0.00 0.00 0.00 0.00 0.00 0.00 0.00 0.00 0.00 0.00 0.00 0.00 0.00 0.00 0.00 0.00 0.00 0.00 0.00 0.00 0.00 0.00 0.00 0.00 0.00 0.00 0.00 0.00 0.00 0.00 0.00 0.00 0.00 0.00 0.00 0.00 0.00 0.00 0.00 0.00 0.00 0.00 0.00 0.00 0.00 0.00 0.00 0.00 0.00 0.00 0.00 0.00 0.00 0.00 0.00 0.00 0.00 0.00 0.00 0.00 0.00 0.00 0.00 0.00 0.00 0.00 0.00 0.00 0.00 0.00 0.00 0.00 0.00 0.00 0.00 0.00 0.00 0.00 0.00 0.00 0.00 0.00 0.00 0.00 0.00 0.00 0.00 0.00 0.00 0.00 0.00 0.00 0.00 0.00 0.00 0.00 0.00 0.00 0.00 0.00 0.00 0.00 0.00 0.00 0.00 0.00 0.00 0.00 0.00 0.00 0.00 0.00 0.00 0.00 0.00 0.00 0.00 0.00 0.00 0.00 0.00 0.00 0.00 0.00 0.00 0.00 0.00 0.00 0.00 0.00 0.00 0.00 0.00 0.00 0.00 0.00 0.00 0.00 0.00 0.00 0.00 0.00 0.00 0.00 0.00 0.00 0.00 0.00 0.00 0.00 0.00 0.00 0.00 0.00 0.00 0.00 0.00 0.00 0.00 0.00 0.00 0.00 0.00 0.00 0.00 0.00 0.00 0.00 0.00 0.00 0.00 0.00 0.00 0.00 0.00 0.00 0.00 0.00 0.00 0.00 0.00 0.00 0.00 0.00 0.00 0.00 0.00 0.00 0.00 0.00 0.00 0.00 0.00 0.00 0.00 0.00 0.00 0.00 0.00 0.00 0.00 0.00 0.00 0.00 0.00 0.00 0.00 0.00 0.00 0.00 0.00 0.00 0.00 0.00 0.00 0.00 0.00 0.00 0.00 0.00 0.00 0.00 0.00 0.00 0.00 0.00 0.00 0.00 0.00 0.00 0.00 0.00 0.00 0.00 0.00 0.00 0.00 0.00 0.00 0.00 0.00 0.00 0.00 0.00 0.00 0.00 0.00 0.00 0.00 0.00 0.00 0.00 0.00 0.00 0.00 0.00 0.00 0.00 0.00 0.00 0.00 0.00 0.00 0.00 0.00 0.00 0.00 0.00 0.00 0.00 0.00 0.00 0.00 0.00 0.00 0.00 0.00 0.00 0.00 0.00 0.00 0.00 0.00 0.00 0.00 0.00 0.00 0.00 0.00 0.00 0.00 0.00 0.00 0.00 0.00 0.00 0.00 0.00 0.00 0.00 0.00 0.00 0.00 0.00 0.00 0.00 0.00 0.00 0.00 0.00 0.00 0.00 0.00 0.00 0.00 0.00 0.00 0.00 0.00 0.00 0.00 0.00 0.00 0.00 0.00 0.00 0.00 0.00 0.00 0.00 0.00 0.00 0.00 0.00 0.00 0.00 0.00 0.00 0.00 0.00 0.00 0.00 0.00 0.00 0.00 0.00 0.00 0.00 0.00 0.00 0.00 0.00 0.00 0.00 0.00 0.00 0.00 0.00 0.00 0.00 0.00 0.00 0.00 0.00 0.00 0.00 0.00 0.00 0.00 0.00 0.00 0.00 0.00 0.00 0.00 0.00 0.00 0.00 0.00 0.00 0.00 0.00 0.00 0.00 0.00 0.00 0.00 0.00 0.00 0.00 0.00 0.00 0.00 0.00 0.00 0.00 0.00 0.00 0.00 0.00 0.00 0.00 0.00 0.00 0.00 0.00 0.00 0.00 0.00 0.00 0.00 0.00 0.00 0.00 0.00 0.00 0.00 0.00 0.00 0.00 0.00 0.00 0.00 0.00 0.00 0.00 0.00 0.00 0.00 0.00 0.00 0.00 0.00 0.00 0.00 0.00 0.00 0.00 0.00 0.00 0.00 0.00 0.00 0.00 0.00 0.00 0.00 0.00 0.00 0.00 0.00 0.00 0.00 0.00 0.00 0.00 0.00 0.00 0.00 0.00 0.00 0.00 0.00 0.00 0.00 0.00 0.00 0.00 0.00 0.00 0.00 0.00 0.00 0.00 0.00 0.00 0.00 0.00 0.00 0.00 0.00 0.00 0.00 0.00 0.00 0.00 0.00 0.00 0.00 0.00 0.00 0.00 0.00 0.00 0.00 0.00 0.00 0.00 0.00 0.00 0.00 0.00 0.00 0.00 0.00 0.00 0.00 0.00 0.00 0.00 0.00 0.00 0.00 0.00 0.00 0.00 0.00 0.00 0.00 0.00 0.00 0.00 0.00 0.00 0.00 0.00 0.00 0.00 0.00 0.00 0.00 0.00 0.00 0.00 0.00 0.00 0.00 0.00 0.00 0.00 0.00 0.00 0.00 0.00 0.00 0.00 0.00 0.00 0.00 0.00 0.00 0.00 0.00 0.00 0.00 0.00 0.00 0.00 0.00 0.00 0.00 0.00 0.00 0.00 0.00 0.00 0.00 0.00 0.00
height.size=902
height.data=4375.29 4375.29 4375.29 4375.29 4375.29 4375.29 4375.29 4375.29 4375.29 4375.29 4375.29 4384.04 4384.04 4384.04 4384.04 4384.04 4384.04 4384.04 4384.04 4384.04 4384.04 4384.04 4392.80 4392.80 4392.80 4392.80 4392.80 4392.80 4392.80 4392.80 4392.80 4392.80 4392.80 4401.56 4401.56 4401.56 4401.56 4401.56 4401.56 4401.56 4401.56 4401.56 4401.56 4401.56 4410.33 4410.33 4410.33 4410.33 4410.33 4410.33 4410.33 4410.33 4410.33 4410.33 4410.33 4419.11 4419.11 4419.11 4419.11 4419.11 4419.11 4419.11 4419.11 4419.11 4419.11 4419.11 4427.90 4427.90 4427.90 4427.90 4427.90 4427.90 4427.90 4427.90 4427.90 4427.90 4427.90 4436.70 4436.70 4436.70 4436.70 4436.70 4436.70 4436.70 4436.70 4436.70 4436.70 4436.70 4445.50 4445.50 4445.50 4445.50 4445.50 4445.50 4445.50 4445.50 4445.50 4445.50 4445.50 4454.31 4454.31 4454.31 4454.31 4454.31 4454.31 4454.31 4454.31 4454.31 4454.31 4454.31 4463.12 4463.12 4463.12 4463.12 4463.12 4463.12 4463.12 4463.12 4463.12 4463.12 4463.12 4471.95 4471.95 4471.95 4471.95 4471.95 4471.95 4471.95 4471.95 4471.95 4471.95 4471.95 4480.78 4480.78 4480.78 4480.78 4480.78 4480.78 4480.78 4480.78 4480.78 4480.78 4480.78 4489.62 4489.62 4489.62 4489.62 4489.62 4489.62 4489.62 4489.62 4489.62 4489.62 4489.62 4498.46 4498.46 4498.46 4498.46 4498.46 4498.46 4498.46 4498.46 4498.46 4498.46 4498.46 4507.32 4507.32 4507.32 4507.32 4507.32 4507.32 4507.32 4507.32 4507.32 4507.32 4507.32 4516.18 4516.18 4516.18 4516.18 4516.18 4516.18 4516.18 4516.18 4516.18 4516.18 4516.18 4525.04 4525.04 4525.04 4525.04 4525.04 4525.04 4525.04 4525.04 4525.04 4525.04 4525.04 4533.92 4533.92 4533.92 4533.92 4533.92 4533.92 4533.92 4533.92 4533.92 4533.92 4533.92 4542.80 4542.80 4542.80 4542.80 4542.80 4542.80 4542.80 4542.80 4542.80 4542.80 4542.80 4551.69 4551.69 4551.69 4551.69 4551.69 4551.69 4551.69 4551.69 4551.69 4551.69 4551.69 4560.59 4560.59 4560.59 4560.59 4560.59 4560.59 4560.59 4560.59 4560.59 4560.59 4560.59 4569.49 4569.49 4569.49 4569.49 4569.49 4569.49 4569.49 4569.49 4569.49 4569.49 4569.49 4578.41 4578.41 4578.41 4578.41 4578.41 4578.41 4578.41 4578.41 4578.41 4578.41 4578.41 4587.32 4587.32 4587.32 4587.32 4587.32 4587.32 4587.32 4587.32 4587.32 4587.32 4587.32 4596.25 4596.25 4596.25 4596.25 4596.25 4596.25 4596.25 4596.25 4596.25 4596.25 4596.25 4605.19 4605.19 4605.19 4605.19 4605.19 4605.19 4605.19 4605.19 4605.19 4605.19 4605.19 4614.13 4614.13 4614.13 4614.13 4614.13 4614.13 4614.13 4614.13 4614.13 4614.13 4614.13 4623.08 4623.08 4623.08 4623.08 4623.08 4623.08 4623.08 4623.08 4623.08 4623.08 4623.08 4632.03 4632.03 4632.03 4632.03 4632.03 4632.03 4632.03 4632.03 4632.03 4632.03 4632.03 4640.99 4640.99 4640.99 4640.99 4640.99 4640.99 4640.99 4640.99 4640.99 4640.99 4640.99 4649.97 4649.97 4649.97 4649.97 4649.97 4649.97 4649.97 4649.97 4649.97 4649.97 4649.97 4658.94 4658.94 4658.94 4658.94 4658.94 4658.94 4658.94 4658.94 4658.94 4658.94 4658.94 4667.93 4667.93 4667.93 4667.93 4667.93 4667.93 4667.93 4667.93 4667.93 4667.93 4667.93 4676.92 4676.92 4676.92 4676.92 4676.92 4676.92 4676.92 4676.92 4676.92 4676.92 4676.92 4685.92 4685.92 4685.92 4685.92 4685.92 4685.92 4685.92 4685.92 4685.92 4685.92 4685.92 4694.93 4694.93 4694.93 4694.93 4694.93 4694.93 4694.93 4694.93 4694.93 4694.93 4694.93 4703.94 4703.94 4703.94 4703.94 4703.94 4703.94 4703.94 4703.94 4703.94 4703.94 4703.94 4712.97 4712.97 4712.97 4712.97 4712.97 4712.97 4712.97 4712.97 4712.97 4712.97 4712.97 4721.99 4721.99 4721.99 4721.99 4721.99 4721.99 4721.99 4721.99 4721.99 4721.99 4721.99 4731.03 4731.03 4731.03 4731.03 4731.03 4731.03 4731.03 4731.03 4731.03 4731.03 4731.03 4740.08 4740.08 4740.08 4740.08 4740.08 4740.08 4740.08 4740.08 4740.08 4740.08 4740.08 4749.13 4749.13 4749.13 4749.13 4749.13 4749.13 4749.13 4749.13 4749.13 4749.13 4749.13 4758.19 4758.19 4758.19 4758.19 4758.19 4758.19 4758.19 4758.19 4758.19 4758.19 4758.19 4767.25 4767.25 4767.25 4767.25 4767.25 4767.25 4767.25 4767.25 4767.25 4767.25 4767.25 4776.33 4776.33 4776.33 4776.33 4776.33 4776.33 4776.33 4776.33 4776.33 4776.33 4776.33 4785.41 4785.41 4785.41 4785.41 4785.41 4785.41 4785.41 4785.41 4785.41 4785.41 4785.41 4794.49 4794.49 4794.49 4794.49 4794.49 4794.49 4794.49 4794.49 4794.49 4794.49 4794.49 4803.59 4803.59 4803.59 4803.59 4803.59 4803.59 4803.59 4803.59 4803.59 4803.59 4803.59 4812.69 4812.69 4812.69 4812.69 4812.69 4812.69 4812.69 4812.69 4812.69 4812.69 4812.69 4821.80 4821.80 4821.80 4821.80 4821.80 4821.80 4821.80 4821.80 4821.80 4821.80 4821.80 4830.92 4830.92 4830.92 4830.92 4830.92 4830.92 4830.92 4830.92 4830.92 4830.92 4830.92 4840.05 4840.05 4840.05 4840.05 4840.05 4840.05 4840.05 4840.05 4840.05 4840.05 4840.05 4849.18 4849.18 4849.18 4849.18 4849.18 4849.18 4849.18 4849.18 4849.18 4849.18 4849.18 4858.32 4858.32 4858.32 4858.32 4858.32 4858.32 4858.32 4858.32 4858.32 4858.32 4858.32 4867.46 4867.46 4867.46 4867.46 4867.46 4867.46 4867.46 4867.46 4867.46 4867.46 4867.46 4876.62 4876.62 4876.62 4876.62 4876.62 4876.62 4876.62 4876.62 4876.62 4876.62 4876.62 4885.78 4885.78 4885.78 4885.78 4885.78 4885.78 4885.78 4885.78 4885.78 4885.78 4885.78 4894.95 4894.95 4894.95 4894.95 4894.95 4894.95 4894.95 4894.95 4894.95 4894.95 4894.95 4904.13 4904.13 4904.13 4904.13 4904.13 4904.13 4904.13 4904.13 4904.13 4904.13 4904.13 4913.31 4913.31 4913.31 4913.31 4913.31 4913.31 4913.31 4913.31 4913.31 4913.31 4913.31 4922.50 4922.50 4922.50 4922.50 4922.50 4922.50 4922.50 4922.50 4922.50 4922.50 4922.50 4931.70 4931.70 4931.70 4931.70 4931.70 4931.70 4931.70 4931.70 4931.70 4931.70 4931.70 4940.90 4940.90 4940.90 4940.90 4940.90 4940.90 4940.90 4940.90 4940.90 4940.90 4940.90 4950.12 4950.12 4950.12 4950.12 4950.12 4950.12 4950.12 4950.12 4950.12 4950.12 4950.12 4959.34 4959.34 4959.34 4959.34 4959.34 4959.34 4959.34 4959.34 4959.34 4959.34 4959.34 4968.57 4968.57 4968.57 4968.57 4968.57 4968.57 4968.57 4968.57 4968.57 4968.57 4968.57 4977.80 4977.80 4977.80 4977.80 4977.80 4977.80 4977.80 4977.80 4977.80 4977.80 4977.80 4987.04 4987.04 4987.04 4987.04 4987.04 4987.04 4987.04 4987.04 4987.04 4987.04 4987.04 4996.29 4996.29 4996.29 4996.29 4996.29 4996.29 4996.29 4996.29 4996.29 4996.29 4996.29 5005.55 5005.55 5005.55 5005.55 5005.55 5005.55 5005.55 5005.55 5005.55 5005.55 5005.55 5014.81 5014.81 5014.81 5014.81 5014.81 5014.81 5014.81 5014.81 5014.81 5014.81 5014.81 5024.09 5024.09 5024.09 5024.09 5024.09 5024.09 5024.09 5024.09 5024.09 5024.09 5024.09 5033.37 5033.37 5033.37 5033.37 5033.37 5033.37 5033.37 5033.37 5033.37 5033.37 5033.37 5042.65 5042.65 5042.65 5042.65 5042.65 5042.65 5042.65 5042.65 5042.65 5042.65 5042.65 5051.95 5051.95 5051.95 5051.95 5051.95 5051.95 5051.95 5051.95 5051.95 5051.95 5051.95 5061.25 5061.25 5061.25 5061.25 5061.25 5061.25 5061.25 5061.25 5061.25 5061.25 5061.25 5070.55 5070.55 5070.55 5070.55 5070.55 5070.55 5070.55 5070.55 5070.55 5070.55 5070.55 5079.87 5079.87 5079.87 5079.87 5079.87 5079.87 5079.87 5079.87 5079.87 5079.87 5079.87 5089.19 5089.19 5089.19 5089.19 5089.19 5089.19 5089.19 5089.19 5089.19 5089.19 5089.19 5098.52 5098.52 5098.52 5098.52 5098.52 5098.52 5098.52 5098.52 5098.52 5098.52 5098.52 5107.86 5107.86 5107.86 5107.86 5107.86 5107.86 5107.86 5107.86 5107.86 5107.86 5107.86
=== END RADAR_SCAN ===

=== BEGIN RADAR_SCAN ===
scan.index=6
scan.time=96.670000
radar.id=0
radar.frequency=C
radar.scanning_mode=PPI
radar.x=0.000
radar.y=0.000
radar.z=25.000
radar.maximum_range=250000.000
radar.range_resolution=250.000
radar.angular_resolution=1.000000
box.radar_id=0
box.min_range_gate=714.000
box.max_range_gate=795.000
box.min_angle=102.000000
box.max_angle=113.000000
box.num_ranges=82
box.num_angles=11
box.range_resolution=250.000
box.angular_resolution=1.000000
box.other_angle=0.300000
grid.size=902
grid.data=0.00 0.00 0.00 0.00 0.00 0.00 0.00 0.00 0.00 0.00 0.00 0.00 0.00 0.00 0.00 0.00 0.00 0.00 0.00 0.00 0.00 0.00 0.00 0.00 0.00 0.00 0.00 38.76 31.36 0.00 0.00 0.00 0.00 0.00 0.00 0.00 0.00 0.00 29.59 30.98 0.00 0.00 0.00 0.00 0.00 0.00 0.00 0.00 0.00 32.60 32.39 0.00 0.00 0.00 0.00 0.00 0.00 0.00 0.00 0.00 35.34 29.43 0.00 0.00 0.00 0.00 0.00 0.00 0.00 0.00 0.00 40.03 34.97 0.00 0.00 0.00 0.00 0.00 0.00 0.00 0.00 32.26 25.62 32.20 29.99 0.00 0.00 0.00 0.00 0.00 0.00 0.00 35.50 36.00 35.49 33.66 0.00 0.00 0.00 0.00 0.00 0.00 0.00 36.85 32.60 34.32 33.70 0.00 0.00 0.00 0.00 0.00 0.00 0.00 37.82 33.46 35.18 36.72 0.00 0.00 0.00 0.00 0.00 0.00 0.00 33.80 40.38 33.86 34.62 0.00 0.00 0.00 0.00 0.00 0.00 0.00 31.39 38.43 33.10 32.57 0.00 0.00 0.00 0.00 0.00 0.00 0.00 36.42 33.26 34.08 34.18 0.00 0.00 0.00 0.00 0.00 0.00 0.00 31.42 36.94 39.71 33.10 0.00 0.00 0.00 0.00 0.00 0.00 0.00 35.53 31.41 32.21 31.50 0.00 0.00 0.00 0.00 0.00 0.00 0.00 36.35 37.87 37.36 36.85 0.00 0.00 0.00 0.00 0.00 0.00 0.00 36.05 27.66 31.11 38.37 0.00 0.00 0.00 0.00 0.00 0.00 0.00 41.83 33.07 32.71 36.44 30.59 0.00 0.00 0.00 0.00 0.00 36.34 36.75 38.34 30.34 30.26 41.32 0.00 0.00 0.00 0.00 0.00 31.49 37.27 34.97 31.27 34.86 34.31 0.00 0.00 0.00 0.00 0.00 40.17 37.41 34.09 29.81 33.20 39.90 0.00 0.00 0.00 0.00 0.00 38.07 40.95 34.65 37.61 34.88 31.85 0.00 0.00 0.00 0.00 0.00 34.02 40.99 33.26 32.38 33.72 34.33 0.00 0.00 0.00 0.00 0.00 37.05 41.25 39.65 34.12 32.41 32.42 0.00 0.00 0.00 0.00 0.00 40.80 40.12 35.60 38.53 33.40 36.04 0.00 0.00 0.00 0.00 0.00 36.72 38.12 38.71 27.36 31.47 30.97 0.00 0.00 0.00 0.00 0.00 37.76 30.66 37.09 34.23 30.87 36.80 0.00 0.00 0.00 0.00 0.00 36.84 32.89 38.95 35.57 36.79 37.50 0.00 0.00 0.00 0.00 0.00 35.76 36.93 34.00 34.57 33.87 33.61 0.00 0.00 0.00 0.00 0.00 36.93 36.04 38.42 34.29 32.59 33.06 0.00 0.00 0.00 0.00 0.00 38.48 40.33 38.22 36.14 32.94 33.14 0.00 0.00 0.00 0.00 0.00 38.89 35.20 40.31 34.82 33.64 35.19 0.00 0.00 0.00 0.00 0.00 37.80 40.18 37.12 33.70 38.09 33.55 0.00 0.00 0.00 0.00 0.00 41.27 43.51 40.41 29.76 34.27 33.69 0.00 0.00 0.00 0.00 0.00 36.39 36.89 37.39 35.29 33.16 34.31 0.00 0.00 0.00 0.00 0.00 39.03 38.79 37.46 38.77 35.11 29.15 0.00 0.00 0.00 0.00 0.00 38.00 39.87 37.23 34.58 35.99 41.23 0.00 0.00 0.00 0.00 0.00 34.50 38.26 35.88 35.93 32.53 37.06 0.00 0.00 0.00 0.00 0.00 38.66 37.56 40.95 34.73 37.93 34.73 0.00 0.00 0.00 0.00 0.00 44.69 39.32 36.68 36.87 35.18 34.08 0.00 0.00 0.00 0.00 0.00 41.78 44.94 35.66 34.57 36.18 37.21 0.00 0.00 0.00 0.00 0.00 38.57 39.73 35.64 33.58 35.81 34.38 0.00 0.00 0.00 0.00 0.00 36.14 34.67 36.26 33.06 37.00 40.82 0.00 0.00 0.00 0.00 0.00 36.79 36.06 34.56 34.98 32.86 33.50 0.00 0.00 0.00 0.00 0.00 41.29 38.37 33.95 35.91 40.52 30.07 0.00 0.00 0.00 0.00 0.00 46.72 38.60 42.78 32.55 36.03 29.93 0.00 0.00 0.00 0.00 0.00 36.45 44.00 38.52 33.82 34.80 35.12 0.00 0.00 0.00 0.00 0.00 34.63 36.68 38.20 33.48 39.15 39.59 0.00 0.00 0.00 0.00 0.00 41.64 31.00 38.83 33.87 38.71 37.82 0.00 0.00 0.00 0.00 0.00 30.65 37.62 46.07 33.18 31.34 31.96 0.00 0.00 0.00 0.00 0.00 34.05 37.10 35.88 31.73 35.87 39.01 0.00 0.00 0.00 0.00 0.00 32.33 36.87 35.33 34.82 34.59 37.00 0.00 0.00 0.00 0.00 0.00 32.26 37.51 33.76 33.28 36.35 39.77 0.00 0.00 0.00 0.00 0.00 34.92 38.61 35.57 36.45 39.30 36.14 0.00 0.00 0.00 0.00 0.00 34.78 38.35 36.01 29.72 38.26 34.84 0.00 0.00 0.00 0.00 0.00 36.81 39.15 32.75 37.28 34.20 39.03 0.00 0.00 0.00 0.00 0.00 36.04 34.16 33.05 33.32 36.97 33.25 0.00 0.00 0.00 0.00 0.00 34.04 38.65 35.70 33.58 37.92 33.75 0.00 0.00 0.00 0.00 0.00 31.13 36.58 30.36 35.42 37.54 35.68 0.00 0.00 0.00 0.00 0.00 41.79 35.22 37.51 28.24 35.27 34.47 0.00 0.00 0.00 0.00 0.00 33.03 36.35 32.58 32.23 32.29 38.09 0.00 0.00 0.00 0.00 0.00 32.71 36.35 39.34 38.38 34.10 33.70 0.00 0.00 0.00 0.00 0.00 35.04 36.50 37.85 36.12 36.18 32.18 0.00 0.00 0.00 0.00 0.00 0.00 34.48 33.33 37.41 29.04 0.00 0.00 0.00 0.00 0.00 0.00 0.00 33.59 34.77 35.27 35.41 0.00 0.00 0.00 0.00 0.00 0.00 0.00 34.79 36.61 35.22 40.27 0.00 0.00 0.00 0.00 0.00 0.00 0.00 36.35 35.48 34.32 37.10 0.00 0.00 0.00 0.00 0.00 0.00 0.00 35.68 37.50 33.33 36.61 0.00 0.00 0.00 0.00 0.00 0.00 0.00 34.08 40.20 37.54 40.11 0.00 0.00 0.00 0.00 0.00 0.00 0.00 41.56 33.23 33.35 36.82 0.00 0.00 0.00 0.00 0.00 0.00 0.00 41.47 37.25 41.04 36.44 0.00 0.00 0.00 0.00 0.00 0.00 0.00 34.24 32.60 35.90 38.93 0.00 0.00 0.00 0.00 0.00 0.00 0.00 42.76 35.22 39.39 41.39 0.00 0.00 0.00 0.00 0.00 0.00 0.00 37.57 41.26 33.54 38.02 0.00 0.00 0.00 0.00 0.00 0.00 0.00 38.34 37.48 41.04 39.64 0.00 0.00 0.00 0.00 0.00 0.00 0.00 0.00 39.85 38.35 0.00 0.00 0.00 0.00 0.00 0.00 0.00 0.00 0.00 40.64 41.49 0.00 0.00 0.00 0.00 0.00 0.00 0.00 0.00 0.00 40.22 40.56 0.00 0.00 0.00 0.00 0.00 0.00 0.00 0.00 0.00 41.42 39.55 0.00 0.00 0.00 0.00 0.00 0.00 0.00 0.00 0.00 34.24 39.80 0.00 0.00 0.00 0.00 0.00 0.00 0.00 0.00 0.00 0.00 0.00 0.00 0.00 0.00 0.00
rain_type.data=0 0 0 0 0 0 0 0 0 0 0 0 0 0 0 0 0 0 0 0 0 0 0 0 0 0 0 1 1 0 0 0 0 0 0 0 0 0 1 1 0 0 0 0 0 0 0 0 0 1 1 0 0 0 0 0 0 0 0 0 1 1 0 0 0 0 0 0 0 0 0 1 1 0 0 0 0 0 0 0 0 1 1 1 1 0 0 0 0 0 0 0 1 1 1 1 0 0 0 0 0 0 0 1 1 1 1 0 0 0 0 0 0 0 1 1 1 1 0 0 0 0 0 0 0 1 1 1 1 0 0 0 0 0 0 0 1 1 1 1 0 0 0 0 0 0 0 1 1 1 1 0 0 0 0 0 0 0 1 1 1 1 0 0 0 0 0 0 0 1 1 1 1 0 0 0 0 0 0 0 2 1 1 1 0 0 0 0 0 0 0 2 1 1 1 0 0 0 0 0 0 0 2 1 1 1 1 0 0 0 0 0 1 2 1 1 1 1 0 0 0 0 0 1 2 2 1 1 1 0 0 0 0 0 2 2 2 1 1 1 0 0 0 0 0 2 2 2 1 1 1 0 0 0 0 0 2 2 2 1 1 1 0 0 0 0 0 2 2 2 1 1 1 0 0 0 0 0 2 2 2 1 1 1 0 0 0 0 0 2 2 2 1 1 1 0 0 0 0 0 2 2 2 1 1 1 0 0 0 0 0 2 2 2 1 1 1 0 0 0 0 0 2 2 2 1 1 1 0 0 0 0 0 2 2 2 1 1 1 0 0 0 0 0 2 2 2 1 1 1 0 0 0 0 0 2 2 2 1 1 1 0 0 0 0 0 2 2 2 1 1 1 0 0 0 0 0 2 2 2 1 1 1 0 0 0 0 0 2 2 2 1 1 1 0 0 0 0 0 2 2 2 1 1 1 0 0 0 0 0 2 2 2 1 1 1 0 0 0 0 0 2 2 2 1 1 1 0 0 0 0 0 2 2 2 1 1 1 0 0 0 0 0 2 2 2 1 1 1 0 0 0 0 0 2 2 2 1 1 1 0 0 0 0 0 2 2 2 1 1 1 0 0 0 0 0 2 2 2 1 1 1 0 0 0 0 0 2 2 2 1 1 1 0 0 0 0 0 2 2 2 1 1 1 0 0 0 0 0 2 2 2 1 1 1 0 0 0 0 0 2 2 2 1 1 1 0 0 0 0 0 2 2 2 1 1 1 0 0 0 0 0 2 2 2 1 1 1 0 0 0 0 0 1 2 2 1 1 1 0 0 0 0 0 1 2 2 1 1 1 0 0 0 0 0 1 2 1 1 1 1 0 0 0 0 0 1 2 1 1 1 1 0 0 0 0 0 1 2 1 1 1 1 0 0 0 0 0 1 2 1 1 1 1 0 0 0 0 0 1 1 1 1 1 1 0 0 0 0 0 1 1 1 1 1 1 0 0 0 0 0 1 1 1 1 1 1 0 0 0 0 0 1 1 1 1 1 1 0 0 0 0 0 1 1 1 1 1 1 0 0 0 0 0 1 1 1 1 1 1 0 0 0 0 0 1 1 1 1 1 1 0 0 0 0 0 1 1 1 1 1 1 0 0 0 0 0 0 1 1 1 1 0 0 0 0 0 0 0 1 1 1 1 0 0 0 0 0 0 0 1 1 1 1 0 0 0 0 0 0 0 1 1 1 1 0 0 0 0 0 0 0 1 1 1 1 0 0 0 0 0 0 0 1 1 1 1 0 0 0 0 0 0 0 1 1 1 1 0 0 0 0 0 0 0 1 1 1 1 0 0 0 0 0 0 0 1 1 1 1 0 0 0 0 0 0 0 1 1 1 1 0 0 0 0 0 0 0 1 1 1 1 0 0 0 0 0 0 0 1 1 1 1 0 0 0 0 0 0 0 0 1 1 0 0 0 0 0 0 0 0 0 1 1 0 0 0 0 0 0 0 0 0 1 1 0 0 0 0 0 0 0 0 0 1 1 0 0 0 0 0 0 0 0 0 1 1 0 0 0 0 0 0 0 0 0 0 0 0 0 0 0
estimated_attenuation.size=902
estimated_attenuation.data=0.00 0.00 0.00 0.00 0.00 0.00 0.00 0.00 0.00 0.00 0.00 0.00 0.00 0.00 0.00 0.00 0.00 0.00 0.00 0.00 0.00 0.00 0.00 0.00 0.00 0.00 0.00 0.00 0.00 0.00 0.00 0.00 0.00 0.00 0.00 0.00 0.00 0.00 0.00 0.00 0.00 0.00 0.00 0.00 0.00 0.00 0.00 0.00 0.00 0.00 0.00 0.00 0.00 0.00 0.00 0.00 0.00 0.00 0.00 0.00 0.00 0.00 0.00 0.00 0.00 0.00 0.00 0.00 0.00 0.00 0.00 0.00 0.00 0.00 0.00 0.00 0.00 0.00 0.00 0.00 0.00 0.00 0.00 0.00 0.00 0.00 0.00 0.00 0.00 0.00 0.00 0.00 0.00 0.00 0.00 0.00 0.00 0.00 0.00 0.00 0.00 0.00 0.00 0.00 0.00 0.00 0.00 0.00 0.00 0.00 0.00 0.00 0.00 0.00 0.00 0.00 0.00 0.00 0.00 0.00 0.00 0.00 0.00 0.00 0.00 0.00 0.00 0.00 0.00 0.00 0.00 0.00 0.00 0.00 0.00 0.00 0.00 0.00 0.00 0.00 0.00 0.00 0.00 0.00 0.00 0.00 0.00 0.00 0.00 0.00 0.00 0.00 0.00 0.00 0.00 0.00 0.00 0.00 0.00 0.00 0.00 0.00 0.00 0.00 0.00 0.00 0.00 0.00 0.00 0.00 0.00 0.00 0.00 0.00 0.00 0.00 0.00 0.00 0.00 0.00 0.00 0.00 0.00 0.00 0.00 0.00 0.00 0.00 0.00 0.00 0.00 0.00 0.00 0.00 0.00 0.00 0.00 0.00 0.00 0.00 0.00 0.00 0.00 0.00 0.00 0.00 0.00 0.00 0.00 0.00 0.00 0.00 0.00 0.00 0.00 0.00 0.00 0.00 0.00 0.00 0.00 0.00 0.00 0.00 0.00 0.00 0.00 0.00 0.00 0.00 0.00 0.00 0.00 0.00 0.00 0.00 0.00 0.00 0.00 0.00 0.00 0.00 0.00 0.00 0.00 0.00 0.00 0.00 0.00 0.00 0.00 0.00 0.00 0.00 0.00 0.00 0.00 0.00 0.00 0.00 0.00 0.00 0.00 0.00 0.00 0.00 0.00 0.00 0.00 0.00 0.00 0.00 0.00 0.00 0.00 0.00 0.00 0.00 0.00 0.00 0.00 0.00 0.00 0.00 0.00 0.00 0.00 0.00 0.00 0.00 0.00 0.00 0.00 0.00 0.00 0.00 0.00 0.00 0.00 0.00 0.00 0.00 0.00 0.00 0.00 0.00 0.00 0.00 0.00 0.00 0.00 0.00 0.00 0.00 0.00 0.00 0.00 0.00 0.00 0.00 0.00 0.00 0.00 0.00 0.00 0.00 0.00 0.00 0.00 0.00 0.00 0.00 0.00 0.00 0.00 0.00 0.00 0.00 0.00 0.00 0.00 0.00 0.00 0.00 0.00 0.00 0.00 0.00 0.00 0.00 0.00 0.00 0.00 0.00 0.00 0.00 0.00 0.00 0.00 0.00 0.00 0.00 0.00 0.00 0.00 0.00 0.00 0.00 0.00 0.00 0.00 0.00 0.00 0.00 0.00 0.00 0.00 0.00 0.00 0.00 0.00 0.00 0.00 0.00 0.00 0.00 0.00 0.00 0.00 0.00 0.00 0.00 0.00 0.00 0.00 0.00 0.00 0.00 0.00 0.00 0.00 0.00 0.00 0.00 0.00 0.00 0.00 0.00 0.00 0.00 0.00 0.00 0.00 0.00 0.00 0.00 0.00 0.00 0.00 0.00 0.00 0.00 0.00 0.00 0.00 0.00 0.00 0.00 0.00 0.00 0.00 0.00 0.00 0.00 0.00 0.00 0.00 0.00 0.00 0.00 0.00 0.00 0.00 0.00 0.00 0.00 0.00 0.00 0.00 0.00 0.00 0.00 0.00 0.00 0.00 0.00 0.00 0.00 0.00 0.00 0.00 0.00 0.00 0.00 0.00 0.00 0.00 0.00 0.00 0.00 0.00 0.00 0.00 0.00 0.00 0.00 0.00 0.00 0.00 0.00 0.00 0.00 0.00 0.00 0.00 0.00 0.00 0.00 0.00 0.00 0.00 0.00 0.00 0.00 0.00 0.00 0.00 0.00 0.00 0.00 0.00 0.00 0.00 0.00 0.00 0.00 0.00 0.00 0.00 0.00 0.00 0.00 0.00 0.00 0.00 0.00 0.00 0.00 0.00 0.00 0.00 0.00 0.00 0.00 0.00 0.00 0.00 0.00 0.00 0.00 0.00 0.00 0.00 0.00 0.00 0.00 0.00 0.00 0.00 0.00 0.00 0.00 0.00 0.00 0.00 0.00 0.00 0.00 0.00 0.00 0.00 0.00 0.00 0.00 0.00 0.00 0.00 0.00 0.00 0.00 0.00 0.00 0.00 0.00 0.00 0.00 0.00 0.00 0.00 0.00 0.00 0.00 0.00 0.00 0.00 0.00 0.00 0.00 0.00 0.00 0.00 0.00 0.00 0.00 0.00 0.00 0.00 0.00 0.00 0.00 0.00 0.00 0.00 0.00 0.00 0.00 0.00 0.00 0.00 0.00 0.00 0.00 0.00 0.00 0.00 0.00 0.00 0.00 0.00 0.00 0.00 0.00 0.00 0.00 0.00 0.00 0.00 0.00 0.00 0.00 0.00 0.00 0.00 0.00 0.00 0.00 0.00 0.00 0.00 0.00 0.00 0.00 0.00 0.00 0.00 0.00 0.00 0.00 0.00 0.00 0.00 0.00 0.00 0.00 0.00 0.00 0.00 0.00 0.00 0.00 0.00 0.00 0.00 0.00 0.00 0.00 0.00 0.00 0.00 0.00 0.00 0.00 0.00 0.00 0.00 0.00 0.00 0.00 0.00 0.00 0.00 0.00 0.00 0.00 0.00 0.00 0.00 0.00 0.00 0.00 0.00 0.00 0.00 0.00 0.00 0.00 0.00 0.00 0.00 0.00 0.00 0.00 0.00 0.00 0.00 0.00 0.00 0.00 0.00 0.00 0.00 0.00 0.00 0.00 0.00 0.00 0.00 0.00 0.00 0.00 0.00 0.00 0.00 0.00 0.00 0.00 0.00 0.00 0.00 0.00 0.00 0.00 0.00 0.00 0.00 0.00 0.00 0.00 0.00 0.00 0.00 0.00 0.00 0.00 0.00 0.00 0.00 0.00 0.00 0.00 0.00 0.00 0.00 0.00 0.00 0.00 0.00 0.00 0.00 0.00 0.00 0.00 0.00 0.00 0.00 0.00 0.00 0.00 0.00 0.00 0.00 0.00 0.00 0.00 0.00 0.00 0.00 0.00 0.00 0.00 0.00 0.00 0.00 0.00 0.00 0.00 0.00 0.00 0.00 0.00 0.00 0.00 0.00 0.00 0.00 0.00 0.00 0.00 0.00 0.00 0.00 0.00 0.00 0.00 0.00 0.00 0.00 0.00 0.00 0.00 0.00 0.00 0.00 0.00 0.00 0.00 0.00 0.00 0.00 0.00 0.00 0.00 0.00 0.00 0.00 0.00 0.00 0.00 0.00 0.00 0.00 0.00 0.00 0.00 0.00 0.00 0.00 0.00 0.00 0.00 0.00 0.00 0.00 0.00 0.00 0.00 0.00 0.00 0.00 0.00 0.00 0.00 0.00 0.00 0.00 0.00 0.00 0.00 0.00 0.00 0.00 0.00 0.00 0.00 0.00 0.00 0.00 0.00 0.00 0.00 0.00 0.00 0.00 0.00 0.00 0.00 0.00 0.00 0.00 0.00 0.00 0.00 0.00 0.00 0.00 0.00 0.00 0.00 0.00 0.00 0.00 0.00 0.00 0.00 0.00 0.00 0.00 0.00 0.00 0.00 0.00 0.00 0.00 0.00 0.00 0.00 0.00 0.00 0.00 0.00 0.00 0.00
height.size=902
height.data=2809.57 2809.57 2809.57 2809.57 2809.57 2809.57 2809.57 2809.57 2809.57 2809.57 2809.57 2816.14 2816.14 2816.14 2816.14 2816.14 2816.14 2816.14 2816.14 2816.14 2816.14 2816.14 2822.71 2822.71 2822.71 2822.71 2822.71 2822.71 2822.71 2822.71 2822.71 2822.71 2822.71 2829.29 2829.29 2829.29 2829.29 2829.29 2829.29 2829.29 2829.29 2829.29 2829.29 2829.29 2835.87 2835.87 2835.87 2835.87 2835.87 2835.87 2835.87 2835.87 2835.87 2835.87 2835.87 2842.47 2842.47 2842.47 2842.47 2842.47 2842.47 2842.47 2842.47 2842.47 2842.47 2842.47 2849.07 2849.07 2849.07 2849.07 2849.07 2849.07 2849.07 2849.07 2849.07 2849.07 2849.07 2855.68 2855.68 2855.68 2855.68 2855.68 2855.68 2855.68 2855.68 2855.68 2855.68 2855.68 2862.29 2862.29 2862.29 2862.29 2862.29 2862.29 2862.29 2862.29 2862.29 2862.29 2862.29 2868.91 2868.91 2868.91 2868.91 2868.91 2868.91 2868.91 2868.91 2868.91 2868.91 2868.91 2875.54 2875.54 2875.54 2875.54 2875.54 2875.54 2875.54 2875.54 2875.54 2875.54 2875.54 2882.18 2882.18 2882.18 2882.18 2882.18 2882.18 2882.18 2882.18 2882.18 2882.18 2882.18 2888.82 2888.82 2888.82 2888.82 2888.82 2888.82 2888.82 2888.82 2888.82 2888.82 2888.82 2895.48 2895.48 2895.48 2895.48 2895.48 2895.48 2895.48 2895.48 2895.48 2895.48 2895.48 2902.14 2902.14 2902.14 2902.14 2902.14 2902.14 2902.14 2902.14 2902.14 2902.14 2902.14 2908.80 2908.80 2908.80 2908.80 2908.80 2908.80 2908.80 2908.80 2908.80 2908.80 2908.80 2915.48 2915.48 2915.48 2915.48 2915.48 2915.48 2915.48 2915.48 2915.48 2915.48 2915.48 2922.16 2922.16 2922.16 2922.16 2922.16 2922.16 2922.16 2922.16 2922.16 2922.16 2922.16 2928.85 2928.85 2928.85 2928.85 2928.85 2928.85 2928.85 2928.85 2928.85 2928.85 2928.85 2935.54 2935.54 2935.54 2935.54 2935.54 2935.54 2935.54 2935.54 2935.54 2935.54 2935.54 2942.25 2942.25 2942.25 2942.25 2942.25 2942.25 2942.25 2942.25 2942.25 2942.25 2942.25 2948.96 2948.96 2948.96 2948.96 2948.96 2948.96 2948.96 2948.96 2948.96 2948.96 2948.96 2955.68 2955.68 2955.68 2955.68 2955.68 2955.68 2955.68 2955.68 2955.68 2955.68 2955.68 2962.40 2962.40 2962.40 2962.40 2962.40 2962.40 2962.40 2962.40 2962.40 2962.40 2962.40 2969.13 2969.13 2969.13 2969.13 2969.13 2969.13 2969.13 2969.13 2969.13 2969.13 2969.13 2975.87 2975.87 2975.87 2975.87 2975.87 2975.87 2975.87 2975.87 2975.87 2975.87 2975.87 2982.62 2982.62 2982.62 2982.62 2982.62 2982.62 2982.62 2982.62 2982.62 2982.62 2982.62 2989.38 2989.38 2989.38 2989.38 2989.38 2989.38 2989.38 2989.38 2989.38 2989.38 2989.38 2996.14 2996.14 2996.14 2996.14 2996.14 2996.14 2996.14 2996.14 2996.14 2996.14 2996.14 3002.91 3002.91 3002.91 3002.91 3002.91 3002.91 3002.91 3002.91 3002.91 3002.91 3002.91 3009.68 3009.68 3009.68 3009.68 3009.68 3009.68 3009.68 3009.68 3009.68 3009.68 3009.68 3016.47 3016.47 3016.47 3016.47 3016.47 3016.47 3016.47 3016.47 3016.47 3016.47 3016.47 3023.26 3023.26 3023.26 3023.26 3023.26 3023.26 3023.26 3023.26 3023.26 3023.26 3023.26 3030.06 3030.06 3030.06 3030.06 3030.06 3030.06 3030.06 3030.06 3030.06 3030.06 3030.06 3036.87 3036.87 3036.87 3036.87 3036.87 3036.87 3036.87 3036.87 3036.87 3036.87 3036.87 3043.68 3043.68 3043.68 3043.68 3043.68 3043.68 3043.68 3043.68 3043.68 3043.68 3043.68 3050.50 3050.50 3050.50 3050.50 3050.50 3050.50 3050.50 3050.50 3050.50 3050.50 3050.50 3057.33 3057.33 3057.33 3057.33 3057.33 3057.33 3057.33 3057.33 3057.33 3057.33 3057.33 3064.16 3064.16 3064.16 3064.16 3064.16 3064.16 3064.16 3064.16 3064.16 3064.16 3064.16 3071.01 3071.01 3071.01 3071.01 3071.01 3071.01 3071.01 3071.01 3071.01 3071.01 3071.01 3077.86 3077.86 3077.86 3077.86 3077.86 3077.86 3077.86 3077.86 3077.86 3077.86 3077.86 3084.72 3084.72 3084.72 3084.72 3084.72 3084.72 3084.72 3084.72 3084.72 3084.72 3084.72 3091.58 3091.58 3091.58 3091.58 3091.58 3091.58 3091.58 3091.58 3091.58 3091.58 3091.58 3098.45 3098.45 3098.45 3098.45 3098.45 3098.45 3098.45 3098.45 3098.45 3098.45 3098.45 3105.33 3105.33 3105.33 3105.33 3105.33 3105.33 3105.33 3105.33 3105.33 3105.33 3105.33 3112.22 3112.22 3112.22 3112.22 3112.22 3112.22 3112.22 3112.22 3112.22 3112.22 3112.22 3119.11 3119.11 3119.11 3119.11 3119.11 3119.11 3119.11 3119.11 3119.11 3119.11 3119.11 3126.02 3126.02 3126.02 3126.02 3126.02 3126.02 3126.02 3126.02 3126.02 3126.02 3126.02 3132.93 3132.93 3132.93 3132.93 3132.93 3132.93 3132.93 3132.93 3132.93 3132.93 3132.93 3139.84 3139.84 3139.84 3139.84 3139.84 3139.84 3139.84 3139.84 3139.84 3139.84 3139.84 3146.77 3146.77 3146.77 3146.77 3146.77 3146.77 3146.77 3146.77 3146.77 3146.77 3146.77 3153.70 3153.70 3153.70 3153.70 3153.70 3153.70 3153.70 3153.70 3153.70 3153.70 3153.70 3160.64 3160.64 3160.64 3160.64 3160.64 3160.64 3160.64 3160.64 3160.64 3160.64 3160.64 3167.58 3167.58 3167.58 3167.58 3167.58 3167.58 3167.58 3167.58 3167.58 3167.58 3167.58 3174.54 3174.54 3174.54 3174.54 3174.54 3174.54 3174.54 3174.54 3174.54 3174.54 3174.54 3181.50 3181.50 3181.50 3181.50 3181.50 3181.50 3181.50 3181.50 3181.50 3181.50 3181.50 3188.46 3188.46 3188.46 3188.46 3188.46 3188.46 3188.46 3188.46 3188.46 3188.46 3188.46 3195.44 3195.44 3195.44 3195.44 3195.44 3195.44 3195.44 3195.44 3195.44 3195.44 3195.44 3202.42 3202.42 3202.42 3202.42 3202.42 3202.42 3202.42 3202.42 3202.42 3202.42 3202.42 3209.41 3209.41 3209.41 3209.41 3209.41 3209.41 3209.41 3209.41 3209.41 3209.41 3209.41 3216.41 3216.41 3216.41 3216.41 3216.41 3216.41 3216.41 3216.41 3216.41 3216.41 3216.41 3223.41 3223.41 3223.41 3223.41 3223.41 3223.41 3223.41 3223.41 3223.41 3223.41 3223.41 3230.43 3230.43 3230.43 3230.43 3230.43 3230.43 3230.43 3230.43 3230.43 3230.43 3230.43 3237.45 3237.45 3237.45 3237.45 3237.45 3237.45 3237.45 3237.45 3237.45 3237.45 3237.45 3244.47 3244.47 3244.47 3244.47 3244.47 3244.47 3244.47 3244.47 3244.47 3244.47 3244.47 3251.51 3251.51 3251.51 3251.51 3251.51 3251.51 3251.51 3251.51 3251.51 3251.51 3251.51 3258.55 3258.55 3258.55 3258.55 3258.55 3258.55 3258.55 3258.55 3258.55 3258.55 3258.55 3265.60 3265.60 3265.60 3265.60 3265.60 3265.60 3265.60 3265.60 3265.60 3265.60 3265.60 3272.65 3272.65 3272.65 3272.65 3272.65 3272.65 3272.65 3272.65 3272.65 3272.65 3272.65 3279.72 3279.72 3279.72 3279.72 3279.72 3279.72 3279.72 3279.72 3279.72 3279.72 3279.72 3286.79 3286.79 3286.79 3286.79 3286.79 3286.79 3286.79 3286.79 3286.79 3286.79 3286.79 3293.87 3293.87 3293.87 3293.87 3293.87 3293.87 3293.87 3293.87 3293.87 3293.87 3293.87 3300.95 3300.95 3300.95 3300.95 3300.95 3300.95 3300.95 3300.95 3300.95 3300.95 3300.95 3308.04 3308.04 3308.04 3308.04 3308.04 3308.04 3308.04 3308.04 3308.04 3308.04 3308.04 3315.14 3315.14 3315.14 3315.14 3315.14 3315.14 3315.14 3315.14 3315.14 3315.14 3315.14 3322.25 3322.25 3322.25 3322.25 3322.25 3322.25 3322.25 3322.25 3322.25 3322.25 3322.25 3329.37 3329.37 3329.37 3329.37 3329.37 3329.37 3329.37 3329.37 3329.37 3329.37 3329.37 3336.49 3336.49 3336.49 3336.49 3336.49 3336.49 3336.49 3336.49 3336.49 3336.49 3336.49 3343.62 3343.62 3343.62 3343.62 3343.62 3343.62 3343.62 3343.62 3343.62 3343.62 3343.62 3350.76 3350.76 3350.76 3350.76 3350.76 3350.76 3350.76 3350.76 3350.76 3350.76 3350.76 3357.90 3357.90 3357.90 3357.90 3357.90 3357.90 3357.90 3357.90 3357.90 3357.90 3357.90 3365.05 3365.05 3365.05 3365.05 3365.05 3365.05 3365.05 3365.05 3365.05 3365.05 3365.05
=== END RADAR_SCAN ===

=== BEGIN RADAR_SCAN ===
scan.index=7
scan.time=97.000000
radar.id=0
radar.frequency=C
radar.scanning_mode=PPI
radar.x=0.000
radar.y=0.000
radar.z=25.000
radar.maximum_range=250000.000
radar.range_resolution=250.000
radar.angular_resolution=1.000000
box.radar_id=0
box.min_range_gate=788.000
box.max_range_gate=877.000
box.min_angle=102.000000
box.max_angle=113.000000
box.num_ranges=90
box.num_angles=11
box.range_resolution=250.000
box.angular_resolution=1.000000
box.other_angle=25.000000
grid.size=990
grid.data=0.00 0.00 0.00 0.00 0.00 0.00 0.00 0.00 0.00 0.00 0.00 0.00 0.00 0.00 0.00 0.00 0.00 0.00 0.00 0.00 0.00 0.00 0.00 0.00 0.00 0.00 0.00 0.00 0.00 0.00 0.00 0.00 0.00 0.00 0.00 0.00 0.00 0.00 0.00 0.00 0.00 0.00 0.00 0.00 0.00 0.00 0.00 0.00 0.00 0.00 0.00 0.00 0.00 0.00 0.00 0.00 0.00 0.00 0.00 0.00 0.00 0.00 0.00 0.00 0.00 0.00 0.00 0.00 0.00 0.00 0.00 0.00 0.00 0.00 0.00 0.00 0.00 0.00 0.00 0.00 0.00 0.00 0.00 0.00 0.00 0.00 0.00 0.00 0.00 0.00 0.00 0.00 0.00 0.00 0.00 0.00 0.00 0.00 0.00 0.00 0.00 0.00 0.00 0.00 0.00 0.00 0.00 0.00 0.00 0.00 0.00 0.00 0.00 0.00 0.00 0.15 1.59 0.00 0.00 0.00 0.00 0.00 0.00 0.00 0.00 0.00 0.62 -1.87 0.00 0.00 0.00 0.00 0.00 0.00 0.00 0.00 0.00 -0.73 0.03 0.00 0.00 0.00 0.00 0.00 0.00 0.00 0.00 0.00 -0.02 -0.28 0.00 0.00 0.00 0.00 0.00 0.00 0.00 0.00 0.00 -1.51 1.43 0.00 0.00 0.00 0.00 0.00 0.00 0.00 0.00 -0.53 -0.36 -0.26 0.14 0.00 0.00 0.00 0.00 0.00 0.00 0.00 -0.11 -0.61 -1.57 -0.01 0.00 0.00 0.00 0.00 0.00 0.00 0.00 -0.72 -1.37 0.29 2.38 0.00 0.00 0.00 0.00 0.00 0.00 0.00 0.58 -0.61 1.08 1.43 0.00 0.00 0.00 0.00 0.00 0.00 0.00 1.09 -0.20 2.58 -0.15 0.00 0.00 0.00 0.00 0.00 0.00 0.00 0.74 0.32 0.07 1.05 0.00 0.00 0.00 0.00 0.00 0.00 0.00 -0.14 0.11 0.27 -0.09 0.00 0.00 0.00 0.00 0.00 0.00 0.00 0.56 -1.52 -0.22 0.20 0.00 0.00 0.00 0.00 0.00 0.00 0.00 0.18 -0.47 -1.69 -0.10 0.00 0.00 0.00 0.00 0.00 0.00 0.00 -0.28 -0.76 -0.48 -0.31 0.00 0.00 0.00 0.00 0.00 0.00 0.00 -0.01 0.80 -0.76 -1.10 0.00 0.00 0.00 0.00 0.00 0.00 0.00 0.50 -0.95 -1.27 -2.23 0.00 0.00 0.00 0.00 0.00 0.00 0.00 2.02 -0.87 1.35 1.52 0.00 0.00 0.00 0.00 0.00 0.00 0.25 -0.02 -0.29 -0.39 -0.06 -0.08 0.00 0.00 0.00 0.00 0.00 0.04 0.83 -0.18 0.74 0.45 0.62 0.00 0.00 0.00 0.00 0.00 1.38 -1.08 -0.09 -0.95 -1.46 -0.48 0.00 0.00 0.00 0.00 0.00 0.27 -0.79 0.16 0.53 -2.49 0.20 0.00 0.00 0.00 0.00 0.00 0.83 2.42 0.97 -1.00 1.08 1.27 0.00 0.00 0.00 0.00 0.00 1.65 0.23 -1.57 -0.34 -1.62 -2.14 0.00 0.00 0.00 0.00 0.00 0.25 0.25 -0.29 -0.92 0.23 1.22 0.00 0.00 0.00 0.00 0.00 1.25 1.61 0.35 2.02 -0.30 -0.40 0.00 0.00 0.00 0.00 0.00 0.54 -0.27 1.34 1.49 -0.42 -1.27 0.00 0.00 0.00 0.00 0.00 0.20 -0.85 -0.15 0.66 1.26 -0.65 0.00 0.00 0.00 0.00 0.00 0.68 -0.08 0.76 0.42 -1.90 -0.13 0.00 0.00 0.00 0.00 0.00 -0.77 0.23 -0.23 -0.68 -1.24 0.55 0.00 0.00 0.00 0.00 0.00 1.07 -0.13 -0.21 0.88 0.30 -1.18 0.00 0.00 0.00 0.00 0.00 0.05 -0.78 -0.94 0.78 0.01 -0.28 0.00 0.00 0.00 0.00 0.00 0.15 1.84 -1.33 -1.24 0.45 1.30 0.00 0.00 0.00 0.00 0.00 -0.68 0.32 -0.54 -1.37 0.33 0.94 0.00 0.00 0.00 0.00 0.00 0.42 1.20 0.53 -0.53 2.41 1.19 0.00 0.00 0.00 0.00 0.00 -2.27 0.03 0.97 1.93 1.03 -0.17 0.00 0.00 0.00 0.00 0.00 0.43 0.28 1.47 1.59 -0.19 -0.49 0.00 0.00 0.00 0.00 0.00 1.52 0.17 -1.47 0.42 -0.56 -0.19 0.00 0.00 0.00 0.00 0.00 0.93 -0.60 -1.19 0.36 -0.83 0.07 0.00 0.00 0.00 0.00 0.00 -0.69 -1.53 2.10 0.90 -1.12 -1.53 0.00 0.00 0.00 0.00 0.00 -1.11 -0.64 0.35 -0.64 -1.13 -0.09 0.00 0.00 0.00 0.00 0.00 -0.42 -0.27 1.42 1.49 -0.27 -0.38 0.00 0.00 0.00 0.00 0.00 -1.22 -1.35 0.07 -0.24 -0.17 1.56 0.00 0.00 0.00 0.00 0.00 2.36 -0.56 0.80 0.03 -0.41 0.72 0.00 0.00 0.00 0.00 0.00 -2.32 0.61 0.58 -0.13 0.23 0.58 0.00 0.00 0.00 0.00 0.00 -0.04 -0.60 1.47 1.33 0.42 -0.51 0.00 0.00 0.00 0.00 0.00 -0.18 1.06 -1.17 0.46 -1.20 1.48 0.00 0.00 0.00 0.00 0.00 -0.01 -0.52 0.43 0.05 1.46 2.70 0.00 0.00 0.00 0.00 0.00 -1.01 1.25 1.59 0.21 1.35 0.77 0.00 0.00 0.00 0.00 0.00 -0.20 2.22 -0.12 0.30 0.06 -0.88 0.00 0.00 0.00 0.00 0.00 -0.23 -2.11 -1.34 -0.63 -1.36 -0.70 0.00 0.00 0.00 0.00 0.00 1.28 -1.12 0.52 -0.03 -1.49 -1.20 0.00 0.00 0.00 0.00 0.00 0.20 -0.59 -1.27 1.81 -0.20 0.70 0.00 0.00 0.00 0.00 0.00 0.47 -0.57 -0.36 -1.26 -0.93 0.10 0.00 0.00 0.00 0.00 0.00 0.09 -1.37 1.29 1.57 0.39 -0.52 0.00 0.00 0.00 0.00 0.00 -0.65 0.90 -0.48 -1.10 0.94 -0.30 0.00 0.00 0.00 0.00 0.00 0.02 -0.13 -1.00 -1.67 1.01 -0.35 0.00 0.00 0.00 0.00 0.00 -0.13 0.89 0.72 1.67 -2.19 1.02 0.00 0.00 0.00 0.00 0.00 0.47 0.25 -0.94 0.88 -0.71 1.01 0.00 0.00 0.00 0.00 0.00 -0.69 -1.21 0.37 1.15 -0.85 -0.33 0.00 0.00 0.00 0.00 0.00 -0.23 0.55 -2.46 -1.10 0.47 -1.17 0.00 0.00 0.00 0.00 0.00 -0.45 -1.56 -1.47 0.70 -0.67 0.91 0.00 0.00 0.00 0.00 0.00 -0.29 -4.14 -0.37 -0.47 0.40 -0.58 0.00 0.00 0.00 0.00 0.00 2.35 2.16 -1.51 -0.52 -0.93 -0.98 0.00 0.00 0.00 0.00 0.00 0.44 -0.16 -0.49 -0.30 -0.67 0.44 0.00 0.00 0.00 0.00 0.00 2.28 -0.58 -1.30 -1.26 -0.01 0.47 0.00 0.00 0.00 0.00 0.00 -2.01 0.83 1.68 0.34 1.06 0.36 0.00 0.00 0.00 0.00 0.00 -0.19 -0.97 0.39 0.01 0.77 -1.00 0.00 0.00 0.00 0.00 0.00 -1.83 0.03 -1.52 -0.15 1.06 -0.70 0.00 0.00 0.00 0.00 0.00 0.00 0.24 0.14 2.06 -0.30 0.00 0.00 0.00 0.00 0.00 0.00 0.00 0.23 0.72 0.05 -0.13 0.00 0.00 0.00 0.00 0.00 0.00 0.00 0.80 1.88 -1.45 0.33 0.00 0.00 0.00 0.00 0.00 0.00 0.00 -0.24 -0.01 1.47 2.51 0.00 0.00 0.00 0.00 0.00 0.00 0.00 0.17 -1.10 -0.69 -2.33 0.00 0.00 0.00 0.00 0.00 0.00 0.00 -0.81 -0.41 -0.20 -1.03 0.00 0.00 0.00 0.00 0.00 0.00 0.00 0.51 -2.35 -0.19 -1.27 0.00 0.00 0.00 0.00 0.00 0.00 0.00 -0.17 0.18 -1.41 0.80 0.00 0.00 0.00 0.00 0.00 0.00 0.00 -0.99 -0.89 -0.12 -0.16 0.00 0.00 0.00 0.00 0.00 0.00 0.00 1.69 -1.89 1.18 1.01 0.00 0.00 0.00 0.00 0.00 0.00 0.00 -0.45 1.13 -0.96 -1.03 0.00 0.00 0.00
rain_type.data=0 0 0 0 0 0 0 0 0 0 0 0 0 0 0 0 0 0 0 0 0 0 0 0 0 0 0 0 0 0 0 0 0 0 0 0 0 0 0 0 0 0 0 0 0 0 0 0 0 0 0 0 0 0 0 0 0 0 0 0 0 0 0 0 0 0 0 0 0 0 0 0 0 0 0 0 0 0 0 0 0 0 0 0 0 0 0 0 0 0 0 0 0 0 0 0 0 0 0 0 0 0 0 0 0 0 0 0 0 0 0 0 0 0 0 1 1 0 0 0 0 0 0 0 0 0 1 1 0 0 0 0 0 0 0 0 0 1 1 0 0 0 0 0 0 0 0 0 1 1 0 0 0 0 0 0 0 0 0 1 1 0 0 0 0 0 0 0 0 1 1 1 1 0 0 0 0 0 0 0 1 1 1 1 0 0 0 0 0 0 0 1 1 1 1 0 0 0 0 0 0 0 1 1 1 1 0 0 0 0 0 0 0 1 1 1 1 0 0 0 0 0 0 0 1 1 1 1 0 0 0 0 0 0 0 1 1 1 1 0 0 0 0 0 0 0 1 1 1 1 0 0 0 0 0 0 0 1 1 1 1 0 0 0 0 0 0 0 1 1 1 1 0 0 0 0 0 0 0 2 1 1 1 0 0 0 0 0 0 0 2 1 1 1 0 0 0 0 0 0 0 2 1 1 1 0 0 0 0 0 0 1 2 1 1 1 1 0 0 0 0 0 1 2 1 1 1 1 0 0 0 0 0 1 2 2 1 1 1 0 0 0 0 0 2 2 2 1 1 1 0 0 0 0 0 2 2 2 1 1 1 0 0 0 0 0 2 2 2 1 1 1 0 0 0 0 0 2 2 2 1 1 1 0 0 0 0 0 2 2 2 1 1 1 0 0 0 0 0 2 2 2 1 1 1 0 0 0 0 0 2 2 2 1 1 1 0 0 0 0 0 2 2 2 1 1 1 0 0 0 0 0 2 2 2 1 1 1 0 0 0 0 0 2 2 2 1 1 1 0 0 0 0 0 2 2 2 1 1 1 0 0 0 0 0 2 2 2 1 1 1 0 0 0 0 0 2 2 2 1 1 1 0 0 0 0 0 2 2 2 1 1 1 0 0 0 0 0 2 2 2 1 1 1 0 0 0 0 0 2 2 2 1 1 1 0 0 0 0 0 2 2 2 1 1 1 0 0 0 0 0 2 2 2 1 1 1 0 0 0 0 0 2 2 2 1 1 1 0 0 0 0 0 2 2 2 1 1 1 0 0 0 0 0 2 2 2 1 1 1 0 0 0 0 0 2 2 2 1 1 1 0 0 0 0 0 2 2 2 1 1 1 0 0 0 0 0 2 2 2 1 1 1 0 0 0 0 0 2 2 2 1 1 1 0 0 0 0 0 2 2 2 1 1 1 0 0 0 0 0 2 2 2 1 1 1 0 0 0 0 0 2 2 2 1 1 1 0 0 0 0 0 2 2 2 1 1 1 0 0 0 0 0 2 2 2 1 1 1 0 0 0 0 0 2 2 2 1 1 1 0 0 0 0 0 2 2 2 1 1 1 0 0 0 0 0 2 2 2 1 1 1 0 0 0 0 0 1 2 2 1 1 1 0 0 0 0 0 1 2 1 1 1 1 0 0 0 0 0 1 2 1 1 1 1 0 0 0 0 0 1 2 1 1 1 1 0 0 0 0 0 1 2 1 1 1 1 0 0 0 0 0 1 2 1 1 1 1 0 0 0 0 0 1 1 1 1 1 1 0 0 0 0 0 1 1 1 1 1 1 0 0 0 0 0 1 1 1 1 1 1 0 0 0 0 0 1 1 1 1 1 1 0 0 0 0 0 1 1 1 1 1 1 0 0 0 0 0 1 1 1 1 1 1 0 0 0 0 0 1 1 1 1 1 1 0 0 0 0 0 1 1 1 1 1 1 0 0 0 0 0 1 1 1 1 1 1 0 0 0 0 0 0 1 1 1 1 0 0 0 0 0 0 0 1 1 1 1 0 0 0 0 0 0 0 1 1 1 1 0 0 0 0 0 0 0 1 1 1 1 0 0 0 0 0 0 0 1 1 1 1 0 0 0 0 0 0 0 1 1 1 1 0 0 0 0 0 0 0 1 1 1 1 0 0 0 0 0 0 0 1 1 1 1 0 0 0 0 0 0 0 1 1 1 1 0 0 0 0 0 0 0 1 1 1 1 0 0 0 0 0 0 0 1 1 1 1 0 0 0
estimated_attenuation.size=990
estimated_attenuation.data=0.00 0.00 0.00 0.00 0.00 0.00 0.00 0.00 0.00 0.00 0.00 0.00 0.00 0.00 0.00 0.00 0.00 0.00 0.00 0.00 0.00 0.00 0.00 0.00 0.00 0.00 0.00 0.00 0.00 0.00 0.00 0.00 0.00 0.00 0.00 0.00 0.00 0.00 0.00 0.00 0.00 0.00 0.00 0.00 0.00 0.00 0.00 0.00 0.00 0.00 0.00 0.00 0.00 0.00 0.00 0.00 0.00 0.00 0.00 0.00 0.00 0.00 0.00 0.00 0.00 0.00 0.00 0.00 0.00 0.00 0.00 0.00 0.00 0.00 0.00 0.00 0.00 0.00 0.00 0.00 0.00 0.00 0.00 0.00 0.00 0.00 0.00 0.00 0.00 0.00 0.00 0.00 0.00 0.00 0.00 0.00 0.00 0.00 0.00 0.00 0.00 0.00 0.00 0.00 0.00 0.00 0.00 0.00 0.00 0.00 0.00 0.00 0.00 0.00 0.00 0.00 0.00 0.00 0.00 0.00 0.00 0.00 0.00 0.00 0.00 0.00 0.00 0.00 0.00 0.00 0.00 0.00 0.00 0.00 0.00 0.00 0.00 0.00 0.00 0.00 0.00 0.00 0.00 0.00 0.00 0.00 0.00 0.00 0.00 0.00 0.00 0.00 0.00 0.00 0.00 0.00 0.00 0.00 0.00 0.00 0.00 0.00 0.00 0.00 0.00 0.00 0.00 0.00 0.00 0.00 0.00 0.00 0.00 0.00 0.00 0.00 0.00 0.00 0.00 0.00 0.00 0.00 0.00 0.00 0.00 0.00 0.00 0.00 0.00 0.00 0.00 0.00 0.00 0.00 0.00 0.00 0.00 0.00 0.00 0.00 0.00 0.00 0.00 0.00 0.00 0.00 0.00 0.00 0.00 0.00 0.00 0.00 0.00 0.00 0.00 0.00 0.00 0.00 0.00 0.00 0.00 0.00 0.00 0.00 0.00 0.00 0.00 0.00 0.00 0.00 0.00 0.00 0.00 0.00 0.00 0.00 0.00 0.00 0.00 0.00 0.00 0.00 0.00 0.00 0.00 0.00 0.00 0.00 0.00 0.00 0.00 0.00 0.00 0.00 0.00 0.00 0.00 0.00 0.00 0.00 0.00 0.00 0.00 0.00 0.00 0.00 0.00 0.00 0.00 0.00 0.00 0.00 0.00 0.00 0.00 0.00 0.00 0.00 0.00 0.00 0.00 0.00 0.00 0.00 0.00 0.00 0.00 0.00 0.00 0.00 0.00 0.00 0.00 0.00 0.00 0.00 0.00 0.00 0.00 0.00 0.00 0.00 0.00 0.00 0.00 0.00 0.00 0.00 0.00 0.00 0.00 0.00 0.00 0.00 0.00 0.00 0.00 0.00 0.00 0.00 0.00 0.00 0.00 0.00 0.00 0.00 0.00 0.00 0.00 0.00 0.00 0.00 0.00 0.00 0.00 0.00 0.00 0.00 0.00 0.00 0.00 0.00 0.00 0.00 0.00 0.00 0.00 0.00 0.00 0.00 0.00 0.00 0.00 0.00 0.00 0.00 0.00 0.00 0.00 0.00 0.00 0.00 0.00 0.00 0.00 0.00 0.00 0.00 0.00 0.00 0.00 0.00 0.00 0.00 0.00 0.00 0.00 0.00 0.00 0.00 0.00 0.00 0.00 0.00 0.00 0.00 0.00 0.00 0.00 0.00 0.00 0.00 0.00 0.00 0.00 0.00 0.00 0.00 0.00 0.00 0.00 0.00 0.00 0.00 0.00 0.00 0.00 0.00 0.00 0.00 0.00 0.00 0.00 0.00 0.00 0.00 0.00 0.00 0.00 0.00 0.00 0.00 0.00 0.00 0.00 0.00 0.00 0.00 0.00 0.00 0.00 0.00 0.00 0.00 0.00 0.00 0.00 0.00 0.00 0.00 0.00 0.00 0.00 0.00 0.00 0.00 0.00 0.00 0.00 0.00 0.00 0.00 0.00 0.00 0.00 0.00 0.00 0.00 0.00 0.00 0.00 0.00 0.00 0.00 0.00 0.00 0.00 0.00 0.00 0.00 0.00 0.00 0.00 0.00 0.00 0.00 0.00 0.00 0.00 0.00 0.00 0.00 0.00 0.00 0.00 0.00 0.00 0.00 0.00 0.00 0.00 0.00 0.00 0.00 0.00 0.00 0.00 0.00 0.00 0.00 0.00 0.00 0.00 0.00 0.00 0.00 0.00 0.00 0.00 0.00 0.00 0.00 0.00 0.00 0.00 0.00 0.00 0.00 0.00 0.00 0.00 0.00 0.00 0.00 0.00 0.00 0.00 0.00 0.00 0.00 0.00 0.00 0.00 0.00 0.00 0.00 0.00 0.00 0.00 0.00 0.00 0.00 0.00 0.00 0.00 0.00 0.00 0.00 0.00 0.00 0.00 0.00 0.00 0.00 0.00 0.00 0.00 0.00 0.00 0.00 0.00 0.00 0.00 0.00 0.00 0.00 0.00 0.00 0.00 0.00 0.00 0.00 0.00 0.00 0.00 0.00 0.00 0.00 0.00 0.00 0.00 0.00 0.00 0.00 0.00 0.00 0.00 0.00 0.00 0.00 0.00 0.00 0.00 0.00 0.00 0.00 0.00 0.00 0.00 0.00 0.00 0.00 0.00 0.00 0.00 0.00 0.00 0.00 0.00 0.00 0.00 0.00 0.00 0.00 0.00 0.00 0.00 0.00 0.00 0.00 0.00 0.00 0.00 0.00 0.00 0.00 0.00 0.00 0.00 0.00 0.00 0.00 0.00 0.00 0.00 0.00 0.00 0.00 0.00 0.00 0.00 0.00 0.00 0.00 0.00 0.00 0.00 0.00 0.00 0.00 0.00 0.00 0.00 0.00 0.00 0.00 0.00 0.00 0.00 0.00 0.00 0.00 0.00 0.00 0.00 0.00 0.00 0.00 0.00 0.00 0.00 0.00 0.00 0.00 0.00 0.00 0.00 0.00 0.00 0.00 0.00 0.00 0.00 0.00 0.00 0.00 0.00 0.00 0.00 0.00 0.00 0.00 0.00 0.00 0.00 0.00 0.00 0.00 0.00 0.00 0.00 0.00 0.00 0.00 0.00 0.00 0.00 0.00 0.00 0.00 0.00 0.00 0.00 0.00 0.00 0.00 0.00 0.00 0.00 0.00 0.00 0.00 0.00 0.00 0.00 0.00 0.00 0.00 0.00 0.00 0.00 0.00 0.00 0.00 0.00 0.00 0.00 0.00 0.00 0.00 0.00 0.00 0.00 0.00 0.00 0.00 0.00 0.00 0.00 0.00 0.00 0.00 0.00 0.00 0.00 0.00 0.00 0.00 0.00 0.00 0.00 0.00 0.00 0.00 0.00 0.00 0.00 0.00 0.00 0.00 0.00 0.00 0.00 0.00 0.00 0.00 0.00 0.00 0.00 0.00 0.00 0.00 0.00 0.00 0.00 0.00 0.00 0.00 0.00 0.00 0.00 0.00 0.00 0.00 0.00 0.00 0.00 0.00 0.00 0.00 0.00 0.00 0.00 0.00 0.00 0.00 0.00 0.00 0.00 0.00 0.00 0.00 0.00 0.00 0.00 0.00 0.00 0.00 0.00 0.00 0.00 0.00 0.00 0.00 0.00 0.00 0.00 0.00 0.00 0.00 0.00 0.00 0.00 0.00 0.00 0.00 0.00 0.00 0.00 0.00 0.00 0.00 0.00 0.00 0.00 0.00 0.00 0.00 0.00 0.00 0.00 0.00 0.00 0.00 0.00 0.00 0.00 0.00 0.00 0.00 0.00 0.00 0.00 0.00 0.00 0.00 0.00 0.00 0.00 0.00 0.00 0.00 0.00 0.00 0.00 0.00 0.00 0.00 0.00 0.00 0.00 0.00 0.00 0.00 0.00 0.00 0.00 0.00 0.00 0.00 0.00 0.00 0.00 0.00 0.00 0.00 0.00 0.00 0.00 0.00 0.00 0.00 0.00 0.00 0.00 0.00 0.00 0.00 0.00 0.00 0.00 0.00 0.00 0.00 0.00 0.00 0.00 0.00 0.00 0.00 0.00 0.00 0.00 0.00 0.00 0.00 0.00 0.00 0.00 0.00 0.00 0.00 0.00 0.00 0.00 0.00 0.00 0.00 0.00 0.00 0.00 0.00 0.00 0.00 0.00 0.00 0.00 0.00 0.00 0.00 0.00 0.00 0.00 0.00 0.00 0.00 0.00 0.00 0.00 0.00 0.00 0.00 0.00 0.00 0.00 0.00 0.00 0.00 0.00 0.00 0.00 0.00 0.00 0.00 0.00 0.00 0.00 0.00 0.00 0.00 0.00 0.00 0.00 0.00 0.00 0.00 0.00 0.00 0.00 0.00
height.size=990
height.data=85113.70 85113.70 85113.70 85113.70 85113.70 85113.70 85113.70 85113.70 85113.70 85113.70 85113.70 85224.05 85224.05 85224.05 85224.05 85224.05 85224.05 85224.05 85224.05 85224.05 85224.05 85224.05 85334.41 85334.41 85334.41 85334.41 85334.41 85334.41 85334.41 85334.41 85334.41 85334.41 85334.41 85444.77 85444.77 85444.77 85444.77 85444.77 85444.77 85444.77 85444.77 85444.77 85444.77 85444.77 85555.13 85555.13 85555.13 85555.13 85555.13 85555.13 85555.13 85555.13 85555.13 85555.13 85555.13 85665.51 85665.51 85665.51 85665.51 85665.51 85665.51 85665.51 85665.51 85665.51 85665.51 85665.51 85775.89 85775.89 85775.89 85775.89 85775.89 85775.89 85775.89 85775.89 85775.89 85775.89 85775.89 85886.27 85886.27 85886.27 85886.27 85886.27 85886.27 85886.27 85886.27 85886.27 85886.27 85886.27 85996.66 85996.66 85996.66 85996.66 85996.66 85996.66 85996.66 85996.66 85996.66 85996.66 85996.66 86107.06 86107.06 86107.06 86107.06 86107.06 86107.06 86107.06 86107.06 86107.06 86107.06 86107.06 86217.46 86217.46 86217.46 86217.46 86217.46 86217.46 86217.46 86217.46 86217.46 86217.46 86217.46 86327.87 86327.87 86327.87 86327.87 86327.87 86327.87 86327.87 86327.87 86327.87 86327.87 86327.87 86438.28 86438.28 86438.28 86438.28 86438.28 86438.28 86438.28 86438.28 86438.28 86438.28 86438.28 86548.70 86548.70 86548.70 86548.70 86548.70 86548.70 86548.70 86548.70 86548.70 86548.70 86548.70 86659.13 86659.13 86659.13 86659.13 86659.13 86659.13 86659.13 86659.13 86659.13 86659.13 86659.13 86769.56 86769.56 86769.56 86769.56 86769.56 86769.56 86769.56 86769.56 86769.56 86769.56 86769.56 86880.00 86880.00 86880.00 86880.00 86880.00 86880.00 86880.00 86880.00 86880.00 86880.00 86880.00 86990.44 86990.44 86990.44 86990.44 86990.44 86990.44 86990.44 86990.44 86990.44 86990.44 86990.44 87100.89 87100.89 87100.89 87100.89 87100.89 87100.89 87100.89 87100.89 87100.89 87100.89 87100.89 87211.35 87211.35 87211.35 87211.35 87211.35 87211.35 87211.35 87211.35 87211.35 87211.35 87211.35 87321.81 87321.81 87321.81 87321.81 87321.81 87321.81 87321.81 87321.81 87321.81 87321.81 87321.81 87432.27 87432.27 87432.27 87432.27 87432.27 87432.27 87432.27 87432.27 87432.27 87432.27 87432.27 87542.75 87542.75 87542.75 87542.75 87542.75 87542.75 87542.75 87542.75 87542.75 87542.75 87542.75 87653.22 87653.22 87653.22 87653.22 87653.22 87653.22 87653.22 87653.22 87653.22 87653.22 87653.22 87763.71 87763.71 87763.71 87763.71 87763.71 87763.71 87763.71 87763.71 87763.71 87763.71 87763.71 87874.20 87874.20 87874.20 87874.20 87874.20 87874.20 87874.20 87874.20 87874.20 87874.20 87874.20 87984.70 87984.70 87984.70 87984.70 87984.70 87984.70 87984.70 87984.70 87984.70 87984.70 87984.70 88095.20 88095.20 88095.20 88095.20 88095.20 88095.20 88095.20 88095.20 88095.20 88095.20 88095.20 88205.71 88205.71 88205.71 88205.71 88205.71 88205.71 88205.71 88205.71 88205.71 88205.71 88205.71 88316.22 88316.22 88316.22 88316.22 88316.22 88316.22 88316.22 88316.22 88316.22 88316.22 88316.22 88426.74 88426.74 88426.74 88426.74 88426.74 88426.74 88426.74 88426.74 88426.74 88426.74 88426.74 88537.26 88537.26 88537.26 88537.26 88537.26 88537.26 88537.26 88537.26 88537.26 88537.26 88537.26 88647.80 88647.80 88647.80 88647.80 88647.80 88647.80 88647.80 88647.80 88647.80 88647.80 88647.80 88758.33 88758.33 88758.33 88758.33 88758.33 88758.33 88758.33 88758.33 88758.33 88758.33 88758.33 88868.88 88868.88 88868.88 88868.88 88868.88 88868.88 88868.88 88868.88 88868.88 88868.88 88868.88 88979.42 88979.42 88979.42 88979.42 88979.42 88979.42 88979.42 88979.42 88979.42 88979.42 88979.42 89089.98 89089.98 89089.98 89089.98 89089.98 89089.98 89089.98 89089.98 89089.98 89089.98 89089.98 89200.54 89200.54 89200.54 89200.54 89200.54 89200.54 89200.54 89200.54 89200.54 89200.54 89200.54 89311.11 89311.11 89311.11 89311.11 89311.11 89311.11 89311.11 89311.11 89311.11 89311.11 89311.11 89421.68 89421.68 89421.68 89421.68 89421.68 89421.68 89421.68 89421.68 89421.68 89421.68 89421.68 89532.26 89532.26 89532.26 89532.26 89532.26 89532.26 89532.26 89532.26 89532.26 89532.26 89532.26 89642.84 89642.84 89642.84 89642.84 89642.84 89642.84 89642.84 89642.84 89642.84 89642.84 89642.84 89753.43 89753.43 89753.43 89753.43 89753.43 89753.43 89753.43 89753.43 89753.43 89753.43 89753.43 89864.03 89864.03 89864.03 89864.03 89864.03 89864.03 89864.03 89864.03 89864.03 89864.03 89864.03 89974.63 89974.63 89974.63 89974.63 89974.63 89974.63 89974.63 89974.63 89974.63 89974.63 89974.63 90085.24 90085.24 90085.24 90085.24 90085.24 90085.24 90085.24 90085.24 90085.24 90085.24 90085.24 90195.85 90195.85 90195.85 90195.85 90195.85 90195.85 90195.85 90195.85 90195.85 90195.85 90195.85 90306.47 90306.47 90306.47 90306.47 90306.47 90306.47 90306.47 90306.47 90306.47 90306.47 90306.47 90417.09 90417.09 90417.09 90417.09 90417.09 90417.09 90417.09 90417.09 90417.09 90417.09 90417.09 90527.72 90527.72 90527.72 90527.72 90527.72 90527.72 90527.72 90527.72 90527.72 90527.72 90527.72 90638.36 90638.36 90638.36 90638.36 90638.36 90638.36 90638.36 90638.36 90638.36 90638.36 90638.36 90749.00 90749.00 90749.00 90749.00 90749.00 90749.00 90749.00 90749.00 90749.00 90749.00 90749.00 90859.65 90859.65 90859.65 90859.65 90859.65 90859.65 90859.65 90859.65 90859.65 90859.65 90859.65 90970.31 90970.31 90970.31 90970.31 90970.31 90970.31 90970.31 90970.31 90970.31 90970.31 90970.31 91080.97 91080.97 91080.97 91080.97 91080.97 91080.97 91080.97 91080.97 91080.97 91080.97 91080.97 91191.63 91191.63 91191.63 91191.63 91191.63 91191.63 91191.63 91191.63 91191.63 91191.63 91191.63 91302.30 91302.30 91302.30 91302.30 91302.30 91302.30 91302.30 91302.30 91302.30 91302.30 91302.30 91412.98 91412.98 91412.98 91412.98 91412.98 91412.98 91412.98 91412.98 91412.98 91412.98 91412.98 91523.67 91523.67 91523.67 91523.67 91523.67 91523.67 91523.67 91523.67 91523.67 91523.67 91523.67 91634.35 91634.35 91634.35 91634.35 91634.35 91634.35 91634.35 91634.35 91634.35 91634.35 91634.35 91745.05 91745.05 91745.05 91745.05 91745.05 91745.05 91745.05 91745.05 91745.05 91745.05 91745.05 91855.75 91855.75 91855.75 91855.75 91855.75 91855.75 91855.75 91855.75 91855.75 91855.75 91855.75 91966.46 91966.46 91966.46 91966.46 91966.46 91966.46 91966.46 91966.46 91966.46 91966.46 91966.46 92077.17 92077.17 92077.17 92077.17 92077.17 92077.17 92077.17 92077.17 92077.17 92077.17 92077.17 92187.89 92187.89 92187.89 92187.89 92187.89 92187.89 92187.89 92187.89 92187.89 92187.89 92187.89 92298.61 92298.61 92298.61 92298.61 92298.61 92298.61 92298.61 92298.61 92298.61 92298.61 92298.61 92409.34 92409.34 92409.34 92409.34 92409.34 92409.34 92409.34 92409.34 92409.34 92409.34 92409.34 92520.08 92520.08 92520.08 92520.08 92520.08 92520.08 92520.08 92520.08 92520.08 92520.08 92520.08 92630.82 92630.82 92630.82 92630.82 92630.82 92630.82 92630.82 92630.82 92630.82 92630.82 92630.82 92741.57 92741.57 92741.57 92741.57 92741.57 92741.57 92741.57 92741.57 92741.57 92741.57 92741.57 92852.32 92852.32 92852.32 92852.32 92852.32 92852.32 92852.32 92852.32 92852.32 92852.32 92852.32 92963.08 92963.08 92963.08 92963.08 92963.08 92963.08 92963.08 92963.08 92963.08 92963.08 92963.08 93073.85 93073.85 93073.85 93073.85 93073.85 93073.85 93073.85 93073.85 93073.85 93073.85 93073.85 93184.62 93184.62 93184.62 93184.62 93184.62 93184.62 93184.62 93184.62 93184.62 93184.62 93184.62 93295.40 93295.40 93295.40 93295.40 93295.40 93295.40 93295.40 93295.40 93295.40 93295.40 93295.40 93406.18 93406.18 93406.18 93406.18 93406.18 93406.18 93406.18 93406.18 93406.18 93406.18 93406.18 93516.97 93516.97 93516.97 93516.97 93516.97 93516.97 93516.97 93516.97 93516.97 93516.97 93516.97 93627.76 93627.76 93627.76 93627.76 93627.76 93627.76 93627.76 93627.76 93627.76 93627.76 93627.76 93738.57 93738.57 93738.57 93738.57 93738.57 93738.57 93738.57 93738.57 93738.57 93738.57 93738.57 93849.37 93849.37 93849.37 93849.37 93849.37 93849.37 93849.37 93849.37 93849.37 93849.37 93849.37 93960.18 93960.18 93960.18 93960.18 93960.18 93960.18 93960.18 93960.18 93960.18 93960.18 93960.18 94071.00 94071.00 94071.00 94071.00 94071.00 94071.00 94071.00 94071.00 94071.00 94071.00 94071.00 94181.83 94181.83 94181.83 94181.83 94181.83 94181.83 94181.83 94181.83 94181.83 94181.83 94181.83 94292.66 94292.66 94292.66 94292.66 94292.66 94292.66 94292.66 94292.66 94292.66 94292.66 94292.66 94403.49 94403.49 94403.49 94403.49 94403.49 94403.49 94403.49 94403.49 94403.49 94403.49 94403.49 94514.33 94514.33 94514.33 94514.33 94514.33 94514.33 94514.33 94514.33 94514.33 94514.33 94514.33 94625.18 94625.18 94625.18 94625.18 94625.18 94625.18 94625.18 94625.18 94625.18 94625.18 94625.18 94736.03 94736.03 94736.03 94736.03 94736.03 94736.03 94736.03 94736.03 94736.03 94736.03 94736.03 94846.89 94846.89 94846.89 94846.89 94846.89 94846.89 94846.89 94846.89 94846.89 94846.89 94846.89 94957.76 94957.76 94957.76 94957.76 94957.76 94957.76 94957.76 94957.76 94957.76 94957.76 94957.76
=== END RADAR_SCAN ===

=== BEGIN RADAR_SCAN ===
scan.index=8
scan.time=97.330000
radar.id=0
radar.frequency=C
radar.scanning_mode=PPI
radar.x=0.000
radar.y=0.000
radar.z=25.000
radar.maximum_range=250000.000
radar.range_resolution=250.000
radar.angular_resolution=1.000000
box.radar_id=0
box.min_range_gate=760.000
box.max_range_gate=846.000
box.min_angle=102.000000
box.max_angle=113.000000
box.num_ranges=87
box.num_angles=11
box.range_resolution=250.000
box.angular_resolution=1.000000
box.other_angle=20.000000
grid.size=957
grid.data=0.00 0.00 0.00 0.00 0.00 0.00 0.00 0.00 0.00 0.00 0.00 0.00 0.00 0.00 0.00 0.00 0.00 0.00 0.00 0.00 0.00 0.00 0.00 0.00 0.00 0.00 0.00 0.00 0.00 0.00 0.00 0.00 0.00 0.00 0.00 0.00 0.00 0.00 0.00 0.00 0.00 0.00 0.00 0.00 0.00 0.00 0.00 0.00 0.00 0.00 0.00 0.00 0.00 0.00 0.00 0.00 0.00 0.00 0.00 0.00 0.00 0.00 0.00 0.00 0.00 0.00 0.00 0.00 0.00 0.00 0.00 0.00 0.00 0.00 0.00 0.00 0.00 0.00 0.00 0.00 0.00 0.00 0.00 0.00 0.00 0.00 0.00 0.00 0.00 0.00 0.00 0.00 0.00 2.03 0.31 0.00 0.00 0.00 0.00 0.00 0.00 0.00 0.00 0.00 1.47 -0.49 0.00 0.00 0.00 0.00 0.00 0.00 0.00 0.00 0.00 -1.72 0.54 0.00 0.00 0.00 0.00 0.00 0.00 0.00 0.00 0.00 2.21 1.32 0.00 0.00 0.00 0.00 0.00 0.00 0.00 0.00 0.29 0.04 1.45 0.00 0.00 0.00 0.00 0.00 0.00 0.00 0.00 0.44 0.35 1.66 -0.17 0.00 0.00 0.00 0.00 0.00 0.00 0.00 0.13 0.56 0.50 -0.51 0.00 0.00 0.00 0.00 0.00 0.00 0.00 0.69 -1.12 0.70 1.01 0.00 0.00 0.00 0.00 0.00 0.00 0.00 -2.50 -0.61 0.32 1.10 0.00 0.00 0.00 0.00 0.00 0.00 0.00 0.58 0.53 -0.41 -0.35 0.00 0.00 0.00 0.00 0.00 0.00 0.00 -0.80 0.50 -0.23 2.02 0.00 0.00 0.00 0.00 0.00 0.00 0.00 1.34 1.21 -0.43 0.72 0.00 0.00 0.00 0.00 0.00 0.00 0.00 0.37 0.02 -0.28 0.62 0.00 0.00 0.00 0.00 0.00 0.00 0.00 -1.55 0.54 0.64 -0.87 0.00 0.00 0.00 0.00 0.00 0.00 0.00 1.75 0.63 -1.08 -1.51 0.00 0.00 0.00 0.00 0.00 0.00 0.00 1.47 -2.00 -0.60 -0.20 0.00 0.00 0.00 0.00 0.00 0.00 0.03 2.53 -0.04 0.03 0.39 0.00 0.00 0.00 0.00 0.00 0.00 -1.14 0.04 -0.08 -0.03 0.80 0.00 0.00 0.00 0.00 0.00 0.00 -0.84 0.51 -0.21 0.57 -0.31 -2.15 0.00 0.00 0.00 0.00 0.00 0.56 0.15 -1.34 0.88 -0.55 0.01 0.00 0.00 0.00 0.00 0.00 0.39 -1.10 -0.17 1.41 -0.19 0.69 0.00 0.00 0.00 0.00 0.00 1.39 -0.68 -0.02 -1.36 0.58 0.01 0.00 0.00 0.00 0.00 0.00 0.86 -0.59 -1.78 -1.10 0.31 -0.07 0.00 0.00 0.00 0.00 0.00 -0.08 0.45 0.54 3.53 -0.21 -0.90 0.00 0.00 0.00 0.00 0.00 -0.82 1.54 0.22 0.02 -0.32 -0.15 0.00 0.00 0.00 0.00 0.00 1.36 -0.08 0.10 -0.70 -1.25 -1.49 0.00 0.00 0.00 0.00 0.00 0.84 -0.16 -0.05 1.78 -0.55 -1.02 0.00 0.00 0.00 0.00 0.00 0.63 1.68 1.99 -1.16 0.91 0.52 0.00 0.00 0.00 0.00 0.00 0.64 -0.28 -1.31 1.04 0.50 0.26 0.00 0.00 0.00 0.00 0.00 0.43 -1.03 -0.68 0.81 0.37 -0.24 0.00 0.00 0.00 0.00 0.00 -2.06 -0.05 -0.67 1.24 -1.40 -0.52 0.00 0.00 0.00 0.00 0.00 1.74 0.19 1.61 -0.76 0.38 0.78 0.00 0.00 0.00 0.00 0.00 0.22 1.51 -1.04 -0.80 0.93 -0.50 0.00 0.00 0.00 0.00 0.00 -1.17 -1.20 0.74 0.88 -1.15 0.09 0.00 0.00 0.00 0.00 0.00 -1.69 -0.11 -0.29 -0.60 -0.57 -0.10 0.00 0.00 0.00 0.00 0.00 0.35 0.05 -0.46 -0.48 1.18 0.35 0.00 0.00 0.00 0.00 0.00 1.66 0.45 -1.96 -1.39 0.83 -1.07 0.00 0.00 0.00 0.00 0.00 1.11 0.45 -0.99 -1.15 -1.17 1.05 0.00 0.00 0.00 0.00 0.00 0.38 1.55 -3.19 0.24 -0.31 2.14 0.00 0.00 0.00 0.00 0.00 -1.20 0.42 -1.02 0.10 -1.50 0.42 0.00 0.00 0.00 0.00 0.00 1.27 0.18 -0.04 0.10 0.76 -0.30 0.00 0.00 0.00 0.00 0.00 -0.32 0.79 -0.04 -1.13 -1.52 -0.28 0.00 0.00 0.00 0.00 0.00 0.87 1.52 -1.14 0.59 -0.78 -0.00 0.00 0.00 0.00 0.00 0.00 -1.44 1.19 -1.57 -1.35 0.97 -2.25 0.00 0.00 0.00 0.00 0.00 -0.59 -1.42 -0.81 -0.70 0.13 -0.02 0.00 0.00 0.00 0.00 0.00 2.14 -0.35 -1.27 1.09 1.28 0.90 0.00 0.00 0.00 0.00 0.00 0.17 -0.49 -0.41 1.38 -1.27 1.14 0.00 0.00 0.00 0.00 0.00 0.39 -3.43 -0.06 0.88 -0.36 -0.51 0.00 0.00 0.00 0.00 0.00 -0.97 0.31 -0.50 0.25 -1.78 -0.57 0.00 0.00 0.00 0.00 0.00 1.88 0.29 0.02 -0.71 0.30 0.89 0.00 0.00 0.00 0.00 0.00 -2.22 -0.38 0.77 -0.37 0.77 1.63 0.00 0.00 0.00 0.00 0.00 0.02 0.03 -1.04 -1.69 2.30 0.30 0.00 0.00 0.00 0.00 0.00 1.59 0.82 -0.47 -0.07 -0.77 0.16 0.00 0.00 0.00 0.00 0.00 -0.17 -0.39 -1.27 0.35 -1.14 -0.45 0.00 0.00 0.00 0.00 0.00 0.25 -1.10 1.02 0.25 0.49 1.04 0.00 0.00 0.00 0.00 0.00 -0.36 0.62 -0.89 -2.01 -1.82 1.03 0.00 0.00 0.00 0.00 0.00 -0.71 1.62 -0.53 -1.35 0.87 -0.75 0.00 0.00 0.00 0.00 0.00 -0.09 0.77 -0.75 -0.27 -0.18 -0.29 0.00 0.00 0.00 0.00 0.00 0.06 0.69 -0.30 -0.39 0.20 0.17 0.00 0.00 0.00 0.00 0.00 0.52 0.20 1.07 -0.47 -0.48 0.26 0.00 0.00 0.00 0.00 0.00 0.44 -0.75 -0.15 -0.77 0.14 -0.06 0.00 0.00 0.00 0.00 0.00 -0.52 0.07 -1.29 -0.11 -1.27 -0.83 0.00 0.00 0.00 0.00 0.00 0.04 -1.99 -0.82 -0.15 0.13 1.07 0.00 0.00 0.00 0.00 0.00 -0.62 1.60 0.62 1.71 -0.67 -0.13 0.00 0.00 0.00 0.00 0.00 0.37 1.25 0.18 1.50 -1.00 1.46 0.00 0.00 0.00 0.00 0.00 1.47 1.44 2.24 -0.19 -0.64 -0.54 0.00 0.00 0.00 0.00 0.00 -0.34 -2.03 -0.01 -0.98 -0.26 0.00 0.00 0.00 0.00 0.00 0.00 0.00 -1.13 -1.82 -0.92 1.16 0.00 0.00 0.00 0.00 0.00 0.00 0.00 1.37 -0.78 0.17 -0.79 0.00 0.00 0.00 0.00 0.00 0.00 0.00 0.19 0.14 1.04 0.79 0.00 0.00 0.00 0.00 0.00 0.00 0.00 1.57 -0.11 -1.07 0.50 0.00 0.00 0.00 0.00 0.00 0.00 0.00 -2.33 -0.98 -0.23 -0.79 0.00 0.00 0.00 0.00 0.00 0.00 0.00 -0.59 0.95 -0.22 0.63 0.00 0.00 0.00 0.00 0.00 0.00 0.00 -0.58 0.89 -0.60 0.31 0.00 0.00 0.00 0.00 0.00 0.00 0.00 -1.15 0.35 0.48 0.86 0.00 0.00 0.00 0.00 0.00 0.00 0.00 -0.55 0.07 2.01 0.38 0.00 0.00 0.00 0.00 0.00 0.00 0.00 -1.14 -0.94 -0.38 1.57 0.00 0.00 0.00 0.00 0.00 0.00 0.00 0.58 0.04 -0.31 1.65 0.00 0.00 0.00 0.00 0.00 0.00 0.00 1.12 -1.23 -0.91 0.22 0.00 0.00 0.00
rain_type.data=0 0 0 0 0 0 0 0 0 0 0 0 0 0 0 0 0 0 0 0 0 0 0 0 0 0 0 0 0 0 0 0 0 0 0 0 0 0 0 0 0 0 0 0 0 0 0 0 0 0 0 0 0 0 0 0 0 0 0 0 0 0 0 0 0 0 0 0 0 0 0 0 0 0 0 0 0 0 0 0 0 0 0 0 0 0 0 0 0 0 0 0 0 1 1 0 0 0 0 0 0 0 0 0 1 1 0 0 0 0 0 0 0 0 0 1 1 0 0 0 0 0 0 0 0 0 1 1 0 0 0 0 0 0 0 0 1 1 1 0 0 0 0 0 0 0 0 1 1 1 1 0 0 0 0 0 0 0 1 1 1 1 0 0 0 0 0 0 0 1 1 1 1 0 0 0 0 0 0 0 1 1 1 1 0 0 0 0 0 0 0 1 1 1 1 0 0 0 0 0 0 0 1 1 1 1 0 0 0 0 0 0 0 1 1 1 1 0 0 0 0 0 0 0 1 1 1 1 0 0 0 0 0 0 0 1 1 1 1 0 0 0 0 0 0 0 1 1 1 1 0 0 0 0 0 0 0 2 1 1 1 0 0 0 0 0 0 1 2 1 1 1 0 0 0 0 0 0 1 2 1 1 1 0 0 0 0 0 0 1 2 1 1 1 1 0 0 0 0 0 1 2 1 1 1 1 0 0 0 0 0 2 2 2 1 1 1 0 0 0 0 0 2 2 2 1 1 1 0 0 0 0 0 2 2 2 1 1 1 0 0 0 0 0 2 2 2 1 1 1 0 0 0 0 0 2 2 2 1 1 1 0 0 0 0 0 2 2 2 1 1 1 0 0 0 0 0 2 2 2 1 1 1 0 0 0 0 0 2 2 2 1 1 1 0 0 0 0 0 2 2 2 1 1 1 0 0 0 0 0 2 2 2 1 1 1 0 0 0 0 0 2 2 2 1 1 1 0 0 0 0 0 2 2 2 1 1 1 0 0 0 0 0 2 2 2 1 1 1 0 0 0 0 0 2 2 2 1 1 1 0 0 0 0 0 2 2 2 1 1 1 0 0 0 0 0 2 2 2 1 1 1 0 0 0 0 0 2 2 2 1 1 1 0 0 0 0 0 2 2 2 1 1 1 0 0 0 0 0 2 2 2 1 1 1 0 0 0 0 0 2 2 2 1 1 1 0 0 0 0 0 2 2 2 1 1 1 0 0 0 0 0 2 2 2 1 1 1 0 0 0 0 0 2 2 2 1 1 1 0 0 0 0 0 2 2 2 1 1 1 0 0 0 0 0 2 2 2 1 1 1 0 0 0 0 0 2 2 2 1 1 1 0 0 0 0 0 2 2 2 1 1 1 0 0 0 0 0 2 2 2 1 1 1 0 0 0 0 0 2 2 2 1 1 1 0 0 0 0 0 2 2 2 1 1 1 0 0 0 0 0 2 2 2 1 1 1 0 0 0 0 0 2 2 2 1 1 1 0 0 0 0 0 1 2 2 1 1 1 0 0 0 0 0 1 2 1 1 1 1 0 0 0 0 0 1 2 1 1 1 1 0 0 0 0 0 1 2 1 1 1 1 0 0 0 0 0 1 2 1 1 1 1 0 0 0 0 0 1 2 1 1 1 1 0 0 0 0 0 1 1 1 1 1 1 0 0 0 0 0 1 1 1 1 1 1 0 0 0 0 0 1 1 1 1 1 1 0 0 0 0 0 1 1 1 1 1 1 0 0 0 0 0 1 1 1 1 1 1 0 0 0 0 0 1 1 1 1 1 1 0 0 0 0 0 1 1 1 1 1 1 0 0 0 0 0 1 1 1 1 1 1 0 0 0 0 0 1 1 1 1 1 0 0 0 0 0 0 0 1 1 1 1 0 0 0 0 0 0 0 1 1 1 1 0 0 0 0 0 0 0 1 1 1 1 0 0 0 0 0 0 0 1 1 1 1 0 0 0 0 0 0 0 1 1 1 1 0 0 0 0 0 0 0 1 1 1 1 0 0 0 0 0 0 0 1 1 1 1 0 0 0 0 0 0 0 1 1 1 1 0 0 0 0 0 0 0 1 1 1 1 0 0 0 0 0 0 0 1 1 1 1 0 0 0 0 0 0 0 1 1 1 1 0 0 0 0 0 0 0 1 1 1 1 0 0 0
estimated_attenuation.size=957
estimated_attenuation.data=0.00 0.00 0.00 0.00 0.00 0.00 0.00 0.00 0.00 0.00 0.00 0.00 0.00 0.00 0.00 0.00 0.00 0.00 0.00 0.00 0.00 0.00 0.00 0.00 0.00 0.00 0.00 0.00 0.00 0.00 0.00 0.00 0.00 0.00 0.00 0.00 0.00 0.00 0.00 0.00 0.00 0.00 0.00 0.00 0.00 0.00 0.00 0.00 0.00 0.00 0.00 0.00 0.00 0.00 0.00 0.00 0.00 0.00 0.00 0.00 0.00 0.00 0.00 0.00 0.00 0.00 0.00 0.00 0.00 0.00 0.00 0.00 0.00 0.00 0.00 0.00 0.00 0.00 0.00 0.00 0.00 0.00 0.00 0.00 0.00 0.00 0.00 0.00 0.00 0.00 0.00 0.00 0.00 0.00 0.00 0.00 0.00 0.00 0.00 0.00 0.00 0.00 0.00 0.00 0.00 0.00 0.00 0.00 0.00 0.00 0.00 0.00 0.00 0.00 0.00 0.00 0.00 0.00 0.00 0.00 0.00 0.00 0.00 0.00 0.00 0.00 0.00 0.00 0.00 0.00 0.00 0.00 0.00 0.00 0.00 0.00 0.00 0.00 0.00 0.00 0.00 0.00 0.00 0.00 0.00 0.00 0.00 0.00 0.00 0.00 0.00 0.00 0.00 0.00 0.00 0.00 0.00 0.00 0.00 0.00 0.00 0.00 0.00 0.00 0.00 0.00 0.00 0.00 0.00 0.00 0.00 0.00 0.00 0.00 0.00 0.00 0.00 0.00 0.00 0.00 0.00 0.00 0.00 0.00 0.00 0.00 0.00 0.00 0.00 0.00 0.00 0.00 0.00 0.00 0.00 0.00 0.00 0.00 0.00 0.00 0.00 0.00 0.00 0.00 0.00 0.00 0.00 0.00 0.00 0.00 0.00 0.00 0.00 0.00 0.00 0.00 0.00 0.00 0.00 0.00 0.00 0.00 0.00 0.00 0.00 0.00 0.00 0.00 0.00 0.00 0.00 0.00 0.00 0.00 0.00 0.00 0.00 0.00 0.00 0.00 0.00 0.00 0.00 0.00 0.00 0.00 0.00 0.00 0.00 0.00 0.00 0.00 0.00 0.00 0.00 0.00 0.00 0.00 0.00 0.00 0.00 0.00 0.00 0.00 0.00 0.00 0.00 0.00 0.00 0.00 0.00 0.00 0.00 0.00 0.00 0.00 0.00 0.00 0.00 0.00 0.00 0.00 0.00 0.00 0.00 0.00 0.00 0.00 0.00 0.00 0.00 0.00 0.00 0.00 0.00 0.00 0.00 0.00 0.00 0.00 0.00 0.00 0.00 0.00 0.00 0.00 0.00 0.00 0.00 0.00 0.00 0.00 0.00 0.00 0.00 0.00 0.00 0.00 0.00 0.00 0.00 0.00 0.00 0.00 0.00 0.00 0.00 0.00 0.00 0.00 0.00 0.00 0.00 0.00 0.00 0.00 0.00 0.00 0.00 0.00 0.00 0.00 0.00 0.00 0.00 0.00 0.00 0.00 0.00 0.00 0.00 0.00 0.00 0.00 0.00 0.00 0.00 0.00 0.00 0.00 0.00 0.00 0.00 0.00 0.00 0.00 0.00 0.00 0.00 0.00 0.00 0.00 0.00 0.00 0.00 0.00 0.00 0.00 0.00 0.00 0.00 0.00 0.00 0.00 0.00 0.00 0.00 0.00 0.00 0.00 0.00 0.00 0.00 0.00 0.00 0.00 0.00 0.00 0.00 0.00 0.00 0.00 0.00 0.00 0.00 0.00 0.00 0.00 0.00 0.00 0.00 0.00 0.00 0.00 0.00 0.00 0.00 0.00 0.00 0.00 0.00 0.00 0.00 0.00 0.00 0.00 0.00 0.00 0.00 0.00 0.00 0.00 0.00 0.00 0.00 0.00 0.00 0.00 0.00 0.00 0.00 0.00 0.00 0.00 0.00 0.00 0.00 0.00 0.00 0.00 0.00 0.00 0.00 0.00 0.00 0.00 0.00 0.00 0.00 0.00 0.00 0.00 0.00 0.00 0.00 0.00 0.00 0.00 0.00 0.00 0.00 0.00 0.00 0.00 0.00 0.00 0.00 0.00 0.00 0.00 0.00 0.00 0.00 0.00 0.00 0.00 0.00 0.00 0.00 0.00 0.00 0.00 0.00 0.00 0.00 0.00 0.00 0.00 0.00 0.00 0.00 0.00 0.00 0.00 0.00 0.00 0.00 0.00 0.00 0.00 0.00 0.00 0.00 0.00 0.00 0.00 0.00 0.00 0.00 0.00 0.00 0.00 0.00 0.00 0.00 0.00 0.00 0.00 0.00 0.00 0.00 0.00 0.00 0.00 0.00 0.00 0.00 0.00 0.00 0.00 0.00 0.00 0.00 0.00 0.00 0.00 0.00 0.00 0.00 0.00 0.00 0.00 0.00 0.00 0.00 0.00 0.00 0.00 0.00 0.00 0.00 0.00 0.00 0.00 0.00 0.00 0.00 0.00 0.00 0.00 0.00 0.00 0.00 0.00 0.00 0.00 0.00 0.00 0.00 0.00 0.00 0.00 0.00 0.00 0.00 0.00 0.00 0.00 0.00 0.00 0.00 0.00 0.00 0.00 0.00 0.00 0.00 0.00 0.00 0.00 0.00 0.00 0.00 0.00 0.00 0.00 0.00 0.00 0.00 0.00 0.00 0.00 0.00 0.00 0.00 0.00 0.00 0.00 0.00 0.00 0.00 0.00 0.00 0.00 0.00 0.00 0.00 0.00 0.00 0.00 0.00 0.00 0.00 0.00 0.00 0.00 0.00 0.00 0.00 0.00 0.00 0.00 0.00 0.00 0.00 0.00 0.00 0.00 0.00 0.00 0.00 0.00 0.00 0.00 0.00 0.00 0.00 0.00 0.00 0.00 0.00 0.00 0.00 0.00 0.00 0.00 0.00 0.00 0.00 0.00 0.00 0.00 0.00 0.00 0.00 0.00 0.00 0.00 0.00 0.00 0.00 0.00 0.00 0.00 0.00 0.00 0.00 0.00 0.00 0.00 0.00 0.00 0.00 0.00 0.00 0.00 0.00 0.00 0.00 0.00 0.00 0.00 0.00 0.00 0.00 0.00 0.00 0.00 0.00 0.00 0.00 0.00 0.00 0.00 0.00 0.00 0.00 0.00 0.00 0.00 0.00 0.00 0.00 0.00 0.00 0.00 0.00 0.00 0.00 0.00 0.00 0.00 0.00 0.00 0.00 0.00 0.00 0.00 0.00 0.00 0.00 0.00 0.00 0.00 0.00 0.00 0.00 0.00 0.00 0.00 0.00 0.00 0.00 0.00 0.00 0.00 0.00 0.00 0.00 0.00 0.00 0.00 0.00 0.00 0.00 0.00 0.00 0.00 0.00 0.00 0.00 0.00 0.00 0.00 0.00 0.00 0.00 0.00 0.00 0.00 0.00 0.00 0.00 0.00 0.00 0.00 0.00 0.00 0.00 0.00 0.00 0.00 0.00 0.00 0.00 0.00 0.00 0.00 0.00 0.00 0.00 0.00 0.00 0.00 0.00 0.00 0.00 0.00 0.00 0.00 0.00 0.00 0.00 0.00 0.00 0.00 0.00 0.00 0.00 0.00 0.00 0.00 0.00 0.00 0.00 0.00 0.00 0.00 0.00 0.00 0.00 0.00 0.00 0.00 0.00 0.00 0.00 0.00 0.00 0.00 0.00 0.00 0.00 0.00 0.00 0.00 0.00 0.00 0.00 0.00 0.00 0.00 0.00 0.00 0.00 0.00 0.00 0.00 0.00 0.00 0.00 0.00 0.00 0.00 0.00 0.00 0.00 0.00 0.00 0.00 0.00 0.00 0.00 0.00 0.00 0.00 0.00 0.00 0.00 0.00 0.00 0.00 0.00 0.00 0.00 0.00 0.00 0.00 0.00 0.00 0.00 0.00 0.00 0.00 0.00 0.00 0.00 0.00 0.00 0.00 0.00 0.00 0.00 0.00 0.00 0.00 0.00 0.00 0.00 0.00 0.00 0.00 0.00 0.00 0.00 0.00 0.00 0.00 0.00 0.00 0.00 0.00 0.00 0.00 0.00 0.00 0.00 0.00 0.00 0.00 0.00 0.00 0.00 0.00 0.00 0.00 0.00 0.00 0.00 0.00 0.00 0.00 0.00 0.00 0.00 0.00 0.00 0.00 0.00 0.00 0.00 0.00 0.00 0.00 0.00 0.00 0.00
height.size=957
height.data=66845.67 66845.67 66845.67 66845.67 66845.67 66845.67 66845.67 66845.67 66845.67 66845.67 66845.67 66936.06 66936.06 66936.06 66936.06 66936.06 66936.06 66936.06 66936.06 66936.06 66936.06 66936.06 67026.46 67026.46 67026.46 67026.46 67026.46 67026.46 67026.46 67026.46 67026.46 67026.46 67026.46 67116.86 67116.86 67116.86 67116.86 67116.86 67116.86 67116.86 67116.86 67116.86 67116.86 67116.86 67207.27 67207.27 67207.27 67207.27 67207.27 67207.27 67207.27 67207.27 67207.27 67207.27 67207.27 67297.68 67297.68 67297.68 67297.68 67297.68 67297.68 67297.68 67297.68 67297.68 67297.68 67297.68 67388.10 67388.10 67388.10 67388.10 67388.10 67388.10 67388.10 67388.10 67388.10 67388.10 67388.10 67478.53 67478.53 67478.53 67478.53 67478.53 67478.53 67478.53 67478.53 67478.53 67478.53 67478.53 67568.96 67568.96 67568.96 67568.96 67568.96 67568.96 67568.96 67568.96 67568.96 67568.96 67568.96 67659.40 67659.40 67659.40 67659.40 67659.40 67659.40 67659.40 67659.40 67659.40 67659.40 67659.40 67749.85 67749.85 67749.85 67749.85 67749.85 67749.85 67749.85 67749.85 67749.85 67749.85 67749.85 67840.30 67840.30 67840.30 67840.30 67840.30 67840.30 67840.30 67840.30 67840.30 67840.30 67840.30 67930.76 67930.76 67930.76 67930.76 67930.76 67930.76 67930.76 67930.76 67930.76 67930.76 67930.76 68021.22 68021.22 68021.22 68021.22 68021.22 68021.22 68021.22 68021.22 68021.22 68021.22 68021.22 68111.69 68111.69 68111.69 68111.69 68111.69 68111.69 68111.69 68111.69 68111.69 68111.69 68111.69 68202.17 68202.17 68202.17 68202.17 68202.17 68202.17 68202.17 68202.17 68202.17 68202.17 68202.17 68292.65 68292.65 68292.65 68292.65 68292.65 68292.65 68292.65 68292.65 68292.65 68292.65 68292.65 68383.14 68383.14 68383.14 68383.14 68383.14 68383.14 68383.14 68383.14 68383.14 68383.14 68383.14 68473.64 68473.64 68473.64 68473.64 68473.64 68473.64 68473.64 68473.64 68473.64 68473.64 68473.64 68564.14 68564.14 68564.14 68564.14 68564.14 68564.14 68564.14 68564.14 68564.14 68564.14 68564.14 68654.65 68654.65 68654.65 68654.65 68654.65 68654.65 68654.65 68654.65 68654.65 68654.65 68654.65 68745.17 68745.17 68745.17 68745.17 68745.17 68745.17 68745.17 68745.17 68745.17 68745.17 68745.17 68835.69 68835.69 68835.69 68835.69 68835.69 68835.69 68835.69 68835.69 68835.69 68835.69 68835.69 68926.22 68926.22 68926.22 68926.22 68926.22 68926.22 68926.22 68926.22 68926.22 68926.22 68926.22 69016.75 69016.75 69016.75 69016.75 69016.75 69016.75 69016.75 69016.75 69016.75 69016.75 69016.75 69107.29 69107.29 69107.29 69107.29 69107.29 69107.29 69107.29 69107.29 69107.29 69107.29 69107.29 69197.84 69197.84 69197.84 69197.84 69197.84 69197.84 69197.84 69197.84 69197.84 69197.84 69197.84 69288.39 69288.39 69288.39 69288.39 69288.39 69288.39 69288.39 69288.39 69288.39 69288.39 69288.39 69378.95 69378.95 69378.95 69378.95 69378.95 69378.95 69378.95 69378.95 69378.95 69378.95 69378.95 69469.52 69469.52 69469.52 69469.52 69469.52 69469.52 69469.52 69469.52 69469.52 69469.52 69469.52 69560.09 69560.09 69560.09 69560.09 69560.09 69560.09 69560.09 69560.09 69560.09 69560.09 69560.09 69650.67 69650.67 69650.67 69650.67 69650.67 69650.67 69650.67 69650.67 69650.67 69650.67 69650.67 69741.26 69741.26 69741.26 69741.26 69741.26 69741.26 69741.26 69741.26 69741.26 69741.26 69741.26 69831.85 69831.85 69831.85 69831.85 69831.85 69831.85 69831.85 69831.85 69831.85 69831.85 69831.85 69922.45 69922.45 69922.45 69922.45 69922.45 69922.45 69922.45 69922.45 69922.45 69922.45 69922.45 70013.05 70013.05 70013.05 70013.05 70013.05 70013.05 70013.05 70013.05 70013.05 70013.05 70013.05 70103.66 70103.66 70103.66 70103.66 70103.66 70103.66 70103.66 70103.66 70103.66 70103.66 70103.66 70194.28 70194.28 70194.28 70194.28 70194.28 70194.28 70194.28 70194.28 70194.28 70194.28 70194.28 70284.90 70284.90 70284.90 70284.90 70284.90 70284.90 70284.90 70284.90 70284.90 70284.90 70284.90 70375.53 70375.53 70375.53 70375.53 70375.53 70375.53 70375.53 70375.53 70375.53 70375.53 70375.53 70466.17 70466.17 70466.17 70466.17 70466.17 70466.17 70466.17 70466.17 70466.17 70466.17 70466.17 70556.81 70556.81 70556.81 70556.81 70556.81 70556.81 70556.81 70556.81 70556.81 70556.81 70556.81 70647.46 70647.46 70647.46 70647.46 70647.46 70647.46 70647.46 70647.46 70647.46 70647.46 70647.46 70738.11 70738.11 70738.11 70738.11 70738.11 70738.11 70738.11 70738.11 70738.11 70738.11 70738.11 70828.78 70828.78 70828.78 70828.78 70828.78 70828.78 70828.78 70828.78 70828.78 70828.78 70828.78 70919.44 70919.44 70919.44 70919.44 70919.44 70919.44 70919.44 70919.44 70919.44 70919.44 70919.44 71010.12 71010.12 71010.12 71010.12 71010.12 71010.12 71010.12 71010.12 71010.12 71010.12 71010.12 71100.80 71100.80 71100.80 71100.80 71100.80 71100.80 71100.80 71100.80 71100.80 71100.80 71100.80 71191.48 71191.48 71191.48 71191.48 71191.48 71191.48 71191.48 71191.48 71191.48 71191.48 71191.48 71282.18 71282.18 71282.18 71282.18 71282.18 71282.18 71282.18 71282.18 71282.18 71282.18 71282.18 71372.88 71372.88 71372.88 71372.88 71372.88 71372.88 71372.88 71372.88 71372.88 71372.88 71372.88 71463.58 71463.58 71463.58 71463.58 71463.58 71463.58 71463.58 71463.58 71463.58 71463.58 71463.58 71554.29 71554.29 71554.29 71554.29 71554.29 71554.29 71554.29 71554.29 71554.29 71554.29 71554.29 71645.01 71645.01 71645.01 71645.01 71645.01 71645.01 71645.01 71645.01 71645.01 71645.01 71645.01 71735.74 71735.74 71735.74 71735.74 71735.74 71735.74 71735.74 71735.74 71735.74 71735.74 71735.74 71826.47 71826.47 71826.47 71826.47 71826.47 71826.47 71826.47 71826.47 71826.47 71826.47 71826.47 71917.21 71917.21 71917.21 71917.21 71917.21 71917.21 71917.21 71917.21 71917.21 71917.21 71917.21 72007.95 72007.95 72007.95 72007.95 72007.95 72007.95 72007.95 72007.95 72007.95 72007.95 72007.95 72098.70 72098.70 72098.70 72098.70 72098.70 72098.70 72098.70 72098.70 72098.70 72098.70 72098.70 72189.46 72189.46 72189.46 72189.46 72189.46 72189.46 72189.46 72189.46 72189.46 72189.46 72189.46 72280.22 72280.22 72280.22 72280.22 72280.22 72280.22 72280.22 72280.22 72280.22 72280.22 72280.22 72370.99 72370.99 72370.99 72370.99 72370.99 72370.99 72370.99 72370.99 72370.99 72370.99 72370.99 72461.76 72461.76 72461.76 72461.76 72461.76 72461.76 72461.76 72461.76 72461.76 72461.76 72461.76 72552.55 72552.55 72552.55 72552.55 72552.55 72552.55 72552.55 72552.55 72552.55 72552.55 72552.55 72643.33 72643.33 72643.33 72643.33 72643.33 72643.33 72643.33 72643.33 72643.33 72643.33 72643.33 72734.13 72734.13 72734.13 72734.13 72734.13 72734.13 72734.13 72734.13 72734.13 72734.13 72734.13 72824.93 72824.93 72824.93 72824.93 72824.93 72824.93 72824.93 72824.93 72824.93 72824.93 72824.93 72915.74 72915.74 72915.74 72915.74 72915.74 72915.74 72915.74 72915.74 72915.74 72915.74 72915.74 73006.55 73006.55 73006.55 73006.55 73006.55 73006.55 73006.55 73006.55 73006.55 73006.55 73006.55 73097.37 73097.37 73097.37 73097.37 73097.37 73097.37 73097.37 73097.37 73097.37 73097.37 73097.37 73188.20 73188.20 73188.20 73188.20 73188.20 73188.20 73188.20 73188.20 73188.20 73188.20 73188.20 73279.03 73279.03 73279.03 73279.03 73279.03 73279.03 73279.03 73279.03 73279.03 73279.03 73279.03 73369.87 73369.87 73369.87 73369.87 73369.87 73369.87 73369.87 73369.87 73369.87 73369.87 73369.87 73460.71 73460.71 73460.71 73460.71 73460.71 73460.71 73460.71 73460.71 73460.71 73460.71 73460.71 73551.56 73551.56 73551.56 73551.56 73551.56 73551.56 73551.56 73551.56 73551.56 73551.56 73551.56 73642.42 73642.42 73642.42 73642.42 73642.42 73642.42 73642.42 73642.42 73642.42 73642.42 73642.42 73733.28 73733.28 73733.28 73733.28 73733.28 73733.28 73733.28 73733.28 73733.28 73733.28 73733.28 73824.15 73824.15 73824.15 73824.15 73824.15 73824.15 73824.15 73824.15 73824.15 73824.15 73824.15 73915.03 73915.03 73915.03 73915.03 73915.03 73915.03 73915.03 73915.03 73915.03 73915.03 73915.03 74005.91 74005.91 74005.91 74005.91 74005.91 74005.91 74005.91 74005.91 74005.91 74005.91 74005.91 74096.80 74096.80 74096.80 74096.80 74096.80 74096.80 74096.80 74096.80 74096.80 74096.80 74096.80 74187.70 74187.70 74187.70 74187.70 74187.70 74187.70 74187.70 74187.70 74187.70 74187.70 74187.70 74278.60 74278.60 74278.60 74278.60 74278.60 74278.60 74278.60 74278.60 74278.60 74278.60 74278.60 74369.51 74369.51 74369.51 74369.51 74369.51 74369.51 74369.51 74369.51 74369.51 74369.51 74369.51 74460.42 74460.42 74460.42 74460.42 74460.42 74460.42 74460.42 74460.42 74460.42 74460.42 74460.42 74551.35 74551.35 74551.35 74551.35 74551.35 74551.35 74551.35 74551.35 74551.35 74551.35 74551.35 74642.27 74642.27 74642.27 74642.27 74642.27 74642.27 74642.27 74642.27 74642.27 74642.27 74642.27
=== END RADAR_SCAN ===

=== BEGIN RADAR_SCAN ===
scan.index=9
scan.time=97.670000
radar.id=0
radar.frequency=C
radar.scanning_mode=PPI
radar.x=0.000
radar.y=0.000
radar.z=25.000
radar.maximum_range=250000.000
radar.range_resolution=250.000
radar.angular_resolution=1.000000
box.radar_id=0
box.min_range_gate=739.000
box.max_range_gate=823.000
box.min_angle=102.000000
box.max_angle=113.000000
box.num_ranges=85
box.num_angles=11
box.range_resolution=250.000
box.angular_resolution=1.000000
box.other_angle=15.000000
grid.size=935
grid.data=0.00 0.00 0.00 0.00 0.00 0.00 0.00 0.00 0.00 0.00 0.00 0.00 0.00 0.00 0.00 0.00 0.00 0.00 0.00 0.00 0.00 0.00 0.00 0.00 0.00 0.00 0.00 0.00 0.00 0.00 0.00 0.00 0.00 0.00 0.00 0.00 0.00 0.00 0.00 0.00 0.00 0.00 0.00 0.00 0.00 0.00 0.00 0.00 0.00 0.00 0.00 0.00 0.00 0.00 0.00 0.00 0.00 0.00 0.00 0.00 0.00 0.00 0.00 0.00 0.00 0.00 0.00 0.00 0.00 0.00 0.00 -0.34 0.45 0.00 0.00 0.00 0.00 0.00 0.00 0.00 0.00 0.00 -0.66 -1.25 0.00 0.00 0.00 0.00 0.00 0.00 0.00 0.00 0.00 0.31 -2.47 0.00 0.00 0.00 0.00 0.00 0.00 0.00 0.00 0.00 0.41 0.49 0.00 0.00 0.00 0.00 0.00 0.00 0.00 0.00 0.00 0.51 -1.15 0.00 0.00 0.00 0.00 0.00 0.00 0.00 0.00 1.72 -2.07 0.44 -1.36 0.00 0.00 0.00 0.00 0.00 0.00 0.00 1.73 0.96 1.72 -1.74 0.00 0.00 0.00 0.00 0.00 0.00 0.00 0.09 -0.40 2.02 -0.95 0.00 0.00 0.00 0.00 0.00 0.00 0.00 -0.18 0.87 0.09 -1.36 0.00 0.00 0.00 0.00 0.00 0.00 0.00 -0.26 0.12 0.32 1.08 0.00 0.00 0.00 0.00 0.00 0.00 0.00 -1.49 0.54 -0.68 0.00 0.00 0.00 0.00 0.00 0.00 0.00 0.00 -0.66 -1.42 -0.41 -0.16 0.00 0.00 0.00 0.00 0.00 0.00 0.00 -0.51 -1.36 0.17 1.87 0.00 0.00 0.00 0.00 0.00 0.00 0.00 -0.49 1.99 0.31 -0.14 0.00 0.00 0.00 0.00 0.00 0.00 0.00 0.79 -0.93 -0.18 -0.85 0.00 0.00 0.00 0.00 0.00 0.00 0.00 -0.36 -0.53 1.11 1.77 0.00 0.00 0.00 0.00 0.00 0.00 0.36 0.09 1.04 0.66 -0.32 0.00 0.00 0.00 0.00 0.00 0.00 -0.18 0.37 -0.41 -0.53 0.18 0.00 0.00 0.00 0.00 0.00 0.00 -0.06 -1.23 0.05 -0.04 1.65 0.48 0.00 0.00 0.00 0.00 0.00 0.25 -2.15 -0.98 -1.22 -0.12 -0.94 0.00 0.00 0.00 0.00 0.00 0.38 0.12 -0.61 1.48 2.48 -1.78 0.00 0.00 0.00 0.00 0.00 0.79 -0.48 1.09 0.29 -0.01 0.27 0.00 0.00 0.00 0.00 0.00 1.06 0.99 2.07 -0.71 0.19 -1.51 0.00 0.00 0.00 0.00 0.00 0.27 -0.91 0.74 -1.17 -1.17 0.45 0.00 0.00 0.00 0.00 0.00 -0.49 1.63 2.21 -0.30 1.64 1.19 0.00 0.00 0.00 0.00 0.00 2.78 0.81 0.82 0.76 -0.44 -0.94 0.00 0.00 0.00 0.00 0.00 0.27 -1.17 1.32 -0.05 0.46 0.73 0.00 0.00 0.00 0.00 0.00 -0.47 0.60 -1.43 0.58 0.61 -0.72 0.00 0.00 0.00 0.00 0.00 -0.02 -1.10 -1.26 -0.75 -0.09 -0.04 0.00 0.00 0.00 0.00 0.00 -0.19 -0.63 0.40 -0.64 -0.89 -1.36 0.00 0.00 0.00 0.00 0.00 -0.67 -0.88 0.63 0.61 0.62 1.05 0.00 0.00 0.00 0.00 0.00 1.49 0.76 1.19 -0.34 0.76 1.69 0.00 0.00 0.00 0.00 0.00 1.94 1.34 1.46 -0.97 1.28 -0.89 0.00 0.00 0.00 0.00 0.00 0.24 -1.08 -1.32 0.62 0.43 -0.68 0.00 0.00 0.00 0.00 0.00 0.97 -0.04 -1.37 -0.23 0.38 -0.17 0.00 0.00 0.00 0.00 0.00 1.08 0.35 -0.62 -1.61 -0.08 0.61 0.00 0.00 0.00 0.00 0.00 -0.53 -0.06 1.12 -1.05 -2.44 1.23 0.00 0.00 0.00 0.00 0.00 -1.50 -0.94 -0.29 -0.74 -1.39 -0.63 0.00 0.00 0.00 0.00 0.00 -0.56 0.54 0.64 2.15 0.14 0.10 0.00 0.00 0.00 0.00 0.00 -0.50 -0.20 -0.53 -0.48 0.26 0.15 0.00 0.00 0.00 0.00 0.00 0.11 -1.09 2.56 -0.38 -0.21 -2.59 0.00 0.00 0.00 0.00 0.00 1.02 0.43 1.99 0.94 2.49 0.47 0.00 0.00 0.00 0.00 0.00 0.03 -0.80 0.33 1.01 1.59 -1.02 0.00 0.00 0.00 0.00 0.00 1.21 -0.06 -0.53 1.76 1.84 -1.18 0.00 0.00 0.00 0.00 0.00 0.69 -0.86 1.30 -1.18 -0.82 -0.48 0.00 0.00 0.00 0.00 0.00 0.09 -0.12 1.61 0.40 0.12 0.41 0.00 0.00 0.00 0.00 0.00 -0.12 -0.18 -1.01 1.31 0.43 -1.09 0.00 0.00 0.00 0.00 0.00 -0.51 1.10 0.66 1.10 -0.71 0.23 0.00 0.00 0.00 0.00 0.00 0.30 -0.51 0.82 -1.01 1.36 0.23 0.00 0.00 0.00 0.00 0.00 -1.15 0.74 -0.06 0.54 0.47 -0.24 0.00 0.00 0.00 0.00 0.00 0.38 -0.79 0.32 2.24 -0.24 -0.56 0.00 0.00 0.00 0.00 0.00 -0.05 0.06 0.90 0.60 -1.24 -0.96 0.00 0.00 0.00 0.00 0.00 -0.85 -0.85 -1.35 -1.46 -0.22 2.09 0.00 0.00 0.00 0.00 0.00 -0.99 -0.37 0.55 0.71 -0.43 1.89 0.00 0.00 0.00 0.00 0.00 0.90 1.36 -1.13 0.61 -0.44 1.59 0.00 0.00 0.00 0.00 0.00 0.49 0.75 -1.51 -0.82 -0.78 0.23 0.00 0.00 0.00 0.00 0.00 -1.28 0.17 -1.56 -0.69 -1.67 -1.07 0.00 0.00 0.00 0.00 0.00 -0.47 0.02 1.18 -0.85 2.02 0.13 0.00 0.00 0.00 0.00 0.00 -0.70 -1.06 0.13 -0.65 1.62 -0.50 0.00 0.00 0.00 0.00 0.00 -0.88 -1.20 0.93 0.82 -0.10 0.25 0.00 0.00 0.00 0.00 0.00 0.16 0.20 -0.34 1.50 0.11 1.35 0.00 0.00 0.00 0.00 0.00 -0.01 -0.58 -1.40 0.44 -0.15 -0.71 0.00 0.00 0.00 0.00 0.00 1.09 -1.44 0.83 -0.49 0.23 0.65 0.00 0.00 0.00 0.00 0.00 0.32 -1.38 0.06 -2.08 1.89 1.53 0.00 0.00 0.00 0.00 0.00 0.91 -0.68 -1.68 1.69 0.79 0.00 0.00 0.00 0.00 0.00 0.00 -0.36 -0.47 0.62 0.76 1.37 0.00 0.00 0.00 0.00 0.00 0.00 0.00 0.25 -0.55 1.12 0.40 0.00 0.00 0.00 0.00 0.00 0.00 0.00 0.37 0.56 0.10 -1.47 0.00 0.00 0.00 0.00 0.00 0.00 0.00 0.05 1.60 -0.88 -0.63 0.00 0.00 0.00 0.00 0.00 0.00 0.00 -1.95 -0.04 0.21 1.57 0.00 0.00 0.00 0.00 0.00 0.00 0.00 1.69 0.38 0.26 -0.73 0.00 0.00 0.00 0.00 0.00 0.00 0.00 -0.00 0.90 0.42 1.55 0.00 0.00 0.00 0.00 0.00 0.00 0.00 1.68 0.07 1.37 -0.85 0.00 0.00 0.00 0.00 0.00 0.00 0.00 0.31 1.18 -1.18 1.96 0.00 0.00 0.00 0.00 0.00 0.00 0.00 0.52 -1.38 -0.25 0.83 0.00 0.00 0.00 0.00 0.00 0.00 0.00 0.33 1.28 -1.01 0.32 0.00 0.00 0.00 0.00 0.00 0.00 0.00 2.32 -1.39 -0.42 0.17 0.00 0.00 0.00 0.00 0.00 0.00 0.00 1.02 1.76 -1.03 0.00 0.00 0.00 0.00 0.00 0.00 0.00 0.00 0.00 -2.43 -0.40 0.00 0.00 0.00 0.00
rain_type.data=0 0 0 0 0 0 0 0 0 0 0 0 0 0 0 0 0 0 0 0 0 0 0 0 0 0 0 0 0 0 0 0 0 0 0 0 0 0 0 0 0 0 0 0 0 0 0 0 0 0 0 0 0 0 0 0 0 0 0 0 0 0 0 0 0 0 0 0 0 0 0 1 1 0 0 0 0 0 0 0 0 0 1 1 0 0 0 0 0 0 0 0 0 1 1 0 0 0 0 0 0 0 0 0 1 1 0 0 0 0 0 0 0 0 0 1 1 0 0 0 0 0 0 0 0 1 1 1 1 0 0 0 0 0 0 0 1 1 1 1 0 0 0 0 0 0 0 1 1 1 1 0 0 0 0 0 0 0 1 1 1 1 0 0 0 0 0 0 0 1 1 1 1 0 0 0 0 0 0 0 1 1 1 1 0 0 0 0 0 0 0 1 1 1 1 0 0 0 0 0 0 0 1 1 1 1 0 0 0 0 0 0 0 1 1 1 1 0 0 0 0 0 0 0 1 1 1 1 0 0 0 0 0 0 0 2 1 1 1 0 0 0 0 0 0 1 2 1 1 1 0 0 0 0 0 0 1 2 1 1 1 0 0 0 0 0 0 1 2 1 1 1 1 0 0 0 0 0 1 2 1 1 1 1 0 0 0 0 0 2 2 2 1 1 1 0 0 0 0 0 2 2 2 1 1 1 0 0 0 0 0 2 2 2 1 1 1 0 0 0 0 0 2 2 2 1 1 1 0 0 0 0 0 2 2 2 1 1 1 0 0 0 0 0 2 2 2 1 1 1 0 0 0 0 0 2 2 2 1 1 1 0 0 0 0 0 2 2 2 1 1 1 0 0 0 0 0 2 2 2 1 1 1 0 0 0 0 0 2 2 2 1 1 1 0 0 0 0 0 2 2 2 1 1 1 0 0 0 0 0 2 2 2 1 1 1 0 0 0 0 0 2 2 2 1 1 1 0 0 0 0 0 2 2 2 1 1 1 0 0 0 0 0 2 2 2 1 1 1 0 0 0 0 0 2 2 2 1 1 1 0 0 0 0 0 2 2 2 1 1 1 0 0 0 0 0 2 2 2 1 1 1 0 0 0 0 0 2 2 2 1 1 1 0 0 0 0 0 2 2 2 1 1 1 0 0 0 0 0 2 2 2 1 1 1 0 0 0 0 0 2 2 2 1 1 1 0 0 0 0 0 2 2 2 1 1 1 0 0 0 0 0 2 2 2 1 1 1 0 0 0 0 0 2 2 2 1 1 1 0 0 0 0 0 2 2 2 1 1 1 0 0 0 0 0 2 2 2 1 1 1 0 0 0 0 0 2 2 2 1 1 1 0 0 0 0 0 2 2 2 1 1 1 0 0 0 0 0 2 2 2 1 1 1 0 0 0 0 0 2 2 2 1 1 1 0 0 0 0 0 2 2 1 1 1 1 0 0 0 0 0 1 2 1 1 1 1 0 0 0 0 0 1 2 1 1 1 1 0 0 0 0 0 1 2 1 1 1 1 0 0 0 0 0 1 2 1 1 1 1 0 0 0 0 0 1 2 1 1 1 1 0 0 0 0 0 1 1 1 1 1 1 0 0 0 0 0 1 1 1 1 1 1 0 0 0 0 0 1 1 1 1 1 1 0 0 0 0 0 1 1 1 1 1 1 0 0 0 0 0 1 1 1 1 1 1 0 0 0 0 0 1 1 1 1 1 1 0 0 0 0 0 1 1 1 1 1 1 0 0 0 0 0 1 1 1 1 1 0 0 0 0 0 0 1 1 1 1 1 0 0 0 0 0 0 0 1 1 1 1 0 0 0 0 0 0 0 1 1 1 1 0 0 0 0 0 0 0 1 1 1 1 0 0 0 0 0 0 0 1 1 1 1 0 0 0 0 0 0 0 1 1 1 1 0 0 0 0 0 0 0 1 1 1 1 0 0 0 0 0 0 0 1 1 1 1 0 0 0 0 0 0 0 1 1 1 1 0 0 0 0 0 0 0 1 1 1 1 0 0 0 0 0 0 0 1 1 1 1 0 0 0 0 0 0 0 1 1 1 1 0 0 0 0 0 0 0 1 1 1 0 0 0 0 0 0 0 0 0 1 1 0 0 0 0
estimated_attenuation.size=935
estimated_attenuation.data=0.00 0.00 0.00 0.00 0.00 0.00 0.00 0.00 0.00 0.00 0.00 0.00 0.00 0.00 0.00 0.00 0.00 0.00 0.00 0.00 0.00 0.00 0.00 0.00 0.00 0.00 0.00 0.00 0.00 0.00 0.00 0.00 0.00 0.00 0.00 0.00 0.00 0.00 0.00 0.00 0.00 0.00 0.00 0.00 0.00 0.00 0.00 0.00 0.00 0.00 0.00 0.00 0.00 0.00 0.00 0.00 0.00 0.00 0.00 0.00 0.00 0.00 0.00 0.00 0.00 0.00 0.00 0.00 0.00 0.00 0.00 0.00 0.00 0.00 0.00 0.00 0.00 0.00 0.00 0.00 0.00 0.00 0.00 0.00 0.00 0.00 0.00 0.00 0.00 0.00 0.00 0.00 0.00 0.00 0.00 0.00 0.00 0.00 0.00 0.00 0.00 0.00 0.00 0.00 0.00 0.00 0.00 0.00 0.00 0.00 0.00 0.00 0.00 0.00 0.00 0.00 0.00 0.00 0.00 0.00 0.00 0.00 0.00 0.00 0.00 0.00 0.00 0.00 0.00 0.00 0.00 0.00 0.00 0.00 0.00 0.00 0.00 0.00 0.00 0.00 0.00 0.00 0.00 0.00 0.00 0.00 0.00 0.00 0.00 0.00 0.00 0.00 0.00 0.00 0.00 0.00 0.00 0.00 0.00 0.00 0.00 0.00 0.00 0.00 0.00 0.00 0.00 0.00 0.00 0.00 0.00 0.00 0.00 0.00 0.00 0.00 0.00 0.00 0.00 0.00 0.00 0.00 0.00 0.00 0.00 0.00 0.00 0.00 0.00 0.00 0.00 0.00 0.00 0.00 0.00 0.00 0.00 0.00 0.00 0.00 0.00 0.00 0.00 0.00 0.00 0.00 0.00 0.00 0.00 0.00 0.00 0.00 0.00 0.00 0.00 0.00 0.00 0.00 0.00 0.00 0.00 0.00 0.00 0.00 0.00 0.00 0.00 0.00 0.00 0.00 0.00 0.00 0.00 0.00 0.00 0.00 0.00 0.00 0.00 0.00 0.00 0.00 0.00 0.00 0.00 0.00 0.00 0.00 0.00 0.00 0.00 0.00 0.00 0.00 0.00 0.00 0.00 0.00 0.00 0.00 0.00 0.00 0.00 0.00 0.00 0.00 0.00 0.00 0.00 0.00 0.00 0.00 0.00 0.00 0.00 0.00 0.00 0.00 0.00 0.00 0.00 0.00 0.00 0.00 0.00 0.00 0.00 0.00 0.00 0.00 0.00 0.00 0.00 0.00 0.00 0.00 0.00 0.00 0.00 0.00 0.00 0.00 0.00 0.00 0.00 0.00 0.00 0.00 0.00 0.00 0.00 0.00 0.00 0.00 0.00 0.00 0.00 0.00 0.00 0.00 0.00 0.00 0.00 0.00 0.00 0.00 0.00 0.00 0.00 0.00 0.00 0.00 0.00 0.00 0.00 0.00 0.00 0.00 0.00 0.00 0.00 0.00 0.00 0.00 0.00 0.00 0.00 0.00 0.00 0.00 0.00 0.00 0.00 0.00 0.00 0.00 0.00 0.00 0.00 0.00 0.00 0.00 0.00 0.00 0.00 0.00 0.00 0.00 0.00 0.00 0.00 0.00 0.00 0.00 0.00 0.00 0.00 0.00 0.00 0.00 0.00 0.00 0.00 0.00 0.00 0.00 0.00 0.00 0.00 0.00 0.00 0.00 0.00 0.00 0.00 0.00 0.00 0.00 0.00 0.00 0.00 0.00 0.00 0.00 0.00 0.00 0.00 0.00 0.00 0.00 0.00 0.00 0.00 0.00 0.00 0.00 0.00 0.00 0.00 0.00 0.00 0.00 0.00 0.00 0.00 0.00 0.00 0.00 0.00 0.00 0.00 0.00 0.00 0.00 0.00 0.00 0.00 0.00 0.00 0.00 0.00 0.00 0.00 0.00 0.00 0.00 0.00 0.00 0.00 0.00 0.00 0.00 0.00 0.00 0.00 0.00 0.00 0.00 0.00 0.00 0.00 0.00 0.00 0.00 0.00 0.00 0.00 0.00 0.00 0.00 0.00 0.00 0.00 0.00 0.00 0.00 0.00 0.00 0.00 0.00 0.00 0.00 0.00 0.00 0.00 0.00 0.00 0.00 0.00 0.00 0.00 0.00 0.00 0.00 0.00 0.00 0.00 0.00 0.00 0.00 0.00 0.00 0.00 0.00 0.00 0.00 0.00 0.00 0.00 0.00 0.00 0.00 0.00 0.00 0.00 0.00 0.00 0.00 0.00 0.00 0.00 0.00 0.00 0.00 0.00 0.00 0.00 0.00 0.00 0.00 0.00 0.00 0.00 0.00 0.00 0.00 0.00 0.00 0.00 0.00 0.00 0.00 0.00 0.00 0.00 0.00 0.00 0.00 0.00 0.00 0.00 0.00 0.00 0.00 0.00 0.00 0.00 0.00 0.00 0.00 0.00 0.00 0.00 0.00 0.00 0.00 0.00 0.00 0.00 0.00 0.00 0.00 0.00 0.00 0.00 0.00 0.00 0.00 0.00 0.00 0.00 0.00 0.00 0.00 0.00 0.00 0.00 0.00 0.00 0.00 0.00 0.00 0.00 0.00 0.00 0.00 0.00 0.00 0.00 0.00 0.00 0.00 0.00 0.00 0.00 0.00 0.00 0.00 0.00 0.00 0.00 0.00 0.00 0.00 0.00 0.00 0.00 0.00 0.00 0.00 0.00 0.00 0.00 0.00 0.00 0.00 0.00 0.00 0.00 0.00 0.00 0.00 0.00 0.00 0.00 0.00 0.00 0.00 0.00 0.00 0.00 0.00 0.00 0.00 0.00 0.00 0.00 0.00 0.00 0.00 0.00 0.00 0.00 0.00 0.00 0.00 0.00 0.00 0.00 0.00 0.00 0.00 0.00 0.00 0.00 0.00 0.00 0.00 0.00 0.00 0.00 0.00 0.00 0.00 0.00 0.00 0.00 0.00 0.00 0.00 0.00 0.00 0.00 0.00 0.00 0.00 0.00 0.00 0.00 0.00 0.00 0.00 0.00 0.00 0.00 0.00 0.00 0.00 0.00 0.00 0.00 0.00 0.00 0.00 0.00 0.00 0.00 0.00 0.00 0.00 0.00 0.00 0.00 0.00 0.00 0.00 0.00 0.00 0.00 0.00 0.00 0.00 0.00 0.00 0.00 0.00 0.00 0.00 0.00 0.00 0.00 0.00 0.00 0.00 0.00 0.00 0.00 0.00 0.00 0.00 0.00 0.00 0.00 0.00 0.00 0.00 0.00 0.00 0.00 0.00 0.00 0.00 0.00 0.00 0.00 0.00 0.00 0.00 0.00 0.00 0.00 0.00 0.00 0.00 0.00 0.00 0.00 0.00 0.00 0.00 0.00 0.00 0.00 0.00 0.00 0.00 0.00 0.00 0.00 0.00 0.00 0.00 0.00 0.00 0.00 0.00 0.00 0.00 0.00 0.00 0.00 0.00 0.00 0.00 0.00 0.00 0.00 0.00 0.00 0.00 0.00 0.00 0.00 0.00 0.00 0.00 0.00 0.00 0.00 0.00 0.00 0.00 0.00 0.00 0.00 0.00 0.00 0.00 0.00 0.00 0.00 0.00 0.00 0.00 0.00 0.00 0.00 0.00 0.00 0.00 0.00 0.00 0.00 0.00 0.00 0.00 0.00 0.00 0.00 0.00 0.00 0.00 0.00 0.00 0.00 0.00 0.00 0.00 0.00 0.00 0.00 0.00 0.00 0.00 0.00 0.00 0.00 0.00 0.00 0.00 0.00 0.00 0.00 0.00 0.00 0.00 0.00 0.00 0.00 0.00 0.00 0.00 0.00 0.00 0.00 0.00 0.00 0.00 0.00 0.00 0.00 0.00 0.00 0.00 0.00 0.00 0.00 0.00 0.00 0.00 0.00 0.00 0.00 0.00 0.00 0.00 0.00 0.00 0.00 0.00 0.00 0.00 0.00 0.00 0.00 0.00 0.00 0.00 0.00 0.00 0.00 0.00 0.00 0.00 0.00 0.00 0.00 0.00 0.00 0.00 0.00 0.00 0.00 0.00 0.00 0.00 0.00 0.00 0.00 0.00 0.00 0.00 0.00 0.00 0.00
height.size=935
height.data=49680.59 49680.59 49680.59 49680.59 49680.59 49680.59 49680.59 49680.59 49680.59 49680.59 49680.59 49750.33 49750.33 49750.33 49750.33 49750.33 49750.33 49750.33 49750.33 49750.33 49750.33 49750.33 49820.07 49820.07 49820.07 49820.07 49820.07 49820.07 49820.07 49820.07 49820.07 49820.07 49820.07 49889.83 49889.83 49889.83 49889.83 49889.83 49889.83 49889.83 49889.83 49889.83 49889.83 49889.83 49959.58 49959.58 49959.58 49959.58 49959.58 49959.58 49959.58 49959.58 49959.58 49959.58 49959.58 50029.35 50029.35 50029.35 50029.35 50029.35 50029.35 50029.35 50029.35 50029.35 50029.35 50029.35 50099.12 50099.12 50099.12 50099.12 50099.12 50099.12 50099.12 50099.12 50099.12 50099.12 50099.12 50168.90 50168.90 50168.90 50168.90 50168.90 50168.90 50168.90 50168.90 50168.90 50168.90 50168.90 50238.68 50238.68 50238.68 50238.68 50238.68 50238.68 50238.68 50238.68 50238.68 50238.68 50238.68 50308.47 50308.47 50308.47 50308.47 50308.47 50308.47 50308.47 50308.47 50308.47 50308.47 50308.47 50378.27 50378.27 50378.27 50378.27 50378.27 50378.27 50378.27 50378.27 50378.27 50378.27 50378.27 50448.08 50448.08 50448.08 50448.08 50448.08 50448.08 50448.08 50448.08 50448.08 50448.08 50448.08 50517.89 50517.89 50517.89 50517.89 50517.89 50517.89 50517.89 50517.89 50517.89 50517.89 50517.89 50587.71 50587.71 50587.71 50587.71 50587.71 50587.71 50587.71 50587.71 50587.71 50587.71 50587.71 50657.53 50657.53 50657.53 50657.53 50657.53 50657.53 50657.53 50657.53 50657.53 50657.53 50657.53 50727.36 50727.36 50727.36 50727.36 50727.36 50727.36 50727.36 50727.36 50727.36 50727.36 50727.36 50797.20 50797.20 50797.20 50797.20 50797.20 50797.20 50797.20 50797.20 50797.20 50797.20 50797.20 50867.05 50867.05 50867.05 50867.05 50867.05 50867.05 50867.05 50867.05 50867.05 50867.05 50867.05 50936.90 50936.90 50936.90 50936.90 50936.90 50936.90 50936.90 50936.90 50936.90 50936.90 50936.90 51006.76 51006.76 51006.76 51006.76 51006.76 51006.76 51006.76 51006.76 51006.76 51006.76 51006.76 51076.62 51076.62 51076.62 51076.62 51076.62 51076.62 51076.62 51076.62 51076.62 51076.62 51076.62 51146.50 51146.50 51146.50 51146.50 51146.50 51146.50 51146.50 51146.50 51146.50 51146.50 51146.50 51216.38 51216.38 51216.38 51216.38 51216.38 51216.38 51216.38 51216.38 51216.38 51216.38 51216.38 51286.26 51286.26 51286.26 51286.26 51286.26 51286.26 51286.26 51286.26 51286.26 51286.26 51286.26 51356.15 51356.15 51356.15 51356.15 51356.15 51356.15 51356.15 51356.15 51356.15 51356.15 51356.15 51426.05 51426.05 51426.05 51426.05 51426.05 51426.05 51426.05 51426.05 51426.05 51426.05 51426.05 51495.96 51495.96 51495.96 51495.96 51495.96 51495.96 51495.96 51495.96 51495.96 51495.96 51495.96 51565.87 51565.87 51565.87 51565.87 51565.87 51565.87 51565.87 51565.87 51565.87 51565.87 51565.87 51635.79 51635.79 51635.79 51635.79 51635.79 51635.79 51635.79 51635.79 51635.79 51635.79 51635.79 51705.72 51705.72 51705.72 51705.72 51705.72 51705.72 51705.72 51705.72 51705.72 51705.72 51705.72 51775.65 51775.65 51775.65 51775.65 51775.65 51775.65 51775.65 51775.65 51775.65 51775.65 51775.65 51845.59 51845.59 51845.59 51845.59 51845.59 51845.59 51845.59 51845.59 51845.59 51845.59 51845.59 51915.54 51915.54 51915.54 51915.54 51915.54 51915.54 51915.54 51915.54 51915.54 51915.54 51915.54 51985.49 51985.49 51985.49 51985.49 51985.49 51985.49 51985.49 51985.49 51985.49 51985.49 51985.49 52055.45 52055.45 52055.45 52055.45 52055.45 52055.45 52055.45 52055.45 52055.45 52055.45 52055.45 52125.42 52125.42 52125.42 52125.42 52125.42 52125.42 52125.42 52125.42 52125.42 52125.42 52125.42 52195.39 52195.39 52195.39 52195.39 52195.39 52195.39 52195.39 52195.39 52195.39 52195.39 52195.39 52265.37 52265.37 52265.37 52265.37 52265.37 52265.37 52265.37 52265.37 52265.37 52265.37 52265.37 52335.36 52335.36 52335.36 52335.36 52335.36 52335.36 52335.36 52335.36 52335.36 52335.36 52335.36 52405.35 52405.35 52405.35 52405.35 52405.35 52405.35 52405.35 52405.35 52405.35 52405.35 52405.35 52475.35 52475.35 52475.35 52475.35 52475.35 52475.35 52475.35 52475.35 52475.35 52475.35 52475.35 52545.36 52545.36 52545.36 52545.36 52545.36 52545.36 52545.36 52545.36 52545.36 52545.36 52545.36 52615.37 52615.37 52615.37 52615.37 52615.37 52615.37 52615.37 52615.37 52615.37 52615.37 52615.37 52685.39 52685.39 52685.39 52685.39 52685.39 52685.39 52685.39 52685.39 52685.39 52685.39 52685.39 52755.42 52755.42 52755.42 52755.42 52755.42 52755.42 52755.42 52755.42 52755.42 52755.42 52755.42 52825.46 52825.46 52825.46 52825.46 52825.46 52825.46 52825.46 52825.46 52825.46 52825.46 52825.46 52895.50 52895.50 52895.50 52895.50 52895.50 52895.50 52895.50 52895.50 52895.50 52895.50 52895.50 52965.54 52965.54 52965.54 52965.54 52965.54 52965.54 52965.54 52965.54 52965.54 52965.54 52965.54 53035.60 53035.60 53035.60 53035.60 53035.60 53035.60 53035.60 53035.60 53035.60 53035.60 53035.60 53105.66 53105.66 53105.66 53105.66 53105.66 53105.66 53105.66 53105.66 53105.66 53105.66 53105.66 53175.73 53175.73 53175.73 53175.73 53175.73 53175.73 53175.73 53175.73 53175.73 53175.73 53175.73 53245.80 53245.80 53245.80 53245.80 53245.80 53245.80 53245.80 53245.80 53245.80 53245.80 53245.80 53315.88 53315.88 53315.88 53315.88 53315.88 53315.88 53315.88 53315.88 53315.88 53315.88 53315.88 53385.97 53385.97 53385.97 53385.97 53385.97 53385.97 53385.97 53385.97 53385.97 53385.97 53385.97 53456.07 53456.07 53456.07 53456.07 53456.07 53456.07 53456.07 53456.07 53456.07 53456.07 53456.07 53526.17 53526.17 53526.17 53526.17 53526.17 53526.17 53526.17 53526.17 53526.17 53526.17 53526.17 53596.28 53596.28 53596.28 53596.28 53596.28 53596.28 53596.28 53596.28 53596.28 53596.28 53596.28 53666.39 53666.39 53666.39 53666.39 53666.39 53666.39 53666.39 53666.39 53666.39 53666.39 53666.39 53736.51 53736.51 53736.51 53736.51 53736.51 53736.51 53736.51 53736.51 53736.51 53736.51 53736.51 53806.64 53806.64 53806.64 53806.64 53806.64 53806.64 53806.64 53806.64 53806.64 53806.64 53806.64 53876.78 53876.78 53876.78 53876.78 53876.78 53876.78 53876.78 53876.78 53876.78 53876.78 53876.78 53946.92 53946.92 53946.92 53946.92 53946.92 53946.92 53946.92 53946.92 53946.92 53946.92 53946.92 54017.07 54017.07 54017.07 54017.07 54017.07 54017.07 54017.07 54017.07 54017.07 54017.07 54017.07 54087.22 54087.22 54087.22 54087.22 54087.22 54087.22 54087.22 54087.22 54087.22 54087.22 54087.22 54157.39 54157.39 54157.39 54157.39 54157.39 54157.39 54157.39 54157.39 54157.39 54157.39 54157.39 54227.55 54227.55 54227.55 54227.55 54227.55 54227.55 54227.55 54227.55 54227.55 54227.55 54227.55 54297.73 54297.73 54297.73 54297.73 54297.73 54297.73 54297.73 54297.73 54297.73 54297.73 54297.73 54367.91 54367.91 54367.91 54367.91 54367.91 54367.91 54367.91 54367.91 54367.91 54367.91 54367.91 54438.10 54438.10 54438.10 54438.10 54438.10 54438.10 54438.10 54438.10 54438.10 54438.10 54438.10 54508.30 54508.30 54508.30 54508.30 54508.30 54508.30 54508.30 54508.30 54508.30 54508.30 54508.30 54578.50 54578.50 54578.50 54578.50 54578.50 54578.50 54578.50 54578.50 54578.50 54578.50 54578.50 54648.71 54648.71 54648.71 54648.71 54648.71 54648.71 54648.71 54648.71 54648.71 54648.71 54648.71 54718.93 54718.93 54718.93 54718.93 54718.93 54718.93 54718.93 54718.93 54718.93 54718.93 54718.93 54789.15 54789.15 54789.15 54789.15 54789.15 54789.15 54789.15 54789.15 54789.15 54789.15 54789.15 54859.38 54859.38 54859.38 54859.38 54859.38 54859.38 54859.38 54859.38 54859.38 54859.38 54859.38 54929.61 54929.61 54929.61 54929.61 54929.61 54929.61 54929.61 54929.61 54929.61 54929.61 54929.61 54999.86 54999.86 54999.86 54999.86 54999.86 54999.86 54999.86 54999.86 54999.86 54999.86 54999.86 55070.11 55070.11 55070.11 55070.11 55070.11 55070.11 55070.11 55070.11 55070.11 55070.11 55070.11 55140.36 55140.36 55140.36 55140.36 55140.36 55140.36 55140.36 55140.36 55140.36 55140.36 55140.36 55210.63 55210.63 55210.63 55210.63 55210.63 55210.63 55210.63 55210.63 55210.63 55210.63 55210.63 55280.90 55280.90 55280.90 55280.90 55280.90 55280.90 55280.90 55280.90 55280.90 55280.90 55280.90 55351.17 55351.17 55351.17 55351.17 55351.17 55351.17 55351.17 55351.17 55351.17 55351.17 55351.17 55421.46 55421.46 55421.46 55421.46 55421.46 55421.46 55421.46 55421.46 55421.46 55421.46 55421.46 55491.75 55491.75 55491.75 55491.75 55491.75 55491.75 55491.75 55491.75 55491.75 55491.75 55491.75 55562.04 55562.04 55562.04 55562.04 55562.04 55562.04 55562.04 55562.04 55562.04 55562.04 55562.04
=== END RADAR_SCAN ===

=== BEGIN RADAR_SCAN ===
scan.index=10
scan.time=98.000000
radar.id=0
radar.frequency=C
radar.scanning_mode=PPI
radar.x=0.000
radar.y=0.000
radar.z=25.000
radar.maximum_range=250000.000
radar.range_resolution=250.000
radar.angular_resolution=1.000000
box.radar_id=0
box.min_range_gate=725.000
box.max_range_gate=807.000
box.min_angle=102.000000
box.max_angle=113.000000
box.num_ranges=83
box.num_angles=11
box.range_resolution=250.000
box.angular_resolution=1.000000
box.other_angle=10.000000
grid.size=913
grid.data=0.00 0.00 0.00 0.00 0.00 0.00 0.00 0.00 0.00 0.00 0.00 0.00 0.00 0.00 0.00 0.00 0.00 0.00 0.00 0.00 0.00 0.00 0.00 0.00 0.00 0.00 0.00 0.00 0.00 0.00 0.00 0.00 0.00 0.00 0.00 0.00 0.00 0.00 0.00 0.00 0.00 0.00 0.00 0.00 0.00 0.00 0.00 0.00 0.00 -0.27 0.00 0.00 0.00 0.00 0.00 0.00 0.00 0.00 0.00 0.00 -0.18 -0.76 0.00 0.00 0.00 0.00 0.00 0.00 0.00 0.00 0.00 0.43 1.60 0.00 0.00 0.00 0.00 0.00 0.00 0.00 0.00 0.00 -1.08 -0.91 0.00 0.00 0.00 0.00 0.00 0.00 0.00 0.00 0.00 -0.53 0.75 0.00 0.00 0.00 0.00 0.00 0.00 0.00 0.00 1.36 0.07 -0.25 0.00 0.00 0.00 0.00 0.00 0.00 0.00 0.00 0.55 0.37 -0.49 -0.91 0.00 0.00 0.00 0.00 0.00 0.00 0.00 0.01 1.33 1.42 -0.60 0.00 0.00 0.00 0.00 0.00 0.00 0.00 -1.18 0.11 -0.33 0.74 0.00 0.00 0.00 0.00 0.00 0.00 0.00 0.01 -0.32 -0.95 -2.35 0.00 0.00 0.00 0.00 0.00 0.00 0.00 -0.34 -0.19 -0.74 -1.80 0.00 0.00 0.00 0.00 0.00 0.00 0.00 -0.75 -0.28 1.39 -1.02 0.00 0.00 0.00 0.00 0.00 0.00 0.00 -0.15 0.43 0.95 -0.02 0.00 0.00 0.00 0.00 0.00 0.00 0.00 0.14 0.24 -0.49 -0.92 0.00 0.00 0.00 0.00 0.00 0.00 0.00 0.67 -0.03 0.88 -1.71 0.00 0.00 0.00 0.00 0.00 0.00 0.00 0.57 1.08 0.38 0.05 0.00 0.00 0.00 0.00 0.00 0.00 -0.61 0.00 0.17 -0.80 -1.73 0.00 0.00 0.00 0.00 0.00 0.00 1.77 -0.50 -0.81 -0.70 -1.10 0.00 0.00 0.00 0.00 0.00 0.00 0.58 0.38 -0.09 0.38 0.58 0.00 0.00 0.00 0.00 0.00 0.00 -1.29 -0.70 1.55 0.80 -0.80 -0.80 0.00 0.00 0.00 0.00 0.00 1.40 0.68 -0.76 0.54 0.38 1.15 0.00 0.00 0.00 0.00 0.00 0.15 0.28 -1.97 2.49 0.56 -0.00 0.00 0.00 0.00 0.00 0.00 -0.16 -0.64 -0.22 -0.70 0.83 1.60 0.00 0.00 0.00 0.00 0.00 -2.10 0.59 -0.68 -0.85 -0.69 2.53 0.00 0.00 0.00 0.00 0.00 -0.62 -0.75 -0.77 -1.10 0.87 -1.69 0.00 0.00 0.00 0.00 0.00 0.41 1.25 0.24 1.20 -1.37 0.90 0.00 0.00 0.00 0.00 0.00 0.25 0.66 -0.29 0.35 -1.59 -0.16 0.00 0.00 0.00 0.00 0.00 0.99 -0.04 1.26 0.88 0.41 0.53 0.00 0.00 0.00 0.00 0.00 0.79 -0.12 -0.12 0.38 -1.14 -0.74 0.00 0.00 0.00 0.00 0.00 0.45 0.93 -0.31 -1.98 -0.10 0.56 0.00 0.00 0.00 0.00 0.00 -1.05 -0.07 -0.99 -0.08 1.14 -0.15 0.00 0.00 0.00 0.00 0.00 -0.93 0.30 3.23 0.42 -1.37 0.25 0.00 0.00 0.00 0.00 0.00 -0.30 -0.59 -0.57 1.16 0.23 -0.07 0.00 0.00 0.00 0.00 0.00 -0.57 0.68 -0.83 -0.36 -1.37 -1.35 0.00 0.00 0.00 0.00 0.00 0.80 0.67 -0.10 -1.25 0.23 0.14 0.00 0.00 0.00 0.00 0.00 1.47 -0.00 -0.85 -0.01 2.10 0.86 0.00 0.00 0.00 0.00 0.00 -0.21 -1.99 0.03 -0.71 -1.95 -0.32 0.00 0.00 0.00 0.00 0.00 0.28 -0.10 -0.16 -0.03 -1.68 0.37 0.00 0.00 0.00 0.00 0.00 -0.80 -0.45 -0.19 -1.40 -0.25 0.16 0.00 0.00 0.00 0.00 0.00 -1.15 -0.40 -1.10 1.63 1.09 -0.23 0.00 0.00 0.00 0.00 0.00 1.08 -0.19 0.01 1.00 -1.79 0.40 0.00 0.00 0.00 0.00 0.00 -1.11 1.38 -1.89 -1.24 -0.22 2.43 0.00 0.00 0.00 0.00 0.00 1.40 1.53 0.79 0.68 0.37 -0.90 0.00 0.00 0.00 0.00 0.00 -0.18 -0.80 -0.35 0.16 0.22 0.97 0.00 0.00 0.00 0.00 0.00 -0.18 -0.64 0.24 1.48 -1.17 1.47 0.00 0.00 0.00 0.00 0.00 -2.13 -0.62 1.97 0.13 -1.89 0.25 0.00 0.00 0.00 0.00 0.00 -1.09 -1.12 0.51 -0.26 -0.58 -0.08 0.00 0.00 0.00 0.00 0.00 0.25 0.37 1.49 0.57 -0.29 -1.32 0.00 0.00 0.00 0.00 0.00 -0.85 -2.28 0.17 1.59 -0.74 0.86 0.00 0.00 0.00 0.00 0.00 -1.05 -2.50 0.48 0.06 0.67 0.53 0.00 0.00 0.00 0.00 0.00 -0.33 0.93 -0.63 -0.21 0.11 0.08 0.00 0.00 0.00 0.00 0.00 -1.04 -1.48 -0.53 -0.58 0.36 0.38 0.00 0.00 0.00 0.00 0.00 0.41 -1.59 -0.45 -0.00 -0.40 -1.69 0.00 0.00 0.00 0.00 0.00 0.48 0.51 -1.61 -0.65 0.84 0.91 0.00 0.00 0.00 0.00 0.00 -1.46 -0.91 -2.70 1.28 -0.75 0.49 0.00 0.00 0.00 0.00 0.00 0.66 0.60 1.18 -0.37 -1.71 0.46 0.00 0.00 0.00 0.00 0.00 -0.75 2.31 -0.86 0.48 0.56 -2.09 0.00 0.00 0.00 0.00 0.00 1.67 -0.27 -1.12 -0.72 0.83 1.48 0.00 0.00 0.00 0.00 0.00 0.35 -0.11 -0.12 -1.86 1.71 -0.46 0.00 0.00 0.00 0.00 0.00 -2.21 0.11 -1.75 0.02 -1.27 0.82 0.00 0.00 0.00 0.00 0.00 -0.46 -0.34 -1.40 1.55 -0.90 -0.78 0.00 0.00 0.00 0.00 0.00 -1.06 0.59 0.38 0.48 -1.04 -0.70 0.00 0.00 0.00 0.00 0.00 0.48 -0.65 -0.35 0.35 -0.03 0.00 0.00 0.00 0.00 0.00 0.00 1.03 0.25 -0.34 1.70 0.99 0.00 0.00 0.00 0.00 0.00 0.00 -1.50 -0.97 0.13 0.39 -1.09 0.00 0.00 0.00 0.00 0.00 0.00 0.00 0.55 1.90 -0.48 1.32 0.00 0.00 0.00 0.00 0.00 0.00 0.00 2.20 0.05 -0.08 0.03 0.00 0.00 0.00 0.00 0.00 0.00 0.00 0.21 -1.00 -0.74 0.62 0.00 0.00 0.00 0.00 0.00 0.00 0.00 0.88 0.63 0.73 2.19 0.00 0.00 0.00 0.00 0.00 0.00 0.00 -1.12 -0.51 -0.06 0.04 0.00 0.00 0.00 0.00 0.00 0.00 0.00 0.35 1.65 -0.68 1.19 0.00 0.00 0.00 0.00 0.00 0.00 0.00 0.22 1.25 1.42 0.99 0.00 0.00 0.00 0.00 0.00 0.00 0.00 -0.59 0.11 1.59 -0.32 0.00 0.00 0.00 0.00 0.00 0.00 0.00 -1.21 2.54 -0.68 -0.04 0.00 0.00 0.00 0.00 0.00 0.00 0.00 0.75 -1.37 0.27 -0.11 0.00 0.00 0.00 0.00 0.00 0.00 0.00 0.98 1.42 -0.37 0.05 0.00 0.00 0.00 0.00 0.00 0.00 0.00 0.87 0.17 0.09 0.00 0.00 0.00 0.00 0.00 0.00 0.00 0.00 0.00 -1.49 -0.05 0.00 0.00 0.00 0.00 0.00 0.00 0.00 0.00 0.00 1.88 -1.28 0.00 0.00 0.00 0.00
rain_type.data=0 0 0 0 0 0 0 0 0 0 0 0 0 0 0 0 0 0 0 0 0 0 0 0 0 0 0 0 0 0 0 0 0 0 0 0 0 0 0 0 0 0 0 0 0 0 0 0 0 1 0 0 0 0 0 0 0 0 0 0 1 1 0 0 0 0 0 0 0 0 0 1 1 0 0 0 0 0 0 0 0 0 1 1 0 0 0 0 0 0 0 0 0 1 1 0 0 0 0 0 0 0 0 1 1 1 0 0 0 0 0 0 0 0 1 1 1 1 0 0 0 0 0 0 0 1 1 1 1 0 0 0 0 0 0 0 1 1 1 1 0 0 0 0 0 0 0 1 1 1 1 0 0 0 0 0 0 0 1 1 1 1 0 0 0 0 0 0 0 1 1 1 1 0 0 0 0 0 0 0 1 1 1 1 0 0 0 0 0 0 0 1 1 1 1 0 0 0 0 0 0 0 1 1 1 1 0 0 0 0 0 0 0 2 1 1 1 0 0 0 0 0 0 1 2 1 1 1 0 0 0 0 0 0 1 2 1 1 1 0 0 0 0 0 0 1 2 1 1 1 0 0 0 0 0 0 2 2 1 1 1 1 0 0 0 0 0 2 2 2 1 1 1 0 0 0 0 0 2 2 2 1 1 1 0 0 0 0 0 2 2 2 1 1 1 0 0 0 0 0 2 2 2 1 1 1 0 0 0 0 0 2 2 2 1 1 1 0 0 0 0 0 2 2 2 1 1 1 0 0 0 0 0 2 2 2 1 1 1 0 0 0 0 0 2 2 2 1 1 1 0 0 0 0 0 2 2 2 1 1 1 0 0 0 0 0 2 2 2 1 1 1 0 0 0 0 0 2 2 2 1 1 1 0 0 0 0 0 2 2 2 1 1 1 0 0 0 0 0 2 2 2 1 1 1 0 0 0 0 0 2 2 2 1 1 1 0 0 0 0 0 2 2 2 1 1 1 0 0 0 0 0 2 2 2 1 1 1 0 0 0 0 0 2 2 2 1 1 1 0 0 0 0 0 2 2 2 1 1 1 0 0 0 0 0 2 2 2 1 1 1 0 0 0 0 0 2 2 2 1 1 1 0 0 0 0 0 2 2 2 1 1 1 0 0 0 0 0 2 2 2 1 1 1 0 0 0 0 0 2 2 2 1 1 1 0 0 0 0 0 2 2 2 1 1 1 0 0 0 0 0 2 2 2 1 1 1 0 0 0 0 0 2 2 2 1 1 1 0 0 0 0 0 2 2 2 1 1 1 0 0 0 0 0 2 2 2 1 1 1 0 0 0 0 0 2 2 2 1 1 1 0 0 0 0 0 2 2 2 1 1 1 0 0 0 0 0 2 2 1 1 1 1 0 0 0 0 0 1 2 1 1 1 1 0 0 0 0 0 1 2 1 1 1 1 0 0 0 0 0 1 2 1 1 1 1 0 0 0 0 0 1 2 1 1 1 1 0 0 0 0 0 1 2 1 1 1 1 0 0 0 0 0 1 1 1 1 1 1 0 0 0 0 0 1 1 1 1 1 1 0 0 0 0 0 1 1 1 1 1 1 0 0 0 0 0 1 1 1 1 1 1 0 0 0 0 0 1 1 1 1 1 1 0 0 0 0 0 1 1 1 1 1 1 0 0 0 0 0 1 1 1 1 1 0 0 0 0 0 0 1 1 1 1 1 0 0 0 0 0 0 1 1 1 1 1 0 0 0 0 0 0 0 1 1 1 1 0 0 0 0 0 0 0 1 1 1 1 0 0 0 0 0 0 0 1 1 1 1 0 0 0 0 0 0 0 1 1 1 1 0 0 0 0 0 0 0 1 1 1 1 0 0 0 0 0 0 0 1 1 1 1 0 0 0 0 0 0 0 1 1 1 1 0 0 0 0 0 0 0 1 1 1 1 0 0 0 0 0 0 0 1 1 1 1 0 0 0 0 0 0 0 1 1 1 1 0 0 0 0 0 0 0 1 1 1 1 0 0 0 0 0 0 0 1 1 1 0 0 0 0 0 0 0 0 0 1 1 0 0 0 0 0 0 0 0 0 1 1 0 0 0 0
estimated_attenuation.size=913
estimated_attenuation.data=0.00 0.00 0.00 0.00 0.00 0.00 0.00 0.00 0.00 0.00 0.00 0.00 0.00 0.00 0.00 0.00 0.00 0.00 0.00 0.00 0.00 0.00 0.00 0.00 0.00 0.00 0.00 0.00 0.00 0.00 0.00 0.00 0.00 0.00 0.00 0.00 0.00 0.00 0.00 0.00 0.00 0.00 0.00 0.00 0.00 0.00 0.00 0.00 0.00 0.00 0.00 0.00 0.00 0.00 0.00 0.00 0.00 0.00 0.00 0.00 0.00 0.00 0.00 0.00 0.00 0.00 0.00 0.00 0.00 0.00 0.00 0.00 0.00 0.00 0.00 0.00 0.00 0.00 0.00 0.00 0.00 0.00 0.00 0.00 0.00 0.00 0.00 0.00 0.00 0.00 0.00 0.00 0.00 0.00 0.00 0.00 0.00 0.00 0.00 0.00 0.00 0.00 0.00 0.00 0.00 0.00 0.00 0.00 0.00 0.00 0.00 0.00 0.00 0.00 0.00 0.00 0.00 0.00 0.00 0.00 0.00 0.00 0.00 0.00 0.00 0.00 0.00 0.00 0.00 0.00 0.00 0.00 0.00 0.00 0.00 0.00 0.00 0.00 0.00 0.00 0.00 0.00 0.00 0.00 0.00 0.00 0.00 0.00 0.00 0.00 0.00 0.00 0.00 0.00 0.00 0.00 0.00 0.00 0.00 0.00 0.00 0.00 0.00 0.00 0.00 0.00 0.00 0.00 0.00 0.00 0.00 0.00 0.00 0.00 0.00 0.00 0.00 0.00 0.00 0.00 0.00 0.00 0.00 0.00 0.00 0.00 0.00 0.00 0.00 0.00 0.00 0.00 0.00 0.00 0.00 0.00 0.00 0.00 0.00 0.00 0.00 0.00 0.00 0.00 0.00 0.00 0.00 0.00 0.00 0.00 0.00 0.00 0.00 0.00 0.00 0.00 0.00 0.00 0.00 0.00 0.00 0.00 0.00 0.00 0.00 0.00 0.00 0.00 0.00 0.00 0.00 0.00 0.00 0.00 0.00 0.00 0.00 0.00 0.00 0.00 0.00 0.00 0.00 0.00 0.00 0.00 0.00 0.00 0.00 0.00 0.00 0.00 0.00 0.00 0.00 0.00 0.00 0.00 0.00 0.00 0.00 0.00 0.00 0.00 0.00 0.00 0.00 0.00 0.00 0.00 0.00 0.00 0.00 0.00 0.00 0.00 0.00 0.00 0.00 0.00 0.00 0.00 0.00 0.00 0.00 0.00 0.00 0.00 0.00 0.00 0.00 0.00 0.00 0.00 0.00 0.00 0.00 0.00 0.00 0.00 0.00 0.00 0.00 0.00 0.00 0.00 0.00 0.00 0.00 0.00 0.00 0.00 0.00 0.00 0.00 0.00 0.00 0.00 0.00 0.00 0.00 0.00 0.00 0.00 0.00 0.00 0.00 0.00 0.00 0.00 0.00 0.00 0.00 0.00 0.00 0.00 0.00 0.00 0.00 0.00 0.00 0.00 0.00 0.00 0.00 0.00 0.00 0.00 0.00 0.00 0.00 0.00 0.00 0.00 0.00 0.00 0.00 0.00 0.00 0.00 0.00 0.00 0.00 0.00 0.00 0.00 0.00 0.00 0.00 0.00 0.00 0.00 0.00 0.00 0.00 0.00 0.00 0.00 0.00 0.00 0.00 0.00 0.00 0.00 0.00 0.00 0.00 0.00 0.00 0.00 0.00 0.00 0.00 0.00 0.00 0.00 0.00 0.00 0.00 0.00 0.00 0.00 0.00 0.00 0.00 0.00 0.00 0.00 0.00 0.00 0.00 0.00 0.00 0.00 0.00 0.00 0.00 0.00 0.00 0.00 0.00 0.00 0.00 0.00 0.00 0.00 0.00 0.00 0.00 0.00 0.00 0.00 0.00 0.00 0.00 0.00 0.00 0.00 0.00 0.00 0.00 0.00 0.00 0.00 0.00 0.00 0.00 0.00 0.00 0.00 0.00 0.00 0.00 0.00 0.00 0.00 0.00 0.00 0.00 0.00 0.00 0.00 0.00 0.00 0.00 0.00 0.00 0.00 0.00 0.00 0.00 0.00 0.00 0.00 0.00 0.00 0.00 0.00 0.00 0.00 0.00 0.00 0.00 0.00 0.00 0.00 0.00 0.00 0.00 0.00 0.00 0.00 0.00 0.00 0.00 0.00 0.00 0.00 0.00 0.00 0.00 0.00 0.00 0.00 0.00 0.00 0.00 0.00 0.00 0.00 0.00 0.00 0.00 0.00 0.00 0.00 0.00 0.00 0.00 0.00 0.00 0.00 0.00 0.00 0.00 0.00 0.00 0.00 0.00 0.00 0.00 0.00 0.00 0.00 0.00 0.00 0.00 0.00 0.00 0.00 0.00 0.00 0.00 0.00 0.00 0.00 0.00 0.00 0.00 0.00 0.00 0.00 0.00 0.00 0.00 0.00 0.00 0.00 0.00 0.00 0.00 0.00 0.00 0.00 0.00 0.00 0.00 0.00 0.00 0.00 0.00 0.00 0.00 0.00 0.00 0.00 0.00 0.00 0.00 0.00 0.00 0.00 0.00 0.00 0.00 0.00 0.00 0.00 0.00 0.00 0.00 0.00 0.00 0.00 0.00 0.00 0.00 0.00 0.00 0.00 0.00 0.00 0.00 0.00 0.00 0.00 0.00 0.00 0.00 0.00 0.00 0.00 0.00 0.00 0.00 0.00 0.00 0.00 0.00 0.00 0.00 0.00 0.00 0.00 0.00 0.00 0.00 0.00 0.00 0.00 0.00 0.00 0.00 0.00 0.00 0.00 0.00 0.00 0.00 0.00 0.00 0.00 0.00 0.00 0.00 0.00 0.00 0.00 0.00 0.00 0.00 0.00 0.00 0.00 0.00 0.00 0.00 0.00 0.00 0.00 0.00 0.00 0.00 0.00 0.00 0.00 0.00 0.00 0.00 0.00 0.00 0.00 0.00 0.00 0.00 0.00 0.00 0.00 0.00 0.00 0.00 0.00 0.00 0.00 0.00 0.00 0.00 0.00 0.00 0.00 0.00 0.00 0.00 0.00 0.00 0.00 0.00 0.00 0.00 0.00 0.00 0.00 0.00 0.00 0.00 0.00 0.00 0.00 0.00 0.00 0.00 0.00 0.00 0.00 0.00 0.00 0.00 0.00 0.00 0.00 0.00 0.00 0.00 0.00 0.00 0.00 0.00 0.00 0.00 0.00 0.00 0.00 0.00 0.00 0.00 0.00 0.00 0.00 0.00 0.00 0.00 0.00 0.00 0.00 0.00 0.00 0.00 0.00 0.00 0.00 0.00 0.00 0.00 0.00 0.00 0.00 0.00 0.00 0.00 0.00 0.00 0.00 0.00 0.00 0.00 0.00 0.00 0.00 0.00 0.00 0.00 0.00 0.00 0.00 0.00 0.00 0.00 0.00 0.00 0.00 0.00 0.00 0.00 0.00 0.00 0.00 0.00 0.00 0.00 0.00 0.00 0.00 0.00 0.00 0.00 0.00 0.00 0.00 0.00 0.00 0.00 0.00 0.00 0.00 0.00 0.00 0.00 0.00 0.00 0.00 0.00 0.00 0.00 0.00 0.00 0.00 0.00 0.00 0.00 0.00 0.00 0.00 0.00 0.00 0.00 0.00 0.00 0.00 0.00 0.00 0.00 0.00 0.00 0.00 0.00 0.00 0.00 0.00 0.00 0.00 0.00 0.00 0.00 0.00 0.00 0.00 0.00 0.00 0.00 0.00 0.00 0.00 0.00 0.00 0.00 0.00 0.00 0.00 0.00 0.00 0.00 0.00 0.00 0.00 0.00 0.00 0.00 0.00 0.00 0.00 0.00 0.00 0.00 0.00 0.00 0.00 0.00 0.00 0.00 0.00 0.00 0.00 0.00 0.00 0.00 0.00 0.00 0.00 0.00 0.00 0.00 0.00 0.00 0.00 0.00 0.00 0.00 0.00 0.00 0.00 0.00 0.00 0.00 0.00 0.00 0.00 0.00 0.00 0.00 0.00 0.00 0.00 0.00
height.size=913
height.data=33341.95 33341.95 33341.95 33341.95 33341.95 33341.95 33341.95 33341.95 33341.95 33341.95 33341.95 33390.51 33390.51 33390.51 33390.51 33390.51 33390.51 33390.51 33390.51 33390.51 33390.51 33390.51 33439.07 33439.07 33439.07 33439.07 33439.07 33439.07 33439.07 33439.07 33439.07 33439.07 33439.07 33487.65 33487.65 33487.65 33487.65 33487.65 33487.65 33487.65 33487.65 33487.65 33487.65 33487.65 33536.23 33536.23 33536.23 33536.23 33536.23 33536.23 33536.23 33536.23 33536.23 33536.23 33536.23 33584.82 33584.82 33584.82 33584.82 33584.82 33584.82 33584.82 33584.82 33584.82 33584.82 33584.82 33633.41 33633.41 33633.41 33633.41 33633.41 33633.41 33633.41 33633.41 33633.41 33633.41 33633.41 33682.01 33682.01 33682.01 33682.01 33682.01 33682.01 33682.01 33682.01 33682.01 33682.01 33682.01 33730.62 33730.62 33730.62 33730.62 33730.62 33730.62 33730.62 33730.62 33730.62 33730.62 33730.62 33779.24 33779.24 33779.24 33779.24 33779.24 33779.24 33779.24 33779.24 33779.24 33779.24 33779.24 33827.86 33827.86 33827.86 33827.86 33827.86 33827.86 33827.86 33827.86 33827.86 33827.86 33827.86 33876.49 33876.49 33876.49 33876.49 33876.49 33876.49 33876.49 33876.49 33876.49 33876.49 33876.49 33925.12 33925.12 33925.12 33925.12 33925.12 33925.12 33925.12 33925.12 33925.12 33925.12 33925.12 33973.77 33973.77 33973.77 33973.77 33973.77 33973.77 33973.77 33973.77 33973.77 33973.77 33973.77 34022.42 34022.42 34022.42 34022.42 34022.42 34022.42 34022.42 34022.42 34022.42 34022.42 34022.42 34071.08 34071.08 34071.08 34071.08 34071.08 34071.08 34071.08 34071.08 34071.08 34071.08 34071.08 34119.74 34119.74 34119.74 34119.74 34119.74 34119.74 34119.74 34119.74 34119.74 34119.74 34119.74 34168.41 34168.41 34168.41 34168.41 34168.41 34168.41 34168.41 34168.41 34168.41 34168.41 34168.41 34217.09 34217.09 34217.09 34217.09 34217.09 34217.09 34217.09 34217.09 34217.09 34217.09 34217.09 34265.78 34265.78 34265.78 34265.78 34265.78 34265.78 34265.78 34265.78 34265.78 34265.78 34265.78 34314.47 34314.47 34314.47 34314.47 34314.47 34314.47 34314.47 34314.47 34314.47 34314.47 34314.47 34363.17 34363.17 34363.17 34363.17 34363.17 34363.17 34363.17 34363.17 34363.17 34363.17 34363.17 34411.88 34411.88 34411.88 34411.88 34411.88 34411.88 34411.88 34411.88 34411.88 34411.88 34411.88 34460.59 34460.59 34460.59 34460.59 34460.59 34460.59 34460.59 34460.59 34460.59 34460.59 34460.59 34509.32 34509.32 34509.32 34509.32 34509.32 34509.32 34509.32 34509.32 34509.32 34509.32 34509.32 34558.04 34558.04 34558.04 34558.04 34558.04 34558.04 34558.04 34558.04 34558.04 34558.04 34558.04 34606.78 34606.78 34606.78 34606.78 34606.78 34606.78 34606.78 34606.78 34606.78 34606.78 34606.78 34655.52 34655.52 34655.52 34655.52 34655.52 34655.52 34655.52 34655.52 34655.52 34655.52 34655.52 34704.27 34704.27 34704.27 34704.27 34704.27 34704.27 34704.27 34704.27 34704.27 34704.27 34704.27 34753.03 34753.03 34753.03 34753.03 34753.03 34753.03 34753.03 34753.03 34753.03 34753.03 34753.03 34801.79 34801.79 34801.79 34801.79 34801.79 34801.79 34801.79 34801.79 34801.79 34801.79 34801.79 34850.56 34850.56 34850.56 34850.56 34850.56 34850.56 34850.56 34850.56 34850.56 34850.56 34850.56 34899.34 34899.34 34899.34 34899.34 34899.34 34899.34 34899.34 34899.34 34899.34 34899.34 34899.34 34948.13 34948.13 34948.13 34948.13 34948.13 34948.13 34948.13 34948.13 34948.13 34948.13 34948.13 34996.92 34996.92 34996.92 34996.92 34996.92 34996.92 34996.92 34996.92 34996.92 34996.92 34996.92 35045.72 35045.72 35045.72 35045.72 35045.72 35045.72 35045.72 35045.72 35045.72 35045.72 35045.72 35094.52 35094.52 35094.52 35094.52 35094.52 35094.52 35094.52 35094.52 35094.52 35094.52 35094.52 35143.33 35143.33 35143.33 35143.33 35143.33 35143.33 35143.33 35143.33 35143.33 35143.33 35143.33 35192.15 35192.15 35192.15 35192.15 35192.15 35192.15 35192.15 35192.15 35192.15 35192.15 35192.15 35240.98 35240.98 35240.98 35240.98 35240.98 35240.98 35240.98 35240.98 35240.98 35240.98 35240.98 35289.82 35289.82 35289.82 35289.82 35289.82 35289.82 35289.82 35289.82 35289.82 35289.82 35289.82 35338.66 35338.66 35338.66 35338.66 35338.66 35338.66 35338.66 35338.66 35338.66 35338.66 35338.66 35387.51 35387.51 35387.51 35387.51 35387.51 35387.51 35387.51 35387.51 35387.51 35387.51 35387.51 35436.36 35436.36 35436.36 35436.36 35436.36 35436.36 35436.36 35436.36 35436.36 35436.36 35436.36 35485.22 35485.22 35485.22 35485.22 35485.22 35485.22 35485.22 35485.22 35485.22 35485.22 35485.22 35534.09 35534.09 35534.09 35534.09 35534.09 35534.09 35534.09 35534.09 35534.09 35534.09 35534.09 35582.97 35582.97 35582.97 35582.97 35582.97 35582.97 35582.97 35582.97 35582.97 35582.97 35582.97 35631.85 35631.85 35631.85 35631.85 35631.85 35631.85 35631.85 35631.85 35631.85 35631.85 35631.85 35680.74 35680.74 35680.74 35680.74 35680.74 35680.74 35680.74 35680.74 35680.74 35680.74 35680.74 35729.64 35729.64 35729.64 35729.64 35729.64 35729.64 35729.64 35729.64 35729.64 35729.64 35729.64 35778.55 35778.55 35778.55 35778.55 35778.55 35778.55 35778.55 35778.55 35778.55 35778.55 35778.55 35827.46 35827.46 35827.46 35827.46 35827.46 35827.46 35827.46 35827.46 35827.46 35827.46 35827.46 35876.38 35876.38 35876.38 35876.38 35876.38 35876.38 35876.38 35876.38 35876.38 35876.38 35876.38 35925.30 35925.30 35925.30 35925.30 35925.30 35925.30 35925.30 35925.30 35925.30 35925.30 35925.30 35974.23 35974.23 35974.23 35974.23 35974.23 35974.23 35974.23 35974.23 35974.23 35974.23 35974.23 36023.17 36023.17 36023.17 36023.17 36023.17 36023.17 36023.17 36023.17 36023.17 36023.17 36023.17 36072.12 36072.12 36072.12 36072.12 36072.12 36072.12 36072.12 36072.12 36072.12 36072.12 36072.12 36121.07 36121.07 36121.07 36121.07 36121.07 36121.07 36121.07 36121.07 36121.07 36121.07 36121.07 36170.04 36170.04 36170.04 36170.04 36170.04 36170.04 36170.04 36170.04 36170.04 36170.04 36170.04 36219.00 36219.00 36219.00 36219.00 36219.00 36219.00 36219.00 36219.00 36219.00 36219.00 36219.00 36267.98 36267.98 36267.98 36267.98 36267.98 36267.98 36267.98 36267.98 36267.98 36267.98 36267.98 36316.96 36316.96 36316.96 36316.96 36316.96 36316.96 36316.96 36316.96 36316.96 36316.96 36316.96 36365.95 36365.95 36365.95 36365.95 36365.95 36365.95 36365.95 36365.95 36365.95 36365.95 36365.95 36414.95 36414.95 36414.95 36414.95 36414.95 36414.95 36414.95 36414.95 36414.95 36414.95 36414.95 36463.95 36463.95 36463.95 36463.95 36463.95 36463.95 36463.95 36463.95 36463.95 36463.95 36463.95 36512.96 36512.96 36512.96 36512.96 36512.96 36512.96 36512.96 36512.96 36512.96 36512.96 36512.96 36561.98 36561.98 36561.98 36561.98 36561.98 36561.98 36561.98 36561.98 36561.98 36561.98 36561.98 36611.00 36611.00 36611.00 36611.00 36611.00 36611.00 36611.00 36611.00 36611.00 36611.00 36611.00 36660.03 36660.03 36660.03 36660.03 36660.03 36660.03 36660.03 36660.03 36660.03 36660.03 36660.03 36709.07 36709.07 36709.07 36709.07 36709.07 36709.07 36709.07 36709.07 36709.07 36709.07 36709.07 36758.12 36758.12 36758.12 36758.12 36758.12 36758.12 36758.12 36758.12 36758.12 36758.12 36758.12 36807.17 36807.17 36807.17 36807.17 36807.17 36807.17 36807.17 36807.17 36807.17 36807.17 36807.17 36856.23 36856.23 36856.23 36856.23 36856.23 36856.23 36856.23 36856.23 36856.23 36856.23 36856.23 36905.30 36905.30 36905.30 36905.30 36905.30 36905.30 36905.30 36905.30 36905.30 36905.30 36905.30 36954.37 36954.37 36954.37 36954.37 36954.37 36954.37 36954.37 36954.37 36954.37 36954.37 36954.37 37003.45 37003.45 37003.45 37003.45 37003.45 37003.45 37003.45 37003.45 37003.45 37003.45 37003.45 37052.54 37052.54 37052.54 37052.54 37052.54 37052.54 37052.54 37052.54 37052.54 37052.54 37052.54 37101.63 37101.63 37101.63 37101.63 37101.63 37101.63 37101.63 37101.63 37101.63 37101.63 37101.63 37150.73 37150.73 37150.73 37150.73 37150.73 37150.73 37150.73 37150.73 37150.73 37150.73 37150.73 37199.84 37199.84 37199.84 37199.84 37199.84 37199.84 37199.84 37199.84 37199.84 37199.84 37199.84 37248.96 37248.96 37248.96 37248.96 37248.96 37248.96 37248.96 37248.96 37248.96 37248.96 37248.96 37298.08 37298.08 37298.08 37298.08 37298.08 37298.08 37298.08 37298.08 37298.08 37298.08 37298.08 37347.21 37347.21 37347.21 37347.21 37347.21 37347.21 37347.21 37347.21 37347.21 37347.21 37347.21
=== END RADAR_SCAN ===

=== BEGIN RADAR_SCAN ===
scan.index=11
scan.time=98.330000
radar.id=0
radar.frequency=C
radar.scanning_mode=PPI
radar.x=0.000
radar.y=0.000
radar.z=25.000
radar.maximum_range=250000.000
radar.range_resolution=250.000
radar.angular_resolution=1.000000
box.radar_id=0
box.min_range_gate=718.000
box.max_range_gate=799.000
box.min_angle=102.000000
box.max_angle=113.000000
box.num_ranges=82
box.num_angles=11
box.range_resolution=250.000
box.angular_resolution=1.000000
box.other_angle=6.000000
grid.size=902
grid.data=0.00 0.00 0.00 0.00 0.00 0.00 0.00 0.00 0.00 0.00 0.00 0.00 0.00 0.00 0.00 0.00 0.00 0.00 0.00 0.00 0.00 0.00 0.00 0.00 0.00 0.00 0.00 0.00 0.00 0.00 0.00 0.00 0.00 0.00 0.00 0.00 0.00 0.00 1.36 -0.80 0.00 0.00 0.00 0.00 0.00 0.00 0.00 0.00 0.00 0.32 -0.04 0.00 0.00 0.00 0.00 0.00 0.00 0.00 0.00 0.00 -0.37 -0.26 0.00 0.00 0.00 0.00 0.00 0.00 0.00 0.00 0.00 1.11 -0.96 0.00 0.00 0.00 0.00 0.00 0.00 0.00 0.00 -1.15 0.43 -1.54 0.00 0.00 0.00 0.00 0.00 0.00 0.00 0.00 0.76 -0.50 1.02 0.54 0.00 0.00 0.00 0.00 0.00 0.00 0.00 0.30 -0.74 -0.62 0.18 0.00 0.00 0.00 0.00 0.00 0.00 0.00 -1.31 1.50 -0.60 -0.53 0.00 0.00 0.00 0.00 0.00 0.00 0.00 -0.58 -1.64 -0.10 0.43 0.00 0.00 0.00 0.00 0.00 0.00 0.00 -1.83 -0.69 0.22 2.46 0.00 0.00 0.00 0.00 0.00 0.00 0.00 -0.64 -0.52 1.42 -0.72 0.00 0.00 0.00 0.00 0.00 0.00 0.00 -0.48 0.29 -0.96 0.51 0.00 0.00 0.00 0.00 0.00 0.00 0.00 0.53 -0.58 -0.95 0.96 0.00 0.00 0.00 0.00 0.00 0.00 0.00 -0.42 0.63 -1.65 -0.17 0.00 0.00 0.00 0.00 0.00 0.00 0.00 0.01 -0.89 -0.51 0.44 0.00 0.00 0.00 0.00 0.00 0.00 -0.07 0.00 0.29 0.68 0.16 0.00 0.00 0.00 0.00 0.00 0.00 -0.92 -1.10 -2.87 -0.16 0.85 0.00 0.00 0.00 0.00 0.00 0.00 -0.23 0.11 -0.61 -2.57 -1.15 0.00 0.00 0.00 0.00 0.00 0.00 -0.41 0.68 -1.21 1.67 -0.34 -0.30 0.00 0.00 0.00 0.00 0.00 0.47 1.63 -0.15 1.30 -0.89 0.58 0.00 0.00 0.00 0.00 0.00 -1.68 -0.16 -0.36 -2.23 -0.52 2.00 0.00 0.00 0.00 0.00 0.00 -0.77 -1.00 1.09 0.11 -1.09 -1.17 0.00 0.00 0.00 0.00 0.00 0.10 -0.11 -0.06 -0.67 0.27 -0.11 0.00 0.00 0.00 0.00 0.00 -0.10 0.01 1.68 2.75 -2.46 -0.29 0.00 0.00 0.00 0.00 0.00 1.22 -0.48 -0.85 -1.28 0.16 0.80 0.00 0.00 0.00 0.00 0.00 0.49 0.23 -0.72 1.58 1.42 0.73 0.00 0.00 0.00 0.00 0.00 0.10 -0.22 -2.15 -0.47 -0.35 0.73 0.00 0.00 0.00 0.00 0.00 -0.48 0.41 -1.38 0.57 0.07 -0.74 0.00 0.00 0.00 0.00 0.00 0.60 -1.22 0.40 0.75 0.74 -0.06 0.00 0.00 0.00 0.00 0.00 0.31 0.02 0.10 0.00 -1.47 -0.08 0.00 0.00 0.00 0.00 0.00 -0.70 0.25 2.00 0.67 0.10 -0.17 0.00 0.00 0.00 0.00 0.00 -1.02 -0.11 -0.30 -1.02 -0.39 -1.45 0.00 0.00 0.00 0.00 0.00 0.05 0.02 -0.59 0.28 0.07 1.35 0.00 0.00 0.00 0.00 0.00 0.62 -0.86 -0.46 -0.49 -0.52 0.04 0.00 0.00 0.00 0.00 0.00 0.88 0.14 -0.62 -0.40 0.17 0.11 0.00 0.00 0.00 0.00 0.00 -0.13 0.04 -0.23 -0.63 -0.19 -0.36 0.00 0.00 0.00 0.00 0.00 -0.46 -0.28 -0.58 -0.19 1.38 -0.09 0.00 0.00 0.00 0.00 0.00 0.37 -0.02 0.95 -0.84 -0.78 -0.87 0.00 0.00 0.00 0.00 0.00 -1.03 0.84 -1.43 0.42 -0.45 0.94 0.00 0.00 0.00 0.00 0.00 0.09 0.03 1.29 0.96 -0.10 0.76 0.00 0.00 0.00 0.00 0.00 0.06 -0.70 -0.10 0.69 -0.86 -1.30 0.00 0.00 0.00 0.00 0.00 -0.71 -1.81 0.47 0.34 -0.37 1.02 0.00 0.00 0.00 0.00 0.00 -1.71 -0.99 -0.19 -0.06 1.20 0.97 0.00 0.00 0.00 0.00 0.00 0.09 -0.23 0.35 1.13 -0.89 0.29 0.00 0.00 0.00 0.00 0.00 0.78 0.40 -1.41 0.82 -0.05 -0.50 0.00 0.00 0.00 0.00 0.00 -0.68 -1.91 -0.38 1.06 0.11 -0.62 0.00 0.00 0.00 0.00 0.00 2.37 0.40 -0.07 -1.50 -0.60 -0.08 0.00 0.00 0.00 0.00 0.00 1.07 1.33 1.34 -0.67 -0.09 0.59 0.00 0.00 0.00 0.00 0.00 0.47 0.18 1.43 -0.11 0.45 0.63 0.00 0.00 0.00 0.00 0.00 0.85 0.40 -1.19 -0.37 -0.94 -0.56 0.00 0.00 0.00 0.00 0.00 0.21 -1.18 0.52 -1.22 -1.39 0.48 0.00 0.00 0.00 0.00 0.00 -1.52 0.77 -0.33 0.89 1.25 -0.26 0.00 0.00 0.00 0.00 0.00 0.49 1.26 0.36 0.33 1.30 -2.01 0.00 0.00 0.00 0.00 0.00 1.41 -0.72 -2.19 -1.09 -0.65 -0.41 0.00 0.00 0.00 0.00 0.00 -1.16 0.25 -0.36 -1.80 -0.49 -0.76 0.00 0.00 0.00 0.00 0.00 -1.92 -0.34 -2.01 -1.53 0.27 -0.68 0.00 0.00 0.00 0.00 0.00 1.23 -1.72 0.91 1.38 -1.09 -0.36 0.00 0.00 0.00 0.00 0.00 1.36 0.53 -0.69 1.08 -0.32 -0.55 0.00 0.00 0.00 0.00 0.00 -0.39 1.96 0.81 0.82 -0.37 -1.71 0.00 0.00 0.00 0.00 0.00 -0.26 -0.27 0.60 -1.72 0.69 0.10 0.00 0.00 0.00 0.00 0.00 0.20 -0.87 1.92 -1.23 0.51 0.00 0.00 0.00 0.00 0.00 0.00 0.16 0.44 -0.51 0.48 -0.75 0.00 0.00 0.00 0.00 0.00 0.00 -0.29 -0.95 1.16 -0.36 -0.89 0.00 0.00 0.00 0.00 0.00 0.00 1.05 0.75 0.69 -0.66 0.47 0.00 0.00 0.00 0.00 0.00 0.00 0.00 -1.28 -1.21 -0.36 1.26 0.00 0.00 0.00 0.00 0.00 0.00 0.00 0.48 -0.08 -0.00 -0.97 0.00 0.00 0.00 0.00 0.00 0.00 0.00 0.90 0.15 -0.55 -0.56 0.00 0.00 0.00 0.00 0.00 0.00 0.00 -0.56 1.18 -0.45 0.91 0.00 0.00 0.00 0.00 0.00 0.00 0.00 0.32 0.10 0.09 -1.13 0.00 0.00 0.00 0.00 0.00 0.00 0.00 1.37 1.10 1.45 0.23 0.00 0.00 0.00 0.00 0.00 0.00 0.00 -1.41 0.90 -0.16 0.32 0.00 0.00 0.00 0.00 0.00 0.00 0.00 0.29 -0.64 0.19 2.07 0.00 0.00 0.00 0.00 0.00 0.00 0.00 -0.78 -2.34 -0.15 -2.69 0.00 0.00 0.00 0.00 0.00 0.00 0.00 -2.30 0.27 0.45 -1.08 0.00 0.00 0.00 0.00 0.00 0.00 0.00 0.26 -0.76 -0.74 0.00 0.00 0.00 0.00 0.00 0.00 0.00 0.00 0.46 -1.53 -0.94 0.00 0.00 0.00 0.00 0.00 0.00 0.00 0.00 0.00 -0.82 0.12 0.00 0.00 0.00 0.00 0.00 0.00 0.00 0.00 0.00 0.38 0.49 0.00 0.00 0.00 0.00 0.00 0.00 0.00 0.00 0.00 -0.50 -0.22 0.00 0.00 0.00 0.00
rain_type.data=0 0 0 0 0 0 0 0 0 0 0 0 0 0 0 0 0 0 0 0 0 0 0 0 0 0 0 0 0 0 0 0 0 0 0 0 0 0 1 1 0 0 0 0 0 0 0 0 0 1 1 0 0 0 0 0 0 0 0 0 1 1 0 0 0 0 0 0 0 0 0 1 1 0 0 0 0 0 0 0 0 1 1 1 0 0 0 0 0 0 0 0 1 1 1 1 0 0 0 0 0 0 0 1 1 1 1 0 0 0 0 0 0 0 1 1 1 1 0 0 0 0 0 0 0 1 1 1 1 0 0 0 0 0 0 0 1 1 1 1 0 0 0 0 0 0 0 1 1 1 1 0 0 0 0 0 0 0 1 1 1 1 0 0 0 0 0 0 0 1 1 1 1 0 0 0 0 0 0 0 1 1 1 1 0 0 0 0 0 0 0 2 1 1 1 0 0 0 0 0 0 1 2 1 1 1 0 0 0 0 0 0 1 2 1 1 1 0 0 0 0 0 0 1 2 1 1 1 0 0 0 0 0 0 2 2 1 1 1 1 0 0 0 0 0 2 2 1 1 1 1 0 0 0 0 0 2 2 2 1 1 1 0 0 0 0 0 2 2 2 1 1 1 0 0 0 0 0 2 2 2 1 1 1 0 0 0 0 0 2 2 2 1 1 1 0 0 0 0 0 2 2 2 1 1 1 0 0 0 0 0 2 2 2 1 1 1 0 0 0 0 0 2 2 2 1 1 1 0 0 0 0 0 2 2 2 1 1 1 0 0 0 0 0 2 2 2 1 1 1 0 0 0 0 0 2 2 2 1 1 1 0 0 0 0 0 2 2 2 1 1 1 0 0 0 0 0 2 2 2 1 1 1 0 0 0 0 0 2 2 2 1 1 1 0 0 0 0 0 2 2 2 1 1 1 0 0 0 0 0 2 2 2 1 1 1 0 0 0 0 0 2 2 2 1 1 1 0 0 0 0 0 2 2 2 1 1 1 0 0 0 0 0 2 2 2 1 1 1 0 0 0 0 0 2 2 2 1 1 1 0 0 0 0 0 2 2 2 1 1 1 0 0 0 0 0 2 2 2 1 1 1 0 0 0 0 0 2 2 2 1 1 1 0 0 0 0 0 2 2 2 1 1 1 0 0 0 0 0 2 2 2 1 1 1 0 0 0 0 0 2 2 2 1 1 1 0 0 0 0 0 2 2 2 1 1 1 0 0 0 0 0 2 2 2 1 1 1 0 0 0 0 0 2 2 2 1 1 1 0 0 0 0 0 2 2 2 1 1 1 0 0 0 0 0 2 2 1 1 1 1 0 0 0 0 0 1 2 1 1 1 1 0 0 0 0 0 1 2 1 1 1 1 0 0 0 0 0 1 2 1 1 1 1 0 0 0 0 0 1 2 1 1 1 1 0 0 0 0 0 1 2 1 1 1 1 0 0 0 0 0 1 1 1 1 1 1 0 0 0 0 0 1 1 1 1 1 1 0 0 0 0 0 1 1 1 1 1 1 0 0 0 0 0 1 1 1 1 1 1 0 0 0 0 0 1 1 1 1 1 1 0 0 0 0 0 1 1 1 1 1 0 0 0 0 0 0 1 1 1 1 1 0 0 0 0 0 0 1 1 1 1 1 0 0 0 0 0 0 1 1 1 1 1 0 0 0 0 0 0 0 1 1 1 1 0 0 0 0 0 0 0 1 1 1 1 0 0 0 0 0 0 0 1 1 1 1 0 0 0 0 0 0 0 1 1 1 1 0 0 0 0 0 0 0 1 1 1 1 0 0 0 0 0 0 0 1 1 1 1 0 0 0 0 0 0 0 1 1 1 1 0 0 0 0 0 0 0 1 1 1 1 0 0 0 0 0 0 0 1 1 1 1 0 0 0 0 0 0 0 1 1 1 1 0 0 0 0 0 0 0 1 1 1 0 0 0 0 0 0 0 0 1 1 1 0 0 0 0 0 0 0 0 0 1 1 0 0 0 0 0 0 0 0 0 1 1 0 0 0 0 0 0 0 0 0 1 1 0 0 0 0
estimated_attenuation.size=902
estimated_attenuation.data=0.00 0.00 0.00 0.00 0.00 0.00 0.00 0.00 0.00 0.00 0.00 0.00 0.00 0.00 0.00 0.00 0.00 0.00 0.00 0.00 0.00 0.00 0.00 0.00 0.00 0.00 0.00 0.00 0.00 0.00 0.00 0.00 0.00 0.00 0.00 0.00 0.00 0.00 0.00 0.00 0.00 0.00 0.00 0.00 0.00 0.00 0.00 0.00 0.00 0.00 0.00 0.00 0.00 0.00 0.00 0.00 0.00 0.00 0.00 0.00 0.00 0.00 0.00 0.00 0.00 0.00 0.00 0.00 0.00 0.00 0.00 0.00 0.00 0.00 0.00 0.00 0.00 0.00 0.00 0.00 0.00 0.00 0.00 0.00 0.00 0.00 0.00 0.00 0.00 0.00 0.00 0.00 0.00 0.00 0.00 0.00 0.00 0.00 0.00 0.00 0.00 0.00 0.00 0.00 0.00 0.00 0.00 0.00 0.00 0.00 0.00 0.00 0.00 0.00 0.00 0.00 0.00 0.00 0.00 0.00 0.00 0.00 0.00 0.00 0.00 0.00 0.00 0.00 0.00 0.00 0.00 0.00 0.00 0.00 0.00 0.00 0.00 0.00 0.00 0.00 0.00 0.00 0.00 0.00 0.00 0.00 0.00 0.00 0.00 0.00 0.00 0.00 0.00 0.00 0.00 0.00 0.00 0.00 0.00 0.00 0.00 0.00 0.00 0.00 0.00 0.00 0.00 0.00 0.00 0.00 0.00 0.00 0.00 0.00 0.00 0.00 0.00 0.00 0.00 0.00 0.00 0.00 0.00 0.00 0.00 0.00 0.00 0.00 0.00 0.00 0.00 0.00 0.00 0.00 0.00 0.00 0.00 0.00 0.00 0.00 0.00 0.00 0.00 0.00 0.00 0.00 0.00 0.00 0.00 0.00 0.00 0.00 0.00 0.00 0.00 0.00 0.00 0.00 0.00 0.00 0.00 0.00 0.00 0.00 0.00 0.00 0.00 0.00 0.00 0.00 0.00 0.00 0.00 0.00 0.00 0.00 0.00 0.00 0.00 0.00 0.00 0.00 0.00 0.00 0.00 0.00 0.00 0.00 0.00 0.00 0.00 0.00 0.00 0.00 0.00 0.00 0.00 0.00 0.00 0.00 0.00 0.00 0.00 0.00 0.00 0.00 0.00 0.00 0.00 0.00 0.00 0.00 0.00 0.00 0.00 0.00 0.00 0.00 0.00 0.00 0.00 0.00 0.00 0.00 0.00 0.00 0.00 0.00 0.00 0.00 0.00 0.00 0.00 0.00 0.00 0.00 0.00 0.00 0.00 0.00 0.00 0.00 0.00 0.00 0.00 0.00 0.00 0.00 0.00 0.00 0.00 0.00 0.00 0.00 0.00 0.00 0.00 0.00 0.00 0.00 0.00 0.00 0.00 0.00 0.00 0.00 0.00 0.00 0.00 0.00 0.00 0.00 0.00 0.00 0.00 0.00 0.00 0.00 0.00 0.00 0.00 0.00 0.00 0.00 0.00 0.00 0.00 0.00 0.00 0.00 0.00 0.00 0.00 0.00 0.00 0.00 0.00 0.00 0.00 0.00 0.00 0.00 0.00 0.00 0.00 0.00 0.00 0.00 0.00 0.00 0.00 0.00 0.00 0.00 0.00 0.00 0.00 0.00 0.00 0.00 0.00 0.00 0.00 0.00 0.00 0.00 0.00 0.00 0.00 0.00 0.00 0.00 0.00 0.00 0.00 0.00 0.00 0.00 0.00 0.00 0.00 0.00 0.00 0.00 0.00 0.00 0.00 0.00 0.00 0.00 0.00 0.00 0.00 0.00 0.00 0.00 0.00 0.00 0.00 0.00 0.00 0.00 0.00 0.00 0.00 0.00 0.00 0.00 0.00 0.00 0.00 0.00 0.00 0.00 0.00 0.00 0.00 0.00 0.00 0.00 0.00 0.00 0.00 0.00 0.00 0.00 0.00 0.00 0.00 0.00 0.00 0.00 0.00 0.00 0.00 0.00 0.00 0.00 0.00 0.00 0.00 0.00 0.00 0.00 0.00 0.00 0.00 0.00 0.00 0.00 0.00 0.00 0.00 0.00 0.00 0.00 0.00 0.00 0.00 0.00 0.00 0.00 0.00 0.00 0.00 0.00 0.00 0.00 0.00 0.00 0.00 0.00 0.00 0.00 0.00 0.00 0.00 0.00 0.00 0.00 0.00 0.00 0.00 0.00 0.00 0.00 0.00 0.00 0.00 0.00 0.00 0.00 0.00 0.00 0.00 0.00 0.00 0.00 0.00 0.00 0.00 0.00 0.00 0.00 0.00 0.00 0.00 0.00 0.00 0.00 0.00 0.00 0.00 0.00 0.00 0.00 0.00 0.00 0.00 0.00 0.00 0.00 0.00 0.00 0.00 0.00 0.00 0.00 0.00 0.00 0.00 0.00 0.00 0.00 0.00 0.00 0.00 0.00 0.00 0.00 0.00 0.00 0.00 0.00 0.00 0.00 0.00 0.00 0.00 0.00 0.00 0.00 0.00 0.00 0.00 0.00 0.00 0.00 0.00 0.00 0.00 0.00 0.00 0.00 0.00 0.00 0.00 0.00 0.00 0.00 0.00 0.00 0.00 0.00 0.00 0.00 0.00 0.00 0.00 0.00 0.00 0.00 0.00 0.00 0.00 0.00 0.00 0.00 0.00 0.00 0.00 0.00 0.00 0.00 0.00 0.00 0.00 0.00 0.00 0.00 0.00 0.00 0.00 0.00 0.00 0.00 0.00 0.00 0.00 0.00 0.00 0.00 0.00 0.00 0.00 0.00 0.00 0.00 0.00 0.00 0.00 0.00 0.00 0.00 0.00 0.00 0.00 0.00 0.00 0.00 0.00 0.00 0.00 0.00 0.00 0.00 0.00 0.00 0.00 0.00 0.00 0.00 0.00 0.00 0.00 0.00 0.00 0.00 0.00 0.00 0.00 0.00 0.00 0.00 0.00 0.00 0.00 0.00 0.00 0.00 0.00 0.00 0.00 0.00 0.00 0.00 0.00 0.00 0.00 0.00 0.00 0.00 0.00 0.00 0.00 0.00 0.00 0.00 0.00 0.00 0.00 0.00 0.00 0.00 0.00 0.00 0.00 0.00 0.00 0.00 0.00 0.00 0.00 0.00 0.00 0.00 0.00 0.00 0.00 0.00 0.00 0.00 0.00 0.00 0.00 0.00 0.00 0.00 0.00 0.00 0.00 0.00 0.00 0.00 0.00 0.00 0.00 0.00 0.00 0.00 0.00 0.00 0.00 0.00 0.00 0.00 0.00 0.00 0.00 0.00 0.00 0.00 0.00 0.00 0.00 0.00 0.00 0.00 0.00 0.00 0.00 0.00 0.00 0.00 0.00 0.00 0.00 0.00 0.00 0.00 0.00 0.00 0.00 0.00 0.00 0.00 0.00 0.00 0.00 0.00 0.00 0.00 0.00 0.00 0.00 0.00 0.00 0.00 0.00 0.00 0.00 0.00 0.00 0.00 0.00 0.00 0.00 0.00 0.00 0.00 0.00 0.00 0.00 0.00 0.00 0.00 0.00 0.00 0.00 0.00 0.00 0.00 0.00 0.00 0.00 0.00 0.00 0.00 0.00 0.00 0.00 0.00 0.00 0.00 0.00 0.00 0.00 0.00 0.00 0.00 0.00 0.00 0.00 0.00 0.00 0.00 0.00 0.00 0.00 0.00 0.00 0.00 0.00 0.00 0.00 0.00 0.00 0.00 0.00 0.00 0.00 0.00 0.00 0.00 0.00 0.00 0.00 0.00 0.00 0.00 0.00 0.00 0.00 0.00 0.00 0.00 0.00 0.00 0.00 0.00 0.00 0.00 0.00 0.00 0.00 0.00 0.00 0.00 0.00 0.00 0.00 0.00 0.00 0.00 0.00 0.00 0.00 0.00 0.00 0.00 0.00 0.00 0.00 0.00 0.00 0.00 0.00 0.00 0.00 0.00 0.00 0.00
height.size=902
height.data=20634.29 20634.29 20634.29 20634.29 20634.29 20634.29 20634.29 20634.29 20634.29 20634.29 20634.29 20665.63 20665.63 20665.63 20665.63 20665.63 20665.63 20665.63 20665.63 20665.63 20665.63 20665.63 20696.98 20696.98 20696.98 20696.98 20696.98 20696.98 20696.98 20696.98 20696.98 20696.98 20696.98 20728.34 20728.34 20728.34 20728.34 20728.34 20728.34 20728.34 20728.34 20728.34 20728.34 20728.34 20759.70 20759.70 20759.70 20759.70 20759.70 20759.70 20759.70 20759.70 20759.70 20759.70 20759.70 20791.07 20791.07 20791.07 20791.07 20791.07 20791.07 20791.07 20791.07 20791.07 20791.07 20791.07 20822.45 20822.45 20822.45 20822.45 20822.45 20822.45 20822.45 20822.45 20822.45 20822.45 20822.45 20853.84 20853.84 20853.84 20853.84 20853.84 20853.84 20853.84 20853.84 20853.84 20853.84 20853.84 20885.23 20885.23 20885.23 20885.23 20885.23 20885.23 20885.23 20885.23 20885.23 20885.23 20885.23 20916.63 20916.63 20916.63 20916.63 20916.63 20916.63 20916.63 20916.63 20916.63 20916.63 20916.63 20948.04 20948.04 20948.04 20948.04 20948.04 20948.04 20948.04 20948.04 20948.04 20948.04 20948.04 20979.45 20979.45 20979.45 20979.45 20979.45 20979.45 20979.45 20979.45 20979.45 20979.45 20979.45 21010.87 21010.87 21010.87 21010.87 21010.87 21010.87 21010.87 21010.87 21010.87 21010.87 21010.87 21042.30 21042.30 21042.30 21042.30 21042.30 21042.30 21042.30 21042.30 21042.30 21042.30 21042.30 21073.74 21073.74 21073.74 21073.74 21073.74 21073.74 21073.74 21073.74 21073.74 21073.74 21073.74 21105.18 21105.18 21105.18 21105.18 21105.18 21105.18 21105.18 21105.18 21105.18 21105.18 21105.18 21136.63 21136.63 21136.63 21136.63 21136.63 21136.63 21136.63 21136.63 21136.63 21136.63 21136.63 21168.09 21168.09 21168.09 21168.09 21168.09 21168.09 21168.09 21168.09 21168.09 21168.09 21168.09 21199.56 21199.56 21199.56 21199.56 21199.56 21199.56 21199.56 21199.56 21199.56 21199.56 21199.56 21231.03 21231.03 21231.03 21231.03 21231.03 21231.03 21231.03 21231.03 21231.03 21231.03 21231.03 21262.51 21262.51 21262.51 21262.51 21262.51 21262.51 21262.51 21262.51 21262.51 21262.51 21262.51 21293.99 21293.99 21293.99 21293.99 21293.99 21293.99 21293.99 21293.99 21293.99 21293.99 21293.99 21325.49 21325.49 21325.49 21325.49 21325.49 21325.49 21325.49 21325.49 21325.49 21325.49 21325.49 21356.99 21356.99 21356.99 21356.99 21356.99 21356.99 21356.99 21356.99 21356.99 21356.99 21356.99 21388.50 21388.50 21388.50 21388.50 21388.50 21388.50 21388.50 21388.50 21388.50 21388.50 21388.50 21420.01 21420.01 21420.01 21420.01 21420.01 21420.01 21420.01 21420.01 21420.01 21420.01 21420.01 21451.54 21451.54 21451.54 21451.54 21451.54 21451.54 21451.54 21451.54 21451.54 21451.54 21451.54 21483.07 21483.07 21483.07 21483.07 21483.07 21483.07 21483.07 21483.07 21483.07 21483.07 21483.07 21514.60 21514.60 21514.60 21514.60 21514.60 21514.60 21514.60 21514.60 21514.60 21514.60 21514.60 21546.15 21546.15 21546.15 21546.15 21546.15 21546.15 21546.15 21546.15 21546.15 21546.15 21546.15 21577.70 21577.70 21577.70 21577.70 21577.70 21577.70 21577.70 21577.70 21577.70 21577.70 21577.70 21609.26 21609.26 21609.26 21609.26 21609.26 21609.26 21609.26 21609.26 21609.26 21609.26 21609.26 21640.83 21640.83 21640.83 21640.83 21640.83 21640.83 21640.83 21640.83 21640.83 21640.83 21640.83 21672.40 21672.40 21672.40 21672.40 21672.40 21672.40 21672.40 21672.40 21672.40 21672.40 21672.40 21703.98 21703.98 21703.98 21703.98 21703.98 21703.98 21703.98 21703.98 21703.98 21703.98 21703.98 21735.57 21735.57 21735.57 21735.57 21735.57 21735.57 21735.57 21735.57 21735.57 21735.57 21735.57 21767.16 21767.16 21767.16 21767.16 21767.16 21767.16 21767.16 21767.16 21767.16 21767.16 21767.16 21798.77 21798.77 21798.77 21798.77 21798.77 21798.77 21798.77 21798.77 21798.77 21798.77 21798.77 21830.38 21830.38 21830.38 21830.38 21830.38 21830.38 21830.38 21830.38 21830.38 21830.38 21830.38 21861.99 21861.99 21861.99 21861.99 21861.99 21861.99 21861.99 21861.99 21861.99 21861.99 21861.99 21893.62 21893.62 21893.62 21893.62 21893.62 21893.62 21893.62 21893.62 21893.62 21893.62 21893.62 21925.25 21925.25 21925.25 21925.25 21925.25 21925.25 21925.25 21925.25 21925.25 21925.25 21925.25 21956.89 21956.89 21956.89 21956.89 21956.89 21956.89 21956.89 21956.89 21956.89 21956.89 21956.89 21988.53 21988.53 21988.53 21988.53 21988.53 21988.53 21988.53 21988.53 21988.53 21988.53 21988.53 22020.18 22020.18 22020.18 22020.18 22020.18 22020.18 22020.18 22020.18 22020.18 22020.18 22020.18 22051.84 22051.84 22051.84 22051.84 22051.84 22051.84 22051.84 22051.84 22051.84 22051.84 22051.84 22083.51 22083.51 22083.51 22083.51 22083.51 22083.51 22083.51 22083.51 22083.51 22083.51 22083.51 22115.19 22115.19 22115.19 22115.19 22115.19 22115.19 22115.19 22115.19 22115.19 22115.19 22115.19 22146.87 22146.87 22146.87 22146.87 22146.87 22146.87 22146.87 22146.87 22146.87 22146.87 22146.87 22178.56 22178.56 22178.56 22178.56 22178.56 22178.56 22178.56 22178.56 22178.56 22178.56 22178.56 22210.25 22210.25 22210.25 22210.25 22210.25 22210.25 22210.25 22210.25 22210.25 22210.25 22210.25 22241.96 22241.96 22241.96 22241.96 22241.96 22241.96 22241.96 22241.96 22241.96 22241.96 22241.96 22273.67 22273.67 22273.67 22273.67 22273.67 22273.67 22273.67 22273.67 22273.67 22273.67 22273.67 22305.38 22305.38 22305.38 22305.38 22305.38 22305.38 22305.38 22305.38 22305.38 22305.38 22305.38 22337.11 22337.11 22337.11 22337.11 22337.11 22337.11 22337.11 22337.11 22337.11 22337.11 22337.11 22368.84 22368.84 22368.84 22368.84 22368.84 22368.84 22368.84 22368.84 22368.84 22368.84 22368.84 22400.58 22400.58 22400.58 22400.58 22400.58 22400.58 22400.58 22400.58 22400.58 22400.58 22400.58 22432.33 22432.33 22432.33 22432.33 22432.33 22432.33 22432.33 22432.33 22432.33 22432.33 22432.33 22464.08 22464.08 22464.08 22464.08 22464.08 22464.08 22464.08 22464.08 22464.08 22464.08 22464.08 22495.84 22495.84 22495.84 22495.84 22495.84 22495.84 22495.84 22495.84 22495.84 22495.84 22495.84 22527.61 22527.61 22527.61 22527.61 22527.61 22527.61 22527.61 22527.61 22527.61 22527.61 22527.61 22559.39 22559.39 22559.39 22559.39 22559.39 22559.39 22559.39 22559.39 22559.39 22559.39 22559.39 22591.17 22591.17 22591.17 22591.17 22591.17 22591.17 22591.17 22591.17 22591.17 22591.17 22591.17 22622.96 22622.96 22622.96 22622.96 22622.96 22622.96 22622.96 22622.96 22622.96 22622.96 22622.96 22654.76 22654.76 22654.76 22654.76 22654.76 22654.76 22654.76 22654.76 22654.76 22654.76 22654.76 22686.56 22686.56 22686.56 22686.56 22686.56 22686.56 22686.56 22686.56 22686.56 22686.56 22686.56 22718.37 22718.37 22718.37 22718.37 22718.37 22718.37 22718.37 22718.37 22718.37 22718.37 22718.37 22750.19 22750.19 22750.19 22750.19 22750.19 22750.19 22750.19 22750.19 22750.19 22750.19 22750.19 22782.02 22782.02 22782.02 22782.02 22782.02 22782.02 22782.02 22782.02 22782.02 22782.02 22782.02 22813.85 22813.85 22813.85 22813.85 22813.85 22813.85 22813.85 22813.85 22813.85 22813.85 22813.85 22845.69 22845.69 22845.69 22845.69 22845.69 22845.69 22845.69 22845.69 22845.69 22845.69 22845.69 22877.54 22877.54 22877.54 22877.54 22877.54 22877.54 22877.54 22877.54 22877.54 22877.54 22877.54 22909.40 22909.40 22909.40 22909.40 22909.40 22909.40 22909.40 22909.40 22909.40 22909.40 22909.40 22941.26 22941.26 22941.26 22941.26 22941.26 22941.26 22941.26 22941.26 22941.26 22941.26 22941.26 22973.13 22973.13 22973.13 22973.13 22973.13 22973.13 22973.13 22973.13 22973.13 22973.13 22973.13 23005.00 23005.00 23005.00 23005.00 23005.00 23005.00 23005.00 23005.00 23005.00 23005.00 23005.00 23036.89 23036.89 23036.89 23036.89 23036.89 23036.89 23036.89 23036.89 23036.89 23036.89 23036.89 23068.78 23068.78 23068.78 23068.78 23068.78 23068.78 23068.78 23068.78 23068.78 23068.78 23068.78 23100.68 23100.68 23100.68 23100.68 23100.68 23100.68 23100.68 23100.68 23100.68 23100.68 23100.68 23132.58 23132.58 23132.58 23132.58 23132.58 23132.58 23132.58 23132.58 23132.58 23132.58 23132.58 23164.50 23164.50 23164.50 23164.50 23164.50 23164.50 23164.50 23164.50 23164.50 23164.50 23164.50 23196.42 23196.42 23196.42 23196.42 23196.42 23196.42 23196.42 23196.42 23196.42 23196.42 23196.42
=== END RADAR_SCAN ===

=== BEGIN RADAR_SCAN ===
scan.index=12
scan.time=98.670000
radar.id=0
radar.frequency=C
radar.scanning_mode=PPI
radar.x=0.000
radar.y=0.000
radar.z=25.000
radar.maximum_range=250000.000
radar.range_resolution=250.000
radar.angular_resolution=1.000000
box.radar_id=0
box.min_range_gate=715.000
box.max_range_gate=796.000
box.min_angle=102.000000
box.max_angle=113.000000
box.num_ranges=82
box.num_angles=11
box.range_resolution=250.000
box.angular_resolution=1.000000
box.other_angle=2.800000
grid.size=902
grid.data=0.00 0.00 0.00 0.00 0.00 0.00 0.00 0.00 0.00 0.00 0.00 0.00 0.00 0.00 0.00 0.00 0.00 0.00 0.00 0.00 0.00 0.00 0.00 0.00 0.00 0.00 0.00 1.08 -0.51 0.00 0.00 0.00 0.00 0.00 0.00 0.00 0.00 0.00 0.53 -0.50 0.00 0.00 0.00 0.00 0.00 0.00 0.00 0.00 0.00 -0.83 0.33 0.00 0.00 0.00 0.00 0.00 0.00 0.00 0.00 0.00 -0.41 -0.43 0.00 0.00 0.00 0.00 0.00 0.00 0.00 0.00 2.21 -0.86 -3.22 0.00 0.00 0.00 0.00 0.00 0.00 0.00 0.00 0.74 2.39 0.19 0.00 0.00 0.00 0.00 0.00 0.00 0.00 0.00 0.32 0.08 0.93 -1.62 0.00 0.00 0.00 0.00 0.00 0.00 0.00 0.06 -0.80 0.30 -0.31 0.00 0.00 0.00 0.00 0.00 0.00 0.00 0.92 1.02 -0.78 0.54 0.00 0.00 0.00 0.00 0.00 0.00 0.00 -1.66 -1.41 0.76 -0.58 0.00 0.00 0.00 0.00 0.00 0.00 0.00 1.00 -0.83 0.44 0.56 0.00 0.00 0.00 0.00 0.00 0.00 0.00 -0.86 1.25 -0.08 -1.62 0.00 0.00 0.00 0.00 0.00 0.00 0.00 -0.61 0.27 -0.33 1.72 0.00 0.00 0.00 0.00 0.00 0.00 0.00 -0.98 0.26 -1.20 -1.13 0.00 0.00 0.00 0.00 0.00 0.00 -0.03 -0.20 -0.03 -1.20 -1.59 0.00 0.00 0.00 0.00 0.00 0.00 0.06 1.07 -0.39 -0.58 1.19 0.00 0.00 0.00 0.00 0.00 0.00 -1.48 0.26 1.11 -0.15 1.49 0.00 0.00 0.00 0.00 0.00 0.00 2.04 -1.68 1.09 1.39 -0.94 0.00 0.00 0.00 0.00 0.00 0.00 0.20 -0.34 -1.22 0.37 -0.11 0.00 0.00 0.00 0.00 0.00 0.00 -0.24 0.05 1.71 0.33 -1.08 -0.27 0.00 0.00 0.00 0.00 0.00 -1.63 0.55 -0.13 -0.06 0.38 -1.67 0.00 0.00 0.00 0.00 0.00 -0.78 0.60 -2.56 1.47 -1.24 -0.55 0.00 0.00 0.00 0.00 0.00 0.81 1.82 -0.04 0.39 1.14 2.21 0.00 0.00 0.00 0.00 0.00 0.49 -0.28 -0.08 0.50 -0.42 2.97 0.00 0.00 0.00 0.00 0.00 -1.05 -0.71 -1.16 0.87 -0.34 2.30 0.00 0.00 0.00 0.00 0.00 -1.57 0.01 -0.06 -0.96 0.44 0.46 0.00 0.00 0.00 0.00 0.00 1.16 -1.83 -0.47 -1.66 -1.99 0.12 0.00 0.00 0.00 0.00 0.00 -0.23 -0.20 -0.73 -1.20 0.77 1.07 0.00 0.00 0.00 0.00 0.00 -0.50 0.13 1.13 -0.88 -0.41 -0.20 0.00 0.00 0.00 0.00 0.00 -1.47 -0.03 0.92 -0.09 -2.29 -0.25 0.00 0.00 0.00 0.00 0.00 -0.63 -0.06 -0.69 -0.31 -0.62 -0.43 0.00 0.00 0.00 0.00 0.00 -1.58 0.26 1.34 0.99 -0.60 1.42 0.00 0.00 0.00 0.00 0.00 0.76 0.54 -0.21 0.38 -0.78 -0.74 0.00 0.00 0.00 0.00 0.00 -2.11 0.10 1.31 -1.26 -0.72 0.27 0.00 0.00 0.00 0.00 0.00 -0.67 -0.33 -0.38 -1.89 -0.07 -0.49 0.00 0.00 0.00 0.00 0.00 0.27 -0.20 2.07 0.27 0.49 -0.72 0.00 0.00 0.00 0.00 0.00 0.40 -0.04 0.67 -2.50 1.45 -0.30 0.00 0.00 0.00 0.00 0.00 0.63 1.48 -0.04 -0.35 -0.48 -0.28 0.00 0.00 0.00 0.00 0.00 0.28 0.75 -1.59 -0.83 1.03 0.33 0.00 0.00 0.00 0.00 0.00 -2.06 -0.13 -1.72 -3.42 0.42 -1.00 0.00 0.00 0.00 0.00 0.00 1.11 -0.09 -0.00 -0.54 -0.91 0.31 0.00 0.00 0.00 0.00 0.00 0.30 0.52 1.78 -1.87 -0.83 0.63 0.00 0.00 0.00 0.00 0.00 0.73 0.13 -2.26 -1.37 -0.27 0.19 0.00 0.00 0.00 0.00 0.00 -0.85 0.77 0.62 -0.43 0.17 -1.00 0.00 0.00 0.00 0.00 0.00 0.38 0.69 -0.32 1.08 -1.28 -0.30 0.00 0.00 0.00 0.00 0.00 -0.23 0.83 1.05 -0.11 -1.24 -0.80 0.00 0.00 0.00 0.00 0.00 -0.29 0.04 -0.61 -2.04 -0.70 -0.64 0.00 0.00 0.00 0.00 0.00 1.52 0.92 1.20 0.49 -0.60 0.20 0.00 0.00 0.00 0.00 0.00 0.31 0.18 -2.80 -1.01 0.30 0.93 0.00 0.00 0.00 0.00 0.00 1.34 -0.12 -0.24 -0.13 0.16 -1.02 0.00 0.00 0.00 0.00 0.00 -0.60 0.66 1.03 -1.21 0.82 -2.34 0.00 0.00 0.00 0.00 0.00 1.17 0.25 0.51 0.49 0.23 0.44 0.00 0.00 0.00 0.00 0.00 -1.06 -0.38 -0.28 -0.13 0.98 1.91 0.00 0.00 0.00 0.00 0.00 1.07 1.25 0.70 -0.29 0.81 -1.71 0.00 0.00 0.00 0.00 0.00 0.40 0.53 -1.75 -1.08 1.55 -0.09 0.00 0.00 0.00 0.00 0.00 0.89 -0.03 2.30 0.44 0.06 0.73 0.00 0.00 0.00 0.00 0.00 1.02 1.68 -0.88 0.06 -0.51 -0.30 0.00 0.00 0.00 0.00 0.00 0.06 1.32 1.04 -0.59 -1.03 -2.13 0.00 0.00 0.00 0.00 0.00 -1.13 0.67 -1.65 -0.27 0.35 0.47 0.00 0.00 0.00 0.00 0.00 -0.60 1.56 -0.70 1.67 -0.68 0.00 0.00 0.00 0.00 0.00 0.00 -1.14 0.23 -0.92 -1.68 0.75 0.00 0.00 0.00 0.00 0.00 0.00 -0.43 -1.58 1.55 0.39 0.53 0.00 0.00 0.00 0.00 0.00 0.00 -0.54 -0.27 0.95 -0.18 0.35 0.00 0.00 0.00 0.00 0.00 0.00 1.50 0.56 1.12 -0.42 1.61 0.00 0.00 0.00 0.00 0.00 0.00 0.00 -0.33 -1.14 -0.00 0.01 0.00 0.00 0.00 0.00 0.00 0.00 0.00 0.64 -0.60 -0.72 1.36 0.00 0.00 0.00 0.00 0.00 0.00 0.00 -0.09 -0.87 -1.74 -0.27 0.00 0.00 0.00 0.00 0.00 0.00 0.00 -0.19 1.25 -1.49 -0.64 0.00 0.00 0.00 0.00 0.00 0.00 0.00 -0.79 -0.06 -2.19 -0.25 0.00 0.00 0.00 0.00 0.00 0.00 0.00 -1.15 1.47 0.85 1.31 0.00 0.00 0.00 0.00 0.00 0.00 0.00 1.08 1.08 -0.02 -0.04 0.00 0.00 0.00 0.00 0.00 0.00 0.00 1.06 -1.08 0.29 -0.29 0.00 0.00 0.00 0.00 0.00 0.00 0.00 0.69 0.61 -0.79 0.52 0.00 0.00 0.00 0.00 0.00 0.00 0.00 0.62 -1.23 -1.19 0.00 0.00 0.00 0.00 0.00 0.00 0.00 0.00 0.07 -0.37 -0.62 0.00 0.00 0.00 0.00 0.00 0.00 0.00 0.00 0.00 -0.14 0.86 0.00 0.00 0.00 0.00 0.00 0.00 0.00 0.00 0.00 1.18 0.72 0.00 0.00 0.00 0.00 0.00 0.00 0.00 0.00 0.00 0.55 2.10 0.00 0.00 0.00 0.00 0.00 0.00 0.00 0.00 0.00 1.31 0.58 0.00 0.00 0.00 0.00 0.00 0.00 0.00 0.00 0.00 -1.02 0.00 0.00 0.00 0.00 0.00
rain_type.data=0 0 0 0 0 0 0 0 0 0 0 0 0 0 0 0 0 0 0 0 0 0 0 0 0 0 0 1 1 0 0 0 0 0 0 0 0 0 1 1 0 0 0 0 0 0 0 0 0 1 1 0 0 0 0 0 0 0 0 0 1 1 0 0 0 0 0 0 0 0 1 1 1 0 0 0 0 0 0 0 0 1 1 1 0 0 0 0 0 0 0 0 1 1 1 1 0 0 0 0 0 0 0 1 1 1 1 0 0 0 0 0 0 0 1 1 1 1 0 0 0 0 0 0 0 1 1 1 1 0 0 0 0 0 0 0 1 1 1 1 0 0 0 0 0 0 0 1 1 1 1 0 0 0 0 0 0 0 1 1 1 1 0 0 0 0 0 0 0 1 1 1 1 0 0 0 0 0 0 1 2 1 1 1 0 0 0 0 0 0 1 2 1 1 1 0 0 0 0 0 0 1 2 1 1 1 0 0 0 0 0 0 1 2 1 1 1 0 0 0 0 0 0 2 2 1 1 1 0 0 0 0 0 0 2 2 1 1 1 1 0 0 0 0 0 2 2 2 1 1 1 0 0 0 0 0 2 2 2 1 1 1 0 0 0 0 0 2 2 2 1 1 1 0 0 0 0 0 2 2 2 1 1 1 0 0 0 0 0 2 2 2 1 1 1 0 0 0 0 0 2 2 2 1 1 1 0 0 0 0 0 2 2 2 1 1 1 0 0 0 0 0 2 2 2 1 1 1 0 0 0 0 0 2 2 2 1 1 1 0 0 0 0 0 2 2 2 1 1 1 0 0 0 0 0 2 2 2 1 1 1 0 0 0 0 0 2 2 2 1 1 1 0 0 0 0 0 2 2 2 1 1 1 0 0 0 0 0 2 2 2 1 1 1 0 0 0 0 0 2 2 2 1 1 1 0 0 0 0 0 2 2 2 1 1 1 0 0 0 0 0 2 2 2 1 1 1 0 0 0 0 0 2 2 2 1 1 1 0 0 0 0 0 2 2 2 1 1 1 0 0 0 0 0 2 2 2 1 1 1 0 0 0 0 0 2 2 2 1 1 1 0 0 0 0 0 2 2 2 1 1 1 0 0 0 0 0 2 2 2 1 1 1 0 0 0 0 0 2 2 2 1 1 1 0 0 0 0 0 2 2 2 1 1 1 0 0 0 0 0 2 2 2 1 1 1 0 0 0 0 0 2 2 2 1 1 1 0 0 0 0 0 2 2 2 1 1 1 0 0 0 0 0 2 2 1 1 1 1 0 0 0 0 0 2 2 1 1 1 1 0 0 0 0 0 1 2 1 1 1 1 0 0 0 0 0 1 2 1 1 1 1 0 0 0 0 0 1 2 1 1 1 1 0 0 0 0 0 1 2 1 1 1 1 0 0 0 0 0 1 1 1 1 1 1 0 0 0 0 0 1 1 1 1 1 1 0 0 0 0 0 1 1 1 1 1 1 0 0 0 0 0 1 1 1 1 1 1 0 0 0 0 0 1 1 1 1 1 1 0 0 0 0 0 1 1 1 1 1 0 0 0 0 0 0 1 1 1 1 1 0 0 0 0 0 0 1 1 1 1 1 0 0 0 0 0 0 1 1 1 1 1 0 0 0 0 0 0 1 1 1 1 1 0 0 0 0 0 0 0 1 1 1 1 0 0 0 0 0 0 0 1 1 1 1 0 0 0 0 0 0 0 1 1 1 1 0 0 0 0 0 0 0 1 1 1 1 0 0 0 0 0 0 0 1 1 1 1 0 0 0 0 0 0 0 1 1 1 1 0 0 0 0 0 0 0 1 1 1 1 0 0 0 0 0 0 0 1 1 1 1 0 0 0 0 0 0 0 1 1 1 1 0 0 0 0 0 0 0 1 1 1 0 0 0 0 0 0 0 0 1 1 1 0 0 0 0 0 0 0 0 0 1 1 0 0 0 0 0 0 0 0 0 1 1 0 0 0 0 0 0 0 0 0 1 1 0 0 0 0 0 0 0 0 0 1 1 0 0 0 0 0 0 0 0 0 1 0 0 0 0 0
estimated_attenuation.size=902
estimated_attenuation.data=0.00 0.00 0.00 0.00 0.00 0.00 0.00 0.00 0.00 0.00 0.00 0.00 0.00 0.00 0.00 0.00 0.00 0.00 0.00 0.00 0.00 0.00 0.00 0.00 0.00 0.00 0.00 0.00 0.00 0.00 0.00 0.00 0.00 0.00 0.00 0.00 0.00 0.00 0.00 0.00 0.00 0.00 0.00 0.00 0.00 0.00 0.00 0.00 0.00 0.00 0.00 0.00 0.00 0.00 0.00 0.00 0.00 0.00 0.00 0.00 0.00 0.00 0.00 0.00 0.00 0.00 0.00 0.00 0.00 0.00 0.00 0.00 0.00 0.00 0.00 0.00 0.00 0.00 0.00 0.00 0.00 0.00 0.00 0.00 0.00 0.00 0.00 0.00 0.00 0.00 0.00 0.00 0.00 0.00 0.00 0.00 0.00 0.00 0.00 0.00 0.00 0.00 0.00 0.00 0.00 0.00 0.00 0.00 0.00 0.00 0.00 0.00 0.00 0.00 0.00 0.00 0.00 0.00 0.00 0.00 0.00 0.00 0.00 0.00 0.00 0.00 0.00 0.00 0.00 0.00 0.00 0.00 0.00 0.00 0.00 0.00 0.00 0.00 0.00 0.00 0.00 0.00 0.00 0.00 0.00 0.00 0.00 0.00 0.00 0.00 0.00 0.00 0.00 0.00 0.00 0.00 0.00 0.00 0.00 0.00 0.00 0.00 0.00 0.00 0.00 0.00 0.00 0.00 0.00 0.00 0.00 0.00 0.00 0.00 0.00 0.00 0.00 0.00 0.00 0.00 0.00 0.00 0.00 0.00 0.00 0.00 0.00 0.00 0.00 0.00 0.00 0.00 0.00 0.00 0.00 0.00 0.00 0.00 0.00 0.00 0.00 0.00 0.00 0.00 0.00 0.00 0.00 0.00 0.00 0.00 0.00 0.00 0.00 0.00 0.00 0.00 0.00 0.00 0.00 0.00 0.00 0.00 0.00 0.00 0.00 0.00 0.00 0.00 0.00 0.00 0.00 0.00 0.00 0.00 0.00 0.00 0.00 0.00 0.00 0.00 0.00 0.00 0.00 0.00 0.00 0.00 0.00 0.00 0.00 0.00 0.00 0.00 0.00 0.00 0.00 0.00 0.00 0.00 0.00 0.00 0.00 0.00 0.00 0.00 0.00 0.00 0.00 0.00 0.00 0.00 0.00 0.00 0.00 0.00 0.00 0.00 0.00 0.00 0.00 0.00 0.00 0.00 0.00 0.00 0.00 0.00 0.00 0.00 0.00 0.00 0.00 0.00 0.00 0.00 0.00 0.00 0.00 0.00 0.00 0.00 0.00 0.00 0.00 0.00 0.00 0.00 0.00 0.00 0.00 0.00 0.00 0.00 0.00 0.00 0.00 0.00 0.00 0.00 0.00 0.00 0.00 0.00 0.00 0.00 0.00 0.00 0.00 0.00 0.00 0.00 0.00 0.00 0.00 0.00 0.00 0.00 0.00 0.00 0.00 0.00 0.00 0.00 0.00 0.00 0.00 0.00 0.00 0.00 0.00 0.00 0.00 0.00 0.00 0.00 0.00 0.00 0.00 0.00 0.00 0.00 0.00 0.00 0.00 0.00 0.00 0.00 0.00 0.00 0.00 0.00 0.00 0.00 0.00 0.00 0.00 0.00 0.00 0.00 0.00 0.00 0.00 0.00 0.00 0.00 0.00 0.00 0.00 0.00 0.00 0.00 0.00 0.00 0.00 0.00 0.00 0.00 0.00 0.00 0.00 0.00 0.00 0.00 0.00 0.00 0.00 0.00 0.00 0.00 0.00 0.00 0.00 0.00 0.00 0.00 0.00 0.00 0.00 0.00 0.00 0.00 0.00 0.00 0.00 0.00 0.00 0.00 0.00 0.00 0.00 0.00 0.00 0.00 0.00 0.00 0.00 0.00 0.00 0.00 0.00 0.00 0.00 0.00 0.00 0.00 0.00 0.00 0.00 0.00 0.00 0.00 0.00 0.00 0.00 0.00 0.00 0.00 0.00 0.00 0.00 0.00 0.00 0.00 0.00 0.00 0.00 0.00 0.00 0.00 0.00 0.00 0.00 0.00 0.00 0.00 0.00 0.00 0.00 0.00 0.00 0.00 0.00 0.00 0.00 0.00 0.00 0.00 0.00 0.00 0.00 0.00 0.00 0.00 0.00 0.00 0.00 0.00 0.00 0.00 0.00 0.00 0.00 0.00 0.00 0.00 0.00 0.00 0.00 0.00 0.00 0.00 0.00 0.00 0.00 0.00 0.00 0.00 0.00 0.00 0.00 0.00 0.00 0.00 0.00 0.00 0.00 0.00 0.00 0.00 0.00 0.00 0.00 0.00 0.00 0.00 0.00 0.00 0.00 0.00 0.00 0.00 0.00 0.00 0.00 0.00 0.00 0.00 0.00 0.00 0.00 0.00 0.00 0.00 0.00 0.00 0.00 0.00 0.00 0.00 0.00 0.00 0.00 0.00 0.00 0.00 0.00 0.00 0.00 0.00 0.00 0.00 0.00 0.00 0.00 0.00 0.00 0.00 0.00 0.00 0.00 0.00 0.00 0.00 0.00 0.00 0.00 0.00 0.00 0.00 0.00 0.00 0.00 0.00 0.00 0.00 0.00 0.00 0.00 0.00 0.00 0.00 0.00 0.00 0.00 0.00 0.00 0.00 0.00 0.00 0.00 0.00 0.00 0.00 0.00 0.00 0.00 0.00 0.00 0.00 0.00 0.00 0.00 0.00 0.00 0.00 0.00 0.00 0.00 0.00 0.00 0.00 0.00 0.00 0.00 0.00 0.00 0.00 0.00 0.00 0.00 0.00 0.00 0.00 0.00 0.00 0.00 0.00 0.00 0.00 0.00 0.00 0.00 0.00 0.00 0.00 0.00 0.00 0.00 0.00 0.00 0.00 0.00 0.00 0.00 0.00 0.00 0.00 0.00 0.00 0.00 0.00 0.00 0.00 0.00 0.00 0.00 0.00 0.00 0.00 0.00 0.00 0.00 0.00 0.00 0.00 0.00 0.00 0.00 0.00 0.00 0.00 0.00 0.00 0.00 0.00 0.00 0.00 0.00 0.00 0.00 0.00 0.00 0.00 0.00 0.00 0.00 0.00 0.00 0.00 0.00 0.00 0.00 0.00 0.00 0.00 0.00 0.00 0.00 0.00 0.00 0.00 0.00 0.00 0.00 0.00 0.00 0.00 0.00 0.00 0.00 0.00 0.00 0.00 0.00 0.00 0.00 0.00 0.00 0.00 0.00 0.00 0.00 0.00 0.00 0.00 0.00 0.00 0.00 0.00 0.00 0.00 0.00 0.00 0.00 0.00 0.00 0.00 0.00 0.00 0.00 0.00 0.00 0.00 0.00 0.00 0.00 0.00 0.00 0.00 0.00 0.00 0.00 0.00 0.00 0.00 0.00 0.00 0.00 0.00 0.00 0.00 0.00 0.00 0.00 0.00 0.00 0.00 0.00 0.00 0.00 0.00 0.00 0.00 0.00 0.00 0.00 0.00 0.00 0.00 0.00 0.00 0.00 0.00 0.00 0.00 0.00 0.00 0.00 0.00 0.00 0.00 0.00 0.00 0.00 0.00 0.00 0.00 0.00 0.00 0.00 0.00 0.00 0.00 0.00 0.00 0.00 0.00 0.00 0.00 0.00 0.00 0.00 0.00 0.00 0.00 0.00 0.00 0.00 0.00 0.00 0.00 0.00 0.00 0.00 0.00 0.00 0.00 0.00 0.00 0.00 0.00 0.00 0.00 0.00 0.00 0.00 0.00 0.00 0.00 0.00 0.00 0.00 0.00 0.00 0.00 0.00 0.00 0.00 0.00 0.00 0.00 0.00 0.00 0.00 0.00 0.00 0.00 0.00 0.00 0.00 0.00 0.00 0.00 0.00 0.00 0.00 0.00 0.00 0.00 0.00 0.00 0.00 0.00 0.00 0.00 0.00 0.00 0.00 0.00 0.00 0.00 0.00 0.00
height.size=902
height.data=10605.95 10605.95 10605.95 10605.95 10605.95 10605.95 10605.95 10605.95 10605.95 10605.95 10605.95 10623.41 10623.41 10623.41 10623.41 10623.41 10623.41 10623.41 10623.41 10623.41 10623.41 10623.41 10640.87 10640.87 10640.87 10640.87 10640.87 10640.87 10640.87 10640.87 10640.87 10640.87 10640.87 10658.34 10658.34 10658.34 10658.34 10658.34 10658.34 10658.34 10658.34 10658.34 10658.34 10658.34 10675.82 10675.82 10675.82 10675.82 10675.82 10675.82 10675.82 10675.82 10675.82 10675.82 10675.82 10693.30 10693.30 10693.30 10693.30 10693.30 10693.30 10693.30 10693.30 10693.30 10693.30 10693.30 10710.79 10710.79 10710.79 10710.79 10710.79 10710.79 10710.79 10710.79 10710.79 10710.79 10710.79 10728.29 10728.29 10728.29 10728.29 10728.29 10728.29 10728.29 10728.29 10728.29 10728.29 10728.29 10745.80 10745.80 10745.80 10745.80 10745.80 10745.80 10745.80 10745.80 10745.80 10745.80 10745.80 10763.31 10763.31 10763.31 10763.31 10763.31 10763.31 10763.31 10763.31 10763.31 10763.31 10763.31 10780.83 10780.83 10780.83 10780.83 10780.83 10780.83 10780.83 10780.83 10780.83 10780.83 10780.83 10798.36 10798.36 10798.36 10798.36 10798.36 10798.36 10798.36 10798.36 10798.36 10798.36 10798.36 10815.89 10815.89 10815.89 10815.89 10815.89 10815.89 10815.89 10815.89 10815.89 10815.89 10815.89 10833.44 10833.44 10833.44 10833.44 10833.44 10833.44 10833.44 10833.44 10833.44 10833.44 10833.44 10850.99 10850.99 10850.99 10850.99 10850.99 10850.99 10850.99 10850.99 10850.99 10850.99 10850.99 10868.54 10868.54 10868.54 10868.54 10868.54 10868.54 10868.54 10868.54 10868.54 10868.54 10868.54 10886.11 10886.11 10886.11 10886.11 10886.11 10886.11 10886.11 10886.11 10886.11 10886.11 10886.11 10903.68 10903.68 10903.68 10903.68 10903.68 10903.68 10903.68 10903.68 10903.68 10903.68 10903.68 10921.26 10921.26 10921.26 10921.26 10921.26 10921.26 10921.26 10921.26 10921.26 10921.26 10921.26 10938.85 10938.85 10938.85 10938.85 10938.85 10938.85 10938.85 10938.85 10938.85 10938.85 10938.85 10956.44 10956.44 10956.44 10956.44 10956.44 10956.44 10956.44 10956.44 10956.44 10956.44 10956.44 10974.04 10974.04 10974.04 10974.04 10974.04 10974.04 10974.04 10974.04 10974.04 10974.04 10974.04 10991.65 10991.65 10991.65 10991.65 10991.65 10991.65 10991.65 10991.65 10991.65 10991.65 10991.65 11009.27 11009.27 11009.27 11009.27 11009.27 11009.27 11009.27 11009.27 11009.27 11009.27 11009.27 11026.89 11026.89 11026.89 11026.89 11026.89 11026.89 11026.89 11026.89 11026.89 11026.89 11026.89 11044.52 11044.52 11044.52 11044.52 11044.52 11044.52 11044.52 11044.52 11044.52 11044.52 11044.52 11062.16 11062.16 11062.16 11062.16 11062.16 11062.16 11062.16 11062.16 11062.16 11062.16 11062.16 11079.80 11079.80 11079.80 11079.80 11079.80 11079.80 11079.80 11079.80 11079.80 11079.80 11079.80 11097.45 11097.45 11097.45 11097.45 11097.45 11097.45 11097.45 11097.45 11097.45 11097.45 11097.45 11115.11 11115.11 11115.11 11115.11 11115.11 11115.11 11115.11 11115.11 11115.11 11115.11 11115.11 11132.78 11132.78 11132.78 11132.78 11132.78 11132.78 11132.78 11132.78 11132.78 11132.78 11132.78 11150.46 11150.46 11150.46 11150.46 11150.46 11150.46 11150.46 11150.46 11150.46 11150.46 11150.46 11168.14 11168.14 11168.14 11168.14 11168.14 11168.14 11168.14 11168.14 11168.14 11168.14 11168.14 11185.83 11185.83 11185.83 11185.83 11185.83 11185.83 11185.83 11185.83 11185.83 11185.83 11185.83 11203.52 11203.52 11203.52 11203.52 11203.52 11203.52 11203.52 11203.52 11203.52 11203.52 11203.52 11221.23 11221.23 11221.23 11221.23 11221.23 11221.23 11221.23 11221.23 11221.23 11221.23 11221.23 11238.94 11238.94 11238.94 11238.94 11238.94 11238.94 11238.94 11238.94 11238.94 11238.94 11238.94 11256.65 11256.65 11256.65 11256.65 11256.65 11256.65 11256.65 11256.65 11256.65 11256.65 11256.65 11274.38 11274.38 11274.38 11274.38 11274.38 11274.38 11274.38 11274.38 11274.38 11274.38 11274.38 11292.11 11292.11 11292.11 11292.11 11292.11 11292.11 11292.11 11292.11 11292.11 11292.11 11292.11 11309.85 11309.85 11309.85 11309.85 11309.85 11309.85 11309.85 11309.85 11309.85 11309.85 11309.85 11327.60 11327.60 11327.60 11327.60 11327.60 11327.60 11327.60 11327.60 11327.60 11327.60 11327.60 11345.35 11345.35 11345.35 11345.35 11345.35 11345.35 11345.35 11345.35 11345.35 11345.35 11345.35 11363.12 11363.12 11363.12 11363.12 11363.12 11363.12 11363.12 11363.12 11363.12 11363.12 11363.12 11380.89 11380.89 11380.89 11380.89 11380.89 11380.89 11380.89 11380.89 11380.89 11380.89 11380.89 11398.66 11398.66 11398.66 11398.66 11398.66 11398.66 11398.66 11398.66 11398.66 11398.66 11398.66 11416.45 11416.45 11416.45 11416.45 11416.45 11416.45 11416.45 11416.45 11416.45 11416.45 11416.45 11434.24 11434.24 11434.24 11434.24 11434.24 11434.24 11434.24 11434.24 11434.24 11434.24 11434.24 11452.04 11452.04 11452.04 11452.04 11452.04 11452.04 11452.04 11452.04 11452.04 11452.04 11452.04 11469.84 11469.84 11469.84 11469.84 11469.84 11469.84 11469.84 11469.84 11469.84 11469.84 11469.84 11487.66 11487.66 11487.66 11487.66 11487.66 11487.66 11487.66 11487.66 11487.66 11487.66 11487.66 11505.48 11505.48 11505.48 11505.48 11505.48 11505.48 11505.48 11505.48 11505.48 11505.48 11505.48 11523.30 11523.30 11523.30 11523.30 11523.30 11523.30 11523.30 11523.30 11523.30 11523.30 11523.30 11541.14 11541.14 11541.14 11541.14 11541.14 11541.14 11541.14 11541.14 11541.14 11541.14 11541.14 11558.98 11558.98 11558.98 11558.98 11558.98 11558.98 11558.98 11558.98 11558.98 11558.98 11558.98 11576.83 11576.83 11576.83 11576.83 11576.83 11576.83 11576.83 11576.83 11576.83 11576.83 11576.83 11594.69 11594.69 11594.69 11594.69 11594.69 11594.69 11594.69 11594.69 11594.69 11594.69 11594.69 11612.55 11612.55 11612.55 11612.55 11612.55 11612.55 11612.55 11612.55 11612.55 11612.55 11612.55 11630.42 11630.42 11630.42 11630.42 11630.42 11630.42 11630.42 11630.42 11630.42 11630.42 11630.42 11648.30 11648.30 11648.30 11648.30 11648.30 11648.30 11648.30 11648.30 11648.30 11648.30 11648.30 11666.19 11666.19 11666.19 11666.19 11666.19 11666.19 11666.19 11666.19 11666.19 11666.19 11666.19 11684.08 11684.08 11684.08 11684.08 11684.08 11684.08 11684.08 11684.08 11684.08 11684.08 11684.08 11701.98 11701.98 11701.98 11701.98 11701.98 11701.98 11701.98 11701.98 11701.98 11701.98 11701.98 11719.89 11719.89 11719.89 11719.89 11719.89 11719.89 11719.89 11719.89 11719.89 11719.89 11719.89 11737.81 11737.81 11737.81 11737.81 11737.81 11737.81 11737.81 11737.81 11737.81 11737.81 11737.81 11755.73 11755.73 11755.73 11755.73 11755.73 11755.73 11755.73 11755.73 11755.73 11755.73 11755.73 11773.66 11773.66 11773.66 11773.66 11773.66 11773.66 11773.66 11773.66 11773.66 11773.66 11773.66 11791.60 11791.60 11791.60 11791.60 11791.60 11791.60 11791.60 11791.60 11791.60 11791.60 11791.60 11809.54 11809.54 11809.54 11809.54 11809.54 11809.54 11809.54 11809.54 11809.54 11809.54 11809.54 11827.50 11827.50 11827.50 11827.50 11827.50 11827.50 11827.50 11827.50 11827.50 11827.50 11827.50 11845.45 11845.45 11845.45 11845.45 11845.45 11845.45 11845.45 11845.45 11845.45 11845.45 11845.45 11863.42 11863.42 11863.42 11863.42 11863.42 11863.42 11863.42 11863.42 11863.42 11863.42 11863.42 11881.40 11881.40 11881.40 11881.40 11881.40 11881.40 11881.40 11881.40 11881.40 11881.40 11881.40 11899.38 11899.38 11899.38 11899.38 11899.38 11899.38 11899.38 11899.38 11899.38 11899.38 11899.38 11917.37 11917.37 11917.37 11917.37 11917.37 11917.37 11917.37 11917.37 11917.37 11917.37 11917.37 11935.36 11935.36 11935.36 11935.36 11935.36 11935.36 11935.36 11935.36 11935.36 11935.36 11935.36 11953.36 11953.36 11953.36 11953.36 11953.36 11953.36 11953.36 11953.36 11953.36 11953.36 11953.36 11971.38 11971.38 11971.38 11971.38 11971.38 11971.38 11971.38 11971.38 11971.38 11971.38 11971.38 11989.39 11989.39 11989.39 11989.39 11989.39 11989.39 11989.39 11989.39 11989.39 11989.39 11989.39 12007.42 12007.42 12007.42 12007.42 12007.42 12007.42 12007.42 12007.42 12007.42 12007.42 12007.42 12025.45 12025.45 12025.45 12025.45 12025.45 12025.45 12025.45 12025.45 12025.45 12025.45 12025.45 12043.49 12043.49 12043.49 12043.49 12043.49 12043.49 12043.49 12043.49 12043.49 12043.49 12043.49
=== END RADAR_SCAN ===

=== BEGIN RADAR_SCAN ===
scan.index=13
scan.time=99.000000
radar.id=0
radar.frequency=C
radar.scanning_mode=PPI
radar.x=0.000
radar.y=0.000
radar.z=25.000
radar.maximum_range=250000.000
radar.range_resolution=250.000
radar.angular_resolution=1.000000
box.radar_id=0
box.min_range_gate=714.000
box.max_range_gate=795.000
box.min_angle=102.000000
box.max_angle=113.000000
box.num_ranges=82
box.num_angles=11
box.range_resolution=250.000
box.angular_resolution=1.000000
box.other_angle=1.200000
grid.size=902
grid.data=0.00 0.00 0.00 0.00 0.00 0.00 0.00 0.00 0.00 0.00 0.00 0.00 0.00 0.00 0.00 0.00 0.00 0.00 0.00 0.00 0.00 0.00 0.00 0.00 0.00 0.00 0.00 20.08 21.63 0.00 0.00 0.00 0.00 0.00 0.00 0.00 0.00 0.00 20.98 23.60 0.00 0.00 0.00 0.00 0.00 0.00 0.00 0.00 0.00 23.38 23.61 0.00 0.00 0.00 0.00 0.00 0.00 0.00 0.00 22.36 19.98 20.86 0.00 0.00 0.00 0.00 0.00 0.00 0.00 0.00 21.51 21.90 21.23 0.00 0.00 0.00 0.00 0.00 0.00 0.00 0.00 23.26 20.81 21.54 0.00 0.00 0.00 0.00 0.00 0.00 0.00 0.00 22.11 21.17 20.33 20.55 0.00 0.00 0.00 0.00 0.00 0.00 0.00 22.30 19.95 20.31 21.72 0.00 0.00 0.00 0.00 0.00 0.00 0.00 21.24 21.58 18.27 22.02 0.00 0.00 0.00 0.00 0.00 0.00 0.00 19.59 17.83 19.61 19.61 0.00 0.00 0.00 0.00 0.00 0.00 0.00 21.09 20.40 20.30 21.00 0.00 0.00 0.00 0.00 0.00 0.00 0.00 20.46 21.71 19.09 20.06 0.00 0.00 0.00 0.00 0.00 0.00 0.00 22.26 18.27 22.63 19.36 0.00 0.00 0.00 0.00 0.00 0.00 19.94 22.23 19.99 18.27 19.78 0.00 0.00 0.00 0.00 0.00 0.00 21.12 23.01 23.50 21.29 22.41 0.00 0.00 0.00 0.00 0.00 0.00 17.35 26.41 20.00 21.96 20.27 0.00 0.00 0.00 0.00 0.00 0.00 22.60 25.01 19.64 15.24 18.27 0.00 0.00 0.00 0.00 0.00 0.00 25.11 23.99 19.39 21.63 18.73 0.00 0.00 0.00 0.00 0.00 0.00 24.62 26.97 18.65 19.67 21.37 0.00 0.00 0.00 0.00 0.00 0.00 24.94 20.00 16.70 20.28 17.47 20.47 0.00 0.00 0.00 0.00 0.00 21.85 26.52 24.98 22.91 17.70 20.45 0.00 0.00 0.00 0.00 0.00 25.74 23.91 23.54 20.02 19.01 19.57 0.00 0.00 0.00 0.00 0.00 22.09 25.57 26.02 19.58 18.22 18.01 0.00 0.00 0.00 0.00 0.00 24.01 26.14 25.11 17.73 20.11 20.65 0.00 0.00 0.00 0.00 0.00 20.87 26.27 25.68 17.44 21.18 21.16 0.00 0.00 0.00 0.00 0.00 26.62 22.30 22.67 21.12 22.71 20.09 0.00 0.00 0.00 0.00 0.00 21.67 25.40 25.48 19.00 20.70 16.46 0.00 0.00 0.00 0.00 0.00 23.03 22.72 22.24 16.92 18.46 18.16 0.00 0.00 0.00 0.00 0.00 23.28 21.86 21.92 18.94 19.09 19.08 0.00 0.00 0.00 0.00 0.00 26.76 22.46 25.71 17.31 16.72 17.23 0.00 0.00 0.00 0.00 0.00 22.96 20.69 24.30 18.16 14.98 19.20 0.00 0.00 0.00 0.00 0.00 25.43 23.64 22.62 18.64 17.30 16.18 0.00 0.00 0.00 0.00 0.00 21.82 23.76 22.74 14.65 19.44 15.53 0.00 0.00 0.00 0.00 0.00 23.84 23.86 22.49 19.18 18.14 18.89 0.00 0.00 0.00 0.00 0.00 24.23 23.66 23.94 18.85 17.82 20.97 0.00 0.00 0.00 0.00 0.00 22.21 26.35 24.31 19.11 18.44 16.76 0.00 0.00 0.00 0.00 0.00 22.25 23.86 25.30 17.63 15.96 15.04 0.00 0.00 0.00 0.00 0.00 22.57 21.17 22.82 19.27 17.59 18.29 0.00 0.00 0.00 0.00 0.00 25.85 22.05 22.17 15.71 18.39 16.42 0.00 0.00 0.00 0.00 0.00 25.47 22.26 20.69 16.55 16.91 18.21 0.00 0.00 0.00 0.00 0.00 24.44 24.22 24.17 16.92 19.69 18.06 0.00 0.00 0.00 0.00 0.00 23.30 21.16 22.50 14.32 18.24 16.74 0.00 0.00 0.00 0.00 0.00 21.86 24.35 21.24 16.09 17.70 18.14 0.00 0.00 0.00 0.00 0.00 22.42 19.99 21.12 16.83 18.14 16.73 0.00 0.00 0.00 0.00 0.00 21.90 22.82 22.57 16.04 14.78 15.90 0.00 0.00 0.00 0.00 0.00 20.53 23.53 20.88 17.25 17.87 16.99 0.00 0.00 0.00 0.00 0.00 19.89 22.69 22.65 16.00 18.22 13.47 0.00 0.00 0.00 0.00 0.00 19.82 23.39 19.82 15.33 15.39 14.37 0.00 0.00 0.00 0.00 0.00 23.72 22.17 16.16 16.79 18.22 16.05 0.00 0.00 0.00 0.00 0.00 23.90 21.94 15.53 14.36 16.00 14.46 0.00 0.00 0.00 0.00 0.00 17.46 23.17 16.27 13.07 15.93 15.86 0.00 0.00 0.00 0.00 0.00 13.52 22.54 16.33 15.38 14.71 13.78 0.00 0.00 0.00 0.00 0.00 14.64 19.94 15.59 17.12 14.09 13.12 0.00 0.00 0.00 0.00 0.00 13.61 20.34 17.32 15.78 16.42 12.95 0.00 0.00 0.00 0.00 0.00 14.94 17.28 13.04 16.84 14.46 15.81 0.00 0.00 0.00 0.00 0.00 16.21 16.63 16.27 13.60 15.12 12.15 0.00 0.00 0.00 0.00 0.00 15.19 13.97 15.87 17.13 11.32 17.96 0.00 0.00 0.00 0.00 0.00 17.04 13.66 16.61 16.20 16.45 13.95 0.00 0.00 0.00 0.00 0.00 12.99 16.36 14.55 16.83 15.28 0.00 0.00 0.00 0.00 0.00 0.00 15.80 15.70 13.65 15.45 13.98 0.00 0.00 0.00 0.00 0.00 0.00 13.97 14.28 17.18 13.77 17.16 0.00 0.00 0.00 0.00 0.00 0.00 14.03 14.48 14.50 13.78 13.36 0.00 0.00 0.00 0.00 0.00 0.00 13.17 12.62 14.47 12.07 14.45 0.00 0.00 0.00 0.00 0.00 0.00 14.29 12.73 13.70 12.91 13.96 0.00 0.00 0.00 0.00 0.00 0.00 0.00 12.88 14.74 12.51 13.26 0.00 0.00 0.00 0.00 0.00 0.00 0.00 15.46 12.93 15.94 13.29 0.00 0.00 0.00 0.00 0.00 0.00 0.00 11.47 14.04 12.85 13.90 0.00 0.00 0.00 0.00 0.00 0.00 0.00 13.51 15.82 12.29 13.43 0.00 0.00 0.00 0.00 0.00 0.00 0.00 15.11 15.66 12.71 11.96 0.00 0.00 0.00 0.00 0.00 0.00 0.00 14.84 12.86 14.58 14.29 0.00 0.00 0.00 0.00 0.00 0.00 0.00 14.68 13.70 13.03 14.56 0.00 0.00 0.00 0.00 0.00 0.00 0.00 12.56 11.52 13.32 12.28 0.00 0.00 0.00 0.00 0.00 0.00 0.00 12.21 13.91 12.52 14.31 0.00 0.00 0.00 0.00 0.00 0.00 0.00 12.54 13.39 10.14 0.00 0.00 0.00 0.00 0.00 0.00 0.00 0.00 12.73 11.98 13.97 0.00 0.00 0.00 0.00 0.00 0.00 0.00 0.00 0.00 9.83 13.00 0.00 0.00 0.00 0.00 0.00 0.00 0.00 0.00 0.00 12.26 12.43 0.00 0.00 0.00 0.00 0.00 0.00 0.00 0.00 0.00 14.12 11.55 0.00 0.00 0.00 0.00 0.00 0.00 0.00 0.00 0.00 14.06 11.34 0.00 0.00 0.00 0.00 0.00 0.00 0.00 0.00 0.00 0.00 0.00 0.00 0.00 0.00 0.00
rain_type.data=0 0 0 0 0 0 0 0 0 0 0 0 0 0 0 0 0 0 0 0 0 0 0 0 0 0 0 1 1 0 0 0 0 0 0 0 0 0 1 1 0 0 0 0 0 0 0 0 0 1 1 0 0 0 0 0 0 0 0 1 1 1 0 0 0 0 0 0 0 0 1 1 1 0 0 0 0 0 0 0 0 1 1 1 0 0 0 0 0 0 0 0 1 1 1 1 0 0 0 0 0 0 0 1 1 1 1 0 0 0 0 0 0 0 1 1 1 1 0 0 0 0 0 0 0 1 1 1 1 0 0 0 0 0 0 0 1 1 1 1 0 0 0 0 0 0 0 1 1 1 1 0 0 0 0 0 0 0 1 1 1 1 0 0 0 0 0 0 1 1 1 1 1 0 0 0 0 0 0 1 2 1 1 1 0 0 0 0 0 0 1 2 1 1 1 0 0 0 0 0 0 1 2 1 1 1 0 0 0 0 0 0 2 2 1 1 1 0 0 0 0 0 0 2 2 1 1 1 0 0 0 0 0 0 2 2 1 1 1 1 0 0 0 0 0 2 2 2 1 1 1 0 0 0 0 0 2 2 2 1 1 1 0 0 0 0 0 2 2 2 1 1 1 0 0 0 0 0 2 2 2 1 1 1 0 0 0 0 0 2 2 2 1 1 1 0 0 0 0 0 2 2 2 1 1 1 0 0 0 0 0 2 2 2 1 1 1 0 0 0 0 0 2 2 2 1 1 1 0 0 0 0 0 2 2 2 1 1 1 0 0 0 0 0 2 2 2 1 1 1 0 0 0 0 0 2 2 2 1 1 1 0 0 0 0 0 2 2 2 1 1 1 0 0 0 0 0 2 2 2 1 1 1 0 0 0 0 0 2 2 2 1 1 1 0 0 0 0 0 2 2 2 1 1 1 0 0 0 0 0 2 2 2 1 1 1 0 0 0 0 0 2 2 2 1 1 1 0 0 0 0 0 2 2 2 1 1 1 0 0 0 0 0 2 2 2 1 1 1 0 0 0 0 0 2 2 2 1 1 1 0 0 0 0 0 2 2 2 1 1 1 0 0 0 0 0 2 2 2 1 1 1 0 0 0 0 0 2 2 2 1 1 1 0 0 0 0 0 2 2 2 1 1 1 0 0 0 0 0 2 2 2 1 1 1 0 0 0 0 0 2 2 2 1 1 1 0 0 0 0 0 2 2 2 1 1 1 0 0 0 0 0 2 2 1 1 1 1 0 0 0 0 0 2 2 1 1 1 1 0 0 0 0 0 2 2 1 1 1 1 0 0 0 0 0 1 2 1 1 1 1 0 0 0 0 0 1 2 1 1 1 1 0 0 0 0 0 1 2 1 1 1 1 0 0 0 0 0 1 2 1 1 1 1 0 0 0 0 0 1 1 1 1 1 1 0 0 0 0 0 1 1 1 1 1 1 0 0 0 0 0 1 1 1 1 1 1 0 0 0 0 0 1 1 1 1 1 1 0 0 0 0 0 1 1 1 1 1 0 0 0 0 0 0 1 1 1 1 1 0 0 0 0 0 0 1 1 1 1 1 0 0 0 0 0 0 1 1 1 1 1 0 0 0 0 0 0 1 1 1 1 1 0 0 0 0 0 0 1 1 1 1 1 0 0 0 0 0 0 0 1 1 1 1 0 0 0 0 0 0 0 1 1 1 1 0 0 0 0 0 0 0 1 1 1 1 0 0 0 0 0 0 0 1 1 1 1 0 0 0 0 0 0 0 1 1 1 1 0 0 0 0 0 0 0 1 1 1 1 0 0 0 0 0 0 0 1 1 1 1 0 0 0 0 0 0 0 1 1 1 1 0 0 0 0 0 0 0 1 1 1 1 0 0 0 0 0 0 0 1 1 1 0 0 0 0 0 0 0 0 1 1 1 0 0 0 0 0 0 0 0 0 1 1 0 0 0 0 0 0 0 0 0 1 1 0 0 0 0 0 0 0 0 0 1 1 0 0 0 0 0 0 0 0 0 1 1 0 0 0 0 0 0 0 0 0 0 0 0 0 0 0
estimated_attenuation.size=902
estimated_attenuation.data=0.00 0.00 0.00 0.00 0.00 0.00 0.00 0.00 0.00 0.00 0.00 0.00 0.00 0.00 0.00 0.00 0.00 0.00 0.00 0.00 0.00 0.00 0.00 0.00 0.00 0.00 0.00 0.00 0.00 0.00 0.00 0.00 0.00 0.00 0.00 0.00 0.00 0.00 0.00 0.00 0.00 0.00 0.00 0.00 0.00 0.00 0.00 0.00 0.00 0.00 0.00 0.00 0.00 0.00 0.00 0.00 0.00 0.00 0.00 0.00 0.00 0.00 0.00 0.00 0.00 0.00 0.00 0.00 0.00 0.00 0.00 0.00 0.00 0.00 0.00 0.00 0.00 0.00 0.00 0.00 0.00 0.00 0.00 0.00 0.00 0.00 0.00 0.00 0.00 0.00 0.00 0.00 0.00 0.00 0.00 0.00 0.00 0.00 0.00 0.00 0.00 0.00 0.00 0.00 0.00 0.00 0.00 0.00 0.00 0.00 0.00 0.00 0.00 0.00 0.00 0.00 0.00 0.00 0.00 0.00 0.00 0.00 0.00 0.00 0.00 0.00 0.00 0.00 0.00 0.00 0.00 0.00 0.00 0.00 0.00 0.00 0.00 0.00 0.00 0.00 0.00 0.00 0.00 0.00 0.00 0.00 0.00 0.00 0.00 0.00 0.00 0.00 0.00 0.00 0.00 0.00 0.00 0.00 0.00 0.00 0.00 0.00 0.00 0.00 0.00 0.00 0.00 0.00 0.00 0.00 0.00 0.00 0.00 0.00 0.00 0.00 0.00 0.00 0.00 0.00 0.00 0.00 0.00 0.00 0.00 0.00 0.00 0.00 0.00 0.00 0.00 0.00 0.00 0.00 0.00 0.00 0.00 0.00 0.00 0.00 0.00 0.00 0.00 0.00 0.00 0.00 0.00 0.00 0.00 0.00 0.00 0.00 0.00 0.00 0.00 0.00 0.00 0.00 0.00 0.00 0.00 0.00 0.00 0.00 0.00 0.00 0.00 0.00 0.00 0.00 0.00 0.00 0.00 0.00 0.00 0.00 0.00 0.00 0.00 0.00 0.00 0.00 0.00 0.00 0.00 0.00 0.00 0.00 0.00 0.00 0.00 0.00 0.00 0.00 0.00 0.00 0.00 0.00 0.00 0.00 0.00 0.00 0.00 0.00 0.00 0.00 0.00 0.00 0.00 0.00 0.00 0.00 0.00 0.00 0.00 0.00 0.00 0.00 0.00 0.00 0.00 0.00 0.00 0.00 0.00 0.00 0.00 0.00 0.00 0.00 0.00 0.00 0.00 0.00 0.00 0.00 0.00 0.00 0.00 0.00 0.00 0.00 0.00 0.00 0.00 0.00 0.00 0.00 0.00 0.00 0.00 0.00 0.00 0.00 0.00 0.00 0.00 0.00 0.00 0.00 0.00 0.00 0.00 0.00 0.00 0.00 0.00 0.00 0.00 0.00 0.00 0.00 0.00 0.00 0.00 0.00 0.00 0.00 0.00 0.00 0.00 0.00 0.00 0.00 0.00 0.00 0.00 0.00 0.00 0.00 0.00 0.00 0.00 0.00 0.00 0.00 0.00 0.00 0.00 0.00 0.00 0.00 0.00 0.00 0.00 0.00 0.00 0.00 0.00 0.00 0.00 0.00 0.00 0.00 0.00 0.00 0.00 0.00 0.00 0.00 0.00 0.00 0.00 0.00 0.00 0.00 0.00 0.00 0.00 0.00 0.00 0.00 0.00 0.00 0.00 0.00 0.00 0.00 0.00 0.00 0.00 0.00 0.00 0.00 0.00 0.00 0.00 0.00 0.00 0.00 0.00 0.00 0.00 0.00 0.00 0.00 0.00 0.00 0.00 0.00 0.00 0.00 0.00 0.00 0.00 0.00 0.00 0.00 0.00 0.00 0.00 0.00 0.00 0.00 0.00 0.00 0.00 0.00 0.00 0.00 0.00 0.00 0.00 0.00 0.00 0.00 0.00 0.00 0.00 0.00 0.00 0.00 0.00 0.00 0.00 0.00 0.00 0.00 0.00 0.00 0.00 0.00 0.00 0.00 0.00 0.00 0.00 0.00 0.00 0.00 0.00 0.00 0.00 0.00 0.00 0.00 0.00 0.00 0.00 0.00 0.00 0.00 0.00 0.00 0.00 0.00 0.00 0.00 0.00 0.00 0.00 0.00 0.00 0.00 0.00 0.00 0.00 0.00 0.00 0.00 0.00 0.00 0.00 0.00 0.00 0.00 0.00 0.00 0.00 0.00 0.00 0.00 0.00 0.00 0.00 0.00 0.00 0.00 0.00 0.00 0.00 0.00 0.00 0.00 0.00 0.00 0.00 0.00 0.00 0.00 0.00 0.00 0.00 0.00 0.00 0.00 0.00 0.00 0.00 0.00 0.00 0.00 0.00 0.00 0.00 0.00 0.00 0.00 0.00 0.00 0.00 0.00 0.00 0.00 0.00 0.00 0.00 0.00 0.00 0.00 0.00 0.00 0.00 0.00 0.00 0.00 0.00 0.00 0.00 0.00 0.00 0.00 0.00 0.00 0.00 0.00 0.00 0.00 0.00 0.00 0.00 0.00 0.00 0.00 0.00 0.00 0.00 0.00 0.00 0.00 0.00 0.00 0.00 0.00 0.00 0.00 0.00 0.00 0.00 0.00 0.00 0.00 0.00 0.00 0.00 0.00 0.00 0.00 0.00 0.00 0.00 0.00 0.00 0.00 0.00 0.00 0.00 0.00 0.00 0.00 0.00 0.00 0.00 0.00 0.00 0.00 0.00 0.00 0.00 0.00 0.00 0.00 0.00 0.00 0.00 0.00 0.00 0.00 0.00 0.00 0.00 0.00 0.00 0.00 0.00 0.00 0.00 0.00 0.00 0.00 0.00 0.00 0.00 0.00 0.00 0.00 0.00 0.00 0.00 0.00 0.00 0.00 0.00 0.00 0.00 0.00 0.00 0.00 0.00 0.00 0.00 0.00 0.00 0.00 0.00 0.00 0.00 0.00 0.00 0.00 0.00 0.00 0.00 0.00 0.00 0.00 0.00 0.00 0.00 0.00 0.00 0.00 0.00 0.00 0.00 0.00 0.00 0.00 0.00 0.00 0.00 0.00 0.00 0.00 0.00 0.00 0.00 0.00 0.00 0.00 0.00 0.00 0.00 0.00 0.00 0.00 0.00 0.00 0.00 0.00 0.00 0.00 0.00 0.00 0.00 0.00 0.00 0.00 0.00 0.00 0.00 0.00 0.00 0.00 0.00 0.00 0.00 0.00 0.00 0.00 0.00 0.00 0.00 0.00 0.00 0.00 0.00 0.00 0.00 0.00 0.00 0.00 0.00 0.00 0.00 0.00 0.00 0.00 0.00 0.00 0.00 0.00 0.00 0.00 0.00 0.00 0.00 0.00 0.00 0.00 0.00 0.00 0.00 0.00 0.00 0.00 0.00 0.00 0.00 0.00 0.00 0.00 0.00 0.00 0.00 0.00 0.00 0.00 0.00 0.00 0.00 0.00 0.00 0.00 0.00 0.00 0.00 0.00 0.00 0.00 0.00 0.00 0.00 0.00 0.00 0.00 0.00 0.00 0.00 0.00 0.00 0.00 0.00 0.00 0.00 0.00 0.00 0.00 0.00 0.00 0.00 0.00 0.00 0.00 0.00 0.00 0.00 0.00 0.00 0.00 0.00 0.00 0.00 0.00 0.00 0.00 0.00 0.00 0.00 0.00 0.00 0.00 0.00 0.00 0.00 0.00 0.00 0.00 0.00 0.00 0.00 0.00 0.00 0.00 0.00 0.00 0.00 0.00 0.00 0.00 0.00 0.00 0.00 0.00 0.00 0.00 0.00 0.00 0.00 0.00 0.00 0.00 0.00 0.00 0.00 0.00 0.00 0.00 0.00 0.00 0.00 0.00 0.00 0.00 0.00 0.00 0.00 0.00 0.00 0.00 0.00 0.00 0.00 0.00 0.00 0.00 0.00 0.00 0.00 0.00 0.00 0.00
height.size=902
height.data=5611.79 5611.79 5611.79 5611.79 5611.79 5611.79 5611.79 5611.79 5611.79 5611.79 5611.79 5622.27 5622.27 5622.27 5622.27 5622.27 5622.27 5622.27 5622.27 5622.27 5622.27 5622.27 5632.77 5632.77 5632.77 5632.77 5632.77 5632.77 5632.77 5632.77 5632.77 5632.77 5632.77 5643.27 5643.27 5643.27 5643.27 5643.27 5643.27 5643.27 5643.27 5643.27 5643.27 5643.27 5653.77 5653.77 5653.77 5653.77 5653.77 5653.77 5653.77 5653.77 5653.77 5653.77 5653.77 5664.29 5664.29 5664.29 5664.29 5664.29 5664.29 5664.29 5664.29 5664.29 5664.29 5664.29 5674.81 5674.81 5674.81 5674.81 5674.81 5674.81 5674.81 5674.81 5674.81 5674.81 5674.81 5685.34 5685.34 5685.34 5685.34 5685.34 5685.34 5685.34 5685.34 5685.34 5685.34 5685.34 5695.88 5695.88 5695.88 5695.88 5695.88 5695.88 5695.88 5695.88 5695.88 5695.88 5695.88 5706.42 5706.42 5706.42 5706.42 5706.42 5706.42 5706.42 5706.42 5706.42 5706.42 5706.42 5716.97 5716.97 5716.97 5716.97 5716.97 5716.97 5716.97 5716.97 5716.97 5716.97 5716.97 5727.53 5727.53 5727.53 5727.53 5727.53 5727.53 5727.53 5727.53 5727.53 5727.53 5727.53 5738.10 5738.10 5738.10 5738.10 5738.10 5738.10 5738.10 5738.10 5738.10 5738.10 5738.10 5748.67 5748.67 5748.67 5748.67 5748.67 5748.67 5748.67 5748.67 5748.67 5748.67 5748.67 5759.25 5759.25 5759.25 5759.25 5759.25 5759.25 5759.25 5759.25 5759.25 5759.25 5759.25 5769.84 5769.84 5769.84 5769.84 5769.84 5769.84 5769.84 5769.84 5769.84 5769.84 5769.84 5780.44 5780.44 5780.44 5780.44 5780.44 5780.44 5780.44 5780.44 5780.44 5780.44 5780.44 5791.04 5791.04 5791.04 5791.04 5791.04 5791.04 5791.04 5791.04 5791.04 5791.04 5791.04 5801.65 5801.65 5801.65 5801.65 5801.65 5801.65 5801.65 5801.65 5801.65 5801.65 5801.65 5812.27 5812.27 5812.27 5812.27 5812.27 5812.27 5812.27 5812.27 5812.27 5812.27 5812.27 5822.89 5822.89 5822.89 5822.89 5822.89 5822.89 5822.89 5822.89 5822.89 5822.89 5822.89 5833.53 5833.53 5833.53 5833.53 5833.53 5833.53 5833.53 5833.53 5833.53 5833.53 5833.53 5844.17 5844.17 5844.17 5844.17 5844.17 5844.17 5844.17 5844.17 5844.17 5844.17 5844.17 5854.81 5854.81 5854.81 5854.81 5854.81 5854.81 5854.81 5854.81 5854.81 5854.81 5854.81 5865.47 5865.47 5865.47 5865.47 5865.47 5865.47 5865.47 5865.47 5865.47 5865.47 5865.47 5876.13 5876.13 5876.13 5876.13 5876.13 5876.13 5876.13 5876.13 5876.13 5876.13 5876.13 5886.80 5886.80 5886.80 5886.80 5886.80 5886.80 5886.80 5886.80 5886.80 5886.80 5886.80 5897.48 5897.48 5897.48 5897.48 5897.48 5897.48 5897.48 5897.48 5897.48 5897.48 5897.48 5908.16 5908.16 5908.16 5908.16 5908.16 5908.16 5908.16 5908.16 5908.16 5908.16 5908.16 5918.85 5918.85 5918.85 5918.85 5918.85 5918.85 5918.85 5918.85 5918.85 5918.85 5918.85 5929.55 5929.55 5929.55 5929.55 5929.55 5929.55 5929.55 5929.55 5929.55 5929.55 5929.55 5940.25 5940.25 5940.25 5940.25 5940.25 5940.25 5940.25 5940.25 5940.25 5940.25 5940.25 5950.97 5950.97 5950.97 5950.97 5950.97 5950.97 5950.97 5950.97 5950.97 5950.97 5950.97 5961.69 5961.69 5961.69 5961.69 5961.69 5961.69 5961.69 5961.69 5961.69 5961.69 5961.69 5972.42 5972.42 5972.42 5972.42 5972.42 5972.42 5972.42 5972.42 5972.42 5972.42 5972.42 5983.15 5983.15 5983.15 5983.15 5983.15 5983.15 5983.15 5983.15 5983.15 5983.15 5983.15 5993.89 5993.89 5993.89 5993.89 5993.89 5993.89 5993.89 5993.89 5993.89 5993.89 5993.89 6004.64 6004.64 6004.64 6004.64 6004.64 6004.64 6004.64 6004.64 6004.64 6004.64 6004.64 6015.40 6015.40 6015.40 6015.40 6015.40 6015.40 6015.40 6015.40 6015.40 6015.40 6015.40 6026.17 6026.17 6026.17 6026.17 6026.17 6026.17 6026.17 6026.17 6026.17 6026.17 6026.17 6036.94 6036.94 6036.94 6036.94 6036.94 6036.94 6036.94 6036.94 6036.94 6036.94 6036.94 6047.72 6047.72 6047.72 6047.72 6047.72 6047.72 6047.72 6047.72 6047.72 6047.72 6047.72 6058.50 6058.50 6058.50 6058.50 6058.50 6058.50 6058.50 6058.50 6058.50 6058.50 6058.50 6069.30 6069.30 6069.30 6069.30 6069.30 6069.30 6069.30 6069.30 6069.30 6069.30 6069.30 6080.10 6080.10 6080.10 6080.10 6080.10 6080.10 6080.10 6080.10 6080.10 6080.10 6080.10 6090.91 6090.91 6090.91 6090.91 6090.91 6090.91 6090.91 6090.91 6090.91 6090.91 6090.91 6101.72 6101.72 6101.72 6101.72 6101.72 6101.72 6101.72 6101.72 6101.72 6101.72 6101.72 6112.55 6112.55 6112.55 6112.55 6112.55 6112.55 6112.55 6112.55 6112.55 6112.55 6112.55 6123.38 6123.38 6123.38 6123.38 6123.38 6123.38 6123.38 6123.38 6123.38 6123.38 6123.38 6134.21 6134.21 6134.21 6134.21 6134.21 6134.21 6134.21 6134.21 6134.21 6134.21 6134.21 6145.06 6145.06 6145.06 6145.06 6145.06 6145.06 6145.06 6145.06 6145.06 6145.06 6145.06 6155.91 6155.91 6155.91 6155.91 6155.91 6155.91 6155.91 6155.91 6155.91 6155.91 6155.91 6166.77 6166.77 6166.77 6166.77 6166.77 6166.77 6166.77 6166.77 6166.77 6166.77 6166.77 6177.64 6177.64 6177.64 6177.64 6177.64 6177.64 6177.64 6177.64 6177.64 6177.64 6177.64 6188.51 6188.51 6188.51 6188.51 6188.51 6188.51 6188.51 6188.51 6188.51 6188.51 6188.51 6199.40 6199.40 6199.40 6199.40 6199.40 6199.40 6199.40 6199.40 6199.40 6199.40 6199.40 6210.29 6210.29 6210.29 6210.29 6210.29 6210.29 6210.29 6210.29 6210.29 6210.29 6210.29 6221.18 6221.18 6221.18 6221.18 6221.18 6221.18 6221.18 6221.18 6221.18 6221.18 6221.18 6232.09 6232.09 6232.09 6232.09 6232.09 6232.09 6232.09 6232.09 6232.09 6232.09 6232.09 6243.00 6243.00 6243.00 6243.00 6243.00 6243.00 6243.00 6243.00 6243.00 6243.00 6243.00 6253.92 6253.92 6253.92 6253.92 6253.92 6253.92 6253.92 6253.92 6253.92 6253.92 6253.92 6264.84 6264.84 6264.84 6264.84 6264.84 6264.84 6264.84 6264.84 6264.84 6264.84 6264.84 6275.77 6275.77 6275.77 6275.77 6275.77 6275.77 6275.77 6275.77 6275.77 6275.77 6275.77 6286.72 6286.72 6286.72 6286.72 6286.72 6286.72 6286.72 6286.72 6286.72 6286.72 6286.72 6297.66 6297.66 6297.66 6297.66 6297.66 6297.66 6297.66 6297.66 6297.66 6297.66 6297.66 6308.62 6308.62 6308.62 6308.62 6308.62 6308.62 6308.62 6308.62 6308.62 6308.62 6308.62 6319.58 6319.58 6319.58 6319.58 6319.58 6319.58 6319.58 6319.58 6319.58 6319.58 6319.58 6330.55 6330.55 6330.55 6330.55 6330.55 6330.55 6330.55 6330.55 6330.55 6330.55 6330.55 6341.53 6341.53 6341.53 6341.53 6341.53 6341.53 6341.53 6341.53 6341.53 6341.53 6341.53 6352.51 6352.51 6352.51 6352.51 6352.51 6352.51 6352.51 6352.51 6352.51 6352.51 6352.51 6363.51 6363.51 6363.51 6363.51 6363.51 6363.51 6363.51 6363.51 6363.51 6363.51 6363.51 6374.50 6374.50 6374.50 6374.50 6374.50 6374.50 6374.50 6374.50 6374.50 6374.50 6374.50 6385.51 6385.51 6385.51 6385.51 6385.51 6385.51 6385.51 6385.51 6385.51 6385.51 6385.51 6396.53 6396.53 6396.53 6396.53 6396.53 6396.53 6396.53 6396.53 6396.53 6396.53 6396.53 6407.55 6407.55 6407.55 6407.55 6407.55 6407.55 6407.55 6407.55 6407.55 6407.55 6407.55 6418.58 6418.58 6418.58 6418.58 6418.58 6418.58 6418.58 6418.58 6418.58 6418.58 6418.58 6429.61 6429.61 6429.61 6429.61 6429.61 6429.61 6429.61 6429.61 6429.61 6429.61 6429.61 6440.65 6440.65 6440.65 6440.65 6440.65 6440.65 6440.65 6440.65 6440.65 6440.65 6440.65 6451.71 6451.71 6451.71 6451.71 6451.71 6451.71 6451.71 6451.71 6451.71 6451.71 6451.71 6462.76 6462.76 6462.76 6462.76 6462.76 6462.76 6462.76 6462.76 6462.76 6462.76 6462.76 6473.83 6473.83 6473.83 6473.83 6473.83 6473.83 6473.83 6473.83 6473.83 6473.83 6473.83 6484.90 6484.90 6484.90 6484.90 6484.90 6484.90 6484.90 6484.90 6484.90 6484.90 6484.90
=== END RADAR_SCAN ===

=== BEGIN RADAR_SCAN ===
scan.index=14
scan.time=99.330000
radar.id=0
radar.frequency=C
radar.scanning_mode=PPI
radar.x=0.000
radar.y=0.000
radar.z=25.000
radar.maximum_range=250000.000
radar.range_resolution=250.000
radar.angular_resolution=1.000000
box.radar_id=0
box.min_range_gate=714.000
box.max_range_gate=795.000
box.min_angle=102.000000
box.max_angle=113.000000
box.num_ranges=82
box.num_angles=11
box.range_resolution=250.000
box.angular_resolution=1.000000
box.other_angle=0.300000
grid.size=902
grid.data=0.00 0.00 0.00 0.00 0.00 0.00 0.00 0.00 0.00 0.00 0.00 0.00 0.00 0.00 0.00 0.00 34.19 0.00 0.00 0.00 0.00 0.00 0.00 0.00 0.00 0.00 0.00 32.43 33.55 0.00 0.00 0.00 0.00 0.00 0.00 0.00 0.00 0.00 27.22 33.11 0.00 0.00 0.00 0.00 0.00 0.00 0.00 0.00 0.00 35.50 31.71 0.00 0.00 0.00 0.00 0.00 0.00 0.00 0.00 32.19 33.67 33.78 0.00 0.00 0.00 0.00 0.00 0.00 0.00 0.00 37.31 35.38 35.37 0.00 0.00 0.00 0.00 0.00 0.00 0.00 0.00 37.64 32.86 35.37 38.45 0.00 0.00 0.00 0.00 0.00 0.00 0.00 35.53 35.13 36.63 34.68 0.00 0.00 0.00 0.00 0.00 0.00 0.00 27.02 36.05 33.06 35.59 0.00 0.00 0.00 0.00 0.00 0.00 0.00 33.15 35.02 36.74 32.80 0.00 0.00 0.00 0.00 0.00 0.00 0.00 34.60 33.71 31.81 32.76 0.00 0.00 0.00 0.00 0.00 0.00 0.00 30.68 31.18 36.57 33.05 0.00 0.00 0.00 0.00 0.00 0.00 0.00 35.68 37.10 30.54 33.93 0.00 0.00 0.00 0.00 0.00 0.00 0.00 37.67 32.22 35.84 32.81 0.00 0.00 0.00 0.00 0.00 0.00 37.04 32.94 36.33 35.36 34.18 0.00 0.00 0.00 0.00 0.00 0.00 34.21 41.12 32.20 33.00 36.83 0.00 0.00 0.00 0.00 0.00 0.00 32.14 39.54 31.90 37.54 34.57 0.00 0.00 0.00 0.00 0.00 0.00 29.94 40.13 32.61 34.26 36.13 0.00 0.00 0.00 0.00 0.00 0.00 36.55 35.42 32.61 33.59 30.75 0.00 0.00 0.00 0.00 0.00 0.00 37.11 36.21 30.04 35.22 32.44 0.00 0.00 0.00 0.00 0.00 0.00 33.95 42.81 32.91 37.35 30.35 30.44 0.00 0.00 0.00 0.00 0.00 34.64 37.34 37.13 34.18 34.24 35.69 0.00 0.00 0.00 0.00 0.00 39.88 42.14 36.36 30.79 34.23 31.02 0.00 0.00 0.00 0.00 0.00 41.80 38.76 39.05 37.51 36.67 35.86 0.00 0.00 0.00 0.00 0.00 37.54 41.23 34.91 34.24 36.83 38.87 0.00 0.00 0.00 0.00 0.00 39.45 39.15 38.06 33.16 32.65 34.98 0.00 0.00 0.00 0.00 0.00 37.00 42.71 40.05 30.85 31.95 30.57 0.00 0.00 0.00 0.00 0.00 37.35 39.32 41.95 35.35 34.27 34.42 0.00 0.00 0.00 0.00 0.00 38.94 38.30 37.30 37.72 36.02 34.12 0.00 0.00 0.00 0.00 0.00 38.15 41.61 36.60 38.43 39.72 41.27 0.00 0.00 0.00 0.00 0.00 37.77 39.32 37.99 38.04 33.78 30.54 0.00 0.00 0.00 0.00 0.00 40.86 35.74 41.86 30.40 36.65 30.45 0.00 0.00 0.00 0.00 0.00 42.88 41.29 36.40 34.18 37.80 36.02 0.00 0.00 0.00 0.00 0.00 40.52 34.80 42.82 35.21 34.72 32.58 0.00 0.00 0.00 0.00 0.00 37.16 38.12 33.49 34.71 36.83 34.62 0.00 0.00 0.00 0.00 0.00 36.61 38.73 37.42 31.05 32.28 31.92 0.00 0.00 0.00 0.00 0.00 39.49 33.91 40.00 33.79 33.64 36.57 0.00 0.00 0.00 0.00 0.00 42.12 38.32 37.09 36.20 33.06 33.35 0.00 0.00 0.00 0.00 0.00 38.87 37.94 36.60 33.42 36.26 33.35 0.00 0.00 0.00 0.00 0.00 47.88 36.53 38.80 33.33 34.47 35.01 0.00 0.00 0.00 0.00 0.00 40.75 37.08 35.72 30.90 35.12 34.03 0.00 0.00 0.00 0.00 0.00 41.40 35.54 36.89 35.33 39.25 27.91 0.00 0.00 0.00 0.00 0.00 37.24 41.02 41.61 35.73 30.96 33.65 0.00 0.00 0.00 0.00 0.00 36.23 39.27 38.95 38.58 34.97 30.69 0.00 0.00 0.00 0.00 0.00 46.62 39.31 34.64 32.27 32.96 36.87 0.00 0.00 0.00 0.00 0.00 42.55 37.10 43.75 31.60 31.14 34.73 0.00 0.00 0.00 0.00 0.00 42.71 41.62 42.33 29.09 37.34 35.39 0.00 0.00 0.00 0.00 0.00 43.12 38.54 39.77 38.47 34.30 36.64 0.00 0.00 0.00 0.00 0.00 38.95 41.62 37.04 30.44 34.89 30.71 0.00 0.00 0.00 0.00 0.00 36.79 42.27 35.30 31.14 35.48 34.23 0.00 0.00 0.00 0.00 0.00 37.29 38.14 37.99 31.83 36.71 36.34 0.00 0.00 0.00 0.00 0.00 39.22 39.92 34.61 33.33 36.14 35.38 0.00 0.00 0.00 0.00 0.00 36.05 35.47 33.73 35.33 29.80 35.96 0.00 0.00 0.00 0.00 0.00 36.77 37.96 38.08 31.81 31.91 27.43 0.00 0.00 0.00 0.00 0.00 37.05 31.60 36.79 35.19 37.01 36.68 0.00 0.00 0.00 0.00 0.00 41.19 37.65 35.14 37.01 33.37 36.72 0.00 0.00 0.00 0.00 0.00 35.89 36.23 34.52 35.61 35.26 34.14 0.00 0.00 0.00 0.00 0.00 30.34 36.50 37.48 38.62 35.00 34.79 0.00 0.00 0.00 0.00 0.00 33.76 31.93 35.70 38.04 40.38 0.00 0.00 0.00 0.00 0.00 0.00 35.33 38.64 39.20 35.36 36.29 0.00 0.00 0.00 0.00 0.00 0.00 38.44 32.42 34.57 28.79 36.53 0.00 0.00 0.00 0.00 0.00 0.00 34.66 36.89 34.56 34.85 40.29 0.00 0.00 0.00 0.00 0.00 0.00 34.30 36.59 36.05 33.07 35.00 0.00 0.00 0.00 0.00 0.00 0.00 33.52 29.93 34.30 33.57 37.20 0.00 0.00 0.00 0.00 0.00 0.00 36.01 37.90 37.73 36.23 41.05 0.00 0.00 0.00 0.00 0.00 0.00 0.00 37.26 36.67 30.06 39.65 0.00 0.00 0.00 0.00 0.00 0.00 0.00 40.69 35.99 39.13 36.59 0.00 0.00 0.00 0.00 0.00 0.00 0.00 33.58 32.39 33.82 35.28 0.00 0.00 0.00 0.00 0.00 0.00 0.00 40.36 36.60 33.31 37.14 0.00 0.00 0.00 0.00 0.00 0.00 0.00 33.84 35.00 39.88 34.63 0.00 0.00 0.00 0.00 0.00 0.00 0.00 36.09 33.45 34.46 38.07 0.00 0.00 0.00 0.00 0.00 0.00 0.00 34.49 42.15 36.90 38.62 0.00 0.00 0.00 0.00 0.00 0.00 0.00 38.96 35.03 35.80 39.14 0.00 0.00 0.00 0.00 0.00 0.00 0.00 37.52 39.38 38.25 0.00 0.00 0.00 0.00 0.00 0.00 0.00 0.00 41.79 36.65 37.70 0.00 0.00 0.00 0.00 0.00 0.00 0.00 0.00 43.12 36.94 41.64 0.00 0.00 0.00 0.00 0.00 0.00 0.00 0.00 0.00 41.52 34.41 0.00 0.00 0.00 0.00 0.00 0.00 0.00 0.00 0.00 42.47 37.62 0.00 0.00 0.00 0.00 0.00 0.00 0.00 0.00 0.00 38.97 45.15 0.00 0.00 0.00 0.00 0.00 0.00 0.00 0.00 0.00 39.21 0.00 0.00 0.00 0.00 0.00 0.00 0.00 0.00 0.00 0.00 0.00 0.00 0.00 0.00 0.00 0.00
rain_type.data=0 0 0 0 0 0 0 0 0 0 0 0 0 0 0 0 1 0 0 0 0 0 0 0 0 0 0 1 1 0 0 0 0 0 0 0 0 0 1 1 0 0 0 0 0 0 0 0 0 1 1 0 0 0 0 0 0 0 0 1 1 1 0 0 0 0 0 0 0 0 1 1 1 0 0 0 0 0 0 0 0 1 1 1 1 0 0 0 0 0 0 0 1 1 1 1 0 0 0 0 0 0 0 1 1 1 1 0 0 0 0 0 0 0 1 1 1 1 0 0 0 0 0 0 0 1 1 1 1 0 0 0 0 0 0 0 1 1 1 1 0 0 0 0 0 0 0 1 1 1 1 0 0 0 0 0 0 0 1 1 1 1 0 0 0 0 0 0 1 2 1 1 1 0 0 0 0 0 0 1 2 1 1 1 0 0 0 0 0 0 1 2 1 1 1 0 0 0 0 0 0 1 2 1 1 1 0 0 0 0 0 0 2 2 1 1 1 0 0 0 0 0 0 2 2 1 1 1 0 0 0 0 0 0 2 2 1 1 1 1 0 0 0 0 0 2 2 2 1 1 1 0 0 0 0 0 2 2 2 1 1 1 0 0 0 0 0 2 2 2 1 1 1 0 0 0 0 0 2 2 2 1 1 1 0 0 0 0 0 2 2 2 1 1 1 0 0 0 0 0 2 2 2 1 1 1 0 0 0 0 0 2 2 2 1 1 1 0 0 0 0 0 2 2 2 1 1 1 0 0 0 0 0 2 2 2 1 1 1 0 0 0 0 0 2 2 2 1 1 1 0 0 0 0 0 2 2 2 1 1 1 0 0 0 0 0 2 2 2 1 1 1 0 0 0 0 0 2 2 2 1 1 1 0 0 0 0 0 2 2 2 1 1 1 0 0 0 0 0 2 2 2 1 1 1 0 0 0 0 0 2 2 2 1 1 1 0 0 0 0 0 2 2 2 1 1 1 0 0 0 0 0 2 2 2 1 1 1 0 0 0 0 0 2 2 2 1 1 1 0 0 0 0 0 2 2 2 1 1 1 0 0 0 0 0 2 2 2 1 1 1 0 0 0 0 0 2 2 2 1 1 1 0 0 0 0 0 2 2 2 1 1 1 0 0 0 0 0 2 2 2 1 1 1 0 0 0 0 0 2 2 2 1 1 1 0 0 0 0 0 2 2 2 1 1 1 0 0 0 0 0 2 2 2 1 1 1 0 0 0 0 0 2 2 1 1 1 1 0 0 0 0 0 2 2 1 1 1 1 0 0 0 0 0 2 2 1 1 1 1 0 0 0 0 0 1 2 1 1 1 1 0 0 0 0 0 1 2 1 1 1 1 0 0 0 0 0 1 2 1 1 1 1 0 0 0 0 0 1 1 1 1 1 1 0 0 0 0 0 1 1 1 1 1 1 0 0 0 0 0 1 1 1 1 1 1 0 0 0 0 0 1 1 1 1 1 1 0 0 0 0 0 1 1 1 1 1 0 0 0 0 0 0 1 1 1 1 1 0 0 0 0 0 0 1 1 1 1 1 0 0 0 0 0 0 1 1 1 1 1 0 0 0 0 0 0 1 1 1 1 1 0 0 0 0 0 0 1 1 1 1 1 0 0 0 0 0 0 1 1 1 1 1 0 0 0 0 0 0 0 1 1 1 1 0 0 0 0 0 0 0 1 1 1 1 0 0 0 0 0 0 0 1 1 1 1 0 0 0 0 0 0 0 1 1 1 1 0 0 0 0 0 0 0 1 1 1 1 0 0 0 0 0 0 0 1 1 1 1 0 0 0 0 0 0 0 1 1 1 1 0 0 0 0 0 0 0 1 1 1 1 0 0 0 0 0 0 0 1 1 1 0 0 0 0 0 0 0 0 1 1 1 0 0 0 0 0 0 0 0 1 1 1 0 0 0 0 0 0 0 0 0 1 1 0 0 0 0 0 0 0 0 0 1 1 0 0 0 0 0 0 0 0 0 1 1 0 0 0 0 0 0 0 0 0 1 0 0 0 0 0 0 0 0 0 0 0 0 0 0 0 0
estimated_attenuation.size=902
estimated_attenuation.data=0.00 0.00 0.00 0.00 0.00 0.00 0.00 0.00 0.00 0.00 0.00 0.00 0.00 0.00 0.00 0.00 0.00 0.00 0.00 0.00 0.00 0.00 0.00 0.00 0.00 0.00 0.00 0.00 0.00 0.00 0.00 0.00 0.00 0.00 0.00 0.00 0.00 0.00 0.00 0.00 0.00 0.00 0.00 0.00 0.00 0.00 0.00 0.00 0.00 0.00 0.00 0.00 0.00 0.00 0.00 0.00 0.00 0.00 0.00 0.00 0.00 0.00 0.00 0.00 0.00 0.00 0.00 0.00 0.00 0.00 0.00 0.00 0.00 0.00 0.00 0.00 0.00 0.00 0.00 0.00 0.00 0.00 0.00 0.00 0.00 0.00 0.00 0.00 0.00 0.00 0.00 0.00 0.00 0.00 0.00 0.00 0.00 0.00 0.00 0.00 0.00 0.00 0.00 0.00 0.00 0.00 0.00 0.00 0.00 0.00 0.00 0.00 0.00 0.00 0.00 0.00 0.00 0.00 0.00 0.00 0.00 0.00 0.00 0.00 0.00 0.00 0.00 0.00 0.00 0.00 0.00 0.00 0.00 0.00 0.00 0.00 0.00 0.00 0.00 0.00 0.00 0.00 0.00 0.00 0.00 0.00 0.00 0.00 0.00 0.00 0.00 0.00 0.00 0.00 0.00 0.00 0.00 0.00 0.00 0.00 0.00 0.00 0.00 0.00 0.00 0.00 0.00 0.00 0.00 0.00 0.00 0.00 0.00 0.00 0.00 0.00 0.00 0.00 0.00 0.00 0.00 0.00 0.00 0.00 0.00 0.00 0.00 0.00 0.00 0.00 0.00 0.00 0.00 0.00 0.00 0.00 0.00 0.00 0.00 0.00 0.00 0.00 0.00 0.00 0.00 0.00 0.00 0.00 0.00 0.00 0.00 0.00 0.00 0.00 0.00 0.00 0.00 0.00 0.00 0.00 0.00 0.00 0.00 0.00 0.00 0.00 0.00 0.00 0.00 0.00 0.00 0.00 0.00 0.00 0.00 0.00 0.00 0.00 0.00 0.00 0.00 0.00 0.00 0.00 0.00 0.00 0.00 0.00 0.00 0.00 0.00 0.00 0.00 0.00 0.00 0.00 0.00 0.00 0.00 0.00 0.00 0.00 0.00 0.00 0.00 0.00 0.00 0.00 0.00 0.00 0.00 0.00 0.00 0.00 0.00 0.00 0.00 0.00 0.00 0.00 0.00 0.00 0.00 0.00 0.00 0.00 0.00 0.00 0.00 0.00 0.00 0.00 0.00 0.00 0.00 0.00 0.00 0.00 0.00 0.00 0.00 0.00 0.00 0.00 0.00 0.00 0.00 0.00 0.00 0.00 0.00 0.00 0.00 0.00 0.00 0.00 0.00 0.00 0.00 0.00 0.00 0.00 0.00 0.00 0.00 0.00 0.00 0.00 0.00 0.00 0.00 0.00 0.00 0.00 0.00 0.00 0.00 0.00 0.00 0.00 0.00 0.00 0.00 0.00 0.00 0.00 0.00 0.00 0.00 0.00 0.00 0.00 0.00 0.00 0.00 0.00 0.00 0.00 0.00 0.00 0.00 0.00 0.00 0.00 0.00 0.00 0.00 0.00 0.00 0.00 0.00 0.00 0.00 0.00 0.00 0.00 0.00 0.00 0.00 0.00 0.00 0.00 0.00 0.00 0.00 0.00 0.00 0.00 0.00 0.00 0.00 0.00 0.00 0.00 0.00 0.00 0.00 0.00 0.00 0.00 0.00 0.00 0.00 0.00 0.00 0.00 0.00 0.00 0.00 0.00 0.00 0.00 0.00 0.00 0.00 0.00 0.00 0.00 0.00 0.00 0.00 0.00 0.00 0.00 0.00 0.00 0.00 0.00 0.00 0.00 0.00 0.00 0.00 0.00 0.00 0.00 0.00 0.00 0.00 0.00 0.00 0.00 0.00 0.00 0.00 0.00 0.00 0.00 0.00 0.00 0.00 0.00 0.00 0.00 0.00 0.00 0.00 0.00 0.00 0.00 0.00 0.00 0.00 0.00 0.00 0.00 0.00 0.00 0.00 0.00 0.00 0.00 0.00 0.00 0.00 0.00 0.00 0.00 0.00 0.00 0.00 0.00 0.00 0.00 0.00 0.00 0.00 0.00 0.00 0.00 0.00 0.00 0.00 0.00 0.00 0.00 0.00 0.00 0.00 0.00 0.00 0.00 0.00 0.00 0.00 0.00 0.00 0.00 0.00 0.00 0.00 0.00 0.00 0.00 0.00 0.00 0.00 0.00 0.00 0.00 0.00 0.00 0.00 0.00 0.00 0.00 0.00 0.00 0.00 0.00 0.00 0.00 0.00 0.00 0.00 0.00 0.00 0.00 0.00 0.00 0.00 0.00 0.00 0.00 0.00 0.00 0.00 0.00 0.00 0.00 0.00 0.00 0.00 0.00 0.00 0.00 0.00 0.00 0.00 0.00 0.00 0.00 0.00 0.00 0.00 0.00 0.00 0.00 0.00 0.00 0.00 0.00 0.00 0.00 0.00 0.00 0.00 0.00 0.00 0.00 0.00 0.00 0.00 0.00 0.00 0.00 0.00 0.00 0.00 0.00 0.00 0.00 0.00 0.00 0.00 0.00 0.00 0.00 0.00 0.00 0.00 0.00 0.00 0.00 0.00 0.00 0.00 0.00 0.00 0.00 0.00 0.00 0.00 0.00 0.00 0.00 0.00 0.00 0.00 0.00 0.00 0.00 0.00 0.00 0.00 0.00 0.00 0.00 0.00 0.00 0.00 0.00 0.00 0.00 0.00 0.00 0.00 0.00 0.00 0.00 0.00 0.00 0.00 0.00 0.00 0.00 0.00 0.00 0.00 0.00 0.00 0.00 0.00 0.00 0.00 0.00 0.00 0.00 0.00 0.00 0.00 0.00 0.00 0.00 0.00 0.00 0.00 0.00 0.00 0.00 0.00 0.00 0.00 0.00 0.00 0.00 0.00 0.00 0.00 0.00 0.00 0.00 0.00 0.00 0.00 0.00 0.00 0.00 0.00 0.00 0.00 0.00 0.00 0.00 0.00 0.00 0.00 0.00 0.00 0.00 0.00 0.00 0.00 0.00 0.00 0.00 0.00 0.00 0.00 0.00 0.00 0.00 0.00 0.00 0.00 0.00 0.00 0.00 0.00 0.00 0.00 0.00 0.00 0.00 0.00 0.00 0.00 0.00 0.00 0.00 0.00 0.00 0.00 0.00 0.00 0.00 0.00 0.00 0.00 0.00 0.00 0.00 0.00 0.00 0.00 0.00 0.00 0.00 0.00 0.00 0.00 0.00 0.00 0.00 0.00 0.00 0.00 0.00 0.00 0.00 0.00 0.00 0.00 0.00 0.00 0.00 0.00 0.00 0.00 0.00 0.00 0.00 0.00 0.00 0.00 0.00 0.00 0.00 0.00 0.00 0.00 0.00 0.00 0.00 0.00 0.00 0.00 0.00 0.00 0.00 0.00 0.00 0.00 0.00 0.00 0.00 0.00 0.00 0.00 0.00 0.00 0.00 0.00 0.00 0.00 0.00 0.00 0.00 0.00 0.00 0.00 0.00 0.00 0.00 0.00 0.00 0.00 0.00 0.00 0.00 0.00 0.00 0.00 0.00 0.00 0.00 0.00 0.00 0.00 0.00 0.00 0.00 0.00 0.00 0.00 0.00 0.00 0.00 0.00 0.00 0.00 0.00 0.00 0.00 0.00 0.00 0.00 0.00 0.00 0.00 0.00 0.00 0.00 0.00 0.00 0.00 0.00 0.00 0.00 0.00 0.00 0.00 0.00 0.00 0.00 0.00 0.00 0.00 0.00 0.00 0.00 0.00 0.00 0.00 0.00 0.00 0.00 0.00 0.00 0.00 0.00 0.00 0.00 0.00 0.00 0.00 0.00 0.00 0.00 0.00 0.00 0.00 0.00 0.00 0.00 0.00 0.00 0.00 0.00 0.00 0.00 0.00
height.size=902
height.data=2809.57 2809.57 2809.57 2809.57 2809.57 2809.57 2809.57 2809.57 2809.57 2809.57 2809.57 2816.14 2816.14 2816.14 2816.14 2816.14 2816.14 2816.14 2816.14 2816.14 2816.14 2816.14 2822.71 2822.71 2822.71 2822.71 2822.71 2822.71 2822.71 2822.71 2822.71 2822.71 2822.71 2829.29 2829.29 2829.29 2829.29 2829.29 2829.29 2829.29 2829.29 2829.29 2829.29 2829.29 2835.87 2835.87 2835.87 2835.87 2835.87 2835.87 2835.87 2835.87 2835.87 2835.87 2835.87 2842.47 2842.47 2842.47 2842.47 2842.47 2842.47 2842.47 2842.47 2842.47 2842.47 2842.47 2849.07 2849.07 2849.07 2849.07 2849.07 2849.07 2849.07 2849.07 2849.07 2849.07 2849.07 2855.68 2855.68 2855.68 2855.68 2855.68 2855.68 2855.68 2855.68 2855.68 2855.68 2855.68 2862.29 2862.29 2862.29 2862.29 2862.29 2862.29 2862.29 2862.29 2862.29 2862.29 2862.29 2868.91 2868.91 2868.91 2868.91 2868.91 2868.91 2868.91 2868.91 2868.91 2868.91 2868.91 2875.54 2875.54 2875.54 2875.54 2875.54 2875.54 2875.54 2875.54 2875.54 2875.54 2875.54 2882.18 2882.18 2882.18 2882.18 2882.18 2882.18 2882.18 2882.18 2882.18 2882.18 2882.18 2888.82 2888.82 2888.82 2888.82 2888.82 2888.82 2888.82 2888.82 2888.82 2888.82 2888.82 2895.48 2895.48 2895.48 2895.48 2895.48 2895.48 2895.48 2895.48 2895.48 2895.48 2895.48 2902.14 2902.14 2902.14 2902.14 2902.14 2902.14 2902.14 2902.14 2902.14 2902.14 2902.14 2908.80 2908.80 2908.80 2908.80 2908.80 2908.80 2908.80 2908.80 2908.80 2908.80 2908.80 2915.48 2915.48 2915.48 2915.48 2915.48 2915.48 2915.48 2915.48 2915.48 2915.48 2915.48 2922.16 2922.16 2922.16 2922.16 2922.16 2922.16 2922.16 2922.16 2922.16 2922.16 2922.16 2928.85 2928.85 2928.85 2928.85 2928.85 2928.85 2928.85 2928.85 2928.85 2928.85 2928.85 2935.54 2935.54 2935.54 2935.54 2935.54 2935.54 2935.54 2935.54 2935.54 2935.54 2935.54 2942.25 2942.25 2942.25 2942.25 2942.25 2942.25 2942.25 2942.25 2942.25 2942.25 2942.25 2948.96 2948.96 2948.96 2948.96 2948.96 2948.96 2948.96 2948.96 2948.96 2948.96 2948.96 2955.68 2955.68 2955.68 2955.68 2955.68 2955.68 2955.68 2955.68 2955.68 2955.68 2955.68 2962.40 2962.40 2962.40 2962.40 2962.40 2962.40 2962.40 2962.40 2962.40 2962.40 2962.40 2969.13 2969.13 2969.13 2969.13 2969.13 2969.13 2969.13 2969.13 2969.13 2969.13 2969.13 2975.87 2975.87 2975.87 2975.87 2975.87 2975.87 2975.87 2975.87 2975.87 2975.87 2975.87 2982.62 2982.62 2982.62 2982.62 2982.62 2982.62 2982.62 2982.62 2982.62 2982.62 2982.62 2989.38 2989.38 2989.38 2989.38 2989.38 2989.38 2989.38 2989.38 2989.38 2989.38 2989.38 2996.14 2996.14 2996.14 2996.14 2996.14 2996.14 2996.14 2996.14 2996.14 2996.14 2996.14 3002.91 3002.91 3002.91 3002.91 3002.91 3002.91 3002.91 3002.91 3002.91 3002.91 3002.91 3009.68 3009.68 3009.68 3009.68 3009.68 3009.68 3009.68 3009.68 3009.68 3009.68 3009.68 3016.47 3016.47 3016.47 3016.47 3016.47 3016.47 3016.47 3016.47 3016.47 3016.47 3016.47 3023.26 3023.26 3023.26 3023.26 3023.26 3023.26 3023.26 3023.26 3023.26 3023.26 3023.26 3030.06 3030.06 3030.06 3030.06 3030.06 3030.06 3030.06 3030.06 3030.06 3030.06 3030.06 3036.87 3036.87 3036.87 3036.87 3036.87 3036.87 3036.87 3036.87 3036.87 3036.87 3036.87 3043.68 3043.68 3043.68 3043.68 3043.68 3043.68 3043.68 3043.68 3043.68 3043.68 3043.68 3050.50 3050.50 3050.50 3050.50 3050.50 3050.50 3050.50 3050.50 3050.50 3050.50 3050.50 3057.33 3057.33 3057.33 3057.33 3057.33 3057.33 3057.33 3057.33 3057.33 3057.33 3057.33 3064.16 3064.16 3064.16 3064.16 3064.16 3064.16 3064.16 3064.16 3064.16 3064.16 3064.16 3071.01 3071.01 3071.01 3071.01 3071.01 3071.01 3071.01 3071.01 3071.01 3071.01 3071.01 3077.86 3077.86 3077.86 3077.86 3077.86 3077.86 3077.86 3077.86 3077.86 3077.86 3077.86 3084.72 3084.72 3084.72 3084.72 3084.72 3084.72 3084.72 3084.72 3084.72 3084.72 3084.72 3091.58 3091.58 3091.58 3091.58 3091.58 3091.58 3091.58 3091.58 3091.58 3091.58 3091.58 3098.45 3098.45 3098.45 3098.45 3098.45 3098.45 3098.45 3098.45 3098.45 3098.45 3098.45 3105.33 3105.33 3105.33 3105.33 3105.33 3105.33 3105.33 3105.33 3105.33 3105.33 3105.33 3112.22 3112.22 3112.22 3112.22 3112.22 3112.22 3112.22 3112.22 3112.22 3112.22 3112.22 3119.11 3119.11 3119.11 3119.11 3119.11 3119.11 3119.11 3119.11 3119.11 3119.11 3119.11 3126.02 3126.02 3126.02 3126.02 3126.02 3126.02 3126.02 3126.02 3126.02 3126.02 3126.02 3132.93 3132.93 3132.93 3132.93 3132.93 3132.93 3132.93 3132.93 3132.93 3132.93 3132.93 3139.84 3139.84 3139.84 3139.84 3139.84 3139.84 3139.84 3139.84 3139.84 3139.84 3139.84 3146.77 3146.77 3146.77 3146.77 3146.77 3146.77 3146.77 3146.77 3146.77 3146.77 3146.77 3153.70 3153.70 3153.70 3153.70 3153.70 3153.70 3153.70 3153.70 3153.70 3153.70 3153.70 3160.64 3160.64 3160.64 3160.64 3160.64 3160.64 3160.64 3160.64 3160.64 3160.64 3160.64 3167.58 3167.58 3167.58 3167.58 3167.58 3167.58 3167.58 3167.58 3167.58 3167.58 3167.58 3174.54 3174.54 3174.54 3174.54 3174.54 3174.54 3174.54 3174.54 3174.54 3174.54 3174.54 3181.50 3181.50 3181.50 3181.50 3181.50 3181.50 3181.50 3181.50 3181.50 3181.50 3181.50 3188.46 3188.46 3188.46 3188.46 3188.46 3188.46 3188.46 3188.46 3188.46 3188.46 3188.46 3195.44 3195.44 3195.44 3195.44 3195.44 3195.44 3195.44 3195.44 3195.44 3195.44 3195.44 3202.42 3202.42 3202.42 3202.42 3202.42 3202.42 3202.42 3202.42 3202.42 3202.42 3202.42 3209.41 3209.41 3209.41 3209.41 3209.41 3209.41 3209.41 3209.41 3209.41 3209.41 3209.41 3216.41 3216.41 3216.41 3216.41 3216.41 3216.41 3216.41 3216.41 3216.41 3216.41 3216.41 3223.41 3223.41 3223.41 3223.41 3223.41 3223.41 3223.41 3223.41 3223.41 3223.41 3223.41 3230.43 3230.43 3230.43 3230.43 3230.43 3230.43 3230.43 3230.43 3230.43 3230.43 3230.43 3237.45 3237.45 3237.45 3237.45 3237.45 3237.45 3237.45 3237.45 3237.45 3237.45 3237.45 3244.47 3244.47 3244.47 3244.47 3244.47 3244.47 3244.47 3244.47 3244.47 3244.47 3244.47 3251.51 3251.51 3251.51 3251.51 3251.51 3251.51 3251.51 3251.51 3251.51 3251.51 3251.51 3258.55 3258.55 3258.55 3258.55 3258.55 3258.55 3258.55 3258.55 3258.55 3258.55 3258.55 3265.60 3265.60 3265.60 3265.60 3265.60 3265.60 3265.60 3265.60 3265.60 3265.60 3265.60 3272.65 3272.65 3272.65 3272.65 3272.65 3272.65 3272.65 3272.65 3272.65 3272.65 3272.65 3279.72 3279.72 3279.72 3279.72 3279.72 3279.72 3279.72 3279.72 3279.72 3279.72 3279.72 3286.79 3286.79 3286.79 3286.79 3286.79 3286.79 3286.79 3286.79 3286.79 3286.79 3286.79 3293.87 3293.87 3293.87 3293.87 3293.87 3293.87 3293.87 3293.87 3293.87 3293.87 3293.87 3300.95 3300.95 3300.95 3300.95 3300.95 3300.95 3300.95 3300.95 3300.95 3300.95 3300.95 3308.04 3308.04 3308.04 3308.04 3308.04 3308.04 3308.04 3308.04 3308.04 3308.04 3308.04 3315.14 3315.14 3315.14 3315.14 3315.14 3315.14 3315.14 3315.14 3315.14 3315.14 3315.14 3322.25 3322.25 3322.25 3322.25 3322.25 3322.25 3322.25 3322.25 3322.25 3322.25 3322.25 3329.37 3329.37 3329.37 3329.37 3329.37 3329.37 3329.37 3329.37 3329.37 3329.37 3329.37 3336.49 3336.49 3336.49 3336.49 3336.49 3336.49 3336.49 3336.49 3336.49 3336.49 3336.49 3343.62 3343.62 3343.62 3343.62 3343.62 3343.62 3343.62 3343.62 3343.62 3343.62 3343.62 3350.76 3350.76 3350.76 3350.76 3350.76 3350.76 3350.76 3350.76 3350.76 3350.76 3350.76 3357.90 3357.90 3357.90 3357.90 3357.90 3357.90 3357.90 3357.90 3357.90 3357.90 3357.90 3365.05 3365.05 3365.05 3365.05 3365.05 3365.05 3365.05 3365.05 3365.05 3365.05 3365.05
=== END RADAR_SCAN ===

=== BEGIN RADAR_SCAN ===
scan.index=15
scan.time=99.670000
radar.id=0
radar.frequency=C
radar.scanning_mode=PPI
radar.x=0.000
radar.y=0.000
radar.z=25.000
radar.maximum_range=250000.000
radar.range_resolution=250.000
radar.angular_resolution=1.000000
box.radar_id=0
box.min_range_gate=714.000
box.max_range_gate=795.000
box.min_angle=102.000000
box.max_angle=113.000000
box.num_ranges=82
box.num_angles=11
box.range_resolution=250.000
box.angular_resolution=1.000000
box.other_angle=0.300000
grid.size=902
grid.data=0.00 0.00 0.00 0.00 0.00 0.00 0.00 0.00 0.00 0.00 0.00 0.00 0.00 0.00 0.00 0.00 34.31 0.00 0.00 0.00 0.00 0.00 0.00 0.00 0.00 0.00 0.00 34.50 35.59 0.00 0.00 0.00 0.00 0.00 0.00 0.00 0.00 0.00 39.18 33.60 0.00 0.00 0.00 0.00 0.00 0.00 0.00 0.00 0.00 31.31 26.80 0.00 0.00 0.00 0.00 0.00 0.00 0.00 0.00 35.59 35.28 33.82 0.00 0.00 0.00 0.00 0.00 0.00 0.00 0.00 35.04 32.78 36.46 0.00 0.00 0.00 0.00 0.00 0.00 0.00 0.00 32.97 33.40 34.75 36.32 0.00 0.00 0.00 0.00 0.00 0.00 0.00 41.39 30.72 32.23 31.66 0.00 0.00 0.00 0.00 0.00 0.00 0.00 32.02 35.02 33.68 33.22 0.00 0.00 0.00 0.00 0.00 0.00 0.00 36.04 34.26 33.75 29.69 0.00 0.00 0.00 0.00 0.00 0.00 0.00 29.03 33.39 34.10 32.89 0.00 0.00 0.00 0.00 0.00 0.00 0.00 37.80 35.37 35.03 33.80 0.00 0.00 0.00 0.00 0.00 0.00 0.00 35.12 32.79 31.67 33.36 0.00 0.00 0.00 0.00 0.00 0.00 34.66 31.33 38.32 35.80 33.24 0.00 0.00 0.00 0.00 0.00 0.00 35.28 35.00 38.61 36.10 36.78 0.00 0.00 0.00 0.00 0.00 0.00 33.13 31.96 30.87 31.48 35.46 0.00 0.00 0.00 0.00 0.00 0.00 30.29 39.20 36.51 35.14 38.09 0.00 0.00 0.00 0.00 0.00 0.00 39.09 39.41 32.21 34.58 34.36 0.00 0.00 0.00 0.00 0.00 0.00 38.66 45.23 35.41 35.39 34.99 0.00 0.00 0.00 0.00 0.00 0.00 38.93 38.68 34.44 32.05 35.56 0.00 0.00 0.00 0.00 0.00 0.00 38.74 37.75 34.86 33.58 36.29 0.00 0.00 0.00 0.00 0.00 0.00 42.43 38.40 36.28 32.46 34.86 33.91 0.00 0.00 0.00 0.00 0.00 37.77 37.13 37.91 31.94 37.14 34.52 0.00 0.00 0.00 0.00 0.00 39.06 42.44 39.49 32.49 33.73 35.79 0.00 0.00 0.00 0.00 0.00 42.96 38.68 35.98 28.00 40.28 36.93 0.00 0.00 0.00 0.00 0.00 38.79 36.82 37.50 36.21 33.45 32.75 0.00 0.00 0.00 0.00 0.00 35.80 39.27 38.94 30.75 38.59 32.27 0.00 0.00 0.00 0.00 0.00 37.75 39.80 41.83 33.59 35.95 35.31 0.00 0.00 0.00 0.00 0.00 36.81 37.84 36.76 30.74 30.58 32.37 0.00 0.00 0.00 0.00 0.00 39.16 38.13 38.05 34.08 31.98 33.76 0.00 0.00 0.00 0.00 0.00 44.48 37.53 39.09 37.55 34.09 34.90 0.00 0.00 0.00 0.00 0.00 40.82 40.55 36.52 28.48 36.44 33.70 0.00 0.00 0.00 0.00 0.00 40.20 41.54 40.86 31.15 40.33 33.63 0.00 0.00 0.00 0.00 0.00 39.89 37.15 38.95 33.68 34.80 36.20 0.00 0.00 0.00 0.00 0.00 35.69 40.98 35.68 36.64 37.41 36.49 0.00 0.00 0.00 0.00 0.00 38.81 39.04 41.02 32.38 32.61 35.92 0.00 0.00 0.00 0.00 0.00 36.14 35.88 39.04 32.18 36.22 28.30 0.00 0.00 0.00 0.00 0.00 42.43 38.74 39.43 34.02 29.41 37.42 0.00 0.00 0.00 0.00 0.00 37.32 42.77 39.69 35.25 29.56 33.27 0.00 0.00 0.00 0.00 0.00 36.72 40.74 42.10 35.16 33.49 38.35 0.00 0.00 0.00 0.00 0.00 39.36 34.54 41.29 39.98 36.46 39.54 0.00 0.00 0.00 0.00 0.00 36.10 40.62 39.29 36.09 34.51 39.03 0.00 0.00 0.00 0.00 0.00 39.29 35.15 44.79 34.84 29.42 31.92 0.00 0.00 0.00 0.00 0.00 39.92 44.44 38.97 32.61 34.34 33.10 0.00 0.00 0.00 0.00 0.00 39.69 33.31 41.92 35.01 39.15 35.81 0.00 0.00 0.00 0.00 0.00 37.62 41.49 37.29 35.44 34.96 35.97 0.00 0.00 0.00 0.00 0.00 43.83 41.10 38.34 32.49 36.29 35.19 0.00 0.00 0.00 0.00 0.00 37.18 34.46 32.54 32.67 37.46 34.90 0.00 0.00 0.00 0.00 0.00 42.91 37.79 34.25 33.71 34.32 34.64 0.00 0.00 0.00 0.00 0.00 38.05 38.93 31.31 33.93 33.84 32.39 0.00 0.00 0.00 0.00 0.00 41.60 38.97 35.72 34.99 34.21 40.42 0.00 0.00 0.00 0.00 0.00 35.03 34.86 36.08 38.70 30.72 34.63 0.00 0.00 0.00 0.00 0.00 35.45 36.20 33.56 34.19 35.73 35.25 0.00 0.00 0.00 0.00 0.00 35.79 43.05 32.46 34.70 36.98 37.73 0.00 0.00 0.00 0.00 0.00 33.85 28.38 33.05 38.76 35.76 35.28 0.00 0.00 0.00 0.00 0.00 30.84 43.63 29.19 34.04 34.13 32.62 0.00 0.00 0.00 0.00 0.00 39.89 33.36 31.62 37.76 35.81 30.91 0.00 0.00 0.00 0.00 0.00 35.90 32.84 33.82 33.54 33.96 35.19 0.00 0.00 0.00 0.00 0.00 33.48 35.15 36.76 34.24 32.16 0.00 0.00 0.00 0.00 0.00 0.00 35.28 35.10 39.39 37.54 35.11 0.00 0.00 0.00 0.00 0.00 0.00 34.90 38.25 34.85 35.68 34.49 0.00 0.00 0.00 0.00 0.00 0.00 33.61 39.89 33.97 35.88 33.36 0.00 0.00 0.00 0.00 0.00 0.00 31.42 38.03 35.36 38.70 38.60 0.00 0.00 0.00 0.00 0.00 0.00 35.15 36.55 38.29 33.61 32.55 0.00 0.00 0.00 0.00 0.00 0.00 36.36 32.60 39.30 38.35 33.22 0.00 0.00 0.00 0.00 0.00 0.00 0.00 35.01 39.21 44.08 30.19 0.00 0.00 0.00 0.00 0.00 0.00 0.00 31.69 38.63 34.20 43.81 0.00 0.00 0.00 0.00 0.00 0.00 0.00 37.28 36.26 30.24 37.96 0.00 0.00 0.00 0.00 0.00 0.00 0.00 37.37 31.77 35.25 41.31 0.00 0.00 0.00 0.00 0.00 0.00 0.00 38.51 34.77 35.35 32.62 0.00 0.00 0.00 0.00 0.00 0.00 0.00 39.04 37.78 37.99 39.78 0.00 0.00 0.00 0.00 0.00 0.00 0.00 38.44 38.58 37.55 36.52 0.00 0.00 0.00 0.00 0.00 0.00 0.00 36.41 35.09 38.13 36.90 0.00 0.00 0.00 0.00 0.00 0.00 0.00 42.73 41.53 40.07 0.00 0.00 0.00 0.00 0.00 0.00 0.00 0.00 38.16 39.41 41.34 0.00 0.00 0.00 0.00 0.00 0.00 0.00 0.00 37.81 38.54 37.82 0.00 0.00 0.00 0.00 0.00 0.00 0.00 0.00 0.00 35.51 39.70 0.00 0.00 0.00 0.00 0.00 0.00 0.00 0.00 0.00 36.88 40.33 0.00 0.00 0.00 0.00 0.00 0.00 0.00 0.00 0.00 40.90 38.23 0.00 0.00 0.00 0.00 0.00 0.00 0.00 0.00 0.00 43.53 0.00 0.00 0.00 0.00 0.00 0.00 0.00 0.00 0.00 0.00 0.00 0.00 0.00 0.00 0.00 0.00
rain_type.data=0 0 0 0 0 0 0 0 0 0 0 0 0 0 0 0 1 0 0 0 0 0 0 0 0 0 0 1 1 0 0 0 0 0 0 0 0 0 1 1 0 0 0 0 0 0 0 0 0 1 1 0 0 0 0 0 0 0 0 1 1 1 0 0 0 0 0 0 0 0 1 1 1 0 0 0 0 0 0 0 0 1 1 1 1 0 0 0 0 0 0 0 1 1 1 1 0 0 0 0 0 0 0 1 1 1 1 0 0 0 0 0 0 0 1 1 1 1 0 0 0 0 0 0 0 1 1 1 1 0 0 0 0 0 0 0 1 1 1 1 0 0 0 0 0 0 0 1 1 1 1 0 0 0 0 0 0 1 1 1 1 1 0 0 0 0 0 0 1 2 1 1 1 0 0 0 0 0 0 1 2 1 1 1 0 0 0 0 0 0 1 2 1 1 1 0 0 0 0 0 0 2 2 1 1 1 0 0 0 0 0 0 2 2 1 1 1 0 0 0 0 0 0 2 2 1 1 1 0 0 0 0 0 0 2 2 1 1 1 0 0 0 0 0 0 2 2 2 1 1 1 0 0 0 0 0 2 2 2 1 1 1 0 0 0 0 0 2 2 2 1 1 1 0 0 0 0 0 2 2 2 1 1 1 0 0 0 0 0 2 2 2 1 1 1 0 0 0 0 0 2 2 2 1 1 1 0 0 0 0 0 2 2 2 1 1 1 0 0 0 0 0 2 2 2 1 1 1 0 0 0 0 0 2 2 2 1 1 1 0 0 0 0 0 2 2 2 1 1 1 0 0 0 0 0 2 2 2 1 1 1 0 0 0 0 0 2 2 2 1 1 1 0 0 0 0 0 2 2 2 1 1 1 0 0 0 0 0 2 2 2 1 1 1 0 0 0 0 0 2 2 2 1 1 1 0 0 0 0 0 2 2 2 1 1 1 0 0 0 0 0 2 2 2 1 1 1 0 0 0 0 0 2 2 2 1 1 1 0 0 0 0 0 2 2 2 1 1 1 0 0 0 0 0 2 2 2 1 1 1 0 0 0 0 0 2 2 2 1 1 1 0 0 0 0 0 2 2 2 1 1 1 0 0 0 0 0 2 2 2 1 1 1 0 0 0 0 0 2 2 2 1 1 1 0 0 0 0 0 2 2 2 1 1 1 0 0 0 0 0 2 2 2 1 1 1 0 0 0 0 0 2 2 1 1 1 1 0 0 0 0 0 2 2 1 1 1 1 0 0 0 0 0 2 2 1 1 1 1 0 0 0 0 0 2 2 1 1 1 1 0 0 0 0 0 1 2 1 1 1 1 0 0 0 0 0 1 2 1 1 1 1 0 0 0 0 0 1 2 1 1 1 1 0 0 0 0 0 1 1 1 1 1 1 0 0 0 0 0 1 1 1 1 1 1 0 0 0 0 0 1 1 1 1 1 1 0 0 0 0 0 1 1 1 1 1 1 0 0 0 0 0 1 1 1 1 1 0 0 0 0 0 0 1 1 1 1 1 0 0 0 0 0 0 1 1 1 1 1 0 0 0 0 0 0 1 1 1 1 1 0 0 0 0 0 0 1 1 1 1 1 0 0 0 0 0 0 1 1 1 1 1 0 0 0 0 0 0 1 1 1 1 1 0 0 0 0 0 0 0 1 1 1 1 0 0 0 0 0 0 0 1 1 1 1 0 0 0 0 0 0 0 1 1 1 1 0 0 0 0 0 0 0 1 1 1 1 0 0 0 0 0 0 0 1 1 1 1 0 0 0 0 0 0 0 1 1 1 1 0 0 0 0 0 0 0 1 1 1 1 0 0 0 0 0 0 0 1 1 1 1 0 0 0 0 0 0 0 1 1 1 0 0 0 0 0 0 0 0 1 1 1 0 0 0 0 0 0 0 0 1 1 1 0 0 0 0 0 0 0 0 0 1 1 0 0 0 0 0 0 0 0 0 1 1 0 0 0 0 0 0 0 0 0 1 1 0 0 0 0 0 0 0 0 0 1 0 0 0 0 0 0 0 0 0 0 0 0 0 0 0 0
estimated_attenuation.size=902
estimated_attenuation.data=0.00 0.00 0.00 0.00 0.00 0.00 0.00 0.00 0.00 0.00 0.00 0.00 0.00 0.00 0.00 0.00 0.00 0.00 0.00 0.00 0.00 0.00 0.00 0.00 0.00 0.00 0.00 0.00 0.00 0.00 0.00 0.00 0.00 0.00 0.00 0.00 0.00 0.00 0.00 0.00 0.00 0.00 0.00 0.00 0.00 0.00 0.00 0.00 0.00 0.00 0.00 0.00 0.00 0.00 0.00 0.00 0.00 0.00 0.00 0.00 0.00 0.00 0.00 0.00 0.00 0.00 0.00 0.00 0.00 0.00 0.00 0.00 0.00 0.00 0.00 0.00 0.00 0.00 0.00 0.00 0.00 0.00 0.00 0.00 0.00 0.00 0.00 0.00 0.00 0.00 0.00 0.00 0.00 0.00 0.00 0.00 0.00 0.00 0.00 0.00 0.00 0.00 0.00 0.00 0.00 0.00 0.00 0.00 0.00 0.00 0.00 0.00 0.00 0.00 0.00 0.00 0.00 0.00 0.00 0.00 0.00 0.00 0.00 0.00 0.00 0.00 0.00 0.00 0.00 0.00 0.00 0.00 0.00 0.00 0.00 0.00 0.00 0.00 0.00 0.00 0.00 0.00 0.00 0.00 0.00 0.00 0.00 0.00 0.00 0.00 0.00 0.00 0.00 0.00 0.00 0.00 0.00 0.00 0.00 0.00 0.00 0.00 0.00 0.00 0.00 0.00 0.00 0.00 0.00 0.00 0.00 0.00 0.00 0.00 0.00 0.00 0.00 0.00 0.00 0.00 0.00 0.00 0.00 0.00 0.00 0.00 0.00 0.00 0.00 0.00 0.00 0.00 0.00 0.00 0.00 0.00 0.00 0.00 0.00 0.00 0.00 0.00 0.00 0.00 0.00 0.00 0.00 0.00 0.00 0.00 0.00 0.00 0.00 0.00 0.00 0.00 0.00 0.00 0.00 0.00 0.00 0.00 0.00 0.00 0.00 0.00 0.00 0.00 0.00 0.00 0.00 0.00 0.00 0.00 0.00 0.00 0.00 0.00 0.00 0.00 0.00 0.00 0.00 0.00 0.00 0.00 0.00 0.00 0.00 0.00 0.00 0.00 0.00 0.00 0.00 0.00 0.00 0.00 0.00 0.00 0.00 0.00 0.00 0.00 0.00 0.00 0.00 0.00 0.00 0.00 0.00 0.00 0.00 0.00 0.00 0.00 0.00 0.00 0.00 0.00 0.00 0.00 0.00 0.00 0.00 0.00 0.00 0.00 0.00 0.00 0.00 0.00 0.00 0.00 0.00 0.00 0.00 0.00 0.00 0.00 0.00 0.00 0.00 0.00 0.00 0.00 0.00 0.00 0.00 0.00 0.00 0.00 0.00 0.00 0.00 0.00 0.00 0.00 0.00 0.00 0.00 0.00 0.00 0.00 0.00 0.00 0.00 0.00 0.00 0.00 0.00 0.00 0.00 0.00 0.00 0.00 0.00 0.00 0.00 0.00 0.00 0.00 0.00 0.00 0.00 0.00 0.00 0.00 0.00 0.00 0.00 0.00 0.00 0.00 0.00 0.00 0.00 0.00 0.00 0.00 0.00 0.00 0.00 0.00 0.00 0.00 0.00 0.00 0.00 0.00 0.00 0.00 0.00 0.00 0.00 0.00 0.00 0.00 0.00 0.00 0.00 0.00 0.00 0.00 0.00 0.00 0.00 0.00 0.00 0.00 0.00 0.00 0.00 0.00 0.00 0.00 0.00 0.00 0.00 0.00 0.00 0.00 0.00 0.00 0.00 0.00 0.00 0.00 0.00 0.00 0.00 0.00 0.00 0.00 0.00 0.00 0.00 0.00 0.00 0.00 0.00 0.00 0.00 0.00 0.00 0.00 0.00 0.00 0.00 0.00 0.00 0.00 0.00 0.00 0.00 0.00 0.00 0.00 0.00 0.00 0.00 0.00 0.00 0.00 0.00 0.00 0.00 0.00 0.00 0.00 0.00 0.00 0.00 0.00 0.00 0.00 0.00 0.00 0.00 0.00 0.00 0.00 0.00 0.00 0.00 0.00 0.00 0.00 0.00 0.00 0.00 0.00 0.00 0.00 0.00 0.00 0.00 0.00 0.00 0.00 0.00 0.00 0.00 0.00 0.00 0.00 0.00 0.00 0.00 0.00 0.00 0.00 0.00 0.00 0.00 0.00 0.00 0.00 0.00 0.00 0.00 0.00 0.00 0.00 0.00 0.00 0.00 0.00 0.00 0.00 0.00 0.00 0.00 0.00 0.00 0.00 0.00 0.00 0.00 0.00 0.00 0.00 0.00 0.00 0.00 0.00 0.00 0.00 0.00 0.00 0.00 0.00 0.00 0.00 0.00 0.00 0.00 0.00 0.00 0.00 0.00 0.00 0.00 0.00 0.00 0.00 0.00 0.00 0.00 0.00 0.00 0.00 0.00 0.00 0.00 0.00 0.00 0.00 0.00 0.00 0.00 0.00 0.00 0.00 0.00 0.00 0.00 0.00 0.00 0.00 0.00 0.00 0.00 0.00 0.00 0.00 0.00 0.00 0.00 0.00 0.00 0.00 0.00 0.00 0.00 0.00 0.00 0.00 0.00 0.00 0.00 0.00 0.00 0.00 0.00 0.00 0.00 0.00 0.00 0.00 0.00 0.00 0.00 0.00 0.00 0.00 0.00 0.00 0.00 0.00 0.00 0.00 0.00 0.00 0.00 0.00 0.00 0.00 0.00 0.00 0.00 0.00 0.00 0.00 0.00 0.00 0.00 0.00 0.00 0.00 0.00 0.00 0.00 0.00 0.00 0.00 0.00 0.00 0.00 0.00 0.00 0.00 0.00 0.00 0.00 0.00 0.00 0.00 0.00 0.00 0.00 0.00 0.00 0.00 0.00 0.00 0.00 0.00 0.00 0.00 0.00 0.00 0.00 0.00 0.00 0.00 0.00 0.00 0.00 0.00 0.00 0.00 0.00 0.00 0.00 0.00 0.00 0.00 0.00 0.00 0.00 0.00 0.00 0.00 0.00 0.00 0.00 0.00 0.00 0.00 0.00 0.00 0.00 0.00 0.00 0.00 0.00 0.00 0.00 0.00 0.00 0.00 0.00 0.00 0.00 0.00 0.00 0.00 0.00 0.00 0.00 0.00 0.00 0.00 0.00 0.00 0.00 0.00 0.00 0.00 0.00 0.00 0.00 0.00 0.00 0.00 0.00 0.00 0.00 0.00 0.00 0.00 0.00 0.00 0.00 0.00 0.00 0.00 0.00 0.00 0.00 0.00 0.00 0.00 0.00 0.00 0.00 0.00 0.00 0.00 0.00 0.00 0.00 0.00 0.00 0.00 0.00 0.00 0.00 0.00 0.00 0.00 0.00 0.00 0.00 0.00 0.00 0.00 0.00 0.00 0.00 0.00 0.00 0.00 0.00 0.00 0.00 0.00 0.00 0.00 0.00 0.00 0.00 0.00 0.00 0.00 0.00 0.00 0.00 0.00 0.00 0.00 0.00 0.00 0.00 0.00 0.00 0.00 0.00 0.00 0.00 0.00 0.00 0.00 0.00 0.00 0.00 0.00 0.00 0.00 0.00 0.00 0.00 0.00 0.00 0.00 0.00 0.00 0.00 0.00 0.00 0.00 0.00 0.00 0.00 0.00 0.00 0.00 0.00 0.00 0.00 0.00 0.00 0.00 0.00 0.00 0.00 0.00 0.00 0.00 0.00 0.00 0.00 0.00 0.00 0.00 0.00 0.00 0.00 0.00 0.00 0.00 0.00 0.00 0.00 0.00 0.00 0.00 0.00 0.00 0.00 0.00 0.00 0.00 0.00 0.00 0.00 0.00 0.00 0.00 0.00 0.00 0.00 0.00 0.00 0.00 0.00 0.00 0.00 0.00 0.00 0.00 0.00 0.00 0.00 0.00 0.00 0.00 0.00 0.00 0.00 0.00 0.00 0.00 0.00 0.00 0.00 0.00 0.00 0.00 0.00 0.00
height.size=902
height.data=2809.57 2809.57 2809.57 2809.57 2809.57 2809.57 2809.57 2809.57 2809.57 2809.57 2809.57 2816.14 2816.14 2816.14 2816.14 2816.14 2816.14 2816.14 2816.14 2816.14 2816.14 2816.14 2822.71 2822.71 2822.71 2822.71 2822.71 2822.71 2822.71 2822.71 2822.71 2822.71 2822.71 2829.29 2829.29 2829.29 2829.29 2829.29 2829.29 2829.29 2829.29 2829.29 2829.29 2829.29 2835.87 2835.87 2835.87 2835.87 2835.87 2835.87 2835.87 2835.87 2835.87 2835.87 2835.87 2842.47 2842.47 2842.47 2842.47 2842.47 2842.47 2842.47 2842.47 2842.47 2842.47 2842.47 2849.07 2849.07 2849.07 2849.07 2849.07 2849.07 2849.07 2849.07 2849.07 2849.07 2849.07 2855.68 2855.68 2855.68 2855.68 2855.68 2855.68 2855.68 2855.68 2855.68 2855.68 2855.68 2862.29 2862.29 2862.29 2862.29 2862.29 2862.29 2862.29 2862.29 2862.29 2862.29 2862.29 2868.91 2868.91 2868.91 2868.91 2868.91 2868.91 2868.91 2868.91 2868.91 2868.91 2868.91 2875.54 2875.54 2875.54 2875.54 2875.54 2875.54 2875.54 2875.54 2875.54 2875.54 2875.54 2882.18 2882.18 2882.18 2882.18 2882.18 2882.18 2882.18 2882.18 2882.18 2882.18 2882.18 2888.82 2888.82 2888.82 2888.82 2888.82 2888.82 2888.82 2888.82 2888.82 2888.82 2888.82 2895.48 2895.48 2895.48 2895.48 2895.48 2895.48 2895.48 2895.48 2895.48 2895.48 2895.48 2902.14 2902.14 2902.14 2902.14 2902.14 2902.14 2902.14 2902.14 2902.14 2902.14 2902.14 2908.80 2908.80 2908.80 2908.80 2908.80 2908.80 2908.80 2908.80 2908.80 2908.80 2908.80 2915.48 2915.48 2915.48 2915.48 2915.48 2915.48 2915.48 2915.48 2915.48 2915.48 2915.48 2922.16 2922.16 2922.16 2922.16 2922.16 2922.16 2922.16 2922.16 2922.16 2922.16 2922.16 2928.85 2928.85 2928.85 2928.85 2928.85 2928.85 2928.85 2928.85 2928.85 2928.85 2928.85 2935.54 2935.54 2935.54 2935.54 2935.54 2935.54 2935.54 2935.54 2935.54 2935.54 2935.54 2942.25 2942.25 2942.25 2942.25 2942.25 2942.25 2942.25 2942.25 2942.25 2942.25 2942.25 2948.96 2948.96 2948.96 2948.96 2948.96 2948.96 2948.96 2948.96 2948.96 2948.96 2948.96 2955.68 2955.68 2955.68 2955.68 2955.68 2955.68 2955.68 2955.68 2955.68 2955.68 2955.68 2962.40 2962.40 2962.40 2962.40 2962.40 2962.40 2962.40 2962.40 2962.40 2962.40 2962.40 2969.13 2969.13 2969.13 2969.13 2969.13 2969.13 2969.13 2969.13 2969.13 2969.13 2969.13 2975.87 2975.87 2975.87 2975.87 2975.87 2975.87 2975.87 2975.87 2975.87 2975.87 2975.87 2982.62 2982.62 2982.62 2982.62 2982.62 2982.62 2982.62 2982.62 2982.62 2982.62 2982.62 2989.38 2989.38 2989.38 2989.38 2989.38 2989.38 2989.38 2989.38 2989.38 2989.38 2989.38 2996.14 2996.14 2996.14 2996.14 2996.14 2996.14 2996.14 2996.14 2996.14 2996.14 2996.14 3002.91 3002.91 3002.91 3002.91 3002.91 3002.91 3002.91 3002.91 3002.91 3002.91 3002.91 3009.68 3009.68 3009.68 3009.68 3009.68 3009.68 3009.68 3009.68 3009.68 3009.68 3009.68 3016.47 3016.47 3016.47 3016.47 3016.47 3016.47 3016.47 3016.47 3016.47 3016.47 3016.47 3023.26 3023.26 3023.26 3023.26 3023.26 3023.26 3023.26 3023.26 3023.26 3023.26 3023.26 3030.06 3030.06 3030.06 3030.06 3030.06 3030.06 3030.06 3030.06 3030.06 3030.06 3030.06 3036.87 3036.87 3036.87 3036.87 3036.87 3036.87 3036.87 3036.87 3036.87 3036.87 3036.87 3043.68 3043.68 3043.68 3043.68 3043.68 3043.68 3043.68 3043.68 3043.68 3043.68 3043.68 3050.50 3050.50 3050.50 3050.50 3050.50 3050.50 3050.50 3050.50 3050.50 3050.50 3050.50 3057.33 3057.33 3057.33 3057.33 3057.33 3057.33 3057.33 3057.33 3057.33 3057.33 3057.33 3064.16 3064.16 3064.16 3064.16 3064.16 3064.16 3064.16 3064.16 3064.16 3064.16 3064.16 3071.01 3071.01 3071.01 3071.01 3071.01 3071.01 3071.01 3071.01 3071.01 3071.01 3071.01 3077.86 3077.86 3077.86 3077.86 3077.86 3077.86 3077.86 3077.86 3077.86 3077.86 3077.86 3084.72 3084.72 3084.72 3084.72 3084.72 3084.72 3084.72 3084.72 3084.72 3084.72 3084.72 3091.58 3091.58 3091.58 3091.58 3091.58 3091.58 3091.58 3091.58 3091.58 3091.58 3091.58 3098.45 3098.45 3098.45 3098.45 3098.45 3098.45 3098.45 3098.45 3098.45 3098.45 3098.45 3105.33 3105.33 3105.33 3105.33 3105.33 3105.33 3105.33 3105.33 3105.33 3105.33 3105.33 3112.22 3112.22 3112.22 3112.22 3112.22 3112.22 3112.22 3112.22 3112.22 3112.22 3112.22 3119.11 3119.11 3119.11 3119.11 3119.11 3119.11 3119.11 3119.11 3119.11 3119.11 3119.11 3126.02 3126.02 3126.02 3126.02 3126.02 3126.02 3126.02 3126.02 3126.02 3126.02 3126.02 3132.93 3132.93 3132.93 3132.93 3132.93 3132.93 3132.93 3132.93 3132.93 3132.93 3132.93 3139.84 3139.84 3139.84 3139.84 3139.84 3139.84 3139.84 3139.84 3139.84 3139.84 3139.84 3146.77 3146.77 3146.77 3146.77 3146.77 3146.77 3146.77 3146.77 3146.77 3146.77 3146.77 3153.70 3153.70 3153.70 3153.70 3153.70 3153.70 3153.70 3153.70 3153.70 3153.70 3153.70 3160.64 3160.64 3160.64 3160.64 3160.64 3160.64 3160.64 3160.64 3160.64 3160.64 3160.64 3167.58 3167.58 3167.58 3167.58 3167.58 3167.58 3167.58 3167.58 3167.58 3167.58 3167.58 3174.54 3174.54 3174.54 3174.54 3174.54 3174.54 3174.54 3174.54 3174.54 3174.54 3174.54 3181.50 3181.50 3181.50 3181.50 3181.50 3181.50 3181.50 3181.50 3181.50 3181.50 3181.50 3188.46 3188.46 3188.46 3188.46 3188.46 3188.46 3188.46 3188.46 3188.46 3188.46 3188.46 3195.44 3195.44 3195.44 3195.44 3195.44 3195.44 3195.44 3195.44 3195.44 3195.44 3195.44 3202.42 3202.42 3202.42 3202.42 3202.42 3202.42 3202.42 3202.42 3202.42 3202.42 3202.42 3209.41 3209.41 3209.41 3209.41 3209.41 3209.41 3209.41 3209.41 3209.41 3209.41 3209.41 3216.41 3216.41 3216.41 3216.41 3216.41 3216.41 3216.41 3216.41 3216.41 3216.41 3216.41 3223.41 3223.41 3223.41 3223.41 3223.41 3223.41 3223.41 3223.41 3223.41 3223.41 3223.41 3230.43 3230.43 3230.43 3230.43 3230.43 3230.43 3230.43 3230.43 3230.43 3230.43 3230.43 3237.45 3237.45 3237.45 3237.45 3237.45 3237.45 3237.45 3237.45 3237.45 3237.45 3237.45 3244.47 3244.47 3244.47 3244.47 3244.47 3244.47 3244.47 3244.47 3244.47 3244.47 3244.47 3251.51 3251.51 3251.51 3251.51 3251.51 3251.51 3251.51 3251.51 3251.51 3251.51 3251.51 3258.55 3258.55 3258.55 3258.55 3258.55 3258.55 3258.55 3258.55 3258.55 3258.55 3258.55 3265.60 3265.60 3265.60 3265.60 3265.60 3265.60 3265.60 3265.60 3265.60 3265.60 3265.60 3272.65 3272.65 3272.65 3272.65 3272.65 3272.65 3272.65 3272.65 3272.65 3272.65 3272.65 3279.72 3279.72 3279.72 3279.72 3279.72 3279.72 3279.72 3279.72 3279.72 3279.72 3279.72 3286.79 3286.79 3286.79 3286.79 3286.79 3286.79 3286.79 3286.79 3286.79 3286.79 3286.79 3293.87 3293.87 3293.87 3293.87 3293.87 3293.87 3293.87 3293.87 3293.87 3293.87 3293.87 3300.95 3300.95 3300.95 3300.95 3300.95 3300.95 3300.95 3300.95 3300.95 3300.95 3300.95 3308.04 3308.04 3308.04 3308.04 3308.04 3308.04 3308.04 3308.04 3308.04 3308.04 3308.04 3315.14 3315.14 3315.14 3315.14 3315.14 3315.14 3315.14 3315.14 3315.14 3315.14 3315.14 3322.25 3322.25 3322.25 3322.25 3322.25 3322.25 3322.25 3322.25 3322.25 3322.25 3322.25 3329.37 3329.37 3329.37 3329.37 3329.37 3329.37 3329.37 3329.37 3329.37 3329.37 3329.37 3336.49 3336.49 3336.49 3336.49 3336.49 3336.49 3336.49 3336.49 3336.49 3336.49 3336.49 3343.62 3343.62 3343.62 3343.62 3343.62 3343.62 3343.62 3343.62 3343.62 3343.62 3343.62 3350.76 3350.76 3350.76 3350.76 3350.76 3350.76 3350.76 3350.76 3350.76 3350.76 3350.76 3357.90 3357.90 3357.90 3357.90 3357.90 3357.90 3357.90 3357.90 3357.90 3357.90 3357.90 3365.05 3365.05 3365.05 3365.05 3365.05 3365.05 3365.05 3365.05 3365.05 3365.05 3365.05
=== END RADAR_SCAN ===

