=== BEGIN RADAR_SCAN ===
scan.index=1
scan.time=185.000000
radar.id=0
radar.frequency=C
radar.scanning_mode=PPI
radar.x=0.000
radar.y=0.000
radar.z=25.000
radar.maximum_range=250000.000
radar.range_resolution=250.000
radar.angular_resolution=1.000000
box.radar_id=0
box.min_range_gate=709.000
box.max_range_gate=792.000
box.min_angle=96.000000
box.max_angle=107.000000
box.num_ranges=84
box.num_angles=11
box.range_resolution=250.000
box.angular_resolution=1.000000
box.other_angle=12.000000
grid.size=924
grid.data=0.00 0.00 0.00 0.00 0.00 0.00 0.00 0.00 0.00 0.00 0.00 0.00 0.00 0.00 0.00 0.00 0.00 0.00 0.00 0.00 0.00 0.00 0.00 0.00 0.00 0.00 0.00 0.00 0.00 0.00 0.00 0.00 0.00 0.00 0.00 0.00 0.00 0.00 0.00 0.00 0.00 0.00 0.00 0.00 0.00 0.00 0.00 0.00 0.00 -0.06 0.00 0.00 0.00 0.00 0.00 0.00 0.00 0.00 0.00 0.00 0.72 0.00 0.00 0.00 0.00 0.00 0.00 0.00 0.00 0.00 0.00 -1.49 -0.03 0.00 0.00 0.00 0.00 0.00 0.00 0.00 0.00 -1.30 -0.51 -0.02 0.00 0.00 0.00 0.00 0.00 0.00 0.00 0.00 0.20 -1.42 -0.51 0.00 0.00 0.00 0.00 0.00 0.00 0.00 0.00 0.44 1.57 0.43 0.00 0.00 0.00 0.00 0.00 0.00 0.00 0.00 0.02 0.35 0.22 0.00 0.00 0.00 0.00 0.00 0.00 0.00 0.00 0.19 -0.46 1.24 -0.61 0.00 0.00 0.00 0.00 0.00 0.00 0.00 0.09 -0.32 -1.15 0.41 0.00 0.00 0.00 0.00 0.00 0.00 0.00 -1.38 0.81 1.12 -0.55 0.00 0.00 0.00 0.00 0.00 0.00 0.00 0.65 -0.31 0.17 0.48 0.00 0.00 0.00 0.00 0.00 0.00 0.19 -0.65 0.08 0.20 0.11 0.00 0.00 0.00 0.00 0.00 0.00 -0.38 -0.26 -1.28 0.77 1.09 0.00 0.00 0.00 0.00 0.00 0.00 -0.07 -0.05 -0.38 1.69 -0.41 0.00 0.00 0.00 0.00 0.00 0.00 0.68 -0.72 -0.22 -0.11 0.40 0.00 0.00 0.00 0.00 0.00 0.00 0.65 0.55 0.11 0.94 -0.98 0.00 0.00 0.00 0.00 0.00 0.00 -1.55 1.11 -0.87 -0.94 -0.14 0.00 0.00 0.00 0.00 0.00 0.00 -0.66 0.36 -0.17 -1.51 -0.22 0.00 0.00 0.00 0.00 0.00 0.00 0.87 1.22 -1.19 -0.53 -0.26 0.00 0.00 0.00 0.00 0.00 0.00 0.05 0.33 -0.19 -0.31 0.30 0.00 0.00 0.00 0.00 0.00 0.00 0.24 -0.38 -0.29 0.66 0.51 0.00 0.00 0.00 0.00 0.00 0.00 0.32 0.44 1.05 0.03 -2.13 0.00 0.00 0.00 0.00 0.00 0.00 -0.19 0.04 0.39 0.40 1.22 0.00 0.00 0.00 0.00 0.00 0.00 0.64 -0.48 -1.97 -0.01 0.05 -1.38 0.00 0.00 0.00 0.00 0.00 -1.57 -0.84 0.87 -0.86 0.14 -0.72 0.00 0.00 0.00 0.00 0.00 1.29 0.55 -0.63 0.51 0.37 0.76 0.00 0.00 0.00 0.00 0.00 -0.85 0.47 -0.93 -0.66 -0.67 0.45 0.00 0.00 0.00 0.00 0.00 0.14 -0.58 -0.37 0.25 -0.00 -0.43 0.00 0.00 0.00 0.00 0.00 -0.04 -0.62 0.49 0.18 -0.30 -0.81 0.00 0.00 0.00 0.00 0.00 0.85 0.26 -0.28 1.66 -0.08 -0.60 0.00 0.00 0.00 0.00 0.00 -0.65 0.10 -0.64 0.68 0.42 -0.29 0.00 0.00 0.00 0.00 0.00 0.46 1.27 0.35 -0.90 0.78 -0.48 0.00 0.00 0.00 0.00 0.00 0.58 -0.72 0.14 0.14 -0.51 0.46 0.00 0.00 0.00 0.00 0.00 -0.45 -0.57 0.15 0.86 -0.92 -0.31 0.00 0.00 0.00 0.00 0.00 -0.49 0.50 0.50 0.44 -0.01 -1.50 0.00 0.00 0.00 0.00 0.00 1.23 0.97 0.06 -1.44 -1.21 -0.79 0.00 0.00 0.00 0.00 0.00 -0.23 0.31 -0.16 0.41 0.23 -0.12 0.00 0.00 0.00 0.00 0.00 -0.60 0.01 -1.08 0.40 0.24 -1.06 0.00 0.00 0.00 0.00 0.00 0.06 -0.32 0.19 1.42 1.07 0.10 0.00 0.00 0.00 0.00 0.00 0.07 -1.42 -0.36 -0.02 0.25 0.16 0.00 0.00 0.00 0.00 0.00 -1.56 -1.13 -0.46 -0.24 0.01 -0.76 0.00 0.00 0.00 0.00 0.00 1.22 -0.06 0.28 0.81 0.92 -0.83 0.00 0.00 0.00 0.00 0.00 -0.41 -0.71 -0.39 0.97 -0.19 -1.73 0.00 0.00 0.00 0.00 0.00 0.74 1.43 0.53 -0.99 -0.35 -0.06 0.00 0.00 0.00 0.00 0.00 0.27 0.20 -1.02 -0.35 -1.31 2.24 0.00 0.00 0.00 0.00 0.00 -0.27 0.86 0.92 -0.45 0.11 -0.08 0.00 0.00 0.00 0.00 0.00 -0.38 -0.44 -0.51 0.76 -0.23 1.02 0.00 0.00 0.00 0.00 0.00 -0.12 0.02 1.13 0.65 0.85 0.22 0.00 0.00 0.00 0.00 0.00 1.32 0.55 -0.23 -0.40 1.29 -0.34 0.00 0.00 0.00 0.00 0.00 0.44 -0.79 0.11 -0.82 1.25 -1.59 0.00 0.00 0.00 0.00 0.00 -0.48 -0.38 -0.01 0.12 0.06 0.94 0.00 0.00 0.00 0.00 0.00 -0.37 1.05 -0.61 -0.46 0.73 -0.46 0.00 0.00 0.00 0.00 0.00 0.62 -0.06 -1.34 -0.65 0.19 -0.96 0.00 0.00 0.00 0.00 0.00 -0.31 -1.29 -0.39 0.23 0.92 -1.46 0.00 0.00 0.00 0.00 0.00 -0.84 1.07 0.96 0.44 -1.39 -0.06 0.00 0.00 0.00 0.00 0.00 0.65 -0.63 -0.54 -0.20 0.81 -0.18 0.00 0.00 0.00 0.00 0.00 -0.09 -0.72 0.29 -1.74 0.71 1.07 0.00 0.00 0.00 0.00 0.00 0.09 0.19 0.14 0.33 0.63 -0.01 0.00 0.00 0.00 0.00 0.00 -0.10 0.05 0.22 -0.68 0.54 -0.84 0.00 0.00 0.00 0.00 0.00 -0.02 -0.02 -0.61 0.17 0.53 0.00 0.00 0.00 0.00 0.00 0.00 0.47 -0.83 -0.42 0.16 -0.38 0.00 0.00 0.00 0.00 0.00 0.00 -0.96 0.24 1.08 0.22 -1.23 0.00 0.00 0.00 0.00 0.00 0.00 0.10 1.27 0.63 -0.62 -0.00 0.00 0.00 0.00 0.00 0.00 0.00 0.25 0.53 -0.36 -0.82 -0.58 0.00 0.00 0.00 0.00 0.00 0.00 -0.12 -0.03 -0.44 -0.44 0.28 0.00 0.00 0.00 0.00 0.00 0.00 1.10 -0.31 0.42 -0.06 -0.27 0.00 0.00 0.00 0.00 0.00 0.00 0.31 -0.80 -0.35 -0.52 -0.65 0.00 0.00 0.00 0.00 0.00 0.00 0.54 0.36 -1.64 -0.06 0.15 0.00 0.00 0.00 0.00 0.00 0.00 -1.02 -0.94 -0.15 0.14 0.87 0.00 0.00 0.00 0.00 0.00 0.00 1.28 -1.03 0.79 -0.11 -0.23 0.00 0.00 0.00 0.00 0.00 0.00 0.00 0.29 0.27 -0.21 0.78 0.00 0.00 0.00 0.00 0.00 0.00 0.00 0.14 0.78 -0.08 -0.06 0.00 0.00 0.00 0.00 0.00 0.00 0.00 -0.62 -0.49 0.89 0.72 0.00 0.00 0.00 0.00 0.00 0.00 0.00 -0.14 0.03 0.15 0.90 0.00 0.00 0.00 0.00 0.00 0.00 0.00 -0.00 -0.46 0.47 1.03 0.00 0.00 0.00 0.00 0.00 0.00 0.00 -1.10 -0.34 0.69 0.00 0.00 0.00 0.00 0.00 0.00 0.00 0.00 -0.73 -0.17 0.63 0.00 0.00 0.00 0.00 0.00 0.00 0.00 0.00 -0.09 -0.31 -1.39 0.00 0.00 0.00 0.00 0.00 0.00 0.00 0.00 -1.32 -0.70 0.26 0.00 0.00 0.00 0.00 0.00 0.00 0.00 0.00 -0.23 -1.02 0.39 0.00 0.00 0.00 0.00
rain_type.data=0 0 0 0 0 0 0 0 0 0 0 0 0 0 0 0 0 0 0 0 0 0 0 0 0 0 0 0 0 0 0 0 0 0 0 0 0 0 0 0 0 0 0 0 0 0 0 0 0 1 0 0 0 0 0 0 0 0 0 0 1 0 0 0 0 0 0 0 0 0 0 1 1 0 0 0 0 0 0 0 0 1 1 1 0 0 0 0 0 0 0 0 1 1 1 0 0 0 0 0 0 0 0 1 1 1 0 0 0 0 0 0 0 0 1 1 1 0 0 0 0 0 0 0 0 1 1 1 1 0 0 0 0 0 0 0 1 1 1 1 0 0 0 0 0 0 0 1 1 1 1 0 0 0 0 0 0 0 1 1 1 1 0 0 0 0 0 0 1 1 1 1 1 0 0 0 0 0 0 1 1 1 1 1 0 0 0 0 0 0 1 1 1 1 1 0 0 0 0 0 0 1 1 1 1 1 0 0 0 0 0 0 1 1 1 1 1 0 0 0 0 0 0 1 1 1 1 1 0 0 0 0 0 0 1 1 1 1 1 0 0 0 0 0 0 1 2 1 1 1 0 0 0 0 0 0 2 2 1 1 1 0 0 0 0 0 0 2 2 1 1 1 0 0 0 0 0 0 2 2 1 1 1 0 0 0 0 0 0 2 2 1 1 1 0 0 0 0 0 0 2 2 1 1 1 1 0 0 0 0 0 2 2 1 1 1 1 0 0 0 0 0 2 2 1 1 1 1 0 0 0 0 0 2 2 1 1 1 1 0 0 0 0 0 2 2 2 1 1 1 0 0 0 0 0 2 2 2 1 1 1 0 0 0 0 0 2 2 2 1 1 1 0 0 0 0 0 2 2 2 1 1 1 0 0 0 0 0 2 2 2 1 1 1 0 0 0 0 0 2 2 2 1 1 1 0 0 0 0 0 2 2 2 1 1 1 0 0 0 0 0 2 2 2 1 1 1 0 0 0 0 0 2 2 2 1 1 1 0 0 0 0 0 2 2 2 1 1 1 0 0 0 0 0 2 2 2 1 1 1 0 0 0 0 0 2 2 2 1 1 1 0 0 0 0 0 2 2 2 1 1 1 0 0 0 0 0 2 2 2 1 1 1 0 0 0 0 0 2 2 2 1 1 1 0 0 0 0 0 2 2 2 1 1 1 0 0 0 0 0 2 2 2 1 1 1 0 0 0 0 0 2 2 2 1 1 1 0 0 0 0 0 2 2 2 1 1 1 0 0 0 0 0 2 2 2 1 1 1 0 0 0 0 0 2 2 2 1 1 1 0 0 0 0 0 2 2 1 1 1 1 0 0 0 0 0 2 2 1 1 1 1 0 0 0 0 0 2 2 1 1 1 1 0 0 0 0 0 2 2 1 1 1 1 0 0 0 0 0 2 2 1 1 1 1 0 0 0 0 0 2 2 1 1 1 1 0 0 0 0 0 2 2 1 1 1 1 0 0 0 0 0 2 2 1 1 1 1 0 0 0 0 0 2 2 1 1 1 1 0 0 0 0 0 1 2 1 1 1 1 0 0 0 0 0 1 1 1 1 1 1 0 0 0 0 0 1 1 1 1 1 0 0 0 0 0 0 1 1 1 1 1 0 0 0 0 0 0 1 1 1 1 1 0 0 0 0 0 0 1 1 1 1 1 0 0 0 0 0 0 1 1 1 1 1 0 0 0 0 0 0 1 1 1 1 1 0 0 0 0 0 0 1 1 1 1 1 0 0 0 0 0 0 1 1 1 1 1 0 0 0 0 0 0 1 1 1 1 1 0 0 0 0 0 0 1 1 1 1 1 0 0 0 0 0 0 1 1 1 1 1 0 0 0 0 0 0 0 1 1 1 1 0 0 0 0 0 0 0 1 1 1 1 0 0 0 0 0 0 0 1 1 1 1 0 0 0 0 0 0 0 1 1 1 1 0 0 0 0 0 0 0 1 1 1 1 0 0 0 0 0 0 0 1 1 1 0 0 0 0 0 0 0 0 1 1 1 0 0 0 0 0 0 0 0 1 1 1 0 0 0 0 0 0 0 0 1 1 1 0 0 0 0 0 0 0 0 1 1 1 0 0 0 0
estimated_attenuation.size=924
estimated_attenuation.data=0.00 0.00 0.00 0.00 0.00 0.00 0.00 0.00 0.00 0.00 0.00 0.00 0.00 0.00 0.00 0.00 0.00 0.00 0.00 0.00 0.00 0.00 0.00 0.00 0.00 0.00 0.00 0.00 0.00 0.00 0.00 0.00 0.00 0.00 0.00 0.00 0.00 0.00 0.00 0.00 0.00 0.00 0.00 0.00 0.00 0.00 0.00 0.00 0.00 0.00 0.00 0.00 0.00 0.00 0.00 0.00 0.00 0.00 0.00 0.00 0.00 0.00 0.00 0.00 0.00 0.00 0.00 0.00 0.00 0.00 0.00 0.00 0.00 0.00 0.00 0.00 0.00 0.00 0.00 0.00 0.00 0.00 0.00 0.00 0.00 0.00 0.00 0.00 0.00 0.00 0.00 0.00 0.00 0.00 0.00 0.00 0.00 0.00 0.00 0.00 0.00 0.00 0.00 0.00 0.00 0.00 0.00 0.00 0.00 0.00 0.00 0.00 0.00 0.00 0.00 0.00 0.00 0.00 0.00 0.00 0.00 0.00 0.00 0.00 0.00 0.00 0.00 0.00 0.00 0.00 0.00 0.00 0.00 0.00 0.00 0.00 0.00 0.00 0.00 0.00 0.00 0.00 0.00 0.00 0.00 0.00 0.00 0.00 0.00 0.00 0.00 0.00 0.00 0.00 0.00 0.00 0.00 0.00 0.00 0.00 0.00 0.00 0.00 0.00 0.00 0.00 0.00 0.00 0.00 0.00 0.00 0.00 0.00 0.00 0.00 0.00 0.00 0.00 0.00 0.00 0.00 0.00 0.00 0.00 0.00 0.00 0.00 0.00 0.00 0.00 0.00 0.00 0.00 0.00 0.00 0.00 0.00 0.00 0.00 0.00 0.00 0.00 0.00 0.00 0.00 0.00 0.00 0.00 0.00 0.00 0.00 0.00 0.00 0.00 0.00 0.00 0.00 0.00 0.00 0.00 0.00 0.00 0.00 0.00 0.00 0.00 0.00 0.00 0.00 0.00 0.00 0.00 0.00 0.00 0.00 0.00 0.00 0.00 0.00 0.00 0.00 0.00 0.00 0.00 0.00 0.00 0.00 0.00 0.00 0.00 0.00 0.00 0.00 0.00 0.00 0.00 0.00 0.00 0.00 0.00 0.00 0.00 0.00 0.00 0.00 0.00 0.00 0.00 0.00 0.00 0.00 0.00 0.00 0.00 0.00 0.00 0.00 0.00 0.00 0.00 0.00 0.00 0.00 0.00 0.00 0.00 0.00 0.00 0.00 0.00 0.00 0.00 0.00 0.00 0.00 0.00 0.00 0.00 0.00 0.00 0.00 0.00 0.00 0.00 0.00 0.00 0.00 0.00 0.00 0.00 0.00 0.00 0.00 0.00 0.00 0.00 0.00 0.00 0.00 0.00 0.00 0.00 0.00 0.00 0.00 0.00 0.00 0.00 0.00 0.00 0.00 0.00 0.00 0.00 0.00 0.00 0.00 0.00 0.00 0.00 0.00 0.00 0.00 0.00 0.00 0.00 0.00 0.00 0.00 0.00 0.00 0.00 0.00 0.00 0.00 0.00 0.00 0.00 0.00 0.00 0.00 0.00 0.00 0.00 0.00 0.00 0.00 0.00 0.00 0.00 0.00 0.00 0.00 0.00 0.00 0.00 0.00 0.00 0.00 0.00 0.00 0.00 0.00 0.00 0.00 0.00 0.00 0.00 0.00 0.00 0.00 0.00 0.00 0.00 0.00 0.00 0.00 0.00 0.00 0.00 0.00 0.00 0.00 0.00 0.00 0.00 0.00 0.00 0.00 0.00 0.00 0.00 0.00 0.00 0.00 0.00 0.00 0.00 0.00 0.00 0.00 0.00 0.00 0.00 0.00 0.00 0.00 0.00 0.00 0.00 0.00 0.00 0.00 0.00 0.00 0.00 0.00 0.00 0.00 0.00 0.00 0.00 0.00 0.00 0.00 0.00 0.00 0.00 0.00 0.00 0.00 0.00 0.00 0.00 0.00 0.00 0.00 0.00 0.00 0.00 0.00 0.00 0.00 0.00 0.00 0.00 0.00 0.00 0.00 0.00 0.00 0.00 0.00 0.00 0.00 0.00 0.00 0.00 0.00 0.00 0.00 0.00 0.00 0.00 0.00 0.00 0.00 0.00 0.00 0.00 0.00 0.00 0.00 0.00 0.00 0.00 0.00 0.00 0.00 0.00 0.00 0.00 0.00 0.00 0.00 0.00 0.00 0.00 0.00 0.00 0.00 0.00 0.00 0.00 0.00 0.00 0.00 0.00 0.00 0.00 0.00 0.00 0.00 0.00 0.00 0.00 0.00 0.00 0.00 0.00 0.00 0.00 0.00 0.00 0.00 0.00 0.00 0.00 0.00 0.00 0.00 0.00 0.00 0.00 0.00 0.00 0.00 0.00 0.00 0.00 0.00 0.00 0.00 0.00 0.00 0.00 0.00 0.00 0.00 0.00 0.00 0.00 0.00 0.00 0.00 0.00 0.00 0.00 0.00 0.00 0.00 0.00 0.00 0.00 0.00 0.00 0.00 0.00 0.00 0.00 0.00 0.00 0.00 0.00 0.00 0.00 0.00 0.00 0.00 0.00 0.00 0.00 0.00 0.00 0.00 0.00 0.00 0.00 0.00 0.00 0.00 0.00 0.00 0.00 0.00 0.00 0.00 0.00 0.00 0.00 0.00 0.00 0.00 0.00 0.00 0.00 0.00 0.00 0.00 0.00 0.00 0.00 0.00 0.00 0.00 0.00 0.00 0.00 0.00 0.00 0.00 0.00 0.00 0.00 0.00 0.00 0.00 0.00 0.00 0.00 0.00 0.00 0.00 0.00 0.00 0.00 0.00 0.00 0.00 0.00 0.00 0.00 0.00 0.00 0.00 0.00 0.00 0.00 0.00 0.00 0.00 0.00 0.00 0.00 0.00 0.00 0.00 0.00 0.00 0.00 0.00 0.00 0.00 0.00 0.00 0.00 0.00 0.00 0.00 0.00 0.00 0.00 0.00 0.00 0.00 0.00 0.00 0.00 0.00 0.00 0.00 0.00 0.00 0.00 0.00 0.00 0.00 0.00 0.00 0.00 0.00 0.00 0.00 0.00 0.00 0.00 0.00 0.00 0.00 0.00 0.00 0.00 0.00 0.00 0.00 0.00 0.00 0.00 0.00 0.00 0.00 0.00 0.00 0.00 0.00 0.00 0.00 0.00 0.00 0.00 0.00 0.00 0.00 0.00 0.00 0.00 0.00 0.00 0.00 0.00 0.00 0.00 0.00 0.00 0.00 0.00 0.00 0.00 0.00 0.00 0.00 0.00 0.00 0.00 0.00 0.00 0.00 0.00 0.00 0.00 0.00 0.00 0.00 0.00 0.00 0.00 0.00 0.00 0.00 0.00 0.00 0.00 0.00 0.00 0.00 0.00 0.00 0.00 0.00 0.00 0.00 0.00 0.00 0.00 0.00 0.00 0.00 0.00 0.00 0.00 0.00 0.00 0.00 0.00 0.00 0.00 0.00 0.00 0.00 0.00 0.00 0.00 0.00 0.00 0.00 0.00 0.00 0.00 0.00 0.00 0.00 0.00 0.00 0.00 0.00 0.00 0.00 0.00 0.00 0.00 0.00 0.00 0.00 0.00 0.00 0.00 0.00 0.00 0.00 0.00 0.00 0.00 0.00 0.00 0.00 0.00 0.00 0.00 0.00 0.00 0.00 0.00 0.00 0.00 0.00 0.00 0.00 0.00 0.00 0.00 0.00 0.00 0.00 0.00 0.00 0.00 0.00 0.00 0.00 0.00 0.00 0.00 0.00 0.00 0.00 0.00 0.00 0.00 0.00 0.00 0.00 0.00 0.00 0.00 0.00 0.00 0.00 0.00 0.00 0.00 0.00 0.00 0.00 0.00 0.00 0.00 0.00 0.00 0.00 0.00 0.00 0.00 0.00 0.00 0.00 0.00 0.00 0.00 0.00 0.00 0.00 0.00 0.00 0.00 0.00 0.00 0.00 0.00 0.00 0.00 0.00 0.00 0.00 0.00 0.00 0.00 0.00 0.00 0.00 0.00 0.00 0.00 0.00 0.00
height.size=924
height.data=38613.83 38613.83 38613.83 38613.83 38613.83 38613.83 38613.83 38613.83 38613.83 38613.83 38613.83 38670.77 38670.77 38670.77 38670.77 38670.77 38670.77 38670.77 38670.77 38670.77 38670.77 38670.77 38727.72 38727.72 38727.72 38727.72 38727.72 38727.72 38727.72 38727.72 38727.72 38727.72 38727.72 38784.67 38784.67 38784.67 38784.67 38784.67 38784.67 38784.67 38784.67 38784.67 38784.67 38784.67 38841.63 38841.63 38841.63 38841.63 38841.63 38841.63 38841.63 38841.63 38841.63 38841.63 38841.63 38898.59 38898.59 38898.59 38898.59 38898.59 38898.59 38898.59 38898.59 38898.59 38898.59 38898.59 38955.57 38955.57 38955.57 38955.57 38955.57 38955.57 38955.57 38955.57 38955.57 38955.57 38955.57 39012.55 39012.55 39012.55 39012.55 39012.55 39012.55 39012.55 39012.55 39012.55 39012.55 39012.55 39069.54 39069.54 39069.54 39069.54 39069.54 39069.54 39069.54 39069.54 39069.54 39069.54 39069.54 39126.53 39126.53 39126.53 39126.53 39126.53 39126.53 39126.53 39126.53 39126.53 39126.53 39126.53 39183.53 39183.53 39183.53 39183.53 39183.53 39183.53 39183.53 39183.53 39183.53 39183.53 39183.53 39240.54 39240.54 39240.54 39240.54 39240.54 39240.54 39240.54 39240.54 39240.54 39240.54 39240.54 39297.56 39297.56 39297.56 39297.56 39297.56 39297.56 39297.56 39297.56 39297.56 39297.56 39297.56 39354.58 39354.58 39354.58 39354.58 39354.58 39354.58 39354.58 39354.58 39354.58 39354.58 39354.58 39411.61 39411.61 39411.61 39411.61 39411.61 39411.61 39411.61 39411.61 39411.61 39411.61 39411.61 39468.65 39468.65 39468.65 39468.65 39468.65 39468.65 39468.65 39468.65 39468.65 39468.65 39468.65 39525.69 39525.69 39525.69 39525.69 39525.69 39525.69 39525.69 39525.69 39525.69 39525.69 39525.69 39582.74 39582.74 39582.74 39582.74 39582.74 39582.74 39582.74 39582.74 39582.74 39582.74 39582.74 39639.80 39639.80 39639.80 39639.80 39639.80 39639.80 39639.80 39639.80 39639.80 39639.80 39639.80 39696.86 39696.86 39696.86 39696.86 39696.86 39696.86 39696.86 39696.86 39696.86 39696.86 39696.86 39753.93 39753.93 39753.93 39753.93 39753.93 39753.93 39753.93 39753.93 39753.93 39753.93 39753.93 39811.01 39811.01 39811.01 39811.01 39811.01 39811.01 39811.01 39811.01 39811.01 39811.01 39811.01 39868.09 39868.09 39868.09 39868.09 39868.09 39868.09 39868.09 39868.09 39868.09 39868.09 39868.09 39925.19 39925.19 39925.19 39925.19 39925.19 39925.19 39925.19 39925.19 39925.19 39925.19 39925.19 39982.28 39982.28 39982.28 39982.28 39982.28 39982.28 39982.28 39982.28 39982.28 39982.28 39982.28 40039.39 40039.39 40039.39 40039.39 40039.39 40039.39 40039.39 40039.39 40039.39 40039.39 40039.39 40096.50 40096.50 40096.50 40096.50 40096.50 40096.50 40096.50 40096.50 40096.50 40096.50 40096.50 40153.62 40153.62 40153.62 40153.62 40153.62 40153.62 40153.62 40153.62 40153.62 40153.62 40153.62 40210.75 40210.75 40210.75 40210.75 40210.75 40210.75 40210.75 40210.75 40210.75 40210.75 40210.75 40267.88 40267.88 40267.88 40267.88 40267.88 40267.88 40267.88 40267.88 40267.88 40267.88 40267.88 40325.02 40325.02 40325.02 40325.02 40325.02 40325.02 40325.02 40325.02 40325.02 40325.02 40325.02 40382.17 40382.17 40382.17 40382.17 40382.17 40382.17 40382.17 40382.17 40382.17 40382.17 40382.17 40439.32 40439.32 40439.32 40439.32 40439.32 40439.32 40439.32 40439.32 40439.32 40439.32 40439.32 40496.49 40496.49 40496.49 40496.49 40496.49 40496.49 40496.49 40496.49 40496.49 40496.49 40496.49 40553.65 40553.65 40553.65 40553.65 40553.65 40553.65 40553.65 40553.65 40553.65 40553.65 40553.65 40610.83 40610.83 40610.83 40610.83 40610.83 40610.83 40610.83 40610.83 40610.83 40610.83 40610.83 40668.01 40668.01 40668.01 40668.01 40668.01 40668.01 40668.01 40668.01 40668.01 40668.01 40668.01 40725.20 40725.20 40725.20 40725.20 40725.20 40725.20 40725.20 40725.20 40725.20 40725.20 40725.20 40782.40 40782.40 40782.40 40782.40 40782.40 40782.40 40782.40 40782.40 40782.40 40782.40 40782.40 40839.60 40839.60 40839.60 40839.60 40839.60 40839.60 40839.60 40839.60 40839.60 40839.60 40839.60 40896.81 40896.81 40896.81 40896.81 40896.81 40896.81 40896.81 40896.81 40896.81 40896.81 40896.81 40954.02 40954.02 40954.02 40954.02 40954.02 40954.02 40954.02 40954.02 40954.02 40954.02 40954.02 41011.25 41011.25 41011.25 41011.25 41011.25 41011.25 41011.25 41011.25 41011.25 41011.25 41011.25 41068.48 41068.48 41068.48 41068.48 41068.48 41068.48 41068.48 41068.48 41068.48 41068.48 41068.48 41125.72 41125.72 41125.72 41125.72 41125.72 41125.72 41125.72 41125.72 41125.72 41125.72 41125.72 41182.96 41182.96 41182.96 41182.96 41182.96 41182.96 41182.96 41182.96 41182.96 41182.96 41182.96 41240.21 41240.21 41240.21 41240.21 41240.21 41240.21 41240.21 41240.21 41240.21 41240.21 41240.21 41297.47 41297.47 41297.47 41297.47 41297.47 41297.47 41297.47 41297.47 41297.47 41297.47 41297.47 41354.74 41354.74 41354.74 41354.74 41354.74 41354.74 41354.74 41354.74 41354.74 41354.74 41354.74 41412.01 41412.01 41412.01 41412.01 41412.01 41412.01 41412.01 41412.01 41412.01 41412.01 41412.01 41469.29 41469.29 41469.29 41469.29 41469.29 41469.29 41469.29 41469.29 41469.29 41469.29 41469.29 41526.57 41526.57 41526.57 41526.57 41526.57 41526.57 41526.57 41526.57 41526.57 41526.57 41526.57 41583.87 41583.87 41583.87 41583.87 41583.87 41583.87 41583.87 41583.87 41583.87 41583.87 41583.87 41641.17 41641.17 41641.17 41641.17 41641.17 41641.17 41641.17 41641.17 41641.17 41641.17 41641.17 41698.47 41698.47 41698.47 41698.47 41698.47 41698.47 41698.47 41698.47 41698.47 41698.47 41698.47 41755.79 41755.79 41755.79 41755.79 41755.79 41755.79 41755.79 41755.79 41755.79 41755.79 41755.79 41813.11 41813.11 41813.11 41813.11 41813.11 41813.11 41813.11 41813.11 41813.11 41813.11 41813.11 41870.44 41870.44 41870.44 41870.44 41870.44 41870.44 41870.44 41870.44 41870.44 41870.44 41870.44 41927.77 41927.77 41927.77 41927.77 41927.77 41927.77 41927.77 41927.77 41927.77 41927.77 41927.77 41985.11 41985.11 41985.11 41985.11 41985.11 41985.11 41985.11 41985.11 41985.11 41985.11 41985.11 42042.46 42042.46 42042.46 42042.46 42042.46 42042.46 42042.46 42042.46 42042.46 42042.46 42042.46 42099.82 42099.82 42099.82 42099.82 42099.82 42099.82 42099.82 42099.82 42099.82 42099.82 42099.82 42157.18 42157.18 42157.18 42157.18 42157.18 42157.18 42157.18 42157.18 42157.18 42157.18 42157.18 42214.55 42214.55 42214.55 42214.55 42214.55 42214.55 42214.55 42214.55 42214.55 42214.55 42214.55 42271.92 42271.92 42271.92 42271.92 42271.92 42271.92 42271.92 42271.92 42271.92 42271.92 42271.92 42329.31 42329.31 42329.31 42329.31 42329.31 42329.31 42329.31 42329.31 42329.31 42329.31 42329.31 42386.70 42386.70 42386.70 42386.70 42386.70 42386.70 42386.70 42386.70 42386.70 42386.70 42386.70 42444.09 42444.09 42444.09 42444.09 42444.09 42444.09 42444.09 42444.09 42444.09 42444.09 42444.09 42501.50 42501.50 42501.50 42501.50 42501.50 42501.50 42501.50 42501.50 42501.50 42501.50 42501.50 42558.91 42558.91 42558.91 42558.91 42558.91 42558.91 42558.91 42558.91 42558.91 42558.91 42558.91 42616.33 42616.33 42616.33 42616.33 42616.33 42616.33 42616.33 42616.33 42616.33 42616.33 42616.33 42673.75 42673.75 42673.75 42673.75 42673.75 42673.75 42673.75 42673.75 42673.75 42673.75 42673.75 42731.18 42731.18 42731.18 42731.18 42731.18 42731.18 42731.18 42731.18 42731.18 42731.18 42731.18 42788.62 42788.62 42788.62 42788.62 42788.62 42788.62 42788.62 42788.62 42788.62 42788.62 42788.62 42846.07 42846.07 42846.07 42846.07 42846.07 42846.07 42846.07 42846.07 42846.07 42846.07 42846.07 42903.52 42903.52 42903.52 42903.52 42903.52 42903.52 42903.52 42903.52 42903.52 42903.52 42903.52 42960.98 42960.98 42960.98 42960.98 42960.98 42960.98 42960.98 42960.98 42960.98 42960.98 42960.98 43018.45 43018.45 43018.45 43018.45 43018.45 43018.45 43018.45 43018.45 43018.45 43018.45 43018.45 43075.92 43075.92 43075.92 43075.92 43075.92 43075.92 43075.92 43075.92 43075.92 43075.92 43075.92 43133.40 43133.40 43133.40 43133.40 43133.40 43133.40 43133.40 43133.40 43133.40 43133.40 43133.40 43190.89 43190.89 43190.89 43190.89 43190.89 43190.89 43190.89 43190.89 43190.89 43190.89 43190.89 43248.38 43248.38 43248.38 43248.38 43248.38 43248.38 43248.38 43248.38 43248.38 43248.38 43248.38 43305.88 43305.88 43305.88 43305.88 43305.88 43305.88 43305.88 43305.88 43305.88 43305.88 43305.88 43363.39 43363.39 43363.39 43363.39 43363.39 43363.39 43363.39 43363.39 43363.39 43363.39 43363.39
=== END RADAR_SCAN ===

=== BEGIN RADAR_SCAN ===
scan.index=2
scan.time=185.330000
radar.id=0
radar.frequency=C
radar.scanning_mode=PPI
radar.x=0.000
radar.y=0.000
radar.z=25.000
radar.maximum_range=250000.000
radar.range_resolution=250.000
radar.angular_resolution=1.000000
box.radar_id=0
box.min_range_gate=700.000
box.max_range_gate=782.000
box.min_angle=96.000000
box.max_angle=107.000000
box.num_ranges=83
box.num_angles=11
box.range_resolution=250.000
box.angular_resolution=1.000000
box.other_angle=8.000000
grid.size=913
grid.data=0.00 0.00 0.00 0.00 0.00 0.00 0.00 0.00 0.00 0.00 0.00 0.00 0.00 0.00 0.00 0.00 0.00 0.00 0.00 0.00 0.00 0.00 0.00 0.00 0.00 0.00 0.00 0.00 0.00 0.00 0.00 0.00 0.00 0.00 0.00 0.00 0.00 0.00 0.71 0.00 0.00 0.00 0.00 0.00 0.00 0.00 0.00 0.00 0.00 0.09 0.00 0.00 0.00 0.00 0.00 0.00 0.00 0.00 0.00 0.00 -0.16 0.79 0.00 0.00 0.00 0.00 0.00 0.00 0.00 0.00 0.60 -0.02 0.31 0.00 0.00 0.00 0.00 0.00 0.00 0.00 0.00 -0.67 0.59 1.07 0.00 0.00 0.00 0.00 0.00 0.00 0.00 0.00 1.46 -0.61 -0.52 0.00 0.00 0.00 0.00 0.00 0.00 0.00 0.00 1.43 1.28 0.64 0.00 0.00 0.00 0.00 0.00 0.00 0.00 0.00 -0.30 -0.29 1.55 0.00 0.00 0.00 0.00 0.00 0.00 0.00 0.00 -0.28 -0.32 0.41 1.41 0.00 0.00 0.00 0.00 0.00 0.00 0.00 0.79 0.42 0.95 0.73 0.00 0.00 0.00 0.00 0.00 0.00 0.00 -0.71 0.37 -0.46 -0.28 0.00 0.00 0.00 0.00 0.00 0.00 -0.59 0.32 0.46 -1.19 0.64 0.00 0.00 0.00 0.00 0.00 0.00 0.08 0.28 0.33 -0.08 0.92 0.00 0.00 0.00 0.00 0.00 0.00 0.45 -0.60 0.08 0.84 0.07 0.00 0.00 0.00 0.00 0.00 0.00 -0.52 0.11 -1.38 -0.32 1.46 0.00 0.00 0.00 0.00 0.00 0.00 -1.24 0.09 0.28 -0.92 0.55 0.00 0.00 0.00 0.00 0.00 0.00 -0.76 -0.78 -0.09 0.23 -0.09 0.00 0.00 0.00 0.00 0.00 0.00 1.27 0.65 -1.34 0.11 -0.21 0.00 0.00 0.00 0.00 0.00 0.00 0.88 -1.11 -0.17 -0.77 0.15 0.00 0.00 0.00 0.00 0.00 0.00 -1.47 -0.63 -0.05 0.04 0.51 0.00 0.00 0.00 0.00 0.00 0.00 -0.88 -0.23 -0.53 -0.37 -0.01 0.00 0.00 0.00 0.00 0.00 0.00 -0.41 -0.18 0.40 0.45 1.03 0.00 0.00 0.00 0.00 0.00 0.00 1.01 0.02 0.23 0.32 2.41 0.00 0.00 0.00 0.00 0.00 0.00 0.06 -1.34 -0.46 0.37 -0.44 -0.65 0.00 0.00 0.00 0.00 0.00 -0.20 0.34 0.10 0.00 -0.00 -0.35 0.00 0.00 0.00 0.00 0.00 -0.45 -0.24 -0.43 -0.62 0.37 0.43 0.00 0.00 0.00 0.00 0.00 0.18 0.31 0.15 0.34 0.58 0.98 0.00 0.00 0.00 0.00 0.00 -0.56 0.40 0.47 -0.09 -0.29 -0.43 0.00 0.00 0.00 0.00 0.00 -1.04 1.39 -1.59 -0.13 -0.53 0.39 0.00 0.00 0.00 0.00 0.00 -0.50 0.82 -1.29 -1.87 0.47 0.73 0.00 0.00 0.00 0.00 0.00 1.09 -0.84 0.21 0.32 -1.30 -0.58 0.00 0.00 0.00 0.00 0.00 0.30 0.05 -0.24 -1.38 -0.48 -1.25 0.00 0.00 0.00 0.00 0.00 1.56 -0.64 -0.13 -1.77 0.75 -0.19 0.00 0.00 0.00 0.00 0.00 0.96 -0.77 -1.13 1.23 1.77 0.80 0.00 0.00 0.00 0.00 0.00 0.16 0.53 -2.16 0.36 0.91 -1.28 0.00 0.00 0.00 0.00 0.00 -0.47 0.38 -1.80 0.23 -0.87 0.60 0.00 0.00 0.00 0.00 0.00 -1.22 -1.18 -0.29 -0.39 -0.78 0.03 0.00 0.00 0.00 0.00 0.00 0.39 -0.94 0.91 0.18 -0.32 -1.06 0.00 0.00 0.00 0.00 0.00 -1.67 -0.74 0.49 -0.03 -0.89 0.40 0.00 0.00 0.00 0.00 0.00 -0.80 -1.43 0.22 0.30 -0.34 0.83 0.00 0.00 0.00 0.00 0.00 1.82 -0.35 0.49 -0.39 0.69 0.79 0.00 0.00 0.00 0.00 0.00 -1.12 1.73 0.25 1.08 0.12 0.86 0.00 0.00 0.00 0.00 0.00 1.71 -0.03 -0.54 0.22 0.24 -0.45 0.00 0.00 0.00 0.00 0.00 -0.24 -0.30 0.47 0.99 -0.30 -0.93 0.00 0.00 0.00 0.00 0.00 0.91 -0.11 0.24 0.09 -0.02 0.73 0.00 0.00 0.00 0.00 0.00 1.10 0.08 0.47 0.52 1.20 1.36 0.00 0.00 0.00 0.00 0.00 -1.08 -1.23 0.74 0.95 0.30 -0.56 0.00 0.00 0.00 0.00 0.00 0.01 1.87 0.17 0.38 -0.39 1.28 0.00 0.00 0.00 0.00 0.00 -0.07 0.26 -0.27 0.22 -0.13 1.08 0.00 0.00 0.00 0.00 0.00 -0.16 -0.08 -0.16 -0.41 -1.09 0.00 0.00 0.00 0.00 0.00 0.00 -0.70 0.48 -0.20 0.34 0.39 -0.44 0.00 0.00 0.00 0.00 0.00 0.16 -0.52 -0.44 -0.33 0.35 -0.02 0.00 0.00 0.00 0.00 0.00 -0.78 0.47 -1.01 -0.39 -0.79 -0.19 0.00 0.00 0.00 0.00 0.00 -0.29 0.66 -1.05 0.29 0.24 0.56 0.00 0.00 0.00 0.00 0.00 -0.81 0.63 0.06 -0.27 -0.77 0.09 0.00 0.00 0.00 0.00 0.00 0.39 -0.22 -0.53 -0.55 -1.41 0.38 0.00 0.00 0.00 0.00 0.00 0.03 -0.23 0.77 1.50 0.14 -0.78 0.00 0.00 0.00 0.00 0.00 -0.46 0.62 0.63 0.33 -0.20 0.00 0.00 0.00 0.00 0.00 0.00 -1.07 -0.94 -0.74 -0.91 0.97 0.00 0.00 0.00 0.00 0.00 0.00 0.85 -0.90 -1.19 -0.12 0.48 0.00 0.00 0.00 0.00 0.00 0.00 0.12 0.51 -0.45 0.96 0.67 0.00 0.00 0.00 0.00 0.00 0.00 0.07 0.56 -1.15 0.06 -0.76 0.00 0.00 0.00 0.00 0.00 0.00 0.08 -1.21 -0.10 0.21 -0.88 0.00 0.00 0.00 0.00 0.00 0.00 -1.09 0.59 -1.78 -0.77 1.32 0.00 0.00 0.00 0.00 0.00 0.00 -0.18 -0.35 -0.11 -0.55 -0.02 0.00 0.00 0.00 0.00 0.00 0.00 -1.45 -0.81 1.16 -0.92 1.02 0.00 0.00 0.00 0.00 0.00 0.00 -0.67 1.31 0.30 -1.87 -0.14 0.00 0.00 0.00 0.00 0.00 0.00 0.47 -1.22 -0.11 0.25 -1.64 0.00 0.00 0.00 0.00 0.00 0.00 0.26 -0.42 0.62 -0.91 -1.61 0.00 0.00 0.00 0.00 0.00 0.00 0.92 -0.27 0.78 -2.42 0.04 0.00 0.00 0.00 0.00 0.00 0.00 0.00 -1.49 -0.74 0.36 -0.24 0.00 0.00 0.00 0.00 0.00 0.00 0.00 -0.16 0.08 1.77 -0.33 0.00 0.00 0.00 0.00 0.00 0.00 0.00 -0.22 0.90 -0.47 0.47 0.00 0.00 0.00 0.00 0.00 0.00 0.00 1.16 1.10 0.88 -0.11 0.00 0.00 0.00 0.00 0.00 0.00 0.00 -0.40 0.75 0.33 0.00 0.00 0.00 0.00 0.00 0.00 0.00 0.00 -1.41 -0.25 0.75 0.00 0.00 0.00 0.00 0.00 0.00 0.00 0.00 2.13 0.41 -0.65 0.00 0.00 0.00 0.00 0.00 0.00 0.00 0.00 0.06 0.91 -0.41 0.00 0.00 0.00 0.00 0.00 0.00 0.00 0.00 0.12 0.43 -0.30 0.00 0.00 0.00 0.00 0.00 0.00 0.00 0.00 0.00 1.65 -0.35 0.00 0.00 0.00 0.00
rain_type.data=0 0 0 0 0 0 0 0 0 0 0 0 0 0 0 0 0 0 0 0 0 0 0 0 0 0 0 0 0 0 0 0 0 0 0 0 0 0 1 0 0 0 0 0 0 0 0 0 0 1 0 0 0 0 0 0 0 0 0 0 1 1 0 0 0 0 0 0 0 0 1 1 1 0 0 0 0 0 0 0 0 1 1 1 0 0 0 0 0 0 0 0 1 1 1 0 0 0 0 0 0 0 0 1 1 1 0 0 0 0 0 0 0 0 1 1 1 0 0 0 0 0 0 0 0 1 1 1 1 0 0 0 0 0 0 0 1 1 1 1 0 0 0 0 0 0 0 1 1 1 1 0 0 0 0 0 0 1 1 1 1 1 0 0 0 0 0 0 1 1 1 1 1 0 0 0 0 0 0 1 1 1 1 1 0 0 0 0 0 0 1 1 1 1 1 0 0 0 0 0 0 1 1 1 1 1 0 0 0 0 0 0 1 1 1 1 1 0 0 0 0 0 0 1 1 1 1 1 0 0 0 0 0 0 1 2 1 1 1 0 0 0 0 0 0 2 2 1 1 1 0 0 0 0 0 0 2 2 1 1 1 0 0 0 0 0 0 2 2 1 1 1 0 0 0 0 0 0 2 2 1 1 1 0 0 0 0 0 0 2 2 1 1 1 1 0 0 0 0 0 2 2 1 1 1 1 0 0 0 0 0 2 2 1 1 1 1 0 0 0 0 0 2 2 1 1 1 1 0 0 0 0 0 2 2 2 1 1 1 0 0 0 0 0 2 2 2 1 1 1 0 0 0 0 0 2 2 2 1 1 1 0 0 0 0 0 2 2 2 1 1 1 0 0 0 0 0 2 2 2 1 1 1 0 0 0 0 0 2 2 2 1 1 1 0 0 0 0 0 2 2 2 1 1 1 0 0 0 0 0 2 2 2 1 1 1 0 0 0 0 0 2 2 2 1 1 1 0 0 0 0 0 2 2 2 1 1 1 0 0 0 0 0 2 2 2 1 1 1 0 0 0 0 0 2 2 2 1 1 1 0 0 0 0 0 2 2 2 1 1 1 0 0 0 0 0 2 2 2 1 1 1 0 0 0 0 0 2 2 2 1 1 1 0 0 0 0 0 2 2 2 1 1 1 0 0 0 0 0 2 2 2 1 1 1 0 0 0 0 0 2 2 2 1 1 1 0 0 0 0 0 2 2 2 1 1 1 0 0 0 0 0 2 2 2 1 1 1 0 0 0 0 0 2 2 1 1 1 1 0 0 0 0 0 2 2 1 1 1 1 0 0 0 0 0 2 2 1 1 1 1 0 0 0 0 0 2 2 1 1 1 1 0 0 0 0 0 2 2 1 1 1 1 0 0 0 0 0 2 2 1 1 1 1 0 0 0 0 0 2 2 1 1 1 1 0 0 0 0 0 2 2 1 1 1 1 0 0 0 0 0 2 2 1 1 1 1 0 0 0 0 0 1 2 1 1 1 1 0 0 0 0 0 1 1 1 1 1 0 0 0 0 0 0 1 1 1 1 1 0 0 0 0 0 0 1 1 1 1 1 0 0 0 0 0 0 1 1 1 1 1 0 0 0 0 0 0 1 1 1 1 1 0 0 0 0 0 0 1 1 1 1 1 0 0 0 0 0 0 1 1 1 1 1 0 0 0 0 0 0 1 1 1 1 1 0 0 0 0 0 0 1 1 1 1 1 0 0 0 0 0 0 1 1 1 1 1 0 0 0 0 0 0 1 1 1 1 1 0 0 0 0 0 0 1 1 1 1 1 0 0 0 0 0 0 1 1 1 1 1 0 0 0 0 0 0 0 1 1 1 1 0 0 0 0 0 0 0 1 1 1 1 0 0 0 0 0 0 0 1 1 1 1 0 0 0 0 0 0 0 1 1 1 1 0 0 0 0 0 0 0 1 1 1 0 0 0 0 0 0 0 0 1 1 1 0 0 0 0 0 0 0 0 1 1 1 0 0 0 0 0 0 0 0 1 1 1 0 0 0 0 0 0 0 0 1 1 1 0 0 0 0 0 0 0 0 0 1 1 0 0 0 0
estimated_attenuation.size=913
estimated_attenuation.data=0.00 0.00 0.00 0.00 0.00 0.00 0.00 0.00 0.00 0.00 0.00 0.00 0.00 0.00 0.00 0.00 0.00 0.00 0.00 0.00 0.00 0.00 0.00 0.00 0.00 0.00 0.00 0.00 0.00 0.00 0.00 0.00 0.00 0.00 0.00 0.00 0.00 0.00 0.00 0.00 0.00 0.00 0.00 0.00 0.00 0.00 0.00 0.00 0.00 0.00 0.00 0.00 0.00 0.00 0.00 0.00 0.00 0.00 0.00 0.00 0.00 0.00 0.00 0.00 0.00 0.00 0.00 0.00 0.00 0.00 0.00 0.00 0.00 0.00 0.00 0.00 0.00 0.00 0.00 0.00 0.00 0.00 0.00 0.00 0.00 0.00 0.00 0.00 0.00 0.00 0.00 0.00 0.00 0.00 0.00 0.00 0.00 0.00 0.00 0.00 0.00 0.00 0.00 0.00 0.00 0.00 0.00 0.00 0.00 0.00 0.00 0.00 0.00 0.00 0.00 0.00 0.00 0.00 0.00 0.00 0.00 0.00 0.00 0.00 0.00 0.00 0.00 0.00 0.00 0.00 0.00 0.00 0.00 0.00 0.00 0.00 0.00 0.00 0.00 0.00 0.00 0.00 0.00 0.00 0.00 0.00 0.00 0.00 0.00 0.00 0.00 0.00 0.00 0.00 0.00 0.00 0.00 0.00 0.00 0.00 0.00 0.00 0.00 0.00 0.00 0.00 0.00 0.00 0.00 0.00 0.00 0.00 0.00 0.00 0.00 0.00 0.00 0.00 0.00 0.00 0.00 0.00 0.00 0.00 0.00 0.00 0.00 0.00 0.00 0.00 0.00 0.00 0.00 0.00 0.00 0.00 0.00 0.00 0.00 0.00 0.00 0.00 0.00 0.00 0.00 0.00 0.00 0.00 0.00 0.00 0.00 0.00 0.00 0.00 0.00 0.00 0.00 0.00 0.00 0.00 0.00 0.00 0.00 0.00 0.00 0.00 0.00 0.00 0.00 0.00 0.00 0.00 0.00 0.00 0.00 0.00 0.00 0.00 0.00 0.00 0.00 0.00 0.00 0.00 0.00 0.00 0.00 0.00 0.00 0.00 0.00 0.00 0.00 0.00 0.00 0.00 0.00 0.00 0.00 0.00 0.00 0.00 0.00 0.00 0.00 0.00 0.00 0.00 0.00 0.00 0.00 0.00 0.00 0.00 0.00 0.00 0.00 0.00 0.00 0.00 0.00 0.00 0.00 0.00 0.00 0.00 0.00 0.00 0.00 0.00 0.00 0.00 0.00 0.00 0.00 0.00 0.00 0.00 0.00 0.00 0.00 0.00 0.00 0.00 0.00 0.00 0.00 0.00 0.00 0.00 0.00 0.00 0.00 0.00 0.00 0.00 0.00 0.00 0.00 0.00 0.00 0.00 0.00 0.00 0.00 0.00 0.00 0.00 0.00 0.00 0.00 0.00 0.00 0.00 0.00 0.00 0.00 0.00 0.00 0.00 0.00 0.00 0.00 0.00 0.00 0.00 0.00 0.00 0.00 0.00 0.00 0.00 0.00 0.00 0.00 0.00 0.00 0.00 0.00 0.00 0.00 0.00 0.00 0.00 0.00 0.00 0.00 0.00 0.00 0.00 0.00 0.00 0.00 0.00 0.00 0.00 0.00 0.00 0.00 0.00 0.00 0.00 0.00 0.00 0.00 0.00 0.00 0.00 0.00 0.00 0.00 0.00 0.00 0.00 0.00 0.00 0.00 0.00 0.00 0.00 0.00 0.00 0.00 0.00 0.00 0.00 0.00 0.00 0.00 0.00 0.00 0.00 0.00 0.00 0.00 0.00 0.00 0.00 0.00 0.00 0.00 0.00 0.00 0.00 0.00 0.00 0.00 0.00 0.00 0.00 0.00 0.00 0.00 0.00 0.00 0.00 0.00 0.00 0.00 0.00 0.00 0.00 0.00 0.00 0.00 0.00 0.00 0.00 0.00 0.00 0.00 0.00 0.00 0.00 0.00 0.00 0.00 0.00 0.00 0.00 0.00 0.00 0.00 0.00 0.00 0.00 0.00 0.00 0.00 0.00 0.00 0.00 0.00 0.00 0.00 0.00 0.00 0.00 0.00 0.00 0.00 0.00 0.00 0.00 0.00 0.00 0.00 0.00 0.00 0.00 0.00 0.00 0.00 0.00 0.00 0.00 0.00 0.00 0.00 0.00 0.00 0.00 0.00 0.00 0.00 0.00 0.00 0.00 0.00 0.00 0.00 0.00 0.00 0.00 0.00 0.00 0.00 0.00 0.00 0.00 0.00 0.00 0.00 0.00 0.00 0.00 0.00 0.00 0.00 0.00 0.00 0.00 0.00 0.00 0.00 0.00 0.00 0.00 0.00 0.00 0.00 0.00 0.00 0.00 0.00 0.00 0.00 0.00 0.00 0.00 0.00 0.00 0.00 0.00 0.00 0.00 0.00 0.00 0.00 0.00 0.00 0.00 0.00 0.00 0.00 0.00 0.00 0.00 0.00 0.00 0.00 0.00 0.00 0.00 0.00 0.00 0.00 0.00 0.00 0.00 0.00 0.00 0.00 0.00 0.00 0.00 0.00 0.00 0.00 0.00 0.00 0.00 0.00 0.00 0.00 0.00 0.00 0.00 0.00 0.00 0.00 0.00 0.00 0.00 0.00 0.00 0.00 0.00 0.00 0.00 0.00 0.00 0.00 0.00 0.00 0.00 0.00 0.00 0.00 0.00 0.00 0.00 0.00 0.00 0.00 0.00 0.00 0.00 0.00 0.00 0.00 0.00 0.00 0.00 0.00 0.00 0.00 0.00 0.00 0.00 0.00 0.00 0.00 0.00 0.00 0.00 0.00 0.00 0.00 0.00 0.00 0.00 0.00 0.00 0.00 0.00 0.00 0.00 0.00 0.00 0.00 0.00 0.00 0.00 0.00 0.00 0.00 0.00 0.00 0.00 0.00 0.00 0.00 0.00 0.00 0.00 0.00 0.00 0.00 0.00 0.00 0.00 0.00 0.00 0.00 0.00 0.00 0.00 0.00 0.00 0.00 0.00 0.00 0.00 0.00 0.00 0.00 0.00 0.00 0.00 0.00 0.00 0.00 0.00 0.00 0.00 0.00 0.00 0.00 0.00 0.00 0.00 0.00 0.00 0.00 0.00 0.00 0.00 0.00 0.00 0.00 0.00 0.00 0.00 0.00 0.00 0.00 0.00 0.00 0.00 0.00 0.00 0.00 0.00 0.00 0.00 0.00 0.00 0.00 0.00 0.00 0.00 0.00 0.00 0.00 0.00 0.00 0.00 0.00 0.00 0.00 0.00 0.00 0.00 0.00 0.00 0.00 0.00 0.00 0.00 0.00 0.00 0.00 0.00 0.00 0.00 0.00 0.00 0.00 0.00 0.00 0.00 0.00 0.00 0.00 0.00 0.00 0.00 0.00 0.00 0.00 0.00 0.00 0.00 0.00 0.00 0.00 0.00 0.00 0.00 0.00 0.00 0.00 0.00 0.00 0.00 0.00 0.00 0.00 0.00 0.00 0.00 0.00 0.00 0.00 0.00 0.00 0.00 0.00 0.00 0.00 0.00 0.00 0.00 0.00 0.00 0.00 0.00 0.00 0.00 0.00 0.00 0.00 0.00 0.00 0.00 0.00 0.00 0.00 0.00 0.00 0.00 0.00 0.00 0.00 0.00 0.00 0.00 0.00 0.00 0.00 0.00 0.00 0.00 0.00 0.00 0.00 0.00 0.00 0.00 0.00 0.00 0.00 0.00 0.00 0.00 0.00 0.00 0.00 0.00 0.00 0.00 0.00 0.00 0.00 0.00 0.00 0.00 0.00 0.00 0.00 0.00 0.00 0.00 0.00 0.00 0.00 0.00 0.00 0.00 0.00 0.00 0.00 0.00 0.00 0.00 0.00 0.00 0.00 0.00 0.00 0.00 0.00 0.00 0.00 0.00 0.00 0.00 0.00 0.00 0.00 0.00 0.00 0.00 0.00 0.00 0.00 0.00 0.00 0.00 0.00 0.00 0.00
height.size=913
height.data=26117.74 26117.74 26117.74 26117.74 26117.74 26117.74 26117.74 26117.74 26117.74 26117.74 26117.74 26157.56 26157.56 26157.56 26157.56 26157.56 26157.56 26157.56 26157.56 26157.56 26157.56 26157.56 26197.39 26197.39 26197.39 26197.39 26197.39 26197.39 26197.39 26197.39 26197.39 26197.39 26197.39 26237.23 26237.23 26237.23 26237.23 26237.23 26237.23 26237.23 26237.23 26237.23 26237.23 26237.23 26277.08 26277.08 26277.08 26277.08 26277.08 26277.08 26277.08 26277.08 26277.08 26277.08 26277.08 26316.93 26316.93 26316.93 26316.93 26316.93 26316.93 26316.93 26316.93 26316.93 26316.93 26316.93 26356.79 26356.79 26356.79 26356.79 26356.79 26356.79 26356.79 26356.79 26356.79 26356.79 26356.79 26396.66 26396.66 26396.66 26396.66 26396.66 26396.66 26396.66 26396.66 26396.66 26396.66 26396.66 26436.53 26436.53 26436.53 26436.53 26436.53 26436.53 26436.53 26436.53 26436.53 26436.53 26436.53 26476.42 26476.42 26476.42 26476.42 26476.42 26476.42 26476.42 26476.42 26476.42 26476.42 26476.42 26516.31 26516.31 26516.31 26516.31 26516.31 26516.31 26516.31 26516.31 26516.31 26516.31 26516.31 26556.20 26556.20 26556.20 26556.20 26556.20 26556.20 26556.20 26556.20 26556.20 26556.20 26556.20 26596.10 26596.10 26596.10 26596.10 26596.10 26596.10 26596.10 26596.10 26596.10 26596.10 26596.10 26636.02 26636.02 26636.02 26636.02 26636.02 26636.02 26636.02 26636.02 26636.02 26636.02 26636.02 26675.93 26675.93 26675.93 26675.93 26675.93 26675.93 26675.93 26675.93 26675.93 26675.93 26675.93 26715.86 26715.86 26715.86 26715.86 26715.86 26715.86 26715.86 26715.86 26715.86 26715.86 26715.86 26755.79 26755.79 26755.79 26755.79 26755.79 26755.79 26755.79 26755.79 26755.79 26755.79 26755.79 26795.73 26795.73 26795.73 26795.73 26795.73 26795.73 26795.73 26795.73 26795.73 26795.73 26795.73 26835.67 26835.67 26835.67 26835.67 26835.67 26835.67 26835.67 26835.67 26835.67 26835.67 26835.67 26875.63 26875.63 26875.63 26875.63 26875.63 26875.63 26875.63 26875.63 26875.63 26875.63 26875.63 26915.59 26915.59 26915.59 26915.59 26915.59 26915.59 26915.59 26915.59 26915.59 26915.59 26915.59 26955.56 26955.56 26955.56 26955.56 26955.56 26955.56 26955.56 26955.56 26955.56 26955.56 26955.56 26995.53 26995.53 26995.53 26995.53 26995.53 26995.53 26995.53 26995.53 26995.53 26995.53 26995.53 27035.51 27035.51 27035.51 27035.51 27035.51 27035.51 27035.51 27035.51 27035.51 27035.51 27035.51 27075.50 27075.50 27075.50 27075.50 27075.50 27075.50 27075.50 27075.50 27075.50 27075.50 27075.50 27115.50 27115.50 27115.50 27115.50 27115.50 27115.50 27115.50 27115.50 27115.50 27115.50 27115.50 27155.50 27155.50 27155.50 27155.50 27155.50 27155.50 27155.50 27155.50 27155.50 27155.50 27155.50 27195.51 27195.51 27195.51 27195.51 27195.51 27195.51 27195.51 27195.51 27195.51 27195.51 27195.51 27235.53 27235.53 27235.53 27235.53 27235.53 27235.53 27235.53 27235.53 27235.53 27235.53 27235.53 27275.55 27275.55 27275.55 27275.55 27275.55 27275.55 27275.55 27275.55 27275.55 27275.55 27275.55 27315.59 27315.59 27315.59 27315.59 27315.59 27315.59 27315.59 27315.59 27315.59 27315.59 27315.59 27355.63 27355.63 27355.63 27355.63 27355.63 27355.63 27355.63 27355.63 27355.63 27355.63 27355.63 27395.67 27395.67 27395.67 27395.67 27395.67 27395.67 27395.67 27395.67 27395.67 27395.67 27395.67 27435.73 27435.73 27435.73 27435.73 27435.73 27435.73 27435.73 27435.73 27435.73 27435.73 27435.73 27475.79 27475.79 27475.79 27475.79 27475.79 27475.79 27475.79 27475.79 27475.79 27475.79 27475.79 27515.85 27515.85 27515.85 27515.85 27515.85 27515.85 27515.85 27515.85 27515.85 27515.85 27515.85 27555.93 27555.93 27555.93 27555.93 27555.93 27555.93 27555.93 27555.93 27555.93 27555.93 27555.93 27596.01 27596.01 27596.01 27596.01 27596.01 27596.01 27596.01 27596.01 27596.01 27596.01 27596.01 27636.10 27636.10 27636.10 27636.10 27636.10 27636.10 27636.10 27636.10 27636.10 27636.10 27636.10 27676.20 27676.20 27676.20 27676.20 27676.20 27676.20 27676.20 27676.20 27676.20 27676.20 27676.20 27716.30 27716.30 27716.30 27716.30 27716.30 27716.30 27716.30 27716.30 27716.30 27716.30 27716.30 27756.41 27756.41 27756.41 27756.41 27756.41 27756.41 27756.41 27756.41 27756.41 27756.41 27756.41 27796.53 27796.53 27796.53 27796.53 27796.53 27796.53 27796.53 27796.53 27796.53 27796.53 27796.53 27836.65 27836.65 27836.65 27836.65 27836.65 27836.65 27836.65 27836.65 27836.65 27836.65 27836.65 27876.78 27876.78 27876.78 27876.78 27876.78 27876.78 27876.78 27876.78 27876.78 27876.78 27876.78 27916.92 27916.92 27916.92 27916.92 27916.92 27916.92 27916.92 27916.92 27916.92 27916.92 27916.92 27957.07 27957.07 27957.07 27957.07 27957.07 27957.07 27957.07 27957.07 27957.07 27957.07 27957.07 27997.22 27997.22 27997.22 27997.22 27997.22 27997.22 27997.22 27997.22 27997.22 27997.22 27997.22 28037.38 28037.38 28037.38 28037.38 28037.38 28037.38 28037.38 28037.38 28037.38 28037.38 28037.38 28077.55 28077.55 28077.55 28077.55 28077.55 28077.55 28077.55 28077.55 28077.55 28077.55 28077.55 28117.73 28117.73 28117.73 28117.73 28117.73 28117.73 28117.73 28117.73 28117.73 28117.73 28117.73 28157.91 28157.91 28157.91 28157.91 28157.91 28157.91 28157.91 28157.91 28157.91 28157.91 28157.91 28198.10 28198.10 28198.10 28198.10 28198.10 28198.10 28198.10 28198.10 28198.10 28198.10 28198.10 28238.29 28238.29 28238.29 28238.29 28238.29 28238.29 28238.29 28238.29 28238.29 28238.29 28238.29 28278.50 28278.50 28278.50 28278.50 28278.50 28278.50 28278.50 28278.50 28278.50 28278.50 28278.50 28318.71 28318.71 28318.71 28318.71 28318.71 28318.71 28318.71 28318.71 28318.71 28318.71 28318.71 28358.93 28358.93 28358.93 28358.93 28358.93 28358.93 28358.93 28358.93 28358.93 28358.93 28358.93 28399.15 28399.15 28399.15 28399.15 28399.15 28399.15 28399.15 28399.15 28399.15 28399.15 28399.15 28439.38 28439.38 28439.38 28439.38 28439.38 28439.38 28439.38 28439.38 28439.38 28439.38 28439.38 28479.62 28479.62 28479.62 28479.62 28479.62 28479.62 28479.62 28479.62 28479.62 28479.62 28479.62 28519.87 28519.87 28519.87 28519.87 28519.87 28519.87 28519.87 28519.87 28519.87 28519.87 28519.87 28560.12 28560.12 28560.12 28560.12 28560.12 28560.12 28560.12 28560.12 28560.12 28560.12 28560.12 28600.38 28600.38 28600.38 28600.38 28600.38 28600.38 28600.38 28600.38 28600.38 28600.38 28600.38 28640.65 28640.65 28640.65 28640.65 28640.65 28640.65 28640.65 28640.65 28640.65 28640.65 28640.65 28680.92 28680.92 28680.92 28680.92 28680.92 28680.92 28680.92 28680.92 28680.92 28680.92 28680.92 28721.21 28721.21 28721.21 28721.21 28721.21 28721.21 28721.21 28721.21 28721.21 28721.21 28721.21 28761.50 28761.50 28761.50 28761.50 28761.50 28761.50 28761.50 28761.50 28761.50 28761.50 28761.50 28801.79 28801.79 28801.79 28801.79 28801.79 28801.79 28801.79 28801.79 28801.79 28801.79 28801.79 28842.10 28842.10 28842.10 28842.10 28842.10 28842.10 28842.10 28842.10 28842.10 28842.10 28842.10 28882.41 28882.41 28882.41 28882.41 28882.41 28882.41 28882.41 28882.41 28882.41 28882.41 28882.41 28922.72 28922.72 28922.72 28922.72 28922.72 28922.72 28922.72 28922.72 28922.72 28922.72 28922.72 28963.05 28963.05 28963.05 28963.05 28963.05 28963.05 28963.05 28963.05 28963.05 28963.05 28963.05 29003.38 29003.38 29003.38 29003.38 29003.38 29003.38 29003.38 29003.38 29003.38 29003.38 29003.38 29043.72 29043.72 29043.72 29043.72 29043.72 29043.72 29043.72 29043.72 29043.72 29043.72 29043.72 29084.07 29084.07 29084.07 29084.07 29084.07 29084.07 29084.07 29084.07 29084.07 29084.07 29084.07 29124.42 29124.42 29124.42 29124.42 29124.42 29124.42 29124.42 29124.42 29124.42 29124.42 29124.42 29164.78 29164.78 29164.78 29164.78 29164.78 29164.78 29164.78 29164.78 29164.78 29164.78 29164.78 29205.15 29205.15 29205.15 29205.15 29205.15 29205.15 29205.15 29205.15 29205.15 29205.15 29205.15 29245.52 29245.52 29245.52 29245.52 29245.52 29245.52 29245.52 29245.52 29245.52 29245.52 29245.52 29285.90 29285.90 29285.90 29285.90 29285.90 29285.90 29285.90 29285.90 29285.90 29285.90 29285.90 29326.29 29326.29 29326.29 29326.29 29326.29 29326.29 29326.29 29326.29 29326.29 29326.29 29326.29 29366.69 29366.69 29366.69 29366.69 29366.69 29366.69 29366.69 29366.69 29366.69 29366.69 29366.69 29407.09 29407.09 29407.09 29407.09 29407.09 29407.09 29407.09 29407.09 29407.09 29407.09 29407.09
=== END RADAR_SCAN ===

=== BEGIN RADAR_SCAN ===
scan.index=3
scan.time=185.670000
radar.id=0
radar.frequency=C
radar.scanning_mode=PPI
radar.x=0.000
radar.y=0.000
radar.z=25.000
radar.maximum_range=250000.000
radar.range_resolution=250.000
radar.angular_resolution=1.000000
box.radar_id=0
box.min_range_gate=695.000
box.max_range_gate=777.000
box.min_angle=96.000000
box.max_angle=107.000000
box.num_ranges=83
box.num_angles=11
box.range_resolution=250.000
box.angular_resolution=1.000000
box.other_angle=4.500000
grid.size=913
grid.data=0.00 0.00 0.00 0.00 0.00 0.00 0.00 0.00 0.00 0.00 0.00 0.00 0.00 0.00 0.00 0.00 0.00 0.00 0.00 0.00 0.00 0.00 0.00 0.00 0.00 0.00 0.00 0.00 0.00 0.00 0.00 0.00 0.00 0.00 0.00 0.00 0.00 0.00 0.25 0.00 0.00 0.00 0.00 0.00 0.00 0.00 0.00 0.00 0.00 -0.53 0.90 0.00 0.00 0.00 0.00 0.00 0.00 0.00 0.00 1.42 0.01 -0.33 0.00 0.00 0.00 0.00 0.00 0.00 0.00 0.00 0.62 -0.48 0.84 0.00 0.00 0.00 0.00 0.00 0.00 0.00 0.00 -0.53 1.45 0.25 0.00 0.00 0.00 0.00 0.00 0.00 0.00 0.00 -0.24 0.36 -0.26 0.00 0.00 0.00 0.00 0.00 0.00 0.00 0.00 0.24 -0.75 1.30 0.00 0.00 0.00 0.00 0.00 0.00 0.00 0.00 -0.73 1.02 -1.50 0.91 0.00 0.00 0.00 0.00 0.00 0.00 0.00 -0.02 0.78 -1.64 1.47 0.00 0.00 0.00 0.00 0.00 0.00 0.00 1.42 0.25 0.10 0.51 0.00 0.00 0.00 0.00 0.00 0.00 -0.04 0.58 -0.89 0.58 1.00 0.00 0.00 0.00 0.00 0.00 0.00 -0.47 -0.80 -0.47 -0.32 0.21 0.00 0.00 0.00 0.00 0.00 0.00 -0.03 -0.76 -0.84 0.38 0.06 0.00 0.00 0.00 0.00 0.00 0.00 -0.07 -0.91 0.25 -0.76 -0.15 0.00 0.00 0.00 0.00 0.00 0.00 -0.59 -0.45 -0.27 -0.20 -0.10 0.00 0.00 0.00 0.00 0.00 0.00 -0.24 -2.07 -0.09 -0.24 0.24 0.00 0.00 0.00 0.00 0.00 0.00 -0.36 -0.17 -0.50 0.82 -1.12 0.00 0.00 0.00 0.00 0.00 0.00 0.79 -0.60 0.57 -1.28 -0.38 0.00 0.00 0.00 0.00 0.00 0.00 -0.98 0.29 -0.66 0.24 0.42 0.00 0.00 0.00 0.00 0.00 0.00 -1.28 0.19 -0.31 0.45 -0.17 0.00 0.00 0.00 0.00 0.00 0.00 -0.57 0.10 -0.73 0.03 -0.75 0.00 0.00 0.00 0.00 0.00 0.00 -0.35 -0.41 -0.11 -0.12 0.59 0.00 0.00 0.00 0.00 0.00 0.00 0.48 1.34 -0.93 -0.18 0.73 0.00 0.00 0.00 0.00 0.00 0.00 -0.68 -0.90 1.23 -1.17 -0.29 0.29 0.00 0.00 0.00 0.00 0.00 0.18 0.04 -0.86 -0.40 -0.65 0.49 0.00 0.00 0.00 0.00 0.00 0.56 -1.30 0.82 -0.19 0.02 0.66 0.00 0.00 0.00 0.00 0.00 -0.28 0.80 -0.54 0.11 -0.74 0.18 0.00 0.00 0.00 0.00 0.00 0.46 0.42 -0.09 0.82 0.09 -0.24 0.00 0.00 0.00 0.00 0.00 0.00 0.92 0.24 -0.31 0.23 1.00 0.00 0.00 0.00 0.00 0.00 -0.50 -0.64 -0.13 -0.93 1.07 -0.43 0.00 0.00 0.00 0.00 0.00 0.16 0.55 0.48 0.25 -0.00 -0.78 0.00 0.00 0.00 0.00 0.00 -0.48 0.16 -0.52 0.24 -0.70 -0.90 0.00 0.00 0.00 0.00 0.00 -0.60 -0.22 1.46 0.55 -1.28 0.92 0.00 0.00 0.00 0.00 0.00 -0.18 -0.81 0.43 0.22 0.24 -1.32 0.00 0.00 0.00 0.00 0.00 -0.11 0.29 -1.74 -1.29 -0.36 -0.47 0.00 0.00 0.00 0.00 0.00 0.65 1.32 0.85 -1.31 -0.52 -0.40 0.00 0.00 0.00 0.00 0.00 0.46 0.20 -0.23 0.68 -0.70 1.32 0.00 0.00 0.00 0.00 0.00 -1.24 0.47 1.15 -0.19 0.21 0.22 0.00 0.00 0.00 0.00 0.00 1.20 -0.07 -0.57 0.17 -0.81 -1.36 0.00 0.00 0.00 0.00 0.00 -1.55 -0.79 0.98 -0.56 0.05 -1.78 0.00 0.00 0.00 0.00 0.00 -0.82 0.39 0.32 0.56 -0.11 0.50 0.00 0.00 0.00 0.00 0.00 -0.47 -0.25 0.94 0.54 1.38 -0.40 0.00 0.00 0.00 0.00 0.00 1.02 0.35 -0.22 -0.02 -0.20 0.45 0.00 0.00 0.00 0.00 0.00 -0.47 -0.08 0.72 0.56 0.10 0.22 0.00 0.00 0.00 0.00 0.00 0.17 1.75 -0.87 1.08 -0.56 1.23 0.00 0.00 0.00 0.00 0.00 0.44 0.13 1.61 -0.80 -0.04 -0.49 0.00 0.00 0.00 0.00 0.00 0.57 -0.43 -0.40 0.18 -0.15 -0.67 0.00 0.00 0.00 0.00 0.00 -0.15 -1.32 -0.47 -1.78 -0.31 1.06 0.00 0.00 0.00 0.00 0.00 0.61 -0.06 -0.70 -0.41 -0.99 0.50 0.00 0.00 0.00 0.00 0.00 -1.16 -0.26 0.12 -0.25 -0.59 -0.38 0.00 0.00 0.00 0.00 0.00 1.44 -0.50 -0.09 -0.98 -0.42 -0.82 0.00 0.00 0.00 0.00 0.00 -0.04 0.44 1.33 -0.73 0.69 -0.26 0.00 0.00 0.00 0.00 0.00 0.52 0.44 0.71 -1.26 -0.16 0.64 0.00 0.00 0.00 0.00 0.00 -0.00 0.11 -0.15 1.24 0.38 -1.50 0.00 0.00 0.00 0.00 0.00 -1.09 0.95 -0.46 0.51 -0.12 0.69 0.00 0.00 0.00 0.00 0.00 0.39 -0.19 -0.87 -0.37 1.99 0.00 0.00 0.00 0.00 0.00 0.00 -0.02 0.80 -0.07 -0.30 -0.31 0.00 0.00 0.00 0.00 0.00 0.00 -0.17 0.57 0.14 -0.62 -0.22 0.00 0.00 0.00 0.00 0.00 0.00 -1.26 0.35 0.08 -0.08 1.43 0.00 0.00 0.00 0.00 0.00 0.00 0.70 -1.14 2.16 -0.18 0.03 0.00 0.00 0.00 0.00 0.00 0.00 0.20 0.57 -0.20 -0.52 0.92 0.00 0.00 0.00 0.00 0.00 0.00 -0.30 1.04 0.92 -0.18 -0.12 0.00 0.00 0.00 0.00 0.00 0.00 -0.06 -0.58 -0.15 -0.22 0.91 0.00 0.00 0.00 0.00 0.00 0.00 -0.64 0.79 1.36 1.27 -0.65 0.00 0.00 0.00 0.00 0.00 0.00 1.27 -0.58 0.36 -1.24 0.21 0.00 0.00 0.00 0.00 0.00 0.00 -0.40 -0.03 1.07 -0.92 -0.73 0.00 0.00 0.00 0.00 0.00 0.00 -0.27 0.93 0.72 0.11 -0.97 0.00 0.00 0.00 0.00 0.00 0.00 1.63 -0.40 0.01 -0.65 1.57 0.00 0.00 0.00 0.00 0.00 0.00 -1.17 -0.99 0.78 -0.83 0.67 0.00 0.00 0.00 0.00 0.00 0.00 0.00 1.02 -0.37 0.57 -0.32 0.00 0.00 0.00 0.00 0.00 0.00 0.00 -0.06 1.59 1.35 0.34 0.00 0.00 0.00 0.00 0.00 0.00 0.00 -0.39 0.40 -0.66 -0.93 0.00 0.00 0.00 0.00 0.00 0.00 0.00 0.17 -0.70 -0.30 0.00 0.00 0.00 0.00 0.00 0.00 0.00 0.00 0.36 0.57 0.31 0.00 0.00 0.00 0.00 0.00 0.00 0.00 0.00 1.69 -0.22 -1.03 0.00 0.00 0.00 0.00 0.00 0.00 0.00 0.00 -0.84 0.30 0.90 0.00 0.00 0.00 0.00 0.00 0.00 0.00 0.00 -1.51 -0.35 0.26 0.00 0.00 0.00 0.00 0.00 0.00 0.00 0.00 0.00 -0.71 0.73 0.00 0.00 0.00 0.00 0.00 0.00 0.00 0.00 0.00 -1.99 0.03 0.00 0.00 0.00 0.00 0.00 0.00 0.00 0.00 0.00 0.45 0.00 0.00 0.00 0.00 0.00
rain_type.data=0 0 0 0 0 0 0 0 0 0 0 0 0 0 0 0 0 0 0 0 0 0 0 0 0 0 0 0 0 0 0 0 0 0 0 0 0 0 1 0 0 0 0 0 0 0 0 0 0 1 1 0 0 0 0 0 0 0 0 1 1 1 0 0 0 0 0 0 0 0 1 1 1 0 0 0 0 0 0 0 0 1 1 1 0 0 0 0 0 0 0 0 1 1 1 0 0 0 0 0 0 0 0 1 1 1 0 0 0 0 0 0 0 0 1 1 1 1 0 0 0 0 0 0 0 1 1 1 1 0 0 0 0 0 0 0 1 1 1 1 0 0 0 0 0 0 1 1 1 1 1 0 0 0 0 0 0 1 1 1 1 1 0 0 0 0 0 0 1 1 1 1 1 0 0 0 0 0 0 1 1 1 1 1 0 0 0 0 0 0 1 1 1 1 1 0 0 0 0 0 0 1 1 1 1 1 0 0 0 0 0 0 1 1 1 1 1 0 0 0 0 0 0 1 2 1 1 1 0 0 0 0 0 0 2 2 1 1 1 0 0 0 0 0 0 2 2 1 1 1 0 0 0 0 0 0 2 2 1 1 1 0 0 0 0 0 0 2 2 1 1 1 0 0 0 0 0 0 2 2 1 1 1 0 0 0 0 0 0 2 2 1 1 1 1 0 0 0 0 0 2 2 1 1 1 1 0 0 0 0 0 2 2 1 1 1 1 0 0 0 0 0 2 2 1 1 1 1 0 0 0 0 0 2 2 2 1 1 1 0 0 0 0 0 2 2 2 1 1 1 0 0 0 0 0 2 2 2 1 1 1 0 0 0 0 0 2 2 2 1 1 1 0 0 0 0 0 2 2 2 1 1 1 0 0 0 0 0 2 2 2 1 1 1 0 0 0 0 0 2 2 2 1 1 1 0 0 0 0 0 2 2 2 1 1 1 0 0 0 0 0 2 2 2 1 1 1 0 0 0 0 0 2 2 2 1 1 1 0 0 0 0 0 2 2 2 1 1 1 0 0 0 0 0 2 2 2 1 1 1 0 0 0 0 0 2 2 2 1 1 1 0 0 0 0 0 2 2 2 1 1 1 0 0 0 0 0 2 2 2 1 1 1 0 0 0 0 0 2 2 2 1 1 1 0 0 0 0 0 2 2 2 1 1 1 0 0 0 0 0 2 2 2 1 1 1 0 0 0 0 0 2 2 1 1 1 1 0 0 0 0 0 2 2 1 1 1 1 0 0 0 0 0 2 2 1 1 1 1 0 0 0 0 0 2 2 1 1 1 1 0 0 0 0 0 2 2 1 1 1 1 0 0 0 0 0 2 2 1 1 1 1 0 0 0 0 0 2 2 1 1 1 1 0 0 0 0 0 2 2 1 1 1 1 0 0 0 0 0 2 2 1 1 1 1 0 0 0 0 0 2 2 1 1 1 1 0 0 0 0 0 1 2 1 1 1 0 0 0 0 0 0 1 1 1 1 1 0 0 0 0 0 0 1 1 1 1 1 0 0 0 0 0 0 1 1 1 1 1 0 0 0 0 0 0 1 1 1 1 1 0 0 0 0 0 0 1 1 1 1 1 0 0 0 0 0 0 1 1 1 1 1 0 0 0 0 0 0 1 1 1 1 1 0 0 0 0 0 0 1 1 1 1 1 0 0 0 0 0 0 1 1 1 1 1 0 0 0 0 0 0 1 1 1 1 1 0 0 0 0 0 0 1 1 1 1 1 0 0 0 0 0 0 1 1 1 1 1 0 0 0 0 0 0 1 1 1 1 1 0 0 0 0 0 0 0 1 1 1 1 0 0 0 0 0 0 0 1 1 1 1 0 0 0 0 0 0 0 1 1 1 1 0 0 0 0 0 0 0 1 1 1 0 0 0 0 0 0 0 0 1 1 1 0 0 0 0 0 0 0 0 1 1 1 0 0 0 0 0 0 0 0 1 1 1 0 0 0 0 0 0 0 0 1 1 1 0 0 0 0 0 0 0 0 0 1 1 0 0 0 0 0 0 0 0 0 1 1 0 0 0 0 0 0 0 0 0 1 0 0 0 0 0
estimated_attenuation.size=913
estimated_attenuation.data=0.00 0.00 0.00 0.00 0.00 0.00 0.00 0.00 0.00 0.00 0.00 0.00 0.00 0.00 0.00 0.00 0.00 0.00 0.00 0.00 0.00 0.00 0.00 0.00 0.00 0.00 0.00 0.00 0.00 0.00 0.00 0.00 0.00 0.00 0.00 0.00 0.00 0.00 0.00 0.00 0.00 0.00 0.00 0.00 0.00 0.00 0.00 0.00 0.00 0.00 0.00 0.00 0.00 0.00 0.00 0.00 0.00 0.00 0.00 0.00 0.00 0.00 0.00 0.00 0.00 0.00 0.00 0.00 0.00 0.00 0.00 0.00 0.00 0.00 0.00 0.00 0.00 0.00 0.00 0.00 0.00 0.00 0.00 0.00 0.00 0.00 0.00 0.00 0.00 0.00 0.00 0.00 0.00 0.00 0.00 0.00 0.00 0.00 0.00 0.00 0.00 0.00 0.00 0.00 0.00 0.00 0.00 0.00 0.00 0.00 0.00 0.00 0.00 0.00 0.00 0.00 0.00 0.00 0.00 0.00 0.00 0.00 0.00 0.00 0.00 0.00 0.00 0.00 0.00 0.00 0.00 0.00 0.00 0.00 0.00 0.00 0.00 0.00 0.00 0.00 0.00 0.00 0.00 0.00 0.00 0.00 0.00 0.00 0.00 0.00 0.00 0.00 0.00 0.00 0.00 0.00 0.00 0.00 0.00 0.00 0.00 0.00 0.00 0.00 0.00 0.00 0.00 0.00 0.00 0.00 0.00 0.00 0.00 0.00 0.00 0.00 0.00 0.00 0.00 0.00 0.00 0.00 0.00 0.00 0.00 0.00 0.00 0.00 0.00 0.00 0.00 0.00 0.00 0.00 0.00 0.00 0.00 0.00 0.00 0.00 0.00 0.00 0.00 0.00 0.00 0.00 0.00 0.00 0.00 0.00 0.00 0.00 0.00 0.00 0.00 0.00 0.00 0.00 0.00 0.00 0.00 0.00 0.00 0.00 0.00 0.00 0.00 0.00 0.00 0.00 0.00 0.00 0.00 0.00 0.00 0.00 0.00 0.00 0.00 0.00 0.00 0.00 0.00 0.00 0.00 0.00 0.00 0.00 0.00 0.00 0.00 0.00 0.00 0.00 0.00 0.00 0.00 0.00 0.00 0.00 0.00 0.00 0.00 0.00 0.00 0.00 0.00 0.00 0.00 0.00 0.00 0.00 0.00 0.00 0.00 0.00 0.00 0.00 0.00 0.00 0.00 0.00 0.00 0.00 0.00 0.00 0.00 0.00 0.00 0.00 0.00 0.00 0.00 0.00 0.00 0.00 0.00 0.00 0.00 0.00 0.00 0.00 0.00 0.00 0.00 0.00 0.00 0.00 0.00 0.00 0.00 0.00 0.00 0.00 0.00 0.00 0.00 0.00 0.00 0.00 0.00 0.00 0.00 0.00 0.00 0.00 0.00 0.00 0.00 0.00 0.00 0.00 0.00 0.00 0.00 0.00 0.00 0.00 0.00 0.00 0.00 0.00 0.00 0.00 0.00 0.00 0.00 0.00 0.00 0.00 0.00 0.00 0.00 0.00 0.00 0.00 0.00 0.00 0.00 0.00 0.00 0.00 0.00 0.00 0.00 0.00 0.00 0.00 0.00 0.00 0.00 0.00 0.00 0.00 0.00 0.00 0.00 0.00 0.00 0.00 0.00 0.00 0.00 0.00 0.00 0.00 0.00 0.00 0.00 0.00 0.00 0.00 0.00 0.00 0.00 0.00 0.00 0.00 0.00 0.00 0.00 0.00 0.00 0.00 0.00 0.00 0.00 0.00 0.00 0.00 0.00 0.00 0.00 0.00 0.00 0.00 0.00 0.00 0.00 0.00 0.00 0.00 0.00 0.00 0.00 0.00 0.00 0.00 0.00 0.00 0.00 0.00 0.00 0.00 0.00 0.00 0.00 0.00 0.00 0.00 0.00 0.00 0.00 0.00 0.00 0.00 0.00 0.00 0.00 0.00 0.00 0.00 0.00 0.00 0.00 0.00 0.00 0.00 0.00 0.00 0.00 0.00 0.00 0.00 0.00 0.00 0.00 0.00 0.00 0.00 0.00 0.00 0.00 0.00 0.00 0.00 0.00 0.00 0.00 0.00 0.00 0.00 0.00 0.00 0.00 0.00 0.00 0.00 0.00 0.00 0.00 0.00 0.00 0.00 0.00 0.00 0.00 0.00 0.00 0.00 0.00 0.00 0.00 0.00 0.00 0.00 0.00 0.00 0.00 0.00 0.00 0.00 0.00 0.00 0.00 0.00 0.00 0.00 0.00 0.00 0.00 0.00 0.00 0.00 0.00 0.00 0.00 0.00 0.00 0.00 0.00 0.00 0.00 0.00 0.00 0.00 0.00 0.00 0.00 0.00 0.00 0.00 0.00 0.00 0.00 0.00 0.00 0.00 0.00 0.00 0.00 0.00 0.00 0.00 0.00 0.00 0.00 0.00 0.00 0.00 0.00 0.00 0.00 0.00 0.00 0.00 0.00 0.00 0.00 0.00 0.00 0.00 0.00 0.00 0.00 0.00 0.00 0.00 0.00 0.00 0.00 0.00 0.00 0.00 0.00 0.00 0.00 0.00 0.00 0.00 0.00 0.00 0.00 0.00 0.00 0.00 0.00 0.00 0.00 0.00 0.00 0.00 0.00 0.00 0.00 0.00 0.00 0.00 0.00 0.00 0.00 0.00 0.00 0.00 0.00 0.00 0.00 0.00 0.00 0.00 0.00 0.00 0.00 0.00 0.00 0.00 0.00 0.00 0.00 0.00 0.00 0.00 0.00 0.00 0.00 0.00 0.00 0.00 0.00 0.00 0.00 0.00 0.00 0.00 0.00 0.00 0.00 0.00 0.00 0.00 0.00 0.00 0.00 0.00 0.00 0.00 0.00 0.00 0.00 0.00 0.00 0.00 0.00 0.00 0.00 0.00 0.00 0.00 0.00 0.00 0.00 0.00 0.00 0.00 0.00 0.00 0.00 0.00 0.00 0.00 0.00 0.00 0.00 0.00 0.00 0.00 0.00 0.00 0.00 0.00 0.00 0.00 0.00 0.00 0.00 0.00 0.00 0.00 0.00 0.00 0.00 0.00 0.00 0.00 0.00 0.00 0.00 0.00 0.00 0.00 0.00 0.00 0.00 0.00 0.00 0.00 0.00 0.00 0.00 0.00 0.00 0.00 0.00 0.00 0.00 0.00 0.00 0.00 0.00 0.00 0.00 0.00 0.00 0.00 0.00 0.00 0.00 0.00 0.00 0.00 0.00 0.00 0.00 0.00 0.00 0.00 0.00 0.00 0.00 0.00 0.00 0.00 0.00 0.00 0.00 0.00 0.00 0.00 0.00 0.00 0.00 0.00 0.00 0.00 0.00 0.00 0.00 0.00 0.00 0.00 0.00 0.00 0.00 0.00 0.00 0.00 0.00 0.00 0.00 0.00 0.00 0.00 0.00 0.00 0.00 0.00 0.00 0.00 0.00 0.00 0.00 0.00 0.00 0.00 0.00 0.00 0.00 0.00 0.00 0.00 0.00 0.00 0.00 0.00 0.00 0.00 0.00 0.00 0.00 0.00 0.00 0.00 0.00 0.00 0.00 0.00 0.00 0.00 0.00 0.00 0.00 0.00 0.00 0.00 0.00 0.00 0.00 0.00 0.00 0.00 0.00 0.00 0.00 0.00 0.00 0.00 0.00 0.00 0.00 0.00 0.00 0.00 0.00 0.00 0.00 0.00 0.00 0.00 0.00 0.00 0.00 0.00 0.00 0.00 0.00 0.00 0.00 0.00 0.00 0.00 0.00 0.00 0.00 0.00 0.00 0.00 0.00 0.00 0.00 0.00 0.00 0.00 0.00 0.00 0.00 0.00 0.00 0.00 0.00 0.00 0.00 0.00 0.00 0.00 0.00 0.00 0.00 0.00 0.00 0.00 0.00 0.00 0.00 0.00 0.00 0.00 0.00 0.00 0.00 0.00 0.00 0.00 0.00 0.00 0.00 0.00 0.00 0.00 0.00 0.00 0.00 0.00 0.00
height.size=913
height.data=15395.25 15395.25 15395.25 15395.25 15395.25 15395.25 15395.25 15395.25 15395.25 15395.25 15395.25 15419.94 15419.94 15419.94 15419.94 15419.94 15419.94 15419.94 15419.94 15419.94 15419.94 15419.94 15444.63 15444.63 15444.63 15444.63 15444.63 15444.63 15444.63 15444.63 15444.63 15444.63 15444.63 15469.34 15469.34 15469.34 15469.34 15469.34 15469.34 15469.34 15469.34 15469.34 15469.34 15469.34 15494.04 15494.04 15494.04 15494.04 15494.04 15494.04 15494.04 15494.04 15494.04 15494.04 15494.04 15518.76 15518.76 15518.76 15518.76 15518.76 15518.76 15518.76 15518.76 15518.76 15518.76 15518.76 15543.48 15543.48 15543.48 15543.48 15543.48 15543.48 15543.48 15543.48 15543.48 15543.48 15543.48 15568.22 15568.22 15568.22 15568.22 15568.22 15568.22 15568.22 15568.22 15568.22 15568.22 15568.22 15592.95 15592.95 15592.95 15592.95 15592.95 15592.95 15592.95 15592.95 15592.95 15592.95 15592.95 15617.70 15617.70 15617.70 15617.70 15617.70 15617.70 15617.70 15617.70 15617.70 15617.70 15617.70 15642.45 15642.45 15642.45 15642.45 15642.45 15642.45 15642.45 15642.45 15642.45 15642.45 15642.45 15667.21 15667.21 15667.21 15667.21 15667.21 15667.21 15667.21 15667.21 15667.21 15667.21 15667.21 15691.98 15691.98 15691.98 15691.98 15691.98 15691.98 15691.98 15691.98 15691.98 15691.98 15691.98 15716.75 15716.75 15716.75 15716.75 15716.75 15716.75 15716.75 15716.75 15716.75 15716.75 15716.75 15741.53 15741.53 15741.53 15741.53 15741.53 15741.53 15741.53 15741.53 15741.53 15741.53 15741.53 15766.32 15766.32 15766.32 15766.32 15766.32 15766.32 15766.32 15766.32 15766.32 15766.32 15766.32 15791.12 15791.12 15791.12 15791.12 15791.12 15791.12 15791.12 15791.12 15791.12 15791.12 15791.12 15815.92 15815.92 15815.92 15815.92 15815.92 15815.92 15815.92 15815.92 15815.92 15815.92 15815.92 15840.73 15840.73 15840.73 15840.73 15840.73 15840.73 15840.73 15840.73 15840.73 15840.73 15840.73 15865.55 15865.55 15865.55 15865.55 15865.55 15865.55 15865.55 15865.55 15865.55 15865.55 15865.55 15890.38 15890.38 15890.38 15890.38 15890.38 15890.38 15890.38 15890.38 15890.38 15890.38 15890.38 15915.21 15915.21 15915.21 15915.21 15915.21 15915.21 15915.21 15915.21 15915.21 15915.21 15915.21 15940.05 15940.05 15940.05 15940.05 15940.05 15940.05 15940.05 15940.05 15940.05 15940.05 15940.05 15964.90 15964.90 15964.90 15964.90 15964.90 15964.90 15964.90 15964.90 15964.90 15964.90 15964.90 15989.75 15989.75 15989.75 15989.75 15989.75 15989.75 15989.75 15989.75 15989.75 15989.75 15989.75 16014.61 16014.61 16014.61 16014.61 16014.61 16014.61 16014.61 16014.61 16014.61 16014.61 16014.61 16039.48 16039.48 16039.48 16039.48 16039.48 16039.48 16039.48 16039.48 16039.48 16039.48 16039.48 16064.36 16064.36 16064.36 16064.36 16064.36 16064.36 16064.36 16064.36 16064.36 16064.36 16064.36 16089.24 16089.24 16089.24 16089.24 16089.24 16089.24 16089.24 16089.24 16089.24 16089.24 16089.24 16114.13 16114.13 16114.13 16114.13 16114.13 16114.13 16114.13 16114.13 16114.13 16114.13 16114.13 16139.03 16139.03 16139.03 16139.03 16139.03 16139.03 16139.03 16139.03 16139.03 16139.03 16139.03 16163.94 16163.94 16163.94 16163.94 16163.94 16163.94 16163.94 16163.94 16163.94 16163.94 16163.94 16188.85 16188.85 16188.85 16188.85 16188.85 16188.85 16188.85 16188.85 16188.85 16188.85 16188.85 16213.77 16213.77 16213.77 16213.77 16213.77 16213.77 16213.77 16213.77 16213.77 16213.77 16213.77 16238.70 16238.70 16238.70 16238.70 16238.70 16238.70 16238.70 16238.70 16238.70 16238.70 16238.70 16263.63 16263.63 16263.63 16263.63 16263.63 16263.63 16263.63 16263.63 16263.63 16263.63 16263.63 16288.57 16288.57 16288.57 16288.57 16288.57 16288.57 16288.57 16288.57 16288.57 16288.57 16288.57 16313.52 16313.52 16313.52 16313.52 16313.52 16313.52 16313.52 16313.52 16313.52 16313.52 16313.52 16338.48 16338.48 16338.48 16338.48 16338.48 16338.48 16338.48 16338.48 16338.48 16338.48 16338.48 16363.44 16363.44 16363.44 16363.44 16363.44 16363.44 16363.44 16363.44 16363.44 16363.44 16363.44 16388.41 16388.41 16388.41 16388.41 16388.41 16388.41 16388.41 16388.41 16388.41 16388.41 16388.41 16413.39 16413.39 16413.39 16413.39 16413.39 16413.39 16413.39 16413.39 16413.39 16413.39 16413.39 16438.37 16438.37 16438.37 16438.37 16438.37 16438.37 16438.37 16438.37 16438.37 16438.37 16438.37 16463.37 16463.37 16463.37 16463.37 16463.37 16463.37 16463.37 16463.37 16463.37 16463.37 16463.37 16488.37 16488.37 16488.37 16488.37 16488.37 16488.37 16488.37 16488.37 16488.37 16488.37 16488.37 16513.37 16513.37 16513.37 16513.37 16513.37 16513.37 16513.37 16513.37 16513.37 16513.37 16513.37 16538.39 16538.39 16538.39 16538.39 16538.39 16538.39 16538.39 16538.39 16538.39 16538.39 16538.39 16563.41 16563.41 16563.41 16563.41 16563.41 16563.41 16563.41 16563.41 16563.41 16563.41 16563.41 16588.44 16588.44 16588.44 16588.44 16588.44 16588.44 16588.44 16588.44 16588.44 16588.44 16588.44 16613.47 16613.47 16613.47 16613.47 16613.47 16613.47 16613.47 16613.47 16613.47 16613.47 16613.47 16638.52 16638.52 16638.52 16638.52 16638.52 16638.52 16638.52 16638.52 16638.52 16638.52 16638.52 16663.57 16663.57 16663.57 16663.57 16663.57 16663.57 16663.57 16663.57 16663.57 16663.57 16663.57 16688.63 16688.63 16688.63 16688.63 16688.63 16688.63 16688.63 16688.63 16688.63 16688.63 16688.63 16713.69 16713.69 16713.69 16713.69 16713.69 16713.69 16713.69 16713.69 16713.69 16713.69 16713.69 16738.76 16738.76 16738.76 16738.76 16738.76 16738.76 16738.76 16738.76 16738.76 16738.76 16738.76 16763.84 16763.84 16763.84 16763.84 16763.84 16763.84 16763.84 16763.84 16763.84 16763.84 16763.84 16788.93 16788.93 16788.93 16788.93 16788.93 16788.93 16788.93 16788.93 16788.93 16788.93 16788.93 16814.03 16814.03 16814.03 16814.03 16814.03 16814.03 16814.03 16814.03 16814.03 16814.03 16814.03 16839.13 16839.13 16839.13 16839.13 16839.13 16839.13 16839.13 16839.13 16839.13 16839.13 16839.13 16864.24 16864.24 16864.24 16864.24 16864.24 16864.24 16864.24 16864.24 16864.24 16864.24 16864.24 16889.35 16889.35 16889.35 16889.35 16889.35 16889.35 16889.35 16889.35 16889.35 16889.35 16889.35 16914.48 16914.48 16914.48 16914.48 16914.48 16914.48 16914.48 16914.48 16914.48 16914.48 16914.48 16939.61 16939.61 16939.61 16939.61 16939.61 16939.61 16939.61 16939.61 16939.61 16939.61 16939.61 16964.74 16964.74 16964.74 16964.74 16964.74 16964.74 16964.74 16964.74 16964.74 16964.74 16964.74 16989.89 16989.89 16989.89 16989.89 16989.89 16989.89 16989.89 16989.89 16989.89 16989.89 16989.89 17015.04 17015.04 17015.04 17015.04 17015.04 17015.04 17015.04 17015.04 17015.04 17015.04 17015.04 17040.20 17040.20 17040.20 17040.20 17040.20 17040.20 17040.20 17040.20 17040.20 17040.20 17040.20 17065.37 17065.37 17065.37 17065.37 17065.37 17065.37 17065.37 17065.37 17065.37 17065.37 17065.37 17090.54 17090.54 17090.54 17090.54 17090.54 17090.54 17090.54 17090.54 17090.54 17090.54 17090.54 17115.72 17115.72 17115.72 17115.72 17115.72 17115.72 17115.72 17115.72 17115.72 17115.72 17115.72 17140.91 17140.91 17140.91 17140.91 17140.91 17140.91 17140.91 17140.91 17140.91 17140.91 17140.91 17166.11 17166.11 17166.11 17166.11 17166.11 17166.11 17166.11 17166.11 17166.11 17166.11 17166.11 17191.31 17191.31 17191.31 17191.31 17191.31 17191.31 17191.31 17191.31 17191.31 17191.31 17191.31 17216.52 17216.52 17216.52 17216.52 17216.52 17216.52 17216.52 17216.52 17216.52 17216.52 17216.52 17241.74 17241.74 17241.74 17241.74 17241.74 17241.74 17241.74 17241.74 17241.74 17241.74 17241.74 17266.97 17266.97 17266.97 17266.97 17266.97 17266.97 17266.97 17266.97 17266.97 17266.97 17266.97 17292.20 17292.20 17292.20 17292.20 17292.20 17292.20 17292.20 17292.20 17292.20 17292.20 17292.20 17317.44 17317.44 17317.44 17317.44 17317.44 17317.44 17317.44 17317.44 17317.44 17317.44 17317.44 17342.69 17342.69 17342.69 17342.69 17342.69 17342.69 17342.69 17342.69 17342.69 17342.69 17342.69 17367.94 17367.94 17367.94 17367.94 17367.94 17367.94 17367.94 17367.94 17367.94 17367.94 17367.94 17393.20 17393.20 17393.20 17393.20 17393.20 17393.20 17393.20 17393.20 17393.20 17393.20 17393.20 17418.47 17418.47 17418.47 17418.47 17418.47 17418.47 17418.47 17418.47 17418.47 17418.47 17418.47 17443.75 17443.75 17443.75 17443.75 17443.75 17443.75 17443.75 17443.75 17443.75 17443.75 17443.75
=== END RADAR_SCAN ===

=== BEGIN RADAR_SCAN ===
scan.index=4
scan.time=186.000000
radar.id=0
radar.frequency=C
radar.scanning_mode=PPI
radar.x=0.000
radar.y=0.000
radar.z=25.000
radar.maximum_range=250000.000
radar.range_resolution=250.000
radar.angular_resolution=1.000000
box.radar_id=0
box.min_range_gate=694.000
box.max_range_gate=775.000
box.min_angle=95.000000
box.max_angle=107.000000
box.num_ranges=82
box.num_angles=12
box.range_resolution=250.000
box.angular_resolution=1.000000
box.other_angle=2.000000
grid.size=984
grid.data=0.00 0.00 0.00 0.00 0.00 0.00 0.00 0.00 0.00 0.00 0.00 0.00 0.00 0.00 0.00 0.00 0.00 0.00 0.02 0.00 0.00 0.00 0.00 0.00 0.00 0.00 0.00 0.00 0.00 0.00 -0.06 0.00 0.00 0.00 0.00 0.00 0.00 0.00 0.00 0.00 0.00 0.00 0.74 0.10 0.00 0.00 0.00 0.00 0.00 0.00 0.00 0.00 0.00 -0.11 0.19 -0.42 0.00 0.00 0.00 0.00 0.00 0.00 0.00 0.00 0.00 1.11 0.50 0.02 0.00 0.00 0.00 0.00 0.00 0.00 0.00 0.00 0.00 -0.07 -0.75 -0.93 0.00 0.00 0.00 0.00 0.00 0.00 0.00 0.00 0.00 0.45 0.62 0.33 0.00 0.00 0.00 0.00 0.00 0.00 0.00 0.00 0.00 -0.14 -0.17 1.02 0.00 0.00 0.00 0.00 0.00 0.00 0.00 0.00 0.00 -0.49 1.34 -0.02 -0.21 0.00 0.00 0.00 0.00 0.00 0.00 0.00 0.00 2.29 -0.41 -0.75 0.11 0.00 0.00 0.00 0.00 0.00 0.00 0.00 -0.15 -0.51 -0.59 0.12 -0.80 0.00 0.00 0.00 0.00 0.00 0.00 0.00 -0.05 0.92 -0.04 0.36 -0.20 0.00 0.00 0.00 0.00 0.00 0.00 0.00 -0.51 0.44 0.88 -0.69 0.32 0.00 0.00 0.00 0.00 0.00 0.00 0.00 0.84 0.11 -0.76 -0.31 -0.91 0.00 0.00 0.00 0.00 0.00 0.00 0.00 -0.26 0.67 1.01 0.33 1.72 0.00 0.00 0.00 0.00 0.00 0.00 0.00 0.47 -1.20 1.27 0.05 -0.45 0.00 0.00 0.00 0.00 0.00 0.00 0.00 -1.41 -0.17 0.32 -0.33 -0.66 0.00 0.00 0.00 0.00 0.00 0.00 0.00 0.22 0.26 -0.89 -0.21 0.08 0.00 0.00 0.00 0.00 0.00 0.00 0.00 8.80 7.31 0.39 -0.30 -0.53 0.00 0.00 0.00 0.00 0.00 0.00 0.00 8.63 9.71 -0.07 0.93 -0.71 0.00 0.00 0.00 0.00 0.00 0.00 0.00 8.20 9.67 -0.19 1.58 1.56 0.00 0.00 0.00 0.00 0.00 0.00 0.00 9.38 9.40 0.36 -0.32 -0.56 0.00 0.00 0.00 0.00 0.00 0.00 0.00 7.70 9.59 -1.17 -0.84 -0.50 0.00 0.00 0.00 0.00 0.00 0.00 0.00 8.88 9.36 -0.41 0.26 -0.64 0.00 0.00 0.00 0.00 0.00 0.00 0.00 8.40 8.72 1.42 0.22 0.03 -0.18 0.00 0.00 0.00 0.00 0.00 0.00 8.58 10.29 0.29 0.23 -0.30 -0.40 0.00 0.00 0.00 0.00 0.00 0.00 8.67 9.50 -0.86 1.05 1.84 0.38 0.00 0.00 0.00 0.00 0.00 0.00 7.77 9.65 -0.50 -0.02 0.26 -0.55 0.00 0.00 0.00 0.00 0.00 0.00 7.51 8.83 7.62 -0.45 1.55 -0.81 0.00 0.00 0.00 0.00 0.00 0.00 8.85 8.78 10.05 0.59 0.93 0.86 0.00 0.00 0.00 0.00 0.00 0.00 9.78 8.33 7.93 0.11 0.34 -0.29 0.00 0.00 0.00 0.00 0.00 0.00 8.43 7.10 8.14 0.12 1.70 -0.50 0.00 0.00 0.00 0.00 0.00 0.00 7.93 6.93 9.55 0.29 -1.02 1.13 0.00 0.00 0.00 0.00 0.00 0.00 6.93 7.26 8.35 -0.30 -1.37 -0.57 0.00 0.00 0.00 0.00 0.00 0.00 7.63 7.58 5.95 -0.37 -0.34 -0.65 0.00 0.00 0.00 0.00 0.00 0.00 7.86 8.02 6.62 0.85 -0.70 -0.86 0.00 0.00 0.00 0.00 0.00 -0.91 8.57 7.09 7.27 -0.08 0.88 -0.31 0.00 0.00 0.00 0.00 0.00 -0.59 7.47 7.43 5.87 -0.74 -0.66 0.21 0.00 0.00 0.00 0.00 0.00 0.34 8.98 8.04 8.49 0.42 -0.32 -0.74 0.00 0.00 0.00 0.00 0.00 0.95 7.76 7.88 6.12 0.16 0.65 -0.20 0.00 0.00 0.00 0.00 0.00 -0.86 6.66 6.76 8.50 0.02 0.59 -0.17 0.00 0.00 0.00 0.00 0.00 -0.90 5.44 6.62 7.05 0.30 -0.12 0.40 0.00 0.00 0.00 0.00 0.00 -0.71 9.14 5.87 6.09 0.27 -0.48 0.57 0.00 0.00 0.00 0.00 0.00 0.00 6.63 8.34 7.19 0.01 0.36 -1.08 0.00 0.00 0.00 0.00 0.00 0.00 9.30 8.77 6.96 -0.42 0.84 -1.34 0.00 0.00 0.00 0.00 0.00 0.00 1.14 -0.36 -0.70 -0.90 1.05 0.58 0.00 0.00 0.00 0.00 0.00 0.00 -0.10 -0.20 -1.98 -0.75 0.19 0.38 0.00 0.00 0.00 0.00 0.00 0.00 -1.00 0.06 0.26 -0.65 -0.67 -0.05 0.00 0.00 0.00 0.00 0.00 0.00 1.02 0.48 -1.27 -0.01 -1.41 0.38 0.00 0.00 0.00 0.00 0.00 0.00 -0.56 0.02 0.33 0.80 0.05 -0.57 0.00 0.00 0.00 0.00 0.00 0.00 0.32 0.67 0.72 0.67 -0.47 -1.05 0.00 0.00 0.00 0.00 0.00 0.00 -0.52 -0.77 -0.29 -0.26 0.27 -0.21 0.00 0.00 0.00 0.00 0.00 0.00 -1.20 0.61 0.14 0.03 -0.46 -0.63 0.00 0.00 0.00 0.00 0.00 0.00 1.80 -0.25 0.11 0.77 0.13 -0.63 0.00 0.00 0.00 0.00 0.00 0.00 0.86 1.50 0.60 0.36 1.17 -0.24 0.00 0.00 0.00 0.00 0.00 0.00 -0.61 0.15 1.72 0.18 0.89 0.00 0.00 0.00 0.00 0.00 0.00 0.00 1.26 0.08 -1.05 -0.10 0.31 0.00 0.00 0.00 0.00 0.00 0.00 0.00 -0.34 0.98 -1.88 1.19 -1.00 0.00 0.00 0.00 0.00 0.00 0.00 0.00 0.79 -0.34 0.26 -1.47 -0.06 0.00 0.00 0.00 0.00 0.00 0.00 0.00 -0.18 0.42 1.10 0.80 0.37 0.00 0.00 0.00 0.00 0.00 0.00 0.00 -0.62 0.19 -0.97 -0.09 0.12 0.00 0.00 0.00 0.00 0.00 0.00 0.00 -0.03 -1.80 0.61 0.47 -1.43 0.00 0.00 0.00 0.00 0.00 0.00 0.00 -0.27 0.51 0.71 -1.05 0.17 0.00 0.00 0.00 0.00 0.00 0.00 0.00 -0.96 0.41 1.53 0.37 -0.37 0.00 0.00 0.00 0.00 0.00 0.00 0.00 0.83 0.84 -0.63 0.49 -0.28 0.00 0.00 0.00 0.00 0.00 0.00 0.00 0.21 -0.17 -0.46 -0.44 0.10 0.00 0.00 0.00 0.00 0.00 0.00 0.00 -0.85 -0.31 0.17 1.42 -0.83 0.00 0.00 0.00 0.00 0.00 0.00 0.00 0.30 1.14 -0.02 1.24 -0.42 0.00 0.00 0.00 0.00 0.00 0.00 0.00 0.38 0.54 -0.09 1.39 0.21 0.00 0.00 0.00 0.00 0.00 0.00 0.00 0.00 -0.52 0.38 1.01 0.90 0.00 0.00 0.00 0.00 0.00 0.00 0.00 0.00 0.00 0.11 0.70 0.40 0.00 0.00 0.00 0.00 0.00 0.00 0.00 0.00 -0.60 0.79 -0.55 0.69 0.00 0.00 0.00 0.00 0.00 0.00 0.00 0.00 0.23 1.27 -0.65 0.00 0.00 0.00 0.00 0.00 0.00 0.00 0.00 0.00 0.63 0.53 0.23 0.00 0.00 0.00 0.00 0.00 0.00 0.00 0.00 0.00 -0.58 0.32 0.60 0.00 0.00 0.00 0.00 0.00 0.00 0.00 0.00 0.00 0.34 -0.26 0.16 0.00 0.00 0.00 0.00 0.00 0.00 0.00 0.00 0.00 0.84 -0.47 0.16 0.00 0.00 0.00 0.00 0.00 0.00 0.00 0.00 0.00 1.92 0.14 0.09 0.00 0.00 0.00 0.00 0.00 0.00 0.00 0.00 0.00 0.00 -0.82 -0.98 0.00 0.00 0.00 0.00 0.00 0.00 0.00 0.00 0.00 0.00 0.99 0.00 0.00 0.00 0.00 0.00 0.00 0.00 0.00 0.00 0.00 0.00 -0.05 0.00 0.00 0.00 0.00 0.00
rain_type.data=0 0 0 0 0 0 0 0 0 0 0 0 0 0 0 0 0 0 1 0 0 0 0 0 0 0 0 0 0 0 1 0 0 0 0 0 0 0 0 0 0 0 1 1 0 0 0 0 0 0 0 0 0 1 1 1 0 0 0 0 0 0 0 0 0 1 1 1 0 0 0 0 0 0 0 0 0 1 1 1 0 0 0 0 0 0 0 0 0 1 1 1 0 0 0 0 0 0 0 0 0 1 1 1 0 0 0 0 0 0 0 0 0 1 1 1 1 0 0 0 0 0 0 0 0 1 1 1 1 0 0 0 0 0 0 0 1 1 1 1 1 0 0 0 0 0 0 0 1 1 1 1 1 0 0 0 0 0 0 0 1 1 1 1 1 0 0 0 0 0 0 0 1 1 1 1 1 0 0 0 0 0 0 0 1 1 1 1 1 0 0 0 0 0 0 0 1 1 1 1 1 0 0 0 0 0 0 0 1 1 1 1 1 0 0 0 0 0 0 0 1 1 1 1 1 0 0 0 0 0 0 0 2 2 1 1 1 0 0 0 0 0 0 0 2 2 1 1 1 0 0 0 0 0 0 0 2 2 1 1 1 0 0 0 0 0 0 0 2 2 1 1 1 0 0 0 0 0 0 0 2 2 1 1 1 0 0 0 0 0 0 0 2 2 1 1 1 0 0 0 0 0 0 0 2 2 1 1 1 1 0 0 0 0 0 0 2 2 1 1 1 1 0 0 0 0 0 0 2 2 1 1 1 1 0 0 0 0 0 0 2 2 1 1 1 1 0 0 0 0 0 0 2 2 2 1 1 1 0 0 0 0 0 0 2 2 2 1 1 1 0 0 0 0 0 0 2 2 2 1 1 1 0 0 0 0 0 0 2 2 2 1 1 1 0 0 0 0 0 0 2 2 2 1 1 1 0 0 0 0 0 0 2 2 2 1 1 1 0 0 0 0 0 0 2 2 2 1 1 1 0 0 0 0 0 0 2 2 2 1 1 1 0 0 0 0 0 1 2 2 2 1 1 1 0 0 0 0 0 1 2 2 2 1 1 1 0 0 0 0 0 1 2 2 2 1 1 1 0 0 0 0 0 1 2 2 2 1 1 1 0 0 0 0 0 1 2 2 2 1 1 1 0 0 0 0 0 1 2 2 2 1 1 1 0 0 0 0 0 1 2 2 2 1 1 1 0 0 0 0 0 0 2 2 2 1 1 1 0 0 0 0 0 0 2 2 2 1 1 1 0 0 0 0 0 0 2 2 1 1 1 1 0 0 0 0 0 0 2 2 1 1 1 1 0 0 0 0 0 0 2 2 1 1 1 1 0 0 0 0 0 0 2 2 1 1 1 1 0 0 0 0 0 0 2 2 1 1 1 1 0 0 0 0 0 0 2 2 1 1 1 1 0 0 0 0 0 0 2 2 1 1 1 1 0 0 0 0 0 0 2 2 1 1 1 1 0 0 0 0 0 0 2 2 1 1 1 1 0 0 0 0 0 0 2 2 1 1 1 1 0 0 0 0 0 0 1 2 1 1 1 0 0 0 0 0 0 0 1 1 1 1 1 0 0 0 0 0 0 0 1 1 1 1 1 0 0 0 0 0 0 0 1 1 1 1 1 0 0 0 0 0 0 0 1 1 1 1 1 0 0 0 0 0 0 0 1 1 1 1 1 0 0 0 0 0 0 0 1 1 1 1 1 0 0 0 0 0 0 0 1 1 1 1 1 0 0 0 0 0 0 0 1 1 1 1 1 0 0 0 0 0 0 0 1 1 1 1 1 0 0 0 0 0 0 0 1 1 1 1 1 0 0 0 0 0 0 0 1 1 1 1 1 0 0 0 0 0 0 0 1 1 1 1 1 0 0 0 0 0 0 0 1 1 1 1 1 0 0 0 0 0 0 0 0 1 1 1 1 0 0 0 0 0 0 0 0 1 1 1 1 0 0 0 0 0 0 0 0 1 1 1 1 0 0 0 0 0 0 0 0 1 1 1 0 0 0 0 0 0 0 0 0 1 1 1 0 0 0 0 0 0 0 0 0 1 1 1 0 0 0 0 0 0 0 0 0 1 1 1 0 0 0 0 0 0 0 0 0 1 1 1 0 0 0 0 0 0 0 0 0 1 1 1 0 0 0 0 0 0 0 0 0 0 1 1 0 0 0 0 0 0 0 0 0 0 1 0 0 0 0 0 0 0 0 0 0 0 1 0 0 0 0 0
estimated_attenuation.size=984
estimated_attenuation.data=0.00 0.00 0.00 0.00 0.00 0.00 0.00 0.00 0.00 0.00 0.00 0.00 0.00 0.00 0.00 0.00 0.00 0.00 0.00 0.00 0.00 0.00 0.00 0.00 0.00 0.00 0.00 0.00 0.00 0.00 0.00 0.00 0.00 0.00 0.00 0.00 0.00 0.00 0.00 0.00 0.00 0.00 0.00 0.00 0.00 0.00 0.00 0.00 0.00 0.00 0.00 0.00 0.00 0.00 0.00 0.00 0.00 0.00 0.00 0.00 0.00 0.00 0.00 0.00 0.00 0.00 0.00 0.00 0.00 0.00 0.00 0.00 0.00 0.00 0.00 0.00 0.00 0.00 0.00 0.00 0.00 0.00 0.00 0.00 0.00 0.00 0.00 0.00 0.00 0.00 0.00 0.00 0.00 0.00 0.00 0.00 0.00 0.00 0.00 0.00 0.00 0.00 0.00 0.00 0.00 0.00 0.00 0.00 0.00 0.00 0.00 0.00 0.00 0.00 0.00 0.00 0.00 0.00 0.00 0.00 0.00 0.00 0.00 0.00 0.00 0.00 0.00 0.00 0.00 0.00 0.00 0.00 0.00 0.00 0.00 0.00 0.00 0.00 0.00 0.00 0.00 0.00 0.00 0.00 0.00 0.00 0.00 0.00 0.00 0.00 0.00 0.00 0.00 0.00 0.00 0.00 0.00 0.00 0.00 0.00 0.00 0.00 0.00 0.00 0.00 0.00 0.00 0.00 0.00 0.00 0.00 0.00 0.00 0.00 0.00 0.00 0.00 0.00 0.00 0.00 0.00 0.00 0.00 0.00 0.00 0.00 0.00 0.00 0.00 0.00 0.00 0.00 0.00 0.00 0.00 0.00 0.00 0.00 0.00 0.00 0.00 0.00 0.00 0.00 0.00 0.00 0.00 0.00 0.00 0.00 0.00 0.00 0.00 0.00 0.00 0.00 0.00 0.00 0.00 0.00 0.00 0.00 0.00 0.00 0.00 0.00 0.00 0.00 0.00 0.00 0.00 0.00 0.00 0.00 0.00 0.00 0.00 0.00 0.00 0.00 0.00 0.00 0.00 0.00 0.00 0.00 0.00 0.00 0.00 0.00 0.00 0.00 0.00 0.00 0.00 0.00 0.00 0.00 0.00 0.00 0.00 0.00 0.00 0.00 0.00 0.00 0.00 0.00 0.00 0.00 0.00 0.00 0.00 0.00 0.00 0.00 0.00 0.00 0.00 0.00 0.00 0.00 0.00 0.00 0.00 0.00 0.00 0.00 0.00 0.00 0.00 0.00 0.00 0.00 0.00 0.00 0.00 0.00 0.00 0.00 0.00 0.00 0.00 0.00 0.00 0.00 0.00 0.00 0.00 0.00 0.00 0.00 0.00 0.00 0.00 0.00 0.00 0.00 0.00 0.00 0.00 0.00 0.00 0.00 0.00 0.00 0.00 0.00 0.00 0.00 0.00 0.00 0.00 0.00 0.00 0.00 0.00 0.00 0.00 0.00 0.00 0.00 0.00 0.00 0.00 0.00 0.00 0.00 0.00 0.00 0.00 0.00 0.00 0.00 0.00 0.00 0.00 0.00 0.00 0.00 0.00 0.00 0.00 0.00 0.00 0.00 0.00 0.00 0.00 0.00 0.00 0.00 0.00 0.00 0.00 0.00 0.00 0.00 0.00 0.00 0.00 0.00 0.00 0.00 0.00 0.00 0.00 0.00 0.00 0.00 0.00 0.00 0.00 0.00 0.00 0.00 0.00 0.00 0.00 0.00 0.00 0.00 0.00 0.00 0.00 0.00 0.00 0.00 0.00 0.00 0.00 0.00 0.00 0.00 0.00 0.00 0.00 0.00 0.00 0.00 0.00 0.00 0.00 0.00 0.00 0.00 0.00 0.00 0.00 0.00 0.00 0.00 0.00 0.00 0.00 0.00 0.00 0.00 0.00 0.00 0.00 0.00 0.00 0.00 0.00 0.00 0.00 0.00 0.00 0.00 0.00 0.00 0.00 0.00 0.00 0.00 0.00 0.00 0.00 0.00 0.00 0.00 0.00 0.00 0.00 0.00 0.00 0.00 0.00 0.00 0.00 0.00 0.00 0.00 0.00 0.00 0.00 0.00 0.00 0.00 0.00 0.00 0.00 0.00 0.00 0.00 0.00 0.00 0.00 0.00 0.00 0.00 0.00 0.00 0.00 0.00 0.00 0.00 0.00 0.00 0.00 0.00 0.00 0.00 0.00 0.00 0.00 0.00 0.00 0.00 0.00 0.00 0.00 0.00 0.00 0.00 0.00 0.00 0.00 0.00 0.00 0.00 0.00 0.00 0.00 0.00 0.00 0.00 0.00 0.00 0.00 0.00 0.00 0.00 0.00 0.00 0.00 0.00 0.00 0.00 0.00 0.00 0.00 0.00 0.00 0.00 0.00 0.00 0.00 0.00 0.00 0.00 0.00 0.00 0.00 0.00 0.00 0.00 0.00 0.00 0.00 0.00 0.00 0.00 0.00 0.00 0.00 0.00 0.00 0.00 0.00 0.00 0.00 0.00 0.00 0.00 0.00 0.00 0.00 0.00 0.00 0.00 0.00 0.00 0.00 0.00 0.00 0.00 0.00 0.00 0.00 0.00 0.00 0.00 0.00 0.00 0.00 0.00 0.00 0.00 0.00 0.00 0.00 0.00 0.00 0.00 0.00 0.00 0.00 0.00 0.00 0.00 0.00 0.00 0.00 0.00 0.00 0.00 0.00 0.00 0.00 0.00 0.00 0.00 0.00 0.00 0.00 0.00 0.00 0.00 0.00 0.00 0.00 0.00 0.00 0.00 0.00 0.00 0.00 0.00 0.00 0.00 0.00 0.00 0.00 0.00 0.00 0.00 0.00 0.00 0.00 0.00 0.00 0.00 0.00 0.00 0.00 0.00 0.00 0.00 0.00 0.00 0.00 0.00 0.00 0.00 0.00 0.00 0.00 0.00 0.00 0.00 0.00 0.00 0.00 0.00 0.00 0.00 0.00 0.00 0.00 0.00 0.00 0.00 0.00 0.00 0.00 0.00 0.00 0.00 0.00 0.00 0.00 0.00 0.00 0.00 0.00 0.00 0.00 0.00 0.00 0.00 0.00 0.00 0.00 0.00 0.00 0.00 0.00 0.00 0.00 0.00 0.00 0.00 0.00 0.00 0.00 0.00 0.00 0.00 0.00 0.00 0.00 0.00 0.00 0.00 0.00 0.00 0.00 0.00 0.00 0.00 0.00 0.00 0.00 0.00 0.00 0.00 0.00 0.00 0.00 0.00 0.00 0.00 0.00 0.00 0.00 0.00 0.00 0.00 0.00 0.00 0.00 0.00 0.00 0.00 0.00 0.00 0.00 0.00 0.00 0.00 0.00 0.00 0.00 0.00 0.00 0.00 0.00 0.00 0.00 0.00 0.00 0.00 0.00 0.00 0.00 0.00 0.00 0.00 0.00 0.00 0.00 0.00 0.00 0.00 0.00 0.00 0.00 0.00 0.00 0.00 0.00 0.00 0.00 0.00 0.00 0.00 0.00 0.00 0.00 0.00 0.00 0.00 0.00 0.00 0.00 0.00 0.00 0.00 0.00 0.00 0.00 0.00 0.00 0.00 0.00 0.00 0.00 0.00 0.00 0.00 0.00 0.00 0.00 0.00 0.00 0.00 0.00 0.00 0.00 0.00 0.00 0.00 0.00 0.00 0.00 0.00 0.00 0.00 0.00 0.00 0.00 0.00 0.00 0.00 0.00 0.00 0.00 0.00 0.00 0.00 0.00 0.00 0.00 0.00 0.00 0.00 0.00 0.00 0.00 0.00 0.00 0.00 0.00 0.00 0.00 0.00 0.00 0.00 0.00 0.00 0.00 0.00 0.00 0.00 0.00 0.00 0.00 0.00 0.00 0.00 0.00 0.00 0.00 0.00 0.00 0.00 0.00 0.00 0.00 0.00 0.00 0.00 0.00 0.00 0.00 0.00 0.00 0.00 0.00 0.00 0.00 0.00 0.00 0.00 0.00 0.00 0.00 0.00 0.00 0.00 0.00 0.00 0.00 0.00 0.00 0.00 0.00 0.00 0.00 0.00 0.00 0.00 0.00 0.00 0.00 0.00 0.00 0.00 0.00 0.00 0.00 0.00 0.00 0.00 0.00 0.00 0.00 0.00 0.00 0.00 0.00 0.00 0.00 0.00 0.00 0.00 0.00 0.00 0.00 0.00 0.00 0.00 0.00 0.00 0.00 0.00 0.00 0.00 0.00 0.00 0.00 0.00 0.00 0.00 0.00 0.00 0.00 0.00 0.00 0.00 0.00 0.00 0.00 0.00 0.00 0.00 0.00 0.00 0.00 0.00 0.00 0.00
height.size=984
height.data=7823.29 7823.29 7823.29 7823.29 7823.29 7823.29 7823.29 7823.29 7823.29 7823.29 7823.29 7823.29 7837.11 7837.11 7837.11 7837.11 7837.11 7837.11 7837.11 7837.11 7837.11 7837.11 7837.11 7837.11 7850.94 7850.94 7850.94 7850.94 7850.94 7850.94 7850.94 7850.94 7850.94 7850.94 7850.94 7850.94 7864.77 7864.77 7864.77 7864.77 7864.77 7864.77 7864.77 7864.77 7864.77 7864.77 7864.77 7864.77 7878.62 7878.62 7878.62 7878.62 7878.62 7878.62 7878.62 7878.62 7878.62 7878.62 7878.62 7878.62 7892.47 7892.47 7892.47 7892.47 7892.47 7892.47 7892.47 7892.47 7892.47 7892.47 7892.47 7892.47 7906.33 7906.33 7906.33 7906.33 7906.33 7906.33 7906.33 7906.33 7906.33 7906.33 7906.33 7906.33 7920.19 7920.19 7920.19 7920.19 7920.19 7920.19 7920.19 7920.19 7920.19 7920.19 7920.19 7920.19 7934.07 7934.07 7934.07 7934.07 7934.07 7934.07 7934.07 7934.07 7934.07 7934.07 7934.07 7934.07 7947.95 7947.95 7947.95 7947.95 7947.95 7947.95 7947.95 7947.95 7947.95 7947.95 7947.95 7947.95 7961.83 7961.83 7961.83 7961.83 7961.83 7961.83 7961.83 7961.83 7961.83 7961.83 7961.83 7961.83 7975.73 7975.73 7975.73 7975.73 7975.73 7975.73 7975.73 7975.73 7975.73 7975.73 7975.73 7975.73 7989.63 7989.63 7989.63 7989.63 7989.63 7989.63 7989.63 7989.63 7989.63 7989.63 7989.63 7989.63 8003.54 8003.54 8003.54 8003.54 8003.54 8003.54 8003.54 8003.54 8003.54 8003.54 8003.54 8003.54 8017.46 8017.46 8017.46 8017.46 8017.46 8017.46 8017.46 8017.46 8017.46 8017.46 8017.46 8017.46 8031.38 8031.38 8031.38 8031.38 8031.38 8031.38 8031.38 8031.38 8031.38 8031.38 8031.38 8031.38 8045.32 8045.32 8045.32 8045.32 8045.32 8045.32 8045.32 8045.32 8045.32 8045.32 8045.32 8045.32 8059.26 8059.26 8059.26 8059.26 8059.26 8059.26 8059.26 8059.26 8059.26 8059.26 8059.26 8059.26 8073.20 8073.20 8073.20 8073.20 8073.20 8073.20 8073.20 8073.20 8073.20 8073.20 8073.20 8073.20 8087.16 8087.16 8087.16 8087.16 8087.16 8087.16 8087.16 8087.16 8087.16 8087.16 8087.16 8087.16 8101.12 8101.12 8101.12 8101.12 8101.12 8101.12 8101.12 8101.12 8101.12 8101.12 8101.12 8101.12 8115.09 8115.09 8115.09 8115.09 8115.09 8115.09 8115.09 8115.09 8115.09 8115.09 8115.09 8115.09 8129.06 8129.06 8129.06 8129.06 8129.06 8129.06 8129.06 8129.06 8129.06 8129.06 8129.06 8129.06 8143.04 8143.04 8143.04 8143.04 8143.04 8143.04 8143.04 8143.04 8143.04 8143.04 8143.04 8143.04 8157.03 8157.03 8157.03 8157.03 8157.03 8157.03 8157.03 8157.03 8157.03 8157.03 8157.03 8157.03 8171.03 8171.03 8171.03 8171.03 8171.03 8171.03 8171.03 8171.03 8171.03 8171.03 8171.03 8171.03 8185.04 8185.04 8185.04 8185.04 8185.04 8185.04 8185.04 8185.04 8185.04 8185.04 8185.04 8185.04 8199.05 8199.05 8199.05 8199.05 8199.05 8199.05 8199.05 8199.05 8199.05 8199.05 8199.05 8199.05 8213.07 8213.07 8213.07 8213.07 8213.07 8213.07 8213.07 8213.07 8213.07 8213.07 8213.07 8213.07 8227.10 8227.10 8227.10 8227.10 8227.10 8227.10 8227.10 8227.10 8227.10 8227.10 8227.10 8227.10 8241.13 8241.13 8241.13 8241.13 8241.13 8241.13 8241.13 8241.13 8241.13 8241.13 8241.13 8241.13 8255.17 8255.17 8255.17 8255.17 8255.17 8255.17 8255.17 8255.17 8255.17 8255.17 8255.17 8255.17 8269.22 8269.22 8269.22 8269.22 8269.22 8269.22 8269.22 8269.22 8269.22 8269.22 8269.22 8269.22 8283.28 8283.28 8283.28 8283.28 8283.28 8283.28 8283.28 8283.28 8283.28 8283.28 8283.28 8283.28 8297.34 8297.34 8297.34 8297.34 8297.34 8297.34 8297.34 8297.34 8297.34 8297.34 8297.34 8297.34 8311.41 8311.41 8311.41 8311.41 8311.41 8311.41 8311.41 8311.41 8311.41 8311.41 8311.41 8311.41 8325.49 8325.49 8325.49 8325.49 8325.49 8325.49 8325.49 8325.49 8325.49 8325.49 8325.49 8325.49 8339.58 8339.58 8339.58 8339.58 8339.58 8339.58 8339.58 8339.58 8339.58 8339.58 8339.58 8339.58 8353.67 8353.67 8353.67 8353.67 8353.67 8353.67 8353.67 8353.67 8353.67 8353.67 8353.67 8353.67 8367.77 8367.77 8367.77 8367.77 8367.77 8367.77 8367.77 8367.77 8367.77 8367.77 8367.77 8367.77 8381.88 8381.88 8381.88 8381.88 8381.88 8381.88 8381.88 8381.88 8381.88 8381.88 8381.88 8381.88 8395.99 8395.99 8395.99 8395.99 8395.99 8395.99 8395.99 8395.99 8395.99 8395.99 8395.99 8395.99 8410.12 8410.12 8410.12 8410.12 8410.12 8410.12 8410.12 8410.12 8410.12 8410.12 8410.12 8410.12 8424.25 8424.25 8424.25 8424.25 8424.25 8424.25 8424.25 8424.25 8424.25 8424.25 8424.25 8424.25 8438.38 8438.38 8438.38 8438.38 8438.38 8438.38 8438.38 8438.38 8438.38 8438.38 8438.38 8438.38 8452.53 8452.53 8452.53 8452.53 8452.53 8452.53 8452.53 8452.53 8452.53 8452.53 8452.53 8452.53 8466.68 8466.68 8466.68 8466.68 8466.68 8466.68 8466.68 8466.68 8466.68 8466.68 8466.68 8466.68 8480.84 8480.84 8480.84 8480.84 8480.84 8480.84 8480.84 8480.84 8480.84 8480.84 8480.84 8480.84 8495.00 8495.00 8495.00 8495.00 8495.00 8495.00 8495.00 8495.00 8495.00 8495.00 8495.00 8495.00 8509.18 8509.18 8509.18 8509.18 8509.18 8509.18 8509.18 8509.18 8509.18 8509.18 8509.18 8509.18 8523.36 8523.36 8523.36 8523.36 8523.36 8523.36 8523.36 8523.36 8523.36 8523.36 8523.36 8523.36 8537.55 8537.55 8537.55 8537.55 8537.55 8537.55 8537.55 8537.55 8537.55 8537.55 8537.55 8537.55 8551.74 8551.74 8551.74 8551.74 8551.74 8551.74 8551.74 8551.74 8551.74 8551.74 8551.74 8551.74 8565.95 8565.95 8565.95 8565.95 8565.95 8565.95 8565.95 8565.95 8565.95 8565.95 8565.95 8565.95 8580.16 8580.16 8580.16 8580.16 8580.16 8580.16 8580.16 8580.16 8580.16 8580.16 8580.16 8580.16 8594.37 8594.37 8594.37 8594.37 8594.37 8594.37 8594.37 8594.37 8594.37 8594.37 8594.37 8594.37 8608.60 8608.60 8608.60 8608.60 8608.60 8608.60 8608.60 8608.60 8608.60 8608.60 8608.60 8608.60 8622.83 8622.83 8622.83 8622.83 8622.83 8622.83 8622.83 8622.83 8622.83 8622.83 8622.83 8622.83 8637.07 8637.07 8637.07 8637.07 8637.07 8637.07 8637.07 8637.07 8637.07 8637.07 8637.07 8637.07 8651.32 8651.32 8651.32 8651.32 8651.32 8651.32 8651.32 8651.32 8651.32 8651.32 8651.32 8651.32 8665.57 8665.57 8665.57 8665.57 8665.57 8665.57 8665.57 8665.57 8665.57 8665.57 8665.57 8665.57 8679.83 8679.83 8679.83 8679.83 8679.83 8679.83 8679.83 8679.83 8679.83 8679.83 8679.83 8679.83 8694.10 8694.10 8694.10 8694.10 8694.10 8694.10 8694.10 8694.10 8694.10 8694.10 8694.10 8694.10 8708.38 8708.38 8708.38 8708.38 8708.38 8708.38 8708.38 8708.38 8708.38 8708.38 8708.38 8708.38 8722.66 8722.66 8722.66 8722.66 8722.66 8722.66 8722.66 8722.66 8722.66 8722.66 8722.66 8722.66 8736.95 8736.95 8736.95 8736.95 8736.95 8736.95 8736.95 8736.95 8736.95 8736.95 8736.95 8736.95 8751.25 8751.25 8751.25 8751.25 8751.25 8751.25 8751.25 8751.25 8751.25 8751.25 8751.25 8751.25 8765.56 8765.56 8765.56 8765.56 8765.56 8765.56 8765.56 8765.56 8765.56 8765.56 8765.56 8765.56 8779.87 8779.87 8779.87 8779.87 8779.87 8779.87 8779.87 8779.87 8779.87 8779.87 8779.87 8779.87 8794.19 8794.19 8794.19 8794.19 8794.19 8794.19 8794.19 8794.19 8794.19 8794.19 8794.19 8794.19 8808.52 8808.52 8808.52 8808.52 8808.52 8808.52 8808.52 8808.52 8808.52 8808.52 8808.52 8808.52 8822.85 8822.85 8822.85 8822.85 8822.85 8822.85 8822.85 8822.85 8822.85 8822.85 8822.85 8822.85 8837.19 8837.19 8837.19 8837.19 8837.19 8837.19 8837.19 8837.19 8837.19 8837.19 8837.19 8837.19 8851.54 8851.54 8851.54 8851.54 8851.54 8851.54 8851.54 8851.54 8851.54 8851.54 8851.54 8851.54 8865.90 8865.90 8865.90 8865.90 8865.90 8865.90 8865.90 8865.90 8865.90 8865.90 8865.90 8865.90 8880.26 8880.26 8880.26 8880.26 8880.26 8880.26 8880.26 8880.26 8880.26 8880.26 8880.26 8880.26 8894.64 8894.64 8894.64 8894.64 8894.64 8894.64 8894.64 8894.64 8894.64 8894.64 8894.64 8894.64 8909.01 8909.01 8909.01 8909.01 8909.01 8909.01 8909.01 8909.01 8909.01 8909.01 8909.01 8909.01 8923.40 8923.40 8923.40 8923.40 8923.40 8923.40 8923.40 8923.40 8923.40 8923.40 8923.40 8923.40 8937.79 8937.79 8937.79 8937.79 8937.79 8937.79 8937.79 8937.79 8937.79 8937.79 8937.79 8937.79 8952.19 8952.19 8952.19 8952.19 8952.19 8952.19 8952.19 8952.19 8952.19 8952.19 8952.19 8952.19 8966.60 8966.60 8966.60 8966.60 8966.60 8966.60 8966.60 8966.60 8966.60 8966.60 8966.60 8966.60
=== END RADAR_SCAN ===

=== BEGIN RADAR_SCAN ===
scan.index=5
scan.time=186.330000
radar.id=0
radar.frequency=C
radar.scanning_mode=PPI
radar.x=0.000
radar.y=0.000
radar.z=25.000
radar.maximum_range=250000.000
radar.range_resolution=250.000
radar.angular_resolution=1.000000
box.radar_id=0
box.min_range_gate=693.000
box.max_range_gate=774.000
box.min_angle=95.000000
box.max_angle=107.000000
box.num_ranges=82
box.num_angles=12
box.range_resolution=250.000
box.angular_resolution=1.000000
box.other_angle=0.800000
grid.size=984
grid.data=0.00 0.00 0.00 0.00 0.00 0.00 0.00 0.00 0.00 0.00 0.00 0.00 0.00 0.00 0.00 0.00 0.00 0.00 0.00 0.00 0.00 0.00 0.00 0.00 0.00 0.00 0.00 0.00 0.00 0.00 38.84 0.00 0.00 0.00 0.00 0.00 0.00 0.00 0.00 0.00 0.00 0.00 34.23 35.65 0.00 0.00 0.00 0.00 0.00 0.00 0.00 0.00 0.00 36.52 36.53 38.31 0.00 0.00 0.00 0.00 0.00 0.00 0.00 0.00 0.00 36.68 34.89 33.32 0.00 0.00 0.00 0.00 0.00 0.00 0.00 0.00 0.00 29.82 41.41 36.46 0.00 0.00 0.00 0.00 0.00 0.00 0.00 0.00 0.00 35.35 38.83 35.99 0.00 0.00 0.00 0.00 0.00 0.00 0.00 0.00 0.00 33.72 30.98 32.75 0.00 0.00 0.00 0.00 0.00 0.00 0.00 0.00 0.00 34.24 40.01 36.33 0.00 0.00 0.00 0.00 0.00 0.00 0.00 0.00 0.00 37.31 35.63 35.91 33.91 0.00 0.00 0.00 0.00 0.00 0.00 0.00 37.85 27.78 36.53 37.04 40.52 0.00 0.00 0.00 0.00 0.00 0.00 0.00 37.63 33.22 37.45 32.44 36.88 0.00 0.00 0.00 0.00 0.00 0.00 0.00 32.56 32.94 39.54 36.01 31.25 0.00 0.00 0.00 0.00 0.00 0.00 0.00 39.63 34.69 36.06 35.04 36.21 0.00 0.00 0.00 0.00 0.00 0.00 0.00 34.33 38.24 37.56 35.96 34.55 0.00 0.00 0.00 0.00 0.00 0.00 0.00 35.57 36.27 35.40 34.07 32.40 0.00 0.00 0.00 0.00 0.00 0.00 0.00 33.51 37.71 36.30 35.20 39.38 0.00 0.00 0.00 0.00 0.00 0.00 0.00 34.17 35.71 36.75 39.09 35.73 0.00 0.00 0.00 0.00 0.00 0.00 0.00 37.94 40.93 35.85 35.55 36.05 0.00 0.00 0.00 0.00 0.00 0.00 0.00 36.37 40.25 36.63 32.27 37.91 0.00 0.00 0.00 0.00 0.00 0.00 0.00 41.46 39.58 40.45 33.04 33.53 0.00 0.00 0.00 0.00 0.00 0.00 0.00 36.08 39.98 35.12 39.24 38.39 0.00 0.00 0.00 0.00 0.00 0.00 0.00 34.89 34.25 37.01 37.73 39.88 0.00 0.00 0.00 0.00 0.00 0.00 0.00 38.88 37.88 35.35 39.28 33.64 0.00 0.00 0.00 0.00 0.00 0.00 0.00 39.63 38.87 37.97 35.96 35.37 0.00 0.00 0.00 0.00 0.00 0.00 0.00 37.14 36.86 29.92 40.53 32.60 36.01 0.00 0.00 0.00 0.00 0.00 0.00 36.71 35.81 35.91 34.66 31.86 34.42 0.00 0.00 0.00 0.00 0.00 0.00 40.06 39.50 29.15 33.64 32.80 37.31 0.00 0.00 0.00 0.00 0.00 0.00 36.23 38.05 32.66 32.99 41.83 31.60 0.00 0.00 0.00 0.00 0.00 0.00 33.97 38.17 37.44 38.93 38.71 37.57 0.00 0.00 0.00 0.00 0.00 0.00 37.89 36.02 36.84 32.06 34.12 37.90 0.00 0.00 0.00 0.00 0.00 0.00 40.75 39.87 39.04 34.94 31.92 34.34 0.00 0.00 0.00 0.00 0.00 0.00 36.29 33.90 38.05 37.21 28.64 36.04 0.00 0.00 0.00 0.00 0.00 0.00 36.76 36.81 35.96 37.31 31.55 34.48 0.00 0.00 0.00 0.00 0.00 37.81 37.35 39.01 37.56 33.56 37.61 35.85 0.00 0.00 0.00 0.00 0.00 31.21 36.93 36.48 36.75 33.52 29.78 33.71 0.00 0.00 0.00 0.00 0.00 36.96 35.63 36.25 32.57 36.02 35.60 31.48 0.00 0.00 0.00 0.00 0.00 38.84 32.31 35.82 33.16 34.11 35.39 31.68 0.00 0.00 0.00 0.00 0.00 32.75 38.79 35.44 38.57 30.78 34.90 31.70 0.00 0.00 0.00 0.00 0.00 39.23 33.37 34.43 32.46 31.22 31.63 36.44 0.00 0.00 0.00 0.00 0.00 33.16 35.40 34.83 37.24 29.81 30.77 31.59 0.00 0.00 0.00 0.00 0.00 29.39 35.35 37.27 35.91 32.48 33.95 34.08 0.00 0.00 0.00 0.00 0.00 36.54 37.73 37.33 32.79 33.33 35.64 31.90 0.00 0.00 0.00 0.00 0.00 33.95 34.76 30.38 33.24 34.36 33.12 37.35 0.00 0.00 0.00 0.00 0.00 36.05 37.39 29.76 32.62 33.64 30.83 38.43 0.00 0.00 0.00 0.00 0.00 34.20 33.50 35.62 31.73 33.55 33.64 34.32 0.00 0.00 0.00 0.00 0.00 0.00 39.12 35.72 29.33 30.91 33.96 31.62 0.00 0.00 0.00 0.00 0.00 0.00 33.78 32.22 34.59 33.32 34.88 34.58 0.00 0.00 0.00 0.00 0.00 0.00 37.06 33.98 34.62 34.83 34.52 31.93 0.00 0.00 0.00 0.00 0.00 0.00 34.57 35.75 35.18 33.27 35.77 34.53 0.00 0.00 0.00 0.00 0.00 0.00 36.77 32.64 30.00 33.74 31.38 35.78 0.00 0.00 0.00 0.00 0.00 0.00 35.94 35.77 32.16 35.03 31.24 33.21 0.00 0.00 0.00 0.00 0.00 0.00 34.05 31.20 32.55 32.70 32.85 30.00 0.00 0.00 0.00 0.00 0.00 0.00 39.28 36.58 30.16 32.47 38.03 33.48 0.00 0.00 0.00 0.00 0.00 0.00 34.65 34.35 28.25 32.08 28.91 0.00 0.00 0.00 0.00 0.00 0.00 0.00 32.03 34.04 32.57 30.86 30.93 0.00 0.00 0.00 0.00 0.00 0.00 0.00 34.28 32.26 31.65 33.73 30.81 0.00 0.00 0.00 0.00 0.00 0.00 0.00 31.31 31.71 32.48 29.72 33.88 0.00 0.00 0.00 0.00 0.00 0.00 0.00 33.88 31.27 29.95 35.07 37.87 0.00 0.00 0.00 0.00 0.00 0.00 0.00 30.09 33.98 30.19 31.32 32.82 0.00 0.00 0.00 0.00 0.00 0.00 0.00 31.49 32.04 29.22 26.67 36.15 0.00 0.00 0.00 0.00 0.00 0.00 0.00 31.17 29.99 26.50 27.98 31.96 0.00 0.00 0.00 0.00 0.00 0.00 0.00 30.01 28.97 32.21 33.68 28.95 0.00 0.00 0.00 0.00 0.00 0.00 0.00 31.49 28.86 32.86 35.52 31.16 0.00 0.00 0.00 0.00 0.00 0.00 0.00 32.10 31.28 31.86 29.70 30.56 0.00 0.00 0.00 0.00 0.00 0.00 0.00 34.90 32.36 31.19 28.51 32.57 0.00 0.00 0.00 0.00 0.00 0.00 0.00 31.35 28.94 32.40 31.07 32.65 0.00 0.00 0.00 0.00 0.00 0.00 0.00 31.23 31.40 28.22 35.52 33.05 0.00 0.00 0.00 0.00 0.00 0.00 0.00 27.43 29.79 28.29 32.63 26.90 0.00 0.00 0.00 0.00 0.00 0.00 0.00 30.97 32.11 30.55 36.22 30.89 0.00 0.00 0.00 0.00 0.00 0.00 0.00 0.00 30.50 27.17 25.14 31.09 0.00 0.00 0.00 0.00 0.00 0.00 0.00 0.00 29.13 30.73 30.43 29.32 0.00 0.00 0.00 0.00 0.00 0.00 0.00 0.00 33.71 33.92 29.89 0.00 0.00 0.00 0.00 0.00 0.00 0.00 0.00 0.00 32.89 32.06 29.51 0.00 0.00 0.00 0.00 0.00 0.00 0.00 0.00 0.00 31.90 30.56 28.33 0.00 0.00 0.00 0.00 0.00 0.00 0.00 0.00 0.00 32.77 29.27 30.59 0.00 0.00 0.00 0.00 0.00 0.00 0.00 0.00 0.00 29.61 31.30 28.47 0.00 0.00 0.00 0.00 0.00 0.00 0.00 0.00 0.00 31.24 28.14 30.02 0.00 0.00 0.00 0.00 0.00 0.00 0.00 0.00 0.00 0.00 30.18 29.40 0.00 0.00 0.00 0.00 0.00 0.00 0.00 0.00 0.00 0.00 30.71 0.00 0.00 0.00 0.00 0.00 0.00 0.00 0.00 0.00 0.00 0.00 28.72 0.00 0.00 0.00 0.00 0.00
rain_type.data=0 0 0 0 0 0 0 0 0 0 0 0 0 0 0 0 0 0 0 0 0 0 0 0 0 0 0 0 0 0 1 0 0 0 0 0 0 0 0 0 0 0 1 1 0 0 0 0 0 0 0 0 0 1 1 1 0 0 0 0 0 0 0 0 0 1 1 1 0 0 0 0 0 0 0 0 0 1 1 1 0 0 0 0 0 0 0 0 0 1 1 1 0 0 0 0 0 0 0 0 0 1 1 1 0 0 0 0 0 0 0 0 0 1 1 1 0 0 0 0 0 0 0 0 0 1 1 1 1 0 0 0 0 0 0 0 1 1 1 1 1 0 0 0 0 0 0 0 1 1 1 1 1 0 0 0 0 0 0 0 1 1 1 1 1 0 0 0 0 0 0 0 1 1 1 1 1 0 0 0 0 0 0 0 1 1 1 1 1 0 0 0 0 0 0 0 1 1 1 1 1 0 0 0 0 0 0 0 1 1 1 1 1 0 0 0 0 0 0 0 1 1 1 1 1 0 0 0 0 0 0 0 2 2 1 1 1 0 0 0 0 0 0 0 2 2 1 1 1 0 0 0 0 0 0 0 2 2 1 1 1 0 0 0 0 0 0 0 2 2 1 1 1 0 0 0 0 0 0 0 2 2 1 1 1 0 0 0 0 0 0 0 2 2 1 1 1 0 0 0 0 0 0 0 2 2 1 1 1 0 0 0 0 0 0 0 2 2 1 1 1 1 0 0 0 0 0 0 2 2 1 1 1 1 0 0 0 0 0 0 2 2 1 1 1 1 0 0 0 0 0 0 2 2 1 1 1 1 0 0 0 0 0 0 2 2 2 1 1 1 0 0 0 0 0 0 2 2 2 1 1 1 0 0 0 0 0 0 2 2 2 1 1 1 0 0 0 0 0 0 2 2 2 1 1 1 0 0 0 0 0 0 2 2 2 1 1 1 0 0 0 0 0 2 2 2 2 1 1 1 0 0 0 0 0 2 2 2 2 1 1 1 0 0 0 0 0 2 2 2 2 1 1 1 0 0 0 0 0 2 2 2 2 1 1 1 0 0 0 0 0 2 2 2 2 1 1 1 0 0 0 0 0 2 2 2 2 1 1 1 0 0 0 0 0 1 2 2 2 1 1 1 0 0 0 0 0 1 2 2 2 1 1 1 0 0 0 0 0 1 2 2 2 1 1 1 0 0 0 0 0 1 2 2 2 1 1 1 0 0 0 0 0 1 2 2 1 1 1 1 0 0 0 0 0 1 2 2 1 1 1 1 0 0 0 0 0 0 2 2 1 1 1 1 0 0 0 0 0 0 2 2 1 1 1 1 0 0 0 0 0 0 2 2 1 1 1 1 0 0 0 0 0 0 2 2 1 1 1 1 0 0 0 0 0 0 2 2 1 1 1 1 0 0 0 0 0 0 2 2 1 1 1 1 0 0 0 0 0 0 2 2 1 1 1 1 0 0 0 0 0 0 2 2 1 1 1 1 0 0 0 0 0 0 2 2 1 1 1 0 0 0 0 0 0 0 2 2 1 1 1 0 0 0 0 0 0 0 1 1 1 1 1 0 0 0 0 0 0 0 1 1 1 1 1 0 0 0 0 0 0 0 1 1 1 1 1 0 0 0 0 0 0 0 1 1 1 1 1 0 0 0 0 0 0 0 1 1 1 1 1 0 0 0 0 0 0 0 1 1 1 1 1 0 0 0 0 0 0 0 1 1 1 1 1 0 0 0 0 0 0 0 1 1 1 1 1 0 0 0 0 0 0 0 1 1 1 1 1 0 0 0 0 0 0 0 1 1 1 1 1 0 0 0 0 0 0 0 1 1 1 1 1 0 0 0 0 0 0 0 1 1 1 1 1 0 0 0 0 0 0 0 1 1 1 1 1 0 0 0 0 0 0 0 1 1 1 1 1 0 0 0 0 0 0 0 0 1 1 1 1 0 0 0 0 0 0 0 0 1 1 1 1 0 0 0 0 0 0 0 0 1 1 1 0 0 0 0 0 0 0 0 0 1 1 1 0 0 0 0 0 0 0 0 0 1 1 1 0 0 0 0 0 0 0 0 0 1 1 1 0 0 0 0 0 0 0 0 0 1 1 1 0 0 0 0 0 0 0 0 0 1 1 1 0 0 0 0 0 0 0 0 0 0 1 1 0 0 0 0 0 0 0 0 0 0 1 0 0 0 0 0 0 0 0 0 0 0 1 0 0 0 0 0
estimated_attenuation.size=984
estimated_attenuation.data=0.00 0.00 0.00 0.00 0.00 0.00 0.00 0.00 0.00 0.00 0.00 0.00 0.00 0.00 0.00 0.00 0.00 0.00 0.00 0.00 0.00 0.00 0.00 0.00 0.00 0.00 0.00 0.00 0.00 0.00 0.00 0.00 0.00 0.00 0.00 0.00 0.00 0.00 0.00 0.00 0.00 0.00 0.00 0.00 0.00 0.00 0.00 0.00 0.00 0.00 0.00 0.00 0.00 0.00 0.00 0.00 0.00 0.00 0.00 0.00 0.00 0.00 0.00 0.00 0.00 0.00 0.00 0.00 0.00 0.00 0.00 0.00 0.00 0.00 0.00 0.00 0.00 0.00 0.00 0.00 0.00 0.00 0.00 0.00 0.00 0.00 0.00 0.00 0.00 0.00 0.00 0.00 0.00 0.00 0.00 0.00 0.00 0.00 0.00 0.00 0.00 0.00 0.00 0.00 0.00 0.00 0.00 0.00 0.00 0.00 0.00 0.00 0.00 0.00 0.00 0.00 0.00 0.00 0.00 0.00 0.00 0.00 0.00 0.00 0.00 0.00 0.00 0.00 0.00 0.00 0.00 0.00 0.00 0.00 0.00 0.00 0.00 0.00 0.00 0.00 0.00 0.00 0.00 0.00 0.00 0.00 0.00 0.00 0.00 0.00 0.00 0.00 0.00 0.00 0.00 0.00 0.00 0.00 0.00 0.00 0.00 0.00 0.00 0.00 0.00 0.00 0.00 0.00 0.00 0.00 0.00 0.00 0.00 0.00 0.00 0.00 0.00 0.00 0.00 0.00 0.00 0.00 0.00 0.00 0.00 0.00 0.00 0.00 0.00 0.00 0.00 0.00 0.00 0.00 0.00 0.00 0.00 0.00 0.00 0.00 0.00 0.00 0.00 0.00 0.00 0.00 0.00 0.00 0.00 0.00 0.00 0.00 0.00 0.00 0.00 0.00 0.00 0.00 0.00 0.00 0.00 0.00 0.00 0.00 0.00 0.00 0.00 0.00 0.00 0.00 0.00 0.00 0.00 0.00 0.00 0.00 0.00 0.00 0.00 0.00 0.00 0.00 0.00 0.00 0.00 0.00 0.00 0.00 0.00 0.00 0.00 0.00 0.00 0.00 0.00 0.00 0.00 0.00 0.00 0.00 0.00 0.00 0.00 0.00 0.00 0.00 0.00 0.00 0.00 0.00 0.00 0.00 0.00 0.00 0.00 0.00 0.00 0.00 0.00 0.00 0.00 0.00 0.00 0.00 0.00 0.00 0.00 0.00 0.00 0.00 0.00 0.00 0.00 0.00 0.00 0.00 0.00 0.00 0.00 0.00 0.00 0.00 0.00 0.00 0.00 0.00 0.00 0.00 0.00 0.00 0.00 0.00 0.00 0.00 0.00 0.00 0.00 0.00 0.00 0.00 0.00 0.00 0.00 0.00 0.00 0.00 0.00 0.00 0.00 0.00 0.00 0.00 0.00 0.00 0.00 0.00 0.00 0.00 0.00 0.00 0.00 0.00 0.00 0.00 0.00 0.00 0.00 0.00 0.00 0.00 0.00 0.00 0.00 0.00 0.00 0.00 0.00 0.00 0.00 0.00 0.00 0.00 0.00 0.00 0.00 0.00 0.00 0.00 0.00 0.00 0.00 0.00 0.00 0.00 0.00 0.00 0.00 0.00 0.00 0.00 0.00 0.00 0.00 0.00 0.00 0.00 0.00 0.00 0.00 0.00 0.00 0.00 0.00 0.00 0.00 0.00 0.00 0.00 0.00 0.00 0.00 0.00 0.00 0.00 0.00 0.00 0.00 0.00 0.00 0.00 0.00 0.00 0.00 0.00 0.00 0.00 0.00 0.00 0.00 0.00 0.00 0.00 0.00 0.00 0.00 0.00 0.00 0.00 0.00 0.00 0.00 0.00 0.00 0.00 0.00 0.00 0.00 0.00 0.00 0.00 0.00 0.00 0.00 0.00 0.00 0.00 0.00 0.00 0.00 0.00 0.00 0.00 0.00 0.00 0.00 0.00 0.00 0.00 0.00 0.00 0.00 0.00 0.00 0.00 0.00 0.00 0.00 0.00 0.00 0.00 0.00 0.00 0.00 0.00 0.00 0.00 0.00 0.00 0.00 0.00 0.00 0.00 0.00 0.00 0.00 0.00 0.00 0.00 0.00 0.00 0.00 0.00 0.00 0.00 0.00 0.00 0.00 0.00 0.00 0.00 0.00 0.00 0.00 0.00 0.00 0.00 0.00 0.00 0.00 0.00 0.00 0.00 0.00 0.00 0.00 0.00 0.00 0.00 0.00 0.00 0.00 0.00 0.00 0.00 0.00 0.00 0.00 0.00 0.00 0.00 0.00 0.00 0.00 0.00 0.00 0.00 0.00 0.00 0.00 0.00 0.00 0.00 0.00 0.00 0.00 0.00 0.00 0.00 0.00 0.00 0.00 0.00 0.00 0.00 0.00 0.00 0.00 0.00 0.00 0.00 0.00 0.00 0.00 0.00 0.00 0.00 0.00 0.00 0.00 0.00 0.00 0.00 0.00 0.00 0.00 0.00 0.00 0.00 0.00 0.00 0.00 0.00 0.00 0.00 0.00 0.00 0.00 0.00 0.00 0.00 0.00 0.00 0.00 0.00 0.00 0.00 0.00 0.00 0.00 0.00 0.00 0.00 0.00 0.00 0.00 0.00 0.00 0.00 0.00 0.00 0.00 0.00 0.00 0.00 0.00 0.00 0.00 0.00 0.00 0.00 0.00 0.00 0.00 0.00 0.00 0.00 0.00 0.00 0.00 0.00 0.00 0.00 0.00 0.00 0.00 0.00 0.00 0.00 0.00 0.00 0.00 0.00 0.00 0.00 0.00 0.00 0.00 0.00 0.00 0.00 0.00 0.00 0.00 0.00 0.00 0.00 0.00 0.00 0.00 0.00 0.00 0.00 0.00 0.00 0.00 0.00 0.00 0.00 0.00 0.00 0.00 0.00 0.00 0.00 0.00 0.00 0.00 0.00 0.00 0.00 0.00 0.00 0.00 0.00 0.00 0.00 0.00 0.00 0.00 0.00 0.00 0.00 0.00 0.00 0.00 0.00 0.00 0.00 0.00 0.00 0.00 0.00 0.00 0.00 0.00 0.00 0.00 0.00 0.00 0.00 0.00 0.00 0.00 0.00 0.00 0.00 0.00 0.00 0.00 0.00 0.00 0.00 0.00 0.00 0.00 0.00 0.00 0.00 0.00 0.00 0.00 0.00 0.00 0.00 0.00 0.00 0.00 0.00 0.00 0.00 0.00 0.00 0.00 0.00 0.00 0.00 0.00 0.00 0.00 0.00 0.00 0.00 0.00 0.00 0.00 0.00 0.00 0.00 0.00 0.00 0.00 0.00 0.00 0.00 0.00 0.00 0.00 0.00 0.00 0.00 0.00 0.00 0.00 0.00 0.00 0.00 0.00 0.00 0.00 0.00 0.00 0.00 0.00 0.00 0.00 0.00 0.00 0.00 0.00 0.00 0.00 0.00 0.00 0.00 0.00 0.00 0.00 0.00 0.00 0.00 0.00 0.00 0.00 0.00 0.00 0.00 0.00 0.00 0.00 0.00 0.00 0.00 0.00 0.00 0.00 0.00 0.00 0.00 0.00 0.00 0.00 0.00 0.00 0.00 0.00 0.00 0.00 0.00 0.00 0.00 0.00 0.00 0.00 0.00 0.00 0.00 0.00 0.00 0.00 0.00 0.00 0.00 0.00 0.00 0.00 0.00 0.00 0.00 0.00 0.00 0.00 0.00 0.00 0.00 0.00 0.00 0.00 0.00 0.00 0.00 0.00 0.00 0.00 0.00 0.00 0.00 0.00 0.00 0.00 0.00 0.00 0.00 0.00 0.00 0.00 0.00 0.00 0.00 0.00 0.00 0.00 0.00 0.00 0.00 0.00 0.00 0.00 0.00 0.00 0.00 0.00 0.00 0.00 0.00 0.00 0.00 0.00 0.00 0.00 0.00 0.00 0.00 0.00 0.00 0.00 0.00 0.00 0.00 0.00 0.00 0.00 0.00 0.00 0.00 0.00 0.00 0.00 0.00 0.00 0.00 0.00 0.00 0.00 0.00 0.00 0.00 0.00 0.00 0.00 0.00 0.00 0.00 0.00 0.00 0.00 0.00 0.00 0.00 0.00 0.00 0.00 0.00 0.00 0.00 0.00 0.00 0.00 0.00 0.00 0.00 0.00 0.00 0.00 0.00 0.00 0.00 0.00 0.00 0.00 0.00 0.00 0.00 0.00 0.00 0.00 0.00 0.00 0.00 0.00 0.00 0.00 0.00 0.00 0.00 0.00 0.00 0.00 0.00 0.00 0.00 0.00 0.00 0.00 0.00
height.size=984
height.data=4184.64 4184.64 4184.64 4184.64 4184.64 4184.64 4184.64 4184.64 4184.64 4184.64 4184.64 4184.64 4193.23 4193.23 4193.23 4193.23 4193.23 4193.23 4193.23 4193.23 4193.23 4193.23 4193.23 4193.23 4201.82 4201.82 4201.82 4201.82 4201.82 4201.82 4201.82 4201.82 4201.82 4201.82 4201.82 4201.82 4210.43 4210.43 4210.43 4210.43 4210.43 4210.43 4210.43 4210.43 4210.43 4210.43 4210.43 4210.43 4219.04 4219.04 4219.04 4219.04 4219.04 4219.04 4219.04 4219.04 4219.04 4219.04 4219.04 4219.04 4227.66 4227.66 4227.66 4227.66 4227.66 4227.66 4227.66 4227.66 4227.66 4227.66 4227.66 4227.66 4236.28 4236.28 4236.28 4236.28 4236.28 4236.28 4236.28 4236.28 4236.28 4236.28 4236.28 4236.28 4244.92 4244.92 4244.92 4244.92 4244.92 4244.92 4244.92 4244.92 4244.92 4244.92 4244.92 4244.92 4253.56 4253.56 4253.56 4253.56 4253.56 4253.56 4253.56 4253.56 4253.56 4253.56 4253.56 4253.56 4262.20 4262.20 4262.20 4262.20 4262.20 4262.20 4262.20 4262.20 4262.20 4262.20 4262.20 4262.20 4270.86 4270.86 4270.86 4270.86 4270.86 4270.86 4270.86 4270.86 4270.86 4270.86 4270.86 4270.86 4279.52 4279.52 4279.52 4279.52 4279.52 4279.52 4279.52 4279.52 4279.52 4279.52 4279.52 4279.52 4288.19 4288.19 4288.19 4288.19 4288.19 4288.19 4288.19 4288.19 4288.19 4288.19 4288.19 4288.19 4296.87 4296.87 4296.87 4296.87 4296.87 4296.87 4296.87 4296.87 4296.87 4296.87 4296.87 4296.87 4305.55 4305.55 4305.55 4305.55 4305.55 4305.55 4305.55 4305.55 4305.55 4305.55 4305.55 4305.55 4314.24 4314.24 4314.24 4314.24 4314.24 4314.24 4314.24 4314.24 4314.24 4314.24 4314.24 4314.24 4322.94 4322.94 4322.94 4322.94 4322.94 4322.94 4322.94 4322.94 4322.94 4322.94 4322.94 4322.94 4331.65 4331.65 4331.65 4331.65 4331.65 4331.65 4331.65 4331.65 4331.65 4331.65 4331.65 4331.65 4340.36 4340.36 4340.36 4340.36 4340.36 4340.36 4340.36 4340.36 4340.36 4340.36 4340.36 4340.36 4349.08 4349.08 4349.08 4349.08 4349.08 4349.08 4349.08 4349.08 4349.08 4349.08 4349.08 4349.08 4357.81 4357.81 4357.81 4357.81 4357.81 4357.81 4357.81 4357.81 4357.81 4357.81 4357.81 4357.81 4366.55 4366.55 4366.55 4366.55 4366.55 4366.55 4366.55 4366.55 4366.55 4366.55 4366.55 4366.55 4375.29 4375.29 4375.29 4375.29 4375.29 4375.29 4375.29 4375.29 4375.29 4375.29 4375.29 4375.29 4384.04 4384.04 4384.04 4384.04 4384.04 4384.04 4384.04 4384.04 4384.04 4384.04 4384.04 4384.04 4392.80 4392.80 4392.80 4392.80 4392.80 4392.80 4392.80 4392.80 4392.80 4392.80 4392.80 4392.80 4401.56 4401.56 4401.56 4401.56 4401.56 4401.56 4401.56 4401.56 4401.56 4401.56 4401.56 4401.56 4410.33 4410.33 4410.33 4410.33 4410.33 4410.33 4410.33 4410.33 4410.33 4410.33 4410.33 4410.33 4419.11 4419.11 4419.11 4419.11 4419.11 4419.11 4419.11 4419.11 4419.11 4419.11 4419.11 4419.11 4427.90 4427.90 4427.90 4427.90 4427.90 4427.90 4427.90 4427.90 4427.90 4427.90 4427.90 4427.90 4436.70 4436.70 4436.70 4436.70 4436.70 4436.70 4436.70 4436.70 4436.70 4436.70 4436.70 4436.70 4445.50 4445.50 4445.50 4445.50 4445.50 4445.50 4445.50 4445.50 4445.50 4445.50 4445.50 4445.50 4454.31 4454.31 4454.31 4454.31 4454.31 4454.31 4454.31 4454.31 4454.31 4454.31 4454.31 4454.31 4463.12 4463.12 4463.12 4463.12 4463.12 4463.12 4463.12 4463.12 4463.12 4463.12 4463.12 4463.12 4471.95 4471.95 4471.95 4471.95 4471.95 4471.95 4471.95 4471.95 4471.95 4471.95 4471.95 4471.95 4480.78 4480.78 4480.78 4480.78 4480.78 4480.78 4480.78 4480.78 4480.78 4480.78 4480.78 4480.78 4489.62 4489.62 4489.62 4489.62 4489.62 4489.62 4489.62 4489.62 4489.62 4489.62 4489.62 4489.62 4498.46 4498.46 4498.46 4498.46 4498.46 4498.46 4498.46 4498.46 4498.46 4498.46 4498.46 4498.46 4507.32 4507.32 4507.32 4507.32 4507.32 4507.32 4507.32 4507.32 4507.32 4507.32 4507.32 4507.32 4516.18 4516.18 4516.18 4516.18 4516.18 4516.18 4516.18 4516.18 4516.18 4516.18 4516.18 4516.18 4525.04 4525.04 4525.04 4525.04 4525.04 4525.04 4525.04 4525.04 4525.04 4525.04 4525.04 4525.04 4533.92 4533.92 4533.92 4533.92 4533.92 4533.92 4533.92 4533.92 4533.92 4533.92 4533.92 4533.92 4542.80 4542.80 4542.80 4542.80 4542.80 4542.80 4542.80 4542.80 4542.80 4542.80 4542.80 4542.80 4551.69 4551.69 4551.69 4551.69 4551.69 4551.69 4551.69 4551.69 4551.69 4551.69 4551.69 4551.69 4560.59 4560.59 4560.59 4560.59 4560.59 4560.59 4560.59 4560.59 4560.59 4560.59 4560.59 4560.59 4569.49 4569.49 4569.49 4569.49 4569.49 4569.49 4569.49 4569.49 4569.49 4569.49 4569.49 4569.49 4578.41 4578.41 4578.41 4578.41 4578.41 4578.41 4578.41 4578.41 4578.41 4578.41 4578.41 4578.41 4587.32 4587.32 4587.32 4587.32 4587.32 4587.32 4587.32 4587.32 4587.32 4587.32 4587.32 4587.32 4596.25 4596.25 4596.25 4596.25 4596.25 4596.25 4596.25 4596.25 4596.25 4596.25 4596.25 4596.25 4605.19 4605.19 4605.19 4605.19 4605.19 4605.19 4605.19 4605.19 4605.19 4605.19 4605.19 4605.19 4614.13 4614.13 4614.13 4614.13 4614.13 4614.13 4614.13 4614.13 4614.13 4614.13 4614.13 4614.13 4623.08 4623.08 4623.08 4623.08 4623.08 4623.08 4623.08 4623.08 4623.08 4623.08 4623.08 4623.08 4632.03 4632.03 4632.03 4632.03 4632.03 4632.03 4632.03 4632.03 4632.03 4632.03 4632.03 4632.03 4640.99 4640.99 4640.99 4640.99 4640.99 4640.99 4640.99 4640.99 4640.99 4640.99 4640.99 4640.99 4649.97 4649.97 4649.97 4649.97 4649.97 4649.97 4649.97 4649.97 4649.97 4649.97 4649.97 4649.97 4658.94 4658.94 4658.94 4658.94 4658.94 4658.94 4658.94 4658.94 4658.94 4658.94 4658.94 4658.94 4667.93 4667.93 4667.93 4667.93 4667.93 4667.93 4667.93 4667.93 4667.93 4667.93 4667.93 4667.93 4676.92 4676.92 4676.92 4676.92 4676.92 4676.92 4676.92 4676.92 4676.92 4676.92 4676.92 4676.92 4685.92 4685.92 4685.92 4685.92 4685.92 4685.92 4685.92 4685.92 4685.92 4685.92 4685.92 4685.92 4694.93 4694.93 4694.93 4694.93 4694.93 4694.93 4694.93 4694.93 4694.93 4694.93 4694.93 4694.93 4703.94 4703.94 4703.94 4703.94 4703.94 4703.94 4703.94 4703.94 4703.94 4703.94 4703.94 4703.94 4712.97 4712.97 4712.97 4712.97 4712.97 4712.97 4712.97 4712.97 4712.97 4712.97 4712.97 4712.97 4721.99 4721.99 4721.99 4721.99 4721.99 4721.99 4721.99 4721.99 4721.99 4721.99 4721.99 4721.99 4731.03 4731.03 4731.03 4731.03 4731.03 4731.03 4731.03 4731.03 4731.03 4731.03 4731.03 4731.03 4740.08 4740.08 4740.08 4740.08 4740.08 4740.08 4740.08 4740.08 4740.08 4740.08 4740.08 4740.08 4749.13 4749.13 4749.13 4749.13 4749.13 4749.13 4749.13 4749.13 4749.13 4749.13 4749.13 4749.13 4758.19 4758.19 4758.19 4758.19 4758.19 4758.19 4758.19 4758.19 4758.19 4758.19 4758.19 4758.19 4767.25 4767.25 4767.25 4767.25 4767.25 4767.25 4767.25 4767.25 4767.25 4767.25 4767.25 4767.25 4776.33 4776.33 4776.33 4776.33 4776.33 4776.33 4776.33 4776.33 4776.33 4776.33 4776.33 4776.33 4785.41 4785.41 4785.41 4785.41 4785.41 4785.41 4785.41 4785.41 4785.41 4785.41 4785.41 4785.41 4794.49 4794.49 4794.49 4794.49 4794.49 4794.49 4794.49 4794.49 4794.49 4794.49 4794.49 4794.49 4803.59 4803.59 4803.59 4803.59 4803.59 4803.59 4803.59 4803.59 4803.59 4803.59 4803.59 4803.59 4812.69 4812.69 4812.69 4812.69 4812.69 4812.69 4812.69 4812.69 4812.69 4812.69 4812.69 4812.69 4821.80 4821.80 4821.80 4821.80 4821.80 4821.80 4821.80 4821.80 4821.80 4821.80 4821.80 4821.80 4830.92 4830.92 4830.92 4830.92 4830.92 4830.92 4830.92 4830.92 4830.92 4830.92 4830.92 4830.92 4840.05 4840.05 4840.05 4840.05 4840.05 4840.05 4840.05 4840.05 4840.05 4840.05 4840.05 4840.05 4849.18 4849.18 4849.18 4849.18 4849.18 4849.18 4849.18 4849.18 4849.18 4849.18 4849.18 4849.18 4858.32 4858.32 4858.32 4858.32 4858.32 4858.32 4858.32 4858.32 4858.32 4858.32 4858.32 4858.32 4867.46 4867.46 4867.46 4867.46 4867.46 4867.46 4867.46 4867.46 4867.46 4867.46 4867.46 4867.46 4876.62 4876.62 4876.62 4876.62 4876.62 4876.62 4876.62 4876.62 4876.62 4876.62 4876.62 4876.62 4885.78 4885.78 4885.78 4885.78 4885.78 4885.78 4885.78 4885.78 4885.78 4885.78 4885.78 4885.78 4894.95 4894.95 4894.95 4894.95 4894.95 4894.95 4894.95 4894.95 4894.95 4894.95 4894.95 4894.95 4904.13 4904.13 4904.13 4904.13 4904.13 4904.13 4904.13 4904.13 4904.13 4904.13 4904.13 4904.13
=== END RADAR_SCAN ===

=== BEGIN RADAR_SCAN ===
scan.index=6
scan.time=186.670000
radar.id=0
radar.frequency=C
radar.scanning_mode=PPI
radar.x=0.000
radar.y=0.000
radar.z=25.000
radar.maximum_range=250000.000
radar.range_resolution=250.000
radar.angular_resolution=1.000000
box.radar_id=0
box.min_range_gate=693.000
box.max_range_gate=774.000
box.min_angle=95.000000
box.max_angle=107.000000
box.num_ranges=82
box.num_angles=12
box.range_resolution=250.000
box.angular_resolution=1.000000
box.other_angle=0.300000
grid.size=984
grid.data=0.00 0.00 0.00 0.00 0.00 0.00 0.00 0.00 0.00 0.00 0.00 0.00 0.00 0.00 0.00 0.00 0.00 0.00 31.30 0.00 0.00 0.00 0.00 0.00 0.00 0.00 0.00 0.00 0.00 0.00 34.87 0.00 0.00 0.00 0.00 0.00 0.00 0.00 0.00 0.00 0.00 0.00 34.10 36.41 0.00 0.00 0.00 0.00 0.00 0.00 0.00 0.00 0.00 35.01 35.69 30.63 0.00 0.00 0.00 0.00 0.00 0.00 0.00 0.00 0.00 30.21 30.96 33.33 0.00 0.00 0.00 0.00 0.00 0.00 0.00 0.00 0.00 31.51 34.02 33.15 0.00 0.00 0.00 0.00 0.00 0.00 0.00 0.00 0.00 36.38 31.55 33.85 0.00 0.00 0.00 0.00 0.00 0.00 0.00 0.00 0.00 34.54 32.18 28.39 0.00 0.00 0.00 0.00 0.00 0.00 0.00 0.00 0.00 36.72 32.59 29.90 0.00 0.00 0.00 0.00 0.00 0.00 0.00 0.00 0.00 33.90 27.42 32.73 32.29 0.00 0.00 0.00 0.00 0.00 0.00 0.00 30.08 34.13 34.80 32.42 29.15 0.00 0.00 0.00 0.00 0.00 0.00 0.00 31.08 30.67 34.98 36.06 30.47 0.00 0.00 0.00 0.00 0.00 0.00 0.00 31.46 34.15 30.86 36.81 31.53 0.00 0.00 0.00 0.00 0.00 0.00 0.00 36.83 33.43 35.05 34.38 34.69 0.00 0.00 0.00 0.00 0.00 0.00 0.00 34.43 34.09 33.86 33.89 36.78 0.00 0.00 0.00 0.00 0.00 0.00 0.00 27.84 28.43 35.45 34.78 34.06 0.00 0.00 0.00 0.00 0.00 0.00 0.00 30.26 31.56 37.32 32.51 34.75 0.00 0.00 0.00 0.00 0.00 0.00 0.00 36.51 32.43 33.12 35.05 32.22 0.00 0.00 0.00 0.00 0.00 0.00 0.00 47.30 47.41 36.77 32.71 34.24 0.00 0.00 0.00 0.00 0.00 0.00 0.00 45.49 48.54 32.48 32.34 35.32 0.00 0.00 0.00 0.00 0.00 0.00 0.00 46.71 45.75 32.97 30.37 35.05 0.00 0.00 0.00 0.00 0.00 0.00 0.00 46.12 50.93 37.51 32.87 33.99 0.00 0.00 0.00 0.00 0.00 0.00 0.00 46.60 47.73 34.29 31.92 38.81 0.00 0.00 0.00 0.00 0.00 0.00 0.00 46.23 40.35 33.53 32.97 31.93 0.00 0.00 0.00 0.00 0.00 0.00 0.00 48.08 45.84 36.04 35.15 36.07 0.00 0.00 0.00 0.00 0.00 0.00 0.00 43.96 47.20 36.20 35.84 36.64 0.00 0.00 0.00 0.00 0.00 0.00 0.00 47.93 48.11 34.19 36.46 35.72 36.86 0.00 0.00 0.00 0.00 0.00 0.00 45.13 37.33 35.43 34.90 33.95 28.82 0.00 0.00 0.00 0.00 0.00 0.00 39.48 45.88 35.27 31.70 32.93 34.67 0.00 0.00 0.00 0.00 0.00 0.00 49.80 49.13 30.20 32.87 35.96 36.22 0.00 0.00 0.00 0.00 0.00 0.00 41.96 44.37 41.82 35.11 35.20 31.86 0.00 0.00 0.00 0.00 0.00 34.57 46.13 45.84 46.37 31.54 32.33 36.81 0.00 0.00 0.00 0.00 0.00 43.68 47.74 48.09 48.10 35.73 35.53 36.99 0.00 0.00 0.00 0.00 0.00 42.58 44.21 46.32 49.34 36.05 33.18 34.31 0.00 0.00 0.00 0.00 0.00 50.91 41.84 47.04 39.23 35.76 32.78 38.72 0.00 0.00 0.00 0.00 0.00 45.12 46.92 47.66 48.72 31.32 31.86 34.39 0.00 0.00 0.00 0.00 0.00 44.64 50.87 41.04 49.57 27.76 34.85 31.87 0.00 0.00 0.00 0.00 0.00 44.13 40.33 45.36 46.11 35.01 34.13 31.61 0.00 0.00 0.00 0.00 0.00 48.59 45.46 47.41 46.76 36.95 33.23 33.80 0.00 0.00 0.00 0.00 0.00 44.61 46.52 46.69 47.38 32.00 35.56 35.65 0.00 0.00 0.00 0.00 0.00 42.40 43.44 42.81 46.76 37.70 34.47 35.46 0.00 0.00 0.00 0.00 0.00 36.28 46.56 53.16 46.87 36.21 34.86 32.60 0.00 0.00 0.00 0.00 0.00 36.80 44.46 43.35 50.16 36.60 32.55 34.22 0.00 0.00 0.00 0.00 0.00 31.60 43.48 51.56 32.56 34.49 32.15 37.61 0.00 0.00 0.00 0.00 0.00 33.99 48.74 42.86 35.85 32.98 33.83 32.12 0.00 0.00 0.00 0.00 0.00 35.69 41.26 45.49 36.38 34.18 33.67 32.43 0.00 0.00 0.00 0.00 0.00 30.50 47.38 45.57 33.08 34.64 31.96 36.70 0.00 0.00 0.00 0.00 0.00 0.00 44.24 49.15 35.32 32.29 37.72 36.08 0.00 0.00 0.00 0.00 0.00 0.00 46.84 44.69 36.42 32.53 34.99 36.22 0.00 0.00 0.00 0.00 0.00 0.00 45.94 45.48 35.19 32.47 34.64 35.99 0.00 0.00 0.00 0.00 0.00 0.00 46.03 49.88 34.44 38.64 33.74 37.92 0.00 0.00 0.00 0.00 0.00 0.00 46.00 43.69 34.84 37.62 34.53 31.90 0.00 0.00 0.00 0.00 0.00 0.00 42.46 41.17 32.96 38.58 37.35 34.15 0.00 0.00 0.00 0.00 0.00 0.00 47.58 47.22 35.48 36.20 34.47 0.00 0.00 0.00 0.00 0.00 0.00 0.00 43.30 51.95 35.33 36.88 33.10 0.00 0.00 0.00 0.00 0.00 0.00 0.00 43.36 49.10 36.70 36.65 34.01 0.00 0.00 0.00 0.00 0.00 0.00 0.00 37.88 37.91 35.69 37.48 34.83 0.00 0.00 0.00 0.00 0.00 0.00 0.00 31.13 36.27 28.82 32.84 33.76 0.00 0.00 0.00 0.00 0.00 0.00 0.00 34.65 33.10 33.16 35.24 34.09 0.00 0.00 0.00 0.00 0.00 0.00 0.00 34.75 35.17 35.38 31.37 38.09 0.00 0.00 0.00 0.00 0.00 0.00 0.00 32.92 35.44 36.80 35.61 32.17 0.00 0.00 0.00 0.00 0.00 0.00 0.00 35.54 36.09 35.75 34.71 37.96 0.00 0.00 0.00 0.00 0.00 0.00 0.00 35.12 33.10 35.77 32.21 37.29 0.00 0.00 0.00 0.00 0.00 0.00 0.00 34.26 32.17 36.85 36.38 34.43 0.00 0.00 0.00 0.00 0.00 0.00 0.00 36.62 35.84 35.83 39.03 33.97 0.00 0.00 0.00 0.00 0.00 0.00 0.00 36.02 36.39 34.83 38.93 32.72 0.00 0.00 0.00 0.00 0.00 0.00 0.00 30.84 35.27 35.46 30.79 37.33 0.00 0.00 0.00 0.00 0.00 0.00 0.00 37.90 34.50 34.92 35.96 35.41 0.00 0.00 0.00 0.00 0.00 0.00 0.00 35.65 37.71 34.02 32.97 36.51 0.00 0.00 0.00 0.00 0.00 0.00 0.00 36.16 29.86 36.44 35.24 33.41 0.00 0.00 0.00 0.00 0.00 0.00 0.00 0.00 36.14 36.76 32.68 33.10 0.00 0.00 0.00 0.00 0.00 0.00 0.00 0.00 32.51 30.40 34.62 0.00 0.00 0.00 0.00 0.00 0.00 0.00 0.00 0.00 35.17 37.00 36.18 0.00 0.00 0.00 0.00 0.00 0.00 0.00 0.00 0.00 36.78 37.40 38.90 0.00 0.00 0.00 0.00 0.00 0.00 0.00 0.00 0.00 31.09 37.35 31.01 0.00 0.00 0.00 0.00 0.00 0.00 0.00 0.00 0.00 38.17 34.31 35.03 0.00 0.00 0.00 0.00 0.00 0.00 0.00 0.00 0.00 35.30 30.93 37.14 0.00 0.00 0.00 0.00 0.00 0.00 0.00 0.00 0.00 34.65 34.26 34.96 0.00 0.00 0.00 0.00 0.00 0.00 0.00 0.00 0.00 0.00 36.19 30.82 0.00 0.00 0.00 0.00 0.00 0.00 0.00 0.00 0.00 0.00 31.04 0.00 0.00 0.00 0.00 0.00 0.00 0.00 0.00 0.00 0.00 0.00 0.00 0.00 0.00 0.00 0.00 0.00
rain_type.data=0 0 0 0 0 0 0 0 0 0 0 0 0 0 0 0 0 0 1 0 0 0 0 0 0 0 0 0 0 0 1 0 0 0 0 0 0 0 0 0 0 0 1 1 0 0 0 0 0 0 0 0 0 1 1 1 0 0 0 0 0 0 0 0 0 1 1 1 0 0 0 0 0 0 0 0 0 1 1 1 0 0 0 0 0 0 0 0 0 1 1 1 0 0 0 0 0 0 0 0 0 1 1 1 0 0 0 0 0 0 0 0 0 1 1 1 0 0 0 0 0 0 0 0 0 1 1 1 1 0 0 0 0 0 0 0 1 1 1 1 1 0 0 0 0 0 0 0 1 1 1 1 1 0 0 0 0 0 0 0 1 1 1 1 1 0 0 0 0 0 0 0 1 1 1 1 1 0 0 0 0 0 0 0 1 1 1 1 1 0 0 0 0 0 0 0 1 1 1 1 1 0 0 0 0 0 0 0 1 1 1 1 1 0 0 0 0 0 0 0 1 1 1 1 1 0 0 0 0 0 0 0 2 2 1 1 1 0 0 0 0 0 0 0 2 2 1 1 1 0 0 0 0 0 0 0 2 2 1 1 1 0 0 0 0 0 0 0 2 2 1 1 1 0 0 0 0 0 0 0 2 2 1 1 1 0 0 0 0 0 0 0 2 2 1 1 1 0 0 0 0 0 0 0 2 2 1 1 1 0 0 0 0 0 0 0 2 2 1 1 1 0 0 0 0 0 0 0 2 2 1 1 1 1 0 0 0 0 0 0 2 2 1 1 1 1 0 0 0 0 0 0 2 2 1 1 1 1 0 0 0 0 0 0 2 2 1 1 1 1 0 0 0 0 0 0 2 2 2 1 1 1 0 0 0 0 0 1 2 2 2 1 1 1 0 0 0 0 0 2 2 2 2 1 1 1 0 0 0 0 0 2 2 2 2 1 1 1 0 0 0 0 0 2 2 2 2 1 1 1 0 0 0 0 0 2 2 2 2 1 1 1 0 0 0 0 0 2 2 2 2 1 1 1 0 0 0 0 0 2 2 2 2 1 1 1 0 0 0 0 0 2 2 2 2 1 1 1 0 0 0 0 0 2 2 2 2 1 1 1 0 0 0 0 0 2 2 2 2 1 1 1 0 0 0 0 0 1 2 2 2 1 1 1 0 0 0 0 0 1 2 2 2 1 1 1 0 0 0 0 0 1 2 2 1 1 1 1 0 0 0 0 0 1 2 2 1 1 1 1 0 0 0 0 0 1 2 2 1 1 1 1 0 0 0 0 0 1 2 2 1 1 1 1 0 0 0 0 0 0 2 2 1 1 1 1 0 0 0 0 0 0 2 2 1 1 1 1 0 0 0 0 0 0 2 2 1 1 1 1 0 0 0 0 0 0 2 2 1 1 1 1 0 0 0 0 0 0 2 2 1 1 1 1 0 0 0 0 0 0 2 2 1 1 1 1 0 0 0 0 0 0 2 2 1 1 1 0 0 0 0 0 0 0 2 2 1 1 1 0 0 0 0 0 0 0 2 2 1 1 1 0 0 0 0 0 0 0 1 1 1 1 1 0 0 0 0 0 0 0 1 1 1 1 1 0 0 0 0 0 0 0 1 1 1 1 1 0 0 0 0 0 0 0 1 1 1 1 1 0 0 0 0 0 0 0 1 1 1 1 1 0 0 0 0 0 0 0 1 1 1 1 1 0 0 0 0 0 0 0 1 1 1 1 1 0 0 0 0 0 0 0 1 1 1 1 1 0 0 0 0 0 0 0 1 1 1 1 1 0 0 0 0 0 0 0 1 1 1 1 1 0 0 0 0 0 0 0 1 1 1 1 1 0 0 0 0 0 0 0 1 1 1 1 1 0 0 0 0 0 0 0 1 1 1 1 1 0 0 0 0 0 0 0 1 1 1 1 1 0 0 0 0 0 0 0 0 1 1 1 1 0 0 0 0 0 0 0 0 1 1 1 0 0 0 0 0 0 0 0 0 1 1 1 0 0 0 0 0 0 0 0 0 1 1 1 0 0 0 0 0 0 0 0 0 1 1 1 0 0 0 0 0 0 0 0 0 1 1 1 0 0 0 0 0 0 0 0 0 1 1 1 0 0 0 0 0 0 0 0 0 1 1 1 0 0 0 0 0 0 0 0 0 0 1 1 0 0 0 0 0 0 0 0 0 0 1 0 0 0 0 0 0 0 0 0 0 0 0 0 0 0 0 0
estimated_attenuation.size=984
estimated_attenuation.data=0.00 0.00 0.00 0.00 0.00 0.00 0.00 0.00 0.00 0.00 0.00 0.00 0.00 0.00 0.00 0.00 0.00 0.00 0.00 0.00 0.00 0.00 0.00 0.00 0.00 0.00 0.00 0.00 0.00 0.00 0.00 0.00 0.00 0.00 0.00 0.00 0.00 0.00 0.00 0.00 0.00 0.00 0.00 0.00 0.00 0.00 0.00 0.00 0.00 0.00 0.00 0.00 0.00 0.00 0.00 0.00 0.00 0.00 0.00 0.00 0.00 0.00 0.00 0.00 0.00 0.00 0.00 0.00 0.00 0.00 0.00 0.00 0.00 0.00 0.00 0.00 0.00 0.00 0.00 0.00 0.00 0.00 0.00 0.00 0.00 0.00 0.00 0.00 0.00 0.00 0.00 0.00 0.00 0.00 0.00 0.00 0.00 0.00 0.00 0.00 0.00 0.00 0.00 0.00 0.00 0.00 0.00 0.00 0.00 0.00 0.00 0.00 0.00 0.00 0.00 0.00 0.00 0.00 0.00 0.00 0.00 0.00 0.00 0.00 0.00 0.00 0.00 0.00 0.00 0.00 0.00 0.00 0.00 0.00 0.00 0.00 0.00 0.00 0.00 0.00 0.00 0.00 0.00 0.00 0.00 0.00 0.00 0.00 0.00 0.00 0.00 0.00 0.00 0.00 0.00 0.00 0.00 0.00 0.00 0.00 0.00 0.00 0.00 0.00 0.00 0.00 0.00 0.00 0.00 0.00 0.00 0.00 0.00 0.00 0.00 0.00 0.00 0.00 0.00 0.00 0.00 0.00 0.00 0.00 0.00 0.00 0.00 0.00 0.00 0.00 0.00 0.00 0.00 0.00 0.00 0.00 0.00 0.00 0.00 0.00 0.00 0.00 0.00 0.00 0.00 0.00 0.00 0.00 0.00 0.00 0.00 0.00 0.00 0.00 0.00 0.00 0.00 0.00 0.00 0.00 0.00 0.00 0.00 0.00 0.00 0.00 0.00 0.00 0.00 0.00 0.00 0.00 0.00 0.00 0.00 0.00 0.00 0.00 0.00 0.00 0.00 0.00 0.00 0.00 0.00 0.00 0.00 0.00 0.00 0.00 0.00 0.00 0.00 0.00 0.00 0.00 0.00 0.00 0.00 0.00 0.00 0.00 0.00 0.00 0.00 0.00 0.00 0.00 0.00 0.00 0.00 0.00 0.00 0.00 0.00 0.00 0.00 0.00 0.00 0.00 0.00 0.00 0.00 0.00 0.00 0.00 0.00 0.00 0.00 0.00 0.00 0.00 0.00 0.00 0.00 0.00 0.00 0.00 0.00 0.00 0.00 0.00 0.00 0.00 0.00 0.00 0.00 0.00 0.00 0.00 0.00 0.00 0.00 0.00 0.00 0.00 0.00 0.00 0.00 0.00 0.00 0.00 0.00 0.00 0.00 0.00 0.00 0.00 0.00 0.00 0.00 0.00 0.00 0.00 0.00 0.00 0.00 0.00 0.00 0.00 0.00 0.00 0.00 0.00 0.00 0.00 0.00 0.00 0.00 0.00 0.00 0.00 0.00 0.00 0.00 0.00 0.00 0.00 0.00 0.00 0.00 0.00 0.00 0.00 0.00 0.00 0.00 0.00 0.00 0.00 0.00 0.00 0.00 0.00 0.00 0.00 0.00 0.00 0.00 0.00 0.00 0.00 0.00 0.00 0.00 0.00 0.00 0.00 0.00 0.00 0.00 0.00 0.00 0.00 0.00 0.00 0.00 0.00 0.00 0.00 0.00 0.00 0.00 0.00 0.00 0.00 0.00 0.00 0.00 0.00 0.00 0.00 0.00 0.00 0.00 0.00 0.00 0.00 0.00 0.00 0.00 0.00 0.00 0.00 0.00 0.00 0.00 0.00 0.00 0.00 0.00 0.00 0.00 0.00 0.00 0.00 0.00 0.00 0.00 0.00 0.00 0.00 0.00 0.00 0.00 0.00 0.00 0.00 0.00 0.00 0.00 0.00 0.00 0.00 0.00 0.00 0.00 0.00 0.00 0.00 0.00 0.00 0.00 0.00 0.00 0.00 0.00 0.00 0.00 0.00 0.00 0.00 0.00 0.00 0.00 0.00 0.00 0.00 0.00 0.00 0.00 0.00 0.00 0.00 0.00 0.00 0.00 0.00 0.00 0.00 0.00 0.00 0.00 0.00 0.00 0.00 0.00 0.00 0.00 0.00 0.00 0.00 0.00 0.00 0.00 0.00 0.00 0.00 0.00 0.00 0.00 0.00 0.00 0.00 0.00 0.00 0.00 0.00 0.00 0.00 0.00 0.00 0.00 0.00 0.00 0.00 0.00 0.00 0.00 0.00 0.00 0.00 0.00 0.00 0.00 0.00 0.00 0.00 0.00 0.00 0.00 0.00 0.00 0.00 0.00 0.00 0.00 0.00 0.00 0.00 0.00 0.00 0.00 0.00 0.00 0.00 0.00 0.00 0.00 0.00 0.00 0.00 0.00 0.00 0.00 0.00 0.00 0.00 0.00 0.00 0.00 0.00 0.00 0.00 0.00 0.00 0.00 0.00 0.00 0.00 0.00 0.00 0.00 0.00 0.00 0.00 0.00 0.00 0.00 0.00 0.00 0.00 0.00 0.00 0.00 0.00 0.00 0.00 0.00 0.00 0.00 0.00 0.00 0.00 0.00 0.00 0.00 0.00 0.00 0.00 0.00 0.00 0.00 0.00 0.00 0.00 0.00 0.00 0.00 0.00 0.00 0.00 0.00 0.00 0.00 0.00 0.00 0.00 0.00 0.00 0.00 0.00 0.00 0.00 0.00 0.00 0.00 0.00 0.00 0.00 0.00 0.00 0.00 0.00 0.00 0.00 0.00 0.00 0.00 0.00 0.00 0.00 0.00 0.00 0.00 0.00 0.00 0.00 0.00 0.00 0.00 0.00 0.00 0.00 0.00 0.00 0.00 0.00 0.00 0.00 0.00 0.00 0.00 0.00 0.00 0.00 0.00 0.00 0.00 0.00 0.00 0.00 0.00 0.00 0.00 0.00 0.00 0.00 0.00 0.00 0.00 0.00 0.00 0.00 0.00 0.00 0.00 0.00 0.00 0.00 0.00 0.00 0.00 0.00 0.00 0.00 0.00 0.00 0.00 0.00 0.00 0.00 0.00 0.00 0.00 0.00 0.00 0.00 0.00 0.00 0.00 0.00 0.00 0.00 0.00 0.00 0.00 0.00 0.00 0.00 0.00 0.00 0.00 0.00 0.00 0.00 0.00 0.00 0.00 0.00 0.00 0.00 0.00 0.00 0.00 0.00 0.00 0.00 0.00 0.00 0.00 0.00 0.00 0.00 0.00 0.00 0.00 0.00 0.00 0.00 0.00 0.00 0.00 0.00 0.00 0.00 0.00 0.00 0.00 0.00 0.00 0.00 0.00 0.00 0.00 0.00 0.00 0.00 0.00 0.00 0.00 0.00 0.00 0.00 0.00 0.00 0.00 0.00 0.00 0.00 0.00 0.00 0.00 0.00 0.00 0.00 0.00 0.00 0.00 0.00 0.00 0.00 0.00 0.00 0.00 0.00 0.00 0.00 0.00 0.00 0.00 0.00 0.00 0.00 0.00 0.00 0.00 0.00 0.00 0.00 0.00 0.00 0.00 0.00 0.00 0.00 0.00 0.00 0.00 0.00 0.00 0.00 0.00 0.00 0.00 0.00 0.00 0.00 0.00 0.00 0.00 0.00 0.00 0.00 0.00 0.00 0.00 0.00 0.00 0.00 0.00 0.00 0.00 0.00 0.00 0.00 0.00 0.00 0.00 0.00 0.00 0.00 0.00 0.00 0.00 0.00 0.00 0.00 0.00 0.00 0.00 0.00 0.00 0.00 0.00 0.00 0.00 0.00 0.00 0.00 0.00 0.00 0.00 0.00 0.00 0.00 0.00 0.00 0.00 0.00 0.00 0.00 0.00 0.00 0.00 0.00 0.00 0.00 0.00 0.00 0.00 0.00 0.00 0.00 0.00 0.00 0.00 0.00 0.00 0.00 0.00 0.00 0.00 0.00 0.00 0.00 0.00 0.00 0.00 0.00 0.00 0.00 0.00 0.00 0.00 0.00 0.00 0.00 0.00 0.00 0.00 0.00 0.00 0.00 0.00 0.00 0.00 0.00 0.00 0.00 0.00 0.00 0.00 0.00 0.00 0.00 0.00 0.00 0.00 0.00 0.00 0.00 0.00 0.00 0.00 0.00 0.00 0.00 0.00 0.00 0.00 0.00 0.00 0.00 0.00 0.00 0.00 0.00 0.00 0.00 0.00 0.00 0.00 0.00 0.00 0.00 0.00 0.00 0.00 0.00 0.00 0.00 0.00 0.00
height.size=984
height.data=2673.43 2673.43 2673.43 2673.43 2673.43 2673.43 2673.43 2673.43 2673.43 2673.43 2673.43 2673.43 2679.84 2679.84 2679.84 2679.84 2679.84 2679.84 2679.84 2679.84 2679.84 2679.84 2679.84 2679.84 2686.26 2686.26 2686.26 2686.26 2686.26 2686.26 2686.26 2686.26 2686.26 2686.26 2686.26 2686.26 2692.68 2692.68 2692.68 2692.68 2692.68 2692.68 2692.68 2692.68 2692.68 2692.68 2692.68 2692.68 2699.11 2699.11 2699.11 2699.11 2699.11 2699.11 2699.11 2699.11 2699.11 2699.11 2699.11 2699.11 2705.55 2705.55 2705.55 2705.55 2705.55 2705.55 2705.55 2705.55 2705.55 2705.55 2705.55 2705.55 2712.00 2712.00 2712.00 2712.00 2712.00 2712.00 2712.00 2712.00 2712.00 2712.00 2712.00 2712.00 2718.45 2718.45 2718.45 2718.45 2718.45 2718.45 2718.45 2718.45 2718.45 2718.45 2718.45 2718.45 2724.91 2724.91 2724.91 2724.91 2724.91 2724.91 2724.91 2724.91 2724.91 2724.91 2724.91 2724.91 2731.38 2731.38 2731.38 2731.38 2731.38 2731.38 2731.38 2731.38 2731.38 2731.38 2731.38 2731.38 2737.86 2737.86 2737.86 2737.86 2737.86 2737.86 2737.86 2737.86 2737.86 2737.86 2737.86 2737.86 2744.34 2744.34 2744.34 2744.34 2744.34 2744.34 2744.34 2744.34 2744.34 2744.34 2744.34 2744.34 2750.83 2750.83 2750.83 2750.83 2750.83 2750.83 2750.83 2750.83 2750.83 2750.83 2750.83 2750.83 2757.33 2757.33 2757.33 2757.33 2757.33 2757.33 2757.33 2757.33 2757.33 2757.33 2757.33 2757.33 2763.83 2763.83 2763.83 2763.83 2763.83 2763.83 2763.83 2763.83 2763.83 2763.83 2763.83 2763.83 2770.35 2770.35 2770.35 2770.35 2770.35 2770.35 2770.35 2770.35 2770.35 2770.35 2770.35 2770.35 2776.87 2776.87 2776.87 2776.87 2776.87 2776.87 2776.87 2776.87 2776.87 2776.87 2776.87 2776.87 2783.39 2783.39 2783.39 2783.39 2783.39 2783.39 2783.39 2783.39 2783.39 2783.39 2783.39 2783.39 2789.93 2789.93 2789.93 2789.93 2789.93 2789.93 2789.93 2789.93 2789.93 2789.93 2789.93 2789.93 2796.47 2796.47 2796.47 2796.47 2796.47 2796.47 2796.47 2796.47 2796.47 2796.47 2796.47 2796.47 2803.02 2803.02 2803.02 2803.02 2803.02 2803.02 2803.02 2803.02 2803.02 2803.02 2803.02 2803.02 2809.57 2809.57 2809.57 2809.57 2809.57 2809.57 2809.57 2809.57 2809.57 2809.57 2809.57 2809.57 2816.14 2816.14 2816.14 2816.14 2816.14 2816.14 2816.14 2816.14 2816.14 2816.14 2816.14 2816.14 2822.71 2822.71 2822.71 2822.71 2822.71 2822.71 2822.71 2822.71 2822.71 2822.71 2822.71 2822.71 2829.29 2829.29 2829.29 2829.29 2829.29 2829.29 2829.29 2829.29 2829.29 2829.29 2829.29 2829.29 2835.87 2835.87 2835.87 2835.87 2835.87 2835.87 2835.87 2835.87 2835.87 2835.87 2835.87 2835.87 2842.47 2842.47 2842.47 2842.47 2842.47 2842.47 2842.47 2842.47 2842.47 2842.47 2842.47 2842.47 2849.07 2849.07 2849.07 2849.07 2849.07 2849.07 2849.07 2849.07 2849.07 2849.07 2849.07 2849.07 2855.68 2855.68 2855.68 2855.68 2855.68 2855.68 2855.68 2855.68 2855.68 2855.68 2855.68 2855.68 2862.29 2862.29 2862.29 2862.29 2862.29 2862.29 2862.29 2862.29 2862.29 2862.29 2862.29 2862.29 2868.91 2868.91 2868.91 2868.91 2868.91 2868.91 2868.91 2868.91 2868.91 2868.91 2868.91 2868.91 2875.54 2875.54 2875.54 2875.54 2875.54 2875.54 2875.54 2875.54 2875.54 2875.54 2875.54 2875.54 2882.18 2882.18 2882.18 2882.18 2882.18 2882.18 2882.18 2882.18 2882.18 2882.18 2882.18 2882.18 2888.82 2888.82 2888.82 2888.82 2888.82 2888.82 2888.82 2888.82 2888.82 2888.82 2888.82 2888.82 2895.48 2895.48 2895.48 2895.48 2895.48 2895.48 2895.48 2895.48 2895.48 2895.48 2895.48 2895.48 2902.14 2902.14 2902.14 2902.14 2902.14 2902.14 2902.14 2902.14 2902.14 2902.14 2902.14 2902.14 2908.80 2908.80 2908.80 2908.80 2908.80 2908.80 2908.80 2908.80 2908.80 2908.80 2908.80 2908.80 2915.48 2915.48 2915.48 2915.48 2915.48 2915.48 2915.48 2915.48 2915.48 2915.48 2915.48 2915.48 2922.16 2922.16 2922.16 2922.16 2922.16 2922.16 2922.16 2922.16 2922.16 2922.16 2922.16 2922.16 2928.85 2928.85 2928.85 2928.85 2928.85 2928.85 2928.85 2928.85 2928.85 2928.85 2928.85 2928.85 2935.54 2935.54 2935.54 2935.54 2935.54 2935.54 2935.54 2935.54 2935.54 2935.54 2935.54 2935.54 2942.25 2942.25 2942.25 2942.25 2942.25 2942.25 2942.25 2942.25 2942.25 2942.25 2942.25 2942.25 2948.96 2948.96 2948.96 2948.96 2948.96 2948.96 2948.96 2948.96 2948.96 2948.96 2948.96 2948.96 2955.68 2955.68 2955.68 2955.68 2955.68 2955.68 2955.68 2955.68 2955.68 2955.68 2955.68 2955.68 2962.40 2962.40 2962.40 2962.40 2962.40 2962.40 2962.40 2962.40 2962.40 2962.40 2962.40 2962.40 2969.13 2969.13 2969.13 2969.13 2969.13 2969.13 2969.13 2969.13 2969.13 2969.13 2969.13 2969.13 2975.87 2975.87 2975.87 2975.87 2975.87 2975.87 2975.87 2975.87 2975.87 2975.87 2975.87 2975.87 2982.62 2982.62 2982.62 2982.62 2982.62 2982.62 2982.62 2982.62 2982.62 2982.62 2982.62 2982.62 2989.38 2989.38 2989.38 2989.38 2989.38 2989.38 2989.38 2989.38 2989.38 2989.38 2989.38 2989.38 2996.14 2996.14 2996.14 2996.14 2996.14 2996.14 2996.14 2996.14 2996.14 2996.14 2996.14 2996.14 3002.91 3002.91 3002.91 3002.91 3002.91 3002.91 3002.91 3002.91 3002.91 3002.91 3002.91 3002.91 3009.68 3009.68 3009.68 3009.68 3009.68 3009.68 3009.68 3009.68 3009.68 3009.68 3009.68 3009.68 3016.47 3016.47 3016.47 3016.47 3016.47 3016.47 3016.47 3016.47 3016.47 3016.47 3016.47 3016.47 3023.26 3023.26 3023.26 3023.26 3023.26 3023.26 3023.26 3023.26 3023.26 3023.26 3023.26 3023.26 3030.06 3030.06 3030.06 3030.06 3030.06 3030.06 3030.06 3030.06 3030.06 3030.06 3030.06 3030.06 3036.87 3036.87 3036.87 3036.87 3036.87 3036.87 3036.87 3036.87 3036.87 3036.87 3036.87 3036.87 3043.68 3043.68 3043.68 3043.68 3043.68 3043.68 3043.68 3043.68 3043.68 3043.68 3043.68 3043.68 3050.50 3050.50 3050.50 3050.50 3050.50 3050.50 3050.50 3050.50 3050.50 3050.50 3050.50 3050.50 3057.33 3057.33 3057.33 3057.33 3057.33 3057.33 3057.33 3057.33 3057.33 3057.33 3057.33 3057.33 3064.16 3064.16 3064.16 3064.16 3064.16 3064.16 3064.16 3064.16 3064.16 3064.16 3064.16 3064.16 3071.01 3071.01 3071.01 3071.01 3071.01 3071.01 3071.01 3071.01 3071.01 3071.01 3071.01 3071.01 3077.86 3077.86 3077.86 3077.86 3077.86 3077.86 3077.86 3077.86 3077.86 3077.86 3077.86 3077.86 3084.72 3084.72 3084.72 3084.72 3084.72 3084.72 3084.72 3084.72 3084.72 3084.72 3084.72 3084.72 3091.58 3091.58 3091.58 3091.58 3091.58 3091.58 3091.58 3091.58 3091.58 3091.58 3091.58 3091.58 3098.45 3098.45 3098.45 3098.45 3098.45 3098.45 3098.45 3098.45 3098.45 3098.45 3098.45 3098.45 3105.33 3105.33 3105.33 3105.33 3105.33 3105.33 3105.33 3105.33 3105.33 3105.33 3105.33 3105.33 3112.22 3112.22 3112.22 3112.22 3112.22 3112.22 3112.22 3112.22 3112.22 3112.22 3112.22 3112.22 3119.11 3119.11 3119.11 3119.11 3119.11 3119.11 3119.11 3119.11 3119.11 3119.11 3119.11 3119.11 3126.02 3126.02 3126.02 3126.02 3126.02 3126.02 3126.02 3126.02 3126.02 3126.02 3126.02 3126.02 3132.93 3132.93 3132.93 3132.93 3132.93 3132.93 3132.93 3132.93 3132.93 3132.93 3132.93 3132.93 3139.84 3139.84 3139.84 3139.84 3139.84 3139.84 3139.84 3139.84 3139.84 3139.84 3139.84 3139.84 3146.77 3146.77 3146.77 3146.77 3146.77 3146.77 3146.77 3146.77 3146.77 3146.77 3146.77 3146.77 3153.70 3153.70 3153.70 3153.70 3153.70 3153.70 3153.70 3153.70 3153.70 3153.70 3153.70 3153.70 3160.64 3160.64 3160.64 3160.64 3160.64 3160.64 3160.64 3160.64 3160.64 3160.64 3160.64 3160.64 3167.58 3167.58 3167.58 3167.58 3167.58 3167.58 3167.58 3167.58 3167.58 3167.58 3167.58 3167.58 3174.54 3174.54 3174.54 3174.54 3174.54 3174.54 3174.54 3174.54 3174.54 3174.54 3174.54 3174.54 3181.50 3181.50 3181.50 3181.50 3181.50 3181.50 3181.50 3181.50 3181.50 3181.50 3181.50 3181.50 3188.46 3188.46 3188.46 3188.46 3188.46 3188.46 3188.46 3188.46 3188.46 3188.46 3188.46 3188.46 3195.44 3195.44 3195.44 3195.44 3195.44 3195.44 3195.44 3195.44 3195.44 3195.44 3195.44 3195.44 3202.42 3202.42 3202.42 3202.42 3202.42 3202.42 3202.42 3202.42 3202.42 3202.42 3202.42 3202.42 3209.41 3209.41 3209.41 3209.41 3209.41 3209.41 3209.41 3209.41 3209.41 3209.41 3209.41 3209.41 3216.41 3216.41 3216.41 3216.41 3216.41 3216.41 3216.41 3216.41 3216.41 3216.41 3216.41 3216.41
=== END RADAR_SCAN ===

=== BEGIN RADAR_SCAN ===
scan.index=7
scan.time=187.000000
radar.id=0
radar.frequency=C
radar.scanning_mode=PPI
radar.x=0.000
radar.y=0.000
radar.z=25.000
radar.maximum_range=250000.000
radar.range_resolution=250.000
radar.angular_resolution=1.000000
box.radar_id=0
box.min_range_gate=765.000
box.max_range_gate=854.000
box.min_angle=96.000000
box.max_angle=106.000000
box.num_ranges=90
box.num_angles=10
box.range_resolution=250.000
box.angular_resolution=1.000000
box.other_angle=25.000000
grid.size=900
grid.data=0.00 0.00 0.00 0.00 0.00 0.00 0.00 0.00 0.00 0.00 0.00 0.00 0.00 0.00 0.00 0.00 0.00 0.00 0.00 0.00 0.00 0.00 0.00 0.00 0.00 0.00 0.00 0.00 0.00 0.00 0.00 0.00 0.00 0.00 0.00 0.00 0.00 0.00 0.00 0.00 0.00 0.00 0.00 0.00 0.00 0.00 0.00 0.00 0.00 0.00 0.00 0.00 0.00 0.00 0.00 0.00 0.00 0.00 0.00 0.00 0.00 0.00 0.00 0.00 0.00 0.00 0.00 0.00 0.00 0.00 0.00 0.00 0.00 0.00 0.00 0.00 0.00 0.00 0.00 0.00 0.00 0.00 0.00 0.00 0.00 -0.10 0.00 0.00 0.00 0.00 0.00 0.00 0.00 0.00 0.00 -0.22 0.00 0.00 0.00 0.00 0.00 0.00 0.00 0.00 0.00 0.49 -1.32 0.00 0.00 0.00 0.00 0.00 0.00 0.00 -0.21 -0.95 -0.70 0.00 0.00 0.00 0.00 0.00 0.00 0.00 -1.42 0.28 0.05 0.00 0.00 0.00 0.00 0.00 0.00 0.00 -0.62 -0.06 -0.50 0.00 0.00 0.00 0.00 0.00 0.00 0.00 -0.64 -0.70 -1.03 0.00 0.00 0.00 0.00 0.00 0.00 0.00 0.76 -0.79 -1.67 0.00 0.00 0.00 0.00 0.00 0.00 0.00 -1.33 0.32 0.62 0.00 0.00 0.00 0.00 0.00 0.00 0.00 -0.49 -0.04 -0.62 0.00 0.00 0.00 0.00 0.00 0.00 0.00 -0.19 1.16 -0.72 -0.29 0.00 0.00 0.00 0.00 0.00 -0.75 1.11 1.49 -0.09 0.14 0.00 0.00 0.00 0.00 0.00 0.86 -1.33 -0.65 -0.59 0.56 0.00 0.00 0.00 0.00 0.00 0.52 0.96 0.06 -0.81 0.90 0.00 0.00 0.00 0.00 0.00 0.05 -0.31 0.69 -0.54 1.04 0.00 0.00 0.00 0.00 0.00 0.24 0.66 -0.88 0.75 0.88 0.00 0.00 0.00 0.00 0.00 0.78 0.74 0.92 0.28 -0.33 0.00 0.00 0.00 0.00 0.00 -0.44 1.29 0.31 0.03 -0.40 0.00 0.00 0.00 0.00 0.00 -0.91 0.17 0.84 0.21 -1.03 0.00 0.00 0.00 0.00 0.00 0.52 -0.42 -0.23 -0.60 -0.30 0.00 0.00 0.00 0.00 0.00 -0.34 -0.46 0.33 -0.49 -0.21 0.00 0.00 0.00 0.00 0.00 0.15 -0.43 0.11 -1.17 -0.14 0.00 0.00 0.00 0.00 0.00 -0.42 -0.20 0.43 -0.37 0.21 0.00 0.00 0.00 0.00 0.00 -0.58 0.16 -0.14 0.16 0.36 0.00 0.00 0.00 0.00 0.00 -0.45 1.03 0.09 -0.45 0.48 0.00 0.00 0.00 0.00 0.00 1.40 -0.55 -0.06 0.08 -1.02 0.00 0.00 0.00 0.00 0.00 -0.11 0.32 0.95 0.41 0.84 0.00 0.00 0.00 0.00 0.00 -0.52 0.97 -0.19 -0.00 -0.21 0.00 0.00 0.00 0.00 0.00 -0.94 0.27 0.62 -0.86 1.11 0.00 0.00 0.00 0.00 0.00 -0.84 -0.37 -0.92 -0.51 -1.32 0.00 0.00 0.00 0.00 0.00 -0.67 0.84 0.19 -1.00 -0.14 -0.38 0.00 0.00 0.00 0.00 0.18 0.22 -0.73 0.93 -0.28 -0.29 0.00 0.00 0.00 0.00 -0.16 0.41 -0.32 -0.62 0.28 0.54 0.00 0.00 0.00 0.00 -1.06 0.32 0.41 -0.04 -0.85 0.38 0.00 0.00 0.00 0.05 0.93 -0.52 2.53 0.91 -0.52 0.32 0.00 0.00 0.00 1.01 -0.43 -1.10 0.65 0.50 0.37 -0.13 0.00 0.00 0.00 0.71 1.11 -0.00 1.56 -0.67 -0.02 -0.92 0.00 0.00 0.00 0.98 0.24 -0.14 0.03 -0.37 0.32 -0.77 0.00 0.00 0.00 0.02 -0.05 -1.36 -0.14 -0.17 0.19 -1.64 0.00 0.00 0.00 0.27 -0.93 -0.19 -0.17 -0.08 -1.48 0.61 0.00 0.00 0.00 2.10 0.07 0.81 0.26 0.45 0.41 -0.46 0.00 0.00 0.00 -0.21 0.91 0.02 -0.24 0.12 -0.93 -0.19 0.00 0.00 0.00 -0.20 -0.84 -0.11 -0.78 -1.07 0.62 -0.16 0.00 0.00 0.00 0.36 0.41 -1.54 0.17 0.40 0.28 1.63 0.00 0.00 0.00 -0.47 -0.45 1.23 0.22 -0.07 0.22 0.78 0.00 0.00 0.00 -0.21 -0.57 -0.53 1.04 0.85 -0.30 0.65 0.00 0.00 0.00 -0.76 -0.76 0.84 -0.32 -0.43 0.83 0.25 0.00 0.00 0.00 0.69 -0.52 0.22 -0.20 0.41 -1.45 0.86 0.00 0.00 0.00 -0.36 -0.78 1.91 0.59 0.95 0.53 -1.14 0.00 0.00 0.00 -1.64 0.95 0.98 -0.39 0.49 -0.29 -0.46 0.00 0.00 0.00 -1.49 -0.12 0.58 -0.12 2.27 -0.74 0.12 0.00 0.00 0.00 0.26 0.42 0.45 1.02 0.30 0.03 -0.06 0.00 0.00 0.00 -0.88 1.05 -1.71 0.46 -0.56 -0.42 1.20 0.00 0.00 0.00 -0.53 -1.02 -0.69 -0.43 0.29 -0.68 1.23 0.00 0.00 0.00 -0.97 -0.39 -0.45 -0.44 -0.11 0.03 0.48 0.00 0.00 0.00 0.00 0.01 -0.38 -0.73 0.53 0.42 1.02 0.00 0.00 0.00 0.00 -0.02 0.07 -0.13 -0.24 0.02 0.40 0.00 0.00 0.00 0.00 -2.13 -0.43 -0.64 -0.20 -0.21 -0.98 0.00 0.00 0.00 0.00 -1.10 0.21 1.01 0.39 0.73 1.35 0.00 0.00 0.00 0.00 -1.18 1.00 0.49 0.66 1.36 0.00 0.00 0.00 0.00 0.00 0.81 -0.57 -0.25 -0.16 -0.41 0.00 0.00 0.00 0.00 0.00 0.60 -0.81 -0.01 0.19 0.03 0.00 0.00 0.00 0.00 0.00 -0.02 -0.18 -0.13 0.45 0.08 0.00 0.00 0.00 0.00 0.00 0.07 0.62 -0.55 -0.83 -0.16 0.00 0.00 0.00 0.00 0.00 0.12 -0.24 0.95 -0.36 -0.12 0.00 0.00 0.00 0.00 0.00 -0.42 -0.67 -0.38 -1.73 1.91 0.00 0.00 0.00 0.00 0.00 -0.35 0.32 0.40 -0.52 -1.09 0.00 0.00 0.00 0.00 0.00 -0.80 -0.61 -1.34 0.63 0.10 0.00 0.00 0.00 0.00 0.00 0.17 -0.55 0.35 -0.55 -0.19 0.00 0.00 0.00 0.00 0.00 0.78 -0.59 -0.06 0.70 0.00 0.00 0.00 0.00 0.00 0.00 -0.79 0.48 0.76 0.58 1.50 0.00 0.00 0.00 0.00 0.00 0.54 -0.03 0.49 0.88 -0.11 0.00 0.00 0.00 0.00 0.00 -1.50 -0.72 0.10 -0.00 -0.57 0.00 0.00 0.00 0.00 0.00 0.36 0.25 -0.88 0.57 -0.45 0.00 0.00 0.00 0.00 0.00 0.91 0.50 0.11 -1.79 -1.16 0.00 0.00 0.00 0.00 0.00 0.97 0.39 -0.07 -0.62 -0.58 0.00 0.00 0.00 0.00 0.00 0.67 -1.44 1.22 -0.27 1.73 0.00 0.00 0.00 0.00 0.00 -0.36 -0.34 -0.42 -0.06 1.22 0.00 0.00 0.00 0.00 0.00 -1.49 -0.58 -0.72 -0.49 -0.79 0.00 0.00 0.00 0.00 0.00 0.00 1.09 0.44 -0.09 -0.02 0.00 0.00 0.00 0.00 0.00 0.00 -0.86 -1.14 -0.05 0.00 0.00 0.00 0.00 0.00 0.00 0.00 -1.15 0.24 1.10 0.00 0.00 0.00
rain_type.data=0 0 0 0 0 0 0 0 0 0 0 0 0 0 0 0 0 0 0 0 0 0 0 0 0 0 0 0 0 0 0 0 0 0 0 0 0 0 0 0 0 0 0 0 0 0 0 0 0 0 0 0 0 0 0 0 0 0 0 0 0 0 0 0 0 0 0 0 0 0 0 0 0 0 0 0 0 0 0 0 0 0 0 0 0 1 0 0 0 0 0 0 0 0 0 1 0 0 0 0 0 0 0 0 0 1 1 0 0 0 0 0 0 0 1 1 1 0 0 0 0 0 0 0 1 1 1 0 0 0 0 0 0 0 1 1 1 0 0 0 0 0 0 0 1 1 1 0 0 0 0 0 0 0 1 1 1 0 0 0 0 0 0 0 1 1 1 0 0 0 0 0 0 0 1 1 1 0 0 0 0 0 0 0 1 1 1 1 0 0 0 0 0 1 1 1 1 1 0 0 0 0 0 1 1 1 1 1 0 0 0 0 0 1 1 1 1 1 0 0 0 0 0 1 1 1 1 1 0 0 0 0 0 1 1 1 1 1 0 0 0 0 0 1 1 1 1 1 0 0 0 0 0 1 1 1 1 1 0 0 0 0 0 1 1 1 1 1 0 0 0 0 0 1 1 1 1 1 0 0 0 0 0 2 2 1 1 1 0 0 0 0 0 2 2 1 1 1 0 0 0 0 0 2 2 1 1 1 0 0 0 0 0 2 2 1 1 1 0 0 0 0 0 2 2 1 1 1 0 0 0 0 0 2 2 1 1 1 0 0 0 0 0 2 2 1 1 1 0 0 0 0 0 2 2 1 1 1 0 0 0 0 0 2 2 1 1 1 0 0 0 0 0 2 2 1 1 1 0 0 0 0 0 2 2 1 1 1 1 0 0 0 0 2 2 1 1 1 1 0 0 0 0 2 2 1 1 1 1 0 0 0 0 2 2 1 1 1 1 0 0 0 2 2 2 2 1 1 1 0 0 0 2 2 2 2 1 1 1 0 0 0 2 2 2 2 1 1 1 0 0 0 2 2 2 2 1 1 1 0 0 0 2 2 2 2 1 1 1 0 0 0 2 2 2 2 1 1 1 0 0 0 2 2 2 2 1 1 1 0 0 0 2 2 2 2 1 1 1 0 0 0 2 2 2 2 1 1 1 0 0 0 2 2 2 2 1 1 1 0 0 0 2 2 2 2 1 1 1 0 0 0 2 2 2 2 1 1 1 0 0 0 2 2 2 2 1 1 1 0 0 0 2 2 2 2 1 1 1 0 0 0 1 2 2 1 1 1 1 0 0 0 1 2 2 1 1 1 1 0 0 0 1 2 2 1 1 1 1 0 0 0 1 2 2 1 1 1 1 0 0 0 1 2 2 1 1 1 1 0 0 0 1 2 2 1 1 1 1 0 0 0 1 2 2 1 1 1 1 0 0 0 0 2 2 1 1 1 1 0 0 0 0 2 2 1 1 1 1 0 0 0 0 2 2 1 1 1 1 0 0 0 0 2 2 1 1 1 1 0 0 0 0 2 2 1 1 1 0 0 0 0 0 2 2 1 1 1 0 0 0 0 0 2 2 1 1 1 0 0 0 0 0 2 2 1 1 1 0 0 0 0 0 1 1 1 1 1 0 0 0 0 0 1 1 1 1 1 0 0 0 0 0 1 1 1 1 1 0 0 0 0 0 1 1 1 1 1 0 0 0 0 0 1 1 1 1 1 0 0 0 0 0 1 1 1 1 1 0 0 0 0 0 1 1 1 1 1 0 0 0 0 0 1 1 1 1 1 0 0 0 0 0 1 1 1 1 1 0 0 0 0 0 1 1 1 1 1 0 0 0 0 0 1 1 1 1 1 0 0 0 0 0 1 1 1 1 1 0 0 0 0 0 1 1 1 1 1 0 0 0 0 0 1 1 1 1 1 0 0 0 0 0 1 1 1 1 1 0 0 0 0 0 1 1 1 1 1 0 0 0 0 0 0 1 1 1 1 0 0 0 0 0 0 1 1 1 0 0 0 0 0 0 0 1 1 1 0 0 0
estimated_attenuation.size=900
estimated_attenuation.data=0.00 0.00 0.00 0.00 0.00 0.00 0.00 0.00 0.00 0.00 0.00 0.00 0.00 0.00 0.00 0.00 0.00 0.00 0.00 0.00 0.00 0.00 0.00 0.00 0.00 0.00 0.00 0.00 0.00 0.00 0.00 0.00 0.00 0.00 0.00 0.00 0.00 0.00 0.00 0.00 0.00 0.00 0.00 0.00 0.00 0.00 0.00 0.00 0.00 0.00 0.00 0.00 0.00 0.00 0.00 0.00 0.00 0.00 0.00 0.00 0.00 0.00 0.00 0.00 0.00 0.00 0.00 0.00 0.00 0.00 0.00 0.00 0.00 0.00 0.00 0.00 0.00 0.00 0.00 0.00 0.00 0.00 0.00 0.00 0.00 0.00 0.00 0.00 0.00 0.00 0.00 0.00 0.00 0.00 0.00 0.00 0.00 0.00 0.00 0.00 0.00 0.00 0.00 0.00 0.00 0.00 0.00 0.00 0.00 0.00 0.00 0.00 0.00 0.00 0.00 0.00 0.00 0.00 0.00 0.00 0.00 0.00 0.00 0.00 0.00 0.00 0.00 0.00 0.00 0.00 0.00 0.00 0.00 0.00 0.00 0.00 0.00 0.00 0.00 0.00 0.00 0.00 0.00 0.00 0.00 0.00 0.00 0.00 0.00 0.00 0.00 0.00 0.00 0.00 0.00 0.00 0.00 0.00 0.00 0.00 0.00 0.00 0.00 0.00 0.00 0.00 0.00 0.00 0.00 0.00 0.00 0.00 0.00 0.00 0.00 0.00 0.00 0.00 0.00 0.00 0.00 0.00 0.00 0.00 0.00 0.00 0.00 0.00 0.00 0.00 0.00 0.00 0.00 0.00 0.00 0.00 0.00 0.00 0.00 0.00 0.00 0.00 0.00 0.00 0.00 0.00 0.00 0.00 0.00 0.00 0.00 0.00 0.00 0.00 0.00 0.00 0.00 0.00 0.00 0.00 0.00 0.00 0.00 0.00 0.00 0.00 0.00 0.00 0.00 0.00 0.00 0.00 0.00 0.00 0.00 0.00 0.00 0.00 0.00 0.00 0.00 0.00 0.00 0.00 0.00 0.00 0.00 0.00 0.00 0.00 0.00 0.00 0.00 0.00 0.00 0.00 0.00 0.00 0.00 0.00 0.00 0.00 0.00 0.00 0.00 0.00 0.00 0.00 0.00 0.00 0.00 0.00 0.00 0.00 0.00 0.00 0.00 0.00 0.00 0.00 0.00 0.00 0.00 0.00 0.00 0.00 0.00 0.00 0.00 0.00 0.00 0.00 0.00 0.00 0.00 0.00 0.00 0.00 0.00 0.00 0.00 0.00 0.00 0.00 0.00 0.00 0.00 0.00 0.00 0.00 0.00 0.00 0.00 0.00 0.00 0.00 0.00 0.00 0.00 0.00 0.00 0.00 0.00 0.00 0.00 0.00 0.00 0.00 0.00 0.00 0.00 0.00 0.00 0.00 0.00 0.00 0.00 0.00 0.00 0.00 0.00 0.00 0.00 0.00 0.00 0.00 0.00 0.00 0.00 0.00 0.00 0.00 0.00 0.00 0.00 0.00 0.00 0.00 0.00 0.00 0.00 0.00 0.00 0.00 0.00 0.00 0.00 0.00 0.00 0.00 0.00 0.00 0.00 0.00 0.00 0.00 0.00 0.00 0.00 0.00 0.00 0.00 0.00 0.00 0.00 0.00 0.00 0.00 0.00 0.00 0.00 0.00 0.00 0.00 0.00 0.00 0.00 0.00 0.00 0.00 0.00 0.00 0.00 0.00 0.00 0.00 0.00 0.00 0.00 0.00 0.00 0.00 0.00 0.00 0.00 0.00 0.00 0.00 0.00 0.00 0.00 0.00 0.00 0.00 0.00 0.00 0.00 0.00 0.00 0.00 0.00 0.00 0.00 0.00 0.00 0.00 0.00 0.00 0.00 0.00 0.00 0.00 0.00 0.00 0.00 0.00 0.00 0.00 0.00 0.00 0.00 0.00 0.00 0.00 0.00 0.00 0.00 0.00 0.00 0.00 0.00 0.00 0.00 0.00 0.00 0.00 0.00 0.00 0.00 0.00 0.00 0.00 0.00 0.00 0.00 0.00 0.00 0.00 0.00 0.00 0.00 0.00 0.00 0.00 0.00 0.00 0.00 0.00 0.00 0.00 0.00 0.00 0.00 0.00 0.00 0.00 0.00 0.00 0.00 0.00 0.00 0.00 0.00 0.00 0.00 0.00 0.00 0.00 0.00 0.00 0.00 0.00 0.00 0.00 0.00 0.00 0.00 0.00 0.00 0.00 0.00 0.00 0.00 0.00 0.00 0.00 0.00 0.00 0.00 0.00 0.00 0.00 0.00 0.00 0.00 0.00 0.00 0.00 0.00 0.00 0.00 0.00 0.00 0.00 0.00 0.00 0.00 0.00 0.00 0.00 0.00 0.00 0.00 0.00 0.00 0.00 0.00 0.00 0.00 0.00 0.00 0.00 0.00 0.00 0.00 0.00 0.00 0.00 0.00 0.00 0.00 0.00 0.00 0.00 0.00 0.00 0.00 0.00 0.00 0.00 0.00 0.00 0.00 0.00 0.00 0.00 0.00 0.00 0.00 0.00 0.00 0.00 0.00 0.00 0.00 0.00 0.00 0.00 0.00 0.00 0.00 0.00 0.00 0.00 0.00 0.00 0.00 0.00 0.00 0.00 0.00 0.00 0.00 0.00 0.00 0.00 0.00 0.00 0.00 0.00 0.00 0.00 0.00 0.00 0.00 0.00 0.00 0.00 0.00 0.00 0.00 0.00 0.00 0.00 0.00 0.00 0.00 0.00 0.00 0.00 0.00 0.00 0.00 0.00 0.00 0.00 0.00 0.00 0.00 0.00 0.00 0.00 0.00 0.00 0.00 0.00 0.00 0.00 0.00 0.00 0.00 0.00 0.00 0.00 0.00 0.00 0.00 0.00 0.00 0.00 0.00 0.00 0.00 0.00 0.00 0.00 0.00 0.00 0.00 0.00 0.00 0.00 0.00 0.00 0.00 0.00 0.00 0.00 0.00 0.00 0.00 0.00 0.00 0.00 0.00 0.00 0.00 0.00 0.00 0.00 0.00 0.00 0.00 0.00 0.00 0.00 0.00 0.00 0.00 0.00 0.00 0.00 0.00 0.00 0.00 0.00 0.00 0.00 0.00 0.00 0.00 0.00 0.00 0.00 0.00 0.00 0.00 0.00 0.00 0.00 0.00 0.00 0.00 0.00 0.00 0.00 0.00 0.00 0.00 0.00 0.00 0.00 0.00 0.00 0.00 0.00 0.00 0.00 0.00 0.00 0.00 0.00 0.00 0.00 0.00 0.00 0.00 0.00 0.00 0.00 0.00 0.00 0.00 0.00 0.00 0.00 0.00 0.00 0.00 0.00 0.00 0.00 0.00 0.00 0.00 0.00 0.00 0.00 0.00 0.00 0.00 0.00 0.00 0.00 0.00 0.00 0.00 0.00 0.00 0.00 0.00 0.00 0.00 0.00 0.00 0.00 0.00 0.00 0.00 0.00 0.00 0.00 0.00 0.00 0.00 0.00 0.00 0.00 0.00 0.00 0.00 0.00 0.00 0.00 0.00 0.00 0.00 0.00 0.00 0.00 0.00 0.00 0.00 0.00 0.00 0.00 0.00 0.00 0.00 0.00 0.00 0.00 0.00 0.00 0.00 0.00 0.00 0.00 0.00 0.00 0.00 0.00 0.00 0.00 0.00 0.00 0.00 0.00 0.00 0.00 0.00 0.00 0.00 0.00 0.00 0.00 0.00 0.00 0.00 0.00 0.00 0.00 0.00 0.00 0.00 0.00 0.00 0.00 0.00 0.00 0.00 0.00 0.00 0.00 0.00 0.00 0.00 0.00 0.00 0.00 0.00 0.00 0.00 0.00 0.00 0.00 0.00 0.00 0.00 0.00 0.00 0.00 0.00 0.00 0.00 0.00 0.00 0.00 0.00 0.00
height.size=900
height.data=82577.28 82577.28 82577.28 82577.28 82577.28 82577.28 82577.28 82577.28 82577.28 82577.28 82687.49 82687.49 82687.49 82687.49 82687.49 82687.49 82687.49 82687.49 82687.49 82687.49 82797.71 82797.71 82797.71 82797.71 82797.71 82797.71 82797.71 82797.71 82797.71 82797.71 82907.94 82907.94 82907.94 82907.94 82907.94 82907.94 82907.94 82907.94 82907.94 82907.94 83018.17 83018.17 83018.17 83018.17 83018.17 83018.17 83018.17 83018.17 83018.17 83018.17 83128.41 83128.41 83128.41 83128.41 83128.41 83128.41 83128.41 83128.41 83128.41 83128.41 83238.66 83238.66 83238.66 83238.66 83238.66 83238.66 83238.66 83238.66 83238.66 83238.66 83348.90 83348.90 83348.90 83348.90 83348.90 83348.90 83348.90 83348.90 83348.90 83348.90 83459.16 83459.16 83459.16 83459.16 83459.16 83459.16 83459.16 83459.16 83459.16 83459.16 83569.42 83569.42 83569.42 83569.42 83569.42 83569.42 83569.42 83569.42 83569.42 83569.42 83679.69 83679.69 83679.69 83679.69 83679.69 83679.69 83679.69 83679.69 83679.69 83679.69 83789.96 83789.96 83789.96 83789.96 83789.96 83789.96 83789.96 83789.96 83789.96 83789.96 83900.24 83900.24 83900.24 83900.24 83900.24 83900.24 83900.24 83900.24 83900.24 83900.24 84010.53 84010.53 84010.53 84010.53 84010.53 84010.53 84010.53 84010.53 84010.53 84010.53 84120.82 84120.82 84120.82 84120.82 84120.82 84120.82 84120.82 84120.82 84120.82 84120.82 84231.11 84231.11 84231.11 84231.11 84231.11 84231.11 84231.11 84231.11 84231.11 84231.11 84341.42 84341.42 84341.42 84341.42 84341.42 84341.42 84341.42 84341.42 84341.42 84341.42 84451.73 84451.73 84451.73 84451.73 84451.73 84451.73 84451.73 84451.73 84451.73 84451.73 84562.04 84562.04 84562.04 84562.04 84562.04 84562.04 84562.04 84562.04 84562.04 84562.04 84672.36 84672.36 84672.36 84672.36 84672.36 84672.36 84672.36 84672.36 84672.36 84672.36 84782.69 84782.69 84782.69 84782.69 84782.69 84782.69 84782.69 84782.69 84782.69 84782.69 84893.02 84893.02 84893.02 84893.02 84893.02 84893.02 84893.02 84893.02 84893.02 84893.02 85003.36 85003.36 85003.36 85003.36 85003.36 85003.36 85003.36 85003.36 85003.36 85003.36 85113.70 85113.70 85113.70 85113.70 85113.70 85113.70 85113.70 85113.70 85113.70 85113.70 85224.05 85224.05 85224.05 85224.05 85224.05 85224.05 85224.05 85224.05 85224.05 85224.05 85334.41 85334.41 85334.41 85334.41 85334.41 85334.41 85334.41 85334.41 85334.41 85334.41 85444.77 85444.77 85444.77 85444.77 85444.77 85444.77 85444.77 85444.77 85444.77 85444.77 85555.13 85555.13 85555.13 85555.13 85555.13 85555.13 85555.13 85555.13 85555.13 85555.13 85665.51 85665.51 85665.51 85665.51 85665.51 85665.51 85665.51 85665.51 85665.51 85665.51 85775.89 85775.89 85775.89 85775.89 85775.89 85775.89 85775.89 85775.89 85775.89 85775.89 85886.27 85886.27 85886.27 85886.27 85886.27 85886.27 85886.27 85886.27 85886.27 85886.27 85996.66 85996.66 85996.66 85996.66 85996.66 85996.66 85996.66 85996.66 85996.66 85996.66 86107.06 86107.06 86107.06 86107.06 86107.06 86107.06 86107.06 86107.06 86107.06 86107.06 86217.46 86217.46 86217.46 86217.46 86217.46 86217.46 86217.46 86217.46 86217.46 86217.46 86327.87 86327.87 86327.87 86327.87 86327.87 86327.87 86327.87 86327.87 86327.87 86327.87 86438.28 86438.28 86438.28 86438.28 86438.28 86438.28 86438.28 86438.28 86438.28 86438.28 86548.70 86548.70 86548.70 86548.70 86548.70 86548.70 86548.70 86548.70 86548.70 86548.70 86659.13 86659.13 86659.13 86659.13 86659.13 86659.13 86659.13 86659.13 86659.13 86659.13 86769.56 86769.56 86769.56 86769.56 86769.56 86769.56 86769.56 86769.56 86769.56 86769.56 86880.00 86880.00 86880.00 86880.00 86880.00 86880.00 86880.00 86880.00 86880.00 86880.00 86990.44 86990.44 86990.44 86990.44 86990.44 86990.44 86990.44 86990.44 86990.44 86990.44 87100.89 87100.89 87100.89 87100.89 87100.89 87100.89 87100.89 87100.89 87100.89 87100.89 87211.35 87211.35 87211.35 87211.35 87211.35 87211.35 87211.35 87211.35 87211.35 87211.35 87321.81 87321.81 87321.81 87321.81 87321.81 87321.81 87321.81 87321.81 87321.81 87321.81 87432.27 87432.27 87432.27 87432.27 87432.27 87432.27 87432.27 87432.27 87432.27 87432.27 87542.75 87542.75 87542.75 87542.75 87542.75 87542.75 87542.75 87542.75 87542.75 87542.75 87653.22 87653.22 87653.22 87653.22 87653.22 87653.22 87653.22 87653.22 87653.22 87653.22 87763.71 87763.71 87763.71 87763.71 87763.71 87763.71 87763.71 87763.71 87763.71 87763.71 87874.20 87874.20 87874.20 87874.20 87874.20 87874.20 87874.20 87874.20 87874.20 87874.20 87984.70 87984.70 87984.70 87984.70 87984.70 87984.70 87984.70 87984.70 87984.70 87984.70 88095.20 88095.20 88095.20 88095.20 88095.20 88095.20 88095.20 88095.20 88095.20 88095.20 88205.71 88205.71 88205.71 88205.71 88205.71 88205.71 88205.71 88205.71 88205.71 88205.71 88316.22 88316.22 88316.22 88316.22 88316.22 88316.22 88316.22 88316.22 88316.22 88316.22 88426.74 88426.74 88426.74 88426.74 88426.74 88426.74 88426.74 88426.74 88426.74 88426.74 88537.26 88537.26 88537.26 88537.26 88537.26 88537.26 88537.26 88537.26 88537.26 88537.26 88647.80 88647.80 88647.80 88647.80 88647.80 88647.80 88647.80 88647.80 88647.80 88647.80 88758.33 88758.33 88758.33 88758.33 88758.33 88758.33 88758.33 88758.33 88758.33 88758.33 88868.88 88868.88 88868.88 88868.88 88868.88 88868.88 88868.88 88868.88 88868.88 88868.88 88979.42 88979.42 88979.42 88979.42 88979.42 88979.42 88979.42 88979.42 88979.42 88979.42 89089.98 89089.98 89089.98 89089.98 89089.98 89089.98 89089.98 89089.98 89089.98 89089.98 89200.54 89200.54 89200.54 89200.54 89200.54 89200.54 89200.54 89200.54 89200.54 89200.54 89311.11 89311.11 89311.11 89311.11 89311.11 89311.11 89311.11 89311.11 89311.11 89311.11 89421.68 89421.68 89421.68 89421.68 89421.68 89421.68 89421.68 89421.68 89421.68 89421.68 89532.26 89532.26 89532.26 89532.26 89532.26 89532.26 89532.26 89532.26 89532.26 89532.26 89642.84 89642.84 89642.84 89642.84 89642.84 89642.84 89642.84 89642.84 89642.84 89642.84 89753.43 89753.43 89753.43 89753.43 89753.43 89753.43 89753.43 89753.43 89753.43 89753.43 89864.03 89864.03 89864.03 89864.03 89864.03 89864.03 89864.03 89864.03 89864.03 89864.03 89974.63 89974.63 89974.63 89974.63 89974.63 89974.63 89974.63 89974.63 89974.63 89974.63 90085.24 90085.24 90085.24 90085.24 90085.24 90085.24 90085.24 90085.24 90085.24 90085.24 90195.85 90195.85 90195.85 90195.85 90195.85 90195.85 90195.85 90195.85 90195.85 90195.85 90306.47 90306.47 90306.47 90306.47 90306.47 90306.47 90306.47 90306.47 90306.47 90306.47 90417.09 90417.09 90417.09 90417.09 90417.09 90417.09 90417.09 90417.09 90417.09 90417.09 90527.72 90527.72 90527.72 90527.72 90527.72 90527.72 90527.72 90527.72 90527.72 90527.72 90638.36 90638.36 90638.36 90638.36 90638.36 90638.36 90638.36 90638.36 90638.36 90638.36 90749.00 90749.00 90749.00 90749.00 90749.00 90749.00 90749.00 90749.00 90749.00 90749.00 90859.65 90859.65 90859.65 90859.65 90859.65 90859.65 90859.65 90859.65 90859.65 90859.65 90970.31 90970.31 90970.31 90970.31 90970.31 90970.31 90970.31 90970.31 90970.31 90970.31 91080.97 91080.97 91080.97 91080.97 91080.97 91080.97 91080.97 91080.97 91080.97 91080.97 91191.63 91191.63 91191.63 91191.63 91191.63 91191.63 91191.63 91191.63 91191.63 91191.63 91302.30 91302.30 91302.30 91302.30 91302.30 91302.30 91302.30 91302.30 91302.30 91302.30 91412.98 91412.98 91412.98 91412.98 91412.98 91412.98 91412.98 91412.98 91412.98 91412.98 91523.67 91523.67 91523.67 91523.67 91523.67 91523.67 91523.67 91523.67 91523.67 91523.67 91634.35 91634.35 91634.35 91634.35 91634.35 91634.35 91634.35 91634.35 91634.35 91634.35 91745.05 91745.05 91745.05 91745.05 91745.05 91745.05 91745.05 91745.05 91745.05 91745.05 91855.75 91855.75 91855.75 91855.75 91855.75 91855.75 91855.75 91855.75 91855.75 91855.75 91966.46 91966.46 91966.46 91966.46 91966.46 91966.46 91966.46 91966.46 91966.46 91966.46 92077.17 92077.17 92077.17 92077.17 92077.17 92077.17 92077.17 92077.17 92077.17 92077.17 92187.89 92187.89 92187.89 92187.89 92187.89 92187.89 92187.89 92187.89 92187.89 92187.89 92298.61 92298.61 92298.61 92298.61 92298.61 92298.61 92298.61 92298.61 92298.61 92298.61 92409.34 92409.34 92409.34 92409.34 92409.34 92409.34 92409.34 92409.34 92409.34 92409.34
=== END RADAR_SCAN ===

=== BEGIN RADAR_SCAN ===
scan.index=8
scan.time=187.330000
radar.id=0
radar.frequency=C
radar.scanning_mode=PPI
radar.x=0.000
radar.y=0.000
radar.z=25.000
radar.maximum_range=250000.000
radar.range_resolution=250.000
radar.angular_resolution=1.000000
box.radar_id=0
box.min_range_gate=737.000
box.max_range_gate=824.000
box.min_angle=96.000000
box.max_angle=106.000000
box.num_ranges=88
box.num_angles=10
box.range_resolution=250.000
box.angular_resolution=1.000000
box.other_angle=20.000000
grid.size=880
grid.data=0.00 0.00 0.00 0.00 0.00 0.00 0.00 0.00 0.00 0.00 0.00 0.00 0.00 0.00 0.00 0.00 0.00 0.00 0.00 0.00 0.00 0.00 0.00 0.00 0.00 0.00 0.00 0.00 0.00 0.00 0.00 0.00 0.00 0.00 0.00 0.00 0.00 0.00 0.00 0.00 0.00 0.00 0.00 0.00 0.00 0.00 0.00 0.00 0.00 0.00 0.00 0.00 0.00 0.00 0.00 0.00 0.00 0.00 0.00 0.00 0.00 0.00 0.00 0.00 0.00 0.00 0.00 0.00 0.00 0.00 0.00 0.00 0.00 0.00 0.00 -0.29 0.00 0.00 0.00 0.00 0.00 0.00 0.00 0.00 0.00 -0.37 0.00 0.00 0.00 0.00 0.00 0.00 0.00 0.00 -1.00 0.89 -1.15 0.00 0.00 0.00 0.00 0.00 0.00 0.00 1.57 1.12 0.06 0.00 0.00 0.00 0.00 0.00 0.00 0.00 0.24 -0.31 0.20 0.00 0.00 0.00 0.00 0.00 0.00 0.00 -0.92 -0.03 0.59 0.00 0.00 0.00 0.00 0.00 0.00 0.00 -1.56 -0.23 0.10 0.00 0.00 0.00 0.00 0.00 0.00 0.00 -0.45 -0.72 0.01 0.00 0.00 0.00 0.00 0.00 0.00 0.00 -0.54 -0.06 0.35 0.00 0.00 0.00 0.00 0.00 0.00 0.00 -0.96 -1.02 -0.18 0.00 0.00 0.00 0.00 0.00 0.00 0.57 -1.05 0.84 0.39 -0.53 0.00 0.00 0.00 0.00 0.00 0.42 0.49 -0.51 -0.84 -0.13 0.00 0.00 0.00 0.00 0.00 0.40 1.68 -1.12 0.46 -0.91 0.00 0.00 0.00 0.00 0.00 -0.31 -0.74 0.34 -1.00 -0.32 0.00 0.00 0.00 0.00 0.00 0.29 0.12 0.89 -0.82 0.45 0.00 0.00 0.00 0.00 0.00 1.57 0.83 -1.32 -1.06 -0.65 0.00 0.00 0.00 0.00 0.00 -0.51 0.88 -2.15 -0.15 0.19 0.00 0.00 0.00 0.00 0.00 0.07 -0.55 -0.35 -1.06 -0.59 0.00 0.00 0.00 0.00 0.00 -0.06 1.13 -0.10 1.01 -0.12 0.00 0.00 0.00 0.00 0.00 -0.70 -0.23 0.68 0.84 0.80 0.00 0.00 0.00 0.00 0.00 -0.11 -1.02 -0.73 -0.31 -1.35 0.00 0.00 0.00 0.00 0.00 -0.50 0.69 0.35 1.02 -0.44 0.00 0.00 0.00 0.00 0.00 0.26 0.39 -1.54 0.13 -0.81 0.00 0.00 0.00 0.00 0.00 -1.03 0.86 0.42 -0.58 -0.93 0.00 0.00 0.00 0.00 0.00 0.37 0.95 -1.16 0.34 0.53 0.00 0.00 0.00 0.00 0.00 -0.19 -0.63 0.30 0.28 -0.18 0.00 0.00 0.00 0.00 0.00 0.04 0.82 -0.26 -0.49 -0.53 0.00 0.00 0.00 0.00 0.00 0.98 0.06 0.46 -0.49 0.63 0.00 0.00 0.00 0.00 0.00 -0.55 0.48 1.09 1.05 0.12 0.00 0.00 0.00 0.00 0.00 1.04 0.17 0.41 0.54 0.48 -0.16 0.00 0.00 0.00 0.00 -0.50 0.94 1.01 0.18 -0.64 -0.77 0.00 0.00 0.00 0.16 0.96 0.20 -1.28 -1.33 -0.97 0.57 0.00 0.00 0.00 1.76 -0.18 0.14 -0.10 0.17 0.12 -0.80 0.00 0.00 0.00 0.36 -0.06 -1.15 -0.70 0.69 -0.08 -0.24 0.00 0.00 0.00 -1.98 1.02 0.26 -0.60 0.53 -1.16 -0.19 0.00 0.00 0.00 0.14 -1.36 -0.89 -1.24 0.21 0.11 0.95 0.00 0.00 0.00 -0.42 -0.16 0.71 0.69 -0.18 0.62 -1.25 0.00 0.00 0.00 0.18 -1.06 0.76 2.26 -1.60 -0.47 0.00 0.00 0.00 0.00 0.82 0.10 0.37 -0.88 0.72 -0.61 0.17 0.00 0.00 0.00 0.61 0.16 -0.78 1.01 -0.53 0.75 -0.32 0.00 0.00 0.00 0.24 0.41 -0.98 0.74 -0.38 -1.77 1.40 0.00 0.00 0.00 -0.81 0.99 -0.60 -0.63 0.01 -1.04 -0.11 0.00 0.00 0.00 0.72 0.33 -0.98 -0.85 1.47 1.15 0.52 0.00 0.00 0.00 0.18 -0.04 0.63 -1.06 0.70 -0.52 0.23 0.00 0.00 0.00 -0.49 1.11 0.72 0.93 -0.51 -0.31 0.35 0.00 0.00 0.00 0.00 -0.07 0.17 0.04 0.34 0.38 -0.42 0.00 0.00 0.00 0.67 -0.55 0.41 -0.45 0.79 0.87 -0.96 0.00 0.00 0.00 2.06 0.11 0.82 -0.34 -0.90 0.13 -1.33 0.00 0.00 0.00 0.02 -0.15 -0.77 -0.55 -1.33 0.09 -0.12 0.00 0.00 0.00 -0.19 -0.06 -1.03 0.13 0.19 0.40 0.94 0.00 0.00 0.00 -0.25 0.06 -0.19 -0.07 -0.79 1.42 -0.64 0.00 0.00 0.00 -0.09 0.33 0.65 0.73 0.03 -1.28 -0.93 0.00 0.00 0.00 -0.21 -0.71 0.81 0.34 -0.74 0.04 -1.04 0.00 0.00 0.00 -0.60 0.06 -0.41 -1.07 0.87 1.86 -0.07 0.00 0.00 0.00 0.00 0.23 0.14 -0.90 -0.82 -0.06 0.07 0.00 0.00 0.00 0.00 1.60 0.12 0.52 -0.38 -0.35 0.00 0.00 0.00 0.00 0.00 1.81 0.72 -1.17 0.82 -0.22 0.00 0.00 0.00 0.00 0.00 0.60 1.18 -0.04 -0.26 0.46 0.00 0.00 0.00 0.00 0.00 -0.26 -1.30 -0.24 -0.93 0.21 0.00 0.00 0.00 0.00 0.00 0.51 0.05 -0.21 0.14 0.64 0.00 0.00 0.00 0.00 0.00 -0.77 -0.46 -0.68 -0.04 -1.01 0.00 0.00 0.00 0.00 0.00 1.18 -1.73 0.19 -1.22 -1.11 0.00 0.00 0.00 0.00 0.00 -0.31 -0.26 -1.12 0.14 0.61 0.00 0.00 0.00 0.00 0.00 1.38 -0.08 0.34 0.25 -0.20 0.00 0.00 0.00 0.00 0.00 0.96 -0.15 -0.10 0.04 -0.19 0.00 0.00 0.00 0.00 0.00 1.44 -0.10 0.60 0.25 0.35 0.00 0.00 0.00 0.00 0.00 0.75 -1.35 -0.15 -1.25 -0.20 0.00 0.00 0.00 0.00 0.00 0.14 -0.04 -0.59 0.41 0.61 0.00 0.00 0.00 0.00 0.00 0.74 1.13 -1.13 1.18 0.30 0.00 0.00 0.00 0.00 0.00 -0.92 -0.18 -0.23 -0.06 0.47 0.00 0.00 0.00 0.00 0.00 -0.90 -1.20 0.30 -0.94 -1.09 0.00 0.00 0.00 0.00 0.00 -0.20 1.34 -0.80 1.15 0.54 0.00 0.00 0.00 0.00 0.00 -0.62 1.30 0.79 0.40 0.72 0.00 0.00 0.00 0.00 0.00 0.90 0.26 0.33 -0.20 -1.22 0.00 0.00 0.00 0.00 0.00 -0.53 0.73 0.21 -0.75 0.01 0.00 0.00 0.00 0.00 0.00 1.93 0.45 -1.20 -0.10 -0.02 0.00 0.00 0.00 0.00 0.00 0.00 -0.15 1.85 -1.07 0.00 0.00 0.00 0.00 0.00 0.00 0.00 0.43 -0.29 0.95 0.00 0.00 0.00 0.00 0.00 0.00 0.00 0.00 -0.52 0.14 0.00 0.00 0.00 0.00 0.00 0.00 0.00 -0.30 -0.45 -0.01 0.00 0.00 0.00 0.00 0.00 0.00 0.00 0.57 -0.99 0.35 0.00 0.00 0.00
rain_type.data=0 0 0 0 0 0 0 0 0 0 0 0 0 0 0 0 0 0 0 0 0 0 0 0 0 0 0 0 0 0 0 0 0 0 0 0 0 0 0 0 0 0 0 0 0 0 0 0 0 0 0 0 0 0 0 0 0 0 0 0 0 0 0 0 0 0 0 0 0 0 0 0 0 0 0 1 0 0 0 0 0 0 0 0 0 1 0 0 0 0 0 0 0 0 1 1 1 0 0 0 0 0 0 0 1 1 1 0 0 0 0 0 0 0 1 1 1 0 0 0 0 0 0 0 1 1 1 0 0 0 0 0 0 0 1 1 1 0 0 0 0 0 0 0 1 1 1 0 0 0 0 0 0 0 1 1 1 0 0 0 0 0 0 0 1 1 1 0 0 0 0 0 0 1 1 1 1 1 0 0 0 0 0 1 1 1 1 1 0 0 0 0 0 1 1 1 1 1 0 0 0 0 0 1 1 1 1 1 0 0 0 0 0 1 1 1 1 1 0 0 0 0 0 1 1 1 1 1 0 0 0 0 0 1 1 1 1 1 0 0 0 0 0 1 1 1 1 1 0 0 0 0 0 1 1 1 1 1 0 0 0 0 0 2 2 1 1 1 0 0 0 0 0 2 2 1 1 1 0 0 0 0 0 2 2 1 1 1 0 0 0 0 0 2 2 1 1 1 0 0 0 0 0 2 2 1 1 1 0 0 0 0 0 2 2 1 1 1 0 0 0 0 0 2 2 1 1 1 0 0 0 0 0 2 2 1 1 1 0 0 0 0 0 2 2 1 1 1 0 0 0 0 0 2 2 1 1 1 0 0 0 0 0 2 2 1 1 1 1 0 0 0 0 2 2 1 1 1 1 0 0 0 1 2 2 1 1 1 1 0 0 0 2 2 2 1 1 1 1 0 0 0 2 2 2 1 1 1 1 0 0 0 2 2 2 2 1 1 1 0 0 0 2 2 2 2 1 1 1 0 0 0 2 2 2 2 1 1 1 0 0 0 2 2 2 2 1 1 1 0 0 0 2 2 2 2 1 1 1 0 0 0 2 2 2 2 1 1 1 0 0 0 2 2 2 2 1 1 1 0 0 0 2 2 2 2 1 1 1 0 0 0 2 2 2 2 1 1 1 0 0 0 2 2 2 2 1 1 1 0 0 0 2 2 2 1 1 1 1 0 0 0 2 2 2 1 1 1 1 0 0 0 2 2 2 1 1 1 1 0 0 0 1 2 2 1 1 1 1 0 0 0 1 2 2 1 1 1 1 0 0 0 1 2 2 1 1 1 1 0 0 0 1 2 2 1 1 1 1 0 0 0 1 2 2 1 1 1 1 0 0 0 1 2 2 1 1 1 1 0 0 0 1 2 2 1 1 1 1 0 0 0 0 2 2 1 1 1 1 0 0 0 0 2 2 1 1 1 0 0 0 0 0 2 2 1 1 1 0 0 0 0 0 2 2 1 1 1 0 0 0 0 0 2 2 1 1 1 0 0 0 0 0 2 2 1 1 1 0 0 0 0 0 1 1 1 1 1 0 0 0 0 0 1 1 1 1 1 0 0 0 0 0 1 1 1 1 1 0 0 0 0 0 1 1 1 1 1 0 0 0 0 0 1 1 1 1 1 0 0 0 0 0 1 1 1 1 1 0 0 0 0 0 1 1 1 1 1 0 0 0 0 0 1 1 1 1 1 0 0 0 0 0 1 1 1 1 1 0 0 0 0 0 1 1 1 1 1 0 0 0 0 0 1 1 1 1 1 0 0 0 0 0 1 1 1 1 1 0 0 0 0 0 1 1 1 1 1 0 0 0 0 0 1 1 1 1 1 0 0 0 0 0 1 1 1 1 1 0 0 0 0 0 1 1 1 1 1 0 0 0 0 0 0 1 1 1 0 0 0 0 0 0 0 1 1 1 0 0 0 0 0 0 0 1 1 1 0 0 0 0 0 0 0 1 1 1 0 0 0 0 0 0 0 1 1 1 0 0 0
estimated_attenuation.size=880
estimated_attenuation.data=0.00 0.00 0.00 0.00 0.00 0.00 0.00 0.00 0.00 0.00 0.00 0.00 0.00 0.00 0.00 0.00 0.00 0.00 0.00 0.00 0.00 0.00 0.00 0.00 0.00 0.00 0.00 0.00 0.00 0.00 0.00 0.00 0.00 0.00 0.00 0.00 0.00 0.00 0.00 0.00 0.00 0.00 0.00 0.00 0.00 0.00 0.00 0.00 0.00 0.00 0.00 0.00 0.00 0.00 0.00 0.00 0.00 0.00 0.00 0.00 0.00 0.00 0.00 0.00 0.00 0.00 0.00 0.00 0.00 0.00 0.00 0.00 0.00 0.00 0.00 0.00 0.00 0.00 0.00 0.00 0.00 0.00 0.00 0.00 0.00 0.00 0.00 0.00 0.00 0.00 0.00 0.00 0.00 0.00 0.00 0.00 0.00 0.00 0.00 0.00 0.00 0.00 0.00 0.00 0.00 0.00 0.00 0.00 0.00 0.00 0.00 0.00 0.00 0.00 0.00 0.00 0.00 0.00 0.00 0.00 0.00 0.00 0.00 0.00 0.00 0.00 0.00 0.00 0.00 0.00 0.00 0.00 0.00 0.00 0.00 0.00 0.00 0.00 0.00 0.00 0.00 0.00 0.00 0.00 0.00 0.00 0.00 0.00 0.00 0.00 0.00 0.00 0.00 0.00 0.00 0.00 0.00 0.00 0.00 0.00 0.00 0.00 0.00 0.00 0.00 0.00 0.00 0.00 0.00 0.00 0.00 0.00 0.00 0.00 0.00 0.00 0.00 0.00 0.00 0.00 0.00 0.00 0.00 0.00 0.00 0.00 0.00 0.00 0.00 0.00 0.00 0.00 0.00 0.00 0.00 0.00 0.00 0.00 0.00 0.00 0.00 0.00 0.00 0.00 0.00 0.00 0.00 0.00 0.00 0.00 0.00 0.00 0.00 0.00 0.00 0.00 0.00 0.00 0.00 0.00 0.00 0.00 0.00 0.00 0.00 0.00 0.00 0.00 0.00 0.00 0.00 0.00 0.00 0.00 0.00 0.00 0.00 0.00 0.00 0.00 0.00 0.00 0.00 0.00 0.00 0.00 0.00 0.00 0.00 0.00 0.00 0.00 0.00 0.00 0.00 0.00 0.00 0.00 0.00 0.00 0.00 0.00 0.00 0.00 0.00 0.00 0.00 0.00 0.00 0.00 0.00 0.00 0.00 0.00 0.00 0.00 0.00 0.00 0.00 0.00 0.00 0.00 0.00 0.00 0.00 0.00 0.00 0.00 0.00 0.00 0.00 0.00 0.00 0.00 0.00 0.00 0.00 0.00 0.00 0.00 0.00 0.00 0.00 0.00 0.00 0.00 0.00 0.00 0.00 0.00 0.00 0.00 0.00 0.00 0.00 0.00 0.00 0.00 0.00 0.00 0.00 0.00 0.00 0.00 0.00 0.00 0.00 0.00 0.00 0.00 0.00 0.00 0.00 0.00 0.00 0.00 0.00 0.00 0.00 0.00 0.00 0.00 0.00 0.00 0.00 0.00 0.00 0.00 0.00 0.00 0.00 0.00 0.00 0.00 0.00 0.00 0.00 0.00 0.00 0.00 0.00 0.00 0.00 0.00 0.00 0.00 0.00 0.00 0.00 0.00 0.00 0.00 0.00 0.00 0.00 0.00 0.00 0.00 0.00 0.00 0.00 0.00 0.00 0.00 0.00 0.00 0.00 0.00 0.00 0.00 0.00 0.00 0.00 0.00 0.00 0.00 0.00 0.00 0.00 0.00 0.00 0.00 0.00 0.00 0.00 0.00 0.00 0.00 0.00 0.00 0.00 0.00 0.00 0.00 0.00 0.00 0.00 0.00 0.00 0.00 0.00 0.00 0.00 0.00 0.00 0.00 0.00 0.00 0.00 0.00 0.00 0.00 0.00 0.00 0.00 0.00 0.00 0.00 0.00 0.00 0.00 0.00 0.00 0.00 0.00 0.00 0.00 0.00 0.00 0.00 0.00 0.00 0.00 0.00 0.00 0.00 0.00 0.00 0.00 0.00 0.00 0.00 0.00 0.00 0.00 0.00 0.00 0.00 0.00 0.00 0.00 0.00 0.00 0.00 0.00 0.00 0.00 0.00 0.00 0.00 0.00 0.00 0.00 0.00 0.00 0.00 0.00 0.00 0.00 0.00 0.00 0.00 0.00 0.00 0.00 0.00 0.00 0.00 0.00 0.00 0.00 0.00 0.00 0.00 0.00 0.00 0.00 0.00 0.00 0.00 0.00 0.00 0.00 0.00 0.00 0.00 0.00 0.00 0.00 0.00 0.00 0.00 0.00 0.00 0.00 0.00 0.00 0.00 0.00 0.00 0.00 0.00 0.00 0.00 0.00 0.00 0.00 0.00 0.00 0.00 0.00 0.00 0.00 0.00 0.00 0.00 0.00 0.00 0.00 0.00 0.00 0.00 0.00 0.00 0.00 0.00 0.00 0.00 0.00 0.00 0.00 0.00 0.00 0.00 0.00 0.00 0.00 0.00 0.00 0.00 0.00 0.00 0.00 0.00 0.00 0.00 0.00 0.00 0.00 0.00 0.00 0.00 0.00 0.00 0.00 0.00 0.00 0.00 0.00 0.00 0.00 0.00 0.00 0.00 0.00 0.00 0.00 0.00 0.00 0.00 0.00 0.00 0.00 0.00 0.00 0.00 0.00 0.00 0.00 0.00 0.00 0.00 0.00 0.00 0.00 0.00 0.00 0.00 0.00 0.00 0.00 0.00 0.00 0.00 0.00 0.00 0.00 0.00 0.00 0.00 0.00 0.00 0.00 0.00 0.00 0.00 0.00 0.00 0.00 0.00 0.00 0.00 0.00 0.00 0.00 0.00 0.00 0.00 0.00 0.00 0.00 0.00 0.00 0.00 0.00 0.00 0.00 0.00 0.00 0.00 0.00 0.00 0.00 0.00 0.00 0.00 0.00 0.00 0.00 0.00 0.00 0.00 0.00 0.00 0.00 0.00 0.00 0.00 0.00 0.00 0.00 0.00 0.00 0.00 0.00 0.00 0.00 0.00 0.00 0.00 0.00 0.00 0.00 0.00 0.00 0.00 0.00 0.00 0.00 0.00 0.00 0.00 0.00 0.00 0.00 0.00 0.00 0.00 0.00 0.00 0.00 0.00 0.00 0.00 0.00 0.00 0.00 0.00 0.00 0.00 0.00 0.00 0.00 0.00 0.00 0.00 0.00 0.00 0.00 0.00 0.00 0.00 0.00 0.00 0.00 0.00 0.00 0.00 0.00 0.00 0.00 0.00 0.00 0.00 0.00 0.00 0.00 0.00 0.00 0.00 0.00 0.00 0.00 0.00 0.00 0.00 0.00 0.00 0.00 0.00 0.00 0.00 0.00 0.00 0.00 0.00 0.00 0.00 0.00 0.00 0.00 0.00 0.00 0.00 0.00 0.00 0.00 0.00 0.00 0.00 0.00 0.00 0.00 0.00 0.00 0.00 0.00 0.00 0.00 0.00 0.00 0.00 0.00 0.00 0.00 0.00 0.00 0.00 0.00 0.00 0.00 0.00 0.00 0.00 0.00 0.00 0.00 0.00 0.00 0.00 0.00 0.00 0.00 0.00 0.00 0.00 0.00 0.00 0.00 0.00 0.00 0.00 0.00 0.00 0.00 0.00 0.00 0.00 0.00 0.00 0.00 0.00 0.00 0.00 0.00 0.00 0.00 0.00 0.00 0.00 0.00 0.00 0.00 0.00 0.00 0.00 0.00 0.00 0.00 0.00 0.00 0.00 0.00 0.00 0.00 0.00 0.00 0.00 0.00 0.00 0.00 0.00 0.00 0.00 0.00 0.00 0.00 0.00 0.00 0.00 0.00 0.00 0.00 0.00 0.00 0.00 0.00 0.00 0.00 0.00
height.size=880
height.data=64768.49 64768.49 64768.49 64768.49 64768.49 64768.49 64768.49 64768.49 64768.49 64768.49 64858.73 64858.73 64858.73 64858.73 64858.73 64858.73 64858.73 64858.73 64858.73 64858.73 64948.98 64948.98 64948.98 64948.98 64948.98 64948.98 64948.98 64948.98 64948.98 64948.98 65039.23 65039.23 65039.23 65039.23 65039.23 65039.23 65039.23 65039.23 65039.23 65039.23 65129.49 65129.49 65129.49 65129.49 65129.49 65129.49 65129.49 65129.49 65129.49 65129.49 65219.76 65219.76 65219.76 65219.76 65219.76 65219.76 65219.76 65219.76 65219.76 65219.76 65310.04 65310.04 65310.04 65310.04 65310.04 65310.04 65310.04 65310.04 65310.04 65310.04 65400.32 65400.32 65400.32 65400.32 65400.32 65400.32 65400.32 65400.32 65400.32 65400.32 65490.61 65490.61 65490.61 65490.61 65490.61 65490.61 65490.61 65490.61 65490.61 65490.61 65580.90 65580.90 65580.90 65580.90 65580.90 65580.90 65580.90 65580.90 65580.90 65580.90 65671.20 65671.20 65671.20 65671.20 65671.20 65671.20 65671.20 65671.20 65671.20 65671.20 65761.50 65761.50 65761.50 65761.50 65761.50 65761.50 65761.50 65761.50 65761.50 65761.50 65851.82 65851.82 65851.82 65851.82 65851.82 65851.82 65851.82 65851.82 65851.82 65851.82 65942.14 65942.14 65942.14 65942.14 65942.14 65942.14 65942.14 65942.14 65942.14 65942.14 66032.46 66032.46 66032.46 66032.46 66032.46 66032.46 66032.46 66032.46 66032.46 66032.46 66122.79 66122.79 66122.79 66122.79 66122.79 66122.79 66122.79 66122.79 66122.79 66122.79 66213.13 66213.13 66213.13 66213.13 66213.13 66213.13 66213.13 66213.13 66213.13 66213.13 66303.47 66303.47 66303.47 66303.47 66303.47 66303.47 66303.47 66303.47 66303.47 66303.47 66393.83 66393.83 66393.83 66393.83 66393.83 66393.83 66393.83 66393.83 66393.83 66393.83 66484.18 66484.18 66484.18 66484.18 66484.18 66484.18 66484.18 66484.18 66484.18 66484.18 66574.55 66574.55 66574.55 66574.55 66574.55 66574.55 66574.55 66574.55 66574.55 66574.55 66664.92 66664.92 66664.92 66664.92 66664.92 66664.92 66664.92 66664.92 66664.92 66664.92 66755.29 66755.29 66755.29 66755.29 66755.29 66755.29 66755.29 66755.29 66755.29 66755.29 66845.67 66845.67 66845.67 66845.67 66845.67 66845.67 66845.67 66845.67 66845.67 66845.67 66936.06 66936.06 66936.06 66936.06 66936.06 66936.06 66936.06 66936.06 66936.06 66936.06 67026.46 67026.46 67026.46 67026.46 67026.46 67026.46 67026.46 67026.46 67026.46 67026.46 67116.86 67116.86 67116.86 67116.86 67116.86 67116.86 67116.86 67116.86 67116.86 67116.86 67207.27 67207.27 67207.27 67207.27 67207.27 67207.27 67207.27 67207.27 67207.27 67207.27 67297.68 67297.68 67297.68 67297.68 67297.68 67297.68 67297.68 67297.68 67297.68 67297.68 67388.10 67388.10 67388.10 67388.10 67388.10 67388.10 67388.10 67388.10 67388.10 67388.10 67478.53 67478.53 67478.53 67478.53 67478.53 67478.53 67478.53 67478.53 67478.53 67478.53 67568.96 67568.96 67568.96 67568.96 67568.96 67568.96 67568.96 67568.96 67568.96 67568.96 67659.40 67659.40 67659.40 67659.40 67659.40 67659.40 67659.40 67659.40 67659.40 67659.40 67749.85 67749.85 67749.85 67749.85 67749.85 67749.85 67749.85 67749.85 67749.85 67749.85 67840.30 67840.30 67840.30 67840.30 67840.30 67840.30 67840.30 67840.30 67840.30 67840.30 67930.76 67930.76 67930.76 67930.76 67930.76 67930.76 67930.76 67930.76 67930.76 67930.76 68021.22 68021.22 68021.22 68021.22 68021.22 68021.22 68021.22 68021.22 68021.22 68021.22 68111.69 68111.69 68111.69 68111.69 68111.69 68111.69 68111.69 68111.69 68111.69 68111.69 68202.17 68202.17 68202.17 68202.17 68202.17 68202.17 68202.17 68202.17 68202.17 68202.17 68292.65 68292.65 68292.65 68292.65 68292.65 68292.65 68292.65 68292.65 68292.65 68292.65 68383.14 68383.14 68383.14 68383.14 68383.14 68383.14 68383.14 68383.14 68383.14 68383.14 68473.64 68473.64 68473.64 68473.64 68473.64 68473.64 68473.64 68473.64 68473.64 68473.64 68564.14 68564.14 68564.14 68564.14 68564.14 68564.14 68564.14 68564.14 68564.14 68564.14 68654.65 68654.65 68654.65 68654.65 68654.65 68654.65 68654.65 68654.65 68654.65 68654.65 68745.17 68745.17 68745.17 68745.17 68745.17 68745.17 68745.17 68745.17 68745.17 68745.17 68835.69 68835.69 68835.69 68835.69 68835.69 68835.69 68835.69 68835.69 68835.69 68835.69 68926.22 68926.22 68926.22 68926.22 68926.22 68926.22 68926.22 68926.22 68926.22 68926.22 69016.75 69016.75 69016.75 69016.75 69016.75 69016.75 69016.75 69016.75 69016.75 69016.75 69107.29 69107.29 69107.29 69107.29 69107.29 69107.29 69107.29 69107.29 69107.29 69107.29 69197.84 69197.84 69197.84 69197.84 69197.84 69197.84 69197.84 69197.84 69197.84 69197.84 69288.39 69288.39 69288.39 69288.39 69288.39 69288.39 69288.39 69288.39 69288.39 69288.39 69378.95 69378.95 69378.95 69378.95 69378.95 69378.95 69378.95 69378.95 69378.95 69378.95 69469.52 69469.52 69469.52 69469.52 69469.52 69469.52 69469.52 69469.52 69469.52 69469.52 69560.09 69560.09 69560.09 69560.09 69560.09 69560.09 69560.09 69560.09 69560.09 69560.09 69650.67 69650.67 69650.67 69650.67 69650.67 69650.67 69650.67 69650.67 69650.67 69650.67 69741.26 69741.26 69741.26 69741.26 69741.26 69741.26 69741.26 69741.26 69741.26 69741.26 69831.85 69831.85 69831.85 69831.85 69831.85 69831.85 69831.85 69831.85 69831.85 69831.85 69922.45 69922.45 69922.45 69922.45 69922.45 69922.45 69922.45 69922.45 69922.45 69922.45 70013.05 70013.05 70013.05 70013.05 70013.05 70013.05 70013.05 70013.05 70013.05 70013.05 70103.66 70103.66 70103.66 70103.66 70103.66 70103.66 70103.66 70103.66 70103.66 70103.66 70194.28 70194.28 70194.28 70194.28 70194.28 70194.28 70194.28 70194.28 70194.28 70194.28 70284.90 70284.90 70284.90 70284.90 70284.90 70284.90 70284.90 70284.90 70284.90 70284.90 70375.53 70375.53 70375.53 70375.53 70375.53 70375.53 70375.53 70375.53 70375.53 70375.53 70466.17 70466.17 70466.17 70466.17 70466.17 70466.17 70466.17 70466.17 70466.17 70466.17 70556.81 70556.81 70556.81 70556.81 70556.81 70556.81 70556.81 70556.81 70556.81 70556.81 70647.46 70647.46 70647.46 70647.46 70647.46 70647.46 70647.46 70647.46 70647.46 70647.46 70738.11 70738.11 70738.11 70738.11 70738.11 70738.11 70738.11 70738.11 70738.11 70738.11 70828.78 70828.78 70828.78 70828.78 70828.78 70828.78 70828.78 70828.78 70828.78 70828.78 70919.44 70919.44 70919.44 70919.44 70919.44 70919.44 70919.44 70919.44 70919.44 70919.44 71010.12 71010.12 71010.12 71010.12 71010.12 71010.12 71010.12 71010.12 71010.12 71010.12 71100.80 71100.80 71100.80 71100.80 71100.80 71100.80 71100.80 71100.80 71100.80 71100.80 71191.48 71191.48 71191.48 71191.48 71191.48 71191.48 71191.48 71191.48 71191.48 71191.48 71282.18 71282.18 71282.18 71282.18 71282.18 71282.18 71282.18 71282.18 71282.18 71282.18 71372.88 71372.88 71372.88 71372.88 71372.88 71372.88 71372.88 71372.88 71372.88 71372.88 71463.58 71463.58 71463.58 71463.58 71463.58 71463.58 71463.58 71463.58 71463.58 71463.58 71554.29 71554.29 71554.29 71554.29 71554.29 71554.29 71554.29 71554.29 71554.29 71554.29 71645.01 71645.01 71645.01 71645.01 71645.01 71645.01 71645.01 71645.01 71645.01 71645.01 71735.74 71735.74 71735.74 71735.74 71735.74 71735.74 71735.74 71735.74 71735.74 71735.74 71826.47 71826.47 71826.47 71826.47 71826.47 71826.47 71826.47 71826.47 71826.47 71826.47 71917.21 71917.21 71917.21 71917.21 71917.21 71917.21 71917.21 71917.21 71917.21 71917.21 72007.95 72007.95 72007.95 72007.95 72007.95 72007.95 72007.95 72007.95 72007.95 72007.95 72098.70 72098.70 72098.70 72098.70 72098.70 72098.70 72098.70 72098.70 72098.70 72098.70 72189.46 72189.46 72189.46 72189.46 72189.46 72189.46 72189.46 72189.46 72189.46 72189.46 72280.22 72280.22 72280.22 72280.22 72280.22 72280.22 72280.22 72280.22 72280.22 72280.22 72370.99 72370.99 72370.99 72370.99 72370.99 72370.99 72370.99 72370.99 72370.99 72370.99 72461.76 72461.76 72461.76 72461.76 72461.76 72461.76 72461.76 72461.76 72461.76 72461.76 72552.55 72552.55 72552.55 72552.55 72552.55 72552.55 72552.55 72552.55 72552.55 72552.55 72643.33 72643.33 72643.33 72643.33 72643.33 72643.33 72643.33 72643.33 72643.33 72643.33
=== END RADAR_SCAN ===

=== BEGIN RADAR_SCAN ===
scan.index=9
scan.time=187.670000
radar.id=0
radar.frequency=C
radar.scanning_mode=PPI
radar.x=0.000
radar.y=0.000
radar.z=25.000
radar.maximum_range=250000.000
radar.range_resolution=250.000
radar.angular_resolution=1.000000
box.radar_id=0
box.min_range_gate=717.000
box.max_range_gate=801.000
box.min_angle=95.000000
box.max_angle=107.000000
box.num_ranges=85
box.num_angles=12
box.range_resolution=250.000
box.angular_resolution=1.000000
box.other_angle=15.000000
grid.size=1020
grid.data=0.00 0.00 0.00 0.00 0.00 0.00 0.00 0.00 0.00 0.00 0.00 0.00 0.00 0.00 0.00 0.00 0.00 0.00 0.00 0.00 0.00 0.00 0.00 0.00 0.00 0.00 0.00 0.00 0.00 0.00 0.00 0.00 0.00 0.00 0.00 0.00 0.00 0.00 0.00 0.00 0.00 0.00 0.00 0.00 0.00 0.00 0.00 0.00 0.00 0.00 0.00 0.00 0.00 0.00 0.00 0.00 0.00 0.00 0.00 0.00 0.00 0.00 0.00 0.00 0.00 0.00 0.00 0.00 0.00 0.00 0.00 0.00 0.00 0.00 0.00 0.00 0.00 0.00 -0.20 0.00 0.00 0.00 0.00 0.00 0.00 0.00 0.00 0.00 0.00 0.00 -0.88 0.00 0.00 0.00 0.00 0.00 0.00 0.00 0.00 0.00 0.00 1.13 1.62 -0.19 0.00 0.00 0.00 0.00 0.00 0.00 0.00 0.00 0.00 -0.93 -1.15 1.76 0.00 0.00 0.00 0.00 0.00 0.00 0.00 0.00 0.00 -0.70 -0.18 -0.30 0.00 0.00 0.00 0.00 0.00 0.00 0.00 0.00 0.00 -0.21 -1.46 -0.84 0.00 0.00 0.00 0.00 0.00 0.00 0.00 0.00 0.00 1.04 0.51 -0.01 0.00 0.00 0.00 0.00 0.00 0.00 0.00 0.00 0.00 -0.90 0.20 -1.36 0.00 0.00 0.00 0.00 0.00 0.00 0.00 0.00 0.00 0.74 -0.33 0.75 0.00 0.00 0.00 0.00 0.00 0.00 0.00 0.00 -1.80 0.50 0.37 1.33 -1.17 0.00 0.00 0.00 0.00 0.00 0.00 0.00 -1.68 -0.54 1.15 1.69 -1.67 0.00 0.00 0.00 0.00 0.00 0.00 0.00 0.72 0.39 -1.00 1.40 0.06 0.00 0.00 0.00 0.00 0.00 0.00 0.00 -1.33 0.11 0.93 -1.27 -0.10 0.00 0.00 0.00 0.00 0.00 0.00 0.00 0.09 -0.58 0.64 -0.63 0.02 0.00 0.00 0.00 0.00 0.00 0.00 0.00 -0.08 0.37 1.39 -0.21 -0.43 0.00 0.00 0.00 0.00 0.00 0.00 0.00 -1.09 0.32 0.49 0.52 -0.70 0.00 0.00 0.00 0.00 0.00 0.00 0.00 0.45 -0.12 -0.42 -0.77 0.15 0.00 0.00 0.00 0.00 0.00 0.00 0.00 -1.40 0.13 0.13 1.66 0.43 0.00 0.00 0.00 0.00 0.00 0.00 0.00 0.28 -0.43 0.03 0.25 -0.26 0.00 0.00 0.00 0.00 0.00 0.00 0.00 0.40 0.84 -0.58 1.20 0.44 0.00 0.00 0.00 0.00 0.00 0.00 0.00 -0.69 -0.06 -0.83 0.28 -0.06 0.00 0.00 0.00 0.00 0.00 0.00 0.00 0.75 -0.45 0.51 0.20 -0.43 0.00 0.00 0.00 0.00 0.00 0.00 0.00 -1.37 0.66 -2.18 -0.42 1.10 0.00 0.00 0.00 0.00 0.00 0.00 0.00 -0.20 -0.75 -1.04 0.53 0.32 0.00 0.00 0.00 0.00 0.00 0.00 0.00 0.48 -0.93 -0.32 -0.78 2.26 0.00 0.00 0.00 0.00 0.00 0.00 0.00 -0.30 0.57 -1.75 -0.33 0.46 0.00 0.00 0.00 0.00 0.00 0.00 0.00 0.58 0.89 -0.05 -1.09 0.58 0.00 0.00 0.00 0.00 0.00 0.00 0.00 0.25 -0.73 -1.64 0.54 1.13 0.00 0.00 0.00 0.00 0.00 0.00 -0.29 0.51 0.45 -1.57 0.94 0.30 0.00 0.00 0.00 0.00 0.00 0.00 1.09 -0.45 -0.42 -0.51 -0.02 -0.16 -0.39 0.00 0.00 0.00 0.00 0.00 -0.30 0.38 -0.56 -0.45 0.79 -0.04 -0.10 0.00 0.00 0.00 0.00 0.00 -0.94 0.09 -0.61 1.09 0.72 1.06 0.34 0.00 0.00 0.00 0.00 0.00 1.01 -1.41 -1.01 -0.60 -0.48 0.90 -0.42 0.00 0.00 0.00 0.00 0.00 -0.01 -0.09 1.56 -0.60 -0.61 -0.93 -0.36 0.00 0.00 0.00 0.00 0.00 -0.18 -0.08 0.41 -1.43 1.74 0.40 -0.06 0.00 0.00 0.00 0.00 0.00 0.47 -1.64 -0.93 0.15 -0.08 -0.47 0.03 0.00 0.00 0.00 0.00 0.00 0.56 -1.29 -0.55 -0.12 0.68 0.57 0.57 0.00 0.00 0.00 0.00 0.00 0.67 -0.55 -0.68 1.02 0.11 0.42 0.45 0.00 0.00 0.00 0.00 0.00 0.59 -0.14 0.85 0.29 0.19 0.30 0.99 0.00 0.00 0.00 0.00 0.00 0.58 -0.45 0.77 -0.51 -0.56 -0.60 -0.92 0.00 0.00 0.00 0.00 0.00 -0.04 0.47 -1.27 -0.18 -0.78 1.64 0.69 0.00 0.00 0.00 0.00 0.00 0.89 -0.10 0.80 -0.22 0.86 0.82 0.43 0.00 0.00 0.00 0.00 0.00 -0.99 -1.38 1.41 -0.77 -1.55 -0.24 -0.89 0.00 0.00 0.00 0.00 0.00 -0.26 0.13 0.78 1.83 -0.52 0.38 0.23 0.00 0.00 0.00 0.00 0.00 0.33 -0.13 -1.75 0.21 -0.32 -0.26 0.43 0.00 0.00 0.00 0.00 0.00 -0.13 -0.61 -0.74 0.87 0.58 -0.10 -0.27 0.00 0.00 0.00 0.00 0.00 0.16 -0.63 -0.29 -0.94 -0.48 0.86 -0.47 0.00 0.00 0.00 0.00 0.00 -1.53 0.62 1.62 -0.48 0.17 0.55 -0.88 0.00 0.00 0.00 0.00 0.00 0.18 0.79 -1.54 0.87 1.05 -1.35 0.85 0.00 0.00 0.00 0.00 0.00 -0.10 0.45 1.26 0.26 -0.40 0.23 -0.68 0.00 0.00 0.00 0.00 0.00 0.08 0.28 -0.67 0.92 0.04 0.35 1.53 0.00 0.00 0.00 0.00 0.00 1.02 -0.04 0.71 -1.24 -0.41 -0.41 0.80 0.00 0.00 0.00 0.00 0.00 0.98 0.44 0.09 -0.04 -0.80 -0.77 0.00 0.00 0.00 0.00 0.00 0.00 0.00 0.06 2.10 0.42 0.25 1.02 0.00 0.00 0.00 0.00 0.00 0.00 0.00 -0.61 0.58 0.04 -0.78 0.43 0.00 0.00 0.00 0.00 0.00 0.00 0.00 -0.44 -0.17 -0.68 0.40 -0.69 0.00 0.00 0.00 0.00 0.00 0.00 0.00 0.71 1.72 0.61 0.34 1.46 0.00 0.00 0.00 0.00 0.00 0.00 0.00 -0.22 -0.86 1.05 0.59 -0.02 0.00 0.00 0.00 0.00 0.00 0.00 0.00 0.46 -0.65 -1.10 -0.76 0.24 0.00 0.00 0.00 0.00 0.00 0.00 0.00 0.04 -0.65 1.68 -0.45 -0.05 0.00 0.00 0.00 0.00 0.00 0.00 0.00 0.44 -1.60 1.09 -1.14 0.78 0.00 0.00 0.00 0.00 0.00 0.00 0.00 -0.59 -0.01 -0.16 -0.66 0.33 0.00 0.00 0.00 0.00 0.00 0.00 0.00 0.09 -0.33 0.66 0.39 0.97 0.00 0.00 0.00 0.00 0.00 0.00 0.00 -0.37 0.63 0.44 -0.43 0.24 0.00 0.00 0.00 0.00 0.00 0.00 0.00 -1.43 1.35 -0.41 -1.23 -0.29 0.00 0.00 0.00 0.00 0.00 0.00 0.00 0.69 0.79 0.47 -1.06 0.44 0.00 0.00 0.00 0.00 0.00 0.00 0.00 -0.67 0.09 1.54 0.20 -0.22 0.00 0.00 0.00 0.00 0.00 0.00 0.00 -1.05 -0.67 0.61 -0.81 -0.94 0.00 0.00 0.00 0.00 0.00 0.00 0.00 -1.56 -1.09 -0.23 0.28 -0.09 0.00 0.00 0.00 0.00 0.00 0.00 0.00 0.73 -0.10 1.58 -0.24 -0.54 0.00 0.00 0.00 0.00 0.00 0.00 0.00 -1.34 1.13 -0.47 0.45 -0.10 0.00 0.00 0.00 0.00 0.00 0.00 0.00 -1.33 0.65 -0.54 1.97 0.50 0.00 0.00 0.00 0.00 0.00 0.00 0.00 -0.50 0.31 -0.41 -0.70 -0.57 0.00 0.00 0.00 0.00 0.00 0.00 0.00 0.00 -0.35 -0.12 0.80 0.00 0.00 0.00 0.00 0.00 0.00 0.00 0.00 0.00 -2.07 -0.64 0.56 0.00 0.00 0.00 0.00 0.00 0.00 0.00 0.00 0.00 -0.65 -0.39 -0.30 0.00 0.00 0.00 0.00 0.00 0.00 0.00 0.00 0.00 1.29 -0.14 0.57 0.00 0.00 0.00 0.00 0.00 0.00 0.00 0.00 0.00 -0.04 -0.46 0.69 0.00 0.00 0.00 0.00 0.00 0.00 0.00 0.00 0.00 -1.27 -0.30 0.44 0.00 0.00 0.00 0.00
rain_type.data=0 0 0 0 0 0 0 0 0 0 0 0 0 0 0 0 0 0 0 0 0 0 0 0 0 0 0 0 0 0 0 0 0 0 0 0 0 0 0 0 0 0 0 0 0 0 0 0 0 0 0 0 0 0 0 0 0 0 0 0 0 0 0 0 0 0 0 0 0 0 0 0 0 0 0 0 0 0 1 0 0 0 0 0 0 0 0 0 0 0 1 0 0 0 0 0 0 0 0 0 0 1 1 1 0 0 0 0 0 0 0 0 0 1 1 1 0 0 0 0 0 0 0 0 0 1 1 1 0 0 0 0 0 0 0 0 0 1 1 1 0 0 0 0 0 0 0 0 0 1 1 1 0 0 0 0 0 0 0 0 0 1 1 1 0 0 0 0 0 0 0 0 0 1 1 1 0 0 0 0 0 0 0 0 1 1 1 1 1 0 0 0 0 0 0 0 1 1 1 1 1 0 0 0 0 0 0 0 1 1 1 1 1 0 0 0 0 0 0 0 1 1 1 1 1 0 0 0 0 0 0 0 1 1 1 1 1 0 0 0 0 0 0 0 1 1 1 1 1 0 0 0 0 0 0 0 1 1 1 1 1 0 0 0 0 0 0 0 1 1 1 1 1 0 0 0 0 0 0 0 1 1 1 1 1 0 0 0 0 0 0 0 2 2 1 1 1 0 0 0 0 0 0 0 2 2 1 1 1 0 0 0 0 0 0 0 2 2 1 1 1 0 0 0 0 0 0 0 2 2 1 1 1 0 0 0 0 0 0 0 2 2 1 1 1 0 0 0 0 0 0 0 2 2 1 1 1 0 0 0 0 0 0 0 2 2 1 1 1 0 0 0 0 0 0 0 2 2 1 1 1 0 0 0 0 0 0 0 2 2 1 1 1 0 0 0 0 0 0 0 2 2 1 1 1 0 0 0 0 0 0 1 2 2 1 1 1 0 0 0 0 0 0 2 2 2 1 1 1 1 0 0 0 0 0 2 2 2 1 1 1 1 0 0 0 0 0 2 2 2 1 1 1 1 0 0 0 0 0 2 2 2 1 1 1 1 0 0 0 0 0 2 2 2 1 1 1 1 0 0 0 0 0 2 2 2 2 1 1 1 0 0 0 0 0 2 2 2 2 1 1 1 0 0 0 0 0 2 2 2 2 1 1 1 0 0 0 0 0 2 2 2 2 1 1 1 0 0 0 0 0 2 2 2 2 1 1 1 0 0 0 0 0 2 2 2 2 1 1 1 0 0 0 0 0 2 2 2 2 1 1 1 0 0 0 0 0 2 2 2 1 1 1 1 0 0 0 0 0 2 2 2 1 1 1 1 0 0 0 0 0 2 2 2 1 1 1 1 0 0 0 0 0 2 2 2 1 1 1 1 0 0 0 0 0 2 2 2 1 1 1 1 0 0 0 0 0 1 2 2 1 1 1 1 0 0 0 0 0 1 2 2 1 1 1 1 0 0 0 0 0 1 2 2 1 1 1 1 0 0 0 0 0 1 2 2 1 1 1 1 0 0 0 0 0 1 2 2 1 1 1 1 0 0 0 0 0 1 2 2 1 1 1 1 0 0 0 0 0 1 2 2 1 1 1 0 0 0 0 0 0 0 2 2 1 1 1 0 0 0 0 0 0 0 2 2 1 1 1 0 0 0 0 0 0 0 2 2 1 1 1 0 0 0 0 0 0 0 2 2 1 1 1 0 0 0 0 0 0 0 2 1 1 1 1 0 0 0 0 0 0 0 1 1 1 1 1 0 0 0 0 0 0 0 1 1 1 1 1 0 0 0 0 0 0 0 1 1 1 1 1 0 0 0 0 0 0 0 1 1 1 1 1 0 0 0 0 0 0 0 1 1 1 1 1 0 0 0 0 0 0 0 1 1 1 1 1 0 0 0 0 0 0 0 1 1 1 1 1 0 0 0 0 0 0 0 1 1 1 1 1 0 0 0 0 0 0 0 1 1 1 1 1 0 0 0 0 0 0 0 1 1 1 1 1 0 0 0 0 0 0 0 1 1 1 1 1 0 0 0 0 0 0 0 1 1 1 1 1 0 0 0 0 0 0 0 1 1 1 1 1 0 0 0 0 0 0 0 1 1 1 1 1 0 0 0 0 0 0 0 1 1 1 1 1 0 0 0 0 0 0 0 0 1 1 1 0 0 0 0 0 0 0 0 0 1 1 1 0 0 0 0 0 0 0 0 0 1 1 1 0 0 0 0 0 0 0 0 0 1 1 1 0 0 0 0 0 0 0 0 0 1 1 1 0 0 0 0 0 0 0 0 0 1 1 1 0 0 0 0
estimated_attenuation.size=1020
estimated_attenuation.data=0.00 0.00 0.00 0.00 0.00 0.00 0.00 0.00 0.00 0.00 0.00 0.00 0.00 0.00 0.00 0.00 0.00 0.00 0.00 0.00 0.00 0.00 0.00 0.00 0.00 0.00 0.00 0.00 0.00 0.00 0.00 0.00 0.00 0.00 0.00 0.00 0.00 0.00 0.00 0.00 0.00 0.00 0.00 0.00 0.00 0.00 0.00 0.00 0.00 0.00 0.00 0.00 0.00 0.00 0.00 0.00 0.00 0.00 0.00 0.00 0.00 0.00 0.00 0.00 0.00 0.00 0.00 0.00 0.00 0.00 0.00 0.00 0.00 0.00 0.00 0.00 0.00 0.00 0.00 0.00 0.00 0.00 0.00 0.00 0.00 0.00 0.00 0.00 0.00 0.00 0.00 0.00 0.00 0.00 0.00 0.00 0.00 0.00 0.00 0.00 0.00 0.00 0.00 0.00 0.00 0.00 0.00 0.00 0.00 0.00 0.00 0.00 0.00 0.00 0.00 0.00 0.00 0.00 0.00 0.00 0.00 0.00 0.00 0.00 0.00 0.00 0.00 0.00 0.00 0.00 0.00 0.00 0.00 0.00 0.00 0.00 0.00 0.00 0.00 0.00 0.00 0.00 0.00 0.00 0.00 0.00 0.00 0.00 0.00 0.00 0.00 0.00 0.00 0.00 0.00 0.00 0.00 0.00 0.00 0.00 0.00 0.00 0.00 0.00 0.00 0.00 0.00 0.00 0.00 0.00 0.00 0.00 0.00 0.00 0.00 0.00 0.00 0.00 0.00 0.00 0.00 0.00 0.00 0.00 0.00 0.00 0.00 0.00 0.00 0.00 0.00 0.00 0.00 0.00 0.00 0.00 0.00 0.00 0.00 0.00 0.00 0.00 0.00 0.00 0.00 0.00 0.00 0.00 0.00 0.00 0.00 0.00 0.00 0.00 0.00 0.00 0.00 0.00 0.00 0.00 0.00 0.00 0.00 0.00 0.00 0.00 0.00 0.00 0.00 0.00 0.00 0.00 0.00 0.00 0.00 0.00 0.00 0.00 0.00 0.00 0.00 0.00 0.00 0.00 0.00 0.00 0.00 0.00 0.00 0.00 0.00 0.00 0.00 0.00 0.00 0.00 0.00 0.00 0.00 0.00 0.00 0.00 0.00 0.00 0.00 0.00 0.00 0.00 0.00 0.00 0.00 0.00 0.00 0.00 0.00 0.00 0.00 0.00 0.00 0.00 0.00 0.00 0.00 0.00 0.00 0.00 0.00 0.00 0.00 0.00 0.00 0.00 0.00 0.00 0.00 0.00 0.00 0.00 0.00 0.00 0.00 0.00 0.00 0.00 0.00 0.00 0.00 0.00 0.00 0.00 0.00 0.00 0.00 0.00 0.00 0.00 0.00 0.00 0.00 0.00 0.00 0.00 0.00 0.00 0.00 0.00 0.00 0.00 0.00 0.00 0.00 0.00 0.00 0.00 0.00 0.00 0.00 0.00 0.00 0.00 0.00 0.00 0.00 0.00 0.00 0.00 0.00 0.00 0.00 0.00 0.00 0.00 0.00 0.00 0.00 0.00 0.00 0.00 0.00 0.00 0.00 0.00 0.00 0.00 0.00 0.00 0.00 0.00 0.00 0.00 0.00 0.00 0.00 0.00 0.00 0.00 0.00 0.00 0.00 0.00 0.00 0.00 0.00 0.00 0.00 0.00 0.00 0.00 0.00 0.00 0.00 0.00 0.00 0.00 0.00 0.00 0.00 0.00 0.00 0.00 0.00 0.00 0.00 0.00 0.00 0.00 0.00 0.00 0.00 0.00 0.00 0.00 0.00 0.00 0.00 0.00 0.00 0.00 0.00 0.00 0.00 0.00 0.00 0.00 0.00 0.00 0.00 0.00 0.00 0.00 0.00 0.00 0.00 0.00 0.00 0.00 0.00 0.00 0.00 0.00 0.00 0.00 0.00 0.00 0.00 0.00 0.00 0.00 0.00 0.00 0.00 0.00 0.00 0.00 0.00 0.00 0.00 0.00 0.00 0.00 0.00 0.00 0.00 0.00 0.00 0.00 0.00 0.00 0.00 0.00 0.00 0.00 0.00 0.00 0.00 0.00 0.00 0.00 0.00 0.00 0.00 0.00 0.00 0.00 0.00 0.00 0.00 0.00 0.00 0.00 0.00 0.00 0.00 0.00 0.00 0.00 0.00 0.00 0.00 0.00 0.00 0.00 0.00 0.00 0.00 0.00 0.00 0.00 0.00 0.00 0.00 0.00 0.00 0.00 0.00 0.00 0.00 0.00 0.00 0.00 0.00 0.00 0.00 0.00 0.00 0.00 0.00 0.00 0.00 0.00 0.00 0.00 0.00 0.00 0.00 0.00 0.00 0.00 0.00 0.00 0.00 0.00 0.00 0.00 0.00 0.00 0.00 0.00 0.00 0.00 0.00 0.00 0.00 0.00 0.00 0.00 0.00 0.00 0.00 0.00 0.00 0.00 0.00 0.00 0.00 0.00 0.00 0.00 0.00 0.00 0.00 0.00 0.00 0.00 0.00 0.00 0.00 0.00 0.00 0.00 0.00 0.00 0.00 0.00 0.00 0.00 0.00 0.00 0.00 0.00 0.00 0.00 0.00 0.00 0.00 0.00 0.00 0.00 0.00 0.00 0.00 0.00 0.00 0.00 0.00 0.00 0.00 0.00 0.00 0.00 0.00 0.00 0.00 0.00 0.00 0.00 0.00 0.00 0.00 0.00 0.00 0.00 0.00 0.00 0.00 0.00 0.00 0.00 0.00 0.00 0.00 0.00 0.00 0.00 0.00 0.00 0.00 0.00 0.00 0.00 0.00 0.00 0.00 0.00 0.00 0.00 0.00 0.00 0.00 0.00 0.00 0.00 0.00 0.00 0.00 0.00 0.00 0.00 0.00 0.00 0.00 0.00 0.00 0.00 0.00 0.00 0.00 0.00 0.00 0.00 0.00 0.00 0.00 0.00 0.00 0.00 0.00 0.00 0.00 0.00 0.00 0.00 0.00 0.00 0.00 0.00 0.00 0.00 0.00 0.00 0.00 0.00 0.00 0.00 0.00 0.00 0.00 0.00 0.00 0.00 0.00 0.00 0.00 0.00 0.00 0.00 0.00 0.00 0.00 0.00 0.00 0.00 0.00 0.00 0.00 0.00 0.00 0.00 0.00 0.00 0.00 0.00 0.00 0.00 0.00 0.00 0.00 0.00 0.00 0.00 0.00 0.00 0.00 0.00 0.00 0.00 0.00 0.00 0.00 0.00 0.00 0.00 0.00 0.00 0.00 0.00 0.00 0.00 0.00 0.00 0.00 0.00 0.00 0.00 0.00 0.00 0.00 0.00 0.00 0.00 0.00 0.00 0.00 0.00 0.00 0.00 0.00 0.00 0.00 0.00 0.00 0.00 0.00 0.00 0.00 0.00 0.00 0.00 0.00 0.00 0.00 0.00 0.00 0.00 0.00 0.00 0.00 0.00 0.00 0.00 0.00 0.00 0.00 0.00 0.00 0.00 0.00 0.00 0.00 0.00 0.00 0.00 0.00 0.00 0.00 0.00 0.00 0.00 0.00 0.00 0.00 0.00 0.00 0.00 0.00 0.00 0.00 0.00 0.00 0.00 0.00 0.00 0.00 0.00 0.00 0.00 0.00 0.00 0.00 0.00 0.00 0.00 0.00 0.00 0.00 0.00 0.00 0.00 0.00 0.00 0.00 0.00 0.00 0.00 0.00 0.00 0.00 0.00 0.00 0.00 0.00 0.00 0.00 0.00 0.00 0.00 0.00 0.00 0.00 0.00 0.00 0.00 0.00 0.00 0.00 0.00 0.00 0.00 0.00 0.00 0.00 0.00 0.00 0.00 0.00 0.00 0.00 0.00 0.00 0.00 0.00 0.00 0.00 0.00 0.00 0.00 0.00 0.00 0.00 0.00 0.00 0.00 0.00 0.00 0.00 0.00 0.00 0.00 0.00 0.00 0.00 0.00 0.00 0.00 0.00 0.00 0.00 0.00 0.00 0.00 0.00 0.00 0.00 0.00 0.00 0.00 0.00 0.00 0.00 0.00 0.00 0.00 0.00 0.00 0.00 0.00 0.00 0.00 0.00 0.00 0.00 0.00 0.00 0.00 0.00 0.00 0.00 0.00 0.00 0.00 0.00 0.00 0.00 0.00 0.00 0.00 0.00 0.00 0.00 0.00 0.00 0.00 0.00 0.00 0.00 0.00 0.00 0.00 0.00 0.00 0.00 0.00 0.00 0.00 0.00 0.00 0.00 0.00 0.00 0.00 0.00 0.00 0.00 0.00 0.00 0.00 0.00 0.00 0.00 0.00 0.00 0.00 0.00 0.00 0.00 0.00 0.00 0.00 0.00 0.00 0.00 0.00 0.00 0.00 0.00 0.00 0.00 0.00 0.00 0.00 0.00 0.00 0.00 0.00 0.00 0.00 0.00 0.00 0.00 0.00 0.00 0.00 0.00 0.00 0.00 0.00 0.00 0.00 0.00 0.00
height.size=1020
height.data=48148.07 48148.07 48148.07 48148.07 48148.07 48148.07 48148.07 48148.07 48148.07 48148.07 48148.07 48148.07 48217.66 48217.66 48217.66 48217.66 48217.66 48217.66 48217.66 48217.66 48217.66 48217.66 48217.66 48217.66 48287.26 48287.26 48287.26 48287.26 48287.26 48287.26 48287.26 48287.26 48287.26 48287.26 48287.26 48287.26 48356.86 48356.86 48356.86 48356.86 48356.86 48356.86 48356.86 48356.86 48356.86 48356.86 48356.86 48356.86 48426.47 48426.47 48426.47 48426.47 48426.47 48426.47 48426.47 48426.47 48426.47 48426.47 48426.47 48426.47 48496.09 48496.09 48496.09 48496.09 48496.09 48496.09 48496.09 48496.09 48496.09 48496.09 48496.09 48496.09 48565.71 48565.71 48565.71 48565.71 48565.71 48565.71 48565.71 48565.71 48565.71 48565.71 48565.71 48565.71 48635.34 48635.34 48635.34 48635.34 48635.34 48635.34 48635.34 48635.34 48635.34 48635.34 48635.34 48635.34 48704.98 48704.98 48704.98 48704.98 48704.98 48704.98 48704.98 48704.98 48704.98 48704.98 48704.98 48704.98 48774.62 48774.62 48774.62 48774.62 48774.62 48774.62 48774.62 48774.62 48774.62 48774.62 48774.62 48774.62 48844.27 48844.27 48844.27 48844.27 48844.27 48844.27 48844.27 48844.27 48844.27 48844.27 48844.27 48844.27 48913.93 48913.93 48913.93 48913.93 48913.93 48913.93 48913.93 48913.93 48913.93 48913.93 48913.93 48913.93 48983.59 48983.59 48983.59 48983.59 48983.59 48983.59 48983.59 48983.59 48983.59 48983.59 48983.59 48983.59 49053.26 49053.26 49053.26 49053.26 49053.26 49053.26 49053.26 49053.26 49053.26 49053.26 49053.26 49053.26 49122.94 49122.94 49122.94 49122.94 49122.94 49122.94 49122.94 49122.94 49122.94 49122.94 49122.94 49122.94 49192.62 49192.62 49192.62 49192.62 49192.62 49192.62 49192.62 49192.62 49192.62 49192.62 49192.62 49192.62 49262.31 49262.31 49262.31 49262.31 49262.31 49262.31 49262.31 49262.31 49262.31 49262.31 49262.31 49262.31 49332.01 49332.01 49332.01 49332.01 49332.01 49332.01 49332.01 49332.01 49332.01 49332.01 49332.01 49332.01 49401.71 49401.71 49401.71 49401.71 49401.71 49401.71 49401.71 49401.71 49401.71 49401.71 49401.71 49401.71 49471.42 49471.42 49471.42 49471.42 49471.42 49471.42 49471.42 49471.42 49471.42 49471.42 49471.42 49471.42 49541.14 49541.14 49541.14 49541.14 49541.14 49541.14 49541.14 49541.14 49541.14 49541.14 49541.14 49541.14 49610.86 49610.86 49610.86 49610.86 49610.86 49610.86 49610.86 49610.86 49610.86 49610.86 49610.86 49610.86 49680.59 49680.59 49680.59 49680.59 49680.59 49680.59 49680.59 49680.59 49680.59 49680.59 49680.59 49680.59 49750.33 49750.33 49750.33 49750.33 49750.33 49750.33 49750.33 49750.33 49750.33 49750.33 49750.33 49750.33 49820.07 49820.07 49820.07 49820.07 49820.07 49820.07 49820.07 49820.07 49820.07 49820.07 49820.07 49820.07 49889.83 49889.83 49889.83 49889.83 49889.83 49889.83 49889.83 49889.83 49889.83 49889.83 49889.83 49889.83 49959.58 49959.58 49959.58 49959.58 49959.58 49959.58 49959.58 49959.58 49959.58 49959.58 49959.58 49959.58 50029.35 50029.35 50029.35 50029.35 50029.35 50029.35 50029.35 50029.35 50029.35 50029.35 50029.35 50029.35 50099.12 50099.12 50099.12 50099.12 50099.12 50099.12 50099.12 50099.12 50099.12 50099.12 50099.12 50099.12 50168.90 50168.90 50168.90 50168.90 50168.90 50168.90 50168.90 50168.90 50168.90 50168.90 50168.90 50168.90 50238.68 50238.68 50238.68 50238.68 50238.68 50238.68 50238.68 50238.68 50238.68 50238.68 50238.68 50238.68 50308.47 50308.47 50308.47 50308.47 50308.47 50308.47 50308.47 50308.47 50308.47 50308.47 50308.47 50308.47 50378.27 50378.27 50378.27 50378.27 50378.27 50378.27 50378.27 50378.27 50378.27 50378.27 50378.27 50378.27 50448.08 50448.08 50448.08 50448.08 50448.08 50448.08 50448.08 50448.08 50448.08 50448.08 50448.08 50448.08 50517.89 50517.89 50517.89 50517.89 50517.89 50517.89 50517.89 50517.89 50517.89 50517.89 50517.89 50517.89 50587.71 50587.71 50587.71 50587.71 50587.71 50587.71 50587.71 50587.71 50587.71 50587.71 50587.71 50587.71 50657.53 50657.53 50657.53 50657.53 50657.53 50657.53 50657.53 50657.53 50657.53 50657.53 50657.53 50657.53 50727.36 50727.36 50727.36 50727.36 50727.36 50727.36 50727.36 50727.36 50727.36 50727.36 50727.36 50727.36 50797.20 50797.20 50797.20 50797.20 50797.20 50797.20 50797.20 50797.20 50797.20 50797.20 50797.20 50797.20 50867.05 50867.05 50867.05 50867.05 50867.05 50867.05 50867.05 50867.05 50867.05 50867.05 50867.05 50867.05 50936.90 50936.90 50936.90 50936.90 50936.90 50936.90 50936.90 50936.90 50936.90 50936.90 50936.90 50936.90 51006.76 51006.76 51006.76 51006.76 51006.76 51006.76 51006.76 51006.76 51006.76 51006.76 51006.76 51006.76 51076.62 51076.62 51076.62 51076.62 51076.62 51076.62 51076.62 51076.62 51076.62 51076.62 51076.62 51076.62 51146.50 51146.50 51146.50 51146.50 51146.50 51146.50 51146.50 51146.50 51146.50 51146.50 51146.50 51146.50 51216.38 51216.38 51216.38 51216.38 51216.38 51216.38 51216.38 51216.38 51216.38 51216.38 51216.38 51216.38 51286.26 51286.26 51286.26 51286.26 51286.26 51286.26 51286.26 51286.26 51286.26 51286.26 51286.26 51286.26 51356.15 51356.15 51356.15 51356.15 51356.15 51356.15 51356.15 51356.15 51356.15 51356.15 51356.15 51356.15 51426.05 51426.05 51426.05 51426.05 51426.05 51426.05 51426.05 51426.05 51426.05 51426.05 51426.05 51426.05 51495.96 51495.96 51495.96 51495.96 51495.96 51495.96 51495.96 51495.96 51495.96 51495.96 51495.96 51495.96 51565.87 51565.87 51565.87 51565.87 51565.87 51565.87 51565.87 51565.87 51565.87 51565.87 51565.87 51565.87 51635.79 51635.79 51635.79 51635.79 51635.79 51635.79 51635.79 51635.79 51635.79 51635.79 51635.79 51635.79 51705.72 51705.72 51705.72 51705.72 51705.72 51705.72 51705.72 51705.72 51705.72 51705.72 51705.72 51705.72 51775.65 51775.65 51775.65 51775.65 51775.65 51775.65 51775.65 51775.65 51775.65 51775.65 51775.65 51775.65 51845.59 51845.59 51845.59 51845.59 51845.59 51845.59 51845.59 51845.59 51845.59 51845.59 51845.59 51845.59 51915.54 51915.54 51915.54 51915.54 51915.54 51915.54 51915.54 51915.54 51915.54 51915.54 51915.54 51915.54 51985.49 51985.49 51985.49 51985.49 51985.49 51985.49 51985.49 51985.49 51985.49 51985.49 51985.49 51985.49 52055.45 52055.45 52055.45 52055.45 52055.45 52055.45 52055.45 52055.45 52055.45 52055.45 52055.45 52055.45 52125.42 52125.42 52125.42 52125.42 52125.42 52125.42 52125.42 52125.42 52125.42 52125.42 52125.42 52125.42 52195.39 52195.39 52195.39 52195.39 52195.39 52195.39 52195.39 52195.39 52195.39 52195.39 52195.39 52195.39 52265.37 52265.37 52265.37 52265.37 52265.37 52265.37 52265.37 52265.37 52265.37 52265.37 52265.37 52265.37 52335.36 52335.36 52335.36 52335.36 52335.36 52335.36 52335.36 52335.36 52335.36 52335.36 52335.36 52335.36 52405.35 52405.35 52405.35 52405.35 52405.35 52405.35 52405.35 52405.35 52405.35 52405.35 52405.35 52405.35 52475.35 52475.35 52475.35 52475.35 52475.35 52475.35 52475.35 52475.35 52475.35 52475.35 52475.35 52475.35 52545.36 52545.36 52545.36 52545.36 52545.36 52545.36 52545.36 52545.36 52545.36 52545.36 52545.36 52545.36 52615.37 52615.37 52615.37 52615.37 52615.37 52615.37 52615.37 52615.37 52615.37 52615.37 52615.37 52615.37 52685.39 52685.39 52685.39 52685.39 52685.39 52685.39 52685.39 52685.39 52685.39 52685.39 52685.39 52685.39 52755.42 52755.42 52755.42 52755.42 52755.42 52755.42 52755.42 52755.42 52755.42 52755.42 52755.42 52755.42 52825.46 52825.46 52825.46 52825.46 52825.46 52825.46 52825.46 52825.46 52825.46 52825.46 52825.46 52825.46 52895.50 52895.50 52895.50 52895.50 52895.50 52895.50 52895.50 52895.50 52895.50 52895.50 52895.50 52895.50 52965.54 52965.54 52965.54 52965.54 52965.54 52965.54 52965.54 52965.54 52965.54 52965.54 52965.54 52965.54 53035.60 53035.60 53035.60 53035.60 53035.60 53035.60 53035.60 53035.60 53035.60 53035.60 53035.60 53035.60 53105.66 53105.66 53105.66 53105.66 53105.66 53105.66 53105.66 53105.66 53105.66 53105.66 53105.66 53105.66 53175.73 53175.73 53175.73 53175.73 53175.73 53175.73 53175.73 53175.73 53175.73 53175.73 53175.73 53175.73 53245.80 53245.80 53245.80 53245.80 53245.80 53245.80 53245.80 53245.80 53245.80 53245.80 53245.80 53245.80 53315.88 53315.88 53315.88 53315.88 53315.88 53315.88 53315.88 53315.88 53315.88 53315.88 53315.88 53315.88 53385.97 53385.97 53385.97 53385.97 53385.97 53385.97 53385.97 53385.97 53385.97 53385.97 53385.97 53385.97 53456.07 53456.07 53456.07 53456.07 53456.07 53456.07 53456.07 53456.07 53456.07 53456.07 53456.07 53456.07 53526.17 53526.17 53526.17 53526.17 53526.17 53526.17 53526.17 53526.17 53526.17 53526.17 53526.17 53526.17 53596.28 53596.28 53596.28 53596.28 53596.28 53596.28 53596.28 53596.28 53596.28 53596.28 53596.28 53596.28 53666.39 53666.39 53666.39 53666.39 53666.39 53666.39 53666.39 53666.39 53666.39 53666.39 53666.39 53666.39 53736.51 53736.51 53736.51 53736.51 53736.51 53736.51 53736.51 53736.51 53736.51 53736.51 53736.51 53736.51 53806.64 53806.64 53806.64 53806.64 53806.64 53806.64 53806.64 53806.64 53806.64 53806.64 53806.64 53806.64 53876.78 53876.78 53876.78 53876.78 53876.78 53876.78 53876.78 53876.78 53876.78 53876.78 53876.78 53876.78 53946.92 53946.92 53946.92 53946.92 53946.92 53946.92 53946.92 53946.92 53946.92 53946.92 53946.92 53946.92 54017.07 54017.07 54017.07 54017.07 54017.07 54017.07 54017.07 54017.07 54017.07 54017.07 54017.07 54017.07
=== END RADAR_SCAN ===

=== BEGIN RADAR_SCAN ===
scan.index=10
scan.time=188.000000
radar.id=0
radar.frequency=C
radar.scanning_mode=PPI
radar.x=0.000
radar.y=0.000
radar.z=25.000
radar.maximum_range=250000.000
radar.range_resolution=250.000
radar.angular_resolution=1.000000
box.radar_id=0
box.min_range_gate=704.000
box.max_range_gate=786.000
box.min_angle=95.000000
box.max_angle=107.000000
box.num_ranges=83
box.num_angles=12
box.range_resolution=250.000
box.angular_resolution=1.000000
box.other_angle=10.000000
grid.size=996
grid.data=0.00 0.00 0.00 0.00 0.00 0.00 0.00 0.00 0.00 0.00 0.00 0.00 0.00 0.00 0.00 0.00 0.00 0.00 0.00 0.00 0.00 0.00 0.00 0.00 0.00 0.00 0.00 0.00 0.00 0.00 0.00 0.00 0.00 0.00 0.00 0.00 0.00 0.00 0.00 0.00 0.00 0.00 -0.09 0.00 0.00 0.00 0.00 0.00 0.00 0.00 0.00 0.00 0.00 0.00 -0.43 0.00 0.00 0.00 0.00 0.00 0.00 0.00 0.00 0.00 0.00 0.25 0.48 1.51 0.00 0.00 0.00 0.00 0.00 0.00 0.00 0.00 0.00 0.81 0.17 1.12 0.00 0.00 0.00 0.00 0.00 0.00 0.00 0.00 0.00 0.05 0.73 0.08 0.00 0.00 0.00 0.00 0.00 0.00 0.00 0.00 0.00 0.38 -0.15 0.05 0.00 0.00 0.00 0.00 0.00 0.00 0.00 0.00 0.00 0.53 -0.19 0.25 0.00 0.00 0.00 0.00 0.00 0.00 0.00 0.00 0.00 -0.35 0.41 -0.24 0.00 0.00 0.00 0.00 0.00 0.00 0.00 0.00 0.00 -0.11 -0.66 0.32 0.00 0.00 0.00 0.00 0.00 0.00 0.00 0.00 -0.42 -0.26 -0.22 -0.57 0.00 0.00 0.00 0.00 0.00 0.00 0.00 0.00 -0.33 -0.54 0.53 1.45 -0.88 0.00 0.00 0.00 0.00 0.00 0.00 0.00 -0.10 -0.45 0.04 0.20 0.76 0.00 0.00 0.00 0.00 0.00 0.00 0.00 0.58 -0.31 -0.58 -0.97 -0.10 0.00 0.00 0.00 0.00 0.00 0.00 0.00 1.11 -1.00 0.89 0.82 0.47 0.00 0.00 0.00 0.00 0.00 0.00 0.00 -0.92 -0.44 0.36 -0.18 0.08 0.00 0.00 0.00 0.00 0.00 0.00 0.00 -0.38 0.09 -0.41 0.77 -0.11 0.00 0.00 0.00 0.00 0.00 0.00 0.00 0.65 -0.35 0.29 0.01 -0.64 0.00 0.00 0.00 0.00 0.00 0.00 0.00 -0.66 -0.37 0.36 1.08 -0.29 0.00 0.00 0.00 0.00 0.00 0.00 0.00 0.23 0.71 -1.26 -0.67 1.06 0.00 0.00 0.00 0.00 0.00 0.00 0.00 -0.19 -0.52 -0.10 0.51 0.33 0.00 0.00 0.00 0.00 0.00 0.00 0.00 0.45 -0.57 -0.36 -0.84 0.29 0.00 0.00 0.00 0.00 0.00 0.00 0.00 -0.16 -0.18 -0.10 -0.97 -0.53 0.00 0.00 0.00 0.00 0.00 0.00 0.00 0.51 0.16 -0.44 -0.79 0.62 0.00 0.00 0.00 0.00 0.00 0.00 0.00 -0.39 -0.52 0.82 -0.00 0.19 0.00 0.00 0.00 0.00 0.00 0.00 0.00 0.43 0.39 -0.22 0.72 -0.32 0.00 0.00 0.00 0.00 0.00 0.00 0.00 0.43 -0.29 -0.73 0.07 1.10 0.00 0.00 0.00 0.00 0.00 0.00 0.00 -0.90 1.54 -0.64 0.97 -1.45 0.00 0.00 0.00 0.00 0.00 0.00 -0.44 -0.60 -0.95 0.40 0.29 0.23 0.00 0.00 0.00 0.00 0.00 0.00 -0.48 0.64 -0.96 0.39 -0.13 -0.52 0.00 0.00 0.00 0.00 0.00 0.00 -0.61 -0.87 -0.51 0.36 -0.55 1.19 0.00 0.00 0.00 0.00 0.00 0.00 1.10 0.55 0.47 0.46 -0.17 -0.31 -0.04 0.00 0.00 0.00 0.00 0.00 -0.11 -0.94 0.21 0.99 -0.04 0.72 -1.11 0.00 0.00 0.00 0.00 0.00 0.07 -0.14 0.58 -0.40 0.18 -0.49 0.93 0.00 0.00 0.00 0.00 0.00 0.70 -0.77 1.20 -0.30 -1.21 -0.81 0.30 0.00 0.00 0.00 0.00 0.00 0.77 0.87 -1.34 -0.44 0.38 -0.23 0.81 0.00 0.00 0.00 0.00 0.00 0.37 0.05 0.67 0.01 0.13 0.72 0.27 0.00 0.00 0.00 0.00 0.00 1.95 0.51 -0.33 0.68 0.39 0.83 1.26 0.00 0.00 0.00 0.00 0.00 0.37 -0.70 -0.74 -0.65 1.39 -0.45 0.03 0.00 0.00 0.00 0.00 0.00 0.57 1.15 0.19 0.11 0.78 -1.09 -0.17 0.00 0.00 0.00 0.00 0.00 0.22 -0.24 0.22 -0.97 -1.45 0.61 2.02 0.00 0.00 0.00 0.00 0.00 -0.13 -0.62 -0.13 0.74 -0.68 -0.11 0.51 0.00 0.00 0.00 0.00 0.00 0.90 1.07 -0.61 0.30 0.76 0.05 -0.20 0.00 0.00 0.00 0.00 0.00 0.07 -0.19 0.95 -0.83 -0.12 -1.57 -0.39 0.00 0.00 0.00 0.00 0.00 1.62 0.25 -0.28 -1.20 -0.42 -0.11 -0.72 0.00 0.00 0.00 0.00 0.00 -0.84 0.27 -0.98 1.17 -0.88 -0.14 0.28 0.00 0.00 0.00 0.00 0.00 0.25 0.13 0.27 -0.94 -0.34 -0.20 0.22 0.00 0.00 0.00 0.00 0.00 -0.76 0.69 -0.38 0.51 -0.25 -1.78 0.05 0.00 0.00 0.00 0.00 0.00 0.66 -0.05 -0.17 0.32 -0.13 0.12 0.85 0.00 0.00 0.00 0.00 0.00 -0.02 -0.35 1.17 -0.17 0.80 -1.11 0.33 0.00 0.00 0.00 0.00 0.00 1.31 -1.70 -0.35 -0.79 -0.22 -0.79 -0.26 0.00 0.00 0.00 0.00 0.00 0.10 -0.01 0.12 -0.66 0.04 -0.36 0.00 0.00 0.00 0.00 0.00 0.00 1.14 -0.20 0.47 0.27 -0.34 1.11 0.00 0.00 0.00 0.00 0.00 0.00 0.27 -0.83 -0.76 -0.77 -1.22 1.99 0.00 0.00 0.00 0.00 0.00 0.00 0.00 -0.34 -0.45 -0.05 -0.60 0.01 0.00 0.00 0.00 0.00 0.00 0.00 0.00 1.81 -0.12 0.97 -0.31 -0.63 0.00 0.00 0.00 0.00 0.00 0.00 0.00 -0.92 0.61 -0.01 -0.41 -0.82 0.00 0.00 0.00 0.00 0.00 0.00 0.00 0.62 0.55 -0.34 -0.31 0.20 0.00 0.00 0.00 0.00 0.00 0.00 0.00 -1.00 0.78 -0.95 -1.35 0.36 0.00 0.00 0.00 0.00 0.00 0.00 0.00 -0.59 -0.58 -1.12 -0.45 -0.05 0.00 0.00 0.00 0.00 0.00 0.00 0.00 -0.94 -0.87 -0.69 0.23 0.85 0.00 0.00 0.00 0.00 0.00 0.00 0.00 0.21 0.06 -0.79 -0.86 1.39 0.00 0.00 0.00 0.00 0.00 0.00 0.00 0.33 0.13 0.26 -0.02 -0.77 0.00 0.00 0.00 0.00 0.00 0.00 0.00 -0.10 0.44 -0.63 0.08 -0.76 0.00 0.00 0.00 0.00 0.00 0.00 0.00 -0.56 0.21 -0.36 -1.14 1.44 0.00 0.00 0.00 0.00 0.00 0.00 0.00 -0.45 -1.93 0.84 -0.49 1.81 0.00 0.00 0.00 0.00 0.00 0.00 0.00 0.79 -1.16 0.44 -0.20 0.12 0.00 0.00 0.00 0.00 0.00 0.00 0.00 -0.27 0.01 0.84 0.35 0.49 0.00 0.00 0.00 0.00 0.00 0.00 0.00 0.45 -0.43 0.06 -1.38 0.23 0.00 0.00 0.00 0.00 0.00 0.00 0.00 -0.22 0.56 0.91 0.03 -1.48 0.00 0.00 0.00 0.00 0.00 0.00 0.00 1.09 -1.16 -0.94 -0.86 0.56 0.00 0.00 0.00 0.00 0.00 0.00 0.00 0.07 0.66 0.22 -0.68 -0.68 0.00 0.00 0.00 0.00 0.00 0.00 0.00 0.17 -0.36 1.94 0.52 -0.29 0.00 0.00 0.00 0.00 0.00 0.00 0.00 0.36 0.31 1.20 -0.85 0.00 0.00 0.00 0.00 0.00 0.00 0.00 0.00 0.00 0.17 -0.06 0.75 0.00 0.00 0.00 0.00 0.00 0.00 0.00 0.00 0.00 -0.14 -0.62 1.22 0.00 0.00 0.00 0.00 0.00 0.00 0.00 0.00 0.00 0.39 0.05 -1.11 0.00 0.00 0.00 0.00 0.00 0.00 0.00 0.00 0.00 0.65 0.71 0.78 0.00 0.00 0.00 0.00 0.00 0.00 0.00 0.00 0.00 -1.51 1.06 -0.05 0.00 0.00 0.00 0.00 0.00 0.00 0.00 0.00 0.00 -0.01 0.18 -0.21 0.00 0.00 0.00 0.00 0.00 0.00 0.00 0.00 0.00 1.11 0.11 -0.18 0.00 0.00 0.00 0.00
rain_type.data=0 0 0 0 0 0 0 0 0 0 0 0 0 0 0 0 0 0 0 0 0 0 0 0 0 0 0 0 0 0 0 0 0 0 0 0 0 0 0 0 0 0 1 0 0 0 0 0 0 0 0 0 0 0 1 0 0 0 0 0 0 0 0 0 0 1 1 1 0 0 0 0 0 0 0 0 0 1 1 1 0 0 0 0 0 0 0 0 0 1 1 1 0 0 0 0 0 0 0 0 0 1 1 1 0 0 0 0 0 0 0 0 0 1 1 1 0 0 0 0 0 0 0 0 0 1 1 1 0 0 0 0 0 0 0 0 0 1 1 1 0 0 0 0 0 0 0 0 1 1 1 1 0 0 0 0 0 0 0 0 1 1 1 1 1 0 0 0 0 0 0 0 1 1 1 1 1 0 0 0 0 0 0 0 1 1 1 1 1 0 0 0 0 0 0 0 1 1 1 1 1 0 0 0 0 0 0 0 1 1 1 1 1 0 0 0 0 0 0 0 1 1 1 1 1 0 0 0 0 0 0 0 1 1 1 1 1 0 0 0 0 0 0 0 1 1 1 1 1 0 0 0 0 0 0 0 2 1 1 1 1 0 0 0 0 0 0 0 2 2 1 1 1 0 0 0 0 0 0 0 2 2 1 1 1 0 0 0 0 0 0 0 2 2 1 1 1 0 0 0 0 0 0 0 2 2 1 1 1 0 0 0 0 0 0 0 2 2 1 1 1 0 0 0 0 0 0 0 2 2 1 1 1 0 0 0 0 0 0 0 2 2 1 1 1 0 0 0 0 0 0 0 2 2 1 1 1 0 0 0 0 0 0 1 2 2 1 1 1 0 0 0 0 0 0 1 2 2 1 1 1 0 0 0 0 0 0 2 2 2 1 1 1 0 0 0 0 0 0 2 2 2 1 1 1 1 0 0 0 0 0 2 2 2 1 1 1 1 0 0 0 0 0 2 2 2 1 1 1 1 0 0 0 0 0 2 2 2 1 1 1 1 0 0 0 0 0 2 2 2 1 1 1 1 0 0 0 0 0 2 2 2 1 1 1 1 0 0 0 0 0 2 2 2 1 1 1 1 0 0 0 0 0 2 2 2 1 1 1 1 0 0 0 0 0 2 2 2 1 1 1 1 0 0 0 0 0 2 2 2 1 1 1 1 0 0 0 0 0 2 2 2 1 1 1 1 0 0 0 0 0 2 2 2 1 1 1 1 0 0 0 0 0 2 2 2 1 1 1 1 0 0 0 0 0 2 2 2 1 1 1 1 0 0 0 0 0 2 2 2 1 1 1 1 0 0 0 0 0 2 2 2 1 1 1 1 0 0 0 0 0 1 2 2 1 1 1 1 0 0 0 0 0 1 2 2 1 1 1 1 0 0 0 0 0 1 2 2 1 1 1 1 0 0 0 0 0 1 2 2 1 1 1 1 0 0 0 0 0 1 2 2 1 1 1 0 0 0 0 0 0 1 2 2 1 1 1 0 0 0 0 0 0 1 2 2 1 1 1 0 0 0 0 0 0 0 2 2 1 1 1 0 0 0 0 0 0 0 2 2 1 1 1 0 0 0 0 0 0 0 2 2 1 1 1 0 0 0 0 0 0 0 2 2 1 1 1 0 0 0 0 0 0 0 1 1 1 1 1 0 0 0 0 0 0 0 1 1 1 1 1 0 0 0 0 0 0 0 1 1 1 1 1 0 0 0 0 0 0 0 1 1 1 1 1 0 0 0 0 0 0 0 1 1 1 1 1 0 0 0 0 0 0 0 1 1 1 1 1 0 0 0 0 0 0 0 1 1 1 1 1 0 0 0 0 0 0 0 1 1 1 1 1 0 0 0 0 0 0 0 1 1 1 1 1 0 0 0 0 0 0 0 1 1 1 1 1 0 0 0 0 0 0 0 1 1 1 1 1 0 0 0 0 0 0 0 1 1 1 1 1 0 0 0 0 0 0 0 1 1 1 1 1 0 0 0 0 0 0 0 1 1 1 1 1 0 0 0 0 0 0 0 1 1 1 1 1 0 0 0 0 0 0 0 1 1 1 1 0 0 0 0 0 0 0 0 0 1 1 1 0 0 0 0 0 0 0 0 0 1 1 1 0 0 0 0 0 0 0 0 0 1 1 1 0 0 0 0 0 0 0 0 0 1 1 1 0 0 0 0 0 0 0 0 0 1 1 1 0 0 0 0 0 0 0 0 0 1 1 1 0 0 0 0 0 0 0 0 0 1 1 1 0 0 0 0
estimated_attenuation.size=996
estimated_attenuation.data=0.00 0.00 0.00 0.00 0.00 0.00 0.00 0.00 0.00 0.00 0.00 0.00 0.00 0.00 0.00 0.00 0.00 0.00 0.00 0.00 0.00 0.00 0.00 0.00 0.00 0.00 0.00 0.00 0.00 0.00 0.00 0.00 0.00 0.00 0.00 0.00 0.00 0.00 0.00 0.00 0.00 0.00 0.00 0.00 0.00 0.00 0.00 0.00 0.00 0.00 0.00 0.00 0.00 0.00 0.00 0.00 0.00 0.00 0.00 0.00 0.00 0.00 0.00 0.00 0.00 0.00 0.00 0.00 0.00 0.00 0.00 0.00 0.00 0.00 0.00 0.00 0.00 0.00 0.00 0.00 0.00 0.00 0.00 0.00 0.00 0.00 0.00 0.00 0.00 0.00 0.00 0.00 0.00 0.00 0.00 0.00 0.00 0.00 0.00 0.00 0.00 0.00 0.00 0.00 0.00 0.00 0.00 0.00 0.00 0.00 0.00 0.00 0.00 0.00 0.00 0.00 0.00 0.00 0.00 0.00 0.00 0.00 0.00 0.00 0.00 0.00 0.00 0.00 0.00 0.00 0.00 0.00 0.00 0.00 0.00 0.00 0.00 0.00 0.00 0.00 0.00 0.00 0.00 0.00 0.00 0.00 0.00 0.00 0.00 0.00 0.00 0.00 0.00 0.00 0.00 0.00 0.00 0.00 0.00 0.00 0.00 0.00 0.00 0.00 0.00 0.00 0.00 0.00 0.00 0.00 0.00 0.00 0.00 0.00 0.00 0.00 0.00 0.00 0.00 0.00 0.00 0.00 0.00 0.00 0.00 0.00 0.00 0.00 0.00 0.00 0.00 0.00 0.00 0.00 0.00 0.00 0.00 0.00 0.00 0.00 0.00 0.00 0.00 0.00 0.00 0.00 0.00 0.00 0.00 0.00 0.00 0.00 0.00 0.00 0.00 0.00 0.00 0.00 0.00 0.00 0.00 0.00 0.00 0.00 0.00 0.00 0.00 0.00 0.00 0.00 0.00 0.00 0.00 0.00 0.00 0.00 0.00 0.00 0.00 0.00 0.00 0.00 0.00 0.00 0.00 0.00 0.00 0.00 0.00 0.00 0.00 0.00 0.00 0.00 0.00 0.00 0.00 0.00 0.00 0.00 0.00 0.00 0.00 0.00 0.00 0.00 0.00 0.00 0.00 0.00 0.00 0.00 0.00 0.00 0.00 0.00 0.00 0.00 0.00 0.00 0.00 0.00 0.00 0.00 0.00 0.00 0.00 0.00 0.00 0.00 0.00 0.00 0.00 0.00 0.00 0.00 0.00 0.00 0.00 0.00 0.00 0.00 0.00 0.00 0.00 0.00 0.00 0.00 0.00 0.00 0.00 0.00 0.00 0.00 0.00 0.00 0.00 0.00 0.00 0.00 0.00 0.00 0.00 0.00 0.00 0.00 0.00 0.00 0.00 0.00 0.00 0.00 0.00 0.00 0.00 0.00 0.00 0.00 0.00 0.00 0.00 0.00 0.00 0.00 0.00 0.00 0.00 0.00 0.00 0.00 0.00 0.00 0.00 0.00 0.00 0.00 0.00 0.00 0.00 0.00 0.00 0.00 0.00 0.00 0.00 0.00 0.00 0.00 0.00 0.00 0.00 0.00 0.00 0.00 0.00 0.00 0.00 0.00 0.00 0.00 0.00 0.00 0.00 0.00 0.00 0.00 0.00 0.00 0.00 0.00 0.00 0.00 0.00 0.00 0.00 0.00 0.00 0.00 0.00 0.00 0.00 0.00 0.00 0.00 0.00 0.00 0.00 0.00 0.00 0.00 0.00 0.00 0.00 0.00 0.00 0.00 0.00 0.00 0.00 0.00 0.00 0.00 0.00 0.00 0.00 0.00 0.00 0.00 0.00 0.00 0.00 0.00 0.00 0.00 0.00 0.00 0.00 0.00 0.00 0.00 0.00 0.00 0.00 0.00 0.00 0.00 0.00 0.00 0.00 0.00 0.00 0.00 0.00 0.00 0.00 0.00 0.00 0.00 0.00 0.00 0.00 0.00 0.00 0.00 0.00 0.00 0.00 0.00 0.00 0.00 0.00 0.00 0.00 0.00 0.00 0.00 0.00 0.00 0.00 0.00 0.00 0.00 0.00 0.00 0.00 0.00 0.00 0.00 0.00 0.00 0.00 0.00 0.00 0.00 0.00 0.00 0.00 0.00 0.00 0.00 0.00 0.00 0.00 0.00 0.00 0.00 0.00 0.00 0.00 0.00 0.00 0.00 0.00 0.00 0.00 0.00 0.00 0.00 0.00 0.00 0.00 0.00 0.00 0.00 0.00 0.00 0.00 0.00 0.00 0.00 0.00 0.00 0.00 0.00 0.00 0.00 0.00 0.00 0.00 0.00 0.00 0.00 0.00 0.00 0.00 0.00 0.00 0.00 0.00 0.00 0.00 0.00 0.00 0.00 0.00 0.00 0.00 0.00 0.00 0.00 0.00 0.00 0.00 0.00 0.00 0.00 0.00 0.00 0.00 0.00 0.00 0.00 0.00 0.00 0.00 0.00 0.00 0.00 0.00 0.00 0.00 0.00 0.00 0.00 0.00 0.00 0.00 0.00 0.00 0.00 0.00 0.00 0.00 0.00 0.00 0.00 0.00 0.00 0.00 0.00 0.00 0.00 0.00 0.00 0.00 0.00 0.00 0.00 0.00 0.00 0.00 0.00 0.00 0.00 0.00 0.00 0.00 0.00 0.00 0.00 0.00 0.00 0.00 0.00 0.00 0.00 0.00 0.00 0.00 0.00 0.00 0.00 0.00 0.00 0.00 0.00 0.00 0.00 0.00 0.00 0.00 0.00 0.00 0.00 0.00 0.00 0.00 0.00 0.00 0.00 0.00 0.00 0.00 0.00 0.00 0.00 0.00 0.00 0.00 0.00 0.00 0.00 0.00 0.00 0.00 0.00 0.00 0.00 0.00 0.00 0.00 0.00 0.00 0.00 0.00 0.00 0.00 0.00 0.00 0.00 0.00 0.00 0.00 0.00 0.00 0.00 0.00 0.00 0.00 0.00 0.00 0.00 0.00 0.00 0.00 0.00 0.00 0.00 0.00 0.00 0.00 0.00 0.00 0.00 0.00 0.00 0.00 0.00 0.00 0.00 0.00 0.00 0.00 0.00 0.00 0.00 0.00 0.00 0.00 0.00 0.00 0.00 0.00 0.00 0.00 0.00 0.00 0.00 0.00 0.00 0.00 0.00 0.00 0.00 0.00 0.00 0.00 0.00 0.00 0.00 0.00 0.00 0.00 0.00 0.00 0.00 0.00 0.00 0.00 0.00 0.00 0.00 0.00 0.00 0.00 0.00 0.00 0.00 0.00 0.00 0.00 0.00 0.00 0.00 0.00 0.00 0.00 0.00 0.00 0.00 0.00 0.00 0.00 0.00 0.00 0.00 0.00 0.00 0.00 0.00 0.00 0.00 0.00 0.00 0.00 0.00 0.00 0.00 0.00 0.00 0.00 0.00 0.00 0.00 0.00 0.00 0.00 0.00 0.00 0.00 0.00 0.00 0.00 0.00 0.00 0.00 0.00 0.00 0.00 0.00 0.00 0.00 0.00 0.00 0.00 0.00 0.00 0.00 0.00 0.00 0.00 0.00 0.00 0.00 0.00 0.00 0.00 0.00 0.00 0.00 0.00 0.00 0.00 0.00 0.00 0.00 0.00 0.00 0.00 0.00 0.00 0.00 0.00 0.00 0.00 0.00 0.00 0.00 0.00 0.00 0.00 0.00 0.00 0.00 0.00 0.00 0.00 0.00 0.00 0.00 0.00 0.00 0.00 0.00 0.00 0.00 0.00 0.00 0.00 0.00 0.00 0.00 0.00 0.00 0.00 0.00 0.00 0.00 0.00 0.00 0.00 0.00 0.00 0.00 0.00 0.00 0.00 0.00 0.00 0.00 0.00 0.00 0.00 0.00 0.00 0.00 0.00 0.00 0.00 0.00 0.00 0.00 0.00 0.00 0.00 0.00 0.00 0.00 0.00 0.00 0.00 0.00 0.00 0.00 0.00 0.00 0.00 0.00 0.00 0.00 0.00 0.00 0.00 0.00 0.00 0.00 0.00 0.00 0.00 0.00 0.00 0.00 0.00 0.00 0.00 0.00 0.00 0.00 0.00 0.00 0.00 0.00 0.00 0.00 0.00 0.00 0.00 0.00 0.00 0.00 0.00 0.00 0.00 0.00 0.00 0.00 0.00 0.00 0.00 0.00 0.00 0.00 0.00 0.00 0.00 0.00 0.00 0.00 0.00 0.00 0.00 0.00 0.00 0.00 0.00 0.00 0.00 0.00 0.00 0.00 0.00 0.00 0.00 0.00 0.00 0.00 0.00 0.00 0.00 0.00 0.00 0.00 0.00 0.00 0.00 0.00
height.size=996
height.data=32323.83 32323.83 32323.83 32323.83 32323.83 32323.83 32323.83 32323.83 32323.83 32323.83 32323.83 32323.83 32372.25 32372.25 32372.25 32372.25 32372.25 32372.25 32372.25 32372.25 32372.25 32372.25 32372.25 32372.25 32420.66 32420.66 32420.66 32420.66 32420.66 32420.66 32420.66 32420.66 32420.66 32420.66 32420.66 32420.66 32469.09 32469.09 32469.09 32469.09 32469.09 32469.09 32469.09 32469.09 32469.09 32469.09 32469.09 32469.09 32517.52 32517.52 32517.52 32517.52 32517.52 32517.52 32517.52 32517.52 32517.52 32517.52 32517.52 32517.52 32565.96 32565.96 32565.96 32565.96 32565.96 32565.96 32565.96 32565.96 32565.96 32565.96 32565.96 32565.96 32614.41 32614.41 32614.41 32614.41 32614.41 32614.41 32614.41 32614.41 32614.41 32614.41 32614.41 32614.41 32662.86 32662.86 32662.86 32662.86 32662.86 32662.86 32662.86 32662.86 32662.86 32662.86 32662.86 32662.86 32711.32 32711.32 32711.32 32711.32 32711.32 32711.32 32711.32 32711.32 32711.32 32711.32 32711.32 32711.32 32759.79 32759.79 32759.79 32759.79 32759.79 32759.79 32759.79 32759.79 32759.79 32759.79 32759.79 32759.79 32808.26 32808.26 32808.26 32808.26 32808.26 32808.26 32808.26 32808.26 32808.26 32808.26 32808.26 32808.26 32856.74 32856.74 32856.74 32856.74 32856.74 32856.74 32856.74 32856.74 32856.74 32856.74 32856.74 32856.74 32905.23 32905.23 32905.23 32905.23 32905.23 32905.23 32905.23 32905.23 32905.23 32905.23 32905.23 32905.23 32953.73 32953.73 32953.73 32953.73 32953.73 32953.73 32953.73 32953.73 32953.73 32953.73 32953.73 32953.73 33002.23 33002.23 33002.23 33002.23 33002.23 33002.23 33002.23 33002.23 33002.23 33002.23 33002.23 33002.23 33050.74 33050.74 33050.74 33050.74 33050.74 33050.74 33050.74 33050.74 33050.74 33050.74 33050.74 33050.74 33099.26 33099.26 33099.26 33099.26 33099.26 33099.26 33099.26 33099.26 33099.26 33099.26 33099.26 33099.26 33147.78 33147.78 33147.78 33147.78 33147.78 33147.78 33147.78 33147.78 33147.78 33147.78 33147.78 33147.78 33196.31 33196.31 33196.31 33196.31 33196.31 33196.31 33196.31 33196.31 33196.31 33196.31 33196.31 33196.31 33244.85 33244.85 33244.85 33244.85 33244.85 33244.85 33244.85 33244.85 33244.85 33244.85 33244.85 33244.85 33293.40 33293.40 33293.40 33293.40 33293.40 33293.40 33293.40 33293.40 33293.40 33293.40 33293.40 33293.40 33341.95 33341.95 33341.95 33341.95 33341.95 33341.95 33341.95 33341.95 33341.95 33341.95 33341.95 33341.95 33390.51 33390.51 33390.51 33390.51 33390.51 33390.51 33390.51 33390.51 33390.51 33390.51 33390.51 33390.51 33439.07 33439.07 33439.07 33439.07 33439.07 33439.07 33439.07 33439.07 33439.07 33439.07 33439.07 33439.07 33487.65 33487.65 33487.65 33487.65 33487.65 33487.65 33487.65 33487.65 33487.65 33487.65 33487.65 33487.65 33536.23 33536.23 33536.23 33536.23 33536.23 33536.23 33536.23 33536.23 33536.23 33536.23 33536.23 33536.23 33584.82 33584.82 33584.82 33584.82 33584.82 33584.82 33584.82 33584.82 33584.82 33584.82 33584.82 33584.82 33633.41 33633.41 33633.41 33633.41 33633.41 33633.41 33633.41 33633.41 33633.41 33633.41 33633.41 33633.41 33682.01 33682.01 33682.01 33682.01 33682.01 33682.01 33682.01 33682.01 33682.01 33682.01 33682.01 33682.01 33730.62 33730.62 33730.62 33730.62 33730.62 33730.62 33730.62 33730.62 33730.62 33730.62 33730.62 33730.62 33779.24 33779.24 33779.24 33779.24 33779.24 33779.24 33779.24 33779.24 33779.24 33779.24 33779.24 33779.24 33827.86 33827.86 33827.86 33827.86 33827.86 33827.86 33827.86 33827.86 33827.86 33827.86 33827.86 33827.86 33876.49 33876.49 33876.49 33876.49 33876.49 33876.49 33876.49 33876.49 33876.49 33876.49 33876.49 33876.49 33925.12 33925.12 33925.12 33925.12 33925.12 33925.12 33925.12 33925.12 33925.12 33925.12 33925.12 33925.12 33973.77 33973.77 33973.77 33973.77 33973.77 33973.77 33973.77 33973.77 33973.77 33973.77 33973.77 33973.77 34022.42 34022.42 34022.42 34022.42 34022.42 34022.42 34022.42 34022.42 34022.42 34022.42 34022.42 34022.42 34071.08 34071.08 34071.08 34071.08 34071.08 34071.08 34071.08 34071.08 34071.08 34071.08 34071.08 34071.08 34119.74 34119.74 34119.74 34119.74 34119.74 34119.74 34119.74 34119.74 34119.74 34119.74 34119.74 34119.74 34168.41 34168.41 34168.41 34168.41 34168.41 34168.41 34168.41 34168.41 34168.41 34168.41 34168.41 34168.41 34217.09 34217.09 34217.09 34217.09 34217.09 34217.09 34217.09 34217.09 34217.09 34217.09 34217.09 34217.09 34265.78 34265.78 34265.78 34265.78 34265.78 34265.78 34265.78 34265.78 34265.78 34265.78 34265.78 34265.78 34314.47 34314.47 34314.47 34314.47 34314.47 34314.47 34314.47 34314.47 34314.47 34314.47 34314.47 34314.47 34363.17 34363.17 34363.17 34363.17 34363.17 34363.17 34363.17 34363.17 34363.17 34363.17 34363.17 34363.17 34411.88 34411.88 34411.88 34411.88 34411.88 34411.88 34411.88 34411.88 34411.88 34411.88 34411.88 34411.88 34460.59 34460.59 34460.59 34460.59 34460.59 34460.59 34460.59 34460.59 34460.59 34460.59 34460.59 34460.59 34509.32 34509.32 34509.32 34509.32 34509.32 34509.32 34509.32 34509.32 34509.32 34509.32 34509.32 34509.32 34558.04 34558.04 34558.04 34558.04 34558.04 34558.04 34558.04 34558.04 34558.04 34558.04 34558.04 34558.04 34606.78 34606.78 34606.78 34606.78 34606.78 34606.78 34606.78 34606.78 34606.78 34606.78 34606.78 34606.78 34655.52 34655.52 34655.52 34655.52 34655.52 34655.52 34655.52 34655.52 34655.52 34655.52 34655.52 34655.52 34704.27 34704.27 34704.27 34704.27 34704.27 34704.27 34704.27 34704.27 34704.27 34704.27 34704.27 34704.27 34753.03 34753.03 34753.03 34753.03 34753.03 34753.03 34753.03 34753.03 34753.03 34753.03 34753.03 34753.03 34801.79 34801.79 34801.79 34801.79 34801.79 34801.79 34801.79 34801.79 34801.79 34801.79 34801.79 34801.79 34850.56 34850.56 34850.56 34850.56 34850.56 34850.56 34850.56 34850.56 34850.56 34850.56 34850.56 34850.56 34899.34 34899.34 34899.34 34899.34 34899.34 34899.34 34899.34 34899.34 34899.34 34899.34 34899.34 34899.34 34948.13 34948.13 34948.13 34948.13 34948.13 34948.13 34948.13 34948.13 34948.13 34948.13 34948.13 34948.13 34996.92 34996.92 34996.92 34996.92 34996.92 34996.92 34996.92 34996.92 34996.92 34996.92 34996.92 34996.92 35045.72 35045.72 35045.72 35045.72 35045.72 35045.72 35045.72 35045.72 35045.72 35045.72 35045.72 35045.72 35094.52 35094.52 35094.52 35094.52 35094.52 35094.52 35094.52 35094.52 35094.52 35094.52 35094.52 35094.52 35143.33 35143.33 35143.33 35143.33 35143.33 35143.33 35143.33 35143.33 35143.33 35143.33 35143.33 35143.33 35192.15 35192.15 35192.15 35192.15 35192.15 35192.15 35192.15 35192.15 35192.15 35192.15 35192.15 35192.15 35240.98 35240.98 35240.98 35240.98 35240.98 35240.98 35240.98 35240.98 35240.98 35240.98 35240.98 35240.98 35289.82 35289.82 35289.82 35289.82 35289.82 35289.82 35289.82 35289.82 35289.82 35289.82 35289.82 35289.82 35338.66 35338.66 35338.66 35338.66 35338.66 35338.66 35338.66 35338.66 35338.66 35338.66 35338.66 35338.66 35387.51 35387.51 35387.51 35387.51 35387.51 35387.51 35387.51 35387.51 35387.51 35387.51 35387.51 35387.51 35436.36 35436.36 35436.36 35436.36 35436.36 35436.36 35436.36 35436.36 35436.36 35436.36 35436.36 35436.36 35485.22 35485.22 35485.22 35485.22 35485.22 35485.22 35485.22 35485.22 35485.22 35485.22 35485.22 35485.22 35534.09 35534.09 35534.09 35534.09 35534.09 35534.09 35534.09 35534.09 35534.09 35534.09 35534.09 35534.09 35582.97 35582.97 35582.97 35582.97 35582.97 35582.97 35582.97 35582.97 35582.97 35582.97 35582.97 35582.97 35631.85 35631.85 35631.85 35631.85 35631.85 35631.85 35631.85 35631.85 35631.85 35631.85 35631.85 35631.85 35680.74 35680.74 35680.74 35680.74 35680.74 35680.74 35680.74 35680.74 35680.74 35680.74 35680.74 35680.74 35729.64 35729.64 35729.64 35729.64 35729.64 35729.64 35729.64 35729.64 35729.64 35729.64 35729.64 35729.64 35778.55 35778.55 35778.55 35778.55 35778.55 35778.55 35778.55 35778.55 35778.55 35778.55 35778.55 35778.55 35827.46 35827.46 35827.46 35827.46 35827.46 35827.46 35827.46 35827.46 35827.46 35827.46 35827.46 35827.46 35876.38 35876.38 35876.38 35876.38 35876.38 35876.38 35876.38 35876.38 35876.38 35876.38 35876.38 35876.38 35925.30 35925.30 35925.30 35925.30 35925.30 35925.30 35925.30 35925.30 35925.30 35925.30 35925.30 35925.30 35974.23 35974.23 35974.23 35974.23 35974.23 35974.23 35974.23 35974.23 35974.23 35974.23 35974.23 35974.23 36023.17 36023.17 36023.17 36023.17 36023.17 36023.17 36023.17 36023.17 36023.17 36023.17 36023.17 36023.17 36072.12 36072.12 36072.12 36072.12 36072.12 36072.12 36072.12 36072.12 36072.12 36072.12 36072.12 36072.12 36121.07 36121.07 36121.07 36121.07 36121.07 36121.07 36121.07 36121.07 36121.07 36121.07 36121.07 36121.07 36170.04 36170.04 36170.04 36170.04 36170.04 36170.04 36170.04 36170.04 36170.04 36170.04 36170.04 36170.04 36219.00 36219.00 36219.00 36219.00 36219.00 36219.00 36219.00 36219.00 36219.00 36219.00 36219.00 36219.00 36267.98 36267.98 36267.98 36267.98 36267.98 36267.98 36267.98 36267.98 36267.98 36267.98 36267.98 36267.98 36316.96 36316.96 36316.96 36316.96 36316.96 36316.96 36316.96 36316.96 36316.96 36316.96 36316.96 36316.96
=== END RADAR_SCAN ===

=== BEGIN RADAR_SCAN ===
scan.index=11
scan.time=188.330000
radar.id=0
radar.frequency=C
radar.scanning_mode=PPI
radar.x=0.000
radar.y=0.000
radar.z=25.000
radar.maximum_range=250000.000
radar.range_resolution=250.000
radar.angular_resolution=1.000000
box.radar_id=0
box.min_range_gate=697.000
box.max_range_gate=778.000
box.min_angle=95.000000
box.max_angle=107.000000
box.num_ranges=82
box.num_angles=12
box.range_resolution=250.000
box.angular_resolution=1.000000
box.other_angle=6.000000
grid.size=984
grid.data=0.00 0.00 0.00 0.00 0.00 0.00 0.00 0.00 0.00 0.00 0.00 0.00 0.00 0.00 0.00 0.00 0.00 0.00 0.00 0.00 0.00 0.00 0.00 0.00 0.00 0.00 0.00 0.00 0.00 0.00 -0.01 0.00 0.00 0.00 0.00 0.00 0.00 0.00 0.00 0.00 0.00 0.00 -0.86 0.00 0.00 0.00 0.00 0.00 0.00 0.00 0.00 0.00 0.00 -0.72 -0.07 0.00 0.00 0.00 0.00 0.00 0.00 0.00 0.00 0.00 0.00 1.06 0.67 -0.28 0.00 0.00 0.00 0.00 0.00 0.00 0.00 0.00 0.00 0.54 0.83 -0.56 0.00 0.00 0.00 0.00 0.00 0.00 0.00 0.00 0.00 -0.20 1.26 0.37 0.00 0.00 0.00 0.00 0.00 0.00 0.00 0.00 0.00 -0.04 0.24 0.21 0.00 0.00 0.00 0.00 0.00 0.00 0.00 0.00 0.00 1.64 -0.67 0.39 0.00 0.00 0.00 0.00 0.00 0.00 0.00 0.00 0.00 0.06 -0.17 0.77 0.00 0.00 0.00 0.00 0.00 0.00 0.00 0.00 -0.18 -0.76 0.72 0.49 0.00 0.00 0.00 0.00 0.00 0.00 0.00 0.00 0.74 -0.28 -0.79 -0.65 1.76 0.00 0.00 0.00 0.00 0.00 0.00 0.00 0.49 0.62 0.47 0.45 -0.52 0.00 0.00 0.00 0.00 0.00 0.00 0.00 0.39 -0.19 -0.06 0.96 0.39 0.00 0.00 0.00 0.00 0.00 0.00 0.00 0.54 -0.40 -0.75 -1.14 0.17 0.00 0.00 0.00 0.00 0.00 0.00 0.00 -0.54 -0.66 0.24 -0.09 -0.91 0.00 0.00 0.00 0.00 0.00 0.00 0.00 -0.50 0.50 -0.42 0.14 0.77 0.00 0.00 0.00 0.00 0.00 0.00 0.00 -0.79 1.11 -0.57 0.46 0.33 0.00 0.00 0.00 0.00 0.00 0.00 0.00 -0.07 0.47 0.74 -0.28 -0.76 0.00 0.00 0.00 0.00 0.00 0.00 0.00 -0.13 -0.29 0.14 -0.40 0.44 0.00 0.00 0.00 0.00 0.00 0.00 0.00 -1.02 -0.01 1.09 -0.03 1.40 0.00 0.00 0.00 0.00 0.00 0.00 0.00 -2.09 -1.22 0.93 -1.06 1.79 0.00 0.00 0.00 0.00 0.00 0.00 0.00 -0.26 0.99 -0.10 0.54 -0.52 0.00 0.00 0.00 0.00 0.00 0.00 0.00 -0.62 -0.92 -0.37 -0.57 0.43 0.00 0.00 0.00 0.00 0.00 0.00 0.00 -0.80 0.26 -1.11 0.45 0.06 0.00 0.00 0.00 0.00 0.00 0.00 0.00 -1.46 -0.40 -1.07 0.94 0.23 0.00 0.00 0.00 0.00 0.00 0.00 0.00 -1.15 0.71 -1.38 0.12 -0.99 0.00 0.00 0.00 0.00 0.00 0.00 -0.29 -0.04 0.50 -1.43 1.22 0.80 0.00 0.00 0.00 0.00 0.00 0.00 0.50 -0.45 1.09 -0.55 0.81 -0.49 0.00 0.00 0.00 0.00 0.00 0.00 0.43 0.90 -0.62 -0.86 1.10 0.48 0.00 0.00 0.00 0.00 0.00 0.00 0.40 -1.36 0.73 0.44 -0.05 -0.32 0.00 0.00 0.00 0.00 0.00 0.00 0.21 0.88 0.03 -0.55 0.97 -0.07 0.00 0.00 0.00 0.00 0.00 0.00 0.45 0.00 -0.42 -0.33 0.04 -0.85 0.44 0.00 0.00 0.00 0.00 0.00 1.23 -0.01 -0.08 0.06 0.17 -1.26 -0.81 0.00 0.00 0.00 0.00 0.00 0.82 1.28 -0.01 0.48 0.40 -0.28 0.64 0.00 0.00 0.00 0.00 0.00 0.80 0.30 0.44 0.02 -0.73 0.92 0.02 0.00 0.00 0.00 0.00 0.00 0.03 0.78 -0.65 1.38 -0.46 1.10 0.23 0.00 0.00 0.00 0.00 0.00 -0.35 -0.27 0.27 -0.40 -0.66 0.43 0.08 0.00 0.00 0.00 0.00 0.00 -0.48 -1.16 0.48 -0.50 1.40 0.20 -0.25 0.00 0.00 0.00 0.00 0.00 -0.36 0.10 -0.64 -0.17 -0.52 -0.16 -0.49 0.00 0.00 0.00 0.00 0.00 -0.76 -1.36 0.37 -1.40 -0.96 0.77 -1.14 0.00 0.00 0.00 0.00 0.00 -0.32 0.00 0.43 -0.39 -0.36 -0.74 0.22 0.00 0.00 0.00 0.00 0.00 0.54 0.14 1.52 0.66 -0.81 -1.39 0.36 0.00 0.00 0.00 0.00 0.00 0.18 -0.05 -0.56 0.25 0.60 -0.20 -0.48 0.00 0.00 0.00 0.00 0.00 -0.19 -0.52 -0.60 0.51 0.76 0.06 0.20 0.00 0.00 0.00 0.00 0.00 -0.11 0.89 0.33 0.41 0.45 1.33 1.09 0.00 0.00 0.00 0.00 0.00 0.50 -1.50 0.27 0.21 0.63 0.40 -0.50 0.00 0.00 0.00 0.00 0.00 -0.42 -0.56 -1.02 -0.15 1.75 0.68 1.13 0.00 0.00 0.00 0.00 0.00 -1.01 -0.51 -0.52 0.80 -0.12 -0.32 -1.04 0.00 0.00 0.00 0.00 0.00 0.51 -0.96 -0.25 0.49 0.53 -0.34 0.00 0.00 0.00 0.00 0.00 0.00 -0.75 -0.14 1.27 -0.70 -1.31 -0.22 0.00 0.00 0.00 0.00 0.00 0.00 1.39 0.15 0.37 0.20 -1.01 -0.69 0.00 0.00 0.00 0.00 0.00 0.00 -0.95 0.23 -1.31 1.19 0.59 0.46 0.00 0.00 0.00 0.00 0.00 0.00 -0.75 0.12 -0.08 -0.24 -1.22 -0.51 0.00 0.00 0.00 0.00 0.00 0.00 0.00 -0.13 0.70 0.76 -0.04 0.16 0.00 0.00 0.00 0.00 0.00 0.00 0.00 -0.26 0.19 0.12 0.08 0.33 0.00 0.00 0.00 0.00 0.00 0.00 0.00 0.15 -0.79 0.30 -0.69 -0.42 0.00 0.00 0.00 0.00 0.00 0.00 0.00 -0.59 -0.56 0.16 -0.17 1.54 0.00 0.00 0.00 0.00 0.00 0.00 0.00 0.17 -0.63 0.78 0.47 0.73 0.00 0.00 0.00 0.00 0.00 0.00 0.00 1.06 -0.61 -0.06 0.29 0.02 0.00 0.00 0.00 0.00 0.00 0.00 0.00 -0.20 0.61 -0.17 1.10 0.30 0.00 0.00 0.00 0.00 0.00 0.00 0.00 -0.97 -0.21 -0.54 0.25 -1.01 0.00 0.00 0.00 0.00 0.00 0.00 0.00 -1.12 0.25 -0.84 1.61 -0.29 0.00 0.00 0.00 0.00 0.00 0.00 0.00 1.11 -0.35 -0.28 -0.47 0.57 0.00 0.00 0.00 0.00 0.00 0.00 0.00 0.78 0.69 -0.22 -0.14 -0.78 0.00 0.00 0.00 0.00 0.00 0.00 0.00 0.36 0.58 0.47 -1.01 0.01 0.00 0.00 0.00 0.00 0.00 0.00 0.00 0.23 -0.38 0.26 0.03 -0.30 0.00 0.00 0.00 0.00 0.00 0.00 0.00 -0.23 0.09 -1.32 0.88 -1.51 0.00 0.00 0.00 0.00 0.00 0.00 0.00 0.03 -1.10 -1.01 0.62 0.22 0.00 0.00 0.00 0.00 0.00 0.00 0.00 -0.53 -1.23 -0.16 0.17 -0.41 0.00 0.00 0.00 0.00 0.00 0.00 0.00 -0.82 -0.09 0.39 -0.48 0.38 0.00 0.00 0.00 0.00 0.00 0.00 0.00 -0.51 1.37 1.23 -0.36 0.87 0.00 0.00 0.00 0.00 0.00 0.00 0.00 0.37 0.33 -1.11 0.06 0.00 0.00 0.00 0.00 0.00 0.00 0.00 0.00 0.00 0.35 1.21 -0.10 0.00 0.00 0.00 0.00 0.00 0.00 0.00 0.00 0.00 -1.16 1.82 -0.74 0.00 0.00 0.00 0.00 0.00 0.00 0.00 0.00 0.00 -0.13 -0.78 1.07 0.00 0.00 0.00 0.00 0.00 0.00 0.00 0.00 0.00 -0.20 -0.50 -1.37 0.00 0.00 0.00 0.00 0.00 0.00 0.00 0.00 0.00 -1.25 -0.04 -0.27 0.00 0.00 0.00 0.00 0.00 0.00 0.00 0.00 0.00 -1.06 0.46 -0.21 0.00 0.00 0.00 0.00 0.00 0.00 0.00 0.00 0.00 0.44 0.95 0.17 0.00 0.00 0.00 0.00 0.00 0.00 0.00 0.00 0.00 0.00 0.45 0.00 0.00 0.00 0.00 0.00
rain_type.data=0 0 0 0 0 0 0 0 0 0 0 0 0 0 0 0 0 0 0 0 0 0 0 0 0 0 0 0 0 0 1 0 0 0 0 0 0 0 0 0 0 0 1 0 0 0 0 0 0 0 0 0 0 1 1 0 0 0 0 0 0 0 0 0 0 1 1 1 0 0 0 0 0 0 0 0 0 1 1 1 0 0 0 0 0 0 0 0 0 1 1 1 0 0 0 0 0 0 0 0 0 1 1 1 0 0 0 0 0 0 0 0 0 1 1 1 0 0 0 0 0 0 0 0 0 1 1 1 0 0 0 0 0 0 0 0 1 1 1 1 0 0 0 0 0 0 0 0 1 1 1 1 1 0 0 0 0 0 0 0 1 1 1 1 1 0 0 0 0 0 0 0 1 1 1 1 1 0 0 0 0 0 0 0 1 1 1 1 1 0 0 0 0 0 0 0 1 1 1 1 1 0 0 0 0 0 0 0 1 1 1 1 1 0 0 0 0 0 0 0 1 1 1 1 1 0 0 0 0 0 0 0 1 1 1 1 1 0 0 0 0 0 0 0 2 2 1 1 1 0 0 0 0 0 0 0 2 2 1 1 1 0 0 0 0 0 0 0 2 2 1 1 1 0 0 0 0 0 0 0 2 2 1 1 1 0 0 0 0 0 0 0 2 2 1 1 1 0 0 0 0 0 0 0 2 2 1 1 1 0 0 0 0 0 0 0 2 2 1 1 1 0 0 0 0 0 0 0 2 2 1 1 1 0 0 0 0 0 0 1 2 2 1 1 1 0 0 0 0 0 0 1 2 2 1 1 1 0 0 0 0 0 0 2 2 2 1 1 1 0 0 0 0 0 0 2 2 2 1 1 1 0 0 0 0 0 0 2 2 2 1 1 1 0 0 0 0 0 0 2 2 2 1 1 1 1 0 0 0 0 0 2 2 2 1 1 1 1 0 0 0 0 0 2 2 2 1 1 1 1 0 0 0 0 0 2 2 2 1 1 1 1 0 0 0 0 0 2 2 2 1 1 1 1 0 0 0 0 0 2 2 2 1 1 1 1 0 0 0 0 0 2 2 2 1 1 1 1 0 0 0 0 0 2 2 2 1 1 1 1 0 0 0 0 0 2 2 2 1 1 1 1 0 0 0 0 0 2 2 2 1 1 1 1 0 0 0 0 0 2 2 2 1 1 1 1 0 0 0 0 0 2 2 2 1 1 1 1 0 0 0 0 0 2 2 2 1 1 1 1 0 0 0 0 0 2 2 2 1 1 1 1 0 0 0 0 0 2 2 2 1 1 1 1 0 0 0 0 0 1 2 2 1 1 1 1 0 0 0 0 0 1 2 2 1 1 1 1 0 0 0 0 0 1 2 2 1 1 1 0 0 0 0 0 0 1 2 2 1 1 1 0 0 0 0 0 0 1 2 2 1 1 1 0 0 0 0 0 0 1 2 2 1 1 1 0 0 0 0 0 0 1 2 2 1 1 1 0 0 0 0 0 0 0 2 2 1 1 1 0 0 0 0 0 0 0 2 2 1 1 1 0 0 0 0 0 0 0 2 2 1 1 1 0 0 0 0 0 0 0 2 1 1 1 1 0 0 0 0 0 0 0 1 1 1 1 1 0 0 0 0 0 0 0 1 1 1 1 1 0 0 0 0 0 0 0 1 1 1 1 1 0 0 0 0 0 0 0 1 1 1 1 1 0 0 0 0 0 0 0 1 1 1 1 1 0 0 0 0 0 0 0 1 1 1 1 1 0 0 0 0 0 0 0 1 1 1 1 1 0 0 0 0 0 0 0 1 1 1 1 1 0 0 0 0 0 0 0 1 1 1 1 1 0 0 0 0 0 0 0 1 1 1 1 1 0 0 0 0 0 0 0 1 1 1 1 1 0 0 0 0 0 0 0 1 1 1 1 1 0 0 0 0 0 0 0 1 1 1 1 1 0 0 0 0 0 0 0 1 1 1 1 1 0 0 0 0 0 0 0 1 1 1 1 0 0 0 0 0 0 0 0 0 1 1 1 0 0 0 0 0 0 0 0 0 1 1 1 0 0 0 0 0 0 0 0 0 1 1 1 0 0 0 0 0 0 0 0 0 1 1 1 0 0 0 0 0 0 0 0 0 1 1 1 0 0 0 0 0 0 0 0 0 1 1 1 0 0 0 0 0 0 0 0 0 1 1 1 0 0 0 0 0 0 0 0 0 0 1 0 0 0 0 0
estimated_attenuation.size=984
estimated_attenuation.data=0.00 0.00 0.00 0.00 0.00 0.00 0.00 0.00 0.00 0.00 0.00 0.00 0.00 0.00 0.00 0.00 0.00 0.00 0.00 0.00 0.00 0.00 0.00 0.00 0.00 0.00 0.00 0.00 0.00 0.00 0.00 0.00 0.00 0.00 0.00 0.00 0.00 0.00 0.00 0.00 0.00 0.00 0.00 0.00 0.00 0.00 0.00 0.00 0.00 0.00 0.00 0.00 0.00 0.00 0.00 0.00 0.00 0.00 0.00 0.00 0.00 0.00 0.00 0.00 0.00 0.00 0.00 0.00 0.00 0.00 0.00 0.00 0.00 0.00 0.00 0.00 0.00 0.00 0.00 0.00 0.00 0.00 0.00 0.00 0.00 0.00 0.00 0.00 0.00 0.00 0.00 0.00 0.00 0.00 0.00 0.00 0.00 0.00 0.00 0.00 0.00 0.00 0.00 0.00 0.00 0.00 0.00 0.00 0.00 0.00 0.00 0.00 0.00 0.00 0.00 0.00 0.00 0.00 0.00 0.00 0.00 0.00 0.00 0.00 0.00 0.00 0.00 0.00 0.00 0.00 0.00 0.00 0.00 0.00 0.00 0.00 0.00 0.00 0.00 0.00 0.00 0.00 0.00 0.00 0.00 0.00 0.00 0.00 0.00 0.00 0.00 0.00 0.00 0.00 0.00 0.00 0.00 0.00 0.00 0.00 0.00 0.00 0.00 0.00 0.00 0.00 0.00 0.00 0.00 0.00 0.00 0.00 0.00 0.00 0.00 0.00 0.00 0.00 0.00 0.00 0.00 0.00 0.00 0.00 0.00 0.00 0.00 0.00 0.00 0.00 0.00 0.00 0.00 0.00 0.00 0.00 0.00 0.00 0.00 0.00 0.00 0.00 0.00 0.00 0.00 0.00 0.00 0.00 0.00 0.00 0.00 0.00 0.00 0.00 0.00 0.00 0.00 0.00 0.00 0.00 0.00 0.00 0.00 0.00 0.00 0.00 0.00 0.00 0.00 0.00 0.00 0.00 0.00 0.00 0.00 0.00 0.00 0.00 0.00 0.00 0.00 0.00 0.00 0.00 0.00 0.00 0.00 0.00 0.00 0.00 0.00 0.00 0.00 0.00 0.00 0.00 0.00 0.00 0.00 0.00 0.00 0.00 0.00 0.00 0.00 0.00 0.00 0.00 0.00 0.00 0.00 0.00 0.00 0.00 0.00 0.00 0.00 0.00 0.00 0.00 0.00 0.00 0.00 0.00 0.00 0.00 0.00 0.00 0.00 0.00 0.00 0.00 0.00 0.00 0.00 0.00 0.00 0.00 0.00 0.00 0.00 0.00 0.00 0.00 0.00 0.00 0.00 0.00 0.00 0.00 0.00 0.00 0.00 0.00 0.00 0.00 0.00 0.00 0.00 0.00 0.00 0.00 0.00 0.00 0.00 0.00 0.00 0.00 0.00 0.00 0.00 0.00 0.00 0.00 0.00 0.00 0.00 0.00 0.00 0.00 0.00 0.00 0.00 0.00 0.00 0.00 0.00 0.00 0.00 0.00 0.00 0.00 0.00 0.00 0.00 0.00 0.00 0.00 0.00 0.00 0.00 0.00 0.00 0.00 0.00 0.00 0.00 0.00 0.00 0.00 0.00 0.00 0.00 0.00 0.00 0.00 0.00 0.00 0.00 0.00 0.00 0.00 0.00 0.00 0.00 0.00 0.00 0.00 0.00 0.00 0.00 0.00 0.00 0.00 0.00 0.00 0.00 0.00 0.00 0.00 0.00 0.00 0.00 0.00 0.00 0.00 0.00 0.00 0.00 0.00 0.00 0.00 0.00 0.00 0.00 0.00 0.00 0.00 0.00 0.00 0.00 0.00 0.00 0.00 0.00 0.00 0.00 0.00 0.00 0.00 0.00 0.00 0.00 0.00 0.00 0.00 0.00 0.00 0.00 0.00 0.00 0.00 0.00 0.00 0.00 0.00 0.00 0.00 0.00 0.00 0.00 0.00 0.00 0.00 0.00 0.00 0.00 0.00 0.00 0.00 0.00 0.00 0.00 0.00 0.00 0.00 0.00 0.00 0.00 0.00 0.00 0.00 0.00 0.00 0.00 0.00 0.00 0.00 0.00 0.00 0.00 0.00 0.00 0.00 0.00 0.00 0.00 0.00 0.00 0.00 0.00 0.00 0.00 0.00 0.00 0.00 0.00 0.00 0.00 0.00 0.00 0.00 0.00 0.00 0.00 0.00 0.00 0.00 0.00 0.00 0.00 0.00 0.00 0.00 0.00 0.00 0.00 0.00 0.00 0.00 0.00 0.00 0.00 0.00 0.00 0.00 0.00 0.00 0.00 0.00 0.00 0.00 0.00 0.00 0.00 0.00 0.00 0.00 0.00 0.00 0.00 0.00 0.00 0.00 0.00 0.00 0.00 0.00 0.00 0.00 0.00 0.00 0.00 0.00 0.00 0.00 0.00 0.00 0.00 0.00 0.00 0.00 0.00 0.00 0.00 0.00 0.00 0.00 0.00 0.00 0.00 0.00 0.00 0.00 0.00 0.00 0.00 0.00 0.00 0.00 0.00 0.00 0.00 0.00 0.00 0.00 0.00 0.00 0.00 0.00 0.00 0.00 0.00 0.00 0.00 0.00 0.00 0.00 0.00 0.00 0.00 0.00 0.00 0.00 0.00 0.00 0.00 0.00 0.00 0.00 0.00 0.00 0.00 0.00 0.00 0.00 0.00 0.00 0.00 0.00 0.00 0.00 0.00 0.00 0.00 0.00 0.00 0.00 0.00 0.00 0.00 0.00 0.00 0.00 0.00 0.00 0.00 0.00 0.00 0.00 0.00 0.00 0.00 0.00 0.00 0.00 0.00 0.00 0.00 0.00 0.00 0.00 0.00 0.00 0.00 0.00 0.00 0.00 0.00 0.00 0.00 0.00 0.00 0.00 0.00 0.00 0.00 0.00 0.00 0.00 0.00 0.00 0.00 0.00 0.00 0.00 0.00 0.00 0.00 0.00 0.00 0.00 0.00 0.00 0.00 0.00 0.00 0.00 0.00 0.00 0.00 0.00 0.00 0.00 0.00 0.00 0.00 0.00 0.00 0.00 0.00 0.00 0.00 0.00 0.00 0.00 0.00 0.00 0.00 0.00 0.00 0.00 0.00 0.00 0.00 0.00 0.00 0.00 0.00 0.00 0.00 0.00 0.00 0.00 0.00 0.00 0.00 0.00 0.00 0.00 0.00 0.00 0.00 0.00 0.00 0.00 0.00 0.00 0.00 0.00 0.00 0.00 0.00 0.00 0.00 0.00 0.00 0.00 0.00 0.00 0.00 0.00 0.00 0.00 0.00 0.00 0.00 0.00 0.00 0.00 0.00 0.00 0.00 0.00 0.00 0.00 0.00 0.00 0.00 0.00 0.00 0.00 0.00 0.00 0.00 0.00 0.00 0.00 0.00 0.00 0.00 0.00 0.00 0.00 0.00 0.00 0.00 0.00 0.00 0.00 0.00 0.00 0.00 0.00 0.00 0.00 0.00 0.00 0.00 0.00 0.00 0.00 0.00 0.00 0.00 0.00 0.00 0.00 0.00 0.00 0.00 0.00 0.00 0.00 0.00 0.00 0.00 0.00 0.00 0.00 0.00 0.00 0.00 0.00 0.00 0.00 0.00 0.00 0.00 0.00 0.00 0.00 0.00 0.00 0.00 0.00 0.00 0.00 0.00 0.00 0.00 0.00 0.00 0.00 0.00 0.00 0.00 0.00 0.00 0.00 0.00 0.00 0.00 0.00 0.00 0.00 0.00 0.00 0.00 0.00 0.00 0.00 0.00 0.00 0.00 0.00 0.00 0.00 0.00 0.00 0.00 0.00 0.00 0.00 0.00 0.00 0.00 0.00 0.00 0.00 0.00 0.00 0.00 0.00 0.00 0.00 0.00 0.00 0.00 0.00 0.00 0.00 0.00 0.00 0.00 0.00 0.00 0.00 0.00 0.00 0.00 0.00 0.00 0.00 0.00 0.00 0.00 0.00 0.00 0.00 0.00 0.00 0.00 0.00 0.00 0.00 0.00 0.00 0.00 0.00 0.00 0.00 0.00 0.00 0.00 0.00 0.00 0.00 0.00 0.00 0.00 0.00 0.00 0.00 0.00 0.00 0.00 0.00 0.00 0.00 0.00 0.00 0.00 0.00 0.00 0.00 0.00 0.00 0.00 0.00 0.00 0.00 0.00 0.00 0.00 0.00 0.00 0.00 0.00 0.00 0.00 0.00 0.00 0.00 0.00 0.00 0.00 0.00 0.00 0.00 0.00 0.00 0.00 0.00 0.00 0.00 0.00 0.00 0.00 0.00 0.00 0.00 0.00 0.00
height.size=984
height.data=19977.77 19977.77 19977.77 19977.77 19977.77 19977.77 19977.77 19977.77 19977.77 19977.77 19977.77 19977.77 20008.96 20008.96 20008.96 20008.96 20008.96 20008.96 20008.96 20008.96 20008.96 20008.96 20008.96 20008.96 20040.16 20040.16 20040.16 20040.16 20040.16 20040.16 20040.16 20040.16 20040.16 20040.16 20040.16 20040.16 20071.36 20071.36 20071.36 20071.36 20071.36 20071.36 20071.36 20071.36 20071.36 20071.36 20071.36 20071.36 20102.58 20102.58 20102.58 20102.58 20102.58 20102.58 20102.58 20102.58 20102.58 20102.58 20102.58 20102.58 20133.79 20133.79 20133.79 20133.79 20133.79 20133.79 20133.79 20133.79 20133.79 20133.79 20133.79 20133.79 20165.02 20165.02 20165.02 20165.02 20165.02 20165.02 20165.02 20165.02 20165.02 20165.02 20165.02 20165.02 20196.26 20196.26 20196.26 20196.26 20196.26 20196.26 20196.26 20196.26 20196.26 20196.26 20196.26 20196.26 20227.50 20227.50 20227.50 20227.50 20227.50 20227.50 20227.50 20227.50 20227.50 20227.50 20227.50 20227.50 20258.75 20258.75 20258.75 20258.75 20258.75 20258.75 20258.75 20258.75 20258.75 20258.75 20258.75 20258.75 20290.00 20290.00 20290.00 20290.00 20290.00 20290.00 20290.00 20290.00 20290.00 20290.00 20290.00 20290.00 20321.26 20321.26 20321.26 20321.26 20321.26 20321.26 20321.26 20321.26 20321.26 20321.26 20321.26 20321.26 20352.53 20352.53 20352.53 20352.53 20352.53 20352.53 20352.53 20352.53 20352.53 20352.53 20352.53 20352.53 20383.81 20383.81 20383.81 20383.81 20383.81 20383.81 20383.81 20383.81 20383.81 20383.81 20383.81 20383.81 20415.10 20415.10 20415.10 20415.10 20415.10 20415.10 20415.10 20415.10 20415.10 20415.10 20415.10 20415.10 20446.39 20446.39 20446.39 20446.39 20446.39 20446.39 20446.39 20446.39 20446.39 20446.39 20446.39 20446.39 20477.69 20477.69 20477.69 20477.69 20477.69 20477.69 20477.69 20477.69 20477.69 20477.69 20477.69 20477.69 20508.99 20508.99 20508.99 20508.99 20508.99 20508.99 20508.99 20508.99 20508.99 20508.99 20508.99 20508.99 20540.31 20540.31 20540.31 20540.31 20540.31 20540.31 20540.31 20540.31 20540.31 20540.31 20540.31 20540.31 20571.63 20571.63 20571.63 20571.63 20571.63 20571.63 20571.63 20571.63 20571.63 20571.63 20571.63 20571.63 20602.95 20602.95 20602.95 20602.95 20602.95 20602.95 20602.95 20602.95 20602.95 20602.95 20602.95 20602.95 20634.29 20634.29 20634.29 20634.29 20634.29 20634.29 20634.29 20634.29 20634.29 20634.29 20634.29 20634.29 20665.63 20665.63 20665.63 20665.63 20665.63 20665.63 20665.63 20665.63 20665.63 20665.63 20665.63 20665.63 20696.98 20696.98 20696.98 20696.98 20696.98 20696.98 20696.98 20696.98 20696.98 20696.98 20696.98 20696.98 20728.34 20728.34 20728.34 20728.34 20728.34 20728.34 20728.34 20728.34 20728.34 20728.34 20728.34 20728.34 20759.70 20759.70 20759.70 20759.70 20759.70 20759.70 20759.70 20759.70 20759.70 20759.70 20759.70 20759.70 20791.07 20791.07 20791.07 20791.07 20791.07 20791.07 20791.07 20791.07 20791.07 20791.07 20791.07 20791.07 20822.45 20822.45 20822.45 20822.45 20822.45 20822.45 20822.45 20822.45 20822.45 20822.45 20822.45 20822.45 20853.84 20853.84 20853.84 20853.84 20853.84 20853.84 20853.84 20853.84 20853.84 20853.84 20853.84 20853.84 20885.23 20885.23 20885.23 20885.23 20885.23 20885.23 20885.23 20885.23 20885.23 20885.23 20885.23 20885.23 20916.63 20916.63 20916.63 20916.63 20916.63 20916.63 20916.63 20916.63 20916.63 20916.63 20916.63 20916.63 20948.04 20948.04 20948.04 20948.04 20948.04 20948.04 20948.04 20948.04 20948.04 20948.04 20948.04 20948.04 20979.45 20979.45 20979.45 20979.45 20979.45 20979.45 20979.45 20979.45 20979.45 20979.45 20979.45 20979.45 21010.87 21010.87 21010.87 21010.87 21010.87 21010.87 21010.87 21010.87 21010.87 21010.87 21010.87 21010.87 21042.30 21042.30 21042.30 21042.30 21042.30 21042.30 21042.30 21042.30 21042.30 21042.30 21042.30 21042.30 21073.74 21073.74 21073.74 21073.74 21073.74 21073.74 21073.74 21073.74 21073.74 21073.74 21073.74 21073.74 21105.18 21105.18 21105.18 21105.18 21105.18 21105.18 21105.18 21105.18 21105.18 21105.18 21105.18 21105.18 21136.63 21136.63 21136.63 21136.63 21136.63 21136.63 21136.63 21136.63 21136.63 21136.63 21136.63 21136.63 21168.09 21168.09 21168.09 21168.09 21168.09 21168.09 21168.09 21168.09 21168.09 21168.09 21168.09 21168.09 21199.56 21199.56 21199.56 21199.56 21199.56 21199.56 21199.56 21199.56 21199.56 21199.56 21199.56 21199.56 21231.03 21231.03 21231.03 21231.03 21231.03 21231.03 21231.03 21231.03 21231.03 21231.03 21231.03 21231.03 21262.51 21262.51 21262.51 21262.51 21262.51 21262.51 21262.51 21262.51 21262.51 21262.51 21262.51 21262.51 21293.99 21293.99 21293.99 21293.99 21293.99 21293.99 21293.99 21293.99 21293.99 21293.99 21293.99 21293.99 21325.49 21325.49 21325.49 21325.49 21325.49 21325.49 21325.49 21325.49 21325.49 21325.49 21325.49 21325.49 21356.99 21356.99 21356.99 21356.99 21356.99 21356.99 21356.99 21356.99 21356.99 21356.99 21356.99 21356.99 21388.50 21388.50 21388.50 21388.50 21388.50 21388.50 21388.50 21388.50 21388.50 21388.50 21388.50 21388.50 21420.01 21420.01 21420.01 21420.01 21420.01 21420.01 21420.01 21420.01 21420.01 21420.01 21420.01 21420.01 21451.54 21451.54 21451.54 21451.54 21451.54 21451.54 21451.54 21451.54 21451.54 21451.54 21451.54 21451.54 21483.07 21483.07 21483.07 21483.07 21483.07 21483.07 21483.07 21483.07 21483.07 21483.07 21483.07 21483.07 21514.60 21514.60 21514.60 21514.60 21514.60 21514.60 21514.60 21514.60 21514.60 21514.60 21514.60 21514.60 21546.15 21546.15 21546.15 21546.15 21546.15 21546.15 21546.15 21546.15 21546.15 21546.15 21546.15 21546.15 21577.70 21577.70 21577.70 21577.70 21577.70 21577.70 21577.70 21577.70 21577.70 21577.70 21577.70 21577.70 21609.26 21609.26 21609.26 21609.26 21609.26 21609.26 21609.26 21609.26 21609.26 21609.26 21609.26 21609.26 21640.83 21640.83 21640.83 21640.83 21640.83 21640.83 21640.83 21640.83 21640.83 21640.83 21640.83 21640.83 21672.40 21672.40 21672.40 21672.40 21672.40 21672.40 21672.40 21672.40 21672.40 21672.40 21672.40 21672.40 21703.98 21703.98 21703.98 21703.98 21703.98 21703.98 21703.98 21703.98 21703.98 21703.98 21703.98 21703.98 21735.57 21735.57 21735.57 21735.57 21735.57 21735.57 21735.57 21735.57 21735.57 21735.57 21735.57 21735.57 21767.16 21767.16 21767.16 21767.16 21767.16 21767.16 21767.16 21767.16 21767.16 21767.16 21767.16 21767.16 21798.77 21798.77 21798.77 21798.77 21798.77 21798.77 21798.77 21798.77 21798.77 21798.77 21798.77 21798.77 21830.38 21830.38 21830.38 21830.38 21830.38 21830.38 21830.38 21830.38 21830.38 21830.38 21830.38 21830.38 21861.99 21861.99 21861.99 21861.99 21861.99 21861.99 21861.99 21861.99 21861.99 21861.99 21861.99 21861.99 21893.62 21893.62 21893.62 21893.62 21893.62 21893.62 21893.62 21893.62 21893.62 21893.62 21893.62 21893.62 21925.25 21925.25 21925.25 21925.25 21925.25 21925.25 21925.25 21925.25 21925.25 21925.25 21925.25 21925.25 21956.89 21956.89 21956.89 21956.89 21956.89 21956.89 21956.89 21956.89 21956.89 21956.89 21956.89 21956.89 21988.53 21988.53 21988.53 21988.53 21988.53 21988.53 21988.53 21988.53 21988.53 21988.53 21988.53 21988.53 22020.18 22020.18 22020.18 22020.18 22020.18 22020.18 22020.18 22020.18 22020.18 22020.18 22020.18 22020.18 22051.84 22051.84 22051.84 22051.84 22051.84 22051.84 22051.84 22051.84 22051.84 22051.84 22051.84 22051.84 22083.51 22083.51 22083.51 22083.51 22083.51 22083.51 22083.51 22083.51 22083.51 22083.51 22083.51 22083.51 22115.19 22115.19 22115.19 22115.19 22115.19 22115.19 22115.19 22115.19 22115.19 22115.19 22115.19 22115.19 22146.87 22146.87 22146.87 22146.87 22146.87 22146.87 22146.87 22146.87 22146.87 22146.87 22146.87 22146.87 22178.56 22178.56 22178.56 22178.56 22178.56 22178.56 22178.56 22178.56 22178.56 22178.56 22178.56 22178.56 22210.25 22210.25 22210.25 22210.25 22210.25 22210.25 22210.25 22210.25 22210.25 22210.25 22210.25 22210.25 22241.96 22241.96 22241.96 22241.96 22241.96 22241.96 22241.96 22241.96 22241.96 22241.96 22241.96 22241.96 22273.67 22273.67 22273.67 22273.67 22273.67 22273.67 22273.67 22273.67 22273.67 22273.67 22273.67 22273.67 22305.38 22305.38 22305.38 22305.38 22305.38 22305.38 22305.38 22305.38 22305.38 22305.38 22305.38 22305.38 22337.11 22337.11 22337.11 22337.11 22337.11 22337.11 22337.11 22337.11 22337.11 22337.11 22337.11 22337.11 22368.84 22368.84 22368.84 22368.84 22368.84 22368.84 22368.84 22368.84 22368.84 22368.84 22368.84 22368.84 22400.58 22400.58 22400.58 22400.58 22400.58 22400.58 22400.58 22400.58 22400.58 22400.58 22400.58 22400.58 22432.33 22432.33 22432.33 22432.33 22432.33 22432.33 22432.33 22432.33 22432.33 22432.33 22432.33 22432.33 22464.08 22464.08 22464.08 22464.08 22464.08 22464.08 22464.08 22464.08 22464.08 22464.08 22464.08 22464.08 22495.84 22495.84 22495.84 22495.84 22495.84 22495.84 22495.84 22495.84 22495.84 22495.84 22495.84 22495.84 22527.61 22527.61 22527.61 22527.61 22527.61 22527.61 22527.61 22527.61 22527.61 22527.61 22527.61 22527.61
=== END RADAR_SCAN ===

=== BEGIN RADAR_SCAN ===
scan.index=12
scan.time=188.670000
radar.id=0
radar.frequency=C
radar.scanning_mode=PPI
radar.x=0.000
radar.y=0.000
radar.z=25.000
radar.maximum_range=250000.000
radar.range_resolution=250.000
radar.angular_resolution=1.000000
box.radar_id=0
box.min_range_gate=694.000
box.max_range_gate=775.000
box.min_angle=95.000000
box.max_angle=107.000000
box.num_ranges=82
box.num_angles=12
box.range_resolution=250.000
box.angular_resolution=1.000000
box.other_angle=2.800000
grid.size=984
grid.data=0.00 0.00 0.00 0.00 0.00 0.00 0.00 0.00 0.00 0.00 0.00 0.00 0.00 0.00 0.00 0.00 0.00 0.00 -1.08 0.00 0.00 0.00 0.00 0.00 0.00 0.00 0.00 0.00 0.00 0.00 -0.72 0.00 0.00 0.00 0.00 0.00 0.00 0.00 0.00 0.00 0.00 0.90 -0.17 0.00 0.00 0.00 0.00 0.00 0.00 0.00 0.00 0.00 0.00 -0.90 0.45 0.04 0.00 0.00 0.00 0.00 0.00 0.00 0.00 0.00 0.00 1.41 -0.03 0.69 0.00 0.00 0.00 0.00 0.00 0.00 0.00 0.00 0.00 -1.56 1.24 -0.27 0.00 0.00 0.00 0.00 0.00 0.00 0.00 0.00 0.00 -0.18 -0.34 -0.11 0.00 0.00 0.00 0.00 0.00 0.00 0.00 0.00 0.00 0.22 -0.33 -0.62 0.00 0.00 0.00 0.00 0.00 0.00 0.00 0.00 2.28 0.26 -0.56 -1.21 0.00 0.00 0.00 0.00 0.00 0.00 0.00 0.00 0.07 0.40 -0.31 0.01 0.00 0.00 0.00 0.00 0.00 0.00 0.00 0.00 -1.66 0.71 -0.57 -0.32 -0.64 0.00 0.00 0.00 0.00 0.00 0.00 0.00 -0.58 -0.08 -0.60 1.46 -0.11 0.00 0.00 0.00 0.00 0.00 0.00 0.00 0.22 -0.80 -0.10 -1.29 -1.02 0.00 0.00 0.00 0.00 0.00 0.00 0.00 -0.03 0.54 -0.12 0.33 0.10 0.00 0.00 0.00 0.00 0.00 0.00 0.00 -0.46 0.07 -0.37 -0.80 -0.13 0.00 0.00 0.00 0.00 0.00 0.00 0.00 -0.37 1.33 -0.09 -0.56 -0.44 0.00 0.00 0.00 0.00 0.00 0.00 0.00 0.47 0.56 0.23 -0.18 0.47 0.00 0.00 0.00 0.00 0.00 0.00 0.00 0.17 -0.12 -0.72 0.55 -0.68 0.00 0.00 0.00 0.00 0.00 0.00 0.00 0.36 -0.29 -0.20 -0.77 0.18 0.00 0.00 0.00 0.00 0.00 0.00 0.00 0.21 0.40 0.16 0.48 0.08 0.00 0.00 0.00 0.00 0.00 0.00 0.00 0.51 -0.04 -0.90 1.49 1.11 0.00 0.00 0.00 0.00 0.00 0.00 0.00 0.55 1.22 1.03 0.53 0.10 0.00 0.00 0.00 0.00 0.00 0.00 0.00 -0.14 0.46 0.60 1.67 -1.02 0.00 0.00 0.00 0.00 0.00 0.00 0.00 0.21 -1.37 -0.99 -0.01 0.56 0.00 0.00 0.00 0.00 0.00 0.00 0.00 -1.79 0.26 0.34 -0.28 0.01 0.00 0.00 0.00 0.00 0.00 0.00 -1.32 0.94 -0.10 1.41 -0.12 0.60 0.00 0.00 0.00 0.00 0.00 0.00 -0.78 0.23 -1.23 -0.85 0.49 1.44 0.00 0.00 0.00 0.00 0.00 0.00 1.03 -0.99 -1.52 -0.24 1.38 0.20 0.00 0.00 0.00 0.00 0.00 0.00 -0.49 0.43 -0.80 -0.80 -0.49 -0.87 0.00 0.00 0.00 0.00 0.00 0.00 0.84 0.10 0.62 -0.67 0.17 -1.01 0.00 0.00 0.00 0.00 0.00 0.00 -0.44 -1.14 0.05 0.01 -1.74 -0.05 0.00 0.00 0.00 0.00 0.00 0.00 -0.36 0.92 -0.83 0.35 -1.82 0.87 0.00 0.00 0.00 0.00 0.00 0.00 -1.73 0.28 -0.22 1.06 0.29 -0.36 0.00 0.00 0.00 0.00 0.00 0.00 0.18 0.64 0.99 0.45 -0.55 0.67 -0.38 0.00 0.00 0.00 0.00 0.00 0.81 0.39 0.81 -1.61 -0.04 -0.58 0.78 0.00 0.00 0.00 0.00 0.00 0.28 0.71 -0.50 -0.62 0.07 0.08 0.37 0.00 0.00 0.00 0.00 0.00 -0.06 0.13 0.71 -1.02 -0.17 -0.92 -0.01 0.00 0.00 0.00 0.00 0.00 1.32 1.69 -1.15 0.73 -0.14 -0.09 0.16 0.00 0.00 0.00 0.00 0.00 0.44 0.33 0.11 0.51 1.48 0.42 -0.85 0.00 0.00 0.00 0.00 0.00 1.00 -0.36 -0.56 1.19 0.31 0.30 0.39 0.00 0.00 0.00 0.00 0.00 -0.70 -0.28 -0.05 0.11 -0.94 -0.35 -0.13 0.00 0.00 0.00 0.00 0.00 -1.41 -0.55 0.40 0.35 -0.31 -0.30 -0.88 0.00 0.00 0.00 0.00 0.00 -0.65 -1.56 -0.39 -1.55 -0.38 -0.03 0.62 0.00 0.00 0.00 0.00 0.00 -1.37 0.41 -1.02 -0.68 -1.19 -0.47 0.96 0.00 0.00 0.00 0.00 0.00 -0.57 0.03 0.37 1.49 -0.14 0.26 0.41 0.00 0.00 0.00 0.00 0.00 -0.36 -0.32 -0.26 0.50 0.15 0.99 -1.11 0.00 0.00 0.00 0.00 0.00 -0.82 0.95 0.23 0.18 0.82 -1.20 0.00 0.00 0.00 0.00 0.00 0.00 0.31 0.47 0.70 0.32 -0.11 -0.01 0.00 0.00 0.00 0.00 0.00 0.00 1.36 2.19 -0.06 -0.29 0.88 1.38 0.00 0.00 0.00 0.00 0.00 0.00 0.83 0.45 -0.74 0.96 0.37 0.93 0.00 0.00 0.00 0.00 0.00 0.00 -0.66 -0.72 1.77 -0.67 1.05 0.48 0.00 0.00 0.00 0.00 0.00 0.00 -0.74 1.49 0.41 -1.74 1.52 0.52 0.00 0.00 0.00 0.00 0.00 0.00 -1.22 -0.30 -0.21 -0.44 0.92 -0.37 0.00 0.00 0.00 0.00 0.00 0.00 -0.19 1.01 -0.07 -0.49 0.66 1.02 0.00 0.00 0.00 0.00 0.00 0.00 0.00 1.09 0.28 0.70 1.00 -0.41 0.00 0.00 0.00 0.00 0.00 0.00 0.00 1.01 1.71 -0.60 0.73 -0.21 0.00 0.00 0.00 0.00 0.00 0.00 0.00 0.51 1.23 0.46 0.77 -0.36 0.00 0.00 0.00 0.00 0.00 0.00 0.00 -0.72 0.77 2.03 0.89 0.42 0.00 0.00 0.00 0.00 0.00 0.00 0.00 0.14 -0.37 -0.03 -0.80 -0.15 0.00 0.00 0.00 0.00 0.00 0.00 0.00 0.07 0.04 0.80 -0.61 0.20 0.00 0.00 0.00 0.00 0.00 0.00 0.00 -0.76 0.78 -0.47 -0.80 -0.35 0.00 0.00 0.00 0.00 0.00 0.00 0.00 -1.34 0.04 1.50 -0.24 -0.67 0.00 0.00 0.00 0.00 0.00 0.00 0.00 0.84 -0.04 1.20 0.38 0.83 0.00 0.00 0.00 0.00 0.00 0.00 0.00 0.05 0.13 -0.03 0.70 1.07 0.00 0.00 0.00 0.00 0.00 0.00 0.00 0.38 0.38 0.22 -0.87 -0.06 0.00 0.00 0.00 0.00 0.00 0.00 0.00 -0.74 -1.54 -0.10 0.50 0.75 0.00 0.00 0.00 0.00 0.00 0.00 0.00 0.32 -0.15 -0.16 -0.63 0.20 0.00 0.00 0.00 0.00 0.00 0.00 0.00 0.40 -1.16 0.80 -0.09 -0.39 0.00 0.00 0.00 0.00 0.00 0.00 0.00 1.16 -0.20 -0.26 0.67 -0.14 0.00 0.00 0.00 0.00 0.00 0.00 0.00 -1.47 -0.50 0.60 0.58 -0.21 0.00 0.00 0.00 0.00 0.00 0.00 0.00 -0.80 -0.44 0.04 -0.05 0.00 0.00 0.00 0.00 0.00 0.00 0.00 0.00 0.85 0.60 1.16 -0.34 0.00 0.00 0.00 0.00 0.00 0.00 0.00 0.00 0.00 0.13 -0.21 0.03 0.00 0.00 0.00 0.00 0.00 0.00 0.00 0.00 0.00 0.12 -0.62 0.20 0.00 0.00 0.00 0.00 0.00 0.00 0.00 0.00 0.00 0.93 -0.33 0.53 0.00 0.00 0.00 0.00 0.00 0.00 0.00 0.00 0.00 -0.31 0.20 0.44 0.00 0.00 0.00 0.00 0.00 0.00 0.00 0.00 0.00 0.25 -2.20 -0.37 0.00 0.00 0.00 0.00 0.00 0.00 0.00 0.00 0.00 -0.90 -0.70 -0.64 0.00 0.00 0.00 0.00 0.00 0.00 0.00 0.00 0.00 0.58 0.13 0.00 0.00 0.00 0.00 0.00 0.00 0.00 0.00 0.00 0.00 0.00 -0.86 0.00 0.00 0.00 0.00 0.00 0.00 0.00 0.00 0.00 0.00 0.00 0.25 0.00 0.00 0.00 0.00 0.00
rain_type.data=0 0 0 0 0 0 0 0 0 0 0 0 0 0 0 0 0 0 1 0 0 0 0 0 0 0 0 0 0 0 1 0 0 0 0 0 0 0 0 0 0 1 1 0 0 0 0 0 0 0 0 0 0 1 1 1 0 0 0 0 0 0 0 0 0 1 1 1 0 0 0 0 0 0 0 0 0 1 1 1 0 0 0 0 0 0 0 0 0 1 1 1 0 0 0 0 0 0 0 0 0 1 1 1 0 0 0 0 0 0 0 0 1 1 1 1 0 0 0 0 0 0 0 0 1 1 1 1 0 0 0 0 0 0 0 0 1 1 1 1 1 0 0 0 0 0 0 0 1 1 1 1 1 0 0 0 0 0 0 0 1 1 1 1 1 0 0 0 0 0 0 0 1 1 1 1 1 0 0 0 0 0 0 0 1 1 1 1 1 0 0 0 0 0 0 0 1 1 1 1 1 0 0 0 0 0 0 0 1 1 1 1 1 0 0 0 0 0 0 0 1 1 1 1 1 0 0 0 0 0 0 0 2 1 1 1 1 0 0 0 0 0 0 0 2 2 1 1 1 0 0 0 0 0 0 0 2 2 1 1 1 0 0 0 0 0 0 0 2 2 1 1 1 0 0 0 0 0 0 0 2 2 1 1 1 0 0 0 0 0 0 0 2 2 1 1 1 0 0 0 0 0 0 0 2 2 1 1 1 0 0 0 0 0 0 1 2 2 1 1 1 0 0 0 0 0 0 1 2 2 1 1 1 0 0 0 0 0 0 2 2 2 1 1 1 0 0 0 0 0 0 2 2 2 1 1 1 0 0 0 0 0 0 2 2 2 1 1 1 0 0 0 0 0 0 2 2 2 1 1 1 0 0 0 0 0 0 2 2 2 1 1 1 0 0 0 0 0 0 2 2 2 1 1 1 0 0 0 0 0 0 2 2 2 1 1 1 1 0 0 0 0 0 2 2 2 1 1 1 1 0 0 0 0 0 2 2 2 1 1 1 1 0 0 0 0 0 2 2 2 1 1 1 1 0 0 0 0 0 2 2 2 1 1 1 1 0 0 0 0 0 2 2 2 1 1 1 1 0 0 0 0 0 2 2 2 1 1 1 1 0 0 0 0 0 2 2 2 1 1 1 1 0 0 0 0 0 2 2 2 1 1 1 1 0 0 0 0 0 2 2 2 1 1 1 1 0 0 0 0 0 2 2 2 1 1 1 1 0 0 0 0 0 2 2 2 1 1 1 1 0 0 0 0 0 2 2 2 1 1 1 1 0 0 0 0 0 2 2 2 1 1 1 0 0 0 0 0 0 1 2 2 1 1 1 0 0 0 0 0 0 1 2 2 1 1 1 0 0 0 0 0 0 1 2 2 1 1 1 0 0 0 0 0 0 1 2 2 1 1 1 0 0 0 0 0 0 1 2 2 1 1 1 0 0 0 0 0 0 1 2 2 1 1 1 0 0 0 0 0 0 1 2 2 1 1 1 0 0 0 0 0 0 0 2 2 1 1 1 0 0 0 0 0 0 0 2 1 1 1 1 0 0 0 0 0 0 0 2 1 1 1 1 0 0 0 0 0 0 0 1 1 1 1 1 0 0 0 0 0 0 0 1 1 1 1 1 0 0 0 0 0 0 0 1 1 1 1 1 0 0 0 0 0 0 0 1 1 1 1 1 0 0 0 0 0 0 0 1 1 1 1 1 0 0 0 0 0 0 0 1 1 1 1 1 0 0 0 0 0 0 0 1 1 1 1 1 0 0 0 0 0 0 0 1 1 1 1 1 0 0 0 0 0 0 0 1 1 1 1 1 0 0 0 0 0 0 0 1 1 1 1 1 0 0 0 0 0 0 0 1 1 1 1 1 0 0 0 0 0 0 0 1 1 1 1 1 0 0 0 0 0 0 0 1 1 1 1 1 0 0 0 0 0 0 0 1 1 1 1 0 0 0 0 0 0 0 0 1 1 1 1 0 0 0 0 0 0 0 0 0 1 1 1 0 0 0 0 0 0 0 0 0 1 1 1 0 0 0 0 0 0 0 0 0 1 1 1 0 0 0 0 0 0 0 0 0 1 1 1 0 0 0 0 0 0 0 0 0 1 1 1 0 0 0 0 0 0 0 0 0 1 1 1 0 0 0 0 0 0 0 0 0 1 1 0 0 0 0 0 0 0 0 0 0 0 1 0 0 0 0 0 0 0 0 0 0 0 1 0 0 0 0 0
estimated_attenuation.size=984
estimated_attenuation.data=0.00 0.00 0.00 0.00 0.00 0.00 0.00 0.00 0.00 0.00 0.00 0.00 0.00 0.00 0.00 0.00 0.00 0.00 0.00 0.00 0.00 0.00 0.00 0.00 0.00 0.00 0.00 0.00 0.00 0.00 0.00 0.00 0.00 0.00 0.00 0.00 0.00 0.00 0.00 0.00 0.00 0.00 0.00 0.00 0.00 0.00 0.00 0.00 0.00 0.00 0.00 0.00 0.00 0.00 0.00 0.00 0.00 0.00 0.00 0.00 0.00 0.00 0.00 0.00 0.00 0.00 0.00 0.00 0.00 0.00 0.00 0.00 0.00 0.00 0.00 0.00 0.00 0.00 0.00 0.00 0.00 0.00 0.00 0.00 0.00 0.00 0.00 0.00 0.00 0.00 0.00 0.00 0.00 0.00 0.00 0.00 0.00 0.00 0.00 0.00 0.00 0.00 0.00 0.00 0.00 0.00 0.00 0.00 0.00 0.00 0.00 0.00 0.00 0.00 0.00 0.00 0.00 0.00 0.00 0.00 0.00 0.00 0.00 0.00 0.00 0.00 0.00 0.00 0.00 0.00 0.00 0.00 0.00 0.00 0.00 0.00 0.00 0.00 0.00 0.00 0.00 0.00 0.00 0.00 0.00 0.00 0.00 0.00 0.00 0.00 0.00 0.00 0.00 0.00 0.00 0.00 0.00 0.00 0.00 0.00 0.00 0.00 0.00 0.00 0.00 0.00 0.00 0.00 0.00 0.00 0.00 0.00 0.00 0.00 0.00 0.00 0.00 0.00 0.00 0.00 0.00 0.00 0.00 0.00 0.00 0.00 0.00 0.00 0.00 0.00 0.00 0.00 0.00 0.00 0.00 0.00 0.00 0.00 0.00 0.00 0.00 0.00 0.00 0.00 0.00 0.00 0.00 0.00 0.00 0.00 0.00 0.00 0.00 0.00 0.00 0.00 0.00 0.00 0.00 0.00 0.00 0.00 0.00 0.00 0.00 0.00 0.00 0.00 0.00 0.00 0.00 0.00 0.00 0.00 0.00 0.00 0.00 0.00 0.00 0.00 0.00 0.00 0.00 0.00 0.00 0.00 0.00 0.00 0.00 0.00 0.00 0.00 0.00 0.00 0.00 0.00 0.00 0.00 0.00 0.00 0.00 0.00 0.00 0.00 0.00 0.00 0.00 0.00 0.00 0.00 0.00 0.00 0.00 0.00 0.00 0.00 0.00 0.00 0.00 0.00 0.00 0.00 0.00 0.00 0.00 0.00 0.00 0.00 0.00 0.00 0.00 0.00 0.00 0.00 0.00 0.00 0.00 0.00 0.00 0.00 0.00 0.00 0.00 0.00 0.00 0.00 0.00 0.00 0.00 0.00 0.00 0.00 0.00 0.00 0.00 0.00 0.00 0.00 0.00 0.00 0.00 0.00 0.00 0.00 0.00 0.00 0.00 0.00 0.00 0.00 0.00 0.00 0.00 0.00 0.00 0.00 0.00 0.00 0.00 0.00 0.00 0.00 0.00 0.00 0.00 0.00 0.00 0.00 0.00 0.00 0.00 0.00 0.00 0.00 0.00 0.00 0.00 0.00 0.00 0.00 0.00 0.00 0.00 0.00 0.00 0.00 0.00 0.00 0.00 0.00 0.00 0.00 0.00 0.00 0.00 0.00 0.00 0.00 0.00 0.00 0.00 0.00 0.00 0.00 0.00 0.00 0.00 0.00 0.00 0.00 0.00 0.00 0.00 0.00 0.00 0.00 0.00 0.00 0.00 0.00 0.00 0.00 0.00 0.00 0.00 0.00 0.00 0.00 0.00 0.00 0.00 0.00 0.00 0.00 0.00 0.00 0.00 0.00 0.00 0.00 0.00 0.00 0.00 0.00 0.00 0.00 0.00 0.00 0.00 0.00 0.00 0.00 0.00 0.00 0.00 0.00 0.00 0.00 0.00 0.00 0.00 0.00 0.00 0.00 0.00 0.00 0.00 0.00 0.00 0.00 0.00 0.00 0.00 0.00 0.00 0.00 0.00 0.00 0.00 0.00 0.00 0.00 0.00 0.00 0.00 0.00 0.00 0.00 0.00 0.00 0.00 0.00 0.00 0.00 0.00 0.00 0.00 0.00 0.00 0.00 0.00 0.00 0.00 0.00 0.00 0.00 0.00 0.00 0.00 0.00 0.00 0.00 0.00 0.00 0.00 0.00 0.00 0.00 0.00 0.00 0.00 0.00 0.00 0.00 0.00 0.00 0.00 0.00 0.00 0.00 0.00 0.00 0.00 0.00 0.00 0.00 0.00 0.00 0.00 0.00 0.00 0.00 0.00 0.00 0.00 0.00 0.00 0.00 0.00 0.00 0.00 0.00 0.00 0.00 0.00 0.00 0.00 0.00 0.00 0.00 0.00 0.00 0.00 0.00 0.00 0.00 0.00 0.00 0.00 0.00 0.00 0.00 0.00 0.00 0.00 0.00 0.00 0.00 0.00 0.00 0.00 0.00 0.00 0.00 0.00 0.00 0.00 0.00 0.00 0.00 0.00 0.00 0.00 0.00 0.00 0.00 0.00 0.00 0.00 0.00 0.00 0.00 0.00 0.00 0.00 0.00 0.00 0.00 0.00 0.00 0.00 0.00 0.00 0.00 0.00 0.00 0.00 0.00 0.00 0.00 0.00 0.00 0.00 0.00 0.00 0.00 0.00 0.00 0.00 0.00 0.00 0.00 0.00 0.00 0.00 0.00 0.00 0.00 0.00 0.00 0.00 0.00 0.00 0.00 0.00 0.00 0.00 0.00 0.00 0.00 0.00 0.00 0.00 0.00 0.00 0.00 0.00 0.00 0.00 0.00 0.00 0.00 0.00 0.00 0.00 0.00 0.00 0.00 0.00 0.00 0.00 0.00 0.00 0.00 0.00 0.00 0.00 0.00 0.00 0.00 0.00 0.00 0.00 0.00 0.00 0.00 0.00 0.00 0.00 0.00 0.00 0.00 0.00 0.00 0.00 0.00 0.00 0.00 0.00 0.00 0.00 0.00 0.00 0.00 0.00 0.00 0.00 0.00 0.00 0.00 0.00 0.00 0.00 0.00 0.00 0.00 0.00 0.00 0.00 0.00 0.00 0.00 0.00 0.00 0.00 0.00 0.00 0.00 0.00 0.00 0.00 0.00 0.00 0.00 0.00 0.00 0.00 0.00 0.00 0.00 0.00 0.00 0.00 0.00 0.00 0.00 0.00 0.00 0.00 0.00 0.00 0.00 0.00 0.00 0.00 0.00 0.00 0.00 0.00 0.00 0.00 0.00 0.00 0.00 0.00 0.00 0.00 0.00 0.00 0.00 0.00 0.00 0.00 0.00 0.00 0.00 0.00 0.00 0.00 0.00 0.00 0.00 0.00 0.00 0.00 0.00 0.00 0.00 0.00 0.00 0.00 0.00 0.00 0.00 0.00 0.00 0.00 0.00 0.00 0.00 0.00 0.00 0.00 0.00 0.00 0.00 0.00 0.00 0.00 0.00 0.00 0.00 0.00 0.00 0.00 0.00 0.00 0.00 0.00 0.00 0.00 0.00 0.00 0.00 0.00 0.00 0.00 0.00 0.00 0.00 0.00 0.00 0.00 0.00 0.00 0.00 0.00 0.00 0.00 0.00 0.00 0.00 0.00 0.00 0.00 0.00 0.00 0.00 0.00 0.00 0.00 0.00 0.00 0.00 0.00 0.00 0.00 0.00 0.00 0.00 0.00 0.00 0.00 0.00 0.00 0.00 0.00 0.00 0.00 0.00 0.00 0.00 0.00 0.00 0.00 0.00 0.00 0.00 0.00 0.00 0.00 0.00 0.00 0.00 0.00 0.00 0.00 0.00 0.00 0.00 0.00 0.00 0.00 0.00 0.00 0.00 0.00 0.00 0.00 0.00 0.00 0.00 0.00 0.00 0.00 0.00 0.00 0.00 0.00 0.00 0.00 0.00 0.00 0.00 0.00 0.00 0.00 0.00 0.00 0.00 0.00 0.00 0.00 0.00 0.00 0.00 0.00 0.00 0.00 0.00 0.00 0.00 0.00 0.00 0.00 0.00 0.00 0.00 0.00 0.00 0.00 0.00 0.00 0.00 0.00 0.00 0.00 0.00 0.00 0.00 0.00 0.00 0.00 0.00 0.00 0.00 0.00 0.00 0.00 0.00 0.00 0.00 0.00 0.00 0.00 0.00 0.00 0.00 0.00 0.00 0.00 0.00 0.00 0.00 0.00 0.00 0.00 0.00 0.00 0.00 0.00 0.00 0.00 0.00 0.00 0.00 0.00 0.00 0.00 0.00 0.00 0.00 0.00 0.00 0.00 0.00 0.00 0.00 0.00 0.00 0.00 0.00 0.00 0.00
height.size=984
height.data=10241.09 10241.09 10241.09 10241.09 10241.09 10241.09 10241.09 10241.09 10241.09 10241.09 10241.09 10241.09 10258.39 10258.39 10258.39 10258.39 10258.39 10258.39 10258.39 10258.39 10258.39 10258.39 10258.39 10258.39 10275.70 10275.70 10275.70 10275.70 10275.70 10275.70 10275.70 10275.70 10275.70 10275.70 10275.70 10275.70 10293.01 10293.01 10293.01 10293.01 10293.01 10293.01 10293.01 10293.01 10293.01 10293.01 10293.01 10293.01 10310.34 10310.34 10310.34 10310.34 10310.34 10310.34 10310.34 10310.34 10310.34 10310.34 10310.34 10310.34 10327.67 10327.67 10327.67 10327.67 10327.67 10327.67 10327.67 10327.67 10327.67 10327.67 10327.67 10327.67 10345.01 10345.01 10345.01 10345.01 10345.01 10345.01 10345.01 10345.01 10345.01 10345.01 10345.01 10345.01 10362.35 10362.35 10362.35 10362.35 10362.35 10362.35 10362.35 10362.35 10362.35 10362.35 10362.35 10362.35 10379.70 10379.70 10379.70 10379.70 10379.70 10379.70 10379.70 10379.70 10379.70 10379.70 10379.70 10379.70 10397.06 10397.06 10397.06 10397.06 10397.06 10397.06 10397.06 10397.06 10397.06 10397.06 10397.06 10397.06 10414.43 10414.43 10414.43 10414.43 10414.43 10414.43 10414.43 10414.43 10414.43 10414.43 10414.43 10414.43 10431.80 10431.80 10431.80 10431.80 10431.80 10431.80 10431.80 10431.80 10431.80 10431.80 10431.80 10431.80 10449.19 10449.19 10449.19 10449.19 10449.19 10449.19 10449.19 10449.19 10449.19 10449.19 10449.19 10449.19 10466.58 10466.58 10466.58 10466.58 10466.58 10466.58 10466.58 10466.58 10466.58 10466.58 10466.58 10466.58 10483.97 10483.97 10483.97 10483.97 10483.97 10483.97 10483.97 10483.97 10483.97 10483.97 10483.97 10483.97 10501.38 10501.38 10501.38 10501.38 10501.38 10501.38 10501.38 10501.38 10501.38 10501.38 10501.38 10501.38 10518.79 10518.79 10518.79 10518.79 10518.79 10518.79 10518.79 10518.79 10518.79 10518.79 10518.79 10518.79 10536.21 10536.21 10536.21 10536.21 10536.21 10536.21 10536.21 10536.21 10536.21 10536.21 10536.21 10536.21 10553.63 10553.63 10553.63 10553.63 10553.63 10553.63 10553.63 10553.63 10553.63 10553.63 10553.63 10553.63 10571.06 10571.06 10571.06 10571.06 10571.06 10571.06 10571.06 10571.06 10571.06 10571.06 10571.06 10571.06 10588.50 10588.50 10588.50 10588.50 10588.50 10588.50 10588.50 10588.50 10588.50 10588.50 10588.50 10588.50 10605.95 10605.95 10605.95 10605.95 10605.95 10605.95 10605.95 10605.95 10605.95 10605.95 10605.95 10605.95 10623.41 10623.41 10623.41 10623.41 10623.41 10623.41 10623.41 10623.41 10623.41 10623.41 10623.41 10623.41 10640.87 10640.87 10640.87 10640.87 10640.87 10640.87 10640.87 10640.87 10640.87 10640.87 10640.87 10640.87 10658.34 10658.34 10658.34 10658.34 10658.34 10658.34 10658.34 10658.34 10658.34 10658.34 10658.34 10658.34 10675.82 10675.82 10675.82 10675.82 10675.82 10675.82 10675.82 10675.82 10675.82 10675.82 10675.82 10675.82 10693.30 10693.30 10693.30 10693.30 10693.30 10693.30 10693.30 10693.30 10693.30 10693.30 10693.30 10693.30 10710.79 10710.79 10710.79 10710.79 10710.79 10710.79 10710.79 10710.79 10710.79 10710.79 10710.79 10710.79 10728.29 10728.29 10728.29 10728.29 10728.29 10728.29 10728.29 10728.29 10728.29 10728.29 10728.29 10728.29 10745.80 10745.80 10745.80 10745.80 10745.80 10745.80 10745.80 10745.80 10745.80 10745.80 10745.80 10745.80 10763.31 10763.31 10763.31 10763.31 10763.31 10763.31 10763.31 10763.31 10763.31 10763.31 10763.31 10763.31 10780.83 10780.83 10780.83 10780.83 10780.83 10780.83 10780.83 10780.83 10780.83 10780.83 10780.83 10780.83 10798.36 10798.36 10798.36 10798.36 10798.36 10798.36 10798.36 10798.36 10798.36 10798.36 10798.36 10798.36 10815.89 10815.89 10815.89 10815.89 10815.89 10815.89 10815.89 10815.89 10815.89 10815.89 10815.89 10815.89 10833.44 10833.44 10833.44 10833.44 10833.44 10833.44 10833.44 10833.44 10833.44 10833.44 10833.44 10833.44 10850.99 10850.99 10850.99 10850.99 10850.99 10850.99 10850.99 10850.99 10850.99 10850.99 10850.99 10850.99 10868.54 10868.54 10868.54 10868.54 10868.54 10868.54 10868.54 10868.54 10868.54 10868.54 10868.54 10868.54 10886.11 10886.11 10886.11 10886.11 10886.11 10886.11 10886.11 10886.11 10886.11 10886.11 10886.11 10886.11 10903.68 10903.68 10903.68 10903.68 10903.68 10903.68 10903.68 10903.68 10903.68 10903.68 10903.68 10903.68 10921.26 10921.26 10921.26 10921.26 10921.26 10921.26 10921.26 10921.26 10921.26 10921.26 10921.26 10921.26 10938.85 10938.85 10938.85 10938.85 10938.85 10938.85 10938.85 10938.85 10938.85 10938.85 10938.85 10938.85 10956.44 10956.44 10956.44 10956.44 10956.44 10956.44 10956.44 10956.44 10956.44 10956.44 10956.44 10956.44 10974.04 10974.04 10974.04 10974.04 10974.04 10974.04 10974.04 10974.04 10974.04 10974.04 10974.04 10974.04 10991.65 10991.65 10991.65 10991.65 10991.65 10991.65 10991.65 10991.65 10991.65 10991.65 10991.65 10991.65 11009.27 11009.27 11009.27 11009.27 11009.27 11009.27 11009.27 11009.27 11009.27 11009.27 11009.27 11009.27 11026.89 11026.89 11026.89 11026.89 11026.89 11026.89 11026.89 11026.89 11026.89 11026.89 11026.89 11026.89 11044.52 11044.52 11044.52 11044.52 11044.52 11044.52 11044.52 11044.52 11044.52 11044.52 11044.52 11044.52 11062.16 11062.16 11062.16 11062.16 11062.16 11062.16 11062.16 11062.16 11062.16 11062.16 11062.16 11062.16 11079.80 11079.80 11079.80 11079.80 11079.80 11079.80 11079.80 11079.80 11079.80 11079.80 11079.80 11079.80 11097.45 11097.45 11097.45 11097.45 11097.45 11097.45 11097.45 11097.45 11097.45 11097.45 11097.45 11097.45 11115.11 11115.11 11115.11 11115.11 11115.11 11115.11 11115.11 11115.11 11115.11 11115.11 11115.11 11115.11 11132.78 11132.78 11132.78 11132.78 11132.78 11132.78 11132.78 11132.78 11132.78 11132.78 11132.78 11132.78 11150.46 11150.46 11150.46 11150.46 11150.46 11150.46 11150.46 11150.46 11150.46 11150.46 11150.46 11150.46 11168.14 11168.14 11168.14 11168.14 11168.14 11168.14 11168.14 11168.14 11168.14 11168.14 11168.14 11168.14 11185.83 11185.83 11185.83 11185.83 11185.83 11185.83 11185.83 11185.83 11185.83 11185.83 11185.83 11185.83 11203.52 11203.52 11203.52 11203.52 11203.52 11203.52 11203.52 11203.52 11203.52 11203.52 11203.52 11203.52 11221.23 11221.23 11221.23 11221.23 11221.23 11221.23 11221.23 11221.23 11221.23 11221.23 11221.23 11221.23 11238.94 11238.94 11238.94 11238.94 11238.94 11238.94 11238.94 11238.94 11238.94 11238.94 11238.94 11238.94 11256.65 11256.65 11256.65 11256.65 11256.65 11256.65 11256.65 11256.65 11256.65 11256.65 11256.65 11256.65 11274.38 11274.38 11274.38 11274.38 11274.38 11274.38 11274.38 11274.38 11274.38 11274.38 11274.38 11274.38 11292.11 11292.11 11292.11 11292.11 11292.11 11292.11 11292.11 11292.11 11292.11 11292.11 11292.11 11292.11 11309.85 11309.85 11309.85 11309.85 11309.85 11309.85 11309.85 11309.85 11309.85 11309.85 11309.85 11309.85 11327.60 11327.60 11327.60 11327.60 11327.60 11327.60 11327.60 11327.60 11327.60 11327.60 11327.60 11327.60 11345.35 11345.35 11345.35 11345.35 11345.35 11345.35 11345.35 11345.35 11345.35 11345.35 11345.35 11345.35 11363.12 11363.12 11363.12 11363.12 11363.12 11363.12 11363.12 11363.12 11363.12 11363.12 11363.12 11363.12 11380.89 11380.89 11380.89 11380.89 11380.89 11380.89 11380.89 11380.89 11380.89 11380.89 11380.89 11380.89 11398.66 11398.66 11398.66 11398.66 11398.66 11398.66 11398.66 11398.66 11398.66 11398.66 11398.66 11398.66 11416.45 11416.45 11416.45 11416.45 11416.45 11416.45 11416.45 11416.45 11416.45 11416.45 11416.45 11416.45 11434.24 11434.24 11434.24 11434.24 11434.24 11434.24 11434.24 11434.24 11434.24 11434.24 11434.24 11434.24 11452.04 11452.04 11452.04 11452.04 11452.04 11452.04 11452.04 11452.04 11452.04 11452.04 11452.04 11452.04 11469.84 11469.84 11469.84 11469.84 11469.84 11469.84 11469.84 11469.84 11469.84 11469.84 11469.84 11469.84 11487.66 11487.66 11487.66 11487.66 11487.66 11487.66 11487.66 11487.66 11487.66 11487.66 11487.66 11487.66 11505.48 11505.48 11505.48 11505.48 11505.48 11505.48 11505.48 11505.48 11505.48 11505.48 11505.48 11505.48 11523.30 11523.30 11523.30 11523.30 11523.30 11523.30 11523.30 11523.30 11523.30 11523.30 11523.30 11523.30 11541.14 11541.14 11541.14 11541.14 11541.14 11541.14 11541.14 11541.14 11541.14 11541.14 11541.14 11541.14 11558.98 11558.98 11558.98 11558.98 11558.98 11558.98 11558.98 11558.98 11558.98 11558.98 11558.98 11558.98 11576.83 11576.83 11576.83 11576.83 11576.83 11576.83 11576.83 11576.83 11576.83 11576.83 11576.83 11576.83 11594.69 11594.69 11594.69 11594.69 11594.69 11594.69 11594.69 11594.69 11594.69 11594.69 11594.69 11594.69 11612.55 11612.55 11612.55 11612.55 11612.55 11612.55 11612.55 11612.55 11612.55 11612.55 11612.55 11612.55 11630.42 11630.42 11630.42 11630.42 11630.42 11630.42 11630.42 11630.42 11630.42 11630.42 11630.42 11630.42 11648.30 11648.30 11648.30 11648.30 11648.30 11648.30 11648.30 11648.30 11648.30 11648.30 11648.30 11648.30 11666.19 11666.19 11666.19 11666.19 11666.19 11666.19 11666.19 11666.19 11666.19 11666.19 11666.19 11666.19
=== END RADAR_SCAN ===

=== BEGIN RADAR_SCAN ===
scan.index=13
scan.time=189.000000
radar.id=0
radar.frequency=C
radar.scanning_mode=PPI
radar.x=0.000
radar.y=0.000
radar.z=25.000
radar.maximum_range=250000.000
radar.range_resolution=250.000
radar.angular_resolution=1.000000
box.radar_id=0
box.min_range_gate=693.000
box.max_range_gate=774.000
box.min_angle=95.000000
box.max_angle=107.000000
box.num_ranges=82
box.num_angles=12
box.range_resolution=250.000
box.angular_resolution=1.000000
box.other_angle=1.200000
grid.size=984
grid.data=0.00 0.00 0.00 0.00 0.00 0.00 0.00 0.00 0.00 0.00 0.00 0.00 0.00 0.00 0.00 0.00 0.00 0.00 25.84 0.00 0.00 0.00 0.00 0.00 0.00 0.00 0.00 0.00 0.00 0.00 26.98 0.00 0.00 0.00 0.00 0.00 0.00 0.00 0.00 0.00 0.00 21.30 23.26 0.00 0.00 0.00 0.00 0.00 0.00 0.00 0.00 0.00 0.00 25.12 23.75 26.46 0.00 0.00 0.00 0.00 0.00 0.00 0.00 0.00 0.00 21.54 27.05 25.14 0.00 0.00 0.00 0.00 0.00 0.00 0.00 0.00 0.00 24.13 23.61 25.06 0.00 0.00 0.00 0.00 0.00 0.00 0.00 0.00 0.00 23.46 22.64 24.98 0.00 0.00 0.00 0.00 0.00 0.00 0.00 0.00 0.00 24.56 23.88 20.44 0.00 0.00 0.00 0.00 0.00 0.00 0.00 0.00 20.95 24.45 21.40 24.17 0.00 0.00 0.00 0.00 0.00 0.00 0.00 0.00 23.03 21.50 23.81 20.45 0.00 0.00 0.00 0.00 0.00 0.00 0.00 0.00 22.49 22.21 21.02 25.34 23.01 0.00 0.00 0.00 0.00 0.00 0.00 0.00 22.13 21.70 20.55 20.21 25.64 0.00 0.00 0.00 0.00 0.00 0.00 0.00 23.69 21.24 23.41 19.40 23.29 0.00 0.00 0.00 0.00 0.00 0.00 0.00 21.48 24.04 23.27 25.60 25.36 0.00 0.00 0.00 0.00 0.00 0.00 0.00 23.78 20.29 20.24 22.25 24.71 0.00 0.00 0.00 0.00 0.00 0.00 0.00 25.20 21.91 23.03 24.21 23.28 0.00 0.00 0.00 0.00 0.00 0.00 0.00 22.89 20.40 21.65 23.10 23.71 0.00 0.00 0.00 0.00 0.00 0.00 0.00 24.93 24.41 23.24 22.38 22.86 0.00 0.00 0.00 0.00 0.00 0.00 0.00 26.41 22.99 22.88 23.66 21.99 0.00 0.00 0.00 0.00 0.00 0.00 0.00 24.00 22.16 22.99 22.57 22.55 0.00 0.00 0.00 0.00 0.00 0.00 0.00 29.48 26.91 23.61 20.99 20.90 0.00 0.00 0.00 0.00 0.00 0.00 0.00 29.15 27.80 23.17 19.45 21.29 0.00 0.00 0.00 0.00 0.00 0.00 0.00 25.63 27.28 20.91 27.29 18.76 0.00 0.00 0.00 0.00 0.00 0.00 0.00 23.78 23.97 22.29 21.37 23.58 0.00 0.00 0.00 0.00 0.00 0.00 22.12 25.82 24.68 22.67 17.82 18.29 0.00 0.00 0.00 0.00 0.00 0.00 19.59 23.34 21.46 21.19 20.86 25.34 0.00 0.00 0.00 0.00 0.00 0.00 25.12 24.58 24.40 18.28 22.57 23.53 0.00 0.00 0.00 0.00 0.00 0.00 24.03 26.47 24.10 23.55 22.15 18.93 0.00 0.00 0.00 0.00 0.00 0.00 28.62 30.47 28.35 21.56 19.68 20.42 0.00 0.00 0.00 0.00 0.00 0.00 21.53 23.44 24.94 22.92 23.56 25.18 0.00 0.00 0.00 0.00 0.00 0.00 26.07 26.68 24.09 20.39 23.72 21.91 0.00 0.00 0.00 0.00 0.00 0.00 24.57 25.88 28.87 19.91 21.58 20.11 0.00 0.00 0.00 0.00 0.00 0.00 27.60 27.00 24.15 23.09 22.79 19.49 0.00 0.00 0.00 0.00 0.00 0.00 25.72 26.42 22.69 22.55 20.11 19.98 0.00 0.00 0.00 0.00 0.00 0.00 23.37 26.64 26.77 20.25 22.65 16.97 0.00 0.00 0.00 0.00 0.00 0.00 25.38 25.05 23.60 16.79 22.18 20.15 20.41 0.00 0.00 0.00 0.00 0.00 23.08 25.01 25.40 19.84 18.43 20.59 17.23 0.00 0.00 0.00 0.00 0.00 24.88 24.78 23.03 20.00 21.89 18.35 18.88 0.00 0.00 0.00 0.00 0.00 25.27 25.00 25.00 20.05 16.19 21.50 20.12 0.00 0.00 0.00 0.00 0.00 21.65 22.34 28.86 20.16 20.99 20.18 19.36 0.00 0.00 0.00 0.00 0.00 24.94 27.42 23.88 20.56 18.17 21.65 23.76 0.00 0.00 0.00 0.00 0.00 24.31 25.76 26.54 20.99 17.00 17.46 19.10 0.00 0.00 0.00 0.00 0.00 28.31 26.27 25.73 19.79 19.44 19.98 17.70 0.00 0.00 0.00 0.00 0.00 24.13 26.47 24.59 18.47 20.20 17.83 22.06 0.00 0.00 0.00 0.00 0.00 26.85 24.34 24.32 17.71 18.99 16.56 0.00 0.00 0.00 0.00 0.00 0.00 24.60 24.85 23.37 19.42 18.63 18.54 0.00 0.00 0.00 0.00 0.00 0.00 22.36 26.59 24.39 18.00 17.25 16.83 0.00 0.00 0.00 0.00 0.00 0.00 19.93 24.09 23.11 16.08 18.93 17.47 0.00 0.00 0.00 0.00 0.00 0.00 20.59 23.35 23.08 19.87 17.89 21.23 0.00 0.00 0.00 0.00 0.00 0.00 20.46 24.96 24.23 16.99 21.44 19.25 0.00 0.00 0.00 0.00 0.00 0.00 17.25 24.64 24.19 19.72 18.09 14.44 0.00 0.00 0.00 0.00 0.00 0.00 17.19 25.01 22.29 20.34 16.89 20.39 0.00 0.00 0.00 0.00 0.00 0.00 17.47 21.33 24.81 18.71 19.74 17.71 0.00 0.00 0.00 0.00 0.00 0.00 18.24 23.36 21.34 17.14 20.28 15.47 0.00 0.00 0.00 0.00 0.00 0.00 15.66 23.82 23.75 18.21 19.62 16.09 0.00 0.00 0.00 0.00 0.00 0.00 0.00 25.45 17.60 16.64 19.06 15.97 0.00 0.00 0.00 0.00 0.00 0.00 0.00 18.84 17.36 17.52 15.72 18.74 0.00 0.00 0.00 0.00 0.00 0.00 0.00 15.32 18.58 18.09 17.86 18.14 0.00 0.00 0.00 0.00 0.00 0.00 0.00 15.62 19.18 19.21 17.03 16.82 0.00 0.00 0.00 0.00 0.00 0.00 0.00 17.70 16.52 16.64 19.98 15.51 0.00 0.00 0.00 0.00 0.00 0.00 0.00 16.87 18.74 15.43 17.29 18.33 0.00 0.00 0.00 0.00 0.00 0.00 0.00 16.97 17.80 16.45 16.41 17.62 0.00 0.00 0.00 0.00 0.00 0.00 0.00 16.67 15.07 16.99 18.63 19.33 0.00 0.00 0.00 0.00 0.00 0.00 0.00 17.09 15.99 18.36 16.59 18.69 0.00 0.00 0.00 0.00 0.00 0.00 0.00 14.90 17.30 17.36 15.94 19.32 0.00 0.00 0.00 0.00 0.00 0.00 0.00 18.42 17.13 16.28 17.29 15.90 0.00 0.00 0.00 0.00 0.00 0.00 0.00 16.63 16.65 18.98 17.81 18.40 0.00 0.00 0.00 0.00 0.00 0.00 0.00 15.54 16.23 16.86 16.98 15.00 0.00 0.00 0.00 0.00 0.00 0.00 0.00 18.74 15.93 14.25 18.11 15.41 0.00 0.00 0.00 0.00 0.00 0.00 0.00 14.80 15.08 14.77 15.37 0.00 0.00 0.00 0.00 0.00 0.00 0.00 0.00 18.60 17.63 14.82 13.85 0.00 0.00 0.00 0.00 0.00 0.00 0.00 0.00 14.39 17.03 17.30 13.59 0.00 0.00 0.00 0.00 0.00 0.00 0.00 0.00 0.00 15.36 14.21 16.46 0.00 0.00 0.00 0.00 0.00 0.00 0.00 0.00 0.00 16.84 15.23 15.06 0.00 0.00 0.00 0.00 0.00 0.00 0.00 0.00 0.00 14.86 16.93 16.07 0.00 0.00 0.00 0.00 0.00 0.00 0.00 0.00 0.00 14.30 17.22 15.14 0.00 0.00 0.00 0.00 0.00 0.00 0.00 0.00 0.00 13.88 14.17 14.21 0.00 0.00 0.00 0.00 0.00 0.00 0.00 0.00 0.00 14.43 16.78 18.04 0.00 0.00 0.00 0.00 0.00 0.00 0.00 0.00 0.00 14.96 17.60 0.00 0.00 0.00 0.00 0.00 0.00 0.00 0.00 0.00 0.00 0.00 16.46 0.00 0.00 0.00 0.00 0.00 0.00 0.00 0.00 0.00 0.00 0.00 0.00 0.00 0.00 0.00 0.00 0.00
rain_type.data=0 0 0 0 0 0 0 0 0 0 0 0 0 0 0 0 0 0 1 0 0 0 0 0 0 0 0 0 0 0 1 0 0 0 0 0 0 0 0 0 0 1 1 0 0 0 0 0 0 0 0 0 0 1 1 1 0 0 0 0 0 0 0 0 0 1 1 1 0 0 0 0 0 0 0 0 0 1 1 1 0 0 0 0 0 0 0 0 0 1 1 1 0 0 0 0 0 0 0 0 0 1 1 1 0 0 0 0 0 0 0 0 1 1 1 1 0 0 0 0 0 0 0 0 1 1 1 1 0 0 0 0 0 0 0 0 1 1 1 1 1 0 0 0 0 0 0 0 1 1 1 1 1 0 0 0 0 0 0 0 1 1 1 1 1 0 0 0 0 0 0 0 1 1 1 1 1 0 0 0 0 0 0 0 1 1 1 1 1 0 0 0 0 0 0 0 1 1 1 1 1 0 0 0 0 0 0 0 1 1 1 1 1 0 0 0 0 0 0 0 2 1 1 1 1 0 0 0 0 0 0 0 2 1 1 1 1 0 0 0 0 0 0 0 2 2 1 1 1 0 0 0 0 0 0 0 2 2 1 1 1 0 0 0 0 0 0 0 2 2 1 1 1 0 0 0 0 0 0 0 2 2 1 1 1 0 0 0 0 0 0 0 2 2 1 1 1 0 0 0 0 0 0 1 2 2 1 1 1 0 0 0 0 0 0 1 2 2 1 1 1 0 0 0 0 0 0 2 2 2 1 1 1 0 0 0 0 0 0 2 2 2 1 1 1 0 0 0 0 0 0 2 2 2 1 1 1 0 0 0 0 0 0 2 2 2 1 1 1 0 0 0 0 0 0 2 2 2 1 1 1 0 0 0 0 0 0 2 2 2 1 1 1 0 0 0 0 0 0 2 2 2 1 1 1 0 0 0 0 0 0 2 2 2 1 1 1 0 0 0 0 0 0 2 2 2 1 1 1 0 0 0 0 0 0 2 2 2 1 1 1 1 0 0 0 0 0 2 2 2 1 1 1 1 0 0 0 0 0 2 2 2 1 1 1 1 0 0 0 0 0 2 2 2 1 1 1 1 0 0 0 0 0 2 2 2 1 1 1 1 0 0 0 0 0 2 2 2 1 1 1 1 0 0 0 0 0 2 2 2 1 1 1 1 0 0 0 0 0 2 2 2 1 1 1 1 0 0 0 0 0 2 2 2 1 1 1 1 0 0 0 0 0 2 2 2 1 1 1 0 0 0 0 0 0 2 2 2 1 1 1 0 0 0 0 0 0 2 2 2 1 1 1 0 0 0 0 0 0 1 2 2 1 1 1 0 0 0 0 0 0 1 2 2 1 1 1 0 0 0 0 0 0 1 2 2 1 1 1 0 0 0 0 0 0 1 2 2 1 1 1 0 0 0 0 0 0 1 2 2 1 1 1 0 0 0 0 0 0 1 2 2 1 1 1 0 0 0 0 0 0 1 2 2 1 1 1 0 0 0 0 0 0 1 2 2 1 1 1 0 0 0 0 0 0 0 2 1 1 1 1 0 0 0 0 0 0 0 1 1 1 1 1 0 0 0 0 0 0 0 1 1 1 1 1 0 0 0 0 0 0 0 1 1 1 1 1 0 0 0 0 0 0 0 1 1 1 1 1 0 0 0 0 0 0 0 1 1 1 1 1 0 0 0 0 0 0 0 1 1 1 1 1 0 0 0 0 0 0 0 1 1 1 1 1 0 0 0 0 0 0 0 1 1 1 1 1 0 0 0 0 0 0 0 1 1 1 1 1 0 0 0 0 0 0 0 1 1 1 1 1 0 0 0 0 0 0 0 1 1 1 1 1 0 0 0 0 0 0 0 1 1 1 1 1 0 0 0 0 0 0 0 1 1 1 1 1 0 0 0 0 0 0 0 1 1 1 1 0 0 0 0 0 0 0 0 1 1 1 1 0 0 0 0 0 0 0 0 1 1 1 1 0 0 0 0 0 0 0 0 0 1 1 1 0 0 0 0 0 0 0 0 0 1 1 1 0 0 0 0 0 0 0 0 0 1 1 1 0 0 0 0 0 0 0 0 0 1 1 1 0 0 0 0 0 0 0 0 0 1 1 1 0 0 0 0 0 0 0 0 0 1 1 1 0 0 0 0 0 0 0 0 0 1 1 0 0 0 0 0 0 0 0 0 0 0 1 0 0 0 0 0 0 0 0 0 0 0 0 0 0 0 0 0
estimated_attenuation.size=984
estimated_attenuation.data=0.00 0.00 0.00 0.00 0.00 0.00 0.00 0.00 0.00 0.00 0.00 0.00 0.00 0.00 0.00 0.00 0.00 0.00 0.00 0.00 0.00 0.00 0.00 0.00 0.00 0.00 0.00 0.00 0.00 0.00 0.00 0.00 0.00 0.00 0.00 0.00 0.00 0.00 0.00 0.00 0.00 0.00 0.00 0.00 0.00 0.00 0.00 0.00 0.00 0.00 0.00 0.00 0.00 0.00 0.00 0.00 0.00 0.00 0.00 0.00 0.00 0.00 0.00 0.00 0.00 0.00 0.00 0.00 0.00 0.00 0.00 0.00 0.00 0.00 0.00 0.00 0.00 0.00 0.00 0.00 0.00 0.00 0.00 0.00 0.00 0.00 0.00 0.00 0.00 0.00 0.00 0.00 0.00 0.00 0.00 0.00 0.00 0.00 0.00 0.00 0.00 0.00 0.00 0.00 0.00 0.00 0.00 0.00 0.00 0.00 0.00 0.00 0.00 0.00 0.00 0.00 0.00 0.00 0.00 0.00 0.00 0.00 0.00 0.00 0.00 0.00 0.00 0.00 0.00 0.00 0.00 0.00 0.00 0.00 0.00 0.00 0.00 0.00 0.00 0.00 0.00 0.00 0.00 0.00 0.00 0.00 0.00 0.00 0.00 0.00 0.00 0.00 0.00 0.00 0.00 0.00 0.00 0.00 0.00 0.00 0.00 0.00 0.00 0.00 0.00 0.00 0.00 0.00 0.00 0.00 0.00 0.00 0.00 0.00 0.00 0.00 0.00 0.00 0.00 0.00 0.00 0.00 0.00 0.00 0.00 0.00 0.00 0.00 0.00 0.00 0.00 0.00 0.00 0.00 0.00 0.00 0.00 0.00 0.00 0.00 0.00 0.00 0.00 0.00 0.00 0.00 0.00 0.00 0.00 0.00 0.00 0.00 0.00 0.00 0.00 0.00 0.00 0.00 0.00 0.00 0.00 0.00 0.00 0.00 0.00 0.00 0.00 0.00 0.00 0.00 0.00 0.00 0.00 0.00 0.00 0.00 0.00 0.00 0.00 0.00 0.00 0.00 0.00 0.00 0.00 0.00 0.00 0.00 0.00 0.00 0.00 0.00 0.00 0.00 0.00 0.00 0.00 0.00 0.00 0.00 0.00 0.00 0.00 0.00 0.00 0.00 0.00 0.00 0.00 0.00 0.00 0.00 0.00 0.00 0.00 0.00 0.00 0.00 0.00 0.00 0.00 0.00 0.00 0.00 0.00 0.00 0.00 0.00 0.00 0.00 0.00 0.00 0.00 0.00 0.00 0.00 0.00 0.00 0.00 0.00 0.00 0.00 0.00 0.00 0.00 0.00 0.00 0.00 0.00 0.00 0.00 0.00 0.00 0.00 0.00 0.00 0.00 0.00 0.00 0.00 0.00 0.00 0.00 0.00 0.00 0.00 0.00 0.00 0.00 0.00 0.00 0.00 0.00 0.00 0.00 0.00 0.00 0.00 0.00 0.00 0.00 0.00 0.00 0.00 0.00 0.00 0.00 0.00 0.00 0.00 0.00 0.00 0.00 0.00 0.00 0.00 0.00 0.00 0.00 0.00 0.00 0.00 0.00 0.00 0.00 0.00 0.00 0.00 0.00 0.00 0.00 0.00 0.00 0.00 0.00 0.00 0.00 0.00 0.00 0.00 0.00 0.00 0.00 0.00 0.00 0.00 0.00 0.00 0.00 0.00 0.00 0.00 0.00 0.00 0.00 0.00 0.00 0.00 0.00 0.00 0.00 0.00 0.00 0.00 0.00 0.00 0.00 0.00 0.00 0.00 0.00 0.00 0.00 0.00 0.00 0.00 0.00 0.00 0.00 0.00 0.00 0.00 0.00 0.00 0.00 0.00 0.00 0.00 0.00 0.00 0.00 0.00 0.00 0.00 0.00 0.00 0.00 0.00 0.00 0.00 0.00 0.00 0.00 0.00 0.00 0.00 0.00 0.00 0.00 0.00 0.00 0.00 0.00 0.00 0.00 0.00 0.00 0.00 0.00 0.00 0.00 0.00 0.00 0.00 0.00 0.00 0.00 0.00 0.00 0.00 0.00 0.00 0.00 0.00 0.00 0.00 0.00 0.00 0.00 0.00 0.00 0.00 0.00 0.00 0.00 0.00 0.00 0.00 0.00 0.00 0.00 0.00 0.00 0.00 0.00 0.00 0.00 0.00 0.00 0.00 0.00 0.00 0.00 0.00 0.00 0.00 0.00 0.00 0.00 0.00 0.00 0.00 0.00 0.00 0.00 0.00 0.00 0.00 0.00 0.00 0.00 0.00 0.00 0.00 0.00 0.00 0.00 0.00 0.00 0.00 0.00 0.00 0.00 0.00 0.00 0.00 0.00 0.00 0.00 0.00 0.00 0.00 0.00 0.00 0.00 0.00 0.00 0.00 0.00 0.00 0.00 0.00 0.00 0.00 0.00 0.00 0.00 0.00 0.00 0.00 0.00 0.00 0.00 0.00 0.00 0.00 0.00 0.00 0.00 0.00 0.00 0.00 0.00 0.00 0.00 0.00 0.00 0.00 0.00 0.00 0.00 0.00 0.00 0.00 0.00 0.00 0.00 0.00 0.00 0.00 0.00 0.00 0.00 0.00 0.00 0.00 0.00 0.00 0.00 0.00 0.00 0.00 0.00 0.00 0.00 0.00 0.00 0.00 0.00 0.00 0.00 0.00 0.00 0.00 0.00 0.00 0.00 0.00 0.00 0.00 0.00 0.00 0.00 0.00 0.00 0.00 0.00 0.00 0.00 0.00 0.00 0.00 0.00 0.00 0.00 0.00 0.00 0.00 0.00 0.00 0.00 0.00 0.00 0.00 0.00 0.00 0.00 0.00 0.00 0.00 0.00 0.00 0.00 0.00 0.00 0.00 0.00 0.00 0.00 0.00 0.00 0.00 0.00 0.00 0.00 0.00 0.00 0.00 0.00 0.00 0.00 0.00 0.00 0.00 0.00 0.00 0.00 0.00 0.00 0.00 0.00 0.00 0.00 0.00 0.00 0.00 0.00 0.00 0.00 0.00 0.00 0.00 0.00 0.00 0.00 0.00 0.00 0.00 0.00 0.00 0.00 0.00 0.00 0.00 0.00 0.00 0.00 0.00 0.00 0.00 0.00 0.00 0.00 0.00 0.00 0.00 0.00 0.00 0.00 0.00 0.00 0.00 0.00 0.00 0.00 0.00 0.00 0.00 0.00 0.00 0.00 0.00 0.00 0.00 0.00 0.00 0.00 0.00 0.00 0.00 0.00 0.00 0.00 0.00 0.00 0.00 0.00 0.00 0.00 0.00 0.00 0.00 0.00 0.00 0.00 0.00 0.00 0.00 0.00 0.00 0.00 0.00 0.00 0.00 0.00 0.00 0.00 0.00 0.00 0.00 0.00 0.00 0.00 0.00 0.00 0.00 0.00 0.00 0.00 0.00 0.00 0.00 0.00 0.00 0.00 0.00 0.00 0.00 0.00 0.00 0.00 0.00 0.00 0.00 0.00 0.00 0.00 0.00 0.00 0.00 0.00 0.00 0.00 0.00 0.00 0.00 0.00 0.00 0.00 0.00 0.00 0.00 0.00 0.00 0.00 0.00 0.00 0.00 0.00 0.00 0.00 0.00 0.00 0.00 0.00 0.00 0.00 0.00 0.00 0.00 0.00 0.00 0.00 0.00 0.00 0.00 0.00 0.00 0.00 0.00 0.00 0.00 0.00 0.00 0.00 0.00 0.00 0.00 0.00 0.00 0.00 0.00 0.00 0.00 0.00 0.00 0.00 0.00 0.00 0.00 0.00 0.00 0.00 0.00 0.00 0.00 0.00 0.00 0.00 0.00 0.00 0.00 0.00 0.00 0.00 0.00 0.00 0.00 0.00 0.00 0.00 0.00 0.00 0.00 0.00 0.00 0.00 0.00 0.00 0.00 0.00 0.00 0.00 0.00 0.00 0.00 0.00 0.00 0.00 0.00 0.00 0.00 0.00 0.00 0.00 0.00 0.00 0.00 0.00 0.00 0.00 0.00 0.00 0.00 0.00 0.00 0.00 0.00 0.00 0.00 0.00 0.00 0.00 0.00 0.00 0.00 0.00 0.00 0.00 0.00 0.00 0.00 0.00 0.00 0.00 0.00 0.00 0.00 0.00 0.00 0.00 0.00 0.00 0.00 0.00 0.00 0.00 0.00 0.00 0.00 0.00 0.00 0.00 0.00 0.00 0.00 0.00 0.00 0.00 0.00 0.00 0.00 0.00 0.00 0.00 0.00 0.00 0.00 0.00 0.00 0.00 0.00 0.00 0.00 0.00 0.00 0.00 0.00 0.00 0.00 0.00 0.00 0.00 0.00
height.size=984
height.data=5393.29 5393.29 5393.29 5393.29 5393.29 5393.29 5393.29 5393.29 5393.29 5393.29 5393.29 5393.29 5403.62 5403.62 5403.62 5403.62 5403.62 5403.62 5403.62 5403.62 5403.62 5403.62 5403.62 5403.62 5413.96 5413.96 5413.96 5413.96 5413.96 5413.96 5413.96 5413.96 5413.96 5413.96 5413.96 5413.96 5424.30 5424.30 5424.30 5424.30 5424.30 5424.30 5424.30 5424.30 5424.30 5424.30 5424.30 5424.30 5434.66 5434.66 5434.66 5434.66 5434.66 5434.66 5434.66 5434.66 5434.66 5434.66 5434.66 5434.66 5445.02 5445.02 5445.02 5445.02 5445.02 5445.02 5445.02 5445.02 5445.02 5445.02 5445.02 5445.02 5455.38 5455.38 5455.38 5455.38 5455.38 5455.38 5455.38 5455.38 5455.38 5455.38 5455.38 5455.38 5465.76 5465.76 5465.76 5465.76 5465.76 5465.76 5465.76 5465.76 5465.76 5465.76 5465.76 5465.76 5476.14 5476.14 5476.14 5476.14 5476.14 5476.14 5476.14 5476.14 5476.14 5476.14 5476.14 5476.14 5486.53 5486.53 5486.53 5486.53 5486.53 5486.53 5486.53 5486.53 5486.53 5486.53 5486.53 5486.53 5496.93 5496.93 5496.93 5496.93 5496.93 5496.93 5496.93 5496.93 5496.93 5496.93 5496.93 5496.93 5507.34 5507.34 5507.34 5507.34 5507.34 5507.34 5507.34 5507.34 5507.34 5507.34 5507.34 5507.34 5517.75 5517.75 5517.75 5517.75 5517.75 5517.75 5517.75 5517.75 5517.75 5517.75 5517.75 5517.75 5528.17 5528.17 5528.17 5528.17 5528.17 5528.17 5528.17 5528.17 5528.17 5528.17 5528.17 5528.17 5538.59 5538.59 5538.59 5538.59 5538.59 5538.59 5538.59 5538.59 5538.59 5538.59 5538.59 5538.59 5549.03 5549.03 5549.03 5549.03 5549.03 5549.03 5549.03 5549.03 5549.03 5549.03 5549.03 5549.03 5559.47 5559.47 5559.47 5559.47 5559.47 5559.47 5559.47 5559.47 5559.47 5559.47 5559.47 5559.47 5569.92 5569.92 5569.92 5569.92 5569.92 5569.92 5569.92 5569.92 5569.92 5569.92 5569.92 5569.92 5580.37 5580.37 5580.37 5580.37 5580.37 5580.37 5580.37 5580.37 5580.37 5580.37 5580.37 5580.37 5590.84 5590.84 5590.84 5590.84 5590.84 5590.84 5590.84 5590.84 5590.84 5590.84 5590.84 5590.84 5601.31 5601.31 5601.31 5601.31 5601.31 5601.31 5601.31 5601.31 5601.31 5601.31 5601.31 5601.31 5611.79 5611.79 5611.79 5611.79 5611.79 5611.79 5611.79 5611.79 5611.79 5611.79 5611.79 5611.79 5622.27 5622.27 5622.27 5622.27 5622.27 5622.27 5622.27 5622.27 5622.27 5622.27 5622.27 5622.27 5632.77 5632.77 5632.77 5632.77 5632.77 5632.77 5632.77 5632.77 5632.77 5632.77 5632.77 5632.77 5643.27 5643.27 5643.27 5643.27 5643.27 5643.27 5643.27 5643.27 5643.27 5643.27 5643.27 5643.27 5653.77 5653.77 5653.77 5653.77 5653.77 5653.77 5653.77 5653.77 5653.77 5653.77 5653.77 5653.77 5664.29 5664.29 5664.29 5664.29 5664.29 5664.29 5664.29 5664.29 5664.29 5664.29 5664.29 5664.29 5674.81 5674.81 5674.81 5674.81 5674.81 5674.81 5674.81 5674.81 5674.81 5674.81 5674.81 5674.81 5685.34 5685.34 5685.34 5685.34 5685.34 5685.34 5685.34 5685.34 5685.34 5685.34 5685.34 5685.34 5695.88 5695.88 5695.88 5695.88 5695.88 5695.88 5695.88 5695.88 5695.88 5695.88 5695.88 5695.88 5706.42 5706.42 5706.42 5706.42 5706.42 5706.42 5706.42 5706.42 5706.42 5706.42 5706.42 5706.42 5716.97 5716.97 5716.97 5716.97 5716.97 5716.97 5716.97 5716.97 5716.97 5716.97 5716.97 5716.97 5727.53 5727.53 5727.53 5727.53 5727.53 5727.53 5727.53 5727.53 5727.53 5727.53 5727.53 5727.53 5738.10 5738.10 5738.10 5738.10 5738.10 5738.10 5738.10 5738.10 5738.10 5738.10 5738.10 5738.10 5748.67 5748.67 5748.67 5748.67 5748.67 5748.67 5748.67 5748.67 5748.67 5748.67 5748.67 5748.67 5759.25 5759.25 5759.25 5759.25 5759.25 5759.25 5759.25 5759.25 5759.25 5759.25 5759.25 5759.25 5769.84 5769.84 5769.84 5769.84 5769.84 5769.84 5769.84 5769.84 5769.84 5769.84 5769.84 5769.84 5780.44 5780.44 5780.44 5780.44 5780.44 5780.44 5780.44 5780.44 5780.44 5780.44 5780.44 5780.44 5791.04 5791.04 5791.04 5791.04 5791.04 5791.04 5791.04 5791.04 5791.04 5791.04 5791.04 5791.04 5801.65 5801.65 5801.65 5801.65 5801.65 5801.65 5801.65 5801.65 5801.65 5801.65 5801.65 5801.65 5812.27 5812.27 5812.27 5812.27 5812.27 5812.27 5812.27 5812.27 5812.27 5812.27 5812.27 5812.27 5822.89 5822.89 5822.89 5822.89 5822.89 5822.89 5822.89 5822.89 5822.89 5822.89 5822.89 5822.89 5833.53 5833.53 5833.53 5833.53 5833.53 5833.53 5833.53 5833.53 5833.53 5833.53 5833.53 5833.53 5844.17 5844.17 5844.17 5844.17 5844.17 5844.17 5844.17 5844.17 5844.17 5844.17 5844.17 5844.17 5854.81 5854.81 5854.81 5854.81 5854.81 5854.81 5854.81 5854.81 5854.81 5854.81 5854.81 5854.81 5865.47 5865.47 5865.47 5865.47 5865.47 5865.47 5865.47 5865.47 5865.47 5865.47 5865.47 5865.47 5876.13 5876.13 5876.13 5876.13 5876.13 5876.13 5876.13 5876.13 5876.13 5876.13 5876.13 5876.13 5886.80 5886.80 5886.80 5886.80 5886.80 5886.80 5886.80 5886.80 5886.80 5886.80 5886.80 5886.80 5897.48 5897.48 5897.48 5897.48 5897.48 5897.48 5897.48 5897.48 5897.48 5897.48 5897.48 5897.48 5908.16 5908.16 5908.16 5908.16 5908.16 5908.16 5908.16 5908.16 5908.16 5908.16 5908.16 5908.16 5918.85 5918.85 5918.85 5918.85 5918.85 5918.85 5918.85 5918.85 5918.85 5918.85 5918.85 5918.85 5929.55 5929.55 5929.55 5929.55 5929.55 5929.55 5929.55 5929.55 5929.55 5929.55 5929.55 5929.55 5940.25 5940.25 5940.25 5940.25 5940.25 5940.25 5940.25 5940.25 5940.25 5940.25 5940.25 5940.25 5950.97 5950.97 5950.97 5950.97 5950.97 5950.97 5950.97 5950.97 5950.97 5950.97 5950.97 5950.97 5961.69 5961.69 5961.69 5961.69 5961.69 5961.69 5961.69 5961.69 5961.69 5961.69 5961.69 5961.69 5972.42 5972.42 5972.42 5972.42 5972.42 5972.42 5972.42 5972.42 5972.42 5972.42 5972.42 5972.42 5983.15 5983.15 5983.15 5983.15 5983.15 5983.15 5983.15 5983.15 5983.15 5983.15 5983.15 5983.15 5993.89 5993.89 5993.89 5993.89 5993.89 5993.89 5993.89 5993.89 5993.89 5993.89 5993.89 5993.89 6004.64 6004.64 6004.64 6004.64 6004.64 6004.64 6004.64 6004.64 6004.64 6004.64 6004.64 6004.64 6015.40 6015.40 6015.40 6015.40 6015.40 6015.40 6015.40 6015.40 6015.40 6015.40 6015.40 6015.40 6026.17 6026.17 6026.17 6026.17 6026.17 6026.17 6026.17 6026.17 6026.17 6026.17 6026.17 6026.17 6036.94 6036.94 6036.94 6036.94 6036.94 6036.94 6036.94 6036.94 6036.94 6036.94 6036.94 6036.94 6047.72 6047.72 6047.72 6047.72 6047.72 6047.72 6047.72 6047.72 6047.72 6047.72 6047.72 6047.72 6058.50 6058.50 6058.50 6058.50 6058.50 6058.50 6058.50 6058.50 6058.50 6058.50 6058.50 6058.50 6069.30 6069.30 6069.30 6069.30 6069.30 6069.30 6069.30 6069.30 6069.30 6069.30 6069.30 6069.30 6080.10 6080.10 6080.10 6080.10 6080.10 6080.10 6080.10 6080.10 6080.10 6080.10 6080.10 6080.10 6090.91 6090.91 6090.91 6090.91 6090.91 6090.91 6090.91 6090.91 6090.91 6090.91 6090.91 6090.91 6101.72 6101.72 6101.72 6101.72 6101.72 6101.72 6101.72 6101.72 6101.72 6101.72 6101.72 6101.72 6112.55 6112.55 6112.55 6112.55 6112.55 6112.55 6112.55 6112.55 6112.55 6112.55 6112.55 6112.55 6123.38 6123.38 6123.38 6123.38 6123.38 6123.38 6123.38 6123.38 6123.38 6123.38 6123.38 6123.38 6134.21 6134.21 6134.21 6134.21 6134.21 6134.21 6134.21 6134.21 6134.21 6134.21 6134.21 6134.21 6145.06 6145.06 6145.06 6145.06 6145.06 6145.06 6145.06 6145.06 6145.06 6145.06 6145.06 6145.06 6155.91 6155.91 6155.91 6155.91 6155.91 6155.91 6155.91 6155.91 6155.91 6155.91 6155.91 6155.91 6166.77 6166.77 6166.77 6166.77 6166.77 6166.77 6166.77 6166.77 6166.77 6166.77 6166.77 6166.77 6177.64 6177.64 6177.64 6177.64 6177.64 6177.64 6177.64 6177.64 6177.64 6177.64 6177.64 6177.64 6188.51 6188.51 6188.51 6188.51 6188.51 6188.51 6188.51 6188.51 6188.51 6188.51 6188.51 6188.51 6199.40 6199.40 6199.40 6199.40 6199.40 6199.40 6199.40 6199.40 6199.40 6199.40 6199.40 6199.40 6210.29 6210.29 6210.29 6210.29 6210.29 6210.29 6210.29 6210.29 6210.29 6210.29 6210.29 6210.29 6221.18 6221.18 6221.18 6221.18 6221.18 6221.18 6221.18 6221.18 6221.18 6221.18 6221.18 6221.18 6232.09 6232.09 6232.09 6232.09 6232.09 6232.09 6232.09 6232.09 6232.09 6232.09 6232.09 6232.09 6243.00 6243.00 6243.00 6243.00 6243.00 6243.00 6243.00 6243.00 6243.00 6243.00 6243.00 6243.00 6253.92 6253.92 6253.92 6253.92 6253.92 6253.92 6253.92 6253.92 6253.92 6253.92 6253.92 6253.92
=== END RADAR_SCAN ===

=== BEGIN RADAR_SCAN ===
scan.index=14
scan.time=189.330000
radar.id=0
radar.frequency=C
radar.scanning_mode=PPI
radar.x=0.000
radar.y=0.000
radar.z=25.000
radar.maximum_range=250000.000
radar.range_resolution=250.000
radar.angular_resolution=1.000000
box.radar_id=0
box.min_range_gate=693.000
box.max_range_gate=774.000
box.min_angle=95.000000
box.max_angle=106.000000
box.num_ranges=82
box.num_angles=11
box.range_resolution=250.000
box.angular_resolution=1.000000
box.other_angle=0.300000
grid.size=902
grid.data=0.00 0.00 0.00 0.00 0.00 0.00 0.00 0.00 0.00 0.00 0.00 0.00 0.00 0.00 0.00 0.00 0.00 31.64 0.00 0.00 0.00 0.00 0.00 0.00 0.00 0.00 0.00 33.65 36.37 0.00 0.00 0.00 0.00 0.00 0.00 0.00 0.00 0.00 35.65 34.58 35.86 0.00 0.00 0.00 0.00 0.00 0.00 0.00 0.00 35.28 32.91 33.30 0.00 0.00 0.00 0.00 0.00 0.00 0.00 0.00 34.01 33.75 34.62 0.00 0.00 0.00 0.00 0.00 0.00 0.00 0.00 30.22 31.83 33.66 0.00 0.00 0.00 0.00 0.00 0.00 0.00 0.00 30.76 34.75 29.82 0.00 0.00 0.00 0.00 0.00 0.00 0.00 33.93 33.66 34.47 36.57 0.00 0.00 0.00 0.00 0.00 0.00 0.00 33.38 36.10 32.12 33.77 0.00 0.00 0.00 0.00 0.00 0.00 0.00 30.21 35.03 33.99 31.58 0.00 0.00 0.00 0.00 0.00 0.00 0.00 32.38 31.85 38.27 30.41 34.17 0.00 0.00 0.00 0.00 0.00 0.00 35.79 34.25 40.03 34.66 31.15 0.00 0.00 0.00 0.00 0.00 0.00 37.94 29.33 33.36 32.66 33.74 0.00 0.00 0.00 0.00 0.00 0.00 34.08 33.36 35.09 32.79 36.39 0.00 0.00 0.00 0.00 0.00 0.00 32.26 29.55 34.97 34.47 33.08 0.00 0.00 0.00 0.00 0.00 0.00 34.08 37.30 35.03 32.51 32.56 0.00 0.00 0.00 0.00 0.00 0.00 31.13 35.48 30.27 33.92 36.26 0.00 0.00 0.00 0.00 0.00 0.00 40.57 31.67 33.85 35.73 34.66 0.00 0.00 0.00 0.00 0.00 0.00 48.70 52.24 35.02 34.67 31.73 0.00 0.00 0.00 0.00 0.00 0.00 44.67 48.92 32.83 35.34 33.16 0.00 0.00 0.00 0.00 0.00 0.00 52.52 49.54 31.22 30.79 28.34 0.00 0.00 0.00 0.00 0.00 0.00 42.63 49.29 35.70 35.52 36.28 0.00 0.00 0.00 0.00 0.00 0.00 47.14 51.38 34.81 33.65 30.66 0.00 0.00 0.00 0.00 0.00 37.21 43.91 48.53 32.05 35.60 36.75 0.00 0.00 0.00 0.00 0.00 33.43 50.57 43.12 34.57 32.10 34.17 0.00 0.00 0.00 0.00 0.00 50.02 43.92 44.87 32.80 34.95 30.15 0.00 0.00 0.00 0.00 0.00 46.93 42.93 42.50 34.65 29.70 36.14 0.00 0.00 0.00 0.00 0.00 45.57 40.00 50.15 33.67 33.89 35.69 0.00 0.00 0.00 0.00 0.00 40.72 44.36 41.41 35.81 34.33 33.17 0.00 0.00 0.00 0.00 0.00 43.94 49.33 40.14 38.16 34.68 31.34 0.00 0.00 0.00 0.00 0.00 50.60 42.38 46.18 31.23 32.31 35.27 0.00 0.00 0.00 0.00 0.00 46.46 46.14 49.18 32.46 31.24 36.96 0.00 0.00 0.00 0.00 0.00 43.55 45.64 43.09 37.90 31.07 33.12 0.00 0.00 0.00 0.00 0.00 45.36 43.31 41.73 34.39 31.29 34.87 0.00 0.00 0.00 0.00 0.00 54.13 48.43 40.83 34.03 34.35 35.03 0.00 0.00 0.00 0.00 0.00 47.30 47.69 52.01 38.56 32.78 37.79 0.00 0.00 0.00 0.00 0.00 51.95 50.93 53.17 34.79 34.87 34.58 0.00 0.00 0.00 0.00 0.00 42.68 46.53 44.47 35.18 37.63 31.90 0.00 0.00 0.00 0.00 0.00 39.24 50.23 47.33 37.34 32.56 37.81 0.00 0.00 0.00 0.00 0.00 45.72 47.88 43.87 37.48 38.22 34.43 0.00 0.00 0.00 0.00 0.00 43.48 47.63 49.37 37.07 36.31 33.22 0.00 0.00 0.00 0.00 0.00 48.01 44.21 41.74 36.79 40.11 37.06 0.00 0.00 0.00 0.00 0.00 44.48 44.63 42.76 30.96 29.14 33.72 0.00 0.00 0.00 0.00 0.00 47.96 43.90 48.29 36.09 36.21 30.76 0.00 0.00 0.00 0.00 0.00 47.19 50.03 44.83 39.00 36.17 32.63 0.00 0.00 0.00 0.00 0.00 42.83 42.03 44.66 35.07 28.05 35.75 0.00 0.00 0.00 0.00 0.00 46.47 50.16 45.07 34.12 35.63 33.12 0.00 0.00 0.00 0.00 0.00 32.38 44.69 44.51 37.29 36.42 35.97 0.00 0.00 0.00 0.00 0.00 30.80 44.90 47.73 35.79 34.80 35.11 0.00 0.00 0.00 0.00 0.00 35.67 45.67 44.82 36.72 39.63 33.10 0.00 0.00 0.00 0.00 0.00 32.13 51.70 51.50 37.01 35.01 35.96 0.00 0.00 0.00 0.00 0.00 35.14 40.89 47.10 34.55 37.18 32.47 0.00 0.00 0.00 0.00 0.00 35.57 47.84 49.58 37.26 35.12 34.22 0.00 0.00 0.00 0.00 0.00 33.61 45.34 44.22 33.43 35.06 40.66 0.00 0.00 0.00 0.00 0.00 35.30 44.70 31.20 33.02 32.24 32.83 0.00 0.00 0.00 0.00 0.00 0.00 47.92 36.09 33.83 32.55 35.36 0.00 0.00 0.00 0.00 0.00 0.00 35.61 31.52 36.22 33.97 33.54 0.00 0.00 0.00 0.00 0.00 0.00 40.11 38.74 35.59 32.75 33.15 0.00 0.00 0.00 0.00 0.00 0.00 33.49 37.23 33.67 32.02 39.18 0.00 0.00 0.00 0.00 0.00 0.00 34.93 36.44 35.72 32.74 37.10 0.00 0.00 0.00 0.00 0.00 0.00 31.63 38.07 35.15 34.90 36.59 0.00 0.00 0.00 0.00 0.00 0.00 33.45 36.83 32.71 38.48 34.80 0.00 0.00 0.00 0.00 0.00 0.00 36.66 33.77 33.06 39.40 32.79 0.00 0.00 0.00 0.00 0.00 0.00 33.10 34.77 38.95 37.27 29.72 0.00 0.00 0.00 0.00 0.00 0.00 33.71 35.91 30.27 34.79 36.76 0.00 0.00 0.00 0.00 0.00 0.00 34.30 30.37 32.19 33.44 35.98 0.00 0.00 0.00 0.00 0.00 0.00 41.64 34.84 37.69 33.61 34.52 0.00 0.00 0.00 0.00 0.00 0.00 34.70 35.06 38.52 33.70 32.45 0.00 0.00 0.00 0.00 0.00 0.00 35.30 34.67 37.13 39.10 31.22 0.00 0.00 0.00 0.00 0.00 0.00 31.38 35.42 35.38 36.27 0.00 0.00 0.00 0.00 0.00 0.00 0.00 31.41 38.35 35.66 32.15 0.00 0.00 0.00 0.00 0.00 0.00 0.00 36.10 39.59 32.21 33.29 0.00 0.00 0.00 0.00 0.00 0.00 0.00 0.00 31.18 31.42 28.90 0.00 0.00 0.00 0.00 0.00 0.00 0.00 0.00 31.50 31.03 34.83 0.00 0.00 0.00 0.00 0.00 0.00 0.00 0.00 34.64 36.19 34.71 0.00 0.00 0.00 0.00 0.00 0.00 0.00 0.00 35.27 35.08 37.33 0.00 0.00 0.00 0.00 0.00 0.00 0.00 0.00 37.87 30.98 37.40 0.00 0.00 0.00 0.00 0.00 0.00 0.00 0.00 34.22 38.74 0.00 0.00 0.00 0.00 0.00 0.00 0.00 0.00 0.00 0.00 39.30 0.00 0.00 0.00 0.00 0.00 0.00 0.00 0.00 0.00 0.00 36.41 0.00 0.00 0.00 0.00 0.00 0.00 0.00 0.00 0.00 0.00 0.00 0.00 0.00 0.00 0.00
rain_type.data=0 0 0 0 0 0 0 0 0 0 0 0 0 0 0 0 0 1 0 0 0 0 0 0 0 0 0 1 1 0 0 0 0 0 0 0 0 0 1 1 1 0 0 0 0 0 0 0 0 1 1 1 0 0 0 0 0 0 0 0 1 1 1 0 0 0 0 0 0 0 0 1 1 1 0 0 0 0 0 0 0 0 1 1 1 0 0 0 0 0 0 0 1 1 1 1 0 0 0 0 0 0 0 1 1 1 1 0 0 0 0 0 0 0 1 1 1 1 0 0 0 0 0 0 0 1 1 1 1 1 0 0 0 0 0 0 1 1 1 1 1 0 0 0 0 0 0 1 1 1 1 1 0 0 0 0 0 0 1 1 1 1 1 0 0 0 0 0 0 1 1 1 1 1 0 0 0 0 0 0 1 1 1 1 1 0 0 0 0 0 0 1 1 1 1 1 0 0 0 0 0 0 2 1 1 1 1 0 0 0 0 0 0 2 2 1 1 1 0 0 0 0 0 0 2 2 1 1 1 0 0 0 0 0 0 2 2 1 1 1 0 0 0 0 0 0 2 2 1 1 1 0 0 0 0 0 0 2 2 1 1 1 0 0 0 0 0 1 2 2 1 1 1 0 0 0 0 0 1 2 2 1 1 1 0 0 0 0 0 2 2 2 1 1 1 0 0 0 0 0 2 2 2 1 1 1 0 0 0 0 0 2 2 2 1 1 1 0 0 0 0 0 2 2 2 1 1 1 0 0 0 0 0 2 2 2 1 1 1 0 0 0 0 0 2 2 2 1 1 1 0 0 0 0 0 2 2 2 1 1 1 0 0 0 0 0 2 2 2 1 1 1 0 0 0 0 0 2 2 2 1 1 1 0 0 0 0 0 2 2 2 1 1 1 0 0 0 0 0 2 2 2 1 1 1 0 0 0 0 0 2 2 2 1 1 1 0 0 0 0 0 2 2 2 1 1 1 0 0 0 0 0 2 2 2 1 1 1 0 0 0 0 0 2 2 2 1 1 1 0 0 0 0 0 2 2 2 1 1 1 0 0 0 0 0 2 2 2 1 1 1 0 0 0 0 0 2 2 2 1 1 1 0 0 0 0 0 2 2 2 1 1 1 0 0 0 0 0 2 2 2 1 1 1 0 0 0 0 0 2 2 2 1 1 1 0 0 0 0 0 2 2 2 1 1 1 0 0 0 0 0 1 2 2 1 1 1 0 0 0 0 0 1 2 2 1 1 1 0 0 0 0 0 1 2 2 1 1 1 0 0 0 0 0 1 2 2 1 1 1 0 0 0 0 0 1 2 2 1 1 1 0 0 0 0 0 1 2 2 1 1 1 0 0 0 0 0 1 2 2 1 1 1 0 0 0 0 0 1 2 1 1 1 1 0 0 0 0 0 0 2 1 1 1 1 0 0 0 0 0 0 1 1 1 1 1 0 0 0 0 0 0 1 1 1 1 1 0 0 0 0 0 0 1 1 1 1 1 0 0 0 0 0 0 1 1 1 1 1 0 0 0 0 0 0 1 1 1 1 1 0 0 0 0 0 0 1 1 1 1 1 0 0 0 0 0 0 1 1 1 1 1 0 0 0 0 0 0 1 1 1 1 1 0 0 0 0 0 0 1 1 1 1 1 0 0 0 0 0 0 1 1 1 1 1 0 0 0 0 0 0 1 1 1 1 1 0 0 0 0 0 0 1 1 1 1 1 0 0 0 0 0 0 1 1 1 1 1 0 0 0 0 0 0 1 1 1 1 0 0 0 0 0 0 0 1 1 1 1 0 0 0 0 0 0 0 1 1 1 1 0 0 0 0 0 0 0 0 1 1 1 0 0 0 0 0 0 0 0 1 1 1 0 0 0 0 0 0 0 0 1 1 1 0 0 0 0 0 0 0 0 1 1 1 0 0 0 0 0 0 0 0 1 1 1 0 0 0 0 0 0 0 0 1 1 0 0 0 0 0 0 0 0 0 0 1 0 0 0 0 0 0 0 0 0 0 1 0 0 0 0 0 0 0 0 0 0 0 0 0 0 0
estimated_attenuation.size=902
estimated_attenuation.data=0.00 0.00 0.00 0.00 0.00 0.00 0.00 0.00 0.00 0.00 0.00 0.00 0.00 0.00 0.00 0.00 0.00 0.00 0.00 0.00 0.00 0.00 0.00 0.00 0.00 0.00 0.00 0.00 0.00 0.00 0.00 0.00 0.00 0.00 0.00 0.00 0.00 0.00 0.00 0.00 0.00 0.00 0.00 0.00 0.00 0.00 0.00 0.00 0.00 0.00 0.00 0.00 0.00 0.00 0.00 0.00 0.00 0.00 0.00 0.00 0.00 0.00 0.00 0.00 0.00 0.00 0.00 0.00 0.00 0.00 0.00 0.00 0.00 0.00 0.00 0.00 0.00 0.00 0.00 0.00 0.00 0.00 0.00 0.00 0.00 0.00 0.00 0.00 0.00 0.00 0.00 0.00 0.00 0.00 0.00 0.00 0.00 0.00 0.00 0.00 0.00 0.00 0.00 0.00 0.00 0.00 0.00 0.00 0.00 0.00 0.00 0.00 0.00 0.00 0.00 0.00 0.00 0.00 0.00 0.00 0.00 0.00 0.00 0.00 0.00 0.00 0.00 0.00 0.00 0.00 0.00 0.00 0.00 0.00 0.00 0.00 0.00 0.00 0.00 0.00 0.00 0.00 0.00 0.00 0.00 0.00 0.00 0.00 0.00 0.00 0.00 0.00 0.00 0.00 0.00 0.00 0.00 0.00 0.00 0.00 0.00 0.00 0.00 0.00 0.00 0.00 0.00 0.00 0.00 0.00 0.00 0.00 0.00 0.00 0.00 0.00 0.00 0.00 0.00 0.00 0.00 0.00 0.00 0.00 0.00 0.00 0.00 0.00 0.00 0.00 0.00 0.00 0.00 0.00 0.00 0.00 0.00 0.00 0.00 0.00 0.00 0.00 0.00 0.00 0.00 0.00 0.00 0.00 0.00 0.00 0.00 0.00 0.00 0.00 0.00 0.00 0.00 0.00 0.00 0.00 0.00 0.00 0.00 0.00 0.00 0.00 0.00 0.00 0.00 0.00 0.00 0.00 0.00 0.00 0.00 0.00 0.00 0.00 0.00 0.00 0.00 0.00 0.00 0.00 0.00 0.00 0.00 0.00 0.00 0.00 0.00 0.00 0.00 0.00 0.00 0.00 0.00 0.00 0.00 0.00 0.00 0.00 0.00 0.00 0.00 0.00 0.00 0.00 0.00 0.00 0.00 0.00 0.00 0.00 0.00 0.00 0.00 0.00 0.00 0.00 0.00 0.00 0.00 0.00 0.00 0.00 0.00 0.00 0.00 0.00 0.00 0.00 0.00 0.00 0.00 0.00 0.00 0.00 0.00 0.00 0.00 0.00 0.00 0.00 0.00 0.00 0.00 0.00 0.00 0.00 0.00 0.00 0.00 0.00 0.00 0.00 0.00 0.00 0.00 0.00 0.00 0.00 0.00 0.00 0.00 0.00 0.00 0.00 0.00 0.00 0.00 0.00 0.00 0.00 0.00 0.00 0.00 0.00 0.00 0.00 0.00 0.00 0.00 0.00 0.00 0.00 0.00 0.00 0.00 0.00 0.00 0.00 0.00 0.00 0.00 0.00 0.00 0.00 0.00 0.00 0.00 0.00 0.00 0.00 0.00 0.00 0.00 0.00 0.00 0.00 0.00 0.00 0.00 0.00 0.00 0.00 0.00 0.00 0.00 0.00 0.00 0.00 0.00 0.00 0.00 0.00 0.00 0.00 0.00 0.00 0.00 0.00 0.00 0.00 0.00 0.00 0.00 0.00 0.00 0.00 0.00 0.00 0.00 0.00 0.00 0.00 0.00 0.00 0.00 0.00 0.00 0.00 0.00 0.00 0.00 0.00 0.00 0.00 0.00 0.00 0.00 0.00 0.00 0.00 0.00 0.00 0.00 0.00 0.00 0.00 0.00 0.00 0.00 0.00 0.00 0.00 0.00 0.00 0.00 0.00 0.00 0.00 0.00 0.00 0.00 0.00 0.00 0.00 0.00 0.00 0.00 0.00 0.00 0.00 0.00 0.00 0.00 0.00 0.00 0.00 0.00 0.00 0.00 0.00 0.00 0.00 0.00 0.00 0.00 0.00 0.00 0.00 0.00 0.00 0.00 0.00 0.00 0.00 0.00 0.00 0.00 0.00 0.00 0.00 0.00 0.00 0.00 0.00 0.00 0.00 0.00 0.00 0.00 0.00 0.00 0.00 0.00 0.00 0.00 0.00 0.00 0.00 0.00 0.00 0.00 0.00 0.00 0.00 0.00 0.00 0.00 0.00 0.00 0.00 0.00 0.00 0.00 0.00 0.00 0.00 0.00 0.00 0.00 0.00 0.00 0.00 0.00 0.00 0.00 0.00 0.00 0.00 0.00 0.00 0.00 0.00 0.00 0.00 0.00 0.00 0.00 0.00 0.00 0.00 0.00 0.00 0.00 0.00 0.00 0.00 0.00 0.00 0.00 0.00 0.00 0.00 0.00 0.00 0.00 0.00 0.00 0.00 0.00 0.00 0.00 0.00 0.00 0.00 0.00 0.00 0.00 0.00 0.00 0.00 0.00 0.00 0.00 0.00 0.00 0.00 0.00 0.00 0.00 0.00 0.00 0.00 0.00 0.00 0.00 0.00 0.00 0.00 0.00 0.00 0.00 0.00 0.00 0.00 0.00 0.00 0.00 0.00 0.00 0.00 0.00 0.00 0.00 0.00 0.00 0.00 0.00 0.00 0.00 0.00 0.00 0.00 0.00 0.00 0.00 0.00 0.00 0.00 0.00 0.00 0.00 0.00 0.00 0.00 0.00 0.00 0.00 0.00 0.00 0.00 0.00 0.00 0.00 0.00 0.00 0.00 0.00 0.00 0.00 0.00 0.00 0.00 0.00 0.00 0.00 0.00 0.00 0.00 0.00 0.00 0.00 0.00 0.00 0.00 0.00 0.00 0.00 0.00 0.00 0.00 0.00 0.00 0.00 0.00 0.00 0.00 0.00 0.00 0.00 0.00 0.00 0.00 0.00 0.00 0.00 0.00 0.00 0.00 0.00 0.00 0.00 0.00 0.00 0.00 0.00 0.00 0.00 0.00 0.00 0.00 0.00 0.00 0.00 0.00 0.00 0.00 0.00 0.00 0.00 0.00 0.00 0.00 0.00 0.00 0.00 0.00 0.00 0.00 0.00 0.00 0.00 0.00 0.00 0.00 0.00 0.00 0.00 0.00 0.00 0.00 0.00 0.00 0.00 0.00 0.00 0.00 0.00 0.00 0.00 0.00 0.00 0.00 0.00 0.00 0.00 0.00 0.00 0.00 0.00 0.00 0.00 0.00 0.00 0.00 0.00 0.00 0.00 0.00 0.00 0.00 0.00 0.00 0.00 0.00 0.00 0.00 0.00 0.00 0.00 0.00 0.00 0.00 0.00 0.00 0.00 0.00 0.00 0.00 0.00 0.00 0.00 0.00 0.00 0.00 0.00 0.00 0.00 0.00 0.00 0.00 0.00 0.00 0.00 0.00 0.00 0.00 0.00 0.00 0.00 0.00 0.00 0.00 0.00 0.00 0.00 0.00 0.00 0.00 0.00 0.00 0.00 0.00 0.00 0.00 0.00 0.00 0.00 0.00 0.00 0.00 0.00 0.00 0.00 0.00 0.00 0.00 0.00 0.00 0.00 0.00 0.00 0.00 0.00 0.00 0.00 0.00 0.00 0.00 0.00 0.00 0.00 0.00 0.00 0.00 0.00 0.00 0.00 0.00 0.00 0.00 0.00 0.00 0.00 0.00 0.00 0.00 0.00 0.00 0.00 0.00 0.00 0.00 0.00 0.00 0.00 0.00 0.00 0.00 0.00 0.00 0.00 0.00 0.00 0.00 0.00 0.00 0.00 0.00 0.00 0.00 0.00 0.00 0.00 0.00 0.00 0.00 0.00 0.00 0.00 0.00 0.00 0.00 0.00 0.00 0.00 0.00 0.00 0.00 0.00 0.00 0.00 0.00 0.00 0.00 0.00 0.00 0.00 0.00
height.size=902
height.data=2673.43 2673.43 2673.43 2673.43 2673.43 2673.43 2673.43 2673.43 2673.43 2673.43 2673.43 2679.84 2679.84 2679.84 2679.84 2679.84 2679.84 2679.84 2679.84 2679.84 2679.84 2679.84 2686.26 2686.26 2686.26 2686.26 2686.26 2686.26 2686.26 2686.26 2686.26 2686.26 2686.26 2692.68 2692.68 2692.68 2692.68 2692.68 2692.68 2692.68 2692.68 2692.68 2692.68 2692.68 2699.11 2699.11 2699.11 2699.11 2699.11 2699.11 2699.11 2699.11 2699.11 2699.11 2699.11 2705.55 2705.55 2705.55 2705.55 2705.55 2705.55 2705.55 2705.55 2705.55 2705.55 2705.55 2712.00 2712.00 2712.00 2712.00 2712.00 2712.00 2712.00 2712.00 2712.00 2712.00 2712.00 2718.45 2718.45 2718.45 2718.45 2718.45 2718.45 2718.45 2718.45 2718.45 2718.45 2718.45 2724.91 2724.91 2724.91 2724.91 2724.91 2724.91 2724.91 2724.91 2724.91 2724.91 2724.91 2731.38 2731.38 2731.38 2731.38 2731.38 2731.38 2731.38 2731.38 2731.38 2731.38 2731.38 2737.86 2737.86 2737.86 2737.86 2737.86 2737.86 2737.86 2737.86 2737.86 2737.86 2737.86 2744.34 2744.34 2744.34 2744.34 2744.34 2744.34 2744.34 2744.34 2744.34 2744.34 2744.34 2750.83 2750.83 2750.83 2750.83 2750.83 2750.83 2750.83 2750.83 2750.83 2750.83 2750.83 2757.33 2757.33 2757.33 2757.33 2757.33 2757.33 2757.33 2757.33 2757.33 2757.33 2757.33 2763.83 2763.83 2763.83 2763.83 2763.83 2763.83 2763.83 2763.83 2763.83 2763.83 2763.83 2770.35 2770.35 2770.35 2770.35 2770.35 2770.35 2770.35 2770.35 2770.35 2770.35 2770.35 2776.87 2776.87 2776.87 2776.87 2776.87 2776.87 2776.87 2776.87 2776.87 2776.87 2776.87 2783.39 2783.39 2783.39 2783.39 2783.39 2783.39 2783.39 2783.39 2783.39 2783.39 2783.39 2789.93 2789.93 2789.93 2789.93 2789.93 2789.93 2789.93 2789.93 2789.93 2789.93 2789.93 2796.47 2796.47 2796.47 2796.47 2796.47 2796.47 2796.47 2796.47 2796.47 2796.47 2796.47 2803.02 2803.02 2803.02 2803.02 2803.02 2803.02 2803.02 2803.02 2803.02 2803.02 2803.02 2809.57 2809.57 2809.57 2809.57 2809.57 2809.57 2809.57 2809.57 2809.57 2809.57 2809.57 2816.14 2816.14 2816.14 2816.14 2816.14 2816.14 2816.14 2816.14 2816.14 2816.14 2816.14 2822.71 2822.71 2822.71 2822.71 2822.71 2822.71 2822.71 2822.71 2822.71 2822.71 2822.71 2829.29 2829.29 2829.29 2829.29 2829.29 2829.29 2829.29 2829.29 2829.29 2829.29 2829.29 2835.87 2835.87 2835.87 2835.87 2835.87 2835.87 2835.87 2835.87 2835.87 2835.87 2835.87 2842.47 2842.47 2842.47 2842.47 2842.47 2842.47 2842.47 2842.47 2842.47 2842.47 2842.47 2849.07 2849.07 2849.07 2849.07 2849.07 2849.07 2849.07 2849.07 2849.07 2849.07 2849.07 2855.68 2855.68 2855.68 2855.68 2855.68 2855.68 2855.68 2855.68 2855.68 2855.68 2855.68 2862.29 2862.29 2862.29 2862.29 2862.29 2862.29 2862.29 2862.29 2862.29 2862.29 2862.29 2868.91 2868.91 2868.91 2868.91 2868.91 2868.91 2868.91 2868.91 2868.91 2868.91 2868.91 2875.54 2875.54 2875.54 2875.54 2875.54 2875.54 2875.54 2875.54 2875.54 2875.54 2875.54 2882.18 2882.18 2882.18 2882.18 2882.18 2882.18 2882.18 2882.18 2882.18 2882.18 2882.18 2888.82 2888.82 2888.82 2888.82 2888.82 2888.82 2888.82 2888.82 2888.82 2888.82 2888.82 2895.48 2895.48 2895.48 2895.48 2895.48 2895.48 2895.48 2895.48 2895.48 2895.48 2895.48 2902.14 2902.14 2902.14 2902.14 2902.14 2902.14 2902.14 2902.14 2902.14 2902.14 2902.14 2908.80 2908.80 2908.80 2908.80 2908.80 2908.80 2908.80 2908.80 2908.80 2908.80 2908.80 2915.48 2915.48 2915.48 2915.48 2915.48 2915.48 2915.48 2915.48 2915.48 2915.48 2915.48 2922.16 2922.16 2922.16 2922.16 2922.16 2922.16 2922.16 2922.16 2922.16 2922.16 2922.16 2928.85 2928.85 2928.85 2928.85 2928.85 2928.85 2928.85 2928.85 2928.85 2928.85 2928.85 2935.54 2935.54 2935.54 2935.54 2935.54 2935.54 2935.54 2935.54 2935.54 2935.54 2935.54 2942.25 2942.25 2942.25 2942.25 2942.25 2942.25 2942.25 2942.25 2942.25 2942.25 2942.25 2948.96 2948.96 2948.96 2948.96 2948.96 2948.96 2948.96 2948.96 2948.96 2948.96 2948.96 2955.68 2955.68 2955.68 2955.68 2955.68 2955.68 2955.68 2955.68 2955.68 2955.68 2955.68 2962.40 2962.40 2962.40 2962.40 2962.40 2962.40 2962.40 2962.40 2962.40 2962.40 2962.40 2969.13 2969.13 2969.13 2969.13 2969.13 2969.13 2969.13 2969.13 2969.13 2969.13 2969.13 2975.87 2975.87 2975.87 2975.87 2975.87 2975.87 2975.87 2975.87 2975.87 2975.87 2975.87 2982.62 2982.62 2982.62 2982.62 2982.62 2982.62 2982.62 2982.62 2982.62 2982.62 2982.62 2989.38 2989.38 2989.38 2989.38 2989.38 2989.38 2989.38 2989.38 2989.38 2989.38 2989.38 2996.14 2996.14 2996.14 2996.14 2996.14 2996.14 2996.14 2996.14 2996.14 2996.14 2996.14 3002.91 3002.91 3002.91 3002.91 3002.91 3002.91 3002.91 3002.91 3002.91 3002.91 3002.91 3009.68 3009.68 3009.68 3009.68 3009.68 3009.68 3009.68 3009.68 3009.68 3009.68 3009.68 3016.47 3016.47 3016.47 3016.47 3016.47 3016.47 3016.47 3016.47 3016.47 3016.47 3016.47 3023.26 3023.26 3023.26 3023.26 3023.26 3023.26 3023.26 3023.26 3023.26 3023.26 3023.26 3030.06 3030.06 3030.06 3030.06 3030.06 3030.06 3030.06 3030.06 3030.06 3030.06 3030.06 3036.87 3036.87 3036.87 3036.87 3036.87 3036.87 3036.87 3036.87 3036.87 3036.87 3036.87 3043.68 3043.68 3043.68 3043.68 3043.68 3043.68 3043.68 3043.68 3043.68 3043.68 3043.68 3050.50 3050.50 3050.50 3050.50 3050.50 3050.50 3050.50 3050.50 3050.50 3050.50 3050.50 3057.33 3057.33 3057.33 3057.33 3057.33 3057.33 3057.33 3057.33 3057.33 3057.33 3057.33 3064.16 3064.16 3064.16 3064.16 3064.16 3064.16 3064.16 3064.16 3064.16 3064.16 3064.16 3071.01 3071.01 3071.01 3071.01 3071.01 3071.01 3071.01 3071.01 3071.01 3071.01 3071.01 3077.86 3077.86 3077.86 3077.86 3077.86 3077.86 3077.86 3077.86 3077.86 3077.86 3077.86 3084.72 3084.72 3084.72 3084.72 3084.72 3084.72 3084.72 3084.72 3084.72 3084.72 3084.72 3091.58 3091.58 3091.58 3091.58 3091.58 3091.58 3091.58 3091.58 3091.58 3091.58 3091.58 3098.45 3098.45 3098.45 3098.45 3098.45 3098.45 3098.45 3098.45 3098.45 3098.45 3098.45 3105.33 3105.33 3105.33 3105.33 3105.33 3105.33 3105.33 3105.33 3105.33 3105.33 3105.33 3112.22 3112.22 3112.22 3112.22 3112.22 3112.22 3112.22 3112.22 3112.22 3112.22 3112.22 3119.11 3119.11 3119.11 3119.11 3119.11 3119.11 3119.11 3119.11 3119.11 3119.11 3119.11 3126.02 3126.02 3126.02 3126.02 3126.02 3126.02 3126.02 3126.02 3126.02 3126.02 3126.02 3132.93 3132.93 3132.93 3132.93 3132.93 3132.93 3132.93 3132.93 3132.93 3132.93 3132.93 3139.84 3139.84 3139.84 3139.84 3139.84 3139.84 3139.84 3139.84 3139.84 3139.84 3139.84 3146.77 3146.77 3146.77 3146.77 3146.77 3146.77 3146.77 3146.77 3146.77 3146.77 3146.77 3153.70 3153.70 3153.70 3153.70 3153.70 3153.70 3153.70 3153.70 3153.70 3153.70 3153.70 3160.64 3160.64 3160.64 3160.64 3160.64 3160.64 3160.64 3160.64 3160.64 3160.64 3160.64 3167.58 3167.58 3167.58 3167.58 3167.58 3167.58 3167.58 3167.58 3167.58 3167.58 3167.58 3174.54 3174.54 3174.54 3174.54 3174.54 3174.54 3174.54 3174.54 3174.54 3174.54 3174.54 3181.50 3181.50 3181.50 3181.50 3181.50 3181.50 3181.50 3181.50 3181.50 3181.50 3181.50 3188.46 3188.46 3188.46 3188.46 3188.46 3188.46 3188.46 3188.46 3188.46 3188.46 3188.46 3195.44 3195.44 3195.44 3195.44 3195.44 3195.44 3195.44 3195.44 3195.44 3195.44 3195.44 3202.42 3202.42 3202.42 3202.42 3202.42 3202.42 3202.42 3202.42 3202.42 3202.42 3202.42 3209.41 3209.41 3209.41 3209.41 3209.41 3209.41 3209.41 3209.41 3209.41 3209.41 3209.41 3216.41 3216.41 3216.41 3216.41 3216.41 3216.41 3216.41 3216.41 3216.41 3216.41 3216.41
=== END RADAR_SCAN ===

=== BEGIN RADAR_SCAN ===
scan.index=15
scan.time=189.670000
radar.id=0
radar.frequency=C
radar.scanning_mode=PPI
radar.x=0.000
radar.y=0.000
radar.z=25.000
radar.maximum_range=250000.000
radar.range_resolution=250.000
radar.angular_resolution=1.000000
box.radar_id=0
box.min_range_gate=693.000
box.max_range_gate=774.000
box.min_angle=95.000000
box.max_angle=106.000000
box.num_ranges=82
box.num_angles=11
box.range_resolution=250.000
box.angular_resolution=1.000000
box.other_angle=0.300000
grid.size=902
grid.data=0.00 0.00 0.00 0.00 0.00 0.00 0.00 0.00 0.00 0.00 0.00 0.00 0.00 0.00 0.00 0.00 0.00 32.46 0.00 0.00 0.00 0.00 0.00 0.00 0.00 0.00 0.00 35.98 35.61 0.00 0.00 0.00 0.00 0.00 0.00 0.00 0.00 0.00 31.57 36.62 0.00 0.00 0.00 0.00 0.00 0.00 0.00 0.00 0.00 32.52 31.74 33.92 0.00 0.00 0.00 0.00 0.00 0.00 0.00 0.00 30.45 35.11 37.19 0.00 0.00 0.00 0.00 0.00 0.00 0.00 0.00 33.35 35.03 34.03 0.00 0.00 0.00 0.00 0.00 0.00 0.00 0.00 33.40 36.22 34.18 0.00 0.00 0.00 0.00 0.00 0.00 0.00 36.51 36.80 35.75 38.98 0.00 0.00 0.00 0.00 0.00 0.00 0.00 32.69 31.58 34.38 36.76 0.00 0.00 0.00 0.00 0.00 0.00 0.00 32.29 33.02 34.68 39.19 0.00 0.00 0.00 0.00 0.00 0.00 0.00 31.38 31.69 33.51 34.83 32.82 0.00 0.00 0.00 0.00 0.00 0.00 29.29 32.52 27.18 34.37 39.47 0.00 0.00 0.00 0.00 0.00 0.00 31.75 38.52 32.55 37.20 31.53 0.00 0.00 0.00 0.00 0.00 0.00 36.66 36.03 33.55 33.77 36.23 0.00 0.00 0.00 0.00 0.00 0.00 32.32 35.18 30.20 33.53 32.10 0.00 0.00 0.00 0.00 0.00 0.00 34.13 31.98 38.10 33.65 32.30 0.00 0.00 0.00 0.00 0.00 0.00 29.07 32.15 36.82 29.37 35.57 0.00 0.00 0.00 0.00 0.00 0.00 44.85 33.08 33.43 37.71 34.94 0.00 0.00 0.00 0.00 0.00 0.00 46.21 47.73 36.76 32.14 35.88 0.00 0.00 0.00 0.00 0.00 0.00 47.40 43.74 35.11 32.05 35.41 0.00 0.00 0.00 0.00 0.00 0.00 52.23 51.48 34.06 32.45 33.23 0.00 0.00 0.00 0.00 0.00 0.00 46.15 44.54 30.71 36.39 36.14 0.00 0.00 0.00 0.00 0.00 34.25 48.96 44.52 27.25 36.04 39.52 0.00 0.00 0.00 0.00 0.00 32.01 43.06 45.37 31.82 35.36 32.31 0.00 0.00 0.00 0.00 0.00 34.89 48.55 47.06 35.02 31.05 36.60 0.00 0.00 0.00 0.00 0.00 44.60 41.52 42.99 33.78 30.35 35.97 0.00 0.00 0.00 0.00 0.00 47.00 38.41 45.74 29.89 36.25 32.84 0.00 0.00 0.00 0.00 0.00 42.54 43.40 43.63 34.36 34.27 34.86 0.00 0.00 0.00 0.00 0.00 41.53 47.85 44.60 34.97 38.77 36.69 0.00 0.00 0.00 0.00 0.00 47.79 42.06 49.46 35.32 35.97 31.81 0.00 0.00 0.00 0.00 0.00 45.58 48.15 47.52 31.85 34.98 34.93 0.00 0.00 0.00 0.00 0.00 46.88 45.44 46.00 36.16 36.37 33.76 0.00 0.00 0.00 0.00 0.00 48.68 53.97 46.15 37.01 37.49 32.59 0.00 0.00 0.00 0.00 0.00 50.22 42.17 45.40 32.17 31.56 29.61 0.00 0.00 0.00 0.00 0.00 46.08 50.36 43.71 29.36 28.88 36.31 0.00 0.00 0.00 0.00 0.00 40.27 49.16 49.83 34.88 33.90 36.30 0.00 0.00 0.00 0.00 0.00 47.60 44.80 48.89 36.96 31.50 33.04 0.00 0.00 0.00 0.00 0.00 50.24 45.15 40.14 35.29 32.15 37.79 0.00 0.00 0.00 0.00 0.00 42.94 44.81 50.97 34.51 35.58 36.05 0.00 0.00 0.00 0.00 0.00 42.35 49.12 46.93 34.19 39.28 35.03 0.00 0.00 0.00 0.00 0.00 43.29 45.25 48.67 33.62 33.71 37.30 0.00 0.00 0.00 0.00 0.00 49.79 47.23 45.37 33.44 35.00 28.41 0.00 0.00 0.00 0.00 0.00 48.65 49.14 47.95 37.15 36.36 30.93 0.00 0.00 0.00 0.00 0.00 47.31 41.73 48.29 36.06 35.00 38.05 0.00 0.00 0.00 0.00 0.00 48.17 42.78 43.64 36.41 31.97 33.91 0.00 0.00 0.00 0.00 0.00 43.70 47.08 43.83 36.39 32.34 33.16 0.00 0.00 0.00 0.00 0.00 38.17 44.03 43.70 34.39 35.69 35.36 0.00 0.00 0.00 0.00 0.00 33.73 49.78 48.22 34.63 32.78 37.28 0.00 0.00 0.00 0.00 0.00 32.49 52.85 45.54 33.99 37.86 35.58 0.00 0.00 0.00 0.00 0.00 34.01 45.65 48.72 31.20 36.45 34.64 0.00 0.00 0.00 0.00 0.00 35.28 43.08 48.58 36.67 33.88 32.30 0.00 0.00 0.00 0.00 0.00 31.12 45.33 44.42 31.33 39.14 30.70 0.00 0.00 0.00 0.00 0.00 31.42 52.51 45.59 34.95 31.03 35.70 0.00 0.00 0.00 0.00 0.00 41.29 47.16 46.04 35.38 36.67 36.22 0.00 0.00 0.00 0.00 0.00 32.71 47.72 38.68 36.91 35.19 31.32 0.00 0.00 0.00 0.00 0.00 37.00 42.28 35.00 38.04 37.40 33.06 0.00 0.00 0.00 0.00 0.00 0.00 33.97 32.07 40.89 37.57 38.81 0.00 0.00 0.00 0.00 0.00 0.00 36.58 35.08 32.50 34.20 33.65 0.00 0.00 0.00 0.00 0.00 0.00 38.44 35.62 34.60 31.86 35.93 0.00 0.00 0.00 0.00 0.00 0.00 36.46 35.27 35.41 37.24 36.95 0.00 0.00 0.00 0.00 0.00 0.00 38.14 31.19 34.68 34.97 39.08 0.00 0.00 0.00 0.00 0.00 0.00 33.56 37.86 38.63 34.58 31.23 0.00 0.00 0.00 0.00 0.00 0.00 38.91 33.12 35.68 33.21 33.23 0.00 0.00 0.00 0.00 0.00 0.00 35.06 34.54 37.41 38.80 36.34 0.00 0.00 0.00 0.00 0.00 0.00 31.63 39.52 32.54 32.03 37.67 0.00 0.00 0.00 0.00 0.00 0.00 33.95 35.71 39.22 28.89 38.04 0.00 0.00 0.00 0.00 0.00 0.00 34.58 37.59 36.92 35.78 33.13 0.00 0.00 0.00 0.00 0.00 0.00 32.42 33.94 33.38 33.98 31.72 0.00 0.00 0.00 0.00 0.00 0.00 34.86 28.46 37.03 36.94 0.00 0.00 0.00 0.00 0.00 0.00 0.00 38.42 37.70 34.87 38.50 0.00 0.00 0.00 0.00 0.00 0.00 0.00 35.26 38.63 34.69 37.52 0.00 0.00 0.00 0.00 0.00 0.00 0.00 36.03 33.14 40.15 36.18 0.00 0.00 0.00 0.00 0.00 0.00 0.00 0.00 35.56 33.00 33.04 0.00 0.00 0.00 0.00 0.00 0.00 0.00 0.00 31.76 36.43 33.13 0.00 0.00 0.00 0.00 0.00 0.00 0.00 0.00 34.23 40.29 33.70 0.00 0.00 0.00 0.00 0.00 0.00 0.00 0.00 35.60 34.29 28.46 0.00 0.00 0.00 0.00 0.00 0.00 0.00 0.00 30.20 36.57 37.27 0.00 0.00 0.00 0.00 0.00 0.00 0.00 0.00 39.10 36.42 0.00 0.00 0.00 0.00 0.00 0.00 0.00 0.00 0.00 0.00 35.36 0.00 0.00 0.00 0.00 0.00 0.00 0.00 0.00 0.00 0.00 36.48 0.00 0.00 0.00 0.00 0.00 0.00 0.00 0.00 0.00 0.00 0.00 0.00 0.00 0.00 0.00
rain_type.data=0 0 0 0 0 0 0 0 0 0 0 0 0 0 0 0 0 1 0 0 0 0 0 0 0 0 0 1 1 0 0 0 0 0 0 0 0 0 1 1 0 0 0 0 0 0 0 0 0 1 1 1 0 0 0 0 0 0 0 0 1 1 1 0 0 0 0 0 0 0 0 1 1 1 0 0 0 0 0 0 0 0 1 1 1 0 0 0 0 0 0 0 1 1 1 1 0 0 0 0 0 0 0 1 1 1 1 0 0 0 0 0 0 0 1 1 1 1 0 0 0 0 0 0 0 1 1 1 1 1 0 0 0 0 0 0 1 1 1 1 1 0 0 0 0 0 0 1 1 1 1 1 0 0 0 0 0 0 1 1 1 1 1 0 0 0 0 0 0 1 1 1 1 1 0 0 0 0 0 0 1 1 1 1 1 0 0 0 0 0 0 1 1 1 1 1 0 0 0 0 0 0 2 1 1 1 1 0 0 0 0 0 0 2 2 1 1 1 0 0 0 0 0 0 2 2 1 1 1 0 0 0 0 0 0 2 2 1 1 1 0 0 0 0 0 0 2 2 1 1 1 0 0 0 0 0 1 2 2 1 1 1 0 0 0 0 0 1 2 2 1 1 1 0 0 0 0 0 1 2 2 1 1 1 0 0 0 0 0 2 2 2 1 1 1 0 0 0 0 0 2 2 2 1 1 1 0 0 0 0 0 2 2 2 1 1 1 0 0 0 0 0 2 2 2 1 1 1 0 0 0 0 0 2 2 2 1 1 1 0 0 0 0 0 2 2 2 1 1 1 0 0 0 0 0 2 2 2 1 1 1 0 0 0 0 0 2 2 2 1 1 1 0 0 0 0 0 2 2 2 1 1 1 0 0 0 0 0 2 2 2 1 1 1 0 0 0 0 0 2 2 2 1 1 1 0 0 0 0 0 2 2 2 1 1 1 0 0 0 0 0 2 2 2 1 1 1 0 0 0 0 0 2 2 2 1 1 1 0 0 0 0 0 2 2 2 1 1 1 0 0 0 0 0 2 2 2 1 1 1 0 0 0 0 0 2 2 2 1 1 1 0 0 0 0 0 2 2 2 1 1 1 0 0 0 0 0 2 2 2 1 1 1 0 0 0 0 0 2 2 2 1 1 1 0 0 0 0 0 2 2 2 1 1 1 0 0 0 0 0 2 2 2 1 1 1 0 0 0 0 0 1 2 2 1 1 1 0 0 0 0 0 1 2 2 1 1 1 0 0 0 0 0 1 2 2 1 1 1 0 0 0 0 0 1 2 2 1 1 1 0 0 0 0 0 1 2 2 1 1 1 0 0 0 0 0 1 2 2 1 1 1 0 0 0 0 0 1 2 2 1 1 1 0 0 0 0 0 1 2 1 1 1 1 0 0 0 0 0 1 2 1 1 1 1 0 0 0 0 0 0 1 1 1 1 1 0 0 0 0 0 0 1 1 1 1 1 0 0 0 0 0 0 1 1 1 1 1 0 0 0 0 0 0 1 1 1 1 1 0 0 0 0 0 0 1 1 1 1 1 0 0 0 0 0 0 1 1 1 1 1 0 0 0 0 0 0 1 1 1 1 1 0 0 0 0 0 0 1 1 1 1 1 0 0 0 0 0 0 1 1 1 1 1 0 0 0 0 0 0 1 1 1 1 1 0 0 0 0 0 0 1 1 1 1 1 0 0 0 0 0 0 1 1 1 1 1 0 0 0 0 0 0 1 1 1 1 0 0 0 0 0 0 0 1 1 1 1 0 0 0 0 0 0 0 1 1 1 1 0 0 0 0 0 0 0 1 1 1 1 0 0 0 0 0 0 0 0 1 1 1 0 0 0 0 0 0 0 0 1 1 1 0 0 0 0 0 0 0 0 1 1 1 0 0 0 0 0 0 0 0 1 1 1 0 0 0 0 0 0 0 0 1 1 1 0 0 0 0 0 0 0 0 1 1 0 0 0 0 0 0 0 0 0 0 1 0 0 0 0 0 0 0 0 0 0 1 0 0 0 0 0 0 0 0 0 0 0 0 0 0 0
estimated_attenuation.size=902
estimated_attenuation.data=0.00 0.00 0.00 0.00 0.00 0.00 0.00 0.00 0.00 0.00 0.00 0.00 0.00 0.00 0.00 0.00 0.00 0.00 0.00 0.00 0.00 0.00 0.00 0.00 0.00 0.00 0.00 0.00 0.00 0.00 0.00 0.00 0.00 0.00 0.00 0.00 0.00 0.00 0.00 0.00 0.00 0.00 0.00 0.00 0.00 0.00 0.00 0.00 0.00 0.00 0.00 0.00 0.00 0.00 0.00 0.00 0.00 0.00 0.00 0.00 0.00 0.00 0.00 0.00 0.00 0.00 0.00 0.00 0.00 0.00 0.00 0.00 0.00 0.00 0.00 0.00 0.00 0.00 0.00 0.00 0.00 0.00 0.00 0.00 0.00 0.00 0.00 0.00 0.00 0.00 0.00 0.00 0.00 0.00 0.00 0.00 0.00 0.00 0.00 0.00 0.00 0.00 0.00 0.00 0.00 0.00 0.00 0.00 0.00 0.00 0.00 0.00 0.00 0.00 0.00 0.00 0.00 0.00 0.00 0.00 0.00 0.00 0.00 0.00 0.00 0.00 0.00 0.00 0.00 0.00 0.00 0.00 0.00 0.00 0.00 0.00 0.00 0.00 0.00 0.00 0.00 0.00 0.00 0.00 0.00 0.00 0.00 0.00 0.00 0.00 0.00 0.00 0.00 0.00 0.00 0.00 0.00 0.00 0.00 0.00 0.00 0.00 0.00 0.00 0.00 0.00 0.00 0.00 0.00 0.00 0.00 0.00 0.00 0.00 0.00 0.00 0.00 0.00 0.00 0.00 0.00 0.00 0.00 0.00 0.00 0.00 0.00 0.00 0.00 0.00 0.00 0.00 0.00 0.00 0.00 0.00 0.00 0.00 0.00 0.00 0.00 0.00 0.00 0.00 0.00 0.00 0.00 0.00 0.00 0.00 0.00 0.00 0.00 0.00 0.00 0.00 0.00 0.00 0.00 0.00 0.00 0.00 0.00 0.00 0.00 0.00 0.00 0.00 0.00 0.00 0.00 0.00 0.00 0.00 0.00 0.00 0.00 0.00 0.00 0.00 0.00 0.00 0.00 0.00 0.00 0.00 0.00 0.00 0.00 0.00 0.00 0.00 0.00 0.00 0.00 0.00 0.00 0.00 0.00 0.00 0.00 0.00 0.00 0.00 0.00 0.00 0.00 0.00 0.00 0.00 0.00 0.00 0.00 0.00 0.00 0.00 0.00 0.00 0.00 0.00 0.00 0.00 0.00 0.00 0.00 0.00 0.00 0.00 0.00 0.00 0.00 0.00 0.00 0.00 0.00 0.00 0.00 0.00 0.00 0.00 0.00 0.00 0.00 0.00 0.00 0.00 0.00 0.00 0.00 0.00 0.00 0.00 0.00 0.00 0.00 0.00 0.00 0.00 0.00 0.00 0.00 0.00 0.00 0.00 0.00 0.00 0.00 0.00 0.00 0.00 0.00 0.00 0.00 0.00 0.00 0.00 0.00 0.00 0.00 0.00 0.00 0.00 0.00 0.00 0.00 0.00 0.00 0.00 0.00 0.00 0.00 0.00 0.00 0.00 0.00 0.00 0.00 0.00 0.00 0.00 0.00 0.00 0.00 0.00 0.00 0.00 0.00 0.00 0.00 0.00 0.00 0.00 0.00 0.00 0.00 0.00 0.00 0.00 0.00 0.00 0.00 0.00 0.00 0.00 0.00 0.00 0.00 0.00 0.00 0.00 0.00 0.00 0.00 0.00 0.00 0.00 0.00 0.00 0.00 0.00 0.00 0.00 0.00 0.00 0.00 0.00 0.00 0.00 0.00 0.00 0.00 0.00 0.00 0.00 0.00 0.00 0.00 0.00 0.00 0.00 0.00 0.00 0.00 0.00 0.00 0.00 0.00 0.00 0.00 0.00 0.00 0.00 0.00 0.00 0.00 0.00 0.00 0.00 0.00 0.00 0.00 0.00 0.00 0.00 0.00 0.00 0.00 0.00 0.00 0.00 0.00 0.00 0.00 0.00 0.00 0.00 0.00 0.00 0.00 0.00 0.00 0.00 0.00 0.00 0.00 0.00 0.00 0.00 0.00 0.00 0.00 0.00 0.00 0.00 0.00 0.00 0.00 0.00 0.00 0.00 0.00 0.00 0.00 0.00 0.00 0.00 0.00 0.00 0.00 0.00 0.00 0.00 0.00 0.00 0.00 0.00 0.00 0.00 0.00 0.00 0.00 0.00 0.00 0.00 0.00 0.00 0.00 0.00 0.00 0.00 0.00 0.00 0.00 0.00 0.00 0.00 0.00 0.00 0.00 0.00 0.00 0.00 0.00 0.00 0.00 0.00 0.00 0.00 0.00 0.00 0.00 0.00 0.00 0.00 0.00 0.00 0.00 0.00 0.00 0.00 0.00 0.00 0.00 0.00 0.00 0.00 0.00 0.00 0.00 0.00 0.00 0.00 0.00 0.00 0.00 0.00 0.00 0.00 0.00 0.00 0.00 0.00 0.00 0.00 0.00 0.00 0.00 0.00 0.00 0.00 0.00 0.00 0.00 0.00 0.00 0.00 0.00 0.00 0.00 0.00 0.00 0.00 0.00 0.00 0.00 0.00 0.00 0.00 0.00 0.00 0.00 0.00 0.00 0.00 0.00 0.00 0.00 0.00 0.00 0.00 0.00 0.00 0.00 0.00 0.00 0.00 0.00 0.00 0.00 0.00 0.00 0.00 0.00 0.00 0.00 0.00 0.00 0.00 0.00 0.00 0.00 0.00 0.00 0.00 0.00 0.00 0.00 0.00 0.00 0.00 0.00 0.00 0.00 0.00 0.00 0.00 0.00 0.00 0.00 0.00 0.00 0.00 0.00 0.00 0.00 0.00 0.00 0.00 0.00 0.00 0.00 0.00 0.00 0.00 0.00 0.00 0.00 0.00 0.00 0.00 0.00 0.00 0.00 0.00 0.00 0.00 0.00 0.00 0.00 0.00 0.00 0.00 0.00 0.00 0.00 0.00 0.00 0.00 0.00 0.00 0.00 0.00 0.00 0.00 0.00 0.00 0.00 0.00 0.00 0.00 0.00 0.00 0.00 0.00 0.00 0.00 0.00 0.00 0.00 0.00 0.00 0.00 0.00 0.00 0.00 0.00 0.00 0.00 0.00 0.00 0.00 0.00 0.00 0.00 0.00 0.00 0.00 0.00 0.00 0.00 0.00 0.00 0.00 0.00 0.00 0.00 0.00 0.00 0.00 0.00 0.00 0.00 0.00 0.00 0.00 0.00 0.00 0.00 0.00 0.00 0.00 0.00 0.00 0.00 0.00 0.00 0.00 0.00 0.00 0.00 0.00 0.00 0.00 0.00 0.00 0.00 0.00 0.00 0.00 0.00 0.00 0.00 0.00 0.00 0.00 0.00 0.00 0.00 0.00 0.00 0.00 0.00 0.00 0.00 0.00 0.00 0.00 0.00 0.00 0.00 0.00 0.00 0.00 0.00 0.00 0.00 0.00 0.00 0.00 0.00 0.00 0.00 0.00 0.00 0.00 0.00 0.00 0.00 0.00 0.00 0.00 0.00 0.00 0.00 0.00 0.00 0.00 0.00 0.00 0.00 0.00 0.00 0.00 0.00 0.00 0.00 0.00 0.00 0.00 0.00 0.00 0.00 0.00 0.00 0.00 0.00 0.00 0.00 0.00 0.00 0.00 0.00 0.00 0.00 0.00 0.00 0.00 0.00 0.00 0.00 0.00 0.00 0.00 0.00 0.00 0.00 0.00 0.00 0.00 0.00 0.00 0.00 0.00 0.00 0.00 0.00 0.00 0.00 0.00 0.00 0.00 0.00 0.00 0.00 0.00 0.00 0.00 0.00 0.00 0.00 0.00 0.00 0.00 0.00 0.00 0.00 0.00 0.00 0.00 0.00 0.00 0.00 0.00 0.00 0.00 0.00 0.00 0.00 0.00 0.00 0.00 0.00 0.00 0.00 0.00 0.00 0.00 0.00 0.00 0.00 0.00 0.00
height.size=902
height.data=2673.43 2673.43 2673.43 2673.43 2673.43 2673.43 2673.43 2673.43 2673.43 2673.43 2673.43 2679.84 2679.84 2679.84 2679.84 2679.84 2679.84 2679.84 2679.84 2679.84 2679.84 2679.84 2686.26 2686.26 2686.26 2686.26 2686.26 2686.26 2686.26 2686.26 2686.26 2686.26 2686.26 2692.68 2692.68 2692.68 2692.68 2692.68 2692.68 2692.68 2692.68 2692.68 2692.68 2692.68 2699.11 2699.11 2699.11 2699.11 2699.11 2699.11 2699.11 2699.11 2699.11 2699.11 2699.11 2705.55 2705.55 2705.55 2705.55 2705.55 2705.55 2705.55 2705.55 2705.55 2705.55 2705.55 2712.00 2712.00 2712.00 2712.00 2712.00 2712.00 2712.00 2712.00 2712.00 2712.00 2712.00 2718.45 2718.45 2718.45 2718.45 2718.45 2718.45 2718.45 2718.45 2718.45 2718.45 2718.45 2724.91 2724.91 2724.91 2724.91 2724.91 2724.91 2724.91 2724.91 2724.91 2724.91 2724.91 2731.38 2731.38 2731.38 2731.38 2731.38 2731.38 2731.38 2731.38 2731.38 2731.38 2731.38 2737.86 2737.86 2737.86 2737.86 2737.86 2737.86 2737.86 2737.86 2737.86 2737.86 2737.86 2744.34 2744.34 2744.34 2744.34 2744.34 2744.34 2744.34 2744.34 2744.34 2744.34 2744.34 2750.83 2750.83 2750.83 2750.83 2750.83 2750.83 2750.83 2750.83 2750.83 2750.83 2750.83 2757.33 2757.33 2757.33 2757.33 2757.33 2757.33 2757.33 2757.33 2757.33 2757.33 2757.33 2763.83 2763.83 2763.83 2763.83 2763.83 2763.83 2763.83 2763.83 2763.83 2763.83 2763.83 2770.35 2770.35 2770.35 2770.35 2770.35 2770.35 2770.35 2770.35 2770.35 2770.35 2770.35 2776.87 2776.87 2776.87 2776.87 2776.87 2776.87 2776.87 2776.87 2776.87 2776.87 2776.87 2783.39 2783.39 2783.39 2783.39 2783.39 2783.39 2783.39 2783.39 2783.39 2783.39 2783.39 2789.93 2789.93 2789.93 2789.93 2789.93 2789.93 2789.93 2789.93 2789.93 2789.93 2789.93 2796.47 2796.47 2796.47 2796.47 2796.47 2796.47 2796.47 2796.47 2796.47 2796.47 2796.47 2803.02 2803.02 2803.02 2803.02 2803.02 2803.02 2803.02 2803.02 2803.02 2803.02 2803.02 2809.57 2809.57 2809.57 2809.57 2809.57 2809.57 2809.57 2809.57 2809.57 2809.57 2809.57 2816.14 2816.14 2816.14 2816.14 2816.14 2816.14 2816.14 2816.14 2816.14 2816.14 2816.14 2822.71 2822.71 2822.71 2822.71 2822.71 2822.71 2822.71 2822.71 2822.71 2822.71 2822.71 2829.29 2829.29 2829.29 2829.29 2829.29 2829.29 2829.29 2829.29 2829.29 2829.29 2829.29 2835.87 2835.87 2835.87 2835.87 2835.87 2835.87 2835.87 2835.87 2835.87 2835.87 2835.87 2842.47 2842.47 2842.47 2842.47 2842.47 2842.47 2842.47 2842.47 2842.47 2842.47 2842.47 2849.07 2849.07 2849.07 2849.07 2849.07 2849.07 2849.07 2849.07 2849.07 2849.07 2849.07 2855.68 2855.68 2855.68 2855.68 2855.68 2855.68 2855.68 2855.68 2855.68 2855.68 2855.68 2862.29 2862.29 2862.29 2862.29 2862.29 2862.29 2862.29 2862.29 2862.29 2862.29 2862.29 2868.91 2868.91 2868.91 2868.91 2868.91 2868.91 2868.91 2868.91 2868.91 2868.91 2868.91 2875.54 2875.54 2875.54 2875.54 2875.54 2875.54 2875.54 2875.54 2875.54 2875.54 2875.54 2882.18 2882.18 2882.18 2882.18 2882.18 2882.18 2882.18 2882.18 2882.18 2882.18 2882.18 2888.82 2888.82 2888.82 2888.82 2888.82 2888.82 2888.82 2888.82 2888.82 2888.82 2888.82 2895.48 2895.48 2895.48 2895.48 2895.48 2895.48 2895.48 2895.48 2895.48 2895.48 2895.48 2902.14 2902.14 2902.14 2902.14 2902.14 2902.14 2902.14 2902.14 2902.14 2902.14 2902.14 2908.80 2908.80 2908.80 2908.80 2908.80 2908.80 2908.80 2908.80 2908.80 2908.80 2908.80 2915.48 2915.48 2915.48 2915.48 2915.48 2915.48 2915.48 2915.48 2915.48 2915.48 2915.48 2922.16 2922.16 2922.16 2922.16 2922.16 2922.16 2922.16 2922.16 2922.16 2922.16 2922.16 2928.85 2928.85 2928.85 2928.85 2928.85 2928.85 2928.85 2928.85 2928.85 2928.85 2928.85 2935.54 2935.54 2935.54 2935.54 2935.54 2935.54 2935.54 2935.54 2935.54 2935.54 2935.54 2942.25 2942.25 2942.25 2942.25 2942.25 2942.25 2942.25 2942.25 2942.25 2942.25 2942.25 2948.96 2948.96 2948.96 2948.96 2948.96 2948.96 2948.96 2948.96 2948.96 2948.96 2948.96 2955.68 2955.68 2955.68 2955.68 2955.68 2955.68 2955.68 2955.68 2955.68 2955.68 2955.68 2962.40 2962.40 2962.40 2962.40 2962.40 2962.40 2962.40 2962.40 2962.40 2962.40 2962.40 2969.13 2969.13 2969.13 2969.13 2969.13 2969.13 2969.13 2969.13 2969.13 2969.13 2969.13 2975.87 2975.87 2975.87 2975.87 2975.87 2975.87 2975.87 2975.87 2975.87 2975.87 2975.87 2982.62 2982.62 2982.62 2982.62 2982.62 2982.62 2982.62 2982.62 2982.62 2982.62 2982.62 2989.38 2989.38 2989.38 2989.38 2989.38 2989.38 2989.38 2989.38 2989.38 2989.38 2989.38 2996.14 2996.14 2996.14 2996.14 2996.14 2996.14 2996.14 2996.14 2996.14 2996.14 2996.14 3002.91 3002.91 3002.91 3002.91 3002.91 3002.91 3002.91 3002.91 3002.91 3002.91 3002.91 3009.68 3009.68 3009.68 3009.68 3009.68 3009.68 3009.68 3009.68 3009.68 3009.68 3009.68 3016.47 3016.47 3016.47 3016.47 3016.47 3016.47 3016.47 3016.47 3016.47 3016.47 3016.47 3023.26 3023.26 3023.26 3023.26 3023.26 3023.26 3023.26 3023.26 3023.26 3023.26 3023.26 3030.06 3030.06 3030.06 3030.06 3030.06 3030.06 3030.06 3030.06 3030.06 3030.06 3030.06 3036.87 3036.87 3036.87 3036.87 3036.87 3036.87 3036.87 3036.87 3036.87 3036.87 3036.87 3043.68 3043.68 3043.68 3043.68 3043.68 3043.68 3043.68 3043.68 3043.68 3043.68 3043.68 3050.50 3050.50 3050.50 3050.50 3050.50 3050.50 3050.50 3050.50 3050.50 3050.50 3050.50 3057.33 3057.33 3057.33 3057.33 3057.33 3057.33 3057.33 3057.33 3057.33 3057.33 3057.33 3064.16 3064.16 3064.16 3064.16 3064.16 3064.16 3064.16 3064.16 3064.16 3064.16 3064.16 3071.01 3071.01 3071.01 3071.01 3071.01 3071.01 3071.01 3071.01 3071.01 3071.01 3071.01 3077.86 3077.86 3077.86 3077.86 3077.86 3077.86 3077.86 3077.86 3077.86 3077.86 3077.86 3084.72 3084.72 3084.72 3084.72 3084.72 3084.72 3084.72 3084.72 3084.72 3084.72 3084.72 3091.58 3091.58 3091.58 3091.58 3091.58 3091.58 3091.58 3091.58 3091.58 3091.58 3091.58 3098.45 3098.45 3098.45 3098.45 3098.45 3098.45 3098.45 3098.45 3098.45 3098.45 3098.45 3105.33 3105.33 3105.33 3105.33 3105.33 3105.33 3105.33 3105.33 3105.33 3105.33 3105.33 3112.22 3112.22 3112.22 3112.22 3112.22 3112.22 3112.22 3112.22 3112.22 3112.22 3112.22 3119.11 3119.11 3119.11 3119.11 3119.11 3119.11 3119.11 3119.11 3119.11 3119.11 3119.11 3126.02 3126.02 3126.02 3126.02 3126.02 3126.02 3126.02 3126.02 3126.02 3126.02 3126.02 3132.93 3132.93 3132.93 3132.93 3132.93 3132.93 3132.93 3132.93 3132.93 3132.93 3132.93 3139.84 3139.84 3139.84 3139.84 3139.84 3139.84 3139.84 3139.84 3139.84 3139.84 3139.84 3146.77 3146.77 3146.77 3146.77 3146.77 3146.77 3146.77 3146.77 3146.77 3146.77 3146.77 3153.70 3153.70 3153.70 3153.70 3153.70 3153.70 3153.70 3153.70 3153.70 3153.70 3153.70 3160.64 3160.64 3160.64 3160.64 3160.64 3160.64 3160.64 3160.64 3160.64 3160.64 3160.64 3167.58 3167.58 3167.58 3167.58 3167.58 3167.58 3167.58 3167.58 3167.58 3167.58 3167.58 3174.54 3174.54 3174.54 3174.54 3174.54 3174.54 3174.54 3174.54 3174.54 3174.54 3174.54 3181.50 3181.50 3181.50 3181.50 3181.50 3181.50 3181.50 3181.50 3181.50 3181.50 3181.50 3188.46 3188.46 3188.46 3188.46 3188.46 3188.46 3188.46 3188.46 3188.46 3188.46 3188.46 3195.44 3195.44 3195.44 3195.44 3195.44 3195.44 3195.44 3195.44 3195.44 3195.44 3195.44 3202.42 3202.42 3202.42 3202.42 3202.42 3202.42 3202.42 3202.42 3202.42 3202.42 3202.42 3209.41 3209.41 3209.41 3209.41 3209.41 3209.41 3209.41 3209.41 3209.41 3209.41 3209.41 3216.41 3216.41 3216.41 3216.41 3216.41 3216.41 3216.41 3216.41 3216.41 3216.41 3216.41
=== END RADAR_SCAN ===

