=== BEGIN RADAR_SCAN ===
scan.index=1
scan.time=120.000000
radar.id=0
radar.frequency=C
radar.scanning_mode=PPI
radar.x=0.000
radar.y=0.000
radar.z=25.000
radar.maximum_range=250000.000
radar.range_resolution=250.000
radar.angular_resolution=1.000000
box.radar_id=0
box.min_range_gate=724.000
box.max_range_gate=807.000
box.min_angle=100.000000
box.max_angle=111.000000
box.num_ranges=84
box.num_angles=11
box.range_resolution=250.000
box.angular_resolution=1.000000
box.other_angle=12.000000
grid.size=924
grid.data=0.00 0.00 0.00 0.00 0.00 0.00 0.00 0.00 0.00 0.00 0.00 0.00 0.00 0.00 0.00 0.00 0.00 0.00 0.00 0.00 0.00 0.00 0.00 0.00 0.00 0.00 0.00 0.00 0.00 0.00 0.00 0.00 0.00 0.00 0.00 0.00 0.00 0.00 0.00 0.00 0.00 0.00 0.00 0.00 0.00 0.00 0.00 0.00 0.00 0.00 0.83 0.00 0.00 0.00 0.00 0.00 0.00 0.00 0.00 0.00 0.00 -0.57 0.00 0.00 0.00 0.00 0.00 0.00 0.00 0.00 0.00 -1.67 -1.33 0.00 0.00 0.00 0.00 0.00 0.00 0.00 0.00 0.00 -1.21 0.30 -2.27 0.00 0.00 0.00 0.00 0.00 0.00 0.00 0.00 1.04 0.79 0.56 0.00 0.00 0.00 0.00 0.00 0.00 0.00 0.00 0.07 0.32 1.16 0.00 0.00 0.00 0.00 0.00 0.00 0.00 0.00 -0.46 0.04 -0.63 0.00 0.00 0.00 0.00 0.00 0.00 0.00 0.00 0.12 -0.48 1.69 0.00 0.00 0.00 0.00 0.00 0.00 0.00 0.00 -1.28 0.98 0.32 0.00 0.00 0.00 0.00 0.00 0.00 0.00 0.15 0.27 0.99 0.23 0.00 0.00 0.00 0.00 0.00 0.00 0.00 -0.01 0.65 0.30 0.74 0.00 0.00 0.00 0.00 0.00 0.00 0.00 -0.82 -1.58 -0.30 -0.59 1.41 0.00 0.00 0.00 0.00 0.00 0.00 -0.38 -0.56 -0.92 0.60 0.35 0.00 0.00 0.00 0.00 0.00 0.00 0.22 1.16 -1.73 -0.41 0.65 0.00 0.00 0.00 0.00 0.00 0.00 1.26 1.91 0.43 -0.86 1.52 0.00 0.00 0.00 0.00 0.00 0.00 1.17 0.24 0.02 0.29 -0.90 0.00 0.00 0.00 0.00 0.00 0.00 -0.12 1.29 -1.26 -0.59 -0.55 0.00 0.00 0.00 0.00 0.00 0.00 0.57 -0.30 1.67 -0.17 -0.94 0.00 0.00 0.00 0.00 0.00 0.00 0.67 -0.14 0.18 0.83 -0.40 0.00 0.00 0.00 0.00 0.00 0.00 0.62 -0.73 -0.76 0.99 -0.57 0.00 0.00 0.00 0.00 0.00 0.00 0.30 -0.09 0.05 -1.25 1.07 0.00 0.00 0.00 0.00 0.00 0.00 0.29 -0.79 0.69 2.91 -0.72 0.00 0.00 0.00 0.00 0.00 0.00 -0.80 0.61 2.26 1.59 -0.02 0.00 0.00 0.00 0.00 0.00 0.00 -1.90 0.60 0.48 -0.18 0.67 0.00 0.00 0.00 0.00 0.00 0.00 -0.85 0.36 -0.51 1.68 -0.51 0.00 0.00 0.00 0.00 0.00 0.00 -1.94 -0.35 0.32 -0.50 1.25 0.00 0.00 0.00 0.00 0.00 1.73 -0.11 -0.51 -0.56 -0.41 -0.14 0.00 0.00 0.00 0.00 0.00 -1.17 -0.18 -0.21 1.22 -0.90 -1.35 0.00 0.00 0.00 0.00 0.00 -0.34 -0.88 -1.98 -0.46 -1.64 0.72 0.00 0.00 0.00 0.00 0.00 0.70 0.70 0.53 0.24 0.02 0.08 0.00 0.00 0.00 0.00 0.00 -0.36 1.00 0.75 0.15 -0.21 1.32 0.00 0.00 0.00 0.00 0.00 1.21 -0.88 -0.39 -0.67 0.35 -0.42 0.00 0.00 0.00 0.00 0.00 1.56 1.53 0.77 -0.58 -0.54 1.29 0.00 0.00 0.00 0.00 0.00 -1.16 -0.01 -0.62 0.33 0.12 1.73 0.00 0.00 0.00 0.00 0.00 -0.33 -0.06 -0.24 -0.23 -0.74 -1.93 0.00 0.00 0.00 0.00 0.00 0.11 -0.10 -0.18 -0.95 1.35 -0.84 0.00 0.00 0.00 0.00 0.00 -0.20 0.23 -0.50 -0.71 -0.78 -1.63 0.00 0.00 0.00 0.00 0.00 -1.27 0.30 -0.73 -0.07 -1.50 -0.49 0.00 0.00 0.00 0.00 0.00 0.20 0.36 0.11 -0.73 -0.15 -1.83 0.00 0.00 0.00 0.00 0.00 0.86 -0.09 -0.73 1.02 0.89 -1.21 0.00 0.00 0.00 0.00 0.00 -1.54 0.97 1.94 -0.43 0.68 -0.98 0.00 0.00 0.00 0.00 0.00 -1.42 -1.37 -1.50 0.52 0.73 -0.22 0.00 0.00 0.00 0.00 0.00 -0.04 0.87 -0.77 1.33 0.12 2.82 0.00 0.00 0.00 0.00 0.00 0.66 -0.56 -0.97 0.29 -0.50 0.16 0.00 0.00 0.00 0.00 0.00 0.09 0.52 -0.17 0.45 0.19 0.05 0.00 0.00 0.00 0.00 0.00 -0.59 0.37 -1.15 0.80 -0.11 1.99 0.00 0.00 0.00 0.00 0.00 0.72 -1.44 -0.10 0.07 1.53 -0.15 0.00 0.00 0.00 0.00 0.00 -0.62 0.80 -1.05 1.09 -1.54 -0.36 0.00 0.00 0.00 0.00 0.00 1.26 1.43 -0.70 0.18 -1.30 -0.68 0.00 0.00 0.00 0.00 0.00 0.66 -1.44 0.17 -1.23 0.36 -1.57 0.00 0.00 0.00 0.00 0.00 -0.27 -1.59 -0.78 -1.25 0.74 2.30 0.00 0.00 0.00 0.00 0.00 0.28 0.28 -1.40 0.84 -1.03 1.51 0.00 0.00 0.00 0.00 0.00 1.01 -0.95 -0.84 -0.01 1.64 -0.62 0.00 0.00 0.00 0.00 0.00 1.53 0.21 0.63 1.54 -0.66 -0.86 0.00 0.00 0.00 0.00 0.00 0.55 0.34 -1.18 2.23 -1.39 1.96 0.00 0.00 0.00 0.00 0.00 0.00 -0.64 -0.05 -0.29 0.36 0.45 0.00 0.00 0.00 0.00 0.00 0.00 -1.05 -0.50 -0.19 -0.66 0.60 0.00 0.00 0.00 0.00 0.00 0.00 -0.43 0.41 1.46 -0.68 -0.99 0.00 0.00 0.00 0.00 0.00 0.00 -0.93 -1.11 2.08 -1.19 -0.79 0.00 0.00 0.00 0.00 0.00 0.00 0.57 0.28 -0.03 1.03 -0.37 0.00 0.00 0.00 0.00 0.00 0.00 -0.64 0.39 -1.52 -1.59 0.47 0.00 0.00 0.00 0.00 0.00 0.00 0.00 -0.12 0.87 -0.91 -0.82 0.00 0.00 0.00 0.00 0.00 0.00 -0.64 -1.38 -1.00 0.06 1.35 0.00 0.00 0.00 0.00 0.00 0.00 0.12 -1.23 -1.59 -1.36 0.80 0.00 0.00 0.00 0.00 0.00 0.00 -0.74 1.85 -0.00 -0.24 0.02 0.00 0.00 0.00 0.00 0.00 0.00 0.07 -0.16 -0.94 -0.39 -1.71 0.00 0.00 0.00 0.00 0.00 0.00 0.32 -0.60 -1.05 -1.16 -0.06 0.00 0.00 0.00 0.00 0.00 0.00 -1.02 -1.30 0.15 -0.54 -0.55 0.00 0.00 0.00 0.00 0.00 0.00 -1.80 0.60 -0.27 0.22 -0.06 0.00 0.00 0.00 0.00 0.00 0.00 0.85 1.43 -0.40 0.47 1.76 0.00 0.00 0.00 0.00 0.00 0.00 0.47 -1.23 -0.34 1.07 -0.37 0.00 0.00 0.00 0.00 0.00 0.00 -0.12 -1.04 1.91 1.41 0.00 0.00 0.00 0.00 0.00 0.00 0.00 -0.84 -1.58 -1.06 -0.10 0.00 0.00 0.00 0.00 0.00 0.00 0.00 0.08 0.24 -0.75 1.33 0.00 0.00 0.00 0.00 0.00 0.00 0.00 0.00 -0.15 0.61 1.64 0.00 0.00 0.00 0.00 0.00 0.00 0.00 0.00 -1.68 -0.26 1.17 0.00 0.00 0.00 0.00 0.00 0.00 0.00 0.00 -0.90 -0.35 -0.41 0.00 0.00 0.00 0.00 0.00 0.00 0.00 0.00 1.84 0.86 0.97 0.00 0.00 0.00 0.00 0.00 0.00 0.00 0.00 -0.12 0.27 -0.98 0.00 0.00 0.00 0.00 0.00 0.00 0.00 0.00 -0.70 1.41 1.24 0.00 0.00 0.00
rain_type.data=0 0 0 0 0 0 0 0 0 0 0 0 0 0 0 0 0 0 0 0 0 0 0 0 0 0 0 0 0 0 0 0 0 0 0 0 0 0 0 0 0 0 0 0 0 0 0 0 0 0 1 0 0 0 0 0 0 0 0 0 0 1 0 0 0 0 0 0 0 0 0 1 1 0 0 0 0 0 0 0 0 0 1 1 1 0 0 0 0 0 0 0 0 1 1 1 0 0 0 0 0 0 0 0 1 1 1 0 0 0 0 0 0 0 0 1 1 1 0 0 0 0 0 0 0 0 1 1 1 0 0 0 0 0 0 0 0 1 1 1 0 0 0 0 0 0 0 1 1 1 1 0 0 0 0 0 0 0 1 1 1 1 0 0 0 0 0 0 0 1 1 1 1 1 0 0 0 0 0 0 1 1 1 1 1 0 0 0 0 0 0 1 1 1 1 1 0 0 0 0 0 0 1 1 1 1 1 0 0 0 0 0 0 1 1 1 1 1 0 0 0 0 0 0 2 1 1 1 1 0 0 0 0 0 0 2 2 1 1 1 0 0 0 0 0 0 2 2 1 1 1 0 0 0 0 0 0 2 2 1 1 1 0 0 0 0 0 0 2 2 1 1 1 0 0 0 0 0 0 2 2 1 1 1 0 0 0 0 0 0 2 2 1 1 1 0 0 0 0 0 0 2 2 1 1 1 0 0 0 0 0 0 2 2 1 1 1 0 0 0 0 0 0 2 2 1 1 1 0 0 0 0 0 1 2 2 1 1 1 0 0 0 0 0 2 2 2 1 1 1 0 0 0 0 0 2 2 2 1 1 1 0 0 0 0 0 2 2 2 1 1 1 0 0 0 0 0 2 2 2 1 1 1 0 0 0 0 0 2 2 2 1 1 1 0 0 0 0 0 2 2 2 1 1 1 0 0 0 0 0 2 2 2 1 1 1 0 0 0 0 0 2 2 2 1 1 1 0 0 0 0 0 2 2 2 1 1 1 0 0 0 0 0 2 2 2 1 1 1 0 0 0 0 0 2 2 2 1 1 1 0 0 0 0 0 2 2 2 1 1 1 0 0 0 0 0 2 2 2 1 1 1 0 0 0 0 0 2 2 2 1 1 1 0 0 0 0 0 2 2 2 1 1 1 0 0 0 0 0 2 2 2 1 1 1 0 0 0 0 0 2 2 2 1 1 1 0 0 0 0 0 2 2 2 1 1 1 0 0 0 0 0 1 2 2 1 1 1 0 0 0 0 0 1 2 2 1 1 1 0 0 0 0 0 1 2 2 1 1 1 0 0 0 0 0 1 2 2 1 1 1 0 0 0 0 0 1 2 2 1 1 1 0 0 0 0 0 1 2 2 1 1 1 0 0 0 0 0 1 2 2 1 1 1 0 0 0 0 0 1 2 2 1 1 1 0 0 0 0 0 1 2 2 1 1 1 0 0 0 0 0 1 2 2 1 1 1 0 0 0 0 0 0 2 1 1 1 1 0 0 0 0 0 0 1 1 1 1 1 0 0 0 0 0 0 1 1 1 1 1 0 0 0 0 0 0 1 1 1 1 1 0 0 0 0 0 0 1 1 1 1 1 0 0 0 0 0 0 1 1 1 1 1 0 0 0 0 0 0 1 1 1 1 1 0 0 0 0 0 0 1 1 1 1 1 0 0 0 0 0 0 1 1 1 1 1 0 0 0 0 0 0 1 1 1 1 1 0 0 0 0 0 0 1 1 1 1 1 0 0 0 0 0 0 1 1 1 1 1 0 0 0 0 0 0 1 1 1 1 1 0 0 0 0 0 0 1 1 1 1 1 0 0 0 0 0 0 1 1 1 1 1 0 0 0 0 0 0 1 1 1 1 1 0 0 0 0 0 0 1 1 1 1 0 0 0 0 0 0 0 1 1 1 1 0 0 0 0 0 0 0 1 1 1 1 0 0 0 0 0 0 0 0 1 1 1 0 0 0 0 0 0 0 0 1 1 1 0 0 0 0 0 0 0 0 1 1 1 0 0 0 0 0 0 0 0 1 1 1 0 0 0 0 0 0 0 0 1 1 1 0 0 0 0 0 0 0 0 1 1 1 0 0 0
estimated_attenuation.size=924
estimated_attenuation.data=0.00 0.00 0.00 0.00 0.00 0.00 0.00 0.00 0.00 0.00 0.00 0.00 0.00 0.00 0.00 0.00 0.00 0.00 0.00 0.00 0.00 0.00 0.00 0.00 0.00 0.00 0.00 0.00 0.00 0.00 0.00 0.00 0.00 0.00 0.00 0.00 0.00 0.00 0.00 0.00 0.00 0.00 0.00 0.00 0.00 0.00 0.00 0.00 0.00 0.00 0.00 0.00 0.00 0.00 0.00 0.00 0.00 0.00 0.00 0.00 0.00 0.00 0.00 0.00 0.00 0.00 0.00 0.00 0.00 0.00 0.00 0.00 0.00 0.00 0.00 0.00 0.00 0.00 0.00 0.00 0.00 0.00 0.00 0.00 0.00 0.00 0.00 0.00 0.00 0.00 0.00 0.00 0.00 0.00 0.00 0.00 0.00 0.00 0.00 0.00 0.00 0.00 0.00 0.00 0.00 0.00 0.00 0.00 0.00 0.00 0.00 0.00 0.00 0.00 0.00 0.00 0.00 0.00 0.00 0.00 0.00 0.00 0.00 0.00 0.00 0.00 0.00 0.00 0.00 0.00 0.00 0.00 0.00 0.00 0.00 0.00 0.00 0.00 0.00 0.00 0.00 0.00 0.00 0.00 0.00 0.00 0.00 0.00 0.00 0.00 0.00 0.00 0.00 0.00 0.00 0.00 0.00 0.00 0.00 0.00 0.00 0.00 0.00 0.00 0.00 0.00 0.00 0.00 0.00 0.00 0.00 0.00 0.00 0.00 0.00 0.00 0.00 0.00 0.00 0.00 0.00 0.00 0.00 0.00 0.00 0.00 0.00 0.00 0.00 0.00 0.00 0.00 0.00 0.00 0.00 0.00 0.00 0.00 0.00 0.00 0.00 0.00 0.00 0.00 0.00 0.00 0.00 0.00 0.00 0.00 0.00 0.00 0.00 0.00 0.00 0.00 0.00 0.00 0.00 0.00 0.00 0.00 0.00 0.00 0.00 0.00 0.00 0.00 0.00 0.00 0.00 0.00 0.00 0.00 0.00 0.00 0.00 0.00 0.00 0.00 0.00 0.00 0.00 0.00 0.00 0.00 0.00 0.00 0.00 0.00 0.00 0.00 0.00 0.00 0.00 0.00 0.00 0.00 0.00 0.00 0.00 0.00 0.00 0.00 0.00 0.00 0.00 0.00 0.00 0.00 0.00 0.00 0.00 0.00 0.00 0.00 0.00 0.00 0.00 0.00 0.00 0.00 0.00 0.00 0.00 0.00 0.00 0.00 0.00 0.00 0.00 0.00 0.00 0.00 0.00 0.00 0.00 0.00 0.00 0.00 0.00 0.00 0.00 0.00 0.00 0.00 0.00 0.00 0.00 0.00 0.00 0.00 0.00 0.00 0.00 0.00 0.00 0.00 0.00 0.00 0.00 0.00 0.00 0.00 0.00 0.00 0.00 0.00 0.00 0.00 0.00 0.00 0.00 0.00 0.00 0.00 0.00 0.00 0.00 0.00 0.00 0.00 0.00 0.00 0.00 0.00 0.00 0.00 0.00 0.00 0.00 0.00 0.00 0.00 0.00 0.00 0.00 0.00 0.00 0.00 0.00 0.00 0.00 0.00 0.00 0.00 0.00 0.00 0.00 0.00 0.00 0.00 0.00 0.00 0.00 0.00 0.00 0.00 0.00 0.00 0.00 0.00 0.00 0.00 0.00 0.00 0.00 0.00 0.00 0.00 0.00 0.00 0.00 0.00 0.00 0.00 0.00 0.00 0.00 0.00 0.00 0.00 0.00 0.00 0.00 0.00 0.00 0.00 0.00 0.00 0.00 0.00 0.00 0.00 0.00 0.00 0.00 0.00 0.00 0.00 0.00 0.00 0.00 0.00 0.00 0.00 0.00 0.00 0.00 0.00 0.00 0.00 0.00 0.00 0.00 0.00 0.00 0.00 0.00 0.00 0.00 0.00 0.00 0.00 0.00 0.00 0.00 0.00 0.00 0.00 0.00 0.00 0.00 0.00 0.00 0.00 0.00 0.00 0.00 0.00 0.00 0.00 0.00 0.00 0.00 0.00 0.00 0.00 0.00 0.00 0.00 0.00 0.00 0.00 0.00 0.00 0.00 0.00 0.00 0.00 0.00 0.00 0.00 0.00 0.00 0.00 0.00 0.00 0.00 0.00 0.00 0.00 0.00 0.00 0.00 0.00 0.00 0.00 0.00 0.00 0.00 0.00 0.00 0.00 0.00 0.00 0.00 0.00 0.00 0.00 0.00 0.00 0.00 0.00 0.00 0.00 0.00 0.00 0.00 0.00 0.00 0.00 0.00 0.00 0.00 0.00 0.00 0.00 0.00 0.00 0.00 0.00 0.00 0.00 0.00 0.00 0.00 0.00 0.00 0.00 0.00 0.00 0.00 0.00 0.00 0.00 0.00 0.00 0.00 0.00 0.00 0.00 0.00 0.00 0.00 0.00 0.00 0.00 0.00 0.00 0.00 0.00 0.00 0.00 0.00 0.00 0.00 0.00 0.00 0.00 0.00 0.00 0.00 0.00 0.00 0.00 0.00 0.00 0.00 0.00 0.00 0.00 0.00 0.00 0.00 0.00 0.00 0.00 0.00 0.00 0.00 0.00 0.00 0.00 0.00 0.00 0.00 0.00 0.00 0.00 0.00 0.00 0.00 0.00 0.00 0.00 0.00 0.00 0.00 0.00 0.00 0.00 0.00 0.00 0.00 0.00 0.00 0.00 0.00 0.00 0.00 0.00 0.00 0.00 0.00 0.00 0.00 0.00 0.00 0.00 0.00 0.00 0.00 0.00 0.00 0.00 0.00 0.00 0.00 0.00 0.00 0.00 0.00 0.00 0.00 0.00 0.00 0.00 0.00 0.00 0.00 0.00 0.00 0.00 0.00 0.00 0.00 0.00 0.00 0.00 0.00 0.00 0.00 0.00 0.00 0.00 0.00 0.00 0.00 0.00 0.00 0.00 0.00 0.00 0.00 0.00 0.00 0.00 0.00 0.00 0.00 0.00 0.00 0.00 0.00 0.00 0.00 0.00 0.00 0.00 0.00 0.00 0.00 0.00 0.00 0.00 0.00 0.00 0.00 0.00 0.00 0.00 0.00 0.00 0.00 0.00 0.00 0.00 0.00 0.00 0.00 0.00 0.00 0.00 0.00 0.00 0.00 0.00 0.00 0.00 0.00 0.00 0.00 0.00 0.00 0.00 0.00 0.00 0.00 0.00 0.00 0.00 0.00 0.00 0.00 0.00 0.00 0.00 0.00 0.00 0.00 0.00 0.00 0.00 0.00 0.00 0.00 0.00 0.00 0.00 0.00 0.00 0.00 0.00 0.00 0.00 0.00 0.00 0.00 0.00 0.00 0.00 0.00 0.00 0.00 0.00 0.00 0.00 0.00 0.00 0.00 0.00 0.00 0.00 0.00 0.00 0.00 0.00 0.00 0.00 0.00 0.00 0.00 0.00 0.00 0.00 0.00 0.00 0.00 0.00 0.00 0.00 0.00 0.00 0.00 0.00 0.00 0.00 0.00 0.00 0.00 0.00 0.00 0.00 0.00 0.00 0.00 0.00 0.00 0.00 0.00 0.00 0.00 0.00 0.00 0.00 0.00 0.00 0.00 0.00 0.00 0.00 0.00 0.00 0.00 0.00 0.00 0.00 0.00 0.00 0.00 0.00 0.00 0.00 0.00 0.00 0.00 0.00 0.00 0.00 0.00 0.00 0.00 0.00 0.00 0.00 0.00 0.00 0.00 0.00 0.00 0.00 0.00 0.00 0.00 0.00 0.00 0.00 0.00 0.00 0.00 0.00 0.00 0.00 0.00 0.00 0.00 0.00 0.00 0.00 0.00 0.00 0.00 0.00 0.00 0.00 0.00 0.00 0.00 0.00 0.00 0.00 0.00 0.00 0.00 0.00 0.00 0.00 0.00 0.00 0.00 0.00 0.00 0.00 0.00 0.00 0.00 0.00 0.00 0.00 0.00 0.00 0.00 0.00 0.00 0.00 0.00 0.00 0.00 0.00 0.00 0.00 0.00 0.00 0.00 0.00 0.00 0.00 0.00 0.00 0.00 0.00 0.00 0.00
height.size=924
height.data=39468.65 39468.65 39468.65 39468.65 39468.65 39468.65 39468.65 39468.65 39468.65 39468.65 39468.65 39525.69 39525.69 39525.69 39525.69 39525.69 39525.69 39525.69 39525.69 39525.69 39525.69 39525.69 39582.74 39582.74 39582.74 39582.74 39582.74 39582.74 39582.74 39582.74 39582.74 39582.74 39582.74 39639.80 39639.80 39639.80 39639.80 39639.80 39639.80 39639.80 39639.80 39639.80 39639.80 39639.80 39696.86 39696.86 39696.86 39696.86 39696.86 39696.86 39696.86 39696.86 39696.86 39696.86 39696.86 39753.93 39753.93 39753.93 39753.93 39753.93 39753.93 39753.93 39753.93 39753.93 39753.93 39753.93 39811.01 39811.01 39811.01 39811.01 39811.01 39811.01 39811.01 39811.01 39811.01 39811.01 39811.01 39868.09 39868.09 39868.09 39868.09 39868.09 39868.09 39868.09 39868.09 39868.09 39868.09 39868.09 39925.19 39925.19 39925.19 39925.19 39925.19 39925.19 39925.19 39925.19 39925.19 39925.19 39925.19 39982.28 39982.28 39982.28 39982.28 39982.28 39982.28 39982.28 39982.28 39982.28 39982.28 39982.28 40039.39 40039.39 40039.39 40039.39 40039.39 40039.39 40039.39 40039.39 40039.39 40039.39 40039.39 40096.50 40096.50 40096.50 40096.50 40096.50 40096.50 40096.50 40096.50 40096.50 40096.50 40096.50 40153.62 40153.62 40153.62 40153.62 40153.62 40153.62 40153.62 40153.62 40153.62 40153.62 40153.62 40210.75 40210.75 40210.75 40210.75 40210.75 40210.75 40210.75 40210.75 40210.75 40210.75 40210.75 40267.88 40267.88 40267.88 40267.88 40267.88 40267.88 40267.88 40267.88 40267.88 40267.88 40267.88 40325.02 40325.02 40325.02 40325.02 40325.02 40325.02 40325.02 40325.02 40325.02 40325.02 40325.02 40382.17 40382.17 40382.17 40382.17 40382.17 40382.17 40382.17 40382.17 40382.17 40382.17 40382.17 40439.32 40439.32 40439.32 40439.32 40439.32 40439.32 40439.32 40439.32 40439.32 40439.32 40439.32 40496.49 40496.49 40496.49 40496.49 40496.49 40496.49 40496.49 40496.49 40496.49 40496.49 40496.49 40553.65 40553.65 40553.65 40553.65 40553.65 40553.65 40553.65 40553.65 40553.65 40553.65 40553.65 40610.83 40610.83 40610.83 40610.83 40610.83 40610.83 40610.83 40610.83 40610.83 40610.83 40610.83 40668.01 40668.01 40668.01 40668.01 40668.01 40668.01 40668.01 40668.01 40668.01 40668.01 40668.01 40725.20 40725.20 40725.20 40725.20 40725.20 40725.20 40725.20 40725.20 40725.20 40725.20 40725.20 40782.40 40782.40 40782.40 40782.40 40782.40 40782.40 40782.40 40782.40 40782.40 40782.40 40782.40 40839.60 40839.60 40839.60 40839.60 40839.60 40839.60 40839.60 40839.60 40839.60 40839.60 40839.60 40896.81 40896.81 40896.81 40896.81 40896.81 40896.81 40896.81 40896.81 40896.81 40896.81 40896.81 40954.02 40954.02 40954.02 40954.02 40954.02 40954.02 40954.02 40954.02 40954.02 40954.02 40954.02 41011.25 41011.25 41011.25 41011.25 41011.25 41011.25 41011.25 41011.25 41011.25 41011.25 41011.25 41068.48 41068.48 41068.48 41068.48 41068.48 41068.48 41068.48 41068.48 41068.48 41068.48 41068.48 41125.72 41125.72 41125.72 41125.72 41125.72 41125.72 41125.72 41125.72 41125.72 41125.72 41125.72 41182.96 41182.96 41182.96 41182.96 41182.96 41182.96 41182.96 41182.96 41182.96 41182.96 41182.96 41240.21 41240.21 41240.21 41240.21 41240.21 41240.21 41240.21 41240.21 41240.21 41240.21 41240.21 41297.47 41297.47 41297.47 41297.47 41297.47 41297.47 41297.47 41297.47 41297.47 41297.47 41297.47 41354.74 41354.74 41354.74 41354.74 41354.74 41354.74 41354.74 41354.74 41354.74 41354.74 41354.74 41412.01 41412.01 41412.01 41412.01 41412.01 41412.01 41412.01 41412.01 41412.01 41412.01 41412.01 41469.29 41469.29 41469.29 41469.29 41469.29 41469.29 41469.29 41469.29 41469.29 41469.29 41469.29 41526.57 41526.57 41526.57 41526.57 41526.57 41526.57 41526.57 41526.57 41526.57 41526.57 41526.57 41583.87 41583.87 41583.87 41583.87 41583.87 41583.87 41583.87 41583.87 41583.87 41583.87 41583.87 41641.17 41641.17 41641.17 41641.17 41641.17 41641.17 41641.17 41641.17 41641.17 41641.17 41641.17 41698.47 41698.47 41698.47 41698.47 41698.47 41698.47 41698.47 41698.47 41698.47 41698.47 41698.47 41755.79 41755.79 41755.79 41755.79 41755.79 41755.79 41755.79 41755.79 41755.79 41755.79 41755.79 41813.11 41813.11 41813.11 41813.11 41813.11 41813.11 41813.11 41813.11 41813.11 41813.11 41813.11 41870.44 41870.44 41870.44 41870.44 41870.44 41870.44 41870.44 41870.44 41870.44 41870.44 41870.44 41927.77 41927.77 41927.77 41927.77 41927.77 41927.77 41927.77 41927.77 41927.77 41927.77 41927.77 41985.11 41985.11 41985.11 41985.11 41985.11 41985.11 41985.11 41985.11 41985.11 41985.11 41985.11 42042.46 42042.46 42042.46 42042.46 42042.46 42042.46 42042.46 42042.46 42042.46 42042.46 42042.46 42099.82 42099.82 42099.82 42099.82 42099.82 42099.82 42099.82 42099.82 42099.82 42099.82 42099.82 42157.18 42157.18 42157.18 42157.18 42157.18 42157.18 42157.18 42157.18 42157.18 42157.18 42157.18 42214.55 42214.55 42214.55 42214.55 42214.55 42214.55 42214.55 42214.55 42214.55 42214.55 42214.55 42271.92 42271.92 42271.92 42271.92 42271.92 42271.92 42271.92 42271.92 42271.92 42271.92 42271.92 42329.31 42329.31 42329.31 42329.31 42329.31 42329.31 42329.31 42329.31 42329.31 42329.31 42329.31 42386.70 42386.70 42386.70 42386.70 42386.70 42386.70 42386.70 42386.70 42386.70 42386.70 42386.70 42444.09 42444.09 42444.09 42444.09 42444.09 42444.09 42444.09 42444.09 42444.09 42444.09 42444.09 42501.50 42501.50 42501.50 42501.50 42501.50 42501.50 42501.50 42501.50 42501.50 42501.50 42501.50 42558.91 42558.91 42558.91 42558.91 42558.91 42558.91 42558.91 42558.91 42558.91 42558.91 42558.91 42616.33 42616.33 42616.33 42616.33 42616.33 42616.33 42616.33 42616.33 42616.33 42616.33 42616.33 42673.75 42673.75 42673.75 42673.75 42673.75 42673.75 42673.75 42673.75 42673.75 42673.75 42673.75 42731.18 42731.18 42731.18 42731.18 42731.18 42731.18 42731.18 42731.18 42731.18 42731.18 42731.18 42788.62 42788.62 42788.62 42788.62 42788.62 42788.62 42788.62 42788.62 42788.62 42788.62 42788.62 42846.07 42846.07 42846.07 42846.07 42846.07 42846.07 42846.07 42846.07 42846.07 42846.07 42846.07 42903.52 42903.52 42903.52 42903.52 42903.52 42903.52 42903.52 42903.52 42903.52 42903.52 42903.52 42960.98 42960.98 42960.98 42960.98 42960.98 42960.98 42960.98 42960.98 42960.98 42960.98 42960.98 43018.45 43018.45 43018.45 43018.45 43018.45 43018.45 43018.45 43018.45 43018.45 43018.45 43018.45 43075.92 43075.92 43075.92 43075.92 43075.92 43075.92 43075.92 43075.92 43075.92 43075.92 43075.92 43133.40 43133.40 43133.40 43133.40 43133.40 43133.40 43133.40 43133.40 43133.40 43133.40 43133.40 43190.89 43190.89 43190.89 43190.89 43190.89 43190.89 43190.89 43190.89 43190.89 43190.89 43190.89 43248.38 43248.38 43248.38 43248.38 43248.38 43248.38 43248.38 43248.38 43248.38 43248.38 43248.38 43305.88 43305.88 43305.88 43305.88 43305.88 43305.88 43305.88 43305.88 43305.88 43305.88 43305.88 43363.39 43363.39 43363.39 43363.39 43363.39 43363.39 43363.39 43363.39 43363.39 43363.39 43363.39 43420.91 43420.91 43420.91 43420.91 43420.91 43420.91 43420.91 43420.91 43420.91 43420.91 43420.91 43478.43 43478.43 43478.43 43478.43 43478.43 43478.43 43478.43 43478.43 43478.43 43478.43 43478.43 43535.96 43535.96 43535.96 43535.96 43535.96 43535.96 43535.96 43535.96 43535.96 43535.96 43535.96 43593.49 43593.49 43593.49 43593.49 43593.49 43593.49 43593.49 43593.49 43593.49 43593.49 43593.49 43651.04 43651.04 43651.04 43651.04 43651.04 43651.04 43651.04 43651.04 43651.04 43651.04 43651.04 43708.59 43708.59 43708.59 43708.59 43708.59 43708.59 43708.59 43708.59 43708.59 43708.59 43708.59 43766.14 43766.14 43766.14 43766.14 43766.14 43766.14 43766.14 43766.14 43766.14 43766.14 43766.14 43823.71 43823.71 43823.71 43823.71 43823.71 43823.71 43823.71 43823.71 43823.71 43823.71 43823.71 43881.28 43881.28 43881.28 43881.28 43881.28 43881.28 43881.28 43881.28 43881.28 43881.28 43881.28 43938.85 43938.85 43938.85 43938.85 43938.85 43938.85 43938.85 43938.85 43938.85 43938.85 43938.85 43996.44 43996.44 43996.44 43996.44 43996.44 43996.44 43996.44 43996.44 43996.44 43996.44 43996.44 44054.03 44054.03 44054.03 44054.03 44054.03 44054.03 44054.03 44054.03 44054.03 44054.03 44054.03 44111.63 44111.63 44111.63 44111.63 44111.63 44111.63 44111.63 44111.63 44111.63 44111.63 44111.63 44169.23 44169.23 44169.23 44169.23 44169.23 44169.23 44169.23 44169.23 44169.23 44169.23 44169.23 44226.84 44226.84 44226.84 44226.84 44226.84 44226.84 44226.84 44226.84 44226.84 44226.84 44226.84
=== END RADAR_SCAN ===

=== BEGIN RADAR_SCAN ===
scan.index=2
scan.time=120.330000
radar.id=0
radar.frequency=C
radar.scanning_mode=PPI
radar.x=0.000
radar.y=0.000
radar.z=25.000
radar.maximum_range=250000.000
radar.range_resolution=250.000
radar.angular_resolution=1.000000
box.radar_id=0
box.min_range_gate=715.000
box.max_range_gate=797.000
box.min_angle=100.000000
box.max_angle=111.000000
box.num_ranges=83
box.num_angles=11
box.range_resolution=250.000
box.angular_resolution=1.000000
box.other_angle=8.000000
grid.size=913
grid.data=0.00 0.00 0.00 0.00 0.00 0.00 0.00 0.00 0.00 0.00 0.00 0.00 0.00 0.00 0.00 0.00 0.00 0.00 0.00 0.00 0.00 0.00 0.00 0.00 0.00 0.00 0.00 0.00 0.00 0.00 0.00 0.00 0.00 0.00 0.00 0.00 0.00 0.00 0.00 2.00 0.00 0.00 0.00 0.00 0.00 0.00 0.00 0.00 0.00 0.00 -0.40 0.00 0.00 0.00 0.00 0.00 0.00 0.00 0.00 0.00 1.04 -0.66 0.00 0.00 0.00 0.00 0.00 0.00 0.00 0.00 0.00 0.60 -0.50 1.83 0.00 0.00 0.00 0.00 0.00 0.00 0.00 0.00 -1.49 1.22 -0.02 0.00 0.00 0.00 0.00 0.00 0.00 0.00 0.00 1.01 -0.26 -0.09 0.00 0.00 0.00 0.00 0.00 0.00 0.00 0.00 -0.74 0.81 -0.49 0.00 0.00 0.00 0.00 0.00 0.00 0.00 0.00 -1.94 0.97 -0.71 0.00 0.00 0.00 0.00 0.00 0.00 0.00 -0.38 0.20 -0.46 -1.60 0.00 0.00 0.00 0.00 0.00 0.00 0.00 -1.27 0.69 -0.91 -0.52 0.00 0.00 0.00 0.00 0.00 0.00 0.00 0.44 1.07 1.82 -0.50 0.00 0.00 0.00 0.00 0.00 0.00 0.00 2.29 0.49 -0.36 -0.16 -1.99 0.00 0.00 0.00 0.00 0.00 0.00 -1.32 -1.25 -0.88 0.12 -2.91 0.00 0.00 0.00 0.00 0.00 0.00 0.89 -0.14 -0.09 -2.62 1.10 0.00 0.00 0.00 0.00 0.00 0.00 -0.18 -0.59 -1.03 -0.54 -0.56 0.00 0.00 0.00 0.00 0.00 0.00 2.37 0.52 0.35 1.01 2.03 0.00 0.00 0.00 0.00 0.00 0.00 -0.70 0.63 -0.44 1.23 -0.36 0.00 0.00 0.00 0.00 0.00 0.00 0.34 -0.46 -0.65 -0.62 -1.22 0.00 0.00 0.00 0.00 0.00 0.00 -0.05 0.53 0.41 1.22 -0.12 0.00 0.00 0.00 0.00 0.00 0.00 0.76 -1.01 1.16 -1.54 -0.44 0.00 0.00 0.00 0.00 0.00 0.00 0.92 -0.17 0.25 0.46 -1.78 0.00 0.00 0.00 0.00 0.00 0.00 1.81 -0.40 1.42 0.60 0.05 0.00 0.00 0.00 0.00 0.00 0.00 -0.69 0.07 -0.63 0.13 0.38 0.00 0.00 0.00 0.00 0.00 0.00 1.01 0.60 -0.77 1.96 -2.35 0.00 0.00 0.00 0.00 0.00 0.00 -0.15 -0.80 -1.61 -2.67 -0.22 0.00 0.00 0.00 0.00 0.00 -0.96 0.35 -0.28 -1.41 1.11 -0.26 0.00 0.00 0.00 0.00 0.00 1.08 -0.55 0.38 0.44 0.70 -1.07 0.00 0.00 0.00 0.00 0.00 0.36 1.40 2.40 1.09 0.98 -0.37 0.00 0.00 0.00 0.00 0.00 0.39 -1.05 0.64 -0.57 0.17 -0.38 0.00 0.00 0.00 0.00 0.00 0.35 -0.53 -0.00 1.07 0.42 -0.34 0.00 0.00 0.00 0.00 0.00 0.45 -0.87 1.54 0.89 0.30 -0.35 0.00 0.00 0.00 0.00 0.00 0.17 1.43 -1.23 -0.16 1.84 1.44 0.00 0.00 0.00 0.00 0.00 0.54 1.05 1.10 -0.05 0.04 -1.17 0.00 0.00 0.00 0.00 0.00 0.89 -0.32 1.44 0.28 -0.75 1.67 0.00 0.00 0.00 0.00 0.00 1.05 -1.48 0.14 -2.39 -1.35 0.82 0.00 0.00 0.00 0.00 0.00 0.30 -0.17 -0.08 -0.94 -1.73 0.22 0.00 0.00 0.00 0.00 0.00 1.69 0.27 -0.86 0.17 1.88 -1.63 0.00 0.00 0.00 0.00 0.00 -0.43 0.81 1.57 -0.98 -2.15 -1.82 0.00 0.00 0.00 0.00 0.00 -2.16 0.92 -0.14 1.54 0.34 -0.17 0.00 0.00 0.00 0.00 0.00 -0.70 -0.48 -0.78 -0.67 1.25 -0.67 0.00 0.00 0.00 0.00 0.00 1.56 -1.04 -1.62 0.54 -1.91 1.03 0.00 0.00 0.00 0.00 0.00 -0.98 0.49 -0.93 -0.92 -0.44 0.99 0.00 0.00 0.00 0.00 0.00 0.19 -0.04 1.42 0.41 -0.63 0.88 0.00 0.00 0.00 0.00 0.00 1.71 -0.33 -0.37 0.14 -0.67 0.33 0.00 0.00 0.00 0.00 0.00 -1.07 -1.17 -0.00 -1.78 -0.62 0.85 0.00 0.00 0.00 0.00 0.00 0.17 0.39 -0.37 1.00 0.11 -0.17 0.00 0.00 0.00 0.00 0.00 0.40 -0.11 -1.64 -0.06 -0.85 1.77 0.00 0.00 0.00 0.00 0.00 -0.71 0.75 1.32 1.20 0.86 0.39 0.00 0.00 0.00 0.00 0.00 0.22 0.66 2.08 -1.36 1.06 2.25 0.00 0.00 0.00 0.00 0.00 0.07 -1.11 -0.60 0.29 1.90 1.66 0.00 0.00 0.00 0.00 0.00 -0.75 -0.45 0.86 1.22 0.43 0.54 0.00 0.00 0.00 0.00 0.00 1.39 -0.13 1.62 -1.82 -0.63 -1.54 0.00 0.00 0.00 0.00 0.00 0.36 0.49 0.19 0.96 2.82 -1.65 0.00 0.00 0.00 0.00 0.00 0.14 -1.12 -0.78 1.03 -1.60 -0.49 0.00 0.00 0.00 0.00 0.00 -0.04 -0.53 -0.67 0.93 -0.34 1.60 0.00 0.00 0.00 0.00 0.00 0.00 -0.11 -1.13 -0.45 1.43 0.69 0.00 0.00 0.00 0.00 0.00 0.00 -1.27 1.54 -0.62 1.23 0.45 0.00 0.00 0.00 0.00 0.00 0.00 -0.34 -0.08 -0.35 -1.44 -0.56 0.00 0.00 0.00 0.00 0.00 0.00 0.18 -1.64 -0.56 -0.55 0.30 0.00 0.00 0.00 0.00 0.00 0.00 0.05 0.58 0.67 0.57 -0.23 0.00 0.00 0.00 0.00 0.00 0.00 -1.29 0.85 -0.30 2.44 0.32 0.00 0.00 0.00 0.00 0.00 0.00 -0.30 -0.41 -2.20 0.19 -0.00 0.00 0.00 0.00 0.00 0.00 0.00 -0.24 0.14 0.61 0.03 1.37 0.00 0.00 0.00 0.00 0.00 0.00 -0.52 0.19 0.02 -0.03 -0.54 0.00 0.00 0.00 0.00 0.00 0.00 -1.05 -1.06 0.50 0.21 -0.21 0.00 0.00 0.00 0.00 0.00 0.00 2.39 -0.39 0.66 1.17 1.05 0.00 0.00 0.00 0.00 0.00 0.00 1.16 0.62 -0.48 0.19 -1.21 0.00 0.00 0.00 0.00 0.00 0.00 -0.20 0.17 -1.74 0.74 0.22 0.00 0.00 0.00 0.00 0.00 0.00 0.33 1.12 -0.69 -0.73 1.26 0.00 0.00 0.00 0.00 0.00 0.00 -0.97 1.01 -0.35 -0.46 0.00 0.00 0.00 0.00 0.00 0.00 0.00 -1.38 0.55 1.49 0.08 0.00 0.00 0.00 0.00 0.00 0.00 0.00 1.27 0.07 0.18 1.36 0.00 0.00 0.00 0.00 0.00 0.00 0.00 0.78 3.00 -0.02 0.31 0.00 0.00 0.00 0.00 0.00 0.00 0.00 0.00 -1.33 0.05 -1.50 0.00 0.00 0.00 0.00 0.00 0.00 0.00 0.00 1.70 0.47 0.00 0.00 0.00 0.00 0.00 0.00 0.00 0.00 0.00 -1.85 0.51 0.64 0.00 0.00 0.00 0.00 0.00 0.00 0.00 0.00 1.76 0.92 -0.33 0.00 0.00 0.00 0.00 0.00 0.00 0.00 0.00 0.78 -0.18 2.39 0.00 0.00 0.00 0.00 0.00 0.00 0.00 0.00 -1.88 -0.92 0.00 0.00 0.00 0.00 0.00 0.00 0.00 0.00 0.00 0.38 1.33 0.00 0.00 0.00 0.00
rain_type.data=0 0 0 0 0 0 0 0 0 0 0 0 0 0 0 0 0 0 0 0 0 0 0 0 0 0 0 0 0 0 0 0 0 0 0 0 0 0 0 1 0 0 0 0 0 0 0 0 0 0 1 0 0 0 0 0 0 0 0 0 1 1 0 0 0 0 0 0 0 0 0 1 1 1 0 0 0 0 0 0 0 0 1 1 1 0 0 0 0 0 0 0 0 1 1 1 0 0 0 0 0 0 0 0 1 1 1 0 0 0 0 0 0 0 0 1 1 1 0 0 0 0 0 0 0 1 1 1 1 0 0 0 0 0 0 0 1 1 1 1 0 0 0 0 0 0 0 1 1 1 1 0 0 0 0 0 0 0 1 1 1 1 1 0 0 0 0 0 0 1 1 1 1 1 0 0 0 0 0 0 1 1 1 1 1 0 0 0 0 0 0 1 1 1 1 1 0 0 0 0 0 0 1 1 1 1 1 0 0 0 0 0 0 2 1 1 1 1 0 0 0 0 0 0 2 2 1 1 1 0 0 0 0 0 0 2 2 1 1 1 0 0 0 0 0 0 2 2 1 1 1 0 0 0 0 0 0 2 2 1 1 1 0 0 0 0 0 0 2 2 1 1 1 0 0 0 0 0 0 2 2 1 1 1 0 0 0 0 0 0 2 2 1 1 1 0 0 0 0 0 0 2 2 1 1 1 0 0 0 0 0 1 2 2 1 1 1 0 0 0 0 0 2 2 2 1 1 1 0 0 0 0 0 2 2 2 1 1 1 0 0 0 0 0 2 2 2 1 1 1 0 0 0 0 0 2 2 2 1 1 1 0 0 0 0 0 2 2 2 1 1 1 0 0 0 0 0 2 2 2 1 1 1 0 0 0 0 0 2 2 2 1 1 1 0 0 0 0 0 2 2 2 1 1 1 0 0 0 0 0 2 2 2 1 1 1 0 0 0 0 0 2 2 2 1 1 1 0 0 0 0 0 2 2 2 1 1 1 0 0 0 0 0 2 2 2 1 1 1 0 0 0 0 0 2 2 2 1 1 1 0 0 0 0 0 2 2 2 1 1 1 0 0 0 0 0 2 2 2 1 1 1 0 0 0 0 0 2 2 2 1 1 1 0 0 0 0 0 2 2 2 1 1 1 0 0 0 0 0 2 2 2 1 1 1 0 0 0 0 0 2 2 2 1 1 1 0 0 0 0 0 1 2 2 1 1 1 0 0 0 0 0 1 2 2 1 1 1 0 0 0 0 0 1 2 2 1 1 1 0 0 0 0 0 1 2 2 1 1 1 0 0 0 0 0 1 2 2 1 1 1 0 0 0 0 0 1 2 2 1 1 1 0 0 0 0 0 1 2 2 1 1 1 0 0 0 0 0 1 2 2 1 1 1 0 0 0 0 0 1 2 2 1 1 1 0 0 0 0 0 1 2 1 1 1 1 0 0 0 0 0 0 1 1 1 1 1 0 0 0 0 0 0 1 1 1 1 1 0 0 0 0 0 0 1 1 1 1 1 0 0 0 0 0 0 1 1 1 1 1 0 0 0 0 0 0 1 1 1 1 1 0 0 0 0 0 0 1 1 1 1 1 0 0 0 0 0 0 1 1 1 1 1 0 0 0 0 0 0 1 1 1 1 1 0 0 0 0 0 0 1 1 1 1 1 0 0 0 0 0 0 1 1 1 1 1 0 0 0 0 0 0 1 1 1 1 1 0 0 0 0 0 0 1 1 1 1 1 0 0 0 0 0 0 1 1 1 1 1 0 0 0 0 0 0 1 1 1 1 1 0 0 0 0 0 0 1 1 1 1 0 0 0 0 0 0 0 1 1 1 1 0 0 0 0 0 0 0 1 1 1 1 0 0 0 0 0 0 0 1 1 1 1 0 0 0 0 0 0 0 0 1 1 1 0 0 0 0 0 0 0 0 1 1 1 0 0 0 0 0 0 0 0 1 1 1 0 0 0 0 0 0 0 0 1 1 1 0 0 0 0 0 0 0 0 1 1 1 0 0 0 0 0 0 0 0 1 1 0 0 0 0 0 0 0 0 0 1 1 0 0 0 0
estimated_attenuation.size=913
estimated_attenuation.data=0.00 0.00 0.00 0.00 0.00 0.00 0.00 0.00 0.00 0.00 0.00 0.00 0.00 0.00 0.00 0.00 0.00 0.00 0.00 0.00 0.00 0.00 0.00 0.00 0.00 0.00 0.00 0.00 0.00 0.00 0.00 0.00 0.00 0.00 0.00 0.00 0.00 0.00 0.00 0.00 0.00 0.00 0.00 0.00 0.00 0.00 0.00 0.00 0.00 0.00 0.00 0.00 0.00 0.00 0.00 0.00 0.00 0.00 0.00 0.00 0.00 0.00 0.00 0.00 0.00 0.00 0.00 0.00 0.00 0.00 0.00 0.00 0.00 0.00 0.00 0.00 0.00 0.00 0.00 0.00 0.00 0.00 0.00 0.00 0.00 0.00 0.00 0.00 0.00 0.00 0.00 0.00 0.00 0.00 0.00 0.00 0.00 0.00 0.00 0.00 0.00 0.00 0.00 0.00 0.00 0.00 0.00 0.00 0.00 0.00 0.00 0.00 0.00 0.00 0.00 0.00 0.00 0.00 0.00 0.00 0.00 0.00 0.00 0.00 0.00 0.00 0.00 0.00 0.00 0.00 0.00 0.00 0.00 0.00 0.00 0.00 0.00 0.00 0.00 0.00 0.00 0.00 0.00 0.00 0.00 0.00 0.00 0.00 0.00 0.00 0.00 0.00 0.00 0.00 0.00 0.00 0.00 0.00 0.00 0.00 0.00 0.00 0.00 0.00 0.00 0.00 0.00 0.00 0.00 0.00 0.00 0.00 0.00 0.00 0.00 0.00 0.00 0.00 0.00 0.00 0.00 0.00 0.00 0.00 0.00 0.00 0.00 0.00 0.00 0.00 0.00 0.00 0.00 0.00 0.00 0.00 0.00 0.00 0.00 0.00 0.00 0.00 0.00 0.00 0.00 0.00 0.00 0.00 0.00 0.00 0.00 0.00 0.00 0.00 0.00 0.00 0.00 0.00 0.00 0.00 0.00 0.00 0.00 0.00 0.00 0.00 0.00 0.00 0.00 0.00 0.00 0.00 0.00 0.00 0.00 0.00 0.00 0.00 0.00 0.00 0.00 0.00 0.00 0.00 0.00 0.00 0.00 0.00 0.00 0.00 0.00 0.00 0.00 0.00 0.00 0.00 0.00 0.00 0.00 0.00 0.00 0.00 0.00 0.00 0.00 0.00 0.00 0.00 0.00 0.00 0.00 0.00 0.00 0.00 0.00 0.00 0.00 0.00 0.00 0.00 0.00 0.00 0.00 0.00 0.00 0.00 0.00 0.00 0.00 0.00 0.00 0.00 0.00 0.00 0.00 0.00 0.00 0.00 0.00 0.00 0.00 0.00 0.00 0.00 0.00 0.00 0.00 0.00 0.00 0.00 0.00 0.00 0.00 0.00 0.00 0.00 0.00 0.00 0.00 0.00 0.00 0.00 0.00 0.00 0.00 0.00 0.00 0.00 0.00 0.00 0.00 0.00 0.00 0.00 0.00 0.00 0.00 0.00 0.00 0.00 0.00 0.00 0.00 0.00 0.00 0.00 0.00 0.00 0.00 0.00 0.00 0.00 0.00 0.00 0.00 0.00 0.00 0.00 0.00 0.00 0.00 0.00 0.00 0.00 0.00 0.00 0.00 0.00 0.00 0.00 0.00 0.00 0.00 0.00 0.00 0.00 0.00 0.00 0.00 0.00 0.00 0.00 0.00 0.00 0.00 0.00 0.00 0.00 0.00 0.00 0.00 0.00 0.00 0.00 0.00 0.00 0.00 0.00 0.00 0.00 0.00 0.00 0.00 0.00 0.00 0.00 0.00 0.00 0.00 0.00 0.00 0.00 0.00 0.00 0.00 0.00 0.00 0.00 0.00 0.00 0.00 0.00 0.00 0.00 0.00 0.00 0.00 0.00 0.00 0.00 0.00 0.00 0.00 0.00 0.00 0.00 0.00 0.00 0.00 0.00 0.00 0.00 0.00 0.00 0.00 0.00 0.00 0.00 0.00 0.00 0.00 0.00 0.00 0.00 0.00 0.00 0.00 0.00 0.00 0.00 0.00 0.00 0.00 0.00 0.00 0.00 0.00 0.00 0.00 0.00 0.00 0.00 0.00 0.00 0.00 0.00 0.00 0.00 0.00 0.00 0.00 0.00 0.00 0.00 0.00 0.00 0.00 0.00 0.00 0.00 0.00 0.00 0.00 0.00 0.00 0.00 0.00 0.00 0.00 0.00 0.00 0.00 0.00 0.00 0.00 0.00 0.00 0.00 0.00 0.00 0.00 0.00 0.00 0.00 0.00 0.00 0.00 0.00 0.00 0.00 0.00 0.00 0.00 0.00 0.00 0.00 0.00 0.00 0.00 0.00 0.00 0.00 0.00 0.00 0.00 0.00 0.00 0.00 0.00 0.00 0.00 0.00 0.00 0.00 0.00 0.00 0.00 0.00 0.00 0.00 0.00 0.00 0.00 0.00 0.00 0.00 0.00 0.00 0.00 0.00 0.00 0.00 0.00 0.00 0.00 0.00 0.00 0.00 0.00 0.00 0.00 0.00 0.00 0.00 0.00 0.00 0.00 0.00 0.00 0.00 0.00 0.00 0.00 0.00 0.00 0.00 0.00 0.00 0.00 0.00 0.00 0.00 0.00 0.00 0.00 0.00 0.00 0.00 0.00 0.00 0.00 0.00 0.00 0.00 0.00 0.00 0.00 0.00 0.00 0.00 0.00 0.00 0.00 0.00 0.00 0.00 0.00 0.00 0.00 0.00 0.00 0.00 0.00 0.00 0.00 0.00 0.00 0.00 0.00 0.00 0.00 0.00 0.00 0.00 0.00 0.00 0.00 0.00 0.00 0.00 0.00 0.00 0.00 0.00 0.00 0.00 0.00 0.00 0.00 0.00 0.00 0.00 0.00 0.00 0.00 0.00 0.00 0.00 0.00 0.00 0.00 0.00 0.00 0.00 0.00 0.00 0.00 0.00 0.00 0.00 0.00 0.00 0.00 0.00 0.00 0.00 0.00 0.00 0.00 0.00 0.00 0.00 0.00 0.00 0.00 0.00 0.00 0.00 0.00 0.00 0.00 0.00 0.00 0.00 0.00 0.00 0.00 0.00 0.00 0.00 0.00 0.00 0.00 0.00 0.00 0.00 0.00 0.00 0.00 0.00 0.00 0.00 0.00 0.00 0.00 0.00 0.00 0.00 0.00 0.00 0.00 0.00 0.00 0.00 0.00 0.00 0.00 0.00 0.00 0.00 0.00 0.00 0.00 0.00 0.00 0.00 0.00 0.00 0.00 0.00 0.00 0.00 0.00 0.00 0.00 0.00 0.00 0.00 0.00 0.00 0.00 0.00 0.00 0.00 0.00 0.00 0.00 0.00 0.00 0.00 0.00 0.00 0.00 0.00 0.00 0.00 0.00 0.00 0.00 0.00 0.00 0.00 0.00 0.00 0.00 0.00 0.00 0.00 0.00 0.00 0.00 0.00 0.00 0.00 0.00 0.00 0.00 0.00 0.00 0.00 0.00 0.00 0.00 0.00 0.00 0.00 0.00 0.00 0.00 0.00 0.00 0.00 0.00 0.00 0.00 0.00 0.00 0.00 0.00 0.00 0.00 0.00 0.00 0.00 0.00 0.00 0.00 0.00 0.00 0.00 0.00 0.00 0.00 0.00 0.00 0.00 0.00 0.00 0.00 0.00 0.00 0.00 0.00 0.00 0.00 0.00 0.00 0.00 0.00 0.00 0.00 0.00 0.00 0.00 0.00 0.00 0.00 0.00 0.00 0.00 0.00 0.00 0.00 0.00 0.00 0.00 0.00 0.00 0.00 0.00 0.00 0.00 0.00 0.00 0.00 0.00 0.00 0.00 0.00 0.00 0.00 0.00 0.00 0.00 0.00 0.00 0.00 0.00 0.00 0.00 0.00 0.00 0.00 0.00 0.00 0.00 0.00 0.00 0.00 0.00 0.00 0.00 0.00 0.00 0.00 0.00 0.00 0.00 0.00 0.00 0.00 0.00 0.00 0.00 0.00 0.00 0.00 0.00 0.00 0.00 0.00 0.00 0.00
height.size=913
height.data=26715.86 26715.86 26715.86 26715.86 26715.86 26715.86 26715.86 26715.86 26715.86 26715.86 26715.86 26755.79 26755.79 26755.79 26755.79 26755.79 26755.79 26755.79 26755.79 26755.79 26755.79 26755.79 26795.73 26795.73 26795.73 26795.73 26795.73 26795.73 26795.73 26795.73 26795.73 26795.73 26795.73 26835.67 26835.67 26835.67 26835.67 26835.67 26835.67 26835.67 26835.67 26835.67 26835.67 26835.67 26875.63 26875.63 26875.63 26875.63 26875.63 26875.63 26875.63 26875.63 26875.63 26875.63 26875.63 26915.59 26915.59 26915.59 26915.59 26915.59 26915.59 26915.59 26915.59 26915.59 26915.59 26915.59 26955.56 26955.56 26955.56 26955.56 26955.56 26955.56 26955.56 26955.56 26955.56 26955.56 26955.56 26995.53 26995.53 26995.53 26995.53 26995.53 26995.53 26995.53 26995.53 26995.53 26995.53 26995.53 27035.51 27035.51 27035.51 27035.51 27035.51 27035.51 27035.51 27035.51 27035.51 27035.51 27035.51 27075.50 27075.50 27075.50 27075.50 27075.50 27075.50 27075.50 27075.50 27075.50 27075.50 27075.50 27115.50 27115.50 27115.50 27115.50 27115.50 27115.50 27115.50 27115.50 27115.50 27115.50 27115.50 27155.50 27155.50 27155.50 27155.50 27155.50 27155.50 27155.50 27155.50 27155.50 27155.50 27155.50 27195.51 27195.51 27195.51 27195.51 27195.51 27195.51 27195.51 27195.51 27195.51 27195.51 27195.51 27235.53 27235.53 27235.53 27235.53 27235.53 27235.53 27235.53 27235.53 27235.53 27235.53 27235.53 27275.55 27275.55 27275.55 27275.55 27275.55 27275.55 27275.55 27275.55 27275.55 27275.55 27275.55 27315.59 27315.59 27315.59 27315.59 27315.59 27315.59 27315.59 27315.59 27315.59 27315.59 27315.59 27355.63 27355.63 27355.63 27355.63 27355.63 27355.63 27355.63 27355.63 27355.63 27355.63 27355.63 27395.67 27395.67 27395.67 27395.67 27395.67 27395.67 27395.67 27395.67 27395.67 27395.67 27395.67 27435.73 27435.73 27435.73 27435.73 27435.73 27435.73 27435.73 27435.73 27435.73 27435.73 27435.73 27475.79 27475.79 27475.79 27475.79 27475.79 27475.79 27475.79 27475.79 27475.79 27475.79 27475.79 27515.85 27515.85 27515.85 27515.85 27515.85 27515.85 27515.85 27515.85 27515.85 27515.85 27515.85 27555.93 27555.93 27555.93 27555.93 27555.93 27555.93 27555.93 27555.93 27555.93 27555.93 27555.93 27596.01 27596.01 27596.01 27596.01 27596.01 27596.01 27596.01 27596.01 27596.01 27596.01 27596.01 27636.10 27636.10 27636.10 27636.10 27636.10 27636.10 27636.10 27636.10 27636.10 27636.10 27636.10 27676.20 27676.20 27676.20 27676.20 27676.20 27676.20 27676.20 27676.20 27676.20 27676.20 27676.20 27716.30 27716.30 27716.30 27716.30 27716.30 27716.30 27716.30 27716.30 27716.30 27716.30 27716.30 27756.41 27756.41 27756.41 27756.41 27756.41 27756.41 27756.41 27756.41 27756.41 27756.41 27756.41 27796.53 27796.53 27796.53 27796.53 27796.53 27796.53 27796.53 27796.53 27796.53 27796.53 27796.53 27836.65 27836.65 27836.65 27836.65 27836.65 27836.65 27836.65 27836.65 27836.65 27836.65 27836.65 27876.78 27876.78 27876.78 27876.78 27876.78 27876.78 27876.78 27876.78 27876.78 27876.78 27876.78 27916.92 27916.92 27916.92 27916.92 27916.92 27916.92 27916.92 27916.92 27916.92 27916.92 27916.92 27957.07 27957.07 27957.07 27957.07 27957.07 27957.07 27957.07 27957.07 27957.07 27957.07 27957.07 27997.22 27997.22 27997.22 27997.22 27997.22 27997.22 27997.22 27997.22 27997.22 27997.22 27997.22 28037.38 28037.38 28037.38 28037.38 28037.38 28037.38 28037.38 28037.38 28037.38 28037.38 28037.38 28077.55 28077.55 28077.55 28077.55 28077.55 28077.55 28077.55 28077.55 28077.55 28077.55 28077.55 28117.73 28117.73 28117.73 28117.73 28117.73 28117.73 28117.73 28117.73 28117.73 28117.73 28117.73 28157.91 28157.91 28157.91 28157.91 28157.91 28157.91 28157.91 28157.91 28157.91 28157.91 28157.91 28198.10 28198.10 28198.10 28198.10 28198.10 28198.10 28198.10 28198.10 28198.10 28198.10 28198.10 28238.29 28238.29 28238.29 28238.29 28238.29 28238.29 28238.29 28238.29 28238.29 28238.29 28238.29 28278.50 28278.50 28278.50 28278.50 28278.50 28278.50 28278.50 28278.50 28278.50 28278.50 28278.50 28318.71 28318.71 28318.71 28318.71 28318.71 28318.71 28318.71 28318.71 28318.71 28318.71 28318.71 28358.93 28358.93 28358.93 28358.93 28358.93 28358.93 28358.93 28358.93 28358.93 28358.93 28358.93 28399.15 28399.15 28399.15 28399.15 28399.15 28399.15 28399.15 28399.15 28399.15 28399.15 28399.15 28439.38 28439.38 28439.38 28439.38 28439.38 28439.38 28439.38 28439.38 28439.38 28439.38 28439.38 28479.62 28479.62 28479.62 28479.62 28479.62 28479.62 28479.62 28479.62 28479.62 28479.62 28479.62 28519.87 28519.87 28519.87 28519.87 28519.87 28519.87 28519.87 28519.87 28519.87 28519.87 28519.87 28560.12 28560.12 28560.12 28560.12 28560.12 28560.12 28560.12 28560.12 28560.12 28560.12 28560.12 28600.38 28600.38 28600.38 28600.38 28600.38 28600.38 28600.38 28600.38 28600.38 28600.38 28600.38 28640.65 28640.65 28640.65 28640.65 28640.65 28640.65 28640.65 28640.65 28640.65 28640.65 28640.65 28680.92 28680.92 28680.92 28680.92 28680.92 28680.92 28680.92 28680.92 28680.92 28680.92 28680.92 28721.21 28721.21 28721.21 28721.21 28721.21 28721.21 28721.21 28721.21 28721.21 28721.21 28721.21 28761.50 28761.50 28761.50 28761.50 28761.50 28761.50 28761.50 28761.50 28761.50 28761.50 28761.50 28801.79 28801.79 28801.79 28801.79 28801.79 28801.79 28801.79 28801.79 28801.79 28801.79 28801.79 28842.10 28842.10 28842.10 28842.10 28842.10 28842.10 28842.10 28842.10 28842.10 28842.10 28842.10 28882.41 28882.41 28882.41 28882.41 28882.41 28882.41 28882.41 28882.41 28882.41 28882.41 28882.41 28922.72 28922.72 28922.72 28922.72 28922.72 28922.72 28922.72 28922.72 28922.72 28922.72 28922.72 28963.05 28963.05 28963.05 28963.05 28963.05 28963.05 28963.05 28963.05 28963.05 28963.05 28963.05 29003.38 29003.38 29003.38 29003.38 29003.38 29003.38 29003.38 29003.38 29003.38 29003.38 29003.38 29043.72 29043.72 29043.72 29043.72 29043.72 29043.72 29043.72 29043.72 29043.72 29043.72 29043.72 29084.07 29084.07 29084.07 29084.07 29084.07 29084.07 29084.07 29084.07 29084.07 29084.07 29084.07 29124.42 29124.42 29124.42 29124.42 29124.42 29124.42 29124.42 29124.42 29124.42 29124.42 29124.42 29164.78 29164.78 29164.78 29164.78 29164.78 29164.78 29164.78 29164.78 29164.78 29164.78 29164.78 29205.15 29205.15 29205.15 29205.15 29205.15 29205.15 29205.15 29205.15 29205.15 29205.15 29205.15 29245.52 29245.52 29245.52 29245.52 29245.52 29245.52 29245.52 29245.52 29245.52 29245.52 29245.52 29285.90 29285.90 29285.90 29285.90 29285.90 29285.90 29285.90 29285.90 29285.90 29285.90 29285.90 29326.29 29326.29 29326.29 29326.29 29326.29 29326.29 29326.29 29326.29 29326.29 29326.29 29326.29 29366.69 29366.69 29366.69 29366.69 29366.69 29366.69 29366.69 29366.69 29366.69 29366.69 29366.69 29407.09 29407.09 29407.09 29407.09 29407.09 29407.09 29407.09 29407.09 29407.09 29407.09 29407.09 29447.50 29447.50 29447.50 29447.50 29447.50 29447.50 29447.50 29447.50 29447.50 29447.50 29447.50 29487.92 29487.92 29487.92 29487.92 29487.92 29487.92 29487.92 29487.92 29487.92 29487.92 29487.92 29528.35 29528.35 29528.35 29528.35 29528.35 29528.35 29528.35 29528.35 29528.35 29528.35 29528.35 29568.78 29568.78 29568.78 29568.78 29568.78 29568.78 29568.78 29568.78 29568.78 29568.78 29568.78 29609.22 29609.22 29609.22 29609.22 29609.22 29609.22 29609.22 29609.22 29609.22 29609.22 29609.22 29649.66 29649.66 29649.66 29649.66 29649.66 29649.66 29649.66 29649.66 29649.66 29649.66 29649.66 29690.12 29690.12 29690.12 29690.12 29690.12 29690.12 29690.12 29690.12 29690.12 29690.12 29690.12 29730.58 29730.58 29730.58 29730.58 29730.58 29730.58 29730.58 29730.58 29730.58 29730.58 29730.58 29771.04 29771.04 29771.04 29771.04 29771.04 29771.04 29771.04 29771.04 29771.04 29771.04 29771.04 29811.52 29811.52 29811.52 29811.52 29811.52 29811.52 29811.52 29811.52 29811.52 29811.52 29811.52 29852.00 29852.00 29852.00 29852.00 29852.00 29852.00 29852.00 29852.00 29852.00 29852.00 29852.00 29892.49 29892.49 29892.49 29892.49 29892.49 29892.49 29892.49 29892.49 29892.49 29892.49 29892.49 29932.99 29932.99 29932.99 29932.99 29932.99 29932.99 29932.99 29932.99 29932.99 29932.99 29932.99 29973.49 29973.49 29973.49 29973.49 29973.49 29973.49 29973.49 29973.49 29973.49 29973.49 29973.49 30014.00 30014.00 30014.00 30014.00 30014.00 30014.00 30014.00 30014.00 30014.00 30014.00 30014.00
=== END RADAR_SCAN ===

=== BEGIN RADAR_SCAN ===
scan.index=3
scan.time=120.670000
radar.id=0
radar.frequency=C
radar.scanning_mode=PPI
radar.x=0.000
radar.y=0.000
radar.z=25.000
radar.maximum_range=250000.000
radar.range_resolution=250.000
radar.angular_resolution=1.000000
box.radar_id=0
box.min_range_gate=710.000
box.max_range_gate=791.000
box.min_angle=100.000000
box.max_angle=111.000000
box.num_ranges=82
box.num_angles=11
box.range_resolution=250.000
box.angular_resolution=1.000000
box.other_angle=4.500000
grid.size=902
grid.data=0.00 0.00 0.00 0.00 0.00 0.00 0.00 0.00 0.00 0.00 0.00 0.00 0.00 0.00 0.00 0.00 0.00 0.00 0.00 0.00 0.00 0.00 0.00 0.00 0.00 0.00 0.00 0.00 -0.47 0.00 0.00 0.00 0.00 0.00 0.00 0.00 0.00 0.00 0.00 0.40 0.00 0.00 0.00 0.00 0.00 0.00 0.00 0.00 0.00 -0.41 0.67 0.00 0.00 0.00 0.00 0.00 0.00 0.00 0.00 0.00 -0.84 -1.98 -1.22 0.00 0.00 0.00 0.00 0.00 0.00 0.00 0.00 1.06 -0.13 -0.53 0.00 0.00 0.00 0.00 0.00 0.00 0.00 0.00 -1.25 -0.23 -0.42 0.00 0.00 0.00 0.00 0.00 0.00 0.00 0.00 -0.66 -1.00 -0.92 0.00 0.00 0.00 0.00 0.00 0.00 0.00 0.00 0.15 0.68 -1.71 0.00 0.00 0.00 0.00 0.00 0.00 0.00 0.81 0.53 -1.15 0.10 0.00 0.00 0.00 0.00 0.00 0.00 0.00 0.66 0.47 0.98 -0.28 0.00 0.00 0.00 0.00 0.00 0.00 0.00 0.82 -0.36 -0.39 0.14 0.00 0.00 0.00 0.00 0.00 0.00 0.00 0.37 0.68 1.50 0.14 0.00 0.00 0.00 0.00 0.00 0.00 0.00 -1.87 0.79 2.17 1.57 -0.81 0.00 0.00 0.00 0.00 0.00 0.00 1.47 -1.17 -0.57 0.28 1.20 0.00 0.00 0.00 0.00 0.00 0.00 1.81 -1.69 0.18 0.01 -0.88 0.00 0.00 0.00 0.00 0.00 0.00 -0.21 1.93 0.84 -1.61 0.24 0.00 0.00 0.00 0.00 0.00 0.00 0.11 0.73 -0.56 -0.25 -2.25 0.00 0.00 0.00 0.00 0.00 0.00 -1.09 1.72 1.39 -0.11 1.92 0.00 0.00 0.00 0.00 0.00 0.00 -0.25 0.55 1.31 0.62 0.20 0.00 0.00 0.00 0.00 0.00 0.00 -0.31 1.21 -0.05 -1.40 -0.28 0.00 0.00 0.00 0.00 0.00 0.00 -1.05 -1.47 0.72 -0.81 -1.27 0.00 0.00 0.00 0.00 0.00 0.00 1.28 0.58 0.47 0.11 -1.37 0.00 0.00 0.00 0.00 0.00 0.00 1.24 -0.07 1.54 0.50 -0.29 0.00 0.00 0.00 0.00 0.00 0.00 -0.34 -0.89 -0.68 -0.37 0.29 0.00 0.00 0.00 0.00 0.00 -2.50 0.27 -1.07 -0.01 1.11 -0.51 0.00 0.00 0.00 0.00 0.00 0.33 0.45 0.19 -2.08 0.55 -0.92 0.00 0.00 0.00 0.00 0.00 0.66 1.41 0.07 0.19 -1.11 0.19 0.00 0.00 0.00 0.00 0.00 -0.70 -1.95 -1.09 -0.60 0.73 -0.18 0.00 0.00 0.00 0.00 0.00 1.06 0.76 -0.94 0.55 -0.15 0.55 0.00 0.00 0.00 0.00 0.00 1.88 -1.02 -0.21 -1.52 1.39 0.94 0.00 0.00 0.00 0.00 0.00 -0.93 1.32 0.50 -0.03 0.68 1.21 0.00 0.00 0.00 0.00 0.00 1.21 -0.29 1.75 -0.39 0.34 0.12 0.00 0.00 0.00 0.00 0.00 1.29 0.29 0.63 -0.20 0.57 0.63 0.00 0.00 0.00 0.00 0.00 0.40 0.94 -0.13 1.18 0.12 0.69 0.00 0.00 0.00 0.00 0.00 0.68 0.60 -0.57 -0.67 0.18 -0.96 0.00 0.00 0.00 0.00 0.00 -0.74 0.40 -1.09 0.80 -0.18 -0.68 0.00 0.00 0.00 0.00 0.00 -0.40 -0.82 -0.12 1.79 0.61 -1.23 0.00 0.00 0.00 0.00 0.00 -0.15 1.13 -0.30 0.12 -0.23 -1.51 0.00 0.00 0.00 0.00 0.00 1.06 -0.91 -0.58 -1.04 -1.21 -0.74 0.00 0.00 0.00 0.00 0.00 -0.15 0.32 0.01 0.67 0.91 -1.37 0.00 0.00 0.00 0.00 0.00 -0.24 0.94 0.07 -0.72 0.08 -2.09 0.00 0.00 0.00 0.00 0.00 0.13 0.39 -0.67 -0.08 1.01 -0.36 0.00 0.00 0.00 0.00 0.00 -0.65 -0.33 0.58 0.30 2.32 2.18 0.00 0.00 0.00 0.00 0.00 0.94 -0.42 -0.48 -1.00 1.89 -0.22 0.00 0.00 0.00 0.00 0.00 1.10 1.04 0.45 0.16 -0.20 1.31 0.00 0.00 0.00 0.00 0.00 -0.03 -0.11 -0.99 1.93 -0.27 -1.01 0.00 0.00 0.00 0.00 0.00 1.14 0.71 -1.64 -0.47 -1.66 -0.66 0.00 0.00 0.00 0.00 0.00 -1.12 -0.39 -0.58 0.18 -1.68 2.11 0.00 0.00 0.00 0.00 0.00 -1.02 -0.87 -0.92 0.34 -0.43 0.65 0.00 0.00 0.00 0.00 0.00 -1.48 0.34 -0.90 0.36 1.19 0.84 0.00 0.00 0.00 0.00 0.00 -0.94 1.00 0.53 0.47 -0.06 1.15 0.00 0.00 0.00 0.00 0.00 0.12 1.49 -0.31 -0.76 -1.50 -0.05 0.00 0.00 0.00 0.00 0.00 -0.14 0.69 0.77 -0.75 -0.49 -0.44 0.00 0.00 0.00 0.00 0.00 -1.44 -0.96 -0.82 -0.28 -0.13 -1.02 0.00 0.00 0.00 0.00 0.00 0.88 -2.04 0.87 -1.46 -0.80 -0.74 0.00 0.00 0.00 0.00 0.00 0.00 -0.40 -2.60 0.68 -0.45 0.65 0.00 0.00 0.00 0.00 0.00 0.00 1.24 0.47 -1.04 0.53 1.51 0.00 0.00 0.00 0.00 0.00 0.00 1.04 -1.03 -0.41 2.16 0.35 0.00 0.00 0.00 0.00 0.00 0.00 -0.47 -0.36 -0.60 0.15 0.81 0.00 0.00 0.00 0.00 0.00 0.00 -0.39 0.47 -0.42 1.84 -0.01 0.00 0.00 0.00 0.00 0.00 0.00 0.17 -0.79 -0.08 0.05 -1.16 0.00 0.00 0.00 0.00 0.00 0.00 0.80 0.13 0.32 -0.50 0.83 0.00 0.00 0.00 0.00 0.00 0.00 0.47 0.88 -1.04 0.90 0.64 0.00 0.00 0.00 0.00 0.00 0.00 2.43 -0.21 -1.23 -1.24 -0.78 0.00 0.00 0.00 0.00 0.00 0.00 0.07 1.19 -0.09 2.24 -0.47 0.00 0.00 0.00 0.00 0.00 0.00 -1.27 -0.82 -1.31 1.18 0.94 0.00 0.00 0.00 0.00 0.00 0.00 -0.02 0.29 -0.16 0.89 1.32 0.00 0.00 0.00 0.00 0.00 0.00 -0.58 -2.50 0.71 1.24 0.70 0.00 0.00 0.00 0.00 0.00 0.00 -2.23 -1.13 -0.06 2.23 1.21 0.00 0.00 0.00 0.00 0.00 0.00 0.42 0.56 0.56 1.31 0.00 0.00 0.00 0.00 0.00 0.00 0.00 1.44 0.17 -1.05 0.17 0.00 0.00 0.00 0.00 0.00 0.00 0.00 -0.28 1.08 0.08 -1.00 0.00 0.00 0.00 0.00 0.00 0.00 0.00 0.11 -0.87 -1.30 0.08 0.00 0.00 0.00 0.00 0.00 0.00 0.00 0.00 -0.16 0.22 0.52 0.00 0.00 0.00 0.00 0.00 0.00 0.00 0.00 0.33 1.32 1.51 0.00 0.00 0.00 0.00 0.00 0.00 0.00 0.00 0.62 0.94 -1.13 0.00 0.00 0.00 0.00 0.00 0.00 0.00 0.00 1.55 -0.58 -0.78 0.00 0.00 0.00 0.00 0.00 0.00 0.00 0.00 -0.65 -1.85 0.33 0.00 0.00 0.00 0.00 0.00 0.00 0.00 0.00 0.62 -2.46 0.00 0.00 0.00 0.00 0.00 0.00 0.00 0.00 0.00 0.00 -1.52 0.00 0.00 0.00 0.00
rain_type.data=0 0 0 0 0 0 0 0 0 0 0 0 0 0 0 0 0 0 0 0 0 0 0 0 0 0 0 0 1 0 0 0 0 0 0 0 0 0 0 1 0 0 0 0 0 0 0 0 0 1 1 0 0 0 0 0 0 0 0 0 1 1 1 0 0 0 0 0 0 0 0 1 1 1 0 0 0 0 0 0 0 0 1 1 1 0 0 0 0 0 0 0 0 1 1 1 0 0 0 0 0 0 0 0 1 1 1 0 0 0 0 0 0 0 1 1 1 1 0 0 0 0 0 0 0 1 1 1 1 0 0 0 0 0 0 0 1 1 1 1 0 0 0 0 0 0 0 1 1 1 1 0 0 0 0 0 0 0 1 1 1 1 1 0 0 0 0 0 0 1 1 1 1 1 0 0 0 0 0 0 1 1 1 1 1 0 0 0 0 0 0 1 1 1 1 1 0 0 0 0 0 0 2 1 1 1 1 0 0 0 0 0 0 2 2 1 1 1 0 0 0 0 0 0 2 2 1 1 1 0 0 0 0 0 0 2 2 1 1 1 0 0 0 0 0 0 2 2 1 1 1 0 0 0 0 0 0 2 2 1 1 1 0 0 0 0 0 0 2 2 1 1 1 0 0 0 0 0 0 2 2 1 1 1 0 0 0 0 0 1 2 2 1 1 1 0 0 0 0 0 2 2 2 1 1 1 0 0 0 0 0 2 2 2 1 1 1 0 0 0 0 0 2 2 2 1 1 1 0 0 0 0 0 2 2 2 1 1 1 0 0 0 0 0 2 2 2 1 1 1 0 0 0 0 0 2 2 2 1 1 1 0 0 0 0 0 2 2 2 1 1 1 0 0 0 0 0 2 2 2 1 1 1 0 0 0 0 0 2 2 2 1 1 1 0 0 0 0 0 2 2 2 1 1 1 0 0 0 0 0 2 2 2 1 1 1 0 0 0 0 0 2 2 2 1 1 1 0 0 0 0 0 2 2 2 1 1 1 0 0 0 0 0 2 2 2 1 1 1 0 0 0 0 0 2 2 2 1 1 1 0 0 0 0 0 2 2 2 1 1 1 0 0 0 0 0 2 2 2 1 1 1 0 0 0 0 0 2 2 2 1 1 1 0 0 0 0 0 2 2 2 1 1 1 0 0 0 0 0 2 2 2 1 1 1 0 0 0 0 0 1 2 2 1 1 1 0 0 0 0 0 1 2 2 1 1 1 0 0 0 0 0 1 2 2 1 1 1 0 0 0 0 0 1 2 2 1 1 1 0 0 0 0 0 1 2 2 1 1 1 0 0 0 0 0 1 2 2 1 1 1 0 0 0 0 0 1 2 2 1 1 1 0 0 0 0 0 1 2 2 1 1 1 0 0 0 0 0 1 2 2 1 1 1 0 0 0 0 0 1 2 1 1 1 1 0 0 0 0 0 0 1 1 1 1 1 0 0 0 0 0 0 1 1 1 1 1 0 0 0 0 0 0 1 1 1 1 1 0 0 0 0 0 0 1 1 1 1 1 0 0 0 0 0 0 1 1 1 1 1 0 0 0 0 0 0 1 1 1 1 1 0 0 0 0 0 0 1 1 1 1 1 0 0 0 0 0 0 1 1 1 1 1 0 0 0 0 0 0 1 1 1 1 1 0 0 0 0 0 0 1 1 1 1 1 0 0 0 0 0 0 1 1 1 1 1 0 0 0 0 0 0 1 1 1 1 1 0 0 0 0 0 0 1 1 1 1 1 0 0 0 0 0 0 1 1 1 1 1 0 0 0 0 0 0 1 1 1 1 0 0 0 0 0 0 0 1 1 1 1 0 0 0 0 0 0 0 1 1 1 1 0 0 0 0 0 0 0 1 1 1 1 0 0 0 0 0 0 0 0 1 1 1 0 0 0 0 0 0 0 0 1 1 1 0 0 0 0 0 0 0 0 1 1 1 0 0 0 0 0 0 0 0 1 1 1 0 0 0 0 0 0 0 0 1 1 1 0 0 0 0 0 0 0 0 1 1 0 0 0 0 0 0 0 0 0 0 1 0 0 0 0
estimated_attenuation.size=902
estimated_attenuation.data=0.00 0.00 0.00 0.00 0.00 0.00 0.00 0.00 0.00 0.00 0.00 0.00 0.00 0.00 0.00 0.00 0.00 0.00 0.00 0.00 0.00 0.00 0.00 0.00 0.00 0.00 0.00 0.00 0.00 0.00 0.00 0.00 0.00 0.00 0.00 0.00 0.00 0.00 0.00 0.00 0.00 0.00 0.00 0.00 0.00 0.00 0.00 0.00 0.00 0.00 0.00 0.00 0.00 0.00 0.00 0.00 0.00 0.00 0.00 0.00 0.00 0.00 0.00 0.00 0.00 0.00 0.00 0.00 0.00 0.00 0.00 0.00 0.00 0.00 0.00 0.00 0.00 0.00 0.00 0.00 0.00 0.00 0.00 0.00 0.00 0.00 0.00 0.00 0.00 0.00 0.00 0.00 0.00 0.00 0.00 0.00 0.00 0.00 0.00 0.00 0.00 0.00 0.00 0.00 0.00 0.00 0.00 0.00 0.00 0.00 0.00 0.00 0.00 0.00 0.00 0.00 0.00 0.00 0.00 0.00 0.00 0.00 0.00 0.00 0.00 0.00 0.00 0.00 0.00 0.00 0.00 0.00 0.00 0.00 0.00 0.00 0.00 0.00 0.00 0.00 0.00 0.00 0.00 0.00 0.00 0.00 0.00 0.00 0.00 0.00 0.00 0.00 0.00 0.00 0.00 0.00 0.00 0.00 0.00 0.00 0.00 0.00 0.00 0.00 0.00 0.00 0.00 0.00 0.00 0.00 0.00 0.00 0.00 0.00 0.00 0.00 0.00 0.00 0.00 0.00 0.00 0.00 0.00 0.00 0.00 0.00 0.00 0.00 0.00 0.00 0.00 0.00 0.00 0.00 0.00 0.00 0.00 0.00 0.00 0.00 0.00 0.00 0.00 0.00 0.00 0.00 0.00 0.00 0.00 0.00 0.00 0.00 0.00 0.00 0.00 0.00 0.00 0.00 0.00 0.00 0.00 0.00 0.00 0.00 0.00 0.00 0.00 0.00 0.00 0.00 0.00 0.00 0.00 0.00 0.00 0.00 0.00 0.00 0.00 0.00 0.00 0.00 0.00 0.00 0.00 0.00 0.00 0.00 0.00 0.00 0.00 0.00 0.00 0.00 0.00 0.00 0.00 0.00 0.00 0.00 0.00 0.00 0.00 0.00 0.00 0.00 0.00 0.00 0.00 0.00 0.00 0.00 0.00 0.00 0.00 0.00 0.00 0.00 0.00 0.00 0.00 0.00 0.00 0.00 0.00 0.00 0.00 0.00 0.00 0.00 0.00 0.00 0.00 0.00 0.00 0.00 0.00 0.00 0.00 0.00 0.00 0.00 0.00 0.00 0.00 0.00 0.00 0.00 0.00 0.00 0.00 0.00 0.00 0.00 0.00 0.00 0.00 0.00 0.00 0.00 0.00 0.00 0.00 0.00 0.00 0.00 0.00 0.00 0.00 0.00 0.00 0.00 0.00 0.00 0.00 0.00 0.00 0.00 0.00 0.00 0.00 0.00 0.00 0.00 0.00 0.00 0.00 0.00 0.00 0.00 0.00 0.00 0.00 0.00 0.00 0.00 0.00 0.00 0.00 0.00 0.00 0.00 0.00 0.00 0.00 0.00 0.00 0.00 0.00 0.00 0.00 0.00 0.00 0.00 0.00 0.00 0.00 0.00 0.00 0.00 0.00 0.00 0.00 0.00 0.00 0.00 0.00 0.00 0.00 0.00 0.00 0.00 0.00 0.00 0.00 0.00 0.00 0.00 0.00 0.00 0.00 0.00 0.00 0.00 0.00 0.00 0.00 0.00 0.00 0.00 0.00 0.00 0.00 0.00 0.00 0.00 0.00 0.00 0.00 0.00 0.00 0.00 0.00 0.00 0.00 0.00 0.00 0.00 0.00 0.00 0.00 0.00 0.00 0.00 0.00 0.00 0.00 0.00 0.00 0.00 0.00 0.00 0.00 0.00 0.00 0.00 0.00 0.00 0.00 0.00 0.00 0.00 0.00 0.00 0.00 0.00 0.00 0.00 0.00 0.00 0.00 0.00 0.00 0.00 0.00 0.00 0.00 0.00 0.00 0.00 0.00 0.00 0.00 0.00 0.00 0.00 0.00 0.00 0.00 0.00 0.00 0.00 0.00 0.00 0.00 0.00 0.00 0.00 0.00 0.00 0.00 0.00 0.00 0.00 0.00 0.00 0.00 0.00 0.00 0.00 0.00 0.00 0.00 0.00 0.00 0.00 0.00 0.00 0.00 0.00 0.00 0.00 0.00 0.00 0.00 0.00 0.00 0.00 0.00 0.00 0.00 0.00 0.00 0.00 0.00 0.00 0.00 0.00 0.00 0.00 0.00 0.00 0.00 0.00 0.00 0.00 0.00 0.00 0.00 0.00 0.00 0.00 0.00 0.00 0.00 0.00 0.00 0.00 0.00 0.00 0.00 0.00 0.00 0.00 0.00 0.00 0.00 0.00 0.00 0.00 0.00 0.00 0.00 0.00 0.00 0.00 0.00 0.00 0.00 0.00 0.00 0.00 0.00 0.00 0.00 0.00 0.00 0.00 0.00 0.00 0.00 0.00 0.00 0.00 0.00 0.00 0.00 0.00 0.00 0.00 0.00 0.00 0.00 0.00 0.00 0.00 0.00 0.00 0.00 0.00 0.00 0.00 0.00 0.00 0.00 0.00 0.00 0.00 0.00 0.00 0.00 0.00 0.00 0.00 0.00 0.00 0.00 0.00 0.00 0.00 0.00 0.00 0.00 0.00 0.00 0.00 0.00 0.00 0.00 0.00 0.00 0.00 0.00 0.00 0.00 0.00 0.00 0.00 0.00 0.00 0.00 0.00 0.00 0.00 0.00 0.00 0.00 0.00 0.00 0.00 0.00 0.00 0.00 0.00 0.00 0.00 0.00 0.00 0.00 0.00 0.00 0.00 0.00 0.00 0.00 0.00 0.00 0.00 0.00 0.00 0.00 0.00 0.00 0.00 0.00 0.00 0.00 0.00 0.00 0.00 0.00 0.00 0.00 0.00 0.00 0.00 0.00 0.00 0.00 0.00 0.00 0.00 0.00 0.00 0.00 0.00 0.00 0.00 0.00 0.00 0.00 0.00 0.00 0.00 0.00 0.00 0.00 0.00 0.00 0.00 0.00 0.00 0.00 0.00 0.00 0.00 0.00 0.00 0.00 0.00 0.00 0.00 0.00 0.00 0.00 0.00 0.00 0.00 0.00 0.00 0.00 0.00 0.00 0.00 0.00 0.00 0.00 0.00 0.00 0.00 0.00 0.00 0.00 0.00 0.00 0.00 0.00 0.00 0.00 0.00 0.00 0.00 0.00 0.00 0.00 0.00 0.00 0.00 0.00 0.00 0.00 0.00 0.00 0.00 0.00 0.00 0.00 0.00 0.00 0.00 0.00 0.00 0.00 0.00 0.00 0.00 0.00 0.00 0.00 0.00 0.00 0.00 0.00 0.00 0.00 0.00 0.00 0.00 0.00 0.00 0.00 0.00 0.00 0.00 0.00 0.00 0.00 0.00 0.00 0.00 0.00 0.00 0.00 0.00 0.00 0.00 0.00 0.00 0.00 0.00 0.00 0.00 0.00 0.00 0.00 0.00 0.00 0.00 0.00 0.00 0.00 0.00 0.00 0.00 0.00 0.00 0.00 0.00 0.00 0.00 0.00 0.00 0.00 0.00 0.00 0.00 0.00 0.00 0.00 0.00 0.00 0.00 0.00 0.00 0.00 0.00 0.00 0.00 0.00 0.00 0.00 0.00 0.00 0.00 0.00 0.00 0.00 0.00 0.00 0.00 0.00 0.00 0.00 0.00 0.00 0.00 0.00 0.00 0.00 0.00 0.00 0.00 0.00 0.00 0.00 0.00 0.00 0.00 0.00 0.00 0.00 0.00 0.00 0.00 0.00 0.00 0.00 0.00 0.00 0.00 0.00 0.00 0.00 0.00 0.00 0.00 0.00 0.00 0.00 0.00 0.00 0.00
height.size=902
height.data=15766.32 15766.32 15766.32 15766.32 15766.32 15766.32 15766.32 15766.32 15766.32 15766.32 15766.32 15791.12 15791.12 15791.12 15791.12 15791.12 15791.12 15791.12 15791.12 15791.12 15791.12 15791.12 15815.92 15815.92 15815.92 15815.92 15815.92 15815.92 15815.92 15815.92 15815.92 15815.92 15815.92 15840.73 15840.73 15840.73 15840.73 15840.73 15840.73 15840.73 15840.73 15840.73 15840.73 15840.73 15865.55 15865.55 15865.55 15865.55 15865.55 15865.55 15865.55 15865.55 15865.55 15865.55 15865.55 15890.38 15890.38 15890.38 15890.38 15890.38 15890.38 15890.38 15890.38 15890.38 15890.38 15890.38 15915.21 15915.21 15915.21 15915.21 15915.21 15915.21 15915.21 15915.21 15915.21 15915.21 15915.21 15940.05 15940.05 15940.05 15940.05 15940.05 15940.05 15940.05 15940.05 15940.05 15940.05 15940.05 15964.90 15964.90 15964.90 15964.90 15964.90 15964.90 15964.90 15964.90 15964.90 15964.90 15964.90 15989.75 15989.75 15989.75 15989.75 15989.75 15989.75 15989.75 15989.75 15989.75 15989.75 15989.75 16014.61 16014.61 16014.61 16014.61 16014.61 16014.61 16014.61 16014.61 16014.61 16014.61 16014.61 16039.48 16039.48 16039.48 16039.48 16039.48 16039.48 16039.48 16039.48 16039.48 16039.48 16039.48 16064.36 16064.36 16064.36 16064.36 16064.36 16064.36 16064.36 16064.36 16064.36 16064.36 16064.36 16089.24 16089.24 16089.24 16089.24 16089.24 16089.24 16089.24 16089.24 16089.24 16089.24 16089.24 16114.13 16114.13 16114.13 16114.13 16114.13 16114.13 16114.13 16114.13 16114.13 16114.13 16114.13 16139.03 16139.03 16139.03 16139.03 16139.03 16139.03 16139.03 16139.03 16139.03 16139.03 16139.03 16163.94 16163.94 16163.94 16163.94 16163.94 16163.94 16163.94 16163.94 16163.94 16163.94 16163.94 16188.85 16188.85 16188.85 16188.85 16188.85 16188.85 16188.85 16188.85 16188.85 16188.85 16188.85 16213.77 16213.77 16213.77 16213.77 16213.77 16213.77 16213.77 16213.77 16213.77 16213.77 16213.77 16238.70 16238.70 16238.70 16238.70 16238.70 16238.70 16238.70 16238.70 16238.70 16238.70 16238.70 16263.63 16263.63 16263.63 16263.63 16263.63 16263.63 16263.63 16263.63 16263.63 16263.63 16263.63 16288.57 16288.57 16288.57 16288.57 16288.57 16288.57 16288.57 16288.57 16288.57 16288.57 16288.57 16313.52 16313.52 16313.52 16313.52 16313.52 16313.52 16313.52 16313.52 16313.52 16313.52 16313.52 16338.48 16338.48 16338.48 16338.48 16338.48 16338.48 16338.48 16338.48 16338.48 16338.48 16338.48 16363.44 16363.44 16363.44 16363.44 16363.44 16363.44 16363.44 16363.44 16363.44 16363.44 16363.44 16388.41 16388.41 16388.41 16388.41 16388.41 16388.41 16388.41 16388.41 16388.41 16388.41 16388.41 16413.39 16413.39 16413.39 16413.39 16413.39 16413.39 16413.39 16413.39 16413.39 16413.39 16413.39 16438.37 16438.37 16438.37 16438.37 16438.37 16438.37 16438.37 16438.37 16438.37 16438.37 16438.37 16463.37 16463.37 16463.37 16463.37 16463.37 16463.37 16463.37 16463.37 16463.37 16463.37 16463.37 16488.37 16488.37 16488.37 16488.37 16488.37 16488.37 16488.37 16488.37 16488.37 16488.37 16488.37 16513.37 16513.37 16513.37 16513.37 16513.37 16513.37 16513.37 16513.37 16513.37 16513.37 16513.37 16538.39 16538.39 16538.39 16538.39 16538.39 16538.39 16538.39 16538.39 16538.39 16538.39 16538.39 16563.41 16563.41 16563.41 16563.41 16563.41 16563.41 16563.41 16563.41 16563.41 16563.41 16563.41 16588.44 16588.44 16588.44 16588.44 16588.44 16588.44 16588.44 16588.44 16588.44 16588.44 16588.44 16613.47 16613.47 16613.47 16613.47 16613.47 16613.47 16613.47 16613.47 16613.47 16613.47 16613.47 16638.52 16638.52 16638.52 16638.52 16638.52 16638.52 16638.52 16638.52 16638.52 16638.52 16638.52 16663.57 16663.57 16663.57 16663.57 16663.57 16663.57 16663.57 16663.57 16663.57 16663.57 16663.57 16688.63 16688.63 16688.63 16688.63 16688.63 16688.63 16688.63 16688.63 16688.63 16688.63 16688.63 16713.69 16713.69 16713.69 16713.69 16713.69 16713.69 16713.69 16713.69 16713.69 16713.69 16713.69 16738.76 16738.76 16738.76 16738.76 16738.76 16738.76 16738.76 16738.76 16738.76 16738.76 16738.76 16763.84 16763.84 16763.84 16763.84 16763.84 16763.84 16763.84 16763.84 16763.84 16763.84 16763.84 16788.93 16788.93 16788.93 16788.93 16788.93 16788.93 16788.93 16788.93 16788.93 16788.93 16788.93 16814.03 16814.03 16814.03 16814.03 16814.03 16814.03 16814.03 16814.03 16814.03 16814.03 16814.03 16839.13 16839.13 16839.13 16839.13 16839.13 16839.13 16839.13 16839.13 16839.13 16839.13 16839.13 16864.24 16864.24 16864.24 16864.24 16864.24 16864.24 16864.24 16864.24 16864.24 16864.24 16864.24 16889.35 16889.35 16889.35 16889.35 16889.35 16889.35 16889.35 16889.35 16889.35 16889.35 16889.35 16914.48 16914.48 16914.48 16914.48 16914.48 16914.48 16914.48 16914.48 16914.48 16914.48 16914.48 16939.61 16939.61 16939.61 16939.61 16939.61 16939.61 16939.61 16939.61 16939.61 16939.61 16939.61 16964.74 16964.74 16964.74 16964.74 16964.74 16964.74 16964.74 16964.74 16964.74 16964.74 16964.74 16989.89 16989.89 16989.89 16989.89 16989.89 16989.89 16989.89 16989.89 16989.89 16989.89 16989.89 17015.04 17015.04 17015.04 17015.04 17015.04 17015.04 17015.04 17015.04 17015.04 17015.04 17015.04 17040.20 17040.20 17040.20 17040.20 17040.20 17040.20 17040.20 17040.20 17040.20 17040.20 17040.20 17065.37 17065.37 17065.37 17065.37 17065.37 17065.37 17065.37 17065.37 17065.37 17065.37 17065.37 17090.54 17090.54 17090.54 17090.54 17090.54 17090.54 17090.54 17090.54 17090.54 17090.54 17090.54 17115.72 17115.72 17115.72 17115.72 17115.72 17115.72 17115.72 17115.72 17115.72 17115.72 17115.72 17140.91 17140.91 17140.91 17140.91 17140.91 17140.91 17140.91 17140.91 17140.91 17140.91 17140.91 17166.11 17166.11 17166.11 17166.11 17166.11 17166.11 17166.11 17166.11 17166.11 17166.11 17166.11 17191.31 17191.31 17191.31 17191.31 17191.31 17191.31 17191.31 17191.31 17191.31 17191.31 17191.31 17216.52 17216.52 17216.52 17216.52 17216.52 17216.52 17216.52 17216.52 17216.52 17216.52 17216.52 17241.74 17241.74 17241.74 17241.74 17241.74 17241.74 17241.74 17241.74 17241.74 17241.74 17241.74 17266.97 17266.97 17266.97 17266.97 17266.97 17266.97 17266.97 17266.97 17266.97 17266.97 17266.97 17292.20 17292.20 17292.20 17292.20 17292.20 17292.20 17292.20 17292.20 17292.20 17292.20 17292.20 17317.44 17317.44 17317.44 17317.44 17317.44 17317.44 17317.44 17317.44 17317.44 17317.44 17317.44 17342.69 17342.69 17342.69 17342.69 17342.69 17342.69 17342.69 17342.69 17342.69 17342.69 17342.69 17367.94 17367.94 17367.94 17367.94 17367.94 17367.94 17367.94 17367.94 17367.94 17367.94 17367.94 17393.20 17393.20 17393.20 17393.20 17393.20 17393.20 17393.20 17393.20 17393.20 17393.20 17393.20 17418.47 17418.47 17418.47 17418.47 17418.47 17418.47 17418.47 17418.47 17418.47 17418.47 17418.47 17443.75 17443.75 17443.75 17443.75 17443.75 17443.75 17443.75 17443.75 17443.75 17443.75 17443.75 17469.03 17469.03 17469.03 17469.03 17469.03 17469.03 17469.03 17469.03 17469.03 17469.03 17469.03 17494.32 17494.32 17494.32 17494.32 17494.32 17494.32 17494.32 17494.32 17494.32 17494.32 17494.32 17519.62 17519.62 17519.62 17519.62 17519.62 17519.62 17519.62 17519.62 17519.62 17519.62 17519.62 17544.92 17544.92 17544.92 17544.92 17544.92 17544.92 17544.92 17544.92 17544.92 17544.92 17544.92 17570.24 17570.24 17570.24 17570.24 17570.24 17570.24 17570.24 17570.24 17570.24 17570.24 17570.24 17595.55 17595.55 17595.55 17595.55 17595.55 17595.55 17595.55 17595.55 17595.55 17595.55 17595.55 17620.88 17620.88 17620.88 17620.88 17620.88 17620.88 17620.88 17620.88 17620.88 17620.88 17620.88 17646.22 17646.22 17646.22 17646.22 17646.22 17646.22 17646.22 17646.22 17646.22 17646.22 17646.22 17671.56 17671.56 17671.56 17671.56 17671.56 17671.56 17671.56 17671.56 17671.56 17671.56 17671.56 17696.91 17696.91 17696.91 17696.91 17696.91 17696.91 17696.91 17696.91 17696.91 17696.91 17696.91 17722.26 17722.26 17722.26 17722.26 17722.26 17722.26 17722.26 17722.26 17722.26 17722.26 17722.26 17747.63 17747.63 17747.63 17747.63 17747.63 17747.63 17747.63 17747.63 17747.63 17747.63 17747.63 17773.00 17773.00 17773.00 17773.00 17773.00 17773.00 17773.00 17773.00 17773.00 17773.00 17773.00 17798.37 17798.37 17798.37 17798.37 17798.37 17798.37 17798.37 17798.37 17798.37 17798.37 17798.37
=== END RADAR_SCAN ===

=== BEGIN RADAR_SCAN ===
scan.index=4
scan.time=121.000000
radar.id=0
radar.frequency=C
radar.scanning_mode=PPI
radar.x=0.000
radar.y=0.000
radar.z=25.000
radar.maximum_range=250000.000
radar.range_resolution=250.000
radar.angular_resolution=1.000000
box.radar_id=0
box.min_range_gate=708.000
box.max_range_gate=789.000
box.min_angle=100.000000
box.max_angle=111.000000
box.num_ranges=82
box.num_angles=11
box.range_resolution=250.000
box.angular_resolution=1.000000
box.other_angle=2.000000
grid.size=902
grid.data=0.00 0.00 0.00 0.00 0.00 0.00 0.00 0.00 0.00 0.00 0.00 0.00 0.00 0.00 0.00 0.00 0.00 0.00 0.00 0.00 0.00 0.00 0.00 0.00 0.00 0.00 0.00 0.00 -0.10 0.00 0.00 0.00 0.00 0.00 0.00 0.00 0.00 0.00 0.40 1.36 0.00 0.00 0.00 0.00 0.00 0.00 0.00 0.00 0.00 0.05 -0.95 0.00 0.00 0.00 0.00 0.00 0.00 0.00 0.00 0.00 1.41 -0.80 -0.28 0.00 0.00 0.00 0.00 0.00 0.00 0.00 0.00 1.34 -1.26 1.61 0.00 0.00 0.00 0.00 0.00 0.00 0.00 0.00 -0.84 1.35 1.32 0.00 0.00 0.00 0.00 0.00 0.00 0.00 0.00 -1.16 0.48 -0.41 0.00 0.00 0.00 0.00 0.00 0.00 0.00 0.66 1.13 0.33 -0.41 0.00 0.00 0.00 0.00 0.00 0.00 0.00 -0.91 -0.60 0.30 0.32 0.00 0.00 0.00 0.00 0.00 0.00 0.00 1.24 -0.23 -1.11 2.34 0.00 0.00 0.00 0.00 0.00 0.00 0.00 -1.78 0.30 -1.00 -0.05 0.00 0.00 0.00 0.00 0.00 0.00 0.00 -0.41 -1.24 -0.65 1.64 0.28 0.00 0.00 0.00 0.00 0.00 0.00 0.66 -0.69 0.36 0.95 -0.12 0.00 0.00 0.00 0.00 0.00 0.00 -0.91 1.14 -0.56 1.76 1.07 0.00 0.00 0.00 0.00 0.00 0.00 -0.72 0.75 0.93 -0.77 1.58 0.00 0.00 0.00 0.00 0.00 0.00 11.19 -0.66 -0.75 0.82 -1.49 0.00 0.00 0.00 0.00 0.00 0.00 12.41 0.64 -0.14 0.32 -0.18 0.00 0.00 0.00 0.00 0.00 0.00 10.67 12.33 0.02 2.21 0.67 0.00 0.00 0.00 0.00 0.00 0.00 9.98 10.96 0.81 1.71 1.03 0.00 0.00 0.00 0.00 0.00 0.00 12.06 11.74 1.21 0.54 -0.21 0.00 0.00 0.00 0.00 0.00 0.00 10.71 10.97 -0.18 -0.07 0.08 0.00 0.00 0.00 0.00 0.00 0.00 11.68 10.36 -1.56 -0.60 -1.06 0.00 0.00 0.00 0.00 0.00 0.00 10.84 10.73 0.72 -1.24 -0.49 0.00 0.00 0.00 0.00 0.00 -1.06 11.59 9.15 1.68 -0.28 -0.36 0.00 0.00 0.00 0.00 0.00 9.92 10.97 9.29 -0.19 1.03 2.40 0.00 0.00 0.00 0.00 0.00 9.16 11.07 9.84 3.04 -0.02 0.42 0.00 0.00 0.00 0.00 0.00 10.07 12.82 10.78 0.97 1.21 1.46 0.00 0.00 0.00 0.00 0.00 7.97 9.46 11.02 0.17 -0.72 0.33 0.00 0.00 0.00 0.00 0.00 9.05 10.97 12.06 -0.74 1.56 -0.93 0.00 0.00 0.00 0.00 0.00 10.08 10.99 10.60 -0.90 0.88 0.78 0.00 0.00 0.00 0.00 0.00 11.76 8.98 7.40 -1.47 0.44 -0.71 0.00 0.00 0.00 0.00 0.00 10.71 9.11 9.93 0.66 -0.63 -0.93 0.00 0.00 0.00 0.00 0.00 11.91 9.72 8.50 2.05 -0.87 0.26 0.00 0.00 0.00 0.00 0.00 7.99 9.83 9.58 0.47 -0.95 -1.96 0.00 0.00 0.00 0.00 0.00 10.20 7.83 9.84 -1.21 -0.02 -0.89 0.00 0.00 0.00 0.00 0.00 9.51 9.91 8.83 -0.40 -0.05 1.30 0.00 0.00 0.00 0.00 0.00 7.77 10.40 9.74 1.17 -0.06 -0.29 0.00 0.00 0.00 0.00 0.00 9.30 9.81 11.74 1.06 -0.52 0.29 0.00 0.00 0.00 0.00 0.00 10.63 9.81 8.60 -1.96 1.56 1.68 0.00 0.00 0.00 0.00 0.00 7.07 9.74 9.25 -0.68 1.26 -0.26 0.00 0.00 0.00 0.00 0.00 11.45 8.05 7.94 -0.37 -1.09 0.04 0.00 0.00 0.00 0.00 0.00 11.81 8.18 8.64 0.10 0.88 0.43 0.00 0.00 0.00 0.00 0.00 9.67 8.97 9.91 -1.19 -0.64 0.02 0.00 0.00 0.00 0.00 0.00 7.25 9.88 9.25 0.50 1.21 -0.69 0.00 0.00 0.00 0.00 0.00 9.71 6.74 8.24 -0.26 1.13 -0.77 0.00 0.00 0.00 0.00 0.00 0.28 7.66 8.77 0.54 1.17 -0.01 0.00 0.00 0.00 0.00 0.00 -1.46 6.98 10.35 1.03 -0.97 0.45 0.00 0.00 0.00 0.00 0.00 1.19 7.86 8.68 -2.88 -1.76 -2.16 0.00 0.00 0.00 0.00 0.00 0.96 12.02 8.50 0.07 1.06 -0.74 0.00 0.00 0.00 0.00 0.00 0.79 7.60 8.80 -0.55 0.95 -1.85 0.00 0.00 0.00 0.00 0.00 -0.21 8.94 6.21 0.16 0.44 0.61 0.00 0.00 0.00 0.00 0.00 1.53 7.89 7.55 -1.40 1.07 0.50 0.00 0.00 0.00 0.00 0.00 -1.57 8.90 7.54 -0.00 -0.60 -1.54 0.00 0.00 0.00 0.00 0.00 -0.21 5.85 1.05 1.40 -0.50 -0.72 0.00 0.00 0.00 0.00 0.00 0.97 1.56 0.67 -0.28 0.61 -0.21 0.00 0.00 0.00 0.00 0.00 0.00 0.52 -2.59 -1.36 2.59 1.09 0.00 0.00 0.00 0.00 0.00 0.00 0.06 0.78 -0.42 0.05 -1.93 0.00 0.00 0.00 0.00 0.00 0.00 -0.07 -0.02 0.65 0.36 0.47 0.00 0.00 0.00 0.00 0.00 0.00 -2.37 -0.08 -0.23 -0.45 1.51 0.00 0.00 0.00 0.00 0.00 0.00 0.35 1.81 -0.27 -0.49 -0.85 0.00 0.00 0.00 0.00 0.00 0.00 0.39 -0.43 -0.21 1.42 0.90 0.00 0.00 0.00 0.00 0.00 0.00 0.65 0.04 -0.72 0.24 0.61 0.00 0.00 0.00 0.00 0.00 0.00 1.21 -0.44 -2.01 -1.23 -1.25 0.00 0.00 0.00 0.00 0.00 0.00 -1.41 -0.03 -1.70 0.87 -0.17 0.00 0.00 0.00 0.00 0.00 0.00 2.13 -0.12 -1.23 0.40 -1.95 0.00 0.00 0.00 0.00 0.00 0.00 -0.43 1.38 -2.67 -0.93 1.13 0.00 0.00 0.00 0.00 0.00 0.00 -0.03 0.06 -0.15 -1.68 0.68 0.00 0.00 0.00 0.00 0.00 0.00 0.60 -0.31 -0.06 -0.93 0.00 0.00 0.00 0.00 0.00 0.00 0.00 0.34 0.51 -0.48 0.14 0.00 0.00 0.00 0.00 0.00 0.00 0.00 0.86 -0.53 -2.09 1.79 0.00 0.00 0.00 0.00 0.00 0.00 0.00 -0.16 -1.26 0.68 -0.02 0.00 0.00 0.00 0.00 0.00 0.00 0.00 -0.33 1.21 -0.67 0.24 0.00 0.00 0.00 0.00 0.00 0.00 0.00 0.00 -0.43 0.64 -1.88 0.00 0.00 0.00 0.00 0.00 0.00 0.00 0.00 0.53 1.56 0.99 0.00 0.00 0.00 0.00 0.00 0.00 0.00 0.00 -0.05 -0.50 -1.01 0.00 0.00 0.00 0.00 0.00 0.00 0.00 0.00 1.20 0.39 0.91 0.00 0.00 0.00 0.00 0.00 0.00 0.00 0.00 -0.94 1.09 0.36 0.00 0.00 0.00 0.00 0.00 0.00 0.00 0.00 0.76 0.40 0.00 0.00 0.00 0.00 0.00 0.00 0.00 0.00 0.00 1.00 -0.03 0.00 0.00 0.00 0.00 0.00 0.00 0.00 0.00 0.00 0.00 -0.30 0.00 0.00 0.00 0.00
rain_type.data=0 0 0 0 0 0 0 0 0 0 0 0 0 0 0 0 0 0 0 0 0 0 0 0 0 0 0 0 1 0 0 0 0 0 0 0 0 0 1 1 0 0 0 0 0 0 0 0 0 1 1 0 0 0 0 0 0 0 0 0 1 1 1 0 0 0 0 0 0 0 0 1 1 1 0 0 0 0 0 0 0 0 1 1 1 0 0 0 0 0 0 0 0 1 1 1 0 0 0 0 0 0 0 1 1 1 1 0 0 0 0 0 0 0 1 1 1 1 0 0 0 0 0 0 0 1 1 1 1 0 0 0 0 0 0 0 1 1 1 1 0 0 0 0 0 0 0 1 1 1 1 1 0 0 0 0 0 0 1 1 1 1 1 0 0 0 0 0 0 1 1 1 1 1 0 0 0 0 0 0 1 1 1 1 1 0 0 0 0 0 0 2 1 1 1 1 0 0 0 0 0 0 2 1 1 1 1 0 0 0 0 0 0 2 2 1 1 1 0 0 0 0 0 0 2 2 1 1 1 0 0 0 0 0 0 2 2 1 1 1 0 0 0 0 0 0 2 2 1 1 1 0 0 0 0 0 0 2 2 1 1 1 0 0 0 0 0 0 2 2 1 1 1 0 0 0 0 0 1 2 2 1 1 1 0 0 0 0 0 2 2 2 1 1 1 0 0 0 0 0 2 2 2 1 1 1 0 0 0 0 0 2 2 2 1 1 1 0 0 0 0 0 2 2 2 1 1 1 0 0 0 0 0 2 2 2 1 1 1 0 0 0 0 0 2 2 2 1 1 1 0 0 0 0 0 2 2 2 1 1 1 0 0 0 0 0 2 2 2 1 1 1 0 0 0 0 0 2 2 2 1 1 1 0 0 0 0 0 2 2 2 1 1 1 0 0 0 0 0 2 2 2 1 1 1 0 0 0 0 0 2 2 2 1 1 1 0 0 0 0 0 2 2 2 1 1 1 0 0 0 0 0 2 2 2 1 1 1 0 0 0 0 0 2 2 2 1 1 1 0 0 0 0 0 2 2 2 1 1 1 0 0 0 0 0 2 2 2 1 1 1 0 0 0 0 0 2 2 2 1 1 1 0 0 0 0 0 2 2 2 1 1 1 0 0 0 0 0 2 2 2 1 1 1 0 0 0 0 0 2 2 2 1 1 1 0 0 0 0 0 1 2 2 1 1 1 0 0 0 0 0 1 2 2 1 1 1 0 0 0 0 0 1 2 2 1 1 1 0 0 0 0 0 1 2 2 1 1 1 0 0 0 0 0 1 2 2 1 1 1 0 0 0 0 0 1 2 2 1 1 1 0 0 0 0 0 1 2 2 1 1 1 0 0 0 0 0 1 2 2 1 1 1 0 0 0 0 0 1 2 1 1 1 1 0 0 0 0 0 1 1 1 1 1 1 0 0 0 0 0 0 1 1 1 1 1 0 0 0 0 0 0 1 1 1 1 1 0 0 0 0 0 0 1 1 1 1 1 0 0 0 0 0 0 1 1 1 1 1 0 0 0 0 0 0 1 1 1 1 1 0 0 0 0 0 0 1 1 1 1 1 0 0 0 0 0 0 1 1 1 1 1 0 0 0 0 0 0 1 1 1 1 1 0 0 0 0 0 0 1 1 1 1 1 0 0 0 0 0 0 1 1 1 1 1 0 0 0 0 0 0 1 1 1 1 1 0 0 0 0 0 0 1 1 1 1 1 0 0 0 0 0 0 1 1 1 1 0 0 0 0 0 0 0 1 1 1 1 0 0 0 0 0 0 0 1 1 1 1 0 0 0 0 0 0 0 1 1 1 1 0 0 0 0 0 0 0 1 1 1 1 0 0 0 0 0 0 0 0 1 1 1 0 0 0 0 0 0 0 0 1 1 1 0 0 0 0 0 0 0 0 1 1 1 0 0 0 0 0 0 0 0 1 1 1 0 0 0 0 0 0 0 0 1 1 1 0 0 0 0 0 0 0 0 1 1 0 0 0 0 0 0 0 0 0 1 1 0 0 0 0 0 0 0 0 0 0 1 0 0 0 0
estimated_attenuation.size=902
estimated_attenuation.data=0.00 0.00 0.00 0.00 0.00 0.00 0.00 0.00 0.00 0.00 0.00 0.00 0.00 0.00 0.00 0.00 0.00 0.00 0.00 0.00 0.00 0.00 0.00 0.00 0.00 0.00 0.00 0.00 0.00 0.00 0.00 0.00 0.00 0.00 0.00 0.00 0.00 0.00 0.00 0.00 0.00 0.00 0.00 0.00 0.00 0.00 0.00 0.00 0.00 0.00 0.00 0.00 0.00 0.00 0.00 0.00 0.00 0.00 0.00 0.00 0.00 0.00 0.00 0.00 0.00 0.00 0.00 0.00 0.00 0.00 0.00 0.00 0.00 0.00 0.00 0.00 0.00 0.00 0.00 0.00 0.00 0.00 0.00 0.00 0.00 0.00 0.00 0.00 0.00 0.00 0.00 0.00 0.00 0.00 0.00 0.00 0.00 0.00 0.00 0.00 0.00 0.00 0.00 0.00 0.00 0.00 0.00 0.00 0.00 0.00 0.00 0.00 0.00 0.00 0.00 0.00 0.00 0.00 0.00 0.00 0.00 0.00 0.00 0.00 0.00 0.00 0.00 0.00 0.00 0.00 0.00 0.00 0.00 0.00 0.00 0.00 0.00 0.00 0.00 0.00 0.00 0.00 0.00 0.00 0.00 0.00 0.00 0.00 0.00 0.00 0.00 0.00 0.00 0.00 0.00 0.00 0.00 0.00 0.00 0.00 0.00 0.00 0.00 0.00 0.00 0.00 0.00 0.00 0.00 0.00 0.00 0.00 0.00 0.00 0.00 0.00 0.00 0.00 0.00 0.00 0.00 0.00 0.00 0.00 0.00 0.00 0.00 0.00 0.00 0.00 0.00 0.00 0.00 0.00 0.00 0.00 0.00 0.00 0.00 0.00 0.00 0.00 0.00 0.00 0.00 0.00 0.00 0.00 0.00 0.00 0.00 0.00 0.00 0.00 0.00 0.00 0.00 0.00 0.00 0.00 0.00 0.00 0.00 0.00 0.00 0.00 0.00 0.00 0.00 0.00 0.00 0.00 0.00 0.00 0.00 0.00 0.00 0.00 0.00 0.00 0.00 0.00 0.00 0.00 0.00 0.00 0.00 0.00 0.00 0.00 0.00 0.00 0.00 0.00 0.00 0.00 0.00 0.00 0.00 0.00 0.00 0.00 0.00 0.00 0.00 0.00 0.00 0.00 0.00 0.00 0.00 0.00 0.00 0.00 0.00 0.00 0.00 0.00 0.00 0.00 0.00 0.00 0.00 0.00 0.00 0.00 0.00 0.00 0.00 0.00 0.00 0.00 0.00 0.00 0.00 0.00 0.00 0.00 0.00 0.00 0.00 0.00 0.00 0.00 0.00 0.00 0.00 0.00 0.00 0.00 0.00 0.00 0.00 0.00 0.00 0.00 0.00 0.00 0.00 0.00 0.00 0.00 0.00 0.00 0.00 0.00 0.00 0.00 0.00 0.00 0.00 0.00 0.00 0.00 0.00 0.00 0.00 0.00 0.00 0.00 0.00 0.00 0.00 0.00 0.00 0.00 0.00 0.00 0.00 0.00 0.00 0.00 0.00 0.00 0.00 0.00 0.00 0.00 0.00 0.00 0.00 0.00 0.00 0.00 0.00 0.00 0.00 0.00 0.00 0.00 0.00 0.00 0.00 0.00 0.00 0.00 0.00 0.00 0.00 0.00 0.00 0.00 0.00 0.00 0.00 0.00 0.00 0.00 0.00 0.00 0.00 0.00 0.00 0.00 0.00 0.00 0.00 0.00 0.00 0.00 0.00 0.00 0.00 0.00 0.00 0.00 0.00 0.00 0.00 0.00 0.00 0.00 0.00 0.00 0.00 0.00 0.00 0.00 0.00 0.00 0.00 0.00 0.00 0.00 0.00 0.00 0.00 0.00 0.00 0.00 0.00 0.00 0.00 0.00 0.00 0.00 0.00 0.00 0.00 0.00 0.00 0.00 0.00 0.00 0.00 0.00 0.00 0.00 0.00 0.00 0.00 0.00 0.00 0.00 0.00 0.00 0.00 0.00 0.00 0.00 0.00 0.00 0.00 0.00 0.00 0.00 0.00 0.00 0.00 0.00 0.00 0.00 0.00 0.00 0.00 0.00 0.00 0.00 0.00 0.00 0.00 0.00 0.00 0.00 0.00 0.00 0.00 0.00 0.00 0.00 0.00 0.00 0.00 0.00 0.00 0.00 0.00 0.00 0.00 0.00 0.00 0.00 0.00 0.00 0.00 0.00 0.00 0.00 0.00 0.00 0.00 0.00 0.00 0.00 0.00 0.00 0.00 0.00 0.00 0.00 0.00 0.00 0.00 0.00 0.00 0.00 0.00 0.00 0.00 0.00 0.00 0.00 0.00 0.00 0.00 0.00 0.00 0.00 0.00 0.00 0.00 0.00 0.00 0.00 0.00 0.00 0.00 0.00 0.00 0.00 0.00 0.00 0.00 0.00 0.00 0.00 0.00 0.00 0.00 0.00 0.00 0.00 0.00 0.00 0.00 0.00 0.00 0.00 0.00 0.00 0.00 0.00 0.00 0.00 0.00 0.00 0.00 0.00 0.00 0.00 0.00 0.00 0.00 0.00 0.00 0.00 0.00 0.00 0.00 0.00 0.00 0.00 0.00 0.00 0.00 0.00 0.00 0.00 0.00 0.00 0.00 0.00 0.00 0.00 0.00 0.00 0.00 0.00 0.00 0.00 0.00 0.00 0.00 0.00 0.00 0.00 0.00 0.00 0.00 0.00 0.00 0.00 0.00 0.00 0.00 0.00 0.00 0.00 0.00 0.00 0.00 0.00 0.00 0.00 0.00 0.00 0.00 0.00 0.00 0.00 0.00 0.00 0.00 0.00 0.00 0.00 0.00 0.00 0.00 0.00 0.00 0.00 0.00 0.00 0.00 0.00 0.00 0.00 0.00 0.00 0.00 0.00 0.00 0.00 0.00 0.00 0.00 0.00 0.00 0.00 0.00 0.00 0.00 0.00 0.00 0.00 0.00 0.00 0.00 0.00 0.00 0.00 0.00 0.00 0.00 0.00 0.00 0.00 0.00 0.00 0.00 0.00 0.00 0.00 0.00 0.00 0.00 0.00 0.00 0.00 0.00 0.00 0.00 0.00 0.00 0.00 0.00 0.00 0.00 0.00 0.00 0.00 0.00 0.00 0.00 0.00 0.00 0.00 0.00 0.00 0.00 0.00 0.00 0.00 0.00 0.00 0.00 0.00 0.00 0.00 0.00 0.00 0.00 0.00 0.00 0.00 0.00 0.00 0.00 0.00 0.00 0.00 0.00 0.00 0.00 0.00 0.00 0.00 0.00 0.00 0.00 0.00 0.00 0.00 0.00 0.00 0.00 0.00 0.00 0.00 0.00 0.00 0.00 0.00 0.00 0.00 0.00 0.00 0.00 0.00 0.00 0.00 0.00 0.00 0.00 0.00 0.00 0.00 0.00 0.00 0.00 0.00 0.00 0.00 0.00 0.00 0.00 0.00 0.00 0.00 0.00 0.00 0.00 0.00 0.00 0.00 0.00 0.00 0.00 0.00 0.00 0.00 0.00 0.00 0.00 0.00 0.00 0.00 0.00 0.00 0.00 0.00 0.00 0.00 0.00 0.00 0.00 0.00 0.00 0.00 0.00 0.00 0.00 0.00 0.00 0.00 0.00 0.00 0.00 0.00 0.00 0.00 0.00 0.00 0.00 0.00 0.00 0.00 0.00 0.00 0.00 0.00 0.00 0.00 0.00 0.00 0.00 0.00 0.00 0.00 0.00 0.00 0.00 0.00 0.00 0.00 0.00 0.00 0.00 0.00 0.00 0.00 0.00 0.00 0.00 0.00 0.00 0.00 0.00 0.00 0.00 0.00 0.00 0.00 0.00 0.00 0.00 0.00 0.00 0.00 0.00 0.00 0.00 0.00 0.00 0.00 0.00 0.00 0.00 0.00 0.00 0.00 0.00 0.00 0.00 0.00 0.00 0.00 0.00 0.00 0.00 0.00
height.size=902
height.data=8017.46 8017.46 8017.46 8017.46 8017.46 8017.46 8017.46 8017.46 8017.46 8017.46 8017.46 8031.38 8031.38 8031.38 8031.38 8031.38 8031.38 8031.38 8031.38 8031.38 8031.38 8031.38 8045.32 8045.32 8045.32 8045.32 8045.32 8045.32 8045.32 8045.32 8045.32 8045.32 8045.32 8059.26 8059.26 8059.26 8059.26 8059.26 8059.26 8059.26 8059.26 8059.26 8059.26 8059.26 8073.20 8073.20 8073.20 8073.20 8073.20 8073.20 8073.20 8073.20 8073.20 8073.20 8073.20 8087.16 8087.16 8087.16 8087.16 8087.16 8087.16 8087.16 8087.16 8087.16 8087.16 8087.16 8101.12 8101.12 8101.12 8101.12 8101.12 8101.12 8101.12 8101.12 8101.12 8101.12 8101.12 8115.09 8115.09 8115.09 8115.09 8115.09 8115.09 8115.09 8115.09 8115.09 8115.09 8115.09 8129.06 8129.06 8129.06 8129.06 8129.06 8129.06 8129.06 8129.06 8129.06 8129.06 8129.06 8143.04 8143.04 8143.04 8143.04 8143.04 8143.04 8143.04 8143.04 8143.04 8143.04 8143.04 8157.03 8157.03 8157.03 8157.03 8157.03 8157.03 8157.03 8157.03 8157.03 8157.03 8157.03 8171.03 8171.03 8171.03 8171.03 8171.03 8171.03 8171.03 8171.03 8171.03 8171.03 8171.03 8185.04 8185.04 8185.04 8185.04 8185.04 8185.04 8185.04 8185.04 8185.04 8185.04 8185.04 8199.05 8199.05 8199.05 8199.05 8199.05 8199.05 8199.05 8199.05 8199.05 8199.05 8199.05 8213.07 8213.07 8213.07 8213.07 8213.07 8213.07 8213.07 8213.07 8213.07 8213.07 8213.07 8227.10 8227.10 8227.10 8227.10 8227.10 8227.10 8227.10 8227.10 8227.10 8227.10 8227.10 8241.13 8241.13 8241.13 8241.13 8241.13 8241.13 8241.13 8241.13 8241.13 8241.13 8241.13 8255.17 8255.17 8255.17 8255.17 8255.17 8255.17 8255.17 8255.17 8255.17 8255.17 8255.17 8269.22 8269.22 8269.22 8269.22 8269.22 8269.22 8269.22 8269.22 8269.22 8269.22 8269.22 8283.28 8283.28 8283.28 8283.28 8283.28 8283.28 8283.28 8283.28 8283.28 8283.28 8283.28 8297.34 8297.34 8297.34 8297.34 8297.34 8297.34 8297.34 8297.34 8297.34 8297.34 8297.34 8311.41 8311.41 8311.41 8311.41 8311.41 8311.41 8311.41 8311.41 8311.41 8311.41 8311.41 8325.49 8325.49 8325.49 8325.49 8325.49 8325.49 8325.49 8325.49 8325.49 8325.49 8325.49 8339.58 8339.58 8339.58 8339.58 8339.58 8339.58 8339.58 8339.58 8339.58 8339.58 8339.58 8353.67 8353.67 8353.67 8353.67 8353.67 8353.67 8353.67 8353.67 8353.67 8353.67 8353.67 8367.77 8367.77 8367.77 8367.77 8367.77 8367.77 8367.77 8367.77 8367.77 8367.77 8367.77 8381.88 8381.88 8381.88 8381.88 8381.88 8381.88 8381.88 8381.88 8381.88 8381.88 8381.88 8395.99 8395.99 8395.99 8395.99 8395.99 8395.99 8395.99 8395.99 8395.99 8395.99 8395.99 8410.12 8410.12 8410.12 8410.12 8410.12 8410.12 8410.12 8410.12 8410.12 8410.12 8410.12 8424.25 8424.25 8424.25 8424.25 8424.25 8424.25 8424.25 8424.25 8424.25 8424.25 8424.25 8438.38 8438.38 8438.38 8438.38 8438.38 8438.38 8438.38 8438.38 8438.38 8438.38 8438.38 8452.53 8452.53 8452.53 8452.53 8452.53 8452.53 8452.53 8452.53 8452.53 8452.53 8452.53 8466.68 8466.68 8466.68 8466.68 8466.68 8466.68 8466.68 8466.68 8466.68 8466.68 8466.68 8480.84 8480.84 8480.84 8480.84 8480.84 8480.84 8480.84 8480.84 8480.84 8480.84 8480.84 8495.00 8495.00 8495.00 8495.00 8495.00 8495.00 8495.00 8495.00 8495.00 8495.00 8495.00 8509.18 8509.18 8509.18 8509.18 8509.18 8509.18 8509.18 8509.18 8509.18 8509.18 8509.18 8523.36 8523.36 8523.36 8523.36 8523.36 8523.36 8523.36 8523.36 8523.36 8523.36 8523.36 8537.55 8537.55 8537.55 8537.55 8537.55 8537.55 8537.55 8537.55 8537.55 8537.55 8537.55 8551.74 8551.74 8551.74 8551.74 8551.74 8551.74 8551.74 8551.74 8551.74 8551.74 8551.74 8565.95 8565.95 8565.95 8565.95 8565.95 8565.95 8565.95 8565.95 8565.95 8565.95 8565.95 8580.16 8580.16 8580.16 8580.16 8580.16 8580.16 8580.16 8580.16 8580.16 8580.16 8580.16 8594.37 8594.37 8594.37 8594.37 8594.37 8594.37 8594.37 8594.37 8594.37 8594.37 8594.37 8608.60 8608.60 8608.60 8608.60 8608.60 8608.60 8608.60 8608.60 8608.60 8608.60 8608.60 8622.83 8622.83 8622.83 8622.83 8622.83 8622.83 8622.83 8622.83 8622.83 8622.83 8622.83 8637.07 8637.07 8637.07 8637.07 8637.07 8637.07 8637.07 8637.07 8637.07 8637.07 8637.07 8651.32 8651.32 8651.32 8651.32 8651.32 8651.32 8651.32 8651.32 8651.32 8651.32 8651.32 8665.57 8665.57 8665.57 8665.57 8665.57 8665.57 8665.57 8665.57 8665.57 8665.57 8665.57 8679.83 8679.83 8679.83 8679.83 8679.83 8679.83 8679.83 8679.83 8679.83 8679.83 8679.83 8694.10 8694.10 8694.10 8694.10 8694.10 8694.10 8694.10 8694.10 8694.10 8694.10 8694.10 8708.38 8708.38 8708.38 8708.38 8708.38 8708.38 8708.38 8708.38 8708.38 8708.38 8708.38 8722.66 8722.66 8722.66 8722.66 8722.66 8722.66 8722.66 8722.66 8722.66 8722.66 8722.66 8736.95 8736.95 8736.95 8736.95 8736.95 8736.95 8736.95 8736.95 8736.95 8736.95 8736.95 8751.25 8751.25 8751.25 8751.25 8751.25 8751.25 8751.25 8751.25 8751.25 8751.25 8751.25 8765.56 8765.56 8765.56 8765.56 8765.56 8765.56 8765.56 8765.56 8765.56 8765.56 8765.56 8779.87 8779.87 8779.87 8779.87 8779.87 8779.87 8779.87 8779.87 8779.87 8779.87 8779.87 8794.19 8794.19 8794.19 8794.19 8794.19 8794.19 8794.19 8794.19 8794.19 8794.19 8794.19 8808.52 8808.52 8808.52 8808.52 8808.52 8808.52 8808.52 8808.52 8808.52 8808.52 8808.52 8822.85 8822.85 8822.85 8822.85 8822.85 8822.85 8822.85 8822.85 8822.85 8822.85 8822.85 8837.19 8837.19 8837.19 8837.19 8837.19 8837.19 8837.19 8837.19 8837.19 8837.19 8837.19 8851.54 8851.54 8851.54 8851.54 8851.54 8851.54 8851.54 8851.54 8851.54 8851.54 8851.54 8865.90 8865.90 8865.90 8865.90 8865.90 8865.90 8865.90 8865.90 8865.90 8865.90 8865.90 8880.26 8880.26 8880.26 8880.26 8880.26 8880.26 8880.26 8880.26 8880.26 8880.26 8880.26 8894.64 8894.64 8894.64 8894.64 8894.64 8894.64 8894.64 8894.64 8894.64 8894.64 8894.64 8909.01 8909.01 8909.01 8909.01 8909.01 8909.01 8909.01 8909.01 8909.01 8909.01 8909.01 8923.40 8923.40 8923.40 8923.40 8923.40 8923.40 8923.40 8923.40 8923.40 8923.40 8923.40 8937.79 8937.79 8937.79 8937.79 8937.79 8937.79 8937.79 8937.79 8937.79 8937.79 8937.79 8952.19 8952.19 8952.19 8952.19 8952.19 8952.19 8952.19 8952.19 8952.19 8952.19 8952.19 8966.60 8966.60 8966.60 8966.60 8966.60 8966.60 8966.60 8966.60 8966.60 8966.60 8966.60 8981.02 8981.02 8981.02 8981.02 8981.02 8981.02 8981.02 8981.02 8981.02 8981.02 8981.02 8995.44 8995.44 8995.44 8995.44 8995.44 8995.44 8995.44 8995.44 8995.44 8995.44 8995.44 9009.87 9009.87 9009.87 9009.87 9009.87 9009.87 9009.87 9009.87 9009.87 9009.87 9009.87 9024.31 9024.31 9024.31 9024.31 9024.31 9024.31 9024.31 9024.31 9024.31 9024.31 9024.31 9038.75 9038.75 9038.75 9038.75 9038.75 9038.75 9038.75 9038.75 9038.75 9038.75 9038.75 9053.21 9053.21 9053.21 9053.21 9053.21 9053.21 9053.21 9053.21 9053.21 9053.21 9053.21 9067.66 9067.66 9067.66 9067.66 9067.66 9067.66 9067.66 9067.66 9067.66 9067.66 9067.66 9082.13 9082.13 9082.13 9082.13 9082.13 9082.13 9082.13 9082.13 9082.13 9082.13 9082.13 9096.61 9096.61 9096.61 9096.61 9096.61 9096.61 9096.61 9096.61 9096.61 9096.61 9096.61 9111.09 9111.09 9111.09 9111.09 9111.09 9111.09 9111.09 9111.09 9111.09 9111.09 9111.09 9125.58 9125.58 9125.58 9125.58 9125.58 9125.58 9125.58 9125.58 9125.58 9125.58 9125.58 9140.07 9140.07 9140.07 9140.07 9140.07 9140.07 9140.07 9140.07 9140.07 9140.07 9140.07 9154.57 9154.57 9154.57 9154.57 9154.57 9154.57 9154.57 9154.57 9154.57 9154.57 9154.57 9169.09 9169.09 9169.09 9169.09 9169.09 9169.09 9169.09 9169.09 9169.09 9169.09 9169.09
=== END RADAR_SCAN ===

=== BEGIN RADAR_SCAN ===
scan.index=5
scan.time=121.330000
radar.id=0
radar.frequency=C
radar.scanning_mode=PPI
radar.x=0.000
radar.y=0.000
radar.z=25.000
radar.maximum_range=250000.000
radar.range_resolution=250.000
radar.angular_resolution=1.000000
box.radar_id=0
box.min_range_gate=708.000
box.max_range_gate=789.000
box.min_angle=100.000000
box.max_angle=111.000000
box.num_ranges=82
box.num_angles=11
box.range_resolution=250.000
box.angular_resolution=1.000000
box.other_angle=0.800000
grid.size=902
grid.data=0.00 0.00 0.00 0.00 0.00 0.00 0.00 0.00 0.00 0.00 0.00 0.00 0.00 0.00 0.00 0.00 0.00 39.80 0.00 0.00 0.00 0.00 0.00 0.00 0.00 0.00 0.00 38.54 40.06 0.00 0.00 0.00 0.00 0.00 0.00 0.00 0.00 0.00 38.65 32.18 0.00 0.00 0.00 0.00 0.00 0.00 0.00 0.00 0.00 36.75 35.49 33.72 0.00 0.00 0.00 0.00 0.00 0.00 0.00 0.00 32.87 33.20 38.69 0.00 0.00 0.00 0.00 0.00 0.00 0.00 0.00 34.84 33.83 31.58 0.00 0.00 0.00 0.00 0.00 0.00 0.00 0.00 37.02 31.53 28.85 0.00 0.00 0.00 0.00 0.00 0.00 0.00 33.84 34.81 36.08 34.53 0.00 0.00 0.00 0.00 0.00 0.00 0.00 41.64 37.73 34.87 34.01 0.00 0.00 0.00 0.00 0.00 0.00 0.00 33.42 35.31 33.12 33.00 0.00 0.00 0.00 0.00 0.00 0.00 0.00 29.85 36.09 32.81 40.41 0.00 0.00 0.00 0.00 0.00 0.00 0.00 37.90 34.76 34.77 36.76 0.00 0.00 0.00 0.00 0.00 0.00 0.00 32.47 31.60 34.94 33.49 34.42 0.00 0.00 0.00 0.00 0.00 0.00 35.34 35.97 35.76 35.91 35.07 0.00 0.00 0.00 0.00 0.00 0.00 31.84 33.64 32.28 32.87 37.44 0.00 0.00 0.00 0.00 0.00 0.00 39.09 31.23 35.92 36.33 35.72 0.00 0.00 0.00 0.00 0.00 0.00 36.84 32.29 33.63 33.85 33.04 0.00 0.00 0.00 0.00 0.00 0.00 37.14 35.73 35.70 34.74 36.75 0.00 0.00 0.00 0.00 0.00 0.00 34.48 34.61 29.19 36.63 34.11 0.00 0.00 0.00 0.00 0.00 0.00 35.85 33.34 29.60 34.85 35.41 0.00 0.00 0.00 0.00 0.00 0.00 33.99 33.48 33.96 39.00 37.78 0.00 0.00 0.00 0.00 0.00 0.00 31.50 30.76 34.83 33.66 40.13 0.00 0.00 0.00 0.00 0.00 0.00 37.63 32.45 29.39 36.49 33.20 0.00 0.00 0.00 0.00 0.00 34.24 40.55 33.52 36.68 32.04 37.56 0.00 0.00 0.00 0.00 0.00 36.51 32.29 35.20 31.55 36.90 31.88 0.00 0.00 0.00 0.00 0.00 38.46 37.33 34.19 33.66 32.36 33.31 0.00 0.00 0.00 0.00 0.00 31.53 30.99 31.83 34.98 35.48 35.85 0.00 0.00 0.00 0.00 0.00 36.04 33.99 33.90 30.94 35.97 36.35 0.00 0.00 0.00 0.00 0.00 32.62 33.95 33.30 33.44 32.57 30.21 0.00 0.00 0.00 0.00 0.00 33.55 32.89 37.24 30.24 33.16 31.50 0.00 0.00 0.00 0.00 0.00 33.34 30.96 31.96 29.84 33.77 34.18 0.00 0.00 0.00 0.00 0.00 36.75 33.47 31.64 34.57 34.19 37.05 0.00 0.00 0.00 0.00 0.00 30.36 28.59 31.17 34.21 31.46 29.52 0.00 0.00 0.00 0.00 0.00 36.11 35.22 34.49 38.25 32.71 30.81 0.00 0.00 0.00 0.00 0.00 32.48 32.81 34.65 32.83 32.39 31.20 0.00 0.00 0.00 0.00 0.00 33.56 29.86 31.87 35.34 34.52 31.91 0.00 0.00 0.00 0.00 0.00 29.89 34.35 35.48 32.91 34.46 29.42 0.00 0.00 0.00 0.00 0.00 32.59 31.20 34.56 28.88 33.04 28.83 0.00 0.00 0.00 0.00 0.00 34.14 32.26 33.45 36.13 32.30 29.99 0.00 0.00 0.00 0.00 0.00 30.31 30.43 33.32 31.14 32.23 33.47 0.00 0.00 0.00 0.00 0.00 33.48 30.91 31.47 33.30 30.03 32.29 0.00 0.00 0.00 0.00 0.00 33.26 31.01 29.69 32.25 32.24 32.20 0.00 0.00 0.00 0.00 0.00 29.86 30.94 29.73 35.93 30.67 32.93 0.00 0.00 0.00 0.00 0.00 29.88 32.16 30.25 36.98 30.67 36.02 0.00 0.00 0.00 0.00 0.00 32.19 35.39 33.73 31.49 32.40 36.06 0.00 0.00 0.00 0.00 0.00 33.24 32.08 32.25 30.70 32.67 30.35 0.00 0.00 0.00 0.00 0.00 34.68 31.38 30.77 28.51 33.18 34.66 0.00 0.00 0.00 0.00 0.00 32.77 30.91 32.57 33.48 29.10 36.49 0.00 0.00 0.00 0.00 0.00 31.67 33.72 31.40 31.15 28.08 35.17 0.00 0.00 0.00 0.00 0.00 30.38 28.46 33.00 32.21 31.68 31.30 0.00 0.00 0.00 0.00 0.00 33.13 31.69 32.41 29.10 29.77 32.77 0.00 0.00 0.00 0.00 0.00 32.45 30.78 30.88 30.62 30.35 32.27 0.00 0.00 0.00 0.00 0.00 30.04 33.41 34.25 31.44 27.91 33.41 0.00 0.00 0.00 0.00 0.00 30.26 34.86 29.33 32.03 27.91 34.84 0.00 0.00 0.00 0.00 0.00 30.22 31.33 28.48 29.33 31.66 28.06 0.00 0.00 0.00 0.00 0.00 33.59 30.10 31.54 36.01 31.28 27.23 0.00 0.00 0.00 0.00 0.00 0.00 30.83 29.44 29.61 31.48 33.84 0.00 0.00 0.00 0.00 0.00 0.00 29.45 31.24 29.79 31.24 27.79 0.00 0.00 0.00 0.00 0.00 0.00 31.43 28.15 32.49 34.48 33.16 0.00 0.00 0.00 0.00 0.00 0.00 30.33 31.18 25.76 29.65 26.00 0.00 0.00 0.00 0.00 0.00 0.00 31.39 28.71 31.42 28.09 28.27 0.00 0.00 0.00 0.00 0.00 0.00 28.89 28.43 29.98 30.83 33.20 0.00 0.00 0.00 0.00 0.00 0.00 36.77 30.01 36.39 30.48 32.77 0.00 0.00 0.00 0.00 0.00 0.00 30.01 27.34 30.57 27.89 30.62 0.00 0.00 0.00 0.00 0.00 0.00 32.18 29.03 27.84 27.39 28.66 0.00 0.00 0.00 0.00 0.00 0.00 27.44 29.51 30.75 32.37 32.76 0.00 0.00 0.00 0.00 0.00 0.00 25.77 29.41 30.60 29.79 30.10 0.00 0.00 0.00 0.00 0.00 0.00 29.93 30.79 30.38 32.08 0.00 0.00 0.00 0.00 0.00 0.00 0.00 33.57 27.37 25.56 33.07 0.00 0.00 0.00 0.00 0.00 0.00 0.00 28.89 27.75 25.69 32.79 0.00 0.00 0.00 0.00 0.00 0.00 0.00 26.39 24.88 30.08 30.03 0.00 0.00 0.00 0.00 0.00 0.00 0.00 25.81 26.14 28.19 25.33 0.00 0.00 0.00 0.00 0.00 0.00 0.00 0.00 28.04 27.23 27.25 0.00 0.00 0.00 0.00 0.00 0.00 0.00 0.00 27.65 26.06 32.02 0.00 0.00 0.00 0.00 0.00 0.00 0.00 0.00 27.29 31.57 28.51 0.00 0.00 0.00 0.00 0.00 0.00 0.00 0.00 28.92 31.02 29.50 0.00 0.00 0.00 0.00 0.00 0.00 0.00 0.00 28.77 29.56 29.75 0.00 0.00 0.00 0.00 0.00 0.00 0.00 0.00 31.72 30.29 0.00 0.00 0.00 0.00 0.00 0.00 0.00 0.00 0.00 32.22 24.41 0.00 0.00 0.00 0.00 0.00 0.00 0.00 0.00 0.00 0.00 27.16 0.00 0.00 0.00 0.00 0.00 0.00 0.00 0.00 0.00 0.00 0.00 0.00 0.00 0.00 0.00
rain_type.data=0 0 0 0 0 0 0 0 0 0 0 0 0 0 0 0 0 1 0 0 0 0 0 0 0 0 0 1 1 0 0 0 0 0 0 0 0 0 1 1 0 0 0 0 0 0 0 0 0 1 1 1 0 0 0 0 0 0 0 0 1 1 1 0 0 0 0 0 0 0 0 1 1 1 0 0 0 0 0 0 0 0 1 1 1 0 0 0 0 0 0 0 1 1 1 1 0 0 0 0 0 0 0 1 1 1 1 0 0 0 0 0 0 0 1 1 1 1 0 0 0 0 0 0 0 1 1 1 1 0 0 0 0 0 0 0 1 1 1 1 0 0 0 0 0 0 0 1 1 1 1 1 0 0 0 0 0 0 1 1 1 1 1 0 0 0 0 0 0 1 1 1 1 1 0 0 0 0 0 0 2 1 1 1 1 0 0 0 0 0 0 2 1 1 1 1 0 0 0 0 0 0 2 2 1 1 1 0 0 0 0 0 0 2 2 1 1 1 0 0 0 0 0 0 2 2 1 1 1 0 0 0 0 0 0 2 2 1 1 1 0 0 0 0 0 0 2 2 1 1 1 0 0 0 0 0 0 2 2 1 1 1 0 0 0 0 0 1 2 2 1 1 1 0 0 0 0 0 2 2 2 1 1 1 0 0 0 0 0 2 2 2 1 1 1 0 0 0 0 0 2 2 2 1 1 1 0 0 0 0 0 2 2 2 1 1 1 0 0 0 0 0 2 2 2 1 1 1 0 0 0 0 0 2 2 2 1 1 1 0 0 0 0 0 2 2 2 1 1 1 0 0 0 0 0 2 2 2 1 1 1 0 0 0 0 0 2 2 2 1 1 1 0 0 0 0 0 2 2 2 1 1 1 0 0 0 0 0 2 2 2 1 1 1 0 0 0 0 0 2 2 2 1 1 1 0 0 0 0 0 2 2 2 1 1 1 0 0 0 0 0 2 2 2 1 1 1 0 0 0 0 0 2 2 2 1 1 1 0 0 0 0 0 2 2 2 1 1 1 0 0 0 0 0 2 2 2 1 1 1 0 0 0 0 0 2 2 2 1 1 1 0 0 0 0 0 2 2 2 1 1 1 0 0 0 0 0 2 2 2 1 1 1 0 0 0 0 0 2 2 2 1 1 1 0 0 0 0 0 2 2 2 1 1 1 0 0 0 0 0 1 2 2 1 1 1 0 0 0 0 0 1 2 2 1 1 1 0 0 0 0 0 1 2 2 1 1 1 0 0 0 0 0 1 2 2 1 1 1 0 0 0 0 0 1 2 2 1 1 1 0 0 0 0 0 1 2 2 1 1 1 0 0 0 0 0 1 2 2 1 1 1 0 0 0 0 0 1 2 1 1 1 1 0 0 0 0 0 1 2 1 1 1 1 0 0 0 0 0 1 1 1 1 1 1 0 0 0 0 0 0 1 1 1 1 1 0 0 0 0 0 0 1 1 1 1 1 0 0 0 0 0 0 1 1 1 1 1 0 0 0 0 0 0 1 1 1 1 1 0 0 0 0 0 0 1 1 1 1 1 0 0 0 0 0 0 1 1 1 1 1 0 0 0 0 0 0 1 1 1 1 1 0 0 0 0 0 0 1 1 1 1 1 0 0 0 0 0 0 1 1 1 1 1 0 0 0 0 0 0 1 1 1 1 1 0 0 0 0 0 0 1 1 1 1 1 0 0 0 0 0 0 1 1 1 1 0 0 0 0 0 0 0 1 1 1 1 0 0 0 0 0 0 0 1 1 1 1 0 0 0 0 0 0 0 1 1 1 1 0 0 0 0 0 0 0 1 1 1 1 0 0 0 0 0 0 0 0 1 1 1 0 0 0 0 0 0 0 0 1 1 1 0 0 0 0 0 0 0 0 1 1 1 0 0 0 0 0 0 0 0 1 1 1 0 0 0 0 0 0 0 0 1 1 1 0 0 0 0 0 0 0 0 1 1 0 0 0 0 0 0 0 0 0 1 1 0 0 0 0 0 0 0 0 0 0 1 0 0 0 0 0 0 0 0 0 0 0 0 0 0 0
estimated_attenuation.size=902
estimated_attenuation.data=0.00 0.00 0.00 0.00 0.00 0.00 0.00 0.00 0.00 0.00 0.00 0.00 0.00 0.00 0.00 0.00 0.00 0.00 0.00 0.00 0.00 0.00 0.00 0.00 0.00 0.00 0.00 0.00 0.00 0.00 0.00 0.00 0.00 0.00 0.00 0.00 0.00 0.00 0.00 0.00 0.00 0.00 0.00 0.00 0.00 0.00 0.00 0.00 0.00 0.00 0.00 0.00 0.00 0.00 0.00 0.00 0.00 0.00 0.00 0.00 0.00 0.00 0.00 0.00 0.00 0.00 0.00 0.00 0.00 0.00 0.00 0.00 0.00 0.00 0.00 0.00 0.00 0.00 0.00 0.00 0.00 0.00 0.00 0.00 0.00 0.00 0.00 0.00 0.00 0.00 0.00 0.00 0.00 0.00 0.00 0.00 0.00 0.00 0.00 0.00 0.00 0.00 0.00 0.00 0.00 0.00 0.00 0.00 0.00 0.00 0.00 0.00 0.00 0.00 0.00 0.00 0.00 0.00 0.00 0.00 0.00 0.00 0.00 0.00 0.00 0.00 0.00 0.00 0.00 0.00 0.00 0.00 0.00 0.00 0.00 0.00 0.00 0.00 0.00 0.00 0.00 0.00 0.00 0.00 0.00 0.00 0.00 0.00 0.00 0.00 0.00 0.00 0.00 0.00 0.00 0.00 0.00 0.00 0.00 0.00 0.00 0.00 0.00 0.00 0.00 0.00 0.00 0.00 0.00 0.00 0.00 0.00 0.00 0.00 0.00 0.00 0.00 0.00 0.00 0.00 0.00 0.00 0.00 0.00 0.00 0.00 0.00 0.00 0.00 0.00 0.00 0.00 0.00 0.00 0.00 0.00 0.00 0.00 0.00 0.00 0.00 0.00 0.00 0.00 0.00 0.00 0.00 0.00 0.00 0.00 0.00 0.00 0.00 0.00 0.00 0.00 0.00 0.00 0.00 0.00 0.00 0.00 0.00 0.00 0.00 0.00 0.00 0.00 0.00 0.00 0.00 0.00 0.00 0.00 0.00 0.00 0.00 0.00 0.00 0.00 0.00 0.00 0.00 0.00 0.00 0.00 0.00 0.00 0.00 0.00 0.00 0.00 0.00 0.00 0.00 0.00 0.00 0.00 0.00 0.00 0.00 0.00 0.00 0.00 0.00 0.00 0.00 0.00 0.00 0.00 0.00 0.00 0.00 0.00 0.00 0.00 0.00 0.00 0.00 0.00 0.00 0.00 0.00 0.00 0.00 0.00 0.00 0.00 0.00 0.00 0.00 0.00 0.00 0.00 0.00 0.00 0.00 0.00 0.00 0.00 0.00 0.00 0.00 0.00 0.00 0.00 0.00 0.00 0.00 0.00 0.00 0.00 0.00 0.00 0.00 0.00 0.00 0.00 0.00 0.00 0.00 0.00 0.00 0.00 0.00 0.00 0.00 0.00 0.00 0.00 0.00 0.00 0.00 0.00 0.00 0.00 0.00 0.00 0.00 0.00 0.00 0.00 0.00 0.00 0.00 0.00 0.00 0.00 0.00 0.00 0.00 0.00 0.00 0.00 0.00 0.00 0.00 0.00 0.00 0.00 0.00 0.00 0.00 0.00 0.00 0.00 0.00 0.00 0.00 0.00 0.00 0.00 0.00 0.00 0.00 0.00 0.00 0.00 0.00 0.00 0.00 0.00 0.00 0.00 0.00 0.00 0.00 0.00 0.00 0.00 0.00 0.00 0.00 0.00 0.00 0.00 0.00 0.00 0.00 0.00 0.00 0.00 0.00 0.00 0.00 0.00 0.00 0.00 0.00 0.00 0.00 0.00 0.00 0.00 0.00 0.00 0.00 0.00 0.00 0.00 0.00 0.00 0.00 0.00 0.00 0.00 0.00 0.00 0.00 0.00 0.00 0.00 0.00 0.00 0.00 0.00 0.00 0.00 0.00 0.00 0.00 0.00 0.00 0.00 0.00 0.00 0.00 0.00 0.00 0.00 0.00 0.00 0.00 0.00 0.00 0.00 0.00 0.00 0.00 0.00 0.00 0.00 0.00 0.00 0.00 0.00 0.00 0.00 0.00 0.00 0.00 0.00 0.00 0.00 0.00 0.00 0.00 0.00 0.00 0.00 0.00 0.00 0.00 0.00 0.00 0.00 0.00 0.00 0.00 0.00 0.00 0.00 0.00 0.00 0.00 0.00 0.00 0.00 0.00 0.00 0.00 0.00 0.00 0.00 0.00 0.00 0.00 0.00 0.00 0.00 0.00 0.00 0.00 0.00 0.00 0.00 0.00 0.00 0.00 0.00 0.00 0.00 0.00 0.00 0.00 0.00 0.00 0.00 0.00 0.00 0.00 0.00 0.00 0.00 0.00 0.00 0.00 0.00 0.00 0.00 0.00 0.00 0.00 0.00 0.00 0.00 0.00 0.00 0.00 0.00 0.00 0.00 0.00 0.00 0.00 0.00 0.00 0.00 0.00 0.00 0.00 0.00 0.00 0.00 0.00 0.00 0.00 0.00 0.00 0.00 0.00 0.00 0.00 0.00 0.00 0.00 0.00 0.00 0.00 0.00 0.00 0.00 0.00 0.00 0.00 0.00 0.00 0.00 0.00 0.00 0.00 0.00 0.00 0.00 0.00 0.00 0.00 0.00 0.00 0.00 0.00 0.00 0.00 0.00 0.00 0.00 0.00 0.00 0.00 0.00 0.00 0.00 0.00 0.00 0.00 0.00 0.00 0.00 0.00 0.00 0.00 0.00 0.00 0.00 0.00 0.00 0.00 0.00 0.00 0.00 0.00 0.00 0.00 0.00 0.00 0.00 0.00 0.00 0.00 0.00 0.00 0.00 0.00 0.00 0.00 0.00 0.00 0.00 0.00 0.00 0.00 0.00 0.00 0.00 0.00 0.00 0.00 0.00 0.00 0.00 0.00 0.00 0.00 0.00 0.00 0.00 0.00 0.00 0.00 0.00 0.00 0.00 0.00 0.00 0.00 0.00 0.00 0.00 0.00 0.00 0.00 0.00 0.00 0.00 0.00 0.00 0.00 0.00 0.00 0.00 0.00 0.00 0.00 0.00 0.00 0.00 0.00 0.00 0.00 0.00 0.00 0.00 0.00 0.00 0.00 0.00 0.00 0.00 0.00 0.00 0.00 0.00 0.00 0.00 0.00 0.00 0.00 0.00 0.00 0.00 0.00 0.00 0.00 0.00 0.00 0.00 0.00 0.00 0.00 0.00 0.00 0.00 0.00 0.00 0.00 0.00 0.00 0.00 0.00 0.00 0.00 0.00 0.00 0.00 0.00 0.00 0.00 0.00 0.00 0.00 0.00 0.00 0.00 0.00 0.00 0.00 0.00 0.00 0.00 0.00 0.00 0.00 0.00 0.00 0.00 0.00 0.00 0.00 0.00 0.00 0.00 0.00 0.00 0.00 0.00 0.00 0.00 0.00 0.00 0.00 0.00 0.00 0.00 0.00 0.00 0.00 0.00 0.00 0.00 0.00 0.00 0.00 0.00 0.00 0.00 0.00 0.00 0.00 0.00 0.00 0.00 0.00 0.00 0.00 0.00 0.00 0.00 0.00 0.00 0.00 0.00 0.00 0.00 0.00 0.00 0.00 0.00 0.00 0.00 0.00 0.00 0.00 0.00 0.00 0.00 0.00 0.00 0.00 0.00 0.00 0.00 0.00 0.00 0.00 0.00 0.00 0.00 0.00 0.00 0.00 0.00 0.00 0.00 0.00 0.00 0.00 0.00 0.00 0.00 0.00 0.00 0.00 0.00 0.00 0.00 0.00 0.00 0.00 0.00 0.00 0.00 0.00 0.00 0.00 0.00 0.00 0.00 0.00 0.00 0.00 0.00 0.00 0.00 0.00 0.00 0.00 0.00 0.00 0.00 0.00 0.00 0.00 0.00 0.00 0.00 0.00 0.00 0.00 0.00 0.00 0.00 0.00 0.00 0.00 0.00 0.00 0.00 0.00 0.00 0.00 0.00 0.00
height.size=902
height.data=4314.24 4314.24 4314.24 4314.24 4314.24 4314.24 4314.24 4314.24 4314.24 4314.24 4314.24 4322.94 4322.94 4322.94 4322.94 4322.94 4322.94 4322.94 4322.94 4322.94 4322.94 4322.94 4331.65 4331.65 4331.65 4331.65 4331.65 4331.65 4331.65 4331.65 4331.65 4331.65 4331.65 4340.36 4340.36 4340.36 4340.36 4340.36 4340.36 4340.36 4340.36 4340.36 4340.36 4340.36 4349.08 4349.08 4349.08 4349.08 4349.08 4349.08 4349.08 4349.08 4349.08 4349.08 4349.08 4357.81 4357.81 4357.81 4357.81 4357.81 4357.81 4357.81 4357.81 4357.81 4357.81 4357.81 4366.55 4366.55 4366.55 4366.55 4366.55 4366.55 4366.55 4366.55 4366.55 4366.55 4366.55 4375.29 4375.29 4375.29 4375.29 4375.29 4375.29 4375.29 4375.29 4375.29 4375.29 4375.29 4384.04 4384.04 4384.04 4384.04 4384.04 4384.04 4384.04 4384.04 4384.04 4384.04 4384.04 4392.80 4392.80 4392.80 4392.80 4392.80 4392.80 4392.80 4392.80 4392.80 4392.80 4392.80 4401.56 4401.56 4401.56 4401.56 4401.56 4401.56 4401.56 4401.56 4401.56 4401.56 4401.56 4410.33 4410.33 4410.33 4410.33 4410.33 4410.33 4410.33 4410.33 4410.33 4410.33 4410.33 4419.11 4419.11 4419.11 4419.11 4419.11 4419.11 4419.11 4419.11 4419.11 4419.11 4419.11 4427.90 4427.90 4427.90 4427.90 4427.90 4427.90 4427.90 4427.90 4427.90 4427.90 4427.90 4436.70 4436.70 4436.70 4436.70 4436.70 4436.70 4436.70 4436.70 4436.70 4436.70 4436.70 4445.50 4445.50 4445.50 4445.50 4445.50 4445.50 4445.50 4445.50 4445.50 4445.50 4445.50 4454.31 4454.31 4454.31 4454.31 4454.31 4454.31 4454.31 4454.31 4454.31 4454.31 4454.31 4463.12 4463.12 4463.12 4463.12 4463.12 4463.12 4463.12 4463.12 4463.12 4463.12 4463.12 4471.95 4471.95 4471.95 4471.95 4471.95 4471.95 4471.95 4471.95 4471.95 4471.95 4471.95 4480.78 4480.78 4480.78 4480.78 4480.78 4480.78 4480.78 4480.78 4480.78 4480.78 4480.78 4489.62 4489.62 4489.62 4489.62 4489.62 4489.62 4489.62 4489.62 4489.62 4489.62 4489.62 4498.46 4498.46 4498.46 4498.46 4498.46 4498.46 4498.46 4498.46 4498.46 4498.46 4498.46 4507.32 4507.32 4507.32 4507.32 4507.32 4507.32 4507.32 4507.32 4507.32 4507.32 4507.32 4516.18 4516.18 4516.18 4516.18 4516.18 4516.18 4516.18 4516.18 4516.18 4516.18 4516.18 4525.04 4525.04 4525.04 4525.04 4525.04 4525.04 4525.04 4525.04 4525.04 4525.04 4525.04 4533.92 4533.92 4533.92 4533.92 4533.92 4533.92 4533.92 4533.92 4533.92 4533.92 4533.92 4542.80 4542.80 4542.80 4542.80 4542.80 4542.80 4542.80 4542.80 4542.80 4542.80 4542.80 4551.69 4551.69 4551.69 4551.69 4551.69 4551.69 4551.69 4551.69 4551.69 4551.69 4551.69 4560.59 4560.59 4560.59 4560.59 4560.59 4560.59 4560.59 4560.59 4560.59 4560.59 4560.59 4569.49 4569.49 4569.49 4569.49 4569.49 4569.49 4569.49 4569.49 4569.49 4569.49 4569.49 4578.41 4578.41 4578.41 4578.41 4578.41 4578.41 4578.41 4578.41 4578.41 4578.41 4578.41 4587.32 4587.32 4587.32 4587.32 4587.32 4587.32 4587.32 4587.32 4587.32 4587.32 4587.32 4596.25 4596.25 4596.25 4596.25 4596.25 4596.25 4596.25 4596.25 4596.25 4596.25 4596.25 4605.19 4605.19 4605.19 4605.19 4605.19 4605.19 4605.19 4605.19 4605.19 4605.19 4605.19 4614.13 4614.13 4614.13 4614.13 4614.13 4614.13 4614.13 4614.13 4614.13 4614.13 4614.13 4623.08 4623.08 4623.08 4623.08 4623.08 4623.08 4623.08 4623.08 4623.08 4623.08 4623.08 4632.03 4632.03 4632.03 4632.03 4632.03 4632.03 4632.03 4632.03 4632.03 4632.03 4632.03 4640.99 4640.99 4640.99 4640.99 4640.99 4640.99 4640.99 4640.99 4640.99 4640.99 4640.99 4649.97 4649.97 4649.97 4649.97 4649.97 4649.97 4649.97 4649.97 4649.97 4649.97 4649.97 4658.94 4658.94 4658.94 4658.94 4658.94 4658.94 4658.94 4658.94 4658.94 4658.94 4658.94 4667.93 4667.93 4667.93 4667.93 4667.93 4667.93 4667.93 4667.93 4667.93 4667.93 4667.93 4676.92 4676.92 4676.92 4676.92 4676.92 4676.92 4676.92 4676.92 4676.92 4676.92 4676.92 4685.92 4685.92 4685.92 4685.92 4685.92 4685.92 4685.92 4685.92 4685.92 4685.92 4685.92 4694.93 4694.93 4694.93 4694.93 4694.93 4694.93 4694.93 4694.93 4694.93 4694.93 4694.93 4703.94 4703.94 4703.94 4703.94 4703.94 4703.94 4703.94 4703.94 4703.94 4703.94 4703.94 4712.97 4712.97 4712.97 4712.97 4712.97 4712.97 4712.97 4712.97 4712.97 4712.97 4712.97 4721.99 4721.99 4721.99 4721.99 4721.99 4721.99 4721.99 4721.99 4721.99 4721.99 4721.99 4731.03 4731.03 4731.03 4731.03 4731.03 4731.03 4731.03 4731.03 4731.03 4731.03 4731.03 4740.08 4740.08 4740.08 4740.08 4740.08 4740.08 4740.08 4740.08 4740.08 4740.08 4740.08 4749.13 4749.13 4749.13 4749.13 4749.13 4749.13 4749.13 4749.13 4749.13 4749.13 4749.13 4758.19 4758.19 4758.19 4758.19 4758.19 4758.19 4758.19 4758.19 4758.19 4758.19 4758.19 4767.25 4767.25 4767.25 4767.25 4767.25 4767.25 4767.25 4767.25 4767.25 4767.25 4767.25 4776.33 4776.33 4776.33 4776.33 4776.33 4776.33 4776.33 4776.33 4776.33 4776.33 4776.33 4785.41 4785.41 4785.41 4785.41 4785.41 4785.41 4785.41 4785.41 4785.41 4785.41 4785.41 4794.49 4794.49 4794.49 4794.49 4794.49 4794.49 4794.49 4794.49 4794.49 4794.49 4794.49 4803.59 4803.59 4803.59 4803.59 4803.59 4803.59 4803.59 4803.59 4803.59 4803.59 4803.59 4812.69 4812.69 4812.69 4812.69 4812.69 4812.69 4812.69 4812.69 4812.69 4812.69 4812.69 4821.80 4821.80 4821.80 4821.80 4821.80 4821.80 4821.80 4821.80 4821.80 4821.80 4821.80 4830.92 4830.92 4830.92 4830.92 4830.92 4830.92 4830.92 4830.92 4830.92 4830.92 4830.92 4840.05 4840.05 4840.05 4840.05 4840.05 4840.05 4840.05 4840.05 4840.05 4840.05 4840.05 4849.18 4849.18 4849.18 4849.18 4849.18 4849.18 4849.18 4849.18 4849.18 4849.18 4849.18 4858.32 4858.32 4858.32 4858.32 4858.32 4858.32 4858.32 4858.32 4858.32 4858.32 4858.32 4867.46 4867.46 4867.46 4867.46 4867.46 4867.46 4867.46 4867.46 4867.46 4867.46 4867.46 4876.62 4876.62 4876.62 4876.62 4876.62 4876.62 4876.62 4876.62 4876.62 4876.62 4876.62 4885.78 4885.78 4885.78 4885.78 4885.78 4885.78 4885.78 4885.78 4885.78 4885.78 4885.78 4894.95 4894.95 4894.95 4894.95 4894.95 4894.95 4894.95 4894.95 4894.95 4894.95 4894.95 4904.13 4904.13 4904.13 4904.13 4904.13 4904.13 4904.13 4904.13 4904.13 4904.13 4904.13 4913.31 4913.31 4913.31 4913.31 4913.31 4913.31 4913.31 4913.31 4913.31 4913.31 4913.31 4922.50 4922.50 4922.50 4922.50 4922.50 4922.50 4922.50 4922.50 4922.50 4922.50 4922.50 4931.70 4931.70 4931.70 4931.70 4931.70 4931.70 4931.70 4931.70 4931.70 4931.70 4931.70 4940.90 4940.90 4940.90 4940.90 4940.90 4940.90 4940.90 4940.90 4940.90 4940.90 4940.90 4950.12 4950.12 4950.12 4950.12 4950.12 4950.12 4950.12 4950.12 4950.12 4950.12 4950.12 4959.34 4959.34 4959.34 4959.34 4959.34 4959.34 4959.34 4959.34 4959.34 4959.34 4959.34 4968.57 4968.57 4968.57 4968.57 4968.57 4968.57 4968.57 4968.57 4968.57 4968.57 4968.57 4977.80 4977.80 4977.80 4977.80 4977.80 4977.80 4977.80 4977.80 4977.80 4977.80 4977.80 4987.04 4987.04 4987.04 4987.04 4987.04 4987.04 4987.04 4987.04 4987.04 4987.04 4987.04 4996.29 4996.29 4996.29 4996.29 4996.29 4996.29 4996.29 4996.29 4996.29 4996.29 4996.29 5005.55 5005.55 5005.55 5005.55 5005.55 5005.55 5005.55 5005.55 5005.55 5005.55 5005.55 5014.81 5014.81 5014.81 5014.81 5014.81 5014.81 5014.81 5014.81 5014.81 5014.81 5014.81 5024.09 5024.09 5024.09 5024.09 5024.09 5024.09 5024.09 5024.09 5024.09 5024.09 5024.09 5033.37 5033.37 5033.37 5033.37 5033.37 5033.37 5033.37 5033.37 5033.37 5033.37 5033.37 5042.65 5042.65 5042.65 5042.65 5042.65 5042.65 5042.65 5042.65 5042.65 5042.65 5042.65
=== END RADAR_SCAN ===

=== BEGIN RADAR_SCAN ===
scan.index=6
scan.time=121.670000
radar.id=0
radar.frequency=C
radar.scanning_mode=PPI
radar.x=0.000
radar.y=0.000
radar.z=25.000
radar.maximum_range=250000.000
radar.range_resolution=250.000
radar.angular_resolution=1.000000
box.radar_id=0
box.min_range_gate=708.000
box.max_range_gate=789.000
box.min_angle=100.000000
box.max_angle=111.000000
box.num_ranges=82
box.num_angles=11
box.range_resolution=250.000
box.angular_resolution=1.000000
box.other_angle=0.300000
grid.size=902
grid.data=0.00 0.00 0.00 0.00 0.00 0.00 0.00 0.00 0.00 0.00 0.00 0.00 0.00 0.00 0.00 0.00 0.00 34.26 0.00 0.00 0.00 0.00 0.00 0.00 0.00 0.00 0.00 37.53 34.96 0.00 0.00 0.00 0.00 0.00 0.00 0.00 0.00 0.00 36.66 37.05 0.00 0.00 0.00 0.00 0.00 0.00 0.00 0.00 0.00 36.11 34.95 35.56 0.00 0.00 0.00 0.00 0.00 0.00 0.00 0.00 32.71 35.91 34.61 0.00 0.00 0.00 0.00 0.00 0.00 0.00 0.00 37.32 31.33 32.98 0.00 0.00 0.00 0.00 0.00 0.00 0.00 0.00 36.42 35.03 33.89 0.00 0.00 0.00 0.00 0.00 0.00 0.00 30.50 39.07 30.54 36.99 0.00 0.00 0.00 0.00 0.00 0.00 0.00 36.62 36.28 29.50 34.85 0.00 0.00 0.00 0.00 0.00 0.00 0.00 31.74 34.13 35.34 36.27 0.00 0.00 0.00 0.00 0.00 0.00 0.00 32.53 33.60 34.02 38.65 0.00 0.00 0.00 0.00 0.00 0.00 0.00 36.29 36.08 34.46 28.71 0.00 0.00 0.00 0.00 0.00 0.00 0.00 34.05 31.14 32.66 33.49 35.65 0.00 0.00 0.00 0.00 0.00 0.00 34.66 37.43 29.77 36.49 37.59 0.00 0.00 0.00 0.00 0.00 0.00 35.42 33.69 34.38 33.25 39.12 0.00 0.00 0.00 0.00 0.00 0.00 41.07 32.69 38.52 32.61 33.23 0.00 0.00 0.00 0.00 0.00 0.00 41.39 32.74 32.74 30.46 32.76 0.00 0.00 0.00 0.00 0.00 0.00 37.21 36.36 35.39 37.13 32.52 0.00 0.00 0.00 0.00 0.00 0.00 37.97 35.96 39.77 38.30 35.33 0.00 0.00 0.00 0.00 0.00 0.00 41.24 39.42 34.43 31.42 32.05 0.00 0.00 0.00 0.00 0.00 0.00 39.98 38.18 36.89 31.91 37.24 0.00 0.00 0.00 0.00 0.00 0.00 39.64 41.59 35.64 33.85 31.56 0.00 0.00 0.00 0.00 0.00 32.96 38.56 39.35 31.90 36.36 38.35 0.00 0.00 0.00 0.00 0.00 42.51 42.10 40.26 34.45 32.08 36.45 0.00 0.00 0.00 0.00 0.00 39.49 44.60 43.37 30.48 32.89 34.78 0.00 0.00 0.00 0.00 0.00 41.01 36.64 38.05 34.88 33.94 33.94 0.00 0.00 0.00 0.00 0.00 37.32 35.52 40.86 33.92 33.97 32.39 0.00 0.00 0.00 0.00 0.00 37.44 38.90 42.29 34.54 33.07 33.48 0.00 0.00 0.00 0.00 0.00 42.99 42.37 39.64 36.27 40.51 32.22 0.00 0.00 0.00 0.00 0.00 43.56 40.99 40.35 37.59 33.15 36.80 0.00 0.00 0.00 0.00 0.00 40.24 36.58 40.72 38.65 39.88 36.04 0.00 0.00 0.00 0.00 0.00 39.73 37.78 38.73 34.62 35.02 29.19 0.00 0.00 0.00 0.00 0.00 39.07 39.47 41.11 36.57 32.02 35.18 0.00 0.00 0.00 0.00 0.00 43.26 38.34 37.58 31.31 35.94 36.76 0.00 0.00 0.00 0.00 0.00 36.66 35.98 47.99 37.86 36.28 35.13 0.00 0.00 0.00 0.00 0.00 40.62 39.95 40.58 32.82 31.73 33.30 0.00 0.00 0.00 0.00 0.00 40.47 43.55 37.08 33.54 38.22 27.40 0.00 0.00 0.00 0.00 0.00 39.01 43.03 41.96 37.09 32.52 34.66 0.00 0.00 0.00 0.00 0.00 37.49 38.90 43.09 38.21 35.97 34.03 0.00 0.00 0.00 0.00 0.00 39.97 40.63 35.10 37.19 34.53 36.28 0.00 0.00 0.00 0.00 0.00 42.66 39.79 39.49 28.66 35.26 34.40 0.00 0.00 0.00 0.00 0.00 39.88 40.49 40.61 33.97 35.51 34.14 0.00 0.00 0.00 0.00 0.00 40.60 42.22 42.85 37.25 33.33 30.58 0.00 0.00 0.00 0.00 0.00 42.82 34.48 37.05 30.48 31.54 33.58 0.00 0.00 0.00 0.00 0.00 49.04 39.23 42.20 36.08 28.54 34.39 0.00 0.00 0.00 0.00 0.00 37.64 36.85 41.28 33.68 36.07 33.60 0.00 0.00 0.00 0.00 0.00 32.92 41.99 39.41 35.11 37.25 32.48 0.00 0.00 0.00 0.00 0.00 33.01 37.47 35.55 40.37 32.98 37.31 0.00 0.00 0.00 0.00 0.00 34.50 43.75 42.67 36.40 36.00 35.11 0.00 0.00 0.00 0.00 0.00 37.87 44.92 41.90 34.17 34.04 30.75 0.00 0.00 0.00 0.00 0.00 37.68 42.83 39.07 35.37 33.54 33.18 0.00 0.00 0.00 0.00 0.00 38.21 43.77 36.35 34.49 40.28 33.77 0.00 0.00 0.00 0.00 0.00 34.65 46.27 36.43 31.63 35.92 36.32 0.00 0.00 0.00 0.00 0.00 28.92 40.07 35.42 36.51 30.53 34.31 0.00 0.00 0.00 0.00 0.00 34.48 34.22 35.97 35.93 39.37 34.98 0.00 0.00 0.00 0.00 0.00 30.60 36.74 33.36 35.63 34.77 36.32 0.00 0.00 0.00 0.00 0.00 0.00 33.61 41.69 35.87 36.99 33.86 0.00 0.00 0.00 0.00 0.00 0.00 32.06 35.68 38.02 36.14 38.18 0.00 0.00 0.00 0.00 0.00 0.00 29.75 33.79 33.04 31.93 38.61 0.00 0.00 0.00 0.00 0.00 0.00 30.40 31.45 38.15 33.90 37.35 0.00 0.00 0.00 0.00 0.00 0.00 33.58 34.96 32.81 35.44 37.05 0.00 0.00 0.00 0.00 0.00 0.00 31.51 36.12 32.23 32.71 35.16 0.00 0.00 0.00 0.00 0.00 0.00 39.40 35.92 34.23 33.67 36.40 0.00 0.00 0.00 0.00 0.00 0.00 33.41 35.81 38.25 34.82 37.10 0.00 0.00 0.00 0.00 0.00 0.00 35.72 33.29 36.51 38.81 36.73 0.00 0.00 0.00 0.00 0.00 0.00 35.35 40.06 36.72 35.65 37.33 0.00 0.00 0.00 0.00 0.00 0.00 36.10 35.18 32.41 31.66 36.04 0.00 0.00 0.00 0.00 0.00 0.00 38.50 32.94 35.63 37.75 0.00 0.00 0.00 0.00 0.00 0.00 0.00 35.79 38.51 36.82 33.69 0.00 0.00 0.00 0.00 0.00 0.00 0.00 38.86 32.82 34.26 37.57 0.00 0.00 0.00 0.00 0.00 0.00 0.00 34.67 37.00 36.29 33.51 0.00 0.00 0.00 0.00 0.00 0.00 0.00 32.81 35.87 34.67 37.94 0.00 0.00 0.00 0.00 0.00 0.00 0.00 0.00 31.21 36.11 37.70 0.00 0.00 0.00 0.00 0.00 0.00 0.00 0.00 35.16 38.88 38.13 0.00 0.00 0.00 0.00 0.00 0.00 0.00 0.00 33.49 37.83 36.90 0.00 0.00 0.00 0.00 0.00 0.00 0.00 0.00 36.02 38.68 36.26 0.00 0.00 0.00 0.00 0.00 0.00 0.00 0.00 37.06 40.77 0.00 0.00 0.00 0.00 0.00 0.00 0.00 0.00 0.00 36.81 39.86 0.00 0.00 0.00 0.00 0.00 0.00 0.00 0.00 0.00 38.45 36.15 0.00 0.00 0.00 0.00 0.00 0.00 0.00 0.00 0.00 0.00 40.60 0.00 0.00 0.00 0.00 0.00 0.00 0.00 0.00 0.00 0.00 0.00 0.00 0.00 0.00 0.00
rain_type.data=0 0 0 0 0 0 0 0 0 0 0 0 0 0 0 0 0 1 0 0 0 0 0 0 0 0 0 1 1 0 0 0 0 0 0 0 0 0 1 1 0 0 0 0 0 0 0 0 0 1 1 1 0 0 0 0 0 0 0 0 1 1 1 0 0 0 0 0 0 0 0 1 1 1 0 0 0 0 0 0 0 0 1 1 1 0 0 0 0 0 0 0 1 1 1 1 0 0 0 0 0 0 0 1 1 1 1 0 0 0 0 0 0 0 1 1 1 1 0 0 0 0 0 0 0 1 1 1 1 0 0 0 0 0 0 0 1 1 1 1 0 0 0 0 0 0 0 1 1 1 1 1 0 0 0 0 0 0 1 1 1 1 1 0 0 0 0 0 0 1 1 1 1 1 0 0 0 0 0 0 2 1 1 1 1 0 0 0 0 0 0 2 1 1 1 1 0 0 0 0 0 0 2 2 1 1 1 0 0 0 0 0 0 2 2 1 1 1 0 0 0 0 0 0 2 2 1 1 1 0 0 0 0 0 0 2 2 1 1 1 0 0 0 0 0 0 2 2 1 1 1 0 0 0 0 0 1 2 2 1 1 1 0 0 0 0 0 2 2 2 1 1 1 0 0 0 0 0 2 2 2 1 1 1 0 0 0 0 0 2 2 2 1 1 1 0 0 0 0 0 2 2 2 1 1 1 0 0 0 0 0 2 2 2 1 1 1 0 0 0 0 0 2 2 2 1 1 1 0 0 0 0 0 2 2 2 1 1 1 0 0 0 0 0 2 2 2 1 1 1 0 0 0 0 0 2 2 2 1 1 1 0 0 0 0 0 2 2 2 1 1 1 0 0 0 0 0 2 2 2 1 1 1 0 0 0 0 0 2 2 2 1 1 1 0 0 0 0 0 2 2 2 1 1 1 0 0 0 0 0 2 2 2 1 1 1 0 0 0 0 0 2 2 2 1 1 1 0 0 0 0 0 2 2 2 1 1 1 0 0 0 0 0 2 2 2 1 1 1 0 0 0 0 0 2 2 2 1 1 1 0 0 0 0 0 2 2 2 1 1 1 0 0 0 0 0 2 2 2 1 1 1 0 0 0 0 0 2 2 2 1 1 1 0 0 0 0 0 2 2 2 1 1 1 0 0 0 0 0 2 2 2 1 1 1 0 0 0 0 0 1 2 2 1 1 1 0 0 0 0 0 1 2 2 1 1 1 0 0 0 0 0 1 2 2 1 1 1 0 0 0 0 0 1 2 2 1 1 1 0 0 0 0 0 1 2 2 1 1 1 0 0 0 0 0 1 2 2 1 1 1 0 0 0 0 0 1 2 1 1 1 1 0 0 0 0 0 1 2 1 1 1 1 0 0 0 0 0 1 1 1 1 1 1 0 0 0 0 0 1 1 1 1 1 1 0 0 0 0 0 0 1 1 1 1 1 0 0 0 0 0 0 1 1 1 1 1 0 0 0 0 0 0 1 1 1 1 1 0 0 0 0 0 0 1 1 1 1 1 0 0 0 0 0 0 1 1 1 1 1 0 0 0 0 0 0 1 1 1 1 1 0 0 0 0 0 0 1 1 1 1 1 0 0 0 0 0 0 1 1 1 1 1 0 0 0 0 0 0 1 1 1 1 1 0 0 0 0 0 0 1 1 1 1 1 0 0 0 0 0 0 1 1 1 1 1 0 0 0 0 0 0 1 1 1 1 0 0 0 0 0 0 0 1 1 1 1 0 0 0 0 0 0 0 1 1 1 1 0 0 0 0 0 0 0 1 1 1 1 0 0 0 0 0 0 0 1 1 1 1 0 0 0 0 0 0 0 0 1 1 1 0 0 0 0 0 0 0 0 1 1 1 0 0 0 0 0 0 0 0 1 1 1 0 0 0 0 0 0 0 0 1 1 1 0 0 0 0 0 0 0 0 1 1 0 0 0 0 0 0 0 0 0 1 1 0 0 0 0 0 0 0 0 0 1 1 0 0 0 0 0 0 0 0 0 0 1 0 0 0 0 0 0 0 0 0 0 0 0 0 0 0
estimated_attenuation.size=902
estimated_attenuation.data=0.00 0.00 0.00 0.00 0.00 0.00 0.00 0.00 0.00 0.00 0.00 0.00 0.00 0.00 0.00 0.00 0.00 0.00 0.00 0.00 0.00 0.00 0.00 0.00 0.00 0.00 0.00 0.00 0.00 0.00 0.00 0.00 0.00 0.00 0.00 0.00 0.00 0.00 0.00 0.00 0.00 0.00 0.00 0.00 0.00 0.00 0.00 0.00 0.00 0.00 0.00 0.00 0.00 0.00 0.00 0.00 0.00 0.00 0.00 0.00 0.00 0.00 0.00 0.00 0.00 0.00 0.00 0.00 0.00 0.00 0.00 0.00 0.00 0.00 0.00 0.00 0.00 0.00 0.00 0.00 0.00 0.00 0.00 0.00 0.00 0.00 0.00 0.00 0.00 0.00 0.00 0.00 0.00 0.00 0.00 0.00 0.00 0.00 0.00 0.00 0.00 0.00 0.00 0.00 0.00 0.00 0.00 0.00 0.00 0.00 0.00 0.00 0.00 0.00 0.00 0.00 0.00 0.00 0.00 0.00 0.00 0.00 0.00 0.00 0.00 0.00 0.00 0.00 0.00 0.00 0.00 0.00 0.00 0.00 0.00 0.00 0.00 0.00 0.00 0.00 0.00 0.00 0.00 0.00 0.00 0.00 0.00 0.00 0.00 0.00 0.00 0.00 0.00 0.00 0.00 0.00 0.00 0.00 0.00 0.00 0.00 0.00 0.00 0.00 0.00 0.00 0.00 0.00 0.00 0.00 0.00 0.00 0.00 0.00 0.00 0.00 0.00 0.00 0.00 0.00 0.00 0.00 0.00 0.00 0.00 0.00 0.00 0.00 0.00 0.00 0.00 0.00 0.00 0.00 0.00 0.00 0.00 0.00 0.00 0.00 0.00 0.00 0.00 0.00 0.00 0.00 0.00 0.00 0.00 0.00 0.00 0.00 0.00 0.00 0.00 0.00 0.00 0.00 0.00 0.00 0.00 0.00 0.00 0.00 0.00 0.00 0.00 0.00 0.00 0.00 0.00 0.00 0.00 0.00 0.00 0.00 0.00 0.00 0.00 0.00 0.00 0.00 0.00 0.00 0.00 0.00 0.00 0.00 0.00 0.00 0.00 0.00 0.00 0.00 0.00 0.00 0.00 0.00 0.00 0.00 0.00 0.00 0.00 0.00 0.00 0.00 0.00 0.00 0.00 0.00 0.00 0.00 0.00 0.00 0.00 0.00 0.00 0.00 0.00 0.00 0.00 0.00 0.00 0.00 0.00 0.00 0.00 0.00 0.00 0.00 0.00 0.00 0.00 0.00 0.00 0.00 0.00 0.00 0.00 0.00 0.00 0.00 0.00 0.00 0.00 0.00 0.00 0.00 0.00 0.00 0.00 0.00 0.00 0.00 0.00 0.00 0.00 0.00 0.00 0.00 0.00 0.00 0.00 0.00 0.00 0.00 0.00 0.00 0.00 0.00 0.00 0.00 0.00 0.00 0.00 0.00 0.00 0.00 0.00 0.00 0.00 0.00 0.00 0.00 0.00 0.00 0.00 0.00 0.00 0.00 0.00 0.00 0.00 0.00 0.00 0.00 0.00 0.00 0.00 0.00 0.00 0.00 0.00 0.00 0.00 0.00 0.00 0.00 0.00 0.00 0.00 0.00 0.00 0.00 0.00 0.00 0.00 0.00 0.00 0.00 0.00 0.00 0.00 0.00 0.00 0.00 0.00 0.00 0.00 0.00 0.00 0.00 0.00 0.00 0.00 0.00 0.00 0.00 0.00 0.00 0.00 0.00 0.00 0.00 0.00 0.00 0.00 0.00 0.00 0.00 0.00 0.00 0.00 0.00 0.00 0.00 0.00 0.00 0.00 0.00 0.00 0.00 0.00 0.00 0.00 0.00 0.00 0.00 0.00 0.00 0.00 0.00 0.00 0.00 0.00 0.00 0.00 0.00 0.00 0.00 0.00 0.00 0.00 0.00 0.00 0.00 0.00 0.00 0.00 0.00 0.00 0.00 0.00 0.00 0.00 0.00 0.00 0.00 0.00 0.00 0.00 0.00 0.00 0.00 0.00 0.00 0.00 0.00 0.00 0.00 0.00 0.00 0.00 0.00 0.00 0.00 0.00 0.00 0.00 0.00 0.00 0.00 0.00 0.00 0.00 0.00 0.00 0.00 0.00 0.00 0.00 0.00 0.00 0.00 0.00 0.00 0.00 0.00 0.00 0.00 0.00 0.00 0.00 0.00 0.00 0.00 0.00 0.00 0.00 0.00 0.00 0.00 0.00 0.00 0.00 0.00 0.00 0.00 0.00 0.00 0.00 0.00 0.00 0.00 0.00 0.00 0.00 0.00 0.00 0.00 0.00 0.00 0.00 0.00 0.00 0.00 0.00 0.00 0.00 0.00 0.00 0.00 0.00 0.00 0.00 0.00 0.00 0.00 0.00 0.00 0.00 0.00 0.00 0.00 0.00 0.00 0.00 0.00 0.00 0.00 0.00 0.00 0.00 0.00 0.00 0.00 0.00 0.00 0.00 0.00 0.00 0.00 0.00 0.00 0.00 0.00 0.00 0.00 0.00 0.00 0.00 0.00 0.00 0.00 0.00 0.00 0.00 0.00 0.00 0.00 0.00 0.00 0.00 0.00 0.00 0.00 0.00 0.00 0.00 0.00 0.00 0.00 0.00 0.00 0.00 0.00 0.00 0.00 0.00 0.00 0.00 0.00 0.00 0.00 0.00 0.00 0.00 0.00 0.00 0.00 0.00 0.00 0.00 0.00 0.00 0.00 0.00 0.00 0.00 0.00 0.00 0.00 0.00 0.00 0.00 0.00 0.00 0.00 0.00 0.00 0.00 0.00 0.00 0.00 0.00 0.00 0.00 0.00 0.00 0.00 0.00 0.00 0.00 0.00 0.00 0.00 0.00 0.00 0.00 0.00 0.00 0.00 0.00 0.00 0.00 0.00 0.00 0.00 0.00 0.00 0.00 0.00 0.00 0.00 0.00 0.00 0.00 0.00 0.00 0.00 0.00 0.00 0.00 0.00 0.00 0.00 0.00 0.00 0.00 0.00 0.00 0.00 0.00 0.00 0.00 0.00 0.00 0.00 0.00 0.00 0.00 0.00 0.00 0.00 0.00 0.00 0.00 0.00 0.00 0.00 0.00 0.00 0.00 0.00 0.00 0.00 0.00 0.00 0.00 0.00 0.00 0.00 0.00 0.00 0.00 0.00 0.00 0.00 0.00 0.00 0.00 0.00 0.00 0.00 0.00 0.00 0.00 0.00 0.00 0.00 0.00 0.00 0.00 0.00 0.00 0.00 0.00 0.00 0.00 0.00 0.00 0.00 0.00 0.00 0.00 0.00 0.00 0.00 0.00 0.00 0.00 0.00 0.00 0.00 0.00 0.00 0.00 0.00 0.00 0.00 0.00 0.00 0.00 0.00 0.00 0.00 0.00 0.00 0.00 0.00 0.00 0.00 0.00 0.00 0.00 0.00 0.00 0.00 0.00 0.00 0.00 0.00 0.00 0.00 0.00 0.00 0.00 0.00 0.00 0.00 0.00 0.00 0.00 0.00 0.00 0.00 0.00 0.00 0.00 0.00 0.00 0.00 0.00 0.00 0.00 0.00 0.00 0.00 0.00 0.00 0.00 0.00 0.00 0.00 0.00 0.00 0.00 0.00 0.00 0.00 0.00 0.00 0.00 0.00 0.00 0.00 0.00 0.00 0.00 0.00 0.00 0.00 0.00 0.00 0.00 0.00 0.00 0.00 0.00 0.00 0.00 0.00 0.00 0.00 0.00 0.00 0.00 0.00 0.00 0.00 0.00 0.00 0.00 0.00 0.00 0.00 0.00 0.00 0.00 0.00 0.00 0.00 0.00 0.00 0.00 0.00 0.00 0.00 0.00 0.00 0.00 0.00 0.00 0.00 0.00 0.00 0.00 0.00 0.00 0.00 0.00 0.00 0.00 0.00 0.00 0.00 0.00 0.00 0.00 0.00 0.00 0.00
height.size=902
height.data=2770.35 2770.35 2770.35 2770.35 2770.35 2770.35 2770.35 2770.35 2770.35 2770.35 2770.35 2776.87 2776.87 2776.87 2776.87 2776.87 2776.87 2776.87 2776.87 2776.87 2776.87 2776.87 2783.39 2783.39 2783.39 2783.39 2783.39 2783.39 2783.39 2783.39 2783.39 2783.39 2783.39 2789.93 2789.93 2789.93 2789.93 2789.93 2789.93 2789.93 2789.93 2789.93 2789.93 2789.93 2796.47 2796.47 2796.47 2796.47 2796.47 2796.47 2796.47 2796.47 2796.47 2796.47 2796.47 2803.02 2803.02 2803.02 2803.02 2803.02 2803.02 2803.02 2803.02 2803.02 2803.02 2803.02 2809.57 2809.57 2809.57 2809.57 2809.57 2809.57 2809.57 2809.57 2809.57 2809.57 2809.57 2816.14 2816.14 2816.14 2816.14 2816.14 2816.14 2816.14 2816.14 2816.14 2816.14 2816.14 2822.71 2822.71 2822.71 2822.71 2822.71 2822.71 2822.71 2822.71 2822.71 2822.71 2822.71 2829.29 2829.29 2829.29 2829.29 2829.29 2829.29 2829.29 2829.29 2829.29 2829.29 2829.29 2835.87 2835.87 2835.87 2835.87 2835.87 2835.87 2835.87 2835.87 2835.87 2835.87 2835.87 2842.47 2842.47 2842.47 2842.47 2842.47 2842.47 2842.47 2842.47 2842.47 2842.47 2842.47 2849.07 2849.07 2849.07 2849.07 2849.07 2849.07 2849.07 2849.07 2849.07 2849.07 2849.07 2855.68 2855.68 2855.68 2855.68 2855.68 2855.68 2855.68 2855.68 2855.68 2855.68 2855.68 2862.29 2862.29 2862.29 2862.29 2862.29 2862.29 2862.29 2862.29 2862.29 2862.29 2862.29 2868.91 2868.91 2868.91 2868.91 2868.91 2868.91 2868.91 2868.91 2868.91 2868.91 2868.91 2875.54 2875.54 2875.54 2875.54 2875.54 2875.54 2875.54 2875.54 2875.54 2875.54 2875.54 2882.18 2882.18 2882.18 2882.18 2882.18 2882.18 2882.18 2882.18 2882.18 2882.18 2882.18 2888.82 2888.82 2888.82 2888.82 2888.82 2888.82 2888.82 2888.82 2888.82 2888.82 2888.82 2895.48 2895.48 2895.48 2895.48 2895.48 2895.48 2895.48 2895.48 2895.48 2895.48 2895.48 2902.14 2902.14 2902.14 2902.14 2902.14 2902.14 2902.14 2902.14 2902.14 2902.14 2902.14 2908.80 2908.80 2908.80 2908.80 2908.80 2908.80 2908.80 2908.80 2908.80 2908.80 2908.80 2915.48 2915.48 2915.48 2915.48 2915.48 2915.48 2915.48 2915.48 2915.48 2915.48 2915.48 2922.16 2922.16 2922.16 2922.16 2922.16 2922.16 2922.16 2922.16 2922.16 2922.16 2922.16 2928.85 2928.85 2928.85 2928.85 2928.85 2928.85 2928.85 2928.85 2928.85 2928.85 2928.85 2935.54 2935.54 2935.54 2935.54 2935.54 2935.54 2935.54 2935.54 2935.54 2935.54 2935.54 2942.25 2942.25 2942.25 2942.25 2942.25 2942.25 2942.25 2942.25 2942.25 2942.25 2942.25 2948.96 2948.96 2948.96 2948.96 2948.96 2948.96 2948.96 2948.96 2948.96 2948.96 2948.96 2955.68 2955.68 2955.68 2955.68 2955.68 2955.68 2955.68 2955.68 2955.68 2955.68 2955.68 2962.40 2962.40 2962.40 2962.40 2962.40 2962.40 2962.40 2962.40 2962.40 2962.40 2962.40 2969.13 2969.13 2969.13 2969.13 2969.13 2969.13 2969.13 2969.13 2969.13 2969.13 2969.13 2975.87 2975.87 2975.87 2975.87 2975.87 2975.87 2975.87 2975.87 2975.87 2975.87 2975.87 2982.62 2982.62 2982.62 2982.62 2982.62 2982.62 2982.62 2982.62 2982.62 2982.62 2982.62 2989.38 2989.38 2989.38 2989.38 2989.38 2989.38 2989.38 2989.38 2989.38 2989.38 2989.38 2996.14 2996.14 2996.14 2996.14 2996.14 2996.14 2996.14 2996.14 2996.14 2996.14 2996.14 3002.91 3002.91 3002.91 3002.91 3002.91 3002.91 3002.91 3002.91 3002.91 3002.91 3002.91 3009.68 3009.68 3009.68 3009.68 3009.68 3009.68 3009.68 3009.68 3009.68 3009.68 3009.68 3016.47 3016.47 3016.47 3016.47 3016.47 3016.47 3016.47 3016.47 3016.47 3016.47 3016.47 3023.26 3023.26 3023.26 3023.26 3023.26 3023.26 3023.26 3023.26 3023.26 3023.26 3023.26 3030.06 3030.06 3030.06 3030.06 3030.06 3030.06 3030.06 3030.06 3030.06 3030.06 3030.06 3036.87 3036.87 3036.87 3036.87 3036.87 3036.87 3036.87 3036.87 3036.87 3036.87 3036.87 3043.68 3043.68 3043.68 3043.68 3043.68 3043.68 3043.68 3043.68 3043.68 3043.68 3043.68 3050.50 3050.50 3050.50 3050.50 3050.50 3050.50 3050.50 3050.50 3050.50 3050.50 3050.50 3057.33 3057.33 3057.33 3057.33 3057.33 3057.33 3057.33 3057.33 3057.33 3057.33 3057.33 3064.16 3064.16 3064.16 3064.16 3064.16 3064.16 3064.16 3064.16 3064.16 3064.16 3064.16 3071.01 3071.01 3071.01 3071.01 3071.01 3071.01 3071.01 3071.01 3071.01 3071.01 3071.01 3077.86 3077.86 3077.86 3077.86 3077.86 3077.86 3077.86 3077.86 3077.86 3077.86 3077.86 3084.72 3084.72 3084.72 3084.72 3084.72 3084.72 3084.72 3084.72 3084.72 3084.72 3084.72 3091.58 3091.58 3091.58 3091.58 3091.58 3091.58 3091.58 3091.58 3091.58 3091.58 3091.58 3098.45 3098.45 3098.45 3098.45 3098.45 3098.45 3098.45 3098.45 3098.45 3098.45 3098.45 3105.33 3105.33 3105.33 3105.33 3105.33 3105.33 3105.33 3105.33 3105.33 3105.33 3105.33 3112.22 3112.22 3112.22 3112.22 3112.22 3112.22 3112.22 3112.22 3112.22 3112.22 3112.22 3119.11 3119.11 3119.11 3119.11 3119.11 3119.11 3119.11 3119.11 3119.11 3119.11 3119.11 3126.02 3126.02 3126.02 3126.02 3126.02 3126.02 3126.02 3126.02 3126.02 3126.02 3126.02 3132.93 3132.93 3132.93 3132.93 3132.93 3132.93 3132.93 3132.93 3132.93 3132.93 3132.93 3139.84 3139.84 3139.84 3139.84 3139.84 3139.84 3139.84 3139.84 3139.84 3139.84 3139.84 3146.77 3146.77 3146.77 3146.77 3146.77 3146.77 3146.77 3146.77 3146.77 3146.77 3146.77 3153.70 3153.70 3153.70 3153.70 3153.70 3153.70 3153.70 3153.70 3153.70 3153.70 3153.70 3160.64 3160.64 3160.64 3160.64 3160.64 3160.64 3160.64 3160.64 3160.64 3160.64 3160.64 3167.58 3167.58 3167.58 3167.58 3167.58 3167.58 3167.58 3167.58 3167.58 3167.58 3167.58 3174.54 3174.54 3174.54 3174.54 3174.54 3174.54 3174.54 3174.54 3174.54 3174.54 3174.54 3181.50 3181.50 3181.50 3181.50 3181.50 3181.50 3181.50 3181.50 3181.50 3181.50 3181.50 3188.46 3188.46 3188.46 3188.46 3188.46 3188.46 3188.46 3188.46 3188.46 3188.46 3188.46 3195.44 3195.44 3195.44 3195.44 3195.44 3195.44 3195.44 3195.44 3195.44 3195.44 3195.44 3202.42 3202.42 3202.42 3202.42 3202.42 3202.42 3202.42 3202.42 3202.42 3202.42 3202.42 3209.41 3209.41 3209.41 3209.41 3209.41 3209.41 3209.41 3209.41 3209.41 3209.41 3209.41 3216.41 3216.41 3216.41 3216.41 3216.41 3216.41 3216.41 3216.41 3216.41 3216.41 3216.41 3223.41 3223.41 3223.41 3223.41 3223.41 3223.41 3223.41 3223.41 3223.41 3223.41 3223.41 3230.43 3230.43 3230.43 3230.43 3230.43 3230.43 3230.43 3230.43 3230.43 3230.43 3230.43 3237.45 3237.45 3237.45 3237.45 3237.45 3237.45 3237.45 3237.45 3237.45 3237.45 3237.45 3244.47 3244.47 3244.47 3244.47 3244.47 3244.47 3244.47 3244.47 3244.47 3244.47 3244.47 3251.51 3251.51 3251.51 3251.51 3251.51 3251.51 3251.51 3251.51 3251.51 3251.51 3251.51 3258.55 3258.55 3258.55 3258.55 3258.55 3258.55 3258.55 3258.55 3258.55 3258.55 3258.55 3265.60 3265.60 3265.60 3265.60 3265.60 3265.60 3265.60 3265.60 3265.60 3265.60 3265.60 3272.65 3272.65 3272.65 3272.65 3272.65 3272.65 3272.65 3272.65 3272.65 3272.65 3272.65 3279.72 3279.72 3279.72 3279.72 3279.72 3279.72 3279.72 3279.72 3279.72 3279.72 3279.72 3286.79 3286.79 3286.79 3286.79 3286.79 3286.79 3286.79 3286.79 3286.79 3286.79 3286.79 3293.87 3293.87 3293.87 3293.87 3293.87 3293.87 3293.87 3293.87 3293.87 3293.87 3293.87 3300.95 3300.95 3300.95 3300.95 3300.95 3300.95 3300.95 3300.95 3300.95 3300.95 3300.95 3308.04 3308.04 3308.04 3308.04 3308.04 3308.04 3308.04 3308.04 3308.04 3308.04 3308.04 3315.14 3315.14 3315.14 3315.14 3315.14 3315.14 3315.14 3315.14 3315.14 3315.14 3315.14 3322.25 3322.25 3322.25 3322.25 3322.25 3322.25 3322.25 3322.25 3322.25 3322.25 3322.25
=== END RADAR_SCAN ===

=== BEGIN RADAR_SCAN ===
scan.index=7
scan.time=122.000000
radar.id=0
radar.frequency=C
radar.scanning_mode=PPI
radar.x=0.000
radar.y=0.000
radar.z=25.000
radar.maximum_range=250000.000
radar.range_resolution=250.000
radar.angular_resolution=1.000000
box.radar_id=0
box.min_range_gate=781.000
box.max_range_gate=870.000
box.min_angle=100.000000
box.max_angle=111.000000
box.num_ranges=90
box.num_angles=11
box.range_resolution=250.000
box.angular_resolution=1.000000
box.other_angle=25.000000
grid.size=990
grid.data=0.00 0.00 0.00 0.00 0.00 0.00 0.00 0.00 0.00 0.00 0.00 0.00 0.00 0.00 0.00 0.00 0.00 0.00 0.00 0.00 0.00 0.00 0.00 0.00 0.00 0.00 0.00 0.00 0.00 0.00 0.00 0.00 0.00 0.00 0.00 0.00 0.00 0.00 0.00 0.00 0.00 0.00 0.00 0.00 0.00 0.00 0.00 0.00 0.00 0.00 0.00 0.00 0.00 0.00 0.00 0.00 0.00 0.00 0.00 0.00 0.00 0.00 0.00 0.00 0.00 0.00 0.00 0.00 0.00 0.00 0.00 0.00 0.00 0.00 0.00 0.00 0.00 0.00 0.00 0.00 0.00 0.00 0.00 0.00 0.00 0.00 0.00 0.00 0.00 0.00 0.00 0.00 0.00 0.00 0.00 0.00 0.00 0.00 0.00 0.00 0.00 0.00 0.00 0.00 0.00 0.32 0.00 0.00 0.00 0.00 0.00 0.00 0.00 0.00 0.00 0.55 0.04 0.00 0.00 0.00 0.00 0.00 0.00 0.00 0.00 0.00 1.92 -1.68 0.00 0.00 0.00 0.00 0.00 0.00 0.00 0.00 0.00 -0.22 1.45 0.60 0.00 0.00 0.00 0.00 0.00 0.00 0.00 0.00 -0.68 -1.27 -0.77 0.00 0.00 0.00 0.00 0.00 0.00 0.00 0.00 -0.26 0.77 -2.09 0.00 0.00 0.00 0.00 0.00 0.00 0.00 0.00 1.02 -1.26 -0.41 0.00 0.00 0.00 0.00 0.00 0.00 0.00 -1.05 2.02 1.60 -2.13 0.00 0.00 0.00 0.00 0.00 0.00 0.00 -0.20 1.32 -0.65 1.66 0.00 0.00 0.00 0.00 0.00 0.00 0.00 0.52 0.91 0.66 1.61 0.00 0.00 0.00 0.00 0.00 0.00 0.00 0.17 1.18 -0.45 0.75 0.00 0.00 0.00 0.00 0.00 0.00 0.00 0.36 0.40 -0.08 1.39 0.00 0.00 0.00 0.00 0.00 0.00 0.00 0.14 -0.22 -0.66 1.17 0.00 0.00 0.00 0.00 0.00 0.00 0.00 0.18 -2.12 -0.85 -0.25 0.00 0.00 0.00 0.00 0.00 0.00 0.00 -0.12 -1.42 0.57 -1.14 0.97 0.00 0.00 0.00 0.00 0.00 0.00 -0.09 -1.08 1.63 -2.49 -0.48 0.00 0.00 0.00 0.00 0.00 0.00 1.79 1.23 -0.48 -0.30 1.28 0.00 0.00 0.00 0.00 0.00 0.00 -2.58 -0.65 1.41 0.85 0.48 0.00 0.00 0.00 0.00 0.00 0.00 -2.56 -1.96 1.29 -0.37 -0.87 0.00 0.00 0.00 0.00 0.00 0.00 1.01 -0.22 -0.29 0.35 -0.28 0.00 0.00 0.00 0.00 0.00 0.00 -0.05 0.88 0.14 -0.30 0.48 0.00 0.00 0.00 0.00 0.00 0.00 0.68 -0.31 0.70 -0.47 -1.10 0.00 0.00 0.00 0.00 0.00 0.00 0.52 -0.39 0.51 0.62 -0.00 0.00 0.00 0.00 0.00 0.00 -2.60 -0.98 0.99 1.43 -0.98 1.32 0.00 0.00 0.00 0.00 0.00 0.39 -0.26 -0.05 -2.02 -0.65 0.95 0.00 0.00 0.00 0.00 0.00 -1.54 0.81 -0.95 -0.56 0.61 -0.80 0.00 0.00 0.00 0.00 0.00 0.17 -0.83 0.77 0.22 -0.70 -0.17 0.00 0.00 0.00 0.00 0.00 -0.20 -1.46 -1.26 -0.08 0.23 -0.63 0.00 0.00 0.00 0.00 0.00 -1.24 -0.31 -0.36 -0.99 0.56 -0.58 0.00 0.00 0.00 0.00 0.00 0.12 -0.70 -0.47 -0.16 -0.30 1.13 0.00 0.00 0.00 0.00 0.00 0.67 -0.64 1.06 -0.09 0.09 -0.02 0.00 0.00 0.00 0.00 0.00 4.53 -1.30 -0.09 -1.40 -0.88 0.81 0.00 0.00 0.00 0.00 0.00 1.02 0.59 0.14 0.92 -2.05 0.81 0.00 0.00 0.00 0.00 0.00 -0.22 0.65 2.42 -0.19 0.80 0.50 0.00 0.00 0.00 0.00 0.00 -0.46 1.87 -0.50 2.14 0.02 0.89 0.00 0.00 0.00 0.00 0.00 0.28 -0.28 0.01 0.15 -1.02 -0.15 0.00 0.00 0.00 0.00 0.00 -0.26 -1.25 -0.29 0.93 -1.10 -0.05 0.00 0.00 0.00 0.00 0.00 1.34 -0.73 0.40 1.73 1.06 -0.46 0.00 0.00 0.00 0.00 0.00 -2.03 0.28 -0.82 1.40 -1.00 -0.24 0.00 0.00 0.00 0.00 0.00 0.30 0.50 -0.97 0.88 -0.78 0.69 0.00 0.00 0.00 0.00 0.00 0.20 -0.09 1.20 0.30 -1.35 -0.04 0.00 0.00 0.00 0.00 0.00 1.43 -1.31 0.54 0.10 1.05 -0.87 0.00 0.00 0.00 0.00 0.00 1.24 0.09 -0.88 0.21 -2.33 0.90 0.00 0.00 0.00 0.00 0.00 -1.98 0.18 0.73 0.31 -0.37 0.08 0.00 0.00 0.00 0.00 0.00 2.21 -1.32 1.13 0.05 -0.93 -0.51 0.00 0.00 0.00 0.00 0.00 0.21 -1.45 -1.03 1.05 1.20 -0.99 0.00 0.00 0.00 0.00 0.00 -1.53 0.30 0.67 0.28 0.84 -0.58 0.00 0.00 0.00 0.00 0.00 -0.53 -0.22 0.58 -0.15 -0.64 -0.92 0.00 0.00 0.00 0.00 0.00 1.02 0.50 0.64 -0.44 0.30 0.50 0.00 0.00 0.00 0.00 0.00 -0.46 0.16 -0.30 0.29 -1.06 0.86 0.00 0.00 0.00 0.00 0.00 0.67 1.09 0.78 1.21 -0.62 -1.99 0.00 0.00 0.00 0.00 0.00 0.05 -1.84 0.81 -1.54 0.22 1.68 0.00 0.00 0.00 0.00 0.00 -1.04 -0.07 -0.70 1.13 0.05 -0.56 0.00 0.00 0.00 0.00 0.00 -1.58 0.69 0.90 0.65 1.16 0.25 0.00 0.00 0.00 0.00 0.00 0.65 0.94 0.38 0.22 -0.31 0.22 0.00 0.00 0.00 0.00 0.00 -0.33 1.06 -1.99 -1.59 -2.96 -1.04 0.00 0.00 0.00 0.00 0.00 0.72 -0.17 -2.87 1.45 1.25 1.80 0.00 0.00 0.00 0.00 0.00 -0.29 -1.37 0.31 -1.49 -1.05 1.03 0.00 0.00 0.00 0.00 0.00 2.68 0.92 -0.56 2.30 -0.41 -2.27 0.00 0.00 0.00 0.00 0.00 0.30 0.02 1.38 0.52 0.48 0.41 0.00 0.00 0.00 0.00 0.00 0.62 -1.72 0.28 -1.29 -1.29 -0.69 0.00 0.00 0.00 0.00 0.00 0.74 -1.45 0.78 1.43 -1.42 -0.50 0.00 0.00 0.00 0.00 0.00 0.71 0.37 0.03 1.04 1.74 -0.33 0.00 0.00 0.00 0.00 0.00 -0.15 0.12 -0.08 -0.57 -0.52 -0.88 0.00 0.00 0.00 0.00 0.00 0.00 0.49 -0.50 0.21 -0.91 -0.96 0.00 0.00 0.00 0.00 0.00 0.00 -1.79 0.24 -0.41 0.54 0.18 0.00 0.00 0.00 0.00 0.00 0.00 -0.68 1.89 -0.23 -0.92 -1.78 0.00 0.00 0.00 0.00 0.00 0.00 1.20 -1.31 1.01 -1.19 0.21 0.00 0.00 0.00 0.00 0.00 0.00 0.76 -0.10 1.56 0.30 2.11 0.00 0.00 0.00 0.00 0.00 0.00 0.03 -1.68 -0.43 -0.40 1.01 0.00 0.00 0.00 0.00 0.00 0.00 0.79 0.74 0.69 1.21 1.05 0.00 0.00 0.00 0.00 0.00 0.00 -0.97 0.80 -1.46 0.25 -2.38 0.00 0.00 0.00 0.00 0.00 0.00 -0.28 1.69 0.69 -0.94 -0.33 0.00 0.00 0.00 0.00 0.00 0.00 -1.27 -1.00 1.42 0.17 0.67 0.00 0.00 0.00 0.00 0.00 0.00 1.67 -1.87 0.00 -0.61 0.00 0.00 0.00 0.00 0.00 0.00 0.00 -0.52 -0.42 0.00 1.00 0.00 0.00 0.00 0.00 0.00 0.00 0.00 0.84 -0.87 -0.99 -0.49 0.00 0.00 0.00 0.00 0.00 0.00 0.00 0.73 0.64 -1.28 1.66 0.00 0.00 0.00 0.00 0.00 0.00 0.00 -0.47 0.15 -1.18 0.65 0.00 0.00 0.00 0.00 0.00 0.00 0.00 0.92 -2.46 -0.07 1.23 0.00 0.00 0.00 0.00 0.00 0.00 0.00 -0.19 -0.26 0.20 -0.25 0.00 0.00 0.00
rain_type.data=0 0 0 0 0 0 0 0 0 0 0 0 0 0 0 0 0 0 0 0 0 0 0 0 0 0 0 0 0 0 0 0 0 0 0 0 0 0 0 0 0 0 0 0 0 0 0 0 0 0 0 0 0 0 0 0 0 0 0 0 0 0 0 0 0 0 0 0 0 0 0 0 0 0 0 0 0 0 0 0 0 0 0 0 0 0 0 0 0 0 0 0 0 0 0 0 0 0 0 0 0 0 0 0 0 1 0 0 0 0 0 0 0 0 0 1 1 0 0 0 0 0 0 0 0 0 1 1 0 0 0 0 0 0 0 0 0 1 1 1 0 0 0 0 0 0 0 0 1 1 1 0 0 0 0 0 0 0 0 1 1 1 0 0 0 0 0 0 0 0 1 1 1 0 0 0 0 0 0 0 1 1 1 1 0 0 0 0 0 0 0 1 1 1 1 0 0 0 0 0 0 0 1 1 1 1 0 0 0 0 0 0 0 1 1 1 1 0 0 0 0 0 0 0 1 1 1 1 0 0 0 0 0 0 0 1 1 1 1 0 0 0 0 0 0 0 1 1 1 1 0 0 0 0 0 0 0 1 1 1 1 1 0 0 0 0 0 0 1 1 1 1 1 0 0 0 0 0 0 1 1 1 1 1 0 0 0 0 0 0 2 1 1 1 1 0 0 0 0 0 0 2 1 1 1 1 0 0 0 0 0 0 2 2 1 1 1 0 0 0 0 0 0 2 2 1 1 1 0 0 0 0 0 0 2 2 1 1 1 0 0 0 0 0 0 2 2 1 1 1 0 0 0 0 0 1 2 2 1 1 1 0 0 0 0 0 1 2 2 1 1 1 0 0 0 0 0 2 2 2 1 1 1 0 0 0 0 0 2 2 2 1 1 1 0 0 0 0 0 2 2 2 1 1 1 0 0 0 0 0 2 2 2 1 1 1 0 0 0 0 0 2 2 2 1 1 1 0 0 0 0 0 2 2 2 1 1 1 0 0 0 0 0 2 2 2 1 1 1 0 0 0 0 0 2 2 2 1 1 1 0 0 0 0 0 2 2 2 1 1 1 0 0 0 0 0 2 2 2 1 1 1 0 0 0 0 0 2 2 2 1 1 1 0 0 0 0 0 2 2 2 1 1 1 0 0 0 0 0 2 2 2 1 1 1 0 0 0 0 0 2 2 2 1 1 1 0 0 0 0 0 2 2 2 1 1 1 0 0 0 0 0 2 2 2 1 1 1 0 0 0 0 0 2 2 2 1 1 1 0 0 0 0 0 2 2 2 1 1 1 0 0 0 0 0 2 2 2 1 1 1 0 0 0 0 0 2 2 2 1 1 1 0 0 0 0 0 2 2 2 1 1 1 0 0 0 0 0 2 2 2 1 1 1 0 0 0 0 0 2 2 2 1 1 1 0 0 0 0 0 2 2 2 1 1 1 0 0 0 0 0 2 2 2 1 1 1 0 0 0 0 0 2 2 2 1 1 1 0 0 0 0 0 2 2 2 1 1 1 0 0 0 0 0 1 2 2 1 1 1 0 0 0 0 0 1 2 2 1 1 1 0 0 0 0 0 1 2 2 1 1 1 0 0 0 0 0 1 2 2 1 1 1 0 0 0 0 0 1 2 2 1 1 1 0 0 0 0 0 1 2 2 1 1 1 0 0 0 0 0 1 2 1 1 1 1 0 0 0 0 0 1 2 1 1 1 1 0 0 0 0 0 1 2 1 1 1 1 0 0 0 0 0 1 1 1 1 1 1 0 0 0 0 0 1 1 1 1 1 1 0 0 0 0 0 1 1 1 1 1 1 0 0 0 0 0 0 1 1 1 1 1 0 0 0 0 0 0 1 1 1 1 1 0 0 0 0 0 0 1 1 1 1 1 0 0 0 0 0 0 1 1 1 1 1 0 0 0 0 0 0 1 1 1 1 1 0 0 0 0 0 0 1 1 1 1 1 0 0 0 0 0 0 1 1 1 1 1 0 0 0 0 0 0 1 1 1 1 1 0 0 0 0 0 0 1 1 1 1 1 0 0 0 0 0 0 1 1 1 1 1 0 0 0 0 0 0 1 1 1 1 0 0 0 0 0 0 0 1 1 1 1 0 0 0 0 0 0 0 1 1 1 1 0 0 0 0 0 0 0 1 1 1 1 0 0 0 0 0 0 0 1 1 1 1 0 0 0 0 0 0 0 1 1 1 1 0 0 0 0 0 0 0 1 1 1 1 0 0 0
estimated_attenuation.size=990
estimated_attenuation.data=0.00 0.00 0.00 0.00 0.00 0.00 0.00 0.00 0.00 0.00 0.00 0.00 0.00 0.00 0.00 0.00 0.00 0.00 0.00 0.00 0.00 0.00 0.00 0.00 0.00 0.00 0.00 0.00 0.00 0.00 0.00 0.00 0.00 0.00 0.00 0.00 0.00 0.00 0.00 0.00 0.00 0.00 0.00 0.00 0.00 0.00 0.00 0.00 0.00 0.00 0.00 0.00 0.00 0.00 0.00 0.00 0.00 0.00 0.00 0.00 0.00 0.00 0.00 0.00 0.00 0.00 0.00 0.00 0.00 0.00 0.00 0.00 0.00 0.00 0.00 0.00 0.00 0.00 0.00 0.00 0.00 0.00 0.00 0.00 0.00 0.00 0.00 0.00 0.00 0.00 0.00 0.00 0.00 0.00 0.00 0.00 0.00 0.00 0.00 0.00 0.00 0.00 0.00 0.00 0.00 0.00 0.00 0.00 0.00 0.00 0.00 0.00 0.00 0.00 0.00 0.00 0.00 0.00 0.00 0.00 0.00 0.00 0.00 0.00 0.00 0.00 0.00 0.00 0.00 0.00 0.00 0.00 0.00 0.00 0.00 0.00 0.00 0.00 0.00 0.00 0.00 0.00 0.00 0.00 0.00 0.00 0.00 0.00 0.00 0.00 0.00 0.00 0.00 0.00 0.00 0.00 0.00 0.00 0.00 0.00 0.00 0.00 0.00 0.00 0.00 0.00 0.00 0.00 0.00 0.00 0.00 0.00 0.00 0.00 0.00 0.00 0.00 0.00 0.00 0.00 0.00 0.00 0.00 0.00 0.00 0.00 0.00 0.00 0.00 0.00 0.00 0.00 0.00 0.00 0.00 0.00 0.00 0.00 0.00 0.00 0.00 0.00 0.00 0.00 0.00 0.00 0.00 0.00 0.00 0.00 0.00 0.00 0.00 0.00 0.00 0.00 0.00 0.00 0.00 0.00 0.00 0.00 0.00 0.00 0.00 0.00 0.00 0.00 0.00 0.00 0.00 0.00 0.00 0.00 0.00 0.00 0.00 0.00 0.00 0.00 0.00 0.00 0.00 0.00 0.00 0.00 0.00 0.00 0.00 0.00 0.00 0.00 0.00 0.00 0.00 0.00 0.00 0.00 0.00 0.00 0.00 0.00 0.00 0.00 0.00 0.00 0.00 0.00 0.00 0.00 0.00 0.00 0.00 0.00 0.00 0.00 0.00 0.00 0.00 0.00 0.00 0.00 0.00 0.00 0.00 0.00 0.00 0.00 0.00 0.00 0.00 0.00 0.00 0.00 0.00 0.00 0.00 0.00 0.00 0.00 0.00 0.00 0.00 0.00 0.00 0.00 0.00 0.00 0.00 0.00 0.00 0.00 0.00 0.00 0.00 0.00 0.00 0.00 0.00 0.00 0.00 0.00 0.00 0.00 0.00 0.00 0.00 0.00 0.00 0.00 0.00 0.00 0.00 0.00 0.00 0.00 0.00 0.00 0.00 0.00 0.00 0.00 0.00 0.00 0.00 0.00 0.00 0.00 0.00 0.00 0.00 0.00 0.00 0.00 0.00 0.00 0.00 0.00 0.00 0.00 0.00 0.00 0.00 0.00 0.00 0.00 0.00 0.00 0.00 0.00 0.00 0.00 0.00 0.00 0.00 0.00 0.00 0.00 0.00 0.00 0.00 0.00 0.00 0.00 0.00 0.00 0.00 0.00 0.00 0.00 0.00 0.00 0.00 0.00 0.00 0.00 0.00 0.00 0.00 0.00 0.00 0.00 0.00 0.00 0.00 0.00 0.00 0.00 0.00 0.00 0.00 0.00 0.00 0.00 0.00 0.00 0.00 0.00 0.00 0.00 0.00 0.00 0.00 0.00 0.00 0.00 0.00 0.00 0.00 0.00 0.00 0.00 0.00 0.00 0.00 0.00 0.00 0.00 0.00 0.00 0.00 0.00 0.00 0.00 0.00 0.00 0.00 0.00 0.00 0.00 0.00 0.00 0.00 0.00 0.00 0.00 0.00 0.00 0.00 0.00 0.00 0.00 0.00 0.00 0.00 0.00 0.00 0.00 0.00 0.00 0.00 0.00 0.00 0.00 0.00 0.00 0.00 0.00 0.00 0.00 0.00 0.00 0.00 0.00 0.00 0.00 0.00 0.00 0.00 0.00 0.00 0.00 0.00 0.00 0.00 0.00 0.00 0.00 0.00 0.00 0.00 0.00 0.00 0.00 0.00 0.00 0.00 0.00 0.00 0.00 0.00 0.00 0.00 0.00 0.00 0.00 0.00 0.00 0.00 0.00 0.00 0.00 0.00 0.00 0.00 0.00 0.00 0.00 0.00 0.00 0.00 0.00 0.00 0.00 0.00 0.00 0.00 0.00 0.00 0.00 0.00 0.00 0.00 0.00 0.00 0.00 0.00 0.00 0.00 0.00 0.00 0.00 0.00 0.00 0.00 0.00 0.00 0.00 0.00 0.00 0.00 0.00 0.00 0.00 0.00 0.00 0.00 0.00 0.00 0.00 0.00 0.00 0.00 0.00 0.00 0.00 0.00 0.00 0.00 0.00 0.00 0.00 0.00 0.00 0.00 0.00 0.00 0.00 0.00 0.00 0.00 0.00 0.00 0.00 0.00 0.00 0.00 0.00 0.00 0.00 0.00 0.00 0.00 0.00 0.00 0.00 0.00 0.00 0.00 0.00 0.00 0.00 0.00 0.00 0.00 0.00 0.00 0.00 0.00 0.00 0.00 0.00 0.00 0.00 0.00 0.00 0.00 0.00 0.00 0.00 0.00 0.00 0.00 0.00 0.00 0.00 0.00 0.00 0.00 0.00 0.00 0.00 0.00 0.00 0.00 0.00 0.00 0.00 0.00 0.00 0.00 0.00 0.00 0.00 0.00 0.00 0.00 0.00 0.00 0.00 0.00 0.00 0.00 0.00 0.00 0.00 0.00 0.00 0.00 0.00 0.00 0.00 0.00 0.00 0.00 0.00 0.00 0.00 0.00 0.00 0.00 0.00 0.00 0.00 0.00 0.00 0.00 0.00 0.00 0.00 0.00 0.00 0.00 0.00 0.00 0.00 0.00 0.00 0.00 0.00 0.00 0.00 0.00 0.00 0.00 0.00 0.00 0.00 0.00 0.00 0.00 0.00 0.00 0.00 0.00 0.00 0.00 0.00 0.00 0.00 0.00 0.00 0.00 0.00 0.00 0.00 0.00 0.00 0.00 0.00 0.00 0.00 0.00 0.00 0.00 0.00 0.00 0.00 0.00 0.00 0.00 0.00 0.00 0.00 0.00 0.00 0.00 0.00 0.00 0.00 0.00 0.00 0.00 0.00 0.00 0.00 0.00 0.00 0.00 0.00 0.00 0.00 0.00 0.00 0.00 0.00 0.00 0.00 0.00 0.00 0.00 0.00 0.00 0.00 0.00 0.00 0.00 0.00 0.00 0.00 0.00 0.00 0.00 0.00 0.00 0.00 0.00 0.00 0.00 0.00 0.00 0.00 0.00 0.00 0.00 0.00 0.00 0.00 0.00 0.00 0.00 0.00 0.00 0.00 0.00 0.00 0.00 0.00 0.00 0.00 0.00 0.00 0.00 0.00 0.00 0.00 0.00 0.00 0.00 0.00 0.00 0.00 0.00 0.00 0.00 0.00 0.00 0.00 0.00 0.00 0.00 0.00 0.00 0.00 0.00 0.00 0.00 0.00 0.00 0.00 0.00 0.00 0.00 0.00 0.00 0.00 0.00 0.00 0.00 0.00 0.00 0.00 0.00 0.00 0.00 0.00 0.00 0.00 0.00 0.00 0.00 0.00 0.00 0.00 0.00 0.00 0.00 0.00 0.00 0.00 0.00 0.00 0.00 0.00 0.00 0.00 0.00 0.00 0.00 0.00 0.00 0.00 0.00 0.00 0.00 0.00 0.00 0.00 0.00 0.00 0.00 0.00 0.00 0.00 0.00 0.00 0.00 0.00 0.00 0.00 0.00 0.00 0.00 0.00 0.00 0.00 0.00 0.00 0.00 0.00 0.00 0.00 0.00 0.00 0.00 0.00 0.00 0.00 0.00 0.00 0.00 0.00 0.00 0.00 0.00 0.00 0.00 0.00 0.00 0.00 0.00 0.00 0.00 0.00 0.00 0.00 0.00 0.00 0.00 0.00 0.00 0.00 0.00 0.00 0.00 0.00 0.00 0.00 0.00 0.00 0.00 0.00 0.00 0.00 0.00 0.00 0.00 0.00 0.00 0.00 0.00 0.00 0.00 0.00 0.00 0.00 0.00 0.00 0.00 0.00 0.00 0.00 0.00 0.00 0.00 0.00 0.00 0.00 0.00 0.00 0.00 0.00 0.00 0.00 0.00 0.00 0.00 0.00 0.00 0.00
height.size=990
height.data=84341.42 84341.42 84341.42 84341.42 84341.42 84341.42 84341.42 84341.42 84341.42 84341.42 84341.42 84451.73 84451.73 84451.73 84451.73 84451.73 84451.73 84451.73 84451.73 84451.73 84451.73 84451.73 84562.04 84562.04 84562.04 84562.04 84562.04 84562.04 84562.04 84562.04 84562.04 84562.04 84562.04 84672.36 84672.36 84672.36 84672.36 84672.36 84672.36 84672.36 84672.36 84672.36 84672.36 84672.36 84782.69 84782.69 84782.69 84782.69 84782.69 84782.69 84782.69 84782.69 84782.69 84782.69 84782.69 84893.02 84893.02 84893.02 84893.02 84893.02 84893.02 84893.02 84893.02 84893.02 84893.02 84893.02 85003.36 85003.36 85003.36 85003.36 85003.36 85003.36 85003.36 85003.36 85003.36 85003.36 85003.36 85113.70 85113.70 85113.70 85113.70 85113.70 85113.70 85113.70 85113.70 85113.70 85113.70 85113.70 85224.05 85224.05 85224.05 85224.05 85224.05 85224.05 85224.05 85224.05 85224.05 85224.05 85224.05 85334.41 85334.41 85334.41 85334.41 85334.41 85334.41 85334.41 85334.41 85334.41 85334.41 85334.41 85444.77 85444.77 85444.77 85444.77 85444.77 85444.77 85444.77 85444.77 85444.77 85444.77 85444.77 85555.13 85555.13 85555.13 85555.13 85555.13 85555.13 85555.13 85555.13 85555.13 85555.13 85555.13 85665.51 85665.51 85665.51 85665.51 85665.51 85665.51 85665.51 85665.51 85665.51 85665.51 85665.51 85775.89 85775.89 85775.89 85775.89 85775.89 85775.89 85775.89 85775.89 85775.89 85775.89 85775.89 85886.27 85886.27 85886.27 85886.27 85886.27 85886.27 85886.27 85886.27 85886.27 85886.27 85886.27 85996.66 85996.66 85996.66 85996.66 85996.66 85996.66 85996.66 85996.66 85996.66 85996.66 85996.66 86107.06 86107.06 86107.06 86107.06 86107.06 86107.06 86107.06 86107.06 86107.06 86107.06 86107.06 86217.46 86217.46 86217.46 86217.46 86217.46 86217.46 86217.46 86217.46 86217.46 86217.46 86217.46 86327.87 86327.87 86327.87 86327.87 86327.87 86327.87 86327.87 86327.87 86327.87 86327.87 86327.87 86438.28 86438.28 86438.28 86438.28 86438.28 86438.28 86438.28 86438.28 86438.28 86438.28 86438.28 86548.70 86548.70 86548.70 86548.70 86548.70 86548.70 86548.70 86548.70 86548.70 86548.70 86548.70 86659.13 86659.13 86659.13 86659.13 86659.13 86659.13 86659.13 86659.13 86659.13 86659.13 86659.13 86769.56 86769.56 86769.56 86769.56 86769.56 86769.56 86769.56 86769.56 86769.56 86769.56 86769.56 86880.00 86880.00 86880.00 86880.00 86880.00 86880.00 86880.00 86880.00 86880.00 86880.00 86880.00 86990.44 86990.44 86990.44 86990.44 86990.44 86990.44 86990.44 86990.44 86990.44 86990.44 86990.44 87100.89 87100.89 87100.89 87100.89 87100.89 87100.89 87100.89 87100.89 87100.89 87100.89 87100.89 87211.35 87211.35 87211.35 87211.35 87211.35 87211.35 87211.35 87211.35 87211.35 87211.35 87211.35 87321.81 87321.81 87321.81 87321.81 87321.81 87321.81 87321.81 87321.81 87321.81 87321.81 87321.81 87432.27 87432.27 87432.27 87432.27 87432.27 87432.27 87432.27 87432.27 87432.27 87432.27 87432.27 87542.75 87542.75 87542.75 87542.75 87542.75 87542.75 87542.75 87542.75 87542.75 87542.75 87542.75 87653.22 87653.22 87653.22 87653.22 87653.22 87653.22 87653.22 87653.22 87653.22 87653.22 87653.22 87763.71 87763.71 87763.71 87763.71 87763.71 87763.71 87763.71 87763.71 87763.71 87763.71 87763.71 87874.20 87874.20 87874.20 87874.20 87874.20 87874.20 87874.20 87874.20 87874.20 87874.20 87874.20 87984.70 87984.70 87984.70 87984.70 87984.70 87984.70 87984.70 87984.70 87984.70 87984.70 87984.70 88095.20 88095.20 88095.20 88095.20 88095.20 88095.20 88095.20 88095.20 88095.20 88095.20 88095.20 88205.71 88205.71 88205.71 88205.71 88205.71 88205.71 88205.71 88205.71 88205.71 88205.71 88205.71 88316.22 88316.22 88316.22 88316.22 88316.22 88316.22 88316.22 88316.22 88316.22 88316.22 88316.22 88426.74 88426.74 88426.74 88426.74 88426.74 88426.74 88426.74 88426.74 88426.74 88426.74 88426.74 88537.26 88537.26 88537.26 88537.26 88537.26 88537.26 88537.26 88537.26 88537.26 88537.26 88537.26 88647.80 88647.80 88647.80 88647.80 88647.80 88647.80 88647.80 88647.80 88647.80 88647.80 88647.80 88758.33 88758.33 88758.33 88758.33 88758.33 88758.33 88758.33 88758.33 88758.33 88758.33 88758.33 88868.88 88868.88 88868.88 88868.88 88868.88 88868.88 88868.88 88868.88 88868.88 88868.88 88868.88 88979.42 88979.42 88979.42 88979.42 88979.42 88979.42 88979.42 88979.42 88979.42 88979.42 88979.42 89089.98 89089.98 89089.98 89089.98 89089.98 89089.98 89089.98 89089.98 89089.98 89089.98 89089.98 89200.54 89200.54 89200.54 89200.54 89200.54 89200.54 89200.54 89200.54 89200.54 89200.54 89200.54 89311.11 89311.11 89311.11 89311.11 89311.11 89311.11 89311.11 89311.11 89311.11 89311.11 89311.11 89421.68 89421.68 89421.68 89421.68 89421.68 89421.68 89421.68 89421.68 89421.68 89421.68 89421.68 89532.26 89532.26 89532.26 89532.26 89532.26 89532.26 89532.26 89532.26 89532.26 89532.26 89532.26 89642.84 89642.84 89642.84 89642.84 89642.84 89642.84 89642.84 89642.84 89642.84 89642.84 89642.84 89753.43 89753.43 89753.43 89753.43 89753.43 89753.43 89753.43 89753.43 89753.43 89753.43 89753.43 89864.03 89864.03 89864.03 89864.03 89864.03 89864.03 89864.03 89864.03 89864.03 89864.03 89864.03 89974.63 89974.63 89974.63 89974.63 89974.63 89974.63 89974.63 89974.63 89974.63 89974.63 89974.63 90085.24 90085.24 90085.24 90085.24 90085.24 90085.24 90085.24 90085.24 90085.24 90085.24 90085.24 90195.85 90195.85 90195.85 90195.85 90195.85 90195.85 90195.85 90195.85 90195.85 90195.85 90195.85 90306.47 90306.47 90306.47 90306.47 90306.47 90306.47 90306.47 90306.47 90306.47 90306.47 90306.47 90417.09 90417.09 90417.09 90417.09 90417.09 90417.09 90417.09 90417.09 90417.09 90417.09 90417.09 90527.72 90527.72 90527.72 90527.72 90527.72 90527.72 90527.72 90527.72 90527.72 90527.72 90527.72 90638.36 90638.36 90638.36 90638.36 90638.36 90638.36 90638.36 90638.36 90638.36 90638.36 90638.36 90749.00 90749.00 90749.00 90749.00 90749.00 90749.00 90749.00 90749.00 90749.00 90749.00 90749.00 90859.65 90859.65 90859.65 90859.65 90859.65 90859.65 90859.65 90859.65 90859.65 90859.65 90859.65 90970.31 90970.31 90970.31 90970.31 90970.31 90970.31 90970.31 90970.31 90970.31 90970.31 90970.31 91080.97 91080.97 91080.97 91080.97 91080.97 91080.97 91080.97 91080.97 91080.97 91080.97 91080.97 91191.63 91191.63 91191.63 91191.63 91191.63 91191.63 91191.63 91191.63 91191.63 91191.63 91191.63 91302.30 91302.30 91302.30 91302.30 91302.30 91302.30 91302.30 91302.30 91302.30 91302.30 91302.30 91412.98 91412.98 91412.98 91412.98 91412.98 91412.98 91412.98 91412.98 91412.98 91412.98 91412.98 91523.67 91523.67 91523.67 91523.67 91523.67 91523.67 91523.67 91523.67 91523.67 91523.67 91523.67 91634.35 91634.35 91634.35 91634.35 91634.35 91634.35 91634.35 91634.35 91634.35 91634.35 91634.35 91745.05 91745.05 91745.05 91745.05 91745.05 91745.05 91745.05 91745.05 91745.05 91745.05 91745.05 91855.75 91855.75 91855.75 91855.75 91855.75 91855.75 91855.75 91855.75 91855.75 91855.75 91855.75 91966.46 91966.46 91966.46 91966.46 91966.46 91966.46 91966.46 91966.46 91966.46 91966.46 91966.46 92077.17 92077.17 92077.17 92077.17 92077.17 92077.17 92077.17 92077.17 92077.17 92077.17 92077.17 92187.89 92187.89 92187.89 92187.89 92187.89 92187.89 92187.89 92187.89 92187.89 92187.89 92187.89 92298.61 92298.61 92298.61 92298.61 92298.61 92298.61 92298.61 92298.61 92298.61 92298.61 92298.61 92409.34 92409.34 92409.34 92409.34 92409.34 92409.34 92409.34 92409.34 92409.34 92409.34 92409.34 92520.08 92520.08 92520.08 92520.08 92520.08 92520.08 92520.08 92520.08 92520.08 92520.08 92520.08 92630.82 92630.82 92630.82 92630.82 92630.82 92630.82 92630.82 92630.82 92630.82 92630.82 92630.82 92741.57 92741.57 92741.57 92741.57 92741.57 92741.57 92741.57 92741.57 92741.57 92741.57 92741.57 92852.32 92852.32 92852.32 92852.32 92852.32 92852.32 92852.32 92852.32 92852.32 92852.32 92852.32 92963.08 92963.08 92963.08 92963.08 92963.08 92963.08 92963.08 92963.08 92963.08 92963.08 92963.08 93073.85 93073.85 93073.85 93073.85 93073.85 93073.85 93073.85 93073.85 93073.85 93073.85 93073.85 93184.62 93184.62 93184.62 93184.62 93184.62 93184.62 93184.62 93184.62 93184.62 93184.62 93184.62 93295.40 93295.40 93295.40 93295.40 93295.40 93295.40 93295.40 93295.40 93295.40 93295.40 93295.40 93406.18 93406.18 93406.18 93406.18 93406.18 93406.18 93406.18 93406.18 93406.18 93406.18 93406.18 93516.97 93516.97 93516.97 93516.97 93516.97 93516.97 93516.97 93516.97 93516.97 93516.97 93516.97 93627.76 93627.76 93627.76 93627.76 93627.76 93627.76 93627.76 93627.76 93627.76 93627.76 93627.76 93738.57 93738.57 93738.57 93738.57 93738.57 93738.57 93738.57 93738.57 93738.57 93738.57 93738.57 93849.37 93849.37 93849.37 93849.37 93849.37 93849.37 93849.37 93849.37 93849.37 93849.37 93849.37 93960.18 93960.18 93960.18 93960.18 93960.18 93960.18 93960.18 93960.18 93960.18 93960.18 93960.18 94071.00 94071.00 94071.00 94071.00 94071.00 94071.00 94071.00 94071.00 94071.00 94071.00 94071.00 94181.83 94181.83 94181.83 94181.83 94181.83 94181.83 94181.83 94181.83 94181.83 94181.83 94181.83
=== END RADAR_SCAN ===

=== BEGIN RADAR_SCAN ===
scan.index=8
scan.time=122.330000
radar.id=0
radar.frequency=C
radar.scanning_mode=PPI
radar.x=0.000
radar.y=0.000
radar.z=25.000
radar.maximum_range=250000.000
radar.range_resolution=250.000
radar.angular_resolution=1.000000
box.radar_id=0
box.min_range_gate=753.000
box.max_range_gate=839.000
box.min_angle=100.000000
box.max_angle=111.000000
box.num_ranges=87
box.num_angles=11
box.range_resolution=250.000
box.angular_resolution=1.000000
box.other_angle=20.000000
grid.size=957
grid.data=0.00 0.00 0.00 0.00 0.00 0.00 0.00 0.00 0.00 0.00 0.00 0.00 0.00 0.00 0.00 0.00 0.00 0.00 0.00 0.00 0.00 0.00 0.00 0.00 0.00 0.00 0.00 0.00 0.00 0.00 0.00 0.00 0.00 0.00 0.00 0.00 0.00 0.00 0.00 0.00 0.00 0.00 0.00 0.00 0.00 0.00 0.00 0.00 0.00 0.00 0.00 0.00 0.00 0.00 0.00 0.00 0.00 0.00 0.00 0.00 0.00 0.00 0.00 0.00 0.00 0.00 0.00 0.00 0.00 0.00 0.00 0.00 0.00 0.00 0.00 0.00 0.00 0.00 0.00 0.00 0.00 0.00 0.00 -0.91 0.00 0.00 0.00 0.00 0.00 0.00 0.00 0.00 0.00 -0.13 1.32 0.00 0.00 0.00 0.00 0.00 0.00 0.00 0.00 0.00 1.00 -0.35 0.00 0.00 0.00 0.00 0.00 0.00 0.00 0.00 0.00 -0.07 0.24 0.00 0.00 0.00 0.00 0.00 0.00 0.00 0.00 0.00 0.44 0.16 -1.40 0.00 0.00 0.00 0.00 0.00 0.00 0.00 0.00 -0.98 0.71 -0.88 0.00 0.00 0.00 0.00 0.00 0.00 0.00 0.00 0.98 -0.54 -1.88 0.00 0.00 0.00 0.00 0.00 0.00 0.00 -0.14 1.00 0.82 2.13 0.00 0.00 0.00 0.00 0.00 0.00 0.00 -0.18 -1.35 0.72 1.38 0.00 0.00 0.00 0.00 0.00 0.00 0.00 0.26 -0.52 0.10 1.38 0.00 0.00 0.00 0.00 0.00 0.00 0.00 -1.49 0.62 -0.32 -0.61 0.00 0.00 0.00 0.00 0.00 0.00 0.00 -0.07 0.96 0.29 -1.00 0.00 0.00 0.00 0.00 0.00 0.00 0.00 -0.88 0.29 1.06 1.43 0.00 0.00 0.00 0.00 0.00 0.00 0.00 -1.93 0.31 0.25 -0.13 0.00 0.00 0.00 0.00 0.00 0.00 0.00 0.22 0.96 -1.34 2.38 -1.19 0.00 0.00 0.00 0.00 0.00 0.00 1.11 0.71 -0.78 0.99 0.96 0.00 0.00 0.00 0.00 0.00 0.00 -0.05 -2.24 0.82 1.28 0.50 0.00 0.00 0.00 0.00 0.00 0.00 0.52 -0.47 1.23 0.30 -0.31 0.00 0.00 0.00 0.00 0.00 0.00 -0.20 -1.43 -0.41 -1.01 -1.50 0.00 0.00 0.00 0.00 0.00 0.00 -0.75 -0.28 0.23 -0.02 0.59 0.00 0.00 0.00 0.00 0.00 0.00 2.33 1.00 -0.64 -0.34 -0.14 0.00 0.00 0.00 0.00 0.00 0.00 1.89 -0.87 -0.92 -0.09 0.20 0.00 0.00 0.00 0.00 0.00 -0.17 -0.07 -1.45 2.44 0.73 2.04 0.00 0.00 0.00 0.00 0.00 0.18 0.30 -0.82 -0.17 -0.27 -0.88 0.00 0.00 0.00 0.00 0.00 0.05 0.58 -0.36 0.32 0.06 -0.18 0.00 0.00 0.00 0.00 0.00 0.28 -0.74 2.06 1.07 -1.00 1.56 0.00 0.00 0.00 0.00 0.00 -1.24 -1.17 -2.16 0.49 -2.00 -0.00 0.00 0.00 0.00 0.00 0.00 0.51 -0.91 1.43 0.66 -0.80 0.36 0.00 0.00 0.00 0.00 0.00 2.56 -1.64 1.60 0.14 0.06 1.19 0.00 0.00 0.00 0.00 0.00 1.16 -1.22 1.73 -0.36 0.29 0.27 0.00 0.00 0.00 0.00 0.00 1.12 0.31 1.11 0.99 -0.21 -0.12 0.00 0.00 0.00 0.00 0.00 -0.40 0.05 0.21 -0.68 1.51 0.18 0.00 0.00 0.00 0.00 0.00 -0.27 -0.55 -0.29 -0.01 -0.04 -0.97 0.00 0.00 0.00 0.00 0.00 0.19 -0.16 -2.12 0.18 -0.63 0.21 0.00 0.00 0.00 0.00 0.00 0.61 -1.03 0.90 -0.76 -1.74 0.96 0.00 0.00 0.00 0.00 0.00 0.05 1.11 -1.05 -0.94 -0.66 0.89 0.00 0.00 0.00 0.00 0.00 0.65 -1.30 2.38 -0.35 0.65 -0.23 0.00 0.00 0.00 0.00 0.00 -0.24 0.57 -1.25 0.90 -0.84 0.55 0.00 0.00 0.00 0.00 0.00 -1.05 -1.02 0.08 -0.58 -0.14 0.15 0.00 0.00 0.00 0.00 0.00 0.04 -0.46 0.07 1.12 0.96 -0.43 0.00 0.00 0.00 0.00 0.00 -0.74 2.40 -0.64 2.07 -0.28 0.93 0.00 0.00 0.00 0.00 0.00 0.71 -0.04 -1.39 -0.01 -0.61 -0.45 0.00 0.00 0.00 0.00 0.00 -0.52 -0.82 -0.01 -1.55 2.96 0.07 0.00 0.00 0.00 0.00 0.00 0.64 -0.36 -0.37 0.46 -2.51 0.10 0.00 0.00 0.00 0.00 0.00 1.05 1.50 0.39 -0.46 0.33 1.27 0.00 0.00 0.00 0.00 0.00 0.78 0.57 -0.01 0.41 -0.95 -2.31 0.00 0.00 0.00 0.00 0.00 -0.12 -0.84 0.12 -0.26 -0.52 -0.21 0.00 0.00 0.00 0.00 0.00 -0.36 -1.48 -0.12 -0.44 -0.20 -0.62 0.00 0.00 0.00 0.00 0.00 -0.93 -1.48 -0.47 -0.81 0.31 -1.14 0.00 0.00 0.00 0.00 0.00 0.66 -0.69 0.28 0.41 -1.86 0.80 0.00 0.00 0.00 0.00 0.00 -0.47 0.16 -0.82 -1.77 -0.18 -1.77 0.00 0.00 0.00 0.00 0.00 -1.50 -0.60 0.46 -0.19 0.44 1.00 0.00 0.00 0.00 0.00 0.00 0.64 -0.79 -1.07 0.71 -0.37 0.23 0.00 0.00 0.00 0.00 0.00 -1.93 -0.93 -1.38 -0.20 1.05 1.65 0.00 0.00 0.00 0.00 0.00 -0.31 1.19 -0.22 -0.78 -0.89 -0.03 0.00 0.00 0.00 0.00 0.00 0.48 2.51 -1.03 -0.13 -0.07 0.92 0.00 0.00 0.00 0.00 0.00 0.33 1.20 -1.83 0.51 -1.02 -2.58 0.00 0.00 0.00 0.00 0.00 -1.36 -0.16 0.47 0.22 0.39 -1.78 0.00 0.00 0.00 0.00 0.00 1.79 -1.53 -1.01 -1.04 0.74 -1.21 0.00 0.00 0.00 0.00 0.00 2.01 1.60 0.33 1.99 -0.03 1.67 0.00 0.00 0.00 0.00 0.00 -0.36 0.12 0.86 -1.63 -1.33 -2.88 0.00 0.00 0.00 0.00 0.00 0.67 0.70 1.09 -0.08 1.25 1.82 0.00 0.00 0.00 0.00 0.00 0.00 0.65 -0.55 -0.68 -0.21 -1.60 0.00 0.00 0.00 0.00 0.00 0.00 1.59 0.62 -0.93 0.50 0.51 0.00 0.00 0.00 0.00 0.00 0.00 0.82 -0.84 1.30 0.71 -0.15 0.00 0.00 0.00 0.00 0.00 0.00 0.37 -0.17 -0.22 -0.42 -0.64 0.00 0.00 0.00 0.00 0.00 0.00 -0.69 -1.02 -1.00 0.83 -0.78 0.00 0.00 0.00 0.00 0.00 0.00 -1.39 0.75 0.87 -1.23 -0.13 0.00 0.00 0.00 0.00 0.00 0.00 1.80 -0.73 1.78 0.54 -1.16 0.00 0.00 0.00 0.00 0.00 0.00 -0.39 -0.45 1.15 -0.31 1.71 0.00 0.00 0.00 0.00 0.00 0.00 -0.05 -1.24 -0.22 0.42 -1.51 0.00 0.00 0.00 0.00 0.00 0.00 -1.07 0.94 0.53 0.10 0.00 0.00 0.00 0.00 0.00 0.00 0.00 0.34 -0.41 -1.32 -1.99 0.00 0.00 0.00 0.00 0.00 0.00 0.00 0.87 0.25 0.94 -0.31 0.00 0.00 0.00 0.00 0.00 0.00 0.00 -0.10 -0.28 -1.71 -0.72 0.00 0.00 0.00 0.00 0.00 0.00 0.00 1.62 -0.54 0.19 1.16 0.00 0.00 0.00 0.00 0.00 0.00 0.00 1.66 -0.39 0.46 -1.14 0.00 0.00 0.00 0.00 0.00 0.00 0.00 -1.05 -0.86 -0.08 -0.64 0.00 0.00 0.00 0.00 0.00 0.00 0.00 -1.17 0.08 -1.15 -0.23 0.00 0.00 0.00 0.00 0.00 0.00 0.00 0.00 -0.81 0.43 1.52 0.00 0.00 0.00
rain_type.data=0 0 0 0 0 0 0 0 0 0 0 0 0 0 0 0 0 0 0 0 0 0 0 0 0 0 0 0 0 0 0 0 0 0 0 0 0 0 0 0 0 0 0 0 0 0 0 0 0 0 0 0 0 0 0 0 0 0 0 0 0 0 0 0 0 0 0 0 0 0 0 0 0 0 0 0 0 0 0 0 0 0 0 1 0 0 0 0 0 0 0 0 0 1 1 0 0 0 0 0 0 0 0 0 1 1 0 0 0 0 0 0 0 0 0 1 1 0 0 0 0 0 0 0 0 0 1 1 1 0 0 0 0 0 0 0 0 1 1 1 0 0 0 0 0 0 0 0 1 1 1 0 0 0 0 0 0 0 1 1 1 1 0 0 0 0 0 0 0 1 1 1 1 0 0 0 0 0 0 0 1 1 1 1 0 0 0 0 0 0 0 1 1 1 1 0 0 0 0 0 0 0 1 1 1 1 0 0 0 0 0 0 0 1 1 1 1 0 0 0 0 0 0 0 1 1 1 1 0 0 0 0 0 0 0 1 1 1 1 1 0 0 0 0 0 0 1 1 1 1 1 0 0 0 0 0 0 2 1 1 1 1 0 0 0 0 0 0 2 1 1 1 1 0 0 0 0 0 0 2 1 1 1 1 0 0 0 0 0 0 2 2 1 1 1 0 0 0 0 0 0 2 2 1 1 1 0 0 0 0 0 0 2 2 1 1 1 0 0 0 0 0 1 2 2 1 1 1 0 0 0 0 0 1 2 2 1 1 1 0 0 0 0 0 2 2 2 1 1 1 0 0 0 0 0 2 2 2 1 1 1 0 0 0 0 0 2 2 2 1 1 1 0 0 0 0 0 2 2 2 1 1 1 0 0 0 0 0 2 2 2 1 1 1 0 0 0 0 0 2 2 2 1 1 1 0 0 0 0 0 2 2 2 1 1 1 0 0 0 0 0 2 2 2 1 1 1 0 0 0 0 0 2 2 2 1 1 1 0 0 0 0 0 2 2 2 1 1 1 0 0 0 0 0 2 2 2 1 1 1 0 0 0 0 0 2 2 2 1 1 1 0 0 0 0 0 2 2 2 1 1 1 0 0 0 0 0 2 2 2 1 1 1 0 0 0 0 0 2 2 2 1 1 1 0 0 0 0 0 2 2 2 1 1 1 0 0 0 0 0 2 2 2 1 1 1 0 0 0 0 0 2 2 2 1 1 1 0 0 0 0 0 2 2 2 1 1 1 0 0 0 0 0 2 2 2 1 1 1 0 0 0 0 0 2 2 2 1 1 1 0 0 0 0 0 2 2 2 1 1 1 0 0 0 0 0 2 2 2 1 1 1 0 0 0 0 0 2 2 2 1 1 1 0 0 0 0 0 2 2 2 1 1 1 0 0 0 0 0 2 2 2 1 1 1 0 0 0 0 0 1 2 2 1 1 1 0 0 0 0 0 1 2 2 1 1 1 0 0 0 0 0 1 2 2 1 1 1 0 0 0 0 0 1 2 2 1 1 1 0 0 0 0 0 1 2 2 1 1 1 0 0 0 0 0 1 2 2 1 1 1 0 0 0 0 0 1 2 1 1 1 1 0 0 0 0 0 1 2 1 1 1 1 0 0 0 0 0 1 2 1 1 1 1 0 0 0 0 0 1 1 1 1 1 1 0 0 0 0 0 1 1 1 1 1 1 0 0 0 0 0 1 1 1 1 1 1 0 0 0 0 0 0 1 1 1 1 1 0 0 0 0 0 0 1 1 1 1 1 0 0 0 0 0 0 1 1 1 1 1 0 0 0 0 0 0 1 1 1 1 1 0 0 0 0 0 0 1 1 1 1 1 0 0 0 0 0 0 1 1 1 1 1 0 0 0 0 0 0 1 1 1 1 1 0 0 0 0 0 0 1 1 1 1 1 0 0 0 0 0 0 1 1 1 1 1 0 0 0 0 0 0 1 1 1 1 0 0 0 0 0 0 0 1 1 1 1 0 0 0 0 0 0 0 1 1 1 1 0 0 0 0 0 0 0 1 1 1 1 0 0 0 0 0 0 0 1 1 1 1 0 0 0 0 0 0 0 1 1 1 1 0 0 0 0 0 0 0 1 1 1 1 0 0 0 0 0 0 0 1 1 1 1 0 0 0 0 0 0 0 0 1 1 1 0 0 0
estimated_attenuation.size=957
estimated_attenuation.data=0.00 0.00 0.00 0.00 0.00 0.00 0.00 0.00 0.00 0.00 0.00 0.00 0.00 0.00 0.00 0.00 0.00 0.00 0.00 0.00 0.00 0.00 0.00 0.00 0.00 0.00 0.00 0.00 0.00 0.00 0.00 0.00 0.00 0.00 0.00 0.00 0.00 0.00 0.00 0.00 0.00 0.00 0.00 0.00 0.00 0.00 0.00 0.00 0.00 0.00 0.00 0.00 0.00 0.00 0.00 0.00 0.00 0.00 0.00 0.00 0.00 0.00 0.00 0.00 0.00 0.00 0.00 0.00 0.00 0.00 0.00 0.00 0.00 0.00 0.00 0.00 0.00 0.00 0.00 0.00 0.00 0.00 0.00 0.00 0.00 0.00 0.00 0.00 0.00 0.00 0.00 0.00 0.00 0.00 0.00 0.00 0.00 0.00 0.00 0.00 0.00 0.00 0.00 0.00 0.00 0.00 0.00 0.00 0.00 0.00 0.00 0.00 0.00 0.00 0.00 0.00 0.00 0.00 0.00 0.00 0.00 0.00 0.00 0.00 0.00 0.00 0.00 0.00 0.00 0.00 0.00 0.00 0.00 0.00 0.00 0.00 0.00 0.00 0.00 0.00 0.00 0.00 0.00 0.00 0.00 0.00 0.00 0.00 0.00 0.00 0.00 0.00 0.00 0.00 0.00 0.00 0.00 0.00 0.00 0.00 0.00 0.00 0.00 0.00 0.00 0.00 0.00 0.00 0.00 0.00 0.00 0.00 0.00 0.00 0.00 0.00 0.00 0.00 0.00 0.00 0.00 0.00 0.00 0.00 0.00 0.00 0.00 0.00 0.00 0.00 0.00 0.00 0.00 0.00 0.00 0.00 0.00 0.00 0.00 0.00 0.00 0.00 0.00 0.00 0.00 0.00 0.00 0.00 0.00 0.00 0.00 0.00 0.00 0.00 0.00 0.00 0.00 0.00 0.00 0.00 0.00 0.00 0.00 0.00 0.00 0.00 0.00 0.00 0.00 0.00 0.00 0.00 0.00 0.00 0.00 0.00 0.00 0.00 0.00 0.00 0.00 0.00 0.00 0.00 0.00 0.00 0.00 0.00 0.00 0.00 0.00 0.00 0.00 0.00 0.00 0.00 0.00 0.00 0.00 0.00 0.00 0.00 0.00 0.00 0.00 0.00 0.00 0.00 0.00 0.00 0.00 0.00 0.00 0.00 0.00 0.00 0.00 0.00 0.00 0.00 0.00 0.00 0.00 0.00 0.00 0.00 0.00 0.00 0.00 0.00 0.00 0.00 0.00 0.00 0.00 0.00 0.00 0.00 0.00 0.00 0.00 0.00 0.00 0.00 0.00 0.00 0.00 0.00 0.00 0.00 0.00 0.00 0.00 0.00 0.00 0.00 0.00 0.00 0.00 0.00 0.00 0.00 0.00 0.00 0.00 0.00 0.00 0.00 0.00 0.00 0.00 0.00 0.00 0.00 0.00 0.00 0.00 0.00 0.00 0.00 0.00 0.00 0.00 0.00 0.00 0.00 0.00 0.00 0.00 0.00 0.00 0.00 0.00 0.00 0.00 0.00 0.00 0.00 0.00 0.00 0.00 0.00 0.00 0.00 0.00 0.00 0.00 0.00 0.00 0.00 0.00 0.00 0.00 0.00 0.00 0.00 0.00 0.00 0.00 0.00 0.00 0.00 0.00 0.00 0.00 0.00 0.00 0.00 0.00 0.00 0.00 0.00 0.00 0.00 0.00 0.00 0.00 0.00 0.00 0.00 0.00 0.00 0.00 0.00 0.00 0.00 0.00 0.00 0.00 0.00 0.00 0.00 0.00 0.00 0.00 0.00 0.00 0.00 0.00 0.00 0.00 0.00 0.00 0.00 0.00 0.00 0.00 0.00 0.00 0.00 0.00 0.00 0.00 0.00 0.00 0.00 0.00 0.00 0.00 0.00 0.00 0.00 0.00 0.00 0.00 0.00 0.00 0.00 0.00 0.00 0.00 0.00 0.00 0.00 0.00 0.00 0.00 0.00 0.00 0.00 0.00 0.00 0.00 0.00 0.00 0.00 0.00 0.00 0.00 0.00 0.00 0.00 0.00 0.00 0.00 0.00 0.00 0.00 0.00 0.00 0.00 0.00 0.00 0.00 0.00 0.00 0.00 0.00 0.00 0.00 0.00 0.00 0.00 0.00 0.00 0.00 0.00 0.00 0.00 0.00 0.00 0.00 0.00 0.00 0.00 0.00 0.00 0.00 0.00 0.00 0.00 0.00 0.00 0.00 0.00 0.00 0.00 0.00 0.00 0.00 0.00 0.00 0.00 0.00 0.00 0.00 0.00 0.00 0.00 0.00 0.00 0.00 0.00 0.00 0.00 0.00 0.00 0.00 0.00 0.00 0.00 0.00 0.00 0.00 0.00 0.00 0.00 0.00 0.00 0.00 0.00 0.00 0.00 0.00 0.00 0.00 0.00 0.00 0.00 0.00 0.00 0.00 0.00 0.00 0.00 0.00 0.00 0.00 0.00 0.00 0.00 0.00 0.00 0.00 0.00 0.00 0.00 0.00 0.00 0.00 0.00 0.00 0.00 0.00 0.00 0.00 0.00 0.00 0.00 0.00 0.00 0.00 0.00 0.00 0.00 0.00 0.00 0.00 0.00 0.00 0.00 0.00 0.00 0.00 0.00 0.00 0.00 0.00 0.00 0.00 0.00 0.00 0.00 0.00 0.00 0.00 0.00 0.00 0.00 0.00 0.00 0.00 0.00 0.00 0.00 0.00 0.00 0.00 0.00 0.00 0.00 0.00 0.00 0.00 0.00 0.00 0.00 0.00 0.00 0.00 0.00 0.00 0.00 0.00 0.00 0.00 0.00 0.00 0.00 0.00 0.00 0.00 0.00 0.00 0.00 0.00 0.00 0.00 0.00 0.00 0.00 0.00 0.00 0.00 0.00 0.00 0.00 0.00 0.00 0.00 0.00 0.00 0.00 0.00 0.00 0.00 0.00 0.00 0.00 0.00 0.00 0.00 0.00 0.00 0.00 0.00 0.00 0.00 0.00 0.00 0.00 0.00 0.00 0.00 0.00 0.00 0.00 0.00 0.00 0.00 0.00 0.00 0.00 0.00 0.00 0.00 0.00 0.00 0.00 0.00 0.00 0.00 0.00 0.00 0.00 0.00 0.00 0.00 0.00 0.00 0.00 0.00 0.00 0.00 0.00 0.00 0.00 0.00 0.00 0.00 0.00 0.00 0.00 0.00 0.00 0.00 0.00 0.00 0.00 0.00 0.00 0.00 0.00 0.00 0.00 0.00 0.00 0.00 0.00 0.00 0.00 0.00 0.00 0.00 0.00 0.00 0.00 0.00 0.00 0.00 0.00 0.00 0.00 0.00 0.00 0.00 0.00 0.00 0.00 0.00 0.00 0.00 0.00 0.00 0.00 0.00 0.00 0.00 0.00 0.00 0.00 0.00 0.00 0.00 0.00 0.00 0.00 0.00 0.00 0.00 0.00 0.00 0.00 0.00 0.00 0.00 0.00 0.00 0.00 0.00 0.00 0.00 0.00 0.00 0.00 0.00 0.00 0.00 0.00 0.00 0.00 0.00 0.00 0.00 0.00 0.00 0.00 0.00 0.00 0.00 0.00 0.00 0.00 0.00 0.00 0.00 0.00 0.00 0.00 0.00 0.00 0.00 0.00 0.00 0.00 0.00 0.00 0.00 0.00 0.00 0.00 0.00 0.00 0.00 0.00 0.00 0.00 0.00 0.00 0.00 0.00 0.00 0.00 0.00 0.00 0.00 0.00 0.00 0.00 0.00 0.00 0.00 0.00 0.00 0.00 0.00 0.00 0.00 0.00 0.00 0.00 0.00 0.00 0.00 0.00 0.00 0.00 0.00 0.00 0.00 0.00 0.00 0.00 0.00 0.00 0.00 0.00 0.00 0.00 0.00 0.00 0.00 0.00 0.00 0.00 0.00 0.00 0.00 0.00 0.00 0.00 0.00 0.00 0.00 0.00 0.00 0.00 0.00 0.00 0.00 0.00 0.00 0.00 0.00 0.00 0.00 0.00 0.00 0.00 0.00 0.00 0.00 0.00 0.00 0.00 0.00 0.00 0.00 0.00 0.00 0.00 0.00 0.00 0.00 0.00 0.00 0.00 0.00 0.00 0.00 0.00 0.00 0.00 0.00 0.00 0.00 0.00 0.00 0.00 0.00 0.00 0.00 0.00 0.00 0.00 0.00 0.00
height.size=957
height.data=66213.13 66213.13 66213.13 66213.13 66213.13 66213.13 66213.13 66213.13 66213.13 66213.13 66213.13 66303.47 66303.47 66303.47 66303.47 66303.47 66303.47 66303.47 66303.47 66303.47 66303.47 66303.47 66393.83 66393.83 66393.83 66393.83 66393.83 66393.83 66393.83 66393.83 66393.83 66393.83 66393.83 66484.18 66484.18 66484.18 66484.18 66484.18 66484.18 66484.18 66484.18 66484.18 66484.18 66484.18 66574.55 66574.55 66574.55 66574.55 66574.55 66574.55 66574.55 66574.55 66574.55 66574.55 66574.55 66664.92 66664.92 66664.92 66664.92 66664.92 66664.92 66664.92 66664.92 66664.92 66664.92 66664.92 66755.29 66755.29 66755.29 66755.29 66755.29 66755.29 66755.29 66755.29 66755.29 66755.29 66755.29 66845.67 66845.67 66845.67 66845.67 66845.67 66845.67 66845.67 66845.67 66845.67 66845.67 66845.67 66936.06 66936.06 66936.06 66936.06 66936.06 66936.06 66936.06 66936.06 66936.06 66936.06 66936.06 67026.46 67026.46 67026.46 67026.46 67026.46 67026.46 67026.46 67026.46 67026.46 67026.46 67026.46 67116.86 67116.86 67116.86 67116.86 67116.86 67116.86 67116.86 67116.86 67116.86 67116.86 67116.86 67207.27 67207.27 67207.27 67207.27 67207.27 67207.27 67207.27 67207.27 67207.27 67207.27 67207.27 67297.68 67297.68 67297.68 67297.68 67297.68 67297.68 67297.68 67297.68 67297.68 67297.68 67297.68 67388.10 67388.10 67388.10 67388.10 67388.10 67388.10 67388.10 67388.10 67388.10 67388.10 67388.10 67478.53 67478.53 67478.53 67478.53 67478.53 67478.53 67478.53 67478.53 67478.53 67478.53 67478.53 67568.96 67568.96 67568.96 67568.96 67568.96 67568.96 67568.96 67568.96 67568.96 67568.96 67568.96 67659.40 67659.40 67659.40 67659.40 67659.40 67659.40 67659.40 67659.40 67659.40 67659.40 67659.40 67749.85 67749.85 67749.85 67749.85 67749.85 67749.85 67749.85 67749.85 67749.85 67749.85 67749.85 67840.30 67840.30 67840.30 67840.30 67840.30 67840.30 67840.30 67840.30 67840.30 67840.30 67840.30 67930.76 67930.76 67930.76 67930.76 67930.76 67930.76 67930.76 67930.76 67930.76 67930.76 67930.76 68021.22 68021.22 68021.22 68021.22 68021.22 68021.22 68021.22 68021.22 68021.22 68021.22 68021.22 68111.69 68111.69 68111.69 68111.69 68111.69 68111.69 68111.69 68111.69 68111.69 68111.69 68111.69 68202.17 68202.17 68202.17 68202.17 68202.17 68202.17 68202.17 68202.17 68202.17 68202.17 68202.17 68292.65 68292.65 68292.65 68292.65 68292.65 68292.65 68292.65 68292.65 68292.65 68292.65 68292.65 68383.14 68383.14 68383.14 68383.14 68383.14 68383.14 68383.14 68383.14 68383.14 68383.14 68383.14 68473.64 68473.64 68473.64 68473.64 68473.64 68473.64 68473.64 68473.64 68473.64 68473.64 68473.64 68564.14 68564.14 68564.14 68564.14 68564.14 68564.14 68564.14 68564.14 68564.14 68564.14 68564.14 68654.65 68654.65 68654.65 68654.65 68654.65 68654.65 68654.65 68654.65 68654.65 68654.65 68654.65 68745.17 68745.17 68745.17 68745.17 68745.17 68745.17 68745.17 68745.17 68745.17 68745.17 68745.17 68835.69 68835.69 68835.69 68835.69 68835.69 68835.69 68835.69 68835.69 68835.69 68835.69 68835.69 68926.22 68926.22 68926.22 68926.22 68926.22 68926.22 68926.22 68926.22 68926.22 68926.22 68926.22 69016.75 69016.75 69016.75 69016.75 69016.75 69016.75 69016.75 69016.75 69016.75 69016.75 69016.75 69107.29 69107.29 69107.29 69107.29 69107.29 69107.29 69107.29 69107.29 69107.29 69107.29 69107.29 69197.84 69197.84 69197.84 69197.84 69197.84 69197.84 69197.84 69197.84 69197.84 69197.84 69197.84 69288.39 69288.39 69288.39 69288.39 69288.39 69288.39 69288.39 69288.39 69288.39 69288.39 69288.39 69378.95 69378.95 69378.95 69378.95 69378.95 69378.95 69378.95 69378.95 69378.95 69378.95 69378.95 69469.52 69469.52 69469.52 69469.52 69469.52 69469.52 69469.52 69469.52 69469.52 69469.52 69469.52 69560.09 69560.09 69560.09 69560.09 69560.09 69560.09 69560.09 69560.09 69560.09 69560.09 69560.09 69650.67 69650.67 69650.67 69650.67 69650.67 69650.67 69650.67 69650.67 69650.67 69650.67 69650.67 69741.26 69741.26 69741.26 69741.26 69741.26 69741.26 69741.26 69741.26 69741.26 69741.26 69741.26 69831.85 69831.85 69831.85 69831.85 69831.85 69831.85 69831.85 69831.85 69831.85 69831.85 69831.85 69922.45 69922.45 69922.45 69922.45 69922.45 69922.45 69922.45 69922.45 69922.45 69922.45 69922.45 70013.05 70013.05 70013.05 70013.05 70013.05 70013.05 70013.05 70013.05 70013.05 70013.05 70013.05 70103.66 70103.66 70103.66 70103.66 70103.66 70103.66 70103.66 70103.66 70103.66 70103.66 70103.66 70194.28 70194.28 70194.28 70194.28 70194.28 70194.28 70194.28 70194.28 70194.28 70194.28 70194.28 70284.90 70284.90 70284.90 70284.90 70284.90 70284.90 70284.90 70284.90 70284.90 70284.90 70284.90 70375.53 70375.53 70375.53 70375.53 70375.53 70375.53 70375.53 70375.53 70375.53 70375.53 70375.53 70466.17 70466.17 70466.17 70466.17 70466.17 70466.17 70466.17 70466.17 70466.17 70466.17 70466.17 70556.81 70556.81 70556.81 70556.81 70556.81 70556.81 70556.81 70556.81 70556.81 70556.81 70556.81 70647.46 70647.46 70647.46 70647.46 70647.46 70647.46 70647.46 70647.46 70647.46 70647.46 70647.46 70738.11 70738.11 70738.11 70738.11 70738.11 70738.11 70738.11 70738.11 70738.11 70738.11 70738.11 70828.78 70828.78 70828.78 70828.78 70828.78 70828.78 70828.78 70828.78 70828.78 70828.78 70828.78 70919.44 70919.44 70919.44 70919.44 70919.44 70919.44 70919.44 70919.44 70919.44 70919.44 70919.44 71010.12 71010.12 71010.12 71010.12 71010.12 71010.12 71010.12 71010.12 71010.12 71010.12 71010.12 71100.80 71100.80 71100.80 71100.80 71100.80 71100.80 71100.80 71100.80 71100.80 71100.80 71100.80 71191.48 71191.48 71191.48 71191.48 71191.48 71191.48 71191.48 71191.48 71191.48 71191.48 71191.48 71282.18 71282.18 71282.18 71282.18 71282.18 71282.18 71282.18 71282.18 71282.18 71282.18 71282.18 71372.88 71372.88 71372.88 71372.88 71372.88 71372.88 71372.88 71372.88 71372.88 71372.88 71372.88 71463.58 71463.58 71463.58 71463.58 71463.58 71463.58 71463.58 71463.58 71463.58 71463.58 71463.58 71554.29 71554.29 71554.29 71554.29 71554.29 71554.29 71554.29 71554.29 71554.29 71554.29 71554.29 71645.01 71645.01 71645.01 71645.01 71645.01 71645.01 71645.01 71645.01 71645.01 71645.01 71645.01 71735.74 71735.74 71735.74 71735.74 71735.74 71735.74 71735.74 71735.74 71735.74 71735.74 71735.74 71826.47 71826.47 71826.47 71826.47 71826.47 71826.47 71826.47 71826.47 71826.47 71826.47 71826.47 71917.21 71917.21 71917.21 71917.21 71917.21 71917.21 71917.21 71917.21 71917.21 71917.21 71917.21 72007.95 72007.95 72007.95 72007.95 72007.95 72007.95 72007.95 72007.95 72007.95 72007.95 72007.95 72098.70 72098.70 72098.70 72098.70 72098.70 72098.70 72098.70 72098.70 72098.70 72098.70 72098.70 72189.46 72189.46 72189.46 72189.46 72189.46 72189.46 72189.46 72189.46 72189.46 72189.46 72189.46 72280.22 72280.22 72280.22 72280.22 72280.22 72280.22 72280.22 72280.22 72280.22 72280.22 72280.22 72370.99 72370.99 72370.99 72370.99 72370.99 72370.99 72370.99 72370.99 72370.99 72370.99 72370.99 72461.76 72461.76 72461.76 72461.76 72461.76 72461.76 72461.76 72461.76 72461.76 72461.76 72461.76 72552.55 72552.55 72552.55 72552.55 72552.55 72552.55 72552.55 72552.55 72552.55 72552.55 72552.55 72643.33 72643.33 72643.33 72643.33 72643.33 72643.33 72643.33 72643.33 72643.33 72643.33 72643.33 72734.13 72734.13 72734.13 72734.13 72734.13 72734.13 72734.13 72734.13 72734.13 72734.13 72734.13 72824.93 72824.93 72824.93 72824.93 72824.93 72824.93 72824.93 72824.93 72824.93 72824.93 72824.93 72915.74 72915.74 72915.74 72915.74 72915.74 72915.74 72915.74 72915.74 72915.74 72915.74 72915.74 73006.55 73006.55 73006.55 73006.55 73006.55 73006.55 73006.55 73006.55 73006.55 73006.55 73006.55 73097.37 73097.37 73097.37 73097.37 73097.37 73097.37 73097.37 73097.37 73097.37 73097.37 73097.37 73188.20 73188.20 73188.20 73188.20 73188.20 73188.20 73188.20 73188.20 73188.20 73188.20 73188.20 73279.03 73279.03 73279.03 73279.03 73279.03 73279.03 73279.03 73279.03 73279.03 73279.03 73279.03 73369.87 73369.87 73369.87 73369.87 73369.87 73369.87 73369.87 73369.87 73369.87 73369.87 73369.87 73460.71 73460.71 73460.71 73460.71 73460.71 73460.71 73460.71 73460.71 73460.71 73460.71 73460.71 73551.56 73551.56 73551.56 73551.56 73551.56 73551.56 73551.56 73551.56 73551.56 73551.56 73551.56 73642.42 73642.42 73642.42 73642.42 73642.42 73642.42 73642.42 73642.42 73642.42 73642.42 73642.42 73733.28 73733.28 73733.28 73733.28 73733.28 73733.28 73733.28 73733.28 73733.28 73733.28 73733.28 73824.15 73824.15 73824.15 73824.15 73824.15 73824.15 73824.15 73824.15 73824.15 73824.15 73824.15 73915.03 73915.03 73915.03 73915.03 73915.03 73915.03 73915.03 73915.03 73915.03 73915.03 73915.03 74005.91 74005.91 74005.91 74005.91 74005.91 74005.91 74005.91 74005.91 74005.91 74005.91 74005.91
=== END RADAR_SCAN ===

=== BEGIN RADAR_SCAN ===
scan.index=9
scan.time=122.670000
radar.id=0
radar.frequency=C
radar.scanning_mode=PPI
radar.x=0.000
radar.y=0.000
radar.z=25.000
radar.maximum_range=250000.000
radar.range_resolution=250.000
radar.angular_resolution=1.000000
box.radar_id=0
box.min_range_gate=732.000
box.max_range_gate=816.000
box.min_angle=100.000000
box.max_angle=111.000000
box.num_ranges=85
box.num_angles=11
box.range_resolution=250.000
box.angular_resolution=1.000000
box.other_angle=15.000000
grid.size=935
grid.data=0.00 0.00 0.00 0.00 0.00 0.00 0.00 0.00 0.00 0.00 0.00 0.00 0.00 0.00 0.00 0.00 0.00 0.00 0.00 0.00 0.00 0.00 0.00 0.00 0.00 0.00 0.00 0.00 0.00 0.00 0.00 0.00 0.00 0.00 0.00 0.00 0.00 0.00 0.00 0.00 0.00 0.00 0.00 0.00 0.00 0.00 0.00 0.00 0.00 0.00 0.00 0.00 0.00 0.00 0.00 0.00 0.00 0.00 0.00 0.00 0.00 0.00 0.00 0.00 0.00 0.00 0.00 0.00 0.00 0.00 0.00 0.00 -0.86 0.00 0.00 0.00 0.00 0.00 0.00 0.00 0.00 0.00 -0.48 0.81 0.00 0.00 0.00 0.00 0.00 0.00 0.00 0.00 0.00 -0.95 -0.23 0.00 0.00 0.00 0.00 0.00 0.00 0.00 0.00 0.00 0.98 0.44 1.60 0.00 0.00 0.00 0.00 0.00 0.00 0.00 0.00 1.49 -0.46 -1.04 0.00 0.00 0.00 0.00 0.00 0.00 0.00 0.00 -0.34 -0.24 0.76 0.00 0.00 0.00 0.00 0.00 0.00 0.00 -0.59 -0.92 -1.03 -1.18 0.00 0.00 0.00 0.00 0.00 0.00 0.00 -0.00 -0.15 -0.14 -0.35 0.00 0.00 0.00 0.00 0.00 0.00 0.00 2.77 0.10 1.79 -0.29 0.00 0.00 0.00 0.00 0.00 0.00 0.00 0.37 -0.91 1.67 0.65 0.00 0.00 0.00 0.00 0.00 0.00 0.00 0.81 -1.35 0.53 0.10 0.00 0.00 0.00 0.00 0.00 0.00 0.00 -1.26 0.63 0.70 0.10 0.00 0.00 0.00 0.00 0.00 0.00 0.00 -0.26 1.90 0.62 2.10 0.00 0.00 0.00 0.00 0.00 0.00 0.00 -0.22 -0.75 -1.23 -0.01 0.07 0.00 0.00 0.00 0.00 0.00 0.00 -1.08 0.91 -1.66 0.71 -0.24 0.00 0.00 0.00 0.00 0.00 0.00 1.44 -0.97 -0.83 0.41 -1.84 0.00 0.00 0.00 0.00 0.00 0.00 -0.42 -0.68 1.14 -0.09 -0.60 0.00 0.00 0.00 0.00 0.00 0.00 0.61 -0.51 0.36 0.79 -0.60 0.00 0.00 0.00 0.00 0.00 0.00 -1.34 -0.15 -0.58 -0.19 0.95 0.00 0.00 0.00 0.00 0.00 0.00 0.99 0.50 -0.39 2.56 -1.62 0.00 0.00 0.00 0.00 0.00 0.00 -0.20 0.75 1.05 -0.34 -0.76 0.00 0.00 0.00 0.00 0.00 2.56 0.99 -0.39 -0.39 -0.32 1.33 0.00 0.00 0.00 0.00 0.00 -0.56 -0.36 -0.45 -0.61 1.25 -0.09 0.00 0.00 0.00 0.00 0.00 0.56 0.36 0.03 0.59 0.56 0.46 0.00 0.00 0.00 0.00 0.00 -0.79 0.66 -0.11 -1.99 -0.68 -0.22 0.00 0.00 0.00 0.00 0.00 0.99 0.56 0.83 1.47 -0.04 -0.43 0.00 0.00 0.00 0.00 0.00 0.65 1.34 -0.38 1.20 -0.15 0.76 0.00 0.00 0.00 0.00 0.00 3.02 0.27 1.10 0.41 0.28 -0.31 0.00 0.00 0.00 0.00 0.00 -0.31 -0.56 -0.54 -1.12 -0.39 -0.83 0.00 0.00 0.00 0.00 0.00 -0.70 0.51 0.59 -1.49 -0.10 -0.03 0.00 0.00 0.00 0.00 0.00 -1.06 -1.25 0.05 -1.77 -1.51 1.56 0.00 0.00 0.00 0.00 0.00 -1.15 -0.37 -0.12 0.51 -1.00 -1.13 0.00 0.00 0.00 0.00 0.00 -0.05 1.28 1.22 0.27 0.55 -0.33 0.00 0.00 0.00 0.00 0.00 -2.50 0.10 0.85 1.92 -0.40 -0.51 0.00 0.00 0.00 0.00 0.00 -0.47 -0.83 -0.34 0.99 -0.63 0.50 0.00 0.00 0.00 0.00 0.00 1.63 -0.57 -0.93 0.03 0.94 1.36 0.00 0.00 0.00 0.00 0.00 -1.01 0.44 -0.72 1.42 -0.38 0.33 0.00 0.00 0.00 0.00 0.00 -0.02 -1.08 -1.75 0.92 -0.62 0.41 0.00 0.00 0.00 0.00 0.00 0.38 0.22 1.58 -1.06 -0.62 -0.51 0.00 0.00 0.00 0.00 0.00 -0.49 -0.25 -0.28 -0.91 0.53 1.61 0.00 0.00 0.00 0.00 0.00 1.11 1.05 -0.32 -1.45 -0.52 1.19 0.00 0.00 0.00 0.00 0.00 -0.74 -1.30 0.81 0.03 0.06 0.73 0.00 0.00 0.00 0.00 0.00 -0.62 -0.83 -1.67 1.13 -0.93 -1.04 0.00 0.00 0.00 0.00 0.00 0.17 0.36 0.65 0.18 1.08 -0.97 0.00 0.00 0.00 0.00 0.00 -1.56 0.88 0.52 -0.39 -1.18 0.28 0.00 0.00 0.00 0.00 0.00 -0.89 -0.26 1.59 -0.01 1.36 -1.23 0.00 0.00 0.00 0.00 0.00 0.00 0.49 1.75 -0.31 0.24 -1.13 0.00 0.00 0.00 0.00 0.00 -0.55 0.33 0.76 1.07 -1.78 1.58 0.00 0.00 0.00 0.00 0.00 -0.53 1.90 -0.51 0.32 2.22 -0.56 0.00 0.00 0.00 0.00 0.00 -0.73 1.34 2.52 -0.77 -2.31 -0.91 0.00 0.00 0.00 0.00 0.00 -0.78 -0.85 -1.61 -0.45 -0.06 1.28 0.00 0.00 0.00 0.00 0.00 1.42 0.19 -0.30 -2.41 -0.11 -0.05 0.00 0.00 0.00 0.00 0.00 0.43 0.57 0.08 -0.92 0.25 1.21 0.00 0.00 0.00 0.00 0.00 0.41 0.51 1.36 -0.16 -0.24 -0.38 0.00 0.00 0.00 0.00 0.00 1.38 0.23 1.20 -0.16 1.30 0.73 0.00 0.00 0.00 0.00 0.00 -0.79 -0.53 -1.34 -2.15 1.31 -0.64 0.00 0.00 0.00 0.00 0.00 -0.29 -0.54 -0.79 -0.24 -1.17 -0.58 0.00 0.00 0.00 0.00 0.00 -1.30 0.37 -0.11 1.13 0.28 -0.80 0.00 0.00 0.00 0.00 0.00 0.02 0.90 0.87 0.84 -0.13 1.70 0.00 0.00 0.00 0.00 0.00 0.85 0.77 0.42 -0.43 0.61 -0.33 0.00 0.00 0.00 0.00 0.00 -0.69 -1.06 -0.05 -0.21 0.63 -1.29 0.00 0.00 0.00 0.00 0.00 0.00 -0.57 -0.27 0.09 -0.56 0.44 0.00 0.00 0.00 0.00 0.00 0.00 -0.77 1.27 -2.37 -0.24 -1.58 0.00 0.00 0.00 0.00 0.00 0.00 0.53 -0.27 0.25 -1.08 0.64 0.00 0.00 0.00 0.00 0.00 0.00 -0.72 -0.60 0.83 -0.71 0.50 0.00 0.00 0.00 0.00 0.00 0.00 -1.02 0.50 -1.92 0.97 -0.30 0.00 0.00 0.00 0.00 0.00 0.00 -1.21 -0.97 0.15 0.53 1.22 0.00 0.00 0.00 0.00 0.00 0.00 -1.55 -0.42 0.31 0.43 0.11 0.00 0.00 0.00 0.00 0.00 0.00 0.10 -1.16 0.69 2.19 0.00 0.00 0.00 0.00 0.00 0.00 0.00 -0.29 1.56 -1.64 -0.48 0.00 0.00 0.00 0.00 0.00 0.00 0.00 -0.68 -0.33 -1.06 2.02 0.00 0.00 0.00 0.00 0.00 0.00 0.00 -0.89 -0.30 -0.19 -0.25 0.00 0.00 0.00 0.00 0.00 0.00 0.00 -0.44 -0.19 0.04 0.25 0.00 0.00 0.00 0.00 0.00 0.00 0.00 -0.19 -0.88 1.82 -0.83 0.00 0.00 0.00 0.00 0.00 0.00 0.00 0.16 -0.88 0.37 -0.98 0.00 0.00 0.00 0.00 0.00 0.00 0.00 -1.46 0.66 0.71 -0.11 0.00 0.00 0.00 0.00 0.00 0.00 0.00 0.00 0.88 0.84 -0.90 0.00 0.00 0.00 0.00 0.00 0.00 0.00 0.00 -2.08 -0.34 1.20 0.00 0.00 0.00 0.00 0.00 0.00 0.00 0.00 0.27 1.19 -0.89 0.00 0.00 0.00
rain_type.data=0 0 0 0 0 0 0 0 0 0 0 0 0 0 0 0 0 0 0 0 0 0 0 0 0 0 0 0 0 0 0 0 0 0 0 0 0 0 0 0 0 0 0 0 0 0 0 0 0 0 0 0 0 0 0 0 0 0 0 0 0 0 0 0 0 0 0 0 0 0 0 0 1 0 0 0 0 0 0 0 0 0 1 1 0 0 0 0 0 0 0 0 0 1 1 0 0 0 0 0 0 0 0 0 1 1 1 0 0 0 0 0 0 0 0 1 1 1 0 0 0 0 0 0 0 0 1 1 1 0 0 0 0 0 0 0 1 1 1 1 0 0 0 0 0 0 0 1 1 1 1 0 0 0 0 0 0 0 1 1 1 1 0 0 0 0 0 0 0 1 1 1 1 0 0 0 0 0 0 0 1 1 1 1 0 0 0 0 0 0 0 1 1 1 1 0 0 0 0 0 0 0 1 1 1 1 0 0 0 0 0 0 0 1 1 1 1 1 0 0 0 0 0 0 1 1 1 1 1 0 0 0 0 0 0 2 1 1 1 1 0 0 0 0 0 0 2 1 1 1 1 0 0 0 0 0 0 2 1 1 1 1 0 0 0 0 0 0 2 2 1 1 1 0 0 0 0 0 0 2 2 1 1 1 0 0 0 0 0 0 2 2 1 1 1 0 0 0 0 0 1 2 2 1 1 1 0 0 0 0 0 1 2 2 1 1 1 0 0 0 0 0 2 2 2 1 1 1 0 0 0 0 0 2 2 2 1 1 1 0 0 0 0 0 2 2 2 1 1 1 0 0 0 0 0 2 2 2 1 1 1 0 0 0 0 0 2 2 2 1 1 1 0 0 0 0 0 2 2 2 1 1 1 0 0 0 0 0 2 2 2 1 1 1 0 0 0 0 0 2 2 2 1 1 1 0 0 0 0 0 2 2 2 1 1 1 0 0 0 0 0 2 2 2 1 1 1 0 0 0 0 0 2 2 2 1 1 1 0 0 0 0 0 2 2 2 1 1 1 0 0 0 0 0 2 2 2 1 1 1 0 0 0 0 0 2 2 2 1 1 1 0 0 0 0 0 2 2 2 1 1 1 0 0 0 0 0 2 2 2 1 1 1 0 0 0 0 0 2 2 2 1 1 1 0 0 0 0 0 2 2 2 1 1 1 0 0 0 0 0 2 2 2 1 1 1 0 0 0 0 0 2 2 2 1 1 1 0 0 0 0 0 2 2 2 1 1 1 0 0 0 0 0 2 2 2 1 1 1 0 0 0 0 0 2 2 2 1 1 1 0 0 0 0 0 2 2 2 1 1 1 0 0 0 0 0 2 2 2 1 1 1 0 0 0 0 0 2 2 2 1 1 1 0 0 0 0 0 1 2 2 1 1 1 0 0 0 0 0 1 2 2 1 1 1 0 0 0 0 0 1 2 2 1 1 1 0 0 0 0 0 1 2 2 1 1 1 0 0 0 0 0 1 2 2 1 1 1 0 0 0 0 0 1 2 1 1 1 1 0 0 0 0 0 1 2 1 1 1 1 0 0 0 0 0 1 2 1 1 1 1 0 0 0 0 0 1 1 1 1 1 1 0 0 0 0 0 1 1 1 1 1 1 0 0 0 0 0 1 1 1 1 1 1 0 0 0 0 0 1 1 1 1 1 1 0 0 0 0 0 0 1 1 1 1 1 0 0 0 0 0 0 1 1 1 1 1 0 0 0 0 0 0 1 1 1 1 1 0 0 0 0 0 0 1 1 1 1 1 0 0 0 0 0 0 1 1 1 1 1 0 0 0 0 0 0 1 1 1 1 1 0 0 0 0 0 0 1 1 1 1 1 0 0 0 0 0 0 1 1 1 1 0 0 0 0 0 0 0 1 1 1 1 0 0 0 0 0 0 0 1 1 1 1 0 0 0 0 0 0 0 1 1 1 1 0 0 0 0 0 0 0 1 1 1 1 0 0 0 0 0 0 0 1 1 1 1 0 0 0 0 0 0 0 1 1 1 1 0 0 0 0 0 0 0 1 1 1 1 0 0 0 0 0 0 0 0 1 1 1 0 0 0 0 0 0 0 0 1 1 1 0 0 0 0 0 0 0 0 1 1 1 0 0 0
estimated_attenuation.size=935
estimated_attenuation.data=0.00 0.00 0.00 0.00 0.00 0.00 0.00 0.00 0.00 0.00 0.00 0.00 0.00 0.00 0.00 0.00 0.00 0.00 0.00 0.00 0.00 0.00 0.00 0.00 0.00 0.00 0.00 0.00 0.00 0.00 0.00 0.00 0.00 0.00 0.00 0.00 0.00 0.00 0.00 0.00 0.00 0.00 0.00 0.00 0.00 0.00 0.00 0.00 0.00 0.00 0.00 0.00 0.00 0.00 0.00 0.00 0.00 0.00 0.00 0.00 0.00 0.00 0.00 0.00 0.00 0.00 0.00 0.00 0.00 0.00 0.00 0.00 0.00 0.00 0.00 0.00 0.00 0.00 0.00 0.00 0.00 0.00 0.00 0.00 0.00 0.00 0.00 0.00 0.00 0.00 0.00 0.00 0.00 0.00 0.00 0.00 0.00 0.00 0.00 0.00 0.00 0.00 0.00 0.00 0.00 0.00 0.00 0.00 0.00 0.00 0.00 0.00 0.00 0.00 0.00 0.00 0.00 0.00 0.00 0.00 0.00 0.00 0.00 0.00 0.00 0.00 0.00 0.00 0.00 0.00 0.00 0.00 0.00 0.00 0.00 0.00 0.00 0.00 0.00 0.00 0.00 0.00 0.00 0.00 0.00 0.00 0.00 0.00 0.00 0.00 0.00 0.00 0.00 0.00 0.00 0.00 0.00 0.00 0.00 0.00 0.00 0.00 0.00 0.00 0.00 0.00 0.00 0.00 0.00 0.00 0.00 0.00 0.00 0.00 0.00 0.00 0.00 0.00 0.00 0.00 0.00 0.00 0.00 0.00 0.00 0.00 0.00 0.00 0.00 0.00 0.00 0.00 0.00 0.00 0.00 0.00 0.00 0.00 0.00 0.00 0.00 0.00 0.00 0.00 0.00 0.00 0.00 0.00 0.00 0.00 0.00 0.00 0.00 0.00 0.00 0.00 0.00 0.00 0.00 0.00 0.00 0.00 0.00 0.00 0.00 0.00 0.00 0.00 0.00 0.00 0.00 0.00 0.00 0.00 0.00 0.00 0.00 0.00 0.00 0.00 0.00 0.00 0.00 0.00 0.00 0.00 0.00 0.00 0.00 0.00 0.00 0.00 0.00 0.00 0.00 0.00 0.00 0.00 0.00 0.00 0.00 0.00 0.00 0.00 0.00 0.00 0.00 0.00 0.00 0.00 0.00 0.00 0.00 0.00 0.00 0.00 0.00 0.00 0.00 0.00 0.00 0.00 0.00 0.00 0.00 0.00 0.00 0.00 0.00 0.00 0.00 0.00 0.00 0.00 0.00 0.00 0.00 0.00 0.00 0.00 0.00 0.00 0.00 0.00 0.00 0.00 0.00 0.00 0.00 0.00 0.00 0.00 0.00 0.00 0.00 0.00 0.00 0.00 0.00 0.00 0.00 0.00 0.00 0.00 0.00 0.00 0.00 0.00 0.00 0.00 0.00 0.00 0.00 0.00 0.00 0.00 0.00 0.00 0.00 0.00 0.00 0.00 0.00 0.00 0.00 0.00 0.00 0.00 0.00 0.00 0.00 0.00 0.00 0.00 0.00 0.00 0.00 0.00 0.00 0.00 0.00 0.00 0.00 0.00 0.00 0.00 0.00 0.00 0.00 0.00 0.00 0.00 0.00 0.00 0.00 0.00 0.00 0.00 0.00 0.00 0.00 0.00 0.00 0.00 0.00 0.00 0.00 0.00 0.00 0.00 0.00 0.00 0.00 0.00 0.00 0.00 0.00 0.00 0.00 0.00 0.00 0.00 0.00 0.00 0.00 0.00 0.00 0.00 0.00 0.00 0.00 0.00 0.00 0.00 0.00 0.00 0.00 0.00 0.00 0.00 0.00 0.00 0.00 0.00 0.00 0.00 0.00 0.00 0.00 0.00 0.00 0.00 0.00 0.00 0.00 0.00 0.00 0.00 0.00 0.00 0.00 0.00 0.00 0.00 0.00 0.00 0.00 0.00 0.00 0.00 0.00 0.00 0.00 0.00 0.00 0.00 0.00 0.00 0.00 0.00 0.00 0.00 0.00 0.00 0.00 0.00 0.00 0.00 0.00 0.00 0.00 0.00 0.00 0.00 0.00 0.00 0.00 0.00 0.00 0.00 0.00 0.00 0.00 0.00 0.00 0.00 0.00 0.00 0.00 0.00 0.00 0.00 0.00 0.00 0.00 0.00 0.00 0.00 0.00 0.00 0.00 0.00 0.00 0.00 0.00 0.00 0.00 0.00 0.00 0.00 0.00 0.00 0.00 0.00 0.00 0.00 0.00 0.00 0.00 0.00 0.00 0.00 0.00 0.00 0.00 0.00 0.00 0.00 0.00 0.00 0.00 0.00 0.00 0.00 0.00 0.00 0.00 0.00 0.00 0.00 0.00 0.00 0.00 0.00 0.00 0.00 0.00 0.00 0.00 0.00 0.00 0.00 0.00 0.00 0.00 0.00 0.00 0.00 0.00 0.00 0.00 0.00 0.00 0.00 0.00 0.00 0.00 0.00 0.00 0.00 0.00 0.00 0.00 0.00 0.00 0.00 0.00 0.00 0.00 0.00 0.00 0.00 0.00 0.00 0.00 0.00 0.00 0.00 0.00 0.00 0.00 0.00 0.00 0.00 0.00 0.00 0.00 0.00 0.00 0.00 0.00 0.00 0.00 0.00 0.00 0.00 0.00 0.00 0.00 0.00 0.00 0.00 0.00 0.00 0.00 0.00 0.00 0.00 0.00 0.00 0.00 0.00 0.00 0.00 0.00 0.00 0.00 0.00 0.00 0.00 0.00 0.00 0.00 0.00 0.00 0.00 0.00 0.00 0.00 0.00 0.00 0.00 0.00 0.00 0.00 0.00 0.00 0.00 0.00 0.00 0.00 0.00 0.00 0.00 0.00 0.00 0.00 0.00 0.00 0.00 0.00 0.00 0.00 0.00 0.00 0.00 0.00 0.00 0.00 0.00 0.00 0.00 0.00 0.00 0.00 0.00 0.00 0.00 0.00 0.00 0.00 0.00 0.00 0.00 0.00 0.00 0.00 0.00 0.00 0.00 0.00 0.00 0.00 0.00 0.00 0.00 0.00 0.00 0.00 0.00 0.00 0.00 0.00 0.00 0.00 0.00 0.00 0.00 0.00 0.00 0.00 0.00 0.00 0.00 0.00 0.00 0.00 0.00 0.00 0.00 0.00 0.00 0.00 0.00 0.00 0.00 0.00 0.00 0.00 0.00 0.00 0.00 0.00 0.00 0.00 0.00 0.00 0.00 0.00 0.00 0.00 0.00 0.00 0.00 0.00 0.00 0.00 0.00 0.00 0.00 0.00 0.00 0.00 0.00 0.00 0.00 0.00 0.00 0.00 0.00 0.00 0.00 0.00 0.00 0.00 0.00 0.00 0.00 0.00 0.00 0.00 0.00 0.00 0.00 0.00 0.00 0.00 0.00 0.00 0.00 0.00 0.00 0.00 0.00 0.00 0.00 0.00 0.00 0.00 0.00 0.00 0.00 0.00 0.00 0.00 0.00 0.00 0.00 0.00 0.00 0.00 0.00 0.00 0.00 0.00 0.00 0.00 0.00 0.00 0.00 0.00 0.00 0.00 0.00 0.00 0.00 0.00 0.00 0.00 0.00 0.00 0.00 0.00 0.00 0.00 0.00 0.00 0.00 0.00 0.00 0.00 0.00 0.00 0.00 0.00 0.00 0.00 0.00 0.00 0.00 0.00 0.00 0.00 0.00 0.00 0.00 0.00 0.00 0.00 0.00 0.00 0.00 0.00 0.00 0.00 0.00 0.00 0.00 0.00 0.00 0.00 0.00 0.00 0.00 0.00 0.00 0.00 0.00 0.00 0.00 0.00 0.00 0.00 0.00 0.00 0.00 0.00 0.00 0.00 0.00 0.00 0.00 0.00 0.00 0.00 0.00 0.00 0.00 0.00 0.00 0.00 0.00 0.00 0.00 0.00 0.00 0.00 0.00 0.00 0.00 0.00 0.00 0.00 0.00 0.00 0.00 0.00 0.00 0.00 0.00 0.00 0.00 0.00 0.00 0.00 0.00 0.00 0.00 0.00 0.00 0.00 0.00 0.00 0.00 0.00 0.00 0.00 0.00 0.00 0.00 0.00 0.00 0.00 0.00 0.00
height.size=935
height.data=49192.62 49192.62 49192.62 49192.62 49192.62 49192.62 49192.62 49192.62 49192.62 49192.62 49192.62 49262.31 49262.31 49262.31 49262.31 49262.31 49262.31 49262.31 49262.31 49262.31 49262.31 49262.31 49332.01 49332.01 49332.01 49332.01 49332.01 49332.01 49332.01 49332.01 49332.01 49332.01 49332.01 49401.71 49401.71 49401.71 49401.71 49401.71 49401.71 49401.71 49401.71 49401.71 49401.71 49401.71 49471.42 49471.42 49471.42 49471.42 49471.42 49471.42 49471.42 49471.42 49471.42 49471.42 49471.42 49541.14 49541.14 49541.14 49541.14 49541.14 49541.14 49541.14 49541.14 49541.14 49541.14 49541.14 49610.86 49610.86 49610.86 49610.86 49610.86 49610.86 49610.86 49610.86 49610.86 49610.86 49610.86 49680.59 49680.59 49680.59 49680.59 49680.59 49680.59 49680.59 49680.59 49680.59 49680.59 49680.59 49750.33 49750.33 49750.33 49750.33 49750.33 49750.33 49750.33 49750.33 49750.33 49750.33 49750.33 49820.07 49820.07 49820.07 49820.07 49820.07 49820.07 49820.07 49820.07 49820.07 49820.07 49820.07 49889.83 49889.83 49889.83 49889.83 49889.83 49889.83 49889.83 49889.83 49889.83 49889.83 49889.83 49959.58 49959.58 49959.58 49959.58 49959.58 49959.58 49959.58 49959.58 49959.58 49959.58 49959.58 50029.35 50029.35 50029.35 50029.35 50029.35 50029.35 50029.35 50029.35 50029.35 50029.35 50029.35 50099.12 50099.12 50099.12 50099.12 50099.12 50099.12 50099.12 50099.12 50099.12 50099.12 50099.12 50168.90 50168.90 50168.90 50168.90 50168.90 50168.90 50168.90 50168.90 50168.90 50168.90 50168.90 50238.68 50238.68 50238.68 50238.68 50238.68 50238.68 50238.68 50238.68 50238.68 50238.68 50238.68 50308.47 50308.47 50308.47 50308.47 50308.47 50308.47 50308.47 50308.47 50308.47 50308.47 50308.47 50378.27 50378.27 50378.27 50378.27 50378.27 50378.27 50378.27 50378.27 50378.27 50378.27 50378.27 50448.08 50448.08 50448.08 50448.08 50448.08 50448.08 50448.08 50448.08 50448.08 50448.08 50448.08 50517.89 50517.89 50517.89 50517.89 50517.89 50517.89 50517.89 50517.89 50517.89 50517.89 50517.89 50587.71 50587.71 50587.71 50587.71 50587.71 50587.71 50587.71 50587.71 50587.71 50587.71 50587.71 50657.53 50657.53 50657.53 50657.53 50657.53 50657.53 50657.53 50657.53 50657.53 50657.53 50657.53 50727.36 50727.36 50727.36 50727.36 50727.36 50727.36 50727.36 50727.36 50727.36 50727.36 50727.36 50797.20 50797.20 50797.20 50797.20 50797.20 50797.20 50797.20 50797.20 50797.20 50797.20 50797.20 50867.05 50867.05 50867.05 50867.05 50867.05 50867.05 50867.05 50867.05 50867.05 50867.05 50867.05 50936.90 50936.90 50936.90 50936.90 50936.90 50936.90 50936.90 50936.90 50936.90 50936.90 50936.90 51006.76 51006.76 51006.76 51006.76 51006.76 51006.76 51006.76 51006.76 51006.76 51006.76 51006.76 51076.62 51076.62 51076.62 51076.62 51076.62 51076.62 51076.62 51076.62 51076.62 51076.62 51076.62 51146.50 51146.50 51146.50 51146.50 51146.50 51146.50 51146.50 51146.50 51146.50 51146.50 51146.50 51216.38 51216.38 51216.38 51216.38 51216.38 51216.38 51216.38 51216.38 51216.38 51216.38 51216.38 51286.26 51286.26 51286.26 51286.26 51286.26 51286.26 51286.26 51286.26 51286.26 51286.26 51286.26 51356.15 51356.15 51356.15 51356.15 51356.15 51356.15 51356.15 51356.15 51356.15 51356.15 51356.15 51426.05 51426.05 51426.05 51426.05 51426.05 51426.05 51426.05 51426.05 51426.05 51426.05 51426.05 51495.96 51495.96 51495.96 51495.96 51495.96 51495.96 51495.96 51495.96 51495.96 51495.96 51495.96 51565.87 51565.87 51565.87 51565.87 51565.87 51565.87 51565.87 51565.87 51565.87 51565.87 51565.87 51635.79 51635.79 51635.79 51635.79 51635.79 51635.79 51635.79 51635.79 51635.79 51635.79 51635.79 51705.72 51705.72 51705.72 51705.72 51705.72 51705.72 51705.72 51705.72 51705.72 51705.72 51705.72 51775.65 51775.65 51775.65 51775.65 51775.65 51775.65 51775.65 51775.65 51775.65 51775.65 51775.65 51845.59 51845.59 51845.59 51845.59 51845.59 51845.59 51845.59 51845.59 51845.59 51845.59 51845.59 51915.54 51915.54 51915.54 51915.54 51915.54 51915.54 51915.54 51915.54 51915.54 51915.54 51915.54 51985.49 51985.49 51985.49 51985.49 51985.49 51985.49 51985.49 51985.49 51985.49 51985.49 51985.49 52055.45 52055.45 52055.45 52055.45 52055.45 52055.45 52055.45 52055.45 52055.45 52055.45 52055.45 52125.42 52125.42 52125.42 52125.42 52125.42 52125.42 52125.42 52125.42 52125.42 52125.42 52125.42 52195.39 52195.39 52195.39 52195.39 52195.39 52195.39 52195.39 52195.39 52195.39 52195.39 52195.39 52265.37 52265.37 52265.37 52265.37 52265.37 52265.37 52265.37 52265.37 52265.37 52265.37 52265.37 52335.36 52335.36 52335.36 52335.36 52335.36 52335.36 52335.36 52335.36 52335.36 52335.36 52335.36 52405.35 52405.35 52405.35 52405.35 52405.35 52405.35 52405.35 52405.35 52405.35 52405.35 52405.35 52475.35 52475.35 52475.35 52475.35 52475.35 52475.35 52475.35 52475.35 52475.35 52475.35 52475.35 52545.36 52545.36 52545.36 52545.36 52545.36 52545.36 52545.36 52545.36 52545.36 52545.36 52545.36 52615.37 52615.37 52615.37 52615.37 52615.37 52615.37 52615.37 52615.37 52615.37 52615.37 52615.37 52685.39 52685.39 52685.39 52685.39 52685.39 52685.39 52685.39 52685.39 52685.39 52685.39 52685.39 52755.42 52755.42 52755.42 52755.42 52755.42 52755.42 52755.42 52755.42 52755.42 52755.42 52755.42 52825.46 52825.46 52825.46 52825.46 52825.46 52825.46 52825.46 52825.46 52825.46 52825.46 52825.46 52895.50 52895.50 52895.50 52895.50 52895.50 52895.50 52895.50 52895.50 52895.50 52895.50 52895.50 52965.54 52965.54 52965.54 52965.54 52965.54 52965.54 52965.54 52965.54 52965.54 52965.54 52965.54 53035.60 53035.60 53035.60 53035.60 53035.60 53035.60 53035.60 53035.60 53035.60 53035.60 53035.60 53105.66 53105.66 53105.66 53105.66 53105.66 53105.66 53105.66 53105.66 53105.66 53105.66 53105.66 53175.73 53175.73 53175.73 53175.73 53175.73 53175.73 53175.73 53175.73 53175.73 53175.73 53175.73 53245.80 53245.80 53245.80 53245.80 53245.80 53245.80 53245.80 53245.80 53245.80 53245.80 53245.80 53315.88 53315.88 53315.88 53315.88 53315.88 53315.88 53315.88 53315.88 53315.88 53315.88 53315.88 53385.97 53385.97 53385.97 53385.97 53385.97 53385.97 53385.97 53385.97 53385.97 53385.97 53385.97 53456.07 53456.07 53456.07 53456.07 53456.07 53456.07 53456.07 53456.07 53456.07 53456.07 53456.07 53526.17 53526.17 53526.17 53526.17 53526.17 53526.17 53526.17 53526.17 53526.17 53526.17 53526.17 53596.28 53596.28 53596.28 53596.28 53596.28 53596.28 53596.28 53596.28 53596.28 53596.28 53596.28 53666.39 53666.39 53666.39 53666.39 53666.39 53666.39 53666.39 53666.39 53666.39 53666.39 53666.39 53736.51 53736.51 53736.51 53736.51 53736.51 53736.51 53736.51 53736.51 53736.51 53736.51 53736.51 53806.64 53806.64 53806.64 53806.64 53806.64 53806.64 53806.64 53806.64 53806.64 53806.64 53806.64 53876.78 53876.78 53876.78 53876.78 53876.78 53876.78 53876.78 53876.78 53876.78 53876.78 53876.78 53946.92 53946.92 53946.92 53946.92 53946.92 53946.92 53946.92 53946.92 53946.92 53946.92 53946.92 54017.07 54017.07 54017.07 54017.07 54017.07 54017.07 54017.07 54017.07 54017.07 54017.07 54017.07 54087.22 54087.22 54087.22 54087.22 54087.22 54087.22 54087.22 54087.22 54087.22 54087.22 54087.22 54157.39 54157.39 54157.39 54157.39 54157.39 54157.39 54157.39 54157.39 54157.39 54157.39 54157.39 54227.55 54227.55 54227.55 54227.55 54227.55 54227.55 54227.55 54227.55 54227.55 54227.55 54227.55 54297.73 54297.73 54297.73 54297.73 54297.73 54297.73 54297.73 54297.73 54297.73 54297.73 54297.73 54367.91 54367.91 54367.91 54367.91 54367.91 54367.91 54367.91 54367.91 54367.91 54367.91 54367.91 54438.10 54438.10 54438.10 54438.10 54438.10 54438.10 54438.10 54438.10 54438.10 54438.10 54438.10 54508.30 54508.30 54508.30 54508.30 54508.30 54508.30 54508.30 54508.30 54508.30 54508.30 54508.30 54578.50 54578.50 54578.50 54578.50 54578.50 54578.50 54578.50 54578.50 54578.50 54578.50 54578.50 54648.71 54648.71 54648.71 54648.71 54648.71 54648.71 54648.71 54648.71 54648.71 54648.71 54648.71 54718.93 54718.93 54718.93 54718.93 54718.93 54718.93 54718.93 54718.93 54718.93 54718.93 54718.93 54789.15 54789.15 54789.15 54789.15 54789.15 54789.15 54789.15 54789.15 54789.15 54789.15 54789.15 54859.38 54859.38 54859.38 54859.38 54859.38 54859.38 54859.38 54859.38 54859.38 54859.38 54859.38 54929.61 54929.61 54929.61 54929.61 54929.61 54929.61 54929.61 54929.61 54929.61 54929.61 54929.61 54999.86 54999.86 54999.86 54999.86 54999.86 54999.86 54999.86 54999.86 54999.86 54999.86 54999.86 55070.11 55070.11 55070.11 55070.11 55070.11 55070.11 55070.11 55070.11 55070.11 55070.11 55070.11
=== END RADAR_SCAN ===

=== BEGIN RADAR_SCAN ===
scan.index=10
scan.time=123.000000
radar.id=0
radar.frequency=C
radar.scanning_mode=PPI
radar.x=0.000
radar.y=0.000
radar.z=25.000
radar.maximum_range=250000.000
radar.range_resolution=250.000
radar.angular_resolution=1.000000
box.radar_id=0
box.min_range_gate=718.000
box.max_range_gate=800.000
box.min_angle=100.000000
box.max_angle=111.000000
box.num_ranges=83
box.num_angles=11
box.range_resolution=250.000
box.angular_resolution=1.000000
box.other_angle=10.000000
grid.size=913
grid.data=0.00 0.00 0.00 0.00 0.00 0.00 0.00 0.00 0.00 0.00 0.00 0.00 0.00 0.00 0.00 0.00 0.00 0.00 0.00 0.00 0.00 0.00 0.00 0.00 0.00 0.00 0.00 0.00 0.00 0.00 0.00 0.00 0.00 0.00 0.00 0.00 0.00 0.00 0.00 0.00 0.00 0.00 0.00 0.00 0.00 0.00 0.00 0.00 0.00 0.00 0.04 0.00 0.00 0.00 0.00 0.00 0.00 0.00 0.00 0.00 -0.10 0.42 0.00 0.00 0.00 0.00 0.00 0.00 0.00 0.00 0.00 -1.04 -0.40 0.00 0.00 0.00 0.00 0.00 0.00 0.00 0.00 0.00 -0.42 -0.10 0.00 0.00 0.00 0.00 0.00 0.00 0.00 0.00 0.00 1.98 -0.20 -0.01 0.00 0.00 0.00 0.00 0.00 0.00 0.00 0.00 -1.69 -0.03 1.18 0.00 0.00 0.00 0.00 0.00 0.00 0.00 -1.83 -0.63 -1.34 0.27 0.00 0.00 0.00 0.00 0.00 0.00 0.00 0.22 0.31 -0.22 0.73 0.00 0.00 0.00 0.00 0.00 0.00 0.00 0.21 -0.98 -0.17 -0.78 0.00 0.00 0.00 0.00 0.00 0.00 0.00 -1.50 -0.87 0.15 -1.40 0.00 0.00 0.00 0.00 0.00 0.00 0.00 0.09 -1.19 0.29 1.01 0.00 0.00 0.00 0.00 0.00 0.00 0.00 0.33 0.33 -1.87 -2.12 0.00 0.00 0.00 0.00 0.00 0.00 0.00 0.33 -1.49 -1.16 1.59 0.00 0.00 0.00 0.00 0.00 0.00 0.00 0.61 0.07 -0.34 0.67 0.00 0.00 0.00 0.00 0.00 0.00 0.00 -0.15 -1.24 0.48 -0.87 1.15 0.00 0.00 0.00 0.00 0.00 0.00 -0.29 -0.18 0.61 -0.02 0.14 0.00 0.00 0.00 0.00 0.00 0.00 1.71 -2.45 1.39 -0.54 0.76 0.00 0.00 0.00 0.00 0.00 0.00 2.19 0.23 -1.35 0.30 -0.68 0.00 0.00 0.00 0.00 0.00 0.00 0.07 -0.39 -0.55 1.40 2.81 0.00 0.00 0.00 0.00 0.00 0.00 0.94 0.73 0.21 -0.27 0.99 0.00 0.00 0.00 0.00 0.00 0.83 0.72 -1.66 0.46 0.93 0.29 0.00 0.00 0.00 0.00 0.00 2.45 -0.09 -0.39 -0.50 0.66 0.29 0.00 0.00 0.00 0.00 0.00 -1.23 0.63 -0.85 2.21 -0.16 -0.07 0.00 0.00 0.00 0.00 0.00 -0.13 0.70 -0.47 -1.51 -1.48 -0.42 0.00 0.00 0.00 0.00 0.00 0.58 -1.83 0.54 1.07 0.57 0.14 0.00 0.00 0.00 0.00 0.00 -1.25 -0.20 1.65 0.87 0.09 0.33 0.00 0.00 0.00 0.00 0.00 -1.23 0.97 0.45 -0.40 -1.34 -0.61 0.00 0.00 0.00 0.00 0.00 1.28 0.89 -0.18 -0.01 1.72 -0.80 0.00 0.00 0.00 0.00 0.00 -0.08 1.35 -0.02 1.06 -1.78 1.71 0.00 0.00 0.00 0.00 0.00 -0.67 -1.82 -0.28 -0.31 -0.74 -0.45 0.00 0.00 0.00 0.00 0.00 0.40 -0.31 -0.46 0.50 -0.88 -1.15 0.00 0.00 0.00 0.00 0.00 1.49 0.13 0.74 -0.30 1.24 -1.42 0.00 0.00 0.00 0.00 0.00 1.39 -0.03 -0.72 -0.34 2.83 0.64 0.00 0.00 0.00 0.00 0.00 1.40 -0.38 -2.45 -0.34 -0.54 -0.88 0.00 0.00 0.00 0.00 0.00 0.55 0.56 -0.17 -0.85 -1.80 -0.52 0.00 0.00 0.00 0.00 0.00 -0.45 0.76 -4.26 -1.23 1.40 -0.61 0.00 0.00 0.00 0.00 0.00 0.63 -1.92 -0.98 0.31 0.18 -0.50 0.00 0.00 0.00 0.00 0.00 -2.36 -1.34 0.86 0.71 0.28 -0.84 0.00 0.00 0.00 0.00 0.00 -0.97 0.14 0.62 1.33 0.01 -0.18 0.00 0.00 0.00 0.00 0.00 1.85 -0.57 -1.06 0.60 -1.37 0.62 0.00 0.00 0.00 0.00 0.00 -0.16 -0.04 -1.85 -0.73 0.05 1.04 0.00 0.00 0.00 0.00 0.00 -0.86 -0.98 -0.50 -1.06 -1.18 -0.38 0.00 0.00 0.00 0.00 0.00 -0.36 1.44 -0.96 0.17 0.23 -1.05 0.00 0.00 0.00 0.00 0.00 -0.54 -1.22 1.10 0.47 -0.27 -0.88 0.00 0.00 0.00 0.00 0.00 -0.01 -0.45 1.16 -1.58 -0.66 0.92 0.00 0.00 0.00 0.00 0.00 0.07 1.28 -1.82 1.05 0.84 -1.92 0.00 0.00 0.00 0.00 0.00 -1.14 0.88 -0.98 -0.19 1.38 0.38 0.00 0.00 0.00 0.00 0.00 -0.89 0.18 -1.76 -0.89 0.28 1.03 0.00 0.00 0.00 0.00 0.00 -0.14 0.64 -1.10 -0.28 0.86 0.56 0.00 0.00 0.00 0.00 0.00 0.46 0.09 0.57 0.14 -1.62 0.69 0.00 0.00 0.00 0.00 0.00 -0.52 -0.48 -0.73 2.05 -1.81 -0.28 0.00 0.00 0.00 0.00 0.00 -0.08 1.21 1.17 0.05 -1.91 0.41 0.00 0.00 0.00 0.00 0.00 1.48 0.55 -1.30 -1.16 0.85 0.01 0.00 0.00 0.00 0.00 0.00 -0.08 0.41 -0.81 -0.98 -1.76 0.19 0.00 0.00 0.00 0.00 0.00 -1.42 0.69 -1.09 -0.10 0.59 1.07 0.00 0.00 0.00 0.00 0.00 -0.09 -0.41 -0.69 0.75 0.83 -0.54 0.00 0.00 0.00 0.00 0.00 0.19 0.74 -0.44 -0.34 -0.32 1.53 0.00 0.00 0.00 0.00 0.00 -0.50 0.07 0.26 1.69 -0.94 0.90 0.00 0.00 0.00 0.00 0.00 0.69 -0.52 1.00 -1.93 -0.16 1.62 0.00 0.00 0.00 0.00 0.00 -0.24 0.64 4.17 -0.79 0.22 -1.13 0.00 0.00 0.00 0.00 0.00 0.00 -1.03 -0.50 0.53 -0.83 -0.51 0.00 0.00 0.00 0.00 0.00 0.00 0.35 0.51 -0.03 -0.55 -0.52 0.00 0.00 0.00 0.00 0.00 0.00 0.07 -0.48 0.94 0.27 0.28 0.00 0.00 0.00 0.00 0.00 0.00 0.62 -0.11 -1.01 -0.22 -0.61 0.00 0.00 0.00 0.00 0.00 0.00 -0.51 -2.07 -0.36 -1.28 -0.09 0.00 0.00 0.00 0.00 0.00 0.00 -1.85 1.86 -1.05 -0.08 0.15 0.00 0.00 0.00 0.00 0.00 0.00 0.25 1.36 0.15 -0.51 2.80 0.00 0.00 0.00 0.00 0.00 0.00 0.85 -1.09 -0.43 1.95 0.00 0.00 0.00 0.00 0.00 0.00 0.00 -0.14 1.85 0.90 0.00 0.00 0.00 0.00 0.00 0.00 0.00 0.00 -0.32 -1.01 -0.34 1.73 0.00 0.00 0.00 0.00 0.00 0.00 0.00 -2.84 -0.76 0.95 0.30 0.00 0.00 0.00 0.00 0.00 0.00 0.00 -0.01 1.81 -1.92 0.15 0.00 0.00 0.00 0.00 0.00 0.00 0.00 0.53 1.01 -0.68 -1.85 0.00 0.00 0.00 0.00 0.00 0.00 0.00 -1.31 0.21 0.07 -0.97 0.00 0.00 0.00 0.00 0.00 0.00 0.00 -0.99 -0.87 -0.32 -1.74 0.00 0.00 0.00 0.00 0.00 0.00 0.00 0.00 0.80 0.33 -1.92 0.00 0.00 0.00 0.00 0.00 0.00 0.00 0.00 -1.11 -1.52 1.09 0.00 0.00 0.00 0.00 0.00 0.00 0.00 0.00 -0.50 -0.04 0.40 0.00 0.00 0.00 0.00 0.00 0.00 0.00 0.00 -1.04 -0.89 0.00 0.00 0.00 0.00
rain_type.data=0 0 0 0 0 0 0 0 0 0 0 0 0 0 0 0 0 0 0 0 0 0 0 0 0 0 0 0 0 0 0 0 0 0 0 0 0 0 0 0 0 0 0 0 0 0 0 0 0 0 1 0 0 0 0 0 0 0 0 0 1 1 0 0 0 0 0 0 0 0 0 1 1 0 0 0 0 0 0 0 0 0 1 1 0 0 0 0 0 0 0 0 0 1 1 1 0 0 0 0 0 0 0 0 1 1 1 0 0 0 0 0 0 0 1 1 1 1 0 0 0 0 0 0 0 1 1 1 1 0 0 0 0 0 0 0 1 1 1 1 0 0 0 0 0 0 0 1 1 1 1 0 0 0 0 0 0 0 1 1 1 1 0 0 0 0 0 0 0 1 1 1 1 0 0 0 0 0 0 0 1 1 1 1 0 0 0 0 0 0 0 1 1 1 1 0 0 0 0 0 0 0 1 1 1 1 1 0 0 0 0 0 0 2 1 1 1 1 0 0 0 0 0 0 2 1 1 1 1 0 0 0 0 0 0 2 1 1 1 1 0 0 0 0 0 0 2 2 1 1 1 0 0 0 0 0 0 2 2 1 1 1 0 0 0 0 0 1 2 2 1 1 1 0 0 0 0 0 1 2 2 1 1 1 0 0 0 0 0 2 2 2 1 1 1 0 0 0 0 0 2 2 2 1 1 1 0 0 0 0 0 2 2 2 1 1 1 0 0 0 0 0 2 2 2 1 1 1 0 0 0 0 0 2 2 2 1 1 1 0 0 0 0 0 2 2 2 1 1 1 0 0 0 0 0 2 2 2 1 1 1 0 0 0 0 0 2 2 2 1 1 1 0 0 0 0 0 2 2 2 1 1 1 0 0 0 0 0 2 2 2 1 1 1 0 0 0 0 0 2 2 2 1 1 1 0 0 0 0 0 2 2 2 1 1 1 0 0 0 0 0 2 2 2 1 1 1 0 0 0 0 0 2 2 2 1 1 1 0 0 0 0 0 2 2 2 1 1 1 0 0 0 0 0 2 2 2 1 1 1 0 0 0 0 0 2 2 2 1 1 1 0 0 0 0 0 2 2 2 1 1 1 0 0 0 0 0 2 2 2 1 1 1 0 0 0 0 0 2 2 2 1 1 1 0 0 0 0 0 2 2 2 1 1 1 0 0 0 0 0 2 2 2 1 1 1 0 0 0 0 0 2 2 2 1 1 1 0 0 0 0 0 2 2 2 1 1 1 0 0 0 0 0 2 2 2 1 1 1 0 0 0 0 0 2 2 2 1 1 1 0 0 0 0 0 2 2 2 1 1 1 0 0 0 0 0 1 2 2 1 1 1 0 0 0 0 0 1 2 2 1 1 1 0 0 0 0 0 1 2 2 1 1 1 0 0 0 0 0 1 2 2 1 1 1 0 0 0 0 0 1 2 1 1 1 1 0 0 0 0 0 1 2 1 1 1 1 0 0 0 0 0 1 2 1 1 1 1 0 0 0 0 0 1 1 1 1 1 1 0 0 0 0 0 1 1 1 1 1 1 0 0 0 0 0 1 1 1 1 1 1 0 0 0 0 0 1 1 1 1 1 1 0 0 0 0 0 0 1 1 1 1 1 0 0 0 0 0 0 1 1 1 1 1 0 0 0 0 0 0 1 1 1 1 1 0 0 0 0 0 0 1 1 1 1 1 0 0 0 0 0 0 1 1 1 1 1 0 0 0 0 0 0 1 1 1 1 1 0 0 0 0 0 0 1 1 1 1 1 0 0 0 0 0 0 1 1 1 1 0 0 0 0 0 0 0 1 1 1 1 0 0 0 0 0 0 0 1 1 1 1 0 0 0 0 0 0 0 1 1 1 1 0 0 0 0 0 0 0 1 1 1 1 0 0 0 0 0 0 0 1 1 1 1 0 0 0 0 0 0 0 1 1 1 1 0 0 0 0 0 0 0 1 1 1 1 0 0 0 0 0 0 0 0 1 1 1 0 0 0 0 0 0 0 0 1 1 1 0 0 0 0 0 0 0 0 1 1 1 0 0 0 0 0 0 0 0 1 1 0 0 0 0
estimated_attenuation.size=913
estimated_attenuation.data=0.00 0.00 0.00 0.00 0.00 0.00 0.00 0.00 0.00 0.00 0.00 0.00 0.00 0.00 0.00 0.00 0.00 0.00 0.00 0.00 0.00 0.00 0.00 0.00 0.00 0.00 0.00 0.00 0.00 0.00 0.00 0.00 0.00 0.00 0.00 0.00 0.00 0.00 0.00 0.00 0.00 0.00 0.00 0.00 0.00 0.00 0.00 0.00 0.00 0.00 0.00 0.00 0.00 0.00 0.00 0.00 0.00 0.00 0.00 0.00 0.00 0.00 0.00 0.00 0.00 0.00 0.00 0.00 0.00 0.00 0.00 0.00 0.00 0.00 0.00 0.00 0.00 0.00 0.00 0.00 0.00 0.00 0.00 0.00 0.00 0.00 0.00 0.00 0.00 0.00 0.00 0.00 0.00 0.00 0.00 0.00 0.00 0.00 0.00 0.00 0.00 0.00 0.00 0.00 0.00 0.00 0.00 0.00 0.00 0.00 0.00 0.00 0.00 0.00 0.00 0.00 0.00 0.00 0.00 0.00 0.00 0.00 0.00 0.00 0.00 0.00 0.00 0.00 0.00 0.00 0.00 0.00 0.00 0.00 0.00 0.00 0.00 0.00 0.00 0.00 0.00 0.00 0.00 0.00 0.00 0.00 0.00 0.00 0.00 0.00 0.00 0.00 0.00 0.00 0.00 0.00 0.00 0.00 0.00 0.00 0.00 0.00 0.00 0.00 0.00 0.00 0.00 0.00 0.00 0.00 0.00 0.00 0.00 0.00 0.00 0.00 0.00 0.00 0.00 0.00 0.00 0.00 0.00 0.00 0.00 0.00 0.00 0.00 0.00 0.00 0.00 0.00 0.00 0.00 0.00 0.00 0.00 0.00 0.00 0.00 0.00 0.00 0.00 0.00 0.00 0.00 0.00 0.00 0.00 0.00 0.00 0.00 0.00 0.00 0.00 0.00 0.00 0.00 0.00 0.00 0.00 0.00 0.00 0.00 0.00 0.00 0.00 0.00 0.00 0.00 0.00 0.00 0.00 0.00 0.00 0.00 0.00 0.00 0.00 0.00 0.00 0.00 0.00 0.00 0.00 0.00 0.00 0.00 0.00 0.00 0.00 0.00 0.00 0.00 0.00 0.00 0.00 0.00 0.00 0.00 0.00 0.00 0.00 0.00 0.00 0.00 0.00 0.00 0.00 0.00 0.00 0.00 0.00 0.00 0.00 0.00 0.00 0.00 0.00 0.00 0.00 0.00 0.00 0.00 0.00 0.00 0.00 0.00 0.00 0.00 0.00 0.00 0.00 0.00 0.00 0.00 0.00 0.00 0.00 0.00 0.00 0.00 0.00 0.00 0.00 0.00 0.00 0.00 0.00 0.00 0.00 0.00 0.00 0.00 0.00 0.00 0.00 0.00 0.00 0.00 0.00 0.00 0.00 0.00 0.00 0.00 0.00 0.00 0.00 0.00 0.00 0.00 0.00 0.00 0.00 0.00 0.00 0.00 0.00 0.00 0.00 0.00 0.00 0.00 0.00 0.00 0.00 0.00 0.00 0.00 0.00 0.00 0.00 0.00 0.00 0.00 0.00 0.00 0.00 0.00 0.00 0.00 0.00 0.00 0.00 0.00 0.00 0.00 0.00 0.00 0.00 0.00 0.00 0.00 0.00 0.00 0.00 0.00 0.00 0.00 0.00 0.00 0.00 0.00 0.00 0.00 0.00 0.00 0.00 0.00 0.00 0.00 0.00 0.00 0.00 0.00 0.00 0.00 0.00 0.00 0.00 0.00 0.00 0.00 0.00 0.00 0.00 0.00 0.00 0.00 0.00 0.00 0.00 0.00 0.00 0.00 0.00 0.00 0.00 0.00 0.00 0.00 0.00 0.00 0.00 0.00 0.00 0.00 0.00 0.00 0.00 0.00 0.00 0.00 0.00 0.00 0.00 0.00 0.00 0.00 0.00 0.00 0.00 0.00 0.00 0.00 0.00 0.00 0.00 0.00 0.00 0.00 0.00 0.00 0.00 0.00 0.00 0.00 0.00 0.00 0.00 0.00 0.00 0.00 0.00 0.00 0.00 0.00 0.00 0.00 0.00 0.00 0.00 0.00 0.00 0.00 0.00 0.00 0.00 0.00 0.00 0.00 0.00 0.00 0.00 0.00 0.00 0.00 0.00 0.00 0.00 0.00 0.00 0.00 0.00 0.00 0.00 0.00 0.00 0.00 0.00 0.00 0.00 0.00 0.00 0.00 0.00 0.00 0.00 0.00 0.00 0.00 0.00 0.00 0.00 0.00 0.00 0.00 0.00 0.00 0.00 0.00 0.00 0.00 0.00 0.00 0.00 0.00 0.00 0.00 0.00 0.00 0.00 0.00 0.00 0.00 0.00 0.00 0.00 0.00 0.00 0.00 0.00 0.00 0.00 0.00 0.00 0.00 0.00 0.00 0.00 0.00 0.00 0.00 0.00 0.00 0.00 0.00 0.00 0.00 0.00 0.00 0.00 0.00 0.00 0.00 0.00 0.00 0.00 0.00 0.00 0.00 0.00 0.00 0.00 0.00 0.00 0.00 0.00 0.00 0.00 0.00 0.00 0.00 0.00 0.00 0.00 0.00 0.00 0.00 0.00 0.00 0.00 0.00 0.00 0.00 0.00 0.00 0.00 0.00 0.00 0.00 0.00 0.00 0.00 0.00 0.00 0.00 0.00 0.00 0.00 0.00 0.00 0.00 0.00 0.00 0.00 0.00 0.00 0.00 0.00 0.00 0.00 0.00 0.00 0.00 0.00 0.00 0.00 0.00 0.00 0.00 0.00 0.00 0.00 0.00 0.00 0.00 0.00 0.00 0.00 0.00 0.00 0.00 0.00 0.00 0.00 0.00 0.00 0.00 0.00 0.00 0.00 0.00 0.00 0.00 0.00 0.00 0.00 0.00 0.00 0.00 0.00 0.00 0.00 0.00 0.00 0.00 0.00 0.00 0.00 0.00 0.00 0.00 0.00 0.00 0.00 0.00 0.00 0.00 0.00 0.00 0.00 0.00 0.00 0.00 0.00 0.00 0.00 0.00 0.00 0.00 0.00 0.00 0.00 0.00 0.00 0.00 0.00 0.00 0.00 0.00 0.00 0.00 0.00 0.00 0.00 0.00 0.00 0.00 0.00 0.00 0.00 0.00 0.00 0.00 0.00 0.00 0.00 0.00 0.00 0.00 0.00 0.00 0.00 0.00 0.00 0.00 0.00 0.00 0.00 0.00 0.00 0.00 0.00 0.00 0.00 0.00 0.00 0.00 0.00 0.00 0.00 0.00 0.00 0.00 0.00 0.00 0.00 0.00 0.00 0.00 0.00 0.00 0.00 0.00 0.00 0.00 0.00 0.00 0.00 0.00 0.00 0.00 0.00 0.00 0.00 0.00 0.00 0.00 0.00 0.00 0.00 0.00 0.00 0.00 0.00 0.00 0.00 0.00 0.00 0.00 0.00 0.00 0.00 0.00 0.00 0.00 0.00 0.00 0.00 0.00 0.00 0.00 0.00 0.00 0.00 0.00 0.00 0.00 0.00 0.00 0.00 0.00 0.00 0.00 0.00 0.00 0.00 0.00 0.00 0.00 0.00 0.00 0.00 0.00 0.00 0.00 0.00 0.00 0.00 0.00 0.00 0.00 0.00 0.00 0.00 0.00 0.00 0.00 0.00 0.00 0.00 0.00 0.00 0.00 0.00 0.00 0.00 0.00 0.00 0.00 0.00 0.00 0.00 0.00 0.00 0.00 0.00 0.00 0.00 0.00 0.00 0.00 0.00 0.00 0.00 0.00 0.00 0.00 0.00 0.00 0.00 0.00 0.00 0.00 0.00 0.00 0.00 0.00 0.00 0.00 0.00 0.00 0.00 0.00 0.00 0.00 0.00 0.00 0.00 0.00 0.00 0.00 0.00 0.00 0.00 0.00 0.00 0.00 0.00 0.00 0.00 0.00 0.00 0.00 0.00 0.00 0.00 0.00 0.00 0.00 0.00 0.00 0.00 0.00 0.00 0.00 0.00 0.00 0.00 0.00 0.00
height.size=913
height.data=33002.23 33002.23 33002.23 33002.23 33002.23 33002.23 33002.23 33002.23 33002.23 33002.23 33002.23 33050.74 33050.74 33050.74 33050.74 33050.74 33050.74 33050.74 33050.74 33050.74 33050.74 33050.74 33099.26 33099.26 33099.26 33099.26 33099.26 33099.26 33099.26 33099.26 33099.26 33099.26 33099.26 33147.78 33147.78 33147.78 33147.78 33147.78 33147.78 33147.78 33147.78 33147.78 33147.78 33147.78 33196.31 33196.31 33196.31 33196.31 33196.31 33196.31 33196.31 33196.31 33196.31 33196.31 33196.31 33244.85 33244.85 33244.85 33244.85 33244.85 33244.85 33244.85 33244.85 33244.85 33244.85 33244.85 33293.40 33293.40 33293.40 33293.40 33293.40 33293.40 33293.40 33293.40 33293.40 33293.40 33293.40 33341.95 33341.95 33341.95 33341.95 33341.95 33341.95 33341.95 33341.95 33341.95 33341.95 33341.95 33390.51 33390.51 33390.51 33390.51 33390.51 33390.51 33390.51 33390.51 33390.51 33390.51 33390.51 33439.07 33439.07 33439.07 33439.07 33439.07 33439.07 33439.07 33439.07 33439.07 33439.07 33439.07 33487.65 33487.65 33487.65 33487.65 33487.65 33487.65 33487.65 33487.65 33487.65 33487.65 33487.65 33536.23 33536.23 33536.23 33536.23 33536.23 33536.23 33536.23 33536.23 33536.23 33536.23 33536.23 33584.82 33584.82 33584.82 33584.82 33584.82 33584.82 33584.82 33584.82 33584.82 33584.82 33584.82 33633.41 33633.41 33633.41 33633.41 33633.41 33633.41 33633.41 33633.41 33633.41 33633.41 33633.41 33682.01 33682.01 33682.01 33682.01 33682.01 33682.01 33682.01 33682.01 33682.01 33682.01 33682.01 33730.62 33730.62 33730.62 33730.62 33730.62 33730.62 33730.62 33730.62 33730.62 33730.62 33730.62 33779.24 33779.24 33779.24 33779.24 33779.24 33779.24 33779.24 33779.24 33779.24 33779.24 33779.24 33827.86 33827.86 33827.86 33827.86 33827.86 33827.86 33827.86 33827.86 33827.86 33827.86 33827.86 33876.49 33876.49 33876.49 33876.49 33876.49 33876.49 33876.49 33876.49 33876.49 33876.49 33876.49 33925.12 33925.12 33925.12 33925.12 33925.12 33925.12 33925.12 33925.12 33925.12 33925.12 33925.12 33973.77 33973.77 33973.77 33973.77 33973.77 33973.77 33973.77 33973.77 33973.77 33973.77 33973.77 34022.42 34022.42 34022.42 34022.42 34022.42 34022.42 34022.42 34022.42 34022.42 34022.42 34022.42 34071.08 34071.08 34071.08 34071.08 34071.08 34071.08 34071.08 34071.08 34071.08 34071.08 34071.08 34119.74 34119.74 34119.74 34119.74 34119.74 34119.74 34119.74 34119.74 34119.74 34119.74 34119.74 34168.41 34168.41 34168.41 34168.41 34168.41 34168.41 34168.41 34168.41 34168.41 34168.41 34168.41 34217.09 34217.09 34217.09 34217.09 34217.09 34217.09 34217.09 34217.09 34217.09 34217.09 34217.09 34265.78 34265.78 34265.78 34265.78 34265.78 34265.78 34265.78 34265.78 34265.78 34265.78 34265.78 34314.47 34314.47 34314.47 34314.47 34314.47 34314.47 34314.47 34314.47 34314.47 34314.47 34314.47 34363.17 34363.17 34363.17 34363.17 34363.17 34363.17 34363.17 34363.17 34363.17 34363.17 34363.17 34411.88 34411.88 34411.88 34411.88 34411.88 34411.88 34411.88 34411.88 34411.88 34411.88 34411.88 34460.59 34460.59 34460.59 34460.59 34460.59 34460.59 34460.59 34460.59 34460.59 34460.59 34460.59 34509.32 34509.32 34509.32 34509.32 34509.32 34509.32 34509.32 34509.32 34509.32 34509.32 34509.32 34558.04 34558.04 34558.04 34558.04 34558.04 34558.04 34558.04 34558.04 34558.04 34558.04 34558.04 34606.78 34606.78 34606.78 34606.78 34606.78 34606.78 34606.78 34606.78 34606.78 34606.78 34606.78 34655.52 34655.52 34655.52 34655.52 34655.52 34655.52 34655.52 34655.52 34655.52 34655.52 34655.52 34704.27 34704.27 34704.27 34704.27 34704.27 34704.27 34704.27 34704.27 34704.27 34704.27 34704.27 34753.03 34753.03 34753.03 34753.03 34753.03 34753.03 34753.03 34753.03 34753.03 34753.03 34753.03 34801.79 34801.79 34801.79 34801.79 34801.79 34801.79 34801.79 34801.79 34801.79 34801.79 34801.79 34850.56 34850.56 34850.56 34850.56 34850.56 34850.56 34850.56 34850.56 34850.56 34850.56 34850.56 34899.34 34899.34 34899.34 34899.34 34899.34 34899.34 34899.34 34899.34 34899.34 34899.34 34899.34 34948.13 34948.13 34948.13 34948.13 34948.13 34948.13 34948.13 34948.13 34948.13 34948.13 34948.13 34996.92 34996.92 34996.92 34996.92 34996.92 34996.92 34996.92 34996.92 34996.92 34996.92 34996.92 35045.72 35045.72 35045.72 35045.72 35045.72 35045.72 35045.72 35045.72 35045.72 35045.72 35045.72 35094.52 35094.52 35094.52 35094.52 35094.52 35094.52 35094.52 35094.52 35094.52 35094.52 35094.52 35143.33 35143.33 35143.33 35143.33 35143.33 35143.33 35143.33 35143.33 35143.33 35143.33 35143.33 35192.15 35192.15 35192.15 35192.15 35192.15 35192.15 35192.15 35192.15 35192.15 35192.15 35192.15 35240.98 35240.98 35240.98 35240.98 35240.98 35240.98 35240.98 35240.98 35240.98 35240.98 35240.98 35289.82 35289.82 35289.82 35289.82 35289.82 35289.82 35289.82 35289.82 35289.82 35289.82 35289.82 35338.66 35338.66 35338.66 35338.66 35338.66 35338.66 35338.66 35338.66 35338.66 35338.66 35338.66 35387.51 35387.51 35387.51 35387.51 35387.51 35387.51 35387.51 35387.51 35387.51 35387.51 35387.51 35436.36 35436.36 35436.36 35436.36 35436.36 35436.36 35436.36 35436.36 35436.36 35436.36 35436.36 35485.22 35485.22 35485.22 35485.22 35485.22 35485.22 35485.22 35485.22 35485.22 35485.22 35485.22 35534.09 35534.09 35534.09 35534.09 35534.09 35534.09 35534.09 35534.09 35534.09 35534.09 35534.09 35582.97 35582.97 35582.97 35582.97 35582.97 35582.97 35582.97 35582.97 35582.97 35582.97 35582.97 35631.85 35631.85 35631.85 35631.85 35631.85 35631.85 35631.85 35631.85 35631.85 35631.85 35631.85 35680.74 35680.74 35680.74 35680.74 35680.74 35680.74 35680.74 35680.74 35680.74 35680.74 35680.74 35729.64 35729.64 35729.64 35729.64 35729.64 35729.64 35729.64 35729.64 35729.64 35729.64 35729.64 35778.55 35778.55 35778.55 35778.55 35778.55 35778.55 35778.55 35778.55 35778.55 35778.55 35778.55 35827.46 35827.46 35827.46 35827.46 35827.46 35827.46 35827.46 35827.46 35827.46 35827.46 35827.46 35876.38 35876.38 35876.38 35876.38 35876.38 35876.38 35876.38 35876.38 35876.38 35876.38 35876.38 35925.30 35925.30 35925.30 35925.30 35925.30 35925.30 35925.30 35925.30 35925.30 35925.30 35925.30 35974.23 35974.23 35974.23 35974.23 35974.23 35974.23 35974.23 35974.23 35974.23 35974.23 35974.23 36023.17 36023.17 36023.17 36023.17 36023.17 36023.17 36023.17 36023.17 36023.17 36023.17 36023.17 36072.12 36072.12 36072.12 36072.12 36072.12 36072.12 36072.12 36072.12 36072.12 36072.12 36072.12 36121.07 36121.07 36121.07 36121.07 36121.07 36121.07 36121.07 36121.07 36121.07 36121.07 36121.07 36170.04 36170.04 36170.04 36170.04 36170.04 36170.04 36170.04 36170.04 36170.04 36170.04 36170.04 36219.00 36219.00 36219.00 36219.00 36219.00 36219.00 36219.00 36219.00 36219.00 36219.00 36219.00 36267.98 36267.98 36267.98 36267.98 36267.98 36267.98 36267.98 36267.98 36267.98 36267.98 36267.98 36316.96 36316.96 36316.96 36316.96 36316.96 36316.96 36316.96 36316.96 36316.96 36316.96 36316.96 36365.95 36365.95 36365.95 36365.95 36365.95 36365.95 36365.95 36365.95 36365.95 36365.95 36365.95 36414.95 36414.95 36414.95 36414.95 36414.95 36414.95 36414.95 36414.95 36414.95 36414.95 36414.95 36463.95 36463.95 36463.95 36463.95 36463.95 36463.95 36463.95 36463.95 36463.95 36463.95 36463.95 36512.96 36512.96 36512.96 36512.96 36512.96 36512.96 36512.96 36512.96 36512.96 36512.96 36512.96 36561.98 36561.98 36561.98 36561.98 36561.98 36561.98 36561.98 36561.98 36561.98 36561.98 36561.98 36611.00 36611.00 36611.00 36611.00 36611.00 36611.00 36611.00 36611.00 36611.00 36611.00 36611.00 36660.03 36660.03 36660.03 36660.03 36660.03 36660.03 36660.03 36660.03 36660.03 36660.03 36660.03 36709.07 36709.07 36709.07 36709.07 36709.07 36709.07 36709.07 36709.07 36709.07 36709.07 36709.07 36758.12 36758.12 36758.12 36758.12 36758.12 36758.12 36758.12 36758.12 36758.12 36758.12 36758.12 36807.17 36807.17 36807.17 36807.17 36807.17 36807.17 36807.17 36807.17 36807.17 36807.17 36807.17 36856.23 36856.23 36856.23 36856.23 36856.23 36856.23 36856.23 36856.23 36856.23 36856.23 36856.23 36905.30 36905.30 36905.30 36905.30 36905.30 36905.30 36905.30 36905.30 36905.30 36905.30 36905.30 36954.37 36954.37 36954.37 36954.37 36954.37 36954.37 36954.37 36954.37 36954.37 36954.37 36954.37 37003.45 37003.45 37003.45 37003.45 37003.45 37003.45 37003.45 37003.45 37003.45 37003.45 37003.45
=== END RADAR_SCAN ===

=== BEGIN RADAR_SCAN ===
scan.index=11
scan.time=123.330000
radar.id=0
radar.frequency=C
radar.scanning_mode=PPI
radar.x=0.000
radar.y=0.000
radar.z=25.000
radar.maximum_range=250000.000
radar.range_resolution=250.000
radar.angular_resolution=1.000000
box.radar_id=0
box.min_range_gate=711.000
box.max_range_gate=792.000
box.min_angle=100.000000
box.max_angle=111.000000
box.num_ranges=82
box.num_angles=11
box.range_resolution=250.000
box.angular_resolution=1.000000
box.other_angle=6.000000
grid.size=902
grid.data=0.00 0.00 0.00 0.00 0.00 0.00 0.00 0.00 0.00 0.00 0.00 0.00 0.00 0.00 0.00 0.00 0.00 0.00 0.00 0.00 0.00 0.00 0.00 0.00 0.00 0.00 0.00 0.00 0.00 0.00 0.00 0.00 0.00 0.00 0.00 0.00 0.00 0.00 0.00 -0.82 0.00 0.00 0.00 0.00 0.00 0.00 0.00 0.00 0.00 -0.38 -0.21 0.00 0.00 0.00 0.00 0.00 0.00 0.00 0.00 0.00 -0.50 1.38 0.00 0.00 0.00 0.00 0.00 0.00 0.00 0.00 0.00 0.02 -0.15 0.00 0.00 0.00 0.00 0.00 0.00 0.00 0.00 0.00 -0.68 -0.49 0.20 0.00 0.00 0.00 0.00 0.00 0.00 0.00 0.00 -0.31 0.70 0.55 0.00 0.00 0.00 0.00 0.00 0.00 0.00 -0.69 -1.69 0.87 0.59 0.00 0.00 0.00 0.00 0.00 0.00 0.00 0.77 -1.77 0.05 0.63 0.00 0.00 0.00 0.00 0.00 0.00 0.00 -0.94 0.04 -0.25 -0.10 0.00 0.00 0.00 0.00 0.00 0.00 0.00 -0.31 0.47 1.15 2.28 0.00 0.00 0.00 0.00 0.00 0.00 0.00 0.02 -0.55 0.84 0.79 0.00 0.00 0.00 0.00 0.00 0.00 0.00 -1.10 1.41 -0.49 -0.53 0.00 0.00 0.00 0.00 0.00 0.00 0.00 0.37 1.45 -0.96 -1.21 0.00 0.00 0.00 0.00 0.00 0.00 0.00 0.36 -0.57 0.29 0.21 0.00 0.00 0.00 0.00 0.00 0.00 0.00 0.55 0.37 -0.49 1.72 0.39 0.00 0.00 0.00 0.00 0.00 0.00 0.19 -0.04 0.06 -0.77 0.52 0.00 0.00 0.00 0.00 0.00 0.00 -0.12 -0.51 -0.93 0.59 -0.22 0.00 0.00 0.00 0.00 0.00 0.00 0.86 -0.23 -0.50 -2.64 -0.38 0.00 0.00 0.00 0.00 0.00 0.00 -1.28 -1.43 0.73 0.04 0.31 0.00 0.00 0.00 0.00 0.00 -0.43 -0.19 0.32 0.15 -0.23 -0.13 0.00 0.00 0.00 0.00 0.00 0.17 0.74 -0.44 -0.90 -0.74 1.09 0.00 0.00 0.00 0.00 0.00 -0.43 -0.68 2.03 1.18 -0.31 -0.45 0.00 0.00 0.00 0.00 0.00 0.48 -0.57 -0.39 -0.28 0.22 -0.12 0.00 0.00 0.00 0.00 0.00 0.85 -0.75 -0.65 -2.36 -0.25 1.90 0.00 0.00 0.00 0.00 0.00 -0.36 0.43 -0.04 -1.20 -0.20 0.41 0.00 0.00 0.00 0.00 0.00 1.29 0.15 -0.20 2.01 0.46 -1.07 0.00 0.00 0.00 0.00 0.00 -0.42 -0.38 0.96 1.00 0.49 -0.84 0.00 0.00 0.00 0.00 0.00 0.26 -0.09 -0.00 -0.11 -0.54 1.06 0.00 0.00 0.00 0.00 0.00 -0.54 0.20 1.54 0.51 -0.88 -0.12 0.00 0.00 0.00 0.00 0.00 -0.82 -0.95 -0.21 -0.46 -0.56 0.24 0.00 0.00 0.00 0.00 0.00 -0.36 2.53 1.14 0.66 0.06 -0.50 0.00 0.00 0.00 0.00 0.00 0.46 -1.11 -0.68 -0.31 1.68 1.01 0.00 0.00 0.00 0.00 0.00 0.64 0.40 -0.91 0.35 0.11 -0.52 0.00 0.00 0.00 0.00 0.00 -0.94 0.40 0.41 -0.03 -1.14 -0.89 0.00 0.00 0.00 0.00 0.00 -2.04 -0.47 -0.44 2.10 0.51 1.39 0.00 0.00 0.00 0.00 0.00 -0.26 0.91 0.66 0.06 0.27 1.60 0.00 0.00 0.00 0.00 0.00 2.48 -0.36 0.15 2.14 -0.54 -1.11 0.00 0.00 0.00 0.00 0.00 -1.86 -0.60 -1.00 0.85 -0.92 -0.79 0.00 0.00 0.00 0.00 0.00 -0.11 1.47 1.05 -0.74 1.22 1.08 0.00 0.00 0.00 0.00 0.00 -0.31 0.23 -0.66 0.90 -0.22 0.94 0.00 0.00 0.00 0.00 0.00 -0.68 -0.26 -2.50 0.60 0.20 1.60 0.00 0.00 0.00 0.00 0.00 0.09 0.37 0.60 -1.10 0.66 -1.64 0.00 0.00 0.00 0.00 0.00 0.49 -0.42 -0.52 0.66 0.98 0.11 0.00 0.00 0.00 0.00 0.00 0.60 0.01 0.80 1.30 -0.48 0.34 0.00 0.00 0.00 0.00 0.00 -0.49 -1.26 -1.66 0.40 0.14 -0.53 0.00 0.00 0.00 0.00 0.00 1.50 -1.46 -0.19 2.64 -0.72 2.49 0.00 0.00 0.00 0.00 0.00 0.47 1.61 0.02 -1.49 0.41 -0.29 0.00 0.00 0.00 0.00 0.00 1.61 -0.43 -0.80 -0.27 0.15 0.19 0.00 0.00 0.00 0.00 0.00 -2.08 -0.50 -0.12 0.52 0.00 -0.02 0.00 0.00 0.00 0.00 0.00 2.19 0.73 -0.50 -0.60 -0.14 -1.08 0.00 0.00 0.00 0.00 0.00 -1.33 -1.88 1.00 -1.21 0.09 -1.22 0.00 0.00 0.00 0.00 0.00 -0.63 -0.67 -0.13 1.20 0.63 -0.41 0.00 0.00 0.00 0.00 0.00 0.98 -0.36 -0.60 0.43 -0.01 0.48 0.00 0.00 0.00 0.00 0.00 -0.37 -1.66 -1.49 0.70 0.90 1.69 0.00 0.00 0.00 0.00 0.00 -0.13 1.19 -0.73 -0.93 -0.85 0.89 0.00 0.00 0.00 0.00 0.00 -0.21 0.04 0.54 -0.04 -0.56 0.80 0.00 0.00 0.00 0.00 0.00 1.60 -2.08 0.28 1.24 0.01 -0.82 0.00 0.00 0.00 0.00 0.00 1.23 0.98 0.30 -2.95 1.28 -0.49 0.00 0.00 0.00 0.00 0.00 1.49 -1.03 0.10 -0.61 0.53 0.26 0.00 0.00 0.00 0.00 0.00 0.07 -0.48 0.07 1.11 -0.83 0.80 0.00 0.00 0.00 0.00 0.00 0.00 0.90 -0.44 -0.10 0.87 0.46 0.00 0.00 0.00 0.00 0.00 0.00 -1.95 -1.42 0.13 -0.70 0.80 0.00 0.00 0.00 0.00 0.00 0.00 1.24 -2.24 0.82 -0.32 -0.32 0.00 0.00 0.00 0.00 0.00 0.00 -0.83 -2.11 0.35 -0.21 0.66 0.00 0.00 0.00 0.00 0.00 0.00 0.90 -2.46 0.90 -0.18 -0.79 0.00 0.00 0.00 0.00 0.00 0.00 -0.57 1.42 0.77 -1.30 0.00 0.00 0.00 0.00 0.00 0.00 0.00 -1.99 0.41 0.88 -1.90 0.00 0.00 0.00 0.00 0.00 0.00 0.00 0.08 0.35 0.87 0.41 0.00 0.00 0.00 0.00 0.00 0.00 0.00 1.97 1.71 0.16 0.15 0.00 0.00 0.00 0.00 0.00 0.00 0.00 -1.13 0.93 -0.36 0.34 0.00 0.00 0.00 0.00 0.00 0.00 0.00 -0.11 -0.26 0.89 -0.28 0.00 0.00 0.00 0.00 0.00 0.00 0.00 -0.41 0.20 -1.08 0.26 0.00 0.00 0.00 0.00 0.00 0.00 0.00 1.23 0.37 -0.83 0.64 0.00 0.00 0.00 0.00 0.00 0.00 0.00 1.11 1.61 -0.49 -2.07 0.00 0.00 0.00 0.00 0.00 0.00 0.00 0.00 0.36 0.31 -0.70 0.00 0.00 0.00 0.00 0.00 0.00 0.00 0.00 0.53 1.08 1.04 0.00 0.00 0.00 0.00 0.00 0.00 0.00 0.00 0.49 0.89 0.00 0.00 0.00 0.00 0.00 0.00 0.00 0.00 0.00 -1.08 0.56 0.00 0.00 0.00 0.00 0.00 0.00 0.00 0.00 0.00 0.02 -1.02 0.00 0.00 0.00 0.00
rain_type.data=0 0 0 0 0 0 0 0 0 0 0 0 0 0 0 0 0 0 0 0 0 0 0 0 0 0 0 0 0 0 0 0 0 0 0 0 0 0 0 1 0 0 0 0 0 0 0 0 0 1 1 0 0 0 0 0 0 0 0 0 1 1 0 0 0 0 0 0 0 0 0 1 1 0 0 0 0 0 0 0 0 0 1 1 1 0 0 0 0 0 0 0 0 1 1 1 0 0 0 0 0 0 0 1 1 1 1 0 0 0 0 0 0 0 1 1 1 1 0 0 0 0 0 0 0 1 1 1 1 0 0 0 0 0 0 0 1 1 1 1 0 0 0 0 0 0 0 1 1 1 1 0 0 0 0 0 0 0 1 1 1 1 0 0 0 0 0 0 0 1 1 1 1 0 0 0 0 0 0 0 1 1 1 1 0 0 0 0 0 0 0 1 1 1 1 1 0 0 0 0 0 0 2 1 1 1 1 0 0 0 0 0 0 2 1 1 1 1 0 0 0 0 0 0 2 1 1 1 1 0 0 0 0 0 0 2 2 1 1 1 0 0 0 0 0 1 2 2 1 1 1 0 0 0 0 0 1 2 2 1 1 1 0 0 0 0 0 2 2 2 1 1 1 0 0 0 0 0 2 2 2 1 1 1 0 0 0 0 0 2 2 2 1 1 1 0 0 0 0 0 2 2 2 1 1 1 0 0 0 0 0 2 2 2 1 1 1 0 0 0 0 0 2 2 2 1 1 1 0 0 0 0 0 2 2 2 1 1 1 0 0 0 0 0 2 2 2 1 1 1 0 0 0 0 0 2 2 2 1 1 1 0 0 0 0 0 2 2 2 1 1 1 0 0 0 0 0 2 2 2 1 1 1 0 0 0 0 0 2 2 2 1 1 1 0 0 0 0 0 2 2 2 1 1 1 0 0 0 0 0 2 2 2 1 1 1 0 0 0 0 0 2 2 2 1 1 1 0 0 0 0 0 2 2 2 1 1 1 0 0 0 0 0 2 2 2 1 1 1 0 0 0 0 0 2 2 2 1 1 1 0 0 0 0 0 2 2 2 1 1 1 0 0 0 0 0 2 2 2 1 1 1 0 0 0 0 0 2 2 2 1 1 1 0 0 0 0 0 2 2 2 1 1 1 0 0 0 0 0 2 2 2 1 1 1 0 0 0 0 0 2 2 2 1 1 1 0 0 0 0 0 2 2 2 1 1 1 0 0 0 0 0 2 2 2 1 1 1 0 0 0 0 0 2 2 2 1 1 1 0 0 0 0 0 1 2 2 1 1 1 0 0 0 0 0 1 2 2 1 1 1 0 0 0 0 0 1 2 2 1 1 1 0 0 0 0 0 1 2 2 1 1 1 0 0 0 0 0 1 2 1 1 1 1 0 0 0 0 0 1 2 1 1 1 1 0 0 0 0 0 1 2 1 1 1 1 0 0 0 0 0 1 1 1 1 1 1 0 0 0 0 0 1 1 1 1 1 1 0 0 0 0 0 1 1 1 1 1 1 0 0 0 0 0 1 1 1 1 1 1 0 0 0 0 0 1 1 1 1 1 1 0 0 0 0 0 0 1 1 1 1 1 0 0 0 0 0 0 1 1 1 1 1 0 0 0 0 0 0 1 1 1 1 1 0 0 0 0 0 0 1 1 1 1 1 0 0 0 0 0 0 1 1 1 1 1 0 0 0 0 0 0 1 1 1 1 0 0 0 0 0 0 0 1 1 1 1 0 0 0 0 0 0 0 1 1 1 1 0 0 0 0 0 0 0 1 1 1 1 0 0 0 0 0 0 0 1 1 1 1 0 0 0 0 0 0 0 1 1 1 1 0 0 0 0 0 0 0 1 1 1 1 0 0 0 0 0 0 0 1 1 1 1 0 0 0 0 0 0 0 1 1 1 1 0 0 0 0 0 0 0 0 1 1 1 0 0 0 0 0 0 0 0 1 1 1 0 0 0 0 0 0 0 0 1 1 0 0 0 0 0 0 0 0 0 1 1 0 0 0 0 0 0 0 0 0 1 1 0 0 0 0
estimated_attenuation.size=902
estimated_attenuation.data=0.00 0.00 0.00 0.00 0.00 0.00 0.00 0.00 0.00 0.00 0.00 0.00 0.00 0.00 0.00 0.00 0.00 0.00 0.00 0.00 0.00 0.00 0.00 0.00 0.00 0.00 0.00 0.00 0.00 0.00 0.00 0.00 0.00 0.00 0.00 0.00 0.00 0.00 0.00 0.00 0.00 0.00 0.00 0.00 0.00 0.00 0.00 0.00 0.00 0.00 0.00 0.00 0.00 0.00 0.00 0.00 0.00 0.00 0.00 0.00 0.00 0.00 0.00 0.00 0.00 0.00 0.00 0.00 0.00 0.00 0.00 0.00 0.00 0.00 0.00 0.00 0.00 0.00 0.00 0.00 0.00 0.00 0.00 0.00 0.00 0.00 0.00 0.00 0.00 0.00 0.00 0.00 0.00 0.00 0.00 0.00 0.00 0.00 0.00 0.00 0.00 0.00 0.00 0.00 0.00 0.00 0.00 0.00 0.00 0.00 0.00 0.00 0.00 0.00 0.00 0.00 0.00 0.00 0.00 0.00 0.00 0.00 0.00 0.00 0.00 0.00 0.00 0.00 0.00 0.00 0.00 0.00 0.00 0.00 0.00 0.00 0.00 0.00 0.00 0.00 0.00 0.00 0.00 0.00 0.00 0.00 0.00 0.00 0.00 0.00 0.00 0.00 0.00 0.00 0.00 0.00 0.00 0.00 0.00 0.00 0.00 0.00 0.00 0.00 0.00 0.00 0.00 0.00 0.00 0.00 0.00 0.00 0.00 0.00 0.00 0.00 0.00 0.00 0.00 0.00 0.00 0.00 0.00 0.00 0.00 0.00 0.00 0.00 0.00 0.00 0.00 0.00 0.00 0.00 0.00 0.00 0.00 0.00 0.00 0.00 0.00 0.00 0.00 0.00 0.00 0.00 0.00 0.00 0.00 0.00 0.00 0.00 0.00 0.00 0.00 0.00 0.00 0.00 0.00 0.00 0.00 0.00 0.00 0.00 0.00 0.00 0.00 0.00 0.00 0.00 0.00 0.00 0.00 0.00 0.00 0.00 0.00 0.00 0.00 0.00 0.00 0.00 0.00 0.00 0.00 0.00 0.00 0.00 0.00 0.00 0.00 0.00 0.00 0.00 0.00 0.00 0.00 0.00 0.00 0.00 0.00 0.00 0.00 0.00 0.00 0.00 0.00 0.00 0.00 0.00 0.00 0.00 0.00 0.00 0.00 0.00 0.00 0.00 0.00 0.00 0.00 0.00 0.00 0.00 0.00 0.00 0.00 0.00 0.00 0.00 0.00 0.00 0.00 0.00 0.00 0.00 0.00 0.00 0.00 0.00 0.00 0.00 0.00 0.00 0.00 0.00 0.00 0.00 0.00 0.00 0.00 0.00 0.00 0.00 0.00 0.00 0.00 0.00 0.00 0.00 0.00 0.00 0.00 0.00 0.00 0.00 0.00 0.00 0.00 0.00 0.00 0.00 0.00 0.00 0.00 0.00 0.00 0.00 0.00 0.00 0.00 0.00 0.00 0.00 0.00 0.00 0.00 0.00 0.00 0.00 0.00 0.00 0.00 0.00 0.00 0.00 0.00 0.00 0.00 0.00 0.00 0.00 0.00 0.00 0.00 0.00 0.00 0.00 0.00 0.00 0.00 0.00 0.00 0.00 0.00 0.00 0.00 0.00 0.00 0.00 0.00 0.00 0.00 0.00 0.00 0.00 0.00 0.00 0.00 0.00 0.00 0.00 0.00 0.00 0.00 0.00 0.00 0.00 0.00 0.00 0.00 0.00 0.00 0.00 0.00 0.00 0.00 0.00 0.00 0.00 0.00 0.00 0.00 0.00 0.00 0.00 0.00 0.00 0.00 0.00 0.00 0.00 0.00 0.00 0.00 0.00 0.00 0.00 0.00 0.00 0.00 0.00 0.00 0.00 0.00 0.00 0.00 0.00 0.00 0.00 0.00 0.00 0.00 0.00 0.00 0.00 0.00 0.00 0.00 0.00 0.00 0.00 0.00 0.00 0.00 0.00 0.00 0.00 0.00 0.00 0.00 0.00 0.00 0.00 0.00 0.00 0.00 0.00 0.00 0.00 0.00 0.00 0.00 0.00 0.00 0.00 0.00 0.00 0.00 0.00 0.00 0.00 0.00 0.00 0.00 0.00 0.00 0.00 0.00 0.00 0.00 0.00 0.00 0.00 0.00 0.00 0.00 0.00 0.00 0.00 0.00 0.00 0.00 0.00 0.00 0.00 0.00 0.00 0.00 0.00 0.00 0.00 0.00 0.00 0.00 0.00 0.00 0.00 0.00 0.00 0.00 0.00 0.00 0.00 0.00 0.00 0.00 0.00 0.00 0.00 0.00 0.00 0.00 0.00 0.00 0.00 0.00 0.00 0.00 0.00 0.00 0.00 0.00 0.00 0.00 0.00 0.00 0.00 0.00 0.00 0.00 0.00 0.00 0.00 0.00 0.00 0.00 0.00 0.00 0.00 0.00 0.00 0.00 0.00 0.00 0.00 0.00 0.00 0.00 0.00 0.00 0.00 0.00 0.00 0.00 0.00 0.00 0.00 0.00 0.00 0.00 0.00 0.00 0.00 0.00 0.00 0.00 0.00 0.00 0.00 0.00 0.00 0.00 0.00 0.00 0.00 0.00 0.00 0.00 0.00 0.00 0.00 0.00 0.00 0.00 0.00 0.00 0.00 0.00 0.00 0.00 0.00 0.00 0.00 0.00 0.00 0.00 0.00 0.00 0.00 0.00 0.00 0.00 0.00 0.00 0.00 0.00 0.00 0.00 0.00 0.00 0.00 0.00 0.00 0.00 0.00 0.00 0.00 0.00 0.00 0.00 0.00 0.00 0.00 0.00 0.00 0.00 0.00 0.00 0.00 0.00 0.00 0.00 0.00 0.00 0.00 0.00 0.00 0.00 0.00 0.00 0.00 0.00 0.00 0.00 0.00 0.00 0.00 0.00 0.00 0.00 0.00 0.00 0.00 0.00 0.00 0.00 0.00 0.00 0.00 0.00 0.00 0.00 0.00 0.00 0.00 0.00 0.00 0.00 0.00 0.00 0.00 0.00 0.00 0.00 0.00 0.00 0.00 0.00 0.00 0.00 0.00 0.00 0.00 0.00 0.00 0.00 0.00 0.00 0.00 0.00 0.00 0.00 0.00 0.00 0.00 0.00 0.00 0.00 0.00 0.00 0.00 0.00 0.00 0.00 0.00 0.00 0.00 0.00 0.00 0.00 0.00 0.00 0.00 0.00 0.00 0.00 0.00 0.00 0.00 0.00 0.00 0.00 0.00 0.00 0.00 0.00 0.00 0.00 0.00 0.00 0.00 0.00 0.00 0.00 0.00 0.00 0.00 0.00 0.00 0.00 0.00 0.00 0.00 0.00 0.00 0.00 0.00 0.00 0.00 0.00 0.00 0.00 0.00 0.00 0.00 0.00 0.00 0.00 0.00 0.00 0.00 0.00 0.00 0.00 0.00 0.00 0.00 0.00 0.00 0.00 0.00 0.00 0.00 0.00 0.00 0.00 0.00 0.00 0.00 0.00 0.00 0.00 0.00 0.00 0.00 0.00 0.00 0.00 0.00 0.00 0.00 0.00 0.00 0.00 0.00 0.00 0.00 0.00 0.00 0.00 0.00 0.00 0.00 0.00 0.00 0.00 0.00 0.00 0.00 0.00 0.00 0.00 0.00 0.00 0.00 0.00 0.00 0.00 0.00 0.00 0.00 0.00 0.00 0.00 0.00 0.00 0.00 0.00 0.00 0.00 0.00 0.00 0.00 0.00 0.00 0.00 0.00 0.00 0.00 0.00 0.00 0.00 0.00 0.00 0.00 0.00 0.00 0.00 0.00 0.00 0.00 0.00 0.00 0.00 0.00 0.00 0.00 0.00 0.00 0.00 0.00 0.00 0.00 0.00 0.00 0.00 0.00 0.00 0.00 0.00 0.00 0.00 0.00 0.00 0.00 0.00 0.00 0.00 0.00 0.00 0.00
height.size=902
height.data=20415.10 20415.10 20415.10 20415.10 20415.10 20415.10 20415.10 20415.10 20415.10 20415.10 20415.10 20446.39 20446.39 20446.39 20446.39 20446.39 20446.39 20446.39 20446.39 20446.39 20446.39 20446.39 20477.69 20477.69 20477.69 20477.69 20477.69 20477.69 20477.69 20477.69 20477.69 20477.69 20477.69 20508.99 20508.99 20508.99 20508.99 20508.99 20508.99 20508.99 20508.99 20508.99 20508.99 20508.99 20540.31 20540.31 20540.31 20540.31 20540.31 20540.31 20540.31 20540.31 20540.31 20540.31 20540.31 20571.63 20571.63 20571.63 20571.63 20571.63 20571.63 20571.63 20571.63 20571.63 20571.63 20571.63 20602.95 20602.95 20602.95 20602.95 20602.95 20602.95 20602.95 20602.95 20602.95 20602.95 20602.95 20634.29 20634.29 20634.29 20634.29 20634.29 20634.29 20634.29 20634.29 20634.29 20634.29 20634.29 20665.63 20665.63 20665.63 20665.63 20665.63 20665.63 20665.63 20665.63 20665.63 20665.63 20665.63 20696.98 20696.98 20696.98 20696.98 20696.98 20696.98 20696.98 20696.98 20696.98 20696.98 20696.98 20728.34 20728.34 20728.34 20728.34 20728.34 20728.34 20728.34 20728.34 20728.34 20728.34 20728.34 20759.70 20759.70 20759.70 20759.70 20759.70 20759.70 20759.70 20759.70 20759.70 20759.70 20759.70 20791.07 20791.07 20791.07 20791.07 20791.07 20791.07 20791.07 20791.07 20791.07 20791.07 20791.07 20822.45 20822.45 20822.45 20822.45 20822.45 20822.45 20822.45 20822.45 20822.45 20822.45 20822.45 20853.84 20853.84 20853.84 20853.84 20853.84 20853.84 20853.84 20853.84 20853.84 20853.84 20853.84 20885.23 20885.23 20885.23 20885.23 20885.23 20885.23 20885.23 20885.23 20885.23 20885.23 20885.23 20916.63 20916.63 20916.63 20916.63 20916.63 20916.63 20916.63 20916.63 20916.63 20916.63 20916.63 20948.04 20948.04 20948.04 20948.04 20948.04 20948.04 20948.04 20948.04 20948.04 20948.04 20948.04 20979.45 20979.45 20979.45 20979.45 20979.45 20979.45 20979.45 20979.45 20979.45 20979.45 20979.45 21010.87 21010.87 21010.87 21010.87 21010.87 21010.87 21010.87 21010.87 21010.87 21010.87 21010.87 21042.30 21042.30 21042.30 21042.30 21042.30 21042.30 21042.30 21042.30 21042.30 21042.30 21042.30 21073.74 21073.74 21073.74 21073.74 21073.74 21073.74 21073.74 21073.74 21073.74 21073.74 21073.74 21105.18 21105.18 21105.18 21105.18 21105.18 21105.18 21105.18 21105.18 21105.18 21105.18 21105.18 21136.63 21136.63 21136.63 21136.63 21136.63 21136.63 21136.63 21136.63 21136.63 21136.63 21136.63 21168.09 21168.09 21168.09 21168.09 21168.09 21168.09 21168.09 21168.09 21168.09 21168.09 21168.09 21199.56 21199.56 21199.56 21199.56 21199.56 21199.56 21199.56 21199.56 21199.56 21199.56 21199.56 21231.03 21231.03 21231.03 21231.03 21231.03 21231.03 21231.03 21231.03 21231.03 21231.03 21231.03 21262.51 21262.51 21262.51 21262.51 21262.51 21262.51 21262.51 21262.51 21262.51 21262.51 21262.51 21293.99 21293.99 21293.99 21293.99 21293.99 21293.99 21293.99 21293.99 21293.99 21293.99 21293.99 21325.49 21325.49 21325.49 21325.49 21325.49 21325.49 21325.49 21325.49 21325.49 21325.49 21325.49 21356.99 21356.99 21356.99 21356.99 21356.99 21356.99 21356.99 21356.99 21356.99 21356.99 21356.99 21388.50 21388.50 21388.50 21388.50 21388.50 21388.50 21388.50 21388.50 21388.50 21388.50 21388.50 21420.01 21420.01 21420.01 21420.01 21420.01 21420.01 21420.01 21420.01 21420.01 21420.01 21420.01 21451.54 21451.54 21451.54 21451.54 21451.54 21451.54 21451.54 21451.54 21451.54 21451.54 21451.54 21483.07 21483.07 21483.07 21483.07 21483.07 21483.07 21483.07 21483.07 21483.07 21483.07 21483.07 21514.60 21514.60 21514.60 21514.60 21514.60 21514.60 21514.60 21514.60 21514.60 21514.60 21514.60 21546.15 21546.15 21546.15 21546.15 21546.15 21546.15 21546.15 21546.15 21546.15 21546.15 21546.15 21577.70 21577.70 21577.70 21577.70 21577.70 21577.70 21577.70 21577.70 21577.70 21577.70 21577.70 21609.26 21609.26 21609.26 21609.26 21609.26 21609.26 21609.26 21609.26 21609.26 21609.26 21609.26 21640.83 21640.83 21640.83 21640.83 21640.83 21640.83 21640.83 21640.83 21640.83 21640.83 21640.83 21672.40 21672.40 21672.40 21672.40 21672.40 21672.40 21672.40 21672.40 21672.40 21672.40 21672.40 21703.98 21703.98 21703.98 21703.98 21703.98 21703.98 21703.98 21703.98 21703.98 21703.98 21703.98 21735.57 21735.57 21735.57 21735.57 21735.57 21735.57 21735.57 21735.57 21735.57 21735.57 21735.57 21767.16 21767.16 21767.16 21767.16 21767.16 21767.16 21767.16 21767.16 21767.16 21767.16 21767.16 21798.77 21798.77 21798.77 21798.77 21798.77 21798.77 21798.77 21798.77 21798.77 21798.77 21798.77 21830.38 21830.38 21830.38 21830.38 21830.38 21830.38 21830.38 21830.38 21830.38 21830.38 21830.38 21861.99 21861.99 21861.99 21861.99 21861.99 21861.99 21861.99 21861.99 21861.99 21861.99 21861.99 21893.62 21893.62 21893.62 21893.62 21893.62 21893.62 21893.62 21893.62 21893.62 21893.62 21893.62 21925.25 21925.25 21925.25 21925.25 21925.25 21925.25 21925.25 21925.25 21925.25 21925.25 21925.25 21956.89 21956.89 21956.89 21956.89 21956.89 21956.89 21956.89 21956.89 21956.89 21956.89 21956.89 21988.53 21988.53 21988.53 21988.53 21988.53 21988.53 21988.53 21988.53 21988.53 21988.53 21988.53 22020.18 22020.18 22020.18 22020.18 22020.18 22020.18 22020.18 22020.18 22020.18 22020.18 22020.18 22051.84 22051.84 22051.84 22051.84 22051.84 22051.84 22051.84 22051.84 22051.84 22051.84 22051.84 22083.51 22083.51 22083.51 22083.51 22083.51 22083.51 22083.51 22083.51 22083.51 22083.51 22083.51 22115.19 22115.19 22115.19 22115.19 22115.19 22115.19 22115.19 22115.19 22115.19 22115.19 22115.19 22146.87 22146.87 22146.87 22146.87 22146.87 22146.87 22146.87 22146.87 22146.87 22146.87 22146.87 22178.56 22178.56 22178.56 22178.56 22178.56 22178.56 22178.56 22178.56 22178.56 22178.56 22178.56 22210.25 22210.25 22210.25 22210.25 22210.25 22210.25 22210.25 22210.25 22210.25 22210.25 22210.25 22241.96 22241.96 22241.96 22241.96 22241.96 22241.96 22241.96 22241.96 22241.96 22241.96 22241.96 22273.67 22273.67 22273.67 22273.67 22273.67 22273.67 22273.67 22273.67 22273.67 22273.67 22273.67 22305.38 22305.38 22305.38 22305.38 22305.38 22305.38 22305.38 22305.38 22305.38 22305.38 22305.38 22337.11 22337.11 22337.11 22337.11 22337.11 22337.11 22337.11 22337.11 22337.11 22337.11 22337.11 22368.84 22368.84 22368.84 22368.84 22368.84 22368.84 22368.84 22368.84 22368.84 22368.84 22368.84 22400.58 22400.58 22400.58 22400.58 22400.58 22400.58 22400.58 22400.58 22400.58 22400.58 22400.58 22432.33 22432.33 22432.33 22432.33 22432.33 22432.33 22432.33 22432.33 22432.33 22432.33 22432.33 22464.08 22464.08 22464.08 22464.08 22464.08 22464.08 22464.08 22464.08 22464.08 22464.08 22464.08 22495.84 22495.84 22495.84 22495.84 22495.84 22495.84 22495.84 22495.84 22495.84 22495.84 22495.84 22527.61 22527.61 22527.61 22527.61 22527.61 22527.61 22527.61 22527.61 22527.61 22527.61 22527.61 22559.39 22559.39 22559.39 22559.39 22559.39 22559.39 22559.39 22559.39 22559.39 22559.39 22559.39 22591.17 22591.17 22591.17 22591.17 22591.17 22591.17 22591.17 22591.17 22591.17 22591.17 22591.17 22622.96 22622.96 22622.96 22622.96 22622.96 22622.96 22622.96 22622.96 22622.96 22622.96 22622.96 22654.76 22654.76 22654.76 22654.76 22654.76 22654.76 22654.76 22654.76 22654.76 22654.76 22654.76 22686.56 22686.56 22686.56 22686.56 22686.56 22686.56 22686.56 22686.56 22686.56 22686.56 22686.56 22718.37 22718.37 22718.37 22718.37 22718.37 22718.37 22718.37 22718.37 22718.37 22718.37 22718.37 22750.19 22750.19 22750.19 22750.19 22750.19 22750.19 22750.19 22750.19 22750.19 22750.19 22750.19 22782.02 22782.02 22782.02 22782.02 22782.02 22782.02 22782.02 22782.02 22782.02 22782.02 22782.02 22813.85 22813.85 22813.85 22813.85 22813.85 22813.85 22813.85 22813.85 22813.85 22813.85 22813.85 22845.69 22845.69 22845.69 22845.69 22845.69 22845.69 22845.69 22845.69 22845.69 22845.69 22845.69 22877.54 22877.54 22877.54 22877.54 22877.54 22877.54 22877.54 22877.54 22877.54 22877.54 22877.54 22909.40 22909.40 22909.40 22909.40 22909.40 22909.40 22909.40 22909.40 22909.40 22909.40 22909.40 22941.26 22941.26 22941.26 22941.26 22941.26 22941.26 22941.26 22941.26 22941.26 22941.26 22941.26 22973.13 22973.13 22973.13 22973.13 22973.13 22973.13 22973.13 22973.13 22973.13 22973.13 22973.13
=== END RADAR_SCAN ===

=== BEGIN RADAR_SCAN ===
scan.index=12
scan.time=123.670000
radar.id=0
radar.frequency=C
radar.scanning_mode=PPI
radar.x=0.000
radar.y=0.000
radar.z=25.000
radar.maximum_range=250000.000
radar.range_resolution=250.000
radar.angular_resolution=1.000000
box.radar_id=0
box.min_range_gate=708.000
box.max_range_gate=789.000
box.min_angle=100.000000
box.max_angle=111.000000
box.num_ranges=82
box.num_angles=11
box.range_resolution=250.000
box.angular_resolution=1.000000
box.other_angle=2.800000
grid.size=902
grid.data=0.00 0.00 0.00 0.00 0.00 0.00 0.00 0.00 0.00 0.00 0.00 0.00 0.00 0.00 0.00 0.00 0.00 0.00 0.00 0.00 0.00 0.00 0.00 0.00 0.00 0.00 0.00 0.00 -2.32 0.00 0.00 0.00 0.00 0.00 0.00 0.00 0.00 0.00 -1.36 -0.65 0.00 0.00 0.00 0.00 0.00 0.00 0.00 0.00 0.00 -0.42 0.59 0.00 0.00 0.00 0.00 0.00 0.00 0.00 0.00 0.00 0.60 -0.68 0.00 0.00 0.00 0.00 0.00 0.00 0.00 0.00 0.00 -1.18 -0.58 1.74 0.00 0.00 0.00 0.00 0.00 0.00 0.00 0.00 1.40 -0.35 -0.14 0.00 0.00 0.00 0.00 0.00 0.00 0.00 -1.94 -0.86 0.19 1.44 0.00 0.00 0.00 0.00 0.00 0.00 0.00 1.65 -0.09 0.02 0.37 0.00 0.00 0.00 0.00 0.00 0.00 0.00 -0.44 -2.50 0.81 -0.91 0.00 0.00 0.00 0.00 0.00 0.00 0.00 -1.25 -1.11 -0.35 -0.08 0.00 0.00 0.00 0.00 0.00 0.00 0.00 -0.02 0.04 -1.67 2.40 0.00 0.00 0.00 0.00 0.00 0.00 0.00 2.34 -0.84 -0.21 0.42 0.00 0.00 0.00 0.00 0.00 0.00 0.00 0.93 -0.31 0.38 1.29 0.00 0.00 0.00 0.00 0.00 0.00 0.00 -1.36 -1.67 -0.31 0.53 0.00 0.00 0.00 0.00 0.00 0.00 0.00 1.67 -0.73 0.49 0.16 0.15 0.00 0.00 0.00 0.00 0.00 0.00 -1.73 -0.80 0.73 -0.60 0.26 0.00 0.00 0.00 0.00 0.00 0.00 1.04 0.81 0.40 -0.14 0.71 0.00 0.00 0.00 0.00 0.00 0.00 -0.10 -1.48 0.07 0.51 0.46 0.00 0.00 0.00 0.00 0.00 -0.91 0.42 -0.32 1.14 -0.55 -1.62 0.00 0.00 0.00 0.00 0.00 1.89 -0.49 1.16 1.14 0.56 -1.17 0.00 0.00 0.00 0.00 0.00 0.50 0.08 -1.29 0.13 0.95 0.03 0.00 0.00 0.00 0.00 0.00 -0.60 -2.56 -1.07 0.26 0.33 -0.79 0.00 0.00 0.00 0.00 0.00 0.77 1.85 -0.87 -1.17 -0.04 0.42 0.00 0.00 0.00 0.00 0.00 0.27 -0.11 0.01 0.57 -0.39 -0.12 0.00 0.00 0.00 0.00 0.00 0.74 -0.31 -0.37 -0.62 0.18 1.27 0.00 0.00 0.00 0.00 0.00 -0.22 0.00 0.06 -0.05 0.39 0.36 0.00 0.00 0.00 0.00 0.00 1.17 -0.71 -0.37 -1.46 -0.51 1.01 0.00 0.00 0.00 0.00 0.00 0.14 0.39 -0.47 -0.56 1.33 0.37 0.00 0.00 0.00 0.00 0.00 -0.39 0.98 0.31 -0.67 -0.17 0.97 0.00 0.00 0.00 0.00 0.00 -0.06 -0.42 0.86 -1.37 0.65 0.20 0.00 0.00 0.00 0.00 0.00 -0.59 0.86 -1.04 0.69 1.22 1.20 0.00 0.00 0.00 0.00 0.00 -1.19 -1.19 -1.57 0.26 0.84 -0.12 0.00 0.00 0.00 0.00 0.00 1.47 1.75 1.44 -0.00 -0.32 -0.07 0.00 0.00 0.00 0.00 0.00 0.29 -0.53 -0.26 -0.33 -2.04 1.20 0.00 0.00 0.00 0.00 0.00 -0.45 -1.16 0.27 -0.55 -0.25 0.19 0.00 0.00 0.00 0.00 0.00 -1.34 0.84 -0.32 0.92 0.44 -1.21 0.00 0.00 0.00 0.00 0.00 2.15 -0.70 -0.25 -0.09 0.76 -0.40 0.00 0.00 0.00 0.00 0.00 -1.44 0.36 2.40 0.12 -1.40 1.30 0.00 0.00 0.00 0.00 0.00 0.18 -2.58 0.32 -0.12 -2.62 -0.94 0.00 0.00 0.00 0.00 0.00 2.18 1.56 -0.03 -1.87 -0.14 -1.16 0.00 0.00 0.00 0.00 0.00 1.34 -1.12 0.10 0.38 -0.40 -2.27 0.00 0.00 0.00 0.00 0.00 -0.59 -1.21 0.28 2.20 0.34 -0.77 0.00 0.00 0.00 0.00 0.00 1.31 1.67 -0.40 1.29 -1.11 -0.15 0.00 0.00 0.00 0.00 0.00 -0.44 0.45 1.34 -0.21 -1.52 0.69 0.00 0.00 0.00 0.00 0.00 0.83 -0.15 0.07 0.01 0.28 1.87 0.00 0.00 0.00 0.00 0.00 -1.33 -2.06 0.11 -0.62 1.17 0.90 0.00 0.00 0.00 0.00 0.00 0.47 -1.12 -2.35 -0.70 -0.93 -0.41 0.00 0.00 0.00 0.00 0.00 0.87 -1.16 0.13 1.31 -0.92 -1.45 0.00 0.00 0.00 0.00 0.00 -1.23 1.56 0.58 0.90 2.15 1.50 0.00 0.00 0.00 0.00 0.00 -0.46 0.05 -0.57 0.78 1.04 -0.22 0.00 0.00 0.00 0.00 0.00 1.36 0.48 -0.33 0.53 -0.30 0.59 0.00 0.00 0.00 0.00 0.00 0.36 2.28 -0.94 0.04 -0.72 0.14 0.00 0.00 0.00 0.00 0.00 -1.16 -0.43 -1.44 0.67 0.89 0.57 0.00 0.00 0.00 0.00 0.00 2.34 1.54 0.70 -0.27 -0.26 -0.98 0.00 0.00 0.00 0.00 0.00 0.02 0.94 0.16 -0.63 1.28 0.13 0.00 0.00 0.00 0.00 0.00 -2.33 -0.50 -0.92 -0.29 -0.67 1.10 0.00 0.00 0.00 0.00 0.00 0.85 1.10 -1.24 0.65 0.01 -1.23 0.00 0.00 0.00 0.00 0.00 0.57 -0.21 0.98 -1.96 -1.58 0.74 0.00 0.00 0.00 0.00 0.00 0.07 -0.09 -0.27 -0.76 -0.08 0.79 0.00 0.00 0.00 0.00 0.00 -0.08 -1.29 -0.17 0.16 1.47 -1.31 0.00 0.00 0.00 0.00 0.00 0.00 -1.14 -0.38 0.16 -0.75 0.87 0.00 0.00 0.00 0.00 0.00 0.00 -1.40 0.72 -0.97 -0.28 1.77 0.00 0.00 0.00 0.00 0.00 0.00 -0.00 -1.23 -0.62 0.74 -0.92 0.00 0.00 0.00 0.00 0.00 0.00 -0.57 0.96 2.02 -0.25 -0.52 0.00 0.00 0.00 0.00 0.00 0.00 1.04 0.78 -1.51 -1.29 0.30 0.00 0.00 0.00 0.00 0.00 0.00 -0.30 1.02 -0.68 0.35 0.00 0.00 0.00 0.00 0.00 0.00 0.00 -0.12 1.13 0.01 -2.06 0.00 0.00 0.00 0.00 0.00 0.00 0.00 0.77 -0.35 0.49 -0.20 0.00 0.00 0.00 0.00 0.00 0.00 0.00 -0.15 1.70 0.35 0.55 0.00 0.00 0.00 0.00 0.00 0.00 0.00 0.77 0.60 0.29 1.17 0.00 0.00 0.00 0.00 0.00 0.00 0.00 1.71 1.35 -0.47 0.35 0.00 0.00 0.00 0.00 0.00 0.00 0.00 0.51 -0.74 2.36 -0.28 0.00 0.00 0.00 0.00 0.00 0.00 0.00 0.63 -0.37 -1.56 -1.22 0.00 0.00 0.00 0.00 0.00 0.00 0.00 0.55 0.49 1.83 -0.54 0.00 0.00 0.00 0.00 0.00 0.00 0.00 0.00 -1.64 -0.16 1.02 0.00 0.00 0.00 0.00 0.00 0.00 0.00 0.00 0.62 0.42 0.34 0.00 0.00 0.00 0.00 0.00 0.00 0.00 0.00 -0.60 0.78 0.00 0.00 0.00 0.00 0.00 0.00 0.00 0.00 0.00 -0.19 -0.99 0.00 0.00 0.00 0.00 0.00 0.00 0.00 0.00 0.00 0.41 -0.63 0.00 0.00 0.00 0.00 0.00 0.00 0.00 0.00 0.00 0.00 0.94 0.00 0.00 0.00 0.00
rain_type.data=0 0 0 0 0 0 0 0 0 0 0 0 0 0 0 0 0 0 0 0 0 0 0 0 0 0 0 0 1 0 0 0 0 0 0 0 0 0 1 1 0 0 0 0 0 0 0 0 0 1 1 0 0 0 0 0 0 0 0 0 1 1 0 0 0 0 0 0 0 0 0 1 1 1 0 0 0 0 0 0 0 0 1 1 1 0 0 0 0 0 0 0 1 1 1 1 0 0 0 0 0 0 0 1 1 1 1 0 0 0 0 0 0 0 1 1 1 1 0 0 0 0 0 0 0 1 1 1 1 0 0 0 0 0 0 0 1 1 1 1 0 0 0 0 0 0 0 1 1 1 1 0 0 0 0 0 0 0 1 1 1 1 0 0 0 0 0 0 0 1 1 1 1 0 0 0 0 0 0 0 1 1 1 1 1 0 0 0 0 0 0 2 1 1 1 1 0 0 0 0 0 0 2 1 1 1 1 0 0 0 0 0 0 2 1 1 1 1 0 0 0 0 0 1 2 2 1 1 1 0 0 0 0 0 1 2 2 1 1 1 0 0 0 0 0 1 2 2 1 1 1 0 0 0 0 0 2 2 2 1 1 1 0 0 0 0 0 2 2 2 1 1 1 0 0 0 0 0 2 2 2 1 1 1 0 0 0 0 0 2 2 2 1 1 1 0 0 0 0 0 2 2 2 1 1 1 0 0 0 0 0 2 2 2 1 1 1 0 0 0 0 0 2 2 2 1 1 1 0 0 0 0 0 2 2 2 1 1 1 0 0 0 0 0 2 2 2 1 1 1 0 0 0 0 0 2 2 2 1 1 1 0 0 0 0 0 2 2 2 1 1 1 0 0 0 0 0 2 2 2 1 1 1 0 0 0 0 0 2 2 2 1 1 1 0 0 0 0 0 2 2 2 1 1 1 0 0 0 0 0 2 2 2 1 1 1 0 0 0 0 0 2 2 2 1 1 1 0 0 0 0 0 2 2 2 1 1 1 0 0 0 0 0 2 2 2 1 1 1 0 0 0 0 0 2 2 2 1 1 1 0 0 0 0 0 2 2 2 1 1 1 0 0 0 0 0 2 2 2 1 1 1 0 0 0 0 0 2 2 2 1 1 1 0 0 0 0 0 2 2 2 1 1 1 0 0 0 0 0 2 2 2 1 1 1 0 0 0 0 0 2 2 2 1 1 1 0 0 0 0 0 2 2 2 1 1 1 0 0 0 0 0 2 2 2 1 1 1 0 0 0 0 0 1 2 2 1 1 1 0 0 0 0 0 1 2 2 1 1 1 0 0 0 0 0 1 2 2 1 1 1 0 0 0 0 0 1 2 1 1 1 1 0 0 0 0 0 1 2 1 1 1 1 0 0 0 0 0 1 2 1 1 1 1 0 0 0 0 0 1 2 1 1 1 1 0 0 0 0 0 1 1 1 1 1 1 0 0 0 0 0 1 1 1 1 1 1 0 0 0 0 0 1 1 1 1 1 1 0 0 0 0 0 1 1 1 1 1 1 0 0 0 0 0 1 1 1 1 1 1 0 0 0 0 0 0 1 1 1 1 1 0 0 0 0 0 0 1 1 1 1 1 0 0 0 0 0 0 1 1 1 1 1 0 0 0 0 0 0 1 1 1 1 1 0 0 0 0 0 0 1 1 1 1 1 0 0 0 0 0 0 1 1 1 1 0 0 0 0 0 0 0 1 1 1 1 0 0 0 0 0 0 0 1 1 1 1 0 0 0 0 0 0 0 1 1 1 1 0 0 0 0 0 0 0 1 1 1 1 0 0 0 0 0 0 0 1 1 1 1 0 0 0 0 0 0 0 1 1 1 1 0 0 0 0 0 0 0 1 1 1 1 0 0 0 0 0 0 0 1 1 1 1 0 0 0 0 0 0 0 0 1 1 1 0 0 0 0 0 0 0 0 1 1 1 0 0 0 0 0 0 0 0 1 1 0 0 0 0 0 0 0 0 0 1 1 0 0 0 0 0 0 0 0 0 1 1 0 0 0 0 0 0 0 0 0 0 1 0 0 0 0
estimated_attenuation.size=902
estimated_attenuation.data=0.00 0.00 0.00 0.00 0.00 0.00 0.00 0.00 0.00 0.00 0.00 0.00 0.00 0.00 0.00 0.00 0.00 0.00 0.00 0.00 0.00 0.00 0.00 0.00 0.00 0.00 0.00 0.00 0.00 0.00 0.00 0.00 0.00 0.00 0.00 0.00 0.00 0.00 0.00 0.00 0.00 0.00 0.00 0.00 0.00 0.00 0.00 0.00 0.00 0.00 0.00 0.00 0.00 0.00 0.00 0.00 0.00 0.00 0.00 0.00 0.00 0.00 0.00 0.00 0.00 0.00 0.00 0.00 0.00 0.00 0.00 0.00 0.00 0.00 0.00 0.00 0.00 0.00 0.00 0.00 0.00 0.00 0.00 0.00 0.00 0.00 0.00 0.00 0.00 0.00 0.00 0.00 0.00 0.00 0.00 0.00 0.00 0.00 0.00 0.00 0.00 0.00 0.00 0.00 0.00 0.00 0.00 0.00 0.00 0.00 0.00 0.00 0.00 0.00 0.00 0.00 0.00 0.00 0.00 0.00 0.00 0.00 0.00 0.00 0.00 0.00 0.00 0.00 0.00 0.00 0.00 0.00 0.00 0.00 0.00 0.00 0.00 0.00 0.00 0.00 0.00 0.00 0.00 0.00 0.00 0.00 0.00 0.00 0.00 0.00 0.00 0.00 0.00 0.00 0.00 0.00 0.00 0.00 0.00 0.00 0.00 0.00 0.00 0.00 0.00 0.00 0.00 0.00 0.00 0.00 0.00 0.00 0.00 0.00 0.00 0.00 0.00 0.00 0.00 0.00 0.00 0.00 0.00 0.00 0.00 0.00 0.00 0.00 0.00 0.00 0.00 0.00 0.00 0.00 0.00 0.00 0.00 0.00 0.00 0.00 0.00 0.00 0.00 0.00 0.00 0.00 0.00 0.00 0.00 0.00 0.00 0.00 0.00 0.00 0.00 0.00 0.00 0.00 0.00 0.00 0.00 0.00 0.00 0.00 0.00 0.00 0.00 0.00 0.00 0.00 0.00 0.00 0.00 0.00 0.00 0.00 0.00 0.00 0.00 0.00 0.00 0.00 0.00 0.00 0.00 0.00 0.00 0.00 0.00 0.00 0.00 0.00 0.00 0.00 0.00 0.00 0.00 0.00 0.00 0.00 0.00 0.00 0.00 0.00 0.00 0.00 0.00 0.00 0.00 0.00 0.00 0.00 0.00 0.00 0.00 0.00 0.00 0.00 0.00 0.00 0.00 0.00 0.00 0.00 0.00 0.00 0.00 0.00 0.00 0.00 0.00 0.00 0.00 0.00 0.00 0.00 0.00 0.00 0.00 0.00 0.00 0.00 0.00 0.00 0.00 0.00 0.00 0.00 0.00 0.00 0.00 0.00 0.00 0.00 0.00 0.00 0.00 0.00 0.00 0.00 0.00 0.00 0.00 0.00 0.00 0.00 0.00 0.00 0.00 0.00 0.00 0.00 0.00 0.00 0.00 0.00 0.00 0.00 0.00 0.00 0.00 0.00 0.00 0.00 0.00 0.00 0.00 0.00 0.00 0.00 0.00 0.00 0.00 0.00 0.00 0.00 0.00 0.00 0.00 0.00 0.00 0.00 0.00 0.00 0.00 0.00 0.00 0.00 0.00 0.00 0.00 0.00 0.00 0.00 0.00 0.00 0.00 0.00 0.00 0.00 0.00 0.00 0.00 0.00 0.00 0.00 0.00 0.00 0.00 0.00 0.00 0.00 0.00 0.00 0.00 0.00 0.00 0.00 0.00 0.00 0.00 0.00 0.00 0.00 0.00 0.00 0.00 0.00 0.00 0.00 0.00 0.00 0.00 0.00 0.00 0.00 0.00 0.00 0.00 0.00 0.00 0.00 0.00 0.00 0.00 0.00 0.00 0.00 0.00 0.00 0.00 0.00 0.00 0.00 0.00 0.00 0.00 0.00 0.00 0.00 0.00 0.00 0.00 0.00 0.00 0.00 0.00 0.00 0.00 0.00 0.00 0.00 0.00 0.00 0.00 0.00 0.00 0.00 0.00 0.00 0.00 0.00 0.00 0.00 0.00 0.00 0.00 0.00 0.00 0.00 0.00 0.00 0.00 0.00 0.00 0.00 0.00 0.00 0.00 0.00 0.00 0.00 0.00 0.00 0.00 0.00 0.00 0.00 0.00 0.00 0.00 0.00 0.00 0.00 0.00 0.00 0.00 0.00 0.00 0.00 0.00 0.00 0.00 0.00 0.00 0.00 0.00 0.00 0.00 0.00 0.00 0.00 0.00 0.00 0.00 0.00 0.00 0.00 0.00 0.00 0.00 0.00 0.00 0.00 0.00 0.00 0.00 0.00 0.00 0.00 0.00 0.00 0.00 0.00 0.00 0.00 0.00 0.00 0.00 0.00 0.00 0.00 0.00 0.00 0.00 0.00 0.00 0.00 0.00 0.00 0.00 0.00 0.00 0.00 0.00 0.00 0.00 0.00 0.00 0.00 0.00 0.00 0.00 0.00 0.00 0.00 0.00 0.00 0.00 0.00 0.00 0.00 0.00 0.00 0.00 0.00 0.00 0.00 0.00 0.00 0.00 0.00 0.00 0.00 0.00 0.00 0.00 0.00 0.00 0.00 0.00 0.00 0.00 0.00 0.00 0.00 0.00 0.00 0.00 0.00 0.00 0.00 0.00 0.00 0.00 0.00 0.00 0.00 0.00 0.00 0.00 0.00 0.00 0.00 0.00 0.00 0.00 0.00 0.00 0.00 0.00 0.00 0.00 0.00 0.00 0.00 0.00 0.00 0.00 0.00 0.00 0.00 0.00 0.00 0.00 0.00 0.00 0.00 0.00 0.00 0.00 0.00 0.00 0.00 0.00 0.00 0.00 0.00 0.00 0.00 0.00 0.00 0.00 0.00 0.00 0.00 0.00 0.00 0.00 0.00 0.00 0.00 0.00 0.00 0.00 0.00 0.00 0.00 0.00 0.00 0.00 0.00 0.00 0.00 0.00 0.00 0.00 0.00 0.00 0.00 0.00 0.00 0.00 0.00 0.00 0.00 0.00 0.00 0.00 0.00 0.00 0.00 0.00 0.00 0.00 0.00 0.00 0.00 0.00 0.00 0.00 0.00 0.00 0.00 0.00 0.00 0.00 0.00 0.00 0.00 0.00 0.00 0.00 0.00 0.00 0.00 0.00 0.00 0.00 0.00 0.00 0.00 0.00 0.00 0.00 0.00 0.00 0.00 0.00 0.00 0.00 0.00 0.00 0.00 0.00 0.00 0.00 0.00 0.00 0.00 0.00 0.00 0.00 0.00 0.00 0.00 0.00 0.00 0.00 0.00 0.00 0.00 0.00 0.00 0.00 0.00 0.00 0.00 0.00 0.00 0.00 0.00 0.00 0.00 0.00 0.00 0.00 0.00 0.00 0.00 0.00 0.00 0.00 0.00 0.00 0.00 0.00 0.00 0.00 0.00 0.00 0.00 0.00 0.00 0.00 0.00 0.00 0.00 0.00 0.00 0.00 0.00 0.00 0.00 0.00 0.00 0.00 0.00 0.00 0.00 0.00 0.00 0.00 0.00 0.00 0.00 0.00 0.00 0.00 0.00 0.00 0.00 0.00 0.00 0.00 0.00 0.00 0.00 0.00 0.00 0.00 0.00 0.00 0.00 0.00 0.00 0.00 0.00 0.00 0.00 0.00 0.00 0.00 0.00 0.00 0.00 0.00 0.00 0.00 0.00 0.00 0.00 0.00 0.00 0.00 0.00 0.00 0.00 0.00 0.00 0.00 0.00 0.00 0.00 0.00 0.00 0.00 0.00 0.00 0.00 0.00 0.00 0.00 0.00 0.00 0.00 0.00 0.00 0.00 0.00 0.00 0.00 0.00 0.00 0.00 0.00 0.00 0.00 0.00 0.00 0.00 0.00 0.00 0.00 0.00 0.00 0.00 0.00 0.00 0.00 0.00 0.00 0.00 0.00 0.00 0.00 0.00 0.00 0.00 0.00 0.00 0.00
height.size=902
height.data=10483.97 10483.97 10483.97 10483.97 10483.97 10483.97 10483.97 10483.97 10483.97 10483.97 10483.97 10501.38 10501.38 10501.38 10501.38 10501.38 10501.38 10501.38 10501.38 10501.38 10501.38 10501.38 10518.79 10518.79 10518.79 10518.79 10518.79 10518.79 10518.79 10518.79 10518.79 10518.79 10518.79 10536.21 10536.21 10536.21 10536.21 10536.21 10536.21 10536.21 10536.21 10536.21 10536.21 10536.21 10553.63 10553.63 10553.63 10553.63 10553.63 10553.63 10553.63 10553.63 10553.63 10553.63 10553.63 10571.06 10571.06 10571.06 10571.06 10571.06 10571.06 10571.06 10571.06 10571.06 10571.06 10571.06 10588.50 10588.50 10588.50 10588.50 10588.50 10588.50 10588.50 10588.50 10588.50 10588.50 10588.50 10605.95 10605.95 10605.95 10605.95 10605.95 10605.95 10605.95 10605.95 10605.95 10605.95 10605.95 10623.41 10623.41 10623.41 10623.41 10623.41 10623.41 10623.41 10623.41 10623.41 10623.41 10623.41 10640.87 10640.87 10640.87 10640.87 10640.87 10640.87 10640.87 10640.87 10640.87 10640.87 10640.87 10658.34 10658.34 10658.34 10658.34 10658.34 10658.34 10658.34 10658.34 10658.34 10658.34 10658.34 10675.82 10675.82 10675.82 10675.82 10675.82 10675.82 10675.82 10675.82 10675.82 10675.82 10675.82 10693.30 10693.30 10693.30 10693.30 10693.30 10693.30 10693.30 10693.30 10693.30 10693.30 10693.30 10710.79 10710.79 10710.79 10710.79 10710.79 10710.79 10710.79 10710.79 10710.79 10710.79 10710.79 10728.29 10728.29 10728.29 10728.29 10728.29 10728.29 10728.29 10728.29 10728.29 10728.29 10728.29 10745.80 10745.80 10745.80 10745.80 10745.80 10745.80 10745.80 10745.80 10745.80 10745.80 10745.80 10763.31 10763.31 10763.31 10763.31 10763.31 10763.31 10763.31 10763.31 10763.31 10763.31 10763.31 10780.83 10780.83 10780.83 10780.83 10780.83 10780.83 10780.83 10780.83 10780.83 10780.83 10780.83 10798.36 10798.36 10798.36 10798.36 10798.36 10798.36 10798.36 10798.36 10798.36 10798.36 10798.36 10815.89 10815.89 10815.89 10815.89 10815.89 10815.89 10815.89 10815.89 10815.89 10815.89 10815.89 10833.44 10833.44 10833.44 10833.44 10833.44 10833.44 10833.44 10833.44 10833.44 10833.44 10833.44 10850.99 10850.99 10850.99 10850.99 10850.99 10850.99 10850.99 10850.99 10850.99 10850.99 10850.99 10868.54 10868.54 10868.54 10868.54 10868.54 10868.54 10868.54 10868.54 10868.54 10868.54 10868.54 10886.11 10886.11 10886.11 10886.11 10886.11 10886.11 10886.11 10886.11 10886.11 10886.11 10886.11 10903.68 10903.68 10903.68 10903.68 10903.68 10903.68 10903.68 10903.68 10903.68 10903.68 10903.68 10921.26 10921.26 10921.26 10921.26 10921.26 10921.26 10921.26 10921.26 10921.26 10921.26 10921.26 10938.85 10938.85 10938.85 10938.85 10938.85 10938.85 10938.85 10938.85 10938.85 10938.85 10938.85 10956.44 10956.44 10956.44 10956.44 10956.44 10956.44 10956.44 10956.44 10956.44 10956.44 10956.44 10974.04 10974.04 10974.04 10974.04 10974.04 10974.04 10974.04 10974.04 10974.04 10974.04 10974.04 10991.65 10991.65 10991.65 10991.65 10991.65 10991.65 10991.65 10991.65 10991.65 10991.65 10991.65 11009.27 11009.27 11009.27 11009.27 11009.27 11009.27 11009.27 11009.27 11009.27 11009.27 11009.27 11026.89 11026.89 11026.89 11026.89 11026.89 11026.89 11026.89 11026.89 11026.89 11026.89 11026.89 11044.52 11044.52 11044.52 11044.52 11044.52 11044.52 11044.52 11044.52 11044.52 11044.52 11044.52 11062.16 11062.16 11062.16 11062.16 11062.16 11062.16 11062.16 11062.16 11062.16 11062.16 11062.16 11079.80 11079.80 11079.80 11079.80 11079.80 11079.80 11079.80 11079.80 11079.80 11079.80 11079.80 11097.45 11097.45 11097.45 11097.45 11097.45 11097.45 11097.45 11097.45 11097.45 11097.45 11097.45 11115.11 11115.11 11115.11 11115.11 11115.11 11115.11 11115.11 11115.11 11115.11 11115.11 11115.11 11132.78 11132.78 11132.78 11132.78 11132.78 11132.78 11132.78 11132.78 11132.78 11132.78 11132.78 11150.46 11150.46 11150.46 11150.46 11150.46 11150.46 11150.46 11150.46 11150.46 11150.46 11150.46 11168.14 11168.14 11168.14 11168.14 11168.14 11168.14 11168.14 11168.14 11168.14 11168.14 11168.14 11185.83 11185.83 11185.83 11185.83 11185.83 11185.83 11185.83 11185.83 11185.83 11185.83 11185.83 11203.52 11203.52 11203.52 11203.52 11203.52 11203.52 11203.52 11203.52 11203.52 11203.52 11203.52 11221.23 11221.23 11221.23 11221.23 11221.23 11221.23 11221.23 11221.23 11221.23 11221.23 11221.23 11238.94 11238.94 11238.94 11238.94 11238.94 11238.94 11238.94 11238.94 11238.94 11238.94 11238.94 11256.65 11256.65 11256.65 11256.65 11256.65 11256.65 11256.65 11256.65 11256.65 11256.65 11256.65 11274.38 11274.38 11274.38 11274.38 11274.38 11274.38 11274.38 11274.38 11274.38 11274.38 11274.38 11292.11 11292.11 11292.11 11292.11 11292.11 11292.11 11292.11 11292.11 11292.11 11292.11 11292.11 11309.85 11309.85 11309.85 11309.85 11309.85 11309.85 11309.85 11309.85 11309.85 11309.85 11309.85 11327.60 11327.60 11327.60 11327.60 11327.60 11327.60 11327.60 11327.60 11327.60 11327.60 11327.60 11345.35 11345.35 11345.35 11345.35 11345.35 11345.35 11345.35 11345.35 11345.35 11345.35 11345.35 11363.12 11363.12 11363.12 11363.12 11363.12 11363.12 11363.12 11363.12 11363.12 11363.12 11363.12 11380.89 11380.89 11380.89 11380.89 11380.89 11380.89 11380.89 11380.89 11380.89 11380.89 11380.89 11398.66 11398.66 11398.66 11398.66 11398.66 11398.66 11398.66 11398.66 11398.66 11398.66 11398.66 11416.45 11416.45 11416.45 11416.45 11416.45 11416.45 11416.45 11416.45 11416.45 11416.45 11416.45 11434.24 11434.24 11434.24 11434.24 11434.24 11434.24 11434.24 11434.24 11434.24 11434.24 11434.24 11452.04 11452.04 11452.04 11452.04 11452.04 11452.04 11452.04 11452.04 11452.04 11452.04 11452.04 11469.84 11469.84 11469.84 11469.84 11469.84 11469.84 11469.84 11469.84 11469.84 11469.84 11469.84 11487.66 11487.66 11487.66 11487.66 11487.66 11487.66 11487.66 11487.66 11487.66 11487.66 11487.66 11505.48 11505.48 11505.48 11505.48 11505.48 11505.48 11505.48 11505.48 11505.48 11505.48 11505.48 11523.30 11523.30 11523.30 11523.30 11523.30 11523.30 11523.30 11523.30 11523.30 11523.30 11523.30 11541.14 11541.14 11541.14 11541.14 11541.14 11541.14 11541.14 11541.14 11541.14 11541.14 11541.14 11558.98 11558.98 11558.98 11558.98 11558.98 11558.98 11558.98 11558.98 11558.98 11558.98 11558.98 11576.83 11576.83 11576.83 11576.83 11576.83 11576.83 11576.83 11576.83 11576.83 11576.83 11576.83 11594.69 11594.69 11594.69 11594.69 11594.69 11594.69 11594.69 11594.69 11594.69 11594.69 11594.69 11612.55 11612.55 11612.55 11612.55 11612.55 11612.55 11612.55 11612.55 11612.55 11612.55 11612.55 11630.42 11630.42 11630.42 11630.42 11630.42 11630.42 11630.42 11630.42 11630.42 11630.42 11630.42 11648.30 11648.30 11648.30 11648.30 11648.30 11648.30 11648.30 11648.30 11648.30 11648.30 11648.30 11666.19 11666.19 11666.19 11666.19 11666.19 11666.19 11666.19 11666.19 11666.19 11666.19 11666.19 11684.08 11684.08 11684.08 11684.08 11684.08 11684.08 11684.08 11684.08 11684.08 11684.08 11684.08 11701.98 11701.98 11701.98 11701.98 11701.98 11701.98 11701.98 11701.98 11701.98 11701.98 11701.98 11719.89 11719.89 11719.89 11719.89 11719.89 11719.89 11719.89 11719.89 11719.89 11719.89 11719.89 11737.81 11737.81 11737.81 11737.81 11737.81 11737.81 11737.81 11737.81 11737.81 11737.81 11737.81 11755.73 11755.73 11755.73 11755.73 11755.73 11755.73 11755.73 11755.73 11755.73 11755.73 11755.73 11773.66 11773.66 11773.66 11773.66 11773.66 11773.66 11773.66 11773.66 11773.66 11773.66 11773.66 11791.60 11791.60 11791.60 11791.60 11791.60 11791.60 11791.60 11791.60 11791.60 11791.60 11791.60 11809.54 11809.54 11809.54 11809.54 11809.54 11809.54 11809.54 11809.54 11809.54 11809.54 11809.54 11827.50 11827.50 11827.50 11827.50 11827.50 11827.50 11827.50 11827.50 11827.50 11827.50 11827.50 11845.45 11845.45 11845.45 11845.45 11845.45 11845.45 11845.45 11845.45 11845.45 11845.45 11845.45 11863.42 11863.42 11863.42 11863.42 11863.42 11863.42 11863.42 11863.42 11863.42 11863.42 11863.42 11881.40 11881.40 11881.40 11881.40 11881.40 11881.40 11881.40 11881.40 11881.40 11881.40 11881.40 11899.38 11899.38 11899.38 11899.38 11899.38 11899.38 11899.38 11899.38 11899.38 11899.38 11899.38 11917.37 11917.37 11917.37 11917.37 11917.37 11917.37 11917.37 11917.37 11917.37 11917.37 11917.37
=== END RADAR_SCAN ===

=== BEGIN RADAR_SCAN ===
scan.index=13
scan.time=124.000000
radar.id=0
radar.frequency=C
radar.scanning_mode=PPI
radar.x=0.000
radar.y=0.000
radar.z=25.000
radar.maximum_range=250000.000
radar.range_resolution=250.000
radar.angular_resolution=1.000000
box.radar_id=0
box.min_range_gate=707.000
box.max_range_gate=788.000
box.min_angle=100.000000
box.max_angle=111.000000
box.num_ranges=82
box.num_angles=11
box.range_resolution=250.000
box.angular_resolution=1.000000
box.other_angle=1.200000
grid.size=902
grid.data=0.00 0.00 0.00 0.00 0.00 0.00 0.00 0.00 0.00 0.00 0.00 0.00 0.00 0.00 0.00 0.00 0.00 0.00 0.00 0.00 0.00 0.00 0.00 0.00 0.00 0.00 0.00 20.22 24.20 0.00 0.00 0.00 0.00 0.00 0.00 0.00 0.00 0.00 20.55 24.32 0.00 0.00 0.00 0.00 0.00 0.00 0.00 0.00 0.00 21.30 19.68 0.00 0.00 0.00 0.00 0.00 0.00 0.00 0.00 0.00 21.72 21.24 0.00 0.00 0.00 0.00 0.00 0.00 0.00 0.00 0.00 21.34 24.07 24.42 0.00 0.00 0.00 0.00 0.00 0.00 0.00 19.66 19.32 24.31 23.17 0.00 0.00 0.00 0.00 0.00 0.00 0.00 21.18 24.04 21.61 20.47 0.00 0.00 0.00 0.00 0.00 0.00 0.00 23.54 21.65 20.80 19.72 0.00 0.00 0.00 0.00 0.00 0.00 0.00 23.49 24.68 22.89 22.08 0.00 0.00 0.00 0.00 0.00 0.00 0.00 20.60 22.16 21.99 21.14 0.00 0.00 0.00 0.00 0.00 0.00 0.00 18.47 19.78 21.07 21.67 0.00 0.00 0.00 0.00 0.00 0.00 0.00 19.84 21.53 20.50 22.36 0.00 0.00 0.00 0.00 0.00 0.00 0.00 20.51 20.84 21.89 22.28 0.00 0.00 0.00 0.00 0.00 0.00 0.00 20.77 19.47 24.44 21.64 0.00 0.00 0.00 0.00 0.00 0.00 0.00 19.45 21.69 20.99 20.09 19.83 0.00 0.00 0.00 0.00 0.00 0.00 29.53 19.91 21.10 18.27 23.91 0.00 0.00 0.00 0.00 0.00 0.00 27.83 23.18 18.18 22.05 22.93 0.00 0.00 0.00 0.00 0.00 0.00 24.90 21.79 18.42 20.08 19.09 0.00 0.00 0.00 0.00 0.00 20.04 23.19 24.97 20.02 21.20 20.20 0.00 0.00 0.00 0.00 0.00 18.29 24.06 27.39 20.12 20.34 20.71 0.00 0.00 0.00 0.00 0.00 25.79 28.52 24.77 19.18 21.15 21.59 0.00 0.00 0.00 0.00 0.00 26.69 27.87 28.10 23.01 20.22 18.21 0.00 0.00 0.00 0.00 0.00 25.27 22.13 25.58 19.69 18.93 18.77 0.00 0.00 0.00 0.00 0.00 22.20 27.79 24.56 22.40 20.91 21.15 0.00 0.00 0.00 0.00 0.00 24.88 25.16 27.68 19.77 21.12 22.03 0.00 0.00 0.00 0.00 0.00 25.84 26.51 25.19 18.20 19.00 17.99 0.00 0.00 0.00 0.00 0.00 29.33 23.04 25.70 19.82 17.77 21.30 0.00 0.00 0.00 0.00 0.00 22.63 22.14 23.98 20.50 18.38 18.85 0.00 0.00 0.00 0.00 0.00 24.44 26.02 26.20 20.54 18.18 18.02 0.00 0.00 0.00 0.00 0.00 25.23 23.33 23.67 16.55 16.50 17.88 0.00 0.00 0.00 0.00 0.00 24.27 25.57 25.21 20.84 15.56 19.34 0.00 0.00 0.00 0.00 0.00 19.87 24.31 26.34 17.81 19.47 18.07 0.00 0.00 0.00 0.00 0.00 19.89 24.53 24.18 17.09 18.68 18.47 0.00 0.00 0.00 0.00 0.00 24.20 26.60 24.33 19.84 16.36 17.36 0.00 0.00 0.00 0.00 0.00 24.51 24.35 27.24 20.10 16.33 16.87 0.00 0.00 0.00 0.00 0.00 23.25 23.03 26.93 17.39 18.09 16.74 0.00 0.00 0.00 0.00 0.00 24.91 24.06 25.99 16.67 19.25 17.67 0.00 0.00 0.00 0.00 0.00 23.48 27.11 25.96 18.01 19.65 19.14 0.00 0.00 0.00 0.00 0.00 25.07 30.46 29.58 21.26 18.61 20.02 0.00 0.00 0.00 0.00 0.00 24.68 24.74 25.46 18.04 20.69 18.92 0.00 0.00 0.00 0.00 0.00 24.80 27.32 22.37 18.23 15.94 16.90 0.00 0.00 0.00 0.00 0.00 26.34 26.13 23.75 20.19 17.98 20.58 0.00 0.00 0.00 0.00 0.00 24.99 22.77 27.79 18.23 19.91 19.04 0.00 0.00 0.00 0.00 0.00 25.02 23.60 24.15 19.89 20.59 17.42 0.00 0.00 0.00 0.00 0.00 22.13 22.74 22.59 17.79 19.05 17.19 0.00 0.00 0.00 0.00 0.00 25.88 24.88 26.45 18.64 18.56 18.83 0.00 0.00 0.00 0.00 0.00 23.40 26.65 23.99 16.94 17.12 16.77 0.00 0.00 0.00 0.00 0.00 26.16 23.07 25.45 15.79 19.02 16.64 0.00 0.00 0.00 0.00 0.00 17.30 23.05 22.42 15.77 15.07 19.32 0.00 0.00 0.00 0.00 0.00 19.04 23.97 24.39 14.31 19.10 15.65 0.00 0.00 0.00 0.00 0.00 16.00 28.65 25.07 16.33 18.03 14.83 0.00 0.00 0.00 0.00 0.00 16.39 22.73 15.31 15.73 15.47 15.63 0.00 0.00 0.00 0.00 0.00 16.10 23.74 16.99 15.49 17.58 15.05 0.00 0.00 0.00 0.00 0.00 15.90 21.09 16.40 17.23 16.20 15.72 0.00 0.00 0.00 0.00 0.00 17.21 26.20 14.28 17.25 17.85 15.04 0.00 0.00 0.00 0.00 0.00 17.51 16.02 13.31 16.16 17.84 17.46 0.00 0.00 0.00 0.00 0.00 16.69 14.12 15.05 18.12 14.91 15.52 0.00 0.00 0.00 0.00 0.00 19.53 16.56 14.12 14.77 17.00 13.68 0.00 0.00 0.00 0.00 0.00 15.88 15.64 16.70 17.40 14.33 16.16 0.00 0.00 0.00 0.00 0.00 16.88 13.72 12.74 17.28 14.57 17.47 0.00 0.00 0.00 0.00 0.00 0.00 15.09 16.18 15.59 19.70 13.07 0.00 0.00 0.00 0.00 0.00 0.00 14.05 14.58 14.76 16.28 16.09 0.00 0.00 0.00 0.00 0.00 0.00 13.54 15.77 16.16 15.28 16.11 0.00 0.00 0.00 0.00 0.00 0.00 15.23 17.07 16.09 15.13 14.43 0.00 0.00 0.00 0.00 0.00 0.00 15.01 17.45 12.87 15.80 0.00 0.00 0.00 0.00 0.00 0.00 0.00 15.33 14.90 14.12 17.27 0.00 0.00 0.00 0.00 0.00 0.00 0.00 15.70 14.52 15.99 16.29 0.00 0.00 0.00 0.00 0.00 0.00 0.00 15.17 15.40 15.01 14.27 0.00 0.00 0.00 0.00 0.00 0.00 0.00 17.99 13.59 14.31 17.34 0.00 0.00 0.00 0.00 0.00 0.00 0.00 10.20 15.78 10.30 12.65 0.00 0.00 0.00 0.00 0.00 0.00 0.00 14.09 14.34 14.22 11.52 0.00 0.00 0.00 0.00 0.00 0.00 0.00 12.63 15.92 13.04 12.36 0.00 0.00 0.00 0.00 0.00 0.00 0.00 16.35 13.89 13.81 13.83 0.00 0.00 0.00 0.00 0.00 0.00 0.00 15.36 13.25 15.80 18.52 0.00 0.00 0.00 0.00 0.00 0.00 0.00 0.00 15.21 13.01 14.82 0.00 0.00 0.00 0.00 0.00 0.00 0.00 0.00 12.81 13.97 0.00 0.00 0.00 0.00 0.00 0.00 0.00 0.00 0.00 12.33 13.45 0.00 0.00 0.00 0.00 0.00 0.00 0.00 0.00 0.00 13.87 15.73 0.00 0.00 0.00 0.00 0.00 0.00 0.00 0.00 0.00 10.68 12.08 0.00 0.00 0.00 0.00 0.00 0.00 0.00 0.00 0.00 0.00 0.00 0.00 0.00 0.00 0.00
rain_type.data=0 0 0 0 0 0 0 0 0 0 0 0 0 0 0 0 0 0 0 0 0 0 0 0 0 0 0 1 1 0 0 0 0 0 0 0 0 0 1 1 0 0 0 0 0 0 0 0 0 1 1 0 0 0 0 0 0 0 0 0 1 1 0 0 0 0 0 0 0 0 0 1 1 1 0 0 0 0 0 0 0 1 1 1 1 0 0 0 0 0 0 0 1 1 1 1 0 0 0 0 0 0 0 1 1 1 1 0 0 0 0 0 0 0 1 1 1 1 0 0 0 0 0 0 0 1 1 1 1 0 0 0 0 0 0 0 1 1 1 1 0 0 0 0 0 0 0 1 1 1 1 0 0 0 0 0 0 0 1 1 1 1 0 0 0 0 0 0 0 1 1 1 1 0 0 0 0 0 0 0 1 1 1 1 1 0 0 0 0 0 0 2 1 1 1 1 0 0 0 0 0 0 2 1 1 1 1 0 0 0 0 0 0 2 1 1 1 1 0 0 0 0 0 1 2 2 1 1 1 0 0 0 0 0 1 2 2 1 1 1 0 0 0 0 0 2 2 2 1 1 1 0 0 0 0 0 2 2 2 1 1 1 0 0 0 0 0 2 2 2 1 1 1 0 0 0 0 0 2 2 2 1 1 1 0 0 0 0 0 2 2 2 1 1 1 0 0 0 0 0 2 2 2 1 1 1 0 0 0 0 0 2 2 2 1 1 1 0 0 0 0 0 2 2 2 1 1 1 0 0 0 0 0 2 2 2 1 1 1 0 0 0 0 0 2 2 2 1 1 1 0 0 0 0 0 2 2 2 1 1 1 0 0 0 0 0 2 2 2 1 1 1 0 0 0 0 0 2 2 2 1 1 1 0 0 0 0 0 2 2 2 1 1 1 0 0 0 0 0 2 2 2 1 1 1 0 0 0 0 0 2 2 2 1 1 1 0 0 0 0 0 2 2 2 1 1 1 0 0 0 0 0 2 2 2 1 1 1 0 0 0 0 0 2 2 2 1 1 1 0 0 0 0 0 2 2 2 1 1 1 0 0 0 0 0 2 2 2 1 1 1 0 0 0 0 0 2 2 2 1 1 1 0 0 0 0 0 2 2 2 1 1 1 0 0 0 0 0 2 2 2 1 1 1 0 0 0 0 0 2 2 2 1 1 1 0 0 0 0 0 2 2 2 1 1 1 0 0 0 0 0 2 2 2 1 1 1 0 0 0 0 0 2 2 2 1 1 1 0 0 0 0 0 1 2 2 1 1 1 0 0 0 0 0 1 2 2 1 1 1 0 0 0 0 0 1 2 2 1 1 1 0 0 0 0 0 1 2 1 1 1 1 0 0 0 0 0 1 2 1 1 1 1 0 0 0 0 0 1 2 1 1 1 1 0 0 0 0 0 1 2 1 1 1 1 0 0 0 0 0 1 1 1 1 1 1 0 0 0 0 0 1 1 1 1 1 1 0 0 0 0 0 1 1 1 1 1 1 0 0 0 0 0 1 1 1 1 1 1 0 0 0 0 0 1 1 1 1 1 1 0 0 0 0 0 0 1 1 1 1 1 0 0 0 0 0 0 1 1 1 1 1 0 0 0 0 0 0 1 1 1 1 1 0 0 0 0 0 0 1 1 1 1 1 0 0 0 0 0 0 1 1 1 1 0 0 0 0 0 0 0 1 1 1 1 0 0 0 0 0 0 0 1 1 1 1 0 0 0 0 0 0 0 1 1 1 1 0 0 0 0 0 0 0 1 1 1 1 0 0 0 0 0 0 0 1 1 1 1 0 0 0 0 0 0 0 1 1 1 1 0 0 0 0 0 0 0 1 1 1 1 0 0 0 0 0 0 0 1 1 1 1 0 0 0 0 0 0 0 1 1 1 1 0 0 0 0 0 0 0 0 1 1 1 0 0 0 0 0 0 0 0 1 1 0 0 0 0 0 0 0 0 0 1 1 0 0 0 0 0 0 0 0 0 1 1 0 0 0 0 0 0 0 0 0 1 1 0 0 0 0 0 0 0 0 0 0 0 0 0 0 0
estimated_attenuation.size=902
estimated_attenuation.data=0.00 0.00 0.00 0.00 0.00 0.00 0.00 0.00 0.00 0.00 0.00 0.00 0.00 0.00 0.00 0.00 0.00 0.00 0.00 0.00 0.00 0.00 0.00 0.00 0.00 0.00 0.00 0.00 0.00 0.00 0.00 0.00 0.00 0.00 0.00 0.00 0.00 0.00 0.00 0.00 0.00 0.00 0.00 0.00 0.00 0.00 0.00 0.00 0.00 0.00 0.00 0.00 0.00 0.00 0.00 0.00 0.00 0.00 0.00 0.00 0.00 0.00 0.00 0.00 0.00 0.00 0.00 0.00 0.00 0.00 0.00 0.00 0.00 0.00 0.00 0.00 0.00 0.00 0.00 0.00 0.00 0.00 0.00 0.00 0.00 0.00 0.00 0.00 0.00 0.00 0.00 0.00 0.00 0.00 0.00 0.00 0.00 0.00 0.00 0.00 0.00 0.00 0.00 0.00 0.00 0.00 0.00 0.00 0.00 0.00 0.00 0.00 0.00 0.00 0.00 0.00 0.00 0.00 0.00 0.00 0.00 0.00 0.00 0.00 0.00 0.00 0.00 0.00 0.00 0.00 0.00 0.00 0.00 0.00 0.00 0.00 0.00 0.00 0.00 0.00 0.00 0.00 0.00 0.00 0.00 0.00 0.00 0.00 0.00 0.00 0.00 0.00 0.00 0.00 0.00 0.00 0.00 0.00 0.00 0.00 0.00 0.00 0.00 0.00 0.00 0.00 0.00 0.00 0.00 0.00 0.00 0.00 0.00 0.00 0.00 0.00 0.00 0.00 0.00 0.00 0.00 0.00 0.00 0.00 0.00 0.00 0.00 0.00 0.00 0.00 0.00 0.00 0.00 0.00 0.00 0.00 0.00 0.00 0.00 0.00 0.00 0.00 0.00 0.00 0.00 0.00 0.00 0.00 0.00 0.00 0.00 0.00 0.00 0.00 0.00 0.00 0.00 0.00 0.00 0.00 0.00 0.00 0.00 0.00 0.00 0.00 0.00 0.00 0.00 0.00 0.00 0.00 0.00 0.00 0.00 0.00 0.00 0.00 0.00 0.00 0.00 0.00 0.00 0.00 0.00 0.00 0.00 0.00 0.00 0.00 0.00 0.00 0.00 0.00 0.00 0.00 0.00 0.00 0.00 0.00 0.00 0.00 0.00 0.00 0.00 0.00 0.00 0.00 0.00 0.00 0.00 0.00 0.00 0.00 0.00 0.00 0.00 0.00 0.00 0.00 0.00 0.00 0.00 0.00 0.00 0.00 0.00 0.00 0.00 0.00 0.00 0.00 0.00 0.00 0.00 0.00 0.00 0.00 0.00 0.00 0.00 0.00 0.00 0.00 0.00 0.00 0.00 0.00 0.00 0.00 0.00 0.00 0.00 0.00 0.00 0.00 0.00 0.00 0.00 0.00 0.00 0.00 0.00 0.00 0.00 0.00 0.00 0.00 0.00 0.00 0.00 0.00 0.00 0.00 0.00 0.00 0.00 0.00 0.00 0.00 0.00 0.00 0.00 0.00 0.00 0.00 0.00 0.00 0.00 0.00 0.00 0.00 0.00 0.00 0.00 0.00 0.00 0.00 0.00 0.00 0.00 0.00 0.00 0.00 0.00 0.00 0.00 0.00 0.00 0.00 0.00 0.00 0.00 0.00 0.00 0.00 0.00 0.00 0.00 0.00 0.00 0.00 0.00 0.00 0.00 0.00 0.00 0.00 0.00 0.00 0.00 0.00 0.00 0.00 0.00 0.00 0.00 0.00 0.00 0.00 0.00 0.00 0.00 0.00 0.00 0.00 0.00 0.00 0.00 0.00 0.00 0.00 0.00 0.00 0.00 0.00 0.00 0.00 0.00 0.00 0.00 0.00 0.00 0.00 0.00 0.00 0.00 0.00 0.00 0.00 0.00 0.00 0.00 0.00 0.00 0.00 0.00 0.00 0.00 0.00 0.00 0.00 0.00 0.00 0.00 0.00 0.00 0.00 0.00 0.00 0.00 0.00 0.00 0.00 0.00 0.00 0.00 0.00 0.00 0.00 0.00 0.00 0.00 0.00 0.00 0.00 0.00 0.00 0.00 0.00 0.00 0.00 0.00 0.00 0.00 0.00 0.00 0.00 0.00 0.00 0.00 0.00 0.00 0.00 0.00 0.00 0.00 0.00 0.00 0.00 0.00 0.00 0.00 0.00 0.00 0.00 0.00 0.00 0.00 0.00 0.00 0.00 0.00 0.00 0.00 0.00 0.00 0.00 0.00 0.00 0.00 0.00 0.00 0.00 0.00 0.00 0.00 0.00 0.00 0.00 0.00 0.00 0.00 0.00 0.00 0.00 0.00 0.00 0.00 0.00 0.00 0.00 0.00 0.00 0.00 0.00 0.00 0.00 0.00 0.00 0.00 0.00 0.00 0.00 0.00 0.00 0.00 0.00 0.00 0.00 0.00 0.00 0.00 0.00 0.00 0.00 0.00 0.00 0.00 0.00 0.00 0.00 0.00 0.00 0.00 0.00 0.00 0.00 0.00 0.00 0.00 0.00 0.00 0.00 0.00 0.00 0.00 0.00 0.00 0.00 0.00 0.00 0.00 0.00 0.00 0.00 0.00 0.00 0.00 0.00 0.00 0.00 0.00 0.00 0.00 0.00 0.00 0.00 0.00 0.00 0.00 0.00 0.00 0.00 0.00 0.00 0.00 0.00 0.00 0.00 0.00 0.00 0.00 0.00 0.00 0.00 0.00 0.00 0.00 0.00 0.00 0.00 0.00 0.00 0.00 0.00 0.00 0.00 0.00 0.00 0.00 0.00 0.00 0.00 0.00 0.00 0.00 0.00 0.00 0.00 0.00 0.00 0.00 0.00 0.00 0.00 0.00 0.00 0.00 0.00 0.00 0.00 0.00 0.00 0.00 0.00 0.00 0.00 0.00 0.00 0.00 0.00 0.00 0.00 0.00 0.00 0.00 0.00 0.00 0.00 0.00 0.00 0.00 0.00 0.00 0.00 0.00 0.00 0.00 0.00 0.00 0.00 0.00 0.00 0.00 0.00 0.00 0.00 0.00 0.00 0.00 0.00 0.00 0.00 0.00 0.00 0.00 0.00 0.00 0.00 0.00 0.00 0.00 0.00 0.00 0.00 0.00 0.00 0.00 0.00 0.00 0.00 0.00 0.00 0.00 0.00 0.00 0.00 0.00 0.00 0.00 0.00 0.00 0.00 0.00 0.00 0.00 0.00 0.00 0.00 0.00 0.00 0.00 0.00 0.00 0.00 0.00 0.00 0.00 0.00 0.00 0.00 0.00 0.00 0.00 0.00 0.00 0.00 0.00 0.00 0.00 0.00 0.00 0.00 0.00 0.00 0.00 0.00 0.00 0.00 0.00 0.00 0.00 0.00 0.00 0.00 0.00 0.00 0.00 0.00 0.00 0.00 0.00 0.00 0.00 0.00 0.00 0.00 0.00 0.00 0.00 0.00 0.00 0.00 0.00 0.00 0.00 0.00 0.00 0.00 0.00 0.00 0.00 0.00 0.00 0.00 0.00 0.00 0.00 0.00 0.00 0.00 0.00 0.00 0.00 0.00 0.00 0.00 0.00 0.00 0.00 0.00 0.00 0.00 0.00 0.00 0.00 0.00 0.00 0.00 0.00 0.00 0.00 0.00 0.00 0.00 0.00 0.00 0.00 0.00 0.00 0.00 0.00 0.00 0.00 0.00 0.00 0.00 0.00 0.00 0.00 0.00 0.00 0.00 0.00 0.00 0.00 0.00 0.00 0.00 0.00 0.00 0.00 0.00 0.00 0.00 0.00 0.00 0.00 0.00 0.00 0.00 0.00 0.00 0.00 0.00 0.00 0.00 0.00 0.00 0.00 0.00 0.00 0.00 0.00 0.00 0.00 0.00 0.00 0.00 0.00 0.00 0.00 0.00 0.00 0.00 0.00 0.00 0.00 0.00 0.00 0.00 0.00 0.00 0.00 0.00 0.00 0.00 0.00 0.00 0.00 0.00
height.size=902
height.data=5538.59 5538.59 5538.59 5538.59 5538.59 5538.59 5538.59 5538.59 5538.59 5538.59 5538.59 5549.03 5549.03 5549.03 5549.03 5549.03 5549.03 5549.03 5549.03 5549.03 5549.03 5549.03 5559.47 5559.47 5559.47 5559.47 5559.47 5559.47 5559.47 5559.47 5559.47 5559.47 5559.47 5569.92 5569.92 5569.92 5569.92 5569.92 5569.92 5569.92 5569.92 5569.92 5569.92 5569.92 5580.37 5580.37 5580.37 5580.37 5580.37 5580.37 5580.37 5580.37 5580.37 5580.37 5580.37 5590.84 5590.84 5590.84 5590.84 5590.84 5590.84 5590.84 5590.84 5590.84 5590.84 5590.84 5601.31 5601.31 5601.31 5601.31 5601.31 5601.31 5601.31 5601.31 5601.31 5601.31 5601.31 5611.79 5611.79 5611.79 5611.79 5611.79 5611.79 5611.79 5611.79 5611.79 5611.79 5611.79 5622.27 5622.27 5622.27 5622.27 5622.27 5622.27 5622.27 5622.27 5622.27 5622.27 5622.27 5632.77 5632.77 5632.77 5632.77 5632.77 5632.77 5632.77 5632.77 5632.77 5632.77 5632.77 5643.27 5643.27 5643.27 5643.27 5643.27 5643.27 5643.27 5643.27 5643.27 5643.27 5643.27 5653.77 5653.77 5653.77 5653.77 5653.77 5653.77 5653.77 5653.77 5653.77 5653.77 5653.77 5664.29 5664.29 5664.29 5664.29 5664.29 5664.29 5664.29 5664.29 5664.29 5664.29 5664.29 5674.81 5674.81 5674.81 5674.81 5674.81 5674.81 5674.81 5674.81 5674.81 5674.81 5674.81 5685.34 5685.34 5685.34 5685.34 5685.34 5685.34 5685.34 5685.34 5685.34 5685.34 5685.34 5695.88 5695.88 5695.88 5695.88 5695.88 5695.88 5695.88 5695.88 5695.88 5695.88 5695.88 5706.42 5706.42 5706.42 5706.42 5706.42 5706.42 5706.42 5706.42 5706.42 5706.42 5706.42 5716.97 5716.97 5716.97 5716.97 5716.97 5716.97 5716.97 5716.97 5716.97 5716.97 5716.97 5727.53 5727.53 5727.53 5727.53 5727.53 5727.53 5727.53 5727.53 5727.53 5727.53 5727.53 5738.10 5738.10 5738.10 5738.10 5738.10 5738.10 5738.10 5738.10 5738.10 5738.10 5738.10 5748.67 5748.67 5748.67 5748.67 5748.67 5748.67 5748.67 5748.67 5748.67 5748.67 5748.67 5759.25 5759.25 5759.25 5759.25 5759.25 5759.25 5759.25 5759.25 5759.25 5759.25 5759.25 5769.84 5769.84 5769.84 5769.84 5769.84 5769.84 5769.84 5769.84 5769.84 5769.84 5769.84 5780.44 5780.44 5780.44 5780.44 5780.44 5780.44 5780.44 5780.44 5780.44 5780.44 5780.44 5791.04 5791.04 5791.04 5791.04 5791.04 5791.04 5791.04 5791.04 5791.04 5791.04 5791.04 5801.65 5801.65 5801.65 5801.65 5801.65 5801.65 5801.65 5801.65 5801.65 5801.65 5801.65 5812.27 5812.27 5812.27 5812.27 5812.27 5812.27 5812.27 5812.27 5812.27 5812.27 5812.27 5822.89 5822.89 5822.89 5822.89 5822.89 5822.89 5822.89 5822.89 5822.89 5822.89 5822.89 5833.53 5833.53 5833.53 5833.53 5833.53 5833.53 5833.53 5833.53 5833.53 5833.53 5833.53 5844.17 5844.17 5844.17 5844.17 5844.17 5844.17 5844.17 5844.17 5844.17 5844.17 5844.17 5854.81 5854.81 5854.81 5854.81 5854.81 5854.81 5854.81 5854.81 5854.81 5854.81 5854.81 5865.47 5865.47 5865.47 5865.47 5865.47 5865.47 5865.47 5865.47 5865.47 5865.47 5865.47 5876.13 5876.13 5876.13 5876.13 5876.13 5876.13 5876.13 5876.13 5876.13 5876.13 5876.13 5886.80 5886.80 5886.80 5886.80 5886.80 5886.80 5886.80 5886.80 5886.80 5886.80 5886.80 5897.48 5897.48 5897.48 5897.48 5897.48 5897.48 5897.48 5897.48 5897.48 5897.48 5897.48 5908.16 5908.16 5908.16 5908.16 5908.16 5908.16 5908.16 5908.16 5908.16 5908.16 5908.16 5918.85 5918.85 5918.85 5918.85 5918.85 5918.85 5918.85 5918.85 5918.85 5918.85 5918.85 5929.55 5929.55 5929.55 5929.55 5929.55 5929.55 5929.55 5929.55 5929.55 5929.55 5929.55 5940.25 5940.25 5940.25 5940.25 5940.25 5940.25 5940.25 5940.25 5940.25 5940.25 5940.25 5950.97 5950.97 5950.97 5950.97 5950.97 5950.97 5950.97 5950.97 5950.97 5950.97 5950.97 5961.69 5961.69 5961.69 5961.69 5961.69 5961.69 5961.69 5961.69 5961.69 5961.69 5961.69 5972.42 5972.42 5972.42 5972.42 5972.42 5972.42 5972.42 5972.42 5972.42 5972.42 5972.42 5983.15 5983.15 5983.15 5983.15 5983.15 5983.15 5983.15 5983.15 5983.15 5983.15 5983.15 5993.89 5993.89 5993.89 5993.89 5993.89 5993.89 5993.89 5993.89 5993.89 5993.89 5993.89 6004.64 6004.64 6004.64 6004.64 6004.64 6004.64 6004.64 6004.64 6004.64 6004.64 6004.64 6015.40 6015.40 6015.40 6015.40 6015.40 6015.40 6015.40 6015.40 6015.40 6015.40 6015.40 6026.17 6026.17 6026.17 6026.17 6026.17 6026.17 6026.17 6026.17 6026.17 6026.17 6026.17 6036.94 6036.94 6036.94 6036.94 6036.94 6036.94 6036.94 6036.94 6036.94 6036.94 6036.94 6047.72 6047.72 6047.72 6047.72 6047.72 6047.72 6047.72 6047.72 6047.72 6047.72 6047.72 6058.50 6058.50 6058.50 6058.50 6058.50 6058.50 6058.50 6058.50 6058.50 6058.50 6058.50 6069.30 6069.30 6069.30 6069.30 6069.30 6069.30 6069.30 6069.30 6069.30 6069.30 6069.30 6080.10 6080.10 6080.10 6080.10 6080.10 6080.10 6080.10 6080.10 6080.10 6080.10 6080.10 6090.91 6090.91 6090.91 6090.91 6090.91 6090.91 6090.91 6090.91 6090.91 6090.91 6090.91 6101.72 6101.72 6101.72 6101.72 6101.72 6101.72 6101.72 6101.72 6101.72 6101.72 6101.72 6112.55 6112.55 6112.55 6112.55 6112.55 6112.55 6112.55 6112.55 6112.55 6112.55 6112.55 6123.38 6123.38 6123.38 6123.38 6123.38 6123.38 6123.38 6123.38 6123.38 6123.38 6123.38 6134.21 6134.21 6134.21 6134.21 6134.21 6134.21 6134.21 6134.21 6134.21 6134.21 6134.21 6145.06 6145.06 6145.06 6145.06 6145.06 6145.06 6145.06 6145.06 6145.06 6145.06 6145.06 6155.91 6155.91 6155.91 6155.91 6155.91 6155.91 6155.91 6155.91 6155.91 6155.91 6155.91 6166.77 6166.77 6166.77 6166.77 6166.77 6166.77 6166.77 6166.77 6166.77 6166.77 6166.77 6177.64 6177.64 6177.64 6177.64 6177.64 6177.64 6177.64 6177.64 6177.64 6177.64 6177.64 6188.51 6188.51 6188.51 6188.51 6188.51 6188.51 6188.51 6188.51 6188.51 6188.51 6188.51 6199.40 6199.40 6199.40 6199.40 6199.40 6199.40 6199.40 6199.40 6199.40 6199.40 6199.40 6210.29 6210.29 6210.29 6210.29 6210.29 6210.29 6210.29 6210.29 6210.29 6210.29 6210.29 6221.18 6221.18 6221.18 6221.18 6221.18 6221.18 6221.18 6221.18 6221.18 6221.18 6221.18 6232.09 6232.09 6232.09 6232.09 6232.09 6232.09 6232.09 6232.09 6232.09 6232.09 6232.09 6243.00 6243.00 6243.00 6243.00 6243.00 6243.00 6243.00 6243.00 6243.00 6243.00 6243.00 6253.92 6253.92 6253.92 6253.92 6253.92 6253.92 6253.92 6253.92 6253.92 6253.92 6253.92 6264.84 6264.84 6264.84 6264.84 6264.84 6264.84 6264.84 6264.84 6264.84 6264.84 6264.84 6275.77 6275.77 6275.77 6275.77 6275.77 6275.77 6275.77 6275.77 6275.77 6275.77 6275.77 6286.72 6286.72 6286.72 6286.72 6286.72 6286.72 6286.72 6286.72 6286.72 6286.72 6286.72 6297.66 6297.66 6297.66 6297.66 6297.66 6297.66 6297.66 6297.66 6297.66 6297.66 6297.66 6308.62 6308.62 6308.62 6308.62 6308.62 6308.62 6308.62 6308.62 6308.62 6308.62 6308.62 6319.58 6319.58 6319.58 6319.58 6319.58 6319.58 6319.58 6319.58 6319.58 6319.58 6319.58 6330.55 6330.55 6330.55 6330.55 6330.55 6330.55 6330.55 6330.55 6330.55 6330.55 6330.55 6341.53 6341.53 6341.53 6341.53 6341.53 6341.53 6341.53 6341.53 6341.53 6341.53 6341.53 6352.51 6352.51 6352.51 6352.51 6352.51 6352.51 6352.51 6352.51 6352.51 6352.51 6352.51 6363.51 6363.51 6363.51 6363.51 6363.51 6363.51 6363.51 6363.51 6363.51 6363.51 6363.51 6374.50 6374.50 6374.50 6374.50 6374.50 6374.50 6374.50 6374.50 6374.50 6374.50 6374.50 6385.51 6385.51 6385.51 6385.51 6385.51 6385.51 6385.51 6385.51 6385.51 6385.51 6385.51 6396.53 6396.53 6396.53 6396.53 6396.53 6396.53 6396.53 6396.53 6396.53 6396.53 6396.53 6407.55 6407.55 6407.55 6407.55 6407.55 6407.55 6407.55 6407.55 6407.55 6407.55 6407.55
=== END RADAR_SCAN ===

=== BEGIN RADAR_SCAN ===
scan.index=14
scan.time=124.330000
radar.id=0
radar.frequency=C
radar.scanning_mode=PPI
radar.x=0.000
radar.y=0.000
radar.z=25.000
radar.maximum_range=250000.000
radar.range_resolution=250.000
radar.angular_resolution=1.000000
box.radar_id=0
box.min_range_gate=707.000
box.max_range_gate=788.000
box.min_angle=100.000000
box.max_angle=111.000000
box.num_ranges=82
box.num_angles=11
box.range_resolution=250.000
box.angular_resolution=1.000000
box.other_angle=0.300000
grid.size=902
grid.data=0.00 0.00 0.00 0.00 0.00 0.00 0.00 0.00 0.00 0.00 0.00 0.00 0.00 0.00 0.00 0.00 0.00 0.00 0.00 0.00 0.00 0.00 0.00 0.00 0.00 0.00 0.00 36.65 35.50 0.00 0.00 0.00 0.00 0.00 0.00 0.00 0.00 0.00 39.16 28.44 0.00 0.00 0.00 0.00 0.00 0.00 0.00 0.00 0.00 30.29 33.44 0.00 0.00 0.00 0.00 0.00 0.00 0.00 0.00 0.00 33.46 38.27 0.00 0.00 0.00 0.00 0.00 0.00 0.00 0.00 0.00 33.73 33.08 35.62 0.00 0.00 0.00 0.00 0.00 0.00 0.00 31.69 37.28 35.97 35.82 0.00 0.00 0.00 0.00 0.00 0.00 0.00 36.59 30.51 33.36 34.70 0.00 0.00 0.00 0.00 0.00 0.00 0.00 33.61 34.35 30.23 34.66 0.00 0.00 0.00 0.00 0.00 0.00 0.00 29.98 35.10 37.35 33.81 0.00 0.00 0.00 0.00 0.00 0.00 0.00 39.83 36.36 42.40 38.32 0.00 0.00 0.00 0.00 0.00 0.00 0.00 29.99 35.26 33.13 33.25 0.00 0.00 0.00 0.00 0.00 0.00 0.00 26.65 34.86 34.87 38.20 0.00 0.00 0.00 0.00 0.00 0.00 0.00 32.13 34.87 31.55 34.34 0.00 0.00 0.00 0.00 0.00 0.00 0.00 35.45 32.28 36.36 34.57 0.00 0.00 0.00 0.00 0.00 0.00 0.00 38.43 34.95 31.58 33.64 35.25 0.00 0.00 0.00 0.00 0.00 0.00 39.46 35.80 32.68 29.17 36.19 0.00 0.00 0.00 0.00 0.00 0.00 38.18 35.77 37.45 37.94 32.70 0.00 0.00 0.00 0.00 0.00 35.87 39.40 32.53 35.52 31.28 34.29 0.00 0.00 0.00 0.00 0.00 38.16 39.63 36.33 36.34 36.23 33.77 0.00 0.00 0.00 0.00 0.00 34.58 40.97 40.59 31.63 35.06 33.49 0.00 0.00 0.00 0.00 0.00 40.63 39.11 35.18 37.26 35.32 38.55 0.00 0.00 0.00 0.00 0.00 41.85 37.44 36.29 34.70 33.13 36.13 0.00 0.00 0.00 0.00 0.00 37.33 35.44 36.44 35.25 33.52 27.96 0.00 0.00 0.00 0.00 0.00 31.99 36.56 41.18 40.40 36.07 36.56 0.00 0.00 0.00 0.00 0.00 42.84 45.20 39.20 33.12 34.02 32.29 0.00 0.00 0.00 0.00 0.00 39.99 39.05 39.18 32.34 37.78 34.17 0.00 0.00 0.00 0.00 0.00 42.16 33.41 38.76 34.04 34.86 34.34 0.00 0.00 0.00 0.00 0.00 36.69 37.62 33.89 35.52 31.35 32.52 0.00 0.00 0.00 0.00 0.00 47.06 42.94 40.16 36.19 31.18 32.70 0.00 0.00 0.00 0.00 0.00 42.85 42.16 38.67 33.86 38.16 34.02 0.00 0.00 0.00 0.00 0.00 36.87 43.50 37.95 35.65 32.23 32.27 0.00 0.00 0.00 0.00 0.00 44.29 36.90 43.12 35.59 35.56 28.82 0.00 0.00 0.00 0.00 0.00 38.05 33.66 37.14 34.32 33.07 34.24 0.00 0.00 0.00 0.00 0.00 42.82 42.67 40.39 36.46 37.98 35.00 0.00 0.00 0.00 0.00 0.00 41.64 37.19 41.92 32.34 34.04 33.33 0.00 0.00 0.00 0.00 0.00 40.28 39.64 42.41 32.20 34.27 37.21 0.00 0.00 0.00 0.00 0.00 39.21 39.94 39.30 32.61 34.69 37.09 0.00 0.00 0.00 0.00 0.00 40.24 43.79 41.12 36.41 32.78 32.24 0.00 0.00 0.00 0.00 0.00 43.77 44.78 37.19 33.91 35.28 31.31 0.00 0.00 0.00 0.00 0.00 37.53 40.46 37.65 34.63 33.09 33.63 0.00 0.00 0.00 0.00 0.00 44.64 42.56 40.04 36.36 35.34 31.54 0.00 0.00 0.00 0.00 0.00 42.72 43.09 39.05 31.86 38.13 31.90 0.00 0.00 0.00 0.00 0.00 42.67 38.02 45.57 38.09 39.31 31.85 0.00 0.00 0.00 0.00 0.00 39.07 40.98 38.81 33.97 35.50 33.16 0.00 0.00 0.00 0.00 0.00 40.43 40.35 42.79 30.97 40.58 34.70 0.00 0.00 0.00 0.00 0.00 42.90 42.60 42.95 33.30 35.43 38.07 0.00 0.00 0.00 0.00 0.00 41.65 40.64 37.42 36.68 34.94 38.43 0.00 0.00 0.00 0.00 0.00 38.81 37.10 42.58 35.76 31.25 35.19 0.00 0.00 0.00 0.00 0.00 31.40 41.65 41.34 36.21 33.02 30.79 0.00 0.00 0.00 0.00 0.00 35.54 40.73 41.71 32.88 36.41 31.56 0.00 0.00 0.00 0.00 0.00 34.19 43.70 36.25 34.74 32.11 35.13 0.00 0.00 0.00 0.00 0.00 33.95 37.00 32.69 33.30 30.27 31.26 0.00 0.00 0.00 0.00 0.00 37.24 43.78 32.40 34.06 38.35 32.76 0.00 0.00 0.00 0.00 0.00 32.97 37.65 34.10 33.48 35.03 35.02 0.00 0.00 0.00 0.00 0.00 36.80 34.59 36.10 33.30 37.45 32.19 0.00 0.00 0.00 0.00 0.00 34.92 35.11 36.81 33.22 36.23 37.59 0.00 0.00 0.00 0.00 0.00 39.57 34.85 33.14 35.09 36.52 32.03 0.00 0.00 0.00 0.00 0.00 33.73 37.95 35.75 36.62 26.98 33.93 0.00 0.00 0.00 0.00 0.00 33.58 36.26 30.76 34.73 34.81 35.34 0.00 0.00 0.00 0.00 0.00 37.85 32.40 36.19 33.50 35.24 33.32 0.00 0.00 0.00 0.00 0.00 0.00 30.29 40.11 34.78 37.52 33.24 0.00 0.00 0.00 0.00 0.00 0.00 38.17 31.23 39.38 33.25 35.10 0.00 0.00 0.00 0.00 0.00 0.00 37.14 33.83 32.53 35.98 37.61 0.00 0.00 0.00 0.00 0.00 0.00 32.68 35.12 33.42 33.46 0.00 0.00 0.00 0.00 0.00 0.00 0.00 36.85 35.18 36.43 37.98 0.00 0.00 0.00 0.00 0.00 0.00 0.00 40.50 39.81 36.39 32.82 0.00 0.00 0.00 0.00 0.00 0.00 0.00 30.95 35.28 32.85 39.06 0.00 0.00 0.00 0.00 0.00 0.00 0.00 34.48 36.21 38.05 34.14 0.00 0.00 0.00 0.00 0.00 0.00 0.00 37.76 35.47 38.50 34.52 0.00 0.00 0.00 0.00 0.00 0.00 0.00 36.01 31.85 35.67 37.36 0.00 0.00 0.00 0.00 0.00 0.00 0.00 31.80 33.91 32.04 29.55 0.00 0.00 0.00 0.00 0.00 0.00 0.00 33.97 35.85 41.04 33.74 0.00 0.00 0.00 0.00 0.00 0.00 0.00 36.52 41.91 34.37 35.10 0.00 0.00 0.00 0.00 0.00 0.00 0.00 0.00 32.97 38.03 34.82 0.00 0.00 0.00 0.00 0.00 0.00 0.00 0.00 35.04 38.10 0.00 0.00 0.00 0.00 0.00 0.00 0.00 0.00 0.00 37.34 39.30 0.00 0.00 0.00 0.00 0.00 0.00 0.00 0.00 0.00 34.68 35.96 0.00 0.00 0.00 0.00 0.00 0.00 0.00 0.00 0.00 39.24 33.27 0.00 0.00 0.00 0.00 0.00 0.00 0.00 0.00 0.00 35.71 39.04 0.00 0.00 0.00 0.00 0.00 0.00 0.00 0.00 0.00 0.00 0.00 0.00 0.00 0.00 0.00
rain_type.data=0 0 0 0 0 0 0 0 0 0 0 0 0 0 0 0 0 0 0 0 0 0 0 0 0 0 0 1 1 0 0 0 0 0 0 0 0 0 1 1 0 0 0 0 0 0 0 0 0 1 1 0 0 0 0 0 0 0 0 0 1 1 0 0 0 0 0 0 0 0 0 1 1 1 0 0 0 0 0 0 0 1 1 1 1 0 0 0 0 0 0 0 1 1 1 1 0 0 0 0 0 0 0 1 1 1 1 0 0 0 0 0 0 0 1 1 1 1 0 0 0 0 0 0 0 1 1 1 1 0 0 0 0 0 0 0 1 1 1 1 0 0 0 0 0 0 0 1 1 1 1 0 0 0 0 0 0 0 1 1 1 1 0 0 0 0 0 0 0 1 1 1 1 0 0 0 0 0 0 0 2 1 1 1 1 0 0 0 0 0 0 2 1 1 1 1 0 0 0 0 0 0 2 1 1 1 1 0 0 0 0 0 1 2 1 1 1 1 0 0 0 0 0 1 2 2 1 1 1 0 0 0 0 0 1 2 2 1 1 1 0 0 0 0 0 2 2 2 1 1 1 0 0 0 0 0 2 2 2 1 1 1 0 0 0 0 0 2 2 2 1 1 1 0 0 0 0 0 2 2 2 1 1 1 0 0 0 0 0 2 2 2 1 1 1 0 0 0 0 0 2 2 2 1 1 1 0 0 0 0 0 2 2 2 1 1 1 0 0 0 0 0 2 2 2 1 1 1 0 0 0 0 0 2 2 2 1 1 1 0 0 0 0 0 2 2 2 1 1 1 0 0 0 0 0 2 2 2 1 1 1 0 0 0 0 0 2 2 2 1 1 1 0 0 0 0 0 2 2 2 1 1 1 0 0 0 0 0 2 2 2 1 1 1 0 0 0 0 0 2 2 2 1 1 1 0 0 0 0 0 2 2 2 1 1 1 0 0 0 0 0 2 2 2 1 1 1 0 0 0 0 0 2 2 2 1 1 1 0 0 0 0 0 2 2 2 1 1 1 0 0 0 0 0 2 2 2 1 1 1 0 0 0 0 0 2 2 2 1 1 1 0 0 0 0 0 2 2 2 1 1 1 0 0 0 0 0 2 2 2 1 1 1 0 0 0 0 0 2 2 2 1 1 1 0 0 0 0 0 2 2 2 1 1 1 0 0 0 0 0 2 2 2 1 1 1 0 0 0 0 0 2 2 2 1 1 1 0 0 0 0 0 2 2 2 1 1 1 0 0 0 0 0 1 2 2 1 1 1 0 0 0 0 0 1 2 2 1 1 1 0 0 0 0 0 1 2 1 1 1 1 0 0 0 0 0 1 2 1 1 1 1 0 0 0 0 0 1 2 1 1 1 1 0 0 0 0 0 1 2 1 1 1 1 0 0 0 0 0 1 1 1 1 1 1 0 0 0 0 0 1 1 1 1 1 1 0 0 0 0 0 1 1 1 1 1 1 0 0 0 0 0 1 1 1 1 1 1 0 0 0 0 0 1 1 1 1 1 1 0 0 0 0 0 1 1 1 1 1 1 0 0 0 0 0 0 1 1 1 1 1 0 0 0 0 0 0 1 1 1 1 1 0 0 0 0 0 0 1 1 1 1 1 0 0 0 0 0 0 1 1 1 1 0 0 0 0 0 0 0 1 1 1 1 0 0 0 0 0 0 0 1 1 1 1 0 0 0 0 0 0 0 1 1 1 1 0 0 0 0 0 0 0 1 1 1 1 0 0 0 0 0 0 0 1 1 1 1 0 0 0 0 0 0 0 1 1 1 1 0 0 0 0 0 0 0 1 1 1 1 0 0 0 0 0 0 0 1 1 1 1 0 0 0 0 0 0 0 1 1 1 1 0 0 0 0 0 0 0 0 1 1 1 0 0 0 0 0 0 0 0 1 1 0 0 0 0 0 0 0 0 0 1 1 0 0 0 0 0 0 0 0 0 1 1 0 0 0 0 0 0 0 0 0 1 1 0 0 0 0 0 0 0 0 0 1 1 0 0 0 0 0 0 0 0 0 0 0 0 0 0 0
estimated_attenuation.size=902
estimated_attenuation.data=0.00 0.00 0.00 0.00 0.00 0.00 0.00 0.00 0.00 0.00 0.00 0.00 0.00 0.00 0.00 0.00 0.00 0.00 0.00 0.00 0.00 0.00 0.00 0.00 0.00 0.00 0.00 0.00 0.00 0.00 0.00 0.00 0.00 0.00 0.00 0.00 0.00 0.00 0.00 0.00 0.00 0.00 0.00 0.00 0.00 0.00 0.00 0.00 0.00 0.00 0.00 0.00 0.00 0.00 0.00 0.00 0.00 0.00 0.00 0.00 0.00 0.00 0.00 0.00 0.00 0.00 0.00 0.00 0.00 0.00 0.00 0.00 0.00 0.00 0.00 0.00 0.00 0.00 0.00 0.00 0.00 0.00 0.00 0.00 0.00 0.00 0.00 0.00 0.00 0.00 0.00 0.00 0.00 0.00 0.00 0.00 0.00 0.00 0.00 0.00 0.00 0.00 0.00 0.00 0.00 0.00 0.00 0.00 0.00 0.00 0.00 0.00 0.00 0.00 0.00 0.00 0.00 0.00 0.00 0.00 0.00 0.00 0.00 0.00 0.00 0.00 0.00 0.00 0.00 0.00 0.00 0.00 0.00 0.00 0.00 0.00 0.00 0.00 0.00 0.00 0.00 0.00 0.00 0.00 0.00 0.00 0.00 0.00 0.00 0.00 0.00 0.00 0.00 0.00 0.00 0.00 0.00 0.00 0.00 0.00 0.00 0.00 0.00 0.00 0.00 0.00 0.00 0.00 0.00 0.00 0.00 0.00 0.00 0.00 0.00 0.00 0.00 0.00 0.00 0.00 0.00 0.00 0.00 0.00 0.00 0.00 0.00 0.00 0.00 0.00 0.00 0.00 0.00 0.00 0.00 0.00 0.00 0.00 0.00 0.00 0.00 0.00 0.00 0.00 0.00 0.00 0.00 0.00 0.00 0.00 0.00 0.00 0.00 0.00 0.00 0.00 0.00 0.00 0.00 0.00 0.00 0.00 0.00 0.00 0.00 0.00 0.00 0.00 0.00 0.00 0.00 0.00 0.00 0.00 0.00 0.00 0.00 0.00 0.00 0.00 0.00 0.00 0.00 0.00 0.00 0.00 0.00 0.00 0.00 0.00 0.00 0.00 0.00 0.00 0.00 0.00 0.00 0.00 0.00 0.00 0.00 0.00 0.00 0.00 0.00 0.00 0.00 0.00 0.00 0.00 0.00 0.00 0.00 0.00 0.00 0.00 0.00 0.00 0.00 0.00 0.00 0.00 0.00 0.00 0.00 0.00 0.00 0.00 0.00 0.00 0.00 0.00 0.00 0.00 0.00 0.00 0.00 0.00 0.00 0.00 0.00 0.00 0.00 0.00 0.00 0.00 0.00 0.00 0.00 0.00 0.00 0.00 0.00 0.00 0.00 0.00 0.00 0.00 0.00 0.00 0.00 0.00 0.00 0.00 0.00 0.00 0.00 0.00 0.00 0.00 0.00 0.00 0.00 0.00 0.00 0.00 0.00 0.00 0.00 0.00 0.00 0.00 0.00 0.00 0.00 0.00 0.00 0.00 0.00 0.00 0.00 0.00 0.00 0.00 0.00 0.00 0.00 0.00 0.00 0.00 0.00 0.00 0.00 0.00 0.00 0.00 0.00 0.00 0.00 0.00 0.00 0.00 0.00 0.00 0.00 0.00 0.00 0.00 0.00 0.00 0.00 0.00 0.00 0.00 0.00 0.00 0.00 0.00 0.00 0.00 0.00 0.00 0.00 0.00 0.00 0.00 0.00 0.00 0.00 0.00 0.00 0.00 0.00 0.00 0.00 0.00 0.00 0.00 0.00 0.00 0.00 0.00 0.00 0.00 0.00 0.00 0.00 0.00 0.00 0.00 0.00 0.00 0.00 0.00 0.00 0.00 0.00 0.00 0.00 0.00 0.00 0.00 0.00 0.00 0.00 0.00 0.00 0.00 0.00 0.00 0.00 0.00 0.00 0.00 0.00 0.00 0.00 0.00 0.00 0.00 0.00 0.00 0.00 0.00 0.00 0.00 0.00 0.00 0.00 0.00 0.00 0.00 0.00 0.00 0.00 0.00 0.00 0.00 0.00 0.00 0.00 0.00 0.00 0.00 0.00 0.00 0.00 0.00 0.00 0.00 0.00 0.00 0.00 0.00 0.00 0.00 0.00 0.00 0.00 0.00 0.00 0.00 0.00 0.00 0.00 0.00 0.00 0.00 0.00 0.00 0.00 0.00 0.00 0.00 0.00 0.00 0.00 0.00 0.00 0.00 0.00 0.00 0.00 0.00 0.00 0.00 0.00 0.00 0.00 0.00 0.00 0.00 0.00 0.00 0.00 0.00 0.00 0.00 0.00 0.00 0.00 0.00 0.00 0.00 0.00 0.00 0.00 0.00 0.00 0.00 0.00 0.00 0.00 0.00 0.00 0.00 0.00 0.00 0.00 0.00 0.00 0.00 0.00 0.00 0.00 0.00 0.00 0.00 0.00 0.00 0.00 0.00 0.00 0.00 0.00 0.00 0.00 0.00 0.00 0.00 0.00 0.00 0.00 0.00 0.00 0.00 0.00 0.00 0.00 0.00 0.00 0.00 0.00 0.00 0.00 0.00 0.00 0.00 0.00 0.00 0.00 0.00 0.00 0.00 0.00 0.00 0.00 0.00 0.00 0.00 0.00 0.00 0.00 0.00 0.00 0.00 0.00 0.00 0.00 0.00 0.00 0.00 0.00 0.00 0.00 0.00 0.00 0.00 0.00 0.00 0.00 0.00 0.00 0.00 0.00 0.00 0.00 0.00 0.00 0.00 0.00 0.00 0.00 0.00 0.00 0.00 0.00 0.00 0.00 0.00 0.00 0.00 0.00 0.00 0.00 0.00 0.00 0.00 0.00 0.00 0.00 0.00 0.00 0.00 0.00 0.00 0.00 0.00 0.00 0.00 0.00 0.00 0.00 0.00 0.00 0.00 0.00 0.00 0.00 0.00 0.00 0.00 0.00 0.00 0.00 0.00 0.00 0.00 0.00 0.00 0.00 0.00 0.00 0.00 0.00 0.00 0.00 0.00 0.00 0.00 0.00 0.00 0.00 0.00 0.00 0.00 0.00 0.00 0.00 0.00 0.00 0.00 0.00 0.00 0.00 0.00 0.00 0.00 0.00 0.00 0.00 0.00 0.00 0.00 0.00 0.00 0.00 0.00 0.00 0.00 0.00 0.00 0.00 0.00 0.00 0.00 0.00 0.00 0.00 0.00 0.00 0.00 0.00 0.00 0.00 0.00 0.00 0.00 0.00 0.00 0.00 0.00 0.00 0.00 0.00 0.00 0.00 0.00 0.00 0.00 0.00 0.00 0.00 0.00 0.00 0.00 0.00 0.00 0.00 0.00 0.00 0.00 0.00 0.00 0.00 0.00 0.00 0.00 0.00 0.00 0.00 0.00 0.00 0.00 0.00 0.00 0.00 0.00 0.00 0.00 0.00 0.00 0.00 0.00 0.00 0.00 0.00 0.00 0.00 0.00 0.00 0.00 0.00 0.00 0.00 0.00 0.00 0.00 0.00 0.00 0.00 0.00 0.00 0.00 0.00 0.00 0.00 0.00 0.00 0.00 0.00 0.00 0.00 0.00 0.00 0.00 0.00 0.00 0.00 0.00 0.00 0.00 0.00 0.00 0.00 0.00 0.00 0.00 0.00 0.00 0.00 0.00 0.00 0.00 0.00 0.00 0.00 0.00 0.00 0.00 0.00 0.00 0.00 0.00 0.00 0.00 0.00 0.00 0.00 0.00 0.00 0.00 0.00 0.00 0.00 0.00 0.00 0.00 0.00 0.00 0.00 0.00 0.00 0.00 0.00 0.00 0.00 0.00 0.00 0.00 0.00 0.00 0.00 0.00 0.00 0.00 0.00 0.00 0.00 0.00 0.00 0.00 0.00 0.00 0.00 0.00 0.00 0.00 0.00 0.00 0.00 0.00 0.00 0.00 0.00 0.00 0.00 0.00 0.00 0.00 0.00 0.00
height.size=902
height.data=2763.83 2763.83 2763.83 2763.83 2763.83 2763.83 2763.83 2763.83 2763.83 2763.83 2763.83 2770.35 2770.35 2770.35 2770.35 2770.35 2770.35 2770.35 2770.35 2770.35 2770.35 2770.35 2776.87 2776.87 2776.87 2776.87 2776.87 2776.87 2776.87 2776.87 2776.87 2776.87 2776.87 2783.39 2783.39 2783.39 2783.39 2783.39 2783.39 2783.39 2783.39 2783.39 2783.39 2783.39 2789.93 2789.93 2789.93 2789.93 2789.93 2789.93 2789.93 2789.93 2789.93 2789.93 2789.93 2796.47 2796.47 2796.47 2796.47 2796.47 2796.47 2796.47 2796.47 2796.47 2796.47 2796.47 2803.02 2803.02 2803.02 2803.02 2803.02 2803.02 2803.02 2803.02 2803.02 2803.02 2803.02 2809.57 2809.57 2809.57 2809.57 2809.57 2809.57 2809.57 2809.57 2809.57 2809.57 2809.57 2816.14 2816.14 2816.14 2816.14 2816.14 2816.14 2816.14 2816.14 2816.14 2816.14 2816.14 2822.71 2822.71 2822.71 2822.71 2822.71 2822.71 2822.71 2822.71 2822.71 2822.71 2822.71 2829.29 2829.29 2829.29 2829.29 2829.29 2829.29 2829.29 2829.29 2829.29 2829.29 2829.29 2835.87 2835.87 2835.87 2835.87 2835.87 2835.87 2835.87 2835.87 2835.87 2835.87 2835.87 2842.47 2842.47 2842.47 2842.47 2842.47 2842.47 2842.47 2842.47 2842.47 2842.47 2842.47 2849.07 2849.07 2849.07 2849.07 2849.07 2849.07 2849.07 2849.07 2849.07 2849.07 2849.07 2855.68 2855.68 2855.68 2855.68 2855.68 2855.68 2855.68 2855.68 2855.68 2855.68 2855.68 2862.29 2862.29 2862.29 2862.29 2862.29 2862.29 2862.29 2862.29 2862.29 2862.29 2862.29 2868.91 2868.91 2868.91 2868.91 2868.91 2868.91 2868.91 2868.91 2868.91 2868.91 2868.91 2875.54 2875.54 2875.54 2875.54 2875.54 2875.54 2875.54 2875.54 2875.54 2875.54 2875.54 2882.18 2882.18 2882.18 2882.18 2882.18 2882.18 2882.18 2882.18 2882.18 2882.18 2882.18 2888.82 2888.82 2888.82 2888.82 2888.82 2888.82 2888.82 2888.82 2888.82 2888.82 2888.82 2895.48 2895.48 2895.48 2895.48 2895.48 2895.48 2895.48 2895.48 2895.48 2895.48 2895.48 2902.14 2902.14 2902.14 2902.14 2902.14 2902.14 2902.14 2902.14 2902.14 2902.14 2902.14 2908.80 2908.80 2908.80 2908.80 2908.80 2908.80 2908.80 2908.80 2908.80 2908.80 2908.80 2915.48 2915.48 2915.48 2915.48 2915.48 2915.48 2915.48 2915.48 2915.48 2915.48 2915.48 2922.16 2922.16 2922.16 2922.16 2922.16 2922.16 2922.16 2922.16 2922.16 2922.16 2922.16 2928.85 2928.85 2928.85 2928.85 2928.85 2928.85 2928.85 2928.85 2928.85 2928.85 2928.85 2935.54 2935.54 2935.54 2935.54 2935.54 2935.54 2935.54 2935.54 2935.54 2935.54 2935.54 2942.25 2942.25 2942.25 2942.25 2942.25 2942.25 2942.25 2942.25 2942.25 2942.25 2942.25 2948.96 2948.96 2948.96 2948.96 2948.96 2948.96 2948.96 2948.96 2948.96 2948.96 2948.96 2955.68 2955.68 2955.68 2955.68 2955.68 2955.68 2955.68 2955.68 2955.68 2955.68 2955.68 2962.40 2962.40 2962.40 2962.40 2962.40 2962.40 2962.40 2962.40 2962.40 2962.40 2962.40 2969.13 2969.13 2969.13 2969.13 2969.13 2969.13 2969.13 2969.13 2969.13 2969.13 2969.13 2975.87 2975.87 2975.87 2975.87 2975.87 2975.87 2975.87 2975.87 2975.87 2975.87 2975.87 2982.62 2982.62 2982.62 2982.62 2982.62 2982.62 2982.62 2982.62 2982.62 2982.62 2982.62 2989.38 2989.38 2989.38 2989.38 2989.38 2989.38 2989.38 2989.38 2989.38 2989.38 2989.38 2996.14 2996.14 2996.14 2996.14 2996.14 2996.14 2996.14 2996.14 2996.14 2996.14 2996.14 3002.91 3002.91 3002.91 3002.91 3002.91 3002.91 3002.91 3002.91 3002.91 3002.91 3002.91 3009.68 3009.68 3009.68 3009.68 3009.68 3009.68 3009.68 3009.68 3009.68 3009.68 3009.68 3016.47 3016.47 3016.47 3016.47 3016.47 3016.47 3016.47 3016.47 3016.47 3016.47 3016.47 3023.26 3023.26 3023.26 3023.26 3023.26 3023.26 3023.26 3023.26 3023.26 3023.26 3023.26 3030.06 3030.06 3030.06 3030.06 3030.06 3030.06 3030.06 3030.06 3030.06 3030.06 3030.06 3036.87 3036.87 3036.87 3036.87 3036.87 3036.87 3036.87 3036.87 3036.87 3036.87 3036.87 3043.68 3043.68 3043.68 3043.68 3043.68 3043.68 3043.68 3043.68 3043.68 3043.68 3043.68 3050.50 3050.50 3050.50 3050.50 3050.50 3050.50 3050.50 3050.50 3050.50 3050.50 3050.50 3057.33 3057.33 3057.33 3057.33 3057.33 3057.33 3057.33 3057.33 3057.33 3057.33 3057.33 3064.16 3064.16 3064.16 3064.16 3064.16 3064.16 3064.16 3064.16 3064.16 3064.16 3064.16 3071.01 3071.01 3071.01 3071.01 3071.01 3071.01 3071.01 3071.01 3071.01 3071.01 3071.01 3077.86 3077.86 3077.86 3077.86 3077.86 3077.86 3077.86 3077.86 3077.86 3077.86 3077.86 3084.72 3084.72 3084.72 3084.72 3084.72 3084.72 3084.72 3084.72 3084.72 3084.72 3084.72 3091.58 3091.58 3091.58 3091.58 3091.58 3091.58 3091.58 3091.58 3091.58 3091.58 3091.58 3098.45 3098.45 3098.45 3098.45 3098.45 3098.45 3098.45 3098.45 3098.45 3098.45 3098.45 3105.33 3105.33 3105.33 3105.33 3105.33 3105.33 3105.33 3105.33 3105.33 3105.33 3105.33 3112.22 3112.22 3112.22 3112.22 3112.22 3112.22 3112.22 3112.22 3112.22 3112.22 3112.22 3119.11 3119.11 3119.11 3119.11 3119.11 3119.11 3119.11 3119.11 3119.11 3119.11 3119.11 3126.02 3126.02 3126.02 3126.02 3126.02 3126.02 3126.02 3126.02 3126.02 3126.02 3126.02 3132.93 3132.93 3132.93 3132.93 3132.93 3132.93 3132.93 3132.93 3132.93 3132.93 3132.93 3139.84 3139.84 3139.84 3139.84 3139.84 3139.84 3139.84 3139.84 3139.84 3139.84 3139.84 3146.77 3146.77 3146.77 3146.77 3146.77 3146.77 3146.77 3146.77 3146.77 3146.77 3146.77 3153.70 3153.70 3153.70 3153.70 3153.70 3153.70 3153.70 3153.70 3153.70 3153.70 3153.70 3160.64 3160.64 3160.64 3160.64 3160.64 3160.64 3160.64 3160.64 3160.64 3160.64 3160.64 3167.58 3167.58 3167.58 3167.58 3167.58 3167.58 3167.58 3167.58 3167.58 3167.58 3167.58 3174.54 3174.54 3174.54 3174.54 3174.54 3174.54 3174.54 3174.54 3174.54 3174.54 3174.54 3181.50 3181.50 3181.50 3181.50 3181.50 3181.50 3181.50 3181.50 3181.50 3181.50 3181.50 3188.46 3188.46 3188.46 3188.46 3188.46 3188.46 3188.46 3188.46 3188.46 3188.46 3188.46 3195.44 3195.44 3195.44 3195.44 3195.44 3195.44 3195.44 3195.44 3195.44 3195.44 3195.44 3202.42 3202.42 3202.42 3202.42 3202.42 3202.42 3202.42 3202.42 3202.42 3202.42 3202.42 3209.41 3209.41 3209.41 3209.41 3209.41 3209.41 3209.41 3209.41 3209.41 3209.41 3209.41 3216.41 3216.41 3216.41 3216.41 3216.41 3216.41 3216.41 3216.41 3216.41 3216.41 3216.41 3223.41 3223.41 3223.41 3223.41 3223.41 3223.41 3223.41 3223.41 3223.41 3223.41 3223.41 3230.43 3230.43 3230.43 3230.43 3230.43 3230.43 3230.43 3230.43 3230.43 3230.43 3230.43 3237.45 3237.45 3237.45 3237.45 3237.45 3237.45 3237.45 3237.45 3237.45 3237.45 3237.45 3244.47 3244.47 3244.47 3244.47 3244.47 3244.47 3244.47 3244.47 3244.47 3244.47 3244.47 3251.51 3251.51 3251.51 3251.51 3251.51 3251.51 3251.51 3251.51 3251.51 3251.51 3251.51 3258.55 3258.55 3258.55 3258.55 3258.55 3258.55 3258.55 3258.55 3258.55 3258.55 3258.55 3265.60 3265.60 3265.60 3265.60 3265.60 3265.60 3265.60 3265.60 3265.60 3265.60 3265.60 3272.65 3272.65 3272.65 3272.65 3272.65 3272.65 3272.65 3272.65 3272.65 3272.65 3272.65 3279.72 3279.72 3279.72 3279.72 3279.72 3279.72 3279.72 3279.72 3279.72 3279.72 3279.72 3286.79 3286.79 3286.79 3286.79 3286.79 3286.79 3286.79 3286.79 3286.79 3286.79 3286.79 3293.87 3293.87 3293.87 3293.87 3293.87 3293.87 3293.87 3293.87 3293.87 3293.87 3293.87 3300.95 3300.95 3300.95 3300.95 3300.95 3300.95 3300.95 3300.95 3300.95 3300.95 3300.95 3308.04 3308.04 3308.04 3308.04 3308.04 3308.04 3308.04 3308.04 3308.04 3308.04 3308.04 3315.14 3315.14 3315.14 3315.14 3315.14 3315.14 3315.14 3315.14 3315.14 3315.14 3315.14
=== END RADAR_SCAN ===

=== BEGIN RADAR_SCAN ===
scan.index=15
scan.time=124.670000
radar.id=0
radar.frequency=C
radar.scanning_mode=PPI
radar.x=0.000
radar.y=0.000
radar.z=25.000
radar.maximum_range=250000.000
radar.range_resolution=250.000
radar.angular_resolution=1.000000
box.radar_id=0
box.min_range_gate=707.000
box.max_range_gate=788.000
box.min_angle=100.000000
box.max_angle=111.000000
box.num_ranges=82
box.num_angles=11
box.range_resolution=250.000
box.angular_resolution=1.000000
box.other_angle=0.300000
grid.size=902
grid.data=0.00 0.00 0.00 0.00 0.00 0.00 0.00 0.00 0.00 0.00 0.00 0.00 0.00 0.00 0.00 0.00 0.00 0.00 0.00 0.00 0.00 0.00 0.00 0.00 0.00 0.00 0.00 33.20 34.52 0.00 0.00 0.00 0.00 0.00 0.00 0.00 0.00 0.00 31.70 30.04 0.00 0.00 0.00 0.00 0.00 0.00 0.00 0.00 0.00 37.85 32.14 0.00 0.00 0.00 0.00 0.00 0.00 0.00 0.00 0.00 31.81 36.35 0.00 0.00 0.00 0.00 0.00 0.00 0.00 0.00 31.21 29.43 32.08 35.03 0.00 0.00 0.00 0.00 0.00 0.00 0.00 34.07 35.36 32.33 36.22 0.00 0.00 0.00 0.00 0.00 0.00 0.00 32.23 34.32 33.98 34.79 0.00 0.00 0.00 0.00 0.00 0.00 0.00 32.86 34.76 34.35 33.16 0.00 0.00 0.00 0.00 0.00 0.00 0.00 35.25 31.50 32.20 33.77 0.00 0.00 0.00 0.00 0.00 0.00 0.00 33.14 32.58 41.41 33.70 0.00 0.00 0.00 0.00 0.00 0.00 0.00 32.81 35.27 32.02 32.37 0.00 0.00 0.00 0.00 0.00 0.00 0.00 34.25 33.54 31.93 32.90 0.00 0.00 0.00 0.00 0.00 0.00 0.00 33.35 34.42 35.55 36.79 0.00 0.00 0.00 0.00 0.00 0.00 0.00 36.72 30.99 33.67 34.79 0.00 0.00 0.00 0.00 0.00 0.00 0.00 35.68 38.41 34.94 33.01 33.76 0.00 0.00 0.00 0.00 0.00 0.00 39.69 38.46 36.62 33.58 34.21 0.00 0.00 0.00 0.00 0.00 38.12 41.51 33.43 37.09 33.45 36.64 0.00 0.00 0.00 0.00 0.00 34.81 39.14 34.72 36.12 36.35 31.52 0.00 0.00 0.00 0.00 0.00 32.03 41.22 34.91 27.40 34.25 33.85 0.00 0.00 0.00 0.00 0.00 38.65 41.60 36.32 31.47 32.09 30.76 0.00 0.00 0.00 0.00 0.00 42.41 37.34 36.38 33.80 34.16 34.34 0.00 0.00 0.00 0.00 0.00 38.57 38.44 35.44 33.19 32.12 39.90 0.00 0.00 0.00 0.00 0.00 41.96 37.50 35.46 33.51 35.97 35.26 0.00 0.00 0.00 0.00 0.00 36.52 46.26 40.52 34.16 33.35 38.19 0.00 0.00 0.00 0.00 0.00 35.91 43.35 34.19 31.93 33.27 33.67 0.00 0.00 0.00 0.00 0.00 41.01 36.22 39.16 32.36 31.99 33.67 0.00 0.00 0.00 0.00 0.00 36.80 38.89 41.94 39.94 35.60 37.10 0.00 0.00 0.00 0.00 0.00 38.40 32.89 43.47 38.40 35.27 39.22 0.00 0.00 0.00 0.00 0.00 35.80 37.76 41.53 31.74 33.88 30.08 0.00 0.00 0.00 0.00 0.00 42.22 40.23 39.76 32.85 34.27 35.65 0.00 0.00 0.00 0.00 0.00 38.23 41.64 41.34 34.62 32.17 33.38 0.00 0.00 0.00 0.00 0.00 38.63 38.97 38.53 36.16 34.99 29.65 0.00 0.00 0.00 0.00 0.00 44.28 43.18 40.32 39.23 34.41 34.73 0.00 0.00 0.00 0.00 0.00 45.15 35.92 44.81 35.23 33.50 38.87 0.00 0.00 0.00 0.00 0.00 38.03 45.58 41.56 34.31 39.21 33.96 0.00 0.00 0.00 0.00 0.00 39.23 43.67 42.37 32.54 34.41 36.06 0.00 0.00 0.00 0.00 0.00 37.33 41.37 41.15 32.53 38.83 38.35 0.00 0.00 0.00 0.00 0.00 39.73 44.42 37.90 35.47 36.65 36.68 0.00 0.00 0.00 0.00 0.00 36.62 42.64 37.67 37.30 37.04 37.95 0.00 0.00 0.00 0.00 0.00 37.83 44.51 42.40 35.18 36.47 34.06 0.00 0.00 0.00 0.00 0.00 40.55 41.29 44.08 30.18 33.46 37.18 0.00 0.00 0.00 0.00 0.00 42.13 45.82 38.32 30.00 33.66 36.67 0.00 0.00 0.00 0.00 0.00 40.13 39.73 38.46 31.27 40.59 33.66 0.00 0.00 0.00 0.00 0.00 41.78 42.35 42.36 33.74 34.57 39.44 0.00 0.00 0.00 0.00 0.00 42.00 39.26 40.21 38.94 31.28 39.94 0.00 0.00 0.00 0.00 0.00 38.18 39.45 40.02 38.45 33.21 33.79 0.00 0.00 0.00 0.00 0.00 40.65 38.08 41.02 36.12 34.35 34.51 0.00 0.00 0.00 0.00 0.00 36.84 42.23 42.33 35.12 31.16 37.30 0.00 0.00 0.00 0.00 0.00 33.57 41.64 42.91 35.83 40.07 36.57 0.00 0.00 0.00 0.00 0.00 34.52 41.90 41.50 35.41 36.22 37.50 0.00 0.00 0.00 0.00 0.00 40.33 42.93 38.35 35.25 35.17 35.13 0.00 0.00 0.00 0.00 0.00 35.10 40.46 35.23 31.98 35.86 38.91 0.00 0.00 0.00 0.00 0.00 33.80 37.64 31.08 36.32 33.47 38.37 0.00 0.00 0.00 0.00 0.00 34.57 39.57 36.44 36.16 28.96 30.69 0.00 0.00 0.00 0.00 0.00 37.72 34.89 32.77 35.24 39.03 36.94 0.00 0.00 0.00 0.00 0.00 38.00 36.63 34.73 35.60 35.95 35.79 0.00 0.00 0.00 0.00 0.00 35.62 37.59 33.22 35.69 33.27 31.33 0.00 0.00 0.00 0.00 0.00 31.44 37.95 36.41 35.89 39.72 33.78 0.00 0.00 0.00 0.00 0.00 35.67 32.84 38.77 38.48 35.82 37.56 0.00 0.00 0.00 0.00 0.00 39.42 37.57 32.58 29.90 36.27 35.56 0.00 0.00 0.00 0.00 0.00 37.05 33.70 36.55 37.12 36.52 31.34 0.00 0.00 0.00 0.00 0.00 0.00 35.65 35.16 33.03 30.71 31.30 0.00 0.00 0.00 0.00 0.00 0.00 33.17 37.22 36.65 38.91 0.00 0.00 0.00 0.00 0.00 0.00 0.00 31.27 34.22 33.46 31.34 0.00 0.00 0.00 0.00 0.00 0.00 0.00 35.38 34.18 34.99 35.28 0.00 0.00 0.00 0.00 0.00 0.00 0.00 37.84 32.88 36.46 36.91 0.00 0.00 0.00 0.00 0.00 0.00 0.00 38.86 34.78 36.06 34.20 0.00 0.00 0.00 0.00 0.00 0.00 0.00 35.28 31.85 31.35 34.62 0.00 0.00 0.00 0.00 0.00 0.00 0.00 36.20 38.82 35.19 38.88 0.00 0.00 0.00 0.00 0.00 0.00 0.00 33.07 33.77 32.66 34.14 0.00 0.00 0.00 0.00 0.00 0.00 0.00 33.24 33.37 37.46 34.71 0.00 0.00 0.00 0.00 0.00 0.00 0.00 37.64 36.67 38.53 33.97 0.00 0.00 0.00 0.00 0.00 0.00 0.00 34.23 40.41 34.05 37.95 0.00 0.00 0.00 0.00 0.00 0.00 0.00 0.00 35.12 36.78 39.45 0.00 0.00 0.00 0.00 0.00 0.00 0.00 0.00 38.39 35.37 0.00 0.00 0.00 0.00 0.00 0.00 0.00 0.00 0.00 39.42 39.62 0.00 0.00 0.00 0.00 0.00 0.00 0.00 0.00 0.00 38.32 36.71 0.00 0.00 0.00 0.00 0.00 0.00 0.00 0.00 0.00 40.85 34.37 0.00 0.00 0.00 0.00 0.00 0.00 0.00 0.00 0.00 0.00 36.94 0.00 0.00 0.00 0.00 0.00 0.00 0.00 0.00 0.00 0.00 0.00 0.00 0.00 0.00 0.00
rain_type.data=0 0 0 0 0 0 0 0 0 0 0 0 0 0 0 0 0 0 0 0 0 0 0 0 0 0 0 1 1 0 0 0 0 0 0 0 0 0 1 1 0 0 0 0 0 0 0 0 0 1 1 0 0 0 0 0 0 0 0 0 1 1 0 0 0 0 0 0 0 0 1 1 1 1 0 0 0 0 0 0 0 1 1 1 1 0 0 0 0 0 0 0 1 1 1 1 0 0 0 0 0 0 0 1 1 1 1 0 0 0 0 0 0 0 1 1 1 1 0 0 0 0 0 0 0 1 1 1 1 0 0 0 0 0 0 0 1 1 1 1 0 0 0 0 0 0 0 1 1 1 1 0 0 0 0 0 0 0 1 1 1 1 0 0 0 0 0 0 0 1 1 1 1 0 0 0 0 0 0 0 2 1 1 1 1 0 0 0 0 0 0 2 1 1 1 1 0 0 0 0 0 1 2 1 1 1 1 0 0 0 0 0 1 2 1 1 1 1 0 0 0 0 0 1 2 2 1 1 1 0 0 0 0 0 2 2 2 1 1 1 0 0 0 0 0 2 2 2 1 1 1 0 0 0 0 0 2 2 2 1 1 1 0 0 0 0 0 2 2 2 1 1 1 0 0 0 0 0 2 2 2 1 1 1 0 0 0 0 0 2 2 2 1 1 1 0 0 0 0 0 2 2 2 1 1 1 0 0 0 0 0 2 2 2 1 1 1 0 0 0 0 0 2 2 2 1 1 1 0 0 0 0 0 2 2 2 1 1 1 0 0 0 0 0 2 2 2 1 1 1 0 0 0 0 0 2 2 2 1 1 1 0 0 0 0 0 2 2 2 1 1 1 0 0 0 0 0 2 2 2 1 1 1 0 0 0 0 0 2 2 2 1 1 1 0 0 0 0 0 2 2 2 1 1 1 0 0 0 0 0 2 2 2 1 1 1 0 0 0 0 0 2 2 2 1 1 1 0 0 0 0 0 2 2 2 1 1 1 0 0 0 0 0 2 2 2 1 1 1 0 0 0 0 0 2 2 2 1 1 1 0 0 0 0 0 2 2 2 1 1 1 0 0 0 0 0 2 2 2 1 1 1 0 0 0 0 0 2 2 2 1 1 1 0 0 0 0 0 2 2 2 1 1 1 0 0 0 0 0 2 2 2 1 1 1 0 0 0 0 0 2 2 2 1 1 1 0 0 0 0 0 2 2 2 1 1 1 0 0 0 0 0 2 2 2 1 1 1 0 0 0 0 0 1 2 2 1 1 1 0 0 0 0 0 1 2 2 1 1 1 0 0 0 0 0 1 2 1 1 1 1 0 0 0 0 0 1 2 1 1 1 1 0 0 0 0 0 1 2 1 1 1 1 0 0 0 0 0 1 2 1 1 1 1 0 0 0 0 0 1 1 1 1 1 1 0 0 0 0 0 1 1 1 1 1 1 0 0 0 0 0 1 1 1 1 1 1 0 0 0 0 0 1 1 1 1 1 1 0 0 0 0 0 1 1 1 1 1 1 0 0 0 0 0 1 1 1 1 1 1 0 0 0 0 0 1 1 1 1 1 1 0 0 0 0 0 0 1 1 1 1 1 0 0 0 0 0 0 1 1 1 1 0 0 0 0 0 0 0 1 1 1 1 0 0 0 0 0 0 0 1 1 1 1 0 0 0 0 0 0 0 1 1 1 1 0 0 0 0 0 0 0 1 1 1 1 0 0 0 0 0 0 0 1 1 1 1 0 0 0 0 0 0 0 1 1 1 1 0 0 0 0 0 0 0 1 1 1 1 0 0 0 0 0 0 0 1 1 1 1 0 0 0 0 0 0 0 1 1 1 1 0 0 0 0 0 0 0 1 1 1 1 0 0 0 0 0 0 0 0 1 1 1 0 0 0 0 0 0 0 0 1 1 0 0 0 0 0 0 0 0 0 1 1 0 0 0 0 0 0 0 0 0 1 1 0 0 0 0 0 0 0 0 0 1 1 0 0 0 0 0 0 0 0 0 0 1 0 0 0 0 0 0 0 0 0 0 0 0 0 0 0
estimated_attenuation.size=902
estimated_attenuation.data=0.00 0.00 0.00 0.00 0.00 0.00 0.00 0.00 0.00 0.00 0.00 0.00 0.00 0.00 0.00 0.00 0.00 0.00 0.00 0.00 0.00 0.00 0.00 0.00 0.00 0.00 0.00 0.00 0.00 0.00 0.00 0.00 0.00 0.00 0.00 0.00 0.00 0.00 0.00 0.00 0.00 0.00 0.00 0.00 0.00 0.00 0.00 0.00 0.00 0.00 0.00 0.00 0.00 0.00 0.00 0.00 0.00 0.00 0.00 0.00 0.00 0.00 0.00 0.00 0.00 0.00 0.00 0.00 0.00 0.00 0.00 0.00 0.00 0.00 0.00 0.00 0.00 0.00 0.00 0.00 0.00 0.00 0.00 0.00 0.00 0.00 0.00 0.00 0.00 0.00 0.00 0.00 0.00 0.00 0.00 0.00 0.00 0.00 0.00 0.00 0.00 0.00 0.00 0.00 0.00 0.00 0.00 0.00 0.00 0.00 0.00 0.00 0.00 0.00 0.00 0.00 0.00 0.00 0.00 0.00 0.00 0.00 0.00 0.00 0.00 0.00 0.00 0.00 0.00 0.00 0.00 0.00 0.00 0.00 0.00 0.00 0.00 0.00 0.00 0.00 0.00 0.00 0.00 0.00 0.00 0.00 0.00 0.00 0.00 0.00 0.00 0.00 0.00 0.00 0.00 0.00 0.00 0.00 0.00 0.00 0.00 0.00 0.00 0.00 0.00 0.00 0.00 0.00 0.00 0.00 0.00 0.00 0.00 0.00 0.00 0.00 0.00 0.00 0.00 0.00 0.00 0.00 0.00 0.00 0.00 0.00 0.00 0.00 0.00 0.00 0.00 0.00 0.00 0.00 0.00 0.00 0.00 0.00 0.00 0.00 0.00 0.00 0.00 0.00 0.00 0.00 0.00 0.00 0.00 0.00 0.00 0.00 0.00 0.00 0.00 0.00 0.00 0.00 0.00 0.00 0.00 0.00 0.00 0.00 0.00 0.00 0.00 0.00 0.00 0.00 0.00 0.00 0.00 0.00 0.00 0.00 0.00 0.00 0.00 0.00 0.00 0.00 0.00 0.00 0.00 0.00 0.00 0.00 0.00 0.00 0.00 0.00 0.00 0.00 0.00 0.00 0.00 0.00 0.00 0.00 0.00 0.00 0.00 0.00 0.00 0.00 0.00 0.00 0.00 0.00 0.00 0.00 0.00 0.00 0.00 0.00 0.00 0.00 0.00 0.00 0.00 0.00 0.00 0.00 0.00 0.00 0.00 0.00 0.00 0.00 0.00 0.00 0.00 0.00 0.00 0.00 0.00 0.00 0.00 0.00 0.00 0.00 0.00 0.00 0.00 0.00 0.00 0.00 0.00 0.00 0.00 0.00 0.00 0.00 0.00 0.00 0.00 0.00 0.00 0.00 0.00 0.00 0.00 0.00 0.00 0.00 0.00 0.00 0.00 0.00 0.00 0.00 0.00 0.00 0.00 0.00 0.00 0.00 0.00 0.00 0.00 0.00 0.00 0.00 0.00 0.00 0.00 0.00 0.00 0.00 0.00 0.00 0.00 0.00 0.00 0.00 0.00 0.00 0.00 0.00 0.00 0.00 0.00 0.00 0.00 0.00 0.00 0.00 0.00 0.00 0.00 0.00 0.00 0.00 0.00 0.00 0.00 0.00 0.00 0.00 0.00 0.00 0.00 0.00 0.00 0.00 0.00 0.00 0.00 0.00 0.00 0.00 0.00 0.00 0.00 0.00 0.00 0.00 0.00 0.00 0.00 0.00 0.00 0.00 0.00 0.00 0.00 0.00 0.00 0.00 0.00 0.00 0.00 0.00 0.00 0.00 0.00 0.00 0.00 0.00 0.00 0.00 0.00 0.00 0.00 0.00 0.00 0.00 0.00 0.00 0.00 0.00 0.00 0.00 0.00 0.00 0.00 0.00 0.00 0.00 0.00 0.00 0.00 0.00 0.00 0.00 0.00 0.00 0.00 0.00 0.00 0.00 0.00 0.00 0.00 0.00 0.00 0.00 0.00 0.00 0.00 0.00 0.00 0.00 0.00 0.00 0.00 0.00 0.00 0.00 0.00 0.00 0.00 0.00 0.00 0.00 0.00 0.00 0.00 0.00 0.00 0.00 0.00 0.00 0.00 0.00 0.00 0.00 0.00 0.00 0.00 0.00 0.00 0.00 0.00 0.00 0.00 0.00 0.00 0.00 0.00 0.00 0.00 0.00 0.00 0.00 0.00 0.00 0.00 0.00 0.00 0.00 0.00 0.00 0.00 0.00 0.00 0.00 0.00 0.00 0.00 0.00 0.00 0.00 0.00 0.00 0.00 0.00 0.00 0.00 0.00 0.00 0.00 0.00 0.00 0.00 0.00 0.00 0.00 0.00 0.00 0.00 0.00 0.00 0.00 0.00 0.00 0.00 0.00 0.00 0.00 0.00 0.00 0.00 0.00 0.00 0.00 0.00 0.00 0.00 0.00 0.00 0.00 0.00 0.00 0.00 0.00 0.00 0.00 0.00 0.00 0.00 0.00 0.00 0.00 0.00 0.00 0.00 0.00 0.00 0.00 0.00 0.00 0.00 0.00 0.00 0.00 0.00 0.00 0.00 0.00 0.00 0.00 0.00 0.00 0.00 0.00 0.00 0.00 0.00 0.00 0.00 0.00 0.00 0.00 0.00 0.00 0.00 0.00 0.00 0.00 0.00 0.00 0.00 0.00 0.00 0.00 0.00 0.00 0.00 0.00 0.00 0.00 0.00 0.00 0.00 0.00 0.00 0.00 0.00 0.00 0.00 0.00 0.00 0.00 0.00 0.00 0.00 0.00 0.00 0.00 0.00 0.00 0.00 0.00 0.00 0.00 0.00 0.00 0.00 0.00 0.00 0.00 0.00 0.00 0.00 0.00 0.00 0.00 0.00 0.00 0.00 0.00 0.00 0.00 0.00 0.00 0.00 0.00 0.00 0.00 0.00 0.00 0.00 0.00 0.00 0.00 0.00 0.00 0.00 0.00 0.00 0.00 0.00 0.00 0.00 0.00 0.00 0.00 0.00 0.00 0.00 0.00 0.00 0.00 0.00 0.00 0.00 0.00 0.00 0.00 0.00 0.00 0.00 0.00 0.00 0.00 0.00 0.00 0.00 0.00 0.00 0.00 0.00 0.00 0.00 0.00 0.00 0.00 0.00 0.00 0.00 0.00 0.00 0.00 0.00 0.00 0.00 0.00 0.00 0.00 0.00 0.00 0.00 0.00 0.00 0.00 0.00 0.00 0.00 0.00 0.00 0.00 0.00 0.00 0.00 0.00 0.00 0.00 0.00 0.00 0.00 0.00 0.00 0.00 0.00 0.00 0.00 0.00 0.00 0.00 0.00 0.00 0.00 0.00 0.00 0.00 0.00 0.00 0.00 0.00 0.00 0.00 0.00 0.00 0.00 0.00 0.00 0.00 0.00 0.00 0.00 0.00 0.00 0.00 0.00 0.00 0.00 0.00 0.00 0.00 0.00 0.00 0.00 0.00 0.00 0.00 0.00 0.00 0.00 0.00 0.00 0.00 0.00 0.00 0.00 0.00 0.00 0.00 0.00 0.00 0.00 0.00 0.00 0.00 0.00 0.00 0.00 0.00 0.00 0.00 0.00 0.00 0.00 0.00 0.00 0.00 0.00 0.00 0.00 0.00 0.00 0.00 0.00 0.00 0.00 0.00 0.00 0.00 0.00 0.00 0.00 0.00 0.00 0.00 0.00 0.00 0.00 0.00 0.00 0.00 0.00 0.00 0.00 0.00 0.00 0.00 0.00 0.00 0.00 0.00 0.00 0.00 0.00 0.00 0.00 0.00 0.00 0.00 0.00 0.00 0.00 0.00 0.00 0.00 0.00 0.00 0.00 0.00 0.00 0.00 0.00 0.00 0.00 0.00 0.00 0.00 0.00 0.00 0.00 0.00 0.00 0.00 0.00 0.00 0.00 0.00 0.00 0.00 0.00 0.00 0.00
height.size=902
height.data=2763.83 2763.83 2763.83 2763.83 2763.83 2763.83 2763.83 2763.83 2763.83 2763.83 2763.83 2770.35 2770.35 2770.35 2770.35 2770.35 2770.35 2770.35 2770.35 2770.35 2770.35 2770.35 2776.87 2776.87 2776.87 2776.87 2776.87 2776.87 2776.87 2776.87 2776.87 2776.87 2776.87 2783.39 2783.39 2783.39 2783.39 2783.39 2783.39 2783.39 2783.39 2783.39 2783.39 2783.39 2789.93 2789.93 2789.93 2789.93 2789.93 2789.93 2789.93 2789.93 2789.93 2789.93 2789.93 2796.47 2796.47 2796.47 2796.47 2796.47 2796.47 2796.47 2796.47 2796.47 2796.47 2796.47 2803.02 2803.02 2803.02 2803.02 2803.02 2803.02 2803.02 2803.02 2803.02 2803.02 2803.02 2809.57 2809.57 2809.57 2809.57 2809.57 2809.57 2809.57 2809.57 2809.57 2809.57 2809.57 2816.14 2816.14 2816.14 2816.14 2816.14 2816.14 2816.14 2816.14 2816.14 2816.14 2816.14 2822.71 2822.71 2822.71 2822.71 2822.71 2822.71 2822.71 2822.71 2822.71 2822.71 2822.71 2829.29 2829.29 2829.29 2829.29 2829.29 2829.29 2829.29 2829.29 2829.29 2829.29 2829.29 2835.87 2835.87 2835.87 2835.87 2835.87 2835.87 2835.87 2835.87 2835.87 2835.87 2835.87 2842.47 2842.47 2842.47 2842.47 2842.47 2842.47 2842.47 2842.47 2842.47 2842.47 2842.47 2849.07 2849.07 2849.07 2849.07 2849.07 2849.07 2849.07 2849.07 2849.07 2849.07 2849.07 2855.68 2855.68 2855.68 2855.68 2855.68 2855.68 2855.68 2855.68 2855.68 2855.68 2855.68 2862.29 2862.29 2862.29 2862.29 2862.29 2862.29 2862.29 2862.29 2862.29 2862.29 2862.29 2868.91 2868.91 2868.91 2868.91 2868.91 2868.91 2868.91 2868.91 2868.91 2868.91 2868.91 2875.54 2875.54 2875.54 2875.54 2875.54 2875.54 2875.54 2875.54 2875.54 2875.54 2875.54 2882.18 2882.18 2882.18 2882.18 2882.18 2882.18 2882.18 2882.18 2882.18 2882.18 2882.18 2888.82 2888.82 2888.82 2888.82 2888.82 2888.82 2888.82 2888.82 2888.82 2888.82 2888.82 2895.48 2895.48 2895.48 2895.48 2895.48 2895.48 2895.48 2895.48 2895.48 2895.48 2895.48 2902.14 2902.14 2902.14 2902.14 2902.14 2902.14 2902.14 2902.14 2902.14 2902.14 2902.14 2908.80 2908.80 2908.80 2908.80 2908.80 2908.80 2908.80 2908.80 2908.80 2908.80 2908.80 2915.48 2915.48 2915.48 2915.48 2915.48 2915.48 2915.48 2915.48 2915.48 2915.48 2915.48 2922.16 2922.16 2922.16 2922.16 2922.16 2922.16 2922.16 2922.16 2922.16 2922.16 2922.16 2928.85 2928.85 2928.85 2928.85 2928.85 2928.85 2928.85 2928.85 2928.85 2928.85 2928.85 2935.54 2935.54 2935.54 2935.54 2935.54 2935.54 2935.54 2935.54 2935.54 2935.54 2935.54 2942.25 2942.25 2942.25 2942.25 2942.25 2942.25 2942.25 2942.25 2942.25 2942.25 2942.25 2948.96 2948.96 2948.96 2948.96 2948.96 2948.96 2948.96 2948.96 2948.96 2948.96 2948.96 2955.68 2955.68 2955.68 2955.68 2955.68 2955.68 2955.68 2955.68 2955.68 2955.68 2955.68 2962.40 2962.40 2962.40 2962.40 2962.40 2962.40 2962.40 2962.40 2962.40 2962.40 2962.40 2969.13 2969.13 2969.13 2969.13 2969.13 2969.13 2969.13 2969.13 2969.13 2969.13 2969.13 2975.87 2975.87 2975.87 2975.87 2975.87 2975.87 2975.87 2975.87 2975.87 2975.87 2975.87 2982.62 2982.62 2982.62 2982.62 2982.62 2982.62 2982.62 2982.62 2982.62 2982.62 2982.62 2989.38 2989.38 2989.38 2989.38 2989.38 2989.38 2989.38 2989.38 2989.38 2989.38 2989.38 2996.14 2996.14 2996.14 2996.14 2996.14 2996.14 2996.14 2996.14 2996.14 2996.14 2996.14 3002.91 3002.91 3002.91 3002.91 3002.91 3002.91 3002.91 3002.91 3002.91 3002.91 3002.91 3009.68 3009.68 3009.68 3009.68 3009.68 3009.68 3009.68 3009.68 3009.68 3009.68 3009.68 3016.47 3016.47 3016.47 3016.47 3016.47 3016.47 3016.47 3016.47 3016.47 3016.47 3016.47 3023.26 3023.26 3023.26 3023.26 3023.26 3023.26 3023.26 3023.26 3023.26 3023.26 3023.26 3030.06 3030.06 3030.06 3030.06 3030.06 3030.06 3030.06 3030.06 3030.06 3030.06 3030.06 3036.87 3036.87 3036.87 3036.87 3036.87 3036.87 3036.87 3036.87 3036.87 3036.87 3036.87 3043.68 3043.68 3043.68 3043.68 3043.68 3043.68 3043.68 3043.68 3043.68 3043.68 3043.68 3050.50 3050.50 3050.50 3050.50 3050.50 3050.50 3050.50 3050.50 3050.50 3050.50 3050.50 3057.33 3057.33 3057.33 3057.33 3057.33 3057.33 3057.33 3057.33 3057.33 3057.33 3057.33 3064.16 3064.16 3064.16 3064.16 3064.16 3064.16 3064.16 3064.16 3064.16 3064.16 3064.16 3071.01 3071.01 3071.01 3071.01 3071.01 3071.01 3071.01 3071.01 3071.01 3071.01 3071.01 3077.86 3077.86 3077.86 3077.86 3077.86 3077.86 3077.86 3077.86 3077.86 3077.86 3077.86 3084.72 3084.72 3084.72 3084.72 3084.72 3084.72 3084.72 3084.72 3084.72 3084.72 3084.72 3091.58 3091.58 3091.58 3091.58 3091.58 3091.58 3091.58 3091.58 3091.58 3091.58 3091.58 3098.45 3098.45 3098.45 3098.45 3098.45 3098.45 3098.45 3098.45 3098.45 3098.45 3098.45 3105.33 3105.33 3105.33 3105.33 3105.33 3105.33 3105.33 3105.33 3105.33 3105.33 3105.33 3112.22 3112.22 3112.22 3112.22 3112.22 3112.22 3112.22 3112.22 3112.22 3112.22 3112.22 3119.11 3119.11 3119.11 3119.11 3119.11 3119.11 3119.11 3119.11 3119.11 3119.11 3119.11 3126.02 3126.02 3126.02 3126.02 3126.02 3126.02 3126.02 3126.02 3126.02 3126.02 3126.02 3132.93 3132.93 3132.93 3132.93 3132.93 3132.93 3132.93 3132.93 3132.93 3132.93 3132.93 3139.84 3139.84 3139.84 3139.84 3139.84 3139.84 3139.84 3139.84 3139.84 3139.84 3139.84 3146.77 3146.77 3146.77 3146.77 3146.77 3146.77 3146.77 3146.77 3146.77 3146.77 3146.77 3153.70 3153.70 3153.70 3153.70 3153.70 3153.70 3153.70 3153.70 3153.70 3153.70 3153.70 3160.64 3160.64 3160.64 3160.64 3160.64 3160.64 3160.64 3160.64 3160.64 3160.64 3160.64 3167.58 3167.58 3167.58 3167.58 3167.58 3167.58 3167.58 3167.58 3167.58 3167.58 3167.58 3174.54 3174.54 3174.54 3174.54 3174.54 3174.54 3174.54 3174.54 3174.54 3174.54 3174.54 3181.50 3181.50 3181.50 3181.50 3181.50 3181.50 3181.50 3181.50 3181.50 3181.50 3181.50 3188.46 3188.46 3188.46 3188.46 3188.46 3188.46 3188.46 3188.46 3188.46 3188.46 3188.46 3195.44 3195.44 3195.44 3195.44 3195.44 3195.44 3195.44 3195.44 3195.44 3195.44 3195.44 3202.42 3202.42 3202.42 3202.42 3202.42 3202.42 3202.42 3202.42 3202.42 3202.42 3202.42 3209.41 3209.41 3209.41 3209.41 3209.41 3209.41 3209.41 3209.41 3209.41 3209.41 3209.41 3216.41 3216.41 3216.41 3216.41 3216.41 3216.41 3216.41 3216.41 3216.41 3216.41 3216.41 3223.41 3223.41 3223.41 3223.41 3223.41 3223.41 3223.41 3223.41 3223.41 3223.41 3223.41 3230.43 3230.43 3230.43 3230.43 3230.43 3230.43 3230.43 3230.43 3230.43 3230.43 3230.43 3237.45 3237.45 3237.45 3237.45 3237.45 3237.45 3237.45 3237.45 3237.45 3237.45 3237.45 3244.47 3244.47 3244.47 3244.47 3244.47 3244.47 3244.47 3244.47 3244.47 3244.47 3244.47 3251.51 3251.51 3251.51 3251.51 3251.51 3251.51 3251.51 3251.51 3251.51 3251.51 3251.51 3258.55 3258.55 3258.55 3258.55 3258.55 3258.55 3258.55 3258.55 3258.55 3258.55 3258.55 3265.60 3265.60 3265.60 3265.60 3265.60 3265.60 3265.60 3265.60 3265.60 3265.60 3265.60 3272.65 3272.65 3272.65 3272.65 3272.65 3272.65 3272.65 3272.65 3272.65 3272.65 3272.65 3279.72 3279.72 3279.72 3279.72 3279.72 3279.72 3279.72 3279.72 3279.72 3279.72 3279.72 3286.79 3286.79 3286.79 3286.79 3286.79 3286.79 3286.79 3286.79 3286.79 3286.79 3286.79 3293.87 3293.87 3293.87 3293.87 3293.87 3293.87 3293.87 3293.87 3293.87 3293.87 3293.87 3300.95 3300.95 3300.95 3300.95 3300.95 3300.95 3300.95 3300.95 3300.95 3300.95 3300.95 3308.04 3308.04 3308.04 3308.04 3308.04 3308.04 3308.04 3308.04 3308.04 3308.04 3308.04 3315.14 3315.14 3315.14 3315.14 3315.14 3315.14 3315.14 3315.14 3315.14 3315.14 3315.14
=== END RADAR_SCAN ===

