=== BEGIN RADAR_SCAN ===
scan.index=1
scan.time=165.000000
radar.id=0
radar.frequency=C
radar.scanning_mode=PPI
radar.x=0.000
radar.y=0.000
radar.z=25.000
radar.maximum_range=250000.000
radar.range_resolution=250.000
radar.angular_resolution=1.000000
box.radar_id=0
box.min_range_gate=713.000
box.max_range_gate=796.000
box.min_angle=97.000000
box.max_angle=108.000000
box.num_ranges=84
box.num_angles=11
box.range_resolution=250.000
box.angular_resolution=1.000000
box.other_angle=12.000000
grid.size=924
grid.data=0.00 0.00 0.00 0.00 0.00 0.00 0.00 0.00 0.00 0.00 0.00 0.00 0.00 0.00 0.00 0.00 0.00 0.00 0.00 0.00 0.00 0.00 0.00 0.00 0.00 0.00 0.00 0.00 0.00 0.00 0.00 0.00 0.00 0.00 0.00 0.00 0.00 0.00 0.00 0.00 0.00 0.00 0.00 0.00 0.00 0.00 0.00 0.00 0.00 0.00 0.00 0.00 0.00 0.00 0.00 0.00 0.00 0.00 0.00 0.00 -0.40 -0.75 0.00 0.00 0.00 0.00 0.00 0.00 0.00 0.00 0.00 0.25 0.03 0.00 0.00 0.00 0.00 0.00 0.00 0.00 0.00 0.00 -0.89 0.31 0.00 0.00 0.00 0.00 0.00 0.00 0.00 0.00 0.00 -1.63 -0.24 0.38 0.00 0.00 0.00 0.00 0.00 0.00 0.00 0.00 0.20 0.41 1.24 0.00 0.00 0.00 0.00 0.00 0.00 0.00 -0.44 0.78 0.07 0.07 0.00 0.00 0.00 0.00 0.00 0.00 0.00 -0.24 0.33 0.16 -0.15 0.00 0.00 0.00 0.00 0.00 0.00 0.00 0.83 0.40 0.24 0.19 0.00 0.00 0.00 0.00 0.00 0.00 0.00 0.01 -0.22 -1.03 0.82 0.00 0.00 0.00 0.00 0.00 0.00 0.00 -0.36 0.01 0.55 0.42 0.00 0.00 0.00 0.00 0.00 0.00 0.00 -1.17 -0.09 0.77 -0.22 0.00 0.00 0.00 0.00 0.00 0.00 0.00 0.87 0.64 -0.52 0.35 0.00 0.00 0.00 0.00 0.00 0.00 0.00 1.10 0.30 -0.06 0.41 0.00 0.00 0.00 0.00 0.00 0.00 0.00 0.30 1.10 1.05 -1.07 -0.10 0.00 0.00 0.00 0.00 0.00 0.00 0.14 0.14 0.55 0.99 0.60 0.00 0.00 0.00 0.00 0.00 0.00 1.52 -0.22 -0.49 0.74 0.57 0.00 0.00 0.00 0.00 0.00 0.00 0.18 -1.16 0.20 0.19 0.31 0.00 0.00 0.00 0.00 0.00 0.00 -0.87 0.79 1.48 -0.91 -0.20 0.00 0.00 0.00 0.00 0.00 0.44 0.39 -0.17 -0.29 0.44 0.60 0.00 0.00 0.00 0.00 0.00 0.43 -1.51 1.85 0.48 -1.18 0.64 0.00 0.00 0.00 0.00 0.00 -1.38 0.77 -0.98 -0.41 -0.45 -0.64 0.00 0.00 0.00 0.00 0.00 0.10 0.54 0.81 -0.25 0.13 -0.18 0.00 0.00 0.00 0.00 0.00 -0.79 0.28 -0.21 1.11 -0.74 0.55 0.00 0.00 0.00 0.00 0.00 0.29 0.81 1.01 0.20 1.31 0.49 0.00 0.00 0.00 0.00 0.00 -1.73 -0.56 1.25 -1.42 -0.53 0.26 0.00 0.00 0.00 0.00 0.00 1.33 -1.13 0.44 -0.68 -0.15 0.07 0.00 0.00 0.00 0.00 0.00 -0.62 0.28 -0.56 -0.23 -0.57 0.16 0.00 0.00 0.00 0.00 0.00 0.36 0.60 0.58 0.39 -0.40 -0.13 0.00 0.00 0.00 0.00 0.00 -0.05 1.21 -0.26 -1.07 0.18 0.27 0.00 0.00 0.00 0.00 0.00 -0.51 -0.62 -0.50 0.32 0.58 1.29 0.00 0.00 0.00 0.00 0.00 0.42 -0.23 -0.24 0.23 -0.68 -0.23 0.00 0.00 0.00 0.00 0.00 0.14 -0.51 1.30 0.54 0.47 0.82 0.00 0.00 0.00 0.00 0.00 -0.07 -0.09 0.18 0.12 0.64 0.22 0.00 0.00 0.00 0.00 0.00 0.56 0.16 -0.11 1.14 0.27 0.39 0.00 0.00 0.00 0.00 0.00 0.11 0.44 -0.95 -0.84 1.19 0.27 0.00 0.00 0.00 0.00 0.00 1.08 -0.16 0.59 0.07 -0.45 -1.21 0.00 0.00 0.00 0.00 0.00 -0.31 1.24 -0.04 0.36 0.25 0.20 0.00 0.00 0.00 0.00 0.00 -0.11 0.00 1.38 0.16 -0.57 -0.33 0.00 0.00 0.00 0.00 0.00 0.03 -0.79 -0.45 0.59 -0.64 1.31 0.00 0.00 0.00 0.00 0.00 -0.86 -0.03 -0.21 -0.01 0.70 0.12 0.00 0.00 0.00 0.00 0.00 0.36 -0.47 0.22 -0.41 0.10 -0.93 0.00 0.00 0.00 0.00 0.00 -1.08 1.03 -0.45 0.44 0.35 0.87 0.00 0.00 0.00 0.00 0.00 1.17 -0.04 -0.21 0.37 0.18 -0.36 0.00 0.00 0.00 0.00 0.00 0.26 -0.30 0.15 -0.55 0.19 -1.19 0.00 0.00 0.00 0.00 0.00 -0.58 0.52 0.03 -0.17 -0.37 -0.72 0.00 0.00 0.00 0.00 0.00 -0.82 0.24 1.20 -0.22 -0.14 0.32 0.00 0.00 0.00 0.00 0.00 0.64 0.39 -1.26 -0.24 -1.11 -0.88 0.00 0.00 0.00 0.00 0.00 -0.61 -0.05 0.06 -0.87 -1.22 -1.39 0.00 0.00 0.00 0.00 0.00 0.51 0.92 0.58 1.14 0.67 0.21 0.00 0.00 0.00 0.00 0.00 0.42 0.63 0.24 0.67 0.06 0.38 0.00 0.00 0.00 0.00 0.00 1.06 0.53 1.04 1.37 0.32 0.09 0.00 0.00 0.00 0.00 0.00 -0.25 0.85 0.52 -0.50 0.59 -0.38 0.00 0.00 0.00 0.00 0.00 -0.54 0.38 -1.71 0.96 -0.66 -0.55 0.00 0.00 0.00 0.00 0.00 -1.12 0.84 0.78 -0.87 -0.80 -1.17 0.00 0.00 0.00 0.00 0.00 -0.93 1.51 -1.00 2.14 -0.40 0.19 0.00 0.00 0.00 0.00 0.00 -0.08 0.39 -0.07 0.06 -1.24 -0.30 0.00 0.00 0.00 0.00 0.00 0.04 -0.21 -0.77 -1.09 -0.27 -0.79 0.00 0.00 0.00 0.00 0.00 0.23 -1.56 -0.03 -1.43 1.31 -0.65 0.00 0.00 0.00 0.00 0.00 0.46 -1.36 0.84 -0.31 -0.00 -1.19 0.00 0.00 0.00 0.00 0.00 0.22 -0.38 -0.01 0.09 0.85 -0.01 0.00 0.00 0.00 0.00 0.00 0.87 -1.42 -0.84 0.36 -0.86 1.12 0.00 0.00 0.00 0.00 0.00 0.00 -0.26 1.31 0.19 0.54 0.45 0.00 0.00 0.00 0.00 0.00 0.00 -0.70 0.24 -2.34 0.10 -0.10 0.00 0.00 0.00 0.00 0.00 0.00 -0.74 0.02 -0.26 0.25 -1.43 0.00 0.00 0.00 0.00 0.00 0.00 0.80 -0.34 0.42 -0.51 -0.32 0.00 0.00 0.00 0.00 0.00 0.00 -0.22 0.52 0.16 -0.08 -0.60 0.00 0.00 0.00 0.00 0.00 0.00 0.01 0.57 0.23 -0.67 -0.64 0.00 0.00 0.00 0.00 0.00 0.00 0.46 0.40 -0.25 -1.40 0.00 0.00 0.00 0.00 0.00 0.00 0.00 -0.20 -0.54 0.18 -0.47 0.00 0.00 0.00 0.00 0.00 0.00 0.00 0.23 -1.82 0.80 0.37 0.00 0.00 0.00 0.00 0.00 0.00 0.00 0.31 0.61 1.47 0.39 0.00 0.00 0.00 0.00 0.00 0.00 0.00 -1.06 -0.47 1.52 0.15 0.00 0.00 0.00 0.00 0.00 0.00 0.00 -0.01 1.17 -0.29 1.15 0.00 0.00 0.00 0.00 0.00 0.00 0.00 0.88 0.30 -0.26 0.00 0.00 0.00 0.00 0.00 0.00 0.00 0.00 0.76 -0.70 -0.41 -0.41 0.00 0.00 0.00 0.00 0.00 0.00 0.00 0.00 -0.50 0.41 0.53 0.00 0.00 0.00 0.00 0.00 0.00 0.00 0.00 -0.72 -1.27 0.19 0.00 0.00 0.00 0.00 0.00 0.00 0.00 0.00 -0.71 0.62 0.23 0.00 0.00 0.00 0.00 0.00 0.00 0.00 0.00 1.37 0.29 0.00 0.00 0.00 0.00
rain_type.data=0 0 0 0 0 0 0 0 0 0 0 0 0 0 0 0 0 0 0 0 0 0 0 0 0 0 0 0 0 0 0 0 0 0 0 0 0 0 0 0 0 0 0 0 0 0 0 0 0 0 0 0 0 0 0 0 0 0 0 0 1 1 0 0 0 0 0 0 0 0 0 1 1 0 0 0 0 0 0 0 0 0 1 1 0 0 0 0 0 0 0 0 0 1 1 1 0 0 0 0 0 0 0 0 1 1 1 0 0 0 0 0 0 0 1 1 1 1 0 0 0 0 0 0 0 1 1 1 1 0 0 0 0 0 0 0 1 1 1 1 0 0 0 0 0 0 0 1 1 1 1 0 0 0 0 0 0 0 1 1 1 1 0 0 0 0 0 0 0 1 1 1 1 0 0 0 0 0 0 0 1 1 1 1 0 0 0 0 0 0 0 1 1 1 1 0 0 0 0 0 0 0 1 1 1 1 1 0 0 0 0 0 0 1 1 1 1 1 0 0 0 0 0 0 1 1 1 1 1 0 0 0 0 0 0 2 1 1 1 1 0 0 0 0 0 0 2 1 1 1 1 0 0 0 0 0 1 2 1 1 1 1 0 0 0 0 0 1 2 2 1 1 1 0 0 0 0 0 1 2 2 1 1 1 0 0 0 0 0 1 2 2 1 1 1 0 0 0 0 0 2 2 2 1 1 1 0 0 0 0 0 2 2 2 1 1 1 0 0 0 0 0 2 2 2 1 1 1 0 0 0 0 0 2 2 2 1 1 1 0 0 0 0 0 2 2 2 1 1 1 0 0 0 0 0 2 2 2 1 1 1 0 0 0 0 0 2 2 2 1 1 1 0 0 0 0 0 2 2 2 1 1 1 0 0 0 0 0 2 2 2 1 1 1 0 0 0 0 0 2 2 2 1 1 1 0 0 0 0 0 2 2 2 1 1 1 0 0 0 0 0 2 2 2 1 1 1 0 0 0 0 0 2 2 2 1 1 1 0 0 0 0 0 2 2 2 1 1 1 0 0 0 0 0 2 2 2 1 1 1 0 0 0 0 0 2 2 2 1 1 1 0 0 0 0 0 2 2 2 1 1 1 0 0 0 0 0 2 2 2 1 1 1 0 0 0 0 0 2 2 2 1 1 1 0 0 0 0 0 2 2 2 1 1 1 0 0 0 0 0 2 2 2 1 1 1 0 0 0 0 0 2 2 2 1 1 1 0 0 0 0 0 2 2 2 1 1 1 0 0 0 0 0 2 2 2 1 1 1 0 0 0 0 0 2 2 2 1 1 1 0 0 0 0 0 2 2 2 1 1 1 0 0 0 0 0 2 2 2 1 1 1 0 0 0 0 0 2 2 2 1 1 1 0 0 0 0 0 1 2 2 1 1 1 0 0 0 0 0 1 2 2 1 1 1 0 0 0 0 0 1 2 2 1 1 1 0 0 0 0 0 1 2 1 1 1 1 0 0 0 0 0 1 2 1 1 1 1 0 0 0 0 0 1 2 1 1 1 1 0 0 0 0 0 1 2 1 1 1 1 0 0 0 0 0 1 1 1 1 1 1 0 0 0 0 0 1 1 1 1 1 1 0 0 0 0 0 1 1 1 1 1 1 0 0 0 0 0 1 1 1 1 1 1 0 0 0 0 0 0 1 1 1 1 1 0 0 0 0 0 0 1 1 1 1 1 0 0 0 0 0 0 1 1 1 1 1 0 0 0 0 0 0 1 1 1 1 1 0 0 0 0 0 0 1 1 1 1 1 0 0 0 0 0 0 1 1 1 1 1 0 0 0 0 0 0 1 1 1 1 0 0 0 0 0 0 0 1 1 1 1 0 0 0 0 0 0 0 1 1 1 1 0 0 0 0 0 0 0 1 1 1 1 0 0 0 0 0 0 0 1 1 1 1 0 0 0 0 0 0 0 1 1 1 1 0 0 0 0 0 0 0 1 1 1 1 0 0 0 0 0 0 0 1 1 1 1 0 0 0 0 0 0 0 0 1 1 1 0 0 0 0 0 0 0 0 1 1 1 0 0 0 0 0 0 0 0 1 1 1 0 0 0 0 0 0 0 0 1 1 0 0 0 0
estimated_attenuation.size=924
estimated_attenuation.data=0.00 0.00 0.00 0.00 0.00 0.00 0.00 0.00 0.00 0.00 0.00 0.00 0.00 0.00 0.00 0.00 0.00 0.00 0.00 0.00 0.00 0.00 0.00 0.00 0.00 0.00 0.00 0.00 0.00 0.00 0.00 0.00 0.00 0.00 0.00 0.00 0.00 0.00 0.00 0.00 0.00 0.00 0.00 0.00 0.00 0.00 0.00 0.00 0.00 0.00 0.00 0.00 0.00 0.00 0.00 0.00 0.00 0.00 0.00 0.00 0.00 0.00 0.00 0.00 0.00 0.00 0.00 0.00 0.00 0.00 0.00 0.00 0.00 0.00 0.00 0.00 0.00 0.00 0.00 0.00 0.00 0.00 0.00 0.00 0.00 0.00 0.00 0.00 0.00 0.00 0.00 0.00 0.00 0.00 0.00 0.00 0.00 0.00 0.00 0.00 0.00 0.00 0.00 0.00 0.00 0.00 0.00 0.00 0.00 0.00 0.00 0.00 0.00 0.00 0.00 0.00 0.00 0.00 0.00 0.00 0.00 0.00 0.00 0.00 0.00 0.00 0.00 0.00 0.00 0.00 0.00 0.00 0.00 0.00 0.00 0.00 0.00 0.00 0.00 0.00 0.00 0.00 0.00 0.00 0.00 0.00 0.00 0.00 0.00 0.00 0.00 0.00 0.00 0.00 0.00 0.00 0.00 0.00 0.00 0.00 0.00 0.00 0.00 0.00 0.00 0.00 0.00 0.00 0.00 0.00 0.00 0.00 0.00 0.00 0.00 0.00 0.00 0.00 0.00 0.00 0.00 0.00 0.00 0.00 0.00 0.00 0.00 0.00 0.00 0.00 0.00 0.00 0.00 0.00 0.00 0.00 0.00 0.00 0.00 0.00 0.00 0.00 0.00 0.00 0.00 0.00 0.00 0.00 0.00 0.00 0.00 0.00 0.00 0.00 0.00 0.00 0.00 0.00 0.00 0.00 0.00 0.00 0.00 0.00 0.00 0.00 0.00 0.00 0.00 0.00 0.00 0.00 0.00 0.00 0.00 0.00 0.00 0.00 0.00 0.00 0.00 0.00 0.00 0.00 0.00 0.00 0.00 0.00 0.00 0.00 0.00 0.00 0.00 0.00 0.00 0.00 0.00 0.00 0.00 0.00 0.00 0.00 0.00 0.00 0.00 0.00 0.00 0.00 0.00 0.00 0.00 0.00 0.00 0.00 0.00 0.00 0.00 0.00 0.00 0.00 0.00 0.00 0.00 0.00 0.00 0.00 0.00 0.00 0.00 0.00 0.00 0.00 0.00 0.00 0.00 0.00 0.00 0.00 0.00 0.00 0.00 0.00 0.00 0.00 0.00 0.00 0.00 0.00 0.00 0.00 0.00 0.00 0.00 0.00 0.00 0.00 0.00 0.00 0.00 0.00 0.00 0.00 0.00 0.00 0.00 0.00 0.00 0.00 0.00 0.00 0.00 0.00 0.00 0.00 0.00 0.00 0.00 0.00 0.00 0.00 0.00 0.00 0.00 0.00 0.00 0.00 0.00 0.00 0.00 0.00 0.00 0.00 0.00 0.00 0.00 0.00 0.00 0.00 0.00 0.00 0.00 0.00 0.00 0.00 0.00 0.00 0.00 0.00 0.00 0.00 0.00 0.00 0.00 0.00 0.00 0.00 0.00 0.00 0.00 0.00 0.00 0.00 0.00 0.00 0.00 0.00 0.00 0.00 0.00 0.00 0.00 0.00 0.00 0.00 0.00 0.00 0.00 0.00 0.00 0.00 0.00 0.00 0.00 0.00 0.00 0.00 0.00 0.00 0.00 0.00 0.00 0.00 0.00 0.00 0.00 0.00 0.00 0.00 0.00 0.00 0.00 0.00 0.00 0.00 0.00 0.00 0.00 0.00 0.00 0.00 0.00 0.00 0.00 0.00 0.00 0.00 0.00 0.00 0.00 0.00 0.00 0.00 0.00 0.00 0.00 0.00 0.00 0.00 0.00 0.00 0.00 0.00 0.00 0.00 0.00 0.00 0.00 0.00 0.00 0.00 0.00 0.00 0.00 0.00 0.00 0.00 0.00 0.00 0.00 0.00 0.00 0.00 0.00 0.00 0.00 0.00 0.00 0.00 0.00 0.00 0.00 0.00 0.00 0.00 0.00 0.00 0.00 0.00 0.00 0.00 0.00 0.00 0.00 0.00 0.00 0.00 0.00 0.00 0.00 0.00 0.00 0.00 0.00 0.00 0.00 0.00 0.00 0.00 0.00 0.00 0.00 0.00 0.00 0.00 0.00 0.00 0.00 0.00 0.00 0.00 0.00 0.00 0.00 0.00 0.00 0.00 0.00 0.00 0.00 0.00 0.00 0.00 0.00 0.00 0.00 0.00 0.00 0.00 0.00 0.00 0.00 0.00 0.00 0.00 0.00 0.00 0.00 0.00 0.00 0.00 0.00 0.00 0.00 0.00 0.00 0.00 0.00 0.00 0.00 0.00 0.00 0.00 0.00 0.00 0.00 0.00 0.00 0.00 0.00 0.00 0.00 0.00 0.00 0.00 0.00 0.00 0.00 0.00 0.00 0.00 0.00 0.00 0.00 0.00 0.00 0.00 0.00 0.00 0.00 0.00 0.00 0.00 0.00 0.00 0.00 0.00 0.00 0.00 0.00 0.00 0.00 0.00 0.00 0.00 0.00 0.00 0.00 0.00 0.00 0.00 0.00 0.00 0.00 0.00 0.00 0.00 0.00 0.00 0.00 0.00 0.00 0.00 0.00 0.00 0.00 0.00 0.00 0.00 0.00 0.00 0.00 0.00 0.00 0.00 0.00 0.00 0.00 0.00 0.00 0.00 0.00 0.00 0.00 0.00 0.00 0.00 0.00 0.00 0.00 0.00 0.00 0.00 0.00 0.00 0.00 0.00 0.00 0.00 0.00 0.00 0.00 0.00 0.00 0.00 0.00 0.00 0.00 0.00 0.00 0.00 0.00 0.00 0.00 0.00 0.00 0.00 0.00 0.00 0.00 0.00 0.00 0.00 0.00 0.00 0.00 0.00 0.00 0.00 0.00 0.00 0.00 0.00 0.00 0.00 0.00 0.00 0.00 0.00 0.00 0.00 0.00 0.00 0.00 0.00 0.00 0.00 0.00 0.00 0.00 0.00 0.00 0.00 0.00 0.00 0.00 0.00 0.00 0.00 0.00 0.00 0.00 0.00 0.00 0.00 0.00 0.00 0.00 0.00 0.00 0.00 0.00 0.00 0.00 0.00 0.00 0.00 0.00 0.00 0.00 0.00 0.00 0.00 0.00 0.00 0.00 0.00 0.00 0.00 0.00 0.00 0.00 0.00 0.00 0.00 0.00 0.00 0.00 0.00 0.00 0.00 0.00 0.00 0.00 0.00 0.00 0.00 0.00 0.00 0.00 0.00 0.00 0.00 0.00 0.00 0.00 0.00 0.00 0.00 0.00 0.00 0.00 0.00 0.00 0.00 0.00 0.00 0.00 0.00 0.00 0.00 0.00 0.00 0.00 0.00 0.00 0.00 0.00 0.00 0.00 0.00 0.00 0.00 0.00 0.00 0.00 0.00 0.00 0.00 0.00 0.00 0.00 0.00 0.00 0.00 0.00 0.00 0.00 0.00 0.00 0.00 0.00 0.00 0.00 0.00 0.00 0.00 0.00 0.00 0.00 0.00 0.00 0.00 0.00 0.00 0.00 0.00 0.00 0.00 0.00 0.00 0.00 0.00 0.00 0.00 0.00 0.00 0.00 0.00 0.00 0.00 0.00 0.00 0.00 0.00 0.00 0.00 0.00 0.00 0.00 0.00 0.00 0.00 0.00 0.00 0.00 0.00 0.00 0.00 0.00 0.00 0.00 0.00 0.00 0.00 0.00 0.00 0.00 0.00 0.00 0.00 0.00 0.00 0.00 0.00 0.00 0.00 0.00 0.00 0.00 0.00 0.00 0.00 0.00 0.00 0.00 0.00 0.00 0.00 0.00 0.00 0.00 0.00 0.00 0.00 0.00 0.00 0.00 0.00 0.00 0.00 0.00 0.00 0.00 0.00 0.00 0.00 0.00 0.00 0.00 0.00 0.00 0.00 0.00 0.00
height.size=924
height.data=38841.63 38841.63 38841.63 38841.63 38841.63 38841.63 38841.63 38841.63 38841.63 38841.63 38841.63 38898.59 38898.59 38898.59 38898.59 38898.59 38898.59 38898.59 38898.59 38898.59 38898.59 38898.59 38955.57 38955.57 38955.57 38955.57 38955.57 38955.57 38955.57 38955.57 38955.57 38955.57 38955.57 39012.55 39012.55 39012.55 39012.55 39012.55 39012.55 39012.55 39012.55 39012.55 39012.55 39012.55 39069.54 39069.54 39069.54 39069.54 39069.54 39069.54 39069.54 39069.54 39069.54 39069.54 39069.54 39126.53 39126.53 39126.53 39126.53 39126.53 39126.53 39126.53 39126.53 39126.53 39126.53 39126.53 39183.53 39183.53 39183.53 39183.53 39183.53 39183.53 39183.53 39183.53 39183.53 39183.53 39183.53 39240.54 39240.54 39240.54 39240.54 39240.54 39240.54 39240.54 39240.54 39240.54 39240.54 39240.54 39297.56 39297.56 39297.56 39297.56 39297.56 39297.56 39297.56 39297.56 39297.56 39297.56 39297.56 39354.58 39354.58 39354.58 39354.58 39354.58 39354.58 39354.58 39354.58 39354.58 39354.58 39354.58 39411.61 39411.61 39411.61 39411.61 39411.61 39411.61 39411.61 39411.61 39411.61 39411.61 39411.61 39468.65 39468.65 39468.65 39468.65 39468.65 39468.65 39468.65 39468.65 39468.65 39468.65 39468.65 39525.69 39525.69 39525.69 39525.69 39525.69 39525.69 39525.69 39525.69 39525.69 39525.69 39525.69 39582.74 39582.74 39582.74 39582.74 39582.74 39582.74 39582.74 39582.74 39582.74 39582.74 39582.74 39639.80 39639.80 39639.80 39639.80 39639.80 39639.80 39639.80 39639.80 39639.80 39639.80 39639.80 39696.86 39696.86 39696.86 39696.86 39696.86 39696.86 39696.86 39696.86 39696.86 39696.86 39696.86 39753.93 39753.93 39753.93 39753.93 39753.93 39753.93 39753.93 39753.93 39753.93 39753.93 39753.93 39811.01 39811.01 39811.01 39811.01 39811.01 39811.01 39811.01 39811.01 39811.01 39811.01 39811.01 39868.09 39868.09 39868.09 39868.09 39868.09 39868.09 39868.09 39868.09 39868.09 39868.09 39868.09 39925.19 39925.19 39925.19 39925.19 39925.19 39925.19 39925.19 39925.19 39925.19 39925.19 39925.19 39982.28 39982.28 39982.28 39982.28 39982.28 39982.28 39982.28 39982.28 39982.28 39982.28 39982.28 40039.39 40039.39 40039.39 40039.39 40039.39 40039.39 40039.39 40039.39 40039.39 40039.39 40039.39 40096.50 40096.50 40096.50 40096.50 40096.50 40096.50 40096.50 40096.50 40096.50 40096.50 40096.50 40153.62 40153.62 40153.62 40153.62 40153.62 40153.62 40153.62 40153.62 40153.62 40153.62 40153.62 40210.75 40210.75 40210.75 40210.75 40210.75 40210.75 40210.75 40210.75 40210.75 40210.75 40210.75 40267.88 40267.88 40267.88 40267.88 40267.88 40267.88 40267.88 40267.88 40267.88 40267.88 40267.88 40325.02 40325.02 40325.02 40325.02 40325.02 40325.02 40325.02 40325.02 40325.02 40325.02 40325.02 40382.17 40382.17 40382.17 40382.17 40382.17 40382.17 40382.17 40382.17 40382.17 40382.17 40382.17 40439.32 40439.32 40439.32 40439.32 40439.32 40439.32 40439.32 40439.32 40439.32 40439.32 40439.32 40496.49 40496.49 40496.49 40496.49 40496.49 40496.49 40496.49 40496.49 40496.49 40496.49 40496.49 40553.65 40553.65 40553.65 40553.65 40553.65 40553.65 40553.65 40553.65 40553.65 40553.65 40553.65 40610.83 40610.83 40610.83 40610.83 40610.83 40610.83 40610.83 40610.83 40610.83 40610.83 40610.83 40668.01 40668.01 40668.01 40668.01 40668.01 40668.01 40668.01 40668.01 40668.01 40668.01 40668.01 40725.20 40725.20 40725.20 40725.20 40725.20 40725.20 40725.20 40725.20 40725.20 40725.20 40725.20 40782.40 40782.40 40782.40 40782.40 40782.40 40782.40 40782.40 40782.40 40782.40 40782.40 40782.40 40839.60 40839.60 40839.60 40839.60 40839.60 40839.60 40839.60 40839.60 40839.60 40839.60 40839.60 40896.81 40896.81 40896.81 40896.81 40896.81 40896.81 40896.81 40896.81 40896.81 40896.81 40896.81 40954.02 40954.02 40954.02 40954.02 40954.02 40954.02 40954.02 40954.02 40954.02 40954.02 40954.02 41011.25 41011.25 41011.25 41011.25 41011.25 41011.25 41011.25 41011.25 41011.25 41011.25 41011.25 41068.48 41068.48 41068.48 41068.48 41068.48 41068.48 41068.48 41068.48 41068.48 41068.48 41068.48 41125.72 41125.72 41125.72 41125.72 41125.72 41125.72 41125.72 41125.72 41125.72 41125.72 41125.72 41182.96 41182.96 41182.96 41182.96 41182.96 41182.96 41182.96 41182.96 41182.96 41182.96 41182.96 41240.21 41240.21 41240.21 41240.21 41240.21 41240.21 41240.21 41240.21 41240.21 41240.21 41240.21 41297.47 41297.47 41297.47 41297.47 41297.47 41297.47 41297.47 41297.47 41297.47 41297.47 41297.47 41354.74 41354.74 41354.74 41354.74 41354.74 41354.74 41354.74 41354.74 41354.74 41354.74 41354.74 41412.01 41412.01 41412.01 41412.01 41412.01 41412.01 41412.01 41412.01 41412.01 41412.01 41412.01 41469.29 41469.29 41469.29 41469.29 41469.29 41469.29 41469.29 41469.29 41469.29 41469.29 41469.29 41526.57 41526.57 41526.57 41526.57 41526.57 41526.57 41526.57 41526.57 41526.57 41526.57 41526.57 41583.87 41583.87 41583.87 41583.87 41583.87 41583.87 41583.87 41583.87 41583.87 41583.87 41583.87 41641.17 41641.17 41641.17 41641.17 41641.17 41641.17 41641.17 41641.17 41641.17 41641.17 41641.17 41698.47 41698.47 41698.47 41698.47 41698.47 41698.47 41698.47 41698.47 41698.47 41698.47 41698.47 41755.79 41755.79 41755.79 41755.79 41755.79 41755.79 41755.79 41755.79 41755.79 41755.79 41755.79 41813.11 41813.11 41813.11 41813.11 41813.11 41813.11 41813.11 41813.11 41813.11 41813.11 41813.11 41870.44 41870.44 41870.44 41870.44 41870.44 41870.44 41870.44 41870.44 41870.44 41870.44 41870.44 41927.77 41927.77 41927.77 41927.77 41927.77 41927.77 41927.77 41927.77 41927.77 41927.77 41927.77 41985.11 41985.11 41985.11 41985.11 41985.11 41985.11 41985.11 41985.11 41985.11 41985.11 41985.11 42042.46 42042.46 42042.46 42042.46 42042.46 42042.46 42042.46 42042.46 42042.46 42042.46 42042.46 42099.82 42099.82 42099.82 42099.82 42099.82 42099.82 42099.82 42099.82 42099.82 42099.82 42099.82 42157.18 42157.18 42157.18 42157.18 42157.18 42157.18 42157.18 42157.18 42157.18 42157.18 42157.18 42214.55 42214.55 42214.55 42214.55 42214.55 42214.55 42214.55 42214.55 42214.55 42214.55 42214.55 42271.92 42271.92 42271.92 42271.92 42271.92 42271.92 42271.92 42271.92 42271.92 42271.92 42271.92 42329.31 42329.31 42329.31 42329.31 42329.31 42329.31 42329.31 42329.31 42329.31 42329.31 42329.31 42386.70 42386.70 42386.70 42386.70 42386.70 42386.70 42386.70 42386.70 42386.70 42386.70 42386.70 42444.09 42444.09 42444.09 42444.09 42444.09 42444.09 42444.09 42444.09 42444.09 42444.09 42444.09 42501.50 42501.50 42501.50 42501.50 42501.50 42501.50 42501.50 42501.50 42501.50 42501.50 42501.50 42558.91 42558.91 42558.91 42558.91 42558.91 42558.91 42558.91 42558.91 42558.91 42558.91 42558.91 42616.33 42616.33 42616.33 42616.33 42616.33 42616.33 42616.33 42616.33 42616.33 42616.33 42616.33 42673.75 42673.75 42673.75 42673.75 42673.75 42673.75 42673.75 42673.75 42673.75 42673.75 42673.75 42731.18 42731.18 42731.18 42731.18 42731.18 42731.18 42731.18 42731.18 42731.18 42731.18 42731.18 42788.62 42788.62 42788.62 42788.62 42788.62 42788.62 42788.62 42788.62 42788.62 42788.62 42788.62 42846.07 42846.07 42846.07 42846.07 42846.07 42846.07 42846.07 42846.07 42846.07 42846.07 42846.07 42903.52 42903.52 42903.52 42903.52 42903.52 42903.52 42903.52 42903.52 42903.52 42903.52 42903.52 42960.98 42960.98 42960.98 42960.98 42960.98 42960.98 42960.98 42960.98 42960.98 42960.98 42960.98 43018.45 43018.45 43018.45 43018.45 43018.45 43018.45 43018.45 43018.45 43018.45 43018.45 43018.45 43075.92 43075.92 43075.92 43075.92 43075.92 43075.92 43075.92 43075.92 43075.92 43075.92 43075.92 43133.40 43133.40 43133.40 43133.40 43133.40 43133.40 43133.40 43133.40 43133.40 43133.40 43133.40 43190.89 43190.89 43190.89 43190.89 43190.89 43190.89 43190.89 43190.89 43190.89 43190.89 43190.89 43248.38 43248.38 43248.38 43248.38 43248.38 43248.38 43248.38 43248.38 43248.38 43248.38 43248.38 43305.88 43305.88 43305.88 43305.88 43305.88 43305.88 43305.88 43305.88 43305.88 43305.88 43305.88 43363.39 43363.39 43363.39 43363.39 43363.39 43363.39 43363.39 43363.39 43363.39 43363.39 43363.39 43420.91 43420.91 43420.91 43420.91 43420.91 43420.91 43420.91 43420.91 43420.91 43420.91 43420.91 43478.43 43478.43 43478.43 43478.43 43478.43 43478.43 43478.43 43478.43 43478.43 43478.43 43478.43 43535.96 43535.96 43535.96 43535.96 43535.96 43535.96 43535.96 43535.96 43535.96 43535.96 43535.96 43593.49 43593.49 43593.49 43593.49 43593.49 43593.49 43593.49 43593.49 43593.49 43593.49 43593.49
=== END RADAR_SCAN ===

=== BEGIN RADAR_SCAN ===
scan.index=2
scan.time=165.330000
radar.id=0
radar.frequency=C
radar.scanning_mode=PPI
radar.x=0.000
radar.y=0.000
radar.z=25.000
radar.maximum_range=250000.000
radar.range_resolution=250.000
radar.angular_resolution=1.000000
box.radar_id=0
box.min_range_gate=704.000
box.max_range_gate=786.000
box.min_angle=97.000000
box.max_angle=108.000000
box.num_ranges=83
box.num_angles=11
box.range_resolution=250.000
box.angular_resolution=1.000000
box.other_angle=8.000000
grid.size=913
grid.data=0.00 0.00 0.00 0.00 0.00 0.00 0.00 0.00 0.00 0.00 0.00 0.00 0.00 0.00 0.00 0.00 0.00 0.00 0.00 0.00 0.00 0.00 0.00 0.00 0.00 0.00 0.00 0.00 0.00 0.00 0.00 0.00 0.00 0.00 0.00 0.00 0.00 0.00 0.00 0.00 0.00 0.00 0.00 0.00 0.00 0.00 0.00 0.00 0.00 -1.08 0.53 0.00 0.00 0.00 0.00 0.00 0.00 0.00 0.00 0.00 0.00 -0.67 0.00 0.00 0.00 0.00 0.00 0.00 0.00 0.00 0.00 0.81 0.23 0.00 0.00 0.00 0.00 0.00 0.00 0.00 0.00 0.00 -0.15 1.17 0.33 0.00 0.00 0.00 0.00 0.00 0.00 0.00 0.00 0.39 -0.64 0.41 0.00 0.00 0.00 0.00 0.00 0.00 0.00 0.57 -1.05 0.66 -0.04 0.00 0.00 0.00 0.00 0.00 0.00 0.00 0.60 0.04 -0.41 -0.27 0.00 0.00 0.00 0.00 0.00 0.00 0.00 0.62 -0.53 -0.38 0.28 0.00 0.00 0.00 0.00 0.00 0.00 0.00 0.73 0.92 -0.91 -0.47 0.00 0.00 0.00 0.00 0.00 0.00 0.00 -0.88 2.07 -0.46 0.29 0.00 0.00 0.00 0.00 0.00 0.00 0.00 -1.11 0.50 -0.26 0.40 0.00 0.00 0.00 0.00 0.00 0.00 0.00 0.54 -0.62 1.04 -0.35 0.00 0.00 0.00 0.00 0.00 0.00 0.00 1.11 -0.70 0.37 0.11 0.00 0.00 0.00 0.00 0.00 0.00 0.00 -0.19 -0.17 -0.83 -0.24 0.58 0.00 0.00 0.00 0.00 0.00 0.00 0.24 0.28 0.16 -0.29 -0.03 0.00 0.00 0.00 0.00 0.00 0.00 0.95 -0.25 -0.87 0.38 -0.84 0.00 0.00 0.00 0.00 0.00 0.00 0.56 0.09 -1.43 0.28 0.30 0.00 0.00 0.00 0.00 0.00 0.00 0.80 -0.17 0.44 -1.36 1.08 0.00 0.00 0.00 0.00 0.00 0.77 0.96 -0.25 0.16 -0.51 -0.32 0.00 0.00 0.00 0.00 0.00 -0.99 -0.05 -0.44 0.04 0.48 -0.71 0.00 0.00 0.00 0.00 0.00 0.60 -0.94 -0.11 0.80 1.03 -0.74 0.00 0.00 0.00 0.00 0.00 -1.19 0.02 0.24 1.36 -0.51 -0.45 0.00 0.00 0.00 0.00 0.00 -0.34 1.57 -0.05 0.06 -0.35 0.49 0.00 0.00 0.00 0.00 0.00 0.29 -0.69 -0.66 0.51 -0.78 -0.24 0.00 0.00 0.00 0.00 0.00 -0.58 -1.14 0.33 1.58 -0.14 -1.20 0.00 0.00 0.00 0.00 0.00 0.31 -0.27 0.31 0.24 0.23 -0.43 0.00 0.00 0.00 0.00 0.00 -0.77 0.06 -0.04 -0.91 -0.16 -0.61 0.00 0.00 0.00 0.00 0.00 1.03 -0.37 0.07 0.75 0.96 -0.06 0.00 0.00 0.00 0.00 0.00 0.43 1.92 2.47 -0.19 0.35 -1.37 0.00 0.00 0.00 0.00 0.00 0.75 -0.29 0.60 -0.42 -0.15 0.15 0.00 0.00 0.00 0.00 0.00 0.42 -0.25 -0.03 1.00 -1.01 0.82 0.00 0.00 0.00 0.00 0.00 1.05 -0.70 -0.42 0.47 -0.95 -0.54 0.00 0.00 0.00 0.00 0.00 -1.01 0.25 0.43 -0.76 -1.53 -0.59 0.00 0.00 0.00 0.00 0.00 0.16 -0.88 0.26 -0.02 1.01 -0.04 0.00 0.00 0.00 0.00 0.00 0.30 -1.88 0.68 0.08 -0.36 0.55 0.00 0.00 0.00 0.00 0.00 -0.37 -0.82 -0.09 -1.04 -0.42 0.95 0.00 0.00 0.00 0.00 0.00 0.61 -0.14 -0.43 0.73 0.86 -0.37 0.00 0.00 0.00 0.00 0.00 1.02 0.31 -0.03 0.16 0.07 -0.23 0.00 0.00 0.00 0.00 0.00 0.68 -0.18 0.05 -1.03 -0.04 1.05 0.00 0.00 0.00 0.00 0.00 0.35 0.41 0.20 -0.13 -1.11 -0.30 0.00 0.00 0.00 0.00 0.00 1.03 -0.15 -0.51 -0.80 -0.06 0.44 0.00 0.00 0.00 0.00 0.00 -0.79 -1.28 0.33 0.60 -0.51 0.98 0.00 0.00 0.00 0.00 0.00 0.71 -0.90 0.56 -1.04 -0.52 -0.14 0.00 0.00 0.00 0.00 0.00 -0.09 -0.60 0.28 0.93 -0.50 -0.27 0.00 0.00 0.00 0.00 0.00 -0.57 0.50 -1.29 0.64 -0.73 -0.75 0.00 0.00 0.00 0.00 0.00 -0.43 0.25 -1.36 1.34 1.87 0.62 0.00 0.00 0.00 0.00 0.00 -0.65 0.37 -0.52 0.19 0.49 0.57 0.00 0.00 0.00 0.00 0.00 -0.85 -1.07 -1.07 1.14 -0.65 -0.76 0.00 0.00 0.00 0.00 0.00 0.86 0.07 -0.39 0.61 0.29 -1.11 0.00 0.00 0.00 0.00 0.00 -0.42 -0.01 -1.06 -2.16 0.38 -0.30 0.00 0.00 0.00 0.00 0.00 -0.48 -0.17 -0.54 -0.42 0.42 1.05 0.00 0.00 0.00 0.00 0.00 0.93 -0.67 0.38 -0.25 0.64 -0.16 0.00 0.00 0.00 0.00 0.00 -1.08 -0.68 -0.78 -0.92 -0.72 -1.65 0.00 0.00 0.00 0.00 0.00 0.15 0.43 -0.72 0.51 -1.77 -0.28 0.00 0.00 0.00 0.00 0.00 -0.23 -0.19 -0.57 1.23 -0.39 -0.45 0.00 0.00 0.00 0.00 0.00 -1.10 0.22 -1.02 0.46 0.27 0.42 0.00 0.00 0.00 0.00 0.00 0.05 0.02 -1.37 0.81 -0.82 -0.25 0.00 0.00 0.00 0.00 0.00 -0.24 -0.33 -1.17 0.88 -0.92 0.78 0.00 0.00 0.00 0.00 0.00 -1.42 -0.40 -0.40 -0.17 -0.92 0.27 0.00 0.00 0.00 0.00 0.00 -1.31 -1.21 -1.41 -1.12 -0.25 -0.07 0.00 0.00 0.00 0.00 0.00 -0.54 0.52 0.67 -0.00 0.99 -0.71 0.00 0.00 0.00 0.00 0.00 0.00 -0.53 1.32 0.47 -0.36 0.16 0.00 0.00 0.00 0.00 0.00 0.00 -0.05 -0.26 0.72 -1.14 -0.73 0.00 0.00 0.00 0.00 0.00 0.00 0.51 0.06 -0.03 0.67 -0.53 0.00 0.00 0.00 0.00 0.00 0.00 0.89 -0.70 0.34 -0.66 0.14 0.00 0.00 0.00 0.00 0.00 0.00 -0.07 -1.04 0.04 0.09 0.50 0.00 0.00 0.00 0.00 0.00 0.00 0.72 1.26 -0.27 -1.04 0.00 0.00 0.00 0.00 0.00 0.00 0.00 -0.14 -0.43 0.51 0.59 0.00 0.00 0.00 0.00 0.00 0.00 0.00 0.73 -0.23 1.00 2.11 0.00 0.00 0.00 0.00 0.00 0.00 0.00 0.16 -0.24 -0.87 -1.34 0.00 0.00 0.00 0.00 0.00 0.00 0.00 -0.62 0.92 -0.02 0.14 0.00 0.00 0.00 0.00 0.00 0.00 0.00 -0.91 1.15 0.34 -1.27 0.00 0.00 0.00 0.00 0.00 0.00 0.00 -0.17 0.56 0.07 -0.02 0.00 0.00 0.00 0.00 0.00 0.00 0.00 0.85 -0.43 -0.37 0.34 0.00 0.00 0.00 0.00 0.00 0.00 0.00 0.00 -0.37 -0.53 0.82 0.00 0.00 0.00 0.00 0.00 0.00 0.00 0.00 0.27 0.94 0.51 0.00 0.00 0.00 0.00 0.00 0.00 0.00 0.00 -0.08 0.24 0.00 0.00 0.00 0.00 0.00 0.00 0.00 0.00 0.00 0.62 -0.55 0.00 0.00 0.00 0.00 0.00 0.00 0.00 0.00 0.00 -1.31 -1.10 0.00 0.00 0.00 0.00
rain_type.data=0 0 0 0 0 0 0 0 0 0 0 0 0 0 0 0 0 0 0 0 0 0 0 0 0 0 0 0 0 0 0 0 0 0 0 0 0 0 0 0 0 0 0 0 0 0 0 0 0 1 1 0 0 0 0 0 0 0 0 0 1 1 0 0 0 0 0 0 0 0 0 1 1 0 0 0 0 0 0 0 0 0 1 1 1 0 0 0 0 0 0 0 0 1 1 1 0 0 0 0 0 0 0 1 1 1 1 0 0 0 0 0 0 0 1 1 1 1 0 0 0 0 0 0 0 1 1 1 1 0 0 0 0 0 0 0 1 1 1 1 0 0 0 0 0 0 0 1 1 1 1 0 0 0 0 0 0 0 1 1 1 1 0 0 0 0 0 0 0 1 1 1 1 0 0 0 0 0 0 0 1 1 1 1 0 0 0 0 0 0 0 1 1 1 1 1 0 0 0 0 0 0 1 1 1 1 1 0 0 0 0 0 0 1 1 1 1 1 0 0 0 0 0 0 2 1 1 1 1 0 0 0 0 0 0 2 1 1 1 1 0 0 0 0 0 1 2 1 1 1 1 0 0 0 0 0 1 2 2 1 1 1 0 0 0 0 0 1 2 2 1 1 1 0 0 0 0 0 2 2 2 1 1 1 0 0 0 0 0 2 2 2 1 1 1 0 0 0 0 0 2 2 2 1 1 1 0 0 0 0 0 2 2 2 1 1 1 0 0 0 0 0 2 2 2 1 1 1 0 0 0 0 0 2 2 2 1 1 1 0 0 0 0 0 2 2 2 1 1 1 0 0 0 0 0 2 2 2 1 1 1 0 0 0 0 0 2 2 2 1 1 1 0 0 0 0 0 2 2 2 1 1 1 0 0 0 0 0 2 2 2 1 1 1 0 0 0 0 0 2 2 2 1 1 1 0 0 0 0 0 2 2 2 1 1 1 0 0 0 0 0 2 2 2 1 1 1 0 0 0 0 0 2 2 2 1 1 1 0 0 0 0 0 2 2 2 1 1 1 0 0 0 0 0 2 2 2 1 1 1 0 0 0 0 0 2 2 2 1 1 1 0 0 0 0 0 2 2 2 1 1 1 0 0 0 0 0 2 2 2 1 1 1 0 0 0 0 0 2 2 2 1 1 1 0 0 0 0 0 2 2 2 1 1 1 0 0 0 0 0 2 2 2 1 1 1 0 0 0 0 0 2 2 2 1 1 1 0 0 0 0 0 2 2 2 1 1 1 0 0 0 0 0 2 2 2 1 1 1 0 0 0 0 0 2 2 2 1 1 1 0 0 0 0 0 2 2 2 1 1 1 0 0 0 0 0 2 2 2 1 1 1 0 0 0 0 0 1 2 2 1 1 1 0 0 0 0 0 1 2 2 1 1 1 0 0 0 0 0 1 2 1 1 1 1 0 0 0 0 0 1 2 1 1 1 1 0 0 0 0 0 1 2 1 1 1 1 0 0 0 0 0 1 2 1 1 1 1 0 0 0 0 0 1 1 1 1 1 1 0 0 0 0 0 1 1 1 1 1 1 0 0 0 0 0 1 1 1 1 1 1 0 0 0 0 0 1 1 1 1 1 1 0 0 0 0 0 1 1 1 1 1 1 0 0 0 0 0 0 1 1 1 1 1 0 0 0 0 0 0 1 1 1 1 1 0 0 0 0 0 0 1 1 1 1 1 0 0 0 0 0 0 1 1 1 1 1 0 0 0 0 0 0 1 1 1 1 1 0 0 0 0 0 0 1 1 1 1 0 0 0 0 0 0 0 1 1 1 1 0 0 0 0 0 0 0 1 1 1 1 0 0 0 0 0 0 0 1 1 1 1 0 0 0 0 0 0 0 1 1 1 1 0 0 0 0 0 0 0 1 1 1 1 0 0 0 0 0 0 0 1 1 1 1 0 0 0 0 0 0 0 1 1 1 1 0 0 0 0 0 0 0 0 1 1 1 0 0 0 0 0 0 0 0 1 1 1 0 0 0 0 0 0 0 0 1 1 0 0 0 0 0 0 0 0 0 1 1 0 0 0 0 0 0 0 0 0 1 1 0 0 0 0
estimated_attenuation.size=913
estimated_attenuation.data=0.00 0.00 0.00 0.00 0.00 0.00 0.00 0.00 0.00 0.00 0.00 0.00 0.00 0.00 0.00 0.00 0.00 0.00 0.00 0.00 0.00 0.00 0.00 0.00 0.00 0.00 0.00 0.00 0.00 0.00 0.00 0.00 0.00 0.00 0.00 0.00 0.00 0.00 0.00 0.00 0.00 0.00 0.00 0.00 0.00 0.00 0.00 0.00 0.00 0.00 0.00 0.00 0.00 0.00 0.00 0.00 0.00 0.00 0.00 0.00 0.00 0.00 0.00 0.00 0.00 0.00 0.00 0.00 0.00 0.00 0.00 0.00 0.00 0.00 0.00 0.00 0.00 0.00 0.00 0.00 0.00 0.00 0.00 0.00 0.00 0.00 0.00 0.00 0.00 0.00 0.00 0.00 0.00 0.00 0.00 0.00 0.00 0.00 0.00 0.00 0.00 0.00 0.00 0.00 0.00 0.00 0.00 0.00 0.00 0.00 0.00 0.00 0.00 0.00 0.00 0.00 0.00 0.00 0.00 0.00 0.00 0.00 0.00 0.00 0.00 0.00 0.00 0.00 0.00 0.00 0.00 0.00 0.00 0.00 0.00 0.00 0.00 0.00 0.00 0.00 0.00 0.00 0.00 0.00 0.00 0.00 0.00 0.00 0.00 0.00 0.00 0.00 0.00 0.00 0.00 0.00 0.00 0.00 0.00 0.00 0.00 0.00 0.00 0.00 0.00 0.00 0.00 0.00 0.00 0.00 0.00 0.00 0.00 0.00 0.00 0.00 0.00 0.00 0.00 0.00 0.00 0.00 0.00 0.00 0.00 0.00 0.00 0.00 0.00 0.00 0.00 0.00 0.00 0.00 0.00 0.00 0.00 0.00 0.00 0.00 0.00 0.00 0.00 0.00 0.00 0.00 0.00 0.00 0.00 0.00 0.00 0.00 0.00 0.00 0.00 0.00 0.00 0.00 0.00 0.00 0.00 0.00 0.00 0.00 0.00 0.00 0.00 0.00 0.00 0.00 0.00 0.00 0.00 0.00 0.00 0.00 0.00 0.00 0.00 0.00 0.00 0.00 0.00 0.00 0.00 0.00 0.00 0.00 0.00 0.00 0.00 0.00 0.00 0.00 0.00 0.00 0.00 0.00 0.00 0.00 0.00 0.00 0.00 0.00 0.00 0.00 0.00 0.00 0.00 0.00 0.00 0.00 0.00 0.00 0.00 0.00 0.00 0.00 0.00 0.00 0.00 0.00 0.00 0.00 0.00 0.00 0.00 0.00 0.00 0.00 0.00 0.00 0.00 0.00 0.00 0.00 0.00 0.00 0.00 0.00 0.00 0.00 0.00 0.00 0.00 0.00 0.00 0.00 0.00 0.00 0.00 0.00 0.00 0.00 0.00 0.00 0.00 0.00 0.00 0.00 0.00 0.00 0.00 0.00 0.00 0.00 0.00 0.00 0.00 0.00 0.00 0.00 0.00 0.00 0.00 0.00 0.00 0.00 0.00 0.00 0.00 0.00 0.00 0.00 0.00 0.00 0.00 0.00 0.00 0.00 0.00 0.00 0.00 0.00 0.00 0.00 0.00 0.00 0.00 0.00 0.00 0.00 0.00 0.00 0.00 0.00 0.00 0.00 0.00 0.00 0.00 0.00 0.00 0.00 0.00 0.00 0.00 0.00 0.00 0.00 0.00 0.00 0.00 0.00 0.00 0.00 0.00 0.00 0.00 0.00 0.00 0.00 0.00 0.00 0.00 0.00 0.00 0.00 0.00 0.00 0.00 0.00 0.00 0.00 0.00 0.00 0.00 0.00 0.00 0.00 0.00 0.00 0.00 0.00 0.00 0.00 0.00 0.00 0.00 0.00 0.00 0.00 0.00 0.00 0.00 0.00 0.00 0.00 0.00 0.00 0.00 0.00 0.00 0.00 0.00 0.00 0.00 0.00 0.00 0.00 0.00 0.00 0.00 0.00 0.00 0.00 0.00 0.00 0.00 0.00 0.00 0.00 0.00 0.00 0.00 0.00 0.00 0.00 0.00 0.00 0.00 0.00 0.00 0.00 0.00 0.00 0.00 0.00 0.00 0.00 0.00 0.00 0.00 0.00 0.00 0.00 0.00 0.00 0.00 0.00 0.00 0.00 0.00 0.00 0.00 0.00 0.00 0.00 0.00 0.00 0.00 0.00 0.00 0.00 0.00 0.00 0.00 0.00 0.00 0.00 0.00 0.00 0.00 0.00 0.00 0.00 0.00 0.00 0.00 0.00 0.00 0.00 0.00 0.00 0.00 0.00 0.00 0.00 0.00 0.00 0.00 0.00 0.00 0.00 0.00 0.00 0.00 0.00 0.00 0.00 0.00 0.00 0.00 0.00 0.00 0.00 0.00 0.00 0.00 0.00 0.00 0.00 0.00 0.00 0.00 0.00 0.00 0.00 0.00 0.00 0.00 0.00 0.00 0.00 0.00 0.00 0.00 0.00 0.00 0.00 0.00 0.00 0.00 0.00 0.00 0.00 0.00 0.00 0.00 0.00 0.00 0.00 0.00 0.00 0.00 0.00 0.00 0.00 0.00 0.00 0.00 0.00 0.00 0.00 0.00 0.00 0.00 0.00 0.00 0.00 0.00 0.00 0.00 0.00 0.00 0.00 0.00 0.00 0.00 0.00 0.00 0.00 0.00 0.00 0.00 0.00 0.00 0.00 0.00 0.00 0.00 0.00 0.00 0.00 0.00 0.00 0.00 0.00 0.00 0.00 0.00 0.00 0.00 0.00 0.00 0.00 0.00 0.00 0.00 0.00 0.00 0.00 0.00 0.00 0.00 0.00 0.00 0.00 0.00 0.00 0.00 0.00 0.00 0.00 0.00 0.00 0.00 0.00 0.00 0.00 0.00 0.00 0.00 0.00 0.00 0.00 0.00 0.00 0.00 0.00 0.00 0.00 0.00 0.00 0.00 0.00 0.00 0.00 0.00 0.00 0.00 0.00 0.00 0.00 0.00 0.00 0.00 0.00 0.00 0.00 0.00 0.00 0.00 0.00 0.00 0.00 0.00 0.00 0.00 0.00 0.00 0.00 0.00 0.00 0.00 0.00 0.00 0.00 0.00 0.00 0.00 0.00 0.00 0.00 0.00 0.00 0.00 0.00 0.00 0.00 0.00 0.00 0.00 0.00 0.00 0.00 0.00 0.00 0.00 0.00 0.00 0.00 0.00 0.00 0.00 0.00 0.00 0.00 0.00 0.00 0.00 0.00 0.00 0.00 0.00 0.00 0.00 0.00 0.00 0.00 0.00 0.00 0.00 0.00 0.00 0.00 0.00 0.00 0.00 0.00 0.00 0.00 0.00 0.00 0.00 0.00 0.00 0.00 0.00 0.00 0.00 0.00 0.00 0.00 0.00 0.00 0.00 0.00 0.00 0.00 0.00 0.00 0.00 0.00 0.00 0.00 0.00 0.00 0.00 0.00 0.00 0.00 0.00 0.00 0.00 0.00 0.00 0.00 0.00 0.00 0.00 0.00 0.00 0.00 0.00 0.00 0.00 0.00 0.00 0.00 0.00 0.00 0.00 0.00 0.00 0.00 0.00 0.00 0.00 0.00 0.00 0.00 0.00 0.00 0.00 0.00 0.00 0.00 0.00 0.00 0.00 0.00 0.00 0.00 0.00 0.00 0.00 0.00 0.00 0.00 0.00 0.00 0.00 0.00 0.00 0.00 0.00 0.00 0.00 0.00 0.00 0.00 0.00 0.00 0.00 0.00 0.00 0.00 0.00 0.00 0.00 0.00 0.00 0.00 0.00 0.00 0.00 0.00 0.00 0.00 0.00 0.00 0.00 0.00 0.00 0.00 0.00 0.00 0.00 0.00 0.00 0.00 0.00 0.00 0.00 0.00 0.00 0.00 0.00 0.00 0.00 0.00 0.00 0.00 0.00 0.00 0.00 0.00 0.00 0.00 0.00 0.00 0.00 0.00 0.00 0.00 0.00 0.00 0.00 0.00 0.00 0.00 0.00 0.00 0.00 0.00 0.00 0.00 0.00 0.00 0.00 0.00 0.00
height.size=913
height.data=26277.08 26277.08 26277.08 26277.08 26277.08 26277.08 26277.08 26277.08 26277.08 26277.08 26277.08 26316.93 26316.93 26316.93 26316.93 26316.93 26316.93 26316.93 26316.93 26316.93 26316.93 26316.93 26356.79 26356.79 26356.79 26356.79 26356.79 26356.79 26356.79 26356.79 26356.79 26356.79 26356.79 26396.66 26396.66 26396.66 26396.66 26396.66 26396.66 26396.66 26396.66 26396.66 26396.66 26396.66 26436.53 26436.53 26436.53 26436.53 26436.53 26436.53 26436.53 26436.53 26436.53 26436.53 26436.53 26476.42 26476.42 26476.42 26476.42 26476.42 26476.42 26476.42 26476.42 26476.42 26476.42 26476.42 26516.31 26516.31 26516.31 26516.31 26516.31 26516.31 26516.31 26516.31 26516.31 26516.31 26516.31 26556.20 26556.20 26556.20 26556.20 26556.20 26556.20 26556.20 26556.20 26556.20 26556.20 26556.20 26596.10 26596.10 26596.10 26596.10 26596.10 26596.10 26596.10 26596.10 26596.10 26596.10 26596.10 26636.02 26636.02 26636.02 26636.02 26636.02 26636.02 26636.02 26636.02 26636.02 26636.02 26636.02 26675.93 26675.93 26675.93 26675.93 26675.93 26675.93 26675.93 26675.93 26675.93 26675.93 26675.93 26715.86 26715.86 26715.86 26715.86 26715.86 26715.86 26715.86 26715.86 26715.86 26715.86 26715.86 26755.79 26755.79 26755.79 26755.79 26755.79 26755.79 26755.79 26755.79 26755.79 26755.79 26755.79 26795.73 26795.73 26795.73 26795.73 26795.73 26795.73 26795.73 26795.73 26795.73 26795.73 26795.73 26835.67 26835.67 26835.67 26835.67 26835.67 26835.67 26835.67 26835.67 26835.67 26835.67 26835.67 26875.63 26875.63 26875.63 26875.63 26875.63 26875.63 26875.63 26875.63 26875.63 26875.63 26875.63 26915.59 26915.59 26915.59 26915.59 26915.59 26915.59 26915.59 26915.59 26915.59 26915.59 26915.59 26955.56 26955.56 26955.56 26955.56 26955.56 26955.56 26955.56 26955.56 26955.56 26955.56 26955.56 26995.53 26995.53 26995.53 26995.53 26995.53 26995.53 26995.53 26995.53 26995.53 26995.53 26995.53 27035.51 27035.51 27035.51 27035.51 27035.51 27035.51 27035.51 27035.51 27035.51 27035.51 27035.51 27075.50 27075.50 27075.50 27075.50 27075.50 27075.50 27075.50 27075.50 27075.50 27075.50 27075.50 27115.50 27115.50 27115.50 27115.50 27115.50 27115.50 27115.50 27115.50 27115.50 27115.50 27115.50 27155.50 27155.50 27155.50 27155.50 27155.50 27155.50 27155.50 27155.50 27155.50 27155.50 27155.50 27195.51 27195.51 27195.51 27195.51 27195.51 27195.51 27195.51 27195.51 27195.51 27195.51 27195.51 27235.53 27235.53 27235.53 27235.53 27235.53 27235.53 27235.53 27235.53 27235.53 27235.53 27235.53 27275.55 27275.55 27275.55 27275.55 27275.55 27275.55 27275.55 27275.55 27275.55 27275.55 27275.55 27315.59 27315.59 27315.59 27315.59 27315.59 27315.59 27315.59 27315.59 27315.59 27315.59 27315.59 27355.63 27355.63 27355.63 27355.63 27355.63 27355.63 27355.63 27355.63 27355.63 27355.63 27355.63 27395.67 27395.67 27395.67 27395.67 27395.67 27395.67 27395.67 27395.67 27395.67 27395.67 27395.67 27435.73 27435.73 27435.73 27435.73 27435.73 27435.73 27435.73 27435.73 27435.73 27435.73 27435.73 27475.79 27475.79 27475.79 27475.79 27475.79 27475.79 27475.79 27475.79 27475.79 27475.79 27475.79 27515.85 27515.85 27515.85 27515.85 27515.85 27515.85 27515.85 27515.85 27515.85 27515.85 27515.85 27555.93 27555.93 27555.93 27555.93 27555.93 27555.93 27555.93 27555.93 27555.93 27555.93 27555.93 27596.01 27596.01 27596.01 27596.01 27596.01 27596.01 27596.01 27596.01 27596.01 27596.01 27596.01 27636.10 27636.10 27636.10 27636.10 27636.10 27636.10 27636.10 27636.10 27636.10 27636.10 27636.10 27676.20 27676.20 27676.20 27676.20 27676.20 27676.20 27676.20 27676.20 27676.20 27676.20 27676.20 27716.30 27716.30 27716.30 27716.30 27716.30 27716.30 27716.30 27716.30 27716.30 27716.30 27716.30 27756.41 27756.41 27756.41 27756.41 27756.41 27756.41 27756.41 27756.41 27756.41 27756.41 27756.41 27796.53 27796.53 27796.53 27796.53 27796.53 27796.53 27796.53 27796.53 27796.53 27796.53 27796.53 27836.65 27836.65 27836.65 27836.65 27836.65 27836.65 27836.65 27836.65 27836.65 27836.65 27836.65 27876.78 27876.78 27876.78 27876.78 27876.78 27876.78 27876.78 27876.78 27876.78 27876.78 27876.78 27916.92 27916.92 27916.92 27916.92 27916.92 27916.92 27916.92 27916.92 27916.92 27916.92 27916.92 27957.07 27957.07 27957.07 27957.07 27957.07 27957.07 27957.07 27957.07 27957.07 27957.07 27957.07 27997.22 27997.22 27997.22 27997.22 27997.22 27997.22 27997.22 27997.22 27997.22 27997.22 27997.22 28037.38 28037.38 28037.38 28037.38 28037.38 28037.38 28037.38 28037.38 28037.38 28037.38 28037.38 28077.55 28077.55 28077.55 28077.55 28077.55 28077.55 28077.55 28077.55 28077.55 28077.55 28077.55 28117.73 28117.73 28117.73 28117.73 28117.73 28117.73 28117.73 28117.73 28117.73 28117.73 28117.73 28157.91 28157.91 28157.91 28157.91 28157.91 28157.91 28157.91 28157.91 28157.91 28157.91 28157.91 28198.10 28198.10 28198.10 28198.10 28198.10 28198.10 28198.10 28198.10 28198.10 28198.10 28198.10 28238.29 28238.29 28238.29 28238.29 28238.29 28238.29 28238.29 28238.29 28238.29 28238.29 28238.29 28278.50 28278.50 28278.50 28278.50 28278.50 28278.50 28278.50 28278.50 28278.50 28278.50 28278.50 28318.71 28318.71 28318.71 28318.71 28318.71 28318.71 28318.71 28318.71 28318.71 28318.71 28318.71 28358.93 28358.93 28358.93 28358.93 28358.93 28358.93 28358.93 28358.93 28358.93 28358.93 28358.93 28399.15 28399.15 28399.15 28399.15 28399.15 28399.15 28399.15 28399.15 28399.15 28399.15 28399.15 28439.38 28439.38 28439.38 28439.38 28439.38 28439.38 28439.38 28439.38 28439.38 28439.38 28439.38 28479.62 28479.62 28479.62 28479.62 28479.62 28479.62 28479.62 28479.62 28479.62 28479.62 28479.62 28519.87 28519.87 28519.87 28519.87 28519.87 28519.87 28519.87 28519.87 28519.87 28519.87 28519.87 28560.12 28560.12 28560.12 28560.12 28560.12 28560.12 28560.12 28560.12 28560.12 28560.12 28560.12 28600.38 28600.38 28600.38 28600.38 28600.38 28600.38 28600.38 28600.38 28600.38 28600.38 28600.38 28640.65 28640.65 28640.65 28640.65 28640.65 28640.65 28640.65 28640.65 28640.65 28640.65 28640.65 28680.92 28680.92 28680.92 28680.92 28680.92 28680.92 28680.92 28680.92 28680.92 28680.92 28680.92 28721.21 28721.21 28721.21 28721.21 28721.21 28721.21 28721.21 28721.21 28721.21 28721.21 28721.21 28761.50 28761.50 28761.50 28761.50 28761.50 28761.50 28761.50 28761.50 28761.50 28761.50 28761.50 28801.79 28801.79 28801.79 28801.79 28801.79 28801.79 28801.79 28801.79 28801.79 28801.79 28801.79 28842.10 28842.10 28842.10 28842.10 28842.10 28842.10 28842.10 28842.10 28842.10 28842.10 28842.10 28882.41 28882.41 28882.41 28882.41 28882.41 28882.41 28882.41 28882.41 28882.41 28882.41 28882.41 28922.72 28922.72 28922.72 28922.72 28922.72 28922.72 28922.72 28922.72 28922.72 28922.72 28922.72 28963.05 28963.05 28963.05 28963.05 28963.05 28963.05 28963.05 28963.05 28963.05 28963.05 28963.05 29003.38 29003.38 29003.38 29003.38 29003.38 29003.38 29003.38 29003.38 29003.38 29003.38 29003.38 29043.72 29043.72 29043.72 29043.72 29043.72 29043.72 29043.72 29043.72 29043.72 29043.72 29043.72 29084.07 29084.07 29084.07 29084.07 29084.07 29084.07 29084.07 29084.07 29084.07 29084.07 29084.07 29124.42 29124.42 29124.42 29124.42 29124.42 29124.42 29124.42 29124.42 29124.42 29124.42 29124.42 29164.78 29164.78 29164.78 29164.78 29164.78 29164.78 29164.78 29164.78 29164.78 29164.78 29164.78 29205.15 29205.15 29205.15 29205.15 29205.15 29205.15 29205.15 29205.15 29205.15 29205.15 29205.15 29245.52 29245.52 29245.52 29245.52 29245.52 29245.52 29245.52 29245.52 29245.52 29245.52 29245.52 29285.90 29285.90 29285.90 29285.90 29285.90 29285.90 29285.90 29285.90 29285.90 29285.90 29285.90 29326.29 29326.29 29326.29 29326.29 29326.29 29326.29 29326.29 29326.29 29326.29 29326.29 29326.29 29366.69 29366.69 29366.69 29366.69 29366.69 29366.69 29366.69 29366.69 29366.69 29366.69 29366.69 29407.09 29407.09 29407.09 29407.09 29407.09 29407.09 29407.09 29407.09 29407.09 29407.09 29407.09 29447.50 29447.50 29447.50 29447.50 29447.50 29447.50 29447.50 29447.50 29447.50 29447.50 29447.50 29487.92 29487.92 29487.92 29487.92 29487.92 29487.92 29487.92 29487.92 29487.92 29487.92 29487.92 29528.35 29528.35 29528.35 29528.35 29528.35 29528.35 29528.35 29528.35 29528.35 29528.35 29528.35 29568.78 29568.78 29568.78 29568.78 29568.78 29568.78 29568.78 29568.78 29568.78 29568.78 29568.78
=== END RADAR_SCAN ===

=== BEGIN RADAR_SCAN ===
scan.index=3
scan.time=165.670000
radar.id=0
radar.frequency=C
radar.scanning_mode=PPI
radar.x=0.000
radar.y=0.000
radar.z=25.000
radar.maximum_range=250000.000
radar.range_resolution=250.000
radar.angular_resolution=1.000000
box.radar_id=0
box.min_range_gate=699.000
box.max_range_gate=781.000
box.min_angle=97.000000
box.max_angle=108.000000
box.num_ranges=83
box.num_angles=11
box.range_resolution=250.000
box.angular_resolution=1.000000
box.other_angle=4.500000
grid.size=913
grid.data=0.00 0.00 0.00 0.00 0.00 0.00 0.00 0.00 0.00 0.00 0.00 0.00 0.00 0.00 0.00 0.00 0.00 0.00 0.00 0.00 0.00 0.00 0.00 0.00 0.00 0.00 0.00 0.00 0.00 0.00 0.00 0.00 0.00 0.00 0.00 0.00 0.00 0.00 0.30 0.81 0.00 0.00 0.00 0.00 0.00 0.00 0.00 0.00 0.00 1.14 -0.53 0.00 0.00 0.00 0.00 0.00 0.00 0.00 0.00 0.00 -0.78 1.04 0.00 0.00 0.00 0.00 0.00 0.00 0.00 0.00 0.00 0.05 0.67 0.00 0.00 0.00 0.00 0.00 0.00 0.00 0.00 0.00 0.51 0.90 2.04 0.00 0.00 0.00 0.00 0.00 0.00 0.00 0.45 -0.84 0.65 -0.68 0.00 0.00 0.00 0.00 0.00 0.00 0.00 0.66 -0.55 -0.75 -2.48 0.00 0.00 0.00 0.00 0.00 0.00 0.00 0.32 -0.05 -0.34 -0.86 0.00 0.00 0.00 0.00 0.00 0.00 0.00 -0.79 -1.09 -0.64 0.54 0.00 0.00 0.00 0.00 0.00 0.00 0.00 0.71 0.42 -0.83 0.13 0.00 0.00 0.00 0.00 0.00 0.00 0.00 -0.47 0.60 0.41 -0.36 0.00 0.00 0.00 0.00 0.00 0.00 0.00 -0.50 -0.38 0.87 -0.37 0.00 0.00 0.00 0.00 0.00 0.00 0.00 0.57 0.76 0.92 -1.02 0.00 0.00 0.00 0.00 0.00 0.00 0.00 0.13 -1.03 0.28 0.66 0.00 0.00 0.00 0.00 0.00 0.00 0.00 -0.47 0.17 0.20 0.20 -1.34 0.00 0.00 0.00 0.00 0.00 0.00 1.65 -0.15 -0.29 -0.62 0.15 0.00 0.00 0.00 0.00 0.00 0.00 -1.27 -0.32 0.75 -1.86 -0.20 0.00 0.00 0.00 0.00 0.00 0.48 -0.39 0.11 -0.78 -0.32 -0.49 0.00 0.00 0.00 0.00 0.00 -1.16 -1.12 0.54 1.72 -0.12 0.22 0.00 0.00 0.00 0.00 0.00 -0.33 -0.30 0.51 -0.75 0.41 0.27 0.00 0.00 0.00 0.00 0.00 -0.37 0.15 -0.46 -0.43 0.25 -0.32 0.00 0.00 0.00 0.00 0.00 0.42 -0.25 -0.57 -0.64 0.73 -0.59 0.00 0.00 0.00 0.00 0.00 0.56 -0.41 0.57 0.41 -0.55 -0.44 0.00 0.00 0.00 0.00 0.00 0.36 0.11 0.26 -0.84 -0.54 -0.65 0.00 0.00 0.00 0.00 0.00 1.68 -0.16 -0.69 -0.30 -0.34 -0.78 0.00 0.00 0.00 0.00 0.00 -0.71 -0.03 1.46 1.09 -1.20 1.26 0.00 0.00 0.00 0.00 0.00 1.43 -0.49 1.39 0.57 0.61 -0.39 0.00 0.00 0.00 0.00 0.00 0.54 0.76 -1.10 -0.41 -0.72 0.24 0.00 0.00 0.00 0.00 0.00 -0.01 0.39 -0.44 -0.28 -0.47 0.72 0.00 0.00 0.00 0.00 0.00 -0.86 -0.18 0.73 0.60 1.76 0.72 0.00 0.00 0.00 0.00 0.00 0.02 -1.67 0.86 0.78 1.91 -0.09 0.00 0.00 0.00 0.00 0.00 0.46 0.50 -0.93 -0.85 -2.15 0.63 0.00 0.00 0.00 0.00 0.00 0.21 -0.19 -0.87 -0.59 -0.33 -0.78 0.00 0.00 0.00 0.00 0.00 -0.13 0.13 1.18 -0.78 1.93 0.01 0.00 0.00 0.00 0.00 0.00 1.20 -0.60 -0.94 -1.00 0.77 -0.26 0.00 0.00 0.00 0.00 0.00 -0.15 -1.75 -0.66 0.63 0.65 -0.39 0.00 0.00 0.00 0.00 0.00 -0.25 0.22 0.35 -0.60 1.63 -0.38 0.00 0.00 0.00 0.00 0.00 0.48 -0.28 0.52 -0.69 -0.93 -0.72 0.00 0.00 0.00 0.00 0.00 0.37 -0.44 -1.76 -0.28 -0.27 2.04 0.00 0.00 0.00 0.00 0.00 0.10 0.20 -0.18 0.38 -0.13 -0.44 0.00 0.00 0.00 0.00 0.00 0.39 0.77 -0.59 0.32 -0.30 0.15 0.00 0.00 0.00 0.00 0.00 -0.17 0.09 0.14 0.29 -0.47 0.35 0.00 0.00 0.00 0.00 0.00 0.36 0.84 -0.95 -2.07 0.21 0.38 0.00 0.00 0.00 0.00 0.00 0.27 1.50 -0.72 0.85 -0.96 -0.47 0.00 0.00 0.00 0.00 0.00 -0.24 0.08 -1.02 -0.72 0.96 -0.45 0.00 0.00 0.00 0.00 0.00 -0.66 -0.44 -0.99 -0.42 -0.46 0.34 0.00 0.00 0.00 0.00 0.00 -0.46 0.58 0.44 0.20 0.53 0.38 0.00 0.00 0.00 0.00 0.00 0.91 -0.79 0.24 -0.23 0.69 0.50 0.00 0.00 0.00 0.00 0.00 0.33 1.18 -0.09 -1.37 0.82 0.41 0.00 0.00 0.00 0.00 0.00 0.50 0.39 1.68 -0.64 2.06 0.58 0.00 0.00 0.00 0.00 0.00 0.47 -0.82 -0.41 -0.33 0.61 0.40 0.00 0.00 0.00 0.00 0.00 -0.81 0.26 -0.59 0.25 0.11 0.64 0.00 0.00 0.00 0.00 0.00 1.99 0.82 -0.28 -0.04 1.16 0.16 0.00 0.00 0.00 0.00 0.00 -0.13 -0.18 1.30 0.98 -0.15 -0.03 0.00 0.00 0.00 0.00 0.00 -0.47 0.02 0.85 1.19 0.91 1.66 0.00 0.00 0.00 0.00 0.00 -0.38 -0.82 0.51 1.11 0.98 -1.50 0.00 0.00 0.00 0.00 0.00 -0.77 -0.17 0.27 0.37 0.99 0.26 0.00 0.00 0.00 0.00 0.00 0.17 -0.96 0.92 -0.15 -0.03 -0.33 0.00 0.00 0.00 0.00 0.00 -0.42 1.16 -0.09 0.28 0.27 0.39 0.00 0.00 0.00 0.00 0.00 0.83 0.77 1.58 -0.32 -0.63 -0.62 0.00 0.00 0.00 0.00 0.00 0.22 -0.34 1.17 -0.81 0.49 -1.12 0.00 0.00 0.00 0.00 0.00 0.00 -0.53 -0.47 -1.27 0.41 0.18 0.00 0.00 0.00 0.00 0.00 0.00 -0.57 -1.01 -1.25 -1.38 0.16 0.00 0.00 0.00 0.00 0.00 0.00 -1.07 -0.96 0.15 0.92 0.11 0.00 0.00 0.00 0.00 0.00 0.00 2.00 0.51 -1.40 -0.02 0.98 0.00 0.00 0.00 0.00 0.00 0.00 -1.58 -0.02 -0.04 -0.15 0.00 0.00 0.00 0.00 0.00 0.00 0.00 -0.21 0.35 -0.24 -1.24 0.00 0.00 0.00 0.00 0.00 0.00 0.00 -1.14 1.09 0.87 0.15 0.00 0.00 0.00 0.00 0.00 0.00 0.00 -0.29 -0.31 0.56 0.16 0.00 0.00 0.00 0.00 0.00 0.00 0.00 0.06 0.32 0.14 -0.40 0.00 0.00 0.00 0.00 0.00 0.00 0.00 -0.61 0.13 0.42 -1.26 0.00 0.00 0.00 0.00 0.00 0.00 0.00 -0.58 -0.82 -0.04 -0.03 0.00 0.00 0.00 0.00 0.00 0.00 0.00 0.37 -2.15 -0.94 1.14 0.00 0.00 0.00 0.00 0.00 0.00 0.00 0.28 -0.52 0.00 -0.49 0.00 0.00 0.00 0.00 0.00 0.00 0.00 0.00 0.91 -0.33 -0.59 0.00 0.00 0.00 0.00 0.00 0.00 0.00 0.00 0.34 -0.30 0.48 0.00 0.00 0.00 0.00 0.00 0.00 0.00 0.00 0.41 -0.54 0.00 0.00 0.00 0.00 0.00 0.00 0.00 0.00 0.00 0.77 0.39 0.00 0.00 0.00 0.00 0.00 0.00 0.00 0.00 0.00 1.27 -0.38 0.00 0.00 0.00 0.00 0.00 0.00 0.00 0.00 0.00 0.00 -1.17 0.00 0.00 0.00 0.00
rain_type.data=0 0 0 0 0 0 0 0 0 0 0 0 0 0 0 0 0 0 0 0 0 0 0 0 0 0 0 0 0 0 0 0 0 0 0 0 0 0 1 1 0 0 0 0 0 0 0 0 0 1 1 0 0 0 0 0 0 0 0 0 1 1 0 0 0 0 0 0 0 0 0 1 1 0 0 0 0 0 0 0 0 0 1 1 1 0 0 0 0 0 0 0 1 1 1 1 0 0 0 0 0 0 0 1 1 1 1 0 0 0 0 0 0 0 1 1 1 1 0 0 0 0 0 0 0 1 1 1 1 0 0 0 0 0 0 0 1 1 1 1 0 0 0 0 0 0 0 1 1 1 1 0 0 0 0 0 0 0 1 1 1 1 0 0 0 0 0 0 0 1 1 1 1 0 0 0 0 0 0 0 1 1 1 1 0 0 0 0 0 0 0 1 1 1 1 1 0 0 0 0 0 0 1 1 1 1 1 0 0 0 0 0 0 2 1 1 1 1 0 0 0 0 0 1 2 1 1 1 1 0 0 0 0 0 1 2 1 1 1 1 0 0 0 0 0 1 2 1 1 1 1 0 0 0 0 0 1 2 2 1 1 1 0 0 0 0 0 2 2 2 1 1 1 0 0 0 0 0 2 2 2 1 1 1 0 0 0 0 0 2 2 2 1 1 1 0 0 0 0 0 2 2 2 1 1 1 0 0 0 0 0 2 2 2 1 1 1 0 0 0 0 0 2 2 2 1 1 1 0 0 0 0 0 2 2 2 1 1 1 0 0 0 0 0 2 2 2 1 1 1 0 0 0 0 0 2 2 2 1 1 1 0 0 0 0 0 2 2 2 1 1 1 0 0 0 0 0 2 2 2 1 1 1 0 0 0 0 0 2 2 2 1 1 1 0 0 0 0 0 2 2 2 1 1 1 0 0 0 0 0 2 2 2 1 1 1 0 0 0 0 0 2 2 2 1 1 1 0 0 0 0 0 2 2 2 1 1 1 0 0 0 0 0 2 2 2 1 1 1 0 0 0 0 0 2 2 2 1 1 1 0 0 0 0 0 2 2 2 1 1 1 0 0 0 0 0 2 2 2 1 1 1 0 0 0 0 0 2 2 2 1 1 1 0 0 0 0 0 2 2 2 1 1 1 0 0 0 0 0 2 2 2 1 1 1 0 0 0 0 0 2 2 2 1 1 1 0 0 0 0 0 2 2 2 1 1 1 0 0 0 0 0 2 2 2 1 1 1 0 0 0 0 0 2 2 2 1 1 1 0 0 0 0 0 2 2 2 1 1 1 0 0 0 0 0 2 2 2 1 1 1 0 0 0 0 0 1 2 2 1 1 1 0 0 0 0 0 1 2 2 1 1 1 0 0 0 0 0 1 2 1 1 1 1 0 0 0 0 0 1 2 1 1 1 1 0 0 0 0 0 1 2 1 1 1 1 0 0 0 0 0 1 2 1 1 1 1 0 0 0 0 0 1 1 1 1 1 1 0 0 0 0 0 1 1 1 1 1 1 0 0 0 0 0 1 1 1 1 1 1 0 0 0 0 0 1 1 1 1 1 1 0 0 0 0 0 1 1 1 1 1 1 0 0 0 0 0 0 1 1 1 1 1 0 0 0 0 0 0 1 1 1 1 1 0 0 0 0 0 0 1 1 1 1 1 0 0 0 0 0 0 1 1 1 1 1 0 0 0 0 0 0 1 1 1 1 0 0 0 0 0 0 0 1 1 1 1 0 0 0 0 0 0 0 1 1 1 1 0 0 0 0 0 0 0 1 1 1 1 0 0 0 0 0 0 0 1 1 1 1 0 0 0 0 0 0 0 1 1 1 1 0 0 0 0 0 0 0 1 1 1 1 0 0 0 0 0 0 0 1 1 1 1 0 0 0 0 0 0 0 1 1 1 1 0 0 0 0 0 0 0 0 1 1 1 0 0 0 0 0 0 0 0 1 1 1 0 0 0 0 0 0 0 0 1 1 0 0 0 0 0 0 0 0 0 1 1 0 0 0 0 0 0 0 0 0 1 1 0 0 0 0 0 0 0 0 0 0 1 0 0 0 0
estimated_attenuation.size=913
estimated_attenuation.data=0.00 0.00 0.00 0.00 0.00 0.00 0.00 0.00 0.00 0.00 0.00 0.00 0.00 0.00 0.00 0.00 0.00 0.00 0.00 0.00 0.00 0.00 0.00 0.00 0.00 0.00 0.00 0.00 0.00 0.00 0.00 0.00 0.00 0.00 0.00 0.00 0.00 0.00 0.00 0.00 0.00 0.00 0.00 0.00 0.00 0.00 0.00 0.00 0.00 0.00 0.00 0.00 0.00 0.00 0.00 0.00 0.00 0.00 0.00 0.00 0.00 0.00 0.00 0.00 0.00 0.00 0.00 0.00 0.00 0.00 0.00 0.00 0.00 0.00 0.00 0.00 0.00 0.00 0.00 0.00 0.00 0.00 0.00 0.00 0.00 0.00 0.00 0.00 0.00 0.00 0.00 0.00 0.00 0.00 0.00 0.00 0.00 0.00 0.00 0.00 0.00 0.00 0.00 0.00 0.00 0.00 0.00 0.00 0.00 0.00 0.00 0.00 0.00 0.00 0.00 0.00 0.00 0.00 0.00 0.00 0.00 0.00 0.00 0.00 0.00 0.00 0.00 0.00 0.00 0.00 0.00 0.00 0.00 0.00 0.00 0.00 0.00 0.00 0.00 0.00 0.00 0.00 0.00 0.00 0.00 0.00 0.00 0.00 0.00 0.00 0.00 0.00 0.00 0.00 0.00 0.00 0.00 0.00 0.00 0.00 0.00 0.00 0.00 0.00 0.00 0.00 0.00 0.00 0.00 0.00 0.00 0.00 0.00 0.00 0.00 0.00 0.00 0.00 0.00 0.00 0.00 0.00 0.00 0.00 0.00 0.00 0.00 0.00 0.00 0.00 0.00 0.00 0.00 0.00 0.00 0.00 0.00 0.00 0.00 0.00 0.00 0.00 0.00 0.00 0.00 0.00 0.00 0.00 0.00 0.00 0.00 0.00 0.00 0.00 0.00 0.00 0.00 0.00 0.00 0.00 0.00 0.00 0.00 0.00 0.00 0.00 0.00 0.00 0.00 0.00 0.00 0.00 0.00 0.00 0.00 0.00 0.00 0.00 0.00 0.00 0.00 0.00 0.00 0.00 0.00 0.00 0.00 0.00 0.00 0.00 0.00 0.00 0.00 0.00 0.00 0.00 0.00 0.00 0.00 0.00 0.00 0.00 0.00 0.00 0.00 0.00 0.00 0.00 0.00 0.00 0.00 0.00 0.00 0.00 0.00 0.00 0.00 0.00 0.00 0.00 0.00 0.00 0.00 0.00 0.00 0.00 0.00 0.00 0.00 0.00 0.00 0.00 0.00 0.00 0.00 0.00 0.00 0.00 0.00 0.00 0.00 0.00 0.00 0.00 0.00 0.00 0.00 0.00 0.00 0.00 0.00 0.00 0.00 0.00 0.00 0.00 0.00 0.00 0.00 0.00 0.00 0.00 0.00 0.00 0.00 0.00 0.00 0.00 0.00 0.00 0.00 0.00 0.00 0.00 0.00 0.00 0.00 0.00 0.00 0.00 0.00 0.00 0.00 0.00 0.00 0.00 0.00 0.00 0.00 0.00 0.00 0.00 0.00 0.00 0.00 0.00 0.00 0.00 0.00 0.00 0.00 0.00 0.00 0.00 0.00 0.00 0.00 0.00 0.00 0.00 0.00 0.00 0.00 0.00 0.00 0.00 0.00 0.00 0.00 0.00 0.00 0.00 0.00 0.00 0.00 0.00 0.00 0.00 0.00 0.00 0.00 0.00 0.00 0.00 0.00 0.00 0.00 0.00 0.00 0.00 0.00 0.00 0.00 0.00 0.00 0.00 0.00 0.00 0.00 0.00 0.00 0.00 0.00 0.00 0.00 0.00 0.00 0.00 0.00 0.00 0.00 0.00 0.00 0.00 0.00 0.00 0.00 0.00 0.00 0.00 0.00 0.00 0.00 0.00 0.00 0.00 0.00 0.00 0.00 0.00 0.00 0.00 0.00 0.00 0.00 0.00 0.00 0.00 0.00 0.00 0.00 0.00 0.00 0.00 0.00 0.00 0.00 0.00 0.00 0.00 0.00 0.00 0.00 0.00 0.00 0.00 0.00 0.00 0.00 0.00 0.00 0.00 0.00 0.00 0.00 0.00 0.00 0.00 0.00 0.00 0.00 0.00 0.00 0.00 0.00 0.00 0.00 0.00 0.00 0.00 0.00 0.00 0.00 0.00 0.00 0.00 0.00 0.00 0.00 0.00 0.00 0.00 0.00 0.00 0.00 0.00 0.00 0.00 0.00 0.00 0.00 0.00 0.00 0.00 0.00 0.00 0.00 0.00 0.00 0.00 0.00 0.00 0.00 0.00 0.00 0.00 0.00 0.00 0.00 0.00 0.00 0.00 0.00 0.00 0.00 0.00 0.00 0.00 0.00 0.00 0.00 0.00 0.00 0.00 0.00 0.00 0.00 0.00 0.00 0.00 0.00 0.00 0.00 0.00 0.00 0.00 0.00 0.00 0.00 0.00 0.00 0.00 0.00 0.00 0.00 0.00 0.00 0.00 0.00 0.00 0.00 0.00 0.00 0.00 0.00 0.00 0.00 0.00 0.00 0.00 0.00 0.00 0.00 0.00 0.00 0.00 0.00 0.00 0.00 0.00 0.00 0.00 0.00 0.00 0.00 0.00 0.00 0.00 0.00 0.00 0.00 0.00 0.00 0.00 0.00 0.00 0.00 0.00 0.00 0.00 0.00 0.00 0.00 0.00 0.00 0.00 0.00 0.00 0.00 0.00 0.00 0.00 0.00 0.00 0.00 0.00 0.00 0.00 0.00 0.00 0.00 0.00 0.00 0.00 0.00 0.00 0.00 0.00 0.00 0.00 0.00 0.00 0.00 0.00 0.00 0.00 0.00 0.00 0.00 0.00 0.00 0.00 0.00 0.00 0.00 0.00 0.00 0.00 0.00 0.00 0.00 0.00 0.00 0.00 0.00 0.00 0.00 0.00 0.00 0.00 0.00 0.00 0.00 0.00 0.00 0.00 0.00 0.00 0.00 0.00 0.00 0.00 0.00 0.00 0.00 0.00 0.00 0.00 0.00 0.00 0.00 0.00 0.00 0.00 0.00 0.00 0.00 0.00 0.00 0.00 0.00 0.00 0.00 0.00 0.00 0.00 0.00 0.00 0.00 0.00 0.00 0.00 0.00 0.00 0.00 0.00 0.00 0.00 0.00 0.00 0.00 0.00 0.00 0.00 0.00 0.00 0.00 0.00 0.00 0.00 0.00 0.00 0.00 0.00 0.00 0.00 0.00 0.00 0.00 0.00 0.00 0.00 0.00 0.00 0.00 0.00 0.00 0.00 0.00 0.00 0.00 0.00 0.00 0.00 0.00 0.00 0.00 0.00 0.00 0.00 0.00 0.00 0.00 0.00 0.00 0.00 0.00 0.00 0.00 0.00 0.00 0.00 0.00 0.00 0.00 0.00 0.00 0.00 0.00 0.00 0.00 0.00 0.00 0.00 0.00 0.00 0.00 0.00 0.00 0.00 0.00 0.00 0.00 0.00 0.00 0.00 0.00 0.00 0.00 0.00 0.00 0.00 0.00 0.00 0.00 0.00 0.00 0.00 0.00 0.00 0.00 0.00 0.00 0.00 0.00 0.00 0.00 0.00 0.00 0.00 0.00 0.00 0.00 0.00 0.00 0.00 0.00 0.00 0.00 0.00 0.00 0.00 0.00 0.00 0.00 0.00 0.00 0.00 0.00 0.00 0.00 0.00 0.00 0.00 0.00 0.00 0.00 0.00 0.00 0.00 0.00 0.00 0.00 0.00 0.00 0.00 0.00 0.00 0.00 0.00 0.00 0.00 0.00 0.00 0.00 0.00 0.00 0.00 0.00 0.00 0.00 0.00 0.00 0.00 0.00 0.00 0.00 0.00 0.00 0.00 0.00 0.00 0.00 0.00 0.00 0.00 0.00 0.00 0.00 0.00 0.00 0.00 0.00 0.00 0.00 0.00 0.00 0.00 0.00 0.00 0.00 0.00 0.00 0.00 0.00 0.00 0.00 0.00 0.00 0.00 0.00 0.00 0.00
height.size=913
height.data=15494.04 15494.04 15494.04 15494.04 15494.04 15494.04 15494.04 15494.04 15494.04 15494.04 15494.04 15518.76 15518.76 15518.76 15518.76 15518.76 15518.76 15518.76 15518.76 15518.76 15518.76 15518.76 15543.48 15543.48 15543.48 15543.48 15543.48 15543.48 15543.48 15543.48 15543.48 15543.48 15543.48 15568.22 15568.22 15568.22 15568.22 15568.22 15568.22 15568.22 15568.22 15568.22 15568.22 15568.22 15592.95 15592.95 15592.95 15592.95 15592.95 15592.95 15592.95 15592.95 15592.95 15592.95 15592.95 15617.70 15617.70 15617.70 15617.70 15617.70 15617.70 15617.70 15617.70 15617.70 15617.70 15617.70 15642.45 15642.45 15642.45 15642.45 15642.45 15642.45 15642.45 15642.45 15642.45 15642.45 15642.45 15667.21 15667.21 15667.21 15667.21 15667.21 15667.21 15667.21 15667.21 15667.21 15667.21 15667.21 15691.98 15691.98 15691.98 15691.98 15691.98 15691.98 15691.98 15691.98 15691.98 15691.98 15691.98 15716.75 15716.75 15716.75 15716.75 15716.75 15716.75 15716.75 15716.75 15716.75 15716.75 15716.75 15741.53 15741.53 15741.53 15741.53 15741.53 15741.53 15741.53 15741.53 15741.53 15741.53 15741.53 15766.32 15766.32 15766.32 15766.32 15766.32 15766.32 15766.32 15766.32 15766.32 15766.32 15766.32 15791.12 15791.12 15791.12 15791.12 15791.12 15791.12 15791.12 15791.12 15791.12 15791.12 15791.12 15815.92 15815.92 15815.92 15815.92 15815.92 15815.92 15815.92 15815.92 15815.92 15815.92 15815.92 15840.73 15840.73 15840.73 15840.73 15840.73 15840.73 15840.73 15840.73 15840.73 15840.73 15840.73 15865.55 15865.55 15865.55 15865.55 15865.55 15865.55 15865.55 15865.55 15865.55 15865.55 15865.55 15890.38 15890.38 15890.38 15890.38 15890.38 15890.38 15890.38 15890.38 15890.38 15890.38 15890.38 15915.21 15915.21 15915.21 15915.21 15915.21 15915.21 15915.21 15915.21 15915.21 15915.21 15915.21 15940.05 15940.05 15940.05 15940.05 15940.05 15940.05 15940.05 15940.05 15940.05 15940.05 15940.05 15964.90 15964.90 15964.90 15964.90 15964.90 15964.90 15964.90 15964.90 15964.90 15964.90 15964.90 15989.75 15989.75 15989.75 15989.75 15989.75 15989.75 15989.75 15989.75 15989.75 15989.75 15989.75 16014.61 16014.61 16014.61 16014.61 16014.61 16014.61 16014.61 16014.61 16014.61 16014.61 16014.61 16039.48 16039.48 16039.48 16039.48 16039.48 16039.48 16039.48 16039.48 16039.48 16039.48 16039.48 16064.36 16064.36 16064.36 16064.36 16064.36 16064.36 16064.36 16064.36 16064.36 16064.36 16064.36 16089.24 16089.24 16089.24 16089.24 16089.24 16089.24 16089.24 16089.24 16089.24 16089.24 16089.24 16114.13 16114.13 16114.13 16114.13 16114.13 16114.13 16114.13 16114.13 16114.13 16114.13 16114.13 16139.03 16139.03 16139.03 16139.03 16139.03 16139.03 16139.03 16139.03 16139.03 16139.03 16139.03 16163.94 16163.94 16163.94 16163.94 16163.94 16163.94 16163.94 16163.94 16163.94 16163.94 16163.94 16188.85 16188.85 16188.85 16188.85 16188.85 16188.85 16188.85 16188.85 16188.85 16188.85 16188.85 16213.77 16213.77 16213.77 16213.77 16213.77 16213.77 16213.77 16213.77 16213.77 16213.77 16213.77 16238.70 16238.70 16238.70 16238.70 16238.70 16238.70 16238.70 16238.70 16238.70 16238.70 16238.70 16263.63 16263.63 16263.63 16263.63 16263.63 16263.63 16263.63 16263.63 16263.63 16263.63 16263.63 16288.57 16288.57 16288.57 16288.57 16288.57 16288.57 16288.57 16288.57 16288.57 16288.57 16288.57 16313.52 16313.52 16313.52 16313.52 16313.52 16313.52 16313.52 16313.52 16313.52 16313.52 16313.52 16338.48 16338.48 16338.48 16338.48 16338.48 16338.48 16338.48 16338.48 16338.48 16338.48 16338.48 16363.44 16363.44 16363.44 16363.44 16363.44 16363.44 16363.44 16363.44 16363.44 16363.44 16363.44 16388.41 16388.41 16388.41 16388.41 16388.41 16388.41 16388.41 16388.41 16388.41 16388.41 16388.41 16413.39 16413.39 16413.39 16413.39 16413.39 16413.39 16413.39 16413.39 16413.39 16413.39 16413.39 16438.37 16438.37 16438.37 16438.37 16438.37 16438.37 16438.37 16438.37 16438.37 16438.37 16438.37 16463.37 16463.37 16463.37 16463.37 16463.37 16463.37 16463.37 16463.37 16463.37 16463.37 16463.37 16488.37 16488.37 16488.37 16488.37 16488.37 16488.37 16488.37 16488.37 16488.37 16488.37 16488.37 16513.37 16513.37 16513.37 16513.37 16513.37 16513.37 16513.37 16513.37 16513.37 16513.37 16513.37 16538.39 16538.39 16538.39 16538.39 16538.39 16538.39 16538.39 16538.39 16538.39 16538.39 16538.39 16563.41 16563.41 16563.41 16563.41 16563.41 16563.41 16563.41 16563.41 16563.41 16563.41 16563.41 16588.44 16588.44 16588.44 16588.44 16588.44 16588.44 16588.44 16588.44 16588.44 16588.44 16588.44 16613.47 16613.47 16613.47 16613.47 16613.47 16613.47 16613.47 16613.47 16613.47 16613.47 16613.47 16638.52 16638.52 16638.52 16638.52 16638.52 16638.52 16638.52 16638.52 16638.52 16638.52 16638.52 16663.57 16663.57 16663.57 16663.57 16663.57 16663.57 16663.57 16663.57 16663.57 16663.57 16663.57 16688.63 16688.63 16688.63 16688.63 16688.63 16688.63 16688.63 16688.63 16688.63 16688.63 16688.63 16713.69 16713.69 16713.69 16713.69 16713.69 16713.69 16713.69 16713.69 16713.69 16713.69 16713.69 16738.76 16738.76 16738.76 16738.76 16738.76 16738.76 16738.76 16738.76 16738.76 16738.76 16738.76 16763.84 16763.84 16763.84 16763.84 16763.84 16763.84 16763.84 16763.84 16763.84 16763.84 16763.84 16788.93 16788.93 16788.93 16788.93 16788.93 16788.93 16788.93 16788.93 16788.93 16788.93 16788.93 16814.03 16814.03 16814.03 16814.03 16814.03 16814.03 16814.03 16814.03 16814.03 16814.03 16814.03 16839.13 16839.13 16839.13 16839.13 16839.13 16839.13 16839.13 16839.13 16839.13 16839.13 16839.13 16864.24 16864.24 16864.24 16864.24 16864.24 16864.24 16864.24 16864.24 16864.24 16864.24 16864.24 16889.35 16889.35 16889.35 16889.35 16889.35 16889.35 16889.35 16889.35 16889.35 16889.35 16889.35 16914.48 16914.48 16914.48 16914.48 16914.48 16914.48 16914.48 16914.48 16914.48 16914.48 16914.48 16939.61 16939.61 16939.61 16939.61 16939.61 16939.61 16939.61 16939.61 16939.61 16939.61 16939.61 16964.74 16964.74 16964.74 16964.74 16964.74 16964.74 16964.74 16964.74 16964.74 16964.74 16964.74 16989.89 16989.89 16989.89 16989.89 16989.89 16989.89 16989.89 16989.89 16989.89 16989.89 16989.89 17015.04 17015.04 17015.04 17015.04 17015.04 17015.04 17015.04 17015.04 17015.04 17015.04 17015.04 17040.20 17040.20 17040.20 17040.20 17040.20 17040.20 17040.20 17040.20 17040.20 17040.20 17040.20 17065.37 17065.37 17065.37 17065.37 17065.37 17065.37 17065.37 17065.37 17065.37 17065.37 17065.37 17090.54 17090.54 17090.54 17090.54 17090.54 17090.54 17090.54 17090.54 17090.54 17090.54 17090.54 17115.72 17115.72 17115.72 17115.72 17115.72 17115.72 17115.72 17115.72 17115.72 17115.72 17115.72 17140.91 17140.91 17140.91 17140.91 17140.91 17140.91 17140.91 17140.91 17140.91 17140.91 17140.91 17166.11 17166.11 17166.11 17166.11 17166.11 17166.11 17166.11 17166.11 17166.11 17166.11 17166.11 17191.31 17191.31 17191.31 17191.31 17191.31 17191.31 17191.31 17191.31 17191.31 17191.31 17191.31 17216.52 17216.52 17216.52 17216.52 17216.52 17216.52 17216.52 17216.52 17216.52 17216.52 17216.52 17241.74 17241.74 17241.74 17241.74 17241.74 17241.74 17241.74 17241.74 17241.74 17241.74 17241.74 17266.97 17266.97 17266.97 17266.97 17266.97 17266.97 17266.97 17266.97 17266.97 17266.97 17266.97 17292.20 17292.20 17292.20 17292.20 17292.20 17292.20 17292.20 17292.20 17292.20 17292.20 17292.20 17317.44 17317.44 17317.44 17317.44 17317.44 17317.44 17317.44 17317.44 17317.44 17317.44 17317.44 17342.69 17342.69 17342.69 17342.69 17342.69 17342.69 17342.69 17342.69 17342.69 17342.69 17342.69 17367.94 17367.94 17367.94 17367.94 17367.94 17367.94 17367.94 17367.94 17367.94 17367.94 17367.94 17393.20 17393.20 17393.20 17393.20 17393.20 17393.20 17393.20 17393.20 17393.20 17393.20 17393.20 17418.47 17418.47 17418.47 17418.47 17418.47 17418.47 17418.47 17418.47 17418.47 17418.47 17418.47 17443.75 17443.75 17443.75 17443.75 17443.75 17443.75 17443.75 17443.75 17443.75 17443.75 17443.75 17469.03 17469.03 17469.03 17469.03 17469.03 17469.03 17469.03 17469.03 17469.03 17469.03 17469.03 17494.32 17494.32 17494.32 17494.32 17494.32 17494.32 17494.32 17494.32 17494.32 17494.32 17494.32 17519.62 17519.62 17519.62 17519.62 17519.62 17519.62 17519.62 17519.62 17519.62 17519.62 17519.62 17544.92 17544.92 17544.92 17544.92 17544.92 17544.92 17544.92 17544.92 17544.92 17544.92 17544.92
=== END RADAR_SCAN ===

=== BEGIN RADAR_SCAN ===
scan.index=4
scan.time=166.000000
radar.id=0
radar.frequency=C
radar.scanning_mode=PPI
radar.x=0.000
radar.y=0.000
radar.z=25.000
radar.maximum_range=250000.000
radar.range_resolution=250.000
radar.angular_resolution=1.000000
box.radar_id=0
box.min_range_gate=698.000
box.max_range_gate=779.000
box.min_angle=97.000000
box.max_angle=108.000000
box.num_ranges=82
box.num_angles=11
box.range_resolution=250.000
box.angular_resolution=1.000000
box.other_angle=2.000000
grid.size=902
grid.data=0.00 0.00 0.00 0.00 0.00 0.00 0.00 0.00 0.00 0.00 0.00 0.00 0.00 0.00 0.00 0.00 0.00 0.00 0.00 0.00 0.00 0.00 0.00 0.00 0.00 0.00 0.00 -0.48 -1.37 0.00 0.00 0.00 0.00 0.00 0.00 0.00 0.00 0.00 -0.53 -1.18 0.00 0.00 0.00 0.00 0.00 0.00 0.00 0.00 0.00 0.59 1.26 0.00 0.00 0.00 0.00 0.00 0.00 0.00 0.00 0.00 -0.38 -1.11 -0.18 0.00 0.00 0.00 0.00 0.00 0.00 0.00 0.00 0.12 0.29 0.83 0.00 0.00 0.00 0.00 0.00 0.00 0.00 1.56 -0.46 -0.57 -0.43 0.00 0.00 0.00 0.00 0.00 0.00 0.00 -0.13 1.13 0.51 -0.38 0.00 0.00 0.00 0.00 0.00 0.00 0.00 0.71 0.26 -1.28 -0.54 0.00 0.00 0.00 0.00 0.00 0.00 0.00 0.61 0.14 0.00 -1.17 0.00 0.00 0.00 0.00 0.00 0.00 0.00 0.05 0.34 0.72 -0.79 0.00 0.00 0.00 0.00 0.00 0.00 0.00 -0.76 -1.29 -0.34 -0.23 0.00 0.00 0.00 0.00 0.00 0.00 0.00 -0.00 0.86 0.60 -0.53 0.00 0.00 0.00 0.00 0.00 0.00 0.00 0.55 0.13 0.71 -1.30 0.00 0.00 0.00 0.00 0.00 0.00 0.00 -1.23 0.96 0.04 -0.21 0.00 0.00 0.00 0.00 0.00 0.00 0.00 0.21 0.64 -0.89 0.82 -0.10 0.00 0.00 0.00 0.00 0.00 0.00 12.34 0.95 0.24 0.73 -1.54 0.00 0.00 0.00 0.00 0.00 -0.12 11.90 -0.56 -1.42 0.84 -0.84 0.00 0.00 0.00 0.00 0.00 -0.36 11.33 -0.20 0.25 -0.33 0.63 0.00 0.00 0.00 0.00 0.00 -0.86 12.87 -0.12 0.59 0.42 -1.31 0.00 0.00 0.00 0.00 0.00 -0.80 9.25 12.59 0.49 -0.93 1.59 0.00 0.00 0.00 0.00 0.00 9.43 10.72 12.18 -1.05 0.30 -1.65 0.00 0.00 0.00 0.00 0.00 10.60 13.08 13.19 -0.29 -0.02 0.63 0.00 0.00 0.00 0.00 0.00 11.40 9.32 12.92 0.30 -0.50 -0.40 0.00 0.00 0.00 0.00 0.00 11.14 10.82 10.22 0.25 -0.27 -0.56 0.00 0.00 0.00 0.00 0.00 12.07 11.31 11.94 0.06 0.22 0.93 0.00 0.00 0.00 0.00 0.00 10.98 12.97 11.59 0.53 0.74 -0.64 0.00 0.00 0.00 0.00 0.00 11.29 10.59 12.08 -1.36 1.33 -0.29 0.00 0.00 0.00 0.00 0.00 11.09 12.57 9.84 1.39 -0.23 -1.04 0.00 0.00 0.00 0.00 0.00 11.62 11.54 11.88 0.81 0.31 0.87 0.00 0.00 0.00 0.00 0.00 9.60 10.37 10.93 -2.09 -0.24 1.02 0.00 0.00 0.00 0.00 0.00 10.07 10.94 10.85 0.95 -0.05 -0.09 0.00 0.00 0.00 0.00 0.00 11.43 12.27 12.52 1.00 -0.65 -0.76 0.00 0.00 0.00 0.00 0.00 9.14 11.07 10.19 -0.06 0.25 0.98 0.00 0.00 0.00 0.00 0.00 10.79 11.50 10.00 -0.44 0.36 0.04 0.00 0.00 0.00 0.00 0.00 9.47 11.66 9.20 -0.75 0.50 -0.53 0.00 0.00 0.00 0.00 0.00 9.64 10.31 12.10 1.12 -0.80 0.64 0.00 0.00 0.00 0.00 0.00 10.20 10.66 10.25 -0.24 1.07 1.53 0.00 0.00 0.00 0.00 0.00 10.55 12.14 10.03 -0.62 -0.22 0.38 0.00 0.00 0.00 0.00 0.00 10.42 9.36 8.88 1.96 -0.40 -0.11 0.00 0.00 0.00 0.00 0.00 12.06 9.22 8.83 1.78 1.12 0.42 0.00 0.00 0.00 0.00 0.00 9.49 11.16 11.77 0.01 0.75 0.62 0.00 0.00 0.00 0.00 0.00 9.95 10.58 10.13 1.61 -0.22 -1.60 0.00 0.00 0.00 0.00 0.00 9.84 8.69 8.77 -0.16 0.89 -1.47 0.00 0.00 0.00 0.00 0.00 8.76 10.20 8.90 -0.64 0.12 -0.16 0.00 0.00 0.00 0.00 0.00 9.64 10.45 8.99 1.26 -0.24 0.43 0.00 0.00 0.00 0.00 0.00 9.69 8.30 9.43 -0.37 1.57 1.05 0.00 0.00 0.00 0.00 0.00 8.49 8.10 10.93 -0.58 1.03 -0.26 0.00 0.00 0.00 0.00 0.00 10.68 10.27 10.26 0.31 0.81 0.10 0.00 0.00 0.00 0.00 0.00 9.15 8.92 10.29 0.97 0.87 1.00 0.00 0.00 0.00 0.00 0.00 8.85 9.46 9.29 -1.47 -0.67 1.90 0.00 0.00 0.00 0.00 0.00 -0.01 8.39 7.43 -1.03 -1.01 1.49 0.00 0.00 0.00 0.00 0.00 -0.37 8.73 -0.25 1.48 0.53 -0.10 0.00 0.00 0.00 0.00 0.00 -0.76 8.18 -0.75 0.14 -0.58 -0.21 0.00 0.00 0.00 0.00 0.00 -0.92 8.92 0.37 0.99 -0.20 -0.09 0.00 0.00 0.00 0.00 0.00 -0.12 9.96 0.98 0.01 1.44 0.41 0.00 0.00 0.00 0.00 0.00 0.42 -0.81 -1.68 -0.46 0.40 -1.33 0.00 0.00 0.00 0.00 0.00 0.13 0.08 -2.23 0.60 0.62 0.33 0.00 0.00 0.00 0.00 0.00 1.27 1.11 1.13 -0.31 -0.03 0.25 0.00 0.00 0.00 0.00 0.00 1.92 -0.37 -0.08 0.94 -0.03 -0.79 0.00 0.00 0.00 0.00 0.00 0.11 -0.41 -0.25 0.90 -0.14 0.49 0.00 0.00 0.00 0.00 0.00 0.43 0.71 -0.35 0.04 1.57 -1.15 0.00 0.00 0.00 0.00 0.00 0.00 1.26 1.08 0.18 -0.05 1.35 0.00 0.00 0.00 0.00 0.00 0.00 0.21 0.49 -0.04 -1.01 -0.21 0.00 0.00 0.00 0.00 0.00 0.00 0.05 -0.90 0.62 -0.60 0.62 0.00 0.00 0.00 0.00 0.00 0.00 -0.38 -0.10 -0.51 0.08 0.00 0.00 0.00 0.00 0.00 0.00 0.00 0.32 -0.60 0.32 0.69 0.00 0.00 0.00 0.00 0.00 0.00 0.00 1.04 -1.13 -0.55 -1.05 0.00 0.00 0.00 0.00 0.00 0.00 0.00 0.66 -2.58 0.54 -0.22 0.00 0.00 0.00 0.00 0.00 0.00 0.00 0.32 -1.29 -0.11 0.84 0.00 0.00 0.00 0.00 0.00 0.00 0.00 -0.20 0.34 -0.11 0.17 0.00 0.00 0.00 0.00 0.00 0.00 0.00 0.31 -0.08 -0.30 1.01 0.00 0.00 0.00 0.00 0.00 0.00 0.00 -0.48 0.60 -0.01 -0.16 0.00 0.00 0.00 0.00 0.00 0.00 0.00 -0.58 -0.02 -0.83 0.27 0.00 0.00 0.00 0.00 0.00 0.00 0.00 -1.30 -0.94 0.64 0.39 0.00 0.00 0.00 0.00 0.00 0.00 0.00 0.00 1.04 -0.43 0.37 0.00 0.00 0.00 0.00 0.00 0.00 0.00 0.00 0.69 -0.81 0.00 0.00 0.00 0.00 0.00 0.00 0.00 0.00 0.00 1.11 -0.89 0.00 0.00 0.00 0.00 0.00 0.00 0.00 0.00 0.00 -0.87 0.11 0.00 0.00 0.00 0.00 0.00 0.00 0.00 0.00 0.00 1.08 -0.31 0.00 0.00 0.00 0.00 0.00 0.00 0.00 0.00 0.00 0.00 0.00 0.00 0.00 0.00 0.00
rain_type.data=0 0 0 0 0 0 0 0 0 0 0 0 0 0 0 0 0 0 0 0 0 0 0 0 0 0 0 1 1 0 0 0 0 0 0 0 0 0 1 1 0 0 0 0 0 0 0 0 0 1 1 0 0 0 0 0 0 0 0 0 1 1 1 0 0 0 0 0 0 0 0 1 1 1 0 0 0 0 0 0 0 1 1 1 1 0 0 0 0 0 0 0 1 1 1 1 0 0 0 0 0 0 0 1 1 1 1 0 0 0 0 0 0 0 1 1 1 1 0 0 0 0 0 0 0 1 1 1 1 0 0 0 0 0 0 0 1 1 1 1 0 0 0 0 0 0 0 1 1 1 1 0 0 0 0 0 0 0 1 1 1 1 0 0 0 0 0 0 0 1 1 1 1 0 0 0 0 0 0 0 1 1 1 1 1 0 0 0 0 0 0 2 1 1 1 1 0 0 0 0 0 1 2 1 1 1 1 0 0 0 0 0 1 2 1 1 1 1 0 0 0 0 0 1 2 1 1 1 1 0 0 0 0 0 1 2 2 1 1 1 0 0 0 0 0 2 2 2 1 1 1 0 0 0 0 0 2 2 2 1 1 1 0 0 0 0 0 2 2 2 1 1 1 0 0 0 0 0 2 2 2 1 1 1 0 0 0 0 0 2 2 2 1 1 1 0 0 0 0 0 2 2 2 1 1 1 0 0 0 0 0 2 2 2 1 1 1 0 0 0 0 0 2 2 2 1 1 1 0 0 0 0 0 2 2 2 1 1 1 0 0 0 0 0 2 2 2 1 1 1 0 0 0 0 0 2 2 2 1 1 1 0 0 0 0 0 2 2 2 1 1 1 0 0 0 0 0 2 2 2 1 1 1 0 0 0 0 0 2 2 2 1 1 1 0 0 0 0 0 2 2 2 1 1 1 0 0 0 0 0 2 2 2 1 1 1 0 0 0 0 0 2 2 2 1 1 1 0 0 0 0 0 2 2 2 1 1 1 0 0 0 0 0 2 2 2 1 1 1 0 0 0 0 0 2 2 2 1 1 1 0 0 0 0 0 2 2 2 1 1 1 0 0 0 0 0 2 2 2 1 1 1 0 0 0 0 0 2 2 2 1 1 1 0 0 0 0 0 2 2 2 1 1 1 0 0 0 0 0 2 2 2 1 1 1 0 0 0 0 0 2 2 2 1 1 1 0 0 0 0 0 2 2 2 1 1 1 0 0 0 0 0 2 2 2 1 1 1 0 0 0 0 0 2 2 2 1 1 1 0 0 0 0 0 2 2 2 1 1 1 0 0 0 0 0 1 2 2 1 1 1 0 0 0 0 0 1 2 1 1 1 1 0 0 0 0 0 1 2 1 1 1 1 0 0 0 0 0 1 2 1 1 1 1 0 0 0 0 0 1 2 1 1 1 1 0 0 0 0 0 1 1 1 1 1 1 0 0 0 0 0 1 1 1 1 1 1 0 0 0 0 0 1 1 1 1 1 1 0 0 0 0 0 1 1 1 1 1 1 0 0 0 0 0 1 1 1 1 1 1 0 0 0 0 0 1 1 1 1 1 1 0 0 0 0 0 0 1 1 1 1 1 0 0 0 0 0 0 1 1 1 1 1 0 0 0 0 0 0 1 1 1 1 1 0 0 0 0 0 0 1 1 1 1 0 0 0 0 0 0 0 1 1 1 1 0 0 0 0 0 0 0 1 1 1 1 0 0 0 0 0 0 0 1 1 1 1 0 0 0 0 0 0 0 1 1 1 1 0 0 0 0 0 0 0 1 1 1 1 0 0 0 0 0 0 0 1 1 1 1 0 0 0 0 0 0 0 1 1 1 1 0 0 0 0 0 0 0 1 1 1 1 0 0 0 0 0 0 0 1 1 1 1 0 0 0 0 0 0 0 0 1 1 1 0 0 0 0 0 0 0 0 1 1 0 0 0 0 0 0 0 0 0 1 1 0 0 0 0 0 0 0 0 0 1 1 0 0 0 0 0 0 0 0 0 1 1 0 0 0 0 0 0 0 0 0 0 0 0 0 0 0
estimated_attenuation.size=902
estimated_attenuation.data=0.00 0.00 0.00 0.00 0.00 0.00 0.00 0.00 0.00 0.00 0.00 0.00 0.00 0.00 0.00 0.00 0.00 0.00 0.00 0.00 0.00 0.00 0.00 0.00 0.00 0.00 0.00 0.00 0.00 0.00 0.00 0.00 0.00 0.00 0.00 0.00 0.00 0.00 0.00 0.00 0.00 0.00 0.00 0.00 0.00 0.00 0.00 0.00 0.00 0.00 0.00 0.00 0.00 0.00 0.00 0.00 0.00 0.00 0.00 0.00 0.00 0.00 0.00 0.00 0.00 0.00 0.00 0.00 0.00 0.00 0.00 0.00 0.00 0.00 0.00 0.00 0.00 0.00 0.00 0.00 0.00 0.00 0.00 0.00 0.00 0.00 0.00 0.00 0.00 0.00 0.00 0.00 0.00 0.00 0.00 0.00 0.00 0.00 0.00 0.00 0.00 0.00 0.00 0.00 0.00 0.00 0.00 0.00 0.00 0.00 0.00 0.00 0.00 0.00 0.00 0.00 0.00 0.00 0.00 0.00 0.00 0.00 0.00 0.00 0.00 0.00 0.00 0.00 0.00 0.00 0.00 0.00 0.00 0.00 0.00 0.00 0.00 0.00 0.00 0.00 0.00 0.00 0.00 0.00 0.00 0.00 0.00 0.00 0.00 0.00 0.00 0.00 0.00 0.00 0.00 0.00 0.00 0.00 0.00 0.00 0.00 0.00 0.00 0.00 0.00 0.00 0.00 0.00 0.00 0.00 0.00 0.00 0.00 0.00 0.00 0.00 0.00 0.00 0.00 0.00 0.00 0.00 0.00 0.00 0.00 0.00 0.00 0.00 0.00 0.00 0.00 0.00 0.00 0.00 0.00 0.00 0.00 0.00 0.00 0.00 0.00 0.00 0.00 0.00 0.00 0.00 0.00 0.00 0.00 0.00 0.00 0.00 0.00 0.00 0.00 0.00 0.00 0.00 0.00 0.00 0.00 0.00 0.00 0.00 0.00 0.00 0.00 0.00 0.00 0.00 0.00 0.00 0.00 0.00 0.00 0.00 0.00 0.00 0.00 0.00 0.00 0.00 0.00 0.00 0.00 0.00 0.00 0.00 0.00 0.00 0.00 0.00 0.00 0.00 0.00 0.00 0.00 0.00 0.00 0.00 0.00 0.00 0.00 0.00 0.00 0.00 0.00 0.00 0.00 0.00 0.00 0.00 0.00 0.00 0.00 0.00 0.00 0.00 0.00 0.00 0.00 0.00 0.00 0.00 0.00 0.00 0.00 0.00 0.00 0.00 0.00 0.00 0.00 0.00 0.00 0.00 0.00 0.00 0.00 0.00 0.00 0.00 0.00 0.00 0.00 0.00 0.00 0.00 0.00 0.00 0.00 0.00 0.00 0.00 0.00 0.00 0.00 0.00 0.00 0.00 0.00 0.00 0.00 0.00 0.00 0.00 0.00 0.00 0.00 0.00 0.00 0.00 0.00 0.00 0.00 0.00 0.00 0.00 0.00 0.00 0.00 0.00 0.00 0.00 0.00 0.00 0.00 0.00 0.00 0.00 0.00 0.00 0.00 0.00 0.00 0.00 0.00 0.00 0.00 0.00 0.00 0.00 0.00 0.00 0.00 0.00 0.00 0.00 0.00 0.00 0.00 0.00 0.00 0.00 0.00 0.00 0.00 0.00 0.00 0.00 0.00 0.00 0.00 0.00 0.00 0.00 0.00 0.00 0.00 0.00 0.00 0.00 0.00 0.00 0.00 0.00 0.00 0.00 0.00 0.00 0.00 0.00 0.00 0.00 0.00 0.00 0.00 0.00 0.00 0.00 0.00 0.00 0.00 0.00 0.00 0.00 0.00 0.00 0.00 0.00 0.00 0.00 0.00 0.00 0.00 0.00 0.00 0.00 0.00 0.00 0.00 0.00 0.00 0.00 0.00 0.00 0.00 0.00 0.00 0.00 0.00 0.00 0.00 0.00 0.00 0.00 0.00 0.00 0.00 0.00 0.00 0.00 0.00 0.00 0.00 0.00 0.00 0.00 0.00 0.00 0.00 0.00 0.00 0.00 0.00 0.00 0.00 0.00 0.00 0.00 0.00 0.00 0.00 0.00 0.00 0.00 0.00 0.00 0.00 0.00 0.00 0.00 0.00 0.00 0.00 0.00 0.00 0.00 0.00 0.00 0.00 0.00 0.00 0.00 0.00 0.00 0.00 0.00 0.00 0.00 0.00 0.00 0.00 0.00 0.00 0.00 0.00 0.00 0.00 0.00 0.00 0.00 0.00 0.00 0.00 0.00 0.00 0.00 0.00 0.00 0.00 0.00 0.00 0.00 0.00 0.00 0.00 0.00 0.00 0.00 0.00 0.00 0.00 0.00 0.00 0.00 0.00 0.00 0.00 0.00 0.00 0.00 0.00 0.00 0.00 0.00 0.00 0.00 0.00 0.00 0.00 0.00 0.00 0.00 0.00 0.00 0.00 0.00 0.00 0.00 0.00 0.00 0.00 0.00 0.00 0.00 0.00 0.00 0.00 0.00 0.00 0.00 0.00 0.00 0.00 0.00 0.00 0.00 0.00 0.00 0.00 0.00 0.00 0.00 0.00 0.00 0.00 0.00 0.00 0.00 0.00 0.00 0.00 0.00 0.00 0.00 0.00 0.00 0.00 0.00 0.00 0.00 0.00 0.00 0.00 0.00 0.00 0.00 0.00 0.00 0.00 0.00 0.00 0.00 0.00 0.00 0.00 0.00 0.00 0.00 0.00 0.00 0.00 0.00 0.00 0.00 0.00 0.00 0.00 0.00 0.00 0.00 0.00 0.00 0.00 0.00 0.00 0.00 0.00 0.00 0.00 0.00 0.00 0.00 0.00 0.00 0.00 0.00 0.00 0.00 0.00 0.00 0.00 0.00 0.00 0.00 0.00 0.00 0.00 0.00 0.00 0.00 0.00 0.00 0.00 0.00 0.00 0.00 0.00 0.00 0.00 0.00 0.00 0.00 0.00 0.00 0.00 0.00 0.00 0.00 0.00 0.00 0.00 0.00 0.00 0.00 0.00 0.00 0.00 0.00 0.00 0.00 0.00 0.00 0.00 0.00 0.00 0.00 0.00 0.00 0.00 0.00 0.00 0.00 0.00 0.00 0.00 0.00 0.00 0.00 0.00 0.00 0.00 0.00 0.00 0.00 0.00 0.00 0.00 0.00 0.00 0.00 0.00 0.00 0.00 0.00 0.00 0.00 0.00 0.00 0.00 0.00 0.00 0.00 0.00 0.00 0.00 0.00 0.00 0.00 0.00 0.00 0.00 0.00 0.00 0.00 0.00 0.00 0.00 0.00 0.00 0.00 0.00 0.00 0.00 0.00 0.00 0.00 0.00 0.00 0.00 0.00 0.00 0.00 0.00 0.00 0.00 0.00 0.00 0.00 0.00 0.00 0.00 0.00 0.00 0.00 0.00 0.00 0.00 0.00 0.00 0.00 0.00 0.00 0.00 0.00 0.00 0.00 0.00 0.00 0.00 0.00 0.00 0.00 0.00 0.00 0.00 0.00 0.00 0.00 0.00 0.00 0.00 0.00 0.00 0.00 0.00 0.00 0.00 0.00 0.00 0.00 0.00 0.00 0.00 0.00 0.00 0.00 0.00 0.00 0.00 0.00 0.00 0.00 0.00 0.00 0.00 0.00 0.00 0.00 0.00 0.00 0.00 0.00 0.00 0.00 0.00 0.00 0.00 0.00 0.00 0.00 0.00 0.00 0.00 0.00 0.00 0.00 0.00 0.00 0.00 0.00 0.00 0.00 0.00 0.00 0.00 0.00 0.00 0.00 0.00 0.00 0.00 0.00 0.00 0.00 0.00 0.00 0.00 0.00 0.00 0.00 0.00 0.00 0.00 0.00 0.00 0.00 0.00 0.00 0.00 0.00 0.00 0.00 0.00 0.00 0.00 0.00 0.00 0.00 0.00 0.00 0.00 0.00 0.00 0.00 0.00 0.00 0.00 0.00 0.00 0.00
height.size=902
height.data=7878.62 7878.62 7878.62 7878.62 7878.62 7878.62 7878.62 7878.62 7878.62 7878.62 7878.62 7892.47 7892.47 7892.47 7892.47 7892.47 7892.47 7892.47 7892.47 7892.47 7892.47 7892.47 7906.33 7906.33 7906.33 7906.33 7906.33 7906.33 7906.33 7906.33 7906.33 7906.33 7906.33 7920.19 7920.19 7920.19 7920.19 7920.19 7920.19 7920.19 7920.19 7920.19 7920.19 7920.19 7934.07 7934.07 7934.07 7934.07 7934.07 7934.07 7934.07 7934.07 7934.07 7934.07 7934.07 7947.95 7947.95 7947.95 7947.95 7947.95 7947.95 7947.95 7947.95 7947.95 7947.95 7947.95 7961.83 7961.83 7961.83 7961.83 7961.83 7961.83 7961.83 7961.83 7961.83 7961.83 7961.83 7975.73 7975.73 7975.73 7975.73 7975.73 7975.73 7975.73 7975.73 7975.73 7975.73 7975.73 7989.63 7989.63 7989.63 7989.63 7989.63 7989.63 7989.63 7989.63 7989.63 7989.63 7989.63 8003.54 8003.54 8003.54 8003.54 8003.54 8003.54 8003.54 8003.54 8003.54 8003.54 8003.54 8017.46 8017.46 8017.46 8017.46 8017.46 8017.46 8017.46 8017.46 8017.46 8017.46 8017.46 8031.38 8031.38 8031.38 8031.38 8031.38 8031.38 8031.38 8031.38 8031.38 8031.38 8031.38 8045.32 8045.32 8045.32 8045.32 8045.32 8045.32 8045.32 8045.32 8045.32 8045.32 8045.32 8059.26 8059.26 8059.26 8059.26 8059.26 8059.26 8059.26 8059.26 8059.26 8059.26 8059.26 8073.20 8073.20 8073.20 8073.20 8073.20 8073.20 8073.20 8073.20 8073.20 8073.20 8073.20 8087.16 8087.16 8087.16 8087.16 8087.16 8087.16 8087.16 8087.16 8087.16 8087.16 8087.16 8101.12 8101.12 8101.12 8101.12 8101.12 8101.12 8101.12 8101.12 8101.12 8101.12 8101.12 8115.09 8115.09 8115.09 8115.09 8115.09 8115.09 8115.09 8115.09 8115.09 8115.09 8115.09 8129.06 8129.06 8129.06 8129.06 8129.06 8129.06 8129.06 8129.06 8129.06 8129.06 8129.06 8143.04 8143.04 8143.04 8143.04 8143.04 8143.04 8143.04 8143.04 8143.04 8143.04 8143.04 8157.03 8157.03 8157.03 8157.03 8157.03 8157.03 8157.03 8157.03 8157.03 8157.03 8157.03 8171.03 8171.03 8171.03 8171.03 8171.03 8171.03 8171.03 8171.03 8171.03 8171.03 8171.03 8185.04 8185.04 8185.04 8185.04 8185.04 8185.04 8185.04 8185.04 8185.04 8185.04 8185.04 8199.05 8199.05 8199.05 8199.05 8199.05 8199.05 8199.05 8199.05 8199.05 8199.05 8199.05 8213.07 8213.07 8213.07 8213.07 8213.07 8213.07 8213.07 8213.07 8213.07 8213.07 8213.07 8227.10 8227.10 8227.10 8227.10 8227.10 8227.10 8227.10 8227.10 8227.10 8227.10 8227.10 8241.13 8241.13 8241.13 8241.13 8241.13 8241.13 8241.13 8241.13 8241.13 8241.13 8241.13 8255.17 8255.17 8255.17 8255.17 8255.17 8255.17 8255.17 8255.17 8255.17 8255.17 8255.17 8269.22 8269.22 8269.22 8269.22 8269.22 8269.22 8269.22 8269.22 8269.22 8269.22 8269.22 8283.28 8283.28 8283.28 8283.28 8283.28 8283.28 8283.28 8283.28 8283.28 8283.28 8283.28 8297.34 8297.34 8297.34 8297.34 8297.34 8297.34 8297.34 8297.34 8297.34 8297.34 8297.34 8311.41 8311.41 8311.41 8311.41 8311.41 8311.41 8311.41 8311.41 8311.41 8311.41 8311.41 8325.49 8325.49 8325.49 8325.49 8325.49 8325.49 8325.49 8325.49 8325.49 8325.49 8325.49 8339.58 8339.58 8339.58 8339.58 8339.58 8339.58 8339.58 8339.58 8339.58 8339.58 8339.58 8353.67 8353.67 8353.67 8353.67 8353.67 8353.67 8353.67 8353.67 8353.67 8353.67 8353.67 8367.77 8367.77 8367.77 8367.77 8367.77 8367.77 8367.77 8367.77 8367.77 8367.77 8367.77 8381.88 8381.88 8381.88 8381.88 8381.88 8381.88 8381.88 8381.88 8381.88 8381.88 8381.88 8395.99 8395.99 8395.99 8395.99 8395.99 8395.99 8395.99 8395.99 8395.99 8395.99 8395.99 8410.12 8410.12 8410.12 8410.12 8410.12 8410.12 8410.12 8410.12 8410.12 8410.12 8410.12 8424.25 8424.25 8424.25 8424.25 8424.25 8424.25 8424.25 8424.25 8424.25 8424.25 8424.25 8438.38 8438.38 8438.38 8438.38 8438.38 8438.38 8438.38 8438.38 8438.38 8438.38 8438.38 8452.53 8452.53 8452.53 8452.53 8452.53 8452.53 8452.53 8452.53 8452.53 8452.53 8452.53 8466.68 8466.68 8466.68 8466.68 8466.68 8466.68 8466.68 8466.68 8466.68 8466.68 8466.68 8480.84 8480.84 8480.84 8480.84 8480.84 8480.84 8480.84 8480.84 8480.84 8480.84 8480.84 8495.00 8495.00 8495.00 8495.00 8495.00 8495.00 8495.00 8495.00 8495.00 8495.00 8495.00 8509.18 8509.18 8509.18 8509.18 8509.18 8509.18 8509.18 8509.18 8509.18 8509.18 8509.18 8523.36 8523.36 8523.36 8523.36 8523.36 8523.36 8523.36 8523.36 8523.36 8523.36 8523.36 8537.55 8537.55 8537.55 8537.55 8537.55 8537.55 8537.55 8537.55 8537.55 8537.55 8537.55 8551.74 8551.74 8551.74 8551.74 8551.74 8551.74 8551.74 8551.74 8551.74 8551.74 8551.74 8565.95 8565.95 8565.95 8565.95 8565.95 8565.95 8565.95 8565.95 8565.95 8565.95 8565.95 8580.16 8580.16 8580.16 8580.16 8580.16 8580.16 8580.16 8580.16 8580.16 8580.16 8580.16 8594.37 8594.37 8594.37 8594.37 8594.37 8594.37 8594.37 8594.37 8594.37 8594.37 8594.37 8608.60 8608.60 8608.60 8608.60 8608.60 8608.60 8608.60 8608.60 8608.60 8608.60 8608.60 8622.83 8622.83 8622.83 8622.83 8622.83 8622.83 8622.83 8622.83 8622.83 8622.83 8622.83 8637.07 8637.07 8637.07 8637.07 8637.07 8637.07 8637.07 8637.07 8637.07 8637.07 8637.07 8651.32 8651.32 8651.32 8651.32 8651.32 8651.32 8651.32 8651.32 8651.32 8651.32 8651.32 8665.57 8665.57 8665.57 8665.57 8665.57 8665.57 8665.57 8665.57 8665.57 8665.57 8665.57 8679.83 8679.83 8679.83 8679.83 8679.83 8679.83 8679.83 8679.83 8679.83 8679.83 8679.83 8694.10 8694.10 8694.10 8694.10 8694.10 8694.10 8694.10 8694.10 8694.10 8694.10 8694.10 8708.38 8708.38 8708.38 8708.38 8708.38 8708.38 8708.38 8708.38 8708.38 8708.38 8708.38 8722.66 8722.66 8722.66 8722.66 8722.66 8722.66 8722.66 8722.66 8722.66 8722.66 8722.66 8736.95 8736.95 8736.95 8736.95 8736.95 8736.95 8736.95 8736.95 8736.95 8736.95 8736.95 8751.25 8751.25 8751.25 8751.25 8751.25 8751.25 8751.25 8751.25 8751.25 8751.25 8751.25 8765.56 8765.56 8765.56 8765.56 8765.56 8765.56 8765.56 8765.56 8765.56 8765.56 8765.56 8779.87 8779.87 8779.87 8779.87 8779.87 8779.87 8779.87 8779.87 8779.87 8779.87 8779.87 8794.19 8794.19 8794.19 8794.19 8794.19 8794.19 8794.19 8794.19 8794.19 8794.19 8794.19 8808.52 8808.52 8808.52 8808.52 8808.52 8808.52 8808.52 8808.52 8808.52 8808.52 8808.52 8822.85 8822.85 8822.85 8822.85 8822.85 8822.85 8822.85 8822.85 8822.85 8822.85 8822.85 8837.19 8837.19 8837.19 8837.19 8837.19 8837.19 8837.19 8837.19 8837.19 8837.19 8837.19 8851.54 8851.54 8851.54 8851.54 8851.54 8851.54 8851.54 8851.54 8851.54 8851.54 8851.54 8865.90 8865.90 8865.90 8865.90 8865.90 8865.90 8865.90 8865.90 8865.90 8865.90 8865.90 8880.26 8880.26 8880.26 8880.26 8880.26 8880.26 8880.26 8880.26 8880.26 8880.26 8880.26 8894.64 8894.64 8894.64 8894.64 8894.64 8894.64 8894.64 8894.64 8894.64 8894.64 8894.64 8909.01 8909.01 8909.01 8909.01 8909.01 8909.01 8909.01 8909.01 8909.01 8909.01 8909.01 8923.40 8923.40 8923.40 8923.40 8923.40 8923.40 8923.40 8923.40 8923.40 8923.40 8923.40 8937.79 8937.79 8937.79 8937.79 8937.79 8937.79 8937.79 8937.79 8937.79 8937.79 8937.79 8952.19 8952.19 8952.19 8952.19 8952.19 8952.19 8952.19 8952.19 8952.19 8952.19 8952.19 8966.60 8966.60 8966.60 8966.60 8966.60 8966.60 8966.60 8966.60 8966.60 8966.60 8966.60 8981.02 8981.02 8981.02 8981.02 8981.02 8981.02 8981.02 8981.02 8981.02 8981.02 8981.02 8995.44 8995.44 8995.44 8995.44 8995.44 8995.44 8995.44 8995.44 8995.44 8995.44 8995.44 9009.87 9009.87 9009.87 9009.87 9009.87 9009.87 9009.87 9009.87 9009.87 9009.87 9009.87 9024.31 9024.31 9024.31 9024.31 9024.31 9024.31 9024.31 9024.31 9024.31 9024.31 9024.31
=== END RADAR_SCAN ===

=== BEGIN RADAR_SCAN ===
scan.index=5
scan.time=166.330000
radar.id=0
radar.frequency=C
radar.scanning_mode=PPI
radar.x=0.000
radar.y=0.000
radar.z=25.000
radar.maximum_range=250000.000
radar.range_resolution=250.000
radar.angular_resolution=1.000000
box.radar_id=0
box.min_range_gate=697.000
box.max_range_gate=778.000
box.min_angle=97.000000
box.max_angle=108.000000
box.num_ranges=82
box.num_angles=11
box.range_resolution=250.000
box.angular_resolution=1.000000
box.other_angle=0.800000
grid.size=902
grid.data=0.00 0.00 0.00 0.00 0.00 0.00 0.00 0.00 0.00 0.00 0.00 0.00 0.00 0.00 0.00 0.00 0.00 0.00 0.00 0.00 0.00 0.00 0.00 0.00 0.00 0.00 0.00 39.28 38.37 0.00 0.00 0.00 0.00 0.00 0.00 0.00 0.00 0.00 34.38 33.21 0.00 0.00 0.00 0.00 0.00 0.00 0.00 0.00 0.00 35.90 36.47 0.00 0.00 0.00 0.00 0.00 0.00 0.00 0.00 0.00 36.67 37.08 0.00 0.00 0.00 0.00 0.00 0.00 0.00 0.00 0.00 38.56 40.60 37.76 0.00 0.00 0.00 0.00 0.00 0.00 0.00 38.46 33.28 41.29 38.38 0.00 0.00 0.00 0.00 0.00 0.00 0.00 33.53 36.57 39.97 32.58 0.00 0.00 0.00 0.00 0.00 0.00 0.00 33.62 38.89 33.34 36.90 0.00 0.00 0.00 0.00 0.00 0.00 0.00 34.27 36.21 35.28 39.05 0.00 0.00 0.00 0.00 0.00 0.00 0.00 34.42 38.53 37.70 36.62 0.00 0.00 0.00 0.00 0.00 0.00 0.00 34.90 35.74 35.32 37.85 0.00 0.00 0.00 0.00 0.00 0.00 0.00 30.09 40.73 35.23 41.47 0.00 0.00 0.00 0.00 0.00 0.00 0.00 36.17 39.61 33.63 37.36 0.00 0.00 0.00 0.00 0.00 0.00 0.00 35.31 38.47 39.42 36.28 0.00 0.00 0.00 0.00 0.00 0.00 0.00 32.08 36.71 38.44 36.59 38.62 0.00 0.00 0.00 0.00 0.00 0.00 41.70 34.93 34.35 33.75 33.28 0.00 0.00 0.00 0.00 0.00 35.90 41.81 34.64 38.15 36.29 34.10 0.00 0.00 0.00 0.00 0.00 37.44 39.68 31.14 40.44 36.33 36.28 0.00 0.00 0.00 0.00 0.00 37.36 39.70 34.27 37.52 34.30 36.96 0.00 0.00 0.00 0.00 0.00 37.80 38.87 35.46 30.36 33.10 31.00 0.00 0.00 0.00 0.00 0.00 35.53 39.44 36.24 39.14 38.14 35.80 0.00 0.00 0.00 0.00 0.00 40.92 39.33 39.12 34.07 32.40 39.74 0.00 0.00 0.00 0.00 0.00 32.61 35.92 37.25 36.74 36.65 35.45 0.00 0.00 0.00 0.00 0.00 36.73 36.40 35.78 34.98 30.26 33.78 0.00 0.00 0.00 0.00 0.00 34.11 38.98 36.08 36.78 37.45 38.60 0.00 0.00 0.00 0.00 0.00 34.89 40.37 39.47 31.01 33.05 38.41 0.00 0.00 0.00 0.00 0.00 35.38 32.80 40.98 35.40 34.66 36.22 0.00 0.00 0.00 0.00 0.00 34.05 39.49 32.47 34.49 32.56 33.17 0.00 0.00 0.00 0.00 0.00 34.53 38.67 37.31 29.17 32.03 34.91 0.00 0.00 0.00 0.00 0.00 35.86 38.77 36.46 33.69 29.40 32.52 0.00 0.00 0.00 0.00 0.00 37.48 42.46 33.67 33.19 34.34 33.71 0.00 0.00 0.00 0.00 0.00 35.29 32.59 39.21 28.63 29.91 31.25 0.00 0.00 0.00 0.00 0.00 35.96 33.56 34.36 33.76 31.66 31.14 0.00 0.00 0.00 0.00 0.00 34.35 32.89 36.28 39.84 33.99 35.51 0.00 0.00 0.00 0.00 0.00 35.56 39.13 36.64 33.05 33.02 29.00 0.00 0.00 0.00 0.00 0.00 34.10 35.03 33.64 32.60 31.40 34.67 0.00 0.00 0.00 0.00 0.00 37.81 36.22 35.75 35.53 34.53 35.99 0.00 0.00 0.00 0.00 0.00 39.02 30.97 31.95 33.38 37.87 33.27 0.00 0.00 0.00 0.00 0.00 38.09 35.08 35.60 34.04 33.41 30.50 0.00 0.00 0.00 0.00 0.00 34.70 33.91 36.01 37.13 36.78 37.98 0.00 0.00 0.00 0.00 0.00 33.58 34.86 35.71 34.20 31.72 34.07 0.00 0.00 0.00 0.00 0.00 35.09 30.08 32.18 32.17 35.61 36.11 0.00 0.00 0.00 0.00 0.00 36.83 35.92 37.99 37.24 37.65 30.89 0.00 0.00 0.00 0.00 0.00 32.89 35.78 36.06 32.21 27.92 33.72 0.00 0.00 0.00 0.00 0.00 33.16 35.95 32.42 28.10 31.10 32.45 0.00 0.00 0.00 0.00 0.00 36.44 38.93 35.99 36.85 33.80 35.63 0.00 0.00 0.00 0.00 0.00 35.04 35.34 34.30 35.63 32.15 29.40 0.00 0.00 0.00 0.00 0.00 32.11 32.36 32.41 31.22 31.81 34.06 0.00 0.00 0.00 0.00 0.00 34.07 36.13 34.05 33.16 29.93 28.24 0.00 0.00 0.00 0.00 0.00 35.08 29.28 36.09 30.34 30.57 35.54 0.00 0.00 0.00 0.00 0.00 32.57 33.91 33.77 36.05 36.39 35.79 0.00 0.00 0.00 0.00 0.00 33.25 32.82 34.07 36.60 35.84 29.10 0.00 0.00 0.00 0.00 0.00 30.07 35.39 32.27 29.52 31.96 29.35 0.00 0.00 0.00 0.00 0.00 32.78 32.00 37.73 29.69 33.39 30.68 0.00 0.00 0.00 0.00 0.00 34.53 35.99 31.36 29.75 33.75 31.24 0.00 0.00 0.00 0.00 0.00 31.03 31.97 33.32 34.74 29.86 31.15 0.00 0.00 0.00 0.00 0.00 29.39 28.44 34.13 26.53 33.15 31.42 0.00 0.00 0.00 0.00 0.00 31.04 32.75 32.06 31.86 31.13 31.57 0.00 0.00 0.00 0.00 0.00 32.73 32.28 29.65 31.39 28.13 31.15 0.00 0.00 0.00 0.00 0.00 31.11 30.46 28.87 32.46 33.16 32.13 0.00 0.00 0.00 0.00 0.00 35.16 29.69 34.14 36.01 34.07 34.01 0.00 0.00 0.00 0.00 0.00 34.61 27.74 29.42 31.01 30.88 33.97 0.00 0.00 0.00 0.00 0.00 0.00 31.44 31.25 28.82 27.77 29.16 0.00 0.00 0.00 0.00 0.00 0.00 29.46 30.84 32.08 29.57 36.06 0.00 0.00 0.00 0.00 0.00 0.00 27.73 29.92 34.38 33.51 0.00 0.00 0.00 0.00 0.00 0.00 0.00 30.11 29.05 31.81 33.87 0.00 0.00 0.00 0.00 0.00 0.00 0.00 32.85 29.58 30.79 28.86 0.00 0.00 0.00 0.00 0.00 0.00 0.00 29.05 32.20 32.50 27.49 0.00 0.00 0.00 0.00 0.00 0.00 0.00 35.30 33.20 28.71 33.14 0.00 0.00 0.00 0.00 0.00 0.00 0.00 32.37 27.94 27.76 33.06 0.00 0.00 0.00 0.00 0.00 0.00 0.00 27.89 30.79 32.40 34.00 0.00 0.00 0.00 0.00 0.00 0.00 0.00 27.14 30.22 31.16 32.98 0.00 0.00 0.00 0.00 0.00 0.00 0.00 28.15 29.90 29.42 32.95 0.00 0.00 0.00 0.00 0.00 0.00 0.00 30.42 32.85 31.60 31.52 0.00 0.00 0.00 0.00 0.00 0.00 0.00 0.00 29.54 27.43 30.41 0.00 0.00 0.00 0.00 0.00 0.00 0.00 0.00 29.63 29.17 0.00 0.00 0.00 0.00 0.00 0.00 0.00 0.00 0.00 28.79 31.00 0.00 0.00 0.00 0.00 0.00 0.00 0.00 0.00 0.00 31.32 29.76 0.00 0.00 0.00 0.00 0.00 0.00 0.00 0.00 0.00 27.45 27.71 0.00 0.00 0.00 0.00 0.00 0.00 0.00 0.00 0.00 0.00 0.00 0.00 0.00 0.00 0.00
rain_type.data=0 0 0 0 0 0 0 0 0 0 0 0 0 0 0 0 0 0 0 0 0 0 0 0 0 0 0 1 1 0 0 0 0 0 0 0 0 0 1 1 0 0 0 0 0 0 0 0 0 1 1 0 0 0 0 0 0 0 0 0 1 1 0 0 0 0 0 0 0 0 0 1 1 1 0 0 0 0 0 0 0 1 1 1 1 0 0 0 0 0 0 0 1 1 1 1 0 0 0 0 0 0 0 1 1 1 1 0 0 0 0 0 0 0 1 1 1 1 0 0 0 0 0 0 0 1 1 1 1 0 0 0 0 0 0 0 1 1 1 1 0 0 0 0 0 0 0 1 1 1 1 0 0 0 0 0 0 0 1 1 1 1 0 0 0 0 0 0 0 1 1 1 1 0 0 0 0 0 0 0 1 1 1 1 1 0 0 0 0 0 0 2 1 1 1 1 0 0 0 0 0 1 2 1 1 1 1 0 0 0 0 0 1 2 1 1 1 1 0 0 0 0 0 1 2 1 1 1 1 0 0 0 0 0 1 2 1 1 1 1 0 0 0 0 0 2 2 2 1 1 1 0 0 0 0 0 2 2 2 1 1 1 0 0 0 0 0 2 2 2 1 1 1 0 0 0 0 0 2 2 2 1 1 1 0 0 0 0 0 2 2 2 1 1 1 0 0 0 0 0 2 2 2 1 1 1 0 0 0 0 0 2 2 2 1 1 1 0 0 0 0 0 2 2 2 1 1 1 0 0 0 0 0 2 2 2 1 1 1 0 0 0 0 0 2 2 2 1 1 1 0 0 0 0 0 2 2 2 1 1 1 0 0 0 0 0 2 2 2 1 1 1 0 0 0 0 0 2 2 2 1 1 1 0 0 0 0 0 2 2 2 1 1 1 0 0 0 0 0 2 2 2 1 1 1 0 0 0 0 0 2 2 2 1 1 1 0 0 0 0 0 2 2 2 1 1 1 0 0 0 0 0 2 2 2 1 1 1 0 0 0 0 0 2 2 2 1 1 1 0 0 0 0 0 2 2 2 1 1 1 0 0 0 0 0 2 2 2 1 1 1 0 0 0 0 0 2 2 2 1 1 1 0 0 0 0 0 2 2 2 1 1 1 0 0 0 0 0 2 2 2 1 1 1 0 0 0 0 0 2 2 2 1 1 1 0 0 0 0 0 2 2 2 1 1 1 0 0 0 0 0 2 2 2 1 1 1 0 0 0 0 0 2 2 2 1 1 1 0 0 0 0 0 2 2 2 1 1 1 0 0 0 0 0 2 2 2 1 1 1 0 0 0 0 0 1 2 2 1 1 1 0 0 0 0 0 1 2 1 1 1 1 0 0 0 0 0 1 2 1 1 1 1 0 0 0 0 0 1 2 1 1 1 1 0 0 0 0 0 1 2 1 1 1 1 0 0 0 0 0 1 2 1 1 1 1 0 0 0 0 0 1 1 1 1 1 1 0 0 0 0 0 1 1 1 1 1 1 0 0 0 0 0 1 1 1 1 1 1 0 0 0 0 0 1 1 1 1 1 1 0 0 0 0 0 1 1 1 1 1 1 0 0 0 0 0 1 1 1 1 1 1 0 0 0 0 0 0 1 1 1 1 1 0 0 0 0 0 0 1 1 1 1 1 0 0 0 0 0 0 1 1 1 1 0 0 0 0 0 0 0 1 1 1 1 0 0 0 0 0 0 0 1 1 1 1 0 0 0 0 0 0 0 1 1 1 1 0 0 0 0 0 0 0 1 1 1 1 0 0 0 0 0 0 0 1 1 1 1 0 0 0 0 0 0 0 1 1 1 1 0 0 0 0 0 0 0 1 1 1 1 0 0 0 0 0 0 0 1 1 1 1 0 0 0 0 0 0 0 1 1 1 1 0 0 0 0 0 0 0 0 1 1 1 0 0 0 0 0 0 0 0 1 1 0 0 0 0 0 0 0 0 0 1 1 0 0 0 0 0 0 0 0 0 1 1 0 0 0 0 0 0 0 0 0 1 1 0 0 0 0 0 0 0 0 0 0 0 0 0 0 0
estimated_attenuation.size=902
estimated_attenuation.data=0.00 0.00 0.00 0.00 0.00 0.00 0.00 0.00 0.00 0.00 0.00 0.00 0.00 0.00 0.00 0.00 0.00 0.00 0.00 0.00 0.00 0.00 0.00 0.00 0.00 0.00 0.00 0.00 0.00 0.00 0.00 0.00 0.00 0.00 0.00 0.00 0.00 0.00 0.00 0.00 0.00 0.00 0.00 0.00 0.00 0.00 0.00 0.00 0.00 0.00 0.00 0.00 0.00 0.00 0.00 0.00 0.00 0.00 0.00 0.00 0.00 0.00 0.00 0.00 0.00 0.00 0.00 0.00 0.00 0.00 0.00 0.00 0.00 0.00 0.00 0.00 0.00 0.00 0.00 0.00 0.00 0.00 0.00 0.00 0.00 0.00 0.00 0.00 0.00 0.00 0.00 0.00 0.00 0.00 0.00 0.00 0.00 0.00 0.00 0.00 0.00 0.00 0.00 0.00 0.00 0.00 0.00 0.00 0.00 0.00 0.00 0.00 0.00 0.00 0.00 0.00 0.00 0.00 0.00 0.00 0.00 0.00 0.00 0.00 0.00 0.00 0.00 0.00 0.00 0.00 0.00 0.00 0.00 0.00 0.00 0.00 0.00 0.00 0.00 0.00 0.00 0.00 0.00 0.00 0.00 0.00 0.00 0.00 0.00 0.00 0.00 0.00 0.00 0.00 0.00 0.00 0.00 0.00 0.00 0.00 0.00 0.00 0.00 0.00 0.00 0.00 0.00 0.00 0.00 0.00 0.00 0.00 0.00 0.00 0.00 0.00 0.00 0.00 0.00 0.00 0.00 0.00 0.00 0.00 0.00 0.00 0.00 0.00 0.00 0.00 0.00 0.00 0.00 0.00 0.00 0.00 0.00 0.00 0.00 0.00 0.00 0.00 0.00 0.00 0.00 0.00 0.00 0.00 0.00 0.00 0.00 0.00 0.00 0.00 0.00 0.00 0.00 0.00 0.00 0.00 0.00 0.00 0.00 0.00 0.00 0.00 0.00 0.00 0.00 0.00 0.00 0.00 0.00 0.00 0.00 0.00 0.00 0.00 0.00 0.00 0.00 0.00 0.00 0.00 0.00 0.00 0.00 0.00 0.00 0.00 0.00 0.00 0.00 0.00 0.00 0.00 0.00 0.00 0.00 0.00 0.00 0.00 0.00 0.00 0.00 0.00 0.00 0.00 0.00 0.00 0.00 0.00 0.00 0.00 0.00 0.00 0.00 0.00 0.00 0.00 0.00 0.00 0.00 0.00 0.00 0.00 0.00 0.00 0.00 0.00 0.00 0.00 0.00 0.00 0.00 0.00 0.00 0.00 0.00 0.00 0.00 0.00 0.00 0.00 0.00 0.00 0.00 0.00 0.00 0.00 0.00 0.00 0.00 0.00 0.00 0.00 0.00 0.00 0.00 0.00 0.00 0.00 0.00 0.00 0.00 0.00 0.00 0.00 0.00 0.00 0.00 0.00 0.00 0.00 0.00 0.00 0.00 0.00 0.00 0.00 0.00 0.00 0.00 0.00 0.00 0.00 0.00 0.00 0.00 0.00 0.00 0.00 0.00 0.00 0.00 0.00 0.00 0.00 0.00 0.00 0.00 0.00 0.00 0.00 0.00 0.00 0.00 0.00 0.00 0.00 0.00 0.00 0.00 0.00 0.00 0.00 0.00 0.00 0.00 0.00 0.00 0.00 0.00 0.00 0.00 0.00 0.00 0.00 0.00 0.00 0.00 0.00 0.00 0.00 0.00 0.00 0.00 0.00 0.00 0.00 0.00 0.00 0.00 0.00 0.00 0.00 0.00 0.00 0.00 0.00 0.00 0.00 0.00 0.00 0.00 0.00 0.00 0.00 0.00 0.00 0.00 0.00 0.00 0.00 0.00 0.00 0.00 0.00 0.00 0.00 0.00 0.00 0.00 0.00 0.00 0.00 0.00 0.00 0.00 0.00 0.00 0.00 0.00 0.00 0.00 0.00 0.00 0.00 0.00 0.00 0.00 0.00 0.00 0.00 0.00 0.00 0.00 0.00 0.00 0.00 0.00 0.00 0.00 0.00 0.00 0.00 0.00 0.00 0.00 0.00 0.00 0.00 0.00 0.00 0.00 0.00 0.00 0.00 0.00 0.00 0.00 0.00 0.00 0.00 0.00 0.00 0.00 0.00 0.00 0.00 0.00 0.00 0.00 0.00 0.00 0.00 0.00 0.00 0.00 0.00 0.00 0.00 0.00 0.00 0.00 0.00 0.00 0.00 0.00 0.00 0.00 0.00 0.00 0.00 0.00 0.00 0.00 0.00 0.00 0.00 0.00 0.00 0.00 0.00 0.00 0.00 0.00 0.00 0.00 0.00 0.00 0.00 0.00 0.00 0.00 0.00 0.00 0.00 0.00 0.00 0.00 0.00 0.00 0.00 0.00 0.00 0.00 0.00 0.00 0.00 0.00 0.00 0.00 0.00 0.00 0.00 0.00 0.00 0.00 0.00 0.00 0.00 0.00 0.00 0.00 0.00 0.00 0.00 0.00 0.00 0.00 0.00 0.00 0.00 0.00 0.00 0.00 0.00 0.00 0.00 0.00 0.00 0.00 0.00 0.00 0.00 0.00 0.00 0.00 0.00 0.00 0.00 0.00 0.00 0.00 0.00 0.00 0.00 0.00 0.00 0.00 0.00 0.00 0.00 0.00 0.00 0.00 0.00 0.00 0.00 0.00 0.00 0.00 0.00 0.00 0.00 0.00 0.00 0.00 0.00 0.00 0.00 0.00 0.00 0.00 0.00 0.00 0.00 0.00 0.00 0.00 0.00 0.00 0.00 0.00 0.00 0.00 0.00 0.00 0.00 0.00 0.00 0.00 0.00 0.00 0.00 0.00 0.00 0.00 0.00 0.00 0.00 0.00 0.00 0.00 0.00 0.00 0.00 0.00 0.00 0.00 0.00 0.00 0.00 0.00 0.00 0.00 0.00 0.00 0.00 0.00 0.00 0.00 0.00 0.00 0.00 0.00 0.00 0.00 0.00 0.00 0.00 0.00 0.00 0.00 0.00 0.00 0.00 0.00 0.00 0.00 0.00 0.00 0.00 0.00 0.00 0.00 0.00 0.00 0.00 0.00 0.00 0.00 0.00 0.00 0.00 0.00 0.00 0.00 0.00 0.00 0.00 0.00 0.00 0.00 0.00 0.00 0.00 0.00 0.00 0.00 0.00 0.00 0.00 0.00 0.00 0.00 0.00 0.00 0.00 0.00 0.00 0.00 0.00 0.00 0.00 0.00 0.00 0.00 0.00 0.00 0.00 0.00 0.00 0.00 0.00 0.00 0.00 0.00 0.00 0.00 0.00 0.00 0.00 0.00 0.00 0.00 0.00 0.00 0.00 0.00 0.00 0.00 0.00 0.00 0.00 0.00 0.00 0.00 0.00 0.00 0.00 0.00 0.00 0.00 0.00 0.00 0.00 0.00 0.00 0.00 0.00 0.00 0.00 0.00 0.00 0.00 0.00 0.00 0.00 0.00 0.00 0.00 0.00 0.00 0.00 0.00 0.00 0.00 0.00 0.00 0.00 0.00 0.00 0.00 0.00 0.00 0.00 0.00 0.00 0.00 0.00 0.00 0.00 0.00 0.00 0.00 0.00 0.00 0.00 0.00 0.00 0.00 0.00 0.00 0.00 0.00 0.00 0.00 0.00 0.00 0.00 0.00 0.00 0.00 0.00 0.00 0.00 0.00 0.00 0.00 0.00 0.00 0.00 0.00 0.00 0.00 0.00 0.00 0.00 0.00 0.00 0.00 0.00 0.00 0.00 0.00 0.00 0.00 0.00 0.00 0.00 0.00 0.00 0.00 0.00 0.00 0.00 0.00 0.00 0.00 0.00 0.00 0.00 0.00 0.00 0.00 0.00 0.00 0.00 0.00 0.00 0.00 0.00 0.00 0.00 0.00 0.00 0.00 0.00 0.00 0.00 0.00 0.00 0.00 0.00 0.00 0.00 0.00 0.00 0.00 0.00
height.size=902
height.data=4219.04 4219.04 4219.04 4219.04 4219.04 4219.04 4219.04 4219.04 4219.04 4219.04 4219.04 4227.66 4227.66 4227.66 4227.66 4227.66 4227.66 4227.66 4227.66 4227.66 4227.66 4227.66 4236.28 4236.28 4236.28 4236.28 4236.28 4236.28 4236.28 4236.28 4236.28 4236.28 4236.28 4244.92 4244.92 4244.92 4244.92 4244.92 4244.92 4244.92 4244.92 4244.92 4244.92 4244.92 4253.56 4253.56 4253.56 4253.56 4253.56 4253.56 4253.56 4253.56 4253.56 4253.56 4253.56 4262.20 4262.20 4262.20 4262.20 4262.20 4262.20 4262.20 4262.20 4262.20 4262.20 4262.20 4270.86 4270.86 4270.86 4270.86 4270.86 4270.86 4270.86 4270.86 4270.86 4270.86 4270.86 4279.52 4279.52 4279.52 4279.52 4279.52 4279.52 4279.52 4279.52 4279.52 4279.52 4279.52 4288.19 4288.19 4288.19 4288.19 4288.19 4288.19 4288.19 4288.19 4288.19 4288.19 4288.19 4296.87 4296.87 4296.87 4296.87 4296.87 4296.87 4296.87 4296.87 4296.87 4296.87 4296.87 4305.55 4305.55 4305.55 4305.55 4305.55 4305.55 4305.55 4305.55 4305.55 4305.55 4305.55 4314.24 4314.24 4314.24 4314.24 4314.24 4314.24 4314.24 4314.24 4314.24 4314.24 4314.24 4322.94 4322.94 4322.94 4322.94 4322.94 4322.94 4322.94 4322.94 4322.94 4322.94 4322.94 4331.65 4331.65 4331.65 4331.65 4331.65 4331.65 4331.65 4331.65 4331.65 4331.65 4331.65 4340.36 4340.36 4340.36 4340.36 4340.36 4340.36 4340.36 4340.36 4340.36 4340.36 4340.36 4349.08 4349.08 4349.08 4349.08 4349.08 4349.08 4349.08 4349.08 4349.08 4349.08 4349.08 4357.81 4357.81 4357.81 4357.81 4357.81 4357.81 4357.81 4357.81 4357.81 4357.81 4357.81 4366.55 4366.55 4366.55 4366.55 4366.55 4366.55 4366.55 4366.55 4366.55 4366.55 4366.55 4375.29 4375.29 4375.29 4375.29 4375.29 4375.29 4375.29 4375.29 4375.29 4375.29 4375.29 4384.04 4384.04 4384.04 4384.04 4384.04 4384.04 4384.04 4384.04 4384.04 4384.04 4384.04 4392.80 4392.80 4392.80 4392.80 4392.80 4392.80 4392.80 4392.80 4392.80 4392.80 4392.80 4401.56 4401.56 4401.56 4401.56 4401.56 4401.56 4401.56 4401.56 4401.56 4401.56 4401.56 4410.33 4410.33 4410.33 4410.33 4410.33 4410.33 4410.33 4410.33 4410.33 4410.33 4410.33 4419.11 4419.11 4419.11 4419.11 4419.11 4419.11 4419.11 4419.11 4419.11 4419.11 4419.11 4427.90 4427.90 4427.90 4427.90 4427.90 4427.90 4427.90 4427.90 4427.90 4427.90 4427.90 4436.70 4436.70 4436.70 4436.70 4436.70 4436.70 4436.70 4436.70 4436.70 4436.70 4436.70 4445.50 4445.50 4445.50 4445.50 4445.50 4445.50 4445.50 4445.50 4445.50 4445.50 4445.50 4454.31 4454.31 4454.31 4454.31 4454.31 4454.31 4454.31 4454.31 4454.31 4454.31 4454.31 4463.12 4463.12 4463.12 4463.12 4463.12 4463.12 4463.12 4463.12 4463.12 4463.12 4463.12 4471.95 4471.95 4471.95 4471.95 4471.95 4471.95 4471.95 4471.95 4471.95 4471.95 4471.95 4480.78 4480.78 4480.78 4480.78 4480.78 4480.78 4480.78 4480.78 4480.78 4480.78 4480.78 4489.62 4489.62 4489.62 4489.62 4489.62 4489.62 4489.62 4489.62 4489.62 4489.62 4489.62 4498.46 4498.46 4498.46 4498.46 4498.46 4498.46 4498.46 4498.46 4498.46 4498.46 4498.46 4507.32 4507.32 4507.32 4507.32 4507.32 4507.32 4507.32 4507.32 4507.32 4507.32 4507.32 4516.18 4516.18 4516.18 4516.18 4516.18 4516.18 4516.18 4516.18 4516.18 4516.18 4516.18 4525.04 4525.04 4525.04 4525.04 4525.04 4525.04 4525.04 4525.04 4525.04 4525.04 4525.04 4533.92 4533.92 4533.92 4533.92 4533.92 4533.92 4533.92 4533.92 4533.92 4533.92 4533.92 4542.80 4542.80 4542.80 4542.80 4542.80 4542.80 4542.80 4542.80 4542.80 4542.80 4542.80 4551.69 4551.69 4551.69 4551.69 4551.69 4551.69 4551.69 4551.69 4551.69 4551.69 4551.69 4560.59 4560.59 4560.59 4560.59 4560.59 4560.59 4560.59 4560.59 4560.59 4560.59 4560.59 4569.49 4569.49 4569.49 4569.49 4569.49 4569.49 4569.49 4569.49 4569.49 4569.49 4569.49 4578.41 4578.41 4578.41 4578.41 4578.41 4578.41 4578.41 4578.41 4578.41 4578.41 4578.41 4587.32 4587.32 4587.32 4587.32 4587.32 4587.32 4587.32 4587.32 4587.32 4587.32 4587.32 4596.25 4596.25 4596.25 4596.25 4596.25 4596.25 4596.25 4596.25 4596.25 4596.25 4596.25 4605.19 4605.19 4605.19 4605.19 4605.19 4605.19 4605.19 4605.19 4605.19 4605.19 4605.19 4614.13 4614.13 4614.13 4614.13 4614.13 4614.13 4614.13 4614.13 4614.13 4614.13 4614.13 4623.08 4623.08 4623.08 4623.08 4623.08 4623.08 4623.08 4623.08 4623.08 4623.08 4623.08 4632.03 4632.03 4632.03 4632.03 4632.03 4632.03 4632.03 4632.03 4632.03 4632.03 4632.03 4640.99 4640.99 4640.99 4640.99 4640.99 4640.99 4640.99 4640.99 4640.99 4640.99 4640.99 4649.97 4649.97 4649.97 4649.97 4649.97 4649.97 4649.97 4649.97 4649.97 4649.97 4649.97 4658.94 4658.94 4658.94 4658.94 4658.94 4658.94 4658.94 4658.94 4658.94 4658.94 4658.94 4667.93 4667.93 4667.93 4667.93 4667.93 4667.93 4667.93 4667.93 4667.93 4667.93 4667.93 4676.92 4676.92 4676.92 4676.92 4676.92 4676.92 4676.92 4676.92 4676.92 4676.92 4676.92 4685.92 4685.92 4685.92 4685.92 4685.92 4685.92 4685.92 4685.92 4685.92 4685.92 4685.92 4694.93 4694.93 4694.93 4694.93 4694.93 4694.93 4694.93 4694.93 4694.93 4694.93 4694.93 4703.94 4703.94 4703.94 4703.94 4703.94 4703.94 4703.94 4703.94 4703.94 4703.94 4703.94 4712.97 4712.97 4712.97 4712.97 4712.97 4712.97 4712.97 4712.97 4712.97 4712.97 4712.97 4721.99 4721.99 4721.99 4721.99 4721.99 4721.99 4721.99 4721.99 4721.99 4721.99 4721.99 4731.03 4731.03 4731.03 4731.03 4731.03 4731.03 4731.03 4731.03 4731.03 4731.03 4731.03 4740.08 4740.08 4740.08 4740.08 4740.08 4740.08 4740.08 4740.08 4740.08 4740.08 4740.08 4749.13 4749.13 4749.13 4749.13 4749.13 4749.13 4749.13 4749.13 4749.13 4749.13 4749.13 4758.19 4758.19 4758.19 4758.19 4758.19 4758.19 4758.19 4758.19 4758.19 4758.19 4758.19 4767.25 4767.25 4767.25 4767.25 4767.25 4767.25 4767.25 4767.25 4767.25 4767.25 4767.25 4776.33 4776.33 4776.33 4776.33 4776.33 4776.33 4776.33 4776.33 4776.33 4776.33 4776.33 4785.41 4785.41 4785.41 4785.41 4785.41 4785.41 4785.41 4785.41 4785.41 4785.41 4785.41 4794.49 4794.49 4794.49 4794.49 4794.49 4794.49 4794.49 4794.49 4794.49 4794.49 4794.49 4803.59 4803.59 4803.59 4803.59 4803.59 4803.59 4803.59 4803.59 4803.59 4803.59 4803.59 4812.69 4812.69 4812.69 4812.69 4812.69 4812.69 4812.69 4812.69 4812.69 4812.69 4812.69 4821.80 4821.80 4821.80 4821.80 4821.80 4821.80 4821.80 4821.80 4821.80 4821.80 4821.80 4830.92 4830.92 4830.92 4830.92 4830.92 4830.92 4830.92 4830.92 4830.92 4830.92 4830.92 4840.05 4840.05 4840.05 4840.05 4840.05 4840.05 4840.05 4840.05 4840.05 4840.05 4840.05 4849.18 4849.18 4849.18 4849.18 4849.18 4849.18 4849.18 4849.18 4849.18 4849.18 4849.18 4858.32 4858.32 4858.32 4858.32 4858.32 4858.32 4858.32 4858.32 4858.32 4858.32 4858.32 4867.46 4867.46 4867.46 4867.46 4867.46 4867.46 4867.46 4867.46 4867.46 4867.46 4867.46 4876.62 4876.62 4876.62 4876.62 4876.62 4876.62 4876.62 4876.62 4876.62 4876.62 4876.62 4885.78 4885.78 4885.78 4885.78 4885.78 4885.78 4885.78 4885.78 4885.78 4885.78 4885.78 4894.95 4894.95 4894.95 4894.95 4894.95 4894.95 4894.95 4894.95 4894.95 4894.95 4894.95 4904.13 4904.13 4904.13 4904.13 4904.13 4904.13 4904.13 4904.13 4904.13 4904.13 4904.13 4913.31 4913.31 4913.31 4913.31 4913.31 4913.31 4913.31 4913.31 4913.31 4913.31 4913.31 4922.50 4922.50 4922.50 4922.50 4922.50 4922.50 4922.50 4922.50 4922.50 4922.50 4922.50 4931.70 4931.70 4931.70 4931.70 4931.70 4931.70 4931.70 4931.70 4931.70 4931.70 4931.70 4940.90 4940.90 4940.90 4940.90 4940.90 4940.90 4940.90 4940.90 4940.90 4940.90 4940.90
=== END RADAR_SCAN ===

=== BEGIN RADAR_SCAN ===
scan.index=6
scan.time=166.670000
radar.id=0
radar.frequency=C
radar.scanning_mode=PPI
radar.x=0.000
radar.y=0.000
radar.z=25.000
radar.maximum_range=250000.000
radar.range_resolution=250.000
radar.angular_resolution=1.000000
box.radar_id=0
box.min_range_gate=697.000
box.max_range_gate=778.000
box.min_angle=97.000000
box.max_angle=108.000000
box.num_ranges=82
box.num_angles=11
box.range_resolution=250.000
box.angular_resolution=1.000000
box.other_angle=0.300000
grid.size=902
grid.data=0.00 0.00 0.00 0.00 0.00 0.00 0.00 0.00 0.00 0.00 0.00 0.00 0.00 0.00 0.00 0.00 0.00 0.00 0.00 0.00 0.00 0.00 0.00 0.00 0.00 0.00 0.00 31.91 36.61 0.00 0.00 0.00 0.00 0.00 0.00 0.00 0.00 0.00 32.13 35.61 0.00 0.00 0.00 0.00 0.00 0.00 0.00 0.00 0.00 35.33 33.72 0.00 0.00 0.00 0.00 0.00 0.00 0.00 0.00 0.00 30.37 34.76 0.00 0.00 0.00 0.00 0.00 0.00 0.00 0.00 33.53 33.59 33.44 32.60 0.00 0.00 0.00 0.00 0.00 0.00 0.00 35.66 30.75 36.98 33.03 0.00 0.00 0.00 0.00 0.00 0.00 0.00 35.88 32.46 32.50 32.72 0.00 0.00 0.00 0.00 0.00 0.00 0.00 34.43 34.17 35.08 32.65 0.00 0.00 0.00 0.00 0.00 0.00 0.00 34.85 37.00 36.68 36.11 0.00 0.00 0.00 0.00 0.00 0.00 0.00 36.38 32.41 35.67 30.73 0.00 0.00 0.00 0.00 0.00 0.00 0.00 31.96 30.09 33.64 32.13 0.00 0.00 0.00 0.00 0.00 0.00 0.00 33.97 34.31 30.44 37.11 0.00 0.00 0.00 0.00 0.00 0.00 0.00 32.59 31.41 32.58 36.24 0.00 0.00 0.00 0.00 0.00 0.00 0.00 35.39 32.26 33.04 35.20 0.00 0.00 0.00 0.00 0.00 0.00 0.00 30.71 32.85 36.31 27.45 37.68 0.00 0.00 0.00 0.00 0.00 36.27 40.08 34.96 36.36 26.83 34.45 0.00 0.00 0.00 0.00 0.00 33.07 44.57 35.12 30.19 35.26 32.94 0.00 0.00 0.00 0.00 0.00 34.45 41.83 34.95 30.56 32.86 32.79 0.00 0.00 0.00 0.00 0.00 32.61 38.08 34.00 36.51 37.15 36.70 0.00 0.00 0.00 0.00 0.00 31.47 41.47 32.91 37.84 34.54 34.12 0.00 0.00 0.00 0.00 0.00 42.06 38.17 37.35 39.01 36.85 33.71 0.00 0.00 0.00 0.00 0.00 43.90 37.82 44.63 32.02 33.64 35.62 0.00 0.00 0.00 0.00 0.00 40.56 46.29 42.18 32.30 32.47 31.38 0.00 0.00 0.00 0.00 0.00 39.81 37.06 41.26 32.35 37.08 30.87 0.00 0.00 0.00 0.00 0.00 38.83 42.18 40.47 33.40 31.68 37.05 0.00 0.00 0.00 0.00 0.00 42.70 39.79 40.85 32.12 35.60 33.46 0.00 0.00 0.00 0.00 0.00 42.03 43.13 40.59 35.93 32.34 36.11 0.00 0.00 0.00 0.00 0.00 43.75 44.41 39.49 34.74 36.53 29.78 0.00 0.00 0.00 0.00 0.00 40.07 43.90 42.93 29.64 35.13 33.82 0.00 0.00 0.00 0.00 0.00 42.21 40.21 44.37 31.10 35.36 35.75 0.00 0.00 0.00 0.00 0.00 39.01 41.76 39.14 33.12 29.52 36.04 0.00 0.00 0.00 0.00 0.00 39.65 40.84 45.22 33.59 32.36 36.74 0.00 0.00 0.00 0.00 0.00 44.96 40.69 43.85 36.36 35.90 36.07 0.00 0.00 0.00 0.00 0.00 45.45 43.74 38.23 25.57 35.74 37.21 0.00 0.00 0.00 0.00 0.00 45.63 42.11 37.51 37.47 37.13 31.82 0.00 0.00 0.00 0.00 0.00 44.08 39.35 38.84 35.73 32.89 38.61 0.00 0.00 0.00 0.00 0.00 42.48 40.72 41.48 36.60 35.32 33.79 0.00 0.00 0.00 0.00 0.00 44.27 41.40 37.26 33.76 35.61 33.12 0.00 0.00 0.00 0.00 0.00 41.98 39.99 43.02 36.03 32.53 33.12 0.00 0.00 0.00 0.00 0.00 43.16 40.46 38.25 36.94 32.04 35.58 0.00 0.00 0.00 0.00 0.00 43.47 41.40 34.91 37.14 27.87 32.02 0.00 0.00 0.00 0.00 0.00 40.45 44.66 44.39 31.20 32.60 34.95 0.00 0.00 0.00 0.00 0.00 44.70 43.89 44.01 35.50 33.51 32.73 0.00 0.00 0.00 0.00 0.00 39.09 44.19 40.24 29.82 38.93 34.30 0.00 0.00 0.00 0.00 0.00 38.40 39.62 41.74 32.84 32.57 29.21 0.00 0.00 0.00 0.00 0.00 37.01 40.46 41.20 33.56 39.48 34.87 0.00 0.00 0.00 0.00 0.00 40.05 41.54 42.37 32.50 34.74 33.69 0.00 0.00 0.00 0.00 0.00 46.60 44.10 45.29 35.54 38.32 35.96 0.00 0.00 0.00 0.00 0.00 42.12 40.42 46.24 33.42 37.35 36.91 0.00 0.00 0.00 0.00 0.00 36.71 45.40 41.08 37.71 34.95 35.05 0.00 0.00 0.00 0.00 0.00 40.01 42.42 47.00 34.01 36.43 32.54 0.00 0.00 0.00 0.00 0.00 34.24 40.49 34.31 35.51 35.68 34.61 0.00 0.00 0.00 0.00 0.00 33.71 42.27 31.07 35.55 34.52 33.99 0.00 0.00 0.00 0.00 0.00 38.46 37.22 35.97 30.85 29.82 33.46 0.00 0.00 0.00 0.00 0.00 36.97 42.80 34.90 35.27 30.22 35.40 0.00 0.00 0.00 0.00 0.00 35.12 37.65 30.35 34.36 40.05 35.38 0.00 0.00 0.00 0.00 0.00 32.84 37.25 30.80 38.89 31.39 31.94 0.00 0.00 0.00 0.00 0.00 36.20 32.60 36.30 30.64 31.91 35.74 0.00 0.00 0.00 0.00 0.00 32.94 37.04 33.03 34.72 33.65 35.45 0.00 0.00 0.00 0.00 0.00 33.45 34.29 35.56 38.70 29.37 31.27 0.00 0.00 0.00 0.00 0.00 34.44 38.62 36.02 38.34 34.27 34.03 0.00 0.00 0.00 0.00 0.00 30.71 37.85 37.53 33.33 40.16 37.61 0.00 0.00 0.00 0.00 0.00 0.00 36.79 38.80 35.67 32.62 37.48 0.00 0.00 0.00 0.00 0.00 0.00 32.36 36.80 34.66 33.53 0.00 0.00 0.00 0.00 0.00 0.00 0.00 36.44 35.39 31.84 36.35 0.00 0.00 0.00 0.00 0.00 0.00 0.00 32.41 39.99 32.72 37.33 0.00 0.00 0.00 0.00 0.00 0.00 0.00 37.67 34.07 37.59 32.02 0.00 0.00 0.00 0.00 0.00 0.00 0.00 39.08 31.85 34.26 34.94 0.00 0.00 0.00 0.00 0.00 0.00 0.00 35.84 26.94 34.62 36.42 0.00 0.00 0.00 0.00 0.00 0.00 0.00 35.09 36.97 34.69 36.43 0.00 0.00 0.00 0.00 0.00 0.00 0.00 33.82 32.03 34.74 32.53 0.00 0.00 0.00 0.00 0.00 0.00 0.00 34.63 32.89 35.25 34.66 0.00 0.00 0.00 0.00 0.00 0.00 0.00 39.49 33.06 40.21 36.99 0.00 0.00 0.00 0.00 0.00 0.00 0.00 33.40 32.74 35.83 35.19 0.00 0.00 0.00 0.00 0.00 0.00 0.00 0.00 31.97 31.22 0.00 0.00 0.00 0.00 0.00 0.00 0.00 0.00 0.00 38.12 32.18 0.00 0.00 0.00 0.00 0.00 0.00 0.00 0.00 0.00 35.30 33.74 0.00 0.00 0.00 0.00 0.00 0.00 0.00 0.00 0.00 35.37 33.32 0.00 0.00 0.00 0.00 0.00 0.00 0.00 0.00 0.00 31.89 33.31 0.00 0.00 0.00 0.00 0.00 0.00 0.00 0.00 0.00 0.00 0.00 0.00 0.00 0.00 0.00
rain_type.data=0 0 0 0 0 0 0 0 0 0 0 0 0 0 0 0 0 0 0 0 0 0 0 0 0 0 0 1 1 0 0 0 0 0 0 0 0 0 1 1 0 0 0 0 0 0 0 0 0 1 1 0 0 0 0 0 0 0 0 0 1 1 0 0 0 0 0 0 0 0 1 1 1 1 0 0 0 0 0 0 0 1 1 1 1 0 0 0 0 0 0 0 1 1 1 1 0 0 0 0 0 0 0 1 1 1 1 0 0 0 0 0 0 0 1 1 1 1 0 0 0 0 0 0 0 1 1 1 1 0 0 0 0 0 0 0 1 1 1 1 0 0 0 0 0 0 0 1 1 1 1 0 0 0 0 0 0 0 1 1 1 1 0 0 0 0 0 0 0 1 1 1 1 0 0 0 0 0 0 0 1 1 1 1 1 0 0 0 0 0 1 2 1 1 1 1 0 0 0 0 0 1 2 1 1 1 1 0 0 0 0 0 1 2 1 1 1 1 0 0 0 0 0 1 2 1 1 1 1 0 0 0 0 0 1 2 1 1 1 1 0 0 0 0 0 2 2 2 1 1 1 0 0 0 0 0 2 2 2 1 1 1 0 0 0 0 0 2 2 2 1 1 1 0 0 0 0 0 2 2 2 1 1 1 0 0 0 0 0 2 2 2 1 1 1 0 0 0 0 0 2 2 2 1 1 1 0 0 0 0 0 2 2 2 1 1 1 0 0 0 0 0 2 2 2 1 1 1 0 0 0 0 0 2 2 2 1 1 1 0 0 0 0 0 2 2 2 1 1 1 0 0 0 0 0 2 2 2 1 1 1 0 0 0 0 0 2 2 2 1 1 1 0 0 0 0 0 2 2 2 1 1 1 0 0 0 0 0 2 2 2 1 1 1 0 0 0 0 0 2 2 2 1 1 1 0 0 0 0 0 2 2 2 1 1 1 0 0 0 0 0 2 2 2 1 1 1 0 0 0 0 0 2 2 2 1 1 1 0 0 0 0 0 2 2 2 1 1 1 0 0 0 0 0 2 2 2 1 1 1 0 0 0 0 0 2 2 2 1 1 1 0 0 0 0 0 2 2 2 1 1 1 0 0 0 0 0 2 2 2 1 1 1 0 0 0 0 0 2 2 2 1 1 1 0 0 0 0 0 2 2 2 1 1 1 0 0 0 0 0 2 2 2 1 1 1 0 0 0 0 0 2 2 2 1 1 1 0 0 0 0 0 2 2 2 1 1 1 0 0 0 0 0 2 2 2 1 1 1 0 0 0 0 0 2 2 2 1 1 1 0 0 0 0 0 1 2 2 1 1 1 0 0 0 0 0 1 2 1 1 1 1 0 0 0 0 0 1 2 1 1 1 1 0 0 0 0 0 1 2 1 1 1 1 0 0 0 0 0 1 2 1 1 1 1 0 0 0 0 0 1 1 1 1 1 1 0 0 0 0 0 1 1 1 1 1 1 0 0 0 0 0 1 1 1 1 1 1 0 0 0 0 0 1 1 1 1 1 1 0 0 0 0 0 1 1 1 1 1 1 0 0 0 0 0 1 1 1 1 1 1 0 0 0 0 0 1 1 1 1 1 1 0 0 0 0 0 0 1 1 1 1 1 0 0 0 0 0 0 1 1 1 1 0 0 0 0 0 0 0 1 1 1 1 0 0 0 0 0 0 0 1 1 1 1 0 0 0 0 0 0 0 1 1 1 1 0 0 0 0 0 0 0 1 1 1 1 0 0 0 0 0 0 0 1 1 1 1 0 0 0 0 0 0 0 1 1 1 1 0 0 0 0 0 0 0 1 1 1 1 0 0 0 0 0 0 0 1 1 1 1 0 0 0 0 0 0 0 1 1 1 1 0 0 0 0 0 0 0 1 1 1 1 0 0 0 0 0 0 0 0 1 1 0 0 0 0 0 0 0 0 0 1 1 0 0 0 0 0 0 0 0 0 1 1 0 0 0 0 0 0 0 0 0 1 1 0 0 0 0 0 0 0 0 0 1 1 0 0 0 0 0 0 0 0 0 0 0 0 0 0 0
estimated_attenuation.size=902
estimated_attenuation.data=0.00 0.00 0.00 0.00 0.00 0.00 0.00 0.00 0.00 0.00 0.00 0.00 0.00 0.00 0.00 0.00 0.00 0.00 0.00 0.00 0.00 0.00 0.00 0.00 0.00 0.00 0.00 0.00 0.00 0.00 0.00 0.00 0.00 0.00 0.00 0.00 0.00 0.00 0.00 0.00 0.00 0.00 0.00 0.00 0.00 0.00 0.00 0.00 0.00 0.00 0.00 0.00 0.00 0.00 0.00 0.00 0.00 0.00 0.00 0.00 0.00 0.00 0.00 0.00 0.00 0.00 0.00 0.00 0.00 0.00 0.00 0.00 0.00 0.00 0.00 0.00 0.00 0.00 0.00 0.00 0.00 0.00 0.00 0.00 0.00 0.00 0.00 0.00 0.00 0.00 0.00 0.00 0.00 0.00 0.00 0.00 0.00 0.00 0.00 0.00 0.00 0.00 0.00 0.00 0.00 0.00 0.00 0.00 0.00 0.00 0.00 0.00 0.00 0.00 0.00 0.00 0.00 0.00 0.00 0.00 0.00 0.00 0.00 0.00 0.00 0.00 0.00 0.00 0.00 0.00 0.00 0.00 0.00 0.00 0.00 0.00 0.00 0.00 0.00 0.00 0.00 0.00 0.00 0.00 0.00 0.00 0.00 0.00 0.00 0.00 0.00 0.00 0.00 0.00 0.00 0.00 0.00 0.00 0.00 0.00 0.00 0.00 0.00 0.00 0.00 0.00 0.00 0.00 0.00 0.00 0.00 0.00 0.00 0.00 0.00 0.00 0.00 0.00 0.00 0.00 0.00 0.00 0.00 0.00 0.00 0.00 0.00 0.00 0.00 0.00 0.00 0.00 0.00 0.00 0.00 0.00 0.00 0.00 0.00 0.00 0.00 0.00 0.00 0.00 0.00 0.00 0.00 0.00 0.00 0.00 0.00 0.00 0.00 0.00 0.00 0.00 0.00 0.00 0.00 0.00 0.00 0.00 0.00 0.00 0.00 0.00 0.00 0.00 0.00 0.00 0.00 0.00 0.00 0.00 0.00 0.00 0.00 0.00 0.00 0.00 0.00 0.00 0.00 0.00 0.00 0.00 0.00 0.00 0.00 0.00 0.00 0.00 0.00 0.00 0.00 0.00 0.00 0.00 0.00 0.00 0.00 0.00 0.00 0.00 0.00 0.00 0.00 0.00 0.00 0.00 0.00 0.00 0.00 0.00 0.00 0.00 0.00 0.00 0.00 0.00 0.00 0.00 0.00 0.00 0.00 0.00 0.00 0.00 0.00 0.00 0.00 0.00 0.00 0.00 0.00 0.00 0.00 0.00 0.00 0.00 0.00 0.00 0.00 0.00 0.00 0.00 0.00 0.00 0.00 0.00 0.00 0.00 0.00 0.00 0.00 0.00 0.00 0.00 0.00 0.00 0.00 0.00 0.00 0.00 0.00 0.00 0.00 0.00 0.00 0.00 0.00 0.00 0.00 0.00 0.00 0.00 0.00 0.00 0.00 0.00 0.00 0.00 0.00 0.00 0.00 0.00 0.00 0.00 0.00 0.00 0.00 0.00 0.00 0.00 0.00 0.00 0.00 0.00 0.00 0.00 0.00 0.00 0.00 0.00 0.00 0.00 0.00 0.00 0.00 0.00 0.00 0.00 0.00 0.00 0.00 0.00 0.00 0.00 0.00 0.00 0.00 0.00 0.00 0.00 0.00 0.00 0.00 0.00 0.00 0.00 0.00 0.00 0.00 0.00 0.00 0.00 0.00 0.00 0.00 0.00 0.00 0.00 0.00 0.00 0.00 0.00 0.00 0.00 0.00 0.00 0.00 0.00 0.00 0.00 0.00 0.00 0.00 0.00 0.00 0.00 0.00 0.00 0.00 0.00 0.00 0.00 0.00 0.00 0.00 0.00 0.00 0.00 0.00 0.00 0.00 0.00 0.00 0.00 0.00 0.00 0.00 0.00 0.00 0.00 0.00 0.00 0.00 0.00 0.00 0.00 0.00 0.00 0.00 0.00 0.00 0.00 0.00 0.00 0.00 0.00 0.00 0.00 0.00 0.00 0.00 0.00 0.00 0.00 0.00 0.00 0.00 0.00 0.00 0.00 0.00 0.00 0.00 0.00 0.00 0.00 0.00 0.00 0.00 0.00 0.00 0.00 0.00 0.00 0.00 0.00 0.00 0.00 0.00 0.00 0.00 0.00 0.00 0.00 0.00 0.00 0.00 0.00 0.00 0.00 0.00 0.00 0.00 0.00 0.00 0.00 0.00 0.00 0.00 0.00 0.00 0.00 0.00 0.00 0.00 0.00 0.00 0.00 0.00 0.00 0.00 0.00 0.00 0.00 0.00 0.00 0.00 0.00 0.00 0.00 0.00 0.00 0.00 0.00 0.00 0.00 0.00 0.00 0.00 0.00 0.00 0.00 0.00 0.00 0.00 0.00 0.00 0.00 0.00 0.00 0.00 0.00 0.00 0.00 0.00 0.00 0.00 0.00 0.00 0.00 0.00 0.00 0.00 0.00 0.00 0.00 0.00 0.00 0.00 0.00 0.00 0.00 0.00 0.00 0.00 0.00 0.00 0.00 0.00 0.00 0.00 0.00 0.00 0.00 0.00 0.00 0.00 0.00 0.00 0.00 0.00 0.00 0.00 0.00 0.00 0.00 0.00 0.00 0.00 0.00 0.00 0.00 0.00 0.00 0.00 0.00 0.00 0.00 0.00 0.00 0.00 0.00 0.00 0.00 0.00 0.00 0.00 0.00 0.00 0.00 0.00 0.00 0.00 0.00 0.00 0.00 0.00 0.00 0.00 0.00 0.00 0.00 0.00 0.00 0.00 0.00 0.00 0.00 0.00 0.00 0.00 0.00 0.00 0.00 0.00 0.00 0.00 0.00 0.00 0.00 0.00 0.00 0.00 0.00 0.00 0.00 0.00 0.00 0.00 0.00 0.00 0.00 0.00 0.00 0.00 0.00 0.00 0.00 0.00 0.00 0.00 0.00 0.00 0.00 0.00 0.00 0.00 0.00 0.00 0.00 0.00 0.00 0.00 0.00 0.00 0.00 0.00 0.00 0.00 0.00 0.00 0.00 0.00 0.00 0.00 0.00 0.00 0.00 0.00 0.00 0.00 0.00 0.00 0.00 0.00 0.00 0.00 0.00 0.00 0.00 0.00 0.00 0.00 0.00 0.00 0.00 0.00 0.00 0.00 0.00 0.00 0.00 0.00 0.00 0.00 0.00 0.00 0.00 0.00 0.00 0.00 0.00 0.00 0.00 0.00 0.00 0.00 0.00 0.00 0.00 0.00 0.00 0.00 0.00 0.00 0.00 0.00 0.00 0.00 0.00 0.00 0.00 0.00 0.00 0.00 0.00 0.00 0.00 0.00 0.00 0.00 0.00 0.00 0.00 0.00 0.00 0.00 0.00 0.00 0.00 0.00 0.00 0.00 0.00 0.00 0.00 0.00 0.00 0.00 0.00 0.00 0.00 0.00 0.00 0.00 0.00 0.00 0.00 0.00 0.00 0.00 0.00 0.00 0.00 0.00 0.00 0.00 0.00 0.00 0.00 0.00 0.00 0.00 0.00 0.00 0.00 0.00 0.00 0.00 0.00 0.00 0.00 0.00 0.00 0.00 0.00 0.00 0.00 0.00 0.00 0.00 0.00 0.00 0.00 0.00 0.00 0.00 0.00 0.00 0.00 0.00 0.00 0.00 0.00 0.00 0.00 0.00 0.00 0.00 0.00 0.00 0.00 0.00 0.00 0.00 0.00 0.00 0.00 0.00 0.00 0.00 0.00 0.00 0.00 0.00 0.00 0.00 0.00 0.00 0.00 0.00 0.00 0.00 0.00 0.00 0.00 0.00 0.00 0.00 0.00 0.00 0.00 0.00 0.00 0.00 0.00 0.00 0.00 0.00 0.00 0.00 0.00 0.00 0.00 0.00 0.00 0.00 0.00 0.00 0.00 0.00 0.00 0.00 0.00 0.00 0.00 0.00 0.00
height.size=902
height.data=2699.11 2699.11 2699.11 2699.11 2699.11 2699.11 2699.11 2699.11 2699.11 2699.11 2699.11 2705.55 2705.55 2705.55 2705.55 2705.55 2705.55 2705.55 2705.55 2705.55 2705.55 2705.55 2712.00 2712.00 2712.00 2712.00 2712.00 2712.00 2712.00 2712.00 2712.00 2712.00 2712.00 2718.45 2718.45 2718.45 2718.45 2718.45 2718.45 2718.45 2718.45 2718.45 2718.45 2718.45 2724.91 2724.91 2724.91 2724.91 2724.91 2724.91 2724.91 2724.91 2724.91 2724.91 2724.91 2731.38 2731.38 2731.38 2731.38 2731.38 2731.38 2731.38 2731.38 2731.38 2731.38 2731.38 2737.86 2737.86 2737.86 2737.86 2737.86 2737.86 2737.86 2737.86 2737.86 2737.86 2737.86 2744.34 2744.34 2744.34 2744.34 2744.34 2744.34 2744.34 2744.34 2744.34 2744.34 2744.34 2750.83 2750.83 2750.83 2750.83 2750.83 2750.83 2750.83 2750.83 2750.83 2750.83 2750.83 2757.33 2757.33 2757.33 2757.33 2757.33 2757.33 2757.33 2757.33 2757.33 2757.33 2757.33 2763.83 2763.83 2763.83 2763.83 2763.83 2763.83 2763.83 2763.83 2763.83 2763.83 2763.83 2770.35 2770.35 2770.35 2770.35 2770.35 2770.35 2770.35 2770.35 2770.35 2770.35 2770.35 2776.87 2776.87 2776.87 2776.87 2776.87 2776.87 2776.87 2776.87 2776.87 2776.87 2776.87 2783.39 2783.39 2783.39 2783.39 2783.39 2783.39 2783.39 2783.39 2783.39 2783.39 2783.39 2789.93 2789.93 2789.93 2789.93 2789.93 2789.93 2789.93 2789.93 2789.93 2789.93 2789.93 2796.47 2796.47 2796.47 2796.47 2796.47 2796.47 2796.47 2796.47 2796.47 2796.47 2796.47 2803.02 2803.02 2803.02 2803.02 2803.02 2803.02 2803.02 2803.02 2803.02 2803.02 2803.02 2809.57 2809.57 2809.57 2809.57 2809.57 2809.57 2809.57 2809.57 2809.57 2809.57 2809.57 2816.14 2816.14 2816.14 2816.14 2816.14 2816.14 2816.14 2816.14 2816.14 2816.14 2816.14 2822.71 2822.71 2822.71 2822.71 2822.71 2822.71 2822.71 2822.71 2822.71 2822.71 2822.71 2829.29 2829.29 2829.29 2829.29 2829.29 2829.29 2829.29 2829.29 2829.29 2829.29 2829.29 2835.87 2835.87 2835.87 2835.87 2835.87 2835.87 2835.87 2835.87 2835.87 2835.87 2835.87 2842.47 2842.47 2842.47 2842.47 2842.47 2842.47 2842.47 2842.47 2842.47 2842.47 2842.47 2849.07 2849.07 2849.07 2849.07 2849.07 2849.07 2849.07 2849.07 2849.07 2849.07 2849.07 2855.68 2855.68 2855.68 2855.68 2855.68 2855.68 2855.68 2855.68 2855.68 2855.68 2855.68 2862.29 2862.29 2862.29 2862.29 2862.29 2862.29 2862.29 2862.29 2862.29 2862.29 2862.29 2868.91 2868.91 2868.91 2868.91 2868.91 2868.91 2868.91 2868.91 2868.91 2868.91 2868.91 2875.54 2875.54 2875.54 2875.54 2875.54 2875.54 2875.54 2875.54 2875.54 2875.54 2875.54 2882.18 2882.18 2882.18 2882.18 2882.18 2882.18 2882.18 2882.18 2882.18 2882.18 2882.18 2888.82 2888.82 2888.82 2888.82 2888.82 2888.82 2888.82 2888.82 2888.82 2888.82 2888.82 2895.48 2895.48 2895.48 2895.48 2895.48 2895.48 2895.48 2895.48 2895.48 2895.48 2895.48 2902.14 2902.14 2902.14 2902.14 2902.14 2902.14 2902.14 2902.14 2902.14 2902.14 2902.14 2908.80 2908.80 2908.80 2908.80 2908.80 2908.80 2908.80 2908.80 2908.80 2908.80 2908.80 2915.48 2915.48 2915.48 2915.48 2915.48 2915.48 2915.48 2915.48 2915.48 2915.48 2915.48 2922.16 2922.16 2922.16 2922.16 2922.16 2922.16 2922.16 2922.16 2922.16 2922.16 2922.16 2928.85 2928.85 2928.85 2928.85 2928.85 2928.85 2928.85 2928.85 2928.85 2928.85 2928.85 2935.54 2935.54 2935.54 2935.54 2935.54 2935.54 2935.54 2935.54 2935.54 2935.54 2935.54 2942.25 2942.25 2942.25 2942.25 2942.25 2942.25 2942.25 2942.25 2942.25 2942.25 2942.25 2948.96 2948.96 2948.96 2948.96 2948.96 2948.96 2948.96 2948.96 2948.96 2948.96 2948.96 2955.68 2955.68 2955.68 2955.68 2955.68 2955.68 2955.68 2955.68 2955.68 2955.68 2955.68 2962.40 2962.40 2962.40 2962.40 2962.40 2962.40 2962.40 2962.40 2962.40 2962.40 2962.40 2969.13 2969.13 2969.13 2969.13 2969.13 2969.13 2969.13 2969.13 2969.13 2969.13 2969.13 2975.87 2975.87 2975.87 2975.87 2975.87 2975.87 2975.87 2975.87 2975.87 2975.87 2975.87 2982.62 2982.62 2982.62 2982.62 2982.62 2982.62 2982.62 2982.62 2982.62 2982.62 2982.62 2989.38 2989.38 2989.38 2989.38 2989.38 2989.38 2989.38 2989.38 2989.38 2989.38 2989.38 2996.14 2996.14 2996.14 2996.14 2996.14 2996.14 2996.14 2996.14 2996.14 2996.14 2996.14 3002.91 3002.91 3002.91 3002.91 3002.91 3002.91 3002.91 3002.91 3002.91 3002.91 3002.91 3009.68 3009.68 3009.68 3009.68 3009.68 3009.68 3009.68 3009.68 3009.68 3009.68 3009.68 3016.47 3016.47 3016.47 3016.47 3016.47 3016.47 3016.47 3016.47 3016.47 3016.47 3016.47 3023.26 3023.26 3023.26 3023.26 3023.26 3023.26 3023.26 3023.26 3023.26 3023.26 3023.26 3030.06 3030.06 3030.06 3030.06 3030.06 3030.06 3030.06 3030.06 3030.06 3030.06 3030.06 3036.87 3036.87 3036.87 3036.87 3036.87 3036.87 3036.87 3036.87 3036.87 3036.87 3036.87 3043.68 3043.68 3043.68 3043.68 3043.68 3043.68 3043.68 3043.68 3043.68 3043.68 3043.68 3050.50 3050.50 3050.50 3050.50 3050.50 3050.50 3050.50 3050.50 3050.50 3050.50 3050.50 3057.33 3057.33 3057.33 3057.33 3057.33 3057.33 3057.33 3057.33 3057.33 3057.33 3057.33 3064.16 3064.16 3064.16 3064.16 3064.16 3064.16 3064.16 3064.16 3064.16 3064.16 3064.16 3071.01 3071.01 3071.01 3071.01 3071.01 3071.01 3071.01 3071.01 3071.01 3071.01 3071.01 3077.86 3077.86 3077.86 3077.86 3077.86 3077.86 3077.86 3077.86 3077.86 3077.86 3077.86 3084.72 3084.72 3084.72 3084.72 3084.72 3084.72 3084.72 3084.72 3084.72 3084.72 3084.72 3091.58 3091.58 3091.58 3091.58 3091.58 3091.58 3091.58 3091.58 3091.58 3091.58 3091.58 3098.45 3098.45 3098.45 3098.45 3098.45 3098.45 3098.45 3098.45 3098.45 3098.45 3098.45 3105.33 3105.33 3105.33 3105.33 3105.33 3105.33 3105.33 3105.33 3105.33 3105.33 3105.33 3112.22 3112.22 3112.22 3112.22 3112.22 3112.22 3112.22 3112.22 3112.22 3112.22 3112.22 3119.11 3119.11 3119.11 3119.11 3119.11 3119.11 3119.11 3119.11 3119.11 3119.11 3119.11 3126.02 3126.02 3126.02 3126.02 3126.02 3126.02 3126.02 3126.02 3126.02 3126.02 3126.02 3132.93 3132.93 3132.93 3132.93 3132.93 3132.93 3132.93 3132.93 3132.93 3132.93 3132.93 3139.84 3139.84 3139.84 3139.84 3139.84 3139.84 3139.84 3139.84 3139.84 3139.84 3139.84 3146.77 3146.77 3146.77 3146.77 3146.77 3146.77 3146.77 3146.77 3146.77 3146.77 3146.77 3153.70 3153.70 3153.70 3153.70 3153.70 3153.70 3153.70 3153.70 3153.70 3153.70 3153.70 3160.64 3160.64 3160.64 3160.64 3160.64 3160.64 3160.64 3160.64 3160.64 3160.64 3160.64 3167.58 3167.58 3167.58 3167.58 3167.58 3167.58 3167.58 3167.58 3167.58 3167.58 3167.58 3174.54 3174.54 3174.54 3174.54 3174.54 3174.54 3174.54 3174.54 3174.54 3174.54 3174.54 3181.50 3181.50 3181.50 3181.50 3181.50 3181.50 3181.50 3181.50 3181.50 3181.50 3181.50 3188.46 3188.46 3188.46 3188.46 3188.46 3188.46 3188.46 3188.46 3188.46 3188.46 3188.46 3195.44 3195.44 3195.44 3195.44 3195.44 3195.44 3195.44 3195.44 3195.44 3195.44 3195.44 3202.42 3202.42 3202.42 3202.42 3202.42 3202.42 3202.42 3202.42 3202.42 3202.42 3202.42 3209.41 3209.41 3209.41 3209.41 3209.41 3209.41 3209.41 3209.41 3209.41 3209.41 3209.41 3216.41 3216.41 3216.41 3216.41 3216.41 3216.41 3216.41 3216.41 3216.41 3216.41 3216.41 3223.41 3223.41 3223.41 3223.41 3223.41 3223.41 3223.41 3223.41 3223.41 3223.41 3223.41 3230.43 3230.43 3230.43 3230.43 3230.43 3230.43 3230.43 3230.43 3230.43 3230.43 3230.43 3237.45 3237.45 3237.45 3237.45 3237.45 3237.45 3237.45 3237.45 3237.45 3237.45 3237.45 3244.47 3244.47 3244.47 3244.47 3244.47 3244.47 3244.47 3244.47 3244.47 3244.47 3244.47
=== END RADAR_SCAN ===

=== BEGIN RADAR_SCAN ===
scan.index=7
scan.time=167.000000
radar.id=0
radar.frequency=C
radar.scanning_mode=PPI
radar.x=0.000
radar.y=0.000
radar.z=25.000
radar.maximum_range=250000.000
radar.range_resolution=250.000
radar.angular_resolution=1.000000
box.radar_id=0
box.min_range_gate=769.000
box.max_range_gate=858.000
box.min_angle=97.000000
box.max_angle=108.000000
box.num_ranges=90
box.num_angles=11
box.range_resolution=250.000
box.angular_resolution=1.000000
box.other_angle=25.000000
grid.size=990
grid.data=0.00 0.00 0.00 0.00 0.00 0.00 0.00 0.00 0.00 0.00 0.00 0.00 0.00 0.00 0.00 0.00 0.00 0.00 0.00 0.00 0.00 0.00 0.00 0.00 0.00 0.00 0.00 0.00 0.00 0.00 0.00 0.00 0.00 0.00 0.00 0.00 0.00 0.00 0.00 0.00 0.00 0.00 0.00 0.00 0.00 0.00 0.00 0.00 0.00 0.00 0.00 0.00 0.00 0.00 0.00 0.00 0.00 0.00 0.00 0.00 0.00 0.00 0.00 0.00 0.00 0.00 0.00 0.00 0.00 0.00 0.00 0.00 0.00 0.00 0.00 0.00 0.00 0.00 0.00 0.00 0.00 0.00 0.00 0.00 0.00 0.00 0.00 0.00 0.00 0.00 0.00 0.00 0.00 0.00 0.00 0.00 0.00 0.00 0.00 0.00 0.00 0.00 0.00 0.00 -0.44 -0.18 0.00 0.00 0.00 0.00 0.00 0.00 0.00 0.00 0.00 -0.02 0.25 0.00 0.00 0.00 0.00 0.00 0.00 0.00 0.00 0.00 0.90 0.89 0.00 0.00 0.00 0.00 0.00 0.00 0.00 0.00 0.00 1.13 -0.04 0.00 0.00 0.00 0.00 0.00 0.00 0.00 0.00 0.00 -0.51 0.01 0.00 0.00 0.00 0.00 0.00 0.00 0.00 0.00 -0.30 0.42 0.26 0.78 0.00 0.00 0.00 0.00 0.00 0.00 0.00 -0.41 -1.31 1.09 0.36 0.00 0.00 0.00 0.00 0.00 0.00 0.00 0.10 -0.11 -1.70 -0.60 0.00 0.00 0.00 0.00 0.00 0.00 0.00 0.44 -0.53 0.35 0.60 0.00 0.00 0.00 0.00 0.00 0.00 0.00 1.18 -0.85 0.38 -0.15 0.00 0.00 0.00 0.00 0.00 0.00 0.00 -0.46 -0.83 0.86 0.11 0.00 0.00 0.00 0.00 0.00 0.00 0.00 -0.81 -0.17 0.69 0.23 0.00 0.00 0.00 0.00 0.00 0.00 0.00 -0.57 -0.43 0.27 0.38 0.00 0.00 0.00 0.00 0.00 0.00 0.00 -0.34 0.34 -0.41 0.44 0.00 0.00 0.00 0.00 0.00 0.00 0.00 0.53 0.32 0.91 0.40 0.00 0.00 0.00 0.00 0.00 0.00 0.00 0.61 -0.93 -0.29 0.45 0.00 0.00 0.00 0.00 0.00 0.00 0.00 -0.61 -0.14 0.22 -0.62 0.00 0.00 0.00 0.00 0.00 0.00 0.72 -0.14 -1.18 0.53 -0.71 -0.80 0.00 0.00 0.00 0.00 0.00 0.02 0.28 -0.90 0.15 0.50 1.20 0.00 0.00 0.00 0.00 0.00 1.19 -0.76 0.45 0.23 0.40 0.76 0.00 0.00 0.00 0.00 0.00 0.13 0.02 -0.20 -0.52 -0.18 -0.50 0.00 0.00 0.00 0.00 0.00 0.69 -0.80 -0.33 -1.19 0.62 -0.45 0.00 0.00 0.00 0.00 0.00 0.37 -0.08 0.12 0.66 -0.18 -0.30 0.00 0.00 0.00 0.00 0.00 -0.67 0.76 0.99 0.35 0.86 -0.94 0.00 0.00 0.00 0.00 0.00 0.56 -0.21 -0.25 0.58 1.48 -0.49 0.00 0.00 0.00 0.00 0.00 0.32 0.57 0.51 1.05 1.36 -0.74 0.00 0.00 0.00 0.00 0.00 1.45 0.51 0.10 1.50 0.39 -0.82 0.00 0.00 0.00 0.00 0.00 0.16 -0.25 0.15 0.45 -0.97 -0.78 0.00 0.00 0.00 0.00 0.00 0.04 -0.14 -0.98 0.23 -0.15 -0.32 0.00 0.00 0.00 0.00 0.00 -0.56 0.03 0.79 -0.30 -0.56 0.93 0.00 0.00 0.00 0.00 0.00 1.59 -0.25 -0.61 0.48 -0.37 0.87 0.00 0.00 0.00 0.00 0.00 0.20 -0.78 -0.65 -0.50 0.02 -0.13 0.00 0.00 0.00 0.00 0.00 -0.28 -0.83 0.72 -1.60 -0.20 -0.96 0.00 0.00 0.00 0.00 0.00 -1.72 1.30 -0.98 0.82 -0.89 -1.22 0.00 0.00 0.00 0.00 0.00 -0.81 0.28 -0.06 -0.39 0.83 0.15 0.00 0.00 0.00 0.00 0.00 -0.70 -0.19 -0.76 0.36 0.19 -0.24 0.00 0.00 0.00 0.00 0.00 -1.74 -0.36 0.02 -0.80 -0.10 1.26 0.00 0.00 0.00 0.00 0.00 0.67 0.38 -0.68 1.07 -0.72 -0.72 0.00 0.00 0.00 0.00 0.00 -0.29 0.68 -1.46 -0.04 -1.41 0.11 0.00 0.00 0.00 0.00 0.00 0.90 -0.57 -0.45 -0.13 0.29 0.07 0.00 0.00 0.00 0.00 0.00 0.68 0.71 0.08 0.53 0.05 0.26 0.00 0.00 0.00 0.00 0.00 0.70 0.03 -0.43 0.08 -0.15 -0.40 0.00 0.00 0.00 0.00 0.00 0.91 1.24 -0.71 0.31 -0.96 0.66 0.00 0.00 0.00 0.00 0.00 0.14 -0.32 -0.39 -1.13 -0.54 1.03 0.00 0.00 0.00 0.00 0.00 -0.35 -0.55 -0.37 -0.49 -0.00 -0.82 0.00 0.00 0.00 0.00 0.00 -1.05 -1.40 -0.31 0.11 -0.07 0.33 0.00 0.00 0.00 0.00 0.00 0.07 1.24 0.78 0.93 -0.30 0.55 0.00 0.00 0.00 0.00 0.00 0.04 1.07 1.47 -1.06 -0.27 -0.34 0.00 0.00 0.00 0.00 0.00 0.50 -0.53 0.52 0.34 -0.43 -0.32 0.00 0.00 0.00 0.00 0.00 0.13 -0.83 0.35 -1.21 -0.01 -1.09 0.00 0.00 0.00 0.00 0.00 0.35 0.07 -0.16 -1.34 -0.81 0.25 0.00 0.00 0.00 0.00 0.00 -0.24 0.81 0.06 0.31 -0.94 1.25 0.00 0.00 0.00 0.00 0.00 0.90 0.31 0.04 1.38 0.06 -0.87 0.00 0.00 0.00 0.00 0.00 -0.74 -0.25 -0.03 -0.69 0.99 -0.79 0.00 0.00 0.00 0.00 0.00 0.22 0.66 0.55 -0.07 -1.19 0.15 0.00 0.00 0.00 0.00 0.00 -1.07 0.89 -0.16 0.04 -0.22 0.95 0.00 0.00 0.00 0.00 0.00 -0.02 -0.39 -1.32 0.09 0.00 -0.31 0.00 0.00 0.00 0.00 0.00 0.61 -0.95 -0.25 -0.26 0.51 0.35 0.00 0.00 0.00 0.00 0.00 -0.57 0.92 -0.60 0.77 -0.13 -0.76 0.00 0.00 0.00 0.00 0.00 -0.28 0.31 -0.93 -0.94 -0.26 0.40 0.00 0.00 0.00 0.00 0.00 -0.09 0.67 0.73 -1.18 0.28 -0.23 0.00 0.00 0.00 0.00 0.00 0.99 0.64 1.13 -0.31 1.15 0.77 0.00 0.00 0.00 0.00 0.00 0.36 -0.23 0.23 0.05 0.40 -0.28 0.00 0.00 0.00 0.00 0.00 0.95 0.13 -1.72 1.00 1.02 1.24 0.00 0.00 0.00 0.00 0.00 -0.48 -0.26 1.53 1.35 -0.82 0.24 0.00 0.00 0.00 0.00 0.00 -0.39 0.55 0.18 1.03 -0.71 -1.25 0.00 0.00 0.00 0.00 0.00 -0.26 0.55 1.63 0.99 1.68 -0.28 0.00 0.00 0.00 0.00 0.00 -2.14 1.06 -0.33 -1.12 0.05 0.78 0.00 0.00 0.00 0.00 0.00 0.43 1.07 -0.26 -0.16 0.62 1.77 0.00 0.00 0.00 0.00 0.00 -1.65 -0.13 0.42 0.23 -0.23 -0.99 0.00 0.00 0.00 0.00 0.00 -0.89 0.69 0.32 0.31 -0.32 -0.71 0.00 0.00 0.00 0.00 0.00 0.00 0.97 -0.61 -0.15 -0.32 0.00 0.00 0.00 0.00 0.00 0.00 0.00 -0.39 -0.31 0.53 0.08 0.00 0.00 0.00 0.00 0.00 0.00 0.00 0.74 0.39 -1.41 0.46 0.00 0.00 0.00 0.00 0.00 0.00 0.00 -0.35 1.32 0.87 0.67 0.00 0.00 0.00 0.00 0.00 0.00 0.00 -0.36 0.98 0.85 -0.21 0.00 0.00 0.00 0.00 0.00 0.00 0.00 0.30 1.15 1.11 -0.40 0.00 0.00 0.00 0.00 0.00 0.00 0.00 -0.61 1.18 0.35 -0.03 0.00 0.00 0.00 0.00 0.00 0.00 0.00 0.82 0.22 0.44 -0.79 0.00 0.00 0.00 0.00 0.00 0.00 0.00 0.01 -0.04 0.24 0.16 0.00 0.00 0.00 0.00 0.00 0.00 0.00 0.60 -0.29 -0.78 -0.25 0.00 0.00 0.00
rain_type.data=0 0 0 0 0 0 0 0 0 0 0 0 0 0 0 0 0 0 0 0 0 0 0 0 0 0 0 0 0 0 0 0 0 0 0 0 0 0 0 0 0 0 0 0 0 0 0 0 0 0 0 0 0 0 0 0 0 0 0 0 0 0 0 0 0 0 0 0 0 0 0 0 0 0 0 0 0 0 0 0 0 0 0 0 0 0 0 0 0 0 0 0 0 0 0 0 0 0 0 0 0 0 0 0 1 1 0 0 0 0 0 0 0 0 0 1 1 0 0 0 0 0 0 0 0 0 1 1 0 0 0 0 0 0 0 0 0 1 1 0 0 0 0 0 0 0 0 0 1 1 0 0 0 0 0 0 0 0 1 1 1 1 0 0 0 0 0 0 0 1 1 1 1 0 0 0 0 0 0 0 1 1 1 1 0 0 0 0 0 0 0 1 1 1 1 0 0 0 0 0 0 0 1 1 1 1 0 0 0 0 0 0 0 1 1 1 1 0 0 0 0 0 0 0 1 1 1 1 0 0 0 0 0 0 0 1 1 1 1 0 0 0 0 0 0 0 1 1 1 1 0 0 0 0 0 0 0 1 1 1 1 0 0 0 0 0 0 0 1 1 1 1 0 0 0 0 0 0 0 1 1 1 1 0 0 0 0 0 0 1 1 1 1 1 1 0 0 0 0 0 1 2 1 1 1 1 0 0 0 0 0 1 2 1 1 1 1 0 0 0 0 0 1 2 1 1 1 1 0 0 0 0 0 1 2 1 1 1 1 0 0 0 0 0 2 2 1 1 1 1 0 0 0 0 0 2 2 2 1 1 1 0 0 0 0 0 2 2 2 1 1 1 0 0 0 0 0 2 2 2 1 1 1 0 0 0 0 0 2 2 2 1 1 1 0 0 0 0 0 2 2 2 1 1 1 0 0 0 0 0 2 2 2 1 1 1 0 0 0 0 0 2 2 2 1 1 1 0 0 0 0 0 2 2 2 1 1 1 0 0 0 0 0 2 2 2 1 1 1 0 0 0 0 0 2 2 2 1 1 1 0 0 0 0 0 2 2 2 1 1 1 0 0 0 0 0 2 2 2 1 1 1 0 0 0 0 0 2 2 2 1 1 1 0 0 0 0 0 2 2 2 1 1 1 0 0 0 0 0 2 2 2 1 1 1 0 0 0 0 0 2 2 2 1 1 1 0 0 0 0 0 2 2 2 1 1 1 0 0 0 0 0 2 2 2 1 1 1 0 0 0 0 0 2 2 2 1 1 1 0 0 0 0 0 2 2 2 1 1 1 0 0 0 0 0 2 2 2 1 1 1 0 0 0 0 0 2 2 2 1 1 1 0 0 0 0 0 2 2 2 1 1 1 0 0 0 0 0 2 2 2 1 1 1 0 0 0 0 0 2 2 2 1 1 1 0 0 0 0 0 2 2 2 1 1 1 0 0 0 0 0 2 2 2 1 1 1 0 0 0 0 0 2 2 2 1 1 1 0 0 0 0 0 2 2 2 1 1 1 0 0 0 0 0 2 2 2 1 1 1 0 0 0 0 0 2 2 2 1 1 1 0 0 0 0 0 2 2 2 1 1 1 0 0 0 0 0 2 2 2 1 1 1 0 0 0 0 0 2 2 2 1 1 1 0 0 0 0 0 2 2 1 1 1 1 0 0 0 0 0 1 2 1 1 1 1 0 0 0 0 0 1 2 1 1 1 1 0 0 0 0 0 1 2 1 1 1 1 0 0 0 0 0 1 2 1 1 1 1 0 0 0 0 0 1 2 1 1 1 1 0 0 0 0 0 1 1 1 1 1 1 0 0 0 0 0 1 1 1 1 1 1 0 0 0 0 0 1 1 1 1 1 1 0 0 0 0 0 1 1 1 1 1 1 0 0 0 0 0 1 1 1 1 1 1 0 0 0 0 0 1 1 1 1 1 1 0 0 0 0 0 1 1 1 1 1 1 0 0 0 0 0 1 1 1 1 1 1 0 0 0 0 0 0 1 1 1 1 0 0 0 0 0 0 0 1 1 1 1 0 0 0 0 0 0 0 1 1 1 1 0 0 0 0 0 0 0 1 1 1 1 0 0 0 0 0 0 0 1 1 1 1 0 0 0 0 0 0 0 1 1 1 1 0 0 0 0 0 0 0 1 1 1 1 0 0 0 0 0 0 0 1 1 1 1 0 0 0 0 0 0 0 1 1 1 1 0 0 0 0 0 0 0 1 1 1 1 0 0 0
estimated_attenuation.size=990
estimated_attenuation.data=0.00 0.00 0.00 0.00 0.00 0.00 0.00 0.00 0.00 0.00 0.00 0.00 0.00 0.00 0.00 0.00 0.00 0.00 0.00 0.00 0.00 0.00 0.00 0.00 0.00 0.00 0.00 0.00 0.00 0.00 0.00 0.00 0.00 0.00 0.00 0.00 0.00 0.00 0.00 0.00 0.00 0.00 0.00 0.00 0.00 0.00 0.00 0.00 0.00 0.00 0.00 0.00 0.00 0.00 0.00 0.00 0.00 0.00 0.00 0.00 0.00 0.00 0.00 0.00 0.00 0.00 0.00 0.00 0.00 0.00 0.00 0.00 0.00 0.00 0.00 0.00 0.00 0.00 0.00 0.00 0.00 0.00 0.00 0.00 0.00 0.00 0.00 0.00 0.00 0.00 0.00 0.00 0.00 0.00 0.00 0.00 0.00 0.00 0.00 0.00 0.00 0.00 0.00 0.00 0.00 0.00 0.00 0.00 0.00 0.00 0.00 0.00 0.00 0.00 0.00 0.00 0.00 0.00 0.00 0.00 0.00 0.00 0.00 0.00 0.00 0.00 0.00 0.00 0.00 0.00 0.00 0.00 0.00 0.00 0.00 0.00 0.00 0.00 0.00 0.00 0.00 0.00 0.00 0.00 0.00 0.00 0.00 0.00 0.00 0.00 0.00 0.00 0.00 0.00 0.00 0.00 0.00 0.00 0.00 0.00 0.00 0.00 0.00 0.00 0.00 0.00 0.00 0.00 0.00 0.00 0.00 0.00 0.00 0.00 0.00 0.00 0.00 0.00 0.00 0.00 0.00 0.00 0.00 0.00 0.00 0.00 0.00 0.00 0.00 0.00 0.00 0.00 0.00 0.00 0.00 0.00 0.00 0.00 0.00 0.00 0.00 0.00 0.00 0.00 0.00 0.00 0.00 0.00 0.00 0.00 0.00 0.00 0.00 0.00 0.00 0.00 0.00 0.00 0.00 0.00 0.00 0.00 0.00 0.00 0.00 0.00 0.00 0.00 0.00 0.00 0.00 0.00 0.00 0.00 0.00 0.00 0.00 0.00 0.00 0.00 0.00 0.00 0.00 0.00 0.00 0.00 0.00 0.00 0.00 0.00 0.00 0.00 0.00 0.00 0.00 0.00 0.00 0.00 0.00 0.00 0.00 0.00 0.00 0.00 0.00 0.00 0.00 0.00 0.00 0.00 0.00 0.00 0.00 0.00 0.00 0.00 0.00 0.00 0.00 0.00 0.00 0.00 0.00 0.00 0.00 0.00 0.00 0.00 0.00 0.00 0.00 0.00 0.00 0.00 0.00 0.00 0.00 0.00 0.00 0.00 0.00 0.00 0.00 0.00 0.00 0.00 0.00 0.00 0.00 0.00 0.00 0.00 0.00 0.00 0.00 0.00 0.00 0.00 0.00 0.00 0.00 0.00 0.00 0.00 0.00 0.00 0.00 0.00 0.00 0.00 0.00 0.00 0.00 0.00 0.00 0.00 0.00 0.00 0.00 0.00 0.00 0.00 0.00 0.00 0.00 0.00 0.00 0.00 0.00 0.00 0.00 0.00 0.00 0.00 0.00 0.00 0.00 0.00 0.00 0.00 0.00 0.00 0.00 0.00 0.00 0.00 0.00 0.00 0.00 0.00 0.00 0.00 0.00 0.00 0.00 0.00 0.00 0.00 0.00 0.00 0.00 0.00 0.00 0.00 0.00 0.00 0.00 0.00 0.00 0.00 0.00 0.00 0.00 0.00 0.00 0.00 0.00 0.00 0.00 0.00 0.00 0.00 0.00 0.00 0.00 0.00 0.00 0.00 0.00 0.00 0.00 0.00 0.00 0.00 0.00 0.00 0.00 0.00 0.00 0.00 0.00 0.00 0.00 0.00 0.00 0.00 0.00 0.00 0.00 0.00 0.00 0.00 0.00 0.00 0.00 0.00 0.00 0.00 0.00 0.00 0.00 0.00 0.00 0.00 0.00 0.00 0.00 0.00 0.00 0.00 0.00 0.00 0.00 0.00 0.00 0.00 0.00 0.00 0.00 0.00 0.00 0.00 0.00 0.00 0.00 0.00 0.00 0.00 0.00 0.00 0.00 0.00 0.00 0.00 0.00 0.00 0.00 0.00 0.00 0.00 0.00 0.00 0.00 0.00 0.00 0.00 0.00 0.00 0.00 0.00 0.00 0.00 0.00 0.00 0.00 0.00 0.00 0.00 0.00 0.00 0.00 0.00 0.00 0.00 0.00 0.00 0.00 0.00 0.00 0.00 0.00 0.00 0.00 0.00 0.00 0.00 0.00 0.00 0.00 0.00 0.00 0.00 0.00 0.00 0.00 0.00 0.00 0.00 0.00 0.00 0.00 0.00 0.00 0.00 0.00 0.00 0.00 0.00 0.00 0.00 0.00 0.00 0.00 0.00 0.00 0.00 0.00 0.00 0.00 0.00 0.00 0.00 0.00 0.00 0.00 0.00 0.00 0.00 0.00 0.00 0.00 0.00 0.00 0.00 0.00 0.00 0.00 0.00 0.00 0.00 0.00 0.00 0.00 0.00 0.00 0.00 0.00 0.00 0.00 0.00 0.00 0.00 0.00 0.00 0.00 0.00 0.00 0.00 0.00 0.00 0.00 0.00 0.00 0.00 0.00 0.00 0.00 0.00 0.00 0.00 0.00 0.00 0.00 0.00 0.00 0.00 0.00 0.00 0.00 0.00 0.00 0.00 0.00 0.00 0.00 0.00 0.00 0.00 0.00 0.00 0.00 0.00 0.00 0.00 0.00 0.00 0.00 0.00 0.00 0.00 0.00 0.00 0.00 0.00 0.00 0.00 0.00 0.00 0.00 0.00 0.00 0.00 0.00 0.00 0.00 0.00 0.00 0.00 0.00 0.00 0.00 0.00 0.00 0.00 0.00 0.00 0.00 0.00 0.00 0.00 0.00 0.00 0.00 0.00 0.00 0.00 0.00 0.00 0.00 0.00 0.00 0.00 0.00 0.00 0.00 0.00 0.00 0.00 0.00 0.00 0.00 0.00 0.00 0.00 0.00 0.00 0.00 0.00 0.00 0.00 0.00 0.00 0.00 0.00 0.00 0.00 0.00 0.00 0.00 0.00 0.00 0.00 0.00 0.00 0.00 0.00 0.00 0.00 0.00 0.00 0.00 0.00 0.00 0.00 0.00 0.00 0.00 0.00 0.00 0.00 0.00 0.00 0.00 0.00 0.00 0.00 0.00 0.00 0.00 0.00 0.00 0.00 0.00 0.00 0.00 0.00 0.00 0.00 0.00 0.00 0.00 0.00 0.00 0.00 0.00 0.00 0.00 0.00 0.00 0.00 0.00 0.00 0.00 0.00 0.00 0.00 0.00 0.00 0.00 0.00 0.00 0.00 0.00 0.00 0.00 0.00 0.00 0.00 0.00 0.00 0.00 0.00 0.00 0.00 0.00 0.00 0.00 0.00 0.00 0.00 0.00 0.00 0.00 0.00 0.00 0.00 0.00 0.00 0.00 0.00 0.00 0.00 0.00 0.00 0.00 0.00 0.00 0.00 0.00 0.00 0.00 0.00 0.00 0.00 0.00 0.00 0.00 0.00 0.00 0.00 0.00 0.00 0.00 0.00 0.00 0.00 0.00 0.00 0.00 0.00 0.00 0.00 0.00 0.00 0.00 0.00 0.00 0.00 0.00 0.00 0.00 0.00 0.00 0.00 0.00 0.00 0.00 0.00 0.00 0.00 0.00 0.00 0.00 0.00 0.00 0.00 0.00 0.00 0.00 0.00 0.00 0.00 0.00 0.00 0.00 0.00 0.00 0.00 0.00 0.00 0.00 0.00 0.00 0.00 0.00 0.00 0.00 0.00 0.00 0.00 0.00 0.00 0.00 0.00 0.00 0.00 0.00 0.00 0.00 0.00 0.00 0.00 0.00 0.00 0.00 0.00 0.00 0.00 0.00 0.00 0.00 0.00 0.00 0.00 0.00 0.00 0.00 0.00 0.00 0.00 0.00 0.00 0.00 0.00 0.00 0.00 0.00 0.00 0.00 0.00 0.00 0.00 0.00 0.00 0.00 0.00 0.00 0.00 0.00 0.00 0.00 0.00 0.00 0.00 0.00 0.00 0.00 0.00 0.00 0.00 0.00 0.00 0.00 0.00 0.00 0.00 0.00 0.00 0.00 0.00 0.00 0.00 0.00 0.00 0.00 0.00 0.00 0.00 0.00 0.00 0.00 0.00 0.00 0.00 0.00 0.00 0.00 0.00 0.00 0.00 0.00 0.00 0.00 0.00 0.00 0.00 0.00 0.00 0.00 0.00 0.00 0.00 0.00 0.00 0.00 0.00 0.00 0.00 0.00 0.00 0.00 0.00 0.00 0.00 0.00 0.00 0.00 0.00 0.00 0.00
height.size=990
height.data=83018.17 83018.17 83018.17 83018.17 83018.17 83018.17 83018.17 83018.17 83018.17 83018.17 83018.17 83128.41 83128.41 83128.41 83128.41 83128.41 83128.41 83128.41 83128.41 83128.41 83128.41 83128.41 83238.66 83238.66 83238.66 83238.66 83238.66 83238.66 83238.66 83238.66 83238.66 83238.66 83238.66 83348.90 83348.90 83348.90 83348.90 83348.90 83348.90 83348.90 83348.90 83348.90 83348.90 83348.90 83459.16 83459.16 83459.16 83459.16 83459.16 83459.16 83459.16 83459.16 83459.16 83459.16 83459.16 83569.42 83569.42 83569.42 83569.42 83569.42 83569.42 83569.42 83569.42 83569.42 83569.42 83569.42 83679.69 83679.69 83679.69 83679.69 83679.69 83679.69 83679.69 83679.69 83679.69 83679.69 83679.69 83789.96 83789.96 83789.96 83789.96 83789.96 83789.96 83789.96 83789.96 83789.96 83789.96 83789.96 83900.24 83900.24 83900.24 83900.24 83900.24 83900.24 83900.24 83900.24 83900.24 83900.24 83900.24 84010.53 84010.53 84010.53 84010.53 84010.53 84010.53 84010.53 84010.53 84010.53 84010.53 84010.53 84120.82 84120.82 84120.82 84120.82 84120.82 84120.82 84120.82 84120.82 84120.82 84120.82 84120.82 84231.11 84231.11 84231.11 84231.11 84231.11 84231.11 84231.11 84231.11 84231.11 84231.11 84231.11 84341.42 84341.42 84341.42 84341.42 84341.42 84341.42 84341.42 84341.42 84341.42 84341.42 84341.42 84451.73 84451.73 84451.73 84451.73 84451.73 84451.73 84451.73 84451.73 84451.73 84451.73 84451.73 84562.04 84562.04 84562.04 84562.04 84562.04 84562.04 84562.04 84562.04 84562.04 84562.04 84562.04 84672.36 84672.36 84672.36 84672.36 84672.36 84672.36 84672.36 84672.36 84672.36 84672.36 84672.36 84782.69 84782.69 84782.69 84782.69 84782.69 84782.69 84782.69 84782.69 84782.69 84782.69 84782.69 84893.02 84893.02 84893.02 84893.02 84893.02 84893.02 84893.02 84893.02 84893.02 84893.02 84893.02 85003.36 85003.36 85003.36 85003.36 85003.36 85003.36 85003.36 85003.36 85003.36 85003.36 85003.36 85113.70 85113.70 85113.70 85113.70 85113.70 85113.70 85113.70 85113.70 85113.70 85113.70 85113.70 85224.05 85224.05 85224.05 85224.05 85224.05 85224.05 85224.05 85224.05 85224.05 85224.05 85224.05 85334.41 85334.41 85334.41 85334.41 85334.41 85334.41 85334.41 85334.41 85334.41 85334.41 85334.41 85444.77 85444.77 85444.77 85444.77 85444.77 85444.77 85444.77 85444.77 85444.77 85444.77 85444.77 85555.13 85555.13 85555.13 85555.13 85555.13 85555.13 85555.13 85555.13 85555.13 85555.13 85555.13 85665.51 85665.51 85665.51 85665.51 85665.51 85665.51 85665.51 85665.51 85665.51 85665.51 85665.51 85775.89 85775.89 85775.89 85775.89 85775.89 85775.89 85775.89 85775.89 85775.89 85775.89 85775.89 85886.27 85886.27 85886.27 85886.27 85886.27 85886.27 85886.27 85886.27 85886.27 85886.27 85886.27 85996.66 85996.66 85996.66 85996.66 85996.66 85996.66 85996.66 85996.66 85996.66 85996.66 85996.66 86107.06 86107.06 86107.06 86107.06 86107.06 86107.06 86107.06 86107.06 86107.06 86107.06 86107.06 86217.46 86217.46 86217.46 86217.46 86217.46 86217.46 86217.46 86217.46 86217.46 86217.46 86217.46 86327.87 86327.87 86327.87 86327.87 86327.87 86327.87 86327.87 86327.87 86327.87 86327.87 86327.87 86438.28 86438.28 86438.28 86438.28 86438.28 86438.28 86438.28 86438.28 86438.28 86438.28 86438.28 86548.70 86548.70 86548.70 86548.70 86548.70 86548.70 86548.70 86548.70 86548.70 86548.70 86548.70 86659.13 86659.13 86659.13 86659.13 86659.13 86659.13 86659.13 86659.13 86659.13 86659.13 86659.13 86769.56 86769.56 86769.56 86769.56 86769.56 86769.56 86769.56 86769.56 86769.56 86769.56 86769.56 86880.00 86880.00 86880.00 86880.00 86880.00 86880.00 86880.00 86880.00 86880.00 86880.00 86880.00 86990.44 86990.44 86990.44 86990.44 86990.44 86990.44 86990.44 86990.44 86990.44 86990.44 86990.44 87100.89 87100.89 87100.89 87100.89 87100.89 87100.89 87100.89 87100.89 87100.89 87100.89 87100.89 87211.35 87211.35 87211.35 87211.35 87211.35 87211.35 87211.35 87211.35 87211.35 87211.35 87211.35 87321.81 87321.81 87321.81 87321.81 87321.81 87321.81 87321.81 87321.81 87321.81 87321.81 87321.81 87432.27 87432.27 87432.27 87432.27 87432.27 87432.27 87432.27 87432.27 87432.27 87432.27 87432.27 87542.75 87542.75 87542.75 87542.75 87542.75 87542.75 87542.75 87542.75 87542.75 87542.75 87542.75 87653.22 87653.22 87653.22 87653.22 87653.22 87653.22 87653.22 87653.22 87653.22 87653.22 87653.22 87763.71 87763.71 87763.71 87763.71 87763.71 87763.71 87763.71 87763.71 87763.71 87763.71 87763.71 87874.20 87874.20 87874.20 87874.20 87874.20 87874.20 87874.20 87874.20 87874.20 87874.20 87874.20 87984.70 87984.70 87984.70 87984.70 87984.70 87984.70 87984.70 87984.70 87984.70 87984.70 87984.70 88095.20 88095.20 88095.20 88095.20 88095.20 88095.20 88095.20 88095.20 88095.20 88095.20 88095.20 88205.71 88205.71 88205.71 88205.71 88205.71 88205.71 88205.71 88205.71 88205.71 88205.71 88205.71 88316.22 88316.22 88316.22 88316.22 88316.22 88316.22 88316.22 88316.22 88316.22 88316.22 88316.22 88426.74 88426.74 88426.74 88426.74 88426.74 88426.74 88426.74 88426.74 88426.74 88426.74 88426.74 88537.26 88537.26 88537.26 88537.26 88537.26 88537.26 88537.26 88537.26 88537.26 88537.26 88537.26 88647.80 88647.80 88647.80 88647.80 88647.80 88647.80 88647.80 88647.80 88647.80 88647.80 88647.80 88758.33 88758.33 88758.33 88758.33 88758.33 88758.33 88758.33 88758.33 88758.33 88758.33 88758.33 88868.88 88868.88 88868.88 88868.88 88868.88 88868.88 88868.88 88868.88 88868.88 88868.88 88868.88 88979.42 88979.42 88979.42 88979.42 88979.42 88979.42 88979.42 88979.42 88979.42 88979.42 88979.42 89089.98 89089.98 89089.98 89089.98 89089.98 89089.98 89089.98 89089.98 89089.98 89089.98 89089.98 89200.54 89200.54 89200.54 89200.54 89200.54 89200.54 89200.54 89200.54 89200.54 89200.54 89200.54 89311.11 89311.11 89311.11 89311.11 89311.11 89311.11 89311.11 89311.11 89311.11 89311.11 89311.11 89421.68 89421.68 89421.68 89421.68 89421.68 89421.68 89421.68 89421.68 89421.68 89421.68 89421.68 89532.26 89532.26 89532.26 89532.26 89532.26 89532.26 89532.26 89532.26 89532.26 89532.26 89532.26 89642.84 89642.84 89642.84 89642.84 89642.84 89642.84 89642.84 89642.84 89642.84 89642.84 89642.84 89753.43 89753.43 89753.43 89753.43 89753.43 89753.43 89753.43 89753.43 89753.43 89753.43 89753.43 89864.03 89864.03 89864.03 89864.03 89864.03 89864.03 89864.03 89864.03 89864.03 89864.03 89864.03 89974.63 89974.63 89974.63 89974.63 89974.63 89974.63 89974.63 89974.63 89974.63 89974.63 89974.63 90085.24 90085.24 90085.24 90085.24 90085.24 90085.24 90085.24 90085.24 90085.24 90085.24 90085.24 90195.85 90195.85 90195.85 90195.85 90195.85 90195.85 90195.85 90195.85 90195.85 90195.85 90195.85 90306.47 90306.47 90306.47 90306.47 90306.47 90306.47 90306.47 90306.47 90306.47 90306.47 90306.47 90417.09 90417.09 90417.09 90417.09 90417.09 90417.09 90417.09 90417.09 90417.09 90417.09 90417.09 90527.72 90527.72 90527.72 90527.72 90527.72 90527.72 90527.72 90527.72 90527.72 90527.72 90527.72 90638.36 90638.36 90638.36 90638.36 90638.36 90638.36 90638.36 90638.36 90638.36 90638.36 90638.36 90749.00 90749.00 90749.00 90749.00 90749.00 90749.00 90749.00 90749.00 90749.00 90749.00 90749.00 90859.65 90859.65 90859.65 90859.65 90859.65 90859.65 90859.65 90859.65 90859.65 90859.65 90859.65 90970.31 90970.31 90970.31 90970.31 90970.31 90970.31 90970.31 90970.31 90970.31 90970.31 90970.31 91080.97 91080.97 91080.97 91080.97 91080.97 91080.97 91080.97 91080.97 91080.97 91080.97 91080.97 91191.63 91191.63 91191.63 91191.63 91191.63 91191.63 91191.63 91191.63 91191.63 91191.63 91191.63 91302.30 91302.30 91302.30 91302.30 91302.30 91302.30 91302.30 91302.30 91302.30 91302.30 91302.30 91412.98 91412.98 91412.98 91412.98 91412.98 91412.98 91412.98 91412.98 91412.98 91412.98 91412.98 91523.67 91523.67 91523.67 91523.67 91523.67 91523.67 91523.67 91523.67 91523.67 91523.67 91523.67 91634.35 91634.35 91634.35 91634.35 91634.35 91634.35 91634.35 91634.35 91634.35 91634.35 91634.35 91745.05 91745.05 91745.05 91745.05 91745.05 91745.05 91745.05 91745.05 91745.05 91745.05 91745.05 91855.75 91855.75 91855.75 91855.75 91855.75 91855.75 91855.75 91855.75 91855.75 91855.75 91855.75 91966.46 91966.46 91966.46 91966.46 91966.46 91966.46 91966.46 91966.46 91966.46 91966.46 91966.46 92077.17 92077.17 92077.17 92077.17 92077.17 92077.17 92077.17 92077.17 92077.17 92077.17 92077.17 92187.89 92187.89 92187.89 92187.89 92187.89 92187.89 92187.89 92187.89 92187.89 92187.89 92187.89 92298.61 92298.61 92298.61 92298.61 92298.61 92298.61 92298.61 92298.61 92298.61 92298.61 92298.61 92409.34 92409.34 92409.34 92409.34 92409.34 92409.34 92409.34 92409.34 92409.34 92409.34 92409.34 92520.08 92520.08 92520.08 92520.08 92520.08 92520.08 92520.08 92520.08 92520.08 92520.08 92520.08 92630.82 92630.82 92630.82 92630.82 92630.82 92630.82 92630.82 92630.82 92630.82 92630.82 92630.82 92741.57 92741.57 92741.57 92741.57 92741.57 92741.57 92741.57 92741.57 92741.57 92741.57 92741.57 92852.32 92852.32 92852.32 92852.32 92852.32 92852.32 92852.32 92852.32 92852.32 92852.32 92852.32
=== END RADAR_SCAN ===

=== BEGIN RADAR_SCAN ===
scan.index=8
scan.time=167.330000
radar.id=0
radar.frequency=C
radar.scanning_mode=PPI
radar.x=0.000
radar.y=0.000
radar.z=25.000
radar.maximum_range=250000.000
radar.range_resolution=250.000
radar.angular_resolution=1.000000
box.radar_id=0
box.min_range_gate=742.000
box.max_range_gate=828.000
box.min_angle=97.000000
box.max_angle=108.000000
box.num_ranges=87
box.num_angles=11
box.range_resolution=250.000
box.angular_resolution=1.000000
box.other_angle=20.000000
grid.size=957
grid.data=0.00 0.00 0.00 0.00 0.00 0.00 0.00 0.00 0.00 0.00 0.00 0.00 0.00 0.00 0.00 0.00 0.00 0.00 0.00 0.00 0.00 0.00 0.00 0.00 0.00 0.00 0.00 0.00 0.00 0.00 0.00 0.00 0.00 0.00 0.00 0.00 0.00 0.00 0.00 0.00 0.00 0.00 0.00 0.00 0.00 0.00 0.00 0.00 0.00 0.00 0.00 0.00 0.00 0.00 0.00 0.00 0.00 0.00 0.00 0.00 0.00 0.00 0.00 0.00 0.00 0.00 0.00 0.00 0.00 0.00 0.00 0.00 0.00 0.00 0.00 0.00 0.00 0.00 0.00 0.00 0.00 0.00 0.55 -0.03 0.00 0.00 0.00 0.00 0.00 0.00 0.00 0.00 0.00 -0.43 1.05 0.00 0.00 0.00 0.00 0.00 0.00 0.00 0.00 0.00 -0.88 -1.24 0.00 0.00 0.00 0.00 0.00 0.00 0.00 0.00 0.00 -0.13 -0.61 0.00 0.00 0.00 0.00 0.00 0.00 0.00 0.00 0.62 1.03 0.81 0.00 0.00 0.00 0.00 0.00 0.00 0.00 0.00 0.82 0.90 -0.64 0.52 0.00 0.00 0.00 0.00 0.00 0.00 0.00 -0.24 -0.56 -1.21 -0.75 0.00 0.00 0.00 0.00 0.00 0.00 0.00 0.79 0.60 -0.22 -1.15 0.00 0.00 0.00 0.00 0.00 0.00 0.00 0.18 -0.02 -0.28 0.28 0.00 0.00 0.00 0.00 0.00 0.00 0.00 0.55 0.14 0.54 0.20 0.00 0.00 0.00 0.00 0.00 0.00 0.00 -0.56 0.11 -0.48 0.57 0.00 0.00 0.00 0.00 0.00 0.00 0.00 0.42 0.46 -0.23 0.13 0.00 0.00 0.00 0.00 0.00 0.00 0.00 -0.44 1.20 0.98 -1.50 0.00 0.00 0.00 0.00 0.00 0.00 0.00 0.06 -1.12 1.06 -0.51 0.00 0.00 0.00 0.00 0.00 0.00 0.00 -0.38 -1.72 1.31 0.23 0.00 0.00 0.00 0.00 0.00 0.00 0.00 -0.14 -1.19 -1.29 -0.50 0.00 0.00 0.00 0.00 0.00 0.00 -0.10 -1.31 -0.66 -0.28 0.68 0.00 0.00 0.00 0.00 0.00 0.00 0.86 -0.03 0.36 0.17 0.26 -0.36 0.00 0.00 0.00 0.00 0.00 -0.03 1.05 0.37 0.31 0.72 -0.04 0.00 0.00 0.00 0.00 0.00 1.44 -1.06 -1.26 0.14 -0.08 -0.13 0.00 0.00 0.00 0.00 0.00 -0.93 -0.22 1.54 0.18 -0.15 0.08 0.00 0.00 0.00 0.00 0.00 -0.47 -0.98 -0.67 -0.53 0.05 0.15 0.00 0.00 0.00 0.00 0.00 0.27 1.57 0.13 -0.64 -0.88 0.48 0.00 0.00 0.00 0.00 0.00 0.50 -1.73 -0.18 -0.73 -0.34 -0.22 0.00 0.00 0.00 0.00 0.00 0.14 0.76 -0.21 -0.03 -0.91 -0.54 0.00 0.00 0.00 0.00 0.00 -0.04 -0.75 0.17 -1.71 1.41 0.21 0.00 0.00 0.00 0.00 0.00 -0.17 0.61 0.92 0.32 -0.42 -0.98 0.00 0.00 0.00 0.00 0.00 -0.69 -0.57 0.27 0.42 0.14 1.45 0.00 0.00 0.00 0.00 0.00 -0.70 0.02 -0.18 0.46 -0.18 0.45 0.00 0.00 0.00 0.00 0.00 0.69 -0.85 0.29 0.93 -0.93 0.21 0.00 0.00 0.00 0.00 0.00 1.09 -0.13 -0.79 0.62 -0.55 -0.32 0.00 0.00 0.00 0.00 0.00 0.17 0.60 0.14 0.34 0.12 -0.55 0.00 0.00 0.00 0.00 0.00 1.01 0.15 -0.94 0.34 0.81 -2.00 0.00 0.00 0.00 0.00 0.00 0.05 -0.06 0.68 0.90 -0.55 -0.19 0.00 0.00 0.00 0.00 0.00 -0.97 0.04 -0.23 0.84 0.15 -1.04 0.00 0.00 0.00 0.00 0.00 1.52 0.54 -0.65 -0.51 -1.10 0.88 0.00 0.00 0.00 0.00 0.00 -0.48 0.11 -0.17 -0.69 0.81 0.00 0.00 0.00 0.00 0.00 0.00 -0.77 0.05 -0.45 0.03 -0.20 -0.46 0.00 0.00 0.00 0.00 0.00 0.96 -0.92 -0.90 0.43 -0.19 0.90 0.00 0.00 0.00 0.00 0.00 0.72 -0.80 0.03 0.49 -0.12 -0.70 0.00 0.00 0.00 0.00 0.00 0.61 1.12 0.48 -0.23 0.44 -0.99 0.00 0.00 0.00 0.00 0.00 -0.68 -0.74 0.13 -0.06 -0.07 -1.59 0.00 0.00 0.00 0.00 0.00 1.94 -1.05 -1.14 1.12 0.48 0.08 0.00 0.00 0.00 0.00 0.00 1.65 -1.69 -1.27 -0.89 0.65 0.31 0.00 0.00 0.00 0.00 0.00 0.02 0.74 -1.07 0.45 -1.27 -0.12 0.00 0.00 0.00 0.00 0.00 -0.07 -1.05 0.98 -0.07 -0.03 0.10 0.00 0.00 0.00 0.00 0.00 -0.93 0.13 0.34 -0.44 0.13 -0.66 0.00 0.00 0.00 0.00 0.00 0.28 -0.30 -0.18 0.27 1.00 0.36 0.00 0.00 0.00 0.00 0.00 0.62 -1.47 -0.21 0.05 0.55 -0.96 0.00 0.00 0.00 0.00 0.00 0.75 -0.95 0.27 0.64 1.15 0.72 0.00 0.00 0.00 0.00 0.00 -0.20 -0.72 -1.19 0.67 0.12 0.03 0.00 0.00 0.00 0.00 0.00 1.12 -1.01 -1.07 0.10 -1.15 -1.59 0.00 0.00 0.00 0.00 0.00 -0.12 1.11 -0.60 0.91 -0.30 -1.32 0.00 0.00 0.00 0.00 0.00 -1.22 -0.11 0.59 -1.56 -0.30 -0.75 0.00 0.00 0.00 0.00 0.00 -0.54 -0.89 -0.32 -0.01 -0.15 -0.36 0.00 0.00 0.00 0.00 0.00 0.17 -1.43 0.52 0.56 0.24 -0.40 0.00 0.00 0.00 0.00 0.00 0.76 -0.16 0.86 -0.26 -0.73 -0.89 0.00 0.00 0.00 0.00 0.00 0.33 -0.85 0.87 0.32 0.03 0.61 0.00 0.00 0.00 0.00 0.00 -0.44 -0.38 0.45 -0.73 -0.40 0.05 0.00 0.00 0.00 0.00 0.00 0.40 -1.82 0.58 0.61 0.51 0.27 0.00 0.00 0.00 0.00 0.00 -1.11 -0.04 -1.00 -1.01 -0.06 0.53 0.00 0.00 0.00 0.00 0.00 0.51 0.07 0.20 0.42 0.03 0.04 0.00 0.00 0.00 0.00 0.00 -0.04 0.07 -0.00 -0.89 -0.20 -0.59 0.00 0.00 0.00 0.00 0.00 0.27 -0.21 -0.11 1.02 1.32 0.81 0.00 0.00 0.00 0.00 0.00 0.63 -0.10 -1.08 -0.00 0.17 0.88 0.00 0.00 0.00 0.00 0.00 0.80 -0.39 0.59 0.37 0.05 -1.66 0.00 0.00 0.00 0.00 0.00 -1.03 -0.02 -1.92 -0.29 0.09 0.37 0.00 0.00 0.00 0.00 0.00 -0.19 0.46 -0.23 0.21 -0.67 0.00 0.00 0.00 0.00 0.00 0.00 0.00 0.44 -0.67 0.12 -2.18 0.00 0.00 0.00 0.00 0.00 0.00 0.00 -0.58 1.00 -0.61 -0.73 0.00 0.00 0.00 0.00 0.00 0.00 0.00 -0.15 -1.04 -0.91 0.83 0.00 0.00 0.00 0.00 0.00 0.00 0.00 -0.15 1.16 -1.31 -0.17 0.00 0.00 0.00 0.00 0.00 0.00 0.00 1.51 0.67 0.00 -0.05 0.00 0.00 0.00 0.00 0.00 0.00 0.00 0.86 0.48 -0.35 -0.09 0.00 0.00 0.00 0.00 0.00 0.00 0.00 -1.33 -0.67 0.69 0.10 0.00 0.00 0.00 0.00 0.00 0.00 0.00 1.18 -0.86 0.75 -0.47 0.00 0.00 0.00 0.00 0.00 0.00 0.00 -0.42 -0.36 -0.65 0.01 0.00 0.00 0.00 0.00 0.00 0.00 0.00 0.12 1.04 -0.12 -0.01 0.00 0.00 0.00 0.00 0.00 0.00 0.00 -0.10 -0.68 0.16 0.07 0.00 0.00 0.00 0.00 0.00 0.00 0.00 0.48 1.47 -0.54 1.74 0.00 0.00 0.00
rain_type.data=0 0 0 0 0 0 0 0 0 0 0 0 0 0 0 0 0 0 0 0 0 0 0 0 0 0 0 0 0 0 0 0 0 0 0 0 0 0 0 0 0 0 0 0 0 0 0 0 0 0 0 0 0 0 0 0 0 0 0 0 0 0 0 0 0 0 0 0 0 0 0 0 0 0 0 0 0 0 0 0 0 0 1 1 0 0 0 0 0 0 0 0 0 1 1 0 0 0 0 0 0 0 0 0 1 1 0 0 0 0 0 0 0 0 0 1 1 0 0 0 0 0 0 0 0 1 1 1 0 0 0 0 0 0 0 0 1 1 1 1 0 0 0 0 0 0 0 1 1 1 1 0 0 0 0 0 0 0 1 1 1 1 0 0 0 0 0 0 0 1 1 1 1 0 0 0 0 0 0 0 1 1 1 1 0 0 0 0 0 0 0 1 1 1 1 0 0 0 0 0 0 0 1 1 1 1 0 0 0 0 0 0 0 1 1 1 1 0 0 0 0 0 0 0 1 1 1 1 0 0 0 0 0 0 0 1 1 1 1 0 0 0 0 0 0 0 1 1 1 1 0 0 0 0 0 0 1 1 1 1 1 0 0 0 0 0 0 1 2 1 1 1 1 0 0 0 0 0 1 2 1 1 1 1 0 0 0 0 0 1 2 1 1 1 1 0 0 0 0 0 1 2 1 1 1 1 0 0 0 0 0 2 2 1 1 1 1 0 0 0 0 0 2 2 2 1 1 1 0 0 0 0 0 2 2 2 1 1 1 0 0 0 0 0 2 2 2 1 1 1 0 0 0 0 0 2 2 2 1 1 1 0 0 0 0 0 2 2 2 1 1 1 0 0 0 0 0 2 2 2 1 1 1 0 0 0 0 0 2 2 2 1 1 1 0 0 0 0 0 2 2 2 1 1 1 0 0 0 0 0 2 2 2 1 1 1 0 0 0 0 0 2 2 2 1 1 1 0 0 0 0 0 2 2 2 1 1 1 0 0 0 0 0 2 2 2 1 1 1 0 0 0 0 0 2 2 2 1 1 1 0 0 0 0 0 2 2 2 1 1 1 0 0 0 0 0 2 2 2 1 1 1 0 0 0 0 0 2 2 2 1 1 1 0 0 0 0 0 2 2 2 1 1 1 0 0 0 0 0 2 2 2 1 1 1 0 0 0 0 0 2 2 2 1 1 1 0 0 0 0 0 2 2 2 1 1 1 0 0 0 0 0 2 2 2 1 1 1 0 0 0 0 0 2 2 2 1 1 1 0 0 0 0 0 2 2 2 1 1 1 0 0 0 0 0 2 2 2 1 1 1 0 0 0 0 0 2 2 2 1 1 1 0 0 0 0 0 2 2 2 1 1 1 0 0 0 0 0 2 2 2 1 1 1 0 0 0 0 0 2 2 2 1 1 1 0 0 0 0 0 2 2 2 1 1 1 0 0 0 0 0 2 2 2 1 1 1 0 0 0 0 0 2 2 2 1 1 1 0 0 0 0 0 2 2 2 1 1 1 0 0 0 0 0 2 2 1 1 1 1 0 0 0 0 0 1 2 1 1 1 1 0 0 0 0 0 1 2 1 1 1 1 0 0 0 0 0 1 2 1 1 1 1 0 0 0 0 0 1 2 1 1 1 1 0 0 0 0 0 1 2 1 1 1 1 0 0 0 0 0 1 1 1 1 1 1 0 0 0 0 0 1 1 1 1 1 1 0 0 0 0 0 1 1 1 1 1 1 0 0 0 0 0 1 1 1 1 1 1 0 0 0 0 0 1 1 1 1 1 1 0 0 0 0 0 1 1 1 1 1 1 0 0 0 0 0 1 1 1 1 1 1 0 0 0 0 0 1 1 1 1 1 0 0 0 0 0 0 0 1 1 1 1 0 0 0 0 0 0 0 1 1 1 1 0 0 0 0 0 0 0 1 1 1 1 0 0 0 0 0 0 0 1 1 1 1 0 0 0 0 0 0 0 1 1 1 1 0 0 0 0 0 0 0 1 1 1 1 0 0 0 0 0 0 0 1 1 1 1 0 0 0 0 0 0 0 1 1 1 1 0 0 0 0 0 0 0 1 1 1 1 0 0 0 0 0 0 0 1 1 1 1 0 0 0 0 0 0 0 1 1 1 1 0 0 0 0 0 0 0 1 1 1 1 0 0 0
estimated_attenuation.size=957
estimated_attenuation.data=0.00 0.00 0.00 0.00 0.00 0.00 0.00 0.00 0.00 0.00 0.00 0.00 0.00 0.00 0.00 0.00 0.00 0.00 0.00 0.00 0.00 0.00 0.00 0.00 0.00 0.00 0.00 0.00 0.00 0.00 0.00 0.00 0.00 0.00 0.00 0.00 0.00 0.00 0.00 0.00 0.00 0.00 0.00 0.00 0.00 0.00 0.00 0.00 0.00 0.00 0.00 0.00 0.00 0.00 0.00 0.00 0.00 0.00 0.00 0.00 0.00 0.00 0.00 0.00 0.00 0.00 0.00 0.00 0.00 0.00 0.00 0.00 0.00 0.00 0.00 0.00 0.00 0.00 0.00 0.00 0.00 0.00 0.00 0.00 0.00 0.00 0.00 0.00 0.00 0.00 0.00 0.00 0.00 0.00 0.00 0.00 0.00 0.00 0.00 0.00 0.00 0.00 0.00 0.00 0.00 0.00 0.00 0.00 0.00 0.00 0.00 0.00 0.00 0.00 0.00 0.00 0.00 0.00 0.00 0.00 0.00 0.00 0.00 0.00 0.00 0.00 0.00 0.00 0.00 0.00 0.00 0.00 0.00 0.00 0.00 0.00 0.00 0.00 0.00 0.00 0.00 0.00 0.00 0.00 0.00 0.00 0.00 0.00 0.00 0.00 0.00 0.00 0.00 0.00 0.00 0.00 0.00 0.00 0.00 0.00 0.00 0.00 0.00 0.00 0.00 0.00 0.00 0.00 0.00 0.00 0.00 0.00 0.00 0.00 0.00 0.00 0.00 0.00 0.00 0.00 0.00 0.00 0.00 0.00 0.00 0.00 0.00 0.00 0.00 0.00 0.00 0.00 0.00 0.00 0.00 0.00 0.00 0.00 0.00 0.00 0.00 0.00 0.00 0.00 0.00 0.00 0.00 0.00 0.00 0.00 0.00 0.00 0.00 0.00 0.00 0.00 0.00 0.00 0.00 0.00 0.00 0.00 0.00 0.00 0.00 0.00 0.00 0.00 0.00 0.00 0.00 0.00 0.00 0.00 0.00 0.00 0.00 0.00 0.00 0.00 0.00 0.00 0.00 0.00 0.00 0.00 0.00 0.00 0.00 0.00 0.00 0.00 0.00 0.00 0.00 0.00 0.00 0.00 0.00 0.00 0.00 0.00 0.00 0.00 0.00 0.00 0.00 0.00 0.00 0.00 0.00 0.00 0.00 0.00 0.00 0.00 0.00 0.00 0.00 0.00 0.00 0.00 0.00 0.00 0.00 0.00 0.00 0.00 0.00 0.00 0.00 0.00 0.00 0.00 0.00 0.00 0.00 0.00 0.00 0.00 0.00 0.00 0.00 0.00 0.00 0.00 0.00 0.00 0.00 0.00 0.00 0.00 0.00 0.00 0.00 0.00 0.00 0.00 0.00 0.00 0.00 0.00 0.00 0.00 0.00 0.00 0.00 0.00 0.00 0.00 0.00 0.00 0.00 0.00 0.00 0.00 0.00 0.00 0.00 0.00 0.00 0.00 0.00 0.00 0.00 0.00 0.00 0.00 0.00 0.00 0.00 0.00 0.00 0.00 0.00 0.00 0.00 0.00 0.00 0.00 0.00 0.00 0.00 0.00 0.00 0.00 0.00 0.00 0.00 0.00 0.00 0.00 0.00 0.00 0.00 0.00 0.00 0.00 0.00 0.00 0.00 0.00 0.00 0.00 0.00 0.00 0.00 0.00 0.00 0.00 0.00 0.00 0.00 0.00 0.00 0.00 0.00 0.00 0.00 0.00 0.00 0.00 0.00 0.00 0.00 0.00 0.00 0.00 0.00 0.00 0.00 0.00 0.00 0.00 0.00 0.00 0.00 0.00 0.00 0.00 0.00 0.00 0.00 0.00 0.00 0.00 0.00 0.00 0.00 0.00 0.00 0.00 0.00 0.00 0.00 0.00 0.00 0.00 0.00 0.00 0.00 0.00 0.00 0.00 0.00 0.00 0.00 0.00 0.00 0.00 0.00 0.00 0.00 0.00 0.00 0.00 0.00 0.00 0.00 0.00 0.00 0.00 0.00 0.00 0.00 0.00 0.00 0.00 0.00 0.00 0.00 0.00 0.00 0.00 0.00 0.00 0.00 0.00 0.00 0.00 0.00 0.00 0.00 0.00 0.00 0.00 0.00 0.00 0.00 0.00 0.00 0.00 0.00 0.00 0.00 0.00 0.00 0.00 0.00 0.00 0.00 0.00 0.00 0.00 0.00 0.00 0.00 0.00 0.00 0.00 0.00 0.00 0.00 0.00 0.00 0.00 0.00 0.00 0.00 0.00 0.00 0.00 0.00 0.00 0.00 0.00 0.00 0.00 0.00 0.00 0.00 0.00 0.00 0.00 0.00 0.00 0.00 0.00 0.00 0.00 0.00 0.00 0.00 0.00 0.00 0.00 0.00 0.00 0.00 0.00 0.00 0.00 0.00 0.00 0.00 0.00 0.00 0.00 0.00 0.00 0.00 0.00 0.00 0.00 0.00 0.00 0.00 0.00 0.00 0.00 0.00 0.00 0.00 0.00 0.00 0.00 0.00 0.00 0.00 0.00 0.00 0.00 0.00 0.00 0.00 0.00 0.00 0.00 0.00 0.00 0.00 0.00 0.00 0.00 0.00 0.00 0.00 0.00 0.00 0.00 0.00 0.00 0.00 0.00 0.00 0.00 0.00 0.00 0.00 0.00 0.00 0.00 0.00 0.00 0.00 0.00 0.00 0.00 0.00 0.00 0.00 0.00 0.00 0.00 0.00 0.00 0.00 0.00 0.00 0.00 0.00 0.00 0.00 0.00 0.00 0.00 0.00 0.00 0.00 0.00 0.00 0.00 0.00 0.00 0.00 0.00 0.00 0.00 0.00 0.00 0.00 0.00 0.00 0.00 0.00 0.00 0.00 0.00 0.00 0.00 0.00 0.00 0.00 0.00 0.00 0.00 0.00 0.00 0.00 0.00 0.00 0.00 0.00 0.00 0.00 0.00 0.00 0.00 0.00 0.00 0.00 0.00 0.00 0.00 0.00 0.00 0.00 0.00 0.00 0.00 0.00 0.00 0.00 0.00 0.00 0.00 0.00 0.00 0.00 0.00 0.00 0.00 0.00 0.00 0.00 0.00 0.00 0.00 0.00 0.00 0.00 0.00 0.00 0.00 0.00 0.00 0.00 0.00 0.00 0.00 0.00 0.00 0.00 0.00 0.00 0.00 0.00 0.00 0.00 0.00 0.00 0.00 0.00 0.00 0.00 0.00 0.00 0.00 0.00 0.00 0.00 0.00 0.00 0.00 0.00 0.00 0.00 0.00 0.00 0.00 0.00 0.00 0.00 0.00 0.00 0.00 0.00 0.00 0.00 0.00 0.00 0.00 0.00 0.00 0.00 0.00 0.00 0.00 0.00 0.00 0.00 0.00 0.00 0.00 0.00 0.00 0.00 0.00 0.00 0.00 0.00 0.00 0.00 0.00 0.00 0.00 0.00 0.00 0.00 0.00 0.00 0.00 0.00 0.00 0.00 0.00 0.00 0.00 0.00 0.00 0.00 0.00 0.00 0.00 0.00 0.00 0.00 0.00 0.00 0.00 0.00 0.00 0.00 0.00 0.00 0.00 0.00 0.00 0.00 0.00 0.00 0.00 0.00 0.00 0.00 0.00 0.00 0.00 0.00 0.00 0.00 0.00 0.00 0.00 0.00 0.00 0.00 0.00 0.00 0.00 0.00 0.00 0.00 0.00 0.00 0.00 0.00 0.00 0.00 0.00 0.00 0.00 0.00 0.00 0.00 0.00 0.00 0.00 0.00 0.00 0.00 0.00 0.00 0.00 0.00 0.00 0.00 0.00 0.00 0.00 0.00 0.00 0.00 0.00 0.00 0.00 0.00 0.00 0.00 0.00 0.00 0.00 0.00 0.00 0.00 0.00 0.00 0.00 0.00 0.00 0.00 0.00 0.00 0.00 0.00 0.00 0.00 0.00 0.00 0.00 0.00 0.00 0.00 0.00 0.00 0.00 0.00 0.00 0.00 0.00 0.00 0.00 0.00 0.00 0.00 0.00 0.00 0.00 0.00 0.00 0.00 0.00 0.00 0.00 0.00 0.00 0.00 0.00 0.00 0.00 0.00 0.00 0.00 0.00 0.00 0.00 0.00 0.00 0.00 0.00 0.00 0.00 0.00 0.00 0.00 0.00 0.00 0.00 0.00 0.00 0.00 0.00 0.00 0.00 0.00 0.00 0.00
height.size=957
height.data=65219.76 65219.76 65219.76 65219.76 65219.76 65219.76 65219.76 65219.76 65219.76 65219.76 65219.76 65310.04 65310.04 65310.04 65310.04 65310.04 65310.04 65310.04 65310.04 65310.04 65310.04 65310.04 65400.32 65400.32 65400.32 65400.32 65400.32 65400.32 65400.32 65400.32 65400.32 65400.32 65400.32 65490.61 65490.61 65490.61 65490.61 65490.61 65490.61 65490.61 65490.61 65490.61 65490.61 65490.61 65580.90 65580.90 65580.90 65580.90 65580.90 65580.90 65580.90 65580.90 65580.90 65580.90 65580.90 65671.20 65671.20 65671.20 65671.20 65671.20 65671.20 65671.20 65671.20 65671.20 65671.20 65671.20 65761.50 65761.50 65761.50 65761.50 65761.50 65761.50 65761.50 65761.50 65761.50 65761.50 65761.50 65851.82 65851.82 65851.82 65851.82 65851.82 65851.82 65851.82 65851.82 65851.82 65851.82 65851.82 65942.14 65942.14 65942.14 65942.14 65942.14 65942.14 65942.14 65942.14 65942.14 65942.14 65942.14 66032.46 66032.46 66032.46 66032.46 66032.46 66032.46 66032.46 66032.46 66032.46 66032.46 66032.46 66122.79 66122.79 66122.79 66122.79 66122.79 66122.79 66122.79 66122.79 66122.79 66122.79 66122.79 66213.13 66213.13 66213.13 66213.13 66213.13 66213.13 66213.13 66213.13 66213.13 66213.13 66213.13 66303.47 66303.47 66303.47 66303.47 66303.47 66303.47 66303.47 66303.47 66303.47 66303.47 66303.47 66393.83 66393.83 66393.83 66393.83 66393.83 66393.83 66393.83 66393.83 66393.83 66393.83 66393.83 66484.18 66484.18 66484.18 66484.18 66484.18 66484.18 66484.18 66484.18 66484.18 66484.18 66484.18 66574.55 66574.55 66574.55 66574.55 66574.55 66574.55 66574.55 66574.55 66574.55 66574.55 66574.55 66664.92 66664.92 66664.92 66664.92 66664.92 66664.92 66664.92 66664.92 66664.92 66664.92 66664.92 66755.29 66755.29 66755.29 66755.29 66755.29 66755.29 66755.29 66755.29 66755.29 66755.29 66755.29 66845.67 66845.67 66845.67 66845.67 66845.67 66845.67 66845.67 66845.67 66845.67 66845.67 66845.67 66936.06 66936.06 66936.06 66936.06 66936.06 66936.06 66936.06 66936.06 66936.06 66936.06 66936.06 67026.46 67026.46 67026.46 67026.46 67026.46 67026.46 67026.46 67026.46 67026.46 67026.46 67026.46 67116.86 67116.86 67116.86 67116.86 67116.86 67116.86 67116.86 67116.86 67116.86 67116.86 67116.86 67207.27 67207.27 67207.27 67207.27 67207.27 67207.27 67207.27 67207.27 67207.27 67207.27 67207.27 67297.68 67297.68 67297.68 67297.68 67297.68 67297.68 67297.68 67297.68 67297.68 67297.68 67297.68 67388.10 67388.10 67388.10 67388.10 67388.10 67388.10 67388.10 67388.10 67388.10 67388.10 67388.10 67478.53 67478.53 67478.53 67478.53 67478.53 67478.53 67478.53 67478.53 67478.53 67478.53 67478.53 67568.96 67568.96 67568.96 67568.96 67568.96 67568.96 67568.96 67568.96 67568.96 67568.96 67568.96 67659.40 67659.40 67659.40 67659.40 67659.40 67659.40 67659.40 67659.40 67659.40 67659.40 67659.40 67749.85 67749.85 67749.85 67749.85 67749.85 67749.85 67749.85 67749.85 67749.85 67749.85 67749.85 67840.30 67840.30 67840.30 67840.30 67840.30 67840.30 67840.30 67840.30 67840.30 67840.30 67840.30 67930.76 67930.76 67930.76 67930.76 67930.76 67930.76 67930.76 67930.76 67930.76 67930.76 67930.76 68021.22 68021.22 68021.22 68021.22 68021.22 68021.22 68021.22 68021.22 68021.22 68021.22 68021.22 68111.69 68111.69 68111.69 68111.69 68111.69 68111.69 68111.69 68111.69 68111.69 68111.69 68111.69 68202.17 68202.17 68202.17 68202.17 68202.17 68202.17 68202.17 68202.17 68202.17 68202.17 68202.17 68292.65 68292.65 68292.65 68292.65 68292.65 68292.65 68292.65 68292.65 68292.65 68292.65 68292.65 68383.14 68383.14 68383.14 68383.14 68383.14 68383.14 68383.14 68383.14 68383.14 68383.14 68383.14 68473.64 68473.64 68473.64 68473.64 68473.64 68473.64 68473.64 68473.64 68473.64 68473.64 68473.64 68564.14 68564.14 68564.14 68564.14 68564.14 68564.14 68564.14 68564.14 68564.14 68564.14 68564.14 68654.65 68654.65 68654.65 68654.65 68654.65 68654.65 68654.65 68654.65 68654.65 68654.65 68654.65 68745.17 68745.17 68745.17 68745.17 68745.17 68745.17 68745.17 68745.17 68745.17 68745.17 68745.17 68835.69 68835.69 68835.69 68835.69 68835.69 68835.69 68835.69 68835.69 68835.69 68835.69 68835.69 68926.22 68926.22 68926.22 68926.22 68926.22 68926.22 68926.22 68926.22 68926.22 68926.22 68926.22 69016.75 69016.75 69016.75 69016.75 69016.75 69016.75 69016.75 69016.75 69016.75 69016.75 69016.75 69107.29 69107.29 69107.29 69107.29 69107.29 69107.29 69107.29 69107.29 69107.29 69107.29 69107.29 69197.84 69197.84 69197.84 69197.84 69197.84 69197.84 69197.84 69197.84 69197.84 69197.84 69197.84 69288.39 69288.39 69288.39 69288.39 69288.39 69288.39 69288.39 69288.39 69288.39 69288.39 69288.39 69378.95 69378.95 69378.95 69378.95 69378.95 69378.95 69378.95 69378.95 69378.95 69378.95 69378.95 69469.52 69469.52 69469.52 69469.52 69469.52 69469.52 69469.52 69469.52 69469.52 69469.52 69469.52 69560.09 69560.09 69560.09 69560.09 69560.09 69560.09 69560.09 69560.09 69560.09 69560.09 69560.09 69650.67 69650.67 69650.67 69650.67 69650.67 69650.67 69650.67 69650.67 69650.67 69650.67 69650.67 69741.26 69741.26 69741.26 69741.26 69741.26 69741.26 69741.26 69741.26 69741.26 69741.26 69741.26 69831.85 69831.85 69831.85 69831.85 69831.85 69831.85 69831.85 69831.85 69831.85 69831.85 69831.85 69922.45 69922.45 69922.45 69922.45 69922.45 69922.45 69922.45 69922.45 69922.45 69922.45 69922.45 70013.05 70013.05 70013.05 70013.05 70013.05 70013.05 70013.05 70013.05 70013.05 70013.05 70013.05 70103.66 70103.66 70103.66 70103.66 70103.66 70103.66 70103.66 70103.66 70103.66 70103.66 70103.66 70194.28 70194.28 70194.28 70194.28 70194.28 70194.28 70194.28 70194.28 70194.28 70194.28 70194.28 70284.90 70284.90 70284.90 70284.90 70284.90 70284.90 70284.90 70284.90 70284.90 70284.90 70284.90 70375.53 70375.53 70375.53 70375.53 70375.53 70375.53 70375.53 70375.53 70375.53 70375.53 70375.53 70466.17 70466.17 70466.17 70466.17 70466.17 70466.17 70466.17 70466.17 70466.17 70466.17 70466.17 70556.81 70556.81 70556.81 70556.81 70556.81 70556.81 70556.81 70556.81 70556.81 70556.81 70556.81 70647.46 70647.46 70647.46 70647.46 70647.46 70647.46 70647.46 70647.46 70647.46 70647.46 70647.46 70738.11 70738.11 70738.11 70738.11 70738.11 70738.11 70738.11 70738.11 70738.11 70738.11 70738.11 70828.78 70828.78 70828.78 70828.78 70828.78 70828.78 70828.78 70828.78 70828.78 70828.78 70828.78 70919.44 70919.44 70919.44 70919.44 70919.44 70919.44 70919.44 70919.44 70919.44 70919.44 70919.44 71010.12 71010.12 71010.12 71010.12 71010.12 71010.12 71010.12 71010.12 71010.12 71010.12 71010.12 71100.80 71100.80 71100.80 71100.80 71100.80 71100.80 71100.80 71100.80 71100.80 71100.80 71100.80 71191.48 71191.48 71191.48 71191.48 71191.48 71191.48 71191.48 71191.48 71191.48 71191.48 71191.48 71282.18 71282.18 71282.18 71282.18 71282.18 71282.18 71282.18 71282.18 71282.18 71282.18 71282.18 71372.88 71372.88 71372.88 71372.88 71372.88 71372.88 71372.88 71372.88 71372.88 71372.88 71372.88 71463.58 71463.58 71463.58 71463.58 71463.58 71463.58 71463.58 71463.58 71463.58 71463.58 71463.58 71554.29 71554.29 71554.29 71554.29 71554.29 71554.29 71554.29 71554.29 71554.29 71554.29 71554.29 71645.01 71645.01 71645.01 71645.01 71645.01 71645.01 71645.01 71645.01 71645.01 71645.01 71645.01 71735.74 71735.74 71735.74 71735.74 71735.74 71735.74 71735.74 71735.74 71735.74 71735.74 71735.74 71826.47 71826.47 71826.47 71826.47 71826.47 71826.47 71826.47 71826.47 71826.47 71826.47 71826.47 71917.21 71917.21 71917.21 71917.21 71917.21 71917.21 71917.21 71917.21 71917.21 71917.21 71917.21 72007.95 72007.95 72007.95 72007.95 72007.95 72007.95 72007.95 72007.95 72007.95 72007.95 72007.95 72098.70 72098.70 72098.70 72098.70 72098.70 72098.70 72098.70 72098.70 72098.70 72098.70 72098.70 72189.46 72189.46 72189.46 72189.46 72189.46 72189.46 72189.46 72189.46 72189.46 72189.46 72189.46 72280.22 72280.22 72280.22 72280.22 72280.22 72280.22 72280.22 72280.22 72280.22 72280.22 72280.22 72370.99 72370.99 72370.99 72370.99 72370.99 72370.99 72370.99 72370.99 72370.99 72370.99 72370.99 72461.76 72461.76 72461.76 72461.76 72461.76 72461.76 72461.76 72461.76 72461.76 72461.76 72461.76 72552.55 72552.55 72552.55 72552.55 72552.55 72552.55 72552.55 72552.55 72552.55 72552.55 72552.55 72643.33 72643.33 72643.33 72643.33 72643.33 72643.33 72643.33 72643.33 72643.33 72643.33 72643.33 72734.13 72734.13 72734.13 72734.13 72734.13 72734.13 72734.13 72734.13 72734.13 72734.13 72734.13 72824.93 72824.93 72824.93 72824.93 72824.93 72824.93 72824.93 72824.93 72824.93 72824.93 72824.93 72915.74 72915.74 72915.74 72915.74 72915.74 72915.74 72915.74 72915.74 72915.74 72915.74 72915.74 73006.55 73006.55 73006.55 73006.55 73006.55 73006.55 73006.55 73006.55 73006.55 73006.55 73006.55
=== END RADAR_SCAN ===

=== BEGIN RADAR_SCAN ===
scan.index=9
scan.time=167.670000
radar.id=0
radar.frequency=C
radar.scanning_mode=PPI
radar.x=0.000
radar.y=0.000
radar.z=25.000
radar.maximum_range=250000.000
radar.range_resolution=250.000
radar.angular_resolution=1.000000
box.radar_id=0
box.min_range_gate=721.000
box.max_range_gate=805.000
box.min_angle=97.000000
box.max_angle=108.000000
box.num_ranges=85
box.num_angles=11
box.range_resolution=250.000
box.angular_resolution=1.000000
box.other_angle=15.000000
grid.size=935
grid.data=0.00 0.00 0.00 0.00 0.00 0.00 0.00 0.00 0.00 0.00 0.00 0.00 0.00 0.00 0.00 0.00 0.00 0.00 0.00 0.00 0.00 0.00 0.00 0.00 0.00 0.00 0.00 0.00 0.00 0.00 0.00 0.00 0.00 0.00 0.00 0.00 0.00 0.00 0.00 0.00 0.00 0.00 0.00 0.00 0.00 0.00 0.00 0.00 0.00 0.00 0.00 0.00 0.00 0.00 0.00 0.00 0.00 0.00 0.00 0.00 0.00 0.00 0.00 0.00 0.00 0.00 0.00 0.00 0.00 0.00 0.00 -0.46 0.14 0.00 0.00 0.00 0.00 0.00 0.00 0.00 0.00 0.00 -1.41 1.06 0.00 0.00 0.00 0.00 0.00 0.00 0.00 0.00 0.00 -1.18 0.08 0.00 0.00 0.00 0.00 0.00 0.00 0.00 0.00 0.00 0.64 -1.19 0.00 0.00 0.00 0.00 0.00 0.00 0.00 0.00 0.79 1.04 0.05 0.00 0.00 0.00 0.00 0.00 0.00 0.00 0.00 1.28 -0.34 -1.46 -0.29 0.00 0.00 0.00 0.00 0.00 0.00 0.00 0.19 1.32 0.52 -0.36 0.00 0.00 0.00 0.00 0.00 0.00 0.00 -1.40 -0.76 -0.44 -0.07 0.00 0.00 0.00 0.00 0.00 0.00 0.00 -0.78 -0.24 -0.64 -0.12 0.00 0.00 0.00 0.00 0.00 0.00 0.00 -0.23 0.40 0.97 -0.39 0.00 0.00 0.00 0.00 0.00 0.00 0.00 0.53 0.14 -0.18 -0.44 0.00 0.00 0.00 0.00 0.00 0.00 0.00 -0.55 -0.67 0.65 0.62 0.00 0.00 0.00 0.00 0.00 0.00 0.00 0.44 0.05 -0.54 -0.40 0.00 0.00 0.00 0.00 0.00 0.00 0.00 -1.64 0.63 0.73 -1.16 0.00 0.00 0.00 0.00 0.00 0.00 0.00 1.39 -0.52 1.00 0.00 0.00 0.00 0.00 0.00 0.00 0.00 0.93 -0.35 0.98 -1.22 0.06 0.00 0.00 0.00 0.00 0.00 0.00 1.47 -1.50 -0.77 -0.82 -0.22 0.00 0.00 0.00 0.00 0.00 0.00 -0.48 0.18 -0.27 -2.76 -0.34 -0.06 0.00 0.00 0.00 0.00 0.00 -1.31 0.72 -0.43 -0.23 1.61 -0.15 0.00 0.00 0.00 0.00 0.00 0.22 -0.25 1.15 -0.32 -0.28 -0.11 0.00 0.00 0.00 0.00 0.00 -0.46 1.32 -0.97 -0.53 1.05 0.02 0.00 0.00 0.00 0.00 0.00 0.10 1.95 0.17 -0.87 0.02 -0.06 0.00 0.00 0.00 0.00 0.00 -0.09 -0.15 -1.11 0.43 0.69 0.31 0.00 0.00 0.00 0.00 0.00 0.59 0.13 -0.42 0.56 -0.20 0.04 0.00 0.00 0.00 0.00 0.00 -0.28 -1.25 0.48 0.78 -1.22 1.02 0.00 0.00 0.00 0.00 0.00 -0.23 0.55 0.05 -0.13 -0.39 1.37 0.00 0.00 0.00 0.00 0.00 0.09 0.60 -0.42 0.15 -0.23 0.05 0.00 0.00 0.00 0.00 0.00 -1.10 -0.84 0.16 -0.31 -0.69 0.44 0.00 0.00 0.00 0.00 0.00 0.80 0.35 -0.40 -0.50 0.63 0.49 0.00 0.00 0.00 0.00 0.00 -0.10 -0.71 -0.77 -0.42 1.11 0.40 0.00 0.00 0.00 0.00 0.00 -0.56 1.00 -1.78 0.38 1.26 -0.43 0.00 0.00 0.00 0.00 0.00 0.90 0.01 0.35 -0.06 0.80 0.28 0.00 0.00 0.00 0.00 0.00 0.45 -1.37 0.67 -0.63 0.59 -0.53 0.00 0.00 0.00 0.00 0.00 0.42 -0.92 0.27 0.80 -0.53 -1.92 0.00 0.00 0.00 0.00 0.00 0.10 1.28 0.26 -0.03 -0.39 -1.05 0.00 0.00 0.00 0.00 0.00 1.26 -0.55 0.80 0.10 -0.23 0.46 0.00 0.00 0.00 0.00 0.00 0.26 -0.56 -0.15 0.15 -0.59 -1.56 0.00 0.00 0.00 0.00 0.00 0.17 -1.52 -1.05 -0.76 -0.56 -0.41 0.00 0.00 0.00 0.00 0.00 1.09 -0.13 0.42 -0.65 0.14 -0.58 0.00 0.00 0.00 0.00 0.00 -0.15 -0.18 0.97 -0.04 1.95 1.20 0.00 0.00 0.00 0.00 0.00 1.63 -0.63 0.50 0.62 0.48 -0.05 0.00 0.00 0.00 0.00 0.00 0.90 0.63 1.37 -0.31 -1.78 -0.44 0.00 0.00 0.00 0.00 0.00 -0.18 0.27 -0.85 2.27 -0.07 -0.16 0.00 0.00 0.00 0.00 0.00 1.49 0.68 0.07 -0.09 0.09 1.86 0.00 0.00 0.00 0.00 0.00 0.32 0.68 0.90 0.95 0.93 0.50 0.00 0.00 0.00 0.00 0.00 1.52 -0.40 -0.11 -0.15 -0.12 1.21 0.00 0.00 0.00 0.00 0.00 -0.52 -0.84 -0.37 -1.12 1.03 0.44 0.00 0.00 0.00 0.00 0.00 -0.93 -0.32 -0.17 -1.03 0.42 0.12 0.00 0.00 0.00 0.00 0.00 -1.05 -0.42 -0.58 0.20 1.33 0.39 0.00 0.00 0.00 0.00 0.00 0.64 -1.37 -0.15 0.14 0.19 1.45 0.00 0.00 0.00 0.00 0.00 -0.24 0.36 0.23 -0.86 -0.87 0.67 0.00 0.00 0.00 0.00 0.00 0.22 0.56 0.19 -0.35 0.87 1.26 0.00 0.00 0.00 0.00 0.00 0.49 0.84 1.60 -0.79 -1.16 0.73 0.00 0.00 0.00 0.00 0.00 0.82 -0.40 -0.71 0.12 0.58 0.31 0.00 0.00 0.00 0.00 0.00 -0.35 -0.45 0.22 -0.24 0.27 -0.85 0.00 0.00 0.00 0.00 0.00 0.98 -0.26 0.60 -0.33 0.85 -0.99 0.00 0.00 0.00 0.00 0.00 0.15 -0.49 0.93 -0.39 0.08 -0.41 0.00 0.00 0.00 0.00 0.00 0.88 1.01 0.21 0.43 -0.52 -1.15 0.00 0.00 0.00 0.00 0.00 -0.48 0.02 -0.02 -0.44 -0.82 -0.13 0.00 0.00 0.00 0.00 0.00 0.54 0.64 0.42 -0.55 0.53 -0.87 0.00 0.00 0.00 0.00 0.00 -0.11 0.60 0.46 -0.17 -0.33 0.24 0.00 0.00 0.00 0.00 0.00 -1.24 0.18 0.19 -0.31 -1.22 0.53 0.00 0.00 0.00 0.00 0.00 0.93 0.60 -1.18 -1.37 0.67 0.05 0.00 0.00 0.00 0.00 0.00 -0.13 0.20 1.30 -0.33 0.27 0.80 0.00 0.00 0.00 0.00 0.00 0.24 -0.38 -0.13 -0.56 -0.50 -0.76 0.00 0.00 0.00 0.00 0.00 -0.66 0.80 -1.12 -0.39 0.46 0.00 0.00 0.00 0.00 0.00 0.00 -1.22 0.06 1.30 1.18 -0.25 0.00 0.00 0.00 0.00 0.00 0.00 0.00 1.19 0.54 0.99 0.39 0.00 0.00 0.00 0.00 0.00 0.00 0.00 1.08 0.18 0.67 0.19 0.00 0.00 0.00 0.00 0.00 0.00 0.00 0.75 0.19 1.47 -1.50 0.00 0.00 0.00 0.00 0.00 0.00 0.00 -0.97 0.18 1.34 -1.08 0.00 0.00 0.00 0.00 0.00 0.00 0.00 -1.32 -0.99 -0.38 0.74 0.00 0.00 0.00 0.00 0.00 0.00 0.00 -0.63 0.55 -0.51 -0.09 0.00 0.00 0.00 0.00 0.00 0.00 0.00 -0.98 0.05 -1.14 0.49 0.00 0.00 0.00 0.00 0.00 0.00 0.00 0.24 0.26 -0.97 0.63 0.00 0.00 0.00 0.00 0.00 0.00 0.00 0.52 0.06 0.55 0.08 0.00 0.00 0.00 0.00 0.00 0.00 0.00 0.66 0.47 -0.34 -0.76 0.00 0.00 0.00 0.00 0.00 0.00 0.00 0.71 0.80 -0.12 0.42 0.00 0.00 0.00 0.00 0.00 0.00 0.00 0.00 -0.10 -1.35 0.00 0.00 0.00 0.00
rain_type.data=0 0 0 0 0 0 0 0 0 0 0 0 0 0 0 0 0 0 0 0 0 0 0 0 0 0 0 0 0 0 0 0 0 0 0 0 0 0 0 0 0 0 0 0 0 0 0 0 0 0 0 0 0 0 0 0 0 0 0 0 0 0 0 0 0 0 0 0 0 0 0 1 1 0 0 0 0 0 0 0 0 0 1 1 0 0 0 0 0 0 0 0 0 1 1 0 0 0 0 0 0 0 0 0 1 1 0 0 0 0 0 0 0 0 1 1 1 0 0 0 0 0 0 0 0 1 1 1 1 0 0 0 0 0 0 0 1 1 1 1 0 0 0 0 0 0 0 1 1 1 1 0 0 0 0 0 0 0 1 1 1 1 0 0 0 0 0 0 0 1 1 1 1 0 0 0 0 0 0 0 1 1 1 1 0 0 0 0 0 0 0 1 1 1 1 0 0 0 0 0 0 0 1 1 1 1 0 0 0 0 0 0 0 1 1 1 1 0 0 0 0 0 0 0 1 1 1 1 0 0 0 0 0 0 1 1 1 1 1 0 0 0 0 0 0 1 2 1 1 1 0 0 0 0 0 0 1 2 1 1 1 1 0 0 0 0 0 1 2 1 1 1 1 0 0 0 0 0 1 2 1 1 1 1 0 0 0 0 0 2 2 1 1 1 1 0 0 0 0 0 2 2 1 1 1 1 0 0 0 0 0 2 2 2 1 1 1 0 0 0 0 0 2 2 2 1 1 1 0 0 0 0 0 2 2 2 1 1 1 0 0 0 0 0 2 2 2 1 1 1 0 0 0 0 0 2 2 2 1 1 1 0 0 0 0 0 2 2 2 1 1 1 0 0 0 0 0 2 2 2 1 1 1 0 0 0 0 0 2 2 2 1 1 1 0 0 0 0 0 2 2 2 1 1 1 0 0 0 0 0 2 2 2 1 1 1 0 0 0 0 0 2 2 2 1 1 1 0 0 0 0 0 2 2 2 1 1 1 0 0 0 0 0 2 2 2 1 1 1 0 0 0 0 0 2 2 2 1 1 1 0 0 0 0 0 2 2 2 1 1 1 0 0 0 0 0 2 2 2 1 1 1 0 0 0 0 0 2 2 2 1 1 1 0 0 0 0 0 2 2 2 1 1 1 0 0 0 0 0 2 2 2 1 1 1 0 0 0 0 0 2 2 2 1 1 1 0 0 0 0 0 2 2 2 1 1 1 0 0 0 0 0 2 2 2 1 1 1 0 0 0 0 0 2 2 2 1 1 1 0 0 0 0 0 2 2 2 1 1 1 0 0 0 0 0 2 2 2 1 1 1 0 0 0 0 0 2 2 2 1 1 1 0 0 0 0 0 2 2 2 1 1 1 0 0 0 0 0 2 2 2 1 1 1 0 0 0 0 0 2 2 2 1 1 1 0 0 0 0 0 2 2 2 1 1 1 0 0 0 0 0 2 2 1 1 1 1 0 0 0 0 0 2 2 1 1 1 1 0 0 0 0 0 1 2 1 1 1 1 0 0 0 0 0 1 2 1 1 1 1 0 0 0 0 0 1 2 1 1 1 1 0 0 0 0 0 1 2 1 1 1 1 0 0 0 0 0 1 1 1 1 1 1 0 0 0 0 0 1 1 1 1 1 1 0 0 0 0 0 1 1 1 1 1 1 0 0 0 0 0 1 1 1 1 1 1 0 0 0 0 0 1 1 1 1 1 1 0 0 0 0 0 1 1 1 1 1 1 0 0 0 0 0 1 1 1 1 1 1 0 0 0 0 0 1 1 1 1 1 0 0 0 0 0 0 1 1 1 1 1 0 0 0 0 0 0 0 1 1 1 1 0 0 0 0 0 0 0 1 1 1 1 0 0 0 0 0 0 0 1 1 1 1 0 0 0 0 0 0 0 1 1 1 1 0 0 0 0 0 0 0 1 1 1 1 0 0 0 0 0 0 0 1 1 1 1 0 0 0 0 0 0 0 1 1 1 1 0 0 0 0 0 0 0 1 1 1 1 0 0 0 0 0 0 0 1 1 1 1 0 0 0 0 0 0 0 1 1 1 1 0 0 0 0 0 0 0 1 1 1 1 0 0 0 0 0 0 0 0 1 1 0 0 0 0
estimated_attenuation.size=935
estimated_attenuation.data=0.00 0.00 0.00 0.00 0.00 0.00 0.00 0.00 0.00 0.00 0.00 0.00 0.00 0.00 0.00 0.00 0.00 0.00 0.00 0.00 0.00 0.00 0.00 0.00 0.00 0.00 0.00 0.00 0.00 0.00 0.00 0.00 0.00 0.00 0.00 0.00 0.00 0.00 0.00 0.00 0.00 0.00 0.00 0.00 0.00 0.00 0.00 0.00 0.00 0.00 0.00 0.00 0.00 0.00 0.00 0.00 0.00 0.00 0.00 0.00 0.00 0.00 0.00 0.00 0.00 0.00 0.00 0.00 0.00 0.00 0.00 0.00 0.00 0.00 0.00 0.00 0.00 0.00 0.00 0.00 0.00 0.00 0.00 0.00 0.00 0.00 0.00 0.00 0.00 0.00 0.00 0.00 0.00 0.00 0.00 0.00 0.00 0.00 0.00 0.00 0.00 0.00 0.00 0.00 0.00 0.00 0.00 0.00 0.00 0.00 0.00 0.00 0.00 0.00 0.00 0.00 0.00 0.00 0.00 0.00 0.00 0.00 0.00 0.00 0.00 0.00 0.00 0.00 0.00 0.00 0.00 0.00 0.00 0.00 0.00 0.00 0.00 0.00 0.00 0.00 0.00 0.00 0.00 0.00 0.00 0.00 0.00 0.00 0.00 0.00 0.00 0.00 0.00 0.00 0.00 0.00 0.00 0.00 0.00 0.00 0.00 0.00 0.00 0.00 0.00 0.00 0.00 0.00 0.00 0.00 0.00 0.00 0.00 0.00 0.00 0.00 0.00 0.00 0.00 0.00 0.00 0.00 0.00 0.00 0.00 0.00 0.00 0.00 0.00 0.00 0.00 0.00 0.00 0.00 0.00 0.00 0.00 0.00 0.00 0.00 0.00 0.00 0.00 0.00 0.00 0.00 0.00 0.00 0.00 0.00 0.00 0.00 0.00 0.00 0.00 0.00 0.00 0.00 0.00 0.00 0.00 0.00 0.00 0.00 0.00 0.00 0.00 0.00 0.00 0.00 0.00 0.00 0.00 0.00 0.00 0.00 0.00 0.00 0.00 0.00 0.00 0.00 0.00 0.00 0.00 0.00 0.00 0.00 0.00 0.00 0.00 0.00 0.00 0.00 0.00 0.00 0.00 0.00 0.00 0.00 0.00 0.00 0.00 0.00 0.00 0.00 0.00 0.00 0.00 0.00 0.00 0.00 0.00 0.00 0.00 0.00 0.00 0.00 0.00 0.00 0.00 0.00 0.00 0.00 0.00 0.00 0.00 0.00 0.00 0.00 0.00 0.00 0.00 0.00 0.00 0.00 0.00 0.00 0.00 0.00 0.00 0.00 0.00 0.00 0.00 0.00 0.00 0.00 0.00 0.00 0.00 0.00 0.00 0.00 0.00 0.00 0.00 0.00 0.00 0.00 0.00 0.00 0.00 0.00 0.00 0.00 0.00 0.00 0.00 0.00 0.00 0.00 0.00 0.00 0.00 0.00 0.00 0.00 0.00 0.00 0.00 0.00 0.00 0.00 0.00 0.00 0.00 0.00 0.00 0.00 0.00 0.00 0.00 0.00 0.00 0.00 0.00 0.00 0.00 0.00 0.00 0.00 0.00 0.00 0.00 0.00 0.00 0.00 0.00 0.00 0.00 0.00 0.00 0.00 0.00 0.00 0.00 0.00 0.00 0.00 0.00 0.00 0.00 0.00 0.00 0.00 0.00 0.00 0.00 0.00 0.00 0.00 0.00 0.00 0.00 0.00 0.00 0.00 0.00 0.00 0.00 0.00 0.00 0.00 0.00 0.00 0.00 0.00 0.00 0.00 0.00 0.00 0.00 0.00 0.00 0.00 0.00 0.00 0.00 0.00 0.00 0.00 0.00 0.00 0.00 0.00 0.00 0.00 0.00 0.00 0.00 0.00 0.00 0.00 0.00 0.00 0.00 0.00 0.00 0.00 0.00 0.00 0.00 0.00 0.00 0.00 0.00 0.00 0.00 0.00 0.00 0.00 0.00 0.00 0.00 0.00 0.00 0.00 0.00 0.00 0.00 0.00 0.00 0.00 0.00 0.00 0.00 0.00 0.00 0.00 0.00 0.00 0.00 0.00 0.00 0.00 0.00 0.00 0.00 0.00 0.00 0.00 0.00 0.00 0.00 0.00 0.00 0.00 0.00 0.00 0.00 0.00 0.00 0.00 0.00 0.00 0.00 0.00 0.00 0.00 0.00 0.00 0.00 0.00 0.00 0.00 0.00 0.00 0.00 0.00 0.00 0.00 0.00 0.00 0.00 0.00 0.00 0.00 0.00 0.00 0.00 0.00 0.00 0.00 0.00 0.00 0.00 0.00 0.00 0.00 0.00 0.00 0.00 0.00 0.00 0.00 0.00 0.00 0.00 0.00 0.00 0.00 0.00 0.00 0.00 0.00 0.00 0.00 0.00 0.00 0.00 0.00 0.00 0.00 0.00 0.00 0.00 0.00 0.00 0.00 0.00 0.00 0.00 0.00 0.00 0.00 0.00 0.00 0.00 0.00 0.00 0.00 0.00 0.00 0.00 0.00 0.00 0.00 0.00 0.00 0.00 0.00 0.00 0.00 0.00 0.00 0.00 0.00 0.00 0.00 0.00 0.00 0.00 0.00 0.00 0.00 0.00 0.00 0.00 0.00 0.00 0.00 0.00 0.00 0.00 0.00 0.00 0.00 0.00 0.00 0.00 0.00 0.00 0.00 0.00 0.00 0.00 0.00 0.00 0.00 0.00 0.00 0.00 0.00 0.00 0.00 0.00 0.00 0.00 0.00 0.00 0.00 0.00 0.00 0.00 0.00 0.00 0.00 0.00 0.00 0.00 0.00 0.00 0.00 0.00 0.00 0.00 0.00 0.00 0.00 0.00 0.00 0.00 0.00 0.00 0.00 0.00 0.00 0.00 0.00 0.00 0.00 0.00 0.00 0.00 0.00 0.00 0.00 0.00 0.00 0.00 0.00 0.00 0.00 0.00 0.00 0.00 0.00 0.00 0.00 0.00 0.00 0.00 0.00 0.00 0.00 0.00 0.00 0.00 0.00 0.00 0.00 0.00 0.00 0.00 0.00 0.00 0.00 0.00 0.00 0.00 0.00 0.00 0.00 0.00 0.00 0.00 0.00 0.00 0.00 0.00 0.00 0.00 0.00 0.00 0.00 0.00 0.00 0.00 0.00 0.00 0.00 0.00 0.00 0.00 0.00 0.00 0.00 0.00 0.00 0.00 0.00 0.00 0.00 0.00 0.00 0.00 0.00 0.00 0.00 0.00 0.00 0.00 0.00 0.00 0.00 0.00 0.00 0.00 0.00 0.00 0.00 0.00 0.00 0.00 0.00 0.00 0.00 0.00 0.00 0.00 0.00 0.00 0.00 0.00 0.00 0.00 0.00 0.00 0.00 0.00 0.00 0.00 0.00 0.00 0.00 0.00 0.00 0.00 0.00 0.00 0.00 0.00 0.00 0.00 0.00 0.00 0.00 0.00 0.00 0.00 0.00 0.00 0.00 0.00 0.00 0.00 0.00 0.00 0.00 0.00 0.00 0.00 0.00 0.00 0.00 0.00 0.00 0.00 0.00 0.00 0.00 0.00 0.00 0.00 0.00 0.00 0.00 0.00 0.00 0.00 0.00 0.00 0.00 0.00 0.00 0.00 0.00 0.00 0.00 0.00 0.00 0.00 0.00 0.00 0.00 0.00 0.00 0.00 0.00 0.00 0.00 0.00 0.00 0.00 0.00 0.00 0.00 0.00 0.00 0.00 0.00 0.00 0.00 0.00 0.00 0.00 0.00 0.00 0.00 0.00 0.00 0.00 0.00 0.00 0.00 0.00 0.00 0.00 0.00 0.00 0.00 0.00 0.00 0.00 0.00 0.00 0.00 0.00 0.00 0.00 0.00 0.00 0.00 0.00 0.00 0.00 0.00 0.00 0.00 0.00 0.00 0.00 0.00 0.00 0.00 0.00 0.00 0.00 0.00 0.00 0.00 0.00 0.00 0.00 0.00 0.00 0.00 0.00 0.00 0.00 0.00 0.00 0.00 0.00 0.00 0.00 0.00 0.00 0.00 0.00 0.00 0.00 0.00 0.00 0.00 0.00 0.00 0.00 0.00 0.00 0.00 0.00 0.00 0.00
height.size=935
height.data=48426.47 48426.47 48426.47 48426.47 48426.47 48426.47 48426.47 48426.47 48426.47 48426.47 48426.47 48496.09 48496.09 48496.09 48496.09 48496.09 48496.09 48496.09 48496.09 48496.09 48496.09 48496.09 48565.71 48565.71 48565.71 48565.71 48565.71 48565.71 48565.71 48565.71 48565.71 48565.71 48565.71 48635.34 48635.34 48635.34 48635.34 48635.34 48635.34 48635.34 48635.34 48635.34 48635.34 48635.34 48704.98 48704.98 48704.98 48704.98 48704.98 48704.98 48704.98 48704.98 48704.98 48704.98 48704.98 48774.62 48774.62 48774.62 48774.62 48774.62 48774.62 48774.62 48774.62 48774.62 48774.62 48774.62 48844.27 48844.27 48844.27 48844.27 48844.27 48844.27 48844.27 48844.27 48844.27 48844.27 48844.27 48913.93 48913.93 48913.93 48913.93 48913.93 48913.93 48913.93 48913.93 48913.93 48913.93 48913.93 48983.59 48983.59 48983.59 48983.59 48983.59 48983.59 48983.59 48983.59 48983.59 48983.59 48983.59 49053.26 49053.26 49053.26 49053.26 49053.26 49053.26 49053.26 49053.26 49053.26 49053.26 49053.26 49122.94 49122.94 49122.94 49122.94 49122.94 49122.94 49122.94 49122.94 49122.94 49122.94 49122.94 49192.62 49192.62 49192.62 49192.62 49192.62 49192.62 49192.62 49192.62 49192.62 49192.62 49192.62 49262.31 49262.31 49262.31 49262.31 49262.31 49262.31 49262.31 49262.31 49262.31 49262.31 49262.31 49332.01 49332.01 49332.01 49332.01 49332.01 49332.01 49332.01 49332.01 49332.01 49332.01 49332.01 49401.71 49401.71 49401.71 49401.71 49401.71 49401.71 49401.71 49401.71 49401.71 49401.71 49401.71 49471.42 49471.42 49471.42 49471.42 49471.42 49471.42 49471.42 49471.42 49471.42 49471.42 49471.42 49541.14 49541.14 49541.14 49541.14 49541.14 49541.14 49541.14 49541.14 49541.14 49541.14 49541.14 49610.86 49610.86 49610.86 49610.86 49610.86 49610.86 49610.86 49610.86 49610.86 49610.86 49610.86 49680.59 49680.59 49680.59 49680.59 49680.59 49680.59 49680.59 49680.59 49680.59 49680.59 49680.59 49750.33 49750.33 49750.33 49750.33 49750.33 49750.33 49750.33 49750.33 49750.33 49750.33 49750.33 49820.07 49820.07 49820.07 49820.07 49820.07 49820.07 49820.07 49820.07 49820.07 49820.07 49820.07 49889.83 49889.83 49889.83 49889.83 49889.83 49889.83 49889.83 49889.83 49889.83 49889.83 49889.83 49959.58 49959.58 49959.58 49959.58 49959.58 49959.58 49959.58 49959.58 49959.58 49959.58 49959.58 50029.35 50029.35 50029.35 50029.35 50029.35 50029.35 50029.35 50029.35 50029.35 50029.35 50029.35 50099.12 50099.12 50099.12 50099.12 50099.12 50099.12 50099.12 50099.12 50099.12 50099.12 50099.12 50168.90 50168.90 50168.90 50168.90 50168.90 50168.90 50168.90 50168.90 50168.90 50168.90 50168.90 50238.68 50238.68 50238.68 50238.68 50238.68 50238.68 50238.68 50238.68 50238.68 50238.68 50238.68 50308.47 50308.47 50308.47 50308.47 50308.47 50308.47 50308.47 50308.47 50308.47 50308.47 50308.47 50378.27 50378.27 50378.27 50378.27 50378.27 50378.27 50378.27 50378.27 50378.27 50378.27 50378.27 50448.08 50448.08 50448.08 50448.08 50448.08 50448.08 50448.08 50448.08 50448.08 50448.08 50448.08 50517.89 50517.89 50517.89 50517.89 50517.89 50517.89 50517.89 50517.89 50517.89 50517.89 50517.89 50587.71 50587.71 50587.71 50587.71 50587.71 50587.71 50587.71 50587.71 50587.71 50587.71 50587.71 50657.53 50657.53 50657.53 50657.53 50657.53 50657.53 50657.53 50657.53 50657.53 50657.53 50657.53 50727.36 50727.36 50727.36 50727.36 50727.36 50727.36 50727.36 50727.36 50727.36 50727.36 50727.36 50797.20 50797.20 50797.20 50797.20 50797.20 50797.20 50797.20 50797.20 50797.20 50797.20 50797.20 50867.05 50867.05 50867.05 50867.05 50867.05 50867.05 50867.05 50867.05 50867.05 50867.05 50867.05 50936.90 50936.90 50936.90 50936.90 50936.90 50936.90 50936.90 50936.90 50936.90 50936.90 50936.90 51006.76 51006.76 51006.76 51006.76 51006.76 51006.76 51006.76 51006.76 51006.76 51006.76 51006.76 51076.62 51076.62 51076.62 51076.62 51076.62 51076.62 51076.62 51076.62 51076.62 51076.62 51076.62 51146.50 51146.50 51146.50 51146.50 51146.50 51146.50 51146.50 51146.50 51146.50 51146.50 51146.50 51216.38 51216.38 51216.38 51216.38 51216.38 51216.38 51216.38 51216.38 51216.38 51216.38 51216.38 51286.26 51286.26 51286.26 51286.26 51286.26 51286.26 51286.26 51286.26 51286.26 51286.26 51286.26 51356.15 51356.15 51356.15 51356.15 51356.15 51356.15 51356.15 51356.15 51356.15 51356.15 51356.15 51426.05 51426.05 51426.05 51426.05 51426.05 51426.05 51426.05 51426.05 51426.05 51426.05 51426.05 51495.96 51495.96 51495.96 51495.96 51495.96 51495.96 51495.96 51495.96 51495.96 51495.96 51495.96 51565.87 51565.87 51565.87 51565.87 51565.87 51565.87 51565.87 51565.87 51565.87 51565.87 51565.87 51635.79 51635.79 51635.79 51635.79 51635.79 51635.79 51635.79 51635.79 51635.79 51635.79 51635.79 51705.72 51705.72 51705.72 51705.72 51705.72 51705.72 51705.72 51705.72 51705.72 51705.72 51705.72 51775.65 51775.65 51775.65 51775.65 51775.65 51775.65 51775.65 51775.65 51775.65 51775.65 51775.65 51845.59 51845.59 51845.59 51845.59 51845.59 51845.59 51845.59 51845.59 51845.59 51845.59 51845.59 51915.54 51915.54 51915.54 51915.54 51915.54 51915.54 51915.54 51915.54 51915.54 51915.54 51915.54 51985.49 51985.49 51985.49 51985.49 51985.49 51985.49 51985.49 51985.49 51985.49 51985.49 51985.49 52055.45 52055.45 52055.45 52055.45 52055.45 52055.45 52055.45 52055.45 52055.45 52055.45 52055.45 52125.42 52125.42 52125.42 52125.42 52125.42 52125.42 52125.42 52125.42 52125.42 52125.42 52125.42 52195.39 52195.39 52195.39 52195.39 52195.39 52195.39 52195.39 52195.39 52195.39 52195.39 52195.39 52265.37 52265.37 52265.37 52265.37 52265.37 52265.37 52265.37 52265.37 52265.37 52265.37 52265.37 52335.36 52335.36 52335.36 52335.36 52335.36 52335.36 52335.36 52335.36 52335.36 52335.36 52335.36 52405.35 52405.35 52405.35 52405.35 52405.35 52405.35 52405.35 52405.35 52405.35 52405.35 52405.35 52475.35 52475.35 52475.35 52475.35 52475.35 52475.35 52475.35 52475.35 52475.35 52475.35 52475.35 52545.36 52545.36 52545.36 52545.36 52545.36 52545.36 52545.36 52545.36 52545.36 52545.36 52545.36 52615.37 52615.37 52615.37 52615.37 52615.37 52615.37 52615.37 52615.37 52615.37 52615.37 52615.37 52685.39 52685.39 52685.39 52685.39 52685.39 52685.39 52685.39 52685.39 52685.39 52685.39 52685.39 52755.42 52755.42 52755.42 52755.42 52755.42 52755.42 52755.42 52755.42 52755.42 52755.42 52755.42 52825.46 52825.46 52825.46 52825.46 52825.46 52825.46 52825.46 52825.46 52825.46 52825.46 52825.46 52895.50 52895.50 52895.50 52895.50 52895.50 52895.50 52895.50 52895.50 52895.50 52895.50 52895.50 52965.54 52965.54 52965.54 52965.54 52965.54 52965.54 52965.54 52965.54 52965.54 52965.54 52965.54 53035.60 53035.60 53035.60 53035.60 53035.60 53035.60 53035.60 53035.60 53035.60 53035.60 53035.60 53105.66 53105.66 53105.66 53105.66 53105.66 53105.66 53105.66 53105.66 53105.66 53105.66 53105.66 53175.73 53175.73 53175.73 53175.73 53175.73 53175.73 53175.73 53175.73 53175.73 53175.73 53175.73 53245.80 53245.80 53245.80 53245.80 53245.80 53245.80 53245.80 53245.80 53245.80 53245.80 53245.80 53315.88 53315.88 53315.88 53315.88 53315.88 53315.88 53315.88 53315.88 53315.88 53315.88 53315.88 53385.97 53385.97 53385.97 53385.97 53385.97 53385.97 53385.97 53385.97 53385.97 53385.97 53385.97 53456.07 53456.07 53456.07 53456.07 53456.07 53456.07 53456.07 53456.07 53456.07 53456.07 53456.07 53526.17 53526.17 53526.17 53526.17 53526.17 53526.17 53526.17 53526.17 53526.17 53526.17 53526.17 53596.28 53596.28 53596.28 53596.28 53596.28 53596.28 53596.28 53596.28 53596.28 53596.28 53596.28 53666.39 53666.39 53666.39 53666.39 53666.39 53666.39 53666.39 53666.39 53666.39 53666.39 53666.39 53736.51 53736.51 53736.51 53736.51 53736.51 53736.51 53736.51 53736.51 53736.51 53736.51 53736.51 53806.64 53806.64 53806.64 53806.64 53806.64 53806.64 53806.64 53806.64 53806.64 53806.64 53806.64 53876.78 53876.78 53876.78 53876.78 53876.78 53876.78 53876.78 53876.78 53876.78 53876.78 53876.78 53946.92 53946.92 53946.92 53946.92 53946.92 53946.92 53946.92 53946.92 53946.92 53946.92 53946.92 54017.07 54017.07 54017.07 54017.07 54017.07 54017.07 54017.07 54017.07 54017.07 54017.07 54017.07 54087.22 54087.22 54087.22 54087.22 54087.22 54087.22 54087.22 54087.22 54087.22 54087.22 54087.22 54157.39 54157.39 54157.39 54157.39 54157.39 54157.39 54157.39 54157.39 54157.39 54157.39 54157.39 54227.55 54227.55 54227.55 54227.55 54227.55 54227.55 54227.55 54227.55 54227.55 54227.55 54227.55 54297.73 54297.73 54297.73 54297.73 54297.73 54297.73 54297.73 54297.73 54297.73 54297.73 54297.73
=== END RADAR_SCAN ===

=== BEGIN RADAR_SCAN ===
scan.index=10
scan.time=168.000000
radar.id=0
radar.frequency=C
radar.scanning_mode=PPI
radar.x=0.000
radar.y=0.000
radar.z=25.000
radar.maximum_range=250000.000
radar.range_resolution=250.000
radar.angular_resolution=1.000000
box.radar_id=0
box.min_range_gate=707.000
box.max_range_gate=790.000
box.min_angle=97.000000
box.max_angle=108.000000
box.num_ranges=84
box.num_angles=11
box.range_resolution=250.000
box.angular_resolution=1.000000
box.other_angle=10.000000
grid.size=924
grid.data=0.00 0.00 0.00 0.00 0.00 0.00 0.00 0.00 0.00 0.00 0.00 0.00 0.00 0.00 0.00 0.00 0.00 0.00 0.00 0.00 0.00 0.00 0.00 0.00 0.00 0.00 0.00 0.00 0.00 0.00 0.00 0.00 0.00 0.00 0.00 0.00 0.00 0.00 0.00 0.00 0.00 0.00 0.00 0.00 0.00 0.00 0.00 0.00 0.00 0.00 0.00 0.00 0.00 0.00 0.00 0.00 0.00 0.00 0.00 0.00 -0.19 0.77 0.00 0.00 0.00 0.00 0.00 0.00 0.00 0.00 0.00 -1.36 -0.13 0.00 0.00 0.00 0.00 0.00 0.00 0.00 0.00 0.00 -1.34 0.18 0.00 0.00 0.00 0.00 0.00 0.00 0.00 0.00 0.00 -0.05 0.48 0.00 0.00 0.00 0.00 0.00 0.00 0.00 0.00 0.59 -0.06 -1.58 0.00 0.00 0.00 0.00 0.00 0.00 0.00 0.00 0.27 0.30 -0.06 0.23 0.00 0.00 0.00 0.00 0.00 0.00 0.00 1.16 -0.53 -1.53 0.49 0.00 0.00 0.00 0.00 0.00 0.00 0.00 0.72 0.23 -0.87 -0.35 0.00 0.00 0.00 0.00 0.00 0.00 0.00 -0.33 0.53 0.21 1.39 0.00 0.00 0.00 0.00 0.00 0.00 0.00 -0.49 0.45 -0.45 0.19 0.00 0.00 0.00 0.00 0.00 0.00 0.00 -0.34 0.03 0.05 0.76 0.00 0.00 0.00 0.00 0.00 0.00 0.00 -0.73 0.26 -0.05 0.92 0.00 0.00 0.00 0.00 0.00 0.00 0.00 -0.46 0.07 -1.63 -0.78 0.00 0.00 0.00 0.00 0.00 0.00 0.00 0.30 -0.14 0.07 0.48 0.00 0.00 0.00 0.00 0.00 0.00 0.32 1.36 0.77 0.21 -0.02 0.00 0.00 0.00 0.00 0.00 0.00 -0.99 1.01 0.27 -0.43 0.66 0.00 0.00 0.00 0.00 0.00 0.00 0.96 0.58 2.12 0.39 0.81 -0.97 0.00 0.00 0.00 0.00 0.00 -0.26 1.72 -0.53 -0.61 -0.33 0.79 0.00 0.00 0.00 0.00 0.00 -0.40 -0.62 -0.64 -2.05 -0.59 1.18 0.00 0.00 0.00 0.00 0.00 0.23 1.56 0.88 0.58 -0.09 -0.52 0.00 0.00 0.00 0.00 0.00 -0.08 -0.57 0.11 0.25 -0.34 0.46 0.00 0.00 0.00 0.00 0.00 1.39 -0.27 0.36 -0.52 0.20 -0.13 0.00 0.00 0.00 0.00 0.00 -0.01 -0.02 0.02 0.09 -0.92 -0.66 0.00 0.00 0.00 0.00 0.00 0.15 0.09 -0.27 -0.06 -0.62 0.38 0.00 0.00 0.00 0.00 0.00 -0.25 -1.67 -0.38 0.46 1.28 -1.24 0.00 0.00 0.00 0.00 0.00 0.47 -0.42 -0.05 -0.97 -1.82 1.51 0.00 0.00 0.00 0.00 0.00 -0.73 0.16 0.61 0.23 0.17 -0.73 0.00 0.00 0.00 0.00 0.00 0.63 0.09 -0.01 1.16 -0.50 0.64 0.00 0.00 0.00 0.00 0.00 -0.14 -0.24 -0.38 -0.26 -0.05 1.02 0.00 0.00 0.00 0.00 0.00 0.16 1.15 0.42 -0.33 0.65 -0.44 0.00 0.00 0.00 0.00 0.00 0.28 -0.95 -0.38 -0.38 1.55 -0.12 0.00 0.00 0.00 0.00 0.00 -0.18 -0.92 0.92 -0.24 -0.18 -0.25 0.00 0.00 0.00 0.00 0.00 -0.58 -0.38 -0.25 0.27 -0.13 -0.01 0.00 0.00 0.00 0.00 0.00 -1.24 -0.59 0.77 -0.35 -0.68 -0.95 0.00 0.00 0.00 0.00 0.00 0.44 0.93 -0.11 -0.00 0.15 -0.53 0.00 0.00 0.00 0.00 0.00 -0.30 1.23 0.41 0.95 0.89 -0.19 0.00 0.00 0.00 0.00 0.00 1.10 -0.46 -1.23 1.16 0.16 -0.06 0.00 0.00 0.00 0.00 0.00 -1.12 -0.23 1.00 0.12 0.67 0.89 0.00 0.00 0.00 0.00 0.00 0.07 0.06 -0.20 -0.53 -0.17 -0.54 0.00 0.00 0.00 0.00 0.00 0.98 -1.10 1.00 -0.05 0.98 0.29 0.00 0.00 0.00 0.00 0.00 -0.10 -0.51 -0.18 0.26 -0.19 0.39 0.00 0.00 0.00 0.00 0.00 0.54 -0.07 0.15 -0.73 0.40 -0.72 0.00 0.00 0.00 0.00 0.00 0.04 0.43 -0.28 -0.46 -1.27 0.21 0.00 0.00 0.00 0.00 0.00 0.00 -0.09 0.60 -0.07 1.25 1.20 0.00 0.00 0.00 0.00 0.00 0.10 0.82 -0.38 -0.82 1.07 0.58 0.00 0.00 0.00 0.00 0.00 0.17 0.57 -0.86 0.42 -2.44 0.72 0.00 0.00 0.00 0.00 0.00 -0.58 0.45 -0.35 -0.04 0.66 0.40 0.00 0.00 0.00 0.00 0.00 1.78 1.08 0.81 0.55 0.57 -0.46 0.00 0.00 0.00 0.00 0.00 0.44 -0.31 -0.93 -0.25 0.35 -0.33 0.00 0.00 0.00 0.00 0.00 -0.02 0.03 0.32 -1.33 0.32 -0.39 0.00 0.00 0.00 0.00 0.00 -0.84 -0.04 0.60 -1.20 1.12 0.74 0.00 0.00 0.00 0.00 0.00 1.30 0.24 -0.10 -0.04 0.04 0.70 0.00 0.00 0.00 0.00 0.00 0.12 -0.35 0.73 0.29 0.21 -0.95 0.00 0.00 0.00 0.00 0.00 0.21 0.61 1.05 1.23 1.40 0.94 0.00 0.00 0.00 0.00 0.00 0.51 -0.01 -0.48 0.45 -0.13 0.35 0.00 0.00 0.00 0.00 0.00 0.08 0.18 1.45 -0.28 -0.03 -0.49 0.00 0.00 0.00 0.00 0.00 0.99 0.17 -0.41 0.14 -0.70 -1.19 0.00 0.00 0.00 0.00 0.00 -1.05 0.66 -0.10 -0.19 -0.36 1.04 0.00 0.00 0.00 0.00 0.00 0.19 0.08 -0.10 -0.43 -0.07 0.10 0.00 0.00 0.00 0.00 0.00 -0.43 -0.34 0.66 -0.32 -0.23 0.46 0.00 0.00 0.00 0.00 0.00 0.41 -0.67 -0.64 -0.57 0.16 0.05 0.00 0.00 0.00 0.00 0.00 0.43 -0.63 0.87 -0.77 0.23 -0.32 0.00 0.00 0.00 0.00 0.00 -0.93 -0.60 0.55 0.24 -1.04 0.33 0.00 0.00 0.00 0.00 0.00 -1.13 -1.22 0.65 -1.45 1.15 0.00 0.00 0.00 0.00 0.00 0.00 -0.99 -0.18 -1.28 -0.69 -1.16 0.00 0.00 0.00 0.00 0.00 0.00 0.00 1.37 0.95 -0.21 1.29 0.00 0.00 0.00 0.00 0.00 0.00 0.00 -0.42 0.56 -0.34 0.47 0.00 0.00 0.00 0.00 0.00 0.00 0.00 -1.01 -0.05 0.81 0.73 0.00 0.00 0.00 0.00 0.00 0.00 0.00 0.06 -0.65 -1.14 -0.59 0.00 0.00 0.00 0.00 0.00 0.00 0.00 -0.54 0.13 -0.53 0.04 0.00 0.00 0.00 0.00 0.00 0.00 0.00 -0.73 -0.54 -1.57 0.12 0.00 0.00 0.00 0.00 0.00 0.00 0.00 -1.24 -0.19 -0.32 0.12 0.00 0.00 0.00 0.00 0.00 0.00 0.00 0.25 0.46 -0.02 -0.84 0.00 0.00 0.00 0.00 0.00 0.00 0.00 0.58 -0.35 -1.19 0.25 0.00 0.00 0.00 0.00 0.00 0.00 0.00 0.34 -0.18 0.50 -0.60 0.00 0.00 0.00 0.00 0.00 0.00 0.00 -0.02 -0.02 1.14 0.00 0.00 0.00 0.00 0.00 0.00 0.00 0.00 0.00 -0.93 -0.01 0.00 0.00 0.00 0.00 0.00 0.00 0.00 0.00 0.00 0.54 0.71 0.00 0.00 0.00 0.00 0.00 0.00 0.00 0.00 0.00 0.29 -0.67 0.00 0.00 0.00 0.00
rain_type.data=0 0 0 0 0 0 0 0 0 0 0 0 0 0 0 0 0 0 0 0 0 0 0 0 0 0 0 0 0 0 0 0 0 0 0 0 0 0 0 0 0 0 0 0 0 0 0 0 0 0 0 0 0 0 0 0 0 0 0 0 1 1 0 0 0 0 0 0 0 0 0 1 1 0 0 0 0 0 0 0 0 0 1 1 0 0 0 0 0 0 0 0 0 1 1 0 0 0 0 0 0 0 0 1 1 1 0 0 0 0 0 0 0 0 1 1 1 1 0 0 0 0 0 0 0 1 1 1 1 0 0 0 0 0 0 0 1 1 1 1 0 0 0 0 0 0 0 1 1 1 1 0 0 0 0 0 0 0 1 1 1 1 0 0 0 0 0 0 0 1 1 1 1 0 0 0 0 0 0 0 1 1 1 1 0 0 0 0 0 0 0 1 1 1 1 0 0 0 0 0 0 0 1 1 1 1 0 0 0 0 0 0 1 1 1 1 1 0 0 0 0 0 0 1 1 1 1 1 0 0 0 0 0 0 1 2 1 1 1 1 0 0 0 0 0 1 2 1 1 1 1 0 0 0 0 0 1 2 1 1 1 1 0 0 0 0 0 2 2 1 1 1 1 0 0 0 0 0 2 2 1 1 1 1 0 0 0 0 0 2 2 2 1 1 1 0 0 0 0 0 2 2 2 1 1 1 0 0 0 0 0 2 2 2 1 1 1 0 0 0 0 0 2 2 2 1 1 1 0 0 0 0 0 2 2 2 1 1 1 0 0 0 0 0 2 2 2 1 1 1 0 0 0 0 0 2 2 2 1 1 1 0 0 0 0 0 2 2 2 1 1 1 0 0 0 0 0 2 2 2 1 1 1 0 0 0 0 0 2 2 2 1 1 1 0 0 0 0 0 2 2 2 1 1 1 0 0 0 0 0 2 2 2 1 1 1 0 0 0 0 0 2 2 2 1 1 1 0 0 0 0 0 2 2 2 1 1 1 0 0 0 0 0 2 2 2 1 1 1 0 0 0 0 0 2 2 2 1 1 1 0 0 0 0 0 2 2 2 1 1 1 0 0 0 0 0 2 2 2 1 1 1 0 0 0 0 0 2 2 2 1 1 1 0 0 0 0 0 2 2 2 1 1 1 0 0 0 0 0 2 2 2 1 1 1 0 0 0 0 0 2 2 2 1 1 1 0 0 0 0 0 2 2 2 1 1 1 0 0 0 0 0 2 2 2 1 1 1 0 0 0 0 0 2 2 2 1 1 1 0 0 0 0 0 2 2 2 1 1 1 0 0 0 0 0 2 2 2 1 1 1 0 0 0 0 0 2 2 2 1 1 1 0 0 0 0 0 2 2 2 1 1 1 0 0 0 0 0 2 2 2 1 1 1 0 0 0 0 0 2 2 1 1 1 1 0 0 0 0 0 2 2 1 1 1 1 0 0 0 0 0 1 2 1 1 1 1 0 0 0 0 0 1 2 1 1 1 1 0 0 0 0 0 1 2 1 1 1 1 0 0 0 0 0 1 2 1 1 1 1 0 0 0 0 0 1 1 1 1 1 1 0 0 0 0 0 1 1 1 1 1 1 0 0 0 0 0 1 1 1 1 1 1 0 0 0 0 0 1 1 1 1 1 1 0 0 0 0 0 1 1 1 1 1 1 0 0 0 0 0 1 1 1 1 1 1 0 0 0 0 0 1 1 1 1 1 0 0 0 0 0 0 1 1 1 1 1 0 0 0 0 0 0 0 1 1 1 1 0 0 0 0 0 0 0 1 1 1 1 0 0 0 0 0 0 0 1 1 1 1 0 0 0 0 0 0 0 1 1 1 1 0 0 0 0 0 0 0 1 1 1 1 0 0 0 0 0 0 0 1 1 1 1 0 0 0 0 0 0 0 1 1 1 1 0 0 0 0 0 0 0 1 1 1 1 0 0 0 0 0 0 0 1 1 1 1 0 0 0 0 0 0 0 1 1 1 1 0 0 0 0 0 0 0 1 1 1 0 0 0 0 0 0 0 0 0 1 1 0 0 0 0 0 0 0 0 0 1 1 0 0 0 0 0 0 0 0 0 1 1 0 0 0 0
estimated_attenuation.size=924
estimated_attenuation.data=0.00 0.00 0.00 0.00 0.00 0.00 0.00 0.00 0.00 0.00 0.00 0.00 0.00 0.00 0.00 0.00 0.00 0.00 0.00 0.00 0.00 0.00 0.00 0.00 0.00 0.00 0.00 0.00 0.00 0.00 0.00 0.00 0.00 0.00 0.00 0.00 0.00 0.00 0.00 0.00 0.00 0.00 0.00 0.00 0.00 0.00 0.00 0.00 0.00 0.00 0.00 0.00 0.00 0.00 0.00 0.00 0.00 0.00 0.00 0.00 0.00 0.00 0.00 0.00 0.00 0.00 0.00 0.00 0.00 0.00 0.00 0.00 0.00 0.00 0.00 0.00 0.00 0.00 0.00 0.00 0.00 0.00 0.00 0.00 0.00 0.00 0.00 0.00 0.00 0.00 0.00 0.00 0.00 0.00 0.00 0.00 0.00 0.00 0.00 0.00 0.00 0.00 0.00 0.00 0.00 0.00 0.00 0.00 0.00 0.00 0.00 0.00 0.00 0.00 0.00 0.00 0.00 0.00 0.00 0.00 0.00 0.00 0.00 0.00 0.00 0.00 0.00 0.00 0.00 0.00 0.00 0.00 0.00 0.00 0.00 0.00 0.00 0.00 0.00 0.00 0.00 0.00 0.00 0.00 0.00 0.00 0.00 0.00 0.00 0.00 0.00 0.00 0.00 0.00 0.00 0.00 0.00 0.00 0.00 0.00 0.00 0.00 0.00 0.00 0.00 0.00 0.00 0.00 0.00 0.00 0.00 0.00 0.00 0.00 0.00 0.00 0.00 0.00 0.00 0.00 0.00 0.00 0.00 0.00 0.00 0.00 0.00 0.00 0.00 0.00 0.00 0.00 0.00 0.00 0.00 0.00 0.00 0.00 0.00 0.00 0.00 0.00 0.00 0.00 0.00 0.00 0.00 0.00 0.00 0.00 0.00 0.00 0.00 0.00 0.00 0.00 0.00 0.00 0.00 0.00 0.00 0.00 0.00 0.00 0.00 0.00 0.00 0.00 0.00 0.00 0.00 0.00 0.00 0.00 0.00 0.00 0.00 0.00 0.00 0.00 0.00 0.00 0.00 0.00 0.00 0.00 0.00 0.00 0.00 0.00 0.00 0.00 0.00 0.00 0.00 0.00 0.00 0.00 0.00 0.00 0.00 0.00 0.00 0.00 0.00 0.00 0.00 0.00 0.00 0.00 0.00 0.00 0.00 0.00 0.00 0.00 0.00 0.00 0.00 0.00 0.00 0.00 0.00 0.00 0.00 0.00 0.00 0.00 0.00 0.00 0.00 0.00 0.00 0.00 0.00 0.00 0.00 0.00 0.00 0.00 0.00 0.00 0.00 0.00 0.00 0.00 0.00 0.00 0.00 0.00 0.00 0.00 0.00 0.00 0.00 0.00 0.00 0.00 0.00 0.00 0.00 0.00 0.00 0.00 0.00 0.00 0.00 0.00 0.00 0.00 0.00 0.00 0.00 0.00 0.00 0.00 0.00 0.00 0.00 0.00 0.00 0.00 0.00 0.00 0.00 0.00 0.00 0.00 0.00 0.00 0.00 0.00 0.00 0.00 0.00 0.00 0.00 0.00 0.00 0.00 0.00 0.00 0.00 0.00 0.00 0.00 0.00 0.00 0.00 0.00 0.00 0.00 0.00 0.00 0.00 0.00 0.00 0.00 0.00 0.00 0.00 0.00 0.00 0.00 0.00 0.00 0.00 0.00 0.00 0.00 0.00 0.00 0.00 0.00 0.00 0.00 0.00 0.00 0.00 0.00 0.00 0.00 0.00 0.00 0.00 0.00 0.00 0.00 0.00 0.00 0.00 0.00 0.00 0.00 0.00 0.00 0.00 0.00 0.00 0.00 0.00 0.00 0.00 0.00 0.00 0.00 0.00 0.00 0.00 0.00 0.00 0.00 0.00 0.00 0.00 0.00 0.00 0.00 0.00 0.00 0.00 0.00 0.00 0.00 0.00 0.00 0.00 0.00 0.00 0.00 0.00 0.00 0.00 0.00 0.00 0.00 0.00 0.00 0.00 0.00 0.00 0.00 0.00 0.00 0.00 0.00 0.00 0.00 0.00 0.00 0.00 0.00 0.00 0.00 0.00 0.00 0.00 0.00 0.00 0.00 0.00 0.00 0.00 0.00 0.00 0.00 0.00 0.00 0.00 0.00 0.00 0.00 0.00 0.00 0.00 0.00 0.00 0.00 0.00 0.00 0.00 0.00 0.00 0.00 0.00 0.00 0.00 0.00 0.00 0.00 0.00 0.00 0.00 0.00 0.00 0.00 0.00 0.00 0.00 0.00 0.00 0.00 0.00 0.00 0.00 0.00 0.00 0.00 0.00 0.00 0.00 0.00 0.00 0.00 0.00 0.00 0.00 0.00 0.00 0.00 0.00 0.00 0.00 0.00 0.00 0.00 0.00 0.00 0.00 0.00 0.00 0.00 0.00 0.00 0.00 0.00 0.00 0.00 0.00 0.00 0.00 0.00 0.00 0.00 0.00 0.00 0.00 0.00 0.00 0.00 0.00 0.00 0.00 0.00 0.00 0.00 0.00 0.00 0.00 0.00 0.00 0.00 0.00 0.00 0.00 0.00 0.00 0.00 0.00 0.00 0.00 0.00 0.00 0.00 0.00 0.00 0.00 0.00 0.00 0.00 0.00 0.00 0.00 0.00 0.00 0.00 0.00 0.00 0.00 0.00 0.00 0.00 0.00 0.00 0.00 0.00 0.00 0.00 0.00 0.00 0.00 0.00 0.00 0.00 0.00 0.00 0.00 0.00 0.00 0.00 0.00 0.00 0.00 0.00 0.00 0.00 0.00 0.00 0.00 0.00 0.00 0.00 0.00 0.00 0.00 0.00 0.00 0.00 0.00 0.00 0.00 0.00 0.00 0.00 0.00 0.00 0.00 0.00 0.00 0.00 0.00 0.00 0.00 0.00 0.00 0.00 0.00 0.00 0.00 0.00 0.00 0.00 0.00 0.00 0.00 0.00 0.00 0.00 0.00 0.00 0.00 0.00 0.00 0.00 0.00 0.00 0.00 0.00 0.00 0.00 0.00 0.00 0.00 0.00 0.00 0.00 0.00 0.00 0.00 0.00 0.00 0.00 0.00 0.00 0.00 0.00 0.00 0.00 0.00 0.00 0.00 0.00 0.00 0.00 0.00 0.00 0.00 0.00 0.00 0.00 0.00 0.00 0.00 0.00 0.00 0.00 0.00 0.00 0.00 0.00 0.00 0.00 0.00 0.00 0.00 0.00 0.00 0.00 0.00 0.00 0.00 0.00 0.00 0.00 0.00 0.00 0.00 0.00 0.00 0.00 0.00 0.00 0.00 0.00 0.00 0.00 0.00 0.00 0.00 0.00 0.00 0.00 0.00 0.00 0.00 0.00 0.00 0.00 0.00 0.00 0.00 0.00 0.00 0.00 0.00 0.00 0.00 0.00 0.00 0.00 0.00 0.00 0.00 0.00 0.00 0.00 0.00 0.00 0.00 0.00 0.00 0.00 0.00 0.00 0.00 0.00 0.00 0.00 0.00 0.00 0.00 0.00 0.00 0.00 0.00 0.00 0.00 0.00 0.00 0.00 0.00 0.00 0.00 0.00 0.00 0.00 0.00 0.00 0.00 0.00 0.00 0.00 0.00 0.00 0.00 0.00 0.00 0.00 0.00 0.00 0.00 0.00 0.00 0.00 0.00 0.00 0.00 0.00 0.00 0.00 0.00 0.00 0.00 0.00 0.00 0.00 0.00 0.00 0.00 0.00 0.00 0.00 0.00 0.00 0.00 0.00 0.00 0.00 0.00 0.00 0.00 0.00 0.00 0.00 0.00 0.00 0.00 0.00 0.00 0.00 0.00 0.00 0.00 0.00 0.00 0.00 0.00 0.00 0.00 0.00 0.00 0.00 0.00 0.00 0.00 0.00 0.00 0.00 0.00 0.00 0.00 0.00 0.00 0.00 0.00 0.00 0.00 0.00 0.00 0.00 0.00 0.00 0.00 0.00 0.00 0.00 0.00 0.00 0.00 0.00 0.00 0.00 0.00 0.00 0.00 0.00 0.00 0.00 0.00 0.00 0.00 0.00 0.00 0.00
height.size=924
height.data=32469.09 32469.09 32469.09 32469.09 32469.09 32469.09 32469.09 32469.09 32469.09 32469.09 32469.09 32517.52 32517.52 32517.52 32517.52 32517.52 32517.52 32517.52 32517.52 32517.52 32517.52 32517.52 32565.96 32565.96 32565.96 32565.96 32565.96 32565.96 32565.96 32565.96 32565.96 32565.96 32565.96 32614.41 32614.41 32614.41 32614.41 32614.41 32614.41 32614.41 32614.41 32614.41 32614.41 32614.41 32662.86 32662.86 32662.86 32662.86 32662.86 32662.86 32662.86 32662.86 32662.86 32662.86 32662.86 32711.32 32711.32 32711.32 32711.32 32711.32 32711.32 32711.32 32711.32 32711.32 32711.32 32711.32 32759.79 32759.79 32759.79 32759.79 32759.79 32759.79 32759.79 32759.79 32759.79 32759.79 32759.79 32808.26 32808.26 32808.26 32808.26 32808.26 32808.26 32808.26 32808.26 32808.26 32808.26 32808.26 32856.74 32856.74 32856.74 32856.74 32856.74 32856.74 32856.74 32856.74 32856.74 32856.74 32856.74 32905.23 32905.23 32905.23 32905.23 32905.23 32905.23 32905.23 32905.23 32905.23 32905.23 32905.23 32953.73 32953.73 32953.73 32953.73 32953.73 32953.73 32953.73 32953.73 32953.73 32953.73 32953.73 33002.23 33002.23 33002.23 33002.23 33002.23 33002.23 33002.23 33002.23 33002.23 33002.23 33002.23 33050.74 33050.74 33050.74 33050.74 33050.74 33050.74 33050.74 33050.74 33050.74 33050.74 33050.74 33099.26 33099.26 33099.26 33099.26 33099.26 33099.26 33099.26 33099.26 33099.26 33099.26 33099.26 33147.78 33147.78 33147.78 33147.78 33147.78 33147.78 33147.78 33147.78 33147.78 33147.78 33147.78 33196.31 33196.31 33196.31 33196.31 33196.31 33196.31 33196.31 33196.31 33196.31 33196.31 33196.31 33244.85 33244.85 33244.85 33244.85 33244.85 33244.85 33244.85 33244.85 33244.85 33244.85 33244.85 33293.40 33293.40 33293.40 33293.40 33293.40 33293.40 33293.40 33293.40 33293.40 33293.40 33293.40 33341.95 33341.95 33341.95 33341.95 33341.95 33341.95 33341.95 33341.95 33341.95 33341.95 33341.95 33390.51 33390.51 33390.51 33390.51 33390.51 33390.51 33390.51 33390.51 33390.51 33390.51 33390.51 33439.07 33439.07 33439.07 33439.07 33439.07 33439.07 33439.07 33439.07 33439.07 33439.07 33439.07 33487.65 33487.65 33487.65 33487.65 33487.65 33487.65 33487.65 33487.65 33487.65 33487.65 33487.65 33536.23 33536.23 33536.23 33536.23 33536.23 33536.23 33536.23 33536.23 33536.23 33536.23 33536.23 33584.82 33584.82 33584.82 33584.82 33584.82 33584.82 33584.82 33584.82 33584.82 33584.82 33584.82 33633.41 33633.41 33633.41 33633.41 33633.41 33633.41 33633.41 33633.41 33633.41 33633.41 33633.41 33682.01 33682.01 33682.01 33682.01 33682.01 33682.01 33682.01 33682.01 33682.01 33682.01 33682.01 33730.62 33730.62 33730.62 33730.62 33730.62 33730.62 33730.62 33730.62 33730.62 33730.62 33730.62 33779.24 33779.24 33779.24 33779.24 33779.24 33779.24 33779.24 33779.24 33779.24 33779.24 33779.24 33827.86 33827.86 33827.86 33827.86 33827.86 33827.86 33827.86 33827.86 33827.86 33827.86 33827.86 33876.49 33876.49 33876.49 33876.49 33876.49 33876.49 33876.49 33876.49 33876.49 33876.49 33876.49 33925.12 33925.12 33925.12 33925.12 33925.12 33925.12 33925.12 33925.12 33925.12 33925.12 33925.12 33973.77 33973.77 33973.77 33973.77 33973.77 33973.77 33973.77 33973.77 33973.77 33973.77 33973.77 34022.42 34022.42 34022.42 34022.42 34022.42 34022.42 34022.42 34022.42 34022.42 34022.42 34022.42 34071.08 34071.08 34071.08 34071.08 34071.08 34071.08 34071.08 34071.08 34071.08 34071.08 34071.08 34119.74 34119.74 34119.74 34119.74 34119.74 34119.74 34119.74 34119.74 34119.74 34119.74 34119.74 34168.41 34168.41 34168.41 34168.41 34168.41 34168.41 34168.41 34168.41 34168.41 34168.41 34168.41 34217.09 34217.09 34217.09 34217.09 34217.09 34217.09 34217.09 34217.09 34217.09 34217.09 34217.09 34265.78 34265.78 34265.78 34265.78 34265.78 34265.78 34265.78 34265.78 34265.78 34265.78 34265.78 34314.47 34314.47 34314.47 34314.47 34314.47 34314.47 34314.47 34314.47 34314.47 34314.47 34314.47 34363.17 34363.17 34363.17 34363.17 34363.17 34363.17 34363.17 34363.17 34363.17 34363.17 34363.17 34411.88 34411.88 34411.88 34411.88 34411.88 34411.88 34411.88 34411.88 34411.88 34411.88 34411.88 34460.59 34460.59 34460.59 34460.59 34460.59 34460.59 34460.59 34460.59 34460.59 34460.59 34460.59 34509.32 34509.32 34509.32 34509.32 34509.32 34509.32 34509.32 34509.32 34509.32 34509.32 34509.32 34558.04 34558.04 34558.04 34558.04 34558.04 34558.04 34558.04 34558.04 34558.04 34558.04 34558.04 34606.78 34606.78 34606.78 34606.78 34606.78 34606.78 34606.78 34606.78 34606.78 34606.78 34606.78 34655.52 34655.52 34655.52 34655.52 34655.52 34655.52 34655.52 34655.52 34655.52 34655.52 34655.52 34704.27 34704.27 34704.27 34704.27 34704.27 34704.27 34704.27 34704.27 34704.27 34704.27 34704.27 34753.03 34753.03 34753.03 34753.03 34753.03 34753.03 34753.03 34753.03 34753.03 34753.03 34753.03 34801.79 34801.79 34801.79 34801.79 34801.79 34801.79 34801.79 34801.79 34801.79 34801.79 34801.79 34850.56 34850.56 34850.56 34850.56 34850.56 34850.56 34850.56 34850.56 34850.56 34850.56 34850.56 34899.34 34899.34 34899.34 34899.34 34899.34 34899.34 34899.34 34899.34 34899.34 34899.34 34899.34 34948.13 34948.13 34948.13 34948.13 34948.13 34948.13 34948.13 34948.13 34948.13 34948.13 34948.13 34996.92 34996.92 34996.92 34996.92 34996.92 34996.92 34996.92 34996.92 34996.92 34996.92 34996.92 35045.72 35045.72 35045.72 35045.72 35045.72 35045.72 35045.72 35045.72 35045.72 35045.72 35045.72 35094.52 35094.52 35094.52 35094.52 35094.52 35094.52 35094.52 35094.52 35094.52 35094.52 35094.52 35143.33 35143.33 35143.33 35143.33 35143.33 35143.33 35143.33 35143.33 35143.33 35143.33 35143.33 35192.15 35192.15 35192.15 35192.15 35192.15 35192.15 35192.15 35192.15 35192.15 35192.15 35192.15 35240.98 35240.98 35240.98 35240.98 35240.98 35240.98 35240.98 35240.98 35240.98 35240.98 35240.98 35289.82 35289.82 35289.82 35289.82 35289.82 35289.82 35289.82 35289.82 35289.82 35289.82 35289.82 35338.66 35338.66 35338.66 35338.66 35338.66 35338.66 35338.66 35338.66 35338.66 35338.66 35338.66 35387.51 35387.51 35387.51 35387.51 35387.51 35387.51 35387.51 35387.51 35387.51 35387.51 35387.51 35436.36 35436.36 35436.36 35436.36 35436.36 35436.36 35436.36 35436.36 35436.36 35436.36 35436.36 35485.22 35485.22 35485.22 35485.22 35485.22 35485.22 35485.22 35485.22 35485.22 35485.22 35485.22 35534.09 35534.09 35534.09 35534.09 35534.09 35534.09 35534.09 35534.09 35534.09 35534.09 35534.09 35582.97 35582.97 35582.97 35582.97 35582.97 35582.97 35582.97 35582.97 35582.97 35582.97 35582.97 35631.85 35631.85 35631.85 35631.85 35631.85 35631.85 35631.85 35631.85 35631.85 35631.85 35631.85 35680.74 35680.74 35680.74 35680.74 35680.74 35680.74 35680.74 35680.74 35680.74 35680.74 35680.74 35729.64 35729.64 35729.64 35729.64 35729.64 35729.64 35729.64 35729.64 35729.64 35729.64 35729.64 35778.55 35778.55 35778.55 35778.55 35778.55 35778.55 35778.55 35778.55 35778.55 35778.55 35778.55 35827.46 35827.46 35827.46 35827.46 35827.46 35827.46 35827.46 35827.46 35827.46 35827.46 35827.46 35876.38 35876.38 35876.38 35876.38 35876.38 35876.38 35876.38 35876.38 35876.38 35876.38 35876.38 35925.30 35925.30 35925.30 35925.30 35925.30 35925.30 35925.30 35925.30 35925.30 35925.30 35925.30 35974.23 35974.23 35974.23 35974.23 35974.23 35974.23 35974.23 35974.23 35974.23 35974.23 35974.23 36023.17 36023.17 36023.17 36023.17 36023.17 36023.17 36023.17 36023.17 36023.17 36023.17 36023.17 36072.12 36072.12 36072.12 36072.12 36072.12 36072.12 36072.12 36072.12 36072.12 36072.12 36072.12 36121.07 36121.07 36121.07 36121.07 36121.07 36121.07 36121.07 36121.07 36121.07 36121.07 36121.07 36170.04 36170.04 36170.04 36170.04 36170.04 36170.04 36170.04 36170.04 36170.04 36170.04 36170.04 36219.00 36219.00 36219.00 36219.00 36219.00 36219.00 36219.00 36219.00 36219.00 36219.00 36219.00 36267.98 36267.98 36267.98 36267.98 36267.98 36267.98 36267.98 36267.98 36267.98 36267.98 36267.98 36316.96 36316.96 36316.96 36316.96 36316.96 36316.96 36316.96 36316.96 36316.96 36316.96 36316.96 36365.95 36365.95 36365.95 36365.95 36365.95 36365.95 36365.95 36365.95 36365.95 36365.95 36365.95 36414.95 36414.95 36414.95 36414.95 36414.95 36414.95 36414.95 36414.95 36414.95 36414.95 36414.95 36463.95 36463.95 36463.95 36463.95 36463.95 36463.95 36463.95 36463.95 36463.95 36463.95 36463.95 36512.96 36512.96 36512.96 36512.96 36512.96 36512.96 36512.96 36512.96 36512.96 36512.96 36512.96
=== END RADAR_SCAN ===

=== BEGIN RADAR_SCAN ===
scan.index=11
scan.time=168.330000
radar.id=0
radar.frequency=C
radar.scanning_mode=PPI
radar.x=0.000
radar.y=0.000
radar.z=25.000
radar.maximum_range=250000.000
radar.range_resolution=250.000
radar.angular_resolution=1.000000
box.radar_id=0
box.min_range_gate=701.000
box.max_range_gate=782.000
box.min_angle=97.000000
box.max_angle=108.000000
box.num_ranges=82
box.num_angles=11
box.range_resolution=250.000
box.angular_resolution=1.000000
box.other_angle=6.000000
grid.size=902
grid.data=0.00 0.00 0.00 0.00 0.00 0.00 0.00 0.00 0.00 0.00 0.00 0.00 0.00 0.00 0.00 0.00 0.00 0.00 0.00 0.00 0.00 0.00 0.00 0.00 0.00 0.00 0.00 0.00 0.00 0.00 0.00 0.00 0.00 0.00 0.00 0.00 0.00 0.00 0.36 0.25 0.00 0.00 0.00 0.00 0.00 0.00 0.00 0.00 0.00 -0.38 -0.30 0.00 0.00 0.00 0.00 0.00 0.00 0.00 0.00 0.00 -0.25 0.96 0.00 0.00 0.00 0.00 0.00 0.00 0.00 0.00 -0.97 -0.63 -0.20 0.00 0.00 0.00 0.00 0.00 0.00 0.00 0.00 0.99 -0.84 0.41 0.00 0.00 0.00 0.00 0.00 0.00 0.00 0.00 0.74 -0.61 -0.11 -1.24 0.00 0.00 0.00 0.00 0.00 0.00 0.00 -0.91 -0.49 0.63 0.50 0.00 0.00 0.00 0.00 0.00 0.00 0.00 1.12 0.68 -0.64 -0.80 0.00 0.00 0.00 0.00 0.00 0.00 0.00 1.33 1.26 1.01 -1.76 0.00 0.00 0.00 0.00 0.00 0.00 0.00 -0.84 0.44 -1.84 0.06 0.00 0.00 0.00 0.00 0.00 0.00 0.00 0.31 -0.86 -0.42 0.34 0.00 0.00 0.00 0.00 0.00 0.00 0.00 0.49 0.47 -0.05 0.08 0.00 0.00 0.00 0.00 0.00 0.00 0.00 0.37 -0.07 -0.32 -0.73 0.00 0.00 0.00 0.00 0.00 0.00 -0.78 1.12 0.87 -0.90 -0.48 0.00 0.00 0.00 0.00 0.00 0.00 -1.56 -1.01 0.56 -1.37 0.25 0.00 0.00 0.00 0.00 0.00 0.00 0.24 -0.66 0.66 0.24 -0.72 0.00 0.00 0.00 0.00 0.00 0.00 -0.59 0.40 -0.17 -0.76 0.77 0.00 0.00 0.00 0.00 0.00 0.00 -0.17 0.60 0.06 0.92 0.63 -0.94 0.00 0.00 0.00 0.00 0.00 -0.18 -0.68 -0.10 0.80 -0.04 -0.74 0.00 0.00 0.00 0.00 0.00 -0.01 1.14 0.26 0.74 1.06 -0.42 0.00 0.00 0.00 0.00 0.00 0.24 -0.48 0.42 -1.27 0.14 0.91 0.00 0.00 0.00 0.00 0.00 -0.19 -0.31 0.48 -0.39 -0.13 -0.53 0.00 0.00 0.00 0.00 0.00 0.17 0.45 0.03 1.83 0.40 0.02 0.00 0.00 0.00 0.00 0.00 -0.44 0.63 -1.37 -0.90 -0.03 -0.12 0.00 0.00 0.00 0.00 0.00 0.06 -0.18 -0.05 -0.31 -0.47 0.81 0.00 0.00 0.00 0.00 0.00 -1.07 -0.02 0.75 0.10 -0.62 -0.04 0.00 0.00 0.00 0.00 0.00 -1.20 0.70 -0.53 1.00 0.62 -1.39 0.00 0.00 0.00 0.00 0.00 -0.96 -0.61 -0.48 -1.41 -0.87 -0.79 0.00 0.00 0.00 0.00 0.00 -1.30 0.64 0.91 -1.30 1.99 1.14 0.00 0.00 0.00 0.00 0.00 -0.01 -0.89 -0.91 -0.09 -0.39 0.45 0.00 0.00 0.00 0.00 0.00 0.67 1.25 0.06 -1.06 -1.50 0.68 0.00 0.00 0.00 0.00 0.00 0.44 -0.95 -0.57 -0.31 -0.88 0.33 0.00 0.00 0.00 0.00 0.00 0.60 1.29 0.50 -0.40 -0.18 0.39 0.00 0.00 0.00 0.00 0.00 0.35 -1.76 -0.19 0.47 0.29 -0.23 0.00 0.00 0.00 0.00 0.00 1.70 -0.39 1.33 -0.46 0.08 -1.78 0.00 0.00 0.00 0.00 0.00 0.29 0.20 0.44 0.22 -0.92 0.45 0.00 0.00 0.00 0.00 0.00 -0.92 0.70 1.53 -1.28 0.81 0.79 0.00 0.00 0.00 0.00 0.00 0.01 0.28 0.96 0.08 0.14 -0.64 0.00 0.00 0.00 0.00 0.00 0.70 -1.58 -0.08 -0.19 -0.63 1.11 0.00 0.00 0.00 0.00 0.00 1.10 -0.83 -0.18 -0.65 0.74 0.18 0.00 0.00 0.00 0.00 0.00 1.23 -0.47 0.68 0.02 -0.23 1.28 0.00 0.00 0.00 0.00 0.00 -1.08 -0.36 -0.88 -1.04 0.20 1.50 0.00 0.00 0.00 0.00 0.00 -0.50 -0.79 -0.22 0.06 0.25 0.06 0.00 0.00 0.00 0.00 0.00 -0.94 0.02 -1.11 -0.66 -0.58 -0.29 0.00 0.00 0.00 0.00 0.00 -0.32 0.08 -0.52 0.44 -0.15 -0.63 0.00 0.00 0.00 0.00 0.00 0.31 0.53 0.95 0.14 1.02 1.03 0.00 0.00 0.00 0.00 0.00 -0.93 0.32 0.24 1.07 0.36 -1.75 0.00 0.00 0.00 0.00 0.00 1.12 -0.06 -1.26 -0.83 0.22 -0.78 0.00 0.00 0.00 0.00 0.00 0.00 1.13 0.01 -1.18 -0.38 -1.33 0.00 0.00 0.00 0.00 0.00 1.30 0.69 0.24 0.04 0.79 1.01 0.00 0.00 0.00 0.00 0.00 -0.51 0.47 0.54 -0.56 0.39 -0.78 0.00 0.00 0.00 0.00 0.00 -0.37 -0.43 0.19 1.63 -0.57 -0.70 0.00 0.00 0.00 0.00 0.00 -0.63 -0.98 -0.16 0.43 0.33 0.25 0.00 0.00 0.00 0.00 0.00 -0.54 0.03 -0.19 -1.77 0.90 -0.46 0.00 0.00 0.00 0.00 0.00 -0.88 -0.46 0.18 -0.31 -1.36 0.56 0.00 0.00 0.00 0.00 0.00 -0.83 0.31 0.44 0.96 0.98 -0.95 0.00 0.00 0.00 0.00 0.00 0.02 0.21 0.47 0.83 -0.51 -0.12 0.00 0.00 0.00 0.00 0.00 -0.62 1.53 -1.02 1.42 0.15 -0.66 0.00 0.00 0.00 0.00 0.00 1.13 0.52 0.82 -0.79 0.59 0.59 0.00 0.00 0.00 0.00 0.00 -0.49 -0.20 -0.67 0.43 -0.40 -0.83 0.00 0.00 0.00 0.00 0.00 -0.16 -0.19 -0.51 1.13 1.40 0.95 0.00 0.00 0.00 0.00 0.00 0.07 -0.97 -0.08 0.05 -0.95 0.00 0.00 0.00 0.00 0.00 0.00 0.73 -0.55 -0.26 0.64 0.01 0.00 0.00 0.00 0.00 0.00 0.00 0.92 -0.78 0.32 0.76 -0.27 0.00 0.00 0.00 0.00 0.00 0.00 -0.39 -0.87 0.52 0.37 1.07 0.00 0.00 0.00 0.00 0.00 0.00 0.00 0.80 0.29 -0.89 -1.06 0.00 0.00 0.00 0.00 0.00 0.00 0.00 -0.14 0.12 -0.39 -1.01 0.00 0.00 0.00 0.00 0.00 0.00 0.00 1.01 -0.32 0.16 0.45 0.00 0.00 0.00 0.00 0.00 0.00 0.00 -0.97 1.17 1.79 0.32 0.00 0.00 0.00 0.00 0.00 0.00 0.00 0.41 -0.47 1.38 0.47 0.00 0.00 0.00 0.00 0.00 0.00 0.00 1.62 0.57 -0.05 -0.16 0.00 0.00 0.00 0.00 0.00 0.00 0.00 1.51 -0.14 1.16 -0.40 0.00 0.00 0.00 0.00 0.00 0.00 0.00 -0.11 -0.64 0.64 -0.00 0.00 0.00 0.00 0.00 0.00 0.00 0.00 -0.30 0.54 -0.95 -0.03 0.00 0.00 0.00 0.00 0.00 0.00 0.00 -0.13 0.52 1.42 0.00 0.00 0.00 0.00 0.00 0.00 0.00 0.00 0.00 -0.10 -1.88 0.00 0.00 0.00 0.00 0.00 0.00 0.00 0.00 0.00 0.01 -0.18 0.00 0.00 0.00 0.00 0.00 0.00 0.00 0.00 0.00 -0.53 -0.30 0.00 0.00 0.00 0.00 0.00 0.00 0.00 0.00 0.00 -0.20 0.43 0.00 0.00 0.00 0.00
rain_type.data=0 0 0 0 0 0 0 0 0 0 0 0 0 0 0 0 0 0 0 0 0 0 0 0 0 0 0 0 0 0 0 0 0 0 0 0 0 0 1 1 0 0 0 0 0 0 0 0 0 1 1 0 0 0 0 0 0 0 0 0 1 1 0 0 0 0 0 0 0 0 1 1 1 0 0 0 0 0 0 0 0 1 1 1 0 0 0 0 0 0 0 0 1 1 1 1 0 0 0 0 0 0 0 1 1 1 1 0 0 0 0 0 0 0 1 1 1 1 0 0 0 0 0 0 0 1 1 1 1 0 0 0 0 0 0 0 1 1 1 1 0 0 0 0 0 0 0 1 1 1 1 0 0 0 0 0 0 0 1 1 1 1 0 0 0 0 0 0 0 1 1 1 1 0 0 0 0 0 0 1 1 1 1 1 0 0 0 0 0 0 1 1 1 1 1 0 0 0 0 0 0 1 2 1 1 1 0 0 0 0 0 0 1 2 1 1 1 0 0 0 0 0 0 1 2 1 1 1 1 0 0 0 0 0 1 2 1 1 1 1 0 0 0 0 0 2 2 1 1 1 1 0 0 0 0 0 2 2 1 1 1 1 0 0 0 0 0 2 2 2 1 1 1 0 0 0 0 0 2 2 2 1 1 1 0 0 0 0 0 2 2 2 1 1 1 0 0 0 0 0 2 2 2 1 1 1 0 0 0 0 0 2 2 2 1 1 1 0 0 0 0 0 2 2 2 1 1 1 0 0 0 0 0 2 2 2 1 1 1 0 0 0 0 0 2 2 2 1 1 1 0 0 0 0 0 2 2 2 1 1 1 0 0 0 0 0 2 2 2 1 1 1 0 0 0 0 0 2 2 2 1 1 1 0 0 0 0 0 2 2 2 1 1 1 0 0 0 0 0 2 2 2 1 1 1 0 0 0 0 0 2 2 2 1 1 1 0 0 0 0 0 2 2 2 1 1 1 0 0 0 0 0 2 2 2 1 1 1 0 0 0 0 0 2 2 2 1 1 1 0 0 0 0 0 2 2 2 1 1 1 0 0 0 0 0 2 2 2 1 1 1 0 0 0 0 0 2 2 2 1 1 1 0 0 0 0 0 2 2 2 1 1 1 0 0 0 0 0 2 2 2 1 1 1 0 0 0 0 0 2 2 2 1 1 1 0 0 0 0 0 2 2 2 1 1 1 0 0 0 0 0 2 2 2 1 1 1 0 0 0 0 0 2 2 2 1 1 1 0 0 0 0 0 2 2 2 1 1 1 0 0 0 0 0 2 2 2 1 1 1 0 0 0 0 0 2 2 2 1 1 1 0 0 0 0 0 2 2 1 1 1 1 0 0 0 0 0 2 2 1 1 1 1 0 0 0 0 0 1 2 1 1 1 1 0 0 0 0 0 1 2 1 1 1 1 0 0 0 0 0 1 2 1 1 1 1 0 0 0 0 0 1 2 1 1 1 1 0 0 0 0 0 1 1 1 1 1 1 0 0 0 0 0 1 1 1 1 1 1 0 0 0 0 0 1 1 1 1 1 1 0 0 0 0 0 1 1 1 1 1 1 0 0 0 0 0 1 1 1 1 1 1 0 0 0 0 0 1 1 1 1 1 0 0 0 0 0 0 1 1 1 1 1 0 0 0 0 0 0 1 1 1 1 1 0 0 0 0 0 0 1 1 1 1 1 0 0 0 0 0 0 0 1 1 1 1 0 0 0 0 0 0 0 1 1 1 1 0 0 0 0 0 0 0 1 1 1 1 0 0 0 0 0 0 0 1 1 1 1 0 0 0 0 0 0 0 1 1 1 1 0 0 0 0 0 0 0 1 1 1 1 0 0 0 0 0 0 0 1 1 1 1 0 0 0 0 0 0 0 1 1 1 1 0 0 0 0 0 0 0 1 1 1 1 0 0 0 0 0 0 0 1 1 1 0 0 0 0 0 0 0 0 0 1 1 0 0 0 0 0 0 0 0 0 1 1 0 0 0 0 0 0 0 0 0 1 1 0 0 0 0 0 0 0 0 0 1 1 0 0 0 0
estimated_attenuation.size=902
estimated_attenuation.data=0.00 0.00 0.00 0.00 0.00 0.00 0.00 0.00 0.00 0.00 0.00 0.00 0.00 0.00 0.00 0.00 0.00 0.00 0.00 0.00 0.00 0.00 0.00 0.00 0.00 0.00 0.00 0.00 0.00 0.00 0.00 0.00 0.00 0.00 0.00 0.00 0.00 0.00 0.00 0.00 0.00 0.00 0.00 0.00 0.00 0.00 0.00 0.00 0.00 0.00 0.00 0.00 0.00 0.00 0.00 0.00 0.00 0.00 0.00 0.00 0.00 0.00 0.00 0.00 0.00 0.00 0.00 0.00 0.00 0.00 0.00 0.00 0.00 0.00 0.00 0.00 0.00 0.00 0.00 0.00 0.00 0.00 0.00 0.00 0.00 0.00 0.00 0.00 0.00 0.00 0.00 0.00 0.00 0.00 0.00 0.00 0.00 0.00 0.00 0.00 0.00 0.00 0.00 0.00 0.00 0.00 0.00 0.00 0.00 0.00 0.00 0.00 0.00 0.00 0.00 0.00 0.00 0.00 0.00 0.00 0.00 0.00 0.00 0.00 0.00 0.00 0.00 0.00 0.00 0.00 0.00 0.00 0.00 0.00 0.00 0.00 0.00 0.00 0.00 0.00 0.00 0.00 0.00 0.00 0.00 0.00 0.00 0.00 0.00 0.00 0.00 0.00 0.00 0.00 0.00 0.00 0.00 0.00 0.00 0.00 0.00 0.00 0.00 0.00 0.00 0.00 0.00 0.00 0.00 0.00 0.00 0.00 0.00 0.00 0.00 0.00 0.00 0.00 0.00 0.00 0.00 0.00 0.00 0.00 0.00 0.00 0.00 0.00 0.00 0.00 0.00 0.00 0.00 0.00 0.00 0.00 0.00 0.00 0.00 0.00 0.00 0.00 0.00 0.00 0.00 0.00 0.00 0.00 0.00 0.00 0.00 0.00 0.00 0.00 0.00 0.00 0.00 0.00 0.00 0.00 0.00 0.00 0.00 0.00 0.00 0.00 0.00 0.00 0.00 0.00 0.00 0.00 0.00 0.00 0.00 0.00 0.00 0.00 0.00 0.00 0.00 0.00 0.00 0.00 0.00 0.00 0.00 0.00 0.00 0.00 0.00 0.00 0.00 0.00 0.00 0.00 0.00 0.00 0.00 0.00 0.00 0.00 0.00 0.00 0.00 0.00 0.00 0.00 0.00 0.00 0.00 0.00 0.00 0.00 0.00 0.00 0.00 0.00 0.00 0.00 0.00 0.00 0.00 0.00 0.00 0.00 0.00 0.00 0.00 0.00 0.00 0.00 0.00 0.00 0.00 0.00 0.00 0.00 0.00 0.00 0.00 0.00 0.00 0.00 0.00 0.00 0.00 0.00 0.00 0.00 0.00 0.00 0.00 0.00 0.00 0.00 0.00 0.00 0.00 0.00 0.00 0.00 0.00 0.00 0.00 0.00 0.00 0.00 0.00 0.00 0.00 0.00 0.00 0.00 0.00 0.00 0.00 0.00 0.00 0.00 0.00 0.00 0.00 0.00 0.00 0.00 0.00 0.00 0.00 0.00 0.00 0.00 0.00 0.00 0.00 0.00 0.00 0.00 0.00 0.00 0.00 0.00 0.00 0.00 0.00 0.00 0.00 0.00 0.00 0.00 0.00 0.00 0.00 0.00 0.00 0.00 0.00 0.00 0.00 0.00 0.00 0.00 0.00 0.00 0.00 0.00 0.00 0.00 0.00 0.00 0.00 0.00 0.00 0.00 0.00 0.00 0.00 0.00 0.00 0.00 0.00 0.00 0.00 0.00 0.00 0.00 0.00 0.00 0.00 0.00 0.00 0.00 0.00 0.00 0.00 0.00 0.00 0.00 0.00 0.00 0.00 0.00 0.00 0.00 0.00 0.00 0.00 0.00 0.00 0.00 0.00 0.00 0.00 0.00 0.00 0.00 0.00 0.00 0.00 0.00 0.00 0.00 0.00 0.00 0.00 0.00 0.00 0.00 0.00 0.00 0.00 0.00 0.00 0.00 0.00 0.00 0.00 0.00 0.00 0.00 0.00 0.00 0.00 0.00 0.00 0.00 0.00 0.00 0.00 0.00 0.00 0.00 0.00 0.00 0.00 0.00 0.00 0.00 0.00 0.00 0.00 0.00 0.00 0.00 0.00 0.00 0.00 0.00 0.00 0.00 0.00 0.00 0.00 0.00 0.00 0.00 0.00 0.00 0.00 0.00 0.00 0.00 0.00 0.00 0.00 0.00 0.00 0.00 0.00 0.00 0.00 0.00 0.00 0.00 0.00 0.00 0.00 0.00 0.00 0.00 0.00 0.00 0.00 0.00 0.00 0.00 0.00 0.00 0.00 0.00 0.00 0.00 0.00 0.00 0.00 0.00 0.00 0.00 0.00 0.00 0.00 0.00 0.00 0.00 0.00 0.00 0.00 0.00 0.00 0.00 0.00 0.00 0.00 0.00 0.00 0.00 0.00 0.00 0.00 0.00 0.00 0.00 0.00 0.00 0.00 0.00 0.00 0.00 0.00 0.00 0.00 0.00 0.00 0.00 0.00 0.00 0.00 0.00 0.00 0.00 0.00 0.00 0.00 0.00 0.00 0.00 0.00 0.00 0.00 0.00 0.00 0.00 0.00 0.00 0.00 0.00 0.00 0.00 0.00 0.00 0.00 0.00 0.00 0.00 0.00 0.00 0.00 0.00 0.00 0.00 0.00 0.00 0.00 0.00 0.00 0.00 0.00 0.00 0.00 0.00 0.00 0.00 0.00 0.00 0.00 0.00 0.00 0.00 0.00 0.00 0.00 0.00 0.00 0.00 0.00 0.00 0.00 0.00 0.00 0.00 0.00 0.00 0.00 0.00 0.00 0.00 0.00 0.00 0.00 0.00 0.00 0.00 0.00 0.00 0.00 0.00 0.00 0.00 0.00 0.00 0.00 0.00 0.00 0.00 0.00 0.00 0.00 0.00 0.00 0.00 0.00 0.00 0.00 0.00 0.00 0.00 0.00 0.00 0.00 0.00 0.00 0.00 0.00 0.00 0.00 0.00 0.00 0.00 0.00 0.00 0.00 0.00 0.00 0.00 0.00 0.00 0.00 0.00 0.00 0.00 0.00 0.00 0.00 0.00 0.00 0.00 0.00 0.00 0.00 0.00 0.00 0.00 0.00 0.00 0.00 0.00 0.00 0.00 0.00 0.00 0.00 0.00 0.00 0.00 0.00 0.00 0.00 0.00 0.00 0.00 0.00 0.00 0.00 0.00 0.00 0.00 0.00 0.00 0.00 0.00 0.00 0.00 0.00 0.00 0.00 0.00 0.00 0.00 0.00 0.00 0.00 0.00 0.00 0.00 0.00 0.00 0.00 0.00 0.00 0.00 0.00 0.00 0.00 0.00 0.00 0.00 0.00 0.00 0.00 0.00 0.00 0.00 0.00 0.00 0.00 0.00 0.00 0.00 0.00 0.00 0.00 0.00 0.00 0.00 0.00 0.00 0.00 0.00 0.00 0.00 0.00 0.00 0.00 0.00 0.00 0.00 0.00 0.00 0.00 0.00 0.00 0.00 0.00 0.00 0.00 0.00 0.00 0.00 0.00 0.00 0.00 0.00 0.00 0.00 0.00 0.00 0.00 0.00 0.00 0.00 0.00 0.00 0.00 0.00 0.00 0.00 0.00 0.00 0.00 0.00 0.00 0.00 0.00 0.00 0.00 0.00 0.00 0.00 0.00 0.00 0.00 0.00 0.00 0.00 0.00 0.00 0.00 0.00 0.00 0.00 0.00 0.00 0.00 0.00 0.00 0.00 0.00 0.00 0.00 0.00 0.00 0.00 0.00 0.00 0.00 0.00 0.00 0.00 0.00 0.00 0.00 0.00 0.00 0.00 0.00 0.00 0.00 0.00 0.00 0.00 0.00 0.00 0.00 0.00 0.00 0.00 0.00 0.00 0.00 0.00 0.00 0.00 0.00 0.00 0.00 0.00 0.00 0.00 0.00 0.00 0.00 0.00
height.size=902
height.data=20102.58 20102.58 20102.58 20102.58 20102.58 20102.58 20102.58 20102.58 20102.58 20102.58 20102.58 20133.79 20133.79 20133.79 20133.79 20133.79 20133.79 20133.79 20133.79 20133.79 20133.79 20133.79 20165.02 20165.02 20165.02 20165.02 20165.02 20165.02 20165.02 20165.02 20165.02 20165.02 20165.02 20196.26 20196.26 20196.26 20196.26 20196.26 20196.26 20196.26 20196.26 20196.26 20196.26 20196.26 20227.50 20227.50 20227.50 20227.50 20227.50 20227.50 20227.50 20227.50 20227.50 20227.50 20227.50 20258.75 20258.75 20258.75 20258.75 20258.75 20258.75 20258.75 20258.75 20258.75 20258.75 20258.75 20290.00 20290.00 20290.00 20290.00 20290.00 20290.00 20290.00 20290.00 20290.00 20290.00 20290.00 20321.26 20321.26 20321.26 20321.26 20321.26 20321.26 20321.26 20321.26 20321.26 20321.26 20321.26 20352.53 20352.53 20352.53 20352.53 20352.53 20352.53 20352.53 20352.53 20352.53 20352.53 20352.53 20383.81 20383.81 20383.81 20383.81 20383.81 20383.81 20383.81 20383.81 20383.81 20383.81 20383.81 20415.10 20415.10 20415.10 20415.10 20415.10 20415.10 20415.10 20415.10 20415.10 20415.10 20415.10 20446.39 20446.39 20446.39 20446.39 20446.39 20446.39 20446.39 20446.39 20446.39 20446.39 20446.39 20477.69 20477.69 20477.69 20477.69 20477.69 20477.69 20477.69 20477.69 20477.69 20477.69 20477.69 20508.99 20508.99 20508.99 20508.99 20508.99 20508.99 20508.99 20508.99 20508.99 20508.99 20508.99 20540.31 20540.31 20540.31 20540.31 20540.31 20540.31 20540.31 20540.31 20540.31 20540.31 20540.31 20571.63 20571.63 20571.63 20571.63 20571.63 20571.63 20571.63 20571.63 20571.63 20571.63 20571.63 20602.95 20602.95 20602.95 20602.95 20602.95 20602.95 20602.95 20602.95 20602.95 20602.95 20602.95 20634.29 20634.29 20634.29 20634.29 20634.29 20634.29 20634.29 20634.29 20634.29 20634.29 20634.29 20665.63 20665.63 20665.63 20665.63 20665.63 20665.63 20665.63 20665.63 20665.63 20665.63 20665.63 20696.98 20696.98 20696.98 20696.98 20696.98 20696.98 20696.98 20696.98 20696.98 20696.98 20696.98 20728.34 20728.34 20728.34 20728.34 20728.34 20728.34 20728.34 20728.34 20728.34 20728.34 20728.34 20759.70 20759.70 20759.70 20759.70 20759.70 20759.70 20759.70 20759.70 20759.70 20759.70 20759.70 20791.07 20791.07 20791.07 20791.07 20791.07 20791.07 20791.07 20791.07 20791.07 20791.07 20791.07 20822.45 20822.45 20822.45 20822.45 20822.45 20822.45 20822.45 20822.45 20822.45 20822.45 20822.45 20853.84 20853.84 20853.84 20853.84 20853.84 20853.84 20853.84 20853.84 20853.84 20853.84 20853.84 20885.23 20885.23 20885.23 20885.23 20885.23 20885.23 20885.23 20885.23 20885.23 20885.23 20885.23 20916.63 20916.63 20916.63 20916.63 20916.63 20916.63 20916.63 20916.63 20916.63 20916.63 20916.63 20948.04 20948.04 20948.04 20948.04 20948.04 20948.04 20948.04 20948.04 20948.04 20948.04 20948.04 20979.45 20979.45 20979.45 20979.45 20979.45 20979.45 20979.45 20979.45 20979.45 20979.45 20979.45 21010.87 21010.87 21010.87 21010.87 21010.87 21010.87 21010.87 21010.87 21010.87 21010.87 21010.87 21042.30 21042.30 21042.30 21042.30 21042.30 21042.30 21042.30 21042.30 21042.30 21042.30 21042.30 21073.74 21073.74 21073.74 21073.74 21073.74 21073.74 21073.74 21073.74 21073.74 21073.74 21073.74 21105.18 21105.18 21105.18 21105.18 21105.18 21105.18 21105.18 21105.18 21105.18 21105.18 21105.18 21136.63 21136.63 21136.63 21136.63 21136.63 21136.63 21136.63 21136.63 21136.63 21136.63 21136.63 21168.09 21168.09 21168.09 21168.09 21168.09 21168.09 21168.09 21168.09 21168.09 21168.09 21168.09 21199.56 21199.56 21199.56 21199.56 21199.56 21199.56 21199.56 21199.56 21199.56 21199.56 21199.56 21231.03 21231.03 21231.03 21231.03 21231.03 21231.03 21231.03 21231.03 21231.03 21231.03 21231.03 21262.51 21262.51 21262.51 21262.51 21262.51 21262.51 21262.51 21262.51 21262.51 21262.51 21262.51 21293.99 21293.99 21293.99 21293.99 21293.99 21293.99 21293.99 21293.99 21293.99 21293.99 21293.99 21325.49 21325.49 21325.49 21325.49 21325.49 21325.49 21325.49 21325.49 21325.49 21325.49 21325.49 21356.99 21356.99 21356.99 21356.99 21356.99 21356.99 21356.99 21356.99 21356.99 21356.99 21356.99 21388.50 21388.50 21388.50 21388.50 21388.50 21388.50 21388.50 21388.50 21388.50 21388.50 21388.50 21420.01 21420.01 21420.01 21420.01 21420.01 21420.01 21420.01 21420.01 21420.01 21420.01 21420.01 21451.54 21451.54 21451.54 21451.54 21451.54 21451.54 21451.54 21451.54 21451.54 21451.54 21451.54 21483.07 21483.07 21483.07 21483.07 21483.07 21483.07 21483.07 21483.07 21483.07 21483.07 21483.07 21514.60 21514.60 21514.60 21514.60 21514.60 21514.60 21514.60 21514.60 21514.60 21514.60 21514.60 21546.15 21546.15 21546.15 21546.15 21546.15 21546.15 21546.15 21546.15 21546.15 21546.15 21546.15 21577.70 21577.70 21577.70 21577.70 21577.70 21577.70 21577.70 21577.70 21577.70 21577.70 21577.70 21609.26 21609.26 21609.26 21609.26 21609.26 21609.26 21609.26 21609.26 21609.26 21609.26 21609.26 21640.83 21640.83 21640.83 21640.83 21640.83 21640.83 21640.83 21640.83 21640.83 21640.83 21640.83 21672.40 21672.40 21672.40 21672.40 21672.40 21672.40 21672.40 21672.40 21672.40 21672.40 21672.40 21703.98 21703.98 21703.98 21703.98 21703.98 21703.98 21703.98 21703.98 21703.98 21703.98 21703.98 21735.57 21735.57 21735.57 21735.57 21735.57 21735.57 21735.57 21735.57 21735.57 21735.57 21735.57 21767.16 21767.16 21767.16 21767.16 21767.16 21767.16 21767.16 21767.16 21767.16 21767.16 21767.16 21798.77 21798.77 21798.77 21798.77 21798.77 21798.77 21798.77 21798.77 21798.77 21798.77 21798.77 21830.38 21830.38 21830.38 21830.38 21830.38 21830.38 21830.38 21830.38 21830.38 21830.38 21830.38 21861.99 21861.99 21861.99 21861.99 21861.99 21861.99 21861.99 21861.99 21861.99 21861.99 21861.99 21893.62 21893.62 21893.62 21893.62 21893.62 21893.62 21893.62 21893.62 21893.62 21893.62 21893.62 21925.25 21925.25 21925.25 21925.25 21925.25 21925.25 21925.25 21925.25 21925.25 21925.25 21925.25 21956.89 21956.89 21956.89 21956.89 21956.89 21956.89 21956.89 21956.89 21956.89 21956.89 21956.89 21988.53 21988.53 21988.53 21988.53 21988.53 21988.53 21988.53 21988.53 21988.53 21988.53 21988.53 22020.18 22020.18 22020.18 22020.18 22020.18 22020.18 22020.18 22020.18 22020.18 22020.18 22020.18 22051.84 22051.84 22051.84 22051.84 22051.84 22051.84 22051.84 22051.84 22051.84 22051.84 22051.84 22083.51 22083.51 22083.51 22083.51 22083.51 22083.51 22083.51 22083.51 22083.51 22083.51 22083.51 22115.19 22115.19 22115.19 22115.19 22115.19 22115.19 22115.19 22115.19 22115.19 22115.19 22115.19 22146.87 22146.87 22146.87 22146.87 22146.87 22146.87 22146.87 22146.87 22146.87 22146.87 22146.87 22178.56 22178.56 22178.56 22178.56 22178.56 22178.56 22178.56 22178.56 22178.56 22178.56 22178.56 22210.25 22210.25 22210.25 22210.25 22210.25 22210.25 22210.25 22210.25 22210.25 22210.25 22210.25 22241.96 22241.96 22241.96 22241.96 22241.96 22241.96 22241.96 22241.96 22241.96 22241.96 22241.96 22273.67 22273.67 22273.67 22273.67 22273.67 22273.67 22273.67 22273.67 22273.67 22273.67 22273.67 22305.38 22305.38 22305.38 22305.38 22305.38 22305.38 22305.38 22305.38 22305.38 22305.38 22305.38 22337.11 22337.11 22337.11 22337.11 22337.11 22337.11 22337.11 22337.11 22337.11 22337.11 22337.11 22368.84 22368.84 22368.84 22368.84 22368.84 22368.84 22368.84 22368.84 22368.84 22368.84 22368.84 22400.58 22400.58 22400.58 22400.58 22400.58 22400.58 22400.58 22400.58 22400.58 22400.58 22400.58 22432.33 22432.33 22432.33 22432.33 22432.33 22432.33 22432.33 22432.33 22432.33 22432.33 22432.33 22464.08 22464.08 22464.08 22464.08 22464.08 22464.08 22464.08 22464.08 22464.08 22464.08 22464.08 22495.84 22495.84 22495.84 22495.84 22495.84 22495.84 22495.84 22495.84 22495.84 22495.84 22495.84 22527.61 22527.61 22527.61 22527.61 22527.61 22527.61 22527.61 22527.61 22527.61 22527.61 22527.61 22559.39 22559.39 22559.39 22559.39 22559.39 22559.39 22559.39 22559.39 22559.39 22559.39 22559.39 22591.17 22591.17 22591.17 22591.17 22591.17 22591.17 22591.17 22591.17 22591.17 22591.17 22591.17 22622.96 22622.96 22622.96 22622.96 22622.96 22622.96 22622.96 22622.96 22622.96 22622.96 22622.96 22654.76 22654.76 22654.76 22654.76 22654.76 22654.76 22654.76 22654.76 22654.76 22654.76 22654.76
=== END RADAR_SCAN ===

=== BEGIN RADAR_SCAN ===
scan.index=12
scan.time=168.670000
radar.id=0
radar.frequency=C
radar.scanning_mode=PPI
radar.x=0.000
radar.y=0.000
radar.z=25.000
radar.maximum_range=250000.000
radar.range_resolution=250.000
radar.angular_resolution=1.000000
box.radar_id=0
box.min_range_gate=697.000
box.max_range_gate=779.000
box.min_angle=97.000000
box.max_angle=108.000000
box.num_ranges=83
box.num_angles=11
box.range_resolution=250.000
box.angular_resolution=1.000000
box.other_angle=2.800000
grid.size=913
grid.data=0.00 0.00 0.00 0.00 0.00 0.00 0.00 0.00 0.00 0.00 0.00 0.00 0.00 0.00 0.00 0.00 0.00 0.00 0.00 0.00 0.00 0.00 0.00 0.00 0.00 0.00 0.00 0.00 0.00 0.00 0.00 0.00 0.00 0.00 0.00 0.00 0.00 0.00 0.63 -0.79 0.00 0.00 0.00 0.00 0.00 0.00 0.00 0.00 0.00 0.89 1.23 0.00 0.00 0.00 0.00 0.00 0.00 0.00 0.00 0.00 0.48 1.44 0.00 0.00 0.00 0.00 0.00 0.00 0.00 0.00 -0.24 -0.21 -0.06 0.00 0.00 0.00 0.00 0.00 0.00 0.00 0.00 0.06 -1.33 -0.84 0.00 0.00 0.00 0.00 0.00 0.00 0.00 0.00 -0.33 0.41 0.48 1.27 0.00 0.00 0.00 0.00 0.00 0.00 0.00 -0.78 0.52 -0.29 0.91 0.00 0.00 0.00 0.00 0.00 0.00 0.00 -0.50 0.91 0.43 -1.65 0.00 0.00 0.00 0.00 0.00 0.00 0.00 1.14 -0.37 0.24 -1.00 0.00 0.00 0.00 0.00 0.00 0.00 0.00 -0.19 0.42 -0.52 2.33 0.00 0.00 0.00 0.00 0.00 0.00 0.00 -0.47 0.44 -0.54 1.17 0.00 0.00 0.00 0.00 0.00 0.00 0.00 -0.69 0.31 0.22 -0.20 0.00 0.00 0.00 0.00 0.00 0.00 0.00 0.07 0.22 -0.96 0.34 0.00 0.00 0.00 0.00 0.00 0.00 -0.91 0.76 0.33 0.68 1.63 0.00 0.00 0.00 0.00 0.00 0.00 0.62 -0.05 -0.36 0.73 -0.73 0.00 0.00 0.00 0.00 0.00 0.00 0.61 0.29 -0.01 -0.52 0.45 0.00 0.00 0.00 0.00 0.00 0.00 1.13 0.66 -0.31 -0.90 -0.35 0.00 0.00 0.00 0.00 0.00 0.00 0.38 0.51 0.35 1.61 -0.78 -0.20 0.00 0.00 0.00 0.00 0.00 0.40 -1.06 0.44 -0.10 0.70 0.71 0.00 0.00 0.00 0.00 0.00 1.25 0.98 0.94 -1.47 0.10 -0.19 0.00 0.00 0.00 0.00 0.00 0.38 0.25 1.07 0.78 0.97 -1.08 0.00 0.00 0.00 0.00 0.00 -0.69 -1.23 -0.33 0.06 0.37 -0.13 0.00 0.00 0.00 0.00 0.00 0.33 -0.65 0.22 0.14 0.57 -0.93 0.00 0.00 0.00 0.00 0.00 2.10 0.92 0.37 -0.77 -0.60 0.45 0.00 0.00 0.00 0.00 0.00 0.65 -1.91 0.27 0.00 0.54 0.97 0.00 0.00 0.00 0.00 0.00 -0.49 0.14 1.67 1.28 -0.47 0.30 0.00 0.00 0.00 0.00 0.00 -1.15 0.95 1.12 -0.37 -0.86 0.01 0.00 0.00 0.00 0.00 0.00 0.70 -0.10 0.32 0.14 -0.91 -0.45 0.00 0.00 0.00 0.00 0.00 -0.31 -0.66 0.47 -1.54 0.77 -0.29 0.00 0.00 0.00 0.00 0.00 -0.44 -0.26 0.50 -1.94 0.78 1.36 0.00 0.00 0.00 0.00 0.00 -0.11 0.84 1.24 0.16 0.94 -2.59 0.00 0.00 0.00 0.00 0.00 -1.11 -0.08 1.13 0.50 -0.87 -0.43 0.00 0.00 0.00 0.00 0.00 0.07 0.48 0.69 0.50 1.26 -1.45 0.00 0.00 0.00 0.00 0.00 0.81 -0.66 -0.03 -0.33 -0.17 -1.23 0.00 0.00 0.00 0.00 0.00 0.50 0.27 0.32 -0.67 1.14 -0.36 0.00 0.00 0.00 0.00 0.00 0.03 1.47 0.54 -2.10 0.89 -0.89 0.00 0.00 0.00 0.00 0.00 -0.07 0.33 -0.43 -0.43 -0.53 1.02 0.00 0.00 0.00 0.00 0.00 0.30 0.07 0.44 -0.63 -0.52 -1.87 0.00 0.00 0.00 0.00 0.00 0.75 -0.11 0.10 -0.41 -0.07 0.93 0.00 0.00 0.00 0.00 0.00 0.11 0.00 0.01 -1.54 -0.65 0.19 0.00 0.00 0.00 0.00 0.00 -0.36 0.68 0.71 -0.43 1.22 0.13 0.00 0.00 0.00 0.00 0.00 0.41 -0.51 -0.15 1.24 0.54 0.28 0.00 0.00 0.00 0.00 0.00 0.66 0.47 1.35 -1.17 0.73 0.70 0.00 0.00 0.00 0.00 0.00 0.26 -0.28 0.14 -0.35 -0.97 0.00 0.00 0.00 0.00 0.00 0.00 -0.32 0.77 -0.38 -0.53 0.66 -0.16 0.00 0.00 0.00 0.00 0.00 -0.51 0.11 -0.85 0.28 0.05 1.00 0.00 0.00 0.00 0.00 0.00 -0.45 0.75 0.65 -0.07 -0.36 0.09 0.00 0.00 0.00 0.00 0.00 0.86 1.51 -0.18 -1.14 -0.82 -0.59 0.00 0.00 0.00 0.00 0.00 -0.01 -0.54 0.82 -1.31 -0.42 1.43 0.00 0.00 0.00 0.00 0.00 -0.25 0.72 -1.05 -0.00 -0.47 0.15 0.00 0.00 0.00 0.00 0.00 0.07 1.20 -0.11 -0.06 1.41 -0.51 0.00 0.00 0.00 0.00 0.00 -0.26 -0.34 0.20 0.89 -0.60 0.15 0.00 0.00 0.00 0.00 0.00 -0.90 -0.46 0.26 0.39 -1.11 0.78 0.00 0.00 0.00 0.00 0.00 0.14 -0.70 1.16 -0.92 0.25 -0.42 0.00 0.00 0.00 0.00 0.00 -0.39 1.05 -0.00 0.40 0.29 -0.69 0.00 0.00 0.00 0.00 0.00 -0.14 0.45 -0.96 0.63 0.16 -0.05 0.00 0.00 0.00 0.00 0.00 0.76 0.68 0.60 0.37 0.29 0.05 0.00 0.00 0.00 0.00 0.00 -1.00 0.05 -1.03 -0.46 0.47 0.07 0.00 0.00 0.00 0.00 0.00 -1.48 -0.04 -0.10 0.35 0.90 1.36 0.00 0.00 0.00 0.00 0.00 0.42 -0.12 -1.09 0.34 -1.73 0.68 0.00 0.00 0.00 0.00 0.00 0.99 0.42 -1.50 0.73 -1.38 0.00 0.00 0.00 0.00 0.00 0.00 0.57 1.30 -0.21 -0.29 -1.09 0.00 0.00 0.00 0.00 0.00 0.00 -0.86 -0.55 0.49 -1.19 0.22 0.00 0.00 0.00 0.00 0.00 0.00 -0.53 -2.09 -1.13 -0.43 -1.02 0.00 0.00 0.00 0.00 0.00 0.00 -0.40 -0.21 -0.28 1.66 0.85 0.00 0.00 0.00 0.00 0.00 0.00 0.00 0.46 -1.00 -0.90 0.22 0.00 0.00 0.00 0.00 0.00 0.00 0.00 -0.54 0.20 2.02 -0.18 0.00 0.00 0.00 0.00 0.00 0.00 0.00 -0.34 0.04 0.83 0.02 0.00 0.00 0.00 0.00 0.00 0.00 0.00 0.18 0.21 -0.73 -1.04 0.00 0.00 0.00 0.00 0.00 0.00 0.00 0.00 -0.20 -1.28 0.28 0.00 0.00 0.00 0.00 0.00 0.00 0.00 -0.81 0.94 -0.60 -0.79 0.00 0.00 0.00 0.00 0.00 0.00 0.00 0.43 0.86 -0.03 -0.88 0.00 0.00 0.00 0.00 0.00 0.00 0.00 -0.75 -0.38 -0.86 -0.59 0.00 0.00 0.00 0.00 0.00 0.00 0.00 0.32 -1.14 0.75 0.00 0.00 0.00 0.00 0.00 0.00 0.00 0.00 -1.18 -0.22 1.00 0.00 0.00 0.00 0.00 0.00 0.00 0.00 0.00 0.00 0.14 -0.85 0.00 0.00 0.00 0.00 0.00 0.00 0.00 0.00 0.00 -0.49 0.49 0.00 0.00 0.00 0.00 0.00 0.00 0.00 0.00 0.00 -0.81 1.23 0.00 0.00 0.00 0.00 0.00 0.00 0.00 0.00 0.00 -1.09 -0.10 0.00 0.00 0.00 0.00 0.00 0.00 0.00 0.00 0.00 0.00 0.00 0.00 0.00 0.00 0.00
rain_type.data=0 0 0 0 0 0 0 0 0 0 0 0 0 0 0 0 0 0 0 0 0 0 0 0 0 0 0 0 0 0 0 0 0 0 0 0 0 0 1 1 0 0 0 0 0 0 0 0 0 1 1 0 0 0 0 0 0 0 0 0 1 1 0 0 0 0 0 0 0 0 1 1 1 0 0 0 0 0 0 0 0 1 1 1 0 0 0 0 0 0 0 0 1 1 1 1 0 0 0 0 0 0 0 1 1 1 1 0 0 0 0 0 0 0 1 1 1 1 0 0 0 0 0 0 0 1 1 1 1 0 0 0 0 0 0 0 1 1 1 1 0 0 0 0 0 0 0 1 1 1 1 0 0 0 0 0 0 0 1 1 1 1 0 0 0 0 0 0 0 1 1 1 1 0 0 0 0 0 0 1 1 1 1 1 0 0 0 0 0 0 1 1 1 1 1 0 0 0 0 0 0 1 2 1 1 1 0 0 0 0 0 0 1 2 1 1 1 0 0 0 0 0 0 1 2 1 1 1 1 0 0 0 0 0 1 2 1 1 1 1 0 0 0 0 0 2 2 1 1 1 1 0 0 0 0 0 2 2 1 1 1 1 0 0 0 0 0 2 2 1 1 1 1 0 0 0 0 0 2 2 2 1 1 1 0 0 0 0 0 2 2 2 1 1 1 0 0 0 0 0 2 2 2 1 1 1 0 0 0 0 0 2 2 2 1 1 1 0 0 0 0 0 2 2 2 1 1 1 0 0 0 0 0 2 2 2 1 1 1 0 0 0 0 0 2 2 2 1 1 1 0 0 0 0 0 2 2 2 1 1 1 0 0 0 0 0 2 2 2 1 1 1 0 0 0 0 0 2 2 2 1 1 1 0 0 0 0 0 2 2 2 1 1 1 0 0 0 0 0 2 2 2 1 1 1 0 0 0 0 0 2 2 2 1 1 1 0 0 0 0 0 2 2 2 1 1 1 0 0 0 0 0 2 2 2 1 1 1 0 0 0 0 0 2 2 2 1 1 1 0 0 0 0 0 2 2 2 1 1 1 0 0 0 0 0 2 2 2 1 1 1 0 0 0 0 0 2 2 2 1 1 1 0 0 0 0 0 2 2 2 1 1 1 0 0 0 0 0 2 2 2 1 1 1 0 0 0 0 0 2 2 2 1 1 1 0 0 0 0 0 2 2 2 1 1 1 0 0 0 0 0 2 2 2 1 1 1 0 0 0 0 0 2 2 2 1 1 1 0 0 0 0 0 2 2 2 1 1 1 0 0 0 0 0 2 2 2 1 1 1 0 0 0 0 0 2 2 1 1 1 1 0 0 0 0 0 2 2 1 1 1 1 0 0 0 0 0 2 2 1 1 1 1 0 0 0 0 0 1 2 1 1 1 1 0 0 0 0 0 1 2 1 1 1 1 0 0 0 0 0 1 2 1 1 1 1 0 0 0 0 0 1 1 1 1 1 1 0 0 0 0 0 1 1 1 1 1 1 0 0 0 0 0 1 1 1 1 1 1 0 0 0 0 0 1 1 1 1 1 1 0 0 0 0 0 1 1 1 1 1 1 0 0 0 0 0 1 1 1 1 1 0 0 0 0 0 0 1 1 1 1 1 0 0 0 0 0 0 1 1 1 1 1 0 0 0 0 0 0 1 1 1 1 1 0 0 0 0 0 0 1 1 1 1 1 0 0 0 0 0 0 0 1 1 1 1 0 0 0 0 0 0 0 1 1 1 1 0 0 0 0 0 0 0 1 1 1 1 0 0 0 0 0 0 0 1 1 1 1 0 0 0 0 0 0 0 1 1 1 1 0 0 0 0 0 0 0 1 1 1 1 0 0 0 0 0 0 0 1 1 1 1 0 0 0 0 0 0 0 1 1 1 1 0 0 0 0 0 0 0 1 1 1 0 0 0 0 0 0 0 0 1 1 1 0 0 0 0 0 0 0 0 0 1 1 0 0 0 0 0 0 0 0 0 1 1 0 0 0 0 0 0 0 0 0 1 1 0 0 0 0 0 0 0 0 0 1 1 0 0 0 0 0 0 0 0 0 0 0 0 0 0 0
estimated_attenuation.size=913
estimated_attenuation.data=0.00 0.00 0.00 0.00 0.00 0.00 0.00 0.00 0.00 0.00 0.00 0.00 0.00 0.00 0.00 0.00 0.00 0.00 0.00 0.00 0.00 0.00 0.00 0.00 0.00 0.00 0.00 0.00 0.00 0.00 0.00 0.00 0.00 0.00 0.00 0.00 0.00 0.00 0.00 0.00 0.00 0.00 0.00 0.00 0.00 0.00 0.00 0.00 0.00 0.00 0.00 0.00 0.00 0.00 0.00 0.00 0.00 0.00 0.00 0.00 0.00 0.00 0.00 0.00 0.00 0.00 0.00 0.00 0.00 0.00 0.00 0.00 0.00 0.00 0.00 0.00 0.00 0.00 0.00 0.00 0.00 0.00 0.00 0.00 0.00 0.00 0.00 0.00 0.00 0.00 0.00 0.00 0.00 0.00 0.00 0.00 0.00 0.00 0.00 0.00 0.00 0.00 0.00 0.00 0.00 0.00 0.00 0.00 0.00 0.00 0.00 0.00 0.00 0.00 0.00 0.00 0.00 0.00 0.00 0.00 0.00 0.00 0.00 0.00 0.00 0.00 0.00 0.00 0.00 0.00 0.00 0.00 0.00 0.00 0.00 0.00 0.00 0.00 0.00 0.00 0.00 0.00 0.00 0.00 0.00 0.00 0.00 0.00 0.00 0.00 0.00 0.00 0.00 0.00 0.00 0.00 0.00 0.00 0.00 0.00 0.00 0.00 0.00 0.00 0.00 0.00 0.00 0.00 0.00 0.00 0.00 0.00 0.00 0.00 0.00 0.00 0.00 0.00 0.00 0.00 0.00 0.00 0.00 0.00 0.00 0.00 0.00 0.00 0.00 0.00 0.00 0.00 0.00 0.00 0.00 0.00 0.00 0.00 0.00 0.00 0.00 0.00 0.00 0.00 0.00 0.00 0.00 0.00 0.00 0.00 0.00 0.00 0.00 0.00 0.00 0.00 0.00 0.00 0.00 0.00 0.00 0.00 0.00 0.00 0.00 0.00 0.00 0.00 0.00 0.00 0.00 0.00 0.00 0.00 0.00 0.00 0.00 0.00 0.00 0.00 0.00 0.00 0.00 0.00 0.00 0.00 0.00 0.00 0.00 0.00 0.00 0.00 0.00 0.00 0.00 0.00 0.00 0.00 0.00 0.00 0.00 0.00 0.00 0.00 0.00 0.00 0.00 0.00 0.00 0.00 0.00 0.00 0.00 0.00 0.00 0.00 0.00 0.00 0.00 0.00 0.00 0.00 0.00 0.00 0.00 0.00 0.00 0.00 0.00 0.00 0.00 0.00 0.00 0.00 0.00 0.00 0.00 0.00 0.00 0.00 0.00 0.00 0.00 0.00 0.00 0.00 0.00 0.00 0.00 0.00 0.00 0.00 0.00 0.00 0.00 0.00 0.00 0.00 0.00 0.00 0.00 0.00 0.00 0.00 0.00 0.00 0.00 0.00 0.00 0.00 0.00 0.00 0.00 0.00 0.00 0.00 0.00 0.00 0.00 0.00 0.00 0.00 0.00 0.00 0.00 0.00 0.00 0.00 0.00 0.00 0.00 0.00 0.00 0.00 0.00 0.00 0.00 0.00 0.00 0.00 0.00 0.00 0.00 0.00 0.00 0.00 0.00 0.00 0.00 0.00 0.00 0.00 0.00 0.00 0.00 0.00 0.00 0.00 0.00 0.00 0.00 0.00 0.00 0.00 0.00 0.00 0.00 0.00 0.00 0.00 0.00 0.00 0.00 0.00 0.00 0.00 0.00 0.00 0.00 0.00 0.00 0.00 0.00 0.00 0.00 0.00 0.00 0.00 0.00 0.00 0.00 0.00 0.00 0.00 0.00 0.00 0.00 0.00 0.00 0.00 0.00 0.00 0.00 0.00 0.00 0.00 0.00 0.00 0.00 0.00 0.00 0.00 0.00 0.00 0.00 0.00 0.00 0.00 0.00 0.00 0.00 0.00 0.00 0.00 0.00 0.00 0.00 0.00 0.00 0.00 0.00 0.00 0.00 0.00 0.00 0.00 0.00 0.00 0.00 0.00 0.00 0.00 0.00 0.00 0.00 0.00 0.00 0.00 0.00 0.00 0.00 0.00 0.00 0.00 0.00 0.00 0.00 0.00 0.00 0.00 0.00 0.00 0.00 0.00 0.00 0.00 0.00 0.00 0.00 0.00 0.00 0.00 0.00 0.00 0.00 0.00 0.00 0.00 0.00 0.00 0.00 0.00 0.00 0.00 0.00 0.00 0.00 0.00 0.00 0.00 0.00 0.00 0.00 0.00 0.00 0.00 0.00 0.00 0.00 0.00 0.00 0.00 0.00 0.00 0.00 0.00 0.00 0.00 0.00 0.00 0.00 0.00 0.00 0.00 0.00 0.00 0.00 0.00 0.00 0.00 0.00 0.00 0.00 0.00 0.00 0.00 0.00 0.00 0.00 0.00 0.00 0.00 0.00 0.00 0.00 0.00 0.00 0.00 0.00 0.00 0.00 0.00 0.00 0.00 0.00 0.00 0.00 0.00 0.00 0.00 0.00 0.00 0.00 0.00 0.00 0.00 0.00 0.00 0.00 0.00 0.00 0.00 0.00 0.00 0.00 0.00 0.00 0.00 0.00 0.00 0.00 0.00 0.00 0.00 0.00 0.00 0.00 0.00 0.00 0.00 0.00 0.00 0.00 0.00 0.00 0.00 0.00 0.00 0.00 0.00 0.00 0.00 0.00 0.00 0.00 0.00 0.00 0.00 0.00 0.00 0.00 0.00 0.00 0.00 0.00 0.00 0.00 0.00 0.00 0.00 0.00 0.00 0.00 0.00 0.00 0.00 0.00 0.00 0.00 0.00 0.00 0.00 0.00 0.00 0.00 0.00 0.00 0.00 0.00 0.00 0.00 0.00 0.00 0.00 0.00 0.00 0.00 0.00 0.00 0.00 0.00 0.00 0.00 0.00 0.00 0.00 0.00 0.00 0.00 0.00 0.00 0.00 0.00 0.00 0.00 0.00 0.00 0.00 0.00 0.00 0.00 0.00 0.00 0.00 0.00 0.00 0.00 0.00 0.00 0.00 0.00 0.00 0.00 0.00 0.00 0.00 0.00 0.00 0.00 0.00 0.00 0.00 0.00 0.00 0.00 0.00 0.00 0.00 0.00 0.00 0.00 0.00 0.00 0.00 0.00 0.00 0.00 0.00 0.00 0.00 0.00 0.00 0.00 0.00 0.00 0.00 0.00 0.00 0.00 0.00 0.00 0.00 0.00 0.00 0.00 0.00 0.00 0.00 0.00 0.00 0.00 0.00 0.00 0.00 0.00 0.00 0.00 0.00 0.00 0.00 0.00 0.00 0.00 0.00 0.00 0.00 0.00 0.00 0.00 0.00 0.00 0.00 0.00 0.00 0.00 0.00 0.00 0.00 0.00 0.00 0.00 0.00 0.00 0.00 0.00 0.00 0.00 0.00 0.00 0.00 0.00 0.00 0.00 0.00 0.00 0.00 0.00 0.00 0.00 0.00 0.00 0.00 0.00 0.00 0.00 0.00 0.00 0.00 0.00 0.00 0.00 0.00 0.00 0.00 0.00 0.00 0.00 0.00 0.00 0.00 0.00 0.00 0.00 0.00 0.00 0.00 0.00 0.00 0.00 0.00 0.00 0.00 0.00 0.00 0.00 0.00 0.00 0.00 0.00 0.00 0.00 0.00 0.00 0.00 0.00 0.00 0.00 0.00 0.00 0.00 0.00 0.00 0.00 0.00 0.00 0.00 0.00 0.00 0.00 0.00 0.00 0.00 0.00 0.00 0.00 0.00 0.00 0.00 0.00 0.00 0.00 0.00 0.00 0.00 0.00 0.00 0.00 0.00 0.00 0.00 0.00 0.00 0.00 0.00 0.00 0.00 0.00 0.00 0.00 0.00 0.00 0.00 0.00 0.00 0.00 0.00 0.00 0.00 0.00 0.00 0.00 0.00 0.00 0.00 0.00 0.00 0.00 0.00 0.00 0.00 0.00 0.00 0.00 0.00 0.00 0.00 0.00 0.00 0.00 0.00 0.00 0.00 0.00
height.size=913
height.data=10293.01 10293.01 10293.01 10293.01 10293.01 10293.01 10293.01 10293.01 10293.01 10293.01 10293.01 10310.34 10310.34 10310.34 10310.34 10310.34 10310.34 10310.34 10310.34 10310.34 10310.34 10310.34 10327.67 10327.67 10327.67 10327.67 10327.67 10327.67 10327.67 10327.67 10327.67 10327.67 10327.67 10345.01 10345.01 10345.01 10345.01 10345.01 10345.01 10345.01 10345.01 10345.01 10345.01 10345.01 10362.35 10362.35 10362.35 10362.35 10362.35 10362.35 10362.35 10362.35 10362.35 10362.35 10362.35 10379.70 10379.70 10379.70 10379.70 10379.70 10379.70 10379.70 10379.70 10379.70 10379.70 10379.70 10397.06 10397.06 10397.06 10397.06 10397.06 10397.06 10397.06 10397.06 10397.06 10397.06 10397.06 10414.43 10414.43 10414.43 10414.43 10414.43 10414.43 10414.43 10414.43 10414.43 10414.43 10414.43 10431.80 10431.80 10431.80 10431.80 10431.80 10431.80 10431.80 10431.80 10431.80 10431.80 10431.80 10449.19 10449.19 10449.19 10449.19 10449.19 10449.19 10449.19 10449.19 10449.19 10449.19 10449.19 10466.58 10466.58 10466.58 10466.58 10466.58 10466.58 10466.58 10466.58 10466.58 10466.58 10466.58 10483.97 10483.97 10483.97 10483.97 10483.97 10483.97 10483.97 10483.97 10483.97 10483.97 10483.97 10501.38 10501.38 10501.38 10501.38 10501.38 10501.38 10501.38 10501.38 10501.38 10501.38 10501.38 10518.79 10518.79 10518.79 10518.79 10518.79 10518.79 10518.79 10518.79 10518.79 10518.79 10518.79 10536.21 10536.21 10536.21 10536.21 10536.21 10536.21 10536.21 10536.21 10536.21 10536.21 10536.21 10553.63 10553.63 10553.63 10553.63 10553.63 10553.63 10553.63 10553.63 10553.63 10553.63 10553.63 10571.06 10571.06 10571.06 10571.06 10571.06 10571.06 10571.06 10571.06 10571.06 10571.06 10571.06 10588.50 10588.50 10588.50 10588.50 10588.50 10588.50 10588.50 10588.50 10588.50 10588.50 10588.50 10605.95 10605.95 10605.95 10605.95 10605.95 10605.95 10605.95 10605.95 10605.95 10605.95 10605.95 10623.41 10623.41 10623.41 10623.41 10623.41 10623.41 10623.41 10623.41 10623.41 10623.41 10623.41 10640.87 10640.87 10640.87 10640.87 10640.87 10640.87 10640.87 10640.87 10640.87 10640.87 10640.87 10658.34 10658.34 10658.34 10658.34 10658.34 10658.34 10658.34 10658.34 10658.34 10658.34 10658.34 10675.82 10675.82 10675.82 10675.82 10675.82 10675.82 10675.82 10675.82 10675.82 10675.82 10675.82 10693.30 10693.30 10693.30 10693.30 10693.30 10693.30 10693.30 10693.30 10693.30 10693.30 10693.30 10710.79 10710.79 10710.79 10710.79 10710.79 10710.79 10710.79 10710.79 10710.79 10710.79 10710.79 10728.29 10728.29 10728.29 10728.29 10728.29 10728.29 10728.29 10728.29 10728.29 10728.29 10728.29 10745.80 10745.80 10745.80 10745.80 10745.80 10745.80 10745.80 10745.80 10745.80 10745.80 10745.80 10763.31 10763.31 10763.31 10763.31 10763.31 10763.31 10763.31 10763.31 10763.31 10763.31 10763.31 10780.83 10780.83 10780.83 10780.83 10780.83 10780.83 10780.83 10780.83 10780.83 10780.83 10780.83 10798.36 10798.36 10798.36 10798.36 10798.36 10798.36 10798.36 10798.36 10798.36 10798.36 10798.36 10815.89 10815.89 10815.89 10815.89 10815.89 10815.89 10815.89 10815.89 10815.89 10815.89 10815.89 10833.44 10833.44 10833.44 10833.44 10833.44 10833.44 10833.44 10833.44 10833.44 10833.44 10833.44 10850.99 10850.99 10850.99 10850.99 10850.99 10850.99 10850.99 10850.99 10850.99 10850.99 10850.99 10868.54 10868.54 10868.54 10868.54 10868.54 10868.54 10868.54 10868.54 10868.54 10868.54 10868.54 10886.11 10886.11 10886.11 10886.11 10886.11 10886.11 10886.11 10886.11 10886.11 10886.11 10886.11 10903.68 10903.68 10903.68 10903.68 10903.68 10903.68 10903.68 10903.68 10903.68 10903.68 10903.68 10921.26 10921.26 10921.26 10921.26 10921.26 10921.26 10921.26 10921.26 10921.26 10921.26 10921.26 10938.85 10938.85 10938.85 10938.85 10938.85 10938.85 10938.85 10938.85 10938.85 10938.85 10938.85 10956.44 10956.44 10956.44 10956.44 10956.44 10956.44 10956.44 10956.44 10956.44 10956.44 10956.44 10974.04 10974.04 10974.04 10974.04 10974.04 10974.04 10974.04 10974.04 10974.04 10974.04 10974.04 10991.65 10991.65 10991.65 10991.65 10991.65 10991.65 10991.65 10991.65 10991.65 10991.65 10991.65 11009.27 11009.27 11009.27 11009.27 11009.27 11009.27 11009.27 11009.27 11009.27 11009.27 11009.27 11026.89 11026.89 11026.89 11026.89 11026.89 11026.89 11026.89 11026.89 11026.89 11026.89 11026.89 11044.52 11044.52 11044.52 11044.52 11044.52 11044.52 11044.52 11044.52 11044.52 11044.52 11044.52 11062.16 11062.16 11062.16 11062.16 11062.16 11062.16 11062.16 11062.16 11062.16 11062.16 11062.16 11079.80 11079.80 11079.80 11079.80 11079.80 11079.80 11079.80 11079.80 11079.80 11079.80 11079.80 11097.45 11097.45 11097.45 11097.45 11097.45 11097.45 11097.45 11097.45 11097.45 11097.45 11097.45 11115.11 11115.11 11115.11 11115.11 11115.11 11115.11 11115.11 11115.11 11115.11 11115.11 11115.11 11132.78 11132.78 11132.78 11132.78 11132.78 11132.78 11132.78 11132.78 11132.78 11132.78 11132.78 11150.46 11150.46 11150.46 11150.46 11150.46 11150.46 11150.46 11150.46 11150.46 11150.46 11150.46 11168.14 11168.14 11168.14 11168.14 11168.14 11168.14 11168.14 11168.14 11168.14 11168.14 11168.14 11185.83 11185.83 11185.83 11185.83 11185.83 11185.83 11185.83 11185.83 11185.83 11185.83 11185.83 11203.52 11203.52 11203.52 11203.52 11203.52 11203.52 11203.52 11203.52 11203.52 11203.52 11203.52 11221.23 11221.23 11221.23 11221.23 11221.23 11221.23 11221.23 11221.23 11221.23 11221.23 11221.23 11238.94 11238.94 11238.94 11238.94 11238.94 11238.94 11238.94 11238.94 11238.94 11238.94 11238.94 11256.65 11256.65 11256.65 11256.65 11256.65 11256.65 11256.65 11256.65 11256.65 11256.65 11256.65 11274.38 11274.38 11274.38 11274.38 11274.38 11274.38 11274.38 11274.38 11274.38 11274.38 11274.38 11292.11 11292.11 11292.11 11292.11 11292.11 11292.11 11292.11 11292.11 11292.11 11292.11 11292.11 11309.85 11309.85 11309.85 11309.85 11309.85 11309.85 11309.85 11309.85 11309.85 11309.85 11309.85 11327.60 11327.60 11327.60 11327.60 11327.60 11327.60 11327.60 11327.60 11327.60 11327.60 11327.60 11345.35 11345.35 11345.35 11345.35 11345.35 11345.35 11345.35 11345.35 11345.35 11345.35 11345.35 11363.12 11363.12 11363.12 11363.12 11363.12 11363.12 11363.12 11363.12 11363.12 11363.12 11363.12 11380.89 11380.89 11380.89 11380.89 11380.89 11380.89 11380.89 11380.89 11380.89 11380.89 11380.89 11398.66 11398.66 11398.66 11398.66 11398.66 11398.66 11398.66 11398.66 11398.66 11398.66 11398.66 11416.45 11416.45 11416.45 11416.45 11416.45 11416.45 11416.45 11416.45 11416.45 11416.45 11416.45 11434.24 11434.24 11434.24 11434.24 11434.24 11434.24 11434.24 11434.24 11434.24 11434.24 11434.24 11452.04 11452.04 11452.04 11452.04 11452.04 11452.04 11452.04 11452.04 11452.04 11452.04 11452.04 11469.84 11469.84 11469.84 11469.84 11469.84 11469.84 11469.84 11469.84 11469.84 11469.84 11469.84 11487.66 11487.66 11487.66 11487.66 11487.66 11487.66 11487.66 11487.66 11487.66 11487.66 11487.66 11505.48 11505.48 11505.48 11505.48 11505.48 11505.48 11505.48 11505.48 11505.48 11505.48 11505.48 11523.30 11523.30 11523.30 11523.30 11523.30 11523.30 11523.30 11523.30 11523.30 11523.30 11523.30 11541.14 11541.14 11541.14 11541.14 11541.14 11541.14 11541.14 11541.14 11541.14 11541.14 11541.14 11558.98 11558.98 11558.98 11558.98 11558.98 11558.98 11558.98 11558.98 11558.98 11558.98 11558.98 11576.83 11576.83 11576.83 11576.83 11576.83 11576.83 11576.83 11576.83 11576.83 11576.83 11576.83 11594.69 11594.69 11594.69 11594.69 11594.69 11594.69 11594.69 11594.69 11594.69 11594.69 11594.69 11612.55 11612.55 11612.55 11612.55 11612.55 11612.55 11612.55 11612.55 11612.55 11612.55 11612.55 11630.42 11630.42 11630.42 11630.42 11630.42 11630.42 11630.42 11630.42 11630.42 11630.42 11630.42 11648.30 11648.30 11648.30 11648.30 11648.30 11648.30 11648.30 11648.30 11648.30 11648.30 11648.30 11666.19 11666.19 11666.19 11666.19 11666.19 11666.19 11666.19 11666.19 11666.19 11666.19 11666.19 11684.08 11684.08 11684.08 11684.08 11684.08 11684.08 11684.08 11684.08 11684.08 11684.08 11684.08 11701.98 11701.98 11701.98 11701.98 11701.98 11701.98 11701.98 11701.98 11701.98 11701.98 11701.98 11719.89 11719.89 11719.89 11719.89 11719.89 11719.89 11719.89 11719.89 11719.89 11719.89 11719.89 11737.81 11737.81 11737.81 11737.81 11737.81 11737.81 11737.81 11737.81 11737.81 11737.81 11737.81
=== END RADAR_SCAN ===

=== BEGIN RADAR_SCAN ===
scan.index=13
scan.time=169.000000
radar.id=0
radar.frequency=C
radar.scanning_mode=PPI
radar.x=0.000
radar.y=0.000
radar.z=25.000
radar.maximum_range=250000.000
radar.range_resolution=250.000
radar.angular_resolution=1.000000
box.radar_id=0
box.min_range_gate=697.000
box.max_range_gate=778.000
box.min_angle=97.000000
box.max_angle=108.000000
box.num_ranges=82
box.num_angles=11
box.range_resolution=250.000
box.angular_resolution=1.000000
box.other_angle=1.200000
grid.size=902
grid.data=0.00 0.00 0.00 0.00 0.00 0.00 0.00 0.00 0.00 0.00 0.00 0.00 0.00 0.00 0.00 0.00 26.38 0.00 0.00 0.00 0.00 0.00 0.00 0.00 0.00 0.00 0.00 23.05 22.51 0.00 0.00 0.00 0.00 0.00 0.00 0.00 0.00 0.00 20.14 25.20 0.00 0.00 0.00 0.00 0.00 0.00 0.00 0.00 0.00 25.04 24.95 0.00 0.00 0.00 0.00 0.00 0.00 0.00 0.00 23.85 24.01 22.43 0.00 0.00 0.00 0.00 0.00 0.00 0.00 0.00 23.35 23.81 23.78 0.00 0.00 0.00 0.00 0.00 0.00 0.00 0.00 23.06 23.39 21.65 23.28 0.00 0.00 0.00 0.00 0.00 0.00 0.00 23.68 23.04 24.84 22.92 0.00 0.00 0.00 0.00 0.00 0.00 0.00 22.08 24.51 22.93 21.94 0.00 0.00 0.00 0.00 0.00 0.00 0.00 21.68 22.60 21.96 23.37 0.00 0.00 0.00 0.00 0.00 0.00 0.00 21.07 20.91 21.04 19.28 0.00 0.00 0.00 0.00 0.00 0.00 0.00 23.30 21.15 23.02 22.93 0.00 0.00 0.00 0.00 0.00 0.00 0.00 22.80 23.53 22.96 21.96 0.00 0.00 0.00 0.00 0.00 0.00 0.00 21.05 22.75 25.75 23.56 0.00 0.00 0.00 0.00 0.00 0.00 20.01 23.02 23.25 22.02 22.06 0.00 0.00 0.00 0.00 0.00 0.00 19.68 22.58 20.16 17.83 19.99 0.00 0.00 0.00 0.00 0.00 0.00 23.27 22.75 20.94 22.82 22.16 0.00 0.00 0.00 0.00 0.00 0.00 23.81 28.40 22.63 21.29 21.78 0.00 0.00 0.00 0.00 0.00 0.00 19.38 27.54 26.08 20.68 22.44 22.86 0.00 0.00 0.00 0.00 0.00 24.42 23.19 22.61 21.29 21.07 20.86 0.00 0.00 0.00 0.00 0.00 26.65 26.76 23.35 20.92 19.15 22.11 0.00 0.00 0.00 0.00 0.00 26.51 26.08 23.10 19.51 22.85 22.24 0.00 0.00 0.00 0.00 0.00 29.28 25.64 21.52 19.32 20.37 23.69 0.00 0.00 0.00 0.00 0.00 23.62 26.06 26.11 19.74 20.73 21.96 0.00 0.00 0.00 0.00 0.00 26.54 27.10 25.96 23.30 21.47 22.13 0.00 0.00 0.00 0.00 0.00 25.96 30.57 26.97 21.15 21.53 21.49 0.00 0.00 0.00 0.00 0.00 24.62 24.59 27.73 21.39 23.57 21.55 0.00 0.00 0.00 0.00 0.00 25.12 25.94 26.10 22.19 19.81 19.39 0.00 0.00 0.00 0.00 0.00 23.76 29.63 28.95 19.53 22.87 22.94 0.00 0.00 0.00 0.00 0.00 26.51 27.49 24.50 20.59 21.77 18.72 0.00 0.00 0.00 0.00 0.00 26.67 25.99 29.50 19.40 20.51 19.05 0.00 0.00 0.00 0.00 0.00 24.59 26.85 24.99 20.45 17.20 21.90 0.00 0.00 0.00 0.00 0.00 27.62 27.47 24.49 18.46 20.97 18.93 0.00 0.00 0.00 0.00 0.00 26.84 26.39 27.34 18.89 17.18 17.79 0.00 0.00 0.00 0.00 0.00 26.54 25.18 27.24 22.03 19.22 18.02 0.00 0.00 0.00 0.00 0.00 27.60 28.98 26.57 19.47 19.21 19.54 0.00 0.00 0.00 0.00 0.00 25.73 25.82 23.94 18.04 21.57 20.30 0.00 0.00 0.00 0.00 0.00 25.94 25.77 28.92 19.11 20.07 18.53 0.00 0.00 0.00 0.00 0.00 26.99 27.29 24.16 21.54 22.84 21.17 0.00 0.00 0.00 0.00 0.00 25.29 28.39 26.61 18.98 17.93 17.26 0.00 0.00 0.00 0.00 0.00 26.89 23.66 22.92 18.09 20.03 19.21 0.00 0.00 0.00 0.00 0.00 22.94 24.32 24.50 19.30 17.90 16.56 0.00 0.00 0.00 0.00 0.00 24.89 24.96 22.67 19.21 17.26 20.86 0.00 0.00 0.00 0.00 0.00 23.22 29.14 23.40 17.60 18.41 20.41 0.00 0.00 0.00 0.00 0.00 26.04 25.91 26.01 19.09 18.84 21.37 0.00 0.00 0.00 0.00 0.00 26.03 20.97 25.70 19.57 20.24 17.51 0.00 0.00 0.00 0.00 0.00 24.43 28.42 27.80 18.38 20.76 19.20 0.00 0.00 0.00 0.00 0.00 27.53 26.69 22.80 16.04 17.84 20.19 0.00 0.00 0.00 0.00 0.00 23.97 25.84 25.82 18.03 20.78 16.73 0.00 0.00 0.00 0.00 0.00 25.78 27.58 18.53 17.78 19.59 16.18 0.00 0.00 0.00 0.00 0.00 23.54 27.33 17.32 16.52 17.76 19.70 0.00 0.00 0.00 0.00 0.00 23.67 27.22 19.62 19.83 18.95 18.00 0.00 0.00 0.00 0.00 0.00 27.79 26.88 14.85 20.40 19.83 18.36 0.00 0.00 0.00 0.00 0.00 18.95 26.62 18.93 17.53 18.87 18.02 0.00 0.00 0.00 0.00 0.00 17.02 25.60 19.25 18.12 15.84 15.73 0.00 0.00 0.00 0.00 0.00 18.27 29.16 17.51 15.58 15.24 18.12 0.00 0.00 0.00 0.00 0.00 16.07 14.67 16.19 16.28 17.64 14.37 0.00 0.00 0.00 0.00 0.00 15.29 16.61 16.60 15.65 16.54 16.27 0.00 0.00 0.00 0.00 0.00 16.77 17.04 16.75 16.75 16.19 17.23 0.00 0.00 0.00 0.00 0.00 15.18 16.18 16.70 16.95 17.88 15.79 0.00 0.00 0.00 0.00 0.00 17.99 18.65 16.99 17.60 14.98 16.31 0.00 0.00 0.00 0.00 0.00 17.75 14.95 17.41 14.77 18.19 0.00 0.00 0.00 0.00 0.00 0.00 15.52 15.72 14.17 18.35 16.88 0.00 0.00 0.00 0.00 0.00 0.00 18.16 15.91 15.73 17.20 16.59 0.00 0.00 0.00 0.00 0.00 0.00 16.26 15.19 17.91 17.03 19.80 0.00 0.00 0.00 0.00 0.00 0.00 13.69 15.98 15.67 16.47 15.28 0.00 0.00 0.00 0.00 0.00 0.00 0.00 16.64 16.85 15.30 16.36 0.00 0.00 0.00 0.00 0.00 0.00 0.00 14.85 14.54 14.32 15.99 0.00 0.00 0.00 0.00 0.00 0.00 0.00 16.19 14.26 16.49 17.92 0.00 0.00 0.00 0.00 0.00 0.00 0.00 18.33 16.93 14.96 14.66 0.00 0.00 0.00 0.00 0.00 0.00 0.00 14.85 14.59 16.63 14.18 0.00 0.00 0.00 0.00 0.00 0.00 0.00 15.18 13.47 14.52 13.48 0.00 0.00 0.00 0.00 0.00 0.00 0.00 15.23 15.26 15.34 14.55 0.00 0.00 0.00 0.00 0.00 0.00 0.00 15.51 13.41 14.78 15.69 0.00 0.00 0.00 0.00 0.00 0.00 0.00 17.70 15.27 15.06 0.00 0.00 0.00 0.00 0.00 0.00 0.00 0.00 14.16 15.02 18.15 0.00 0.00 0.00 0.00 0.00 0.00 0.00 0.00 0.00 14.97 14.14 0.00 0.00 0.00 0.00 0.00 0.00 0.00 0.00 0.00 12.38 14.46 0.00 0.00 0.00 0.00 0.00 0.00 0.00 0.00 0.00 15.19 15.77 0.00 0.00 0.00 0.00 0.00 0.00 0.00 0.00 0.00 15.73 0.00 0.00 0.00 0.00 0.00 0.00 0.00 0.00 0.00 0.00 0.00 0.00 0.00 0.00 0.00 0.00
rain_type.data=0 0 0 0 0 0 0 0 0 0 0 0 0 0 0 0 1 0 0 0 0 0 0 0 0 0 0 1 1 0 0 0 0 0 0 0 0 0 1 1 0 0 0 0 0 0 0 0 0 1 1 0 0 0 0 0 0 0 0 1 1 1 0 0 0 0 0 0 0 0 1 1 1 0 0 0 0 0 0 0 0 1 1 1 1 0 0 0 0 0 0 0 1 1 1 1 0 0 0 0 0 0 0 1 1 1 1 0 0 0 0 0 0 0 1 1 1 1 0 0 0 0 0 0 0 1 1 1 1 0 0 0 0 0 0 0 1 1 1 1 0 0 0 0 0 0 0 1 1 1 1 0 0 0 0 0 0 0 1 1 1 1 0 0 0 0 0 0 1 1 1 1 1 0 0 0 0 0 0 1 1 1 1 1 0 0 0 0 0 0 1 2 1 1 1 0 0 0 0 0 0 1 2 1 1 1 0 0 0 0 0 0 1 2 1 1 1 1 0 0 0 0 0 2 2 1 1 1 1 0 0 0 0 0 2 2 1 1 1 1 0 0 0 0 0 2 2 1 1 1 1 0 0 0 0 0 2 2 1 1 1 1 0 0 0 0 0 2 2 2 1 1 1 0 0 0 0 0 2 2 2 1 1 1 0 0 0 0 0 2 2 2 1 1 1 0 0 0 0 0 2 2 2 1 1 1 0 0 0 0 0 2 2 2 1 1 1 0 0 0 0 0 2 2 2 1 1 1 0 0 0 0 0 2 2 2 1 1 1 0 0 0 0 0 2 2 2 1 1 1 0 0 0 0 0 2 2 2 1 1 1 0 0 0 0 0 2 2 2 1 1 1 0 0 0 0 0 2 2 2 1 1 1 0 0 0 0 0 2 2 2 1 1 1 0 0 0 0 0 2 2 2 1 1 1 0 0 0 0 0 2 2 2 1 1 1 0 0 0 0 0 2 2 2 1 1 1 0 0 0 0 0 2 2 2 1 1 1 0 0 0 0 0 2 2 2 1 1 1 0 0 0 0 0 2 2 2 1 1 1 0 0 0 0 0 2 2 2 1 1 1 0 0 0 0 0 2 2 2 1 1 1 0 0 0 0 0 2 2 2 1 1 1 0 0 0 0 0 2 2 2 1 1 1 0 0 0 0 0 2 2 2 1 1 1 0 0 0 0 0 2 2 2 1 1 1 0 0 0 0 0 2 2 2 1 1 1 0 0 0 0 0 2 2 2 1 1 1 0 0 0 0 0 2 2 1 1 1 1 0 0 0 0 0 2 2 1 1 1 1 0 0 0 0 0 2 2 1 1 1 1 0 0 0 0 0 2 2 1 1 1 1 0 0 0 0 0 1 2 1 1 1 1 0 0 0 0 0 1 2 1 1 1 1 0 0 0 0 0 1 2 1 1 1 1 0 0 0 0 0 1 1 1 1 1 1 0 0 0 0 0 1 1 1 1 1 1 0 0 0 0 0 1 1 1 1 1 1 0 0 0 0 0 1 1 1 1 1 1 0 0 0 0 0 1 1 1 1 1 1 0 0 0 0 0 1 1 1 1 1 0 0 0 0 0 0 1 1 1 1 1 0 0 0 0 0 0 1 1 1 1 1 0 0 0 0 0 0 1 1 1 1 1 0 0 0 0 0 0 1 1 1 1 1 0 0 0 0 0 0 0 1 1 1 1 0 0 0 0 0 0 0 1 1 1 1 0 0 0 0 0 0 0 1 1 1 1 0 0 0 0 0 0 0 1 1 1 1 0 0 0 0 0 0 0 1 1 1 1 0 0 0 0 0 0 0 1 1 1 1 0 0 0 0 0 0 0 1 1 1 1 0 0 0 0 0 0 0 1 1 1 1 0 0 0 0 0 0 0 1 1 1 0 0 0 0 0 0 0 0 1 1 1 0 0 0 0 0 0 0 0 0 1 1 0 0 0 0 0 0 0 0 0 1 1 0 0 0 0 0 0 0 0 0 1 1 0 0 0 0 0 0 0 0 0 1 0 0 0 0 0 0 0 0 0 0 0 0 0 0 0 0
estimated_attenuation.size=902
estimated_attenuation.data=0.00 0.00 0.00 0.00 0.00 0.00 0.00 0.00 0.00 0.00 0.00 0.00 0.00 0.00 0.00 0.00 0.00 0.00 0.00 0.00 0.00 0.00 0.00 0.00 0.00 0.00 0.00 0.00 0.00 0.00 0.00 0.00 0.00 0.00 0.00 0.00 0.00 0.00 0.00 0.00 0.00 0.00 0.00 0.00 0.00 0.00 0.00 0.00 0.00 0.00 0.00 0.00 0.00 0.00 0.00 0.00 0.00 0.00 0.00 0.00 0.00 0.00 0.00 0.00 0.00 0.00 0.00 0.00 0.00 0.00 0.00 0.00 0.00 0.00 0.00 0.00 0.00 0.00 0.00 0.00 0.00 0.00 0.00 0.00 0.00 0.00 0.00 0.00 0.00 0.00 0.00 0.00 0.00 0.00 0.00 0.00 0.00 0.00 0.00 0.00 0.00 0.00 0.00 0.00 0.00 0.00 0.00 0.00 0.00 0.00 0.00 0.00 0.00 0.00 0.00 0.00 0.00 0.00 0.00 0.00 0.00 0.00 0.00 0.00 0.00 0.00 0.00 0.00 0.00 0.00 0.00 0.00 0.00 0.00 0.00 0.00 0.00 0.00 0.00 0.00 0.00 0.00 0.00 0.00 0.00 0.00 0.00 0.00 0.00 0.00 0.00 0.00 0.00 0.00 0.00 0.00 0.00 0.00 0.00 0.00 0.00 0.00 0.00 0.00 0.00 0.00 0.00 0.00 0.00 0.00 0.00 0.00 0.00 0.00 0.00 0.00 0.00 0.00 0.00 0.00 0.00 0.00 0.00 0.00 0.00 0.00 0.00 0.00 0.00 0.00 0.00 0.00 0.00 0.00 0.00 0.00 0.00 0.00 0.00 0.00 0.00 0.00 0.00 0.00 0.00 0.00 0.00 0.00 0.00 0.00 0.00 0.00 0.00 0.00 0.00 0.00 0.00 0.00 0.00 0.00 0.00 0.00 0.00 0.00 0.00 0.00 0.00 0.00 0.00 0.00 0.00 0.00 0.00 0.00 0.00 0.00 0.00 0.00 0.00 0.00 0.00 0.00 0.00 0.00 0.00 0.00 0.00 0.00 0.00 0.00 0.00 0.00 0.00 0.00 0.00 0.00 0.00 0.00 0.00 0.00 0.00 0.00 0.00 0.00 0.00 0.00 0.00 0.00 0.00 0.00 0.00 0.00 0.00 0.00 0.00 0.00 0.00 0.00 0.00 0.00 0.00 0.00 0.00 0.00 0.00 0.00 0.00 0.00 0.00 0.00 0.00 0.00 0.00 0.00 0.00 0.00 0.00 0.00 0.00 0.00 0.00 0.00 0.00 0.00 0.00 0.00 0.00 0.00 0.00 0.00 0.00 0.00 0.00 0.00 0.00 0.00 0.00 0.00 0.00 0.00 0.00 0.00 0.00 0.00 0.00 0.00 0.00 0.00 0.00 0.00 0.00 0.00 0.00 0.00 0.00 0.00 0.00 0.00 0.00 0.00 0.00 0.00 0.00 0.00 0.00 0.00 0.00 0.00 0.00 0.00 0.00 0.00 0.00 0.00 0.00 0.00 0.00 0.00 0.00 0.00 0.00 0.00 0.00 0.00 0.00 0.00 0.00 0.00 0.00 0.00 0.00 0.00 0.00 0.00 0.00 0.00 0.00 0.00 0.00 0.00 0.00 0.00 0.00 0.00 0.00 0.00 0.00 0.00 0.00 0.00 0.00 0.00 0.00 0.00 0.00 0.00 0.00 0.00 0.00 0.00 0.00 0.00 0.00 0.00 0.00 0.00 0.00 0.00 0.00 0.00 0.00 0.00 0.00 0.00 0.00 0.00 0.00 0.00 0.00 0.00 0.00 0.00 0.00 0.00 0.00 0.00 0.00 0.00 0.00 0.00 0.00 0.00 0.00 0.00 0.00 0.00 0.00 0.00 0.00 0.00 0.00 0.00 0.00 0.00 0.00 0.00 0.00 0.00 0.00 0.00 0.00 0.00 0.00 0.00 0.00 0.00 0.00 0.00 0.00 0.00 0.00 0.00 0.00 0.00 0.00 0.00 0.00 0.00 0.00 0.00 0.00 0.00 0.00 0.00 0.00 0.00 0.00 0.00 0.00 0.00 0.00 0.00 0.00 0.00 0.00 0.00 0.00 0.00 0.00 0.00 0.00 0.00 0.00 0.00 0.00 0.00 0.00 0.00 0.00 0.00 0.00 0.00 0.00 0.00 0.00 0.00 0.00 0.00 0.00 0.00 0.00 0.00 0.00 0.00 0.00 0.00 0.00 0.00 0.00 0.00 0.00 0.00 0.00 0.00 0.00 0.00 0.00 0.00 0.00 0.00 0.00 0.00 0.00 0.00 0.00 0.00 0.00 0.00 0.00 0.00 0.00 0.00 0.00 0.00 0.00 0.00 0.00 0.00 0.00 0.00 0.00 0.00 0.00 0.00 0.00 0.00 0.00 0.00 0.00 0.00 0.00 0.00 0.00 0.00 0.00 0.00 0.00 0.00 0.00 0.00 0.00 0.00 0.00 0.00 0.00 0.00 0.00 0.00 0.00 0.00 0.00 0.00 0.00 0.00 0.00 0.00 0.00 0.00 0.00 0.00 0.00 0.00 0.00 0.00 0.00 0.00 0.00 0.00 0.00 0.00 0.00 0.00 0.00 0.00 0.00 0.00 0.00 0.00 0.00 0.00 0.00 0.00 0.00 0.00 0.00 0.00 0.00 0.00 0.00 0.00 0.00 0.00 0.00 0.00 0.00 0.00 0.00 0.00 0.00 0.00 0.00 0.00 0.00 0.00 0.00 0.00 0.00 0.00 0.00 0.00 0.00 0.00 0.00 0.00 0.00 0.00 0.00 0.00 0.00 0.00 0.00 0.00 0.00 0.00 0.00 0.00 0.00 0.00 0.00 0.00 0.00 0.00 0.00 0.00 0.00 0.00 0.00 0.00 0.00 0.00 0.00 0.00 0.00 0.00 0.00 0.00 0.00 0.00 0.00 0.00 0.00 0.00 0.00 0.00 0.00 0.00 0.00 0.00 0.00 0.00 0.00 0.00 0.00 0.00 0.00 0.00 0.00 0.00 0.00 0.00 0.00 0.00 0.00 0.00 0.00 0.00 0.00 0.00 0.00 0.00 0.00 0.00 0.00 0.00 0.00 0.00 0.00 0.00 0.00 0.00 0.00 0.00 0.00 0.00 0.00 0.00 0.00 0.00 0.00 0.00 0.00 0.00 0.00 0.00 0.00 0.00 0.00 0.00 0.00 0.00 0.00 0.00 0.00 0.00 0.00 0.00 0.00 0.00 0.00 0.00 0.00 0.00 0.00 0.00 0.00 0.00 0.00 0.00 0.00 0.00 0.00 0.00 0.00 0.00 0.00 0.00 0.00 0.00 0.00 0.00 0.00 0.00 0.00 0.00 0.00 0.00 0.00 0.00 0.00 0.00 0.00 0.00 0.00 0.00 0.00 0.00 0.00 0.00 0.00 0.00 0.00 0.00 0.00 0.00 0.00 0.00 0.00 0.00 0.00 0.00 0.00 0.00 0.00 0.00 0.00 0.00 0.00 0.00 0.00 0.00 0.00 0.00 0.00 0.00 0.00 0.00 0.00 0.00 0.00 0.00 0.00 0.00 0.00 0.00 0.00 0.00 0.00 0.00 0.00 0.00 0.00 0.00 0.00 0.00 0.00 0.00 0.00 0.00 0.00 0.00 0.00 0.00 0.00 0.00 0.00 0.00 0.00 0.00 0.00 0.00 0.00 0.00 0.00 0.00 0.00 0.00 0.00 0.00 0.00 0.00 0.00 0.00 0.00 0.00 0.00 0.00 0.00 0.00 0.00 0.00 0.00 0.00 0.00 0.00 0.00 0.00 0.00 0.00 0.00 0.00 0.00 0.00 0.00 0.00 0.00 0.00 0.00 0.00 0.00 0.00 0.00 0.00 0.00 0.00 0.00 0.00 0.00 0.00 0.00 0.00 0.00 0.00
height.size=902
height.data=5434.66 5434.66 5434.66 5434.66 5434.66 5434.66 5434.66 5434.66 5434.66 5434.66 5434.66 5445.02 5445.02 5445.02 5445.02 5445.02 5445.02 5445.02 5445.02 5445.02 5445.02 5445.02 5455.38 5455.38 5455.38 5455.38 5455.38 5455.38 5455.38 5455.38 5455.38 5455.38 5455.38 5465.76 5465.76 5465.76 5465.76 5465.76 5465.76 5465.76 5465.76 5465.76 5465.76 5465.76 5476.14 5476.14 5476.14 5476.14 5476.14 5476.14 5476.14 5476.14 5476.14 5476.14 5476.14 5486.53 5486.53 5486.53 5486.53 5486.53 5486.53 5486.53 5486.53 5486.53 5486.53 5486.53 5496.93 5496.93 5496.93 5496.93 5496.93 5496.93 5496.93 5496.93 5496.93 5496.93 5496.93 5507.34 5507.34 5507.34 5507.34 5507.34 5507.34 5507.34 5507.34 5507.34 5507.34 5507.34 5517.75 5517.75 5517.75 5517.75 5517.75 5517.75 5517.75 5517.75 5517.75 5517.75 5517.75 5528.17 5528.17 5528.17 5528.17 5528.17 5528.17 5528.17 5528.17 5528.17 5528.17 5528.17 5538.59 5538.59 5538.59 5538.59 5538.59 5538.59 5538.59 5538.59 5538.59 5538.59 5538.59 5549.03 5549.03 5549.03 5549.03 5549.03 5549.03 5549.03 5549.03 5549.03 5549.03 5549.03 5559.47 5559.47 5559.47 5559.47 5559.47 5559.47 5559.47 5559.47 5559.47 5559.47 5559.47 5569.92 5569.92 5569.92 5569.92 5569.92 5569.92 5569.92 5569.92 5569.92 5569.92 5569.92 5580.37 5580.37 5580.37 5580.37 5580.37 5580.37 5580.37 5580.37 5580.37 5580.37 5580.37 5590.84 5590.84 5590.84 5590.84 5590.84 5590.84 5590.84 5590.84 5590.84 5590.84 5590.84 5601.31 5601.31 5601.31 5601.31 5601.31 5601.31 5601.31 5601.31 5601.31 5601.31 5601.31 5611.79 5611.79 5611.79 5611.79 5611.79 5611.79 5611.79 5611.79 5611.79 5611.79 5611.79 5622.27 5622.27 5622.27 5622.27 5622.27 5622.27 5622.27 5622.27 5622.27 5622.27 5622.27 5632.77 5632.77 5632.77 5632.77 5632.77 5632.77 5632.77 5632.77 5632.77 5632.77 5632.77 5643.27 5643.27 5643.27 5643.27 5643.27 5643.27 5643.27 5643.27 5643.27 5643.27 5643.27 5653.77 5653.77 5653.77 5653.77 5653.77 5653.77 5653.77 5653.77 5653.77 5653.77 5653.77 5664.29 5664.29 5664.29 5664.29 5664.29 5664.29 5664.29 5664.29 5664.29 5664.29 5664.29 5674.81 5674.81 5674.81 5674.81 5674.81 5674.81 5674.81 5674.81 5674.81 5674.81 5674.81 5685.34 5685.34 5685.34 5685.34 5685.34 5685.34 5685.34 5685.34 5685.34 5685.34 5685.34 5695.88 5695.88 5695.88 5695.88 5695.88 5695.88 5695.88 5695.88 5695.88 5695.88 5695.88 5706.42 5706.42 5706.42 5706.42 5706.42 5706.42 5706.42 5706.42 5706.42 5706.42 5706.42 5716.97 5716.97 5716.97 5716.97 5716.97 5716.97 5716.97 5716.97 5716.97 5716.97 5716.97 5727.53 5727.53 5727.53 5727.53 5727.53 5727.53 5727.53 5727.53 5727.53 5727.53 5727.53 5738.10 5738.10 5738.10 5738.10 5738.10 5738.10 5738.10 5738.10 5738.10 5738.10 5738.10 5748.67 5748.67 5748.67 5748.67 5748.67 5748.67 5748.67 5748.67 5748.67 5748.67 5748.67 5759.25 5759.25 5759.25 5759.25 5759.25 5759.25 5759.25 5759.25 5759.25 5759.25 5759.25 5769.84 5769.84 5769.84 5769.84 5769.84 5769.84 5769.84 5769.84 5769.84 5769.84 5769.84 5780.44 5780.44 5780.44 5780.44 5780.44 5780.44 5780.44 5780.44 5780.44 5780.44 5780.44 5791.04 5791.04 5791.04 5791.04 5791.04 5791.04 5791.04 5791.04 5791.04 5791.04 5791.04 5801.65 5801.65 5801.65 5801.65 5801.65 5801.65 5801.65 5801.65 5801.65 5801.65 5801.65 5812.27 5812.27 5812.27 5812.27 5812.27 5812.27 5812.27 5812.27 5812.27 5812.27 5812.27 5822.89 5822.89 5822.89 5822.89 5822.89 5822.89 5822.89 5822.89 5822.89 5822.89 5822.89 5833.53 5833.53 5833.53 5833.53 5833.53 5833.53 5833.53 5833.53 5833.53 5833.53 5833.53 5844.17 5844.17 5844.17 5844.17 5844.17 5844.17 5844.17 5844.17 5844.17 5844.17 5844.17 5854.81 5854.81 5854.81 5854.81 5854.81 5854.81 5854.81 5854.81 5854.81 5854.81 5854.81 5865.47 5865.47 5865.47 5865.47 5865.47 5865.47 5865.47 5865.47 5865.47 5865.47 5865.47 5876.13 5876.13 5876.13 5876.13 5876.13 5876.13 5876.13 5876.13 5876.13 5876.13 5876.13 5886.80 5886.80 5886.80 5886.80 5886.80 5886.80 5886.80 5886.80 5886.80 5886.80 5886.80 5897.48 5897.48 5897.48 5897.48 5897.48 5897.48 5897.48 5897.48 5897.48 5897.48 5897.48 5908.16 5908.16 5908.16 5908.16 5908.16 5908.16 5908.16 5908.16 5908.16 5908.16 5908.16 5918.85 5918.85 5918.85 5918.85 5918.85 5918.85 5918.85 5918.85 5918.85 5918.85 5918.85 5929.55 5929.55 5929.55 5929.55 5929.55 5929.55 5929.55 5929.55 5929.55 5929.55 5929.55 5940.25 5940.25 5940.25 5940.25 5940.25 5940.25 5940.25 5940.25 5940.25 5940.25 5940.25 5950.97 5950.97 5950.97 5950.97 5950.97 5950.97 5950.97 5950.97 5950.97 5950.97 5950.97 5961.69 5961.69 5961.69 5961.69 5961.69 5961.69 5961.69 5961.69 5961.69 5961.69 5961.69 5972.42 5972.42 5972.42 5972.42 5972.42 5972.42 5972.42 5972.42 5972.42 5972.42 5972.42 5983.15 5983.15 5983.15 5983.15 5983.15 5983.15 5983.15 5983.15 5983.15 5983.15 5983.15 5993.89 5993.89 5993.89 5993.89 5993.89 5993.89 5993.89 5993.89 5993.89 5993.89 5993.89 6004.64 6004.64 6004.64 6004.64 6004.64 6004.64 6004.64 6004.64 6004.64 6004.64 6004.64 6015.40 6015.40 6015.40 6015.40 6015.40 6015.40 6015.40 6015.40 6015.40 6015.40 6015.40 6026.17 6026.17 6026.17 6026.17 6026.17 6026.17 6026.17 6026.17 6026.17 6026.17 6026.17 6036.94 6036.94 6036.94 6036.94 6036.94 6036.94 6036.94 6036.94 6036.94 6036.94 6036.94 6047.72 6047.72 6047.72 6047.72 6047.72 6047.72 6047.72 6047.72 6047.72 6047.72 6047.72 6058.50 6058.50 6058.50 6058.50 6058.50 6058.50 6058.50 6058.50 6058.50 6058.50 6058.50 6069.30 6069.30 6069.30 6069.30 6069.30 6069.30 6069.30 6069.30 6069.30 6069.30 6069.30 6080.10 6080.10 6080.10 6080.10 6080.10 6080.10 6080.10 6080.10 6080.10 6080.10 6080.10 6090.91 6090.91 6090.91 6090.91 6090.91 6090.91 6090.91 6090.91 6090.91 6090.91 6090.91 6101.72 6101.72 6101.72 6101.72 6101.72 6101.72 6101.72 6101.72 6101.72 6101.72 6101.72 6112.55 6112.55 6112.55 6112.55 6112.55 6112.55 6112.55 6112.55 6112.55 6112.55 6112.55 6123.38 6123.38 6123.38 6123.38 6123.38 6123.38 6123.38 6123.38 6123.38 6123.38 6123.38 6134.21 6134.21 6134.21 6134.21 6134.21 6134.21 6134.21 6134.21 6134.21 6134.21 6134.21 6145.06 6145.06 6145.06 6145.06 6145.06 6145.06 6145.06 6145.06 6145.06 6145.06 6145.06 6155.91 6155.91 6155.91 6155.91 6155.91 6155.91 6155.91 6155.91 6155.91 6155.91 6155.91 6166.77 6166.77 6166.77 6166.77 6166.77 6166.77 6166.77 6166.77 6166.77 6166.77 6166.77 6177.64 6177.64 6177.64 6177.64 6177.64 6177.64 6177.64 6177.64 6177.64 6177.64 6177.64 6188.51 6188.51 6188.51 6188.51 6188.51 6188.51 6188.51 6188.51 6188.51 6188.51 6188.51 6199.40 6199.40 6199.40 6199.40 6199.40 6199.40 6199.40 6199.40 6199.40 6199.40 6199.40 6210.29 6210.29 6210.29 6210.29 6210.29 6210.29 6210.29 6210.29 6210.29 6210.29 6210.29 6221.18 6221.18 6221.18 6221.18 6221.18 6221.18 6221.18 6221.18 6221.18 6221.18 6221.18 6232.09 6232.09 6232.09 6232.09 6232.09 6232.09 6232.09 6232.09 6232.09 6232.09 6232.09 6243.00 6243.00 6243.00 6243.00 6243.00 6243.00 6243.00 6243.00 6243.00 6243.00 6243.00 6253.92 6253.92 6253.92 6253.92 6253.92 6253.92 6253.92 6253.92 6253.92 6253.92 6253.92 6264.84 6264.84 6264.84 6264.84 6264.84 6264.84 6264.84 6264.84 6264.84 6264.84 6264.84 6275.77 6275.77 6275.77 6275.77 6275.77 6275.77 6275.77 6275.77 6275.77 6275.77 6275.77 6286.72 6286.72 6286.72 6286.72 6286.72 6286.72 6286.72 6286.72 6286.72 6286.72 6286.72 6297.66 6297.66 6297.66 6297.66 6297.66 6297.66 6297.66 6297.66 6297.66 6297.66 6297.66
=== END RADAR_SCAN ===

=== BEGIN RADAR_SCAN ===
scan.index=14
scan.time=169.330000
radar.id=0
radar.frequency=C
radar.scanning_mode=PPI
radar.x=0.000
radar.y=0.000
radar.z=25.000
radar.maximum_range=250000.000
radar.range_resolution=250.000
radar.angular_resolution=1.000000
box.radar_id=0
box.min_range_gate=696.000
box.max_range_gate=777.000
box.min_angle=97.000000
box.max_angle=108.000000
box.num_ranges=82
box.num_angles=11
box.range_resolution=250.000
box.angular_resolution=1.000000
box.other_angle=0.300000
grid.size=902
grid.data=0.00 0.00 0.00 0.00 0.00 0.00 0.00 0.00 0.00 0.00 0.00 0.00 0.00 0.00 0.00 0.00 0.00 0.00 0.00 0.00 0.00 0.00 0.00 0.00 0.00 0.00 0.00 30.18 0.00 0.00 0.00 0.00 0.00 0.00 0.00 0.00 0.00 0.00 30.67 33.62 0.00 0.00 0.00 0.00 0.00 0.00 0.00 0.00 0.00 35.93 33.91 0.00 0.00 0.00 0.00 0.00 0.00 0.00 0.00 32.38 31.39 35.26 0.00 0.00 0.00 0.00 0.00 0.00 0.00 0.00 34.66 30.21 34.72 0.00 0.00 0.00 0.00 0.00 0.00 0.00 0.00 36.02 30.83 35.55 0.00 0.00 0.00 0.00 0.00 0.00 0.00 0.00 32.28 32.03 29.84 32.47 0.00 0.00 0.00 0.00 0.00 0.00 0.00 33.87 30.78 34.68 33.96 0.00 0.00 0.00 0.00 0.00 0.00 0.00 36.83 31.46 32.49 36.77 0.00 0.00 0.00 0.00 0.00 0.00 0.00 33.94 28.76 31.37 30.64 0.00 0.00 0.00 0.00 0.00 0.00 0.00 35.72 31.95 36.92 36.50 0.00 0.00 0.00 0.00 0.00 0.00 0.00 33.77 34.39 38.75 36.54 0.00 0.00 0.00 0.00 0.00 0.00 0.00 32.44 34.09 28.09 36.32 0.00 0.00 0.00 0.00 0.00 0.00 32.64 30.25 33.39 34.05 36.86 0.00 0.00 0.00 0.00 0.00 0.00 29.95 35.19 31.06 36.30 32.55 0.00 0.00 0.00 0.00 0.00 0.00 36.72 30.76 35.62 32.26 35.67 0.00 0.00 0.00 0.00 0.00 0.00 31.63 40.79 34.81 31.21 33.38 0.00 0.00 0.00 0.00 0.00 0.00 34.90 38.96 31.96 34.33 33.28 0.00 0.00 0.00 0.00 0.00 0.00 30.64 38.81 33.03 34.08 37.55 32.37 0.00 0.00 0.00 0.00 0.00 39.12 37.59 31.28 38.51 35.41 35.51 0.00 0.00 0.00 0.00 0.00 37.27 40.26 38.03 36.13 34.00 34.17 0.00 0.00 0.00 0.00 0.00 42.14 40.75 36.07 33.14 34.49 33.32 0.00 0.00 0.00 0.00 0.00 39.88 44.66 32.56 34.44 33.23 32.99 0.00 0.00 0.00 0.00 0.00 35.23 43.89 43.93 35.53 30.91 33.52 0.00 0.00 0.00 0.00 0.00 40.11 38.28 42.73 33.36 27.34 33.76 0.00 0.00 0.00 0.00 0.00 36.79 39.49 41.30 33.77 38.34 34.59 0.00 0.00 0.00 0.00 0.00 42.17 37.88 42.27 33.42 31.56 31.89 0.00 0.00 0.00 0.00 0.00 45.35 41.34 41.56 36.39 32.78 35.51 0.00 0.00 0.00 0.00 0.00 38.07 37.49 41.81 34.51 35.34 36.28 0.00 0.00 0.00 0.00 0.00 44.13 41.51 44.05 31.15 37.86 33.98 0.00 0.00 0.00 0.00 0.00 37.99 40.33 39.89 33.67 36.62 33.45 0.00 0.00 0.00 0.00 0.00 45.86 38.53 38.40 36.52 29.12 30.51 0.00 0.00 0.00 0.00 0.00 35.11 42.11 37.49 34.16 36.34 35.45 0.00 0.00 0.00 0.00 0.00 45.12 40.04 40.20 31.35 33.96 37.02 0.00 0.00 0.00 0.00 0.00 41.75 42.08 39.54 35.41 31.58 31.67 0.00 0.00 0.00 0.00 0.00 45.91 42.73 37.40 32.84 36.44 31.40 0.00 0.00 0.00 0.00 0.00 39.34 44.63 49.14 29.92 32.21 33.49 0.00 0.00 0.00 0.00 0.00 41.88 44.85 43.83 33.79 31.72 30.61 0.00 0.00 0.00 0.00 0.00 38.81 36.26 36.54 38.56 33.84 33.47 0.00 0.00 0.00 0.00 0.00 45.36 38.73 39.12 35.18 34.30 32.78 0.00 0.00 0.00 0.00 0.00 40.15 37.29 42.63 34.70 27.12 30.53 0.00 0.00 0.00 0.00 0.00 39.09 41.46 42.04 35.78 33.51 36.81 0.00 0.00 0.00 0.00 0.00 41.93 40.07 43.40 37.88 33.85 32.95 0.00 0.00 0.00 0.00 0.00 34.12 41.35 41.12 31.70 33.50 30.28 0.00 0.00 0.00 0.00 0.00 47.15 40.41 39.10 34.17 33.48 29.85 0.00 0.00 0.00 0.00 0.00 40.95 37.76 38.50 33.30 34.80 29.30 0.00 0.00 0.00 0.00 0.00 41.68 43.27 41.66 35.73 30.12 33.58 0.00 0.00 0.00 0.00 0.00 45.18 40.78 40.28 36.70 33.11 36.11 0.00 0.00 0.00 0.00 0.00 43.46 43.91 41.17 33.76 31.81 34.79 0.00 0.00 0.00 0.00 0.00 44.40 40.21 34.11 37.70 38.02 35.32 0.00 0.00 0.00 0.00 0.00 46.69 42.95 34.23 31.52 33.50 35.37 0.00 0.00 0.00 0.00 0.00 44.09 41.48 35.58 35.74 38.24 34.98 0.00 0.00 0.00 0.00 0.00 46.96 41.51 34.56 37.08 32.51 35.36 0.00 0.00 0.00 0.00 0.00 29.42 44.93 37.17 38.53 32.68 37.47 0.00 0.00 0.00 0.00 0.00 34.95 40.98 35.75 33.40 37.34 38.04 0.00 0.00 0.00 0.00 0.00 34.44 42.08 33.66 29.66 33.46 36.13 0.00 0.00 0.00 0.00 0.00 31.27 31.37 35.21 34.74 33.92 32.37 0.00 0.00 0.00 0.00 0.00 34.08 34.27 35.01 34.11 36.40 35.11 0.00 0.00 0.00 0.00 0.00 32.97 34.94 32.98 31.32 34.44 32.64 0.00 0.00 0.00 0.00 0.00 40.07 35.28 37.34 35.63 31.24 34.51 0.00 0.00 0.00 0.00 0.00 35.77 36.18 34.43 37.74 33.09 0.00 0.00 0.00 0.00 0.00 0.00 31.95 34.64 35.90 38.57 36.85 0.00 0.00 0.00 0.00 0.00 0.00 35.96 35.24 38.05 30.60 40.05 0.00 0.00 0.00 0.00 0.00 0.00 32.70 28.74 37.63 34.54 33.84 0.00 0.00 0.00 0.00 0.00 0.00 38.56 32.49 33.37 35.95 35.19 0.00 0.00 0.00 0.00 0.00 0.00 31.52 31.90 36.02 32.08 35.24 0.00 0.00 0.00 0.00 0.00 0.00 0.00 38.29 32.23 34.36 33.04 0.00 0.00 0.00 0.00 0.00 0.00 0.00 29.50 32.64 40.84 34.95 0.00 0.00 0.00 0.00 0.00 0.00 0.00 35.76 33.37 34.14 31.86 0.00 0.00 0.00 0.00 0.00 0.00 0.00 31.36 33.68 35.98 36.28 0.00 0.00 0.00 0.00 0.00 0.00 0.00 41.14 37.97 33.00 35.89 0.00 0.00 0.00 0.00 0.00 0.00 0.00 36.60 34.51 38.27 33.87 0.00 0.00 0.00 0.00 0.00 0.00 0.00 35.09 33.93 39.66 37.77 0.00 0.00 0.00 0.00 0.00 0.00 0.00 34.05 31.53 32.47 0.00 0.00 0.00 0.00 0.00 0.00 0.00 0.00 34.64 28.94 37.18 0.00 0.00 0.00 0.00 0.00 0.00 0.00 0.00 33.95 38.20 35.97 0.00 0.00 0.00 0.00 0.00 0.00 0.00 0.00 0.00 37.88 36.97 0.00 0.00 0.00 0.00 0.00 0.00 0.00 0.00 0.00 38.77 33.84 0.00 0.00 0.00 0.00 0.00 0.00 0.00 0.00 0.00 35.06 35.89 0.00 0.00 0.00 0.00 0.00 0.00 0.00 0.00 0.00 33.28 0.00 0.00 0.00 0.00 0.00
rain_type.data=0 0 0 0 0 0 0 0 0 0 0 0 0 0 0 0 0 0 0 0 0 0 0 0 0 0 0 1 0 0 0 0 0 0 0 0 0 0 1 1 0 0 0 0 0 0 0 0 0 1 1 0 0 0 0 0 0 0 0 1 1 1 0 0 0 0 0 0 0 0 1 1 1 0 0 0 0 0 0 0 0 1 1 1 0 0 0 0 0 0 0 0 1 1 1 1 0 0 0 0 0 0 0 1 1 1 1 0 0 0 0 0 0 0 1 1 1 1 0 0 0 0 0 0 0 1 1 1 1 0 0 0 0 0 0 0 1 1 1 1 0 0 0 0 0 0 0 1 1 1 1 0 0 0 0 0 0 0 1 1 1 1 0 0 0 0 0 0 1 1 1 1 1 0 0 0 0 0 0 1 1 1 1 1 0 0 0 0 0 0 1 1 1 1 1 0 0 0 0 0 0 1 2 1 1 1 0 0 0 0 0 0 1 2 1 1 1 0 0 0 0 0 0 1 2 1 1 1 1 0 0 0 0 0 2 2 1 1 1 1 0 0 0 0 0 2 2 1 1 1 1 0 0 0 0 0 2 2 1 1 1 1 0 0 0 0 0 2 2 1 1 1 1 0 0 0 0 0 2 2 2 1 1 1 0 0 0 0 0 2 2 2 1 1 1 0 0 0 0 0 2 2 2 1 1 1 0 0 0 0 0 2 2 2 1 1 1 0 0 0 0 0 2 2 2 1 1 1 0 0 0 0 0 2 2 2 1 1 1 0 0 0 0 0 2 2 2 1 1 1 0 0 0 0 0 2 2 2 1 1 1 0 0 0 0 0 2 2 2 1 1 1 0 0 0 0 0 2 2 2 1 1 1 0 0 0 0 0 2 2 2 1 1 1 0 0 0 0 0 2 2 2 1 1 1 0 0 0 0 0 2 2 2 1 1 1 0 0 0 0 0 2 2 2 1 1 1 0 0 0 0 0 2 2 2 1 1 1 0 0 0 0 0 2 2 2 1 1 1 0 0 0 0 0 2 2 2 1 1 1 0 0 0 0 0 2 2 2 1 1 1 0 0 0 0 0 2 2 2 1 1 1 0 0 0 0 0 2 2 2 1 1 1 0 0 0 0 0 2 2 2 1 1 1 0 0 0 0 0 2 2 2 1 1 1 0 0 0 0 0 2 2 2 1 1 1 0 0 0 0 0 2 2 2 1 1 1 0 0 0 0 0 2 2 2 1 1 1 0 0 0 0 0 2 2 2 1 1 1 0 0 0 0 0 2 2 1 1 1 1 0 0 0 0 0 2 2 1 1 1 1 0 0 0 0 0 2 2 1 1 1 1 0 0 0 0 0 2 2 1 1 1 1 0 0 0 0 0 1 2 1 1 1 1 0 0 0 0 0 1 2 1 1 1 1 0 0 0 0 0 1 2 1 1 1 1 0 0 0 0 0 1 1 1 1 1 1 0 0 0 0 0 1 1 1 1 1 1 0 0 0 0 0 1 1 1 1 1 1 0 0 0 0 0 1 1 1 1 1 1 0 0 0 0 0 1 1 1 1 1 0 0 0 0 0 0 1 1 1 1 1 0 0 0 0 0 0 1 1 1 1 1 0 0 0 0 0 0 1 1 1 1 1 0 0 0 0 0 0 1 1 1 1 1 0 0 0 0 0 0 1 1 1 1 1 0 0 0 0 0 0 0 1 1 1 1 0 0 0 0 0 0 0 1 1 1 1 0 0 0 0 0 0 0 1 1 1 1 0 0 0 0 0 0 0 1 1 1 1 0 0 0 0 0 0 0 1 1 1 1 0 0 0 0 0 0 0 1 1 1 1 0 0 0 0 0 0 0 1 1 1 1 0 0 0 0 0 0 0 1 1 1 0 0 0 0 0 0 0 0 1 1 1 0 0 0 0 0 0 0 0 1 1 1 0 0 0 0 0 0 0 0 0 1 1 0 0 0 0 0 0 0 0 0 1 1 0 0 0 0 0 0 0 0 0 1 1 0 0 0 0 0 0 0 0 0 1 0 0 0 0 0
estimated_attenuation.size=902
estimated_attenuation.data=0.00 0.00 0.00 0.00 0.00 0.00 0.00 0.00 0.00 0.00 0.00 0.00 0.00 0.00 0.00 0.00 0.00 0.00 0.00 0.00 0.00 0.00 0.00 0.00 0.00 0.00 0.00 0.00 0.00 0.00 0.00 0.00 0.00 0.00 0.00 0.00 0.00 0.00 0.00 0.00 0.00 0.00 0.00 0.00 0.00 0.00 0.00 0.00 0.00 0.00 0.00 0.00 0.00 0.00 0.00 0.00 0.00 0.00 0.00 0.00 0.00 0.00 0.00 0.00 0.00 0.00 0.00 0.00 0.00 0.00 0.00 0.00 0.00 0.00 0.00 0.00 0.00 0.00 0.00 0.00 0.00 0.00 0.00 0.00 0.00 0.00 0.00 0.00 0.00 0.00 0.00 0.00 0.00 0.00 0.00 0.00 0.00 0.00 0.00 0.00 0.00 0.00 0.00 0.00 0.00 0.00 0.00 0.00 0.00 0.00 0.00 0.00 0.00 0.00 0.00 0.00 0.00 0.00 0.00 0.00 0.00 0.00 0.00 0.00 0.00 0.00 0.00 0.00 0.00 0.00 0.00 0.00 0.00 0.00 0.00 0.00 0.00 0.00 0.00 0.00 0.00 0.00 0.00 0.00 0.00 0.00 0.00 0.00 0.00 0.00 0.00 0.00 0.00 0.00 0.00 0.00 0.00 0.00 0.00 0.00 0.00 0.00 0.00 0.00 0.00 0.00 0.00 0.00 0.00 0.00 0.00 0.00 0.00 0.00 0.00 0.00 0.00 0.00 0.00 0.00 0.00 0.00 0.00 0.00 0.00 0.00 0.00 0.00 0.00 0.00 0.00 0.00 0.00 0.00 0.00 0.00 0.00 0.00 0.00 0.00 0.00 0.00 0.00 0.00 0.00 0.00 0.00 0.00 0.00 0.00 0.00 0.00 0.00 0.00 0.00 0.00 0.00 0.00 0.00 0.00 0.00 0.00 0.00 0.00 0.00 0.00 0.00 0.00 0.00 0.00 0.00 0.00 0.00 0.00 0.00 0.00 0.00 0.00 0.00 0.00 0.00 0.00 0.00 0.00 0.00 0.00 0.00 0.00 0.00 0.00 0.00 0.00 0.00 0.00 0.00 0.00 0.00 0.00 0.00 0.00 0.00 0.00 0.00 0.00 0.00 0.00 0.00 0.00 0.00 0.00 0.00 0.00 0.00 0.00 0.00 0.00 0.00 0.00 0.00 0.00 0.00 0.00 0.00 0.00 0.00 0.00 0.00 0.00 0.00 0.00 0.00 0.00 0.00 0.00 0.00 0.00 0.00 0.00 0.00 0.00 0.00 0.00 0.00 0.00 0.00 0.00 0.00 0.00 0.00 0.00 0.00 0.00 0.00 0.00 0.00 0.00 0.00 0.00 0.00 0.00 0.00 0.00 0.00 0.00 0.00 0.00 0.00 0.00 0.00 0.00 0.00 0.00 0.00 0.00 0.00 0.00 0.00 0.00 0.00 0.00 0.00 0.00 0.00 0.00 0.00 0.00 0.00 0.00 0.00 0.00 0.00 0.00 0.00 0.00 0.00 0.00 0.00 0.00 0.00 0.00 0.00 0.00 0.00 0.00 0.00 0.00 0.00 0.00 0.00 0.00 0.00 0.00 0.00 0.00 0.00 0.00 0.00 0.00 0.00 0.00 0.00 0.00 0.00 0.00 0.00 0.00 0.00 0.00 0.00 0.00 0.00 0.00 0.00 0.00 0.00 0.00 0.00 0.00 0.00 0.00 0.00 0.00 0.00 0.00 0.00 0.00 0.00 0.00 0.00 0.00 0.00 0.00 0.00 0.00 0.00 0.00 0.00 0.00 0.00 0.00 0.00 0.00 0.00 0.00 0.00 0.00 0.00 0.00 0.00 0.00 0.00 0.00 0.00 0.00 0.00 0.00 0.00 0.00 0.00 0.00 0.00 0.00 0.00 0.00 0.00 0.00 0.00 0.00 0.00 0.00 0.00 0.00 0.00 0.00 0.00 0.00 0.00 0.00 0.00 0.00 0.00 0.00 0.00 0.00 0.00 0.00 0.00 0.00 0.00 0.00 0.00 0.00 0.00 0.00 0.00 0.00 0.00 0.00 0.00 0.00 0.00 0.00 0.00 0.00 0.00 0.00 0.00 0.00 0.00 0.00 0.00 0.00 0.00 0.00 0.00 0.00 0.00 0.00 0.00 0.00 0.00 0.00 0.00 0.00 0.00 0.00 0.00 0.00 0.00 0.00 0.00 0.00 0.00 0.00 0.00 0.00 0.00 0.00 0.00 0.00 0.00 0.00 0.00 0.00 0.00 0.00 0.00 0.00 0.00 0.00 0.00 0.00 0.00 0.00 0.00 0.00 0.00 0.00 0.00 0.00 0.00 0.00 0.00 0.00 0.00 0.00 0.00 0.00 0.00 0.00 0.00 0.00 0.00 0.00 0.00 0.00 0.00 0.00 0.00 0.00 0.00 0.00 0.00 0.00 0.00 0.00 0.00 0.00 0.00 0.00 0.00 0.00 0.00 0.00 0.00 0.00 0.00 0.00 0.00 0.00 0.00 0.00 0.00 0.00 0.00 0.00 0.00 0.00 0.00 0.00 0.00 0.00 0.00 0.00 0.00 0.00 0.00 0.00 0.00 0.00 0.00 0.00 0.00 0.00 0.00 0.00 0.00 0.00 0.00 0.00 0.00 0.00 0.00 0.00 0.00 0.00 0.00 0.00 0.00 0.00 0.00 0.00 0.00 0.00 0.00 0.00 0.00 0.00 0.00 0.00 0.00 0.00 0.00 0.00 0.00 0.00 0.00 0.00 0.00 0.00 0.00 0.00 0.00 0.00 0.00 0.00 0.00 0.00 0.00 0.00 0.00 0.00 0.00 0.00 0.00 0.00 0.00 0.00 0.00 0.00 0.00 0.00 0.00 0.00 0.00 0.00 0.00 0.00 0.00 0.00 0.00 0.00 0.00 0.00 0.00 0.00 0.00 0.00 0.00 0.00 0.00 0.00 0.00 0.00 0.00 0.00 0.00 0.00 0.00 0.00 0.00 0.00 0.00 0.00 0.00 0.00 0.00 0.00 0.00 0.00 0.00 0.00 0.00 0.00 0.00 0.00 0.00 0.00 0.00 0.00 0.00 0.00 0.00 0.00 0.00 0.00 0.00 0.00 0.00 0.00 0.00 0.00 0.00 0.00 0.00 0.00 0.00 0.00 0.00 0.00 0.00 0.00 0.00 0.00 0.00 0.00 0.00 0.00 0.00 0.00 0.00 0.00 0.00 0.00 0.00 0.00 0.00 0.00 0.00 0.00 0.00 0.00 0.00 0.00 0.00 0.00 0.00 0.00 0.00 0.00 0.00 0.00 0.00 0.00 0.00 0.00 0.00 0.00 0.00 0.00 0.00 0.00 0.00 0.00 0.00 0.00 0.00 0.00 0.00 0.00 0.00 0.00 0.00 0.00 0.00 0.00 0.00 0.00 0.00 0.00 0.00 0.00 0.00 0.00 0.00 0.00 0.00 0.00 0.00 0.00 0.00 0.00 0.00 0.00 0.00 0.00 0.00 0.00 0.00 0.00 0.00 0.00 0.00 0.00 0.00 0.00 0.00 0.00 0.00 0.00 0.00 0.00 0.00 0.00 0.00 0.00 0.00 0.00 0.00 0.00 0.00 0.00 0.00 0.00 0.00 0.00 0.00 0.00 0.00 0.00 0.00 0.00 0.00 0.00 0.00 0.00 0.00 0.00 0.00 0.00 0.00 0.00 0.00 0.00 0.00 0.00 0.00 0.00 0.00 0.00 0.00 0.00 0.00 0.00 0.00 0.00 0.00 0.00 0.00 0.00 0.00 0.00 0.00 0.00 0.00 0.00 0.00 0.00 0.00 0.00 0.00 0.00 0.00 0.00 0.00 0.00 0.00 0.00 0.00 0.00 0.00 0.00 0.00 0.00 0.00 0.00 0.00 0.00 0.00 0.00 0.00 0.00
height.size=902
height.data=2692.68 2692.68 2692.68 2692.68 2692.68 2692.68 2692.68 2692.68 2692.68 2692.68 2692.68 2699.11 2699.11 2699.11 2699.11 2699.11 2699.11 2699.11 2699.11 2699.11 2699.11 2699.11 2705.55 2705.55 2705.55 2705.55 2705.55 2705.55 2705.55 2705.55 2705.55 2705.55 2705.55 2712.00 2712.00 2712.00 2712.00 2712.00 2712.00 2712.00 2712.00 2712.00 2712.00 2712.00 2718.45 2718.45 2718.45 2718.45 2718.45 2718.45 2718.45 2718.45 2718.45 2718.45 2718.45 2724.91 2724.91 2724.91 2724.91 2724.91 2724.91 2724.91 2724.91 2724.91 2724.91 2724.91 2731.38 2731.38 2731.38 2731.38 2731.38 2731.38 2731.38 2731.38 2731.38 2731.38 2731.38 2737.86 2737.86 2737.86 2737.86 2737.86 2737.86 2737.86 2737.86 2737.86 2737.86 2737.86 2744.34 2744.34 2744.34 2744.34 2744.34 2744.34 2744.34 2744.34 2744.34 2744.34 2744.34 2750.83 2750.83 2750.83 2750.83 2750.83 2750.83 2750.83 2750.83 2750.83 2750.83 2750.83 2757.33 2757.33 2757.33 2757.33 2757.33 2757.33 2757.33 2757.33 2757.33 2757.33 2757.33 2763.83 2763.83 2763.83 2763.83 2763.83 2763.83 2763.83 2763.83 2763.83 2763.83 2763.83 2770.35 2770.35 2770.35 2770.35 2770.35 2770.35 2770.35 2770.35 2770.35 2770.35 2770.35 2776.87 2776.87 2776.87 2776.87 2776.87 2776.87 2776.87 2776.87 2776.87 2776.87 2776.87 2783.39 2783.39 2783.39 2783.39 2783.39 2783.39 2783.39 2783.39 2783.39 2783.39 2783.39 2789.93 2789.93 2789.93 2789.93 2789.93 2789.93 2789.93 2789.93 2789.93 2789.93 2789.93 2796.47 2796.47 2796.47 2796.47 2796.47 2796.47 2796.47 2796.47 2796.47 2796.47 2796.47 2803.02 2803.02 2803.02 2803.02 2803.02 2803.02 2803.02 2803.02 2803.02 2803.02 2803.02 2809.57 2809.57 2809.57 2809.57 2809.57 2809.57 2809.57 2809.57 2809.57 2809.57 2809.57 2816.14 2816.14 2816.14 2816.14 2816.14 2816.14 2816.14 2816.14 2816.14 2816.14 2816.14 2822.71 2822.71 2822.71 2822.71 2822.71 2822.71 2822.71 2822.71 2822.71 2822.71 2822.71 2829.29 2829.29 2829.29 2829.29 2829.29 2829.29 2829.29 2829.29 2829.29 2829.29 2829.29 2835.87 2835.87 2835.87 2835.87 2835.87 2835.87 2835.87 2835.87 2835.87 2835.87 2835.87 2842.47 2842.47 2842.47 2842.47 2842.47 2842.47 2842.47 2842.47 2842.47 2842.47 2842.47 2849.07 2849.07 2849.07 2849.07 2849.07 2849.07 2849.07 2849.07 2849.07 2849.07 2849.07 2855.68 2855.68 2855.68 2855.68 2855.68 2855.68 2855.68 2855.68 2855.68 2855.68 2855.68 2862.29 2862.29 2862.29 2862.29 2862.29 2862.29 2862.29 2862.29 2862.29 2862.29 2862.29 2868.91 2868.91 2868.91 2868.91 2868.91 2868.91 2868.91 2868.91 2868.91 2868.91 2868.91 2875.54 2875.54 2875.54 2875.54 2875.54 2875.54 2875.54 2875.54 2875.54 2875.54 2875.54 2882.18 2882.18 2882.18 2882.18 2882.18 2882.18 2882.18 2882.18 2882.18 2882.18 2882.18 2888.82 2888.82 2888.82 2888.82 2888.82 2888.82 2888.82 2888.82 2888.82 2888.82 2888.82 2895.48 2895.48 2895.48 2895.48 2895.48 2895.48 2895.48 2895.48 2895.48 2895.48 2895.48 2902.14 2902.14 2902.14 2902.14 2902.14 2902.14 2902.14 2902.14 2902.14 2902.14 2902.14 2908.80 2908.80 2908.80 2908.80 2908.80 2908.80 2908.80 2908.80 2908.80 2908.80 2908.80 2915.48 2915.48 2915.48 2915.48 2915.48 2915.48 2915.48 2915.48 2915.48 2915.48 2915.48 2922.16 2922.16 2922.16 2922.16 2922.16 2922.16 2922.16 2922.16 2922.16 2922.16 2922.16 2928.85 2928.85 2928.85 2928.85 2928.85 2928.85 2928.85 2928.85 2928.85 2928.85 2928.85 2935.54 2935.54 2935.54 2935.54 2935.54 2935.54 2935.54 2935.54 2935.54 2935.54 2935.54 2942.25 2942.25 2942.25 2942.25 2942.25 2942.25 2942.25 2942.25 2942.25 2942.25 2942.25 2948.96 2948.96 2948.96 2948.96 2948.96 2948.96 2948.96 2948.96 2948.96 2948.96 2948.96 2955.68 2955.68 2955.68 2955.68 2955.68 2955.68 2955.68 2955.68 2955.68 2955.68 2955.68 2962.40 2962.40 2962.40 2962.40 2962.40 2962.40 2962.40 2962.40 2962.40 2962.40 2962.40 2969.13 2969.13 2969.13 2969.13 2969.13 2969.13 2969.13 2969.13 2969.13 2969.13 2969.13 2975.87 2975.87 2975.87 2975.87 2975.87 2975.87 2975.87 2975.87 2975.87 2975.87 2975.87 2982.62 2982.62 2982.62 2982.62 2982.62 2982.62 2982.62 2982.62 2982.62 2982.62 2982.62 2989.38 2989.38 2989.38 2989.38 2989.38 2989.38 2989.38 2989.38 2989.38 2989.38 2989.38 2996.14 2996.14 2996.14 2996.14 2996.14 2996.14 2996.14 2996.14 2996.14 2996.14 2996.14 3002.91 3002.91 3002.91 3002.91 3002.91 3002.91 3002.91 3002.91 3002.91 3002.91 3002.91 3009.68 3009.68 3009.68 3009.68 3009.68 3009.68 3009.68 3009.68 3009.68 3009.68 3009.68 3016.47 3016.47 3016.47 3016.47 3016.47 3016.47 3016.47 3016.47 3016.47 3016.47 3016.47 3023.26 3023.26 3023.26 3023.26 3023.26 3023.26 3023.26 3023.26 3023.26 3023.26 3023.26 3030.06 3030.06 3030.06 3030.06 3030.06 3030.06 3030.06 3030.06 3030.06 3030.06 3030.06 3036.87 3036.87 3036.87 3036.87 3036.87 3036.87 3036.87 3036.87 3036.87 3036.87 3036.87 3043.68 3043.68 3043.68 3043.68 3043.68 3043.68 3043.68 3043.68 3043.68 3043.68 3043.68 3050.50 3050.50 3050.50 3050.50 3050.50 3050.50 3050.50 3050.50 3050.50 3050.50 3050.50 3057.33 3057.33 3057.33 3057.33 3057.33 3057.33 3057.33 3057.33 3057.33 3057.33 3057.33 3064.16 3064.16 3064.16 3064.16 3064.16 3064.16 3064.16 3064.16 3064.16 3064.16 3064.16 3071.01 3071.01 3071.01 3071.01 3071.01 3071.01 3071.01 3071.01 3071.01 3071.01 3071.01 3077.86 3077.86 3077.86 3077.86 3077.86 3077.86 3077.86 3077.86 3077.86 3077.86 3077.86 3084.72 3084.72 3084.72 3084.72 3084.72 3084.72 3084.72 3084.72 3084.72 3084.72 3084.72 3091.58 3091.58 3091.58 3091.58 3091.58 3091.58 3091.58 3091.58 3091.58 3091.58 3091.58 3098.45 3098.45 3098.45 3098.45 3098.45 3098.45 3098.45 3098.45 3098.45 3098.45 3098.45 3105.33 3105.33 3105.33 3105.33 3105.33 3105.33 3105.33 3105.33 3105.33 3105.33 3105.33 3112.22 3112.22 3112.22 3112.22 3112.22 3112.22 3112.22 3112.22 3112.22 3112.22 3112.22 3119.11 3119.11 3119.11 3119.11 3119.11 3119.11 3119.11 3119.11 3119.11 3119.11 3119.11 3126.02 3126.02 3126.02 3126.02 3126.02 3126.02 3126.02 3126.02 3126.02 3126.02 3126.02 3132.93 3132.93 3132.93 3132.93 3132.93 3132.93 3132.93 3132.93 3132.93 3132.93 3132.93 3139.84 3139.84 3139.84 3139.84 3139.84 3139.84 3139.84 3139.84 3139.84 3139.84 3139.84 3146.77 3146.77 3146.77 3146.77 3146.77 3146.77 3146.77 3146.77 3146.77 3146.77 3146.77 3153.70 3153.70 3153.70 3153.70 3153.70 3153.70 3153.70 3153.70 3153.70 3153.70 3153.70 3160.64 3160.64 3160.64 3160.64 3160.64 3160.64 3160.64 3160.64 3160.64 3160.64 3160.64 3167.58 3167.58 3167.58 3167.58 3167.58 3167.58 3167.58 3167.58 3167.58 3167.58 3167.58 3174.54 3174.54 3174.54 3174.54 3174.54 3174.54 3174.54 3174.54 3174.54 3174.54 3174.54 3181.50 3181.50 3181.50 3181.50 3181.50 3181.50 3181.50 3181.50 3181.50 3181.50 3181.50 3188.46 3188.46 3188.46 3188.46 3188.46 3188.46 3188.46 3188.46 3188.46 3188.46 3188.46 3195.44 3195.44 3195.44 3195.44 3195.44 3195.44 3195.44 3195.44 3195.44 3195.44 3195.44 3202.42 3202.42 3202.42 3202.42 3202.42 3202.42 3202.42 3202.42 3202.42 3202.42 3202.42 3209.41 3209.41 3209.41 3209.41 3209.41 3209.41 3209.41 3209.41 3209.41 3209.41 3209.41 3216.41 3216.41 3216.41 3216.41 3216.41 3216.41 3216.41 3216.41 3216.41 3216.41 3216.41 3223.41 3223.41 3223.41 3223.41 3223.41 3223.41 3223.41 3223.41 3223.41 3223.41 3223.41 3230.43 3230.43 3230.43 3230.43 3230.43 3230.43 3230.43 3230.43 3230.43 3230.43 3230.43 3237.45 3237.45 3237.45 3237.45 3237.45 3237.45 3237.45 3237.45 3237.45 3237.45 3237.45
=== END RADAR_SCAN ===

=== BEGIN RADAR_SCAN ===
scan.index=15
scan.time=169.670000
radar.id=0
radar.frequency=C
radar.scanning_mode=PPI
radar.x=0.000
radar.y=0.000
radar.z=25.000
radar.maximum_range=250000.000
radar.range_resolution=250.000
radar.angular_resolution=1.000000
box.radar_id=0
box.min_range_gate=696.000
box.max_range_gate=777.000
box.min_angle=97.000000
box.max_angle=108.000000
box.num_ranges=82
box.num_angles=11
box.range_resolution=250.000
box.angular_resolution=1.000000
box.other_angle=0.300000
grid.size=902
grid.data=0.00 0.00 0.00 0.00 0.00 0.00 0.00 0.00 0.00 0.00 0.00 0.00 0.00 0.00 0.00 0.00 0.00 0.00 0.00 0.00 0.00 0.00 0.00 0.00 0.00 0.00 0.00 28.19 0.00 0.00 0.00 0.00 0.00 0.00 0.00 0.00 0.00 0.00 38.15 39.11 0.00 0.00 0.00 0.00 0.00 0.00 0.00 0.00 0.00 34.50 32.74 0.00 0.00 0.00 0.00 0.00 0.00 0.00 0.00 30.60 33.68 34.53 0.00 0.00 0.00 0.00 0.00 0.00 0.00 0.00 31.05 32.52 33.53 0.00 0.00 0.00 0.00 0.00 0.00 0.00 0.00 30.20 30.42 31.39 0.00 0.00 0.00 0.00 0.00 0.00 0.00 0.00 33.81 31.32 36.98 35.23 0.00 0.00 0.00 0.00 0.00 0.00 0.00 33.81 28.88 30.91 33.24 0.00 0.00 0.00 0.00 0.00 0.00 0.00 34.72 31.99 29.97 31.96 0.00 0.00 0.00 0.00 0.00 0.00 0.00 37.29 33.89 32.89 31.57 0.00 0.00 0.00 0.00 0.00 0.00 0.00 31.57 32.53 36.98 37.14 0.00 0.00 0.00 0.00 0.00 0.00 0.00 33.40 34.49 32.65 32.12 0.00 0.00 0.00 0.00 0.00 0.00 33.51 35.90 36.25 33.15 28.65 0.00 0.00 0.00 0.00 0.00 0.00 35.51 32.92 31.29 34.26 36.31 0.00 0.00 0.00 0.00 0.00 0.00 36.41 29.97 33.70 30.49 35.03 0.00 0.00 0.00 0.00 0.00 0.00 34.11 28.62 35.68 34.04 35.39 0.00 0.00 0.00 0.00 0.00 0.00 32.94 42.87 35.00 34.32 33.97 0.00 0.00 0.00 0.00 0.00 0.00 30.78 41.63 38.97 36.38 35.61 0.00 0.00 0.00 0.00 0.00 0.00 43.05 43.84 35.40 29.53 37.07 0.00 0.00 0.00 0.00 0.00 0.00 38.84 42.99 35.47 34.60 32.28 31.57 0.00 0.00 0.00 0.00 0.00 37.86 40.57 34.87 32.27 33.36 31.71 0.00 0.00 0.00 0.00 0.00 41.55 40.04 30.67 35.26 38.23 34.08 0.00 0.00 0.00 0.00 0.00 36.05 42.83 30.79 34.21 34.63 35.01 0.00 0.00 0.00 0.00 0.00 41.71 44.12 42.08 30.75 34.42 36.95 0.00 0.00 0.00 0.00 0.00 41.99 35.82 43.64 32.03 37.50 36.15 0.00 0.00 0.00 0.00 0.00 39.57 37.96 40.52 37.20 38.10 34.56 0.00 0.00 0.00 0.00 0.00 44.27 36.71 38.49 39.40 38.97 32.87 0.00 0.00 0.00 0.00 0.00 41.10 47.99 39.23 34.46 32.37 34.25 0.00 0.00 0.00 0.00 0.00 44.38 38.11 42.87 30.21 31.64 35.22 0.00 0.00 0.00 0.00 0.00 42.12 39.90 39.01 35.75 33.56 35.81 0.00 0.00 0.00 0.00 0.00 42.57 40.90 41.40 31.55 37.18 31.66 0.00 0.00 0.00 0.00 0.00 43.29 41.55 37.48 35.91 33.00 31.77 0.00 0.00 0.00 0.00 0.00 40.01 40.21 42.62 35.08 34.65 32.28 0.00 0.00 0.00 0.00 0.00 45.13 38.47 40.86 34.91 34.73 29.90 0.00 0.00 0.00 0.00 0.00 38.56 41.12 43.09 36.54 33.57 32.88 0.00 0.00 0.00 0.00 0.00 43.19 39.91 41.36 33.35 35.62 32.48 0.00 0.00 0.00 0.00 0.00 43.90 40.64 42.43 33.66 36.88 32.13 0.00 0.00 0.00 0.00 0.00 39.28 41.89 44.62 34.19 35.62 37.67 0.00 0.00 0.00 0.00 0.00 42.20 38.34 42.79 35.05 34.83 30.35 0.00 0.00 0.00 0.00 0.00 44.86 40.84 40.99 33.56 34.20 34.25 0.00 0.00 0.00 0.00 0.00 44.31 35.19 39.61 31.24 36.69 35.60 0.00 0.00 0.00 0.00 0.00 43.85 38.16 46.37 36.90 35.31 33.29 0.00 0.00 0.00 0.00 0.00 42.48 39.93 46.29 38.07 34.54 36.03 0.00 0.00 0.00 0.00 0.00 41.38 45.53 35.64 35.83 36.67 31.38 0.00 0.00 0.00 0.00 0.00 38.81 46.18 42.78 33.89 38.55 35.46 0.00 0.00 0.00 0.00 0.00 41.73 46.01 42.02 33.58 34.84 34.34 0.00 0.00 0.00 0.00 0.00 44.79 41.88 43.31 35.92 35.58 31.75 0.00 0.00 0.00 0.00 0.00 46.07 39.09 38.31 34.84 32.52 33.86 0.00 0.00 0.00 0.00 0.00 41.76 46.09 34.45 36.44 31.76 34.26 0.00 0.00 0.00 0.00 0.00 37.48 42.29 31.85 31.87 37.11 34.61 0.00 0.00 0.00 0.00 0.00 35.96 36.88 32.18 34.06 34.19 33.54 0.00 0.00 0.00 0.00 0.00 44.09 40.05 37.69 36.51 32.70 37.43 0.00 0.00 0.00 0.00 0.00 37.30 43.84 33.52 32.06 33.74 29.99 0.00 0.00 0.00 0.00 0.00 33.02 41.71 37.50 33.89 35.00 36.63 0.00 0.00 0.00 0.00 0.00 39.59 43.93 33.16 37.17 35.42 35.51 0.00 0.00 0.00 0.00 0.00 31.17 44.94 31.84 35.27 33.12 34.10 0.00 0.00 0.00 0.00 0.00 34.09 39.25 37.08 34.50 34.09 29.57 0.00 0.00 0.00 0.00 0.00 37.22 34.23 33.34 34.30 32.92 37.34 0.00 0.00 0.00 0.00 0.00 29.97 34.66 31.22 31.96 33.88 38.25 0.00 0.00 0.00 0.00 0.00 35.81 34.67 36.97 34.44 39.10 0.00 0.00 0.00 0.00 0.00 0.00 38.02 33.83 32.99 30.88 32.56 0.00 0.00 0.00 0.00 0.00 0.00 31.35 33.23 30.16 38.89 34.19 0.00 0.00 0.00 0.00 0.00 0.00 36.40 34.27 34.96 38.02 36.41 0.00 0.00 0.00 0.00 0.00 0.00 34.08 32.59 30.83 31.34 34.19 0.00 0.00 0.00 0.00 0.00 0.00 33.54 34.51 33.86 38.05 36.62 0.00 0.00 0.00 0.00 0.00 0.00 37.80 31.73 34.95 32.34 39.29 0.00 0.00 0.00 0.00 0.00 0.00 0.00 40.32 32.49 33.75 34.55 0.00 0.00 0.00 0.00 0.00 0.00 0.00 36.78 39.67 37.28 35.58 0.00 0.00 0.00 0.00 0.00 0.00 0.00 40.68 33.39 42.29 35.31 0.00 0.00 0.00 0.00 0.00 0.00 0.00 35.74 38.37 38.36 42.01 0.00 0.00 0.00 0.00 0.00 0.00 0.00 29.90 31.30 37.73 37.75 0.00 0.00 0.00 0.00 0.00 0.00 0.00 37.38 30.61 35.07 35.50 0.00 0.00 0.00 0.00 0.00 0.00 0.00 30.51 33.78 35.51 34.01 0.00 0.00 0.00 0.00 0.00 0.00 0.00 37.24 33.92 36.70 0.00 0.00 0.00 0.00 0.00 0.00 0.00 0.00 33.71 40.53 37.67 0.00 0.00 0.00 0.00 0.00 0.00 0.00 0.00 37.52 33.01 33.02 0.00 0.00 0.00 0.00 0.00 0.00 0.00 0.00 0.00 34.97 32.31 0.00 0.00 0.00 0.00 0.00 0.00 0.00 0.00 0.00 34.99 33.55 0.00 0.00 0.00 0.00 0.00 0.00 0.00 0.00 0.00 35.84 36.27 0.00 0.00 0.00 0.00 0.00 0.00 0.00 0.00 0.00 31.89 0.00 0.00 0.00 0.00 0.00
rain_type.data=0 0 0 0 0 0 0 0 0 0 0 0 0 0 0 0 0 0 0 0 0 0 0 0 0 0 0 1 0 0 0 0 0 0 0 0 0 0 1 1 0 0 0 0 0 0 0 0 0 1 1 0 0 0 0 0 0 0 0 1 1 1 0 0 0 0 0 0 0 0 1 1 1 0 0 0 0 0 0 0 0 1 1 1 0 0 0 0 0 0 0 0 1 1 1 1 0 0 0 0 0 0 0 1 1 1 1 0 0 0 0 0 0 0 1 1 1 1 0 0 0 0 0 0 0 1 1 1 1 0 0 0 0 0 0 0 1 1 1 1 0 0 0 0 0 0 0 1 1 1 1 0 0 0 0 0 0 1 1 1 1 1 0 0 0 0 0 0 1 1 1 1 1 0 0 0 0 0 0 1 1 1 1 1 0 0 0 0 0 0 1 1 1 1 1 0 0 0 0 0 0 1 2 1 1 1 0 0 0 0 0 0 1 2 1 1 1 0 0 0 0 0 0 2 2 1 1 1 0 0 0 0 0 0 2 2 1 1 1 1 0 0 0 0 0 2 2 1 1 1 1 0 0 0 0 0 2 2 1 1 1 1 0 0 0 0 0 2 2 1 1 1 1 0 0 0 0 0 2 2 2 1 1 1 0 0 0 0 0 2 2 2 1 1 1 0 0 0 0 0 2 2 2 1 1 1 0 0 0 0 0 2 2 2 1 1 1 0 0 0 0 0 2 2 2 1 1 1 0 0 0 0 0 2 2 2 1 1 1 0 0 0 0 0 2 2 2 1 1 1 0 0 0 0 0 2 2 2 1 1 1 0 0 0 0 0 2 2 2 1 1 1 0 0 0 0 0 2 2 2 1 1 1 0 0 0 0 0 2 2 2 1 1 1 0 0 0 0 0 2 2 2 1 1 1 0 0 0 0 0 2 2 2 1 1 1 0 0 0 0 0 2 2 2 1 1 1 0 0 0 0 0 2 2 2 1 1 1 0 0 0 0 0 2 2 2 1 1 1 0 0 0 0 0 2 2 2 1 1 1 0 0 0 0 0 2 2 2 1 1 1 0 0 0 0 0 2 2 2 1 1 1 0 0 0 0 0 2 2 2 1 1 1 0 0 0 0 0 2 2 2 1 1 1 0 0 0 0 0 2 2 2 1 1 1 0 0 0 0 0 2 2 2 1 1 1 0 0 0 0 0 2 2 2 1 1 1 0 0 0 0 0 2 2 2 1 1 1 0 0 0 0 0 2 2 1 1 1 1 0 0 0 0 0 2 2 1 1 1 1 0 0 0 0 0 2 2 1 1 1 1 0 0 0 0 0 2 2 1 1 1 1 0 0 0 0 0 2 2 1 1 1 1 0 0 0 0 0 1 2 1 1 1 1 0 0 0 0 0 1 2 1 1 1 1 0 0 0 0 0 1 2 1 1 1 1 0 0 0 0 0 1 1 1 1 1 1 0 0 0 0 0 1 1 1 1 1 1 0 0 0 0 0 1 1 1 1 1 1 0 0 0 0 0 1 1 1 1 1 0 0 0 0 0 0 1 1 1 1 1 0 0 0 0 0 0 1 1 1 1 1 0 0 0 0 0 0 1 1 1 1 1 0 0 0 0 0 0 1 1 1 1 1 0 0 0 0 0 0 1 1 1 1 1 0 0 0 0 0 0 1 1 1 1 1 0 0 0 0 0 0 0 1 1 1 1 0 0 0 0 0 0 0 1 1 1 1 0 0 0 0 0 0 0 1 1 1 1 0 0 0 0 0 0 0 1 1 1 1 0 0 0 0 0 0 0 1 1 1 1 0 0 0 0 0 0 0 1 1 1 1 0 0 0 0 0 0 0 1 1 1 1 0 0 0 0 0 0 0 1 1 1 0 0 0 0 0 0 0 0 1 1 1 0 0 0 0 0 0 0 0 1 1 1 0 0 0 0 0 0 0 0 0 1 1 0 0 0 0 0 0 0 0 0 1 1 0 0 0 0 0 0 0 0 0 1 1 0 0 0 0 0 0 0 0 0 1 0 0 0 0 0
estimated_attenuation.size=902
estimated_attenuation.data=0.00 0.00 0.00 0.00 0.00 0.00 0.00 0.00 0.00 0.00 0.00 0.00 0.00 0.00 0.00 0.00 0.00 0.00 0.00 0.00 0.00 0.00 0.00 0.00 0.00 0.00 0.00 0.00 0.00 0.00 0.00 0.00 0.00 0.00 0.00 0.00 0.00 0.00 0.00 0.00 0.00 0.00 0.00 0.00 0.00 0.00 0.00 0.00 0.00 0.00 0.00 0.00 0.00 0.00 0.00 0.00 0.00 0.00 0.00 0.00 0.00 0.00 0.00 0.00 0.00 0.00 0.00 0.00 0.00 0.00 0.00 0.00 0.00 0.00 0.00 0.00 0.00 0.00 0.00 0.00 0.00 0.00 0.00 0.00 0.00 0.00 0.00 0.00 0.00 0.00 0.00 0.00 0.00 0.00 0.00 0.00 0.00 0.00 0.00 0.00 0.00 0.00 0.00 0.00 0.00 0.00 0.00 0.00 0.00 0.00 0.00 0.00 0.00 0.00 0.00 0.00 0.00 0.00 0.00 0.00 0.00 0.00 0.00 0.00 0.00 0.00 0.00 0.00 0.00 0.00 0.00 0.00 0.00 0.00 0.00 0.00 0.00 0.00 0.00 0.00 0.00 0.00 0.00 0.00 0.00 0.00 0.00 0.00 0.00 0.00 0.00 0.00 0.00 0.00 0.00 0.00 0.00 0.00 0.00 0.00 0.00 0.00 0.00 0.00 0.00 0.00 0.00 0.00 0.00 0.00 0.00 0.00 0.00 0.00 0.00 0.00 0.00 0.00 0.00 0.00 0.00 0.00 0.00 0.00 0.00 0.00 0.00 0.00 0.00 0.00 0.00 0.00 0.00 0.00 0.00 0.00 0.00 0.00 0.00 0.00 0.00 0.00 0.00 0.00 0.00 0.00 0.00 0.00 0.00 0.00 0.00 0.00 0.00 0.00 0.00 0.00 0.00 0.00 0.00 0.00 0.00 0.00 0.00 0.00 0.00 0.00 0.00 0.00 0.00 0.00 0.00 0.00 0.00 0.00 0.00 0.00 0.00 0.00 0.00 0.00 0.00 0.00 0.00 0.00 0.00 0.00 0.00 0.00 0.00 0.00 0.00 0.00 0.00 0.00 0.00 0.00 0.00 0.00 0.00 0.00 0.00 0.00 0.00 0.00 0.00 0.00 0.00 0.00 0.00 0.00 0.00 0.00 0.00 0.00 0.00 0.00 0.00 0.00 0.00 0.00 0.00 0.00 0.00 0.00 0.00 0.00 0.00 0.00 0.00 0.00 0.00 0.00 0.00 0.00 0.00 0.00 0.00 0.00 0.00 0.00 0.00 0.00 0.00 0.00 0.00 0.00 0.00 0.00 0.00 0.00 0.00 0.00 0.00 0.00 0.00 0.00 0.00 0.00 0.00 0.00 0.00 0.00 0.00 0.00 0.00 0.00 0.00 0.00 0.00 0.00 0.00 0.00 0.00 0.00 0.00 0.00 0.00 0.00 0.00 0.00 0.00 0.00 0.00 0.00 0.00 0.00 0.00 0.00 0.00 0.00 0.00 0.00 0.00 0.00 0.00 0.00 0.00 0.00 0.00 0.00 0.00 0.00 0.00 0.00 0.00 0.00 0.00 0.00 0.00 0.00 0.00 0.00 0.00 0.00 0.00 0.00 0.00 0.00 0.00 0.00 0.00 0.00 0.00 0.00 0.00 0.00 0.00 0.00 0.00 0.00 0.00 0.00 0.00 0.00 0.00 0.00 0.00 0.00 0.00 0.00 0.00 0.00 0.00 0.00 0.00 0.00 0.00 0.00 0.00 0.00 0.00 0.00 0.00 0.00 0.00 0.00 0.00 0.00 0.00 0.00 0.00 0.00 0.00 0.00 0.00 0.00 0.00 0.00 0.00 0.00 0.00 0.00 0.00 0.00 0.00 0.00 0.00 0.00 0.00 0.00 0.00 0.00 0.00 0.00 0.00 0.00 0.00 0.00 0.00 0.00 0.00 0.00 0.00 0.00 0.00 0.00 0.00 0.00 0.00 0.00 0.00 0.00 0.00 0.00 0.00 0.00 0.00 0.00 0.00 0.00 0.00 0.00 0.00 0.00 0.00 0.00 0.00 0.00 0.00 0.00 0.00 0.00 0.00 0.00 0.00 0.00 0.00 0.00 0.00 0.00 0.00 0.00 0.00 0.00 0.00 0.00 0.00 0.00 0.00 0.00 0.00 0.00 0.00 0.00 0.00 0.00 0.00 0.00 0.00 0.00 0.00 0.00 0.00 0.00 0.00 0.00 0.00 0.00 0.00 0.00 0.00 0.00 0.00 0.00 0.00 0.00 0.00 0.00 0.00 0.00 0.00 0.00 0.00 0.00 0.00 0.00 0.00 0.00 0.00 0.00 0.00 0.00 0.00 0.00 0.00 0.00 0.00 0.00 0.00 0.00 0.00 0.00 0.00 0.00 0.00 0.00 0.00 0.00 0.00 0.00 0.00 0.00 0.00 0.00 0.00 0.00 0.00 0.00 0.00 0.00 0.00 0.00 0.00 0.00 0.00 0.00 0.00 0.00 0.00 0.00 0.00 0.00 0.00 0.00 0.00 0.00 0.00 0.00 0.00 0.00 0.00 0.00 0.00 0.00 0.00 0.00 0.00 0.00 0.00 0.00 0.00 0.00 0.00 0.00 0.00 0.00 0.00 0.00 0.00 0.00 0.00 0.00 0.00 0.00 0.00 0.00 0.00 0.00 0.00 0.00 0.00 0.00 0.00 0.00 0.00 0.00 0.00 0.00 0.00 0.00 0.00 0.00 0.00 0.00 0.00 0.00 0.00 0.00 0.00 0.00 0.00 0.00 0.00 0.00 0.00 0.00 0.00 0.00 0.00 0.00 0.00 0.00 0.00 0.00 0.00 0.00 0.00 0.00 0.00 0.00 0.00 0.00 0.00 0.00 0.00 0.00 0.00 0.00 0.00 0.00 0.00 0.00 0.00 0.00 0.00 0.00 0.00 0.00 0.00 0.00 0.00 0.00 0.00 0.00 0.00 0.00 0.00 0.00 0.00 0.00 0.00 0.00 0.00 0.00 0.00 0.00 0.00 0.00 0.00 0.00 0.00 0.00 0.00 0.00 0.00 0.00 0.00 0.00 0.00 0.00 0.00 0.00 0.00 0.00 0.00 0.00 0.00 0.00 0.00 0.00 0.00 0.00 0.00 0.00 0.00 0.00 0.00 0.00 0.00 0.00 0.00 0.00 0.00 0.00 0.00 0.00 0.00 0.00 0.00 0.00 0.00 0.00 0.00 0.00 0.00 0.00 0.00 0.00 0.00 0.00 0.00 0.00 0.00 0.00 0.00 0.00 0.00 0.00 0.00 0.00 0.00 0.00 0.00 0.00 0.00 0.00 0.00 0.00 0.00 0.00 0.00 0.00 0.00 0.00 0.00 0.00 0.00 0.00 0.00 0.00 0.00 0.00 0.00 0.00 0.00 0.00 0.00 0.00 0.00 0.00 0.00 0.00 0.00 0.00 0.00 0.00 0.00 0.00 0.00 0.00 0.00 0.00 0.00 0.00 0.00 0.00 0.00 0.00 0.00 0.00 0.00 0.00 0.00 0.00 0.00 0.00 0.00 0.00 0.00 0.00 0.00 0.00 0.00 0.00 0.00 0.00 0.00 0.00 0.00 0.00 0.00 0.00 0.00 0.00 0.00 0.00 0.00 0.00 0.00 0.00 0.00 0.00 0.00 0.00 0.00 0.00 0.00 0.00 0.00 0.00 0.00 0.00 0.00 0.00 0.00 0.00 0.00 0.00 0.00 0.00 0.00 0.00 0.00 0.00 0.00 0.00 0.00 0.00 0.00 0.00 0.00 0.00 0.00 0.00 0.00 0.00 0.00 0.00 0.00 0.00 0.00 0.00 0.00 0.00 0.00 0.00 0.00 0.00 0.00 0.00 0.00 0.00 0.00 0.00 0.00 0.00 0.00 0.00 0.00 0.00 0.00 0.00
height.size=902
height.data=2692.68 2692.68 2692.68 2692.68 2692.68 2692.68 2692.68 2692.68 2692.68 2692.68 2692.68 2699.11 2699.11 2699.11 2699.11 2699.11 2699.11 2699.11 2699.11 2699.11 2699.11 2699.11 2705.55 2705.55 2705.55 2705.55 2705.55 2705.55 2705.55 2705.55 2705.55 2705.55 2705.55 2712.00 2712.00 2712.00 2712.00 2712.00 2712.00 2712.00 2712.00 2712.00 2712.00 2712.00 2718.45 2718.45 2718.45 2718.45 2718.45 2718.45 2718.45 2718.45 2718.45 2718.45 2718.45 2724.91 2724.91 2724.91 2724.91 2724.91 2724.91 2724.91 2724.91 2724.91 2724.91 2724.91 2731.38 2731.38 2731.38 2731.38 2731.38 2731.38 2731.38 2731.38 2731.38 2731.38 2731.38 2737.86 2737.86 2737.86 2737.86 2737.86 2737.86 2737.86 2737.86 2737.86 2737.86 2737.86 2744.34 2744.34 2744.34 2744.34 2744.34 2744.34 2744.34 2744.34 2744.34 2744.34 2744.34 2750.83 2750.83 2750.83 2750.83 2750.83 2750.83 2750.83 2750.83 2750.83 2750.83 2750.83 2757.33 2757.33 2757.33 2757.33 2757.33 2757.33 2757.33 2757.33 2757.33 2757.33 2757.33 2763.83 2763.83 2763.83 2763.83 2763.83 2763.83 2763.83 2763.83 2763.83 2763.83 2763.83 2770.35 2770.35 2770.35 2770.35 2770.35 2770.35 2770.35 2770.35 2770.35 2770.35 2770.35 2776.87 2776.87 2776.87 2776.87 2776.87 2776.87 2776.87 2776.87 2776.87 2776.87 2776.87 2783.39 2783.39 2783.39 2783.39 2783.39 2783.39 2783.39 2783.39 2783.39 2783.39 2783.39 2789.93 2789.93 2789.93 2789.93 2789.93 2789.93 2789.93 2789.93 2789.93 2789.93 2789.93 2796.47 2796.47 2796.47 2796.47 2796.47 2796.47 2796.47 2796.47 2796.47 2796.47 2796.47 2803.02 2803.02 2803.02 2803.02 2803.02 2803.02 2803.02 2803.02 2803.02 2803.02 2803.02 2809.57 2809.57 2809.57 2809.57 2809.57 2809.57 2809.57 2809.57 2809.57 2809.57 2809.57 2816.14 2816.14 2816.14 2816.14 2816.14 2816.14 2816.14 2816.14 2816.14 2816.14 2816.14 2822.71 2822.71 2822.71 2822.71 2822.71 2822.71 2822.71 2822.71 2822.71 2822.71 2822.71 2829.29 2829.29 2829.29 2829.29 2829.29 2829.29 2829.29 2829.29 2829.29 2829.29 2829.29 2835.87 2835.87 2835.87 2835.87 2835.87 2835.87 2835.87 2835.87 2835.87 2835.87 2835.87 2842.47 2842.47 2842.47 2842.47 2842.47 2842.47 2842.47 2842.47 2842.47 2842.47 2842.47 2849.07 2849.07 2849.07 2849.07 2849.07 2849.07 2849.07 2849.07 2849.07 2849.07 2849.07 2855.68 2855.68 2855.68 2855.68 2855.68 2855.68 2855.68 2855.68 2855.68 2855.68 2855.68 2862.29 2862.29 2862.29 2862.29 2862.29 2862.29 2862.29 2862.29 2862.29 2862.29 2862.29 2868.91 2868.91 2868.91 2868.91 2868.91 2868.91 2868.91 2868.91 2868.91 2868.91 2868.91 2875.54 2875.54 2875.54 2875.54 2875.54 2875.54 2875.54 2875.54 2875.54 2875.54 2875.54 2882.18 2882.18 2882.18 2882.18 2882.18 2882.18 2882.18 2882.18 2882.18 2882.18 2882.18 2888.82 2888.82 2888.82 2888.82 2888.82 2888.82 2888.82 2888.82 2888.82 2888.82 2888.82 2895.48 2895.48 2895.48 2895.48 2895.48 2895.48 2895.48 2895.48 2895.48 2895.48 2895.48 2902.14 2902.14 2902.14 2902.14 2902.14 2902.14 2902.14 2902.14 2902.14 2902.14 2902.14 2908.80 2908.80 2908.80 2908.80 2908.80 2908.80 2908.80 2908.80 2908.80 2908.80 2908.80 2915.48 2915.48 2915.48 2915.48 2915.48 2915.48 2915.48 2915.48 2915.48 2915.48 2915.48 2922.16 2922.16 2922.16 2922.16 2922.16 2922.16 2922.16 2922.16 2922.16 2922.16 2922.16 2928.85 2928.85 2928.85 2928.85 2928.85 2928.85 2928.85 2928.85 2928.85 2928.85 2928.85 2935.54 2935.54 2935.54 2935.54 2935.54 2935.54 2935.54 2935.54 2935.54 2935.54 2935.54 2942.25 2942.25 2942.25 2942.25 2942.25 2942.25 2942.25 2942.25 2942.25 2942.25 2942.25 2948.96 2948.96 2948.96 2948.96 2948.96 2948.96 2948.96 2948.96 2948.96 2948.96 2948.96 2955.68 2955.68 2955.68 2955.68 2955.68 2955.68 2955.68 2955.68 2955.68 2955.68 2955.68 2962.40 2962.40 2962.40 2962.40 2962.40 2962.40 2962.40 2962.40 2962.40 2962.40 2962.40 2969.13 2969.13 2969.13 2969.13 2969.13 2969.13 2969.13 2969.13 2969.13 2969.13 2969.13 2975.87 2975.87 2975.87 2975.87 2975.87 2975.87 2975.87 2975.87 2975.87 2975.87 2975.87 2982.62 2982.62 2982.62 2982.62 2982.62 2982.62 2982.62 2982.62 2982.62 2982.62 2982.62 2989.38 2989.38 2989.38 2989.38 2989.38 2989.38 2989.38 2989.38 2989.38 2989.38 2989.38 2996.14 2996.14 2996.14 2996.14 2996.14 2996.14 2996.14 2996.14 2996.14 2996.14 2996.14 3002.91 3002.91 3002.91 3002.91 3002.91 3002.91 3002.91 3002.91 3002.91 3002.91 3002.91 3009.68 3009.68 3009.68 3009.68 3009.68 3009.68 3009.68 3009.68 3009.68 3009.68 3009.68 3016.47 3016.47 3016.47 3016.47 3016.47 3016.47 3016.47 3016.47 3016.47 3016.47 3016.47 3023.26 3023.26 3023.26 3023.26 3023.26 3023.26 3023.26 3023.26 3023.26 3023.26 3023.26 3030.06 3030.06 3030.06 3030.06 3030.06 3030.06 3030.06 3030.06 3030.06 3030.06 3030.06 3036.87 3036.87 3036.87 3036.87 3036.87 3036.87 3036.87 3036.87 3036.87 3036.87 3036.87 3043.68 3043.68 3043.68 3043.68 3043.68 3043.68 3043.68 3043.68 3043.68 3043.68 3043.68 3050.50 3050.50 3050.50 3050.50 3050.50 3050.50 3050.50 3050.50 3050.50 3050.50 3050.50 3057.33 3057.33 3057.33 3057.33 3057.33 3057.33 3057.33 3057.33 3057.33 3057.33 3057.33 3064.16 3064.16 3064.16 3064.16 3064.16 3064.16 3064.16 3064.16 3064.16 3064.16 3064.16 3071.01 3071.01 3071.01 3071.01 3071.01 3071.01 3071.01 3071.01 3071.01 3071.01 3071.01 3077.86 3077.86 3077.86 3077.86 3077.86 3077.86 3077.86 3077.86 3077.86 3077.86 3077.86 3084.72 3084.72 3084.72 3084.72 3084.72 3084.72 3084.72 3084.72 3084.72 3084.72 3084.72 3091.58 3091.58 3091.58 3091.58 3091.58 3091.58 3091.58 3091.58 3091.58 3091.58 3091.58 3098.45 3098.45 3098.45 3098.45 3098.45 3098.45 3098.45 3098.45 3098.45 3098.45 3098.45 3105.33 3105.33 3105.33 3105.33 3105.33 3105.33 3105.33 3105.33 3105.33 3105.33 3105.33 3112.22 3112.22 3112.22 3112.22 3112.22 3112.22 3112.22 3112.22 3112.22 3112.22 3112.22 3119.11 3119.11 3119.11 3119.11 3119.11 3119.11 3119.11 3119.11 3119.11 3119.11 3119.11 3126.02 3126.02 3126.02 3126.02 3126.02 3126.02 3126.02 3126.02 3126.02 3126.02 3126.02 3132.93 3132.93 3132.93 3132.93 3132.93 3132.93 3132.93 3132.93 3132.93 3132.93 3132.93 3139.84 3139.84 3139.84 3139.84 3139.84 3139.84 3139.84 3139.84 3139.84 3139.84 3139.84 3146.77 3146.77 3146.77 3146.77 3146.77 3146.77 3146.77 3146.77 3146.77 3146.77 3146.77 3153.70 3153.70 3153.70 3153.70 3153.70 3153.70 3153.70 3153.70 3153.70 3153.70 3153.70 3160.64 3160.64 3160.64 3160.64 3160.64 3160.64 3160.64 3160.64 3160.64 3160.64 3160.64 3167.58 3167.58 3167.58 3167.58 3167.58 3167.58 3167.58 3167.58 3167.58 3167.58 3167.58 3174.54 3174.54 3174.54 3174.54 3174.54 3174.54 3174.54 3174.54 3174.54 3174.54 3174.54 3181.50 3181.50 3181.50 3181.50 3181.50 3181.50 3181.50 3181.50 3181.50 3181.50 3181.50 3188.46 3188.46 3188.46 3188.46 3188.46 3188.46 3188.46 3188.46 3188.46 3188.46 3188.46 3195.44 3195.44 3195.44 3195.44 3195.44 3195.44 3195.44 3195.44 3195.44 3195.44 3195.44 3202.42 3202.42 3202.42 3202.42 3202.42 3202.42 3202.42 3202.42 3202.42 3202.42 3202.42 3209.41 3209.41 3209.41 3209.41 3209.41 3209.41 3209.41 3209.41 3209.41 3209.41 3209.41 3216.41 3216.41 3216.41 3216.41 3216.41 3216.41 3216.41 3216.41 3216.41 3216.41 3216.41 3223.41 3223.41 3223.41 3223.41 3223.41 3223.41 3223.41 3223.41 3223.41 3223.41 3223.41 3230.43 3230.43 3230.43 3230.43 3230.43 3230.43 3230.43 3230.43 3230.43 3230.43 3230.43 3237.45 3237.45 3237.45 3237.45 3237.45 3237.45 3237.45 3237.45 3237.45 3237.45 3237.45
=== END RADAR_SCAN ===

