=== BEGIN RADAR_SCAN ===
scan.index=1
scan.time=184.000000
radar.id=2
radar.frequency=X
radar.scanning_mode=RHI
radar.x=-50000.000
radar.y=50000.000
radar.z=25.000
radar.maximum_range=50000.000
radar.range_resolution=100.000
radar.angular_resolution=1.000000
box.radar_id=2
box.min_range_gate=192.000
box.max_range_gate=447.000
box.min_angle=0.000000
box.max_angle=20.000000
box.num_ranges=256
box.num_angles=20
box.range_resolution=100.000
box.angular_resolution=1.000000
box.other_angle=-52.533444
grid.size=5120
grid.data=0.00 0.00 0.00 0.00 0.00 0.00 0.00 0.00 0.00 0.00 0.00 0.00 0.00 0.00 0.00 0.00 0.00 0.00 0.00 0.00 26.42 24.46 29.02 0.00 0.00 0.00 0.00 0.00 0.00 0.00 0.00 0.00 0.00 0.00 0.00 0.00 0.00 0.00 0.00 0.00 26.57 27.52 25.14 30.21 30.95 31.76 31.10 0.00 0.00 0.00 0.00 0.00 0.00 0.00 0.00 0.00 0.00 0.00 0.00 0.00 22.63 27.86 32.87 29.26 28.90 31.30 34.71 28.82 35.01 0.00 0.00 0.00 0.00 0.00 0.00 0.00 0.00 0.00 0.00 0.00 25.13 31.83 26.21 28.58 27.88 32.73 31.78 28.37 35.70 37.94 45.67 0.00 0.00 0.00 0.00 0.00 0.00 0.00 0.00 0.00 28.66 31.14 26.64 32.11 28.58 32.28 29.76 37.34 30.52 30.14 42.52 45.61 0.00 0.00 0.00 0.00 0.00 0.00 0.00 0.00 30.51 25.74 26.70 29.28 32.98 24.09 31.94 31.64 33.19 32.11 38.67 34.12 34.36 31.30 0.00 0.00 0.00 0.00 0.00 0.00 25.78 25.53 30.76 30.69 29.23 31.46 31.17 35.27 31.16 39.30 41.00 39.34 39.69 34.54 30.18 0.00 0.00 0.00 0.00 0.00 27.85 29.33 24.96 32.03 31.33 26.69 34.06 34.38 33.34 35.39 44.41 39.28 34.70 35.03 33.03 24.51 0.00 0.00 0.00 0.00 29.31 25.02 30.85 32.86 26.02 29.07 33.06 37.99 34.70 35.76 46.62 38.61 43.74 31.84 28.80 30.46 23.32 0.00 0.00 0.00 27.12 30.17 27.78 26.48 34.36 31.15 36.34 28.02 33.50 35.95 46.59 38.51 38.43 31.06 32.64 27.89 24.06 18.63 0.00 0.00 28.31 23.15 24.83 28.08 32.24 30.29 29.54 28.29 29.00 29.79 45.29 38.45 40.22 35.30 30.87 26.55 23.15 16.62 15.55 0.00 27.50 27.99 30.88 30.17 26.79 34.81 36.33 32.61 33.20 38.04 44.64 42.51 32.27 34.66 29.82 24.46 22.36 19.98 11.85 0.00 24.90 33.33 23.08 27.95 33.04 28.39 35.68 34.58 34.13 35.73 39.79 40.76 36.54 29.86 25.25 25.45 23.51 18.35 13.72 8.33 28.87 25.94 26.76 25.99 34.25 29.45 31.89 30.05 36.35 34.74 40.79 36.25 37.09 35.27 32.94 24.21 21.26 18.82 15.15 8.13 24.07 22.76 23.21 30.57 31.69 30.36 32.84 30.30 38.90 40.90 39.70 39.04 33.54 29.14 31.14 23.41 18.55 19.01 12.89 9.68 26.94 25.41 28.29 30.05 25.29 35.11 35.17 35.57 36.41 36.36 44.83 41.93 31.29 34.01 26.73 23.59 21.60 18.57 14.43 7.22 26.04 25.50 25.27 29.65 30.64 22.86 30.98 29.78 30.29 36.13 38.71 44.53 33.75 33.53 24.69 24.64 18.26 18.76 12.95 11.16 24.63 28.39 23.78 30.91 30.31 30.33 31.57 34.38 37.22 39.42 46.99 40.74 37.15 31.34 27.02 21.44 18.33 15.09 12.11 9.18 24.08 28.23 32.16 28.25 32.00 32.02 30.13 34.83 34.70 37.72 44.58 35.26 36.17 28.09 27.36 23.04 20.15 14.02 11.95 11.15 25.70 24.43 23.08 29.19 30.38 28.77 28.12 32.04 35.55 39.58 44.87 37.10 33.39 30.66 28.81 21.59 17.97 14.14 10.03 6.79 27.19 25.19 26.22 28.14 34.27 32.11 32.82 33.70 33.47 39.57 43.23 36.87 36.63 31.14 25.61 23.92 17.82 16.36 11.08 5.80 26.52 28.24 26.39 28.55 31.73 28.14 28.40 30.55 33.00 44.51 45.03 39.56 35.04 28.92 26.52 24.07 16.14 14.65 12.16 -2.61 25.62 28.55 28.36 24.63 28.81 31.62 32.24 31.68 36.91 43.34 39.87 36.42 35.87 31.04 21.90 20.09 19.15 15.60 10.68 1.19 27.07 25.01 26.80 28.85 28.04 32.34 36.37 33.25 30.87 47.22 42.72 37.62 32.86 27.36 23.36 21.92 17.37 14.91 9.48 -0.51 25.87 28.82 31.57 27.39 28.77 29.73 31.93 31.85 38.06 39.97 42.12 37.11 33.64 30.49 25.42 21.77 18.28 15.08 13.62 -1.75 27.44 25.52 29.78 30.56 35.13 30.91 32.18 31.70 34.25 42.78 37.77 34.04 30.89 34.71 26.80 22.39 20.81 14.33 9.66 0.57 24.17 29.64 29.23 29.82 29.38 30.12 32.62 30.74 32.99 38.90 41.16 35.64 33.57 31.26 29.31 18.82 14.25 10.43 10.05 2.18 30.59 23.77 30.00 24.62 30.20 34.76 31.85 33.23 38.91 49.45 45.76 41.49 33.46 31.76 26.44 22.22 14.43 13.95 7.86 0.56 28.43 28.31 29.20 29.62 27.81 38.39 33.16 31.54 30.34 40.70 41.13 37.50 34.21 32.65 23.19 22.30 14.17 11.82 7.10 -0.61 27.75 26.68 28.17 28.82 26.97 30.88 29.91 32.26 35.54 42.18 37.20 31.80 32.73 30.43 24.54 16.38 15.84 12.72 7.31 -0.58 25.86 28.34 30.08 33.22 26.63 29.23 31.17 31.92 34.47 42.65 40.40 37.91 28.71 26.99 25.11 21.44 20.16 12.08 6.80 -1.18 29.12 26.30 29.34 29.34 26.66 32.99 33.54 37.04 33.84 47.06 39.17 35.44 34.73 27.19 30.03 17.64 15.03 10.85 6.92 1.20 23.39 29.07 28.85 27.01 30.88 35.68 33.30 32.41 30.87 39.80 36.29 37.46 31.53 23.14 23.06 17.45 14.58 10.26 7.82 -2.03 25.55 25.70 30.67 32.50 32.57 37.69 35.07 35.89 37.45 40.97 37.66 37.84 30.52 26.27 19.93 23.13 16.25 10.46 1.67 -0.46 29.40 26.83 28.15 29.64 32.79 30.12 32.04 33.11 30.81 39.00 40.05 38.59 31.39 26.05 21.00 18.29 14.37 10.66 0.52 1.50 29.69 29.12 29.68 29.80 31.23 33.04 37.48 31.73 35.60 36.36 34.91 37.73 29.21 25.45 22.66 20.67 14.04 8.32 1.15 -3.21 24.92 30.27 25.60 25.59 30.55 32.49 30.38 35.88 34.94 45.91 38.12 33.31 32.84 30.23 24.58 20.44 14.98 9.73 0.34 2.46 28.43 29.53 30.47 30.23 25.09 32.06 36.65 37.53 30.69 40.50 43.28 35.95 34.40 24.59 22.72 17.46 16.33 8.79 -0.11 0.89 26.87 25.38 22.52 28.28 29.04 28.22 33.68 30.71 37.08 45.12 37.83 29.85 28.06 29.83 23.45 12.82 9.11 11.19 -1.10 0.43 30.49 26.61 29.95 31.67 23.82 32.58 25.46 32.63 37.48 45.25 35.22 35.46 30.24 25.30 20.11 16.71 14.93 8.48 -0.57 -2.03 27.27 26.38 25.95 26.27 33.63 32.93 28.01 37.04 33.35 43.03 41.46 33.97 27.91 24.83 20.13 17.27 11.54 8.56 -2.56 -0.45 23.99 29.65 26.27 28.65 32.39 34.60 36.54 29.50 37.74 37.92 38.21 34.33 29.52 25.49 23.45 16.26 13.24 10.60 -0.79 -0.73 28.64 25.01 29.89 31.57 26.07 32.38 28.62 33.13 37.45 43.91 36.09 36.83 28.19 27.46 18.70 15.10 13.07 8.70 -2.36 -0.32 29.35 28.98 27.34 26.16 33.88 28.83 33.61 34.43 41.72 41.93 38.67 33.70 32.74 25.69 21.60 18.15 11.16 6.10 -0.18 1.16 27.43 23.03 28.36 26.54 30.79 28.83 35.18 32.05 35.16 41.24 37.96 35.50 30.61 26.75 16.61 16.36 11.30 8.31 -1.37 3.05 23.03 27.91 29.64 29.13 34.11 30.63 33.42 32.44 31.94 40.81 39.86 30.96 29.08 25.29 22.71 18.50 13.07 -0.32 0.47 0.27 26.88 30.07 27.45 26.23 32.88 30.85 32.69 36.72 37.93 42.99 37.00 33.24 27.81 29.44 19.86 14.42 11.85 0.31 -0.95 -2.92 27.54 27.00 30.46 29.63 31.43 30.73 30.84 35.70 39.19 37.67 36.02 34.23 29.90 25.20 20.04 13.00 15.59 0.35 2.58 1.50 25.71 29.19 28.01 31.49 31.14 30.82 31.36 28.54 40.97 39.68 39.88 34.96 34.21 23.18 15.31 15.53 10.56 -0.57 -0.51 -1.29 26.37 27.30 24.79 30.52 27.69 33.63 32.96 31.62 35.98 40.69 34.07 31.32 28.56 26.25 17.84 18.28 10.64 0.21 0.12 1.96 22.64 23.82 27.92 31.73 30.53 30.71 35.07 31.86 38.71 38.02 38.23 36.12 28.41 23.24 21.44 12.19 10.31 -1.64 2.62 0.16 27.27 25.90 26.65 24.98 30.00 31.73 31.75 39.29 38.96 38.36 38.33 30.67 23.56 24.54 22.18 13.39 10.44 -0.57 1.11 1.32 29.69 27.63 24.00 26.33 28.50 30.26 30.74 30.89 39.89 43.67 34.91 29.07 27.83 23.73 21.77 16.01 9.83 0.61 -1.03 -0.53 28.79 26.78 29.69 28.81 29.61 31.21 34.03 33.15 46.61 41.27 40.19 28.98 22.14 23.93 18.58 13.98 8.92 0.76 -0.53 -0.34 24.71 29.03 26.31 29.18 30.32 30.80 32.17 34.48 44.09 37.47 36.69 32.57 28.82 24.99 18.33 10.53 9.39 0.08 -1.89 -2.67 29.86 27.68 29.18 30.86 30.26 30.98 29.00 29.75 46.30 43.21 30.84 31.12 30.33 19.67 18.16 12.76 8.60 -0.71 0.43 1.35 28.83 24.70 28.84 26.83 30.19 28.11 30.59 39.09 40.61 39.94 33.22 29.93 29.54 20.23 17.80 11.87 8.43 -0.01 -0.51 1.27 24.93 26.34 30.91 30.64 27.31 36.30 32.58 37.27 46.54 39.43 39.03 28.86 25.79 20.96 15.79 15.16 4.83 -1.23 -2.43 -1.96 24.53 25.05 25.70 29.84 33.38 30.52 36.59 28.93 41.30 46.57 31.22 29.54 23.51 22.22 16.52 13.52 8.43 -0.50 2.05 -0.06 25.98 21.19 25.47 34.20 31.47 31.44 32.04 35.54 39.97 39.91 36.28 32.91 25.98 20.58 14.45 10.30 4.46 3.17 1.49 -0.43 29.79 30.23 31.61 25.50 28.14 30.37 35.38 39.49 45.45 36.32 40.22 32.02 29.46 20.75 15.67 10.77 -2.06 0.65 -2.42 1.49 24.14 27.34 28.38 29.72 37.67 30.16 30.46 33.97 45.38 37.24 29.24 30.84 28.37 21.83 16.02 9.81 0.15 1.02 -0.44 -0.67 28.00 27.74 25.91 31.01 30.26 34.02 29.17 30.47 49.68 35.87 26.50 28.02 23.48 16.92 12.98 9.51 0.11 -2.91 1.57 0.78 32.35 25.36 25.64 33.13 28.07 35.09 36.44 32.73 38.18 43.24 32.27 29.28 25.61 17.99 14.69 9.21 -0.67 -1.52 -1.55 1.64 28.63 22.66 30.31 32.32 34.06 30.05 33.63 35.30 39.37 36.71 33.55 30.47 24.19 18.67 16.06 9.96 -0.30 2.69 -0.26 0.33 29.95 26.70 24.96 24.50 29.18 35.83 35.87 34.00 45.05 36.38 33.74 29.75 28.12 16.68 17.34 10.14 -2.71 0.09 2.27 -2.07 30.39 26.02 26.73 31.02 30.49 30.42 36.08 31.81 40.00 40.94 34.08 29.10 24.63 20.47 16.51 12.32 0.95 0.45 -0.15 -0.19 25.73 25.67 24.54 30.64 31.89 31.23 29.87 31.67 42.86 37.50 31.91 26.06 25.80 18.81 12.64 11.01 -0.07 -0.06 0.29 -0.29 23.25 29.72 30.11 31.22 31.66 29.15 30.96 38.03 44.86 34.83 33.72 27.06 26.98 16.62 13.79 8.39 -2.56 -3.15 1.54 0.12 26.94 25.84 24.01 25.74 33.16 32.58 36.96 31.43 38.61 35.51 34.69 27.67 24.70 19.48 14.79 8.68 0.48 -2.05 -3.93 -2.55 24.41 22.07 34.49 31.25 29.58 32.20 32.06 31.98 41.44 37.75 27.50 27.61 20.38 14.32 10.50 8.36 -0.90 -0.79 -4.44 0.17 27.00 26.92 27.96 27.16 26.00 31.90 36.42 36.18 33.70 41.12 29.97 28.52 24.10 18.44 15.42 9.08 -1.22 2.33 -0.32 1.26 35.92 27.00 23.70 29.07 33.60 33.11 32.02 35.93 36.71 35.53 31.62 25.73 19.42 19.32 14.34 8.27 0.42 -0.08 0.17 0.26 36.46 39.73 43.90 40.25 42.74 34.71 33.82 40.60 36.44 41.55 33.94 25.78 23.77 16.35 10.36 9.59 -0.23 1.14 -1.44 -1.57 35.12 35.28 36.83 38.85 43.47 42.50 42.30 35.35 38.80 37.47 36.04 33.33 19.56 17.35 9.93 4.05 -1.29 0.09 1.92 -0.29 36.66 35.89 34.74 36.84 42.39 43.93 50.35 46.20 43.58 39.11 35.77 27.13 21.16 20.03 9.56 7.16 1.08 -1.72 0.20 -1.43 32.84 34.56 33.98 43.65 38.25 42.74 49.28 48.84 41.78 40.07 32.71 28.91 21.47 13.44 10.32 0.87 -0.05 -2.70 -1.67 -0.95 37.33 36.21 41.44 39.60 37.13 41.34 48.13 49.20 42.53 39.25 32.77 27.73 20.50 18.25 9.26 0.75 2.27 -1.06 2.16 0.19 37.58 34.41 37.07 42.98 41.43 44.64 42.30 43.24 44.90 39.20 32.31 31.61 18.99 15.58 11.53 -1.75 0.76 2.19 -0.80 -0.42 37.41 37.68 36.59 37.90 42.83 38.88 42.58 43.90 44.69 36.40 31.67 30.32 24.32 13.62 13.44 -0.63 1.71 2.70 1.02 -0.96 34.23 33.11 40.83 39.32 44.63 41.27 46.65 41.18 48.80 39.79 33.26 29.37 29.65 23.03 13.81 1.48 -2.70 -0.28 2.78 -0.03 32.57 38.66 39.77 37.81 39.69 47.25 43.06 47.19 45.95 40.45 33.77 25.61 26.91 22.45 14.88 1.57 -0.02 -0.21 -2.21 0.09 35.32 39.84 31.71 45.00 35.78 44.94 38.13 41.52 40.18 35.63 30.02 32.39 20.32 22.54 19.39 17.60 0.58 1.96 1.70 0.48 39.00 34.89 30.48 32.99 38.92 40.32 46.41 41.39 43.13 34.97 28.76 23.54 23.27 22.27 18.61 17.85 9.53 0.12 -1.26 0.29 37.29 37.55 38.46 40.94 37.57 43.62 41.39 36.74 42.96 35.40 29.41 26.74 23.73 19.41 20.42 15.78 12.66 1.31 1.46 0.76 40.26 35.35 37.49 35.97 41.46 41.58 44.74 44.31 45.79 35.44 29.35 27.89 23.27 21.33 20.92 13.81 11.76 8.34 -0.78 -2.66 31.43 33.19 43.06 40.00 43.68 39.81 44.19 45.84 42.22 38.88 33.47 25.49 23.58 22.19 20.46 14.15 15.67 9.36 -1.82 -1.08 39.36 36.18 36.73 39.32 39.96 40.37 46.67 40.45 38.73 35.85 31.61 28.57 26.40 19.47 19.67 16.59 11.42 9.08 -1.36 3.79 37.79 33.49 37.57 39.52 43.86 37.88 43.32 43.59 42.04 32.12 32.10 23.94 26.77 25.84 16.14 14.66 13.00 9.11 0.09 1.06 31.61 34.28 32.08 33.00 38.48 42.21 35.40 42.66 42.47 39.31 28.70 27.35 24.30 17.25 17.63 13.81 11.31 10.34 3.20 1.51 37.48 39.60 38.48 38.02 37.97 46.64 42.86 46.90 41.00 35.54 28.59 31.36 23.05 19.62 16.46 14.04 11.53 11.12 0.40 0.62 35.19 37.37 37.34 36.22 40.90 41.16 45.23 41.98 47.27 35.73 32.39 26.92 24.50 18.89 18.24 11.87 11.64 7.85 -0.11 1.69 40.25 36.66 36.80 39.83 39.05 37.79 36.52 46.20 38.05 33.50 31.00 28.22 24.99 22.39 17.57 12.75 12.63 6.90 0.08 -1.75 32.70 37.68 43.00 39.08 42.71 35.85 43.35 40.61 43.90 34.07 28.38 30.72 21.85 15.93 18.10 14.25 10.80 8.00 0.57 -0.78 33.29 38.99 39.34 42.01 34.20 43.94 41.62 45.94 38.38 34.72 26.79 25.61 27.18 18.50 17.33 14.27 11.80 8.61 0.37 -1.57 39.12 40.76 30.80 38.60 38.65 43.30 43.83 44.29 38.98 33.37 30.49 21.14 26.25 20.53 14.29 13.54 10.40 8.66 1.74 -0.52 39.55 35.98 44.19 43.90 33.77 40.21 44.80 47.80 42.68 37.51 24.68 25.29 23.29 18.56 16.41 11.65 9.43 6.43 -0.22 0.74 39.04 32.22 39.16 37.00 41.60 40.65 38.02 46.65 41.78 35.76 30.01 26.76 20.56 21.39 16.81 14.57 10.94 -0.55 1.02 0.75 34.39 35.91 37.47 36.46 40.71 42.61 45.51 41.34 43.64 34.35 26.03 25.50 23.73 22.53 18.36 10.26 6.10 1.19 2.06 2.36 34.16 35.43 35.11 38.89 41.44 43.22 40.95 41.27 37.96 34.39 27.78 22.70 24.08 24.32 18.73 11.46 9.97 -1.36 -2.31 -1.63 39.28 39.03 35.49 41.69 40.49 40.29 41.21 42.46 39.17 32.27 25.19 27.01 25.55 19.48 16.56 11.53 8.94 2.40 -0.93 -0.34 34.71 34.62 33.81 38.34 34.73 44.58 42.05 44.86 45.32 31.15 30.20 23.05 21.47 21.22 16.42 13.25 9.51 0.89 -0.82 -1.23 34.26 32.45 36.79 40.33 40.12 35.93 44.25 45.08 39.04 26.28 32.62 28.52 22.74 21.30 14.30 11.11 11.36 3.81 0.03 -1.26 34.82 34.56 34.70 40.30 38.86 45.26 41.41 39.92 41.79 26.85 31.11 26.27 23.13 19.46 13.30 14.74 6.63 0.43 -0.01 2.56 36.79 40.92 37.65 39.34 40.24 43.34 37.24 49.01 46.40 35.92 27.54 27.38 17.04 16.79 15.07 13.74 10.28 -1.65 -0.20 -0.46 33.15 32.58 35.77 37.39 40.19 38.42 36.29 43.22 38.79 33.38 32.29 27.91 23.19 21.25 14.31 10.66 8.27 -1.84 2.06 1.46 33.20 38.58 39.08 39.73 42.37 38.62 43.21 43.86 41.60 30.19 26.28 25.86 19.33 19.98 17.58 12.61 9.05 -1.60 1.46 0.13 37.52 34.69 37.58 43.39 36.18 39.95 36.39 41.57 36.47 33.87 30.32 25.27 22.31 17.44 14.78 10.47 8.36 -2.37 -2.60 0.19 31.52 33.28 33.93 39.96 37.02 40.70 41.69 36.91 33.40 32.74 26.30 26.80 21.40 19.94 13.71 12.85 5.74 1.51 -0.45 -1.01 38.03 33.18 34.38 43.77 43.95 38.69 38.73 46.40 33.65 27.13 29.30 25.02 22.69 16.26 14.50 12.58 8.45 -0.29 2.13 1.54 34.94 42.98 36.61 43.21 40.05 40.06 41.47 41.85 36.27 33.10 28.23 24.22 22.93 17.16 16.01 12.52 8.21 0.07 1.92 1.46 36.27 36.91 39.47 39.27 40.22 39.05 38.78 38.87 42.07 30.57 29.69 29.61 18.85 14.45 14.10 12.13 8.55 -3.07 -0.18 -0.55 35.13 35.35 36.42 37.86 44.03 36.29 45.60 44.45 38.75 33.15 31.59 19.80 20.42 15.67 13.14 12.29 8.33 1.80 -0.78 2.14 41.63 36.45 33.11 42.36 41.53 34.21 36.44 43.91 40.05 28.70 31.73 24.77 18.05 17.82 15.09 10.04 5.77 -1.64 -4.75 0.54 34.43 36.86 32.33 34.53 41.51 42.45 42.50 36.27 39.51 32.13 23.65 23.16 23.33 12.28 16.26 9.46 9.34 2.42 0.85 4.07 39.11 35.13 35.44 36.65 40.68 39.53 50.75 40.30 37.79 27.60 22.97 22.78 20.49 19.77 14.88 13.53 -0.29 0.46 3.51 3.73 38.86 39.50 35.77 36.88 42.91 40.97 37.26 40.72 38.02 30.08 27.30 25.36 20.85 17.32 13.44 9.71 -1.02 -0.45 -0.87 1.16 35.18 34.08 35.31 35.30 36.03 43.80 40.75 44.97 34.30 28.16 25.71 26.15 20.89 20.08 15.90 9.54 -1.06 -0.51 0.53 0.25 34.39 32.40 39.55 33.27 38.35 37.84 42.73 39.87 36.83 25.16 29.75 24.65 19.26 16.28 13.14 9.14 0.13 -0.42 -0.66 -1.46 33.06 34.48 33.53 37.53 38.54 47.57 43.90 39.21 34.93 29.68 24.23 23.98 16.69 20.68 12.20 10.00 -0.96 1.80 0.33 -0.05 33.06 37.78 44.44 35.10 41.96 39.36 46.32 43.74 37.46 31.34 30.81 22.54 19.51 16.88 14.28 9.22 -3.11 0.25 -0.17 1.40 34.79 37.01 39.34 44.51 41.03 40.56 35.69 39.70 38.43 29.73 26.53 25.58 18.29 17.78 13.37 5.52 0.61 4.18 -1.72 -2.77 35.28 34.38 37.90 36.04 37.54 36.59 35.14 43.86 35.89 33.11 31.55 25.42 21.60 17.63 15.73 5.22 -0.44 -0.71 -0.83 -3.33 35.49 35.26 35.39 37.05 43.23 36.47 39.47 38.65 38.08 28.98 28.98 24.05 18.96 16.66 10.24 11.08 -1.28 -1.11 -0.36 -4.02 34.57 38.06 40.23 34.55 44.67 36.18 43.94 35.44 36.52 29.13 24.05 21.96 21.58 19.12 12.44 6.04 -2.65 -2.67 -1.37 2.84 39.58 38.56 35.65 33.50 42.22 39.38 41.66 39.57 31.70 29.33 32.59 25.02 19.31 17.00 12.84 8.21 -1.56 -3.22 0.16 0.36 36.28 36.52 36.57 41.10 46.79 42.52 37.59 39.20 35.61 31.83 26.13 23.36 21.28 14.71 16.01 6.15 1.09 -0.04 -1.14 0.42 34.92 37.91 32.61 38.58 39.04 36.04 44.15 40.15 28.90 34.40 27.20 27.33 16.58 13.43 9.38 8.23 -1.62 1.28 -0.24 1.70 33.74 33.55 41.36 40.14 41.23 39.46 35.02 34.03 33.46 30.75 24.20 27.59 20.02 17.35 9.87 8.65 -0.20 0.19 1.63 -0.61 38.48 40.93 32.99 41.96 35.26 42.84 41.11 38.84 33.67 30.24 24.39 20.50 16.74 16.14 11.90 8.00 -0.52 0.77 -0.03 -0.70 34.71 36.64 33.37 41.00 39.00 34.91 41.37 37.67 39.89 26.89 26.26 21.33 20.47 16.60 7.37 7.60 -0.89 -0.34 0.49 0.71 39.59 41.58 40.14 35.97 37.28 38.21 36.58 40.33 33.95 21.40 29.07 22.27 18.54 15.57 14.12 5.51 -1.18 0.54 0.53 -1.37 39.22 31.94 36.06 36.46 44.18 37.27 37.54 34.67 34.43 30.24 26.47 20.66 20.33 15.62 11.87 4.36 -2.28 0.90 1.66 -0.50 30.35 31.55 39.18 39.55 42.11 40.39 43.61 37.11 31.89 30.23 26.72 23.13 17.48 15.07 11.74 9.69 2.03 1.87 -0.92 2.11 34.04 35.62 37.35 34.94 39.76 39.75 39.79 34.81 37.19 29.51 25.08 22.37 19.49 14.56 10.66 2.05 1.29 -0.40 1.40 -1.97 33.89 35.92 36.59 44.54 40.48 39.16 36.61 37.82 30.74 29.94 27.67 19.36 17.53 12.02 10.31 1.77 0.96 3.35 -1.10 1.78 36.46 34.10 36.27 34.45 34.80 36.25 39.54 37.31 35.60 30.93 26.00 21.78 17.56 11.51 9.22 1.20 -0.65 -0.61 0.44 1.50 36.02 34.88 38.93 40.71 40.94 35.92 34.05 37.79 29.44 26.60 23.45 25.16 16.01 13.95 7.24 -0.03 -0.75 -1.87 1.21 -0.04 35.72 32.51 40.23 37.30 36.82 38.36 36.99 39.99 31.35 27.20 23.34 21.76 18.19 17.65 9.00 -2.23 0.80 1.27 0.02 -1.63 33.74 34.36 42.64 34.07 42.43 39.10 45.48 38.60 33.31 30.06 25.31 17.74 13.47 14.91 7.13 -2.57 1.66 0.70 -1.86 -0.44 33.72 35.25 37.10 43.73 37.31 32.49 33.10 31.79 33.97 29.03 27.88 21.14 15.59 17.13 9.11 0.65 1.38 -2.12 -0.36 -1.99 39.91 36.75 32.38 38.95 40.46 39.79 38.47 30.83 29.27 27.14 26.50 20.14 21.85 14.73 9.79 0.90 -1.61 -0.04 0.66 2.09 35.86 40.76 39.68 39.35 37.81 38.05 40.13 32.10 30.12 27.96 23.81 19.69 15.34 13.37 12.49 1.00 -1.70 -0.46 1.46 -2.19 37.41 31.22 42.13 36.74 39.83 37.39 34.84 37.98 27.84 30.01 23.74 16.00 17.93 9.80 11.65 -0.62 -0.79 0.08 -2.03 1.08 31.50 39.78 34.08 33.81 42.59 36.85 34.11 33.89 32.25 26.56 23.67 20.83 17.22 11.18 11.06 -0.06 1.23 0.66 2.30 2.96 34.47 35.09 37.28 33.87 43.77 38.02 43.78 34.79 28.86 27.57 27.82 21.88 16.93 11.21 8.46 0.96 -0.10 1.41 -1.82 -0.78 34.88 33.83 39.13 40.18 39.47 43.50 35.35 32.42 29.93 25.84 19.50 20.71 14.83 9.36 6.23 -0.80 -1.25 0.25 -0.40 0.97 33.07 37.63 42.15 36.36 40.34 40.57 40.74 37.01 35.83 26.56 26.56 18.67 14.00 9.47 8.92 -0.30 2.02 3.28 0.39 -0.36 32.53 33.32 33.74 34.86 42.18 40.38 35.06 35.71 29.72 24.50 24.26 18.16 16.12 12.51 9.15 0.52 -0.19 0.60 -0.44 1.26 35.11 39.88 33.77 39.97 42.61 41.69 46.61 38.56 35.57 27.42 22.05 19.49 14.63 14.55 9.49 0.88 -1.64 -0.35 3.35 -2.01 37.14 36.39 37.89 32.83 32.05 38.40 42.03 36.46 32.13 30.10 22.72 21.46 15.02 14.40 8.58 1.21 1.08 -2.84 -1.06 -3.93 36.91 36.27 41.49 42.06 35.41 32.68 33.58 29.00 33.92 25.28 21.93 19.59 19.70 10.55 5.88 -0.39 1.32 1.15 -3.07 -0.13 32.50 33.52 40.24 29.98 35.71 33.28 39.15 37.09 28.89 23.30 24.81 21.83 14.65 9.99 4.65 -0.09 -0.28 0.60 -0.71 -1.94 37.96 38.28 37.23 36.79 38.34 36.05 29.16 33.47 32.84 27.51 22.52 22.14 13.45 11.48 5.39 -0.18 1.49 2.09 1.00 1.30 34.51 36.41 41.39 38.42 38.64 37.81 41.49 37.91 30.06 26.00 21.12 20.60 15.22 10.97 7.13 0.97 0.72 -2.63 1.42 1.50 33.89 33.02 37.74 41.12 36.77 41.83 33.12 35.93 29.18 22.24 26.20 17.54 14.53 11.27 7.17 2.11 -1.52 -5.10 3.82 -0.32 36.09 37.91 35.79 34.58 35.50 40.77 35.65 37.59 32.25 24.39 20.52 22.47 15.82 13.44 7.01 -0.45 -0.12 -0.73 3.21 -0.48 31.79 33.72 40.85 38.79 42.29 41.36 41.00 35.95 31.46 21.98 23.38 15.38 15.06 7.82 1.79 2.83 1.31 -0.96 -0.44 -0.81 34.02 39.95 34.31 33.05 38.05 29.37 34.68 40.15 27.61 28.94 20.67 19.63 16.70 11.97 6.83 -0.81 2.60 1.40 1.18 3.58 40.19 40.50 40.18 40.53 38.14 35.83 37.87 33.93 29.81 24.65 23.70 19.88 16.97 15.36 0.86 2.20 0.47 -0.45 1.25 2.29 37.47 34.36 38.02 40.71 37.18 38.39 33.31 35.31 27.14 29.45 21.32 17.14 14.05 10.75 0.04 -1.94 -1.33 -1.47 -1.83 -2.87 36.93 34.45 37.24 39.53 36.44 38.68 32.17 34.69 32.73 23.37 18.31 16.47 13.22 6.84 0.96 1.60 -0.85 0.72 -0.72 0.02 33.96 32.08 38.80 35.96 36.16 39.58 37.48 37.58 32.70 28.65 24.98 20.91 13.81 8.62 0.29 0.63 -2.68 0.71 1.70 0.19 34.83 36.89 38.88 40.94 43.13 40.49 33.61 34.72 27.92 24.83 24.38 20.01 13.84 11.37 0.51 0.70 0.22 0.60 -1.53 -0.24 36.30 33.91 39.99 41.14 40.98 37.49 38.24 30.88 28.14 23.65 21.38 18.39 13.27 9.54 3.29 1.63 2.70 -1.23 1.17 -0.30 35.74 34.61 32.19 37.07 34.79 37.25 29.60 33.47 30.14 25.15 22.01 16.29 14.50 11.43 0.98 -2.61 2.16 -2.69 -1.22 2.60 36.34 32.17 33.25 40.03 41.93 37.93 31.15 29.92 29.21 24.50 20.59 16.47 13.57 10.61 2.05 0.21 2.94 0.44 -2.29 0.52 34.96 34.52 32.67 36.15 42.30 36.94 29.58 34.87 30.29 23.16 20.04 16.74 13.11 11.20 -1.14 -1.24 -1.13 -1.73 -2.50 -0.02 33.65 34.58 31.88 39.41 37.27 40.45 38.70 30.69 28.58 24.74 20.05 16.86 12.86 11.53 0.91 -1.19 0.54 -0.68 2.44 -2.30 32.26 33.36 43.04 36.49 37.85 42.07 34.06 31.55 30.36 25.35 20.65 18.84 12.29 10.34 0.06 -1.09 0.02 3.43 1.57 0.51 29.27 34.35 36.48 39.63 35.28 28.62 34.04 32.48 29.55 27.41 17.68 17.76 9.93 9.15 1.64 -0.74 -0.32 1.85 -0.34 -5.00 34.52 31.83 38.87 43.28 38.71 34.77 26.31 32.03 29.30 23.57 21.31 17.09 15.21 7.11 -2.70 0.76 3.05 1.73 0.31 -0.16 27.51 36.86 38.63 34.91 36.75 39.44 36.15 34.35 29.12 25.74 21.10 13.64 12.70 8.67 0.91 -3.27 1.48 0.64 -0.05 -0.69 23.86 24.35 28.78 30.24 25.45 35.78 36.67 34.92 25.29 26.01 18.94 12.54 16.00 10.17 -2.81 0.93 1.56 -1.49 -1.46 -0.37 25.81 26.92 24.29 27.25 24.20 31.03 30.21 30.69 24.90 19.66 20.40 16.71 9.38 8.32 1.64 0.70 -1.70 1.21 -1.70 -1.49 24.68 24.17 28.18 28.06 33.10 26.90 31.14 32.23 24.31 23.83 23.53 19.70 10.10 6.86 0.61 -0.39 0.97 -1.35 2.04 -0.43 22.50 23.59 26.31 29.78 26.81 29.88 29.03 30.92 26.67 26.78 21.20 12.90 10.17 8.36 -0.40 0.90 3.29 0.84 0.77 -0.77 28.18 23.17 27.70 23.64 28.57 25.03 34.45 31.29 28.38 16.07 26.58 14.89 9.37 6.96 0.53 -0.09 1.28 -1.02 1.50 0.29 23.54 26.27 30.64 26.19 29.84 24.50 30.24 27.94 25.94 18.12 10.83 14.97 11.77 8.20 0.52 -1.56 -0.72 1.61 1.27 -1.51 26.31 24.31 26.12 27.07 20.58 23.96 34.87 28.43 23.31 18.46 9.71 15.20 11.99 8.49 -3.92 1.05 1.47 3.01 2.31 -1.09 23.99 22.84 26.29 26.27 27.44 26.71 34.81 28.36 31.41 15.98 13.85 -2.18 11.72 6.52 -0.24 -0.79 2.51 0.55 -0.61 1.48 23.04 26.96 28.25 29.61 22.74 25.32 34.61 31.47 26.01 14.02 12.05 -0.94 0.49 5.73 -0.30 0.44 -0.79 -0.94 -1.48 -0.02 23.69 26.57 29.86 23.07 32.17 28.38 31.92 22.76 26.05 19.54 11.21 -0.12 0.98 -2.01 -2.46 -0.95 -1.25 2.26 0.83 0.63 25.43 24.87 26.02 28.28 26.88 32.99 31.79 25.19 25.98 16.69 9.20 -0.85 -1.01 -1.17 3.00 1.54 -0.69 -1.68 1.67 -2.26 0.00 0.00 0.00 0.00 26.01 29.12 29.01 27.95 26.78 16.61 10.64 2.49 -0.31 1.02 0.37 -2.51 1.47 -0.59 -1.71 0.54 0.00 0.00 0.00 0.00 0.00 0.00 32.03 28.46 22.72 15.36 10.43 -0.12 0.60 0.00 0.04 -1.94 3.22 0.23 0.04 1.30 0.00 0.00 0.00 0.00 0.00 0.00 0.00 29.43 25.02 15.59 11.38 0.80 1.28 -2.47 0.88 1.59 0.84 1.11 2.01 -0.61 0.00 0.00 0.00 0.00 0.00 0.00 0.00 0.00 21.01 17.07 9.62 -0.18 -0.06 0.50 1.11 2.17 0.99 -0.69 0.43 -0.60 0.00 0.00 0.00 0.00 0.00 0.00 0.00 0.00 0.00 16.61 6.98 2.12 0.12 -2.02 1.11 0.75 -1.55 -1.32 -0.27 2.73 0.00 0.00 0.00 0.00 0.00 0.00 0.00 0.00 0.00 0.00 9.13 0.51 2.05 0.04 0.08 0.97 -2.76 -0.80 -1.23 1.53 0.00 0.00 0.00 0.00 0.00 0.00 0.00 0.00 0.00 0.00 0.00 0.72 2.55 0.18 -0.18 -0.64 -3.08 0.96 -0.59 -0.03 0.00 0.00 0.00 0.00 0.00 0.00 0.00 0.00 0.00 0.00 0.00 0.00 -1.10 1.52 -1.65 -0.59 0.64 1.78 1.58 0.39 0.00 0.00 0.00 0.00 0.00 0.00 0.00 0.00 0.00 0.00 0.00 0.00 1.05 -1.70 1.27 1.32 -1.17 -0.07 1.83 0.59 0.00 0.00 0.00 0.00 0.00 0.00 0.00 0.00 0.00 0.00 0.00 0.00 0.00 -0.88 -1.43 -0.64 -2.03 -1.46 0.34 -0.07 0.00 0.00 0.00 0.00 0.00 0.00 0.00 0.00 0.00 0.00 0.00 0.00 0.00 0.00 -0.15 0.14 -2.58 0.51 0.87 -3.63 0.00 0.00 0.00 0.00 0.00 0.00 0.00 0.00 0.00 0.00 0.00 0.00 0.00 0.00 1.14 -1.34 -0.27 0.23 -1.23 -1.19 0.00 0.00 0.00 0.00 0.00 0.00 0.00 0.00 0.00 0.00 0.00 0.00 0.00 0.00 0.00 1.46 -0.05 -0.76 0.42 1.32 0.00 0.00 0.00 0.00 0.00 0.00 0.00 0.00 0.00 0.00 0.00 0.00 0.00 0.00 0.00 2.82 1.63 0.51 3.93 -1.27 0.00 0.00 0.00 0.00 0.00 0.00 0.00 0.00 0.00 0.00 0.00 0.00 0.00 0.00 0.00 0.00 -2.39 -1.97 -0.44 1.69 0.00 0.00 0.00 0.00 0.00 0.00 0.00 0.00 0.00 0.00 0.00 0.00 0.00 0.00 0.00 0.00 0.87 1.00 -0.48 2.12 0.00 0.00 0.00 0.00 0.00 0.00 0.00 0.00 0.00 0.00 0.00 0.00 0.00 0.00 0.00 0.00 0.00 -0.33 -0.55 -0.49 0.00 0.00 0.00 0.00 0.00 0.00 0.00 0.00 0.00 0.00 0.00 0.00 0.00 0.00 0.00 0.00 0.00 -3.19 -0.34 1.94 0.00 0.00 0.00 0.00 0.00 0.00 0.00 0.00 0.00 0.00 0.00 0.00 0.00 0.00 0.00 0.00 0.00 0.00 1.70 -0.72 0.00 0.00 0.00 0.00 0.00 0.00 0.00 0.00 0.00 0.00 0.00 0.00 0.00 0.00 0.00 0.00 0.00 0.00 3.19 -1.20 0.00 0.00 0.00 0.00 0.00 0.00 0.00 0.00 0.00 0.00 0.00 0.00 0.00 0.00 0.00 0.00 0.00 0.00 0.00 0.02 0.00 0.00 0.00 0.00 0.00 0.00 0.00 0.00 0.00 0.00 0.00 0.00 0.00 0.00 0.00 0.00 0.00 0.00 0.00 -0.24 0.00 0.00 0.00 0.00 0.00 0.00 0.00 0.00 0.00 0.00 0.00 0.00 0.00 0.00 0.00 0.00 0.00 0.00 0.00 0.00 0.00 0.00 0.00 0.00 0.00 0.00 0.00 0.00 0.00 0.00 0.00 0.00 0.00 0.00 0.00 0.00 0.00 0.00 0.00 0.00 0.00 0.00 0.00 0.00 0.00 0.00 0.00 0.00 0.00 0.00 0.00 0.00 0.00 0.00 0.00 0.00 0.00 0.00 0.00 0.00 0.00 0.00 0.00 0.00 0.00 0.00 0.00 0.00 0.00 0.00 0.00 0.00 0.00 0.00 0.00 0.00 0.00 0.00 0.00 0.00 0.00 0.00 0.00 0.00 0.00 0.00 0.00 0.00 0.00 0.00 0.00 0.00 0.00 0.00 0.00 0.00 0.00 0.00 0.00 0.00 0.00 0.00 0.00 0.00 0.00 0.00 0.00 0.00 0.00 0.00 0.00 0.00 0.00 0.00 0.00 0.00 0.00 0.00 0.00 0.00 0.00 0.00 0.00 0.00 0.00 0.00 0.00 0.00 0.00 0.00 0.00 0.00 0.00 0.00 0.00 0.00 0.00 0.00 0.00 0.00 0.00 0.00 0.00 0.00 0.00 0.00 0.00 0.00 0.00 0.00 0.00 0.00 0.00 0.00 0.00 0.00 0.00 0.00 0.00 0.00 0.00 0.00 0.00 0.00 0.00 0.00 0.00 0.00 0.00 0.00 0.00 0.00 0.00 0.00 0.00 0.00 0.00 0.00 0.00 0.00 0.00 0.00 0.00 0.00 0.00 0.00 0.00 0.00 0.00 0.00 0.00 0.00 0.00 0.00 0.00 0.00 0.00 0.00 0.00 0.00 0.00 0.00 0.00 0.00 0.00 0.00 0.00 0.00 0.00 0.00 0.00 0.00 0.00 0.00 0.00 0.00 0.00 0.00 0.00 0.00 0.00 0.00 0.00 0.00 0.00 0.00 0.00 0.00 0.00 0.00 0.00 0.00 0.00 0.00 0.00 0.00 0.00 0.00 0.00 0.00 0.00 0.00 0.00 0.00 0.00 0.00 0.00 0.00 0.00 0.00 0.00 0.00 0.00 0.00 0.00 0.00 0.00 0.00 0.00 0.00 0.00 0.00 0.00 0.00 0.00 0.00 0.00 0.00 0.00 0.00 0.00 0.00 0.00 0.00 0.00 0.00 0.00 0.00 0.00 0.00 0.00 0.00 0.00 0.00 0.00 0.00 0.00 0.00 0.00 0.00 0.00 0.00 0.00 0.00 0.00 0.00 0.00 0.00 0.00 0.00 0.00 0.00 0.00 0.00 0.00 0.00 0.00 0.00 0.00 0.00 0.00 0.00 0.00 0.00 0.00 0.00 0.00 0.00 0.00 0.00 0.00 0.00 0.00 0.00 0.00 0.00 0.00 0.00 0.00 0.00 0.00 0.00 0.00 0.00 0.00 0.00 0.00 0.00 0.00 0.00 0.00 0.00 0.00 0.00 0.00 0.00 0.00 0.00 0.00 0.00 0.00 0.00 0.00 0.00 0.00 0.00 0.00 0.00 0.00 0.00 0.00 0.00 0.00 0.00 0.00 0.00 0.00 0.00 0.00 0.00 0.00 0.00 0.00 0.00 0.00 0.00 0.00 0.00 0.00 0.00 0.00 0.00 0.00 0.00 0.00 0.00 0.00 0.00 0.00 0.00 0.00 0.00 0.00 0.00 0.00 0.00 0.00 0.00 0.00 0.00 0.00 0.00 0.00 0.00 0.00 0.00 0.00 0.00 0.00 0.00 0.00 0.00 0.00 0.00 0.00 0.00 0.00 0.00 0.00 0.00 0.00 0.00 0.00 0.00 0.00 0.00 0.00 0.00 0.00 0.00 0.00 0.00 0.00 0.00 0.00 0.00 0.00 0.00 0.00 0.00 0.00 0.00 0.00 0.00 0.00 0.00 0.00 0.00 0.00 0.00 0.00 0.00 0.00 0.00 0.00 0.00 0.00 0.00 0.00 0.00 0.00 0.00 0.00 0.00 0.00 0.00 0.00 0.00 0.00 0.00 0.00 0.00 0.00 0.00 0.00 0.00 0.00 0.00 0.00 0.00 0.00 0.00 0.00 0.00 0.00 0.00 0.00 0.00 0.00 0.00 0.00 0.00 0.00 0.00 0.00 0.00 0.00 0.00 0.00 0.00 0.00 0.00 0.00 0.00 0.00 0.00 0.00 0.00 0.00 0.00 0.00 0.00 0.00 0.00 0.00 0.00 0.00 0.00 0.00 0.00 0.00 0.00 0.00 0.00 0.00 0.00 0.00 0.00 0.00 0.00 0.00 0.00 0.00 0.00 0.00 0.00 0.00 0.00 0.00 0.00 0.00 0.00 0.00 0.00 0.00 0.00 0.00 0.00 0.00 0.00 0.00 0.00 0.00 0.00 0.00 0.00 0.00 0.00 0.00 0.00 0.00 0.00 0.00 0.00 0.00 0.00 0.00 0.00 0.00 0.00 0.00 0.00 0.00 0.00 0.00 0.00 0.00 0.00 0.00 0.00 0.00 0.00 0.00 0.00 0.00 0.00 0.00 0.00 0.00 0.00 0.00 0.00 0.00 0.00 0.00 0.00 0.00 0.00 0.00 0.00 0.00 0.00 0.00 0.00 0.00 0.00 0.00 0.00 0.00 0.00 0.00 0.00 0.00 0.00 0.00 0.00 0.00 0.00 0.00 0.00 0.00 0.00 0.00 0.00 0.00 0.00 0.00 0.00 0.00 0.00 0.00 0.00 0.00 0.00 0.00 0.00 0.00 0.00 0.00 0.00 0.00 0.00 0.00 0.00 0.00 0.00 0.00 0.00 0.00 0.00 0.00 0.00 0.00 0.00 0.00 0.00 0.00 0.00 0.00 0.00 0.00 0.00 0.00 0.00 0.00 0.00 0.00 0.00 0.00 0.00 0.00 0.00 0.00 0.00 0.00 0.00 0.00 0.00 0.00 0.00 0.00 0.00 0.00 0.00 0.00 0.00 0.00 0.00 0.00 0.00 0.00 0.00 0.00 0.00 0.00 0.00 0.00 0.00 0.00 0.00 0.00 0.00 0.00 0.00 0.00 0.00 0.00 0.00 0.00 0.00 0.00 0.00 0.00 0.00 0.00 0.00 0.00 0.00 0.00 0.00 0.00 0.00 0.00 0.00 0.00 0.00 0.00 0.00 0.00 0.00 0.00 0.00 0.00 0.00 0.00 0.00 0.00 0.00 0.00 0.00 0.00 0.00 0.00 0.00 0.00 0.00 0.00 0.00 0.00 0.00 0.00 0.00 0.00 0.00 0.00 0.00 0.00 0.00 0.00 0.00 0.00 0.00 0.00 0.00 0.00 0.00 0.00 0.00 0.00 0.00 0.00 0.00 0.00 0.00 0.00 0.00 0.00 0.00 0.00 0.00 0.00 0.00 0.00 0.00 0.00 0.00 0.00 0.00 0.00 0.00 0.00 0.00 0.00 0.00 0.00 0.00 0.00 0.00 0.00 0.00 0.00 0.00 0.00 0.00 0.00 0.00 0.00 0.00 0.00 0.00 0.00 0.00 0.00 0.00 0.00 0.00 0.00 0.00 0.00 0.00 0.00 0.00 0.00 0.00 0.00 0.00 0.00 0.00 0.00 0.00 0.00 0.00 0.00 0.00 0.00 0.00 0.00 0.00 0.00 0.00 0.00 0.00 0.00 0.00 0.00 0.00 0.00 0.00 0.00 0.00 0.00 0.00 0.00 0.00 0.00 0.00 0.00 0.00 0.00 0.00 0.00 0.00 0.00 0.00 0.00 0.00 0.00 0.00 0.00 0.00 0.00 0.00 0.00 0.00 0.00 0.00 0.00 0.00 0.00 0.00 0.00 0.00 0.00 0.00 0.00 0.00 0.00 0.00 0.00 0.00 0.00 0.00 0.00 0.00 0.00 0.00 0.00 0.00 0.00 0.00 0.00 0.00 0.00 0.00 0.00 0.00 0.00 0.00 0.00 0.00 0.00 0.00 0.00 0.00 0.00 0.00 0.00 0.00 0.00 0.00 0.00 0.00 0.00 0.00 0.00 0.00 0.00 0.00 0.00 0.00 0.00 0.00 0.00 0.00 0.00 0.00 0.00 0.00 0.00 0.00 0.00 0.00 0.00 0.00 0.00 0.00 0.00 0.00 0.00 0.00 0.00 0.00 0.00 0.00 0.00 0.00 0.00 0.00 0.00 0.00 0.00 0.00 0.00 0.00 0.00 0.00 0.00 0.00 0.00 0.00 0.00 0.00 0.00 0.00 0.00 0.00 0.00 0.00 0.00 0.00
rain_type.data=0 0 0 0 0 0 0 0 0 0 0 0 0 0 0 0 0 0 0 0 1 1 1 0 0 0 0 0 0 0 0 0 0 0 0 0 0 0 0 0 1 1 1 1 1 1 1 0 0 0 0 0 0 0 0 0 0 0 0 0 1 1 1 1 1 1 1 1 1 0 0 0 0 0 0 0 0 0 0 0 1 1 1 1 1 1 1 1 1 1 1 0 0 0 0 0 0 0 0 0 1 1 1 1 1 1 1 1 1 1 1 1 0 0 0 0 0 0 0 0 1 1 1 1 1 1 1 1 1 1 1 1 1 1 0 0 0 0 0 0 1 1 1 1 1 1 1 1 1 1 1 1 1 1 1 0 0 0 0 0 1 1 1 1 1 1 1 1 1 1 1 1 1 1 1 1 0 0 0 0 1 1 1 1 1 1 1 1 1 1 1 1 1 1 1 1 1 0 0 0 1 1 1 1 1 1 1 1 1 1 1 1 1 1 1 1 1 1 0 0 1 1 1 1 1 1 1 1 1 1 1 1 1 1 1 1 1 1 1 0 1 1 1 1 1 1 1 1 1 1 1 1 1 1 1 1 1 1 1 0 1 1 1 1 1 1 1 1 1 1 1 1 1 1 1 1 1 1 1 1 1 1 1 1 1 1 1 1 1 1 1 1 1 1 1 1 1 1 1 1 1 1 1 1 1 1 1 1 1 1 1 1 1 1 1 1 1 1 1 1 1 1 1 1 1 1 1 1 1 1 1 1 1 1 1 1 1 1 1 1 1 1 1 1 1 1 1 1 1 1 1 1 1 1 1 1 1 1 1 1 1 1 1 1 1 1 1 1 1 1 1 1 1 1 1 1 1 1 1 1 1 1 1 1 1 1 1 1 1 1 1 1 1 1 1 1 1 1 1 1 1 1 1 1 1 1 1 1 1 1 1 1 1 1 1 1 1 1 1 1 1 1 1 1 1 1 1 1 1 1 1 1 1 1 1 1 1 1 1 1 1 1 1 1 1 1 1 1 1 1 1 1 1 1 1 1 1 1 1 1 1 1 1 1 1 1 1 1 1 1 1 1 1 1 1 1 1 1 1 1 1 1 1 1 1 1 1 1 1 1 1 1 1 1 1 1 1 1 1 1 1 1 1 1 1 1 1 1 1 1 1 1 1 1 1 1 1 1 1 1 1 1 1 1 1 1 1 1 1 1 1 1 1 1 1 1 1 1 1 1 1 1 1 1 1 1 1 1 1 1 1 1 1 1 1 1 1 1 1 1 1 1 1 1 1 1 1 1 1 1 1 1 1 1 1 1 1 1 1 1 1 1 1 1 1 1 1 1 1 1 1 1 1 1 1 1 1 1 1 1 1 1 1 1 1 1 1 1 1 1 1 1 1 1 1 1 1 1 1 1 1 1 1 1 1 1 1 1 1 1 1 1 1 1 1 1 1 1 1 1 1 1 1 1 1 1 1 1 1 1 1 1 1 1 1 1 1 1 1 1 1 1 1 1 1 1 1 1 1 1 1 1 1 1 1 1 1 1 1 1 1 1 1 1 1 1 1 1 1 1 1 1 1 1 1 1 1 1 1 1 1 1 1 1 1 1 1 1 1 1 1 1 1 1 1 1 1 1 1 1 1 1 1 1 1 1 1 1 1 1 1 1 1 1 1 1 1 1 1 1 1 1 1 1 1 1 1 1 1 1 1 1 1 1 1 1 1 1 1 1 1 1 1 1 1 1 1 1 1 1 1 1 1 1 1 1 1 1 1 1 1 1 1 1 1 1 1 1 1 1 1 1 1 1 1 1 1 1 1 1 1 1 1 1 1 1 1 1 1 1 1 1 1 1 1 1 1 1 1 1 1 1 1 1 1 1 1 1 1 1 1 1 1 1 1 1 1 1 1 1 1 1 1 1 1 1 1 1 1 1 1 1 1 1 1 1 1 1 1 1 1 1 1 1 1 1 1 1 1 1 1 1 1 1 1 1 1 1 1 1 1 1 1 1 1 1 1 1 1 1 1 1 1 1 1 1 1 1 1 1 1 1 1 1 1 1 1 1 1 1 1 1 1 1 1 1 1 1 1 1 1 1 1 1 1 1 1 1 1 1 1 1 1 1 1 1 1 1 1 1 1 1 1 1 1 1 1 1 1 1 1 1 1 1 1 1 1 1 1 1 1 1 1 1 1 1 1 1 1 1 1 1 1 1 1 1 1 1 1 1 1 1 1 1 1 1 1 1 1 1 1 1 1 1 1 1 1 1 1 1 1 1 1 1 1 1 1 1 1 1 1 1 1 1 1 1 1 1 1 1 1 1 1 1 1 1 1 1 1 1 1 1 1 1 1 1 1 1 1 1 1 1 1 1 1 1 1 1 1 1 1 1 1 1 1 1 1 1 1 1 1 1 1 1 1 1 1 1 1 1 1 1 1 1 1 1 1 1 1 1 1 1 1 1 1 1 1 1 1 1 1 1 1 1 1 1 1 1 1 1 1 1 1 1 1 1 1 1 1 1 1 1 1 1 1 1 1 1 1 1 1 1 1 1 1 1 1 1 1 1 1 1 1 1 1 1 1 1 1 1 1 1 1 1 1 1 1 1 1 1 1 1 1 1 1 1 1 1 1 1 1 1 1 1 1 1 1 1 1 1 1 1 1 1 1 1 1 1 1 1 1 1 1 1 1 1 1 1 1 1 1 1 1 1 1 1 1 1 1 1 1 1 1 1 1 1 1 1 1 1 1 1 1 1 1 1 1 1 1 1 1 1 1 1 1 1 1 1 1 1 1 1 1 1 1 1 1 1 1 1 1 1 1 1 1 1 1 1 1 1 1 1 1 1 1 1 1 1 1 1 1 1 1 1 1 1 1 1 1 1 1 1 1 1 1 1 1 1 1 1 1 1 1 1 1 1 1 1 1 1 1 1 1 1 1 1 1 1 1 1 1 1 1 1 1 1 1 1 1 1 1 1 1 1 1 1 1 1 1 1 1 1 1 1 1 1 1 1 1 1 1 1 1 1 1 1 1 1 1 1 1 1 1 1 1 1 1 1 1 1 1 1 1 1 1 1 1 1 1 1 1 1 1 1 1 1 1 1 1 1 1 1 1 1 1 1 1 1 1 1 1 1 1 1 1 1 1 1 1 1 1 1 1 1 1 1 1 1 1 1 1 1 1 1 1 1 1 1 1 1 1 1 1 1 1 1 1 1 1 1 1 1 1 1 1 1 1 1 1 1 1 1 1 1 1 1 1 1 1 1 1 1 1 1 1 1 1 1 1 1 1 1 1 1 1 1 1 1 1 1 2 1 1 1 1 1 1 1 1 1 1 1 1 1 1 1 1 1 1 1 2 2 2 2 2 1 1 1 1 1 1 1 1 1 1 1 1 1 1 1 2 2 2 2 2 2 2 1 1 1 1 1 1 1 1 1 1 1 1 1 2 2 2 2 2 2 2 2 2 1 1 1 1 1 1 1 1 1 1 1 2 2 2 2 2 2 2 2 2 2 1 1 1 1 1 1 1 1 1 1 2 2 2 2 2 2 2 2 2 2 2 1 1 1 1 1 1 1 1 1 2 2 2 2 2 2 2 2 2 2 2 2 1 1 1 1 1 1 1 1 2 2 2 2 2 2 2 2 2 2 2 2 2 1 1 1 1 1 1 1 2 2 2 2 2 2 2 2 2 2 2 2 2 2 1 1 1 1 1 1 2 2 2 2 2 2 2 2 2 2 2 2 2 2 2 1 1 1 1 1 2 2 2 2 2 2 2 2 2 2 2 2 2 2 2 2 1 1 1 1 2 2 2 2 2 2 2 2 2 2 2 2 2 2 2 2 2 1 1 1 2 2 2 2 2 2 2 2 2 2 2 2 2 2 2 2 2 1 1 1 2 2 2 2 2 2 2 2 2 2 2 2 2 2 2 2 2 2 1 1 2 2 2 2 2 2 2 2 2 2 2 2 2 2 2 2 2 2 2 1 2 2 2 2 2 2 2 2 2 2 2 2 2 2 2 2 2 2 2 1 2 2 2 2 2 2 2 2 2 2 2 2 2 2 2 2 2 2 2 2 2 2 2 2 2 2 2 2 2 2 2 2 2 2 2 2 2 2 2 2 2 2 2 2 2 2 2 2 2 2 2 2 2 2 2 2 2 2 2 2 2 2 2 2 2 2 2 2 2 2 2 2 2 2 2 2 2 2 2 2 2 2 2 2 2 2 2 2 2 2 2 2 2 2 2 2 2 2 2 2 2 2 2 2 2 2 2 2 2 2 2 2 2 2 2 2 2 2 2 2 2 2 2 2 2 2 2 2 2 2 2 2 2 2 2 2 2 2 2 2 2 2 2 2 2 2 2 2 2 2 2 2 2 2 2 2 2 2 2 2 2 2 2 2 2 2 2 2 2 2 2 2 2 2 2 2 2 2 2 2 2 2 2 2 2 2 2 2 2 2 2 2 2 2 2 2 2 2 2 2 2 2 2 2 2 2 2 2 2 2 2 2 2 2 2 2 2 2 2 2 2 2 2 2 2 2 2 2 2 2 2 2 2 2 2 2 2 2 2 2 2 2 2 2 2 2 2 2 2 2 2 2 2 2 2 2 2 2 2 2 2 2 2 2 2 2 2 2 2 2 2 2 2 2 2 2 2 2 2 2 2 2 2 2 2 2 2 2 2 2 2 2 2 2 2 2 2 2 2 2 2 2 2 2 2 2 2 2 2 2 2 2 2 2 2 2 2 2 2 2 2 2 2 2 2 2 2 2 2 2 2 2 2 2 2 2 2 2 2 2 2 2 2 2 2 2 2 2 2 2 2 2 2 2 2 2 2 2 2 2 2 2 2 2 2 2 2 2 2 2 2 2 2 2 2 2 2 2 2 2 2 2 2 2 2 2 2 2 2 2 2 2 2 2 2 2 2 2 2 2 2 2 2 2 2 2 2 2 2 2 2 2 2 2 2 2 2 2 2 2 2 2 2 2 2 2 2 2 2 2 2 2 2 2 2 2 2 2 2 2 2 2 2 2 2 2 2 2 2 2 2 2 2 2 2 2 2 2 2 2 2 2 2 2 2 2 2 2 2 2 2 2 2 2 2 2 2 2 2 2 2 2 2 2 2 2 2 2 2 2 2 2 2 2 2 2 2 2 2 2 2 2 2 2 2 2 2 2 2 2 2 2 2 2 2 2 2 2 2 2 2 2 2 2 2 2 2 2 2 2 2 2 2 2 2 2 2 2 2 2 2 2 2 2 2 2 2 2 2 2 2 2 2 2 2 2 2 2 2 2 2 2 2 2 2 2 2 2 2 2 2 2 2 2 2 2 2 2 2 2 2 2 2 2 2 2 2 2 2 2 2 2 2 2 2 2 2 2 2 2 2 2 2 2 2 2 2 2 2 2 2 2 2 2 2 2 2 2 2 2 2 2 2 2 2 2 2 2 2 2 2 2 2 2 2 2 2 2 2 2 2 2 2 2 2 2 2 2 2 2 2 2 2 2 2 2 2 2 2 2 2 2 2 2 2 2 2 2 2 2 2 2 2 2 2 2 2 2 2 2 2 2 2 2 2 2 2 2 2 2 2 2 2 2 2 2 2 2 2 2 2 2 2 2 2 2 2 2 2 2 2 2 2 2 2 2 2 2 2 2 2 2 2 2 2 2 2 2 2 2 2 2 2 2 2 2 2 2 2 2 2 2 2 2 2 2 2 2 2 2 2 2 2 2 2 2 2 2 2 2 2 2 2 2 2 2 2 2 2 2 2 2 2 2 2 2 2 2 2 2 2 2 2 2 2 2 2 2 2 2 2 2 2 2 2 2 2 2 2 2 2 2 2 2 2 2 2 2 2 2 2 2 2 2 2 2 2 2 2 2 2 2 2 2 2 2 2 2 2 2 2 2 2 2 2 2 2 2 2 2 2 2 2 2 2 2 2 2 2 2 2 2 2 2 2 2 2 2 2 2 2 2 2 2 2 2 2 2 2 2 2 2 2 2 2 2 2 2 2 2 2 2 2 2 2 2 2 2 2 2 2 2 2 2 2 2 2 2 2 2 2 2 2 2 2 2 2 2 2 2 2 2 2 2 2 2 2 2 2 2 2 2 2 2 2 2 2 2 2 2 2 2 2 2 2 2 2 2 2 2 2 2 2 2 2 2 2 2 2 2 2 2 2 2 2 2 2 2 2 2 2 2 2 2 2 2 2 2 2 2 2 2 2 2 2 2 2 2 2 2 2 2 2 2 2 2 2 2 2 2 2 2 2 2 2 2 2 2 2 2 2 2 2 2 2 2 2 2 2 2 2 2 2 2 2 2 2 2 2 2 2 2 2 2 2 2 2 2 2 2 2 2 2 2 2 2 2 2 2 2 2 2 2 2 2 2 2 2 2 2 2 2 2 2 2 2 2 2 2 2 2 2 2 2 2 2 2 2 2 2 2 2 2 2 2 2 2 2 2 2 2 2 2 2 2 2 2 2 2 2 2 2 2 2 2 2 2 2 2 2 2 2 2 2 2 2 2 2 2 2 2 2 2 2 2 2 2 2 2 2 2 2 2 2 2 2 2 2 2 2 2 2 2 2 2 2 2 2 2 2 2 2 2 2 2 2 2 2 2 2 2 2 2 2 2 2 2 2 2 2 2 2 2 2 2 2 2 2 2 2 2 2 2 2 2 2 2 2 2 2 2 2 2 2 2 2 2 2 2 2 2 2 2 2 2 2 2 2 2 2 2 2 2 2 2 2 2 2 2 2 2 2 2 2 2 2 2 2 2 2 2 2 2 2 2 2 2 2 2 2 2 2 2 2 2 2 2 2 2 2 2 2 2 2 2 2 2 2 2 2 2 2 2 2 2 2 2 2 2 2 2 2 2 2 2 2 2 2 2 2 2 2 2 2 2 2 2 2 2 2 2 2 2 2 2 2 2 2 2 2 2 2 2 2 2 2 2 2 2 2 2 2 2 2 2 2 2 2 2 2 2 2 2 2 2 2 2 2 2 2 2 2 2 2 2 2 2 2 2 2 2 2 2 2 2 2 2 2 2 2 2 2 2 2 2 2 2 2 2 2 2 2 2 2 2 2 2 2 2 2 2 2 2 2 2 2 2 2 2 2 2 2 2 2 2 2 2 2 2 2 2 2 2 2 2 2 2 2 2 2 2 2 2 2 2 2 2 2 2 2 2 2 2 2 2 2 2 2 2 2 2 2 2 2 2 2 2 2 2 2 2 2 2 2 2 2 2 2 2 2 2 2 2 2 2 2 2 2 2 2 2 2 2 2 2 2 2 2 2 2 2 2 2 2 2 2 2 2 2 2 2 2 2 2 2 2 2 2 2 2 2 2 2 2 2 2 2 2 2 2 2 2 2 2 2 2 2 2 2 2 2 2 2 2 2 2 2 2 2 2 2 2 2 2 2 2 2 2 2 2 2 2 2 2 2 2 2 2 2 2 2 2 2 2 2 2 2 2 2 2 2 2 2 2 2 2 2 2 2 2 2 2 2 2 2 2 2 2 2 2 2 2 2 2 2 2 2 2 2 2 2 2 2 2 2 2 2 2 2 2 2 2 2 2 2 2 2 2 2 2 2 2 2 2 2 2 2 2 2 2 2 2 2 2 2 2 2 2 2 2 2 2 2 2 2 2 2 2 2 2 2 2 2 2 2 2 2 2 2 2 2 2 2 2 2 2 2 2 2 2 2 2 2 2 2 2 2 2 2 2 2 2 2 2 2 2 2 2 2 2 2 2 2 2 2 2 2 2 2 2 2 2 2 2 2 2 2 2 2 2 2 2 2 2 2 2 2 2 2 2 1 2 2 2 2 2 2 2 2 2 2 2 2 2 2 2 2 2 2 2 1 1 1 1 1 2 2 2 2 2 2 2 2 2 2 2 2 2 2 2 1 1 1 1 1 1 2 2 2 2 2 2 2 2 2 2 2 2 2 2 1 1 1 1 1 1 1 1 2 2 2 2 2 2 2 2 2 2 2 2 1 1 1 1 1 1 1 1 1 2 2 2 2 2 2 2 2 2 2 2 1 1 1 1 1 1 1 1 1 1 2 2 2 2 2 2 2 2 2 2 1 1 1 1 1 1 1 1 1 1 1 2 2 2 2 2 2 2 2 2 1 1 1 1 1 1 1 1 1 1 1 2 2 2 2 2 2 2 2 2 1 1 1 1 1 1 1 1 1 1 1 1 2 2 2 2 2 2 2 2 1 1 1 1 1 1 1 1 1 1 1 1 1 2 2 2 2 2 2 2 1 1 1 1 1 1 1 1 1 1 1 1 1 1 2 2 2 2 2 2 1 1 1 1 1 1 1 1 1 1 1 1 1 1 2 2 2 2 2 2 0 0 0 0 1 1 1 1 1 1 1 1 1 1 1 2 2 2 2 2 0 0 0 0 0 0 1 1 1 1 1 1 1 1 1 2 2 2 2 2 0 0 0 0 0 0 0 1 1 1 1 1 1 1 1 1 2 2 2 2 0 0 0 0 0 0 0 0 1 1 1 1 1 1 1 1 2 2 2 2 0 0 0 0 0 0 0 0 0 1 1 1 1 1 1 1 1 2 2 2 0 0 0 0 0 0 0 0 0 0 1 1 1 1 1 1 1 2 2 2 0 0 0 0 0 0 0 0 0 0 0 1 1 1 1 1 1 1 2 2 0 0 0 0 0 0 0 0 0 0 0 0 1 1 1 1 1 1 2 2 0 0 0 0 0 0 0 0 0 0 0 0 1 1 1 1 1 1 1 2 0 0 0 0 0 0 0 0 0 0 0 0 0 1 1 1 1 1 1 2 0 0 0 0 0 0 0 0 0 0 0 0 0 0 1 1 1 1 1 1 0 0 0 0 0 0 0 0 0 0 0 0 0 0 1 1 1 1 1 1 0 0 0 0 0 0 0 0 0 0 0 0 0 0 0 1 1 1 1 1 0 0 0 0 0 0 0 0 0 0 0 0 0 0 0 1 1 1 1 1 0 0 0 0 0 0 0 0 0 0 0 0 0 0 0 0 1 1 1 1 0 0 0 0 0 0 0 0 0 0 0 0 0 0 0 0 1 1 1 1 0 0 0 0 0 0 0 0 0 0 0 0 0 0 0 0 0 1 1 1 0 0 0 0 0 0 0 0 0 0 0 0 0 0 0 0 0 1 1 1 0 0 0 0 0 0 0 0 0 0 0 0 0 0 0 0 0 0 1 1 0 0 0 0 0 0 0 0 0 0 0 0 0 0 0 0 0 0 1 1 0 0 0 0 0 0 0 0 0 0 0 0 0 0 0 0 0 0 0 1 0 0 0 0 0 0 0 0 0 0 0 0 0 0 0 0 0 0 0 1 0 0 0 0 0 0 0 0 0 0 0 0 0 0 0 0 0 0 0 0 0 0 0 0 0 0 0 0 0 0 0 0 0 0 0 0 0 0 0 0 0 0 0 0 0 0 0 0 0 0 0 0 0 0 0 0 0 0 0 0 0 0 0 0 0 0 0 0 0 0 0 0 0 0 0 0 0 0 0 0 0 0 0 0 0 0 0 0 0 0 0 0 0 0 0 0 0 0 0 0 0 0 0 0 0 0 0 0 0 0 0 0 0 0 0 0 0 0 0 0 0 0 0 0 0 0 0 0 0 0 0 0 0 0 0 0 0 0 0 0 0 0 0 0 0 0 0 0 0 0 0 0 0 0 0 0 0 0 0 0 0 0 0 0 0 0 0 0 0 0 0 0 0 0 0 0 0 0 0 0 0 0 0 0 0 0 0 0 0 0 0 0 0 0 0 0 0 0 0 0 0 0 0 0 0 0 0 0 0 0 0 0 0 0 0 0 0 0 0 0 0 0 0 0 0 0 0 0 0 0 0 0 0 0 0 0 0 0 0 0 0 0 0 0 0 0 0 0 0 0 0 0 0 0 0 0 0 0 0 0 0 0 0 0 0 0 0 0 0 0 0 0 0 0 0 0 0 0 0 0 0 0 0 0 0 0 0 0 0 0 0 0 0 0 0 0 0 0 0 0 0 0 0 0 0 0 0 0 0 0 0 0 0 0 0 0 0 0 0 0 0 0 0 0 0 0 0 0 0 0 0 0 0 0 0 0 0 0 0 0 0 0 0 0 0 0 0 0 0 0 0 0 0 0 0 0 0 0 0 0 0 0 0 0 0 0 0 0 0 0 0 0 0 0 0 0 0 0 0 0 0 0 0 0 0 0 0 0 0 0 0 0 0 0 0 0 0 0 0 0 0 0 0 0 0 0 0 0 0 0 0 0 0 0 0 0 0 0 0 0 0 0 0 0 0 0 0 0 0 0 0 0 0 0 0 0 0 0 0 0 0 0 0 0 0 0 0 0 0 0 0 0 0 0 0 0 0 0 0 0 0 0 0 0 0 0 0 0 0 0 0 0 0 0 0 0 0 0 0 0 0 0 0 0 0 0 0 0 0 0 0 0 0 0 0 0 0 0 0 0 0 0 0 0 0 0 0 0 0 0 0 0 0 0 0 0 0 0 0 0 0 0 0 0 0 0 0 0 0 0 0 0 0 0 0 0 0 0 0 0 0 0 0 0 0 0 0 0 0 0 0 0 0 0 0 0 0 0 0 0 0 0 0 0 0 0 0 0 0 0 0 0 0 0 0 0 0 0 0 0 0 0 0 0 0 0 0 0 0 0 0 0 0 0 0 0 0 0 0 0 0 0 0 0 0 0 0 0 0 0 0 0 0 0 0 0 0 0 0 0 0 0 0 0 0 0 0 0 0 0 0 0 0 0 0 0 0 0 0 0 0 0 0 0 0 0 0 0 0 0 0 0 0 0 0 0 0 0 0 0 0 0 0 0 0 0 0 0 0 0 0 0 0 0 0 0 0 0 0 0 0 0 0 0 0 0 0 0 0 0 0 0 0 0 0 0 0 0 0 0 0 0 0 0 0 0 0 0 0 0 0 0 0 0 0 0 0 0 0 0 0 0 0 0 0 0 0 0 0 0 0 0 0 0 0 0 0 0 0 0 0 0 0 0 0 0 0 0 0 0 0 0 0 0 0 0 0 0 0 0 0 0 0 0 0 0 0 0 0 0 0 0 0 0 0 0 0 0 0 0 0 0 0 0 0 0 0 0 0 0 0 0 0 0 0 0 0 0 0 0 0 0 0 0 0 0 0 0 0 0 0 0 0 0 0 0 0 0 0 0 0 0 0 0 0 0 0 0 0 0 0 0 0 0 0 0 0 0 0 0 0 0 0 0 0 0 0 0 0 0 0 0 0 0 0 0 0 0 0 0 0 0 0 0 0 0 0 0 0 0 0 0 0 0 0 0 0 0 0 0 0 0 0 0 0 0 0 0 0 0 0 0 0 0 0 0 0 0 0 0 0 0 0 0 0 0 0 0 0 0 0 0 0 0 0 0 0 0 0 0 0 0 0 0 0 0 0 0 0 0 0 0 0 0 0 0 0 0 0 0 0 0 0 0 0 0 0 0 0 0 0 0 0 0 0 0 0 0 0 0 0 0 0 0 0 0 0 0 0 0 0 0 0 0 0 0 0 0 0 0
estimated_attenuation.size=5120
estimated_attenuation.data=0.00 0.00 0.00 0.00 0.00 0.00 0.00 0.00 0.00 0.00 0.00 0.00 0.00 0.00 0.00 0.00 0.00 0.00 0.00 0.00 0.00 0.00 0.00 0.00 0.00 0.00 0.00 0.00 0.00 0.00 0.00 0.00 0.00 0.00 0.00 0.00 0.00 0.00 0.00 0.00 0.00 0.00 0.00 0.00 0.00 0.00 0.00 0.00 0.00 0.00 0.00 0.00 0.00 0.00 0.00 0.00 0.00 0.00 0.00 0.00 0.00 0.00 0.00 0.00 0.00 0.00 0.01 0.00 0.01 0.00 0.00 0.00 0.00 0.00 0.00 0.00 0.00 0.00 0.00 0.00 0.00 0.01 0.01 0.01 0.01 0.01 0.01 0.00 0.01 0.01 0.03 0.00 0.00 0.00 0.00 0.00 0.00 0.00 0.00 0.00 0.01 0.01 0.01 0.01 0.01 0.01 0.01 0.01 0.02 0.01 0.05 0.00 0.00 0.00 0.00 0.00 0.00 0.00 0.00 0.00 0.01 0.01 0.01 0.01 0.01 0.01 0.02 0.02 0.02 0.02 0.07 0.00 0.00 0.00 0.00 0.00 0.00 0.00 0.00 0.00 0.01 0.01 0.01 0.01 0.01 0.02 0.02 0.02 0.03 0.03 0.08 0.00 0.00 0.00 0.00 0.00 0.00 0.00 0.00 0.00 0.01 0.01 0.01 0.02 0.01 0.02 0.02 0.03 0.03 0.03 0.12 0.00 0.00 0.00 0.00 0.00 0.00 0.00 0.00 0.00 0.01 0.01 0.01 0.02 0.02 0.02 0.03 0.04 0.04 0.04 0.12 0.00 0.00 0.00 0.00 0.00 0.00 0.00 0.00 0.00 0.01 0.01 0.01 0.02 0.02 0.02 0.04 0.04 0.04 0.05 0.12 0.00 0.00 0.00 0.00 0.00 0.00 0.00 0.00 0.00 0.02 0.02 0.02 0.02 0.02 0.02 0.04 0.04 0.05 0.05 0.12 0.00 0.00 0.00 0.00 0.00 0.00 0.00 0.00 0.00 0.02 0.02 0.02 0.02 0.02 0.03 0.04 0.05 0.05 0.06 0.12 0.00 0.00 0.00 0.00 0.00 0.00 0.00 0.00 0.00 0.02 0.02 0.02 0.03 0.03 0.03 0.05 0.05 0.06 0.07 0.12 0.00 0.00 0.00 0.00 0.00 0.00 0.00 0.00 0.00 0.02 0.02 0.02 0.03 0.03 0.03 0.05 0.05 0.06 0.07 0.12 0.00 0.00 0.00 0.00 0.00 0.00 0.00 0.00 0.00 0.02 0.02 0.02 0.03 0.03 0.04 0.06 0.06 0.07 0.08 0.12 0.00 0.00 0.00 0.00 0.00 0.00 0.00 0.00 0.00 0.02 0.02 0.02 0.03 0.03 0.04 0.06 0.06 0.08 0.10 0.12 0.00 0.00 0.00 0.00 0.00 0.00 0.00 0.00 0.00 0.02 0.02 0.02 0.03 0.04 0.04 0.07 0.06 0.08 0.10 0.12 0.00 0.00 0.00 0.00 0.00 0.00 0.00 0.00 0.00 0.02 0.02 0.02 0.03 0.04 0.04 0.07 0.07 0.09 0.12 0.12 0.00 0.00 0.00 0.00 0.00 0.00 0.00 0.00 0.00 0.02 0.02 0.03 0.03 0.04 0.05 0.07 0.08 0.09 0.12 0.12 0.00 0.00 0.00 0.00 0.00 0.00 0.00 0.00 0.00 0.03 0.03 0.03 0.04 0.04 0.05 0.08 0.08 0.10 0.14 0.12 0.00 0.00 0.00 0.00 0.00 0.00 0.00 0.00 0.00 0.03 0.03 0.03 0.04 0.05 0.05 0.08 0.08 0.11 0.16 0.12 0.00 0.00 0.00 0.00 0.00 0.00 0.00 0.00 0.00 0.03 0.03 0.03 0.04 0.05 0.05 0.08 0.09 0.11 0.20 0.12 0.00 0.00 0.00 0.00 0.00 0.00 0.00 0.00 0.00 0.03 0.03 0.03 0.04 0.05 0.06 0.08 0.09 0.12 0.24 0.12 0.00 0.00 0.00 0.00 0.00 0.00 0.00 0.00 0.00 0.03 0.03 0.03 0.04 0.05 0.06 0.09 0.09 0.12 0.28 0.12 0.00 0.00 0.00 0.00 0.00 0.00 0.00 0.00 0.00 0.03 0.03 0.03 0.04 0.06 0.06 0.10 0.10 0.13 0.30 0.12 0.00 0.00 0.00 0.00 0.00 0.00 0.00 0.00 0.00 0.03 0.03 0.04 0.05 0.06 0.07 0.10 0.10 0.14 0.33 0.12 0.00 0.00 0.00 0.00 0.00 0.00 0.00 0.00 0.00 0.03 0.03 0.04 0.05 0.06 0.07 0.10 0.10 0.14 0.34 0.12 0.00 0.00 0.00 0.00 0.00 0.00 0.00 0.00 0.00 0.04 0.03 0.04 0.05 0.06 0.07 0.11 0.11 0.15 0.45 0.12 0.00 0.00 0.00 0.00 0.00 0.00 0.00 0.00 0.00 0.04 0.04 0.04 0.05 0.07 0.08 0.11 0.11 0.16 0.48 0.12 0.00 0.00 0.00 0.00 0.00 0.00 0.00 0.00 0.00 0.04 0.04 0.04 0.05 0.07 0.08 0.11 0.12 0.16 0.48 0.12 0.00 0.00 0.00 0.00 0.00 0.00 0.00 0.00 0.00 0.04 0.04 0.05 0.06 0.07 0.08 0.12 0.12 0.17 0.48 0.12 0.00 0.00 0.00 0.00 0.00 0.00 0.00 0.00 0.00 0.04 0.04 0.05 0.06 0.07 0.09 0.12 0.13 0.18 0.48 0.12 0.00 0.00 0.00 0.00 0.00 0.00 0.00 0.00 0.00 0.04 0.04 0.05 0.06 0.07 0.09 0.13 0.13 0.18 0.48 0.12 0.00 0.00 0.00 0.00 0.00 0.00 0.00 0.00 0.00 0.04 0.04 0.05 0.06 0.08 0.10 0.13 0.13 0.19 0.48 0.12 0.00 0.00 0.00 0.00 0.00 0.00 0.00 0.00 0.00 0.05 0.04 0.05 0.06 0.08 0.10 0.14 0.14 0.20 0.48 0.12 0.00 0.00 0.00 0.00 0.00 0.00 0.00 0.00 0.00 0.05 0.05 0.06 0.07 0.08 0.11 0.14 0.14 0.20 0.48 0.12 0.00 0.00 0.00 0.00 0.00 0.00 0.00 0.00 0.00 0.05 0.05 0.06 0.07 0.09 0.11 0.14 0.15 0.21 0.48 0.12 0.00 0.00 0.00 0.00 0.00 0.00 0.00 0.00 0.00 0.05 0.05 0.06 0.07 0.09 0.11 0.15 0.15 0.21 0.48 0.12 0.00 0.00 0.00 0.00 0.00 0.00 0.00 0.00 0.00 0.05 0.05 0.06 0.07 0.09 0.11 0.15 0.16 0.22 0.48 0.12 0.00 0.00 0.00 0.00 0.00 0.00 0.00 0.00 0.00 0.05 0.05 0.06 0.08 0.09 0.12 0.16 0.16 0.23 0.48 0.12 0.00 0.00 0.00 0.00 0.00 0.00 0.00 0.00 0.00 0.06 0.05 0.06 0.08 0.09 0.12 0.16 0.17 0.24 0.48 0.12 0.00 0.00 0.00 0.00 0.00 0.00 0.00 0.00 0.00 0.06 0.05 0.07 0.08 0.10 0.12 0.16 0.17 0.25 0.48 0.12 0.00 0.00 0.00 0.00 0.00 0.00 0.00 0.00 0.00 0.06 0.06 0.07 0.08 0.10 0.13 0.17 0.17 0.26 0.48 0.12 0.00 0.00 0.00 0.00 0.00 0.00 0.00 0.00 0.00 0.06 0.06 0.07 0.08 0.10 0.13 0.17 0.18 0.27 0.48 0.12 0.00 0.00 0.00 0.00 0.00 0.00 0.00 0.00 0.00 0.06 0.06 0.07 0.08 0.10 0.13 0.17 0.19 0.28 0.48 0.12 0.00 0.00 0.00 0.00 0.00 0.00 0.00 0.00 0.00 0.06 0.06 0.07 0.09 0.10 0.13 0.18 0.19 0.29 0.48 0.12 0.00 0.00 0.00 0.00 0.00 0.00 0.00 0.00 0.00 0.06 0.06 0.07 0.09 0.11 0.14 0.18 0.20 0.30 0.48 0.12 0.00 0.00 0.00 0.00 0.00 0.00 0.00 0.00 0.00 0.06 0.06 0.08 0.09 0.11 0.14 0.19 0.21 0.31 0.48 0.12 0.00 0.00 0.00 0.00 0.00 0.00 0.00 0.00 0.00 0.06 0.07 0.08 0.09 0.12 0.15 0.19 0.21 0.34 0.48 0.12 0.00 0.00 0.00 0.00 0.00 0.00 0.00 0.00 0.00 0.07 0.07 0.08 0.10 0.12 0.15 0.19 0.21 0.35 0.48 0.12 0.00 0.00 0.00 0.00 0.00 0.00 0.00 0.00 0.00 0.07 0.07 0.08 0.10 0.12 0.15 0.20 0.22 0.37 0.48 0.12 0.00 0.00 0.00 0.00 0.00 0.00 0.00 0.00 0.00 0.07 0.07 0.08 0.10 0.12 0.16 0.21 0.23 0.38 0.48 0.12 0.00 0.00 0.00 0.00 0.00 0.00 0.00 0.00 0.00 0.07 0.07 0.08 0.10 0.12 0.16 0.21 0.23 0.40 0.48 0.12 0.00 0.00 0.00 0.00 0.00 0.00 0.00 0.00 0.00 0.07 0.07 0.09 0.10 0.13 0.16 0.21 0.24 0.44 0.48 0.12 0.00 0.00 0.00 0.00 0.00 0.00 0.00 0.00 0.00 0.07 0.07 0.09 0.11 0.13 0.17 0.21 0.24 0.47 0.48 0.12 0.00 0.00 0.00 0.00 0.00 0.00 0.00 0.00 0.00 0.07 0.07 0.09 0.11 0.13 0.17 0.22 0.24 0.54 0.48 0.12 0.00 0.00 0.00 0.00 0.00 0.00 0.00 0.00 0.00 0.08 0.07 0.09 0.11 0.13 0.17 0.22 0.25 0.54 0.48 0.12 0.00 0.00 0.00 0.00 0.00 0.00 0.00 0.00 0.00 0.08 0.07 0.09 0.11 0.13 0.18 0.23 0.26 0.54 0.48 0.12 0.00 0.00 0.00 0.00 0.00 0.00 0.00 0.00 0.00 0.08 0.08 0.10 0.11 0.14 0.18 0.23 0.27 0.54 0.48 0.12 0.00 0.00 0.00 0.00 0.00 0.00 0.00 0.00 0.00 0.08 0.08 0.10 0.12 0.14 0.18 0.23 0.28 0.54 0.48 0.12 0.00 0.00 0.00 0.00 0.00 0.00 0.00 0.00 0.00 0.08 0.08 0.10 0.12 0.14 0.19 0.24 0.29 0.54 0.48 0.12 0.00 0.00 0.00 0.00 0.00 0.00 0.00 0.00 0.00 0.08 0.08 0.10 0.12 0.15 0.19 0.24 0.29 0.54 0.48 0.12 0.00 0.00 0.00 0.00 0.00 0.00 0.00 0.00 0.00 0.08 0.08 0.10 0.12 0.15 0.20 0.25 0.30 0.54 0.48 0.12 0.00 0.00 0.00 0.00 0.00 0.00 0.00 0.00 0.00 0.09 0.08 0.10 0.12 0.15 0.20 0.25 0.30 0.54 0.48 0.12 0.00 0.00 0.00 0.00 0.00 0.00 0.00 0.00 0.00 0.09 0.08 0.11 0.13 0.16 0.21 0.26 0.31 0.54 0.48 0.12 0.00 0.00 0.00 0.00 0.00 0.00 0.00 0.00 0.00 0.09 0.08 0.11 0.13 0.16 0.21 0.26 0.31 0.54 0.48 0.12 0.00 0.00 0.00 0.00 0.00 0.00 0.00 0.00 0.00 0.09 0.08 0.11 0.13 0.16 0.22 0.27 0.32 0.54 0.48 0.12 0.00 0.00 0.00 0.00 0.00 0.00 0.00 0.00 0.00 0.09 0.09 0.11 0.13 0.16 0.22 0.27 0.32 0.54 0.48 0.12 0.00 0.00 0.00 0.00 0.00 0.00 0.00 0.00 0.00 0.09 0.09 0.11 0.14 0.17 0.22 0.28 0.34 0.54 0.48 0.12 0.00 0.00 0.00 0.00 0.00 0.00 0.00 0.00 0.00 0.09 0.09 0.11 0.14 0.17 0.23 0.28 0.34 0.54 0.48 0.12 0.00 0.00 0.00 0.00 0.00 0.00 0.00 0.00 0.00 0.09 0.09 0.12 0.14 0.17 0.23 0.28 0.35 0.54 0.48 0.12 0.00 0.00 0.00 0.00 0.00 0.00 0.00 0.00 0.00 0.10 0.09 0.12 0.14 0.17 0.23 0.29 0.36 0.54 0.48 0.12 0.00 0.00 0.00 0.00 0.00 0.00 0.00 0.00 0.00 0.11 0.09 0.12 0.15 0.18 0.24 0.29 0.36 0.54 0.48 0.12 0.00 0.00 0.00 0.00 0.00 0.00 0.00 0.00 0.00 0.12 0.11 0.15 0.16 0.22 0.24 0.30 0.38 0.54 0.48 0.12 0.00 0.00 0.00 0.00 0.00 0.00 0.00 0.00 0.00 0.12 0.12 0.16 0.17 0.27 0.27 0.33 0.39 0.54 0.48 0.12 0.00 0.00 0.00 0.00 0.00 0.00 0.00 0.00 0.00 0.13 0.13 0.17 0.18 0.29 0.30 0.44 0.45 0.54 0.48 0.12 0.00 0.00 0.00 0.00 0.00 0.00 0.00 0.00 0.00 0.14 0.13 0.17 0.21 0.31 0.32 0.52 0.54 0.54 0.48 0.12 0.00 0.00 0.00 0.00 0.00 0.00 0.00 0.00 0.00 0.14 0.14 0.19 0.22 0.32 0.35 0.59 0.67 0.54 0.48 0.12 0.00 0.00 0.00 0.00 0.00 0.00 0.00 0.00 0.00 0.15 0.15 0.20 0.25 0.35 0.41 0.62 0.70 0.54 0.48 0.12 0.00 0.00 0.00 0.00 0.00 0.00 0.00 0.00 0.00 0.17 0.16 0.20 0.27 0.38 0.42 0.68 0.73 0.54 0.48 0.12 0.00 0.00 0.00 0.00 0.00 0.00 0.00 0.00 0.00 0.17 0.17 0.22 0.28 0.41 0.45 0.77 0.77 0.54 0.48 0.12 0.00 0.00 0.00 0.00 0.00 0.00 0.00 0.00 0.00 0.18 0.18 0.24 0.29 0.42 0.51 0.79 0.87 0.54 0.48 0.12 0.00 0.00 0.00 0.00 0.00 0.00 0.00 0.00 0.00 0.18 0.19 0.24 0.33 0.43 0.56 0.82 0.92 0.54 0.48 0.12 0.00 0.00 0.00 0.00 0.00 0.00 0.00 0.00 0.00 0.20 0.20 0.25 0.34 0.44 0.58 0.88 0.95 0.54 0.48 0.12 0.00 0.00 0.00 0.00 0.00 0.00 0.00 0.00 0.00 0.21 0.21 0.26 0.36 0.46 0.64 0.92 0.97 0.54 0.48 0.12 0.00 0.00 0.00 0.00 0.00 0.00 0.00 0.00 0.00 0.23 0.21 0.27 0.37 0.48 0.66 0.97 1.03 0.54 0.48 0.12 0.00 0.00 0.00 0.00 0.00 0.00 0.00 0.00 0.00 0.23 0.22 0.29 0.38 0.51 0.69 1.02 1.09 0.54 0.48 0.12 0.00 0.00 0.00 0.00 0.00 0.00 0.00 0.00 0.00 0.25 0.22 0.29 0.40 0.53 0.73 1.10 1.13 0.54 0.48 0.12 0.00 0.00 0.00 0.00 0.00 0.00 0.00 0.00 0.00 0.26 0.23 0.30 0.42 0.56 0.75 1.14 1.19 0.54 0.48 0.12 0.00 0.00 0.00 0.00 0.00 0.00 0.00 0.00 0.00 0.26 0.24 0.31 0.42 0.57 0.78 1.15 1.25 0.54 0.48 0.12 0.00 0.00 0.00 0.00 0.00 0.00 0.00 0.00 0.00 0.27 0.26 0.33 0.44 0.58 0.82 1.20 1.39 0.54 0.48 0.12 0.00 0.00 0.00 0.00 0.00 0.00 0.00 0.00 0.00 0.28 0.27 0.34 0.45 0.61 0.87 1.25 1.42 0.54 0.48 0.12 0.00 0.00 0.00 0.00 0.00 0.00 0.00 0.00 0.00 0.29 0.28 0.35 0.47 0.62 0.88 1.27 1.49 0.54 0.48 0.12 0.00 0.00 0.00 0.00 0.00 0.00 0.00 0.00 0.00 0.30 0.28 0.37 0.48 0.65 0.90 1.33 1.52 0.54 0.48 0.12 0.00 0.00 0.00 0.00 0.00 0.00 0.00 0.00 0.00 0.31 0.30 0.39 0.50 0.67 0.94 1.37 1.60 0.54 0.48 0.12 0.00 0.00 0.00 0.00 0.00 0.00 0.00 0.00 0.00 0.32 0.31 0.39 0.52 0.68 1.01 1.44 1.66 0.54 0.48 0.12 0.00 0.00 0.00 0.00 0.00 0.00 0.00 0.00 0.00 0.34 0.32 0.42 0.56 0.69 1.06 1.47 1.79 0.54 0.48 0.12 0.00 0.00 0.00 0.00 0.00 0.00 0.00 0.00 0.00 0.35 0.33 0.44 0.57 0.71 1.10 1.50 1.90 0.54 0.48 0.12 0.00 0.00 0.00 0.00 0.00 0.00 0.00 0.00 0.00 0.35 0.33 0.44 0.58 0.73 1.17 1.58 1.96 0.54 0.48 0.12 0.00 0.00 0.00 0.00 0.00 0.00 0.00 0.00 0.00 0.36 0.34 0.45 0.60 0.76 1.21 1.62 2.01 0.54 0.48 0.12 0.00 0.00 0.00 0.00 0.00 0.00 0.00 0.00 0.00 0.37 0.35 0.46 0.63 0.79 1.25 1.65 2.01 0.54 0.48 0.12 0.00 0.00 0.00 0.00 0.00 0.00 0.00 0.00 0.00 0.38 0.36 0.47 0.64 0.79 1.30 1.70 2.01 0.54 0.48 0.12 0.00 0.00 0.00 0.00 0.00 0.00 0.00 0.00 0.00 0.39 0.36 0.48 0.66 0.82 1.32 1.75 2.01 0.54 0.48 0.12 0.00 0.00 0.00 0.00 0.00 0.00 0.00 0.00 0.00 0.39 0.37 0.49 0.68 0.83 1.37 1.79 2.01 0.54 0.48 0.12 0.00 0.00 0.00 0.00 0.00 0.00 0.00 0.00 0.00 0.40 0.39 0.50 0.70 0.86 1.43 1.81 2.01 0.54 0.48 0.12 0.00 0.00 0.00 0.00 0.00 0.00 0.00 0.00 0.00 0.41 0.39 0.51 0.71 0.90 1.44 1.83 2.01 0.54 0.48 0.12 0.00 0.00 0.00 0.00 0.00 0.00 0.00 0.00 0.00 0.41 0.41 0.52 0.73 0.93 1.46 1.91 2.01 0.54 0.48 0.12 0.00 0.00 0.00 0.00 0.00 0.00 0.00 0.00 0.00 0.44 0.42 0.53 0.76 0.94 1.49 1.92 2.01 0.54 0.48 0.12 0.00 0.00 0.00 0.00 0.00 0.00 0.00 0.00 0.00 0.44 0.42 0.54 0.78 0.96 1.51 1.96 2.01 0.54 0.48 0.12 0.00 0.00 0.00 0.00 0.00 0.00 0.00 0.00 0.00 0.46 0.43 0.55 0.82 1.01 1.53 1.99 2.01 0.54 0.48 0.12 0.00 0.00 0.00 0.00 0.00 0.00 0.00 0.00 0.00 0.46 0.45 0.56 0.86 1.03 1.56 2.05 2.01 0.54 0.48 0.12 0.00 0.00 0.00 0.00 0.00 0.00 0.00 0.00 0.00 0.47 0.47 0.57 0.88 1.06 1.59 2.08 2.01 0.54 0.48 0.12 0.00 0.00 0.00 0.00 0.00 0.00 0.00 0.00 0.00 0.48 0.47 0.58 0.89 1.10 1.60 2.18 2.01 0.54 0.48 0.12 0.00 0.00 0.00 0.00 0.00 0.00 0.00 0.00 0.00 0.49 0.48 0.58 0.93 1.15 1.62 2.22 2.01 0.54 0.48 0.12 0.00 0.00 0.00 0.00 0.00 0.00 0.00 0.00 0.00 0.50 0.49 0.59 0.94 1.18 1.68 2.26 2.01 0.54 0.48 0.12 0.00 0.00 0.00 0.00 0.00 0.00 0.00 0.00 0.00 0.52 0.50 0.60 0.95 1.20 1.70 2.51 2.01 0.54 0.48 0.12 0.00 0.00 0.00 0.00 0.00 0.00 0.00 0.00 0.00 0.53 0.51 0.61 0.96 1.23 1.74 2.54 2.01 0.54 0.48 0.12 0.00 0.00 0.00 0.00 0.00 0.00 0.00 0.00 0.00 0.54 0.52 0.62 0.97 1.25 1.78 2.59 2.01 0.54 0.48 0.12 0.00 0.00 0.00 0.00 0.00 0.00 0.00 0.00 0.00 0.54 0.53 0.64 0.98 1.27 1.81 2.65 2.01 0.54 0.48 0.12 0.00 0.00 0.00 0.00 0.00 0.00 0.00 0.00 0.00 0.55 0.53 0.65 1.00 1.29 1.91 2.71 2.01 0.54 0.48 0.12 0.00 0.00 0.00 0.00 0.00 0.00 0.00 0.00 0.00 0.56 0.54 0.68 1.01 1.33 1.95 2.83 2.01 0.54 0.48 0.12 0.00 0.00 0.00 0.00 0.00 0.00 0.00 0.00 0.00 0.57 0.55 0.70 1.07 1.35 1.99 2.86 2.01 0.54 0.48 0.12 0.00 0.00 0.00 0.00 0.00 0.00 0.00 0.00 0.00 0.58 0.56 0.72 1.08 1.37 2.01 2.88 2.01 0.54 0.48 0.12 0.00 0.00 0.00 0.00 0.00 0.00 0.00 0.00 0.00 0.59 0.57 0.73 1.10 1.45 2.02 2.95 2.01 0.54 0.48 0.12 0.00 0.00 0.00 0.00 0.00 0.00 0.00 0.00 0.00 0.59 0.58 0.75 1.11 1.54 2.04 3.04 2.01 0.54 0.48 0.12 0.00 0.00 0.00 0.00 0.00 0.00 0.00 0.00 0.00 0.61 0.59 0.76 1.12 1.57 2.07 3.16 2.01 0.54 0.48 0.12 0.00 0.00 0.00 0.00 0.00 0.00 0.00 0.00 0.00 0.62 0.60 0.77 1.16 1.65 2.13 3.20 2.01 0.54 0.48 0.12 0.00 0.00 0.00 0.00 0.00 0.00 0.00 0.00 0.00 0.63 0.61 0.78 1.18 1.68 2.15 3.37 2.01 0.54 0.48 0.12 0.00 0.00 0.00 0.00 0.00 0.00 0.00 0.00 0.00 0.64 0.62 0.79 1.20 1.71 2.18 3.40 2.01 0.54 0.48 0.12 0.00 0.00 0.00 0.00 0.00 0.00 0.00 0.00 0.00 0.65 0.64 0.80 1.23 1.72 2.24 3.47 2.01 0.54 0.48 0.12 0.00 0.00 0.00 0.00 0.00 0.00 0.00 0.00 0.00 0.66 0.65 0.80 1.26 1.74 2.26 3.53 2.01 0.54 0.48 0.12 0.00 0.00 0.00 0.00 0.00 0.00 0.00 0.00 0.00 0.67 0.68 0.82 1.27 1.76 2.28 3.59 2.01 0.54 0.48 0.12 0.00 0.00 0.00 0.00 0.00 0.00 0.00 0.00 0.00 0.69 0.68 0.83 1.27 1.82 2.33 3.62 2.01 0.54 0.48 0.12 0.00 0.00 0.00 0.00 0.00 0.00 0.00 0.00 0.00 0.69 0.69 0.84 1.30 1.87 2.37 3.85 2.01 0.54 0.48 0.12 0.00 0.00 0.00 0.00 0.00 0.00 0.00 0.00 0.00 0.70 0.70 0.85 1.31 1.90 2.42 3.91 2.01 0.54 0.48 0.12 0.00 0.00 0.00 0.00 0.00 0.00 0.00 0.00 0.00 0.70 0.71 0.86 1.37 1.93 2.47 3.95 2.01 0.54 0.48 0.12 0.00 0.00 0.00 0.00 0.00 0.00 0.00 0.00 0.00 0.72 0.71 0.87 1.38 1.95 2.50 4.01 2.01 0.54 0.48 0.12 0.00 0.00 0.00 0.00 0.00 0.00 0.00 0.00 0.00 0.72 0.72 0.88 1.41 1.98 2.52 4.06 2.01 0.54 0.48 0.12 0.00 0.00 0.00 0.00 0.00 0.00 0.00 0.00 0.00 0.73 0.73 0.90 1.43 1.99 2.54 4.13 2.01 0.54 0.48 0.12 0.00 0.00 0.00 0.00 0.00 0.00 0.00 0.00 0.00 0.74 0.74 0.95 1.44 2.04 2.58 4.36 2.01 0.54 0.48 0.12 0.00 0.00 0.00 0.00 0.00 0.00 0.00 0.00 0.00 0.75 0.74 0.96 1.47 2.06 2.59 4.41 2.01 0.54 0.48 0.12 0.00 0.00 0.00 0.00 0.00 0.00 0.00 0.00 0.00 0.76 0.75 0.97 1.50 2.08 2.65 4.48 2.01 0.54 0.48 0.12 0.00 0.00 0.00 0.00 0.00 0.00 0.00 0.00 0.00 0.77 0.78 0.99 1.52 2.11 2.68 4.60 2.01 0.54 0.48 0.12 0.00 0.00 0.00 0.00 0.00 0.00 0.00 0.00 0.00 0.78 0.78 1.02 1.54 2.14 2.70 4.65 2.01 0.54 0.48 0.12 0.00 0.00 0.00 0.00 0.00 0.00 0.00 0.00 0.00 0.79 0.79 1.02 1.55 2.18 2.74 4.69 2.01 0.54 0.48 0.12 0.00 0.00 0.00 0.00 0.00 0.00 0.00 0.00 0.00 0.79 0.80 1.04 1.56 2.28 2.78 4.82 2.01 0.54 0.48 0.12 0.00 0.00 0.00 0.00 0.00 0.00 0.00 0.00 0.00 0.80 0.81 1.06 1.61 2.32 2.88 4.86 2.01 0.54 0.48 0.12 0.00 0.00 0.00 0.00 0.00 0.00 0.00 0.00 0.00 0.81 0.82 1.08 1.64 2.38 2.94 4.86 2.01 0.54 0.48 0.12 0.00 0.00 0.00 0.00 0.00 0.00 0.00 0.00 0.00 0.81 0.82 1.09 1.65 2.42 2.99 4.86 2.01 0.54 0.48 0.12 0.00 0.00 0.00 0.00 0.00 0.00 0.00 0.00 0.00 0.82 0.84 1.10 1.69 2.44 3.05 4.86 2.01 0.54 0.48 0.12 0.00 0.00 0.00 0.00 0.00 0.00 0.00 0.00 0.00 0.83 0.85 1.11 1.71 2.45 3.09 4.86 2.01 0.54 0.48 0.12 0.00 0.00 0.00 0.00 0.00 0.00 0.00 0.00 0.00 0.84 0.86 1.14 1.74 2.47 3.11 4.86 2.01 0.54 0.48 0.12 0.00 0.00 0.00 0.00 0.00 0.00 0.00 0.00 0.00 0.85 0.86 1.16 1.74 2.49 3.13 4.86 2.01 0.54 0.48 0.12 0.00 0.00 0.00 0.00 0.00 0.00 0.00 0.00 0.00 0.86 0.87 1.17 1.76 2.52 3.16 4.86 2.01 0.54 0.48 0.12 0.00 0.00 0.00 0.00 0.00 0.00 0.00 0.00 0.00 0.86 0.89 1.20 1.78 2.54 3.21 4.86 2.01 0.54 0.48 0.12 0.00 0.00 0.00 0.00 0.00 0.00 0.00 0.00 0.00 0.87 0.89 1.22 1.82 2.56 3.26 4.86 2.01 0.54 0.48 0.12 0.00 0.00 0.00 0.00 0.00 0.00 0.00 0.00 0.00 0.88 0.91 1.23 1.83 2.59 3.33 4.86 2.01 0.54 0.48 0.12 0.00 0.00 0.00 0.00 0.00 0.00 0.00 0.00 0.00 0.88 0.92 1.26 1.85 2.64 3.41 4.86 2.01 0.54 0.48 0.12 0.00 0.00 0.00 0.00 0.00 0.00 0.00 0.00 0.00 0.89 0.94 1.27 1.87 2.69 3.43 4.86 2.01 0.54 0.48 0.12 0.00 0.00 0.00 0.00 0.00 0.00 0.00 0.00 0.00 0.90 0.96 1.30 1.89 2.72 3.47 4.86 2.01 0.54 0.48 0.12 0.00 0.00 0.00 0.00 0.00 0.00 0.00 0.00 0.00 0.92 0.96 1.31 1.95 2.74 3.51 4.86 2.01 0.54 0.48 0.12 0.00 0.00 0.00 0.00 0.00 0.00 0.00 0.00 0.00 0.93 0.97 1.32 1.99 2.76 3.55 4.86 2.01 0.54 0.48 0.12 0.00 0.00 0.00 0.00 0.00 0.00 0.00 0.00 0.00 0.94 0.98 1.34 2.00 2.79 3.61 4.86 2.01 0.54 0.48 0.12 0.00 0.00 0.00 0.00 0.00 0.00 0.00 0.00 0.00 0.95 0.99 1.37 2.04 2.89 3.70 4.86 2.01 0.54 0.48 0.12 0.00 0.00 0.00 0.00 0.00 0.00 0.00 0.00 0.00 0.96 1.01 1.40 2.07 2.95 3.73 4.86 2.01 0.54 0.48 0.12 0.00 0.00 0.00 0.00 0.00 0.00 0.00 0.00 0.00 0.97 1.01 1.40 2.09 2.97 3.77 4.86 2.01 0.54 0.48 0.12 0.00 0.00 0.00 0.00 0.00 0.00 0.00 0.00 0.00 0.98 1.02 1.41 2.12 3.07 3.81 4.86 2.01 0.54 0.48 0.12 0.00 0.00 0.00 0.00 0.00 0.00 0.00 0.00 0.00 0.99 1.03 1.42 2.14 3.12 3.85 4.86 2.01 0.54 0.48 0.12 0.00 0.00 0.00 0.00 0.00 0.00 0.00 0.00 0.00 0.99 1.04 1.43 2.17 3.16 3.97 4.86 2.01 0.54 0.48 0.12 0.00 0.00 0.00 0.00 0.00 0.00 0.00 0.00 0.00 1.00 1.05 1.47 2.19 3.20 4.04 4.86 2.01 0.54 0.48 0.12 0.00 0.00 0.00 0.00 0.00 0.00 0.00 0.00 0.00 1.00 1.05 1.49 2.24 3.23 4.05 4.86 2.01 0.54 0.48 0.12 0.00 0.00 0.00 0.00 0.00 0.00 0.00 0.00 0.00 1.01 1.06 1.51 2.30 3.28 4.10 4.86 2.01 0.54 0.48 0.12 0.00 0.00 0.00 0.00 0.00 0.00 0.00 0.00 0.00 1.01 1.08 1.53 2.31 3.32 4.22 4.86 2.01 0.54 0.48 0.12 0.00 0.00 0.00 0.00 0.00 0.00 0.00 0.00 0.00 1.01 1.08 1.53 2.32 3.32 4.26 4.86 2.01 0.54 0.48 0.12 0.00 0.00 0.00 0.00 0.00 0.00 0.00 0.00 0.00 1.01 1.08 1.53 2.32 3.33 4.27 4.86 2.01 0.54 0.48 0.12 0.00 0.00 0.00 0.00 0.00 0.00 0.00 0.00 0.00 1.01 1.08 1.54 2.33 3.34 4.28 4.86 2.01 0.54 0.48 0.12 0.00 0.00 0.00 0.00 0.00 0.00 0.00 0.00 0.00 1.01 1.08 1.54 2.33 3.34 4.29 4.86 2.01 0.54 0.48 0.12 0.00 0.00 0.00 0.00 0.00 0.00 0.00 0.00 0.00 1.01 1.08 1.54 2.33 3.35 4.29 4.86 2.01 0.54 0.48 0.12 0.00 0.00 0.00 0.00 0.00 0.00 0.00 0.00 0.00 1.02 1.08 1.55 2.34 3.36 4.30 4.86 2.01 0.54 0.48 0.12 0.00 0.00 0.00 0.00 0.00 0.00 0.00 0.00 0.00 1.02 1.09 1.55 2.34 3.36 4.30 4.86 2.01 0.54 0.48 0.12 0.00 0.00 0.00 0.00 0.00 0.00 0.00 0.00 0.00 1.02 1.09 1.55 2.34 3.36 4.31 4.86 2.01 0.54 0.48 0.12 0.00 0.00 0.00 0.00 0.00 0.00 0.00 0.00 0.00 1.02 1.09 1.55 2.34 3.37 4.31 4.86 2.01 0.54 0.48 0.12 0.00 0.00 0.00 0.00 0.00 0.00 0.00 0.00 0.00 1.02 1.09 1.56 2.35 3.38 4.33 4.86 2.01 0.54 0.48 0.12 0.00 0.00 0.00 0.00 0.00 0.00 0.00 0.00 0.00 1.02 1.09 1.56 2.35 3.38 4.35 4.86 2.01 0.54 0.48 0.12 0.00 0.00 0.00 0.00 0.00 0.00 0.00 0.00 0.00 0.00 0.00 0.00 0.00 3.39 4.36 4.86 2.01 0.54 0.48 0.12 0.00 0.00 0.00 0.00 0.00 0.00 0.00 0.00 0.00 0.00 0.00 0.00 0.00 0.00 0.00 4.86 2.01 0.54 0.48 0.12 0.00 0.00 0.00 0.00 0.00 0.00 0.00 0.00 0.00 0.00 0.00 0.00 0.00 0.00 0.00 0.00 2.01 0.54 0.48 0.12 0.00 0.00 0.00 0.00 0.00 0.00 0.00 0.00 0.00 0.00 0.00 0.00 0.00 0.00 0.00 0.00 0.00 0.54 0.48 0.12 0.00 0.00 0.00 0.00 0.00 0.00 0.00 0.00 0.00 0.00 0.00 0.00 0.00 0.00 0.00 0.00 0.00 0.00 0.48 0.12 0.00 0.00 0.00 0.00 0.00 0.00 0.00 0.00 0.00 0.00 0.00 0.00 0.00 0.00 0.00 0.00 0.00 0.00 0.00 0.12 0.00 0.00 0.00 0.00 0.00 0.00 0.00 0.00 0.00 0.00 0.00 0.00 0.00 0.00 0.00 0.00 0.00 0.00 0.00 0.00 0.00 0.00 0.00 0.00 0.00 0.00 0.00 0.00 0.00 0.00 0.00 0.00 0.00 0.00 0.00 0.00 0.00 0.00 0.00 0.00 0.00 0.00 0.00 0.00 0.00 0.00 0.00 0.00 0.00 0.00 0.00 0.00 0.00 0.00 0.00 0.00 0.00 0.00 0.00 0.00 0.00 0.00 0.00 0.00 0.00 0.00 0.00 0.00 0.00 0.00 0.00 0.00 0.00 0.00 0.00 0.00 0.00 0.00 0.00 0.00 0.00 0.00 0.00 0.00 0.00 0.00 0.00 0.00 0.00 0.00 0.00 0.00 0.00 0.00 0.00 0.00 0.00 0.00 0.00 0.00 0.00 0.00 0.00 0.00 0.00 0.00 0.00 0.00 0.00 0.00 0.00 0.00 0.00 0.00 0.00 0.00 0.00 0.00 0.00 0.00 0.00 0.00 0.00 0.00 0.00 0.00 0.00 0.00 0.00 0.00 0.00 0.00 0.00 0.00 0.00 0.00 0.00 0.00 0.00 0.00 0.00 0.00 0.00 0.00 0.00 0.00 0.00 0.00 0.00 0.00 0.00 0.00 0.00 0.00 0.00 0.00 0.00 0.00 0.00 0.00 0.00 0.00 0.00 0.00 0.00 0.00 0.00 0.00 0.00 0.00 0.00 0.00 0.00 0.00 0.00 0.00 0.00 0.00 0.00 0.00 0.00 0.00 0.00 0.00 0.00 0.00 0.00 0.00 0.00 0.00 0.00 0.00 0.00 0.00 0.00 0.00 0.00 0.00 0.00 0.00 0.00 0.00 0.00 0.00 0.00 0.00 0.00 0.00 0.00 0.00 0.00 0.00 0.00 0.00 0.00 0.00 0.00 0.00 0.00 0.00 0.00 0.00 0.00 0.00 0.00 0.00 0.00 0.00 0.00 0.00 0.00 0.00 0.00 0.00 0.00 0.00 0.00 0.00 0.00 0.00 0.00 0.00 0.00 0.00 0.00 0.00 0.00 0.00 0.00 0.00 0.00 0.00 0.00 0.00 0.00 0.00 0.00 0.00 0.00 0.00 0.00 0.00 0.00 0.00 0.00 0.00 0.00 0.00 0.00 0.00 0.00 0.00 0.00 0.00 0.00 0.00 0.00 0.00 0.00 0.00 0.00 0.00 0.00 0.00 0.00 0.00 0.00 0.00 0.00 0.00 0.00 0.00 0.00 0.00 0.00 0.00 0.00 0.00 0.00 0.00 0.00 0.00 0.00 0.00 0.00 0.00 0.00 0.00 0.00 0.00 0.00 0.00 0.00 0.00 0.00 0.00 0.00 0.00 0.00 0.00 0.00 0.00 0.00 0.00 0.00 0.00 0.00 0.00 0.00 0.00 0.00 0.00 0.00 0.00 0.00 0.00 0.00 0.00 0.00 0.00 0.00 0.00 0.00 0.00 0.00 0.00 0.00 0.00 0.00 0.00 0.00 0.00 0.00 0.00 0.00 0.00 0.00 0.00 0.00 0.00 0.00 0.00 0.00 0.00 0.00 0.00 0.00 0.00 0.00 0.00 0.00 0.00 0.00 0.00 0.00 0.00 0.00 0.00 0.00 0.00 0.00 0.00 0.00 0.00 0.00 0.00 0.00 0.00 0.00 0.00 0.00 0.00 0.00 0.00 0.00 0.00 0.00 0.00 0.00 0.00 0.00 0.00 0.00 0.00 0.00 0.00 0.00 0.00 0.00 0.00 0.00 0.00 0.00 0.00 0.00 0.00 0.00 0.00 0.00 0.00 0.00 0.00 0.00 0.00 0.00 0.00 0.00 0.00 0.00 0.00 0.00 0.00 0.00 0.00 0.00 0.00 0.00 0.00 0.00 0.00 0.00 0.00 0.00 0.00 0.00 0.00 0.00 0.00 0.00 0.00 0.00 0.00 0.00 0.00 0.00 0.00 0.00 0.00 0.00 0.00 0.00 0.00 0.00 0.00 0.00 0.00 0.00 0.00 0.00 0.00 0.00 0.00 0.00 0.00 0.00 0.00 0.00 0.00 0.00 0.00 0.00 0.00 0.00 0.00 0.00 0.00 0.00 0.00 0.00 0.00 0.00 0.00 0.00 0.00 0.00 0.00 0.00 0.00 0.00 0.00 0.00 0.00 0.00 0.00 0.00 0.00 0.00 0.00 0.00 0.00 0.00 0.00 0.00 0.00 0.00 0.00 0.00 0.00 0.00 0.00 0.00 0.00 0.00 0.00 0.00 0.00 0.00 0.00 0.00 0.00 0.00 0.00 0.00 0.00 0.00 0.00 0.00 0.00 0.00 0.00 0.00 0.00 0.00 0.00 0.00 0.00 0.00 0.00 0.00 0.00 0.00 0.00 0.00 0.00 0.00 0.00 0.00 0.00 0.00 0.00 0.00 0.00 0.00 0.00 0.00 0.00 0.00 0.00 0.00 0.00 0.00 0.00 0.00 0.00 0.00 0.00 0.00 0.00 0.00 0.00 0.00 0.00 0.00 0.00 0.00 0.00 0.00 0.00 0.00 0.00 0.00 0.00 0.00 0.00 0.00 0.00 0.00 0.00 0.00 0.00 0.00 0.00 0.00 0.00 0.00 0.00 0.00 0.00 0.00 0.00 0.00 0.00 0.00 0.00 0.00 0.00 0.00 0.00 0.00 0.00 0.00 0.00 0.00 0.00 0.00 0.00 0.00 0.00 0.00 0.00 0.00 0.00 0.00 0.00 0.00 0.00 0.00 0.00 0.00 0.00 0.00 0.00 0.00 0.00 0.00 0.00 0.00 0.00 0.00 0.00 0.00 0.00 0.00 0.00 0.00 0.00 0.00 0.00 0.00 0.00 0.00 0.00 0.00 0.00 0.00 0.00 0.00 0.00 0.00 0.00 0.00 0.00 0.00 0.00 0.00 0.00 0.00 0.00 0.00 0.00 0.00 0.00 0.00 0.00 0.00 0.00 0.00 0.00 0.00 0.00 0.00 0.00 0.00 0.00 0.00 0.00 0.00 0.00 0.00 0.00 0.00 0.00 0.00 0.00 0.00 0.00 0.00 0.00 0.00 0.00 0.00 0.00 0.00 0.00 0.00 0.00 0.00 0.00 0.00 0.00 0.00 0.00 0.00 0.00 0.00 0.00 0.00 0.00 0.00 0.00 0.00 0.00 0.00 0.00 0.00 0.00 0.00 0.00 0.00 0.00 0.00 0.00 0.00 0.00 0.00 0.00 0.00 0.00 0.00 0.00 0.00 0.00 0.00 0.00 0.00 0.00 0.00 0.00 0.00 0.00 0.00 0.00 0.00 0.00 0.00 0.00 0.00 0.00 0.00 0.00 0.00 0.00 0.00 0.00 0.00 0.00 0.00 0.00 0.00 0.00 0.00 0.00 0.00 0.00 0.00 0.00 0.00 0.00 0.00 0.00 0.00 0.00 0.00 0.00 0.00 0.00 0.00 0.00 0.00 0.00 0.00 0.00 0.00 0.00 0.00 0.00 0.00 0.00 0.00 0.00 0.00 0.00 0.00 0.00 0.00 0.00 0.00 0.00 0.00 0.00 0.00 0.00 0.00 0.00 0.00 0.00 0.00 0.00 0.00 0.00 0.00 0.00 0.00 0.00 0.00 0.00 0.00 0.00 0.00 0.00 0.00 0.00 0.00 0.00 0.00 0.00 0.00 0.00 0.00 0.00 0.00 0.00 0.00 0.00 0.00 0.00 0.00 0.00 0.00 0.00 0.00 0.00 0.00 0.00 0.00 0.00 0.00 0.00 0.00 0.00 0.00 0.00 0.00 0.00 0.00 0.00 0.00 0.00 0.00 0.00 0.00 0.00 0.00 0.00 0.00 0.00 0.00 0.00 0.00 0.00 0.00 0.00 0.00 0.00 0.00 0.00 0.00 0.00 0.00 0.00 0.00 0.00 0.00 0.00 0.00 0.00 0.00 0.00 0.00 0.00 0.00 0.00 0.00 0.00 0.00 0.00 0.00 0.00 0.00 0.00 0.00 0.00 0.00 0.00 0.00 0.00 0.00 0.00 0.00 0.00 0.00 0.00 0.00 0.00 0.00 0.00 0.00 0.00 0.00 0.00 0.00 0.00 0.00 0.00 0.00 0.00 0.00 0.00 0.00 0.00 0.00 0.00 0.00 0.00 0.00 0.00 0.00 0.00 0.00 0.00 0.00 0.00 0.00 0.00 0.00 0.00 0.00 0.00 0.00 0.00 0.00 0.00 0.00 0.00 0.00 0.00 0.00 0.00 0.00 0.00 0.00 0.00 0.00 0.00 0.00 0.00 0.00 0.00 0.00 0.00 0.00 0.00 0.00 0.00 0.00 0.00 0.00 0.00 0.00 0.00 0.00 0.00 0.00 0.00 0.00 0.00 0.00 0.00 0.00 0.00 0.00 0.00 0.00 0.00 0.00 0.00 0.00 0.00 0.00 0.00 0.00 0.00 0.00 0.00 0.00 0.00 0.00 0.00 0.00 0.00 0.00 0.00 0.00 0.00 0.00 0.00 0.00 0.00 0.00 0.00 0.00 0.00 0.00 0.00 0.00 0.00 0.00 0.00 0.00 0.00 0.00 0.00 0.00 0.00 0.00 0.00 0.00 0.00 0.00 0.00 0.00 0.00 0.00 0.00 0.00 0.00 0.00 0.00 0.00 0.00 0.00 0.00 0.00 0.00 0.00 0.00 0.00 0.00 0.00 0.00 0.00 0.00 0.00 0.00 0.00 0.00 0.00 0.00 0.00 0.00 0.00 0.00 0.00 0.00 0.00 0.00 0.00 0.00 0.00 0.00 0.00 0.00 0.00 0.00 0.00 0.00 0.00 0.00 0.00 0.00 0.00 0.00 0.00 0.00 0.00 0.00 0.00 0.00 0.00 0.00 0.00 0.00 0.00 0.00 0.00 0.00 0.00 0.00 0.00 0.00 0.00 0.00 0.00 0.00 0.00 0.00 0.00 0.00 0.00 0.00 0.00 0.00 0.00 0.00 0.00 0.00 0.00 0.00 0.00 0.00 0.00 0.00 0.00 0.00 0.00 0.00 0.00 0.00 0.00 0.00 0.00 0.00 0.00 0.00 0.00 0.00 0.00 0.00 0.00 0.00 0.00 0.00 0.00 0.00 0.00 0.00 0.00 0.00 0.00 0.00 0.00 0.00 0.00 0.00 0.00 0.00 0.00 0.00 0.00 0.00 0.00 0.00 0.00 0.00 0.00 0.00 0.00 0.00 0.00 0.00 0.00 0.00 0.00 0.00 0.00 0.00 0.00 0.00 0.00 0.00 0.00 0.00 0.00 0.00 0.00 0.00 0.00 0.00 0.00 0.00 0.00 0.00 0.00 0.00 0.00 0.00 0.00 0.00 0.00 0.00 0.00 0.00 0.00 0.00 0.00 0.00 0.00 0.00 0.00 0.00 0.00 0.00 0.00 0.00 0.00 0.00 0.00 0.00 0.00 0.00 0.00 0.00 0.00 0.00 0.00 0.00 0.00 0.00 0.00 0.00 0.00 0.00 0.00 0.00 0.00 0.00 0.00 0.00 0.00 0.00 0.00 0.00 0.00 0.00 0.00 0.00 0.00 0.00 0.00 0.00 0.00 0.00 0.00 0.00 0.00 0.00 0.00 0.00 0.00 0.00 0.00 0.00 0.00 0.00 0.00 0.00 0.00 0.00 0.00 0.00 0.00 0.00 0.00 0.00 0.00 0.00 0.00 0.00 0.00
height.size=5120
height.data=21.70 356.78 691.74 1026.49 1360.91 1694.92 2028.40 2361.26 2693.39 3024.70 3355.08 3684.43 4012.65 4339.65 4665.32 4989.56 5312.27 5633.37 5952.74 6270.29 21.92 358.75 695.46 1031.95 1368.11 1703.86 2039.08 2373.67 2707.53 3040.57 3372.67 3703.73 4033.66 4362.36 4689.72 5015.65 5340.05 5662.81 5983.85 6303.05 22.15 360.72 699.17 1037.41 1375.32 1712.80 2049.76 2386.08 2721.67 3056.43 3390.25 3723.03 4054.67 4385.07 4714.13 5041.75 5367.82 5692.26 6014.95 6335.81 22.38 362.70 702.89 1042.87 1382.52 1721.74 2060.44 2398.50 2735.82 3072.30 3407.84 3742.33 4075.68 4407.78 4738.54 5067.84 5395.60 5721.70 6046.06 6368.57 22.61 364.67 706.61 1048.33 1389.72 1730.69 2071.12 2410.91 2749.96 3088.17 3425.43 3761.64 4096.69 4430.50 4762.95 5093.94 5423.37 5751.15 6077.17 6401.34 22.84 366.65 710.33 1053.80 1396.93 1739.63 2081.80 2423.32 2764.10 3104.03 3443.01 3780.94 4117.71 4453.21 4787.36 5120.04 5451.15 5780.60 6108.28 6434.10 23.08 368.63 714.06 1059.26 1404.14 1748.58 2092.48 2435.74 2778.25 3119.91 3460.60 3800.24 4138.72 4475.93 4811.77 5146.13 5478.93 5810.05 6139.39 6466.86 23.31 370.60 717.78 1064.73 1411.35 1757.53 2103.17 2448.16 2792.39 3135.78 3478.20 3819.55 4159.73 4498.64 4836.18 5172.23 5506.71 5839.50 6170.51 6499.63 23.54 372.58 721.50 1070.20 1418.56 1766.48 2113.85 2460.57 2806.54 3151.65 3495.79 3838.86 4180.75 4521.36 4860.59 5198.33 5534.49 5868.95 6201.62 6532.40 23.78 374.57 725.23 1075.66 1425.77 1775.43 2124.54 2472.99 2820.69 3167.52 3513.38 3858.16 4201.77 4544.08 4885.01 5224.44 5562.27 5898.40 6232.74 6565.16 24.02 376.55 728.96 1081.13 1432.98 1784.38 2135.22 2485.41 2834.84 3183.40 3530.98 3877.47 4222.78 4566.80 4909.42 5250.54 5590.05 5927.86 6263.85 6597.93 24.26 378.53 732.68 1086.61 1440.19 1793.33 2145.91 2497.84 2848.99 3199.27 3548.57 3896.78 4243.80 4589.52 4933.84 5276.64 5617.84 5957.31 6294.97 6630.70 24.50 380.52 736.41 1092.08 1447.40 1802.28 2156.60 2510.26 2863.14 3215.15 3566.17 3916.10 4264.82 4612.24 4958.25 5302.75 5645.62 5986.77 6326.09 6663.47 24.74 382.50 740.14 1097.55 1454.62 1811.24 2167.29 2522.68 2877.30 3231.03 3583.77 3935.41 4285.84 4634.97 4982.67 5328.86 5673.41 6016.23 6357.21 6696.24 24.98 384.49 743.87 1103.03 1461.84 1820.19 2177.99 2535.11 2891.45 3246.91 3601.37 3954.72 4306.87 4657.69 5007.09 5354.96 5701.19 6045.68 6388.33 6729.02 25.22 386.48 747.61 1108.50 1469.05 1829.15 2188.68 2547.53 2905.61 3262.79 3618.97 3974.04 4327.89 4680.42 5031.51 5381.07 5728.98 6075.14 6419.45 6761.79 25.47 388.47 751.34 1113.98 1476.27 1838.11 2199.37 2559.96 2919.76 3278.67 3636.57 3993.35 4348.92 4703.15 5055.94 5407.18 5756.77 6104.60 6450.57 6794.57 25.71 390.46 755.08 1119.46 1483.49 1847.06 2210.07 2572.39 2933.92 3294.55 3654.17 4012.67 4369.94 4725.87 5080.36 5433.29 5784.56 6134.06 6481.69 6827.34 25.96 392.45 758.81 1124.94 1490.71 1856.03 2220.76 2584.82 2948.08 3310.44 3671.78 4031.99 4390.97 4748.60 5104.78 5459.40 5812.35 6163.53 6512.82 6860.12 26.21 394.44 762.55 1130.42 1497.93 1864.99 2231.46 2597.25 2962.24 3326.32 3689.38 4051.31 4412.00 4771.33 5129.21 5485.52 5840.15 6192.99 6543.94 6892.90 26.45 396.44 766.29 1135.90 1505.16 1873.95 2242.16 2609.68 2976.40 3342.21 3706.99 4070.63 4433.03 4794.06 5153.64 5511.63 5867.94 6222.46 6575.07 6925.68 26.70 398.43 770.03 1141.38 1512.38 1882.91 2252.86 2622.12 2990.56 3358.09 3724.59 4089.95 4454.06 4816.80 5178.06 5537.74 5895.73 6251.92 6606.20 6958.46 26.96 400.43 773.77 1146.87 1519.61 1891.88 2263.56 2634.55 3004.73 3373.98 3742.20 4109.27 4475.09 4839.53 5202.49 5563.86 5923.53 6281.39 6637.33 6991.24 27.21 402.43 777.51 1152.35 1526.84 1900.84 2274.27 2646.99 3018.89 3389.87 3759.81 4128.60 4496.12 4862.26 5226.92 5589.98 5951.33 6310.86 6668.46 7024.02 27.46 404.42 781.26 1157.84 1534.06 1909.81 2284.97 2659.42 3033.06 3405.76 3777.42 4147.92 4517.15 4885.00 5251.35 5616.10 5979.12 6340.32 6699.59 7056.80 27.72 406.42 785.00 1163.33 1541.29 1918.78 2295.67 2671.86 3047.23 3421.66 3795.03 4167.25 4538.19 4907.74 5275.78 5642.22 6006.92 6369.79 6730.72 7089.59 27.97 408.43 788.75 1168.82 1548.52 1927.75 2306.38 2684.30 3061.39 3437.55 3812.65 4186.58 4559.22 4930.47 5300.22 5668.34 6034.72 6399.27 6761.85 7122.37 28.23 410.43 792.49 1174.31 1555.75 1936.72 2317.09 2696.74 3075.56 3453.44 3830.26 4205.91 4580.26 4953.21 5324.65 5694.46 6062.52 6428.74 6792.99 7155.16 28.49 412.43 796.24 1179.80 1562.99 1945.69 2327.80 2709.18 3089.73 3469.34 3847.88 4225.24 4601.30 4975.95 5349.09 5720.58 6090.33 6458.21 6824.12 7187.95 28.75 414.44 799.99 1185.29 1570.22 1954.66 2338.51 2721.62 3103.91 3485.23 3865.49 4244.57 4622.34 4998.70 5373.52 5746.70 6118.13 6487.69 6855.26 7220.74 29.01 416.44 803.74 1190.78 1577.46 1963.64 2349.22 2734.07 3118.08 3501.13 3883.11 4263.90 4643.38 5021.44 5397.96 5772.83 6145.93 6517.16 6886.39 7253.52 29.27 418.45 807.49 1196.28 1584.69 1972.61 2359.93 2746.51 3132.25 3517.03 3900.73 4283.23 4664.42 5044.18 5422.40 5798.96 6173.74 6546.64 6917.53 7286.32 29.53 420.46 811.24 1201.77 1591.93 1981.59 2370.64 2758.96 3146.43 3532.93 3918.35 4302.57 4685.46 5066.93 5446.84 5825.08 6201.55 6576.11 6948.67 7319.11 29.80 422.47 815.00 1207.27 1599.17 1990.57 2381.35 2771.41 3160.60 3548.83 3935.97 4321.90 4706.51 5089.67 5471.28 5851.21 6229.35 6605.59 6979.81 7351.90 30.06 424.48 818.75 1212.77 1606.41 1999.55 2392.07 2783.85 3174.78 3564.73 3953.59 4341.24 4727.55 5112.42 5495.72 5877.34 6257.16 6635.07 7010.95 7384.69 30.33 426.49 822.51 1218.27 1613.65 2008.53 2402.79 2796.30 3188.96 3580.64 3971.22 4360.58 4748.60 5135.17 5520.16 5903.47 6284.97 6664.55 7042.10 7417.49 30.60 428.50 826.27 1223.77 1620.89 2017.51 2413.50 2808.75 3203.14 3596.54 3988.84 4379.91 4769.65 5157.92 5544.61 5929.60 6312.78 6694.04 7073.24 7450.28 30.87 430.52 830.02 1229.27 1628.13 2026.49 2424.22 2821.21 3217.32 3612.45 4006.47 4399.25 4790.69 5180.67 5569.05 5955.74 6340.60 6723.52 7104.39 7483.08 31.14 432.53 833.78 1234.77 1635.38 2035.48 2434.94 2833.66 3231.50 3628.35 4024.09 4418.59 4811.74 5203.42 5593.50 5981.87 6368.41 6753.00 7135.53 7515.88 31.41 434.55 837.55 1240.28 1642.62 2044.46 2445.66 2846.11 3245.69 3644.26 4041.72 4437.94 4832.79 5226.17 5617.95 6008.00 6396.22 6782.49 7166.68 7548.68 31.68 436.57 841.31 1245.78 1649.87 2053.45 2456.39 2858.57 3259.87 3660.17 4059.35 4457.28 4853.85 5248.92 5642.39 6034.14 6424.04 6811.97 7197.83 7581.48 31.95 438.58 845.07 1251.29 1657.12 2062.43 2467.11 2871.03 3274.06 3676.08 4076.98 4476.62 4874.90 5271.68 5666.84 6060.28 6451.85 6841.46 7228.97 7614.28 32.23 440.60 848.84 1256.80 1664.37 2071.42 2477.83 2883.48 3288.24 3691.99 4094.61 4495.97 4895.95 5294.43 5691.30 6086.41 6479.67 6870.95 7260.12 7647.08 32.51 442.63 852.60 1262.31 1671.62 2080.41 2488.56 2895.94 3302.43 3707.91 4112.24 4515.32 4917.01 5317.19 5715.75 6112.55 6507.49 6900.44 7291.28 7679.89 32.78 444.65 856.37 1267.82 1678.87 2089.40 2499.29 2908.40 3316.62 3723.82 4129.88 4534.66 4938.06 5339.95 5740.20 6138.69 6535.31 6929.93 7322.43 7712.69 33.06 446.67 860.14 1273.33 1686.12 2098.39 2510.01 2920.86 3330.81 3739.73 4147.51 4554.01 4959.12 5362.71 5764.65 6164.84 6563.13 6959.42 7353.58 7745.50 33.34 448.70 863.90 1278.84 1693.38 2107.39 2520.74 2933.32 3345.00 3755.65 4165.15 4573.36 4980.18 5385.47 5789.11 6190.98 6590.95 6988.91 7384.74 7778.30 33.62 450.72 867.68 1284.35 1700.63 2116.38 2531.47 2945.79 3359.19 3771.57 4182.78 4592.72 5001.24 5408.23 5813.57 6217.12 6618.78 7018.41 7415.89 7811.11 33.90 452.75 871.45 1289.87 1707.89 2125.38 2542.21 2958.25 3373.39 3787.49 4200.42 4612.07 5022.30 5430.99 5838.02 6243.27 6646.60 7047.90 7447.05 7843.92 34.19 454.78 875.22 1295.38 1715.14 2134.37 2552.94 2970.72 3387.58 3803.41 4218.06 4631.42 5043.36 5453.76 5862.48 6269.41 6674.42 7077.40 7478.20 7876.73 34.47 456.81 878.99 1300.90 1722.40 2143.37 2563.67 2983.19 3401.78 3819.33 4235.70 4650.78 5064.42 5476.52 5886.94 6295.56 6702.25 7106.89 7509.36 7909.54 34.76 458.84 882.77 1306.42 1729.66 2152.37 2574.41 2995.65 3415.98 3835.25 4253.34 4670.13 5085.49 5499.29 5911.40 6321.71 6730.08 7136.39 7540.52 7942.35 35.04 460.87 886.54 1311.94 1736.92 2161.37 2585.14 3008.12 3430.17 3851.17 4270.98 4689.49 5106.55 5522.05 5935.86 6347.86 6757.91 7165.89 7571.68 7975.16 35.33 462.90 890.32 1317.46 1744.19 2170.37 2595.88 3020.59 3444.37 3867.10 4288.63 4708.85 5127.62 5544.82 5960.33 6374.01 6785.74 7195.39 7602.84 8007.98 35.62 464.94 894.10 1322.98 1751.45 2179.37 2606.62 3033.06 3458.57 3883.02 4306.27 4728.21 5148.69 5567.59 5984.79 6400.16 6813.57 7224.89 7634.01 8040.79 35.91 466.97 897.88 1328.50 1758.71 2188.38 2617.36 3045.54 3472.78 3898.95 4323.92 4747.57 5169.76 5590.36 6009.26 6426.31 6841.40 7254.39 7665.17 8073.61 36.20 469.01 901.66 1334.03 1765.98 2197.38 2628.10 3058.01 3486.98 3914.87 4341.57 4766.93 5190.83 5613.13 6033.72 6452.46 6869.23 7283.90 7696.34 8106.42 36.49 471.05 905.44 1339.55 1773.25 2206.39 2638.84 3070.49 3501.18 3930.80 4359.22 4786.29 5211.90 5635.91 6058.19 6478.62 6897.06 7313.40 7727.50 8139.24 36.79 473.08 909.23 1345.08 1780.51 2215.39 2649.59 3082.96 3515.39 3946.73 4376.86 4805.65 5232.97 5658.68 6082.66 6504.77 6924.90 7342.91 7758.67 8172.06 37.08 475.12 913.01 1350.61 1787.78 2224.40 2660.33 3095.44 3529.59 3962.66 4394.52 4825.02 5254.04 5681.45 6107.13 6530.93 6952.73 7372.41 7789.84 8204.88 37.38 477.17 916.80 1356.14 1795.05 2233.41 2671.08 3107.92 3543.80 3978.60 4412.17 4844.38 5275.12 5704.23 6131.60 6557.09 6980.57 7401.92 7821.01 8237.70 37.68 479.21 920.58 1361.67 1802.32 2242.42 2681.82 3120.40 3558.01 3994.53 4429.82 4863.75 5296.19 5727.01 6156.07 6583.25 7008.41 7431.43 7852.18 8270.52 37.97 481.25 924.37 1367.20 1809.60 2251.43 2692.57 3132.88 3572.22 4010.46 4447.47 4883.12 5317.27 5749.79 6180.54 6609.41 7036.25 7460.94 7883.35 8303.35 38.27 483.30 928.16 1372.73 1816.87 2260.44 2703.32 3145.36 3586.43 4026.40 4465.13 4902.49 5338.34 5772.56 6205.02 6635.57 7064.09 7490.45 7914.52 8336.17 38.57 485.34 931.95 1378.26 1824.14 2269.46 2714.07 3157.84 3600.64 4042.34 4482.79 4921.86 5359.42 5795.34 6229.49 6661.73 7091.93 7519.96 7945.69 8369.00 38.88 487.39 935.74 1383.80 1831.42 2278.47 2724.82 3170.33 3614.86 4058.27 4500.44 4941.23 5380.50 5818.13 6253.97 6687.89 7119.77 7549.47 7976.87 8401.82 39.18 489.44 939.53 1389.33 1838.70 2287.49 2735.57 3182.81 3629.07 4074.21 4518.10 4960.60 5401.58 5840.91 6278.44 6714.06 7147.62 7578.99 8008.04 8434.65 39.48 491.49 943.33 1394.87 1845.98 2296.51 2746.33 3195.30 3643.29 4090.15 4535.76 4979.98 5422.67 5863.69 6302.92 6740.22 7175.46 7608.50 8039.22 8467.48 39.79 493.54 947.12 1400.41 1853.26 2305.53 2757.08 3207.79 3657.50 4106.09 4553.42 4999.35 5443.75 5886.48 6327.40 6766.39 7203.31 7638.02 8070.40 8500.31 40.10 495.59 950.92 1405.95 1860.54 2314.55 2767.84 3220.28 3671.72 4122.04 4571.08 5018.73 5464.83 5909.26 6351.88 6792.56 7231.15 7667.54 8101.58 8533.14 40.40 497.64 954.72 1411.49 1867.82 2323.57 2778.60 3232.77 3685.94 4137.98 4588.75 5038.11 5485.92 5932.05 6376.36 6818.73 7259.00 7697.06 8132.76 8565.97 40.71 499.70 958.52 1417.03 1875.10 2332.59 2789.35 3245.26 3700.16 4153.92 4606.41 5057.48 5507.01 5954.84 6400.85 6844.90 7286.85 7726.57 8163.94 8598.80 41.02 501.75 962.32 1422.57 1882.39 2341.61 2800.11 3257.75 3714.38 4169.87 4624.08 5076.86 5528.09 5977.63 6425.33 6871.07 7314.70 7756.10 8195.12 8631.64 41.33 503.81 966.12 1428.12 1889.67 2350.64 2810.87 3270.24 3728.60 4185.82 4641.74 5096.24 5549.18 6000.42 6449.82 6897.24 7342.55 7785.62 8226.30 8664.47 41.65 505.87 969.92 1433.66 1896.96 2359.66 2821.64 3282.74 3742.83 4201.76 4659.41 5115.63 5570.27 6023.21 6474.30 6923.41 7370.40 7815.14 8257.49 8697.31 41.96 507.92 973.72 1439.21 1904.25 2368.69 2832.40 3295.23 3757.05 4217.71 4677.08 5135.01 5591.36 6046.00 6498.79 6949.59 7398.26 7844.66 8288.67 8730.14 42.28 509.98 977.53 1444.76 1911.53 2377.72 2843.16 3307.73 3771.28 4233.66 4694.75 5154.39 5612.46 6068.80 6523.28 6975.76 7426.11 7874.19 8319.86 8762.98 42.59 512.05 981.33 1450.31 1918.82 2386.75 2853.93 3320.23 3785.50 4249.62 4712.42 5173.78 5633.55 6091.59 6547.77 7001.94 7453.97 7903.71 8351.04 8795.82 42.91 514.11 985.14 1455.86 1926.12 2395.78 2864.69 3332.73 3799.73 4265.57 4730.09 5193.16 5654.64 6114.39 6572.26 7028.12 7481.82 7933.24 8382.23 8828.66 43.23 516.17 988.95 1461.41 1933.41 2404.81 2875.46 3345.23 3813.96 4281.52 4747.77 5212.55 5675.74 6137.18 6596.75 7054.29 7509.68 7962.77 8413.42 8861.50 43.55 518.24 992.76 1466.96 1940.70 2413.84 2886.23 3357.73 3828.19 4297.48 4765.44 5231.94 5696.83 6159.98 6621.24 7080.47 7537.54 7992.30 8444.61 8894.34 43.87 520.30 996.57 1472.51 1948.00 2422.87 2897.00 3370.23 3842.42 4313.43 4783.12 5251.33 5717.93 6182.78 6645.74 7106.66 7565.40 8021.83 8475.80 8927.19 44.19 522.37 1000.38 1478.07 1955.29 2431.91 2907.77 3382.74 3856.66 4329.39 4800.79 5270.72 5739.03 6205.58 6670.23 7132.84 7593.26 8051.36 8507.00 8960.03 44.51 524.44 1004.19 1483.62 1962.59 2440.95 2918.54 3395.24 3870.89 4345.35 4818.47 5290.11 5760.13 6228.38 6694.73 7159.02 7621.12 8080.89 8538.19 8992.88 44.84 526.51 1008.00 1489.18 1969.89 2449.98 2929.32 3407.75 3885.13 4361.31 4836.15 5309.51 5781.23 6251.19 6719.22 7185.20 7648.98 8110.42 8569.38 9025.72 45.16 528.58 1011.82 1494.74 1977.19 2459.02 2940.09 3420.26 3899.36 4377.27 4853.83 5328.90 5802.34 6273.99 6743.72 7211.39 7676.85 8139.96 8600.58 9058.57 45.49 530.65 1015.63 1500.30 1984.49 2468.06 2950.87 3432.76 3913.60 4393.23 4871.51 5348.30 5823.44 6296.80 6768.22 7237.58 7704.71 8169.49 8631.78 9091.42 45.82 532.72 1019.45 1505.86 1991.79 2477.10 2961.65 3445.27 3927.84 4409.19 4889.19 5367.69 5844.54 6319.60 6792.72 7263.76 7732.58 8199.03 8662.97 9124.27 46.15 534.80 1023.27 1511.42 1999.09 2486.14 2972.42 3457.78 3942.08 4425.16 4906.88 5387.09 5865.65 6342.41 6817.22 7289.95 7760.45 8228.57 8694.17 9157.12 46.48 536.87 1027.09 1516.98 2006.40 2495.19 2983.20 3470.30 3956.32 4441.12 4924.56 5406.49 5886.76 6365.22 6841.73 7316.14 7788.32 8258.11 8725.37 9189.97 46.81 538.95 1030.91 1522.55 2013.70 2504.23 2993.98 3482.81 3970.56 4457.09 4942.25 5425.89 5907.86 6388.03 6866.23 7342.33 7816.19 8287.65 8756.57 9222.82 47.14 541.03 1034.73 1528.11 2021.01 2513.28 3004.76 3495.32 3984.80 4473.06 4959.94 5445.29 5928.97 6410.84 6890.74 7368.52 7844.06 8317.19 8787.78 9255.68 47.47 543.11 1038.56 1533.68 2028.32 2522.32 3015.55 3507.84 3999.05 4489.03 4977.62 5464.69 5950.08 6433.65 6915.24 7394.72 7871.93 8346.73 8818.98 9288.53 47.81 545.19 1042.38 1539.24 2035.62 2531.37 3026.33 3520.36 4013.29 4505.00 4995.31 5484.10 5971.19 6456.46 6939.75 7420.91 7899.80 8376.27 8850.18 9321.39 48.15 547.27 1046.21 1544.81 2042.93 2540.42 3037.12 3532.87 4027.54 4520.97 5013.00 5503.50 5992.31 6479.27 6964.26 7447.11 7927.67 8405.82 8881.39 9354.24 48.48 549.35 1050.03 1550.38 2050.25 2549.47 3047.90 3545.39 4041.79 4536.94 5030.70 5522.91 6013.42 6502.09 6988.77 7473.30 7955.55 8435.36 8912.59 9387.10 48.82 551.43 1053.86 1555.95 2057.56 2558.52 3058.69 3557.91 4056.04 4552.91 5048.39 5542.31 6034.53 6524.91 7013.28 7499.50 7983.43 8464.91 8943.80 9419.96 49.16 553.52 1057.69 1561.53 2064.87 2567.57 3069.48 3570.43 4070.29 4568.89 5066.08 5561.72 6055.65 6547.72 7037.79 7525.70 8011.30 8494.46 8975.01 9452.82 49.50 555.60 1061.52 1567.10 2072.19 2576.63 3080.27 3582.96 4084.54 4584.86 5083.78 5581.13 6076.77 6570.54 7062.30 7551.90 8039.18 8524.00 9006.22 9485.68 49.84 557.69 1065.35 1572.67 2079.50 2585.68 3091.06 3595.48 4098.79 4600.84 5101.47 5600.54 6097.88 6593.36 7086.81 7578.10 8067.06 8553.55 9037.43 9518.54 50.19 559.78 1069.18 1578.25 2086.82 2594.74 3101.85 3608.01 4113.05 4616.82 5119.17 5619.95 6119.00 6616.18 7111.33 7604.30 8094.94 8583.10 9068.64 9551.41 50.53 561.87 1073.02 1583.83 2094.14 2603.80 3112.64 3620.53 4127.30 4632.80 5136.87 5639.36 6140.12 6639.00 7135.85 7630.50 8122.82 8612.66 9099.85 9584.27 50.88 563.96 1076.85 1589.40 2101.46 2612.85 3123.44 3633.06 4141.56 4648.78 5154.57 5658.78 6161.25 6661.83 7160.36 7656.71 8150.70 8642.21 9131.07 9617.14 51.22 566.05 1080.69 1594.98 2108.78 2621.91 3134.23 3645.59 4155.81 4664.76 5172.27 5678.19 6182.37 6684.65 7184.88 7682.91 8178.59 8671.76 9162.28 9650.00 51.57 568.14 1084.53 1600.56 2116.10 2630.97 3145.03 3658.12 4170.07 4680.74 5189.97 5697.61 6203.49 6707.47 7209.40 7709.12 8206.47 8701.32 9193.50 9682.87 51.92 570.24 1088.37 1606.15 2123.42 2640.04 3155.83 3670.65 4184.33 4696.73 5207.67 5717.02 6224.62 6730.30 7233.92 7735.32 8234.36 8730.87 9224.72 9715.74 52.27 572.33 1092.21 1611.73 2130.75 2649.10 3166.63 3683.18 4198.59 4712.71 5225.38 5736.44 6245.74 6753.13 7258.44 7761.53 8262.25 8760.43 9255.93 9748.61 52.62 574.43 1096.05 1617.31 2138.07 2658.16 3177.43 3695.71 4212.85 4728.70 5243.08 5755.86 6266.87 6775.96 7282.96 7787.74 8290.13 8789.99 9287.15 9781.48 52.97 576.53 1099.89 1622.90 2145.40 2667.23 3188.23 3708.25 4227.12 4744.68 5260.79 5775.28 6288.00 6798.79 7307.49 7813.95 8318.02 8819.55 9318.37 9814.35 53.33 578.63 1103.73 1628.48 2152.73 2676.29 3199.03 3720.78 4241.38 4760.67 5278.50 5794.70 6309.13 6821.62 7332.01 7840.16 8345.91 8849.11 9349.59 9847.22 53.68 580.73 1107.58 1634.07 2160.05 2685.36 3209.84 3733.32 4255.64 4776.66 5296.21 5814.12 6330.26 6844.45 7356.54 7866.38 8373.80 8878.67 9380.82 9880.10 54.04 582.83 1111.42 1639.66 2167.38 2694.43 3220.64 3745.85 4269.91 4792.65 5313.92 5833.55 6351.39 6867.28 7381.07 7892.59 8401.70 8908.23 9412.04 9912.97 54.40 584.93 1115.27 1645.25 2174.71 2703.50 3231.45 3758.39 4284.18 4808.64 5331.63 5852.97 6372.52 6890.11 7405.59 7918.80 8429.59 8937.79 9443.26 9945.85 54.75 587.03 1119.12 1650.84 2182.05 2712.57 3242.25 3770.93 4298.45 4824.64 5349.34 5872.40 6393.66 6912.95 7430.12 7945.02 8457.48 8967.36 9474.49 9978.72 55.11 589.14 1122.96 1656.43 2189.38 2721.64 3253.06 3783.47 4312.72 4840.63 5367.05 5891.83 6414.79 6935.79 7454.65 7971.24 8485.38 8996.92 9505.72 10011.60 55.47 591.24 1126.81 1662.03 2196.71 2730.72 3263.87 3796.02 4326.99 4856.62 5384.77 5911.25 6435.93 6958.62 7479.18 7997.46 8513.28 9026.49 9536.94 10044.48 55.84 593.35 1130.67 1667.62 2204.05 2739.79 3274.68 3808.56 4341.26 4872.62 5402.48 5930.68 6457.06 6981.46 7503.72 8023.67 8541.17 9056.06 9568.17 10077.36 56.20 595.46 1134.52 1673.22 2211.39 2748.87 3285.49 3821.10 4355.53 4888.62 5420.20 5950.11 6478.20 7004.30 7528.25 8049.89 8569.07 9085.63 9599.40 10110.24 56.56 597.57 1138.37 1678.81 2218.73 2757.95 3296.31 3833.65 4369.81 4904.62 5437.92 5969.55 6499.34 7027.14 7552.79 8076.12 8596.97 9115.20 9630.63 10143.12 56.93 599.68 1142.23 1684.41 2226.06 2767.02 3307.12 3846.20 4384.08 4920.62 5455.64 5988.98 6520.48 7049.98 7577.32 8102.34 8624.87 9144.77 9661.86 10176.00 57.30 601.79 1146.08 1690.01 2233.41 2776.10 3317.94 3858.74 4398.36 4936.62 5473.36 6008.41 6541.62 7072.83 7601.86 8128.56 8652.78 9174.34 9693.10 10208.89 57.66 603.90 1149.94 1695.61 2240.75 2785.18 3328.75 3871.29 4412.64 4952.62 5491.08 6027.85 6562.77 7095.67 7626.40 8154.79 8680.68 9203.91 9724.33 10241.77 58.03 606.02 1153.80 1701.21 2248.09 2794.26 3339.57 3883.84 4426.92 4968.62 5508.80 6047.28 6583.91 7118.51 7650.94 8181.01 8708.58 9233.49 9755.57 10274.66 58.40 608.13 1157.66 1706.82 2255.43 2803.35 3350.39 3896.39 4441.20 4984.63 5526.52 6066.72 6605.05 7141.36 7675.48 8207.24 8736.49 9263.06 9786.80 10307.55 58.78 610.25 1161.52 1712.42 2262.78 2812.43 3361.21 3908.95 4455.48 5000.63 5544.25 6086.16 6626.20 7164.21 7700.02 8233.47 8764.39 9292.64 9818.04 10340.44 59.15 612.37 1165.38 1718.02 2270.12 2821.52 3372.03 3921.50 4469.76 5016.64 5561.97 6105.60 6647.35 7187.06 7724.56 8259.70 8792.30 9322.22 9849.28 10373.32 59.52 614.49 1169.25 1723.63 2277.47 2830.60 3382.85 3934.06 4484.04 5032.65 5579.70 6125.04 6668.50 7209.91 7749.10 8285.93 8820.21 9351.79 9880.52 10406.22 59.90 616.61 1173.11 1729.24 2284.82 2839.69 3393.68 3946.61 4498.33 5048.66 5597.43 6144.48 6689.65 7232.76 7773.65 8312.16 8848.12 9381.37 9911.76 10439.11 60.27 618.73 1176.98 1734.85 2292.17 2848.78 3404.50 3959.17 4512.61 5064.67 5615.16 6163.92 6710.80 7255.61 7798.19 8338.39 8876.03 9410.95 9943.00 10472.00 60.65 620.85 1180.84 1740.46 2299.52 2857.87 3415.33 3971.73 4526.90 5080.68 5632.89 6183.37 6731.95 7278.46 7822.74 8364.62 8903.94 9440.54 9974.24 10504.89 61.03 622.97 1184.71 1746.07 2306.87 2866.96 3426.15 3984.29 4541.19 5096.69 5650.62 6202.81 6753.10 7301.31 7847.29 8390.86 8931.86 9470.12 10005.48 10537.79 61.41 625.10 1188.58 1751.68 2314.23 2876.05 3436.98 3996.85 4555.48 5112.70 5668.35 6222.26 6774.25 7324.17 7871.84 8417.09 8959.77 9499.70 10036.73 10570.68 61.79 627.22 1192.45 1757.29 2321.58 2885.15 3447.81 4009.41 4569.77 5128.72 5686.09 6241.71 6795.41 7347.03 7896.39 8443.33 8987.68 9529.29 10067.97 10603.58 62.17 629.35 1196.32 1762.91 2328.94 2894.24 3458.64 4021.97 4584.06 5144.73 5703.82 6261.16 6816.57 7369.88 7920.94 8469.57 9015.60 9558.87 10099.22 10636.48 62.55 631.48 1200.19 1768.52 2336.29 2903.34 3469.47 4034.54 4598.35 5160.75 5721.56 6280.61 6837.72 7392.74 7945.49 8495.81 9043.52 9588.46 10130.47 10669.38 62.94 633.61 1204.07 1774.14 2343.65 2912.43 3480.31 4047.10 4612.65 5176.77 5739.30 6300.06 6858.88 7415.60 7970.05 8522.05 9071.44 9618.05 10161.72 10702.28 63.32 635.74 1207.94 1779.76 2351.01 2921.53 3491.14 4059.67 4626.94 5192.79 5757.03 6319.51 6880.04 7438.46 7994.60 8548.29 9099.36 9647.64 10192.97 10735.18 63.71 637.87 1211.82 1785.38 2358.37 2930.63 3501.98 4072.24 4641.24 5208.81 5774.77 6338.96 6901.20 7461.32 8019.16 8574.53 9127.28 9677.23 10224.22 10768.08 64.10 640.00 1215.70 1791.00 2365.73 2939.73 3512.81 4084.81 4655.54 5224.83 5792.51 6358.42 6922.36 7484.19 8043.71 8600.77 9155.20 9706.82 10255.47 10800.98 64.49 642.14 1219.57 1796.62 2373.10 2948.83 3523.65 4097.37 4669.83 5240.85 5810.26 6377.87 6943.53 7507.05 8068.27 8627.02 9183.12 9736.41 10286.72 10833.89 64.88 644.27 1223.45 1802.24 2380.46 2957.93 3534.49 4109.95 4684.13 5256.88 5828.00 6397.33 6964.69 7529.92 8092.83 8653.26 9211.04 9766.00 10317.98 10866.79 65.27 646.41 1227.33 1807.86 2387.82 2967.04 3545.33 4122.52 4698.43 5272.90 5845.74 6416.79 6985.86 7552.78 8117.39 8679.51 9238.97 9795.60 10349.23 10899.70 65.66 648.55 1231.22 1813.49 2395.19 2976.14 3556.17 4135.09 4712.74 5288.93 5863.49 6436.24 7007.02 7575.65 8141.95 8705.76 9266.90 9825.20 10380.49 10932.60 66.06 650.69 1235.10 1819.12 2402.56 2985.25 3567.01 4147.67 4727.04 5304.95 5881.23 6455.70 7028.19 7598.52 8166.51 8732.01 9294.82 9854.79 10411.74 10965.51 66.45 652.83 1238.98 1824.74 2409.93 2994.36 3577.85 4160.24 4741.34 5320.98 5898.98 6475.17 7049.36 7621.39 8191.08 8758.26 9322.75 9884.39 10443.00 10998.42 66.85 654.97 1242.87 1830.37 2417.30 3003.46 3588.70 4172.82 4755.65 5337.01 5916.73 6494.63 7070.53 7644.26 8215.64 8784.51 9350.68 9913.99 10474.26 11031.33 67.24 657.11 1246.76 1836.00 2424.67 3012.57 3599.54 4185.40 4769.96 5353.04 5934.48 6514.09 7091.70 7667.13 8240.21 8810.76 9378.61 9943.59 10505.52 11064.24 67.64 659.25 1250.64 1841.63 2432.04 3021.69 3610.39 4197.98 4784.26 5369.07 5952.23 6533.56 7112.87 7690.00 8264.77 8837.01 9406.54 9973.19 10536.78 11097.15 68.04 661.40 1254.53 1847.26 2439.41 3030.80 3621.24 4210.56 4798.57 5385.11 5969.98 6553.02 7134.04 7712.88 8289.34 8863.27 9434.47 10002.79 10568.05 11130.07 68.44 663.54 1258.42 1852.90 2446.79 3039.91 3632.09 4223.14 4812.88 5401.14 5987.74 6572.49 7155.22 7735.75 8313.91 8889.52 9462.41 10032.39 10599.31 11162.98 68.85 665.69 1262.31 1858.53 2454.16 3049.02 3642.94 4235.72 4827.19 5417.18 6005.49 6591.96 7176.39 7758.63 8338.48 8915.78 9490.34 10062.00 10630.57 11195.90 69.25 667.84 1266.21 1864.17 2461.54 3058.14 3653.79 4248.30 4841.51 5433.21 6023.25 6611.42 7197.57 7781.51 8363.05 8942.04 9518.28 10091.60 10661.84 11228.81 69.65 669.99 1270.10 1869.80 2468.92 3067.26 3664.64 4260.89 4855.82 5449.25 6041.00 6630.89 7218.75 7804.38 8387.63 8968.29 9546.21 10121.21 10693.11 11261.73 70.06 672.14 1274.00 1875.44 2476.30 3076.37 3675.50 4273.48 4870.13 5465.29 6058.76 6650.37 7239.93 7827.26 8412.20 8994.55 9574.15 10150.82 10724.38 11294.65 70.46 674.29 1277.89 1881.08 2483.68 3085.49 3686.35 4286.06 4884.45 5481.33 6076.52 6669.84 7261.11 7850.14 8436.77 9020.81 9602.09 10180.43 10755.64 11327.57 70.87 676.44 1281.79 1886.72 2491.06 3094.61 3697.21 4298.65 4898.77 5497.37 6094.28 6689.31 7282.29 7873.03 8461.35 9047.08 9630.03 10210.04 10786.91 11360.49 71.28 678.60 1285.69 1892.36 2498.44 3103.73 3708.06 4311.24 4913.09 5513.41 6112.04 6708.79 7303.47 7895.91 8485.93 9073.34 9657.97 10239.65 10818.18 11393.41 71.69 680.75 1289.59 1898.01 2505.82 3112.86 3718.92 4323.83 4927.40 5529.46 6129.80 6728.26 7324.65 7918.79 8510.50 9099.60 9685.91 10269.26 10849.46 11426.34 72.10 682.91 1293.49 1903.65 2513.21 3121.98 3729.78 4336.42 4941.72 5545.50 6147.57 6747.74 7345.84 7941.68 8535.08 9125.87 9713.86 10298.87 10880.73 11459.26 72.52 685.07 1297.39 1909.29 2520.59 3131.11 3740.64 4349.02 4956.05 5561.55 6165.33 6767.22 7367.02 7964.56 8559.66 9152.13 9741.80 10328.48 10912.00 11492.18 72.93 687.23 1301.29 1914.94 2527.98 3140.23 3751.50 4361.61 4970.37 5577.59 6183.10 6786.70 7388.21 7987.45 8584.24 9178.40 9769.75 10358.10 10943.28 11525.11 73.34 689.39 1305.20 1920.59 2535.37 3149.36 3762.37 4374.21 4984.69 5593.64 6200.86 6806.18 7409.40 8010.34 8608.83 9204.67 9797.69 10387.72 10974.56 11558.04 73.76 691.55 1309.10 1926.24 2542.76 3158.49 3773.23 4386.80 4999.02 5609.69 6218.63 6825.66 7430.59 8033.23 8633.41 9230.94 9825.64 10417.33 11005.83 11590.97 74.18 693.71 1313.01 1931.89 2550.15 3167.62 3784.10 4399.40 5013.34 5625.74 6236.40 6845.14 7451.78 8056.12 8657.99 9257.21 9853.59 10446.95 11037.11 11623.90 74.60 695.87 1316.92 1937.54 2557.54 3176.75 3794.96 4412.00 5027.67 5641.79 6254.17 6864.62 7472.97 8079.01 8682.58 9283.48 9881.54 10476.57 11068.39 11656.83 75.02 698.04 1320.83 1943.19 2564.94 3185.88 3805.83 4424.60 5042.00 5657.84 6271.94 6884.11 7494.16 8101.91 8707.17 9309.76 9909.49 10506.19 11099.67 11689.76 75.44 700.20 1324.74 1948.84 2572.33 3195.01 3816.70 4437.20 5056.33 5673.90 6289.71 6903.59 7515.35 8124.80 8731.75 9336.03 9937.44 10535.81 11130.95 11722.69 75.86 702.37 1328.65 1954.50 2579.73 3204.15 3827.57 4449.80 5070.66 5689.95 6307.49 6923.08 7536.55 8147.70 8756.34 9362.30 9965.40 10565.43 11162.24 11755.62 76.28 704.54 1332.56 1960.15 2587.12 3213.28 3838.44 4462.41 5084.99 5706.01 6325.26 6942.57 7557.74 8170.59 8780.93 9388.58 9993.35 10595.06 11193.52 11788.56 76.71 706.71 1336.47 1965.81 2594.52 3222.42 3849.31 4475.01 5099.33 5722.06 6343.04 6962.06 7578.94 8193.49 8805.52 9414.86 10021.30 10624.68 11224.80 11821.49 77.13 708.88 1340.39 1971.47 2601.92 3231.56 3860.19 4487.62 5113.66 5738.12 6360.82 6981.55 7600.14 8216.39 8830.12 9441.14 10049.26 10654.31 11256.09 11854.43 77.56 711.05 1344.30 1977.12 2609.32 3240.69 3871.06 4500.22 5128.00 5754.18 6378.59 7001.04 7621.34 8239.29 8854.71 9467.42 10077.22 10683.93 11287.38 11887.37 77.99 713.23 1348.22 1982.78 2616.72 3249.83 3881.94 4512.83 5142.33 5770.24 6396.37 7020.53 7642.54 8262.19 8879.30 9493.70 10105.18 10713.56 11318.67 11920.30 78.42 715.40 1352.14 1988.45 2624.12 3258.98 3892.81 4525.44 5156.67 5786.30 6414.15 7040.03 7663.74 8285.09 8903.90 9519.98 10133.14 10743.19 11349.95 11953.24 78.85 717.57 1356.06 1994.11 2631.53 3268.12 3903.69 4538.05 5171.01 5802.37 6431.94 7059.52 7684.94 8307.99 8928.50 9546.26 10161.10 10772.82 11381.24 11986.18 79.28 719.75 1359.98 1999.77 2638.93 3277.26 3914.57 4550.66 5185.35 5818.43 6449.72 7079.02 7706.14 8330.90 8953.09 9572.54 10189.06 10802.45 11412.54 12019.13 79.71 721.93 1363.90 2005.44 2646.34 3286.41 3925.45 4563.28 5199.69 5834.50 6467.50 7098.52 7727.35 8353.80 8977.69 9598.83 10217.02 10832.08 11443.83 12052.07 80.14 724.11 1367.83 2011.10 2653.74 3295.55 3936.33 4575.89 5214.03 5850.56 6485.29 7118.01 7748.55 8376.71 9002.29 9625.11 10244.99 10861.72 11475.12 12085.01 80.58 726.29 1371.75 2016.77 2661.15 3304.70 3947.22 4588.51 5228.38 5866.63 6503.07 7137.51 7769.76 8399.62 9026.89 9651.40 10272.95 10891.35 11506.42 12117.96 81.02 728.47 1375.68 2022.44 2668.56 3313.85 3958.10 4601.12 5242.72 5882.70 6520.86 7157.01 7790.97 8422.52 9051.50 9677.69 10300.92 10920.99 11537.71 12150.90 81.45 730.65 1379.60 2028.11 2675.97 3323.00 3968.98 4613.74 5257.07 5898.77 6538.65 7176.52 7812.18 8445.43 9076.10 9703.98 10328.88 10950.62 11569.01 12183.85 81.89 732.83 1383.53 2033.78 2683.38 3332.15 3979.87 4626.36 5271.41 5914.84 6556.44 7196.02 7833.39 8468.34 9100.70 9730.27 10356.85 10980.26 11600.30 12216.80 82.33 735.02 1387.46 2039.45 2690.80 3341.30 3990.76 4638.98 5285.76 5930.91 6574.23 7215.52 7854.60 8491.26 9125.31 9756.56 10384.82 11009.90 11631.60 12249.75 82.77 737.21 1391.39 2045.12 2698.21 3350.45 4001.65 4651.60 5300.11 5946.98 6592.02 7235.03 7875.81 8514.17 9149.92 9782.85 10412.79 11039.54 11662.90 12282.70 83.21 739.39 1395.32 2050.80 2705.63 3359.61 4012.54 4664.22 5314.46 5963.06 6609.81 7254.53 7897.02 8537.08 9174.52 9809.15 10440.76 11069.18 11694.20 12315.65 83.66 741.58 1399.25 2056.47 2713.04 3368.76 4023.43 4676.84 5328.81 5979.13 6627.61 7274.04 7918.24 8560.00 9199.13 9835.44 10468.74 11098.82 11725.51 12348.60 84.10 743.77 1403.19 2062.15 2720.46 3377.92 4034.32 4689.47 5343.16 5995.21 6645.40 7293.55 7939.45 8582.92 9223.74 9861.74 10496.71 11128.46 11756.81 12381.55 84.55 745.96 1407.12 2067.83 2727.88 3387.07 4045.21 4702.09 5357.52 6011.29 6663.20 7313.06 7960.67 8605.83 9248.35 9888.03 10524.68 11158.11 11788.11 12414.51 84.99 748.15 1411.06 2073.51 2735.30 3396.23 4056.11 4714.72 5371.87 6027.37 6681.00 7332.57 7981.89 8628.75 9272.96 9914.33 10552.66 11187.75 11819.42 12447.46 85.44 750.35 1415.00 2079.19 2742.72 3405.39 4067.00 4727.35 5386.23 6043.45 6698.80 7352.08 8003.11 8651.67 9297.58 9940.63 10580.64 11217.40 11850.72 12480.42 85.89 752.54 1418.93 2084.87 2750.14 3414.55 4077.90 4739.98 5400.59 6059.53 6716.60 7371.60 8024.33 8674.59 9322.19 9966.93 10608.61 11247.04 11882.03 12513.38 86.34 754.74 1422.87 2090.55 2757.57 3423.72 4088.80 4752.61 5414.95 6075.61 6734.40 7391.11 8045.55 8697.51 9346.81 9993.23 10636.59 11276.69 11913.34 12546.34 86.79 756.93 1426.81 2096.24 2764.99 3432.88 4099.70 4765.24 5429.30 6091.69 6752.20 7410.63 8066.77 8720.44 9371.42 10019.54 10664.57 11306.34 11944.65 12579.30 87.25 759.13 1430.76 2101.92 2772.42 3442.04 4110.60 4777.87 5443.67 6107.78 6770.00 7430.14 8088.00 8743.36 9396.04 10045.84 10692.55 11335.99 11975.96 12612.26 87.70 761.33 1434.70 2107.61 2779.84 3451.21 4121.50 4790.51 5458.03 6123.86 6787.81 7449.66 8109.22 8766.29 9420.66 10072.14 10720.54 11365.64 12007.27 12645.22 88.15 763.53 1438.64 2113.29 2787.27 3460.38 4132.40 4803.14 5472.39 6139.95 6805.61 7469.18 8130.45 8789.21 9445.28 10098.45 10748.52 11395.30 12038.58 12678.18 88.61 765.73 1442.59 2118.98 2794.70 3469.54 4143.30 4815.78 5486.75 6156.04 6823.42 7488.70 8151.67 8812.14 9469.90 10124.76 10776.50 11424.95 12069.90 12711.14 89.07 767.93 1446.54 2124.67 2802.13 3478.71 4154.21 4828.41 5501.12 6172.13 6841.23 7508.22 8172.90 8835.07 9494.52 10151.06 10804.49 11454.60 12101.21 12744.11 89.53 770.14 1450.48 2130.36 2809.56 3487.88 4165.12 4841.05 5515.49 6188.22 6859.04 7527.74 8194.13 8858.00 9519.15 10177.37 10832.48 11484.26 12132.53 12777.08 89.99 772.34 1454.43 2136.05 2817.00 3497.06 4176.02 4853.69 5529.85 6204.31 6876.85 7547.27 8215.36 8880.93 9543.77 10203.68 10860.46 11513.92 12163.84 12810.04 90.45 774.55 1458.38 2141.75 2824.43 3506.23 4186.93 4866.33 5544.22 6220.40 6894.66 7566.79 8236.59 8903.86 9568.40 10229.99 10888.45 11543.57 12195.16 12843.01 90.91 776.75 1462.33 2147.44 2831.87 3515.40 4197.84 4878.97 5558.59 6236.49 6912.47 7586.32 8257.82 8926.80 9593.02 10256.31 10916.44 11573.23 12226.48 12875.98 91.37 778.96 1466.29 2153.14 2839.30 3524.58 4208.75 4891.62 5572.96 6252.59 6930.28 7605.84 8279.06 8949.73 9617.65 10282.62 10944.43 11602.89 12257.80 12908.95 91.84 781.17 1470.24 2158.83 2846.74 3533.75 4219.66 4904.26 5587.34 6268.69 6948.10 7625.37 8300.29 8972.66 9642.28 10308.93 10972.43 11632.55 12289.12 12941.92 92.30 783.38 1474.19 2164.53 2854.18 3542.93 4230.58 4916.91 5601.71 6284.78 6965.91 7644.90 8321.53 8995.60 9666.91 10335.25 11000.42 11662.22 12320.44 12974.89 92.77 785.59 1478.15 2170.23 2861.62 3552.11 4241.49 4929.55 5616.08 6300.88 6983.73 7664.43 8342.77 9018.54 9691.54 10361.57 11028.41 11691.88 12351.76 13007.87 93.24 787.81 1482.11 2175.93 2869.06 3561.29 4252.41 4942.20 5630.46 6316.98 7001.55 7683.96 8364.00 9041.48 9716.17 10387.88 11056.41 11721.54 12383.09 13040.84 93.71 790.02 1486.07 2181.63 2876.50 3570.47 4263.32 4954.85 5644.84 6333.08 7019.37 7703.49 8385.24 9064.42 9740.80 10414.20 11084.40 11751.21 12414.41 13073.81 94.18 792.24 1490.03 2187.33 2883.95 3579.65 4274.24 4967.50 5659.22 6349.18 7037.19 7723.03 8406.48 9087.36 9765.44 10440.52 11112.40 11780.88 12445.74 13106.79 94.65 794.45 1493.99 2193.04 2891.39 3588.84 4285.16 4980.15 5673.59 6365.29 7055.01 7742.56 8427.73 9110.30 9790.07 10466.84 11140.40 11810.54 12477.07 13139.77 95.12 796.67 1497.95 2198.74 2898.84 3598.02 4296.08 4992.80 5687.97 6381.39 7072.83 7762.10 8448.97 9133.24 9814.71 10493.17 11168.40 11840.21 12508.39 13172.75 95.59 798.89 1501.91 2204.45 2906.28 3607.20 4307.00 5005.45 5702.36 6397.49 7090.66 7781.63 8470.21 9156.19 9839.35 10519.49 11196.40 11869.88 12539.72 13205.73 96.07 801.11 1505.88 2210.15 2913.73 3616.39 4317.92 5018.11 5716.74 6413.60 7108.48 7801.17 8491.46 9179.13 9863.99 10545.81 11224.40 11899.55 12571.05 13238.71 96.54 803.33 1509.84 2215.86 2921.18 3625.58 4328.85 5030.76 5731.12 6429.71 7126.31 7820.71 8512.70 9202.08 9888.63 10572.14 11252.41 11929.22 12602.39 13271.69 97.02 805.55 1513.81 2221.57 2928.63 3634.77 4339.77 5043.42 5745.51 6445.82 7144.13 7840.25 8533.95 9225.03 9913.27 10598.46 11280.41 11958.90 12633.72 13304.67 97.50 807.78 1517.78 2227.28 2936.08 3643.96 4350.70 5056.08 5759.89 6461.93 7161.96 7859.79 8555.20 9247.98 9937.91 10624.79 11308.41 11988.57 12665.05 13337.65 97.98 810.00 1521.74 2232.99 2943.54 3653.15 4361.62 5068.74 5774.28 6478.04 7179.79 7879.33 8576.45 9270.93 9962.55 10651.12 11336.42 12018.24 12696.39 13370.64 98.46 812.23 1525.71 2238.71 2950.99 3662.34 4372.55 5081.40 5788.67 6494.15 7197.62 7898.88 8597.70 9293.88 9987.20 10677.45 11364.43 12047.92 12727.72 13403.62 98.94 814.45 1529.69 2244.42 2958.44 3671.54 4383.48 5094.06 5803.06 6510.26 7215.45 7918.42 8618.95 9316.83 10011.84 10703.78 11392.44 12077.60 12759.06 13436.61 99.43 816.68 1533.66 2250.14 2965.90 3680.73 4394.41 5106.72 5817.45 6526.38 7233.29 7937.97 8640.20 9339.78 10036.49 10730.11 11420.45 12107.28 12790.40 13469.60 99.91 818.91 1537.63 2255.85 2973.36 3689.93 4405.34 5119.39 5831.84 6542.49 7251.12 7957.52 8661.46 9362.74 10061.14 10756.45 11448.46 12136.96 12821.74 13502.59 100.40 821.14 1541.61 2261.57 2980.82 3699.12 4416.27 5132.05 5846.23 6558.61 7268.96 7977.06 8682.71 9385.69 10085.78 10782.78 11476.47 12166.64 12853.08 13535.58 100.88 823.37 1545.58 2267.29 2988.28 3708.32 4427.21 5144.72 5860.63 6574.73 7286.79 7996.61 8703.97 9408.65 10110.43 10809.12 11504.48 12196.32 12884.42 13568.57 101.37 825.61 1549.56 2273.01 2995.74 3717.52 4438.14 5157.38 5875.02 6590.85 7304.63 8016.16 8725.23 9431.60 10135.08 10835.45 11532.49 12226.00 12915.76 13601.56 101.86 827.84 1553.54 2278.73 3003.20 3726.72 4449.08 5170.05 5889.42 6606.97 7322.47 8035.71 8746.48 9454.56 10159.74 10861.79 11560.51 12255.68 12947.10 13634.55 102.35 830.08 1557.52 2284.45 3010.66 3735.92 4460.02 5182.72 5903.82 6623.09 7340.31 8055.27 8767.74 9477.52 10184.39 10888.13 11588.52 12285.37 12978.45 13667.55 102.84 832.31 1561.50 2290.18 3018.13 3745.13 4470.96 5195.39 5918.22 6639.21 7358.15 8074.82 8789.00 9500.48 10209.04 10914.47 11616.54 12315.05 13009.79 13700.54 103.33 834.55 1565.48 2295.90 3025.59 3754.33 4481.90 5208.06 5932.62 6655.33 7375.99 8094.38 8810.27 9523.45 10233.70 10940.81 11644.56 12344.74 13041.14 13733.54 103.83 836.79 1569.46 2301.63 3033.06 3763.54 4492.84 5220.74 5947.02 6671.46 7393.84 8113.93 8831.53 9546.41 10258.35 10967.15 11672.58 12374.43 13072.48 13766.54 104.32 839.03 1573.45 2307.35 3040.53 3772.74 4503.78 5233.41 5961.42 6687.58 7411.68 8133.49 8852.79 9569.37 10283.01 10993.49 11700.60 12404.12 13103.83 13799.54 104.82 841.27 1577.43 2313.08 3048.00 3781.95 4514.72 5246.09 5975.82 6703.71 7429.52 8153.05 8874.06 9592.34 10307.67 11019.84 11728.62 12433.81 13135.18 13832.53 105.32 843.51 1581.42 2318.81 3055.47 3791.16 4525.67 5258.76 5990.23 6719.84 7447.37 8172.61 8895.33 9615.31 10332.33 11046.18 11756.64 12463.50 13166.53 13865.53 105.82 845.76 1585.41 2324.54 3062.94 3800.37 4536.61 5271.44 6004.63 6735.97 7465.22 8192.17 8916.59 9638.27 10356.99 11072.53 11784.67 12493.19 13197.88 13898.54 106.32 848.00 1589.40 2330.27 3070.41 3809.58 4547.56 5284.12 6019.04 6752.10 7483.07 8211.73 8937.86 9661.24 10381.65 11098.88 11812.69 12522.88 13229.24 13931.54 106.82 850.25 1593.39 2336.01 3077.89 3818.79 4558.51 5296.80 6033.45 6768.23 7500.92 8231.29 8959.13 9684.21 10406.32 11125.22 11840.72 12552.58 13260.59 13964.54 107.32 852.49 1597.38 2341.74 3085.36 3828.01 4569.46 5309.48 6047.86 6784.36 7518.77 8250.86 8980.40 9707.18 10430.98 11151.57 11868.74 12582.27 13291.95 13997.55 107.82 854.74 1601.37 2347.48 3092.84 3837.22 4580.41 5322.16 6062.27 6800.50 7536.62 8270.42 9001.67 9730.16 10455.65 11177.92 11896.77 12611.97 13323.30 14030.55 108.33 856.99 1605.36 2353.21 3100.31 3846.44 4591.36 5334.85 6076.68 6816.63 7554.47 8289.99 9022.95 9753.13 10480.31 11204.27 11924.80 12641.67 13354.66 14063.56 108.83 859.24 1609.36 2358.95 3107.79 3855.65 4602.31 5347.53 6091.09 6832.77 7572.33 8309.56 9044.22 9776.10 10504.98 11230.63 11952.83 12671.37 13386.02 14096.57 109.34 861.49 1613.35 2364.69 3115.27 3864.87 4613.26 5360.22 6105.51 6848.90 7590.18 8329.12 9065.50 9799.08 10529.65 11256.98 11980.86 12701.06 13417.38 14129.58 109.85 863.75 1617.35 2370.43 3122.75 3874.09 4624.22 5372.90 6119.92 6865.04 7608.04 8348.69 9086.77 9822.05 10554.32 11283.34 12008.89 12730.77 13448.74 14162.59 110.36 866.00 1621.35 2376.17 3130.24 3883.31 4635.17 5385.59 6134.34 6881.18 7625.90 8368.26 9108.05 9845.03 10578.99 11309.69 12036.93 12760.47 13480.10 14195.60 110.87 868.26 1625.35 2381.91 3137.72 3892.53 4646.13 5398.28 6148.75 6897.32 7643.76 8387.84 9129.33 9868.01 10603.66 11336.05 12064.96 12790.17 13511.46 14228.61 111.38 870.51 1629.35 2387.66 3145.20 3901.76 4657.09 5410.97 6163.17 6913.46 7661.62 8407.41 9150.61 9890.99 10628.33 11362.41 12093.00 12819.87 13542.82 14261.62 111.89 872.77 1633.35 2393.40 3152.69 3910.98 4668.05 5423.66 6177.59 6929.61 7679.48 8426.98 9171.89 9913.97 10653.01 11388.77 12121.03 12849.58 13574.19 14294.64 112.40 875.03 1637.35 2399.15 3160.17 3920.21 4679.01 5436.36 6192.01 6945.75 7697.34 8446.56 9193.17 9936.95 10677.68 11415.13 12149.07 12879.28 13605.55 14327.65 112.92 877.29 1641.36 2404.89 3167.66 3929.43 4689.97 5449.05 6206.43 6961.90 7715.21 8466.13 9214.45 9959.94 10702.36 11441.49 12177.11 12908.99 13636.92 14360.67 113.44 879.55 1645.36 2410.64 3175.15 3938.66 4700.93 5461.74 6220.86 6978.04 7733.07 8485.71 9235.74 9982.92 10727.03 11467.85 12205.15 12938.70 13668.29 14393.68 113.95 881.81 1649.37 2416.39 3182.64 3947.89 4711.90 5474.44 6235.28 6994.19 7750.94 8505.29 9257.02 10005.91 10751.71 11494.21 12233.19 12968.41 13699.65 14426.70 114.47 884.08 1653.38 2422.14 3190.13 3957.12 4722.86 5487.14 6249.71 7010.34 7768.80 8524.87 9278.31 10028.89 10776.39 11520.58 12261.23 12998.12 13731.02 14459.72 114.99 886.34 1657.39 2427.89 3197.63 3966.35 4733.83 5499.84 6264.13 7026.49 7786.67 8544.45 9299.60 10051.88 10801.07 11546.95 12289.27 13027.83 13762.39 14492.74 115.51 888.61 1661.40 2433.65 3205.12 3975.58 4744.80 5512.54 6278.56 7042.64 7804.54 8564.03 9320.89 10074.87 10825.75 11573.31 12317.32 13057.54 13793.77 14525.76 116.03 890.87 1665.41 2439.40 3212.61 3984.82 4755.77 5525.24 6292.99 7058.79 7822.41 8583.62 9342.18 10097.86 10850.44 11599.68 12345.36 13087.26 13825.14 14558.78 116.56 893.14 1669.42 2445.16 3220.11 3994.05 4766.74 5537.94 6307.42 7074.95 7840.28 8603.20 9363.47 10120.85 10875.12 11626.05 12373.41 13116.97 13856.51 14591.81 117.08 895.41 1673.44 2450.91 3227.61 4003.29 4777.71 5550.64 6321.85 7091.10 7858.16 8622.79 9384.76 10143.84 10899.81 11652.42 12401.46 13146.69 13887.89 14624.83 117.61 897.68 1677.45 2456.67 3235.11 4012.52 4788.68 5563.35 6336.28 7107.26 7876.03 8642.37 9406.05 10166.84 10924.49 11678.79 12429.50 13176.40 13919.26 14657.86
=== END RADAR_SCAN ===

=== BEGIN RADAR_SCAN ===
scan.index=2
scan.time=184.330000
radar.id=2
radar.frequency=X
radar.scanning_mode=RHI
radar.x=-50000.000
radar.y=50000.000
radar.z=25.000
radar.maximum_range=50000.000
radar.range_resolution=100.000
radar.angular_resolution=1.000000
box.radar_id=2
box.min_range_gate=193.000
box.max_range_gate=447.000
box.min_angle=0.000000
box.max_angle=20.000000
box.num_ranges=255
box.num_angles=20
box.range_resolution=100.000
box.angular_resolution=1.000000
box.other_angle=-51.419271
grid.size=5100
grid.data=0.00 0.00 0.00 0.00 0.00 0.00 0.00 0.00 0.00 0.00 0.00 0.00 0.00 0.00 0.00 0.00 0.00 0.00 0.00 0.00 0.00 0.00 0.00 0.00 0.00 0.00 0.00 0.00 0.00 0.00 0.00 0.00 0.00 0.00 0.00 0.00 0.00 0.00 0.00 0.00 24.62 23.73 27.64 0.00 0.00 0.00 0.00 0.00 0.00 0.00 0.00 0.00 0.00 0.00 0.00 0.00 0.00 0.00 0.00 0.00 24.99 25.81 28.18 28.19 28.77 30.65 30.95 0.00 0.00 0.00 0.00 0.00 0.00 0.00 0.00 0.00 0.00 0.00 0.00 0.00 31.54 27.11 30.94 31.54 30.12 33.15 32.75 33.15 36.68 0.00 0.00 0.00 0.00 0.00 0.00 0.00 0.00 0.00 0.00 0.00 34.85 25.10 28.13 27.37 26.41 26.27 31.65 31.38 35.00 38.21 43.92 0.00 0.00 0.00 0.00 0.00 0.00 0.00 0.00 0.00 24.19 29.64 27.68 27.43 32.03 30.03 36.19 29.31 31.65 28.55 43.62 41.50 0.00 0.00 0.00 0.00 0.00 0.00 0.00 0.00 27.31 26.21 30.04 28.45 29.58 33.97 29.56 30.55 34.80 32.92 40.51 40.28 34.90 33.27 0.00 0.00 0.00 0.00 0.00 0.00 23.12 30.29 28.51 26.16 30.67 30.77 30.94 28.55 34.53 33.12 43.88 42.35 32.36 33.35 32.08 0.00 0.00 0.00 0.00 0.00 24.38 24.50 25.35 28.00 26.66 28.87 37.76 29.56 34.75 33.73 45.27 35.85 42.35 35.33 31.59 26.23 0.00 0.00 0.00 0.00 26.98 26.56 28.82 29.07 30.27 29.65 34.18 29.93 36.24 40.48 41.43 42.32 35.63 35.42 27.87 28.28 20.09 0.00 0.00 0.00 27.31 27.92 26.39 27.58 32.74 31.28 32.01 31.69 32.62 33.55 41.21 40.24 35.76 36.48 28.80 27.30 23.99 17.44 0.00 0.00 25.69 23.60 25.45 29.37 29.91 31.82 32.58 31.26 38.54 33.79 44.72 42.96 36.31 37.79 33.02 23.05 23.04 17.99 15.56 0.00 30.36 22.56 28.97 28.56 25.79 34.18 32.56 37.83 36.85 37.18 44.72 38.65 35.04 34.22 27.49 23.37 22.02 17.88 11.78 0.00 26.88 30.46 28.50 26.10 34.99 29.76 30.78 35.64 34.84 33.23 43.93 40.49 32.51 32.94 28.44 22.32 22.60 15.79 17.04 8.82 29.68 26.93 26.74 25.79 30.60 37.25 31.02 33.27 29.27 32.63 46.75 41.02 40.54 30.90 25.95 22.79 20.61 18.85 13.15 9.53 28.43 28.57 26.64 31.41 29.69 33.68 33.21 32.36 37.71 34.42 42.90 37.82 34.61 29.26 28.14 27.52 20.31 16.84 10.67 10.20 28.85 29.77 28.82 27.49 31.63 30.59 28.05 37.03 29.77 37.00 35.36 37.81 36.69 33.30 24.99 24.27 18.74 16.30 11.15 7.32 28.01 24.26 29.79 25.47 34.47 33.39 37.93 33.63 28.04 33.48 38.34 34.86 35.77 28.16 28.89 18.72 15.16 11.58 14.49 9.31 23.22 23.97 26.22 22.23 30.26 33.56 38.09 34.43 32.48 36.94 47.20 36.37 37.81 32.94 24.98 25.42 17.34 12.32 11.42 9.23 29.25 28.39 24.82 27.27 29.56 31.69 36.54 36.62 34.71 41.83 38.47 47.24 30.40 32.43 27.52 24.06 20.51 14.61 10.92 5.43 28.58 28.36 28.03 29.47 31.00 32.49 35.52 33.53 33.64 35.20 41.83 43.21 34.45 29.03 30.00 22.33 20.74 14.86 9.55 1.69 26.65 29.85 26.38 33.08 31.07 33.09 28.37 32.71 31.98 37.96 42.93 37.51 31.18 25.98 26.02 22.23 16.96 16.52 11.79 0.50 28.15 22.41 28.48 25.90 26.78 28.11 32.45 31.85 31.24 33.60 45.86 37.85 38.02 36.15 27.75 24.20 21.43 10.10 10.80 -1.10 26.67 22.47 26.12 32.47 30.01 33.76 27.44 37.67 33.93 42.41 42.68 36.74 36.04 28.04 25.80 24.67 17.19 12.30 9.14 0.04 32.88 31.07 32.58 31.17 31.58 33.92 36.86 35.15 30.14 43.99 39.04 35.06 34.39 29.88 24.90 24.43 17.30 15.30 9.02 -0.02 23.24 29.33 29.53 24.44 26.94 29.96 33.74 33.12 37.11 46.51 39.65 37.81 38.42 30.93 23.60 21.27 16.02 11.45 9.28 -2.41 24.32 19.88 28.86 31.14 29.12 28.74 33.92 34.62 30.66 47.99 44.24 37.72 32.48 37.25 24.09 16.95 13.75 13.84 7.84 0.54 28.12 24.18 31.21 23.56 28.76 33.02 35.56 33.73 31.02 47.18 41.77 39.34 33.82 29.24 24.35 19.29 18.54 12.57 7.91 -0.19 33.61 25.45 25.14 29.12 29.74 36.46 31.05 39.62 34.37 46.44 45.54 38.07 28.74 29.74 20.59 19.27 17.08 12.83 8.06 2.03 27.74 27.17 28.37 32.60 34.62 32.24 39.57 35.55 34.07 44.50 34.37 34.60 34.63 27.39 26.52 22.39 15.67 11.95 7.22 1.85 25.81 23.43 29.78 27.45 32.16 27.15 32.27 36.76 37.21 47.40 40.23 35.56 32.32 26.35 28.59 17.33 12.87 11.62 5.84 -0.24 31.01 26.57 27.38 31.46 31.13 32.56 30.70 35.34 38.19 44.66 40.60 35.65 33.70 26.68 22.82 19.86 14.60 11.72 8.41 -0.78 28.80 27.79 26.79 27.02 33.18 34.10 31.13 37.55 33.71 44.36 39.48 39.32 36.07 31.30 24.53 16.55 16.37 11.91 -1.81 -2.54 23.74 27.62 28.50 30.10 32.56 31.99 33.04 37.46 34.61 48.81 34.96 34.51 31.96 28.39 18.77 19.13 15.70 13.87 2.75 0.10 22.61 27.88 27.61 28.66 31.41 32.89 33.42 28.52 33.33 45.81 39.07 40.11 26.82 24.89 27.33 17.83 14.02 8.50 0.05 -0.36 34.02 23.87 29.58 28.77 25.98 30.61 36.27 31.62 31.52 43.14 38.70 34.00 31.19 27.21 20.82 18.83 17.98 12.31 -1.14 0.05 25.59 24.26 23.57 28.24 27.12 32.29 35.17 34.70 35.45 43.79 39.80 33.23 31.07 27.42 25.19 17.83 13.11 12.42 -1.61 1.24 23.62 29.57 24.73 32.76 33.59 33.40 26.01 31.75 35.97 44.63 43.04 37.41 30.12 28.05 24.32 16.12 10.89 9.91 -0.85 1.25 27.61 26.77 27.54 29.32 28.58 30.05 32.44 34.16 38.68 35.25 42.51 35.09 26.92 27.29 18.08 18.00 14.91 7.90 -2.85 1.06 27.13 24.90 27.28 31.95 30.66 32.56 30.76 32.44 35.05 40.15 36.45 37.92 30.77 25.81 20.62 15.16 12.09 8.60 1.56 0.28 22.14 24.90 26.94 27.30 31.90 32.41 32.56 35.60 41.22 45.23 35.56 31.17 31.49 25.28 21.49 15.58 14.60 8.26 1.71 0.27 27.79 22.76 22.07 27.89 31.60 34.70 33.96 33.18 35.31 43.17 37.07 33.83 27.21 27.43 19.88 16.56 12.14 7.90 0.50 -0.95 26.07 29.17 31.28 28.66 30.31 28.45 34.01 31.95 37.05 41.53 38.04 30.22 35.52 27.29 20.14 20.23 8.68 7.69 2.99 -0.98 25.35 26.78 30.45 29.58 30.44 33.12 27.72 35.18 31.64 41.87 32.68 36.50 28.01 25.76 18.08 13.03 11.57 8.41 -0.61 2.00 30.51 26.03 27.96 28.36 33.68 32.19 31.88 36.68 38.92 38.98 39.22 33.30 29.33 23.96 20.77 17.27 10.10 -0.95 -0.17 -1.83 24.12 27.64 28.07 24.49 31.49 30.33 28.60 37.58 39.64 41.92 40.21 32.58 30.32 23.06 21.43 14.20 12.65 3.59 0.70 -3.13 24.97 31.63 28.07 32.40 26.79 28.51 35.63 34.92 39.06 35.04 35.19 29.18 29.86 25.47 18.79 11.92 10.02 -1.42 0.71 0.23 26.69 28.64 30.72 28.41 25.61 28.09 31.65 31.63 38.50 39.56 37.94 30.99 30.56 22.78 17.53 15.60 8.39 -1.80 2.35 2.92 28.02 29.18 25.93 28.55 29.62 31.54 27.95 40.17 46.03 38.15 35.32 36.92 27.80 19.81 17.53 15.10 9.88 -1.08 -1.65 2.04 26.20 26.31 30.58 26.69 31.43 29.77 39.36 32.16 38.66 42.62 33.25 30.41 24.35 21.20 22.08 13.51 7.02 -0.17 0.92 -0.20 27.06 24.38 28.59 30.61 30.36 32.13 32.99 32.84 39.54 39.60 36.96 32.07 26.79 23.96 20.14 13.54 11.70 0.81 2.80 0.76 25.72 29.86 29.04 31.07 29.87 35.39 30.21 33.28 45.04 36.11 35.93 39.00 28.88 22.96 21.36 14.08 10.36 1.29 0.42 2.84 25.78 26.97 27.30 27.53 30.34 31.43 39.01 33.84 40.55 42.64 32.49 28.29 22.90 20.77 20.35 11.49 8.62 -2.24 -0.85 -2.49 28.21 25.83 27.54 26.33 32.28 32.20 32.66 32.96 47.13 37.75 35.93 30.92 24.12 22.45 16.72 12.69 10.63 0.95 -1.77 -3.17 27.36 25.44 30.42 27.29 33.80 30.63 37.24 36.72 45.32 42.36 36.15 31.54 22.77 25.01 14.27 11.88 6.70 0.01 2.99 -0.48 32.18 24.96 28.38 30.71 32.30 34.84 30.18 32.93 44.79 40.54 34.84 23.68 26.50 18.96 16.38 14.15 7.16 1.33 -1.72 0.10 27.56 26.08 25.52 27.00 29.22 30.54 33.97 34.28 45.93 39.23 35.51 29.74 27.30 18.27 17.54 12.14 9.56 -1.48 -0.86 -1.36 29.30 22.74 29.84 35.63 23.91 34.47 32.69 38.29 41.42 41.65 36.93 32.45 26.27 23.88 17.32 12.25 7.00 -0.94 -2.17 2.39 28.88 21.64 26.29 28.17 31.93 32.54 33.98 35.89 40.36 40.26 32.57 28.94 26.98 21.01 16.22 12.51 4.50 -1.98 0.95 0.59 26.68 26.56 30.83 28.31 30.73 33.94 31.46 34.83 40.10 34.60 35.24 31.14 21.02 17.43 15.89 11.94 1.77 1.46 0.34 1.20 26.94 32.39 27.59 34.30 29.39 31.25 38.49 39.83 38.72 32.58 33.86 31.00 28.33 23.52 15.46 13.75 -1.68 0.26 0.49 0.88 28.61 24.69 27.89 29.77 30.64 39.18 33.03 33.33 43.93 35.86 33.32 29.77 25.40 23.10 18.16 9.68 -1.45 -2.46 -0.24 -3.10 29.05 27.31 26.82 27.22 30.28 32.19 34.78 35.82 39.77 42.69 32.39 32.43 21.56 17.63 14.56 8.82 0.59 0.85 -1.83 1.37 22.14 30.00 29.31 31.09 27.61 31.09 35.65 30.66 39.05 40.95 32.72 28.09 25.30 19.48 15.03 11.25 -0.51 -2.28 2.07 -0.40 29.17 28.43 26.80 28.92 31.75 31.35 34.14 39.59 36.05 38.60 31.27 34.02 24.32 18.48 14.89 10.61 1.09 3.53 2.02 -0.87 22.97 30.11 27.73 27.75 26.36 30.58 31.01 29.34 40.84 39.56 29.01 27.30 23.61 19.98 16.27 10.72 -1.20 0.10 3.83 -0.39 26.40 30.10 30.36 28.34 25.41 32.54 34.44 34.27 41.11 40.52 32.68 32.08 19.60 20.37 12.89 11.10 1.61 -3.44 -2.42 1.66 28.24 27.24 28.06 32.11 32.23 28.46 32.74 35.23 43.36 37.97 31.72 29.77 27.06 19.90 15.26 8.71 -2.20 -1.94 -0.39 -1.91 29.34 28.41 29.84 29.67 31.83 31.59 31.81 30.41 47.58 36.88 31.94 22.19 24.08 16.62 14.84 6.04 -0.66 -2.99 1.84 1.19 26.55 28.00 27.91 33.75 32.77 30.54 34.67 37.55 38.36 39.98 28.97 27.24 25.13 18.57 12.60 7.20 0.63 -1.70 -0.62 0.48 28.32 29.40 31.82 30.19 35.15 30.12 36.11 32.95 41.12 37.42 33.58 28.58 20.62 15.03 9.82 7.69 -0.73 0.73 1.25 -0.86 31.83 26.15 28.30 32.20 28.57 28.66 29.29 34.19 46.28 41.37 29.91 30.47 23.54 16.89 14.54 6.60 -0.83 -0.46 0.16 -3.18 33.29 33.81 31.69 31.01 30.27 29.29 37.26 34.98 42.53 38.54 29.71 26.69 25.65 19.38 15.10 7.23 0.24 -0.31 1.07 1.02 37.94 33.80 37.55 44.00 40.01 44.35 38.26 38.49 39.85 36.01 30.01 26.97 23.96 18.58 12.70 8.07 0.04 0.69 -2.22 1.27 41.70 38.96 38.93 39.04 40.59 47.07 43.54 53.01 42.50 42.00 29.80 28.16 20.44 17.32 14.85 6.88 0.19 -1.12 0.38 1.45 37.33 41.58 37.77 36.26 37.65 41.62 43.53 43.39 45.47 36.54 27.07 29.54 21.25 16.81 10.18 -0.50 0.66 -0.63 0.14 -0.33 40.86 35.86 39.94 38.11 37.04 40.42 44.77 48.46 37.19 41.61 31.18 26.35 21.21 15.18 11.91 -0.17 -1.44 -0.43 1.77 -2.74 39.74 35.97 34.71 43.03 35.79 39.53 47.45 43.62 43.33 38.17 28.45 29.03 18.53 18.27 8.85 -2.49 -0.74 0.11 0.15 1.18 35.10 39.98 37.86 34.65 45.90 43.11 45.70 46.35 47.18 37.71 31.92 28.17 23.55 18.08 9.37 0.22 1.05 -0.96 0.78 -0.67 34.21 40.14 39.32 36.88 48.30 38.03 50.99 45.02 43.66 37.25 31.21 21.88 29.34 23.80 9.32 -2.37 0.80 1.10 -1.39 0.81 39.32 37.68 32.11 39.19 49.98 38.99 45.39 42.44 39.48 32.81 27.31 29.35 26.17 20.04 8.61 -0.21 -1.06 -0.40 -0.04 -0.71 34.98 37.63 36.86 36.92 40.37 41.07 42.99 42.44 44.06 39.70 34.25 25.47 22.84 22.27 19.48 0.81 3.36 0.06 -1.75 -1.18 31.41 35.21 38.21 37.40 45.28 46.50 48.92 45.42 40.02 37.92 34.00 29.89 23.63 24.44 21.44 17.75 -2.61 -0.47 0.90 -1.84 38.35 46.41 41.41 38.44 35.14 39.37 35.56 40.32 46.85 39.10 36.43 25.59 27.31 20.79 15.50 17.84 11.89 1.56 -1.23 -0.49 36.22 42.55 40.85 35.50 41.05 41.37 42.99 49.34 46.32 39.22 34.58 29.34 25.42 19.57 20.28 16.53 13.85 -1.21 1.30 3.09 40.59 36.30 36.52 39.89 35.58 44.13 46.09 41.43 45.68 38.61 29.31 29.65 25.24 20.43 19.52 18.67 12.96 12.22 -0.56 -0.92 35.69 34.26 36.06 45.76 33.84 42.84 42.00 40.89 45.15 34.62 31.56 23.30 23.95 22.51 21.59 13.90 12.89 10.36 0.11 1.53 36.05 33.68 41.70 42.46 42.03 43.60 41.30 47.61 46.99 36.81 30.01 27.62 22.81 17.41 18.12 15.52 11.91 8.23 0.75 -1.55 40.16 36.64 36.41 38.27 43.70 41.56 41.31 44.54 42.86 38.90 25.15 30.84 23.85 20.37 19.84 16.28 10.46 6.26 -2.49 -1.93 38.35 38.97 40.10 37.75 41.88 42.97 40.07 43.36 38.94 33.56 30.17 23.59 24.60 22.88 15.55 16.53 15.30 9.89 3.94 0.41 37.25 32.83 39.92 36.53 33.32 42.86 48.07 45.60 42.07 41.32 30.17 26.91 24.83 19.95 20.04 14.43 7.66 7.00 1.59 -2.15 38.14 37.32 31.87 41.44 42.41 45.17 39.12 41.68 39.98 38.20 26.77 28.72 21.71 20.35 14.80 13.21 12.24 7.99 0.23 0.79 37.42 35.31 37.26 44.66 41.46 39.78 41.40 47.17 44.23 35.50 30.89 28.16 19.49 23.25 16.55 15.50 11.43 6.71 -1.74 0.46 34.75 35.40 36.74 40.75 37.37 46.70 44.37 51.68 40.99 38.38 28.09 25.52 24.71 17.67 17.70 16.89 8.72 6.00 -0.41 -1.49 34.12 33.20 40.39 40.95 43.27 35.91 41.88 40.03 36.23 35.87 30.35 26.20 23.57 19.72 20.26 16.24 10.82 5.38 1.56 -2.00 37.54 35.31 33.32 41.11 31.59 41.87 47.25 48.22 44.26 36.42 26.48 24.48 25.62 18.44 19.97 14.71 12.20 10.64 -1.26 -0.90 34.07 39.15 36.41 42.32 38.51 43.73 40.45 41.80 41.58 36.16 33.86 28.59 25.19 19.76 16.20 11.99 7.86 0.61 1.83 0.36 37.04 32.45 37.93 39.28 36.01 33.20 45.34 44.28 47.89 32.83 32.08 27.49 23.13 16.23 14.76 9.90 10.60 -1.54 -0.54 0.47 38.91 32.93 34.71 34.40 43.04 40.35 48.17 39.76 44.39 34.40 32.31 28.36 21.18 19.10 19.05 12.56 9.65 -3.05 -0.15 2.72 38.07 37.52 30.10 33.43 45.37 43.22 39.97 39.09 38.93 38.90 26.72 27.97 21.73 20.96 15.15 15.03 7.09 -2.96 -1.02 -1.98 35.22 39.67 34.28 33.80 42.76 42.66 33.57 43.10 39.65 34.55 28.09 23.33 20.44 22.52 16.13 14.23 12.03 0.68 2.77 -0.10 38.84 33.56 36.38 40.81 39.84 44.60 37.62 43.03 37.93 33.04 28.28 29.60 23.16 18.86 19.17 9.35 8.88 -0.92 -0.75 2.73 35.25 35.57 39.81 35.79 38.85 46.16 38.43 41.40 37.67 36.00 25.81 26.81 22.77 19.24 15.44 13.94 8.16 0.48 -1.55 1.94 38.36 32.38 40.10 44.08 51.35 39.81 42.17 41.48 42.82 33.76 25.67 24.81 22.85 19.58 17.41 11.55 5.21 2.03 -1.04 0.19 42.20 34.00 35.25 38.92 31.00 41.52 37.02 42.38 42.48 31.97 26.56 24.61 23.34 21.07 16.32 11.40 9.26 -0.25 2.82 -0.71 34.08 32.50 32.88 38.97 40.72 43.42 42.64 41.64 40.35 31.22 27.45 22.57 23.16 18.11 14.98 10.30 9.54 -0.55 0.92 -0.38 34.82 34.68 41.14 40.04 40.34 42.80 40.62 39.97 40.75 26.52 29.18 25.57 22.94 19.71 17.46 10.45 6.21 2.58 -1.52 1.20 38.86 37.10 37.89 37.87 41.20 33.70 39.52 44.60 41.84 35.05 30.22 25.23 28.23 18.36 11.06 14.60 8.60 -0.61 0.63 -0.20 34.26 38.93 36.34 39.48 42.72 40.72 35.92 41.08 39.95 32.67 30.94 29.03 23.23 16.80 11.81 14.30 9.98 -0.21 -1.32 1.94 40.15 37.08 38.33 39.02 39.61 42.58 44.11 39.47 44.60 31.56 30.13 26.53 22.46 18.32 14.86 11.50 6.75 -0.56 -0.92 0.41 38.26 40.11 36.65 46.69 37.37 36.64 43.60 43.33 38.12 35.39 25.76 27.01 22.83 16.35 16.47 6.63 6.34 -2.02 0.92 -0.98 35.91 33.30 35.40 40.90 34.72 40.14 37.26 42.03 34.65 33.76 29.12 22.35 22.47 19.29 16.36 12.16 8.71 0.28 -1.21 -1.19 31.33 35.41 31.91 39.13 38.33 35.42 50.45 40.91 35.40 31.51 24.96 22.38 24.27 14.82 12.49 8.60 6.58 0.77 1.01 1.70 33.13 39.22 39.42 40.25 37.29 44.99 39.76 42.44 36.24 32.81 24.50 27.07 21.33 17.00 9.73 14.44 0.03 1.61 2.65 -0.83 36.88 36.80 35.69 32.68 43.13 40.89 37.60 43.62 38.77 32.35 32.30 25.70 18.59 19.06 12.05 9.11 -0.75 -0.55 1.20 -0.42 34.13 39.31 35.67 40.06 40.68 43.45 33.34 35.38 30.01 28.09 27.08 20.21 21.62 16.07 13.68 8.89 1.35 -1.87 3.89 -1.65 37.49 32.87 34.97 38.14 40.17 41.93 40.21 38.53 37.89 38.60 29.39 21.85 18.90 15.41 11.23 8.87 -1.40 3.21 -1.44 -1.89 35.09 38.80 33.47 37.96 32.44 35.42 40.92 39.76 37.99 37.31 30.02 26.95 20.03 16.04 15.47 10.94 -0.34 1.93 -0.24 1.91 36.29 38.30 34.49 40.30 34.19 40.84 43.99 40.47 31.72 31.28 25.64 23.90 21.50 13.74 15.34 12.06 -1.08 2.75 -0.50 0.35 39.31 36.72 33.64 40.12 36.92 41.84 40.23 40.93 36.91 33.92 28.08 24.92 21.81 14.60 11.57 7.33 0.63 -0.32 0.98 3.49 34.30 36.93 37.85 40.18 42.01 45.35 37.98 33.86 36.37 28.35 26.58 26.57 21.32 18.23 12.87 10.47 -0.49 -0.75 0.53 -0.06 34.66 32.89 44.57 39.71 40.43 43.54 34.54 39.98 37.81 31.10 28.24 24.52 17.34 14.13 11.30 9.54 -1.44 1.54 -0.60 0.65 36.67 34.35 34.08 38.62 41.78 44.81 37.76 41.07 42.50 30.17 25.89 19.22 20.87 13.61 11.95 10.48 2.63 -0.39 0.36 -0.70 33.23 37.35 41.66 39.97 40.55 40.05 39.24 36.38 42.16 28.78 24.80 22.68 19.59 16.67 15.41 11.42 -3.17 -1.57 0.59 0.21 34.80 37.54 38.22 42.12 36.60 40.05 35.56 35.43 34.52 30.28 25.59 23.27 18.30 17.80 12.61 8.52 1.37 0.01 3.09 0.76 42.74 36.41 40.03 38.99 42.32 34.19 39.78 36.47 37.12 31.10 26.71 23.84 22.88 17.26 9.23 6.86 0.78 0.17 -0.12 0.22 37.67 35.29 42.01 41.50 37.77 38.36 41.06 37.79 38.63 29.74 29.48 19.16 20.13 15.22 9.88 9.26 -0.27 1.63 -0.59 4.91 36.10 34.75 39.68 38.13 41.73 42.97 38.02 37.36 35.62 28.77 28.30 22.01 20.05 14.56 11.65 6.61 0.18 -0.56 -2.53 1.63 34.99 32.65 33.45 44.63 44.73 30.01 39.05 38.62 36.52 27.47 29.47 21.66 18.35 14.18 12.18 8.52 1.36 -2.94 -0.87 2.89 38.16 35.53 32.22 43.25 31.94 37.83 37.70 43.81 34.34 31.69 27.64 18.71 19.16 14.95 11.88 7.75 -2.68 -0.79 -0.45 1.45 34.75 30.94 33.08 38.83 36.60 35.69 40.51 37.15 36.80 27.02 23.62 23.19 17.37 15.27 8.71 7.50 -0.00 -1.71 2.21 -0.09 39.92 36.22 35.01 39.39 39.69 37.24 39.96 41.24 37.08 32.54 24.90 22.84 19.90 13.31 9.32 9.92 2.01 2.17 0.93 1.38 36.18 40.15 43.86 33.93 39.12 42.54 42.20 41.16 34.51 28.65 25.51 18.46 19.22 13.00 9.61 5.61 -3.15 -0.24 0.47 -2.08 33.54 39.50 34.99 34.13 35.72 38.89 38.35 43.60 33.86 24.14 26.48 21.01 15.39 13.91 10.57 0.70 0.70 -2.54 0.62 2.18 33.75 32.60 34.99 37.76 38.51 39.35 33.65 43.21 33.06 27.72 28.27 22.32 19.93 15.87 10.75 0.85 0.60 -1.03 -1.55 -1.04 40.88 37.40 36.50 39.23 37.06 40.34 42.62 35.53 33.68 24.90 25.16 24.39 16.30 16.26 6.29 -2.30 -0.99 1.38 -1.36 1.12 40.54 35.67 36.99 38.29 40.71 40.67 44.55 34.72 34.36 31.17 26.01 23.11 19.48 16.65 8.83 2.45 -0.15 0.59 -1.67 -0.56 33.85 41.35 38.05 32.32 35.49 38.11 41.61 35.65 33.40 27.93 26.09 25.42 16.54 15.10 10.22 1.15 -0.30 0.43 -0.28 0.83 34.32 31.01 36.44 37.20 39.82 36.14 38.89 38.28 33.48 28.84 21.56 21.99 16.66 11.31 13.39 -1.24 0.25 -1.05 3.51 0.03 29.91 38.08 39.10 44.01 31.48 37.00 40.51 41.39 31.47 29.53 26.37 19.31 19.59 11.29 9.46 -0.82 2.11 -1.53 -0.40 -2.29 33.89 37.20 35.33 32.43 35.29 39.99 38.53 38.85 34.75 27.96 24.28 22.93 17.65 14.53 13.23 -0.12 -0.25 1.47 1.80 -0.26 37.45 37.36 33.13 38.55 40.43 41.95 40.34 34.71 34.78 27.31 22.08 24.82 17.17 11.31 10.87 -1.50 0.16 -0.11 0.22 1.30 34.19 36.01 42.85 38.43 39.95 42.23 38.73 33.52 25.66 24.56 24.64 21.97 14.06 9.98 5.30 -3.01 -2.21 -0.84 1.04 1.69 35.86 36.07 37.78 33.94 40.73 41.44 44.11 35.75 30.80 24.73 24.45 20.67 20.18 11.67 5.13 1.41 -0.55 3.11 0.78 -0.59 34.50 34.06 40.23 39.04 33.76 40.03 40.76 33.86 30.14 24.74 20.62 18.13 16.80 13.55 10.36 1.35 -0.85 -0.14 -1.44 1.12 32.41 36.80 33.97 40.48 38.85 40.08 44.47 32.14 31.88 29.49 18.54 19.03 15.93 12.85 9.36 1.51 0.61 2.00 -0.45 3.09 34.41 38.27 37.59 39.23 37.80 37.49 37.08 41.11 31.84 27.78 24.68 16.80 17.84 13.95 8.36 -0.50 0.70 0.25 -2.98 -0.68 32.77 35.98 34.31 38.01 36.68 35.07 41.21 36.38 30.11 31.81 23.56 19.54 17.24 13.68 8.93 1.17 -1.37 -0.90 0.77 0.28 38.34 31.46 38.87 42.09 36.47 36.46 46.37 34.39 29.72 24.95 23.91 18.02 21.54 12.82 8.45 0.14 1.02 -1.58 -1.88 -2.95 30.16 36.07 35.45 35.17 40.35 38.35 39.35 34.16 35.19 27.58 24.90 16.93 17.69 12.55 8.71 0.79 -3.37 1.36 -1.04 -1.39 30.49 36.50 36.37 36.74 37.20 39.14 41.63 33.95 28.92 24.59 26.55 20.60 17.06 12.45 9.76 2.21 -0.97 -0.01 2.15 1.58 33.78 32.44 32.07 39.99 35.72 37.84 34.19 35.56 29.37 28.42 20.44 21.48 17.63 12.37 8.76 1.07 1.58 0.08 -0.32 1.26 35.86 35.84 35.44 33.44 39.75 42.40 41.92 33.50 35.98 27.78 23.91 16.62 14.62 10.97 4.93 -1.82 -0.38 1.12 -2.80 -0.65 38.01 37.26 41.34 32.34 37.64 38.09 42.08 34.31 31.40 25.79 24.32 20.44 14.21 11.24 10.25 -3.01 1.17 0.96 0.61 0.59 34.81 36.76 37.22 39.36 39.06 37.85 40.51 34.73 28.21 26.58 23.60 20.00 14.23 10.95 6.29 1.00 1.32 4.28 0.76 -1.82 38.42 37.09 40.99 35.74 35.52 36.88 36.75 27.66 29.63 27.24 23.31 17.33 16.10 11.38 2.16 -1.06 1.14 3.06 2.06 1.47 37.03 34.23 37.79 34.84 44.73 38.98 34.43 35.65 29.40 29.07 21.70 18.89 14.90 10.08 -0.30 1.17 0.22 -0.52 2.35 -1.41 34.40 40.35 37.64 38.12 39.44 42.58 39.52 33.50 28.50 27.08 26.59 17.05 14.07 10.38 0.11 0.92 -0.65 -0.08 -0.85 1.18 35.59 40.75 40.40 41.94 38.12 39.72 42.36 29.05 30.81 28.51 22.65 20.57 14.61 7.55 -0.27 1.25 -0.56 0.87 -2.03 -0.16 34.98 35.43 35.30 38.84 40.87 39.25 35.96 35.41 30.60 25.04 20.35 18.92 15.93 10.28 -1.38 -0.46 2.58 0.12 2.02 -1.09 40.89 33.69 36.20 37.93 42.39 37.66 38.19 35.23 27.37 27.95 23.14 19.18 12.22 11.08 -2.44 1.33 0.37 2.54 -0.36 0.53 36.28 34.09 37.64 34.12 36.34 38.64 38.94 31.63 28.60 27.69 21.44 15.22 14.67 8.35 -0.89 1.28 -0.25 0.28 0.84 -0.61 33.72 34.10 40.39 39.64 36.77 33.84 37.68 28.56 30.45 25.57 22.78 17.11 14.33 9.29 -0.15 -0.47 1.52 -0.66 3.94 -0.17 35.20 38.73 33.97 36.45 38.33 38.50 35.29 33.29 30.89 26.89 18.75 20.16 13.42 9.55 1.37 2.02 0.49 0.41 -0.79 0.03 35.93 36.32 35.86 37.32 36.79 40.31 41.22 32.02 27.27 31.33 22.56 16.12 14.26 9.42 1.39 -1.35 2.07 -0.13 0.22 0.82 36.45 31.06 34.96 35.07 37.87 40.76 40.39 32.87 28.00 28.73 23.87 18.16 15.92 8.61 0.48 -2.56 0.04 -3.88 -0.37 -0.91 34.79 37.63 37.46 28.68 38.69 37.51 30.50 31.23 32.51 24.26 22.14 18.09 9.93 8.98 0.89 -0.41 1.50 2.69 -0.82 -1.03 33.54 33.94 33.51 39.81 37.23 36.49 37.78 28.88 32.27 26.04 21.51 16.84 15.26 8.31 1.05 0.71 2.04 -2.09 -0.43 0.22 34.94 27.52 34.84 37.31 31.97 38.57 38.80 29.23 26.20 31.85 20.23 18.04 14.05 7.22 -1.52 0.55 2.32 -0.12 -2.62 -0.36 37.49 38.50 37.29 33.78 38.90 35.21 35.35 29.44 30.63 26.76 25.25 15.24 12.10 8.24 -0.90 -0.94 1.59 -2.89 0.23 -1.14 31.89 32.72 40.05 37.63 37.82 40.76 32.99 33.10 29.82 24.68 24.10 16.79 15.70 8.39 0.30 0.50 -0.31 -1.22 1.04 -1.18 34.42 35.51 33.92 33.86 35.80 36.37 29.21 31.08 32.66 24.64 20.51 18.43 11.63 12.41 -1.47 2.33 0.79 -2.27 -4.82 -0.20 23.77 28.14 23.61 25.98 36.35 34.74 38.03 30.62 25.22 23.07 20.70 14.44 12.38 8.54 1.41 0.60 2.38 0.37 0.44 -0.55 24.81 27.16 23.15 23.25 24.60 24.98 36.96 31.93 27.93 23.65 16.30 20.33 14.32 7.35 -0.95 1.17 1.06 0.28 -0.08 0.87 23.92 24.01 25.56 29.65 29.27 27.32 29.43 27.33 32.08 28.09 22.01 17.71 12.27 9.68 -1.42 3.23 -2.69 -0.63 1.26 -0.26 24.03 22.05 30.38 24.92 28.33 27.81 29.89 25.71 22.86 22.22 19.19 18.50 12.14 9.09 -0.64 0.16 1.59 1.13 -0.73 0.81 20.68 27.78 23.74 29.00 29.86 25.00 34.54 29.19 25.86 17.79 19.93 16.50 14.43 7.31 0.50 0.42 2.45 0.87 0.80 0.16 23.14 22.43 27.75 25.04 18.64 31.93 27.82 33.02 22.18 19.34 16.32 17.64 12.74 6.23 -0.84 0.47 2.03 -0.29 1.00 1.07 23.52 24.19 25.85 28.45 27.03 27.86 24.06 33.07 23.86 19.48 12.85 17.14 11.57 7.05 -0.73 0.80 -1.86 -2.19 0.54 -1.99 27.70 24.69 31.48 24.48 24.69 31.95 33.47 27.72 22.94 20.80 12.01 -1.50 12.03 6.39 -1.84 1.09 1.19 -2.71 0.50 0.65 0.00 0.00 30.76 27.07 24.90 32.87 27.17 32.79 23.70 22.35 12.73 0.10 1.08 9.98 -0.13 0.07 -1.38 -1.15 2.98 -1.06 0.00 0.00 0.00 0.00 0.00 33.06 31.16 28.37 21.60 17.47 9.98 -3.96 0.86 0.60 -1.50 -1.32 -3.19 -1.53 -0.33 1.98 0.00 0.00 0.00 0.00 0.00 0.00 0.00 27.02 28.91 20.44 13.19 2.34 -1.76 -0.65 2.60 1.37 0.01 -0.39 -2.44 0.83 0.00 0.00 0.00 0.00 0.00 0.00 0.00 0.00 22.51 15.42 9.52 -1.22 -0.54 2.30 0.15 1.84 2.70 -1.02 0.39 -0.73 0.00 0.00 0.00 0.00 0.00 0.00 0.00 0.00 0.00 17.15 9.16 -1.00 0.22 -1.06 -0.26 -0.54 -0.02 -1.48 2.36 -0.04 0.00 0.00 0.00 0.00 0.00 0.00 0.00 0.00 0.00 0.00 9.47 -0.18 0.09 -3.45 2.35 -0.66 -2.16 -1.22 0.85 -4.06 0.00 0.00 0.00 0.00 0.00 0.00 0.00 0.00 0.00 0.00 0.00 0.37 -0.80 1.79 -0.07 2.36 -0.51 1.94 -0.30 -2.36 0.00 0.00 0.00 0.00 0.00 0.00 0.00 0.00 0.00 0.00 0.00 -0.13 -0.44 -1.58 0.37 -0.61 0.92 1.37 1.20 -0.25 0.00 0.00 0.00 0.00 0.00 0.00 0.00 0.00 0.00 0.00 0.00 0.00 -1.28 -0.48 0.19 -2.18 -1.01 -0.70 -0.62 -1.39 0.00 0.00 0.00 0.00 0.00 0.00 0.00 0.00 0.00 0.00 0.00 0.00 0.00 -1.46 -1.18 -0.81 0.93 2.58 0.37 -0.63 0.00 0.00 0.00 0.00 0.00 0.00 0.00 0.00 0.00 0.00 0.00 0.00 0.00 0.00 -2.50 -0.88 0.59 1.11 0.33 -1.37 0.00 0.00 0.00 0.00 0.00 0.00 0.00 0.00 0.00 0.00 0.00 0.00 0.00 0.00 -0.96 1.07 1.43 -0.87 0.41 2.79 0.00 0.00 0.00 0.00 0.00 0.00 0.00 0.00 0.00 0.00 0.00 0.00 0.00 0.00 0.00 -2.84 0.25 2.36 -0.39 0.54 0.00 0.00 0.00 0.00 0.00 0.00 0.00 0.00 0.00 0.00 0.00 0.00 0.00 0.00 0.00 -2.75 0.99 1.65 1.45 -0.81 0.00 0.00 0.00 0.00 0.00 0.00 0.00 0.00 0.00 0.00 0.00 0.00 0.00 0.00 0.00 0.00 1.32 -1.02 -0.53 -1.36 0.00 0.00 0.00 0.00 0.00 0.00 0.00 0.00 0.00 0.00 0.00 0.00 0.00 0.00 0.00 0.00 -0.35 -1.01 -0.97 -0.87 0.00 0.00 0.00 0.00 0.00 0.00 0.00 0.00 0.00 0.00 0.00 0.00 0.00 0.00 0.00 0.00 0.00 -1.14 -1.06 0.82 0.00 0.00 0.00 0.00 0.00 0.00 0.00 0.00 0.00 0.00 0.00 0.00 0.00 0.00 0.00 0.00 0.00 -0.46 2.03 1.06 0.00 0.00 0.00 0.00 0.00 0.00 0.00 0.00 0.00 0.00 0.00 0.00 0.00 0.00 0.00 0.00 0.00 0.00 -2.62 -2.01 0.00 0.00 0.00 0.00 0.00 0.00 0.00 0.00 0.00 0.00 0.00 0.00 0.00 0.00 0.00 0.00 0.00 0.00 1.05 -2.10 0.00 0.00 0.00 0.00 0.00 0.00 0.00 0.00 0.00 0.00 0.00 0.00 0.00 0.00 0.00 0.00 0.00 0.00 0.00 0.22 0.00 0.00 0.00 0.00 0.00 0.00 0.00 0.00 0.00 0.00 0.00 0.00 0.00 0.00 0.00 0.00 0.00 0.00 0.00 -1.12 0.00 0.00 0.00 0.00 0.00 0.00 0.00 0.00 0.00 0.00 0.00 0.00 0.00 0.00 0.00 0.00 0.00 0.00 0.00 0.00 0.00 0.00 0.00 0.00 0.00 0.00 0.00 0.00 0.00 0.00 0.00 0.00 0.00 0.00 0.00 0.00 0.00 0.00 0.00 0.00 0.00 0.00 0.00 0.00 0.00 0.00 0.00 0.00 0.00 0.00 0.00 0.00 0.00 0.00 0.00 0.00 0.00 0.00 0.00 0.00 0.00 0.00 0.00 0.00 0.00 0.00 0.00 0.00 0.00 0.00 0.00 0.00 0.00 0.00 0.00 0.00 0.00 0.00 0.00 0.00 0.00 0.00 0.00 0.00 0.00 0.00 0.00 0.00 0.00 0.00 0.00 0.00 0.00 0.00 0.00 0.00 0.00 0.00 0.00 0.00 0.00 0.00 0.00 0.00 0.00 0.00 0.00 0.00 0.00 0.00 0.00 0.00 0.00 0.00 0.00 0.00 0.00 0.00 0.00 0.00 0.00 0.00 0.00 0.00 0.00 0.00 0.00 0.00 0.00 0.00 0.00 0.00 0.00 0.00 0.00 0.00 0.00 0.00 0.00 0.00 0.00 0.00 0.00 0.00 0.00 0.00 0.00 0.00 0.00 0.00 0.00 0.00 0.00 0.00 0.00 0.00 0.00 0.00 0.00 0.00 0.00 0.00 0.00 0.00 0.00 0.00 0.00 0.00 0.00 0.00 0.00 0.00 0.00 0.00 0.00 0.00 0.00 0.00 0.00 0.00 0.00 0.00 0.00 0.00 0.00 0.00 0.00 0.00 0.00 0.00 0.00 0.00 0.00 0.00 0.00 0.00 0.00 0.00 0.00 0.00 0.00 0.00 0.00 0.00 0.00 0.00 0.00 0.00 0.00 0.00 0.00 0.00 0.00 0.00 0.00 0.00 0.00 0.00 0.00 0.00 0.00 0.00 0.00 0.00 0.00 0.00 0.00 0.00 0.00 0.00 0.00 0.00 0.00 0.00 0.00 0.00 0.00 0.00 0.00 0.00 0.00 0.00 0.00 0.00 0.00 0.00 0.00 0.00 0.00 0.00 0.00 0.00 0.00 0.00 0.00 0.00 0.00 0.00 0.00 0.00 0.00 0.00 0.00 0.00 0.00 0.00 0.00 0.00 0.00 0.00 0.00 0.00 0.00 0.00 0.00 0.00 0.00 0.00 0.00 0.00 0.00 0.00 0.00 0.00 0.00 0.00 0.00 0.00 0.00 0.00 0.00 0.00 0.00 0.00 0.00 0.00 0.00 0.00 0.00 0.00 0.00 0.00 0.00 0.00 0.00 0.00 0.00 0.00 0.00 0.00 0.00 0.00 0.00 0.00 0.00 0.00 0.00 0.00 0.00 0.00 0.00 0.00 0.00 0.00 0.00 0.00 0.00 0.00 0.00 0.00 0.00 0.00 0.00 0.00 0.00 0.00 0.00 0.00 0.00 0.00 0.00 0.00 0.00 0.00 0.00 0.00 0.00 0.00 0.00 0.00 0.00 0.00 0.00 0.00 0.00 0.00 0.00 0.00 0.00 0.00 0.00 0.00 0.00 0.00 0.00 0.00 0.00 0.00 0.00 0.00 0.00 0.00 0.00 0.00 0.00 0.00 0.00 0.00 0.00 0.00 0.00 0.00 0.00 0.00 0.00 0.00 0.00 0.00 0.00 0.00 0.00 0.00 0.00 0.00 0.00 0.00 0.00 0.00 0.00 0.00 0.00 0.00 0.00 0.00 0.00 0.00 0.00 0.00 0.00 0.00 0.00 0.00 0.00 0.00 0.00 0.00 0.00 0.00 0.00 0.00 0.00 0.00 0.00 0.00 0.00 0.00 0.00 0.00 0.00 0.00 0.00 0.00 0.00 0.00 0.00 0.00 0.00 0.00 0.00 0.00 0.00 0.00 0.00 0.00 0.00 0.00 0.00 0.00 0.00 0.00 0.00 0.00 0.00 0.00 0.00 0.00 0.00 0.00 0.00 0.00 0.00 0.00 0.00 0.00 0.00 0.00 0.00 0.00 0.00 0.00 0.00 0.00 0.00 0.00 0.00 0.00 0.00 0.00 0.00 0.00 0.00 0.00 0.00 0.00 0.00 0.00 0.00 0.00 0.00 0.00 0.00 0.00 0.00 0.00 0.00 0.00 0.00 0.00 0.00 0.00 0.00 0.00 0.00 0.00 0.00 0.00 0.00 0.00 0.00 0.00 0.00 0.00 0.00 0.00 0.00 0.00 0.00 0.00 0.00 0.00 0.00 0.00 0.00 0.00 0.00 0.00 0.00 0.00 0.00 0.00 0.00 0.00 0.00 0.00 0.00 0.00 0.00 0.00 0.00 0.00 0.00 0.00 0.00 0.00 0.00 0.00 0.00 0.00 0.00 0.00 0.00 0.00 0.00 0.00 0.00 0.00 0.00 0.00 0.00 0.00 0.00 0.00 0.00 0.00 0.00 0.00 0.00 0.00 0.00 0.00 0.00 0.00 0.00 0.00 0.00 0.00 0.00 0.00 0.00 0.00 0.00 0.00 0.00 0.00 0.00 0.00 0.00 0.00 0.00 0.00 0.00 0.00 0.00 0.00 0.00 0.00 0.00 0.00 0.00 0.00 0.00 0.00 0.00 0.00 0.00 0.00 0.00 0.00 0.00 0.00 0.00 0.00 0.00 0.00 0.00 0.00 0.00 0.00 0.00 0.00 0.00 0.00 0.00 0.00 0.00 0.00 0.00 0.00 0.00 0.00 0.00 0.00 0.00 0.00 0.00 0.00 0.00 0.00 0.00 0.00 0.00 0.00 0.00 0.00 0.00 0.00 0.00 0.00 0.00 0.00 0.00 0.00 0.00 0.00 0.00 0.00 0.00 0.00 0.00 0.00 0.00 0.00 0.00 0.00 0.00 0.00 0.00 0.00 0.00 0.00 0.00 0.00 0.00 0.00 0.00 0.00 0.00 0.00 0.00 0.00 0.00 0.00 0.00 0.00 0.00 0.00 0.00 0.00 0.00 0.00 0.00 0.00 0.00 0.00 0.00 0.00 0.00 0.00 0.00 0.00 0.00 0.00 0.00 0.00 0.00 0.00 0.00 0.00 0.00 0.00 0.00 0.00 0.00 0.00 0.00 0.00 0.00 0.00 0.00 0.00 0.00 0.00 0.00 0.00 0.00 0.00 0.00 0.00 0.00 0.00 0.00 0.00 0.00 0.00 0.00 0.00 0.00 0.00 0.00 0.00 0.00 0.00 0.00 0.00 0.00 0.00 0.00 0.00 0.00 0.00 0.00 0.00 0.00 0.00 0.00 0.00 0.00 0.00 0.00 0.00 0.00 0.00 0.00 0.00 0.00 0.00 0.00 0.00 0.00 0.00 0.00 0.00 0.00 0.00 0.00 0.00 0.00 0.00 0.00 0.00 0.00 0.00 0.00 0.00 0.00 0.00 0.00 0.00 0.00 0.00 0.00 0.00 0.00 0.00 0.00 0.00 0.00 0.00 0.00 0.00 0.00 0.00 0.00 0.00 0.00 0.00 0.00 0.00 0.00 0.00 0.00 0.00 0.00 0.00 0.00 0.00 0.00 0.00 0.00 0.00 0.00 0.00 0.00 0.00 0.00 0.00 0.00 0.00 0.00 0.00 0.00 0.00 0.00 0.00 0.00 0.00 0.00 0.00 0.00 0.00 0.00 0.00 0.00 0.00 0.00 0.00 0.00 0.00 0.00 0.00 0.00 0.00 0.00 0.00 0.00 0.00 0.00 0.00 0.00 0.00 0.00 0.00 0.00 0.00 0.00 0.00 0.00 0.00 0.00 0.00 0.00 0.00 0.00 0.00 0.00 0.00 0.00 0.00 0.00 0.00 0.00 0.00 0.00 0.00 0.00 0.00 0.00 0.00 0.00 0.00 0.00 0.00 0.00 0.00 0.00 0.00 0.00 0.00 0.00 0.00 0.00 0.00 0.00 0.00 0.00 0.00 0.00 0.00 0.00 0.00 0.00 0.00 0.00 0.00 0.00 0.00 0.00 0.00 0.00 0.00 0.00 0.00 0.00 0.00 0.00 0.00 0.00 0.00 0.00 0.00 0.00 0.00 0.00 0.00 0.00 0.00 0.00 0.00 0.00 0.00 0.00 0.00 0.00 0.00 0.00 0.00 0.00 0.00 0.00 0.00 0.00 0.00 0.00 0.00 0.00 0.00 0.00 0.00 0.00 0.00 0.00 0.00 0.00 0.00 0.00 0.00 0.00 0.00 0.00 0.00 0.00 0.00 0.00 0.00 0.00 0.00 0.00 0.00 0.00 0.00 0.00 0.00 0.00 0.00 0.00 0.00 0.00 0.00 0.00 0.00 0.00 0.00 0.00 0.00 0.00 0.00 0.00 0.00 0.00 0.00 0.00 0.00 0.00 0.00 0.00 0.00 0.00 0.00 0.00 0.00 0.00 0.00 0.00 0.00 0.00 0.00 0.00 0.00 0.00 0.00 0.00 0.00 0.00 0.00 0.00 0.00 0.00 0.00 0.00 0.00 0.00 0.00 0.00 0.00 0.00 0.00 0.00 0.00 0.00 0.00
rain_type.data=0 0 0 0 0 0 0 0 0 0 0 0 0 0 0 0 0 0 0 0 0 0 0 0 0 0 0 0 0 0 0 0 0 0 0 0 0 0 0 0 1 1 1 0 0 0 0 0 0 0 0 0 0 0 0 0 0 0 0 0 1 1 1 1 1 1 1 0 0 0 0 0 0 0 0 0 0 0 0 0 1 1 1 1 1 1 1 1 1 0 0 0 0 0 0 0 0 0 0 0 1 1 1 1 1 1 1 1 1 1 1 0 0 0 0 0 0 0 0 0 1 1 1 1 1 1 1 1 1 1 1 1 0 0 0 0 0 0 0 0 1 1 1 1 1 1 1 1 1 1 1 1 1 1 0 0 0 0 0 0 1 1 1 1 1 1 1 1 1 1 1 1 1 1 1 0 0 0 0 0 1 1 1 1 1 1 1 1 1 1 1 1 1 1 1 1 0 0 0 0 1 1 1 1 1 1 1 1 1 1 1 1 1 1 1 1 1 0 0 0 1 1 1 1 1 1 1 1 1 1 1 1 1 1 1 1 1 1 0 0 1 1 1 1 1 1 1 1 1 1 1 1 1 1 1 1 1 1 1 0 1 1 1 1 1 1 1 1 1 1 1 1 1 1 1 1 1 1 1 0 1 1 1 1 1 1 1 1 1 1 1 1 1 1 1 1 1 1 1 1 1 1 1 1 1 1 1 1 1 1 1 1 1 1 1 1 1 1 1 1 1 1 1 1 1 1 1 1 1 1 1 1 1 1 1 1 1 1 1 1 1 1 1 1 1 1 1 1 1 1 1 1 1 1 1 1 1 1 1 1 1 1 1 1 1 1 1 1 1 1 1 1 1 1 1 1 1 1 1 1 1 1 1 1 1 1 1 1 1 1 1 1 1 1 1 1 1 1 1 1 1 1 1 1 1 1 1 1 1 1 1 1 1 1 1 1 1 1 1 1 1 1 1 1 1 1 1 1 1 1 1 1 1 1 1 1 1 1 1 1 1 1 1 1 1 1 1 1 1 1 1 1 1 1 1 1 1 1 1 1 1 1 1 1 1 1 1 1 1 1 1 1 1 1 1 1 1 1 1 1 1 1 1 1 1 1 1 1 1 1 1 1 1 1 1 1 1 1 1 1 1 1 1 1 1 1 1 1 1 1 1 1 1 1 1 1 1 1 1 1 1 1 1 1 1 1 1 1 1 1 1 1 1 1 1 1 1 1 1 1 1 1 1 1 1 1 1 1 1 1 1 1 1 1 1 1 1 1 1 1 1 1 1 1 1 1 1 1 1 1 1 1 1 1 1 1 1 1 1 1 1 1 1 1 1 1 1 1 1 1 1 1 1 1 1 1 1 1 1 1 1 1 1 1 1 1 1 1 1 1 1 1 1 1 1 1 1 1 1 1 1 1 1 1 1 1 1 1 1 1 1 1 1 1 1 1 1 1 1 1 1 1 1 1 1 1 1 1 1 1 1 1 1 1 1 1 1 1 1 1 1 1 1 1 1 1 1 1 1 1 1 1 1 1 1 1 1 1 1 1 1 1 1 1 1 1 1 1 1 1 1 1 1 1 1 1 1 1 1 1 1 1 1 1 1 1 1 1 1 1 1 1 1 1 1 1 1 1 1 1 1 1 1 1 1 1 1 1 1 1 1 1 1 1 1 1 1 1 1 1 1 1 1 1 1 1 1 1 1 1 1 1 1 1 1 1 1 1 1 1 1 1 1 1 1 1 1 1 1 1 1 1 1 1 1 1 1 1 1 1 1 1 1 1 1 1 1 1 1 1 1 1 1 1 1 1 1 1 1 1 1 1 1 1 1 1 1 1 1 1 1 1 1 1 1 1 1 1 1 1 1 1 1 1 1 1 1 1 1 1 1 1 1 1 1 1 1 1 1 1 1 1 1 1 1 1 1 1 1 1 1 1 1 1 1 1 1 1 1 1 1 1 1 1 1 1 1 1 1 1 1 1 1 1 1 1 1 1 1 1 1 1 1 1 1 1 1 1 1 1 1 1 1 1 1 1 1 1 1 1 1 1 1 1 1 1 1 1 1 1 1 1 1 1 1 1 1 1 1 1 1 1 1 1 1 1 1 1 1 1 1 1 1 1 1 1 1 1 1 1 1 1 1 1 1 1 1 1 1 1 1 1 1 1 1 1 1 1 1 1 1 1 1 1 1 1 1 1 1 1 1 1 1 1 1 1 1 1 1 1 1 1 1 1 1 1 1 1 1 1 1 1 1 1 1 1 1 1 1 1 1 1 1 1 1 1 1 1 1 1 1 1 1 1 1 1 1 1 1 1 1 1 1 1 1 1 1 1 1 1 1 1 1 1 1 1 1 1 1 1 1 1 1 1 1 1 1 1 1 1 1 1 1 1 1 1 1 1 1 1 1 1 1 1 1 1 1 1 1 1 1 1 1 1 1 1 1 1 1 1 1 1 1 1 1 1 1 1 1 1 1 1 1 1 1 1 1 1 1 1 1 1 1 1 1 1 1 1 1 1 1 1 1 1 1 1 1 1 1 1 1 1 1 1 1 1 1 1 1 1 1 1 1 1 1 1 1 1 1 1 1 1 1 1 1 1 1 1 1 1 1 1 1 1 1 1 1 1 1 1 1 1 1 1 1 1 1 1 1 1 1 1 1 1 1 1 1 1 1 1 1 1 1 1 1 1 1 1 1 1 1 1 1 1 1 1 1 1 1 1 1 1 1 1 1 1 1 1 1 1 1 1 1 1 1 1 1 1 1 1 1 1 1 1 1 1 1 1 1 1 1 1 1 1 1 1 1 1 1 1 1 1 1 1 1 1 1 1 1 1 1 1 1 1 1 1 1 1 1 1 1 1 1 1 1 1 1 1 1 1 1 1 1 1 1 1 1 1 1 1 1 1 1 1 1 1 1 1 1 1 1 1 1 1 1 1 1 1 1 1 1 1 1 1 1 1 1 1 1 1 1 1 1 1 1 1 1 1 1 1 1 1 1 1 1 1 1 1 1 1 1 1 1 1 1 1 1 1 1 1 1 1 1 1 1 1 1 1 1 1 1 1 1 1 1 1 1 1 1 1 1 1 1 1 1 1 1 1 1 1 1 1 1 1 1 1 1 1 1 1 1 1 1 1 1 1 1 1 1 1 1 1 1 1 1 1 1 1 1 1 1 1 1 1 1 1 1 1 1 1 1 1 1 1 1 1 1 1 1 1 1 1 1 1 1 1 1 1 1 1 1 1 1 1 1 1 1 1 1 1 1 1 1 1 1 1 1 1 1 1 1 1 1 1 1 1 1 1 1 1 2 2 2 1 1 1 1 1 1 1 1 1 1 1 1 1 1 1 1 1 2 2 2 2 2 2 1 1 1 1 1 1 1 1 1 1 1 1 1 1 2 2 2 2 2 2 2 2 1 1 1 1 1 1 1 1 1 1 1 1 2 2 2 2 2 2 2 2 2 1 1 1 1 1 1 1 1 1 1 1 2 2 2 2 2 2 2 2 2 2 2 1 1 1 1 1 1 1 1 1 2 2 2 2 2 2 2 2 2 2 2 2 1 1 1 1 1 1 1 1 2 2 2 2 2 2 2 2 2 2 2 2 2 1 1 1 1 1 1 1 2 2 2 2 2 2 2 2 2 2 2 2 2 2 1 1 1 1 1 1 2 2 2 2 2 2 2 2 2 2 2 2 2 2 1 1 1 1 1 1 2 2 2 2 2 2 2 2 2 2 2 2 2 2 2 1 1 1 1 1 2 2 2 2 2 2 2 2 2 2 2 2 2 2 2 2 1 1 1 1 2 2 2 2 2 2 2 2 2 2 2 2 2 2 2 2 2 1 1 1 2 2 2 2 2 2 2 2 2 2 2 2 2 2 2 2 2 1 1 1 2 2 2 2 2 2 2 2 2 2 2 2 2 2 2 2 2 2 1 1 2 2 2 2 2 2 2 2 2 2 2 2 2 2 2 2 2 2 2 1 2 2 2 2 2 2 2 2 2 2 2 2 2 2 2 2 2 2 2 1 2 2 2 2 2 2 2 2 2 2 2 2 2 2 2 2 2 2 2 2 2 2 2 2 2 2 2 2 2 2 2 2 2 2 2 2 2 2 2 2 2 2 2 2 2 2 2 2 2 2 2 2 2 2 2 2 2 2 2 2 2 2 2 2 2 2 2 2 2 2 2 2 2 2 2 2 2 2 2 2 2 2 2 2 2 2 2 2 2 2 2 2 2 2 2 2 2 2 2 2 2 2 2 2 2 2 2 2 2 2 2 2 2 2 2 2 2 2 2 2 2 2 2 2 2 2 2 2 2 2 2 2 2 2 2 2 2 2 2 2 2 2 2 2 2 2 2 2 2 2 2 2 2 2 2 2 2 2 2 2 2 2 2 2 2 2 2 2 2 2 2 2 2 2 2 2 2 2 2 2 2 2 2 2 2 2 2 2 2 2 2 2 2 2 2 2 2 2 2 2 2 2 2 2 2 2 2 2 2 2 2 2 2 2 2 2 2 2 2 2 2 2 2 2 2 2 2 2 2 2 2 2 2 2 2 2 2 2 2 2 2 2 2 2 2 2 2 2 2 2 2 2 2 2 2 2 2 2 2 2 2 2 2 2 2 2 2 2 2 2 2 2 2 2 2 2 2 2 2 2 2 2 2 2 2 2 2 2 2 2 2 2 2 2 2 2 2 2 2 2 2 2 2 2 2 2 2 2 2 2 2 2 2 2 2 2 2 2 2 2 2 2 2 2 2 2 2 2 2 2 2 2 2 2 2 2 2 2 2 2 2 2 2 2 2 2 2 2 2 2 2 2 2 2 2 2 2 2 2 2 2 2 2 2 2 2 2 2 2 2 2 2 2 2 2 2 2 2 2 2 2 2 2 2 2 2 2 2 2 2 2 2 2 2 2 2 2 2 2 2 2 2 2 2 2 2 2 2 2 2 2 2 2 2 2 2 2 2 2 2 2 2 2 2 2 2 2 2 2 2 2 2 2 2 2 2 2 2 2 2 2 2 2 2 2 2 2 2 2 2 2 2 2 2 2 2 2 2 2 2 2 2 2 2 2 2 2 2 2 2 2 2 2 2 2 2 2 2 2 2 2 2 2 2 2 2 2 2 2 2 2 2 2 2 2 2 2 2 2 2 2 2 2 2 2 2 2 2 2 2 2 2 2 2 2 2 2 2 2 2 2 2 2 2 2 2 2 2 2 2 2 2 2 2 2 2 2 2 2 2 2 2 2 2 2 2 2 2 2 2 2 2 2 2 2 2 2 2 2 2 2 2 2 2 2 2 2 2 2 2 2 2 2 2 2 2 2 2 2 2 2 2 2 2 2 2 2 2 2 2 2 2 2 2 2 2 2 2 2 2 2 2 2 2 2 2 2 2 2 2 2 2 2 2 2 2 2 2 2 2 2 2 2 2 2 2 2 2 2 2 2 2 2 2 2 2 2 2 2 2 2 2 2 2 2 2 2 2 2 2 2 2 2 2 2 2 2 2 2 2 2 2 2 2 2 2 2 2 2 2 2 2 2 2 2 2 2 2 2 2 2 2 2 2 2 2 2 2 2 2 2 2 2 2 2 2 2 2 2 2 2 2 2 2 2 2 2 2 2 2 2 2 2 2 2 2 2 2 2 2 2 2 2 2 2 2 2 2 2 2 2 2 2 2 2 2 2 2 2 2 2 2 2 2 2 2 2 2 2 2 2 2 2 2 2 2 2 2 2 2 2 2 2 2 2 2 2 2 2 2 2 2 2 2 2 2 2 2 2 2 2 2 2 2 2 2 2 2 2 2 2 2 2 2 2 2 2 2 2 2 2 2 2 2 2 2 2 2 2 2 2 2 2 2 2 2 2 2 2 2 2 2 2 2 2 2 2 2 2 2 2 2 2 2 2 2 2 2 2 2 2 2 2 2 2 2 2 2 2 2 2 2 2 2 2 2 2 2 2 2 2 2 2 2 2 2 2 2 2 2 2 2 2 2 2 2 2 2 2 2 2 2 2 2 2 2 2 2 2 2 2 2 2 2 2 2 2 2 2 2 2 2 2 2 2 2 2 2 2 2 2 2 2 2 2 2 2 2 2 2 2 2 2 2 2 2 2 2 2 2 2 2 2 2 2 2 2 2 2 2 2 2 2 2 2 2 2 2 2 2 2 2 2 2 2 2 2 2 2 2 2 2 2 2 2 2 2 2 2 2 2 2 2 2 2 2 2 2 2 2 2 2 2 2 2 2 2 2 2 2 2 2 2 2 2 2 2 2 2 2 2 2 2 2 2 2 2 2 2 2 2 2 2 2 2 2 2 2 2 2 2 2 2 2 2 2 2 2 2 2 2 2 2 2 2 2 2 2 2 2 2 2 2 2 2 2 2 2 2 2 2 2 2 2 2 2 2 2 2 2 2 2 2 2 2 2 2 2 2 2 2 2 2 2 2 2 2 2 2 2 2 2 2 2 2 2 2 2 2 2 2 2 2 2 2 2 2 2 2 2 2 2 2 2 2 2 2 2 2 2 2 2 2 2 2 2 2 2 2 2 2 2 2 2 2 2 2 2 2 2 2 2 2 2 2 2 2 2 2 2 2 2 2 2 2 2 2 2 2 2 2 2 2 2 2 2 2 2 2 2 2 2 2 2 2 2 2 2 2 2 2 2 2 2 2 2 2 2 2 2 2 2 2 2 2 2 2 2 2 2 2 2 2 2 2 2 2 2 2 2 2 2 2 2 2 2 2 2 2 2 2 2 2 2 2 2 2 2 2 2 2 2 2 2 2 2 2 2 2 2 2 2 2 2 2 2 2 2 2 2 2 2 2 2 2 2 2 2 2 2 2 2 2 2 2 2 2 2 2 2 2 2 2 2 2 2 2 2 2 2 2 2 2 2 2 2 2 2 2 2 2 2 2 2 2 2 2 2 2 2 2 2 2 2 2 2 2 2 2 2 2 2 2 2 2 2 2 2 2 2 2 2 2 2 2 2 2 2 2 2 2 2 2 2 2 2 2 2 2 2 2 2 2 2 2 2 2 2 2 2 2 2 2 2 2 2 2 2 2 2 2 2 2 2 2 2 2 2 2 2 2 2 2 2 2 2 2 2 2 2 2 2 2 2 2 2 2 2 2 2 2 2 2 2 2 2 2 2 2 2 2 2 2 2 2 2 2 2 2 2 2 2 2 2 2 2 2 2 2 2 2 2 2 2 2 2 2 2 2 2 2 2 2 2 2 2 2 2 2 2 2 2 2 2 2 2 2 2 2 2 2 2 2 2 2 2 2 2 2 2 2 2 2 2 2 2 2 2 2 2 2 2 2 2 2 2 2 2 2 2 2 2 2 2 2 2 2 2 2 2 2 2 2 2 2 2 2 2 2 2 2 2 2 2 2 2 2 2 2 2 2 2 2 2 2 2 2 2 2 2 2 2 2 2 2 2 2 2 2 2 2 2 2 2 2 2 2 2 2 2 2 2 2 2 2 2 2 2 2 2 2 2 2 2 2 2 2 2 2 2 2 2 2 2 2 2 2 2 2 2 2 2 2 2 2 2 2 2 2 2 2 2 2 2 2 2 2 2 2 2 2 2 2 2 2 2 2 2 2 2 2 2 2 2 2 2 2 2 2 2 2 2 2 2 2 2 2 2 2 2 2 2 2 2 2 2 2 2 2 2 2 2 2 2 2 2 2 2 2 2 2 2 2 2 2 2 2 2 2 2 2 2 2 2 2 2 2 2 2 2 2 2 2 2 2 2 2 2 2 2 2 2 2 2 2 2 2 2 2 2 2 2 2 2 2 2 2 2 2 2 1 1 1 1 2 2 2 2 2 2 2 2 2 2 2 2 2 2 2 2 1 1 1 1 1 1 2 2 2 2 2 2 2 2 2 2 2 2 2 2 1 1 1 1 1 1 1 2 2 2 2 2 2 2 2 2 2 2 2 2 1 1 1 1 1 1 1 1 1 2 2 2 2 2 2 2 2 2 2 2 1 1 1 1 1 1 1 1 1 1 2 2 2 2 2 2 2 2 2 2 1 1 1 1 1 1 1 1 1 1 2 2 2 2 2 2 2 2 2 2 1 1 1 1 1 1 1 1 1 1 1 2 2 2 2 2 2 2 2 2 1 1 1 1 1 1 1 1 1 1 1 1 2 2 2 2 2 2 2 2 0 0 1 1 1 1 1 1 1 1 1 1 1 2 2 2 2 2 2 2 0 0 0 0 0 1 1 1 1 1 1 1 1 2 2 2 2 2 2 2 0 0 0 0 0 0 0 1 1 1 1 1 1 1 2 2 2 2 2 2 0 0 0 0 0 0 0 0 1 1 1 1 1 1 1 2 2 2 2 2 0 0 0 0 0 0 0 0 0 1 1 1 1 1 1 2 2 2 2 2 0 0 0 0 0 0 0 0 0 0 1 1 1 1 1 1 2 2 2 2 0 0 0 0 0 0 0 0 0 0 0 1 1 1 1 1 2 2 2 2 0 0 0 0 0 0 0 0 0 0 0 1 1 1 1 1 1 2 2 2 0 0 0 0 0 0 0 0 0 0 0 0 1 1 1 1 1 2 2 2 0 0 0 0 0 0 0 0 0 0 0 0 0 1 1 1 1 1 2 2 0 0 0 0 0 0 0 0 0 0 0 0 0 0 1 1 1 1 2 2 0 0 0 0 0 0 0 0 0 0 0 0 0 0 1 1 1 1 1 2 0 0 0 0 0 0 0 0 0 0 0 0 0 0 0 1 1 1 1 2 0 0 0 0 0 0 0 0 0 0 0 0 0 0 0 1 1 1 1 1 0 0 0 0 0 0 0 0 0 0 0 0 0 0 0 0 1 1 1 1 0 0 0 0 0 0 0 0 0 0 0 0 0 0 0 0 1 1 1 1 0 0 0 0 0 0 0 0 0 0 0 0 0 0 0 0 0 1 1 1 0 0 0 0 0 0 0 0 0 0 0 0 0 0 0 0 0 1 1 1 0 0 0 0 0 0 0 0 0 0 0 0 0 0 0 0 0 0 1 1 0 0 0 0 0 0 0 0 0 0 0 0 0 0 0 0 0 0 1 1 0 0 0 0 0 0 0 0 0 0 0 0 0 0 0 0 0 0 0 1 0 0 0 0 0 0 0 0 0 0 0 0 0 0 0 0 0 0 0 1 0 0 0 0 0 0 0 0 0 0 0 0 0 0 0 0 0 0 0 0 0 0 0 0 0 0 0 0 0 0 0 0 0 0 0 0 0 0 0 0 0 0 0 0 0 0 0 0 0 0 0 0 0 0 0 0 0 0 0 0 0 0 0 0 0 0 0 0 0 0 0 0 0 0 0 0 0 0 0 0 0 0 0 0 0 0 0 0 0 0 0 0 0 0 0 0 0 0 0 0 0 0 0 0 0 0 0 0 0 0 0 0 0 0 0 0 0 0 0 0 0 0 0 0 0 0 0 0 0 0 0 0 0 0 0 0 0 0 0 0 0 0 0 0 0 0 0 0 0 0 0 0 0 0 0 0 0 0 0 0 0 0 0 0 0 0 0 0 0 0 0 0 0 0 0 0 0 0 0 0 0 0 0 0 0 0 0 0 0 0 0 0 0 0 0 0 0 0 0 0 0 0 0 0 0 0 0 0 0 0 0 0 0 0 0 0 0 0 0 0 0 0 0 0 0 0 0 0 0 0 0 0 0 0 0 0 0 0 0 0 0 0 0 0 0 0 0 0 0 0 0 0 0 0 0 0 0 0 0 0 0 0 0 0 0 0 0 0 0 0 0 0 0 0 0 0 0 0 0 0 0 0 0 0 0 0 0 0 0 0 0 0 0 0 0 0 0 0 0 0 0 0 0 0 0 0 0 0 0 0 0 0 0 0 0 0 0 0 0 0 0 0 0 0 0 0 0 0 0 0 0 0 0 0 0 0 0 0 0 0 0 0 0 0 0 0 0 0 0 0 0 0 0 0 0 0 0 0 0 0 0 0 0 0 0 0 0 0 0 0 0 0 0 0 0 0 0 0 0 0 0 0 0 0 0 0 0 0 0 0 0 0 0 0 0 0 0 0 0 0 0 0 0 0 0 0 0 0 0 0 0 0 0 0 0 0 0 0 0 0 0 0 0 0 0 0 0 0 0 0 0 0 0 0 0 0 0 0 0 0 0 0 0 0 0 0 0 0 0 0 0 0 0 0 0 0 0 0 0 0 0 0 0 0 0 0 0 0 0 0 0 0 0 0 0 0 0 0 0 0 0 0 0 0 0 0 0 0 0 0 0 0 0 0 0 0 0 0 0 0 0 0 0 0 0 0 0 0 0 0 0 0 0 0 0 0 0 0 0 0 0 0 0 0 0 0 0 0 0 0 0 0 0 0 0 0 0 0 0 0 0 0 0 0 0 0 0 0 0 0 0 0 0 0 0 0 0 0 0 0 0 0 0 0 0 0 0 0 0 0 0 0 0 0 0 0 0 0 0 0 0 0 0 0 0 0 0 0 0 0 0 0 0 0 0 0 0 0 0 0 0 0 0 0 0 0 0 0 0 0 0 0 0 0 0 0 0 0 0 0 0 0 0 0 0 0 0 0 0 0 0 0 0 0 0 0 0 0 0 0 0 0 0 0 0 0 0 0 0 0 0 0 0 0 0 0 0 0 0 0 0 0 0 0 0 0 0 0 0 0 0 0 0 0 0 0 0 0 0 0 0 0 0 0 0 0 0 0 0 0 0 0 0 0 0 0 0 0 0 0 0 0 0 0 0 0 0 0 0 0 0 0 0 0 0 0 0 0 0 0 0 0 0 0 0 0 0 0 0 0 0 0 0 0 0 0 0 0 0 0 0 0 0 0 0 0 0 0 0 0 0 0 0 0 0 0 0 0 0 0 0 0 0 0 0 0 0 0 0 0 0 0 0 0 0 0 0 0 0 0 0 0 0 0 0 0 0 0 0 0 0 0 0 0 0 0 0 0 0 0 0 0 0 0 0 0 0 0 0 0 0 0 0 0 0 0 0 0 0 0 0 0 0 0 0 0 0 0 0 0 0 0 0 0 0 0 0 0 0 0 0 0 0 0 0 0 0 0 0 0 0 0 0 0 0 0 0 0 0 0 0 0 0 0 0 0 0 0 0 0 0 0 0 0 0 0 0 0 0 0 0 0 0 0 0 0 0 0 0 0 0 0 0 0 0 0 0 0 0 0 0 0 0 0 0 0 0 0 0 0 0 0 0 0 0 0 0 0 0 0 0 0 0 0 0 0 0 0 0 0 0 0 0 0 0 0 0 0 0 0 0 0 0 0 0 0 0 0 0 0 0 0 0 0 0 0 0 0 0 0 0 0 0 0 0 0 0 0 0 0 0 0 0 0 0 0 0 0 0 0 0 0 0 0 0 0 0 0 0 0 0 0 0 0 0 0 0 0 0 0 0 0 0 0 0 0 0 0 0 0 0 0 0 0 0 0 0 0 0 0 0 0 0 0 0 0 0 0 0 0 0 0 0 0 0 0 0 0 0 0
estimated_attenuation.size=5100
estimated_attenuation.data=0.00 0.00 0.00 0.00 0.00 0.00 0.00 0.00 0.00 0.00 0.00 0.00 0.00 0.00 0.00 0.00 0.00 0.00 0.00 0.00 0.00 0.00 0.00 0.00 0.00 0.00 0.00 0.00 0.00 0.00 0.00 0.00 0.00 0.00 0.00 0.00 0.00 0.00 0.00 0.00 0.00 0.00 0.00 0.00 0.00 0.00 0.00 0.00 0.00 0.00 0.00 0.00 0.00 0.00 0.00 0.00 0.00 0.00 0.00 0.00 0.00 0.00 0.00 0.00 0.00 0.00 0.00 0.00 0.00 0.00 0.00 0.00 0.00 0.00 0.00 0.00 0.00 0.00 0.00 0.00 0.00 0.00 0.00 0.00 0.00 0.01 0.00 0.00 0.01 0.00 0.00 0.00 0.00 0.00 0.00 0.00 0.00 0.00 0.00 0.00 0.01 0.00 0.01 0.00 0.01 0.01 0.01 0.01 0.01 0.01 0.04 0.00 0.00 0.00 0.00 0.00 0.00 0.00 0.00 0.00 0.01 0.01 0.01 0.01 0.01 0.01 0.01 0.01 0.02 0.02 0.07 0.00 0.00 0.00 0.00 0.00 0.00 0.00 0.00 0.00 0.01 0.01 0.01 0.01 0.01 0.02 0.02 0.01 0.02 0.02 0.09 0.00 0.00 0.00 0.00 0.00 0.00 0.00 0.00 0.00 0.01 0.01 0.01 0.01 0.01 0.02 0.02 0.02 0.03 0.02 0.09 0.00 0.00 0.00 0.00 0.00 0.00 0.00 0.00 0.00 0.01 0.01 0.01 0.01 0.01 0.02 0.03 0.02 0.03 0.03 0.09 0.00 0.00 0.00 0.00 0.00 0.00 0.00 0.00 0.00 0.01 0.01 0.01 0.01 0.02 0.02 0.03 0.02 0.04 0.05 0.09 0.00 0.00 0.00 0.00 0.00 0.00 0.00 0.00 0.00 0.02 0.01 0.01 0.01 0.02 0.03 0.03 0.03 0.04 0.05 0.09 0.00 0.00 0.00 0.00 0.00 0.00 0.00 0.00 0.00 0.02 0.01 0.01 0.02 0.02 0.03 0.04 0.03 0.05 0.06 0.09 0.00 0.00 0.00 0.00 0.00 0.00 0.00 0.00 0.00 0.02 0.02 0.02 0.02 0.02 0.03 0.04 0.04 0.06 0.06 0.09 0.00 0.00 0.00 0.00 0.00 0.00 0.00 0.00 0.00 0.02 0.02 0.02 0.02 0.03 0.03 0.04 0.04 0.07 0.07 0.09 0.00 0.00 0.00 0.00 0.00 0.00 0.00 0.00 0.00 0.02 0.02 0.02 0.02 0.03 0.04 0.05 0.05 0.07 0.07 0.09 0.00 0.00 0.00 0.00 0.00 0.00 0.00 0.00 0.00 0.02 0.02 0.02 0.02 0.03 0.05 0.05 0.05 0.08 0.08 0.09 0.00 0.00 0.00 0.00 0.00 0.00 0.00 0.00 0.00 0.03 0.02 0.02 0.02 0.04 0.05 0.05 0.06 0.08 0.08 0.09 0.00 0.00 0.00 0.00 0.00 0.00 0.00 0.00 0.00 0.03 0.02 0.02 0.03 0.04 0.05 0.06 0.07 0.08 0.09 0.09 0.00 0.00 0.00 0.00 0.00 0.00 0.00 0.00 0.00 0.03 0.02 0.02 0.03 0.04 0.06 0.07 0.07 0.09 0.10 0.09 0.00 0.00 0.00 0.00 0.00 0.00 0.00 0.00 0.00 0.03 0.02 0.03 0.03 0.05 0.06 0.08 0.08 0.10 0.12 0.09 0.00 0.00 0.00 0.00 0.00 0.00 0.00 0.00 0.00 0.03 0.03 0.03 0.03 0.05 0.06 0.08 0.08 0.10 0.13 0.09 0.00 0.00 0.00 0.00 0.00 0.00 0.00 0.00 0.00 0.03 0.03 0.03 0.03 0.05 0.07 0.08 0.08 0.10 0.14 0.09 0.00 0.00 0.00 0.00 0.00 0.00 0.00 0.00 0.00 0.03 0.03 0.03 0.03 0.05 0.07 0.09 0.09 0.11 0.15 0.09 0.00 0.00 0.00 0.00 0.00 0.00 0.00 0.00 0.00 0.03 0.03 0.03 0.04 0.06 0.07 0.09 0.10 0.11 0.17 0.09 0.00 0.00 0.00 0.00 0.00 0.00 0.00 0.00 0.00 0.04 0.03 0.03 0.04 0.06 0.08 0.09 0.10 0.11 0.22 0.09 0.00 0.00 0.00 0.00 0.00 0.00 0.00 0.00 0.00 0.04 0.03 0.04 0.04 0.06 0.08 0.10 0.10 0.12 0.27 0.09 0.00 0.00 0.00 0.00 0.00 0.00 0.00 0.00 0.00 0.04 0.03 0.04 0.04 0.06 0.08 0.10 0.11 0.13 0.34 0.09 0.00 0.00 0.00 0.00 0.00 0.00 0.00 0.00 0.00 0.04 0.03 0.04 0.04 0.06 0.08 0.11 0.11 0.13 0.40 0.09 0.00 0.00 0.00 0.00 0.00 0.00 0.00 0.00 0.00 0.04 0.03 0.04 0.04 0.07 0.09 0.11 0.12 0.13 0.40 0.09 0.00 0.00 0.00 0.00 0.00 0.00 0.00 0.00 0.00 0.05 0.04 0.04 0.05 0.07 0.10 0.12 0.12 0.14 0.40 0.09 0.00 0.00 0.00 0.00 0.00 0.00 0.00 0.00 0.00 0.05 0.04 0.04 0.05 0.07 0.10 0.12 0.13 0.15 0.40 0.09 0.00 0.00 0.00 0.00 0.00 0.00 0.00 0.00 0.00 0.05 0.04 0.05 0.05 0.08 0.10 0.13 0.14 0.16 0.40 0.09 0.00 0.00 0.00 0.00 0.00 0.00 0.00 0.00 0.00 0.05 0.04 0.05 0.05 0.08 0.10 0.13 0.15 0.17 0.40 0.09 0.00 0.00 0.00 0.00 0.00 0.00 0.00 0.00 0.00 0.05 0.04 0.05 0.06 0.08 0.11 0.14 0.16 0.18 0.40 0.09 0.00 0.00 0.00 0.00 0.00 0.00 0.00 0.00 0.00 0.05 0.04 0.05 0.06 0.09 0.11 0.14 0.16 0.18 0.40 0.09 0.00 0.00 0.00 0.00 0.00 0.00 0.00 0.00 0.00 0.06 0.04 0.05 0.06 0.09 0.11 0.15 0.16 0.19 0.40 0.09 0.00 0.00 0.00 0.00 0.00 0.00 0.00 0.00 0.00 0.06 0.04 0.05 0.06 0.09 0.12 0.16 0.17 0.19 0.40 0.09 0.00 0.00 0.00 0.00 0.00 0.00 0.00 0.00 0.00 0.06 0.04 0.06 0.06 0.09 0.12 0.16 0.18 0.20 0.40 0.09 0.00 0.00 0.00 0.00 0.00 0.00 0.00 0.00 0.00 0.06 0.05 0.06 0.06 0.09 0.12 0.17 0.18 0.21 0.40 0.09 0.00 0.00 0.00 0.00 0.00 0.00 0.00 0.00 0.00 0.06 0.05 0.06 0.07 0.10 0.13 0.17 0.19 0.22 0.40 0.09 0.00 0.00 0.00 0.00 0.00 0.00 0.00 0.00 0.00 0.06 0.05 0.06 0.07 0.10 0.13 0.17 0.19 0.23 0.40 0.09 0.00 0.00 0.00 0.00 0.00 0.00 0.00 0.00 0.00 0.06 0.05 0.06 0.07 0.10 0.14 0.18 0.20 0.24 0.40 0.09 0.00 0.00 0.00 0.00 0.00 0.00 0.00 0.00 0.00 0.06 0.05 0.06 0.07 0.11 0.14 0.18 0.20 0.25 0.40 0.09 0.00 0.00 0.00 0.00 0.00 0.00 0.00 0.00 0.00 0.06 0.05 0.06 0.07 0.11 0.14 0.18 0.21 0.25 0.40 0.09 0.00 0.00 0.00 0.00 0.00 0.00 0.00 0.00 0.00 0.07 0.05 0.07 0.08 0.11 0.14 0.19 0.22 0.27 0.40 0.09 0.00 0.00 0.00 0.00 0.00 0.00 0.00 0.00 0.00 0.07 0.05 0.07 0.08 0.12 0.15 0.19 0.22 0.28 0.40 0.09 0.00 0.00 0.00 0.00 0.00 0.00 0.00 0.00 0.00 0.07 0.06 0.07 0.08 0.12 0.15 0.19 0.23 0.30 0.40 0.09 0.00 0.00 0.00 0.00 0.00 0.00 0.00 0.00 0.00 0.07 0.06 0.07 0.08 0.12 0.15 0.20 0.23 0.31 0.40 0.09 0.00 0.00 0.00 0.00 0.00 0.00 0.00 0.00 0.00 0.07 0.06 0.07 0.08 0.12 0.16 0.20 0.24 0.36 0.40 0.09 0.00 0.00 0.00 0.00 0.00 0.00 0.00 0.00 0.00 0.07 0.06 0.07 0.08 0.12 0.16 0.21 0.25 0.38 0.40 0.09 0.00 0.00 0.00 0.00 0.00 0.00 0.00 0.00 0.00 0.07 0.06 0.08 0.09 0.13 0.16 0.21 0.25 0.40 0.40 0.09 0.00 0.00 0.00 0.00 0.00 0.00 0.00 0.00 0.00 0.07 0.06 0.08 0.09 0.13 0.17 0.22 0.25 0.46 0.40 0.09 0.00 0.00 0.00 0.00 0.00 0.00 0.00 0.00 0.00 0.07 0.06 0.08 0.09 0.13 0.17 0.22 0.26 0.47 0.40 0.09 0.00 0.00 0.00 0.00 0.00 0.00 0.00 0.00 0.00 0.08 0.07 0.08 0.09 0.13 0.17 0.23 0.26 0.53 0.40 0.09 0.00 0.00 0.00 0.00 0.00 0.00 0.00 0.00 0.00 0.08 0.07 0.08 0.09 0.14 0.18 0.24 0.27 0.59 0.40 0.09 0.00 0.00 0.00 0.00 0.00 0.00 0.00 0.00 0.00 0.08 0.07 0.08 0.09 0.14 0.18 0.24 0.28 0.59 0.40 0.09 0.00 0.00 0.00 0.00 0.00 0.00 0.00 0.00 0.00 0.08 0.07 0.09 0.10 0.14 0.18 0.24 0.28 0.59 0.40 0.09 0.00 0.00 0.00 0.00 0.00 0.00 0.00 0.00 0.00 0.08 0.07 0.09 0.10 0.14 0.19 0.25 0.29 0.59 0.40 0.09 0.00 0.00 0.00 0.00 0.00 0.00 0.00 0.00 0.00 0.09 0.07 0.09 0.10 0.14 0.19 0.25 0.30 0.59 0.40 0.09 0.00 0.00 0.00 0.00 0.00 0.00 0.00 0.00 0.00 0.09 0.07 0.09 0.10 0.15 0.20 0.26 0.31 0.59 0.40 0.09 0.00 0.00 0.00 0.00 0.00 0.00 0.00 0.00 0.00 0.09 0.07 0.09 0.11 0.15 0.20 0.26 0.32 0.59 0.40 0.09 0.00 0.00 0.00 0.00 0.00 0.00 0.00 0.00 0.00 0.09 0.07 0.09 0.11 0.15 0.21 0.27 0.32 0.59 0.40 0.09 0.00 0.00 0.00 0.00 0.00 0.00 0.00 0.00 0.00 0.09 0.08 0.10 0.11 0.16 0.21 0.27 0.33 0.59 0.40 0.09 0.00 0.00 0.00 0.00 0.00 0.00 0.00 0.00 0.00 0.09 0.08 0.10 0.11 0.16 0.21 0.28 0.33 0.59 0.40 0.09 0.00 0.00 0.00 0.00 0.00 0.00 0.00 0.00 0.00 0.09 0.08 0.10 0.11 0.16 0.22 0.28 0.35 0.59 0.40 0.09 0.00 0.00 0.00 0.00 0.00 0.00 0.00 0.00 0.00 0.10 0.08 0.10 0.12 0.16 0.22 0.28 0.35 0.59 0.40 0.09 0.00 0.00 0.00 0.00 0.00 0.00 0.00 0.00 0.00 0.10 0.08 0.10 0.12 0.16 0.22 0.29 0.36 0.59 0.40 0.09 0.00 0.00 0.00 0.00 0.00 0.00 0.00 0.00 0.00 0.10 0.08 0.10 0.12 0.17 0.22 0.30 0.36 0.59 0.40 0.09 0.00 0.00 0.00 0.00 0.00 0.00 0.00 0.00 0.00 0.10 0.09 0.11 0.12 0.17 0.23 0.30 0.36 0.59 0.40 0.09 0.00 0.00 0.00 0.00 0.00 0.00 0.00 0.00 0.00 0.10 0.09 0.11 0.13 0.18 0.23 0.31 0.37 0.59 0.40 0.09 0.00 0.00 0.00 0.00 0.00 0.00 0.00 0.00 0.00 0.10 0.09 0.11 0.13 0.18 0.23 0.32 0.38 0.59 0.40 0.09 0.00 0.00 0.00 0.00 0.00 0.00 0.00 0.00 0.00 0.10 0.09 0.11 0.13 0.18 0.24 0.32 0.38 0.59 0.40 0.09 0.00 0.00 0.00 0.00 0.00 0.00 0.00 0.00 0.00 0.11 0.10 0.11 0.13 0.18 0.24 0.33 0.39 0.59 0.40 0.09 0.00 0.00 0.00 0.00 0.00 0.00 0.00 0.00 0.00 0.12 0.10 0.12 0.17 0.21 0.28 0.34 0.41 0.59 0.40 0.09 0.00 0.00 0.00 0.00 0.00 0.00 0.00 0.00 0.00 0.14 0.11 0.13 0.18 0.23 0.32 0.37 0.62 0.59 0.40 0.09 0.00 0.00 0.00 0.00 0.00 0.00 0.00 0.00 0.00 0.15 0.13 0.14 0.19 0.25 0.35 0.40 0.68 0.59 0.40 0.09 0.00 0.00 0.00 0.00 0.00 0.00 0.00 0.00 0.00 0.16 0.14 0.15 0.20 0.26 0.37 0.43 0.80 0.59 0.40 0.09 0.00 0.00 0.00 0.00 0.00 0.00 0.00 0.00 0.00 0.18 0.15 0.16 0.23 0.27 0.39 0.48 0.85 0.59 0.40 0.09 0.00 0.00 0.00 0.00 0.00 0.00 0.00 0.00 0.00 0.19 0.16 0.18 0.24 0.31 0.42 0.54 0.90 0.59 0.40 0.09 0.00 0.00 0.00 0.00 0.00 0.00 0.00 0.00 0.00 0.19 0.17 0.19 0.24 0.38 0.43 0.76 0.96 0.59 0.40 0.09 0.00 0.00 0.00 0.00 0.00 0.00 0.00 0.00 0.00 0.21 0.18 0.20 0.26 0.44 0.45 0.84 0.99 0.59 0.40 0.09 0.00 0.00 0.00 0.00 0.00 0.00 0.00 0.00 0.00 0.21 0.19 0.21 0.27 0.46 0.48 0.87 1.04 0.59 0.40 0.09 0.00 0.00 0.00 0.00 0.00 0.00 0.00 0.00 0.00 0.22 0.20 0.23 0.28 0.49 0.54 0.97 1.08 0.59 0.40 0.09 0.00 0.00 0.00 0.00 0.00 0.00 0.00 0.00 0.00 0.23 0.23 0.25 0.30 0.50 0.56 0.99 1.12 0.59 0.40 0.09 0.00 0.00 0.00 0.00 0.00 0.00 0.00 0.00 0.00 0.24 0.25 0.26 0.30 0.54 0.58 1.03 1.22 0.59 0.40 0.09 0.00 0.00 0.00 0.00 0.00 0.00 0.00 0.00 0.00 0.26 0.27 0.27 0.32 0.56 0.62 1.08 1.25 0.59 0.40 0.09 0.00 0.00 0.00 0.00 0.00 0.00 0.00 0.00 0.00 0.27 0.27 0.28 0.36 0.57 0.65 1.11 1.29 0.59 0.40 0.09 0.00 0.00 0.00 0.00 0.00 0.00 0.00 0.00 0.00 0.28 0.28 0.30 0.40 0.59 0.67 1.13 1.40 0.59 0.40 0.09 0.00 0.00 0.00 0.00 0.00 0.00 0.00 0.00 0.00 0.30 0.29 0.30 0.42 0.64 0.70 1.16 1.48 0.59 0.40 0.09 0.00 0.00 0.00 0.00 0.00 0.00 0.00 0.00 0.00 0.31 0.31 0.32 0.43 0.67 0.74 1.18 1.52 0.59 0.40 0.09 0.00 0.00 0.00 0.00 0.00 0.00 0.00 0.00 0.00 0.32 0.31 0.34 0.44 0.68 0.77 1.26 1.56 0.59 0.40 0.09 0.00 0.00 0.00 0.00 0.00 0.00 0.00 0.00 0.00 0.33 0.32 0.35 0.47 0.70 0.84 1.28 1.61 0.59 0.40 0.09 0.00 0.00 0.00 0.00 0.00 0.00 0.00 0.00 0.00 0.34 0.33 0.36 0.51 0.75 0.86 1.31 1.74 0.59 0.40 0.09 0.00 0.00 0.00 0.00 0.00 0.00 0.00 0.00 0.00 0.35 0.34 0.37 0.53 0.76 0.93 1.37 2.02 0.59 0.40 0.09 0.00 0.00 0.00 0.00 0.00 0.00 0.00 0.00 0.00 0.36 0.35 0.39 0.55 0.79 0.95 1.44 2.05 0.59 0.40 0.09 0.00 0.00 0.00 0.00 0.00 0.00 0.00 0.00 0.00 0.37 0.35 0.40 0.57 0.80 0.99 1.53 2.18 0.59 0.40 0.09 0.00 0.00 0.00 0.00 0.00 0.00 0.00 0.00 0.00 0.37 0.37 0.41 0.60 0.81 1.03 1.56 2.22 0.59 0.40 0.09 0.00 0.00 0.00 0.00 0.00 0.00 0.00 0.00 0.00 0.38 0.38 0.42 0.62 0.82 1.04 1.63 2.32 0.59 0.40 0.09 0.00 0.00 0.00 0.00 0.00 0.00 0.00 0.00 0.00 0.40 0.38 0.43 0.63 0.87 1.07 1.73 2.38 0.59 0.40 0.09 0.00 0.00 0.00 0.00 0.00 0.00 0.00 0.00 0.00 0.41 0.39 0.43 0.63 0.90 1.13 1.79 2.38 0.59 0.40 0.09 0.00 0.00 0.00 0.00 0.00 0.00 0.00 0.00 0.00 0.42 0.41 0.44 0.65 0.93 1.16 1.79 2.38 0.59 0.40 0.09 0.00 0.00 0.00 0.00 0.00 0.00 0.00 0.00 0.00 0.43 0.42 0.45 0.66 0.96 1.23 1.81 2.38 0.59 0.40 0.09 0.00 0.00 0.00 0.00 0.00 0.00 0.00 0.00 0.00 0.44 0.43 0.47 0.67 0.98 1.30 1.84 2.38 0.59 0.40 0.09 0.00 0.00 0.00 0.00 0.00 0.00 0.00 0.00 0.00 0.45 0.43 0.48 0.70 1.19 1.33 1.89 2.38 0.59 0.40 0.09 0.00 0.00 0.00 0.00 0.00 0.00 0.00 0.00 0.00 0.47 0.43 0.49 0.72 1.19 1.37 1.92 2.38 0.59 0.40 0.09 0.00 0.00 0.00 0.00 0.00 0.00 0.00 0.00 0.00 0.47 0.44 0.50 0.74 1.23 1.44 1.96 2.38 0.59 0.40 0.09 0.00 0.00 0.00 0.00 0.00 0.00 0.00 0.00 0.00 0.48 0.45 0.52 0.76 1.25 1.49 2.00 2.38 0.59 0.40 0.09 0.00 0.00 0.00 0.00 0.00 0.00 0.00 0.00 0.00 0.49 0.46 0.53 0.77 1.31 1.50 2.06 2.38 0.59 0.40 0.09 0.00 0.00 0.00 0.00 0.00 0.00 0.00 0.00 0.00 0.50 0.47 0.54 0.79 1.35 1.54 2.08 2.38 0.59 0.40 0.09 0.00 0.00 0.00 0.00 0.00 0.00 0.00 0.00 0.00 0.52 0.48 0.55 0.80 1.38 1.62 2.16 2.38 0.59 0.40 0.09 0.00 0.00 0.00 0.00 0.00 0.00 0.00 0.00 0.00 0.53 0.49 0.56 0.85 1.39 1.64 2.23 2.38 0.59 0.40 0.09 0.00 0.00 0.00 0.00 0.00 0.00 0.00 0.00 0.00 0.54 0.50 0.57 0.87 1.40 1.66 2.25 2.38 0.59 0.40 0.09 0.00 0.00 0.00 0.00 0.00 0.00 0.00 0.00 0.00 0.54 0.51 0.57 0.89 1.43 1.68 2.48 2.38 0.59 0.40 0.09 0.00 0.00 0.00 0.00 0.00 0.00 0.00 0.00 0.00 0.55 0.53 0.59 0.92 1.44 1.75 2.53 2.38 0.59 0.40 0.09 0.00 0.00 0.00 0.00 0.00 0.00 0.00 0.00 0.00 0.56 0.54 0.60 0.93 1.50 1.79 2.56 2.38 0.59 0.40 0.09 0.00 0.00 0.00 0.00 0.00 0.00 0.00 0.00 0.00 0.56 0.55 0.61 0.94 1.53 1.85 2.58 2.38 0.59 0.40 0.09 0.00 0.00 0.00 0.00 0.00 0.00 0.00 0.00 0.00 0.58 0.56 0.62 0.95 1.59 1.90 2.63 2.38 0.59 0.40 0.09 0.00 0.00 0.00 0.00 0.00 0.00 0.00 0.00 0.00 0.58 0.57 0.63 0.97 1.60 1.91 2.68 2.38 0.59 0.40 0.09 0.00 0.00 0.00 0.00 0.00 0.00 0.00 0.00 0.00 0.59 0.59 0.63 1.00 1.61 1.94 2.76 2.38 0.59 0.40 0.09 0.00 0.00 0.00 0.00 0.00 0.00 0.00 0.00 0.00 0.61 0.59 0.64 1.01 1.63 1.99 2.80 2.38 0.59 0.40 0.09 0.00 0.00 0.00 0.00 0.00 0.00 0.00 0.00 0.00 0.61 0.61 0.65 1.03 1.68 2.12 2.83 2.38 0.59 0.40 0.09 0.00 0.00 0.00 0.00 0.00 0.00 0.00 0.00 0.00 0.62 0.61 0.68 1.06 1.72 2.20 2.85 2.38 0.59 0.40 0.09 0.00 0.00 0.00 0.00 0.00 0.00 0.00 0.00 0.00 0.63 0.62 0.69 1.07 1.77 2.24 2.89 2.38 0.59 0.40 0.09 0.00 0.00 0.00 0.00 0.00 0.00 0.00 0.00 0.00 0.64 0.63 0.72 1.09 1.80 2.28 2.92 2.38 0.59 0.40 0.09 0.00 0.00 0.00 0.00 0.00 0.00 0.00 0.00 0.00 0.65 0.65 0.73 1.13 1.81 2.30 2.94 2.38 0.59 0.40 0.09 0.00 0.00 0.00 0.00 0.00 0.00 0.00 0.00 0.00 0.66 0.66 0.75 1.14 1.87 2.32 3.01 2.38 0.59 0.40 0.09 0.00 0.00 0.00 0.00 0.00 0.00 0.00 0.00 0.00 0.68 0.66 0.77 1.17 1.89 2.36 3.07 2.38 0.59 0.40 0.09 0.00 0.00 0.00 0.00 0.00 0.00 0.00 0.00 0.00 0.69 0.67 0.79 1.20 1.94 2.40 3.11 2.38 0.59 0.40 0.09 0.00 0.00 0.00 0.00 0.00 0.00 0.00 0.00 0.00 0.69 0.68 0.80 1.26 2.01 2.40 3.13 2.38 0.59 0.40 0.09 0.00 0.00 0.00 0.00 0.00 0.00 0.00 0.00 0.00 0.70 0.69 0.80 1.31 2.02 2.43 3.16 2.38 0.59 0.40 0.09 0.00 0.00 0.00 0.00 0.00 0.00 0.00 0.00 0.00 0.71 0.69 0.82 1.32 2.04 2.45 3.20 2.38 0.59 0.40 0.09 0.00 0.00 0.00 0.00 0.00 0.00 0.00 0.00 0.00 0.72 0.70 0.82 1.34 2.08 2.47 3.24 2.38 0.59 0.40 0.09 0.00 0.00 0.00 0.00 0.00 0.00 0.00 0.00 0.00 0.74 0.72 0.86 1.34 2.11 2.53 3.31 2.38 0.59 0.40 0.09 0.00 0.00 0.00 0.00 0.00 0.00 0.00 0.00 0.00 0.74 0.73 0.87 1.36 2.13 2.56 3.35 2.38 0.59 0.40 0.09 0.00 0.00 0.00 0.00 0.00 0.00 0.00 0.00 0.00 0.75 0.74 0.88 1.37 2.17 2.59 3.36 2.38 0.59 0.40 0.09 0.00 0.00 0.00 0.00 0.00 0.00 0.00 0.00 0.00 0.77 0.75 0.89 1.40 2.19 2.64 3.44 2.38 0.59 0.40 0.09 0.00 0.00 0.00 0.00 0.00 0.00 0.00 0.00 0.00 0.78 0.76 0.90 1.41 2.23 2.69 3.58 2.38 0.59 0.40 0.09 0.00 0.00 0.00 0.00 0.00 0.00 0.00 0.00 0.00 0.79 0.77 0.92 1.42 2.26 2.71 3.72 2.38 0.59 0.40 0.09 0.00 0.00 0.00 0.00 0.00 0.00 0.00 0.00 0.00 0.80 0.78 0.93 1.45 2.31 2.74 3.77 2.38 0.59 0.40 0.09 0.00 0.00 0.00 0.00 0.00 0.00 0.00 0.00 0.00 0.80 0.80 0.95 1.50 2.32 2.76 3.80 2.38 0.59 0.40 0.09 0.00 0.00 0.00 0.00 0.00 0.00 0.00 0.00 0.00 0.81 0.81 0.96 1.51 2.35 2.82 3.84 2.38 0.59 0.40 0.09 0.00 0.00 0.00 0.00 0.00 0.00 0.00 0.00 0.00 0.82 0.82 0.96 1.52 2.38 2.87 3.90 2.38 0.59 0.40 0.09 0.00 0.00 0.00 0.00 0.00 0.00 0.00 0.00 0.00 0.82 0.83 1.02 1.54 2.42 2.93 3.98 2.38 0.59 0.40 0.09 0.00 0.00 0.00 0.00 0.00 0.00 0.00 0.00 0.00 0.84 0.84 1.03 1.55 2.47 2.99 4.12 2.38 0.59 0.40 0.09 0.00 0.00 0.00 0.00 0.00 0.00 0.00 0.00 0.00 0.84 0.85 1.05 1.57 2.48 3.03 4.18 2.38 0.59 0.40 0.09 0.00 0.00 0.00 0.00 0.00 0.00 0.00 0.00 0.00 0.85 0.85 1.06 1.60 2.52 3.09 4.29 2.38 0.59 0.40 0.09 0.00 0.00 0.00 0.00 0.00 0.00 0.00 0.00 0.00 0.86 0.86 1.07 1.62 2.55 3.12 4.29 2.38 0.59 0.40 0.09 0.00 0.00 0.00 0.00 0.00 0.00 0.00 0.00 0.00 0.86 0.87 1.08 1.65 2.56 3.14 4.29 2.38 0.59 0.40 0.09 0.00 0.00 0.00 0.00 0.00 0.00 0.00 0.00 0.00 0.88 0.88 1.09 1.68 2.58 3.17 4.29 2.38 0.59 0.40 0.09 0.00 0.00 0.00 0.00 0.00 0.00 0.00 0.00 0.00 0.88 0.89 1.10 1.69 2.62 3.21 4.29 2.38 0.59 0.40 0.09 0.00 0.00 0.00 0.00 0.00 0.00 0.00 0.00 0.00 0.88 0.90 1.12 1.71 2.64 3.27 4.29 2.38 0.59 0.40 0.09 0.00 0.00 0.00 0.00 0.00 0.00 0.00 0.00 0.00 0.89 0.91 1.12 1.73 2.66 3.32 4.29 2.38 0.59 0.40 0.09 0.00 0.00 0.00 0.00 0.00 0.00 0.00 0.00 0.00 0.90 0.92 1.14 1.74 2.70 3.38 4.29 2.38 0.59 0.40 0.09 0.00 0.00 0.00 0.00 0.00 0.00 0.00 0.00 0.00 0.92 0.93 1.17 1.74 2.73 3.40 4.29 2.38 0.59 0.40 0.09 0.00 0.00 0.00 0.00 0.00 0.00 0.00 0.00 0.00 0.93 0.94 1.18 1.77 2.79 3.45 4.29 2.38 0.59 0.40 0.09 0.00 0.00 0.00 0.00 0.00 0.00 0.00 0.00 0.00 0.95 0.95 1.20 1.79 2.80 3.50 4.29 2.38 0.59 0.40 0.09 0.00 0.00 0.00 0.00 0.00 0.00 0.00 0.00 0.00 0.96 0.96 1.21 1.80 2.95 3.54 4.29 2.38 0.59 0.40 0.09 0.00 0.00 0.00 0.00 0.00 0.00 0.00 0.00 0.00 0.97 0.97 1.22 1.83 2.99 3.61 4.29 2.38 0.59 0.40 0.09 0.00 0.00 0.00 0.00 0.00 0.00 0.00 0.00 0.00 0.98 1.00 1.24 1.86 3.02 3.64 4.29 2.38 0.59 0.40 0.09 0.00 0.00 0.00 0.00 0.00 0.00 0.00 0.00 0.00 0.99 1.01 1.26 1.89 3.09 3.70 4.29 2.38 0.59 0.40 0.09 0.00 0.00 0.00 0.00 0.00 0.00 0.00 0.00 0.00 1.00 1.01 1.27 1.90 3.18 3.76 4.29 2.38 0.59 0.40 0.09 0.00 0.00 0.00 0.00 0.00 0.00 0.00 0.00 0.00 1.01 1.02 1.28 1.91 3.21 3.81 4.29 2.38 0.59 0.40 0.09 0.00 0.00 0.00 0.00 0.00 0.00 0.00 0.00 0.00 1.01 1.03 1.31 1.95 3.24 3.83 4.29 2.38 0.59 0.40 0.09 0.00 0.00 0.00 0.00 0.00 0.00 0.00 0.00 0.00 1.02 1.05 1.31 1.96 3.29 3.90 4.29 2.38 0.59 0.40 0.09 0.00 0.00 0.00 0.00 0.00 0.00 0.00 0.00 0.00 1.03 1.06 1.33 1.98 3.32 3.98 4.29 2.38 0.59 0.40 0.09 0.00 0.00 0.00 0.00 0.00 0.00 0.00 0.00 0.00 1.04 1.06 1.34 1.99 3.36 4.06 4.29 2.38 0.59 0.40 0.09 0.00 0.00 0.00 0.00 0.00 0.00 0.00 0.00 0.00 1.05 1.08 1.36 2.00 3.40 4.12 4.29 2.38 0.59 0.40 0.09 0.00 0.00 0.00 0.00 0.00 0.00 0.00 0.00 0.00 1.05 1.08 1.37 2.04 3.44 4.16 4.29 2.38 0.59 0.40 0.09 0.00 0.00 0.00 0.00 0.00 0.00 0.00 0.00 0.00 1.06 1.09 1.38 2.06 3.45 4.20 4.29 2.38 0.59 0.40 0.09 0.00 0.00 0.00 0.00 0.00 0.00 0.00 0.00 0.00 1.07 1.10 1.40 2.07 3.50 4.23 4.29 2.38 0.59 0.40 0.09 0.00 0.00 0.00 0.00 0.00 0.00 0.00 0.00 0.00 1.08 1.10 1.41 2.10 3.53 4.32 4.29 2.38 0.59 0.40 0.09 0.00 0.00 0.00 0.00 0.00 0.00 0.00 0.00 0.00 1.08 1.11 1.42 2.11 3.57 4.35 4.29 2.38 0.59 0.40 0.09 0.00 0.00 0.00 0.00 0.00 0.00 0.00 0.00 0.00 1.09 1.12 1.42 2.12 3.61 4.38 4.29 2.38 0.59 0.40 0.09 0.00 0.00 0.00 0.00 0.00 0.00 0.00 0.00 0.00 1.09 1.12 1.42 2.12 3.62 4.38 4.29 2.38 0.59 0.40 0.09 0.00 0.00 0.00 0.00 0.00 0.00 0.00 0.00 0.00 1.09 1.12 1.42 2.12 3.62 4.39 4.29 2.38 0.59 0.40 0.09 0.00 0.00 0.00 0.00 0.00 0.00 0.00 0.00 0.00 1.09 1.12 1.43 2.13 3.63 4.40 4.29 2.38 0.59 0.40 0.09 0.00 0.00 0.00 0.00 0.00 0.00 0.00 0.00 0.00 1.09 1.12 1.43 2.13 3.65 4.41 4.29 2.38 0.59 0.40 0.09 0.00 0.00 0.00 0.00 0.00 0.00 0.00 0.00 0.00 1.09 1.12 1.43 2.13 3.65 4.42 4.29 2.38 0.59 0.40 0.09 0.00 0.00 0.00 0.00 0.00 0.00 0.00 0.00 0.00 1.09 1.12 1.44 2.14 3.65 4.43 4.29 2.38 0.59 0.40 0.09 0.00 0.00 0.00 0.00 0.00 0.00 0.00 0.00 0.00 1.09 1.12 1.44 2.14 3.66 4.44 4.29 2.38 0.59 0.40 0.09 0.00 0.00 0.00 0.00 0.00 0.00 0.00 0.00 0.00 0.00 0.00 1.44 2.14 3.66 4.46 4.29 2.38 0.59 0.40 0.09 0.00 0.00 0.00 0.00 0.00 0.00 0.00 0.00 0.00 0.00 0.00 0.00 0.00 0.00 4.48 4.29 2.38 0.59 0.40 0.09 0.00 0.00 0.00 0.00 0.00 0.00 0.00 0.00 0.00 0.00 0.00 0.00 0.00 0.00 0.00 0.00 2.38 0.59 0.40 0.09 0.00 0.00 0.00 0.00 0.00 0.00 0.00 0.00 0.00 0.00 0.00 0.00 0.00 0.00 0.00 0.00 0.00 0.59 0.40 0.09 0.00 0.00 0.00 0.00 0.00 0.00 0.00 0.00 0.00 0.00 0.00 0.00 0.00 0.00 0.00 0.00 0.00 0.00 0.40 0.09 0.00 0.00 0.00 0.00 0.00 0.00 0.00 0.00 0.00 0.00 0.00 0.00 0.00 0.00 0.00 0.00 0.00 0.00 0.00 0.09 0.00 0.00 0.00 0.00 0.00 0.00 0.00 0.00 0.00 0.00 0.00 0.00 0.00 0.00 0.00 0.00 0.00 0.00 0.00 0.00 0.00 0.00 0.00 0.00 0.00 0.00 0.00 0.00 0.00 0.00 0.00 0.00 0.00 0.00 0.00 0.00 0.00 0.00 0.00 0.00 0.00 0.00 0.00 0.00 0.00 0.00 0.00 0.00 0.00 0.00 0.00 0.00 0.00 0.00 0.00 0.00 0.00 0.00 0.00 0.00 0.00 0.00 0.00 0.00 0.00 0.00 0.00 0.00 0.00 0.00 0.00 0.00 0.00 0.00 0.00 0.00 0.00 0.00 0.00 0.00 0.00 0.00 0.00 0.00 0.00 0.00 0.00 0.00 0.00 0.00 0.00 0.00 0.00 0.00 0.00 0.00 0.00 0.00 0.00 0.00 0.00 0.00 0.00 0.00 0.00 0.00 0.00 0.00 0.00 0.00 0.00 0.00 0.00 0.00 0.00 0.00 0.00 0.00 0.00 0.00 0.00 0.00 0.00 0.00 0.00 0.00 0.00 0.00 0.00 0.00 0.00 0.00 0.00 0.00 0.00 0.00 0.00 0.00 0.00 0.00 0.00 0.00 0.00 0.00 0.00 0.00 0.00 0.00 0.00 0.00 0.00 0.00 0.00 0.00 0.00 0.00 0.00 0.00 0.00 0.00 0.00 0.00 0.00 0.00 0.00 0.00 0.00 0.00 0.00 0.00 0.00 0.00 0.00 0.00 0.00 0.00 0.00 0.00 0.00 0.00 0.00 0.00 0.00 0.00 0.00 0.00 0.00 0.00 0.00 0.00 0.00 0.00 0.00 0.00 0.00 0.00 0.00 0.00 0.00 0.00 0.00 0.00 0.00 0.00 0.00 0.00 0.00 0.00 0.00 0.00 0.00 0.00 0.00 0.00 0.00 0.00 0.00 0.00 0.00 0.00 0.00 0.00 0.00 0.00 0.00 0.00 0.00 0.00 0.00 0.00 0.00 0.00 0.00 0.00 0.00 0.00 0.00 0.00 0.00 0.00 0.00 0.00 0.00 0.00 0.00 0.00 0.00 0.00 0.00 0.00 0.00 0.00 0.00 0.00 0.00 0.00 0.00 0.00 0.00 0.00 0.00 0.00 0.00 0.00 0.00 0.00 0.00 0.00 0.00 0.00 0.00 0.00 0.00 0.00 0.00 0.00 0.00 0.00 0.00 0.00 0.00 0.00 0.00 0.00 0.00 0.00 0.00 0.00 0.00 0.00 0.00 0.00 0.00 0.00 0.00 0.00 0.00 0.00 0.00 0.00 0.00 0.00 0.00 0.00 0.00 0.00 0.00 0.00 0.00 0.00 0.00 0.00 0.00 0.00 0.00 0.00 0.00 0.00 0.00 0.00 0.00 0.00 0.00 0.00 0.00 0.00 0.00 0.00 0.00 0.00 0.00 0.00 0.00 0.00 0.00 0.00 0.00 0.00 0.00 0.00 0.00 0.00 0.00 0.00 0.00 0.00 0.00 0.00 0.00 0.00 0.00 0.00 0.00 0.00 0.00 0.00 0.00 0.00 0.00 0.00 0.00 0.00 0.00 0.00 0.00 0.00 0.00 0.00 0.00 0.00 0.00 0.00 0.00 0.00 0.00 0.00 0.00 0.00 0.00 0.00 0.00 0.00 0.00 0.00 0.00 0.00 0.00 0.00 0.00 0.00 0.00 0.00 0.00 0.00 0.00 0.00 0.00 0.00 0.00 0.00 0.00 0.00 0.00 0.00 0.00 0.00 0.00 0.00 0.00 0.00 0.00 0.00 0.00 0.00 0.00 0.00 0.00 0.00 0.00 0.00 0.00 0.00 0.00 0.00 0.00 0.00 0.00 0.00 0.00 0.00 0.00 0.00 0.00 0.00 0.00 0.00 0.00 0.00 0.00 0.00 0.00 0.00 0.00 0.00 0.00 0.00 0.00 0.00 0.00 0.00 0.00 0.00 0.00 0.00 0.00 0.00 0.00 0.00 0.00 0.00 0.00 0.00 0.00 0.00 0.00 0.00 0.00 0.00 0.00 0.00 0.00 0.00 0.00 0.00 0.00 0.00 0.00 0.00 0.00 0.00 0.00 0.00 0.00 0.00 0.00 0.00 0.00 0.00 0.00 0.00 0.00 0.00 0.00 0.00 0.00 0.00 0.00 0.00 0.00 0.00 0.00 0.00 0.00 0.00 0.00 0.00 0.00 0.00 0.00 0.00 0.00 0.00 0.00 0.00 0.00 0.00 0.00 0.00 0.00 0.00 0.00 0.00 0.00 0.00 0.00 0.00 0.00 0.00 0.00 0.00 0.00 0.00 0.00 0.00 0.00 0.00 0.00 0.00 0.00 0.00 0.00 0.00 0.00 0.00 0.00 0.00 0.00 0.00 0.00 0.00 0.00 0.00 0.00 0.00 0.00 0.00 0.00 0.00 0.00 0.00 0.00 0.00 0.00 0.00 0.00 0.00 0.00 0.00 0.00 0.00 0.00 0.00 0.00 0.00 0.00 0.00 0.00 0.00 0.00 0.00 0.00 0.00 0.00 0.00 0.00 0.00 0.00 0.00 0.00 0.00 0.00 0.00 0.00 0.00 0.00 0.00 0.00 0.00 0.00 0.00 0.00 0.00 0.00 0.00 0.00 0.00 0.00 0.00 0.00 0.00 0.00 0.00 0.00 0.00 0.00 0.00 0.00 0.00 0.00 0.00 0.00 0.00 0.00 0.00 0.00 0.00 0.00 0.00 0.00 0.00 0.00 0.00 0.00 0.00 0.00 0.00 0.00 0.00 0.00 0.00 0.00 0.00 0.00 0.00 0.00 0.00 0.00 0.00 0.00 0.00 0.00 0.00 0.00 0.00 0.00 0.00 0.00 0.00 0.00 0.00 0.00 0.00 0.00 0.00 0.00 0.00 0.00 0.00 0.00 0.00 0.00 0.00 0.00 0.00 0.00 0.00 0.00 0.00 0.00 0.00 0.00 0.00 0.00 0.00 0.00 0.00 0.00 0.00 0.00 0.00 0.00 0.00 0.00 0.00 0.00 0.00 0.00 0.00 0.00 0.00 0.00 0.00 0.00 0.00 0.00 0.00 0.00 0.00 0.00 0.00 0.00 0.00 0.00 0.00 0.00 0.00 0.00 0.00 0.00 0.00 0.00 0.00 0.00 0.00 0.00 0.00 0.00 0.00 0.00 0.00 0.00 0.00 0.00 0.00 0.00 0.00 0.00 0.00 0.00 0.00 0.00 0.00 0.00 0.00 0.00 0.00 0.00 0.00 0.00 0.00 0.00 0.00 0.00 0.00 0.00 0.00 0.00 0.00 0.00 0.00 0.00 0.00 0.00 0.00 0.00 0.00 0.00 0.00 0.00 0.00 0.00 0.00 0.00 0.00 0.00 0.00 0.00 0.00 0.00 0.00 0.00 0.00 0.00 0.00 0.00 0.00 0.00 0.00 0.00 0.00 0.00 0.00 0.00 0.00 0.00 0.00 0.00 0.00 0.00 0.00 0.00 0.00 0.00 0.00 0.00 0.00 0.00 0.00 0.00 0.00 0.00 0.00 0.00 0.00 0.00 0.00 0.00 0.00 0.00 0.00 0.00 0.00 0.00 0.00 0.00 0.00 0.00 0.00 0.00 0.00 0.00 0.00 0.00 0.00 0.00 0.00 0.00 0.00 0.00 0.00 0.00 0.00 0.00 0.00 0.00 0.00 0.00 0.00 0.00 0.00 0.00 0.00 0.00 0.00 0.00 0.00 0.00 0.00 0.00 0.00 0.00 0.00 0.00 0.00 0.00 0.00 0.00 0.00 0.00 0.00 0.00 0.00 0.00 0.00 0.00 0.00 0.00 0.00 0.00 0.00 0.00 0.00 0.00 0.00 0.00 0.00 0.00 0.00 0.00 0.00 0.00 0.00 0.00 0.00 0.00 0.00 0.00 0.00 0.00 0.00 0.00 0.00 0.00 0.00 0.00 0.00 0.00 0.00 0.00 0.00 0.00 0.00 0.00 0.00 0.00 0.00 0.00 0.00 0.00 0.00 0.00 0.00 0.00 0.00 0.00 0.00 0.00 0.00 0.00 0.00 0.00 0.00 0.00 0.00 0.00 0.00 0.00 0.00 0.00 0.00 0.00 0.00 0.00 0.00 0.00 0.00 0.00 0.00 0.00 0.00 0.00 0.00 0.00 0.00 0.00 0.00 0.00 0.00 0.00 0.00 0.00 0.00 0.00 0.00 0.00 0.00 0.00 0.00 0.00 0.00 0.00 0.00 0.00 0.00 0.00 0.00 0.00 0.00 0.00 0.00 0.00 0.00 0.00 0.00 0.00 0.00 0.00 0.00 0.00 0.00 0.00 0.00 0.00 0.00 0.00 0.00 0.00 0.00 0.00 0.00 0.00 0.00 0.00 0.00 0.00 0.00 0.00 0.00 0.00 0.00 0.00 0.00 0.00 0.00 0.00 0.00 0.00 0.00 0.00 0.00 0.00 0.00 0.00 0.00 0.00 0.00 0.00 0.00 0.00 0.00 0.00 0.00 0.00 0.00 0.00 0.00 0.00 0.00 0.00 0.00 0.00 0.00 0.00 0.00 0.00 0.00 0.00 0.00 0.00 0.00 0.00 0.00 0.00 0.00 0.00 0.00 0.00 0.00 0.00 0.00 0.00 0.00 0.00 0.00 0.00 0.00 0.00 0.00 0.00 0.00 0.00 0.00 0.00 0.00 0.00 0.00 0.00 0.00 0.00 0.00 0.00 0.00 0.00 0.00 0.00 0.00 0.00 0.00 0.00 0.00 0.00 0.00 0.00 0.00 0.00 0.00 0.00 0.00 0.00 0.00 0.00 0.00 0.00 0.00 0.00 0.00 0.00 0.00 0.00 0.00 0.00 0.00 0.00 0.00 0.00 0.00 0.00 0.00 0.00 0.00 0.00 0.00 0.00 0.00 0.00 0.00 0.00 0.00 0.00 0.00 0.00 0.00 0.00 0.00 0.00 0.00 0.00 0.00 0.00 0.00 0.00 0.00 0.00 0.00 0.00 0.00 0.00 0.00 0.00 0.00 0.00 0.00 0.00 0.00 0.00 0.00 0.00 0.00 0.00 0.00 0.00 0.00 0.00 0.00 0.00 0.00 0.00 0.00 0.00 0.00 0.00 0.00 0.00 0.00 0.00 0.00 0.00 0.00 0.00 0.00 0.00 0.00 0.00 0.00 0.00 0.00 0.00 0.00 0.00 0.00 0.00 0.00 0.00 0.00 0.00 0.00 0.00 0.00 0.00 0.00 0.00 0.00 0.00 0.00 0.00 0.00 0.00 0.00 0.00 0.00 0.00 0.00 0.00 0.00 0.00 0.00 0.00 0.00 0.00 0.00 0.00 0.00 0.00 0.00 0.00 0.00 0.00 0.00 0.00 0.00 0.00 0.00 0.00 0.00 0.00 0.00 0.00 0.00 0.00 0.00 0.00 0.00 0.00 0.00 0.00 0.00 0.00 0.00 0.00 0.00 0.00 0.00 0.00 0.00 0.00 0.00 0.00 0.00 0.00 0.00 0.00 0.00 0.00 0.00 0.00 0.00 0.00 0.00 0.00 0.00 0.00 0.00 0.00 0.00 0.00 0.00 0.00 0.00 0.00 0.00 0.00 0.00 0.00 0.00 0.00 0.00 0.00 0.00 0.00 0.00 0.00 0.00 0.00 0.00 0.00 0.00 0.00 0.00 0.00 0.00 0.00 0.00 0.00 0.00 0.00 0.00 0.00 0.00 0.00 0.00 0.00 0.00 0.00 0.00 0.00 0.00 0.00 0.00 0.00 0.00 0.00 0.00 0.00 0.00 0.00 0.00 0.00 0.00 0.00 0.00 0.00 0.00 0.00 0.00 0.00 0.00 0.00 0.00 0.00 0.00 0.00 0.00 0.00 0.00 0.00 0.00 0.00 0.00 0.00 0.00 0.00 0.00 0.00 0.00 0.00 0.00 0.00 0.00 0.00 0.00 0.00 0.00 0.00 0.00 0.00 0.00 0.00 0.00 0.00
height.size=5100
height.data=21.92 358.75 695.46 1031.95 1368.11 1703.86 2039.08 2373.67 2707.53 3040.57 3372.67 3703.73 4033.66 4362.36 4689.72 5015.65 5340.05 5662.81 5983.85 6303.05 22.15 360.72 699.17 1037.41 1375.32 1712.80 2049.76 2386.08 2721.67 3056.43 3390.25 3723.03 4054.67 4385.07 4714.13 5041.75 5367.82 5692.26 6014.95 6335.81 22.38 362.70 702.89 1042.87 1382.52 1721.74 2060.44 2398.50 2735.82 3072.30 3407.84 3742.33 4075.68 4407.78 4738.54 5067.84 5395.60 5721.70 6046.06 6368.57 22.61 364.67 706.61 1048.33 1389.72 1730.69 2071.12 2410.91 2749.96 3088.17 3425.43 3761.64 4096.69 4430.50 4762.95 5093.94 5423.37 5751.15 6077.17 6401.34 22.84 366.65 710.33 1053.80 1396.93 1739.63 2081.80 2423.32 2764.10 3104.03 3443.01 3780.94 4117.71 4453.21 4787.36 5120.04 5451.15 5780.60 6108.28 6434.10 23.08 368.63 714.06 1059.26 1404.14 1748.58 2092.48 2435.74 2778.25 3119.91 3460.60 3800.24 4138.72 4475.93 4811.77 5146.13 5478.93 5810.05 6139.39 6466.86 23.31 370.60 717.78 1064.73 1411.35 1757.53 2103.17 2448.16 2792.39 3135.78 3478.20 3819.55 4159.73 4498.64 4836.18 5172.23 5506.71 5839.50 6170.51 6499.63 23.54 372.58 721.50 1070.20 1418.56 1766.48 2113.85 2460.57 2806.54 3151.65 3495.79 3838.86 4180.75 4521.36 4860.59 5198.33 5534.49 5868.95 6201.62 6532.40 23.78 374.57 725.23 1075.66 1425.77 1775.43 2124.54 2472.99 2820.69 3167.52 3513.38 3858.16 4201.77 4544.08 4885.01 5224.44 5562.27 5898.40 6232.74 6565.16 24.02 376.55 728.96 1081.13 1432.98 1784.38 2135.22 2485.41 2834.84 3183.40 3530.98 3877.47 4222.78 4566.80 4909.42 5250.54 5590.05 5927.86 6263.85 6597.93 24.26 378.53 732.68 1086.61 1440.19 1793.33 2145.91 2497.84 2848.99 3199.27 3548.57 3896.78 4243.80 4589.52 4933.84 5276.64 5617.84 5957.31 6294.97 6630.70 24.50 380.52 736.41 1092.08 1447.40 1802.28 2156.60 2510.26 2863.14 3215.15 3566.17 3916.10 4264.82 4612.24 4958.25 5302.75 5645.62 5986.77 6326.09 6663.47 24.74 382.50 740.14 1097.55 1454.62 1811.24 2167.29 2522.68 2877.30 3231.03 3583.77 3935.41 4285.84 4634.97 4982.67 5328.86 5673.41 6016.23 6357.21 6696.24 24.98 384.49 743.87 1103.03 1461.84 1820.19 2177.99 2535.11 2891.45 3246.91 3601.37 3954.72 4306.87 4657.69 5007.09 5354.96 5701.19 6045.68 6388.33 6729.02 25.22 386.48 747.61 1108.50 1469.05 1829.15 2188.68 2547.53 2905.61 3262.79 3618.97 3974.04 4327.89 4680.42 5031.51 5381.07 5728.98 6075.14 6419.45 6761.79 25.47 388.47 751.34 1113.98 1476.27 1838.11 2199.37 2559.96 2919.76 3278.67 3636.57 3993.35 4348.92 4703.15 5055.94 5407.18 5756.77 6104.60 6450.57 6794.57 25.71 390.46 755.08 1119.46 1483.49 1847.06 2210.07 2572.39 2933.92 3294.55 3654.17 4012.67 4369.94 4725.87 5080.36 5433.29 5784.56 6134.06 6481.69 6827.34 25.96 392.45 758.81 1124.94 1490.71 1856.03 2220.76 2584.82 2948.08 3310.44 3671.78 4031.99 4390.97 4748.60 5104.78 5459.40 5812.35 6163.53 6512.82 6860.12 26.21 394.44 762.55 1130.42 1497.93 1864.99 2231.46 2597.25 2962.24 3326.32 3689.38 4051.31 4412.00 4771.33 5129.21 5485.52 5840.15 6192.99 6543.94 6892.90 26.45 396.44 766.29 1135.90 1505.16 1873.95 2242.16 2609.68 2976.40 3342.21 3706.99 4070.63 4433.03 4794.06 5153.64 5511.63 5867.94 6222.46 6575.07 6925.68 26.70 398.43 770.03 1141.38 1512.38 1882.91 2252.86 2622.12 2990.56 3358.09 3724.59 4089.95 4454.06 4816.80 5178.06 5537.74 5895.73 6251.92 6606.20 6958.46 26.96 400.43 773.77 1146.87 1519.61 1891.88 2263.56 2634.55 3004.73 3373.98 3742.20 4109.27 4475.09 4839.53 5202.49 5563.86 5923.53 6281.39 6637.33 6991.24 27.21 402.43 777.51 1152.35 1526.84 1900.84 2274.27 2646.99 3018.89 3389.87 3759.81 4128.60 4496.12 4862.26 5226.92 5589.98 5951.33 6310.86 6668.46 7024.02 27.46 404.42 781.26 1157.84 1534.06 1909.81 2284.97 2659.42 3033.06 3405.76 3777.42 4147.92 4517.15 4885.00 5251.35 5616.10 5979.12 6340.32 6699.59 7056.80 27.72 406.42 785.00 1163.33 1541.29 1918.78 2295.67 2671.86 3047.23 3421.66 3795.03 4167.25 4538.19 4907.74 5275.78 5642.22 6006.92 6369.79 6730.72 7089.59 27.97 408.43 788.75 1168.82 1548.52 1927.75 2306.38 2684.30 3061.39 3437.55 3812.65 4186.58 4559.22 4930.47 5300.22 5668.34 6034.72 6399.27 6761.85 7122.37 28.23 410.43 792.49 1174.31 1555.75 1936.72 2317.09 2696.74 3075.56 3453.44 3830.26 4205.91 4580.26 4953.21 5324.65 5694.46 6062.52 6428.74 6792.99 7155.16 28.49 412.43 796.24 1179.80 1562.99 1945.69 2327.80 2709.18 3089.73 3469.34 3847.88 4225.24 4601.30 4975.95 5349.09 5720.58 6090.33 6458.21 6824.12 7187.95 28.75 414.44 799.99 1185.29 1570.22 1954.66 2338.51 2721.62 3103.91 3485.23 3865.49 4244.57 4622.34 4998.70 5373.52 5746.70 6118.13 6487.69 6855.26 7220.74 29.01 416.44 803.74 1190.78 1577.46 1963.64 2349.22 2734.07 3118.08 3501.13 3883.11 4263.90 4643.38 5021.44 5397.96 5772.83 6145.93 6517.16 6886.39 7253.52 29.27 418.45 807.49 1196.28 1584.69 1972.61 2359.93 2746.51 3132.25 3517.03 3900.73 4283.23 4664.42 5044.18 5422.40 5798.96 6173.74 6546.64 6917.53 7286.32 29.53 420.46 811.24 1201.77 1591.93 1981.59 2370.64 2758.96 3146.43 3532.93 3918.35 4302.57 4685.46 5066.93 5446.84 5825.08 6201.55 6576.11 6948.67 7319.11 29.80 422.47 815.00 1207.27 1599.17 1990.57 2381.35 2771.41 3160.60 3548.83 3935.97 4321.90 4706.51 5089.67 5471.28 5851.21 6229.35 6605.59 6979.81 7351.90 30.06 424.48 818.75 1212.77 1606.41 1999.55 2392.07 2783.85 3174.78 3564.73 3953.59 4341.24 4727.55 5112.42 5495.72 5877.34 6257.16 6635.07 7010.95 7384.69 30.33 426.49 822.51 1218.27 1613.65 2008.53 2402.79 2796.30 3188.96 3580.64 3971.22 4360.58 4748.60 5135.17 5520.16 5903.47 6284.97 6664.55 7042.10 7417.49 30.60 428.50 826.27 1223.77 1620.89 2017.51 2413.50 2808.75 3203.14 3596.54 3988.84 4379.91 4769.65 5157.92 5544.61 5929.60 6312.78 6694.04 7073.24 7450.28 30.87 430.52 830.02 1229.27 1628.13 2026.49 2424.22 2821.21 3217.32 3612.45 4006.47 4399.25 4790.69 5180.67 5569.05 5955.74 6340.60 6723.52 7104.39 7483.08 31.14 432.53 833.78 1234.77 1635.38 2035.48 2434.94 2833.66 3231.50 3628.35 4024.09 4418.59 4811.74 5203.42 5593.50 5981.87 6368.41 6753.00 7135.53 7515.88 31.41 434.55 837.55 1240.28 1642.62 2044.46 2445.66 2846.11 3245.69 3644.26 4041.72 4437.94 4832.79 5226.17 5617.95 6008.00 6396.22 6782.49 7166.68 7548.68 31.68 436.57 841.31 1245.78 1649.87 2053.45 2456.39 2858.57 3259.87 3660.17 4059.35 4457.28 4853.85 5248.92 5642.39 6034.14 6424.04 6811.97 7197.83 7581.48 31.95 438.58 845.07 1251.29 1657.12 2062.43 2467.11 2871.03 3274.06 3676.08 4076.98 4476.62 4874.90 5271.68 5666.84 6060.28 6451.85 6841.46 7228.97 7614.28 32.23 440.60 848.84 1256.80 1664.37 2071.42 2477.83 2883.48 3288.24 3691.99 4094.61 4495.97 4895.95 5294.43 5691.30 6086.41 6479.67 6870.95 7260.12 7647.08 32.51 442.63 852.60 1262.31 1671.62 2080.41 2488.56 2895.94 3302.43 3707.91 4112.24 4515.32 4917.01 5317.19 5715.75 6112.55 6507.49 6900.44 7291.28 7679.89 32.78 444.65 856.37 1267.82 1678.87 2089.40 2499.29 2908.40 3316.62 3723.82 4129.88 4534.66 4938.06 5339.95 5740.20 6138.69 6535.31 6929.93 7322.43 7712.69 33.06 446.67 860.14 1273.33 1686.12 2098.39 2510.01 2920.86 3330.81 3739.73 4147.51 4554.01 4959.12 5362.71 5764.65 6164.84 6563.13 6959.42 7353.58 7745.50 33.34 448.70 863.90 1278.84 1693.38 2107.39 2520.74 2933.32 3345.00 3755.65 4165.15 4573.36 4980.18 5385.47 5789.11 6190.98 6590.95 6988.91 7384.74 7778.30 33.62 450.72 867.68 1284.35 1700.63 2116.38 2531.47 2945.79 3359.19 3771.57 4182.78 4592.72 5001.24 5408.23 5813.57 6217.12 6618.78 7018.41 7415.89 7811.11 33.90 452.75 871.45 1289.87 1707.89 2125.38 2542.21 2958.25 3373.39 3787.49 4200.42 4612.07 5022.30 5430.99 5838.02 6243.27 6646.60 7047.90 7447.05 7843.92 34.19 454.78 875.22 1295.38 1715.14 2134.37 2552.94 2970.72 3387.58 3803.41 4218.06 4631.42 5043.36 5453.76 5862.48 6269.41 6674.42 7077.40 7478.20 7876.73 34.47 456.81 878.99 1300.90 1722.40 2143.37 2563.67 2983.19 3401.78 3819.33 4235.70 4650.78 5064.42 5476.52 5886.94 6295.56 6702.25 7106.89 7509.36 7909.54 34.76 458.84 882.77 1306.42 1729.66 2152.37 2574.41 2995.65 3415.98 3835.25 4253.34 4670.13 5085.49 5499.29 5911.40 6321.71 6730.08 7136.39 7540.52 7942.35 35.04 460.87 886.54 1311.94 1736.92 2161.37 2585.14 3008.12 3430.17 3851.17 4270.98 4689.49 5106.55 5522.05 5935.86 6347.86 6757.91 7165.89 7571.68 7975.16 35.33 462.90 890.32 1317.46 1744.19 2170.37 2595.88 3020.59 3444.37 3867.10 4288.63 4708.85 5127.62 5544.82 5960.33 6374.01 6785.74 7195.39 7602.84 8007.98 35.62 464.94 894.10 1322.98 1751.45 2179.37 2606.62 3033.06 3458.57 3883.02 4306.27 4728.21 5148.69 5567.59 5984.79 6400.16 6813.57 7224.89 7634.01 8040.79 35.91 466.97 897.88 1328.50 1758.71 2188.38 2617.36 3045.54 3472.78 3898.95 4323.92 4747.57 5169.76 5590.36 6009.26 6426.31 6841.40 7254.39 7665.17 8073.61 36.20 469.01 901.66 1334.03 1765.98 2197.38 2628.10 3058.01 3486.98 3914.87 4341.57 4766.93 5190.83 5613.13 6033.72 6452.46 6869.23 7283.90 7696.34 8106.42 36.49 471.05 905.44 1339.55 1773.25 2206.39 2638.84 3070.49 3501.18 3930.80 4359.22 4786.29 5211.90 5635.91 6058.19 6478.62 6897.06 7313.40 7727.50 8139.24 36.79 473.08 909.23 1345.08 1780.51 2215.39 2649.59 3082.96 3515.39 3946.73 4376.86 4805.65 5232.97 5658.68 6082.66 6504.77 6924.90 7342.91 7758.67 8172.06 37.08 475.12 913.01 1350.61 1787.78 2224.40 2660.33 3095.44 3529.59 3962.66 4394.52 4825.02 5254.04 5681.45 6107.13 6530.93 6952.73 7372.41 7789.84 8204.88 37.38 477.17 916.80 1356.14 1795.05 2233.41 2671.08 3107.92 3543.80 3978.60 4412.17 4844.38 5275.12 5704.23 6131.60 6557.09 6980.57 7401.92 7821.01 8237.70 37.68 479.21 920.58 1361.67 1802.32 2242.42 2681.82 3120.40 3558.01 3994.53 4429.82 4863.75 5296.19 5727.01 6156.07 6583.25 7008.41 7431.43 7852.18 8270.52 37.97 481.25 924.37 1367.20 1809.60 2251.43 2692.57 3132.88 3572.22 4010.46 4447.47 4883.12 5317.27 5749.79 6180.54 6609.41 7036.25 7460.94 7883.35 8303.35 38.27 483.30 928.16 1372.73 1816.87 2260.44 2703.32 3145.36 3586.43 4026.40 4465.13 4902.49 5338.34 5772.56 6205.02 6635.57 7064.09 7490.45 7914.52 8336.17 38.57 485.34 931.95 1378.26 1824.14 2269.46 2714.07 3157.84 3600.64 4042.34 4482.79 4921.86 5359.42 5795.34 6229.49 6661.73 7091.93 7519.96 7945.69 8369.00 38.88 487.39 935.74 1383.80 1831.42 2278.47 2724.82 3170.33 3614.86 4058.27 4500.44 4941.23 5380.50 5818.13 6253.97 6687.89 7119.77 7549.47 7976.87 8401.82 39.18 489.44 939.53 1389.33 1838.70 2287.49 2735.57 3182.81 3629.07 4074.21 4518.10 4960.60 5401.58 5840.91 6278.44 6714.06 7147.62 7578.99 8008.04 8434.65 39.48 491.49 943.33 1394.87 1845.98 2296.51 2746.33 3195.30 3643.29 4090.15 4535.76 4979.98 5422.67 5863.69 6302.92 6740.22 7175.46 7608.50 8039.22 8467.48 39.79 493.54 947.12 1400.41 1853.26 2305.53 2757.08 3207.79 3657.50 4106.09 4553.42 4999.35 5443.75 5886.48 6327.40 6766.39 7203.31 7638.02 8070.40 8500.31 40.10 495.59 950.92 1405.95 1860.54 2314.55 2767.84 3220.28 3671.72 4122.04 4571.08 5018.73 5464.83 5909.26 6351.88 6792.56 7231.15 7667.54 8101.58 8533.14 40.40 497.64 954.72 1411.49 1867.82 2323.57 2778.60 3232.77 3685.94 4137.98 4588.75 5038.11 5485.92 5932.05 6376.36 6818.73 7259.00 7697.06 8132.76 8565.97 40.71 499.70 958.52 1417.03 1875.10 2332.59 2789.35 3245.26 3700.16 4153.92 4606.41 5057.48 5507.01 5954.84 6400.85 6844.90 7286.85 7726.57 8163.94 8598.80 41.02 501.75 962.32 1422.57 1882.39 2341.61 2800.11 3257.75 3714.38 4169.87 4624.08 5076.86 5528.09 5977.63 6425.33 6871.07 7314.70 7756.10 8195.12 8631.64 41.33 503.81 966.12 1428.12 1889.67 2350.64 2810.87 3270.24 3728.60 4185.82 4641.74 5096.24 5549.18 6000.42 6449.82 6897.24 7342.55 7785.62 8226.30 8664.47 41.65 505.87 969.92 1433.66 1896.96 2359.66 2821.64 3282.74 3742.83 4201.76 4659.41 5115.63 5570.27 6023.21 6474.30 6923.41 7370.40 7815.14 8257.49 8697.31 41.96 507.92 973.72 1439.21 1904.25 2368.69 2832.40 3295.23 3757.05 4217.71 4677.08 5135.01 5591.36 6046.00 6498.79 6949.59 7398.26 7844.66 8288.67 8730.14 42.28 509.98 977.53 1444.76 1911.53 2377.72 2843.16 3307.73 3771.28 4233.66 4694.75 5154.39 5612.46 6068.80 6523.28 6975.76 7426.11 7874.19 8319.86 8762.98 42.59 512.05 981.33 1450.31 1918.82 2386.75 2853.93 3320.23 3785.50 4249.62 4712.42 5173.78 5633.55 6091.59 6547.77 7001.94 7453.97 7903.71 8351.04 8795.82 42.91 514.11 985.14 1455.86 1926.12 2395.78 2864.69 3332.73 3799.73 4265.57 4730.09 5193.16 5654.64 6114.39 6572.26 7028.12 7481.82 7933.24 8382.23 8828.66 43.23 516.17 988.95 1461.41 1933.41 2404.81 2875.46 3345.23 3813.96 4281.52 4747.77 5212.55 5675.74 6137.18 6596.75 7054.29 7509.68 7962.77 8413.42 8861.50 43.55 518.24 992.76 1466.96 1940.70 2413.84 2886.23 3357.73 3828.19 4297.48 4765.44 5231.94 5696.83 6159.98 6621.24 7080.47 7537.54 7992.30 8444.61 8894.34 43.87 520.30 996.57 1472.51 1948.00 2422.87 2897.00 3370.23 3842.42 4313.43 4783.12 5251.33 5717.93 6182.78 6645.74 7106.66 7565.40 8021.83 8475.80 8927.19 44.19 522.37 1000.38 1478.07 1955.29 2431.91 2907.77 3382.74 3856.66 4329.39 4800.79 5270.72 5739.03 6205.58 6670.23 7132.84 7593.26 8051.36 8507.00 8960.03 44.51 524.44 1004.19 1483.62 1962.59 2440.95 2918.54 3395.24 3870.89 4345.35 4818.47 5290.11 5760.13 6228.38 6694.73 7159.02 7621.12 8080.89 8538.19 8992.88 44.84 526.51 1008.00 1489.18 1969.89 2449.98 2929.32 3407.75 3885.13 4361.31 4836.15 5309.51 5781.23 6251.19 6719.22 7185.20 7648.98 8110.42 8569.38 9025.72 45.16 528.58 1011.82 1494.74 1977.19 2459.02 2940.09 3420.26 3899.36 4377.27 4853.83 5328.90 5802.34 6273.99 6743.72 7211.39 7676.85 8139.96 8600.58 9058.57 45.49 530.65 1015.63 1500.30 1984.49 2468.06 2950.87 3432.76 3913.60 4393.23 4871.51 5348.30 5823.44 6296.80 6768.22 7237.58 7704.71 8169.49 8631.78 9091.42 45.82 532.72 1019.45 1505.86 1991.79 2477.10 2961.65 3445.27 3927.84 4409.19 4889.19 5367.69 5844.54 6319.60 6792.72 7263.76 7732.58 8199.03 8662.97 9124.27 46.15 534.80 1023.27 1511.42 1999.09 2486.14 2972.42 3457.78 3942.08 4425.16 4906.88 5387.09 5865.65 6342.41 6817.22 7289.95 7760.45 8228.57 8694.17 9157.12 46.48 536.87 1027.09 1516.98 2006.40 2495.19 2983.20 3470.30 3956.32 4441.12 4924.56 5406.49 5886.76 6365.22 6841.73 7316.14 7788.32 8258.11 8725.37 9189.97 46.81 538.95 1030.91 1522.55 2013.70 2504.23 2993.98 3482.81 3970.56 4457.09 4942.25 5425.89 5907.86 6388.03 6866.23 7342.33 7816.19 8287.65 8756.57 9222.82 47.14 541.03 1034.73 1528.11 2021.01 2513.28 3004.76 3495.32 3984.80 4473.06 4959.94 5445.29 5928.97 6410.84 6890.74 7368.52 7844.06 8317.19 8787.78 9255.68 47.47 543.11 1038.56 1533.68 2028.32 2522.32 3015.55 3507.84 3999.05 4489.03 4977.62 5464.69 5950.08 6433.65 6915.24 7394.72 7871.93 8346.73 8818.98 9288.53 47.81 545.19 1042.38 1539.24 2035.62 2531.37 3026.33 3520.36 4013.29 4505.00 4995.31 5484.10 5971.19 6456.46 6939.75 7420.91 7899.80 8376.27 8850.18 9321.39 48.15 547.27 1046.21 1544.81 2042.93 2540.42 3037.12 3532.87 4027.54 4520.97 5013.00 5503.50 5992.31 6479.27 6964.26 7447.11 7927.67 8405.82 8881.39 9354.24 48.48 549.35 1050.03 1550.38 2050.25 2549.47 3047.90 3545.39 4041.79 4536.94 5030.70 5522.91 6013.42 6502.09 6988.77 7473.30 7955.55 8435.36 8912.59 9387.10 48.82 551.43 1053.86 1555.95 2057.56 2558.52 3058.69 3557.91 4056.04 4552.91 5048.39 5542.31 6034.53 6524.91 7013.28 7499.50 7983.43 8464.91 8943.80 9419.96 49.16 553.52 1057.69 1561.53 2064.87 2567.57 3069.48 3570.43 4070.29 4568.89 5066.08 5561.72 6055.65 6547.72 7037.79 7525.70 8011.30 8494.46 8975.01 9452.82 49.50 555.60 1061.52 1567.10 2072.19 2576.63 3080.27 3582.96 4084.54 4584.86 5083.78 5581.13 6076.77 6570.54 7062.30 7551.90 8039.18 8524.00 9006.22 9485.68 49.84 557.69 1065.35 1572.67 2079.50 2585.68 3091.06 3595.48 4098.79 4600.84 5101.47 5600.54 6097.88 6593.36 7086.81 7578.10 8067.06 8553.55 9037.43 9518.54 50.19 559.78 1069.18 1578.25 2086.82 2594.74 3101.85 3608.01 4113.05 4616.82 5119.17 5619.95 6119.00 6616.18 7111.33 7604.30 8094.94 8583.10 9068.64 9551.41 50.53 561.87 1073.02 1583.83 2094.14 2603.80 3112.64 3620.53 4127.30 4632.80 5136.87 5639.36 6140.12 6639.00 7135.85 7630.50 8122.82 8612.66 9099.85 9584.27 50.88 563.96 1076.85 1589.40 2101.46 2612.85 3123.44 3633.06 4141.56 4648.78 5154.57 5658.78 6161.25 6661.83 7160.36 7656.71 8150.70 8642.21 9131.07 9617.14 51.22 566.05 1080.69 1594.98 2108.78 2621.91 3134.23 3645.59 4155.81 4664.76 5172.27 5678.19 6182.37 6684.65 7184.88 7682.91 8178.59 8671.76 9162.28 9650.00 51.57 568.14 1084.53 1600.56 2116.10 2630.97 3145.03 3658.12 4170.07 4680.74 5189.97 5697.61 6203.49 6707.47 7209.40 7709.12 8206.47 8701.32 9193.50 9682.87 51.92 570.24 1088.37 1606.15 2123.42 2640.04 3155.83 3670.65 4184.33 4696.73 5207.67 5717.02 6224.62 6730.30 7233.92 7735.32 8234.36 8730.87 9224.72 9715.74 52.27 572.33 1092.21 1611.73 2130.75 2649.10 3166.63 3683.18 4198.59 4712.71 5225.38 5736.44 6245.74 6753.13 7258.44 7761.53 8262.25 8760.43 9255.93 9748.61 52.62 574.43 1096.05 1617.31 2138.07 2658.16 3177.43 3695.71 4212.85 4728.70 5243.08 5755.86 6266.87 6775.96 7282.96 7787.74 8290.13 8789.99 9287.15 9781.48 52.97 576.53 1099.89 1622.90 2145.40 2667.23 3188.23 3708.25 4227.12 4744.68 5260.79 5775.28 6288.00 6798.79 7307.49 7813.95 8318.02 8819.55 9318.37 9814.35 53.33 578.63 1103.73 1628.48 2152.73 2676.29 3199.03 3720.78 4241.38 4760.67 5278.50 5794.70 6309.13 6821.62 7332.01 7840.16 8345.91 8849.11 9349.59 9847.22 53.68 580.73 1107.58 1634.07 2160.05 2685.36 3209.84 3733.32 4255.64 4776.66 5296.21 5814.12 6330.26 6844.45 7356.54 7866.38 8373.80 8878.67 9380.82 9880.10 54.04 582.83 1111.42 1639.66 2167.38 2694.43 3220.64 3745.85 4269.91 4792.65 5313.92 5833.55 6351.39 6867.28 7381.07 7892.59 8401.70 8908.23 9412.04 9912.97 54.40 584.93 1115.27 1645.25 2174.71 2703.50 3231.45 3758.39 4284.18 4808.64 5331.63 5852.97 6372.52 6890.11 7405.59 7918.80 8429.59 8937.79 9443.26 9945.85 54.75 587.03 1119.12 1650.84 2182.05 2712.57 3242.25 3770.93 4298.45 4824.64 5349.34 5872.40 6393.66 6912.95 7430.12 7945.02 8457.48 8967.36 9474.49 9978.72 55.11 589.14 1122.96 1656.43 2189.38 2721.64 3253.06 3783.47 4312.72 4840.63 5367.05 5891.83 6414.79 6935.79 7454.65 7971.24 8485.38 8996.92 9505.72 10011.60 55.47 591.24 1126.81 1662.03 2196.71 2730.72 3263.87 3796.02 4326.99 4856.62 5384.77 5911.25 6435.93 6958.62 7479.18 7997.46 8513.28 9026.49 9536.94 10044.48 55.84 593.35 1130.67 1667.62 2204.05 2739.79 3274.68 3808.56 4341.26 4872.62 5402.48 5930.68 6457.06 6981.46 7503.72 8023.67 8541.17 9056.06 9568.17 10077.36 56.20 595.46 1134.52 1673.22 2211.39 2748.87 3285.49 3821.10 4355.53 4888.62 5420.20 5950.11 6478.20 7004.30 7528.25 8049.89 8569.07 9085.63 9599.40 10110.24 56.56 597.57 1138.37 1678.81 2218.73 2757.95 3296.31 3833.65 4369.81 4904.62 5437.92 5969.55 6499.34 7027.14 7552.79 8076.12 8596.97 9115.20 9630.63 10143.12 56.93 599.68 1142.23 1684.41 2226.06 2767.02 3307.12 3846.20 4384.08 4920.62 5455.64 5988.98 6520.48 7049.98 7577.32 8102.34 8624.87 9144.77 9661.86 10176.00 57.30 601.79 1146.08 1690.01 2233.41 2776.10 3317.94 3858.74 4398.36 4936.62 5473.36 6008.41 6541.62 7072.83 7601.86 8128.56 8652.78 9174.34 9693.10 10208.89 57.66 603.90 1149.94 1695.61 2240.75 2785.18 3328.75 3871.29 4412.64 4952.62 5491.08 6027.85 6562.77 7095.67 7626.40 8154.79 8680.68 9203.91 9724.33 10241.77 58.03 606.02 1153.80 1701.21 2248.09 2794.26 3339.57 3883.84 4426.92 4968.62 5508.80 6047.28 6583.91 7118.51 7650.94 8181.01 8708.58 9233.49 9755.57 10274.66 58.40 608.13 1157.66 1706.82 2255.43 2803.35 3350.39 3896.39 4441.20 4984.63 5526.52 6066.72 6605.05 7141.36 7675.48 8207.24 8736.49 9263.06 9786.80 10307.55 58.78 610.25 1161.52 1712.42 2262.78 2812.43 3361.21 3908.95 4455.48 5000.63 5544.25 6086.16 6626.20 7164.21 7700.02 8233.47 8764.39 9292.64 9818.04 10340.44 59.15 612.37 1165.38 1718.02 2270.12 2821.52 3372.03 3921.50 4469.76 5016.64 5561.97 6105.60 6647.35 7187.06 7724.56 8259.70 8792.30 9322.22 9849.28 10373.32 59.52 614.49 1169.25 1723.63 2277.47 2830.60 3382.85 3934.06 4484.04 5032.65 5579.70 6125.04 6668.50 7209.91 7749.10 8285.93 8820.21 9351.79 9880.52 10406.22 59.90 616.61 1173.11 1729.24 2284.82 2839.69 3393.68 3946.61 4498.33 5048.66 5597.43 6144.48 6689.65 7232.76 7773.65 8312.16 8848.12 9381.37 9911.76 10439.11 60.27 618.73 1176.98 1734.85 2292.17 2848.78 3404.50 3959.17 4512.61 5064.67 5615.16 6163.92 6710.80 7255.61 7798.19 8338.39 8876.03 9410.95 9943.00 10472.00 60.65 620.85 1180.84 1740.46 2299.52 2857.87 3415.33 3971.73 4526.90 5080.68 5632.89 6183.37 6731.95 7278.46 7822.74 8364.62 8903.94 9440.54 9974.24 10504.89 61.03 622.97 1184.71 1746.07 2306.87 2866.96 3426.15 3984.29 4541.19 5096.69 5650.62 6202.81 6753.10 7301.31 7847.29 8390.86 8931.86 9470.12 10005.48 10537.79 61.41 625.10 1188.58 1751.68 2314.23 2876.05 3436.98 3996.85 4555.48 5112.70 5668.35 6222.26 6774.25 7324.17 7871.84 8417.09 8959.77 9499.70 10036.73 10570.68 61.79 627.22 1192.45 1757.29 2321.58 2885.15 3447.81 4009.41 4569.77 5128.72 5686.09 6241.71 6795.41 7347.03 7896.39 8443.33 8987.68 9529.29 10067.97 10603.58 62.17 629.35 1196.32 1762.91 2328.94 2894.24 3458.64 4021.97 4584.06 5144.73 5703.82 6261.16 6816.57 7369.88 7920.94 8469.57 9015.60 9558.87 10099.22 10636.48 62.55 631.48 1200.19 1768.52 2336.29 2903.34 3469.47 4034.54 4598.35 5160.75 5721.56 6280.61 6837.72 7392.74 7945.49 8495.81 9043.52 9588.46 10130.47 10669.38 62.94 633.61 1204.07 1774.14 2343.65 2912.43 3480.31 4047.10 4612.65 5176.77 5739.30 6300.06 6858.88 7415.60 7970.05 8522.05 9071.44 9618.05 10161.72 10702.28 63.32 635.74 1207.94 1779.76 2351.01 2921.53 3491.14 4059.67 4626.94 5192.79 5757.03 6319.51 6880.04 7438.46 7994.60 8548.29 9099.36 9647.64 10192.97 10735.18 63.71 637.87 1211.82 1785.38 2358.37 2930.63 3501.98 4072.24 4641.24 5208.81 5774.77 6338.96 6901.20 7461.32 8019.16 8574.53 9127.28 9677.23 10224.22 10768.08 64.10 640.00 1215.70 1791.00 2365.73 2939.73 3512.81 4084.81 4655.54 5224.83 5792.51 6358.42 6922.36 7484.19 8043.71 8600.77 9155.20 9706.82 10255.47 10800.98 64.49 642.14 1219.57 1796.62 2373.10 2948.83 3523.65 4097.37 4669.83 5240.85 5810.26 6377.87 6943.53 7507.05 8068.27 8627.02 9183.12 9736.41 10286.72 10833.89 64.88 644.27 1223.45 1802.24 2380.46 2957.93 3534.49 4109.95 4684.13 5256.88 5828.00 6397.33 6964.69 7529.92 8092.83 8653.26 9211.04 9766.00 10317.98 10866.79 65.27 646.41 1227.33 1807.86 2387.82 2967.04 3545.33 4122.52 4698.43 5272.90 5845.74 6416.79 6985.86 7552.78 8117.39 8679.51 9238.97 9795.60 10349.23 10899.70 65.66 648.55 1231.22 1813.49 2395.19 2976.14 3556.17 4135.09 4712.74 5288.93 5863.49 6436.24 7007.02 7575.65 8141.95 8705.76 9266.90 9825.20 10380.49 10932.60 66.06 650.69 1235.10 1819.12 2402.56 2985.25 3567.01 4147.67 4727.04 5304.95 5881.23 6455.70 7028.19 7598.52 8166.51 8732.01 9294.82 9854.79 10411.74 10965.51 66.45 652.83 1238.98 1824.74 2409.93 2994.36 3577.85 4160.24 4741.34 5320.98 5898.98 6475.17 7049.36 7621.39 8191.08 8758.26 9322.75 9884.39 10443.00 10998.42 66.85 654.97 1242.87 1830.37 2417.30 3003.46 3588.70 4172.82 4755.65 5337.01 5916.73 6494.63 7070.53 7644.26 8215.64 8784.51 9350.68 9913.99 10474.26 11031.33 67.24 657.11 1246.76 1836.00 2424.67 3012.57 3599.54 4185.40 4769.96 5353.04 5934.48 6514.09 7091.70 7667.13 8240.21 8810.76 9378.61 9943.59 10505.52 11064.24 67.64 659.25 1250.64 1841.63 2432.04 3021.69 3610.39 4197.98 4784.26 5369.07 5952.23 6533.56 7112.87 7690.00 8264.77 8837.01 9406.54 9973.19 10536.78 11097.15 68.04 661.40 1254.53 1847.26 2439.41 3030.80 3621.24 4210.56 4798.57 5385.11 5969.98 6553.02 7134.04 7712.88 8289.34 8863.27 9434.47 10002.79 10568.05 11130.07 68.44 663.54 1258.42 1852.90 2446.79 3039.91 3632.09 4223.14 4812.88 5401.14 5987.74 6572.49 7155.22 7735.75 8313.91 8889.52 9462.41 10032.39 10599.31 11162.98 68.85 665.69 1262.31 1858.53 2454.16 3049.02 3642.94 4235.72 4827.19 5417.18 6005.49 6591.96 7176.39 7758.63 8338.48 8915.78 9490.34 10062.00 10630.57 11195.90 69.25 667.84 1266.21 1864.17 2461.54 3058.14 3653.79 4248.30 4841.51 5433.21 6023.25 6611.42 7197.57 7781.51 8363.05 8942.04 9518.28 10091.60 10661.84 11228.81 69.65 669.99 1270.10 1869.80 2468.92 3067.26 3664.64 4260.89 4855.82 5449.25 6041.00 6630.89 7218.75 7804.38 8387.63 8968.29 9546.21 10121.21 10693.11 11261.73 70.06 672.14 1274.00 1875.44 2476.30 3076.37 3675.50 4273.48 4870.13 5465.29 6058.76 6650.37 7239.93 7827.26 8412.20 8994.55 9574.15 10150.82 10724.38 11294.65 70.46 674.29 1277.89 1881.08 2483.68 3085.49 3686.35 4286.06 4884.45 5481.33 6076.52 6669.84 7261.11 7850.14 8436.77 9020.81 9602.09 10180.43 10755.64 11327.57 70.87 676.44 1281.79 1886.72 2491.06 3094.61 3697.21 4298.65 4898.77 5497.37 6094.28 6689.31 7282.29 7873.03 8461.35 9047.08 9630.03 10210.04 10786.91 11360.49 71.28 678.60 1285.69 1892.36 2498.44 3103.73 3708.06 4311.24 4913.09 5513.41 6112.04 6708.79 7303.47 7895.91 8485.93 9073.34 9657.97 10239.65 10818.18 11393.41 71.69 680.75 1289.59 1898.01 2505.82 3112.86 3718.92 4323.83 4927.40 5529.46 6129.80 6728.26 7324.65 7918.79 8510.50 9099.60 9685.91 10269.26 10849.46 11426.34 72.10 682.91 1293.49 1903.65 2513.21 3121.98 3729.78 4336.42 4941.72 5545.50 6147.57 6747.74 7345.84 7941.68 8535.08 9125.87 9713.86 10298.87 10880.73 11459.26 72.52 685.07 1297.39 1909.29 2520.59 3131.11 3740.64 4349.02 4956.05 5561.55 6165.33 6767.22 7367.02 7964.56 8559.66 9152.13 9741.80 10328.48 10912.00 11492.18 72.93 687.23 1301.29 1914.94 2527.98 3140.23 3751.50 4361.61 4970.37 5577.59 6183.10 6786.70 7388.21 7987.45 8584.24 9178.40 9769.75 10358.10 10943.28 11525.11 73.34 689.39 1305.20 1920.59 2535.37 3149.36 3762.37 4374.21 4984.69 5593.64 6200.86 6806.18 7409.40 8010.34 8608.83 9204.67 9797.69 10387.72 10974.56 11558.04 73.76 691.55 1309.10 1926.24 2542.76 3158.49 3773.23 4386.80 4999.02 5609.69 6218.63 6825.66 7430.59 8033.23 8633.41 9230.94 9825.64 10417.33 11005.83 11590.97 74.18 693.71 1313.01 1931.89 2550.15 3167.62 3784.10 4399.40 5013.34 5625.74 6236.40 6845.14 7451.78 8056.12 8657.99 9257.21 9853.59 10446.95 11037.11 11623.90 74.60 695.87 1316.92 1937.54 2557.54 3176.75 3794.96 4412.00 5027.67 5641.79 6254.17 6864.62 7472.97 8079.01 8682.58 9283.48 9881.54 10476.57 11068.39 11656.83 75.02 698.04 1320.83 1943.19 2564.94 3185.88 3805.83 4424.60 5042.00 5657.84 6271.94 6884.11 7494.16 8101.91 8707.17 9309.76 9909.49 10506.19 11099.67 11689.76 75.44 700.20 1324.74 1948.84 2572.33 3195.01 3816.70 4437.20 5056.33 5673.90 6289.71 6903.59 7515.35 8124.80 8731.75 9336.03 9937.44 10535.81 11130.95 11722.69 75.86 702.37 1328.65 1954.50 2579.73 3204.15 3827.57 4449.80 5070.66 5689.95 6307.49 6923.08 7536.55 8147.70 8756.34 9362.30 9965.40 10565.43 11162.24 11755.62 76.28 704.54 1332.56 1960.15 2587.12 3213.28 3838.44 4462.41 5084.99 5706.01 6325.26 6942.57 7557.74 8170.59 8780.93 9388.58 9993.35 10595.06 11193.52 11788.56 76.71 706.71 1336.47 1965.81 2594.52 3222.42 3849.31 4475.01 5099.33 5722.06 6343.04 6962.06 7578.94 8193.49 8805.52 9414.86 10021.30 10624.68 11224.80 11821.49 77.13 708.88 1340.39 1971.47 2601.92 3231.56 3860.19 4487.62 5113.66 5738.12 6360.82 6981.55 7600.14 8216.39 8830.12 9441.14 10049.26 10654.31 11256.09 11854.43 77.56 711.05 1344.30 1977.12 2609.32 3240.69 3871.06 4500.22 5128.00 5754.18 6378.59 7001.04 7621.34 8239.29 8854.71 9467.42 10077.22 10683.93 11287.38 11887.37 77.99 713.23 1348.22 1982.78 2616.72 3249.83 3881.94 4512.83 5142.33 5770.24 6396.37 7020.53 7642.54 8262.19 8879.30 9493.70 10105.18 10713.56 11318.67 11920.30 78.42 715.40 1352.14 1988.45 2624.12 3258.98 3892.81 4525.44 5156.67 5786.30 6414.15 7040.03 7663.74 8285.09 8903.90 9519.98 10133.14 10743.19 11349.95 11953.24 78.85 717.57 1356.06 1994.11 2631.53 3268.12 3903.69 4538.05 5171.01 5802.37 6431.94 7059.52 7684.94 8307.99 8928.50 9546.26 10161.10 10772.82 11381.24 11986.18 79.28 719.75 1359.98 1999.77 2638.93 3277.26 3914.57 4550.66 5185.35 5818.43 6449.72 7079.02 7706.14 8330.90 8953.09 9572.54 10189.06 10802.45 11412.54 12019.13 79.71 721.93 1363.90 2005.44 2646.34 3286.41 3925.45 4563.28 5199.69 5834.50 6467.50 7098.52 7727.35 8353.80 8977.69 9598.83 10217.02 10832.08 11443.83 12052.07 80.14 724.11 1367.83 2011.10 2653.74 3295.55 3936.33 4575.89 5214.03 5850.56 6485.29 7118.01 7748.55 8376.71 9002.29 9625.11 10244.99 10861.72 11475.12 12085.01 80.58 726.29 1371.75 2016.77 2661.15 3304.70 3947.22 4588.51 5228.38 5866.63 6503.07 7137.51 7769.76 8399.62 9026.89 9651.40 10272.95 10891.35 11506.42 12117.96 81.02 728.47 1375.68 2022.44 2668.56 3313.85 3958.10 4601.12 5242.72 5882.70 6520.86 7157.01 7790.97 8422.52 9051.50 9677.69 10300.92 10920.99 11537.71 12150.90 81.45 730.65 1379.60 2028.11 2675.97 3323.00 3968.98 4613.74 5257.07 5898.77 6538.65 7176.52 7812.18 8445.43 9076.10 9703.98 10328.88 10950.62 11569.01 12183.85 81.89 732.83 1383.53 2033.78 2683.38 3332.15 3979.87 4626.36 5271.41 5914.84 6556.44 7196.02 7833.39 8468.34 9100.70 9730.27 10356.85 10980.26 11600.30 12216.80 82.33 735.02 1387.46 2039.45 2690.80 3341.30 3990.76 4638.98 5285.76 5930.91 6574.23 7215.52 7854.60 8491.26 9125.31 9756.56 10384.82 11009.90 11631.60 12249.75 82.77 737.21 1391.39 2045.12 2698.21 3350.45 4001.65 4651.60 5300.11 5946.98 6592.02 7235.03 7875.81 8514.17 9149.92 9782.85 10412.79 11039.54 11662.90 12282.70 83.21 739.39 1395.32 2050.80 2705.63 3359.61 4012.54 4664.22 5314.46 5963.06 6609.81 7254.53 7897.02 8537.08 9174.52 9809.15 10440.76 11069.18 11694.20 12315.65 83.66 741.58 1399.25 2056.47 2713.04 3368.76 4023.43 4676.84 5328.81 5979.13 6627.61 7274.04 7918.24 8560.00 9199.13 9835.44 10468.74 11098.82 11725.51 12348.60 84.10 743.77 1403.19 2062.15 2720.46 3377.92 4034.32 4689.47 5343.16 5995.21 6645.40 7293.55 7939.45 8582.92 9223.74 9861.74 10496.71 11128.46 11756.81 12381.55 84.55 745.96 1407.12 2067.83 2727.88 3387.07 4045.21 4702.09 5357.52 6011.29 6663.20 7313.06 7960.67 8605.83 9248.35 9888.03 10524.68 11158.11 11788.11 12414.51 84.99 748.15 1411.06 2073.51 2735.30 3396.23 4056.11 4714.72 5371.87 6027.37 6681.00 7332.57 7981.89 8628.75 9272.96 9914.33 10552.66 11187.75 11819.42 12447.46 85.44 750.35 1415.00 2079.19 2742.72 3405.39 4067.00 4727.35 5386.23 6043.45 6698.80 7352.08 8003.11 8651.67 9297.58 9940.63 10580.64 11217.40 11850.72 12480.42 85.89 752.54 1418.93 2084.87 2750.14 3414.55 4077.90 4739.98 5400.59 6059.53 6716.60 7371.60 8024.33 8674.59 9322.19 9966.93 10608.61 11247.04 11882.03 12513.38 86.34 754.74 1422.87 2090.55 2757.57 3423.72 4088.80 4752.61 5414.95 6075.61 6734.40 7391.11 8045.55 8697.51 9346.81 9993.23 10636.59 11276.69 11913.34 12546.34 86.79 756.93 1426.81 2096.24 2764.99 3432.88 4099.70 4765.24 5429.30 6091.69 6752.20 7410.63 8066.77 8720.44 9371.42 10019.54 10664.57 11306.34 11944.65 12579.30 87.25 759.13 1430.76 2101.92 2772.42 3442.04 4110.60 4777.87 5443.67 6107.78 6770.00 7430.14 8088.00 8743.36 9396.04 10045.84 10692.55 11335.99 11975.96 12612.26 87.70 761.33 1434.70 2107.61 2779.84 3451.21 4121.50 4790.51 5458.03 6123.86 6787.81 7449.66 8109.22 8766.29 9420.66 10072.14 10720.54 11365.64 12007.27 12645.22 88.15 763.53 1438.64 2113.29 2787.27 3460.38 4132.40 4803.14 5472.39 6139.95 6805.61 7469.18 8130.45 8789.21 9445.28 10098.45 10748.52 11395.30 12038.58 12678.18 88.61 765.73 1442.59 2118.98 2794.70 3469.54 4143.30 4815.78 5486.75 6156.04 6823.42 7488.70 8151.67 8812.14 9469.90 10124.76 10776.50 11424.95 12069.90 12711.14 89.07 767.93 1446.54 2124.67 2802.13 3478.71 4154.21 4828.41 5501.12 6172.13 6841.23 7508.22 8172.90 8835.07 9494.52 10151.06 10804.49 11454.60 12101.21 12744.11 89.53 770.14 1450.48 2130.36 2809.56 3487.88 4165.12 4841.05 5515.49 6188.22 6859.04 7527.74 8194.13 8858.00 9519.15 10177.37 10832.48 11484.26 12132.53 12777.08 89.99 772.34 1454.43 2136.05 2817.00 3497.06 4176.02 4853.69 5529.85 6204.31 6876.85 7547.27 8215.36 8880.93 9543.77 10203.68 10860.46 11513.92 12163.84 12810.04 90.45 774.55 1458.38 2141.75 2824.43 3506.23 4186.93 4866.33 5544.22 6220.40 6894.66 7566.79 8236.59 8903.86 9568.40 10229.99 10888.45 11543.57 12195.16 12843.01 90.91 776.75 1462.33 2147.44 2831.87 3515.40 4197.84 4878.97 5558.59 6236.49 6912.47 7586.32 8257.82 8926.80 9593.02 10256.31 10916.44 11573.23 12226.48 12875.98 91.37 778.96 1466.29 2153.14 2839.30 3524.58 4208.75 4891.62 5572.96 6252.59 6930.28 7605.84 8279.06 8949.73 9617.65 10282.62 10944.43 11602.89 12257.80 12908.95 91.84 781.17 1470.24 2158.83 2846.74 3533.75 4219.66 4904.26 5587.34 6268.69 6948.10 7625.37 8300.29 8972.66 9642.28 10308.93 10972.43 11632.55 12289.12 12941.92 92.30 783.38 1474.19 2164.53 2854.18 3542.93 4230.58 4916.91 5601.71 6284.78 6965.91 7644.90 8321.53 8995.60 9666.91 10335.25 11000.42 11662.22 12320.44 12974.89 92.77 785.59 1478.15 2170.23 2861.62 3552.11 4241.49 4929.55 5616.08 6300.88 6983.73 7664.43 8342.77 9018.54 9691.54 10361.57 11028.41 11691.88 12351.76 13007.87 93.24 787.81 1482.11 2175.93 2869.06 3561.29 4252.41 4942.20 5630.46 6316.98 7001.55 7683.96 8364.00 9041.48 9716.17 10387.88 11056.41 11721.54 12383.09 13040.84 93.71 790.02 1486.07 2181.63 2876.50 3570.47 4263.32 4954.85 5644.84 6333.08 7019.37 7703.49 8385.24 9064.42 9740.80 10414.20 11084.40 11751.21 12414.41 13073.81 94.18 792.24 1490.03 2187.33 2883.95 3579.65 4274.24 4967.50 5659.22 6349.18 7037.19 7723.03 8406.48 9087.36 9765.44 10440.52 11112.40 11780.88 12445.74 13106.79 94.65 794.45 1493.99 2193.04 2891.39 3588.84 4285.16 4980.15 5673.59 6365.29 7055.01 7742.56 8427.73 9110.30 9790.07 10466.84 11140.40 11810.54 12477.07 13139.77 95.12 796.67 1497.95 2198.74 2898.84 3598.02 4296.08 4992.80 5687.97 6381.39 7072.83 7762.10 8448.97 9133.24 9814.71 10493.17 11168.40 11840.21 12508.39 13172.75 95.59 798.89 1501.91 2204.45 2906.28 3607.20 4307.00 5005.45 5702.36 6397.49 7090.66 7781.63 8470.21 9156.19 9839.35 10519.49 11196.40 11869.88 12539.72 13205.73 96.07 801.11 1505.88 2210.15 2913.73 3616.39 4317.92 5018.11 5716.74 6413.60 7108.48 7801.17 8491.46 9179.13 9863.99 10545.81 11224.40 11899.55 12571.05 13238.71 96.54 803.33 1509.84 2215.86 2921.18 3625.58 4328.85 5030.76 5731.12 6429.71 7126.31 7820.71 8512.70 9202.08 9888.63 10572.14 11252.41 11929.22 12602.39 13271.69 97.02 805.55 1513.81 2221.57 2928.63 3634.77 4339.77 5043.42 5745.51 6445.82 7144.13 7840.25 8533.95 9225.03 9913.27 10598.46 11280.41 11958.90 12633.72 13304.67 97.50 807.78 1517.78 2227.28 2936.08 3643.96 4350.70 5056.08 5759.89 6461.93 7161.96 7859.79 8555.20 9247.98 9937.91 10624.79 11308.41 11988.57 12665.05 13337.65 97.98 810.00 1521.74 2232.99 2943.54 3653.15 4361.62 5068.74 5774.28 6478.04 7179.79 7879.33 8576.45 9270.93 9962.55 10651.12 11336.42 12018.24 12696.39 13370.64 98.46 812.23 1525.71 2238.71 2950.99 3662.34 4372.55 5081.40 5788.67 6494.15 7197.62 7898.88 8597.70 9293.88 9987.20 10677.45 11364.43 12047.92 12727.72 13403.62 98.94 814.45 1529.69 2244.42 2958.44 3671.54 4383.48 5094.06 5803.06 6510.26 7215.45 7918.42 8618.95 9316.83 10011.84 10703.78 11392.44 12077.60 12759.06 13436.61 99.43 816.68 1533.66 2250.14 2965.90 3680.73 4394.41 5106.72 5817.45 6526.38 7233.29 7937.97 8640.20 9339.78 10036.49 10730.11 11420.45 12107.28 12790.40 13469.60 99.91 818.91 1537.63 2255.85 2973.36 3689.93 4405.34 5119.39 5831.84 6542.49 7251.12 7957.52 8661.46 9362.74 10061.14 10756.45 11448.46 12136.96 12821.74 13502.59 100.40 821.14 1541.61 2261.57 2980.82 3699.12 4416.27 5132.05 5846.23 6558.61 7268.96 7977.06 8682.71 9385.69 10085.78 10782.78 11476.47 12166.64 12853.08 13535.58 100.88 823.37 1545.58 2267.29 2988.28 3708.32 4427.21 5144.72 5860.63 6574.73 7286.79 7996.61 8703.97 9408.65 10110.43 10809.12 11504.48 12196.32 12884.42 13568.57 101.37 825.61 1549.56 2273.01 2995.74 3717.52 4438.14 5157.38 5875.02 6590.85 7304.63 8016.16 8725.23 9431.60 10135.08 10835.45 11532.49 12226.00 12915.76 13601.56 101.86 827.84 1553.54 2278.73 3003.20 3726.72 4449.08 5170.05 5889.42 6606.97 7322.47 8035.71 8746.48 9454.56 10159.74 10861.79 11560.51 12255.68 12947.10 13634.55 102.35 830.08 1557.52 2284.45 3010.66 3735.92 4460.02 5182.72 5903.82 6623.09 7340.31 8055.27 8767.74 9477.52 10184.39 10888.13 11588.52 12285.37 12978.45 13667.55 102.84 832.31 1561.50 2290.18 3018.13 3745.13 4470.96 5195.39 5918.22 6639.21 7358.15 8074.82 8789.00 9500.48 10209.04 10914.47 11616.54 12315.05 13009.79 13700.54 103.33 834.55 1565.48 2295.90 3025.59 3754.33 4481.90 5208.06 5932.62 6655.33 7375.99 8094.38 8810.27 9523.45 10233.70 10940.81 11644.56 12344.74 13041.14 13733.54 103.83 836.79 1569.46 2301.63 3033.06 3763.54 4492.84 5220.74 5947.02 6671.46 7393.84 8113.93 8831.53 9546.41 10258.35 10967.15 11672.58 12374.43 13072.48 13766.54 104.32 839.03 1573.45 2307.35 3040.53 3772.74 4503.78 5233.41 5961.42 6687.58 7411.68 8133.49 8852.79 9569.37 10283.01 10993.49 11700.60 12404.12 13103.83 13799.54 104.82 841.27 1577.43 2313.08 3048.00 3781.95 4514.72 5246.09 5975.82 6703.71 7429.52 8153.05 8874.06 9592.34 10307.67 11019.84 11728.62 12433.81 13135.18 13832.53 105.32 843.51 1581.42 2318.81 3055.47 3791.16 4525.67 5258.76 5990.23 6719.84 7447.37 8172.61 8895.33 9615.31 10332.33 11046.18 11756.64 12463.50 13166.53 13865.53 105.82 845.76 1585.41 2324.54 3062.94 3800.37 4536.61 5271.44 6004.63 6735.97 7465.22 8192.17 8916.59 9638.27 10356.99 11072.53 11784.67 12493.19 13197.88 13898.54 106.32 848.00 1589.40 2330.27 3070.41 3809.58 4547.56 5284.12 6019.04 6752.10 7483.07 8211.73 8937.86 9661.24 10381.65 11098.88 11812.69 12522.88 13229.24 13931.54 106.82 850.25 1593.39 2336.01 3077.89 3818.79 4558.51 5296.80 6033.45 6768.23 7500.92 8231.29 8959.13 9684.21 10406.32 11125.22 11840.72 12552.58 13260.59 13964.54 107.32 852.49 1597.38 2341.74 3085.36 3828.01 4569.46 5309.48 6047.86 6784.36 7518.77 8250.86 8980.40 9707.18 10430.98 11151.57 11868.74 12582.27 13291.95 13997.55 107.82 854.74 1601.37 2347.48 3092.84 3837.22 4580.41 5322.16 6062.27 6800.50 7536.62 8270.42 9001.67 9730.16 10455.65 11177.92 11896.77 12611.97 13323.30 14030.55 108.33 856.99 1605.36 2353.21 3100.31 3846.44 4591.36 5334.85 6076.68 6816.63 7554.47 8289.99 9022.95 9753.13 10480.31 11204.27 11924.80 12641.67 13354.66 14063.56 108.83 859.24 1609.36 2358.95 3107.79 3855.65 4602.31 5347.53 6091.09 6832.77 7572.33 8309.56 9044.22 9776.10 10504.98 11230.63 11952.83 12671.37 13386.02 14096.57 109.34 861.49 1613.35 2364.69 3115.27 3864.87 4613.26 5360.22 6105.51 6848.90 7590.18 8329.12 9065.50 9799.08 10529.65 11256.98 11980.86 12701.06 13417.38 14129.58 109.85 863.75 1617.35 2370.43 3122.75 3874.09 4624.22 5372.90 6119.92 6865.04 7608.04 8348.69 9086.77 9822.05 10554.32 11283.34 12008.89 12730.77 13448.74 14162.59 110.36 866.00 1621.35 2376.17 3130.24 3883.31 4635.17 5385.59 6134.34 6881.18 7625.90 8368.26 9108.05 9845.03 10578.99 11309.69 12036.93 12760.47 13480.10 14195.60 110.87 868.26 1625.35 2381.91 3137.72 3892.53 4646.13 5398.28 6148.75 6897.32 7643.76 8387.84 9129.33 9868.01 10603.66 11336.05 12064.96 12790.17 13511.46 14228.61 111.38 870.51 1629.35 2387.66 3145.20 3901.76 4657.09 5410.97 6163.17 6913.46 7661.62 8407.41 9150.61 9890.99 10628.33 11362.41 12093.00 12819.87 13542.82 14261.62 111.89 872.77 1633.35 2393.40 3152.69 3910.98 4668.05 5423.66 6177.59 6929.61 7679.48 8426.98 9171.89 9913.97 10653.01 11388.77 12121.03 12849.58 13574.19 14294.64 112.40 875.03 1637.35 2399.15 3160.17 3920.21 4679.01 5436.36 6192.01 6945.75 7697.34 8446.56 9193.17 9936.95 10677.68 11415.13 12149.07 12879.28 13605.55 14327.65 112.92 877.29 1641.36 2404.89 3167.66 3929.43 4689.97 5449.05 6206.43 6961.90 7715.21 8466.13 9214.45 9959.94 10702.36 11441.49 12177.11 12908.99 13636.92 14360.67 113.44 879.55 1645.36 2410.64 3175.15 3938.66 4700.93 5461.74 6220.86 6978.04 7733.07 8485.71 9235.74 9982.92 10727.03 11467.85 12205.15 12938.70 13668.29 14393.68 113.95 881.81 1649.37 2416.39 3182.64 3947.89 4711.90 5474.44 6235.28 6994.19 7750.94 8505.29 9257.02 10005.91 10751.71 11494.21 12233.19 12968.41 13699.65 14426.70 114.47 884.08 1653.38 2422.14 3190.13 3957.12 4722.86 5487.14 6249.71 7010.34 7768.80 8524.87 9278.31 10028.89 10776.39 11520.58 12261.23 12998.12 13731.02 14459.72 114.99 886.34 1657.39 2427.89 3197.63 3966.35 4733.83 5499.84 6264.13 7026.49 7786.67 8544.45 9299.60 10051.88 10801.07 11546.95 12289.27 13027.83 13762.39 14492.74 115.51 888.61 1661.40 2433.65 3205.12 3975.58 4744.80 5512.54 6278.56 7042.64 7804.54 8564.03 9320.89 10074.87 10825.75 11573.31 12317.32 13057.54 13793.77 14525.76 116.03 890.87 1665.41 2439.40 3212.61 3984.82 4755.77 5525.24 6292.99 7058.79 7822.41 8583.62 9342.18 10097.86 10850.44 11599.68 12345.36 13087.26 13825.14 14558.78 116.56 893.14 1669.42 2445.16 3220.11 3994.05 4766.74 5537.94 6307.42 7074.95 7840.28 8603.20 9363.47 10120.85 10875.12 11626.05 12373.41 13116.97 13856.51 14591.81 117.08 895.41 1673.44 2450.91 3227.61 4003.29 4777.71 5550.64 6321.85 7091.10 7858.16 8622.79 9384.76 10143.84 10899.81 11652.42 12401.46 13146.69 13887.89 14624.83 117.61 897.68 1677.45 2456.67 3235.11 4012.52 4788.68 5563.35 6336.28 7107.26 7876.03 8642.37 9406.05 10166.84 10924.49 11678.79 12429.50 13176.40 13919.26 14657.86
=== END RADAR_SCAN ===

=== BEGIN RADAR_SCAN ===
scan.index=3
scan.time=184.670000
radar.id=2
radar.frequency=X
radar.scanning_mode=RHI
radar.x=-50000.000
radar.y=50000.000
radar.z=25.000
radar.maximum_range=50000.000
radar.range_resolution=100.000
radar.angular_resolution=1.000000
box.radar_id=2
box.min_range_gate=193.000
box.max_range_gate=448.000
box.min_angle=0.000000
box.max_angle=20.000000
box.num_ranges=256
box.num_angles=20
box.range_resolution=100.000
box.angular_resolution=1.000000
box.other_angle=-53.302003
grid.size=5120
grid.data=28.69 28.76 30.25 28.35 27.84 33.43 0.00 0.00 0.00 0.00 0.00 0.00 0.00 0.00 0.00 0.00 0.00 0.00 0.00 0.00 26.13 27.25 26.33 33.21 31.14 27.83 34.01 33.94 0.00 0.00 0.00 0.00 0.00 0.00 0.00 0.00 0.00 0.00 0.00 0.00 26.73 33.70 27.46 27.82 29.00 31.23 32.01 35.31 34.48 31.00 0.00 0.00 0.00 0.00 0.00 0.00 0.00 0.00 0.00 0.00 25.43 29.25 27.97 33.70 32.23 32.82 32.81 31.96 35.36 32.18 42.28 38.66 0.00 0.00 0.00 0.00 0.00 0.00 0.00 0.00 25.51 28.20 28.05 28.76 28.12 27.72 38.69 35.55 32.54 34.09 41.97 43.52 40.68 0.00 0.00 0.00 0.00 0.00 0.00 0.00 27.85 24.48 23.90 26.79 30.33 35.30 33.70 29.66 32.77 37.23 39.71 42.69 38.60 35.43 0.00 0.00 0.00 0.00 0.00 0.00 26.03 24.58 26.82 25.82 29.99 28.18 33.47 30.62 32.77 36.18 42.33 38.29 34.84 32.36 32.73 0.00 0.00 0.00 0.00 0.00 28.48 23.60 29.87 31.98 33.60 26.69 29.37 33.30 31.49 36.07 46.82 40.87 38.93 36.03 28.82 26.89 0.00 0.00 0.00 0.00 31.44 30.28 24.49 29.33 27.47 29.57 29.14 34.86 32.88 29.47 41.07 40.77 36.96 32.64 32.66 25.88 24.46 0.00 0.00 0.00 24.77 28.11 28.80 28.50 30.61 33.87 29.08 30.22 35.58 35.35 45.25 40.05 37.70 33.93 32.27 25.78 21.80 19.22 0.00 0.00 26.58 25.43 24.22 30.06 30.48 32.04 35.01 31.91 35.91 36.07 44.08 37.33 40.94 37.97 30.73 24.94 22.43 19.38 17.23 0.00 29.51 27.09 28.12 22.87 28.86 28.16 30.18 34.27 36.12 34.05 51.10 32.69 36.12 28.92 34.99 22.70 25.61 18.28 16.63 13.36 28.23 24.95 30.75 36.29 33.93 27.74 25.47 27.78 32.91 29.16 48.16 38.73 33.44 32.45 29.93 26.03 21.96 16.78 13.82 9.75 28.82 30.14 26.88 31.72 31.00 30.79 30.80 29.78 30.76 26.35 42.19 40.15 42.77 33.98 27.01 22.94 19.63 16.87 10.39 10.66 31.49 27.97 29.91 24.83 31.60 34.85 35.90 29.57 39.14 39.73 44.77 35.26 34.97 33.25 32.05 23.50 21.86 15.94 14.47 9.81 25.64 28.02 31.02 30.82 30.55 29.67 34.96 37.84 37.12 38.17 42.27 40.63 35.79 31.76 29.41 22.09 21.38 16.22 11.70 10.33 28.33 32.52 27.71 32.79 27.81 33.29 30.42 37.14 34.66 36.05 38.69 37.98 34.13 34.17 25.84 24.85 25.32 15.39 14.36 8.11 28.86 24.33 28.29 26.62 28.73 34.11 35.73 34.53 30.31 35.51 43.81 36.23 38.60 31.46 27.11 28.67 17.18 14.35 12.87 10.20 28.80 26.23 32.19 28.65 28.27 29.20 34.47 33.13 31.68 42.78 39.85 42.15 35.29 31.44 32.04 24.80 19.86 12.67 13.18 5.29 23.91 29.63 28.94 30.18 30.36 32.17 37.05 33.73 35.90 37.10 41.25 34.67 32.43 37.93 27.11 27.32 20.00 16.79 9.68 8.63 26.37 25.41 30.18 23.64 31.11 33.61 35.79 33.46 35.76 41.70 40.08 45.21 31.46 35.19 28.71 24.32 18.31 14.84 8.22 8.51 23.75 24.90 31.85 24.97 30.89 31.42 35.50 33.28 31.20 39.38 39.96 39.67 34.04 34.14 28.56 21.93 13.54 12.95 13.60 -3.65 28.04 32.35 26.60 31.78 31.39 30.83 37.10 31.90 31.80 43.56 44.88 38.84 36.33 31.56 24.68 20.43 18.19 14.15 10.57 -0.50 24.34 27.39 25.81 28.66 26.55 34.98 32.02 30.58 36.77 37.98 42.22 39.31 26.53 27.65 28.47 22.40 16.92 12.84 9.56 -0.28 31.12 26.04 28.31 28.77 28.05 32.08 33.36 32.21 35.06 38.17 39.36 42.74 30.91 27.83 24.02 19.87 18.05 13.28 10.15 -0.00 28.31 29.05 27.93 29.10 29.81 31.44 31.74 31.73 32.84 45.88 42.46 39.65 32.88 30.76 23.79 26.33 17.10 12.48 9.24 1.48 30.84 28.76 26.99 29.68 28.55 33.11 25.84 36.31 31.66 43.27 38.98 37.40 34.13 32.99 23.94 20.53 18.25 12.91 10.04 -2.34 25.55 28.34 29.63 28.01 26.01 33.13 32.81 34.72 30.51 45.24 41.88 37.59 32.94 31.14 21.21 20.46 15.10 11.63 7.64 0.41 27.62 22.42 27.83 30.19 30.41 29.48 33.34 29.19 31.97 44.36 45.57 38.34 33.88 27.09 24.39 23.52 17.42 14.39 6.83 -1.82 30.16 28.25 24.30 27.71 32.81 33.57 34.63 33.45 33.57 40.22 41.90 38.67 34.61 28.74 27.01 22.37 18.32 9.76 8.44 -1.26 26.71 26.42 29.84 27.62 32.91 32.60 32.88 34.32 36.09 45.47 38.98 37.94 36.65 25.92 23.55 21.89 14.72 13.83 7.04 -1.01 25.35 27.12 31.35 28.00 31.28 33.08 33.27 33.76 35.14 43.96 42.01 36.18 31.36 27.97 25.19 19.97 12.12 11.25 7.95 -1.47 27.82 23.61 26.01 27.59 27.05 30.22 36.87 27.94 33.96 48.26 38.03 29.18 34.17 27.11 21.71 19.14 15.79 8.73 7.82 -0.90 25.71 27.41 29.15 31.24 30.34 31.02 38.34 34.22 39.14 41.76 42.09 36.87 30.63 27.33 21.83 20.78 16.18 14.70 -1.57 -1.51 28.56 25.46 31.92 31.63 27.76 31.26 31.06 34.69 28.87 50.75 38.92 34.45 33.60 29.94 23.35 20.69 18.91 12.27 -0.69 1.21 27.24 26.51 25.84 27.58 28.64 30.35 32.44 33.45 37.37 42.75 42.35 38.72 31.30 24.46 22.58 13.33 13.97 8.78 0.60 -1.93 26.63 24.52 27.89 28.02 28.98 32.31 31.85 31.45 40.98 45.92 31.40 35.27 32.50 26.46 24.61 18.57 13.15 5.45 1.15 1.93 29.86 26.20 29.30 31.13 30.08 31.78 29.93 34.38 33.94 52.47 38.92 30.06 28.78 31.10 20.78 21.43 11.43 9.91 1.70 0.13 27.41 24.81 28.80 31.97 30.20 32.58 26.02 39.89 34.52 42.76 40.69 32.46 31.95 24.02 20.24 18.00 16.18 8.11 0.10 -0.38 26.39 28.98 28.48 30.27 32.53 32.99 35.95 36.51 33.60 45.81 38.42 33.95 30.64 24.83 20.22 19.30 13.99 7.38 -0.05 1.27 27.49 26.26 29.19 37.06 30.27 31.58 26.81 35.02 27.17 42.56 36.68 31.47 29.73 23.93 21.58 18.22 17.05 9.26 0.94 4.25 26.47 27.83 32.30 29.11 30.29 31.56 31.80 35.53 31.66 46.47 39.41 36.81 30.27 28.64 22.27 16.62 12.04 6.63 0.78 -0.34 27.78 29.14 30.28 31.76 33.18 31.28 36.13 35.19 37.00 39.56 37.57 40.13 29.22 22.07 19.82 15.12 10.26 8.36 1.21 1.43 25.10 25.37 28.09 27.92 31.68 27.77 33.39 33.27 35.56 37.40 39.16 31.29 28.39 23.03 25.00 16.98 13.95 10.07 0.75 -0.62 29.29 26.74 23.65 23.09 34.97 27.66 33.56 36.14 36.42 39.48 36.91 33.17 31.12 24.40 20.83 14.58 13.50 8.20 -0.44 -0.36 28.37 30.47 28.93 28.01 31.71 30.60 34.65 32.39 42.40 45.00 40.40 34.77 29.38 24.84 19.20 16.96 13.42 -0.32 0.15 -0.83 29.38 28.91 30.20 26.78 27.37 31.81 31.07 34.98 36.81 42.83 38.79 36.45 31.03 23.23 22.84 13.02 12.89 0.73 1.42 2.85 28.61 29.02 23.52 28.05 29.53 28.60 33.29 28.74 36.87 40.66 34.92 30.40 27.28 26.68 22.32 13.41 12.25 -1.56 0.84 -0.62 24.85 30.28 30.21 32.46 26.11 27.05 32.01 34.57 34.79 38.40 36.50 32.18 31.02 22.94 21.35 14.19 11.47 -2.51 -3.22 -2.32 24.61 26.73 28.22 28.08 34.57 30.71 35.95 35.57 39.88 42.35 34.34 30.09 26.19 23.10 18.89 16.12 10.86 -0.94 -0.29 -1.59 19.42 27.01 27.25 28.09 27.72 28.59 30.61 36.31 40.15 40.90 33.17 35.00 30.31 24.92 18.31 15.69 7.35 -1.89 -2.54 0.17 26.18 26.18 29.72 29.01 31.87 32.87 37.38 30.97 42.80 43.07 34.21 29.59 30.41 25.68 17.82 17.21 9.64 3.20 0.11 1.68 25.28 27.63 28.35 24.71 31.59 31.16 33.96 35.10 37.23 49.38 35.16 30.13 27.44 22.68 19.88 13.21 12.41 -1.56 -0.95 -1.91 30.55 30.87 29.47 30.88 32.83 36.13 35.45 38.45 39.88 38.05 42.06 31.63 27.47 23.20 19.28 12.57 8.66 2.87 -1.43 2.38 26.91 26.35 31.73 27.51 27.86 33.41 31.20 32.52 43.36 38.05 34.38 35.84 26.27 20.61 16.96 14.47 9.13 -3.73 -1.98 -1.51 26.61 27.23 29.40 28.25 30.13 30.92 33.24 37.73 40.85 44.33 36.91 30.56 27.83 21.06 16.76 9.73 10.26 -0.62 0.29 1.31 21.88 26.76 30.79 29.21 33.88 30.54 31.69 36.93 44.24 38.47 28.17 34.89 28.35 23.96 19.39 11.24 8.52 0.71 2.79 -2.14 30.48 30.55 27.40 32.49 34.10 32.04 32.47 33.70 44.49 41.26 40.03 31.09 24.97 18.68 13.02 15.79 5.79 0.34 1.11 0.79 26.96 28.85 31.88 30.71 34.74 33.99 34.72 37.79 35.83 43.04 31.75 28.64 29.36 22.51 20.44 12.75 7.68 0.51 0.65 2.49 29.93 23.77 25.62 26.32 25.46 31.06 34.52 33.37 41.87 35.55 31.73 32.55 27.20 25.46 18.56 12.51 6.52 -2.61 -0.72 -0.82 26.38 27.70 29.28 31.45 29.30 29.55 31.13 34.21 45.02 39.60 32.04 29.88 28.72 21.80 15.88 11.71 2.82 -2.26 0.23 -0.24 28.51 28.18 29.03 31.29 28.77 36.26 34.87 39.82 47.48 42.71 34.83 31.82 26.35 21.81 14.22 9.38 2.87 -0.76 -3.67 0.26 28.77 28.10 35.30 31.05 34.40 32.22 33.49 30.96 39.52 37.42 34.84 29.12 22.76 20.44 14.13 8.66 2.46 -2.75 1.32 3.48 26.06 23.57 27.29 26.98 33.10 32.07 28.49 37.06 42.93 38.98 34.44 24.78 27.05 19.06 17.35 8.65 1.42 -0.91 0.84 0.57 28.17 25.83 28.88 32.48 30.88 33.63 30.55 30.96 42.67 35.38 29.74 31.24 25.81 20.20 16.17 10.89 -0.64 -0.58 1.12 -1.24 25.40 26.23 29.11 28.27 30.64 31.45 31.40 31.10 40.20 37.60 35.83 26.00 27.78 18.91 15.35 12.47 -0.43 -2.56 1.01 2.11 25.65 27.20 27.03 25.02 27.54 32.38 40.50 34.33 38.28 39.21 36.29 28.95 23.55 17.83 14.38 9.10 -2.60 0.68 1.16 -0.51 28.39 31.66 31.03 25.90 30.92 30.56 35.59 35.25 39.98 41.45 33.95 26.28 23.75 21.53 14.07 10.42 2.66 0.28 1.15 -1.93 27.34 27.90 26.15 26.16 25.72 31.91 34.26 39.67 45.17 41.77 32.75 25.90 25.14 21.90 18.07 7.43 1.11 0.35 -0.88 -0.76 26.83 25.48 26.85 30.22 33.66 33.46 34.42 35.59 44.30 36.05 34.38 31.08 19.79 15.00 12.07 8.83 3.20 -0.54 1.77 -2.86 24.98 28.03 29.90 29.55 25.72 31.80 36.33 34.93 45.61 40.13 32.72 34.71 19.89 18.90 12.85 8.59 2.62 1.91 1.41 -0.40 27.52 28.42 29.92 31.26 32.18 32.10 38.73 29.65 34.46 35.31 32.21 27.51 19.84 19.28 11.52 9.28 3.98 -1.71 1.93 0.04 25.74 25.71 27.90 31.52 28.26 31.63 35.58 35.40 46.02 35.72 31.40 31.55 21.21 16.21 11.69 5.70 -1.36 1.35 -0.79 -0.34 26.84 20.23 26.30 34.64 27.55 30.06 32.36 36.65 43.03 31.09 32.80 25.78 22.27 15.02 14.52 6.11 -1.35 0.60 -1.29 0.93 35.06 40.40 39.50 39.45 38.11 34.26 31.88 35.25 41.34 36.58 27.51 27.79 21.09 19.19 12.21 9.15 0.12 0.15 1.53 0.85 43.52 39.66 36.21 39.54 41.27 45.62 47.56 36.80 40.73 36.07 33.02 30.20 22.81 18.69 12.65 8.20 2.50 -1.02 0.62 -2.42 41.20 36.34 36.76 44.87 36.16 43.46 49.81 49.04 39.25 38.81 30.16 26.23 23.50 14.39 8.55 -0.69 -3.71 1.58 -0.61 -0.95 38.44 36.53 33.98 37.67 36.76 39.89 51.14 39.56 48.75 36.65 26.26 27.14 18.88 17.19 8.60 1.58 3.20 0.28 -2.72 -1.33 39.16 33.77 44.73 47.30 41.07 43.42 43.01 50.06 35.67 38.28 29.57 29.51 22.30 18.55 10.29 2.01 -0.20 -0.72 0.23 1.35 36.81 33.93 42.17 42.68 43.55 37.82 44.78 43.62 39.95 31.47 34.62 26.24 21.60 19.21 11.98 2.29 -1.40 -1.14 0.26 0.21 38.37 38.93 42.48 39.26 43.37 42.21 44.38 45.15 46.48 35.83 36.83 32.70 23.19 17.73 10.96 -1.15 -2.52 -0.25 -1.06 2.26 39.58 35.61 38.50 43.28 38.27 44.87 44.46 51.00 46.77 41.16 30.20 29.76 24.04 20.64 10.24 -0.61 -0.97 -6.85 1.77 0.74 36.54 37.60 41.51 38.46 38.72 44.64 43.61 47.94 44.26 38.07 35.22 25.93 24.98 20.23 18.30 -0.96 -0.41 -1.09 0.70 -2.03 39.65 36.81 40.98 44.27 43.69 41.05 45.40 41.56 47.94 32.46 30.06 27.64 26.78 20.09 18.89 18.80 1.33 0.06 -1.68 -0.96 35.50 32.07 44.75 41.08 43.32 42.82 45.14 42.93 46.56 35.93 26.87 29.80 27.00 21.49 19.46 16.55 -1.99 -0.61 0.33 -0.06 40.59 39.43 36.34 43.31 39.87 43.20 46.91 46.27 40.58 35.48 32.65 29.47 25.62 19.18 14.19 17.43 15.24 0.81 0.16 0.26 34.07 39.43 32.46 40.19 42.55 39.11 39.30 42.78 43.90 38.93 34.78 24.96 28.23 23.97 17.45 12.82 13.92 11.08 1.08 -0.57 38.47 29.52 42.15 38.12 41.78 40.55 42.13 44.53 38.73 37.95 25.34 28.08 21.69 21.60 17.99 14.83 13.62 9.55 -0.53 -1.66 36.16 33.46 29.98 37.01 43.39 46.81 46.49 47.32 43.27 40.29 32.00 30.21 26.79 22.45 18.06 15.08 10.71 6.81 -0.69 -0.05 42.20 34.34 38.94 42.80 35.38 46.25 39.35 40.19 40.92 40.38 31.28 29.33 21.43 21.88 17.69 14.66 6.89 7.45 0.61 -0.60 35.35 33.52 36.28 41.13 39.98 45.60 43.61 43.76 43.13 38.29 33.65 30.26 21.17 21.51 15.44 14.90 8.89 6.72 0.07 -2.87 35.48 34.99 37.65 33.86 35.57 46.07 38.07 41.74 41.00 33.52 30.48 28.91 26.60 17.97 18.68 15.17 9.50 8.59 -1.17 0.52 33.34 32.70 36.16 44.71 42.16 42.26 42.63 44.67 39.76 37.89 28.65 26.07 19.29 19.04 20.21 12.95 11.14 6.34 1.63 0.37 31.78 40.43 32.60 33.93 43.07 38.16 43.28 43.00 40.11 31.40 30.45 26.26 22.28 21.63 17.22 14.23 10.50 6.37 -0.11 1.28 36.06 36.78 35.61 38.47 40.37 42.12 45.12 45.55 43.85 32.87 33.06 27.74 26.08 23.74 14.74 15.40 11.70 7.46 -2.10 -0.97 34.92 36.55 39.18 39.89 44.44 41.35 44.09 44.19 42.46 36.00 33.44 29.80 20.44 20.47 16.13 14.92 12.02 5.68 -0.18 -1.70 41.75 36.58 35.49 36.63 36.67 39.19 40.63 42.40 42.44 32.68 27.62 26.75 24.60 21.19 15.64 15.80 12.50 7.69 0.13 1.77 40.28 38.22 34.69 40.08 49.34 40.60 35.64 40.90 39.53 31.60 29.87 25.76 24.24 18.66 16.82 14.01 10.68 0.31 -1.19 2.48 36.01 42.68 37.51 39.19 45.38 43.42 41.69 40.36 45.96 34.47 29.13 28.06 23.18 19.77 15.79 15.12 7.18 -0.78 -2.18 1.87 33.81 27.71 35.95 37.81 41.91 38.77 39.63 40.33 44.01 31.12 28.02 25.85 19.88 20.66 16.10 11.98 8.24 0.43 0.06 0.40 39.26 39.75 41.01 39.91 39.81 42.05 42.09 44.26 35.26 34.78 30.15 26.26 22.81 20.92 11.99 9.90 10.37 1.11 -1.84 0.94 42.74 40.31 35.29 37.82 33.85 44.99 43.76 48.01 40.91 36.89 26.87 23.74 23.34 14.61 13.32 13.29 9.91 0.86 -1.68 -0.96 38.30 40.62 36.44 45.10 40.10 40.97 50.23 41.45 38.50 31.23 30.18 26.47 22.49 19.49 12.95 12.22 8.92 1.58 0.57 -0.98 40.36 33.21 41.59 39.50 42.16 45.48 43.72 50.64 38.11 33.02 30.68 24.37 22.02 13.89 16.20 12.31 7.78 1.24 -1.97 -1.34 31.75 38.77 33.86 38.74 43.54 43.77 47.05 48.34 37.44 35.69 31.07 28.43 20.66 17.22 17.82 10.74 8.08 -0.52 1.13 2.08 33.36 35.76 30.85 42.10 45.40 42.04 42.39 46.73 39.42 31.76 27.13 24.43 22.55 22.72 13.17 13.55 8.15 -2.41 0.84 -1.57 35.04 39.33 36.65 35.90 38.54 39.86 33.39 40.21 39.05 36.93 25.66 23.95 22.98 19.08 14.26 13.32 8.99 -1.31 -0.91 0.63 35.74 40.60 32.69 39.88 40.01 39.82 47.32 43.46 36.68 34.35 23.46 21.82 24.10 18.46 12.86 14.23 7.71 -0.29 1.04 2.17 38.92 38.46 36.31 36.16 42.37 43.55 43.21 41.98 41.58 34.58 25.99 26.77 22.69 18.05 18.56 6.50 5.12 1.13 1.89 -0.55 31.27 33.92 41.66 27.64 39.33 36.32 38.45 43.83 39.75 31.72 31.64 25.78 22.55 14.43 12.94 13.25 6.22 -0.39 -2.00 -1.01 39.61 29.47 35.14 35.33 34.33 39.29 36.39 46.04 36.31 31.34 28.43 25.96 17.34 17.11 11.15 11.91 9.66 -0.55 -3.52 1.16 34.84 30.61 41.33 35.92 36.46 40.37 43.15 50.75 40.59 28.30 28.52 24.14 18.24 17.68 14.73 12.02 5.83 -0.93 2.38 1.39 32.84 40.81 41.46 41.35 43.61 38.17 38.32 42.56 47.48 35.80 28.49 23.22 23.36 18.14 15.18 9.87 7.74 0.32 -2.99 3.04 33.52 35.42 38.33 40.08 40.60 37.33 47.42 40.07 36.42 33.00 27.96 23.92 17.89 15.92 11.79 10.13 8.40 -0.56 -1.90 0.28 38.11 34.23 35.93 45.91 44.99 41.63 36.80 38.09 39.75 30.09 31.75 22.94 17.26 19.71 13.90 10.62 0.96 -0.65 1.99 -1.28 30.45 36.16 39.83 34.92 36.70 41.92 38.90 38.53 34.99 35.46 26.09 26.13 15.93 18.68 13.30 8.63 -0.55 0.82 -2.53 -0.81 35.13 35.17 36.82 39.34 45.30 42.97 37.47 41.56 40.78 30.05 23.68 26.64 20.98 22.47 11.74 8.17 -0.85 -0.13 -0.65 -0.22 32.43 33.18 39.98 35.32 40.64 41.08 37.12 38.86 37.54 29.62 28.93 24.76 23.67 13.52 15.65 8.41 0.28 0.15 -1.42 -0.73 35.18 38.31 40.15 37.82 36.49 37.91 39.48 39.87 37.64 24.80 23.64 21.43 20.38 16.01 14.29 8.62 0.11 1.43 -0.96 -1.87 36.06 39.11 38.38 40.60 37.58 42.47 35.50 41.73 39.99 27.02 22.78 27.10 19.59 16.73 15.30 13.03 -3.02 2.06 3.16 0.01 40.09 35.92 37.34 36.65 34.55 42.27 40.82 36.25 38.85 33.88 26.37 21.08 21.35 14.96 14.06 9.90 -1.66 -0.80 0.31 -1.45 37.29 29.77 39.28 44.20 40.16 35.62 44.17 40.44 36.94 30.57 25.64 24.44 22.26 17.72 15.12 6.65 -1.89 -1.91 1.78 0.93 35.69 33.24 37.97 40.03 35.38 37.33 42.54 40.61 38.07 34.68 23.85 23.84 18.00 15.59 11.51 7.99 0.35 2.39 0.15 -1.11 39.76 34.06 37.52 40.69 38.53 41.45 39.75 39.08 29.53 32.87 24.44 22.14 19.39 19.58 15.07 8.09 1.66 0.05 1.79 -2.62 37.81 32.96 37.34 39.61 36.52 37.15 42.74 49.27 35.83 26.36 22.99 23.25 19.25 18.11 9.65 5.57 0.57 2.65 -0.39 0.08 33.07 34.55 41.40 35.93 37.25 34.19 39.47 31.01 34.54 28.03 24.56 22.19 17.35 14.57 12.19 8.44 1.10 0.24 0.60 0.40 40.55 35.57 34.84 40.92 39.76 44.44 36.92 39.10 30.31 30.55 24.33 22.40 17.57 15.89 9.16 9.03 -2.64 0.97 2.39 1.21 40.75 38.08 34.49 39.61 36.03 39.46 40.79 38.27 30.70 29.35 27.48 23.30 16.21 15.29 12.21 8.37 1.45 -0.24 3.71 -2.37 35.44 33.85 36.37 41.21 43.53 36.49 40.81 38.83 32.09 24.59 24.99 20.67 22.65 20.26 12.68 8.00 -0.81 -1.55 -0.49 -1.54 34.27 37.37 34.92 34.17 38.58 39.84 38.62 40.86 36.75 31.82 28.17 19.71 20.26 15.17 11.97 8.66 -1.37 2.77 -2.10 0.89 37.43 37.68 37.26 29.93 40.76 38.97 40.02 40.18 33.52 28.82 30.44 17.59 16.31 16.10 10.36 8.43 2.43 -0.98 0.69 -1.75 32.74 35.14 42.30 34.66 42.01 41.44 41.27 35.19 35.10 28.12 25.43 22.72 17.26 14.93 9.49 9.19 -0.99 -1.42 0.87 -0.63 36.91 38.31 35.92 40.58 36.13 36.97 34.82 34.44 31.88 25.73 23.75 22.97 16.62 14.99 12.99 7.15 0.16 -0.47 0.09 -0.03 31.82 33.29 34.90 38.52 40.06 41.40 33.09 36.95 33.26 29.96 25.48 17.60 14.27 13.76 9.25 6.51 -0.28 -2.38 0.60 -1.69 38.74 33.14 40.89 38.85 34.25 41.29 37.02 34.26 33.48 29.22 24.25 19.13 18.88 13.62 11.16 -3.58 -0.29 -0.83 0.37 0.10 38.37 36.83 37.03 35.41 37.15 38.95 38.23 41.68 29.87 24.72 32.16 22.10 18.93 13.37 11.51 -0.08 1.27 -2.78 -0.53 0.62 35.89 36.95 38.07 35.98 40.41 35.90 34.20 36.30 32.25 25.57 27.19 20.03 18.20 15.20 12.25 -0.51 0.91 -1.66 -1.03 0.46 38.58 34.74 39.25 34.42 40.06 37.99 39.49 37.97 33.10 31.19 23.60 22.68 20.48 13.18 9.86 0.30 -0.10 -0.30 -1.57 -0.22 32.23 33.99 35.64 40.12 39.97 41.70 40.93 40.27 27.78 24.88 30.00 16.79 18.50 14.41 9.55 -3.00 -0.85 2.04 -0.41 -3.18 35.98 37.55 39.83 37.77 36.22 40.96 45.37 34.37 29.74 27.13 25.98 21.61 17.42 16.07 12.46 0.44 -0.72 0.45 -0.42 -1.94 39.88 35.77 41.96 38.76 38.44 35.40 34.70 41.69 35.62 26.50 28.70 20.64 15.68 15.01 7.14 1.32 -3.73 2.21 1.69 1.15 34.31 41.37 30.49 32.76 40.47 41.63 41.32 37.44 31.51 27.59 24.16 22.72 20.51 13.25 9.45 0.69 0.20 1.85 3.18 -0.21 34.57 34.20 33.77 39.36 38.17 39.18 43.00 36.49 30.66 28.12 24.09 23.17 15.81 15.67 10.50 -0.43 -2.16 -0.42 -2.02 0.31 35.65 33.94 37.54 35.46 41.81 38.20 38.78 40.58 31.70 30.92 26.08 19.43 15.99 12.74 9.65 -0.65 0.97 -1.61 0.35 3.15 42.66 38.77 36.07 43.92 44.53 39.77 36.90 35.86 29.36 28.30 27.05 17.90 15.94 15.84 10.84 -1.21 0.38 1.37 2.18 0.46 33.33 38.48 35.29 36.42 34.86 33.94 33.57 36.45 26.48 30.63 20.54 23.66 19.45 10.19 8.78 -0.58 1.23 -0.72 -3.31 2.06 34.32 33.43 37.05 39.77 36.73 41.96 34.95 34.15 31.37 30.35 20.42 19.75 16.66 12.47 5.79 0.05 -0.23 -1.15 0.99 -0.37 33.25 37.04 34.68 40.91 41.95 37.54 34.86 37.16 32.91 29.83 20.65 19.66 14.83 12.05 9.47 0.64 0.20 -1.16 -0.67 -1.14 36.38 38.33 32.53 28.98 35.32 40.90 39.81 35.31 31.27 30.77 23.60 19.36 14.20 11.08 10.27 -2.46 0.69 -1.17 -1.11 -1.22 35.69 31.38 36.84 33.61 43.92 41.54 35.08 31.80 29.92 26.94 22.35 18.26 18.12 12.98 8.58 -2.03 -1.36 1.17 0.60 -0.40 32.46 39.67 33.38 39.20 38.07 33.58 37.80 35.23 29.86 28.04 25.41 21.54 21.53 11.46 9.08 0.74 2.19 0.99 0.84 0.27 35.09 40.59 39.30 38.61 35.36 39.28 42.10 37.91 30.01 25.43 24.08 22.21 13.91 11.16 9.45 0.26 0.97 -0.22 -0.60 -0.10 31.88 33.71 33.35 36.12 35.18 41.05 37.76 32.89 31.16 29.24 24.35 18.87 13.38 12.33 6.33 -1.72 0.69 -0.74 0.11 0.27 33.83 39.50 40.91 34.60 39.38 33.67 37.26 32.17 31.23 22.68 21.42 20.76 17.74 10.90 6.05 -0.69 -0.01 -0.12 1.40 0.25 37.18 32.36 29.62 39.62 36.94 32.52 36.91 30.89 27.58 24.73 19.50 18.37 16.95 11.55 7.09 -1.91 0.27 -2.01 -0.35 -1.02 31.78 33.96 38.64 37.88 40.16 34.00 33.29 36.19 34.43 27.49 20.93 17.49 12.52 11.39 11.02 -2.13 -0.12 -0.32 0.95 -4.07 35.32 33.46 36.44 37.14 34.90 33.78 32.08 33.97 25.75 27.82 21.91 16.09 12.08 14.26 1.26 -0.19 1.29 0.57 -0.33 1.08 36.02 38.31 37.04 36.86 39.62 36.12 36.25 29.46 25.43 25.43 22.22 20.75 14.37 9.54 0.03 -0.84 -0.13 1.47 -2.41 -3.82 34.87 33.06 41.61 29.82 40.83 44.01 35.90 35.04 26.65 28.47 27.98 20.96 17.24 13.78 -2.57 -0.99 1.35 -1.44 -0.19 1.37 38.71 34.71 34.97 34.60 33.96 36.68 37.04 37.41 29.61 29.01 22.59 21.40 15.26 10.01 1.34 -0.19 0.98 -1.31 0.68 -2.80 35.99 39.16 33.35 41.26 41.47 39.09 38.45 28.57 26.43 26.78 22.39 19.04 13.42 7.25 -0.26 4.48 1.10 1.66 -1.59 0.35 36.50 38.59 33.65 38.03 36.99 35.73 38.51 29.93 34.22 23.32 20.59 17.43 15.30 13.07 -0.89 0.71 0.86 -0.82 -2.46 0.81 37.04 34.28 35.02 36.96 37.70 41.08 26.36 38.16 26.86 25.83 21.11 17.17 15.00 9.51 -1.33 1.75 -1.76 1.25 2.13 0.77 33.33 38.44 33.05 43.99 40.30 37.84 34.63 35.09 27.27 25.04 24.77 19.19 14.58 8.53 -0.90 0.90 1.00 -0.51 0.19 1.38 36.83 38.60 35.23 42.37 43.01 40.00 39.10 32.05 32.03 24.41 19.67 17.97 13.31 9.19 -1.84 2.46 -0.05 1.21 -0.78 1.63 32.74 33.67 34.77 38.64 42.85 36.44 38.93 31.75 26.92 25.54 18.16 17.84 13.46 9.64 1.07 1.70 0.94 2.04 0.42 -0.01 36.46 38.64 32.05 36.58 34.37 37.08 30.66 32.30 28.12 23.75 19.23 16.36 14.15 11.18 -2.53 2.62 2.45 -0.01 -0.38 -0.95 33.06 31.64 37.27 36.16 39.14 35.94 31.42 36.26 30.69 24.01 19.91 18.83 10.53 11.99 -3.36 1.42 -0.62 0.18 0.05 -1.12 38.25 35.93 37.08 35.98 35.84 39.64 36.44 33.60 31.31 21.11 18.90 18.04 11.13 11.17 0.78 0.51 1.94 -2.06 -1.47 -0.14 34.65 31.79 36.06 35.76 30.17 27.90 34.42 34.29 33.96 25.80 23.18 14.98 15.28 6.57 0.29 0.46 1.07 -0.20 2.06 2.15 38.08 36.32 44.28 39.67 41.30 36.47 32.54 33.31 31.15 22.07 17.26 16.01 15.20 8.51 0.79 1.58 -0.74 -1.05 0.16 -1.72 36.03 33.56 44.27 36.96 35.19 32.59 36.53 34.19 27.65 24.24 23.76 16.29 11.64 7.87 -0.90 -0.63 2.23 0.85 -2.71 0.56 33.36 33.32 36.28 31.67 32.15 35.60 36.09 31.28 29.96 23.45 21.57 16.06 13.37 8.68 -0.70 -1.78 -0.58 -3.09 1.30 1.49 28.97 28.63 25.51 38.93 35.74 32.21 31.19 30.04 27.65 28.21 20.06 17.77 13.37 9.84 0.27 0.02 0.13 0.51 0.37 -2.04 20.67 22.30 28.44 27.63 27.01 43.66 38.02 29.17 29.15 19.78 21.62 17.90 12.85 6.82 -2.30 1.71 0.07 -0.29 -1.13 1.61 27.48 25.46 26.78 24.88 28.19 30.27 27.52 29.77 27.69 22.64 22.13 17.94 12.16 8.93 -1.10 2.84 0.85 0.41 -1.26 -0.83 28.83 28.68 29.61 29.29 28.85 26.73 30.55 27.19 30.96 20.10 22.51 20.32 12.12 7.14 1.08 -0.69 1.79 0.83 0.69 0.86 27.22 22.37 22.97 23.07 28.33 22.48 30.34 28.21 26.06 22.29 21.12 13.81 12.49 7.01 2.41 -0.12 1.11 -0.10 0.59 -0.32 25.78 23.01 23.48 23.90 25.94 31.54 29.28 27.31 25.14 21.10 23.77 17.42 13.06 8.05 0.27 -1.47 0.36 -1.24 -1.08 0.01 24.70 23.53 23.66 25.80 26.14 27.68 33.11 24.81 23.01 15.36 11.00 13.64 14.68 5.35 2.39 1.34 3.28 -0.11 -0.22 2.97 25.90 24.06 27.10 24.79 21.29 27.85 29.02 29.89 25.32 20.16 14.07 -0.81 12.06 7.63 -1.09 1.02 -3.02 1.98 -1.74 1.00 23.29 30.00 22.88 26.18 26.61 25.86 31.83 28.18 23.23 18.71 7.87 0.80 10.68 6.14 0.34 -3.36 -0.01 -1.71 -0.22 -0.01 23.53 23.65 30.05 27.75 33.45 32.00 26.68 29.73 20.95 19.27 11.19 -1.59 -1.19 3.15 1.05 -0.77 1.93 0.45 2.09 1.70 24.26 23.01 26.82 28.11 22.84 28.58 32.18 26.10 22.73 17.28 13.09 1.27 -1.24 -0.81 -1.17 2.72 -1.33 1.01 -3.60 -1.54 24.12 22.97 29.23 25.38 28.47 31.77 32.85 31.91 21.79 17.38 11.75 0.38 -0.22 0.40 -0.58 0.18 -0.26 -1.17 -0.92 -1.03 27.13 26.02 27.13 25.62 30.08 28.59 30.48 26.14 24.05 18.88 9.88 -1.81 -0.91 3.39 0.17 1.14 -1.72 2.38 0.98 -0.31 22.85 25.90 27.08 24.84 24.73 27.92 27.55 28.35 24.99 16.23 8.49 -1.58 0.76 -1.37 -0.24 -0.68 0.95 0.74 -1.24 -2.43 0.00 0.00 28.38 29.92 31.05 24.53 28.78 31.85 24.45 17.41 9.26 -1.84 -0.68 0.30 -2.63 -2.42 -1.47 -1.48 1.06 -0.16 0.00 0.00 0.00 0.00 0.00 30.36 29.30 27.49 22.12 15.86 9.01 -2.37 2.01 0.34 1.24 -0.60 -0.33 1.73 0.69 2.04 0.00 0.00 0.00 0.00 0.00 0.00 29.26 28.24 22.70 17.19 10.94 0.33 -0.40 -0.49 -0.18 0.21 1.21 -1.89 -0.69 -0.16 0.00 0.00 0.00 0.00 0.00 0.00 0.00 0.00 27.06 19.31 9.95 -0.80 -1.37 0.45 0.85 -0.00 -1.22 -0.47 -0.89 0.09 0.00 0.00 0.00 0.00 0.00 0.00 0.00 0.00 0.00 16.77 8.35 1.00 2.58 -0.47 0.04 -0.68 -2.05 1.81 -3.00 1.17 0.00 0.00 0.00 0.00 0.00 0.00 0.00 0.00 0.00 0.00 8.21 -1.93 1.13 0.21 -1.76 -1.22 -1.52 -0.21 0.08 0.88 0.00 0.00 0.00 0.00 0.00 0.00 0.00 0.00 0.00 0.00 11.29 0.25 0.36 -0.60 -1.12 -1.39 0.82 -0.27 -2.02 2.69 0.00 0.00 0.00 0.00 0.00 0.00 0.00 0.00 0.00 0.00 0.00 0.47 0.14 0.09 -0.41 0.47 1.09 -1.04 2.18 -0.38 0.00 0.00 0.00 0.00 0.00 0.00 0.00 0.00 0.00 0.00 0.00 0.00 2.05 2.31 1.57 1.64 -0.68 1.11 -1.62 3.32 0.00 0.00 0.00 0.00 0.00 0.00 0.00 0.00 0.00 0.00 0.00 0.00 0.00 0.83 1.41 0.46 0.02 0.78 0.44 3.02 0.00 0.00 0.00 0.00 0.00 0.00 0.00 0.00 0.00 0.00 0.00 0.00 0.00 -2.58 -1.15 -1.41 1.77 -0.49 -0.72 -0.94 0.00 0.00 0.00 0.00 0.00 0.00 0.00 0.00 0.00 0.00 0.00 0.00 0.00 0.00 -0.53 -0.46 -0.93 -0.25 -1.71 -0.66 0.00 0.00 0.00 0.00 0.00 0.00 0.00 0.00 0.00 0.00 0.00 0.00 0.00 0.00 0.00 0.18 -0.82 -3.47 1.28 -3.17 0.00 0.00 0.00 0.00 0.00 0.00 0.00 0.00 0.00 0.00 0.00 0.00 0.00 0.00 0.00 2.12 -1.21 -1.81 0.22 0.57 0.00 0.00 0.00 0.00 0.00 0.00 0.00 0.00 0.00 0.00 0.00 0.00 0.00 0.00 0.00 0.00 0.31 -1.23 1.56 -3.10 0.00 0.00 0.00 0.00 0.00 0.00 0.00 0.00 0.00 0.00 0.00 0.00 0.00 0.00 0.00 0.00 -0.20 1.83 1.95 -1.83 0.00 0.00 0.00 0.00 0.00 0.00 0.00 0.00 0.00 0.00 0.00 0.00 0.00 0.00 0.00 0.00 0.00 -0.98 -1.42 -1.44 0.00 0.00 0.00 0.00 0.00 0.00 0.00 0.00 0.00 0.00 0.00 0.00 0.00 0.00 0.00 0.00 0.00 -0.07 -1.26 -2.72 0.00 0.00 0.00 0.00 0.00 0.00 0.00 0.00 0.00 0.00 0.00 0.00 0.00 0.00 0.00 0.00 0.00 0.00 -0.62 0.62 0.00 0.00 0.00 0.00 0.00 0.00 0.00 0.00 0.00 0.00 0.00 0.00 0.00 0.00 0.00 0.00 0.00 0.00 -1.85 -1.01 0.00 0.00 0.00 0.00 0.00 0.00 0.00 0.00 0.00 0.00 0.00 0.00 0.00 0.00 0.00 0.00 0.00 0.00 0.00 1.02 0.00 0.00 0.00 0.00 0.00 0.00 0.00 0.00 0.00 0.00 0.00 0.00 0.00 0.00 0.00 0.00 0.00 0.00 0.00 -0.64 0.00 0.00 0.00 0.00 0.00 0.00 0.00 0.00 0.00 0.00 0.00 0.00 0.00 0.00 0.00 0.00 0.00 0.00 0.00 -0.74 0.00 0.00 0.00 0.00 0.00 0.00 0.00 0.00 0.00 0.00 0.00 0.00 0.00 0.00 0.00 0.00 0.00 0.00 0.00 0.00 0.00 0.00 0.00 0.00 0.00 0.00 0.00 0.00 0.00 0.00 0.00 0.00 0.00 0.00 0.00 0.00 0.00 0.00 0.00 0.00 0.00 0.00 0.00 0.00 0.00 0.00 0.00 0.00 0.00 0.00 0.00 0.00 0.00 0.00 0.00 0.00 0.00 0.00 0.00 0.00 0.00 0.00 0.00 0.00 0.00 0.00 0.00 0.00 0.00 0.00 0.00 0.00 0.00 0.00 0.00 0.00 0.00 0.00 0.00 0.00 0.00 0.00 0.00 0.00 0.00 0.00 0.00 0.00 0.00 0.00 0.00 0.00 0.00 0.00 0.00 0.00 0.00 0.00 0.00 0.00 0.00 0.00 0.00 0.00 0.00 0.00 0.00 0.00 0.00 0.00 0.00 0.00 0.00 0.00 0.00 0.00 0.00 0.00 0.00 0.00 0.00 0.00 0.00 0.00 0.00 0.00 0.00 0.00 0.00 0.00 0.00 0.00 0.00 0.00 0.00 0.00 0.00 0.00 0.00 0.00 0.00 0.00 0.00 0.00 0.00 0.00 0.00 0.00 0.00 0.00 0.00 0.00 0.00 0.00 0.00 0.00 0.00 0.00 0.00 0.00 0.00 0.00 0.00 0.00 0.00 0.00 0.00 0.00 0.00 0.00 0.00 0.00 0.00 0.00 0.00 0.00 0.00 0.00 0.00 0.00 0.00 0.00 0.00 0.00 0.00 0.00 0.00 0.00 0.00 0.00 0.00 0.00 0.00 0.00 0.00 0.00 0.00 0.00 0.00 0.00 0.00 0.00 0.00 0.00 0.00 0.00 0.00 0.00 0.00 0.00 0.00 0.00 0.00 0.00 0.00 0.00 0.00 0.00 0.00 0.00 0.00 0.00 0.00 0.00 0.00 0.00 0.00 0.00 0.00 0.00 0.00 0.00 0.00 0.00 0.00 0.00 0.00 0.00 0.00 0.00 0.00 0.00 0.00 0.00 0.00 0.00 0.00 0.00 0.00 0.00 0.00 0.00 0.00 0.00 0.00 0.00 0.00 0.00 0.00 0.00 0.00 0.00 0.00 0.00 0.00 0.00 0.00 0.00 0.00 0.00 0.00 0.00 0.00 0.00 0.00 0.00 0.00 0.00 0.00 0.00 0.00 0.00 0.00 0.00 0.00 0.00 0.00 0.00 0.00 0.00 0.00 0.00 0.00 0.00 0.00 0.00 0.00 0.00 0.00 0.00 0.00 0.00 0.00 0.00 0.00 0.00 0.00 0.00 0.00 0.00 0.00 0.00 0.00 0.00 0.00 0.00 0.00 0.00 0.00 0.00 0.00 0.00 0.00 0.00 0.00 0.00 0.00 0.00 0.00 0.00 0.00 0.00 0.00 0.00 0.00 0.00 0.00 0.00 0.00 0.00 0.00 0.00 0.00 0.00 0.00 0.00 0.00 0.00 0.00 0.00 0.00 0.00 0.00 0.00 0.00 0.00 0.00 0.00 0.00 0.00 0.00 0.00 0.00 0.00 0.00 0.00 0.00 0.00 0.00 0.00 0.00 0.00 0.00 0.00 0.00 0.00 0.00 0.00 0.00 0.00 0.00 0.00 0.00 0.00 0.00 0.00 0.00 0.00 0.00 0.00 0.00 0.00 0.00 0.00 0.00 0.00 0.00 0.00 0.00 0.00 0.00 0.00 0.00 0.00 0.00 0.00 0.00 0.00 0.00 0.00 0.00 0.00 0.00 0.00 0.00 0.00 0.00 0.00 0.00 0.00 0.00 0.00 0.00 0.00 0.00 0.00 0.00 0.00 0.00 0.00 0.00 0.00 0.00 0.00 0.00 0.00 0.00 0.00 0.00 0.00 0.00 0.00 0.00 0.00 0.00 0.00 0.00 0.00 0.00 0.00 0.00 0.00 0.00 0.00 0.00 0.00 0.00 0.00 0.00 0.00 0.00 0.00 0.00 0.00 0.00 0.00 0.00 0.00 0.00 0.00 0.00 0.00 0.00 0.00 0.00 0.00 0.00 0.00 0.00 0.00 0.00 0.00 0.00 0.00 0.00 0.00 0.00 0.00 0.00 0.00 0.00 0.00 0.00 0.00 0.00 0.00 0.00 0.00 0.00 0.00 0.00 0.00 0.00 0.00 0.00 0.00 0.00 0.00 0.00 0.00 0.00 0.00 0.00 0.00 0.00 0.00 0.00 0.00 0.00 0.00 0.00 0.00 0.00 0.00 0.00 0.00 0.00 0.00 0.00 0.00 0.00 0.00 0.00 0.00 0.00 0.00 0.00 0.00 0.00 0.00 0.00 0.00 0.00 0.00 0.00 0.00 0.00 0.00 0.00 0.00 0.00 0.00 0.00 0.00 0.00 0.00 0.00 0.00 0.00 0.00 0.00 0.00 0.00 0.00 0.00 0.00 0.00 0.00 0.00 0.00 0.00 0.00 0.00 0.00 0.00 0.00 0.00 0.00 0.00 0.00 0.00 0.00 0.00 0.00 0.00 0.00 0.00 0.00 0.00 0.00 0.00 0.00 0.00 0.00 0.00 0.00 0.00 0.00 0.00 0.00 0.00 0.00 0.00 0.00 0.00 0.00 0.00 0.00 0.00 0.00 0.00 0.00 0.00 0.00 0.00 0.00 0.00 0.00 0.00 0.00 0.00 0.00 0.00 0.00 0.00 0.00 0.00 0.00 0.00 0.00 0.00 0.00 0.00 0.00 0.00 0.00 0.00 0.00 0.00 0.00 0.00 0.00 0.00 0.00 0.00 0.00 0.00 0.00 0.00 0.00 0.00 0.00 0.00 0.00 0.00 0.00 0.00 0.00 0.00 0.00 0.00 0.00 0.00 0.00 0.00 0.00 0.00 0.00 0.00 0.00 0.00 0.00 0.00 0.00 0.00 0.00 0.00 0.00 0.00 0.00 0.00 0.00 0.00 0.00 0.00 0.00 0.00 0.00 0.00 0.00 0.00 0.00 0.00 0.00 0.00 0.00 0.00 0.00 0.00 0.00 0.00 0.00 0.00 0.00 0.00 0.00 0.00 0.00 0.00 0.00 0.00 0.00 0.00 0.00 0.00 0.00 0.00 0.00 0.00 0.00 0.00 0.00 0.00 0.00 0.00 0.00 0.00 0.00 0.00 0.00 0.00 0.00 0.00 0.00 0.00 0.00 0.00 0.00 0.00 0.00 0.00 0.00 0.00 0.00 0.00 0.00 0.00 0.00 0.00 0.00 0.00 0.00 0.00 0.00 0.00 0.00 0.00 0.00 0.00 0.00 0.00 0.00 0.00 0.00 0.00 0.00 0.00 0.00 0.00 0.00 0.00 0.00 0.00 0.00 0.00 0.00 0.00 0.00 0.00 0.00 0.00 0.00 0.00 0.00 0.00 0.00 0.00 0.00 0.00 0.00 0.00 0.00 0.00 0.00 0.00 0.00 0.00 0.00 0.00 0.00 0.00 0.00 0.00 0.00 0.00 0.00 0.00 0.00 0.00 0.00 0.00 0.00 0.00 0.00 0.00 0.00 0.00 0.00 0.00 0.00 0.00 0.00 0.00 0.00 0.00 0.00 0.00 0.00 0.00 0.00 0.00 0.00 0.00 0.00 0.00 0.00 0.00 0.00 0.00 0.00 0.00 0.00 0.00 0.00 0.00 0.00 0.00 0.00 0.00 0.00 0.00 0.00 0.00 0.00 0.00 0.00 0.00 0.00 0.00 0.00 0.00 0.00 0.00 0.00 0.00 0.00 0.00 0.00 0.00 0.00 0.00 0.00 0.00 0.00 0.00 0.00 0.00 0.00 0.00 0.00 0.00 0.00 0.00 0.00 0.00 0.00 0.00 0.00 0.00 0.00 0.00 0.00 0.00 0.00 0.00 0.00 0.00 0.00 0.00 0.00 0.00 0.00 0.00 0.00 0.00 0.00 0.00 0.00 0.00 0.00 0.00 0.00 0.00 0.00 0.00 0.00 0.00 0.00 0.00 0.00
rain_type.data=1 1 1 1 1 1 0 0 0 0 0 0 0 0 0 0 0 0 0 0 1 1 1 1 1 1 1 1 0 0 0 0 0 0 0 0 0 0 0 0 1 1 1 1 1 1 1 1 1 1 0 0 0 0 0 0 0 0 0 0 1 1 1 1 1 1 1 1 1 1 1 1 0 0 0 0 0 0 0 0 1 1 1 1 1 1 1 1 1 1 1 1 1 0 0 0 0 0 0 0 1 1 1 1 1 1 1 1 1 1 1 1 1 1 0 0 0 0 0 0 1 1 1 1 1 1 1 1 1 1 1 1 1 1 1 0 0 0 0 0 1 1 1 1 1 1 1 1 1 1 1 1 1 1 1 1 0 0 0 0 1 1 1 1 1 1 1 1 1 1 1 1 1 1 1 1 1 0 0 0 1 1 1 1 1 1 1 1 1 1 1 1 1 1 1 1 1 1 0 0 1 1 1 1 1 1 1 1 1 1 1 1 1 1 1 1 1 1 1 0 1 1 1 1 1 1 1 1 1 1 1 1 1 1 1 1 1 1 1 1 1 1 1 1 1 1 1 1 1 1 1 1 1 1 1 1 1 1 1 1 1 1 1 1 1 1 1 1 1 1 1 1 1 1 1 1 1 1 1 1 1 1 1 1 1 1 1 1 1 1 1 1 1 1 1 1 1 1 1 1 1 1 1 1 1 1 1 1 1 1 1 1 1 1 1 1 1 1 1 1 1 1 1 1 1 1 1 1 1 1 1 1 1 1 1 1 1 1 1 1 1 1 1 1 1 1 1 1 1 1 1 1 1 1 1 1 1 1 1 1 1 1 1 1 1 1 1 1 1 1 1 1 1 1 1 1 1 1 1 1 1 1 1 1 1 1 1 1 1 1 1 1 1 1 1 1 1 1 1 1 1 1 1 1 1 1 1 1 1 1 1 1 1 1 1 1 1 1 1 1 1 1 1 1 1 1 1 1 1 1 1 1 1 1 1 1 1 1 1 1 1 1 1 1 1 1 1 1 1 1 1 1 1 1 1 1 1 1 1 1 1 1 1 1 1 1 1 1 1 1 1 1 1 1 1 1 1 1 1 1 1 1 1 1 1 1 1 1 1 1 1 1 1 1 1 1 1 1 1 1 1 1 1 1 1 1 1 1 1 1 1 1 1 1 1 1 1 1 1 1 1 1 1 1 1 1 1 1 1 1 1 1 1 1 1 1 1 1 1 1 1 1 1 1 1 1 1 1 1 1 1 1 1 1 1 1 1 1 1 1 1 1 1 1 1 1 1 1 1 1 1 1 1 1 1 1 1 1 1 1 1 1 1 1 1 1 1 1 1 1 1 1 1 1 1 1 1 1 1 1 1 1 1 1 1 1 1 1 1 1 1 1 1 1 1 1 1 1 1 1 1 1 1 1 1 1 1 1 1 1 1 1 1 1 1 1 1 1 1 1 1 1 1 1 1 1 1 1 1 1 1 1 1 1 1 1 1 1 1 1 1 1 1 1 1 1 1 1 1 1 1 1 1 1 1 1 1 1 1 1 1 1 1 1 1 1 1 1 1 1 1 1 1 1 1 1 1 1 1 1 1 1 1 1 1 1 1 1 1 1 1 1 1 1 1 1 1 1 1 1 1 1 1 1 1 1 1 1 1 1 1 1 1 1 1 1 1 1 1 1 1 1 1 1 1 1 1 1 1 1 1 1 1 1 1 1 1 1 1 1 1 1 1 1 1 1 1 1 1 1 1 1 1 1 1 1 1 1 1 1 1 1 1 1 1 1 1 1 1 1 1 1 1 1 1 1 1 1 1 1 1 1 1 1 1 1 1 1 1 1 1 1 1 1 1 1 1 1 1 1 1 1 1 1 1 1 1 1 1 1 1 1 1 1 1 1 1 1 1 1 1 1 1 1 1 1 1 1 1 1 1 1 1 1 1 1 1 1 1 1 1 1 1 1 1 1 1 1 1 1 1 1 1 1 1 1 1 1 1 1 1 1 1 1 1 1 1 1 1 1 1 1 1 1 1 1 1 1 1 1 1 1 1 1 1 1 1 1 1 1 1 1 1 1 1 1 1 1 1 1 1 1 1 1 1 1 1 1 1 1 1 1 1 1 1 1 1 1 1 1 1 1 1 1 1 1 1 1 1 1 1 1 1 1 1 1 1 1 1 1 1 1 1 1 1 1 1 1 1 1 1 1 1 1 1 1 1 1 1 1 1 1 1 1 1 1 1 1 1 1 1 1 1 1 1 1 1 1 1 1 1 1 1 1 1 1 1 1 1 1 1 1 1 1 1 1 1 1 1 1 1 1 1 1 1 1 1 1 1 1 1 1 1 1 1 1 1 1 1 1 1 1 1 1 1 1 1 1 1 1 1 1 1 1 1 1 1 1 1 1 1 1 1 1 1 1 1 1 1 1 1 1 1 1 1 1 1 1 1 1 1 1 1 1 1 1 1 1 1 1 1 1 1 1 1 1 1 1 1 1 1 1 1 1 1 1 1 1 1 1 1 1 1 1 1 1 1 1 1 1 1 1 1 1 1 1 1 1 1 1 1 1 1 1 1 1 1 1 1 1 1 1 1 1 1 1 1 1 1 1 1 1 1 1 1 1 1 1 1 1 1 1 1 1 1 1 1 1 1 1 1 1 1 1 1 1 1 1 1 1 1 1 1 1 1 1 1 1 1 1 1 1 1 1 1 1 1 1 1 1 1 1 1 1 1 1 1 1 1 1 1 1 1 1 1 1 1 1 1 1 1 1 1 1 1 1 1 1 1 1 1 1 1 1 1 1 1 1 1 1 1 1 1 1 1 1 1 1 1 1 1 1 1 1 1 1 1 1 1 1 1 1 1 1 1 1 1 1 1 1 1 1 1 1 1 1 1 1 1 1 1 1 1 1 1 1 1 1 1 1 1 1 1 1 1 1 1 1 1 1 1 1 1 1 1 1 1 1 1 1 1 1 1 1 1 1 1 1 1 1 1 1 1 1 1 1 1 1 1 1 1 1 1 1 1 1 1 1 1 1 1 1 1 1 1 1 1 1 1 1 1 1 1 1 1 1 1 1 1 1 1 1 1 1 1 1 1 1 1 1 1 1 1 1 1 1 1 1 1 1 1 1 1 1 1 1 1 1 1 1 1 1 1 1 1 1 1 1 1 1 1 1 1 1 1 1 1 1 1 1 1 1 1 1 1 1 1 1 1 1 1 1 1 1 1 1 1 1 1 1 1 1 1 1 1 1 1 1 1 1 1 1 1 1 1 1 1 1 1 1 1 1 1 1 1 1 1 1 1 1 1 1 1 1 1 1 1 1 1 1 1 1 1 1 1 1 1 1 1 1 2 2 2 2 2 1 1 1 1 1 1 1 1 1 1 1 1 1 1 1 2 2 2 2 2 2 2 1 1 1 1 1 1 1 1 1 1 1 1 1 2 2 2 2 2 2 2 2 2 1 1 1 1 1 1 1 1 1 1 1 2 2 2 2 2 2 2 2 2 2 1 1 1 1 1 1 1 1 1 1 2 2 2 2 2 2 2 2 2 2 2 1 1 1 1 1 1 1 1 1 2 2 2 2 2 2 2 2 2 2 2 2 1 1 1 1 1 1 1 1 2 2 2 2 2 2 2 2 2 2 2 2 2 1 1 1 1 1 1 1 2 2 2 2 2 2 2 2 2 2 2 2 2 2 1 1 1 1 1 1 2 2 2 2 2 2 2 2 2 2 2 2 2 2 2 1 1 1 1 1 2 2 2 2 2 2 2 2 2 2 2 2 2 2 2 2 1 1 1 1 2 2 2 2 2 2 2 2 2 2 2 2 2 2 2 2 1 1 1 1 2 2 2 2 2 2 2 2 2 2 2 2 2 2 2 2 2 1 1 1 2 2 2 2 2 2 2 2 2 2 2 2 2 2 2 2 2 2 1 1 2 2 2 2 2 2 2 2 2 2 2 2 2 2 2 2 2 2 1 1 2 2 2 2 2 2 2 2 2 2 2 2 2 2 2 2 2 2 2 1 2 2 2 2 2 2 2 2 2 2 2 2 2 2 2 2 2 2 2 2 2 2 2 2 2 2 2 2 2 2 2 2 2 2 2 2 2 2 2 2 2 2 2 2 2 2 2 2 2 2 2 2 2 2 2 2 2 2 2 2 2 2 2 2 2 2 2 2 2 2 2 2 2 2 2 2 2 2 2 2 2 2 2 2 2 2 2 2 2 2 2 2 2 2 2 2 2 2 2 2 2 2 2 2 2 2 2 2 2 2 2 2 2 2 2 2 2 2 2 2 2 2 2 2 2 2 2 2 2 2 2 2 2 2 2 2 2 2 2 2 2 2 2 2 2 2 2 2 2 2 2 2 2 2 2 2 2 2 2 2 2 2 2 2 2 2 2 2 2 2 2 2 2 2 2 2 2 2 2 2 2 2 2 2 2 2 2 2 2 2 2 2 2 2 2 2 2 2 2 2 2 2 2 2 2 2 2 2 2 2 2 2 2 2 2 2 2 2 2 2 2 2 2 2 2 2 2 2 2 2 2 2 2 2 2 2 2 2 2 2 2 2 2 2 2 2 2 2 2 2 2 2 2 2 2 2 2 2 2 2 2 2 2 2 2 2 2 2 2 2 2 2 2 2 2 2 2 2 2 2 2 2 2 2 2 2 2 2 2 2 2 2 2 2 2 2 2 2 2 2 2 2 2 2 2 2 2 2 2 2 2 2 2 2 2 2 2 2 2 2 2 2 2 2 2 2 2 2 2 2 2 2 2 2 2 2 2 2 2 2 2 2 2 2 2 2 2 2 2 2 2 2 2 2 2 2 2 2 2 2 2 2 2 2 2 2 2 2 2 2 2 2 2 2 2 2 2 2 2 2 2 2 2 2 2 2 2 2 2 2 2 2 2 2 2 2 2 2 2 2 2 2 2 2 2 2 2 2 2 2 2 2 2 2 2 2 2 2 2 2 2 2 2 2 2 2 2 2 2 2 2 2 2 2 2 2 2 2 2 2 2 2 2 2 2 2 2 2 2 2 2 2 2 2 2 2 2 2 2 2 2 2 2 2 2 2 2 2 2 2 2 2 2 2 2 2 2 2 2 2 2 2 2 2 2 2 2 2 2 2 2 2 2 2 2 2 2 2 2 2 2 2 2 2 2 2 2 2 2 2 2 2 2 2 2 2 2 2 2 2 2 2 2 2 2 2 2 2 2 2 2 2 2 2 2 2 2 2 2 2 2 2 2 2 2 2 2 2 2 2 2 2 2 2 2 2 2 2 2 2 2 2 2 2 2 2 2 2 2 2 2 2 2 2 2 2 2 2 2 2 2 2 2 2 2 2 2 2 2 2 2 2 2 2 2 2 2 2 2 2 2 2 2 2 2 2 2 2 2 2 2 2 2 2 2 2 2 2 2 2 2 2 2 2 2 2 2 2 2 2 2 2 2 2 2 2 2 2 2 2 2 2 2 2 2 2 2 2 2 2 2 2 2 2 2 2 2 2 2 2 2 2 2 2 2 2 2 2 2 2 2 2 2 2 2 2 2 2 2 2 2 2 2 2 2 2 2 2 2 2 2 2 2 2 2 2 2 2 2 2 2 2 2 2 2 2 2 2 2 2 2 2 2 2 2 2 2 2 2 2 2 2 2 2 2 2 2 2 2 2 2 2 2 2 2 2 2 2 2 2 2 2 2 2 2 2 2 2 2 2 2 2 2 2 2 2 2 2 2 2 2 2 2 2 2 2 2 2 2 2 2 2 2 2 2 2 2 2 2 2 2 2 2 2 2 2 2 2 2 2 2 2 2 2 2 2 2 2 2 2 2 2 2 2 2 2 2 2 2 2 2 2 2 2 2 2 2 2 2 2 2 2 2 2 2 2 2 2 2 2 2 2 2 2 2 2 2 2 2 2 2 2 2 2 2 2 2 2 2 2 2 2 2 2 2 2 2 2 2 2 2 2 2 2 2 2 2 2 2 2 2 2 2 2 2 2 2 2 2 2 2 2 2 2 2 2 2 2 2 2 2 2 2 2 2 2 2 2 2 2 2 2 2 2 2 2 2 2 2 2 2 2 2 2 2 2 2 2 2 2 2 2 2 2 2 2 2 2 2 2 2 2 2 2 2 2 2 2 2 2 2 2 2 2 2 2 2 2 2 2 2 2 2 2 2 2 2 2 2 2 2 2 2 2 2 2 2 2 2 2 2 2 2 2 2 2 2 2 2 2 2 2 2 2 2 2 2 2 2 2 2 2 2 2 2 2 2 2 2 2 2 2 2 2 2 2 2 2 2 2 2 2 2 2 2 2 2 2 2 2 2 2 2 2 2 2 2 2 2 2 2 2 2 2 2 2 2 2 2 2 2 2 2 2 2 2 2 2 2 2 2 2 2 2 2 2 2 2 2 2 2 2 2 2 2 2 2 2 2 2 2 2 2 2 2 2 2 2 2 2 2 2 2 2 2 2 2 2 2 2 2 2 2 2 2 2 2 2 2 2 2 2 2 2 2 2 2 2 2 2 2 2 2 2 2 2 2 2 2 2 2 2 2 2 2 2 2 2 2 2 2 2 2 2 2 2 2 2 2 2 2 2 2 2 2 2 2 2 2 2 2 2 2 2 2 2 2 2 2 2 2 2 2 2 2 2 2 2 2 2 2 2 2 2 2 2 2 2 2 2 2 2 2 2 2 2 2 2 2 2 2 2 2 2 2 2 2 2 2 2 2 2 2 2 2 2 2 2 2 2 2 2 2 2 2 2 2 2 2 2 2 2 2 2 2 2 2 2 2 2 2 2 2 2 2 2 2 2 2 2 2 2 2 2 2 2 2 2 2 2 2 2 2 2 2 2 2 2 2 2 2 2 2 2 2 2 2 2 2 2 2 2 2 2 2 2 2 2 2 2 2 2 2 2 2 2 2 2 2 2 2 2 2 2 2 2 2 2 2 2 2 2 2 2 2 2 2 2 2 2 2 2 2 2 2 2 2 2 2 2 2 2 2 2 2 2 2 2 2 2 2 2 2 2 2 2 2 2 2 2 2 2 2 2 2 2 2 2 2 2 2 2 2 2 2 2 2 2 2 2 2 2 2 2 2 2 2 2 2 2 2 2 2 2 2 2 2 2 2 2 2 2 2 2 2 2 2 2 2 2 2 2 2 2 2 2 2 2 2 2 2 2 2 2 2 2 2 2 2 2 2 2 2 2 2 2 2 2 2 2 2 2 2 2 2 2 2 2 2 2 2 2 2 2 2 2 2 2 2 2 2 2 2 2 2 2 2 2 2 2 2 2 2 2 2 2 2 2 2 2 2 2 2 2 2 2 2 2 2 2 2 2 2 2 2 2 2 2 2 2 2 2 2 2 2 2 2 2 2 2 2 2 2 2 2 2 2 2 2 2 2 2 2 2 2 2 2 2 2 2 2 2 2 2 2 2 2 2 2 2 2 2 2 2 2 2 2 2 2 2 2 2 2 2 2 2 2 2 2 2 2 2 2 2 2 2 2 2 2 2 2 2 2 2 2 2 2 2 2 2 2 2 2 2 2 2 2 2 2 2 2 2 2 2 2 2 2 2 2 2 2 2 2 2 2 2 2 2 2 2 2 2 2 2 2 2 2 2 2 2 2 2 2 2 2 2 2 2 2 2 2 2 2 2 2 2 2 2 2 2 2 2 2 2 2 2 2 2 2 2 2 2 2 2 2 2 2 2 2 2 2 2 2 2 2 2 2 2 2 2 2 2 2 2 2 2 2 2 2 2 2 2 2 2 2 2 2 2 2 2 2 2 2 2 2 2 2 2 2 2 1 1 1 2 2 2 2 2 2 2 2 2 2 2 2 2 2 2 2 2 1 1 1 1 1 2 2 2 2 2 2 2 2 2 2 2 2 2 2 2 1 1 1 1 1 1 1 2 2 2 2 2 2 2 2 2 2 2 2 2 1 1 1 1 1 1 1 1 2 2 2 2 2 2 2 2 2 2 2 2 1 1 1 1 1 1 1 1 1 2 2 2 2 2 2 2 2 2 2 2 1 1 1 1 1 1 1 1 1 1 2 2 2 2 2 2 2 2 2 2 1 1 1 1 1 1 1 1 1 1 1 2 2 2 2 2 2 2 2 2 1 1 1 1 1 1 1 1 1 1 1 1 2 2 2 2 2 2 2 2 1 1 1 1 1 1 1 1 1 1 1 1 2 2 2 2 2 2 2 2 1 1 1 1 1 1 1 1 1 1 1 1 1 2 2 2 2 2 2 2 1 1 1 1 1 1 1 1 1 1 1 1 1 1 2 2 2 2 2 2 1 1 1 1 1 1 1 1 1 1 1 1 1 1 2 2 2 2 2 2 1 1 1 1 1 1 1 1 1 1 1 1 1 1 1 2 2 2 2 2 1 1 1 1 1 1 1 1 1 1 1 1 1 1 1 1 2 2 2 2 0 0 1 1 1 1 1 1 1 1 1 1 1 1 1 1 2 2 2 2 0 0 0 0 0 1 1 1 1 1 1 1 1 1 1 1 1 2 2 2 0 0 0 0 0 0 1 1 1 1 1 1 1 1 1 1 1 2 2 2 0 0 0 0 0 0 0 0 1 1 1 1 1 1 1 1 1 1 2 2 0 0 0 0 0 0 0 0 0 1 1 1 1 1 1 1 1 1 2 2 0 0 0 0 0 0 0 0 0 0 1 1 1 1 1 1 1 1 1 2 0 0 0 0 0 0 0 0 0 0 1 1 1 1 1 1 1 1 1 2 0 0 0 0 0 0 0 0 0 0 0 1 1 1 1 1 1 1 1 2 0 0 0 0 0 0 0 0 0 0 0 0 1 1 1 1 1 1 1 1 0 0 0 0 0 0 0 0 0 0 0 0 0 1 1 1 1 1 1 1 0 0 0 0 0 0 0 0 0 0 0 0 0 1 1 1 1 1 1 1 0 0 0 0 0 0 0 0 0 0 0 0 0 0 1 1 1 1 1 1 0 0 0 0 0 0 0 0 0 0 0 0 0 0 0 1 1 1 1 1 0 0 0 0 0 0 0 0 0 0 0 0 0 0 0 1 1 1 1 1 0 0 0 0 0 0 0 0 0 0 0 0 0 0 0 0 1 1 1 1 0 0 0 0 0 0 0 0 0 0 0 0 0 0 0 0 1 1 1 1 0 0 0 0 0 0 0 0 0 0 0 0 0 0 0 0 0 1 1 1 0 0 0 0 0 0 0 0 0 0 0 0 0 0 0 0 0 1 1 1 0 0 0 0 0 0 0 0 0 0 0 0 0 0 0 0 0 0 1 1 0 0 0 0 0 0 0 0 0 0 0 0 0 0 0 0 0 0 1 1 0 0 0 0 0 0 0 0 0 0 0 0 0 0 0 0 0 0 0 1 0 0 0 0 0 0 0 0 0 0 0 0 0 0 0 0 0 0 0 1 0 0 0 0 0 0 0 0 0 0 0 0 0 0 0 0 0 0 0 1 0 0 0 0 0 0 0 0 0 0 0 0 0 0 0 0 0 0 0 0 0 0 0 0 0 0 0 0 0 0 0 0 0 0 0 0 0 0 0 0 0 0 0 0 0 0 0 0 0 0 0 0 0 0 0 0 0 0 0 0 0 0 0 0 0 0 0 0 0 0 0 0 0 0 0 0 0 0 0 0 0 0 0 0 0 0 0 0 0 0 0 0 0 0 0 0 0 0 0 0 0 0 0 0 0 0 0 0 0 0 0 0 0 0 0 0 0 0 0 0 0 0 0 0 0 0 0 0 0 0 0 0 0 0 0 0 0 0 0 0 0 0 0 0 0 0 0 0 0 0 0 0 0 0 0 0 0 0 0 0 0 0 0 0 0 0 0 0 0 0 0 0 0 0 0 0 0 0 0 0 0 0 0 0 0 0 0 0 0 0 0 0 0 0 0 0 0 0 0 0 0 0 0 0 0 0 0 0 0 0 0 0 0 0 0 0 0 0 0 0 0 0 0 0 0 0 0 0 0 0 0 0 0 0 0 0 0 0 0 0 0 0 0 0 0 0 0 0 0 0 0 0 0 0 0 0 0 0 0 0 0 0 0 0 0 0 0 0 0 0 0 0 0 0 0 0 0 0 0 0 0 0 0 0 0 0 0 0 0 0 0 0 0 0 0 0 0 0 0 0 0 0 0 0 0 0 0 0 0 0 0 0 0 0 0 0 0 0 0 0 0 0 0 0 0 0 0 0 0 0 0 0 0 0 0 0 0 0 0 0 0 0 0 0 0 0 0 0 0 0 0 0 0 0 0 0 0 0 0 0 0 0 0 0 0 0 0 0 0 0 0 0 0 0 0 0 0 0 0 0 0 0 0 0 0 0 0 0 0 0 0 0 0 0 0 0 0 0 0 0 0 0 0 0 0 0 0 0 0 0 0 0 0 0 0 0 0 0 0 0 0 0 0 0 0 0 0 0 0 0 0 0 0 0 0 0 0 0 0 0 0 0 0 0 0 0 0 0 0 0 0 0 0 0 0 0 0 0 0 0 0 0 0 0 0 0 0 0 0 0 0 0 0 0 0 0 0 0 0 0 0 0 0 0 0 0 0 0 0 0 0 0 0 0 0 0 0 0 0 0 0 0 0 0 0 0 0 0 0 0 0 0 0 0 0 0 0 0 0 0 0 0 0 0 0 0 0 0 0 0 0 0 0 0 0 0 0 0 0 0 0 0 0 0 0 0 0 0 0 0 0 0 0 0 0 0 0 0 0 0 0 0 0 0 0 0 0 0 0 0 0 0 0 0 0 0 0 0 0 0 0 0 0 0 0 0 0 0 0 0 0 0 0 0 0 0 0 0 0 0 0 0 0 0 0 0 0 0 0 0 0 0 0 0 0 0 0 0 0 0 0 0 0 0 0 0 0 0 0 0 0 0 0 0 0 0 0 0 0 0 0 0 0 0 0 0 0 0 0 0 0 0 0 0 0 0 0 0 0 0 0 0 0 0 0 0 0 0 0 0 0 0 0 0 0 0 0 0 0 0 0 0 0 0 0 0 0 0 0 0 0 0 0 0 0 0 0 0 0 0 0 0 0 0 0 0 0 0 0 0 0 0 0 0 0 0 0 0 0 0 0 0 0 0 0 0 0 0 0 0 0 0 0 0 0 0 0 0 0 0 0 0 0 0 0 0 0 0 0 0 0 0 0 0 0 0 0 0 0 0 0 0 0 0 0 0 0 0 0 0 0 0 0 0 0 0 0 0 0 0 0 0 0 0 0 0 0 0 0 0 0 0 0 0 0 0 0 0 0 0 0 0 0 0 0 0 0 0 0 0 0 0 0 0 0 0 0 0 0 0 0 0 0 0 0 0 0 0 0 0 0 0 0 0 0 0 0 0 0 0 0 0 0 0 0 0 0 0 0 0 0 0 0 0 0 0 0 0 0 0 0 0 0 0 0 0 0 0 0 0 0 0 0 0 0 0 0 0 0 0 0 0 0 0 0 0 0 0 0 0 0 0 0 0 0 0 0 0 0 0 0 0 0 0 0 0 0 0 0 0 0 0 0 0 0 0 0 0 0 0
estimated_attenuation.size=5120
estimated_attenuation.data=0.00 0.00 0.00 0.00 0.00 0.01 0.00 0.00 0.00 0.00 0.00 0.00 0.00 0.00 0.00 0.00 0.00 0.00 0.00 0.00 0.00 0.00 0.00 0.00 0.00 0.01 0.00 0.00 0.00 0.00 0.00 0.00 0.00 0.00 0.00 0.00 0.00 0.00 0.00 0.00 0.00 0.01 0.00 0.01 0.01 0.01 0.01 0.01 0.00 0.00 0.00 0.00 0.00 0.00 0.00 0.00 0.00 0.00 0.00 0.00 0.00 0.01 0.01 0.01 0.01 0.01 0.01 0.01 0.01 0.01 0.03 0.00 0.00 0.00 0.00 0.00 0.00 0.00 0.00 0.00 0.01 0.01 0.01 0.01 0.01 0.01 0.02 0.02 0.01 0.01 0.06 0.00 0.00 0.00 0.00 0.00 0.00 0.00 0.00 0.00 0.01 0.01 0.01 0.01 0.01 0.02 0.02 0.02 0.02 0.02 0.07 0.00 0.00 0.00 0.00 0.00 0.00 0.00 0.00 0.00 0.01 0.01 0.01 0.01 0.01 0.02 0.03 0.02 0.03 0.03 0.10 0.00 0.00 0.00 0.00 0.00 0.00 0.00 0.00 0.00 0.01 0.01 0.01 0.02 0.02 0.02 0.03 0.02 0.03 0.03 0.20 0.00 0.00 0.00 0.00 0.00 0.00 0.00 0.00 0.00 0.01 0.01 0.01 0.02 0.02 0.02 0.03 0.03 0.03 0.04 0.20 0.00 0.00 0.00 0.00 0.00 0.00 0.00 0.00 0.00 0.01 0.02 0.01 0.02 0.02 0.03 0.03 0.03 0.04 0.05 0.20 0.00 0.00 0.00 0.00 0.00 0.00 0.00 0.00 0.00 0.01 0.02 0.01 0.02 0.02 0.03 0.04 0.04 0.04 0.06 0.20 0.00 0.00 0.00 0.00 0.00 0.00 0.00 0.00 0.00 0.02 0.02 0.02 0.02 0.03 0.03 0.04 0.04 0.05 0.06 0.20 0.00 0.00 0.00 0.00 0.00 0.00 0.00 0.00 0.00 0.02 0.02 0.02 0.03 0.03 0.03 0.04 0.04 0.05 0.06 0.20 0.00 0.00 0.00 0.00 0.00 0.00 0.00 0.00 0.00 0.02 0.02 0.02 0.03 0.03 0.04 0.05 0.05 0.06 0.07 0.20 0.00 0.00 0.00 0.00 0.00 0.00 0.00 0.00 0.00 0.02 0.02 0.02 0.03 0.03 0.04 0.05 0.05 0.07 0.08 0.20 0.00 0.00 0.00 0.00 0.00 0.00 0.00 0.00 0.00 0.02 0.02 0.02 0.03 0.04 0.04 0.06 0.06 0.07 0.10 0.20 0.00 0.00 0.00 0.00 0.00 0.00 0.00 0.00 0.00 0.02 0.02 0.02 0.03 0.04 0.05 0.06 0.06 0.08 0.11 0.20 0.00 0.00 0.00 0.00 0.00 0.00 0.00 0.00 0.00 0.02 0.02 0.03 0.04 0.04 0.05 0.07 0.07 0.08 0.11 0.20 0.00 0.00 0.00 0.00 0.00 0.00 0.00 0.00 0.00 0.03 0.03 0.03 0.04 0.04 0.05 0.07 0.08 0.08 0.14 0.20 0.00 0.00 0.00 0.00 0.00 0.00 0.00 0.00 0.00 0.03 0.03 0.03 0.04 0.05 0.06 0.08 0.08 0.09 0.15 0.20 0.00 0.00 0.00 0.00 0.00 0.00 0.00 0.00 0.00 0.03 0.03 0.03 0.04 0.05 0.06 0.08 0.08 0.10 0.16 0.20 0.00 0.00 0.00 0.00 0.00 0.00 0.00 0.00 0.00 0.03 0.03 0.03 0.04 0.05 0.06 0.09 0.09 0.10 0.18 0.20 0.00 0.00 0.00 0.00 0.00 0.00 0.00 0.00 0.00 0.03 0.03 0.04 0.04 0.05 0.06 0.09 0.09 0.10 0.22 0.20 0.00 0.00 0.00 0.00 0.00 0.00 0.00 0.00 0.00 0.03 0.03 0.04 0.05 0.06 0.07 0.10 0.09 0.11 0.23 0.20 0.00 0.00 0.00 0.00 0.00 0.00 0.00 0.00 0.00 0.03 0.03 0.04 0.05 0.06 0.07 0.10 0.10 0.12 0.24 0.20 0.00 0.00 0.00 0.00 0.00 0.00 0.00 0.00 0.00 0.04 0.04 0.04 0.05 0.06 0.07 0.11 0.10 0.12 0.29 0.20 0.00 0.00 0.00 0.00 0.00 0.00 0.00 0.00 0.00 0.04 0.04 0.04 0.05 0.06 0.08 0.11 0.11 0.13 0.33 0.20 0.00 0.00 0.00 0.00 0.00 0.00 0.00 0.00 0.00 0.04 0.04 0.04 0.05 0.06 0.08 0.11 0.11 0.13 0.38 0.20 0.00 0.00 0.00 0.00 0.00 0.00 0.00 0.00 0.00 0.04 0.04 0.04 0.06 0.07 0.08 0.11 0.11 0.13 0.42 0.20 0.00 0.00 0.00 0.00 0.00 0.00 0.00 0.00 0.00 0.04 0.04 0.05 0.06 0.07 0.09 0.12 0.12 0.14 0.42 0.20 0.00 0.00 0.00 0.00 0.00 0.00 0.00 0.00 0.00 0.04 0.04 0.05 0.06 0.07 0.09 0.13 0.12 0.15 0.42 0.20 0.00 0.00 0.00 0.00 0.00 0.00 0.00 0.00 0.00 0.04 0.04 0.05 0.06 0.07 0.10 0.13 0.13 0.15 0.42 0.20 0.00 0.00 0.00 0.00 0.00 0.00 0.00 0.00 0.00 0.04 0.04 0.05 0.06 0.07 0.10 0.14 0.13 0.16 0.42 0.20 0.00 0.00 0.00 0.00 0.00 0.00 0.00 0.00 0.00 0.05 0.04 0.05 0.06 0.08 0.10 0.15 0.13 0.17 0.42 0.20 0.00 0.00 0.00 0.00 0.00 0.00 0.00 0.00 0.00 0.05 0.04 0.06 0.07 0.08 0.11 0.15 0.14 0.17 0.42 0.20 0.00 0.00 0.00 0.00 0.00 0.00 0.00 0.00 0.00 0.05 0.05 0.06 0.07 0.08 0.11 0.15 0.14 0.18 0.42 0.20 0.00 0.00 0.00 0.00 0.00 0.00 0.00 0.00 0.00 0.05 0.05 0.06 0.07 0.08 0.11 0.16 0.15 0.20 0.42 0.20 0.00 0.00 0.00 0.00 0.00 0.00 0.00 0.00 0.00 0.05 0.05 0.06 0.07 0.08 0.11 0.16 0.15 0.21 0.42 0.20 0.00 0.00 0.00 0.00 0.00 0.00 0.00 0.00 0.00 0.05 0.05 0.06 0.08 0.09 0.12 0.16 0.16 0.22 0.42 0.20 0.00 0.00 0.00 0.00 0.00 0.00 0.00 0.00 0.00 0.06 0.05 0.06 0.08 0.09 0.12 0.17 0.17 0.22 0.42 0.20 0.00 0.00 0.00 0.00 0.00 0.00 0.00 0.00 0.00 0.06 0.05 0.07 0.09 0.09 0.12 0.17 0.17 0.22 0.42 0.20 0.00 0.00 0.00 0.00 0.00 0.00 0.00 0.00 0.00 0.06 0.05 0.07 0.09 0.09 0.12 0.17 0.18 0.23 0.42 0.20 0.00 0.00 0.00 0.00 0.00 0.00 0.00 0.00 0.00 0.06 0.06 0.07 0.09 0.10 0.13 0.18 0.19 0.24 0.42 0.20 0.00 0.00 0.00 0.00 0.00 0.00 0.00 0.00 0.00 0.06 0.06 0.07 0.09 0.10 0.13 0.18 0.19 0.24 0.42 0.20 0.00 0.00 0.00 0.00 0.00 0.00 0.00 0.00 0.00 0.06 0.06 0.07 0.09 0.11 0.13 0.19 0.20 0.25 0.42 0.20 0.00 0.00 0.00 0.00 0.00 0.00 0.00 0.00 0.00 0.06 0.06 0.07 0.09 0.11 0.13 0.19 0.20 0.28 0.42 0.20 0.00 0.00 0.00 0.00 0.00 0.00 0.00 0.00 0.00 0.07 0.06 0.08 0.10 0.11 0.14 0.20 0.21 0.29 0.42 0.20 0.00 0.00 0.00 0.00 0.00 0.00 0.00 0.00 0.00 0.07 0.06 0.08 0.10 0.12 0.14 0.20 0.21 0.30 0.42 0.20 0.00 0.00 0.00 0.00 0.00 0.00 0.00 0.00 0.00 0.07 0.07 0.08 0.10 0.12 0.14 0.21 0.21 0.30 0.42 0.20 0.00 0.00 0.00 0.00 0.00 0.00 0.00 0.00 0.00 0.07 0.07 0.08 0.10 0.12 0.15 0.22 0.22 0.32 0.42 0.20 0.00 0.00 0.00 0.00 0.00 0.00 0.00 0.00 0.00 0.07 0.07 0.08 0.11 0.12 0.15 0.22 0.23 0.34 0.42 0.20 0.00 0.00 0.00 0.00 0.00 0.00 0.00 0.00 0.00 0.07 0.07 0.08 0.11 0.13 0.15 0.23 0.23 0.36 0.42 0.20 0.00 0.00 0.00 0.00 0.00 0.00 0.00 0.00 0.00 0.07 0.07 0.08 0.11 0.13 0.15 0.23 0.24 0.37 0.42 0.20 0.00 0.00 0.00 0.00 0.00 0.00 0.00 0.00 0.00 0.08 0.07 0.09 0.11 0.13 0.16 0.24 0.25 0.39 0.42 0.20 0.00 0.00 0.00 0.00 0.00 0.00 0.00 0.00 0.00 0.08 0.07 0.09 0.11 0.14 0.16 0.24 0.25 0.42 0.42 0.20 0.00 0.00 0.00 0.00 0.00 0.00 0.00 0.00 0.00 0.08 0.08 0.09 0.12 0.14 0.17 0.25 0.26 0.44 0.42 0.20 0.00 0.00 0.00 0.00 0.00 0.00 0.00 0.00 0.00 0.08 0.08 0.09 0.12 0.14 0.17 0.25 0.27 0.44 0.42 0.20 0.00 0.00 0.00 0.00 0.00 0.00 0.00 0.00 0.00 0.08 0.08 0.09 0.12 0.14 0.17 0.25 0.27 0.44 0.42 0.20 0.00 0.00 0.00 0.00 0.00 0.00 0.00 0.00 0.00 0.08 0.08 0.10 0.12 0.15 0.18 0.26 0.29 0.44 0.42 0.20 0.00 0.00 0.00 0.00 0.00 0.00 0.00 0.00 0.00 0.09 0.08 0.10 0.13 0.15 0.18 0.27 0.29 0.44 0.42 0.20 0.00 0.00 0.00 0.00 0.00 0.00 0.00 0.00 0.00 0.09 0.08 0.10 0.13 0.15 0.18 0.27 0.30 0.44 0.42 0.20 0.00 0.00 0.00 0.00 0.00 0.00 0.00 0.00 0.00 0.09 0.08 0.10 0.13 0.15 0.19 0.27 0.31 0.44 0.42 0.20 0.00 0.00 0.00 0.00 0.00 0.00 0.00 0.00 0.00 0.09 0.09 0.11 0.13 0.16 0.20 0.28 0.31 0.44 0.42 0.20 0.00 0.00 0.00 0.00 0.00 0.00 0.00 0.00 0.00 0.09 0.09 0.11 0.13 0.16 0.20 0.28 0.32 0.44 0.42 0.20 0.00 0.00 0.00 0.00 0.00 0.00 0.00 0.00 0.00 0.09 0.09 0.11 0.14 0.17 0.21 0.29 0.32 0.44 0.42 0.20 0.00 0.00 0.00 0.00 0.00 0.00 0.00 0.00 0.00 0.09 0.09 0.11 0.14 0.17 0.21 0.29 0.33 0.44 0.42 0.20 0.00 0.00 0.00 0.00 0.00 0.00 0.00 0.00 0.00 0.09 0.09 0.11 0.14 0.17 0.21 0.30 0.33 0.44 0.42 0.20 0.00 0.00 0.00 0.00 0.00 0.00 0.00 0.00 0.00 0.10 0.09 0.11 0.14 0.17 0.22 0.31 0.34 0.44 0.42 0.20 0.00 0.00 0.00 0.00 0.00 0.00 0.00 0.00 0.00 0.10 0.09 0.12 0.14 0.17 0.22 0.31 0.36 0.44 0.42 0.20 0.00 0.00 0.00 0.00 0.00 0.00 0.00 0.00 0.00 0.10 0.09 0.12 0.15 0.18 0.23 0.32 0.37 0.44 0.42 0.20 0.00 0.00 0.00 0.00 0.00 0.00 0.00 0.00 0.00 0.10 0.10 0.12 0.15 0.18 0.23 0.32 0.38 0.44 0.42 0.20 0.00 0.00 0.00 0.00 0.00 0.00 0.00 0.00 0.00 0.10 0.10 0.12 0.15 0.18 0.24 0.33 0.38 0.44 0.42 0.20 0.00 0.00 0.00 0.00 0.00 0.00 0.00 0.00 0.00 0.10 0.10 0.12 0.15 0.18 0.24 0.33 0.39 0.44 0.42 0.20 0.00 0.00 0.00 0.00 0.00 0.00 0.00 0.00 0.00 0.10 0.10 0.12 0.16 0.18 0.24 0.34 0.40 0.44 0.42 0.20 0.00 0.00 0.00 0.00 0.00 0.00 0.00 0.00 0.00 0.11 0.12 0.14 0.18 0.20 0.25 0.34 0.40 0.44 0.42 0.20 0.00 0.00 0.00 0.00 0.00 0.00 0.00 0.00 0.00 0.14 0.13 0.15 0.21 0.22 0.29 0.42 0.41 0.44 0.42 0.20 0.00 0.00 0.00 0.00 0.00 0.00 0.00 0.00 0.00 0.16 0.14 0.16 0.23 0.23 0.32 0.51 0.51 0.44 0.42 0.20 0.00 0.00 0.00 0.00 0.00 0.00 0.00 0.00 0.00 0.17 0.15 0.17 0.25 0.24 0.35 0.64 0.52 0.44 0.42 0.20 0.00 0.00 0.00 0.00 0.00 0.00 0.00 0.00 0.00 0.19 0.16 0.21 0.32 0.26 0.40 0.69 0.63 0.44 0.42 0.20 0.00 0.00 0.00 0.00 0.00 0.00 0.00 0.00 0.00 0.20 0.17 0.23 0.34 0.29 0.42 0.75 0.67 0.44 0.42 0.20 0.00 0.00 0.00 0.00 0.00 0.00 0.00 0.00 0.00 0.22 0.18 0.26 0.36 0.33 0.45 0.79 0.70 0.44 0.42 0.20 0.00 0.00 0.00 0.00 0.00 0.00 0.00 0.00 0.00 0.23 0.19 0.27 0.39 0.35 0.49 0.83 0.87 0.44 0.42 0.20 0.00 0.00 0.00 0.00 0.00 0.00 0.00 0.00 0.00 0.24 0.20 0.29 0.40 0.36 0.53 0.86 0.97 0.44 0.42 0.20 0.00 0.00 0.00 0.00 0.00 0.00 0.00 0.00 0.00 0.26 0.21 0.31 0.43 0.39 0.55 0.91 0.99 0.44 0.42 0.20 0.00 0.00 0.00 0.00 0.00 0.00 0.00 0.00 0.00 0.27 0.21 0.35 0.44 0.41 0.58 0.98 1.03 0.44 0.42 0.20 0.00 0.00 0.00 0.00 0.00 0.00 0.00 0.00 0.00 0.29 0.23 0.36 0.48 0.44 0.62 1.05 1.12 0.44 0.42 0.20 0.00 0.00 0.00 0.00 0.00 0.00 0.00 0.00 0.00 0.30 0.24 0.36 0.51 0.48 0.65 1.10 1.17 0.44 0.42 0.20 0.00 0.00 0.00 0.00 0.00 0.00 0.00 0.00 0.00 0.31 0.24 0.39 0.52 0.50 0.67 1.15 1.26 0.44 0.42 0.20 0.00 0.00 0.00 0.00 0.00 0.00 0.00 0.00 0.00 0.32 0.25 0.39 0.53 0.53 0.72 1.24 1.40 0.44 0.42 0.20 0.00 0.00 0.00 0.00 0.00 0.00 0.00 0.00 0.00 0.34 0.26 0.40 0.56 0.54 0.78 1.26 1.43 0.44 0.42 0.20 0.00 0.00 0.00 0.00 0.00 0.00 0.00 0.00 0.00 0.35 0.26 0.41 0.59 0.56 0.83 1.29 1.49 0.44 0.42 0.20 0.00 0.00 0.00 0.00 0.00 0.00 0.00 0.00 0.00 0.35 0.27 0.42 0.60 0.57 0.88 1.31 1.55 0.44 0.42 0.20 0.00 0.00 0.00 0.00 0.00 0.00 0.00 0.00 0.00 0.36 0.27 0.43 0.63 0.59 0.91 1.39 1.59 0.44 0.42 0.20 0.00 0.00 0.00 0.00 0.00 0.00 0.00 0.00 0.00 0.37 0.28 0.44 0.64 0.63 0.93 1.47 1.66 0.44 0.42 0.20 0.00 0.00 0.00 0.00 0.00 0.00 0.00 0.00 0.00 0.37 0.29 0.45 0.65 0.65 0.95 1.55 1.73 0.44 0.42 0.20 0.00 0.00 0.00 0.00 0.00 0.00 0.00 0.00 0.00 0.38 0.30 0.46 0.66 0.70 0.99 1.63 1.81 0.44 0.42 0.20 0.00 0.00 0.00 0.00 0.00 0.00 0.00 0.00 0.00 0.40 0.31 0.48 0.67 0.71 1.01 1.66 1.85 0.44 0.42 0.20 0.00 0.00 0.00 0.00 0.00 0.00 0.00 0.00 0.00 0.41 0.32 0.49 0.69 0.80 1.04 1.68 1.90 0.44 0.42 0.20 0.00 0.00 0.00 0.00 0.00 0.00 0.00 0.00 0.00 0.43 0.36 0.50 0.71 0.85 1.08 1.72 1.93 0.44 0.42 0.20 0.00 0.00 0.00 0.00 0.00 0.00 0.00 0.00 0.00 0.43 0.36 0.51 0.72 0.87 1.12 1.76 1.99 0.44 0.42 0.20 0.00 0.00 0.00 0.00 0.00 0.00 0.00 0.00 0.00 0.44 0.37 0.53 0.74 0.89 1.14 1.82 1.99 0.44 0.42 0.20 0.00 0.00 0.00 0.00 0.00 0.00 0.00 0.00 0.00 0.48 0.39 0.53 0.75 0.90 1.19 1.88 1.99 0.44 0.42 0.20 0.00 0.00 0.00 0.00 0.00 0.00 0.00 0.00 0.00 0.49 0.41 0.55 0.81 0.93 1.22 1.99 1.99 0.44 0.42 0.20 0.00 0.00 0.00 0.00 0.00 0.00 0.00 0.00 0.00 0.50 0.41 0.56 0.83 0.98 1.29 2.05 1.99 0.44 0.42 0.20 0.00 0.00 0.00 0.00 0.00 0.00 0.00 0.00 0.00 0.51 0.43 0.57 0.84 1.02 1.33 2.19 1.99 0.44 0.42 0.20 0.00 0.00 0.00 0.00 0.00 0.00 0.00 0.00 0.00 0.51 0.44 0.58 0.87 1.07 1.35 2.23 1.99 0.44 0.42 0.20 0.00 0.00 0.00 0.00 0.00 0.00 0.00 0.00 0.00 0.52 0.45 0.59 0.88 1.09 1.39 2.25 1.99 0.44 0.42 0.20 0.00 0.00 0.00 0.00 0.00 0.00 0.00 0.00 0.00 0.53 0.47 0.60 0.92 1.11 1.42 2.32 1.99 0.44 0.42 0.20 0.00 0.00 0.00 0.00 0.00 0.00 0.00 0.00 0.00 0.54 0.48 0.61 0.94 1.14 1.47 2.40 1.99 0.44 0.42 0.20 0.00 0.00 0.00 0.00 0.00 0.00 0.00 0.00 0.00 0.55 0.49 0.63 0.94 1.16 1.49 2.43 1.99 0.44 0.42 0.20 0.00 0.00 0.00 0.00 0.00 0.00 0.00 0.00 0.00 0.56 0.49 0.64 0.96 1.17 1.52 2.46 1.99 0.44 0.42 0.20 0.00 0.00 0.00 0.00 0.00 0.00 0.00 0.00 0.00 0.57 0.50 0.66 0.97 1.19 1.56 2.55 1.99 0.44 0.42 0.20 0.00 0.00 0.00 0.00 0.00 0.00 0.00 0.00 0.00 0.58 0.52 0.69 1.01 1.23 1.58 2.57 1.99 0.44 0.42 0.20 0.00 0.00 0.00 0.00 0.00 0.00 0.00 0.00 0.00 0.58 0.53 0.70 1.03 1.27 1.60 2.75 1.99 0.44 0.42 0.20 0.00 0.00 0.00 0.00 0.00 0.00 0.00 0.00 0.00 0.60 0.53 0.71 1.07 1.32 1.64 2.78 1.99 0.44 0.42 0.20 0.00 0.00 0.00 0.00 0.00 0.00 0.00 0.00 0.00 0.61 0.54 0.72 1.08 1.34 1.68 2.81 1.99 0.44 0.42 0.20 0.00 0.00 0.00 0.00 0.00 0.00 0.00 0.00 0.00 0.62 0.55 0.73 1.10 1.40 1.74 2.84 1.99 0.44 0.42 0.20 0.00 0.00 0.00 0.00 0.00 0.00 0.00 0.00 0.00 0.62 0.55 0.75 1.11 1.43 1.79 2.87 1.99 0.44 0.42 0.20 0.00 0.00 0.00 0.00 0.00 0.00 0.00 0.00 0.00 0.63 0.56 0.77 1.12 1.45 1.81 2.95 1.99 0.44 0.42 0.20 0.00 0.00 0.00 0.00 0.00 0.00 0.00 0.00 0.00 0.64 0.58 0.79 1.16 1.47 1.85 2.97 1.99 0.44 0.42 0.20 0.00 0.00 0.00 0.00 0.00 0.00 0.00 0.00 0.00 0.65 0.58 0.80 1.17 1.49 1.89 3.02 1.99 0.44 0.42 0.20 0.00 0.00 0.00 0.00 0.00 0.00 0.00 0.00 0.00 0.66 0.59 0.82 1.21 1.52 1.92 3.17 1.99 0.44 0.42 0.20 0.00 0.00 0.00 0.00 0.00 0.00 0.00 0.00 0.00 0.67 0.59 0.84 1.22 1.55 1.94 3.26 1.99 0.44 0.42 0.20 0.00 0.00 0.00 0.00 0.00 0.00 0.00 0.00 0.00 0.68 0.60 0.85 1.23 1.57 1.98 3.33 1.99 0.44 0.42 0.20 0.00 0.00 0.00 0.00 0.00 0.00 0.00 0.00 0.00 0.70 0.61 0.87 1.25 1.58 2.00 3.45 1.99 0.44 0.42 0.20 0.00 0.00 0.00 0.00 0.00 0.00 0.00 0.00 0.00 0.70 0.61 0.89 1.27 1.61 2.02 3.53 1.99 0.44 0.42 0.20 0.00 0.00 0.00 0.00 0.00 0.00 0.00 0.00 0.00 0.72 0.62 0.90 1.29 1.64 2.10 3.57 1.99 0.44 0.42 0.20 0.00 0.00 0.00 0.00 0.00 0.00 0.00 0.00 0.00 0.74 0.64 0.90 1.31 1.65 2.14 3.63 1.99 0.44 0.42 0.20 0.00 0.00 0.00 0.00 0.00 0.00 0.00 0.00 0.00 0.75 0.65 0.91 1.34 1.70 2.16 3.71 1.99 0.44 0.42 0.20 0.00 0.00 0.00 0.00 0.00 0.00 0.00 0.00 0.00 0.76 0.66 0.92 1.35 1.72 2.22 3.76 1.99 0.44 0.42 0.20 0.00 0.00 0.00 0.00 0.00 0.00 0.00 0.00 0.00 0.78 0.67 0.93 1.36 1.75 2.28 3.82 1.99 0.44 0.42 0.20 0.00 0.00 0.00 0.00 0.00 0.00 0.00 0.00 0.00 0.78 0.68 0.97 1.37 1.78 2.34 3.90 1.99 0.44 0.42 0.20 0.00 0.00 0.00 0.00 0.00 0.00 0.00 0.00 0.00 0.80 0.69 0.98 1.39 1.81 2.38 3.95 1.99 0.44 0.42 0.20 0.00 0.00 0.00 0.00 0.00 0.00 0.00 0.00 0.00 0.80 0.70 0.99 1.41 1.84 2.45 3.97 1.99 0.44 0.42 0.20 0.00 0.00 0.00 0.00 0.00 0.00 0.00 0.00 0.00 0.82 0.70 1.03 1.43 1.85 2.53 4.01 1.99 0.44 0.42 0.20 0.00 0.00 0.00 0.00 0.00 0.00 0.00 0.00 0.00 0.83 0.71 1.04 1.44 1.87 2.57 4.08 1.99 0.44 0.42 0.20 0.00 0.00 0.00 0.00 0.00 0.00 0.00 0.00 0.00 0.84 0.73 1.06 1.45 1.89 2.59 4.12 1.99 0.44 0.42 0.20 0.00 0.00 0.00 0.00 0.00 0.00 0.00 0.00 0.00 0.85 0.73 1.07 1.46 1.95 2.62 4.20 1.99 0.44 0.42 0.20 0.00 0.00 0.00 0.00 0.00 0.00 0.00 0.00 0.00 0.85 0.74 1.08 1.49 1.99 2.70 4.31 1.99 0.44 0.42 0.20 0.00 0.00 0.00 0.00 0.00 0.00 0.00 0.00 0.00 0.86 0.75 1.10 1.51 2.01 2.76 4.48 1.99 0.44 0.42 0.20 0.00 0.00 0.00 0.00 0.00 0.00 0.00 0.00 0.00 0.88 0.76 1.14 1.53 2.06 2.79 4.53 1.99 0.44 0.42 0.20 0.00 0.00 0.00 0.00 0.00 0.00 0.00 0.00 0.00 0.89 0.78 1.14 1.54 2.12 2.88 4.64 1.99 0.44 0.42 0.20 0.00 0.00 0.00 0.00 0.00 0.00 0.00 0.00 0.00 0.90 0.79 1.15 1.57 2.14 2.93 4.81 1.99 0.44 0.42 0.20 0.00 0.00 0.00 0.00 0.00 0.00 0.00 0.00 0.00 0.91 0.80 1.17 1.58 2.18 2.98 4.88 1.99 0.44 0.42 0.20 0.00 0.00 0.00 0.00 0.00 0.00 0.00 0.00 0.00 0.93 0.81 1.18 1.65 2.27 3.03 4.95 1.99 0.44 0.42 0.20 0.00 0.00 0.00 0.00 0.00 0.00 0.00 0.00 0.00 0.94 0.82 1.20 1.66 2.29 3.06 4.99 1.99 0.44 0.42 0.20 0.00 0.00 0.00 0.00 0.00 0.00 0.00 0.00 0.00 0.95 0.83 1.22 1.68 2.31 3.14 5.04 1.99 0.44 0.42 0.20 0.00 0.00 0.00 0.00 0.00 0.00 0.00 0.00 0.00 0.96 0.84 1.22 1.71 2.36 3.19 5.04 1.99 0.44 0.42 0.20 0.00 0.00 0.00 0.00 0.00 0.00 0.00 0.00 0.00 0.97 0.86 1.23 1.72 2.39 3.27 5.04 1.99 0.44 0.42 0.20 0.00 0.00 0.00 0.00 0.00 0.00 0.00 0.00 0.00 0.98 0.86 1.25 1.73 2.44 3.35 5.04 1.99 0.44 0.42 0.20 0.00 0.00 0.00 0.00 0.00 0.00 0.00 0.00 0.00 0.99 0.88 1.25 1.77 2.47 3.37 5.04 1.99 0.44 0.42 0.20 0.00 0.00 0.00 0.00 0.00 0.00 0.00 0.00 0.00 1.00 0.89 1.27 1.79 2.49 3.44 5.04 1.99 0.44 0.42 0.20 0.00 0.00 0.00 0.00 0.00 0.00 0.00 0.00 0.00 1.00 0.90 1.28 1.81 2.50 3.49 5.04 1.99 0.44 0.42 0.20 0.00 0.00 0.00 0.00 0.00 0.00 0.00 0.00 0.00 1.01 0.92 1.31 1.82 2.55 3.51 5.04 1.99 0.44 0.42 0.20 0.00 0.00 0.00 0.00 0.00 0.00 0.00 0.00 0.00 1.02 0.92 1.31 1.86 2.58 3.54 5.04 1.99 0.44 0.42 0.20 0.00 0.00 0.00 0.00 0.00 0.00 0.00 0.00 0.00 1.03 0.93 1.34 1.88 2.63 3.56 5.04 1.99 0.44 0.42 0.20 0.00 0.00 0.00 0.00 0.00 0.00 0.00 0.00 0.00 1.04 0.94 1.35 1.89 2.66 3.57 5.04 1.99 0.44 0.42 0.20 0.00 0.00 0.00 0.00 0.00 0.00 0.00 0.00 0.00 1.05 0.96 1.37 1.91 2.70 3.61 5.04 1.99 0.44 0.42 0.20 0.00 0.00 0.00 0.00 0.00 0.00 0.00 0.00 0.00 1.06 0.97 1.40 1.92 2.73 3.76 5.04 1.99 0.44 0.42 0.20 0.00 0.00 0.00 0.00 0.00 0.00 0.00 0.00 0.00 1.07 0.98 1.41 1.93 2.75 3.80 5.04 1.99 0.44 0.42 0.20 0.00 0.00 0.00 0.00 0.00 0.00 0.00 0.00 0.00 1.09 1.00 1.43 1.97 2.82 3.88 5.04 1.99 0.44 0.42 0.20 0.00 0.00 0.00 0.00 0.00 0.00 0.00 0.00 0.00 1.10 1.02 1.44 2.00 2.84 3.91 5.04 1.99 0.44 0.42 0.20 0.00 0.00 0.00 0.00 0.00 0.00 0.00 0.00 0.00 1.11 1.03 1.46 2.03 2.88 4.07 5.04 1.99 0.44 0.42 0.20 0.00 0.00 0.00 0.00 0.00 0.00 0.00 0.00 0.00 1.11 1.05 1.47 2.07 2.92 4.11 5.04 1.99 0.44 0.42 0.20 0.00 0.00 0.00 0.00 0.00 0.00 0.00 0.00 0.00 1.13 1.06 1.49 2.12 2.96 4.18 5.04 1.99 0.44 0.42 0.20 0.00 0.00 0.00 0.00 0.00 0.00 0.00 0.00 0.00 1.14 1.07 1.50 2.14 3.03 4.23 5.04 1.99 0.44 0.42 0.20 0.00 0.00 0.00 0.00 0.00 0.00 0.00 0.00 0.00 1.15 1.08 1.51 2.16 3.06 4.29 5.04 1.99 0.44 0.42 0.20 0.00 0.00 0.00 0.00 0.00 0.00 0.00 0.00 0.00 1.16 1.09 1.52 2.18 3.10 4.35 5.04 1.99 0.44 0.42 0.20 0.00 0.00 0.00 0.00 0.00 0.00 0.00 0.00 0.00 1.18 1.10 1.54 2.20 3.12 4.45 5.04 1.99 0.44 0.42 0.20 0.00 0.00 0.00 0.00 0.00 0.00 0.00 0.00 0.00 1.18 1.10 1.55 2.22 3.14 4.47 5.04 1.99 0.44 0.42 0.20 0.00 0.00 0.00 0.00 0.00 0.00 0.00 0.00 0.00 1.19 1.11 1.59 2.25 3.20 4.51 5.04 1.99 0.44 0.42 0.20 0.00 0.00 0.00 0.00 0.00 0.00 0.00 0.00 0.00 1.20 1.12 1.63 2.28 3.21 4.54 5.04 1.99 0.44 0.42 0.20 0.00 0.00 0.00 0.00 0.00 0.00 0.00 0.00 0.00 1.21 1.12 1.65 2.29 3.23 4.59 5.04 1.99 0.44 0.42 0.20 0.00 0.00 0.00 0.00 0.00 0.00 0.00 0.00 0.00 1.21 1.13 1.65 2.34 3.26 4.62 5.04 1.99 0.44 0.42 0.20 0.00 0.00 0.00 0.00 0.00 0.00 0.00 0.00 0.00 1.21 1.13 1.65 2.34 3.27 4.80 5.04 1.99 0.44 0.42 0.20 0.00 0.00 0.00 0.00 0.00 0.00 0.00 0.00 0.00 1.21 1.13 1.66 2.34 3.28 4.82 5.04 1.99 0.44 0.42 0.20 0.00 0.00 0.00 0.00 0.00 0.00 0.00 0.00 0.00 1.22 1.13 1.66 2.35 3.28 4.83 5.04 1.99 0.44 0.42 0.20 0.00 0.00 0.00 0.00 0.00 0.00 0.00 0.00 0.00 1.22 1.13 1.66 2.35 3.29 4.83 5.04 1.99 0.44 0.42 0.20 0.00 0.00 0.00 0.00 0.00 0.00 0.00 0.00 0.00 1.22 1.13 1.66 2.35 3.29 4.85 5.04 1.99 0.44 0.42 0.20 0.00 0.00 0.00 0.00 0.00 0.00 0.00 0.00 0.00 1.22 1.13 1.66 2.35 3.29 4.87 5.04 1.99 0.44 0.42 0.20 0.00 0.00 0.00 0.00 0.00 0.00 0.00 0.00 0.00 1.22 1.13 1.66 2.36 3.30 4.87 5.04 1.99 0.44 0.42 0.20 0.00 0.00 0.00 0.00 0.00 0.00 0.00 0.00 0.00 1.22 1.14 1.67 2.36 3.30 4.88 5.04 1.99 0.44 0.42 0.20 0.00 0.00 0.00 0.00 0.00 0.00 0.00 0.00 0.00 1.22 1.14 1.67 2.36 3.31 4.90 5.04 1.99 0.44 0.42 0.20 0.00 0.00 0.00 0.00 0.00 0.00 0.00 0.00 0.00 1.23 1.14 1.67 2.37 3.31 4.91 5.04 1.99 0.44 0.42 0.20 0.00 0.00 0.00 0.00 0.00 0.00 0.00 0.00 0.00 1.23 1.14 1.67 2.37 3.32 4.93 5.04 1.99 0.44 0.42 0.20 0.00 0.00 0.00 0.00 0.00 0.00 0.00 0.00 0.00 1.23 1.14 1.68 2.37 3.32 4.95 5.04 1.99 0.44 0.42 0.20 0.00 0.00 0.00 0.00 0.00 0.00 0.00 0.00 0.00 1.23 1.14 1.68 2.37 3.33 4.96 5.04 1.99 0.44 0.42 0.20 0.00 0.00 0.00 0.00 0.00 0.00 0.00 0.00 0.00 0.00 0.00 1.68 2.38 3.34 4.97 5.04 1.99 0.44 0.42 0.20 0.00 0.00 0.00 0.00 0.00 0.00 0.00 0.00 0.00 0.00 0.00 0.00 0.00 0.00 4.99 5.04 1.99 0.44 0.42 0.20 0.00 0.00 0.00 0.00 0.00 0.00 0.00 0.00 0.00 0.00 0.00 0.00 0.00 0.00 0.00 5.04 1.99 0.44 0.42 0.20 0.00 0.00 0.00 0.00 0.00 0.00 0.00 0.00 0.00 0.00 0.00 0.00 0.00 0.00 0.00 0.00 0.00 0.44 0.42 0.20 0.00 0.00 0.00 0.00 0.00 0.00 0.00 0.00 0.00 0.00 0.00 0.00 0.00 0.00 0.00 0.00 0.00 0.00 0.42 0.20 0.00 0.00 0.00 0.00 0.00 0.00 0.00 0.00 0.00 0.00 0.00 0.00 0.00 0.00 0.00 0.00 0.00 0.00 0.00 0.20 0.00 0.00 0.00 0.00 0.00 0.00 0.00 0.00 0.00 0.00 0.00 0.00 0.00 0.00 0.00 0.00 0.00 0.00 0.00 0.20 0.00 0.00 0.00 0.00 0.00 0.00 0.00 0.00 0.00 0.00 0.00 0.00 0.00 0.00 0.00 0.00 0.00 0.00 0.00 0.00 0.00 0.00 0.00 0.00 0.00 0.00 0.00 0.00 0.00 0.00 0.00 0.00 0.00 0.00 0.00 0.00 0.00 0.00 0.00 0.00 0.00 0.00 0.00 0.00 0.00 0.00 0.00 0.00 0.00 0.00 0.00 0.00 0.00 0.00 0.00 0.00 0.00 0.00 0.00 0.00 0.00 0.00 0.00 0.00 0.00 0.00 0.00 0.00 0.00 0.00 0.00 0.00 0.00 0.00 0.00 0.00 0.00 0.00 0.00 0.00 0.00 0.00 0.00 0.00 0.00 0.00 0.00 0.00 0.00 0.00 0.00 0.00 0.00 0.00 0.00 0.00 0.00 0.00 0.00 0.00 0.00 0.00 0.00 0.00 0.00 0.00 0.00 0.00 0.00 0.00 0.00 0.00 0.00 0.00 0.00 0.00 0.00 0.00 0.00 0.00 0.00 0.00 0.00 0.00 0.00 0.00 0.00 0.00 0.00 0.00 0.00 0.00 0.00 0.00 0.00 0.00 0.00 0.00 0.00 0.00 0.00 0.00 0.00 0.00 0.00 0.00 0.00 0.00 0.00 0.00 0.00 0.00 0.00 0.00 0.00 0.00 0.00 0.00 0.00 0.00 0.00 0.00 0.00 0.00 0.00 0.00 0.00 0.00 0.00 0.00 0.00 0.00 0.00 0.00 0.00 0.00 0.00 0.00 0.00 0.00 0.00 0.00 0.00 0.00 0.00 0.00 0.00 0.00 0.00 0.00 0.00 0.00 0.00 0.00 0.00 0.00 0.00 0.00 0.00 0.00 0.00 0.00 0.00 0.00 0.00 0.00 0.00 0.00 0.00 0.00 0.00 0.00 0.00 0.00 0.00 0.00 0.00 0.00 0.00 0.00 0.00 0.00 0.00 0.00 0.00 0.00 0.00 0.00 0.00 0.00 0.00 0.00 0.00 0.00 0.00 0.00 0.00 0.00 0.00 0.00 0.00 0.00 0.00 0.00 0.00 0.00 0.00 0.00 0.00 0.00 0.00 0.00 0.00 0.00 0.00 0.00 0.00 0.00 0.00 0.00 0.00 0.00 0.00 0.00 0.00 0.00 0.00 0.00 0.00 0.00 0.00 0.00 0.00 0.00 0.00 0.00 0.00 0.00 0.00 0.00 0.00 0.00 0.00 0.00 0.00 0.00 0.00 0.00 0.00 0.00 0.00 0.00 0.00 0.00 0.00 0.00 0.00 0.00 0.00 0.00 0.00 0.00 0.00 0.00 0.00 0.00 0.00 0.00 0.00 0.00 0.00 0.00 0.00 0.00 0.00 0.00 0.00 0.00 0.00 0.00 0.00 0.00 0.00 0.00 0.00 0.00 0.00 0.00 0.00 0.00 0.00 0.00 0.00 0.00 0.00 0.00 0.00 0.00 0.00 0.00 0.00 0.00 0.00 0.00 0.00 0.00 0.00 0.00 0.00 0.00 0.00 0.00 0.00 0.00 0.00 0.00 0.00 0.00 0.00 0.00 0.00 0.00 0.00 0.00 0.00 0.00 0.00 0.00 0.00 0.00 0.00 0.00 0.00 0.00 0.00 0.00 0.00 0.00 0.00 0.00 0.00 0.00 0.00 0.00 0.00 0.00 0.00 0.00 0.00 0.00 0.00 0.00 0.00 0.00 0.00 0.00 0.00 0.00 0.00 0.00 0.00 0.00 0.00 0.00 0.00 0.00 0.00 0.00 0.00 0.00 0.00 0.00 0.00 0.00 0.00 0.00 0.00 0.00 0.00 0.00 0.00 0.00 0.00 0.00 0.00 0.00 0.00 0.00 0.00 0.00 0.00 0.00 0.00 0.00 0.00 0.00 0.00 0.00 0.00 0.00 0.00 0.00 0.00 0.00 0.00 0.00 0.00 0.00 0.00 0.00 0.00 0.00 0.00 0.00 0.00 0.00 0.00 0.00 0.00 0.00 0.00 0.00 0.00 0.00 0.00 0.00 0.00 0.00 0.00 0.00 0.00 0.00 0.00 0.00 0.00 0.00 0.00 0.00 0.00 0.00 0.00 0.00 0.00 0.00 0.00 0.00 0.00 0.00 0.00 0.00 0.00 0.00 0.00 0.00 0.00 0.00 0.00 0.00 0.00 0.00 0.00 0.00 0.00 0.00 0.00 0.00 0.00 0.00 0.00 0.00 0.00 0.00 0.00 0.00 0.00 0.00 0.00 0.00 0.00 0.00 0.00 0.00 0.00 0.00 0.00 0.00 0.00 0.00 0.00 0.00 0.00 0.00 0.00 0.00 0.00 0.00 0.00 0.00 0.00 0.00 0.00 0.00 0.00 0.00 0.00 0.00 0.00 0.00 0.00 0.00 0.00 0.00 0.00 0.00 0.00 0.00 0.00 0.00 0.00 0.00 0.00 0.00 0.00 0.00 0.00 0.00 0.00 0.00 0.00 0.00 0.00 0.00 0.00 0.00 0.00 0.00 0.00 0.00 0.00 0.00 0.00 0.00 0.00 0.00 0.00 0.00 0.00 0.00 0.00 0.00 0.00 0.00 0.00 0.00 0.00 0.00 0.00 0.00 0.00 0.00 0.00 0.00 0.00 0.00 0.00 0.00 0.00 0.00 0.00 0.00 0.00 0.00 0.00 0.00 0.00 0.00 0.00 0.00 0.00 0.00 0.00 0.00 0.00 0.00 0.00 0.00 0.00 0.00 0.00 0.00 0.00 0.00 0.00 0.00 0.00 0.00 0.00 0.00 0.00 0.00 0.00 0.00 0.00 0.00 0.00 0.00 0.00 0.00 0.00 0.00 0.00 0.00 0.00 0.00 0.00 0.00 0.00 0.00 0.00 0.00 0.00 0.00 0.00 0.00 0.00 0.00 0.00 0.00 0.00 0.00 0.00 0.00 0.00 0.00 0.00 0.00 0.00 0.00 0.00 0.00 0.00 0.00 0.00 0.00 0.00 0.00 0.00 0.00 0.00 0.00 0.00 0.00 0.00 0.00 0.00 0.00 0.00 0.00 0.00 0.00 0.00 0.00 0.00 0.00 0.00 0.00 0.00 0.00 0.00 0.00 0.00 0.00 0.00 0.00 0.00 0.00 0.00 0.00 0.00 0.00 0.00 0.00 0.00 0.00 0.00 0.00 0.00 0.00 0.00 0.00 0.00 0.00 0.00 0.00 0.00 0.00 0.00 0.00 0.00 0.00 0.00 0.00 0.00 0.00 0.00 0.00 0.00 0.00 0.00 0.00 0.00 0.00 0.00 0.00 0.00 0.00 0.00 0.00 0.00 0.00 0.00 0.00 0.00 0.00 0.00 0.00 0.00 0.00 0.00 0.00 0.00 0.00 0.00 0.00 0.00 0.00 0.00 0.00 0.00 0.00 0.00 0.00 0.00 0.00 0.00 0.00 0.00 0.00 0.00 0.00 0.00 0.00 0.00 0.00 0.00 0.00 0.00 0.00 0.00 0.00 0.00 0.00 0.00 0.00 0.00 0.00 0.00 0.00 0.00 0.00 0.00 0.00 0.00 0.00 0.00 0.00 0.00 0.00 0.00 0.00 0.00 0.00 0.00 0.00 0.00 0.00 0.00 0.00 0.00 0.00 0.00 0.00 0.00 0.00 0.00 0.00 0.00 0.00 0.00 0.00 0.00 0.00 0.00 0.00 0.00 0.00 0.00 0.00 0.00 0.00 0.00 0.00 0.00 0.00 0.00 0.00 0.00 0.00 0.00 0.00 0.00 0.00 0.00 0.00 0.00 0.00 0.00 0.00 0.00 0.00 0.00 0.00 0.00 0.00 0.00 0.00 0.00 0.00 0.00 0.00 0.00 0.00 0.00 0.00 0.00 0.00 0.00 0.00 0.00 0.00 0.00 0.00 0.00 0.00 0.00 0.00 0.00 0.00 0.00 0.00 0.00 0.00 0.00 0.00 0.00 0.00 0.00 0.00 0.00 0.00 0.00 0.00 0.00 0.00 0.00 0.00 0.00 0.00 0.00 0.00 0.00 0.00 0.00 0.00 0.00 0.00 0.00 0.00 0.00 0.00 0.00 0.00 0.00 0.00 0.00 0.00 0.00 0.00 0.00 0.00 0.00 0.00 0.00 0.00 0.00 0.00 0.00 0.00 0.00 0.00 0.00 0.00 0.00 0.00 0.00 0.00 0.00 0.00 0.00 0.00 0.00 0.00 0.00 0.00 0.00 0.00 0.00 0.00 0.00 0.00 0.00 0.00 0.00 0.00 0.00 0.00 0.00 0.00 0.00 0.00 0.00 0.00 0.00 0.00 0.00 0.00 0.00 0.00 0.00 0.00 0.00 0.00 0.00 0.00 0.00 0.00 0.00 0.00 0.00 0.00 0.00 0.00 0.00 0.00 0.00 0.00 0.00 0.00 0.00 0.00 0.00 0.00 0.00 0.00 0.00 0.00 0.00 0.00 0.00 0.00 0.00 0.00 0.00 0.00 0.00 0.00 0.00 0.00 0.00 0.00 0.00 0.00 0.00 0.00 0.00 0.00 0.00 0.00 0.00 0.00 0.00 0.00 0.00 0.00 0.00 0.00 0.00 0.00 0.00 0.00 0.00 0.00 0.00 0.00 0.00 0.00 0.00 0.00 0.00 0.00 0.00 0.00 0.00 0.00 0.00 0.00 0.00 0.00 0.00 0.00 0.00 0.00 0.00 0.00 0.00 0.00 0.00 0.00 0.00 0.00 0.00 0.00 0.00 0.00 0.00 0.00 0.00 0.00 0.00 0.00 0.00 0.00 0.00 0.00 0.00 0.00 0.00 0.00 0.00 0.00 0.00 0.00 0.00 0.00 0.00 0.00 0.00 0.00 0.00 0.00 0.00 0.00 0.00 0.00 0.00 0.00 0.00 0.00 0.00 0.00 0.00 0.00 0.00 0.00 0.00 0.00 0.00 0.00 0.00 0.00 0.00 0.00 0.00 0.00 0.00 0.00 0.00 0.00 0.00 0.00 0.00 0.00 0.00 0.00 0.00 0.00 0.00 0.00 0.00 0.00 0.00 0.00 0.00 0.00 0.00 0.00 0.00 0.00 0.00 0.00 0.00 0.00 0.00 0.00 0.00 0.00 0.00 0.00 0.00 0.00 0.00 0.00 0.00 0.00 0.00 0.00 0.00 0.00 0.00 0.00 0.00 0.00 0.00 0.00 0.00 0.00 0.00 0.00 0.00 0.00 0.00 0.00 0.00 0.00 0.00 0.00 0.00 0.00 0.00 0.00 0.00 0.00 0.00 0.00 0.00 0.00 0.00 0.00 0.00 0.00 0.00 0.00 0.00 0.00 0.00 0.00 0.00 0.00 0.00 0.00 0.00 0.00 0.00 0.00 0.00 0.00 0.00 0.00 0.00 0.00 0.00 0.00 0.00 0.00 0.00 0.00 0.00 0.00 0.00 0.00 0.00 0.00 0.00 0.00 0.00 0.00 0.00 0.00 0.00
height.size=5120
height.data=21.92 358.75 695.46 1031.95 1368.11 1703.86 2039.08 2373.67 2707.53 3040.57 3372.67 3703.73 4033.66 4362.36 4689.72 5015.65 5340.05 5662.81 5983.85 6303.05 22.15 360.72 699.17 1037.41 1375.32 1712.80 2049.76 2386.08 2721.67 3056.43 3390.25 3723.03 4054.67 4385.07 4714.13 5041.75 5367.82 5692.26 6014.95 6335.81 22.38 362.70 702.89 1042.87 1382.52 1721.74 2060.44 2398.50 2735.82 3072.30 3407.84 3742.33 4075.68 4407.78 4738.54 5067.84 5395.60 5721.70 6046.06 6368.57 22.61 364.67 706.61 1048.33 1389.72 1730.69 2071.12 2410.91 2749.96 3088.17 3425.43 3761.64 4096.69 4430.50 4762.95 5093.94 5423.37 5751.15 6077.17 6401.34 22.84 366.65 710.33 1053.80 1396.93 1739.63 2081.80 2423.32 2764.10 3104.03 3443.01 3780.94 4117.71 4453.21 4787.36 5120.04 5451.15 5780.60 6108.28 6434.10 23.08 368.63 714.06 1059.26 1404.14 1748.58 2092.48 2435.74 2778.25 3119.91 3460.60 3800.24 4138.72 4475.93 4811.77 5146.13 5478.93 5810.05 6139.39 6466.86 23.31 370.60 717.78 1064.73 1411.35 1757.53 2103.17 2448.16 2792.39 3135.78 3478.20 3819.55 4159.73 4498.64 4836.18 5172.23 5506.71 5839.50 6170.51 6499.63 23.54 372.58 721.50 1070.20 1418.56 1766.48 2113.85 2460.57 2806.54 3151.65 3495.79 3838.86 4180.75 4521.36 4860.59 5198.33 5534.49 5868.95 6201.62 6532.40 23.78 374.57 725.23 1075.66 1425.77 1775.43 2124.54 2472.99 2820.69 3167.52 3513.38 3858.16 4201.77 4544.08 4885.01 5224.44 5562.27 5898.40 6232.74 6565.16 24.02 376.55 728.96 1081.13 1432.98 1784.38 2135.22 2485.41 2834.84 3183.40 3530.98 3877.47 4222.78 4566.80 4909.42 5250.54 5590.05 5927.86 6263.85 6597.93 24.26 378.53 732.68 1086.61 1440.19 1793.33 2145.91 2497.84 2848.99 3199.27 3548.57 3896.78 4243.80 4589.52 4933.84 5276.64 5617.84 5957.31 6294.97 6630.70 24.50 380.52 736.41 1092.08 1447.40 1802.28 2156.60 2510.26 2863.14 3215.15 3566.17 3916.10 4264.82 4612.24 4958.25 5302.75 5645.62 5986.77 6326.09 6663.47 24.74 382.50 740.14 1097.55 1454.62 1811.24 2167.29 2522.68 2877.30 3231.03 3583.77 3935.41 4285.84 4634.97 4982.67 5328.86 5673.41 6016.23 6357.21 6696.24 24.98 384.49 743.87 1103.03 1461.84 1820.19 2177.99 2535.11 2891.45 3246.91 3601.37 3954.72 4306.87 4657.69 5007.09 5354.96 5701.19 6045.68 6388.33 6729.02 25.22 386.48 747.61 1108.50 1469.05 1829.15 2188.68 2547.53 2905.61 3262.79 3618.97 3974.04 4327.89 4680.42 5031.51 5381.07 5728.98 6075.14 6419.45 6761.79 25.47 388.47 751.34 1113.98 1476.27 1838.11 2199.37 2559.96 2919.76 3278.67 3636.57 3993.35 4348.92 4703.15 5055.94 5407.18 5756.77 6104.60 6450.57 6794.57 25.71 390.46 755.08 1119.46 1483.49 1847.06 2210.07 2572.39 2933.92 3294.55 3654.17 4012.67 4369.94 4725.87 5080.36 5433.29 5784.56 6134.06 6481.69 6827.34 25.96 392.45 758.81 1124.94 1490.71 1856.03 2220.76 2584.82 2948.08 3310.44 3671.78 4031.99 4390.97 4748.60 5104.78 5459.40 5812.35 6163.53 6512.82 6860.12 26.21 394.44 762.55 1130.42 1497.93 1864.99 2231.46 2597.25 2962.24 3326.32 3689.38 4051.31 4412.00 4771.33 5129.21 5485.52 5840.15 6192.99 6543.94 6892.90 26.45 396.44 766.29 1135.90 1505.16 1873.95 2242.16 2609.68 2976.40 3342.21 3706.99 4070.63 4433.03 4794.06 5153.64 5511.63 5867.94 6222.46 6575.07 6925.68 26.70 398.43 770.03 1141.38 1512.38 1882.91 2252.86 2622.12 2990.56 3358.09 3724.59 4089.95 4454.06 4816.80 5178.06 5537.74 5895.73 6251.92 6606.20 6958.46 26.96 400.43 773.77 1146.87 1519.61 1891.88 2263.56 2634.55 3004.73 3373.98 3742.20 4109.27 4475.09 4839.53 5202.49 5563.86 5923.53 6281.39 6637.33 6991.24 27.21 402.43 777.51 1152.35 1526.84 1900.84 2274.27 2646.99 3018.89 3389.87 3759.81 4128.60 4496.12 4862.26 5226.92 5589.98 5951.33 6310.86 6668.46 7024.02 27.46 404.42 781.26 1157.84 1534.06 1909.81 2284.97 2659.42 3033.06 3405.76 3777.42 4147.92 4517.15 4885.00 5251.35 5616.10 5979.12 6340.32 6699.59 7056.80 27.72 406.42 785.00 1163.33 1541.29 1918.78 2295.67 2671.86 3047.23 3421.66 3795.03 4167.25 4538.19 4907.74 5275.78 5642.22 6006.92 6369.79 6730.72 7089.59 27.97 408.43 788.75 1168.82 1548.52 1927.75 2306.38 2684.30 3061.39 3437.55 3812.65 4186.58 4559.22 4930.47 5300.22 5668.34 6034.72 6399.27 6761.85 7122.37 28.23 410.43 792.49 1174.31 1555.75 1936.72 2317.09 2696.74 3075.56 3453.44 3830.26 4205.91 4580.26 4953.21 5324.65 5694.46 6062.52 6428.74 6792.99 7155.16 28.49 412.43 796.24 1179.80 1562.99 1945.69 2327.80 2709.18 3089.73 3469.34 3847.88 4225.24 4601.30 4975.95 5349.09 5720.58 6090.33 6458.21 6824.12 7187.95 28.75 414.44 799.99 1185.29 1570.22 1954.66 2338.51 2721.62 3103.91 3485.23 3865.49 4244.57 4622.34 4998.70 5373.52 5746.70 6118.13 6487.69 6855.26 7220.74 29.01 416.44 803.74 1190.78 1577.46 1963.64 2349.22 2734.07 3118.08 3501.13 3883.11 4263.90 4643.38 5021.44 5397.96 5772.83 6145.93 6517.16 6886.39 7253.52 29.27 418.45 807.49 1196.28 1584.69 1972.61 2359.93 2746.51 3132.25 3517.03 3900.73 4283.23 4664.42 5044.18 5422.40 5798.96 6173.74 6546.64 6917.53 7286.32 29.53 420.46 811.24 1201.77 1591.93 1981.59 2370.64 2758.96 3146.43 3532.93 3918.35 4302.57 4685.46 5066.93 5446.84 5825.08 6201.55 6576.11 6948.67 7319.11 29.80 422.47 815.00 1207.27 1599.17 1990.57 2381.35 2771.41 3160.60 3548.83 3935.97 4321.90 4706.51 5089.67 5471.28 5851.21 6229.35 6605.59 6979.81 7351.90 30.06 424.48 818.75 1212.77 1606.41 1999.55 2392.07 2783.85 3174.78 3564.73 3953.59 4341.24 4727.55 5112.42 5495.72 5877.34 6257.16 6635.07 7010.95 7384.69 30.33 426.49 822.51 1218.27 1613.65 2008.53 2402.79 2796.30 3188.96 3580.64 3971.22 4360.58 4748.60 5135.17 5520.16 5903.47 6284.97 6664.55 7042.10 7417.49 30.60 428.50 826.27 1223.77 1620.89 2017.51 2413.50 2808.75 3203.14 3596.54 3988.84 4379.91 4769.65 5157.92 5544.61 5929.60 6312.78 6694.04 7073.24 7450.28 30.87 430.52 830.02 1229.27 1628.13 2026.49 2424.22 2821.21 3217.32 3612.45 4006.47 4399.25 4790.69 5180.67 5569.05 5955.74 6340.60 6723.52 7104.39 7483.08 31.14 432.53 833.78 1234.77 1635.38 2035.48 2434.94 2833.66 3231.50 3628.35 4024.09 4418.59 4811.74 5203.42 5593.50 5981.87 6368.41 6753.00 7135.53 7515.88 31.41 434.55 837.55 1240.28 1642.62 2044.46 2445.66 2846.11 3245.69 3644.26 4041.72 4437.94 4832.79 5226.17 5617.95 6008.00 6396.22 6782.49 7166.68 7548.68 31.68 436.57 841.31 1245.78 1649.87 2053.45 2456.39 2858.57 3259.87 3660.17 4059.35 4457.28 4853.85 5248.92 5642.39 6034.14 6424.04 6811.97 7197.83 7581.48 31.95 438.58 845.07 1251.29 1657.12 2062.43 2467.11 2871.03 3274.06 3676.08 4076.98 4476.62 4874.90 5271.68 5666.84 6060.28 6451.85 6841.46 7228.97 7614.28 32.23 440.60 848.84 1256.80 1664.37 2071.42 2477.83 2883.48 3288.24 3691.99 4094.61 4495.97 4895.95 5294.43 5691.30 6086.41 6479.67 6870.95 7260.12 7647.08 32.51 442.63 852.60 1262.31 1671.62 2080.41 2488.56 2895.94 3302.43 3707.91 4112.24 4515.32 4917.01 5317.19 5715.75 6112.55 6507.49 6900.44 7291.28 7679.89 32.78 444.65 856.37 1267.82 1678.87 2089.40 2499.29 2908.40 3316.62 3723.82 4129.88 4534.66 4938.06 5339.95 5740.20 6138.69 6535.31 6929.93 7322.43 7712.69 33.06 446.67 860.14 1273.33 1686.12 2098.39 2510.01 2920.86 3330.81 3739.73 4147.51 4554.01 4959.12 5362.71 5764.65 6164.84 6563.13 6959.42 7353.58 7745.50 33.34 448.70 863.90 1278.84 1693.38 2107.39 2520.74 2933.32 3345.00 3755.65 4165.15 4573.36 4980.18 5385.47 5789.11 6190.98 6590.95 6988.91 7384.74 7778.30 33.62 450.72 867.68 1284.35 1700.63 2116.38 2531.47 2945.79 3359.19 3771.57 4182.78 4592.72 5001.24 5408.23 5813.57 6217.12 6618.78 7018.41 7415.89 7811.11 33.90 452.75 871.45 1289.87 1707.89 2125.38 2542.21 2958.25 3373.39 3787.49 4200.42 4612.07 5022.30 5430.99 5838.02 6243.27 6646.60 7047.90 7447.05 7843.92 34.19 454.78 875.22 1295.38 1715.14 2134.37 2552.94 2970.72 3387.58 3803.41 4218.06 4631.42 5043.36 5453.76 5862.48 6269.41 6674.42 7077.40 7478.20 7876.73 34.47 456.81 878.99 1300.90 1722.40 2143.37 2563.67 2983.19 3401.78 3819.33 4235.70 4650.78 5064.42 5476.52 5886.94 6295.56 6702.25 7106.89 7509.36 7909.54 34.76 458.84 882.77 1306.42 1729.66 2152.37 2574.41 2995.65 3415.98 3835.25 4253.34 4670.13 5085.49 5499.29 5911.40 6321.71 6730.08 7136.39 7540.52 7942.35 35.04 460.87 886.54 1311.94 1736.92 2161.37 2585.14 3008.12 3430.17 3851.17 4270.98 4689.49 5106.55 5522.05 5935.86 6347.86 6757.91 7165.89 7571.68 7975.16 35.33 462.90 890.32 1317.46 1744.19 2170.37 2595.88 3020.59 3444.37 3867.10 4288.63 4708.85 5127.62 5544.82 5960.33 6374.01 6785.74 7195.39 7602.84 8007.98 35.62 464.94 894.10 1322.98 1751.45 2179.37 2606.62 3033.06 3458.57 3883.02 4306.27 4728.21 5148.69 5567.59 5984.79 6400.16 6813.57 7224.89 7634.01 8040.79 35.91 466.97 897.88 1328.50 1758.71 2188.38 2617.36 3045.54 3472.78 3898.95 4323.92 4747.57 5169.76 5590.36 6009.26 6426.31 6841.40 7254.39 7665.17 8073.61 36.20 469.01 901.66 1334.03 1765.98 2197.38 2628.10 3058.01 3486.98 3914.87 4341.57 4766.93 5190.83 5613.13 6033.72 6452.46 6869.23 7283.90 7696.34 8106.42 36.49 471.05 905.44 1339.55 1773.25 2206.39 2638.84 3070.49 3501.18 3930.80 4359.22 4786.29 5211.90 5635.91 6058.19 6478.62 6897.06 7313.40 7727.50 8139.24 36.79 473.08 909.23 1345.08 1780.51 2215.39 2649.59 3082.96 3515.39 3946.73 4376.86 4805.65 5232.97 5658.68 6082.66 6504.77 6924.90 7342.91 7758.67 8172.06 37.08 475.12 913.01 1350.61 1787.78 2224.40 2660.33 3095.44 3529.59 3962.66 4394.52 4825.02 5254.04 5681.45 6107.13 6530.93 6952.73 7372.41 7789.84 8204.88 37.38 477.17 916.80 1356.14 1795.05 2233.41 2671.08 3107.92 3543.80 3978.60 4412.17 4844.38 5275.12 5704.23 6131.60 6557.09 6980.57 7401.92 7821.01 8237.70 37.68 479.21 920.58 1361.67 1802.32 2242.42 2681.82 3120.40 3558.01 3994.53 4429.82 4863.75 5296.19 5727.01 6156.07 6583.25 7008.41 7431.43 7852.18 8270.52 37.97 481.25 924.37 1367.20 1809.60 2251.43 2692.57 3132.88 3572.22 4010.46 4447.47 4883.12 5317.27 5749.79 6180.54 6609.41 7036.25 7460.94 7883.35 8303.35 38.27 483.30 928.16 1372.73 1816.87 2260.44 2703.32 3145.36 3586.43 4026.40 4465.13 4902.49 5338.34 5772.56 6205.02 6635.57 7064.09 7490.45 7914.52 8336.17 38.57 485.34 931.95 1378.26 1824.14 2269.46 2714.07 3157.84 3600.64 4042.34 4482.79 4921.86 5359.42 5795.34 6229.49 6661.73 7091.93 7519.96 7945.69 8369.00 38.88 487.39 935.74 1383.80 1831.42 2278.47 2724.82 3170.33 3614.86 4058.27 4500.44 4941.23 5380.50 5818.13 6253.97 6687.89 7119.77 7549.47 7976.87 8401.82 39.18 489.44 939.53 1389.33 1838.70 2287.49 2735.57 3182.81 3629.07 4074.21 4518.10 4960.60 5401.58 5840.91 6278.44 6714.06 7147.62 7578.99 8008.04 8434.65 39.48 491.49 943.33 1394.87 1845.98 2296.51 2746.33 3195.30 3643.29 4090.15 4535.76 4979.98 5422.67 5863.69 6302.92 6740.22 7175.46 7608.50 8039.22 8467.48 39.79 493.54 947.12 1400.41 1853.26 2305.53 2757.08 3207.79 3657.50 4106.09 4553.42 4999.35 5443.75 5886.48 6327.40 6766.39 7203.31 7638.02 8070.40 8500.31 40.10 495.59 950.92 1405.95 1860.54 2314.55 2767.84 3220.28 3671.72 4122.04 4571.08 5018.73 5464.83 5909.26 6351.88 6792.56 7231.15 7667.54 8101.58 8533.14 40.40 497.64 954.72 1411.49 1867.82 2323.57 2778.60 3232.77 3685.94 4137.98 4588.75 5038.11 5485.92 5932.05 6376.36 6818.73 7259.00 7697.06 8132.76 8565.97 40.71 499.70 958.52 1417.03 1875.10 2332.59 2789.35 3245.26 3700.16 4153.92 4606.41 5057.48 5507.01 5954.84 6400.85 6844.90 7286.85 7726.57 8163.94 8598.80 41.02 501.75 962.32 1422.57 1882.39 2341.61 2800.11 3257.75 3714.38 4169.87 4624.08 5076.86 5528.09 5977.63 6425.33 6871.07 7314.70 7756.10 8195.12 8631.64 41.33 503.81 966.12 1428.12 1889.67 2350.64 2810.87 3270.24 3728.60 4185.82 4641.74 5096.24 5549.18 6000.42 6449.82 6897.24 7342.55 7785.62 8226.30 8664.47 41.65 505.87 969.92 1433.66 1896.96 2359.66 2821.64 3282.74 3742.83 4201.76 4659.41 5115.63 5570.27 6023.21 6474.30 6923.41 7370.40 7815.14 8257.49 8697.31 41.96 507.92 973.72 1439.21 1904.25 2368.69 2832.40 3295.23 3757.05 4217.71 4677.08 5135.01 5591.36 6046.00 6498.79 6949.59 7398.26 7844.66 8288.67 8730.14 42.28 509.98 977.53 1444.76 1911.53 2377.72 2843.16 3307.73 3771.28 4233.66 4694.75 5154.39 5612.46 6068.80 6523.28 6975.76 7426.11 7874.19 8319.86 8762.98 42.59 512.05 981.33 1450.31 1918.82 2386.75 2853.93 3320.23 3785.50 4249.62 4712.42 5173.78 5633.55 6091.59 6547.77 7001.94 7453.97 7903.71 8351.04 8795.82 42.91 514.11 985.14 1455.86 1926.12 2395.78 2864.69 3332.73 3799.73 4265.57 4730.09 5193.16 5654.64 6114.39 6572.26 7028.12 7481.82 7933.24 8382.23 8828.66 43.23 516.17 988.95 1461.41 1933.41 2404.81 2875.46 3345.23 3813.96 4281.52 4747.77 5212.55 5675.74 6137.18 6596.75 7054.29 7509.68 7962.77 8413.42 8861.50 43.55 518.24 992.76 1466.96 1940.70 2413.84 2886.23 3357.73 3828.19 4297.48 4765.44 5231.94 5696.83 6159.98 6621.24 7080.47 7537.54 7992.30 8444.61 8894.34 43.87 520.30 996.57 1472.51 1948.00 2422.87 2897.00 3370.23 3842.42 4313.43 4783.12 5251.33 5717.93 6182.78 6645.74 7106.66 7565.40 8021.83 8475.80 8927.19 44.19 522.37 1000.38 1478.07 1955.29 2431.91 2907.77 3382.74 3856.66 4329.39 4800.79 5270.72 5739.03 6205.58 6670.23 7132.84 7593.26 8051.36 8507.00 8960.03 44.51 524.44 1004.19 1483.62 1962.59 2440.95 2918.54 3395.24 3870.89 4345.35 4818.47 5290.11 5760.13 6228.38 6694.73 7159.02 7621.12 8080.89 8538.19 8992.88 44.84 526.51 1008.00 1489.18 1969.89 2449.98 2929.32 3407.75 3885.13 4361.31 4836.15 5309.51 5781.23 6251.19 6719.22 7185.20 7648.98 8110.42 8569.38 9025.72 45.16 528.58 1011.82 1494.74 1977.19 2459.02 2940.09 3420.26 3899.36 4377.27 4853.83 5328.90 5802.34 6273.99 6743.72 7211.39 7676.85 8139.96 8600.58 9058.57 45.49 530.65 1015.63 1500.30 1984.49 2468.06 2950.87 3432.76 3913.60 4393.23 4871.51 5348.30 5823.44 6296.80 6768.22 7237.58 7704.71 8169.49 8631.78 9091.42 45.82 532.72 1019.45 1505.86 1991.79 2477.10 2961.65 3445.27 3927.84 4409.19 4889.19 5367.69 5844.54 6319.60 6792.72 7263.76 7732.58 8199.03 8662.97 9124.27 46.15 534.80 1023.27 1511.42 1999.09 2486.14 2972.42 3457.78 3942.08 4425.16 4906.88 5387.09 5865.65 6342.41 6817.22 7289.95 7760.45 8228.57 8694.17 9157.12 46.48 536.87 1027.09 1516.98 2006.40 2495.19 2983.20 3470.30 3956.32 4441.12 4924.56 5406.49 5886.76 6365.22 6841.73 7316.14 7788.32 8258.11 8725.37 9189.97 46.81 538.95 1030.91 1522.55 2013.70 2504.23 2993.98 3482.81 3970.56 4457.09 4942.25 5425.89 5907.86 6388.03 6866.23 7342.33 7816.19 8287.65 8756.57 9222.82 47.14 541.03 1034.73 1528.11 2021.01 2513.28 3004.76 3495.32 3984.80 4473.06 4959.94 5445.29 5928.97 6410.84 6890.74 7368.52 7844.06 8317.19 8787.78 9255.68 47.47 543.11 1038.56 1533.68 2028.32 2522.32 3015.55 3507.84 3999.05 4489.03 4977.62 5464.69 5950.08 6433.65 6915.24 7394.72 7871.93 8346.73 8818.98 9288.53 47.81 545.19 1042.38 1539.24 2035.62 2531.37 3026.33 3520.36 4013.29 4505.00 4995.31 5484.10 5971.19 6456.46 6939.75 7420.91 7899.80 8376.27 8850.18 9321.39 48.15 547.27 1046.21 1544.81 2042.93 2540.42 3037.12 3532.87 4027.54 4520.97 5013.00 5503.50 5992.31 6479.27 6964.26 7447.11 7927.67 8405.82 8881.39 9354.24 48.48 549.35 1050.03 1550.38 2050.25 2549.47 3047.90 3545.39 4041.79 4536.94 5030.70 5522.91 6013.42 6502.09 6988.77 7473.30 7955.55 8435.36 8912.59 9387.10 48.82 551.43 1053.86 1555.95 2057.56 2558.52 3058.69 3557.91 4056.04 4552.91 5048.39 5542.31 6034.53 6524.91 7013.28 7499.50 7983.43 8464.91 8943.80 9419.96 49.16 553.52 1057.69 1561.53 2064.87 2567.57 3069.48 3570.43 4070.29 4568.89 5066.08 5561.72 6055.65 6547.72 7037.79 7525.70 8011.30 8494.46 8975.01 9452.82 49.50 555.60 1061.52 1567.10 2072.19 2576.63 3080.27 3582.96 4084.54 4584.86 5083.78 5581.13 6076.77 6570.54 7062.30 7551.90 8039.18 8524.00 9006.22 9485.68 49.84 557.69 1065.35 1572.67 2079.50 2585.68 3091.06 3595.48 4098.79 4600.84 5101.47 5600.54 6097.88 6593.36 7086.81 7578.10 8067.06 8553.55 9037.43 9518.54 50.19 559.78 1069.18 1578.25 2086.82 2594.74 3101.85 3608.01 4113.05 4616.82 5119.17 5619.95 6119.00 6616.18 7111.33 7604.30 8094.94 8583.10 9068.64 9551.41 50.53 561.87 1073.02 1583.83 2094.14 2603.80 3112.64 3620.53 4127.30 4632.80 5136.87 5639.36 6140.12 6639.00 7135.85 7630.50 8122.82 8612.66 9099.85 9584.27 50.88 563.96 1076.85 1589.40 2101.46 2612.85 3123.44 3633.06 4141.56 4648.78 5154.57 5658.78 6161.25 6661.83 7160.36 7656.71 8150.70 8642.21 9131.07 9617.14 51.22 566.05 1080.69 1594.98 2108.78 2621.91 3134.23 3645.59 4155.81 4664.76 5172.27 5678.19 6182.37 6684.65 7184.88 7682.91 8178.59 8671.76 9162.28 9650.00 51.57 568.14 1084.53 1600.56 2116.10 2630.97 3145.03 3658.12 4170.07 4680.74 5189.97 5697.61 6203.49 6707.47 7209.40 7709.12 8206.47 8701.32 9193.50 9682.87 51.92 570.24 1088.37 1606.15 2123.42 2640.04 3155.83 3670.65 4184.33 4696.73 5207.67 5717.02 6224.62 6730.30 7233.92 7735.32 8234.36 8730.87 9224.72 9715.74 52.27 572.33 1092.21 1611.73 2130.75 2649.10 3166.63 3683.18 4198.59 4712.71 5225.38 5736.44 6245.74 6753.13 7258.44 7761.53 8262.25 8760.43 9255.93 9748.61 52.62 574.43 1096.05 1617.31 2138.07 2658.16 3177.43 3695.71 4212.85 4728.70 5243.08 5755.86 6266.87 6775.96 7282.96 7787.74 8290.13 8789.99 9287.15 9781.48 52.97 576.53 1099.89 1622.90 2145.40 2667.23 3188.23 3708.25 4227.12 4744.68 5260.79 5775.28 6288.00 6798.79 7307.49 7813.95 8318.02 8819.55 9318.37 9814.35 53.33 578.63 1103.73 1628.48 2152.73 2676.29 3199.03 3720.78 4241.38 4760.67 5278.50 5794.70 6309.13 6821.62 7332.01 7840.16 8345.91 8849.11 9349.59 9847.22 53.68 580.73 1107.58 1634.07 2160.05 2685.36 3209.84 3733.32 4255.64 4776.66 5296.21 5814.12 6330.26 6844.45 7356.54 7866.38 8373.80 8878.67 9380.82 9880.10 54.04 582.83 1111.42 1639.66 2167.38 2694.43 3220.64 3745.85 4269.91 4792.65 5313.92 5833.55 6351.39 6867.28 7381.07 7892.59 8401.70 8908.23 9412.04 9912.97 54.40 584.93 1115.27 1645.25 2174.71 2703.50 3231.45 3758.39 4284.18 4808.64 5331.63 5852.97 6372.52 6890.11 7405.59 7918.80 8429.59 8937.79 9443.26 9945.85 54.75 587.03 1119.12 1650.84 2182.05 2712.57 3242.25 3770.93 4298.45 4824.64 5349.34 5872.40 6393.66 6912.95 7430.12 7945.02 8457.48 8967.36 9474.49 9978.72 55.11 589.14 1122.96 1656.43 2189.38 2721.64 3253.06 3783.47 4312.72 4840.63 5367.05 5891.83 6414.79 6935.79 7454.65 7971.24 8485.38 8996.92 9505.72 10011.60 55.47 591.24 1126.81 1662.03 2196.71 2730.72 3263.87 3796.02 4326.99 4856.62 5384.77 5911.25 6435.93 6958.62 7479.18 7997.46 8513.28 9026.49 9536.94 10044.48 55.84 593.35 1130.67 1667.62 2204.05 2739.79 3274.68 3808.56 4341.26 4872.62 5402.48 5930.68 6457.06 6981.46 7503.72 8023.67 8541.17 9056.06 9568.17 10077.36 56.20 595.46 1134.52 1673.22 2211.39 2748.87 3285.49 3821.10 4355.53 4888.62 5420.20 5950.11 6478.20 7004.30 7528.25 8049.89 8569.07 9085.63 9599.40 10110.24 56.56 597.57 1138.37 1678.81 2218.73 2757.95 3296.31 3833.65 4369.81 4904.62 5437.92 5969.55 6499.34 7027.14 7552.79 8076.12 8596.97 9115.20 9630.63 10143.12 56.93 599.68 1142.23 1684.41 2226.06 2767.02 3307.12 3846.20 4384.08 4920.62 5455.64 5988.98 6520.48 7049.98 7577.32 8102.34 8624.87 9144.77 9661.86 10176.00 57.30 601.79 1146.08 1690.01 2233.41 2776.10 3317.94 3858.74 4398.36 4936.62 5473.36 6008.41 6541.62 7072.83 7601.86 8128.56 8652.78 9174.34 9693.10 10208.89 57.66 603.90 1149.94 1695.61 2240.75 2785.18 3328.75 3871.29 4412.64 4952.62 5491.08 6027.85 6562.77 7095.67 7626.40 8154.79 8680.68 9203.91 9724.33 10241.77 58.03 606.02 1153.80 1701.21 2248.09 2794.26 3339.57 3883.84 4426.92 4968.62 5508.80 6047.28 6583.91 7118.51 7650.94 8181.01 8708.58 9233.49 9755.57 10274.66 58.40 608.13 1157.66 1706.82 2255.43 2803.35 3350.39 3896.39 4441.20 4984.63 5526.52 6066.72 6605.05 7141.36 7675.48 8207.24 8736.49 9263.06 9786.80 10307.55 58.78 610.25 1161.52 1712.42 2262.78 2812.43 3361.21 3908.95 4455.48 5000.63 5544.25 6086.16 6626.20 7164.21 7700.02 8233.47 8764.39 9292.64 9818.04 10340.44 59.15 612.37 1165.38 1718.02 2270.12 2821.52 3372.03 3921.50 4469.76 5016.64 5561.97 6105.60 6647.35 7187.06 7724.56 8259.70 8792.30 9322.22 9849.28 10373.32 59.52 614.49 1169.25 1723.63 2277.47 2830.60 3382.85 3934.06 4484.04 5032.65 5579.70 6125.04 6668.50 7209.91 7749.10 8285.93 8820.21 9351.79 9880.52 10406.22 59.90 616.61 1173.11 1729.24 2284.82 2839.69 3393.68 3946.61 4498.33 5048.66 5597.43 6144.48 6689.65 7232.76 7773.65 8312.16 8848.12 9381.37 9911.76 10439.11 60.27 618.73 1176.98 1734.85 2292.17 2848.78 3404.50 3959.17 4512.61 5064.67 5615.16 6163.92 6710.80 7255.61 7798.19 8338.39 8876.03 9410.95 9943.00 10472.00 60.65 620.85 1180.84 1740.46 2299.52 2857.87 3415.33 3971.73 4526.90 5080.68 5632.89 6183.37 6731.95 7278.46 7822.74 8364.62 8903.94 9440.54 9974.24 10504.89 61.03 622.97 1184.71 1746.07 2306.87 2866.96 3426.15 3984.29 4541.19 5096.69 5650.62 6202.81 6753.10 7301.31 7847.29 8390.86 8931.86 9470.12 10005.48 10537.79 61.41 625.10 1188.58 1751.68 2314.23 2876.05 3436.98 3996.85 4555.48 5112.70 5668.35 6222.26 6774.25 7324.17 7871.84 8417.09 8959.77 9499.70 10036.73 10570.68 61.79 627.22 1192.45 1757.29 2321.58 2885.15 3447.81 4009.41 4569.77 5128.72 5686.09 6241.71 6795.41 7347.03 7896.39 8443.33 8987.68 9529.29 10067.97 10603.58 62.17 629.35 1196.32 1762.91 2328.94 2894.24 3458.64 4021.97 4584.06 5144.73 5703.82 6261.16 6816.57 7369.88 7920.94 8469.57 9015.60 9558.87 10099.22 10636.48 62.55 631.48 1200.19 1768.52 2336.29 2903.34 3469.47 4034.54 4598.35 5160.75 5721.56 6280.61 6837.72 7392.74 7945.49 8495.81 9043.52 9588.46 10130.47 10669.38 62.94 633.61 1204.07 1774.14 2343.65 2912.43 3480.31 4047.10 4612.65 5176.77 5739.30 6300.06 6858.88 7415.60 7970.05 8522.05 9071.44 9618.05 10161.72 10702.28 63.32 635.74 1207.94 1779.76 2351.01 2921.53 3491.14 4059.67 4626.94 5192.79 5757.03 6319.51 6880.04 7438.46 7994.60 8548.29 9099.36 9647.64 10192.97 10735.18 63.71 637.87 1211.82 1785.38 2358.37 2930.63 3501.98 4072.24 4641.24 5208.81 5774.77 6338.96 6901.20 7461.32 8019.16 8574.53 9127.28 9677.23 10224.22 10768.08 64.10 640.00 1215.70 1791.00 2365.73 2939.73 3512.81 4084.81 4655.54 5224.83 5792.51 6358.42 6922.36 7484.19 8043.71 8600.77 9155.20 9706.82 10255.47 10800.98 64.49 642.14 1219.57 1796.62 2373.10 2948.83 3523.65 4097.37 4669.83 5240.85 5810.26 6377.87 6943.53 7507.05 8068.27 8627.02 9183.12 9736.41 10286.72 10833.89 64.88 644.27 1223.45 1802.24 2380.46 2957.93 3534.49 4109.95 4684.13 5256.88 5828.00 6397.33 6964.69 7529.92 8092.83 8653.26 9211.04 9766.00 10317.98 10866.79 65.27 646.41 1227.33 1807.86 2387.82 2967.04 3545.33 4122.52 4698.43 5272.90 5845.74 6416.79 6985.86 7552.78 8117.39 8679.51 9238.97 9795.60 10349.23 10899.70 65.66 648.55 1231.22 1813.49 2395.19 2976.14 3556.17 4135.09 4712.74 5288.93 5863.49 6436.24 7007.02 7575.65 8141.95 8705.76 9266.90 9825.20 10380.49 10932.60 66.06 650.69 1235.10 1819.12 2402.56 2985.25 3567.01 4147.67 4727.04 5304.95 5881.23 6455.70 7028.19 7598.52 8166.51 8732.01 9294.82 9854.79 10411.74 10965.51 66.45 652.83 1238.98 1824.74 2409.93 2994.36 3577.85 4160.24 4741.34 5320.98 5898.98 6475.17 7049.36 7621.39 8191.08 8758.26 9322.75 9884.39 10443.00 10998.42 66.85 654.97 1242.87 1830.37 2417.30 3003.46 3588.70 4172.82 4755.65 5337.01 5916.73 6494.63 7070.53 7644.26 8215.64 8784.51 9350.68 9913.99 10474.26 11031.33 67.24 657.11 1246.76 1836.00 2424.67 3012.57 3599.54 4185.40 4769.96 5353.04 5934.48 6514.09 7091.70 7667.13 8240.21 8810.76 9378.61 9943.59 10505.52 11064.24 67.64 659.25 1250.64 1841.63 2432.04 3021.69 3610.39 4197.98 4784.26 5369.07 5952.23 6533.56 7112.87 7690.00 8264.77 8837.01 9406.54 9973.19 10536.78 11097.15 68.04 661.40 1254.53 1847.26 2439.41 3030.80 3621.24 4210.56 4798.57 5385.11 5969.98 6553.02 7134.04 7712.88 8289.34 8863.27 9434.47 10002.79 10568.05 11130.07 68.44 663.54 1258.42 1852.90 2446.79 3039.91 3632.09 4223.14 4812.88 5401.14 5987.74 6572.49 7155.22 7735.75 8313.91 8889.52 9462.41 10032.39 10599.31 11162.98 68.85 665.69 1262.31 1858.53 2454.16 3049.02 3642.94 4235.72 4827.19 5417.18 6005.49 6591.96 7176.39 7758.63 8338.48 8915.78 9490.34 10062.00 10630.57 11195.90 69.25 667.84 1266.21 1864.17 2461.54 3058.14 3653.79 4248.30 4841.51 5433.21 6023.25 6611.42 7197.57 7781.51 8363.05 8942.04 9518.28 10091.60 10661.84 11228.81 69.65 669.99 1270.10 1869.80 2468.92 3067.26 3664.64 4260.89 4855.82 5449.25 6041.00 6630.89 7218.75 7804.38 8387.63 8968.29 9546.21 10121.21 10693.11 11261.73 70.06 672.14 1274.00 1875.44 2476.30 3076.37 3675.50 4273.48 4870.13 5465.29 6058.76 6650.37 7239.93 7827.26 8412.20 8994.55 9574.15 10150.82 10724.38 11294.65 70.46 674.29 1277.89 1881.08 2483.68 3085.49 3686.35 4286.06 4884.45 5481.33 6076.52 6669.84 7261.11 7850.14 8436.77 9020.81 9602.09 10180.43 10755.64 11327.57 70.87 676.44 1281.79 1886.72 2491.06 3094.61 3697.21 4298.65 4898.77 5497.37 6094.28 6689.31 7282.29 7873.03 8461.35 9047.08 9630.03 10210.04 10786.91 11360.49 71.28 678.60 1285.69 1892.36 2498.44 3103.73 3708.06 4311.24 4913.09 5513.41 6112.04 6708.79 7303.47 7895.91 8485.93 9073.34 9657.97 10239.65 10818.18 11393.41 71.69 680.75 1289.59 1898.01 2505.82 3112.86 3718.92 4323.83 4927.40 5529.46 6129.80 6728.26 7324.65 7918.79 8510.50 9099.60 9685.91 10269.26 10849.46 11426.34 72.10 682.91 1293.49 1903.65 2513.21 3121.98 3729.78 4336.42 4941.72 5545.50 6147.57 6747.74 7345.84 7941.68 8535.08 9125.87 9713.86 10298.87 10880.73 11459.26 72.52 685.07 1297.39 1909.29 2520.59 3131.11 3740.64 4349.02 4956.05 5561.55 6165.33 6767.22 7367.02 7964.56 8559.66 9152.13 9741.80 10328.48 10912.00 11492.18 72.93 687.23 1301.29 1914.94 2527.98 3140.23 3751.50 4361.61 4970.37 5577.59 6183.10 6786.70 7388.21 7987.45 8584.24 9178.40 9769.75 10358.10 10943.28 11525.11 73.34 689.39 1305.20 1920.59 2535.37 3149.36 3762.37 4374.21 4984.69 5593.64 6200.86 6806.18 7409.40 8010.34 8608.83 9204.67 9797.69 10387.72 10974.56 11558.04 73.76 691.55 1309.10 1926.24 2542.76 3158.49 3773.23 4386.80 4999.02 5609.69 6218.63 6825.66 7430.59 8033.23 8633.41 9230.94 9825.64 10417.33 11005.83 11590.97 74.18 693.71 1313.01 1931.89 2550.15 3167.62 3784.10 4399.40 5013.34 5625.74 6236.40 6845.14 7451.78 8056.12 8657.99 9257.21 9853.59 10446.95 11037.11 11623.90 74.60 695.87 1316.92 1937.54 2557.54 3176.75 3794.96 4412.00 5027.67 5641.79 6254.17 6864.62 7472.97 8079.01 8682.58 9283.48 9881.54 10476.57 11068.39 11656.83 75.02 698.04 1320.83 1943.19 2564.94 3185.88 3805.83 4424.60 5042.00 5657.84 6271.94 6884.11 7494.16 8101.91 8707.17 9309.76 9909.49 10506.19 11099.67 11689.76 75.44 700.20 1324.74 1948.84 2572.33 3195.01 3816.70 4437.20 5056.33 5673.90 6289.71 6903.59 7515.35 8124.80 8731.75 9336.03 9937.44 10535.81 11130.95 11722.69 75.86 702.37 1328.65 1954.50 2579.73 3204.15 3827.57 4449.80 5070.66 5689.95 6307.49 6923.08 7536.55 8147.70 8756.34 9362.30 9965.40 10565.43 11162.24 11755.62 76.28 704.54 1332.56 1960.15 2587.12 3213.28 3838.44 4462.41 5084.99 5706.01 6325.26 6942.57 7557.74 8170.59 8780.93 9388.58 9993.35 10595.06 11193.52 11788.56 76.71 706.71 1336.47 1965.81 2594.52 3222.42 3849.31 4475.01 5099.33 5722.06 6343.04 6962.06 7578.94 8193.49 8805.52 9414.86 10021.30 10624.68 11224.80 11821.49 77.13 708.88 1340.39 1971.47 2601.92 3231.56 3860.19 4487.62 5113.66 5738.12 6360.82 6981.55 7600.14 8216.39 8830.12 9441.14 10049.26 10654.31 11256.09 11854.43 77.56 711.05 1344.30 1977.12 2609.32 3240.69 3871.06 4500.22 5128.00 5754.18 6378.59 7001.04 7621.34 8239.29 8854.71 9467.42 10077.22 10683.93 11287.38 11887.37 77.99 713.23 1348.22 1982.78 2616.72 3249.83 3881.94 4512.83 5142.33 5770.24 6396.37 7020.53 7642.54 8262.19 8879.30 9493.70 10105.18 10713.56 11318.67 11920.30 78.42 715.40 1352.14 1988.45 2624.12 3258.98 3892.81 4525.44 5156.67 5786.30 6414.15 7040.03 7663.74 8285.09 8903.90 9519.98 10133.14 10743.19 11349.95 11953.24 78.85 717.57 1356.06 1994.11 2631.53 3268.12 3903.69 4538.05 5171.01 5802.37 6431.94 7059.52 7684.94 8307.99 8928.50 9546.26 10161.10 10772.82 11381.24 11986.18 79.28 719.75 1359.98 1999.77 2638.93 3277.26 3914.57 4550.66 5185.35 5818.43 6449.72 7079.02 7706.14 8330.90 8953.09 9572.54 10189.06 10802.45 11412.54 12019.13 79.71 721.93 1363.90 2005.44 2646.34 3286.41 3925.45 4563.28 5199.69 5834.50 6467.50 7098.52 7727.35 8353.80 8977.69 9598.83 10217.02 10832.08 11443.83 12052.07 80.14 724.11 1367.83 2011.10 2653.74 3295.55 3936.33 4575.89 5214.03 5850.56 6485.29 7118.01 7748.55 8376.71 9002.29 9625.11 10244.99 10861.72 11475.12 12085.01 80.58 726.29 1371.75 2016.77 2661.15 3304.70 3947.22 4588.51 5228.38 5866.63 6503.07 7137.51 7769.76 8399.62 9026.89 9651.40 10272.95 10891.35 11506.42 12117.96 81.02 728.47 1375.68 2022.44 2668.56 3313.85 3958.10 4601.12 5242.72 5882.70 6520.86 7157.01 7790.97 8422.52 9051.50 9677.69 10300.92 10920.99 11537.71 12150.90 81.45 730.65 1379.60 2028.11 2675.97 3323.00 3968.98 4613.74 5257.07 5898.77 6538.65 7176.52 7812.18 8445.43 9076.10 9703.98 10328.88 10950.62 11569.01 12183.85 81.89 732.83 1383.53 2033.78 2683.38 3332.15 3979.87 4626.36 5271.41 5914.84 6556.44 7196.02 7833.39 8468.34 9100.70 9730.27 10356.85 10980.26 11600.30 12216.80 82.33 735.02 1387.46 2039.45 2690.80 3341.30 3990.76 4638.98 5285.76 5930.91 6574.23 7215.52 7854.60 8491.26 9125.31 9756.56 10384.82 11009.90 11631.60 12249.75 82.77 737.21 1391.39 2045.12 2698.21 3350.45 4001.65 4651.60 5300.11 5946.98 6592.02 7235.03 7875.81 8514.17 9149.92 9782.85 10412.79 11039.54 11662.90 12282.70 83.21 739.39 1395.32 2050.80 2705.63 3359.61 4012.54 4664.22 5314.46 5963.06 6609.81 7254.53 7897.02 8537.08 9174.52 9809.15 10440.76 11069.18 11694.20 12315.65 83.66 741.58 1399.25 2056.47 2713.04 3368.76 4023.43 4676.84 5328.81 5979.13 6627.61 7274.04 7918.24 8560.00 9199.13 9835.44 10468.74 11098.82 11725.51 12348.60 84.10 743.77 1403.19 2062.15 2720.46 3377.92 4034.32 4689.47 5343.16 5995.21 6645.40 7293.55 7939.45 8582.92 9223.74 9861.74 10496.71 11128.46 11756.81 12381.55 84.55 745.96 1407.12 2067.83 2727.88 3387.07 4045.21 4702.09 5357.52 6011.29 6663.20 7313.06 7960.67 8605.83 9248.35 9888.03 10524.68 11158.11 11788.11 12414.51 84.99 748.15 1411.06 2073.51 2735.30 3396.23 4056.11 4714.72 5371.87 6027.37 6681.00 7332.57 7981.89 8628.75 9272.96 9914.33 10552.66 11187.75 11819.42 12447.46 85.44 750.35 1415.00 2079.19 2742.72 3405.39 4067.00 4727.35 5386.23 6043.45 6698.80 7352.08 8003.11 8651.67 9297.58 9940.63 10580.64 11217.40 11850.72 12480.42 85.89 752.54 1418.93 2084.87 2750.14 3414.55 4077.90 4739.98 5400.59 6059.53 6716.60 7371.60 8024.33 8674.59 9322.19 9966.93 10608.61 11247.04 11882.03 12513.38 86.34 754.74 1422.87 2090.55 2757.57 3423.72 4088.80 4752.61 5414.95 6075.61 6734.40 7391.11 8045.55 8697.51 9346.81 9993.23 10636.59 11276.69 11913.34 12546.34 86.79 756.93 1426.81 2096.24 2764.99 3432.88 4099.70 4765.24 5429.30 6091.69 6752.20 7410.63 8066.77 8720.44 9371.42 10019.54 10664.57 11306.34 11944.65 12579.30 87.25 759.13 1430.76 2101.92 2772.42 3442.04 4110.60 4777.87 5443.67 6107.78 6770.00 7430.14 8088.00 8743.36 9396.04 10045.84 10692.55 11335.99 11975.96 12612.26 87.70 761.33 1434.70 2107.61 2779.84 3451.21 4121.50 4790.51 5458.03 6123.86 6787.81 7449.66 8109.22 8766.29 9420.66 10072.14 10720.54 11365.64 12007.27 12645.22 88.15 763.53 1438.64 2113.29 2787.27 3460.38 4132.40 4803.14 5472.39 6139.95 6805.61 7469.18 8130.45 8789.21 9445.28 10098.45 10748.52 11395.30 12038.58 12678.18 88.61 765.73 1442.59 2118.98 2794.70 3469.54 4143.30 4815.78 5486.75 6156.04 6823.42 7488.70 8151.67 8812.14 9469.90 10124.76 10776.50 11424.95 12069.90 12711.14 89.07 767.93 1446.54 2124.67 2802.13 3478.71 4154.21 4828.41 5501.12 6172.13 6841.23 7508.22 8172.90 8835.07 9494.52 10151.06 10804.49 11454.60 12101.21 12744.11 89.53 770.14 1450.48 2130.36 2809.56 3487.88 4165.12 4841.05 5515.49 6188.22 6859.04 7527.74 8194.13 8858.00 9519.15 10177.37 10832.48 11484.26 12132.53 12777.08 89.99 772.34 1454.43 2136.05 2817.00 3497.06 4176.02 4853.69 5529.85 6204.31 6876.85 7547.27 8215.36 8880.93 9543.77 10203.68 10860.46 11513.92 12163.84 12810.04 90.45 774.55 1458.38 2141.75 2824.43 3506.23 4186.93 4866.33 5544.22 6220.40 6894.66 7566.79 8236.59 8903.86 9568.40 10229.99 10888.45 11543.57 12195.16 12843.01 90.91 776.75 1462.33 2147.44 2831.87 3515.40 4197.84 4878.97 5558.59 6236.49 6912.47 7586.32 8257.82 8926.80 9593.02 10256.31 10916.44 11573.23 12226.48 12875.98 91.37 778.96 1466.29 2153.14 2839.30 3524.58 4208.75 4891.62 5572.96 6252.59 6930.28 7605.84 8279.06 8949.73 9617.65 10282.62 10944.43 11602.89 12257.80 12908.95 91.84 781.17 1470.24 2158.83 2846.74 3533.75 4219.66 4904.26 5587.34 6268.69 6948.10 7625.37 8300.29 8972.66 9642.28 10308.93 10972.43 11632.55 12289.12 12941.92 92.30 783.38 1474.19 2164.53 2854.18 3542.93 4230.58 4916.91 5601.71 6284.78 6965.91 7644.90 8321.53 8995.60 9666.91 10335.25 11000.42 11662.22 12320.44 12974.89 92.77 785.59 1478.15 2170.23 2861.62 3552.11 4241.49 4929.55 5616.08 6300.88 6983.73 7664.43 8342.77 9018.54 9691.54 10361.57 11028.41 11691.88 12351.76 13007.87 93.24 787.81 1482.11 2175.93 2869.06 3561.29 4252.41 4942.20 5630.46 6316.98 7001.55 7683.96 8364.00 9041.48 9716.17 10387.88 11056.41 11721.54 12383.09 13040.84 93.71 790.02 1486.07 2181.63 2876.50 3570.47 4263.32 4954.85 5644.84 6333.08 7019.37 7703.49 8385.24 9064.42 9740.80 10414.20 11084.40 11751.21 12414.41 13073.81 94.18 792.24 1490.03 2187.33 2883.95 3579.65 4274.24 4967.50 5659.22 6349.18 7037.19 7723.03 8406.48 9087.36 9765.44 10440.52 11112.40 11780.88 12445.74 13106.79 94.65 794.45 1493.99 2193.04 2891.39 3588.84 4285.16 4980.15 5673.59 6365.29 7055.01 7742.56 8427.73 9110.30 9790.07 10466.84 11140.40 11810.54 12477.07 13139.77 95.12 796.67 1497.95 2198.74 2898.84 3598.02 4296.08 4992.80 5687.97 6381.39 7072.83 7762.10 8448.97 9133.24 9814.71 10493.17 11168.40 11840.21 12508.39 13172.75 95.59 798.89 1501.91 2204.45 2906.28 3607.20 4307.00 5005.45 5702.36 6397.49 7090.66 7781.63 8470.21 9156.19 9839.35 10519.49 11196.40 11869.88 12539.72 13205.73 96.07 801.11 1505.88 2210.15 2913.73 3616.39 4317.92 5018.11 5716.74 6413.60 7108.48 7801.17 8491.46 9179.13 9863.99 10545.81 11224.40 11899.55 12571.05 13238.71 96.54 803.33 1509.84 2215.86 2921.18 3625.58 4328.85 5030.76 5731.12 6429.71 7126.31 7820.71 8512.70 9202.08 9888.63 10572.14 11252.41 11929.22 12602.39 13271.69 97.02 805.55 1513.81 2221.57 2928.63 3634.77 4339.77 5043.42 5745.51 6445.82 7144.13 7840.25 8533.95 9225.03 9913.27 10598.46 11280.41 11958.90 12633.72 13304.67 97.50 807.78 1517.78 2227.28 2936.08 3643.96 4350.70 5056.08 5759.89 6461.93 7161.96 7859.79 8555.20 9247.98 9937.91 10624.79 11308.41 11988.57 12665.05 13337.65 97.98 810.00 1521.74 2232.99 2943.54 3653.15 4361.62 5068.74 5774.28 6478.04 7179.79 7879.33 8576.45 9270.93 9962.55 10651.12 11336.42 12018.24 12696.39 13370.64 98.46 812.23 1525.71 2238.71 2950.99 3662.34 4372.55 5081.40 5788.67 6494.15 7197.62 7898.88 8597.70 9293.88 9987.20 10677.45 11364.43 12047.92 12727.72 13403.62 98.94 814.45 1529.69 2244.42 2958.44 3671.54 4383.48 5094.06 5803.06 6510.26 7215.45 7918.42 8618.95 9316.83 10011.84 10703.78 11392.44 12077.60 12759.06 13436.61 99.43 816.68 1533.66 2250.14 2965.90 3680.73 4394.41 5106.72 5817.45 6526.38 7233.29 7937.97 8640.20 9339.78 10036.49 10730.11 11420.45 12107.28 12790.40 13469.60 99.91 818.91 1537.63 2255.85 2973.36 3689.93 4405.34 5119.39 5831.84 6542.49 7251.12 7957.52 8661.46 9362.74 10061.14 10756.45 11448.46 12136.96 12821.74 13502.59 100.40 821.14 1541.61 2261.57 2980.82 3699.12 4416.27 5132.05 5846.23 6558.61 7268.96 7977.06 8682.71 9385.69 10085.78 10782.78 11476.47 12166.64 12853.08 13535.58 100.88 823.37 1545.58 2267.29 2988.28 3708.32 4427.21 5144.72 5860.63 6574.73 7286.79 7996.61 8703.97 9408.65 10110.43 10809.12 11504.48 12196.32 12884.42 13568.57 101.37 825.61 1549.56 2273.01 2995.74 3717.52 4438.14 5157.38 5875.02 6590.85 7304.63 8016.16 8725.23 9431.60 10135.08 10835.45 11532.49 12226.00 12915.76 13601.56 101.86 827.84 1553.54 2278.73 3003.20 3726.72 4449.08 5170.05 5889.42 6606.97 7322.47 8035.71 8746.48 9454.56 10159.74 10861.79 11560.51 12255.68 12947.10 13634.55 102.35 830.08 1557.52 2284.45 3010.66 3735.92 4460.02 5182.72 5903.82 6623.09 7340.31 8055.27 8767.74 9477.52 10184.39 10888.13 11588.52 12285.37 12978.45 13667.55 102.84 832.31 1561.50 2290.18 3018.13 3745.13 4470.96 5195.39 5918.22 6639.21 7358.15 8074.82 8789.00 9500.48 10209.04 10914.47 11616.54 12315.05 13009.79 13700.54 103.33 834.55 1565.48 2295.90 3025.59 3754.33 4481.90 5208.06 5932.62 6655.33 7375.99 8094.38 8810.27 9523.45 10233.70 10940.81 11644.56 12344.74 13041.14 13733.54 103.83 836.79 1569.46 2301.63 3033.06 3763.54 4492.84 5220.74 5947.02 6671.46 7393.84 8113.93 8831.53 9546.41 10258.35 10967.15 11672.58 12374.43 13072.48 13766.54 104.32 839.03 1573.45 2307.35 3040.53 3772.74 4503.78 5233.41 5961.42 6687.58 7411.68 8133.49 8852.79 9569.37 10283.01 10993.49 11700.60 12404.12 13103.83 13799.54 104.82 841.27 1577.43 2313.08 3048.00 3781.95 4514.72 5246.09 5975.82 6703.71 7429.52 8153.05 8874.06 9592.34 10307.67 11019.84 11728.62 12433.81 13135.18 13832.53 105.32 843.51 1581.42 2318.81 3055.47 3791.16 4525.67 5258.76 5990.23 6719.84 7447.37 8172.61 8895.33 9615.31 10332.33 11046.18 11756.64 12463.50 13166.53 13865.53 105.82 845.76 1585.41 2324.54 3062.94 3800.37 4536.61 5271.44 6004.63 6735.97 7465.22 8192.17 8916.59 9638.27 10356.99 11072.53 11784.67 12493.19 13197.88 13898.54 106.32 848.00 1589.40 2330.27 3070.41 3809.58 4547.56 5284.12 6019.04 6752.10 7483.07 8211.73 8937.86 9661.24 10381.65 11098.88 11812.69 12522.88 13229.24 13931.54 106.82 850.25 1593.39 2336.01 3077.89 3818.79 4558.51 5296.80 6033.45 6768.23 7500.92 8231.29 8959.13 9684.21 10406.32 11125.22 11840.72 12552.58 13260.59 13964.54 107.32 852.49 1597.38 2341.74 3085.36 3828.01 4569.46 5309.48 6047.86 6784.36 7518.77 8250.86 8980.40 9707.18 10430.98 11151.57 11868.74 12582.27 13291.95 13997.55 107.82 854.74 1601.37 2347.48 3092.84 3837.22 4580.41 5322.16 6062.27 6800.50 7536.62 8270.42 9001.67 9730.16 10455.65 11177.92 11896.77 12611.97 13323.30 14030.55 108.33 856.99 1605.36 2353.21 3100.31 3846.44 4591.36 5334.85 6076.68 6816.63 7554.47 8289.99 9022.95 9753.13 10480.31 11204.27 11924.80 12641.67 13354.66 14063.56 108.83 859.24 1609.36 2358.95 3107.79 3855.65 4602.31 5347.53 6091.09 6832.77 7572.33 8309.56 9044.22 9776.10 10504.98 11230.63 11952.83 12671.37 13386.02 14096.57 109.34 861.49 1613.35 2364.69 3115.27 3864.87 4613.26 5360.22 6105.51 6848.90 7590.18 8329.12 9065.50 9799.08 10529.65 11256.98 11980.86 12701.06 13417.38 14129.58 109.85 863.75 1617.35 2370.43 3122.75 3874.09 4624.22 5372.90 6119.92 6865.04 7608.04 8348.69 9086.77 9822.05 10554.32 11283.34 12008.89 12730.77 13448.74 14162.59 110.36 866.00 1621.35 2376.17 3130.24 3883.31 4635.17 5385.59 6134.34 6881.18 7625.90 8368.26 9108.05 9845.03 10578.99 11309.69 12036.93 12760.47 13480.10 14195.60 110.87 868.26 1625.35 2381.91 3137.72 3892.53 4646.13 5398.28 6148.75 6897.32 7643.76 8387.84 9129.33 9868.01 10603.66 11336.05 12064.96 12790.17 13511.46 14228.61 111.38 870.51 1629.35 2387.66 3145.20 3901.76 4657.09 5410.97 6163.17 6913.46 7661.62 8407.41 9150.61 9890.99 10628.33 11362.41 12093.00 12819.87 13542.82 14261.62 111.89 872.77 1633.35 2393.40 3152.69 3910.98 4668.05 5423.66 6177.59 6929.61 7679.48 8426.98 9171.89 9913.97 10653.01 11388.77 12121.03 12849.58 13574.19 14294.64 112.40 875.03 1637.35 2399.15 3160.17 3920.21 4679.01 5436.36 6192.01 6945.75 7697.34 8446.56 9193.17 9936.95 10677.68 11415.13 12149.07 12879.28 13605.55 14327.65 112.92 877.29 1641.36 2404.89 3167.66 3929.43 4689.97 5449.05 6206.43 6961.90 7715.21 8466.13 9214.45 9959.94 10702.36 11441.49 12177.11 12908.99 13636.92 14360.67 113.44 879.55 1645.36 2410.64 3175.15 3938.66 4700.93 5461.74 6220.86 6978.04 7733.07 8485.71 9235.74 9982.92 10727.03 11467.85 12205.15 12938.70 13668.29 14393.68 113.95 881.81 1649.37 2416.39 3182.64 3947.89 4711.90 5474.44 6235.28 6994.19 7750.94 8505.29 9257.02 10005.91 10751.71 11494.21 12233.19 12968.41 13699.65 14426.70 114.47 884.08 1653.38 2422.14 3190.13 3957.12 4722.86 5487.14 6249.71 7010.34 7768.80 8524.87 9278.31 10028.89 10776.39 11520.58 12261.23 12998.12 13731.02 14459.72 114.99 886.34 1657.39 2427.89 3197.63 3966.35 4733.83 5499.84 6264.13 7026.49 7786.67 8544.45 9299.60 10051.88 10801.07 11546.95 12289.27 13027.83 13762.39 14492.74 115.51 888.61 1661.40 2433.65 3205.12 3975.58 4744.80 5512.54 6278.56 7042.64 7804.54 8564.03 9320.89 10074.87 10825.75 11573.31 12317.32 13057.54 13793.77 14525.76 116.03 890.87 1665.41 2439.40 3212.61 3984.82 4755.77 5525.24 6292.99 7058.79 7822.41 8583.62 9342.18 10097.86 10850.44 11599.68 12345.36 13087.26 13825.14 14558.78 116.56 893.14 1669.42 2445.16 3220.11 3994.05 4766.74 5537.94 6307.42 7074.95 7840.28 8603.20 9363.47 10120.85 10875.12 11626.05 12373.41 13116.97 13856.51 14591.81 117.08 895.41 1673.44 2450.91 3227.61 4003.29 4777.71 5550.64 6321.85 7091.10 7858.16 8622.79 9384.76 10143.84 10899.81 11652.42 12401.46 13146.69 13887.89 14624.83 117.61 897.68 1677.45 2456.67 3235.11 4012.52 4788.68 5563.35 6336.28 7107.26 7876.03 8642.37 9406.05 10166.84 10924.49 11678.79 12429.50 13176.40 13919.26 14657.86 118.13 899.95 1681.47 2462.43 3242.61 4021.76 4799.65 5576.05 6350.72 7123.41 7893.91 8661.96 9427.35 10189.83 10949.18 11705.16 12457.55 13206.12 13950.64 14690.88
=== END RADAR_SCAN ===

