=== BEGIN RADAR_SCAN ===
scan.index=1
scan.time=189.000000
radar.id=2
radar.frequency=X
radar.scanning_mode=RHI
radar.x=-50000.000
radar.y=50000.000
radar.z=25.000
radar.maximum_range=50000.000
radar.range_resolution=100.000
radar.angular_resolution=1.000000
box.radar_id=2
box.min_range_gate=198.000
box.max_range_gate=453.000
box.min_angle=0.000000
box.max_angle=20.000000
box.num_ranges=256
box.num_angles=20
box.range_resolution=100.000
box.angular_resolution=1.000000
box.other_angle=-50.840629
grid.size=5120
grid.data=0.00 0.00 0.00 0.00 0.00 0.00 0.00 0.00 0.00 0.00 0.00 0.00 0.00 0.00 0.00 0.00 0.00 0.00 0.00 0.00 26.94 27.67 25.90 30.35 0.00 0.00 0.00 0.00 0.00 0.00 0.00 0.00 0.00 0.00 0.00 0.00 0.00 0.00 0.00 0.00 27.33 27.01 31.11 27.57 27.53 30.01 31.32 0.00 0.00 0.00 0.00 0.00 0.00 0.00 0.00 0.00 0.00 0.00 0.00 0.00 28.60 27.43 29.78 32.40 29.13 31.69 32.92 32.66 33.69 0.00 0.00 0.00 0.00 0.00 0.00 0.00 0.00 0.00 0.00 0.00 31.71 22.71 28.48 32.77 27.30 30.79 28.07 33.17 34.12 33.81 41.98 0.00 0.00 0.00 0.00 0.00 0.00 0.00 0.00 0.00 24.23 29.83 32.64 28.53 32.36 27.61 27.79 34.61 33.00 39.34 44.32 41.18 0.00 0.00 0.00 0.00 0.00 0.00 0.00 0.00 25.64 27.16 27.41 30.53 29.93 33.30 28.60 34.46 31.87 36.29 45.91 46.63 37.65 0.00 0.00 0.00 0.00 0.00 0.00 0.00 28.58 26.19 28.33 29.69 30.33 31.93 32.48 31.81 35.80 36.55 43.58 43.84 33.28 26.25 30.06 0.00 0.00 0.00 0.00 0.00 28.18 28.52 26.46 28.42 27.81 31.01 31.35 33.13 33.43 42.54 45.11 42.09 34.86 31.02 29.29 26.00 0.00 0.00 0.00 0.00 23.59 26.17 31.41 27.28 33.66 30.04 29.75 35.87 31.37 38.43 50.54 37.91 30.64 31.71 29.87 24.83 18.69 0.00 0.00 0.00 31.86 27.69 30.21 29.75 32.11 29.41 31.62 31.80 36.52 37.87 50.24 37.98 33.15 26.35 28.13 25.61 17.81 13.70 0.00 0.00 27.55 29.55 26.59 25.33 29.50 32.74 32.39 38.23 37.02 39.63 39.45 34.33 32.15 32.53 26.45 17.79 22.87 16.50 0.00 0.00 25.25 30.42 29.71 26.22 31.68 32.95 29.87 29.78 30.15 39.27 41.50 36.89 36.83 26.94 28.33 25.05 19.66 14.67 14.65 0.00 29.93 26.67 24.43 27.75 27.88 32.14 32.60 29.61 35.99 43.38 46.74 38.65 39.48 27.33 25.82 25.75 19.66 13.66 12.13 5.96 25.83 26.49 27.76 31.37 32.73 30.79 29.18 31.54 34.39 36.12 45.31 42.87 32.32 24.42 25.86 24.37 19.59 17.58 13.58 9.60 25.76 31.97 21.40 26.08 30.95 27.68 32.45 33.69 26.93 40.70 41.91 39.48 40.24 30.84 26.40 22.36 21.13 19.22 11.07 7.85 26.36 29.16 29.34 30.23 33.30 34.38 29.82 33.77 33.43 34.33 44.91 35.84 28.53 28.91 29.69 21.42 18.70 17.20 10.83 -1.16 24.49 29.55 27.88 31.86 30.78 33.04 33.20 37.49 29.91 37.92 43.67 37.22 33.50 34.06 27.25 18.54 17.01 14.99 10.77 -2.76 27.49 25.81 29.71 27.62 34.84 28.06 25.92 32.14 32.02 36.41 43.62 39.43 32.94 27.94 27.30 22.40 19.69 13.57 12.04 0.30 29.41 30.36 26.86 26.45 31.04 29.76 33.55 33.75 37.47 36.32 41.18 38.39 29.66 29.67 24.46 22.03 18.05 13.29 9.59 0.15 25.06 32.40 27.72 28.57 30.93 31.22 34.06 30.35 29.02 43.77 43.06 39.79 31.50 30.10 24.72 19.88 16.15 13.87 5.98 0.79 29.20 28.27 29.47 28.65 30.59 32.66 32.62 38.77 32.66 37.99 33.36 33.50 34.23 30.74 22.83 17.84 17.50 11.43 13.34 -0.20 30.76 30.76 29.84 31.67 26.66 28.85 33.10 33.41 36.66 45.49 43.86 38.51 33.78 27.57 24.96 18.00 16.37 15.67 9.41 1.23 28.96 25.87 27.35 28.75 27.48 31.22 31.17 36.37 38.73 42.44 49.20 36.61 33.80 31.91 25.59 21.28 14.91 13.22 10.28 1.43 26.24 26.22 26.96 31.23 34.05 28.94 28.75 27.01 37.72 46.86 44.87 35.37 35.63 28.71 25.22 20.41 17.69 10.40 8.36 0.15 26.45 26.74 26.42 29.71 30.72 33.36 33.05 32.75 35.87 39.49 44.43 36.54 30.96 27.95 24.92 20.20 14.88 11.57 9.18 1.12 25.58 25.32 30.15 31.67 31.72 31.12 31.60 31.98 35.21 42.53 40.01 35.35 30.19 25.27 26.79 16.32 14.06 10.59 9.67 2.61 24.93 23.62 29.78 28.14 32.13 31.73 34.86 34.80 28.31 42.98 40.77 32.90 36.76 28.63 21.72 17.48 12.98 11.82 5.62 -0.97 30.97 31.79 25.71 28.01 29.41 31.51 35.76 28.41 29.54 47.08 40.31 37.23 28.77 28.21 28.64 20.20 15.35 10.42 -0.36 -0.49 28.42 28.45 29.03 32.10 29.48 31.09 29.57 31.55 37.58 40.38 32.57 35.25 34.85 28.14 24.40 17.43 12.37 11.49 -0.93 -1.85 27.82 25.06 33.55 25.24 33.11 34.00 31.77 33.10 31.49 42.85 38.02 35.49 31.50 27.70 24.74 21.41 16.10 7.89 0.49 0.49 28.40 28.63 27.28 30.49 29.62 32.92 28.77 31.26 34.27 41.04 43.37 35.91 31.34 29.18 23.55 17.65 12.33 12.45 -0.13 0.66 25.11 27.15 27.20 30.47 30.65 31.35 29.25 34.32 31.43 45.72 37.15 36.26 28.13 31.12 21.37 16.40 13.56 11.95 0.52 1.46 26.27 24.10 30.14 25.84 33.27 30.50 30.26 33.24 38.82 44.11 35.73 33.76 29.54 23.74 27.48 18.43 15.76 10.18 -0.48 2.27 24.81 25.06 26.21 31.80 33.29 31.38 32.06 30.48 33.14 32.94 40.03 34.08 28.06 27.98 22.89 14.90 12.04 10.72 -0.16 2.67 28.29 24.35 27.84 32.75 34.35 30.42 28.08 32.56 36.96 40.49 41.87 29.46 27.09 25.88 19.86 17.70 12.31 7.02 1.00 0.14 29.59 27.21 26.51 25.98 27.78 34.37 34.73 34.07 35.34 42.49 38.84 28.56 27.23 27.27 21.35 14.89 13.31 9.85 -1.62 -1.67 23.82 27.67 27.15 34.92 35.80 32.25 32.66 34.44 33.73 41.92 38.58 30.37 28.12 28.49 20.98 16.84 11.96 8.05 -0.82 0.03 25.69 30.23 32.10 29.22 27.28 36.53 36.46 36.51 36.76 44.37 40.08 31.71 32.21 26.56 22.22 19.38 11.87 7.07 0.84 2.59 24.67 23.85 24.95 30.30 29.14 30.11 29.61 36.23 37.70 42.01 35.82 36.12 28.34 26.06 19.20 14.42 15.89 9.14 3.41 -1.90 26.96 27.08 26.18 29.42 29.79 29.22 31.19 33.76 36.00 39.49 38.44 31.50 30.26 23.44 21.26 15.28 9.97 2.15 0.43 1.37 23.81 26.99 21.94 25.25 30.19 28.54 36.54 33.65 41.82 41.73 37.82 35.58 29.93 23.63 19.71 16.91 11.00 -0.26 1.23 -0.79 24.85 25.18 22.06 29.82 30.03 30.19 32.55 35.10 38.71 38.77 37.62 30.13 30.25 24.34 19.51 15.61 12.70 -0.07 1.92 -0.04 27.59 30.54 32.05 33.25 30.84 30.87 34.13 36.16 40.02 41.05 37.89 36.87 26.92 25.00 21.15 14.95 8.92 2.48 0.94 -0.70 28.41 24.53 27.55 31.79 29.83 33.54 32.92 32.73 39.29 36.29 35.69 31.48 29.79 22.43 18.69 14.13 8.91 -0.14 0.95 -3.12 23.97 27.91 29.25 28.38 31.49 33.81 34.45 29.25 42.38 41.53 35.22 30.65 27.42 26.71 20.63 16.72 10.52 0.35 -1.80 -1.98 26.92 28.62 26.25 27.58 29.44 32.48 29.02 32.36 34.10 40.26 43.18 36.88 30.20 22.78 18.47 13.87 10.26 -0.43 -1.70 -0.89 23.50 24.98 26.69 27.34 28.08 30.70 33.27 36.37 41.08 38.91 33.12 30.01 29.11 21.01 15.91 16.29 6.56 -1.28 -1.58 -2.01 25.53 31.08 23.65 27.89 32.15 28.88 32.63 32.61 47.38 43.89 39.13 31.40 27.32 27.04 17.09 12.63 10.36 0.01 0.56 -0.57 28.17 23.42 23.05 23.83 30.57 30.34 35.74 35.91 44.87 42.24 38.08 32.06 28.50 22.07 16.55 13.69 9.29 -0.79 -1.41 0.97 26.66 27.23 28.72 27.68 29.14 27.47 35.39 38.06 38.97 37.08 36.77 32.77 28.62 20.56 18.47 11.22 9.76 -1.08 0.08 0.63 26.91 30.74 26.55 34.57 33.87 30.44 31.92 38.30 39.99 38.38 33.68 30.83 28.57 21.38 14.69 11.08 7.28 0.07 -3.17 0.16 28.04 26.23 26.27 28.18 33.38 34.01 35.53 31.80 39.99 39.83 39.83 27.04 31.20 23.49 18.19 12.91 8.02 -3.02 -0.07 1.76 27.41 26.97 29.66 33.33 31.16 34.28 33.54 35.33 46.72 44.39 33.51 33.28 27.49 22.34 15.50 10.66 5.32 -2.00 -2.20 0.23 27.08 27.84 27.62 28.89 24.78 26.88 33.52 32.72 45.30 35.45 38.39 32.08 28.83 20.06 20.05 10.84 5.28 0.92 -2.60 2.52 27.26 28.04 27.52 27.16 29.89 34.62 33.99 32.33 37.85 41.41 35.37 34.94 27.64 19.64 12.70 12.18 -1.79 -0.09 -1.96 -1.38 25.22 28.75 25.94 28.09 27.38 36.02 32.28 32.08 44.17 42.63 35.80 27.83 23.36 20.77 17.01 11.51 0.60 -2.27 -3.00 0.71 25.37 24.13 29.62 26.11 32.49 28.33 33.27 35.88 46.44 32.48 37.84 29.53 25.89 21.70 16.53 10.93 -1.51 -2.91 -1.18 -2.16 26.93 26.59 27.89 31.89 29.27 34.91 35.47 34.76 39.17 42.71 36.46 30.18 22.16 18.36 16.28 10.94 0.23 3.02 -0.50 0.58 28.23 27.06 28.52 30.80 27.22 31.08 33.03 38.24 34.26 36.83 33.33 30.59 25.59 22.07 16.11 9.97 0.99 0.69 -0.46 0.22 25.82 29.08 23.87 27.40 32.30 32.99 32.09 33.69 44.70 37.31 36.78 30.93 23.38 18.36 15.09 12.37 2.72 0.73 1.43 -0.16 25.71 25.11 23.10 29.86 29.17 31.35 35.99 41.95 47.03 35.94 32.51 29.90 18.01 18.05 12.96 9.11 1.05 1.68 0.36 -0.34 28.38 23.00 27.28 28.04 35.93 34.06 37.08 36.31 40.45 34.14 33.73 28.63 25.81 17.24 14.92 8.39 1.92 -0.47 0.39 -0.98 29.52 25.28 29.33 30.40 31.74 28.15 39.86 36.17 41.44 32.36 30.47 30.51 25.44 19.67 10.32 8.80 0.13 -0.85 -1.87 0.31 26.36 25.48 30.94 29.13 32.23 30.55 30.21 31.71 41.14 38.78 36.49 28.83 24.12 20.13 11.97 10.49 1.70 -0.10 0.07 -0.34 24.27 29.07 30.79 29.28 30.07 36.97 31.05 30.76 46.31 36.34 32.77 32.44 19.69 21.30 14.31 8.99 0.64 2.61 0.09 -1.64 24.36 25.53 29.33 29.05 30.26 29.73 33.06 35.86 41.91 37.42 31.81 26.45 23.45 20.37 10.21 9.62 1.04 1.98 1.38 0.25 25.76 28.35 24.89 24.62 28.04 31.91 30.05 33.79 43.78 37.02 31.43 30.41 22.71 22.12 13.82 7.34 -1.96 -0.59 0.09 0.42 26.96 30.41 27.05 29.02 29.18 33.36 35.27 39.83 49.23 38.38 30.15 28.42 21.96 17.84 12.96 5.45 -0.58 2.63 -0.39 -1.69 29.13 26.64 30.28 26.35 33.42 28.16 32.60 36.25 40.24 35.73 34.85 32.48 23.53 21.05 12.62 6.94 -0.54 -3.41 -1.55 1.12 25.89 23.19 30.34 32.51 33.96 34.14 33.52 34.10 40.92 37.26 30.46 28.98 20.61 14.93 9.78 6.44 -1.78 2.62 0.01 -0.20 26.81 29.07 25.28 31.89 28.92 32.13 31.51 39.59 39.74 36.20 29.97 21.72 21.01 15.96 12.44 -0.27 0.71 0.89 -0.61 1.22 28.88 25.45 28.74 29.36 35.27 35.63 32.04 42.97 41.26 43.24 32.04 24.43 23.36 15.50 11.97 -0.28 -0.36 -0.89 2.24 0.43 24.43 26.72 26.73 28.61 29.60 31.65 33.94 38.69 37.08 37.47 32.92 27.61 20.06 13.34 11.43 1.17 -1.28 1.58 -0.28 -0.32 25.72 29.94 27.40 21.91 28.87 31.15 35.69 41.79 40.33 34.57 27.12 28.68 21.32 17.46 10.26 0.81 0.91 0.97 -0.93 -0.45 35.79 40.09 38.08 44.47 32.89 34.74 32.87 40.15 39.22 38.75 33.31 28.95 15.94 16.46 11.11 2.22 -0.09 -0.44 -0.14 0.34 39.29 41.17 42.01 44.36 45.35 48.79 35.78 38.83 39.20 32.39 30.79 26.90 18.25 12.58 11.20 -1.66 0.97 -2.85 -2.35 -3.41 42.11 45.90 43.09 42.17 40.74 39.36 45.52 41.00 39.39 30.99 29.24 26.92 25.64 17.64 10.86 0.32 0.59 0.23 0.37 3.49 41.04 41.35 45.30 43.09 44.67 44.59 49.15 47.33 44.45 42.80 33.05 20.26 19.70 14.98 9.15 0.31 0.91 0.77 0.26 2.13 41.92 47.21 39.52 38.32 39.48 43.69 49.95 48.47 44.56 36.57 31.85 26.82 19.60 13.62 8.54 -0.53 -2.62 0.42 0.90 1.85 39.28 40.77 42.14 38.87 38.65 42.72 45.38 44.53 46.60 33.56 30.73 30.11 19.15 16.31 7.98 -0.97 -0.27 1.14 0.42 -1.03 41.37 35.54 37.22 37.32 40.94 44.17 45.55 36.44 35.10 36.22 26.71 23.50 29.08 15.44 11.15 -0.90 1.42 1.79 0.83 -0.26 40.19 42.04 39.95 48.53 42.65 38.51 47.76 46.48 41.86 38.75 27.85 32.56 26.74 19.31 11.77 -1.03 0.65 -0.56 1.69 1.91 45.00 40.60 41.60 46.78 47.24 49.56 46.91 48.37 40.19 32.57 29.30 27.47 21.58 24.84 17.23 1.22 0.25 2.01 -0.22 0.59 38.21 43.41 39.06 45.70 40.75 43.51 45.12 44.90 44.99 33.18 29.62 26.54 23.55 16.95 17.82 0.32 -1.24 0.01 0.43 1.05 41.36 39.68 41.09 40.10 44.76 42.96 49.27 41.18 39.28 33.57 30.79 26.39 22.62 16.96 16.67 10.38 0.27 0.25 -0.06 -1.67 41.58 43.19 41.37 41.34 43.16 44.00 42.17 42.54 40.25 37.26 32.55 30.81 25.08 21.43 15.08 14.16 9.42 -0.19 2.27 -0.17 42.12 42.10 36.92 39.73 42.10 38.24 45.97 45.59 43.76 34.61 30.36 32.45 22.63 20.05 20.65 9.83 10.72 -0.11 -1.39 1.97 41.95 37.21 42.12 43.33 38.46 49.16 51.29 41.43 41.90 34.56 31.21 25.62 21.01 23.69 16.32 12.59 10.84 -1.24 0.19 -1.55 40.22 36.04 40.43 44.45 43.60 49.39 40.20 42.82 41.04 35.13 32.20 28.35 23.96 19.65 14.83 13.12 12.23 0.03 -0.90 0.55 40.64 42.29 42.44 45.64 42.89 43.34 47.51 51.56 40.91 35.84 30.17 27.53 25.91 18.20 18.64 12.93 9.96 -1.05 -1.59 0.03 38.10 41.27 38.14 39.15 43.58 40.87 49.24 47.64 42.58 35.41 36.75 25.69 22.88 18.68 16.67 12.91 9.53 -0.79 2.53 0.14 36.33 38.22 35.85 40.91 38.97 42.41 36.63 42.97 46.90 38.67 28.08 25.22 21.29 20.30 14.87 13.00 9.28 -1.48 0.34 1.08 38.14 36.46 45.93 42.56 43.71 46.61 43.35 42.88 40.23 35.95 28.06 29.72 26.23 18.34 14.54 14.28 10.98 0.31 -0.83 0.70 39.62 41.18 35.96 45.76 37.56 41.42 38.48 47.22 42.97 34.05 29.57 27.05 21.94 18.02 15.44 12.98 10.54 0.07 1.23 -2.78 48.88 40.01 41.49 37.54 38.17 42.68 45.45 41.05 45.69 39.22 31.53 24.38 21.86 18.95 11.54 13.06 7.72 2.09 0.50 -1.35 40.64 38.03 41.53 39.30 47.22 44.21 36.48 44.96 37.61 35.73 31.17 25.44 21.25 19.78 16.34 11.61 7.30 3.43 -0.08 1.32 37.20 41.67 38.37 42.30 47.54 43.69 46.70 44.81 42.61 30.12 25.93 25.38 18.35 18.53 12.10 12.55 8.56 -2.29 -3.34 2.29 40.43 35.53 43.06 39.63 40.69 44.59 43.61 37.77 32.51 32.94 27.42 22.95 18.12 20.59 17.35 12.20 7.90 -0.49 -1.07 -1.04 42.64 38.08 43.21 39.20 45.43 45.38 36.25 40.16 43.76 33.81 28.82 27.49 22.53 16.11 17.82 12.23 10.27 2.67 1.15 0.01 41.08 35.89 42.43 35.29 42.73 40.69 41.15 45.49 37.72 29.30 28.60 24.71 20.73 14.92 17.01 10.41 6.55 -0.01 -1.74 0.66 40.01 42.92 42.22 47.88 47.68 42.51 40.34 40.15 36.60 29.84 32.81 26.20 20.84 15.50 12.96 11.19 7.98 -1.14 0.96 1.33 45.96 35.72 41.36 46.66 41.15 43.49 41.66 39.35 40.29 34.62 27.98 21.72 24.16 17.63 12.85 10.16 10.42 3.57 -2.45 2.39 38.09 37.34 43.22 44.03 38.48 43.36 39.78 47.13 41.53 32.29 31.57 25.20 19.66 18.36 14.59 11.29 7.50 2.66 0.38 -0.37 37.54 39.00 41.58 36.41 41.18 50.57 42.23 43.87 37.30 29.39 30.32 22.26 18.93 15.85 16.17 12.72 2.42 1.02 -1.10 1.05 39.89 39.60 36.07 38.25 43.50 45.43 47.72 50.58 35.44 28.80 29.14 23.56 19.66 17.52 13.14 9.75 -1.12 2.26 2.33 3.06 44.62 39.91 41.40 49.27 41.71 42.20 37.29 37.41 35.96 36.44 31.08 26.85 23.22 18.22 13.53 10.90 2.56 -2.17 0.65 0.53 43.81 39.16 39.32 38.16 41.89 37.66 45.27 43.81 38.46 31.83 24.27 30.65 22.48 16.45 13.10 9.06 -0.91 0.97 0.92 -0.22 36.90 41.57 41.41 42.32 35.00 42.01 40.21 41.05 35.16 26.06 23.63 21.65 23.04 18.18 13.09 7.45 0.77 -1.31 1.69 1.44 36.65 40.60 36.62 41.96 41.96 37.96 44.71 36.55 35.79 31.94 26.44 22.03 19.58 17.06 11.85 9.90 -2.81 -0.62 -1.02 -3.64 44.28 42.65 40.01 38.74 44.73 40.73 44.28 37.42 37.38 31.71 26.36 24.07 21.32 16.06 14.75 8.01 1.31 1.00 3.87 -0.26 44.27 37.68 45.58 35.02 45.95 42.97 45.76 39.94 38.66 30.32 29.78 26.14 19.93 15.42 12.61 7.31 0.05 -1.83 0.37 -0.69 33.04 34.02 32.56 38.15 38.66 44.87 41.67 47.15 37.56 32.65 29.54 21.99 19.80 12.94 10.44 4.38 0.80 -1.51 1.93 2.08 36.76 40.21 38.81 41.47 42.02 38.72 40.26 39.16 34.72 31.70 24.87 23.39 20.56 14.95 13.28 9.65 -0.53 -1.13 2.38 0.57 33.27 40.68 40.51 33.97 42.83 41.09 45.24 46.05 34.53 31.46 24.58 28.72 18.40 19.94 10.49 8.29 -0.50 2.75 -1.12 -0.45 36.20 36.91 38.24 37.31 43.96 39.35 42.28 41.72 32.90 25.95 29.19 23.69 18.77 13.09 15.04 7.49 -0.88 -0.85 0.94 -1.26 42.44 38.46 43.60 45.14 42.55 41.23 40.61 38.36 34.96 30.24 22.21 25.25 16.34 15.44 11.90 8.21 3.61 1.79 1.55 1.11 40.38 34.98 38.81 40.88 42.07 39.61 37.08 41.81 35.16 33.89 28.23 25.30 21.41 14.34 9.09 8.19 1.37 0.23 1.17 1.72 42.88 35.42 36.84 39.75 39.66 42.53 42.91 42.85 31.80 27.07 22.63 24.27 19.65 16.27 10.12 9.54 0.35 -2.22 -2.20 -1.53 41.74 34.93 42.88 35.79 41.24 45.45 35.67 44.77 37.93 26.60 25.34 22.06 19.97 15.63 12.66 8.19 0.72 -1.60 1.59 1.17 40.45 34.55 41.11 37.98 35.41 37.49 38.54 41.13 35.18 29.37 27.76 22.28 22.94 15.51 12.82 5.88 -2.92 -0.17 2.93 1.87 30.33 35.76 43.04 38.38 44.43 41.16 36.77 36.11 38.65 31.72 28.21 23.60 19.91 19.01 11.02 4.88 0.80 1.95 2.00 -0.71 38.61 39.34 38.39 36.63 39.71 37.99 34.68 40.71 36.84 28.13 27.11 23.42 16.36 15.13 11.23 8.90 1.51 -0.36 -1.66 -2.63 40.22 39.54 39.34 33.37 42.89 37.20 40.62 41.97 33.44 25.51 28.19 22.57 16.95 14.77 13.06 0.77 0.14 0.90 -0.28 -0.18 42.78 42.87 33.01 42.82 37.90 36.56 41.04 41.34 35.68 29.55 32.51 21.83 17.87 14.98 10.16 3.22 -1.38 -0.39 -0.25 -0.35 39.91 39.05 36.79 38.86 41.83 39.40 41.79 41.99 33.94 33.25 24.32 22.53 18.94 16.40 10.55 -6.03 -1.47 -1.68 -0.56 -0.03 39.95 37.60 36.80 38.77 37.03 40.83 41.10 45.80 36.75 30.28 26.14 20.55 21.67 12.92 7.77 -1.31 -0.96 1.99 -1.12 1.23 43.56 45.19 39.33 37.19 33.88 37.16 39.24 38.27 35.60 23.14 28.87 17.32 19.58 15.83 9.09 1.04 1.26 0.10 0.94 -1.92 41.96 36.73 33.89 39.72 42.65 41.85 40.25 43.39 30.89 34.77 27.98 20.52 14.69 10.51 9.88 0.38 2.67 0.18 1.61 -0.05 37.15 41.85 38.38 39.68 39.29 38.27 36.82 38.07 36.17 27.91 24.81 18.70 16.49 16.64 10.45 -0.30 -2.16 2.42 1.09 2.04 41.39 42.90 40.38 37.74 44.19 37.66 40.43 37.64 28.18 30.97 31.06 23.68 18.14 10.94 10.11 2.49 0.21 1.79 0.08 -0.62 37.07 39.69 34.99 37.71 38.82 38.64 36.76 37.65 36.30 27.94 25.43 22.09 17.17 13.17 7.98 -3.15 0.94 -2.44 -1.69 0.20 36.43 33.21 36.12 44.72 37.38 41.11 41.64 39.79 32.90 27.44 26.00 21.26 13.36 14.72 9.23 -0.49 -0.47 0.74 2.29 1.89 32.69 38.90 40.51 35.37 47.34 41.22 40.52 32.17 31.85 31.21 27.65 19.94 13.36 11.19 8.01 -0.01 -3.81 -1.30 0.07 2.93 39.49 36.24 37.60 41.12 38.19 40.69 39.53 40.72 31.75 29.42 25.84 17.02 15.58 10.24 10.24 0.29 -0.81 2.98 -0.62 -0.85 39.10 35.27 38.19 40.78 38.40 45.09 38.87 40.83 30.07 27.64 24.82 24.30 18.19 9.44 12.01 0.28 4.01 0.67 1.14 0.26 38.02 38.12 39.54 41.54 40.27 43.69 35.06 38.03 33.27 25.21 23.67 21.76 17.23 12.37 8.71 -1.47 0.72 2.66 -2.08 -0.29 35.88 37.20 37.01 34.79 41.55 41.00 36.70 39.67 35.33 27.32 23.34 17.61 17.93 11.07 7.49 0.68 0.80 -0.52 -1.28 -1.12 36.66 39.06 43.41 40.89 39.75 41.82 33.15 37.45 32.29 32.32 23.54 19.10 15.69 11.45 8.51 2.73 -2.31 1.25 0.43 -0.93 41.66 34.54 44.94 42.20 35.03 45.65 32.06 37.24 28.72 21.98 22.02 21.57 16.49 13.00 4.93 0.69 1.57 0.48 -0.42 -0.22 38.53 37.73 37.60 38.72 37.44 38.85 41.29 38.11 28.77 28.16 22.65 21.92 15.70 11.16 5.38 -2.13 1.54 -0.26 3.15 -0.95 38.75 35.14 35.23 37.91 35.40 39.45 31.75 33.91 30.78 26.23 23.57 20.03 15.67 12.06 7.72 -0.13 0.10 -1.96 -1.62 1.51 37.64 35.10 34.83 47.27 39.79 42.34 40.76 38.48 30.72 26.45 24.17 23.16 15.96 10.74 5.77 4.43 0.78 -2.57 -1.68 -0.70 37.43 40.12 40.31 35.24 36.50 35.44 35.52 33.76 29.89 28.35 24.40 24.06 15.96 11.38 9.58 1.37 -1.08 0.48 -0.03 -0.41 35.32 39.21 35.15 43.45 32.18 36.42 33.64 38.46 30.56 27.24 27.83 18.16 15.90 10.58 7.00 -0.41 -1.38 0.48 1.24 -1.43 31.73 36.61 45.45 32.63 45.12 33.28 35.81 39.23 34.19 26.88 23.17 20.23 16.96 10.13 3.28 -1.01 0.75 1.26 -0.34 -0.56 36.64 36.46 40.23 39.40 38.75 38.26 26.86 32.46 30.40 27.35 22.02 16.72 10.91 9.83 0.01 -0.57 1.30 -1.33 2.32 -0.02 35.36 38.49 41.38 41.93 37.65 37.80 37.34 31.24 29.59 28.63 24.19 17.32 14.74 9.36 0.69 -4.88 -0.18 0.07 -1.01 -1.87 38.48 39.37 34.49 41.69 44.15 36.22 36.29 33.20 28.13 26.11 25.19 18.68 14.70 10.28 -0.42 -0.62 2.03 3.66 1.24 -1.22 39.15 32.63 36.15 39.30 38.81 36.75 33.82 35.37 30.49 22.58 22.05 19.68 13.79 8.08 3.04 0.38 2.34 0.18 0.25 -1.14 37.16 36.88 38.43 44.94 39.97 34.86 37.45 36.90 30.89 27.01 18.29 21.53 16.58 8.50 -0.25 -1.53 -0.87 -0.39 0.75 -0.01 38.11 40.86 35.20 39.38 43.55 36.75 40.39 34.61 36.78 27.68 22.28 17.36 18.54 9.48 -1.63 0.80 0.53 -0.96 -0.68 -2.53 33.07 38.24 43.26 40.90 40.13 32.16 35.71 32.65 30.07 31.50 22.05 17.66 12.67 11.15 2.69 -1.73 0.46 0.38 0.12 -1.75 38.12 35.54 36.96 34.86 35.82 38.70 36.66 35.70 29.18 27.46 24.48 18.63 13.42 10.13 -1.93 0.78 -1.56 0.25 0.77 0.44 37.27 36.79 40.04 35.76 33.20 38.99 41.71 36.44 26.92 23.30 23.29 20.05 13.24 8.57 -0.30 2.42 -0.04 0.03 0.84 1.53 33.36 36.44 40.33 42.83 39.95 40.96 32.56 36.48 30.85 26.48 24.58 20.58 12.61 12.51 -1.70 1.60 -0.67 -1.44 1.46 4.25 37.66 37.64 37.30 35.57 38.33 38.82 35.90 34.47 32.78 27.14 23.52 15.63 11.34 9.53 -1.14 -0.81 -0.98 0.24 -0.18 -1.30 37.53 35.42 40.48 36.37 34.74 33.55 32.43 32.00 36.16 27.53 22.89 22.01 13.27 8.12 1.50 -1.64 1.72 -0.35 -1.11 1.17 36.63 37.37 39.41 38.23 39.73 38.55 31.79 34.81 29.80 24.43 23.56 17.21 12.96 8.47 -1.13 -3.24 -1.24 -0.12 -0.93 -2.05 35.10 37.60 40.52 41.25 43.97 40.05 31.02 35.56 32.34 22.29 23.83 16.33 14.13 6.59 -0.29 0.15 -0.78 -1.47 2.01 -0.33 38.72 33.79 43.88 32.02 36.88 31.71 25.47 34.45 29.98 24.86 21.22 15.63 15.46 9.70 0.09 0.13 -3.09 -1.37 2.37 2.96 36.71 39.71 42.17 37.29 34.63 36.21 24.57 37.43 29.43 23.96 21.36 16.13 12.01 9.79 -3.01 -0.17 2.39 1.89 2.33 -1.18 36.72 42.13 39.66 31.89 39.09 39.57 29.48 37.81 30.41 27.02 23.50 16.53 9.99 6.40 -0.45 -0.28 -1.22 -1.38 1.52 1.35 37.77 41.20 37.58 40.61 41.98 30.78 34.26 32.80 31.11 22.29 24.25 20.01 12.23 7.86 0.73 -0.15 0.27 0.80 0.54 -2.30 40.98 37.32 37.39 33.59 39.61 39.04 35.28 35.63 27.63 22.81 21.96 17.87 10.20 7.03 0.38 -0.73 -0.81 -1.10 -1.65 0.93 37.88 37.90 36.75 36.50 33.06 37.54 38.46 32.45 32.72 24.26 20.08 17.95 12.87 5.05 2.34 0.83 -4.09 -0.51 -0.57 1.69 35.95 35.94 36.84 32.31 37.21 38.72 31.38 32.55 30.13 26.25 21.68 14.55 12.23 8.07 1.24 2.19 2.36 0.53 -0.35 1.29 35.79 38.98 36.88 39.89 35.44 36.20 36.87 30.44 27.51 27.43 23.21 16.45 9.92 8.14 -0.89 0.76 -0.86 0.39 -1.79 -1.84 39.17 34.90 38.07 40.67 32.78 38.43 33.69 30.61 28.75 23.29 22.02 16.53 10.79 9.99 0.89 2.42 -0.10 0.91 0.15 -0.85 30.59 32.60 40.64 36.95 34.14 29.17 28.84 30.62 33.00 28.34 17.04 15.38 9.98 6.92 -0.38 -0.96 1.74 1.88 0.43 -1.40 33.15 34.78 36.00 37.39 26.98 38.36 32.85 28.78 30.97 23.47 18.86 17.15 11.33 6.83 -1.59 -1.86 -0.21 1.97 1.56 -1.42 41.46 38.48 33.71 33.37 35.78 27.44 36.02 30.71 27.39 28.18 18.48 19.42 10.97 -2.00 0.54 -1.73 -1.78 -0.47 0.44 2.21 36.73 38.30 36.29 41.30 41.64 32.95 34.74 33.54 28.94 25.45 20.17 18.41 10.43 -1.05 2.39 0.39 -0.81 -1.09 -0.07 1.97 31.76 36.31 36.33 36.71 36.51 35.85 34.53 28.86 31.85 26.43 25.25 13.61 10.64 2.05 3.03 3.32 -1.53 -1.73 3.22 -0.35 38.55 38.70 41.30 38.77 37.49 35.90 24.00 30.78 26.79 24.54 17.34 15.85 9.33 -3.68 0.58 1.76 -0.28 -1.98 1.40 -1.22 25.00 19.05 25.00 32.01 32.95 35.94 29.05 32.73 32.33 26.76 21.51 14.52 10.47 -1.00 -1.54 0.88 1.23 1.21 1.55 0.73 25.82 28.60 25.40 28.72 25.14 24.67 28.86 29.78 29.20 26.19 19.29 12.29 12.19 -2.40 -3.03 -1.18 1.01 0.48 -1.25 -0.89 26.40 24.72 20.94 22.08 27.32 28.24 32.87 27.75 26.48 18.82 18.99 15.40 10.28 1.49 0.71 -0.82 -2.59 2.01 -1.29 1.29 25.34 28.35 24.55 25.17 26.62 30.32 27.59 26.39 25.80 24.94 18.51 16.00 10.14 -0.86 0.88 -0.28 2.53 1.30 -2.38 -0.24 25.40 25.52 22.27 26.05 26.61 32.52 25.79 28.19 23.25 25.23 18.34 16.28 7.73 1.53 0.04 -0.45 3.14 -3.05 -2.44 -0.47 21.95 22.74 19.87 26.26 27.90 26.76 32.27 26.43 21.91 19.27 18.95 16.08 7.07 -0.73 -1.97 1.21 -0.34 0.27 -0.82 -1.14 21.60 23.16 25.84 22.86 25.42 28.38 24.66 32.78 26.65 16.56 10.97 11.86 9.51 0.01 1.62 0.90 -0.19 1.49 1.96 -1.81 23.60 23.34 23.33 25.22 24.35 24.88 25.11 24.65 22.51 16.76 7.82 0.97 7.88 -0.04 -2.57 0.77 0.29 0.20 0.01 1.27 22.88 20.87 20.81 26.99 24.81 28.11 28.19 26.65 17.68 15.88 8.26 1.09 10.73 -0.16 -0.81 -1.63 -0.04 0.61 -4.42 -0.56 21.45 23.96 22.80 21.92 27.51 29.44 30.56 24.65 24.30 14.65 10.59 1.81 0.03 1.68 -1.14 1.10 0.89 -0.87 -1.78 -1.16 26.78 21.65 21.18 22.02 24.12 28.22 28.67 27.90 21.75 15.25 5.95 -0.00 1.38 -0.96 -0.02 -2.60 0.83 -1.37 -1.13 -0.33 0.00 0.00 0.00 0.00 25.03 32.47 27.27 25.83 19.94 13.80 8.16 2.40 -2.15 2.06 0.35 0.75 2.83 1.12 1.39 -1.90 0.00 0.00 0.00 0.00 0.00 0.00 32.91 29.96 22.42 16.02 8.28 0.35 -0.37 1.20 -2.80 -0.28 2.22 0.37 -2.46 -1.53 0.00 0.00 0.00 0.00 0.00 0.00 0.00 29.94 24.94 15.79 8.25 1.27 -2.20 -1.17 -0.85 -3.83 2.66 1.96 1.55 -0.02 0.00 0.00 0.00 0.00 0.00 0.00 0.00 0.00 23.04 17.48 8.76 -2.00 -1.56 0.62 -0.61 -1.36 -2.61 -0.91 -0.43 1.83 0.00 0.00 0.00 0.00 0.00 0.00 0.00 0.00 0.00 15.43 9.17 2.98 2.62 -2.32 -0.23 2.26 -0.03 2.36 -0.79 1.71 0.00 0.00 0.00 0.00 0.00 0.00 0.00 0.00 0.00 0.00 5.87 1.81 -1.59 1.33 -1.97 -0.93 -1.33 -0.56 1.08 -1.81 0.00 0.00 0.00 0.00 0.00 0.00 0.00 0.00 0.00 0.00 0.00 1.16 0.82 1.19 -0.52 0.22 0.01 1.70 1.71 -0.53 0.00 0.00 0.00 0.00 0.00 0.00 0.00 0.00 0.00 0.00 0.00 0.00 -2.86 1.11 0.20 -0.25 -1.04 0.38 0.29 -0.47 0.00 0.00 0.00 0.00 0.00 0.00 0.00 0.00 0.00 0.00 0.00 0.00 0.00 0.93 -1.56 -1.55 -3.48 -0.06 -1.23 1.97 0.00 0.00 0.00 0.00 0.00 0.00 0.00 0.00 0.00 0.00 0.00 0.00 0.00 1.71 -0.85 1.03 3.18 -1.12 -1.08 1.40 0.00 0.00 0.00 0.00 0.00 0.00 0.00 0.00 0.00 0.00 0.00 0.00 0.00 0.00 -1.68 0.19 2.28 -0.57 -0.19 -2.93 0.00 0.00 0.00 0.00 0.00 0.00 0.00 0.00 0.00 0.00 0.00 0.00 0.00 0.00 0.72 0.08 1.97 1.95 0.05 0.68 0.00 0.00 0.00 0.00 0.00 0.00 0.00 0.00 0.00 0.00 0.00 0.00 0.00 0.00 0.00 -0.26 -0.46 1.68 3.01 -2.45 0.00 0.00 0.00 0.00 0.00 0.00 0.00 0.00 0.00 0.00 0.00 0.00 0.00 0.00 0.00 -2.12 1.49 0.80 0.57 -0.83 0.00 0.00 0.00 0.00 0.00 0.00 0.00 0.00 0.00 0.00 0.00 0.00 0.00 0.00 0.00 0.00 1.05 -1.32 -1.96 -0.37 0.00 0.00 0.00 0.00 0.00 0.00 0.00 0.00 0.00 0.00 0.00 0.00 0.00 0.00 0.00 0.00 0.00 -1.82 -2.02 0.63 0.00 0.00 0.00 0.00 0.00 0.00 0.00 0.00 0.00 0.00 0.00 0.00 0.00 0.00 0.00 0.00 0.00 0.65 0.02 -0.69 0.00 0.00 0.00 0.00 0.00 0.00 0.00 0.00 0.00 0.00 0.00 0.00 0.00 0.00 0.00 0.00 0.00 -1.66 -2.64 -1.28 0.00 0.00 0.00 0.00 0.00 0.00 0.00 0.00 0.00 0.00 0.00 0.00 0.00 0.00 0.00 0.00 0.00 0.00 -0.06 -1.35 0.00 0.00 0.00 0.00 0.00 0.00 0.00 0.00 0.00 0.00 0.00 0.00 0.00 0.00 0.00 0.00 0.00 0.00 -1.36 0.11 0.00 0.00 0.00 0.00 0.00 0.00 0.00 0.00 0.00 0.00 0.00 0.00 0.00 0.00 0.00 0.00 0.00 0.00 0.00 0.12 0.00 0.00 0.00 0.00 0.00 0.00 0.00 0.00 0.00 0.00 0.00 0.00 0.00 0.00 0.00 0.00 0.00 0.00 0.00 0.34 0.00 0.00 0.00 0.00 0.00 0.00 0.00 0.00 0.00 0.00 0.00 0.00 0.00 0.00 0.00 0.00 0.00 0.00 0.00 0.00 0.00 0.00 0.00 0.00 0.00 0.00 0.00 0.00 0.00 0.00 0.00 0.00 0.00 0.00 0.00 0.00 0.00 0.00 0.00 0.00 0.00 0.00 0.00 0.00 0.00 0.00 0.00 0.00 0.00 0.00 0.00 0.00 0.00 0.00 0.00 0.00 0.00 0.00 0.00 0.00 0.00 0.00 0.00 0.00 0.00 0.00 0.00 0.00 0.00 0.00 0.00 0.00 0.00 0.00 0.00 0.00 0.00 0.00 0.00 0.00 0.00 0.00 0.00 0.00 0.00 0.00 0.00 0.00 0.00 0.00 0.00 0.00 0.00 0.00 0.00 0.00 0.00 0.00 0.00 0.00 0.00 0.00 0.00 0.00 0.00 0.00 0.00 0.00 0.00 0.00 0.00 0.00 0.00 0.00 0.00 0.00 0.00 0.00 0.00 0.00 0.00 0.00 0.00 0.00 0.00 0.00 0.00 0.00 0.00 0.00 0.00 0.00 0.00 0.00 0.00 0.00 0.00 0.00 0.00 0.00 0.00 0.00 0.00 0.00 0.00 0.00 0.00 0.00 0.00 0.00 0.00 0.00 0.00 0.00 0.00 0.00 0.00 0.00 0.00 0.00 0.00 0.00 0.00 0.00 0.00 0.00 0.00 0.00 0.00 0.00 0.00 0.00 0.00 0.00 0.00 0.00 0.00 0.00 0.00 0.00 0.00 0.00 0.00 0.00 0.00 0.00 0.00 0.00 0.00 0.00 0.00 0.00 0.00 0.00 0.00 0.00 0.00 0.00 0.00 0.00 0.00 0.00 0.00 0.00 0.00 0.00 0.00 0.00 0.00 0.00 0.00 0.00 0.00 0.00 0.00 0.00 0.00 0.00 0.00 0.00 0.00 0.00 0.00 0.00 0.00 0.00 0.00 0.00 0.00 0.00 0.00 0.00 0.00 0.00 0.00 0.00 0.00 0.00 0.00 0.00 0.00 0.00 0.00 0.00 0.00 0.00 0.00 0.00 0.00 0.00 0.00 0.00 0.00 0.00 0.00 0.00 0.00 0.00 0.00 0.00 0.00 0.00 0.00 0.00 0.00 0.00 0.00 0.00 0.00 0.00 0.00 0.00 0.00 0.00 0.00 0.00 0.00 0.00 0.00 0.00 0.00 0.00 0.00 0.00 0.00 0.00 0.00 0.00 0.00 0.00 0.00 0.00 0.00 0.00 0.00 0.00 0.00 0.00 0.00 0.00 0.00 0.00 0.00 0.00 0.00 0.00 0.00 0.00 0.00 0.00 0.00 0.00 0.00 0.00 0.00 0.00 0.00 0.00 0.00 0.00 0.00 0.00 0.00 0.00 0.00 0.00 0.00 0.00 0.00 0.00 0.00 0.00 0.00 0.00 0.00 0.00 0.00 0.00 0.00 0.00 0.00 0.00 0.00 0.00 0.00 0.00 0.00 0.00 0.00 0.00 0.00 0.00 0.00 0.00 0.00 0.00 0.00 0.00 0.00 0.00 0.00 0.00 0.00 0.00 0.00 0.00 0.00 0.00 0.00 0.00 0.00 0.00 0.00 0.00 0.00 0.00 0.00 0.00 0.00 0.00 0.00 0.00 0.00 0.00 0.00 0.00 0.00 0.00 0.00 0.00 0.00 0.00 0.00 0.00 0.00 0.00 0.00 0.00 0.00 0.00 0.00 0.00 0.00 0.00 0.00 0.00 0.00 0.00 0.00 0.00 0.00 0.00 0.00 0.00 0.00 0.00 0.00 0.00 0.00 0.00 0.00 0.00 0.00 0.00 0.00 0.00 0.00 0.00 0.00 0.00 0.00 0.00 0.00 0.00 0.00 0.00 0.00 0.00 0.00 0.00 0.00 0.00 0.00 0.00 0.00 0.00 0.00 0.00 0.00 0.00 0.00 0.00 0.00 0.00 0.00 0.00 0.00 0.00 0.00 0.00 0.00 0.00 0.00 0.00 0.00 0.00 0.00 0.00 0.00 0.00 0.00 0.00 0.00 0.00 0.00 0.00 0.00 0.00 0.00 0.00 0.00 0.00 0.00 0.00 0.00 0.00 0.00 0.00 0.00 0.00 0.00 0.00 0.00 0.00 0.00 0.00 0.00 0.00 0.00 0.00 0.00 0.00 0.00 0.00 0.00 0.00 0.00 0.00 0.00 0.00 0.00 0.00 0.00 0.00 0.00 0.00 0.00 0.00 0.00 0.00 0.00 0.00 0.00 0.00 0.00 0.00 0.00 0.00 0.00 0.00 0.00 0.00 0.00 0.00 0.00 0.00 0.00 0.00 0.00 0.00 0.00 0.00 0.00 0.00 0.00 0.00 0.00 0.00 0.00 0.00 0.00 0.00 0.00 0.00 0.00 0.00 0.00 0.00 0.00 0.00 0.00 0.00 0.00 0.00 0.00 0.00 0.00 0.00 0.00 0.00 0.00 0.00 0.00 0.00 0.00 0.00 0.00 0.00 0.00 0.00 0.00 0.00 0.00 0.00 0.00 0.00 0.00 0.00 0.00 0.00 0.00 0.00 0.00 0.00 0.00 0.00 0.00 0.00 0.00 0.00 0.00 0.00 0.00 0.00 0.00 0.00 0.00 0.00 0.00 0.00 0.00 0.00 0.00 0.00 0.00 0.00 0.00 0.00 0.00 0.00 0.00 0.00 0.00 0.00 0.00 0.00 0.00 0.00 0.00 0.00 0.00 0.00 0.00 0.00 0.00 0.00 0.00 0.00 0.00 0.00 0.00 0.00 0.00 0.00 0.00 0.00 0.00 0.00 0.00 0.00 0.00 0.00 0.00 0.00 0.00 0.00 0.00 0.00 0.00 0.00 0.00 0.00 0.00 0.00 0.00 0.00 0.00 0.00 0.00 0.00 0.00 0.00 0.00 0.00 0.00 0.00 0.00 0.00 0.00 0.00 0.00 0.00 0.00 0.00 0.00 0.00 0.00 0.00 0.00 0.00 0.00 0.00 0.00 0.00 0.00 0.00 0.00 0.00 0.00 0.00 0.00 0.00 0.00 0.00 0.00 0.00 0.00 0.00 0.00 0.00 0.00 0.00 0.00 0.00 0.00 0.00 0.00 0.00 0.00 0.00 0.00 0.00 0.00 0.00 0.00 0.00 0.00 0.00 0.00 0.00 0.00 0.00 0.00 0.00 0.00 0.00 0.00 0.00 0.00 0.00 0.00 0.00 0.00 0.00 0.00 0.00 0.00 0.00 0.00 0.00 0.00 0.00 0.00 0.00 0.00 0.00 0.00 0.00 0.00 0.00 0.00 0.00 0.00 0.00 0.00 0.00 0.00 0.00 0.00 0.00 0.00 0.00 0.00 0.00 0.00 0.00 0.00 0.00 0.00 0.00 0.00 0.00 0.00 0.00 0.00 0.00 0.00 0.00 0.00 0.00 0.00 0.00 0.00 0.00 0.00 0.00 0.00 0.00 0.00 0.00 0.00 0.00 0.00 0.00 0.00 0.00 0.00 0.00 0.00 0.00 0.00 0.00 0.00 0.00 0.00 0.00 0.00 0.00 0.00 0.00 0.00 0.00 0.00 0.00 0.00 0.00 0.00 0.00 0.00 0.00 0.00 0.00 0.00 0.00 0.00 0.00 0.00 0.00 0.00 0.00 0.00 0.00 0.00 0.00 0.00 0.00 0.00 0.00 0.00 0.00 0.00 0.00 0.00 0.00 0.00 0.00 0.00 0.00 0.00 0.00 0.00 0.00 0.00 0.00 0.00 0.00 0.00 0.00 0.00 0.00 0.00 0.00 0.00 0.00 0.00 0.00 0.00 0.00 0.00 0.00 0.00 0.00 0.00 0.00 0.00 0.00 0.00 0.00 0.00 0.00 0.00 0.00 0.00 0.00 0.00 0.00 0.00 0.00 0.00 0.00 0.00 0.00 0.00 0.00 0.00 0.00 0.00 0.00 0.00 0.00 0.00 0.00 0.00 0.00 0.00 0.00 0.00 0.00 0.00 0.00 0.00 0.00 0.00 0.00 0.00 0.00 0.00 0.00 0.00 0.00 0.00 0.00 0.00 0.00 0.00 0.00 0.00 0.00 0.00 0.00 0.00 0.00 0.00 0.00 0.00 0.00 0.00 0.00 0.00 0.00 0.00 0.00 0.00 0.00 0.00 0.00 0.00 0.00 0.00 0.00
rain_type.data=0 0 0 0 0 0 0 0 0 0 0 0 0 0 0 0 0 0 0 0 1 1 1 1 0 0 0 0 0 0 0 0 0 0 0 0 0 0 0 0 1 1 1 1 1 1 1 0 0 0 0 0 0 0 0 0 0 0 0 0 1 1 1 1 1 1 1 1 1 0 0 0 0 0 0 0 0 0 0 0 1 1 1 1 1 1 1 1 1 1 1 0 0 0 0 0 0 0 0 0 1 1 1 1 1 1 1 1 1 1 1 1 0 0 0 0 0 0 0 0 1 1 1 1 1 1 1 1 1 1 1 1 1 0 0 0 0 0 0 0 1 1 1 1 1 1 1 1 1 1 1 1 1 1 1 0 0 0 0 0 1 1 1 1 1 1 1 1 1 1 1 1 1 1 1 1 0 0 0 0 1 1 1 1 1 1 1 1 1 1 1 1 1 1 1 1 1 0 0 0 1 1 1 1 1 1 1 1 1 1 1 1 1 1 1 1 1 1 0 0 1 1 1 1 1 1 1 1 1 1 1 1 1 1 1 1 1 1 0 0 1 1 1 1 1 1 1 1 1 1 1 1 1 1 1 1 1 1 1 0 1 1 1 1 1 1 1 1 1 1 1 1 1 1 1 1 1 1 1 1 1 1 1 1 1 1 1 1 1 1 1 1 1 1 1 1 1 1 1 1 1 1 1 1 1 1 1 1 1 1 1 1 1 1 1 1 1 1 1 1 1 1 1 1 1 1 1 1 1 1 1 1 1 1 1 1 1 1 1 1 1 1 1 1 1 1 1 1 1 1 1 1 1 1 1 1 1 1 1 1 1 1 1 1 1 1 1 1 1 1 1 1 1 1 1 1 1 1 1 1 1 1 1 1 1 1 1 1 1 1 1 1 1 1 1 1 1 1 1 1 1 1 1 1 1 1 1 1 1 1 1 1 1 1 1 1 1 1 1 1 1 1 1 1 1 1 1 1 1 1 1 1 1 1 1 1 1 1 1 1 1 1 1 1 1 1 1 1 1 1 1 1 1 1 1 1 1 1 1 1 1 1 1 1 1 1 1 1 1 1 1 1 1 1 1 1 1 1 1 1 1 1 1 1 1 1 1 1 1 1 1 1 1 1 1 1 1 1 1 1 1 1 1 1 1 1 1 1 1 1 1 1 1 1 1 1 1 1 1 1 1 1 1 1 1 1 1 1 1 1 1 1 1 1 1 1 1 1 1 1 1 1 1 1 1 1 1 1 1 1 1 1 1 1 1 1 1 1 1 1 1 1 1 1 1 1 1 1 1 1 1 1 1 1 1 1 1 1 1 1 1 1 1 1 1 1 1 1 1 1 1 1 1 1 1 1 1 1 1 1 1 1 1 1 1 1 1 1 1 1 1 1 1 1 1 1 1 1 1 1 1 1 1 1 1 1 1 1 1 1 1 1 1 1 1 1 1 1 1 1 1 1 1 1 1 1 1 1 1 1 1 1 1 1 1 1 1 1 1 1 1 1 1 1 1 1 1 1 1 1 1 1 1 1 1 1 1 1 1 1 1 1 1 1 1 1 1 1 1 1 1 1 1 1 1 1 1 1 1 1 1 1 1 1 1 1 1 1 1 1 1 1 1 1 1 1 1 1 1 1 1 1 1 1 1 1 1 1 1 1 1 1 1 1 1 1 1 1 1 1 1 1 1 1 1 1 1 1 1 1 1 1 1 1 1 1 1 1 1 1 1 1 1 1 1 1 1 1 1 1 1 1 1 1 1 1 1 1 1 1 1 1 1 1 1 1 1 1 1 1 1 1 1 1 1 1 1 1 1 1 1 1 1 1 1 1 1 1 1 1 1 1 1 1 1 1 1 1 1 1 1 1 1 1 1 1 1 1 1 1 1 1 1 1 1 1 1 1 1 1 1 1 1 1 1 1 1 1 1 1 1 1 1 1 1 1 1 1 1 1 1 1 1 1 1 1 1 1 1 1 1 1 1 1 1 1 1 1 1 1 1 1 1 1 1 1 1 1 1 1 1 1 1 1 1 1 1 1 1 1 1 1 1 1 1 1 1 1 1 1 1 1 1 1 1 1 1 1 1 1 1 1 1 1 1 1 1 1 1 1 1 1 1 1 1 1 1 1 1 1 1 1 1 1 1 1 1 1 1 1 1 1 1 1 1 1 1 1 1 1 1 1 1 1 1 1 1 1 1 1 1 1 1 1 1 1 1 1 1 1 1 1 1 1 1 1 1 1 1 1 1 1 1 1 1 1 1 1 1 1 1 1 1 1 1 1 1 1 1 1 1 1 1 1 1 1 1 1 1 1 1 1 1 1 1 1 1 1 1 1 1 1 1 1 1 1 1 1 1 1 1 1 1 1 1 1 1 1 1 1 1 1 1 1 1 1 1 1 1 1 1 1 1 1 1 1 1 1 1 1 1 1 1 1 1 1 1 1 1 1 1 1 1 1 1 1 1 1 1 1 1 1 1 1 1 1 1 1 1 1 1 1 1 1 1 1 1 1 1 1 1 1 1 1 1 1 1 1 1 1 1 1 1 1 1 1 1 1 1 1 1 1 1 1 1 1 1 1 1 1 1 1 1 1 1 1 1 1 1 1 1 1 1 1 1 1 1 1 1 1 1 1 1 1 1 1 1 1 1 1 1 1 1 1 1 1 1 1 1 1 1 1 1 1 1 1 1 1 1 1 1 1 1 1 1 1 1 1 1 1 1 1 1 1 1 1 1 1 1 1 1 1 1 1 1 1 1 1 1 1 1 1 1 1 1 1 1 1 1 1 1 1 1 1 1 1 1 1 1 1 1 1 1 1 1 1 1 1 1 1 1 1 1 1 1 1 1 1 1 1 1 1 1 1 1 1 1 1 1 1 1 1 1 1 1 1 1 1 1 1 1 1 1 1 1 1 1 1 1 1 1 1 1 1 1 1 1 1 1 1 1 1 1 1 1 1 1 1 1 1 1 1 1 1 1 1 1 1 1 1 1 1 1 1 1 1 1 1 1 1 1 1 1 1 1 1 1 1 1 1 1 1 1 1 1 1 1 1 1 1 1 1 1 1 1 1 1 1 1 1 1 1 1 1 1 1 1 1 1 1 1 1 1 1 1 1 1 1 1 1 1 1 1 1 1 1 1 1 1 1 1 1 1 1 1 1 1 1 1 1 1 1 1 1 1 1 1 1 1 1 1 1 1 1 1 1 1 1 1 1 1 1 1 1 1 1 1 1 1 1 1 1 1 1 1 1 1 1 1 1 1 1 1 1 1 1 1 1 1 1 1 1 1 1 1 1 1 1 1 1 1 1 1 1 1 1 1 1 1 1 1 1 1 1 1 1 1 1 1 1 1 1 1 1 1 1 1 1 1 1 1 1 1 1 1 1 1 1 1 1 2 2 2 2 1 1 1 1 1 1 1 1 1 1 1 1 1 1 1 1 2 2 2 2 2 2 1 1 1 1 1 1 1 1 1 1 1 1 1 1 2 2 2 2 2 2 2 2 1 1 1 1 1 1 1 1 1 1 1 1 2 2 2 2 2 2 2 2 2 2 1 1 1 1 1 1 1 1 1 1 2 2 2 2 2 2 2 2 2 2 2 1 1 1 1 1 1 1 1 1 2 2 2 2 2 2 2 2 2 2 2 2 1 1 1 1 1 1 1 1 2 2 2 2 2 2 2 2 2 2 2 2 2 1 1 1 1 1 1 1 2 2 2 2 2 2 2 2 2 2 2 2 2 2 1 1 1 1 1 1 2 2 2 2 2 2 2 2 2 2 2 2 2 2 2 1 1 1 1 1 2 2 2 2 2 2 2 2 2 2 2 2 2 2 2 1 1 1 1 1 2 2 2 2 2 2 2 2 2 2 2 2 2 2 2 2 1 1 1 1 2 2 2 2 2 2 2 2 2 2 2 2 2 2 2 2 2 1 1 1 2 2 2 2 2 2 2 2 2 2 2 2 2 2 2 2 2 1 1 1 2 2 2 2 2 2 2 2 2 2 2 2 2 2 2 2 2 2 1 1 2 2 2 2 2 2 2 2 2 2 2 2 2 2 2 2 2 2 2 1 2 2 2 2 2 2 2 2 2 2 2 2 2 2 2 2 2 2 2 1 2 2 2 2 2 2 2 2 2 2 2 2 2 2 2 2 2 2 2 2 2 2 2 2 2 2 2 2 2 2 2 2 2 2 2 2 2 2 2 2 2 2 2 2 2 2 2 2 2 2 2 2 2 2 2 2 2 2 2 2 2 2 2 2 2 2 2 2 2 2 2 2 2 2 2 2 2 2 2 2 2 2 2 2 2 2 2 2 2 2 2 2 2 2 2 2 2 2 2 2 2 2 2 2 2 2 2 2 2 2 2 2 2 2 2 2 2 2 2 2 2 2 2 2 2 2 2 2 2 2 2 2 2 2 2 2 2 2 2 2 2 2 2 2 2 2 2 2 2 2 2 2 2 2 2 2 2 2 2 2 2 2 2 2 2 2 2 2 2 2 2 2 2 2 2 2 2 2 2 2 2 2 2 2 2 2 2 2 2 2 2 2 2 2 2 2 2 2 2 2 2 2 2 2 2 2 2 2 2 2 2 2 2 2 2 2 2 2 2 2 2 2 2 2 2 2 2 2 2 2 2 2 2 2 2 2 2 2 2 2 2 2 2 2 2 2 2 2 2 2 2 2 2 2 2 2 2 2 2 2 2 2 2 2 2 2 2 2 2 2 2 2 2 2 2 2 2 2 2 2 2 2 2 2 2 2 2 2 2 2 2 2 2 2 2 2 2 2 2 2 2 2 2 2 2 2 2 2 2 2 2 2 2 2 2 2 2 2 2 2 2 2 2 2 2 2 2 2 2 2 2 2 2 2 2 2 2 2 2 2 2 2 2 2 2 2 2 2 2 2 2 2 2 2 2 2 2 2 2 2 2 2 2 2 2 2 2 2 2 2 2 2 2 2 2 2 2 2 2 2 2 2 2 2 2 2 2 2 2 2 2 2 2 2 2 2 2 2 2 2 2 2 2 2 2 2 2 2 2 2 2 2 2 2 2 2 2 2 2 2 2 2 2 2 2 2 2 2 2 2 2 2 2 2 2 2 2 2 2 2 2 2 2 2 2 2 2 2 2 2 2 2 2 2 2 2 2 2 2 2 2 2 2 2 2 2 2 2 2 2 2 2 2 2 2 2 2 2 2 2 2 2 2 2 2 2 2 2 2 2 2 2 2 2 2 2 2 2 2 2 2 2 2 2 2 2 2 2 2 2 2 2 2 2 2 2 2 2 2 2 2 2 2 2 2 2 2 2 2 2 2 2 2 2 2 2 2 2 2 2 2 2 2 2 2 2 2 2 2 2 2 2 2 2 2 2 2 2 2 2 2 2 2 2 2 2 2 2 2 2 2 2 2 2 2 2 2 2 2 2 2 2 2 2 2 2 2 2 2 2 2 2 2 2 2 2 2 2 2 2 2 2 2 2 2 2 2 2 2 2 2 2 2 2 2 2 2 2 2 2 2 2 2 2 2 2 2 2 2 2 2 2 2 2 2 2 2 2 2 2 2 2 2 2 2 2 2 2 2 2 2 2 2 2 2 2 2 2 2 2 2 2 2 2 2 2 2 2 2 2 2 2 2 2 2 2 2 2 2 2 2 2 2 2 2 2 2 2 2 2 2 2 2 2 2 2 2 2 2 2 2 2 2 2 2 2 2 2 2 2 2 2 2 2 2 2 2 2 2 2 2 2 2 2 2 2 2 2 2 2 2 2 2 2 2 2 2 2 2 2 2 2 2 2 2 2 2 2 2 2 2 2 2 2 2 2 2 2 2 2 2 2 2 2 2 2 2 2 2 2 2 2 2 2 2 2 2 2 2 2 2 2 2 2 2 2 2 2 2 2 2 2 2 2 2 2 2 2 2 2 2 2 2 2 2 2 2 2 2 2 2 2 2 2 2 2 2 2 2 2 2 2 2 2 2 2 2 2 2 2 2 2 2 2 2 2 2 2 2 2 2 2 2 2 2 2 2 2 2 2 2 2 2 2 2 2 2 2 2 2 2 2 2 2 2 2 2 2 2 2 2 2 2 2 2 2 2 2 2 2 2 2 2 2 2 2 2 2 2 2 2 2 2 2 2 2 2 2 2 2 2 2 2 2 2 2 2 2 2 2 2 2 2 2 2 2 2 2 2 2 2 2 2 2 2 2 2 2 2 2 2 2 2 2 2 2 2 2 2 2 2 2 2 2 2 2 2 2 2 2 2 2 2 2 2 2 2 2 2 2 2 2 2 2 2 2 2 2 2 2 2 2 2 2 2 2 2 2 2 2 2 2 2 2 2 2 2 2 2 2 2 2 2 2 2 2 2 2 2 2 2 2 2 2 2 2 2 2 2 2 2 2 2 2 2 2 2 2 2 2 2 2 2 2 2 2 2 2 2 2 2 2 2 2 2 2 2 2 2 2 2 2 2 2 2 2 2 2 2 2 2 2 2 2 2 2 2 2 2 2 2 2 2 2 2 2 2 2 2 2 2 2 2 2 2 2 2 2 2 2 2 2 2 2 2 2 2 2 2 2 2 2 2 2 2 2 2 2 2 2 2 2 2 2 2 2 2 2 2 2 2 2 2 2 2 2 2 2 2 2 2 2 2 2 2 2 2 2 2 2 2 2 2 2 2 2 2 2 2 2 2 2 2 2 2 2 2 2 2 2 2 2 2 2 2 2 2 2 2 2 2 2 2 2 2 2 2 2 2 2 2 2 2 2 2 2 2 2 2 2 2 2 2 2 2 2 2 2 2 2 2 2 2 2 2 2 2 2 2 2 2 2 2 2 2 2 2 2 2 2 2 2 2 2 2 2 2 2 2 2 2 2 2 2 2 2 2 2 2 2 2 2 2 2 2 2 2 2 2 2 2 2 2 2 2 2 2 2 2 2 2 2 2 2 2 2 2 2 2 2 2 2 2 2 2 2 2 2 2 2 2 2 2 2 2 2 2 2 2 2 2 2 2 2 2 2 2 2 2 2 2 2 2 2 2 2 2 2 2 2 2 2 2 2 2 2 2 2 2 2 2 2 2 2 2 2 2 2 2 2 2 2 2 2 2 2 2 2 2 2 2 2 2 2 2 2 2 2 2 2 2 2 2 2 2 2 2 2 2 2 2 2 2 2 2 2 2 2 2 2 2 2 2 2 2 2 2 2 2 2 2 2 2 2 2 2 2 2 2 2 2 2 2 2 2 2 2 2 2 2 2 2 2 2 2 2 2 2 2 2 2 2 2 2 2 2 2 2 2 2 2 2 2 2 2 2 2 2 2 2 2 2 2 2 2 2 2 2 2 2 2 2 2 2 2 2 2 2 2 2 2 2 2 2 2 2 2 2 2 2 2 2 2 2 2 2 2 2 2 2 2 2 2 2 2 2 2 2 2 2 2 2 2 2 2 2 2 2 2 2 2 2 2 2 2 2 2 2 2 2 2 2 2 2 2 2 2 2 2 2 2 2 2 2 2 2 2 2 2 2 2 2 2 2 2 2 2 2 2 2 2 2 2 2 2 2 2 2 2 2 2 2 2 2 2 2 2 2 2 2 2 2 2 2 2 2 2 2 2 2 2 2 2 2 2 2 2 2 2 2 2 2 2 2 2 2 2 2 2 2 2 2 2 2 2 2 2 2 2 2 2 2 2 2 2 2 2 2 2 2 2 2 2 2 2 2 2 2 2 2 2 2 2 2 2 2 2 2 2 2 2 2 2 2 2 2 2 2 2 2 2 2 2 2 2 2 2 2 2 2 2 2 2 2 2 2 2 2 2 2 2 2 2 2 2 2 2 2 2 2 2 2 2 2 2 2 2 2 2 2 2 2 2 2 2 2 2 2 2 2 2 2 2 2 2 2 2 2 2 2 1 1 1 2 2 2 2 2 2 2 2 2 2 2 2 2 2 2 2 2 1 1 1 1 1 1 2 2 2 2 2 2 2 2 2 2 2 2 2 2 1 1 1 1 1 1 1 2 2 2 2 2 2 2 2 2 2 2 2 2 1 1 1 1 1 1 1 1 2 2 2 2 2 2 2 2 2 2 2 2 1 1 1 1 1 1 1 1 1 2 2 2 2 2 2 2 2 2 2 2 1 1 1 1 1 1 1 1 1 1 2 2 2 2 2 2 2 2 2 2 1 1 1 1 1 1 1 1 1 1 1 2 2 2 2 2 2 2 2 2 1 1 1 1 1 1 1 1 1 1 1 1 2 2 2 2 2 2 2 2 1 1 1 1 1 1 1 1 1 1 1 1 2 2 2 2 2 2 2 2 1 1 1 1 1 1 1 1 1 1 1 1 1 2 2 2 2 2 2 2 1 1 1 1 1 1 1 1 1 1 1 1 1 1 2 2 2 2 2 2 0 0 0 0 1 1 1 1 1 1 1 1 1 1 2 2 2 2 2 2 0 0 0 0 0 0 1 1 1 1 1 1 1 1 1 2 2 2 2 2 0 0 0 0 0 0 0 1 1 1 1 1 1 1 1 2 2 2 2 2 0 0 0 0 0 0 0 0 1 1 1 1 1 1 1 1 2 2 2 2 0 0 0 0 0 0 0 0 0 1 1 1 1 1 1 1 1 2 2 2 0 0 0 0 0 0 0 0 0 0 1 1 1 1 1 1 1 2 2 2 0 0 0 0 0 0 0 0 0 0 0 1 1 1 1 1 1 1 2 2 0 0 0 0 0 0 0 0 0 0 0 0 1 1 1 1 1 1 2 2 0 0 0 0 0 0 0 0 0 0 0 0 0 1 1 1 1 1 2 2 0 0 0 0 0 0 0 0 0 0 0 0 0 1 1 1 1 1 1 2 0 0 0 0 0 0 0 0 0 0 0 0 0 0 1 1 1 1 1 2 0 0 0 0 0 0 0 0 0 0 0 0 0 0 1 1 1 1 1 1 0 0 0 0 0 0 0 0 0 0 0 0 0 0 0 1 1 1 1 1 0 0 0 0 0 0 0 0 0 0 0 0 0 0 0 1 1 1 1 1 0 0 0 0 0 0 0 0 0 0 0 0 0 0 0 0 1 1 1 1 0 0 0 0 0 0 0 0 0 0 0 0 0 0 0 0 0 1 1 1 0 0 0 0 0 0 0 0 0 0 0 0 0 0 0 0 0 1 1 1 0 0 0 0 0 0 0 0 0 0 0 0 0 0 0 0 0 1 1 1 0 0 0 0 0 0 0 0 0 0 0 0 0 0 0 0 0 0 1 1 0 0 0 0 0 0 0 0 0 0 0 0 0 0 0 0 0 0 1 1 0 0 0 0 0 0 0 0 0 0 0 0 0 0 0 0 0 0 0 1 0 0 0 0 0 0 0 0 0 0 0 0 0 0 0 0 0 0 0 1 0 0 0 0 0 0 0 0 0 0 0 0 0 0 0 0 0 0 0 0 0 0 0 0 0 0 0 0 0 0 0 0 0 0 0 0 0 0 0 0 0 0 0 0 0 0 0 0 0 0 0 0 0 0 0 0 0 0 0 0 0 0 0 0 0 0 0 0 0 0 0 0 0 0 0 0 0 0 0 0 0 0 0 0 0 0 0 0 0 0 0 0 0 0 0 0 0 0 0 0 0 0 0 0 0 0 0 0 0 0 0 0 0 0 0 0 0 0 0 0 0 0 0 0 0 0 0 0 0 0 0 0 0 0 0 0 0 0 0 0 0 0 0 0 0 0 0 0 0 0 0 0 0 0 0 0 0 0 0 0 0 0 0 0 0 0 0 0 0 0 0 0 0 0 0 0 0 0 0 0 0 0 0 0 0 0 0 0 0 0 0 0 0 0 0 0 0 0 0 0 0 0 0 0 0 0 0 0 0 0 0 0 0 0 0 0 0 0 0 0 0 0 0 0 0 0 0 0 0 0 0 0 0 0 0 0 0 0 0 0 0 0 0 0 0 0 0 0 0 0 0 0 0 0 0 0 0 0 0 0 0 0 0 0 0 0 0 0 0 0 0 0 0 0 0 0 0 0 0 0 0 0 0 0 0 0 0 0 0 0 0 0 0 0 0 0 0 0 0 0 0 0 0 0 0 0 0 0 0 0 0 0 0 0 0 0 0 0 0 0 0 0 0 0 0 0 0 0 0 0 0 0 0 0 0 0 0 0 0 0 0 0 0 0 0 0 0 0 0 0 0 0 0 0 0 0 0 0 0 0 0 0 0 0 0 0 0 0 0 0 0 0 0 0 0 0 0 0 0 0 0 0 0 0 0 0 0 0 0 0 0 0 0 0 0 0 0 0 0 0 0 0 0 0 0 0 0 0 0 0 0 0 0 0 0 0 0 0 0 0 0 0 0 0 0 0 0 0 0 0 0 0 0 0 0 0 0 0 0 0 0 0 0 0 0 0 0 0 0 0 0 0 0 0 0 0 0 0 0 0 0 0 0 0 0 0 0 0 0 0 0 0 0 0 0 0 0 0 0 0 0 0 0 0 0 0 0 0 0 0 0 0 0 0 0 0 0 0 0 0 0 0 0 0 0 0 0 0 0 0 0 0 0 0 0 0 0 0 0 0 0 0 0 0 0 0 0 0 0 0 0 0 0 0 0 0 0 0 0 0 0 0 0 0 0 0 0 0 0 0 0 0 0 0 0 0 0 0 0 0 0 0 0 0 0 0 0 0 0 0 0 0 0 0 0 0 0 0 0 0 0 0 0 0 0 0 0 0 0 0 0 0 0 0 0 0 0 0 0 0 0 0 0 0 0 0 0 0 0 0 0 0 0 0 0 0 0 0 0 0 0 0 0 0 0 0 0 0 0 0 0 0 0 0 0 0 0 0 0 0 0 0 0 0 0 0 0 0 0 0 0 0 0 0 0 0 0 0 0 0 0 0 0 0 0 0 0 0 0 0 0 0 0 0 0 0 0 0 0 0 0 0 0 0 0 0 0 0 0 0 0 0 0 0 0 0 0 0 0 0 0 0 0 0 0 0 0 0 0 0 0 0 0 0 0 0 0 0 0 0 0 0 0 0 0 0 0 0 0 0 0 0 0 0 0 0 0 0 0 0 0 0 0 0 0 0 0 0 0 0 0 0 0 0 0 0 0 0 0 0 0 0 0 0 0 0 0 0 0 0 0 0 0 0 0 0 0 0 0 0 0 0 0 0 0 0 0 0 0 0 0 0 0 0 0 0 0 0 0 0 0 0 0 0 0 0 0 0 0 0 0 0 0 0 0 0 0 0 0 0 0 0 0 0 0 0 0 0 0 0 0 0 0 0 0 0 0 0 0 0 0 0 0 0 0 0 0 0 0 0 0 0 0 0 0 0 0 0 0 0 0 0 0 0 0 0 0 0 0 0 0 0 0 0 0 0 0 0 0 0 0 0 0 0 0 0 0 0 0 0 0 0 0 0 0 0 0 0 0 0 0 0 0 0 0 0 0 0 0 0 0 0 0 0 0 0 0 0 0 0 0 0 0 0 0 0 0 0 0 0 0 0 0 0 0 0 0 0 0 0 0 0 0 0 0 0 0 0 0 0 0 0 0 0 0 0 0 0 0 0
estimated_attenuation.size=5120
estimated_attenuation.data=0.00 0.00 0.00 0.00 0.00 0.00 0.00 0.00 0.00 0.00 0.00 0.00 0.00 0.00 0.00 0.00 0.00 0.00 0.00 0.00 0.00 0.00 0.00 0.00 0.00 0.00 0.00 0.00 0.00 0.00 0.00 0.00 0.00 0.00 0.00 0.00 0.00 0.00 0.00 0.00 0.00 0.00 0.00 0.00 0.00 0.00 0.00 0.00 0.00 0.00 0.00 0.00 0.00 0.00 0.00 0.00 0.00 0.00 0.00 0.00 0.00 0.00 0.00 0.01 0.00 0.00 0.01 0.01 0.00 0.00 0.00 0.00 0.00 0.00 0.00 0.00 0.00 0.00 0.00 0.00 0.01 0.00 0.01 0.01 0.01 0.01 0.01 0.01 0.01 0.01 0.00 0.00 0.00 0.00 0.00 0.00 0.00 0.00 0.00 0.00 0.01 0.01 0.01 0.01 0.01 0.01 0.01 0.02 0.01 0.02 0.00 0.00 0.00 0.00 0.00 0.00 0.00 0.00 0.00 0.00 0.01 0.01 0.01 0.01 0.01 0.01 0.01 0.02 0.02 0.02 0.00 0.00 0.00 0.00 0.00 0.00 0.00 0.00 0.00 0.00 0.01 0.01 0.01 0.01 0.01 0.02 0.02 0.03 0.02 0.03 0.00 0.00 0.00 0.00 0.00 0.00 0.00 0.00 0.00 0.00 0.01 0.01 0.01 0.02 0.01 0.02 0.02 0.03 0.03 0.05 0.00 0.00 0.00 0.00 0.00 0.00 0.00 0.00 0.00 0.00 0.01 0.01 0.02 0.02 0.02 0.02 0.02 0.04 0.03 0.06 0.00 0.00 0.00 0.00 0.00 0.00 0.00 0.00 0.00 0.00 0.01 0.01 0.02 0.02 0.02 0.02 0.03 0.04 0.04 0.07 0.00 0.00 0.00 0.00 0.00 0.00 0.00 0.00 0.00 0.00 0.01 0.01 0.02 0.02 0.02 0.03 0.03 0.05 0.05 0.08 0.00 0.00 0.00 0.00 0.00 0.00 0.00 0.00 0.00 0.00 0.02 0.02 0.02 0.02 0.02 0.03 0.03 0.05 0.05 0.09 0.00 0.00 0.00 0.00 0.00 0.00 0.00 0.00 0.00 0.00 0.02 0.02 0.02 0.02 0.02 0.03 0.03 0.05 0.06 0.11 0.00 0.00 0.00 0.00 0.00 0.00 0.00 0.00 0.00 0.00 0.02 0.02 0.02 0.03 0.03 0.03 0.04 0.06 0.06 0.12 0.00 0.00 0.00 0.00 0.00 0.00 0.00 0.00 0.00 0.00 0.02 0.02 0.02 0.03 0.03 0.03 0.04 0.07 0.07 0.14 0.00 0.00 0.00 0.00 0.00 0.00 0.00 0.00 0.00 0.00 0.02 0.02 0.03 0.03 0.03 0.04 0.04 0.07 0.07 0.15 0.00 0.00 0.00 0.00 0.00 0.00 0.00 0.00 0.00 0.00 0.02 0.02 0.03 0.03 0.03 0.04 0.05 0.08 0.07 0.16 0.00 0.00 0.00 0.00 0.00 0.00 0.00 0.00 0.00 0.00 0.02 0.02 0.03 0.03 0.04 0.05 0.05 0.08 0.08 0.17 0.00 0.00 0.00 0.00 0.00 0.00 0.00 0.00 0.00 0.00 0.03 0.03 0.03 0.03 0.04 0.05 0.05 0.09 0.09 0.18 0.00 0.00 0.00 0.00 0.00 0.00 0.00 0.00 0.00 0.00 0.03 0.03 0.03 0.04 0.04 0.05 0.06 0.09 0.09 0.20 0.00 0.00 0.00 0.00 0.00 0.00 0.00 0.00 0.00 0.00 0.03 0.03 0.03 0.04 0.05 0.05 0.06 0.10 0.09 0.20 0.00 0.00 0.00 0.00 0.00 0.00 0.00 0.00 0.00 0.00 0.03 0.03 0.03 0.04 0.05 0.06 0.06 0.10 0.10 0.24 0.00 0.00 0.00 0.00 0.00 0.00 0.00 0.00 0.00 0.00 0.03 0.03 0.04 0.04 0.05 0.06 0.07 0.11 0.11 0.27 0.00 0.00 0.00 0.00 0.00 0.00 0.00 0.00 0.00 0.00 0.03 0.04 0.04 0.04 0.05 0.06 0.07 0.11 0.12 0.27 0.00 0.00 0.00 0.00 0.00 0.00 0.00 0.00 0.00 0.00 0.03 0.04 0.04 0.04 0.06 0.06 0.07 0.11 0.12 0.27 0.00 0.00 0.00 0.00 0.00 0.00 0.00 0.00 0.00 0.00 0.04 0.04 0.04 0.05 0.06 0.07 0.08 0.12 0.13 0.27 0.00 0.00 0.00 0.00 0.00 0.00 0.00 0.00 0.00 0.00 0.04 0.04 0.04 0.05 0.06 0.07 0.08 0.12 0.13 0.27 0.00 0.00 0.00 0.00 0.00 0.00 0.00 0.00 0.00 0.00 0.04 0.04 0.04 0.05 0.06 0.08 0.09 0.13 0.13 0.27 0.00 0.00 0.00 0.00 0.00 0.00 0.00 0.00 0.00 0.00 0.04 0.04 0.04 0.05 0.07 0.08 0.09 0.13 0.14 0.27 0.00 0.00 0.00 0.00 0.00 0.00 0.00 0.00 0.00 0.00 0.04 0.04 0.05 0.05 0.07 0.08 0.09 0.13 0.15 0.27 0.00 0.00 0.00 0.00 0.00 0.00 0.00 0.00 0.00 0.00 0.04 0.04 0.05 0.06 0.07 0.08 0.09 0.14 0.15 0.27 0.00 0.00 0.00 0.00 0.00 0.00 0.00 0.00 0.00 0.00 0.05 0.04 0.05 0.06 0.07 0.09 0.10 0.14 0.16 0.27 0.00 0.00 0.00 0.00 0.00 0.00 0.00 0.00 0.00 0.00 0.05 0.05 0.05 0.06 0.08 0.09 0.10 0.14 0.16 0.27 0.00 0.00 0.00 0.00 0.00 0.00 0.00 0.00 0.00 0.00 0.05 0.05 0.05 0.06 0.08 0.09 0.10 0.15 0.17 0.27 0.00 0.00 0.00 0.00 0.00 0.00 0.00 0.00 0.00 0.00 0.05 0.05 0.05 0.07 0.09 0.10 0.10 0.15 0.17 0.27 0.00 0.00 0.00 0.00 0.00 0.00 0.00 0.00 0.00 0.00 0.05 0.05 0.05 0.07 0.09 0.10 0.11 0.15 0.18 0.27 0.00 0.00 0.00 0.00 0.00 0.00 0.00 0.00 0.00 0.00 0.05 0.05 0.06 0.07 0.10 0.11 0.11 0.16 0.19 0.27 0.00 0.00 0.00 0.00 0.00 0.00 0.00 0.00 0.00 0.00 0.05 0.05 0.06 0.07 0.10 0.11 0.12 0.17 0.19 0.27 0.00 0.00 0.00 0.00 0.00 0.00 0.00 0.00 0.00 0.00 0.05 0.05 0.06 0.07 0.10 0.11 0.12 0.18 0.20 0.27 0.00 0.00 0.00 0.00 0.00 0.00 0.00 0.00 0.00 0.00 0.05 0.05 0.06 0.08 0.10 0.12 0.13 0.18 0.21 0.27 0.00 0.00 0.00 0.00 0.00 0.00 0.00 0.00 0.00 0.00 0.06 0.05 0.06 0.08 0.10 0.12 0.13 0.19 0.24 0.27 0.00 0.00 0.00 0.00 0.00 0.00 0.00 0.00 0.00 0.00 0.06 0.06 0.06 0.08 0.10 0.12 0.13 0.19 0.25 0.27 0.00 0.00 0.00 0.00 0.00 0.00 0.00 0.00 0.00 0.00 0.06 0.06 0.07 0.08 0.11 0.13 0.14 0.20 0.27 0.27 0.00 0.00 0.00 0.00 0.00 0.00 0.00 0.00 0.00 0.00 0.06 0.06 0.07 0.09 0.11 0.13 0.14 0.20 0.29 0.27 0.00 0.00 0.00 0.00 0.00 0.00 0.00 0.00 0.00 0.00 0.06 0.06 0.07 0.09 0.11 0.13 0.15 0.21 0.32 0.27 0.00 0.00 0.00 0.00 0.00 0.00 0.00 0.00 0.00 0.00 0.06 0.06 0.07 0.09 0.11 0.14 0.15 0.21 0.32 0.27 0.00 0.00 0.00 0.00 0.00 0.00 0.00 0.00 0.00 0.00 0.06 0.06 0.07 0.09 0.12 0.14 0.15 0.22 0.35 0.27 0.00 0.00 0.00 0.00 0.00 0.00 0.00 0.00 0.00 0.00 0.06 0.06 0.07 0.09 0.12 0.14 0.16 0.22 0.44 0.27 0.00 0.00 0.00 0.00 0.00 0.00 0.00 0.00 0.00 0.00 0.07 0.06 0.07 0.09 0.12 0.14 0.16 0.23 0.48 0.27 0.00 0.00 0.00 0.00 0.00 0.00 0.00 0.00 0.00 0.00 0.07 0.07 0.07 0.09 0.12 0.15 0.17 0.24 0.50 0.27 0.00 0.00 0.00 0.00 0.00 0.00 0.00 0.00 0.00 0.00 0.07 0.07 0.08 0.10 0.13 0.15 0.17 0.24 0.50 0.27 0.00 0.00 0.00 0.00 0.00 0.00 0.00 0.00 0.00 0.00 0.07 0.07 0.08 0.10 0.13 0.15 0.18 0.25 0.50 0.27 0.00 0.00 0.00 0.00 0.00 0.00 0.00 0.00 0.00 0.00 0.07 0.07 0.08 0.11 0.13 0.15 0.18 0.26 0.50 0.27 0.00 0.00 0.00 0.00 0.00 0.00 0.00 0.00 0.00 0.00 0.07 0.07 0.08 0.11 0.14 0.16 0.19 0.26 0.50 0.27 0.00 0.00 0.00 0.00 0.00 0.00 0.00 0.00 0.00 0.00 0.07 0.07 0.08 0.11 0.14 0.16 0.19 0.26 0.50 0.27 0.00 0.00 0.00 0.00 0.00 0.00 0.00 0.00 0.00 0.00 0.08 0.07 0.08 0.11 0.14 0.17 0.20 0.26 0.50 0.27 0.00 0.00 0.00 0.00 0.00 0.00 0.00 0.00 0.00 0.00 0.08 0.08 0.08 0.11 0.14 0.17 0.20 0.27 0.50 0.27 0.00 0.00 0.00 0.00 0.00 0.00 0.00 0.00 0.00 0.00 0.08 0.08 0.09 0.11 0.15 0.18 0.21 0.28 0.50 0.27 0.00 0.00 0.00 0.00 0.00 0.00 0.00 0.00 0.00 0.00 0.08 0.08 0.09 0.12 0.15 0.18 0.22 0.29 0.50 0.27 0.00 0.00 0.00 0.00 0.00 0.00 0.00 0.00 0.00 0.00 0.08 0.08 0.09 0.12 0.15 0.19 0.22 0.30 0.50 0.27 0.00 0.00 0.00 0.00 0.00 0.00 0.00 0.00 0.00 0.00 0.08 0.08 0.09 0.12 0.15 0.19 0.22 0.31 0.50 0.27 0.00 0.00 0.00 0.00 0.00 0.00 0.00 0.00 0.00 0.00 0.08 0.08 0.09 0.12 0.16 0.19 0.23 0.32 0.50 0.27 0.00 0.00 0.00 0.00 0.00 0.00 0.00 0.00 0.00 0.00 0.08 0.08 0.09 0.12 0.16 0.20 0.25 0.32 0.50 0.27 0.00 0.00 0.00 0.00 0.00 0.00 0.00 0.00 0.00 0.00 0.09 0.08 0.09 0.13 0.16 0.20 0.25 0.33 0.50 0.27 0.00 0.00 0.00 0.00 0.00 0.00 0.00 0.00 0.00 0.00 0.09 0.08 0.10 0.13 0.17 0.21 0.26 0.34 0.50 0.27 0.00 0.00 0.00 0.00 0.00 0.00 0.00 0.00 0.00 0.00 0.09 0.09 0.10 0.13 0.17 0.21 0.26 0.35 0.50 0.27 0.00 0.00 0.00 0.00 0.00 0.00 0.00 0.00 0.00 0.00 0.09 0.09 0.10 0.13 0.17 0.21 0.26 0.35 0.50 0.27 0.00 0.00 0.00 0.00 0.00 0.00 0.00 0.00 0.00 0.00 0.09 0.09 0.10 0.13 0.18 0.22 0.27 0.36 0.50 0.27 0.00 0.00 0.00 0.00 0.00 0.00 0.00 0.00 0.00 0.00 0.09 0.09 0.10 0.14 0.18 0.22 0.27 0.37 0.50 0.27 0.00 0.00 0.00 0.00 0.00 0.00 0.00 0.00 0.00 0.00 0.09 0.09 0.11 0.14 0.18 0.22 0.28 0.38 0.50 0.27 0.00 0.00 0.00 0.00 0.00 0.00 0.00 0.00 0.00 0.00 0.09 0.09 0.11 0.14 0.19 0.23 0.28 0.39 0.50 0.27 0.00 0.00 0.00 0.00 0.00 0.00 0.00 0.00 0.00 0.00 0.10 0.09 0.11 0.14 0.19 0.23 0.28 0.42 0.50 0.27 0.00 0.00 0.00 0.00 0.00 0.00 0.00 0.00 0.00 0.00 0.10 0.09 0.11 0.15 0.19 0.23 0.28 0.43 0.50 0.27 0.00 0.00 0.00 0.00 0.00 0.00 0.00 0.00 0.00 0.00 0.10 0.10 0.11 0.15 0.20 0.24 0.30 0.46 0.50 0.27 0.00 0.00 0.00 0.00 0.00 0.00 0.00 0.00 0.00 0.00 0.11 0.11 0.12 0.18 0.20 0.24 0.30 0.47 0.50 0.27 0.00 0.00 0.00 0.00 0.00 0.00 0.00 0.00 0.00 0.00 0.13 0.12 0.14 0.21 0.24 0.31 0.31 0.49 0.50 0.27 0.00 0.00 0.00 0.00 0.00 0.00 0.00 0.00 0.00 0.00 0.15 0.16 0.17 0.26 0.26 0.33 0.38 0.50 0.50 0.27 0.00 0.00 0.00 0.00 0.00 0.00 0.00 0.00 0.00 0.00 0.16 0.18 0.21 0.30 0.30 0.36 0.43 0.58 0.50 0.27 0.00 0.00 0.00 0.00 0.00 0.00 0.00 0.00 0.00 0.00 0.19 0.23 0.23 0.32 0.32 0.41 0.58 0.65 0.50 0.27 0.00 0.00 0.00 0.00 0.00 0.00 0.00 0.00 0.00 0.00 0.21 0.25 0.26 0.33 0.33 0.44 0.63 0.70 0.50 0.27 0.00 0.00 0.00 0.00 0.00 0.00 0.00 0.00 0.00 0.00 0.23 0.26 0.27 0.34 0.36 0.51 0.68 0.71 0.50 0.27 0.00 0.00 0.00 0.00 0.00 0.00 0.00 0.00 0.00 0.00 0.24 0.27 0.30 0.39 0.38 0.53 0.76 0.77 0.50 0.27 0.00 0.00 0.00 0.00 0.00 0.00 0.00 0.00 0.00 0.00 0.27 0.29 0.32 0.45 0.46 0.61 0.86 0.90 0.50 0.27 0.00 0.00 0.00 0.00 0.00 0.00 0.00 0.00 0.00 0.00 0.28 0.31 0.33 0.49 0.48 0.65 0.91 0.96 0.50 0.27 0.00 0.00 0.00 0.00 0.00 0.00 0.00 0.00 0.00 0.00 0.30 0.32 0.36 0.51 0.52 0.68 1.02 1.01 0.50 0.27 0.00 0.00 0.00 0.00 0.00 0.00 0.00 0.00 0.00 0.00 0.32 0.34 0.38 0.54 0.55 0.72 1.06 1.04 0.50 0.27 0.00 0.00 0.00 0.00 0.00 0.00 0.00 0.00 0.00 0.00 0.35 0.37 0.39 0.56 0.58 0.75 1.13 1.11 0.50 0.27 0.00 0.00 0.00 0.00 0.00 0.00 0.00 0.00 0.00 0.00 0.37 0.37 0.42 0.60 0.60 0.82 1.35 1.17 0.50 0.27 0.00 0.00 0.00 0.00 0.00 0.00 0.00 0.00 0.00 0.00 0.39 0.38 0.43 0.65 0.63 0.93 1.38 1.20 0.50 0.27 0.00 0.00 0.00 0.00 0.00 0.00 0.00 0.00 0.00 0.00 0.42 0.41 0.46 0.70 0.66 0.99 1.46 1.49 0.50 0.27 0.00 0.00 0.00 0.00 0.00 0.00 0.00 0.00 0.00 0.00 0.43 0.42 0.47 0.72 0.72 1.02 1.58 1.59 0.50 0.27 0.00 0.00 0.00 0.00 0.00 0.00 0.00 0.00 0.00 0.00 0.44 0.43 0.48 0.75 0.74 1.07 1.60 1.63 0.50 0.27 0.00 0.00 0.00 0.00 0.00 0.00 0.00 0.00 0.00 0.00 0.46 0.44 0.53 0.81 0.79 1.16 1.66 1.67 0.50 0.27 0.00 0.00 0.00 0.00 0.00 0.00 0.00 0.00 0.00 0.00 0.47 0.46 0.54 0.85 0.81 1.21 1.69 1.67 0.50 0.27 0.00 0.00 0.00 0.00 0.00 0.00 0.00 0.00 0.00 0.00 0.56 0.48 0.56 0.87 0.83 1.23 1.83 1.67 0.50 0.27 0.00 0.00 0.00 0.00 0.00 0.00 0.00 0.00 0.00 0.00 0.58 0.49 0.58 0.88 0.92 1.30 1.85 1.67 0.50 0.27 0.00 0.00 0.00 0.00 0.00 0.00 0.00 0.00 0.00 0.00 0.60 0.51 0.60 0.92 1.01 1.35 1.96 1.67 0.50 0.27 0.00 0.00 0.00 0.00 0.00 0.00 0.00 0.00 0.00 0.00 0.62 0.52 0.62 0.94 1.02 1.42 2.03 1.67 0.50 0.27 0.00 0.00 0.00 0.00 0.00 0.00 0.00 0.00 0.00 0.00 0.66 0.54 0.67 0.96 1.07 1.48 2.06 1.67 0.50 0.27 0.00 0.00 0.00 0.00 0.00 0.00 0.00 0.00 0.00 0.00 0.67 0.55 0.71 0.98 1.11 1.51 2.11 1.67 0.50 0.27 0.00 0.00 0.00 0.00 0.00 0.00 0.00 0.00 0.00 0.00 0.69 0.59 0.73 1.04 1.22 1.55 2.14 1.67 0.50 0.27 0.00 0.00 0.00 0.00 0.00 0.00 0.00 0.00 0.00 0.00 0.73 0.60 0.76 1.13 1.27 1.59 2.20 1.67 0.50 0.27 0.00 0.00 0.00 0.00 0.00 0.00 0.00 0.00 0.00 0.00 0.75 0.61 0.80 1.16 1.29 1.65 2.26 1.67 0.50 0.27 0.00 0.00 0.00 0.00 0.00 0.00 0.00 0.00 0.00 0.00 0.76 0.62 0.85 1.17 1.35 1.80 2.30 1.67 0.50 0.27 0.00 0.00 0.00 0.00 0.00 0.00 0.00 0.00 0.00 0.00 0.78 0.64 0.86 1.19 1.38 1.88 2.50 1.67 0.50 0.27 0.00 0.00 0.00 0.00 0.00 0.00 0.00 0.00 0.00 0.00 0.83 0.66 0.89 1.28 1.41 1.93 2.53 1.67 0.50 0.27 0.00 0.00 0.00 0.00 0.00 0.00 0.00 0.00 0.00 0.00 0.87 0.67 0.91 1.29 1.44 1.96 2.64 1.67 0.50 0.27 0.00 0.00 0.00 0.00 0.00 0.00 0.00 0.00 0.00 0.00 0.89 0.69 0.95 1.32 1.46 2.04 2.69 1.67 0.50 0.27 0.00 0.00 0.00 0.00 0.00 0.00 0.00 0.00 0.00 0.00 0.90 0.70 0.96 1.36 1.49 2.06 2.83 1.67 0.50 0.27 0.00 0.00 0.00 0.00 0.00 0.00 0.00 0.00 0.00 0.00 0.94 0.73 0.99 1.38 1.54 2.09 2.91 1.67 0.50 0.27 0.00 0.00 0.00 0.00 0.00 0.00 0.00 0.00 0.00 0.00 0.99 0.75 1.06 1.39 1.59 2.19 3.03 1.67 0.50 0.27 0.00 0.00 0.00 0.00 0.00 0.00 0.00 0.00 0.00 0.00 0.99 0.75 1.07 1.41 1.62 2.31 3.08 1.67 0.50 0.27 0.00 0.00 0.00 0.00 0.00 0.00 0.00 0.00 0.00 0.00 1.01 0.78 1.09 1.43 1.64 2.35 3.17 1.67 0.50 0.27 0.00 0.00 0.00 0.00 0.00 0.00 0.00 0.00 0.00 0.00 1.01 0.80 1.12 1.45 1.68 2.39 3.24 1.67 0.50 0.27 0.00 0.00 0.00 0.00 0.00 0.00 0.00 0.00 0.00 0.00 1.03 0.81 1.14 1.46 1.75 2.43 3.33 1.67 0.50 0.27 0.00 0.00 0.00 0.00 0.00 0.00 0.00 0.00 0.00 0.00 1.06 0.83 1.18 1.50 1.80 2.47 3.38 1.67 0.50 0.27 0.00 0.00 0.00 0.00 0.00 0.00 0.00 0.00 0.00 0.00 1.08 0.84 1.20 1.54 1.85 2.50 3.44 1.67 0.50 0.27 0.00 0.00 0.00 0.00 0.00 0.00 0.00 0.00 0.00 0.00 1.14 0.85 1.21 1.57 1.87 2.54 3.55 1.67 0.50 0.27 0.00 0.00 0.00 0.00 0.00 0.00 0.00 0.00 0.00 0.00 1.18 0.86 1.25 1.58 1.90 2.61 3.58 1.67 0.50 0.27 0.00 0.00 0.00 0.00 0.00 0.00 0.00 0.00 0.00 0.00 1.22 0.87 1.28 1.61 1.92 2.63 3.62 1.67 0.50 0.27 0.00 0.00 0.00 0.00 0.00 0.00 0.00 0.00 0.00 0.00 1.22 0.88 1.31 1.64 2.02 2.67 3.66 1.67 0.50 0.27 0.00 0.00 0.00 0.00 0.00 0.00 0.00 0.00 0.00 0.00 1.24 0.90 1.33 1.66 2.06 2.71 3.68 1.67 0.50 0.27 0.00 0.00 0.00 0.00 0.00 0.00 0.00 0.00 0.00 0.00 1.27 0.92 1.35 1.67 2.10 2.74 3.76 1.67 0.50 0.27 0.00 0.00 0.00 0.00 0.00 0.00 0.00 0.00 0.00 0.00 1.30 0.95 1.36 1.73 2.15 2.77 3.85 1.67 0.50 0.27 0.00 0.00 0.00 0.00 0.00 0.00 0.00 0.00 0.00 0.00 1.31 0.96 1.38 1.75 2.18 2.81 3.95 1.67 0.50 0.27 0.00 0.00 0.00 0.00 0.00 0.00 0.00 0.00 0.00 0.00 1.33 0.98 1.40 1.77 2.21 2.86 4.05 1.67 0.50 0.27 0.00 0.00 0.00 0.00 0.00 0.00 0.00 0.00 0.00 0.00 1.38 1.04 1.43 1.79 2.22 2.89 4.18 1.67 0.50 0.27 0.00 0.00 0.00 0.00 0.00 0.00 0.00 0.00 0.00 0.00 1.40 1.06 1.44 1.83 2.30 2.96 4.27 1.67 0.50 0.27 0.00 0.00 0.00 0.00 0.00 0.00 0.00 0.00 0.00 0.00 1.41 1.07 1.47 1.86 2.34 2.98 4.34 1.67 0.50 0.27 0.00 0.00 0.00 0.00 0.00 0.00 0.00 0.00 0.00 0.00 1.44 1.11 1.51 1.88 2.45 3.02 4.49 1.67 0.50 0.27 0.00 0.00 0.00 0.00 0.00 0.00 0.00 0.00 0.00 0.00 1.47 1.14 1.52 1.91 2.49 3.05 4.55 1.67 0.50 0.27 0.00 0.00 0.00 0.00 0.00 0.00 0.00 0.00 0.00 0.00 1.50 1.15 1.53 1.97 2.52 3.09 4.72 1.67 0.50 0.27 0.00 0.00 0.00 0.00 0.00 0.00 0.00 0.00 0.00 0.00 1.50 1.17 1.56 1.98 2.67 3.15 4.86 1.67 0.50 0.27 0.00 0.00 0.00 0.00 0.00 0.00 0.00 0.00 0.00 0.00 1.52 1.18 1.58 2.02 2.70 3.22 4.96 1.67 0.50 0.27 0.00 0.00 0.00 0.00 0.00 0.00 0.00 0.00 0.00 0.00 1.53 1.19 1.60 2.07 2.75 3.34 5.13 1.67 0.50 0.27 0.00 0.00 0.00 0.00 0.00 0.00 0.00 0.00 0.00 0.00 1.56 1.21 1.62 2.12 2.79 3.46 5.18 1.67 0.50 0.27 0.00 0.00 0.00 0.00 0.00 0.00 0.00 0.00 0.00 0.00 1.57 1.23 1.64 2.14 2.83 3.51 5.22 1.67 0.50 0.27 0.00 0.00 0.00 0.00 0.00 0.00 0.00 0.00 0.00 0.00 1.58 1.25 1.70 2.16 2.86 3.63 5.26 1.67 0.50 0.27 0.00 0.00 0.00 0.00 0.00 0.00 0.00 0.00 0.00 0.00 1.62 1.27 1.76 2.22 2.88 3.83 5.30 1.67 0.50 0.27 0.00 0.00 0.00 0.00 0.00 0.00 0.00 0.00 0.00 0.00 1.64 1.28 1.78 2.26 2.92 3.88 5.43 1.67 0.50 0.27 0.00 0.00 0.00 0.00 0.00 0.00 0.00 0.00 0.00 0.00 1.66 1.29 1.79 2.27 2.95 3.95 5.43 1.67 0.50 0.27 0.00 0.00 0.00 0.00 0.00 0.00 0.00 0.00 0.00 0.00 1.67 1.30 1.81 2.39 2.98 4.02 5.43 1.67 0.50 0.27 0.00 0.00 0.00 0.00 0.00 0.00 0.00 0.00 0.00 0.00 1.69 1.33 1.84 2.41 3.01 4.06 5.43 1.67 0.50 0.27 0.00 0.00 0.00 0.00 0.00 0.00 0.00 0.00 0.00 0.00 1.70 1.34 1.85 2.46 3.03 4.10 5.43 1.67 0.50 0.27 0.00 0.00 0.00 0.00 0.00 0.00 0.00 0.00 0.00 0.00 1.71 1.36 1.91 2.48 3.12 4.14 5.43 1.67 0.50 0.27 0.00 0.00 0.00 0.00 0.00 0.00 0.00 0.00 0.00 0.00 1.73 1.38 1.94 2.50 3.16 4.18 5.43 1.67 0.50 0.27 0.00 0.00 0.00 0.00 0.00 0.00 0.00 0.00 0.00 0.00 1.74 1.40 1.98 2.56 3.20 4.22 5.43 1.67 0.50 0.27 0.00 0.00 0.00 0.00 0.00 0.00 0.00 0.00 0.00 0.00 1.76 1.43 2.00 2.61 3.34 4.27 5.43 1.67 0.50 0.27 0.00 0.00 0.00 0.00 0.00 0.00 0.00 0.00 0.00 0.00 1.79 1.44 2.01 2.65 3.38 4.32 5.43 1.67 0.50 0.27 0.00 0.00 0.00 0.00 0.00 0.00 0.00 0.00 0.00 0.00 1.81 1.45 2.02 2.77 3.44 4.37 5.43 1.67 0.50 0.27 0.00 0.00 0.00 0.00 0.00 0.00 0.00 0.00 0.00 0.00 1.84 1.47 2.04 2.80 3.53 4.43 5.43 1.67 0.50 0.27 0.00 0.00 0.00 0.00 0.00 0.00 0.00 0.00 0.00 0.00 1.85 1.48 2.08 2.85 3.60 4.46 5.43 1.67 0.50 0.27 0.00 0.00 0.00 0.00 0.00 0.00 0.00 0.00 0.00 0.00 1.88 1.50 2.11 2.88 3.64 4.52 5.43 1.67 0.50 0.27 0.00 0.00 0.00 0.00 0.00 0.00 0.00 0.00 0.00 0.00 1.90 1.51 2.14 2.89 3.66 4.61 5.43 1.67 0.50 0.27 0.00 0.00 0.00 0.00 0.00 0.00 0.00 0.00 0.00 0.00 1.91 1.52 2.19 2.96 3.70 4.76 5.43 1.67 0.50 0.27 0.00 0.00 0.00 0.00 0.00 0.00 0.00 0.00 0.00 0.00 1.93 1.56 2.20 2.98 3.72 4.82 5.43 1.67 0.50 0.27 0.00 0.00 0.00 0.00 0.00 0.00 0.00 0.00 0.00 0.00 1.94 1.57 2.24 3.01 3.75 4.85 5.43 1.67 0.50 0.27 0.00 0.00 0.00 0.00 0.00 0.00 0.00 0.00 0.00 0.00 1.96 1.58 2.27 3.04 3.80 4.98 5.43 1.67 0.50 0.27 0.00 0.00 0.00 0.00 0.00 0.00 0.00 0.00 0.00 0.00 1.97 1.59 2.32 3.08 3.92 5.07 5.43 1.67 0.50 0.27 0.00 0.00 0.00 0.00 0.00 0.00 0.00 0.00 0.00 0.00 1.99 1.60 2.41 3.09 3.96 5.09 5.43 1.67 0.50 0.27 0.00 0.00 0.00 0.00 0.00 0.00 0.00 0.00 0.00 0.00 2.02 1.63 2.46 3.12 3.99 5.13 5.43 1.67 0.50 0.27 0.00 0.00 0.00 0.00 0.00 0.00 0.00 0.00 0.00 0.00 2.05 1.67 2.51 3.13 4.06 5.20 5.43 1.67 0.50 0.27 0.00 0.00 0.00 0.00 0.00 0.00 0.00 0.00 0.00 0.00 2.07 1.70 2.53 3.17 4.18 5.22 5.43 1.67 0.50 0.27 0.00 0.00 0.00 0.00 0.00 0.00 0.00 0.00 0.00 0.00 2.10 1.73 2.56 3.19 4.26 5.29 5.43 1.67 0.50 0.27 0.00 0.00 0.00 0.00 0.00 0.00 0.00 0.00 0.00 0.00 2.13 1.74 2.59 3.21 4.28 5.38 5.43 1.67 0.50 0.27 0.00 0.00 0.00 0.00 0.00 0.00 0.00 0.00 0.00 0.00 2.15 1.75 2.63 3.22 4.32 5.54 5.43 1.67 0.50 0.27 0.00 0.00 0.00 0.00 0.00 0.00 0.00 0.00 0.00 0.00 2.16 1.78 2.65 3.27 4.34 5.59 5.43 1.67 0.50 0.27 0.00 0.00 0.00 0.00 0.00 0.00 0.00 0.00 0.00 0.00 2.18 1.80 2.70 3.31 4.36 5.67 5.43 1.67 0.50 0.27 0.00 0.00 0.00 0.00 0.00 0.00 0.00 0.00 0.00 0.00 2.18 1.80 2.74 3.33 4.39 5.70 5.43 1.67 0.50 0.27 0.00 0.00 0.00 0.00 0.00 0.00 0.00 0.00 0.00 0.00 2.19 1.81 2.76 3.37 4.41 5.85 5.43 1.67 0.50 0.27 0.00 0.00 0.00 0.00 0.00 0.00 0.00 0.00 0.00 0.00 2.22 1.84 2.78 3.38 4.43 5.87 5.43 1.67 0.50 0.27 0.00 0.00 0.00 0.00 0.00 0.00 0.00 0.00 0.00 0.00 2.24 1.86 2.81 3.47 4.51 5.92 5.43 1.67 0.50 0.27 0.00 0.00 0.00 0.00 0.00 0.00 0.00 0.00 0.00 0.00 2.24 1.87 2.84 3.50 4.54 5.99 5.43 1.67 0.50 0.27 0.00 0.00 0.00 0.00 0.00 0.00 0.00 0.00 0.00 0.00 2.27 1.90 2.88 3.55 4.58 6.12 5.43 1.67 0.50 0.27 0.00 0.00 0.00 0.00 0.00 0.00 0.00 0.00 0.00 0.00 2.27 1.90 2.88 3.57 4.62 6.21 5.43 1.67 0.50 0.27 0.00 0.00 0.00 0.00 0.00 0.00 0.00 0.00 0.00 0.00 2.27 1.91 2.89 3.57 4.62 6.22 5.43 1.67 0.50 0.27 0.00 0.00 0.00 0.00 0.00 0.00 0.00 0.00 0.00 0.00 2.27 1.91 2.89 3.58 4.63 6.24 5.43 1.67 0.50 0.27 0.00 0.00 0.00 0.00 0.00 0.00 0.00 0.00 0.00 0.00 2.27 1.91 2.89 3.58 4.63 6.26 5.43 1.67 0.50 0.27 0.00 0.00 0.00 0.00 0.00 0.00 0.00 0.00 0.00 0.00 2.27 1.91 2.89 3.58 4.64 6.31 5.43 1.67 0.50 0.27 0.00 0.00 0.00 0.00 0.00 0.00 0.00 0.00 0.00 0.00 2.27 1.91 2.90 3.59 4.64 6.33 5.43 1.67 0.50 0.27 0.00 0.00 0.00 0.00 0.00 0.00 0.00 0.00 0.00 0.00 2.28 1.92 2.90 3.59 4.65 6.35 5.43 1.67 0.50 0.27 0.00 0.00 0.00 0.00 0.00 0.00 0.00 0.00 0.00 0.00 2.28 1.92 2.90 3.59 4.65 6.36 5.43 1.67 0.50 0.27 0.00 0.00 0.00 0.00 0.00 0.00 0.00 0.00 0.00 0.00 2.28 1.92 2.90 3.60 4.66 6.38 5.43 1.67 0.50 0.27 0.00 0.00 0.00 0.00 0.00 0.00 0.00 0.00 0.00 0.00 2.28 1.92 2.91 3.60 4.67 6.41 5.43 1.67 0.50 0.27 0.00 0.00 0.00 0.00 0.00 0.00 0.00 0.00 0.00 0.00 2.28 1.92 2.91 3.60 4.67 6.42 5.43 1.67 0.50 0.27 0.00 0.00 0.00 0.00 0.00 0.00 0.00 0.00 0.00 0.00 0.00 0.00 0.00 0.00 4.67 6.45 5.43 1.67 0.50 0.27 0.00 0.00 0.00 0.00 0.00 0.00 0.00 0.00 0.00 0.00 0.00 0.00 0.00 0.00 0.00 0.00 5.43 1.67 0.50 0.27 0.00 0.00 0.00 0.00 0.00 0.00 0.00 0.00 0.00 0.00 0.00 0.00 0.00 0.00 0.00 0.00 0.00 1.67 0.50 0.27 0.00 0.00 0.00 0.00 0.00 0.00 0.00 0.00 0.00 0.00 0.00 0.00 0.00 0.00 0.00 0.00 0.00 0.00 0.50 0.27 0.00 0.00 0.00 0.00 0.00 0.00 0.00 0.00 0.00 0.00 0.00 0.00 0.00 0.00 0.00 0.00 0.00 0.00 0.00 0.27 0.00 0.00 0.00 0.00 0.00 0.00 0.00 0.00 0.00 0.00 0.00 0.00 0.00 0.00 0.00 0.00 0.00 0.00 0.00 0.00 0.00 0.00 0.00 0.00 0.00 0.00 0.00 0.00 0.00 0.00 0.00 0.00 0.00 0.00 0.00 0.00 0.00 0.00 0.00 0.00 0.00 0.00 0.00 0.00 0.00 0.00 0.00 0.00 0.00 0.00 0.00 0.00 0.00 0.00 0.00 0.00 0.00 0.00 0.00 0.00 0.00 0.00 0.00 0.00 0.00 0.00 0.00 0.00 0.00 0.00 0.00 0.00 0.00 0.00 0.00 0.00 0.00 0.00 0.00 0.00 0.00 0.00 0.00 0.00 0.00 0.00 0.00 0.00 0.00 0.00 0.00 0.00 0.00 0.00 0.00 0.00 0.00 0.00 0.00 0.00 0.00 0.00 0.00 0.00 0.00 0.00 0.00 0.00 0.00 0.00 0.00 0.00 0.00 0.00 0.00 0.00 0.00 0.00 0.00 0.00 0.00 0.00 0.00 0.00 0.00 0.00 0.00 0.00 0.00 0.00 0.00 0.00 0.00 0.00 0.00 0.00 0.00 0.00 0.00 0.00 0.00 0.00 0.00 0.00 0.00 0.00 0.00 0.00 0.00 0.00 0.00 0.00 0.00 0.00 0.00 0.00 0.00 0.00 0.00 0.00 0.00 0.00 0.00 0.00 0.00 0.00 0.00 0.00 0.00 0.00 0.00 0.00 0.00 0.00 0.00 0.00 0.00 0.00 0.00 0.00 0.00 0.00 0.00 0.00 0.00 0.00 0.00 0.00 0.00 0.00 0.00 0.00 0.00 0.00 0.00 0.00 0.00 0.00 0.00 0.00 0.00 0.00 0.00 0.00 0.00 0.00 0.00 0.00 0.00 0.00 0.00 0.00 0.00 0.00 0.00 0.00 0.00 0.00 0.00 0.00 0.00 0.00 0.00 0.00 0.00 0.00 0.00 0.00 0.00 0.00 0.00 0.00 0.00 0.00 0.00 0.00 0.00 0.00 0.00 0.00 0.00 0.00 0.00 0.00 0.00 0.00 0.00 0.00 0.00 0.00 0.00 0.00 0.00 0.00 0.00 0.00 0.00 0.00 0.00 0.00 0.00 0.00 0.00 0.00 0.00 0.00 0.00 0.00 0.00 0.00 0.00 0.00 0.00 0.00 0.00 0.00 0.00 0.00 0.00 0.00 0.00 0.00 0.00 0.00 0.00 0.00 0.00 0.00 0.00 0.00 0.00 0.00 0.00 0.00 0.00 0.00 0.00 0.00 0.00 0.00 0.00 0.00 0.00 0.00 0.00 0.00 0.00 0.00 0.00 0.00 0.00 0.00 0.00 0.00 0.00 0.00 0.00 0.00 0.00 0.00 0.00 0.00 0.00 0.00 0.00 0.00 0.00 0.00 0.00 0.00 0.00 0.00 0.00 0.00 0.00 0.00 0.00 0.00 0.00 0.00 0.00 0.00 0.00 0.00 0.00 0.00 0.00 0.00 0.00 0.00 0.00 0.00 0.00 0.00 0.00 0.00 0.00 0.00 0.00 0.00 0.00 0.00 0.00 0.00 0.00 0.00 0.00 0.00 0.00 0.00 0.00 0.00 0.00 0.00 0.00 0.00 0.00 0.00 0.00 0.00 0.00 0.00 0.00 0.00 0.00 0.00 0.00 0.00 0.00 0.00 0.00 0.00 0.00 0.00 0.00 0.00 0.00 0.00 0.00 0.00 0.00 0.00 0.00 0.00 0.00 0.00 0.00 0.00 0.00 0.00 0.00 0.00 0.00 0.00 0.00 0.00 0.00 0.00 0.00 0.00 0.00 0.00 0.00 0.00 0.00 0.00 0.00 0.00 0.00 0.00 0.00 0.00 0.00 0.00 0.00 0.00 0.00 0.00 0.00 0.00 0.00 0.00 0.00 0.00 0.00 0.00 0.00 0.00 0.00 0.00 0.00 0.00 0.00 0.00 0.00 0.00 0.00 0.00 0.00 0.00 0.00 0.00 0.00 0.00 0.00 0.00 0.00 0.00 0.00 0.00 0.00 0.00 0.00 0.00 0.00 0.00 0.00 0.00 0.00 0.00 0.00 0.00 0.00 0.00 0.00 0.00 0.00 0.00 0.00 0.00 0.00 0.00 0.00 0.00 0.00 0.00 0.00 0.00 0.00 0.00 0.00 0.00 0.00 0.00 0.00 0.00 0.00 0.00 0.00 0.00 0.00 0.00 0.00 0.00 0.00 0.00 0.00 0.00 0.00 0.00 0.00 0.00 0.00 0.00 0.00 0.00 0.00 0.00 0.00 0.00 0.00 0.00 0.00 0.00 0.00 0.00 0.00 0.00 0.00 0.00 0.00 0.00 0.00 0.00 0.00 0.00 0.00 0.00 0.00 0.00 0.00 0.00 0.00 0.00 0.00 0.00 0.00 0.00 0.00 0.00 0.00 0.00 0.00 0.00 0.00 0.00 0.00 0.00 0.00 0.00 0.00 0.00 0.00 0.00 0.00 0.00 0.00 0.00 0.00 0.00 0.00 0.00 0.00 0.00 0.00 0.00 0.00 0.00 0.00 0.00 0.00 0.00 0.00 0.00 0.00 0.00 0.00 0.00 0.00 0.00 0.00 0.00 0.00 0.00 0.00 0.00 0.00 0.00 0.00 0.00 0.00 0.00 0.00 0.00 0.00 0.00 0.00 0.00 0.00 0.00 0.00 0.00 0.00 0.00 0.00 0.00 0.00 0.00 0.00 0.00 0.00 0.00 0.00 0.00 0.00 0.00 0.00 0.00 0.00 0.00 0.00 0.00 0.00 0.00 0.00 0.00 0.00 0.00 0.00 0.00 0.00 0.00 0.00 0.00 0.00 0.00 0.00 0.00 0.00 0.00 0.00 0.00 0.00 0.00 0.00 0.00 0.00 0.00 0.00 0.00 0.00 0.00 0.00 0.00 0.00 0.00 0.00 0.00 0.00 0.00 0.00 0.00 0.00 0.00 0.00 0.00 0.00 0.00 0.00 0.00 0.00 0.00 0.00 0.00 0.00 0.00 0.00 0.00 0.00 0.00 0.00 0.00 0.00 0.00 0.00 0.00 0.00 0.00 0.00 0.00 0.00 0.00 0.00 0.00 0.00 0.00 0.00 0.00 0.00 0.00 0.00 0.00 0.00 0.00 0.00 0.00 0.00 0.00 0.00 0.00 0.00 0.00 0.00 0.00 0.00 0.00 0.00 0.00 0.00 0.00 0.00 0.00 0.00 0.00 0.00 0.00 0.00 0.00 0.00 0.00 0.00 0.00 0.00 0.00 0.00 0.00 0.00 0.00 0.00 0.00 0.00 0.00 0.00 0.00 0.00 0.00 0.00 0.00 0.00 0.00 0.00 0.00 0.00 0.00 0.00 0.00 0.00 0.00 0.00 0.00 0.00 0.00 0.00 0.00 0.00 0.00 0.00 0.00 0.00 0.00 0.00 0.00 0.00 0.00 0.00 0.00 0.00 0.00 0.00 0.00 0.00 0.00 0.00 0.00 0.00 0.00 0.00 0.00 0.00 0.00 0.00 0.00 0.00 0.00 0.00 0.00 0.00 0.00 0.00 0.00 0.00 0.00 0.00 0.00 0.00 0.00 0.00 0.00 0.00 0.00 0.00 0.00 0.00 0.00 0.00 0.00 0.00 0.00 0.00 0.00 0.00 0.00 0.00 0.00 0.00 0.00 0.00 0.00 0.00 0.00 0.00 0.00 0.00 0.00 0.00 0.00 0.00 0.00 0.00 0.00 0.00 0.00 0.00 0.00 0.00 0.00 0.00 0.00 0.00 0.00 0.00 0.00 0.00 0.00 0.00 0.00 0.00 0.00 0.00 0.00 0.00 0.00 0.00 0.00 0.00 0.00 0.00 0.00 0.00 0.00 0.00 0.00 0.00 0.00 0.00 0.00 0.00 0.00 0.00 0.00 0.00 0.00 0.00 0.00 0.00 0.00 0.00 0.00 0.00 0.00 0.00 0.00 0.00 0.00 0.00 0.00 0.00 0.00 0.00 0.00 0.00 0.00 0.00 0.00 0.00 0.00 0.00 0.00 0.00 0.00 0.00 0.00 0.00 0.00 0.00 0.00 0.00 0.00 0.00 0.00 0.00 0.00 0.00 0.00 0.00 0.00 0.00 0.00 0.00 0.00 0.00 0.00 0.00 0.00 0.00 0.00 0.00 0.00 0.00 0.00 0.00 0.00 0.00 0.00 0.00 0.00 0.00 0.00 0.00 0.00 0.00 0.00 0.00 0.00 0.00 0.00 0.00 0.00 0.00 0.00 0.00 0.00 0.00 0.00 0.00 0.00 0.00 0.00 0.00 0.00 0.00 0.00 0.00 0.00 0.00 0.00 0.00 0.00 0.00 0.00 0.00 0.00 0.00 0.00 0.00 0.00 0.00 0.00 0.00 0.00 0.00 0.00 0.00 0.00 0.00 0.00 0.00 0.00 0.00 0.00 0.00 0.00 0.00 0.00 0.00 0.00 0.00 0.00 0.00 0.00 0.00 0.00 0.00 0.00 0.00 0.00 0.00 0.00 0.00 0.00 0.00 0.00 0.00 0.00 0.00 0.00 0.00 0.00 0.00 0.00 0.00 0.00 0.00 0.00 0.00 0.00 0.00 0.00 0.00 0.00 0.00 0.00 0.00 0.00 0.00 0.00 0.00 0.00 0.00 0.00 0.00 0.00 0.00 0.00 0.00 0.00 0.00 0.00 0.00 0.00 0.00 0.00 0.00 0.00 0.00 0.00 0.00 0.00 0.00 0.00 0.00 0.00 0.00 0.00 0.00 0.00 0.00 0.00 0.00 0.00 0.00 0.00 0.00 0.00 0.00 0.00 0.00 0.00 0.00 0.00 0.00 0.00 0.00 0.00 0.00 0.00 0.00 0.00 0.00 0.00 0.00 0.00 0.00 0.00 0.00 0.00 0.00 0.00 0.00 0.00 0.00 0.00 0.00 0.00 0.00 0.00 0.00 0.00 0.00 0.00 0.00 0.00 0.00 0.00 0.00 0.00 0.00 0.00 0.00 0.00 0.00 0.00 0.00 0.00 0.00 0.00 0.00 0.00 0.00 0.00 0.00 0.00 0.00 0.00 0.00 0.00 0.00 0.00 0.00 0.00 0.00 0.00 0.00 0.00 0.00 0.00 0.00 0.00 0.00 0.00 0.00 0.00 0.00 0.00 0.00 0.00 0.00 0.00 0.00 0.00 0.00 0.00 0.00 0.00 0.00 0.00 0.00 0.00 0.00 0.00 0.00 0.00 0.00 0.00 0.00 0.00 0.00 0.00 0.00 0.00 0.00 0.00 0.00 0.00 0.00 0.00 0.00 0.00 0.00 0.00 0.00 0.00 0.00 0.00 0.00 0.00 0.00 0.00 0.00 0.00 0.00 0.00 0.00 0.00 0.00 0.00 0.00 0.00 0.00 0.00 0.00 0.00 0.00 0.00 0.00 0.00 0.00 0.00 0.00 0.00 0.00 0.00 0.00 0.00 0.00 0.00 0.00 0.00 0.00 0.00 0.00 0.00 0.00 0.00 0.00 0.00 0.00 0.00 0.00 0.00 0.00 0.00 0.00 0.00 0.00 0.00 0.00 0.00 0.00 0.00 0.00 0.00 0.00 0.00 0.00 0.00 0.00 0.00 0.00 0.00 0.00 0.00 0.00 0.00 0.00 0.00 0.00 0.00 0.00 0.00 0.00 0.00 0.00 0.00 0.00 0.00 0.00 0.00 0.00 0.00
height.size=5120
height.data=23.08 368.63 714.06 1059.26 1404.14 1748.58 2092.48 2435.74 2778.25 3119.91 3460.60 3800.24 4138.72 4475.93 4811.77 5146.13 5478.93 5810.05 6139.39 6466.86 23.31 370.60 717.78 1064.73 1411.35 1757.53 2103.17 2448.16 2792.39 3135.78 3478.20 3819.55 4159.73 4498.64 4836.18 5172.23 5506.71 5839.50 6170.51 6499.63 23.54 372.58 721.50 1070.20 1418.56 1766.48 2113.85 2460.57 2806.54 3151.65 3495.79 3838.86 4180.75 4521.36 4860.59 5198.33 5534.49 5868.95 6201.62 6532.40 23.78 374.57 725.23 1075.66 1425.77 1775.43 2124.54 2472.99 2820.69 3167.52 3513.38 3858.16 4201.77 4544.08 4885.01 5224.44 5562.27 5898.40 6232.74 6565.16 24.02 376.55 728.96 1081.13 1432.98 1784.38 2135.22 2485.41 2834.84 3183.40 3530.98 3877.47 4222.78 4566.80 4909.42 5250.54 5590.05 5927.86 6263.85 6597.93 24.26 378.53 732.68 1086.61 1440.19 1793.33 2145.91 2497.84 2848.99 3199.27 3548.57 3896.78 4243.80 4589.52 4933.84 5276.64 5617.84 5957.31 6294.97 6630.70 24.50 380.52 736.41 1092.08 1447.40 1802.28 2156.60 2510.26 2863.14 3215.15 3566.17 3916.10 4264.82 4612.24 4958.25 5302.75 5645.62 5986.77 6326.09 6663.47 24.74 382.50 740.14 1097.55 1454.62 1811.24 2167.29 2522.68 2877.30 3231.03 3583.77 3935.41 4285.84 4634.97 4982.67 5328.86 5673.41 6016.23 6357.21 6696.24 24.98 384.49 743.87 1103.03 1461.84 1820.19 2177.99 2535.11 2891.45 3246.91 3601.37 3954.72 4306.87 4657.69 5007.09 5354.96 5701.19 6045.68 6388.33 6729.02 25.22 386.48 747.61 1108.50 1469.05 1829.15 2188.68 2547.53 2905.61 3262.79 3618.97 3974.04 4327.89 4680.42 5031.51 5381.07 5728.98 6075.14 6419.45 6761.79 25.47 388.47 751.34 1113.98 1476.27 1838.11 2199.37 2559.96 2919.76 3278.67 3636.57 3993.35 4348.92 4703.15 5055.94 5407.18 5756.77 6104.60 6450.57 6794.57 25.71 390.46 755.08 1119.46 1483.49 1847.06 2210.07 2572.39 2933.92 3294.55 3654.17 4012.67 4369.94 4725.87 5080.36 5433.29 5784.56 6134.06 6481.69 6827.34 25.96 392.45 758.81 1124.94 1490.71 1856.03 2220.76 2584.82 2948.08 3310.44 3671.78 4031.99 4390.97 4748.60 5104.78 5459.40 5812.35 6163.53 6512.82 6860.12 26.21 394.44 762.55 1130.42 1497.93 1864.99 2231.46 2597.25 2962.24 3326.32 3689.38 4051.31 4412.00 4771.33 5129.21 5485.52 5840.15 6192.99 6543.94 6892.90 26.45 396.44 766.29 1135.90 1505.16 1873.95 2242.16 2609.68 2976.40 3342.21 3706.99 4070.63 4433.03 4794.06 5153.64 5511.63 5867.94 6222.46 6575.07 6925.68 26.70 398.43 770.03 1141.38 1512.38 1882.91 2252.86 2622.12 2990.56 3358.09 3724.59 4089.95 4454.06 4816.80 5178.06 5537.74 5895.73 6251.92 6606.20 6958.46 26.96 400.43 773.77 1146.87 1519.61 1891.88 2263.56 2634.55 3004.73 3373.98 3742.20 4109.27 4475.09 4839.53 5202.49 5563.86 5923.53 6281.39 6637.33 6991.24 27.21 402.43 777.51 1152.35 1526.84 1900.84 2274.27 2646.99 3018.89 3389.87 3759.81 4128.60 4496.12 4862.26 5226.92 5589.98 5951.33 6310.86 6668.46 7024.02 27.46 404.42 781.26 1157.84 1534.06 1909.81 2284.97 2659.42 3033.06 3405.76 3777.42 4147.92 4517.15 4885.00 5251.35 5616.10 5979.12 6340.32 6699.59 7056.80 27.72 406.42 785.00 1163.33 1541.29 1918.78 2295.67 2671.86 3047.23 3421.66 3795.03 4167.25 4538.19 4907.74 5275.78 5642.22 6006.92 6369.79 6730.72 7089.59 27.97 408.43 788.75 1168.82 1548.52 1927.75 2306.38 2684.30 3061.39 3437.55 3812.65 4186.58 4559.22 4930.47 5300.22 5668.34 6034.72 6399.27 6761.85 7122.37 28.23 410.43 792.49 1174.31 1555.75 1936.72 2317.09 2696.74 3075.56 3453.44 3830.26 4205.91 4580.26 4953.21 5324.65 5694.46 6062.52 6428.74 6792.99 7155.16 28.49 412.43 796.24 1179.80 1562.99 1945.69 2327.80 2709.18 3089.73 3469.34 3847.88 4225.24 4601.30 4975.95 5349.09 5720.58 6090.33 6458.21 6824.12 7187.95 28.75 414.44 799.99 1185.29 1570.22 1954.66 2338.51 2721.62 3103.91 3485.23 3865.49 4244.57 4622.34 4998.70 5373.52 5746.70 6118.13 6487.69 6855.26 7220.74 29.01 416.44 803.74 1190.78 1577.46 1963.64 2349.22 2734.07 3118.08 3501.13 3883.11 4263.90 4643.38 5021.44 5397.96 5772.83 6145.93 6517.16 6886.39 7253.52 29.27 418.45 807.49 1196.28 1584.69 1972.61 2359.93 2746.51 3132.25 3517.03 3900.73 4283.23 4664.42 5044.18 5422.40 5798.96 6173.74 6546.64 6917.53 7286.32 29.53 420.46 811.24 1201.77 1591.93 1981.59 2370.64 2758.96 3146.43 3532.93 3918.35 4302.57 4685.46 5066.93 5446.84 5825.08 6201.55 6576.11 6948.67 7319.11 29.80 422.47 815.00 1207.27 1599.17 1990.57 2381.35 2771.41 3160.60 3548.83 3935.97 4321.90 4706.51 5089.67 5471.28 5851.21 6229.35 6605.59 6979.81 7351.90 30.06 424.48 818.75 1212.77 1606.41 1999.55 2392.07 2783.85 3174.78 3564.73 3953.59 4341.24 4727.55 5112.42 5495.72 5877.34 6257.16 6635.07 7010.95 7384.69 30.33 426.49 822.51 1218.27 1613.65 2008.53 2402.79 2796.30 3188.96 3580.64 3971.22 4360.58 4748.60 5135.17 5520.16 5903.47 6284.97 6664.55 7042.10 7417.49 30.60 428.50 826.27 1223.77 1620.89 2017.51 2413.50 2808.75 3203.14 3596.54 3988.84 4379.91 4769.65 5157.92 5544.61 5929.60 6312.78 6694.04 7073.24 7450.28 30.87 430.52 830.02 1229.27 1628.13 2026.49 2424.22 2821.21 3217.32 3612.45 4006.47 4399.25 4790.69 5180.67 5569.05 5955.74 6340.60 6723.52 7104.39 7483.08 31.14 432.53 833.78 1234.77 1635.38 2035.48 2434.94 2833.66 3231.50 3628.35 4024.09 4418.59 4811.74 5203.42 5593.50 5981.87 6368.41 6753.00 7135.53 7515.88 31.41 434.55 837.55 1240.28 1642.62 2044.46 2445.66 2846.11 3245.69 3644.26 4041.72 4437.94 4832.79 5226.17 5617.95 6008.00 6396.22 6782.49 7166.68 7548.68 31.68 436.57 841.31 1245.78 1649.87 2053.45 2456.39 2858.57 3259.87 3660.17 4059.35 4457.28 4853.85 5248.92 5642.39 6034.14 6424.04 6811.97 7197.83 7581.48 31.95 438.58 845.07 1251.29 1657.12 2062.43 2467.11 2871.03 3274.06 3676.08 4076.98 4476.62 4874.90 5271.68 5666.84 6060.28 6451.85 6841.46 7228.97 7614.28 32.23 440.60 848.84 1256.80 1664.37 2071.42 2477.83 2883.48 3288.24 3691.99 4094.61 4495.97 4895.95 5294.43 5691.30 6086.41 6479.67 6870.95 7260.12 7647.08 32.51 442.63 852.60 1262.31 1671.62 2080.41 2488.56 2895.94 3302.43 3707.91 4112.24 4515.32 4917.01 5317.19 5715.75 6112.55 6507.49 6900.44 7291.28 7679.89 32.78 444.65 856.37 1267.82 1678.87 2089.40 2499.29 2908.40 3316.62 3723.82 4129.88 4534.66 4938.06 5339.95 5740.20 6138.69 6535.31 6929.93 7322.43 7712.69 33.06 446.67 860.14 1273.33 1686.12 2098.39 2510.01 2920.86 3330.81 3739.73 4147.51 4554.01 4959.12 5362.71 5764.65 6164.84 6563.13 6959.42 7353.58 7745.50 33.34 448.70 863.90 1278.84 1693.38 2107.39 2520.74 2933.32 3345.00 3755.65 4165.15 4573.36 4980.18 5385.47 5789.11 6190.98 6590.95 6988.91 7384.74 7778.30 33.62 450.72 867.68 1284.35 1700.63 2116.38 2531.47 2945.79 3359.19 3771.57 4182.78 4592.72 5001.24 5408.23 5813.57 6217.12 6618.78 7018.41 7415.89 7811.11 33.90 452.75 871.45 1289.87 1707.89 2125.38 2542.21 2958.25 3373.39 3787.49 4200.42 4612.07 5022.30 5430.99 5838.02 6243.27 6646.60 7047.90 7447.05 7843.92 34.19 454.78 875.22 1295.38 1715.14 2134.37 2552.94 2970.72 3387.58 3803.41 4218.06 4631.42 5043.36 5453.76 5862.48 6269.41 6674.42 7077.40 7478.20 7876.73 34.47 456.81 878.99 1300.90 1722.40 2143.37 2563.67 2983.19 3401.78 3819.33 4235.70 4650.78 5064.42 5476.52 5886.94 6295.56 6702.25 7106.89 7509.36 7909.54 34.76 458.84 882.77 1306.42 1729.66 2152.37 2574.41 2995.65 3415.98 3835.25 4253.34 4670.13 5085.49 5499.29 5911.40 6321.71 6730.08 7136.39 7540.52 7942.35 35.04 460.87 886.54 1311.94 1736.92 2161.37 2585.14 3008.12 3430.17 3851.17 4270.98 4689.49 5106.55 5522.05 5935.86 6347.86 6757.91 7165.89 7571.68 7975.16 35.33 462.90 890.32 1317.46 1744.19 2170.37 2595.88 3020.59 3444.37 3867.10 4288.63 4708.85 5127.62 5544.82 5960.33 6374.01 6785.74 7195.39 7602.84 8007.98 35.62 464.94 894.10 1322.98 1751.45 2179.37 2606.62 3033.06 3458.57 3883.02 4306.27 4728.21 5148.69 5567.59 5984.79 6400.16 6813.57 7224.89 7634.01 8040.79 35.91 466.97 897.88 1328.50 1758.71 2188.38 2617.36 3045.54 3472.78 3898.95 4323.92 4747.57 5169.76 5590.36 6009.26 6426.31 6841.40 7254.39 7665.17 8073.61 36.20 469.01 901.66 1334.03 1765.98 2197.38 2628.10 3058.01 3486.98 3914.87 4341.57 4766.93 5190.83 5613.13 6033.72 6452.46 6869.23 7283.90 7696.34 8106.42 36.49 471.05 905.44 1339.55 1773.25 2206.39 2638.84 3070.49 3501.18 3930.80 4359.22 4786.29 5211.90 5635.91 6058.19 6478.62 6897.06 7313.40 7727.50 8139.24 36.79 473.08 909.23 1345.08 1780.51 2215.39 2649.59 3082.96 3515.39 3946.73 4376.86 4805.65 5232.97 5658.68 6082.66 6504.77 6924.90 7342.91 7758.67 8172.06 37.08 475.12 913.01 1350.61 1787.78 2224.40 2660.33 3095.44 3529.59 3962.66 4394.52 4825.02 5254.04 5681.45 6107.13 6530.93 6952.73 7372.41 7789.84 8204.88 37.38 477.17 916.80 1356.14 1795.05 2233.41 2671.08 3107.92 3543.80 3978.60 4412.17 4844.38 5275.12 5704.23 6131.60 6557.09 6980.57 7401.92 7821.01 8237.70 37.68 479.21 920.58 1361.67 1802.32 2242.42 2681.82 3120.40 3558.01 3994.53 4429.82 4863.75 5296.19 5727.01 6156.07 6583.25 7008.41 7431.43 7852.18 8270.52 37.97 481.25 924.37 1367.20 1809.60 2251.43 2692.57 3132.88 3572.22 4010.46 4447.47 4883.12 5317.27 5749.79 6180.54 6609.41 7036.25 7460.94 7883.35 8303.35 38.27 483.30 928.16 1372.73 1816.87 2260.44 2703.32 3145.36 3586.43 4026.40 4465.13 4902.49 5338.34 5772.56 6205.02 6635.57 7064.09 7490.45 7914.52 8336.17 38.57 485.34 931.95 1378.26 1824.14 2269.46 2714.07 3157.84 3600.64 4042.34 4482.79 4921.86 5359.42 5795.34 6229.49 6661.73 7091.93 7519.96 7945.69 8369.00 38.88 487.39 935.74 1383.80 1831.42 2278.47 2724.82 3170.33 3614.86 4058.27 4500.44 4941.23 5380.50 5818.13 6253.97 6687.89 7119.77 7549.47 7976.87 8401.82 39.18 489.44 939.53 1389.33 1838.70 2287.49 2735.57 3182.81 3629.07 4074.21 4518.10 4960.60 5401.58 5840.91 6278.44 6714.06 7147.62 7578.99 8008.04 8434.65 39.48 491.49 943.33 1394.87 1845.98 2296.51 2746.33 3195.30 3643.29 4090.15 4535.76 4979.98 5422.67 5863.69 6302.92 6740.22 7175.46 7608.50 8039.22 8467.48 39.79 493.54 947.12 1400.41 1853.26 2305.53 2757.08 3207.79 3657.50 4106.09 4553.42 4999.35 5443.75 5886.48 6327.40 6766.39 7203.31 7638.02 8070.40 8500.31 40.10 495.59 950.92 1405.95 1860.54 2314.55 2767.84 3220.28 3671.72 4122.04 4571.08 5018.73 5464.83 5909.26 6351.88 6792.56 7231.15 7667.54 8101.58 8533.14 40.40 497.64 954.72 1411.49 1867.82 2323.57 2778.60 3232.77 3685.94 4137.98 4588.75 5038.11 5485.92 5932.05 6376.36 6818.73 7259.00 7697.06 8132.76 8565.97 40.71 499.70 958.52 1417.03 1875.10 2332.59 2789.35 3245.26 3700.16 4153.92 4606.41 5057.48 5507.01 5954.84 6400.85 6844.90 7286.85 7726.57 8163.94 8598.80 41.02 501.75 962.32 1422.57 1882.39 2341.61 2800.11 3257.75 3714.38 4169.87 4624.08 5076.86 5528.09 5977.63 6425.33 6871.07 7314.70 7756.10 8195.12 8631.64 41.33 503.81 966.12 1428.12 1889.67 2350.64 2810.87 3270.24 3728.60 4185.82 4641.74 5096.24 5549.18 6000.42 6449.82 6897.24 7342.55 7785.62 8226.30 8664.47 41.65 505.87 969.92 1433.66 1896.96 2359.66 2821.64 3282.74 3742.83 4201.76 4659.41 5115.63 5570.27 6023.21 6474.30 6923.41 7370.40 7815.14 8257.49 8697.31 41.96 507.92 973.72 1439.21 1904.25 2368.69 2832.40 3295.23 3757.05 4217.71 4677.08 5135.01 5591.36 6046.00 6498.79 6949.59 7398.26 7844.66 8288.67 8730.14 42.28 509.98 977.53 1444.76 1911.53 2377.72 2843.16 3307.73 3771.28 4233.66 4694.75 5154.39 5612.46 6068.80 6523.28 6975.76 7426.11 7874.19 8319.86 8762.98 42.59 512.05 981.33 1450.31 1918.82 2386.75 2853.93 3320.23 3785.50 4249.62 4712.42 5173.78 5633.55 6091.59 6547.77 7001.94 7453.97 7903.71 8351.04 8795.82 42.91 514.11 985.14 1455.86 1926.12 2395.78 2864.69 3332.73 3799.73 4265.57 4730.09 5193.16 5654.64 6114.39 6572.26 7028.12 7481.82 7933.24 8382.23 8828.66 43.23 516.17 988.95 1461.41 1933.41 2404.81 2875.46 3345.23 3813.96 4281.52 4747.77 5212.55 5675.74 6137.18 6596.75 7054.29 7509.68 7962.77 8413.42 8861.50 43.55 518.24 992.76 1466.96 1940.70 2413.84 2886.23 3357.73 3828.19 4297.48 4765.44 5231.94 5696.83 6159.98 6621.24 7080.47 7537.54 7992.30 8444.61 8894.34 43.87 520.30 996.57 1472.51 1948.00 2422.87 2897.00 3370.23 3842.42 4313.43 4783.12 5251.33 5717.93 6182.78 6645.74 7106.66 7565.40 8021.83 8475.80 8927.19 44.19 522.37 1000.38 1478.07 1955.29 2431.91 2907.77 3382.74 3856.66 4329.39 4800.79 5270.72 5739.03 6205.58 6670.23 7132.84 7593.26 8051.36 8507.00 8960.03 44.51 524.44 1004.19 1483.62 1962.59 2440.95 2918.54 3395.24 3870.89 4345.35 4818.47 5290.11 5760.13 6228.38 6694.73 7159.02 7621.12 8080.89 8538.19 8992.88 44.84 526.51 1008.00 1489.18 1969.89 2449.98 2929.32 3407.75 3885.13 4361.31 4836.15 5309.51 5781.23 6251.19 6719.22 7185.20 7648.98 8110.42 8569.38 9025.72 45.16 528.58 1011.82 1494.74 1977.19 2459.02 2940.09 3420.26 3899.36 4377.27 4853.83 5328.90 5802.34 6273.99 6743.72 7211.39 7676.85 8139.96 8600.58 9058.57 45.49 530.65 1015.63 1500.30 1984.49 2468.06 2950.87 3432.76 3913.60 4393.23 4871.51 5348.30 5823.44 6296.80 6768.22 7237.58 7704.71 8169.49 8631.78 9091.42 45.82 532.72 1019.45 1505.86 1991.79 2477.10 2961.65 3445.27 3927.84 4409.19 4889.19 5367.69 5844.54 6319.60 6792.72 7263.76 7732.58 8199.03 8662.97 9124.27 46.15 534.80 1023.27 1511.42 1999.09 2486.14 2972.42 3457.78 3942.08 4425.16 4906.88 5387.09 5865.65 6342.41 6817.22 7289.95 7760.45 8228.57 8694.17 9157.12 46.48 536.87 1027.09 1516.98 2006.40 2495.19 2983.20 3470.30 3956.32 4441.12 4924.56 5406.49 5886.76 6365.22 6841.73 7316.14 7788.32 8258.11 8725.37 9189.97 46.81 538.95 1030.91 1522.55 2013.70 2504.23 2993.98 3482.81 3970.56 4457.09 4942.25 5425.89 5907.86 6388.03 6866.23 7342.33 7816.19 8287.65 8756.57 9222.82 47.14 541.03 1034.73 1528.11 2021.01 2513.28 3004.76 3495.32 3984.80 4473.06 4959.94 5445.29 5928.97 6410.84 6890.74 7368.52 7844.06 8317.19 8787.78 9255.68 47.47 543.11 1038.56 1533.68 2028.32 2522.32 3015.55 3507.84 3999.05 4489.03 4977.62 5464.69 5950.08 6433.65 6915.24 7394.72 7871.93 8346.73 8818.98 9288.53 47.81 545.19 1042.38 1539.24 2035.62 2531.37 3026.33 3520.36 4013.29 4505.00 4995.31 5484.10 5971.19 6456.46 6939.75 7420.91 7899.80 8376.27 8850.18 9321.39 48.15 547.27 1046.21 1544.81 2042.93 2540.42 3037.12 3532.87 4027.54 4520.97 5013.00 5503.50 5992.31 6479.27 6964.26 7447.11 7927.67 8405.82 8881.39 9354.24 48.48 549.35 1050.03 1550.38 2050.25 2549.47 3047.90 3545.39 4041.79 4536.94 5030.70 5522.91 6013.42 6502.09 6988.77 7473.30 7955.55 8435.36 8912.59 9387.10 48.82 551.43 1053.86 1555.95 2057.56 2558.52 3058.69 3557.91 4056.04 4552.91 5048.39 5542.31 6034.53 6524.91 7013.28 7499.50 7983.43 8464.91 8943.80 9419.96 49.16 553.52 1057.69 1561.53 2064.87 2567.57 3069.48 3570.43 4070.29 4568.89 5066.08 5561.72 6055.65 6547.72 7037.79 7525.70 8011.30 8494.46 8975.01 9452.82 49.50 555.60 1061.52 1567.10 2072.19 2576.63 3080.27 3582.96 4084.54 4584.86 5083.78 5581.13 6076.77 6570.54 7062.30 7551.90 8039.18 8524.00 9006.22 9485.68 49.84 557.69 1065.35 1572.67 2079.50 2585.68 3091.06 3595.48 4098.79 4600.84 5101.47 5600.54 6097.88 6593.36 7086.81 7578.10 8067.06 8553.55 9037.43 9518.54 50.19 559.78 1069.18 1578.25 2086.82 2594.74 3101.85 3608.01 4113.05 4616.82 5119.17 5619.95 6119.00 6616.18 7111.33 7604.30 8094.94 8583.10 9068.64 9551.41 50.53 561.87 1073.02 1583.83 2094.14 2603.80 3112.64 3620.53 4127.30 4632.80 5136.87 5639.36 6140.12 6639.00 7135.85 7630.50 8122.82 8612.66 9099.85 9584.27 50.88 563.96 1076.85 1589.40 2101.46 2612.85 3123.44 3633.06 4141.56 4648.78 5154.57 5658.78 6161.25 6661.83 7160.36 7656.71 8150.70 8642.21 9131.07 9617.14 51.22 566.05 1080.69 1594.98 2108.78 2621.91 3134.23 3645.59 4155.81 4664.76 5172.27 5678.19 6182.37 6684.65 7184.88 7682.91 8178.59 8671.76 9162.28 9650.00 51.57 568.14 1084.53 1600.56 2116.10 2630.97 3145.03 3658.12 4170.07 4680.74 5189.97 5697.61 6203.49 6707.47 7209.40 7709.12 8206.47 8701.32 9193.50 9682.87 51.92 570.24 1088.37 1606.15 2123.42 2640.04 3155.83 3670.65 4184.33 4696.73 5207.67 5717.02 6224.62 6730.30 7233.92 7735.32 8234.36 8730.87 9224.72 9715.74 52.27 572.33 1092.21 1611.73 2130.75 2649.10 3166.63 3683.18 4198.59 4712.71 5225.38 5736.44 6245.74 6753.13 7258.44 7761.53 8262.25 8760.43 9255.93 9748.61 52.62 574.43 1096.05 1617.31 2138.07 2658.16 3177.43 3695.71 4212.85 4728.70 5243.08 5755.86 6266.87 6775.96 7282.96 7787.74 8290.13 8789.99 9287.15 9781.48 52.97 576.53 1099.89 1622.90 2145.40 2667.23 3188.23 3708.25 4227.12 4744.68 5260.79 5775.28 6288.00 6798.79 7307.49 7813.95 8318.02 8819.55 9318.37 9814.35 53.33 578.63 1103.73 1628.48 2152.73 2676.29 3199.03 3720.78 4241.38 4760.67 5278.50 5794.70 6309.13 6821.62 7332.01 7840.16 8345.91 8849.11 9349.59 9847.22 53.68 580.73 1107.58 1634.07 2160.05 2685.36 3209.84 3733.32 4255.64 4776.66 5296.21 5814.12 6330.26 6844.45 7356.54 7866.38 8373.80 8878.67 9380.82 9880.10 54.04 582.83 1111.42 1639.66 2167.38 2694.43 3220.64 3745.85 4269.91 4792.65 5313.92 5833.55 6351.39 6867.28 7381.07 7892.59 8401.70 8908.23 9412.04 9912.97 54.40 584.93 1115.27 1645.25 2174.71 2703.50 3231.45 3758.39 4284.18 4808.64 5331.63 5852.97 6372.52 6890.11 7405.59 7918.80 8429.59 8937.79 9443.26 9945.85 54.75 587.03 1119.12 1650.84 2182.05 2712.57 3242.25 3770.93 4298.45 4824.64 5349.34 5872.40 6393.66 6912.95 7430.12 7945.02 8457.48 8967.36 9474.49 9978.72 55.11 589.14 1122.96 1656.43 2189.38 2721.64 3253.06 3783.47 4312.72 4840.63 5367.05 5891.83 6414.79 6935.79 7454.65 7971.24 8485.38 8996.92 9505.72 10011.60 55.47 591.24 1126.81 1662.03 2196.71 2730.72 3263.87 3796.02 4326.99 4856.62 5384.77 5911.25 6435.93 6958.62 7479.18 7997.46 8513.28 9026.49 9536.94 10044.48 55.84 593.35 1130.67 1667.62 2204.05 2739.79 3274.68 3808.56 4341.26 4872.62 5402.48 5930.68 6457.06 6981.46 7503.72 8023.67 8541.17 9056.06 9568.17 10077.36 56.20 595.46 1134.52 1673.22 2211.39 2748.87 3285.49 3821.10 4355.53 4888.62 5420.20 5950.11 6478.20 7004.30 7528.25 8049.89 8569.07 9085.63 9599.40 10110.24 56.56 597.57 1138.37 1678.81 2218.73 2757.95 3296.31 3833.65 4369.81 4904.62 5437.92 5969.55 6499.34 7027.14 7552.79 8076.12 8596.97 9115.20 9630.63 10143.12 56.93 599.68 1142.23 1684.41 2226.06 2767.02 3307.12 3846.20 4384.08 4920.62 5455.64 5988.98 6520.48 7049.98 7577.32 8102.34 8624.87 9144.77 9661.86 10176.00 57.30 601.79 1146.08 1690.01 2233.41 2776.10 3317.94 3858.74 4398.36 4936.62 5473.36 6008.41 6541.62 7072.83 7601.86 8128.56 8652.78 9174.34 9693.10 10208.89 57.66 603.90 1149.94 1695.61 2240.75 2785.18 3328.75 3871.29 4412.64 4952.62 5491.08 6027.85 6562.77 7095.67 7626.40 8154.79 8680.68 9203.91 9724.33 10241.77 58.03 606.02 1153.80 1701.21 2248.09 2794.26 3339.57 3883.84 4426.92 4968.62 5508.80 6047.28 6583.91 7118.51 7650.94 8181.01 8708.58 9233.49 9755.57 10274.66 58.40 608.13 1157.66 1706.82 2255.43 2803.35 3350.39 3896.39 4441.20 4984.63 5526.52 6066.72 6605.05 7141.36 7675.48 8207.24 8736.49 9263.06 9786.80 10307.55 58.78 610.25 1161.52 1712.42 2262.78 2812.43 3361.21 3908.95 4455.48 5000.63 5544.25 6086.16 6626.20 7164.21 7700.02 8233.47 8764.39 9292.64 9818.04 10340.44 59.15 612.37 1165.38 1718.02 2270.12 2821.52 3372.03 3921.50 4469.76 5016.64 5561.97 6105.60 6647.35 7187.06 7724.56 8259.70 8792.30 9322.22 9849.28 10373.32 59.52 614.49 1169.25 1723.63 2277.47 2830.60 3382.85 3934.06 4484.04 5032.65 5579.70 6125.04 6668.50 7209.91 7749.10 8285.93 8820.21 9351.79 9880.52 10406.22 59.90 616.61 1173.11 1729.24 2284.82 2839.69 3393.68 3946.61 4498.33 5048.66 5597.43 6144.48 6689.65 7232.76 7773.65 8312.16 8848.12 9381.37 9911.76 10439.11 60.27 618.73 1176.98 1734.85 2292.17 2848.78 3404.50 3959.17 4512.61 5064.67 5615.16 6163.92 6710.80 7255.61 7798.19 8338.39 8876.03 9410.95 9943.00 10472.00 60.65 620.85 1180.84 1740.46 2299.52 2857.87 3415.33 3971.73 4526.90 5080.68 5632.89 6183.37 6731.95 7278.46 7822.74 8364.62 8903.94 9440.54 9974.24 10504.89 61.03 622.97 1184.71 1746.07 2306.87 2866.96 3426.15 3984.29 4541.19 5096.69 5650.62 6202.81 6753.10 7301.31 7847.29 8390.86 8931.86 9470.12 10005.48 10537.79 61.41 625.10 1188.58 1751.68 2314.23 2876.05 3436.98 3996.85 4555.48 5112.70 5668.35 6222.26 6774.25 7324.17 7871.84 8417.09 8959.77 9499.70 10036.73 10570.68 61.79 627.22 1192.45 1757.29 2321.58 2885.15 3447.81 4009.41 4569.77 5128.72 5686.09 6241.71 6795.41 7347.03 7896.39 8443.33 8987.68 9529.29 10067.97 10603.58 62.17 629.35 1196.32 1762.91 2328.94 2894.24 3458.64 4021.97 4584.06 5144.73 5703.82 6261.16 6816.57 7369.88 7920.94 8469.57 9015.60 9558.87 10099.22 10636.48 62.55 631.48 1200.19 1768.52 2336.29 2903.34 3469.47 4034.54 4598.35 5160.75 5721.56 6280.61 6837.72 7392.74 7945.49 8495.81 9043.52 9588.46 10130.47 10669.38 62.94 633.61 1204.07 1774.14 2343.65 2912.43 3480.31 4047.10 4612.65 5176.77 5739.30 6300.06 6858.88 7415.60 7970.05 8522.05 9071.44 9618.05 10161.72 10702.28 63.32 635.74 1207.94 1779.76 2351.01 2921.53 3491.14 4059.67 4626.94 5192.79 5757.03 6319.51 6880.04 7438.46 7994.60 8548.29 9099.36 9647.64 10192.97 10735.18 63.71 637.87 1211.82 1785.38 2358.37 2930.63 3501.98 4072.24 4641.24 5208.81 5774.77 6338.96 6901.20 7461.32 8019.16 8574.53 9127.28 9677.23 10224.22 10768.08 64.10 640.00 1215.70 1791.00 2365.73 2939.73 3512.81 4084.81 4655.54 5224.83 5792.51 6358.42 6922.36 7484.19 8043.71 8600.77 9155.20 9706.82 10255.47 10800.98 64.49 642.14 1219.57 1796.62 2373.10 2948.83 3523.65 4097.37 4669.83 5240.85 5810.26 6377.87 6943.53 7507.05 8068.27 8627.02 9183.12 9736.41 10286.72 10833.89 64.88 644.27 1223.45 1802.24 2380.46 2957.93 3534.49 4109.95 4684.13 5256.88 5828.00 6397.33 6964.69 7529.92 8092.83 8653.26 9211.04 9766.00 10317.98 10866.79 65.27 646.41 1227.33 1807.86 2387.82 2967.04 3545.33 4122.52 4698.43 5272.90 5845.74 6416.79 6985.86 7552.78 8117.39 8679.51 9238.97 9795.60 10349.23 10899.70 65.66 648.55 1231.22 1813.49 2395.19 2976.14 3556.17 4135.09 4712.74 5288.93 5863.49 6436.24 7007.02 7575.65 8141.95 8705.76 9266.90 9825.20 10380.49 10932.60 66.06 650.69 1235.10 1819.12 2402.56 2985.25 3567.01 4147.67 4727.04 5304.95 5881.23 6455.70 7028.19 7598.52 8166.51 8732.01 9294.82 9854.79 10411.74 10965.51 66.45 652.83 1238.98 1824.74 2409.93 2994.36 3577.85 4160.24 4741.34 5320.98 5898.98 6475.17 7049.36 7621.39 8191.08 8758.26 9322.75 9884.39 10443.00 10998.42 66.85 654.97 1242.87 1830.37 2417.30 3003.46 3588.70 4172.82 4755.65 5337.01 5916.73 6494.63 7070.53 7644.26 8215.64 8784.51 9350.68 9913.99 10474.26 11031.33 67.24 657.11 1246.76 1836.00 2424.67 3012.57 3599.54 4185.40 4769.96 5353.04 5934.48 6514.09 7091.70 7667.13 8240.21 8810.76 9378.61 9943.59 10505.52 11064.24 67.64 659.25 1250.64 1841.63 2432.04 3021.69 3610.39 4197.98 4784.26 5369.07 5952.23 6533.56 7112.87 7690.00 8264.77 8837.01 9406.54 9973.19 10536.78 11097.15 68.04 661.40 1254.53 1847.26 2439.41 3030.80 3621.24 4210.56 4798.57 5385.11 5969.98 6553.02 7134.04 7712.88 8289.34 8863.27 9434.47 10002.79 10568.05 11130.07 68.44 663.54 1258.42 1852.90 2446.79 3039.91 3632.09 4223.14 4812.88 5401.14 5987.74 6572.49 7155.22 7735.75 8313.91 8889.52 9462.41 10032.39 10599.31 11162.98 68.85 665.69 1262.31 1858.53 2454.16 3049.02 3642.94 4235.72 4827.19 5417.18 6005.49 6591.96 7176.39 7758.63 8338.48 8915.78 9490.34 10062.00 10630.57 11195.90 69.25 667.84 1266.21 1864.17 2461.54 3058.14 3653.79 4248.30 4841.51 5433.21 6023.25 6611.42 7197.57 7781.51 8363.05 8942.04 9518.28 10091.60 10661.84 11228.81 69.65 669.99 1270.10 1869.80 2468.92 3067.26 3664.64 4260.89 4855.82 5449.25 6041.00 6630.89 7218.75 7804.38 8387.63 8968.29 9546.21 10121.21 10693.11 11261.73 70.06 672.14 1274.00 1875.44 2476.30 3076.37 3675.50 4273.48 4870.13 5465.29 6058.76 6650.37 7239.93 7827.26 8412.20 8994.55 9574.15 10150.82 10724.38 11294.65 70.46 674.29 1277.89 1881.08 2483.68 3085.49 3686.35 4286.06 4884.45 5481.33 6076.52 6669.84 7261.11 7850.14 8436.77 9020.81 9602.09 10180.43 10755.64 11327.57 70.87 676.44 1281.79 1886.72 2491.06 3094.61 3697.21 4298.65 4898.77 5497.37 6094.28 6689.31 7282.29 7873.03 8461.35 9047.08 9630.03 10210.04 10786.91 11360.49 71.28 678.60 1285.69 1892.36 2498.44 3103.73 3708.06 4311.24 4913.09 5513.41 6112.04 6708.79 7303.47 7895.91 8485.93 9073.34 9657.97 10239.65 10818.18 11393.41 71.69 680.75 1289.59 1898.01 2505.82 3112.86 3718.92 4323.83 4927.40 5529.46 6129.80 6728.26 7324.65 7918.79 8510.50 9099.60 9685.91 10269.26 10849.46 11426.34 72.10 682.91 1293.49 1903.65 2513.21 3121.98 3729.78 4336.42 4941.72 5545.50 6147.57 6747.74 7345.84 7941.68 8535.08 9125.87 9713.86 10298.87 10880.73 11459.26 72.52 685.07 1297.39 1909.29 2520.59 3131.11 3740.64 4349.02 4956.05 5561.55 6165.33 6767.22 7367.02 7964.56 8559.66 9152.13 9741.80 10328.48 10912.00 11492.18 72.93 687.23 1301.29 1914.94 2527.98 3140.23 3751.50 4361.61 4970.37 5577.59 6183.10 6786.70 7388.21 7987.45 8584.24 9178.40 9769.75 10358.10 10943.28 11525.11 73.34 689.39 1305.20 1920.59 2535.37 3149.36 3762.37 4374.21 4984.69 5593.64 6200.86 6806.18 7409.40 8010.34 8608.83 9204.67 9797.69 10387.72 10974.56 11558.04 73.76 691.55 1309.10 1926.24 2542.76 3158.49 3773.23 4386.80 4999.02 5609.69 6218.63 6825.66 7430.59 8033.23 8633.41 9230.94 9825.64 10417.33 11005.83 11590.97 74.18 693.71 1313.01 1931.89 2550.15 3167.62 3784.10 4399.40 5013.34 5625.74 6236.40 6845.14 7451.78 8056.12 8657.99 9257.21 9853.59 10446.95 11037.11 11623.90 74.60 695.87 1316.92 1937.54 2557.54 3176.75 3794.96 4412.00 5027.67 5641.79 6254.17 6864.62 7472.97 8079.01 8682.58 9283.48 9881.54 10476.57 11068.39 11656.83 75.02 698.04 1320.83 1943.19 2564.94 3185.88 3805.83 4424.60 5042.00 5657.84 6271.94 6884.11 7494.16 8101.91 8707.17 9309.76 9909.49 10506.19 11099.67 11689.76 75.44 700.20 1324.74 1948.84 2572.33 3195.01 3816.70 4437.20 5056.33 5673.90 6289.71 6903.59 7515.35 8124.80 8731.75 9336.03 9937.44 10535.81 11130.95 11722.69 75.86 702.37 1328.65 1954.50 2579.73 3204.15 3827.57 4449.80 5070.66 5689.95 6307.49 6923.08 7536.55 8147.70 8756.34 9362.30 9965.40 10565.43 11162.24 11755.62 76.28 704.54 1332.56 1960.15 2587.12 3213.28 3838.44 4462.41 5084.99 5706.01 6325.26 6942.57 7557.74 8170.59 8780.93 9388.58 9993.35 10595.06 11193.52 11788.56 76.71 706.71 1336.47 1965.81 2594.52 3222.42 3849.31 4475.01 5099.33 5722.06 6343.04 6962.06 7578.94 8193.49 8805.52 9414.86 10021.30 10624.68 11224.80 11821.49 77.13 708.88 1340.39 1971.47 2601.92 3231.56 3860.19 4487.62 5113.66 5738.12 6360.82 6981.55 7600.14 8216.39 8830.12 9441.14 10049.26 10654.31 11256.09 11854.43 77.56 711.05 1344.30 1977.12 2609.32 3240.69 3871.06 4500.22 5128.00 5754.18 6378.59 7001.04 7621.34 8239.29 8854.71 9467.42 10077.22 10683.93 11287.38 11887.37 77.99 713.23 1348.22 1982.78 2616.72 3249.83 3881.94 4512.83 5142.33 5770.24 6396.37 7020.53 7642.54 8262.19 8879.30 9493.70 10105.18 10713.56 11318.67 11920.30 78.42 715.40 1352.14 1988.45 2624.12 3258.98 3892.81 4525.44 5156.67 5786.30 6414.15 7040.03 7663.74 8285.09 8903.90 9519.98 10133.14 10743.19 11349.95 11953.24 78.85 717.57 1356.06 1994.11 2631.53 3268.12 3903.69 4538.05 5171.01 5802.37 6431.94 7059.52 7684.94 8307.99 8928.50 9546.26 10161.10 10772.82 11381.24 11986.18 79.28 719.75 1359.98 1999.77 2638.93 3277.26 3914.57 4550.66 5185.35 5818.43 6449.72 7079.02 7706.14 8330.90 8953.09 9572.54 10189.06 10802.45 11412.54 12019.13 79.71 721.93 1363.90 2005.44 2646.34 3286.41 3925.45 4563.28 5199.69 5834.50 6467.50 7098.52 7727.35 8353.80 8977.69 9598.83 10217.02 10832.08 11443.83 12052.07 80.14 724.11 1367.83 2011.10 2653.74 3295.55 3936.33 4575.89 5214.03 5850.56 6485.29 7118.01 7748.55 8376.71 9002.29 9625.11 10244.99 10861.72 11475.12 12085.01 80.58 726.29 1371.75 2016.77 2661.15 3304.70 3947.22 4588.51 5228.38 5866.63 6503.07 7137.51 7769.76 8399.62 9026.89 9651.40 10272.95 10891.35 11506.42 12117.96 81.02 728.47 1375.68 2022.44 2668.56 3313.85 3958.10 4601.12 5242.72 5882.70 6520.86 7157.01 7790.97 8422.52 9051.50 9677.69 10300.92 10920.99 11537.71 12150.90 81.45 730.65 1379.60 2028.11 2675.97 3323.00 3968.98 4613.74 5257.07 5898.77 6538.65 7176.52 7812.18 8445.43 9076.10 9703.98 10328.88 10950.62 11569.01 12183.85 81.89 732.83 1383.53 2033.78 2683.38 3332.15 3979.87 4626.36 5271.41 5914.84 6556.44 7196.02 7833.39 8468.34 9100.70 9730.27 10356.85 10980.26 11600.30 12216.80 82.33 735.02 1387.46 2039.45 2690.80 3341.30 3990.76 4638.98 5285.76 5930.91 6574.23 7215.52 7854.60 8491.26 9125.31 9756.56 10384.82 11009.90 11631.60 12249.75 82.77 737.21 1391.39 2045.12 2698.21 3350.45 4001.65 4651.60 5300.11 5946.98 6592.02 7235.03 7875.81 8514.17 9149.92 9782.85 10412.79 11039.54 11662.90 12282.70 83.21 739.39 1395.32 2050.80 2705.63 3359.61 4012.54 4664.22 5314.46 5963.06 6609.81 7254.53 7897.02 8537.08 9174.52 9809.15 10440.76 11069.18 11694.20 12315.65 83.66 741.58 1399.25 2056.47 2713.04 3368.76 4023.43 4676.84 5328.81 5979.13 6627.61 7274.04 7918.24 8560.00 9199.13 9835.44 10468.74 11098.82 11725.51 12348.60 84.10 743.77 1403.19 2062.15 2720.46 3377.92 4034.32 4689.47 5343.16 5995.21 6645.40 7293.55 7939.45 8582.92 9223.74 9861.74 10496.71 11128.46 11756.81 12381.55 84.55 745.96 1407.12 2067.83 2727.88 3387.07 4045.21 4702.09 5357.52 6011.29 6663.20 7313.06 7960.67 8605.83 9248.35 9888.03 10524.68 11158.11 11788.11 12414.51 84.99 748.15 1411.06 2073.51 2735.30 3396.23 4056.11 4714.72 5371.87 6027.37 6681.00 7332.57 7981.89 8628.75 9272.96 9914.33 10552.66 11187.75 11819.42 12447.46 85.44 750.35 1415.00 2079.19 2742.72 3405.39 4067.00 4727.35 5386.23 6043.45 6698.80 7352.08 8003.11 8651.67 9297.58 9940.63 10580.64 11217.40 11850.72 12480.42 85.89 752.54 1418.93 2084.87 2750.14 3414.55 4077.90 4739.98 5400.59 6059.53 6716.60 7371.60 8024.33 8674.59 9322.19 9966.93 10608.61 11247.04 11882.03 12513.38 86.34 754.74 1422.87 2090.55 2757.57 3423.72 4088.80 4752.61 5414.95 6075.61 6734.40 7391.11 8045.55 8697.51 9346.81 9993.23 10636.59 11276.69 11913.34 12546.34 86.79 756.93 1426.81 2096.24 2764.99 3432.88 4099.70 4765.24 5429.30 6091.69 6752.20 7410.63 8066.77 8720.44 9371.42 10019.54 10664.57 11306.34 11944.65 12579.30 87.25 759.13 1430.76 2101.92 2772.42 3442.04 4110.60 4777.87 5443.67 6107.78 6770.00 7430.14 8088.00 8743.36 9396.04 10045.84 10692.55 11335.99 11975.96 12612.26 87.70 761.33 1434.70 2107.61 2779.84 3451.21 4121.50 4790.51 5458.03 6123.86 6787.81 7449.66 8109.22 8766.29 9420.66 10072.14 10720.54 11365.64 12007.27 12645.22 88.15 763.53 1438.64 2113.29 2787.27 3460.38 4132.40 4803.14 5472.39 6139.95 6805.61 7469.18 8130.45 8789.21 9445.28 10098.45 10748.52 11395.30 12038.58 12678.18 88.61 765.73 1442.59 2118.98 2794.70 3469.54 4143.30 4815.78 5486.75 6156.04 6823.42 7488.70 8151.67 8812.14 9469.90 10124.76 10776.50 11424.95 12069.90 12711.14 89.07 767.93 1446.54 2124.67 2802.13 3478.71 4154.21 4828.41 5501.12 6172.13 6841.23 7508.22 8172.90 8835.07 9494.52 10151.06 10804.49 11454.60 12101.21 12744.11 89.53 770.14 1450.48 2130.36 2809.56 3487.88 4165.12 4841.05 5515.49 6188.22 6859.04 7527.74 8194.13 8858.00 9519.15 10177.37 10832.48 11484.26 12132.53 12777.08 89.99 772.34 1454.43 2136.05 2817.00 3497.06 4176.02 4853.69 5529.85 6204.31 6876.85 7547.27 8215.36 8880.93 9543.77 10203.68 10860.46 11513.92 12163.84 12810.04 90.45 774.55 1458.38 2141.75 2824.43 3506.23 4186.93 4866.33 5544.22 6220.40 6894.66 7566.79 8236.59 8903.86 9568.40 10229.99 10888.45 11543.57 12195.16 12843.01 90.91 776.75 1462.33 2147.44 2831.87 3515.40 4197.84 4878.97 5558.59 6236.49 6912.47 7586.32 8257.82 8926.80 9593.02 10256.31 10916.44 11573.23 12226.48 12875.98 91.37 778.96 1466.29 2153.14 2839.30 3524.58 4208.75 4891.62 5572.96 6252.59 6930.28 7605.84 8279.06 8949.73 9617.65 10282.62 10944.43 11602.89 12257.80 12908.95 91.84 781.17 1470.24 2158.83 2846.74 3533.75 4219.66 4904.26 5587.34 6268.69 6948.10 7625.37 8300.29 8972.66 9642.28 10308.93 10972.43 11632.55 12289.12 12941.92 92.30 783.38 1474.19 2164.53 2854.18 3542.93 4230.58 4916.91 5601.71 6284.78 6965.91 7644.90 8321.53 8995.60 9666.91 10335.25 11000.42 11662.22 12320.44 12974.89 92.77 785.59 1478.15 2170.23 2861.62 3552.11 4241.49 4929.55 5616.08 6300.88 6983.73 7664.43 8342.77 9018.54 9691.54 10361.57 11028.41 11691.88 12351.76 13007.87 93.24 787.81 1482.11 2175.93 2869.06 3561.29 4252.41 4942.20 5630.46 6316.98 7001.55 7683.96 8364.00 9041.48 9716.17 10387.88 11056.41 11721.54 12383.09 13040.84 93.71 790.02 1486.07 2181.63 2876.50 3570.47 4263.32 4954.85 5644.84 6333.08 7019.37 7703.49 8385.24 9064.42 9740.80 10414.20 11084.40 11751.21 12414.41 13073.81 94.18 792.24 1490.03 2187.33 2883.95 3579.65 4274.24 4967.50 5659.22 6349.18 7037.19 7723.03 8406.48 9087.36 9765.44 10440.52 11112.40 11780.88 12445.74 13106.79 94.65 794.45 1493.99 2193.04 2891.39 3588.84 4285.16 4980.15 5673.59 6365.29 7055.01 7742.56 8427.73 9110.30 9790.07 10466.84 11140.40 11810.54 12477.07 13139.77 95.12 796.67 1497.95 2198.74 2898.84 3598.02 4296.08 4992.80 5687.97 6381.39 7072.83 7762.10 8448.97 9133.24 9814.71 10493.17 11168.40 11840.21 12508.39 13172.75 95.59 798.89 1501.91 2204.45 2906.28 3607.20 4307.00 5005.45 5702.36 6397.49 7090.66 7781.63 8470.21 9156.19 9839.35 10519.49 11196.40 11869.88 12539.72 13205.73 96.07 801.11 1505.88 2210.15 2913.73 3616.39 4317.92 5018.11 5716.74 6413.60 7108.48 7801.17 8491.46 9179.13 9863.99 10545.81 11224.40 11899.55 12571.05 13238.71 96.54 803.33 1509.84 2215.86 2921.18 3625.58 4328.85 5030.76 5731.12 6429.71 7126.31 7820.71 8512.70 9202.08 9888.63 10572.14 11252.41 11929.22 12602.39 13271.69 97.02 805.55 1513.81 2221.57 2928.63 3634.77 4339.77 5043.42 5745.51 6445.82 7144.13 7840.25 8533.95 9225.03 9913.27 10598.46 11280.41 11958.90 12633.72 13304.67 97.50 807.78 1517.78 2227.28 2936.08 3643.96 4350.70 5056.08 5759.89 6461.93 7161.96 7859.79 8555.20 9247.98 9937.91 10624.79 11308.41 11988.57 12665.05 13337.65 97.98 810.00 1521.74 2232.99 2943.54 3653.15 4361.62 5068.74 5774.28 6478.04 7179.79 7879.33 8576.45 9270.93 9962.55 10651.12 11336.42 12018.24 12696.39 13370.64 98.46 812.23 1525.71 2238.71 2950.99 3662.34 4372.55 5081.40 5788.67 6494.15 7197.62 7898.88 8597.70 9293.88 9987.20 10677.45 11364.43 12047.92 12727.72 13403.62 98.94 814.45 1529.69 2244.42 2958.44 3671.54 4383.48 5094.06 5803.06 6510.26 7215.45 7918.42 8618.95 9316.83 10011.84 10703.78 11392.44 12077.60 12759.06 13436.61 99.43 816.68 1533.66 2250.14 2965.90 3680.73 4394.41 5106.72 5817.45 6526.38 7233.29 7937.97 8640.20 9339.78 10036.49 10730.11 11420.45 12107.28 12790.40 13469.60 99.91 818.91 1537.63 2255.85 2973.36 3689.93 4405.34 5119.39 5831.84 6542.49 7251.12 7957.52 8661.46 9362.74 10061.14 10756.45 11448.46 12136.96 12821.74 13502.59 100.40 821.14 1541.61 2261.57 2980.82 3699.12 4416.27 5132.05 5846.23 6558.61 7268.96 7977.06 8682.71 9385.69 10085.78 10782.78 11476.47 12166.64 12853.08 13535.58 100.88 823.37 1545.58 2267.29 2988.28 3708.32 4427.21 5144.72 5860.63 6574.73 7286.79 7996.61 8703.97 9408.65 10110.43 10809.12 11504.48 12196.32 12884.42 13568.57 101.37 825.61 1549.56 2273.01 2995.74 3717.52 4438.14 5157.38 5875.02 6590.85 7304.63 8016.16 8725.23 9431.60 10135.08 10835.45 11532.49 12226.00 12915.76 13601.56 101.86 827.84 1553.54 2278.73 3003.20 3726.72 4449.08 5170.05 5889.42 6606.97 7322.47 8035.71 8746.48 9454.56 10159.74 10861.79 11560.51 12255.68 12947.10 13634.55 102.35 830.08 1557.52 2284.45 3010.66 3735.92 4460.02 5182.72 5903.82 6623.09 7340.31 8055.27 8767.74 9477.52 10184.39 10888.13 11588.52 12285.37 12978.45 13667.55 102.84 832.31 1561.50 2290.18 3018.13 3745.13 4470.96 5195.39 5918.22 6639.21 7358.15 8074.82 8789.00 9500.48 10209.04 10914.47 11616.54 12315.05 13009.79 13700.54 103.33 834.55 1565.48 2295.90 3025.59 3754.33 4481.90 5208.06 5932.62 6655.33 7375.99 8094.38 8810.27 9523.45 10233.70 10940.81 11644.56 12344.74 13041.14 13733.54 103.83 836.79 1569.46 2301.63 3033.06 3763.54 4492.84 5220.74 5947.02 6671.46 7393.84 8113.93 8831.53 9546.41 10258.35 10967.15 11672.58 12374.43 13072.48 13766.54 104.32 839.03 1573.45 2307.35 3040.53 3772.74 4503.78 5233.41 5961.42 6687.58 7411.68 8133.49 8852.79 9569.37 10283.01 10993.49 11700.60 12404.12 13103.83 13799.54 104.82 841.27 1577.43 2313.08 3048.00 3781.95 4514.72 5246.09 5975.82 6703.71 7429.52 8153.05 8874.06 9592.34 10307.67 11019.84 11728.62 12433.81 13135.18 13832.53 105.32 843.51 1581.42 2318.81 3055.47 3791.16 4525.67 5258.76 5990.23 6719.84 7447.37 8172.61 8895.33 9615.31 10332.33 11046.18 11756.64 12463.50 13166.53 13865.53 105.82 845.76 1585.41 2324.54 3062.94 3800.37 4536.61 5271.44 6004.63 6735.97 7465.22 8192.17 8916.59 9638.27 10356.99 11072.53 11784.67 12493.19 13197.88 13898.54 106.32 848.00 1589.40 2330.27 3070.41 3809.58 4547.56 5284.12 6019.04 6752.10 7483.07 8211.73 8937.86 9661.24 10381.65 11098.88 11812.69 12522.88 13229.24 13931.54 106.82 850.25 1593.39 2336.01 3077.89 3818.79 4558.51 5296.80 6033.45 6768.23 7500.92 8231.29 8959.13 9684.21 10406.32 11125.22 11840.72 12552.58 13260.59 13964.54 107.32 852.49 1597.38 2341.74 3085.36 3828.01 4569.46 5309.48 6047.86 6784.36 7518.77 8250.86 8980.40 9707.18 10430.98 11151.57 11868.74 12582.27 13291.95 13997.55 107.82 854.74 1601.37 2347.48 3092.84 3837.22 4580.41 5322.16 6062.27 6800.50 7536.62 8270.42 9001.67 9730.16 10455.65 11177.92 11896.77 12611.97 13323.30 14030.55 108.33 856.99 1605.36 2353.21 3100.31 3846.44 4591.36 5334.85 6076.68 6816.63 7554.47 8289.99 9022.95 9753.13 10480.31 11204.27 11924.80 12641.67 13354.66 14063.56 108.83 859.24 1609.36 2358.95 3107.79 3855.65 4602.31 5347.53 6091.09 6832.77 7572.33 8309.56 9044.22 9776.10 10504.98 11230.63 11952.83 12671.37 13386.02 14096.57 109.34 861.49 1613.35 2364.69 3115.27 3864.87 4613.26 5360.22 6105.51 6848.90 7590.18 8329.12 9065.50 9799.08 10529.65 11256.98 11980.86 12701.06 13417.38 14129.58 109.85 863.75 1617.35 2370.43 3122.75 3874.09 4624.22 5372.90 6119.92 6865.04 7608.04 8348.69 9086.77 9822.05 10554.32 11283.34 12008.89 12730.77 13448.74 14162.59 110.36 866.00 1621.35 2376.17 3130.24 3883.31 4635.17 5385.59 6134.34 6881.18 7625.90 8368.26 9108.05 9845.03 10578.99 11309.69 12036.93 12760.47 13480.10 14195.60 110.87 868.26 1625.35 2381.91 3137.72 3892.53 4646.13 5398.28 6148.75 6897.32 7643.76 8387.84 9129.33 9868.01 10603.66 11336.05 12064.96 12790.17 13511.46 14228.61 111.38 870.51 1629.35 2387.66 3145.20 3901.76 4657.09 5410.97 6163.17 6913.46 7661.62 8407.41 9150.61 9890.99 10628.33 11362.41 12093.00 12819.87 13542.82 14261.62 111.89 872.77 1633.35 2393.40 3152.69 3910.98 4668.05 5423.66 6177.59 6929.61 7679.48 8426.98 9171.89 9913.97 10653.01 11388.77 12121.03 12849.58 13574.19 14294.64 112.40 875.03 1637.35 2399.15 3160.17 3920.21 4679.01 5436.36 6192.01 6945.75 7697.34 8446.56 9193.17 9936.95 10677.68 11415.13 12149.07 12879.28 13605.55 14327.65 112.92 877.29 1641.36 2404.89 3167.66 3929.43 4689.97 5449.05 6206.43 6961.90 7715.21 8466.13 9214.45 9959.94 10702.36 11441.49 12177.11 12908.99 13636.92 14360.67 113.44 879.55 1645.36 2410.64 3175.15 3938.66 4700.93 5461.74 6220.86 6978.04 7733.07 8485.71 9235.74 9982.92 10727.03 11467.85 12205.15 12938.70 13668.29 14393.68 113.95 881.81 1649.37 2416.39 3182.64 3947.89 4711.90 5474.44 6235.28 6994.19 7750.94 8505.29 9257.02 10005.91 10751.71 11494.21 12233.19 12968.41 13699.65 14426.70 114.47 884.08 1653.38 2422.14 3190.13 3957.12 4722.86 5487.14 6249.71 7010.34 7768.80 8524.87 9278.31 10028.89 10776.39 11520.58 12261.23 12998.12 13731.02 14459.72 114.99 886.34 1657.39 2427.89 3197.63 3966.35 4733.83 5499.84 6264.13 7026.49 7786.67 8544.45 9299.60 10051.88 10801.07 11546.95 12289.27 13027.83 13762.39 14492.74 115.51 888.61 1661.40 2433.65 3205.12 3975.58 4744.80 5512.54 6278.56 7042.64 7804.54 8564.03 9320.89 10074.87 10825.75 11573.31 12317.32 13057.54 13793.77 14525.76 116.03 890.87 1665.41 2439.40 3212.61 3984.82 4755.77 5525.24 6292.99 7058.79 7822.41 8583.62 9342.18 10097.86 10850.44 11599.68 12345.36 13087.26 13825.14 14558.78 116.56 893.14 1669.42 2445.16 3220.11 3994.05 4766.74 5537.94 6307.42 7074.95 7840.28 8603.20 9363.47 10120.85 10875.12 11626.05 12373.41 13116.97 13856.51 14591.81 117.08 895.41 1673.44 2450.91 3227.61 4003.29 4777.71 5550.64 6321.85 7091.10 7858.16 8622.79 9384.76 10143.84 10899.81 11652.42 12401.46 13146.69 13887.89 14624.83 117.61 897.68 1677.45 2456.67 3235.11 4012.52 4788.68 5563.35 6336.28 7107.26 7876.03 8642.37 9406.05 10166.84 10924.49 11678.79 12429.50 13176.40 13919.26 14657.86 118.13 899.95 1681.47 2462.43 3242.61 4021.76 4799.65 5576.05 6350.72 7123.41 7893.91 8661.96 9427.35 10189.83 10949.18 11705.16 12457.55 13206.12 13950.64 14690.88 118.66 902.23 1685.48 2468.19 3250.11 4031.00 4810.63 5588.76 6365.15 7139.57 7911.78 8681.55 9448.64 10212.83 10973.87 11731.54 12485.60 13235.84 13982.02 14723.91 119.19 904.50 1689.50 2473.95 3257.61 4040.24 4821.60 5601.47 6379.59 7155.73 7929.66 8701.14 9469.94 10235.82 10998.56 11757.91 12513.66 13265.56 14013.40 14756.94 119.72 906.78 1693.52 2479.71 3265.11 4049.48 4832.58 5614.17 6394.02 7171.89 7947.54 8720.73 9491.24 10258.82 11023.25 11784.29 12541.71 13295.28 14044.78 14789.97 120.25 909.05 1697.54 2485.48 3272.62 4058.72 4843.56 5626.88 6408.46 7188.05 7965.42 8740.32 9512.54 10281.82 11047.94 11810.66 12569.76 13325.00 14076.16 14823.00 120.79 911.33 1701.56 2491.24 3280.12 4067.97 4854.54 5639.60 6422.90 7204.21 7983.30 8759.92 9533.84 10304.82 11072.63 11837.04 12597.82 13354.73 14107.54 14856.03
=== END RADAR_SCAN ===

=== BEGIN RADAR_SCAN ===
scan.index=2
scan.time=189.330000
radar.id=2
radar.frequency=X
radar.scanning_mode=RHI
radar.x=-50000.000
radar.y=50000.000
radar.z=25.000
radar.maximum_range=50000.000
radar.range_resolution=100.000
radar.angular_resolution=1.000000
box.radar_id=2
box.min_range_gate=199.000
box.max_range_gate=454.000
box.min_angle=0.000000
box.max_angle=20.000000
box.num_ranges=256
box.num_angles=20
box.range_resolution=100.000
box.angular_resolution=1.000000
box.other_angle=-49.731666
grid.size=5120
grid.data=0.00 0.00 0.00 0.00 0.00 0.00 0.00 0.00 0.00 0.00 0.00 0.00 0.00 0.00 0.00 0.00 0.00 0.00 0.00 0.00 0.00 0.00 0.00 0.00 0.00 0.00 0.00 0.00 0.00 0.00 0.00 0.00 0.00 0.00 0.00 0.00 0.00 0.00 0.00 0.00 27.66 27.55 25.50 26.74 0.00 0.00 0.00 0.00 0.00 0.00 0.00 0.00 0.00 0.00 0.00 0.00 0.00 0.00 0.00 0.00 22.45 26.53 30.23 27.90 31.34 28.06 28.24 0.00 0.00 0.00 0.00 0.00 0.00 0.00 0.00 0.00 0.00 0.00 0.00 0.00 29.40 27.21 28.73 30.53 30.18 25.04 34.44 28.92 28.39 0.00 0.00 0.00 0.00 0.00 0.00 0.00 0.00 0.00 0.00 0.00 25.67 27.52 28.66 30.10 32.21 27.41 34.27 33.38 31.65 31.25 44.45 0.00 0.00 0.00 0.00 0.00 0.00 0.00 0.00 0.00 30.00 24.73 28.61 28.37 28.93 33.36 37.35 37.13 35.71 32.53 52.24 37.18 0.00 0.00 0.00 0.00 0.00 0.00 0.00 0.00 22.56 27.94 26.59 28.51 28.56 38.82 30.89 31.22 33.79 37.32 47.79 36.93 32.08 0.00 0.00 0.00 0.00 0.00 0.00 0.00 30.46 30.79 24.79 32.22 30.30 27.78 30.68 32.26 34.04 42.03 45.44 42.24 38.71 33.10 28.48 0.00 0.00 0.00 0.00 0.00 28.22 25.46 25.64 27.61 26.76 32.13 30.09 28.27 33.68 37.26 45.39 41.01 33.75 31.14 28.04 21.73 0.00 0.00 0.00 0.00 31.36 24.59 29.75 28.50 30.01 30.82 30.91 36.43 37.55 37.09 46.14 41.44 32.71 34.57 23.66 21.50 19.70 0.00 0.00 0.00 28.09 29.27 30.03 28.95 34.13 32.65 36.60 34.63 32.39 36.95 41.74 36.86 36.20 29.34 28.27 22.88 18.35 13.41 0.00 0.00 26.13 24.54 25.83 29.68 27.56 33.09 29.61 34.17 32.43 38.08 45.19 40.97 37.43 30.81 22.99 22.18 20.09 14.79 0.00 0.00 33.23 26.54 27.30 28.00 34.17 30.93 33.64 33.88 33.05 38.56 37.40 35.63 39.55 27.64 22.64 26.06 18.68 17.47 11.98 0.00 28.48 26.22 26.23 26.89 32.42 31.09 31.25 29.63 32.92 40.92 42.21 41.66 31.83 33.06 28.11 23.31 15.96 14.66 10.28 7.99 28.91 26.92 29.39 28.27 33.10 28.13 34.05 32.35 36.95 39.84 44.48 34.00 38.58 28.38 29.79 21.01 21.36 13.44 8.35 -0.66 24.19 26.31 33.45 31.01 31.84 30.62 32.23 36.93 33.15 38.63 48.23 35.91 35.42 30.30 25.70 20.54 19.96 13.61 10.07 -1.20 29.36 27.83 31.79 28.84 28.23 28.12 28.12 34.86 33.71 39.35 44.28 40.81 31.13 33.35 24.73 22.86 15.88 11.61 10.73 -1.26 26.58 26.98 31.25 31.39 29.38 32.50 32.59 31.74 29.34 41.45 41.99 39.76 34.37 29.29 23.47 22.38 16.18 13.00 11.61 2.59 27.72 30.93 28.96 32.05 30.25 32.15 36.13 36.39 35.60 41.86 48.86 38.93 36.07 31.39 24.56 22.46 14.03 14.46 9.62 0.33 27.42 29.25 31.55 26.75 29.23 29.98 33.77 31.95 35.49 39.40 39.66 38.15 30.58 26.66 26.97 18.18 16.85 13.44 9.16 1.84 24.48 24.07 27.29 31.47 32.45 30.30 32.45 39.29 33.67 44.10 42.98 39.94 30.85 28.69 22.95 20.99 18.59 13.50 11.67 0.15 27.98 29.54 26.30 28.44 30.49 32.97 30.17 31.22 34.29 43.80 44.95 38.61 33.98 28.20 21.54 21.77 15.16 10.69 9.45 0.33 23.49 29.70 27.42 26.22 33.16 30.02 32.47 31.03 38.83 46.44 46.94 36.39 26.89 28.80 23.38 19.91 18.69 10.68 8.91 -1.00 31.02 25.56 27.30 24.22 29.55 32.38 28.46 33.42 31.29 46.75 41.03 39.02 31.87 29.75 27.40 22.08 17.90 15.62 8.45 0.26 25.39 24.48 27.19 27.33 28.74 30.14 32.65 29.17 33.73 42.64 41.68 38.39 33.08 28.05 20.03 20.88 13.22 7.79 7.67 0.70 27.79 26.20 29.52 29.44 31.47 34.94 31.89 29.56 30.41 43.14 40.25 35.75 29.02 27.17 25.75 21.05 19.15 11.43 3.99 0.96 25.43 27.74 32.19 30.77 33.76 33.90 37.74 33.09 36.72 34.97 42.37 31.92 27.67 26.01 21.50 20.02 15.37 13.57 0.93 2.09 28.15 29.22 29.29 30.72 28.35 34.17 36.06 34.40 34.39 41.36 46.68 38.36 31.68 30.00 22.17 19.35 14.08 11.85 0.93 -4.93 26.90 29.00 30.65 28.24 28.87 28.87 33.92 31.39 34.18 43.16 38.62 32.51 30.67 24.78 20.89 17.02 14.57 9.45 0.65 0.90 25.67 24.59 26.74 29.37 30.96 27.89 34.92 33.17 33.61 45.47 40.34 37.38 33.74 22.94 23.01 19.75 14.58 6.86 0.98 0.76 26.21 25.59 29.61 26.35 27.59 32.11 25.84 35.42 36.91 42.43 38.82 35.43 27.95 29.96 22.63 17.20 16.42 11.58 -0.70 -0.93 25.81 30.04 24.68 29.65 33.20 30.78 34.85 35.37 34.90 39.46 38.75 35.11 31.65 25.45 19.14 19.64 14.21 10.64 2.81 0.04 23.52 26.26 27.19 30.81 31.33 31.91 29.97 30.92 33.64 44.63 41.14 40.12 30.46 27.46 17.95 19.16 15.70 9.17 2.98 -2.52 28.97 24.09 25.87 31.23 33.67 30.20 28.31 36.36 35.04 36.68 41.36 31.74 30.81 26.96 21.55 16.55 14.74 8.42 1.16 -1.49 26.76 25.07 27.92 32.11 27.88 33.95 31.41 35.22 33.96 40.10 41.58 37.67 30.55 29.98 21.30 17.46 12.52 6.88 -6.33 0.66 27.85 28.57 31.63 32.20 22.81 28.82 34.79 37.15 33.04 46.24 37.95 36.68 30.17 22.68 21.51 18.20 11.94 7.90 1.27 -3.44 23.08 29.67 24.57 30.90 28.72 31.85 33.22 33.33 37.94 47.16 35.82 31.19 32.66 24.73 18.23 16.89 11.85 6.10 1.33 2.45 27.76 29.02 27.86 26.39 28.93 22.90 37.80 28.59 39.27 39.72 32.65 38.64 27.08 21.21 20.65 14.68 10.77 4.92 2.45 0.62 28.38 26.31 28.98 25.14 31.73 34.02 31.66 33.33 38.39 42.15 41.94 32.61 29.27 22.84 20.94 14.09 8.17 -2.35 -0.67 0.92 30.56 26.15 26.58 31.96 30.88 34.57 29.34 35.93 41.98 40.20 35.68 31.75 31.54 22.39 22.79 11.71 11.25 -1.71 -2.23 0.36 24.36 26.18 28.57 27.84 28.97 30.44 36.56 31.51 37.93 39.61 41.95 32.12 28.18 24.41 19.95 12.36 11.51 -1.21 1.67 1.08 21.38 24.74 29.94 31.21 28.80 34.09 33.94 36.82 41.33 40.03 40.43 35.18 31.89 18.51 19.84 14.73 13.25 1.72 0.04 0.32 28.28 25.58 25.02 28.84 32.60 31.69 31.16 31.67 42.90 38.27 35.30 35.51 32.67 26.08 17.81 14.30 10.72 2.59 0.23 -1.68 24.23 25.40 26.56 27.41 30.41 29.42 26.50 31.12 41.16 42.80 36.62 29.79 30.36 24.64 18.71 15.29 8.84 3.01 -2.02 -1.52 26.74 22.23 24.20 32.29 28.20 30.40 29.08 35.85 45.19 38.94 34.53 30.70 32.46 21.65 19.76 13.67 6.23 0.13 1.24 -0.28 32.37 30.79 29.70 33.26 29.98 30.27 31.15 34.74 47.93 40.78 40.45 32.41 30.03 22.58 15.85 12.48 9.26 0.12 -2.05 -0.81 30.77 29.72 24.13 29.99 32.17 33.79 29.99 32.14 41.51 37.87 30.91 34.17 24.48 22.97 18.50 15.27 9.42 -0.51 -0.42 0.86 26.22 27.98 25.80 28.97 31.21 32.24 32.56 31.78 47.96 36.29 34.71 31.87 24.31 24.17 16.62 13.83 8.11 1.58 -0.22 -0.54 25.94 27.90 26.69 31.21 31.87 28.55 36.17 35.48 38.98 39.95 36.42 29.29 24.39 20.93 20.27 14.26 8.41 1.35 -1.11 0.68 26.78 26.60 27.92 27.28 32.48 35.46 33.31 34.68 45.80 34.62 33.23 27.07 27.58 21.91 17.73 9.42 10.22 -2.39 -0.05 0.47 29.97 28.00 27.46 29.54 30.56 29.83 31.34 32.60 38.69 42.22 35.41 27.07 27.26 20.87 17.83 13.93 8.23 -0.62 -1.97 0.84 28.11 27.44 26.76 30.19 38.30 33.36 25.51 42.12 45.90 39.88 33.62 29.53 25.23 22.31 13.41 12.14 9.42 1.64 1.03 1.03 24.77 27.44 31.88 27.20 33.71 35.06 33.78 40.11 43.07 40.54 35.15 29.54 27.57 22.96 16.38 11.52 5.80 -0.42 1.32 2.57 24.91 26.41 27.30 28.19 27.90 32.09 31.66 34.20 42.13 42.43 33.78 33.25 28.16 20.77 18.95 12.38 2.43 -2.55 -2.07 1.64 24.04 25.30 33.58 29.92 30.66 30.22 30.72 34.57 44.82 35.05 34.71 30.57 24.35 24.16 18.92 10.08 -0.70 0.64 -1.18 -1.32 28.66 23.73 25.61 30.13 32.88 33.02 33.37 37.73 41.76 39.48 32.34 28.31 29.01 19.70 17.61 10.98 0.42 1.29 -2.15 1.01 27.65 29.63 27.73 23.94 28.77 29.32 34.38 34.03 40.96 33.27 35.99 28.03 26.84 18.00 16.52 12.53 1.87 0.13 0.74 0.38 28.52 26.61 26.41 26.32 32.49 31.89 32.71 31.69 35.77 35.44 31.44 29.18 24.38 21.63 17.72 11.30 -0.34 -2.67 1.06 1.69 27.63 23.61 28.09 32.21 35.02 35.71 29.23 39.35 43.68 34.76 38.19 26.30 24.05 21.25 13.30 11.47 2.41 -3.43 1.30 -1.47 28.98 21.57 30.03 30.70 31.86 25.63 39.83 35.64 42.11 35.30 39.66 30.07 25.14 22.81 13.55 12.10 0.72 3.77 -0.45 0.28 30.68 23.60 29.12 31.84 33.11 34.99 29.51 35.31 36.58 36.26 33.86 29.15 22.65 18.81 15.00 12.44 0.23 1.06 0.99 -0.23 30.08 26.06 28.22 27.92 30.22 31.40 37.92 33.77 39.14 38.67 33.05 26.43 21.49 15.74 9.48 7.82 -0.47 0.92 1.58 -0.52 26.97 28.04 28.13 33.92 31.57 31.94 30.42 37.03 43.73 34.67 33.93 22.61 23.96 16.97 19.12 8.54 -0.89 0.70 1.77 -1.72 29.75 29.16 25.41 27.27 34.49 30.32 31.59 36.40 42.85 36.62 37.05 27.41 23.00 14.67 11.12 9.53 -0.57 0.71 -0.60 1.17 28.13 26.85 29.70 29.17 33.78 32.59 37.70 34.19 43.44 37.89 31.57 31.32 22.92 15.24 13.70 5.85 1.56 -0.44 0.23 -1.81 28.58 34.06 24.07 30.80 32.53 26.83 35.56 34.46 47.00 35.85 32.79 29.13 21.27 18.44 14.07 8.27 0.20 0.72 -1.88 0.93 27.73 27.90 30.50 31.24 36.61 34.20 33.14 34.56 42.31 34.81 33.46 27.83 25.86 20.47 12.20 9.28 -0.84 -1.56 3.01 0.53 27.90 23.69 30.80 30.24 29.03 28.41 38.93 33.02 40.34 38.86 30.69 22.44 19.33 16.50 10.97 6.29 -0.09 0.40 1.74 -0.45 24.41 28.69 26.46 26.41 28.76 29.76 33.94 39.35 45.64 33.61 30.00 31.09 22.24 16.51 12.97 8.01 -0.04 0.27 -0.89 0.69 23.81 27.36 27.80 31.08 32.54 28.03 33.79 40.65 38.86 36.22 31.48 29.29 19.75 14.51 11.52 1.28 -0.53 3.03 1.64 -0.87 28.02 23.56 23.82 27.84 25.96 30.80 33.89 37.56 37.06 34.73 32.42 28.49 25.14 13.95 9.07 0.39 3.08 -0.22 3.48 0.02 31.12 26.36 22.82 27.50 31.56 31.31 32.01 39.71 41.27 36.59 30.77 29.46 22.66 18.83 9.13 -0.22 0.01 2.55 0.27 -1.02 24.87 30.98 25.82 32.37 33.63 30.97 32.19 41.76 39.38 35.24 28.77 23.49 23.00 16.51 12.31 -0.99 0.05 3.12 2.24 -0.79 25.42 28.27 28.16 32.13 32.08 32.74 30.18 42.56 44.30 33.68 34.60 28.53 18.23 17.86 11.05 2.49 -2.08 1.67 -0.82 -0.93 40.77 41.44 44.57 34.92 49.00 36.98 37.93 37.36 39.78 36.72 31.94 26.90 22.01 18.05 13.54 1.51 1.81 -1.19 1.15 -0.84 39.04 46.35 37.06 37.15 39.58 42.41 45.20 38.97 40.42 38.71 32.43 28.73 19.50 16.60 10.37 0.56 -0.38 -1.70 -0.23 3.63 39.99 45.37 39.46 42.20 42.81 49.76 48.63 45.58 47.19 34.89 30.37 22.99 18.85 15.60 7.78 2.30 -1.72 1.56 -1.32 3.37 42.79 40.11 39.90 45.07 43.48 44.03 48.62 37.80 40.78 41.04 32.86 28.07 20.82 14.29 8.19 1.01 -1.13 -4.78 3.01 -3.26 37.54 39.66 39.49 44.11 40.26 44.04 38.30 42.95 37.02 35.98 30.01 23.25 22.64 14.12 12.57 1.44 -2.48 0.15 -0.59 -3.43 40.35 40.16 42.15 45.30 45.23 45.66 43.29 43.36 40.00 39.86 34.77 28.40 14.23 17.48 11.05 0.04 -0.33 0.41 1.36 -1.41 44.02 43.01 41.45 42.22 43.34 41.63 47.25 52.66 45.05 42.25 31.92 27.06 23.48 15.92 9.86 2.32 -1.83 0.98 0.98 0.64 41.33 43.45 39.12 45.35 45.82 46.38 50.60 44.50 42.09 36.95 28.84 26.40 20.30 20.47 8.42 -0.86 -0.27 1.05 1.38 2.00 41.09 43.45 34.48 47.33 40.45 45.05 45.26 51.67 43.99 36.26 29.43 30.68 21.30 21.16 16.53 -1.62 0.45 -0.24 -1.00 -0.60 37.90 38.73 42.86 39.79 43.35 42.72 43.68 50.29 41.46 37.75 30.89 29.25 23.74 20.73 17.01 0.76 -0.80 -1.72 0.62 -0.59 42.34 36.08 47.54 42.31 39.91 44.04 46.17 49.11 51.37 41.40 30.74 27.45 23.30 23.03 14.60 13.10 1.55 -0.70 2.03 -0.63 39.56 43.97 36.76 40.13 42.79 45.34 40.58 38.99 41.78 37.07 33.28 29.76 18.90 19.29 16.64 11.22 8.22 0.60 0.45 1.92 43.10 41.95 39.72 45.26 41.24 45.65 36.43 42.37 41.98 31.40 30.57 28.32 22.42 17.95 14.86 10.99 13.42 -0.79 -0.73 -2.60 40.94 38.51 43.44 40.71 41.41 41.74 52.34 47.09 39.53 35.50 30.20 27.87 25.59 22.46 16.65 12.15 9.49 1.36 -1.20 -0.80 44.74 37.20 41.91 37.57 35.67 39.67 37.26 37.01 44.65 35.87 31.02 26.04 25.54 23.62 15.26 12.07 10.94 -0.10 0.83 0.66 40.85 41.57 44.96 43.51 45.37 45.41 37.07 48.21 36.95 32.06 30.21 25.21 19.48 20.23 18.90 14.11 8.24 0.10 -0.01 -1.55 45.98 37.35 34.55 45.06 43.78 46.21 45.35 44.70 40.44 32.46 33.42 26.76 20.70 19.67 16.13 13.42 5.63 -1.29 -1.14 -0.22 40.27 33.93 40.96 42.15 46.27 40.48 49.42 41.47 39.54 32.28 28.89 27.19 23.73 20.80 14.54 12.65 10.88 2.84 -1.35 -0.17 45.24 36.81 42.49 42.66 43.26 44.61 50.24 43.41 39.02 29.88 29.50 22.41 18.62 18.77 16.13 13.25 7.00 1.60 0.46 0.00 43.65 36.88 40.19 40.38 35.08 48.63 42.93 44.15 42.58 31.84 26.71 26.01 24.13 21.96 17.81 13.63 7.53 -4.02 1.93 2.69 39.81 45.39 36.97 35.75 42.65 41.40 40.25 45.10 38.54 33.51 30.99 25.55 24.33 18.87 12.66 12.18 9.67 -1.30 -1.75 0.32 35.06 41.26 42.64 41.47 44.27 45.11 45.96 41.20 37.55 34.74 29.60 25.84 21.42 19.74 14.11 12.75 8.94 0.03 -2.24 0.82 40.16 42.02 39.97 41.56 39.14 43.75 43.00 38.02 40.33 27.21 28.21 26.95 19.90 19.55 15.53 11.34 5.89 -0.47 3.29 -1.30 41.33 39.92 39.66 40.95 39.86 47.59 45.61 46.42 38.54 32.05 31.46 27.78 21.69 20.80 17.89 12.48 7.92 -1.60 -1.38 -1.36 39.07 39.62 43.09 39.16 40.77 41.62 38.01 42.69 36.70 28.46 29.94 26.68 20.58 16.55 16.01 11.07 9.18 -0.09 2.80 0.20 36.68 40.92 40.51 41.86 41.66 40.60 41.64 41.91 41.97 34.08 29.00 24.68 20.69 15.77 13.23 11.07 8.83 1.13 0.98 1.91 42.52 39.46 43.05 43.26 41.38 37.54 41.17 42.78 33.65 31.13 27.66 24.71 21.35 19.33 14.35 15.07 9.01 1.49 1.17 0.40 34.67 36.60 39.12 46.57 39.50 43.04 43.66 42.66 38.40 32.94 27.87 27.14 20.97 17.67 14.02 10.91 -3.40 -0.92 -2.07 -1.82 40.60 43.64 39.28 43.22 41.30 42.11 38.84 40.53 38.40 31.99 31.01 29.03 20.62 17.45 11.53 8.76 1.43 1.44 1.20 -2.04 38.18 36.32 43.81 37.48 45.56 44.35 40.27 39.26 42.36 30.85 30.26 21.23 20.02 18.56 13.11 14.95 0.33 -1.03 -1.02 -0.64 45.09 36.91 39.80 34.97 47.09 42.14 46.25 38.56 37.56 30.22 25.53 23.32 19.38 20.94 14.33 11.88 0.12 2.74 -2.38 1.97 32.76 35.11 40.85 35.73 42.05 43.56 48.55 48.09 41.70 32.45 27.40 23.68 24.21 17.85 16.90 7.38 4.73 0.48 0.58 0.81 42.96 36.54 33.14 45.87 34.30 43.28 34.72 45.13 38.02 29.73 28.67 25.45 19.58 15.72 12.51 7.69 0.44 -0.55 1.83 1.98 39.40 38.70 35.72 39.51 45.21 38.94 39.77 42.22 37.46 31.31 27.65 27.84 19.84 14.55 13.29 4.36 0.01 1.17 0.81 0.81 39.60 38.57 41.06 37.90 39.59 43.31 44.92 33.61 39.32 31.25 29.20 24.53 17.90 14.96 11.42 8.16 1.46 -1.12 0.51 1.98 34.40 36.91 39.48 40.76 42.48 34.78 40.03 36.29 33.57 30.23 27.42 24.12 23.60 15.65 15.09 8.64 0.96 -1.69 0.65 -3.74 38.11 35.20 36.38 44.03 41.26 38.38 39.82 36.09 34.06 28.67 24.73 21.82 23.30 13.85 11.40 7.41 -1.59 0.53 0.31 0.87 41.23 38.61 47.35 40.47 37.69 38.95 40.88 40.87 29.17 32.08 31.88 22.40 18.79 14.97 15.01 9.43 -0.13 -0.85 -0.03 -0.27 40.94 33.30 41.20 41.84 41.13 32.64 39.00 39.96 36.64 32.93 27.72 20.44 19.73 10.89 12.13 6.62 -2.77 -0.00 0.09 0.88 41.03 41.45 42.88 41.40 38.35 48.67 45.02 40.69 40.39 31.99 29.83 21.78 19.94 15.45 14.30 11.01 -1.23 1.66 -1.74 0.01 39.61 43.30 40.71 41.34 39.87 37.22 42.96 39.04 31.57 33.67 23.55 24.00 20.24 15.64 11.55 11.52 0.34 -2.38 -1.50 0.29 39.40 41.44 37.31 42.18 43.36 43.67 44.86 42.70 33.62 29.25 27.73 23.61 19.01 14.10 10.24 9.38 0.64 0.72 -0.24 -0.55 43.38 40.52 38.54 38.72 39.52 36.35 37.36 39.67 34.02 30.62 25.82 22.77 18.73 12.03 8.88 9.52 -1.00 -0.45 -1.16 -0.75 42.53 38.10 33.80 40.15 42.48 41.93 39.58 36.50 35.79 28.36 24.84 20.27 22.18 15.55 8.00 9.53 -0.17 0.48 0.78 0.74 42.11 37.73 36.13 41.26 42.02 40.87 41.07 38.73 37.77 35.20 25.13 24.86 18.29 13.56 11.07 8.12 2.77 -0.83 2.67 0.43 33.92 38.05 37.87 38.47 43.30 36.59 38.39 44.12 35.12 29.41 31.92 22.53 18.63 14.06 12.39 7.07 -1.26 3.54 0.40 -1.38 38.32 39.38 37.90 45.53 44.94 44.91 35.48 39.04 38.18 31.59 27.37 23.15 16.05 12.73 11.89 4.65 1.90 0.16 0.56 0.87 42.12 39.57 36.69 43.61 43.30 37.85 38.92 40.08 33.52 27.79 23.72 19.47 20.04 15.96 10.22 -1.96 0.55 -0.36 -2.49 2.42 40.42 37.14 34.04 39.59 40.08 40.43 39.49 38.44 35.86 29.27 25.22 21.93 15.73 14.09 9.68 -0.02 0.85 -1.03 0.60 0.57 37.63 42.81 40.91 33.56 46.17 42.35 44.16 38.65 30.99 29.44 26.90 22.00 20.46 12.55 12.88 0.61 -2.14 -0.80 1.55 -1.91 45.56 44.74 35.50 34.68 38.94 34.43 41.07 37.48 34.78 32.97 25.65 19.69 18.13 14.32 11.95 -1.48 -0.26 2.87 -2.23 -0.94 32.87 42.29 39.28 42.32 38.25 44.01 44.49 39.12 26.07 25.64 21.66 20.51 22.83 15.13 7.59 0.38 1.43 0.08 0.61 -0.46 42.54 38.15 39.64 49.70 34.05 34.32 39.67 40.42 34.37 25.62 23.69 20.67 16.55 11.30 9.95 -0.53 -0.18 1.29 0.59 0.22 41.30 35.60 39.52 42.17 42.10 35.57 39.92 38.32 28.69 32.49 23.46 22.83 19.52 15.68 8.51 1.88 1.03 -2.25 1.50 -0.87 39.69 36.43 40.17 39.94 39.18 33.27 35.58 37.89 28.81 26.20 24.74 20.59 15.75 11.50 5.95 -1.87 -0.24 0.72 1.47 1.28 36.47 38.81 40.41 45.55 41.46 35.38 40.64 40.67 31.93 27.16 24.34 23.48 17.85 13.70 9.74 -0.29 -1.47 2.57 -0.82 -0.37 40.16 38.77 38.88 39.80 34.02 42.06 35.49 38.91 31.05 27.08 28.39 18.72 15.96 15.08 10.16 0.83 -1.79 1.21 -1.42 -0.41 38.50 39.42 40.73 33.54 36.40 45.72 41.11 42.91 33.84 31.77 23.31 21.82 15.94 13.11 11.53 0.99 1.64 0.00 0.38 -1.06 36.20 41.17 43.86 39.74 42.45 39.16 40.32 35.44 34.42 28.20 24.42 21.72 17.08 11.04 8.53 -3.34 0.37 -1.14 0.51 -1.30 37.99 36.63 35.68 35.67 37.56 35.22 40.15 33.76 36.28 29.68 23.78 20.23 13.43 8.49 12.73 -0.05 2.68 -1.82 0.69 0.35 39.90 38.88 43.50 37.99 39.73 41.76 36.96 36.64 28.02 29.00 21.92 20.24 16.41 12.05 9.19 -1.18 -0.60 1.03 1.50 -2.13 40.18 32.71 41.71 31.35 41.12 40.46 29.44 36.87 33.84 28.07 24.00 22.47 12.95 9.16 9.34 1.08 -2.17 1.59 -2.28 -0.63 34.89 32.96 41.77 37.99 40.50 39.67 39.69 31.93 37.04 25.77 27.89 23.74 14.35 11.18 8.52 1.66 -0.94 1.16 1.57 -0.16 35.74 35.89 30.95 39.13 39.20 46.25 36.97 40.13 32.27 26.01 21.76 23.42 16.17 10.48 6.44 -1.27 0.25 1.02 0.36 -1.08 34.49 33.41 39.83 34.98 37.02 39.56 42.11 36.85 29.00 29.45 21.45 19.53 15.46 12.23 7.28 0.71 -3.18 0.21 1.90 -0.41 34.50 34.41 37.72 40.52 35.98 28.85 39.09 36.18 31.26 25.86 21.92 20.17 16.58 15.44 8.67 -3.98 -1.31 -0.65 0.37 -0.14 32.61 36.06 40.41 41.12 34.05 32.73 37.19 33.40 30.01 27.02 23.45 18.73 16.06 10.15 9.37 -0.09 -0.34 0.99 1.33 1.05 38.12 36.10 38.05 39.37 43.77 36.86 37.36 34.40 33.13 28.17 24.00 18.50 10.58 11.48 3.59 -0.18 -1.16 -3.99 1.23 0.20 33.97 35.82 38.28 38.29 34.25 43.72 34.27 37.27 30.33 29.62 20.83 22.09 16.13 12.56 8.29 1.25 -0.51 -0.63 1.22 -0.68 34.09 37.47 37.20 39.81 36.12 35.90 32.85 42.11 29.28 25.14 23.94 19.09 16.69 9.00 -1.36 -2.15 -2.24 0.04 0.34 -2.56 37.51 37.41 40.22 37.20 43.38 41.90 35.63 40.25 33.24 23.71 22.50 15.85 17.57 12.24 1.55 -0.77 1.66 -1.24 -1.44 2.25 38.29 40.11 38.76 35.77 39.47 35.44 38.07 34.66 31.27 21.60 21.01 18.27 11.27 10.44 2.41 -0.97 0.21 -3.21 1.85 -0.48 32.11 34.91 37.71 39.10 39.90 37.99 36.47 34.26 26.55 24.35 22.34 23.21 14.70 8.69 2.29 2.96 -4.70 -1.53 -2.00 -0.71 41.06 42.45 38.22 44.54 37.08 40.97 33.13 33.65 31.76 26.15 23.08 19.29 14.65 11.28 1.55 0.15 -2.53 -0.80 -2.45 1.22 35.38 40.45 39.64 39.33 41.14 34.50 43.01 38.43 35.83 26.96 23.88 19.05 12.93 7.55 -1.09 2.55 -3.75 -1.16 -0.51 -0.88 36.75 37.00 40.06 43.78 32.55 39.11 34.52 31.26 30.43 27.19 26.23 18.41 15.11 9.64 -1.24 1.84 -0.04 1.05 -0.40 -0.48 36.91 31.81 33.28 37.09 41.52 35.14 39.41 31.63 31.39 25.06 23.23 15.69 15.71 6.57 -0.09 1.47 0.76 0.19 0.65 -2.71 37.97 38.69 32.75 39.63 32.29 37.84 35.80 33.65 29.96 25.97 16.42 20.64 15.42 11.34 -1.81 -1.76 -0.12 0.13 1.07 -0.86 39.00 37.46 35.65 37.84 37.98 40.06 33.71 33.48 30.82 26.73 21.27 18.22 15.24 11.74 2.43 0.00 -2.60 1.08 -1.73 -1.50 37.74 29.01 33.48 38.61 36.57 40.85 36.69 33.85 30.84 26.44 24.35 18.44 16.02 10.72 1.44 -1.44 -0.71 0.77 0.31 -2.19 36.91 39.25 36.67 37.99 33.99 46.39 40.04 34.35 32.35 27.65 23.81 16.56 12.81 8.16 0.45 0.75 1.17 -1.74 1.03 0.42 38.72 36.37 36.62 39.41 34.43 36.64 38.50 32.89 27.37 29.46 21.69 15.51 11.84 8.35 -0.10 -0.59 2.46 1.94 2.10 0.73 41.03 39.40 39.42 37.92 38.91 36.79 35.90 36.50 31.94 27.34 19.85 14.89 14.91 9.75 -0.44 -2.89 -1.57 -2.44 -0.08 1.89 34.01 42.96 30.71 33.55 36.71 37.49 33.98 30.28 27.31 24.25 22.78 16.46 12.58 9.08 2.23 1.04 2.16 -3.23 -2.29 -0.16 42.49 38.48 36.43 40.13 35.08 31.93 27.54 30.86 29.67 26.26 22.43 18.90 13.52 8.94 -0.77 -0.65 0.35 0.47 -1.41 0.95 40.34 36.66 41.89 35.09 43.13 33.60 34.68 30.66 27.24 22.95 19.16 14.40 12.61 8.20 1.00 -0.59 0.07 -0.25 0.43 0.62 32.14 28.85 35.52 36.93 36.36 39.76 34.20 39.29 30.91 22.48 23.48 16.80 11.14 10.28 2.13 1.06 2.15 0.33 -1.22 1.11 34.87 36.71 39.52 41.39 40.41 35.61 33.85 33.22 31.19 24.80 23.98 17.09 13.70 8.45 0.63 0.76 0.67 -0.39 -0.06 1.76 36.87 41.96 32.21 41.05 31.41 40.16 32.34 32.74 32.14 24.29 22.81 17.49 12.14 8.56 2.34 1.48 -0.98 1.35 -1.08 1.52 38.80 39.64 36.86 40.63 38.51 35.13 34.61 28.48 29.31 27.54 20.88 12.51 10.32 9.68 -0.39 -0.63 0.24 -1.55 -0.54 0.60 34.39 35.79 38.57 30.83 36.32 30.63 31.51 31.60 31.06 27.73 20.21 17.07 12.58 8.39 0.58 -1.59 1.90 -1.39 0.70 -2.05 36.09 33.57 34.35 38.65 37.25 34.32 31.85 26.71 28.71 25.44 20.89 15.14 15.50 7.48 -2.95 -0.20 -0.18 -0.90 -0.30 -0.78 41.01 38.65 39.37 38.84 41.30 35.08 34.17 28.76 31.54 21.15 19.76 13.32 11.03 9.03 2.82 0.84 0.13 -0.18 -1.33 4.89 36.08 35.68 36.55 34.16 36.02 32.36 33.85 27.65 25.15 21.28 20.72 16.88 15.21 9.08 1.02 -1.24 0.87 0.31 -0.32 0.07 41.28 40.84 36.91 38.55 34.17 34.56 31.71 31.03 33.19 23.33 20.64 13.04 11.71 -2.33 0.07 -0.42 -3.66 0.11 3.96 -1.62 32.71 36.75 36.15 36.71 31.42 29.71 32.04 30.68 28.90 24.24 22.53 16.54 10.87 0.95 1.19 0.36 2.89 0.85 0.37 3.57 38.28 36.02 36.05 37.20 36.98 44.30 36.09 30.95 29.78 26.27 25.25 15.25 11.41 -0.25 0.74 -3.01 2.03 -1.24 -1.45 1.40 34.29 34.96 35.60 39.09 42.28 34.29 32.94 25.59 27.35 22.16 18.27 17.17 11.01 0.18 0.41 0.14 -0.61 -0.76 -1.48 1.87 37.71 36.88 34.40 39.70 31.97 41.16 34.31 32.79 28.48 21.21 21.05 16.34 10.91 -1.59 -1.26 -2.78 0.89 0.87 1.52 -1.49 22.66 24.13 25.07 37.22 37.91 29.07 29.49 36.42 23.94 23.35 19.57 18.45 12.55 -1.30 -1.85 -0.98 -1.47 -0.20 -0.51 -1.37 20.22 22.02 25.43 22.05 25.85 31.47 25.18 31.12 27.61 20.91 21.88 14.24 9.73 2.30 0.68 -2.33 1.51 -0.07 0.72 -0.17 22.08 23.93 27.12 25.30 30.67 24.90 22.86 24.54 28.64 23.99 17.64 17.68 9.88 0.60 0.59 0.68 2.54 -0.13 -3.86 -0.97 25.49 23.81 19.18 23.85 24.73 27.86 20.93 27.92 28.50 24.81 23.27 18.14 10.41 1.36 0.40 -0.30 0.17 3.18 0.81 0.55 24.77 25.60 27.52 23.67 22.23 25.43 24.65 29.54 25.73 20.90 19.77 15.31 9.81 2.52 0.14 -0.92 0.70 -0.46 1.55 0.96 18.89 27.22 22.89 25.38 22.48 27.47 24.88 28.26 23.76 17.89 18.60 14.99 7.93 -0.25 0.38 -0.80 -0.73 0.15 -0.82 -0.14 23.00 25.05 28.04 20.43 22.03 29.09 32.39 25.14 26.59 15.16 10.11 16.65 10.03 0.04 -1.81 -1.94 -0.69 -2.93 0.90 2.45 22.84 22.30 26.31 22.47 27.40 28.23 23.75 27.10 22.14 15.57 11.17 1.28 5.55 1.35 -0.39 0.11 -2.39 3.61 -2.79 -1.25 0.00 0.00 0.00 26.39 23.96 26.58 26.07 29.72 21.65 16.71 9.60 1.25 7.41 0.19 -1.02 1.04 -2.21 -3.32 -1.39 2.04 0.00 0.00 0.00 0.00 0.00 29.52 27.01 26.33 23.88 19.16 8.21 -1.20 1.08 -0.09 -1.33 0.26 -0.26 0.71 -0.72 -0.66 0.00 0.00 0.00 0.00 0.00 0.00 0.00 31.66 25.14 19.62 9.99 -0.02 0.11 -2.09 0.30 -0.30 -0.45 -1.52 -0.11 -0.47 0.00 0.00 0.00 0.00 0.00 0.00 0.00 0.00 21.71 16.61 10.77 0.39 -0.32 1.18 -2.93 -0.19 -1.05 -0.43 1.56 -1.65 0.00 0.00 0.00 0.00 0.00 0.00 0.00 0.00 0.00 13.95 12.06 -2.24 -1.16 -1.38 -1.27 1.12 -0.75 -0.28 1.61 0.87 0.00 0.00 0.00 0.00 0.00 0.00 0.00 0.00 0.00 0.00 9.30 -1.14 -0.95 -0.41 4.56 0.55 0.21 1.69 -0.30 0.10 0.00 0.00 0.00 0.00 0.00 0.00 0.00 0.00 0.00 0.00 0.00 -2.72 -1.44 -2.65 2.47 2.43 0.05 0.24 -0.73 -0.13 0.00 0.00 0.00 0.00 0.00 0.00 0.00 0.00 0.00 0.00 0.00 0.00 -0.79 -1.72 2.36 0.26 0.45 0.79 -0.89 -0.04 0.00 0.00 0.00 0.00 0.00 0.00 0.00 0.00 0.00 0.00 0.00 0.00 0.04 1.16 -0.69 -1.66 -0.52 -0.67 0.95 2.42 0.00 0.00 0.00 0.00 0.00 0.00 0.00 0.00 0.00 0.00 0.00 0.00 0.00 0.48 -0.38 -0.08 -0.33 0.45 -1.91 0.18 0.00 0.00 0.00 0.00 0.00 0.00 0.00 0.00 0.00 0.00 0.00 0.00 0.00 0.00 -0.49 -1.50 -3.47 1.24 0.65 0.84 0.00 0.00 0.00 0.00 0.00 0.00 0.00 0.00 0.00 0.00 0.00 0.00 0.00 0.00 -1.18 3.36 -0.94 0.22 0.53 0.09 0.00 0.00 0.00 0.00 0.00 0.00 0.00 0.00 0.00 0.00 0.00 0.00 0.00 0.00 0.00 0.83 -1.41 -1.52 -2.86 -0.47 0.00 0.00 0.00 0.00 0.00 0.00 0.00 0.00 0.00 0.00 0.00 0.00 0.00 0.00 0.00 0.95 0.99 -0.08 1.09 -0.29 0.00 0.00 0.00 0.00 0.00 0.00 0.00 0.00 0.00 0.00 0.00 0.00 0.00 0.00 0.00 0.00 -0.27 0.71 -0.20 0.10 0.00 0.00 0.00 0.00 0.00 0.00 0.00 0.00 0.00 0.00 0.00 0.00 0.00 0.00 0.00 0.00 -0.26 0.45 0.63 -1.32 0.00 0.00 0.00 0.00 0.00 0.00 0.00 0.00 0.00 0.00 0.00 0.00 0.00 0.00 0.00 0.00 0.00 -0.18 0.31 -2.18 0.00 0.00 0.00 0.00 0.00 0.00 0.00 0.00 0.00 0.00 0.00 0.00 0.00 0.00 0.00 0.00 0.00 -1.93 -1.68 -1.22 0.00 0.00 0.00 0.00 0.00 0.00 0.00 0.00 0.00 0.00 0.00 0.00 0.00 0.00 0.00 0.00 0.00 0.00 -1.51 0.01 0.00 0.00 0.00 0.00 0.00 0.00 0.00 0.00 0.00 0.00 0.00 0.00 0.00 0.00 0.00 0.00 0.00 0.00 0.41 -2.51 0.00 0.00 0.00 0.00 0.00 0.00 0.00 0.00 0.00 0.00 0.00 0.00 0.00 0.00 0.00 0.00 0.00 0.00 0.00 3.30 0.00 0.00 0.00 0.00 0.00 0.00 0.00 0.00 0.00 0.00 0.00 0.00 0.00 0.00 0.00 0.00 0.00 0.00 0.00 1.24 0.00 0.00 0.00 0.00 0.00 0.00 0.00 0.00 0.00 0.00 0.00 0.00 0.00 0.00 0.00 0.00 0.00 0.00 0.00 -1.53 0.00 0.00 0.00 0.00 0.00 0.00 0.00 0.00 0.00 0.00 0.00 0.00 0.00 0.00 0.00 0.00 0.00 0.00 0.00 0.00 0.00 0.00 0.00 0.00 0.00 0.00 0.00 0.00 0.00 0.00 0.00 0.00 0.00 0.00 0.00 0.00 0.00 0.00 0.00 0.00 0.00 0.00 0.00 0.00 0.00 0.00 0.00 0.00 0.00 0.00 0.00 0.00 0.00 0.00 0.00 0.00 0.00 0.00 0.00 0.00 0.00 0.00 0.00 0.00 0.00 0.00 0.00 0.00 0.00 0.00 0.00 0.00 0.00 0.00 0.00 0.00 0.00 0.00 0.00 0.00 0.00 0.00 0.00 0.00 0.00 0.00 0.00 0.00 0.00 0.00 0.00 0.00 0.00 0.00 0.00 0.00 0.00 0.00 0.00 0.00 0.00 0.00 0.00 0.00 0.00 0.00 0.00 0.00 0.00 0.00 0.00 0.00 0.00 0.00 0.00 0.00 0.00 0.00 0.00 0.00 0.00 0.00 0.00 0.00 0.00 0.00 0.00 0.00 0.00 0.00 0.00 0.00 0.00 0.00 0.00 0.00 0.00 0.00 0.00 0.00 0.00 0.00 0.00 0.00 0.00 0.00 0.00 0.00 0.00 0.00 0.00 0.00 0.00 0.00 0.00 0.00 0.00 0.00 0.00 0.00 0.00 0.00 0.00 0.00 0.00 0.00 0.00 0.00 0.00 0.00 0.00 0.00 0.00 0.00 0.00 0.00 0.00 0.00 0.00 0.00 0.00 0.00 0.00 0.00 0.00 0.00 0.00 0.00 0.00 0.00 0.00 0.00 0.00 0.00 0.00 0.00 0.00 0.00 0.00 0.00 0.00 0.00 0.00 0.00 0.00 0.00 0.00 0.00 0.00 0.00 0.00 0.00 0.00 0.00 0.00 0.00 0.00 0.00 0.00 0.00 0.00 0.00 0.00 0.00 0.00 0.00 0.00 0.00 0.00 0.00 0.00 0.00 0.00 0.00 0.00 0.00 0.00 0.00 0.00 0.00 0.00 0.00 0.00 0.00 0.00 0.00 0.00 0.00 0.00 0.00 0.00 0.00 0.00 0.00 0.00 0.00 0.00 0.00 0.00 0.00 0.00 0.00 0.00 0.00 0.00 0.00 0.00 0.00 0.00 0.00 0.00 0.00 0.00 0.00 0.00 0.00 0.00 0.00 0.00 0.00 0.00 0.00 0.00 0.00 0.00 0.00 0.00 0.00 0.00 0.00 0.00 0.00 0.00 0.00 0.00 0.00 0.00 0.00 0.00 0.00 0.00 0.00 0.00 0.00 0.00 0.00 0.00 0.00 0.00 0.00 0.00 0.00 0.00 0.00 0.00 0.00 0.00 0.00 0.00 0.00 0.00 0.00 0.00 0.00 0.00 0.00 0.00 0.00 0.00 0.00 0.00 0.00 0.00 0.00 0.00 0.00 0.00 0.00 0.00 0.00 0.00 0.00 0.00 0.00 0.00 0.00 0.00 0.00 0.00 0.00 0.00 0.00 0.00 0.00 0.00 0.00 0.00 0.00 0.00 0.00 0.00 0.00 0.00 0.00 0.00 0.00 0.00 0.00 0.00 0.00 0.00 0.00 0.00 0.00 0.00 0.00 0.00 0.00 0.00 0.00 0.00 0.00 0.00 0.00 0.00 0.00 0.00 0.00 0.00 0.00 0.00 0.00 0.00 0.00 0.00 0.00 0.00 0.00 0.00 0.00 0.00 0.00 0.00 0.00 0.00 0.00 0.00 0.00 0.00 0.00 0.00 0.00 0.00 0.00 0.00 0.00 0.00 0.00 0.00 0.00 0.00 0.00 0.00 0.00 0.00 0.00 0.00 0.00 0.00 0.00 0.00 0.00 0.00 0.00 0.00 0.00 0.00 0.00 0.00 0.00 0.00 0.00 0.00 0.00 0.00 0.00 0.00 0.00 0.00 0.00 0.00 0.00 0.00 0.00 0.00 0.00 0.00 0.00 0.00 0.00 0.00 0.00 0.00 0.00 0.00 0.00 0.00 0.00 0.00 0.00 0.00 0.00 0.00 0.00 0.00 0.00 0.00 0.00 0.00 0.00 0.00 0.00 0.00 0.00 0.00 0.00 0.00 0.00 0.00 0.00 0.00 0.00 0.00 0.00 0.00 0.00 0.00 0.00 0.00 0.00 0.00 0.00 0.00 0.00 0.00 0.00 0.00 0.00 0.00 0.00 0.00 0.00 0.00 0.00 0.00 0.00 0.00 0.00 0.00 0.00 0.00 0.00 0.00 0.00 0.00 0.00 0.00 0.00 0.00 0.00 0.00 0.00 0.00 0.00 0.00 0.00 0.00 0.00 0.00 0.00 0.00 0.00 0.00 0.00 0.00 0.00 0.00 0.00 0.00 0.00 0.00 0.00 0.00 0.00 0.00 0.00 0.00 0.00 0.00 0.00 0.00 0.00 0.00 0.00 0.00 0.00 0.00 0.00 0.00 0.00 0.00 0.00 0.00 0.00 0.00 0.00 0.00 0.00 0.00 0.00 0.00 0.00 0.00 0.00 0.00 0.00 0.00 0.00 0.00 0.00 0.00 0.00 0.00 0.00 0.00 0.00 0.00 0.00 0.00 0.00 0.00 0.00 0.00 0.00 0.00 0.00 0.00 0.00 0.00 0.00 0.00 0.00 0.00 0.00 0.00 0.00 0.00 0.00 0.00 0.00 0.00 0.00 0.00 0.00 0.00 0.00 0.00 0.00 0.00 0.00 0.00 0.00 0.00 0.00 0.00 0.00 0.00 0.00 0.00 0.00 0.00 0.00 0.00 0.00 0.00 0.00 0.00 0.00 0.00 0.00 0.00 0.00 0.00 0.00 0.00 0.00 0.00 0.00 0.00 0.00 0.00 0.00 0.00 0.00 0.00 0.00 0.00 0.00 0.00 0.00 0.00 0.00 0.00 0.00 0.00 0.00 0.00 0.00 0.00 0.00 0.00 0.00 0.00 0.00 0.00 0.00 0.00 0.00 0.00 0.00 0.00 0.00 0.00 0.00 0.00 0.00 0.00 0.00 0.00 0.00 0.00 0.00 0.00 0.00 0.00 0.00 0.00 0.00 0.00 0.00 0.00 0.00 0.00 0.00 0.00 0.00 0.00 0.00 0.00 0.00 0.00 0.00 0.00 0.00 0.00 0.00 0.00 0.00 0.00 0.00 0.00 0.00 0.00 0.00 0.00 0.00 0.00 0.00 0.00 0.00 0.00 0.00 0.00 0.00 0.00 0.00 0.00 0.00 0.00 0.00 0.00 0.00 0.00 0.00 0.00 0.00 0.00 0.00 0.00 0.00 0.00 0.00 0.00 0.00 0.00 0.00 0.00 0.00 0.00 0.00 0.00 0.00 0.00 0.00 0.00 0.00 0.00 0.00 0.00 0.00 0.00 0.00 0.00 0.00 0.00 0.00 0.00 0.00 0.00 0.00 0.00 0.00 0.00 0.00 0.00 0.00 0.00 0.00 0.00 0.00 0.00 0.00 0.00 0.00 0.00 0.00 0.00 0.00 0.00 0.00 0.00 0.00 0.00 0.00 0.00 0.00 0.00 0.00 0.00 0.00 0.00 0.00 0.00 0.00 0.00 0.00 0.00 0.00 0.00 0.00 0.00 0.00 0.00 0.00 0.00 0.00 0.00 0.00 0.00 0.00 0.00 0.00 0.00 0.00 0.00 0.00 0.00 0.00 0.00 0.00 0.00 0.00 0.00 0.00 0.00 0.00 0.00 0.00 0.00 0.00 0.00 0.00 0.00 0.00 0.00 0.00 0.00 0.00 0.00 0.00 0.00 0.00 0.00 0.00 0.00 0.00 0.00 0.00 0.00 0.00 0.00 0.00 0.00 0.00 0.00 0.00 0.00 0.00 0.00 0.00 0.00 0.00 0.00 0.00 0.00 0.00 0.00 0.00 0.00 0.00 0.00 0.00 0.00 0.00 0.00 0.00 0.00 0.00 0.00 0.00 0.00 0.00 0.00 0.00 0.00 0.00 0.00 0.00 0.00 0.00 0.00 0.00 0.00 0.00 0.00 0.00 0.00 0.00 0.00 0.00 0.00 0.00 0.00 0.00 0.00 0.00 0.00 0.00 0.00 0.00 0.00 0.00 0.00 0.00 0.00 0.00 0.00 0.00 0.00 0.00 0.00 0.00 0.00 0.00 0.00 0.00 0.00 0.00 0.00 0.00 0.00 0.00 0.00 0.00 0.00 0.00 0.00 0.00 0.00 0.00 0.00 0.00 0.00 0.00 0.00 0.00 0.00 0.00 0.00 0.00 0.00 0.00 0.00 0.00 0.00 0.00 0.00 0.00 0.00 0.00 0.00 0.00 0.00 0.00 0.00 0.00 0.00 0.00 0.00 0.00 0.00 0.00 0.00 0.00 0.00 0.00 0.00 0.00 0.00 0.00 0.00 0.00 0.00 0.00 0.00 0.00 0.00 0.00 0.00 0.00
rain_type.data=0 0 0 0 0 0 0 0 0 0 0 0 0 0 0 0 0 0 0 0 0 0 0 0 0 0 0 0 0 0 0 0 0 0 0 0 0 0 0 0 1 1 1 1 0 0 0 0 0 0 0 0 0 0 0 0 0 0 0 0 1 1 1 1 1 1 1 0 0 0 0 0 0 0 0 0 0 0 0 0 1 1 1 1 1 1 1 1 1 0 0 0 0 0 0 0 0 0 0 0 1 1 1 1 1 1 1 1 1 1 1 0 0 0 0 0 0 0 0 0 1 1 1 1 1 1 1 1 1 1 1 1 0 0 0 0 0 0 0 0 1 1 1 1 1 1 1 1 1 1 1 1 1 0 0 0 0 0 0 0 1 1 1 1 1 1 1 1 1 1 1 1 1 1 1 0 0 0 0 0 1 1 1 1 1 1 1 1 1 1 1 1 1 1 1 1 0 0 0 0 1 1 1 1 1 1 1 1 1 1 1 1 1 1 1 1 1 0 0 0 1 1 1 1 1 1 1 1 1 1 1 1 1 1 1 1 1 1 0 0 1 1 1 1 1 1 1 1 1 1 1 1 1 1 1 1 1 1 0 0 1 1 1 1 1 1 1 1 1 1 1 1 1 1 1 1 1 1 1 0 1 1 1 1 1 1 1 1 1 1 1 1 1 1 1 1 1 1 1 1 1 1 1 1 1 1 1 1 1 1 1 1 1 1 1 1 1 1 1 1 1 1 1 1 1 1 1 1 1 1 1 1 1 1 1 1 1 1 1 1 1 1 1 1 1 1 1 1 1 1 1 1 1 1 1 1 1 1 1 1 1 1 1 1 1 1 1 1 1 1 1 1 1 1 1 1 1 1 1 1 1 1 1 1 1 1 1 1 1 1 1 1 1 1 1 1 1 1 1 1 1 1 1 1 1 1 1 1 1 1 1 1 1 1 1 1 1 1 1 1 1 1 1 1 1 1 1 1 1 1 1 1 1 1 1 1 1 1 1 1 1 1 1 1 1 1 1 1 1 1 1 1 1 1 1 1 1 1 1 1 1 1 1 1 1 1 1 1 1 1 1 1 1 1 1 1 1 1 1 1 1 1 1 1 1 1 1 1 1 1 1 1 1 1 1 1 1 1 1 1 1 1 1 1 1 1 1 1 1 1 1 1 1 1 1 1 1 1 1 1 1 1 1 1 1 1 1 1 1 1 1 1 1 1 1 1 1 1 1 1 1 1 1 1 1 1 1 1 1 1 1 1 1 1 1 1 1 1 1 1 1 1 1 1 1 1 1 1 1 1 1 1 1 1 1 1 1 1 1 1 1 1 1 1 1 1 1 1 1 1 1 1 1 1 1 1 1 1 1 1 1 1 1 1 1 1 1 1 1 1 1 1 1 1 1 1 1 1 1 1 1 1 1 1 1 1 1 1 1 1 1 1 1 1 1 1 1 1 1 1 1 1 1 1 1 1 1 1 1 1 1 1 1 1 1 1 1 1 1 1 1 1 1 1 1 1 1 1 1 1 1 1 1 1 1 1 1 1 1 1 1 1 1 1 1 1 1 1 1 1 1 1 1 1 1 1 1 1 1 1 1 1 1 1 1 1 1 1 1 1 1 1 1 1 1 1 1 1 1 1 1 1 1 1 1 1 1 1 1 1 1 1 1 1 1 1 1 1 1 1 1 1 1 1 1 1 1 1 1 1 1 1 1 1 1 1 1 1 1 1 1 1 1 1 1 1 1 1 1 1 1 1 1 1 1 1 1 1 1 1 1 1 1 1 1 1 1 1 1 1 1 1 1 1 1 1 1 1 1 1 1 1 1 1 1 1 1 1 1 1 1 1 1 1 1 1 1 1 1 1 1 1 1 1 1 1 1 1 1 1 1 1 1 1 1 1 1 1 1 1 1 1 1 1 1 1 1 1 1 1 1 1 1 1 1 1 1 1 1 1 1 1 1 1 1 1 1 1 1 1 1 1 1 1 1 1 1 1 1 1 1 1 1 1 1 1 1 1 1 1 1 1 1 1 1 1 1 1 1 1 1 1 1 1 1 1 1 1 1 1 1 1 1 1 1 1 1 1 1 1 1 1 1 1 1 1 1 1 1 1 1 1 1 1 1 1 1 1 1 1 1 1 1 1 1 1 1 1 1 1 1 1 1 1 1 1 1 1 1 1 1 1 1 1 1 1 1 1 1 1 1 1 1 1 1 1 1 1 1 1 1 1 1 1 1 1 1 1 1 1 1 1 1 1 1 1 1 1 1 1 1 1 1 1 1 1 1 1 1 1 1 1 1 1 1 1 1 1 1 1 1 1 1 1 1 1 1 1 1 1 1 1 1 1 1 1 1 1 1 1 1 1 1 1 1 1 1 1 1 1 1 1 1 1 1 1 1 1 1 1 1 1 1 1 1 1 1 1 1 1 1 1 1 1 1 1 1 1 1 1 1 1 1 1 1 1 1 1 1 1 1 1 1 1 1 1 1 1 1 1 1 1 1 1 1 1 1 1 1 1 1 1 1 1 1 1 1 1 1 1 1 1 1 1 1 1 1 1 1 1 1 1 1 1 1 1 1 1 1 1 1 1 1 1 1 1 1 1 1 1 1 1 1 1 1 1 1 1 1 1 1 1 1 1 1 1 1 1 1 1 1 1 1 1 1 1 1 1 1 1 1 1 1 1 1 1 1 1 1 1 1 1 1 1 1 1 1 1 1 1 1 1 1 1 1 1 1 1 1 1 1 1 1 1 1 1 1 1 1 1 1 1 1 1 1 1 1 1 1 1 1 1 1 1 1 1 1 1 1 1 1 1 1 1 1 1 1 1 1 1 1 1 1 1 1 1 1 1 1 1 1 1 1 1 1 1 1 1 1 1 1 1 1 1 1 1 1 1 1 1 1 1 1 1 1 1 1 1 1 1 1 1 1 1 1 1 1 1 1 1 1 1 1 1 1 1 1 1 1 1 1 1 1 1 1 1 1 1 1 1 1 1 1 1 1 1 1 1 1 1 1 1 1 1 1 1 1 1 1 1 1 1 1 1 1 1 1 1 1 1 1 1 1 1 1 1 1 1 1 1 1 1 1 1 1 1 1 1 1 1 1 1 1 1 1 1 1 1 1 1 1 1 1 1 1 1 1 1 1 1 1 1 1 1 1 1 1 1 1 1 1 1 1 1 1 1 1 1 1 1 1 1 1 1 1 1 1 1 1 1 1 1 1 1 1 1 1 1 1 1 1 1 1 1 1 1 1 1 1 1 1 1 1 1 1 1 1 1 1 1 1 1 1 1 1 1 1 1 1 1 1 1 1 1 1 1 1 1 1 1 1 1 1 1 1 1 1 1 1 1 1 1 1 1 1 1 1 1 1 1 1 1 1 1 1 1 1 1 1 1 2 2 2 2 2 1 1 1 1 1 1 1 1 1 1 1 1 1 1 1 2 2 2 2 2 2 2 1 1 1 1 1 1 1 1 1 1 1 1 1 2 2 2 2 2 2 2 2 2 1 1 1 1 1 1 1 1 1 1 1 2 2 2 2 2 2 2 2 2 2 1 1 1 1 1 1 1 1 1 1 2 2 2 2 2 2 2 2 2 2 2 1 1 1 1 1 1 1 1 1 2 2 2 2 2 2 2 2 2 2 2 2 1 1 1 1 1 1 1 1 2 2 2 2 2 2 2 2 2 2 2 2 2 1 1 1 1 1 1 1 2 2 2 2 2 2 2 2 2 2 2 2 2 2 1 1 1 1 1 1 2 2 2 2 2 2 2 2 2 2 2 2 2 2 2 1 1 1 1 1 2 2 2 2 2 2 2 2 2 2 2 2 2 2 2 1 1 1 1 1 2 2 2 2 2 2 2 2 2 2 2 2 2 2 2 2 1 1 1 1 2 2 2 2 2 2 2 2 2 2 2 2 2 2 2 2 2 1 1 1 2 2 2 2 2 2 2 2 2 2 2 2 2 2 2 2 2 2 1 1 2 2 2 2 2 2 2 2 2 2 2 2 2 2 2 2 2 2 1 1 2 2 2 2 2 2 2 2 2 2 2 2 2 2 2 2 2 2 2 1 2 2 2 2 2 2 2 2 2 2 2 2 2 2 2 2 2 2 2 1 2 2 2 2 2 2 2 2 2 2 2 2 2 2 2 2 2 2 2 2 2 2 2 2 2 2 2 2 2 2 2 2 2 2 2 2 2 2 2 2 2 2 2 2 2 2 2 2 2 2 2 2 2 2 2 2 2 2 2 2 2 2 2 2 2 2 2 2 2 2 2 2 2 2 2 2 2 2 2 2 2 2 2 2 2 2 2 2 2 2 2 2 2 2 2 2 2 2 2 2 2 2 2 2 2 2 2 2 2 2 2 2 2 2 2 2 2 2 2 2 2 2 2 2 2 2 2 2 2 2 2 2 2 2 2 2 2 2 2 2 2 2 2 2 2 2 2 2 2 2 2 2 2 2 2 2 2 2 2 2 2 2 2 2 2 2 2 2 2 2 2 2 2 2 2 2 2 2 2 2 2 2 2 2 2 2 2 2 2 2 2 2 2 2 2 2 2 2 2 2 2 2 2 2 2 2 2 2 2 2 2 2 2 2 2 2 2 2 2 2 2 2 2 2 2 2 2 2 2 2 2 2 2 2 2 2 2 2 2 2 2 2 2 2 2 2 2 2 2 2 2 2 2 2 2 2 2 2 2 2 2 2 2 2 2 2 2 2 2 2 2 2 2 2 2 2 2 2 2 2 2 2 2 2 2 2 2 2 2 2 2 2 2 2 2 2 2 2 2 2 2 2 2 2 2 2 2 2 2 2 2 2 2 2 2 2 2 2 2 2 2 2 2 2 2 2 2 2 2 2 2 2 2 2 2 2 2 2 2 2 2 2 2 2 2 2 2 2 2 2 2 2 2 2 2 2 2 2 2 2 2 2 2 2 2 2 2 2 2 2 2 2 2 2 2 2 2 2 2 2 2 2 2 2 2 2 2 2 2 2 2 2 2 2 2 2 2 2 2 2 2 2 2 2 2 2 2 2 2 2 2 2 2 2 2 2 2 2 2 2 2 2 2 2 2 2 2 2 2 2 2 2 2 2 2 2 2 2 2 2 2 2 2 2 2 2 2 2 2 2 2 2 2 2 2 2 2 2 2 2 2 2 2 2 2 2 2 2 2 2 2 2 2 2 2 2 2 2 2 2 2 2 2 2 2 2 2 2 2 2 2 2 2 2 2 2 2 2 2 2 2 2 2 2 2 2 2 2 2 2 2 2 2 2 2 2 2 2 2 2 2 2 2 2 2 2 2 2 2 2 2 2 2 2 2 2 2 2 2 2 2 2 2 2 2 2 2 2 2 2 2 2 2 2 2 2 2 2 2 2 2 2 2 2 2 2 2 2 2 2 2 2 2 2 2 2 2 2 2 2 2 2 2 2 2 2 2 2 2 2 2 2 2 2 2 2 2 2 2 2 2 2 2 2 2 2 2 2 2 2 2 2 2 2 2 2 2 2 2 2 2 2 2 2 2 2 2 2 2 2 2 2 2 2 2 2 2 2 2 2 2 2 2 2 2 2 2 2 2 2 2 2 2 2 2 2 2 2 2 2 2 2 2 2 2 2 2 2 2 2 2 2 2 2 2 2 2 2 2 2 2 2 2 2 2 2 2 2 2 2 2 2 2 2 2 2 2 2 2 2 2 2 2 2 2 2 2 2 2 2 2 2 2 2 2 2 2 2 2 2 2 2 2 2 2 2 2 2 2 2 2 2 2 2 2 2 2 2 2 2 2 2 2 2 2 2 2 2 2 2 2 2 2 2 2 2 2 2 2 2 2 2 2 2 2 2 2 2 2 2 2 2 2 2 2 2 2 2 2 2 2 2 2 2 2 2 2 2 2 2 2 2 2 2 2 2 2 2 2 2 2 2 2 2 2 2 2 2 2 2 2 2 2 2 2 2 2 2 2 2 2 2 2 2 2 2 2 2 2 2 2 2 2 2 2 2 2 2 2 2 2 2 2 2 2 2 2 2 2 2 2 2 2 2 2 2 2 2 2 2 2 2 2 2 2 2 2 2 2 2 2 2 2 2 2 2 2 2 2 2 2 2 2 2 2 2 2 2 2 2 2 2 2 2 2 2 2 2 2 2 2 2 2 2 2 2 2 2 2 2 2 2 2 2 2 2 2 2 2 2 2 2 2 2 2 2 2 2 2 2 2 2 2 2 2 2 2 2 2 2 2 2 2 2 2 2 2 2 2 2 2 2 2 2 2 2 2 2 2 2 2 2 2 2 2 2 2 2 2 2 2 2 2 2 2 2 2 2 2 2 2 2 2 2 2 2 2 2 2 2 2 2 2 2 2 2 2 2 2 2 2 2 2 2 2 2 2 2 2 2 2 2 2 2 2 2 2 2 2 2 2 2 2 2 2 2 2 2 2 2 2 2 2 2 2 2 2 2 2 2 2 2 2 2 2 2 2 2 2 2 2 2 2 2 2 2 2 2 2 2 2 2 2 2 2 2 2 2 2 2 2 2 2 2 2 2 2 2 2 2 2 2 2 2 2 2 2 2 2 2 2 2 2 2 2 2 2 2 2 2 2 2 2 2 2 2 2 2 2 2 2 2 2 2 2 2 2 2 2 2 2 2 2 2 2 2 2 2 2 2 2 2 2 2 2 2 2 2 2 2 2 2 2 2 2 2 2 2 2 2 2 2 2 2 2 2 2 2 2 2 2 2 2 2 2 2 2 2 2 2 2 2 2 2 2 2 2 2 2 2 2 2 2 2 2 2 2 2 2 2 2 2 2 2 2 2 2 2 2 2 2 2 2 2 2 2 2 2 2 2 2 2 2 2 2 2 2 2 2 2 2 2 2 2 2 2 2 2 2 2 2 2 2 2 2 2 2 2 2 2 2 2 2 2 2 2 2 2 2 2 2 2 2 2 2 2 2 2 2 2 2 2 2 2 2 2 2 2 2 2 2 2 2 2 2 2 2 2 2 2 2 2 2 2 2 2 2 2 2 2 2 2 2 2 2 2 2 2 2 2 2 2 2 2 2 2 2 2 2 2 2 2 2 2 2 2 2 2 2 2 2 2 2 2 2 2 2 2 2 2 2 2 2 2 2 2 2 2 2 2 2 2 2 2 2 2 2 2 2 2 2 2 2 2 2 2 2 2 2 2 2 2 2 2 2 2 2 2 2 2 2 2 2 2 2 2 2 2 2 2 2 2 2 2 2 2 2 2 2 2 2 2 2 2 2 2 2 2 2 2 2 2 2 2 2 2 2 2 2 2 2 2 2 2 2 2 2 2 2 2 2 2 2 2 2 2 2 2 2 2 2 2 2 2 2 2 2 2 2 2 2 2 2 2 2 2 2 2 2 2 2 2 2 2 2 2 2 2 2 2 2 2 2 2 2 2 2 2 2 2 2 2 2 2 2 2 2 2 2 2 2 2 2 2 2 2 2 2 2 2 2 2 2 2 2 2 2 2 2 2 2 2 2 2 2 2 2 2 2 2 2 2 2 2 2 2 2 2 2 2 2 2 2 2 2 2 2 2 2 2 2 2 2 2 2 2 2 2 2 2 2 2 2 2 2 2 2 2 2 2 2 2 2 2 2 2 2 2 2 2 2 2 2 2 2 2 2 2 2 2 2 2 2 2 2 2 2 2 2 2 2 2 2 2 2 2 2 2 2 2 2 2 2 2 2 2 2 2 2 2 2 2 2 2 2 2 2 2 2 2 2 2 2 2 2 2 2 2 2 2 2 2 2 2 2 2 2 2 2 2 2 2 2 2 2 2 2 2 2 2 2 2 2 2 2 2 2 2 2 2 2 2 2 2 2 2 2 2 2 2 1 1 1 2 2 2 2 2 2 2 2 2 2 2 2 2 2 2 2 2 1 1 1 1 1 2 2 2 2 2 2 2 2 2 2 2 2 2 2 2 1 1 1 1 1 1 1 2 2 2 2 2 2 2 2 2 2 2 2 2 1 1 1 1 1 1 1 1 2 2 2 2 2 2 2 2 2 2 2 2 1 1 1 1 1 1 1 1 1 2 2 2 2 2 2 2 2 2 2 2 1 1 1 1 1 1 1 1 1 1 2 2 2 2 2 2 2 2 2 2 1 1 1 1 1 1 1 1 1 1 1 2 2 2 2 2 2 2 2 2 1 1 1 1 1 1 1 1 1 1 1 1 2 2 2 2 2 2 2 2 0 0 0 1 1 1 1 1 1 1 1 1 2 2 2 2 2 2 2 2 0 0 0 0 0 1 1 1 1 1 1 1 1 2 2 2 2 2 2 2 0 0 0 0 0 0 0 1 1 1 1 1 1 1 2 2 2 2 2 2 0 0 0 0 0 0 0 0 1 1 1 1 1 1 2 2 2 2 2 2 0 0 0 0 0 0 0 0 0 1 1 1 1 1 1 2 2 2 2 2 0 0 0 0 0 0 0 0 0 0 1 1 1 1 1 2 2 2 2 2 0 0 0 0 0 0 0 0 0 0 0 1 1 1 1 1 2 2 2 2 0 0 0 0 0 0 0 0 0 0 0 0 1 1 1 1 2 2 2 2 0 0 0 0 0 0 0 0 0 0 0 0 1 1 1 1 1 2 2 2 0 0 0 0 0 0 0 0 0 0 0 0 0 1 1 1 1 2 2 2 0 0 0 0 0 0 0 0 0 0 0 0 0 0 1 1 1 1 2 2 0 0 0 0 0 0 0 0 0 0 0 0 0 0 1 1 1 1 2 2 0 0 0 0 0 0 0 0 0 0 0 0 0 0 0 1 1 1 1 2 0 0 0 0 0 0 0 0 0 0 0 0 0 0 0 1 1 1 1 2 0 0 0 0 0 0 0 0 0 0 0 0 0 0 0 0 1 1 1 1 0 0 0 0 0 0 0 0 0 0 0 0 0 0 0 0 1 1 1 1 0 0 0 0 0 0 0 0 0 0 0 0 0 0 0 0 0 1 1 1 0 0 0 0 0 0 0 0 0 0 0 0 0 0 0 0 0 1 1 1 0 0 0 0 0 0 0 0 0 0 0 0 0 0 0 0 0 0 1 1 0 0 0 0 0 0 0 0 0 0 0 0 0 0 0 0 0 0 1 1 0 0 0 0 0 0 0 0 0 0 0 0 0 0 0 0 0 0 0 1 0 0 0 0 0 0 0 0 0 0 0 0 0 0 0 0 0 0 0 1 0 0 0 0 0 0 0 0 0 0 0 0 0 0 0 0 0 0 0 1 0 0 0 0 0 0 0 0 0 0 0 0 0 0 0 0 0 0 0 0 0 0 0 0 0 0 0 0 0 0 0 0 0 0 0 0 0 0 0 0 0 0 0 0 0 0 0 0 0 0 0 0 0 0 0 0 0 0 0 0 0 0 0 0 0 0 0 0 0 0 0 0 0 0 0 0 0 0 0 0 0 0 0 0 0 0 0 0 0 0 0 0 0 0 0 0 0 0 0 0 0 0 0 0 0 0 0 0 0 0 0 0 0 0 0 0 0 0 0 0 0 0 0 0 0 0 0 0 0 0 0 0 0 0 0 0 0 0 0 0 0 0 0 0 0 0 0 0 0 0 0 0 0 0 0 0 0 0 0 0 0 0 0 0 0 0 0 0 0 0 0 0 0 0 0 0 0 0 0 0 0 0 0 0 0 0 0 0 0 0 0 0 0 0 0 0 0 0 0 0 0 0 0 0 0 0 0 0 0 0 0 0 0 0 0 0 0 0 0 0 0 0 0 0 0 0 0 0 0 0 0 0 0 0 0 0 0 0 0 0 0 0 0 0 0 0 0 0 0 0 0 0 0 0 0 0 0 0 0 0 0 0 0 0 0 0 0 0 0 0 0 0 0 0 0 0 0 0 0 0 0 0 0 0 0 0 0 0 0 0 0 0 0 0 0 0 0 0 0 0 0 0 0 0 0 0 0 0 0 0 0 0 0 0 0 0 0 0 0 0 0 0 0 0 0 0 0 0 0 0 0 0 0 0 0 0 0 0 0 0 0 0 0 0 0 0 0 0 0 0 0 0 0 0 0 0 0 0 0 0 0 0 0 0 0 0 0 0 0 0 0 0 0 0 0 0 0 0 0 0 0 0 0 0 0 0 0 0 0 0 0 0 0 0 0 0 0 0 0 0 0 0 0 0 0 0 0 0 0 0 0 0 0 0 0 0 0 0 0 0 0 0 0 0 0 0 0 0 0 0 0 0 0 0 0 0 0 0 0 0 0 0 0 0 0 0 0 0 0 0 0 0 0 0 0 0 0 0 0 0 0 0 0 0 0 0 0 0 0 0 0 0 0 0 0 0 0 0 0 0 0 0 0 0 0 0 0 0 0 0 0 0 0 0 0 0 0 0 0 0 0 0 0 0 0 0 0 0 0 0 0 0 0 0 0 0 0 0 0 0 0 0 0 0 0 0 0 0 0 0 0 0 0 0 0 0 0 0 0 0 0 0 0 0 0 0 0 0 0 0 0 0 0 0 0 0 0 0 0 0 0 0 0 0 0 0 0 0 0 0 0 0 0 0 0 0 0 0 0 0 0 0 0 0 0 0 0 0 0 0 0 0 0 0 0 0 0 0 0 0 0 0 0 0 0 0 0 0 0 0 0 0 0 0 0 0 0 0 0 0 0 0 0 0 0 0 0 0 0 0 0 0 0 0 0 0 0 0 0 0 0 0 0 0 0 0 0 0 0 0 0 0 0 0 0 0 0 0 0 0 0 0 0 0 0 0 0 0 0 0 0 0 0 0 0 0 0 0 0 0 0 0 0 0 0 0 0 0 0 0 0 0 0 0 0 0 0 0 0 0 0 0 0 0 0 0 0 0 0 0 0 0 0 0 0 0 0 0 0 0 0 0 0 0 0 0 0 0 0 0 0 0 0 0 0 0 0 0 0 0 0 0 0 0 0 0 0 0 0 0 0 0 0 0 0 0 0 0 0 0 0 0 0 0 0 0 0 0 0 0 0 0 0 0 0 0 0 0 0 0 0 0 0 0 0 0 0 0 0 0 0 0 0 0 0 0 0 0 0 0 0 0 0 0 0 0 0 0 0 0 0 0 0 0 0 0 0 0 0 0 0 0 0 0 0 0 0 0 0 0 0 0 0 0 0 0 0 0 0 0 0 0 0 0 0 0 0 0 0 0 0 0 0 0 0 0 0 0 0 0 0 0 0 0 0 0 0 0 0 0 0 0 0 0 0 0 0 0 0 0 0 0 0 0 0 0 0 0 0 0 0 0 0 0 0 0 0 0 0 0 0 0 0 0 0 0 0 0 0 0 0 0 0 0 0 0 0 0 0 0 0 0 0 0 0 0 0 0 0 0 0 0 0 0 0 0 0 0 0 0 0 0 0 0 0 0 0 0 0 0 0 0 0 0 0 0 0 0 0 0 0 0 0 0 0 0 0 0 0 0 0 0 0 0 0 0 0 0 0 0 0 0 0 0 0 0 0 0 0 0 0 0 0 0 0 0 0 0 0 0 0 0 0 0 0 0 0 0 0 0 0 0 0 0 0 0 0 0 0 0
estimated_attenuation.size=5120
estimated_attenuation.data=0.00 0.00 0.00 0.00 0.00 0.00 0.00 0.00 0.00 0.00 0.00 0.00 0.00 0.00 0.00 0.00 0.00 0.00 0.00 0.00 0.00 0.00 0.00 0.00 0.00 0.00 0.00 0.00 0.00 0.00 0.00 0.00 0.00 0.00 0.00 0.00 0.00 0.00 0.00 0.00 0.00 0.00 0.00 0.00 0.00 0.00 0.00 0.00 0.00 0.00 0.00 0.00 0.00 0.00 0.00 0.00 0.00 0.00 0.00 0.00 0.00 0.00 0.00 0.00 0.00 0.00 0.00 0.00 0.00 0.00 0.00 0.00 0.00 0.00 0.00 0.00 0.00 0.00 0.00 0.00 0.00 0.00 0.01 0.01 0.01 0.00 0.01 0.00 0.00 0.00 0.00 0.00 0.00 0.00 0.00 0.00 0.00 0.00 0.00 0.00 0.00 0.01 0.01 0.01 0.01 0.00 0.01 0.01 0.01 0.01 0.00 0.00 0.00 0.00 0.00 0.00 0.00 0.00 0.00 0.00 0.01 0.01 0.01 0.01 0.01 0.01 0.02 0.01 0.01 0.01 0.00 0.00 0.00 0.00 0.00 0.00 0.00 0.00 0.00 0.00 0.01 0.01 0.01 0.01 0.01 0.01 0.02 0.02 0.01 0.02 0.00 0.00 0.00 0.00 0.00 0.00 0.00 0.00 0.00 0.00 0.01 0.01 0.01 0.01 0.01 0.02 0.02 0.02 0.02 0.04 0.00 0.00 0.00 0.00 0.00 0.00 0.00 0.00 0.00 0.00 0.01 0.01 0.01 0.02 0.02 0.02 0.03 0.03 0.02 0.05 0.00 0.00 0.00 0.00 0.00 0.00 0.00 0.00 0.00 0.00 0.01 0.01 0.01 0.02 0.02 0.02 0.03 0.03 0.03 0.05 0.00 0.00 0.00 0.00 0.00 0.00 0.00 0.00 0.00 0.00 0.01 0.01 0.02 0.02 0.02 0.02 0.04 0.04 0.03 0.06 0.00 0.00 0.00 0.00 0.00 0.00 0.00 0.00 0.00 0.00 0.01 0.01 0.02 0.02 0.02 0.03 0.04 0.04 0.04 0.08 0.00 0.00 0.00 0.00 0.00 0.00 0.00 0.00 0.00 0.00 0.02 0.02 0.02 0.02 0.03 0.03 0.04 0.05 0.04 0.09 0.00 0.00 0.00 0.00 0.00 0.00 0.00 0.00 0.00 0.00 0.02 0.02 0.02 0.02 0.03 0.04 0.05 0.05 0.04 0.10 0.00 0.00 0.00 0.00 0.00 0.00 0.00 0.00 0.00 0.00 0.02 0.02 0.02 0.02 0.03 0.04 0.05 0.05 0.05 0.11 0.00 0.00 0.00 0.00 0.00 0.00 0.00 0.00 0.00 0.00 0.02 0.02 0.02 0.03 0.04 0.04 0.06 0.06 0.06 0.13 0.00 0.00 0.00 0.00 0.00 0.00 0.00 0.00 0.00 0.00 0.02 0.02 0.02 0.03 0.04 0.04 0.06 0.07 0.06 0.14 0.00 0.00 0.00 0.00 0.00 0.00 0.00 0.00 0.00 0.00 0.02 0.02 0.03 0.03 0.04 0.05 0.06 0.07 0.06 0.18 0.00 0.00 0.00 0.00 0.00 0.00 0.00 0.00 0.00 0.00 0.02 0.02 0.03 0.03 0.04 0.05 0.07 0.08 0.07 0.20 0.00 0.00 0.00 0.00 0.00 0.00 0.00 0.00 0.00 0.00 0.03 0.03 0.03 0.03 0.04 0.05 0.07 0.08 0.08 0.23 0.00 0.00 0.00 0.00 0.00 0.00 0.00 0.00 0.00 0.00 0.03 0.03 0.03 0.04 0.05 0.06 0.08 0.09 0.08 0.26 0.00 0.00 0.00 0.00 0.00 0.00 0.00 0.00 0.00 0.00 0.03 0.03 0.04 0.04 0.05 0.06 0.08 0.09 0.09 0.30 0.00 0.00 0.00 0.00 0.00 0.00 0.00 0.00 0.00 0.00 0.03 0.03 0.04 0.04 0.05 0.06 0.08 0.10 0.10 0.30 0.00 0.00 0.00 0.00 0.00 0.00 0.00 0.00 0.00 0.00 0.03 0.03 0.04 0.04 0.06 0.06 0.08 0.10 0.10 0.30 0.00 0.00 0.00 0.00 0.00 0.00 0.00 0.00 0.00 0.00 0.03 0.03 0.04 0.04 0.06 0.07 0.09 0.10 0.10 0.30 0.00 0.00 0.00 0.00 0.00 0.00 0.00 0.00 0.00 0.00 0.03 0.03 0.04 0.04 0.06 0.07 0.09 0.11 0.11 0.30 0.00 0.00 0.00 0.00 0.00 0.00 0.00 0.00 0.00 0.00 0.04 0.04 0.04 0.05 0.06 0.08 0.10 0.11 0.11 0.30 0.00 0.00 0.00 0.00 0.00 0.00 0.00 0.00 0.00 0.00 0.04 0.04 0.04 0.05 0.07 0.08 0.10 0.11 0.12 0.30 0.00 0.00 0.00 0.00 0.00 0.00 0.00 0.00 0.00 0.00 0.04 0.04 0.05 0.05 0.07 0.08 0.11 0.12 0.12 0.30 0.00 0.00 0.00 0.00 0.00 0.00 0.00 0.00 0.00 0.00 0.04 0.04 0.05 0.05 0.07 0.09 0.11 0.12 0.13 0.30 0.00 0.00 0.00 0.00 0.00 0.00 0.00 0.00 0.00 0.00 0.04 0.04 0.05 0.05 0.07 0.09 0.11 0.13 0.14 0.30 0.00 0.00 0.00 0.00 0.00 0.00 0.00 0.00 0.00 0.00 0.04 0.04 0.05 0.06 0.08 0.09 0.12 0.14 0.14 0.30 0.00 0.00 0.00 0.00 0.00 0.00 0.00 0.00 0.00 0.00 0.04 0.05 0.05 0.06 0.08 0.10 0.12 0.14 0.15 0.30 0.00 0.00 0.00 0.00 0.00 0.00 0.00 0.00 0.00 0.00 0.04 0.05 0.05 0.06 0.08 0.10 0.12 0.14 0.16 0.30 0.00 0.00 0.00 0.00 0.00 0.00 0.00 0.00 0.00 0.00 0.05 0.05 0.05 0.06 0.08 0.10 0.13 0.15 0.16 0.30 0.00 0.00 0.00 0.00 0.00 0.00 0.00 0.00 0.00 0.00 0.05 0.05 0.06 0.07 0.08 0.10 0.13 0.16 0.17 0.30 0.00 0.00 0.00 0.00 0.00 0.00 0.00 0.00 0.00 0.00 0.05 0.05 0.06 0.07 0.09 0.11 0.14 0.16 0.17 0.30 0.00 0.00 0.00 0.00 0.00 0.00 0.00 0.00 0.00 0.00 0.05 0.05 0.06 0.07 0.09 0.11 0.15 0.16 0.19 0.30 0.00 0.00 0.00 0.00 0.00 0.00 0.00 0.00 0.00 0.00 0.05 0.05 0.06 0.07 0.09 0.11 0.15 0.17 0.20 0.30 0.00 0.00 0.00 0.00 0.00 0.00 0.00 0.00 0.00 0.00 0.05 0.05 0.06 0.08 0.10 0.12 0.15 0.18 0.22 0.30 0.00 0.00 0.00 0.00 0.00 0.00 0.00 0.00 0.00 0.00 0.05 0.05 0.06 0.08 0.10 0.12 0.16 0.18 0.23 0.30 0.00 0.00 0.00 0.00 0.00 0.00 0.00 0.00 0.00 0.00 0.06 0.06 0.07 0.08 0.10 0.12 0.17 0.19 0.25 0.30 0.00 0.00 0.00 0.00 0.00 0.00 0.00 0.00 0.00 0.00 0.06 0.06 0.07 0.08 0.10 0.13 0.17 0.20 0.28 0.30 0.00 0.00 0.00 0.00 0.00 0.00 0.00 0.00 0.00 0.00 0.06 0.06 0.07 0.08 0.11 0.13 0.17 0.20 0.30 0.30 0.00 0.00 0.00 0.00 0.00 0.00 0.00 0.00 0.00 0.00 0.06 0.06 0.07 0.09 0.11 0.13 0.17 0.21 0.34 0.30 0.00 0.00 0.00 0.00 0.00 0.00 0.00 0.00 0.00 0.00 0.06 0.06 0.07 0.09 0.11 0.13 0.18 0.21 0.42 0.30 0.00 0.00 0.00 0.00 0.00 0.00 0.00 0.00 0.00 0.00 0.07 0.06 0.07 0.09 0.11 0.14 0.18 0.22 0.45 0.30 0.00 0.00 0.00 0.00 0.00 0.00 0.00 0.00 0.00 0.00 0.07 0.06 0.07 0.09 0.12 0.14 0.18 0.22 0.50 0.30 0.00 0.00 0.00 0.00 0.00 0.00 0.00 0.00 0.00 0.00 0.07 0.07 0.07 0.09 0.12 0.14 0.19 0.23 0.51 0.30 0.00 0.00 0.00 0.00 0.00 0.00 0.00 0.00 0.00 0.00 0.07 0.07 0.08 0.10 0.12 0.15 0.19 0.23 0.51 0.30 0.00 0.00 0.00 0.00 0.00 0.00 0.00 0.00 0.00 0.00 0.07 0.07 0.08 0.10 0.13 0.15 0.20 0.24 0.51 0.30 0.00 0.00 0.00 0.00 0.00 0.00 0.00 0.00 0.00 0.00 0.07 0.07 0.08 0.10 0.13 0.15 0.20 0.25 0.51 0.30 0.00 0.00 0.00 0.00 0.00 0.00 0.00 0.00 0.00 0.00 0.07 0.07 0.08 0.10 0.14 0.16 0.20 0.27 0.51 0.30 0.00 0.00 0.00 0.00 0.00 0.00 0.00 0.00 0.00 0.00 0.07 0.07 0.08 0.10 0.14 0.16 0.20 0.27 0.51 0.30 0.00 0.00 0.00 0.00 0.00 0.00 0.00 0.00 0.00 0.00 0.08 0.07 0.09 0.10 0.14 0.17 0.21 0.28 0.51 0.30 0.00 0.00 0.00 0.00 0.00 0.00 0.00 0.00 0.00 0.00 0.08 0.07 0.09 0.11 0.15 0.17 0.21 0.28 0.51 0.30 0.00 0.00 0.00 0.00 0.00 0.00 0.00 0.00 0.00 0.00 0.08 0.08 0.09 0.11 0.15 0.17 0.22 0.29 0.51 0.30 0.00 0.00 0.00 0.00 0.00 0.00 0.00 0.00 0.00 0.00 0.08 0.08 0.09 0.11 0.15 0.18 0.22 0.29 0.51 0.30 0.00 0.00 0.00 0.00 0.00 0.00 0.00 0.00 0.00 0.00 0.08 0.08 0.09 0.11 0.16 0.19 0.23 0.31 0.51 0.30 0.00 0.00 0.00 0.00 0.00 0.00 0.00 0.00 0.00 0.00 0.08 0.08 0.09 0.12 0.16 0.19 0.23 0.32 0.51 0.30 0.00 0.00 0.00 0.00 0.00 0.00 0.00 0.00 0.00 0.00 0.08 0.08 0.09 0.12 0.16 0.19 0.24 0.32 0.51 0.30 0.00 0.00 0.00 0.00 0.00 0.00 0.00 0.00 0.00 0.00 0.09 0.08 0.10 0.12 0.16 0.19 0.25 0.33 0.51 0.30 0.00 0.00 0.00 0.00 0.00 0.00 0.00 0.00 0.00 0.00 0.09 0.08 0.10 0.12 0.17 0.20 0.25 0.34 0.51 0.30 0.00 0.00 0.00 0.00 0.00 0.00 0.00 0.00 0.00 0.00 0.09 0.09 0.10 0.13 0.17 0.20 0.25 0.34 0.51 0.30 0.00 0.00 0.00 0.00 0.00 0.00 0.00 0.00 0.00 0.00 0.09 0.09 0.10 0.13 0.18 0.20 0.26 0.35 0.51 0.30 0.00 0.00 0.00 0.00 0.00 0.00 0.00 0.00 0.00 0.00 0.09 0.09 0.10 0.13 0.18 0.21 0.27 0.36 0.51 0.30 0.00 0.00 0.00 0.00 0.00 0.00 0.00 0.00 0.00 0.00 0.09 0.09 0.10 0.13 0.19 0.21 0.28 0.36 0.51 0.30 0.00 0.00 0.00 0.00 0.00 0.00 0.00 0.00 0.00 0.00 0.10 0.09 0.11 0.13 0.19 0.21 0.28 0.37 0.51 0.30 0.00 0.00 0.00 0.00 0.00 0.00 0.00 0.00 0.00 0.00 0.10 0.09 0.11 0.14 0.20 0.22 0.29 0.38 0.51 0.30 0.00 0.00 0.00 0.00 0.00 0.00 0.00 0.00 0.00 0.00 0.10 0.09 0.11 0.14 0.20 0.22 0.29 0.41 0.51 0.30 0.00 0.00 0.00 0.00 0.00 0.00 0.00 0.00 0.00 0.00 0.10 0.10 0.11 0.14 0.20 0.22 0.30 0.41 0.51 0.30 0.00 0.00 0.00 0.00 0.00 0.00 0.00 0.00 0.00 0.00 0.10 0.10 0.11 0.14 0.20 0.22 0.30 0.43 0.51 0.30 0.00 0.00 0.00 0.00 0.00 0.00 0.00 0.00 0.00 0.00 0.10 0.10 0.11 0.15 0.21 0.23 0.30 0.45 0.51 0.30 0.00 0.00 0.00 0.00 0.00 0.00 0.00 0.00 0.00 0.00 0.10 0.10 0.11 0.15 0.21 0.23 0.31 0.48 0.51 0.30 0.00 0.00 0.00 0.00 0.00 0.00 0.00 0.00 0.00 0.00 0.12 0.12 0.16 0.16 0.27 0.24 0.32 0.49 0.51 0.30 0.00 0.00 0.00 0.00 0.00 0.00 0.00 0.00 0.00 0.00 0.13 0.16 0.17 0.17 0.28 0.27 0.37 0.51 0.51 0.30 0.00 0.00 0.00 0.00 0.00 0.00 0.00 0.00 0.00 0.00 0.14 0.19 0.19 0.19 0.31 0.39 0.51 0.59 0.51 0.30 0.00 0.00 0.00 0.00 0.00 0.00 0.00 0.00 0.00 0.00 0.19 0.21 0.21 0.22 0.33 0.43 0.62 0.61 0.51 0.30 0.00 0.00 0.00 0.00 0.00 0.00 0.00 0.00 0.00 0.00 0.20 0.22 0.23 0.25 0.35 0.47 0.64 0.65 0.51 0.30 0.00 0.00 0.00 0.00 0.00 0.00 0.00 0.00 0.00 0.00 0.21 0.25 0.25 0.29 0.39 0.53 0.69 0.71 0.51 0.30 0.00 0.00 0.00 0.00 0.00 0.00 0.00 0.00 0.00 0.00 0.24 0.27 0.27 0.31 0.45 0.56 0.75 0.96 0.51 0.30 0.00 0.00 0.00 0.00 0.00 0.00 0.00 0.00 0.00 0.00 0.27 0.30 0.28 0.37 0.53 0.62 0.92 1.02 0.51 0.30 0.00 0.00 0.00 0.00 0.00 0.00 0.00 0.00 0.00 0.00 0.29 0.33 0.29 0.41 0.56 0.72 0.98 1.19 0.51 0.30 0.00 0.00 0.00 0.00 0.00 0.00 0.00 0.00 0.00 0.00 0.31 0.34 0.32 0.43 0.60 0.76 1.02 1.38 0.51 0.30 0.00 0.00 0.00 0.00 0.00 0.00 0.00 0.00 0.00 0.00 0.34 0.34 0.37 0.46 0.62 0.83 1.08 1.51 0.51 0.30 0.00 0.00 0.00 0.00 0.00 0.00 0.00 0.00 0.00 0.00 0.35 0.38 0.38 0.48 0.69 0.88 1.13 1.54 0.51 0.30 0.00 0.00 0.00 0.00 0.00 0.00 0.00 0.00 0.00 0.00 0.38 0.41 0.40 0.55 0.72 0.93 1.14 1.61 0.51 0.30 0.00 0.00 0.00 0.00 0.00 0.00 0.00 0.00 0.00 0.00 0.40 0.42 0.45 0.57 0.75 0.97 1.24 1.75 0.51 0.30 0.00 0.00 0.00 0.00 0.00 0.00 0.00 0.00 0.00 0.00 0.42 0.44 0.48 0.58 0.77 0.99 1.26 1.76 0.51 0.30 0.00 0.00 0.00 0.00 0.00 0.00 0.00 0.00 0.00 0.00 0.44 0.46 0.51 0.65 0.82 1.05 1.28 1.91 0.51 0.30 0.00 0.00 0.00 0.00 0.00 0.00 0.00 0.00 0.00 0.00 0.52 0.47 0.52 0.70 0.86 1.11 1.33 2.01 0.51 0.30 0.00 0.00 0.00 0.00 0.00 0.00 0.00 0.00 0.00 0.00 0.54 0.48 0.54 0.73 1.02 1.13 1.48 2.05 0.51 0.30 0.00 0.00 0.00 0.00 0.00 0.00 0.00 0.00 0.00 0.00 0.57 0.49 0.57 0.75 1.06 1.18 1.65 2.05 0.51 0.30 0.00 0.00 0.00 0.00 0.00 0.00 0.00 0.00 0.00 0.00 0.61 0.51 0.60 0.78 1.08 1.28 1.69 2.05 0.51 0.30 0.00 0.00 0.00 0.00 0.00 0.00 0.00 0.00 0.00 0.00 0.62 0.54 0.61 0.79 1.13 1.32 1.74 2.05 0.51 0.30 0.00 0.00 0.00 0.00 0.00 0.00 0.00 0.00 0.00 0.00 0.63 0.57 0.64 0.82 1.19 1.39 1.86 2.05 0.51 0.30 0.00 0.00 0.00 0.00 0.00 0.00 0.00 0.00 0.00 0.00 0.66 0.59 0.67 0.85 1.22 1.43 1.90 2.05 0.51 0.30 0.00 0.00 0.00 0.00 0.00 0.00 0.00 0.00 0.00 0.00 0.68 0.61 0.69 0.87 1.24 1.55 1.96 2.05 0.51 0.30 0.00 0.00 0.00 0.00 0.00 0.00 0.00 0.00 0.00 0.00 0.69 0.63 0.72 0.89 1.27 1.59 2.00 2.05 0.51 0.30 0.00 0.00 0.00 0.00 0.00 0.00 0.00 0.00 0.00 0.00 0.71 0.66 0.75 0.92 1.29 1.65 2.05 2.05 0.51 0.30 0.00 0.00 0.00 0.00 0.00 0.00 0.00 0.00 0.00 0.00 0.75 0.70 0.78 0.98 1.32 1.67 2.09 2.05 0.51 0.30 0.00 0.00 0.00 0.00 0.00 0.00 0.00 0.00 0.00 0.00 0.75 0.71 0.80 1.05 1.37 1.70 2.17 2.05 0.51 0.30 0.00 0.00 0.00 0.00 0.00 0.00 0.00 0.00 0.00 0.00 0.79 0.74 0.83 1.09 1.41 1.77 2.21 2.05 0.51 0.30 0.00 0.00 0.00 0.00 0.00 0.00 0.00 0.00 0.00 0.00 0.80 0.76 0.87 1.11 1.50 1.82 2.23 2.05 0.51 0.30 0.00 0.00 0.00 0.00 0.00 0.00 0.00 0.00 0.00 0.00 0.84 0.78 0.88 1.12 1.58 1.87 2.35 2.05 0.51 0.30 0.00 0.00 0.00 0.00 0.00 0.00 0.00 0.00 0.00 0.00 0.84 0.79 0.91 1.14 1.62 1.91 2.63 2.05 0.51 0.30 0.00 0.00 0.00 0.00 0.00 0.00 0.00 0.00 0.00 0.00 0.87 0.80 0.91 1.21 1.64 1.98 2.66 2.05 0.51 0.30 0.00 0.00 0.00 0.00 0.00 0.00 0.00 0.00 0.00 0.00 0.89 0.81 0.93 1.24 1.74 1.99 2.70 2.05 0.51 0.30 0.00 0.00 0.00 0.00 0.00 0.00 0.00 0.00 0.00 0.00 0.91 0.82 0.95 1.26 1.79 2.06 2.77 2.05 0.51 0.30 0.00 0.00 0.00 0.00 0.00 0.00 0.00 0.00 0.00 0.00 0.92 0.83 0.96 1.29 1.83 2.07 2.82 2.05 0.51 0.30 0.00 0.00 0.00 0.00 0.00 0.00 0.00 0.00 0.00 0.00 0.94 0.84 0.97 1.34 1.86 2.12 2.88 2.05 0.51 0.30 0.00 0.00 0.00 0.00 0.00 0.00 0.00 0.00 0.00 0.00 0.97 0.86 1.02 1.36 1.88 2.15 2.95 2.05 0.51 0.30 0.00 0.00 0.00 0.00 0.00 0.00 0.00 0.00 0.00 0.00 1.00 0.86 1.05 1.41 1.91 2.17 3.01 2.05 0.51 0.30 0.00 0.00 0.00 0.00 0.00 0.00 0.00 0.00 0.00 0.00 1.03 0.89 1.09 1.47 1.94 2.33 3.10 2.05 0.51 0.30 0.00 0.00 0.00 0.00 0.00 0.00 0.00 0.00 0.00 0.00 1.05 0.93 1.13 1.50 1.98 2.36 3.18 2.05 0.51 0.30 0.00 0.00 0.00 0.00 0.00 0.00 0.00 0.00 0.00 0.00 1.08 0.96 1.15 1.56 2.04 2.44 3.33 2.05 0.51 0.30 0.00 0.00 0.00 0.00 0.00 0.00 0.00 0.00 0.00 0.00 1.13 0.97 1.17 1.58 2.08 2.48 3.37 2.05 0.51 0.30 0.00 0.00 0.00 0.00 0.00 0.00 0.00 0.00 0.00 0.00 1.16 0.99 1.19 1.61 2.12 2.52 3.44 2.05 0.51 0.30 0.00 0.00 0.00 0.00 0.00 0.00 0.00 0.00 0.00 0.00 1.19 1.00 1.21 1.66 2.17 2.58 3.57 2.05 0.51 0.30 0.00 0.00 0.00 0.00 0.00 0.00 0.00 0.00 0.00 0.00 1.20 1.02 1.23 1.68 2.23 2.60 3.60 2.05 0.51 0.30 0.00 0.00 0.00 0.00 0.00 0.00 0.00 0.00 0.00 0.00 1.22 1.03 1.26 1.75 2.34 2.66 3.63 2.05 0.51 0.30 0.00 0.00 0.00 0.00 0.00 0.00 0.00 0.00 0.00 0.00 1.25 1.05 1.28 1.82 2.42 2.70 3.68 2.05 0.51 0.30 0.00 0.00 0.00 0.00 0.00 0.00 0.00 0.00 0.00 0.00 1.27 1.07 1.29 1.85 2.47 2.75 3.74 2.05 0.51 0.30 0.00 0.00 0.00 0.00 0.00 0.00 0.00 0.00 0.00 0.00 1.29 1.12 1.32 1.86 2.58 2.82 3.95 2.05 0.51 0.30 0.00 0.00 0.00 0.00 0.00 0.00 0.00 0.00 0.00 0.00 1.36 1.15 1.34 1.87 2.61 2.83 4.05 2.05 0.51 0.30 0.00 0.00 0.00 0.00 0.00 0.00 0.00 0.00 0.00 0.00 1.36 1.17 1.35 1.93 2.65 2.91 4.22 2.05 0.51 0.30 0.00 0.00 0.00 0.00 0.00 0.00 0.00 0.00 0.00 0.00 1.39 1.19 1.38 2.06 2.67 2.93 4.33 2.05 0.51 0.30 0.00 0.00 0.00 0.00 0.00 0.00 0.00 0.00 0.00 0.00 1.43 1.20 1.40 2.11 2.71 2.95 4.44 2.05 0.51 0.30 0.00 0.00 0.00 0.00 0.00 0.00 0.00 0.00 0.00 0.00 1.45 1.22 1.43 2.15 2.74 2.97 4.49 2.05 0.51 0.30 0.00 0.00 0.00 0.00 0.00 0.00 0.00 0.00 0.00 0.00 1.47 1.23 1.46 2.29 2.77 2.99 4.60 2.05 0.51 0.30 0.00 0.00 0.00 0.00 0.00 0.00 0.00 0.00 0.00 0.00 1.50 1.27 1.49 2.33 2.80 3.06 4.65 2.05 0.51 0.30 0.00 0.00 0.00 0.00 0.00 0.00 0.00 0.00 0.00 0.00 1.52 1.29 1.51 2.35 2.83 3.19 4.74 2.05 0.51 0.30 0.00 0.00 0.00 0.00 0.00 0.00 0.00 0.00 0.00 0.00 1.53 1.32 1.55 2.38 2.88 3.26 4.81 2.05 0.51 0.30 0.00 0.00 0.00 0.00 0.00 0.00 0.00 0.00 0.00 0.00 1.54 1.33 1.57 2.40 2.90 3.28 4.87 2.05 0.51 0.30 0.00 0.00 0.00 0.00 0.00 0.00 0.00 0.00 0.00 0.00 1.57 1.35 1.61 2.44 2.97 3.34 4.95 2.05 0.51 0.30 0.00 0.00 0.00 0.00 0.00 0.00 0.00 0.00 0.00 0.00 1.60 1.36 1.64 2.45 3.02 3.38 4.96 2.05 0.51 0.30 0.00 0.00 0.00 0.00 0.00 0.00 0.00 0.00 0.00 0.00 1.61 1.36 1.68 2.47 3.05 3.42 5.11 2.05 0.51 0.30 0.00 0.00 0.00 0.00 0.00 0.00 0.00 0.00 0.00 0.00 1.62 1.38 1.68 2.50 3.08 3.61 5.19 2.05 0.51 0.30 0.00 0.00 0.00 0.00 0.00 0.00 0.00 0.00 0.00 0.00 1.64 1.39 1.71 2.52 3.12 3.68 5.32 2.05 0.51 0.30 0.00 0.00 0.00 0.00 0.00 0.00 0.00 0.00 0.00 0.00 1.65 1.40 1.73 2.57 3.14 3.70 5.32 2.05 0.51 0.30 0.00 0.00 0.00 0.00 0.00 0.00 0.00 0.00 0.00 0.00 1.67 1.41 1.78 2.63 3.16 3.71 5.32 2.05 0.51 0.30 0.00 0.00 0.00 0.00 0.00 0.00 0.00 0.00 0.00 0.00 1.68 1.43 1.79 2.66 3.22 3.75 5.32 2.05 0.51 0.30 0.00 0.00 0.00 0.00 0.00 0.00 0.00 0.00 0.00 0.00 1.69 1.44 1.83 2.68 3.23 3.90 5.32 2.05 0.51 0.30 0.00 0.00 0.00 0.00 0.00 0.00 0.00 0.00 0.00 0.00 1.70 1.47 1.85 2.71 3.26 3.94 5.32 2.05 0.51 0.30 0.00 0.00 0.00 0.00 0.00 0.00 0.00 0.00 0.00 0.00 1.72 1.48 1.88 2.74 3.37 4.01 5.32 2.05 0.51 0.30 0.00 0.00 0.00 0.00 0.00 0.00 0.00 0.00 0.00 0.00 1.74 1.51 1.92 2.76 3.41 4.04 5.32 2.05 0.51 0.30 0.00 0.00 0.00 0.00 0.00 0.00 0.00 0.00 0.00 0.00 1.75 1.53 1.95 2.79 3.47 4.11 5.32 2.05 0.51 0.30 0.00 0.00 0.00 0.00 0.00 0.00 0.00 0.00 0.00 0.00 1.79 1.56 1.97 2.94 3.50 4.22 5.32 2.05 0.51 0.30 0.00 0.00 0.00 0.00 0.00 0.00 0.00 0.00 0.00 0.00 1.81 1.60 2.00 2.97 3.59 4.25 5.32 2.05 0.51 0.30 0.00 0.00 0.00 0.00 0.00 0.00 0.00 0.00 0.00 0.00 1.83 1.62 2.04 3.05 3.61 4.33 5.32 2.05 0.51 0.30 0.00 0.00 0.00 0.00 0.00 0.00 0.00 0.00 0.00 0.00 1.84 1.63 2.04 3.09 3.68 4.36 5.32 2.05 0.51 0.30 0.00 0.00 0.00 0.00 0.00 0.00 0.00 0.00 0.00 0.00 1.87 1.65 2.05 3.14 3.70 4.42 5.32 2.05 0.51 0.30 0.00 0.00 0.00 0.00 0.00 0.00 0.00 0.00 0.00 0.00 1.90 1.67 2.07 3.16 3.75 4.51 5.32 2.05 0.51 0.30 0.00 0.00 0.00 0.00 0.00 0.00 0.00 0.00 0.00 0.00 1.92 1.68 2.08 3.21 3.81 4.59 5.32 2.05 0.51 0.30 0.00 0.00 0.00 0.00 0.00 0.00 0.00 0.00 0.00 0.00 1.93 1.70 2.09 3.24 3.84 4.95 5.32 2.05 0.51 0.30 0.00 0.00 0.00 0.00 0.00 0.00 0.00 0.00 0.00 0.00 1.96 1.72 2.12 3.28 3.87 5.00 5.32 2.05 0.51 0.30 0.00 0.00 0.00 0.00 0.00 0.00 0.00 0.00 0.00 0.00 2.01 1.74 2.16 3.34 3.93 5.06 5.32 2.05 0.51 0.30 0.00 0.00 0.00 0.00 0.00 0.00 0.00 0.00 0.00 0.00 2.02 1.79 2.16 3.36 3.97 5.12 5.32 2.05 0.51 0.30 0.00 0.00 0.00 0.00 0.00 0.00 0.00 0.00 0.00 0.00 2.07 1.80 2.19 3.41 4.01 5.17 5.32 2.05 0.51 0.30 0.00 0.00 0.00 0.00 0.00 0.00 0.00 0.00 0.00 0.00 2.10 1.82 2.24 3.44 4.11 5.22 5.32 2.05 0.51 0.30 0.00 0.00 0.00 0.00 0.00 0.00 0.00 0.00 0.00 0.00 2.11 1.82 2.25 3.49 4.15 5.30 5.32 2.05 0.51 0.30 0.00 0.00 0.00 0.00 0.00 0.00 0.00 0.00 0.00 0.00 2.13 1.84 2.32 3.58 4.21 5.35 5.32 2.05 0.51 0.30 0.00 0.00 0.00 0.00 0.00 0.00 0.00 0.00 0.00 0.00 2.16 1.89 2.33 3.64 4.24 5.45 5.32 2.05 0.51 0.30 0.00 0.00 0.00 0.00 0.00 0.00 0.00 0.00 0.00 0.00 2.18 1.91 2.35 3.70 4.30 5.49 5.32 2.05 0.51 0.30 0.00 0.00 0.00 0.00 0.00 0.00 0.00 0.00 0.00 0.00 2.19 1.93 2.38 3.71 4.34 5.52 5.32 2.05 0.51 0.30 0.00 0.00 0.00 0.00 0.00 0.00 0.00 0.00 0.00 0.00 2.22 1.94 2.39 3.76 4.42 5.56 5.32 2.05 0.51 0.30 0.00 0.00 0.00 0.00 0.00 0.00 0.00 0.00 0.00 0.00 2.25 1.97 2.41 3.80 4.50 5.63 5.32 2.05 0.51 0.30 0.00 0.00 0.00 0.00 0.00 0.00 0.00 0.00 0.00 0.00 2.28 1.98 2.43 3.84 4.53 5.68 5.32 2.05 0.51 0.30 0.00 0.00 0.00 0.00 0.00 0.00 0.00 0.00 0.00 0.00 2.33 2.01 2.46 3.88 4.58 5.72 5.32 2.05 0.51 0.30 0.00 0.00 0.00 0.00 0.00 0.00 0.00 0.00 0.00 0.00 2.35 2.03 2.47 3.93 4.60 5.76 5.32 2.05 0.51 0.30 0.00 0.00 0.00 0.00 0.00 0.00 0.00 0.00 0.00 0.00 2.37 2.05 2.50 3.96 4.68 6.08 5.32 2.05 0.51 0.30 0.00 0.00 0.00 0.00 0.00 0.00 0.00 0.00 0.00 0.00 2.38 2.05 2.52 4.05 4.82 6.15 5.32 2.05 0.51 0.30 0.00 0.00 0.00 0.00 0.00 0.00 0.00 0.00 0.00 0.00 2.41 2.08 2.54 4.11 4.85 6.28 5.32 2.05 0.51 0.30 0.00 0.00 0.00 0.00 0.00 0.00 0.00 0.00 0.00 0.00 2.41 2.08 2.54 4.17 4.91 6.30 5.32 2.05 0.51 0.30 0.00 0.00 0.00 0.00 0.00 0.00 0.00 0.00 0.00 0.00 2.41 2.08 2.54 4.17 4.92 6.34 5.32 2.05 0.51 0.30 0.00 0.00 0.00 0.00 0.00 0.00 0.00 0.00 0.00 0.00 2.41 2.08 2.55 4.17 4.93 6.35 5.32 2.05 0.51 0.30 0.00 0.00 0.00 0.00 0.00 0.00 0.00 0.00 0.00 0.00 2.41 2.08 2.55 4.18 4.94 6.36 5.32 2.05 0.51 0.30 0.00 0.00 0.00 0.00 0.00 0.00 0.00 0.00 0.00 0.00 2.42 2.08 2.55 4.18 4.94 6.37 5.32 2.05 0.51 0.30 0.00 0.00 0.00 0.00 0.00 0.00 0.00 0.00 0.00 0.00 2.42 2.08 2.55 4.18 4.94 6.39 5.32 2.05 0.51 0.30 0.00 0.00 0.00 0.00 0.00 0.00 0.00 0.00 0.00 0.00 2.42 2.09 2.56 4.19 4.95 6.42 5.32 2.05 0.51 0.30 0.00 0.00 0.00 0.00 0.00 0.00 0.00 0.00 0.00 0.00 2.42 2.09 2.56 4.19 4.96 6.44 5.32 2.05 0.51 0.30 0.00 0.00 0.00 0.00 0.00 0.00 0.00 0.00 0.00 0.00 0.00 0.00 0.00 4.19 4.96 6.46 5.32 2.05 0.51 0.30 0.00 0.00 0.00 0.00 0.00 0.00 0.00 0.00 0.00 0.00 0.00 0.00 0.00 0.00 0.00 6.48 5.32 2.05 0.51 0.30 0.00 0.00 0.00 0.00 0.00 0.00 0.00 0.00 0.00 0.00 0.00 0.00 0.00 0.00 0.00 0.00 0.00 2.05 0.51 0.30 0.00 0.00 0.00 0.00 0.00 0.00 0.00 0.00 0.00 0.00 0.00 0.00 0.00 0.00 0.00 0.00 0.00 0.00 0.51 0.30 0.00 0.00 0.00 0.00 0.00 0.00 0.00 0.00 0.00 0.00 0.00 0.00 0.00 0.00 0.00 0.00 0.00 0.00 0.00 0.30 0.00 0.00 0.00 0.00 0.00 0.00 0.00 0.00 0.00 0.00 0.00 0.00 0.00 0.00 0.00 0.00 0.00 0.00 0.00 0.00 0.00 0.00 0.00 0.00 0.00 0.00 0.00 0.00 0.00 0.00 0.00 0.00 0.00 0.00 0.00 0.00 0.00 0.00 0.00 0.00 0.00 0.00 0.00 0.00 0.00 0.00 0.00 0.00 0.00 0.00 0.00 0.00 0.00 0.00 0.00 0.00 0.00 0.00 0.00 0.00 0.00 0.00 0.00 0.00 0.00 0.00 0.00 0.00 0.00 0.00 0.00 0.00 0.00 0.00 0.00 0.00 0.00 0.00 0.00 0.00 0.00 0.00 0.00 0.00 0.00 0.00 0.00 0.00 0.00 0.00 0.00 0.00 0.00 0.00 0.00 0.00 0.00 0.00 0.00 0.00 0.00 0.00 0.00 0.00 0.00 0.00 0.00 0.00 0.00 0.00 0.00 0.00 0.00 0.00 0.00 0.00 0.00 0.00 0.00 0.00 0.00 0.00 0.00 0.00 0.00 0.00 0.00 0.00 0.00 0.00 0.00 0.00 0.00 0.00 0.00 0.00 0.00 0.00 0.00 0.00 0.00 0.00 0.00 0.00 0.00 0.00 0.00 0.00 0.00 0.00 0.00 0.00 0.00 0.00 0.00 0.00 0.00 0.00 0.00 0.00 0.00 0.00 0.00 0.00 0.00 0.00 0.00 0.00 0.00 0.00 0.00 0.00 0.00 0.00 0.00 0.00 0.00 0.00 0.00 0.00 0.00 0.00 0.00 0.00 0.00 0.00 0.00 0.00 0.00 0.00 0.00 0.00 0.00 0.00 0.00 0.00 0.00 0.00 0.00 0.00 0.00 0.00 0.00 0.00 0.00 0.00 0.00 0.00 0.00 0.00 0.00 0.00 0.00 0.00 0.00 0.00 0.00 0.00 0.00 0.00 0.00 0.00 0.00 0.00 0.00 0.00 0.00 0.00 0.00 0.00 0.00 0.00 0.00 0.00 0.00 0.00 0.00 0.00 0.00 0.00 0.00 0.00 0.00 0.00 0.00 0.00 0.00 0.00 0.00 0.00 0.00 0.00 0.00 0.00 0.00 0.00 0.00 0.00 0.00 0.00 0.00 0.00 0.00 0.00 0.00 0.00 0.00 0.00 0.00 0.00 0.00 0.00 0.00 0.00 0.00 0.00 0.00 0.00 0.00 0.00 0.00 0.00 0.00 0.00 0.00 0.00 0.00 0.00 0.00 0.00 0.00 0.00 0.00 0.00 0.00 0.00 0.00 0.00 0.00 0.00 0.00 0.00 0.00 0.00 0.00 0.00 0.00 0.00 0.00 0.00 0.00 0.00 0.00 0.00 0.00 0.00 0.00 0.00 0.00 0.00 0.00 0.00 0.00 0.00 0.00 0.00 0.00 0.00 0.00 0.00 0.00 0.00 0.00 0.00 0.00 0.00 0.00 0.00 0.00 0.00 0.00 0.00 0.00 0.00 0.00 0.00 0.00 0.00 0.00 0.00 0.00 0.00 0.00 0.00 0.00 0.00 0.00 0.00 0.00 0.00 0.00 0.00 0.00 0.00 0.00 0.00 0.00 0.00 0.00 0.00 0.00 0.00 0.00 0.00 0.00 0.00 0.00 0.00 0.00 0.00 0.00 0.00 0.00 0.00 0.00 0.00 0.00 0.00 0.00 0.00 0.00 0.00 0.00 0.00 0.00 0.00 0.00 0.00 0.00 0.00 0.00 0.00 0.00 0.00 0.00 0.00 0.00 0.00 0.00 0.00 0.00 0.00 0.00 0.00 0.00 0.00 0.00 0.00 0.00 0.00 0.00 0.00 0.00 0.00 0.00 0.00 0.00 0.00 0.00 0.00 0.00 0.00 0.00 0.00 0.00 0.00 0.00 0.00 0.00 0.00 0.00 0.00 0.00 0.00 0.00 0.00 0.00 0.00 0.00 0.00 0.00 0.00 0.00 0.00 0.00 0.00 0.00 0.00 0.00 0.00 0.00 0.00 0.00 0.00 0.00 0.00 0.00 0.00 0.00 0.00 0.00 0.00 0.00 0.00 0.00 0.00 0.00 0.00 0.00 0.00 0.00 0.00 0.00 0.00 0.00 0.00 0.00 0.00 0.00 0.00 0.00 0.00 0.00 0.00 0.00 0.00 0.00 0.00 0.00 0.00 0.00 0.00 0.00 0.00 0.00 0.00 0.00 0.00 0.00 0.00 0.00 0.00 0.00 0.00 0.00 0.00 0.00 0.00 0.00 0.00 0.00 0.00 0.00 0.00 0.00 0.00 0.00 0.00 0.00 0.00 0.00 0.00 0.00 0.00 0.00 0.00 0.00 0.00 0.00 0.00 0.00 0.00 0.00 0.00 0.00 0.00 0.00 0.00 0.00 0.00 0.00 0.00 0.00 0.00 0.00 0.00 0.00 0.00 0.00 0.00 0.00 0.00 0.00 0.00 0.00 0.00 0.00 0.00 0.00 0.00 0.00 0.00 0.00 0.00 0.00 0.00 0.00 0.00 0.00 0.00 0.00 0.00 0.00 0.00 0.00 0.00 0.00 0.00 0.00 0.00 0.00 0.00 0.00 0.00 0.00 0.00 0.00 0.00 0.00 0.00 0.00 0.00 0.00 0.00 0.00 0.00 0.00 0.00 0.00 0.00 0.00 0.00 0.00 0.00 0.00 0.00 0.00 0.00 0.00 0.00 0.00 0.00 0.00 0.00 0.00 0.00 0.00 0.00 0.00 0.00 0.00 0.00 0.00 0.00 0.00 0.00 0.00 0.00 0.00 0.00 0.00 0.00 0.00 0.00 0.00 0.00 0.00 0.00 0.00 0.00 0.00 0.00 0.00 0.00 0.00 0.00 0.00 0.00 0.00 0.00 0.00 0.00 0.00 0.00 0.00 0.00 0.00 0.00 0.00 0.00 0.00 0.00 0.00 0.00 0.00 0.00 0.00 0.00 0.00 0.00 0.00 0.00 0.00 0.00 0.00 0.00 0.00 0.00 0.00 0.00 0.00 0.00 0.00 0.00 0.00 0.00 0.00 0.00 0.00 0.00 0.00 0.00 0.00 0.00 0.00 0.00 0.00 0.00 0.00 0.00 0.00 0.00 0.00 0.00 0.00 0.00 0.00 0.00 0.00 0.00 0.00 0.00 0.00 0.00 0.00 0.00 0.00 0.00 0.00 0.00 0.00 0.00 0.00 0.00 0.00 0.00 0.00 0.00 0.00 0.00 0.00 0.00 0.00 0.00 0.00 0.00 0.00 0.00 0.00 0.00 0.00 0.00 0.00 0.00 0.00 0.00 0.00 0.00 0.00 0.00 0.00 0.00 0.00 0.00 0.00 0.00 0.00 0.00 0.00 0.00 0.00 0.00 0.00 0.00 0.00 0.00 0.00 0.00 0.00 0.00 0.00 0.00 0.00 0.00 0.00 0.00 0.00 0.00 0.00 0.00 0.00 0.00 0.00 0.00 0.00 0.00 0.00 0.00 0.00 0.00 0.00 0.00 0.00 0.00 0.00 0.00 0.00 0.00 0.00 0.00 0.00 0.00 0.00 0.00 0.00 0.00 0.00 0.00 0.00 0.00 0.00 0.00 0.00 0.00 0.00 0.00 0.00 0.00 0.00 0.00 0.00 0.00 0.00 0.00 0.00 0.00 0.00 0.00 0.00 0.00 0.00 0.00 0.00 0.00 0.00 0.00 0.00 0.00 0.00 0.00 0.00 0.00 0.00 0.00 0.00 0.00 0.00 0.00 0.00 0.00 0.00 0.00 0.00 0.00 0.00 0.00 0.00 0.00 0.00 0.00 0.00 0.00 0.00 0.00 0.00 0.00 0.00 0.00 0.00 0.00 0.00 0.00 0.00 0.00 0.00 0.00 0.00 0.00 0.00 0.00 0.00 0.00 0.00 0.00 0.00 0.00 0.00 0.00 0.00 0.00 0.00 0.00 0.00 0.00 0.00 0.00 0.00 0.00 0.00 0.00 0.00 0.00 0.00 0.00 0.00 0.00 0.00 0.00 0.00 0.00 0.00 0.00 0.00 0.00 0.00 0.00 0.00 0.00 0.00 0.00 0.00 0.00 0.00 0.00 0.00 0.00 0.00 0.00 0.00 0.00 0.00 0.00 0.00 0.00 0.00 0.00 0.00 0.00 0.00 0.00 0.00 0.00 0.00 0.00 0.00 0.00 0.00 0.00 0.00 0.00 0.00 0.00 0.00 0.00 0.00 0.00 0.00 0.00 0.00 0.00 0.00 0.00 0.00 0.00 0.00 0.00 0.00 0.00 0.00 0.00 0.00 0.00 0.00 0.00 0.00 0.00 0.00 0.00 0.00 0.00 0.00 0.00 0.00 0.00 0.00 0.00 0.00 0.00 0.00 0.00 0.00 0.00 0.00 0.00 0.00 0.00 0.00 0.00 0.00 0.00 0.00 0.00 0.00 0.00 0.00 0.00 0.00 0.00 0.00 0.00 0.00 0.00 0.00 0.00 0.00 0.00 0.00 0.00 0.00 0.00 0.00 0.00 0.00 0.00 0.00 0.00 0.00 0.00 0.00 0.00 0.00 0.00 0.00 0.00 0.00 0.00 0.00 0.00 0.00 0.00 0.00 0.00 0.00 0.00 0.00 0.00 0.00 0.00 0.00 0.00 0.00 0.00 0.00 0.00 0.00 0.00 0.00 0.00 0.00 0.00 0.00 0.00 0.00 0.00 0.00 0.00 0.00 0.00 0.00 0.00 0.00 0.00 0.00 0.00 0.00 0.00 0.00 0.00 0.00 0.00 0.00 0.00 0.00 0.00 0.00 0.00 0.00 0.00 0.00 0.00 0.00 0.00 0.00 0.00 0.00 0.00 0.00 0.00 0.00 0.00 0.00 0.00 0.00 0.00 0.00 0.00 0.00 0.00 0.00 0.00 0.00 0.00 0.00 0.00 0.00 0.00 0.00 0.00 0.00 0.00 0.00 0.00 0.00 0.00 0.00 0.00 0.00 0.00 0.00 0.00 0.00 0.00 0.00 0.00 0.00 0.00 0.00 0.00 0.00 0.00 0.00 0.00 0.00 0.00 0.00 0.00 0.00 0.00 0.00 0.00 0.00 0.00 0.00 0.00 0.00 0.00 0.00 0.00 0.00 0.00 0.00 0.00 0.00 0.00 0.00 0.00 0.00 0.00 0.00 0.00 0.00 0.00 0.00 0.00 0.00 0.00 0.00 0.00 0.00 0.00 0.00 0.00 0.00 0.00 0.00 0.00 0.00 0.00 0.00 0.00 0.00 0.00 0.00 0.00 0.00 0.00 0.00 0.00 0.00 0.00 0.00 0.00 0.00 0.00 0.00 0.00 0.00 0.00 0.00 0.00 0.00 0.00 0.00 0.00 0.00 0.00 0.00 0.00 0.00 0.00 0.00 0.00 0.00 0.00 0.00 0.00 0.00 0.00 0.00 0.00 0.00 0.00 0.00 0.00 0.00 0.00 0.00 0.00 0.00 0.00 0.00 0.00 0.00 0.00 0.00 0.00 0.00 0.00 0.00 0.00 0.00 0.00 0.00 0.00 0.00 0.00 0.00 0.00 0.00 0.00 0.00 0.00 0.00 0.00 0.00 0.00 0.00 0.00 0.00 0.00 0.00 0.00 0.00 0.00 0.00 0.00 0.00 0.00 0.00 0.00 0.00 0.00 0.00 0.00 0.00 0.00 0.00 0.00 0.00 0.00 0.00 0.00 0.00 0.00 0.00 0.00 0.00 0.00 0.00 0.00 0.00 0.00 0.00 0.00 0.00 0.00 0.00 0.00 0.00 0.00 0.00 0.00 0.00 0.00 0.00 0.00 0.00 0.00 0.00 0.00 0.00 0.00 0.00 0.00 0.00 0.00 0.00 0.00 0.00 0.00 0.00 0.00 0.00 0.00 0.00 0.00 0.00 0.00 0.00 0.00 0.00 0.00 0.00 0.00 0.00 0.00 0.00 0.00 0.00 0.00 0.00 0.00 0.00 0.00 0.00 0.00 0.00 0.00 0.00 0.00 0.00 0.00 0.00 0.00 0.00 0.00 0.00 0.00 0.00 0.00 0.00 0.00 0.00 0.00 0.00 0.00 0.00 0.00 0.00 0.00
height.size=5120
height.data=23.31 370.60 717.78 1064.73 1411.35 1757.53 2103.17 2448.16 2792.39 3135.78 3478.20 3819.55 4159.73 4498.64 4836.18 5172.23 5506.71 5839.50 6170.51 6499.63 23.54 372.58 721.50 1070.20 1418.56 1766.48 2113.85 2460.57 2806.54 3151.65 3495.79 3838.86 4180.75 4521.36 4860.59 5198.33 5534.49 5868.95 6201.62 6532.40 23.78 374.57 725.23 1075.66 1425.77 1775.43 2124.54 2472.99 2820.69 3167.52 3513.38 3858.16 4201.77 4544.08 4885.01 5224.44 5562.27 5898.40 6232.74 6565.16 24.02 376.55 728.96 1081.13 1432.98 1784.38 2135.22 2485.41 2834.84 3183.40 3530.98 3877.47 4222.78 4566.80 4909.42 5250.54 5590.05 5927.86 6263.85 6597.93 24.26 378.53 732.68 1086.61 1440.19 1793.33 2145.91 2497.84 2848.99 3199.27 3548.57 3896.78 4243.80 4589.52 4933.84 5276.64 5617.84 5957.31 6294.97 6630.70 24.50 380.52 736.41 1092.08 1447.40 1802.28 2156.60 2510.26 2863.14 3215.15 3566.17 3916.10 4264.82 4612.24 4958.25 5302.75 5645.62 5986.77 6326.09 6663.47 24.74 382.50 740.14 1097.55 1454.62 1811.24 2167.29 2522.68 2877.30 3231.03 3583.77 3935.41 4285.84 4634.97 4982.67 5328.86 5673.41 6016.23 6357.21 6696.24 24.98 384.49 743.87 1103.03 1461.84 1820.19 2177.99 2535.11 2891.45 3246.91 3601.37 3954.72 4306.87 4657.69 5007.09 5354.96 5701.19 6045.68 6388.33 6729.02 25.22 386.48 747.61 1108.50 1469.05 1829.15 2188.68 2547.53 2905.61 3262.79 3618.97 3974.04 4327.89 4680.42 5031.51 5381.07 5728.98 6075.14 6419.45 6761.79 25.47 388.47 751.34 1113.98 1476.27 1838.11 2199.37 2559.96 2919.76 3278.67 3636.57 3993.35 4348.92 4703.15 5055.94 5407.18 5756.77 6104.60 6450.57 6794.57 25.71 390.46 755.08 1119.46 1483.49 1847.06 2210.07 2572.39 2933.92 3294.55 3654.17 4012.67 4369.94 4725.87 5080.36 5433.29 5784.56 6134.06 6481.69 6827.34 25.96 392.45 758.81 1124.94 1490.71 1856.03 2220.76 2584.82 2948.08 3310.44 3671.78 4031.99 4390.97 4748.60 5104.78 5459.40 5812.35 6163.53 6512.82 6860.12 26.21 394.44 762.55 1130.42 1497.93 1864.99 2231.46 2597.25 2962.24 3326.32 3689.38 4051.31 4412.00 4771.33 5129.21 5485.52 5840.15 6192.99 6543.94 6892.90 26.45 396.44 766.29 1135.90 1505.16 1873.95 2242.16 2609.68 2976.40 3342.21 3706.99 4070.63 4433.03 4794.06 5153.64 5511.63 5867.94 6222.46 6575.07 6925.68 26.70 398.43 770.03 1141.38 1512.38 1882.91 2252.86 2622.12 2990.56 3358.09 3724.59 4089.95 4454.06 4816.80 5178.06 5537.74 5895.73 6251.92 6606.20 6958.46 26.96 400.43 773.77 1146.87 1519.61 1891.88 2263.56 2634.55 3004.73 3373.98 3742.20 4109.27 4475.09 4839.53 5202.49 5563.86 5923.53 6281.39 6637.33 6991.24 27.21 402.43 777.51 1152.35 1526.84 1900.84 2274.27 2646.99 3018.89 3389.87 3759.81 4128.60 4496.12 4862.26 5226.92 5589.98 5951.33 6310.86 6668.46 7024.02 27.46 404.42 781.26 1157.84 1534.06 1909.81 2284.97 2659.42 3033.06 3405.76 3777.42 4147.92 4517.15 4885.00 5251.35 5616.10 5979.12 6340.32 6699.59 7056.80 27.72 406.42 785.00 1163.33 1541.29 1918.78 2295.67 2671.86 3047.23 3421.66 3795.03 4167.25 4538.19 4907.74 5275.78 5642.22 6006.92 6369.79 6730.72 7089.59 27.97 408.43 788.75 1168.82 1548.52 1927.75 2306.38 2684.30 3061.39 3437.55 3812.65 4186.58 4559.22 4930.47 5300.22 5668.34 6034.72 6399.27 6761.85 7122.37 28.23 410.43 792.49 1174.31 1555.75 1936.72 2317.09 2696.74 3075.56 3453.44 3830.26 4205.91 4580.26 4953.21 5324.65 5694.46 6062.52 6428.74 6792.99 7155.16 28.49 412.43 796.24 1179.80 1562.99 1945.69 2327.80 2709.18 3089.73 3469.34 3847.88 4225.24 4601.30 4975.95 5349.09 5720.58 6090.33 6458.21 6824.12 7187.95 28.75 414.44 799.99 1185.29 1570.22 1954.66 2338.51 2721.62 3103.91 3485.23 3865.49 4244.57 4622.34 4998.70 5373.52 5746.70 6118.13 6487.69 6855.26 7220.74 29.01 416.44 803.74 1190.78 1577.46 1963.64 2349.22 2734.07 3118.08 3501.13 3883.11 4263.90 4643.38 5021.44 5397.96 5772.83 6145.93 6517.16 6886.39 7253.52 29.27 418.45 807.49 1196.28 1584.69 1972.61 2359.93 2746.51 3132.25 3517.03 3900.73 4283.23 4664.42 5044.18 5422.40 5798.96 6173.74 6546.64 6917.53 7286.32 29.53 420.46 811.24 1201.77 1591.93 1981.59 2370.64 2758.96 3146.43 3532.93 3918.35 4302.57 4685.46 5066.93 5446.84 5825.08 6201.55 6576.11 6948.67 7319.11 29.80 422.47 815.00 1207.27 1599.17 1990.57 2381.35 2771.41 3160.60 3548.83 3935.97 4321.90 4706.51 5089.67 5471.28 5851.21 6229.35 6605.59 6979.81 7351.90 30.06 424.48 818.75 1212.77 1606.41 1999.55 2392.07 2783.85 3174.78 3564.73 3953.59 4341.24 4727.55 5112.42 5495.72 5877.34 6257.16 6635.07 7010.95 7384.69 30.33 426.49 822.51 1218.27 1613.65 2008.53 2402.79 2796.30 3188.96 3580.64 3971.22 4360.58 4748.60 5135.17 5520.16 5903.47 6284.97 6664.55 7042.10 7417.49 30.60 428.50 826.27 1223.77 1620.89 2017.51 2413.50 2808.75 3203.14 3596.54 3988.84 4379.91 4769.65 5157.92 5544.61 5929.60 6312.78 6694.04 7073.24 7450.28 30.87 430.52 830.02 1229.27 1628.13 2026.49 2424.22 2821.21 3217.32 3612.45 4006.47 4399.25 4790.69 5180.67 5569.05 5955.74 6340.60 6723.52 7104.39 7483.08 31.14 432.53 833.78 1234.77 1635.38 2035.48 2434.94 2833.66 3231.50 3628.35 4024.09 4418.59 4811.74 5203.42 5593.50 5981.87 6368.41 6753.00 7135.53 7515.88 31.41 434.55 837.55 1240.28 1642.62 2044.46 2445.66 2846.11 3245.69 3644.26 4041.72 4437.94 4832.79 5226.17 5617.95 6008.00 6396.22 6782.49 7166.68 7548.68 31.68 436.57 841.31 1245.78 1649.87 2053.45 2456.39 2858.57 3259.87 3660.17 4059.35 4457.28 4853.85 5248.92 5642.39 6034.14 6424.04 6811.97 7197.83 7581.48 31.95 438.58 845.07 1251.29 1657.12 2062.43 2467.11 2871.03 3274.06 3676.08 4076.98 4476.62 4874.90 5271.68 5666.84 6060.28 6451.85 6841.46 7228.97 7614.28 32.23 440.60 848.84 1256.80 1664.37 2071.42 2477.83 2883.48 3288.24 3691.99 4094.61 4495.97 4895.95 5294.43 5691.30 6086.41 6479.67 6870.95 7260.12 7647.08 32.51 442.63 852.60 1262.31 1671.62 2080.41 2488.56 2895.94 3302.43 3707.91 4112.24 4515.32 4917.01 5317.19 5715.75 6112.55 6507.49 6900.44 7291.28 7679.89 32.78 444.65 856.37 1267.82 1678.87 2089.40 2499.29 2908.40 3316.62 3723.82 4129.88 4534.66 4938.06 5339.95 5740.20 6138.69 6535.31 6929.93 7322.43 7712.69 33.06 446.67 860.14 1273.33 1686.12 2098.39 2510.01 2920.86 3330.81 3739.73 4147.51 4554.01 4959.12 5362.71 5764.65 6164.84 6563.13 6959.42 7353.58 7745.50 33.34 448.70 863.90 1278.84 1693.38 2107.39 2520.74 2933.32 3345.00 3755.65 4165.15 4573.36 4980.18 5385.47 5789.11 6190.98 6590.95 6988.91 7384.74 7778.30 33.62 450.72 867.68 1284.35 1700.63 2116.38 2531.47 2945.79 3359.19 3771.57 4182.78 4592.72 5001.24 5408.23 5813.57 6217.12 6618.78 7018.41 7415.89 7811.11 33.90 452.75 871.45 1289.87 1707.89 2125.38 2542.21 2958.25 3373.39 3787.49 4200.42 4612.07 5022.30 5430.99 5838.02 6243.27 6646.60 7047.90 7447.05 7843.92 34.19 454.78 875.22 1295.38 1715.14 2134.37 2552.94 2970.72 3387.58 3803.41 4218.06 4631.42 5043.36 5453.76 5862.48 6269.41 6674.42 7077.40 7478.20 7876.73 34.47 456.81 878.99 1300.90 1722.40 2143.37 2563.67 2983.19 3401.78 3819.33 4235.70 4650.78 5064.42 5476.52 5886.94 6295.56 6702.25 7106.89 7509.36 7909.54 34.76 458.84 882.77 1306.42 1729.66 2152.37 2574.41 2995.65 3415.98 3835.25 4253.34 4670.13 5085.49 5499.29 5911.40 6321.71 6730.08 7136.39 7540.52 7942.35 35.04 460.87 886.54 1311.94 1736.92 2161.37 2585.14 3008.12 3430.17 3851.17 4270.98 4689.49 5106.55 5522.05 5935.86 6347.86 6757.91 7165.89 7571.68 7975.16 35.33 462.90 890.32 1317.46 1744.19 2170.37 2595.88 3020.59 3444.37 3867.10 4288.63 4708.85 5127.62 5544.82 5960.33 6374.01 6785.74 7195.39 7602.84 8007.98 35.62 464.94 894.10 1322.98 1751.45 2179.37 2606.62 3033.06 3458.57 3883.02 4306.27 4728.21 5148.69 5567.59 5984.79 6400.16 6813.57 7224.89 7634.01 8040.79 35.91 466.97 897.88 1328.50 1758.71 2188.38 2617.36 3045.54 3472.78 3898.95 4323.92 4747.57 5169.76 5590.36 6009.26 6426.31 6841.40 7254.39 7665.17 8073.61 36.20 469.01 901.66 1334.03 1765.98 2197.38 2628.10 3058.01 3486.98 3914.87 4341.57 4766.93 5190.83 5613.13 6033.72 6452.46 6869.23 7283.90 7696.34 8106.42 36.49 471.05 905.44 1339.55 1773.25 2206.39 2638.84 3070.49 3501.18 3930.80 4359.22 4786.29 5211.90 5635.91 6058.19 6478.62 6897.06 7313.40 7727.50 8139.24 36.79 473.08 909.23 1345.08 1780.51 2215.39 2649.59 3082.96 3515.39 3946.73 4376.86 4805.65 5232.97 5658.68 6082.66 6504.77 6924.90 7342.91 7758.67 8172.06 37.08 475.12 913.01 1350.61 1787.78 2224.40 2660.33 3095.44 3529.59 3962.66 4394.52 4825.02 5254.04 5681.45 6107.13 6530.93 6952.73 7372.41 7789.84 8204.88 37.38 477.17 916.80 1356.14 1795.05 2233.41 2671.08 3107.92 3543.80 3978.60 4412.17 4844.38 5275.12 5704.23 6131.60 6557.09 6980.57 7401.92 7821.01 8237.70 37.68 479.21 920.58 1361.67 1802.32 2242.42 2681.82 3120.40 3558.01 3994.53 4429.82 4863.75 5296.19 5727.01 6156.07 6583.25 7008.41 7431.43 7852.18 8270.52 37.97 481.25 924.37 1367.20 1809.60 2251.43 2692.57 3132.88 3572.22 4010.46 4447.47 4883.12 5317.27 5749.79 6180.54 6609.41 7036.25 7460.94 7883.35 8303.35 38.27 483.30 928.16 1372.73 1816.87 2260.44 2703.32 3145.36 3586.43 4026.40 4465.13 4902.49 5338.34 5772.56 6205.02 6635.57 7064.09 7490.45 7914.52 8336.17 38.57 485.34 931.95 1378.26 1824.14 2269.46 2714.07 3157.84 3600.64 4042.34 4482.79 4921.86 5359.42 5795.34 6229.49 6661.73 7091.93 7519.96 7945.69 8369.00 38.88 487.39 935.74 1383.80 1831.42 2278.47 2724.82 3170.33 3614.86 4058.27 4500.44 4941.23 5380.50 5818.13 6253.97 6687.89 7119.77 7549.47 7976.87 8401.82 39.18 489.44 939.53 1389.33 1838.70 2287.49 2735.57 3182.81 3629.07 4074.21 4518.10 4960.60 5401.58 5840.91 6278.44 6714.06 7147.62 7578.99 8008.04 8434.65 39.48 491.49 943.33 1394.87 1845.98 2296.51 2746.33 3195.30 3643.29 4090.15 4535.76 4979.98 5422.67 5863.69 6302.92 6740.22 7175.46 7608.50 8039.22 8467.48 39.79 493.54 947.12 1400.41 1853.26 2305.53 2757.08 3207.79 3657.50 4106.09 4553.42 4999.35 5443.75 5886.48 6327.40 6766.39 7203.31 7638.02 8070.40 8500.31 40.10 495.59 950.92 1405.95 1860.54 2314.55 2767.84 3220.28 3671.72 4122.04 4571.08 5018.73 5464.83 5909.26 6351.88 6792.56 7231.15 7667.54 8101.58 8533.14 40.40 497.64 954.72 1411.49 1867.82 2323.57 2778.60 3232.77 3685.94 4137.98 4588.75 5038.11 5485.92 5932.05 6376.36 6818.73 7259.00 7697.06 8132.76 8565.97 40.71 499.70 958.52 1417.03 1875.10 2332.59 2789.35 3245.26 3700.16 4153.92 4606.41 5057.48 5507.01 5954.84 6400.85 6844.90 7286.85 7726.57 8163.94 8598.80 41.02 501.75 962.32 1422.57 1882.39 2341.61 2800.11 3257.75 3714.38 4169.87 4624.08 5076.86 5528.09 5977.63 6425.33 6871.07 7314.70 7756.10 8195.12 8631.64 41.33 503.81 966.12 1428.12 1889.67 2350.64 2810.87 3270.24 3728.60 4185.82 4641.74 5096.24 5549.18 6000.42 6449.82 6897.24 7342.55 7785.62 8226.30 8664.47 41.65 505.87 969.92 1433.66 1896.96 2359.66 2821.64 3282.74 3742.83 4201.76 4659.41 5115.63 5570.27 6023.21 6474.30 6923.41 7370.40 7815.14 8257.49 8697.31 41.96 507.92 973.72 1439.21 1904.25 2368.69 2832.40 3295.23 3757.05 4217.71 4677.08 5135.01 5591.36 6046.00 6498.79 6949.59 7398.26 7844.66 8288.67 8730.14 42.28 509.98 977.53 1444.76 1911.53 2377.72 2843.16 3307.73 3771.28 4233.66 4694.75 5154.39 5612.46 6068.80 6523.28 6975.76 7426.11 7874.19 8319.86 8762.98 42.59 512.05 981.33 1450.31 1918.82 2386.75 2853.93 3320.23 3785.50 4249.62 4712.42 5173.78 5633.55 6091.59 6547.77 7001.94 7453.97 7903.71 8351.04 8795.82 42.91 514.11 985.14 1455.86 1926.12 2395.78 2864.69 3332.73 3799.73 4265.57 4730.09 5193.16 5654.64 6114.39 6572.26 7028.12 7481.82 7933.24 8382.23 8828.66 43.23 516.17 988.95 1461.41 1933.41 2404.81 2875.46 3345.23 3813.96 4281.52 4747.77 5212.55 5675.74 6137.18 6596.75 7054.29 7509.68 7962.77 8413.42 8861.50 43.55 518.24 992.76 1466.96 1940.70 2413.84 2886.23 3357.73 3828.19 4297.48 4765.44 5231.94 5696.83 6159.98 6621.24 7080.47 7537.54 7992.30 8444.61 8894.34 43.87 520.30 996.57 1472.51 1948.00 2422.87 2897.00 3370.23 3842.42 4313.43 4783.12 5251.33 5717.93 6182.78 6645.74 7106.66 7565.40 8021.83 8475.80 8927.19 44.19 522.37 1000.38 1478.07 1955.29 2431.91 2907.77 3382.74 3856.66 4329.39 4800.79 5270.72 5739.03 6205.58 6670.23 7132.84 7593.26 8051.36 8507.00 8960.03 44.51 524.44 1004.19 1483.62 1962.59 2440.95 2918.54 3395.24 3870.89 4345.35 4818.47 5290.11 5760.13 6228.38 6694.73 7159.02 7621.12 8080.89 8538.19 8992.88 44.84 526.51 1008.00 1489.18 1969.89 2449.98 2929.32 3407.75 3885.13 4361.31 4836.15 5309.51 5781.23 6251.19 6719.22 7185.20 7648.98 8110.42 8569.38 9025.72 45.16 528.58 1011.82 1494.74 1977.19 2459.02 2940.09 3420.26 3899.36 4377.27 4853.83 5328.90 5802.34 6273.99 6743.72 7211.39 7676.85 8139.96 8600.58 9058.57 45.49 530.65 1015.63 1500.30 1984.49 2468.06 2950.87 3432.76 3913.60 4393.23 4871.51 5348.30 5823.44 6296.80 6768.22 7237.58 7704.71 8169.49 8631.78 9091.42 45.82 532.72 1019.45 1505.86 1991.79 2477.10 2961.65 3445.27 3927.84 4409.19 4889.19 5367.69 5844.54 6319.60 6792.72 7263.76 7732.58 8199.03 8662.97 9124.27 46.15 534.80 1023.27 1511.42 1999.09 2486.14 2972.42 3457.78 3942.08 4425.16 4906.88 5387.09 5865.65 6342.41 6817.22 7289.95 7760.45 8228.57 8694.17 9157.12 46.48 536.87 1027.09 1516.98 2006.40 2495.19 2983.20 3470.30 3956.32 4441.12 4924.56 5406.49 5886.76 6365.22 6841.73 7316.14 7788.32 8258.11 8725.37 9189.97 46.81 538.95 1030.91 1522.55 2013.70 2504.23 2993.98 3482.81 3970.56 4457.09 4942.25 5425.89 5907.86 6388.03 6866.23 7342.33 7816.19 8287.65 8756.57 9222.82 47.14 541.03 1034.73 1528.11 2021.01 2513.28 3004.76 3495.32 3984.80 4473.06 4959.94 5445.29 5928.97 6410.84 6890.74 7368.52 7844.06 8317.19 8787.78 9255.68 47.47 543.11 1038.56 1533.68 2028.32 2522.32 3015.55 3507.84 3999.05 4489.03 4977.62 5464.69 5950.08 6433.65 6915.24 7394.72 7871.93 8346.73 8818.98 9288.53 47.81 545.19 1042.38 1539.24 2035.62 2531.37 3026.33 3520.36 4013.29 4505.00 4995.31 5484.10 5971.19 6456.46 6939.75 7420.91 7899.80 8376.27 8850.18 9321.39 48.15 547.27 1046.21 1544.81 2042.93 2540.42 3037.12 3532.87 4027.54 4520.97 5013.00 5503.50 5992.31 6479.27 6964.26 7447.11 7927.67 8405.82 8881.39 9354.24 48.48 549.35 1050.03 1550.38 2050.25 2549.47 3047.90 3545.39 4041.79 4536.94 5030.70 5522.91 6013.42 6502.09 6988.77 7473.30 7955.55 8435.36 8912.59 9387.10 48.82 551.43 1053.86 1555.95 2057.56 2558.52 3058.69 3557.91 4056.04 4552.91 5048.39 5542.31 6034.53 6524.91 7013.28 7499.50 7983.43 8464.91 8943.80 9419.96 49.16 553.52 1057.69 1561.53 2064.87 2567.57 3069.48 3570.43 4070.29 4568.89 5066.08 5561.72 6055.65 6547.72 7037.79 7525.70 8011.30 8494.46 8975.01 9452.82 49.50 555.60 1061.52 1567.10 2072.19 2576.63 3080.27 3582.96 4084.54 4584.86 5083.78 5581.13 6076.77 6570.54 7062.30 7551.90 8039.18 8524.00 9006.22 9485.68 49.84 557.69 1065.35 1572.67 2079.50 2585.68 3091.06 3595.48 4098.79 4600.84 5101.47 5600.54 6097.88 6593.36 7086.81 7578.10 8067.06 8553.55 9037.43 9518.54 50.19 559.78 1069.18 1578.25 2086.82 2594.74 3101.85 3608.01 4113.05 4616.82 5119.17 5619.95 6119.00 6616.18 7111.33 7604.30 8094.94 8583.10 9068.64 9551.41 50.53 561.87 1073.02 1583.83 2094.14 2603.80 3112.64 3620.53 4127.30 4632.80 5136.87 5639.36 6140.12 6639.00 7135.85 7630.50 8122.82 8612.66 9099.85 9584.27 50.88 563.96 1076.85 1589.40 2101.46 2612.85 3123.44 3633.06 4141.56 4648.78 5154.57 5658.78 6161.25 6661.83 7160.36 7656.71 8150.70 8642.21 9131.07 9617.14 51.22 566.05 1080.69 1594.98 2108.78 2621.91 3134.23 3645.59 4155.81 4664.76 5172.27 5678.19 6182.37 6684.65 7184.88 7682.91 8178.59 8671.76 9162.28 9650.00 51.57 568.14 1084.53 1600.56 2116.10 2630.97 3145.03 3658.12 4170.07 4680.74 5189.97 5697.61 6203.49 6707.47 7209.40 7709.12 8206.47 8701.32 9193.50 9682.87 51.92 570.24 1088.37 1606.15 2123.42 2640.04 3155.83 3670.65 4184.33 4696.73 5207.67 5717.02 6224.62 6730.30 7233.92 7735.32 8234.36 8730.87 9224.72 9715.74 52.27 572.33 1092.21 1611.73 2130.75 2649.10 3166.63 3683.18 4198.59 4712.71 5225.38 5736.44 6245.74 6753.13 7258.44 7761.53 8262.25 8760.43 9255.93 9748.61 52.62 574.43 1096.05 1617.31 2138.07 2658.16 3177.43 3695.71 4212.85 4728.70 5243.08 5755.86 6266.87 6775.96 7282.96 7787.74 8290.13 8789.99 9287.15 9781.48 52.97 576.53 1099.89 1622.90 2145.40 2667.23 3188.23 3708.25 4227.12 4744.68 5260.79 5775.28 6288.00 6798.79 7307.49 7813.95 8318.02 8819.55 9318.37 9814.35 53.33 578.63 1103.73 1628.48 2152.73 2676.29 3199.03 3720.78 4241.38 4760.67 5278.50 5794.70 6309.13 6821.62 7332.01 7840.16 8345.91 8849.11 9349.59 9847.22 53.68 580.73 1107.58 1634.07 2160.05 2685.36 3209.84 3733.32 4255.64 4776.66 5296.21 5814.12 6330.26 6844.45 7356.54 7866.38 8373.80 8878.67 9380.82 9880.10 54.04 582.83 1111.42 1639.66 2167.38 2694.43 3220.64 3745.85 4269.91 4792.65 5313.92 5833.55 6351.39 6867.28 7381.07 7892.59 8401.70 8908.23 9412.04 9912.97 54.40 584.93 1115.27 1645.25 2174.71 2703.50 3231.45 3758.39 4284.18 4808.64 5331.63 5852.97 6372.52 6890.11 7405.59 7918.80 8429.59 8937.79 9443.26 9945.85 54.75 587.03 1119.12 1650.84 2182.05 2712.57 3242.25 3770.93 4298.45 4824.64 5349.34 5872.40 6393.66 6912.95 7430.12 7945.02 8457.48 8967.36 9474.49 9978.72 55.11 589.14 1122.96 1656.43 2189.38 2721.64 3253.06 3783.47 4312.72 4840.63 5367.05 5891.83 6414.79 6935.79 7454.65 7971.24 8485.38 8996.92 9505.72 10011.60 55.47 591.24 1126.81 1662.03 2196.71 2730.72 3263.87 3796.02 4326.99 4856.62 5384.77 5911.25 6435.93 6958.62 7479.18 7997.46 8513.28 9026.49 9536.94 10044.48 55.84 593.35 1130.67 1667.62 2204.05 2739.79 3274.68 3808.56 4341.26 4872.62 5402.48 5930.68 6457.06 6981.46 7503.72 8023.67 8541.17 9056.06 9568.17 10077.36 56.20 595.46 1134.52 1673.22 2211.39 2748.87 3285.49 3821.10 4355.53 4888.62 5420.20 5950.11 6478.20 7004.30 7528.25 8049.89 8569.07 9085.63 9599.40 10110.24 56.56 597.57 1138.37 1678.81 2218.73 2757.95 3296.31 3833.65 4369.81 4904.62 5437.92 5969.55 6499.34 7027.14 7552.79 8076.12 8596.97 9115.20 9630.63 10143.12 56.93 599.68 1142.23 1684.41 2226.06 2767.02 3307.12 3846.20 4384.08 4920.62 5455.64 5988.98 6520.48 7049.98 7577.32 8102.34 8624.87 9144.77 9661.86 10176.00 57.30 601.79 1146.08 1690.01 2233.41 2776.10 3317.94 3858.74 4398.36 4936.62 5473.36 6008.41 6541.62 7072.83 7601.86 8128.56 8652.78 9174.34 9693.10 10208.89 57.66 603.90 1149.94 1695.61 2240.75 2785.18 3328.75 3871.29 4412.64 4952.62 5491.08 6027.85 6562.77 7095.67 7626.40 8154.79 8680.68 9203.91 9724.33 10241.77 58.03 606.02 1153.80 1701.21 2248.09 2794.26 3339.57 3883.84 4426.92 4968.62 5508.80 6047.28 6583.91 7118.51 7650.94 8181.01 8708.58 9233.49 9755.57 10274.66 58.40 608.13 1157.66 1706.82 2255.43 2803.35 3350.39 3896.39 4441.20 4984.63 5526.52 6066.72 6605.05 7141.36 7675.48 8207.24 8736.49 9263.06 9786.80 10307.55 58.78 610.25 1161.52 1712.42 2262.78 2812.43 3361.21 3908.95 4455.48 5000.63 5544.25 6086.16 6626.20 7164.21 7700.02 8233.47 8764.39 9292.64 9818.04 10340.44 59.15 612.37 1165.38 1718.02 2270.12 2821.52 3372.03 3921.50 4469.76 5016.64 5561.97 6105.60 6647.35 7187.06 7724.56 8259.70 8792.30 9322.22 9849.28 10373.32 59.52 614.49 1169.25 1723.63 2277.47 2830.60 3382.85 3934.06 4484.04 5032.65 5579.70 6125.04 6668.50 7209.91 7749.10 8285.93 8820.21 9351.79 9880.52 10406.22 59.90 616.61 1173.11 1729.24 2284.82 2839.69 3393.68 3946.61 4498.33 5048.66 5597.43 6144.48 6689.65 7232.76 7773.65 8312.16 8848.12 9381.37 9911.76 10439.11 60.27 618.73 1176.98 1734.85 2292.17 2848.78 3404.50 3959.17 4512.61 5064.67 5615.16 6163.92 6710.80 7255.61 7798.19 8338.39 8876.03 9410.95 9943.00 10472.00 60.65 620.85 1180.84 1740.46 2299.52 2857.87 3415.33 3971.73 4526.90 5080.68 5632.89 6183.37 6731.95 7278.46 7822.74 8364.62 8903.94 9440.54 9974.24 10504.89 61.03 622.97 1184.71 1746.07 2306.87 2866.96 3426.15 3984.29 4541.19 5096.69 5650.62 6202.81 6753.10 7301.31 7847.29 8390.86 8931.86 9470.12 10005.48 10537.79 61.41 625.10 1188.58 1751.68 2314.23 2876.05 3436.98 3996.85 4555.48 5112.70 5668.35 6222.26 6774.25 7324.17 7871.84 8417.09 8959.77 9499.70 10036.73 10570.68 61.79 627.22 1192.45 1757.29 2321.58 2885.15 3447.81 4009.41 4569.77 5128.72 5686.09 6241.71 6795.41 7347.03 7896.39 8443.33 8987.68 9529.29 10067.97 10603.58 62.17 629.35 1196.32 1762.91 2328.94 2894.24 3458.64 4021.97 4584.06 5144.73 5703.82 6261.16 6816.57 7369.88 7920.94 8469.57 9015.60 9558.87 10099.22 10636.48 62.55 631.48 1200.19 1768.52 2336.29 2903.34 3469.47 4034.54 4598.35 5160.75 5721.56 6280.61 6837.72 7392.74 7945.49 8495.81 9043.52 9588.46 10130.47 10669.38 62.94 633.61 1204.07 1774.14 2343.65 2912.43 3480.31 4047.10 4612.65 5176.77 5739.30 6300.06 6858.88 7415.60 7970.05 8522.05 9071.44 9618.05 10161.72 10702.28 63.32 635.74 1207.94 1779.76 2351.01 2921.53 3491.14 4059.67 4626.94 5192.79 5757.03 6319.51 6880.04 7438.46 7994.60 8548.29 9099.36 9647.64 10192.97 10735.18 63.71 637.87 1211.82 1785.38 2358.37 2930.63 3501.98 4072.24 4641.24 5208.81 5774.77 6338.96 6901.20 7461.32 8019.16 8574.53 9127.28 9677.23 10224.22 10768.08 64.10 640.00 1215.70 1791.00 2365.73 2939.73 3512.81 4084.81 4655.54 5224.83 5792.51 6358.42 6922.36 7484.19 8043.71 8600.77 9155.20 9706.82 10255.47 10800.98 64.49 642.14 1219.57 1796.62 2373.10 2948.83 3523.65 4097.37 4669.83 5240.85 5810.26 6377.87 6943.53 7507.05 8068.27 8627.02 9183.12 9736.41 10286.72 10833.89 64.88 644.27 1223.45 1802.24 2380.46 2957.93 3534.49 4109.95 4684.13 5256.88 5828.00 6397.33 6964.69 7529.92 8092.83 8653.26 9211.04 9766.00 10317.98 10866.79 65.27 646.41 1227.33 1807.86 2387.82 2967.04 3545.33 4122.52 4698.43 5272.90 5845.74 6416.79 6985.86 7552.78 8117.39 8679.51 9238.97 9795.60 10349.23 10899.70 65.66 648.55 1231.22 1813.49 2395.19 2976.14 3556.17 4135.09 4712.74 5288.93 5863.49 6436.24 7007.02 7575.65 8141.95 8705.76 9266.90 9825.20 10380.49 10932.60 66.06 650.69 1235.10 1819.12 2402.56 2985.25 3567.01 4147.67 4727.04 5304.95 5881.23 6455.70 7028.19 7598.52 8166.51 8732.01 9294.82 9854.79 10411.74 10965.51 66.45 652.83 1238.98 1824.74 2409.93 2994.36 3577.85 4160.24 4741.34 5320.98 5898.98 6475.17 7049.36 7621.39 8191.08 8758.26 9322.75 9884.39 10443.00 10998.42 66.85 654.97 1242.87 1830.37 2417.30 3003.46 3588.70 4172.82 4755.65 5337.01 5916.73 6494.63 7070.53 7644.26 8215.64 8784.51 9350.68 9913.99 10474.26 11031.33 67.24 657.11 1246.76 1836.00 2424.67 3012.57 3599.54 4185.40 4769.96 5353.04 5934.48 6514.09 7091.70 7667.13 8240.21 8810.76 9378.61 9943.59 10505.52 11064.24 67.64 659.25 1250.64 1841.63 2432.04 3021.69 3610.39 4197.98 4784.26 5369.07 5952.23 6533.56 7112.87 7690.00 8264.77 8837.01 9406.54 9973.19 10536.78 11097.15 68.04 661.40 1254.53 1847.26 2439.41 3030.80 3621.24 4210.56 4798.57 5385.11 5969.98 6553.02 7134.04 7712.88 8289.34 8863.27 9434.47 10002.79 10568.05 11130.07 68.44 663.54 1258.42 1852.90 2446.79 3039.91 3632.09 4223.14 4812.88 5401.14 5987.74 6572.49 7155.22 7735.75 8313.91 8889.52 9462.41 10032.39 10599.31 11162.98 68.85 665.69 1262.31 1858.53 2454.16 3049.02 3642.94 4235.72 4827.19 5417.18 6005.49 6591.96 7176.39 7758.63 8338.48 8915.78 9490.34 10062.00 10630.57 11195.90 69.25 667.84 1266.21 1864.17 2461.54 3058.14 3653.79 4248.30 4841.51 5433.21 6023.25 6611.42 7197.57 7781.51 8363.05 8942.04 9518.28 10091.60 10661.84 11228.81 69.65 669.99 1270.10 1869.80 2468.92 3067.26 3664.64 4260.89 4855.82 5449.25 6041.00 6630.89 7218.75 7804.38 8387.63 8968.29 9546.21 10121.21 10693.11 11261.73 70.06 672.14 1274.00 1875.44 2476.30 3076.37 3675.50 4273.48 4870.13 5465.29 6058.76 6650.37 7239.93 7827.26 8412.20 8994.55 9574.15 10150.82 10724.38 11294.65 70.46 674.29 1277.89 1881.08 2483.68 3085.49 3686.35 4286.06 4884.45 5481.33 6076.52 6669.84 7261.11 7850.14 8436.77 9020.81 9602.09 10180.43 10755.64 11327.57 70.87 676.44 1281.79 1886.72 2491.06 3094.61 3697.21 4298.65 4898.77 5497.37 6094.28 6689.31 7282.29 7873.03 8461.35 9047.08 9630.03 10210.04 10786.91 11360.49 71.28 678.60 1285.69 1892.36 2498.44 3103.73 3708.06 4311.24 4913.09 5513.41 6112.04 6708.79 7303.47 7895.91 8485.93 9073.34 9657.97 10239.65 10818.18 11393.41 71.69 680.75 1289.59 1898.01 2505.82 3112.86 3718.92 4323.83 4927.40 5529.46 6129.80 6728.26 7324.65 7918.79 8510.50 9099.60 9685.91 10269.26 10849.46 11426.34 72.10 682.91 1293.49 1903.65 2513.21 3121.98 3729.78 4336.42 4941.72 5545.50 6147.57 6747.74 7345.84 7941.68 8535.08 9125.87 9713.86 10298.87 10880.73 11459.26 72.52 685.07 1297.39 1909.29 2520.59 3131.11 3740.64 4349.02 4956.05 5561.55 6165.33 6767.22 7367.02 7964.56 8559.66 9152.13 9741.80 10328.48 10912.00 11492.18 72.93 687.23 1301.29 1914.94 2527.98 3140.23 3751.50 4361.61 4970.37 5577.59 6183.10 6786.70 7388.21 7987.45 8584.24 9178.40 9769.75 10358.10 10943.28 11525.11 73.34 689.39 1305.20 1920.59 2535.37 3149.36 3762.37 4374.21 4984.69 5593.64 6200.86 6806.18 7409.40 8010.34 8608.83 9204.67 9797.69 10387.72 10974.56 11558.04 73.76 691.55 1309.10 1926.24 2542.76 3158.49 3773.23 4386.80 4999.02 5609.69 6218.63 6825.66 7430.59 8033.23 8633.41 9230.94 9825.64 10417.33 11005.83 11590.97 74.18 693.71 1313.01 1931.89 2550.15 3167.62 3784.10 4399.40 5013.34 5625.74 6236.40 6845.14 7451.78 8056.12 8657.99 9257.21 9853.59 10446.95 11037.11 11623.90 74.60 695.87 1316.92 1937.54 2557.54 3176.75 3794.96 4412.00 5027.67 5641.79 6254.17 6864.62 7472.97 8079.01 8682.58 9283.48 9881.54 10476.57 11068.39 11656.83 75.02 698.04 1320.83 1943.19 2564.94 3185.88 3805.83 4424.60 5042.00 5657.84 6271.94 6884.11 7494.16 8101.91 8707.17 9309.76 9909.49 10506.19 11099.67 11689.76 75.44 700.20 1324.74 1948.84 2572.33 3195.01 3816.70 4437.20 5056.33 5673.90 6289.71 6903.59 7515.35 8124.80 8731.75 9336.03 9937.44 10535.81 11130.95 11722.69 75.86 702.37 1328.65 1954.50 2579.73 3204.15 3827.57 4449.80 5070.66 5689.95 6307.49 6923.08 7536.55 8147.70 8756.34 9362.30 9965.40 10565.43 11162.24 11755.62 76.28 704.54 1332.56 1960.15 2587.12 3213.28 3838.44 4462.41 5084.99 5706.01 6325.26 6942.57 7557.74 8170.59 8780.93 9388.58 9993.35 10595.06 11193.52 11788.56 76.71 706.71 1336.47 1965.81 2594.52 3222.42 3849.31 4475.01 5099.33 5722.06 6343.04 6962.06 7578.94 8193.49 8805.52 9414.86 10021.30 10624.68 11224.80 11821.49 77.13 708.88 1340.39 1971.47 2601.92 3231.56 3860.19 4487.62 5113.66 5738.12 6360.82 6981.55 7600.14 8216.39 8830.12 9441.14 10049.26 10654.31 11256.09 11854.43 77.56 711.05 1344.30 1977.12 2609.32 3240.69 3871.06 4500.22 5128.00 5754.18 6378.59 7001.04 7621.34 8239.29 8854.71 9467.42 10077.22 10683.93 11287.38 11887.37 77.99 713.23 1348.22 1982.78 2616.72 3249.83 3881.94 4512.83 5142.33 5770.24 6396.37 7020.53 7642.54 8262.19 8879.30 9493.70 10105.18 10713.56 11318.67 11920.30 78.42 715.40 1352.14 1988.45 2624.12 3258.98 3892.81 4525.44 5156.67 5786.30 6414.15 7040.03 7663.74 8285.09 8903.90 9519.98 10133.14 10743.19 11349.95 11953.24 78.85 717.57 1356.06 1994.11 2631.53 3268.12 3903.69 4538.05 5171.01 5802.37 6431.94 7059.52 7684.94 8307.99 8928.50 9546.26 10161.10 10772.82 11381.24 11986.18 79.28 719.75 1359.98 1999.77 2638.93 3277.26 3914.57 4550.66 5185.35 5818.43 6449.72 7079.02 7706.14 8330.90 8953.09 9572.54 10189.06 10802.45 11412.54 12019.13 79.71 721.93 1363.90 2005.44 2646.34 3286.41 3925.45 4563.28 5199.69 5834.50 6467.50 7098.52 7727.35 8353.80 8977.69 9598.83 10217.02 10832.08 11443.83 12052.07 80.14 724.11 1367.83 2011.10 2653.74 3295.55 3936.33 4575.89 5214.03 5850.56 6485.29 7118.01 7748.55 8376.71 9002.29 9625.11 10244.99 10861.72 11475.12 12085.01 80.58 726.29 1371.75 2016.77 2661.15 3304.70 3947.22 4588.51 5228.38 5866.63 6503.07 7137.51 7769.76 8399.62 9026.89 9651.40 10272.95 10891.35 11506.42 12117.96 81.02 728.47 1375.68 2022.44 2668.56 3313.85 3958.10 4601.12 5242.72 5882.70 6520.86 7157.01 7790.97 8422.52 9051.50 9677.69 10300.92 10920.99 11537.71 12150.90 81.45 730.65 1379.60 2028.11 2675.97 3323.00 3968.98 4613.74 5257.07 5898.77 6538.65 7176.52 7812.18 8445.43 9076.10 9703.98 10328.88 10950.62 11569.01 12183.85 81.89 732.83 1383.53 2033.78 2683.38 3332.15 3979.87 4626.36 5271.41 5914.84 6556.44 7196.02 7833.39 8468.34 9100.70 9730.27 10356.85 10980.26 11600.30 12216.80 82.33 735.02 1387.46 2039.45 2690.80 3341.30 3990.76 4638.98 5285.76 5930.91 6574.23 7215.52 7854.60 8491.26 9125.31 9756.56 10384.82 11009.90 11631.60 12249.75 82.77 737.21 1391.39 2045.12 2698.21 3350.45 4001.65 4651.60 5300.11 5946.98 6592.02 7235.03 7875.81 8514.17 9149.92 9782.85 10412.79 11039.54 11662.90 12282.70 83.21 739.39 1395.32 2050.80 2705.63 3359.61 4012.54 4664.22 5314.46 5963.06 6609.81 7254.53 7897.02 8537.08 9174.52 9809.15 10440.76 11069.18 11694.20 12315.65 83.66 741.58 1399.25 2056.47 2713.04 3368.76 4023.43 4676.84 5328.81 5979.13 6627.61 7274.04 7918.24 8560.00 9199.13 9835.44 10468.74 11098.82 11725.51 12348.60 84.10 743.77 1403.19 2062.15 2720.46 3377.92 4034.32 4689.47 5343.16 5995.21 6645.40 7293.55 7939.45 8582.92 9223.74 9861.74 10496.71 11128.46 11756.81 12381.55 84.55 745.96 1407.12 2067.83 2727.88 3387.07 4045.21 4702.09 5357.52 6011.29 6663.20 7313.06 7960.67 8605.83 9248.35 9888.03 10524.68 11158.11 11788.11 12414.51 84.99 748.15 1411.06 2073.51 2735.30 3396.23 4056.11 4714.72 5371.87 6027.37 6681.00 7332.57 7981.89 8628.75 9272.96 9914.33 10552.66 11187.75 11819.42 12447.46 85.44 750.35 1415.00 2079.19 2742.72 3405.39 4067.00 4727.35 5386.23 6043.45 6698.80 7352.08 8003.11 8651.67 9297.58 9940.63 10580.64 11217.40 11850.72 12480.42 85.89 752.54 1418.93 2084.87 2750.14 3414.55 4077.90 4739.98 5400.59 6059.53 6716.60 7371.60 8024.33 8674.59 9322.19 9966.93 10608.61 11247.04 11882.03 12513.38 86.34 754.74 1422.87 2090.55 2757.57 3423.72 4088.80 4752.61 5414.95 6075.61 6734.40 7391.11 8045.55 8697.51 9346.81 9993.23 10636.59 11276.69 11913.34 12546.34 86.79 756.93 1426.81 2096.24 2764.99 3432.88 4099.70 4765.24 5429.30 6091.69 6752.20 7410.63 8066.77 8720.44 9371.42 10019.54 10664.57 11306.34 11944.65 12579.30 87.25 759.13 1430.76 2101.92 2772.42 3442.04 4110.60 4777.87 5443.67 6107.78 6770.00 7430.14 8088.00 8743.36 9396.04 10045.84 10692.55 11335.99 11975.96 12612.26 87.70 761.33 1434.70 2107.61 2779.84 3451.21 4121.50 4790.51 5458.03 6123.86 6787.81 7449.66 8109.22 8766.29 9420.66 10072.14 10720.54 11365.64 12007.27 12645.22 88.15 763.53 1438.64 2113.29 2787.27 3460.38 4132.40 4803.14 5472.39 6139.95 6805.61 7469.18 8130.45 8789.21 9445.28 10098.45 10748.52 11395.30 12038.58 12678.18 88.61 765.73 1442.59 2118.98 2794.70 3469.54 4143.30 4815.78 5486.75 6156.04 6823.42 7488.70 8151.67 8812.14 9469.90 10124.76 10776.50 11424.95 12069.90 12711.14 89.07 767.93 1446.54 2124.67 2802.13 3478.71 4154.21 4828.41 5501.12 6172.13 6841.23 7508.22 8172.90 8835.07 9494.52 10151.06 10804.49 11454.60 12101.21 12744.11 89.53 770.14 1450.48 2130.36 2809.56 3487.88 4165.12 4841.05 5515.49 6188.22 6859.04 7527.74 8194.13 8858.00 9519.15 10177.37 10832.48 11484.26 12132.53 12777.08 89.99 772.34 1454.43 2136.05 2817.00 3497.06 4176.02 4853.69 5529.85 6204.31 6876.85 7547.27 8215.36 8880.93 9543.77 10203.68 10860.46 11513.92 12163.84 12810.04 90.45 774.55 1458.38 2141.75 2824.43 3506.23 4186.93 4866.33 5544.22 6220.40 6894.66 7566.79 8236.59 8903.86 9568.40 10229.99 10888.45 11543.57 12195.16 12843.01 90.91 776.75 1462.33 2147.44 2831.87 3515.40 4197.84 4878.97 5558.59 6236.49 6912.47 7586.32 8257.82 8926.80 9593.02 10256.31 10916.44 11573.23 12226.48 12875.98 91.37 778.96 1466.29 2153.14 2839.30 3524.58 4208.75 4891.62 5572.96 6252.59 6930.28 7605.84 8279.06 8949.73 9617.65 10282.62 10944.43 11602.89 12257.80 12908.95 91.84 781.17 1470.24 2158.83 2846.74 3533.75 4219.66 4904.26 5587.34 6268.69 6948.10 7625.37 8300.29 8972.66 9642.28 10308.93 10972.43 11632.55 12289.12 12941.92 92.30 783.38 1474.19 2164.53 2854.18 3542.93 4230.58 4916.91 5601.71 6284.78 6965.91 7644.90 8321.53 8995.60 9666.91 10335.25 11000.42 11662.22 12320.44 12974.89 92.77 785.59 1478.15 2170.23 2861.62 3552.11 4241.49 4929.55 5616.08 6300.88 6983.73 7664.43 8342.77 9018.54 9691.54 10361.57 11028.41 11691.88 12351.76 13007.87 93.24 787.81 1482.11 2175.93 2869.06 3561.29 4252.41 4942.20 5630.46 6316.98 7001.55 7683.96 8364.00 9041.48 9716.17 10387.88 11056.41 11721.54 12383.09 13040.84 93.71 790.02 1486.07 2181.63 2876.50 3570.47 4263.32 4954.85 5644.84 6333.08 7019.37 7703.49 8385.24 9064.42 9740.80 10414.20 11084.40 11751.21 12414.41 13073.81 94.18 792.24 1490.03 2187.33 2883.95 3579.65 4274.24 4967.50 5659.22 6349.18 7037.19 7723.03 8406.48 9087.36 9765.44 10440.52 11112.40 11780.88 12445.74 13106.79 94.65 794.45 1493.99 2193.04 2891.39 3588.84 4285.16 4980.15 5673.59 6365.29 7055.01 7742.56 8427.73 9110.30 9790.07 10466.84 11140.40 11810.54 12477.07 13139.77 95.12 796.67 1497.95 2198.74 2898.84 3598.02 4296.08 4992.80 5687.97 6381.39 7072.83 7762.10 8448.97 9133.24 9814.71 10493.17 11168.40 11840.21 12508.39 13172.75 95.59 798.89 1501.91 2204.45 2906.28 3607.20 4307.00 5005.45 5702.36 6397.49 7090.66 7781.63 8470.21 9156.19 9839.35 10519.49 11196.40 11869.88 12539.72 13205.73 96.07 801.11 1505.88 2210.15 2913.73 3616.39 4317.92 5018.11 5716.74 6413.60 7108.48 7801.17 8491.46 9179.13 9863.99 10545.81 11224.40 11899.55 12571.05 13238.71 96.54 803.33 1509.84 2215.86 2921.18 3625.58 4328.85 5030.76 5731.12 6429.71 7126.31 7820.71 8512.70 9202.08 9888.63 10572.14 11252.41 11929.22 12602.39 13271.69 97.02 805.55 1513.81 2221.57 2928.63 3634.77 4339.77 5043.42 5745.51 6445.82 7144.13 7840.25 8533.95 9225.03 9913.27 10598.46 11280.41 11958.90 12633.72 13304.67 97.50 807.78 1517.78 2227.28 2936.08 3643.96 4350.70 5056.08 5759.89 6461.93 7161.96 7859.79 8555.20 9247.98 9937.91 10624.79 11308.41 11988.57 12665.05 13337.65 97.98 810.00 1521.74 2232.99 2943.54 3653.15 4361.62 5068.74 5774.28 6478.04 7179.79 7879.33 8576.45 9270.93 9962.55 10651.12 11336.42 12018.24 12696.39 13370.64 98.46 812.23 1525.71 2238.71 2950.99 3662.34 4372.55 5081.40 5788.67 6494.15 7197.62 7898.88 8597.70 9293.88 9987.20 10677.45 11364.43 12047.92 12727.72 13403.62 98.94 814.45 1529.69 2244.42 2958.44 3671.54 4383.48 5094.06 5803.06 6510.26 7215.45 7918.42 8618.95 9316.83 10011.84 10703.78 11392.44 12077.60 12759.06 13436.61 99.43 816.68 1533.66 2250.14 2965.90 3680.73 4394.41 5106.72 5817.45 6526.38 7233.29 7937.97 8640.20 9339.78 10036.49 10730.11 11420.45 12107.28 12790.40 13469.60 99.91 818.91 1537.63 2255.85 2973.36 3689.93 4405.34 5119.39 5831.84 6542.49 7251.12 7957.52 8661.46 9362.74 10061.14 10756.45 11448.46 12136.96 12821.74 13502.59 100.40 821.14 1541.61 2261.57 2980.82 3699.12 4416.27 5132.05 5846.23 6558.61 7268.96 7977.06 8682.71 9385.69 10085.78 10782.78 11476.47 12166.64 12853.08 13535.58 100.88 823.37 1545.58 2267.29 2988.28 3708.32 4427.21 5144.72 5860.63 6574.73 7286.79 7996.61 8703.97 9408.65 10110.43 10809.12 11504.48 12196.32 12884.42 13568.57 101.37 825.61 1549.56 2273.01 2995.74 3717.52 4438.14 5157.38 5875.02 6590.85 7304.63 8016.16 8725.23 9431.60 10135.08 10835.45 11532.49 12226.00 12915.76 13601.56 101.86 827.84 1553.54 2278.73 3003.20 3726.72 4449.08 5170.05 5889.42 6606.97 7322.47 8035.71 8746.48 9454.56 10159.74 10861.79 11560.51 12255.68 12947.10 13634.55 102.35 830.08 1557.52 2284.45 3010.66 3735.92 4460.02 5182.72 5903.82 6623.09 7340.31 8055.27 8767.74 9477.52 10184.39 10888.13 11588.52 12285.37 12978.45 13667.55 102.84 832.31 1561.50 2290.18 3018.13 3745.13 4470.96 5195.39 5918.22 6639.21 7358.15 8074.82 8789.00 9500.48 10209.04 10914.47 11616.54 12315.05 13009.79 13700.54 103.33 834.55 1565.48 2295.90 3025.59 3754.33 4481.90 5208.06 5932.62 6655.33 7375.99 8094.38 8810.27 9523.45 10233.70 10940.81 11644.56 12344.74 13041.14 13733.54 103.83 836.79 1569.46 2301.63 3033.06 3763.54 4492.84 5220.74 5947.02 6671.46 7393.84 8113.93 8831.53 9546.41 10258.35 10967.15 11672.58 12374.43 13072.48 13766.54 104.32 839.03 1573.45 2307.35 3040.53 3772.74 4503.78 5233.41 5961.42 6687.58 7411.68 8133.49 8852.79 9569.37 10283.01 10993.49 11700.60 12404.12 13103.83 13799.54 104.82 841.27 1577.43 2313.08 3048.00 3781.95 4514.72 5246.09 5975.82 6703.71 7429.52 8153.05 8874.06 9592.34 10307.67 11019.84 11728.62 12433.81 13135.18 13832.53 105.32 843.51 1581.42 2318.81 3055.47 3791.16 4525.67 5258.76 5990.23 6719.84 7447.37 8172.61 8895.33 9615.31 10332.33 11046.18 11756.64 12463.50 13166.53 13865.53 105.82 845.76 1585.41 2324.54 3062.94 3800.37 4536.61 5271.44 6004.63 6735.97 7465.22 8192.17 8916.59 9638.27 10356.99 11072.53 11784.67 12493.19 13197.88 13898.54 106.32 848.00 1589.40 2330.27 3070.41 3809.58 4547.56 5284.12 6019.04 6752.10 7483.07 8211.73 8937.86 9661.24 10381.65 11098.88 11812.69 12522.88 13229.24 13931.54 106.82 850.25 1593.39 2336.01 3077.89 3818.79 4558.51 5296.80 6033.45 6768.23 7500.92 8231.29 8959.13 9684.21 10406.32 11125.22 11840.72 12552.58 13260.59 13964.54 107.32 852.49 1597.38 2341.74 3085.36 3828.01 4569.46 5309.48 6047.86 6784.36 7518.77 8250.86 8980.40 9707.18 10430.98 11151.57 11868.74 12582.27 13291.95 13997.55 107.82 854.74 1601.37 2347.48 3092.84 3837.22 4580.41 5322.16 6062.27 6800.50 7536.62 8270.42 9001.67 9730.16 10455.65 11177.92 11896.77 12611.97 13323.30 14030.55 108.33 856.99 1605.36 2353.21 3100.31 3846.44 4591.36 5334.85 6076.68 6816.63 7554.47 8289.99 9022.95 9753.13 10480.31 11204.27 11924.80 12641.67 13354.66 14063.56 108.83 859.24 1609.36 2358.95 3107.79 3855.65 4602.31 5347.53 6091.09 6832.77 7572.33 8309.56 9044.22 9776.10 10504.98 11230.63 11952.83 12671.37 13386.02 14096.57 109.34 861.49 1613.35 2364.69 3115.27 3864.87 4613.26 5360.22 6105.51 6848.90 7590.18 8329.12 9065.50 9799.08 10529.65 11256.98 11980.86 12701.06 13417.38 14129.58 109.85 863.75 1617.35 2370.43 3122.75 3874.09 4624.22 5372.90 6119.92 6865.04 7608.04 8348.69 9086.77 9822.05 10554.32 11283.34 12008.89 12730.77 13448.74 14162.59 110.36 866.00 1621.35 2376.17 3130.24 3883.31 4635.17 5385.59 6134.34 6881.18 7625.90 8368.26 9108.05 9845.03 10578.99 11309.69 12036.93 12760.47 13480.10 14195.60 110.87 868.26 1625.35 2381.91 3137.72 3892.53 4646.13 5398.28 6148.75 6897.32 7643.76 8387.84 9129.33 9868.01 10603.66 11336.05 12064.96 12790.17 13511.46 14228.61 111.38 870.51 1629.35 2387.66 3145.20 3901.76 4657.09 5410.97 6163.17 6913.46 7661.62 8407.41 9150.61 9890.99 10628.33 11362.41 12093.00 12819.87 13542.82 14261.62 111.89 872.77 1633.35 2393.40 3152.69 3910.98 4668.05 5423.66 6177.59 6929.61 7679.48 8426.98 9171.89 9913.97 10653.01 11388.77 12121.03 12849.58 13574.19 14294.64 112.40 875.03 1637.35 2399.15 3160.17 3920.21 4679.01 5436.36 6192.01 6945.75 7697.34 8446.56 9193.17 9936.95 10677.68 11415.13 12149.07 12879.28 13605.55 14327.65 112.92 877.29 1641.36 2404.89 3167.66 3929.43 4689.97 5449.05 6206.43 6961.90 7715.21 8466.13 9214.45 9959.94 10702.36 11441.49 12177.11 12908.99 13636.92 14360.67 113.44 879.55 1645.36 2410.64 3175.15 3938.66 4700.93 5461.74 6220.86 6978.04 7733.07 8485.71 9235.74 9982.92 10727.03 11467.85 12205.15 12938.70 13668.29 14393.68 113.95 881.81 1649.37 2416.39 3182.64 3947.89 4711.90 5474.44 6235.28 6994.19 7750.94 8505.29 9257.02 10005.91 10751.71 11494.21 12233.19 12968.41 13699.65 14426.70 114.47 884.08 1653.38 2422.14 3190.13 3957.12 4722.86 5487.14 6249.71 7010.34 7768.80 8524.87 9278.31 10028.89 10776.39 11520.58 12261.23 12998.12 13731.02 14459.72 114.99 886.34 1657.39 2427.89 3197.63 3966.35 4733.83 5499.84 6264.13 7026.49 7786.67 8544.45 9299.60 10051.88 10801.07 11546.95 12289.27 13027.83 13762.39 14492.74 115.51 888.61 1661.40 2433.65 3205.12 3975.58 4744.80 5512.54 6278.56 7042.64 7804.54 8564.03 9320.89 10074.87 10825.75 11573.31 12317.32 13057.54 13793.77 14525.76 116.03 890.87 1665.41 2439.40 3212.61 3984.82 4755.77 5525.24 6292.99 7058.79 7822.41 8583.62 9342.18 10097.86 10850.44 11599.68 12345.36 13087.26 13825.14 14558.78 116.56 893.14 1669.42 2445.16 3220.11 3994.05 4766.74 5537.94 6307.42 7074.95 7840.28 8603.20 9363.47 10120.85 10875.12 11626.05 12373.41 13116.97 13856.51 14591.81 117.08 895.41 1673.44 2450.91 3227.61 4003.29 4777.71 5550.64 6321.85 7091.10 7858.16 8622.79 9384.76 10143.84 10899.81 11652.42 12401.46 13146.69 13887.89 14624.83 117.61 897.68 1677.45 2456.67 3235.11 4012.52 4788.68 5563.35 6336.28 7107.26 7876.03 8642.37 9406.05 10166.84 10924.49 11678.79 12429.50 13176.40 13919.26 14657.86 118.13 899.95 1681.47 2462.43 3242.61 4021.76 4799.65 5576.05 6350.72 7123.41 7893.91 8661.96 9427.35 10189.83 10949.18 11705.16 12457.55 13206.12 13950.64 14690.88 118.66 902.23 1685.48 2468.19 3250.11 4031.00 4810.63 5588.76 6365.15 7139.57 7911.78 8681.55 9448.64 10212.83 10973.87 11731.54 12485.60 13235.84 13982.02 14723.91 119.19 904.50 1689.50 2473.95 3257.61 4040.24 4821.60 5601.47 6379.59 7155.73 7929.66 8701.14 9469.94 10235.82 10998.56 11757.91 12513.66 13265.56 14013.40 14756.94 119.72 906.78 1693.52 2479.71 3265.11 4049.48 4832.58 5614.17 6394.02 7171.89 7947.54 8720.73 9491.24 10258.82 11023.25 11784.29 12541.71 13295.28 14044.78 14789.97 120.25 909.05 1697.54 2485.48 3272.62 4058.72 4843.56 5626.88 6408.46 7188.05 7965.42 8740.32 9512.54 10281.82 11047.94 11810.66 12569.76 13325.00 14076.16 14823.00 120.79 911.33 1701.56 2491.24 3280.12 4067.97 4854.54 5639.60 6422.90 7204.21 7983.30 8759.92 9533.84 10304.82 11072.63 11837.04 12597.82 13354.73 14107.54 14856.03 121.32 913.61 1705.59 2497.01 3287.63 4077.21 4865.52 5652.31 6437.34 7220.38 8001.18 8779.51 9555.14 10327.82 11097.33 11863.42 12625.87 13384.45 14138.93 14889.07
=== END RADAR_SCAN ===

=== BEGIN RADAR_SCAN ===
scan.index=3
scan.time=189.670000
radar.id=2
radar.frequency=X
radar.scanning_mode=RHI
radar.x=-50000.000
radar.y=50000.000
radar.z=25.000
radar.maximum_range=50000.000
radar.range_resolution=100.000
radar.angular_resolution=1.000000
box.radar_id=2
box.min_range_gate=199.000
box.max_range_gate=454.000
box.min_angle=0.000000
box.max_angle=20.000000
box.num_ranges=256
box.num_angles=20
box.range_resolution=100.000
box.angular_resolution=1.000000
box.other_angle=-51.619755
grid.size=5120
grid.data=28.17 28.45 24.66 28.01 29.36 27.70 0.00 0.00 0.00 0.00 0.00 0.00 0.00 0.00 0.00 0.00 0.00 0.00 0.00 0.00 32.06 26.80 25.10 27.33 29.30 30.24 29.90 33.03 0.00 0.00 0.00 0.00 0.00 0.00 0.00 0.00 0.00 0.00 0.00 0.00 30.65 24.40 25.02 27.14 26.75 31.35 30.42 29.43 32.56 34.46 0.00 0.00 0.00 0.00 0.00 0.00 0.00 0.00 0.00 0.00 28.53 32.68 28.64 28.40 29.51 33.12 32.26 33.36 31.20 35.31 41.18 42.84 0.00 0.00 0.00 0.00 0.00 0.00 0.00 0.00 24.65 26.82 26.07 28.24 28.97 31.88 35.47 37.17 35.17 37.98 44.87 44.41 34.70 0.00 0.00 0.00 0.00 0.00 0.00 0.00 26.42 25.02 24.86 27.99 29.32 31.46 32.25 33.39 32.32 34.50 47.36 42.33 34.11 31.46 0.00 0.00 0.00 0.00 0.00 0.00 26.30 30.66 27.23 23.88 30.26 30.78 29.45 31.34 40.72 32.01 45.87 38.37 39.15 34.18 30.68 0.00 0.00 0.00 0.00 0.00 25.39 29.06 26.75 27.81 32.95 31.38 33.81 32.35 31.49 35.38 42.18 40.59 34.97 26.93 30.62 23.10 0.00 0.00 0.00 0.00 27.54 28.20 23.53 27.68 29.85 29.70 33.78 30.92 35.10 42.44 41.56 39.43 36.30 33.80 24.84 21.07 21.62 0.00 0.00 0.00 29.75 25.85 26.95 29.11 33.26 32.53 33.50 34.14 35.00 32.99 40.40 46.55 35.65 32.64 26.89 29.53 19.63 16.96 0.00 0.00 25.53 26.09 30.16 31.02 29.44 30.51 35.39 33.91 35.70 34.70 40.34 39.23 36.73 28.64 26.37 20.73 19.95 17.25 12.26 0.00 27.96 25.01 26.44 32.33 32.90 32.01 31.17 30.66 34.85 37.06 43.83 37.98 33.86 30.28 30.63 23.34 17.39 16.65 13.92 9.74 29.05 25.53 30.51 27.46 30.44 31.55 28.90 28.51 33.55 36.28 41.09 38.73 37.13 28.29 30.00 21.63 17.38 14.72 11.36 8.61 27.38 28.54 26.07 30.95 32.48 31.54 32.59 30.08 30.66 42.50 41.02 44.62 33.93 29.00 29.54 26.08 23.65 12.20 11.00 9.10 27.89 25.16 34.13 31.66 28.30 31.70 30.28 31.74 33.94 37.21 42.36 40.70 33.86 31.74 28.33 22.59 17.85 14.46 11.66 7.06 22.65 25.02 32.31 25.04 27.64 35.18 32.23 30.00 30.98 41.33 37.49 38.87 39.76 30.45 23.18 23.75 19.55 15.02 12.12 2.74 27.67 27.88 26.85 26.36 33.03 29.05 37.87 36.41 35.05 47.22 42.89 37.78 32.90 34.21 27.07 22.46 14.11 17.02 9.47 1.12 26.17 25.73 30.83 24.57 26.97 31.43 37.60 36.07 35.22 40.44 39.96 40.14 38.76 28.68 27.61 20.90 20.91 14.62 9.65 1.34 24.40 22.43 27.58 26.71 32.51 30.39 30.11 30.83 34.76 41.14 45.35 39.21 33.62 29.01 25.51 23.50 16.79 15.10 10.12 -3.14 31.02 26.75 26.65 30.94 29.92 28.14 38.25 28.95 34.32 44.77 41.87 40.94 36.53 29.29 23.29 23.90 17.33 12.18 6.38 -1.17 27.19 25.17 26.70 26.22 25.18 33.58 32.11 33.59 35.12 39.95 42.07 37.08 28.77 30.65 25.66 21.37 18.50 13.62 7.59 3.16 30.34 26.44 31.14 28.09 28.96 32.09 33.07 36.08 34.64 44.61 42.51 35.80 30.64 29.10 27.07 18.69 16.41 13.36 6.40 -1.17 33.04 30.33 28.68 25.60 31.09 31.14 28.92 31.11 35.34 44.88 40.57 36.78 31.74 32.83 24.11 23.34 18.35 10.25 11.68 -0.69 24.54 20.06 29.38 29.10 31.60 30.32 30.14 34.95 37.60 46.48 43.91 35.15 27.10 27.97 25.86 21.83 14.16 11.76 8.90 1.22 30.21 26.17 28.88 28.07 32.48 32.36 28.00 30.42 34.51 41.04 39.23 37.94 36.79 33.09 24.98 18.95 15.03 10.48 5.13 0.57 28.70 30.38 31.93 30.45 26.84 34.01 32.04 34.75 36.54 45.65 37.44 38.99 31.86 28.45 25.87 23.85 15.82 9.64 5.62 0.37 26.54 26.54 27.45 29.19 27.98 29.85 30.79 34.67 34.23 45.31 40.63 37.81 31.28 28.38 20.14 16.89 16.75 10.12 8.04 1.66 31.71 29.33 27.75 32.27 31.29 29.35 35.71 35.29 34.97 43.82 33.27 36.70 30.62 28.18 19.24 20.77 18.02 10.09 1.10 1.12 32.35 27.49 24.34 29.78 28.71 30.84 28.92 29.31 38.12 41.56 37.00 35.68 29.45 23.44 23.78 15.41 14.23 10.20 0.58 0.02 25.61 24.70 28.36 29.97 34.04 36.85 31.31 33.21 35.31 44.98 41.62 33.61 34.94 23.58 25.87 21.21 13.97 9.04 -0.22 -0.39 29.49 28.07 28.41 31.96 25.89 33.26 33.64 39.15 41.20 44.37 40.00 38.22 33.67 24.90 20.33 13.99 13.47 10.54 2.35 -0.96 25.69 24.87 29.87 25.48 31.19 33.09 29.94 35.44 39.83 42.54 37.34 31.74 30.86 33.17 23.24 17.82 9.74 9.08 -1.00 -0.71 28.08 25.76 27.40 31.57 33.91 27.37 35.41 32.84 33.84 40.06 42.93 32.02 27.02 24.18 24.24 14.50 15.79 8.99 3.53 0.46 28.49 26.90 29.97 29.39 31.79 34.41 30.11 30.70 34.85 40.96 37.97 34.51 32.85 28.69 19.32 13.85 11.52 8.87 -1.57 -1.67 26.75 26.26 25.63 24.43 27.26 33.80 33.23 32.72 39.68 39.52 36.87 31.86 31.73 26.07 21.78 18.67 10.79 7.40 -0.97 -2.98 27.60 25.08 27.44 31.68 31.33 33.02 25.44 32.47 39.67 38.29 43.00 32.73 29.37 24.72 22.26 14.69 10.37 6.69 -2.33 0.37 25.40 28.29 23.15 30.35 32.21 32.01 31.70 38.46 36.72 37.81 42.86 33.63 33.11 25.37 19.90 14.29 11.42 10.76 0.85 0.25 27.89 27.53 31.56 29.16 30.71 31.56 34.59 36.43 34.49 41.86 36.11 31.59 27.09 25.79 22.65 18.15 12.30 8.37 0.08 0.44 28.34 30.02 31.15 28.68 29.18 33.76 31.93 33.37 43.68 44.24 41.30 36.30 30.49 26.22 19.09 16.22 14.47 7.31 -0.99 -2.63 27.72 26.70 27.25 28.30 34.02 30.74 34.18 38.94 40.21 42.81 36.65 36.08 28.67 27.21 20.67 16.39 12.01 0.18 -0.23 1.61 27.91 29.95 29.33 27.06 31.59 31.91 36.00 29.81 41.01 41.99 38.94 34.68 28.07 25.67 23.13 16.98 9.72 1.52 -0.26 0.28 28.08 29.22 27.41 27.97 27.86 32.30 28.26 37.51 39.69 36.25 38.24 32.47 27.81 21.43 20.69 19.11 10.31 -0.03 0.37 1.52 27.96 28.26 25.63 27.47 29.82 29.62 34.33 34.56 41.29 41.59 38.36 32.40 27.64 21.93 18.81 16.51 10.14 3.10 0.54 1.08 28.83 27.05 31.55 29.54 33.93 30.71 34.65 33.77 42.73 40.90 37.43 35.52 29.35 24.10 18.99 14.47 10.71 -1.86 0.76 -0.09 28.41 27.72 29.28 31.78 31.52 30.84 30.42 33.12 37.53 41.47 37.81 33.38 30.18 22.56 16.02 13.30 11.55 2.23 -0.76 0.13 24.66 28.99 27.42 30.52 32.30 32.47 41.38 36.23 42.23 40.20 36.95 33.32 25.87 26.29 17.33 16.88 13.08 -0.68 2.03 -0.12 27.10 27.69 26.16 29.83 32.75 34.75 32.36 33.85 43.95 37.95 39.18 31.69 30.07 22.65 17.68 14.98 8.76 1.19 -3.04 2.71 24.67 29.29 27.54 31.19 34.18 38.73 33.50 36.32 37.66 39.68 36.11 31.53 31.35 26.30 14.59 14.75 7.46 -0.61 -0.98 -0.56 26.32 22.77 28.31 29.83 29.28 31.56 33.55 33.95 49.45 40.25 37.01 31.32 25.00 21.72 21.17 12.72 10.34 2.10 -1.67 -1.55 29.58 26.83 25.96 26.53 33.40 27.58 30.12 34.10 44.75 38.91 34.13 30.79 30.18 21.19 17.91 16.85 6.96 -1.26 0.34 -1.27 28.48 29.22 28.98 35.48 31.28 30.28 34.44 36.56 47.68 43.64 33.58 27.87 21.56 19.53 17.37 12.15 5.95 0.49 -0.61 -1.06 30.11 28.61 27.41 25.74 29.43 30.92 35.73 38.88 48.52 39.75 36.14 28.08 30.13 25.38 16.18 13.71 8.97 1.91 -0.67 -3.62 25.24 26.04 24.77 26.65 28.15 30.94 29.98 30.47 44.81 40.94 36.90 31.18 25.12 19.51 17.24 11.63 6.71 3.03 -0.27 2.43 28.72 30.83 31.19 28.43 29.00 32.94 37.46 34.09 45.65 43.21 32.63 32.83 23.22 18.14 15.18 12.86 4.84 -3.21 -1.42 -0.48 31.55 23.77 28.31 32.20 30.94 28.73 38.03 31.42 39.29 37.15 32.77 30.86 21.76 19.65 14.30 8.55 2.18 -0.08 0.22 0.65 26.51 26.27 28.75 26.83 30.33 31.15 32.22 31.56 47.03 40.89 37.89 24.07 27.30 20.17 17.48 11.10 -0.75 0.22 1.46 -1.68 27.11 26.12 30.70 29.44 30.27 35.52 34.20 35.71 42.33 34.25 31.87 34.36 25.11 21.24 13.80 10.67 -0.67 0.46 -2.67 1.03 25.92 28.22 28.09 28.47 29.80 25.50 32.74 32.78 38.26 42.90 33.64 29.84 26.56 16.57 19.47 9.75 0.57 0.80 -3.07 2.50 31.43 27.42 26.26 28.09 31.01 35.07 34.36 35.90 41.83 35.74 38.73 29.91 27.73 18.86 14.60 10.17 1.29 1.43 0.60 -0.34 25.41 29.63 24.32 27.77 30.76 39.09 30.58 30.78 35.78 35.07 30.04 32.66 23.57 18.34 15.15 10.29 0.23 -1.52 0.39 -1.61 28.67 23.44 27.95 30.33 31.66 36.82 33.57 39.71 47.50 36.72 28.43 33.87 21.27 17.42 12.75 8.71 2.03 0.85 -0.32 1.33 28.48 25.87 26.29 27.92 32.45 36.15 32.96 36.12 39.35 34.44 29.36 28.25 24.64 17.64 12.89 4.45 0.47 -0.44 -1.39 0.44 29.24 29.30 27.06 30.60 28.30 34.79 31.73 32.92 42.91 34.78 32.31 25.91 24.29 19.60 13.63 8.42 -0.47 0.01 -0.64 -0.58 25.91 27.25 26.93 28.04 24.90 27.13 29.91 35.99 41.07 36.70 27.00 28.14 20.10 16.33 14.03 9.70 -1.92 0.72 1.79 1.76 26.34 27.02 29.31 31.45 31.71 29.02 32.93 36.08 39.77 43.51 35.08 29.07 25.89 18.44 15.17 9.79 -2.26 2.28 0.69 -1.60 22.73 30.01 25.25 31.07 31.10 32.82 34.53 35.96 47.34 36.41 37.18 27.77 24.28 20.84 13.57 9.43 0.76 -1.98 -0.12 -1.56 25.80 27.52 23.17 26.99 30.10 32.23 33.30 37.65 42.79 36.23 31.03 28.38 22.11 15.72 13.75 9.49 -0.49 -0.86 0.97 -0.64 26.20 30.10 26.33 26.34 32.20 32.22 36.32 35.45 45.01 38.61 32.65 25.58 23.15 17.26 12.37 5.82 3.45 -0.22 1.02 2.47 28.42 27.05 30.47 29.47 29.33 31.84 34.60 42.31 46.67 37.96 31.70 28.53 22.89 14.79 11.19 7.01 -0.04 0.57 0.02 1.53 27.28 25.46 28.48 31.94 26.91 27.30 32.13 34.19 37.34 36.71 35.57 29.10 23.38 17.71 11.89 6.76 -1.21 -0.04 -1.81 -1.62 28.36 25.76 24.88 33.45 29.30 30.46 33.47 39.27 42.92 36.83 32.33 26.93 26.28 15.37 10.14 1.41 2.74 2.61 0.22 0.36 28.02 23.42 24.88 23.89 30.88 32.82 30.33 37.91 42.30 34.12 36.00 27.83 19.29 18.11 12.90 -1.01 -1.11 -2.44 2.24 -0.77 24.33 23.57 24.21 26.33 31.25 34.27 36.46 37.61 35.88 41.63 33.25 31.27 22.77 14.02 13.10 3.33 2.90 1.71 -2.68 -0.70 27.97 29.03 31.60 27.75 30.13 30.43 37.69 43.51 39.20 31.36 26.30 27.51 19.90 14.59 9.22 2.22 1.69 0.44 0.62 1.67 32.46 24.12 27.05 29.94 29.35 38.86 34.18 38.23 46.19 37.36 30.78 22.23 19.01 18.12 7.86 1.34 -0.88 0.47 -1.58 -1.20 40.50 42.86 39.49 34.02 31.69 33.02 32.03 36.13 45.03 34.75 26.67 22.74 18.68 17.10 11.64 1.24 1.68 -0.55 -0.15 -0.39 43.86 47.23 38.04 45.19 44.03 50.89 30.89 40.49 39.03 32.79 28.81 25.21 23.56 13.64 7.63 -0.66 -0.09 -2.32 -0.16 0.97 40.99 40.59 41.02 41.77 40.13 44.72 42.74 49.51 36.25 31.80 31.94 27.72 19.64 13.18 10.54 -1.14 -0.21 0.81 -0.95 -1.37 39.53 41.43 38.56 42.49 42.15 39.93 48.63 43.13 48.61 31.71 28.18 23.50 22.97 14.13 10.33 -2.45 0.58 0.06 0.81 -0.64 46.15 46.04 42.50 43.57 42.71 42.48 46.41 43.90 40.87 36.26 29.52 22.18 22.60 19.31 10.21 -3.54 -2.37 -3.57 0.65 -1.32 44.84 38.74 40.85 37.44 42.52 52.14 44.00 42.64 48.05 37.35 29.34 25.14 22.47 12.95 9.82 -2.11 3.09 -1.45 0.49 1.44 38.67 38.42 44.38 44.13 35.45 42.18 48.62 45.84 40.93 41.34 30.50 29.70 21.89 13.72 8.70 0.54 1.41 -1.08 -2.01 1.70 37.82 40.41 43.05 42.45 44.13 42.75 44.51 47.53 46.83 37.57 30.51 26.52 20.93 14.69 9.44 -0.28 -0.06 1.55 -0.81 -2.38 38.46 40.93 44.58 44.81 40.61 47.53 47.51 53.39 43.68 37.77 25.68 25.77 21.29 19.80 7.36 -0.74 -0.98 -1.86 -0.44 -1.81 44.04 39.80 42.77 44.11 48.69 41.03 47.27 48.40 46.88 37.44 31.19 30.00 28.22 19.19 14.08 -0.66 2.01 1.60 -1.56 0.84 43.18 40.84 41.54 40.34 44.21 43.65 45.93 43.03 42.60 36.33 29.63 28.22 27.62 23.79 14.42 16.16 2.56 0.08 2.05 -3.63 41.78 38.54 39.70 47.71 41.26 42.04 43.44 44.52 37.69 37.27 30.94 28.58 24.07 17.47 15.41 12.65 3.51 0.59 0.83 0.65 39.20 39.21 45.23 42.49 38.12 43.00 43.92 44.83 40.70 33.50 28.90 29.03 25.78 19.17 15.00 15.50 9.47 0.72 -1.72 1.64 43.37 41.53 42.18 42.87 42.93 35.47 42.35 39.85 40.21 35.66 34.52 31.69 23.23 21.05 16.18 11.62 9.60 0.18 0.80 -1.38 39.40 33.42 43.27 40.24 42.87 41.79 46.90 45.62 43.04 34.32 27.76 27.34 19.63 18.69 15.70 12.27 9.81 0.38 0.94 -0.19 41.53 39.02 36.25 43.72 42.96 41.83 40.06 50.07 42.16 36.51 33.15 25.00 25.64 23.31 13.66 11.11 7.35 0.40 0.65 -0.81 37.41 35.26 41.69 40.37 39.76 43.39 49.35 44.78 45.48 36.30 28.24 26.15 22.02 20.12 18.06 11.74 10.31 2.14 -0.44 -0.89 38.27 42.59 40.15 42.51 38.93 43.00 48.75 41.14 37.03 36.21 30.30 25.36 23.89 16.30 16.28 14.86 9.72 0.53 2.73 0.02 44.82 38.56 44.97 44.67 40.20 45.37 42.43 43.80 41.81 31.77 29.74 20.71 24.64 21.80 17.41 10.75 8.94 -0.05 -0.69 -2.25 46.56 35.56 39.92 44.39 41.02 40.60 39.34 45.56 44.16 29.66 29.65 25.63 22.48 20.16 11.37 10.71 9.23 -1.89 -2.07 -1.50 40.87 38.26 41.69 36.16 44.27 45.62 41.50 39.55 36.29 34.81 25.59 23.44 22.42 20.01 14.32 12.08 10.25 -0.02 2.20 1.90 40.02 39.69 42.33 42.62 42.86 51.29 43.73 42.75 36.00 37.77 29.78 22.79 18.84 20.07 15.68 14.12 6.96 0.88 -0.84 -0.37 36.28 31.69 41.31 38.41 40.66 43.06 44.32 46.56 37.22 33.12 28.45 28.30 27.09 20.57 14.18 12.44 8.10 1.69 -0.56 -0.27 37.58 42.37 40.34 40.68 42.56 39.21 46.62 47.81 37.41 36.28 28.85 23.92 22.16 21.04 17.31 11.77 4.97 0.39 0.66 1.77 37.14 37.83 45.19 37.84 44.36 42.67 44.98 41.49 40.98 36.34 31.52 20.40 21.31 18.66 12.80 11.31 6.88 -1.31 1.40 -1.52 44.89 38.75 37.12 38.58 47.22 42.52 47.79 39.90 37.27 34.32 26.14 29.07 22.62 18.27 14.22 8.36 6.32 1.60 -0.91 -0.74 41.90 38.27 39.23 35.32 39.29 35.79 41.45 44.13 35.59 30.80 27.26 23.65 21.98 14.65 15.24 11.92 5.02 -0.85 -0.72 -0.66 37.97 42.70 35.82 37.29 47.91 40.31 44.05 43.30 34.35 32.39 29.33 24.12 19.96 16.10 15.40 8.85 0.60 -1.35 0.30 -2.77 39.20 43.53 44.95 39.22 36.45 41.40 44.21 42.48 37.95 34.29 31.86 26.48 23.78 18.84 14.26 11.75 1.71 -1.23 -1.58 -0.42 43.23 45.05 40.15 39.63 41.35 46.16 40.16 41.86 41.32 27.73 25.55 28.30 22.18 16.58 12.99 9.64 -0.88 0.19 -0.66 -1.72 39.83 40.79 41.93 42.33 33.32 47.99 38.69 41.43 36.70 33.94 28.16 22.33 19.39 17.02 12.77 8.16 0.50 -0.70 -0.07 -1.30 35.23 38.58 37.95 40.03 43.69 42.08 39.02 43.97 39.21 31.59 33.40 25.18 19.25 16.28 12.91 9.90 2.57 0.51 0.33 -1.20 42.55 43.29 38.21 44.58 37.63 42.84 34.36 35.35 40.29 29.49 25.88 21.34 21.82 18.13 10.96 11.18 0.23 -0.05 -0.94 -1.78 42.10 38.43 42.06 47.50 42.73 35.38 36.29 44.82 37.21 28.02 26.76 23.78 18.00 13.13 15.56 8.67 -1.04 0.48 2.13 -0.04 37.62 41.14 39.08 44.60 42.50 46.44 45.40 42.10 40.44 33.73 26.40 22.19 17.98 16.02 8.50 7.13 3.01 2.32 1.52 0.80 38.10 39.90 40.70 37.28 40.76 38.88 40.89 44.16 36.59 33.52 30.93 26.05 18.59 17.89 11.28 11.69 0.19 3.66 -1.35 1.29 40.59 33.77 38.63 41.03 37.69 38.19 42.13 37.71 34.23 32.40 32.30 23.37 20.81 13.29 12.20 10.02 -1.17 -0.06 0.25 -0.66 45.78 44.84 39.47 35.64 38.01 42.67 44.60 33.66 35.31 27.98 27.83 26.74 19.04 16.90 12.09 8.62 -1.35 -2.38 0.30 0.62 40.27 41.68 34.56 37.72 43.59 41.93 44.19 39.95 35.73 33.89 27.72 27.21 20.26 11.42 13.26 7.95 1.15 1.78 1.59 1.23 38.84 35.52 34.38 46.49 43.98 40.41 37.92 42.27 39.88 31.04 25.46 21.87 21.75 16.74 11.09 6.80 -0.13 1.74 -2.43 -0.97 40.39 40.70 42.84 38.43 50.16 35.19 40.45 39.41 35.63 30.00 21.02 22.00 19.64 14.46 14.38 8.20 0.97 -0.08 0.14 0.80 39.77 34.90 38.72 39.92 44.09 45.14 45.59 42.91 38.32 25.87 20.69 23.31 20.27 17.22 10.76 7.40 -2.72 -0.91 2.76 1.11 37.44 33.62 40.54 41.71 44.72 38.52 44.01 37.52 32.15 29.51 23.86 20.56 16.56 14.65 13.38 7.60 -1.69 -2.69 -1.81 -0.20 37.98 37.46 34.10 41.09 40.37 37.24 38.55 44.85 33.29 32.17 26.85 25.36 19.22 13.86 13.87 6.92 1.84 2.57 -0.09 0.49 37.92 39.47 42.25 41.96 40.61 35.38 44.22 37.56 36.77 33.49 25.43 22.88 20.42 14.78 11.87 7.86 -0.42 -4.74 -0.88 0.27 38.34 35.79 40.61 33.34 39.14 38.09 41.50 37.88 35.63 34.37 26.02 22.27 17.58 14.19 9.36 8.57 -1.41 0.03 0.64 1.96 35.43 34.22 42.96 37.84 41.23 40.62 43.59 37.81 36.65 28.60 28.70 18.95 19.48 12.94 11.85 3.93 -1.19 0.49 -1.15 -0.56 36.50 36.56 39.40 35.34 38.05 44.04 42.15 38.12 32.44 33.43 26.31 22.42 18.00 12.11 10.77 0.48 -1.51 2.46 1.86 -2.97 39.65 39.17 37.72 41.23 44.62 46.60 41.52 39.33 29.88 23.86 25.40 22.79 19.59 15.83 9.18 0.32 -2.56 1.87 -1.74 -0.03 37.38 31.30 35.98 38.19 40.13 43.33 38.21 39.90 33.54 33.70 25.18 23.46 16.90 13.19 11.36 -1.27 0.64 -1.63 -0.68 1.32 35.43 38.48 41.40 41.77 44.55 41.58 43.66 42.25 33.95 26.97 27.29 22.70 17.70 12.61 8.27 -0.14 -1.46 1.70 -1.63 0.46 45.88 36.47 33.70 41.05 42.10 36.35 39.55 43.00 33.39 30.97 25.13 20.26 16.85 12.17 8.65 3.02 -0.44 -1.35 -0.68 2.90 41.19 39.35 39.30 42.71 48.18 36.44 35.32 35.62 35.27 26.74 24.56 23.05 15.97 13.15 7.95 1.58 -2.48 -0.73 -1.49 2.88 35.11 42.19 43.63 41.43 38.61 37.20 42.02 38.97 27.98 26.61 22.83 20.92 19.73 13.68 9.15 -2.18 -1.37 2.18 2.33 0.53 31.70 42.97 40.93 35.71 46.81 36.97 37.71 38.92 29.79 24.63 27.46 24.58 15.13 14.63 8.59 -0.44 -0.54 -0.88 1.20 1.49 37.10 43.29 35.53 36.71 44.14 42.79 41.99 38.87 32.41 29.79 22.83 20.37 18.46 11.86 6.56 0.03 -1.43 -2.36 -3.45 1.62 35.19 37.75 39.71 42.65 37.17 36.50 38.90 35.92 27.96 33.31 22.59 20.93 18.27 14.23 10.19 1.12 1.69 -0.11 0.47 -1.99 30.20 37.85 43.24 36.15 44.99 37.19 38.12 40.43 35.61 28.57 24.31 19.71 17.71 13.01 10.78 3.03 0.12 -0.15 -1.91 -0.43 39.64 37.65 33.81 38.64 38.48 42.77 34.94 37.73 35.58 24.99 24.09 21.47 14.98 14.14 6.80 0.45 -1.18 2.74 -2.10 -1.83 41.60 35.75 39.80 41.45 37.45 37.53 43.53 40.41 34.87 30.48 24.42 18.93 18.46 12.28 7.69 -2.59 1.59 2.56 0.03 4.34 38.04 36.91 37.67 40.99 35.60 39.71 36.10 37.17 25.58 28.43 26.23 21.39 18.53 12.03 8.09 -0.63 -1.08 -1.12 -1.21 0.80 33.64 37.96 38.74 40.24 41.10 33.76 35.13 39.84 27.95 27.19 26.04 20.81 18.00 12.00 9.67 -0.72 1.18 -3.00 -0.06 -1.07 37.54 40.21 36.57 42.47 39.09 38.97 42.67 30.76 40.35 24.51 25.39 22.93 16.14 12.23 6.79 1.28 2.53 -0.71 1.97 -2.83 38.05 39.45 41.35 45.37 37.95 36.32 42.04 41.76 31.72 27.63 25.37 17.54 17.68 9.92 6.41 -0.92 0.34 1.06 0.58 -0.40 34.31 36.99 42.04 42.58 34.90 41.22 41.20 34.19 30.66 28.81 26.24 20.22 17.07 10.99 7.90 0.16 0.64 -0.70 1.55 0.71 36.13 41.73 36.20 36.04 37.97 42.52 45.50 39.51 29.29 25.60 23.28 23.70 13.49 12.03 10.06 -0.46 2.50 0.73 -0.02 1.12 38.07 40.84 39.23 34.42 41.69 40.81 35.89 36.25 30.05 25.06 23.47 17.53 17.50 10.24 7.32 0.30 -1.12 -0.27 0.50 -0.04 40.25 38.52 42.56 35.78 39.41 38.38 38.19 35.10 29.96 29.37 19.68 21.13 11.18 11.51 8.10 -2.85 -2.12 0.00 -1.87 -1.59 42.19 34.53 39.73 37.76 36.56 38.02 41.44 34.18 33.13 25.24 23.67 20.34 15.90 10.04 -2.13 1.31 -1.48 -0.19 1.22 -2.15 41.65 36.74 35.70 43.59 35.11 40.37 36.80 33.65 35.05 24.76 22.07 22.68 14.81 11.48 1.89 1.39 0.04 1.29 0.12 -0.31 37.77 31.33 41.07 40.00 34.97 36.04 38.81 34.99 35.08 24.37 22.62 17.48 12.88 12.63 0.48 -0.83 -0.34 0.63 1.54 -2.00 39.80 41.08 42.49 36.66 37.73 36.18 38.63 36.27 29.46 25.80 24.19 16.31 14.98 13.65 -1.22 -0.01 -1.42 0.90 -1.52 1.02 36.07 38.43 36.32 36.44 37.86 39.44 37.39 36.37 32.66 25.91 25.16 15.46 17.45 8.89 0.37 0.81 -1.44 2.24 0.31 -0.49 38.11 32.69 41.66 39.38 40.86 29.39 35.16 36.22 31.33 23.90 17.76 14.84 13.11 10.33 -0.48 -0.76 -3.33 1.43 -1.57 0.35 36.34 35.01 33.00 37.16 38.63 34.82 34.43 32.23 30.82 26.21 23.84 16.70 13.23 12.22 -1.75 -0.91 -1.67 -0.86 -0.59 -0.31 34.39 39.69 44.38 41.47 33.97 37.78 40.97 33.05 31.14 26.87 25.97 18.17 15.24 9.05 0.38 -2.66 1.31 -0.82 -2.15 1.07 36.64 39.95 35.90 38.55 39.07 33.83 36.30 32.05 26.00 26.42 17.00 18.86 11.77 10.68 -0.67 2.92 0.40 1.02 -0.75 2.58 38.57 45.05 37.74 40.99 40.60 40.88 36.78 41.67 30.94 26.05 21.58 19.82 10.86 9.01 0.52 -2.58 2.55 -0.26 0.34 -0.58 38.28 41.09 34.71 32.29 38.69 35.91 39.85 37.05 26.62 27.86 21.56 18.18 14.07 6.52 1.72 1.18 2.21 -0.50 -1.61 0.01 37.32 37.00 40.78 36.32 42.82 40.03 39.39 35.13 23.95 24.54 21.74 18.68 12.37 6.61 -0.08 -1.93 3.10 1.91 0.74 0.94 39.22 35.20 41.64 37.27 34.20 34.11 38.42 41.98 30.99 26.48 19.07 17.90 14.98 10.00 0.09 0.81 -1.74 0.85 2.80 -0.22 42.55 38.41 39.51 34.24 33.54 37.21 31.93 33.58 28.49 24.81 24.57 17.37 15.11 5.85 0.80 -0.45 -1.31 0.03 2.71 -0.83 35.38 33.87 41.75 33.37 35.03 34.09 38.17 32.80 27.30 26.55 23.18 17.85 11.29 10.55 3.03 -2.31 -0.93 -0.52 1.13 0.48 34.20 41.61 37.55 36.91 35.81 25.14 31.43 31.03 26.12 19.36 16.21 17.77 14.39 12.34 -0.40 0.16 1.93 0.93 0.92 2.01 32.71 37.96 33.52 37.88 33.39 34.54 34.31 36.02 33.59 25.92 20.22 19.49 15.92 7.53 -0.87 0.92 0.31 2.59 -2.50 -0.51 40.36 39.52 37.21 35.20 35.39 41.92 32.99 34.73 27.64 22.57 21.34 14.52 11.82 6.05 -1.25 1.80 -3.30 -4.88 2.16 0.57 37.55 36.82 34.09 37.59 37.83 35.63 41.28 30.64 32.29 25.42 22.47 15.02 14.40 5.70 1.15 0.72 0.00 0.11 2.36 -3.09 40.31 38.07 35.01 36.52 38.89 36.26 35.89 33.36 25.73 26.56 21.02 19.73 11.56 5.49 0.48 1.57 -0.00 -1.40 -0.04 -0.10 38.77 33.91 38.91 37.86 34.87 36.28 35.53 34.00 31.02 25.37 28.09 13.30 10.58 7.67 -1.83 -1.89 0.84 -2.95 -0.42 -0.92 40.94 36.46 39.16 38.18 30.20 33.65 34.07 29.27 28.67 25.77 24.11 14.75 10.61 7.64 -1.67 0.35 -0.43 0.10 1.20 -0.26 33.18 35.70 38.41 39.73 38.04 35.10 34.75 35.58 27.63 24.70 24.46 14.98 10.10 5.41 2.93 1.92 0.95 -0.49 -0.80 -1.71 32.07 39.10 27.18 41.80 35.44 32.73 34.97 29.91 22.35 24.10 17.57 17.05 8.56 6.72 -1.93 -1.54 1.16 1.92 1.04 2.10 42.45 37.16 44.23 37.10 35.06 34.97 35.52 32.60 27.80 27.43 16.79 16.61 11.76 7.63 0.00 -0.28 1.12 -1.08 0.49 -0.28 34.77 38.31 37.71 40.31 34.22 33.22 38.56 37.64 25.68 20.37 18.17 18.23 9.82 6.21 2.53 -0.03 1.23 -0.89 -1.07 0.36 38.61 40.31 36.15 36.00 32.06 36.29 32.49 36.03 28.59 20.61 18.60 15.33 11.96 0.98 1.76 2.47 -1.93 -1.18 2.75 0.52 33.33 38.03 32.86 34.26 38.28 37.13 31.70 32.83 27.96 23.80 22.02 11.50 11.48 -2.50 0.57 -1.20 2.61 -2.03 -0.25 2.51 36.11 38.62 35.24 32.49 41.97 36.28 38.03 33.54 25.75 26.29 17.96 18.23 12.31 -0.15 2.94 1.64 -1.46 0.24 -0.26 -0.51 39.84 42.69 39.75 34.24 33.50 32.65 36.90 26.03 29.03 23.27 19.08 14.70 14.96 2.20 -1.29 0.54 0.42 -0.14 -0.06 4.69 34.83 35.71 37.98 34.50 35.30 36.47 33.00 36.01 29.09 25.98 19.99 14.88 10.81 1.08 -1.59 -4.78 1.80 -1.73 -0.19 -2.70 35.90 34.86 35.11 39.07 34.34 30.94 37.31 33.79 24.94 22.03 19.09 13.24 8.45 -1.27 2.23 -0.10 -0.46 1.75 -0.67 0.14 22.56 24.20 23.96 25.11 37.82 31.95 35.85 32.94 27.27 21.70 20.48 15.04 10.37 -0.98 0.20 -2.97 -0.67 0.94 0.69 1.77 17.92 22.95 29.00 25.51 24.14 32.84 38.85 30.31 29.48 27.17 19.33 12.18 9.23 0.34 0.04 2.21 0.12 -1.83 -1.50 -1.11 23.58 27.68 26.40 24.89 26.77 30.60 24.88 29.00 30.89 20.38 20.53 15.67 11.29 0.73 -0.87 1.27 -0.78 0.31 0.14 1.19 20.89 25.65 26.36 27.06 24.75 28.31 26.25 26.85 25.26 23.91 22.36 12.71 7.69 -0.07 0.74 0.06 -3.45 0.60 -0.99 -1.76 19.30 23.72 24.99 25.91 23.10 22.76 33.33 26.22 26.87 20.54 18.61 15.13 8.92 -1.18 -1.77 0.99 -1.47 -0.52 0.72 -1.00 22.97 24.60 21.71 30.15 24.05 31.35 33.11 26.30 23.71 16.94 19.83 15.45 12.75 0.64 2.51 -1.35 -0.68 -3.25 -0.04 0.73 21.37 22.64 20.28 23.02 25.05 26.79 33.28 32.59 24.33 16.41 8.03 14.27 7.04 2.16 -0.45 -4.61 -0.24 1.63 0.36 -3.10 20.66 29.70 21.99 25.15 26.13 25.30 27.01 24.76 21.30 19.75 9.53 1.52 8.64 -1.29 -2.00 -1.08 0.70 -1.99 0.51 0.52 19.20 21.73 26.85 19.75 22.49 25.86 30.11 29.86 23.33 18.95 10.87 0.53 -1.95 -1.52 -0.78 0.50 -0.79 0.16 0.51 -0.94 21.07 24.47 22.62 24.35 23.76 24.47 26.24 24.51 20.99 20.19 8.54 -0.12 -0.97 0.55 0.17 -1.14 0.08 1.67 -0.39 -1.52 21.69 21.47 22.87 23.84 27.56 30.29 29.97 29.11 20.10 14.10 11.37 0.78 0.36 -1.80 -0.72 -0.77 2.77 0.52 1.29 2.98 23.22 18.73 23.50 25.06 19.80 27.90 27.64 32.29 20.65 14.64 8.00 -2.71 -0.41 1.25 1.39 -0.58 -0.75 -0.51 -1.13 -0.99 22.91 21.47 17.84 25.08 19.38 32.57 27.73 32.78 22.02 14.90 8.54 1.00 -1.43 -2.38 1.11 0.12 1.00 1.32 -2.25 -0.13 0.00 0.00 0.00 24.85 25.55 27.86 26.15 28.35 22.30 13.20 9.93 -0.93 0.94 1.02 -1.29 0.74 -3.19 -0.46 -1.50 1.75 0.00 0.00 0.00 0.00 0.00 30.93 25.67 28.42 24.98 16.77 6.40 -0.14 -0.26 -1.63 -0.15 -0.40 -1.66 2.76 -2.83 -0.63 0.00 0.00 0.00 0.00 0.00 0.00 0.00 31.83 24.31 13.20 7.81 0.93 0.52 -1.46 -0.20 0.92 1.96 1.06 2.55 -1.27 0.00 0.00 0.00 0.00 0.00 0.00 0.00 0.00 22.18 13.36 11.10 1.62 0.90 0.72 2.04 -1.25 0.46 0.28 -3.21 -2.12 0.00 0.00 0.00 0.00 0.00 0.00 0.00 0.00 0.00 16.33 7.62 1.04 0.78 -1.86 1.33 -1.01 -0.82 0.70 -1.19 -2.70 0.00 0.00 0.00 0.00 0.00 0.00 0.00 0.00 0.00 0.00 8.75 -1.37 -0.47 0.28 1.36 1.56 -2.07 3.91 3.25 0.17 0.00 0.00 0.00 0.00 0.00 0.00 0.00 0.00 0.00 0.00 0.00 2.13 -3.04 2.53 1.59 0.59 0.55 1.50 2.32 2.91 0.00 0.00 0.00 0.00 0.00 0.00 0.00 0.00 0.00 0.00 0.00 1.71 -1.20 1.05 -3.64 2.25 -0.31 -2.40 -1.01 -0.01 0.00 0.00 0.00 0.00 0.00 0.00 0.00 0.00 0.00 0.00 0.00 0.00 0.85 -0.26 0.09 -0.38 2.48 3.20 -0.28 0.49 0.00 0.00 0.00 0.00 0.00 0.00 0.00 0.00 0.00 0.00 0.00 0.00 0.00 1.09 2.97 0.18 -1.31 0.93 -0.83 -2.30 0.00 0.00 0.00 0.00 0.00 0.00 0.00 0.00 0.00 0.00 0.00 0.00 0.00 -0.09 -0.23 0.98 -0.51 -0.92 0.11 -0.14 0.00 0.00 0.00 0.00 0.00 0.00 0.00 0.00 0.00 0.00 0.00 0.00 0.00 0.00 2.60 -2.73 -0.73 -0.61 0.45 -0.35 0.00 0.00 0.00 0.00 0.00 0.00 0.00 0.00 0.00 0.00 0.00 0.00 0.00 0.00 0.00 -0.46 -0.33 -1.66 -1.02 1.04 0.00 0.00 0.00 0.00 0.00 0.00 0.00 0.00 0.00 0.00 0.00 0.00 0.00 0.00 0.00 -1.22 -1.34 0.75 -1.10 -1.55 0.00 0.00 0.00 0.00 0.00 0.00 0.00 0.00 0.00 0.00 0.00 0.00 0.00 0.00 0.00 0.00 0.22 -0.93 -1.23 -1.49 0.00 0.00 0.00 0.00 0.00 0.00 0.00 0.00 0.00 0.00 0.00 0.00 0.00 0.00 0.00 0.00 0.10 2.42 1.65 -1.09 0.00 0.00 0.00 0.00 0.00 0.00 0.00 0.00 0.00 0.00 0.00 0.00 0.00 0.00 0.00 0.00 0.00 -0.99 -0.91 -0.62 0.00 0.00 0.00 0.00 0.00 0.00 0.00 0.00 0.00 0.00 0.00 0.00 0.00 0.00 0.00 0.00 0.00 -0.98 -0.23 1.32 0.00 0.00 0.00 0.00 0.00 0.00 0.00 0.00 0.00 0.00 0.00 0.00 0.00 0.00 0.00 0.00 0.00 0.00 0.49 -0.09 0.00 0.00 0.00 0.00 0.00 0.00 0.00 0.00 0.00 0.00 0.00 0.00 0.00 0.00 0.00 0.00 0.00 0.00 0.31 0.19 0.00 0.00 0.00 0.00 0.00 0.00 0.00 0.00 0.00 0.00 0.00 0.00 0.00 0.00 0.00 0.00 0.00 0.00 -0.06 0.35 0.00 0.00 0.00 0.00 0.00 0.00 0.00 0.00 0.00 0.00 0.00 0.00 0.00 0.00 0.00 0.00 0.00 0.00 0.00 0.29 0.00 0.00 0.00 0.00 0.00 0.00 0.00 0.00 0.00 0.00 0.00 0.00 0.00 0.00 0.00 0.00 0.00 0.00 0.00 0.99 0.00 0.00 0.00 0.00 0.00 0.00 0.00 0.00 0.00 0.00 0.00 0.00 0.00 0.00 0.00 0.00 0.00 0.00 0.00 0.00 0.00 0.00 0.00 0.00 0.00 0.00 0.00 0.00 0.00 0.00 0.00 0.00 0.00 0.00 0.00 0.00 0.00 0.00 0.00 0.00 0.00 0.00 0.00 0.00 0.00 0.00 0.00 0.00 0.00 0.00 0.00 0.00 0.00 0.00 0.00 0.00 0.00 0.00 0.00 0.00 0.00 0.00 0.00 0.00 0.00 0.00 0.00 0.00 0.00 0.00 0.00 0.00 0.00 0.00 0.00 0.00 0.00 0.00 0.00 0.00 0.00 0.00 0.00 0.00 0.00 0.00 0.00 0.00 0.00 0.00 0.00 0.00 0.00 0.00 0.00 0.00 0.00 0.00 0.00 0.00 0.00 0.00 0.00 0.00 0.00 0.00 0.00 0.00 0.00 0.00 0.00 0.00 0.00 0.00 0.00 0.00 0.00 0.00 0.00 0.00 0.00 0.00 0.00 0.00 0.00 0.00 0.00 0.00 0.00 0.00 0.00 0.00 0.00 0.00 0.00 0.00 0.00 0.00 0.00 0.00 0.00 0.00 0.00 0.00 0.00 0.00 0.00 0.00 0.00 0.00 0.00 0.00 0.00 0.00 0.00 0.00 0.00 0.00 0.00 0.00 0.00 0.00 0.00 0.00 0.00 0.00 0.00 0.00 0.00 0.00 0.00 0.00 0.00 0.00 0.00 0.00 0.00 0.00 0.00 0.00 0.00 0.00 0.00 0.00 0.00 0.00 0.00 0.00 0.00 0.00 0.00 0.00 0.00 0.00 0.00 0.00 0.00 0.00 0.00 0.00 0.00 0.00 0.00 0.00 0.00 0.00 0.00 0.00 0.00 0.00 0.00 0.00 0.00 0.00 0.00 0.00 0.00 0.00 0.00 0.00 0.00 0.00 0.00 0.00 0.00 0.00 0.00 0.00 0.00 0.00 0.00 0.00 0.00 0.00 0.00 0.00 0.00 0.00 0.00 0.00 0.00 0.00 0.00 0.00 0.00 0.00 0.00 0.00 0.00 0.00 0.00 0.00 0.00 0.00 0.00 0.00 0.00 0.00 0.00 0.00 0.00 0.00 0.00 0.00 0.00 0.00 0.00 0.00 0.00 0.00 0.00 0.00 0.00 0.00 0.00 0.00 0.00 0.00 0.00 0.00 0.00 0.00 0.00 0.00 0.00 0.00 0.00 0.00 0.00 0.00 0.00 0.00 0.00 0.00 0.00 0.00 0.00 0.00 0.00 0.00 0.00 0.00 0.00 0.00 0.00 0.00 0.00 0.00 0.00 0.00 0.00 0.00 0.00 0.00 0.00 0.00 0.00 0.00 0.00 0.00 0.00 0.00 0.00 0.00 0.00 0.00 0.00 0.00 0.00 0.00 0.00 0.00 0.00 0.00 0.00 0.00 0.00 0.00 0.00 0.00 0.00 0.00 0.00 0.00 0.00 0.00 0.00 0.00 0.00 0.00 0.00 0.00 0.00 0.00 0.00 0.00 0.00 0.00 0.00 0.00 0.00 0.00 0.00 0.00 0.00 0.00 0.00 0.00 0.00 0.00 0.00 0.00 0.00 0.00 0.00 0.00 0.00 0.00 0.00 0.00 0.00 0.00 0.00 0.00 0.00 0.00 0.00 0.00 0.00 0.00 0.00 0.00 0.00 0.00 0.00 0.00 0.00 0.00 0.00 0.00 0.00 0.00 0.00 0.00 0.00 0.00 0.00 0.00 0.00 0.00 0.00 0.00 0.00 0.00 0.00 0.00 0.00 0.00 0.00 0.00 0.00 0.00 0.00 0.00 0.00 0.00 0.00 0.00 0.00 0.00 0.00 0.00 0.00 0.00 0.00 0.00 0.00 0.00 0.00 0.00 0.00 0.00 0.00 0.00 0.00 0.00 0.00 0.00 0.00 0.00 0.00 0.00 0.00 0.00 0.00 0.00 0.00 0.00 0.00 0.00 0.00 0.00 0.00 0.00 0.00 0.00 0.00 0.00 0.00 0.00 0.00 0.00 0.00 0.00 0.00 0.00 0.00 0.00 0.00 0.00 0.00 0.00 0.00 0.00 0.00 0.00 0.00 0.00 0.00 0.00 0.00 0.00 0.00 0.00 0.00 0.00 0.00 0.00 0.00 0.00 0.00 0.00 0.00 0.00 0.00 0.00 0.00 0.00 0.00 0.00 0.00 0.00 0.00 0.00 0.00 0.00 0.00 0.00 0.00 0.00 0.00 0.00 0.00 0.00 0.00 0.00 0.00 0.00 0.00 0.00 0.00 0.00 0.00 0.00 0.00 0.00 0.00 0.00 0.00 0.00 0.00 0.00 0.00 0.00 0.00 0.00 0.00 0.00 0.00 0.00 0.00 0.00 0.00 0.00 0.00 0.00 0.00 0.00 0.00 0.00 0.00 0.00 0.00 0.00 0.00 0.00 0.00 0.00 0.00 0.00 0.00 0.00 0.00 0.00 0.00 0.00 0.00 0.00 0.00 0.00 0.00 0.00 0.00 0.00 0.00 0.00 0.00 0.00 0.00 0.00 0.00 0.00 0.00 0.00 0.00 0.00 0.00 0.00 0.00 0.00 0.00 0.00 0.00 0.00 0.00 0.00 0.00 0.00 0.00 0.00 0.00 0.00 0.00 0.00 0.00 0.00 0.00 0.00 0.00 0.00 0.00 0.00 0.00 0.00 0.00 0.00 0.00 0.00 0.00 0.00 0.00 0.00 0.00 0.00 0.00 0.00 0.00 0.00 0.00 0.00 0.00 0.00 0.00 0.00 0.00 0.00 0.00 0.00 0.00 0.00 0.00 0.00 0.00 0.00 0.00 0.00 0.00 0.00 0.00 0.00 0.00 0.00 0.00 0.00 0.00 0.00 0.00 0.00 0.00 0.00 0.00 0.00 0.00 0.00 0.00 0.00 0.00 0.00 0.00 0.00 0.00 0.00 0.00 0.00 0.00 0.00 0.00 0.00 0.00 0.00 0.00 0.00 0.00 0.00 0.00 0.00 0.00 0.00 0.00 0.00 0.00 0.00 0.00 0.00 0.00 0.00 0.00 0.00 0.00 0.00 0.00 0.00 0.00 0.00 0.00 0.00 0.00 0.00 0.00 0.00 0.00 0.00 0.00 0.00 0.00 0.00 0.00 0.00 0.00 0.00 0.00 0.00 0.00 0.00 0.00 0.00 0.00 0.00 0.00 0.00 0.00 0.00 0.00 0.00 0.00 0.00 0.00 0.00 0.00 0.00 0.00 0.00 0.00 0.00 0.00 0.00 0.00 0.00 0.00 0.00 0.00 0.00 0.00 0.00 0.00 0.00 0.00 0.00 0.00 0.00 0.00 0.00 0.00 0.00 0.00 0.00 0.00 0.00 0.00 0.00 0.00 0.00 0.00 0.00 0.00 0.00 0.00 0.00 0.00 0.00 0.00 0.00 0.00 0.00 0.00 0.00 0.00 0.00 0.00 0.00 0.00 0.00 0.00 0.00 0.00 0.00 0.00 0.00 0.00 0.00 0.00 0.00 0.00 0.00 0.00 0.00 0.00 0.00 0.00 0.00 0.00 0.00 0.00 0.00 0.00 0.00 0.00 0.00 0.00 0.00 0.00 0.00 0.00 0.00 0.00 0.00 0.00 0.00 0.00 0.00 0.00 0.00 0.00 0.00 0.00 0.00 0.00 0.00 0.00 0.00 0.00 0.00 0.00 0.00 0.00 0.00 0.00 0.00 0.00 0.00 0.00 0.00 0.00 0.00 0.00 0.00 0.00 0.00 0.00 0.00 0.00 0.00 0.00 0.00 0.00 0.00 0.00 0.00 0.00 0.00 0.00 0.00 0.00 0.00 0.00 0.00 0.00 0.00 0.00 0.00 0.00 0.00 0.00 0.00 0.00 0.00 0.00 0.00 0.00 0.00
rain_type.data=1 1 1 1 1 1 0 0 0 0 0 0 0 0 0 0 0 0 0 0 1 1 1 1 1 1 1 1 0 0 0 0 0 0 0 0 0 0 0 0 1 1 1 1 1 1 1 1 1 1 0 0 0 0 0 0 0 0 0 0 1 1 1 1 1 1 1 1 1 1 1 1 0 0 0 0 0 0 0 0 1 1 1 1 1 1 1 1 1 1 1 1 1 0 0 0 0 0 0 0 1 1 1 1 1 1 1 1 1 1 1 1 1 1 0 0 0 0 0 0 1 1 1 1 1 1 1 1 1 1 1 1 1 1 1 0 0 0 0 0 1 1 1 1 1 1 1 1 1 1 1 1 1 1 1 1 0 0 0 0 1 1 1 1 1 1 1 1 1 1 1 1 1 1 1 1 1 0 0 0 1 1 1 1 1 1 1 1 1 1 1 1 1 1 1 1 1 1 0 0 1 1 1 1 1 1 1 1 1 1 1 1 1 1 1 1 1 1 1 0 1 1 1 1 1 1 1 1 1 1 1 1 1 1 1 1 1 1 1 1 1 1 1 1 1 1 1 1 1 1 1 1 1 1 1 1 1 1 1 1 1 1 1 1 1 1 1 1 1 1 1 1 1 1 1 1 1 1 1 1 1 1 1 1 1 1 1 1 1 1 1 1 1 1 1 1 1 1 1 1 1 1 1 1 1 1 1 1 1 1 1 1 1 1 1 1 1 1 1 1 1 1 1 1 1 1 1 1 1 1 1 1 1 1 1 1 1 1 1 1 1 1 1 1 1 1 1 1 1 1 1 1 1 1 1 1 1 1 1 1 1 1 1 1 1 1 1 1 1 1 1 1 1 1 1 1 1 1 1 1 1 1 1 1 1 1 1 1 1 1 1 1 1 1 1 1 1 1 1 1 1 1 1 1 1 1 1 1 1 1 1 1 1 1 1 1 1 1 1 1 1 1 1 1 1 1 1 1 1 1 1 1 1 1 1 1 1 1 1 1 1 1 1 1 1 1 1 1 1 1 1 1 1 1 1 1 1 1 1 1 1 1 1 1 1 1 1 1 1 1 1 1 1 1 1 1 1 1 1 1 1 1 1 1 1 1 1 1 1 1 1 1 1 1 1 1 1 1 1 1 1 1 1 1 1 1 1 1 1 1 1 1 1 1 1 1 1 1 1 1 1 1 1 1 1 1 1 1 1 1 1 1 1 1 1 1 1 1 1 1 1 1 1 1 1 1 1 1 1 1 1 1 1 1 1 1 1 1 1 1 1 1 1 1 1 1 1 1 1 1 1 1 1 1 1 1 1 1 1 1 1 1 1 1 1 1 1 1 1 1 1 1 1 1 1 1 1 1 1 1 1 1 1 1 1 1 1 1 1 1 1 1 1 1 1 1 1 1 1 1 1 1 1 1 1 1 1 1 1 1 1 1 1 1 1 1 1 1 1 1 1 1 1 1 1 1 1 1 1 1 1 1 1 1 1 1 1 1 1 1 1 1 1 1 1 1 1 1 1 1 1 1 1 1 1 1 1 1 1 1 1 1 1 1 1 1 1 1 1 1 1 1 1 1 1 1 1 1 1 1 1 1 1 1 1 1 1 1 1 1 1 1 1 1 1 1 1 1 1 1 1 1 1 1 1 1 1 1 1 1 1 1 1 1 1 1 1 1 1 1 1 1 1 1 1 1 1 1 1 1 1 1 1 1 1 1 1 1 1 1 1 1 1 1 1 1 1 1 1 1 1 1 1 1 1 1 1 1 1 1 1 1 1 1 1 1 1 1 1 1 1 1 1 1 1 1 1 1 1 1 1 1 1 1 1 1 1 1 1 1 1 1 1 1 1 1 1 1 1 1 1 1 1 1 1 1 1 1 1 1 1 1 1 1 1 1 1 1 1 1 1 1 1 1 1 1 1 1 1 1 1 1 1 1 1 1 1 1 1 1 1 1 1 1 1 1 1 1 1 1 1 1 1 1 1 1 1 1 1 1 1 1 1 1 1 1 1 1 1 1 1 1 1 1 1 1 1 1 1 1 1 1 1 1 1 1 1 1 1 1 1 1 1 1 1 1 1 1 1 1 1 1 1 1 1 1 1 1 1 1 1 1 1 1 1 1 1 1 1 1 1 1 1 1 1 1 1 1 1 1 1 1 1 1 1 1 1 1 1 1 1 1 1 1 1 1 1 1 1 1 1 1 1 1 1 1 1 1 1 1 1 1 1 1 1 1 1 1 1 1 1 1 1 1 1 1 1 1 1 1 1 1 1 1 1 1 1 1 1 1 1 1 1 1 1 1 1 1 1 1 1 1 1 1 1 1 1 1 1 1 1 1 1 1 1 1 1 1 1 1 1 1 1 1 1 1 1 1 1 1 1 1 1 1 1 1 1 1 1 1 1 1 1 1 1 1 1 1 1 1 1 1 1 1 1 1 1 1 1 1 1 1 1 1 1 1 1 1 1 1 1 1 1 1 1 1 1 1 1 1 1 1 1 1 1 1 1 1 1 1 1 1 1 1 1 1 1 1 1 1 1 1 1 1 1 1 1 1 1 1 1 1 1 1 1 1 1 1 1 1 1 1 1 1 1 1 1 1 1 1 1 1 1 1 1 1 1 1 1 1 1 1 1 1 1 1 1 1 1 1 1 1 1 1 1 1 1 1 1 1 1 1 1 1 1 1 1 1 1 1 1 1 1 1 1 1 1 1 1 1 1 1 1 1 1 1 1 1 1 1 1 1 1 1 1 1 1 1 1 1 1 1 1 1 1 1 1 1 1 1 1 1 1 1 1 1 1 1 1 1 1 1 1 1 1 1 1 1 1 1 1 1 1 1 1 1 1 1 1 1 1 1 1 1 1 1 1 1 1 1 1 1 1 1 1 1 1 1 1 1 1 1 1 1 1 1 1 1 1 1 1 1 1 1 1 1 1 1 1 1 1 1 1 1 1 1 1 1 1 1 1 1 1 1 1 1 1 1 1 1 1 1 1 1 1 1 1 1 1 1 1 1 1 1 1 1 1 1 1 1 1 1 1 1 1 1 1 1 1 1 1 1 1 1 1 1 1 1 1 1 1 1 1 1 1 1 1 1 1 1 1 1 1 1 1 1 1 1 1 1 1 1 1 1 1 1 1 1 1 1 1 1 1 1 1 1 1 1 1 1 1 1 1 1 1 1 1 1 1 1 1 1 1 1 1 1 1 1 1 1 1 1 1 1 1 1 1 1 1 1 1 1 1 1 1 1 1 1 1 1 1 1 1 1 1 1 1 1 1 1 1 1 1 1 1 1 1 1 1 1 1 1 1 1 1 1 1 1 1 1 1 1 1 1 1 1 1 1 1 1 1 1 1 1 1 1 1 1 1 1 1 1 1 1 1 1 1 1 1 1 2 2 2 1 1 1 1 1 1 1 1 1 1 1 1 1 1 1 1 1 2 2 2 2 2 2 1 1 1 1 1 1 1 1 1 1 1 1 1 1 2 2 2 2 2 2 2 2 1 1 1 1 1 1 1 1 1 1 1 1 2 2 2 2 2 2 2 2 2 1 1 1 1 1 1 1 1 1 1 1 2 2 2 2 2 2 2 2 2 2 1 1 1 1 1 1 1 1 1 1 2 2 2 2 2 2 2 2 2 2 2 1 1 1 1 1 1 1 1 1 2 2 2 2 2 2 2 2 2 2 2 2 1 1 1 1 1 1 1 1 2 2 2 2 2 2 2 2 2 2 2 2 2 1 1 1 1 1 1 1 2 2 2 2 2 2 2 2 2 2 2 2 2 2 1 1 1 1 1 1 2 2 2 2 2 2 2 2 2 2 2 2 2 2 2 1 1 1 1 1 2 2 2 2 2 2 2 2 2 2 2 2 2 2 2 2 1 1 1 1 2 2 2 2 2 2 2 2 2 2 2 2 2 2 2 2 1 1 1 1 2 2 2 2 2 2 2 2 2 2 2 2 2 2 2 2 2 1 1 1 2 2 2 2 2 2 2 2 2 2 2 2 2 2 2 2 2 2 1 1 2 2 2 2 2 2 2 2 2 2 2 2 2 2 2 2 2 2 1 1 2 2 2 2 2 2 2 2 2 2 2 2 2 2 2 2 2 2 2 1 2 2 2 2 2 2 2 2 2 2 2 2 2 2 2 2 2 2 2 2 2 2 2 2 2 2 2 2 2 2 2 2 2 2 2 2 2 2 2 2 2 2 2 2 2 2 2 2 2 2 2 2 2 2 2 2 2 2 2 2 2 2 2 2 2 2 2 2 2 2 2 2 2 2 2 2 2 2 2 2 2 2 2 2 2 2 2 2 2 2 2 2 2 2 2 2 2 2 2 2 2 2 2 2 2 2 2 2 2 2 2 2 2 2 2 2 2 2 2 2 2 2 2 2 2 2 2 2 2 2 2 2 2 2 2 2 2 2 2 2 2 2 2 2 2 2 2 2 2 2 2 2 2 2 2 2 2 2 2 2 2 2 2 2 2 2 2 2 2 2 2 2 2 2 2 2 2 2 2 2 2 2 2 2 2 2 2 2 2 2 2 2 2 2 2 2 2 2 2 2 2 2 2 2 2 2 2 2 2 2 2 2 2 2 2 2 2 2 2 2 2 2 2 2 2 2 2 2 2 2 2 2 2 2 2 2 2 2 2 2 2 2 2 2 2 2 2 2 2 2 2 2 2 2 2 2 2 2 2 2 2 2 2 2 2 2 2 2 2 2 2 2 2 2 2 2 2 2 2 2 2 2 2 2 2 2 2 2 2 2 2 2 2 2 2 2 2 2 2 2 2 2 2 2 2 2 2 2 2 2 2 2 2 2 2 2 2 2 2 2 2 2 2 2 2 2 2 2 2 2 2 2 2 2 2 2 2 2 2 2 2 2 2 2 2 2 2 2 2 2 2 2 2 2 2 2 2 2 2 2 2 2 2 2 2 2 2 2 2 2 2 2 2 2 2 2 2 2 2 2 2 2 2 2 2 2 2 2 2 2 2 2 2 2 2 2 2 2 2 2 2 2 2 2 2 2 2 2 2 2 2 2 2 2 2 2 2 2 2 2 2 2 2 2 2 2 2 2 2 2 2 2 2 2 2 2 2 2 2 2 2 2 2 2 2 2 2 2 2 2 2 2 2 2 2 2 2 2 2 2 2 2 2 2 2 2 2 2 2 2 2 2 2 2 2 2 2 2 2 2 2 2 2 2 2 2 2 2 2 2 2 2 2 2 2 2 2 2 2 2 2 2 2 2 2 2 2 2 2 2 2 2 2 2 2 2 2 2 2 2 2 2 2 2 2 2 2 2 2 2 2 2 2 2 2 2 2 2 2 2 2 2 2 2 2 2 2 2 2 2 2 2 2 2 2 2 2 2 2 2 2 2 2 2 2 2 2 2 2 2 2 2 2 2 2 2 2 2 2 2 2 2 2 2 2 2 2 2 2 2 2 2 2 2 2 2 2 2 2 2 2 2 2 2 2 2 2 2 2 2 2 2 2 2 2 2 2 2 2 2 2 2 2 2 2 2 2 2 2 2 2 2 2 2 2 2 2 2 2 2 2 2 2 2 2 2 2 2 2 2 2 2 2 2 2 2 2 2 2 2 2 2 2 2 2 2 2 2 2 2 2 2 2 2 2 2 2 2 2 2 2 2 2 2 2 2 2 2 2 2 2 2 2 2 2 2 2 2 2 2 2 2 2 2 2 2 2 2 2 2 2 2 2 2 2 2 2 2 2 2 2 2 2 2 2 2 2 2 2 2 2 2 2 2 2 2 2 2 2 2 2 2 2 2 2 2 2 2 2 2 2 2 2 2 2 2 2 2 2 2 2 2 2 2 2 2 2 2 2 2 2 2 2 2 2 2 2 2 2 2 2 2 2 2 2 2 2 2 2 2 2 2 2 2 2 2 2 2 2 2 2 2 2 2 2 2 2 2 2 2 2 2 2 2 2 2 2 2 2 2 2 2 2 2 2 2 2 2 2 2 2 2 2 2 2 2 2 2 2 2 2 2 2 2 2 2 2 2 2 2 2 2 2 2 2 2 2 2 2 2 2 2 2 2 2 2 2 2 2 2 2 2 2 2 2 2 2 2 2 2 2 2 2 2 2 2 2 2 2 2 2 2 2 2 2 2 2 2 2 2 2 2 2 2 2 2 2 2 2 2 2 2 2 2 2 2 2 2 2 2 2 2 2 2 2 2 2 2 2 2 2 2 2 2 2 2 2 2 2 2 2 2 2 2 2 2 2 2 2 2 2 2 2 2 2 2 2 2 2 2 2 2 2 2 2 2 2 2 2 2 2 2 2 2 2 2 2 2 2 2 2 2 2 2 2 2 2 2 2 2 2 2 2 2 2 2 2 2 2 2 2 2 2 2 2 2 2 2 2 2 2 2 2 2 2 2 2 2 2 2 2 2 2 2 2 2 2 2 2 2 2 2 2 2 2 2 2 2 2 2 2 2 2 2 2 2 2 2 2 2 2 2 2 2 2 2 2 2 2 2 2 2 2 2 2 2 2 2 2 2 2 2 2 2 2 2 2 2 2 2 2 2 2 2 2 2 2 2 2 2 2 2 2 2 2 2 2 2 2 2 2 2 2 2 2 2 2 2 2 2 2 2 2 2 2 2 2 2 2 2 2 2 2 2 2 2 2 2 2 2 2 2 2 2 2 2 2 2 2 2 2 2 2 2 2 2 2 2 2 2 2 2 2 2 2 2 2 2 2 2 2 2 2 2 2 2 2 2 2 2 2 2 2 2 2 2 2 2 2 2 2 2 2 2 2 2 2 2 2 2 2 2 2 2 2 2 2 2 2 2 2 2 2 2 2 2 2 2 2 2 2 2 2 2 2 2 2 2 2 2 2 2 2 2 2 2 2 2 2 2 2 2 2 2 2 2 2 2 2 2 2 2 2 2 2 2 2 2 2 2 2 2 2 2 2 2 2 2 2 2 2 2 2 2 2 2 2 2 2 2 2 2 2 2 2 2 2 2 2 2 2 2 2 2 2 2 2 2 2 2 2 2 2 2 2 2 2 2 2 2 2 2 2 2 2 2 2 2 2 2 2 2 2 2 2 2 2 2 2 2 2 2 2 2 2 2 2 2 2 2 2 2 2 2 2 2 2 2 2 2 2 2 2 2 2 2 2 2 2 2 2 2 2 2 2 2 2 2 2 2 2 2 2 2 2 2 2 2 2 2 2 2 2 2 2 2 2 2 2 2 2 2 2 2 2 2 2 2 2 2 2 2 2 2 2 2 2 2 2 2 2 2 2 2 2 2 2 2 2 2 2 2 2 2 2 2 2 2 2 2 2 2 2 2 2 2 2 2 2 2 2 2 2 2 2 2 2 2 2 2 2 2 2 2 2 2 2 2 2 2 2 2 2 2 2 2 2 2 2 2 2 2 2 2 2 2 2 2 2 2 2 2 2 2 2 2 2 2 2 2 2 2 2 2 2 2 2 2 2 2 2 2 2 2 2 2 2 2 2 2 2 2 2 2 2 2 2 2 2 2 2 2 2 2 2 2 2 2 2 2 2 2 2 2 2 2 2 2 2 2 2 2 2 2 2 2 2 2 2 2 2 2 2 2 2 2 2 2 2 2 2 2 2 2 2 2 2 2 2 2 2 2 2 2 2 2 2 2 2 2 2 2 2 2 2 2 2 2 2 2 2 2 2 2 2 2 2 2 2 2 2 2 2 2 2 2 2 2 2 2 2 2 2 2 2 2 2 2 2 2 2 2 2 2 2 2 2 2 2 2 2 2 2 2 2 2 2 2 2 2 2 2 2 2 2 2 2 2 2 2 2 2 2 2 2 2 2 2 2 2 2 2 2 2 2 2 2 2 2 2 2 2 2 2 2 2 2 2 2 2 2 2 2 2 2 2 2 2 2 2 1 1 1 1 2 2 2 2 2 2 2 2 2 2 2 2 2 2 2 2 1 1 1 1 1 1 2 2 2 2 2 2 2 2 2 2 2 2 2 2 1 1 1 1 1 1 1 2 2 2 2 2 2 2 2 2 2 2 2 2 1 1 1 1 1 1 1 1 1 2 2 2 2 2 2 2 2 2 2 2 1 1 1 1 1 1 1 1 1 1 2 2 2 2 2 2 2 2 2 2 1 1 1 1 1 1 1 1 1 1 2 2 2 2 2 2 2 2 2 2 1 1 1 1 1 1 1 1 1 1 1 2 2 2 2 2 2 2 2 2 1 1 1 1 1 1 1 1 1 1 1 1 2 2 2 2 2 2 2 2 1 1 1 1 1 1 1 1 1 1 1 1 1 2 2 2 2 2 2 2 1 1 1 1 1 1 1 1 1 1 1 1 1 2 2 2 2 2 2 2 1 1 1 1 1 1 1 1 1 1 1 1 1 1 2 2 2 2 2 2 1 1 1 1 1 1 1 1 1 1 1 1 1 1 1 2 2 2 2 2 1 1 1 1 1 1 1 1 1 1 1 1 1 1 1 2 2 2 2 2 0 0 0 1 1 1 1 1 1 1 1 1 1 1 1 1 2 2 2 2 0 0 0 0 0 1 1 1 1 1 1 1 1 1 1 1 2 2 2 2 0 0 0 0 0 0 0 1 1 1 1 1 1 1 1 1 1 2 2 2 0 0 0 0 0 0 0 0 1 1 1 1 1 1 1 1 1 2 2 2 0 0 0 0 0 0 0 0 0 1 1 1 1 1 1 1 1 1 2 2 0 0 0 0 0 0 0 0 0 0 1 1 1 1 1 1 1 1 2 2 0 0 0 0 0 0 0 0 0 0 0 1 1 1 1 1 1 1 1 2 0 0 0 0 0 0 0 0 0 0 0 1 1 1 1 1 1 1 1 2 0 0 0 0 0 0 0 0 0 0 0 0 1 1 1 1 1 1 1 2 0 0 0 0 0 0 0 0 0 0 0 0 0 1 1 1 1 1 1 1 0 0 0 0 0 0 0 0 0 0 0 0 0 1 1 1 1 1 1 1 0 0 0 0 0 0 0 0 0 0 0 0 0 0 1 1 1 1 1 1 0 0 0 0 0 0 0 0 0 0 0 0 0 0 0 1 1 1 1 1 0 0 0 0 0 0 0 0 0 0 0 0 0 0 0 1 1 1 1 1 0 0 0 0 0 0 0 0 0 0 0 0 0 0 0 0 1 1 1 1 0 0 0 0 0 0 0 0 0 0 0 0 0 0 0 0 1 1 1 1 0 0 0 0 0 0 0 0 0 0 0 0 0 0 0 0 0 1 1 1 0 0 0 0 0 0 0 0 0 0 0 0 0 0 0 0 0 1 1 1 0 0 0 0 0 0 0 0 0 0 0 0 0 0 0 0 0 0 1 1 0 0 0 0 0 0 0 0 0 0 0 0 0 0 0 0 0 0 1 1 0 0 0 0 0 0 0 0 0 0 0 0 0 0 0 0 0 0 1 1 0 0 0 0 0 0 0 0 0 0 0 0 0 0 0 0 0 0 0 1 0 0 0 0 0 0 0 0 0 0 0 0 0 0 0 0 0 0 0 1 0 0 0 0 0 0 0 0 0 0 0 0 0 0 0 0 0 0 0 0 0 0 0 0 0 0 0 0 0 0 0 0 0 0 0 0 0 0 0 0 0 0 0 0 0 0 0 0 0 0 0 0 0 0 0 0 0 0 0 0 0 0 0 0 0 0 0 0 0 0 0 0 0 0 0 0 0 0 0 0 0 0 0 0 0 0 0 0 0 0 0 0 0 0 0 0 0 0 0 0 0 0 0 0 0 0 0 0 0 0 0 0 0 0 0 0 0 0 0 0 0 0 0 0 0 0 0 0 0 0 0 0 0 0 0 0 0 0 0 0 0 0 0 0 0 0 0 0 0 0 0 0 0 0 0 0 0 0 0 0 0 0 0 0 0 0 0 0 0 0 0 0 0 0 0 0 0 0 0 0 0 0 0 0 0 0 0 0 0 0 0 0 0 0 0 0 0 0 0 0 0 0 0 0 0 0 0 0 0 0 0 0 0 0 0 0 0 0 0 0 0 0 0 0 0 0 0 0 0 0 0 0 0 0 0 0 0 0 0 0 0 0 0 0 0 0 0 0 0 0 0 0 0 0 0 0 0 0 0 0 0 0 0 0 0 0 0 0 0 0 0 0 0 0 0 0 0 0 0 0 0 0 0 0 0 0 0 0 0 0 0 0 0 0 0 0 0 0 0 0 0 0 0 0 0 0 0 0 0 0 0 0 0 0 0 0 0 0 0 0 0 0 0 0 0 0 0 0 0 0 0 0 0 0 0 0 0 0 0 0 0 0 0 0 0 0 0 0 0 0 0 0 0 0 0 0 0 0 0 0 0 0 0 0 0 0 0 0 0 0 0 0 0 0 0 0 0 0 0 0 0 0 0 0 0 0 0 0 0 0 0 0 0 0 0 0 0 0 0 0 0 0 0 0 0 0 0 0 0 0 0 0 0 0 0 0 0 0 0 0 0 0 0 0 0 0 0 0 0 0 0 0 0 0 0 0 0 0 0 0 0 0 0 0 0 0 0 0 0 0 0 0 0 0 0 0 0 0 0 0 0 0 0 0 0 0 0 0 0 0 0 0 0 0 0 0 0 0 0 0 0 0 0 0 0 0 0 0 0 0 0 0 0 0 0 0 0 0 0 0 0 0 0 0 0 0 0 0 0 0 0 0 0 0 0 0 0 0 0 0 0 0 0 0 0 0 0 0 0 0 0 0 0 0 0 0 0 0 0 0 0 0 0 0 0 0 0 0 0 0 0 0 0 0 0 0 0 0 0 0 0 0 0 0 0 0 0 0 0 0 0 0 0 0 0 0 0 0 0 0 0 0 0 0 0 0 0 0 0 0 0 0 0 0 0 0 0 0 0 0 0 0 0 0 0 0 0 0 0 0 0 0 0 0 0 0 0 0 0 0 0 0 0 0 0 0 0 0 0 0 0 0 0 0 0 0 0 0 0 0 0 0 0 0 0 0 0 0 0 0 0 0 0 0 0 0 0 0 0 0 0 0 0 0 0 0 0 0 0 0 0 0 0 0 0 0 0 0 0 0 0 0 0 0 0 0 0 0 0 0 0 0 0 0 0 0 0 0 0 0 0 0 0 0 0 0 0 0 0 0 0 0 0 0 0 0 0 0 0 0 0 0 0 0 0 0 0 0 0 0 0 0 0 0 0 0 0 0 0 0 0 0 0 0 0 0 0 0 0 0 0 0 0 0 0 0 0 0 0 0 0 0 0 0 0 0 0 0 0 0 0 0 0 0 0 0 0 0 0 0 0 0 0 0 0 0 0 0 0 0 0 0 0 0 0 0 0 0 0 0 0 0 0 0 0 0 0 0 0 0 0 0 0 0 0 0 0 0 0 0 0 0 0 0 0 0 0 0 0 0 0 0 0 0 0 0 0 0 0 0 0 0 0 0 0 0 0 0 0 0 0 0 0 0 0 0 0 0 0 0 0 0 0 0 0 0 0 0 0 0 0 0 0 0 0 0 0 0 0 0 0 0 0 0 0 0 0 0 0 0 0 0 0 0 0 0 0 0 0 0
estimated_attenuation.size=5120
estimated_attenuation.data=0.00 0.00 0.00 0.00 0.00 0.00 0.00 0.00 0.00 0.00 0.00 0.00 0.00 0.00 0.00 0.00 0.00 0.00 0.00 0.00 0.00 0.00 0.00 0.00 0.00 0.00 0.00 0.00 0.00 0.00 0.00 0.00 0.00 0.00 0.00 0.00 0.00 0.00 0.00 0.00 0.00 0.00 0.00 0.01 0.00 0.01 0.01 0.01 0.01 0.01 0.00 0.00 0.00 0.00 0.00 0.00 0.00 0.00 0.00 0.00 0.01 0.00 0.00 0.01 0.01 0.01 0.01 0.01 0.01 0.01 0.00 0.00 0.00 0.00 0.00 0.00 0.00 0.00 0.00 0.00 0.01 0.01 0.01 0.01 0.01 0.01 0.02 0.02 0.01 0.02 0.00 0.00 0.00 0.00 0.00 0.00 0.00 0.00 0.00 0.00 0.01 0.01 0.01 0.01 0.01 0.01 0.02 0.03 0.02 0.02 0.00 0.00 0.00 0.00 0.00 0.00 0.00 0.00 0.00 0.00 0.01 0.01 0.01 0.01 0.01 0.02 0.02 0.03 0.03 0.03 0.00 0.00 0.00 0.00 0.00 0.00 0.00 0.00 0.00 0.00 0.01 0.01 0.01 0.01 0.02 0.02 0.03 0.03 0.04 0.03 0.00 0.00 0.00 0.00 0.00 0.00 0.00 0.00 0.00 0.00 0.01 0.01 0.01 0.01 0.02 0.02 0.03 0.04 0.04 0.05 0.00 0.00 0.00 0.00 0.00 0.00 0.00 0.00 0.00 0.00 0.01 0.01 0.01 0.02 0.02 0.03 0.03 0.04 0.05 0.06 0.00 0.00 0.00 0.00 0.00 0.00 0.00 0.00 0.00 0.00 0.01 0.02 0.01 0.02 0.02 0.03 0.04 0.04 0.05 0.06 0.00 0.00 0.00 0.00 0.00 0.00 0.00 0.00 0.00 0.00 0.02 0.02 0.02 0.02 0.03 0.03 0.04 0.05 0.06 0.07 0.00 0.00 0.00 0.00 0.00 0.00 0.00 0.00 0.00 0.00 0.02 0.02 0.02 0.02 0.03 0.04 0.04 0.05 0.06 0.08 0.00 0.00 0.00 0.00 0.00 0.00 0.00 0.00 0.00 0.00 0.02 0.02 0.02 0.03 0.03 0.04 0.05 0.05 0.07 0.11 0.00 0.00 0.00 0.00 0.00 0.00 0.00 0.00 0.00 0.00 0.02 0.02 0.02 0.03 0.04 0.05 0.05 0.05 0.07 0.12 0.00 0.00 0.00 0.00 0.00 0.00 0.00 0.00 0.00 0.00 0.02 0.02 0.02 0.03 0.04 0.05 0.05 0.06 0.07 0.14 0.00 0.00 0.00 0.00 0.00 0.00 0.00 0.00 0.00 0.00 0.02 0.02 0.03 0.03 0.04 0.05 0.06 0.07 0.08 0.18 0.00 0.00 0.00 0.00 0.00 0.00 0.00 0.00 0.00 0.00 0.02 0.02 0.03 0.03 0.04 0.05 0.07 0.07 0.09 0.20 0.00 0.00 0.00 0.00 0.00 0.00 0.00 0.00 0.00 0.00 0.03 0.02 0.03 0.03 0.05 0.06 0.07 0.07 0.09 0.22 0.00 0.00 0.00 0.00 0.00 0.00 0.00 0.00 0.00 0.00 0.03 0.02 0.03 0.03 0.05 0.06 0.08 0.08 0.10 0.26 0.00 0.00 0.00 0.00 0.00 0.00 0.00 0.00 0.00 0.00 0.03 0.03 0.03 0.04 0.05 0.06 0.08 0.08 0.11 0.28 0.00 0.00 0.00 0.00 0.00 0.00 0.00 0.00 0.00 0.00 0.03 0.03 0.03 0.04 0.05 0.06 0.08 0.09 0.11 0.33 0.00 0.00 0.00 0.00 0.00 0.00 0.00 0.00 0.00 0.00 0.03 0.03 0.04 0.04 0.06 0.07 0.09 0.09 0.12 0.39 0.00 0.00 0.00 0.00 0.00 0.00 0.00 0.00 0.00 0.00 0.03 0.03 0.04 0.04 0.06 0.07 0.09 0.10 0.13 0.39 0.00 0.00 0.00 0.00 0.00 0.00 0.00 0.00 0.00 0.00 0.04 0.03 0.04 0.04 0.06 0.07 0.09 0.10 0.14 0.39 0.00 0.00 0.00 0.00 0.00 0.00 0.00 0.00 0.00 0.00 0.04 0.03 0.04 0.05 0.06 0.08 0.09 0.10 0.15 0.39 0.00 0.00 0.00 0.00 0.00 0.00 0.00 0.00 0.00 0.00 0.04 0.03 0.04 0.05 0.07 0.08 0.10 0.11 0.15 0.39 0.00 0.00 0.00 0.00 0.00 0.00 0.00 0.00 0.00 0.00 0.04 0.03 0.04 0.05 0.07 0.08 0.10 0.12 0.16 0.39 0.00 0.00 0.00 0.00 0.00 0.00 0.00 0.00 0.00 0.00 0.04 0.04 0.05 0.05 0.07 0.08 0.10 0.12 0.17 0.39 0.00 0.00 0.00 0.00 0.00 0.00 0.00 0.00 0.00 0.00 0.05 0.04 0.05 0.05 0.08 0.09 0.11 0.13 0.17 0.39 0.00 0.00 0.00 0.00 0.00 0.00 0.00 0.00 0.00 0.00 0.05 0.04 0.05 0.06 0.08 0.10 0.11 0.13 0.19 0.39 0.00 0.00 0.00 0.00 0.00 0.00 0.00 0.00 0.00 0.00 0.05 0.04 0.05 0.06 0.08 0.10 0.11 0.14 0.20 0.39 0.00 0.00 0.00 0.00 0.00 0.00 0.00 0.00 0.00 0.00 0.05 0.04 0.05 0.06 0.08 0.10 0.12 0.14 0.21 0.39 0.00 0.00 0.00 0.00 0.00 0.00 0.00 0.00 0.00 0.00 0.05 0.04 0.05 0.06 0.09 0.11 0.12 0.15 0.21 0.39 0.00 0.00 0.00 0.00 0.00 0.00 0.00 0.00 0.00 0.00 0.05 0.04 0.06 0.06 0.09 0.11 0.13 0.15 0.23 0.39 0.00 0.00 0.00 0.00 0.00 0.00 0.00 0.00 0.00 0.00 0.05 0.04 0.06 0.07 0.09 0.11 0.13 0.15 0.24 0.39 0.00 0.00 0.00 0.00 0.00 0.00 0.00 0.00 0.00 0.00 0.05 0.05 0.06 0.07 0.10 0.12 0.13 0.16 0.25 0.39 0.00 0.00 0.00 0.00 0.00 0.00 0.00 0.00 0.00 0.00 0.06 0.05 0.06 0.07 0.10 0.12 0.14 0.17 0.26 0.39 0.00 0.00 0.00 0.00 0.00 0.00 0.00 0.00 0.00 0.00 0.06 0.05 0.06 0.07 0.10 0.13 0.14 0.18 0.30 0.39 0.00 0.00 0.00 0.00 0.00 0.00 0.00 0.00 0.00 0.00 0.06 0.05 0.06 0.07 0.11 0.13 0.14 0.18 0.32 0.39 0.00 0.00 0.00 0.00 0.00 0.00 0.00 0.00 0.00 0.00 0.06 0.05 0.07 0.08 0.11 0.13 0.15 0.18 0.35 0.39 0.00 0.00 0.00 0.00 0.00 0.00 0.00 0.00 0.00 0.00 0.06 0.05 0.07 0.08 0.11 0.13 0.15 0.19 0.37 0.39 0.00 0.00 0.00 0.00 0.00 0.00 0.00 0.00 0.00 0.00 0.06 0.06 0.07 0.08 0.11 0.14 0.16 0.20 0.39 0.39 0.00 0.00 0.00 0.00 0.00 0.00 0.00 0.00 0.00 0.00 0.06 0.06 0.07 0.08 0.12 0.14 0.16 0.20 0.44 0.39 0.00 0.00 0.00 0.00 0.00 0.00 0.00 0.00 0.00 0.00 0.07 0.06 0.07 0.09 0.12 0.14 0.16 0.21 0.45 0.39 0.00 0.00 0.00 0.00 0.00 0.00 0.00 0.00 0.00 0.00 0.07 0.06 0.07 0.09 0.12 0.14 0.17 0.22 0.47 0.39 0.00 0.00 0.00 0.00 0.00 0.00 0.00 0.00 0.00 0.00 0.07 0.06 0.07 0.09 0.12 0.15 0.18 0.22 0.50 0.39 0.00 0.00 0.00 0.00 0.00 0.00 0.00 0.00 0.00 0.00 0.07 0.06 0.08 0.09 0.13 0.16 0.18 0.23 0.51 0.39 0.00 0.00 0.00 0.00 0.00 0.00 0.00 0.00 0.00 0.00 0.07 0.06 0.08 0.09 0.13 0.16 0.18 0.23 0.62 0.39 0.00 0.00 0.00 0.00 0.00 0.00 0.00 0.00 0.00 0.00 0.07 0.06 0.08 0.10 0.14 0.16 0.19 0.24 0.66 0.39 0.00 0.00 0.00 0.00 0.00 0.00 0.00 0.00 0.00 0.00 0.07 0.07 0.08 0.10 0.14 0.16 0.19 0.24 0.66 0.39 0.00 0.00 0.00 0.00 0.00 0.00 0.00 0.00 0.00 0.00 0.07 0.07 0.08 0.10 0.15 0.17 0.20 0.25 0.66 0.39 0.00 0.00 0.00 0.00 0.00 0.00 0.00 0.00 0.00 0.00 0.08 0.07 0.08 0.10 0.15 0.17 0.20 0.26 0.66 0.39 0.00 0.00 0.00 0.00 0.00 0.00 0.00 0.00 0.00 0.00 0.08 0.07 0.08 0.10 0.15 0.17 0.21 0.26 0.66 0.39 0.00 0.00 0.00 0.00 0.00 0.00 0.00 0.00 0.00 0.00 0.08 0.07 0.09 0.11 0.15 0.17 0.22 0.26 0.66 0.39 0.00 0.00 0.00 0.00 0.00 0.00 0.00 0.00 0.00 0.00 0.08 0.07 0.09 0.11 0.15 0.18 0.22 0.27 0.66 0.39 0.00 0.00 0.00 0.00 0.00 0.00 0.00 0.00 0.00 0.00 0.08 0.07 0.09 0.11 0.16 0.18 0.23 0.28 0.66 0.39 0.00 0.00 0.00 0.00 0.00 0.00 0.00 0.00 0.00 0.00 0.08 0.08 0.09 0.11 0.16 0.18 0.23 0.28 0.66 0.39 0.00 0.00 0.00 0.00 0.00 0.00 0.00 0.00 0.00 0.00 0.08 0.08 0.09 0.11 0.16 0.19 0.24 0.29 0.66 0.39 0.00 0.00 0.00 0.00 0.00 0.00 0.00 0.00 0.00 0.00 0.08 0.08 0.10 0.12 0.16 0.20 0.24 0.29 0.66 0.39 0.00 0.00 0.00 0.00 0.00 0.00 0.00 0.00 0.00 0.00 0.09 0.08 0.10 0.12 0.17 0.20 0.24 0.31 0.66 0.39 0.00 0.00 0.00 0.00 0.00 0.00 0.00 0.00 0.00 0.00 0.09 0.08 0.10 0.12 0.17 0.21 0.25 0.32 0.66 0.39 0.00 0.00 0.00 0.00 0.00 0.00 0.00 0.00 0.00 0.00 0.09 0.08 0.10 0.12 0.18 0.21 0.25 0.32 0.66 0.39 0.00 0.00 0.00 0.00 0.00 0.00 0.00 0.00 0.00 0.00 0.09 0.08 0.10 0.12 0.18 0.21 0.25 0.33 0.66 0.39 0.00 0.00 0.00 0.00 0.00 0.00 0.00 0.00 0.00 0.00 0.09 0.09 0.10 0.13 0.18 0.22 0.25 0.34 0.66 0.39 0.00 0.00 0.00 0.00 0.00 0.00 0.00 0.00 0.00 0.00 0.09 0.09 0.10 0.13 0.18 0.22 0.26 0.35 0.66 0.39 0.00 0.00 0.00 0.00 0.00 0.00 0.00 0.00 0.00 0.00 0.09 0.09 0.10 0.13 0.19 0.23 0.27 0.36 0.66 0.39 0.00 0.00 0.00 0.00 0.00 0.00 0.00 0.00 0.00 0.00 0.09 0.09 0.11 0.13 0.19 0.23 0.27 0.37 0.66 0.39 0.00 0.00 0.00 0.00 0.00 0.00 0.00 0.00 0.00 0.00 0.10 0.09 0.11 0.13 0.19 0.23 0.28 0.39 0.66 0.39 0.00 0.00 0.00 0.00 0.00 0.00 0.00 0.00 0.00 0.00 0.10 0.09 0.11 0.14 0.19 0.23 0.28 0.41 0.66 0.39 0.00 0.00 0.00 0.00 0.00 0.00 0.00 0.00 0.00 0.00 0.10 0.09 0.11 0.14 0.20 0.24 0.29 0.42 0.66 0.39 0.00 0.00 0.00 0.00 0.00 0.00 0.00 0.00 0.00 0.00 0.10 0.10 0.11 0.14 0.20 0.24 0.29 0.44 0.66 0.39 0.00 0.00 0.00 0.00 0.00 0.00 0.00 0.00 0.00 0.00 0.10 0.10 0.11 0.14 0.20 0.25 0.30 0.44 0.66 0.39 0.00 0.00 0.00 0.00 0.00 0.00 0.00 0.00 0.00 0.00 0.10 0.10 0.12 0.14 0.20 0.25 0.31 0.47 0.66 0.39 0.00 0.00 0.00 0.00 0.00 0.00 0.00 0.00 0.00 0.00 0.10 0.10 0.12 0.15 0.21 0.26 0.31 0.48 0.66 0.39 0.00 0.00 0.00 0.00 0.00 0.00 0.00 0.00 0.00 0.00 0.12 0.12 0.13 0.15 0.21 0.27 0.32 0.49 0.66 0.39 0.00 0.00 0.00 0.00 0.00 0.00 0.00 0.00 0.00 0.00 0.16 0.17 0.16 0.19 0.25 0.40 0.32 0.52 0.66 0.39 0.00 0.00 0.00 0.00 0.00 0.00 0.00 0.00 0.00 0.00 0.17 0.19 0.17 0.22 0.27 0.44 0.36 0.58 0.66 0.39 0.00 0.00 0.00 0.00 0.00 0.00 0.00 0.00 0.00 0.00 0.19 0.21 0.19 0.24 0.31 0.46 0.46 0.62 0.66 0.39 0.00 0.00 0.00 0.00 0.00 0.00 0.00 0.00 0.00 0.00 0.22 0.29 0.21 0.26 0.35 0.50 0.52 0.68 0.66 0.39 0.00 0.00 0.00 0.00 0.00 0.00 0.00 0.00 0.00 0.00 0.25 0.30 0.22 0.28 0.38 0.67 0.55 0.71 0.66 0.39 0.00 0.00 0.00 0.00 0.00 0.00 0.00 0.00 0.00 0.00 0.26 0.31 0.27 0.32 0.38 0.72 0.63 0.76 0.66 0.39 0.00 0.00 0.00 0.00 0.00 0.00 0.00 0.00 0.00 0.00 0.27 0.32 0.29 0.35 0.41 0.76 0.69 0.91 0.66 0.39 0.00 0.00 0.00 0.00 0.00 0.00 0.00 0.00 0.00 0.00 0.28 0.34 0.33 0.41 0.44 0.85 0.79 1.10 0.66 0.39 0.00 0.00 0.00 0.00 0.00 0.00 0.00 0.00 0.00 0.00 0.32 0.36 0.36 0.45 0.57 0.88 0.85 1.20 0.66 0.39 0.00 0.00 0.00 0.00 0.00 0.00 0.00 0.00 0.00 0.00 0.35 0.38 0.40 0.46 0.63 0.93 0.94 1.24 0.66 0.39 0.00 0.00 0.00 0.00 0.00 0.00 0.00 0.00 0.00 0.00 0.37 0.40 0.41 0.51 0.66 0.97 0.96 1.32 0.66 0.39 0.00 0.00 0.00 0.00 0.00 0.00 0.00 0.00 0.00 0.00 0.38 0.42 0.45 0.53 0.67 1.02 1.01 1.39 0.66 0.39 0.00 0.00 0.00 0.00 0.00 0.00 0.00 0.00 0.00 0.00 0.42 0.43 0.47 0.55 0.71 1.03 1.06 1.44 0.66 0.39 0.00 0.00 0.00 0.00 0.00 0.00 0.00 0.00 0.00 0.00 0.44 0.44 0.49 0.58 0.74 1.07 1.18 1.51 0.66 0.39 0.00 0.00 0.00 0.00 0.00 0.00 0.00 0.00 0.00 0.00 0.48 0.47 0.50 0.62 0.78 1.12 1.21 1.65 0.66 0.39 0.00 0.00 0.00 0.00 0.00 0.00 0.00 0.00 0.00 0.00 0.50 0.47 0.54 0.64 0.80 1.15 1.33 1.72 0.66 0.39 0.00 0.00 0.00 0.00 0.00 0.00 0.00 0.00 0.00 0.00 0.51 0.52 0.57 0.67 0.82 1.19 1.42 1.77 0.66 0.39 0.00 0.00 0.00 0.00 0.00 0.00 0.00 0.00 0.00 0.00 0.56 0.54 0.63 0.71 0.84 1.26 1.47 1.77 0.66 0.39 0.00 0.00 0.00 0.00 0.00 0.00 0.00 0.00 0.00 0.00 0.61 0.54 0.65 0.76 0.86 1.29 1.49 1.77 0.66 0.39 0.00 0.00 0.00 0.00 0.00 0.00 0.00 0.00 0.00 0.00 0.63 0.56 0.68 0.77 0.90 1.37 1.55 1.77 0.66 0.39 0.00 0.00 0.00 0.00 0.00 0.00 0.00 0.00 0.00 0.00 0.65 0.59 0.72 0.81 0.96 1.55 1.60 1.77 0.66 0.39 0.00 0.00 0.00 0.00 0.00 0.00 0.00 0.00 0.00 0.00 0.66 0.59 0.75 0.84 0.98 1.61 1.66 1.77 0.66 0.39 0.00 0.00 0.00 0.00 0.00 0.00 0.00 0.00 0.00 0.00 0.68 0.63 0.80 0.86 1.01 1.65 1.77 1.77 0.66 0.39 0.00 0.00 0.00 0.00 0.00 0.00 0.00 0.00 0.00 0.00 0.69 0.65 0.85 0.87 1.09 1.69 1.84 1.77 0.66 0.39 0.00 0.00 0.00 0.00 0.00 0.00 0.00 0.00 0.00 0.00 0.74 0.66 0.86 0.89 1.18 1.75 1.97 1.77 0.66 0.39 0.00 0.00 0.00 0.00 0.00 0.00 0.00 0.00 0.00 0.00 0.78 0.68 0.88 0.90 1.20 1.78 2.02 1.77 0.66 0.39 0.00 0.00 0.00 0.00 0.00 0.00 0.00 0.00 0.00 0.00 0.80 0.71 0.89 0.91 1.31 1.81 2.06 1.77 0.66 0.39 0.00 0.00 0.00 0.00 0.00 0.00 0.00 0.00 0.00 0.00 0.81 0.73 0.93 0.94 1.33 1.88 2.15 1.77 0.66 0.39 0.00 0.00 0.00 0.00 0.00 0.00 0.00 0.00 0.00 0.00 0.84 0.80 0.95 0.96 1.35 1.97 2.19 1.77 0.66 0.39 0.00 0.00 0.00 0.00 0.00 0.00 0.00 0.00 0.00 0.00 0.86 0.82 1.00 0.98 1.37 2.12 2.24 1.77 0.66 0.39 0.00 0.00 0.00 0.00 0.00 0.00 0.00 0.00 0.00 0.00 0.87 0.83 1.01 1.00 1.40 2.17 2.28 1.77 0.66 0.39 0.00 0.00 0.00 0.00 0.00 0.00 0.00 0.00 0.00 0.00 0.91 0.88 1.02 1.05 1.41 2.24 2.29 1.77 0.66 0.39 0.00 0.00 0.00 0.00 0.00 0.00 0.00 0.00 0.00 0.00 0.94 0.90 1.04 1.17 1.45 2.26 2.32 1.77 0.66 0.39 0.00 0.00 0.00 0.00 0.00 0.00 0.00 0.00 0.00 0.00 0.96 0.92 1.08 1.22 1.48 2.39 2.45 1.77 0.66 0.39 0.00 0.00 0.00 0.00 0.00 0.00 0.00 0.00 0.00 0.00 0.98 0.95 1.10 1.24 1.52 2.42 2.50 1.77 0.66 0.39 0.00 0.00 0.00 0.00 0.00 0.00 0.00 0.00 0.00 0.00 1.00 0.95 1.12 1.27 1.55 2.44 2.56 1.77 0.66 0.39 0.00 0.00 0.00 0.00 0.00 0.00 0.00 0.00 0.00 0.00 1.05 0.99 1.14 1.28 1.58 2.50 2.65 1.77 0.66 0.39 0.00 0.00 0.00 0.00 0.00 0.00 0.00 0.00 0.00 0.00 1.07 1.01 1.16 1.31 1.64 2.59 2.70 1.77 0.66 0.39 0.00 0.00 0.00 0.00 0.00 0.00 0.00 0.00 0.00 0.00 1.08 1.03 1.17 1.38 1.72 2.65 2.73 1.77 0.66 0.39 0.00 0.00 0.00 0.00 0.00 0.00 0.00 0.00 0.00 0.00 1.12 1.05 1.21 1.39 1.84 2.67 2.79 1.77 0.66 0.39 0.00 0.00 0.00 0.00 0.00 0.00 0.00 0.00 0.00 0.00 1.13 1.05 1.24 1.41 1.89 2.82 2.88 1.77 0.66 0.39 0.00 0.00 0.00 0.00 0.00 0.00 0.00 0.00 0.00 0.00 1.15 1.06 1.26 1.44 1.99 2.85 2.98 1.77 0.66 0.39 0.00 0.00 0.00 0.00 0.00 0.00 0.00 0.00 0.00 0.00 1.17 1.08 1.27 1.47 2.03 2.88 3.04 1.77 0.66 0.39 0.00 0.00 0.00 0.00 0.00 0.00 0.00 0.00 0.00 0.00 1.18 1.10 1.34 1.51 2.07 2.91 3.14 1.77 0.66 0.39 0.00 0.00 0.00 0.00 0.00 0.00 0.00 0.00 0.00 0.00 1.21 1.11 1.36 1.52 2.09 2.96 3.19 1.77 0.66 0.39 0.00 0.00 0.00 0.00 0.00 0.00 0.00 0.00 0.00 0.00 1.22 1.12 1.42 1.54 2.14 3.01 3.31 1.77 0.66 0.39 0.00 0.00 0.00 0.00 0.00 0.00 0.00 0.00 0.00 0.00 1.23 1.13 1.44 1.55 2.16 3.16 3.39 1.77 0.66 0.39 0.00 0.00 0.00 0.00 0.00 0.00 0.00 0.00 0.00 0.00 1.27 1.15 1.46 1.59 2.26 3.39 3.45 1.77 0.66 0.39 0.00 0.00 0.00 0.00 0.00 0.00 0.00 0.00 0.00 0.00 1.29 1.16 1.48 1.61 2.30 3.50 3.51 1.77 0.66 0.39 0.00 0.00 0.00 0.00 0.00 0.00 0.00 0.00 0.00 0.00 1.31 1.18 1.51 1.66 2.36 3.59 3.68 1.77 0.66 0.39 0.00 0.00 0.00 0.00 0.00 0.00 0.00 0.00 0.00 0.00 1.38 1.19 1.52 1.70 2.45 3.62 3.75 1.77 0.66 0.39 0.00 0.00 0.00 0.00 0.00 0.00 0.00 0.00 0.00 0.00 1.42 1.21 1.56 1.76 2.70 3.65 3.76 1.77 0.66 0.39 0.00 0.00 0.00 0.00 0.00 0.00 0.00 0.00 0.00 0.00 1.43 1.25 1.63 1.80 2.72 3.68 3.88 1.77 0.66 0.39 0.00 0.00 0.00 0.00 0.00 0.00 0.00 0.00 0.00 0.00 1.43 1.28 1.66 1.82 2.85 3.71 3.94 1.77 0.66 0.39 0.00 0.00 0.00 0.00 0.00 0.00 0.00 0.00 0.00 0.00 1.45 1.32 1.68 1.84 2.94 3.82 4.00 1.77 0.66 0.39 0.00 0.00 0.00 0.00 0.00 0.00 0.00 0.00 0.00 0.00 1.46 1.34 1.71 1.90 2.98 3.86 4.06 1.77 0.66 0.39 0.00 0.00 0.00 0.00 0.00 0.00 0.00 0.00 0.00 0.00 1.47 1.35 1.77 1.92 3.08 3.92 4.12 1.77 0.66 0.39 0.00 0.00 0.00 0.00 0.00 0.00 0.00 0.00 0.00 0.00 1.49 1.37 1.78 1.94 3.12 3.98 4.16 1.77 0.66 0.39 0.00 0.00 0.00 0.00 0.00 0.00 0.00 0.00 0.00 0.00 1.52 1.39 1.81 1.98 3.16 4.01 4.29 1.77 0.66 0.39 0.00 0.00 0.00 0.00 0.00 0.00 0.00 0.00 0.00 0.00 1.54 1.40 1.82 2.01 3.18 4.09 4.32 1.77 0.66 0.39 0.00 0.00 0.00 0.00 0.00 0.00 0.00 0.00 0.00 0.00 1.55 1.43 1.85 2.06 3.25 4.11 4.35 1.77 0.66 0.39 0.00 0.00 0.00 0.00 0.00 0.00 0.00 0.00 0.00 0.00 1.57 1.47 1.87 2.11 3.31 4.18 4.47 1.77 0.66 0.39 0.00 0.00 0.00 0.00 0.00 0.00 0.00 0.00 0.00 0.00 1.59 1.49 1.92 2.25 3.34 4.20 4.61 1.77 0.66 0.39 0.00 0.00 0.00 0.00 0.00 0.00 0.00 0.00 0.00 0.00 1.60 1.50 1.96 2.32 3.38 4.26 4.73 1.77 0.66 0.39 0.00 0.00 0.00 0.00 0.00 0.00 0.00 0.00 0.00 0.00 1.63 1.53 1.98 2.35 3.41 4.37 4.73 1.77 0.66 0.39 0.00 0.00 0.00 0.00 0.00 0.00 0.00 0.00 0.00 0.00 1.65 1.57 2.00 2.36 3.50 4.50 4.73 1.77 0.66 0.39 0.00 0.00 0.00 0.00 0.00 0.00 0.00 0.00 0.00 0.00 1.69 1.60 2.07 2.38 3.57 4.58 4.73 1.77 0.66 0.39 0.00 0.00 0.00 0.00 0.00 0.00 0.00 0.00 0.00 0.00 1.72 1.61 2.09 2.42 3.60 4.63 4.73 1.77 0.66 0.39 0.00 0.00 0.00 0.00 0.00 0.00 0.00 0.00 0.00 0.00 1.75 1.63 2.10 2.50 3.64 4.73 4.73 1.77 0.66 0.39 0.00 0.00 0.00 0.00 0.00 0.00 0.00 0.00 0.00 0.00 1.77 1.64 2.14 2.55 3.67 4.80 4.73 1.77 0.66 0.39 0.00 0.00 0.00 0.00 0.00 0.00 0.00 0.00 0.00 0.00 1.80 1.66 2.19 2.58 3.71 4.85 4.73 1.77 0.66 0.39 0.00 0.00 0.00 0.00 0.00 0.00 0.00 0.00 0.00 0.00 1.82 1.69 2.20 2.61 3.78 4.95 4.73 1.77 0.66 0.39 0.00 0.00 0.00 0.00 0.00 0.00 0.00 0.00 0.00 0.00 1.84 1.70 2.24 2.66 3.85 4.96 4.73 1.77 0.66 0.39 0.00 0.00 0.00 0.00 0.00 0.00 0.00 0.00 0.00 0.00 1.89 1.71 2.25 2.69 3.91 4.99 4.73 1.77 0.66 0.39 0.00 0.00 0.00 0.00 0.00 0.00 0.00 0.00 0.00 0.00 1.90 1.74 2.30 2.77 3.93 5.08 4.73 1.77 0.66 0.39 0.00 0.00 0.00 0.00 0.00 0.00 0.00 0.00 0.00 0.00 1.93 1.76 2.31 2.79 3.98 5.12 4.73 1.77 0.66 0.39 0.00 0.00 0.00 0.00 0.00 0.00 0.00 0.00 0.00 0.00 1.94 1.82 2.33 2.85 4.07 5.24 4.73 1.77 0.66 0.39 0.00 0.00 0.00 0.00 0.00 0.00 0.00 0.00 0.00 0.00 1.96 1.86 2.35 2.86 4.10 5.27 4.73 1.77 0.66 0.39 0.00 0.00 0.00 0.00 0.00 0.00 0.00 0.00 0.00 0.00 1.99 1.88 2.40 2.89 4.21 5.34 4.73 1.77 0.66 0.39 0.00 0.00 0.00 0.00 0.00 0.00 0.00 0.00 0.00 0.00 2.01 1.90 2.45 2.93 4.23 5.39 4.73 1.77 0.66 0.39 0.00 0.00 0.00 0.00 0.00 0.00 0.00 0.00 0.00 0.00 2.04 1.92 2.48 2.95 4.26 5.44 4.73 1.77 0.66 0.39 0.00 0.00 0.00 0.00 0.00 0.00 0.00 0.00 0.00 0.00 2.05 1.94 2.52 2.97 4.29 5.48 4.73 1.77 0.66 0.39 0.00 0.00 0.00 0.00 0.00 0.00 0.00 0.00 0.00 0.00 2.07 1.97 2.55 3.01 4.31 5.49 4.73 1.77 0.66 0.39 0.00 0.00 0.00 0.00 0.00 0.00 0.00 0.00 0.00 0.00 2.08 1.99 2.56 3.06 4.34 5.53 4.73 1.77 0.66 0.39 0.00 0.00 0.00 0.00 0.00 0.00 0.00 0.00 0.00 0.00 2.11 2.04 2.59 3.07 4.38 5.68 4.73 1.77 0.66 0.39 0.00 0.00 0.00 0.00 0.00 0.00 0.00 0.00 0.00 0.00 2.13 2.05 2.61 3.10 4.45 5.73 4.73 1.77 0.66 0.39 0.00 0.00 0.00 0.00 0.00 0.00 0.00 0.00 0.00 0.00 2.17 2.08 2.62 3.14 4.55 5.79 4.73 1.77 0.66 0.39 0.00 0.00 0.00 0.00 0.00 0.00 0.00 0.00 0.00 0.00 2.19 2.09 2.66 3.19 4.57 5.87 4.73 1.77 0.66 0.39 0.00 0.00 0.00 0.00 0.00 0.00 0.00 0.00 0.00 0.00 2.23 2.11 2.68 3.22 4.59 5.91 4.73 1.77 0.66 0.39 0.00 0.00 0.00 0.00 0.00 0.00 0.00 0.00 0.00 0.00 2.25 2.13 2.70 3.27 4.64 5.97 4.73 1.77 0.66 0.39 0.00 0.00 0.00 0.00 0.00 0.00 0.00 0.00 0.00 0.00 2.26 2.15 2.71 3.33 4.67 6.00 4.73 1.77 0.66 0.39 0.00 0.00 0.00 0.00 0.00 0.00 0.00 0.00 0.00 0.00 2.31 2.17 2.77 3.36 4.70 6.13 4.73 1.77 0.66 0.39 0.00 0.00 0.00 0.00 0.00 0.00 0.00 0.00 0.00 0.00 2.33 2.20 2.82 3.42 4.75 6.19 4.73 1.77 0.66 0.39 0.00 0.00 0.00 0.00 0.00 0.00 0.00 0.00 0.00 0.00 2.35 2.23 2.85 3.44 4.78 6.27 4.73 1.77 0.66 0.39 0.00 0.00 0.00 0.00 0.00 0.00 0.00 0.00 0.00 0.00 2.37 2.25 2.87 3.47 4.84 6.34 4.73 1.77 0.66 0.39 0.00 0.00 0.00 0.00 0.00 0.00 0.00 0.00 0.00 0.00 2.38 2.28 2.89 3.49 5.06 6.43 4.73 1.77 0.66 0.39 0.00 0.00 0.00 0.00 0.00 0.00 0.00 0.00 0.00 0.00 2.41 2.34 2.94 3.50 5.11 6.48 4.73 1.77 0.66 0.39 0.00 0.00 0.00 0.00 0.00 0.00 0.00 0.00 0.00 0.00 2.43 2.35 2.96 3.54 5.14 6.61 4.73 1.77 0.66 0.39 0.00 0.00 0.00 0.00 0.00 0.00 0.00 0.00 0.00 0.00 2.44 2.37 2.99 3.60 5.19 6.65 4.73 1.77 0.66 0.39 0.00 0.00 0.00 0.00 0.00 0.00 0.00 0.00 0.00 0.00 2.45 2.37 2.99 3.61 5.26 6.68 4.73 1.77 0.66 0.39 0.00 0.00 0.00 0.00 0.00 0.00 0.00 0.00 0.00 0.00 2.45 2.37 3.00 3.61 5.27 6.71 4.73 1.77 0.66 0.39 0.00 0.00 0.00 0.00 0.00 0.00 0.00 0.00 0.00 0.00 2.45 2.37 3.00 3.61 5.28 6.75 4.73 1.77 0.66 0.39 0.00 0.00 0.00 0.00 0.00 0.00 0.00 0.00 0.00 0.00 2.45 2.37 3.00 3.62 5.28 6.78 4.73 1.77 0.66 0.39 0.00 0.00 0.00 0.00 0.00 0.00 0.00 0.00 0.00 0.00 2.45 2.37 3.01 3.62 5.29 6.78 4.73 1.77 0.66 0.39 0.00 0.00 0.00 0.00 0.00 0.00 0.00 0.00 0.00 0.00 2.45 2.38 3.01 3.63 5.29 6.81 4.73 1.77 0.66 0.39 0.00 0.00 0.00 0.00 0.00 0.00 0.00 0.00 0.00 0.00 2.45 2.38 3.01 3.63 5.30 6.82 4.73 1.77 0.66 0.39 0.00 0.00 0.00 0.00 0.00 0.00 0.00 0.00 0.00 0.00 2.46 2.38 3.01 3.64 5.31 6.84 4.73 1.77 0.66 0.39 0.00 0.00 0.00 0.00 0.00 0.00 0.00 0.00 0.00 0.00 2.46 2.38 3.01 3.64 5.31 6.85 4.73 1.77 0.66 0.39 0.00 0.00 0.00 0.00 0.00 0.00 0.00 0.00 0.00 0.00 2.46 2.38 3.02 3.64 5.31 6.86 4.73 1.77 0.66 0.39 0.00 0.00 0.00 0.00 0.00 0.00 0.00 0.00 0.00 0.00 2.46 2.38 3.02 3.64 5.32 6.89 4.73 1.77 0.66 0.39 0.00 0.00 0.00 0.00 0.00 0.00 0.00 0.00 0.00 0.00 2.46 2.39 3.02 3.65 5.33 6.90 4.73 1.77 0.66 0.39 0.00 0.00 0.00 0.00 0.00 0.00 0.00 0.00 0.00 0.00 2.46 2.39 3.02 3.65 5.33 6.94 4.73 1.77 0.66 0.39 0.00 0.00 0.00 0.00 0.00 0.00 0.00 0.00 0.00 0.00 0.00 0.00 0.00 3.65 5.33 6.97 4.73 1.77 0.66 0.39 0.00 0.00 0.00 0.00 0.00 0.00 0.00 0.00 0.00 0.00 0.00 0.00 0.00 0.00 0.00 7.01 4.73 1.77 0.66 0.39 0.00 0.00 0.00 0.00 0.00 0.00 0.00 0.00 0.00 0.00 0.00 0.00 0.00 0.00 0.00 0.00 0.00 1.77 0.66 0.39 0.00 0.00 0.00 0.00 0.00 0.00 0.00 0.00 0.00 0.00 0.00 0.00 0.00 0.00 0.00 0.00 0.00 0.00 0.66 0.39 0.00 0.00 0.00 0.00 0.00 0.00 0.00 0.00 0.00 0.00 0.00 0.00 0.00 0.00 0.00 0.00 0.00 0.00 0.00 0.39 0.00 0.00 0.00 0.00 0.00 0.00 0.00 0.00 0.00 0.00 0.00 0.00 0.00 0.00 0.00 0.00 0.00 0.00 0.00 0.00 0.00 0.00 0.00 0.00 0.00 0.00 0.00 0.00 0.00 0.00 0.00 0.00 0.00 0.00 0.00 0.00 0.00 0.00 0.00 0.00 0.00 0.00 0.00 0.00 0.00 0.00 0.00 0.00 0.00 0.00 0.00 0.00 0.00 0.00 0.00 0.00 0.00 0.00 0.00 0.00 0.00 0.00 0.00 0.00 0.00 0.00 0.00 0.00 0.00 0.00 0.00 0.00 0.00 0.00 0.00 0.00 0.00 0.00 0.00 0.00 0.00 0.00 0.00 0.00 0.00 0.00 0.00 0.00 0.00 0.00 0.00 0.00 0.00 0.00 0.00 0.00 0.00 0.00 0.00 0.00 0.00 0.00 0.00 0.00 0.00 0.00 0.00 0.00 0.00 0.00 0.00 0.00 0.00 0.00 0.00 0.00 0.00 0.00 0.00 0.00 0.00 0.00 0.00 0.00 0.00 0.00 0.00 0.00 0.00 0.00 0.00 0.00 0.00 0.00 0.00 0.00 0.00 0.00 0.00 0.00 0.00 0.00 0.00 0.00 0.00 0.00 0.00 0.00 0.00 0.00 0.00 0.00 0.00 0.00 0.00 0.00 0.00 0.00 0.00 0.00 0.00 0.00 0.00 0.00 0.00 0.00 0.00 0.00 0.00 0.00 0.00 0.00 0.00 0.00 0.00 0.00 0.00 0.00 0.00 0.00 0.00 0.00 0.00 0.00 0.00 0.00 0.00 0.00 0.00 0.00 0.00 0.00 0.00 0.00 0.00 0.00 0.00 0.00 0.00 0.00 0.00 0.00 0.00 0.00 0.00 0.00 0.00 0.00 0.00 0.00 0.00 0.00 0.00 0.00 0.00 0.00 0.00 0.00 0.00 0.00 0.00 0.00 0.00 0.00 0.00 0.00 0.00 0.00 0.00 0.00 0.00 0.00 0.00 0.00 0.00 0.00 0.00 0.00 0.00 0.00 0.00 0.00 0.00 0.00 0.00 0.00 0.00 0.00 0.00 0.00 0.00 0.00 0.00 0.00 0.00 0.00 0.00 0.00 0.00 0.00 0.00 0.00 0.00 0.00 0.00 0.00 0.00 0.00 0.00 0.00 0.00 0.00 0.00 0.00 0.00 0.00 0.00 0.00 0.00 0.00 0.00 0.00 0.00 0.00 0.00 0.00 0.00 0.00 0.00 0.00 0.00 0.00 0.00 0.00 0.00 0.00 0.00 0.00 0.00 0.00 0.00 0.00 0.00 0.00 0.00 0.00 0.00 0.00 0.00 0.00 0.00 0.00 0.00 0.00 0.00 0.00 0.00 0.00 0.00 0.00 0.00 0.00 0.00 0.00 0.00 0.00 0.00 0.00 0.00 0.00 0.00 0.00 0.00 0.00 0.00 0.00 0.00 0.00 0.00 0.00 0.00 0.00 0.00 0.00 0.00 0.00 0.00 0.00 0.00 0.00 0.00 0.00 0.00 0.00 0.00 0.00 0.00 0.00 0.00 0.00 0.00 0.00 0.00 0.00 0.00 0.00 0.00 0.00 0.00 0.00 0.00 0.00 0.00 0.00 0.00 0.00 0.00 0.00 0.00 0.00 0.00 0.00 0.00 0.00 0.00 0.00 0.00 0.00 0.00 0.00 0.00 0.00 0.00 0.00 0.00 0.00 0.00 0.00 0.00 0.00 0.00 0.00 0.00 0.00 0.00 0.00 0.00 0.00 0.00 0.00 0.00 0.00 0.00 0.00 0.00 0.00 0.00 0.00 0.00 0.00 0.00 0.00 0.00 0.00 0.00 0.00 0.00 0.00 0.00 0.00 0.00 0.00 0.00 0.00 0.00 0.00 0.00 0.00 0.00 0.00 0.00 0.00 0.00 0.00 0.00 0.00 0.00 0.00 0.00 0.00 0.00 0.00 0.00 0.00 0.00 0.00 0.00 0.00 0.00 0.00 0.00 0.00 0.00 0.00 0.00 0.00 0.00 0.00 0.00 0.00 0.00 0.00 0.00 0.00 0.00 0.00 0.00 0.00 0.00 0.00 0.00 0.00 0.00 0.00 0.00 0.00 0.00 0.00 0.00 0.00 0.00 0.00 0.00 0.00 0.00 0.00 0.00 0.00 0.00 0.00 0.00 0.00 0.00 0.00 0.00 0.00 0.00 0.00 0.00 0.00 0.00 0.00 0.00 0.00 0.00 0.00 0.00 0.00 0.00 0.00 0.00 0.00 0.00 0.00 0.00 0.00 0.00 0.00 0.00 0.00 0.00 0.00 0.00 0.00 0.00 0.00 0.00 0.00 0.00 0.00 0.00 0.00 0.00 0.00 0.00 0.00 0.00 0.00 0.00 0.00 0.00 0.00 0.00 0.00 0.00 0.00 0.00 0.00 0.00 0.00 0.00 0.00 0.00 0.00 0.00 0.00 0.00 0.00 0.00 0.00 0.00 0.00 0.00 0.00 0.00 0.00 0.00 0.00 0.00 0.00 0.00 0.00 0.00 0.00 0.00 0.00 0.00 0.00 0.00 0.00 0.00 0.00 0.00 0.00 0.00 0.00 0.00 0.00 0.00 0.00 0.00 0.00 0.00 0.00 0.00 0.00 0.00 0.00 0.00 0.00 0.00 0.00 0.00 0.00 0.00 0.00 0.00 0.00 0.00 0.00 0.00 0.00 0.00 0.00 0.00 0.00 0.00 0.00 0.00 0.00 0.00 0.00 0.00 0.00 0.00 0.00 0.00 0.00 0.00 0.00 0.00 0.00 0.00 0.00 0.00 0.00 0.00 0.00 0.00 0.00 0.00 0.00 0.00 0.00 0.00 0.00 0.00 0.00 0.00 0.00 0.00 0.00 0.00 0.00 0.00 0.00 0.00 0.00 0.00 0.00 0.00 0.00 0.00 0.00 0.00 0.00 0.00 0.00 0.00 0.00 0.00 0.00 0.00 0.00 0.00 0.00 0.00 0.00 0.00 0.00 0.00 0.00 0.00 0.00 0.00 0.00 0.00 0.00 0.00 0.00 0.00 0.00 0.00 0.00 0.00 0.00 0.00 0.00 0.00 0.00 0.00 0.00 0.00 0.00 0.00 0.00 0.00 0.00 0.00 0.00 0.00 0.00 0.00 0.00 0.00 0.00 0.00 0.00 0.00 0.00 0.00 0.00 0.00 0.00 0.00 0.00 0.00 0.00 0.00 0.00 0.00 0.00 0.00 0.00 0.00 0.00 0.00 0.00 0.00 0.00 0.00 0.00 0.00 0.00 0.00 0.00 0.00 0.00 0.00 0.00 0.00 0.00 0.00 0.00 0.00 0.00 0.00 0.00 0.00 0.00 0.00 0.00 0.00 0.00 0.00 0.00 0.00 0.00 0.00 0.00 0.00 0.00 0.00 0.00 0.00 0.00 0.00 0.00 0.00 0.00 0.00 0.00 0.00 0.00 0.00 0.00 0.00 0.00 0.00 0.00 0.00 0.00 0.00 0.00 0.00 0.00 0.00 0.00 0.00 0.00 0.00 0.00 0.00 0.00 0.00 0.00 0.00 0.00 0.00 0.00 0.00 0.00 0.00 0.00 0.00 0.00 0.00 0.00 0.00 0.00 0.00 0.00 0.00 0.00 0.00 0.00 0.00 0.00 0.00 0.00 0.00 0.00 0.00 0.00 0.00 0.00 0.00 0.00 0.00 0.00 0.00 0.00 0.00 0.00 0.00 0.00 0.00 0.00 0.00 0.00 0.00 0.00 0.00 0.00 0.00 0.00 0.00 0.00 0.00 0.00 0.00 0.00 0.00 0.00 0.00 0.00 0.00 0.00 0.00 0.00 0.00 0.00 0.00 0.00 0.00 0.00 0.00 0.00 0.00 0.00 0.00 0.00 0.00 0.00 0.00 0.00 0.00 0.00 0.00 0.00 0.00 0.00 0.00 0.00 0.00 0.00 0.00 0.00 0.00 0.00 0.00 0.00 0.00 0.00 0.00 0.00 0.00 0.00 0.00 0.00 0.00 0.00 0.00 0.00 0.00 0.00 0.00 0.00 0.00 0.00 0.00 0.00 0.00 0.00 0.00 0.00 0.00 0.00 0.00 0.00 0.00 0.00 0.00 0.00 0.00 0.00 0.00 0.00 0.00 0.00 0.00 0.00 0.00 0.00 0.00 0.00 0.00 0.00 0.00 0.00 0.00 0.00 0.00 0.00 0.00 0.00 0.00 0.00 0.00 0.00 0.00 0.00 0.00 0.00 0.00 0.00 0.00 0.00 0.00 0.00 0.00 0.00 0.00 0.00 0.00 0.00 0.00 0.00 0.00 0.00 0.00 0.00 0.00 0.00 0.00 0.00 0.00 0.00 0.00 0.00 0.00 0.00 0.00 0.00 0.00 0.00 0.00 0.00 0.00 0.00 0.00 0.00 0.00 0.00 0.00 0.00 0.00 0.00 0.00 0.00 0.00 0.00 0.00 0.00 0.00 0.00 0.00 0.00 0.00 0.00 0.00 0.00 0.00 0.00 0.00 0.00 0.00 0.00 0.00 0.00 0.00 0.00 0.00 0.00 0.00 0.00 0.00 0.00 0.00 0.00 0.00 0.00 0.00 0.00 0.00 0.00 0.00 0.00 0.00 0.00 0.00 0.00 0.00 0.00 0.00 0.00 0.00 0.00 0.00 0.00 0.00 0.00 0.00 0.00 0.00 0.00 0.00 0.00 0.00 0.00 0.00 0.00 0.00 0.00 0.00 0.00 0.00 0.00 0.00 0.00 0.00 0.00 0.00 0.00 0.00 0.00 0.00 0.00 0.00 0.00 0.00 0.00 0.00 0.00 0.00 0.00 0.00 0.00 0.00 0.00 0.00 0.00 0.00 0.00 0.00 0.00 0.00 0.00 0.00 0.00 0.00 0.00 0.00 0.00 0.00 0.00 0.00 0.00 0.00 0.00 0.00 0.00 0.00 0.00 0.00 0.00 0.00 0.00 0.00 0.00 0.00 0.00 0.00 0.00 0.00 0.00 0.00 0.00 0.00 0.00 0.00 0.00 0.00 0.00 0.00 0.00 0.00 0.00 0.00 0.00 0.00 0.00 0.00 0.00 0.00 0.00 0.00 0.00 0.00 0.00 0.00 0.00 0.00 0.00 0.00 0.00 0.00 0.00 0.00 0.00 0.00 0.00 0.00 0.00 0.00 0.00 0.00 0.00 0.00 0.00 0.00 0.00 0.00 0.00 0.00 0.00 0.00 0.00 0.00 0.00 0.00 0.00 0.00 0.00 0.00 0.00 0.00 0.00 0.00 0.00 0.00 0.00 0.00 0.00 0.00 0.00 0.00 0.00 0.00 0.00 0.00 0.00 0.00 0.00 0.00 0.00 0.00 0.00 0.00 0.00 0.00 0.00 0.00 0.00 0.00 0.00 0.00 0.00 0.00 0.00 0.00 0.00 0.00 0.00 0.00 0.00 0.00 0.00 0.00 0.00 0.00 0.00 0.00 0.00 0.00 0.00 0.00 0.00 0.00 0.00 0.00 0.00 0.00 0.00 0.00 0.00 0.00 0.00 0.00 0.00
height.size=5120
height.data=23.31 370.60 717.78 1064.73 1411.35 1757.53 2103.17 2448.16 2792.39 3135.78 3478.20 3819.55 4159.73 4498.64 4836.18 5172.23 5506.71 5839.50 6170.51 6499.63 23.54 372.58 721.50 1070.20 1418.56 1766.48 2113.85 2460.57 2806.54 3151.65 3495.79 3838.86 4180.75 4521.36 4860.59 5198.33 5534.49 5868.95 6201.62 6532.40 23.78 374.57 725.23 1075.66 1425.77 1775.43 2124.54 2472.99 2820.69 3167.52 3513.38 3858.16 4201.77 4544.08 4885.01 5224.44 5562.27 5898.40 6232.74 6565.16 24.02 376.55 728.96 1081.13 1432.98 1784.38 2135.22 2485.41 2834.84 3183.40 3530.98 3877.47 4222.78 4566.80 4909.42 5250.54 5590.05 5927.86 6263.85 6597.93 24.26 378.53 732.68 1086.61 1440.19 1793.33 2145.91 2497.84 2848.99 3199.27 3548.57 3896.78 4243.80 4589.52 4933.84 5276.64 5617.84 5957.31 6294.97 6630.70 24.50 380.52 736.41 1092.08 1447.40 1802.28 2156.60 2510.26 2863.14 3215.15 3566.17 3916.10 4264.82 4612.24 4958.25 5302.75 5645.62 5986.77 6326.09 6663.47 24.74 382.50 740.14 1097.55 1454.62 1811.24 2167.29 2522.68 2877.30 3231.03 3583.77 3935.41 4285.84 4634.97 4982.67 5328.86 5673.41 6016.23 6357.21 6696.24 24.98 384.49 743.87 1103.03 1461.84 1820.19 2177.99 2535.11 2891.45 3246.91 3601.37 3954.72 4306.87 4657.69 5007.09 5354.96 5701.19 6045.68 6388.33 6729.02 25.22 386.48 747.61 1108.50 1469.05 1829.15 2188.68 2547.53 2905.61 3262.79 3618.97 3974.04 4327.89 4680.42 5031.51 5381.07 5728.98 6075.14 6419.45 6761.79 25.47 388.47 751.34 1113.98 1476.27 1838.11 2199.37 2559.96 2919.76 3278.67 3636.57 3993.35 4348.92 4703.15 5055.94 5407.18 5756.77 6104.60 6450.57 6794.57 25.71 390.46 755.08 1119.46 1483.49 1847.06 2210.07 2572.39 2933.92 3294.55 3654.17 4012.67 4369.94 4725.87 5080.36 5433.29 5784.56 6134.06 6481.69 6827.34 25.96 392.45 758.81 1124.94 1490.71 1856.03 2220.76 2584.82 2948.08 3310.44 3671.78 4031.99 4390.97 4748.60 5104.78 5459.40 5812.35 6163.53 6512.82 6860.12 26.21 394.44 762.55 1130.42 1497.93 1864.99 2231.46 2597.25 2962.24 3326.32 3689.38 4051.31 4412.00 4771.33 5129.21 5485.52 5840.15 6192.99 6543.94 6892.90 26.45 396.44 766.29 1135.90 1505.16 1873.95 2242.16 2609.68 2976.40 3342.21 3706.99 4070.63 4433.03 4794.06 5153.64 5511.63 5867.94 6222.46 6575.07 6925.68 26.70 398.43 770.03 1141.38 1512.38 1882.91 2252.86 2622.12 2990.56 3358.09 3724.59 4089.95 4454.06 4816.80 5178.06 5537.74 5895.73 6251.92 6606.20 6958.46 26.96 400.43 773.77 1146.87 1519.61 1891.88 2263.56 2634.55 3004.73 3373.98 3742.20 4109.27 4475.09 4839.53 5202.49 5563.86 5923.53 6281.39 6637.33 6991.24 27.21 402.43 777.51 1152.35 1526.84 1900.84 2274.27 2646.99 3018.89 3389.87 3759.81 4128.60 4496.12 4862.26 5226.92 5589.98 5951.33 6310.86 6668.46 7024.02 27.46 404.42 781.26 1157.84 1534.06 1909.81 2284.97 2659.42 3033.06 3405.76 3777.42 4147.92 4517.15 4885.00 5251.35 5616.10 5979.12 6340.32 6699.59 7056.80 27.72 406.42 785.00 1163.33 1541.29 1918.78 2295.67 2671.86 3047.23 3421.66 3795.03 4167.25 4538.19 4907.74 5275.78 5642.22 6006.92 6369.79 6730.72 7089.59 27.97 408.43 788.75 1168.82 1548.52 1927.75 2306.38 2684.30 3061.39 3437.55 3812.65 4186.58 4559.22 4930.47 5300.22 5668.34 6034.72 6399.27 6761.85 7122.37 28.23 410.43 792.49 1174.31 1555.75 1936.72 2317.09 2696.74 3075.56 3453.44 3830.26 4205.91 4580.26 4953.21 5324.65 5694.46 6062.52 6428.74 6792.99 7155.16 28.49 412.43 796.24 1179.80 1562.99 1945.69 2327.80 2709.18 3089.73 3469.34 3847.88 4225.24 4601.30 4975.95 5349.09 5720.58 6090.33 6458.21 6824.12 7187.95 28.75 414.44 799.99 1185.29 1570.22 1954.66 2338.51 2721.62 3103.91 3485.23 3865.49 4244.57 4622.34 4998.70 5373.52 5746.70 6118.13 6487.69 6855.26 7220.74 29.01 416.44 803.74 1190.78 1577.46 1963.64 2349.22 2734.07 3118.08 3501.13 3883.11 4263.90 4643.38 5021.44 5397.96 5772.83 6145.93 6517.16 6886.39 7253.52 29.27 418.45 807.49 1196.28 1584.69 1972.61 2359.93 2746.51 3132.25 3517.03 3900.73 4283.23 4664.42 5044.18 5422.40 5798.96 6173.74 6546.64 6917.53 7286.32 29.53 420.46 811.24 1201.77 1591.93 1981.59 2370.64 2758.96 3146.43 3532.93 3918.35 4302.57 4685.46 5066.93 5446.84 5825.08 6201.55 6576.11 6948.67 7319.11 29.80 422.47 815.00 1207.27 1599.17 1990.57 2381.35 2771.41 3160.60 3548.83 3935.97 4321.90 4706.51 5089.67 5471.28 5851.21 6229.35 6605.59 6979.81 7351.90 30.06 424.48 818.75 1212.77 1606.41 1999.55 2392.07 2783.85 3174.78 3564.73 3953.59 4341.24 4727.55 5112.42 5495.72 5877.34 6257.16 6635.07 7010.95 7384.69 30.33 426.49 822.51 1218.27 1613.65 2008.53 2402.79 2796.30 3188.96 3580.64 3971.22 4360.58 4748.60 5135.17 5520.16 5903.47 6284.97 6664.55 7042.10 7417.49 30.60 428.50 826.27 1223.77 1620.89 2017.51 2413.50 2808.75 3203.14 3596.54 3988.84 4379.91 4769.65 5157.92 5544.61 5929.60 6312.78 6694.04 7073.24 7450.28 30.87 430.52 830.02 1229.27 1628.13 2026.49 2424.22 2821.21 3217.32 3612.45 4006.47 4399.25 4790.69 5180.67 5569.05 5955.74 6340.60 6723.52 7104.39 7483.08 31.14 432.53 833.78 1234.77 1635.38 2035.48 2434.94 2833.66 3231.50 3628.35 4024.09 4418.59 4811.74 5203.42 5593.50 5981.87 6368.41 6753.00 7135.53 7515.88 31.41 434.55 837.55 1240.28 1642.62 2044.46 2445.66 2846.11 3245.69 3644.26 4041.72 4437.94 4832.79 5226.17 5617.95 6008.00 6396.22 6782.49 7166.68 7548.68 31.68 436.57 841.31 1245.78 1649.87 2053.45 2456.39 2858.57 3259.87 3660.17 4059.35 4457.28 4853.85 5248.92 5642.39 6034.14 6424.04 6811.97 7197.83 7581.48 31.95 438.58 845.07 1251.29 1657.12 2062.43 2467.11 2871.03 3274.06 3676.08 4076.98 4476.62 4874.90 5271.68 5666.84 6060.28 6451.85 6841.46 7228.97 7614.28 32.23 440.60 848.84 1256.80 1664.37 2071.42 2477.83 2883.48 3288.24 3691.99 4094.61 4495.97 4895.95 5294.43 5691.30 6086.41 6479.67 6870.95 7260.12 7647.08 32.51 442.63 852.60 1262.31 1671.62 2080.41 2488.56 2895.94 3302.43 3707.91 4112.24 4515.32 4917.01 5317.19 5715.75 6112.55 6507.49 6900.44 7291.28 7679.89 32.78 444.65 856.37 1267.82 1678.87 2089.40 2499.29 2908.40 3316.62 3723.82 4129.88 4534.66 4938.06 5339.95 5740.20 6138.69 6535.31 6929.93 7322.43 7712.69 33.06 446.67 860.14 1273.33 1686.12 2098.39 2510.01 2920.86 3330.81 3739.73 4147.51 4554.01 4959.12 5362.71 5764.65 6164.84 6563.13 6959.42 7353.58 7745.50 33.34 448.70 863.90 1278.84 1693.38 2107.39 2520.74 2933.32 3345.00 3755.65 4165.15 4573.36 4980.18 5385.47 5789.11 6190.98 6590.95 6988.91 7384.74 7778.30 33.62 450.72 867.68 1284.35 1700.63 2116.38 2531.47 2945.79 3359.19 3771.57 4182.78 4592.72 5001.24 5408.23 5813.57 6217.12 6618.78 7018.41 7415.89 7811.11 33.90 452.75 871.45 1289.87 1707.89 2125.38 2542.21 2958.25 3373.39 3787.49 4200.42 4612.07 5022.30 5430.99 5838.02 6243.27 6646.60 7047.90 7447.05 7843.92 34.19 454.78 875.22 1295.38 1715.14 2134.37 2552.94 2970.72 3387.58 3803.41 4218.06 4631.42 5043.36 5453.76 5862.48 6269.41 6674.42 7077.40 7478.20 7876.73 34.47 456.81 878.99 1300.90 1722.40 2143.37 2563.67 2983.19 3401.78 3819.33 4235.70 4650.78 5064.42 5476.52 5886.94 6295.56 6702.25 7106.89 7509.36 7909.54 34.76 458.84 882.77 1306.42 1729.66 2152.37 2574.41 2995.65 3415.98 3835.25 4253.34 4670.13 5085.49 5499.29 5911.40 6321.71 6730.08 7136.39 7540.52 7942.35 35.04 460.87 886.54 1311.94 1736.92 2161.37 2585.14 3008.12 3430.17 3851.17 4270.98 4689.49 5106.55 5522.05 5935.86 6347.86 6757.91 7165.89 7571.68 7975.16 35.33 462.90 890.32 1317.46 1744.19 2170.37 2595.88 3020.59 3444.37 3867.10 4288.63 4708.85 5127.62 5544.82 5960.33 6374.01 6785.74 7195.39 7602.84 8007.98 35.62 464.94 894.10 1322.98 1751.45 2179.37 2606.62 3033.06 3458.57 3883.02 4306.27 4728.21 5148.69 5567.59 5984.79 6400.16 6813.57 7224.89 7634.01 8040.79 35.91 466.97 897.88 1328.50 1758.71 2188.38 2617.36 3045.54 3472.78 3898.95 4323.92 4747.57 5169.76 5590.36 6009.26 6426.31 6841.40 7254.39 7665.17 8073.61 36.20 469.01 901.66 1334.03 1765.98 2197.38 2628.10 3058.01 3486.98 3914.87 4341.57 4766.93 5190.83 5613.13 6033.72 6452.46 6869.23 7283.90 7696.34 8106.42 36.49 471.05 905.44 1339.55 1773.25 2206.39 2638.84 3070.49 3501.18 3930.80 4359.22 4786.29 5211.90 5635.91 6058.19 6478.62 6897.06 7313.40 7727.50 8139.24 36.79 473.08 909.23 1345.08 1780.51 2215.39 2649.59 3082.96 3515.39 3946.73 4376.86 4805.65 5232.97 5658.68 6082.66 6504.77 6924.90 7342.91 7758.67 8172.06 37.08 475.12 913.01 1350.61 1787.78 2224.40 2660.33 3095.44 3529.59 3962.66 4394.52 4825.02 5254.04 5681.45 6107.13 6530.93 6952.73 7372.41 7789.84 8204.88 37.38 477.17 916.80 1356.14 1795.05 2233.41 2671.08 3107.92 3543.80 3978.60 4412.17 4844.38 5275.12 5704.23 6131.60 6557.09 6980.57 7401.92 7821.01 8237.70 37.68 479.21 920.58 1361.67 1802.32 2242.42 2681.82 3120.40 3558.01 3994.53 4429.82 4863.75 5296.19 5727.01 6156.07 6583.25 7008.41 7431.43 7852.18 8270.52 37.97 481.25 924.37 1367.20 1809.60 2251.43 2692.57 3132.88 3572.22 4010.46 4447.47 4883.12 5317.27 5749.79 6180.54 6609.41 7036.25 7460.94 7883.35 8303.35 38.27 483.30 928.16 1372.73 1816.87 2260.44 2703.32 3145.36 3586.43 4026.40 4465.13 4902.49 5338.34 5772.56 6205.02 6635.57 7064.09 7490.45 7914.52 8336.17 38.57 485.34 931.95 1378.26 1824.14 2269.46 2714.07 3157.84 3600.64 4042.34 4482.79 4921.86 5359.42 5795.34 6229.49 6661.73 7091.93 7519.96 7945.69 8369.00 38.88 487.39 935.74 1383.80 1831.42 2278.47 2724.82 3170.33 3614.86 4058.27 4500.44 4941.23 5380.50 5818.13 6253.97 6687.89 7119.77 7549.47 7976.87 8401.82 39.18 489.44 939.53 1389.33 1838.70 2287.49 2735.57 3182.81 3629.07 4074.21 4518.10 4960.60 5401.58 5840.91 6278.44 6714.06 7147.62 7578.99 8008.04 8434.65 39.48 491.49 943.33 1394.87 1845.98 2296.51 2746.33 3195.30 3643.29 4090.15 4535.76 4979.98 5422.67 5863.69 6302.92 6740.22 7175.46 7608.50 8039.22 8467.48 39.79 493.54 947.12 1400.41 1853.26 2305.53 2757.08 3207.79 3657.50 4106.09 4553.42 4999.35 5443.75 5886.48 6327.40 6766.39 7203.31 7638.02 8070.40 8500.31 40.10 495.59 950.92 1405.95 1860.54 2314.55 2767.84 3220.28 3671.72 4122.04 4571.08 5018.73 5464.83 5909.26 6351.88 6792.56 7231.15 7667.54 8101.58 8533.14 40.40 497.64 954.72 1411.49 1867.82 2323.57 2778.60 3232.77 3685.94 4137.98 4588.75 5038.11 5485.92 5932.05 6376.36 6818.73 7259.00 7697.06 8132.76 8565.97 40.71 499.70 958.52 1417.03 1875.10 2332.59 2789.35 3245.26 3700.16 4153.92 4606.41 5057.48 5507.01 5954.84 6400.85 6844.90 7286.85 7726.57 8163.94 8598.80 41.02 501.75 962.32 1422.57 1882.39 2341.61 2800.11 3257.75 3714.38 4169.87 4624.08 5076.86 5528.09 5977.63 6425.33 6871.07 7314.70 7756.10 8195.12 8631.64 41.33 503.81 966.12 1428.12 1889.67 2350.64 2810.87 3270.24 3728.60 4185.82 4641.74 5096.24 5549.18 6000.42 6449.82 6897.24 7342.55 7785.62 8226.30 8664.47 41.65 505.87 969.92 1433.66 1896.96 2359.66 2821.64 3282.74 3742.83 4201.76 4659.41 5115.63 5570.27 6023.21 6474.30 6923.41 7370.40 7815.14 8257.49 8697.31 41.96 507.92 973.72 1439.21 1904.25 2368.69 2832.40 3295.23 3757.05 4217.71 4677.08 5135.01 5591.36 6046.00 6498.79 6949.59 7398.26 7844.66 8288.67 8730.14 42.28 509.98 977.53 1444.76 1911.53 2377.72 2843.16 3307.73 3771.28 4233.66 4694.75 5154.39 5612.46 6068.80 6523.28 6975.76 7426.11 7874.19 8319.86 8762.98 42.59 512.05 981.33 1450.31 1918.82 2386.75 2853.93 3320.23 3785.50 4249.62 4712.42 5173.78 5633.55 6091.59 6547.77 7001.94 7453.97 7903.71 8351.04 8795.82 42.91 514.11 985.14 1455.86 1926.12 2395.78 2864.69 3332.73 3799.73 4265.57 4730.09 5193.16 5654.64 6114.39 6572.26 7028.12 7481.82 7933.24 8382.23 8828.66 43.23 516.17 988.95 1461.41 1933.41 2404.81 2875.46 3345.23 3813.96 4281.52 4747.77 5212.55 5675.74 6137.18 6596.75 7054.29 7509.68 7962.77 8413.42 8861.50 43.55 518.24 992.76 1466.96 1940.70 2413.84 2886.23 3357.73 3828.19 4297.48 4765.44 5231.94 5696.83 6159.98 6621.24 7080.47 7537.54 7992.30 8444.61 8894.34 43.87 520.30 996.57 1472.51 1948.00 2422.87 2897.00 3370.23 3842.42 4313.43 4783.12 5251.33 5717.93 6182.78 6645.74 7106.66 7565.40 8021.83 8475.80 8927.19 44.19 522.37 1000.38 1478.07 1955.29 2431.91 2907.77 3382.74 3856.66 4329.39 4800.79 5270.72 5739.03 6205.58 6670.23 7132.84 7593.26 8051.36 8507.00 8960.03 44.51 524.44 1004.19 1483.62 1962.59 2440.95 2918.54 3395.24 3870.89 4345.35 4818.47 5290.11 5760.13 6228.38 6694.73 7159.02 7621.12 8080.89 8538.19 8992.88 44.84 526.51 1008.00 1489.18 1969.89 2449.98 2929.32 3407.75 3885.13 4361.31 4836.15 5309.51 5781.23 6251.19 6719.22 7185.20 7648.98 8110.42 8569.38 9025.72 45.16 528.58 1011.82 1494.74 1977.19 2459.02 2940.09 3420.26 3899.36 4377.27 4853.83 5328.90 5802.34 6273.99 6743.72 7211.39 7676.85 8139.96 8600.58 9058.57 45.49 530.65 1015.63 1500.30 1984.49 2468.06 2950.87 3432.76 3913.60 4393.23 4871.51 5348.30 5823.44 6296.80 6768.22 7237.58 7704.71 8169.49 8631.78 9091.42 45.82 532.72 1019.45 1505.86 1991.79 2477.10 2961.65 3445.27 3927.84 4409.19 4889.19 5367.69 5844.54 6319.60 6792.72 7263.76 7732.58 8199.03 8662.97 9124.27 46.15 534.80 1023.27 1511.42 1999.09 2486.14 2972.42 3457.78 3942.08 4425.16 4906.88 5387.09 5865.65 6342.41 6817.22 7289.95 7760.45 8228.57 8694.17 9157.12 46.48 536.87 1027.09 1516.98 2006.40 2495.19 2983.20 3470.30 3956.32 4441.12 4924.56 5406.49 5886.76 6365.22 6841.73 7316.14 7788.32 8258.11 8725.37 9189.97 46.81 538.95 1030.91 1522.55 2013.70 2504.23 2993.98 3482.81 3970.56 4457.09 4942.25 5425.89 5907.86 6388.03 6866.23 7342.33 7816.19 8287.65 8756.57 9222.82 47.14 541.03 1034.73 1528.11 2021.01 2513.28 3004.76 3495.32 3984.80 4473.06 4959.94 5445.29 5928.97 6410.84 6890.74 7368.52 7844.06 8317.19 8787.78 9255.68 47.47 543.11 1038.56 1533.68 2028.32 2522.32 3015.55 3507.84 3999.05 4489.03 4977.62 5464.69 5950.08 6433.65 6915.24 7394.72 7871.93 8346.73 8818.98 9288.53 47.81 545.19 1042.38 1539.24 2035.62 2531.37 3026.33 3520.36 4013.29 4505.00 4995.31 5484.10 5971.19 6456.46 6939.75 7420.91 7899.80 8376.27 8850.18 9321.39 48.15 547.27 1046.21 1544.81 2042.93 2540.42 3037.12 3532.87 4027.54 4520.97 5013.00 5503.50 5992.31 6479.27 6964.26 7447.11 7927.67 8405.82 8881.39 9354.24 48.48 549.35 1050.03 1550.38 2050.25 2549.47 3047.90 3545.39 4041.79 4536.94 5030.70 5522.91 6013.42 6502.09 6988.77 7473.30 7955.55 8435.36 8912.59 9387.10 48.82 551.43 1053.86 1555.95 2057.56 2558.52 3058.69 3557.91 4056.04 4552.91 5048.39 5542.31 6034.53 6524.91 7013.28 7499.50 7983.43 8464.91 8943.80 9419.96 49.16 553.52 1057.69 1561.53 2064.87 2567.57 3069.48 3570.43 4070.29 4568.89 5066.08 5561.72 6055.65 6547.72 7037.79 7525.70 8011.30 8494.46 8975.01 9452.82 49.50 555.60 1061.52 1567.10 2072.19 2576.63 3080.27 3582.96 4084.54 4584.86 5083.78 5581.13 6076.77 6570.54 7062.30 7551.90 8039.18 8524.00 9006.22 9485.68 49.84 557.69 1065.35 1572.67 2079.50 2585.68 3091.06 3595.48 4098.79 4600.84 5101.47 5600.54 6097.88 6593.36 7086.81 7578.10 8067.06 8553.55 9037.43 9518.54 50.19 559.78 1069.18 1578.25 2086.82 2594.74 3101.85 3608.01 4113.05 4616.82 5119.17 5619.95 6119.00 6616.18 7111.33 7604.30 8094.94 8583.10 9068.64 9551.41 50.53 561.87 1073.02 1583.83 2094.14 2603.80 3112.64 3620.53 4127.30 4632.80 5136.87 5639.36 6140.12 6639.00 7135.85 7630.50 8122.82 8612.66 9099.85 9584.27 50.88 563.96 1076.85 1589.40 2101.46 2612.85 3123.44 3633.06 4141.56 4648.78 5154.57 5658.78 6161.25 6661.83 7160.36 7656.71 8150.70 8642.21 9131.07 9617.14 51.22 566.05 1080.69 1594.98 2108.78 2621.91 3134.23 3645.59 4155.81 4664.76 5172.27 5678.19 6182.37 6684.65 7184.88 7682.91 8178.59 8671.76 9162.28 9650.00 51.57 568.14 1084.53 1600.56 2116.10 2630.97 3145.03 3658.12 4170.07 4680.74 5189.97 5697.61 6203.49 6707.47 7209.40 7709.12 8206.47 8701.32 9193.50 9682.87 51.92 570.24 1088.37 1606.15 2123.42 2640.04 3155.83 3670.65 4184.33 4696.73 5207.67 5717.02 6224.62 6730.30 7233.92 7735.32 8234.36 8730.87 9224.72 9715.74 52.27 572.33 1092.21 1611.73 2130.75 2649.10 3166.63 3683.18 4198.59 4712.71 5225.38 5736.44 6245.74 6753.13 7258.44 7761.53 8262.25 8760.43 9255.93 9748.61 52.62 574.43 1096.05 1617.31 2138.07 2658.16 3177.43 3695.71 4212.85 4728.70 5243.08 5755.86 6266.87 6775.96 7282.96 7787.74 8290.13 8789.99 9287.15 9781.48 52.97 576.53 1099.89 1622.90 2145.40 2667.23 3188.23 3708.25 4227.12 4744.68 5260.79 5775.28 6288.00 6798.79 7307.49 7813.95 8318.02 8819.55 9318.37 9814.35 53.33 578.63 1103.73 1628.48 2152.73 2676.29 3199.03 3720.78 4241.38 4760.67 5278.50 5794.70 6309.13 6821.62 7332.01 7840.16 8345.91 8849.11 9349.59 9847.22 53.68 580.73 1107.58 1634.07 2160.05 2685.36 3209.84 3733.32 4255.64 4776.66 5296.21 5814.12 6330.26 6844.45 7356.54 7866.38 8373.80 8878.67 9380.82 9880.10 54.04 582.83 1111.42 1639.66 2167.38 2694.43 3220.64 3745.85 4269.91 4792.65 5313.92 5833.55 6351.39 6867.28 7381.07 7892.59 8401.70 8908.23 9412.04 9912.97 54.40 584.93 1115.27 1645.25 2174.71 2703.50 3231.45 3758.39 4284.18 4808.64 5331.63 5852.97 6372.52 6890.11 7405.59 7918.80 8429.59 8937.79 9443.26 9945.85 54.75 587.03 1119.12 1650.84 2182.05 2712.57 3242.25 3770.93 4298.45 4824.64 5349.34 5872.40 6393.66 6912.95 7430.12 7945.02 8457.48 8967.36 9474.49 9978.72 55.11 589.14 1122.96 1656.43 2189.38 2721.64 3253.06 3783.47 4312.72 4840.63 5367.05 5891.83 6414.79 6935.79 7454.65 7971.24 8485.38 8996.92 9505.72 10011.60 55.47 591.24 1126.81 1662.03 2196.71 2730.72 3263.87 3796.02 4326.99 4856.62 5384.77 5911.25 6435.93 6958.62 7479.18 7997.46 8513.28 9026.49 9536.94 10044.48 55.84 593.35 1130.67 1667.62 2204.05 2739.79 3274.68 3808.56 4341.26 4872.62 5402.48 5930.68 6457.06 6981.46 7503.72 8023.67 8541.17 9056.06 9568.17 10077.36 56.20 595.46 1134.52 1673.22 2211.39 2748.87 3285.49 3821.10 4355.53 4888.62 5420.20 5950.11 6478.20 7004.30 7528.25 8049.89 8569.07 9085.63 9599.40 10110.24 56.56 597.57 1138.37 1678.81 2218.73 2757.95 3296.31 3833.65 4369.81 4904.62 5437.92 5969.55 6499.34 7027.14 7552.79 8076.12 8596.97 9115.20 9630.63 10143.12 56.93 599.68 1142.23 1684.41 2226.06 2767.02 3307.12 3846.20 4384.08 4920.62 5455.64 5988.98 6520.48 7049.98 7577.32 8102.34 8624.87 9144.77 9661.86 10176.00 57.30 601.79 1146.08 1690.01 2233.41 2776.10 3317.94 3858.74 4398.36 4936.62 5473.36 6008.41 6541.62 7072.83 7601.86 8128.56 8652.78 9174.34 9693.10 10208.89 57.66 603.90 1149.94 1695.61 2240.75 2785.18 3328.75 3871.29 4412.64 4952.62 5491.08 6027.85 6562.77 7095.67 7626.40 8154.79 8680.68 9203.91 9724.33 10241.77 58.03 606.02 1153.80 1701.21 2248.09 2794.26 3339.57 3883.84 4426.92 4968.62 5508.80 6047.28 6583.91 7118.51 7650.94 8181.01 8708.58 9233.49 9755.57 10274.66 58.40 608.13 1157.66 1706.82 2255.43 2803.35 3350.39 3896.39 4441.20 4984.63 5526.52 6066.72 6605.05 7141.36 7675.48 8207.24 8736.49 9263.06 9786.80 10307.55 58.78 610.25 1161.52 1712.42 2262.78 2812.43 3361.21 3908.95 4455.48 5000.63 5544.25 6086.16 6626.20 7164.21 7700.02 8233.47 8764.39 9292.64 9818.04 10340.44 59.15 612.37 1165.38 1718.02 2270.12 2821.52 3372.03 3921.50 4469.76 5016.64 5561.97 6105.60 6647.35 7187.06 7724.56 8259.70 8792.30 9322.22 9849.28 10373.32 59.52 614.49 1169.25 1723.63 2277.47 2830.60 3382.85 3934.06 4484.04 5032.65 5579.70 6125.04 6668.50 7209.91 7749.10 8285.93 8820.21 9351.79 9880.52 10406.22 59.90 616.61 1173.11 1729.24 2284.82 2839.69 3393.68 3946.61 4498.33 5048.66 5597.43 6144.48 6689.65 7232.76 7773.65 8312.16 8848.12 9381.37 9911.76 10439.11 60.27 618.73 1176.98 1734.85 2292.17 2848.78 3404.50 3959.17 4512.61 5064.67 5615.16 6163.92 6710.80 7255.61 7798.19 8338.39 8876.03 9410.95 9943.00 10472.00 60.65 620.85 1180.84 1740.46 2299.52 2857.87 3415.33 3971.73 4526.90 5080.68 5632.89 6183.37 6731.95 7278.46 7822.74 8364.62 8903.94 9440.54 9974.24 10504.89 61.03 622.97 1184.71 1746.07 2306.87 2866.96 3426.15 3984.29 4541.19 5096.69 5650.62 6202.81 6753.10 7301.31 7847.29 8390.86 8931.86 9470.12 10005.48 10537.79 61.41 625.10 1188.58 1751.68 2314.23 2876.05 3436.98 3996.85 4555.48 5112.70 5668.35 6222.26 6774.25 7324.17 7871.84 8417.09 8959.77 9499.70 10036.73 10570.68 61.79 627.22 1192.45 1757.29 2321.58 2885.15 3447.81 4009.41 4569.77 5128.72 5686.09 6241.71 6795.41 7347.03 7896.39 8443.33 8987.68 9529.29 10067.97 10603.58 62.17 629.35 1196.32 1762.91 2328.94 2894.24 3458.64 4021.97 4584.06 5144.73 5703.82 6261.16 6816.57 7369.88 7920.94 8469.57 9015.60 9558.87 10099.22 10636.48 62.55 631.48 1200.19 1768.52 2336.29 2903.34 3469.47 4034.54 4598.35 5160.75 5721.56 6280.61 6837.72 7392.74 7945.49 8495.81 9043.52 9588.46 10130.47 10669.38 62.94 633.61 1204.07 1774.14 2343.65 2912.43 3480.31 4047.10 4612.65 5176.77 5739.30 6300.06 6858.88 7415.60 7970.05 8522.05 9071.44 9618.05 10161.72 10702.28 63.32 635.74 1207.94 1779.76 2351.01 2921.53 3491.14 4059.67 4626.94 5192.79 5757.03 6319.51 6880.04 7438.46 7994.60 8548.29 9099.36 9647.64 10192.97 10735.18 63.71 637.87 1211.82 1785.38 2358.37 2930.63 3501.98 4072.24 4641.24 5208.81 5774.77 6338.96 6901.20 7461.32 8019.16 8574.53 9127.28 9677.23 10224.22 10768.08 64.10 640.00 1215.70 1791.00 2365.73 2939.73 3512.81 4084.81 4655.54 5224.83 5792.51 6358.42 6922.36 7484.19 8043.71 8600.77 9155.20 9706.82 10255.47 10800.98 64.49 642.14 1219.57 1796.62 2373.10 2948.83 3523.65 4097.37 4669.83 5240.85 5810.26 6377.87 6943.53 7507.05 8068.27 8627.02 9183.12 9736.41 10286.72 10833.89 64.88 644.27 1223.45 1802.24 2380.46 2957.93 3534.49 4109.95 4684.13 5256.88 5828.00 6397.33 6964.69 7529.92 8092.83 8653.26 9211.04 9766.00 10317.98 10866.79 65.27 646.41 1227.33 1807.86 2387.82 2967.04 3545.33 4122.52 4698.43 5272.90 5845.74 6416.79 6985.86 7552.78 8117.39 8679.51 9238.97 9795.60 10349.23 10899.70 65.66 648.55 1231.22 1813.49 2395.19 2976.14 3556.17 4135.09 4712.74 5288.93 5863.49 6436.24 7007.02 7575.65 8141.95 8705.76 9266.90 9825.20 10380.49 10932.60 66.06 650.69 1235.10 1819.12 2402.56 2985.25 3567.01 4147.67 4727.04 5304.95 5881.23 6455.70 7028.19 7598.52 8166.51 8732.01 9294.82 9854.79 10411.74 10965.51 66.45 652.83 1238.98 1824.74 2409.93 2994.36 3577.85 4160.24 4741.34 5320.98 5898.98 6475.17 7049.36 7621.39 8191.08 8758.26 9322.75 9884.39 10443.00 10998.42 66.85 654.97 1242.87 1830.37 2417.30 3003.46 3588.70 4172.82 4755.65 5337.01 5916.73 6494.63 7070.53 7644.26 8215.64 8784.51 9350.68 9913.99 10474.26 11031.33 67.24 657.11 1246.76 1836.00 2424.67 3012.57 3599.54 4185.40 4769.96 5353.04 5934.48 6514.09 7091.70 7667.13 8240.21 8810.76 9378.61 9943.59 10505.52 11064.24 67.64 659.25 1250.64 1841.63 2432.04 3021.69 3610.39 4197.98 4784.26 5369.07 5952.23 6533.56 7112.87 7690.00 8264.77 8837.01 9406.54 9973.19 10536.78 11097.15 68.04 661.40 1254.53 1847.26 2439.41 3030.80 3621.24 4210.56 4798.57 5385.11 5969.98 6553.02 7134.04 7712.88 8289.34 8863.27 9434.47 10002.79 10568.05 11130.07 68.44 663.54 1258.42 1852.90 2446.79 3039.91 3632.09 4223.14 4812.88 5401.14 5987.74 6572.49 7155.22 7735.75 8313.91 8889.52 9462.41 10032.39 10599.31 11162.98 68.85 665.69 1262.31 1858.53 2454.16 3049.02 3642.94 4235.72 4827.19 5417.18 6005.49 6591.96 7176.39 7758.63 8338.48 8915.78 9490.34 10062.00 10630.57 11195.90 69.25 667.84 1266.21 1864.17 2461.54 3058.14 3653.79 4248.30 4841.51 5433.21 6023.25 6611.42 7197.57 7781.51 8363.05 8942.04 9518.28 10091.60 10661.84 11228.81 69.65 669.99 1270.10 1869.80 2468.92 3067.26 3664.64 4260.89 4855.82 5449.25 6041.00 6630.89 7218.75 7804.38 8387.63 8968.29 9546.21 10121.21 10693.11 11261.73 70.06 672.14 1274.00 1875.44 2476.30 3076.37 3675.50 4273.48 4870.13 5465.29 6058.76 6650.37 7239.93 7827.26 8412.20 8994.55 9574.15 10150.82 10724.38 11294.65 70.46 674.29 1277.89 1881.08 2483.68 3085.49 3686.35 4286.06 4884.45 5481.33 6076.52 6669.84 7261.11 7850.14 8436.77 9020.81 9602.09 10180.43 10755.64 11327.57 70.87 676.44 1281.79 1886.72 2491.06 3094.61 3697.21 4298.65 4898.77 5497.37 6094.28 6689.31 7282.29 7873.03 8461.35 9047.08 9630.03 10210.04 10786.91 11360.49 71.28 678.60 1285.69 1892.36 2498.44 3103.73 3708.06 4311.24 4913.09 5513.41 6112.04 6708.79 7303.47 7895.91 8485.93 9073.34 9657.97 10239.65 10818.18 11393.41 71.69 680.75 1289.59 1898.01 2505.82 3112.86 3718.92 4323.83 4927.40 5529.46 6129.80 6728.26 7324.65 7918.79 8510.50 9099.60 9685.91 10269.26 10849.46 11426.34 72.10 682.91 1293.49 1903.65 2513.21 3121.98 3729.78 4336.42 4941.72 5545.50 6147.57 6747.74 7345.84 7941.68 8535.08 9125.87 9713.86 10298.87 10880.73 11459.26 72.52 685.07 1297.39 1909.29 2520.59 3131.11 3740.64 4349.02 4956.05 5561.55 6165.33 6767.22 7367.02 7964.56 8559.66 9152.13 9741.80 10328.48 10912.00 11492.18 72.93 687.23 1301.29 1914.94 2527.98 3140.23 3751.50 4361.61 4970.37 5577.59 6183.10 6786.70 7388.21 7987.45 8584.24 9178.40 9769.75 10358.10 10943.28 11525.11 73.34 689.39 1305.20 1920.59 2535.37 3149.36 3762.37 4374.21 4984.69 5593.64 6200.86 6806.18 7409.40 8010.34 8608.83 9204.67 9797.69 10387.72 10974.56 11558.04 73.76 691.55 1309.10 1926.24 2542.76 3158.49 3773.23 4386.80 4999.02 5609.69 6218.63 6825.66 7430.59 8033.23 8633.41 9230.94 9825.64 10417.33 11005.83 11590.97 74.18 693.71 1313.01 1931.89 2550.15 3167.62 3784.10 4399.40 5013.34 5625.74 6236.40 6845.14 7451.78 8056.12 8657.99 9257.21 9853.59 10446.95 11037.11 11623.90 74.60 695.87 1316.92 1937.54 2557.54 3176.75 3794.96 4412.00 5027.67 5641.79 6254.17 6864.62 7472.97 8079.01 8682.58 9283.48 9881.54 10476.57 11068.39 11656.83 75.02 698.04 1320.83 1943.19 2564.94 3185.88 3805.83 4424.60 5042.00 5657.84 6271.94 6884.11 7494.16 8101.91 8707.17 9309.76 9909.49 10506.19 11099.67 11689.76 75.44 700.20 1324.74 1948.84 2572.33 3195.01 3816.70 4437.20 5056.33 5673.90 6289.71 6903.59 7515.35 8124.80 8731.75 9336.03 9937.44 10535.81 11130.95 11722.69 75.86 702.37 1328.65 1954.50 2579.73 3204.15 3827.57 4449.80 5070.66 5689.95 6307.49 6923.08 7536.55 8147.70 8756.34 9362.30 9965.40 10565.43 11162.24 11755.62 76.28 704.54 1332.56 1960.15 2587.12 3213.28 3838.44 4462.41 5084.99 5706.01 6325.26 6942.57 7557.74 8170.59 8780.93 9388.58 9993.35 10595.06 11193.52 11788.56 76.71 706.71 1336.47 1965.81 2594.52 3222.42 3849.31 4475.01 5099.33 5722.06 6343.04 6962.06 7578.94 8193.49 8805.52 9414.86 10021.30 10624.68 11224.80 11821.49 77.13 708.88 1340.39 1971.47 2601.92 3231.56 3860.19 4487.62 5113.66 5738.12 6360.82 6981.55 7600.14 8216.39 8830.12 9441.14 10049.26 10654.31 11256.09 11854.43 77.56 711.05 1344.30 1977.12 2609.32 3240.69 3871.06 4500.22 5128.00 5754.18 6378.59 7001.04 7621.34 8239.29 8854.71 9467.42 10077.22 10683.93 11287.38 11887.37 77.99 713.23 1348.22 1982.78 2616.72 3249.83 3881.94 4512.83 5142.33 5770.24 6396.37 7020.53 7642.54 8262.19 8879.30 9493.70 10105.18 10713.56 11318.67 11920.30 78.42 715.40 1352.14 1988.45 2624.12 3258.98 3892.81 4525.44 5156.67 5786.30 6414.15 7040.03 7663.74 8285.09 8903.90 9519.98 10133.14 10743.19 11349.95 11953.24 78.85 717.57 1356.06 1994.11 2631.53 3268.12 3903.69 4538.05 5171.01 5802.37 6431.94 7059.52 7684.94 8307.99 8928.50 9546.26 10161.10 10772.82 11381.24 11986.18 79.28 719.75 1359.98 1999.77 2638.93 3277.26 3914.57 4550.66 5185.35 5818.43 6449.72 7079.02 7706.14 8330.90 8953.09 9572.54 10189.06 10802.45 11412.54 12019.13 79.71 721.93 1363.90 2005.44 2646.34 3286.41 3925.45 4563.28 5199.69 5834.50 6467.50 7098.52 7727.35 8353.80 8977.69 9598.83 10217.02 10832.08 11443.83 12052.07 80.14 724.11 1367.83 2011.10 2653.74 3295.55 3936.33 4575.89 5214.03 5850.56 6485.29 7118.01 7748.55 8376.71 9002.29 9625.11 10244.99 10861.72 11475.12 12085.01 80.58 726.29 1371.75 2016.77 2661.15 3304.70 3947.22 4588.51 5228.38 5866.63 6503.07 7137.51 7769.76 8399.62 9026.89 9651.40 10272.95 10891.35 11506.42 12117.96 81.02 728.47 1375.68 2022.44 2668.56 3313.85 3958.10 4601.12 5242.72 5882.70 6520.86 7157.01 7790.97 8422.52 9051.50 9677.69 10300.92 10920.99 11537.71 12150.90 81.45 730.65 1379.60 2028.11 2675.97 3323.00 3968.98 4613.74 5257.07 5898.77 6538.65 7176.52 7812.18 8445.43 9076.10 9703.98 10328.88 10950.62 11569.01 12183.85 81.89 732.83 1383.53 2033.78 2683.38 3332.15 3979.87 4626.36 5271.41 5914.84 6556.44 7196.02 7833.39 8468.34 9100.70 9730.27 10356.85 10980.26 11600.30 12216.80 82.33 735.02 1387.46 2039.45 2690.80 3341.30 3990.76 4638.98 5285.76 5930.91 6574.23 7215.52 7854.60 8491.26 9125.31 9756.56 10384.82 11009.90 11631.60 12249.75 82.77 737.21 1391.39 2045.12 2698.21 3350.45 4001.65 4651.60 5300.11 5946.98 6592.02 7235.03 7875.81 8514.17 9149.92 9782.85 10412.79 11039.54 11662.90 12282.70 83.21 739.39 1395.32 2050.80 2705.63 3359.61 4012.54 4664.22 5314.46 5963.06 6609.81 7254.53 7897.02 8537.08 9174.52 9809.15 10440.76 11069.18 11694.20 12315.65 83.66 741.58 1399.25 2056.47 2713.04 3368.76 4023.43 4676.84 5328.81 5979.13 6627.61 7274.04 7918.24 8560.00 9199.13 9835.44 10468.74 11098.82 11725.51 12348.60 84.10 743.77 1403.19 2062.15 2720.46 3377.92 4034.32 4689.47 5343.16 5995.21 6645.40 7293.55 7939.45 8582.92 9223.74 9861.74 10496.71 11128.46 11756.81 12381.55 84.55 745.96 1407.12 2067.83 2727.88 3387.07 4045.21 4702.09 5357.52 6011.29 6663.20 7313.06 7960.67 8605.83 9248.35 9888.03 10524.68 11158.11 11788.11 12414.51 84.99 748.15 1411.06 2073.51 2735.30 3396.23 4056.11 4714.72 5371.87 6027.37 6681.00 7332.57 7981.89 8628.75 9272.96 9914.33 10552.66 11187.75 11819.42 12447.46 85.44 750.35 1415.00 2079.19 2742.72 3405.39 4067.00 4727.35 5386.23 6043.45 6698.80 7352.08 8003.11 8651.67 9297.58 9940.63 10580.64 11217.40 11850.72 12480.42 85.89 752.54 1418.93 2084.87 2750.14 3414.55 4077.90 4739.98 5400.59 6059.53 6716.60 7371.60 8024.33 8674.59 9322.19 9966.93 10608.61 11247.04 11882.03 12513.38 86.34 754.74 1422.87 2090.55 2757.57 3423.72 4088.80 4752.61 5414.95 6075.61 6734.40 7391.11 8045.55 8697.51 9346.81 9993.23 10636.59 11276.69 11913.34 12546.34 86.79 756.93 1426.81 2096.24 2764.99 3432.88 4099.70 4765.24 5429.30 6091.69 6752.20 7410.63 8066.77 8720.44 9371.42 10019.54 10664.57 11306.34 11944.65 12579.30 87.25 759.13 1430.76 2101.92 2772.42 3442.04 4110.60 4777.87 5443.67 6107.78 6770.00 7430.14 8088.00 8743.36 9396.04 10045.84 10692.55 11335.99 11975.96 12612.26 87.70 761.33 1434.70 2107.61 2779.84 3451.21 4121.50 4790.51 5458.03 6123.86 6787.81 7449.66 8109.22 8766.29 9420.66 10072.14 10720.54 11365.64 12007.27 12645.22 88.15 763.53 1438.64 2113.29 2787.27 3460.38 4132.40 4803.14 5472.39 6139.95 6805.61 7469.18 8130.45 8789.21 9445.28 10098.45 10748.52 11395.30 12038.58 12678.18 88.61 765.73 1442.59 2118.98 2794.70 3469.54 4143.30 4815.78 5486.75 6156.04 6823.42 7488.70 8151.67 8812.14 9469.90 10124.76 10776.50 11424.95 12069.90 12711.14 89.07 767.93 1446.54 2124.67 2802.13 3478.71 4154.21 4828.41 5501.12 6172.13 6841.23 7508.22 8172.90 8835.07 9494.52 10151.06 10804.49 11454.60 12101.21 12744.11 89.53 770.14 1450.48 2130.36 2809.56 3487.88 4165.12 4841.05 5515.49 6188.22 6859.04 7527.74 8194.13 8858.00 9519.15 10177.37 10832.48 11484.26 12132.53 12777.08 89.99 772.34 1454.43 2136.05 2817.00 3497.06 4176.02 4853.69 5529.85 6204.31 6876.85 7547.27 8215.36 8880.93 9543.77 10203.68 10860.46 11513.92 12163.84 12810.04 90.45 774.55 1458.38 2141.75 2824.43 3506.23 4186.93 4866.33 5544.22 6220.40 6894.66 7566.79 8236.59 8903.86 9568.40 10229.99 10888.45 11543.57 12195.16 12843.01 90.91 776.75 1462.33 2147.44 2831.87 3515.40 4197.84 4878.97 5558.59 6236.49 6912.47 7586.32 8257.82 8926.80 9593.02 10256.31 10916.44 11573.23 12226.48 12875.98 91.37 778.96 1466.29 2153.14 2839.30 3524.58 4208.75 4891.62 5572.96 6252.59 6930.28 7605.84 8279.06 8949.73 9617.65 10282.62 10944.43 11602.89 12257.80 12908.95 91.84 781.17 1470.24 2158.83 2846.74 3533.75 4219.66 4904.26 5587.34 6268.69 6948.10 7625.37 8300.29 8972.66 9642.28 10308.93 10972.43 11632.55 12289.12 12941.92 92.30 783.38 1474.19 2164.53 2854.18 3542.93 4230.58 4916.91 5601.71 6284.78 6965.91 7644.90 8321.53 8995.60 9666.91 10335.25 11000.42 11662.22 12320.44 12974.89 92.77 785.59 1478.15 2170.23 2861.62 3552.11 4241.49 4929.55 5616.08 6300.88 6983.73 7664.43 8342.77 9018.54 9691.54 10361.57 11028.41 11691.88 12351.76 13007.87 93.24 787.81 1482.11 2175.93 2869.06 3561.29 4252.41 4942.20 5630.46 6316.98 7001.55 7683.96 8364.00 9041.48 9716.17 10387.88 11056.41 11721.54 12383.09 13040.84 93.71 790.02 1486.07 2181.63 2876.50 3570.47 4263.32 4954.85 5644.84 6333.08 7019.37 7703.49 8385.24 9064.42 9740.80 10414.20 11084.40 11751.21 12414.41 13073.81 94.18 792.24 1490.03 2187.33 2883.95 3579.65 4274.24 4967.50 5659.22 6349.18 7037.19 7723.03 8406.48 9087.36 9765.44 10440.52 11112.40 11780.88 12445.74 13106.79 94.65 794.45 1493.99 2193.04 2891.39 3588.84 4285.16 4980.15 5673.59 6365.29 7055.01 7742.56 8427.73 9110.30 9790.07 10466.84 11140.40 11810.54 12477.07 13139.77 95.12 796.67 1497.95 2198.74 2898.84 3598.02 4296.08 4992.80 5687.97 6381.39 7072.83 7762.10 8448.97 9133.24 9814.71 10493.17 11168.40 11840.21 12508.39 13172.75 95.59 798.89 1501.91 2204.45 2906.28 3607.20 4307.00 5005.45 5702.36 6397.49 7090.66 7781.63 8470.21 9156.19 9839.35 10519.49 11196.40 11869.88 12539.72 13205.73 96.07 801.11 1505.88 2210.15 2913.73 3616.39 4317.92 5018.11 5716.74 6413.60 7108.48 7801.17 8491.46 9179.13 9863.99 10545.81 11224.40 11899.55 12571.05 13238.71 96.54 803.33 1509.84 2215.86 2921.18 3625.58 4328.85 5030.76 5731.12 6429.71 7126.31 7820.71 8512.70 9202.08 9888.63 10572.14 11252.41 11929.22 12602.39 13271.69 97.02 805.55 1513.81 2221.57 2928.63 3634.77 4339.77 5043.42 5745.51 6445.82 7144.13 7840.25 8533.95 9225.03 9913.27 10598.46 11280.41 11958.90 12633.72 13304.67 97.50 807.78 1517.78 2227.28 2936.08 3643.96 4350.70 5056.08 5759.89 6461.93 7161.96 7859.79 8555.20 9247.98 9937.91 10624.79 11308.41 11988.57 12665.05 13337.65 97.98 810.00 1521.74 2232.99 2943.54 3653.15 4361.62 5068.74 5774.28 6478.04 7179.79 7879.33 8576.45 9270.93 9962.55 10651.12 11336.42 12018.24 12696.39 13370.64 98.46 812.23 1525.71 2238.71 2950.99 3662.34 4372.55 5081.40 5788.67 6494.15 7197.62 7898.88 8597.70 9293.88 9987.20 10677.45 11364.43 12047.92 12727.72 13403.62 98.94 814.45 1529.69 2244.42 2958.44 3671.54 4383.48 5094.06 5803.06 6510.26 7215.45 7918.42 8618.95 9316.83 10011.84 10703.78 11392.44 12077.60 12759.06 13436.61 99.43 816.68 1533.66 2250.14 2965.90 3680.73 4394.41 5106.72 5817.45 6526.38 7233.29 7937.97 8640.20 9339.78 10036.49 10730.11 11420.45 12107.28 12790.40 13469.60 99.91 818.91 1537.63 2255.85 2973.36 3689.93 4405.34 5119.39 5831.84 6542.49 7251.12 7957.52 8661.46 9362.74 10061.14 10756.45 11448.46 12136.96 12821.74 13502.59 100.40 821.14 1541.61 2261.57 2980.82 3699.12 4416.27 5132.05 5846.23 6558.61 7268.96 7977.06 8682.71 9385.69 10085.78 10782.78 11476.47 12166.64 12853.08 13535.58 100.88 823.37 1545.58 2267.29 2988.28 3708.32 4427.21 5144.72 5860.63 6574.73 7286.79 7996.61 8703.97 9408.65 10110.43 10809.12 11504.48 12196.32 12884.42 13568.57 101.37 825.61 1549.56 2273.01 2995.74 3717.52 4438.14 5157.38 5875.02 6590.85 7304.63 8016.16 8725.23 9431.60 10135.08 10835.45 11532.49 12226.00 12915.76 13601.56 101.86 827.84 1553.54 2278.73 3003.20 3726.72 4449.08 5170.05 5889.42 6606.97 7322.47 8035.71 8746.48 9454.56 10159.74 10861.79 11560.51 12255.68 12947.10 13634.55 102.35 830.08 1557.52 2284.45 3010.66 3735.92 4460.02 5182.72 5903.82 6623.09 7340.31 8055.27 8767.74 9477.52 10184.39 10888.13 11588.52 12285.37 12978.45 13667.55 102.84 832.31 1561.50 2290.18 3018.13 3745.13 4470.96 5195.39 5918.22 6639.21 7358.15 8074.82 8789.00 9500.48 10209.04 10914.47 11616.54 12315.05 13009.79 13700.54 103.33 834.55 1565.48 2295.90 3025.59 3754.33 4481.90 5208.06 5932.62 6655.33 7375.99 8094.38 8810.27 9523.45 10233.70 10940.81 11644.56 12344.74 13041.14 13733.54 103.83 836.79 1569.46 2301.63 3033.06 3763.54 4492.84 5220.74 5947.02 6671.46 7393.84 8113.93 8831.53 9546.41 10258.35 10967.15 11672.58 12374.43 13072.48 13766.54 104.32 839.03 1573.45 2307.35 3040.53 3772.74 4503.78 5233.41 5961.42 6687.58 7411.68 8133.49 8852.79 9569.37 10283.01 10993.49 11700.60 12404.12 13103.83 13799.54 104.82 841.27 1577.43 2313.08 3048.00 3781.95 4514.72 5246.09 5975.82 6703.71 7429.52 8153.05 8874.06 9592.34 10307.67 11019.84 11728.62 12433.81 13135.18 13832.53 105.32 843.51 1581.42 2318.81 3055.47 3791.16 4525.67 5258.76 5990.23 6719.84 7447.37 8172.61 8895.33 9615.31 10332.33 11046.18 11756.64 12463.50 13166.53 13865.53 105.82 845.76 1585.41 2324.54 3062.94 3800.37 4536.61 5271.44 6004.63 6735.97 7465.22 8192.17 8916.59 9638.27 10356.99 11072.53 11784.67 12493.19 13197.88 13898.54 106.32 848.00 1589.40 2330.27 3070.41 3809.58 4547.56 5284.12 6019.04 6752.10 7483.07 8211.73 8937.86 9661.24 10381.65 11098.88 11812.69 12522.88 13229.24 13931.54 106.82 850.25 1593.39 2336.01 3077.89 3818.79 4558.51 5296.80 6033.45 6768.23 7500.92 8231.29 8959.13 9684.21 10406.32 11125.22 11840.72 12552.58 13260.59 13964.54 107.32 852.49 1597.38 2341.74 3085.36 3828.01 4569.46 5309.48 6047.86 6784.36 7518.77 8250.86 8980.40 9707.18 10430.98 11151.57 11868.74 12582.27 13291.95 13997.55 107.82 854.74 1601.37 2347.48 3092.84 3837.22 4580.41 5322.16 6062.27 6800.50 7536.62 8270.42 9001.67 9730.16 10455.65 11177.92 11896.77 12611.97 13323.30 14030.55 108.33 856.99 1605.36 2353.21 3100.31 3846.44 4591.36 5334.85 6076.68 6816.63 7554.47 8289.99 9022.95 9753.13 10480.31 11204.27 11924.80 12641.67 13354.66 14063.56 108.83 859.24 1609.36 2358.95 3107.79 3855.65 4602.31 5347.53 6091.09 6832.77 7572.33 8309.56 9044.22 9776.10 10504.98 11230.63 11952.83 12671.37 13386.02 14096.57 109.34 861.49 1613.35 2364.69 3115.27 3864.87 4613.26 5360.22 6105.51 6848.90 7590.18 8329.12 9065.50 9799.08 10529.65 11256.98 11980.86 12701.06 13417.38 14129.58 109.85 863.75 1617.35 2370.43 3122.75 3874.09 4624.22 5372.90 6119.92 6865.04 7608.04 8348.69 9086.77 9822.05 10554.32 11283.34 12008.89 12730.77 13448.74 14162.59 110.36 866.00 1621.35 2376.17 3130.24 3883.31 4635.17 5385.59 6134.34 6881.18 7625.90 8368.26 9108.05 9845.03 10578.99 11309.69 12036.93 12760.47 13480.10 14195.60 110.87 868.26 1625.35 2381.91 3137.72 3892.53 4646.13 5398.28 6148.75 6897.32 7643.76 8387.84 9129.33 9868.01 10603.66 11336.05 12064.96 12790.17 13511.46 14228.61 111.38 870.51 1629.35 2387.66 3145.20 3901.76 4657.09 5410.97 6163.17 6913.46 7661.62 8407.41 9150.61 9890.99 10628.33 11362.41 12093.00 12819.87 13542.82 14261.62 111.89 872.77 1633.35 2393.40 3152.69 3910.98 4668.05 5423.66 6177.59 6929.61 7679.48 8426.98 9171.89 9913.97 10653.01 11388.77 12121.03 12849.58 13574.19 14294.64 112.40 875.03 1637.35 2399.15 3160.17 3920.21 4679.01 5436.36 6192.01 6945.75 7697.34 8446.56 9193.17 9936.95 10677.68 11415.13 12149.07 12879.28 13605.55 14327.65 112.92 877.29 1641.36 2404.89 3167.66 3929.43 4689.97 5449.05 6206.43 6961.90 7715.21 8466.13 9214.45 9959.94 10702.36 11441.49 12177.11 12908.99 13636.92 14360.67 113.44 879.55 1645.36 2410.64 3175.15 3938.66 4700.93 5461.74 6220.86 6978.04 7733.07 8485.71 9235.74 9982.92 10727.03 11467.85 12205.15 12938.70 13668.29 14393.68 113.95 881.81 1649.37 2416.39 3182.64 3947.89 4711.90 5474.44 6235.28 6994.19 7750.94 8505.29 9257.02 10005.91 10751.71 11494.21 12233.19 12968.41 13699.65 14426.70 114.47 884.08 1653.38 2422.14 3190.13 3957.12 4722.86 5487.14 6249.71 7010.34 7768.80 8524.87 9278.31 10028.89 10776.39 11520.58 12261.23 12998.12 13731.02 14459.72 114.99 886.34 1657.39 2427.89 3197.63 3966.35 4733.83 5499.84 6264.13 7026.49 7786.67 8544.45 9299.60 10051.88 10801.07 11546.95 12289.27 13027.83 13762.39 14492.74 115.51 888.61 1661.40 2433.65 3205.12 3975.58 4744.80 5512.54 6278.56 7042.64 7804.54 8564.03 9320.89 10074.87 10825.75 11573.31 12317.32 13057.54 13793.77 14525.76 116.03 890.87 1665.41 2439.40 3212.61 3984.82 4755.77 5525.24 6292.99 7058.79 7822.41 8583.62 9342.18 10097.86 10850.44 11599.68 12345.36 13087.26 13825.14 14558.78 116.56 893.14 1669.42 2445.16 3220.11 3994.05 4766.74 5537.94 6307.42 7074.95 7840.28 8603.20 9363.47 10120.85 10875.12 11626.05 12373.41 13116.97 13856.51 14591.81 117.08 895.41 1673.44 2450.91 3227.61 4003.29 4777.71 5550.64 6321.85 7091.10 7858.16 8622.79 9384.76 10143.84 10899.81 11652.42 12401.46 13146.69 13887.89 14624.83 117.61 897.68 1677.45 2456.67 3235.11 4012.52 4788.68 5563.35 6336.28 7107.26 7876.03 8642.37 9406.05 10166.84 10924.49 11678.79 12429.50 13176.40 13919.26 14657.86 118.13 899.95 1681.47 2462.43 3242.61 4021.76 4799.65 5576.05 6350.72 7123.41 7893.91 8661.96 9427.35 10189.83 10949.18 11705.16 12457.55 13206.12 13950.64 14690.88 118.66 902.23 1685.48 2468.19 3250.11 4031.00 4810.63 5588.76 6365.15 7139.57 7911.78 8681.55 9448.64 10212.83 10973.87 11731.54 12485.60 13235.84 13982.02 14723.91 119.19 904.50 1689.50 2473.95 3257.61 4040.24 4821.60 5601.47 6379.59 7155.73 7929.66 8701.14 9469.94 10235.82 10998.56 11757.91 12513.66 13265.56 14013.40 14756.94 119.72 906.78 1693.52 2479.71 3265.11 4049.48 4832.58 5614.17 6394.02 7171.89 7947.54 8720.73 9491.24 10258.82 11023.25 11784.29 12541.71 13295.28 14044.78 14789.97 120.25 909.05 1697.54 2485.48 3272.62 4058.72 4843.56 5626.88 6408.46 7188.05 7965.42 8740.32 9512.54 10281.82 11047.94 11810.66 12569.76 13325.00 14076.16 14823.00 120.79 911.33 1701.56 2491.24 3280.12 4067.97 4854.54 5639.60 6422.90 7204.21 7983.30 8759.92 9533.84 10304.82 11072.63 11837.04 12597.82 13354.73 14107.54 14856.03 121.32 913.61 1705.59 2497.01 3287.63 4077.21 4865.52 5652.31 6437.34 7220.38 8001.18 8779.51 9555.14 10327.82 11097.33 11863.42 12625.87 13384.45 14138.93 14889.07
=== END RADAR_SCAN ===

