=== BEGIN RADAR_SCAN ===
scan.index=1
scan.time=175.000000
radar.id=0
radar.frequency=C
radar.scanning_mode=PPI
radar.x=0.000
radar.y=0.000
radar.z=25.000
radar.maximum_range=250000.000
radar.range_resolution=250.000
radar.angular_resolution=1.000000
box.radar_id=0
box.min_range_gate=145.000
box.max_range_gate=227.000
box.min_angle=132.000000
box.max_angle=161.000000
box.num_ranges=83
box.num_angles=29
box.range_resolution=250.000
box.angular_resolution=1.000000
box.other_angle=12.000000
grid.size=2407
grid.data=0.00 0.00 0.00 0.00 0.00 0.00 0.00 0.00 0.00 0.00 0.00 0.00 0.00 0.00 0.00 0.00 0.00 0.00 0.00 0.00 0.00 0.00 0.00 0.00 0.00 0.00 0.00 0.00 0.00 0.00 0.00 0.00 0.00 0.00 0.00 0.00 0.00 0.00 0.00 0.00 0.00 0.10 0.65 0.01 0.45 0.05 -1.10 0.00 0.00 0.00 0.00 0.00 0.00 0.00 0.00 0.00 0.00 0.00 0.00 0.00 0.00 0.00 0.00 0.00 0.00 0.00 0.00 0.00 0.00 0.25 0.74 -0.87 0.39 0.34 -0.64 0.96 -0.49 0.00 0.00 0.00 0.00 0.00 0.00 0.00 0.00 0.00 0.00 0.00 0.00 0.00 0.00 0.00 0.00 0.00 0.00 0.00 0.00 -0.75 1.25 -0.55 0.87 0.54 0.52 -0.21 0.21 0.20 -0.42 0.00 0.00 0.00 0.00 0.00 0.00 0.00 0.00 0.00 0.00 0.00 0.00 0.00 0.00 0.00 0.00 0.00 0.00 1.16 -0.04 14.65 -0.12 0.70 -0.18 -1.63 0.14 -0.83 0.81 -0.80 0.46 0.00 0.00 0.00 0.00 0.00 0.00 0.00 0.00 0.00 0.00 0.00 0.00 0.00 0.00 0.00 0.00 0.00 13.33 13.88 12.67 12.48 12.16 0.92 0.84 0.37 0.23 1.05 0.26 -0.74 -0.15 0.00 0.00 0.00 0.00 0.00 0.00 0.00 0.00 0.00 0.00 0.00 0.00 0.00 0.00 0.00 13.57 12.43 12.14 13.29 12.14 13.09 12.28 -1.54 0.08 -0.45 0.12 0.50 -2.11 1.19 0.00 0.00 0.00 0.00 0.00 0.00 0.00 0.00 0.00 0.00 0.00 0.00 0.00 0.00 -1.00 10.87 13.52 11.95 12.86 12.74 10.84 10.95 -0.70 0.63 0.54 0.05 0.18 0.15 1.92 0.55 0.00 0.00 0.00 0.00 0.00 0.00 0.00 0.00 0.00 0.00 0.00 0.00 0.00 12.22 12.24 11.80 10.89 13.24 12.43 11.14 11.94 11.81 0.57 -0.74 -0.57 0.54 -1.18 0.22 -0.90 0.00 0.00 0.00 0.00 0.00 0.00 0.00 0.00 0.00 0.00 0.00 0.00 0.00 10.06 12.19 12.38 11.32 11.75 12.92 10.78 11.12 10.27 0.73 1.27 -0.12 -0.93 0.23 0.29 1.31 0.48 0.00 0.00 0.00 0.00 0.00 0.00 0.00 0.00 0.00 0.00 0.00 12.31 10.39 9.76 12.11 11.69 11.71 13.67 11.48 11.02 11.15 0.69 -0.88 -0.40 -0.03 -0.57 0.31 -0.18 0.61 0.00 0.00 0.00 0.00 0.00 0.00 0.00 0.00 0.00 0.00 0.00 11.94 9.94 10.29 8.84 8.80 11.85 12.34 9.64 12.45 11.58 10.39 -0.29 -0.92 -0.81 -0.04 0.99 -1.36 0.80 0.00 0.00 0.00 0.00 0.00 0.00 0.00 0.00 0.00 0.00 0.00 14.33 10.88 8.86 12.07 9.78 10.17 10.52 9.99 12.25 10.41 10.79 0.64 -0.84 1.05 -0.35 0.89 -0.26 -0.89 0.05 0.00 0.00 0.00 0.00 0.00 0.00 0.00 0.00 0.00 11.81 11.59 9.35 10.75 8.52 9.94 8.13 9.95 10.33 11.01 10.82 9.60 -0.38 -0.70 0.58 -0.00 1.17 0.29 -0.44 0.17 0.00 0.00 0.00 0.00 0.00 0.00 0.00 0.00 0.00 10.20 9.29 9.92 10.24 9.57 9.98 9.41 12.71 8.75 9.08 9.30 11.80 -1.19 -0.12 0.14 1.47 -1.17 0.57 -0.64 0.84 0.00 0.00 0.00 0.00 0.00 0.00 0.00 0.00 0.00 9.09 9.64 8.04 8.04 9.02 10.23 10.66 8.46 8.13 7.87 8.86 8.42 10.14 -1.11 -0.93 1.45 -1.44 -0.68 -0.63 -0.11 -0.75 0.00 0.00 0.00 0.00 0.00 0.00 0.00 0.89 9.76 9.77 8.69 9.47 9.85 9.49 8.64 8.12 8.57 9.10 10.51 10.55 9.84 -1.05 -0.68 0.28 1.30 0.12 -0.58 0.13 0.35 0.00 0.00 0.00 0.00 0.00 0.00 0.00 -0.01 8.17 7.87 9.24 8.88 8.80 9.85 8.15 10.05 8.66 8.94 8.71 9.22 7.95 0.15 0.43 0.11 0.23 0.42 0.33 0.46 1.16 0.00 0.00 0.00 0.00 0.00 0.00 0.00 -0.15 8.21 7.40 9.00 9.28 8.47 9.71 9.30 7.76 9.89 7.45 8.52 9.75 7.54 -0.37 0.23 0.11 -0.78 -0.08 1.31 -2.07 0.04 0.00 0.00 0.00 0.00 0.00 0.00 0.00 0.71 8.62 8.23 7.63 9.12 8.97 8.08 9.12 7.82 7.43 7.76 7.73 9.97 8.48 0.24 1.15 -0.07 -1.42 0.63 0.79 -0.12 -0.21 0.00 0.00 0.00 0.00 0.00 0.00 0.00 0.87 7.70 7.06 7.56 8.43 7.46 8.32 7.98 9.20 8.98 7.30 7.26 6.41 6.98 0.47 -0.29 0.01 0.42 -0.68 0.39 -0.29 -1.51 -1.24 0.00 0.00 0.00 0.00 0.00 0.00 8.49 8.44 6.97 6.43 9.36 6.61 5.90 7.05 8.66 5.81 7.63 7.47 8.32 6.63 -0.47 -0.22 0.42 -0.25 0.12 -0.35 0.39 0.42 -0.57 0.00 0.00 0.00 0.00 0.00 0.17 6.16 8.26 6.35 8.86 5.74 6.54 5.63 7.30 8.16 5.84 7.38 7.19 7.28 8.64 -1.29 -1.25 -0.24 0.31 -0.17 0.97 -0.10 -1.08 1.05 0.00 0.00 0.00 0.00 0.00 0.12 0.38 0.61 0.21 -0.27 -0.31 0.90 0.59 -0.47 1.05 -0.77 -1.67 1.16 -0.51 1.22 -0.02 -0.41 0.86 0.47 -0.14 -0.15 0.15 -0.92 -0.62 0.00 0.00 0.00 0.00 0.00 0.45 0.30 1.19 0.34 -1.17 0.92 0.70 0.52 -0.78 0.99 -0.20 0.29 -0.24 -0.29 -0.21 0.59 -0.38 0.56 -1.06 -0.04 -0.59 -0.18 -0.33 0.13 0.00 0.00 0.00 0.00 0.00 -0.20 0.28 -1.10 1.42 -1.36 -0.95 -0.90 0.97 -0.66 0.03 0.27 0.33 0.29 -0.71 -0.41 0.06 -0.65 0.49 -0.09 1.13 0.88 -0.71 -1.71 0.10 0.00 0.00 0.00 0.00 0.00 0.28 0.38 -1.12 -0.83 0.77 0.72 -0.29 0.19 -0.43 -0.36 -0.05 0.01 -0.68 -0.30 -0.59 -0.41 -0.17 -0.07 0.75 0.47 -0.06 -0.08 0.13 -1.05 0.00 0.00 0.00 0.00 0.00 -0.05 -0.06 -1.23 0.15 0.02 0.74 -0.00 -0.06 -0.95 -0.25 0.41 0.76 0.25 0.34 0.60 -0.40 -0.37 0.45 -0.48 -0.05 0.96 0.32 0.63 0.46 0.00 0.00 0.00 0.00 0.00 -0.45 0.29 -1.36 1.23 -0.09 1.01 0.62 -0.25 0.40 -0.93 0.20 -0.86 -0.36 -0.48 0.06 -0.00 0.44 0.73 -0.14 0.64 -0.03 0.37 -0.51 -0.58 0.35 0.00 0.00 0.00 0.00 0.38 -0.06 1.02 0.38 0.14 0.30 1.04 -1.01 -0.17 0.68 -0.26 0.87 0.60 -1.23 -0.11 -0.54 1.09 0.37 0.05 0.18 0.47 0.96 0.42 -0.57 -0.00 0.00 0.00 0.00 0.00 -0.20 -0.46 -0.07 -0.60 0.41 0.13 -0.58 -0.44 -0.08 0.38 -1.05 -0.20 1.07 0.06 0.66 -0.13 0.18 0.43 -0.19 -1.73 0.80 0.24 0.13 -0.43 1.45 0.00 0.00 0.00 0.00 0.34 -0.98 -1.40 0.14 -0.41 -0.48 -1.20 0.29 0.11 0.36 0.43 0.56 0.04 0.04 1.36 0.89 -0.65 -0.20 -0.58 0.02 -0.91 -0.11 0.70 -1.15 0.49 0.00 0.00 0.00 0.00 0.85 -0.24 0.41 0.36 -0.91 -0.73 0.80 -1.00 0.64 -0.98 0.54 -1.34 1.60 -1.01 -0.08 -0.54 -1.41 -0.01 -0.31 1.07 -1.50 -0.40 0.28 0.73 -0.30 0.00 0.00 0.00 0.00 -0.03 -0.05 0.53 0.39 0.86 0.90 0.71 -1.73 0.53 -0.29 0.26 0.88 0.23 0.31 0.06 -0.88 0.08 0.98 -1.21 1.71 0.38 -0.28 0.63 0.29 0.14 0.00 0.00 0.00 0.29 1.35 -0.65 0.07 0.02 -0.48 0.72 -0.70 -1.25 0.42 -0.61 -0.15 0.72 1.38 0.73 0.70 -0.79 0.22 0.29 0.97 0.51 1.49 -0.20 -0.12 0.30 -0.38 0.00 0.00 0.00 -0.04 -0.72 0.44 0.96 -0.96 0.44 -0.52 -0.81 -0.50 1.44 0.68 -1.06 0.04 0.36 -0.17 -0.15 -1.17 1.40 0.60 -0.66 -0.24 -0.61 0.50 -0.37 -0.82 0.42 0.00 0.00 0.00 0.44 -0.14 -0.29 0.26 0.12 0.04 0.04 -0.62 -1.06 -1.45 1.79 -0.48 -0.29 1.19 -0.42 0.77 0.04 0.14 0.81 -0.23 -0.25 -0.42 0.09 0.73 0.50 -0.10 0.00 0.00 0.00 1.24 -2.96 0.68 0.55 1.28 -0.93 -0.27 0.70 -0.11 -1.34 0.20 0.28 0.09 -0.57 -0.49 -1.19 -0.91 0.40 -0.14 0.02 -0.34 0.15 0.15 -0.16 1.06 0.59 0.00 0.00 0.00 -0.77 -0.16 -1.06 2.11 -0.03 -0.62 0.09 0.04 0.27 -0.30 -0.90 -0.71 0.74 -0.13 -0.76 0.85 0.18 -0.62 -0.12 1.00 0.52 -0.23 -0.83 0.31 0.56 1.25 0.00 0.00 0.00 -0.58 -1.02 -0.42 0.31 -0.29 1.11 0.44 0.64 -0.99 0.29 -0.59 -0.86 -0.73 -1.25 0.01 0.07 0.90 1.25 -0.35 -0.68 0.20 -2.56 -0.25 -0.00 1.50 -0.56 0.00 0.00 0.00 0.00 -0.68 -0.59 -0.56 1.04 0.17 -0.31 0.95 1.19 -0.83 0.12 -0.98 -0.24 -0.37 0.48 0.75 -0.79 -1.46 0.03 -0.77 -0.24 0.34 -0.19 0.07 -1.51 0.63 0.00 0.00 0.00 0.00 -0.08 -0.18 -1.70 0.56 -0.34 -0.47 -0.52 1.49 -0.44 -0.00 0.29 0.51 0.63 -0.59 -0.77 0.32 -0.29 -0.68 0.50 0.24 -0.79 0.80 0.15 -0.82 -0.65 0.00 0.00 0.00 0.00 0.32 -0.57 0.46 -1.40 0.04 1.01 1.49 0.38 -0.79 0.55 -0.35 -0.13 0.10 0.18 -0.63 0.76 -0.71 0.22 1.36 0.04 -0.07 1.98 0.67 -0.28 0.67 0.00 0.00 0.00 0.00 0.96 0.66 0.45 -0.03 0.83 0.41 0.36 0.23 -0.09 -1.04 0.20 0.88 1.59 0.83 1.26 -0.53 -0.56 0.45 0.22 -1.33 -1.17 -0.15 -0.39 0.58 -0.77 0.00 0.00 0.00 0.00 0.76 0.80 0.97 -1.33 -0.81 -0.71 -0.04 0.11 -1.45 0.24 -0.05 -0.64 0.46 -0.67 0.30 0.00 0.43 0.08 -0.53 -0.01 0.14 0.24 0.74 -0.29 -2.12 0.00 0.00 0.00 0.00 -0.27 -1.15 -0.43 1.69 0.67 -0.39 -1.75 0.55 -0.94 1.00 0.45 -0.50 0.13 -1.08 -1.02 -0.98 0.20 1.41 0.18 0.09 -1.23 0.11 -1.68 0.09 -0.35 0.00 0.00 0.00 0.00 0.36 0.17 0.67 -0.57 0.99 -0.48 0.09 -0.81 -0.31 -0.91 0.94 0.72 -0.09 1.06 -0.58 0.90 0.72 -0.24 -1.59 1.22 -0.15 0.76 0.19 1.15 1.28 0.00 0.00 0.00 0.00 0.97 0.40 -0.54 1.06 -0.02 0.87 -0.76 -0.14 -1.46 -0.82 0.50 0.66 0.34 0.57 -1.22 -1.31 -0.98 0.70 -0.57 -0.99 -0.01 0.46 -0.32 0.79 0.00 0.00 0.00 0.00 0.00 -0.23 0.17 -0.44 0.06 -0.92 -0.49 -0.31 -0.04 0.64 0.06 0.54 1.36 -1.22 -0.03 -1.10 2.06 0.40 0.63 0.35 -0.77 0.39 1.24 0.50 0.37 0.00 0.00 0.00 0.00 0.00 0.64 -0.47 -0.70 -0.79 0.25 0.53 -0.47 -0.42 -1.21 -0.65 -0.51 -0.54 -0.66 0.31 0.28 0.75 0.59 -0.00 -0.10 1.87 0.92 0.11 1.54 -0.07 0.00 0.00 0.00 0.00 0.00 0.70 0.54 -0.69 0.12 1.33 -0.78 0.83 1.20 -0.33 2.27 1.02 0.78 -2.04 -0.86 -0.33 0.05 1.31 -0.97 0.88 0.09 -0.19 -2.29 0.17 -0.52 0.00 0.00 0.00 0.00 0.00 -0.37 1.18 0.23 -0.71 0.50 -0.19 -0.80 0.99 -0.54 -0.64 0.46 0.25 0.20 0.89 -0.19 0.72 -0.28 0.43 0.86 0.14 1.32 -0.47 0.61 0.15 0.00 0.00 0.00 0.00 0.00 -0.43 0.35 -0.01 -1.66 -0.43 -0.08 0.25 0.33 -0.05 -0.71 -0.21 -0.27 0.21 -0.22 0.91 0.05 0.88 -0.98 0.62 0.94 -0.06 0.14 -0.18 0.86 0.00 0.00 0.00 0.00 0.00 0.60 -2.20 0.20 0.39 0.59 -0.34 1.01 0.32 0.21 -0.69 -0.58 -0.18 -1.26 -0.61 0.12 -0.42 -0.31 -0.24 1.02 1.03 -0.04 -0.12 0.07 0.43 0.00 0.00 0.00 0.00 0.00 0.00 0.00 -0.12 0.97 -1.29 -1.31 0.56 1.14 0.13 0.65 -0.63 -0.23 -0.38 0.88 0.12 1.63 0.30 0.94 -0.53 -1.22 -1.90 0.51 -0.12 -1.02 0.00 0.00 0.00 0.00 0.00 0.00 -0.04 -0.24 0.29 -0.22 1.38 -0.18 -0.68 0.40 0.16 0.63 0.07 -0.09 -0.32 -0.15 0.56 -0.17 0.43 1.64 -0.22 0.72 -0.44 0.88 0.23 0.00 0.00 0.00 0.00 0.00 0.00 -0.01 -0.94 -0.13 0.43 -0.89 -0.28 1.19 0.37 0.55 -0.62 0.03 -0.33 0.37 0.12 -0.10 0.62 0.89 -0.42 0.80 0.45 0.14 -0.36 0.00 0.00 0.00 0.00 0.00 0.00 0.00 -0.97 0.87 1.13 1.21 0.79 -0.24 0.38 -0.37 -0.40 -0.58 -0.53 -1.41 -0.14 1.97 -0.16 -0.27 0.69 0.53 0.24 0.97 -0.18 -0.23 0.00 0.00 0.00 0.00 0.00 0.00 0.00 0.02 -0.62 0.58 0.14 0.79 -1.35 -0.23 0.02 0.53 -1.08 0.43 -1.71 0.41 -0.10 1.86 -0.48 0.26 0.43 -0.41 0.53 0.16 -0.39 0.00 0.00 0.00 0.00 0.00 0.00 0.00 -1.26 0.78 0.21 -0.67 0.68 -0.30 -1.33 0.43 -1.28 0.79 0.02 0.96 0.48 0.90 -1.46 -1.11 0.09 -0.36 0.38 1.24 -0.31 0.18 0.00 0.00 0.00 0.00 0.00 0.00 0.00 0.41 0.20 -0.52 0.40 1.04 0.02 0.17 0.57 0.79 0.21 0.74 -0.49 -0.46 0.75 -0.39 -0.09 -0.62 0.74 1.47 0.19 -0.73 -1.16 0.00 0.00 0.00 0.00 0.00 0.00 0.00 0.00 0.47 -0.62 1.56 0.54 -0.57 -0.80 0.98 -0.36 -1.91 0.80 0.13 -0.13 0.65 -0.06 0.33 0.54 -0.51 0.81 -1.89 -0.71 -0.91 0.00 0.00 0.00 0.00 0.00 0.00 0.00 0.00 0.16 -0.26 1.06 0.27 0.18 1.44 -1.46 -0.22 -0.02 0.06 -0.08 -0.99 0.29 0.03 0.60 0.10 -0.52 0.68 0.99 0.15 0.00 0.00 0.00 0.00 0.00 0.00 0.00 0.00 0.00 0.80 -0.60 0.26 -0.63 0.64 -0.17 1.89 -0.26 0.76 -0.41 -0.53 0.20 -0.29 1.37 -0.12 -1.30 0.70 0.72 1.29 1.00 0.00 0.00 0.00 0.00 0.00 0.00 0.00 0.00 0.00 -0.36 0.75 0.52 -0.22 -0.64 0.52 0.92 -0.98 0.40 1.31 -2.47 0.88 0.14 -0.26 0.12 0.08 1.16 1.01 -0.51 0.88 0.00 0.00 0.00 0.00 0.00 0.00 0.00 0.00 0.00 0.34 1.67 -1.18 0.78 1.01 1.25 -0.91 0.18 -0.22 -1.34 0.46 0.72 0.00 -0.14 -0.49 0.38 0.30 -0.12 0.59 1.21 0.00 0.00 0.00 0.00 0.00 0.00 0.00 0.00 0.00 0.00 0.09 -1.46 -0.55 1.18 0.85 0.60 -0.03 -0.52 0.74 0.48 1.60 0.23 0.53 -0.85 -0.43 0.26 -0.20 0.37 -0.94 0.00 0.00 0.00 0.00 0.00 0.00 0.00 0.00 0.00 0.00 0.31 -1.04 0.00 0.04 0.98 0.48 0.44 -0.37 -0.08 -0.94 1.13 -0.22 -0.38 -0.33 -0.54 0.82 -0.21 -0.26 0.00 0.00 0.00 0.00 0.00 0.00 0.00 0.00 0.00 0.00 0.00 -1.30 -0.36 -0.85 -0.12 1.35 0.74 0.19 0.22 1.72 -0.22 1.62 1.20 0.59 0.15 0.52 -0.88 -0.22 -1.02 0.00 0.00 0.00 0.00 0.00 0.00 0.00 0.00 0.00 0.00 0.00 0.00 -0.43 -0.08 0.86 -0.20 -0.13 -0.28 1.15 -0.24 -0.91 0.01 1.21 1.10 0.26 1.08 0.93 0.14 0.21 0.00 0.00 0.00 0.00 0.00 0.00 0.00 0.00 0.00 0.00 0.00 0.00 0.54 0.25 0.90 -1.13 -1.17 1.37 -0.22 -0.20 0.76 -0.23 0.17 0.55 -0.03 0.18 1.05 0.37 -0.13 0.00 0.00 0.00 0.00 0.00 0.00 0.00 0.00 0.00 0.00 0.00 0.00 -0.43 0.11 -0.34 0.40 -0.10 -0.21 1.12 -0.24 -0.70 0.09 -0.48 -0.30 -0.43 0.23 -0.42 -0.91 0.00 0.00 0.00 0.00 0.00 0.00 0.00 0.00 0.00 0.00 0.00 0.00 0.00 0.49 -1.01 -0.24 0.30 0.47 -0.03 1.49 -0.13 0.47 -0.42 -0.37 0.60 0.17 0.51 -0.11 -0.21 0.00 0.00 0.00 0.00 0.00 0.00 0.00 0.00 0.00 0.00 0.00 0.00 0.00 0.00 0.47 0.66 0.31 -0.05 0.10 -0.15 0.40 -0.43 0.13 0.04 -0.18 0.60 -0.34 1.07 0.29 0.00 0.00 0.00 0.00 0.00 0.00 0.00 0.00 0.00 0.00 0.00 0.00 0.00 0.00 -1.17 0.04 0.27 0.22 0.64 1.45 0.67 -0.37 -1.72 0.10 -0.73 -1.16 -1.90 -0.42 0.00 0.00 0.00 0.00 0.00 0.00 0.00 0.00 0.00 0.00 0.00 0.00 0.00 0.00 0.00 0.00 -0.66 0.21 -0.71 0.28 -0.93 1.29 -0.14 0.13 -0.45 -0.45 0.07 0.66 0.11 0.00 0.00 0.00 0.00 0.00 0.00 0.00 0.00 0.00 0.00 0.00 0.00 0.00 0.00 0.00 0.00 -0.31 -0.74 0.73 0.26 0.12 -1.86 0.42 0.35 0.52 -0.66 -2.05 0.04 0.00 0.00 0.00 0.00 0.00 0.00 0.00 0.00 0.00 0.00 0.00 0.00 0.00 0.00 0.00 0.00 0.00 0.00 1.24 -0.06 -0.52 -0.45 0.15 0.30 0.11 -0.19 1.61 -0.61 -0.66 0.00 0.00 0.00 0.00 0.00 0.00 0.00 0.00 0.00 0.00 0.00 0.00 0.00 0.00 0.00 0.00 0.00 0.00 -1.02 -0.70 0.26 -1.04 0.86 0.09 1.27 2.13 -0.39 -1.47 0.00 0.00 0.00 0.00 0.00 0.00 0.00 0.00 0.00 0.00 0.00 0.00 0.00 0.00 0.00 0.00 0.00 0.00 0.00 0.00 -0.79 0.49 0.96 -0.44 0.37 0.07 1.36 -0.86 -0.07 0.00 0.00 0.00 0.00 0.00 0.00 0.00 0.00 0.00 0.00 0.00 0.00 0.00 0.00 0.00 0.00 0.00 0.00 0.00 0.00 0.12 -0.01 -0.67 -0.02 0.56 0.67 -1.02 -0.19 0.00 0.00 0.00 0.00 0.00 0.00 0.00 0.00 0.00 0.00 0.00 0.00 0.00 0.00 0.00 0.00 0.00 0.00 0.00 0.00 0.00 0.00 -0.65 0.28 -0.43 -1.44 0.85 0.52 0.00 0.00 0.00 0.00 0.00 0.00 0.00 0.00 0.00 0.00 0.00 0.00 0.00 0.00 0.00 0.00 0.00 0.00 0.00 0.00 0.00 0.00 0.00 0.00 0.00 0.34 0.57 0.00 0.00 0.00 0.00 0.00 0.00 0.00 0.00 0.00 0.00 0.00 0.00 0.00
rain_type.data=0 0 0 0 0 0 0 0 0 0 0 0 0 0 0 0 0 0 0 0 0 0 0 0 0 0 0 0 0 0 0 0 0 0 0 0 0 0 0 0 0 1 1 1 1 1 1 0 0 0 0 0 0 0 0 0 0 0 0 0 0 0 0 0 0 0 0 0 0 1 1 1 1 1 1 1 1 0 0 0 0 0 0 0 0 0 0 0 0 0 0 0 0 0 0 0 0 1 1 1 1 1 1 1 1 1 1 0 0 0 0 0 0 0 0 0 0 0 0 0 0 0 0 0 0 1 1 2 1 1 1 1 1 1 1 1 1 0 0 0 0 0 0 0 0 0 0 0 0 0 0 0 0 0 2 2 2 2 2 1 1 1 1 1 1 1 1 0 0 0 0 0 0 0 0 0 0 0 0 0 0 0 2 2 2 2 2 2 2 1 1 1 1 1 1 1 0 0 0 0 0 0 0 0 0 0 0 0 0 0 1 2 2 2 2 2 2 2 1 1 1 1 1 1 1 1 0 0 0 0 0 0 0 0 0 0 0 0 0 2 2 2 2 2 2 2 2 2 1 1 1 1 1 1 1 0 0 0 0 0 0 0 0 0 0 0 0 0 2 2 2 2 2 2 2 2 2 1 1 1 1 1 1 1 1 0 0 0 0 0 0 0 0 0 0 0 2 2 2 2 2 2 2 2 2 2 1 1 1 1 1 1 1 1 0 0 0 0 0 0 0 0 0 0 0 2 2 2 2 2 2 2 2 2 2 2 1 1 1 1 1 1 1 0 0 0 0 0 0 0 0 0 0 0 2 2 2 2 2 2 2 2 2 2 2 1 1 1 1 1 1 1 1 0 0 0 0 0 0 0 0 0 2 2 2 2 2 2 2 2 2 2 2 2 1 1 1 1 1 1 1 1 0 0 0 0 0 0 0 0 0 2 2 2 2 2 2 2 2 2 2 2 2 1 1 1 1 1 1 1 1 0 0 0 0 0 0 0 0 0 2 2 2 2 2 2 2 2 2 2 2 2 2 1 1 1 1 1 1 1 1 0 0 0 0 0 0 0 1 2 2 2 2 2 2 2 2 2 2 2 2 2 1 1 1 1 1 1 1 1 0 0 0 0 0 0 0 1 2 2 2 2 2 2 2 2 2 2 2 2 2 1 1 1 1 1 1 1 1 0 0 0 0 0 0 0 1 2 2 2 2 2 2 2 2 2 2 2 2 2 1 1 1 1 1 1 1 1 0 0 0 0 0 0 0 1 2 2 2 2 2 2 2 2 2 2 2 2 2 1 1 1 1 1 1 1 1 0 0 0 0 0 0 0 1 2 2 2 2 2 2 2 2 2 2 2 2 2 1 1 1 1 1 1 1 1 1 0 0 0 0 0 0 2 2 2 2 2 2 2 2 2 2 2 2 2 2 1 1 1 1 1 1 1 1 1 0 0 0 0 0 1 2 2 2 2 2 2 2 2 2 2 2 2 2 2 1 1 1 1 1 1 1 1 1 0 0 0 0 0 1 2 2 2 2 2 2 2 2 2 2 2 2 2 2 1 1 1 1 1 1 1 1 1 0 0 0 0 0 1 2 2 2 2 2 2 2 2 2 2 2 2 2 2 1 1 1 1 1 1 1 1 1 0 0 0 0 0 1 2 2 2 2 2 2 2 2 2 2 2 2 2 2 1 1 1 1 1 1 1 1 1 0 0 0 0 0 1 2 2 2 2 2 2 2 2 2 2 2 2 2 2 1 1 1 1 1 1 1 1 1 0 0 0 0 0 1 1 2 2 2 2 2 2 2 2 2 2 2 2 2 1 1 1 1 1 1 1 1 1 0 0 0 0 0 1 1 2 2 2 2 2 2 2 2 2 2 2 2 2 1 1 1 1 1 1 1 1 1 1 0 0 0 0 1 1 2 2 2 2 2 2 2 2 2 2 2 2 2 1 1 1 1 1 1 1 1 1 1 0 0 0 0 1 1 2 2 2 2 2 2 2 2 2 2 2 2 2 1 1 1 1 1 1 1 1 1 1 0 0 0 0 1 1 2 2 2 2 2 2 2 2 2 2 2 2 2 1 1 1 1 1 1 1 1 1 1 0 0 0 0 1 1 2 2 2 2 2 2 2 2 2 2 2 2 2 1 1 1 1 1 1 1 1 1 1 0 0 0 0 1 1 2 2 2 2 2 2 2 2 2 2 2 2 1 1 1 1 1 1 1 1 1 1 1 0 0 0 1 1 1 2 2 2 2 2 2 2 2 2 2 2 2 1 1 1 1 1 1 1 1 1 1 1 0 0 0 1 1 1 1 2 2 2 2 2 2 2 2 2 2 2 1 1 1 1 1 1 1 1 1 1 1 0 0 0 1 1 1 1 2 2 2 2 2 2 2 2 2 2 2 1 1 1 1 1 1 1 1 1 1 1 0 0 0 1 1 1 1 2 2 2 2 2 2 2 2 2 2 2 1 1 1 1 1 1 1 1 1 1 1 0 0 0 1 1 1 1 2 2 2 2 2 2 2 2 2 2 1 1 1 1 1 1 1 1 1 1 1 1 0 0 0 1 1 1 1 1 2 2 2 2 2 2 2 2 2 1 1 1 1 1 1 1 1 1 1 1 1 0 0 0 0 1 1 1 1 2 2 2 2 2 2 2 2 2 1 1 1 1 1 1 1 1 1 1 1 1 0 0 0 0 1 1 1 1 2 2 2 2 2 2 2 2 1 1 1 1 1 1 1 1 1 1 1 1 1 0 0 0 0 1 1 1 1 1 2 2 2 2 2 2 2 1 1 1 1 1 1 1 1 1 1 1 1 1 0 0 0 0 1 1 1 1 1 1 2 2 2 2 2 1 1 1 1 1 1 1 1 1 1 1 1 1 1 0 0 0 0 1 1 1 1 1 1 2 2 2 2 1 1 1 1 1 1 1 1 1 1 1 1 1 1 1 0 0 0 0 1 1 1 1 1 1 1 1 1 1 1 1 1 1 1 1 1 1 1 1 1 1 1 1 1 0 0 0 0 1 1 1 1 1 1 1 1 1 1 1 1 1 1 1 1 1 1 1 1 1 1 1 1 1 0 0 0 0 1 1 1 1 1 1 1 1 1 1 1 1 1 1 1 1 1 1 1 1 1 1 1 1 0 0 0 0 0 1 1 1 1 1 1 1 1 1 1 1 1 1 1 1 1 1 1 1 1 1 1 1 1 0 0 0 0 0 1 1 1 1 1 1 1 1 1 1 1 1 1 1 1 1 1 1 1 1 1 1 1 1 0 0 0 0 0 1 1 1 1 1 1 1 1 1 1 1 1 1 1 1 1 1 1 1 1 1 1 1 1 0 0 0 0 0 1 1 1 1 1 1 1 1 1 1 1 1 1 1 1 1 1 1 1 1 1 1 1 1 0 0 0 0 0 1 1 1 1 1 1 1 1 1 1 1 1 1 1 1 1 1 1 1 1 1 1 1 1 0 0 0 0 0 1 1 1 1 1 1 1 1 1 1 1 1 1 1 1 1 1 1 1 1 1 1 1 1 0 0 0 0 0 0 1 1 1 1 1 1 1 1 1 1 1 1 1 1 1 1 1 1 1 1 1 1 1 0 0 0 0 0 0 1 1 1 1 1 1 1 1 1 1 1 1 1 1 1 1 1 1 1 1 1 1 1 0 0 0 0 0 0 1 1 1 1 1 1 1 1 1 1 1 1 1 1 1 1 1 1 1 1 1 1 0 0 0 0 0 0 0 1 1 1 1 1 1 1 1 1 1 1 1 1 1 1 1 1 1 1 1 1 1 0 0 0 0 0 0 0 1 1 1 1 1 1 1 1 1 1 1 1 1 1 1 1 1 1 1 1 1 1 0 0 0 0 0 0 0 1 1 1 1 1 1 1 1 1 1 1 1 1 1 1 1 1 1 1 1 1 1 0 0 0 0 0 0 0 1 1 1 1 1 1 1 1 1 1 1 1 1 1 1 1 1 1 1 1 1 1 0 0 0 0 0 0 0 0 1 1 1 1 1 1 1 1 1 1 1 1 1 1 1 1 1 1 1 1 1 0 0 0 0 0 0 0 0 1 1 1 1 1 1 1 1 1 1 1 1 1 1 1 1 1 1 1 1 0 0 0 0 0 0 0 0 0 1 1 1 1 1 1 1 1 1 1 1 1 1 1 1 1 1 1 1 1 0 0 0 0 0 0 0 0 0 1 1 1 1 1 1 1 1 1 1 1 1 1 1 1 1 1 1 1 1 0 0 0 0 0 0 0 0 0 1 1 1 1 1 1 1 1 1 1 1 1 1 1 1 1 1 1 1 1 0 0 0 0 0 0 0 0 0 0 1 1 1 1 1 1 1 1 1 1 1 1 1 1 1 1 1 1 1 0 0 0 0 0 0 0 0 0 0 1 1 1 1 1 1 1 1 1 1 1 1 1 1 1 1 1 1 0 0 0 0 0 0 0 0 0 0 0 1 1 1 1 1 1 1 1 1 1 1 1 1 1 1 1 1 1 0 0 0 0 0 0 0 0 0 0 0 0 1 1 1 1 1 1 1 1 1 1 1 1 1 1 1 1 1 0 0 0 0 0 0 0 0 0 0 0 0 1 1 1 1 1 1 1 1 1 1 1 1 1 1 1 1 1 0 0 0 0 0 0 0 0 0 0 0 0 1 1 1 1 1 1 1 1 1 1 1 1 1 1 1 1 0 0 0 0 0 0 0 0 0 0 0 0 0 1 1 1 1 1 1 1 1 1 1 1 1 1 1 1 1 0 0 0 0 0 0 0 0 0 0 0 0 0 0 1 1 1 1 1 1 1 1 1 1 1 1 1 1 1 0 0 0 0 0 0 0 0 0 0 0 0 0 0 1 1 1 1 1 1 1 1 1 1 1 1 1 1 0 0 0 0 0 0 0 0 0 0 0 0 0 0 0 0 1 1 1 1 1 1 1 1 1 1 1 1 1 0 0 0 0 0 0 0 0 0 0 0 0 0 0 0 0 1 1 1 1 1 1 1 1 1 1 1 1 0 0 0 0 0 0 0 0 0 0 0 0 0 0 0 0 0 0 1 1 1 1 1 1 1 1 1 1 1 0 0 0 0 0 0 0 0 0 0 0 0 0 0 0 0 0 0 1 1 1 1 1 1 1 1 1 1 0 0 0 0 0 0 0 0 0 0 0 0 0 0 0 0 0 0 0 0 1 1 1 1 1 1 1 1 1 0 0 0 0 0 0 0 0 0 0 0 0 0 0 0 0 0 0 0 0 1 1 1 1 1 1 1 1 0 0 0 0 0 0 0 0 0 0 0 0 0 0 0 0 0 0 0 0 0 0 1 1 1 1 1 1 0 0 0 0 0 0 0 0 0 0 0 0 0 0 0 0 0 0 0 0 0 0 0 0 0 1 1 0 0 0 0 0 0 0 0 0 0 0 0 0
estimated_attenuation.size=2407
estimated_attenuation.data=0.00 0.00 0.00 0.00 0.00 0.00 0.00 0.00 0.00 0.00 0.00 0.00 0.00 0.00 0.00 0.00 0.00 0.00 0.00 0.00 0.00 0.00 0.00 0.00 0.00 0.00 0.00 0.00 0.00 0.00 0.00 0.00 0.00 0.00 0.00 0.00 0.00 0.00 0.00 0.00 0.00 0.00 0.00 0.00 0.00 0.00 0.00 0.00 0.00 0.00 0.00 0.00 0.00 0.00 0.00 0.00 0.00 0.00 0.00 0.00 0.00 0.00 0.00 0.00 0.00 0.00 0.00 0.00 0.00 0.00 0.00 0.00 0.00 0.00 0.00 0.00 0.00 0.00 0.00 0.00 0.00 0.00 0.00 0.00 0.00 0.00 0.00 0.00 0.00 0.00 0.00 0.00 0.00 0.00 0.00 0.00 0.00 0.00 0.00 0.00 0.00 0.00 0.00 0.00 0.00 0.00 0.00 0.00 0.00 0.00 0.00 0.00 0.00 0.00 0.00 0.00 0.00 0.00 0.00 0.00 0.00 0.00 0.00 0.00 0.00 0.00 0.00 0.00 0.00 0.00 0.00 0.00 0.00 0.00 0.00 0.00 0.00 0.00 0.00 0.00 0.00 0.00 0.00 0.00 0.00 0.00 0.00 0.00 0.00 0.00 0.00 0.00 0.00 0.00 0.00 0.00 0.00 0.00 0.00 0.00 0.00 0.00 0.00 0.00 0.00 0.00 0.00 0.00 0.00 0.00 0.00 0.00 0.00 0.00 0.00 0.00 0.00 0.00 0.00 0.00 0.00 0.00 0.00 0.00 0.00 0.00 0.00 0.00 0.00 0.00 0.00 0.00 0.00 0.00 0.00 0.00 0.00 0.00 0.00 0.00 0.00 0.00 0.00 0.00 0.00 0.00 0.00 0.00 0.00 0.00 0.00 0.00 0.00 0.00 0.00 0.00 0.00 0.00 0.00 0.00 0.00 0.00 0.00 0.00 0.00 0.00 0.00 0.00 0.00 0.00 0.00 0.00 0.00 0.00 0.00 0.00 0.00 0.00 0.00 0.00 0.00 0.00 0.00 0.00 0.00 0.00 0.00 0.00 0.00 0.00 0.00 0.00 0.00 0.00 0.00 0.00 0.00 0.00 0.00 0.00 0.00 0.00 0.00 0.00 0.00 0.00 0.00 0.00 0.00 0.00 0.00 0.00 0.00 0.00 0.00 0.00 0.00 0.00 0.00 0.00 0.00 0.00 0.00 0.00 0.00 0.00 0.00 0.00 0.00 0.00 0.00 0.00 0.00 0.00 0.00 0.00 0.00 0.00 0.00 0.00 0.00 0.00 0.00 0.00 0.00 0.00 0.00 0.00 0.00 0.00 0.00 0.00 0.00 0.00 0.00 0.00 0.00 0.00 0.00 0.00 0.00 0.00 0.00 0.00 0.00 0.00 0.00 0.00 0.00 0.00 0.00 0.00 0.00 0.00 0.00 0.00 0.00 0.00 0.00 0.00 0.00 0.00 0.00 0.00 0.00 0.00 0.00 0.00 0.00 0.00 0.00 0.00 0.00 0.00 0.00 0.00 0.00 0.00 0.00 0.00 0.00 0.00 0.00 0.00 0.00 0.00 0.00 0.00 0.00 0.00 0.00 0.00 0.00 0.00 0.00 0.00 0.00 0.00 0.00 0.00 0.00 0.00 0.00 0.00 0.00 0.00 0.00 0.00 0.00 0.00 0.00 0.00 0.00 0.00 0.00 0.00 0.00 0.00 0.00 0.00 0.00 0.00 0.00 0.00 0.00 0.00 0.00 0.00 0.00 0.00 0.00 0.00 0.00 0.00 0.00 0.00 0.00 0.00 0.00 0.00 0.00 0.00 0.00 0.00 0.00 0.00 0.00 0.00 0.00 0.00 0.00 0.00 0.00 0.00 0.00 0.00 0.00 0.00 0.00 0.00 0.00 0.00 0.00 0.00 0.00 0.00 0.00 0.00 0.00 0.00 0.00 0.00 0.00 0.00 0.00 0.00 0.00 0.00 0.00 0.00 0.00 0.00 0.00 0.00 0.00 0.00 0.00 0.00 0.00 0.00 0.00 0.00 0.00 0.00 0.00 0.00 0.00 0.00 0.00 0.00 0.00 0.00 0.00 0.00 0.00 0.00 0.00 0.00 0.00 0.00 0.00 0.00 0.00 0.00 0.00 0.00 0.00 0.00 0.00 0.00 0.00 0.00 0.00 0.00 0.00 0.00 0.00 0.00 0.00 0.00 0.00 0.00 0.00 0.00 0.00 0.00 0.00 0.00 0.00 0.00 0.00 0.00 0.00 0.00 0.00 0.00 0.00 0.00 0.00 0.00 0.00 0.00 0.00 0.00 0.00 0.00 0.00 0.00 0.00 0.00 0.00 0.00 0.00 0.00 0.00 0.00 0.00 0.00 0.00 0.00 0.00 0.00 0.00 0.00 0.00 0.00 0.00 0.00 0.00 0.00 0.00 0.00 0.00 0.00 0.00 0.00 0.00 0.00 0.00 0.00 0.00 0.00 0.00 0.00 0.00 0.00 0.00 0.00 0.00 0.00 0.00 0.00 0.00 0.00 0.00 0.00 0.00 0.00 0.00 0.00 0.00 0.00 0.00 0.00 0.00 0.00 0.00 0.00 0.00 0.00 0.00 0.00 0.00 0.00 0.00 0.00 0.00 0.00 0.00 0.00 0.00 0.00 0.00 0.00 0.00 0.00 0.00 0.00 0.00 0.00 0.00 0.00 0.00 0.00 0.00 0.00 0.00 0.00 0.00 0.00 0.00 0.00 0.00 0.00 0.00 0.00 0.00 0.00 0.00 0.00 0.00 0.00 0.00 0.00 0.00 0.00 0.00 0.00 0.00 0.00 0.00 0.00 0.00 0.00 0.00 0.00 0.00 0.00 0.00 0.00 0.00 0.00 0.00 0.00 0.00 0.00 0.00 0.00 0.00 0.00 0.00 0.00 0.00 0.00 0.00 0.00 0.00 0.00 0.00 0.00 0.00 0.00 0.00 0.00 0.00 0.00 0.00 0.00 0.00 0.00 0.00 0.00 0.00 0.00 0.00 0.00 0.00 0.00 0.00 0.00 0.00 0.00 0.00 0.00 0.00 0.00 0.00 0.00 0.00 0.00 0.00 0.00 0.00 0.00 0.00 0.00 0.00 0.00 0.00 0.00 0.00 0.00 0.00 0.00 0.00 0.00 0.00 0.00 0.00 0.00 0.00 0.00 0.00 0.00 0.00 0.00 0.00 0.00 0.00 0.00 0.00 0.00 0.00 0.00 0.00 0.00 0.00 0.00 0.00 0.00 0.00 0.00 0.00 0.00 0.00 0.00 0.00 0.00 0.00 0.00 0.00 0.00 0.00 0.00 0.00 0.00 0.00 0.00 0.00 0.00 0.00 0.00 0.00 0.00 0.00 0.00 0.00 0.00 0.00 0.00 0.00 0.00 0.00 0.00 0.00 0.00 0.00 0.00 0.00 0.00 0.00 0.00 0.00 0.00 0.00 0.00 0.00 0.00 0.00 0.00 0.00 0.00 0.00 0.00 0.00 0.00 0.00 0.00 0.00 0.00 0.00 0.00 0.00 0.00 0.00 0.00 0.00 0.00 0.00 0.00 0.00 0.00 0.00 0.00 0.00 0.00 0.00 0.00 0.00 0.00 0.00 0.00 0.00 0.00 0.00 0.00 0.00 0.00 0.00 0.00 0.00 0.00 0.00 0.00 0.00 0.00 0.00 0.00 0.00 0.00 0.00 0.00 0.00 0.00 0.00 0.00 0.00 0.00 0.00 0.00 0.00 0.00 0.00 0.00 0.00 0.00 0.00 0.00 0.00 0.00 0.00 0.00 0.00 0.00 0.00 0.00 0.00 0.00 0.00 0.00 0.00 0.00 0.00 0.00 0.00 0.00 0.00 0.00 0.00 0.00 0.00 0.00 0.00 0.00 0.00 0.00 0.00 0.00 0.00 0.00 0.00 0.00 0.00 0.00 0.00 0.00 0.00 0.00 0.00 0.00 0.00 0.00 0.00 0.00 0.00 0.00 0.00 0.00 0.00 0.00 0.00 0.00 0.00 0.00 0.00 0.00 0.00 0.00 0.00 0.00 0.00 0.00 0.00 0.00 0.00 0.00 0.00 0.00 0.00 0.00 0.00 0.00 0.00 0.00 0.00 0.00 0.00 0.00 0.00 0.00 0.00 0.00 0.00 0.00 0.00 0.00 0.00 0.00 0.00 0.00 0.00 0.00 0.00 0.00 0.00 0.00 0.00 0.00 0.00 0.00 0.00 0.00 0.00 0.00 0.00 0.00 0.00 0.00 0.00 0.00 0.00 0.00 0.00 0.00 0.00 0.00 0.00 0.00 0.00 0.00 0.00 0.00 0.00 0.00 0.00 0.00 0.00 0.00 0.00 0.00 0.00 0.00 0.00 0.00 0.00 0.00 0.00 0.00 0.00 0.00 0.00 0.00 0.00 0.00 0.00 0.00 0.00 0.00 0.00 0.00 0.00 0.00 0.00 0.00 0.00 0.00 0.00 0.00 0.00 0.00 0.00 0.00 0.00 0.00 0.00 0.00 0.00 0.00 0.00 0.00 0.00 0.00 0.00 0.00 0.00 0.00 0.00 0.00 0.00 0.00 0.00 0.00 0.00 0.00 0.00 0.00 0.00 0.00 0.00 0.00 0.00 0.00 0.00 0.00 0.00 0.00 0.00 0.00 0.00 0.00 0.00 0.00 0.00 0.00 0.00 0.00 0.00 0.00 0.00 0.00 0.00 0.00 0.00 0.00 0.00 0.00 0.00 0.00 0.00 0.00 0.00 0.00 0.00 0.00 0.00 0.00 0.00 0.00 0.00 0.00 0.00 0.00 0.00 0.00 0.00 0.00 0.00 0.00 0.00 0.00 0.00 0.00 0.00 0.00 0.00 0.00 0.00 0.00 0.00 0.00 0.00 0.00 0.00 0.00 0.00 0.00 0.00 0.00 0.00 0.00 0.00 0.00 0.00 0.00 0.00 0.00 0.00 0.00 0.00 0.00 0.00 0.00 0.00 0.00 0.00 0.00 0.00 0.00 0.00 0.00 0.00 0.00 0.00 0.00 0.00 0.00 0.00 0.00 0.00 0.00 0.00 0.00 0.00 0.00 0.00 0.00 0.00 0.00 0.00 0.00 0.00 0.00 0.00 0.00 0.00 0.00 0.00 0.00 0.00 0.00 0.00 0.00 0.00 0.00 0.00 0.00 0.00 0.00 0.00 0.00 0.00 0.00 0.00 0.00 0.00 0.00 0.00 0.00 0.00 0.00 0.00 0.00 0.00 0.00 0.00 0.00 0.00 0.00 0.00 0.00 0.00 0.00 0.00 0.00 0.00 0.00 0.00 0.00 0.00 0.00 0.00 0.00 0.00 0.00 0.00 0.00 0.00 0.00 0.00 0.00 0.00 0.00 0.00 0.00 0.00 0.00 0.00 0.00 0.00 0.00 0.00 0.00 0.00 0.00 0.00 0.00 0.00 0.00 0.00 0.00 0.00 0.00 0.00 0.00 0.00 0.00 0.00 0.00 0.00 0.00 0.00 0.00 0.00 0.00 0.00 0.00 0.00 0.00 0.00 0.00 0.00 0.00 0.00 0.00 0.00 0.00 0.00 0.00 0.00 0.00 0.00 0.00 0.00 0.00 0.00 0.00 0.00 0.00 0.00 0.00 0.00 0.00 0.00 0.00 0.00 0.00 0.00 0.00 0.00 0.00 0.00 0.00 0.00 0.00 0.00 0.00 0.00 0.00 0.00 0.00 0.00 0.00 0.00 0.00 0.00 0.00 0.00 0.00 0.00 0.00 0.00 0.00 0.00 0.00 0.00 0.00 0.00 0.00 0.00 0.00 0.00 0.00 0.00 0.00 0.00 0.00 0.00 0.00 0.00 0.00 0.00 0.00 0.00 0.00 0.00 0.00 0.00 0.00 0.00 0.00 0.00 0.00 0.00 0.00 0.00 0.00 0.00 0.00 0.00 0.00 0.00 0.00 0.00 0.00 0.00 0.00 0.00 0.00 0.00 0.00 0.00 0.00 0.00 0.00 0.00 0.00 0.00 0.00 0.00 0.00 0.00 0.00 0.00 0.00 0.00 0.00 0.00 0.00 0.00 0.00 0.00 0.00 0.00 0.00 0.00 0.00 0.00 0.00 0.00 0.00 0.00 0.00 0.00 0.00 0.00 0.00 0.00 0.00 0.00 0.00 0.00 0.00 0.00 0.00 0.00 0.00 0.00 0.00 0.00 0.00 0.00 0.00 0.00 0.00 0.00 0.00 0.00 0.00 0.00 0.00 0.00 0.00 0.00 0.00 0.00 0.00 0.00 0.00 0.00 0.00 0.00 0.00 0.00 0.00 0.00 0.00 0.00 0.00 0.00 0.00 0.00 0.00 0.00 0.00 0.00 0.00 0.00 0.00 0.00 0.00 0.00 0.00 0.00 0.00 0.00 0.00 0.00 0.00 0.00 0.00 0.00 0.00 0.00 0.00 0.00 0.00 0.00 0.00 0.00 0.00 0.00 0.00 0.00 0.00 0.00 0.00 0.00 0.00 0.00 0.00 0.00 0.00 0.00 0.00 0.00 0.00 0.00 0.00 0.00 0.00 0.00 0.00 0.00 0.00 0.00 0.00 0.00 0.00 0.00 0.00 0.00 0.00 0.00 0.00 0.00 0.00 0.00 0.00 0.00 0.00 0.00 0.00 0.00 0.00 0.00 0.00 0.00 0.00 0.00 0.00 0.00 0.00 0.00 0.00 0.00 0.00 0.00 0.00 0.00 0.00 0.00 0.00 0.00 0.00 0.00 0.00 0.00 0.00 0.00 0.00 0.00 0.00 0.00 0.00 0.00 0.00 0.00 0.00 0.00 0.00 0.00 0.00 0.00 0.00 0.00 0.00 0.00 0.00 0.00 0.00 0.00 0.00 0.00 0.00 0.00 0.00 0.00 0.00 0.00 0.00 0.00 0.00 0.00 0.00 0.00 0.00 0.00 0.00 0.00 0.00 0.00 0.00 0.00 0.00 0.00 0.00 0.00 0.00 0.00 0.00 0.00 0.00 0.00 0.00 0.00 0.00 0.00 0.00 0.00 0.00 0.00 0.00 0.00 0.00 0.00 0.00 0.00 0.00 0.00 0.00 0.00 0.00 0.00 0.00 0.00 0.00 0.00 0.00 0.00 0.00 0.00 0.00 0.00 0.00 0.00 0.00 0.00 0.00 0.00 0.00 0.00 0.00 0.00 0.00 0.00 0.00 0.00 0.00 0.00 0.00 0.00 0.00 0.00 0.00 0.00 0.00 0.00 0.00 0.00 0.00 0.00 0.00 0.00 0.00 0.00 0.00 0.00 0.00 0.00 0.00 0.00 0.00 0.00 0.00 0.00 0.00 0.00 0.00 0.00 0.00 0.00 0.00 0.00 0.00 0.00 0.00 0.00 0.00 0.00 0.00 0.00 0.00 0.00 0.00 0.00 0.00 0.00 0.00 0.00 0.00 0.00 0.00 0.00 0.00 0.00 0.00 0.00 0.00 0.00 0.00 0.00 0.00 0.00 0.00 0.00 0.00 0.00 0.00 0.00 0.00 0.00 0.00 0.00 0.00 0.00 0.00 0.00 0.00 0.00 0.00 0.00 0.00 0.00 0.00 0.00 0.00 0.00 0.00 0.00 0.00 0.00 0.00 0.00 0.00 0.00 0.00 0.00 0.00 0.00 0.00 0.00 0.00 0.00 0.00 0.00 0.00 0.00 0.00 0.00 0.00 0.00 0.00 0.00 0.00 0.00 0.00 0.00 0.00 0.00 0.00 0.00 0.00 0.00 0.00 0.00 0.00 0.00 0.00 0.00 0.00 0.00 0.00 0.00 0.00 0.00 0.00 0.00 0.00 0.00 0.00 0.00 0.00 0.00 0.00 0.00 0.00 0.00 0.00 0.00 0.00 0.00 0.00 0.00 0.00 0.00 0.00 0.00 0.00 0.00 0.00 0.00 0.00 0.00 0.00 0.00 0.00 0.00 0.00 0.00 0.00 0.00 0.00 0.00 0.00 0.00 0.00 0.00 0.00 0.00 0.00 0.00 0.00 0.00 0.00 0.00 0.00 0.00 0.00 0.00 0.00 0.00 0.00 0.00 0.00 0.00 0.00 0.00 0.00 0.00 0.00 0.00 0.00 0.00 0.00 0.00 0.00 0.00 0.00 0.00 0.00 0.00 0.00 0.00 0.00 0.00 0.00 0.00 0.00 0.00 0.00 0.00 0.00 0.00 0.00 0.00 0.00 0.00 0.00 0.00 0.00 0.00 0.00 0.00 0.00 0.00 0.00 0.00 0.00 0.00 0.00 0.00 0.00 0.00 0.00 0.00 0.00 0.00 0.00 0.00 0.00 0.00 0.00 0.00 0.00 0.00 0.00 0.00 0.00 0.00 0.00 0.00 0.00 0.00 0.00 0.00 0.00 0.00 0.00 0.00 0.00 0.00 0.00 0.00 0.00 0.00 0.00 0.00 0.00 0.00 0.00 0.00 0.00 0.00 0.00 0.00 0.00 0.00 0.00 0.00 0.00 0.00 0.00 0.00 0.00 0.00 0.00 0.00 0.00 0.00 0.00 0.00 0.00 0.00 0.00 0.00 0.00 0.00 0.00 0.00 0.00 0.00 0.00 0.00 0.00 0.00 0.00 0.00 0.00 0.00 0.00 0.00 0.00 0.00 0.00 0.00 0.00 0.00 0.00 0.00 0.00 0.00 0.00 0.00 0.00 0.00 0.00 0.00 0.00 0.00 0.00 0.00 0.00 0.00 0.00 0.00 0.00 0.00 0.00 0.00 0.00 0.00 0.00 0.00 0.00 0.00 0.00 0.00 0.00 0.00 0.00 0.00 0.00 0.00 0.00 0.00 0.00 0.00 0.00 0.00 0.00 0.00 0.00 0.00 0.00 0.00 0.00 0.00 0.00 0.00 0.00 0.00 0.00 0.00 0.00 0.00 0.00 0.00 0.00 0.00 0.00 0.00 0.00 0.00 0.00 0.00 0.00 0.00 0.00 0.00 0.00 0.00 0.00 0.00 0.00 0.00 0.00 0.00 0.00 0.00 0.00 0.00 0.00 0.00 0.00 0.00 0.00 0.00 0.00 0.00 0.00 0.00 0.00 0.00 0.00 0.00 0.00 0.00 0.00 0.00 0.00 0.00 0.00 0.00 0.00 0.00 0.00 0.00 0.00 0.00 0.00 0.00 0.00 0.00 0.00 0.00 0.00 0.00 0.00 0.00 0.00 0.00 0.00 0.00 0.00 0.00 0.00 0.00 0.00 0.00 0.00 0.00 0.00 0.00 0.00 0.00 0.00 0.00 0.00 0.00 0.00 0.00 0.00 0.00 0.00 0.00 0.00 0.00 0.00 0.00 0.00 0.00 0.00 0.00 0.00 0.00 0.00 0.00 0.00 0.00 0.00 0.00 0.00 0.00 0.00 0.00 0.00 0.00 0.00 0.00 0.00 0.00 0.00 0.00 0.00 0.00 0.00 0.00 0.00 0.00 0.00 0.00 0.00 0.00 0.00 0.00 0.00 0.00 0.00 0.00 0.00 0.00 0.00 0.00 0.00 0.00 0.00 0.00 0.00 0.00 0.00 0.00 0.00 0.00 0.00 0.00 0.00 0.00 0.00 0.00 0.00 0.00 0.00 0.00 0.00 0.00 0.00 0.00 0.00 0.00 0.00 0.00 0.00 0.00 0.00 0.00 0.00 0.00 0.00 0.00 0.00 0.00 0.00 0.00 0.00 0.00 0.00 0.00 0.00 0.00 0.00 0.00 0.00 0.00 0.00 0.00 0.00 0.00 0.00 0.00 0.00 0.00 0.00 0.00 0.00 0.00 0.00 0.00 0.00 0.00 0.00 0.00 0.00 0.00 0.00 0.00 0.00 0.00 0.00 0.00 0.00 0.00 0.00 0.00 0.00 0.00 0.00 0.00 0.00 0.00 0.00 0.00 0.00 0.00 0.00 0.00 0.00 0.00 0.00 0.00 0.00 0.00 0.00 0.00 0.00 0.00 0.00 0.00 0.00 0.00 0.00 0.00 0.00 0.00 0.00 0.00 0.00 0.00 0.00 0.00 0.00 0.00 0.00 0.00 0.00 0.00 0.00 0.00 0.00 0.00 0.00 0.00 0.00 0.00 0.00 0.00 0.00 0.00 0.00 0.00 0.00 0.00 0.00 0.00 0.00 0.00 0.00 0.00 0.00 0.00 0.00 0.00 0.00 0.00 0.00 0.00 0.00 0.00 0.00 0.00 0.00 0.00 0.00 0.00 0.00 0.00 0.00 0.00 0.00 0.00 0.00 0.00 0.00 0.00 0.00 0.00 0.00 0.00 0.00 0.00 0.00 0.00 0.00 0.00 0.00 0.00 0.00 0.00 0.00 0.00 0.00 0.00 0.00 0.00 0.00 0.00 0.00 0.00 0.00 0.00 0.00 0.00 0.00 0.00 0.00 0.00 0.00 0.00 0.00 0.00 0.00 0.00 0.00 0.00 0.00 0.00 0.00 0.00 0.00 0.00 0.00 0.00 0.00 0.00 0.00 0.00 0.00 0.00 0.00 0.00 0.00 0.00 0.00 0.00 0.00 0.00 0.00 0.00
height.size=2407
height.data=7610.74 7610.74 7610.74 7610.74 7610.74 7610.74 7610.74 7610.74 7610.74 7610.74 7610.74 7610.74 7610.74 7610.74 7610.74 7610.74 7610.74 7610.74 7610.74 7610.74 7610.74 7610.74 7610.74 7610.74 7610.74 7610.74 7610.74 7610.74 7610.74 7663.74 7663.74 7663.74 7663.74 7663.74 7663.74 7663.74 7663.74 7663.74 7663.74 7663.74 7663.74 7663.74 7663.74 7663.74 7663.74 7663.74 7663.74 7663.74 7663.74 7663.74 7663.74 7663.74 7663.74 7663.74 7663.74 7663.74 7663.74 7663.74 7716.74 7716.74 7716.74 7716.74 7716.74 7716.74 7716.74 7716.74 7716.74 7716.74 7716.74 7716.74 7716.74 7716.74 7716.74 7716.74 7716.74 7716.74 7716.74 7716.74 7716.74 7716.74 7716.74 7716.74 7716.74 7716.74 7716.74 7716.74 7716.74 7769.76 7769.76 7769.76 7769.76 7769.76 7769.76 7769.76 7769.76 7769.76 7769.76 7769.76 7769.76 7769.76 7769.76 7769.76 7769.76 7769.76 7769.76 7769.76 7769.76 7769.76 7769.76 7769.76 7769.76 7769.76 7769.76 7769.76 7769.76 7769.76 7822.78 7822.78 7822.78 7822.78 7822.78 7822.78 7822.78 7822.78 7822.78 7822.78 7822.78 7822.78 7822.78 7822.78 7822.78 7822.78 7822.78 7822.78 7822.78 7822.78 7822.78 7822.78 7822.78 7822.78 7822.78 7822.78 7822.78 7822.78 7822.78 7875.81 7875.81 7875.81 7875.81 7875.81 7875.81 7875.81 7875.81 7875.81 7875.81 7875.81 7875.81 7875.81 7875.81 7875.81 7875.81 7875.81 7875.81 7875.81 7875.81 7875.81 7875.81 7875.81 7875.81 7875.81 7875.81 7875.81 7875.81 7875.81 7928.85 7928.85 7928.85 7928.85 7928.85 7928.85 7928.85 7928.85 7928.85 7928.85 7928.85 7928.85 7928.85 7928.85 7928.85 7928.85 7928.85 7928.85 7928.85 7928.85 7928.85 7928.85 7928.85 7928.85 7928.85 7928.85 7928.85 7928.85 7928.85 7981.89 7981.89 7981.89 7981.89 7981.89 7981.89 7981.89 7981.89 7981.89 7981.89 7981.89 7981.89 7981.89 7981.89 7981.89 7981.89 7981.89 7981.89 7981.89 7981.89 7981.89 7981.89 7981.89 7981.89 7981.89 7981.89 7981.89 7981.89 7981.89 8034.94 8034.94 8034.94 8034.94 8034.94 8034.94 8034.94 8034.94 8034.94 8034.94 8034.94 8034.94 8034.94 8034.94 8034.94 8034.94 8034.94 8034.94 8034.94 8034.94 8034.94 8034.94 8034.94 8034.94 8034.94 8034.94 8034.94 8034.94 8034.94 8088.00 8088.00 8088.00 8088.00 8088.00 8088.00 8088.00 8088.00 8088.00 8088.00 8088.00 8088.00 8088.00 8088.00 8088.00 8088.00 8088.00 8088.00 8088.00 8088.00 8088.00 8088.00 8088.00 8088.00 8088.00 8088.00 8088.00 8088.00 8088.00 8141.06 8141.06 8141.06 8141.06 8141.06 8141.06 8141.06 8141.06 8141.06 8141.06 8141.06 8141.06 8141.06 8141.06 8141.06 8141.06 8141.06 8141.06 8141.06 8141.06 8141.06 8141.06 8141.06 8141.06 8141.06 8141.06 8141.06 8141.06 8141.06 8194.13 8194.13 8194.13 8194.13 8194.13 8194.13 8194.13 8194.13 8194.13 8194.13 8194.13 8194.13 8194.13 8194.13 8194.13 8194.13 8194.13 8194.13 8194.13 8194.13 8194.13 8194.13 8194.13 8194.13 8194.13 8194.13 8194.13 8194.13 8194.13 8247.21 8247.21 8247.21 8247.21 8247.21 8247.21 8247.21 8247.21 8247.21 8247.21 8247.21 8247.21 8247.21 8247.21 8247.21 8247.21 8247.21 8247.21 8247.21 8247.21 8247.21 8247.21 8247.21 8247.21 8247.21 8247.21 8247.21 8247.21 8247.21 8300.29 8300.29 8300.29 8300.29 8300.29 8300.29 8300.29 8300.29 8300.29 8300.29 8300.29 8300.29 8300.29 8300.29 8300.29 8300.29 8300.29 8300.29 8300.29 8300.29 8300.29 8300.29 8300.29 8300.29 8300.29 8300.29 8300.29 8300.29 8300.29 8353.39 8353.39 8353.39 8353.39 8353.39 8353.39 8353.39 8353.39 8353.39 8353.39 8353.39 8353.39 8353.39 8353.39 8353.39 8353.39 8353.39 8353.39 8353.39 8353.39 8353.39 8353.39 8353.39 8353.39 8353.39 8353.39 8353.39 8353.39 8353.39 8406.48 8406.48 8406.48 8406.48 8406.48 8406.48 8406.48 8406.48 8406.48 8406.48 8406.48 8406.48 8406.48 8406.48 8406.48 8406.48 8406.48 8406.48 8406.48 8406.48 8406.48 8406.48 8406.48 8406.48 8406.48 8406.48 8406.48 8406.48 8406.48 8459.59 8459.59 8459.59 8459.59 8459.59 8459.59 8459.59 8459.59 8459.59 8459.59 8459.59 8459.59 8459.59 8459.59 8459.59 8459.59 8459.59 8459.59 8459.59 8459.59 8459.59 8459.59 8459.59 8459.59 8459.59 8459.59 8459.59 8459.59 8459.59 8512.70 8512.70 8512.70 8512.70 8512.70 8512.70 8512.70 8512.70 8512.70 8512.70 8512.70 8512.70 8512.70 8512.70 8512.70 8512.70 8512.70 8512.70 8512.70 8512.70 8512.70 8512.70 8512.70 8512.70 8512.70 8512.70 8512.70 8512.70 8512.70 8565.82 8565.82 8565.82 8565.82 8565.82 8565.82 8565.82 8565.82 8565.82 8565.82 8565.82 8565.82 8565.82 8565.82 8565.82 8565.82 8565.82 8565.82 8565.82 8565.82 8565.82 8565.82 8565.82 8565.82 8565.82 8565.82 8565.82 8565.82 8565.82 8618.95 8618.95 8618.95 8618.95 8618.95 8618.95 8618.95 8618.95 8618.95 8618.95 8618.95 8618.95 8618.95 8618.95 8618.95 8618.95 8618.95 8618.95 8618.95 8618.95 8618.95 8618.95 8618.95 8618.95 8618.95 8618.95 8618.95 8618.95 8618.95 8672.09 8672.09 8672.09 8672.09 8672.09 8672.09 8672.09 8672.09 8672.09 8672.09 8672.09 8672.09 8672.09 8672.09 8672.09 8672.09 8672.09 8672.09 8672.09 8672.09 8672.09 8672.09 8672.09 8672.09 8672.09 8672.09 8672.09 8672.09 8672.09 8725.23 8725.23 8725.23 8725.23 8725.23 8725.23 8725.23 8725.23 8725.23 8725.23 8725.23 8725.23 8725.23 8725.23 8725.23 8725.23 8725.23 8725.23 8725.23 8725.23 8725.23 8725.23 8725.23 8725.23 8725.23 8725.23 8725.23 8725.23 8725.23 8778.37 8778.37 8778.37 8778.37 8778.37 8778.37 8778.37 8778.37 8778.37 8778.37 8778.37 8778.37 8778.37 8778.37 8778.37 8778.37 8778.37 8778.37 8778.37 8778.37 8778.37 8778.37 8778.37 8778.37 8778.37 8778.37 8778.37 8778.37 8778.37 8831.53 8831.53 8831.53 8831.53 8831.53 8831.53 8831.53 8831.53 8831.53 8831.53 8831.53 8831.53 8831.53 8831.53 8831.53 8831.53 8831.53 8831.53 8831.53 8831.53 8831.53 8831.53 8831.53 8831.53 8831.53 8831.53 8831.53 8831.53 8831.53 8884.69 8884.69 8884.69 8884.69 8884.69 8884.69 8884.69 8884.69 8884.69 8884.69 8884.69 8884.69 8884.69 8884.69 8884.69 8884.69 8884.69 8884.69 8884.69 8884.69 8884.69 8884.69 8884.69 8884.69 8884.69 8884.69 8884.69 8884.69 8884.69 8937.86 8937.86 8937.86 8937.86 8937.86 8937.86 8937.86 8937.86 8937.86 8937.86 8937.86 8937.86 8937.86 8937.86 8937.86 8937.86 8937.86 8937.86 8937.86 8937.86 8937.86 8937.86 8937.86 8937.86 8937.86 8937.86 8937.86 8937.86 8937.86 8991.04 8991.04 8991.04 8991.04 8991.04 8991.04 8991.04 8991.04 8991.04 8991.04 8991.04 8991.04 8991.04 8991.04 8991.04 8991.04 8991.04 8991.04 8991.04 8991.04 8991.04 8991.04 8991.04 8991.04 8991.04 8991.04 8991.04 8991.04 8991.04 9044.22 9044.22 9044.22 9044.22 9044.22 9044.22 9044.22 9044.22 9044.22 9044.22 9044.22 9044.22 9044.22 9044.22 9044.22 9044.22 9044.22 9044.22 9044.22 9044.22 9044.22 9044.22 9044.22 9044.22 9044.22 9044.22 9044.22 9044.22 9044.22 9097.41 9097.41 9097.41 9097.41 9097.41 9097.41 9097.41 9097.41 9097.41 9097.41 9097.41 9097.41 9097.41 9097.41 9097.41 9097.41 9097.41 9097.41 9097.41 9097.41 9097.41 9097.41 9097.41 9097.41 9097.41 9097.41 9097.41 9097.41 9097.41 9150.61 9150.61 9150.61 9150.61 9150.61 9150.61 9150.61 9150.61 9150.61 9150.61 9150.61 9150.61 9150.61 9150.61 9150.61 9150.61 9150.61 9150.61 9150.61 9150.61 9150.61 9150.61 9150.61 9150.61 9150.61 9150.61 9150.61 9150.61 9150.61 9203.81 9203.81 9203.81 9203.81 9203.81 9203.81 9203.81 9203.81 9203.81 9203.81 9203.81 9203.81 9203.81 9203.81 9203.81 9203.81 9203.81 9203.81 9203.81 9203.81 9203.81 9203.81 9203.81 9203.81 9203.81 9203.81 9203.81 9203.81 9203.81 9257.02 9257.02 9257.02 9257.02 9257.02 9257.02 9257.02 9257.02 9257.02 9257.02 9257.02 9257.02 9257.02 9257.02 9257.02 9257.02 9257.02 9257.02 9257.02 9257.02 9257.02 9257.02 9257.02 9257.02 9257.02 9257.02 9257.02 9257.02 9257.02 9310.24 9310.24 9310.24 9310.24 9310.24 9310.24 9310.24 9310.24 9310.24 9310.24 9310.24 9310.24 9310.24 9310.24 9310.24 9310.24 9310.24 9310.24 9310.24 9310.24 9310.24 9310.24 9310.24 9310.24 9310.24 9310.24 9310.24 9310.24 9310.24 9363.47 9363.47 9363.47 9363.47 9363.47 9363.47 9363.47 9363.47 9363.47 9363.47 9363.47 9363.47 9363.47 9363.47 9363.47 9363.47 9363.47 9363.47 9363.47 9363.47 9363.47 9363.47 9363.47 9363.47 9363.47 9363.47 9363.47 9363.47 9363.47 9416.70 9416.70 9416.70 9416.70 9416.70 9416.70 9416.70 9416.70 9416.70 9416.70 9416.70 9416.70 9416.70 9416.70 9416.70 9416.70 9416.70 9416.70 9416.70 9416.70 9416.70 9416.70 9416.70 9416.70 9416.70 9416.70 9416.70 9416.70 9416.70 9469.94 9469.94 9469.94 9469.94 9469.94 9469.94 9469.94 9469.94 9469.94 9469.94 9469.94 9469.94 9469.94 9469.94 9469.94 9469.94 9469.94 9469.94 9469.94 9469.94 9469.94 9469.94 9469.94 9469.94 9469.94 9469.94 9469.94 9469.94 9469.94 9523.19 9523.19 9523.19 9523.19 9523.19 9523.19 9523.19 9523.19 9523.19 9523.19 9523.19 9523.19 9523.19 9523.19 9523.19 9523.19 9523.19 9523.19 9523.19 9523.19 9523.19 9523.19 9523.19 9523.19 9523.19 9523.19 9523.19 9523.19 9523.19 9576.44 9576.44 9576.44 9576.44 9576.44 9576.44 9576.44 9576.44 9576.44 9576.44 9576.44 9576.44 9576.44 9576.44 9576.44 9576.44 9576.44 9576.44 9576.44 9576.44 9576.44 9576.44 9576.44 9576.44 9576.44 9576.44 9576.44 9576.44 9576.44 9629.70 9629.70 9629.70 9629.70 9629.70 9629.70 9629.70 9629.70 9629.70 9629.70 9629.70 9629.70 9629.70 9629.70 9629.70 9629.70 9629.70 9629.70 9629.70 9629.70 9629.70 9629.70 9629.70 9629.70 9629.70 9629.70 9629.70 9629.70 9629.70 9682.97 9682.97 9682.97 9682.97 9682.97 9682.97 9682.97 9682.97 9682.97 9682.97 9682.97 9682.97 9682.97 9682.97 9682.97 9682.97 9682.97 9682.97 9682.97 9682.97 9682.97 9682.97 9682.97 9682.97 9682.97 9682.97 9682.97 9682.97 9682.97 9736.24 9736.24 9736.24 9736.24 9736.24 9736.24 9736.24 9736.24 9736.24 9736.24 9736.24 9736.24 9736.24 9736.24 9736.24 9736.24 9736.24 9736.24 9736.24 9736.24 9736.24 9736.24 9736.24 9736.24 9736.24 9736.24 9736.24 9736.24 9736.24 9789.52 9789.52 9789.52 9789.52 9789.52 9789.52 9789.52 9789.52 9789.52 9789.52 9789.52 9789.52 9789.52 9789.52 9789.52 9789.52 9789.52 9789.52 9789.52 9789.52 9789.52 9789.52 9789.52 9789.52 9789.52 9789.52 9789.52 9789.52 9789.52 9842.81 9842.81 9842.81 9842.81 9842.81 9842.81 9842.81 9842.81 9842.81 9842.81 9842.81 9842.81 9842.81 9842.81 9842.81 9842.81 9842.81 9842.81 9842.81 9842.81 9842.81 9842.81 9842.81 9842.81 9842.81 9842.81 9842.81 9842.81 9842.81 9896.11 9896.11 9896.11 9896.11 9896.11 9896.11 9896.11 9896.11 9896.11 9896.11 9896.11 9896.11 9896.11 9896.11 9896.11 9896.11 9896.11 9896.11 9896.11 9896.11 9896.11 9896.11 9896.11 9896.11 9896.11 9896.11 9896.11 9896.11 9896.11 9949.41 9949.41 9949.41 9949.41 9949.41 9949.41 9949.41 9949.41 9949.41 9949.41 9949.41 9949.41 9949.41 9949.41 9949.41 9949.41 9949.41 9949.41 9949.41 9949.41 9949.41 9949.41 9949.41 9949.41 9949.41 9949.41 9949.41 9949.41 9949.41 10002.72 10002.72 10002.72 10002.72 10002.72 10002.72 10002.72 10002.72 10002.72 10002.72 10002.72 10002.72 10002.72 10002.72 10002.72 10002.72 10002.72 10002.72 10002.72 10002.72 10002.72 10002.72 10002.72 10002.72 10002.72 10002.72 10002.72 10002.72 10002.72 10056.04 10056.04 10056.04 10056.04 10056.04 10056.04 10056.04 10056.04 10056.04 10056.04 10056.04 10056.04 10056.04 10056.04 10056.04 10056.04 10056.04 10056.04 10056.04 10056.04 10056.04 10056.04 10056.04 10056.04 10056.04 10056.04 10056.04 10056.04 10056.04 10109.36 10109.36 10109.36 10109.36 10109.36 10109.36 10109.36 10109.36 10109.36 10109.36 10109.36 10109.36 10109.36 10109.36 10109.36 10109.36 10109.36 10109.36 10109.36 10109.36 10109.36 10109.36 10109.36 10109.36 10109.36 10109.36 10109.36 10109.36 10109.36 10162.69 10162.69 10162.69 10162.69 10162.69 10162.69 10162.69 10162.69 10162.69 10162.69 10162.69 10162.69 10162.69 10162.69 10162.69 10162.69 10162.69 10162.69 10162.69 10162.69 10162.69 10162.69 10162.69 10162.69 10162.69 10162.69 10162.69 10162.69 10162.69 10216.03 10216.03 10216.03 10216.03 10216.03 10216.03 10216.03 10216.03 10216.03 10216.03 10216.03 10216.03 10216.03 10216.03 10216.03 10216.03 10216.03 10216.03 10216.03 10216.03 10216.03 10216.03 10216.03 10216.03 10216.03 10216.03 10216.03 10216.03 10216.03 10269.37 10269.37 10269.37 10269.37 10269.37 10269.37 10269.37 10269.37 10269.37 10269.37 10269.37 10269.37 10269.37 10269.37 10269.37 10269.37 10269.37 10269.37 10269.37 10269.37 10269.37 10269.37 10269.37 10269.37 10269.37 10269.37 10269.37 10269.37 10269.37 10322.72 10322.72 10322.72 10322.72 10322.72 10322.72 10322.72 10322.72 10322.72 10322.72 10322.72 10322.72 10322.72 10322.72 10322.72 10322.72 10322.72 10322.72 10322.72 10322.72 10322.72 10322.72 10322.72 10322.72 10322.72 10322.72 10322.72 10322.72 10322.72 10376.08 10376.08 10376.08 10376.08 10376.08 10376.08 10376.08 10376.08 10376.08 10376.08 10376.08 10376.08 10376.08 10376.08 10376.08 10376.08 10376.08 10376.08 10376.08 10376.08 10376.08 10376.08 10376.08 10376.08 10376.08 10376.08 10376.08 10376.08 10376.08 10429.45 10429.45 10429.45 10429.45 10429.45 10429.45 10429.45 10429.45 10429.45 10429.45 10429.45 10429.45 10429.45 10429.45 10429.45 10429.45 10429.45 10429.45 10429.45 10429.45 10429.45 10429.45 10429.45 10429.45 10429.45 10429.45 10429.45 10429.45 10429.45 10482.82 10482.82 10482.82 10482.82 10482.82 10482.82 10482.82 10482.82 10482.82 10482.82 10482.82 10482.82 10482.82 10482.82 10482.82 10482.82 10482.82 10482.82 10482.82 10482.82 10482.82 10482.82 10482.82 10482.82 10482.82 10482.82 10482.82 10482.82 10482.82 10536.20 10536.20 10536.20 10536.20 10536.20 10536.20 10536.20 10536.20 10536.20 10536.20 10536.20 10536.20 10536.20 10536.20 10536.20 10536.20 10536.20 10536.20 10536.20 10536.20 10536.20 10536.20 10536.20 10536.20 10536.20 10536.20 10536.20 10536.20 10536.20 10589.59 10589.59 10589.59 10589.59 10589.59 10589.59 10589.59 10589.59 10589.59 10589.59 10589.59 10589.59 10589.59 10589.59 10589.59 10589.59 10589.59 10589.59 10589.59 10589.59 10589.59 10589.59 10589.59 10589.59 10589.59 10589.59 10589.59 10589.59 10589.59 10642.98 10642.98 10642.98 10642.98 10642.98 10642.98 10642.98 10642.98 10642.98 10642.98 10642.98 10642.98 10642.98 10642.98 10642.98 10642.98 10642.98 10642.98 10642.98 10642.98 10642.98 10642.98 10642.98 10642.98 10642.98 10642.98 10642.98 10642.98 10642.98 10696.38 10696.38 10696.38 10696.38 10696.38 10696.38 10696.38 10696.38 10696.38 10696.38 10696.38 10696.38 10696.38 10696.38 10696.38 10696.38 10696.38 10696.38 10696.38 10696.38 10696.38 10696.38 10696.38 10696.38 10696.38 10696.38 10696.38 10696.38 10696.38 10749.79 10749.79 10749.79 10749.79 10749.79 10749.79 10749.79 10749.79 10749.79 10749.79 10749.79 10749.79 10749.79 10749.79 10749.79 10749.79 10749.79 10749.79 10749.79 10749.79 10749.79 10749.79 10749.79 10749.79 10749.79 10749.79 10749.79 10749.79 10749.79 10803.20 10803.20 10803.20 10803.20 10803.20 10803.20 10803.20 10803.20 10803.20 10803.20 10803.20 10803.20 10803.20 10803.20 10803.20 10803.20 10803.20 10803.20 10803.20 10803.20 10803.20 10803.20 10803.20 10803.20 10803.20 10803.20 10803.20 10803.20 10803.20 10856.63 10856.63 10856.63 10856.63 10856.63 10856.63 10856.63 10856.63 10856.63 10856.63 10856.63 10856.63 10856.63 10856.63 10856.63 10856.63 10856.63 10856.63 10856.63 10856.63 10856.63 10856.63 10856.63 10856.63 10856.63 10856.63 10856.63 10856.63 10856.63 10910.06 10910.06 10910.06 10910.06 10910.06 10910.06 10910.06 10910.06 10910.06 10910.06 10910.06 10910.06 10910.06 10910.06 10910.06 10910.06 10910.06 10910.06 10910.06 10910.06 10910.06 10910.06 10910.06 10910.06 10910.06 10910.06 10910.06 10910.06 10910.06 10963.49 10963.49 10963.49 10963.49 10963.49 10963.49 10963.49 10963.49 10963.49 10963.49 10963.49 10963.49 10963.49 10963.49 10963.49 10963.49 10963.49 10963.49 10963.49 10963.49 10963.49 10963.49 10963.49 10963.49 10963.49 10963.49 10963.49 10963.49 10963.49 11016.93 11016.93 11016.93 11016.93 11016.93 11016.93 11016.93 11016.93 11016.93 11016.93 11016.93 11016.93 11016.93 11016.93 11016.93 11016.93 11016.93 11016.93 11016.93 11016.93 11016.93 11016.93 11016.93 11016.93 11016.93 11016.93 11016.93 11016.93 11016.93 11070.38 11070.38 11070.38 11070.38 11070.38 11070.38 11070.38 11070.38 11070.38 11070.38 11070.38 11070.38 11070.38 11070.38 11070.38 11070.38 11070.38 11070.38 11070.38 11070.38 11070.38 11070.38 11070.38 11070.38 11070.38 11070.38 11070.38 11070.38 11070.38 11123.84 11123.84 11123.84 11123.84 11123.84 11123.84 11123.84 11123.84 11123.84 11123.84 11123.84 11123.84 11123.84 11123.84 11123.84 11123.84 11123.84 11123.84 11123.84 11123.84 11123.84 11123.84 11123.84 11123.84 11123.84 11123.84 11123.84 11123.84 11123.84 11177.30 11177.30 11177.30 11177.30 11177.30 11177.30 11177.30 11177.30 11177.30 11177.30 11177.30 11177.30 11177.30 11177.30 11177.30 11177.30 11177.30 11177.30 11177.30 11177.30 11177.30 11177.30 11177.30 11177.30 11177.30 11177.30 11177.30 11177.30 11177.30 11230.78 11230.78 11230.78 11230.78 11230.78 11230.78 11230.78 11230.78 11230.78 11230.78 11230.78 11230.78 11230.78 11230.78 11230.78 11230.78 11230.78 11230.78 11230.78 11230.78 11230.78 11230.78 11230.78 11230.78 11230.78 11230.78 11230.78 11230.78 11230.78 11284.25 11284.25 11284.25 11284.25 11284.25 11284.25 11284.25 11284.25 11284.25 11284.25 11284.25 11284.25 11284.25 11284.25 11284.25 11284.25 11284.25 11284.25 11284.25 11284.25 11284.25 11284.25 11284.25 11284.25 11284.25 11284.25 11284.25 11284.25 11284.25 11337.74 11337.74 11337.74 11337.74 11337.74 11337.74 11337.74 11337.74 11337.74 11337.74 11337.74 11337.74 11337.74 11337.74 11337.74 11337.74 11337.74 11337.74 11337.74 11337.74 11337.74 11337.74 11337.74 11337.74 11337.74 11337.74 11337.74 11337.74 11337.74 11391.23 11391.23 11391.23 11391.23 11391.23 11391.23 11391.23 11391.23 11391.23 11391.23 11391.23 11391.23 11391.23 11391.23 11391.23 11391.23 11391.23 11391.23 11391.23 11391.23 11391.23 11391.23 11391.23 11391.23 11391.23 11391.23 11391.23 11391.23 11391.23 11444.73 11444.73 11444.73 11444.73 11444.73 11444.73 11444.73 11444.73 11444.73 11444.73 11444.73 11444.73 11444.73 11444.73 11444.73 11444.73 11444.73 11444.73 11444.73 11444.73 11444.73 11444.73 11444.73 11444.73 11444.73 11444.73 11444.73 11444.73 11444.73 11498.23 11498.23 11498.23 11498.23 11498.23 11498.23 11498.23 11498.23 11498.23 11498.23 11498.23 11498.23 11498.23 11498.23 11498.23 11498.23 11498.23 11498.23 11498.23 11498.23 11498.23 11498.23 11498.23 11498.23 11498.23 11498.23 11498.23 11498.23 11498.23 11551.75 11551.75 11551.75 11551.75 11551.75 11551.75 11551.75 11551.75 11551.75 11551.75 11551.75 11551.75 11551.75 11551.75 11551.75 11551.75 11551.75 11551.75 11551.75 11551.75 11551.75 11551.75 11551.75 11551.75 11551.75 11551.75 11551.75 11551.75 11551.75 11605.27 11605.27 11605.27 11605.27 11605.27 11605.27 11605.27 11605.27 11605.27 11605.27 11605.27 11605.27 11605.27 11605.27 11605.27 11605.27 11605.27 11605.27 11605.27 11605.27 11605.27 11605.27 11605.27 11605.27 11605.27 11605.27 11605.27 11605.27 11605.27 11658.79 11658.79 11658.79 11658.79 11658.79 11658.79 11658.79 11658.79 11658.79 11658.79 11658.79 11658.79 11658.79 11658.79 11658.79 11658.79 11658.79 11658.79 11658.79 11658.79 11658.79 11658.79 11658.79 11658.79 11658.79 11658.79 11658.79 11658.79 11658.79 11712.33 11712.33 11712.33 11712.33 11712.33 11712.33 11712.33 11712.33 11712.33 11712.33 11712.33 11712.33 11712.33 11712.33 11712.33 11712.33 11712.33 11712.33 11712.33 11712.33 11712.33 11712.33 11712.33 11712.33 11712.33 11712.33 11712.33 11712.33 11712.33 11765.87 11765.87 11765.87 11765.87 11765.87 11765.87 11765.87 11765.87 11765.87 11765.87 11765.87 11765.87 11765.87 11765.87 11765.87 11765.87 11765.87 11765.87 11765.87 11765.87 11765.87 11765.87 11765.87 11765.87 11765.87 11765.87 11765.87 11765.87 11765.87 11819.42 11819.42 11819.42 11819.42 11819.42 11819.42 11819.42 11819.42 11819.42 11819.42 11819.42 11819.42 11819.42 11819.42 11819.42 11819.42 11819.42 11819.42 11819.42 11819.42 11819.42 11819.42 11819.42 11819.42 11819.42 11819.42 11819.42 11819.42 11819.42 11872.97 11872.97 11872.97 11872.97 11872.97 11872.97 11872.97 11872.97 11872.97 11872.97 11872.97 11872.97 11872.97 11872.97 11872.97 11872.97 11872.97 11872.97 11872.97 11872.97 11872.97 11872.97 11872.97 11872.97 11872.97 11872.97 11872.97 11872.97 11872.97 11926.53 11926.53 11926.53 11926.53 11926.53 11926.53 11926.53 11926.53 11926.53 11926.53 11926.53 11926.53 11926.53 11926.53 11926.53 11926.53 11926.53 11926.53 11926.53 11926.53 11926.53 11926.53 11926.53 11926.53 11926.53 11926.53 11926.53 11926.53 11926.53 11980.10 11980.10 11980.10 11980.10 11980.10 11980.10 11980.10 11980.10 11980.10 11980.10 11980.10 11980.10 11980.10 11980.10 11980.10 11980.10 11980.10 11980.10 11980.10 11980.10 11980.10 11980.10 11980.10 11980.10 11980.10 11980.10 11980.10 11980.10 11980.10
=== END RADAR_SCAN ===

=== BEGIN RADAR_SCAN ===
scan.index=2
scan.time=175.330000
radar.id=0
radar.frequency=C
radar.scanning_mode=PPI
radar.x=0.000
radar.y=0.000
radar.z=25.000
radar.maximum_range=250000.000
radar.range_resolution=250.000
radar.angular_resolution=1.000000
box.radar_id=0
box.min_range_gate=143.000
box.max_range_gate=224.000
box.min_angle=132.000000
box.max_angle=161.000000
box.num_ranges=82
box.num_angles=29
box.range_resolution=250.000
box.angular_resolution=1.000000
box.other_angle=8.000000
grid.size=2378
grid.data=0.00 0.00 0.00 0.00 0.00 0.00 0.00 0.00 0.00 0.00 0.00 0.00 0.00 0.00 0.00 0.00 0.00 0.00 0.00 0.00 0.00 0.00 0.00 0.00 0.00 0.00 0.00 0.00 0.00 0.00 0.00 0.00 0.00 0.00 0.00 0.00 0.00 0.00 0.00 0.00 0.00 22.69 30.42 31.55 25.37 32.09 28.17 0.00 0.00 0.00 0.00 0.00 0.00 0.00 0.00 0.00 0.00 0.00 0.00 0.00 0.00 0.00 0.00 0.00 0.00 0.00 0.00 0.00 0.00 22.79 30.21 26.56 24.95 23.41 26.58 25.15 26.41 0.00 0.00 0.00 0.00 0.00 0.00 0.00 0.00 0.00 0.00 0.00 0.00 0.00 0.00 0.00 0.00 0.00 0.00 0.00 0.00 26.68 22.28 28.90 28.99 24.31 25.21 27.43 29.74 26.42 25.21 0.00 0.00 0.00 0.00 0.00 0.00 0.00 0.00 0.00 0.00 0.00 0.00 0.00 0.00 0.00 0.00 0.00 0.00 27.54 28.65 32.27 27.44 23.60 25.23 27.69 25.94 24.24 24.47 26.66 26.00 0.00 0.00 0.00 0.00 0.00 0.00 0.00 0.00 0.00 0.00 0.00 0.00 0.00 0.00 0.00 0.00 27.74 31.99 29.57 31.64 30.14 28.40 26.93 26.98 25.59 26.92 26.47 29.40 25.80 25.34 0.00 0.00 0.00 0.00 0.00 0.00 0.00 0.00 0.00 0.00 0.00 0.00 0.00 0.00 0.00 26.89 27.74 29.25 29.60 30.65 29.02 29.20 28.15 22.51 24.85 26.88 26.97 25.12 27.68 0.00 0.00 0.00 0.00 0.00 0.00 0.00 0.00 0.00 0.00 0.00 0.00 0.00 0.00 30.47 30.40 27.57 26.94 28.75 29.45 25.76 25.96 23.01 25.59 25.65 27.86 24.35 24.57 22.41 25.46 0.00 0.00 0.00 0.00 0.00 0.00 0.00 0.00 0.00 0.00 0.00 0.00 0.00 31.96 27.58 27.55 28.40 32.49 31.33 34.29 30.06 25.32 25.56 27.39 24.37 24.92 25.63 24.15 27.53 0.00 0.00 0.00 0.00 0.00 0.00 0.00 0.00 0.00 0.00 0.00 0.00 26.97 30.24 30.24 27.11 29.00 28.86 25.67 23.28 33.40 30.54 25.22 24.48 21.92 22.56 23.26 26.12 21.84 25.94 0.00 0.00 0.00 0.00 0.00 0.00 0.00 0.00 0.00 0.00 0.00 27.54 26.96 25.60 27.26 29.20 27.91 28.89 27.56 28.34 28.00 24.83 25.06 25.79 21.45 22.70 25.61 23.94 25.20 0.00 0.00 0.00 0.00 0.00 0.00 0.00 0.00 0.00 0.00 0.00 27.95 29.90 29.13 26.64 29.20 29.46 28.37 24.37 28.39 30.14 26.53 24.96 24.01 26.02 25.58 21.92 20.04 24.83 0.00 0.00 0.00 0.00 0.00 0.00 0.00 0.00 0.00 0.00 25.88 29.80 29.66 31.12 31.46 28.33 24.66 26.27 26.37 28.73 24.98 24.00 24.62 21.49 23.74 23.15 23.61 22.60 25.13 22.08 0.00 0.00 0.00 0.00 0.00 0.00 0.00 0.00 0.00 31.17 28.19 31.22 27.47 29.13 29.75 30.73 26.56 29.55 29.57 24.76 30.40 24.33 22.36 21.80 23.85 21.47 22.32 25.17 24.80 0.00 0.00 0.00 0.00 0.00 0.00 0.00 0.00 0.00 27.76 25.98 30.67 26.52 27.58 23.65 26.14 27.47 25.77 26.64 24.06 29.06 23.10 22.66 22.51 20.55 23.03 23.55 23.86 19.89 0.00 0.00 0.00 0.00 0.00 0.00 0.00 0.00 0.00 27.26 26.04 26.72 28.64 27.01 26.53 27.02 24.98 23.67 30.88 26.25 24.62 29.21 21.65 22.80 21.93 18.17 23.02 22.29 22.48 23.75 0.00 0.00 0.00 0.00 0.00 0.00 0.00 19.22 27.36 24.63 29.55 27.75 25.64 28.10 29.41 26.73 26.41 27.94 26.15 26.61 26.05 21.62 19.92 21.17 20.53 22.42 24.75 26.20 20.99 0.00 0.00 0.00 0.00 0.00 0.00 0.00 23.09 27.19 24.19 26.78 28.60 25.80 26.92 24.32 25.44 25.76 27.22 28.38 28.87 24.25 25.22 22.15 20.73 21.25 23.42 22.49 20.16 20.73 0.00 0.00 0.00 0.00 0.00 0.00 0.00 24.11 27.08 26.70 25.09 25.94 26.49 25.82 25.68 27.39 23.81 23.86 24.31 26.61 25.59 20.47 23.02 16.55 19.32 21.40 21.87 23.07 18.15 0.00 0.00 0.00 0.00 0.00 0.00 0.00 24.98 27.58 26.88 28.91 26.17 27.68 23.33 29.31 27.23 26.30 24.12 27.05 25.03 26.75 19.08 17.71 21.35 23.00 18.32 18.90 23.02 21.57 0.00 0.00 0.00 0.00 0.00 0.00 0.00 26.39 27.81 19.61 26.50 28.56 28.89 27.24 26.62 24.87 27.31 23.66 25.56 26.72 27.27 18.87 18.23 19.43 18.40 17.73 19.98 21.13 19.31 21.93 0.00 0.00 0.00 0.00 0.00 18.46 28.38 27.61 26.17 25.57 24.02 25.04 26.09 23.57 27.54 27.59 26.12 30.27 24.72 24.28 20.43 20.45 19.94 23.48 20.20 17.31 19.40 21.42 17.87 0.00 0.00 0.00 0.00 0.00 22.41 23.22 20.75 28.16 22.02 24.50 24.94 25.50 24.67 24.56 24.85 27.08 25.01 21.91 25.87 18.04 19.69 19.83 19.77 18.32 20.43 20.22 18.87 18.09 0.00 0.00 0.00 0.00 0.00 17.80 29.06 26.31 23.45 23.64 25.98 28.41 23.64 24.16 24.48 24.94 29.31 25.50 22.25 23.41 17.91 17.45 16.12 20.12 18.65 17.23 18.19 20.05 19.85 0.00 0.00 0.00 0.00 0.00 18.25 26.33 23.94 20.31 21.93 28.36 24.76 23.58 22.81 25.78 24.81 25.41 24.96 22.39 25.40 17.43 18.69 20.05 18.83 19.93 17.58 19.78 16.55 17.11 0.00 0.00 0.00 0.00 0.00 17.04 24.67 22.54 26.51 28.01 26.34 26.34 23.15 26.11 27.55 26.87 26.33 26.87 24.28 24.42 21.69 17.86 19.68 17.86 18.17 19.57 18.93 19.10 16.89 0.00 0.00 0.00 0.00 0.00 17.63 24.04 28.05 23.92 26.50 22.64 22.41 25.75 23.12 27.82 30.39 21.04 24.74 24.73 24.93 16.92 18.60 16.41 15.45 20.37 17.93 17.77 18.15 16.55 0.00 0.00 0.00 0.00 0.00 19.40 27.20 27.54 24.13 23.48 24.82 26.11 25.69 25.70 24.07 25.21 27.36 22.39 23.59 25.43 16.75 17.88 17.70 18.90 16.93 18.31 21.52 17.85 18.94 0.00 0.00 0.00 0.00 0.00 17.97 17.82 25.88 24.78 26.11 26.25 25.02 25.18 24.09 25.75 23.88 23.07 24.02 25.64 21.24 17.49 18.78 18.54 14.68 18.73 17.05 17.53 16.86 18.13 17.25 0.00 0.00 0.00 0.00 14.45 16.27 26.02 24.63 24.97 23.50 25.58 23.52 21.35 23.09 24.62 23.08 25.50 22.26 24.49 16.39 18.71 18.46 16.11 16.22 12.85 18.29 18.27 15.00 14.80 0.00 0.00 0.00 0.00 15.18 15.76 25.48 21.72 23.82 22.07 23.87 22.69 24.20 23.06 22.96 24.45 24.76 21.89 24.56 14.72 16.51 15.44 16.11 14.68 13.52 17.08 15.42 17.50 16.90 0.00 0.00 0.00 17.96 15.84 17.02 26.26 23.52 22.50 19.52 23.98 23.02 23.08 23.44 20.46 24.20 23.87 25.40 20.79 15.37 14.83 17.01 16.19 16.12 16.82 17.30 15.13 14.41 15.24 0.00 0.00 0.00 14.67 17.55 17.19 20.67 21.63 21.29 26.13 22.31 20.45 25.91 23.17 22.10 23.16 20.92 25.41 22.60 14.41 17.20 15.30 14.34 16.14 15.69 16.21 17.23 16.91 16.33 0.00 0.00 0.00 14.49 14.69 15.32 23.74 24.48 23.62 24.29 22.80 25.54 21.26 23.54 26.06 21.98 22.29 23.53 13.95 15.07 14.99 17.84 15.57 15.37 12.38 14.00 15.43 16.48 14.76 0.00 0.00 0.00 14.41 13.89 15.41 20.41 21.26 22.98 25.45 27.14 23.39 23.69 25.73 20.78 22.11 23.60 22.65 14.20 14.84 16.50 13.11 13.03 16.19 13.41 12.22 15.30 14.57 11.12 0.00 0.00 0.00 14.96 12.26 12.99 13.66 23.56 23.34 25.75 23.34 24.89 26.93 22.60 25.24 25.32 23.06 24.45 14.21 14.38 14.74 14.37 13.44 14.08 14.78 15.22 16.07 15.55 12.62 0.00 0.00 0.00 12.73 11.83 13.43 13.29 20.32 20.67 22.34 23.54 21.94 19.95 18.79 23.15 22.36 22.92 22.45 16.37 13.59 12.70 16.42 12.86 13.44 15.53 13.36 14.55 12.09 12.60 0.00 0.00 0.00 12.89 13.49 13.43 13.52 22.44 24.97 22.00 21.45 19.24 21.41 20.13 20.11 23.80 21.12 14.42 13.58 14.30 10.42 13.07 17.48 12.70 12.64 12.75 13.73 14.21 10.87 0.00 0.00 0.00 14.35 11.42 14.61 13.07 21.96 23.87 21.89 21.91 19.34 24.06 23.12 24.80 22.90 20.66 11.84 13.77 12.27 11.40 11.41 12.93 15.16 14.85 13.85 12.32 13.96 13.09 0.00 0.00 0.00 13.03 13.56 12.92 12.22 10.80 21.14 21.02 19.57 22.14 21.88 21.60 21.19 21.81 20.16 13.04 12.07 13.12 14.93 11.49 11.29 14.17 13.56 12.73 13.04 13.60 12.18 0.00 0.00 0.00 10.75 11.15 12.26 11.04 10.71 18.30 19.02 19.19 19.35 19.98 22.89 23.28 23.42 12.78 11.02 13.17 11.18 13.71 12.74 13.13 14.43 10.46 11.06 13.23 10.57 12.18 0.00 0.00 0.00 12.14 8.88 14.30 12.04 13.39 9.49 22.57 23.59 21.77 23.31 19.37 23.97 21.17 12.52 11.89 12.38 13.91 9.57 14.57 12.24 14.12 12.44 14.36 12.57 12.26 13.36 0.00 0.00 0.00 0.00 14.17 12.89 10.03 11.13 12.03 20.98 20.48 18.48 20.79 19.36 20.48 12.40 11.09 10.73 10.69 13.06 10.25 10.93 12.36 10.71 12.41 11.81 13.75 11.83 11.82 0.00 0.00 0.00 0.00 10.19 11.16 11.37 11.23 11.36 11.55 22.03 21.76 21.26 20.44 21.27 13.09 9.53 12.05 13.58 10.79 10.87 10.29 12.77 11.38 10.17 8.96 10.76 11.88 11.41 0.00 0.00 0.00 0.00 12.55 11.30 12.05 10.78 10.21 10.85 11.93 20.91 20.74 11.13 10.13 11.19 9.86 9.05 10.26 9.96 11.63 10.11 10.36 11.32 11.71 10.08 11.08 9.82 9.92 0.00 0.00 0.00 0.00 11.38 9.47 10.81 12.49 11.11 11.81 11.03 8.47 10.58 9.66 10.16 10.02 9.51 8.89 10.54 9.88 10.34 9.64 11.41 9.57 10.47 9.97 10.53 9.61 11.74 0.00 0.00 0.00 0.00 11.23 9.73 11.28 12.30 10.80 9.10 10.79 9.43 10.30 11.11 9.55 10.84 10.80 9.60 9.57 11.20 10.29 10.38 9.00 9.41 10.64 10.36 10.08 10.34 0.00 0.00 0.00 0.00 0.00 11.24 11.61 8.52 10.83 8.50 9.46 7.55 9.72 11.49 9.14 12.12 9.31 9.08 9.89 10.23 10.31 9.70 8.75 10.23 10.63 9.11 10.30 8.98 9.05 0.00 0.00 0.00 0.00 0.00 10.07 8.18 7.14 9.07 9.86 10.13 8.50 8.48 9.20 9.37 9.97 9.42 9.39 9.22 12.99 9.73 8.54 9.37 10.48 11.21 8.82 8.65 10.08 9.42 0.00 0.00 0.00 0.00 0.00 10.62 9.82 8.66 8.88 8.28 8.77 8.61 8.94 8.67 8.16 9.80 9.14 8.42 7.26 9.13 7.87 9.43 8.68 9.37 7.63 6.97 7.87 8.35 8.58 0.00 0.00 0.00 0.00 0.00 8.07 8.88 6.99 8.78 8.58 7.65 6.48 9.51 8.62 9.46 7.66 7.20 7.04 9.13 7.78 9.57 8.37 8.70 9.03 8.24 8.29 9.76 8.97 7.08 0.00 0.00 0.00 0.00 0.00 8.26 9.59 9.71 8.83 7.95 8.59 7.68 8.28 8.19 8.20 7.59 8.54 7.07 8.93 8.21 7.74 7.74 8.02 7.84 7.87 8.53 7.35 7.79 8.05 0.00 0.00 0.00 0.00 0.00 6.95 7.79 6.68 8.84 6.98 7.63 8.12 9.38 8.73 8.23 8.62 6.67 7.39 9.45 6.87 6.58 6.49 7.69 6.40 8.93 8.08 7.68 8.71 8.84 0.00 0.00 0.00 0.00 0.00 7.29 6.45 6.99 7.11 10.64 8.25 8.41 6.02 7.18 6.04 9.04 8.26 9.08 7.75 9.11 7.38 6.75 6.58 6.51 8.27 6.31 6.77 8.57 7.57 0.00 0.00 0.00 0.00 0.00 0.00 1.14 0.73 -1.01 0.31 0.06 0.42 0.24 1.44 0.09 0.62 -1.19 -0.49 -0.28 0.58 -0.66 -1.48 0.09 0.03 -0.37 -1.07 0.82 -0.92 0.52 0.00 0.00 0.00 0.00 0.00 0.00 0.27 -1.46 1.12 0.01 0.37 -1.55 0.67 -0.33 -0.02 -0.44 0.03 -0.24 -0.96 -1.27 -1.15 -0.03 -0.01 1.32 0.37 -0.23 0.20 -0.58 0.00 0.00 0.00 0.00 0.00 0.00 0.00 -1.07 -0.84 -0.14 -0.53 1.21 0.43 -0.27 1.08 -0.23 -0.44 -0.60 0.12 0.08 0.70 -0.11 1.54 -1.31 1.41 -1.04 0.86 -1.36 0.32 0.00 0.00 0.00 0.00 0.00 0.00 0.00 -0.66 -1.38 0.69 0.23 0.50 -0.24 -0.02 -0.30 -0.40 -0.00 1.10 -0.69 -0.16 0.05 -0.29 -0.75 0.37 1.09 -1.11 -0.32 -0.92 -0.03 0.00 0.00 0.00 0.00 0.00 0.00 0.00 -0.16 -0.07 -0.26 -0.08 -0.55 0.61 -1.00 -0.75 0.49 -0.25 -0.68 1.01 1.52 0.88 -0.03 1.33 -0.59 -0.59 -0.33 -0.54 1.16 -0.41 0.00 0.00 0.00 0.00 0.00 0.00 0.00 0.43 0.17 0.69 -0.30 -0.57 -0.14 -0.51 0.04 -1.16 -1.16 0.72 0.54 1.96 -0.14 0.10 0.31 -0.88 0.39 0.12 0.57 -1.53 0.64 0.00 0.00 0.00 0.00 0.00 0.00 0.00 0.00 -1.13 -0.64 -0.17 0.65 -0.15 0.32 0.48 0.19 -0.02 0.10 -0.19 1.05 -1.07 0.30 -1.15 1.31 -1.41 0.21 0.69 -0.29 -0.18 0.00 0.00 0.00 0.00 0.00 0.00 0.00 0.00 -0.26 -0.25 0.01 0.63 -0.83 0.25 1.27 -0.31 -0.19 -0.41 0.14 -1.18 -1.07 -0.45 -0.89 -0.39 -0.65 -1.05 0.50 0.56 0.00 0.00 0.00 0.00 0.00 0.00 0.00 0.00 0.00 0.36 0.59 -0.52 1.39 -0.09 -0.71 0.36 -0.70 -0.14 -0.46 0.06 1.28 0.08 1.11 0.20 -0.61 0.29 -0.56 -0.94 0.04 0.00 0.00 0.00 0.00 0.00 0.00 0.00 0.00 0.00 -0.50 -0.79 -0.40 0.67 -0.27 -0.85 -1.25 1.00 0.11 -1.05 -0.29 -0.26 -0.01 0.60 0.32 -0.21 0.54 0.16 -0.71 1.09 0.00 0.00 0.00 0.00 0.00 0.00 0.00 0.00 0.00 0.04 -0.88 1.33 -0.98 -1.03 0.06 -0.44 -0.36 1.13 -0.66 -0.84 0.35 0.57 -0.49 -0.32 -0.27 -1.07 -0.25 0.99 -0.38 0.00 0.00 0.00 0.00 0.00 0.00 0.00 0.00 0.00 0.00 -0.52 1.46 -0.61 -0.83 -0.47 0.54 0.06 -0.10 -0.35 0.71 -0.74 -0.51 0.10 -0.56 0.84 -0.47 0.01 -0.51 1.26 0.00 0.00 0.00 0.00 0.00 0.00 0.00 0.00 0.00 0.00 -0.31 0.58 0.09 -0.75 0.23 0.57 1.20 -0.30 -0.04 -0.98 -0.41 -0.61 0.32 0.94 1.02 -0.99 -0.36 1.16 0.00 0.00 0.00 0.00 0.00 0.00 0.00 0.00 0.00 0.00 0.00 -1.38 -1.33 -0.13 0.85 -0.39 0.67 -0.25 1.11 -0.35 -0.94 -0.48 -0.00 0.49 -0.55 -1.24 -0.87 1.34 -0.07 0.00 0.00 0.00 0.00 0.00 0.00 0.00 0.00 0.00 0.00 0.00 0.30 -0.27 -1.72 0.87 -0.29 0.97 -0.88 -1.11 0.57 1.13 0.18 0.09 0.73 0.09 -0.76 0.41 -0.45 0.13 0.00 0.00 0.00 0.00 0.00 0.00 0.00 0.00 0.00 0.00 0.00 0.00 0.22 -0.78 -0.32 -0.19 -0.04 -0.07 -0.80 -0.17 1.17 0.91 -0.57 -0.23 0.41 1.09 -0.66 -1.12 0.00 0.00 0.00 0.00 0.00 0.00 0.00 0.00 0.00 0.00 0.00 0.00 0.00 0.97 -0.18 -0.86 1.07 -0.61 0.15 0.55 0.32 0.88 0.11 0.04 -0.86 0.70 0.51 -0.23 0.13 0.00 0.00 0.00 0.00 0.00 0.00 0.00 0.00 0.00 0.00 0.00 0.00 0.00 -0.26 1.36 -0.77 -0.21 -0.51 0.32 0.16 -1.40 -0.59 -1.51 0.68 -0.85 -0.33 -1.50 -0.64 -0.06 0.00 0.00 0.00 0.00 0.00 0.00 0.00 0.00 0.00 0.00 0.00 0.00 0.00 0.00 -0.88 -0.78 -0.09 -0.27 -0.17 0.43 -0.46 -0.36 0.12 -0.62 0.89 -0.55 -0.87 0.94 0.00 0.00 0.00 0.00 0.00 0.00 0.00 0.00 0.00 0.00 0.00 0.00 0.00 0.00 0.00 -1.32 1.06 -0.85 0.34 0.89 0.05 -1.01 -0.87 -0.36 1.12 -0.01 0.32 0.01 1.52 0.00 0.00 0.00 0.00 0.00 0.00 0.00 0.00 0.00 0.00 0.00 0.00 0.00 0.00 0.00 0.00 -1.61 -0.85 -0.05 1.24 -0.12 -0.72 -1.16 -0.63 -1.43 -1.83 0.65 1.66 -0.27 0.00 0.00 0.00 0.00 0.00 0.00 0.00 0.00 0.00 0.00 0.00 0.00 0.00 0.00 0.00 0.00 0.69 -0.95 -0.12 -1.99 0.84 0.12 -0.13 0.55 -0.28 -0.18 -0.66 0.11 0.00 0.00 0.00 0.00 0.00 0.00 0.00 0.00 0.00 0.00 0.00 0.00 0.00 0.00 0.00 0.00 0.00 0.00 0.76 0.74 1.15 -1.25 -1.13 -0.35 -0.81 0.03 0.34 -0.68 0.54 0.00 0.00 0.00 0.00 0.00 0.00 0.00 0.00 0.00 0.00 0.00 0.00 0.00 0.00 0.00 0.00 0.00 0.00 -0.59 -1.31 0.81 0.24 1.47 0.18 0.83 0.32 0.93 -0.31 0.00 0.00 0.00 0.00 0.00 0.00 0.00 0.00 0.00 0.00 0.00 0.00 0.00 0.00 0.00 0.00 0.00 0.00 0.00 0.00 0.54 0.51 1.26 0.98 0.53 -0.11 -0.03 -0.18 0.00 0.00 0.00 0.00 0.00 0.00 0.00 0.00 0.00 0.00 0.00 0.00 0.00 0.00 0.00 0.00 0.00 0.00 0.00 0.00 0.00 0.23 -0.45 0.21 0.44 -0.60 -0.58 -0.04 -1.04 0.00 0.00 0.00 0.00 0.00 0.00 0.00 0.00 0.00 0.00 0.00 0.00 0.00 0.00 0.00 0.00 0.00 0.00 0.00 0.00 0.00 0.00 1.48 -0.03 -1.96 -0.56 -0.91 -0.21 0.00 0.00 0.00 0.00 0.00 0.00 0.00 0.00 0.00 0.00 0.00 0.00 0.00 0.00 0.00 0.00 0.00 0.00 0.00 0.00 0.00 0.00 0.00 0.00 0.00 -0.55 -0.81 0.00 0.00 0.00 0.00 0.00 0.00 0.00 0.00 0.00 0.00 0.00 0.00 0.00
rain_type.data=0 0 0 0 0 0 0 0 0 0 0 0 0 0 0 0 0 0 0 0 0 0 0 0 0 0 0 0 0 0 0 0 0 0 0 0 0 0 0 0 0 1 1 1 1 1 1 0 0 0 0 0 0 0 0 0 0 0 0 0 0 0 0 0 0 0 0 0 0 1 1 1 1 1 1 1 1 0 0 0 0 0 0 0 0 0 0 0 0 0 0 0 0 0 0 0 0 1 1 1 1 1 1 1 1 1 1 0 0 0 0 0 0 0 0 0 0 0 0 0 0 0 0 0 0 1 2 2 1 1 1 1 1 1 1 1 1 0 0 0 0 0 0 0 0 0 0 0 0 0 0 0 0 1 2 2 2 2 2 1 1 1 1 1 1 1 1 0 0 0 0 0 0 0 0 0 0 0 0 0 0 0 2 2 2 2 2 2 2 1 1 1 1 1 1 1 0 0 0 0 0 0 0 0 0 0 0 0 0 0 2 2 2 2 2 2 2 2 1 1 1 1 1 1 1 1 0 0 0 0 0 0 0 0 0 0 0 0 0 2 2 2 2 2 2 2 2 2 1 1 1 1 1 1 1 0 0 0 0 0 0 0 0 0 0 0 0 2 2 2 2 2 2 2 2 2 2 1 1 1 1 1 1 1 1 0 0 0 0 0 0 0 0 0 0 0 2 2 2 2 2 2 2 2 2 2 1 1 1 1 1 1 1 1 0 0 0 0 0 0 0 0 0 0 0 2 2 2 2 2 2 2 2 2 2 2 1 1 1 1 1 1 1 0 0 0 0 0 0 0 0 0 0 1 2 2 2 2 2 2 2 2 2 2 2 1 1 1 1 1 1 1 1 0 0 0 0 0 0 0 0 0 2 2 2 2 2 2 2 2 2 2 2 2 1 1 1 1 1 1 1 1 0 0 0 0 0 0 0 0 0 2 2 2 2 2 2 2 2 2 2 2 2 1 1 1 1 1 1 1 1 0 0 0 0 0 0 0 0 0 2 2 2 2 2 2 2 2 2 2 2 2 2 1 1 1 1 1 1 1 1 0 0 0 0 0 0 0 1 2 2 2 2 2 2 2 2 2 2 2 2 2 1 1 1 1 1 1 1 1 0 0 0 0 0 0 0 1 2 2 2 2 2 2 2 2 2 2 2 2 2 1 1 1 1 1 1 1 1 0 0 0 0 0 0 0 1 2 2 2 2 2 2 2 2 2 2 2 2 2 1 1 1 1 1 1 1 1 0 0 0 0 0 0 0 2 2 2 2 2 2 2 2 2 2 2 2 2 2 1 1 1 1 1 1 1 1 0 0 0 0 0 0 0 2 2 2 2 2 2 2 2 2 2 2 2 2 2 1 1 1 1 1 1 1 1 1 0 0 0 0 0 1 2 2 2 2 2 2 2 2 2 2 2 2 2 2 1 1 1 1 1 1 1 1 1 0 0 0 0 0 1 2 2 2 2 2 2 2 2 2 2 2 2 2 2 1 1 1 1 1 1 1 1 1 0 0 0 0 0 1 2 2 2 2 2 2 2 2 2 2 2 2 2 2 1 1 1 1 1 1 1 1 1 0 0 0 0 0 1 2 2 2 2 2 2 2 2 2 2 2 2 2 2 1 1 1 1 1 1 1 1 1 0 0 0 0 0 1 2 2 2 2 2 2 2 2 2 2 2 2 2 2 1 1 1 1 1 1 1 1 1 0 0 0 0 0 1 2 2 2 2 2 2 2 2 2 2 2 2 2 2 1 1 1 1 1 1 1 1 1 0 0 0 0 0 1 2 2 2 2 2 2 2 2 2 2 2 2 2 2 1 1 1 1 1 1 1 1 1 0 0 0 0 0 1 1 2 2 2 2 2 2 2 2 2 2 2 2 2 1 1 1 1 1 1 1 1 1 1 0 0 0 0 1 1 2 2 2 2 2 2 2 2 2 2 2 2 2 1 1 1 1 1 1 1 1 1 1 0 0 0 0 1 1 2 2 2 2 2 2 2 2 2 2 2 2 2 1 1 1 1 1 1 1 1 1 1 0 0 0 1 1 1 2 2 2 2 2 2 2 2 2 2 2 2 2 1 1 1 1 1 1 1 1 1 1 0 0 0 1 1 1 2 2 2 2 2 2 2 2 2 2 2 2 2 1 1 1 1 1 1 1 1 1 1 0 0 0 1 1 1 2 2 2 2 2 2 2 2 2 2 2 2 1 1 1 1 1 1 1 1 1 1 1 0 0 0 1 1 1 2 2 2 2 2 2 2 2 2 2 2 2 1 1 1 1 1 1 1 1 1 1 1 0 0 0 1 1 1 1 2 2 2 2 2 2 2 2 2 2 2 1 1 1 1 1 1 1 1 1 1 1 0 0 0 1 1 1 1 2 2 2 2 2 2 2 2 2 2 2 1 1 1 1 1 1 1 1 1 1 1 0 0 0 1 1 1 1 2 2 2 2 2 2 2 2 2 2 1 1 1 1 1 1 1 1 1 1 1 1 0 0 0 1 1 1 1 2 2 2 2 2 2 2 2 2 2 1 1 1 1 1 1 1 1 1 1 1 1 0 0 0 1 1 1 1 1 2 2 2 2 2 2 2 2 2 1 1 1 1 1 1 1 1 1 1 1 1 0 0 0 1 1 1 1 1 2 2 2 2 2 2 2 2 1 1 1 1 1 1 1 1 1 1 1 1 1 0 0 0 1 1 1 1 1 1 2 2 2 2 2 2 2 1 1 1 1 1 1 1 1 1 1 1 1 1 0 0 0 0 1 1 1 1 1 2 2 2 2 2 2 1 1 1 1 1 1 1 1 1 1 1 1 1 1 0 0 0 0 1 1 1 1 1 1 2 2 2 2 2 1 1 1 1 1 1 1 1 1 1 1 1 1 1 0 0 0 0 1 1 1 1 1 1 1 2 2 1 1 1 1 1 1 1 1 1 1 1 1 1 1 1 1 0 0 0 0 1 1 1 1 1 1 1 1 1 1 1 1 1 1 1 1 1 1 1 1 1 1 1 1 1 0 0 0 0 1 1 1 1 1 1 1 1 1 1 1 1 1 1 1 1 1 1 1 1 1 1 1 1 0 0 0 0 0 1 1 1 1 1 1 1 1 1 1 1 1 1 1 1 1 1 1 1 1 1 1 1 1 0 0 0 0 0 1 1 1 1 1 1 1 1 1 1 1 1 1 1 1 1 1 1 1 1 1 1 1 1 0 0 0 0 0 1 1 1 1 1 1 1 1 1 1 1 1 1 1 1 1 1 1 1 1 1 1 1 1 0 0 0 0 0 1 1 1 1 1 1 1 1 1 1 1 1 1 1 1 1 1 1 1 1 1 1 1 1 0 0 0 0 0 1 1 1 1 1 1 1 1 1 1 1 1 1 1 1 1 1 1 1 1 1 1 1 1 0 0 0 0 0 1 1 1 1 1 1 1 1 1 1 1 1 1 1 1 1 1 1 1 1 1 1 1 1 0 0 0 0 0 1 1 1 1 1 1 1 1 1 1 1 1 1 1 1 1 1 1 1 1 1 1 1 1 0 0 0 0 0 0 1 1 1 1 1 1 1 1 1 1 1 1 1 1 1 1 1 1 1 1 1 1 1 0 0 0 0 0 0 1 1 1 1 1 1 1 1 1 1 1 1 1 1 1 1 1 1 1 1 1 1 0 0 0 0 0 0 0 1 1 1 1 1 1 1 1 1 1 1 1 1 1 1 1 1 1 1 1 1 1 0 0 0 0 0 0 0 1 1 1 1 1 1 1 1 1 1 1 1 1 1 1 1 1 1 1 1 1 1 0 0 0 0 0 0 0 1 1 1 1 1 1 1 1 1 1 1 1 1 1 1 1 1 1 1 1 1 1 0 0 0 0 0 0 0 1 1 1 1 1 1 1 1 1 1 1 1 1 1 1 1 1 1 1 1 1 1 0 0 0 0 0 0 0 0 1 1 1 1 1 1 1 1 1 1 1 1 1 1 1 1 1 1 1 1 1 0 0 0 0 0 0 0 0 1 1 1 1 1 1 1 1 1 1 1 1 1 1 1 1 1 1 1 1 0 0 0 0 0 0 0 0 0 1 1 1 1 1 1 1 1 1 1 1 1 1 1 1 1 1 1 1 1 0 0 0 0 0 0 0 0 0 1 1 1 1 1 1 1 1 1 1 1 1 1 1 1 1 1 1 1 1 0 0 0 0 0 0 0 0 0 1 1 1 1 1 1 1 1 1 1 1 1 1 1 1 1 1 1 1 1 0 0 0 0 0 0 0 0 0 0 1 1 1 1 1 1 1 1 1 1 1 1 1 1 1 1 1 1 1 0 0 0 0 0 0 0 0 0 0 1 1 1 1 1 1 1 1 1 1 1 1 1 1 1 1 1 1 0 0 0 0 0 0 0 0 0 0 0 1 1 1 1 1 1 1 1 1 1 1 1 1 1 1 1 1 1 0 0 0 0 0 0 0 0 0 0 0 1 1 1 1 1 1 1 1 1 1 1 1 1 1 1 1 1 1 0 0 0 0 0 0 0 0 0 0 0 0 1 1 1 1 1 1 1 1 1 1 1 1 1 1 1 1 0 0 0 0 0 0 0 0 0 0 0 0 0 1 1 1 1 1 1 1 1 1 1 1 1 1 1 1 1 0 0 0 0 0 0 0 0 0 0 0 0 0 1 1 1 1 1 1 1 1 1 1 1 1 1 1 1 1 0 0 0 0 0 0 0 0 0 0 0 0 0 0 1 1 1 1 1 1 1 1 1 1 1 1 1 1 0 0 0 0 0 0 0 0 0 0 0 0 0 0 0 1 1 1 1 1 1 1 1 1 1 1 1 1 1 0 0 0 0 0 0 0 0 0 0 0 0 0 0 0 0 1 1 1 1 1 1 1 1 1 1 1 1 1 0 0 0 0 0 0 0 0 0 0 0 0 0 0 0 0 1 1 1 1 1 1 1 1 1 1 1 1 0 0 0 0 0 0 0 0 0 0 0 0 0 0 0 0 0 0 1 1 1 1 1 1 1 1 1 1 1 0 0 0 0 0 0 0 0 0 0 0 0 0 0 0 0 0 0 1 1 1 1 1 1 1 1 1 1 0 0 0 0 0 0 0 0 0 0 0 0 0 0 0 0 0 0 0 0 1 1 1 1 1 1 1 1 0 0 0 0 0 0 0 0 0 0 0 0 0 0 0 0 0 0 0 0 0 1 1 1 1 1 1 1 1 0 0 0 0 0 0 0 0 0 0 0 0 0 0 0 0 0 0 0 0 0 0 1 1 1 1 1 1 0 0 0 0 0 0 0 0 0 0 0 0 0 0 0 0 0 0 0 0 0 0 0 0 0 1 1 0 0 0 0 0 0 0 0 0 0 0 0 0
estimated_attenuation.size=2378
estimated_attenuation.data=0.00 0.00 0.00 0.00 0.00 0.00 0.00 0.00 0.00 0.00 0.00 0.00 0.00 0.00 0.00 0.00 0.00 0.00 0.00 0.00 0.00 0.00 0.00 0.00 0.00 0.00 0.00 0.00 0.00 0.00 0.00 0.00 0.00 0.00 0.00 0.00 0.00 0.00 0.00 0.00 0.00 0.00 0.00 0.00 0.00 0.00 0.00 0.00 0.00 0.00 0.00 0.00 0.00 0.00 0.00 0.00 0.00 0.00 0.00 0.00 0.00 0.00 0.00 0.00 0.00 0.00 0.00 0.00 0.00 0.00 0.00 0.00 0.00 0.00 0.00 0.00 0.00 0.00 0.00 0.00 0.00 0.00 0.00 0.00 0.00 0.00 0.00 0.00 0.00 0.00 0.00 0.00 0.00 0.00 0.00 0.00 0.00 0.00 0.00 0.00 0.00 0.00 0.00 0.00 0.00 0.00 0.00 0.00 0.00 0.00 0.00 0.00 0.00 0.00 0.00 0.00 0.00 0.00 0.00 0.00 0.00 0.00 0.00 0.00 0.00 0.00 0.00 0.00 0.00 0.00 0.00 0.00 0.00 0.00 0.00 0.00 0.00 0.00 0.00 0.00 0.00 0.00 0.00 0.00 0.00 0.00 0.00 0.00 0.00 0.00 0.00 0.00 0.00 0.00 0.00 0.00 0.00 0.00 0.00 0.00 0.00 0.00 0.00 0.00 0.00 0.00 0.00 0.00 0.00 0.00 0.00 0.00 0.00 0.00 0.00 0.00 0.00 0.00 0.00 0.00 0.00 0.00 0.00 0.00 0.00 0.00 0.00 0.00 0.00 0.00 0.00 0.00 0.00 0.00 0.00 0.00 0.00 0.00 0.00 0.00 0.00 0.00 0.00 0.00 0.00 0.00 0.00 0.00 0.00 0.00 0.00 0.00 0.00 0.00 0.00 0.00 0.00 0.00 0.00 0.00 0.00 0.00 0.00 0.00 0.00 0.00 0.00 0.00 0.00 0.00 0.00 0.00 0.00 0.00 0.00 0.00 0.00 0.00 0.00 0.00 0.00 0.00 0.00 0.00 0.00 0.00 0.00 0.00 0.00 0.00 0.00 0.00 0.00 0.00 0.00 0.00 0.00 0.00 0.00 0.00 0.00 0.00 0.00 0.00 0.00 0.00 0.00 0.00 0.00 0.00 0.00 0.00 0.00 0.00 0.00 0.00 0.00 0.00 0.00 0.00 0.00 0.00 0.00 0.00 0.00 0.00 0.00 0.00 0.00 0.00 0.00 0.00 0.00 0.00 0.00 0.00 0.00 0.00 0.00 0.00 0.00 0.00 0.00 0.00 0.00 0.00 0.00 0.00 0.00 0.00 0.00 0.00 0.00 0.00 0.00 0.00 0.00 0.00 0.00 0.00 0.00 0.00 0.00 0.00 0.00 0.00 0.00 0.00 0.00 0.00 0.00 0.00 0.00 0.00 0.00 0.00 0.00 0.00 0.00 0.00 0.00 0.00 0.00 0.00 0.00 0.00 0.00 0.00 0.00 0.00 0.00 0.00 0.00 0.00 0.00 0.00 0.00 0.00 0.00 0.00 0.00 0.00 0.00 0.00 0.00 0.00 0.00 0.00 0.00 0.00 0.00 0.00 0.00 0.00 0.00 0.00 0.00 0.00 0.00 0.00 0.00 0.00 0.00 0.00 0.00 0.00 0.00 0.00 0.00 0.00 0.00 0.00 0.00 0.00 0.00 0.00 0.00 0.00 0.00 0.00 0.00 0.00 0.00 0.00 0.00 0.00 0.00 0.00 0.00 0.00 0.00 0.00 0.00 0.00 0.00 0.00 0.00 0.00 0.00 0.00 0.00 0.00 0.00 0.00 0.00 0.00 0.00 0.00 0.00 0.00 0.00 0.00 0.00 0.00 0.00 0.00 0.00 0.00 0.00 0.00 0.00 0.00 0.00 0.00 0.00 0.00 0.00 0.00 0.00 0.00 0.00 0.00 0.00 0.00 0.00 0.00 0.00 0.00 0.00 0.00 0.00 0.00 0.00 0.00 0.00 0.00 0.00 0.00 0.00 0.00 0.00 0.00 0.00 0.00 0.00 0.00 0.00 0.00 0.00 0.00 0.00 0.00 0.00 0.00 0.00 0.00 0.00 0.00 0.00 0.00 0.00 0.00 0.00 0.00 0.00 0.00 0.00 0.00 0.00 0.00 0.00 0.00 0.00 0.00 0.00 0.00 0.00 0.00 0.00 0.00 0.00 0.00 0.00 0.00 0.00 0.00 0.00 0.00 0.00 0.00 0.00 0.00 0.00 0.00 0.00 0.00 0.00 0.00 0.00 0.00 0.00 0.00 0.00 0.00 0.00 0.00 0.00 0.00 0.00 0.00 0.00 0.00 0.00 0.00 0.00 0.00 0.00 0.00 0.00 0.00 0.00 0.00 0.00 0.00 0.00 0.00 0.00 0.00 0.00 0.00 0.00 0.00 0.00 0.00 0.00 0.00 0.00 0.00 0.00 0.00 0.00 0.00 0.00 0.00 0.00 0.00 0.00 0.00 0.00 0.00 0.00 0.00 0.00 0.00 0.00 0.00 0.00 0.00 0.00 0.00 0.00 0.00 0.00 0.00 0.00 0.00 0.00 0.00 0.00 0.00 0.00 0.00 0.00 0.00 0.00 0.00 0.00 0.00 0.00 0.00 0.00 0.00 0.00 0.00 0.00 0.00 0.00 0.00 0.00 0.00 0.00 0.00 0.00 0.00 0.00 0.00 0.00 0.00 0.00 0.00 0.00 0.00 0.00 0.00 0.00 0.00 0.00 0.00 0.00 0.00 0.00 0.00 0.00 0.00 0.00 0.00 0.00 0.00 0.00 0.00 0.00 0.00 0.00 0.00 0.00 0.00 0.00 0.00 0.00 0.00 0.00 0.00 0.00 0.00 0.00 0.00 0.00 0.00 0.00 0.00 0.00 0.00 0.00 0.00 0.00 0.00 0.00 0.00 0.00 0.00 0.00 0.00 0.00 0.00 0.00 0.00 0.00 0.00 0.00 0.00 0.00 0.00 0.00 0.00 0.00 0.00 0.00 0.00 0.00 0.00 0.00 0.00 0.00 0.00 0.00 0.00 0.00 0.00 0.00 0.00 0.00 0.00 0.00 0.00 0.00 0.00 0.00 0.00 0.00 0.00 0.00 0.00 0.00 0.00 0.00 0.00 0.00 0.00 0.00 0.00 0.00 0.00 0.00 0.00 0.00 0.00 0.00 0.00 0.00 0.00 0.00 0.00 0.00 0.00 0.00 0.00 0.00 0.00 0.00 0.00 0.00 0.00 0.00 0.00 0.00 0.00 0.00 0.00 0.00 0.00 0.00 0.00 0.00 0.00 0.00 0.00 0.00 0.00 0.00 0.00 0.00 0.00 0.00 0.00 0.00 0.00 0.00 0.00 0.00 0.00 0.00 0.00 0.00 0.00 0.00 0.00 0.00 0.00 0.00 0.00 0.00 0.00 0.00 0.00 0.00 0.00 0.00 0.00 0.00 0.00 0.00 0.00 0.00 0.00 0.00 0.00 0.00 0.00 0.00 0.00 0.00 0.00 0.00 0.00 0.00 0.00 0.00 0.00 0.00 0.00 0.00 0.00 0.00 0.00 0.00 0.00 0.00 0.00 0.00 0.00 0.00 0.00 0.00 0.00 0.00 0.00 0.00 0.00 0.00 0.00 0.00 0.00 0.00 0.00 0.00 0.00 0.00 0.00 0.00 0.00 0.00 0.00 0.00 0.00 0.00 0.00 0.00 0.00 0.00 0.00 0.00 0.00 0.00 0.00 0.00 0.00 0.00 0.00 0.00 0.00 0.00 0.00 0.00 0.00 0.00 0.00 0.00 0.00 0.00 0.00 0.00 0.00 0.00 0.00 0.00 0.00 0.00 0.00 0.00 0.00 0.00 0.00 0.00 0.00 0.00 0.00 0.00 0.00 0.00 0.00 0.00 0.00 0.00 0.00 0.00 0.00 0.00 0.00 0.00 0.00 0.00 0.00 0.00 0.00 0.00 0.00 0.00 0.00 0.00 0.00 0.00 0.00 0.00 0.00 0.00 0.00 0.00 0.00 0.00 0.00 0.00 0.00 0.00 0.00 0.00 0.00 0.00 0.00 0.00 0.00 0.00 0.00 0.00 0.00 0.00 0.00 0.00 0.00 0.00 0.00 0.00 0.00 0.00 0.00 0.00 0.00 0.00 0.00 0.00 0.00 0.00 0.00 0.00 0.00 0.00 0.00 0.00 0.00 0.00 0.00 0.00 0.00 0.00 0.00 0.00 0.00 0.00 0.00 0.00 0.00 0.00 0.00 0.00 0.00 0.00 0.00 0.00 0.00 0.00 0.00 0.00 0.00 0.00 0.00 0.00 0.00 0.00 0.00 0.00 0.00 0.00 0.00 0.00 0.00 0.00 0.00 0.00 0.00 0.00 0.00 0.00 0.00 0.00 0.00 0.00 0.00 0.00 0.00 0.00 0.00 0.00 0.00 0.00 0.00 0.00 0.00 0.00 0.00 0.00 0.00 0.00 0.00 0.00 0.00 0.00 0.00 0.00 0.00 0.00 0.00 0.00 0.00 0.00 0.00 0.00 0.00 0.00 0.00 0.00 0.00 0.00 0.00 0.00 0.00 0.00 0.00 0.00 0.00 0.00 0.00 0.00 0.00 0.00 0.00 0.00 0.00 0.00 0.00 0.00 0.00 0.00 0.00 0.00 0.00 0.00 0.00 0.00 0.00 0.00 0.00 0.00 0.00 0.00 0.00 0.00 0.00 0.00 0.00 0.00 0.00 0.00 0.00 0.00 0.00 0.00 0.00 0.00 0.00 0.00 0.00 0.00 0.00 0.00 0.00 0.00 0.00 0.00 0.00 0.00 0.00 0.00 0.00 0.00 0.00 0.00 0.00 0.00 0.00 0.00 0.00 0.00 0.00 0.00 0.00 0.00 0.00 0.00 0.00 0.00 0.00 0.00 0.00 0.00 0.00 0.00 0.00 0.00 0.00 0.00 0.00 0.00 0.00 0.00 0.00 0.00 0.00 0.00 0.00 0.00 0.00 0.00 0.00 0.00 0.00 0.00 0.00 0.00 0.00 0.00 0.00 0.00 0.00 0.00 0.00 0.00 0.00 0.00 0.00 0.00 0.00 0.00 0.00 0.00 0.00 0.00 0.00 0.00 0.00 0.00 0.00 0.00 0.00 0.00 0.00 0.00 0.00 0.00 0.00 0.00 0.00 0.00 0.00 0.00 0.00 0.00 0.00 0.00 0.00 0.00 0.00 0.00 0.00 0.00 0.00 0.00 0.00 0.00 0.00 0.00 0.00 0.00 0.00 0.00 0.00 0.00 0.00 0.00 0.00 0.00 0.00 0.00 0.00 0.00 0.00 0.00 0.00 0.00 0.00 0.00 0.00 0.00 0.00 0.00 0.00 0.00 0.00 0.00 0.00 0.00 0.00 0.00 0.00 0.00 0.00 0.00 0.00 0.00 0.00 0.00 0.00 0.00 0.00 0.00 0.00 0.00 0.00 0.00 0.00 0.00 0.00 0.00 0.00 0.00 0.00 0.00 0.00 0.00 0.00 0.00 0.00 0.00 0.00 0.00 0.00 0.00 0.00 0.00 0.00 0.00 0.00 0.00 0.00 0.00 0.00 0.00 0.00 0.00 0.00 0.00 0.00 0.00 0.00 0.00 0.00 0.00 0.00 0.00 0.00 0.00 0.00 0.00 0.00 0.00 0.00 0.00 0.00 0.00 0.00 0.00 0.00 0.00 0.00 0.00 0.00 0.00 0.00 0.00 0.00 0.00 0.00 0.00 0.00 0.00 0.00 0.00 0.00 0.00 0.00 0.00 0.00 0.00 0.00 0.00 0.00 0.00 0.00 0.00 0.00 0.00 0.00 0.00 0.00 0.00 0.00 0.00 0.00 0.00 0.00 0.00 0.00 0.00 0.00 0.00 0.00 0.00 0.00 0.00 0.00 0.00 0.00 0.00 0.00 0.00 0.00 0.00 0.00 0.00 0.00 0.00 0.00 0.00 0.00 0.00 0.00 0.00 0.00 0.00 0.00 0.00 0.00 0.00 0.00 0.00 0.00 0.00 0.00 0.00 0.00 0.00 0.00 0.00 0.00 0.00 0.00 0.00 0.00 0.00 0.00 0.00 0.00 0.00 0.00 0.00 0.00 0.00 0.00 0.00 0.00 0.00 0.00 0.00 0.00 0.00 0.00 0.00 0.00 0.00 0.00 0.00 0.00 0.00 0.00 0.00 0.00 0.00 0.00 0.00 0.00 0.00 0.00 0.00 0.00 0.00 0.00 0.00 0.00 0.00 0.00 0.00 0.00 0.00 0.00 0.00 0.00 0.00 0.00 0.00 0.00 0.00 0.00 0.00 0.00 0.00 0.00 0.00 0.00 0.00 0.00 0.00 0.00 0.00 0.00 0.00 0.00 0.00 0.00 0.00 0.00 0.00 0.00 0.00 0.00 0.00 0.00 0.00 0.00 0.00 0.00 0.00 0.00 0.00 0.00 0.00 0.00 0.00 0.00 0.00 0.00 0.00 0.00 0.00 0.00 0.00 0.00 0.00 0.00 0.00 0.00 0.00 0.00 0.00 0.00 0.00 0.00 0.00 0.00 0.00 0.00 0.00 0.00 0.00 0.00 0.00 0.00 0.00 0.00 0.00 0.00 0.00 0.00 0.00 0.00 0.00 0.00 0.00 0.00 0.00 0.00 0.00 0.00 0.00 0.00 0.00 0.00 0.00 0.00 0.00 0.00 0.00 0.00 0.00 0.00 0.00 0.00 0.00 0.00 0.00 0.00 0.00 0.00 0.00 0.00 0.00 0.00 0.00 0.00 0.00 0.00 0.00 0.00 0.00 0.00 0.00 0.00 0.00 0.00 0.00 0.00 0.00 0.00 0.00 0.00 0.00 0.00 0.00 0.00 0.00 0.00 0.00 0.00 0.00 0.00 0.00 0.00 0.00 0.00 0.00 0.00 0.00 0.00 0.00 0.00 0.00 0.00 0.00 0.00 0.00 0.00 0.00 0.00 0.00 0.00 0.00 0.00 0.00 0.00 0.00 0.00 0.00 0.00 0.00 0.00 0.00 0.00 0.00 0.00 0.00 0.00 0.00 0.00 0.00 0.00 0.00 0.00 0.00 0.00 0.00 0.00 0.00 0.00 0.00 0.00 0.00 0.00 0.00 0.00 0.00 0.00 0.00 0.00 0.00 0.00 0.00 0.00 0.00 0.00 0.00 0.00 0.00 0.00 0.00 0.00 0.00 0.00 0.00 0.00 0.00 0.00 0.00 0.00 0.00 0.00 0.00 0.00 0.00 0.00 0.00 0.00 0.00 0.00 0.00 0.00 0.00 0.00 0.00 0.00 0.00 0.00 0.00 0.00 0.00 0.00 0.00 0.00 0.00 0.00 0.00 0.00 0.00 0.00 0.00 0.00 0.00 0.00 0.00 0.00 0.00 0.00 0.00 0.00 0.00 0.00 0.00 0.00 0.00 0.00 0.00 0.00 0.00 0.00 0.00 0.00 0.00 0.00 0.00 0.00 0.00 0.00 0.00 0.00 0.00 0.00 0.00 0.00 0.00 0.00 0.00 0.00 0.00 0.00 0.00 0.00 0.00 0.00 0.00 0.00 0.00 0.00 0.00 0.00 0.00 0.00 0.00 0.00 0.00 0.00 0.00 0.00 0.00 0.00 0.00 0.00 0.00 0.00 0.00 0.00 0.00 0.00 0.00 0.00 0.00 0.00 0.00 0.00 0.00 0.00 0.00 0.00 0.00 0.00 0.00 0.00 0.00 0.00 0.00 0.00 0.00 0.00 0.00 0.00 0.00 0.00 0.00 0.00 0.00 0.00 0.00 0.00 0.00 0.00 0.00 0.00 0.00 0.00 0.00 0.00 0.00 0.00 0.00 0.00 0.00 0.00 0.00 0.00 0.00 0.00 0.00 0.00 0.00 0.00 0.00 0.00 0.00 0.00 0.00 0.00 0.00 0.00 0.00 0.00 0.00 0.00 0.00 0.00 0.00 0.00 0.00 0.00 0.00 0.00 0.00 0.00 0.00 0.00 0.00 0.00 0.00 0.00 0.00 0.00 0.00 0.00 0.00 0.00 0.00 0.00 0.00 0.00 0.00 0.00 0.00 0.00 0.00 0.00 0.00 0.00 0.00 0.00 0.00 0.00 0.00 0.00 0.00 0.00 0.00 0.00 0.00 0.00 0.00 0.00 0.00 0.00 0.00 0.00 0.00 0.00 0.00 0.00 0.00 0.00 0.00 0.00 0.00 0.00 0.00 0.00 0.00 0.00 0.00 0.00 0.00 0.00 0.00 0.00 0.00 0.00 0.00 0.00 0.00 0.00 0.00 0.00 0.00 0.00 0.00 0.00 0.00 0.00 0.00 0.00 0.00 0.00 0.00 0.00 0.00 0.00 0.00 0.00 0.00 0.00 0.00 0.00 0.00 0.00 0.00 0.00 0.00 0.00 0.00 0.00 0.00 0.00 0.00 0.00 0.00 0.00 0.00 0.00 0.00 0.00 0.00 0.00 0.00 0.00 0.00 0.00 0.00 0.00 0.00 0.00 0.00 0.00 0.00 0.00 0.00 0.00 0.00 0.00 0.00 0.00 0.00 0.00 0.00 0.00 0.00 0.00 0.00 0.00 0.00 0.00 0.00 0.00 0.00 0.00 0.00 0.00 0.00 0.00 0.00 0.00 0.00 0.00 0.00 0.00 0.00 0.00 0.00 0.00 0.00 0.00 0.00 0.00 0.00 0.00 0.00 0.00 0.00 0.00 0.00 0.00 0.00 0.00 0.00 0.00 0.00 0.00 0.00 0.00 0.00 0.00 0.00 0.00 0.00 0.00 0.00 0.00 0.00 0.00 0.00 0.00 0.00 0.00 0.00 0.00 0.00 0.00 0.00 0.00 0.00 0.00 0.00 0.00 0.00 0.00 0.00 0.00 0.00 0.00 0.00 0.00 0.00 0.00 0.00 0.00 0.00 0.00 0.00 0.00 0.00 0.00 0.00 0.00 0.00 0.00 0.00 0.00 0.00 0.00 0.00 0.00 0.00 0.00 0.00 0.00 0.00 0.00 0.00 0.00 0.00 0.00 0.00 0.00 0.00 0.00 0.00 0.00 0.00 0.00 0.00 0.00 0.00 0.00 0.00 0.00 0.00 0.00 0.00 0.00 0.00 0.00 0.00 0.00 0.00 0.00 0.00 0.00 0.00 0.00 0.00 0.00 0.00 0.00 0.00 0.00 0.00 0.00 0.00 0.00 0.00 0.00 0.00 0.00 0.00 0.00 0.00 0.00 0.00 0.00 0.00 0.00 0.00 0.00 0.00 0.00 0.00 0.00 0.00 0.00 0.00 0.00 0.00 0.00 0.00 0.00 0.00 0.00 0.00 0.00 0.00 0.00 0.00 0.00 0.00 0.00 0.00 0.00 0.00 0.00 0.00 0.00 0.00 0.00 0.00 0.00 0.00 0.00 0.00 0.00 0.00 0.00 0.00 0.00 0.00 0.00 0.00 0.00 0.00 0.00 0.00 0.00 0.00 0.00 0.00 0.00 0.00 0.00 0.00 0.00 0.00 0.00 0.00 0.00 0.00 0.00 0.00 0.00 0.00 0.00 0.00 0.00 0.00 0.00 0.00 0.00 0.00 0.00 0.00 0.00 0.00 0.00 0.00 0.00 0.00 0.00 0.00 0.00 0.00 0.00 0.00 0.00 0.00 0.00 0.00 0.00 0.00 0.00 0.00 0.00 0.00 0.00 0.00 0.00 0.00 0.00 0.00 0.00 0.00 0.00 0.00 0.00 0.00 0.00 0.00 0.00 0.00 0.00 0.00 0.00 0.00 0.00 0.00 0.00 0.00 0.00 0.00 0.00 0.00 0.00 0.00 0.00 0.00 0.00 0.00 0.00 0.00 0.00 0.00 0.00 0.00 0.00 0.00 0.00 0.00 0.00 0.00 0.00 0.00 0.00 0.00 0.00 0.00 0.00 0.00 0.00 0.00 0.00 0.00 0.00 0.00 0.00 0.00 0.00 0.00 0.00 0.00 0.00 0.00 0.00 0.00 0.00 0.00 0.00 0.00 0.00 0.00 0.00 0.00 0.00 0.00 0.00 0.00 0.00 0.00 0.00 0.00 0.00 0.00 0.00 0.00 0.00 0.00 0.00 0.00 0.00 0.00 0.00 0.00 0.00 0.00 0.00 0.00 0.00 0.00 0.00 0.00 0.00 0.00 0.00 0.00 0.00 0.00 0.00 0.00 0.00 0.00 0.00 0.00 0.00 0.00 0.00 0.00 0.00 0.00 0.00 0.00 0.00 0.00 0.00 0.00 0.00 0.00 0.00 0.00 0.00 0.00 0.00 0.00 0.00 0.00 0.00 0.00 0.00 0.00 0.00 0.00 0.00 0.00 0.00 0.00 0.00 0.00 0.00 0.00 0.00 0.00 0.00 0.00 0.00
height.size=2378
height.data=5049.16 5049.16 5049.16 5049.16 5049.16 5049.16 5049.16 5049.16 5049.16 5049.16 5049.16 5049.16 5049.16 5049.16 5049.16 5049.16 5049.16 5049.16 5049.16 5049.16 5049.16 5049.16 5049.16 5049.16 5049.16 5049.16 5049.16 5049.16 5049.16 5084.99 5084.99 5084.99 5084.99 5084.99 5084.99 5084.99 5084.99 5084.99 5084.99 5084.99 5084.99 5084.99 5084.99 5084.99 5084.99 5084.99 5084.99 5084.99 5084.99 5084.99 5084.99 5084.99 5084.99 5084.99 5084.99 5084.99 5084.99 5084.99 5120.83 5120.83 5120.83 5120.83 5120.83 5120.83 5120.83 5120.83 5120.83 5120.83 5120.83 5120.83 5120.83 5120.83 5120.83 5120.83 5120.83 5120.83 5120.83 5120.83 5120.83 5120.83 5120.83 5120.83 5120.83 5120.83 5120.83 5120.83 5120.83 5156.67 5156.67 5156.67 5156.67 5156.67 5156.67 5156.67 5156.67 5156.67 5156.67 5156.67 5156.67 5156.67 5156.67 5156.67 5156.67 5156.67 5156.67 5156.67 5156.67 5156.67 5156.67 5156.67 5156.67 5156.67 5156.67 5156.67 5156.67 5156.67 5192.52 5192.52 5192.52 5192.52 5192.52 5192.52 5192.52 5192.52 5192.52 5192.52 5192.52 5192.52 5192.52 5192.52 5192.52 5192.52 5192.52 5192.52 5192.52 5192.52 5192.52 5192.52 5192.52 5192.52 5192.52 5192.52 5192.52 5192.52 5192.52 5228.38 5228.38 5228.38 5228.38 5228.38 5228.38 5228.38 5228.38 5228.38 5228.38 5228.38 5228.38 5228.38 5228.38 5228.38 5228.38 5228.38 5228.38 5228.38 5228.38 5228.38 5228.38 5228.38 5228.38 5228.38 5228.38 5228.38 5228.38 5228.38 5264.24 5264.24 5264.24 5264.24 5264.24 5264.24 5264.24 5264.24 5264.24 5264.24 5264.24 5264.24 5264.24 5264.24 5264.24 5264.24 5264.24 5264.24 5264.24 5264.24 5264.24 5264.24 5264.24 5264.24 5264.24 5264.24 5264.24 5264.24 5264.24 5300.11 5300.11 5300.11 5300.11 5300.11 5300.11 5300.11 5300.11 5300.11 5300.11 5300.11 5300.11 5300.11 5300.11 5300.11 5300.11 5300.11 5300.11 5300.11 5300.11 5300.11 5300.11 5300.11 5300.11 5300.11 5300.11 5300.11 5300.11 5300.11 5335.99 5335.99 5335.99 5335.99 5335.99 5335.99 5335.99 5335.99 5335.99 5335.99 5335.99 5335.99 5335.99 5335.99 5335.99 5335.99 5335.99 5335.99 5335.99 5335.99 5335.99 5335.99 5335.99 5335.99 5335.99 5335.99 5335.99 5335.99 5335.99 5371.87 5371.87 5371.87 5371.87 5371.87 5371.87 5371.87 5371.87 5371.87 5371.87 5371.87 5371.87 5371.87 5371.87 5371.87 5371.87 5371.87 5371.87 5371.87 5371.87 5371.87 5371.87 5371.87 5371.87 5371.87 5371.87 5371.87 5371.87 5371.87 5407.77 5407.77 5407.77 5407.77 5407.77 5407.77 5407.77 5407.77 5407.77 5407.77 5407.77 5407.77 5407.77 5407.77 5407.77 5407.77 5407.77 5407.77 5407.77 5407.77 5407.77 5407.77 5407.77 5407.77 5407.77 5407.77 5407.77 5407.77 5407.77 5443.67 5443.67 5443.67 5443.67 5443.67 5443.67 5443.67 5443.67 5443.67 5443.67 5443.67 5443.67 5443.67 5443.67 5443.67 5443.67 5443.67 5443.67 5443.67 5443.67 5443.67 5443.67 5443.67 5443.67 5443.67 5443.67 5443.67 5443.67 5443.67 5479.57 5479.57 5479.57 5479.57 5479.57 5479.57 5479.57 5479.57 5479.57 5479.57 5479.57 5479.57 5479.57 5479.57 5479.57 5479.57 5479.57 5479.57 5479.57 5479.57 5479.57 5479.57 5479.57 5479.57 5479.57 5479.57 5479.57 5479.57 5479.57 5515.49 5515.49 5515.49 5515.49 5515.49 5515.49 5515.49 5515.49 5515.49 5515.49 5515.49 5515.49 5515.49 5515.49 5515.49 5515.49 5515.49 5515.49 5515.49 5515.49 5515.49 5515.49 5515.49 5515.49 5515.49 5515.49 5515.49 5515.49 5515.49 5551.41 5551.41 5551.41 5551.41 5551.41 5551.41 5551.41 5551.41 5551.41 5551.41 5551.41 5551.41 5551.41 5551.41 5551.41 5551.41 5551.41 5551.41 5551.41 5551.41 5551.41 5551.41 5551.41 5551.41 5551.41 5551.41 5551.41 5551.41 5551.41 5587.34 5587.34 5587.34 5587.34 5587.34 5587.34 5587.34 5587.34 5587.34 5587.34 5587.34 5587.34 5587.34 5587.34 5587.34 5587.34 5587.34 5587.34 5587.34 5587.34 5587.34 5587.34 5587.34 5587.34 5587.34 5587.34 5587.34 5587.34 5587.34 5623.27 5623.27 5623.27 5623.27 5623.27 5623.27 5623.27 5623.27 5623.27 5623.27 5623.27 5623.27 5623.27 5623.27 5623.27 5623.27 5623.27 5623.27 5623.27 5623.27 5623.27 5623.27 5623.27 5623.27 5623.27 5623.27 5623.27 5623.27 5623.27 5659.22 5659.22 5659.22 5659.22 5659.22 5659.22 5659.22 5659.22 5659.22 5659.22 5659.22 5659.22 5659.22 5659.22 5659.22 5659.22 5659.22 5659.22 5659.22 5659.22 5659.22 5659.22 5659.22 5659.22 5659.22 5659.22 5659.22 5659.22 5659.22 5695.17 5695.17 5695.17 5695.17 5695.17 5695.17 5695.17 5695.17 5695.17 5695.17 5695.17 5695.17 5695.17 5695.17 5695.17 5695.17 5695.17 5695.17 5695.17 5695.17 5695.17 5695.17 5695.17 5695.17 5695.17 5695.17 5695.17 5695.17 5695.17 5731.12 5731.12 5731.12 5731.12 5731.12 5731.12 5731.12 5731.12 5731.12 5731.12 5731.12 5731.12 5731.12 5731.12 5731.12 5731.12 5731.12 5731.12 5731.12 5731.12 5731.12 5731.12 5731.12 5731.12 5731.12 5731.12 5731.12 5731.12 5731.12 5767.09 5767.09 5767.09 5767.09 5767.09 5767.09 5767.09 5767.09 5767.09 5767.09 5767.09 5767.09 5767.09 5767.09 5767.09 5767.09 5767.09 5767.09 5767.09 5767.09 5767.09 5767.09 5767.09 5767.09 5767.09 5767.09 5767.09 5767.09 5767.09 5803.06 5803.06 5803.06 5803.06 5803.06 5803.06 5803.06 5803.06 5803.06 5803.06 5803.06 5803.06 5803.06 5803.06 5803.06 5803.06 5803.06 5803.06 5803.06 5803.06 5803.06 5803.06 5803.06 5803.06 5803.06 5803.06 5803.06 5803.06 5803.06 5839.04 5839.04 5839.04 5839.04 5839.04 5839.04 5839.04 5839.04 5839.04 5839.04 5839.04 5839.04 5839.04 5839.04 5839.04 5839.04 5839.04 5839.04 5839.04 5839.04 5839.04 5839.04 5839.04 5839.04 5839.04 5839.04 5839.04 5839.04 5839.04 5875.02 5875.02 5875.02 5875.02 5875.02 5875.02 5875.02 5875.02 5875.02 5875.02 5875.02 5875.02 5875.02 5875.02 5875.02 5875.02 5875.02 5875.02 5875.02 5875.02 5875.02 5875.02 5875.02 5875.02 5875.02 5875.02 5875.02 5875.02 5875.02 5911.02 5911.02 5911.02 5911.02 5911.02 5911.02 5911.02 5911.02 5911.02 5911.02 5911.02 5911.02 5911.02 5911.02 5911.02 5911.02 5911.02 5911.02 5911.02 5911.02 5911.02 5911.02 5911.02 5911.02 5911.02 5911.02 5911.02 5911.02 5911.02 5947.02 5947.02 5947.02 5947.02 5947.02 5947.02 5947.02 5947.02 5947.02 5947.02 5947.02 5947.02 5947.02 5947.02 5947.02 5947.02 5947.02 5947.02 5947.02 5947.02 5947.02 5947.02 5947.02 5947.02 5947.02 5947.02 5947.02 5947.02 5947.02 5983.03 5983.03 5983.03 5983.03 5983.03 5983.03 5983.03 5983.03 5983.03 5983.03 5983.03 5983.03 5983.03 5983.03 5983.03 5983.03 5983.03 5983.03 5983.03 5983.03 5983.03 5983.03 5983.03 5983.03 5983.03 5983.03 5983.03 5983.03 5983.03 6019.04 6019.04 6019.04 6019.04 6019.04 6019.04 6019.04 6019.04 6019.04 6019.04 6019.04 6019.04 6019.04 6019.04 6019.04 6019.04 6019.04 6019.04 6019.04 6019.04 6019.04 6019.04 6019.04 6019.04 6019.04 6019.04 6019.04 6019.04 6019.04 6055.06 6055.06 6055.06 6055.06 6055.06 6055.06 6055.06 6055.06 6055.06 6055.06 6055.06 6055.06 6055.06 6055.06 6055.06 6055.06 6055.06 6055.06 6055.06 6055.06 6055.06 6055.06 6055.06 6055.06 6055.06 6055.06 6055.06 6055.06 6055.06 6091.09 6091.09 6091.09 6091.09 6091.09 6091.09 6091.09 6091.09 6091.09 6091.09 6091.09 6091.09 6091.09 6091.09 6091.09 6091.09 6091.09 6091.09 6091.09 6091.09 6091.09 6091.09 6091.09 6091.09 6091.09 6091.09 6091.09 6091.09 6091.09 6127.13 6127.13 6127.13 6127.13 6127.13 6127.13 6127.13 6127.13 6127.13 6127.13 6127.13 6127.13 6127.13 6127.13 6127.13 6127.13 6127.13 6127.13 6127.13 6127.13 6127.13 6127.13 6127.13 6127.13 6127.13 6127.13 6127.13 6127.13 6127.13 6163.17 6163.17 6163.17 6163.17 6163.17 6163.17 6163.17 6163.17 6163.17 6163.17 6163.17 6163.17 6163.17 6163.17 6163.17 6163.17 6163.17 6163.17 6163.17 6163.17 6163.17 6163.17 6163.17 6163.17 6163.17 6163.17 6163.17 6163.17 6163.17 6199.22 6199.22 6199.22 6199.22 6199.22 6199.22 6199.22 6199.22 6199.22 6199.22 6199.22 6199.22 6199.22 6199.22 6199.22 6199.22 6199.22 6199.22 6199.22 6199.22 6199.22 6199.22 6199.22 6199.22 6199.22 6199.22 6199.22 6199.22 6199.22 6235.28 6235.28 6235.28 6235.28 6235.28 6235.28 6235.28 6235.28 6235.28 6235.28 6235.28 6235.28 6235.28 6235.28 6235.28 6235.28 6235.28 6235.28 6235.28 6235.28 6235.28 6235.28 6235.28 6235.28 6235.28 6235.28 6235.28 6235.28 6235.28 6271.35 6271.35 6271.35 6271.35 6271.35 6271.35 6271.35 6271.35 6271.35 6271.35 6271.35 6271.35 6271.35 6271.35 6271.35 6271.35 6271.35 6271.35 6271.35 6271.35 6271.35 6271.35 6271.35 6271.35 6271.35 6271.35 6271.35 6271.35 6271.35 6307.42 6307.42 6307.42 6307.42 6307.42 6307.42 6307.42 6307.42 6307.42 6307.42 6307.42 6307.42 6307.42 6307.42 6307.42 6307.42 6307.42 6307.42 6307.42 6307.42 6307.42 6307.42 6307.42 6307.42 6307.42 6307.42 6307.42 6307.42 6307.42 6343.50 6343.50 6343.50 6343.50 6343.50 6343.50 6343.50 6343.50 6343.50 6343.50 6343.50 6343.50 6343.50 6343.50 6343.50 6343.50 6343.50 6343.50 6343.50 6343.50 6343.50 6343.50 6343.50 6343.50 6343.50 6343.50 6343.50 6343.50 6343.50 6379.59 6379.59 6379.59 6379.59 6379.59 6379.59 6379.59 6379.59 6379.59 6379.59 6379.59 6379.59 6379.59 6379.59 6379.59 6379.59 6379.59 6379.59 6379.59 6379.59 6379.59 6379.59 6379.59 6379.59 6379.59 6379.59 6379.59 6379.59 6379.59 6415.68 6415.68 6415.68 6415.68 6415.68 6415.68 6415.68 6415.68 6415.68 6415.68 6415.68 6415.68 6415.68 6415.68 6415.68 6415.68 6415.68 6415.68 6415.68 6415.68 6415.68 6415.68 6415.68 6415.68 6415.68 6415.68 6415.68 6415.68 6415.68 6451.78 6451.78 6451.78 6451.78 6451.78 6451.78 6451.78 6451.78 6451.78 6451.78 6451.78 6451.78 6451.78 6451.78 6451.78 6451.78 6451.78 6451.78 6451.78 6451.78 6451.78 6451.78 6451.78 6451.78 6451.78 6451.78 6451.78 6451.78 6451.78 6487.89 6487.89 6487.89 6487.89 6487.89 6487.89 6487.89 6487.89 6487.89 6487.89 6487.89 6487.89 6487.89 6487.89 6487.89 6487.89 6487.89 6487.89 6487.89 6487.89 6487.89 6487.89 6487.89 6487.89 6487.89 6487.89 6487.89 6487.89 6487.89 6524.01 6524.01 6524.01 6524.01 6524.01 6524.01 6524.01 6524.01 6524.01 6524.01 6524.01 6524.01 6524.01 6524.01 6524.01 6524.01 6524.01 6524.01 6524.01 6524.01 6524.01 6524.01 6524.01 6524.01 6524.01 6524.01 6524.01 6524.01 6524.01 6560.13 6560.13 6560.13 6560.13 6560.13 6560.13 6560.13 6560.13 6560.13 6560.13 6560.13 6560.13 6560.13 6560.13 6560.13 6560.13 6560.13 6560.13 6560.13 6560.13 6560.13 6560.13 6560.13 6560.13 6560.13 6560.13 6560.13 6560.13 6560.13 6596.26 6596.26 6596.26 6596.26 6596.26 6596.26 6596.26 6596.26 6596.26 6596.26 6596.26 6596.26 6596.26 6596.26 6596.26 6596.26 6596.26 6596.26 6596.26 6596.26 6596.26 6596.26 6596.26 6596.26 6596.26 6596.26 6596.26 6596.26 6596.26 6632.40 6632.40 6632.40 6632.40 6632.40 6632.40 6632.40 6632.40 6632.40 6632.40 6632.40 6632.40 6632.40 6632.40 6632.40 6632.40 6632.40 6632.40 6632.40 6632.40 6632.40 6632.40 6632.40 6632.40 6632.40 6632.40 6632.40 6632.40 6632.40 6668.54 6668.54 6668.54 6668.54 6668.54 6668.54 6668.54 6668.54 6668.54 6668.54 6668.54 6668.54 6668.54 6668.54 6668.54 6668.54 6668.54 6668.54 6668.54 6668.54 6668.54 6668.54 6668.54 6668.54 6668.54 6668.54 6668.54 6668.54 6668.54 6704.69 6704.69 6704.69 6704.69 6704.69 6704.69 6704.69 6704.69 6704.69 6704.69 6704.69 6704.69 6704.69 6704.69 6704.69 6704.69 6704.69 6704.69 6704.69 6704.69 6704.69 6704.69 6704.69 6704.69 6704.69 6704.69 6704.69 6704.69 6704.69 6740.85 6740.85 6740.85 6740.85 6740.85 6740.85 6740.85 6740.85 6740.85 6740.85 6740.85 6740.85 6740.85 6740.85 6740.85 6740.85 6740.85 6740.85 6740.85 6740.85 6740.85 6740.85 6740.85 6740.85 6740.85 6740.85 6740.85 6740.85 6740.85 6777.02 6777.02 6777.02 6777.02 6777.02 6777.02 6777.02 6777.02 6777.02 6777.02 6777.02 6777.02 6777.02 6777.02 6777.02 6777.02 6777.02 6777.02 6777.02 6777.02 6777.02 6777.02 6777.02 6777.02 6777.02 6777.02 6777.02 6777.02 6777.02 6813.19 6813.19 6813.19 6813.19 6813.19 6813.19 6813.19 6813.19 6813.19 6813.19 6813.19 6813.19 6813.19 6813.19 6813.19 6813.19 6813.19 6813.19 6813.19 6813.19 6813.19 6813.19 6813.19 6813.19 6813.19 6813.19 6813.19 6813.19 6813.19 6849.37 6849.37 6849.37 6849.37 6849.37 6849.37 6849.37 6849.37 6849.37 6849.37 6849.37 6849.37 6849.37 6849.37 6849.37 6849.37 6849.37 6849.37 6849.37 6849.37 6849.37 6849.37 6849.37 6849.37 6849.37 6849.37 6849.37 6849.37 6849.37 6885.56 6885.56 6885.56 6885.56 6885.56 6885.56 6885.56 6885.56 6885.56 6885.56 6885.56 6885.56 6885.56 6885.56 6885.56 6885.56 6885.56 6885.56 6885.56 6885.56 6885.56 6885.56 6885.56 6885.56 6885.56 6885.56 6885.56 6885.56 6885.56 6921.75 6921.75 6921.75 6921.75 6921.75 6921.75 6921.75 6921.75 6921.75 6921.75 6921.75 6921.75 6921.75 6921.75 6921.75 6921.75 6921.75 6921.75 6921.75 6921.75 6921.75 6921.75 6921.75 6921.75 6921.75 6921.75 6921.75 6921.75 6921.75 6957.96 6957.96 6957.96 6957.96 6957.96 6957.96 6957.96 6957.96 6957.96 6957.96 6957.96 6957.96 6957.96 6957.96 6957.96 6957.96 6957.96 6957.96 6957.96 6957.96 6957.96 6957.96 6957.96 6957.96 6957.96 6957.96 6957.96 6957.96 6957.96 6994.17 6994.17 6994.17 6994.17 6994.17 6994.17 6994.17 6994.17 6994.17 6994.17 6994.17 6994.17 6994.17 6994.17 6994.17 6994.17 6994.17 6994.17 6994.17 6994.17 6994.17 6994.17 6994.17 6994.17 6994.17 6994.17 6994.17 6994.17 6994.17 7030.38 7030.38 7030.38 7030.38 7030.38 7030.38 7030.38 7030.38 7030.38 7030.38 7030.38 7030.38 7030.38 7030.38 7030.38 7030.38 7030.38 7030.38 7030.38 7030.38 7030.38 7030.38 7030.38 7030.38 7030.38 7030.38 7030.38 7030.38 7030.38 7066.61 7066.61 7066.61 7066.61 7066.61 7066.61 7066.61 7066.61 7066.61 7066.61 7066.61 7066.61 7066.61 7066.61 7066.61 7066.61 7066.61 7066.61 7066.61 7066.61 7066.61 7066.61 7066.61 7066.61 7066.61 7066.61 7066.61 7066.61 7066.61 7102.84 7102.84 7102.84 7102.84 7102.84 7102.84 7102.84 7102.84 7102.84 7102.84 7102.84 7102.84 7102.84 7102.84 7102.84 7102.84 7102.84 7102.84 7102.84 7102.84 7102.84 7102.84 7102.84 7102.84 7102.84 7102.84 7102.84 7102.84 7102.84 7139.07 7139.07 7139.07 7139.07 7139.07 7139.07 7139.07 7139.07 7139.07 7139.07 7139.07 7139.07 7139.07 7139.07 7139.07 7139.07 7139.07 7139.07 7139.07 7139.07 7139.07 7139.07 7139.07 7139.07 7139.07 7139.07 7139.07 7139.07 7139.07 7175.32 7175.32 7175.32 7175.32 7175.32 7175.32 7175.32 7175.32 7175.32 7175.32 7175.32 7175.32 7175.32 7175.32 7175.32 7175.32 7175.32 7175.32 7175.32 7175.32 7175.32 7175.32 7175.32 7175.32 7175.32 7175.32 7175.32 7175.32 7175.32 7211.57 7211.57 7211.57 7211.57 7211.57 7211.57 7211.57 7211.57 7211.57 7211.57 7211.57 7211.57 7211.57 7211.57 7211.57 7211.57 7211.57 7211.57 7211.57 7211.57 7211.57 7211.57 7211.57 7211.57 7211.57 7211.57 7211.57 7211.57 7211.57 7247.83 7247.83 7247.83 7247.83 7247.83 7247.83 7247.83 7247.83 7247.83 7247.83 7247.83 7247.83 7247.83 7247.83 7247.83 7247.83 7247.83 7247.83 7247.83 7247.83 7247.83 7247.83 7247.83 7247.83 7247.83 7247.83 7247.83 7247.83 7247.83 7284.10 7284.10 7284.10 7284.10 7284.10 7284.10 7284.10 7284.10 7284.10 7284.10 7284.10 7284.10 7284.10 7284.10 7284.10 7284.10 7284.10 7284.10 7284.10 7284.10 7284.10 7284.10 7284.10 7284.10 7284.10 7284.10 7284.10 7284.10 7284.10 7320.37 7320.37 7320.37 7320.37 7320.37 7320.37 7320.37 7320.37 7320.37 7320.37 7320.37 7320.37 7320.37 7320.37 7320.37 7320.37 7320.37 7320.37 7320.37 7320.37 7320.37 7320.37 7320.37 7320.37 7320.37 7320.37 7320.37 7320.37 7320.37 7356.65 7356.65 7356.65 7356.65 7356.65 7356.65 7356.65 7356.65 7356.65 7356.65 7356.65 7356.65 7356.65 7356.65 7356.65 7356.65 7356.65 7356.65 7356.65 7356.65 7356.65 7356.65 7356.65 7356.65 7356.65 7356.65 7356.65 7356.65 7356.65 7392.94 7392.94 7392.94 7392.94 7392.94 7392.94 7392.94 7392.94 7392.94 7392.94 7392.94 7392.94 7392.94 7392.94 7392.94 7392.94 7392.94 7392.94 7392.94 7392.94 7392.94 7392.94 7392.94 7392.94 7392.94 7392.94 7392.94 7392.94 7392.94 7429.24 7429.24 7429.24 7429.24 7429.24 7429.24 7429.24 7429.24 7429.24 7429.24 7429.24 7429.24 7429.24 7429.24 7429.24 7429.24 7429.24 7429.24 7429.24 7429.24 7429.24 7429.24 7429.24 7429.24 7429.24 7429.24 7429.24 7429.24 7429.24 7465.54 7465.54 7465.54 7465.54 7465.54 7465.54 7465.54 7465.54 7465.54 7465.54 7465.54 7465.54 7465.54 7465.54 7465.54 7465.54 7465.54 7465.54 7465.54 7465.54 7465.54 7465.54 7465.54 7465.54 7465.54 7465.54 7465.54 7465.54 7465.54 7501.85 7501.85 7501.85 7501.85 7501.85 7501.85 7501.85 7501.85 7501.85 7501.85 7501.85 7501.85 7501.85 7501.85 7501.85 7501.85 7501.85 7501.85 7501.85 7501.85 7501.85 7501.85 7501.85 7501.85 7501.85 7501.85 7501.85 7501.85 7501.85 7538.17 7538.17 7538.17 7538.17 7538.17 7538.17 7538.17 7538.17 7538.17 7538.17 7538.17 7538.17 7538.17 7538.17 7538.17 7538.17 7538.17 7538.17 7538.17 7538.17 7538.17 7538.17 7538.17 7538.17 7538.17 7538.17 7538.17 7538.17 7538.17 7574.49 7574.49 7574.49 7574.49 7574.49 7574.49 7574.49 7574.49 7574.49 7574.49 7574.49 7574.49 7574.49 7574.49 7574.49 7574.49 7574.49 7574.49 7574.49 7574.49 7574.49 7574.49 7574.49 7574.49 7574.49 7574.49 7574.49 7574.49 7574.49 7610.82 7610.82 7610.82 7610.82 7610.82 7610.82 7610.82 7610.82 7610.82 7610.82 7610.82 7610.82 7610.82 7610.82 7610.82 7610.82 7610.82 7610.82 7610.82 7610.82 7610.82 7610.82 7610.82 7610.82 7610.82 7610.82 7610.82 7610.82 7610.82 7647.16 7647.16 7647.16 7647.16 7647.16 7647.16 7647.16 7647.16 7647.16 7647.16 7647.16 7647.16 7647.16 7647.16 7647.16 7647.16 7647.16 7647.16 7647.16 7647.16 7647.16 7647.16 7647.16 7647.16 7647.16 7647.16 7647.16 7647.16 7647.16 7683.51 7683.51 7683.51 7683.51 7683.51 7683.51 7683.51 7683.51 7683.51 7683.51 7683.51 7683.51 7683.51 7683.51 7683.51 7683.51 7683.51 7683.51 7683.51 7683.51 7683.51 7683.51 7683.51 7683.51 7683.51 7683.51 7683.51 7683.51 7683.51 7719.86 7719.86 7719.86 7719.86 7719.86 7719.86 7719.86 7719.86 7719.86 7719.86 7719.86 7719.86 7719.86 7719.86 7719.86 7719.86 7719.86 7719.86 7719.86 7719.86 7719.86 7719.86 7719.86 7719.86 7719.86 7719.86 7719.86 7719.86 7719.86 7756.22 7756.22 7756.22 7756.22 7756.22 7756.22 7756.22 7756.22 7756.22 7756.22 7756.22 7756.22 7756.22 7756.22 7756.22 7756.22 7756.22 7756.22 7756.22 7756.22 7756.22 7756.22 7756.22 7756.22 7756.22 7756.22 7756.22 7756.22 7756.22 7792.59 7792.59 7792.59 7792.59 7792.59 7792.59 7792.59 7792.59 7792.59 7792.59 7792.59 7792.59 7792.59 7792.59 7792.59 7792.59 7792.59 7792.59 7792.59 7792.59 7792.59 7792.59 7792.59 7792.59 7792.59 7792.59 7792.59 7792.59 7792.59 7828.97 7828.97 7828.97 7828.97 7828.97 7828.97 7828.97 7828.97 7828.97 7828.97 7828.97 7828.97 7828.97 7828.97 7828.97 7828.97 7828.97 7828.97 7828.97 7828.97 7828.97 7828.97 7828.97 7828.97 7828.97 7828.97 7828.97 7828.97 7828.97 7865.35 7865.35 7865.35 7865.35 7865.35 7865.35 7865.35 7865.35 7865.35 7865.35 7865.35 7865.35 7865.35 7865.35 7865.35 7865.35 7865.35 7865.35 7865.35 7865.35 7865.35 7865.35 7865.35 7865.35 7865.35 7865.35 7865.35 7865.35 7865.35 7901.74 7901.74 7901.74 7901.74 7901.74 7901.74 7901.74 7901.74 7901.74 7901.74 7901.74 7901.74 7901.74 7901.74 7901.74 7901.74 7901.74 7901.74 7901.74 7901.74 7901.74 7901.74 7901.74 7901.74 7901.74 7901.74 7901.74 7901.74 7901.74 7938.13 7938.13 7938.13 7938.13 7938.13 7938.13 7938.13 7938.13 7938.13 7938.13 7938.13 7938.13 7938.13 7938.13 7938.13 7938.13 7938.13 7938.13 7938.13 7938.13 7938.13 7938.13 7938.13 7938.13 7938.13 7938.13 7938.13 7938.13 7938.13 7974.54 7974.54 7974.54 7974.54 7974.54 7974.54 7974.54 7974.54 7974.54 7974.54 7974.54 7974.54 7974.54 7974.54 7974.54 7974.54 7974.54 7974.54 7974.54 7974.54 7974.54 7974.54 7974.54 7974.54 7974.54 7974.54 7974.54 7974.54 7974.54
=== END RADAR_SCAN ===

=== BEGIN RADAR_SCAN ===
scan.index=3
scan.time=175.670000
radar.id=0
radar.frequency=C
radar.scanning_mode=PPI
radar.x=0.000
radar.y=0.000
radar.z=25.000
radar.maximum_range=250000.000
radar.range_resolution=250.000
radar.angular_resolution=1.000000
box.radar_id=0
box.min_range_gate=141.000
box.max_range_gate=223.000
box.min_angle=132.000000
box.max_angle=161.000000
box.num_ranges=83
box.num_angles=29
box.range_resolution=250.000
box.angular_resolution=1.000000
box.other_angle=4.500000
grid.size=2407
grid.data=0.00 0.00 0.00 0.00 0.00 0.00 0.00 0.00 0.00 0.00 0.00 0.00 0.00 0.00 0.00 0.00 0.00 0.00 0.00 0.00 0.00 0.00 0.00 0.00 0.00 0.00 0.00 0.00 0.00 0.00 0.00 0.00 0.00 0.00 0.00 0.00 0.00 0.00 0.00 0.00 0.00 0.00 0.00 33.29 33.78 0.00 0.00 0.00 0.00 0.00 0.00 0.00 0.00 0.00 0.00 0.00 0.00 0.00 0.00 0.00 0.00 0.00 0.00 0.00 0.00 0.00 0.00 0.00 0.00 0.00 36.66 32.71 35.44 36.19 36.61 33.40 0.00 0.00 0.00 0.00 0.00 0.00 0.00 0.00 0.00 0.00 0.00 0.00 0.00 0.00 0.00 0.00 0.00 0.00 0.00 0.00 0.00 0.00 31.66 29.08 27.83 34.92 30.94 33.41 35.02 36.97 33.30 0.00 0.00 0.00 0.00 0.00 0.00 0.00 0.00 0.00 0.00 0.00 0.00 0.00 0.00 0.00 0.00 0.00 0.00 0.00 34.72 30.46 32.88 37.86 33.76 32.60 40.24 36.11 33.62 34.91 35.39 0.00 0.00 0.00 0.00 0.00 0.00 0.00 0.00 0.00 0.00 0.00 0.00 0.00 0.00 0.00 0.00 0.00 35.09 40.77 45.09 39.78 30.90 35.98 33.86 32.93 32.80 30.36 38.67 28.55 0.00 0.00 0.00 0.00 0.00 0.00 0.00 0.00 0.00 0.00 0.00 0.00 0.00 0.00 0.00 0.00 31.41 47.95 38.66 42.22 38.34 35.96 33.21 35.45 37.29 30.28 31.93 32.04 32.83 35.43 0.00 0.00 0.00 0.00 0.00 0.00 0.00 0.00 0.00 0.00 0.00 0.00 0.00 0.00 0.00 39.17 40.79 42.25 43.37 43.19 44.81 39.58 32.23 33.27 33.10 36.56 31.41 34.46 34.85 0.00 0.00 0.00 0.00 0.00 0.00 0.00 0.00 0.00 0.00 0.00 0.00 0.00 0.00 44.37 37.89 41.63 45.17 41.11 42.78 44.56 42.48 32.50 41.15 33.47 32.13 32.94 34.64 32.31 35.20 0.00 0.00 0.00 0.00 0.00 0.00 0.00 0.00 0.00 0.00 0.00 0.00 0.00 41.07 43.30 41.36 43.43 42.94 45.55 44.96 40.93 45.62 35.75 34.71 35.06 30.34 34.85 32.55 38.51 0.00 0.00 0.00 0.00 0.00 0.00 0.00 0.00 0.00 0.00 0.00 0.00 44.14 41.48 46.60 45.91 43.37 44.43 43.34 46.11 40.61 39.32 36.83 35.36 36.29 31.75 35.84 35.38 36.61 35.05 0.00 0.00 0.00 0.00 0.00 0.00 0.00 0.00 0.00 0.00 0.00 48.99 45.31 44.78 42.57 43.02 48.05 52.44 43.42 43.31 41.20 48.49 32.11 34.64 35.82 36.10 32.87 36.22 33.66 0.00 0.00 0.00 0.00 0.00 0.00 0.00 0.00 0.00 0.00 0.00 41.62 46.12 48.43 45.45 37.62 45.79 44.00 39.93 45.69 45.36 42.47 35.29 39.16 37.11 36.73 35.96 34.32 32.88 33.92 0.00 0.00 0.00 0.00 0.00 0.00 0.00 0.00 0.00 39.10 41.81 47.46 42.00 44.29 47.73 42.93 41.44 44.18 45.95 45.34 35.49 33.86 34.50 38.27 35.84 35.31 37.61 36.62 36.72 0.00 0.00 0.00 0.00 0.00 0.00 0.00 0.00 0.00 43.58 45.97 46.89 41.28 42.99 42.50 40.03 44.90 39.03 45.10 41.00 45.89 34.11 37.96 35.53 35.64 33.93 32.66 37.52 35.02 0.00 0.00 0.00 0.00 0.00 0.00 0.00 0.00 0.00 41.28 38.28 49.87 43.48 43.86 46.15 41.85 45.87 41.35 43.50 41.69 43.62 33.46 35.50 37.13 34.93 35.80 32.19 35.51 34.35 0.00 0.00 0.00 0.00 0.00 0.00 0.00 0.00 32.47 44.83 45.77 43.43 41.09 42.05 45.38 45.31 47.57 39.73 43.78 42.44 40.06 44.17 33.74 33.35 34.48 34.93 36.34 34.86 36.25 34.49 0.00 0.00 0.00 0.00 0.00 0.00 0.00 35.44 50.90 43.13 43.15 38.84 38.45 43.47 37.21 44.16 44.23 46.28 45.04 46.75 45.31 36.15 36.97 31.55 37.57 32.43 35.24 35.97 39.12 0.00 0.00 0.00 0.00 0.00 0.00 0.00 36.08 45.39 44.79 43.22 37.78 46.79 46.29 47.86 39.47 41.54 46.80 44.90 38.81 48.64 35.74 35.12 32.18 35.92 38.55 36.28 37.24 37.42 0.00 0.00 0.00 0.00 0.00 0.00 0.00 44.37 40.55 43.89 43.79 50.93 39.38 44.36 41.10 39.91 46.26 46.27 42.12 46.69 39.15 34.40 37.76 33.42 38.26 33.16 36.74 35.95 33.03 0.00 0.00 0.00 0.00 0.00 0.00 0.00 37.01 45.19 42.44 46.73 45.04 46.87 42.18 48.82 50.19 43.31 44.76 41.13 41.72 43.94 34.10 34.23 35.58 34.23 38.35 33.71 34.11 30.27 36.30 0.00 0.00 0.00 0.00 0.00 35.55 38.90 42.64 47.23 44.40 44.08 44.41 45.55 40.38 50.97 43.39 44.45 41.65 48.97 45.81 34.05 34.55 37.49 32.32 34.20 37.88 35.50 37.20 39.44 0.00 0.00 0.00 0.00 0.00 39.35 44.84 43.49 43.43 42.96 44.16 50.82 39.86 39.14 45.81 47.25 49.98 45.49 47.35 44.15 40.52 38.36 37.83 34.84 40.51 40.07 33.95 36.72 36.54 0.00 0.00 0.00 0.00 0.00 41.60 47.35 45.55 46.44 43.79 44.59 47.09 45.20 42.54 43.23 43.93 43.33 44.76 44.13 43.69 35.36 36.02 38.07 33.67 36.28 40.63 38.67 36.46 39.68 0.00 0.00 0.00 0.00 0.00 41.65 42.69 45.24 47.06 47.31 43.33 52.67 41.36 45.07 49.29 37.66 37.04 52.19 40.70 40.17 36.45 40.94 39.78 39.59 42.15 35.29 38.03 39.56 44.40 0.00 0.00 0.00 0.00 0.00 41.56 45.87 49.59 43.35 45.64 43.72 40.69 40.60 47.49 41.43 39.10 41.57 41.59 42.73 47.89 39.27 36.49 35.66 35.15 40.85 45.98 49.99 37.44 37.97 0.00 0.00 0.00 0.00 0.00 35.78 46.94 44.14 45.39 45.49 39.51 45.13 43.92 43.11 47.08 44.10 44.15 40.66 47.14 44.04 40.95 37.95 40.53 38.58 41.37 34.66 38.21 42.18 44.97 0.00 0.00 0.00 0.00 0.00 37.78 43.90 43.26 43.76 41.60 43.53 39.65 42.09 47.45 39.99 44.70 44.87 44.56 46.80 45.96 41.01 40.72 46.44 46.94 34.28 37.64 42.42 37.50 39.26 0.00 0.00 0.00 0.00 0.00 50.41 45.13 48.59 41.00 41.70 37.15 39.59 49.40 42.27 45.59 42.53 43.24 44.93 47.59 52.80 35.97 38.92 39.04 43.35 38.01 43.56 43.01 38.28 43.65 0.00 0.00 0.00 0.00 0.00 44.44 43.30 44.53 41.77 37.48 48.42 41.84 48.62 43.16 45.62 45.44 40.68 48.14 50.81 41.13 38.02 43.42 43.01 37.79 39.20 45.73 42.41 44.15 41.73 44.77 0.00 0.00 0.00 45.79 38.08 35.07 46.18 47.06 41.16 44.80 42.63 46.75 43.95 49.63 42.01 47.27 47.22 42.52 50.98 42.98 49.85 43.85 41.03 43.44 39.32 36.83 38.33 42.41 48.35 0.00 0.00 0.00 46.08 42.63 43.40 42.98 45.91 37.84 40.69 44.58 39.75 44.65 34.12 45.30 42.71 42.75 40.00 50.43 50.51 46.72 49.61 43.16 38.27 50.12 39.29 47.93 49.97 45.05 0.00 0.00 0.00 50.09 43.17 47.48 43.84 44.92 44.63 47.80 37.40 48.07 43.06 47.40 37.81 46.52 46.73 43.67 44.08 41.04 39.98 48.08 39.04 44.11 49.54 39.87 40.47 45.85 49.78 0.00 0.00 0.00 44.07 43.44 40.69 44.53 41.97 47.24 46.11 39.28 44.98 46.21 43.22 51.36 48.47 44.43 42.80 44.28 39.43 39.75 44.92 42.90 44.13 41.75 45.24 44.25 45.68 44.15 0.00 0.00 0.00 43.87 43.67 42.60 45.38 49.23 45.14 41.05 46.37 47.89 43.35 42.65 48.96 43.02 45.25 42.35 40.61 43.97 42.88 42.59 44.02 43.64 45.19 42.61 48.30 39.12 54.29 0.00 0.00 0.00 45.45 44.71 44.80 45.46 45.41 45.49 44.74 50.42 49.57 41.52 45.13 42.51 46.20 45.49 44.68 38.83 35.76 36.41 39.05 44.89 37.66 42.72 45.55 45.22 44.15 41.77 0.00 0.00 0.00 38.35 48.71 45.80 41.21 45.66 42.80 47.22 48.00 47.52 46.49 45.47 45.87 47.28 42.95 47.75 41.90 36.83 44.38 48.00 40.93 41.19 43.62 39.44 40.99 42.64 53.58 0.00 0.00 0.00 51.11 42.99 37.85 48.82 45.73 49.78 44.58 42.81 44.11 43.87 44.14 45.23 43.03 47.81 41.77 43.03 42.89 43.89 44.95 42.31 40.46 38.96 43.36 44.22 44.40 44.99 0.00 0.00 0.00 42.70 42.61 47.23 41.50 41.42 43.70 46.11 44.83 42.23 40.66 35.84 44.27 45.75 43.61 46.91 44.35 45.75 43.52 47.14 47.44 46.72 48.98 39.94 43.72 42.67 41.26 0.00 0.00 0.00 42.53 41.10 45.14 44.28 42.79 48.54 45.97 40.07 46.58 54.76 42.69 46.94 39.55 47.12 38.87 42.26 44.88 49.35 43.19 47.18 39.33 45.52 46.58 44.20 41.06 42.28 0.00 0.00 0.00 41.25 41.20 42.97 39.50 39.73 44.86 47.35 43.61 43.06 43.90 45.77 43.49 44.25 46.72 45.49 41.64 40.52 45.90 43.26 43.63 39.24 43.97 43.94 45.50 43.80 39.04 0.00 0.00 0.00 39.02 38.11 42.69 41.75 41.95 49.90 43.62 40.23 45.18 39.10 48.94 48.91 42.07 43.03 36.81 36.08 43.05 40.31 43.95 42.81 49.56 44.53 44.69 44.00 45.18 38.77 0.00 0.00 0.00 45.32 42.70 44.20 41.29 46.04 45.15 44.68 47.64 43.42 46.85 46.05 43.91 44.23 42.43 46.24 43.25 38.82 36.98 36.85 44.75 40.55 45.74 43.77 46.28 42.74 36.98 0.00 0.00 0.00 41.29 46.66 45.83 41.33 48.34 42.31 40.12 43.22 47.38 43.21 46.26 38.63 41.87 40.51 41.89 41.40 41.30 42.50 41.67 44.33 45.16 38.97 41.78 44.10 42.78 43.36 0.00 0.00 0.00 0.00 41.65 37.02 39.50 41.17 43.31 39.85 44.31 42.37 45.54 50.75 39.25 43.07 38.49 41.29 42.30 38.95 41.14 38.83 41.40 42.08 40.37 44.64 39.62 44.16 44.14 0.00 0.00 0.00 0.00 43.55 42.18 39.76 40.06 44.35 43.50 38.75 42.60 39.08 37.37 41.26 36.87 44.40 37.51 39.24 43.22 37.47 35.77 44.84 42.51 45.35 43.08 45.88 43.06 43.71 0.00 0.00 0.00 0.00 43.30 42.48 40.51 40.56 39.82 34.57 44.52 42.82 43.63 39.90 39.32 33.88 40.75 41.29 43.78 46.13 39.68 46.31 36.69 39.29 40.63 38.94 39.32 37.63 0.00 0.00 0.00 0.00 0.00 47.64 40.56 44.43 34.57 41.14 37.92 37.44 39.02 43.70 39.07 40.15 34.59 42.43 39.20 39.71 42.95 41.39 40.83 42.70 43.31 41.26 42.15 37.98 44.87 0.00 0.00 0.00 0.00 0.00 43.99 43.24 38.38 39.21 38.41 41.32 40.57 37.70 32.52 41.29 40.94 49.23 42.76 45.33 37.92 40.83 42.71 42.51 37.98 45.52 37.85 39.85 44.23 37.96 0.00 0.00 0.00 0.00 0.00 39.31 41.09 33.33 38.49 36.69 39.82 37.92 38.00 44.20 41.82 36.81 36.96 42.03 35.72 37.13 43.92 35.71 43.00 39.69 39.83 42.69 40.09 44.23 39.74 0.00 0.00 0.00 0.00 0.00 37.25 47.81 30.88 37.80 43.23 38.48 37.08 41.71 41.36 35.17 35.84 33.66 43.42 39.13 40.15 35.75 38.98 41.71 47.29 40.49 38.61 41.50 41.76 39.11 0.00 0.00 0.00 0.00 0.00 41.24 40.03 43.13 37.97 38.87 39.26 41.65 38.20 40.81 34.87 37.03 39.52 33.46 41.56 36.09 37.80 45.51 35.98 40.66 44.92 40.67 42.68 37.20 38.35 0.00 0.00 0.00 0.00 0.00 41.67 36.41 42.41 43.67 38.15 45.50 34.64 42.60 35.61 41.21 36.39 39.24 35.33 39.83 36.44 37.20 41.45 38.96 40.25 36.76 37.92 42.68 36.18 41.25 0.00 0.00 0.00 0.00 0.00 40.59 37.31 33.53 35.57 36.94 33.87 41.63 39.35 36.70 37.20 41.00 37.89 35.82 34.93 36.07 39.69 42.25 35.56 38.92 39.28 42.53 41.24 45.63 39.06 0.00 0.00 0.00 0.00 0.00 38.67 39.96 38.22 40.44 44.11 36.01 37.88 42.21 32.92 35.96 34.94 41.58 41.34 39.58 42.66 40.89 40.63 38.82 37.18 41.00 40.32 40.88 38.83 40.69 0.00 0.00 0.00 0.00 0.00 0.00 36.04 38.71 38.94 37.02 33.07 38.23 39.58 34.09 35.34 42.69 37.90 37.11 38.84 34.38 40.24 40.25 33.52 40.82 38.13 37.20 41.60 39.99 0.00 0.00 0.00 0.00 0.00 0.00 0.00 36.93 35.43 36.14 37.89 43.20 35.46 39.67 35.24 41.12 41.69 41.31 36.23 34.80 40.33 36.56 40.10 42.45 41.61 41.18 41.26 38.24 39.39 0.00 0.00 0.00 0.00 0.00 0.00 0.00 40.42 38.96 35.76 34.86 40.15 36.51 32.18 32.62 37.26 38.34 38.71 37.46 40.22 42.06 36.58 38.20 40.62 42.24 36.65 42.51 39.62 40.96 0.00 0.00 0.00 0.00 0.00 0.00 0.00 35.66 38.02 37.94 40.46 38.96 33.60 35.13 34.68 39.96 36.08 34.64 35.14 32.65 40.40 38.23 42.03 41.74 40.51 40.21 38.31 39.98 40.06 0.00 0.00 0.00 0.00 0.00 0.00 0.00 41.16 43.26 34.69 35.25 32.95 38.12 40.18 39.91 36.16 41.94 39.28 35.02 42.62 40.62 34.89 39.02 36.78 38.56 42.15 39.24 41.43 37.09 0.00 0.00 0.00 0.00 0.00 0.00 0.00 32.07 34.22 34.40 43.26 39.19 36.70 35.02 34.49 29.44 35.92 43.31 39.30 34.79 43.62 39.95 44.00 37.11 37.38 37.43 37.39 38.57 39.42 0.00 0.00 0.00 0.00 0.00 0.00 0.00 0.00 34.72 32.11 35.79 41.32 30.20 37.35 37.56 41.75 31.62 33.05 40.92 38.84 40.00 38.58 38.61 39.09 36.23 40.81 38.69 39.08 0.00 0.00 0.00 0.00 0.00 0.00 0.00 0.00 0.00 45.04 37.84 35.00 35.30 37.08 38.16 39.22 38.51 33.80 36.47 37.03 35.07 37.03 38.02 41.54 36.86 36.83 38.83 33.76 41.92 0.00 0.00 0.00 0.00 0.00 0.00 0.00 0.00 0.00 40.72 33.79 36.29 37.69 42.49 37.62 39.32 34.70 37.26 36.65 36.40 40.15 40.65 36.84 37.13 37.32 36.61 36.98 36.39 37.08 0.00 0.00 0.00 0.00 0.00 0.00 0.00 0.00 0.00 33.28 34.33 39.49 38.65 36.87 38.16 32.58 39.51 35.19 39.08 32.55 40.25 33.17 38.68 32.44 31.40 35.90 38.58 37.19 38.17 0.00 0.00 0.00 0.00 0.00 0.00 0.00 0.00 0.00 0.00 35.54 38.82 36.76 36.63 39.36 36.96 38.95 35.39 40.49 31.18 30.35 35.16 39.14 40.11 34.82 34.50 38.85 37.53 31.44 0.00 0.00 0.00 0.00 0.00 0.00 0.00 0.00 0.00 0.00 36.69 37.22 36.82 37.24 38.57 35.12 36.89 35.90 38.01 32.13 39.78 38.09 36.29 38.02 33.49 39.33 35.85 33.53 0.00 0.00 0.00 0.00 0.00 0.00 0.00 0.00 0.00 0.00 0.00 38.60 32.96 39.28 34.75 30.44 35.01 36.79 39.73 33.09 40.20 37.10 41.61 36.98 35.85 33.93 38.76 40.57 34.14 0.00 0.00 0.00 0.00 0.00 0.00 0.00 0.00 0.00 0.00 0.00 35.61 30.04 31.51 38.03 33.74 35.09 34.38 34.61 35.11 33.83 31.88 33.28 36.85 35.54 35.99 35.85 36.85 38.91 0.00 0.00 0.00 0.00 0.00 0.00 0.00 0.00 0.00 0.00 0.00 0.00 39.58 34.08 34.53 35.85 37.86 30.23 38.35 37.69 33.25 32.68 30.76 37.92 37.54 36.39 33.99 37.30 36.74 0.00 0.00 0.00 0.00 0.00 0.00 0.00 0.00 0.00 0.00 0.00 0.00 37.71 36.72 36.48 31.34 37.27 31.16 35.35 35.03 30.81 37.05 32.14 30.74 32.94 36.37 31.80 37.77 0.00 0.00 0.00 0.00 0.00 0.00 0.00 0.00 0.00 0.00 0.00 0.00 0.00 33.55 35.80 29.84 36.61 34.97 29.56 36.81 34.36 36.09 32.49 32.02 36.10 36.93 38.47 30.33 37.01 0.00 0.00 0.00 0.00 0.00 0.00 0.00 0.00 0.00 0.00 0.00 0.00 0.00 0.00 35.48 37.91 31.91 35.63 36.91 31.82 33.68 33.69 35.74 33.79 31.12 37.94 34.10 37.78 0.00 0.00 0.00 0.00 0.00 0.00 0.00 0.00 0.00 0.00 0.00 0.00 0.00 0.00 0.00 31.47 31.38 33.10 31.42 32.62 36.26 37.91 33.90 35.56 37.99 36.56 37.54 26.76 32.80 0.00 0.00 0.00 0.00 0.00 0.00 0.00 0.00 0.00 0.00 0.00 0.00 0.00 0.00 0.00 29.68 32.77 34.04 32.15 34.70 31.67 34.58 40.03 30.24 36.02 35.64 32.81 32.50 32.41 0.00 0.00 0.00 0.00 0.00 0.00 0.00 0.00 0.00 0.00 0.00 0.00 0.00 0.00 0.00 0.00 38.37 35.61 31.99 35.23 34.29 35.39 32.46 34.63 37.91 31.32 35.24 33.83 0.00 0.00 0.00 0.00 0.00 0.00 0.00 0.00 0.00 0.00 0.00 0.00 0.00 0.00 0.00 0.00 0.00 34.22 32.80 32.05 30.55 33.30 29.66 35.28 31.59 32.25 34.63 34.23 28.67 0.00 0.00 0.00 0.00 0.00 0.00 0.00 0.00 0.00 0.00 0.00 0.00 0.00 0.00 0.00 0.00 0.00 0.00 40.86 32.02 33.74 33.41 40.13 31.35 34.77 30.58 33.73 33.07 0.00 0.00 0.00 0.00 0.00 0.00 0.00 0.00 0.00 0.00 0.00 0.00 0.00 0.00 0.00 0.00 0.00 0.00 0.00 0.00 34.45 35.16 33.30 32.72 35.72 38.64 34.27 34.57 30.98 0.00 0.00 0.00 0.00 0.00 0.00 0.00 0.00 0.00 0.00 0.00 0.00 0.00 0.00 0.00 0.00 0.00 0.00 0.00 0.00 28.23 32.30 29.17 32.52 33.52 31.69 31.71 38.80 0.00 0.00 0.00 0.00 0.00 0.00 0.00 0.00 0.00 0.00 0.00 0.00 0.00 0.00 0.00 0.00 0.00 0.00 0.00 0.00 0.00 0.00 32.57 32.52 34.39 35.40 32.31 38.26 0.00 0.00 0.00 0.00 0.00 0.00 0.00 0.00 0.00 0.00 0.00 0.00 0.00 0.00 0.00 0.00 0.00 0.00 0.00 0.00 0.00 0.00 0.00 0.00 0.00 28.22 31.91 0.00 0.00 0.00 0.00 0.00 0.00 0.00 0.00 0.00 0.00 0.00 0.00 0.00 0.00 0.00 0.00 0.00 0.00 0.00 0.00 0.00 0.00 0.00 0.00 0.00 0.00 0.00 0.00 0.00 0.00 0.00 0.00 0.00 0.00 0.00 0.00 0.00 0.00 0.00 0.00 0.00 0.00
rain_type.data=0 0 0 0 0 0 0 0 0 0 0 0 0 0 0 0 0 0 0 0 0 0 0 0 0 0 0 0 0 0 0 0 0 0 0 0 0 0 0 0 0 0 0 1 1 0 0 0 0 0 0 0 0 0 0 0 0 0 0 0 0 0 0 0 0 0 0 0 0 0 1 1 1 1 1 1 0 0 0 0 0 0 0 0 0 0 0 0 0 0 0 0 0 0 0 0 0 0 1 1 1 1 1 1 1 1 1 0 0 0 0 0 0 0 0 0 0 0 0 0 0 0 0 0 0 0 1 1 1 1 1 1 1 1 1 1 1 0 0 0 0 0 0 0 0 0 0 0 0 0 0 0 0 0 1 2 2 2 1 1 1 1 1 1 1 1 0 0 0 0 0 0 0 0 0 0 0 0 0 0 0 0 1 2 2 2 2 2 1 1 1 1 1 1 1 1 0 0 0 0 0 0 0 0 0 0 0 0 0 0 0 2 2 2 2 2 2 2 1 1 1 1 1 1 1 0 0 0 0 0 0 0 0 0 0 0 0 0 0 2 2 2 2 2 2 2 2 1 1 1 1 1 1 1 1 0 0 0 0 0 0 0 0 0 0 0 0 0 2 2 2 2 2 2 2 2 2 1 1 1 1 1 1 1 0 0 0 0 0 0 0 0 0 0 0 0 2 2 2 2 2 2 2 2 2 2 1 1 1 1 1 1 1 1 0 0 0 0 0 0 0 0 0 0 0 2 2 2 2 2 2 2 2 2 2 2 1 1 1 1 1 1 1 0 0 0 0 0 0 0 0 0 0 0 2 2 2 2 2 2 2 2 2 2 2 1 1 1 1 1 1 1 1 0 0 0 0 0 0 0 0 0 2 2 2 2 2 2 2 2 2 2 2 2 1 1 1 1 1 1 1 1 0 0 0 0 0 0 0 0 0 2 2 2 2 2 2 2 2 2 2 2 2 1 1 1 1 1 1 1 1 0 0 0 0 0 0 0 0 0 2 2 2 2 2 2 2 2 2 2 2 2 1 1 1 1 1 1 1 1 0 0 0 0 0 0 0 0 1 2 2 2 2 2 2 2 2 2 2 2 2 2 1 1 1 1 1 1 1 1 0 0 0 0 0 0 0 1 2 2 2 2 2 2 2 2 2 2 2 2 2 1 1 1 1 1 1 1 1 0 0 0 0 0 0 0 1 2 2 2 2 2 2 2 2 2 2 2 2 2 1 1 1 1 1 1 1 1 0 0 0 0 0 0 0 2 2 2 2 2 2 2 2 2 2 2 2 2 2 1 1 1 1 1 1 1 1 0 0 0 0 0 0 0 2 2 2 2 2 2 2 2 2 2 2 2 2 2 1 1 1 1 1 1 1 1 1 0 0 0 0 0 1 2 2 2 2 2 2 2 2 2 2 2 2 2 2 1 1 1 1 1 1 1 1 1 0 0 0 0 0 1 2 2 2 2 2 2 2 2 2 2 2 2 2 2 1 1 1 1 1 1 1 1 1 0 0 0 0 0 1 2 2 2 2 2 2 2 2 2 2 2 2 2 2 1 1 1 1 1 1 1 1 1 0 0 0 0 0 1 2 2 2 2 2 2 2 2 2 2 2 2 2 2 1 1 1 1 1 1 1 1 1 0 0 0 0 0 1 2 2 2 2 2 2 2 2 2 2 2 2 2 2 1 1 1 1 1 1 1 1 1 0 0 0 0 0 1 2 2 2 2 2 2 2 2 2 2 2 2 2 2 1 1 1 1 1 1 1 1 1 0 0 0 0 0 1 2 2 2 2 2 2 2 2 2 2 2 2 2 2 1 1 1 1 1 1 1 1 1 0 0 0 0 0 1 2 2 2 2 2 2 2 2 2 2 2 2 2 2 1 1 1 1 1 1 1 1 1 0 0 0 0 0 1 1 2 2 2 2 2 2 2 2 2 2 2 2 2 1 1 1 1 1 1 1 1 1 1 0 0 0 1 1 1 2 2 2 2 2 2 2 2 2 2 2 2 2 1 1 1 1 1 1 1 1 1 1 0 0 0 1 1 1 2 2 2 2 2 2 2 2 2 2 2 2 2 1 1 1 1 1 1 1 1 1 1 0 0 0 1 1 1 2 2 2 2 2 2 2 2 2 2 2 2 2 1 1 1 1 1 1 1 1 1 1 0 0 0 1 1 1 2 2 2 2 2 2 2 2 2 2 2 2 1 1 1 1 1 1 1 1 1 1 1 0 0 0 1 1 1 2 2 2 2 2 2 2 2 2 2 2 2 1 1 1 1 1 1 1 1 1 1 1 0 0 0 1 1 1 2 2 2 2 2 2 2 2 2 2 2 2 1 1 1 1 1 1 1 1 1 1 1 0 0 0 1 1 1 1 2 2 2 2 2 2 2 2 2 2 2 1 1 1 1 1 1 1 1 1 1 1 0 0 0 1 1 1 1 2 2 2 2 2 2 2 2 2 2 2 1 1 1 1 1 1 1 1 1 1 1 0 0 0 1 1 1 1 2 2 2 2 2 2 2 2 2 2 1 1 1 1 1 1 1 1 1 1 1 1 0 0 0 1 1 1 1 1 2 2 2 2 2 2 2 2 2 1 1 1 1 1 1 1 1 1 1 1 1 0 0 0 1 1 1 1 1 2 2 2 2 2 2 2 2 2 1 1 1 1 1 1 1 1 1 1 1 1 0 0 0 1 1 1 1 1 2 2 2 2 2 2 2 2 1 1 1 1 1 1 1 1 1 1 1 1 1 0 0 0 1 1 1 1 1 1 2 2 2 2 2 2 2 1 1 1 1 1 1 1 1 1 1 1 1 1 0 0 0 1 1 1 1 1 1 1 2 2 2 2 2 1 1 1 1 1 1 1 1 1 1 1 1 1 1 0 0 0 0 1 1 1 1 1 1 2 2 2 2 1 1 1 1 1 1 1 1 1 1 1 1 1 1 1 0 0 0 0 1 1 1 1 1 1 1 1 1 1 1 1 1 1 1 1 1 1 1 1 1 1 1 1 1 0 0 0 0 1 1 1 1 1 1 1 1 1 1 1 1 1 1 1 1 1 1 1 1 1 1 1 1 0 0 0 0 0 1 1 1 1 1 1 1 1 1 1 1 1 1 1 1 1 1 1 1 1 1 1 1 1 0 0 0 0 0 1 1 1 1 1 1 1 1 1 1 1 1 1 1 1 1 1 1 1 1 1 1 1 1 0 0 0 0 0 1 1 1 1 1 1 1 1 1 1 1 1 1 1 1 1 1 1 1 1 1 1 1 1 0 0 0 0 0 1 1 1 1 1 1 1 1 1 1 1 1 1 1 1 1 1 1 1 1 1 1 1 1 0 0 0 0 0 1 1 1 1 1 1 1 1 1 1 1 1 1 1 1 1 1 1 1 1 1 1 1 1 0 0 0 0 0 1 1 1 1 1 1 1 1 1 1 1 1 1 1 1 1 1 1 1 1 1 1 1 1 0 0 0 0 0 1 1 1 1 1 1 1 1 1 1 1 1 1 1 1 1 1 1 1 1 1 1 1 1 0 0 0 0 0 1 1 1 1 1 1 1 1 1 1 1 1 1 1 1 1 1 1 1 1 1 1 1 1 0 0 0 0 0 0 1 1 1 1 1 1 1 1 1 1 1 1 1 1 1 1 1 1 1 1 1 1 0 0 0 0 0 0 0 1 1 1 1 1 1 1 1 1 1 1 1 1 1 1 1 1 1 1 1 1 1 0 0 0 0 0 0 0 1 1 1 1 1 1 1 1 1 1 1 1 1 1 1 1 1 1 1 1 1 1 0 0 0 0 0 0 0 1 1 1 1 1 1 1 1 1 1 1 1 1 1 1 1 1 1 1 1 1 1 0 0 0 0 0 0 0 1 1 1 1 1 1 1 1 1 1 1 1 1 1 1 1 1 1 1 1 1 1 0 0 0 0 0 0 0 1 1 1 1 1 1 1 1 1 1 1 1 1 1 1 1 1 1 1 1 1 1 0 0 0 0 0 0 0 0 1 1 1 1 1 1 1 1 1 1 1 1 1 1 1 1 1 1 1 1 0 0 0 0 0 0 0 0 0 1 1 1 1 1 1 1 1 1 1 1 1 1 1 1 1 1 1 1 1 0 0 0 0 0 0 0 0 0 1 1 1 1 1 1 1 1 1 1 1 1 1 1 1 1 1 1 1 1 0 0 0 0 0 0 0 0 0 1 1 1 1 1 1 1 1 1 1 1 1 1 1 1 1 1 1 1 1 0 0 0 0 0 0 0 0 0 0 1 1 1 1 1 1 1 1 1 1 1 1 1 1 1 1 1 1 1 0 0 0 0 0 0 0 0 0 0 1 1 1 1 1 1 1 1 1 1 1 1 1 1 1 1 1 1 0 0 0 0 0 0 0 0 0 0 0 1 1 1 1 1 1 1 1 1 1 1 1 1 1 1 1 1 1 0 0 0 0 0 0 0 0 0 0 0 1 1 1 1 1 1 1 1 1 1 1 1 1 1 1 1 1 1 0 0 0 0 0 0 0 0 0 0 0 0 1 1 1 1 1 1 1 1 1 1 1 1 1 1 1 1 1 0 0 0 0 0 0 0 0 0 0 0 0 1 1 1 1 1 1 1 1 1 1 1 1 1 1 1 1 0 0 0 0 0 0 0 0 0 0 0 0 0 1 1 1 1 1 1 1 1 1 1 1 1 1 1 1 1 0 0 0 0 0 0 0 0 0 0 0 0 0 0 1 1 1 1 1 1 1 1 1 1 1 1 1 1 0 0 0 0 0 0 0 0 0 0 0 0 0 0 0 1 1 1 1 1 1 1 1 1 1 1 1 1 1 0 0 0 0 0 0 0 0 0 0 0 0 0 0 0 1 1 1 1 1 1 1 1 1 1 1 1 1 1 0 0 0 0 0 0 0 0 0 0 0 0 0 0 0 0 1 1 1 1 1 1 1 1 1 1 1 1 0 0 0 0 0 0 0 0 0 0 0 0 0 0 0 0 0 1 1 1 1 1 1 1 1 1 1 1 1 0 0 0 0 0 0 0 0 0 0 0 0 0 0 0 0 0 0 1 1 1 1 1 1 1 1 1 1 0 0 0 0 0 0 0 0 0 0 0 0 0 0 0 0 0 0 0 0 1 1 1 1 1 1 1 1 1 0 0 0 0 0 0 0 0 0 0 0 0 0 0 0 0 0 0 0 0 1 1 1 1 1 1 1 1 0 0 0 0 0 0 0 0 0 0 0 0 0 0 0 0 0 0 0 0 0 0 1 1 1 1 1 1 0 0 0 0 0 0 0 0 0 0 0 0 0 0 0 0 0 0 0 0 0 0 0 0 0 1 1 0 0 0 0 0 0 0 0 0 0 0 0 0 0 0 0 0 0 0 0 0 0 0 0 0 0 0 0 0 0 0 0 0 0 0 0 0 0 0 0 0 0
estimated_attenuation.size=2407
estimated_attenuation.data=0.00 0.00 0.00 0.00 0.00 0.00 0.00 0.00 0.00 0.00 0.00 0.00 0.00 0.00 0.00 0.00 0.00 0.00 0.00 0.00 0.00 0.00 0.00 0.00 0.00 0.00 0.00 0.00 0.00 0.00 0.00 0.00 0.00 0.00 0.00 0.00 0.00 0.00 0.00 0.00 0.00 0.00 0.00 0.00 0.00 0.00 0.00 0.00 0.00 0.00 0.00 0.00 0.00 0.00 0.00 0.00 0.00 0.00 0.00 0.00 0.00 0.00 0.00 0.00 0.00 0.00 0.00 0.00 0.00 0.00 0.00 0.00 0.00 0.00 0.00 0.00 0.00 0.00 0.00 0.00 0.00 0.00 0.00 0.00 0.00 0.00 0.00 0.00 0.00 0.00 0.00 0.00 0.00 0.00 0.00 0.00 0.00 0.00 0.00 0.01 0.00 0.01 0.01 0.01 0.00 0.00 0.00 0.00 0.00 0.00 0.00 0.00 0.00 0.00 0.00 0.00 0.00 0.00 0.00 0.00 0.00 0.00 0.00 0.00 0.00 0.00 0.00 0.00 0.01 0.01 0.01 0.01 0.01 0.01 0.01 0.00 0.00 0.00 0.00 0.00 0.00 0.00 0.00 0.00 0.00 0.00 0.00 0.00 0.00 0.00 0.00 0.00 0.00 0.00 0.00 0.01 0.02 0.02 0.01 0.01 0.01 0.01 0.01 0.01 0.01 0.00 0.00 0.00 0.00 0.00 0.00 0.00 0.00 0.00 0.00 0.00 0.00 0.00 0.00 0.00 0.00 0.00 0.00 0.04 0.02 0.04 0.02 0.01 0.01 0.01 0.02 0.01 0.01 0.01 0.01 0.00 0.00 0.00 0.00 0.00 0.00 0.00 0.00 0.00 0.00 0.00 0.00 0.00 0.00 0.00 0.00 0.01 0.05 0.03 0.05 0.04 0.04 0.02 0.02 0.02 0.01 0.01 0.01 0.01 0.01 0.00 0.00 0.00 0.00 0.00 0.00 0.00 0.00 0.00 0.00 0.00 0.00 0.00 0.00 0.02 0.01 0.06 0.06 0.06 0.05 0.05 0.04 0.02 0.03 0.02 0.01 0.02 0.01 0.01 0.00 0.00 0.00 0.00 0.00 0.00 0.00 0.00 0.00 0.00 0.00 0.00 0.00 0.00 0.03 0.03 0.07 0.07 0.08 0.08 0.07 0.05 0.03 0.04 0.02 0.02 0.02 0.01 0.01 0.01 0.00 0.00 0.00 0.00 0.00 0.00 0.00 0.00 0.00 0.00 0.00 0.00 0.02 0.04 0.07 0.10 0.09 0.10 0.09 0.10 0.06 0.04 0.04 0.02 0.02 0.02 0.02 0.01 0.01 0.00 0.00 0.00 0.00 0.00 0.00 0.00 0.00 0.00 0.00 0.00 0.00 0.06 0.07 0.09 0.12 0.10 0.14 0.20 0.11 0.07 0.05 0.08 0.02 0.02 0.02 0.02 0.01 0.02 0.00 0.00 0.00 0.00 0.00 0.00 0.00 0.00 0.00 0.00 0.00 0.00 0.07 0.10 0.14 0.15 0.11 0.17 0.22 0.12 0.09 0.08 0.09 0.03 0.03 0.03 0.03 0.02 0.02 0.01 0.00 0.00 0.00 0.00 0.00 0.00 0.00 0.00 0.00 0.00 0.01 0.08 0.13 0.15 0.18 0.15 0.20 0.23 0.14 0.12 0.10 0.10 0.03 0.03 0.03 0.03 0.02 0.02 0.01 0.01 0.00 0.00 0.00 0.00 0.00 0.00 0.00 0.00 0.00 0.02 0.11 0.16 0.16 0.19 0.16 0.20 0.26 0.15 0.15 0.11 0.12 0.03 0.04 0.03 0.03 0.02 0.02 0.01 0.01 0.00 0.00 0.00 0.00 0.00 0.00 0.00 0.00 0.00 0.03 0.11 0.22 0.18 0.21 0.20 0.22 0.29 0.16 0.17 0.12 0.14 0.03 0.04 0.04 0.03 0.03 0.03 0.02 0.01 0.00 0.00 0.00 0.00 0.00 0.00 0.00 0.00 0.00 0.06 0.15 0.24 0.19 0.22 0.23 0.24 0.33 0.17 0.19 0.13 0.15 0.05 0.04 0.04 0.04 0.03 0.03 0.02 0.02 0.00 0.00 0.00 0.00 0.00 0.00 0.00 0.00 0.00 0.14 0.17 0.25 0.19 0.23 0.25 0.25 0.35 0.20 0.22 0.15 0.18 0.08 0.05 0.04 0.04 0.03 0.03 0.02 0.02 0.01 0.00 0.00 0.00 0.00 0.00 0.00 0.00 0.01 0.17 0.19 0.27 0.20 0.26 0.29 0.29 0.35 0.21 0.26 0.17 0.19 0.12 0.05 0.05 0.04 0.04 0.04 0.03 0.02 0.01 0.00 0.00 0.00 0.00 0.00 0.00 0.00 0.03 0.18 0.21 0.29 0.28 0.26 0.32 0.30 0.37 0.25 0.29 0.19 0.22 0.13 0.05 0.05 0.04 0.04 0.04 0.03 0.02 0.02 0.00 0.00 0.00 0.00 0.00 0.00 0.00 0.03 0.20 0.22 0.32 0.31 0.31 0.33 0.35 0.45 0.26 0.32 0.20 0.24 0.15 0.06 0.05 0.04 0.05 0.04 0.03 0.03 0.02 0.00 0.00 0.00 0.00 0.00 0.00 0.00 0.04 0.21 0.26 0.35 0.33 0.33 0.37 0.36 0.55 0.28 0.33 0.21 0.28 0.18 0.06 0.06 0.05 0.05 0.05 0.04 0.03 0.02 0.01 0.00 0.00 0.00 0.00 0.00 0.01 0.06 0.23 0.28 0.37 0.35 0.39 0.37 0.36 0.58 0.33 0.40 0.24 0.33 0.19 0.07 0.06 0.06 0.05 0.06 0.05 0.03 0.03 0.01 0.00 0.00 0.00 0.00 0.00 0.02 0.10 0.26 0.31 0.39 0.37 0.44 0.40 0.38 0.60 0.35 0.42 0.26 0.35 0.21 0.07 0.07 0.06 0.05 0.06 0.06 0.04 0.03 0.02 0.00 0.00 0.00 0.00 0.00 0.03 0.12 0.28 0.37 0.42 0.39 0.56 0.41 0.41 0.68 0.35 0.43 0.39 0.37 0.22 0.07 0.08 0.07 0.06 0.08 0.06 0.04 0.04 0.04 0.00 0.00 0.00 0.00 0.00 0.04 0.14 0.36 0.39 0.46 0.41 0.57 0.42 0.44 0.70 0.36 0.44 0.40 0.38 0.28 0.08 0.08 0.07 0.06 0.09 0.08 0.10 0.04 0.05 0.00 0.00 0.00 0.00 0.00 0.05 0.17 0.38 0.42 0.48 0.42 0.59 0.44 0.46 0.75 0.39 0.46 0.41 0.41 0.29 0.09 0.09 0.08 0.07 0.10 0.08 0.10 0.06 0.07 0.00 0.00 0.00 0.00 0.00 0.05 0.20 0.41 0.43 0.49 0.44 0.61 0.46 0.51 0.76 0.42 0.49 0.43 0.46 0.33 0.10 0.09 0.11 0.11 0.10 0.09 0.12 0.06 0.07 0.00 0.00 0.00 0.00 0.00 0.10 0.22 0.47 0.45 0.51 0.45 0.61 0.52 0.53 0.80 0.43 0.51 0.47 0.50 0.44 0.10 0.10 0.11 0.12 0.11 0.11 0.14 0.07 0.09 0.00 0.00 0.00 0.00 0.00 0.12 0.24 0.49 0.47 0.51 0.50 0.63 0.59 0.55 0.83 0.46 0.52 0.53 0.57 0.45 0.11 0.12 0.13 0.13 0.11 0.13 0.15 0.08 0.10 0.02 0.00 0.00 0.00 0.02 0.13 0.24 0.53 0.51 0.53 0.52 0.65 0.63 0.57 0.92 0.48 0.56 0.57 0.59 0.56 0.12 0.18 0.15 0.14 0.14 0.14 0.16 0.09 0.12 0.06 0.00 0.00 0.00 0.05 0.14 0.26 0.55 0.55 0.54 0.53 0.67 0.64 0.60 0.92 0.51 0.57 0.58 0.60 0.64 0.20 0.21 0.19 0.16 0.14 0.21 0.16 0.14 0.18 0.08 0.00 0.00 0.00 0.05 0.14 0.26 0.57 0.57 0.57 0.59 0.68 0.70 0.62 0.98 0.52 0.60 0.63 0.62 0.67 0.20 0.21 0.19 0.16 0.14 0.21 0.16 0.14 0.18 0.08 0.00 0.00 0.00 0.05 0.14 0.26 0.60 0.59 0.60 0.63 0.69 0.73 0.66 1.00 0.60 0.66 0.66 0.64 0.67 0.20 0.21 0.19 0.16 0.14 0.21 0.16 0.14 0.18 0.08 0.00 0.00 0.00 0.05 0.14 0.26 0.63 0.64 0.63 0.64 0.73 0.79 0.68 1.02 0.66 0.68 0.69 0.66 0.67 0.20 0.21 0.19 0.16 0.14 0.21 0.16 0.14 0.18 0.08 0.00 0.00 0.00 0.05 0.14 0.26 0.66 0.67 0.66 0.66 0.84 0.85 0.69 1.06 0.68 0.72 0.73 0.69 0.67 0.20 0.21 0.19 0.16 0.14 0.21 0.16 0.14 0.18 0.08 0.00 0.00 0.00 0.05 0.14 0.26 0.66 0.71 0.68 0.72 0.89 0.90 0.73 1.10 0.71 0.76 0.75 0.74 0.67 0.20 0.21 0.19 0.16 0.14 0.21 0.16 0.14 0.18 0.08 0.00 0.00 0.00 0.05 0.14 0.26 0.66 0.75 0.74 0.75 0.91 0.93 0.76 1.14 0.74 0.78 0.80 0.76 0.67 0.20 0.21 0.19 0.16 0.14 0.21 0.16 0.14 0.18 0.08 0.00 0.00 0.00 0.05 0.14 0.26 0.66 0.77 0.77 0.80 0.94 0.95 0.78 1.14 0.77 0.81 0.83 0.76 0.67 0.20 0.21 0.19 0.16 0.14 0.21 0.16 0.14 0.18 0.08 0.00 0.00 0.00 0.05 0.14 0.26 0.66 0.77 0.77 0.80 0.94 0.95 0.78 1.14 0.77 0.81 0.83 0.76 0.67 0.20 0.21 0.19 0.16 0.14 0.21 0.16 0.14 0.18 0.08 0.00 0.00 0.00 0.05 0.14 0.26 0.66 0.77 0.77 0.80 0.94 0.95 0.78 1.14 0.77 0.81 0.83 0.76 0.67 0.20 0.21 0.19 0.16 0.14 0.21 0.16 0.14 0.18 0.08 0.00 0.00 0.00 0.05 0.14 0.26 0.66 0.77 0.77 0.80 0.94 0.95 0.78 1.14 0.77 0.81 0.83 0.76 0.67 0.20 0.21 0.19 0.16 0.14 0.21 0.16 0.14 0.18 0.08 0.00 0.00 0.00 0.05 0.14 0.26 0.66 0.77 0.77 0.80 0.94 0.95 0.78 1.14 0.77 0.81 0.83 0.76 0.67 0.20 0.21 0.19 0.16 0.14 0.21 0.16 0.14 0.18 0.08 0.00 0.00 0.00 0.05 0.14 0.26 0.66 0.77 0.77 0.80 0.94 0.95 0.78 1.14 0.77 0.81 0.83 0.76 0.67 0.20 0.21 0.19 0.16 0.14 0.21 0.16 0.14 0.18 0.08 0.00 0.00 0.00 0.00 0.14 0.26 0.66 0.77 0.77 0.80 0.94 0.95 0.78 1.14 0.77 0.81 0.83 0.76 0.67 0.20 0.21 0.19 0.16 0.14 0.21 0.16 0.14 0.18 0.08 0.00 0.00 0.00 0.00 0.14 0.26 0.66 0.77 0.77 0.80 0.94 0.95 0.78 1.14 0.77 0.81 0.83 0.76 0.67 0.20 0.21 0.19 0.16 0.14 0.21 0.16 0.14 0.18 0.08 0.00 0.00 0.00 0.00 0.14 0.26 0.66 0.77 0.77 0.80 0.94 0.95 0.78 1.14 0.77 0.81 0.83 0.76 0.67 0.20 0.21 0.19 0.16 0.14 0.21 0.16 0.14 0.18 0.00 0.00 0.00 0.00 0.00 0.14 0.26 0.66 0.77 0.77 0.80 0.94 0.95 0.78 1.14 0.77 0.81 0.83 0.76 0.67 0.20 0.21 0.19 0.16 0.14 0.21 0.16 0.14 0.18 0.00 0.00 0.00 0.00 0.00 0.14 0.26 0.66 0.77 0.77 0.80 0.94 0.95 0.78 1.14 0.77 0.81 0.83 0.76 0.67 0.20 0.21 0.19 0.16 0.14 0.21 0.16 0.14 0.18 0.00 0.00 0.00 0.00 0.00 0.14 0.26 0.66 0.77 0.77 0.80 0.94 0.95 0.78 1.14 0.77 0.81 0.83 0.76 0.67 0.20 0.21 0.19 0.16 0.14 0.21 0.16 0.14 0.18 0.00 0.00 0.00 0.00 0.00 0.14 0.26 0.66 0.77 0.77 0.80 0.94 0.95 0.78 1.14 0.77 0.81 0.83 0.76 0.67 0.20 0.21 0.19 0.16 0.14 0.21 0.16 0.14 0.18 0.00 0.00 0.00 0.00 0.00 0.14 0.26 0.66 0.77 0.77 0.80 0.94 0.95 0.78 1.14 0.77 0.81 0.83 0.76 0.67 0.20 0.21 0.19 0.16 0.14 0.21 0.16 0.14 0.18 0.00 0.00 0.00 0.00 0.00 0.14 0.26 0.66 0.77 0.77 0.80 0.94 0.95 0.78 1.14 0.77 0.81 0.83 0.76 0.67 0.20 0.21 0.19 0.16 0.14 0.21 0.16 0.14 0.18 0.00 0.00 0.00 0.00 0.00 0.14 0.26 0.66 0.77 0.77 0.80 0.94 0.95 0.78 1.14 0.77 0.81 0.83 0.76 0.67 0.20 0.21 0.19 0.16 0.14 0.21 0.16 0.14 0.18 0.00 0.00 0.00 0.00 0.00 0.14 0.26 0.66 0.77 0.77 0.80 0.94 0.95 0.78 1.14 0.77 0.81 0.83 0.76 0.67 0.20 0.21 0.19 0.16 0.14 0.21 0.16 0.14 0.18 0.00 0.00 0.00 0.00 0.00 0.00 0.26 0.66 0.77 0.77 0.80 0.94 0.95 0.78 1.14 0.77 0.81 0.83 0.76 0.67 0.20 0.21 0.19 0.16 0.14 0.21 0.16 0.14 0.00 0.00 0.00 0.00 0.00 0.00 0.00 0.26 0.66 0.77 0.77 0.80 0.94 0.95 0.78 1.14 0.77 0.81 0.83 0.76 0.67 0.20 0.21 0.19 0.16 0.14 0.21 0.16 0.14 0.00 0.00 0.00 0.00 0.00 0.00 0.00 0.26 0.66 0.77 0.77 0.80 0.94 0.95 0.78 1.14 0.77 0.81 0.83 0.76 0.67 0.20 0.21 0.19 0.16 0.14 0.21 0.16 0.14 0.00 0.00 0.00 0.00 0.00 0.00 0.00 0.26 0.66 0.77 0.77 0.80 0.94 0.95 0.78 1.14 0.77 0.81 0.83 0.76 0.67 0.20 0.21 0.19 0.16 0.14 0.21 0.16 0.14 0.00 0.00 0.00 0.00 0.00 0.00 0.00 0.26 0.66 0.77 0.77 0.80 0.94 0.95 0.78 1.14 0.77 0.81 0.83 0.76 0.67 0.20 0.21 0.19 0.16 0.14 0.21 0.16 0.14 0.00 0.00 0.00 0.00 0.00 0.00 0.00 0.26 0.66 0.77 0.77 0.80 0.94 0.95 0.78 1.14 0.77 0.81 0.83 0.76 0.67 0.20 0.21 0.19 0.16 0.14 0.21 0.16 0.14 0.00 0.00 0.00 0.00 0.00 0.00 0.00 0.00 0.66 0.77 0.77 0.80 0.94 0.95 0.78 1.14 0.77 0.81 0.83 0.76 0.67 0.20 0.21 0.19 0.16 0.14 0.21 0.16 0.00 0.00 0.00 0.00 0.00 0.00 0.00 0.00 0.00 0.66 0.77 0.77 0.80 0.94 0.95 0.78 1.14 0.77 0.81 0.83 0.76 0.67 0.20 0.21 0.19 0.16 0.14 0.21 0.16 0.00 0.00 0.00 0.00 0.00 0.00 0.00 0.00 0.00 0.66 0.77 0.77 0.80 0.94 0.95 0.78 1.14 0.77 0.81 0.83 0.76 0.67 0.20 0.21 0.19 0.16 0.14 0.21 0.16 0.00 0.00 0.00 0.00 0.00 0.00 0.00 0.00 0.00 0.66 0.77 0.77 0.80 0.94 0.95 0.78 1.14 0.77 0.81 0.83 0.76 0.67 0.20 0.21 0.19 0.16 0.14 0.21 0.16 0.00 0.00 0.00 0.00 0.00 0.00 0.00 0.00 0.00 0.00 0.77 0.77 0.80 0.94 0.95 0.78 1.14 0.77 0.81 0.83 0.76 0.67 0.20 0.21 0.19 0.16 0.14 0.21 0.16 0.00 0.00 0.00 0.00 0.00 0.00 0.00 0.00 0.00 0.00 0.77 0.77 0.80 0.94 0.95 0.78 1.14 0.77 0.81 0.83 0.76 0.67 0.20 0.21 0.19 0.16 0.14 0.21 0.00 0.00 0.00 0.00 0.00 0.00 0.00 0.00 0.00 0.00 0.00 0.77 0.77 0.80 0.94 0.95 0.78 1.14 0.77 0.81 0.83 0.76 0.67 0.20 0.21 0.19 0.16 0.14 0.21 0.00 0.00 0.00 0.00 0.00 0.00 0.00 0.00 0.00 0.00 0.00 0.77 0.77 0.80 0.94 0.95 0.78 1.14 0.77 0.81 0.83 0.76 0.67 0.20 0.21 0.19 0.16 0.14 0.21 0.00 0.00 0.00 0.00 0.00 0.00 0.00 0.00 0.00 0.00 0.00 0.00 0.77 0.80 0.94 0.95 0.78 1.14 0.77 0.81 0.83 0.76 0.67 0.20 0.21 0.19 0.16 0.14 0.21 0.00 0.00 0.00 0.00 0.00 0.00 0.00 0.00 0.00 0.00 0.00 0.00 0.77 0.80 0.94 0.95 0.78 1.14 0.77 0.81 0.83 0.76 0.67 0.20 0.21 0.19 0.16 0.14 0.00 0.00 0.00 0.00 0.00 0.00 0.00 0.00 0.00 0.00 0.00 0.00 0.00 0.77 0.80 0.94 0.95 0.78 1.14 0.77 0.81 0.83 0.76 0.67 0.20 0.21 0.19 0.16 0.14 0.00 0.00 0.00 0.00 0.00 0.00 0.00 0.00 0.00 0.00 0.00 0.00 0.00 0.00 0.80 0.94 0.95 0.78 1.14 0.77 0.81 0.83 0.76 0.67 0.20 0.21 0.19 0.16 0.00 0.00 0.00 0.00 0.00 0.00 0.00 0.00 0.00 0.00 0.00 0.00 0.00 0.00 0.00 0.80 0.94 0.95 0.78 1.14 0.77 0.81 0.83 0.76 0.67 0.20 0.21 0.19 0.16 0.00 0.00 0.00 0.00 0.00 0.00 0.00 0.00 0.00 0.00 0.00 0.00 0.00 0.00 0.00 0.80 0.94 0.95 0.78 1.14 0.77 0.81 0.83 0.76 0.67 0.20 0.21 0.19 0.16 0.00 0.00 0.00 0.00 0.00 0.00 0.00 0.00 0.00 0.00 0.00 0.00 0.00 0.00 0.00 0.00 0.94 0.95 0.78 1.14 0.77 0.81 0.83 0.76 0.67 0.20 0.21 0.19 0.00 0.00 0.00 0.00 0.00 0.00 0.00 0.00 0.00 0.00 0.00 0.00 0.00 0.00 0.00 0.00 0.00 0.94 0.95 0.78 1.14 0.77 0.81 0.83 0.76 0.67 0.20 0.21 0.19 0.00 0.00 0.00 0.00 0.00 0.00 0.00 0.00 0.00 0.00 0.00 0.00 0.00 0.00 0.00 0.00 0.00 0.00 0.95 0.78 1.14 0.77 0.81 0.83 0.76 0.67 0.20 0.21 0.00 0.00 0.00 0.00 0.00 0.00 0.00 0.00 0.00 0.00 0.00 0.00 0.00 0.00 0.00 0.00 0.00 0.00 0.00 0.00 0.78 1.14 0.77 0.81 0.83 0.76 0.67 0.20 0.21 0.00 0.00 0.00 0.00 0.00 0.00 0.00 0.00 0.00 0.00 0.00 0.00 0.00 0.00 0.00 0.00 0.00 0.00 0.00 0.00 0.78 1.14 0.77 0.81 0.83 0.76 0.67 0.20 0.00 0.00 0.00 0.00 0.00 0.00 0.00 0.00 0.00 0.00 0.00 0.00 0.00 0.00 0.00 0.00 0.00 0.00 0.00 0.00 0.00 0.00 1.14 0.77 0.81 0.83 0.76 0.67 0.00 0.00 0.00 0.00 0.00 0.00 0.00 0.00 0.00 0.00 0.00 0.00 0.00 0.00 0.00 0.00 0.00 0.00 0.00 0.00 0.00 0.00 0.00 0.00 0.00 0.81 0.83 0.00 0.00 0.00 0.00 0.00 0.00 0.00 0.00 0.00 0.00 0.00 0.00 0.00 0.00 0.00 0.00 0.00 0.00 0.00 0.00 0.00 0.00 0.00 0.00 0.00 0.00 0.00 0.00 0.00 0.00 0.00 0.00 0.00 0.00 0.00 0.00 0.00 0.00 0.00 0.00 0.00 0.00
height.size=2407
height.data=2838.35 2838.35 2838.35 2838.35 2838.35 2838.35 2838.35 2838.35 2838.35 2838.35 2838.35 2838.35 2838.35 2838.35 2838.35 2838.35 2838.35 2838.35 2838.35 2838.35 2838.35 2838.35 2838.35 2838.35 2838.35 2838.35 2838.35 2838.35 2838.35 2859.00 2859.00 2859.00 2859.00 2859.00 2859.00 2859.00 2859.00 2859.00 2859.00 2859.00 2859.00 2859.00 2859.00 2859.00 2859.00 2859.00 2859.00 2859.00 2859.00 2859.00 2859.00 2859.00 2859.00 2859.00 2859.00 2859.00 2859.00 2859.00 2879.65 2879.65 2879.65 2879.65 2879.65 2879.65 2879.65 2879.65 2879.65 2879.65 2879.65 2879.65 2879.65 2879.65 2879.65 2879.65 2879.65 2879.65 2879.65 2879.65 2879.65 2879.65 2879.65 2879.65 2879.65 2879.65 2879.65 2879.65 2879.65 2900.32 2900.32 2900.32 2900.32 2900.32 2900.32 2900.32 2900.32 2900.32 2900.32 2900.32 2900.32 2900.32 2900.32 2900.32 2900.32 2900.32 2900.32 2900.32 2900.32 2900.32 2900.32 2900.32 2900.32 2900.32 2900.32 2900.32 2900.32 2900.32 2920.99 2920.99 2920.99 2920.99 2920.99 2920.99 2920.99 2920.99 2920.99 2920.99 2920.99 2920.99 2920.99 2920.99 2920.99 2920.99 2920.99 2920.99 2920.99 2920.99 2920.99 2920.99 2920.99 2920.99 2920.99 2920.99 2920.99 2920.99 2920.99 2941.66 2941.66 2941.66 2941.66 2941.66 2941.66 2941.66 2941.66 2941.66 2941.66 2941.66 2941.66 2941.66 2941.66 2941.66 2941.66 2941.66 2941.66 2941.66 2941.66 2941.66 2941.66 2941.66 2941.66 2941.66 2941.66 2941.66 2941.66 2941.66 2962.35 2962.35 2962.35 2962.35 2962.35 2962.35 2962.35 2962.35 2962.35 2962.35 2962.35 2962.35 2962.35 2962.35 2962.35 2962.35 2962.35 2962.35 2962.35 2962.35 2962.35 2962.35 2962.35 2962.35 2962.35 2962.35 2962.35 2962.35 2962.35 2983.04 2983.04 2983.04 2983.04 2983.04 2983.04 2983.04 2983.04 2983.04 2983.04 2983.04 2983.04 2983.04 2983.04 2983.04 2983.04 2983.04 2983.04 2983.04 2983.04 2983.04 2983.04 2983.04 2983.04 2983.04 2983.04 2983.04 2983.04 2983.04 3003.74 3003.74 3003.74 3003.74 3003.74 3003.74 3003.74 3003.74 3003.74 3003.74 3003.74 3003.74 3003.74 3003.74 3003.74 3003.74 3003.74 3003.74 3003.74 3003.74 3003.74 3003.74 3003.74 3003.74 3003.74 3003.74 3003.74 3003.74 3003.74 3024.45 3024.45 3024.45 3024.45 3024.45 3024.45 3024.45 3024.45 3024.45 3024.45 3024.45 3024.45 3024.45 3024.45 3024.45 3024.45 3024.45 3024.45 3024.45 3024.45 3024.45 3024.45 3024.45 3024.45 3024.45 3024.45 3024.45 3024.45 3024.45 3045.16 3045.16 3045.16 3045.16 3045.16 3045.16 3045.16 3045.16 3045.16 3045.16 3045.16 3045.16 3045.16 3045.16 3045.16 3045.16 3045.16 3045.16 3045.16 3045.16 3045.16 3045.16 3045.16 3045.16 3045.16 3045.16 3045.16 3045.16 3045.16 3065.89 3065.89 3065.89 3065.89 3065.89 3065.89 3065.89 3065.89 3065.89 3065.89 3065.89 3065.89 3065.89 3065.89 3065.89 3065.89 3065.89 3065.89 3065.89 3065.89 3065.89 3065.89 3065.89 3065.89 3065.89 3065.89 3065.89 3065.89 3065.89 3086.62 3086.62 3086.62 3086.62 3086.62 3086.62 3086.62 3086.62 3086.62 3086.62 3086.62 3086.62 3086.62 3086.62 3086.62 3086.62 3086.62 3086.62 3086.62 3086.62 3086.62 3086.62 3086.62 3086.62 3086.62 3086.62 3086.62 3086.62 3086.62 3107.35 3107.35 3107.35 3107.35 3107.35 3107.35 3107.35 3107.35 3107.35 3107.35 3107.35 3107.35 3107.35 3107.35 3107.35 3107.35 3107.35 3107.35 3107.35 3107.35 3107.35 3107.35 3107.35 3107.35 3107.35 3107.35 3107.35 3107.35 3107.35 3128.10 3128.10 3128.10 3128.10 3128.10 3128.10 3128.10 3128.10 3128.10 3128.10 3128.10 3128.10 3128.10 3128.10 3128.10 3128.10 3128.10 3128.10 3128.10 3128.10 3128.10 3128.10 3128.10 3128.10 3128.10 3128.10 3128.10 3128.10 3128.10 3148.85 3148.85 3148.85 3148.85 3148.85 3148.85 3148.85 3148.85 3148.85 3148.85 3148.85 3148.85 3148.85 3148.85 3148.85 3148.85 3148.85 3148.85 3148.85 3148.85 3148.85 3148.85 3148.85 3148.85 3148.85 3148.85 3148.85 3148.85 3148.85 3169.61 3169.61 3169.61 3169.61 3169.61 3169.61 3169.61 3169.61 3169.61 3169.61 3169.61 3169.61 3169.61 3169.61 3169.61 3169.61 3169.61 3169.61 3169.61 3169.61 3169.61 3169.61 3169.61 3169.61 3169.61 3169.61 3169.61 3169.61 3169.61 3190.37 3190.37 3190.37 3190.37 3190.37 3190.37 3190.37 3190.37 3190.37 3190.37 3190.37 3190.37 3190.37 3190.37 3190.37 3190.37 3190.37 3190.37 3190.37 3190.37 3190.37 3190.37 3190.37 3190.37 3190.37 3190.37 3190.37 3190.37 3190.37 3211.14 3211.14 3211.14 3211.14 3211.14 3211.14 3211.14 3211.14 3211.14 3211.14 3211.14 3211.14 3211.14 3211.14 3211.14 3211.14 3211.14 3211.14 3211.14 3211.14 3211.14 3211.14 3211.14 3211.14 3211.14 3211.14 3211.14 3211.14 3211.14 3231.93 3231.93 3231.93 3231.93 3231.93 3231.93 3231.93 3231.93 3231.93 3231.93 3231.93 3231.93 3231.93 3231.93 3231.93 3231.93 3231.93 3231.93 3231.93 3231.93 3231.93 3231.93 3231.93 3231.93 3231.93 3231.93 3231.93 3231.93 3231.93 3252.71 3252.71 3252.71 3252.71 3252.71 3252.71 3252.71 3252.71 3252.71 3252.71 3252.71 3252.71 3252.71 3252.71 3252.71 3252.71 3252.71 3252.71 3252.71 3252.71 3252.71 3252.71 3252.71 3252.71 3252.71 3252.71 3252.71 3252.71 3252.71 3273.51 3273.51 3273.51 3273.51 3273.51 3273.51 3273.51 3273.51 3273.51 3273.51 3273.51 3273.51 3273.51 3273.51 3273.51 3273.51 3273.51 3273.51 3273.51 3273.51 3273.51 3273.51 3273.51 3273.51 3273.51 3273.51 3273.51 3273.51 3273.51 3294.31 3294.31 3294.31 3294.31 3294.31 3294.31 3294.31 3294.31 3294.31 3294.31 3294.31 3294.31 3294.31 3294.31 3294.31 3294.31 3294.31 3294.31 3294.31 3294.31 3294.31 3294.31 3294.31 3294.31 3294.31 3294.31 3294.31 3294.31 3294.31 3315.12 3315.12 3315.12 3315.12 3315.12 3315.12 3315.12 3315.12 3315.12 3315.12 3315.12 3315.12 3315.12 3315.12 3315.12 3315.12 3315.12 3315.12 3315.12 3315.12 3315.12 3315.12 3315.12 3315.12 3315.12 3315.12 3315.12 3315.12 3315.12 3335.94 3335.94 3335.94 3335.94 3335.94 3335.94 3335.94 3335.94 3335.94 3335.94 3335.94 3335.94 3335.94 3335.94 3335.94 3335.94 3335.94 3335.94 3335.94 3335.94 3335.94 3335.94 3335.94 3335.94 3335.94 3335.94 3335.94 3335.94 3335.94 3356.76 3356.76 3356.76 3356.76 3356.76 3356.76 3356.76 3356.76 3356.76 3356.76 3356.76 3356.76 3356.76 3356.76 3356.76 3356.76 3356.76 3356.76 3356.76 3356.76 3356.76 3356.76 3356.76 3356.76 3356.76 3356.76 3356.76 3356.76 3356.76 3377.59 3377.59 3377.59 3377.59 3377.59 3377.59 3377.59 3377.59 3377.59 3377.59 3377.59 3377.59 3377.59 3377.59 3377.59 3377.59 3377.59 3377.59 3377.59 3377.59 3377.59 3377.59 3377.59 3377.59 3377.59 3377.59 3377.59 3377.59 3377.59 3398.43 3398.43 3398.43 3398.43 3398.43 3398.43 3398.43 3398.43 3398.43 3398.43 3398.43 3398.43 3398.43 3398.43 3398.43 3398.43 3398.43 3398.43 3398.43 3398.43 3398.43 3398.43 3398.43 3398.43 3398.43 3398.43 3398.43 3398.43 3398.43 3419.28 3419.28 3419.28 3419.28 3419.28 3419.28 3419.28 3419.28 3419.28 3419.28 3419.28 3419.28 3419.28 3419.28 3419.28 3419.28 3419.28 3419.28 3419.28 3419.28 3419.28 3419.28 3419.28 3419.28 3419.28 3419.28 3419.28 3419.28 3419.28 3440.13 3440.13 3440.13 3440.13 3440.13 3440.13 3440.13 3440.13 3440.13 3440.13 3440.13 3440.13 3440.13 3440.13 3440.13 3440.13 3440.13 3440.13 3440.13 3440.13 3440.13 3440.13 3440.13 3440.13 3440.13 3440.13 3440.13 3440.13 3440.13 3460.99 3460.99 3460.99 3460.99 3460.99 3460.99 3460.99 3460.99 3460.99 3460.99 3460.99 3460.99 3460.99 3460.99 3460.99 3460.99 3460.99 3460.99 3460.99 3460.99 3460.99 3460.99 3460.99 3460.99 3460.99 3460.99 3460.99 3460.99 3460.99 3481.86 3481.86 3481.86 3481.86 3481.86 3481.86 3481.86 3481.86 3481.86 3481.86 3481.86 3481.86 3481.86 3481.86 3481.86 3481.86 3481.86 3481.86 3481.86 3481.86 3481.86 3481.86 3481.86 3481.86 3481.86 3481.86 3481.86 3481.86 3481.86 3502.74 3502.74 3502.74 3502.74 3502.74 3502.74 3502.74 3502.74 3502.74 3502.74 3502.74 3502.74 3502.74 3502.74 3502.74 3502.74 3502.74 3502.74 3502.74 3502.74 3502.74 3502.74 3502.74 3502.74 3502.74 3502.74 3502.74 3502.74 3502.74 3523.62 3523.62 3523.62 3523.62 3523.62 3523.62 3523.62 3523.62 3523.62 3523.62 3523.62 3523.62 3523.62 3523.62 3523.62 3523.62 3523.62 3523.62 3523.62 3523.62 3523.62 3523.62 3523.62 3523.62 3523.62 3523.62 3523.62 3523.62 3523.62 3544.51 3544.51 3544.51 3544.51 3544.51 3544.51 3544.51 3544.51 3544.51 3544.51 3544.51 3544.51 3544.51 3544.51 3544.51 3544.51 3544.51 3544.51 3544.51 3544.51 3544.51 3544.51 3544.51 3544.51 3544.51 3544.51 3544.51 3544.51 3544.51 3565.41 3565.41 3565.41 3565.41 3565.41 3565.41 3565.41 3565.41 3565.41 3565.41 3565.41 3565.41 3565.41 3565.41 3565.41 3565.41 3565.41 3565.41 3565.41 3565.41 3565.41 3565.41 3565.41 3565.41 3565.41 3565.41 3565.41 3565.41 3565.41 3586.31 3586.31 3586.31 3586.31 3586.31 3586.31 3586.31 3586.31 3586.31 3586.31 3586.31 3586.31 3586.31 3586.31 3586.31 3586.31 3586.31 3586.31 3586.31 3586.31 3586.31 3586.31 3586.31 3586.31 3586.31 3586.31 3586.31 3586.31 3586.31 3607.22 3607.22 3607.22 3607.22 3607.22 3607.22 3607.22 3607.22 3607.22 3607.22 3607.22 3607.22 3607.22 3607.22 3607.22 3607.22 3607.22 3607.22 3607.22 3607.22 3607.22 3607.22 3607.22 3607.22 3607.22 3607.22 3607.22 3607.22 3607.22 3628.14 3628.14 3628.14 3628.14 3628.14 3628.14 3628.14 3628.14 3628.14 3628.14 3628.14 3628.14 3628.14 3628.14 3628.14 3628.14 3628.14 3628.14 3628.14 3628.14 3628.14 3628.14 3628.14 3628.14 3628.14 3628.14 3628.14 3628.14 3628.14 3649.07 3649.07 3649.07 3649.07 3649.07 3649.07 3649.07 3649.07 3649.07 3649.07 3649.07 3649.07 3649.07 3649.07 3649.07 3649.07 3649.07 3649.07 3649.07 3649.07 3649.07 3649.07 3649.07 3649.07 3649.07 3649.07 3649.07 3649.07 3649.07 3670.00 3670.00 3670.00 3670.00 3670.00 3670.00 3670.00 3670.00 3670.00 3670.00 3670.00 3670.00 3670.00 3670.00 3670.00 3670.00 3670.00 3670.00 3670.00 3670.00 3670.00 3670.00 3670.00 3670.00 3670.00 3670.00 3670.00 3670.00 3670.00 3690.94 3690.94 3690.94 3690.94 3690.94 3690.94 3690.94 3690.94 3690.94 3690.94 3690.94 3690.94 3690.94 3690.94 3690.94 3690.94 3690.94 3690.94 3690.94 3690.94 3690.94 3690.94 3690.94 3690.94 3690.94 3690.94 3690.94 3690.94 3690.94 3711.89 3711.89 3711.89 3711.89 3711.89 3711.89 3711.89 3711.89 3711.89 3711.89 3711.89 3711.89 3711.89 3711.89 3711.89 3711.89 3711.89 3711.89 3711.89 3711.89 3711.89 3711.89 3711.89 3711.89 3711.89 3711.89 3711.89 3711.89 3711.89 3732.85 3732.85 3732.85 3732.85 3732.85 3732.85 3732.85 3732.85 3732.85 3732.85 3732.85 3732.85 3732.85 3732.85 3732.85 3732.85 3732.85 3732.85 3732.85 3732.85 3732.85 3732.85 3732.85 3732.85 3732.85 3732.85 3732.85 3732.85 3732.85 3753.81 3753.81 3753.81 3753.81 3753.81 3753.81 3753.81 3753.81 3753.81 3753.81 3753.81 3753.81 3753.81 3753.81 3753.81 3753.81 3753.81 3753.81 3753.81 3753.81 3753.81 3753.81 3753.81 3753.81 3753.81 3753.81 3753.81 3753.81 3753.81 3774.78 3774.78 3774.78 3774.78 3774.78 3774.78 3774.78 3774.78 3774.78 3774.78 3774.78 3774.78 3774.78 3774.78 3774.78 3774.78 3774.78 3774.78 3774.78 3774.78 3774.78 3774.78 3774.78 3774.78 3774.78 3774.78 3774.78 3774.78 3774.78 3795.76 3795.76 3795.76 3795.76 3795.76 3795.76 3795.76 3795.76 3795.76 3795.76 3795.76 3795.76 3795.76 3795.76 3795.76 3795.76 3795.76 3795.76 3795.76 3795.76 3795.76 3795.76 3795.76 3795.76 3795.76 3795.76 3795.76 3795.76 3795.76 3816.74 3816.74 3816.74 3816.74 3816.74 3816.74 3816.74 3816.74 3816.74 3816.74 3816.74 3816.74 3816.74 3816.74 3816.74 3816.74 3816.74 3816.74 3816.74 3816.74 3816.74 3816.74 3816.74 3816.74 3816.74 3816.74 3816.74 3816.74 3816.74 3837.73 3837.73 3837.73 3837.73 3837.73 3837.73 3837.73 3837.73 3837.73 3837.73 3837.73 3837.73 3837.73 3837.73 3837.73 3837.73 3837.73 3837.73 3837.73 3837.73 3837.73 3837.73 3837.73 3837.73 3837.73 3837.73 3837.73 3837.73 3837.73 3858.73 3858.73 3858.73 3858.73 3858.73 3858.73 3858.73 3858.73 3858.73 3858.73 3858.73 3858.73 3858.73 3858.73 3858.73 3858.73 3858.73 3858.73 3858.73 3858.73 3858.73 3858.73 3858.73 3858.73 3858.73 3858.73 3858.73 3858.73 3858.73 3879.74 3879.74 3879.74 3879.74 3879.74 3879.74 3879.74 3879.74 3879.74 3879.74 3879.74 3879.74 3879.74 3879.74 3879.74 3879.74 3879.74 3879.74 3879.74 3879.74 3879.74 3879.74 3879.74 3879.74 3879.74 3879.74 3879.74 3879.74 3879.74 3900.75 3900.75 3900.75 3900.75 3900.75 3900.75 3900.75 3900.75 3900.75 3900.75 3900.75 3900.75 3900.75 3900.75 3900.75 3900.75 3900.75 3900.75 3900.75 3900.75 3900.75 3900.75 3900.75 3900.75 3900.75 3900.75 3900.75 3900.75 3900.75 3921.78 3921.78 3921.78 3921.78 3921.78 3921.78 3921.78 3921.78 3921.78 3921.78 3921.78 3921.78 3921.78 3921.78 3921.78 3921.78 3921.78 3921.78 3921.78 3921.78 3921.78 3921.78 3921.78 3921.78 3921.78 3921.78 3921.78 3921.78 3921.78 3942.81 3942.81 3942.81 3942.81 3942.81 3942.81 3942.81 3942.81 3942.81 3942.81 3942.81 3942.81 3942.81 3942.81 3942.81 3942.81 3942.81 3942.81 3942.81 3942.81 3942.81 3942.81 3942.81 3942.81 3942.81 3942.81 3942.81 3942.81 3942.81 3963.84 3963.84 3963.84 3963.84 3963.84 3963.84 3963.84 3963.84 3963.84 3963.84 3963.84 3963.84 3963.84 3963.84 3963.84 3963.84 3963.84 3963.84 3963.84 3963.84 3963.84 3963.84 3963.84 3963.84 3963.84 3963.84 3963.84 3963.84 3963.84 3984.88 3984.88 3984.88 3984.88 3984.88 3984.88 3984.88 3984.88 3984.88 3984.88 3984.88 3984.88 3984.88 3984.88 3984.88 3984.88 3984.88 3984.88 3984.88 3984.88 3984.88 3984.88 3984.88 3984.88 3984.88 3984.88 3984.88 3984.88 3984.88 4005.94 4005.94 4005.94 4005.94 4005.94 4005.94 4005.94 4005.94 4005.94 4005.94 4005.94 4005.94 4005.94 4005.94 4005.94 4005.94 4005.94 4005.94 4005.94 4005.94 4005.94 4005.94 4005.94 4005.94 4005.94 4005.94 4005.94 4005.94 4005.94 4026.99 4026.99 4026.99 4026.99 4026.99 4026.99 4026.99 4026.99 4026.99 4026.99 4026.99 4026.99 4026.99 4026.99 4026.99 4026.99 4026.99 4026.99 4026.99 4026.99 4026.99 4026.99 4026.99 4026.99 4026.99 4026.99 4026.99 4026.99 4026.99 4048.06 4048.06 4048.06 4048.06 4048.06 4048.06 4048.06 4048.06 4048.06 4048.06 4048.06 4048.06 4048.06 4048.06 4048.06 4048.06 4048.06 4048.06 4048.06 4048.06 4048.06 4048.06 4048.06 4048.06 4048.06 4048.06 4048.06 4048.06 4048.06 4069.13 4069.13 4069.13 4069.13 4069.13 4069.13 4069.13 4069.13 4069.13 4069.13 4069.13 4069.13 4069.13 4069.13 4069.13 4069.13 4069.13 4069.13 4069.13 4069.13 4069.13 4069.13 4069.13 4069.13 4069.13 4069.13 4069.13 4069.13 4069.13 4090.21 4090.21 4090.21 4090.21 4090.21 4090.21 4090.21 4090.21 4090.21 4090.21 4090.21 4090.21 4090.21 4090.21 4090.21 4090.21 4090.21 4090.21 4090.21 4090.21 4090.21 4090.21 4090.21 4090.21 4090.21 4090.21 4090.21 4090.21 4090.21 4111.30 4111.30 4111.30 4111.30 4111.30 4111.30 4111.30 4111.30 4111.30 4111.30 4111.30 4111.30 4111.30 4111.30 4111.30 4111.30 4111.30 4111.30 4111.30 4111.30 4111.30 4111.30 4111.30 4111.30 4111.30 4111.30 4111.30 4111.30 4111.30 4132.39 4132.39 4132.39 4132.39 4132.39 4132.39 4132.39 4132.39 4132.39 4132.39 4132.39 4132.39 4132.39 4132.39 4132.39 4132.39 4132.39 4132.39 4132.39 4132.39 4132.39 4132.39 4132.39 4132.39 4132.39 4132.39 4132.39 4132.39 4132.39 4153.49 4153.49 4153.49 4153.49 4153.49 4153.49 4153.49 4153.49 4153.49 4153.49 4153.49 4153.49 4153.49 4153.49 4153.49 4153.49 4153.49 4153.49 4153.49 4153.49 4153.49 4153.49 4153.49 4153.49 4153.49 4153.49 4153.49 4153.49 4153.49 4174.60 4174.60 4174.60 4174.60 4174.60 4174.60 4174.60 4174.60 4174.60 4174.60 4174.60 4174.60 4174.60 4174.60 4174.60 4174.60 4174.60 4174.60 4174.60 4174.60 4174.60 4174.60 4174.60 4174.60 4174.60 4174.60 4174.60 4174.60 4174.60 4195.72 4195.72 4195.72 4195.72 4195.72 4195.72 4195.72 4195.72 4195.72 4195.72 4195.72 4195.72 4195.72 4195.72 4195.72 4195.72 4195.72 4195.72 4195.72 4195.72 4195.72 4195.72 4195.72 4195.72 4195.72 4195.72 4195.72 4195.72 4195.72 4216.84 4216.84 4216.84 4216.84 4216.84 4216.84 4216.84 4216.84 4216.84 4216.84 4216.84 4216.84 4216.84 4216.84 4216.84 4216.84 4216.84 4216.84 4216.84 4216.84 4216.84 4216.84 4216.84 4216.84 4216.84 4216.84 4216.84 4216.84 4216.84 4237.97 4237.97 4237.97 4237.97 4237.97 4237.97 4237.97 4237.97 4237.97 4237.97 4237.97 4237.97 4237.97 4237.97 4237.97 4237.97 4237.97 4237.97 4237.97 4237.97 4237.97 4237.97 4237.97 4237.97 4237.97 4237.97 4237.97 4237.97 4237.97 4259.11 4259.11 4259.11 4259.11 4259.11 4259.11 4259.11 4259.11 4259.11 4259.11 4259.11 4259.11 4259.11 4259.11 4259.11 4259.11 4259.11 4259.11 4259.11 4259.11 4259.11 4259.11 4259.11 4259.11 4259.11 4259.11 4259.11 4259.11 4259.11 4280.26 4280.26 4280.26 4280.26 4280.26 4280.26 4280.26 4280.26 4280.26 4280.26 4280.26 4280.26 4280.26 4280.26 4280.26 4280.26 4280.26 4280.26 4280.26 4280.26 4280.26 4280.26 4280.26 4280.26 4280.26 4280.26 4280.26 4280.26 4280.26 4301.41 4301.41 4301.41 4301.41 4301.41 4301.41 4301.41 4301.41 4301.41 4301.41 4301.41 4301.41 4301.41 4301.41 4301.41 4301.41 4301.41 4301.41 4301.41 4301.41 4301.41 4301.41 4301.41 4301.41 4301.41 4301.41 4301.41 4301.41 4301.41 4322.57 4322.57 4322.57 4322.57 4322.57 4322.57 4322.57 4322.57 4322.57 4322.57 4322.57 4322.57 4322.57 4322.57 4322.57 4322.57 4322.57 4322.57 4322.57 4322.57 4322.57 4322.57 4322.57 4322.57 4322.57 4322.57 4322.57 4322.57 4322.57 4343.74 4343.74 4343.74 4343.74 4343.74 4343.74 4343.74 4343.74 4343.74 4343.74 4343.74 4343.74 4343.74 4343.74 4343.74 4343.74 4343.74 4343.74 4343.74 4343.74 4343.74 4343.74 4343.74 4343.74 4343.74 4343.74 4343.74 4343.74 4343.74 4364.91 4364.91 4364.91 4364.91 4364.91 4364.91 4364.91 4364.91 4364.91 4364.91 4364.91 4364.91 4364.91 4364.91 4364.91 4364.91 4364.91 4364.91 4364.91 4364.91 4364.91 4364.91 4364.91 4364.91 4364.91 4364.91 4364.91 4364.91 4364.91 4386.09 4386.09 4386.09 4386.09 4386.09 4386.09 4386.09 4386.09 4386.09 4386.09 4386.09 4386.09 4386.09 4386.09 4386.09 4386.09 4386.09 4386.09 4386.09 4386.09 4386.09 4386.09 4386.09 4386.09 4386.09 4386.09 4386.09 4386.09 4386.09 4407.28 4407.28 4407.28 4407.28 4407.28 4407.28 4407.28 4407.28 4407.28 4407.28 4407.28 4407.28 4407.28 4407.28 4407.28 4407.28 4407.28 4407.28 4407.28 4407.28 4407.28 4407.28 4407.28 4407.28 4407.28 4407.28 4407.28 4407.28 4407.28 4428.48 4428.48 4428.48 4428.48 4428.48 4428.48 4428.48 4428.48 4428.48 4428.48 4428.48 4428.48 4428.48 4428.48 4428.48 4428.48 4428.48 4428.48 4428.48 4428.48 4428.48 4428.48 4428.48 4428.48 4428.48 4428.48 4428.48 4428.48 4428.48 4449.68 4449.68 4449.68 4449.68 4449.68 4449.68 4449.68 4449.68 4449.68 4449.68 4449.68 4449.68 4449.68 4449.68 4449.68 4449.68 4449.68 4449.68 4449.68 4449.68 4449.68 4449.68 4449.68 4449.68 4449.68 4449.68 4449.68 4449.68 4449.68 4470.90 4470.90 4470.90 4470.90 4470.90 4470.90 4470.90 4470.90 4470.90 4470.90 4470.90 4470.90 4470.90 4470.90 4470.90 4470.90 4470.90 4470.90 4470.90 4470.90 4470.90 4470.90 4470.90 4470.90 4470.90 4470.90 4470.90 4470.90 4470.90 4492.11 4492.11 4492.11 4492.11 4492.11 4492.11 4492.11 4492.11 4492.11 4492.11 4492.11 4492.11 4492.11 4492.11 4492.11 4492.11 4492.11 4492.11 4492.11 4492.11 4492.11 4492.11 4492.11 4492.11 4492.11 4492.11 4492.11 4492.11 4492.11 4513.34 4513.34 4513.34 4513.34 4513.34 4513.34 4513.34 4513.34 4513.34 4513.34 4513.34 4513.34 4513.34 4513.34 4513.34 4513.34 4513.34 4513.34 4513.34 4513.34 4513.34 4513.34 4513.34 4513.34 4513.34 4513.34 4513.34 4513.34 4513.34 4534.57 4534.57 4534.57 4534.57 4534.57 4534.57 4534.57 4534.57 4534.57 4534.57 4534.57 4534.57 4534.57 4534.57 4534.57 4534.57 4534.57 4534.57 4534.57 4534.57 4534.57 4534.57 4534.57 4534.57 4534.57 4534.57 4534.57 4534.57 4534.57 4555.81 4555.81 4555.81 4555.81 4555.81 4555.81 4555.81 4555.81 4555.81 4555.81 4555.81 4555.81 4555.81 4555.81 4555.81 4555.81 4555.81 4555.81 4555.81 4555.81 4555.81 4555.81 4555.81 4555.81 4555.81 4555.81 4555.81 4555.81 4555.81
=== END RADAR_SCAN ===

=== BEGIN RADAR_SCAN ===
scan.index=4
scan.time=176.000000
radar.id=0
radar.frequency=C
radar.scanning_mode=PPI
radar.x=0.000
radar.y=0.000
radar.z=25.000
radar.maximum_range=250000.000
radar.range_resolution=250.000
radar.angular_resolution=1.000000
box.radar_id=0
box.min_range_gate=141.000
box.max_range_gate=222.000
box.min_angle=132.000000
box.max_angle=161.000000
box.num_ranges=82
box.num_angles=29
box.range_resolution=250.000
box.angular_resolution=1.000000
box.other_angle=2.000000
grid.size=2378
grid.data=0.00 0.00 0.00 0.00 0.00 0.00 0.00 0.00 0.00 0.00 0.00 0.00 0.00 0.00 0.00 0.00 0.00 0.00 0.00 0.00 0.00 0.00 0.00 0.00 0.00 0.00 0.00 0.00 0.00 0.00 0.00 0.00 0.00 0.00 0.00 0.00 0.00 0.00 0.00 0.00 0.00 30.23 31.08 26.89 33.79 30.16 26.36 0.00 0.00 0.00 0.00 0.00 0.00 0.00 0.00 0.00 0.00 0.00 0.00 0.00 0.00 0.00 0.00 0.00 0.00 0.00 0.00 0.00 0.00 31.67 33.39 29.43 32.51 28.12 29.68 33.30 27.17 0.00 0.00 0.00 0.00 0.00 0.00 0.00 0.00 0.00 0.00 0.00 0.00 0.00 0.00 0.00 0.00 0.00 0.00 0.00 0.00 29.17 28.14 29.59 28.02 29.57 29.13 32.14 31.87 28.72 25.23 0.00 0.00 0.00 0.00 0.00 0.00 0.00 0.00 0.00 0.00 0.00 0.00 0.00 0.00 0.00 0.00 0.00 0.00 27.38 29.14 35.60 31.92 31.59 29.76 27.93 28.40 29.67 26.87 29.68 27.57 0.00 0.00 0.00 0.00 0.00 0.00 0.00 0.00 0.00 0.00 0.00 0.00 0.00 0.00 0.00 0.00 30.50 35.82 34.88 33.61 32.08 35.05 29.90 31.55 27.62 30.92 22.82 28.94 29.95 25.48 0.00 0.00 0.00 0.00 0.00 0.00 0.00 0.00 0.00 0.00 0.00 0.00 0.00 0.00 0.00 31.61 33.72 30.02 34.02 34.24 33.11 28.95 31.22 29.88 30.70 27.57 27.81 27.32 29.56 0.00 0.00 0.00 0.00 0.00 0.00 0.00 0.00 0.00 0.00 0.00 0.00 0.00 0.00 34.93 36.32 32.57 32.83 32.13 38.32 29.43 38.68 28.01 29.29 29.41 30.39 29.18 31.97 30.02 27.43 0.00 0.00 0.00 0.00 0.00 0.00 0.00 0.00 0.00 0.00 0.00 0.00 0.00 33.56 37.14 30.85 34.86 30.29 34.29 29.49 31.79 35.17 28.87 28.23 29.19 25.97 28.93 29.46 28.96 0.00 0.00 0.00 0.00 0.00 0.00 0.00 0.00 0.00 0.00 0.00 0.00 30.99 32.96 33.97 32.52 33.07 33.76 30.92 32.82 37.10 35.29 32.04 27.46 29.48 28.51 28.50 27.86 23.76 29.77 0.00 0.00 0.00 0.00 0.00 0.00 0.00 0.00 0.00 0.00 0.00 36.72 34.66 34.90 34.13 33.07 31.48 32.66 28.27 33.25 37.18 29.65 29.36 30.64 29.35 32.66 28.03 30.37 30.74 0.00 0.00 0.00 0.00 0.00 0.00 0.00 0.00 0.00 0.00 0.00 36.71 31.79 36.61 28.44 33.15 32.97 36.80 36.22 31.14 32.96 32.27 28.54 33.40 31.97 30.25 30.31 32.32 28.26 0.00 0.00 0.00 0.00 0.00 0.00 0.00 0.00 0.00 0.00 35.52 35.30 36.78 35.15 35.17 32.27 38.51 34.19 35.55 33.61 34.11 35.33 30.11 28.19 30.32 33.98 34.70 28.25 27.49 33.43 0.00 0.00 0.00 0.00 0.00 0.00 0.00 0.00 0.00 31.42 34.12 35.00 35.91 32.99 34.06 36.43 33.56 39.96 35.73 30.55 37.88 31.30 29.58 30.31 33.38 33.66 31.96 30.61 28.81 0.00 0.00 0.00 0.00 0.00 0.00 0.00 0.00 0.00 30.28 32.08 34.78 34.52 33.89 38.70 35.00 39.11 35.50 36.56 38.82 38.85 27.09 30.15 27.70 29.27 31.49 30.40 27.84 28.60 0.00 0.00 0.00 0.00 0.00 0.00 0.00 0.00 32.24 33.70 32.97 33.78 36.71 34.78 34.12 33.62 39.40 34.63 36.11 38.17 35.51 34.58 35.58 31.85 25.38 29.31 34.33 29.48 32.14 32.41 0.00 0.00 0.00 0.00 0.00 0.00 0.00 29.47 35.77 31.49 36.56 37.73 31.86 32.26 33.22 36.78 34.89 32.74 33.75 35.82 34.85 32.93 30.86 30.10 25.00 32.73 30.66 33.27 30.59 0.00 0.00 0.00 0.00 0.00 0.00 0.00 28.85 33.58 35.26 36.92 33.42 34.36 34.57 37.08 32.34 35.86 34.23 36.51 34.06 32.25 33.50 32.31 29.07 29.16 27.06 31.28 27.45 27.58 0.00 0.00 0.00 0.00 0.00 0.00 0.00 36.78 38.84 33.95 34.42 34.78 35.55 33.83 30.76 33.15 37.37 38.63 37.03 38.22 35.12 27.70 30.61 33.34 28.72 26.37 28.36 31.05 26.70 0.00 0.00 0.00 0.00 0.00 0.00 0.00 34.23 37.24 32.74 35.61 34.29 34.94 34.20 33.63 28.49 35.00 34.84 34.45 36.15 36.99 35.36 33.03 30.22 31.99 28.12 32.65 29.87 32.63 0.00 0.00 0.00 0.00 0.00 0.00 26.97 36.07 35.27 38.22 37.33 36.50 34.09 35.64 34.49 35.75 33.34 34.58 35.64 32.82 37.24 31.17 28.71 27.20 32.64 37.35 28.68 29.63 34.15 29.19 0.00 0.00 0.00 0.00 0.00 32.11 38.55 34.02 33.55 32.30 31.79 35.30 38.76 38.51 36.31 31.06 33.63 39.11 36.83 31.79 26.05 29.62 31.48 32.74 31.46 29.99 30.31 28.69 27.63 0.00 0.00 0.00 0.00 0.00 32.52 34.78 37.08 34.32 33.02 34.77 36.97 37.36 38.00 39.46 36.32 37.46 33.48 36.41 36.10 26.02 26.89 30.42 28.57 30.32 30.30 32.71 28.98 26.13 0.00 0.00 0.00 0.00 0.00 34.02 31.99 31.24 33.37 36.49 35.16 34.34 32.26 36.40 29.93 32.64 32.70 29.62 33.53 32.42 28.68 29.28 27.94 29.31 31.48 29.64 28.78 30.07 29.39 0.00 0.00 0.00 0.00 0.00 33.65 32.07 31.95 32.70 37.67 37.85 36.71 37.48 33.96 32.38 36.41 34.86 40.31 32.20 39.03 27.69 26.45 30.43 31.59 29.78 30.01 26.11 31.51 30.00 0.00 0.00 0.00 0.00 0.00 30.98 31.74 36.46 37.98 35.53 32.59 37.42 36.88 35.61 40.12 32.12 37.92 32.99 34.04 33.80 28.10 30.15 30.13 30.46 25.75 29.44 28.27 29.43 30.21 0.00 0.00 0.00 0.00 0.00 28.20 37.81 36.70 36.47 36.44 33.26 37.19 36.77 32.09 35.59 31.02 37.90 33.27 33.94 34.43 28.06 32.15 31.33 32.88 25.64 31.15 27.78 30.59 29.68 0.00 0.00 0.00 0.00 0.00 29.47 36.90 35.17 36.45 34.79 37.29 37.02 34.06 33.44 29.73 32.93 32.43 37.46 35.17 40.17 29.74 29.43 32.32 32.37 28.30 31.41 30.90 32.62 31.58 0.00 0.00 0.00 0.00 27.06 28.94 39.33 32.83 36.29 37.88 35.42 38.50 39.51 33.47 36.48 37.68 39.48 33.54 32.95 31.87 29.07 30.14 30.97 29.46 33.09 28.90 27.17 29.59 29.98 0.00 0.00 0.00 0.00 29.07 31.34 28.75 31.48 34.40 34.65 32.56 43.58 33.04 37.72 39.62 36.89 34.71 37.83 38.65 31.92 27.87 32.87 35.04 30.65 27.57 31.82 28.40 31.71 29.96 33.05 0.00 0.00 0.00 28.41 27.95 30.90 36.43 36.41 34.70 32.65 38.83 37.67 36.35 36.74 33.31 41.01 33.12 37.32 35.09 34.01 30.59 30.93 34.10 34.02 29.92 26.99 25.43 30.59 30.27 0.00 0.00 0.00 27.51 29.16 34.19 38.19 36.42 35.50 34.95 36.11 35.86 35.57 38.26 40.89 33.87 35.34 37.18 30.61 33.40 29.64 29.72 27.62 27.86 30.13 34.57 31.55 33.10 31.21 0.00 0.00 0.00 30.52 32.49 29.98 32.52 33.27 37.05 39.02 34.66 33.24 36.23 39.13 32.95 34.56 43.14 33.01 29.48 22.71 32.24 29.17 27.96 28.39 35.01 26.74 32.47 29.72 31.25 0.00 0.00 0.00 29.30 33.74 28.57 39.90 38.62 33.53 39.88 35.20 36.60 33.99 36.47 37.57 34.85 31.51 40.63 29.85 28.39 33.30 25.68 31.15 33.91 32.52 31.53 36.78 30.59 32.44 0.00 0.00 0.00 25.77 29.11 28.53 34.92 39.33 37.81 36.97 34.16 39.81 40.08 38.93 32.59 36.73 34.49 37.44 32.54 33.96 35.53 28.31 33.47 30.63 31.45 31.62 30.17 29.36 26.44 0.00 0.00 0.00 25.82 26.43 31.48 31.63 35.19 35.66 35.66 34.27 36.72 34.93 33.21 35.46 38.34 36.47 34.66 34.23 31.59 30.04 29.48 30.26 27.57 35.58 31.89 33.50 30.56 27.52 0.00 0.00 0.00 34.73 32.02 30.49 30.30 40.51 35.96 33.12 36.28 37.78 38.41 35.23 36.99 37.32 36.69 31.84 26.82 28.28 27.81 31.67 23.95 33.18 29.98 32.88 29.08 29.60 29.74 0.00 0.00 0.00 28.31 31.86 32.09 30.72 36.00 35.03 37.92 40.91 35.22 37.11 39.07 36.84 34.94 37.72 30.79 25.64 34.04 29.12 31.27 29.65 24.71 27.16 30.84 31.11 31.84 28.96 0.00 0.00 0.00 30.15 29.95 32.21 31.01 35.82 34.43 31.95 33.36 35.84 38.71 34.79 36.48 32.40 36.29 29.05 31.85 27.41 27.98 29.41 29.67 31.16 31.22 31.39 29.39 30.24 31.53 0.00 0.00 0.00 32.10 29.87 31.51 30.21 30.08 33.73 31.65 35.94 43.06 35.00 36.15 36.79 32.11 37.77 30.14 24.04 30.90 30.26 29.47 34.90 31.36 29.89 29.74 30.43 27.36 31.94 0.00 0.00 0.00 30.36 29.58 31.40 31.40 30.78 37.32 35.26 40.04 36.21 30.43 34.00 37.11 34.22 31.90 29.61 27.86 33.07 27.97 31.55 26.01 34.96 33.81 32.00 32.42 32.81 27.96 0.00 0.00 0.00 30.00 32.39 30.62 27.87 33.86 31.77 36.45 38.12 33.96 36.64 33.76 34.29 37.98 31.22 33.94 30.38 30.35 31.44 32.50 30.60 30.98 33.62 31.56 31.61 32.31 33.16 0.00 0.00 0.00 27.38 26.74 29.60 30.67 32.14 29.79 38.59 35.32 38.08 36.79 39.61 35.02 25.48 32.92 28.46 32.62 35.46 32.65 28.45 32.67 31.93 34.24 29.21 30.54 29.47 28.14 0.00 0.00 0.00 32.04 28.00 29.65 30.21 30.67 31.99 31.03 39.64 39.43 37.04 35.55 30.89 30.69 29.15 30.98 32.75 28.37 36.21 29.94 33.35 31.32 31.66 30.44 30.38 28.91 29.88 0.00 0.00 0.00 31.68 31.37 29.75 26.28 30.67 30.49 30.92 28.24 33.90 31.09 30.66 34.48 31.23 32.58 34.52 30.44 33.25 28.77 32.01 26.68 29.33 30.54 30.58 34.23 30.47 0.00 0.00 0.00 0.00 0.00 29.84 30.26 31.07 30.83 32.15 31.68 30.28 35.96 27.80 27.89 28.06 32.24 33.05 30.94 29.90 31.08 32.40 30.44 32.23 28.35 30.91 33.00 32.23 30.15 0.00 0.00 0.00 0.00 0.00 35.13 30.97 28.74 29.35 30.59 29.40 34.86 32.67 30.13 31.31 30.82 30.08 31.12 27.66 27.38 32.35 29.48 30.16 31.78 31.59 30.72 34.21 32.92 31.36 0.00 0.00 0.00 0.00 0.00 28.64 30.16 28.23 31.01 32.60 29.10 32.72 33.18 28.41 33.85 33.37 31.18 32.23 26.85 31.69 35.76 30.97 32.09 32.41 32.27 30.95 30.89 30.35 33.18 0.00 0.00 0.00 0.00 0.00 29.57 30.85 28.61 31.57 30.37 30.12 33.81 32.93 32.84 29.43 27.54 30.98 31.53 31.20 29.75 30.54 33.56 32.54 29.86 26.26 29.51 28.82 30.41 27.71 0.00 0.00 0.00 0.00 0.00 27.60 32.58 29.02 25.50 26.45 30.87 29.34 29.58 30.22 33.77 31.13 29.89 27.83 31.39 32.96 31.84 28.38 30.50 31.94 29.57 27.59 31.24 28.56 31.95 0.00 0.00 0.00 0.00 0.00 30.23 29.91 33.98 32.11 30.85 30.07 29.76 33.73 30.47 28.07 29.26 27.42 29.39 31.28 33.08 29.82 27.91 31.68 29.43 27.57 30.38 32.32 27.81 29.28 0.00 0.00 0.00 0.00 0.00 23.33 29.42 32.23 29.88 29.63 30.80 35.36 28.18 30.77 34.53 29.92 31.68 28.17 29.57 31.00 30.52 30.62 29.52 32.32 31.86 31.75 34.53 28.66 29.69 0.00 0.00 0.00 0.00 0.00 27.21 32.58 30.02 31.04 31.80 27.01 30.92 33.25 30.47 34.26 31.50 30.80 29.18 31.55 28.31 31.61 31.99 28.84 29.70 33.34 31.93 29.63 31.10 30.45 0.00 0.00 0.00 0.00 0.00 30.75 30.60 33.54 30.73 31.01 29.41 34.00 28.75 28.78 26.82 30.12 26.90 30.30 34.75 32.05 32.11 31.44 32.13 27.07 29.48 27.85 29.46 31.51 29.52 0.00 0.00 0.00 0.00 0.00 0.00 29.73 28.36 35.00 34.10 31.77 28.48 28.80 33.12 28.98 34.76 29.02 29.99 30.81 29.94 31.53 29.71 29.53 29.84 32.95 28.78 28.81 32.98 0.00 0.00 0.00 0.00 0.00 0.00 0.00 31.11 30.87 28.52 29.13 31.22 30.93 32.82 29.14 29.80 29.45 31.47 33.16 30.59 34.60 34.47 36.26 30.61 32.43 30.59 34.82 33.54 33.18 0.00 0.00 0.00 0.00 0.00 0.00 0.00 35.57 30.38 31.80 28.80 31.62 29.32 31.62 33.10 32.04 31.47 27.12 31.83 31.93 28.17 30.55 31.74 31.74 28.46 30.64 37.56 29.96 33.15 0.00 0.00 0.00 0.00 0.00 0.00 0.00 31.49 33.90 31.27 31.40 31.46 27.96 31.93 30.66 30.98 28.41 22.59 32.73 29.04 27.61 30.35 33.64 29.16 28.12 30.21 32.96 28.78 31.43 0.00 0.00 0.00 0.00 0.00 0.00 0.00 31.48 30.38 31.40 29.49 30.65 30.27 35.29 33.21 31.30 33.97 31.70 33.87 33.14 31.20 31.48 31.01 30.01 30.10 33.37 24.28 30.01 30.81 0.00 0.00 0.00 0.00 0.00 0.00 0.00 32.40 33.39 35.19 32.29 34.51 30.50 29.98 30.38 30.76 34.67 34.03 27.55 29.51 33.41 31.88 29.80 32.36 34.15 34.82 28.76 30.48 28.76 0.00 0.00 0.00 0.00 0.00 0.00 0.00 0.00 33.03 33.22 30.88 30.09 26.23 30.75 33.42 32.01 30.80 29.13 34.32 31.81 32.08 29.49 29.09 31.40 34.81 32.62 31.61 30.28 0.00 0.00 0.00 0.00 0.00 0.00 0.00 0.00 0.00 31.41 31.40 30.81 24.41 29.50 32.06 33.08 30.46 32.04 32.26 30.75 31.09 32.73 31.81 32.17 30.77 30.99 30.49 28.28 31.20 0.00 0.00 0.00 0.00 0.00 0.00 0.00 0.00 0.00 29.93 28.54 31.93 33.02 33.46 30.84 28.39 28.87 31.47 31.68 33.85 32.38 30.50 30.03 35.30 34.99 32.31 31.67 31.62 30.84 0.00 0.00 0.00 0.00 0.00 0.00 0.00 0.00 0.00 34.01 29.31 28.91 27.39 29.52 37.38 28.11 31.85 30.05 28.41 31.51 31.16 34.11 33.00 33.82 32.95 34.56 30.60 30.73 30.22 0.00 0.00 0.00 0.00 0.00 0.00 0.00 0.00 0.00 31.36 30.07 30.86 32.78 31.49 28.46 30.11 29.92 32.43 29.90 28.15 32.33 33.58 27.88 30.11 32.17 32.64 36.92 31.51 32.04 0.00 0.00 0.00 0.00 0.00 0.00 0.00 0.00 0.00 0.00 27.15 35.37 32.29 33.85 28.43 32.11 28.44 32.62 30.08 30.58 31.95 35.54 30.07 30.41 32.14 29.86 35.18 30.75 0.00 0.00 0.00 0.00 0.00 0.00 0.00 0.00 0.00 0.00 0.00 32.98 30.83 30.17 28.83 31.16 31.31 31.27 30.06 30.60 27.93 30.00 29.31 31.48 29.75 30.60 31.89 34.26 27.86 0.00 0.00 0.00 0.00 0.00 0.00 0.00 0.00 0.00 0.00 0.00 28.32 31.63 28.51 29.10 35.36 29.96 31.26 29.18 26.88 24.56 29.71 29.49 33.61 28.02 27.99 29.77 28.64 31.40 0.00 0.00 0.00 0.00 0.00 0.00 0.00 0.00 0.00 0.00 0.00 32.30 30.27 28.71 34.72 28.95 29.18 31.21 33.40 31.43 32.45 31.94 36.19 32.53 28.80 33.62 33.27 32.51 32.17 0.00 0.00 0.00 0.00 0.00 0.00 0.00 0.00 0.00 0.00 0.00 0.00 32.07 29.07 31.39 29.06 32.37 33.13 31.73 31.71 28.86 30.73 35.31 33.81 27.02 33.90 32.12 29.20 0.00 0.00 0.00 0.00 0.00 0.00 0.00 0.00 0.00 0.00 0.00 0.00 0.00 28.47 34.81 32.13 29.40 30.48 30.11 33.55 31.48 33.25 29.38 37.69 32.66 30.72 30.85 30.73 31.67 0.00 0.00 0.00 0.00 0.00 0.00 0.00 0.00 0.00 0.00 0.00 0.00 0.00 28.77 31.52 29.18 25.30 33.66 36.22 33.41 27.99 29.85 32.27 34.69 29.00 33.41 29.07 33.18 32.77 0.00 0.00 0.00 0.00 0.00 0.00 0.00 0.00 0.00 0.00 0.00 0.00 0.00 0.00 26.42 31.11 31.07 29.74 28.57 28.07 28.94 27.84 33.89 26.82 30.57 30.18 29.39 28.77 0.00 0.00 0.00 0.00 0.00 0.00 0.00 0.00 0.00 0.00 0.00 0.00 0.00 0.00 0.00 31.63 30.80 30.21 27.94 39.71 33.24 33.58 32.78 27.36 31.19 34.54 31.04 33.50 32.49 0.00 0.00 0.00 0.00 0.00 0.00 0.00 0.00 0.00 0.00 0.00 0.00 0.00 0.00 0.00 0.00 33.11 31.12 27.37 24.34 35.43 33.37 33.29 27.95 27.77 33.88 30.54 30.25 0.00 0.00 0.00 0.00 0.00 0.00 0.00 0.00 0.00 0.00 0.00 0.00 0.00 0.00 0.00 0.00 0.00 30.01 30.72 29.28 28.99 34.60 30.53 31.33 31.42 33.96 31.05 32.33 31.32 0.00 0.00 0.00 0.00 0.00 0.00 0.00 0.00 0.00 0.00 0.00 0.00 0.00 0.00 0.00 0.00 0.00 0.00 28.97 34.90 28.24 31.62 30.95 30.26 30.47 33.25 30.93 32.74 0.00 0.00 0.00 0.00 0.00 0.00 0.00 0.00 0.00 0.00 0.00 0.00 0.00 0.00 0.00 0.00 0.00 0.00 0.00 31.85 28.71 30.80 31.47 29.52 32.99 32.15 35.04 28.77 35.81 0.00 0.00 0.00 0.00 0.00 0.00 0.00 0.00 0.00 0.00 0.00 0.00 0.00 0.00 0.00 0.00 0.00 0.00 0.00 0.00 32.02 29.25 36.32 32.64 29.79 31.53 29.48 33.68 0.00 0.00 0.00 0.00 0.00 0.00 0.00 0.00 0.00 0.00 0.00 0.00 0.00 0.00 0.00 0.00 0.00 0.00 0.00 0.00 0.00 0.00 29.85 28.66 33.08 31.17 33.68 33.60 0.00 0.00 0.00 0.00 0.00 0.00 0.00 0.00 0.00 0.00 0.00 0.00 0.00 0.00 0.00 0.00 0.00 0.00 0.00 0.00 0.00 0.00 0.00 0.00 0.00 35.71 30.55 0.00 0.00 0.00 0.00 0.00 0.00 0.00 0.00 0.00 0.00 0.00 0.00 0.00 0.00 0.00 0.00 0.00 0.00 0.00 0.00 0.00 0.00 0.00 0.00 0.00 0.00 0.00 0.00 0.00 0.00 0.00 0.00 0.00 0.00 0.00 0.00 0.00 0.00 0.00 0.00 0.00 0.00
rain_type.data=0 0 0 0 0 0 0 0 0 0 0 0 0 0 0 0 0 0 0 0 0 0 0 0 0 0 0 0 0 0 0 0 0 0 0 0 0 0 0 0 0 1 1 1 1 1 1 0 0 0 0 0 0 0 0 0 0 0 0 0 0 0 0 0 0 0 0 0 0 1 1 1 1 1 1 1 1 0 0 0 0 0 0 0 0 0 0 0 0 0 0 0 0 0 0 0 0 1 1 1 1 1 1 1 1 1 1 0 0 0 0 0 0 0 0 0 0 0 0 0 0 0 0 0 0 1 1 2 1 1 1 1 1 1 1 1 1 0 0 0 0 0 0 0 0 0 0 0 0 0 0 0 0 1 2 2 2 2 2 1 1 1 1 1 1 1 1 0 0 0 0 0 0 0 0 0 0 0 0 0 0 0 2 2 2 2 2 2 1 1 1 1 1 1 1 1 0 0 0 0 0 0 0 0 0 0 0 0 0 0 2 2 2 2 2 2 2 2 1 1 1 1 1 1 1 1 0 0 0 0 0 0 0 0 0 0 0 0 0 2 2 2 2 2 2 2 2 2 1 1 1 1 1 1 1 0 0 0 0 0 0 0 0 0 0 0 0 2 2 2 2 2 2 2 2 2 2 1 1 1 1 1 1 1 1 0 0 0 0 0 0 0 0 0 0 0 2 2 2 2 2 2 2 2 2 2 1 1 1 1 1 1 1 1 0 0 0 0 0 0 0 0 0 0 0 2 2 2 2 2 2 2 2 2 2 2 1 1 1 1 1 1 1 0 0 0 0 0 0 0 0 0 0 2 2 2 2 2 2 2 2 2 2 2 2 1 1 1 1 1 1 1 1 0 0 0 0 0 0 0 0 0 2 2 2 2 2 2 2 2 2 2 2 2 1 1 1 1 1 1 1 1 0 0 0 0 0 0 0 0 0 2 2 2 2 2 2 2 2 2 2 2 2 1 1 1 1 1 1 1 1 0 0 0 0 0 0 0 0 1 2 2 2 2 2 2 2 2 2 2 2 2 2 1 1 1 1 1 1 1 1 0 0 0 0 0 0 0 1 2 2 2 2 2 2 2 2 2 2 2 2 2 1 1 1 1 1 1 1 1 0 0 0 0 0 0 0 2 2 2 2 2 2 2 2 2 2 2 2 2 2 1 1 1 1 1 1 1 1 0 0 0 0 0 0 0 2 2 2 2 2 2 2 2 2 2 2 2 2 2 1 1 1 1 1 1 1 1 0 0 0 0 0 0 0 2 2 2 2 2 2 2 2 2 2 2 2 2 2 1 1 1 1 1 1 1 1 0 0 0 0 0 0 1 2 2 2 2 2 2 2 2 2 2 2 2 2 2 1 1 1 1 1 1 1 1 1 0 0 0 0 0 1 2 2 2 2 2 2 2 2 2 2 2 2 2 2 1 1 1 1 1 1 1 1 1 0 0 0 0 0 1 2 2 2 2 2 2 2 2 2 2 2 2 2 2 1 1 1 1 1 1 1 1 1 0 0 0 0 0 1 2 2 2 2 2 2 2 2 2 2 2 2 2 2 1 1 1 1 1 1 1 1 1 0 0 0 0 0 1 2 2 2 2 2 2 2 2 2 2 2 2 2 2 1 1 1 1 1 1 1 1 1 0 0 0 0 0 1 2 2 2 2 2 2 2 2 2 2 2 2 2 2 1 1 1 1 1 1 1 1 1 0 0 0 0 0 1 2 2 2 2 2 2 2 2 2 2 2 2 2 2 1 1 1 1 1 1 1 1 1 0 0 0 0 0 1 2 2 2 2 2 2 2 2 2 2 2 2 2 2 1 1 1 1 1 1 1 1 1 0 0 0 0 1 1 2 2 2 2 2 2 2 2 2 2 2 2 2 2 1 1 1 1 1 1 1 1 1 0 0 0 0 1 1 1 2 2 2 2 2 2 2 2 2 2 2 2 2 1 1 1 1 1 1 1 1 1 1 0 0 0 1 1 1 2 2 2 2 2 2 2 2 2 2 2 2 2 1 1 1 1 1 1 1 1 1 1 0 0 0 1 1 1 2 2 2 2 2 2 2 2 2 2 2 2 2 1 1 1 1 1 1 1 1 1 1 0 0 0 1 1 1 2 2 2 2 2 2 2 2 2 2 2 2 1 1 1 1 1 1 1 1 1 1 1 0 0 0 1 1 1 2 2 2 2 2 2 2 2 2 2 2 2 1 1 1 1 1 1 1 1 1 1 1 0 0 0 1 1 1 2 2 2 2 2 2 2 2 2 2 2 2 1 1 1 1 1 1 1 1 1 1 1 0 0 0 1 1 1 1 2 2 2 2 2 2 2 2 2 2 2 1 1 1 1 1 1 1 1 1 1 1 0 0 0 1 1 1 1 2 2 2 2 2 2 2 2 2 2 2 1 1 1 1 1 1 1 1 1 1 1 0 0 0 1 1 1 1 2 2 2 2 2 2 2 2 2 2 1 1 1 1 1 1 1 1 1 1 1 1 0 0 0 1 1 1 1 2 2 2 2 2 2 2 2 2 2 1 1 1 1 1 1 1 1 1 1 1 1 0 0 0 1 1 1 1 1 2 2 2 2 2 2 2 2 2 1 1 1 1 1 1 1 1 1 1 1 1 0 0 0 1 1 1 1 1 2 2 2 2 2 2 2 2 1 1 1 1 1 1 1 1 1 1 1 1 1 0 0 0 1 1 1 1 1 1 2 2 2 2 2 2 2 1 1 1 1 1 1 1 1 1 1 1 1 1 0 0 0 1 1 1 1 1 1 2 2 2 2 2 2 1 1 1 1 1 1 1 1 1 1 1 1 1 1 0 0 0 1 1 1 1 1 1 1 2 2 2 2 1 1 1 1 1 1 1 1 1 1 1 1 1 1 1 0 0 0 1 1 1 1 1 1 1 1 1 1 1 1 1 1 1 1 1 1 1 1 1 1 1 1 1 0 0 0 0 0 1 1 1 1 1 1 1 1 1 1 1 1 1 1 1 1 1 1 1 1 1 1 1 1 0 0 0 0 0 1 1 1 1 1 1 1 1 1 1 1 1 1 1 1 1 1 1 1 1 1 1 1 1 0 0 0 0 0 1 1 1 1 1 1 1 1 1 1 1 1 1 1 1 1 1 1 1 1 1 1 1 1 0 0 0 0 0 1 1 1 1 1 1 1 1 1 1 1 1 1 1 1 1 1 1 1 1 1 1 1 1 0 0 0 0 0 1 1 1 1 1 1 1 1 1 1 1 1 1 1 1 1 1 1 1 1 1 1 1 1 0 0 0 0 0 1 1 1 1 1 1 1 1 1 1 1 1 1 1 1 1 1 1 1 1 1 1 1 1 0 0 0 0 0 1 1 1 1 1 1 1 1 1 1 1 1 1 1 1 1 1 1 1 1 1 1 1 1 0 0 0 0 0 1 1 1 1 1 1 1 1 1 1 1 1 1 1 1 1 1 1 1 1 1 1 1 1 0 0 0 0 0 1 1 1 1 1 1 1 1 1 1 1 1 1 1 1 1 1 1 1 1 1 1 1 1 0 0 0 0 0 0 1 1 1 1 1 1 1 1 1 1 1 1 1 1 1 1 1 1 1 1 1 1 0 0 0 0 0 0 0 1 1 1 1 1 1 1 1 1 1 1 1 1 1 1 1 1 1 1 1 1 1 0 0 0 0 0 0 0 1 1 1 1 1 1 1 1 1 1 1 1 1 1 1 1 1 1 1 1 1 1 0 0 0 0 0 0 0 1 1 1 1 1 1 1 1 1 1 1 1 1 1 1 1 1 1 1 1 1 1 0 0 0 0 0 0 0 1 1 1 1 1 1 1 1 1 1 1 1 1 1 1 1 1 1 1 1 1 1 0 0 0 0 0 0 0 1 1 1 1 1 1 1 1 1 1 1 1 1 1 1 1 1 1 1 1 1 1 0 0 0 0 0 0 0 0 1 1 1 1 1 1 1 1 1 1 1 1 1 1 1 1 1 1 1 1 0 0 0 0 0 0 0 0 0 1 1 1 1 1 1 1 1 1 1 1 1 1 1 1 1 1 1 1 1 0 0 0 0 0 0 0 0 0 1 1 1 1 1 1 1 1 1 1 1 1 1 1 1 1 1 1 1 1 0 0 0 0 0 0 0 0 0 1 1 1 1 1 1 1 1 1 1 1 1 1 1 1 1 1 1 1 1 0 0 0 0 0 0 0 0 0 1 1 1 1 1 1 1 1 1 1 1 1 1 1 1 1 1 1 1 1 0 0 0 0 0 0 0 0 0 0 1 1 1 1 1 1 1 1 1 1 1 1 1 1 1 1 1 1 0 0 0 0 0 0 0 0 0 0 0 1 1 1 1 1 1 1 1 1 1 1 1 1 1 1 1 1 1 0 0 0 0 0 0 0 0 0 0 0 1 1 1 1 1 1 1 1 1 1 1 1 1 1 1 1 1 1 0 0 0 0 0 0 0 0 0 0 0 1 1 1 1 1 1 1 1 1 1 1 1 1 1 1 1 1 1 0 0 0 0 0 0 0 0 0 0 0 0 1 1 1 1 1 1 1 1 1 1 1 1 1 1 1 1 0 0 0 0 0 0 0 0 0 0 0 0 0 1 1 1 1 1 1 1 1 1 1 1 1 1 1 1 1 0 0 0 0 0 0 0 0 0 0 0 0 0 1 1 1 1 1 1 1 1 1 1 1 1 1 1 1 1 0 0 0 0 0 0 0 0 0 0 0 0 0 0 1 1 1 1 1 1 1 1 1 1 1 1 1 1 0 0 0 0 0 0 0 0 0 0 0 0 0 0 0 1 1 1 1 1 1 1 1 1 1 1 1 1 1 0 0 0 0 0 0 0 0 0 0 0 0 0 0 0 0 1 1 1 1 1 1 1 1 1 1 1 1 0 0 0 0 0 0 0 0 0 0 0 0 0 0 0 0 0 1 1 1 1 1 1 1 1 1 1 1 1 0 0 0 0 0 0 0 0 0 0 0 0 0 0 0 0 0 0 1 1 1 1 1 1 1 1 1 1 0 0 0 0 0 0 0 0 0 0 0 0 0 0 0 0 0 0 0 1 1 1 1 1 1 1 1 1 1 0 0 0 0 0 0 0 0 0 0 0 0 0 0 0 0 0 0 0 0 1 1 1 1 1 1 1 1 0 0 0 0 0 0 0 0 0 0 0 0 0 0 0 0 0 0 0 0 0 0 1 1 1 1 1 1 0 0 0 0 0 0 0 0 0 0 0 0 0 0 0 0 0 0 0 0 0 0 0 0 0 1 1 0 0 0 0 0 0 0 0 0 0 0 0 0 0 0 0 0 0 0 0 0 0 0 0 0 0 0 0 0 0 0 0 0 0 0 0 0 0 0 0 0 0
estimated_attenuation.size=2378
estimated_attenuation.data=0.00 0.00 0.00 0.00 0.00 0.00 0.00 0.00 0.00 0.00 0.00 0.00 0.00 0.00 0.00 0.00 0.00 0.00 0.00 0.00 0.00 0.00 0.00 0.00 0.00 0.00 0.00 0.00 0.00 0.00 0.00 0.00 0.00 0.00 0.00 0.00 0.00 0.00 0.00 0.00 0.00 0.00 0.00 0.00 0.00 0.00 0.00 0.00 0.00 0.00 0.00 0.00 0.00 0.00 0.00 0.00 0.00 0.00 0.00 0.00 0.00 0.00 0.00 0.00 0.00 0.00 0.00 0.00 0.00 0.00 0.00 0.00 0.00 0.00 0.00 0.00 0.00 0.00 0.00 0.00 0.00 0.00 0.00 0.00 0.00 0.00 0.00 0.00 0.00 0.00 0.00 0.00 0.00 0.00 0.00 0.00 0.00 0.00 0.00 0.00 0.00 0.00 0.00 0.00 0.00 0.00 0.00 0.00 0.00 0.00 0.00 0.00 0.00 0.00 0.00 0.00 0.00 0.00 0.00 0.00 0.00 0.00 0.00 0.00 0.00 0.00 0.00 0.01 0.01 0.00 0.00 0.00 0.00 0.00 0.00 0.00 0.00 0.00 0.00 0.00 0.00 0.00 0.00 0.00 0.00 0.00 0.00 0.00 0.00 0.00 0.00 0.00 0.00 0.00 0.00 0.00 0.01 0.01 0.01 0.00 0.01 0.00 0.01 0.00 0.00 0.00 0.00 0.00 0.00 0.00 0.00 0.00 0.00 0.00 0.00 0.00 0.00 0.00 0.00 0.00 0.00 0.00 0.00 0.01 0.01 0.01 0.01 0.01 0.01 0.01 0.01 0.01 0.00 0.00 0.00 0.00 0.00 0.00 0.00 0.00 0.00 0.00 0.00 0.00 0.00 0.00 0.00 0.00 0.00 0.00 0.00 0.01 0.01 0.01 0.01 0.01 0.01 0.01 0.01 0.01 0.01 0.00 0.00 0.00 0.00 0.00 0.00 0.00 0.00 0.00 0.00 0.00 0.00 0.00 0.00 0.00 0.00 0.00 0.00 0.00 0.01 0.01 0.01 0.01 0.02 0.01 0.01 0.01 0.01 0.01 0.00 0.00 0.00 0.00 0.00 0.00 0.00 0.00 0.00 0.00 0.00 0.00 0.00 0.00 0.00 0.00 0.00 0.00 0.01 0.01 0.01 0.01 0.01 0.02 0.01 0.01 0.01 0.01 0.01 0.01 0.00 0.01 0.00 0.00 0.00 0.00 0.00 0.00 0.00 0.00 0.00 0.00 0.00 0.00 0.00 0.00 0.00 0.01 0.02 0.01 0.01 0.02 0.02 0.01 0.02 0.02 0.01 0.01 0.01 0.01 0.01 0.00 0.00 0.00 0.00 0.00 0.00 0.00 0.00 0.00 0.00 0.00 0.00 0.00 0.00 0.01 0.01 0.02 0.01 0.02 0.02 0.02 0.02 0.02 0.02 0.01 0.01 0.01 0.01 0.01 0.01 0.00 0.00 0.00 0.00 0.00 0.00 0.00 0.00 0.00 0.00 0.00 0.00 0.00 0.01 0.01 0.02 0.02 0.02 0.02 0.03 0.02 0.02 0.02 0.01 0.01 0.01 0.01 0.01 0.01 0.00 0.00 0.00 0.00 0.00 0.00 0.00 0.00 0.00 0.00 0.00 0.00 0.00 0.01 0.02 0.03 0.02 0.02 0.03 0.03 0.03 0.02 0.02 0.02 0.01 0.01 0.01 0.01 0.01 0.01 0.00 0.00 0.00 0.00 0.00 0.00 0.00 0.00 0.00 0.00 0.00 0.01 0.02 0.02 0.03 0.02 0.03 0.03 0.04 0.03 0.03 0.03 0.02 0.01 0.01 0.01 0.01 0.01 0.01 0.01 0.00 0.00 0.00 0.00 0.00 0.00 0.00 0.00 0.00 0.00 0.01 0.02 0.02 0.03 0.02 0.03 0.03 0.04 0.03 0.03 0.03 0.03 0.02 0.01 0.01 0.01 0.01 0.01 0.01 0.00 0.00 0.00 0.00 0.00 0.00 0.00 0.00 0.00 0.00 0.01 0.02 0.03 0.04 0.03 0.03 0.03 0.05 0.04 0.03 0.04 0.03 0.02 0.01 0.01 0.01 0.01 0.01 0.01 0.01 0.00 0.00 0.00 0.00 0.00 0.00 0.00 0.00 0.00 0.01 0.02 0.03 0.04 0.03 0.03 0.04 0.05 0.04 0.03 0.04 0.03 0.02 0.02 0.01 0.01 0.01 0.01 0.01 0.01 0.00 0.00 0.00 0.00 0.00 0.00 0.00 0.00 0.01 0.02 0.02 0.03 0.04 0.03 0.03 0.04 0.05 0.04 0.04 0.04 0.04 0.02 0.02 0.02 0.02 0.01 0.01 0.01 0.01 0.00 0.00 0.00 0.00 0.00 0.00 0.00 0.00 0.01 0.03 0.03 0.04 0.04 0.03 0.04 0.04 0.05 0.04 0.04 0.05 0.04 0.03 0.02 0.02 0.02 0.02 0.01 0.01 0.01 0.01 0.00 0.00 0.00 0.00 0.00 0.00 0.00 0.01 0.03 0.03 0.04 0.05 0.04 0.04 0.04 0.05 0.05 0.04 0.05 0.05 0.03 0.02 0.02 0.02 0.02 0.02 0.01 0.01 0.01 0.00 0.00 0.00 0.00 0.00 0.00 0.00 0.02 0.03 0.03 0.04 0.05 0.04 0.05 0.05 0.06 0.05 0.05 0.06 0.05 0.03 0.02 0.02 0.02 0.02 0.02 0.01 0.01 0.01 0.00 0.00 0.00 0.00 0.00 0.00 0.00 0.02 0.04 0.04 0.04 0.05 0.04 0.05 0.05 0.06 0.05 0.05 0.06 0.05 0.04 0.02 0.02 0.02 0.02 0.02 0.02 0.01 0.01 0.00 0.00 0.00 0.00 0.00 0.00 0.01 0.02 0.04 0.04 0.05 0.05 0.05 0.05 0.06 0.07 0.05 0.05 0.06 0.06 0.04 0.02 0.02 0.02 0.02 0.02 0.02 0.01 0.01 0.00 0.00 0.00 0.00 0.00 0.00 0.01 0.02 0.04 0.04 0.05 0.06 0.05 0.05 0.06 0.07 0.06 0.06 0.07 0.06 0.04 0.02 0.02 0.02 0.02 0.02 0.02 0.01 0.01 0.00 0.00 0.00 0.00 0.00 0.00 0.01 0.03 0.04 0.04 0.06 0.06 0.05 0.06 0.06 0.08 0.06 0.06 0.07 0.06 0.05 0.02 0.02 0.02 0.02 0.02 0.02 0.01 0.01 0.00 0.00 0.00 0.00 0.00 0.00 0.01 0.03 0.05 0.05 0.06 0.06 0.06 0.06 0.06 0.08 0.06 0.07 0.07 0.06 0.05 0.03 0.02 0.02 0.02 0.02 0.02 0.02 0.01 0.01 0.00 0.00 0.00 0.00 0.00 0.01 0.03 0.05 0.05 0.06 0.07 0.06 0.06 0.07 0.08 0.06 0.07 0.08 0.06 0.06 0.03 0.02 0.02 0.03 0.02 0.02 0.02 0.01 0.01 0.00 0.00 0.00 0.00 0.00 0.01 0.04 0.05 0.05 0.07 0.07 0.07 0.07 0.07 0.09 0.07 0.07 0.08 0.07 0.06 0.03 0.02 0.03 0.03 0.02 0.02 0.02 0.02 0.01 0.00 0.00 0.00 0.00 0.00 0.01 0.04 0.05 0.06 0.07 0.07 0.08 0.07 0.07 0.09 0.07 0.08 0.08 0.07 0.06 0.03 0.03 0.03 0.03 0.02 0.02 0.02 0.02 0.01 0.00 0.00 0.00 0.00 0.00 0.01 0.04 0.06 0.06 0.08 0.07 0.09 0.08 0.08 0.10 0.07 0.09 0.09 0.08 0.06 0.03 0.03 0.03 0.03 0.03 0.02 0.02 0.02 0.01 0.00 0.00 0.00 0.00 0.00 0.01 0.05 0.06 0.06 0.08 0.08 0.09 0.08 0.08 0.10 0.08 0.09 0.09 0.08 0.06 0.03 0.03 0.03 0.03 0.03 0.02 0.02 0.02 0.01 0.00 0.00 0.00 0.00 0.00 0.02 0.05 0.06 0.07 0.08 0.08 0.09 0.08 0.08 0.11 0.08 0.09 0.10 0.08 0.06 0.03 0.03 0.03 0.03 0.03 0.03 0.02 0.02 0.01 0.01 0.00 0.00 0.00 0.00 0.02 0.05 0.07 0.07 0.09 0.09 0.10 0.09 0.09 0.11 0.09 0.10 0.11 0.09 0.07 0.03 0.03 0.03 0.03 0.03 0.03 0.02 0.03 0.01 0.01 0.00 0.00 0.00 0.01 0.02 0.05 0.07 0.08 0.09 0.10 0.10 0.10 0.09 0.12 0.09 0.10 0.11 0.09 0.07 0.03 0.03 0.03 0.03 0.03 0.03 0.02 0.03 0.01 0.01 0.00 0.00 0.00 0.01 0.02 0.05 0.08 0.08 0.09 0.10 0.10 0.10 0.09 0.12 0.09 0.10 0.11 0.10 0.07 0.04 0.04 0.03 0.03 0.03 0.03 0.03 0.03 0.02 0.01 0.00 0.00 0.00 0.01 0.02 0.05 0.08 0.09 0.10 0.10 0.11 0.11 0.10 0.12 0.10 0.11 0.12 0.10 0.07 0.04 0.04 0.03 0.03 0.03 0.03 0.03 0.03 0.02 0.01 0.00 0.00 0.00 0.01 0.02 0.05 0.08 0.09 0.10 0.11 0.12 0.11 0.10 0.13 0.10 0.11 0.12 0.10 0.07 0.04 0.04 0.04 0.04 0.03 0.03 0.03 0.03 0.02 0.01 0.00 0.00 0.00 0.01 0.02 0.05 0.08 0.10 0.10 0.11 0.12 0.11 0.11 0.13 0.11 0.11 0.13 0.10 0.07 0.04 0.04 0.04 0.04 0.04 0.04 0.03 0.03 0.02 0.01 0.00 0.00 0.00 0.01 0.02 0.05 0.08 0.10 0.11 0.11 0.12 0.13 0.11 0.14 0.11 0.12 0.13 0.10 0.07 0.04 0.04 0.04 0.04 0.04 0.04 0.03 0.03 0.02 0.01 0.00 0.00 0.00 0.01 0.02 0.06 0.08 0.10 0.11 0.11 0.13 0.13 0.12 0.14 0.11 0.12 0.13 0.10 0.07 0.04 0.04 0.04 0.04 0.04 0.04 0.03 0.03 0.02 0.01 0.00 0.00 0.00 0.01 0.03 0.06 0.08 0.10 0.11 0.12 0.13 0.13 0.12 0.14 0.12 0.12 0.13 0.10 0.07 0.04 0.04 0.04 0.04 0.04 0.04 0.03 0.04 0.02 0.01 0.00 0.00 0.00 0.01 0.03 0.06 0.08 0.10 0.11 0.12 0.14 0.14 0.12 0.15 0.12 0.12 0.14 0.10 0.07 0.05 0.04 0.04 0.04 0.04 0.04 0.03 0.04 0.02 0.02 0.00 0.00 0.00 0.02 0.03 0.06 0.08 0.10 0.11 0.12 0.15 0.15 0.13 0.15 0.12 0.13 0.14 0.11 0.08 0.05 0.05 0.04 0.04 0.04 0.04 0.03 0.04 0.02 0.02 0.00 0.00 0.00 0.02 0.03 0.06 0.09 0.10 0.12 0.13 0.15 0.15 0.13 0.15 0.12 0.13 0.14 0.11 0.08 0.05 0.05 0.04 0.04 0.04 0.04 0.04 0.04 0.02 0.00 0.00 0.00 0.00 0.00 0.03 0.06 0.09 0.11 0.12 0.13 0.15 0.15 0.13 0.15 0.12 0.13 0.14 0.11 0.08 0.05 0.05 0.05 0.05 0.04 0.05 0.04 0.04 0.03 0.00 0.00 0.00 0.00 0.00 0.03 0.06 0.09 0.11 0.12 0.13 0.15 0.15 0.13 0.15 0.13 0.13 0.14 0.11 0.08 0.05 0.05 0.05 0.05 0.05 0.05 0.04 0.04 0.03 0.00 0.00 0.00 0.00 0.00 0.03 0.06 0.09 0.11 0.12 0.13 0.15 0.16 0.13 0.15 0.13 0.13 0.14 0.11 0.08 0.06 0.05 0.05 0.05 0.05 0.05 0.04 0.04 0.03 0.00 0.00 0.00 0.00 0.00 0.03 0.06 0.09 0.11 0.12 0.13 0.15 0.16 0.13 0.16 0.13 0.13 0.14 0.11 0.08 0.06 0.05 0.05 0.05 0.05 0.05 0.04 0.05 0.03 0.00 0.00 0.00 0.00 0.00 0.03 0.07 0.09 0.11 0.12 0.13 0.16 0.16 0.14 0.16 0.13 0.13 0.14 0.11 0.08 0.06 0.05 0.05 0.05 0.05 0.05 0.04 0.05 0.03 0.00 0.00 0.00 0.00 0.00 0.03 0.07 0.09 0.11 0.12 0.13 0.16 0.16 0.14 0.16 0.13 0.13 0.15 0.11 0.08 0.06 0.05 0.05 0.05 0.05 0.05 0.04 0.05 0.03 0.00 0.00 0.00 0.00 0.00 0.03 0.07 0.09 0.11 0.12 0.13 0.16 0.16 0.14 0.16 0.13 0.13 0.15 0.11 0.09 0.06 0.05 0.05 0.05 0.05 0.05 0.05 0.05 0.03 0.00 0.00 0.00 0.00 0.00 0.04 0.07 0.09 0.11 0.12 0.13 0.16 0.16 0.14 0.16 0.13 0.14 0.15 0.12 0.09 0.06 0.06 0.05 0.05 0.05 0.05 0.05 0.05 0.03 0.00 0.00 0.00 0.00 0.00 0.04 0.07 0.10 0.11 0.13 0.13 0.16 0.16 0.14 0.16 0.13 0.14 0.15 0.12 0.09 0.06 0.06 0.06 0.06 0.05 0.05 0.05 0.05 0.03 0.00 0.00 0.00 0.00 0.00 0.00 0.07 0.10 0.12 0.13 0.14 0.16 0.16 0.14 0.17 0.14 0.14 0.15 0.12 0.09 0.06 0.06 0.06 0.06 0.06 0.05 0.05 0.05 0.00 0.00 0.00 0.00 0.00 0.00 0.00 0.07 0.10 0.12 0.13 0.14 0.16 0.17 0.14 0.17 0.14 0.14 0.15 0.12 0.09 0.07 0.06 0.06 0.06 0.06 0.06 0.05 0.05 0.00 0.00 0.00 0.00 0.00 0.00 0.00 0.07 0.10 0.12 0.13 0.14 0.16 0.17 0.14 0.17 0.14 0.14 0.15 0.12 0.09 0.07 0.06 0.06 0.06 0.06 0.06 0.05 0.06 0.00 0.00 0.00 0.00 0.00 0.00 0.00 0.08 0.10 0.12 0.13 0.14 0.17 0.17 0.15 0.17 0.14 0.14 0.15 0.12 0.09 0.07 0.07 0.06 0.06 0.06 0.06 0.05 0.06 0.00 0.00 0.00 0.00 0.00 0.00 0.00 0.08 0.10 0.12 0.13 0.14 0.17 0.17 0.15 0.17 0.14 0.14 0.16 0.12 0.09 0.07 0.07 0.06 0.06 0.06 0.06 0.06 0.06 0.00 0.00 0.00 0.00 0.00 0.00 0.00 0.08 0.10 0.12 0.13 0.14 0.17 0.17 0.15 0.17 0.15 0.14 0.16 0.13 0.10 0.07 0.07 0.06 0.06 0.06 0.06 0.06 0.06 0.00 0.00 0.00 0.00 0.00 0.00 0.00 0.00 0.11 0.13 0.13 0.14 0.17 0.17 0.15 0.17 0.15 0.14 0.16 0.13 0.10 0.07 0.07 0.06 0.07 0.07 0.06 0.06 0.00 0.00 0.00 0.00 0.00 0.00 0.00 0.00 0.00 0.11 0.13 0.14 0.14 0.17 0.18 0.15 0.18 0.15 0.14 0.16 0.13 0.10 0.07 0.07 0.07 0.07 0.07 0.07 0.06 0.00 0.00 0.00 0.00 0.00 0.00 0.00 0.00 0.00 0.11 0.13 0.14 0.15 0.17 0.18 0.15 0.18 0.15 0.15 0.16 0.13 0.10 0.07 0.07 0.07 0.07 0.07 0.07 0.06 0.00 0.00 0.00 0.00 0.00 0.00 0.00 0.00 0.00 0.11 0.13 0.14 0.15 0.17 0.18 0.15 0.18 0.15 0.15 0.17 0.13 0.10 0.08 0.07 0.07 0.07 0.07 0.07 0.06 0.00 0.00 0.00 0.00 0.00 0.00 0.00 0.00 0.00 0.11 0.13 0.14 0.15 0.17 0.18 0.16 0.18 0.15 0.15 0.17 0.13 0.11 0.08 0.08 0.07 0.07 0.07 0.07 0.06 0.00 0.00 0.00 0.00 0.00 0.00 0.00 0.00 0.00 0.00 0.13 0.14 0.15 0.18 0.18 0.16 0.18 0.15 0.15 0.17 0.13 0.11 0.08 0.08 0.07 0.07 0.08 0.07 0.00 0.00 0.00 0.00 0.00 0.00 0.00 0.00 0.00 0.00 0.00 0.13 0.14 0.15 0.18 0.18 0.16 0.18 0.15 0.15 0.17 0.14 0.11 0.08 0.08 0.07 0.07 0.08 0.07 0.00 0.00 0.00 0.00 0.00 0.00 0.00 0.00 0.00 0.00 0.00 0.14 0.14 0.15 0.18 0.19 0.16 0.18 0.16 0.15 0.17 0.14 0.11 0.08 0.08 0.07 0.08 0.08 0.07 0.00 0.00 0.00 0.00 0.00 0.00 0.00 0.00 0.00 0.00 0.00 0.14 0.14 0.15 0.18 0.19 0.16 0.18 0.16 0.15 0.17 0.14 0.11 0.08 0.08 0.08 0.08 0.08 0.08 0.00 0.00 0.00 0.00 0.00 0.00 0.00 0.00 0.00 0.00 0.00 0.00 0.15 0.15 0.18 0.19 0.16 0.19 0.16 0.15 0.17 0.14 0.12 0.09 0.08 0.08 0.08 0.08 0.00 0.00 0.00 0.00 0.00 0.00 0.00 0.00 0.00 0.00 0.00 0.00 0.00 0.15 0.16 0.19 0.19 0.16 0.19 0.16 0.16 0.17 0.14 0.12 0.09 0.08 0.08 0.08 0.08 0.00 0.00 0.00 0.00 0.00 0.00 0.00 0.00 0.00 0.00 0.00 0.00 0.00 0.15 0.16 0.19 0.19 0.17 0.19 0.16 0.16 0.18 0.14 0.13 0.09 0.08 0.08 0.08 0.09 0.00 0.00 0.00 0.00 0.00 0.00 0.00 0.00 0.00 0.00 0.00 0.00 0.00 0.00 0.16 0.19 0.19 0.17 0.19 0.16 0.16 0.18 0.14 0.13 0.09 0.08 0.08 0.08 0.00 0.00 0.00 0.00 0.00 0.00 0.00 0.00 0.00 0.00 0.00 0.00 0.00 0.00 0.00 0.16 0.19 0.19 0.17 0.20 0.17 0.16 0.18 0.14 0.13 0.09 0.09 0.08 0.09 0.00 0.00 0.00 0.00 0.00 0.00 0.00 0.00 0.00 0.00 0.00 0.00 0.00 0.00 0.00 0.00 0.19 0.19 0.17 0.20 0.17 0.16 0.18 0.14 0.13 0.09 0.09 0.08 0.00 0.00 0.00 0.00 0.00 0.00 0.00 0.00 0.00 0.00 0.00 0.00 0.00 0.00 0.00 0.00 0.00 0.19 0.19 0.17 0.20 0.17 0.16 0.18 0.15 0.13 0.09 0.09 0.09 0.00 0.00 0.00 0.00 0.00 0.00 0.00 0.00 0.00 0.00 0.00 0.00 0.00 0.00 0.00 0.00 0.00 0.00 0.20 0.17 0.20 0.17 0.16 0.18 0.15 0.13 0.10 0.09 0.00 0.00 0.00 0.00 0.00 0.00 0.00 0.00 0.00 0.00 0.00 0.00 0.00 0.00 0.00 0.00 0.00 0.00 0.00 0.20 0.17 0.20 0.17 0.17 0.18 0.15 0.14 0.10 0.09 0.00 0.00 0.00 0.00 0.00 0.00 0.00 0.00 0.00 0.00 0.00 0.00 0.00 0.00 0.00 0.00 0.00 0.00 0.00 0.00 0.17 0.20 0.18 0.17 0.19 0.15 0.14 0.10 0.00 0.00 0.00 0.00 0.00 0.00 0.00 0.00 0.00 0.00 0.00 0.00 0.00 0.00 0.00 0.00 0.00 0.00 0.00 0.00 0.00 0.00 0.20 0.18 0.17 0.19 0.15 0.14 0.00 0.00 0.00 0.00 0.00 0.00 0.00 0.00 0.00 0.00 0.00 0.00 0.00 0.00 0.00 0.00 0.00 0.00 0.00 0.00 0.00 0.00 0.00 0.00 0.00 0.17 0.19 0.00 0.00 0.00 0.00 0.00 0.00 0.00 0.00 0.00 0.00 0.00 0.00 0.00 0.00 0.00 0.00 0.00 0.00 0.00 0.00 0.00 0.00 0.00 0.00 0.00 0.00 0.00 0.00 0.00 0.00 0.00 0.00 0.00 0.00 0.00 0.00 0.00 0.00 0.00 0.00 0.00 0.00
height.size=2378
height.data=1303.24 1303.24 1303.24 1303.24 1303.24 1303.24 1303.24 1303.24 1303.24 1303.24 1303.24 1303.24 1303.24 1303.24 1303.24 1303.24 1303.24 1303.24 1303.24 1303.24 1303.24 1303.24 1303.24 1303.24 1303.24 1303.24 1303.24 1303.24 1303.24 1313.01 1313.01 1313.01 1313.01 1313.01 1313.01 1313.01 1313.01 1313.01 1313.01 1313.01 1313.01 1313.01 1313.01 1313.01 1313.01 1313.01 1313.01 1313.01 1313.01 1313.01 1313.01 1313.01 1313.01 1313.01 1313.01 1313.01 1313.01 1313.01 1322.78 1322.78 1322.78 1322.78 1322.78 1322.78 1322.78 1322.78 1322.78 1322.78 1322.78 1322.78 1322.78 1322.78 1322.78 1322.78 1322.78 1322.78 1322.78 1322.78 1322.78 1322.78 1322.78 1322.78 1322.78 1322.78 1322.78 1322.78 1322.78 1332.56 1332.56 1332.56 1332.56 1332.56 1332.56 1332.56 1332.56 1332.56 1332.56 1332.56 1332.56 1332.56 1332.56 1332.56 1332.56 1332.56 1332.56 1332.56 1332.56 1332.56 1332.56 1332.56 1332.56 1332.56 1332.56 1332.56 1332.56 1332.56 1342.35 1342.35 1342.35 1342.35 1342.35 1342.35 1342.35 1342.35 1342.35 1342.35 1342.35 1342.35 1342.35 1342.35 1342.35 1342.35 1342.35 1342.35 1342.35 1342.35 1342.35 1342.35 1342.35 1342.35 1342.35 1342.35 1342.35 1342.35 1342.35 1352.14 1352.14 1352.14 1352.14 1352.14 1352.14 1352.14 1352.14 1352.14 1352.14 1352.14 1352.14 1352.14 1352.14 1352.14 1352.14 1352.14 1352.14 1352.14 1352.14 1352.14 1352.14 1352.14 1352.14 1352.14 1352.14 1352.14 1352.14 1352.14 1361.94 1361.94 1361.94 1361.94 1361.94 1361.94 1361.94 1361.94 1361.94 1361.94 1361.94 1361.94 1361.94 1361.94 1361.94 1361.94 1361.94 1361.94 1361.94 1361.94 1361.94 1361.94 1361.94 1361.94 1361.94 1361.94 1361.94 1361.94 1361.94 1371.75 1371.75 1371.75 1371.75 1371.75 1371.75 1371.75 1371.75 1371.75 1371.75 1371.75 1371.75 1371.75 1371.75 1371.75 1371.75 1371.75 1371.75 1371.75 1371.75 1371.75 1371.75 1371.75 1371.75 1371.75 1371.75 1371.75 1371.75 1371.75 1381.57 1381.57 1381.57 1381.57 1381.57 1381.57 1381.57 1381.57 1381.57 1381.57 1381.57 1381.57 1381.57 1381.57 1381.57 1381.57 1381.57 1381.57 1381.57 1381.57 1381.57 1381.57 1381.57 1381.57 1381.57 1381.57 1381.57 1381.57 1381.57 1391.39 1391.39 1391.39 1391.39 1391.39 1391.39 1391.39 1391.39 1391.39 1391.39 1391.39 1391.39 1391.39 1391.39 1391.39 1391.39 1391.39 1391.39 1391.39 1391.39 1391.39 1391.39 1391.39 1391.39 1391.39 1391.39 1391.39 1391.39 1391.39 1401.22 1401.22 1401.22 1401.22 1401.22 1401.22 1401.22 1401.22 1401.22 1401.22 1401.22 1401.22 1401.22 1401.22 1401.22 1401.22 1401.22 1401.22 1401.22 1401.22 1401.22 1401.22 1401.22 1401.22 1401.22 1401.22 1401.22 1401.22 1401.22 1411.06 1411.06 1411.06 1411.06 1411.06 1411.06 1411.06 1411.06 1411.06 1411.06 1411.06 1411.06 1411.06 1411.06 1411.06 1411.06 1411.06 1411.06 1411.06 1411.06 1411.06 1411.06 1411.06 1411.06 1411.06 1411.06 1411.06 1411.06 1411.06 1420.90 1420.90 1420.90 1420.90 1420.90 1420.90 1420.90 1420.90 1420.90 1420.90 1420.90 1420.90 1420.90 1420.90 1420.90 1420.90 1420.90 1420.90 1420.90 1420.90 1420.90 1420.90 1420.90 1420.90 1420.90 1420.90 1420.90 1420.90 1420.90 1430.76 1430.76 1430.76 1430.76 1430.76 1430.76 1430.76 1430.76 1430.76 1430.76 1430.76 1430.76 1430.76 1430.76 1430.76 1430.76 1430.76 1430.76 1430.76 1430.76 1430.76 1430.76 1430.76 1430.76 1430.76 1430.76 1430.76 1430.76 1430.76 1440.62 1440.62 1440.62 1440.62 1440.62 1440.62 1440.62 1440.62 1440.62 1440.62 1440.62 1440.62 1440.62 1440.62 1440.62 1440.62 1440.62 1440.62 1440.62 1440.62 1440.62 1440.62 1440.62 1440.62 1440.62 1440.62 1440.62 1440.62 1440.62 1450.48 1450.48 1450.48 1450.48 1450.48 1450.48 1450.48 1450.48 1450.48 1450.48 1450.48 1450.48 1450.48 1450.48 1450.48 1450.48 1450.48 1450.48 1450.48 1450.48 1450.48 1450.48 1450.48 1450.48 1450.48 1450.48 1450.48 1450.48 1450.48 1460.36 1460.36 1460.36 1460.36 1460.36 1460.36 1460.36 1460.36 1460.36 1460.36 1460.36 1460.36 1460.36 1460.36 1460.36 1460.36 1460.36 1460.36 1460.36 1460.36 1460.36 1460.36 1460.36 1460.36 1460.36 1460.36 1460.36 1460.36 1460.36 1470.24 1470.24 1470.24 1470.24 1470.24 1470.24 1470.24 1470.24 1470.24 1470.24 1470.24 1470.24 1470.24 1470.24 1470.24 1470.24 1470.24 1470.24 1470.24 1470.24 1470.24 1470.24 1470.24 1470.24 1470.24 1470.24 1470.24 1470.24 1470.24 1480.13 1480.13 1480.13 1480.13 1480.13 1480.13 1480.13 1480.13 1480.13 1480.13 1480.13 1480.13 1480.13 1480.13 1480.13 1480.13 1480.13 1480.13 1480.13 1480.13 1480.13 1480.13 1480.13 1480.13 1480.13 1480.13 1480.13 1480.13 1480.13 1490.03 1490.03 1490.03 1490.03 1490.03 1490.03 1490.03 1490.03 1490.03 1490.03 1490.03 1490.03 1490.03 1490.03 1490.03 1490.03 1490.03 1490.03 1490.03 1490.03 1490.03 1490.03 1490.03 1490.03 1490.03 1490.03 1490.03 1490.03 1490.03 1499.93 1499.93 1499.93 1499.93 1499.93 1499.93 1499.93 1499.93 1499.93 1499.93 1499.93 1499.93 1499.93 1499.93 1499.93 1499.93 1499.93 1499.93 1499.93 1499.93 1499.93 1499.93 1499.93 1499.93 1499.93 1499.93 1499.93 1499.93 1499.93 1509.84 1509.84 1509.84 1509.84 1509.84 1509.84 1509.84 1509.84 1509.84 1509.84 1509.84 1509.84 1509.84 1509.84 1509.84 1509.84 1509.84 1509.84 1509.84 1509.84 1509.84 1509.84 1509.84 1509.84 1509.84 1509.84 1509.84 1509.84 1509.84 1519.76 1519.76 1519.76 1519.76 1519.76 1519.76 1519.76 1519.76 1519.76 1519.76 1519.76 1519.76 1519.76 1519.76 1519.76 1519.76 1519.76 1519.76 1519.76 1519.76 1519.76 1519.76 1519.76 1519.76 1519.76 1519.76 1519.76 1519.76 1519.76 1529.69 1529.69 1529.69 1529.69 1529.69 1529.69 1529.69 1529.69 1529.69 1529.69 1529.69 1529.69 1529.69 1529.69 1529.69 1529.69 1529.69 1529.69 1529.69 1529.69 1529.69 1529.69 1529.69 1529.69 1529.69 1529.69 1529.69 1529.69 1529.69 1539.62 1539.62 1539.62 1539.62 1539.62 1539.62 1539.62 1539.62 1539.62 1539.62 1539.62 1539.62 1539.62 1539.62 1539.62 1539.62 1539.62 1539.62 1539.62 1539.62 1539.62 1539.62 1539.62 1539.62 1539.62 1539.62 1539.62 1539.62 1539.62 1549.56 1549.56 1549.56 1549.56 1549.56 1549.56 1549.56 1549.56 1549.56 1549.56 1549.56 1549.56 1549.56 1549.56 1549.56 1549.56 1549.56 1549.56 1549.56 1549.56 1549.56 1549.56 1549.56 1549.56 1549.56 1549.56 1549.56 1549.56 1549.56 1559.51 1559.51 1559.51 1559.51 1559.51 1559.51 1559.51 1559.51 1559.51 1559.51 1559.51 1559.51 1559.51 1559.51 1559.51 1559.51 1559.51 1559.51 1559.51 1559.51 1559.51 1559.51 1559.51 1559.51 1559.51 1559.51 1559.51 1559.51 1559.51 1569.46 1569.46 1569.46 1569.46 1569.46 1569.46 1569.46 1569.46 1569.46 1569.46 1569.46 1569.46 1569.46 1569.46 1569.46 1569.46 1569.46 1569.46 1569.46 1569.46 1569.46 1569.46 1569.46 1569.46 1569.46 1569.46 1569.46 1569.46 1569.46 1579.43 1579.43 1579.43 1579.43 1579.43 1579.43 1579.43 1579.43 1579.43 1579.43 1579.43 1579.43 1579.43 1579.43 1579.43 1579.43 1579.43 1579.43 1579.43 1579.43 1579.43 1579.43 1579.43 1579.43 1579.43 1579.43 1579.43 1579.43 1579.43 1589.40 1589.40 1589.40 1589.40 1589.40 1589.40 1589.40 1589.40 1589.40 1589.40 1589.40 1589.40 1589.40 1589.40 1589.40 1589.40 1589.40 1589.40 1589.40 1589.40 1589.40 1589.40 1589.40 1589.40 1589.40 1589.40 1589.40 1589.40 1589.40 1599.37 1599.37 1599.37 1599.37 1599.37 1599.37 1599.37 1599.37 1599.37 1599.37 1599.37 1599.37 1599.37 1599.37 1599.37 1599.37 1599.37 1599.37 1599.37 1599.37 1599.37 1599.37 1599.37 1599.37 1599.37 1599.37 1599.37 1599.37 1599.37 1609.36 1609.36 1609.36 1609.36 1609.36 1609.36 1609.36 1609.36 1609.36 1609.36 1609.36 1609.36 1609.36 1609.36 1609.36 1609.36 1609.36 1609.36 1609.36 1609.36 1609.36 1609.36 1609.36 1609.36 1609.36 1609.36 1609.36 1609.36 1609.36 1619.35 1619.35 1619.35 1619.35 1619.35 1619.35 1619.35 1619.35 1619.35 1619.35 1619.35 1619.35 1619.35 1619.35 1619.35 1619.35 1619.35 1619.35 1619.35 1619.35 1619.35 1619.35 1619.35 1619.35 1619.35 1619.35 1619.35 1619.35 1619.35 1629.35 1629.35 1629.35 1629.35 1629.35 1629.35 1629.35 1629.35 1629.35 1629.35 1629.35 1629.35 1629.35 1629.35 1629.35 1629.35 1629.35 1629.35 1629.35 1629.35 1629.35 1629.35 1629.35 1629.35 1629.35 1629.35 1629.35 1629.35 1629.35 1639.36 1639.36 1639.36 1639.36 1639.36 1639.36 1639.36 1639.36 1639.36 1639.36 1639.36 1639.36 1639.36 1639.36 1639.36 1639.36 1639.36 1639.36 1639.36 1639.36 1639.36 1639.36 1639.36 1639.36 1639.36 1639.36 1639.36 1639.36 1639.36 1649.37 1649.37 1649.37 1649.37 1649.37 1649.37 1649.37 1649.37 1649.37 1649.37 1649.37 1649.37 1649.37 1649.37 1649.37 1649.37 1649.37 1649.37 1649.37 1649.37 1649.37 1649.37 1649.37 1649.37 1649.37 1649.37 1649.37 1649.37 1649.37 1659.39 1659.39 1659.39 1659.39 1659.39 1659.39 1659.39 1659.39 1659.39 1659.39 1659.39 1659.39 1659.39 1659.39 1659.39 1659.39 1659.39 1659.39 1659.39 1659.39 1659.39 1659.39 1659.39 1659.39 1659.39 1659.39 1659.39 1659.39 1659.39 1669.42 1669.42 1669.42 1669.42 1669.42 1669.42 1669.42 1669.42 1669.42 1669.42 1669.42 1669.42 1669.42 1669.42 1669.42 1669.42 1669.42 1669.42 1669.42 1669.42 1669.42 1669.42 1669.42 1669.42 1669.42 1669.42 1669.42 1669.42 1669.42 1679.46 1679.46 1679.46 1679.46 1679.46 1679.46 1679.46 1679.46 1679.46 1679.46 1679.46 1679.46 1679.46 1679.46 1679.46 1679.46 1679.46 1679.46 1679.46 1679.46 1679.46 1679.46 1679.46 1679.46 1679.46 1679.46 1679.46 1679.46 1679.46 1689.50 1689.50 1689.50 1689.50 1689.50 1689.50 1689.50 1689.50 1689.50 1689.50 1689.50 1689.50 1689.50 1689.50 1689.50 1689.50 1689.50 1689.50 1689.50 1689.50 1689.50 1689.50 1689.50 1689.50 1689.50 1689.50 1689.50 1689.50 1689.50 1699.55 1699.55 1699.55 1699.55 1699.55 1699.55 1699.55 1699.55 1699.55 1699.55 1699.55 1699.55 1699.55 1699.55 1699.55 1699.55 1699.55 1699.55 1699.55 1699.55 1699.55 1699.55 1699.55 1699.55 1699.55 1699.55 1699.55 1699.55 1699.55 1709.61 1709.61 1709.61 1709.61 1709.61 1709.61 1709.61 1709.61 1709.61 1709.61 1709.61 1709.61 1709.61 1709.61 1709.61 1709.61 1709.61 1709.61 1709.61 1709.61 1709.61 1709.61 1709.61 1709.61 1709.61 1709.61 1709.61 1709.61 1709.61 1719.68 1719.68 1719.68 1719.68 1719.68 1719.68 1719.68 1719.68 1719.68 1719.68 1719.68 1719.68 1719.68 1719.68 1719.68 1719.68 1719.68 1719.68 1719.68 1719.68 1719.68 1719.68 1719.68 1719.68 1719.68 1719.68 1719.68 1719.68 1719.68 1729.75 1729.75 1729.75 1729.75 1729.75 1729.75 1729.75 1729.75 1729.75 1729.75 1729.75 1729.75 1729.75 1729.75 1729.75 1729.75 1729.75 1729.75 1729.75 1729.75 1729.75 1729.75 1729.75 1729.75 1729.75 1729.75 1729.75 1729.75 1729.75 1739.83 1739.83 1739.83 1739.83 1739.83 1739.83 1739.83 1739.83 1739.83 1739.83 1739.83 1739.83 1739.83 1739.83 1739.83 1739.83 1739.83 1739.83 1739.83 1739.83 1739.83 1739.83 1739.83 1739.83 1739.83 1739.83 1739.83 1739.83 1739.83 1749.92 1749.92 1749.92 1749.92 1749.92 1749.92 1749.92 1749.92 1749.92 1749.92 1749.92 1749.92 1749.92 1749.92 1749.92 1749.92 1749.92 1749.92 1749.92 1749.92 1749.92 1749.92 1749.92 1749.92 1749.92 1749.92 1749.92 1749.92 1749.92 1760.01 1760.01 1760.01 1760.01 1760.01 1760.01 1760.01 1760.01 1760.01 1760.01 1760.01 1760.01 1760.01 1760.01 1760.01 1760.01 1760.01 1760.01 1760.01 1760.01 1760.01 1760.01 1760.01 1760.01 1760.01 1760.01 1760.01 1760.01 1760.01 1770.11 1770.11 1770.11 1770.11 1770.11 1770.11 1770.11 1770.11 1770.11 1770.11 1770.11 1770.11 1770.11 1770.11 1770.11 1770.11 1770.11 1770.11 1770.11 1770.11 1770.11 1770.11 1770.11 1770.11 1770.11 1770.11 1770.11 1770.11 1770.11 1780.22 1780.22 1780.22 1780.22 1780.22 1780.22 1780.22 1780.22 1780.22 1780.22 1780.22 1780.22 1780.22 1780.22 1780.22 1780.22 1780.22 1780.22 1780.22 1780.22 1780.22 1780.22 1780.22 1780.22 1780.22 1780.22 1780.22 1780.22 1780.22 1790.34 1790.34 1790.34 1790.34 1790.34 1790.34 1790.34 1790.34 1790.34 1790.34 1790.34 1790.34 1790.34 1790.34 1790.34 1790.34 1790.34 1790.34 1790.34 1790.34 1790.34 1790.34 1790.34 1790.34 1790.34 1790.34 1790.34 1790.34 1790.34 1800.47 1800.47 1800.47 1800.47 1800.47 1800.47 1800.47 1800.47 1800.47 1800.47 1800.47 1800.47 1800.47 1800.47 1800.47 1800.47 1800.47 1800.47 1800.47 1800.47 1800.47 1800.47 1800.47 1800.47 1800.47 1800.47 1800.47 1800.47 1800.47 1810.60 1810.60 1810.60 1810.60 1810.60 1810.60 1810.60 1810.60 1810.60 1810.60 1810.60 1810.60 1810.60 1810.60 1810.60 1810.60 1810.60 1810.60 1810.60 1810.60 1810.60 1810.60 1810.60 1810.60 1810.60 1810.60 1810.60 1810.60 1810.60 1820.74 1820.74 1820.74 1820.74 1820.74 1820.74 1820.74 1820.74 1820.74 1820.74 1820.74 1820.74 1820.74 1820.74 1820.74 1820.74 1820.74 1820.74 1820.74 1820.74 1820.74 1820.74 1820.74 1820.74 1820.74 1820.74 1820.74 1820.74 1820.74 1830.88 1830.88 1830.88 1830.88 1830.88 1830.88 1830.88 1830.88 1830.88 1830.88 1830.88 1830.88 1830.88 1830.88 1830.88 1830.88 1830.88 1830.88 1830.88 1830.88 1830.88 1830.88 1830.88 1830.88 1830.88 1830.88 1830.88 1830.88 1830.88 1841.04 1841.04 1841.04 1841.04 1841.04 1841.04 1841.04 1841.04 1841.04 1841.04 1841.04 1841.04 1841.04 1841.04 1841.04 1841.04 1841.04 1841.04 1841.04 1841.04 1841.04 1841.04 1841.04 1841.04 1841.04 1841.04 1841.04 1841.04 1841.04 1851.20 1851.20 1851.20 1851.20 1851.20 1851.20 1851.20 1851.20 1851.20 1851.20 1851.20 1851.20 1851.20 1851.20 1851.20 1851.20 1851.20 1851.20 1851.20 1851.20 1851.20 1851.20 1851.20 1851.20 1851.20 1851.20 1851.20 1851.20 1851.20 1861.37 1861.37 1861.37 1861.37 1861.37 1861.37 1861.37 1861.37 1861.37 1861.37 1861.37 1861.37 1861.37 1861.37 1861.37 1861.37 1861.37 1861.37 1861.37 1861.37 1861.37 1861.37 1861.37 1861.37 1861.37 1861.37 1861.37 1861.37 1861.37 1871.54 1871.54 1871.54 1871.54 1871.54 1871.54 1871.54 1871.54 1871.54 1871.54 1871.54 1871.54 1871.54 1871.54 1871.54 1871.54 1871.54 1871.54 1871.54 1871.54 1871.54 1871.54 1871.54 1871.54 1871.54 1871.54 1871.54 1871.54 1871.54 1881.72 1881.72 1881.72 1881.72 1881.72 1881.72 1881.72 1881.72 1881.72 1881.72 1881.72 1881.72 1881.72 1881.72 1881.72 1881.72 1881.72 1881.72 1881.72 1881.72 1881.72 1881.72 1881.72 1881.72 1881.72 1881.72 1881.72 1881.72 1881.72 1891.91 1891.91 1891.91 1891.91 1891.91 1891.91 1891.91 1891.91 1891.91 1891.91 1891.91 1891.91 1891.91 1891.91 1891.91 1891.91 1891.91 1891.91 1891.91 1891.91 1891.91 1891.91 1891.91 1891.91 1891.91 1891.91 1891.91 1891.91 1891.91 1902.11 1902.11 1902.11 1902.11 1902.11 1902.11 1902.11 1902.11 1902.11 1902.11 1902.11 1902.11 1902.11 1902.11 1902.11 1902.11 1902.11 1902.11 1902.11 1902.11 1902.11 1902.11 1902.11 1902.11 1902.11 1902.11 1902.11 1902.11 1902.11 1912.32 1912.32 1912.32 1912.32 1912.32 1912.32 1912.32 1912.32 1912.32 1912.32 1912.32 1912.32 1912.32 1912.32 1912.32 1912.32 1912.32 1912.32 1912.32 1912.32 1912.32 1912.32 1912.32 1912.32 1912.32 1912.32 1912.32 1912.32 1912.32 1922.53 1922.53 1922.53 1922.53 1922.53 1922.53 1922.53 1922.53 1922.53 1922.53 1922.53 1922.53 1922.53 1922.53 1922.53 1922.53 1922.53 1922.53 1922.53 1922.53 1922.53 1922.53 1922.53 1922.53 1922.53 1922.53 1922.53 1922.53 1922.53 1932.75 1932.75 1932.75 1932.75 1932.75 1932.75 1932.75 1932.75 1932.75 1932.75 1932.75 1932.75 1932.75 1932.75 1932.75 1932.75 1932.75 1932.75 1932.75 1932.75 1932.75 1932.75 1932.75 1932.75 1932.75 1932.75 1932.75 1932.75 1932.75 1942.98 1942.98 1942.98 1942.98 1942.98 1942.98 1942.98 1942.98 1942.98 1942.98 1942.98 1942.98 1942.98 1942.98 1942.98 1942.98 1942.98 1942.98 1942.98 1942.98 1942.98 1942.98 1942.98 1942.98 1942.98 1942.98 1942.98 1942.98 1942.98 1953.21 1953.21 1953.21 1953.21 1953.21 1953.21 1953.21 1953.21 1953.21 1953.21 1953.21 1953.21 1953.21 1953.21 1953.21 1953.21 1953.21 1953.21 1953.21 1953.21 1953.21 1953.21 1953.21 1953.21 1953.21 1953.21 1953.21 1953.21 1953.21 1963.45 1963.45 1963.45 1963.45 1963.45 1963.45 1963.45 1963.45 1963.45 1963.45 1963.45 1963.45 1963.45 1963.45 1963.45 1963.45 1963.45 1963.45 1963.45 1963.45 1963.45 1963.45 1963.45 1963.45 1963.45 1963.45 1963.45 1963.45 1963.45 1973.70 1973.70 1973.70 1973.70 1973.70 1973.70 1973.70 1973.70 1973.70 1973.70 1973.70 1973.70 1973.70 1973.70 1973.70 1973.70 1973.70 1973.70 1973.70 1973.70 1973.70 1973.70 1973.70 1973.70 1973.70 1973.70 1973.70 1973.70 1973.70 1983.96 1983.96 1983.96 1983.96 1983.96 1983.96 1983.96 1983.96 1983.96 1983.96 1983.96 1983.96 1983.96 1983.96 1983.96 1983.96 1983.96 1983.96 1983.96 1983.96 1983.96 1983.96 1983.96 1983.96 1983.96 1983.96 1983.96 1983.96 1983.96 1994.22 1994.22 1994.22 1994.22 1994.22 1994.22 1994.22 1994.22 1994.22 1994.22 1994.22 1994.22 1994.22 1994.22 1994.22 1994.22 1994.22 1994.22 1994.22 1994.22 1994.22 1994.22 1994.22 1994.22 1994.22 1994.22 1994.22 1994.22 1994.22 2004.49 2004.49 2004.49 2004.49 2004.49 2004.49 2004.49 2004.49 2004.49 2004.49 2004.49 2004.49 2004.49 2004.49 2004.49 2004.49 2004.49 2004.49 2004.49 2004.49 2004.49 2004.49 2004.49 2004.49 2004.49 2004.49 2004.49 2004.49 2004.49 2014.77 2014.77 2014.77 2014.77 2014.77 2014.77 2014.77 2014.77 2014.77 2014.77 2014.77 2014.77 2014.77 2014.77 2014.77 2014.77 2014.77 2014.77 2014.77 2014.77 2014.77 2014.77 2014.77 2014.77 2014.77 2014.77 2014.77 2014.77 2014.77 2025.06 2025.06 2025.06 2025.06 2025.06 2025.06 2025.06 2025.06 2025.06 2025.06 2025.06 2025.06 2025.06 2025.06 2025.06 2025.06 2025.06 2025.06 2025.06 2025.06 2025.06 2025.06 2025.06 2025.06 2025.06 2025.06 2025.06 2025.06 2025.06 2035.35 2035.35 2035.35 2035.35 2035.35 2035.35 2035.35 2035.35 2035.35 2035.35 2035.35 2035.35 2035.35 2035.35 2035.35 2035.35 2035.35 2035.35 2035.35 2035.35 2035.35 2035.35 2035.35 2035.35 2035.35 2035.35 2035.35 2035.35 2035.35 2045.65 2045.65 2045.65 2045.65 2045.65 2045.65 2045.65 2045.65 2045.65 2045.65 2045.65 2045.65 2045.65 2045.65 2045.65 2045.65 2045.65 2045.65 2045.65 2045.65 2045.65 2045.65 2045.65 2045.65 2045.65 2045.65 2045.65 2045.65 2045.65 2055.96 2055.96 2055.96 2055.96 2055.96 2055.96 2055.96 2055.96 2055.96 2055.96 2055.96 2055.96 2055.96 2055.96 2055.96 2055.96 2055.96 2055.96 2055.96 2055.96 2055.96 2055.96 2055.96 2055.96 2055.96 2055.96 2055.96 2055.96 2055.96 2066.28 2066.28 2066.28 2066.28 2066.28 2066.28 2066.28 2066.28 2066.28 2066.28 2066.28 2066.28 2066.28 2066.28 2066.28 2066.28 2066.28 2066.28 2066.28 2066.28 2066.28 2066.28 2066.28 2066.28 2066.28 2066.28 2066.28 2066.28 2066.28 2076.60 2076.60 2076.60 2076.60 2076.60 2076.60 2076.60 2076.60 2076.60 2076.60 2076.60 2076.60 2076.60 2076.60 2076.60 2076.60 2076.60 2076.60 2076.60 2076.60 2076.60 2076.60 2076.60 2076.60 2076.60 2076.60 2076.60 2076.60 2076.60 2086.93 2086.93 2086.93 2086.93 2086.93 2086.93 2086.93 2086.93 2086.93 2086.93 2086.93 2086.93 2086.93 2086.93 2086.93 2086.93 2086.93 2086.93 2086.93 2086.93 2086.93 2086.93 2086.93 2086.93 2086.93 2086.93 2086.93 2086.93 2086.93 2097.27 2097.27 2097.27 2097.27 2097.27 2097.27 2097.27 2097.27 2097.27 2097.27 2097.27 2097.27 2097.27 2097.27 2097.27 2097.27 2097.27 2097.27 2097.27 2097.27 2097.27 2097.27 2097.27 2097.27 2097.27 2097.27 2097.27 2097.27 2097.27 2107.61 2107.61 2107.61 2107.61 2107.61 2107.61 2107.61 2107.61 2107.61 2107.61 2107.61 2107.61 2107.61 2107.61 2107.61 2107.61 2107.61 2107.61 2107.61 2107.61 2107.61 2107.61 2107.61 2107.61 2107.61 2107.61 2107.61 2107.61 2107.61 2117.96 2117.96 2117.96 2117.96 2117.96 2117.96 2117.96 2117.96 2117.96 2117.96 2117.96 2117.96 2117.96 2117.96 2117.96 2117.96 2117.96 2117.96 2117.96 2117.96 2117.96 2117.96 2117.96 2117.96 2117.96 2117.96 2117.96 2117.96 2117.96
=== END RADAR_SCAN ===

=== BEGIN RADAR_SCAN ===
scan.index=5
scan.time=176.330000
radar.id=0
radar.frequency=C
radar.scanning_mode=PPI
radar.x=0.000
radar.y=0.000
radar.z=25.000
radar.maximum_range=250000.000
radar.range_resolution=250.000
radar.angular_resolution=1.000000
box.radar_id=0
box.min_range_gate=140.000
box.max_range_gate=221.000
box.min_angle=131.000000
box.max_angle=161.000000
box.num_ranges=82
box.num_angles=30
box.range_resolution=250.000
box.angular_resolution=1.000000
box.other_angle=0.800000
grid.size=2460
grid.data=0.00 0.00 0.00 0.00 0.00 0.00 0.00 0.00 0.00 0.00 0.00 0.00 0.00 0.00 0.00 0.00 0.00 0.00 0.00 0.00 0.00 0.00 0.00 0.00 0.00 0.00 0.00 0.00 0.00 0.00 0.00 0.00 0.00 0.00 0.00 0.00 0.00 0.00 0.00 0.00 0.00 0.00 0.00 0.00 0.00 29.61 27.74 0.00 0.00 0.00 0.00 0.00 0.00 0.00 0.00 0.00 0.00 0.00 0.00 0.00 0.00 0.00 0.00 0.00 0.00 0.00 0.00 0.00 0.00 0.00 0.00 0.00 0.00 28.45 23.72 25.79 25.95 28.63 27.05 0.00 0.00 0.00 0.00 0.00 0.00 0.00 0.00 0.00 0.00 0.00 0.00 0.00 0.00 0.00 0.00 0.00 0.00 0.00 0.00 0.00 0.00 26.83 25.46 29.63 26.78 21.90 27.12 28.45 27.93 28.07 0.00 0.00 0.00 0.00 0.00 0.00 0.00 0.00 0.00 0.00 0.00 0.00 0.00 0.00 0.00 0.00 0.00 0.00 0.00 0.00 26.11 25.79 31.26 24.86 25.19 24.91 28.59 27.81 29.19 27.70 24.46 0.00 0.00 0.00 0.00 0.00 0.00 0.00 0.00 0.00 0.00 0.00 0.00 0.00 0.00 0.00 0.00 0.00 0.00 0.00 27.05 31.52 32.80 34.94 27.26 25.34 28.35 24.61 26.27 27.86 26.15 27.74 0.00 0.00 0.00 0.00 0.00 0.00 0.00 0.00 0.00 0.00 0.00 0.00 0.00 0.00 0.00 0.00 0.00 29.84 33.88 34.34 32.56 28.89 32.33 27.62 24.66 29.14 30.09 28.41 30.88 26.61 23.76 0.00 0.00 0.00 0.00 0.00 0.00 0.00 0.00 0.00 0.00 0.00 0.00 0.00 0.00 0.00 23.83 32.84 34.37 28.70 30.08 32.43 31.48 32.70 25.96 25.23 21.43 26.33 25.87 29.55 29.73 0.00 0.00 0.00 0.00 0.00 0.00 0.00 0.00 0.00 0.00 0.00 0.00 0.00 0.00 0.00 27.02 27.10 36.25 29.13 30.00 30.45 30.84 28.54 24.36 30.23 25.38 25.74 24.99 29.59 27.44 28.22 0.00 0.00 0.00 0.00 0.00 0.00 0.00 0.00 0.00 0.00 0.00 0.00 0.00 0.00 31.00 30.09 31.60 32.38 31.58 30.31 30.58 29.64 32.27 27.45 34.92 25.11 26.24 26.21 26.35 29.59 0.00 0.00 0.00 0.00 0.00 0.00 0.00 0.00 0.00 0.00 0.00 0.00 0.00 30.70 28.55 32.66 27.96 32.08 27.51 29.93 30.79 31.71 30.64 28.52 29.34 29.08 25.41 31.35 25.66 29.25 28.05 0.00 0.00 0.00 0.00 0.00 0.00 0.00 0.00 0.00 0.00 0.00 0.00 29.63 29.72 30.36 35.12 33.70 32.41 29.53 30.54 32.02 31.47 26.86 26.00 25.20 25.08 26.70 25.62 26.59 21.44 0.00 0.00 0.00 0.00 0.00 0.00 0.00 0.00 0.00 0.00 0.00 30.40 27.03 29.87 31.84 32.39 32.16 31.23 31.66 33.22 30.54 30.26 29.30 26.96 30.00 24.52 22.68 24.50 28.31 26.55 27.75 0.00 0.00 0.00 0.00 0.00 0.00 0.00 0.00 0.00 0.00 29.66 30.56 31.19 29.73 32.11 35.61 29.82 33.02 26.47 28.40 29.84 27.42 26.20 26.24 26.34 27.79 30.54 30.56 27.85 28.31 0.00 0.00 0.00 0.00 0.00 0.00 0.00 0.00 0.00 0.00 37.98 31.00 31.96 26.76 35.32 29.23 28.19 33.87 29.22 36.33 33.47 34.05 27.50 28.61 29.38 26.63 27.55 26.47 28.94 27.88 0.00 0.00 0.00 0.00 0.00 0.00 0.00 0.00 0.00 28.22 33.66 31.04 29.89 29.53 26.30 32.19 25.88 33.47 31.47 33.42 29.44 31.66 26.27 24.12 25.16 27.23 28.61 25.65 27.67 23.90 0.00 0.00 0.00 0.00 0.00 0.00 0.00 0.00 0.00 24.81 31.99 30.45 28.89 29.85 31.46 27.44 33.34 30.32 30.75 31.71 31.22 27.40 31.90 28.04 28.38 27.22 26.88 27.22 29.10 28.86 28.01 0.00 0.00 0.00 0.00 0.00 0.00 0.00 0.00 29.64 30.91 31.31 31.52 29.59 31.68 33.47 29.23 33.85 32.73 32.38 29.18 28.78 30.84 25.69 27.70 29.12 25.69 24.90 29.23 30.62 26.46 0.00 0.00 0.00 0.00 0.00 0.00 0.00 0.00 30.67 27.50 31.89 34.10 32.91 31.28 31.84 29.45 28.41 33.11 31.13 29.10 28.41 36.69 27.38 26.84 28.25 30.42 28.85 27.86 29.85 27.26 0.00 0.00 0.00 0.00 0.00 0.00 0.00 0.00 34.71 33.34 32.19 31.18 29.36 30.55 31.05 31.22 32.96 27.45 36.66 27.53 32.70 28.30 27.11 27.05 28.08 30.42 26.50 30.93 27.31 28.36 0.00 0.00 0.00 0.00 0.00 0.00 0.00 30.06 27.74 28.53 27.56 30.89 28.99 33.07 27.40 29.46 30.91 33.06 34.52 34.97 31.13 33.54 29.08 29.06 26.77 33.11 28.75 27.05 31.26 26.56 0.00 0.00 0.00 0.00 0.00 0.00 0.00 28.02 31.38 29.10 31.92 26.58 30.79 35.35 29.22 28.94 34.52 31.87 31.63 32.10 30.80 31.72 29.04 27.78 27.55 31.39 27.36 28.07 29.26 27.65 29.22 0.00 0.00 0.00 0.00 0.00 0.00 26.30 33.45 33.52 28.21 30.04 28.32 28.42 26.67 30.21 27.32 34.03 30.53 30.54 31.76 31.20 28.69 28.46 28.56 26.76 28.04 28.91 24.86 25.70 26.91 0.00 0.00 0.00 0.00 0.00 0.00 29.73 31.84 32.91 31.59 29.89 29.42 28.99 30.73 27.85 29.91 24.98 33.01 27.42 29.37 29.22 27.43 26.18 24.61 26.75 26.54 29.20 27.68 25.37 30.30 0.00 0.00 0.00 0.00 0.00 0.00 30.73 30.26 29.19 34.02 30.04 30.04 32.03 30.17 35.86 34.98 31.17 24.66 31.21 32.37 31.65 26.82 26.17 27.18 24.88 27.97 29.27 28.66 25.44 26.16 0.00 0.00 0.00 0.00 0.00 0.00 27.53 30.99 32.24 33.03 31.90 28.52 31.05 29.98 26.89 28.90 30.58 28.68 31.80 34.97 31.90 29.97 29.06 28.12 25.17 28.89 30.49 30.29 25.11 21.86 0.00 0.00 0.00 0.00 0.00 0.00 28.49 30.49 30.11 31.58 31.83 28.07 30.32 27.09 34.86 32.25 30.20 29.12 31.65 28.56 30.08 28.62 26.90 25.83 23.08 29.25 24.05 28.04 27.30 27.06 0.00 0.00 0.00 0.00 0.00 0.00 28.01 29.00 32.03 27.05 33.14 34.08 32.66 32.33 27.86 30.09 31.94 30.21 32.63 32.18 27.16 31.50 27.48 26.58 29.02 26.97 26.63 27.59 26.29 27.96 0.00 0.00 0.00 0.00 0.00 28.98 28.52 31.30 31.81 32.72 30.89 30.29 30.28 29.65 29.61 30.41 26.70 27.15 26.72 32.68 32.60 29.90 23.20 25.72 30.96 30.16 29.54 27.89 31.67 27.06 0.00 0.00 0.00 0.00 0.00 29.63 26.80 33.27 26.37 31.23 33.97 32.37 26.37 31.30 28.87 27.93 30.55 28.08 31.45 26.19 30.54 25.68 25.51 27.68 27.63 27.78 28.47 25.75 27.84 26.47 0.00 0.00 0.00 0.00 0.00 24.66 28.19 31.47 30.31 27.97 32.00 32.00 29.88 33.54 28.34 30.65 28.80 32.51 34.68 29.63 32.99 29.83 23.97 29.88 28.29 26.34 28.57 26.99 27.82 29.56 29.57 0.00 0.00 0.00 0.00 28.36 28.24 28.32 32.99 29.90 25.89 36.05 32.15 28.36 33.10 31.75 31.02 30.45 32.64 28.58 32.18 26.94 27.89 26.90 27.92 30.38 29.83 23.58 26.58 25.50 25.48 0.00 0.00 0.00 0.00 33.09 27.01 29.43 29.10 34.31 32.10 30.52 29.09 30.72 30.69 32.81 33.23 32.67 31.71 29.46 27.59 28.44 30.55 29.36 28.10 27.86 25.46 25.01 26.68 26.82 27.61 0.00 0.00 0.00 0.00 26.97 25.56 28.07 26.98 31.54 29.85 31.75 30.99 32.04 29.40 31.75 33.86 27.99 31.21 34.63 26.11 27.12 27.47 24.42 26.99 26.67 30.17 25.02 30.77 27.60 29.76 0.00 0.00 0.00 0.00 28.31 25.98 28.88 34.22 27.39 29.49 29.12 30.59 31.33 30.81 30.95 29.79 27.64 30.73 28.83 25.48 30.94 30.17 29.91 29.49 27.53 27.48 27.56 27.47 27.67 27.46 0.00 0.00 0.00 0.00 27.03 27.78 34.32 31.23 27.78 31.73 31.28 25.59 28.36 28.21 32.03 31.29 30.70 30.48 28.38 28.80 25.52 25.77 30.45 27.38 26.45 27.63 23.60 24.79 26.86 27.78 0.00 0.00 0.00 0.00 28.05 29.01 26.57 26.46 30.61 32.68 30.17 31.71 30.75 31.63 35.12 32.13 28.71 31.15 37.80 28.63 28.51 27.10 31.65 28.18 28.21 30.30 26.23 30.11 27.32 27.63 0.00 0.00 0.00 0.00 28.29 29.10 29.67 27.18 31.44 29.16 31.58 33.39 27.23 32.46 28.77 26.67 32.34 28.53 28.45 29.38 26.41 28.23 32.19 28.33 29.16 28.40 27.24 28.81 27.38 26.31 0.00 0.00 0.00 0.00 29.30 26.19 28.98 26.97 32.48 28.35 30.42 33.07 29.66 28.19 31.64 29.03 28.92 29.72 26.60 28.46 28.12 29.04 30.40 24.86 22.62 28.67 26.67 26.88 27.98 28.47 0.00 0.00 0.00 0.00 28.59 26.52 28.24 31.16 33.85 30.78 28.32 33.10 27.89 34.07 30.22 32.68 29.62 29.13 24.37 27.97 29.99 24.47 28.43 28.89 26.05 25.75 25.57 25.99 32.31 28.87 0.00 0.00 0.00 0.00 32.02 28.17 25.55 27.96 23.99 26.49 31.85 31.73 32.76 28.59 32.46 34.64 34.14 28.95 28.01 25.96 26.18 28.72 27.61 25.28 25.12 29.46 27.06 27.53 28.40 29.45 0.00 0.00 0.00 0.00 26.24 24.94 29.93 23.97 29.24 32.52 30.44 31.14 32.50 31.67 27.32 34.96 29.03 23.62 26.10 26.86 26.43 28.12 24.50 29.15 28.47 26.62 30.23 23.72 27.50 28.65 0.00 0.00 0.00 0.00 28.81 24.44 23.82 28.40 29.56 26.12 30.94 28.11 28.63 27.63 28.42 30.50 30.40 29.47 28.88 28.55 25.77 25.71 29.60 26.34 27.11 26.82 24.82 26.87 26.47 26.18 0.00 0.00 0.00 0.00 24.33 26.43 27.87 28.72 19.63 24.22 29.43 35.96 31.71 34.93 30.08 33.68 26.68 29.37 27.32 25.44 26.68 29.03 29.35 26.73 29.12 28.93 27.18 29.54 31.42 27.17 0.00 0.00 0.00 0.00 29.46 29.56 30.20 26.42 29.87 26.77 29.18 32.63 34.22 28.90 30.67 26.93 28.65 29.44 26.80 28.93 26.92 24.25 24.47 26.87 27.80 26.14 24.96 25.16 29.99 0.00 0.00 0.00 0.00 0.00 25.44 24.81 26.30 29.14 26.16 27.35 28.00 27.85 29.21 27.86 30.19 28.63 24.57 25.84 29.22 27.61 28.12 29.15 26.96 25.02 29.21 26.34 28.62 31.46 24.59 0.00 0.00 0.00 0.00 0.00 0.00 29.79 28.66 29.19 25.62 26.37 29.79 26.23 24.43 29.26 29.06 29.67 27.55 25.86 24.46 23.54 26.95 30.77 26.63 31.43 24.89 30.84 26.95 25.56 33.03 0.00 0.00 0.00 0.00 0.00 0.00 32.13 25.97 24.64 28.57 30.47 29.61 29.01 26.59 31.87 28.08 25.52 28.28 27.83 27.43 28.69 26.91 30.50 26.33 27.32 29.06 27.53 28.06 28.30 29.30 0.00 0.00 0.00 0.00 0.00 0.00 29.91 29.07 28.30 23.67 29.53 27.31 30.35 28.56 29.15 29.76 27.86 25.28 28.95 28.60 25.13 30.81 27.93 27.88 29.23 26.71 28.76 28.43 23.88 23.03 0.00 0.00 0.00 0.00 0.00 0.00 26.84 27.43 27.76 23.74 24.15 25.34 25.72 25.73 27.25 28.09 25.13 28.70 24.12 28.13 27.22 28.47 28.17 29.35 26.79 27.88 25.98 28.83 26.33 25.27 0.00 0.00 0.00 0.00 0.00 0.00 30.27 28.83 25.66 27.18 28.24 29.12 28.33 28.96 26.39 26.60 29.77 27.74 28.12 26.50 26.61 26.65 26.35 31.42 26.48 27.90 27.06 27.42 27.42 26.28 0.00 0.00 0.00 0.00 0.00 0.00 26.63 26.42 28.56 28.95 27.34 30.99 28.17 24.89 29.33 24.28 31.20 26.63 27.15 26.42 28.58 27.43 30.11 31.33 26.75 28.27 25.05 29.98 27.54 29.35 0.00 0.00 0.00 0.00 0.00 0.00 29.14 28.23 29.07 28.05 29.18 27.05 28.20 27.41 26.15 25.76 28.71 25.84 25.77 28.96 28.83 30.90 28.73 28.84 28.15 27.44 28.09 26.86 29.11 28.03 0.00 0.00 0.00 0.00 0.00 0.00 25.68 27.31 26.69 26.37 26.59 30.26 29.76 29.85 27.37 25.88 28.30 23.13 32.42 26.09 27.40 25.87 26.38 30.60 27.21 25.18 28.35 27.82 29.28 28.98 0.00 0.00 0.00 0.00 0.00 0.00 27.21 26.71 31.66 25.76 27.19 25.03 27.07 25.00 25.58 25.58 25.48 27.76 26.40 28.79 27.72 25.60 28.00 28.28 25.70 29.81 25.61 26.49 28.45 25.04 0.00 0.00 0.00 0.00 0.00 0.00 28.04 25.06 29.87 27.36 23.79 27.27 25.66 30.93 26.30 28.63 26.57 30.72 26.86 22.35 29.80 29.08 27.11 28.11 25.87 26.26 26.06 26.65 26.83 0.00 0.00 0.00 0.00 0.00 0.00 0.00 0.00 27.75 28.36 26.25 30.23 27.46 30.28 26.17 27.98 26.51 27.64 30.49 28.96 27.47 28.02 26.81 28.11 27.97 28.16 27.77 32.23 29.24 24.73 0.00 0.00 0.00 0.00 0.00 0.00 0.00 0.00 29.53 28.44 28.45 27.65 27.15 28.81 26.63 29.21 28.14 31.77 28.78 24.31 27.13 24.85 28.01 25.25 31.90 27.69 27.51 29.53 29.33 26.02 0.00 0.00 0.00 0.00 0.00 0.00 0.00 0.00 30.92 27.87 30.71 29.28 26.66 27.17 28.09 27.00 24.76 26.62 27.93 27.81 25.62 29.32 24.82 29.60 26.90 26.99 28.71 27.66 26.98 27.97 0.00 0.00 0.00 0.00 0.00 0.00 0.00 0.00 30.43 28.56 30.48 30.69 27.39 25.82 27.88 27.73 22.49 25.23 29.45 26.27 25.14 29.13 27.23 27.68 29.86 28.24 26.17 29.43 24.50 28.88 0.00 0.00 0.00 0.00 0.00 0.00 0.00 0.00 28.81 26.90 26.20 28.76 27.86 27.27 27.11 26.85 30.02 30.21 28.85 31.81 30.20 30.34 27.94 29.87 30.03 26.97 32.58 28.83 26.38 31.04 0.00 0.00 0.00 0.00 0.00 0.00 0.00 0.00 0.00 29.41 27.10 27.78 24.23 31.27 27.92 26.41 25.85 26.18 24.34 27.46 27.88 29.19 31.52 26.50 30.28 32.54 28.43 32.62 27.10 0.00 0.00 0.00 0.00 0.00 0.00 0.00 0.00 0.00 0.00 28.11 27.36 23.77 21.52 26.12 27.11 30.16 28.13 26.72 30.67 32.14 25.40 27.71 28.09 27.59 27.22 29.53 26.13 27.33 26.50 0.00 0.00 0.00 0.00 0.00 0.00 0.00 0.00 0.00 0.00 24.27 31.23 30.26 25.49 25.39 26.85 22.98 30.06 24.77 28.25 23.76 29.44 27.24 30.19 28.06 30.81 27.99 32.31 28.39 26.07 0.00 0.00 0.00 0.00 0.00 0.00 0.00 0.00 0.00 0.00 27.82 29.40 28.82 31.26 25.46 27.03 25.60 27.27 27.82 27.65 31.74 27.74 28.34 27.80 30.94 27.56 26.51 25.98 25.73 28.22 0.00 0.00 0.00 0.00 0.00 0.00 0.00 0.00 0.00 0.00 26.53 24.23 24.41 29.42 29.31 29.07 27.57 29.28 26.76 28.88 24.49 26.63 26.18 27.94 30.57 30.02 24.68 28.97 24.43 0.00 0.00 0.00 0.00 0.00 0.00 0.00 0.00 0.00 0.00 0.00 0.00 29.99 29.28 33.25 30.74 29.18 26.80 30.95 27.24 27.79 24.89 29.91 26.73 27.25 27.85 26.64 29.61 29.77 30.81 0.00 0.00 0.00 0.00 0.00 0.00 0.00 0.00 0.00 0.00 0.00 0.00 28.66 27.86 27.56 25.67 27.65 31.03 30.43 27.67 26.18 29.15 26.70 29.70 26.73 31.19 31.56 25.40 27.83 25.72 0.00 0.00 0.00 0.00 0.00 0.00 0.00 0.00 0.00 0.00 0.00 0.00 29.80 26.49 29.19 24.58 31.34 27.35 25.85 28.94 29.77 30.13 28.62 26.41 27.81 29.28 28.34 24.09 28.74 24.22 0.00 0.00 0.00 0.00 0.00 0.00 0.00 0.00 0.00 0.00 0.00 0.00 0.00 27.22 29.54 29.43 28.91 26.34 25.78 23.20 28.82 29.50 27.92 26.37 29.35 26.26 29.87 27.94 28.41 0.00 0.00 0.00 0.00 0.00 0.00 0.00 0.00 0.00 0.00 0.00 0.00 0.00 0.00 29.60 29.02 31.23 30.44 29.36 28.25 28.63 26.96 30.63 31.14 28.69 25.66 26.80 27.49 30.23 27.93 0.00 0.00 0.00 0.00 0.00 0.00 0.00 0.00 0.00 0.00 0.00 0.00 0.00 0.00 26.18 32.81 27.02 30.43 30.58 30.07 27.91 27.84 27.50 26.59 25.43 32.04 29.30 29.94 27.66 27.37 0.00 0.00 0.00 0.00 0.00 0.00 0.00 0.00 0.00 0.00 0.00 0.00 0.00 0.00 0.00 28.08 32.00 27.80 24.97 25.84 25.18 28.10 29.14 27.43 29.07 26.12 30.58 30.14 29.01 0.00 0.00 0.00 0.00 0.00 0.00 0.00 0.00 0.00 0.00 0.00 0.00 0.00 0.00 0.00 0.00 29.18 29.96 26.67 27.31 29.60 25.41 29.46 29.70 30.29 28.30 28.68 30.88 27.12 29.23 0.00 0.00 0.00 0.00 0.00 0.00 0.00 0.00 0.00 0.00 0.00 0.00 0.00 0.00 0.00 0.00 27.68 27.57 28.07 30.47 29.48 23.96 29.61 29.04 28.76 23.36 26.29 28.61 27.32 0.00 0.00 0.00 0.00 0.00 0.00 0.00 0.00 0.00 0.00 0.00 0.00 0.00 0.00 0.00 0.00 0.00 0.00 32.60 28.50 24.14 25.43 30.77 25.09 26.09 28.17 28.66 26.27 22.25 30.19 0.00 0.00 0.00 0.00 0.00 0.00 0.00 0.00 0.00 0.00 0.00 0.00 0.00 0.00 0.00 0.00 0.00 0.00 24.70 31.40 28.58 26.88 27.11 26.52 27.56 24.23 28.54 26.22 27.90 30.38 0.00 0.00 0.00 0.00 0.00 0.00 0.00 0.00 0.00 0.00 0.00 0.00 0.00 0.00 0.00 0.00 0.00 0.00 0.00 26.40 28.42 27.55 28.10 24.84 27.90 31.66 28.20 26.91 28.95 0.00 0.00 0.00 0.00 0.00 0.00 0.00 0.00 0.00 0.00 0.00 0.00 0.00 0.00 0.00 0.00 0.00 0.00 0.00 0.00 0.00 25.90 27.19 28.80 26.85 23.89 28.09 28.59 28.95 0.00 0.00 0.00 0.00 0.00 0.00 0.00 0.00 0.00 0.00 0.00 0.00 0.00 0.00 0.00 0.00 0.00 0.00 0.00 0.00 0.00 0.00 29.39 28.93 29.46 26.71 29.23 29.07 30.60 0.00 0.00 0.00 0.00 0.00 0.00 0.00 0.00 0.00 0.00 0.00 0.00 0.00 0.00 0.00 0.00 0.00 0.00 0.00 0.00 0.00 0.00 0.00 0.00 25.21 27.04 28.16 24.00 28.07 0.00 0.00 0.00 0.00 0.00 0.00 0.00 0.00 0.00 0.00 0.00 0.00 0.00 0.00 0.00 0.00 0.00 0.00 0.00 0.00 0.00 0.00 0.00 0.00 0.00 0.00 0.00 0.00 0.00 0.00 0.00 0.00 0.00 0.00 0.00 0.00 0.00 0.00 0.00 0.00 0.00 0.00
rain_type.data=0 0 0 0 0 0 0 0 0 0 0 0 0 0 0 0 0 0 0 0 0 0 0 0 0 0 0 0 0 0 0 0 0 0 0 0 0 0 0 0 0 0 0 0 0 1 1 0 0 0 0 0 0 0 0 0 0 0 0 0 0 0 0 0 0 0 0 0 0 0 0 0 0 1 1 1 1 1 1 0 0 0 0 0 0 0 0 0 0 0 0 0 0 0 0 0 0 0 0 0 0 1 1 1 1 1 1 1 1 1 0 0 0 0 0 0 0 0 0 0 0 0 0 0 0 0 0 0 0 0 1 1 1 1 1 1 1 1 1 1 1 0 0 0 0 0 0 0 0 0 0 0 0 0 0 0 0 0 0 0 1 2 2 2 1 1 1 1 1 1 1 1 0 0 0 0 0 0 0 0 0 0 0 0 0 0 0 0 0 2 2 2 2 2 2 1 1 1 1 1 1 1 1 0 0 0 0 0 0 0 0 0 0 0 0 0 0 0 1 2 2 2 2 2 2 2 1 1 1 1 1 1 1 0 0 0 0 0 0 0 0 0 0 0 0 0 0 0 2 2 2 2 2 2 2 2 1 1 1 1 1 1 1 1 0 0 0 0 0 0 0 0 0 0 0 0 0 0 2 2 2 2 2 2 2 2 2 1 1 1 1 1 1 1 0 0 0 0 0 0 0 0 0 0 0 0 0 2 2 2 2 2 2 2 2 2 2 1 1 1 1 1 1 1 1 0 0 0 0 0 0 0 0 0 0 0 0 2 2 2 2 2 2 2 2 2 2 1 1 1 1 1 1 1 1 0 0 0 0 0 0 0 0 0 0 0 2 2 2 2 2 2 2 2 2 2 2 2 1 1 1 1 1 1 1 1 0 0 0 0 0 0 0 0 0 0 2 2 2 2 2 2 2 2 2 2 2 2 1 1 1 1 1 1 1 1 0 0 0 0 0 0 0 0 0 0 2 2 2 2 2 2 2 2 2 2 2 2 1 1 1 1 1 1 1 1 0 0 0 0 0 0 0 0 0 1 2 2 2 2 2 2 2 2 2 2 2 2 1 1 1 1 1 1 1 1 0 0 0 0 0 0 0 0 0 1 2 2 2 2 2 2 2 2 2 2 2 2 2 1 1 1 1 1 1 1 1 0 0 0 0 0 0 0 0 2 2 2 2 2 2 2 2 2 2 2 2 2 2 1 1 1 1 1 1 1 1 0 0 0 0 0 0 0 0 2 2 2 2 2 2 2 2 2 2 2 2 2 2 1 1 1 1 1 1 1 1 0 0 0 0 0 0 0 0 2 2 2 2 2 2 2 2 2 2 2 2 2 2 1 1 1 1 1 1 1 1 0 0 0 0 0 0 0 1 2 2 2 2 2 2 2 2 2 2 2 2 2 2 1 1 1 1 1 1 1 1 0 0 0 0 0 0 0 1 2 2 2 2 2 2 2 2 2 2 2 2 2 2 1 1 1 1 1 1 1 1 1 0 0 0 0 0 0 1 2 2 2 2 2 2 2 2 2 2 2 2 2 2 1 1 1 1 1 1 1 1 1 0 0 0 0 0 0 1 2 2 2 2 2 2 2 2 2 2 2 2 2 2 1 1 1 1 1 1 1 1 1 0 0 0 0 0 0 1 2 2 2 2 2 2 2 2 2 2 2 2 2 2 1 1 1 1 1 1 1 1 1 0 0 0 0 0 0 1 2 2 2 2 2 2 2 2 2 2 2 2 2 2 1 1 1 1 1 1 1 1 1 0 0 0 0 0 0 1 2 2 2 2 2 2 2 2 2 2 2 2 2 2 1 1 1 1 1 1 1 1 1 0 0 0 0 0 0 1 2 2 2 2 2 2 2 2 2 2 2 2 2 2 1 1 1 1 1 1 1 1 1 0 0 0 0 0 1 1 2 2 2 2 2 2 2 2 2 2 2 2 2 2 1 1 1 1 1 1 1 1 1 0 0 0 0 0 1 1 2 2 2 2 2 2 2 2 2 2 2 2 2 2 1 1 1 1 1 1 1 1 1 0 0 0 0 0 1 1 2 2 2 2 2 2 2 2 2 2 2 2 2 2 1 1 1 1 1 1 1 1 1 1 0 0 0 0 1 1 1 2 2 2 2 2 2 2 2 2 2 2 2 2 1 1 1 1 1 1 1 1 1 1 0 0 0 0 1 1 1 2 2 2 2 2 2 2 2 2 2 2 2 1 1 1 1 1 1 1 1 1 1 1 0 0 0 0 1 1 1 2 2 2 2 2 2 2 2 2 2 2 2 1 1 1 1 1 1 1 1 1 1 1 0 0 0 0 1 1 1 2 2 2 2 2 2 2 2 2 2 2 2 1 1 1 1 1 1 1 1 1 1 1 0 0 0 0 1 1 1 2 2 2 2 2 2 2 2 2 2 2 2 1 1 1 1 1 1 1 1 1 1 1 0 0 0 0 1 1 1 1 2 2 2 2 2 2 2 2 2 2 2 1 1 1 1 1 1 1 1 1 1 1 0 0 0 0 1 1 1 1 2 2 2 2 2 2 2 2 2 2 1 1 1 1 1 1 1 1 1 1 1 1 0 0 0 0 1 1 1 1 2 2 2 2 2 2 2 2 2 2 1 1 1 1 1 1 1 1 1 1 1 1 0 0 0 0 1 1 1 1 2 2 2 2 2 2 2 2 2 2 1 1 1 1 1 1 1 1 1 1 1 1 0 0 0 0 1 1 1 1 1 2 2 2 2 2 2 2 2 1 1 1 1 1 1 1 1 1 1 1 1 1 0 0 0 0 1 1 1 1 1 2 2 2 2 2 2 2 2 1 1 1 1 1 1 1 1 1 1 1 1 1 0 0 0 0 1 1 1 1 1 1 2 2 2 2 2 2 1 1 1 1 1 1 1 1 1 1 1 1 1 1 0 0 0 0 1 1 1 1 1 1 2 2 2 2 2 2 1 1 1 1 1 1 1 1 1 1 1 1 1 1 0 0 0 0 1 1 1 1 1 1 1 2 2 2 2 1 1 1 1 1 1 1 1 1 1 1 1 1 1 0 0 0 0 0 1 1 1 1 1 1 1 1 1 1 1 1 1 1 1 1 1 1 1 1 1 1 1 1 1 0 0 0 0 0 0 1 1 1 1 1 1 1 1 1 1 1 1 1 1 1 1 1 1 1 1 1 1 1 1 0 0 0 0 0 0 1 1 1 1 1 1 1 1 1 1 1 1 1 1 1 1 1 1 1 1 1 1 1 1 0 0 0 0 0 0 1 1 1 1 1 1 1 1 1 1 1 1 1 1 1 1 1 1 1 1 1 1 1 1 0 0 0 0 0 0 1 1 1 1 1 1 1 1 1 1 1 1 1 1 1 1 1 1 1 1 1 1 1 1 0 0 0 0 0 0 1 1 1 1 1 1 1 1 1 1 1 1 1 1 1 1 1 1 1 1 1 1 1 1 0 0 0 0 0 0 1 1 1 1 1 1 1 1 1 1 1 1 1 1 1 1 1 1 1 1 1 1 1 1 0 0 0 0 0 0 1 1 1 1 1 1 1 1 1 1 1 1 1 1 1 1 1 1 1 1 1 1 1 1 0 0 0 0 0 0 1 1 1 1 1 1 1 1 1 1 1 1 1 1 1 1 1 1 1 1 1 1 1 1 0 0 0 0 0 0 1 1 1 1 1 1 1 1 1 1 1 1 1 1 1 1 1 1 1 1 1 1 1 1 0 0 0 0 0 0 1 1 1 1 1 1 1 1 1 1 1 1 1 1 1 1 1 1 1 1 1 1 1 0 0 0 0 0 0 0 0 1 1 1 1 1 1 1 1 1 1 1 1 1 1 1 1 1 1 1 1 1 1 0 0 0 0 0 0 0 0 1 1 1 1 1 1 1 1 1 1 1 1 1 1 1 1 1 1 1 1 1 1 0 0 0 0 0 0 0 0 1 1 1 1 1 1 1 1 1 1 1 1 1 1 1 1 1 1 1 1 1 1 0 0 0 0 0 0 0 0 1 1 1 1 1 1 1 1 1 1 1 1 1 1 1 1 1 1 1 1 1 1 0 0 0 0 0 0 0 0 1 1 1 1 1 1 1 1 1 1 1 1 1 1 1 1 1 1 1 1 1 1 0 0 0 0 0 0 0 0 0 1 1 1 1 1 1 1 1 1 1 1 1 1 1 1 1 1 1 1 1 0 0 0 0 0 0 0 0 0 0 1 1 1 1 1 1 1 1 1 1 1 1 1 1 1 1 1 1 1 1 0 0 0 0 0 0 0 0 0 0 1 1 1 1 1 1 1 1 1 1 1 1 1 1 1 1 1 1 1 1 0 0 0 0 0 0 0 0 0 0 1 1 1 1 1 1 1 1 1 1 1 1 1 1 1 1 1 1 1 1 0 0 0 0 0 0 0 0 0 0 1 1 1 1 1 1 1 1 1 1 1 1 1 1 1 1 1 1 1 0 0 0 0 0 0 0 0 0 0 0 0 1 1 1 1 1 1 1 1 1 1 1 1 1 1 1 1 1 1 0 0 0 0 0 0 0 0 0 0 0 0 1 1 1 1 1 1 1 1 1 1 1 1 1 1 1 1 1 1 0 0 0 0 0 0 0 0 0 0 0 0 1 1 1 1 1 1 1 1 1 1 1 1 1 1 1 1 1 1 0 0 0 0 0 0 0 0 0 0 0 0 0 1 1 1 1 1 1 1 1 1 1 1 1 1 1 1 1 0 0 0 0 0 0 0 0 0 0 0 0 0 0 1 1 1 1 1 1 1 1 1 1 1 1 1 1 1 1 0 0 0 0 0 0 0 0 0 0 0 0 0 0 1 1 1 1 1 1 1 1 1 1 1 1 1 1 1 1 0 0 0 0 0 0 0 0 0 0 0 0 0 0 0 1 1 1 1 1 1 1 1 1 1 1 1 1 1 0 0 0 0 0 0 0 0 0 0 0 0 0 0 0 0 1 1 1 1 1 1 1 1 1 1 1 1 1 1 0 0 0 0 0 0 0 0 0 0 0 0 0 0 0 0 1 1 1 1 1 1 1 1 1 1 1 1 1 0 0 0 0 0 0 0 0 0 0 0 0 0 0 0 0 0 0 1 1 1 1 1 1 1 1 1 1 1 1 0 0 0 0 0 0 0 0 0 0 0 0 0 0 0 0 0 0 1 1 1 1 1 1 1 1 1 1 1 1 0 0 0 0 0 0 0 0 0 0 0 0 0 0 0 0 0 0 0 1 1 1 1 1 1 1 1 1 1 0 0 0 0 0 0 0 0 0 0 0 0 0 0 0 0 0 0 0 0 0 1 1 1 1 1 1 1 1 0 0 0 0 0 0 0 0 0 0 0 0 0 0 0 0 0 0 0 0 0 0 1 1 1 1 1 1 1 0 0 0 0 0 0 0 0 0 0 0 0 0 0 0 0 0 0 0 0 0 0 0 0 1 1 1 1 1 0 0 0 0 0 0 0 0 0 0 0 0 0 0 0 0 0 0 0 0 0 0 0 0 0 0 0 0 0 0 0 0 0 0 0 0 0 0 0 0 0 0
estimated_attenuation.size=2460
estimated_attenuation.data=0.00 0.00 0.00 0.00 0.00 0.00 0.00 0.00 0.00 0.00 0.00 0.00 0.00 0.00 0.00 0.00 0.00 0.00 0.00 0.00 0.00 0.00 0.00 0.00 0.00 0.00 0.00 0.00 0.00 0.00 0.00 0.00 0.00 0.00 0.00 0.00 0.00 0.00 0.00 0.00 0.00 0.00 0.00 0.00 0.00 0.00 0.00 0.00 0.00 0.00 0.00 0.00 0.00 0.00 0.00 0.00 0.00 0.00 0.00 0.00 0.00 0.00 0.00 0.00 0.00 0.00 0.00 0.00 0.00 0.00 0.00 0.00 0.00 0.00 0.00 0.00 0.00 0.00 0.00 0.00 0.00 0.00 0.00 0.00 0.00 0.00 0.00 0.00 0.00 0.00 0.00 0.00 0.00 0.00 0.00 0.00 0.00 0.00 0.00 0.00 0.00 0.00 0.00 0.00 0.00 0.00 0.00 0.00 0.00 0.00 0.00 0.00 0.00 0.00 0.00 0.00 0.00 0.00 0.00 0.00 0.00 0.00 0.00 0.00 0.00 0.00 0.00 0.00 0.00 0.00 0.00 0.00 0.00 0.00 0.00 0.00 0.00 0.00 0.00 0.00 0.00 0.00 0.00 0.00 0.00 0.00 0.00 0.00 0.00 0.00 0.00 0.00 0.00 0.00 0.00 0.00 0.00 0.00 0.00 0.00 0.00 0.00 0.00 0.00 0.00 0.00 0.00 0.00 0.00 0.00 0.00 0.00 0.00 0.00 0.00 0.00 0.00 0.00 0.00 0.00 0.00 0.00 0.00 0.00 0.00 0.00 0.00 0.00 0.00 0.00 0.00 0.00 0.00 0.01 0.00 0.00 0.00 0.00 0.00 0.00 0.00 0.00 0.00 0.00 0.00 0.00 0.00 0.00 0.00 0.00 0.00 0.00 0.00 0.00 0.00 0.00 0.00 0.00 0.00 0.00 0.01 0.01 0.01 0.01 0.00 0.00 0.00 0.00 0.00 0.00 0.00 0.00 0.00 0.00 0.00 0.00 0.00 0.00 0.00 0.00 0.00 0.00 0.00 0.00 0.00 0.00 0.00 0.00 0.00 0.00 0.01 0.01 0.01 0.01 0.01 0.01 0.00 0.00 0.00 0.00 0.00 0.00 0.00 0.00 0.00 0.00 0.00 0.00 0.00 0.00 0.00 0.00 0.00 0.00 0.00 0.00 0.00 0.00 0.00 0.00 0.01 0.01 0.01 0.01 0.01 0.01 0.01 0.01 0.01 0.00 0.00 0.00 0.00 0.00 0.00 0.00 0.00 0.00 0.00 0.00 0.00 0.00 0.00 0.00 0.00 0.00 0.00 0.00 0.00 0.01 0.01 0.01 0.01 0.01 0.01 0.01 0.01 0.01 0.01 0.00 0.00 0.00 0.00 0.00 0.00 0.00 0.00 0.00 0.00 0.00 0.00 0.00 0.00 0.00 0.00 0.00 0.00 0.00 0.00 0.01 0.01 0.01 0.01 0.01 0.01 0.01 0.01 0.01 0.01 0.01 0.00 0.00 0.00 0.00 0.00 0.00 0.00 0.00 0.00 0.00 0.00 0.00 0.00 0.00 0.00 0.00 0.00 0.00 0.01 0.01 0.02 0.01 0.01 0.01 0.01 0.01 0.01 0.01 0.01 0.01 0.00 0.01 0.00 0.00 0.00 0.00 0.00 0.00 0.00 0.00 0.00 0.00 0.00 0.00 0.00 0.00 0.00 0.00 0.01 0.01 0.02 0.02 0.01 0.01 0.01 0.01 0.01 0.01 0.01 0.01 0.01 0.01 0.00 0.00 0.00 0.00 0.00 0.00 0.00 0.00 0.00 0.00 0.00 0.00 0.00 0.00 0.01 0.01 0.01 0.01 0.02 0.02 0.01 0.02 0.01 0.01 0.01 0.01 0.01 0.01 0.01 0.01 0.00 0.00 0.00 0.00 0.00 0.00 0.00 0.00 0.00 0.00 0.00 0.00 0.00 0.00 0.01 0.01 0.01 0.01 0.02 0.02 0.01 0.02 0.01 0.02 0.01 0.01 0.01 0.01 0.01 0.01 0.01 0.01 0.00 0.00 0.00 0.00 0.00 0.00 0.00 0.00 0.00 0.00 0.00 0.00 0.01 0.01 0.01 0.01 0.02 0.02 0.02 0.02 0.01 0.02 0.01 0.01 0.01 0.01 0.01 0.01 0.01 0.01 0.00 0.00 0.00 0.00 0.00 0.00 0.00 0.00 0.00 0.00 0.00 0.00 0.01 0.01 0.01 0.01 0.02 0.02 0.02 0.02 0.02 0.02 0.01 0.01 0.01 0.01 0.01 0.01 0.01 0.01 0.00 0.00 0.00 0.00 0.00 0.00 0.00 0.00 0.00 0.00 0.00 0.00 0.01 0.01 0.01 0.01 0.02 0.02 0.02 0.02 0.02 0.02 0.01 0.01 0.01 0.01 0.01 0.01 0.01 0.01 0.01 0.00 0.00 0.00 0.00 0.00 0.00 0.00 0.00 0.00 0.00 0.01 0.01 0.01 0.01 0.02 0.02 0.02 0.02 0.02 0.02 0.02 0.02 0.02 0.02 0.01 0.01 0.01 0.01 0.01 0.01 0.00 0.00 0.00 0.00 0.00 0.00 0.00 0.00 0.00 0.00 0.01 0.01 0.01 0.02 0.02 0.03 0.02 0.02 0.03 0.02 0.03 0.02 0.02 0.02 0.01 0.01 0.01 0.01 0.01 0.01 0.01 0.00 0.00 0.00 0.00 0.00 0.00 0.00 0.00 0.00 0.01 0.01 0.01 0.02 0.02 0.03 0.02 0.02 0.03 0.02 0.03 0.02 0.02 0.02 0.01 0.01 0.01 0.01 0.01 0.01 0.01 0.00 0.00 0.00 0.00 0.00 0.00 0.00 0.00 0.00 0.01 0.02 0.01 0.02 0.02 0.03 0.02 0.02 0.03 0.02 0.03 0.02 0.02 0.02 0.01 0.01 0.01 0.01 0.01 0.01 0.01 0.00 0.00 0.00 0.00 0.00 0.00 0.00 0.00 0.00 0.01 0.02 0.02 0.02 0.02 0.03 0.03 0.02 0.03 0.02 0.03 0.02 0.02 0.02 0.01 0.01 0.01 0.01 0.01 0.01 0.01 0.00 0.00 0.00 0.00 0.00 0.00 0.00 0.00 0.00 0.01 0.02 0.02 0.02 0.02 0.03 0.03 0.02 0.03 0.03 0.03 0.02 0.02 0.02 0.01 0.01 0.01 0.01 0.01 0.01 0.01 0.00 0.00 0.00 0.00 0.00 0.00 0.00 0.00 0.00 0.02 0.02 0.02 0.02 0.02 0.03 0.03 0.03 0.03 0.03 0.03 0.02 0.02 0.02 0.01 0.01 0.01 0.01 0.01 0.01 0.01 0.01 0.00 0.00 0.00 0.00 0.00 0.00 0.00 0.00 0.02 0.02 0.02 0.02 0.02 0.03 0.03 0.03 0.04 0.03 0.03 0.02 0.03 0.02 0.01 0.01 0.01 0.01 0.01 0.01 0.01 0.01 0.00 0.00 0.00 0.00 0.00 0.00 0.00 0.01 0.02 0.02 0.02 0.02 0.02 0.04 0.03 0.03 0.04 0.03 0.03 0.03 0.03 0.02 0.02 0.01 0.01 0.01 0.01 0.01 0.01 0.01 0.00 0.00 0.00 0.00 0.00 0.00 0.00 0.01 0.02 0.02 0.02 0.02 0.03 0.04 0.03 0.03 0.04 0.03 0.03 0.03 0.03 0.03 0.02 0.01 0.01 0.01 0.01 0.01 0.01 0.01 0.00 0.00 0.00 0.00 0.00 0.00 0.00 0.01 0.02 0.02 0.03 0.03 0.03 0.04 0.03 0.03 0.04 0.03 0.04 0.03 0.03 0.03 0.02 0.01 0.01 0.02 0.01 0.01 0.01 0.01 0.01 0.00 0.00 0.00 0.00 0.00 0.00 0.01 0.02 0.03 0.03 0.03 0.03 0.04 0.03 0.03 0.04 0.03 0.04 0.03 0.03 0.03 0.02 0.01 0.02 0.02 0.01 0.01 0.01 0.01 0.01 0.00 0.00 0.00 0.00 0.00 0.00 0.01 0.02 0.03 0.03 0.03 0.03 0.04 0.03 0.03 0.04 0.03 0.04 0.03 0.03 0.03 0.02 0.02 0.02 0.02 0.02 0.02 0.01 0.01 0.01 0.00 0.00 0.00 0.00 0.00 0.00 0.01 0.02 0.03 0.03 0.03 0.03 0.04 0.04 0.03 0.04 0.03 0.04 0.03 0.03 0.03 0.02 0.02 0.02 0.02 0.02 0.02 0.01 0.01 0.01 0.00 0.00 0.00 0.00 0.00 0.01 0.01 0.02 0.03 0.03 0.03 0.03 0.04 0.04 0.04 0.04 0.04 0.04 0.03 0.03 0.03 0.02 0.02 0.02 0.02 0.02 0.02 0.01 0.01 0.01 0.00 0.00 0.00 0.00 0.00 0.01 0.01 0.02 0.03 0.03 0.03 0.03 0.04 0.04 0.04 0.04 0.04 0.04 0.04 0.04 0.03 0.02 0.02 0.02 0.02 0.02 0.02 0.01 0.01 0.01 0.00 0.00 0.00 0.00 0.00 0.01 0.01 0.03 0.03 0.03 0.03 0.04 0.04 0.04 0.04 0.05 0.04 0.04 0.04 0.04 0.03 0.02 0.02 0.02 0.02 0.02 0.02 0.01 0.01 0.01 0.00 0.00 0.00 0.00 0.00 0.01 0.01 0.03 0.03 0.03 0.03 0.04 0.04 0.04 0.04 0.05 0.04 0.04 0.04 0.04 0.03 0.02 0.02 0.02 0.02 0.02 0.02 0.01 0.01 0.01 0.00 0.00 0.00 0.00 0.00 0.01 0.01 0.03 0.03 0.04 0.04 0.04 0.05 0.04 0.04 0.05 0.04 0.05 0.04 0.04 0.03 0.02 0.02 0.02 0.02 0.02 0.02 0.01 0.01 0.01 0.01 0.00 0.00 0.00 0.00 0.01 0.01 0.03 0.03 0.04 0.04 0.04 0.05 0.04 0.04 0.05 0.04 0.05 0.04 0.04 0.04 0.02 0.02 0.02 0.02 0.02 0.02 0.02 0.01 0.01 0.01 0.00 0.00 0.00 0.00 0.01 0.01 0.03 0.03 0.04 0.04 0.04 0.05 0.04 0.04 0.05 0.04 0.05 0.04 0.04 0.04 0.02 0.02 0.02 0.02 0.02 0.02 0.02 0.01 0.01 0.01 0.00 0.00 0.00 0.00 0.01 0.01 0.03 0.04 0.04 0.04 0.04 0.05 0.04 0.04 0.05 0.04 0.05 0.04 0.04 0.04 0.02 0.02 0.02 0.02 0.02 0.02 0.02 0.01 0.01 0.01 0.00 0.00 0.00 0.00 0.01 0.01 0.03 0.04 0.04 0.04 0.04 0.05 0.05 0.05 0.05 0.05 0.05 0.04 0.04 0.04 0.02 0.02 0.02 0.02 0.02 0.02 0.02 0.01 0.01 0.01 0.00 0.00 0.00 0.00 0.01 0.01 0.03 0.04 0.04 0.04 0.04 0.05 0.05 0.05 0.05 0.05 0.05 0.04 0.04 0.04 0.03 0.02 0.03 0.02 0.02 0.02 0.02 0.02 0.01 0.01 0.00 0.00 0.00 0.00 0.01 0.02 0.03 0.04 0.04 0.04 0.04 0.06 0.05 0.05 0.06 0.05 0.05 0.04 0.04 0.04 0.03 0.02 0.03 0.02 0.02 0.02 0.02 0.02 0.02 0.01 0.00 0.00 0.00 0.00 0.01 0.02 0.03 0.04 0.04 0.04 0.05 0.06 0.05 0.05 0.06 0.05 0.05 0.04 0.04 0.04 0.03 0.02 0.03 0.02 0.02 0.02 0.02 0.02 0.02 0.00 0.00 0.00 0.00 0.00 0.01 0.02 0.03 0.04 0.04 0.04 0.05 0.06 0.05 0.05 0.06 0.05 0.05 0.04 0.04 0.04 0.03 0.02 0.03 0.03 0.02 0.02 0.02 0.02 0.02 0.00 0.00 0.00 0.00 0.00 0.00 0.02 0.03 0.04 0.04 0.04 0.05 0.06 0.05 0.05 0.06 0.05 0.05 0.04 0.05 0.04 0.03 0.02 0.03 0.03 0.02 0.03 0.02 0.02 0.02 0.00 0.00 0.00 0.00 0.00 0.00 0.02 0.03 0.04 0.04 0.04 0.05 0.06 0.05 0.05 0.06 0.05 0.05 0.05 0.05 0.04 0.03 0.03 0.03 0.03 0.02 0.03 0.02 0.02 0.02 0.00 0.00 0.00 0.00 0.00 0.00 0.02 0.03 0.04 0.04 0.04 0.05 0.06 0.05 0.05 0.06 0.05 0.05 0.05 0.05 0.04 0.03 0.03 0.03 0.03 0.03 0.03 0.02 0.02 0.02 0.00 0.00 0.00 0.00 0.00 0.00 0.02 0.04 0.04 0.04 0.04 0.05 0.06 0.05 0.05 0.06 0.05 0.06 0.05 0.05 0.04 0.03 0.03 0.03 0.03 0.03 0.03 0.02 0.02 0.02 0.00 0.00 0.00 0.00 0.00 0.00 0.02 0.04 0.04 0.04 0.04 0.05 0.06 0.05 0.05 0.06 0.05 0.06 0.05 0.05 0.04 0.03 0.03 0.03 0.03 0.03 0.03 0.02 0.02 0.02 0.00 0.00 0.00 0.00 0.00 0.00 0.02 0.04 0.04 0.05 0.05 0.05 0.06 0.05 0.05 0.06 0.06 0.06 0.05 0.05 0.04 0.03 0.03 0.03 0.03 0.03 0.03 0.02 0.02 0.02 0.00 0.00 0.00 0.00 0.00 0.00 0.02 0.04 0.04 0.05 0.05 0.05 0.06 0.05 0.06 0.06 0.06 0.06 0.05 0.05 0.04 0.03 0.03 0.03 0.03 0.03 0.03 0.02 0.02 0.02 0.00 0.00 0.00 0.00 0.00 0.00 0.02 0.04 0.04 0.05 0.05 0.05 0.06 0.06 0.06 0.06 0.06 0.06 0.05 0.05 0.04 0.03 0.03 0.03 0.03 0.03 0.03 0.02 0.02 0.02 0.00 0.00 0.00 0.00 0.00 0.00 0.02 0.04 0.04 0.05 0.05 0.05 0.07 0.06 0.06 0.06 0.06 0.06 0.05 0.05 0.04 0.03 0.03 0.03 0.03 0.03 0.03 0.03 0.02 0.02 0.00 0.00 0.00 0.00 0.00 0.00 0.02 0.04 0.05 0.05 0.05 0.05 0.07 0.06 0.06 0.06 0.06 0.06 0.05 0.05 0.05 0.03 0.03 0.03 0.03 0.03 0.03 0.03 0.02 0.00 0.00 0.00 0.00 0.00 0.00 0.00 0.00 0.04 0.05 0.05 0.05 0.05 0.07 0.06 0.06 0.06 0.06 0.06 0.05 0.05 0.05 0.04 0.03 0.04 0.03 0.03 0.03 0.03 0.02 0.00 0.00 0.00 0.00 0.00 0.00 0.00 0.00 0.04 0.05 0.05 0.05 0.05 0.07 0.06 0.06 0.07 0.06 0.06 0.05 0.05 0.05 0.04 0.03 0.04 0.03 0.03 0.03 0.03 0.02 0.00 0.00 0.00 0.00 0.00 0.00 0.00 0.00 0.04 0.05 0.05 0.05 0.05 0.07 0.06 0.06 0.07 0.06 0.06 0.05 0.05 0.05 0.04 0.03 0.04 0.03 0.03 0.03 0.03 0.03 0.00 0.00 0.00 0.00 0.00 0.00 0.00 0.00 0.04 0.05 0.05 0.05 0.06 0.07 0.06 0.06 0.07 0.06 0.06 0.05 0.05 0.05 0.04 0.03 0.04 0.03 0.03 0.03 0.03 0.03 0.00 0.00 0.00 0.00 0.00 0.00 0.00 0.00 0.04 0.05 0.05 0.05 0.06 0.07 0.06 0.06 0.07 0.06 0.06 0.05 0.05 0.05 0.04 0.03 0.04 0.03 0.03 0.04 0.03 0.03 0.00 0.00 0.00 0.00 0.00 0.00 0.00 0.00 0.00 0.05 0.05 0.05 0.06 0.07 0.06 0.06 0.07 0.06 0.06 0.06 0.05 0.05 0.04 0.03 0.04 0.04 0.03 0.04 0.03 0.00 0.00 0.00 0.00 0.00 0.00 0.00 0.00 0.00 0.00 0.05 0.05 0.05 0.06 0.07 0.06 0.06 0.07 0.06 0.06 0.06 0.05 0.05 0.04 0.04 0.04 0.04 0.03 0.04 0.03 0.00 0.00 0.00 0.00 0.00 0.00 0.00 0.00 0.00 0.00 0.05 0.05 0.05 0.06 0.07 0.06 0.06 0.07 0.06 0.06 0.06 0.06 0.05 0.04 0.04 0.04 0.04 0.04 0.04 0.03 0.00 0.00 0.00 0.00 0.00 0.00 0.00 0.00 0.00 0.00 0.05 0.05 0.05 0.06 0.07 0.06 0.06 0.07 0.06 0.07 0.06 0.06 0.05 0.04 0.04 0.04 0.04 0.04 0.04 0.03 0.00 0.00 0.00 0.00 0.00 0.00 0.00 0.00 0.00 0.00 0.05 0.06 0.05 0.06 0.07 0.06 0.06 0.07 0.06 0.07 0.06 0.06 0.05 0.04 0.04 0.04 0.04 0.04 0.04 0.00 0.00 0.00 0.00 0.00 0.00 0.00 0.00 0.00 0.00 0.00 0.00 0.06 0.06 0.06 0.07 0.06 0.06 0.07 0.07 0.07 0.06 0.06 0.05 0.04 0.04 0.04 0.04 0.04 0.04 0.00 0.00 0.00 0.00 0.00 0.00 0.00 0.00 0.00 0.00 0.00 0.00 0.06 0.06 0.06 0.07 0.06 0.07 0.07 0.07 0.07 0.06 0.06 0.05 0.04 0.04 0.05 0.04 0.04 0.04 0.00 0.00 0.00 0.00 0.00 0.00 0.00 0.00 0.00 0.00 0.00 0.00 0.06 0.06 0.06 0.07 0.07 0.07 0.07 0.07 0.07 0.06 0.06 0.05 0.04 0.04 0.05 0.04 0.04 0.04 0.00 0.00 0.00 0.00 0.00 0.00 0.00 0.00 0.00 0.00 0.00 0.00 0.00 0.06 0.06 0.07 0.07 0.07 0.07 0.07 0.07 0.06 0.06 0.06 0.04 0.04 0.05 0.04 0.04 0.00 0.00 0.00 0.00 0.00 0.00 0.00 0.00 0.00 0.00 0.00 0.00 0.00 0.00 0.06 0.06 0.08 0.07 0.07 0.07 0.07 0.07 0.06 0.06 0.06 0.04 0.04 0.05 0.04 0.04 0.00 0.00 0.00 0.00 0.00 0.00 0.00 0.00 0.00 0.00 0.00 0.00 0.00 0.00 0.06 0.07 0.08 0.07 0.07 0.07 0.07 0.07 0.06 0.06 0.06 0.05 0.04 0.05 0.04 0.04 0.00 0.00 0.00 0.00 0.00 0.00 0.00 0.00 0.00 0.00 0.00 0.00 0.00 0.00 0.00 0.07 0.08 0.07 0.07 0.07 0.07 0.07 0.06 0.06 0.06 0.05 0.04 0.05 0.04 0.00 0.00 0.00 0.00 0.00 0.00 0.00 0.00 0.00 0.00 0.00 0.00 0.00 0.00 0.00 0.00 0.07 0.08 0.07 0.07 0.08 0.07 0.07 0.06 0.06 0.06 0.05 0.04 0.05 0.04 0.00 0.00 0.00 0.00 0.00 0.00 0.00 0.00 0.00 0.00 0.00 0.00 0.00 0.00 0.00 0.00 0.07 0.08 0.07 0.07 0.08 0.07 0.07 0.07 0.06 0.06 0.05 0.05 0.05 0.00 0.00 0.00 0.00 0.00 0.00 0.00 0.00 0.00 0.00 0.00 0.00 0.00 0.00 0.00 0.00 0.00 0.00 0.08 0.07 0.07 0.08 0.07 0.07 0.07 0.06 0.06 0.05 0.05 0.05 0.00 0.00 0.00 0.00 0.00 0.00 0.00 0.00 0.00 0.00 0.00 0.00 0.00 0.00 0.00 0.00 0.00 0.00 0.08 0.07 0.07 0.08 0.07 0.07 0.07 0.07 0.06 0.05 0.05 0.05 0.00 0.00 0.00 0.00 0.00 0.00 0.00 0.00 0.00 0.00 0.00 0.00 0.00 0.00 0.00 0.00 0.00 0.00 0.00 0.07 0.07 0.08 0.07 0.07 0.07 0.07 0.06 0.05 0.05 0.00 0.00 0.00 0.00 0.00 0.00 0.00 0.00 0.00 0.00 0.00 0.00 0.00 0.00 0.00 0.00 0.00 0.00 0.00 0.00 0.00 0.07 0.08 0.07 0.07 0.07 0.07 0.06 0.05 0.00 0.00 0.00 0.00 0.00 0.00 0.00 0.00 0.00 0.00 0.00 0.00 0.00 0.00 0.00 0.00 0.00 0.00 0.00 0.00 0.00 0.00 0.07 0.08 0.07 0.07 0.07 0.07 0.06 0.00 0.00 0.00 0.00 0.00 0.00 0.00 0.00 0.00 0.00 0.00 0.00 0.00 0.00 0.00 0.00 0.00 0.00 0.00 0.00 0.00 0.00 0.00 0.00 0.08 0.07 0.08 0.07 0.07 0.00 0.00 0.00 0.00 0.00 0.00 0.00 0.00 0.00 0.00 0.00 0.00 0.00 0.00 0.00 0.00 0.00 0.00 0.00 0.00 0.00 0.00 0.00 0.00 0.00 0.00 0.00 0.00 0.00 0.00 0.00 0.00 0.00 0.00 0.00 0.00 0.00 0.00 0.00 0.00 0.00 0.00
height.size=2460
height.data=560.76 560.76 560.76 560.76 560.76 560.76 560.76 560.76 560.76 560.76 560.76 560.76 560.76 560.76 560.76 560.76 560.76 560.76 560.76 560.76 560.76 560.76 560.76 560.76 560.76 560.76 560.76 560.76 560.76 560.76 565.29 565.29 565.29 565.29 565.29 565.29 565.29 565.29 565.29 565.29 565.29 565.29 565.29 565.29 565.29 565.29 565.29 565.29 565.29 565.29 565.29 565.29 565.29 565.29 565.29 565.29 565.29 565.29 565.29 565.29 569.82 569.82 569.82 569.82 569.82 569.82 569.82 569.82 569.82 569.82 569.82 569.82 569.82 569.82 569.82 569.82 569.82 569.82 569.82 569.82 569.82 569.82 569.82 569.82 569.82 569.82 569.82 569.82 569.82 569.82 574.36 574.36 574.36 574.36 574.36 574.36 574.36 574.36 574.36 574.36 574.36 574.36 574.36 574.36 574.36 574.36 574.36 574.36 574.36 574.36 574.36 574.36 574.36 574.36 574.36 574.36 574.36 574.36 574.36 574.36 578.90 578.90 578.90 578.90 578.90 578.90 578.90 578.90 578.90 578.90 578.90 578.90 578.90 578.90 578.90 578.90 578.90 578.90 578.90 578.90 578.90 578.90 578.90 578.90 578.90 578.90 578.90 578.90 578.90 578.90 583.46 583.46 583.46 583.46 583.46 583.46 583.46 583.46 583.46 583.46 583.46 583.46 583.46 583.46 583.46 583.46 583.46 583.46 583.46 583.46 583.46 583.46 583.46 583.46 583.46 583.46 583.46 583.46 583.46 583.46 588.02 588.02 588.02 588.02 588.02 588.02 588.02 588.02 588.02 588.02 588.02 588.02 588.02 588.02 588.02 588.02 588.02 588.02 588.02 588.02 588.02 588.02 588.02 588.02 588.02 588.02 588.02 588.02 588.02 588.02 592.58 592.58 592.58 592.58 592.58 592.58 592.58 592.58 592.58 592.58 592.58 592.58 592.58 592.58 592.58 592.58 592.58 592.58 592.58 592.58 592.58 592.58 592.58 592.58 592.58 592.58 592.58 592.58 592.58 592.58 597.16 597.16 597.16 597.16 597.16 597.16 597.16 597.16 597.16 597.16 597.16 597.16 597.16 597.16 597.16 597.16 597.16 597.16 597.16 597.16 597.16 597.16 597.16 597.16 597.16 597.16 597.16 597.16 597.16 597.16 601.74 601.74 601.74 601.74 601.74 601.74 601.74 601.74 601.74 601.74 601.74 601.74 601.74 601.74 601.74 601.74 601.74 601.74 601.74 601.74 601.74 601.74 601.74 601.74 601.74 601.74 601.74 601.74 601.74 601.74 606.33 606.33 606.33 606.33 606.33 606.33 606.33 606.33 606.33 606.33 606.33 606.33 606.33 606.33 606.33 606.33 606.33 606.33 606.33 606.33 606.33 606.33 606.33 606.33 606.33 606.33 606.33 606.33 606.33 606.33 610.93 610.93 610.93 610.93 610.93 610.93 610.93 610.93 610.93 610.93 610.93 610.93 610.93 610.93 610.93 610.93 610.93 610.93 610.93 610.93 610.93 610.93 610.93 610.93 610.93 610.93 610.93 610.93 610.93 610.93 615.53 615.53 615.53 615.53 615.53 615.53 615.53 615.53 615.53 615.53 615.53 615.53 615.53 615.53 615.53 615.53 615.53 615.53 615.53 615.53 615.53 615.53 615.53 615.53 615.53 615.53 615.53 615.53 615.53 615.53 620.15 620.15 620.15 620.15 620.15 620.15 620.15 620.15 620.15 620.15 620.15 620.15 620.15 620.15 620.15 620.15 620.15 620.15 620.15 620.15 620.15 620.15 620.15 620.15 620.15 620.15 620.15 620.15 620.15 620.15 624.77 624.77 624.77 624.77 624.77 624.77 624.77 624.77 624.77 624.77 624.77 624.77 624.77 624.77 624.77 624.77 624.77 624.77 624.77 624.77 624.77 624.77 624.77 624.77 624.77 624.77 624.77 624.77 624.77 624.77 629.39 629.39 629.39 629.39 629.39 629.39 629.39 629.39 629.39 629.39 629.39 629.39 629.39 629.39 629.39 629.39 629.39 629.39 629.39 629.39 629.39 629.39 629.39 629.39 629.39 629.39 629.39 629.39 629.39 629.39 634.03 634.03 634.03 634.03 634.03 634.03 634.03 634.03 634.03 634.03 634.03 634.03 634.03 634.03 634.03 634.03 634.03 634.03 634.03 634.03 634.03 634.03 634.03 634.03 634.03 634.03 634.03 634.03 634.03 634.03 638.67 638.67 638.67 638.67 638.67 638.67 638.67 638.67 638.67 638.67 638.67 638.67 638.67 638.67 638.67 638.67 638.67 638.67 638.67 638.67 638.67 638.67 638.67 638.67 638.67 638.67 638.67 638.67 638.67 638.67 643.32 643.32 643.32 643.32 643.32 643.32 643.32 643.32 643.32 643.32 643.32 643.32 643.32 643.32 643.32 643.32 643.32 643.32 643.32 643.32 643.32 643.32 643.32 643.32 643.32 643.32 643.32 643.32 643.32 643.32 647.97 647.97 647.97 647.97 647.97 647.97 647.97 647.97 647.97 647.97 647.97 647.97 647.97 647.97 647.97 647.97 647.97 647.97 647.97 647.97 647.97 647.97 647.97 647.97 647.97 647.97 647.97 647.97 647.97 647.97 652.64 652.64 652.64 652.64 652.64 652.64 652.64 652.64 652.64 652.64 652.64 652.64 652.64 652.64 652.64 652.64 652.64 652.64 652.64 652.64 652.64 652.64 652.64 652.64 652.64 652.64 652.64 652.64 652.64 652.64 657.31 657.31 657.31 657.31 657.31 657.31 657.31 657.31 657.31 657.31 657.31 657.31 657.31 657.31 657.31 657.31 657.31 657.31 657.31 657.31 657.31 657.31 657.31 657.31 657.31 657.31 657.31 657.31 657.31 657.31 661.99 661.99 661.99 661.99 661.99 661.99 661.99 661.99 661.99 661.99 661.99 661.99 661.99 661.99 661.99 661.99 661.99 661.99 661.99 661.99 661.99 661.99 661.99 661.99 661.99 661.99 661.99 661.99 661.99 661.99 666.67 666.67 666.67 666.67 666.67 666.67 666.67 666.67 666.67 666.67 666.67 666.67 666.67 666.67 666.67 666.67 666.67 666.67 666.67 666.67 666.67 666.67 666.67 666.67 666.67 666.67 666.67 666.67 666.67 666.67 671.37 671.37 671.37 671.37 671.37 671.37 671.37 671.37 671.37 671.37 671.37 671.37 671.37 671.37 671.37 671.37 671.37 671.37 671.37 671.37 671.37 671.37 671.37 671.37 671.37 671.37 671.37 671.37 671.37 671.37 676.07 676.07 676.07 676.07 676.07 676.07 676.07 676.07 676.07 676.07 676.07 676.07 676.07 676.07 676.07 676.07 676.07 676.07 676.07 676.07 676.07 676.07 676.07 676.07 676.07 676.07 676.07 676.07 676.07 676.07 680.78 680.78 680.78 680.78 680.78 680.78 680.78 680.78 680.78 680.78 680.78 680.78 680.78 680.78 680.78 680.78 680.78 680.78 680.78 680.78 680.78 680.78 680.78 680.78 680.78 680.78 680.78 680.78 680.78 680.78 685.49 685.49 685.49 685.49 685.49 685.49 685.49 685.49 685.49 685.49 685.49 685.49 685.49 685.49 685.49 685.49 685.49 685.49 685.49 685.49 685.49 685.49 685.49 685.49 685.49 685.49 685.49 685.49 685.49 685.49 690.21 690.21 690.21 690.21 690.21 690.21 690.21 690.21 690.21 690.21 690.21 690.21 690.21 690.21 690.21 690.21 690.21 690.21 690.21 690.21 690.21 690.21 690.21 690.21 690.21 690.21 690.21 690.21 690.21 690.21 694.94 694.94 694.94 694.94 694.94 694.94 694.94 694.94 694.94 694.94 694.94 694.94 694.94 694.94 694.94 694.94 694.94 694.94 694.94 694.94 694.94 694.94 694.94 694.94 694.94 694.94 694.94 694.94 694.94 694.94 699.68 699.68 699.68 699.68 699.68 699.68 699.68 699.68 699.68 699.68 699.68 699.68 699.68 699.68 699.68 699.68 699.68 699.68 699.68 699.68 699.68 699.68 699.68 699.68 699.68 699.68 699.68 699.68 699.68 699.68 704.42 704.42 704.42 704.42 704.42 704.42 704.42 704.42 704.42 704.42 704.42 704.42 704.42 704.42 704.42 704.42 704.42 704.42 704.42 704.42 704.42 704.42 704.42 704.42 704.42 704.42 704.42 704.42 704.42 704.42 709.18 709.18 709.18 709.18 709.18 709.18 709.18 709.18 709.18 709.18 709.18 709.18 709.18 709.18 709.18 709.18 709.18 709.18 709.18 709.18 709.18 709.18 709.18 709.18 709.18 709.18 709.18 709.18 709.18 709.18 713.94 713.94 713.94 713.94 713.94 713.94 713.94 713.94 713.94 713.94 713.94 713.94 713.94 713.94 713.94 713.94 713.94 713.94 713.94 713.94 713.94 713.94 713.94 713.94 713.94 713.94 713.94 713.94 713.94 713.94 718.70 718.70 718.70 718.70 718.70 718.70 718.70 718.70 718.70 718.70 718.70 718.70 718.70 718.70 718.70 718.70 718.70 718.70 718.70 718.70 718.70 718.70 718.70 718.70 718.70 718.70 718.70 718.70 718.70 718.70 723.48 723.48 723.48 723.48 723.48 723.48 723.48 723.48 723.48 723.48 723.48 723.48 723.48 723.48 723.48 723.48 723.48 723.48 723.48 723.48 723.48 723.48 723.48 723.48 723.48 723.48 723.48 723.48 723.48 723.48 728.26 728.26 728.26 728.26 728.26 728.26 728.26 728.26 728.26 728.26 728.26 728.26 728.26 728.26 728.26 728.26 728.26 728.26 728.26 728.26 728.26 728.26 728.26 728.26 728.26 728.26 728.26 728.26 728.26 728.26 733.05 733.05 733.05 733.05 733.05 733.05 733.05 733.05 733.05 733.05 733.05 733.05 733.05 733.05 733.05 733.05 733.05 733.05 733.05 733.05 733.05 733.05 733.05 733.05 733.05 733.05 733.05 733.05 733.05 733.05 737.84 737.84 737.84 737.84 737.84 737.84 737.84 737.84 737.84 737.84 737.84 737.84 737.84 737.84 737.84 737.84 737.84 737.84 737.84 737.84 737.84 737.84 737.84 737.84 737.84 737.84 737.84 737.84 737.84 737.84 742.65 742.65 742.65 742.65 742.65 742.65 742.65 742.65 742.65 742.65 742.65 742.65 742.65 742.65 742.65 742.65 742.65 742.65 742.65 742.65 742.65 742.65 742.65 742.65 742.65 742.65 742.65 742.65 742.65 742.65 747.46 747.46 747.46 747.46 747.46 747.46 747.46 747.46 747.46 747.46 747.46 747.46 747.46 747.46 747.46 747.46 747.46 747.46 747.46 747.46 747.46 747.46 747.46 747.46 747.46 747.46 747.46 747.46 747.46 747.46 752.28 752.28 752.28 752.28 752.28 752.28 752.28 752.28 752.28 752.28 752.28 752.28 752.28 752.28 752.28 752.28 752.28 752.28 752.28 752.28 752.28 752.28 752.28 752.28 752.28 752.28 752.28 752.28 752.28 752.28 757.10 757.10 757.10 757.10 757.10 757.10 757.10 757.10 757.10 757.10 757.10 757.10 757.10 757.10 757.10 757.10 757.10 757.10 757.10 757.10 757.10 757.10 757.10 757.10 757.10 757.10 757.10 757.10 757.10 757.10 761.93 761.93 761.93 761.93 761.93 761.93 761.93 761.93 761.93 761.93 761.93 761.93 761.93 761.93 761.93 761.93 761.93 761.93 761.93 761.93 761.93 761.93 761.93 761.93 761.93 761.93 761.93 761.93 761.93 761.93 766.77 766.77 766.77 766.77 766.77 766.77 766.77 766.77 766.77 766.77 766.77 766.77 766.77 766.77 766.77 766.77 766.77 766.77 766.77 766.77 766.77 766.77 766.77 766.77 766.77 766.77 766.77 766.77 766.77 766.77 771.62 771.62 771.62 771.62 771.62 771.62 771.62 771.62 771.62 771.62 771.62 771.62 771.62 771.62 771.62 771.62 771.62 771.62 771.62 771.62 771.62 771.62 771.62 771.62 771.62 771.62 771.62 771.62 771.62 771.62 776.48 776.48 776.48 776.48 776.48 776.48 776.48 776.48 776.48 776.48 776.48 776.48 776.48 776.48 776.48 776.48 776.48 776.48 776.48 776.48 776.48 776.48 776.48 776.48 776.48 776.48 776.48 776.48 776.48 776.48 781.34 781.34 781.34 781.34 781.34 781.34 781.34 781.34 781.34 781.34 781.34 781.34 781.34 781.34 781.34 781.34 781.34 781.34 781.34 781.34 781.34 781.34 781.34 781.34 781.34 781.34 781.34 781.34 781.34 781.34 786.21 786.21 786.21 786.21 786.21 786.21 786.21 786.21 786.21 786.21 786.21 786.21 786.21 786.21 786.21 786.21 786.21 786.21 786.21 786.21 786.21 786.21 786.21 786.21 786.21 786.21 786.21 786.21 786.21 786.21 791.09 791.09 791.09 791.09 791.09 791.09 791.09 791.09 791.09 791.09 791.09 791.09 791.09 791.09 791.09 791.09 791.09 791.09 791.09 791.09 791.09 791.09 791.09 791.09 791.09 791.09 791.09 791.09 791.09 791.09 795.97 795.97 795.97 795.97 795.97 795.97 795.97 795.97 795.97 795.97 795.97 795.97 795.97 795.97 795.97 795.97 795.97 795.97 795.97 795.97 795.97 795.97 795.97 795.97 795.97 795.97 795.97 795.97 795.97 795.97 800.86 800.86 800.86 800.86 800.86 800.86 800.86 800.86 800.86 800.86 800.86 800.86 800.86 800.86 800.86 800.86 800.86 800.86 800.86 800.86 800.86 800.86 800.86 800.86 800.86 800.86 800.86 800.86 800.86 800.86 805.76 805.76 805.76 805.76 805.76 805.76 805.76 805.76 805.76 805.76 805.76 805.76 805.76 805.76 805.76 805.76 805.76 805.76 805.76 805.76 805.76 805.76 805.76 805.76 805.76 805.76 805.76 805.76 805.76 805.76 810.67 810.67 810.67 810.67 810.67 810.67 810.67 810.67 810.67 810.67 810.67 810.67 810.67 810.67 810.67 810.67 810.67 810.67 810.67 810.67 810.67 810.67 810.67 810.67 810.67 810.67 810.67 810.67 810.67 810.67 815.58 815.58 815.58 815.58 815.58 815.58 815.58 815.58 815.58 815.58 815.58 815.58 815.58 815.58 815.58 815.58 815.58 815.58 815.58 815.58 815.58 815.58 815.58 815.58 815.58 815.58 815.58 815.58 815.58 815.58 820.50 820.50 820.50 820.50 820.50 820.50 820.50 820.50 820.50 820.50 820.50 820.50 820.50 820.50 820.50 820.50 820.50 820.50 820.50 820.50 820.50 820.50 820.50 820.50 820.50 820.50 820.50 820.50 820.50 820.50 825.43 825.43 825.43 825.43 825.43 825.43 825.43 825.43 825.43 825.43 825.43 825.43 825.43 825.43 825.43 825.43 825.43 825.43 825.43 825.43 825.43 825.43 825.43 825.43 825.43 825.43 825.43 825.43 825.43 825.43 830.37 830.37 830.37 830.37 830.37 830.37 830.37 830.37 830.37 830.37 830.37 830.37 830.37 830.37 830.37 830.37 830.37 830.37 830.37 830.37 830.37 830.37 830.37 830.37 830.37 830.37 830.37 830.37 830.37 830.37 835.31 835.31 835.31 835.31 835.31 835.31 835.31 835.31 835.31 835.31 835.31 835.31 835.31 835.31 835.31 835.31 835.31 835.31 835.31 835.31 835.31 835.31 835.31 835.31 835.31 835.31 835.31 835.31 835.31 835.31 840.26 840.26 840.26 840.26 840.26 840.26 840.26 840.26 840.26 840.26 840.26 840.26 840.26 840.26 840.26 840.26 840.26 840.26 840.26 840.26 840.26 840.26 840.26 840.26 840.26 840.26 840.26 840.26 840.26 840.26 845.22 845.22 845.22 845.22 845.22 845.22 845.22 845.22 845.22 845.22 845.22 845.22 845.22 845.22 845.22 845.22 845.22 845.22 845.22 845.22 845.22 845.22 845.22 845.22 845.22 845.22 845.22 845.22 845.22 845.22 850.18 850.18 850.18 850.18 850.18 850.18 850.18 850.18 850.18 850.18 850.18 850.18 850.18 850.18 850.18 850.18 850.18 850.18 850.18 850.18 850.18 850.18 850.18 850.18 850.18 850.18 850.18 850.18 850.18 850.18 855.16 855.16 855.16 855.16 855.16 855.16 855.16 855.16 855.16 855.16 855.16 855.16 855.16 855.16 855.16 855.16 855.16 855.16 855.16 855.16 855.16 855.16 855.16 855.16 855.16 855.16 855.16 855.16 855.16 855.16 860.14 860.14 860.14 860.14 860.14 860.14 860.14 860.14 860.14 860.14 860.14 860.14 860.14 860.14 860.14 860.14 860.14 860.14 860.14 860.14 860.14 860.14 860.14 860.14 860.14 860.14 860.14 860.14 860.14 860.14 865.12 865.12 865.12 865.12 865.12 865.12 865.12 865.12 865.12 865.12 865.12 865.12 865.12 865.12 865.12 865.12 865.12 865.12 865.12 865.12 865.12 865.12 865.12 865.12 865.12 865.12 865.12 865.12 865.12 865.12 870.12 870.12 870.12 870.12 870.12 870.12 870.12 870.12 870.12 870.12 870.12 870.12 870.12 870.12 870.12 870.12 870.12 870.12 870.12 870.12 870.12 870.12 870.12 870.12 870.12 870.12 870.12 870.12 870.12 870.12 875.12 875.12 875.12 875.12 875.12 875.12 875.12 875.12 875.12 875.12 875.12 875.12 875.12 875.12 875.12 875.12 875.12 875.12 875.12 875.12 875.12 875.12 875.12 875.12 875.12 875.12 875.12 875.12 875.12 875.12 880.13 880.13 880.13 880.13 880.13 880.13 880.13 880.13 880.13 880.13 880.13 880.13 880.13 880.13 880.13 880.13 880.13 880.13 880.13 880.13 880.13 880.13 880.13 880.13 880.13 880.13 880.13 880.13 880.13 880.13 885.15 885.15 885.15 885.15 885.15 885.15 885.15 885.15 885.15 885.15 885.15 885.15 885.15 885.15 885.15 885.15 885.15 885.15 885.15 885.15 885.15 885.15 885.15 885.15 885.15 885.15 885.15 885.15 885.15 885.15 890.17 890.17 890.17 890.17 890.17 890.17 890.17 890.17 890.17 890.17 890.17 890.17 890.17 890.17 890.17 890.17 890.17 890.17 890.17 890.17 890.17 890.17 890.17 890.17 890.17 890.17 890.17 890.17 890.17 890.17 895.20 895.20 895.20 895.20 895.20 895.20 895.20 895.20 895.20 895.20 895.20 895.20 895.20 895.20 895.20 895.20 895.20 895.20 895.20 895.20 895.20 895.20 895.20 895.20 895.20 895.20 895.20 895.20 895.20 895.20 900.24 900.24 900.24 900.24 900.24 900.24 900.24 900.24 900.24 900.24 900.24 900.24 900.24 900.24 900.24 900.24 900.24 900.24 900.24 900.24 900.24 900.24 900.24 900.24 900.24 900.24 900.24 900.24 900.24 900.24 905.29 905.29 905.29 905.29 905.29 905.29 905.29 905.29 905.29 905.29 905.29 905.29 905.29 905.29 905.29 905.29 905.29 905.29 905.29 905.29 905.29 905.29 905.29 905.29 905.29 905.29 905.29 905.29 905.29 905.29 910.34 910.34 910.34 910.34 910.34 910.34 910.34 910.34 910.34 910.34 910.34 910.34 910.34 910.34 910.34 910.34 910.34 910.34 910.34 910.34 910.34 910.34 910.34 910.34 910.34 910.34 910.34 910.34 910.34 910.34 915.40 915.40 915.40 915.40 915.40 915.40 915.40 915.40 915.40 915.40 915.40 915.40 915.40 915.40 915.40 915.40 915.40 915.40 915.40 915.40 915.40 915.40 915.40 915.40 915.40 915.40 915.40 915.40 915.40 915.40 920.47 920.47 920.47 920.47 920.47 920.47 920.47 920.47 920.47 920.47 920.47 920.47 920.47 920.47 920.47 920.47 920.47 920.47 920.47 920.47 920.47 920.47 920.47 920.47 920.47 920.47 920.47 920.47 920.47 920.47 925.54 925.54 925.54 925.54 925.54 925.54 925.54 925.54 925.54 925.54 925.54 925.54 925.54 925.54 925.54 925.54 925.54 925.54 925.54 925.54 925.54 925.54 925.54 925.54 925.54 925.54 925.54 925.54 925.54 925.54 930.63 930.63 930.63 930.63 930.63 930.63 930.63 930.63 930.63 930.63 930.63 930.63 930.63 930.63 930.63 930.63 930.63 930.63 930.63 930.63 930.63 930.63 930.63 930.63 930.63 930.63 930.63 930.63 930.63 930.63 935.72 935.72 935.72 935.72 935.72 935.72 935.72 935.72 935.72 935.72 935.72 935.72 935.72 935.72 935.72 935.72 935.72 935.72 935.72 935.72 935.72 935.72 935.72 935.72 935.72 935.72 935.72 935.72 935.72 935.72 940.81 940.81 940.81 940.81 940.81 940.81 940.81 940.81 940.81 940.81 940.81 940.81 940.81 940.81 940.81 940.81 940.81 940.81 940.81 940.81 940.81 940.81 940.81 940.81 940.81 940.81 940.81 940.81 940.81 940.81 945.92 945.92 945.92 945.92 945.92 945.92 945.92 945.92 945.92 945.92 945.92 945.92 945.92 945.92 945.92 945.92 945.92 945.92 945.92 945.92 945.92 945.92 945.92 945.92 945.92 945.92 945.92 945.92 945.92 945.92 951.03 951.03 951.03 951.03 951.03 951.03 951.03 951.03 951.03 951.03 951.03 951.03 951.03 951.03 951.03 951.03 951.03 951.03 951.03 951.03 951.03 951.03 951.03 951.03 951.03 951.03 951.03 951.03 951.03 951.03
=== END RADAR_SCAN ===

=== BEGIN RADAR_SCAN ===
scan.index=6
scan.time=176.670000
radar.id=0
radar.frequency=C
radar.scanning_mode=PPI
radar.x=0.000
radar.y=0.000
radar.z=25.000
radar.maximum_range=250000.000
radar.range_resolution=250.000
radar.angular_resolution=1.000000
box.radar_id=0
box.min_range_gate=140.000
box.max_range_gate=221.000
box.min_angle=131.000000
box.max_angle=161.000000
box.num_ranges=82
box.num_angles=30
box.range_resolution=250.000
box.angular_resolution=1.000000
box.other_angle=0.300000
grid.size=2460
grid.data=0.00 0.00 0.00 0.00 0.00 0.00 0.00 0.00 0.00 0.00 0.00 0.00 0.00 0.00 0.00 0.00 0.00 0.00 0.00 0.00 0.00 0.00 0.00 0.00 0.00 0.00 0.00 0.00 0.00 0.00 0.00 0.00 0.00 0.00 0.00 0.00 0.00 0.00 0.00 0.00 0.00 0.00 0.00 0.00 26.84 26.87 27.54 26.97 0.00 0.00 0.00 0.00 0.00 0.00 0.00 0.00 0.00 0.00 0.00 0.00 0.00 0.00 0.00 0.00 0.00 0.00 0.00 0.00 0.00 0.00 0.00 0.00 26.74 26.92 27.70 28.20 26.39 28.45 29.83 26.92 0.00 0.00 0.00 0.00 0.00 0.00 0.00 0.00 0.00 0.00 0.00 0.00 0.00 0.00 0.00 0.00 0.00 0.00 0.00 0.00 0.00 28.43 27.83 25.47 30.92 27.84 32.21 24.53 26.72 29.15 23.88 0.00 0.00 0.00 0.00 0.00 0.00 0.00 0.00 0.00 0.00 0.00 0.00 0.00 0.00 0.00 0.00 0.00 0.00 0.00 27.49 27.01 23.92 25.89 24.21 26.39 29.97 24.00 28.79 28.23 25.95 30.04 0.00 0.00 0.00 0.00 0.00 0.00 0.00 0.00 0.00 0.00 0.00 0.00 0.00 0.00 0.00 0.00 0.00 29.03 38.41 31.12 31.62 31.82 25.33 27.97 26.84 26.85 26.54 27.77 26.36 28.98 0.00 0.00 0.00 0.00 0.00 0.00 0.00 0.00 0.00 0.00 0.00 0.00 0.00 0.00 0.00 0.00 0.00 31.40 30.88 30.56 27.85 31.41 28.37 26.07 25.45 24.06 29.22 30.09 27.57 31.86 26.74 0.00 0.00 0.00 0.00 0.00 0.00 0.00 0.00 0.00 0.00 0.00 0.00 0.00 0.00 0.00 33.78 32.75 29.62 30.61 33.31 27.35 31.78 34.47 25.72 27.82 29.34 26.30 26.87 25.84 26.29 26.27 0.00 0.00 0.00 0.00 0.00 0.00 0.00 0.00 0.00 0.00 0.00 0.00 0.00 0.00 28.39 29.14 28.14 36.21 28.03 28.02 29.21 30.88 26.18 29.84 22.95 29.93 29.85 27.01 24.83 26.05 0.00 0.00 0.00 0.00 0.00 0.00 0.00 0.00 0.00 0.00 0.00 0.00 0.00 30.12 34.03 36.46 32.54 32.04 35.07 31.90 30.45 28.48 30.08 29.47 26.64 26.90 27.88 30.19 27.20 26.81 0.00 0.00 0.00 0.00 0.00 0.00 0.00 0.00 0.00 0.00 0.00 0.00 0.00 32.47 30.08 29.84 29.22 29.49 33.43 29.20 28.10 29.97 31.15 22.82 30.85 26.54 29.77 29.64 24.19 23.75 26.05 0.00 0.00 0.00 0.00 0.00 0.00 0.00 0.00 0.00 0.00 0.00 0.00 32.15 33.60 27.22 29.98 31.75 30.31 31.68 32.11 29.98 29.24 24.43 23.35 23.89 28.39 29.57 25.96 23.61 28.94 0.00 0.00 0.00 0.00 0.00 0.00 0.00 0.00 0.00 0.00 0.00 31.00 30.22 34.68 30.77 27.76 33.14 30.69 31.63 28.95 33.08 30.58 30.43 29.06 30.85 28.51 25.71 26.59 31.05 28.19 27.18 0.00 0.00 0.00 0.00 0.00 0.00 0.00 0.00 0.00 0.00 29.40 29.58 30.28 27.16 31.73 30.08 30.72 33.44 31.55 32.73 30.61 30.68 29.54 28.44 26.80 30.30 30.89 26.40 26.88 25.99 0.00 0.00 0.00 0.00 0.00 0.00 0.00 0.00 0.00 0.00 32.65 30.82 29.75 34.29 30.72 31.23 34.41 32.40 33.92 31.09 33.86 36.44 29.81 28.41 22.95 27.89 28.28 26.15 29.07 25.28 0.00 0.00 0.00 0.00 0.00 0.00 0.00 0.00 0.00 27.93 32.07 27.68 30.77 29.63 28.57 34.42 29.22 34.46 31.35 34.40 29.43 32.42 30.25 24.84 28.59 27.40 29.72 29.61 25.45 26.81 0.00 0.00 0.00 0.00 0.00 0.00 0.00 0.00 0.00 25.73 28.24 30.72 30.89 29.29 26.74 34.29 31.19 29.57 34.07 28.21 28.60 30.74 30.62 28.29 25.74 28.91 27.05 26.25 26.68 27.80 29.53 0.00 0.00 0.00 0.00 0.00 0.00 0.00 0.00 30.81 33.73 29.79 30.96 30.95 33.48 30.75 37.89 33.18 33.12 37.45 30.27 30.76 30.03 29.18 26.32 27.64 27.63 25.39 28.39 23.15 27.91 0.00 0.00 0.00 0.00 0.00 0.00 0.00 0.00 33.91 31.77 28.82 31.67 31.81 29.73 32.02 29.25 32.40 30.26 32.15 32.26 31.12 33.05 27.98 24.21 26.96 28.22 25.66 21.01 26.41 29.13 0.00 0.00 0.00 0.00 0.00 0.00 0.00 30.58 29.36 32.04 31.44 31.82 36.43 31.10 28.79 29.73 29.79 28.40 29.88 33.66 31.02 34.37 27.64 26.79 27.79 29.39 28.27 24.05 25.71 25.63 0.00 0.00 0.00 0.00 0.00 0.00 0.00 28.27 26.85 33.99 31.27 35.34 28.97 28.81 27.15 28.04 27.69 32.52 31.38 28.54 32.82 30.02 28.75 27.25 28.77 26.14 27.44 26.68 27.75 28.21 0.00 0.00 0.00 0.00 0.00 0.00 0.00 26.88 32.92 29.07 30.75 34.74 30.99 29.45 34.71 31.77 33.78 29.62 31.99 28.63 28.71 30.45 27.13 27.80 30.71 27.13 25.46 27.75 28.78 24.64 27.70 0.00 0.00 0.00 0.00 0.00 0.00 27.02 32.15 31.13 26.56 27.72 30.24 30.83 30.60 28.68 32.43 32.94 30.47 33.46 31.25 32.19 28.42 27.48 24.94 26.71 28.89 29.70 24.19 26.47 27.44 0.00 0.00 0.00 0.00 0.00 0.00 25.22 33.76 29.28 33.20 29.04 30.21 32.68 31.46 32.85 30.72 27.90 32.72 33.89 33.12 34.46 27.90 28.53 28.01 30.47 28.56 25.98 30.33 27.29 30.59 0.00 0.00 0.00 0.00 0.00 0.00 26.55 33.25 27.14 28.96 31.55 29.06 29.79 32.05 32.22 35.26 31.12 30.39 30.90 32.51 30.33 30.40 27.14 29.27 26.65 27.72 22.69 27.82 28.74 25.99 0.00 0.00 0.00 0.00 0.00 0.00 27.53 31.96 29.11 29.88 33.85 28.46 30.84 32.03 30.59 33.29 26.77 29.52 31.62 35.85 28.74 26.05 28.48 26.43 25.19 24.78 29.20 24.21 25.81 22.07 0.00 0.00 0.00 0.00 0.00 0.00 25.69 33.41 33.37 28.15 33.11 29.40 32.49 33.76 33.45 33.19 28.02 32.73 30.42 28.81 30.65 26.54 28.11 26.56 25.28 28.40 26.32 25.57 29.15 25.76 0.00 0.00 0.00 0.00 0.00 26.84 28.32 30.45 33.62 31.53 29.50 34.22 29.70 32.58 33.54 30.98 31.43 35.49 31.83 29.42 28.89 27.38 27.22 29.45 28.09 27.95 27.65 26.08 28.00 30.79 0.00 0.00 0.00 0.00 0.00 28.52 25.49 30.36 30.72 36.67 28.99 27.08 29.47 34.71 30.57 30.44 32.84 33.73 29.68 35.33 33.36 25.70 27.30 26.55 29.79 23.35 27.73 25.34 30.35 29.49 0.00 0.00 0.00 0.00 0.00 29.03 27.07 32.56 33.87 35.33 25.80 33.35 31.58 28.92 31.90 30.50 30.80 30.66 28.79 34.64 30.56 25.69 23.47 24.85 24.47 25.53 28.50 28.56 27.49 29.33 0.00 0.00 0.00 0.00 0.00 24.85 25.77 33.20 30.00 28.38 31.93 31.96 32.50 32.26 30.40 29.39 27.67 28.91 34.25 27.59 28.54 27.91 28.47 26.63 28.35 26.00 28.18 26.51 25.97 23.90 27.90 0.00 0.00 0.00 0.00 25.66 31.50 29.41 27.70 33.40 31.09 31.01 29.22 32.47 31.01 34.58 33.65 32.34 31.78 32.21 26.01 25.63 25.73 28.64 31.29 27.26 25.85 27.99 27.41 27.79 23.69 0.00 0.00 0.00 0.00 28.19 29.22 29.52 36.87 31.89 29.38 29.83 34.06 31.99 31.59 29.89 30.59 31.58 32.03 31.36 25.55 24.09 29.37 28.24 27.67 26.20 24.63 29.20 30.80 26.11 28.93 0.00 0.00 0.00 0.00 28.27 26.98 25.88 30.89 31.79 32.44 31.00 35.26 33.18 32.98 29.91 31.60 31.74 30.49 31.57 27.00 27.92 29.01 29.94 30.27 28.38 27.86 27.72 24.01 27.46 26.12 0.00 0.00 0.00 0.00 30.17 25.24 27.72 34.00 29.91 32.45 30.15 33.32 28.66 33.26 28.06 30.71 32.33 32.87 32.19 24.81 29.35 25.92 26.92 29.01 25.86 30.00 26.23 25.21 30.43 29.40 0.00 0.00 0.00 0.00 26.32 27.15 23.07 32.46 32.08 33.86 31.16 32.97 31.51 31.28 30.08 29.46 26.74 31.81 29.81 24.57 27.13 26.71 24.17 25.30 24.85 24.60 28.59 25.54 25.99 27.12 0.00 0.00 0.00 0.00 27.35 26.62 25.04 29.53 27.19 29.96 28.15 29.77 32.18 32.48 30.63 37.53 29.07 30.63 25.35 30.46 26.80 27.24 31.36 27.85 29.93 26.43 25.89 25.31 27.61 29.25 0.00 0.00 0.00 0.00 23.21 29.39 25.98 27.85 31.27 31.16 26.11 32.19 31.38 28.52 31.75 33.02 29.49 29.62 31.07 25.28 31.24 30.33 25.74 26.80 25.38 26.70 28.45 25.72 27.12 24.12 0.00 0.00 0.00 0.00 29.86 24.79 25.71 27.50 34.95 32.98 31.41 31.97 30.46 31.77 28.42 31.20 30.56 31.70 28.98 26.45 31.46 29.07 23.76 23.52 28.35 27.44 24.24 28.96 26.30 25.17 0.00 0.00 0.00 0.00 26.89 28.58 25.69 24.23 30.72 35.41 33.39 29.60 29.40 30.29 31.81 29.93 30.25 29.28 26.55 28.46 27.36 31.30 25.32 24.09 28.25 30.74 27.57 27.14 26.35 29.51 0.00 0.00 0.00 0.00 25.50 23.55 28.44 26.98 29.66 31.97 31.44 30.53 29.37 29.77 32.15 32.22 28.84 22.92 25.23 30.87 27.86 24.24 25.85 25.32 26.28 27.74 31.81 28.40 29.57 24.62 0.00 0.00 0.00 0.00 27.89 26.46 25.09 29.96 31.38 31.11 31.52 33.38 26.41 26.80 31.38 33.12 32.74 30.82 29.00 24.66 26.48 28.99 23.54 32.64 25.80 26.60 26.15 24.50 26.50 26.64 0.00 0.00 0.00 0.00 26.79 26.02 26.54 28.97 26.00 26.63 30.71 30.70 25.95 31.83 25.45 32.80 23.07 29.47 25.31 23.69 27.97 25.99 28.31 29.11 24.23 28.06 27.50 28.15 28.04 25.45 0.00 0.00 0.00 0.00 24.67 27.64 30.32 26.70 24.16 27.16 26.22 33.34 30.57 28.75 32.58 22.15 27.57 26.05 24.73 28.48 29.52 27.97 28.06 26.16 29.36 23.64 23.83 24.20 28.88 0.00 0.00 0.00 0.00 0.00 24.85 27.92 27.55 28.32 24.40 27.41 25.23 24.85 29.37 25.13 24.27 26.95 26.34 24.38 26.42 25.96 26.75 26.55 26.01 28.03 29.59 27.33 28.21 29.57 28.43 0.00 0.00 0.00 0.00 0.00 27.08 27.50 29.25 23.41 29.14 27.97 24.46 26.19 25.62 26.47 28.99 31.28 27.28 25.04 26.82 26.85 27.04 28.77 26.45 26.25 25.90 24.24 26.48 26.70 23.50 0.00 0.00 0.00 0.00 0.00 25.61 23.34 30.84 27.40 25.85 29.71 30.84 24.77 28.30 27.62 26.31 30.28 29.51 31.19 24.99 27.47 25.43 26.51 24.48 31.44 27.44 26.11 26.40 29.03 27.15 0.00 0.00 0.00 0.00 0.00 0.00 28.34 26.73 28.00 22.57 27.73 23.86 22.72 26.60 26.93 29.90 27.90 27.29 27.19 30.41 26.38 26.15 26.19 25.33 26.44 27.32 25.02 32.40 26.19 28.31 0.00 0.00 0.00 0.00 0.00 0.00 25.45 28.94 25.00 30.02 29.11 22.84 26.63 27.51 28.92 22.57 28.55 29.20 28.74 26.13 24.63 26.54 27.75 28.50 26.20 26.61 31.26 27.78 27.54 27.20 0.00 0.00 0.00 0.00 0.00 0.00 26.02 29.72 26.75 27.33 28.00 30.67 27.55 27.52 25.48 26.01 27.51 28.79 27.44 26.77 27.08 26.42 25.77 25.86 25.41 29.23 26.17 26.04 25.73 26.37 0.00 0.00 0.00 0.00 0.00 0.00 26.03 26.35 29.00 29.38 26.72 28.17 28.41 25.05 23.57 20.91 25.15 27.55 24.67 29.69 27.28 31.06 28.98 27.27 27.44 29.55 27.36 27.75 29.03 24.78 0.00 0.00 0.00 0.00 0.00 0.00 26.71 27.20 25.14 28.07 25.42 25.34 25.54 25.74 27.24 29.63 25.86 30.22 26.10 26.87 25.45 26.54 24.72 24.88 24.47 30.95 25.43 28.39 26.48 28.22 0.00 0.00 0.00 0.00 0.00 0.00 27.51 27.78 25.65 27.60 27.85 27.18 25.00 27.71 25.76 26.26 24.62 23.88 24.43 26.81 26.22 28.13 28.52 28.87 29.99 26.29 27.39 26.41 26.21 25.08 0.00 0.00 0.00 0.00 0.00 0.00 30.66 31.03 27.77 27.09 30.74 25.76 27.17 26.61 27.81 25.04 25.37 28.36 23.35 25.00 30.20 28.75 22.27 29.94 29.11 26.93 28.80 28.83 28.16 25.66 0.00 0.00 0.00 0.00 0.00 0.00 24.50 30.24 27.94 22.96 25.93 26.39 28.62 27.93 28.94 24.31 26.21 26.30 28.94 26.34 22.88 27.26 29.00 27.74 28.72 27.66 24.72 29.23 29.64 0.00 0.00 0.00 0.00 0.00 0.00 0.00 29.49 30.53 24.70 29.20 23.69 24.86 25.40 26.11 24.48 27.75 26.14 24.71 25.65 23.40 28.94 29.04 27.15 28.17 27.27 30.66 25.37 29.15 27.84 0.00 0.00 0.00 0.00 0.00 0.00 0.00 0.00 27.02 30.47 25.03 26.21 28.50 25.86 27.65 26.80 25.67 25.12 28.13 25.15 26.47 25.24 25.99 26.32 27.30 25.94 27.29 25.10 26.14 27.07 0.00 0.00 0.00 0.00 0.00 0.00 0.00 0.00 28.93 27.02 26.94 25.03 25.59 25.95 24.88 27.55 28.14 26.76 29.41 23.18 25.66 29.48 27.51 28.88 24.52 26.19 27.49 29.24 24.91 25.93 0.00 0.00 0.00 0.00 0.00 0.00 0.00 0.00 27.13 26.80 29.40 27.31 28.70 27.80 28.24 25.45 26.52 25.23 28.83 25.84 25.33 30.27 30.42 23.43 25.32 25.93 28.78 28.70 27.71 25.08 0.00 0.00 0.00 0.00 0.00 0.00 0.00 0.00 29.10 29.04 25.72 26.88 29.36 26.63 27.47 29.45 30.70 27.95 26.19 28.96 27.63 27.16 27.61 26.18 29.89 27.66 27.90 29.73 26.40 25.50 0.00 0.00 0.00 0.00 0.00 0.00 0.00 0.00 24.23 28.10 28.35 23.25 26.52 27.35 31.62 26.17 25.07 28.65 27.48 26.65 26.86 27.42 23.26 26.06 26.54 27.98 26.12 30.95 27.44 0.00 0.00 0.00 0.00 0.00 0.00 0.00 0.00 0.00 0.00 27.42 27.09 25.54 29.38 27.24 21.54 25.93 25.23 26.89 26.05 27.91 26.27 20.18 25.12 27.26 23.17 26.13 25.89 27.52 23.89 0.00 0.00 0.00 0.00 0.00 0.00 0.00 0.00 0.00 0.00 27.51 26.09 25.81 28.40 26.03 27.13 25.02 30.88 22.91 27.39 27.86 26.26 28.59 26.40 28.61 29.38 26.67 26.46 24.66 25.01 0.00 0.00 0.00 0.00 0.00 0.00 0.00 0.00 0.00 0.00 26.41 24.14 26.55 25.66 26.42 27.41 27.90 26.60 25.20 26.13 26.32 26.61 24.54 27.79 27.75 24.67 22.27 26.38 29.33 25.54 0.00 0.00 0.00 0.00 0.00 0.00 0.00 0.00 0.00 0.00 26.55 27.86 24.75 28.42 26.14 27.66 29.26 29.52 26.58 24.69 23.32 27.22 32.63 28.20 26.71 31.08 25.72 28.90 29.14 29.32 0.00 0.00 0.00 0.00 0.00 0.00 0.00 0.00 0.00 0.00 28.64 29.70 26.81 23.50 24.71 26.65 25.52 26.50 26.74 26.51 26.90 25.45 27.25 26.70 25.83 29.54 25.89 25.34 28.82 0.00 0.00 0.00 0.00 0.00 0.00 0.00 0.00 0.00 0.00 0.00 0.00 24.54 22.81 25.39 23.87 27.95 26.35 25.14 26.48 27.29 22.82 30.34 27.32 28.75 27.12 26.17 27.33 25.64 23.70 0.00 0.00 0.00 0.00 0.00 0.00 0.00 0.00 0.00 0.00 0.00 0.00 25.97 24.66 29.82 24.54 23.92 25.98 26.80 26.87 24.07 28.34 27.44 24.04 26.59 22.58 28.44 29.49 24.55 31.66 0.00 0.00 0.00 0.00 0.00 0.00 0.00 0.00 0.00 0.00 0.00 0.00 27.98 23.84 25.93 23.84 28.51 29.41 26.77 27.70 29.58 30.25 24.42 25.51 26.19 25.81 28.07 29.45 26.21 28.17 0.00 0.00 0.00 0.00 0.00 0.00 0.00 0.00 0.00 0.00 0.00 0.00 0.00 20.59 29.44 26.18 26.43 26.68 27.28 25.61 26.68 25.90 31.46 28.67 27.50 24.57 28.32 23.47 24.41 0.00 0.00 0.00 0.00 0.00 0.00 0.00 0.00 0.00 0.00 0.00 0.00 0.00 0.00 26.59 31.02 27.15 28.47 24.75 25.82 27.35 27.46 27.62 26.61 24.97 27.62 27.98 26.78 29.89 29.44 0.00 0.00 0.00 0.00 0.00 0.00 0.00 0.00 0.00 0.00 0.00 0.00 0.00 0.00 24.92 27.98 26.36 23.85 27.98 28.19 24.66 24.74 31.89 27.88 27.46 28.11 25.96 23.56 28.08 29.51 0.00 0.00 0.00 0.00 0.00 0.00 0.00 0.00 0.00 0.00 0.00 0.00 0.00 0.00 0.00 22.51 26.21 27.15 27.61 23.74 25.25 28.24 29.37 33.13 27.61 26.80 30.45 24.25 32.20 0.00 0.00 0.00 0.00 0.00 0.00 0.00 0.00 0.00 0.00 0.00 0.00 0.00 0.00 0.00 0.00 25.19 25.25 26.52 25.19 27.30 27.34 24.41 28.54 27.27 30.18 28.31 27.50 25.70 27.45 0.00 0.00 0.00 0.00 0.00 0.00 0.00 0.00 0.00 0.00 0.00 0.00 0.00 0.00 0.00 0.00 25.89 29.17 28.39 25.40 25.76 23.28 22.20 31.14 24.62 27.30 27.00 28.90 28.12 0.00 0.00 0.00 0.00 0.00 0.00 0.00 0.00 0.00 0.00 0.00 0.00 0.00 0.00 0.00 0.00 0.00 0.00 26.65 23.95 26.96 26.42 25.90 25.54 25.32 27.32 27.46 26.22 26.24 27.49 0.00 0.00 0.00 0.00 0.00 0.00 0.00 0.00 0.00 0.00 0.00 0.00 0.00 0.00 0.00 0.00 0.00 0.00 25.26 27.88 29.22 27.00 27.53 27.43 26.07 27.51 26.27 27.80 24.88 0.00 0.00 0.00 0.00 0.00 0.00 0.00 0.00 0.00 0.00 0.00 0.00 0.00 0.00 0.00 0.00 0.00 0.00 0.00 0.00 26.21 26.95 24.21 29.03 25.93 26.59 27.96 25.06 27.98 29.37 0.00 0.00 0.00 0.00 0.00 0.00 0.00 0.00 0.00 0.00 0.00 0.00 0.00 0.00 0.00 0.00 0.00 0.00 0.00 0.00 0.00 27.30 28.27 30.92 26.79 26.79 27.33 25.12 25.93 0.00 0.00 0.00 0.00 0.00 0.00 0.00 0.00 0.00 0.00 0.00 0.00 0.00 0.00 0.00 0.00 0.00 0.00 0.00 0.00 0.00 0.00 0.00 24.54 28.64 23.82 26.97 26.22 27.29 0.00 0.00 0.00 0.00 0.00 0.00 0.00 0.00 0.00 0.00 0.00 0.00 0.00 0.00 0.00 0.00 0.00 0.00 0.00 0.00 0.00 0.00 0.00 0.00 0.00 28.30 22.11 25.55 26.20 0.00 0.00 0.00 0.00 0.00 0.00 0.00 0.00 0.00 0.00 0.00 0.00 0.00 0.00 0.00 0.00 0.00 0.00 0.00 0.00 0.00 0.00 0.00 0.00 0.00 0.00 0.00 0.00 0.00 0.00 0.00 0.00 0.00 0.00 0.00 0.00 0.00 0.00 0.00 0.00 0.00 0.00
rain_type.data=0 0 0 0 0 0 0 0 0 0 0 0 0 0 0 0 0 0 0 0 0 0 0 0 0 0 0 0 0 0 0 0 0 0 0 0 0 0 0 0 0 0 0 0 1 1 1 1 0 0 0 0 0 0 0 0 0 0 0 0 0 0 0 0 0 0 0 0 0 0 0 0 1 1 1 1 1 1 1 1 0 0 0 0 0 0 0 0 0 0 0 0 0 0 0 0 0 0 0 0 0 1 1 1 1 1 1 1 1 1 1 0 0 0 0 0 0 0 0 0 0 0 0 0 0 0 0 0 0 0 1 1 1 1 1 1 1 1 1 1 1 1 0 0 0 0 0 0 0 0 0 0 0 0 0 0 0 0 0 1 2 2 2 2 1 1 1 1 1 1 1 1 0 0 0 0 0 0 0 0 0 0 0 0 0 0 0 0 0 2 2 2 2 2 2 1 1 1 1 1 1 1 1 0 0 0 0 0 0 0 0 0 0 0 0 0 0 0 2 2 2 2 2 2 2 2 1 1 1 1 1 1 1 1 0 0 0 0 0 0 0 0 0 0 0 0 0 0 2 2 2 2 2 2 2 2 1 1 1 1 1 1 1 1 0 0 0 0 0 0 0 0 0 0 0 0 0 2 2 2 2 2 2 2 2 2 2 1 1 1 1 1 1 1 0 0 0 0 0 0 0 0 0 0 0 0 0 2 2 2 2 2 2 2 2 2 2 1 1 1 1 1 1 1 1 0 0 0 0 0 0 0 0 0 0 0 0 2 2 2 2 2 2 2 2 2 2 1 1 1 1 1 1 1 1 0 0 0 0 0 0 0 0 0 0 0 2 2 2 2 2 2 2 2 2 2 2 2 1 1 1 1 1 1 1 1 0 0 0 0 0 0 0 0 0 0 2 2 2 2 2 2 2 2 2 2 2 2 1 1 1 1 1 1 1 1 0 0 0 0 0 0 0 0 0 0 2 2 2 2 2 2 2 2 2 2 2 2 1 1 1 1 1 1 1 1 0 0 0 0 0 0 0 0 0 1 2 2 2 2 2 2 2 2 2 2 2 2 1 1 1 1 1 1 1 1 0 0 0 0 0 0 0 0 0 1 2 2 2 2 2 2 2 2 2 2 2 2 2 1 1 1 1 1 1 1 1 0 0 0 0 0 0 0 0 2 2 2 2 2 2 2 2 2 2 2 2 2 2 1 1 1 1 1 1 1 1 0 0 0 0 0 0 0 0 2 2 2 2 2 2 2 2 2 2 2 2 2 2 1 1 1 1 1 1 1 1 0 0 0 0 0 0 0 1 2 2 2 2 2 2 2 2 2 2 2 2 2 2 1 1 1 1 1 1 1 1 0 0 0 0 0 0 0 1 2 2 2 2 2 2 2 2 2 2 2 2 2 2 1 1 1 1 1 1 1 1 0 0 0 0 0 0 0 1 2 2 2 2 2 2 2 2 2 2 2 2 2 2 1 1 1 1 1 1 1 1 1 0 0 0 0 0 0 1 2 2 2 2 2 2 2 2 2 2 2 2 2 2 1 1 1 1 1 1 1 1 1 0 0 0 0 0 0 1 2 2 2 2 2 2 2 2 2 2 2 2 2 2 1 1 1 1 1 1 1 1 1 0 0 0 0 0 0 1 2 2 2 2 2 2 2 2 2 2 2 2 2 2 1 1 1 1 1 1 1 1 1 0 0 0 0 0 0 1 2 2 2 2 2 2 2 2 2 2 2 2 2 2 1 1 1 1 1 1 1 1 1 0 0 0 0 0 0 1 2 2 2 2 2 2 2 2 2 2 2 2 2 2 1 1 1 1 1 1 1 1 1 0 0 0 0 0 1 1 2 2 2 2 2 2 2 2 2 2 2 2 2 2 1 1 1 1 1 1 1 1 1 0 0 0 0 0 1 1 2 2 2 2 2 2 2 2 2 2 2 2 2 2 1 1 1 1 1 1 1 1 1 0 0 0 0 0 1 1 2 2 2 2 2 2 2 2 2 2 2 2 2 2 1 1 1 1 1 1 1 1 1 0 0 0 0 0 1 1 2 2 2 2 2 2 2 2 2 2 2 2 2 2 1 1 1 1 1 1 1 1 1 1 0 0 0 0 1 1 1 2 2 2 2 2 2 2 2 2 2 2 2 1 1 1 1 1 1 1 1 1 1 1 0 0 0 0 1 1 1 2 2 2 2 2 2 2 2 2 2 2 2 1 1 1 1 1 1 1 1 1 1 1 0 0 0 0 1 1 1 2 2 2 2 2 2 2 2 2 2 2 2 1 1 1 1 1 1 1 1 1 1 1 0 0 0 0 1 1 1 2 2 2 2 2 2 2 2 2 2 2 2 1 1 1 1 1 1 1 1 1 1 1 0 0 0 0 1 1 1 2 2 2 2 2 2 2 2 2 2 2 2 1 1 1 1 1 1 1 1 1 1 1 0 0 0 0 1 1 1 1 2 2 2 2 2 2 2 2 2 2 1 1 1 1 1 1 1 1 1 1 1 1 0 0 0 0 1 1 1 1 2 2 2 2 2 2 2 2 2 2 1 1 1 1 1 1 1 1 1 1 1 1 0 0 0 0 1 1 1 1 2 2 2 2 2 2 2 2 2 2 1 1 1 1 1 1 1 1 1 1 1 1 0 0 0 0 1 1 1 1 2 2 2 2 2 2 2 2 2 2 1 1 1 1 1 1 1 1 1 1 1 1 0 0 0 0 1 1 1 1 1 2 2 2 2 2 2 2 2 1 1 1 1 1 1 1 1 1 1 1 1 1 0 0 0 0 1 1 1 1 1 2 2 2 2 2 2 2 2 1 1 1 1 1 1 1 1 1 1 1 1 1 0 0 0 0 1 1 1 1 1 1 2 2 2 2 2 2 1 1 1 1 1 1 1 1 1 1 1 1 1 1 0 0 0 0 1 1 1 1 1 1 1 2 2 2 2 1 1 1 1 1 1 1 1 1 1 1 1 1 1 0 0 0 0 0 1 1 1 1 1 1 1 1 2 2 1 1 1 1 1 1 1 1 1 1 1 1 1 1 1 0 0 0 0 0 1 1 1 1 1 1 1 1 1 1 1 1 1 1 1 1 1 1 1 1 1 1 1 1 1 0 0 0 0 0 1 1 1 1 1 1 1 1 1 1 1 1 1 1 1 1 1 1 1 1 1 1 1 1 1 0 0 0 0 0 0 1 1 1 1 1 1 1 1 1 1 1 1 1 1 1 1 1 1 1 1 1 1 1 1 0 0 0 0 0 0 1 1 1 1 1 1 1 1 1 1 1 1 1 1 1 1 1 1 1 1 1 1 1 1 0 0 0 0 0 0 1 1 1 1 1 1 1 1 1 1 1 1 1 1 1 1 1 1 1 1 1 1 1 1 0 0 0 0 0 0 1 1 1 1 1 1 1 1 1 1 1 1 1 1 1 1 1 1 1 1 1 1 1 1 0 0 0 0 0 0 1 1 1 1 1 1 1 1 1 1 1 1 1 1 1 1 1 1 1 1 1 1 1 1 0 0 0 0 0 0 1 1 1 1 1 1 1 1 1 1 1 1 1 1 1 1 1 1 1 1 1 1 1 1 0 0 0 0 0 0 1 1 1 1 1 1 1 1 1 1 1 1 1 1 1 1 1 1 1 1 1 1 1 1 0 0 0 0 0 0 1 1 1 1 1 1 1 1 1 1 1 1 1 1 1 1 1 1 1 1 1 1 1 0 0 0 0 0 0 0 1 1 1 1 1 1 1 1 1 1 1 1 1 1 1 1 1 1 1 1 1 1 1 0 0 0 0 0 0 0 0 1 1 1 1 1 1 1 1 1 1 1 1 1 1 1 1 1 1 1 1 1 1 0 0 0 0 0 0 0 0 1 1 1 1 1 1 1 1 1 1 1 1 1 1 1 1 1 1 1 1 1 1 0 0 0 0 0 0 0 0 1 1 1 1 1 1 1 1 1 1 1 1 1 1 1 1 1 1 1 1 1 1 0 0 0 0 0 0 0 0 1 1 1 1 1 1 1 1 1 1 1 1 1 1 1 1 1 1 1 1 1 1 0 0 0 0 0 0 0 0 1 1 1 1 1 1 1 1 1 1 1 1 1 1 1 1 1 1 1 1 1 0 0 0 0 0 0 0 0 0 0 1 1 1 1 1 1 1 1 1 1 1 1 1 1 1 1 1 1 1 1 0 0 0 0 0 0 0 0 0 0 1 1 1 1 1 1 1 1 1 1 1 1 1 1 1 1 1 1 1 1 0 0 0 0 0 0 0 0 0 0 1 1 1 1 1 1 1 1 1 1 1 1 1 1 1 1 1 1 1 1 0 0 0 0 0 0 0 0 0 0 1 1 1 1 1 1 1 1 1 1 1 1 1 1 1 1 1 1 1 1 0 0 0 0 0 0 0 0 0 0 1 1 1 1 1 1 1 1 1 1 1 1 1 1 1 1 1 1 1 0 0 0 0 0 0 0 0 0 0 0 0 1 1 1 1 1 1 1 1 1 1 1 1 1 1 1 1 1 1 0 0 0 0 0 0 0 0 0 0 0 0 1 1 1 1 1 1 1 1 1 1 1 1 1 1 1 1 1 1 0 0 0 0 0 0 0 0 0 0 0 0 1 1 1 1 1 1 1 1 1 1 1 1 1 1 1 1 1 1 0 0 0 0 0 0 0 0 0 0 0 0 0 1 1 1 1 1 1 1 1 1 1 1 1 1 1 1 1 0 0 0 0 0 0 0 0 0 0 0 0 0 0 1 1 1 1 1 1 1 1 1 1 1 1 1 1 1 1 0 0 0 0 0 0 0 0 0 0 0 0 0 0 1 1 1 1 1 1 1 1 1 1 1 1 1 1 1 1 0 0 0 0 0 0 0 0 0 0 0 0 0 0 0 1 1 1 1 1 1 1 1 1 1 1 1 1 1 0 0 0 0 0 0 0 0 0 0 0 0 0 0 0 0 1 1 1 1 1 1 1 1 1 1 1 1 1 1 0 0 0 0 0 0 0 0 0 0 0 0 0 0 0 0 1 1 1 1 1 1 1 1 1 1 1 1 1 0 0 0 0 0 0 0 0 0 0 0 0 0 0 0 0 0 0 1 1 1 1 1 1 1 1 1 1 1 1 0 0 0 0 0 0 0 0 0 0 0 0 0 0 0 0 0 0 1 1 1 1 1 1 1 1 1 1 1 0 0 0 0 0 0 0 0 0 0 0 0 0 0 0 0 0 0 0 0 1 1 1 1 1 1 1 1 1 1 0 0 0 0 0 0 0 0 0 0 0 0 0 0 0 0 0 0 0 0 0 1 1 1 1 1 1 1 1 0 0 0 0 0 0 0 0 0 0 0 0 0 0 0 0 0 0 0 0 0 0 0 1 1 1 1 1 1 0 0 0 0 0 0 0 0 0 0 0 0 0 0 0 0 0 0 0 0 0 0 0 0 0 1 1 1 1 0 0 0 0 0 0 0 0 0 0 0 0 0 0 0 0 0 0 0 0 0 0 0 0 0 0 0 0 0 0 0 0 0 0 0 0 0 0 0 0 0 0
estimated_attenuation.size=2460
estimated_attenuation.data=0.00 0.00 0.00 0.00 0.00 0.00 0.00 0.00 0.00 0.00 0.00 0.00 0.00 0.00 0.00 0.00 0.00 0.00 0.00 0.00 0.00 0.00 0.00 0.00 0.00 0.00 0.00 0.00 0.00 0.00 0.00 0.00 0.00 0.00 0.00 0.00 0.00 0.00 0.00 0.00 0.00 0.00 0.00 0.00 0.00 0.00 0.00 0.00 0.00 0.00 0.00 0.00 0.00 0.00 0.00 0.00 0.00 0.00 0.00 0.00 0.00 0.00 0.00 0.00 0.00 0.00 0.00 0.00 0.00 0.00 0.00 0.00 0.00 0.00 0.00 0.00 0.00 0.00 0.00 0.00 0.00 0.00 0.00 0.00 0.00 0.00 0.00 0.00 0.00 0.00 0.00 0.00 0.00 0.00 0.00 0.00 0.00 0.00 0.00 0.00 0.00 0.00 0.00 0.00 0.00 0.00 0.00 0.00 0.00 0.00 0.00 0.00 0.00 0.00 0.00 0.00 0.00 0.00 0.00 0.00 0.00 0.00 0.00 0.00 0.00 0.00 0.00 0.00 0.00 0.00 0.00 0.00 0.00 0.00 0.00 0.00 0.00 0.00 0.00 0.00 0.00 0.00 0.00 0.00 0.00 0.00 0.00 0.00 0.00 0.00 0.00 0.00 0.00 0.00 0.00 0.00 0.00 0.00 0.00 0.00 0.01 0.00 0.00 0.00 0.00 0.00 0.00 0.00 0.00 0.00 0.00 0.00 0.00 0.00 0.00 0.00 0.00 0.00 0.00 0.00 0.00 0.00 0.00 0.00 0.00 0.00 0.00 0.00 0.00 0.00 0.01 0.00 0.00 0.00 0.00 0.00 0.00 0.00 0.00 0.00 0.00 0.00 0.00 0.00 0.00 0.00 0.00 0.00 0.00 0.00 0.00 0.00 0.00 0.00 0.00 0.00 0.00 0.00 0.00 0.00 0.01 0.00 0.00 0.01 0.00 0.01 0.00 0.00 0.00 0.00 0.00 0.00 0.00 0.00 0.00 0.00 0.00 0.00 0.00 0.00 0.00 0.00 0.00 0.00 0.00 0.00 0.00 0.00 0.00 0.00 0.01 0.01 0.01 0.01 0.01 0.01 0.01 0.00 0.00 0.00 0.00 0.00 0.00 0.00 0.00 0.00 0.00 0.00 0.00 0.00 0.00 0.00 0.00 0.00 0.00 0.00 0.00 0.00 0.00 0.01 0.01 0.01 0.01 0.01 0.01 0.01 0.01 0.01 0.00 0.01 0.00 0.00 0.00 0.00 0.00 0.00 0.00 0.00 0.00 0.00 0.00 0.00 0.00 0.00 0.00 0.00 0.00 0.00 0.01 0.01 0.01 0.01 0.01 0.01 0.01 0.01 0.01 0.01 0.01 0.01 0.00 0.01 0.00 0.00 0.00 0.00 0.00 0.00 0.00 0.00 0.00 0.00 0.00 0.00 0.00 0.00 0.00 0.00 0.01 0.01 0.01 0.01 0.01 0.01 0.01 0.01 0.01 0.01 0.01 0.01 0.01 0.01 0.00 0.00 0.00 0.00 0.00 0.00 0.00 0.00 0.00 0.00 0.00 0.00 0.00 0.00 0.00 0.01 0.01 0.01 0.01 0.01 0.01 0.01 0.01 0.01 0.01 0.01 0.01 0.01 0.01 0.01 0.00 0.00 0.00 0.00 0.00 0.00 0.00 0.00 0.00 0.00 0.00 0.00 0.00 0.00 0.00 0.01 0.01 0.01 0.01 0.01 0.01 0.01 0.01 0.01 0.01 0.01 0.01 0.01 0.01 0.01 0.00 0.00 0.00 0.00 0.00 0.00 0.00 0.00 0.00 0.00 0.00 0.00 0.00 0.00 0.00 0.01 0.01 0.01 0.02 0.02 0.02 0.01 0.01 0.01 0.01 0.01 0.01 0.01 0.01 0.01 0.01 0.00 0.00 0.00 0.00 0.00 0.00 0.00 0.00 0.00 0.00 0.00 0.00 0.00 0.01 0.01 0.01 0.02 0.02 0.02 0.02 0.02 0.01 0.02 0.01 0.01 0.01 0.01 0.01 0.01 0.01 0.01 0.00 0.00 0.00 0.00 0.00 0.00 0.00 0.00 0.00 0.00 0.00 0.00 0.01 0.01 0.01 0.02 0.02 0.02 0.02 0.02 0.02 0.02 0.01 0.01 0.01 0.01 0.01 0.01 0.01 0.01 0.00 0.00 0.00 0.00 0.00 0.00 0.00 0.00 0.00 0.00 0.00 0.00 0.01 0.01 0.02 0.02 0.02 0.02 0.02 0.02 0.02 0.02 0.02 0.01 0.01 0.01 0.01 0.01 0.01 0.01 0.00 0.00 0.00 0.00 0.00 0.00 0.00 0.00 0.00 0.00 0.00 0.01 0.01 0.01 0.02 0.02 0.02 0.02 0.02 0.02 0.02 0.02 0.02 0.02 0.01 0.01 0.01 0.01 0.01 0.01 0.00 0.00 0.00 0.00 0.00 0.00 0.00 0.00 0.00 0.00 0.00 0.01 0.01 0.01 0.02 0.02 0.02 0.02 0.02 0.02 0.02 0.02 0.02 0.02 0.02 0.01 0.01 0.01 0.01 0.01 0.00 0.00 0.00 0.00 0.00 0.00 0.00 0.00 0.00 0.00 0.00 0.01 0.01 0.01 0.02 0.02 0.02 0.03 0.03 0.02 0.02 0.03 0.02 0.02 0.02 0.01 0.01 0.01 0.01 0.01 0.01 0.00 0.00 0.00 0.00 0.00 0.00 0.00 0.00 0.00 0.00 0.01 0.01 0.01 0.02 0.03 0.02 0.03 0.03 0.03 0.02 0.03 0.02 0.02 0.02 0.01 0.01 0.01 0.01 0.01 0.01 0.01 0.00 0.00 0.00 0.00 0.00 0.00 0.00 0.00 0.00 0.01 0.02 0.02 0.03 0.03 0.02 0.03 0.03 0.03 0.02 0.03 0.02 0.02 0.02 0.01 0.01 0.01 0.01 0.01 0.01 0.01 0.00 0.00 0.00 0.00 0.00 0.00 0.00 0.00 0.00 0.01 0.02 0.02 0.03 0.03 0.03 0.03 0.03 0.03 0.03 0.03 0.02 0.02 0.02 0.01 0.01 0.01 0.01 0.01 0.01 0.01 0.00 0.00 0.00 0.00 0.00 0.00 0.00 0.00 0.00 0.01 0.02 0.02 0.03 0.03 0.03 0.03 0.03 0.03 0.03 0.03 0.03 0.02 0.02 0.01 0.01 0.02 0.01 0.01 0.01 0.01 0.01 0.00 0.00 0.00 0.00 0.00 0.00 0.00 0.00 0.01 0.02 0.02 0.03 0.03 0.03 0.03 0.03 0.03 0.03 0.03 0.03 0.03 0.02 0.02 0.01 0.02 0.01 0.01 0.01 0.01 0.01 0.00 0.00 0.00 0.00 0.00 0.00 0.00 0.00 0.02 0.02 0.02 0.03 0.03 0.03 0.04 0.03 0.03 0.03 0.03 0.03 0.03 0.02 0.02 0.01 0.02 0.01 0.01 0.01 0.01 0.01 0.00 0.00 0.00 0.00 0.00 0.00 0.00 0.01 0.02 0.02 0.02 0.03 0.03 0.03 0.04 0.04 0.04 0.03 0.04 0.03 0.03 0.02 0.02 0.01 0.02 0.01 0.01 0.01 0.01 0.01 0.00 0.00 0.00 0.00 0.00 0.00 0.00 0.01 0.02 0.02 0.02 0.03 0.03 0.03 0.04 0.04 0.04 0.03 0.04 0.03 0.03 0.03 0.02 0.01 0.02 0.01 0.01 0.01 0.01 0.01 0.00 0.00 0.00 0.00 0.00 0.00 0.00 0.01 0.02 0.03 0.03 0.03 0.04 0.03 0.04 0.04 0.04 0.03 0.04 0.03 0.03 0.03 0.02 0.01 0.02 0.01 0.01 0.01 0.01 0.01 0.01 0.00 0.00 0.00 0.00 0.00 0.00 0.01 0.02 0.03 0.03 0.03 0.04 0.03 0.04 0.04 0.04 0.03 0.04 0.04 0.03 0.03 0.02 0.02 0.02 0.01 0.01 0.01 0.01 0.01 0.01 0.00 0.00 0.00 0.00 0.00 0.00 0.01 0.02 0.03 0.03 0.03 0.04 0.04 0.05 0.04 0.04 0.04 0.04 0.04 0.04 0.03 0.02 0.02 0.02 0.02 0.01 0.01 0.01 0.01 0.01 0.00 0.00 0.00 0.00 0.00 0.00 0.01 0.02 0.03 0.03 0.04 0.04 0.04 0.05 0.04 0.04 0.04 0.04 0.04 0.04 0.03 0.02 0.02 0.02 0.02 0.01 0.01 0.01 0.01 0.01 0.00 0.00 0.00 0.00 0.00 0.00 0.01 0.02 0.03 0.03 0.04 0.04 0.04 0.05 0.04 0.04 0.04 0.05 0.04 0.04 0.03 0.02 0.02 0.02 0.02 0.01 0.01 0.01 0.01 0.01 0.00 0.00 0.00 0.00 0.00 0.00 0.01 0.03 0.04 0.03 0.04 0.04 0.04 0.05 0.05 0.04 0.04 0.05 0.04 0.04 0.03 0.02 0.02 0.02 0.02 0.01 0.01 0.01 0.01 0.01 0.00 0.00 0.00 0.00 0.00 0.01 0.01 0.03 0.04 0.04 0.04 0.04 0.04 0.05 0.05 0.04 0.04 0.05 0.04 0.04 0.03 0.02 0.02 0.02 0.02 0.02 0.01 0.01 0.01 0.01 0.00 0.00 0.00 0.00 0.00 0.01 0.01 0.03 0.04 0.04 0.04 0.04 0.04 0.05 0.05 0.05 0.04 0.05 0.04 0.04 0.03 0.02 0.02 0.02 0.02 0.02 0.01 0.01 0.01 0.01 0.00 0.00 0.00 0.00 0.00 0.01 0.01 0.03 0.04 0.04 0.04 0.04 0.05 0.05 0.05 0.05 0.05 0.05 0.04 0.04 0.03 0.02 0.02 0.02 0.02 0.02 0.02 0.01 0.01 0.01 0.01 0.00 0.00 0.00 0.00 0.01 0.01 0.03 0.04 0.04 0.05 0.05 0.05 0.05 0.05 0.05 0.05 0.05 0.04 0.04 0.03 0.02 0.02 0.02 0.02 0.02 0.02 0.01 0.01 0.01 0.01 0.00 0.00 0.00 0.00 0.01 0.01 0.03 0.04 0.04 0.05 0.05 0.05 0.05 0.05 0.05 0.05 0.05 0.05 0.04 0.03 0.02 0.02 0.02 0.02 0.02 0.02 0.02 0.01 0.01 0.01 0.00 0.00 0.00 0.00 0.01 0.01 0.03 0.04 0.04 0.05 0.05 0.05 0.06 0.05 0.05 0.05 0.05 0.05 0.04 0.03 0.02 0.02 0.02 0.02 0.02 0.02 0.02 0.01 0.01 0.01 0.00 0.00 0.00 0.00 0.01 0.01 0.03 0.04 0.04 0.05 0.05 0.05 0.06 0.05 0.05 0.05 0.05 0.05 0.04 0.03 0.02 0.02 0.02 0.02 0.02 0.02 0.02 0.01 0.01 0.01 0.00 0.00 0.00 0.00 0.01 0.01 0.03 0.04 0.04 0.05 0.05 0.05 0.06 0.06 0.05 0.05 0.05 0.05 0.05 0.03 0.03 0.02 0.02 0.02 0.02 0.02 0.02 0.02 0.01 0.01 0.00 0.00 0.00 0.00 0.01 0.01 0.03 0.04 0.04 0.05 0.05 0.05 0.06 0.06 0.05 0.05 0.06 0.05 0.05 0.03 0.03 0.02 0.03 0.02 0.02 0.02 0.02 0.02 0.01 0.00 0.00 0.00 0.00 0.00 0.01 0.02 0.03 0.04 0.04 0.05 0.05 0.05 0.06 0.06 0.05 0.05 0.06 0.05 0.05 0.04 0.03 0.02 0.03 0.02 0.02 0.02 0.02 0.02 0.01 0.00 0.00 0.00 0.00 0.00 0.01 0.02 0.03 0.04 0.04 0.05 0.05 0.06 0.06 0.06 0.06 0.06 0.06 0.05 0.05 0.04 0.03 0.02 0.03 0.02 0.02 0.02 0.02 0.02 0.01 0.00 0.00 0.00 0.00 0.00 0.01 0.02 0.03 0.04 0.04 0.05 0.05 0.06 0.06 0.06 0.06 0.06 0.06 0.05 0.05 0.04 0.03 0.03 0.03 0.03 0.02 0.02 0.02 0.02 0.01 0.00 0.00 0.00 0.00 0.00 0.00 0.02 0.03 0.04 0.04 0.05 0.05 0.06 0.06 0.06 0.06 0.06 0.06 0.05 0.05 0.04 0.03 0.03 0.03 0.03 0.02 0.02 0.02 0.02 0.02 0.00 0.00 0.00 0.00 0.00 0.00 0.02 0.03 0.04 0.05 0.05 0.05 0.06 0.06 0.06 0.06 0.06 0.06 0.05 0.05 0.04 0.03 0.03 0.03 0.03 0.02 0.02 0.02 0.02 0.02 0.00 0.00 0.00 0.00 0.00 0.00 0.02 0.03 0.05 0.05 0.06 0.05 0.06 0.06 0.06 0.06 0.06 0.06 0.05 0.05 0.04 0.03 0.03 0.03 0.03 0.02 0.02 0.02 0.02 0.02 0.00 0.00 0.00 0.00 0.00 0.00 0.02 0.04 0.05 0.05 0.06 0.06 0.06 0.06 0.06 0.06 0.06 0.06 0.05 0.05 0.04 0.03 0.03 0.03 0.03 0.02 0.02 0.02 0.02 0.02 0.00 0.00 0.00 0.00 0.00 0.00 0.02 0.04 0.05 0.05 0.06 0.06 0.06 0.06 0.06 0.06 0.06 0.06 0.05 0.05 0.04 0.03 0.03 0.03 0.03 0.02 0.02 0.02 0.02 0.02 0.00 0.00 0.00 0.00 0.00 0.00 0.02 0.04 0.05 0.05 0.06 0.06 0.06 0.06 0.06 0.06 0.06 0.06 0.05 0.05 0.04 0.03 0.03 0.03 0.03 0.02 0.02 0.02 0.02 0.02 0.00 0.00 0.00 0.00 0.00 0.00 0.02 0.04 0.05 0.05 0.06 0.06 0.06 0.06 0.06 0.06 0.06 0.06 0.05 0.05 0.04 0.03 0.03 0.03 0.03 0.03 0.02 0.02 0.02 0.02 0.00 0.00 0.00 0.00 0.00 0.00 0.02 0.04 0.05 0.05 0.06 0.06 0.06 0.06 0.06 0.06 0.06 0.06 0.05 0.05 0.04 0.03 0.03 0.03 0.03 0.03 0.02 0.03 0.02 0.00 0.00 0.00 0.00 0.00 0.00 0.00 0.02 0.04 0.05 0.05 0.06 0.06 0.06 0.06 0.06 0.06 0.06 0.06 0.05 0.05 0.04 0.03 0.03 0.03 0.03 0.03 0.03 0.03 0.02 0.00 0.00 0.00 0.00 0.00 0.00 0.00 0.00 0.04 0.05 0.05 0.06 0.06 0.06 0.07 0.06 0.06 0.06 0.06 0.05 0.05 0.04 0.03 0.03 0.03 0.03 0.03 0.03 0.03 0.02 0.00 0.00 0.00 0.00 0.00 0.00 0.00 0.00 0.04 0.05 0.05 0.06 0.06 0.06 0.07 0.06 0.06 0.06 0.06 0.05 0.05 0.04 0.03 0.03 0.03 0.03 0.03 0.03 0.03 0.02 0.00 0.00 0.00 0.00 0.00 0.00 0.00 0.00 0.04 0.05 0.05 0.06 0.06 0.06 0.07 0.06 0.06 0.06 0.06 0.06 0.05 0.04 0.04 0.03 0.03 0.03 0.03 0.03 0.03 0.02 0.00 0.00 0.00 0.00 0.00 0.00 0.00 0.00 0.04 0.05 0.05 0.06 0.06 0.06 0.07 0.06 0.06 0.06 0.07 0.06 0.05 0.04 0.04 0.03 0.03 0.03 0.03 0.03 0.03 0.03 0.00 0.00 0.00 0.00 0.00 0.00 0.00 0.00 0.04 0.05 0.05 0.06 0.06 0.06 0.07 0.06 0.06 0.06 0.07 0.06 0.05 0.04 0.04 0.03 0.03 0.03 0.03 0.03 0.03 0.00 0.00 0.00 0.00 0.00 0.00 0.00 0.00 0.00 0.00 0.05 0.05 0.06 0.06 0.06 0.07 0.07 0.06 0.06 0.07 0.06 0.06 0.04 0.04 0.03 0.03 0.03 0.03 0.03 0.03 0.00 0.00 0.00 0.00 0.00 0.00 0.00 0.00 0.00 0.00 0.05 0.05 0.06 0.06 0.06 0.07 0.07 0.06 0.06 0.07 0.06 0.06 0.05 0.04 0.03 0.04 0.03 0.03 0.03 0.03 0.00 0.00 0.00 0.00 0.00 0.00 0.00 0.00 0.00 0.00 0.05 0.05 0.06 0.06 0.06 0.07 0.07 0.06 0.06 0.07 0.06 0.06 0.05 0.04 0.03 0.04 0.03 0.03 0.03 0.03 0.00 0.00 0.00 0.00 0.00 0.00 0.00 0.00 0.00 0.00 0.05 0.05 0.06 0.06 0.06 0.07 0.07 0.07 0.06 0.07 0.06 0.06 0.05 0.04 0.03 0.04 0.03 0.03 0.03 0.03 0.00 0.00 0.00 0.00 0.00 0.00 0.00 0.00 0.00 0.00 0.05 0.06 0.06 0.06 0.06 0.07 0.07 0.07 0.07 0.07 0.06 0.06 0.05 0.04 0.04 0.04 0.03 0.03 0.03 0.00 0.00 0.00 0.00 0.00 0.00 0.00 0.00 0.00 0.00 0.00 0.00 0.06 0.06 0.06 0.06 0.07 0.07 0.07 0.07 0.07 0.06 0.06 0.05 0.04 0.04 0.04 0.04 0.03 0.03 0.00 0.00 0.00 0.00 0.00 0.00 0.00 0.00 0.00 0.00 0.00 0.00 0.06 0.06 0.06 0.07 0.07 0.07 0.07 0.07 0.07 0.06 0.06 0.05 0.04 0.04 0.04 0.04 0.03 0.03 0.00 0.00 0.00 0.00 0.00 0.00 0.00 0.00 0.00 0.00 0.00 0.00 0.06 0.06 0.07 0.07 0.07 0.07 0.07 0.07 0.07 0.06 0.06 0.05 0.04 0.04 0.04 0.04 0.03 0.03 0.00 0.00 0.00 0.00 0.00 0.00 0.00 0.00 0.00 0.00 0.00 0.00 0.00 0.06 0.07 0.07 0.07 0.07 0.07 0.07 0.07 0.06 0.06 0.05 0.04 0.04 0.04 0.04 0.03 0.00 0.00 0.00 0.00 0.00 0.00 0.00 0.00 0.00 0.00 0.00 0.00 0.00 0.00 0.06 0.07 0.07 0.07 0.07 0.07 0.07 0.07 0.06 0.06 0.05 0.04 0.04 0.04 0.04 0.03 0.00 0.00 0.00 0.00 0.00 0.00 0.00 0.00 0.00 0.00 0.00 0.00 0.00 0.00 0.06 0.07 0.07 0.07 0.07 0.07 0.07 0.07 0.06 0.06 0.05 0.04 0.04 0.04 0.04 0.04 0.00 0.00 0.00 0.00 0.00 0.00 0.00 0.00 0.00 0.00 0.00 0.00 0.00 0.00 0.00 0.07 0.07 0.07 0.07 0.07 0.07 0.07 0.06 0.06 0.05 0.04 0.04 0.04 0.04 0.00 0.00 0.00 0.00 0.00 0.00 0.00 0.00 0.00 0.00 0.00 0.00 0.00 0.00 0.00 0.00 0.07 0.07 0.07 0.07 0.07 0.07 0.07 0.06 0.06 0.05 0.04 0.04 0.04 0.04 0.00 0.00 0.00 0.00 0.00 0.00 0.00 0.00 0.00 0.00 0.00 0.00 0.00 0.00 0.00 0.00 0.07 0.07 0.08 0.07 0.07 0.07 0.07 0.07 0.06 0.05 0.04 0.04 0.04 0.00 0.00 0.00 0.00 0.00 0.00 0.00 0.00 0.00 0.00 0.00 0.00 0.00 0.00 0.00 0.00 0.00 0.00 0.07 0.08 0.07 0.07 0.07 0.07 0.07 0.06 0.05 0.05 0.04 0.04 0.00 0.00 0.00 0.00 0.00 0.00 0.00 0.00 0.00 0.00 0.00 0.00 0.00 0.00 0.00 0.00 0.00 0.00 0.07 0.08 0.07 0.07 0.07 0.07 0.07 0.07 0.05 0.05 0.04 0.00 0.00 0.00 0.00 0.00 0.00 0.00 0.00 0.00 0.00 0.00 0.00 0.00 0.00 0.00 0.00 0.00 0.00 0.00 0.00 0.08 0.07 0.07 0.07 0.07 0.07 0.07 0.05 0.05 0.04 0.00 0.00 0.00 0.00 0.00 0.00 0.00 0.00 0.00 0.00 0.00 0.00 0.00 0.00 0.00 0.00 0.00 0.00 0.00 0.00 0.00 0.07 0.07 0.07 0.07 0.07 0.07 0.05 0.05 0.00 0.00 0.00 0.00 0.00 0.00 0.00 0.00 0.00 0.00 0.00 0.00 0.00 0.00 0.00 0.00 0.00 0.00 0.00 0.00 0.00 0.00 0.00 0.07 0.07 0.07 0.07 0.07 0.05 0.00 0.00 0.00 0.00 0.00 0.00 0.00 0.00 0.00 0.00 0.00 0.00 0.00 0.00 0.00 0.00 0.00 0.00 0.00 0.00 0.00 0.00 0.00 0.00 0.00 0.07 0.07 0.07 0.07 0.00 0.00 0.00 0.00 0.00 0.00 0.00 0.00 0.00 0.00 0.00 0.00 0.00 0.00 0.00 0.00 0.00 0.00 0.00 0.00 0.00 0.00 0.00 0.00 0.00 0.00 0.00 0.00 0.00 0.00 0.00 0.00 0.00 0.00 0.00 0.00 0.00 0.00 0.00 0.00 0.00 0.00
height.size=2460
height.data=255.36 255.36 255.36 255.36 255.36 255.36 255.36 255.36 255.36 255.36 255.36 255.36 255.36 255.36 255.36 255.36 255.36 255.36 255.36 255.36 255.36 255.36 255.36 255.36 255.36 255.36 255.36 255.36 255.36 255.36 257.70 257.70 257.70 257.70 257.70 257.70 257.70 257.70 257.70 257.70 257.70 257.70 257.70 257.70 257.70 257.70 257.70 257.70 257.70 257.70 257.70 257.70 257.70 257.70 257.70 257.70 257.70 257.70 257.70 257.70 260.05 260.05 260.05 260.05 260.05 260.05 260.05 260.05 260.05 260.05 260.05 260.05 260.05 260.05 260.05 260.05 260.05 260.05 260.05 260.05 260.05 260.05 260.05 260.05 260.05 260.05 260.05 260.05 260.05 260.05 262.41 262.41 262.41 262.41 262.41 262.41 262.41 262.41 262.41 262.41 262.41 262.41 262.41 262.41 262.41 262.41 262.41 262.41 262.41 262.41 262.41 262.41 262.41 262.41 262.41 262.41 262.41 262.41 262.41 262.41 264.77 264.77 264.77 264.77 264.77 264.77 264.77 264.77 264.77 264.77 264.77 264.77 264.77 264.77 264.77 264.77 264.77 264.77 264.77 264.77 264.77 264.77 264.77 264.77 264.77 264.77 264.77 264.77 264.77 264.77 267.15 267.15 267.15 267.15 267.15 267.15 267.15 267.15 267.15 267.15 267.15 267.15 267.15 267.15 267.15 267.15 267.15 267.15 267.15 267.15 267.15 267.15 267.15 267.15 267.15 267.15 267.15 267.15 267.15 267.15 269.52 269.52 269.52 269.52 269.52 269.52 269.52 269.52 269.52 269.52 269.52 269.52 269.52 269.52 269.52 269.52 269.52 269.52 269.52 269.52 269.52 269.52 269.52 269.52 269.52 269.52 269.52 269.52 269.52 269.52 271.91 271.91 271.91 271.91 271.91 271.91 271.91 271.91 271.91 271.91 271.91 271.91 271.91 271.91 271.91 271.91 271.91 271.91 271.91 271.91 271.91 271.91 271.91 271.91 271.91 271.91 271.91 271.91 271.91 271.91 274.31 274.31 274.31 274.31 274.31 274.31 274.31 274.31 274.31 274.31 274.31 274.31 274.31 274.31 274.31 274.31 274.31 274.31 274.31 274.31 274.31 274.31 274.31 274.31 274.31 274.31 274.31 274.31 274.31 274.31 276.71 276.71 276.71 276.71 276.71 276.71 276.71 276.71 276.71 276.71 276.71 276.71 276.71 276.71 276.71 276.71 276.71 276.71 276.71 276.71 276.71 276.71 276.71 276.71 276.71 276.71 276.71 276.71 276.71 276.71 279.12 279.12 279.12 279.12 279.12 279.12 279.12 279.12 279.12 279.12 279.12 279.12 279.12 279.12 279.12 279.12 279.12 279.12 279.12 279.12 279.12 279.12 279.12 279.12 279.12 279.12 279.12 279.12 279.12 279.12 281.53 281.53 281.53 281.53 281.53 281.53 281.53 281.53 281.53 281.53 281.53 281.53 281.53 281.53 281.53 281.53 281.53 281.53 281.53 281.53 281.53 281.53 281.53 281.53 281.53 281.53 281.53 281.53 281.53 281.53 283.96 283.96 283.96 283.96 283.96 283.96 283.96 283.96 283.96 283.96 283.96 283.96 283.96 283.96 283.96 283.96 283.96 283.96 283.96 283.96 283.96 283.96 283.96 283.96 283.96 283.96 283.96 283.96 283.96 283.96 286.39 286.39 286.39 286.39 286.39 286.39 286.39 286.39 286.39 286.39 286.39 286.39 286.39 286.39 286.39 286.39 286.39 286.39 286.39 286.39 286.39 286.39 286.39 286.39 286.39 286.39 286.39 286.39 286.39 286.39 288.83 288.83 288.83 288.83 288.83 288.83 288.83 288.83 288.83 288.83 288.83 288.83 288.83 288.83 288.83 288.83 288.83 288.83 288.83 288.83 288.83 288.83 288.83 288.83 288.83 288.83 288.83 288.83 288.83 288.83 291.27 291.27 291.27 291.27 291.27 291.27 291.27 291.27 291.27 291.27 291.27 291.27 291.27 291.27 291.27 291.27 291.27 291.27 291.27 291.27 291.27 291.27 291.27 291.27 291.27 291.27 291.27 291.27 291.27 291.27 293.72 293.72 293.72 293.72 293.72 293.72 293.72 293.72 293.72 293.72 293.72 293.72 293.72 293.72 293.72 293.72 293.72 293.72 293.72 293.72 293.72 293.72 293.72 293.72 293.72 293.72 293.72 293.72 293.72 293.72 296.18 296.18 296.18 296.18 296.18 296.18 296.18 296.18 296.18 296.18 296.18 296.18 296.18 296.18 296.18 296.18 296.18 296.18 296.18 296.18 296.18 296.18 296.18 296.18 296.18 296.18 296.18 296.18 296.18 296.18 298.65 298.65 298.65 298.65 298.65 298.65 298.65 298.65 298.65 298.65 298.65 298.65 298.65 298.65 298.65 298.65 298.65 298.65 298.65 298.65 298.65 298.65 298.65 298.65 298.65 298.65 298.65 298.65 298.65 298.65 301.13 301.13 301.13 301.13 301.13 301.13 301.13 301.13 301.13 301.13 301.13 301.13 301.13 301.13 301.13 301.13 301.13 301.13 301.13 301.13 301.13 301.13 301.13 301.13 301.13 301.13 301.13 301.13 301.13 301.13 303.61 303.61 303.61 303.61 303.61 303.61 303.61 303.61 303.61 303.61 303.61 303.61 303.61 303.61 303.61 303.61 303.61 303.61 303.61 303.61 303.61 303.61 303.61 303.61 303.61 303.61 303.61 303.61 303.61 303.61 306.10 306.10 306.10 306.10 306.10 306.10 306.10 306.10 306.10 306.10 306.10 306.10 306.10 306.10 306.10 306.10 306.10 306.10 306.10 306.10 306.10 306.10 306.10 306.10 306.10 306.10 306.10 306.10 306.10 306.10 308.60 308.60 308.60 308.60 308.60 308.60 308.60 308.60 308.60 308.60 308.60 308.60 308.60 308.60 308.60 308.60 308.60 308.60 308.60 308.60 308.60 308.60 308.60 308.60 308.60 308.60 308.60 308.60 308.60 308.60 311.10 311.10 311.10 311.10 311.10 311.10 311.10 311.10 311.10 311.10 311.10 311.10 311.10 311.10 311.10 311.10 311.10 311.10 311.10 311.10 311.10 311.10 311.10 311.10 311.10 311.10 311.10 311.10 311.10 311.10 313.61 313.61 313.61 313.61 313.61 313.61 313.61 313.61 313.61 313.61 313.61 313.61 313.61 313.61 313.61 313.61 313.61 313.61 313.61 313.61 313.61 313.61 313.61 313.61 313.61 313.61 313.61 313.61 313.61 313.61 316.13 316.13 316.13 316.13 316.13 316.13 316.13 316.13 316.13 316.13 316.13 316.13 316.13 316.13 316.13 316.13 316.13 316.13 316.13 316.13 316.13 316.13 316.13 316.13 316.13 316.13 316.13 316.13 316.13 316.13 318.66 318.66 318.66 318.66 318.66 318.66 318.66 318.66 318.66 318.66 318.66 318.66 318.66 318.66 318.66 318.66 318.66 318.66 318.66 318.66 318.66 318.66 318.66 318.66 318.66 318.66 318.66 318.66 318.66 318.66 321.19 321.19 321.19 321.19 321.19 321.19 321.19 321.19 321.19 321.19 321.19 321.19 321.19 321.19 321.19 321.19 321.19 321.19 321.19 321.19 321.19 321.19 321.19 321.19 321.19 321.19 321.19 321.19 321.19 321.19 323.73 323.73 323.73 323.73 323.73 323.73 323.73 323.73 323.73 323.73 323.73 323.73 323.73 323.73 323.73 323.73 323.73 323.73 323.73 323.73 323.73 323.73 323.73 323.73 323.73 323.73 323.73 323.73 323.73 323.73 326.28 326.28 326.28 326.28 326.28 326.28 326.28 326.28 326.28 326.28 326.28 326.28 326.28 326.28 326.28 326.28 326.28 326.28 326.28 326.28 326.28 326.28 326.28 326.28 326.28 326.28 326.28 326.28 326.28 326.28 328.84 328.84 328.84 328.84 328.84 328.84 328.84 328.84 328.84 328.84 328.84 328.84 328.84 328.84 328.84 328.84 328.84 328.84 328.84 328.84 328.84 328.84 328.84 328.84 328.84 328.84 328.84 328.84 328.84 328.84 331.40 331.40 331.40 331.40 331.40 331.40 331.40 331.40 331.40 331.40 331.40 331.40 331.40 331.40 331.40 331.40 331.40 331.40 331.40 331.40 331.40 331.40 331.40 331.40 331.40 331.40 331.40 331.40 331.40 331.40 333.97 333.97 333.97 333.97 333.97 333.97 333.97 333.97 333.97 333.97 333.97 333.97 333.97 333.97 333.97 333.97 333.97 333.97 333.97 333.97 333.97 333.97 333.97 333.97 333.97 333.97 333.97 333.97 333.97 333.97 336.55 336.55 336.55 336.55 336.55 336.55 336.55 336.55 336.55 336.55 336.55 336.55 336.55 336.55 336.55 336.55 336.55 336.55 336.55 336.55 336.55 336.55 336.55 336.55 336.55 336.55 336.55 336.55 336.55 336.55 339.14 339.14 339.14 339.14 339.14 339.14 339.14 339.14 339.14 339.14 339.14 339.14 339.14 339.14 339.14 339.14 339.14 339.14 339.14 339.14 339.14 339.14 339.14 339.14 339.14 339.14 339.14 339.14 339.14 339.14 341.73 341.73 341.73 341.73 341.73 341.73 341.73 341.73 341.73 341.73 341.73 341.73 341.73 341.73 341.73 341.73 341.73 341.73 341.73 341.73 341.73 341.73 341.73 341.73 341.73 341.73 341.73 341.73 341.73 341.73 344.33 344.33 344.33 344.33 344.33 344.33 344.33 344.33 344.33 344.33 344.33 344.33 344.33 344.33 344.33 344.33 344.33 344.33 344.33 344.33 344.33 344.33 344.33 344.33 344.33 344.33 344.33 344.33 344.33 344.33 346.94 346.94 346.94 346.94 346.94 346.94 346.94 346.94 346.94 346.94 346.94 346.94 346.94 346.94 346.94 346.94 346.94 346.94 346.94 346.94 346.94 346.94 346.94 346.94 346.94 346.94 346.94 346.94 346.94 346.94 349.55 349.55 349.55 349.55 349.55 349.55 349.55 349.55 349.55 349.55 349.55 349.55 349.55 349.55 349.55 349.55 349.55 349.55 349.55 349.55 349.55 349.55 349.55 349.55 349.55 349.55 349.55 349.55 349.55 349.55 352.17 352.17 352.17 352.17 352.17 352.17 352.17 352.17 352.17 352.17 352.17 352.17 352.17 352.17 352.17 352.17 352.17 352.17 352.17 352.17 352.17 352.17 352.17 352.17 352.17 352.17 352.17 352.17 352.17 352.17 354.80 354.80 354.80 354.80 354.80 354.80 354.80 354.80 354.80 354.80 354.80 354.80 354.80 354.80 354.80 354.80 354.80 354.80 354.80 354.80 354.80 354.80 354.80 354.80 354.80 354.80 354.80 354.80 354.80 354.80 357.44 357.44 357.44 357.44 357.44 357.44 357.44 357.44 357.44 357.44 357.44 357.44 357.44 357.44 357.44 357.44 357.44 357.44 357.44 357.44 357.44 357.44 357.44 357.44 357.44 357.44 357.44 357.44 357.44 357.44 360.08 360.08 360.08 360.08 360.08 360.08 360.08 360.08 360.08 360.08 360.08 360.08 360.08 360.08 360.08 360.08 360.08 360.08 360.08 360.08 360.08 360.08 360.08 360.08 360.08 360.08 360.08 360.08 360.08 360.08 362.74 362.74 362.74 362.74 362.74 362.74 362.74 362.74 362.74 362.74 362.74 362.74 362.74 362.74 362.74 362.74 362.74 362.74 362.74 362.74 362.74 362.74 362.74 362.74 362.74 362.74 362.74 362.74 362.74 362.74 365.39 365.39 365.39 365.39 365.39 365.39 365.39 365.39 365.39 365.39 365.39 365.39 365.39 365.39 365.39 365.39 365.39 365.39 365.39 365.39 365.39 365.39 365.39 365.39 365.39 365.39 365.39 365.39 365.39 365.39 368.06 368.06 368.06 368.06 368.06 368.06 368.06 368.06 368.06 368.06 368.06 368.06 368.06 368.06 368.06 368.06 368.06 368.06 368.06 368.06 368.06 368.06 368.06 368.06 368.06 368.06 368.06 368.06 368.06 368.06 370.73 370.73 370.73 370.73 370.73 370.73 370.73 370.73 370.73 370.73 370.73 370.73 370.73 370.73 370.73 370.73 370.73 370.73 370.73 370.73 370.73 370.73 370.73 370.73 370.73 370.73 370.73 370.73 370.73 370.73 373.42 373.42 373.42 373.42 373.42 373.42 373.42 373.42 373.42 373.42 373.42 373.42 373.42 373.42 373.42 373.42 373.42 373.42 373.42 373.42 373.42 373.42 373.42 373.42 373.42 373.42 373.42 373.42 373.42 373.42 376.10 376.10 376.10 376.10 376.10 376.10 376.10 376.10 376.10 376.10 376.10 376.10 376.10 376.10 376.10 376.10 376.10 376.10 376.10 376.10 376.10 376.10 376.10 376.10 376.10 376.10 376.10 376.10 376.10 376.10 378.80 378.80 378.80 378.80 378.80 378.80 378.80 378.80 378.80 378.80 378.80 378.80 378.80 378.80 378.80 378.80 378.80 378.80 378.80 378.80 378.80 378.80 378.80 378.80 378.80 378.80 378.80 378.80 378.80 378.80 381.50 381.50 381.50 381.50 381.50 381.50 381.50 381.50 381.50 381.50 381.50 381.50 381.50 381.50 381.50 381.50 381.50 381.50 381.50 381.50 381.50 381.50 381.50 381.50 381.50 381.50 381.50 381.50 381.50 381.50 384.21 384.21 384.21 384.21 384.21 384.21 384.21 384.21 384.21 384.21 384.21 384.21 384.21 384.21 384.21 384.21 384.21 384.21 384.21 384.21 384.21 384.21 384.21 384.21 384.21 384.21 384.21 384.21 384.21 384.21 386.93 386.93 386.93 386.93 386.93 386.93 386.93 386.93 386.93 386.93 386.93 386.93 386.93 386.93 386.93 386.93 386.93 386.93 386.93 386.93 386.93 386.93 386.93 386.93 386.93 386.93 386.93 386.93 386.93 386.93 389.66 389.66 389.66 389.66 389.66 389.66 389.66 389.66 389.66 389.66 389.66 389.66 389.66 389.66 389.66 389.66 389.66 389.66 389.66 389.66 389.66 389.66 389.66 389.66 389.66 389.66 389.66 389.66 389.66 389.66 392.39 392.39 392.39 392.39 392.39 392.39 392.39 392.39 392.39 392.39 392.39 392.39 392.39 392.39 392.39 392.39 392.39 392.39 392.39 392.39 392.39 392.39 392.39 392.39 392.39 392.39 392.39 392.39 392.39 392.39 395.13 395.13 395.13 395.13 395.13 395.13 395.13 395.13 395.13 395.13 395.13 395.13 395.13 395.13 395.13 395.13 395.13 395.13 395.13 395.13 395.13 395.13 395.13 395.13 395.13 395.13 395.13 395.13 395.13 395.13 397.88 397.88 397.88 397.88 397.88 397.88 397.88 397.88 397.88 397.88 397.88 397.88 397.88 397.88 397.88 397.88 397.88 397.88 397.88 397.88 397.88 397.88 397.88 397.88 397.88 397.88 397.88 397.88 397.88 397.88 400.63 400.63 400.63 400.63 400.63 400.63 400.63 400.63 400.63 400.63 400.63 400.63 400.63 400.63 400.63 400.63 400.63 400.63 400.63 400.63 400.63 400.63 400.63 400.63 400.63 400.63 400.63 400.63 400.63 400.63 403.39 403.39 403.39 403.39 403.39 403.39 403.39 403.39 403.39 403.39 403.39 403.39 403.39 403.39 403.39 403.39 403.39 403.39 403.39 403.39 403.39 403.39 403.39 403.39 403.39 403.39 403.39 403.39 403.39 403.39 406.16 406.16 406.16 406.16 406.16 406.16 406.16 406.16 406.16 406.16 406.16 406.16 406.16 406.16 406.16 406.16 406.16 406.16 406.16 406.16 406.16 406.16 406.16 406.16 406.16 406.16 406.16 406.16 406.16 406.16 408.94 408.94 408.94 408.94 408.94 408.94 408.94 408.94 408.94 408.94 408.94 408.94 408.94 408.94 408.94 408.94 408.94 408.94 408.94 408.94 408.94 408.94 408.94 408.94 408.94 408.94 408.94 408.94 408.94 408.94 411.72 411.72 411.72 411.72 411.72 411.72 411.72 411.72 411.72 411.72 411.72 411.72 411.72 411.72 411.72 411.72 411.72 411.72 411.72 411.72 411.72 411.72 411.72 411.72 411.72 411.72 411.72 411.72 411.72 411.72 414.51 414.51 414.51 414.51 414.51 414.51 414.51 414.51 414.51 414.51 414.51 414.51 414.51 414.51 414.51 414.51 414.51 414.51 414.51 414.51 414.51 414.51 414.51 414.51 414.51 414.51 414.51 414.51 414.51 414.51 417.31 417.31 417.31 417.31 417.31 417.31 417.31 417.31 417.31 417.31 417.31 417.31 417.31 417.31 417.31 417.31 417.31 417.31 417.31 417.31 417.31 417.31 417.31 417.31 417.31 417.31 417.31 417.31 417.31 417.31 420.12 420.12 420.12 420.12 420.12 420.12 420.12 420.12 420.12 420.12 420.12 420.12 420.12 420.12 420.12 420.12 420.12 420.12 420.12 420.12 420.12 420.12 420.12 420.12 420.12 420.12 420.12 420.12 420.12 420.12 422.93 422.93 422.93 422.93 422.93 422.93 422.93 422.93 422.93 422.93 422.93 422.93 422.93 422.93 422.93 422.93 422.93 422.93 422.93 422.93 422.93 422.93 422.93 422.93 422.93 422.93 422.93 422.93 422.93 422.93 425.75 425.75 425.75 425.75 425.75 425.75 425.75 425.75 425.75 425.75 425.75 425.75 425.75 425.75 425.75 425.75 425.75 425.75 425.75 425.75 425.75 425.75 425.75 425.75 425.75 425.75 425.75 425.75 425.75 425.75 428.58 428.58 428.58 428.58 428.58 428.58 428.58 428.58 428.58 428.58 428.58 428.58 428.58 428.58 428.58 428.58 428.58 428.58 428.58 428.58 428.58 428.58 428.58 428.58 428.58 428.58 428.58 428.58 428.58 428.58 431.42 431.42 431.42 431.42 431.42 431.42 431.42 431.42 431.42 431.42 431.42 431.42 431.42 431.42 431.42 431.42 431.42 431.42 431.42 431.42 431.42 431.42 431.42 431.42 431.42 431.42 431.42 431.42 431.42 431.42 434.26 434.26 434.26 434.26 434.26 434.26 434.26 434.26 434.26 434.26 434.26 434.26 434.26 434.26 434.26 434.26 434.26 434.26 434.26 434.26 434.26 434.26 434.26 434.26 434.26 434.26 434.26 434.26 434.26 434.26 437.11 437.11 437.11 437.11 437.11 437.11 437.11 437.11 437.11 437.11 437.11 437.11 437.11 437.11 437.11 437.11 437.11 437.11 437.11 437.11 437.11 437.11 437.11 437.11 437.11 437.11 437.11 437.11 437.11 437.11 439.97 439.97 439.97 439.97 439.97 439.97 439.97 439.97 439.97 439.97 439.97 439.97 439.97 439.97 439.97 439.97 439.97 439.97 439.97 439.97 439.97 439.97 439.97 439.97 439.97 439.97 439.97 439.97 439.97 439.97 442.83 442.83 442.83 442.83 442.83 442.83 442.83 442.83 442.83 442.83 442.83 442.83 442.83 442.83 442.83 442.83 442.83 442.83 442.83 442.83 442.83 442.83 442.83 442.83 442.83 442.83 442.83 442.83 442.83 442.83 445.71 445.71 445.71 445.71 445.71 445.71 445.71 445.71 445.71 445.71 445.71 445.71 445.71 445.71 445.71 445.71 445.71 445.71 445.71 445.71 445.71 445.71 445.71 445.71 445.71 445.71 445.71 445.71 445.71 445.71 448.58 448.58 448.58 448.58 448.58 448.58 448.58 448.58 448.58 448.58 448.58 448.58 448.58 448.58 448.58 448.58 448.58 448.58 448.58 448.58 448.58 448.58 448.58 448.58 448.58 448.58 448.58 448.58 448.58 448.58 451.47 451.47 451.47 451.47 451.47 451.47 451.47 451.47 451.47 451.47 451.47 451.47 451.47 451.47 451.47 451.47 451.47 451.47 451.47 451.47 451.47 451.47 451.47 451.47 451.47 451.47 451.47 451.47 451.47 451.47 454.37 454.37 454.37 454.37 454.37 454.37 454.37 454.37 454.37 454.37 454.37 454.37 454.37 454.37 454.37 454.37 454.37 454.37 454.37 454.37 454.37 454.37 454.37 454.37 454.37 454.37 454.37 454.37 454.37 454.37 457.27 457.27 457.27 457.27 457.27 457.27 457.27 457.27 457.27 457.27 457.27 457.27 457.27 457.27 457.27 457.27 457.27 457.27 457.27 457.27 457.27 457.27 457.27 457.27 457.27 457.27 457.27 457.27 457.27 457.27 460.18 460.18 460.18 460.18 460.18 460.18 460.18 460.18 460.18 460.18 460.18 460.18 460.18 460.18 460.18 460.18 460.18 460.18 460.18 460.18 460.18 460.18 460.18 460.18 460.18 460.18 460.18 460.18 460.18 460.18 463.09 463.09 463.09 463.09 463.09 463.09 463.09 463.09 463.09 463.09 463.09 463.09 463.09 463.09 463.09 463.09 463.09 463.09 463.09 463.09 463.09 463.09 463.09 463.09 463.09 463.09 463.09 463.09 463.09 463.09 466.02 466.02 466.02 466.02 466.02 466.02 466.02 466.02 466.02 466.02 466.02 466.02 466.02 466.02 466.02 466.02 466.02 466.02 466.02 466.02 466.02 466.02 466.02 466.02 466.02 466.02 466.02 466.02 466.02 466.02 468.95 468.95 468.95 468.95 468.95 468.95 468.95 468.95 468.95 468.95 468.95 468.95 468.95 468.95 468.95 468.95 468.95 468.95 468.95 468.95 468.95 468.95 468.95 468.95 468.95 468.95 468.95 468.95 468.95 468.95
=== END RADAR_SCAN ===

=== BEGIN RADAR_SCAN ===
scan.index=7
scan.time=177.000000
radar.id=0
radar.frequency=C
radar.scanning_mode=PPI
radar.x=0.000
radar.y=0.000
radar.z=25.000
radar.maximum_range=250000.000
radar.range_resolution=250.000
radar.angular_resolution=1.000000
box.radar_id=0
box.min_range_gate=154.000
box.max_range_gate=244.000
box.min_angle=132.000000
box.max_angle=160.000000
box.num_ranges=91
box.num_angles=28
box.range_resolution=250.000
box.angular_resolution=1.000000
box.other_angle=25.000000
grid.size=2548
grid.data=0.00 0.00 0.00 0.00 0.00 0.00 0.00 0.00 0.00 0.00 0.00 0.00 0.00 0.00 0.00 0.00 0.00 0.00 0.00 0.00 0.00 0.00 0.00 0.00 0.00 0.00 0.00 0.00 0.00 0.00 0.00 0.00 0.00 0.00 0.00 0.00 0.00 0.00 0.00 0.00 0.00 0.00 0.00 0.00 0.00 0.00 0.00 0.00 0.00 0.00 0.00 0.00 0.00 0.00 0.00 0.00 0.00 0.00 0.00 0.00 0.00 0.00 0.00 0.00 0.00 0.00 0.00 0.00 0.20 -0.40 0.06 -0.00 0.39 -0.06 0.00 0.00 0.00 0.00 0.00 0.00 0.00 0.00 0.00 0.00 0.00 0.00 0.00 0.00 0.00 0.00 0.00 0.00 0.00 0.00 0.00 -0.30 -1.07 0.06 0.29 0.24 1.07 1.47 -0.41 0.00 0.00 0.00 0.00 0.00 0.00 0.00 0.00 0.00 0.00 0.00 0.00 0.00 0.00 0.00 0.00 0.00 0.00 0.00 -1.56 -0.10 0.00 2.15 -0.85 0.65 0.99 0.84 -0.62 1.42 0.00 0.00 0.00 0.00 0.00 0.00 0.00 0.00 0.00 0.00 0.00 0.00 0.00 0.00 0.00 0.00 0.00 -0.67 -1.35 0.86 -0.04 0.88 0.28 0.60 0.51 0.65 0.94 -0.59 1.17 0.00 0.00 0.00 0.00 0.00 0.00 0.00 0.00 0.00 0.00 0.00 0.00 0.00 0.00 0.00 0.52 0.41 -1.32 1.16 0.15 -0.61 0.19 0.96 0.65 0.12 -1.74 -0.44 -0.16 0.00 0.00 0.00 0.00 0.00 0.00 0.00 0.00 0.00 0.00 0.00 0.00 0.00 0.00 0.00 1.30 0.77 0.11 -0.68 -0.91 -0.70 -0.13 1.03 0.06 1.51 0.26 0.41 -1.04 -0.88 0.00 0.00 0.00 0.00 0.00 0.00 0.00 0.00 0.00 0.00 0.00 0.00 0.00 0.38 -0.95 -1.00 -0.86 0.95 0.34 0.62 -0.31 0.81 -0.13 -0.76 -0.25 0.64 -0.90 -0.28 0.00 0.00 0.00 0.00 0.00 0.00 0.00 0.00 0.00 0.00 0.00 0.00 0.00 -1.04 0.03 -0.50 -0.90 -0.20 -0.09 0.03 -2.40 0.26 -0.84 -0.30 0.41 -0.42 -0.18 -0.32 -1.06 0.00 0.00 0.00 0.00 0.00 0.00 0.00 0.00 0.00 0.00 0.00 -0.43 0.32 1.76 -0.98 -0.14 0.35 0.24 0.24 0.17 -1.12 -0.46 0.16 0.29 -1.37 1.51 0.40 -1.04 0.00 0.00 0.00 0.00 0.00 0.00 0.00 0.00 0.00 0.00 0.00 -0.32 0.04 0.30 -0.36 -0.38 1.17 0.31 -0.15 -1.62 0.61 0.42 0.78 0.87 0.81 -1.22 -0.83 -0.37 -0.90 0.00 0.00 0.00 0.00 0.00 0.00 0.00 0.00 0.00 0.00 0.48 -0.47 0.08 -2.26 -0.22 1.15 0.11 0.07 -0.01 0.53 -1.14 0.23 0.06 -0.02 0.34 -0.16 -0.54 -0.78 0.00 0.00 0.00 0.00 0.00 0.00 0.00 0.00 0.00 -0.04 -1.01 -0.86 0.87 -1.48 -0.23 0.28 0.55 -1.12 -0.48 -1.05 -0.55 0.24 0.90 -0.84 1.01 -0.65 0.13 -0.11 0.00 0.00 0.00 0.00 0.00 0.00 0.00 0.00 0.00 -0.95 0.23 -0.01 0.80 -0.89 0.16 -0.01 -0.76 -0.97 0.31 0.45 -0.23 -0.49 0.33 1.45 -1.05 -0.38 -1.62 0.35 0.42 0.00 0.00 0.00 0.00 0.00 0.00 0.00 0.00 0.50 -0.61 -0.93 -0.16 -0.32 -1.63 0.27 -0.11 -0.08 0.30 1.09 1.01 -1.28 0.91 -1.53 0.03 0.06 1.00 -0.95 -0.07 0.00 0.00 0.00 0.00 0.00 0.00 0.00 0.00 -0.35 0.28 0.32 0.71 0.20 0.33 0.40 -1.46 -0.40 0.41 -2.32 -0.29 0.03 -0.52 -0.23 -1.25 -0.60 0.08 -0.36 -1.15 0.00 0.00 0.00 0.00 0.00 0.00 0.00 0.39 0.45 -0.04 0.42 -0.02 -0.97 -0.43 -0.14 -1.67 -0.11 1.15 -0.54 1.00 0.46 0.14 -0.56 -1.21 0.35 0.84 0.18 -1.33 0.00 0.00 0.00 0.00 0.00 0.00 0.00 0.62 -1.60 0.41 -0.14 0.32 0.19 0.16 0.27 -0.24 -0.93 0.78 -0.29 0.33 -0.08 -1.84 -1.50 1.46 -0.74 -0.33 0.02 -0.86 -0.48 0.00 0.00 0.00 0.00 0.00 0.00 -1.42 -0.44 0.19 -1.17 1.00 -1.12 -0.03 -0.05 0.51 0.84 -1.23 -0.06 0.44 1.43 -0.64 0.48 0.24 -1.05 -0.56 -0.54 1.01 0.19 0.00 0.00 0.00 0.00 0.00 0.00 -0.94 0.82 0.25 0.38 0.70 -0.56 -0.90 -0.53 -0.45 -0.16 -0.61 -0.28 -0.09 1.74 0.46 -1.23 0.05 0.66 -0.91 -0.91 0.35 0.76 0.00 0.00 0.00 0.00 0.00 0.03 -0.40 -0.93 0.54 0.41 0.45 -0.87 0.74 0.39 -1.34 -1.00 -0.25 0.53 0.85 0.32 0.32 1.02 -0.17 0.83 -0.78 -1.05 -1.08 -0.92 0.00 0.00 0.00 0.00 0.00 1.09 0.88 -0.48 0.11 -0.21 -0.59 -0.82 1.08 -0.92 -0.25 0.52 -1.13 0.64 0.59 -0.62 0.83 0.26 0.21 -0.25 0.29 -0.82 -1.92 -0.26 0.00 0.00 0.00 0.00 0.00 0.54 0.28 -0.33 -0.81 -0.24 0.28 0.74 -0.57 1.26 -0.14 -0.70 0.60 -1.78 0.80 -0.40 0.19 0.68 -0.25 1.45 -0.35 -0.86 -0.11 0.86 0.00 0.00 0.00 0.00 0.00 1.32 1.26 0.37 0.07 -0.76 -0.58 1.35 1.74 -0.77 1.10 -0.47 -0.08 -1.36 -0.37 -0.55 -0.27 0.18 -0.27 0.23 -0.08 -0.02 0.66 1.75 -2.24 0.00 0.00 0.00 0.00 0.03 0.84 -0.82 -0.51 0.20 0.24 0.86 -0.24 0.85 -0.49 -0.43 0.51 0.27 -0.02 0.43 -0.51 0.49 0.31 -0.00 -0.36 -0.95 0.06 -0.39 -0.14 0.00 0.00 0.00 0.00 -0.71 0.16 -0.87 -1.31 0.40 0.14 -0.11 0.10 0.18 -0.38 -0.59 0.36 0.29 -1.18 -0.58 -1.05 0.20 -1.10 1.19 0.71 0.58 -0.17 1.22 0.54 0.00 0.00 0.00 0.00 -0.06 -0.56 1.48 0.53 0.13 0.03 1.00 -1.15 -0.25 0.93 0.16 0.79 -2.13 0.15 0.33 0.37 0.74 -1.26 0.95 -0.12 0.82 -0.05 -0.57 -0.40 0.00 0.00 0.00 0.00 -0.24 0.43 -0.27 -1.71 -0.32 0.75 -0.53 1.09 -0.31 0.33 0.08 -0.71 -0.02 -0.51 0.62 0.42 1.75 0.12 -0.94 0.15 -0.24 -0.53 0.97 0.15 0.00 0.00 0.00 0.28 -0.81 0.18 0.54 0.13 -1.64 1.08 0.37 0.58 -0.21 -0.12 -0.03 0.39 -0.95 0.17 -0.08 -0.29 -0.87 0.43 -0.58 -0.43 1.05 -0.77 -0.38 0.10 0.00 0.00 0.00 -0.49 0.11 0.11 -0.23 -0.94 0.48 -0.08 0.96 0.24 -0.22 -0.52 0.44 -0.36 -1.16 -1.45 0.45 0.09 0.17 1.13 1.67 0.08 -1.47 0.62 0.31 -0.67 0.00 0.00 0.00 0.49 0.24 1.02 0.15 -0.07 -0.44 0.44 0.43 -1.98 -0.87 0.73 0.15 -0.21 -0.72 -0.70 0.32 0.53 0.41 0.35 0.99 0.81 0.47 0.14 0.52 0.25 0.00 0.00 0.00 0.61 0.01 0.63 -0.35 -1.87 -0.46 0.10 0.51 -0.06 -0.12 0.50 0.72 -0.11 0.16 0.55 -0.91 -0.36 -0.09 1.01 -0.10 0.32 0.23 1.20 0.12 0.62 0.00 0.00 0.00 0.22 -0.63 -0.27 -0.26 -0.44 -1.13 1.94 -0.11 0.21 -1.49 1.13 0.55 -0.05 -0.60 1.38 0.22 0.45 -0.00 0.19 -0.10 0.94 1.02 0.95 0.19 0.75 0.00 0.00 0.00 0.26 -0.96 1.04 0.09 -0.25 -0.99 0.53 0.02 -0.93 -0.74 -1.12 -0.32 -0.31 -0.14 0.66 -0.18 -0.31 -1.96 0.96 -0.25 0.71 -0.57 0.25 -0.09 0.69 0.00 0.00 0.00 -0.37 0.71 -0.28 0.71 0.30 0.46 0.49 0.43 -0.49 0.62 0.00 -0.33 0.17 0.48 -0.47 0.04 0.03 0.43 -0.18 -0.74 -0.84 0.60 -0.62 0.97 0.07 1.11 0.00 0.00 0.12 -0.77 0.43 0.03 -0.53 0.79 0.76 0.64 -1.74 0.66 0.48 0.37 -1.17 -1.10 -0.30 -0.02 -1.73 0.45 -0.87 0.13 0.45 0.08 -0.16 1.12 0.30 0.67 0.00 0.00 0.49 0.24 -0.12 -0.75 -0.84 0.43 -0.74 0.42 -0.39 -0.49 -0.37 0.72 0.83 0.28 -1.30 0.73 -0.49 -0.70 -0.56 -0.06 -0.71 -1.59 1.66 0.81 -0.59 0.58 0.00 0.00 -1.10 -0.09 -0.36 -0.19 2.42 -0.14 -0.13 0.77 0.38 0.77 0.21 1.09 -0.50 -0.07 -1.77 0.25 0.47 0.24 -0.45 0.99 -0.63 -0.15 -0.71 -0.22 1.01 -0.45 0.00 0.00 0.07 0.45 0.59 -0.33 0.32 -2.53 -0.97 -0.89 -0.61 -1.21 -0.13 1.58 -0.92 1.60 -1.19 0.70 0.37 -1.39 -0.56 0.78 0.08 -0.36 0.26 -0.46 -0.49 0.16 0.00 0.00 2.28 0.01 -0.26 0.40 -1.25 -0.17 -0.79 -0.89 0.99 -0.56 -0.40 1.16 1.01 -0.73 -0.91 -0.73 -0.74 0.42 0.69 0.19 -1.13 0.99 -0.42 -0.11 -0.29 0.39 0.00 0.00 -0.11 -0.18 0.27 0.48 0.67 -0.17 2.16 -1.41 -0.21 0.91 0.11 1.24 -0.10 -0.70 -1.62 0.16 -0.69 -0.55 -0.22 -0.84 1.51 0.04 -0.04 -0.06 -0.33 -1.96 0.00 0.00 0.82 0.45 -0.03 -0.77 1.15 -0.12 -0.34 1.36 0.80 1.24 0.01 -0.59 1.17 -1.17 0.17 0.27 -0.11 0.42 -0.44 -0.72 -0.31 0.60 0.21 2.09 1.12 -0.49 0.00 0.00 0.65 0.17 0.04 -0.81 -0.26 1.23 -1.03 -0.05 -0.21 0.47 2.01 -0.14 1.65 -0.40 0.08 0.89 -1.13 -0.55 -0.13 0.12 -0.17 0.56 -0.12 1.20 0.44 -1.03 0.00 0.00 -0.13 0.60 1.13 -0.43 -0.28 0.41 0.16 -1.36 -0.16 0.21 -0.85 -0.45 -0.28 0.07 -1.48 0.74 -0.58 -0.73 -0.96 0.16 -0.46 0.92 -0.68 0.49 -0.37 0.04 0.00 0.00 -0.68 0.27 0.22 0.14 -1.12 0.69 -0.41 1.44 -0.57 -0.77 -0.91 0.05 -0.35 1.22 0.31 -0.33 -0.72 0.38 -1.38 0.07 -0.79 -1.31 -0.39 1.25 0.86 0.46 0.00 0.00 -0.20 0.77 0.35 -0.92 0.25 0.45 0.70 -0.19 -0.25 -0.08 0.68 0.99 0.35 -0.78 -0.16 -0.14 0.60 0.54 -1.05 0.12 0.44 -0.71 -0.39 -0.06 0.60 0.40 0.00 0.00 0.13 -1.60 0.45 0.51 -0.18 0.84 -0.13 -0.14 -0.01 0.33 -1.27 -1.14 -0.23 1.32 1.66 1.15 -1.30 -1.00 -0.90 0.99 1.50 -0.70 -0.30 1.17 0.71 -0.39 0.00 0.00 0.36 0.24 -0.91 -0.58 -0.25 -0.32 1.36 0.58 -0.26 0.58 -0.00 0.20 0.34 0.38 -2.37 0.25 -1.16 -0.50 -0.51 0.35 0.54 -0.12 -0.36 0.33 -0.68 0.00 0.00 0.00 0.31 -0.97 0.21 0.68 -0.72 0.73 0.25 0.23 0.83 -0.22 -0.60 0.21 -1.36 0.77 0.79 1.68 0.66 0.84 -0.21 -0.80 -0.22 -0.86 -0.49 2.43 0.75 0.00 0.00 0.00 0.82 -0.06 0.97 -0.00 1.75 0.69 -0.49 -0.13 -0.73 0.88 0.13 -0.41 0.30 0.35 1.00 0.47 -0.40 0.39 0.12 -0.62 0.29 -0.76 -0.30 -1.23 0.70 0.00 0.00 0.00 -1.00 0.54 -0.89 -0.09 -0.19 -0.08 -0.63 0.11 0.02 0.51 -0.63 -1.51 0.35 0.64 0.59 0.30 -0.35 0.97 0.54 0.39 1.03 -0.48 -0.02 -0.70 -0.16 0.00 0.00 0.00 0.17 1.66 1.14 1.71 -0.32 0.34 0.13 0.03 -1.27 0.10 -1.43 0.72 1.62 0.75 1.45 0.42 0.21 -0.96 0.39 -0.07 -0.51 0.66 0.16 0.88 0.17 0.00 0.00 0.00 0.00 -0.01 -0.14 -0.79 -0.11 -0.77 0.12 -0.59 -0.25 0.68 -0.57 0.92 0.32 -0.53 -0.17 0.48 -1.44 0.56 0.44 -0.95 -0.36 1.12 0.27 0.63 -0.17 0.00 0.00 0.00 0.00 1.15 1.27 -0.42 0.56 -0.54 -0.00 -0.52 0.60 -0.14 -0.56 -0.47 -0.56 -0.13 -0.40 -0.20 0.98 -0.40 -0.50 -0.76 -1.47 1.11 -1.60 1.40 -0.70 0.00 0.00 0.00 0.00 0.30 -0.20 0.52 -0.57 -0.19 -0.86 0.90 0.26 0.43 0.22 -0.11 -0.51 -0.66 0.17 0.17 0.10 -0.40 -0.34 0.44 0.40 -0.05 1.30 -0.97 0.62 0.00 0.00 0.00 0.00 -0.15 0.60 1.32 0.31 -0.62 -0.15 0.44 -0.53 0.24 0.05 0.52 0.11 0.84 0.29 -0.69 -0.02 1.18 -0.20 -0.28 -0.09 0.71 -0.68 -0.23 -0.56 0.00 0.00 0.00 0.00 -0.70 -0.36 0.04 0.58 1.11 -0.03 0.65 -0.83 -0.46 0.76 -0.79 -0.70 1.48 0.99 0.08 -0.02 0.96 -0.10 0.32 -0.72 -0.31 -0.42 -1.25 -0.29 0.00 0.00 0.00 0.00 -1.05 -1.19 -0.48 0.22 0.83 -0.84 -0.71 -1.17 -0.42 -1.61 -0.92 0.32 -0.50 -0.35 -0.88 -0.23 0.29 0.05 -0.78 0.94 -0.43 -0.24 0.38 -0.58 0.00 0.00 0.00 0.00 -0.42 0.90 1.22 -0.94 0.68 -0.47 -0.12 -0.97 0.94 -0.04 -0.73 0.19 -0.89 -0.26 -0.10 -0.65 -0.52 -0.46 1.06 0.46 -0.59 -1.39 0.39 -0.45 0.00 0.00 0.00 0.00 0.70 -0.66 -0.64 0.63 -0.94 0.12 -0.60 -0.94 0.82 -1.00 -0.88 0.80 0.36 0.41 1.29 -0.59 -0.66 0.24 2.02 0.08 0.06 1.35 -0.55 0.00 0.00 0.00 0.00 0.00 -0.47 -0.33 0.30 0.44 0.01 0.38 -0.77 0.74 -0.58 1.46 -0.45 -0.91 0.19 0.11 1.74 0.58 0.23 0.21 -1.28 0.60 1.12 -0.64 -0.70 0.00 0.00 0.00 0.00 0.00 0.22 -0.74 -0.59 -0.22 -0.98 -0.18 -1.31 0.30 -0.43 -0.21 -0.14 -0.35 -0.54 0.88 -0.45 -1.14 1.55 -0.02 -0.15 -0.81 1.38 -0.58 0.75 0.00 0.00 0.00 0.00 0.00 0.00 0.17 0.35 -1.36 -0.01 -1.46 -0.10 -0.11 -0.65 -0.05 0.36 1.34 -0.04 -0.96 -0.31 -0.10 0.84 -0.25 0.01 -0.08 0.14 -0.40 0.71 0.00 0.00 0.00 0.00 0.00 0.00 -0.03 -0.25 -1.13 -0.97 1.85 0.28 0.07 0.11 0.72 0.78 -0.71 -0.34 -0.28 -1.79 0.01 -0.92 -0.29 0.29 1.68 -0.82 -0.65 0.29 0.00 0.00 0.00 0.00 0.00 0.00 0.07 0.16 -0.56 0.17 1.31 -1.97 -0.95 0.50 -0.59 0.25 0.38 -1.74 1.73 -2.01 0.87 -1.26 -1.06 0.71 -0.36 -0.07 0.11 -0.97 0.00 0.00 0.00 0.00 0.00 0.00 0.17 0.66 0.23 -0.99 0.20 0.53 0.18 -0.35 0.19 -0.79 0.04 -0.58 -0.70 -1.06 -0.13 1.01 0.84 -1.21 -0.21 -0.41 0.08 -0.46 0.00 0.00 0.00 0.00 0.00 0.00 0.03 0.34 1.36 0.89 -0.01 -0.79 -1.52 -1.00 -1.03 -0.68 0.32 -0.42 -1.27 -0.48 0.42 0.28 0.82 0.31 -0.85 -0.25 0.43 0.00 0.00 0.00 0.00 0.00 0.00 0.00 -0.75 -0.65 1.28 -0.19 -0.55 -0.38 0.52 0.51 -1.37 0.26 0.53 0.58 -0.12 -1.76 0.89 -0.47 -1.40 0.02 0.85 0.93 -0.45 0.00 0.00 0.00 0.00 0.00 0.00 0.00 0.00 -1.05 1.34 -0.93 0.33 0.80 -0.98 0.80 0.79 -0.27 -0.12 -0.75 -0.81 -0.12 1.05 -0.31 -0.60 -0.89 0.41 -1.12 1.01 0.00 0.00 0.00 0.00 0.00 0.00 0.00 0.00 0.37 1.05 0.23 -0.19 0.46 -1.27 -0.33 0.24 1.51 1.49 0.45 -1.17 0.06 -0.00 0.05 1.00 0.10 -0.56 -0.47 0.33 0.00 0.00 0.00 0.00 0.00 0.00 0.00 0.00 0.92 1.86 0.86 -1.33 -0.80 1.47 -0.12 -0.02 0.62 0.67 0.57 -0.32 -0.19 -1.56 0.64 -0.32 -0.94 -0.37 1.30 0.76 0.00 0.00 0.00 0.00 0.00 0.00 0.00 0.00 0.30 -0.25 0.99 1.01 -0.54 -0.18 -0.08 -0.17 -0.47 -1.23 -1.17 -0.98 -1.74 -0.24 -0.06 -0.51 -0.63 -0.51 -0.78 0.00 0.00 0.00 0.00 0.00 0.00 0.00 0.00 0.00 -0.33 0.20 -0.62 -1.00 0.78 -0.02 -0.43 0.71 -0.38 0.41 -0.32 0.72 0.25 0.10 -0.06 0.62 0.81 -1.39 0.14 0.00 0.00 0.00 0.00 0.00 0.00 0.00 0.00 0.00 0.00 0.01 0.63 1.60 0.57 0.01 -0.12 0.37 0.19 0.26 0.87 -0.73 -0.24 -0.18 0.06 0.62 -1.03 -0.05 1.03 0.00 0.00 0.00 0.00 0.00 0.00 0.00 0.00 0.00 0.00 0.20 0.07 -0.85 -1.00 0.16 1.54 0.19 -0.12 -2.23 -0.03 -1.68 -1.09 -0.35 0.16 -0.15 -0.15 0.33 -0.46 0.00 0.00 0.00 0.00 0.00 0.00 0.00 0.00 0.00 0.00 -0.53 -0.16 -0.07 0.56 0.19 0.07 0.44 -0.24 -0.76 1.20 0.17 -0.21 -0.38 0.17 -0.08 -0.81 -0.78 0.00 0.00 0.00 0.00 0.00 0.00 0.00 0.00 0.00 0.00 0.00 0.00 -0.93 0.08 0.49 -0.46 0.13 0.92 0.22 0.61 1.07 -0.90 0.13 0.16 -0.59 -0.78 -0.53 -0.03 0.00 0.00 0.00 0.00 0.00 0.00 0.00 0.00 0.00 0.00 0.00 0.00 -0.12 -0.69 -0.72 -0.08 -1.56 0.18 0.65 -1.50 0.90 0.31 0.92 0.54 -1.15 -2.67 -0.30 -0.04 0.00 0.00 0.00 0.00 0.00 0.00 0.00 0.00 0.00 0.00 0.00 0.00 -1.01 -0.19 1.40 -0.64 1.22 -0.78 -0.38 -0.38 0.27 0.91 -0.06 0.33 -0.26 0.07 -0.71 -0.82 0.00 0.00 0.00 0.00 0.00 0.00 0.00 0.00 0.00 0.00 0.00 0.00 0.01 0.71 1.23 0.32 -0.19 0.43 1.18 0.34 -1.04 0.80 -2.06 0.62 -0.77 0.27 -0.91 0.00 0.00 0.00 0.00 0.00 0.00 0.00 0.00 0.00 0.00 0.00 0.00 0.00 0.00 0.37 0.46 -0.29 1.03 0.16 -0.41 1.43 -1.00 0.12 0.36 -0.06 0.29 -1.10 0.41 0.00 0.00 0.00 0.00 0.00 0.00 0.00 0.00 0.00 0.00 0.00 0.00 0.00 0.00 -1.42 0.04 -0.65 -0.02 -0.45 -0.71 0.70 -0.68 -0.94 0.14 0.08 -0.09 0.58 0.00 0.00 0.00 0.00 0.00 0.00 0.00 0.00 0.00 0.00 0.00 0.00 0.00 0.00 0.00 0.00 1.31 -0.15 0.08 -0.55 0.11 -0.37 0.95 0.58 0.70 -0.27 -0.24 0.90 0.00 0.00 0.00 0.00 0.00 0.00 0.00 0.00 0.00 0.00 0.00 0.00 0.00 0.00 0.00 0.00 -0.04 1.11 -2.18 -0.95 0.81 -0.57 -0.97 -0.94 1.47 0.67 -0.77 0.98 0.00 0.00 0.00 0.00 0.00 0.00 0.00 0.00 0.00 0.00 0.00 0.00 0.00 0.00 0.00 0.00 0.00 -0.59 0.78 -0.21 -0.63 -0.23 -1.05 0.01 0.14 -1.32 -0.80 0.00 0.00 0.00 0.00 0.00 0.00 0.00 0.00 0.00 0.00 0.00 0.00 0.00 0.00 0.00 0.00 0.00 0.00 -0.01 0.19 0.27 1.02 0.77 -0.13 -0.38 0.66 -0.06 1.64 0.00 0.00 0.00 0.00 0.00 0.00 0.00 0.00 0.00 0.00 0.00 0.00 0.00 0.00 0.00 0.00 0.00 0.00 0.00 -0.12 -0.34 0.46 0.33 -1.66 -0.16 -0.14 -1.57 0.00 0.00 0.00 0.00 0.00 0.00 0.00 0.00 0.00 0.00 0.00 0.00 0.00 0.00 0.00 0.00 0.00 0.00 0.00 0.00 0.00 0.30 -0.81 0.08 -0.23 -0.29 0.36 0.00 0.00 0.00 0.00 0.00 0.00 0.00 0.00 0.00 0.00 0.00 0.00 0.00 0.00 0.00 0.00 0.00 0.00 0.00 0.00 0.00 0.00 0.00 -0.40 0.15 -0.44 -0.95 0.00 0.00 0.00 0.00 0.00 0.00 0.00 0.00 0.00 0.00 0.00 0.00 0.00 0.00 0.00 0.00 0.00 0.00 0.00 0.00 0.00 0.00 0.00 0.00 0.00 0.00 0.00 0.00 0.00 0.00 0.00 0.00 0.00 0.00 0.00 0.00 0.00 0.00 0.00
rain_type.data=0 0 0 0 0 0 0 0 0 0 0 0 0 0 0 0 0 0 0 0 0 0 0 0 0 0 0 0 0 0 0 0 0 0 0 0 0 0 0 0 0 0 0 0 0 0 0 0 0 0 0 0 0 0 0 0 0 0 0 0 0 0 0 0 0 0 0 0 1 1 1 1 1 1 0 0 0 0 0 0 0 0 0 0 0 0 0 0 0 0 0 0 0 0 0 1 1 1 1 1 1 1 1 0 0 0 0 0 0 0 0 0 0 0 0 0 0 0 0 0 0 0 1 1 1 1 1 1 1 1 1 1 0 0 0 0 0 0 0 0 0 0 0 0 0 0 0 0 0 1 1 1 1 1 1 1 1 1 1 1 1 0 0 0 0 0 0 0 0 0 0 0 0 0 0 0 1 2 2 2 2 1 1 1 1 1 1 1 1 0 0 0 0 0 0 0 0 0 0 0 0 0 0 0 2 2 2 2 2 2 1 1 1 1 1 1 1 1 0 0 0 0 0 0 0 0 0 0 0 0 0 2 2 2 2 2 2 2 1 1 1 1 1 1 1 1 0 0 0 0 0 0 0 0 0 0 0 0 0 2 2 2 2 2 2 2 2 1 1 1 1 1 1 1 1 0 0 0 0 0 0 0 0 0 0 0 2 2 2 2 2 2 2 2 2 1 1 1 1 1 1 1 1 0 0 0 0 0 0 0 0 0 0 0 2 2 2 2 2 2 2 2 2 2 1 1 1 1 1 1 1 1 0 0 0 0 0 0 0 0 0 0 2 2 2 2 2 2 2 2 2 2 1 1 1 1 1 1 1 1 0 0 0 0 0 0 0 0 0 2 2 2 2 2 2 2 2 2 2 2 1 1 1 1 1 1 1 1 0 0 0 0 0 0 0 0 0 2 2 2 2 2 2 2 2 2 2 2 2 1 1 1 1 1 1 1 1 0 0 0 0 0 0 0 0 2 2 2 2 2 2 2 2 2 2 2 2 1 1 1 1 1 1 1 1 0 0 0 0 0 0 0 0 2 2 2 2 2 2 2 2 2 2 2 2 1 1 1 1 1 1 1 1 0 0 0 0 0 0 0 1 2 2 2 2 2 2 2 2 2 2 2 2 1 1 1 1 1 1 1 1 0 0 0 0 0 0 0 2 2 2 2 2 2 2 2 2 2 2 2 2 1 1 1 1 1 1 1 1 1 0 0 0 0 0 0 2 2 2 2 2 2 2 2 2 2 2 2 2 2 1 1 1 1 1 1 1 1 0 0 0 0 0 0 2 2 2 2 2 2 2 2 2 2 2 2 2 2 1 1 1 1 1 1 1 1 0 0 0 0 0 1 2 2 2 2 2 2 2 2 2 2 2 2 2 2 1 1 1 1 1 1 1 1 0 0 0 0 0 1 2 2 2 2 2 2 2 2 2 2 2 2 2 2 1 1 1 1 1 1 1 1 0 0 0 0 0 1 2 2 2 2 2 2 2 2 2 2 2 2 2 2 1 1 1 1 1 1 1 1 0 0 0 0 0 1 2 2 2 2 2 2 2 2 2 2 2 2 2 2 1 1 1 1 1 1 1 1 1 0 0 0 0 1 2 2 2 2 2 2 2 2 2 2 2 2 2 2 1 1 1 1 1 1 1 1 1 0 0 0 0 1 2 2 2 2 2 2 2 2 2 2 2 2 2 2 1 1 1 1 1 1 1 1 1 0 0 0 0 1 2 2 2 2 2 2 2 2 2 2 2 2 2 2 1 1 1 1 1 1 1 1 1 0 0 0 0 1 2 2 2 2 2 2 2 2 2 2 2 2 2 2 1 1 1 1 1 1 1 1 1 0 0 0 1 1 2 2 2 2 2 2 2 2 2 2 2 2 2 2 1 1 1 1 1 1 1 1 1 0 0 0 1 1 2 2 2 2 2 2 2 2 2 2 2 2 2 2 1 1 1 1 1 1 1 1 1 0 0 0 1 1 2 2 2 2 2 2 2 2 2 2 2 2 2 2 1 1 1 1 1 1 1 1 1 0 0 0 1 1 2 2 2 2 2 2 2 2 2 2 2 2 2 2 1 1 1 1 1 1 1 1 1 0 0 0 1 1 2 2 2 2 2 2 2 2 2 2 2 2 2 2 1 1 1 1 1 1 1 1 1 0 0 0 1 1 2 2 2 2 2 2 2 2 2 2 2 2 2 2 1 1 1 1 1 1 1 1 1 0 0 0 1 1 1 2 2 2 2 2 2 2 2 2 2 2 2 1 1 1 1 1 1 1 1 1 1 1 0 0 1 1 1 2 2 2 2 2 2 2 2 2 2 2 2 1 1 1 1 1 1 1 1 1 1 1 0 0 1 1 1 2 2 2 2 2 2 2 2 2 2 2 2 1 1 1 1 1 1 1 1 1 1 1 0 0 1 1 1 2 2 2 2 2 2 2 2 2 2 2 2 1 1 1 1 1 1 1 1 1 1 1 0 0 1 1 1 2 2 2 2 2 2 2 2 2 2 2 2 1 1 1 1 1 1 1 1 1 1 1 0 0 1 1 1 2 2 2 2 2 2 2 2 2 2 2 2 1 1 1 1 1 1 1 1 1 1 1 0 0 1 1 1 1 2 2 2 2 2 2 2 2 2 2 1 1 1 1 1 1 1 1 1 1 1 1 0 0 1 1 1 1 2 2 2 2 2 2 2 2 2 2 1 1 1 1 1 1 1 1 1 1 1 1 0 0 1 1 1 1 2 2 2 2 2 2 2 2 2 2 1 1 1 1 1 1 1 1 1 1 1 1 0 0 1 1 1 1 2 2 2 2 2 2 2 2 2 1 1 1 1 1 1 1 1 1 1 1 1 1 0 0 1 1 1 1 1 2 2 2 2 2 2 2 2 1 1 1 1 1 1 1 1 1 1 1 1 1 0 0 1 1 1 1 1 2 2 2 2 2 2 2 2 1 1 1 1 1 1 1 1 1 1 1 1 1 0 0 1 1 1 1 1 1 2 2 2 2 2 2 1 1 1 1 1 1 1 1 1 1 1 1 1 1 0 0 1 1 1 1 1 1 2 2 2 2 2 1 1 1 1 1 1 1 1 1 1 1 1 1 1 0 0 0 1 1 1 1 1 1 1 2 2 2 2 1 1 1 1 1 1 1 1 1 1 1 1 1 1 0 0 0 1 1 1 1 1 1 1 1 1 1 1 1 1 1 1 1 1 1 1 1 1 1 1 1 1 0 0 0 1 1 1 1 1 1 1 1 1 1 1 1 1 1 1 1 1 1 1 1 1 1 1 1 1 0 0 0 1 1 1 1 1 1 1 1 1 1 1 1 1 1 1 1 1 1 1 1 1 1 1 1 1 0 0 0 0 1 1 1 1 1 1 1 1 1 1 1 1 1 1 1 1 1 1 1 1 1 1 1 1 0 0 0 0 1 1 1 1 1 1 1 1 1 1 1 1 1 1 1 1 1 1 1 1 1 1 1 1 0 0 0 0 1 1 1 1 1 1 1 1 1 1 1 1 1 1 1 1 1 1 1 1 1 1 1 1 0 0 0 0 1 1 1 1 1 1 1 1 1 1 1 1 1 1 1 1 1 1 1 1 1 1 1 1 0 0 0 0 1 1 1 1 1 1 1 1 1 1 1 1 1 1 1 1 1 1 1 1 1 1 1 1 0 0 0 0 1 1 1 1 1 1 1 1 1 1 1 1 1 1 1 1 1 1 1 1 1 1 1 1 0 0 0 0 1 1 1 1 1 1 1 1 1 1 1 1 1 1 1 1 1 1 1 1 1 1 1 1 0 0 0 0 1 1 1 1 1 1 1 1 1 1 1 1 1 1 1 1 1 1 1 1 1 1 1 0 0 0 0 0 1 1 1 1 1 1 1 1 1 1 1 1 1 1 1 1 1 1 1 1 1 1 1 0 0 0 0 0 1 1 1 1 1 1 1 1 1 1 1 1 1 1 1 1 1 1 1 1 1 1 1 0 0 0 0 0 0 1 1 1 1 1 1 1 1 1 1 1 1 1 1 1 1 1 1 1 1 1 1 0 0 0 0 0 0 1 1 1 1 1 1 1 1 1 1 1 1 1 1 1 1 1 1 1 1 1 1 0 0 0 0 0 0 1 1 1 1 1 1 1 1 1 1 1 1 1 1 1 1 1 1 1 1 1 1 0 0 0 0 0 0 1 1 1 1 1 1 1 1 1 1 1 1 1 1 1 1 1 1 1 1 1 1 0 0 0 0 0 0 1 1 1 1 1 1 1 1 1 1 1 1 1 1 1 1 1 1 1 1 1 0 0 0 0 0 0 0 1 1 1 1 1 1 1 1 1 1 1 1 1 1 1 1 1 1 1 1 1 0 0 0 0 0 0 0 0 1 1 1 1 1 1 1 1 1 1 1 1 1 1 1 1 1 1 1 1 0 0 0 0 0 0 0 0 1 1 1 1 1 1 1 1 1 1 1 1 1 1 1 1 1 1 1 1 0 0 0 0 0 0 0 0 1 1 1 1 1 1 1 1 1 1 1 1 1 1 1 1 1 1 1 1 0 0 0 0 0 0 0 0 1 1 1 1 1 1 1 1 1 1 1 1 1 1 1 1 1 1 1 0 0 0 0 0 0 0 0 0 1 1 1 1 1 1 1 1 1 1 1 1 1 1 1 1 1 1 1 0 0 0 0 0 0 0 0 0 0 1 1 1 1 1 1 1 1 1 1 1 1 1 1 1 1 1 1 0 0 0 0 0 0 0 0 0 0 1 1 1 1 1 1 1 1 1 1 1 1 1 1 1 1 1 1 0 0 0 0 0 0 0 0 0 0 1 1 1 1 1 1 1 1 1 1 1 1 1 1 1 1 1 0 0 0 0 0 0 0 0 0 0 0 0 1 1 1 1 1 1 1 1 1 1 1 1 1 1 1 1 0 0 0 0 0 0 0 0 0 0 0 0 1 1 1 1 1 1 1 1 1 1 1 1 1 1 1 1 0 0 0 0 0 0 0 0 0 0 0 0 1 1 1 1 1 1 1 1 1 1 1 1 1 1 1 1 0 0 0 0 0 0 0 0 0 0 0 0 1 1 1 1 1 1 1 1 1 1 1 1 1 1 1 0 0 0 0 0 0 0 0 0 0 0 0 0 0 1 1 1 1 1 1 1 1 1 1 1 1 1 1 0 0 0 0 0 0 0 0 0 0 0 0 0 0 1 1 1 1 1 1 1 1 1 1 1 1 1 0 0 0 0 0 0 0 0 0 0 0 0 0 0 0 0 1 1 1 1 1 1 1 1 1 1 1 1 0 0 0 0 0 0 0 0 0 0 0 0 0 0 0 0 1 1 1 1 1 1 1 1 1 1 1 1 0 0 0 0 0 0 0 0 0 0 0 0 0 0 0 0 0 1 1 1 1 1 1 1 1 1 1 0 0 0 0 0 0 0 0 0 0 0 0 0 0 0 0 0 0 1 1 1 1 1 1 1 1 1 1 0 0 0 0 0 0 0 0 0 0 0 0 0 0 0 0 0 0 0 1 1 1 1 1 1 1 1 0 0 0 0 0 0 0 0 0 0 0 0 0 0 0 0 0 0 0 0 0 1 1 1 1 1 1 0 0 0 0 0 0 0 0 0 0 0 0 0 0 0 0 0 0 0 0 0 0 0 1 1 1 1 0 0 0 0 0 0 0 0 0 0 0 0 0 0 0 0 0 0 0 0 0 0 0 0 0 0 0 0 0 0 0 0 0 0 0 0 0 0 0
estimated_attenuation.size=2548
estimated_attenuation.data=0.00 0.00 0.00 0.00 0.00 0.00 0.00 0.00 0.00 0.00 0.00 0.00 0.00 0.00 0.00 0.00 0.00 0.00 0.00 0.00 0.00 0.00 0.00 0.00 0.00 0.00 0.00 0.00 0.00 0.00 0.00 0.00 0.00 0.00 0.00 0.00 0.00 0.00 0.00 0.00 0.00 0.00 0.00 0.00 0.00 0.00 0.00 0.00 0.00 0.00 0.00 0.00 0.00 0.00 0.00 0.00 0.00 0.00 0.00 0.00 0.00 0.00 0.00 0.00 0.00 0.00 0.00 0.00 0.00 0.00 0.00 0.00 0.00 0.00 0.00 0.00 0.00 0.00 0.00 0.00 0.00 0.00 0.00 0.00 0.00 0.00 0.00 0.00 0.00 0.00 0.00 0.00 0.00 0.00 0.00 0.00 0.00 0.00 0.00 0.00 0.00 0.00 0.00 0.00 0.00 0.00 0.00 0.00 0.00 0.00 0.00 0.00 0.00 0.00 0.00 0.00 0.00 0.00 0.00 0.00 0.00 0.00 0.00 0.00 0.00 0.00 0.00 0.00 0.00 0.00 0.00 0.00 0.00 0.00 0.00 0.00 0.00 0.00 0.00 0.00 0.00 0.00 0.00 0.00 0.00 0.00 0.00 0.00 0.00 0.00 0.00 0.00 0.00 0.00 0.00 0.00 0.00 0.00 0.00 0.00 0.00 0.00 0.00 0.00 0.00 0.00 0.00 0.00 0.00 0.00 0.00 0.00 0.00 0.00 0.00 0.00 0.00 0.00 0.00 0.00 0.00 0.00 0.00 0.00 0.00 0.00 0.00 0.00 0.00 0.00 0.00 0.00 0.00 0.00 0.00 0.00 0.00 0.00 0.00 0.00 0.00 0.00 0.00 0.00 0.00 0.00 0.00 0.00 0.00 0.00 0.00 0.00 0.00 0.00 0.00 0.00 0.00 0.00 0.00 0.00 0.00 0.00 0.00 0.00 0.00 0.00 0.00 0.00 0.00 0.00 0.00 0.00 0.00 0.00 0.00 0.00 0.00 0.00 0.00 0.00 0.00 0.00 0.00 0.00 0.00 0.00 0.00 0.00 0.00 0.00 0.00 0.00 0.00 0.00 0.00 0.00 0.00 0.00 0.00 0.00 0.00 0.00 0.00 0.00 0.00 0.00 0.00 0.00 0.00 0.00 0.00 0.00 0.00 0.00 0.00 0.00 0.00 0.00 0.00 0.00 0.00 0.00 0.00 0.00 0.00 0.00 0.00 0.00 0.00 0.00 0.00 0.00 0.00 0.00 0.00 0.00 0.00 0.00 0.00 0.00 0.00 0.00 0.00 0.00 0.00 0.00 0.00 0.00 0.00 0.00 0.00 0.00 0.00 0.00 0.00 0.00 0.00 0.00 0.00 0.00 0.00 0.00 0.00 0.00 0.00 0.00 0.00 0.00 0.00 0.00 0.00 0.00 0.00 0.00 0.00 0.00 0.00 0.00 0.00 0.00 0.00 0.00 0.00 0.00 0.00 0.00 0.00 0.00 0.00 0.00 0.00 0.00 0.00 0.00 0.00 0.00 0.00 0.00 0.00 0.00 0.00 0.00 0.00 0.00 0.00 0.00 0.00 0.00 0.00 0.00 0.00 0.00 0.00 0.00 0.00 0.00 0.00 0.00 0.00 0.00 0.00 0.00 0.00 0.00 0.00 0.00 0.00 0.00 0.00 0.00 0.00 0.00 0.00 0.00 0.00 0.00 0.00 0.00 0.00 0.00 0.00 0.00 0.00 0.00 0.00 0.00 0.00 0.00 0.00 0.00 0.00 0.00 0.00 0.00 0.00 0.00 0.00 0.00 0.00 0.00 0.00 0.00 0.00 0.00 0.00 0.00 0.00 0.00 0.00 0.00 0.00 0.00 0.00 0.00 0.00 0.00 0.00 0.00 0.00 0.00 0.00 0.00 0.00 0.00 0.00 0.00 0.00 0.00 0.00 0.00 0.00 0.00 0.00 0.00 0.00 0.00 0.00 0.00 0.00 0.00 0.00 0.00 0.00 0.00 0.00 0.00 0.00 0.00 0.00 0.00 0.00 0.00 0.00 0.00 0.00 0.00 0.00 0.00 0.00 0.00 0.00 0.00 0.00 0.00 0.00 0.00 0.00 0.00 0.00 0.00 0.00 0.00 0.00 0.00 0.00 0.00 0.00 0.00 0.00 0.00 0.00 0.00 0.00 0.00 0.00 0.00 0.00 0.00 0.00 0.00 0.00 0.00 0.00 0.00 0.00 0.00 0.00 0.00 0.00 0.00 0.00 0.00 0.00 0.00 0.00 0.00 0.00 0.00 0.00 0.00 0.00 0.00 0.00 0.00 0.00 0.00 0.00 0.00 0.00 0.00 0.00 0.00 0.00 0.00 0.00 0.00 0.00 0.00 0.00 0.00 0.00 0.00 0.00 0.00 0.00 0.00 0.00 0.00 0.00 0.00 0.00 0.00 0.00 0.00 0.00 0.00 0.00 0.00 0.00 0.00 0.00 0.00 0.00 0.00 0.00 0.00 0.00 0.00 0.00 0.00 0.00 0.00 0.00 0.00 0.00 0.00 0.00 0.00 0.00 0.00 0.00 0.00 0.00 0.00 0.00 0.00 0.00 0.00 0.00 0.00 0.00 0.00 0.00 0.00 0.00 0.00 0.00 0.00 0.00 0.00 0.00 0.00 0.00 0.00 0.00 0.00 0.00 0.00 0.00 0.00 0.00 0.00 0.00 0.00 0.00 0.00 0.00 0.00 0.00 0.00 0.00 0.00 0.00 0.00 0.00 0.00 0.00 0.00 0.00 0.00 0.00 0.00 0.00 0.00 0.00 0.00 0.00 0.00 0.00 0.00 0.00 0.00 0.00 0.00 0.00 0.00 0.00 0.00 0.00 0.00 0.00 0.00 0.00 0.00 0.00 0.00 0.00 0.00 0.00 0.00 0.00 0.00 0.00 0.00 0.00 0.00 0.00 0.00 0.00 0.00 0.00 0.00 0.00 0.00 0.00 0.00 0.00 0.00 0.00 0.00 0.00 0.00 0.00 0.00 0.00 0.00 0.00 0.00 0.00 0.00 0.00 0.00 0.00 0.00 0.00 0.00 0.00 0.00 0.00 0.00 0.00 0.00 0.00 0.00 0.00 0.00 0.00 0.00 0.00 0.00 0.00 0.00 0.00 0.00 0.00 0.00 0.00 0.00 0.00 0.00 0.00 0.00 0.00 0.00 0.00 0.00 0.00 0.00 0.00 0.00 0.00 0.00 0.00 0.00 0.00 0.00 0.00 0.00 0.00 0.00 0.00 0.00 0.00 0.00 0.00 0.00 0.00 0.00 0.00 0.00 0.00 0.00 0.00 0.00 0.00 0.00 0.00 0.00 0.00 0.00 0.00 0.00 0.00 0.00 0.00 0.00 0.00 0.00 0.00 0.00 0.00 0.00 0.00 0.00 0.00 0.00 0.00 0.00 0.00 0.00 0.00 0.00 0.00 0.00 0.00 0.00 0.00 0.00 0.00 0.00 0.00 0.00 0.00 0.00 0.00 0.00 0.00 0.00 0.00 0.00 0.00 0.00 0.00 0.00 0.00 0.00 0.00 0.00 0.00 0.00 0.00 0.00 0.00 0.00 0.00 0.00 0.00 0.00 0.00 0.00 0.00 0.00 0.00 0.00 0.00 0.00 0.00 0.00 0.00 0.00 0.00 0.00 0.00 0.00 0.00 0.00 0.00 0.00 0.00 0.00 0.00 0.00 0.00 0.00 0.00 0.00 0.00 0.00 0.00 0.00 0.00 0.00 0.00 0.00 0.00 0.00 0.00 0.00 0.00 0.00 0.00 0.00 0.00 0.00 0.00 0.00 0.00 0.00 0.00 0.00 0.00 0.00 0.00 0.00 0.00 0.00 0.00 0.00 0.00 0.00 0.00 0.00 0.00 0.00 0.00 0.00 0.00 0.00 0.00 0.00 0.00 0.00 0.00 0.00 0.00 0.00 0.00 0.00 0.00 0.00 0.00 0.00 0.00 0.00 0.00 0.00 0.00 0.00 0.00 0.00 0.00 0.00 0.00 0.00 0.00 0.00 0.00 0.00 0.00 0.00 0.00 0.00 0.00 0.00 0.00 0.00 0.00 0.00 0.00 0.00 0.00 0.00 0.00 0.00 0.00 0.00 0.00 0.00 0.00 0.00 0.00 0.00 0.00 0.00 0.00 0.00 0.00 0.00 0.00 0.00 0.00 0.00 0.00 0.00 0.00 0.00 0.00 0.00 0.00 0.00 0.00 0.00 0.00 0.00 0.00 0.00 0.00 0.00 0.00 0.00 0.00 0.00 0.00 0.00 0.00 0.00 0.00 0.00 0.00 0.00 0.00 0.00 0.00 0.00 0.00 0.00 0.00 0.00 0.00 0.00 0.00 0.00 0.00 0.00 0.00 0.00 0.00 0.00 0.00 0.00 0.00 0.00 0.00 0.00 0.00 0.00 0.00 0.00 0.00 0.00 0.00 0.00 0.00 0.00 0.00 0.00 0.00 0.00 0.00 0.00 0.00 0.00 0.00 0.00 0.00 0.00 0.00 0.00 0.00 0.00 0.00 0.00 0.00 0.00 0.00 0.00 0.00 0.00 0.00 0.00 0.00 0.00 0.00 0.00 0.00 0.00 0.00 0.00 0.00 0.00 0.00 0.00 0.00 0.00 0.00 0.00 0.00 0.00 0.00 0.00 0.00 0.00 0.00 0.00 0.00 0.00 0.00 0.00 0.00 0.00 0.00 0.00 0.00 0.00 0.00 0.00 0.00 0.00 0.00 0.00 0.00 0.00 0.00 0.00 0.00 0.00 0.00 0.00 0.00 0.00 0.00 0.00 0.00 0.00 0.00 0.00 0.00 0.00 0.00 0.00 0.00 0.00 0.00 0.00 0.00 0.00 0.00 0.00 0.00 0.00 0.00 0.00 0.00 0.00 0.00 0.00 0.00 0.00 0.00 0.00 0.00 0.00 0.00 0.00 0.00 0.00 0.00 0.00 0.00 0.00 0.00 0.00 0.00 0.00 0.00 0.00 0.00 0.00 0.00 0.00 0.00 0.00 0.00 0.00 0.00 0.00 0.00 0.00 0.00 0.00 0.00 0.00 0.00 0.00 0.00 0.00 0.00 0.00 0.00 0.00 0.00 0.00 0.00 0.00 0.00 0.00 0.00 0.00 0.00 0.00 0.00 0.00 0.00 0.00 0.00 0.00 0.00 0.00 0.00 0.00 0.00 0.00 0.00 0.00 0.00 0.00 0.00 0.00 0.00 0.00 0.00 0.00 0.00 0.00 0.00 0.00 0.00 0.00 0.00 0.00 0.00 0.00 0.00 0.00 0.00 0.00 0.00 0.00 0.00 0.00 0.00 0.00 0.00 0.00 0.00 0.00 0.00 0.00 0.00 0.00 0.00 0.00 0.00 0.00 0.00 0.00 0.00 0.00 0.00 0.00 0.00 0.00 0.00 0.00 0.00 0.00 0.00 0.00 0.00 0.00 0.00 0.00 0.00 0.00 0.00 0.00 0.00 0.00 0.00 0.00 0.00 0.00 0.00 0.00 0.00 0.00 0.00 0.00 0.00 0.00 0.00 0.00 0.00 0.00 0.00 0.00 0.00 0.00 0.00 0.00 0.00 0.00 0.00 0.00 0.00 0.00 0.00 0.00 0.00 0.00 0.00 0.00 0.00 0.00 0.00 0.00 0.00 0.00 0.00 0.00 0.00 0.00 0.00 0.00 0.00 0.00 0.00 0.00 0.00 0.00 0.00 0.00 0.00 0.00 0.00 0.00 0.00 0.00 0.00 0.00 0.00 0.00 0.00 0.00 0.00 0.00 0.00 0.00 0.00 0.00 0.00 0.00 0.00 0.00 0.00 0.00 0.00 0.00 0.00 0.00 0.00 0.00 0.00 0.00 0.00 0.00 0.00 0.00 0.00 0.00 0.00 0.00 0.00 0.00 0.00 0.00 0.00 0.00 0.00 0.00 0.00 0.00 0.00 0.00 0.00 0.00 0.00 0.00 0.00 0.00 0.00 0.00 0.00 0.00 0.00 0.00 0.00 0.00 0.00 0.00 0.00 0.00 0.00 0.00 0.00 0.00 0.00 0.00 0.00 0.00 0.00 0.00 0.00 0.00 0.00 0.00 0.00 0.00 0.00 0.00 0.00 0.00 0.00 0.00 0.00 0.00 0.00 0.00 0.00 0.00 0.00 0.00 0.00 0.00 0.00 0.00 0.00 0.00 0.00 0.00 0.00 0.00 0.00 0.00 0.00 0.00 0.00 0.00 0.00 0.00 0.00 0.00 0.00 0.00 0.00 0.00 0.00 0.00 0.00 0.00 0.00 0.00 0.00 0.00 0.00 0.00 0.00 0.00 0.00 0.00 0.00 0.00 0.00 0.00 0.00 0.00 0.00 0.00 0.00 0.00 0.00 0.00 0.00 0.00 0.00 0.00 0.00 0.00 0.00 0.00 0.00 0.00 0.00 0.00 0.00 0.00 0.00 0.00 0.00 0.00 0.00 0.00 0.00 0.00 0.00 0.00 0.00 0.00 0.00 0.00 0.00 0.00 0.00 0.00 0.00 0.00 0.00 0.00 0.00 0.00 0.00 0.00 0.00 0.00 0.00 0.00 0.00 0.00 0.00 0.00 0.00 0.00 0.00 0.00 0.00 0.00 0.00 0.00 0.00 0.00 0.00 0.00 0.00 0.00 0.00 0.00 0.00 0.00 0.00 0.00 0.00 0.00 0.00 0.00 0.00 0.00 0.00 0.00 0.00 0.00 0.00 0.00 0.00 0.00 0.00 0.00 0.00 0.00 0.00 0.00 0.00 0.00 0.00 0.00 0.00 0.00 0.00 0.00 0.00 0.00 0.00 0.00 0.00 0.00 0.00 0.00 0.00 0.00 0.00 0.00 0.00 0.00 0.00 0.00 0.00 0.00 0.00 0.00 0.00 0.00 0.00 0.00 0.00 0.00 0.00 0.00 0.00 0.00 0.00 0.00 0.00 0.00 0.00 0.00 0.00 0.00 0.00 0.00 0.00 0.00 0.00 0.00 0.00 0.00 0.00 0.00 0.00 0.00 0.00 0.00 0.00 0.00 0.00 0.00 0.00 0.00 0.00 0.00 0.00 0.00 0.00 0.00 0.00 0.00 0.00 0.00 0.00 0.00 0.00 0.00 0.00 0.00 0.00 0.00 0.00 0.00 0.00 0.00 0.00 0.00 0.00 0.00 0.00 0.00 0.00 0.00 0.00 0.00 0.00 0.00 0.00 0.00 0.00 0.00 0.00 0.00 0.00 0.00 0.00 0.00 0.00 0.00 0.00 0.00 0.00 0.00 0.00 0.00 0.00 0.00 0.00 0.00 0.00 0.00 0.00 0.00 0.00 0.00 0.00 0.00 0.00 0.00 0.00 0.00 0.00 0.00 0.00 0.00 0.00 0.00 0.00 0.00 0.00 0.00 0.00 0.00 0.00 0.00 0.00 0.00 0.00 0.00 0.00 0.00 0.00 0.00 0.00 0.00 0.00 0.00 0.00 0.00 0.00 0.00 0.00 0.00 0.00 0.00 0.00 0.00 0.00 0.00 0.00 0.00 0.00 0.00 0.00 0.00 0.00 0.00 0.00 0.00 0.00 0.00 0.00 0.00 0.00 0.00 0.00 0.00 0.00 0.00 0.00 0.00 0.00 0.00 0.00 0.00 0.00 0.00 0.00 0.00 0.00 0.00 0.00 0.00 0.00 0.00 0.00 0.00 0.00 0.00 0.00 0.00 0.00 0.00 0.00 0.00 0.00 0.00 0.00 0.00 0.00 0.00 0.00 0.00 0.00 0.00 0.00 0.00 0.00 0.00 0.00 0.00 0.00 0.00 0.00 0.00 0.00 0.00 0.00 0.00 0.00 0.00 0.00 0.00 0.00 0.00 0.00 0.00 0.00 0.00 0.00 0.00 0.00 0.00 0.00 0.00 0.00 0.00 0.00 0.00 0.00 0.00 0.00 0.00 0.00 0.00 0.00 0.00 0.00 0.00 0.00 0.00 0.00 0.00 0.00 0.00 0.00 0.00 0.00 0.00 0.00 0.00 0.00 0.00 0.00 0.00 0.00 0.00 0.00 0.00 0.00 0.00 0.00 0.00 0.00 0.00 0.00 0.00 0.00 0.00 0.00 0.00 0.00 0.00 0.00 0.00 0.00 0.00 0.00 0.00 0.00 0.00 0.00 0.00 0.00 0.00 0.00 0.00 0.00 0.00 0.00 0.00 0.00 0.00 0.00 0.00 0.00 0.00 0.00 0.00 0.00 0.00 0.00 0.00 0.00 0.00 0.00 0.00 0.00 0.00 0.00 0.00 0.00 0.00 0.00 0.00 0.00 0.00 0.00 0.00 0.00 0.00 0.00 0.00 0.00 0.00 0.00 0.00 0.00 0.00 0.00 0.00 0.00 0.00 0.00 0.00 0.00 0.00 0.00 0.00 0.00 0.00 0.00 0.00 0.00 0.00 0.00 0.00 0.00 0.00 0.00 0.00 0.00 0.00 0.00 0.00 0.00 0.00 0.00 0.00 0.00 0.00 0.00 0.00 0.00 0.00 0.00 0.00 0.00 0.00 0.00 0.00 0.00 0.00 0.00 0.00 0.00 0.00 0.00 0.00 0.00 0.00 0.00 0.00 0.00 0.00 0.00 0.00 0.00 0.00 0.00 0.00 0.00 0.00 0.00 0.00 0.00 0.00 0.00 0.00 0.00 0.00 0.00 0.00 0.00 0.00 0.00 0.00 0.00 0.00 0.00 0.00 0.00 0.00 0.00 0.00 0.00 0.00 0.00 0.00 0.00 0.00 0.00 0.00 0.00 0.00 0.00 0.00 0.00 0.00 0.00 0.00 0.00 0.00 0.00 0.00 0.00 0.00 0.00 0.00 0.00 0.00 0.00 0.00 0.00 0.00 0.00 0.00 0.00 0.00 0.00 0.00 0.00 0.00 0.00 0.00 0.00 0.00 0.00 0.00 0.00 0.00 0.00 0.00 0.00 0.00 0.00 0.00 0.00 0.00 0.00 0.00 0.00 0.00 0.00 0.00 0.00 0.00 0.00 0.00 0.00 0.00 0.00 0.00 0.00 0.00 0.00 0.00 0.00 0.00 0.00 0.00 0.00 0.00 0.00 0.00 0.00 0.00 0.00 0.00 0.00 0.00 0.00 0.00 0.00 0.00 0.00 0.00 0.00 0.00 0.00 0.00 0.00 0.00 0.00 0.00 0.00 0.00 0.00 0.00 0.00 0.00 0.00 0.00 0.00 0.00 0.00 0.00 0.00 0.00 0.00 0.00 0.00 0.00 0.00 0.00 0.00 0.00 0.00 0.00 0.00 0.00 0.00 0.00 0.00 0.00 0.00 0.00 0.00 0.00 0.00 0.00 0.00 0.00 0.00 0.00 0.00 0.00 0.00 0.00 0.00 0.00 0.00 0.00 0.00 0.00 0.00 0.00 0.00 0.00 0.00 0.00 0.00 0.00 0.00 0.00 0.00 0.00 0.00 0.00 0.00 0.00 0.00 0.00 0.00 0.00 0.00 0.00 0.00 0.00 0.00 0.00 0.00 0.00 0.00 0.00 0.00 0.00 0.00 0.00 0.00 0.00 0.00 0.00 0.00 0.00 0.00 0.00 0.00 0.00 0.00 0.00 0.00 0.00 0.00 0.00 0.00 0.00 0.00 0.00 0.00 0.00 0.00 0.00 0.00 0.00 0.00 0.00 0.00 0.00 0.00 0.00 0.00 0.00 0.00 0.00 0.00 0.00 0.00 0.00 0.00 0.00 0.00 0.00 0.00 0.00 0.00 0.00 0.00 0.00 0.00 0.00 0.00 0.00 0.00 0.00 0.00 0.00 0.00 0.00 0.00 0.00 0.00 0.00 0.00 0.00 0.00 0.00 0.00 0.00 0.00 0.00 0.00 0.00 0.00 0.00 0.00 0.00 0.00 0.00 0.00 0.00 0.00 0.00 0.00 0.00 0.00 0.00 0.00 0.00 0.00 0.00 0.00 0.00 0.00 0.00 0.00 0.00 0.00 0.00 0.00 0.00 0.00 0.00 0.00 0.00 0.00 0.00 0.00 0.00 0.00 0.00 0.00 0.00 0.00 0.00 0.00 0.00 0.00 0.00 0.00 0.00 0.00 0.00 0.00 0.00 0.00 0.00 0.00 0.00 0.00 0.00 0.00 0.00 0.00 0.00 0.00 0.00 0.00 0.00 0.00 0.00 0.00 0.00 0.00 0.00 0.00 0.00 0.00 0.00 0.00 0.00 0.00 0.00 0.00 0.00 0.00 0.00 0.00 0.00 0.00 0.00 0.00 0.00 0.00 0.00 0.00 0.00 0.00 0.00 0.00 0.00 0.00 0.00 0.00 0.00 0.00 0.00 0.00 0.00 0.00 0.00 0.00 0.00 0.00 0.00 0.00 0.00 0.00 0.00 0.00 0.00 0.00 0.00 0.00 0.00 0.00 0.00 0.00 0.00 0.00 0.00 0.00 0.00 0.00 0.00 0.00 0.00 0.00 0.00 0.00 0.00 0.00 0.00 0.00 0.00 0.00 0.00 0.00 0.00 0.00 0.00 0.00 0.00 0.00 0.00 0.00 0.00 0.00 0.00 0.00 0.00 0.00 0.00 0.00 0.00 0.00 0.00 0.00 0.00 0.00 0.00 0.00 0.00 0.00 0.00 0.00 0.00 0.00 0.00 0.00 0.00 0.00 0.00 0.00 0.00 0.00 0.00 0.00 0.00 0.00 0.00 0.00 0.00 0.00 0.00 0.00 0.00 0.00 0.00 0.00 0.00 0.00 0.00 0.00 0.00 0.00 0.00 0.00 0.00 0.00 0.00 0.00 0.00 0.00 0.00 0.00 0.00 0.00 0.00 0.00 0.00 0.00 0.00 0.00 0.00 0.00 0.00 0.00 0.00 0.00 0.00 0.00 0.00 0.00 0.00 0.00 0.00 0.00 0.00 0.00 0.00 0.00 0.00 0.00 0.00 0.00 0.00 0.00 0.00 0.00 0.00 0.00 0.00 0.00 0.00 0.00 0.00 0.00 0.00 0.00 0.00 0.00 0.00 0.00 0.00 0.00 0.00 0.00 0.00 0.00 0.00 0.00 0.00 0.00 0.00 0.00 0.00 0.00 0.00 0.00 0.00 0.00 0.00 0.00 0.00 0.00 0.00 0.00 0.00 0.00 0.00 0.00 0.00 0.00 0.00
height.size=2548
height.data=16342.33 16342.33 16342.33 16342.33 16342.33 16342.33 16342.33 16342.33 16342.33 16342.33 16342.33 16342.33 16342.33 16342.33 16342.33 16342.33 16342.33 16342.33 16342.33 16342.33 16342.33 16342.33 16342.33 16342.33 16342.33 16342.33 16342.33 16342.33 16448.91 16448.91 16448.91 16448.91 16448.91 16448.91 16448.91 16448.91 16448.91 16448.91 16448.91 16448.91 16448.91 16448.91 16448.91 16448.91 16448.91 16448.91 16448.91 16448.91 16448.91 16448.91 16448.91 16448.91 16448.91 16448.91 16448.91 16448.91 16555.51 16555.51 16555.51 16555.51 16555.51 16555.51 16555.51 16555.51 16555.51 16555.51 16555.51 16555.51 16555.51 16555.51 16555.51 16555.51 16555.51 16555.51 16555.51 16555.51 16555.51 16555.51 16555.51 16555.51 16555.51 16555.51 16555.51 16555.51 16662.10 16662.10 16662.10 16662.10 16662.10 16662.10 16662.10 16662.10 16662.10 16662.10 16662.10 16662.10 16662.10 16662.10 16662.10 16662.10 16662.10 16662.10 16662.10 16662.10 16662.10 16662.10 16662.10 16662.10 16662.10 16662.10 16662.10 16662.10 16768.71 16768.71 16768.71 16768.71 16768.71 16768.71 16768.71 16768.71 16768.71 16768.71 16768.71 16768.71 16768.71 16768.71 16768.71 16768.71 16768.71 16768.71 16768.71 16768.71 16768.71 16768.71 16768.71 16768.71 16768.71 16768.71 16768.71 16768.71 16875.32 16875.32 16875.32 16875.32 16875.32 16875.32 16875.32 16875.32 16875.32 16875.32 16875.32 16875.32 16875.32 16875.32 16875.32 16875.32 16875.32 16875.32 16875.32 16875.32 16875.32 16875.32 16875.32 16875.32 16875.32 16875.32 16875.32 16875.32 16981.93 16981.93 16981.93 16981.93 16981.93 16981.93 16981.93 16981.93 16981.93 16981.93 16981.93 16981.93 16981.93 16981.93 16981.93 16981.93 16981.93 16981.93 16981.93 16981.93 16981.93 16981.93 16981.93 16981.93 16981.93 16981.93 16981.93 16981.93 17088.55 17088.55 17088.55 17088.55 17088.55 17088.55 17088.55 17088.55 17088.55 17088.55 17088.55 17088.55 17088.55 17088.55 17088.55 17088.55 17088.55 17088.55 17088.55 17088.55 17088.55 17088.55 17088.55 17088.55 17088.55 17088.55 17088.55 17088.55 17195.18 17195.18 17195.18 17195.18 17195.18 17195.18 17195.18 17195.18 17195.18 17195.18 17195.18 17195.18 17195.18 17195.18 17195.18 17195.18 17195.18 17195.18 17195.18 17195.18 17195.18 17195.18 17195.18 17195.18 17195.18 17195.18 17195.18 17195.18 17301.82 17301.82 17301.82 17301.82 17301.82 17301.82 17301.82 17301.82 17301.82 17301.82 17301.82 17301.82 17301.82 17301.82 17301.82 17301.82 17301.82 17301.82 17301.82 17301.82 17301.82 17301.82 17301.82 17301.82 17301.82 17301.82 17301.82 17301.82 17408.45 17408.45 17408.45 17408.45 17408.45 17408.45 17408.45 17408.45 17408.45 17408.45 17408.45 17408.45 17408.45 17408.45 17408.45 17408.45 17408.45 17408.45 17408.45 17408.45 17408.45 17408.45 17408.45 17408.45 17408.45 17408.45 17408.45 17408.45 17515.10 17515.10 17515.10 17515.10 17515.10 17515.10 17515.10 17515.10 17515.10 17515.10 17515.10 17515.10 17515.10 17515.10 17515.10 17515.10 17515.10 17515.10 17515.10 17515.10 17515.10 17515.10 17515.10 17515.10 17515.10 17515.10 17515.10 17515.10 17621.75 17621.75 17621.75 17621.75 17621.75 17621.75 17621.75 17621.75 17621.75 17621.75 17621.75 17621.75 17621.75 17621.75 17621.75 17621.75 17621.75 17621.75 17621.75 17621.75 17621.75 17621.75 17621.75 17621.75 17621.75 17621.75 17621.75 17621.75 17728.41 17728.41 17728.41 17728.41 17728.41 17728.41 17728.41 17728.41 17728.41 17728.41 17728.41 17728.41 17728.41 17728.41 17728.41 17728.41 17728.41 17728.41 17728.41 17728.41 17728.41 17728.41 17728.41 17728.41 17728.41 17728.41 17728.41 17728.41 17835.07 17835.07 17835.07 17835.07 17835.07 17835.07 17835.07 17835.07 17835.07 17835.07 17835.07 17835.07 17835.07 17835.07 17835.07 17835.07 17835.07 17835.07 17835.07 17835.07 17835.07 17835.07 17835.07 17835.07 17835.07 17835.07 17835.07 17835.07 17941.74 17941.74 17941.74 17941.74 17941.74 17941.74 17941.74 17941.74 17941.74 17941.74 17941.74 17941.74 17941.74 17941.74 17941.74 17941.74 17941.74 17941.74 17941.74 17941.74 17941.74 17941.74 17941.74 17941.74 17941.74 17941.74 17941.74 17941.74 18048.42 18048.42 18048.42 18048.42 18048.42 18048.42 18048.42 18048.42 18048.42 18048.42 18048.42 18048.42 18048.42 18048.42 18048.42 18048.42 18048.42 18048.42 18048.42 18048.42 18048.42 18048.42 18048.42 18048.42 18048.42 18048.42 18048.42 18048.42 18155.10 18155.10 18155.10 18155.10 18155.10 18155.10 18155.10 18155.10 18155.10 18155.10 18155.10 18155.10 18155.10 18155.10 18155.10 18155.10 18155.10 18155.10 18155.10 18155.10 18155.10 18155.10 18155.10 18155.10 18155.10 18155.10 18155.10 18155.10 18261.79 18261.79 18261.79 18261.79 18261.79 18261.79 18261.79 18261.79 18261.79 18261.79 18261.79 18261.79 18261.79 18261.79 18261.79 18261.79 18261.79 18261.79 18261.79 18261.79 18261.79 18261.79 18261.79 18261.79 18261.79 18261.79 18261.79 18261.79 18368.48 18368.48 18368.48 18368.48 18368.48 18368.48 18368.48 18368.48 18368.48 18368.48 18368.48 18368.48 18368.48 18368.48 18368.48 18368.48 18368.48 18368.48 18368.48 18368.48 18368.48 18368.48 18368.48 18368.48 18368.48 18368.48 18368.48 18368.48 18475.18 18475.18 18475.18 18475.18 18475.18 18475.18 18475.18 18475.18 18475.18 18475.18 18475.18 18475.18 18475.18 18475.18 18475.18 18475.18 18475.18 18475.18 18475.18 18475.18 18475.18 18475.18 18475.18 18475.18 18475.18 18475.18 18475.18 18475.18 18581.89 18581.89 18581.89 18581.89 18581.89 18581.89 18581.89 18581.89 18581.89 18581.89 18581.89 18581.89 18581.89 18581.89 18581.89 18581.89 18581.89 18581.89 18581.89 18581.89 18581.89 18581.89 18581.89 18581.89 18581.89 18581.89 18581.89 18581.89 18688.60 18688.60 18688.60 18688.60 18688.60 18688.60 18688.60 18688.60 18688.60 18688.60 18688.60 18688.60 18688.60 18688.60 18688.60 18688.60 18688.60 18688.60 18688.60 18688.60 18688.60 18688.60 18688.60 18688.60 18688.60 18688.60 18688.60 18688.60 18795.32 18795.32 18795.32 18795.32 18795.32 18795.32 18795.32 18795.32 18795.32 18795.32 18795.32 18795.32 18795.32 18795.32 18795.32 18795.32 18795.32 18795.32 18795.32 18795.32 18795.32 18795.32 18795.32 18795.32 18795.32 18795.32 18795.32 18795.32 18902.04 18902.04 18902.04 18902.04 18902.04 18902.04 18902.04 18902.04 18902.04 18902.04 18902.04 18902.04 18902.04 18902.04 18902.04 18902.04 18902.04 18902.04 18902.04 18902.04 18902.04 18902.04 18902.04 18902.04 18902.04 18902.04 18902.04 18902.04 19008.77 19008.77 19008.77 19008.77 19008.77 19008.77 19008.77 19008.77 19008.77 19008.77 19008.77 19008.77 19008.77 19008.77 19008.77 19008.77 19008.77 19008.77 19008.77 19008.77 19008.77 19008.77 19008.77 19008.77 19008.77 19008.77 19008.77 19008.77 19115.51 19115.51 19115.51 19115.51 19115.51 19115.51 19115.51 19115.51 19115.51 19115.51 19115.51 19115.51 19115.51 19115.51 19115.51 19115.51 19115.51 19115.51 19115.51 19115.51 19115.51 19115.51 19115.51 19115.51 19115.51 19115.51 19115.51 19115.51 19222.25 19222.25 19222.25 19222.25 19222.25 19222.25 19222.25 19222.25 19222.25 19222.25 19222.25 19222.25 19222.25 19222.25 19222.25 19222.25 19222.25 19222.25 19222.25 19222.25 19222.25 19222.25 19222.25 19222.25 19222.25 19222.25 19222.25 19222.25 19329.00 19329.00 19329.00 19329.00 19329.00 19329.00 19329.00 19329.00 19329.00 19329.00 19329.00 19329.00 19329.00 19329.00 19329.00 19329.00 19329.00 19329.00 19329.00 19329.00 19329.00 19329.00 19329.00 19329.00 19329.00 19329.00 19329.00 19329.00 19435.75 19435.75 19435.75 19435.75 19435.75 19435.75 19435.75 19435.75 19435.75 19435.75 19435.75 19435.75 19435.75 19435.75 19435.75 19435.75 19435.75 19435.75 19435.75 19435.75 19435.75 19435.75 19435.75 19435.75 19435.75 19435.75 19435.75 19435.75 19542.51 19542.51 19542.51 19542.51 19542.51 19542.51 19542.51 19542.51 19542.51 19542.51 19542.51 19542.51 19542.51 19542.51 19542.51 19542.51 19542.51 19542.51 19542.51 19542.51 19542.51 19542.51 19542.51 19542.51 19542.51 19542.51 19542.51 19542.51 19649.27 19649.27 19649.27 19649.27 19649.27 19649.27 19649.27 19649.27 19649.27 19649.27 19649.27 19649.27 19649.27 19649.27 19649.27 19649.27 19649.27 19649.27 19649.27 19649.27 19649.27 19649.27 19649.27 19649.27 19649.27 19649.27 19649.27 19649.27 19756.05 19756.05 19756.05 19756.05 19756.05 19756.05 19756.05 19756.05 19756.05 19756.05 19756.05 19756.05 19756.05 19756.05 19756.05 19756.05 19756.05 19756.05 19756.05 19756.05 19756.05 19756.05 19756.05 19756.05 19756.05 19756.05 19756.05 19756.05 19862.82 19862.82 19862.82 19862.82 19862.82 19862.82 19862.82 19862.82 19862.82 19862.82 19862.82 19862.82 19862.82 19862.82 19862.82 19862.82 19862.82 19862.82 19862.82 19862.82 19862.82 19862.82 19862.82 19862.82 19862.82 19862.82 19862.82 19862.82 19969.61 19969.61 19969.61 19969.61 19969.61 19969.61 19969.61 19969.61 19969.61 19969.61 19969.61 19969.61 19969.61 19969.61 19969.61 19969.61 19969.61 19969.61 19969.61 19969.61 19969.61 19969.61 19969.61 19969.61 19969.61 19969.61 19969.61 19969.61 20076.40 20076.40 20076.40 20076.40 20076.40 20076.40 20076.40 20076.40 20076.40 20076.40 20076.40 20076.40 20076.40 20076.40 20076.40 20076.40 20076.40 20076.40 20076.40 20076.40 20076.40 20076.40 20076.40 20076.40 20076.40 20076.40 20076.40 20076.40 20183.19 20183.19 20183.19 20183.19 20183.19 20183.19 20183.19 20183.19 20183.19 20183.19 20183.19 20183.19 20183.19 20183.19 20183.19 20183.19 20183.19 20183.19 20183.19 20183.19 20183.19 20183.19 20183.19 20183.19 20183.19 20183.19 20183.19 20183.19 20290.00 20290.00 20290.00 20290.00 20290.00 20290.00 20290.00 20290.00 20290.00 20290.00 20290.00 20290.00 20290.00 20290.00 20290.00 20290.00 20290.00 20290.00 20290.00 20290.00 20290.00 20290.00 20290.00 20290.00 20290.00 20290.00 20290.00 20290.00 20396.80 20396.80 20396.80 20396.80 20396.80 20396.80 20396.80 20396.80 20396.80 20396.80 20396.80 20396.80 20396.80 20396.80 20396.80 20396.80 20396.80 20396.80 20396.80 20396.80 20396.80 20396.80 20396.80 20396.80 20396.80 20396.80 20396.80 20396.80 20503.62 20503.62 20503.62 20503.62 20503.62 20503.62 20503.62 20503.62 20503.62 20503.62 20503.62 20503.62 20503.62 20503.62 20503.62 20503.62 20503.62 20503.62 20503.62 20503.62 20503.62 20503.62 20503.62 20503.62 20503.62 20503.62 20503.62 20503.62 20610.44 20610.44 20610.44 20610.44 20610.44 20610.44 20610.44 20610.44 20610.44 20610.44 20610.44 20610.44 20610.44 20610.44 20610.44 20610.44 20610.44 20610.44 20610.44 20610.44 20610.44 20610.44 20610.44 20610.44 20610.44 20610.44 20610.44 20610.44 20717.26 20717.26 20717.26 20717.26 20717.26 20717.26 20717.26 20717.26 20717.26 20717.26 20717.26 20717.26 20717.26 20717.26 20717.26 20717.26 20717.26 20717.26 20717.26 20717.26 20717.26 20717.26 20717.26 20717.26 20717.26 20717.26 20717.26 20717.26 20824.09 20824.09 20824.09 20824.09 20824.09 20824.09 20824.09 20824.09 20824.09 20824.09 20824.09 20824.09 20824.09 20824.09 20824.09 20824.09 20824.09 20824.09 20824.09 20824.09 20824.09 20824.09 20824.09 20824.09 20824.09 20824.09 20824.09 20824.09 20930.93 20930.93 20930.93 20930.93 20930.93 20930.93 20930.93 20930.93 20930.93 20930.93 20930.93 20930.93 20930.93 20930.93 20930.93 20930.93 20930.93 20930.93 20930.93 20930.93 20930.93 20930.93 20930.93 20930.93 20930.93 20930.93 20930.93 20930.93 21037.78 21037.78 21037.78 21037.78 21037.78 21037.78 21037.78 21037.78 21037.78 21037.78 21037.78 21037.78 21037.78 21037.78 21037.78 21037.78 21037.78 21037.78 21037.78 21037.78 21037.78 21037.78 21037.78 21037.78 21037.78 21037.78 21037.78 21037.78 21144.63 21144.63 21144.63 21144.63 21144.63 21144.63 21144.63 21144.63 21144.63 21144.63 21144.63 21144.63 21144.63 21144.63 21144.63 21144.63 21144.63 21144.63 21144.63 21144.63 21144.63 21144.63 21144.63 21144.63 21144.63 21144.63 21144.63 21144.63 21251.48 21251.48 21251.48 21251.48 21251.48 21251.48 21251.48 21251.48 21251.48 21251.48 21251.48 21251.48 21251.48 21251.48 21251.48 21251.48 21251.48 21251.48 21251.48 21251.48 21251.48 21251.48 21251.48 21251.48 21251.48 21251.48 21251.48 21251.48 21358.34 21358.34 21358.34 21358.34 21358.34 21358.34 21358.34 21358.34 21358.34 21358.34 21358.34 21358.34 21358.34 21358.34 21358.34 21358.34 21358.34 21358.34 21358.34 21358.34 21358.34 21358.34 21358.34 21358.34 21358.34 21358.34 21358.34 21358.34 21465.21 21465.21 21465.21 21465.21 21465.21 21465.21 21465.21 21465.21 21465.21 21465.21 21465.21 21465.21 21465.21 21465.21 21465.21 21465.21 21465.21 21465.21 21465.21 21465.21 21465.21 21465.21 21465.21 21465.21 21465.21 21465.21 21465.21 21465.21 21572.08 21572.08 21572.08 21572.08 21572.08 21572.08 21572.08 21572.08 21572.08 21572.08 21572.08 21572.08 21572.08 21572.08 21572.08 21572.08 21572.08 21572.08 21572.08 21572.08 21572.08 21572.08 21572.08 21572.08 21572.08 21572.08 21572.08 21572.08 21678.96 21678.96 21678.96 21678.96 21678.96 21678.96 21678.96 21678.96 21678.96 21678.96 21678.96 21678.96 21678.96 21678.96 21678.96 21678.96 21678.96 21678.96 21678.96 21678.96 21678.96 21678.96 21678.96 21678.96 21678.96 21678.96 21678.96 21678.96 21785.85 21785.85 21785.85 21785.85 21785.85 21785.85 21785.85 21785.85 21785.85 21785.85 21785.85 21785.85 21785.85 21785.85 21785.85 21785.85 21785.85 21785.85 21785.85 21785.85 21785.85 21785.85 21785.85 21785.85 21785.85 21785.85 21785.85 21785.85 21892.74 21892.74 21892.74 21892.74 21892.74 21892.74 21892.74 21892.74 21892.74 21892.74 21892.74 21892.74 21892.74 21892.74 21892.74 21892.74 21892.74 21892.74 21892.74 21892.74 21892.74 21892.74 21892.74 21892.74 21892.74 21892.74 21892.74 21892.74 21999.64 21999.64 21999.64 21999.64 21999.64 21999.64 21999.64 21999.64 21999.64 21999.64 21999.64 21999.64 21999.64 21999.64 21999.64 21999.64 21999.64 21999.64 21999.64 21999.64 21999.64 21999.64 21999.64 21999.64 21999.64 21999.64 21999.64 21999.64 22106.54 22106.54 22106.54 22106.54 22106.54 22106.54 22106.54 22106.54 22106.54 22106.54 22106.54 22106.54 22106.54 22106.54 22106.54 22106.54 22106.54 22106.54 22106.54 22106.54 22106.54 22106.54 22106.54 22106.54 22106.54 22106.54 22106.54 22106.54 22213.45 22213.45 22213.45 22213.45 22213.45 22213.45 22213.45 22213.45 22213.45 22213.45 22213.45 22213.45 22213.45 22213.45 22213.45 22213.45 22213.45 22213.45 22213.45 22213.45 22213.45 22213.45 22213.45 22213.45 22213.45 22213.45 22213.45 22213.45 22320.37 22320.37 22320.37 22320.37 22320.37 22320.37 22320.37 22320.37 22320.37 22320.37 22320.37 22320.37 22320.37 22320.37 22320.37 22320.37 22320.37 22320.37 22320.37 22320.37 22320.37 22320.37 22320.37 22320.37 22320.37 22320.37 22320.37 22320.37 22427.29 22427.29 22427.29 22427.29 22427.29 22427.29 22427.29 22427.29 22427.29 22427.29 22427.29 22427.29 22427.29 22427.29 22427.29 22427.29 22427.29 22427.29 22427.29 22427.29 22427.29 22427.29 22427.29 22427.29 22427.29 22427.29 22427.29 22427.29 22534.22 22534.22 22534.22 22534.22 22534.22 22534.22 22534.22 22534.22 22534.22 22534.22 22534.22 22534.22 22534.22 22534.22 22534.22 22534.22 22534.22 22534.22 22534.22 22534.22 22534.22 22534.22 22534.22 22534.22 22534.22 22534.22 22534.22 22534.22 22641.15 22641.15 22641.15 22641.15 22641.15 22641.15 22641.15 22641.15 22641.15 22641.15 22641.15 22641.15 22641.15 22641.15 22641.15 22641.15 22641.15 22641.15 22641.15 22641.15 22641.15 22641.15 22641.15 22641.15 22641.15 22641.15 22641.15 22641.15 22748.09 22748.09 22748.09 22748.09 22748.09 22748.09 22748.09 22748.09 22748.09 22748.09 22748.09 22748.09 22748.09 22748.09 22748.09 22748.09 22748.09 22748.09 22748.09 22748.09 22748.09 22748.09 22748.09 22748.09 22748.09 22748.09 22748.09 22748.09 22855.04 22855.04 22855.04 22855.04 22855.04 22855.04 22855.04 22855.04 22855.04 22855.04 22855.04 22855.04 22855.04 22855.04 22855.04 22855.04 22855.04 22855.04 22855.04 22855.04 22855.04 22855.04 22855.04 22855.04 22855.04 22855.04 22855.04 22855.04 22961.99 22961.99 22961.99 22961.99 22961.99 22961.99 22961.99 22961.99 22961.99 22961.99 22961.99 22961.99 22961.99 22961.99 22961.99 22961.99 22961.99 22961.99 22961.99 22961.99 22961.99 22961.99 22961.99 22961.99 22961.99 22961.99 22961.99 22961.99 23068.95 23068.95 23068.95 23068.95 23068.95 23068.95 23068.95 23068.95 23068.95 23068.95 23068.95 23068.95 23068.95 23068.95 23068.95 23068.95 23068.95 23068.95 23068.95 23068.95 23068.95 23068.95 23068.95 23068.95 23068.95 23068.95 23068.95 23068.95 23175.91 23175.91 23175.91 23175.91 23175.91 23175.91 23175.91 23175.91 23175.91 23175.91 23175.91 23175.91 23175.91 23175.91 23175.91 23175.91 23175.91 23175.91 23175.91 23175.91 23175.91 23175.91 23175.91 23175.91 23175.91 23175.91 23175.91 23175.91 23282.88 23282.88 23282.88 23282.88 23282.88 23282.88 23282.88 23282.88 23282.88 23282.88 23282.88 23282.88 23282.88 23282.88 23282.88 23282.88 23282.88 23282.88 23282.88 23282.88 23282.88 23282.88 23282.88 23282.88 23282.88 23282.88 23282.88 23282.88 23389.86 23389.86 23389.86 23389.86 23389.86 23389.86 23389.86 23389.86 23389.86 23389.86 23389.86 23389.86 23389.86 23389.86 23389.86 23389.86 23389.86 23389.86 23389.86 23389.86 23389.86 23389.86 23389.86 23389.86 23389.86 23389.86 23389.86 23389.86 23496.84 23496.84 23496.84 23496.84 23496.84 23496.84 23496.84 23496.84 23496.84 23496.84 23496.84 23496.84 23496.84 23496.84 23496.84 23496.84 23496.84 23496.84 23496.84 23496.84 23496.84 23496.84 23496.84 23496.84 23496.84 23496.84 23496.84 23496.84 23603.82 23603.82 23603.82 23603.82 23603.82 23603.82 23603.82 23603.82 23603.82 23603.82 23603.82 23603.82 23603.82 23603.82 23603.82 23603.82 23603.82 23603.82 23603.82 23603.82 23603.82 23603.82 23603.82 23603.82 23603.82 23603.82 23603.82 23603.82 23710.82 23710.82 23710.82 23710.82 23710.82 23710.82 23710.82 23710.82 23710.82 23710.82 23710.82 23710.82 23710.82 23710.82 23710.82 23710.82 23710.82 23710.82 23710.82 23710.82 23710.82 23710.82 23710.82 23710.82 23710.82 23710.82 23710.82 23710.82 23817.82 23817.82 23817.82 23817.82 23817.82 23817.82 23817.82 23817.82 23817.82 23817.82 23817.82 23817.82 23817.82 23817.82 23817.82 23817.82 23817.82 23817.82 23817.82 23817.82 23817.82 23817.82 23817.82 23817.82 23817.82 23817.82 23817.82 23817.82 23924.82 23924.82 23924.82 23924.82 23924.82 23924.82 23924.82 23924.82 23924.82 23924.82 23924.82 23924.82 23924.82 23924.82 23924.82 23924.82 23924.82 23924.82 23924.82 23924.82 23924.82 23924.82 23924.82 23924.82 23924.82 23924.82 23924.82 23924.82 24031.83 24031.83 24031.83 24031.83 24031.83 24031.83 24031.83 24031.83 24031.83 24031.83 24031.83 24031.83 24031.83 24031.83 24031.83 24031.83 24031.83 24031.83 24031.83 24031.83 24031.83 24031.83 24031.83 24031.83 24031.83 24031.83 24031.83 24031.83 24138.85 24138.85 24138.85 24138.85 24138.85 24138.85 24138.85 24138.85 24138.85 24138.85 24138.85 24138.85 24138.85 24138.85 24138.85 24138.85 24138.85 24138.85 24138.85 24138.85 24138.85 24138.85 24138.85 24138.85 24138.85 24138.85 24138.85 24138.85 24245.88 24245.88 24245.88 24245.88 24245.88 24245.88 24245.88 24245.88 24245.88 24245.88 24245.88 24245.88 24245.88 24245.88 24245.88 24245.88 24245.88 24245.88 24245.88 24245.88 24245.88 24245.88 24245.88 24245.88 24245.88 24245.88 24245.88 24245.88 24352.91 24352.91 24352.91 24352.91 24352.91 24352.91 24352.91 24352.91 24352.91 24352.91 24352.91 24352.91 24352.91 24352.91 24352.91 24352.91 24352.91 24352.91 24352.91 24352.91 24352.91 24352.91 24352.91 24352.91 24352.91 24352.91 24352.91 24352.91 24459.94 24459.94 24459.94 24459.94 24459.94 24459.94 24459.94 24459.94 24459.94 24459.94 24459.94 24459.94 24459.94 24459.94 24459.94 24459.94 24459.94 24459.94 24459.94 24459.94 24459.94 24459.94 24459.94 24459.94 24459.94 24459.94 24459.94 24459.94 24566.98 24566.98 24566.98 24566.98 24566.98 24566.98 24566.98 24566.98 24566.98 24566.98 24566.98 24566.98 24566.98 24566.98 24566.98 24566.98 24566.98 24566.98 24566.98 24566.98 24566.98 24566.98 24566.98 24566.98 24566.98 24566.98 24566.98 24566.98 24674.03 24674.03 24674.03 24674.03 24674.03 24674.03 24674.03 24674.03 24674.03 24674.03 24674.03 24674.03 24674.03 24674.03 24674.03 24674.03 24674.03 24674.03 24674.03 24674.03 24674.03 24674.03 24674.03 24674.03 24674.03 24674.03 24674.03 24674.03 24781.08 24781.08 24781.08 24781.08 24781.08 24781.08 24781.08 24781.08 24781.08 24781.08 24781.08 24781.08 24781.08 24781.08 24781.08 24781.08 24781.08 24781.08 24781.08 24781.08 24781.08 24781.08 24781.08 24781.08 24781.08 24781.08 24781.08 24781.08 24888.14 24888.14 24888.14 24888.14 24888.14 24888.14 24888.14 24888.14 24888.14 24888.14 24888.14 24888.14 24888.14 24888.14 24888.14 24888.14 24888.14 24888.14 24888.14 24888.14 24888.14 24888.14 24888.14 24888.14 24888.14 24888.14 24888.14 24888.14 24995.21 24995.21 24995.21 24995.21 24995.21 24995.21 24995.21 24995.21 24995.21 24995.21 24995.21 24995.21 24995.21 24995.21 24995.21 24995.21 24995.21 24995.21 24995.21 24995.21 24995.21 24995.21 24995.21 24995.21 24995.21 24995.21 24995.21 24995.21 25102.28 25102.28 25102.28 25102.28 25102.28 25102.28 25102.28 25102.28 25102.28 25102.28 25102.28 25102.28 25102.28 25102.28 25102.28 25102.28 25102.28 25102.28 25102.28 25102.28 25102.28 25102.28 25102.28 25102.28 25102.28 25102.28 25102.28 25102.28 25209.36 25209.36 25209.36 25209.36 25209.36 25209.36 25209.36 25209.36 25209.36 25209.36 25209.36 25209.36 25209.36 25209.36 25209.36 25209.36 25209.36 25209.36 25209.36 25209.36 25209.36 25209.36 25209.36 25209.36 25209.36 25209.36 25209.36 25209.36 25316.44 25316.44 25316.44 25316.44 25316.44 25316.44 25316.44 25316.44 25316.44 25316.44 25316.44 25316.44 25316.44 25316.44 25316.44 25316.44 25316.44 25316.44 25316.44 25316.44 25316.44 25316.44 25316.44 25316.44 25316.44 25316.44 25316.44 25316.44 25423.53 25423.53 25423.53 25423.53 25423.53 25423.53 25423.53 25423.53 25423.53 25423.53 25423.53 25423.53 25423.53 25423.53 25423.53 25423.53 25423.53 25423.53 25423.53 25423.53 25423.53 25423.53 25423.53 25423.53 25423.53 25423.53 25423.53 25423.53 25530.63 25530.63 25530.63 25530.63 25530.63 25530.63 25530.63 25530.63 25530.63 25530.63 25530.63 25530.63 25530.63 25530.63 25530.63 25530.63 25530.63 25530.63 25530.63 25530.63 25530.63 25530.63 25530.63 25530.63 25530.63 25530.63 25530.63 25530.63 25637.73 25637.73 25637.73 25637.73 25637.73 25637.73 25637.73 25637.73 25637.73 25637.73 25637.73 25637.73 25637.73 25637.73 25637.73 25637.73 25637.73 25637.73 25637.73 25637.73 25637.73 25637.73 25637.73 25637.73 25637.73 25637.73 25637.73 25637.73 25744.84 25744.84 25744.84 25744.84 25744.84 25744.84 25744.84 25744.84 25744.84 25744.84 25744.84 25744.84 25744.84 25744.84 25744.84 25744.84 25744.84 25744.84 25744.84 25744.84 25744.84 25744.84 25744.84 25744.84 25744.84 25744.84 25744.84 25744.84 25851.95 25851.95 25851.95 25851.95 25851.95 25851.95 25851.95 25851.95 25851.95 25851.95 25851.95 25851.95 25851.95 25851.95 25851.95 25851.95 25851.95 25851.95 25851.95 25851.95 25851.95 25851.95 25851.95 25851.95 25851.95 25851.95 25851.95 25851.95 25959.07 25959.07 25959.07 25959.07 25959.07 25959.07 25959.07 25959.07 25959.07 25959.07 25959.07 25959.07 25959.07 25959.07 25959.07 25959.07 25959.07 25959.07 25959.07 25959.07 25959.07 25959.07 25959.07 25959.07 25959.07 25959.07 25959.07 25959.07
=== END RADAR_SCAN ===

=== BEGIN RADAR_SCAN ===
scan.index=8
scan.time=177.330000
radar.id=0
radar.frequency=C
radar.scanning_mode=PPI
radar.x=0.000
radar.y=0.000
radar.z=25.000
radar.maximum_range=250000.000
radar.range_resolution=250.000
radar.angular_resolution=1.000000
box.radar_id=0
box.min_range_gate=149.000
box.max_range_gate=235.000
box.min_angle=132.000000
box.max_angle=161.000000
box.num_ranges=87
box.num_angles=29
box.range_resolution=250.000
box.angular_resolution=1.000000
box.other_angle=20.000000
grid.size=2523
grid.data=0.00 0.00 0.00 0.00 0.00 0.00 0.00 0.00 0.00 0.00 0.00 0.00 0.00 0.00 0.00 0.00 0.00 0.00 0.00 0.00 0.00 0.00 0.00 0.00 0.00 0.00 0.00 0.00 0.00 0.00 0.00 0.00 0.00 0.00 0.00 0.00 0.00 0.00 0.00 0.00 0.00 2.25 -0.35 -0.06 -0.43 0.84 0.00 0.00 0.00 0.00 0.00 0.00 0.00 0.00 0.00 0.00 0.00 0.00 0.00 0.00 0.00 0.00 0.00 0.00 0.00 0.00 0.00 0.00 0.00 -0.37 -0.50 0.04 0.43 0.45 -0.89 -0.40 0.78 0.00 0.00 0.00 0.00 0.00 0.00 0.00 0.00 0.00 0.00 0.00 0.00 0.00 0.00 0.00 0.00 0.00 0.00 0.00 0.00 -1.11 -0.21 0.59 0.46 -0.43 0.05 0.65 -0.18 -0.76 0.35 0.00 0.00 0.00 0.00 0.00 0.00 0.00 0.00 0.00 0.00 0.00 0.00 0.00 0.00 0.00 0.00 0.00 0.00 0.02 0.57 1.06 0.27 0.23 0.95 -0.75 -0.58 0.24 -0.38 -0.28 -1.11 0.00 0.00 0.00 0.00 0.00 0.00 0.00 0.00 0.00 0.00 0.00 0.00 0.00 0.00 0.00 0.00 0.44 -1.08 0.56 -0.60 0.80 -2.12 0.14 -0.77 -0.69 0.60 0.42 0.03 -1.08 0.00 0.00 0.00 0.00 0.00 0.00 0.00 0.00 0.00 0.00 0.00 0.00 0.00 0.00 0.00 0.00 -0.24 0.21 -0.04 -0.39 -0.53 0.10 -0.28 -0.74 1.20 -0.51 -0.74 1.19 -0.65 0.24 0.00 0.00 0.00 0.00 0.00 0.00 0.00 0.00 0.00 0.00 0.00 0.00 0.00 0.00 0.40 -0.39 0.51 0.17 -0.05 -0.31 0.23 0.04 -0.69 -0.42 -0.30 -0.01 -0.59 0.31 0.68 0.00 0.00 0.00 0.00 0.00 0.00 0.00 0.00 0.00 0.00 0.00 0.00 0.00 0.00 -0.34 0.03 -0.68 0.74 0.08 -1.67 0.86 -0.55 -1.06 -0.85 0.42 -0.60 -0.34 0.35 0.46 0.82 0.00 0.00 0.00 0.00 0.00 0.00 0.00 0.00 0.00 0.00 0.00 0.00 0.76 0.22 -1.87 0.22 0.74 0.39 -0.39 -0.19 0.99 1.15 0.00 0.65 -0.53 -0.01 1.35 0.12 0.91 0.00 0.00 0.00 0.00 0.00 0.00 0.00 0.00 0.00 0.00 0.00 0.00 -0.27 -1.14 0.93 1.57 0.06 -0.29 -0.59 0.34 0.33 0.28 0.50 -0.88 0.73 -0.08 -0.91 -0.52 0.12 -0.81 0.00 0.00 0.00 0.00 0.00 0.00 0.00 0.00 0.00 0.00 0.00 0.70 1.25 0.88 -0.27 0.48 0.53 -1.49 0.63 0.03 0.63 0.95 -0.06 -1.25 0.76 -0.81 0.63 0.21 -1.36 0.00 0.00 0.00 0.00 0.00 0.00 0.00 0.00 0.00 0.00 0.39 -0.08 0.23 0.42 0.14 -0.35 0.20 0.31 1.16 0.78 0.10 -0.97 0.02 -1.24 -0.64 -0.95 -0.33 0.39 0.39 0.00 0.00 0.00 0.00 0.00 0.00 0.00 0.00 0.00 0.00 0.24 -0.39 0.29 -0.26 -0.53 0.86 0.04 0.43 0.54 -2.40 0.34 -0.14 0.60 -1.74 -0.03 -0.57 -1.44 -1.41 -0.38 -0.90 0.00 0.00 0.00 0.00 0.00 0.00 0.00 0.00 0.00 -0.81 0.28 0.34 0.54 0.17 0.25 1.20 -1.04 0.29 0.10 0.59 0.01 0.62 -0.45 -0.59 0.81 0.64 0.74 -0.90 -0.61 0.00 0.00 0.00 0.00 0.00 0.00 0.00 0.00 0.07 0.99 -0.72 1.60 0.66 0.23 -0.05 1.30 -1.22 -1.43 -1.20 -1.47 0.28 0.57 0.58 1.01 0.41 1.20 1.16 0.43 0.13 0.00 0.00 0.00 0.00 0.00 0.00 0.00 0.00 0.35 -0.88 -0.16 -0.96 -1.15 -1.25 -0.36 0.91 0.52 -1.60 -0.76 -0.15 -0.43 0.27 0.82 0.77 0.78 -0.39 0.57 -1.03 0.59 0.00 0.00 0.00 0.00 0.00 0.00 0.00 0.00 -0.37 -0.31 -0.20 -0.29 0.30 0.83 1.71 -0.45 -0.15 -0.35 -0.28 -0.11 0.81 1.89 0.17 -1.14 0.33 -1.63 0.61 -0.50 -0.32 -0.17 0.00 0.00 0.00 0.00 0.00 0.00 0.00 -0.61 -1.28 0.23 -0.54 0.13 -0.49 -0.14 0.23 -0.97 -0.52 -0.74 -0.75 0.40 0.95 -0.31 0.55 -0.30 1.81 -1.62 0.11 0.15 0.97 0.00 0.00 0.00 0.00 0.00 0.00 0.24 -0.10 0.04 0.36 -0.04 -0.12 -0.23 -0.98 -0.40 -0.79 0.78 0.02 0.75 -0.94 -0.39 -0.07 0.48 2.00 0.82 -0.64 -0.45 0.15 0.32 0.00 0.00 0.00 0.00 0.00 0.00 -0.44 -1.27 -0.80 -0.26 0.63 -1.13 0.62 0.09 -0.39 0.24 -0.00 1.27 -0.82 -0.07 -0.01 0.92 0.34 0.04 0.36 -0.07 0.49 0.65 0.23 0.00 0.00 0.00 0.00 0.00 0.00 -0.12 -0.63 -0.80 0.40 -0.30 -1.02 -0.58 -1.60 0.20 0.40 0.53 1.59 -0.33 0.07 0.02 0.09 -0.60 0.86 1.22 -1.13 -0.49 -0.24 -1.97 0.00 0.00 0.00 0.00 0.00 0.00 1.91 0.34 0.81 0.35 -0.44 0.17 1.04 -0.93 -1.06 -0.76 -0.33 0.88 0.42 -0.85 0.06 0.33 0.18 0.42 1.22 0.03 0.29 0.80 -1.25 1.56 0.00 0.00 0.00 0.00 0.00 -1.49 1.01 -0.61 0.65 -0.16 1.32 0.90 -0.08 -0.80 -0.36 1.47 -1.03 -0.31 -0.64 0.03 0.24 -0.13 -0.26 0.75 0.23 -0.60 -0.78 -1.15 -0.77 0.00 0.00 0.00 0.00 0.00 0.87 -1.22 0.16 -0.23 -0.47 -0.19 0.18 0.29 -0.20 -0.70 -0.29 -1.03 0.62 -1.41 0.74 0.66 -0.06 -0.96 -0.70 0.63 0.84 -0.19 0.45 0.29 0.00 0.00 0.00 0.00 0.00 0.15 0.24 -0.33 0.49 -1.03 -1.19 -0.95 1.48 -0.50 -0.07 0.42 -0.96 -1.25 -0.03 0.57 0.20 0.63 0.13 -1.95 -0.21 0.18 -0.15 0.07 -0.47 0.00 0.00 0.00 0.00 0.00 -0.22 -1.11 0.77 0.78 0.87 -0.29 -1.33 0.43 -0.33 -0.14 0.35 0.10 -0.23 -0.74 -0.55 -0.24 -0.64 0.53 0.17 0.53 -1.07 0.27 -0.30 0.32 0.00 0.00 0.00 0.00 1.01 0.80 0.29 -0.34 -1.30 -0.21 -0.85 -0.16 -0.41 0.08 0.53 0.63 -0.74 0.18 -0.08 -0.01 0.52 -1.35 -0.66 -0.75 0.71 0.02 -0.13 0.00 -1.33 0.00 0.00 0.00 0.00 0.49 -0.19 1.25 1.61 -0.91 0.36 -0.00 -0.67 0.87 0.81 -0.11 -0.03 -1.10 0.75 0.54 -0.21 -0.22 0.08 0.22 1.45 0.40 0.10 -0.63 0.76 -0.58 0.00 0.00 0.00 0.00 -0.99 -0.10 -0.29 -0.55 0.68 0.07 0.67 -0.50 0.23 0.94 -0.02 0.47 -0.31 -0.26 1.26 -0.58 0.52 -0.14 0.39 0.02 0.38 0.57 -0.93 0.13 -1.28 0.00 0.00 0.00 0.00 0.17 0.59 0.14 -1.10 -0.46 0.10 -1.21 0.72 1.11 -1.15 0.35 -0.87 0.50 -0.14 -0.62 -0.02 0.07 0.65 0.29 0.92 -0.42 -0.13 -0.44 -1.46 -0.42 0.00 0.00 0.00 0.00 0.25 0.70 -1.14 -0.13 0.13 -0.75 0.49 0.34 1.04 0.20 1.01 1.06 0.16 -0.29 -0.83 -0.03 -0.62 1.09 -0.14 -0.55 0.78 1.06 0.38 -1.86 -1.11 0.00 0.00 0.00 0.00 0.49 0.11 0.44 1.09 -0.71 0.77 -0.62 0.08 -0.58 -0.19 0.49 0.94 -1.03 -0.46 0.48 -0.97 0.07 -0.35 0.06 -0.98 0.66 -0.26 0.40 0.41 -0.96 0.00 0.00 0.00 0.00 0.36 0.72 -0.49 -0.96 -0.31 -1.04 -0.35 -1.46 -1.15 -0.63 0.12 0.55 0.72 1.35 -0.60 0.30 0.19 0.76 0.94 0.14 0.36 -0.83 -0.38 1.08 -1.19 -0.34 0.00 0.00 0.00 0.28 -0.13 1.53 0.46 1.52 0.41 0.11 1.15 0.05 0.83 1.02 -0.11 0.56 0.36 0.78 -0.77 0.52 -0.07 0.08 -0.11 -0.59 0.15 1.89 -1.37 0.31 -0.08 0.00 0.00 0.00 -0.66 -0.01 -0.19 0.68 -0.13 -0.70 -0.42 -0.75 -1.11 -0.65 -0.15 -0.64 -1.59 -0.35 -0.25 -1.01 -0.30 -0.08 -0.97 0.03 0.83 0.20 -0.93 -0.58 0.72 0.65 0.00 0.00 0.00 -0.22 -0.58 0.71 0.80 1.77 0.43 -0.27 0.41 0.20 -1.11 -1.50 1.77 1.49 -0.17 -0.37 0.95 -0.23 0.84 -0.18 -0.11 -1.50 -0.47 -0.51 -0.25 -0.00 0.37 0.00 0.00 0.00 -0.52 -0.69 -0.30 -0.43 -0.62 -1.20 0.25 0.50 0.04 -0.40 -0.31 0.17 -1.44 -0.62 0.44 -0.50 -0.04 0.45 -0.97 -0.37 -0.65 -1.10 -0.95 -1.01 -0.64 -0.17 0.00 0.00 0.00 0.03 1.08 -0.35 -0.07 0.43 -0.95 0.02 0.05 0.01 0.28 -0.15 -0.69 -0.84 1.43 -0.08 -0.14 0.17 0.85 0.18 0.36 0.42 -0.20 1.15 -0.34 -0.36 0.47 0.00 0.00 0.00 0.15 0.08 -0.10 -0.49 1.24 0.25 -0.35 -0.59 0.13 1.00 0.46 -0.01 -0.43 0.71 -0.14 0.74 -0.23 -0.58 -0.75 0.23 -0.28 -0.14 0.59 0.09 0.23 -0.94 0.00 0.00 0.00 0.63 0.42 0.32 -0.80 -1.11 -1.51 0.26 -0.13 -0.63 1.01 -0.25 0.18 -0.68 0.93 -0.30 -0.92 0.91 1.50 -0.45 -0.84 0.15 -0.69 0.67 0.51 0.59 0.19 0.00 0.00 0.00 -1.02 -0.28 1.20 -0.17 0.66 -0.21 -0.01 -0.42 0.08 0.33 0.10 0.23 0.31 0.41 0.52 -0.32 -0.12 -0.69 -0.51 -0.99 0.30 -0.21 -0.49 0.48 0.93 -0.41 0.00 0.00 0.00 0.01 0.73 0.87 0.57 1.73 -0.95 -0.77 -0.61 -1.32 0.38 -1.49 0.05 -0.53 0.11 0.73 1.15 0.07 -0.90 -0.32 -0.57 0.09 -1.03 -0.20 -1.30 0.51 0.14 0.00 0.00 0.00 -0.09 -0.51 0.27 0.52 -0.39 0.31 -0.71 1.61 0.05 0.27 1.88 0.35 -1.14 -0.16 0.82 0.47 -0.35 0.18 -0.57 1.46 -0.96 0.24 0.03 0.37 0.42 0.27 0.00 0.00 0.00 0.57 -0.63 -0.45 0.46 -0.32 -0.87 -0.35 -1.00 -0.58 1.22 -0.78 -0.26 -1.42 -0.64 0.10 -0.80 -0.76 -0.54 -1.09 -0.04 0.59 -0.59 0.59 0.54 1.33 0.00 0.00 0.00 0.00 0.71 -0.31 0.34 -0.03 -0.38 -0.66 0.09 -0.96 -0.47 -0.48 -0.46 -0.39 0.07 0.36 -1.21 0.85 -0.57 0.17 -0.26 1.05 1.84 1.20 0.91 -0.57 0.64 0.00 0.00 0.00 0.00 -0.47 -0.23 -1.01 -1.27 -0.12 -0.60 0.54 -0.74 0.17 0.52 -0.03 0.06 0.39 -0.41 -0.84 -0.41 -0.32 0.06 1.03 -0.30 0.25 -0.30 0.56 -0.36 -0.50 0.00 0.00 0.00 0.00 -0.72 0.00 -1.27 -1.47 -0.10 0.42 1.34 0.54 -0.26 -0.67 -0.32 -1.33 1.17 -0.69 1.28 -0.06 -0.24 0.32 0.76 0.65 -0.34 0.07 -0.84 0.68 -0.34 0.00 0.00 0.00 0.00 -0.36 -0.17 -0.58 2.15 -0.09 0.28 1.06 0.97 -0.19 -0.71 0.40 0.94 -1.42 0.29 -1.14 -0.40 0.71 -1.15 -0.14 -1.13 1.62 0.35 0.25 0.08 0.60 0.00 0.00 0.00 0.00 0.14 -0.58 -0.56 -0.96 -0.75 0.92 -0.87 0.44 0.79 -1.25 0.27 0.43 -0.21 1.58 0.02 -0.54 -0.31 0.67 -0.23 0.20 -0.38 0.18 -0.68 -0.22 1.28 0.00 0.00 0.00 0.00 1.22 -0.46 0.44 -0.89 1.30 -0.10 -1.26 -0.86 0.69 -0.49 -0.25 -0.32 -1.34 -0.12 -0.79 0.44 1.90 -0.00 0.60 1.11 -0.14 0.45 -1.33 0.47 0.59 0.00 0.00 0.00 0.00 0.27 -0.18 -0.40 0.74 0.48 -0.57 0.24 0.58 0.24 -0.56 0.73 0.59 -0.82 0.74 0.98 -1.27 -0.61 0.99 0.39 0.25 -0.55 0.50 0.46 0.56 -0.73 0.00 0.00 0.00 0.00 0.00 1.00 0.12 -0.69 1.55 1.02 -0.65 -0.14 -1.61 -0.71 -0.02 0.53 -0.02 -0.00 -0.71 -0.79 -0.07 0.97 1.21 0.63 0.15 0.57 1.84 0.73 -0.74 0.00 0.00 0.00 0.00 0.00 -0.95 1.21 -0.35 -1.21 1.48 0.17 0.12 0.80 -0.03 -1.82 -0.18 -0.82 0.16 -1.01 0.41 0.98 -0.65 0.28 0.32 0.84 0.13 -1.36 0.39 -0.90 0.00 0.00 0.00 0.00 0.00 -0.43 0.84 -0.22 0.39 -0.11 0.04 -0.38 0.79 -1.53 0.99 0.16 0.19 0.60 -0.94 -0.36 -0.60 0.52 -0.49 -0.10 0.55 -0.57 0.60 0.03 -0.92 0.00 0.00 0.00 0.00 0.00 0.74 0.44 0.26 0.92 0.43 0.46 -0.08 0.97 -0.33 0.88 0.17 0.25 -1.21 0.20 0.14 -0.07 -0.35 -2.03 -1.41 0.02 -0.26 -0.15 -0.11 -0.41 0.00 0.00 0.00 0.00 0.00 -0.39 1.11 0.76 0.47 0.82 -1.88 -0.42 0.76 -0.87 0.04 -1.08 -0.29 -0.48 -0.89 0.23 0.69 -0.19 -0.08 0.83 1.02 0.59 -0.98 -0.33 0.13 0.00 0.00 0.00 0.00 0.00 0.81 -0.11 -1.77 -0.50 -1.33 -0.33 -0.02 0.17 0.27 0.10 0.36 0.16 0.96 0.50 0.64 -0.05 -1.16 -0.73 0.15 0.23 0.00 0.60 0.05 0.00 0.00 0.00 0.00 0.00 0.00 0.02 1.39 0.33 0.66 0.50 -0.13 0.02 -0.13 -0.08 0.30 -0.49 -0.18 1.14 1.61 -0.14 -0.08 -0.07 0.44 0.15 0.55 1.72 -0.65 -0.80 0.00 0.00 0.00 0.00 0.00 0.00 -1.51 -0.39 0.88 -0.41 -1.03 -0.77 -0.32 0.41 1.96 0.90 0.29 -0.46 0.94 -1.52 0.07 1.28 0.53 0.13 -0.33 -0.69 -1.04 0.06 0.78 0.00 0.00 0.00 0.00 0.00 0.00 0.00 0.33 0.76 0.02 1.20 0.13 0.68 -0.31 0.81 0.27 0.36 0.49 0.39 -0.05 -0.50 0.80 0.28 -0.09 0.40 -0.47 0.30 -1.37 -0.36 0.00 0.00 0.00 0.00 0.00 0.00 0.00 -0.51 -1.61 -0.22 -0.72 0.68 0.18 -0.20 0.40 0.09 -0.27 0.61 -0.66 0.09 -1.10 0.51 -0.14 -0.21 -0.55 1.10 0.26 -0.66 -1.03 0.00 0.00 0.00 0.00 0.00 0.00 0.00 0.13 0.26 0.58 -0.00 -1.03 -0.00 -1.20 0.44 0.48 -0.63 0.03 0.52 0.10 -0.15 -0.59 -0.27 -0.31 0.78 -0.74 -0.28 0.50 1.00 0.00 0.00 0.00 0.00 0.00 0.00 0.00 -0.55 -0.26 -0.05 0.71 -0.04 -0.01 -0.13 0.47 0.13 0.24 -0.56 -1.48 0.38 -1.51 -1.32 -0.16 -0.41 -1.55 -0.31 -0.26 0.38 0.00 0.00 0.00 0.00 0.00 0.00 0.00 0.00 -0.35 -0.57 -0.07 -0.75 0.06 0.05 -0.55 -1.38 -0.04 -0.47 -0.43 -0.01 -0.19 0.57 -0.40 -1.01 1.27 -0.14 -0.80 0.54 0.53 0.00 0.00 0.00 0.00 0.00 0.00 0.00 0.00 -0.05 -0.61 0.29 -0.08 -0.12 -0.36 -0.52 0.20 -0.58 3.06 -0.45 -1.05 -1.85 0.77 0.74 -0.21 -0.23 0.66 0.82 -0.87 -0.02 0.00 0.00 0.00 0.00 0.00 0.00 0.00 0.00 0.00 1.52 -0.65 0.36 0.52 -0.48 0.24 -0.59 0.18 -0.97 0.77 0.80 -0.07 -0.57 -0.12 -0.85 0.21 -0.11 0.62 0.17 -1.52 0.00 0.00 0.00 0.00 0.00 0.00 0.00 0.00 0.00 -0.49 1.19 -0.68 -0.13 -0.16 0.18 0.63 -0.64 1.73 -0.75 -0.96 -0.94 0.20 -1.04 0.36 0.81 -0.58 0.05 1.22 -0.02 0.00 0.00 0.00 0.00 0.00 0.00 0.00 0.00 0.00 -0.76 1.56 -1.21 -0.63 -0.46 -1.03 0.46 0.31 0.38 -0.11 0.05 -1.50 -0.67 0.30 -0.27 -0.61 0.72 -1.09 -0.42 0.00 0.00 0.00 0.00 0.00 0.00 0.00 0.00 0.00 0.00 1.29 1.07 0.25 0.46 0.62 1.31 -0.59 -0.92 0.03 0.03 0.70 -1.44 -1.57 -0.39 -1.33 -0.19 -0.36 -0.81 0.09 0.00 0.00 0.00 0.00 0.00 0.00 0.00 0.00 0.00 0.00 0.00 1.30 -0.33 0.74 0.03 -0.17 0.34 0.34 -0.02 -0.15 -0.72 0.48 0.85 -0.11 -1.55 -0.69 0.72 -0.68 0.81 0.00 0.00 0.00 0.00 0.00 0.00 0.00 0.00 0.00 0.00 0.00 0.14 0.74 0.54 -0.73 -0.48 -1.53 -1.34 0.46 0.56 0.42 0.34 0.09 0.23 1.01 -0.35 -0.04 0.18 1.04 0.00 0.00 0.00 0.00 0.00 0.00 0.00 0.00 0.00 0.00 0.00 -0.19 0.57 -0.93 0.01 0.09 0.88 0.89 -0.32 0.75 1.49 -0.28 -0.80 0.16 -0.11 -0.88 -0.74 -0.05 0.00 0.00 0.00 0.00 0.00 0.00 0.00 0.00 0.00 0.00 0.00 0.00 0.08 -1.98 -0.81 0.76 0.06 -0.88 -0.81 -0.69 -1.19 -1.12 2.04 -0.29 0.14 -0.09 1.60 -0.80 0.91 0.00 0.00 0.00 0.00 0.00 0.00 0.00 0.00 0.00 0.00 0.00 0.00 0.00 -1.71 0.44 -1.06 0.31 -0.25 -0.11 0.53 0.22 -0.27 -1.36 0.08 -0.02 -0.79 -0.85 0.90 -0.83 0.00 0.00 0.00 0.00 0.00 0.00 0.00 0.00 0.00 0.00 0.00 0.00 0.00 0.61 -0.60 0.29 -0.33 -0.19 -0.22 -1.26 -0.77 0.08 -0.78 -0.30 0.18 -0.08 0.08 -0.66 0.18 0.00 0.00 0.00 0.00 0.00 0.00 0.00 0.00 0.00 0.00 0.00 0.00 0.00 0.38 0.42 -1.31 0.22 -0.02 -0.31 -1.31 -0.24 -0.28 0.88 1.24 1.39 -1.76 0.17 -1.06 0.00 0.00 0.00 0.00 0.00 0.00 0.00 0.00 0.00 0.00 0.00 0.00 0.00 0.00 0.00 0.18 0.26 -1.60 1.33 0.89 1.07 -0.02 1.28 0.32 -0.25 1.07 -0.54 0.49 0.04 0.00 0.00 0.00 0.00 0.00 0.00 0.00 0.00 0.00 0.00 0.00 0.00 0.00 0.00 0.00 -0.38 0.28 1.18 -0.39 0.36 -0.70 -0.13 -0.60 0.24 -0.93 1.03 -0.40 0.55 0.00 0.00 0.00 0.00 0.00 0.00 0.00 0.00 0.00 0.00 0.00 0.00 0.00 0.00 0.00 0.00 0.50 0.36 -0.50 1.69 0.16 1.00 0.19 -0.35 -0.92 -0.78 0.34 -0.60 -0.94 0.00 0.00 0.00 0.00 0.00 0.00 0.00 0.00 0.00 0.00 0.00 0.00 0.00 0.00 0.00 0.00 0.00 -0.32 1.33 0.58 -1.49 0.97 0.20 -0.61 0.04 -0.25 -0.51 0.52 -1.03 0.00 0.00 0.00 0.00 0.00 0.00 0.00 0.00 0.00 0.00 0.00 0.00 0.00 0.00 0.00 0.00 0.00 -0.36 -0.52 0.31 -0.40 0.25 1.06 -0.19 -0.26 -0.41 -0.17 -0.42 0.00 0.00 0.00 0.00 0.00 0.00 0.00 0.00 0.00 0.00 0.00 0.00 0.00 0.00 0.00 0.00 0.00 0.00 0.00 -0.41 -0.65 0.21 -0.73 1.24 0.61 0.32 0.42 0.63 -0.48 0.00 0.00 0.00 0.00 0.00 0.00 0.00 0.00 0.00 0.00 0.00 0.00 0.00 0.00 0.00 0.00 0.00 0.00 0.00 0.00 -0.41 1.17 -0.27 0.34 0.60 0.52 -0.83 -1.15 0.00 0.00 0.00 0.00 0.00 0.00 0.00 0.00 0.00 0.00 0.00 0.00 0.00 0.00 0.00 0.00 0.00 0.00 0.00 0.00 0.00 0.77 0.11 -1.25 0.44 -1.18 0.61 0.21 0.00 0.00 0.00 0.00 0.00 0.00 0.00 0.00 0.00 0.00 0.00 0.00 0.00 0.00 0.00 0.00 0.00 0.00 0.00 0.00 0.00 0.00 0.00 0.00 -0.23 -0.46 0.32 -0.79 0.00 0.00 0.00 0.00 0.00 0.00 0.00 0.00 0.00 0.00 0.00 0.00 0.00 0.00 0.00 0.00 0.00 0.00 0.00 0.00 0.00 0.00 0.00 0.00 0.00 0.00 0.00 0.00 0.00 0.00 0.00 0.00 0.00 0.00 0.00 0.00 0.00 0.00 0.00 0.00 0.00
rain_type.data=0 0 0 0 0 0 0 0 0 0 0 0 0 0 0 0 0 0 0 0 0 0 0 0 0 0 0 0 0 0 0 0 0 0 0 0 0 0 0 0 0 1 1 1 1 1 0 0 0 0 0 0 0 0 0 0 0 0 0 0 0 0 0 0 0 0 0 0 0 1 1 1 1 1 1 1 1 0 0 0 0 0 0 0 0 0 0 0 0 0 0 0 0 0 0 0 0 1 1 1 1 1 1 1 1 1 1 0 0 0 0 0 0 0 0 0 0 0 0 0 0 0 0 0 0 1 1 1 1 1 1 1 1 1 1 1 1 0 0 0 0 0 0 0 0 0 0 0 0 0 0 0 0 1 2 2 2 2 1 1 1 1 1 1 1 1 0 0 0 0 0 0 0 0 0 0 0 0 0 0 0 0 2 2 2 2 2 2 1 1 1 1 1 1 1 1 0 0 0 0 0 0 0 0 0 0 0 0 0 0 2 2 2 2 2 2 2 1 1 1 1 1 1 1 1 0 0 0 0 0 0 0 0 0 0 0 0 0 0 2 2 2 2 2 2 2 2 1 1 1 1 1 1 1 1 0 0 0 0 0 0 0 0 0 0 0 0 2 2 2 2 2 2 2 2 2 1 1 1 1 1 1 1 1 0 0 0 0 0 0 0 0 0 0 0 0 2 2 2 2 2 2 2 2 2 2 1 1 1 1 1 1 1 1 0 0 0 0 0 0 0 0 0 0 0 2 2 2 2 2 2 2 2 2 2 1 1 1 1 1 1 1 1 0 0 0 0 0 0 0 0 0 0 2 2 2 2 2 2 2 2 2 2 2 1 1 1 1 1 1 1 1 0 0 0 0 0 0 0 0 0 0 2 2 2 2 2 2 2 2 2 2 2 2 1 1 1 1 1 1 1 1 0 0 0 0 0 0 0 0 0 2 2 2 2 2 2 2 2 2 2 2 2 1 1 1 1 1 1 1 1 0 0 0 0 0 0 0 0 1 2 2 2 2 2 2 2 2 2 2 2 2 1 1 1 1 1 1 1 1 0 0 0 0 0 0 0 0 2 2 2 2 2 2 2 2 2 2 2 2 2 1 1 1 1 1 1 1 1 0 0 0 0 0 0 0 0 2 2 2 2 2 2 2 2 2 2 2 2 2 1 1 1 1 1 1 1 1 1 0 0 0 0 0 0 0 2 2 2 2 2 2 2 2 2 2 2 2 2 2 1 1 1 1 1 1 1 1 0 0 0 0 0 0 1 2 2 2 2 2 2 2 2 2 2 2 2 2 2 1 1 1 1 1 1 1 1 0 0 0 0 0 0 1 2 2 2 2 2 2 2 2 2 2 2 2 2 2 1 1 1 1 1 1 1 1 0 0 0 0 0 0 1 2 2 2 2 2 2 2 2 2 2 2 2 2 2 1 1 1 1 1 1 1 1 0 0 0 0 0 0 1 2 2 2 2 2 2 2 2 2 2 2 2 2 2 1 1 1 1 1 1 1 1 1 0 0 0 0 0 1 2 2 2 2 2 2 2 2 2 2 2 2 2 2 1 1 1 1 1 1 1 1 1 0 0 0 0 0 1 2 2 2 2 2 2 2 2 2 2 2 2 2 2 1 1 1 1 1 1 1 1 1 0 0 0 0 0 1 2 2 2 2 2 2 2 2 2 2 2 2 2 2 1 1 1 1 1 1 1 1 1 0 0 0 0 0 1 2 2 2 2 2 2 2 2 2 2 2 2 2 2 1 1 1 1 1 1 1 1 1 0 0 0 0 1 1 2 2 2 2 2 2 2 2 2 2 2 2 2 2 1 1 1 1 1 1 1 1 1 0 0 0 0 1 1 2 2 2 2 2 2 2 2 2 2 2 2 2 2 1 1 1 1 1 1 1 1 1 0 0 0 0 1 1 2 2 2 2 2 2 2 2 2 2 2 2 2 2 1 1 1 1 1 1 1 1 1 0 0 0 0 1 1 2 2 2 2 2 2 2 2 2 2 2 2 2 2 1 1 1 1 1 1 1 1 1 0 0 0 0 1 1 2 2 2 2 2 2 2 2 2 2 2 2 2 2 1 1 1 1 1 1 1 1 1 0 0 0 0 1 1 2 2 2 2 2 2 2 2 2 2 2 2 2 1 1 1 1 1 1 1 1 1 1 0 0 0 0 1 1 2 2 2 2 2 2 2 2 2 2 2 2 2 1 1 1 1 1 1 1 1 1 1 1 0 0 0 1 1 1 2 2 2 2 2 2 2 2 2 2 2 2 1 1 1 1 1 1 1 1 1 1 1 0 0 0 1 1 1 2 2 2 2 2 2 2 2 2 2 2 2 1 1 1 1 1 1 1 1 1 1 1 0 0 0 1 1 1 2 2 2 2 2 2 2 2 2 2 2 2 1 1 1 1 1 1 1 1 1 1 1 0 0 0 1 1 1 2 2 2 2 2 2 2 2 2 2 2 2 1 1 1 1 1 1 1 1 1 1 1 0 0 0 1 1 1 2 2 2 2 2 2 2 2 2 2 2 1 1 1 1 1 1 1 1 1 1 1 1 0 0 0 1 1 1 1 2 2 2 2 2 2 2 2 2 2 1 1 1 1 1 1 1 1 1 1 1 1 0 0 0 1 1 1 1 2 2 2 2 2 2 2 2 2 2 1 1 1 1 1 1 1 1 1 1 1 1 0 0 0 1 1 1 1 2 2 2 2 2 2 2 2 2 2 1 1 1 1 1 1 1 1 1 1 1 1 0 0 0 1 1 1 1 1 2 2 2 2 2 2 2 2 1 1 1 1 1 1 1 1 1 1 1 1 1 0 0 0 1 1 1 1 1 2 2 2 2 2 2 2 2 1 1 1 1 1 1 1 1 1 1 1 1 1 0 0 0 1 1 1 1 1 2 2 2 2 2 2 2 1 1 1 1 1 1 1 1 1 1 1 1 1 0 0 0 0 1 1 1 1 1 1 2 2 2 2 2 2 1 1 1 1 1 1 1 1 1 1 1 1 1 0 0 0 0 1 1 1 1 1 1 1 2 2 2 2 1 1 1 1 1 1 1 1 1 1 1 1 1 1 0 0 0 0 1 1 1 1 1 1 1 1 1 1 1 1 1 1 1 1 1 1 1 1 1 1 1 1 1 0 0 0 0 1 1 1 1 1 1 1 1 1 1 1 1 1 1 1 1 1 1 1 1 1 1 1 1 1 0 0 0 0 1 1 1 1 1 1 1 1 1 1 1 1 1 1 1 1 1 1 1 1 1 1 1 1 1 0 0 0 0 1 1 1 1 1 1 1 1 1 1 1 1 1 1 1 1 1 1 1 1 1 1 1 1 1 0 0 0 0 1 1 1 1 1 1 1 1 1 1 1 1 1 1 1 1 1 1 1 1 1 1 1 1 1 0 0 0 0 0 1 1 1 1 1 1 1 1 1 1 1 1 1 1 1 1 1 1 1 1 1 1 1 1 0 0 0 0 0 1 1 1 1 1 1 1 1 1 1 1 1 1 1 1 1 1 1 1 1 1 1 1 1 0 0 0 0 0 1 1 1 1 1 1 1 1 1 1 1 1 1 1 1 1 1 1 1 1 1 1 1 1 0 0 0 0 0 1 1 1 1 1 1 1 1 1 1 1 1 1 1 1 1 1 1 1 1 1 1 1 1 0 0 0 0 0 1 1 1 1 1 1 1 1 1 1 1 1 1 1 1 1 1 1 1 1 1 1 1 1 0 0 0 0 0 1 1 1 1 1 1 1 1 1 1 1 1 1 1 1 1 1 1 1 1 1 1 1 0 0 0 0 0 0 1 1 1 1 1 1 1 1 1 1 1 1 1 1 1 1 1 1 1 1 1 1 1 0 0 0 0 0 0 1 1 1 1 1 1 1 1 1 1 1 1 1 1 1 1 1 1 1 1 1 1 1 0 0 0 0 0 0 0 1 1 1 1 1 1 1 1 1 1 1 1 1 1 1 1 1 1 1 1 1 1 0 0 0 0 0 0 0 1 1 1 1 1 1 1 1 1 1 1 1 1 1 1 1 1 1 1 1 1 1 0 0 0 0 0 0 0 1 1 1 1 1 1 1 1 1 1 1 1 1 1 1 1 1 1 1 1 1 1 0 0 0 0 0 0 0 1 1 1 1 1 1 1 1 1 1 1 1 1 1 1 1 1 1 1 1 1 0 0 0 0 0 0 0 0 1 1 1 1 1 1 1 1 1 1 1 1 1 1 1 1 1 1 1 1 1 0 0 0 0 0 0 0 0 1 1 1 1 1 1 1 1 1 1 1 1 1 1 1 1 1 1 1 1 1 0 0 0 0 0 0 0 0 0 1 1 1 1 1 1 1 1 1 1 1 1 1 1 1 1 1 1 1 1 0 0 0 0 0 0 0 0 0 1 1 1 1 1 1 1 1 1 1 1 1 1 1 1 1 1 1 1 1 0 0 0 0 0 0 0 0 0 1 1 1 1 1 1 1 1 1 1 1 1 1 1 1 1 1 1 1 0 0 0 0 0 0 0 0 0 0 1 1 1 1 1 1 1 1 1 1 1 1 1 1 1 1 1 1 1 0 0 0 0 0 0 0 0 0 0 0 1 1 1 1 1 1 1 1 1 1 1 1 1 1 1 1 1 1 0 0 0 0 0 0 0 0 0 0 0 1 1 1 1 1 1 1 1 1 1 1 1 1 1 1 1 1 1 0 0 0 0 0 0 0 0 0 0 0 1 1 1 1 1 1 1 1 1 1 1 1 1 1 1 1 1 0 0 0 0 0 0 0 0 0 0 0 0 1 1 1 1 1 1 1 1 1 1 1 1 1 1 1 1 1 0 0 0 0 0 0 0 0 0 0 0 0 0 1 1 1 1 1 1 1 1 1 1 1 1 1 1 1 1 0 0 0 0 0 0 0 0 0 0 0 0 0 1 1 1 1 1 1 1 1 1 1 1 1 1 1 1 1 0 0 0 0 0 0 0 0 0 0 0 0 0 1 1 1 1 1 1 1 1 1 1 1 1 1 1 1 0 0 0 0 0 0 0 0 0 0 0 0 0 0 0 1 1 1 1 1 1 1 1 1 1 1 1 1 1 0 0 0 0 0 0 0 0 0 0 0 0 0 0 0 1 1 1 1 1 1 1 1 1 1 1 1 1 0 0 0 0 0 0 0 0 0 0 0 0 0 0 0 0 1 1 1 1 1 1 1 1 1 1 1 1 1 0 0 0 0 0 0 0 0 0 0 0 0 0 0 0 0 0 1 1 1 1 1 1 1 1 1 1 1 1 0 0 0 0 0 0 0 0 0 0 0 0 0 0 0 0 0 1 1 1 1 1 1 1 1 1 1 1 0 0 0 0 0 0 0 0 0 0 0 0 0 0 0 0 0 0 0 1 1 1 1 1 1 1 1 1 1 0 0 0 0 0 0 0 0 0 0 0 0 0 0 0 0 0 0 0 0 1 1 1 1 1 1 1 1 0 0 0 0 0 0 0 0 0 0 0 0 0 0 0 0 0 0 0 0 0 1 1 1 1 1 1 1 0 0 0 0 0 0 0 0 0 0 0 0 0 0 0 0 0 0 0 0 0 0 0 0 1 1 1 1 0 0 0 0 0 0 0 0 0 0 0 0 0 0 0 0 0 0 0 0 0 0 0 0 0 0 0 0 0 0 0 0 0 0 0 0 0 0 0 0 0
estimated_attenuation.size=2523
estimated_attenuation.data=0.00 0.00 0.00 0.00 0.00 0.00 0.00 0.00 0.00 0.00 0.00 0.00 0.00 0.00 0.00 0.00 0.00 0.00 0.00 0.00 0.00 0.00 0.00 0.00 0.00 0.00 0.00 0.00 0.00 0.00 0.00 0.00 0.00 0.00 0.00 0.00 0.00 0.00 0.00 0.00 0.00 0.00 0.00 0.00 0.00 0.00 0.00 0.00 0.00 0.00 0.00 0.00 0.00 0.00 0.00 0.00 0.00 0.00 0.00 0.00 0.00 0.00 0.00 0.00 0.00 0.00 0.00 0.00 0.00 0.00 0.00 0.00 0.00 0.00 0.00 0.00 0.00 0.00 0.00 0.00 0.00 0.00 0.00 0.00 0.00 0.00 0.00 0.00 0.00 0.00 0.00 0.00 0.00 0.00 0.00 0.00 0.00 0.00 0.00 0.00 0.00 0.00 0.00 0.00 0.00 0.00 0.00 0.00 0.00 0.00 0.00 0.00 0.00 0.00 0.00 0.00 0.00 0.00 0.00 0.00 0.00 0.00 0.00 0.00 0.00 0.00 0.00 0.00 0.00 0.00 0.00 0.00 0.00 0.00 0.00 0.00 0.00 0.00 0.00 0.00 0.00 0.00 0.00 0.00 0.00 0.00 0.00 0.00 0.00 0.00 0.00 0.00 0.00 0.00 0.00 0.00 0.00 0.00 0.00 0.00 0.00 0.00 0.00 0.00 0.00 0.00 0.00 0.00 0.00 0.00 0.00 0.00 0.00 0.00 0.00 0.00 0.00 0.00 0.00 0.00 0.00 0.00 0.00 0.00 0.00 0.00 0.00 0.00 0.00 0.00 0.00 0.00 0.00 0.00 0.00 0.00 0.00 0.00 0.00 0.00 0.00 0.00 0.00 0.00 0.00 0.00 0.00 0.00 0.00 0.00 0.00 0.00 0.00 0.00 0.00 0.00 0.00 0.00 0.00 0.00 0.00 0.00 0.00 0.00 0.00 0.00 0.00 0.00 0.00 0.00 0.00 0.00 0.00 0.00 0.00 0.00 0.00 0.00 0.00 0.00 0.00 0.00 0.00 0.00 0.00 0.00 0.00 0.00 0.00 0.00 0.00 0.00 0.00 0.00 0.00 0.00 0.00 0.00 0.00 0.00 0.00 0.00 0.00 0.00 0.00 0.00 0.00 0.00 0.00 0.00 0.00 0.00 0.00 0.00 0.00 0.00 0.00 0.00 0.00 0.00 0.00 0.00 0.00 0.00 0.00 0.00 0.00 0.00 0.00 0.00 0.00 0.00 0.00 0.00 0.00 0.00 0.00 0.00 0.00 0.00 0.00 0.00 0.00 0.00 0.00 0.00 0.00 0.00 0.00 0.00 0.00 0.00 0.00 0.00 0.00 0.00 0.00 0.00 0.00 0.00 0.00 0.00 0.00 0.00 0.00 0.00 0.00 0.00 0.00 0.00 0.00 0.00 0.00 0.00 0.00 0.00 0.00 0.00 0.00 0.00 0.00 0.00 0.00 0.00 0.00 0.00 0.00 0.00 0.00 0.00 0.00 0.00 0.00 0.00 0.00 0.00 0.00 0.00 0.00 0.00 0.00 0.00 0.00 0.00 0.00 0.00 0.00 0.00 0.00 0.00 0.00 0.00 0.00 0.00 0.00 0.00 0.00 0.00 0.00 0.00 0.00 0.00 0.00 0.00 0.00 0.00 0.00 0.00 0.00 0.00 0.00 0.00 0.00 0.00 0.00 0.00 0.00 0.00 0.00 0.00 0.00 0.00 0.00 0.00 0.00 0.00 0.00 0.00 0.00 0.00 0.00 0.00 0.00 0.00 0.00 0.00 0.00 0.00 0.00 0.00 0.00 0.00 0.00 0.00 0.00 0.00 0.00 0.00 0.00 0.00 0.00 0.00 0.00 0.00 0.00 0.00 0.00 0.00 0.00 0.00 0.00 0.00 0.00 0.00 0.00 0.00 0.00 0.00 0.00 0.00 0.00 0.00 0.00 0.00 0.00 0.00 0.00 0.00 0.00 0.00 0.00 0.00 0.00 0.00 0.00 0.00 0.00 0.00 0.00 0.00 0.00 0.00 0.00 0.00 0.00 0.00 0.00 0.00 0.00 0.00 0.00 0.00 0.00 0.00 0.00 0.00 0.00 0.00 0.00 0.00 0.00 0.00 0.00 0.00 0.00 0.00 0.00 0.00 0.00 0.00 0.00 0.00 0.00 0.00 0.00 0.00 0.00 0.00 0.00 0.00 0.00 0.00 0.00 0.00 0.00 0.00 0.00 0.00 0.00 0.00 0.00 0.00 0.00 0.00 0.00 0.00 0.00 0.00 0.00 0.00 0.00 0.00 0.00 0.00 0.00 0.00 0.00 0.00 0.00 0.00 0.00 0.00 0.00 0.00 0.00 0.00 0.00 0.00 0.00 0.00 0.00 0.00 0.00 0.00 0.00 0.00 0.00 0.00 0.00 0.00 0.00 0.00 0.00 0.00 0.00 0.00 0.00 0.00 0.00 0.00 0.00 0.00 0.00 0.00 0.00 0.00 0.00 0.00 0.00 0.00 0.00 0.00 0.00 0.00 0.00 0.00 0.00 0.00 0.00 0.00 0.00 0.00 0.00 0.00 0.00 0.00 0.00 0.00 0.00 0.00 0.00 0.00 0.00 0.00 0.00 0.00 0.00 0.00 0.00 0.00 0.00 0.00 0.00 0.00 0.00 0.00 0.00 0.00 0.00 0.00 0.00 0.00 0.00 0.00 0.00 0.00 0.00 0.00 0.00 0.00 0.00 0.00 0.00 0.00 0.00 0.00 0.00 0.00 0.00 0.00 0.00 0.00 0.00 0.00 0.00 0.00 0.00 0.00 0.00 0.00 0.00 0.00 0.00 0.00 0.00 0.00 0.00 0.00 0.00 0.00 0.00 0.00 0.00 0.00 0.00 0.00 0.00 0.00 0.00 0.00 0.00 0.00 0.00 0.00 0.00 0.00 0.00 0.00 0.00 0.00 0.00 0.00 0.00 0.00 0.00 0.00 0.00 0.00 0.00 0.00 0.00 0.00 0.00 0.00 0.00 0.00 0.00 0.00 0.00 0.00 0.00 0.00 0.00 0.00 0.00 0.00 0.00 0.00 0.00 0.00 0.00 0.00 0.00 0.00 0.00 0.00 0.00 0.00 0.00 0.00 0.00 0.00 0.00 0.00 0.00 0.00 0.00 0.00 0.00 0.00 0.00 0.00 0.00 0.00 0.00 0.00 0.00 0.00 0.00 0.00 0.00 0.00 0.00 0.00 0.00 0.00 0.00 0.00 0.00 0.00 0.00 0.00 0.00 0.00 0.00 0.00 0.00 0.00 0.00 0.00 0.00 0.00 0.00 0.00 0.00 0.00 0.00 0.00 0.00 0.00 0.00 0.00 0.00 0.00 0.00 0.00 0.00 0.00 0.00 0.00 0.00 0.00 0.00 0.00 0.00 0.00 0.00 0.00 0.00 0.00 0.00 0.00 0.00 0.00 0.00 0.00 0.00 0.00 0.00 0.00 0.00 0.00 0.00 0.00 0.00 0.00 0.00 0.00 0.00 0.00 0.00 0.00 0.00 0.00 0.00 0.00 0.00 0.00 0.00 0.00 0.00 0.00 0.00 0.00 0.00 0.00 0.00 0.00 0.00 0.00 0.00 0.00 0.00 0.00 0.00 0.00 0.00 0.00 0.00 0.00 0.00 0.00 0.00 0.00 0.00 0.00 0.00 0.00 0.00 0.00 0.00 0.00 0.00 0.00 0.00 0.00 0.00 0.00 0.00 0.00 0.00 0.00 0.00 0.00 0.00 0.00 0.00 0.00 0.00 0.00 0.00 0.00 0.00 0.00 0.00 0.00 0.00 0.00 0.00 0.00 0.00 0.00 0.00 0.00 0.00 0.00 0.00 0.00 0.00 0.00 0.00 0.00 0.00 0.00 0.00 0.00 0.00 0.00 0.00 0.00 0.00 0.00 0.00 0.00 0.00 0.00 0.00 0.00 0.00 0.00 0.00 0.00 0.00 0.00 0.00 0.00 0.00 0.00 0.00 0.00 0.00 0.00 0.00 0.00 0.00 0.00 0.00 0.00 0.00 0.00 0.00 0.00 0.00 0.00 0.00 0.00 0.00 0.00 0.00 0.00 0.00 0.00 0.00 0.00 0.00 0.00 0.00 0.00 0.00 0.00 0.00 0.00 0.00 0.00 0.00 0.00 0.00 0.00 0.00 0.00 0.00 0.00 0.00 0.00 0.00 0.00 0.00 0.00 0.00 0.00 0.00 0.00 0.00 0.00 0.00 0.00 0.00 0.00 0.00 0.00 0.00 0.00 0.00 0.00 0.00 0.00 0.00 0.00 0.00 0.00 0.00 0.00 0.00 0.00 0.00 0.00 0.00 0.00 0.00 0.00 0.00 0.00 0.00 0.00 0.00 0.00 0.00 0.00 0.00 0.00 0.00 0.00 0.00 0.00 0.00 0.00 0.00 0.00 0.00 0.00 0.00 0.00 0.00 0.00 0.00 0.00 0.00 0.00 0.00 0.00 0.00 0.00 0.00 0.00 0.00 0.00 0.00 0.00 0.00 0.00 0.00 0.00 0.00 0.00 0.00 0.00 0.00 0.00 0.00 0.00 0.00 0.00 0.00 0.00 0.00 0.00 0.00 0.00 0.00 0.00 0.00 0.00 0.00 0.00 0.00 0.00 0.00 0.00 0.00 0.00 0.00 0.00 0.00 0.00 0.00 0.00 0.00 0.00 0.00 0.00 0.00 0.00 0.00 0.00 0.00 0.00 0.00 0.00 0.00 0.00 0.00 0.00 0.00 0.00 0.00 0.00 0.00 0.00 0.00 0.00 0.00 0.00 0.00 0.00 0.00 0.00 0.00 0.00 0.00 0.00 0.00 0.00 0.00 0.00 0.00 0.00 0.00 0.00 0.00 0.00 0.00 0.00 0.00 0.00 0.00 0.00 0.00 0.00 0.00 0.00 0.00 0.00 0.00 0.00 0.00 0.00 0.00 0.00 0.00 0.00 0.00 0.00 0.00 0.00 0.00 0.00 0.00 0.00 0.00 0.00 0.00 0.00 0.00 0.00 0.00 0.00 0.00 0.00 0.00 0.00 0.00 0.00 0.00 0.00 0.00 0.00 0.00 0.00 0.00 0.00 0.00 0.00 0.00 0.00 0.00 0.00 0.00 0.00 0.00 0.00 0.00 0.00 0.00 0.00 0.00 0.00 0.00 0.00 0.00 0.00 0.00 0.00 0.00 0.00 0.00 0.00 0.00 0.00 0.00 0.00 0.00 0.00 0.00 0.00 0.00 0.00 0.00 0.00 0.00 0.00 0.00 0.00 0.00 0.00 0.00 0.00 0.00 0.00 0.00 0.00 0.00 0.00 0.00 0.00 0.00 0.00 0.00 0.00 0.00 0.00 0.00 0.00 0.00 0.00 0.00 0.00 0.00 0.00 0.00 0.00 0.00 0.00 0.00 0.00 0.00 0.00 0.00 0.00 0.00 0.00 0.00 0.00 0.00 0.00 0.00 0.00 0.00 0.00 0.00 0.00 0.00 0.00 0.00 0.00 0.00 0.00 0.00 0.00 0.00 0.00 0.00 0.00 0.00 0.00 0.00 0.00 0.00 0.00 0.00 0.00 0.00 0.00 0.00 0.00 0.00 0.00 0.00 0.00 0.00 0.00 0.00 0.00 0.00 0.00 0.00 0.00 0.00 0.00 0.00 0.00 0.00 0.00 0.00 0.00 0.00 0.00 0.00 0.00 0.00 0.00 0.00 0.00 0.00 0.00 0.00 0.00 0.00 0.00 0.00 0.00 0.00 0.00 0.00 0.00 0.00 0.00 0.00 0.00 0.00 0.00 0.00 0.00 0.00 0.00 0.00 0.00 0.00 0.00 0.00 0.00 0.00 0.00 0.00 0.00 0.00 0.00 0.00 0.00 0.00 0.00 0.00 0.00 0.00 0.00 0.00 0.00 0.00 0.00 0.00 0.00 0.00 0.00 0.00 0.00 0.00 0.00 0.00 0.00 0.00 0.00 0.00 0.00 0.00 0.00 0.00 0.00 0.00 0.00 0.00 0.00 0.00 0.00 0.00 0.00 0.00 0.00 0.00 0.00 0.00 0.00 0.00 0.00 0.00 0.00 0.00 0.00 0.00 0.00 0.00 0.00 0.00 0.00 0.00 0.00 0.00 0.00 0.00 0.00 0.00 0.00 0.00 0.00 0.00 0.00 0.00 0.00 0.00 0.00 0.00 0.00 0.00 0.00 0.00 0.00 0.00 0.00 0.00 0.00 0.00 0.00 0.00 0.00 0.00 0.00 0.00 0.00 0.00 0.00 0.00 0.00 0.00 0.00 0.00 0.00 0.00 0.00 0.00 0.00 0.00 0.00 0.00 0.00 0.00 0.00 0.00 0.00 0.00 0.00 0.00 0.00 0.00 0.00 0.00 0.00 0.00 0.00 0.00 0.00 0.00 0.00 0.00 0.00 0.00 0.00 0.00 0.00 0.00 0.00 0.00 0.00 0.00 0.00 0.00 0.00 0.00 0.00 0.00 0.00 0.00 0.00 0.00 0.00 0.00 0.00 0.00 0.00 0.00 0.00 0.00 0.00 0.00 0.00 0.00 0.00 0.00 0.00 0.00 0.00 0.00 0.00 0.00 0.00 0.00 0.00 0.00 0.00 0.00 0.00 0.00 0.00 0.00 0.00 0.00 0.00 0.00 0.00 0.00 0.00 0.00 0.00 0.00 0.00 0.00 0.00 0.00 0.00 0.00 0.00 0.00 0.00 0.00 0.00 0.00 0.00 0.00 0.00 0.00 0.00 0.00 0.00 0.00 0.00 0.00 0.00 0.00 0.00 0.00 0.00 0.00 0.00 0.00 0.00 0.00 0.00 0.00 0.00 0.00 0.00 0.00 0.00 0.00 0.00 0.00 0.00 0.00 0.00 0.00 0.00 0.00 0.00 0.00 0.00 0.00 0.00 0.00 0.00 0.00 0.00 0.00 0.00 0.00 0.00 0.00 0.00 0.00 0.00 0.00 0.00 0.00 0.00 0.00 0.00 0.00 0.00 0.00 0.00 0.00 0.00 0.00 0.00 0.00 0.00 0.00 0.00 0.00 0.00 0.00 0.00 0.00 0.00 0.00 0.00 0.00 0.00 0.00 0.00 0.00 0.00 0.00 0.00 0.00 0.00 0.00 0.00 0.00 0.00 0.00 0.00 0.00 0.00 0.00 0.00 0.00 0.00 0.00 0.00 0.00 0.00 0.00 0.00 0.00 0.00 0.00 0.00 0.00 0.00 0.00 0.00 0.00 0.00 0.00 0.00 0.00 0.00 0.00 0.00 0.00 0.00 0.00 0.00 0.00 0.00 0.00 0.00 0.00 0.00 0.00 0.00 0.00 0.00 0.00 0.00 0.00 0.00 0.00 0.00 0.00 0.00 0.00 0.00 0.00 0.00 0.00 0.00 0.00 0.00 0.00 0.00 0.00 0.00 0.00 0.00 0.00 0.00 0.00 0.00 0.00 0.00 0.00 0.00 0.00 0.00 0.00 0.00 0.00 0.00 0.00 0.00 0.00 0.00 0.00 0.00 0.00 0.00 0.00 0.00 0.00 0.00 0.00 0.00 0.00 0.00 0.00 0.00 0.00 0.00 0.00 0.00 0.00 0.00 0.00 0.00 0.00 0.00 0.00 0.00 0.00 0.00 0.00 0.00 0.00 0.00 0.00 0.00 0.00 0.00 0.00 0.00 0.00 0.00 0.00 0.00 0.00 0.00 0.00 0.00 0.00 0.00 0.00 0.00 0.00 0.00 0.00 0.00 0.00 0.00 0.00 0.00 0.00 0.00 0.00 0.00 0.00 0.00 0.00 0.00 0.00 0.00 0.00 0.00 0.00 0.00 0.00 0.00 0.00 0.00 0.00 0.00 0.00 0.00 0.00 0.00 0.00 0.00 0.00 0.00 0.00 0.00 0.00 0.00 0.00 0.00 0.00 0.00 0.00 0.00 0.00 0.00 0.00 0.00 0.00 0.00 0.00 0.00 0.00 0.00 0.00 0.00 0.00 0.00 0.00 0.00 0.00 0.00 0.00 0.00 0.00 0.00 0.00 0.00 0.00 0.00 0.00 0.00 0.00 0.00 0.00 0.00 0.00 0.00 0.00 0.00 0.00 0.00 0.00 0.00 0.00 0.00 0.00 0.00 0.00 0.00 0.00 0.00 0.00 0.00 0.00 0.00 0.00 0.00 0.00 0.00 0.00 0.00 0.00 0.00 0.00 0.00 0.00 0.00 0.00 0.00 0.00 0.00 0.00 0.00 0.00 0.00 0.00 0.00 0.00 0.00 0.00 0.00 0.00 0.00 0.00 0.00 0.00 0.00 0.00 0.00 0.00 0.00 0.00 0.00 0.00 0.00 0.00 0.00 0.00 0.00 0.00 0.00 0.00 0.00 0.00 0.00 0.00 0.00 0.00 0.00 0.00 0.00 0.00 0.00 0.00 0.00 0.00 0.00 0.00 0.00 0.00 0.00 0.00 0.00 0.00 0.00 0.00 0.00 0.00 0.00 0.00 0.00 0.00 0.00 0.00 0.00 0.00 0.00 0.00 0.00 0.00 0.00 0.00 0.00 0.00 0.00 0.00 0.00 0.00 0.00 0.00 0.00 0.00 0.00 0.00 0.00 0.00 0.00 0.00 0.00 0.00 0.00 0.00 0.00 0.00 0.00 0.00 0.00 0.00 0.00 0.00 0.00 0.00 0.00 0.00 0.00 0.00 0.00 0.00 0.00 0.00 0.00 0.00 0.00 0.00 0.00 0.00 0.00 0.00 0.00 0.00 0.00 0.00 0.00 0.00 0.00 0.00 0.00 0.00 0.00 0.00 0.00 0.00 0.00 0.00 0.00 0.00 0.00 0.00 0.00 0.00 0.00 0.00 0.00 0.00 0.00 0.00 0.00 0.00 0.00 0.00 0.00 0.00 0.00 0.00 0.00 0.00 0.00 0.00 0.00 0.00 0.00 0.00 0.00 0.00 0.00 0.00 0.00 0.00 0.00 0.00 0.00 0.00 0.00 0.00 0.00 0.00 0.00 0.00 0.00 0.00 0.00 0.00 0.00 0.00 0.00 0.00 0.00 0.00 0.00 0.00 0.00 0.00 0.00 0.00 0.00 0.00 0.00 0.00 0.00 0.00 0.00 0.00 0.00 0.00 0.00 0.00 0.00 0.00 0.00 0.00 0.00 0.00 0.00 0.00 0.00 0.00 0.00 0.00 0.00 0.00 0.00 0.00 0.00 0.00 0.00 0.00 0.00 0.00 0.00 0.00 0.00 0.00 0.00 0.00 0.00 0.00 0.00 0.00 0.00 0.00 0.00 0.00 0.00 0.00 0.00 0.00 0.00 0.00 0.00 0.00 0.00 0.00 0.00 0.00 0.00 0.00 0.00 0.00 0.00 0.00 0.00 0.00 0.00 0.00 0.00 0.00 0.00 0.00 0.00 0.00 0.00 0.00 0.00 0.00 0.00 0.00 0.00 0.00 0.00 0.00 0.00 0.00 0.00 0.00 0.00 0.00 0.00 0.00 0.00 0.00 0.00 0.00 0.00 0.00 0.00 0.00 0.00 0.00 0.00 0.00 0.00 0.00 0.00 0.00 0.00 0.00 0.00 0.00 0.00 0.00 0.00 0.00 0.00 0.00 0.00 0.00 0.00 0.00 0.00 0.00 0.00 0.00 0.00 0.00 0.00 0.00 0.00 0.00 0.00 0.00 0.00 0.00 0.00 0.00 0.00 0.00 0.00 0.00 0.00 0.00 0.00 0.00 0.00 0.00 0.00 0.00 0.00 0.00 0.00 0.00 0.00 0.00 0.00 0.00 0.00 0.00 0.00 0.00 0.00 0.00 0.00 0.00 0.00 0.00 0.00 0.00 0.00 0.00 0.00 0.00 0.00 0.00 0.00 0.00 0.00 0.00 0.00 0.00 0.00 0.00 0.00 0.00 0.00 0.00 0.00 0.00 0.00 0.00 0.00 0.00 0.00 0.00 0.00 0.00 0.00 0.00 0.00 0.00 0.00 0.00 0.00 0.00 0.00 0.00 0.00 0.00 0.00 0.00 0.00 0.00 0.00 0.00 0.00 0.00 0.00 0.00 0.00 0.00 0.00 0.00 0.00 0.00 0.00 0.00 0.00 0.00 0.00 0.00 0.00 0.00 0.00 0.00 0.00 0.00 0.00 0.00 0.00 0.00 0.00 0.00 0.00 0.00 0.00 0.00 0.00 0.00 0.00 0.00 0.00 0.00 0.00 0.00 0.00 0.00 0.00 0.00 0.00 0.00 0.00 0.00 0.00 0.00 0.00 0.00 0.00 0.00 0.00 0.00 0.00 0.00 0.00 0.00 0.00 0.00 0.00 0.00 0.00 0.00 0.00 0.00 0.00 0.00 0.00 0.00 0.00 0.00 0.00 0.00 0.00 0.00 0.00 0.00 0.00 0.00 0.00 0.00 0.00 0.00 0.00 0.00 0.00 0.00 0.00 0.00 0.00 0.00 0.00 0.00 0.00 0.00 0.00 0.00 0.00 0.00 0.00 0.00 0.00 0.00 0.00 0.00 0.00 0.00 0.00 0.00 0.00 0.00 0.00 0.00 0.00 0.00 0.00 0.00 0.00 0.00 0.00 0.00 0.00 0.00 0.00 0.00 0.00 0.00 0.00 0.00 0.00 0.00 0.00 0.00 0.00 0.00 0.00 0.00 0.00 0.00 0.00 0.00 0.00 0.00 0.00 0.00 0.00 0.00 0.00 0.00 0.00 0.00 0.00 0.00 0.00 0.00 0.00 0.00 0.00 0.00 0.00 0.00 0.00 0.00 0.00 0.00 0.00 0.00 0.00 0.00 0.00 0.00 0.00 0.00 0.00 0.00 0.00 0.00 0.00 0.00 0.00 0.00 0.00 0.00 0.00 0.00 0.00 0.00 0.00 0.00 0.00 0.00 0.00 0.00 0.00 0.00 0.00 0.00 0.00 0.00 0.00 0.00 0.00 0.00 0.00 0.00 0.00 0.00 0.00 0.00 0.00 0.00 0.00 0.00 0.00 0.00 0.00 0.00 0.00 0.00 0.00 0.00 0.00 0.00 0.00 0.00
height.size=2523
height.data=12812.26 12812.26 12812.26 12812.26 12812.26 12812.26 12812.26 12812.26 12812.26 12812.26 12812.26 12812.26 12812.26 12812.26 12812.26 12812.26 12812.26 12812.26 12812.26 12812.26 12812.26 12812.26 12812.26 12812.26 12812.26 12812.26 12812.26 12812.26 12812.26 12898.73 12898.73 12898.73 12898.73 12898.73 12898.73 12898.73 12898.73 12898.73 12898.73 12898.73 12898.73 12898.73 12898.73 12898.73 12898.73 12898.73 12898.73 12898.73 12898.73 12898.73 12898.73 12898.73 12898.73 12898.73 12898.73 12898.73 12898.73 12898.73 12985.22 12985.22 12985.22 12985.22 12985.22 12985.22 12985.22 12985.22 12985.22 12985.22 12985.22 12985.22 12985.22 12985.22 12985.22 12985.22 12985.22 12985.22 12985.22 12985.22 12985.22 12985.22 12985.22 12985.22 12985.22 12985.22 12985.22 12985.22 12985.22 13071.70 13071.70 13071.70 13071.70 13071.70 13071.70 13071.70 13071.70 13071.70 13071.70 13071.70 13071.70 13071.70 13071.70 13071.70 13071.70 13071.70 13071.70 13071.70 13071.70 13071.70 13071.70 13071.70 13071.70 13071.70 13071.70 13071.70 13071.70 13071.70 13158.20 13158.20 13158.20 13158.20 13158.20 13158.20 13158.20 13158.20 13158.20 13158.20 13158.20 13158.20 13158.20 13158.20 13158.20 13158.20 13158.20 13158.20 13158.20 13158.20 13158.20 13158.20 13158.20 13158.20 13158.20 13158.20 13158.20 13158.20 13158.20 13244.70 13244.70 13244.70 13244.70 13244.70 13244.70 13244.70 13244.70 13244.70 13244.70 13244.70 13244.70 13244.70 13244.70 13244.70 13244.70 13244.70 13244.70 13244.70 13244.70 13244.70 13244.70 13244.70 13244.70 13244.70 13244.70 13244.70 13244.70 13244.70 13331.20 13331.20 13331.20 13331.20 13331.20 13331.20 13331.20 13331.20 13331.20 13331.20 13331.20 13331.20 13331.20 13331.20 13331.20 13331.20 13331.20 13331.20 13331.20 13331.20 13331.20 13331.20 13331.20 13331.20 13331.20 13331.20 13331.20 13331.20 13331.20 13417.72 13417.72 13417.72 13417.72 13417.72 13417.72 13417.72 13417.72 13417.72 13417.72 13417.72 13417.72 13417.72 13417.72 13417.72 13417.72 13417.72 13417.72 13417.72 13417.72 13417.72 13417.72 13417.72 13417.72 13417.72 13417.72 13417.72 13417.72 13417.72 13504.23 13504.23 13504.23 13504.23 13504.23 13504.23 13504.23 13504.23 13504.23 13504.23 13504.23 13504.23 13504.23 13504.23 13504.23 13504.23 13504.23 13504.23 13504.23 13504.23 13504.23 13504.23 13504.23 13504.23 13504.23 13504.23 13504.23 13504.23 13504.23 13590.76 13590.76 13590.76 13590.76 13590.76 13590.76 13590.76 13590.76 13590.76 13590.76 13590.76 13590.76 13590.76 13590.76 13590.76 13590.76 13590.76 13590.76 13590.76 13590.76 13590.76 13590.76 13590.76 13590.76 13590.76 13590.76 13590.76 13590.76 13590.76 13677.29 13677.29 13677.29 13677.29 13677.29 13677.29 13677.29 13677.29 13677.29 13677.29 13677.29 13677.29 13677.29 13677.29 13677.29 13677.29 13677.29 13677.29 13677.29 13677.29 13677.29 13677.29 13677.29 13677.29 13677.29 13677.29 13677.29 13677.29 13677.29 13763.83 13763.83 13763.83 13763.83 13763.83 13763.83 13763.83 13763.83 13763.83 13763.83 13763.83 13763.83 13763.83 13763.83 13763.83 13763.83 13763.83 13763.83 13763.83 13763.83 13763.83 13763.83 13763.83 13763.83 13763.83 13763.83 13763.83 13763.83 13763.83 13850.38 13850.38 13850.38 13850.38 13850.38 13850.38 13850.38 13850.38 13850.38 13850.38 13850.38 13850.38 13850.38 13850.38 13850.38 13850.38 13850.38 13850.38 13850.38 13850.38 13850.38 13850.38 13850.38 13850.38 13850.38 13850.38 13850.38 13850.38 13850.38 13936.93 13936.93 13936.93 13936.93 13936.93 13936.93 13936.93 13936.93 13936.93 13936.93 13936.93 13936.93 13936.93 13936.93 13936.93 13936.93 13936.93 13936.93 13936.93 13936.93 13936.93 13936.93 13936.93 13936.93 13936.93 13936.93 13936.93 13936.93 13936.93 14023.49 14023.49 14023.49 14023.49 14023.49 14023.49 14023.49 14023.49 14023.49 14023.49 14023.49 14023.49 14023.49 14023.49 14023.49 14023.49 14023.49 14023.49 14023.49 14023.49 14023.49 14023.49 14023.49 14023.49 14023.49 14023.49 14023.49 14023.49 14023.49 14110.05 14110.05 14110.05 14110.05 14110.05 14110.05 14110.05 14110.05 14110.05 14110.05 14110.05 14110.05 14110.05 14110.05 14110.05 14110.05 14110.05 14110.05 14110.05 14110.05 14110.05 14110.05 14110.05 14110.05 14110.05 14110.05 14110.05 14110.05 14110.05 14196.62 14196.62 14196.62 14196.62 14196.62 14196.62 14196.62 14196.62 14196.62 14196.62 14196.62 14196.62 14196.62 14196.62 14196.62 14196.62 14196.62 14196.62 14196.62 14196.62 14196.62 14196.62 14196.62 14196.62 14196.62 14196.62 14196.62 14196.62 14196.62 14283.20 14283.20 14283.20 14283.20 14283.20 14283.20 14283.20 14283.20 14283.20 14283.20 14283.20 14283.20 14283.20 14283.20 14283.20 14283.20 14283.20 14283.20 14283.20 14283.20 14283.20 14283.20 14283.20 14283.20 14283.20 14283.20 14283.20 14283.20 14283.20 14369.78 14369.78 14369.78 14369.78 14369.78 14369.78 14369.78 14369.78 14369.78 14369.78 14369.78 14369.78 14369.78 14369.78 14369.78 14369.78 14369.78 14369.78 14369.78 14369.78 14369.78 14369.78 14369.78 14369.78 14369.78 14369.78 14369.78 14369.78 14369.78 14456.37 14456.37 14456.37 14456.37 14456.37 14456.37 14456.37 14456.37 14456.37 14456.37 14456.37 14456.37 14456.37 14456.37 14456.37 14456.37 14456.37 14456.37 14456.37 14456.37 14456.37 14456.37 14456.37 14456.37 14456.37 14456.37 14456.37 14456.37 14456.37 14542.97 14542.97 14542.97 14542.97 14542.97 14542.97 14542.97 14542.97 14542.97 14542.97 14542.97 14542.97 14542.97 14542.97 14542.97 14542.97 14542.97 14542.97 14542.97 14542.97 14542.97 14542.97 14542.97 14542.97 14542.97 14542.97 14542.97 14542.97 14542.97 14629.57 14629.57 14629.57 14629.57 14629.57 14629.57 14629.57 14629.57 14629.57 14629.57 14629.57 14629.57 14629.57 14629.57 14629.57 14629.57 14629.57 14629.57 14629.57 14629.57 14629.57 14629.57 14629.57 14629.57 14629.57 14629.57 14629.57 14629.57 14629.57 14716.18 14716.18 14716.18 14716.18 14716.18 14716.18 14716.18 14716.18 14716.18 14716.18 14716.18 14716.18 14716.18 14716.18 14716.18 14716.18 14716.18 14716.18 14716.18 14716.18 14716.18 14716.18 14716.18 14716.18 14716.18 14716.18 14716.18 14716.18 14716.18 14802.80 14802.80 14802.80 14802.80 14802.80 14802.80 14802.80 14802.80 14802.80 14802.80 14802.80 14802.80 14802.80 14802.80 14802.80 14802.80 14802.80 14802.80 14802.80 14802.80 14802.80 14802.80 14802.80 14802.80 14802.80 14802.80 14802.80 14802.80 14802.80 14889.42 14889.42 14889.42 14889.42 14889.42 14889.42 14889.42 14889.42 14889.42 14889.42 14889.42 14889.42 14889.42 14889.42 14889.42 14889.42 14889.42 14889.42 14889.42 14889.42 14889.42 14889.42 14889.42 14889.42 14889.42 14889.42 14889.42 14889.42 14889.42 14976.05 14976.05 14976.05 14976.05 14976.05 14976.05 14976.05 14976.05 14976.05 14976.05 14976.05 14976.05 14976.05 14976.05 14976.05 14976.05 14976.05 14976.05 14976.05 14976.05 14976.05 14976.05 14976.05 14976.05 14976.05 14976.05 14976.05 14976.05 14976.05 15062.69 15062.69 15062.69 15062.69 15062.69 15062.69 15062.69 15062.69 15062.69 15062.69 15062.69 15062.69 15062.69 15062.69 15062.69 15062.69 15062.69 15062.69 15062.69 15062.69 15062.69 15062.69 15062.69 15062.69 15062.69 15062.69 15062.69 15062.69 15062.69 15149.33 15149.33 15149.33 15149.33 15149.33 15149.33 15149.33 15149.33 15149.33 15149.33 15149.33 15149.33 15149.33 15149.33 15149.33 15149.33 15149.33 15149.33 15149.33 15149.33 15149.33 15149.33 15149.33 15149.33 15149.33 15149.33 15149.33 15149.33 15149.33 15235.98 15235.98 15235.98 15235.98 15235.98 15235.98 15235.98 15235.98 15235.98 15235.98 15235.98 15235.98 15235.98 15235.98 15235.98 15235.98 15235.98 15235.98 15235.98 15235.98 15235.98 15235.98 15235.98 15235.98 15235.98 15235.98 15235.98 15235.98 15235.98 15322.63 15322.63 15322.63 15322.63 15322.63 15322.63 15322.63 15322.63 15322.63 15322.63 15322.63 15322.63 15322.63 15322.63 15322.63 15322.63 15322.63 15322.63 15322.63 15322.63 15322.63 15322.63 15322.63 15322.63 15322.63 15322.63 15322.63 15322.63 15322.63 15409.30 15409.30 15409.30 15409.30 15409.30 15409.30 15409.30 15409.30 15409.30 15409.30 15409.30 15409.30 15409.30 15409.30 15409.30 15409.30 15409.30 15409.30 15409.30 15409.30 15409.30 15409.30 15409.30 15409.30 15409.30 15409.30 15409.30 15409.30 15409.30 15495.96 15495.96 15495.96 15495.96 15495.96 15495.96 15495.96 15495.96 15495.96 15495.96 15495.96 15495.96 15495.96 15495.96 15495.96 15495.96 15495.96 15495.96 15495.96 15495.96 15495.96 15495.96 15495.96 15495.96 15495.96 15495.96 15495.96 15495.96 15495.96 15582.64 15582.64 15582.64 15582.64 15582.64 15582.64 15582.64 15582.64 15582.64 15582.64 15582.64 15582.64 15582.64 15582.64 15582.64 15582.64 15582.64 15582.64 15582.64 15582.64 15582.64 15582.64 15582.64 15582.64 15582.64 15582.64 15582.64 15582.64 15582.64 15669.32 15669.32 15669.32 15669.32 15669.32 15669.32 15669.32 15669.32 15669.32 15669.32 15669.32 15669.32 15669.32 15669.32 15669.32 15669.32 15669.32 15669.32 15669.32 15669.32 15669.32 15669.32 15669.32 15669.32 15669.32 15669.32 15669.32 15669.32 15669.32 15756.01 15756.01 15756.01 15756.01 15756.01 15756.01 15756.01 15756.01 15756.01 15756.01 15756.01 15756.01 15756.01 15756.01 15756.01 15756.01 15756.01 15756.01 15756.01 15756.01 15756.01 15756.01 15756.01 15756.01 15756.01 15756.01 15756.01 15756.01 15756.01 15842.70 15842.70 15842.70 15842.70 15842.70 15842.70 15842.70 15842.70 15842.70 15842.70 15842.70 15842.70 15842.70 15842.70 15842.70 15842.70 15842.70 15842.70 15842.70 15842.70 15842.70 15842.70 15842.70 15842.70 15842.70 15842.70 15842.70 15842.70 15842.70 15929.40 15929.40 15929.40 15929.40 15929.40 15929.40 15929.40 15929.40 15929.40 15929.40 15929.40 15929.40 15929.40 15929.40 15929.40 15929.40 15929.40 15929.40 15929.40 15929.40 15929.40 15929.40 15929.40 15929.40 15929.40 15929.40 15929.40 15929.40 15929.40 16016.11 16016.11 16016.11 16016.11 16016.11 16016.11 16016.11 16016.11 16016.11 16016.11 16016.11 16016.11 16016.11 16016.11 16016.11 16016.11 16016.11 16016.11 16016.11 16016.11 16016.11 16016.11 16016.11 16016.11 16016.11 16016.11 16016.11 16016.11 16016.11 16102.82 16102.82 16102.82 16102.82 16102.82 16102.82 16102.82 16102.82 16102.82 16102.82 16102.82 16102.82 16102.82 16102.82 16102.82 16102.82 16102.82 16102.82 16102.82 16102.82 16102.82 16102.82 16102.82 16102.82 16102.82 16102.82 16102.82 16102.82 16102.82 16189.54 16189.54 16189.54 16189.54 16189.54 16189.54 16189.54 16189.54 16189.54 16189.54 16189.54 16189.54 16189.54 16189.54 16189.54 16189.54 16189.54 16189.54 16189.54 16189.54 16189.54 16189.54 16189.54 16189.54 16189.54 16189.54 16189.54 16189.54 16189.54 16276.27 16276.27 16276.27 16276.27 16276.27 16276.27 16276.27 16276.27 16276.27 16276.27 16276.27 16276.27 16276.27 16276.27 16276.27 16276.27 16276.27 16276.27 16276.27 16276.27 16276.27 16276.27 16276.27 16276.27 16276.27 16276.27 16276.27 16276.27 16276.27 16363.00 16363.00 16363.00 16363.00 16363.00 16363.00 16363.00 16363.00 16363.00 16363.00 16363.00 16363.00 16363.00 16363.00 16363.00 16363.00 16363.00 16363.00 16363.00 16363.00 16363.00 16363.00 16363.00 16363.00 16363.00 16363.00 16363.00 16363.00 16363.00 16449.74 16449.74 16449.74 16449.74 16449.74 16449.74 16449.74 16449.74 16449.74 16449.74 16449.74 16449.74 16449.74 16449.74 16449.74 16449.74 16449.74 16449.74 16449.74 16449.74 16449.74 16449.74 16449.74 16449.74 16449.74 16449.74 16449.74 16449.74 16449.74 16536.49 16536.49 16536.49 16536.49 16536.49 16536.49 16536.49 16536.49 16536.49 16536.49 16536.49 16536.49 16536.49 16536.49 16536.49 16536.49 16536.49 16536.49 16536.49 16536.49 16536.49 16536.49 16536.49 16536.49 16536.49 16536.49 16536.49 16536.49 16536.49 16623.24 16623.24 16623.24 16623.24 16623.24 16623.24 16623.24 16623.24 16623.24 16623.24 16623.24 16623.24 16623.24 16623.24 16623.24 16623.24 16623.24 16623.24 16623.24 16623.24 16623.24 16623.24 16623.24 16623.24 16623.24 16623.24 16623.24 16623.24 16623.24 16710.00 16710.00 16710.00 16710.00 16710.00 16710.00 16710.00 16710.00 16710.00 16710.00 16710.00 16710.00 16710.00 16710.00 16710.00 16710.00 16710.00 16710.00 16710.00 16710.00 16710.00 16710.00 16710.00 16710.00 16710.00 16710.00 16710.00 16710.00 16710.00 16796.76 16796.76 16796.76 16796.76 16796.76 16796.76 16796.76 16796.76 16796.76 16796.76 16796.76 16796.76 16796.76 16796.76 16796.76 16796.76 16796.76 16796.76 16796.76 16796.76 16796.76 16796.76 16796.76 16796.76 16796.76 16796.76 16796.76 16796.76 16796.76 16883.53 16883.53 16883.53 16883.53 16883.53 16883.53 16883.53 16883.53 16883.53 16883.53 16883.53 16883.53 16883.53 16883.53 16883.53 16883.53 16883.53 16883.53 16883.53 16883.53 16883.53 16883.53 16883.53 16883.53 16883.53 16883.53 16883.53 16883.53 16883.53 16970.31 16970.31 16970.31 16970.31 16970.31 16970.31 16970.31 16970.31 16970.31 16970.31 16970.31 16970.31 16970.31 16970.31 16970.31 16970.31 16970.31 16970.31 16970.31 16970.31 16970.31 16970.31 16970.31 16970.31 16970.31 16970.31 16970.31 16970.31 16970.31 17057.09 17057.09 17057.09 17057.09 17057.09 17057.09 17057.09 17057.09 17057.09 17057.09 17057.09 17057.09 17057.09 17057.09 17057.09 17057.09 17057.09 17057.09 17057.09 17057.09 17057.09 17057.09 17057.09 17057.09 17057.09 17057.09 17057.09 17057.09 17057.09 17143.89 17143.89 17143.89 17143.89 17143.89 17143.89 17143.89 17143.89 17143.89 17143.89 17143.89 17143.89 17143.89 17143.89 17143.89 17143.89 17143.89 17143.89 17143.89 17143.89 17143.89 17143.89 17143.89 17143.89 17143.89 17143.89 17143.89 17143.89 17143.89 17230.68 17230.68 17230.68 17230.68 17230.68 17230.68 17230.68 17230.68 17230.68 17230.68 17230.68 17230.68 17230.68 17230.68 17230.68 17230.68 17230.68 17230.68 17230.68 17230.68 17230.68 17230.68 17230.68 17230.68 17230.68 17230.68 17230.68 17230.68 17230.68 17317.49 17317.49 17317.49 17317.49 17317.49 17317.49 17317.49 17317.49 17317.49 17317.49 17317.49 17317.49 17317.49 17317.49 17317.49 17317.49 17317.49 17317.49 17317.49 17317.49 17317.49 17317.49 17317.49 17317.49 17317.49 17317.49 17317.49 17317.49 17317.49 17404.30 17404.30 17404.30 17404.30 17404.30 17404.30 17404.30 17404.30 17404.30 17404.30 17404.30 17404.30 17404.30 17404.30 17404.30 17404.30 17404.30 17404.30 17404.30 17404.30 17404.30 17404.30 17404.30 17404.30 17404.30 17404.30 17404.30 17404.30 17404.30 17491.11 17491.11 17491.11 17491.11 17491.11 17491.11 17491.11 17491.11 17491.11 17491.11 17491.11 17491.11 17491.11 17491.11 17491.11 17491.11 17491.11 17491.11 17491.11 17491.11 17491.11 17491.11 17491.11 17491.11 17491.11 17491.11 17491.11 17491.11 17491.11 17577.94 17577.94 17577.94 17577.94 17577.94 17577.94 17577.94 17577.94 17577.94 17577.94 17577.94 17577.94 17577.94 17577.94 17577.94 17577.94 17577.94 17577.94 17577.94 17577.94 17577.94 17577.94 17577.94 17577.94 17577.94 17577.94 17577.94 17577.94 17577.94 17664.77 17664.77 17664.77 17664.77 17664.77 17664.77 17664.77 17664.77 17664.77 17664.77 17664.77 17664.77 17664.77 17664.77 17664.77 17664.77 17664.77 17664.77 17664.77 17664.77 17664.77 17664.77 17664.77 17664.77 17664.77 17664.77 17664.77 17664.77 17664.77 17751.60 17751.60 17751.60 17751.60 17751.60 17751.60 17751.60 17751.60 17751.60 17751.60 17751.60 17751.60 17751.60 17751.60 17751.60 17751.60 17751.60 17751.60 17751.60 17751.60 17751.60 17751.60 17751.60 17751.60 17751.60 17751.60 17751.60 17751.60 17751.60 17838.44 17838.44 17838.44 17838.44 17838.44 17838.44 17838.44 17838.44 17838.44 17838.44 17838.44 17838.44 17838.44 17838.44 17838.44 17838.44 17838.44 17838.44 17838.44 17838.44 17838.44 17838.44 17838.44 17838.44 17838.44 17838.44 17838.44 17838.44 17838.44 17925.29 17925.29 17925.29 17925.29 17925.29 17925.29 17925.29 17925.29 17925.29 17925.29 17925.29 17925.29 17925.29 17925.29 17925.29 17925.29 17925.29 17925.29 17925.29 17925.29 17925.29 17925.29 17925.29 17925.29 17925.29 17925.29 17925.29 17925.29 17925.29 18012.15 18012.15 18012.15 18012.15 18012.15 18012.15 18012.15 18012.15 18012.15 18012.15 18012.15 18012.15 18012.15 18012.15 18012.15 18012.15 18012.15 18012.15 18012.15 18012.15 18012.15 18012.15 18012.15 18012.15 18012.15 18012.15 18012.15 18012.15 18012.15 18099.01 18099.01 18099.01 18099.01 18099.01 18099.01 18099.01 18099.01 18099.01 18099.01 18099.01 18099.01 18099.01 18099.01 18099.01 18099.01 18099.01 18099.01 18099.01 18099.01 18099.01 18099.01 18099.01 18099.01 18099.01 18099.01 18099.01 18099.01 18099.01 18185.88 18185.88 18185.88 18185.88 18185.88 18185.88 18185.88 18185.88 18185.88 18185.88 18185.88 18185.88 18185.88 18185.88 18185.88 18185.88 18185.88 18185.88 18185.88 18185.88 18185.88 18185.88 18185.88 18185.88 18185.88 18185.88 18185.88 18185.88 18185.88 18272.75 18272.75 18272.75 18272.75 18272.75 18272.75 18272.75 18272.75 18272.75 18272.75 18272.75 18272.75 18272.75 18272.75 18272.75 18272.75 18272.75 18272.75 18272.75 18272.75 18272.75 18272.75 18272.75 18272.75 18272.75 18272.75 18272.75 18272.75 18272.75 18359.63 18359.63 18359.63 18359.63 18359.63 18359.63 18359.63 18359.63 18359.63 18359.63 18359.63 18359.63 18359.63 18359.63 18359.63 18359.63 18359.63 18359.63 18359.63 18359.63 18359.63 18359.63 18359.63 18359.63 18359.63 18359.63 18359.63 18359.63 18359.63 18446.52 18446.52 18446.52 18446.52 18446.52 18446.52 18446.52 18446.52 18446.52 18446.52 18446.52 18446.52 18446.52 18446.52 18446.52 18446.52 18446.52 18446.52 18446.52 18446.52 18446.52 18446.52 18446.52 18446.52 18446.52 18446.52 18446.52 18446.52 18446.52 18533.42 18533.42 18533.42 18533.42 18533.42 18533.42 18533.42 18533.42 18533.42 18533.42 18533.42 18533.42 18533.42 18533.42 18533.42 18533.42 18533.42 18533.42 18533.42 18533.42 18533.42 18533.42 18533.42 18533.42 18533.42 18533.42 18533.42 18533.42 18533.42 18620.32 18620.32 18620.32 18620.32 18620.32 18620.32 18620.32 18620.32 18620.32 18620.32 18620.32 18620.32 18620.32 18620.32 18620.32 18620.32 18620.32 18620.32 18620.32 18620.32 18620.32 18620.32 18620.32 18620.32 18620.32 18620.32 18620.32 18620.32 18620.32 18707.22 18707.22 18707.22 18707.22 18707.22 18707.22 18707.22 18707.22 18707.22 18707.22 18707.22 18707.22 18707.22 18707.22 18707.22 18707.22 18707.22 18707.22 18707.22 18707.22 18707.22 18707.22 18707.22 18707.22 18707.22 18707.22 18707.22 18707.22 18707.22 18794.14 18794.14 18794.14 18794.14 18794.14 18794.14 18794.14 18794.14 18794.14 18794.14 18794.14 18794.14 18794.14 18794.14 18794.14 18794.14 18794.14 18794.14 18794.14 18794.14 18794.14 18794.14 18794.14 18794.14 18794.14 18794.14 18794.14 18794.14 18794.14 18881.06 18881.06 18881.06 18881.06 18881.06 18881.06 18881.06 18881.06 18881.06 18881.06 18881.06 18881.06 18881.06 18881.06 18881.06 18881.06 18881.06 18881.06 18881.06 18881.06 18881.06 18881.06 18881.06 18881.06 18881.06 18881.06 18881.06 18881.06 18881.06 18967.98 18967.98 18967.98 18967.98 18967.98 18967.98 18967.98 18967.98 18967.98 18967.98 18967.98 18967.98 18967.98 18967.98 18967.98 18967.98 18967.98 18967.98 18967.98 18967.98 18967.98 18967.98 18967.98 18967.98 18967.98 18967.98 18967.98 18967.98 18967.98 19054.92 19054.92 19054.92 19054.92 19054.92 19054.92 19054.92 19054.92 19054.92 19054.92 19054.92 19054.92 19054.92 19054.92 19054.92 19054.92 19054.92 19054.92 19054.92 19054.92 19054.92 19054.92 19054.92 19054.92 19054.92 19054.92 19054.92 19054.92 19054.92 19141.86 19141.86 19141.86 19141.86 19141.86 19141.86 19141.86 19141.86 19141.86 19141.86 19141.86 19141.86 19141.86 19141.86 19141.86 19141.86 19141.86 19141.86 19141.86 19141.86 19141.86 19141.86 19141.86 19141.86 19141.86 19141.86 19141.86 19141.86 19141.86 19228.80 19228.80 19228.80 19228.80 19228.80 19228.80 19228.80 19228.80 19228.80 19228.80 19228.80 19228.80 19228.80 19228.80 19228.80 19228.80 19228.80 19228.80 19228.80 19228.80 19228.80 19228.80 19228.80 19228.80 19228.80 19228.80 19228.80 19228.80 19228.80 19315.75 19315.75 19315.75 19315.75 19315.75 19315.75 19315.75 19315.75 19315.75 19315.75 19315.75 19315.75 19315.75 19315.75 19315.75 19315.75 19315.75 19315.75 19315.75 19315.75 19315.75 19315.75 19315.75 19315.75 19315.75 19315.75 19315.75 19315.75 19315.75 19402.71 19402.71 19402.71 19402.71 19402.71 19402.71 19402.71 19402.71 19402.71 19402.71 19402.71 19402.71 19402.71 19402.71 19402.71 19402.71 19402.71 19402.71 19402.71 19402.71 19402.71 19402.71 19402.71 19402.71 19402.71 19402.71 19402.71 19402.71 19402.71 19489.68 19489.68 19489.68 19489.68 19489.68 19489.68 19489.68 19489.68 19489.68 19489.68 19489.68 19489.68 19489.68 19489.68 19489.68 19489.68 19489.68 19489.68 19489.68 19489.68 19489.68 19489.68 19489.68 19489.68 19489.68 19489.68 19489.68 19489.68 19489.68 19576.65 19576.65 19576.65 19576.65 19576.65 19576.65 19576.65 19576.65 19576.65 19576.65 19576.65 19576.65 19576.65 19576.65 19576.65 19576.65 19576.65 19576.65 19576.65 19576.65 19576.65 19576.65 19576.65 19576.65 19576.65 19576.65 19576.65 19576.65 19576.65 19663.63 19663.63 19663.63 19663.63 19663.63 19663.63 19663.63 19663.63 19663.63 19663.63 19663.63 19663.63 19663.63 19663.63 19663.63 19663.63 19663.63 19663.63 19663.63 19663.63 19663.63 19663.63 19663.63 19663.63 19663.63 19663.63 19663.63 19663.63 19663.63 19750.61 19750.61 19750.61 19750.61 19750.61 19750.61 19750.61 19750.61 19750.61 19750.61 19750.61 19750.61 19750.61 19750.61 19750.61 19750.61 19750.61 19750.61 19750.61 19750.61 19750.61 19750.61 19750.61 19750.61 19750.61 19750.61 19750.61 19750.61 19750.61 19837.60 19837.60 19837.60 19837.60 19837.60 19837.60 19837.60 19837.60 19837.60 19837.60 19837.60 19837.60 19837.60 19837.60 19837.60 19837.60 19837.60 19837.60 19837.60 19837.60 19837.60 19837.60 19837.60 19837.60 19837.60 19837.60 19837.60 19837.60 19837.60 19924.60 19924.60 19924.60 19924.60 19924.60 19924.60 19924.60 19924.60 19924.60 19924.60 19924.60 19924.60 19924.60 19924.60 19924.60 19924.60 19924.60 19924.60 19924.60 19924.60 19924.60 19924.60 19924.60 19924.60 19924.60 19924.60 19924.60 19924.60 19924.60 20011.60 20011.60 20011.60 20011.60 20011.60 20011.60 20011.60 20011.60 20011.60 20011.60 20011.60 20011.60 20011.60 20011.60 20011.60 20011.60 20011.60 20011.60 20011.60 20011.60 20011.60 20011.60 20011.60 20011.60 20011.60 20011.60 20011.60 20011.60 20011.60 20098.61 20098.61 20098.61 20098.61 20098.61 20098.61 20098.61 20098.61 20098.61 20098.61 20098.61 20098.61 20098.61 20098.61 20098.61 20098.61 20098.61 20098.61 20098.61 20098.61 20098.61 20098.61 20098.61 20098.61 20098.61 20098.61 20098.61 20098.61 20098.61 20185.63 20185.63 20185.63 20185.63 20185.63 20185.63 20185.63 20185.63 20185.63 20185.63 20185.63 20185.63 20185.63 20185.63 20185.63 20185.63 20185.63 20185.63 20185.63 20185.63 20185.63 20185.63 20185.63 20185.63 20185.63 20185.63 20185.63 20185.63 20185.63 20272.65 20272.65 20272.65 20272.65 20272.65 20272.65 20272.65 20272.65 20272.65 20272.65 20272.65 20272.65 20272.65 20272.65 20272.65 20272.65 20272.65 20272.65 20272.65 20272.65 20272.65 20272.65 20272.65 20272.65 20272.65 20272.65 20272.65 20272.65 20272.65
=== END RADAR_SCAN ===

=== BEGIN RADAR_SCAN ===
scan.index=9
scan.time=177.670000
radar.id=0
radar.frequency=C
radar.scanning_mode=PPI
radar.x=0.000
radar.y=0.000
radar.z=25.000
radar.maximum_range=250000.000
radar.range_resolution=250.000
radar.angular_resolution=1.000000
box.radar_id=0
box.min_range_gate=144.000
box.max_range_gate=228.000
box.min_angle=132.000000
box.max_angle=161.000000
box.num_ranges=85
box.num_angles=29
box.range_resolution=250.000
box.angular_resolution=1.000000
box.other_angle=15.000000
grid.size=2465
grid.data=0.00 0.00 0.00 0.00 0.00 0.00 0.00 0.00 0.00 0.00 0.00 0.00 0.00 0.00 0.00 0.00 0.00 0.00 0.00 0.00 0.00 0.00 0.00 0.00 0.00 0.00 0.00 0.00 0.00 0.00 0.00 0.00 0.00 0.00 0.00 0.00 0.00 0.00 0.00 0.00 0.00 0.00 0.00 1.35 0.32 0.00 0.00 0.00 0.00 0.00 0.00 0.00 0.00 0.00 0.00 0.00 0.00 0.00 0.00 0.00 0.00 0.00 0.00 0.00 0.00 0.00 0.00 0.00 0.00 0.84 -0.04 -0.35 -0.59 1.17 0.70 0.17 0.00 0.00 0.00 0.00 0.00 0.00 0.00 0.00 0.00 0.00 0.00 0.00 0.00 0.00 0.00 0.00 0.00 0.00 0.00 0.00 0.00 0.82 0.59 0.07 1.01 0.72 -0.63 -0.65 0.69 0.42 0.00 0.00 0.00 0.00 0.00 0.00 0.00 0.00 0.00 0.00 0.00 0.00 0.00 0.00 0.00 0.00 0.00 0.00 0.00 0.81 -0.40 -0.15 0.15 0.34 0.37 1.18 -1.05 -0.05 -0.88 -0.76 0.00 0.00 0.00 0.00 0.00 0.00 0.00 0.00 0.00 0.00 0.00 0.00 0.00 0.00 0.00 0.00 0.00 0.00 0.52 0.11 1.58 0.06 -0.40 0.24 1.03 -0.45 0.92 0.64 0.60 0.97 0.00 0.00 0.00 0.00 0.00 0.00 0.00 0.00 0.00 0.00 0.00 0.00 0.00 0.00 0.00 0.00 -0.26 1.12 -0.09 0.76 -0.96 0.89 0.34 -0.79 0.48 -0.60 -0.70 -0.28 -1.13 1.05 0.00 0.00 0.00 0.00 0.00 0.00 0.00 0.00 0.00 0.00 0.00 0.00 0.00 0.00 -0.92 -0.00 0.63 1.41 -1.53 -1.36 0.46 -0.45 -1.43 1.09 -0.07 -0.89 0.57 -0.73 0.66 0.00 0.00 0.00 0.00 0.00 0.00 0.00 0.00 0.00 0.00 0.00 0.00 0.00 0.00 0.51 0.23 0.69 1.01 -0.70 -0.06 -0.22 -1.60 -1.04 0.92 -0.44 -0.84 -0.51 0.16 -0.71 -0.08 0.00 0.00 0.00 0.00 0.00 0.00 0.00 0.00 0.00 0.00 0.00 0.00 -0.62 0.41 -0.38 0.18 0.94 -0.51 -0.80 0.33 0.52 -0.14 -0.12 0.25 0.84 -0.13 1.06 0.27 -0.53 0.00 0.00 0.00 0.00 0.00 0.00 0.00 0.00 0.00 0.00 0.00 0.00 -0.54 0.00 0.55 0.26 -0.27 0.04 0.63 0.38 -0.75 -0.86 -0.50 1.12 2.46 -0.77 0.61 0.30 -0.97 0.00 0.00 0.00 0.00 0.00 0.00 0.00 0.00 0.00 0.00 0.00 0.00 0.11 -0.39 0.72 1.59 1.14 1.43 0.55 -0.58 -1.16 -0.48 -0.09 0.56 0.36 -0.89 0.96 -0.60 -0.31 1.07 0.00 0.00 0.00 0.00 0.00 0.00 0.00 0.00 0.00 0.00 0.05 0.59 -0.66 0.55 -0.55 -0.61 -1.26 0.15 0.71 0.60 0.62 0.34 -1.73 -0.38 -0.07 0.74 -1.35 -0.33 1.00 0.00 0.00 0.00 0.00 0.00 0.00 0.00 0.00 0.00 0.00 -0.64 -0.11 0.43 0.24 -0.27 0.93 -0.33 -0.27 -0.71 0.31 0.79 0.93 0.01 -0.77 -0.72 0.30 0.69 0.55 0.06 -1.54 0.00 0.00 0.00 0.00 0.00 0.00 0.00 0.00 0.00 -0.06 -0.42 0.82 1.32 -0.35 -0.50 -1.18 0.70 0.59 -0.17 0.63 0.57 0.61 -0.30 0.47 0.58 -0.34 0.40 0.71 0.58 0.00 0.00 0.00 0.00 0.00 0.00 0.00 0.00 -0.54 0.89 -0.50 0.87 0.82 0.22 -0.22 0.17 1.13 -0.02 -0.43 -0.98 -1.04 0.24 -0.18 -0.64 0.27 -0.16 1.29 0.33 -1.19 0.00 0.00 0.00 0.00 0.00 0.00 0.00 0.00 0.57 0.90 0.75 0.58 -0.09 0.40 -1.12 0.20 0.07 -1.48 -0.06 0.62 0.42 0.81 0.44 -0.07 -0.47 1.67 -0.48 -0.48 -0.99 0.00 0.00 0.00 0.00 0.00 0.00 0.00 0.00 -0.34 1.10 0.17 -0.76 -0.70 -0.37 1.01 0.99 0.19 -0.18 0.53 0.33 -0.22 -0.22 0.32 -0.49 -0.02 1.16 1.65 0.86 0.18 -1.71 0.00 0.00 0.00 0.00 0.00 0.00 0.00 0.38 -0.96 0.61 -1.81 -0.10 -0.10 1.45 -0.67 -0.73 0.28 0.77 1.41 0.14 -0.59 -0.74 -0.03 -0.33 0.09 1.21 0.55 0.96 -0.45 0.00 0.00 0.00 0.00 0.00 0.00 1.17 -0.84 -0.49 -0.41 -0.71 2.19 -0.29 -0.33 -0.06 0.14 0.56 -0.21 -0.42 -0.38 -1.33 0.19 -0.18 -0.20 0.43 -0.51 0.85 0.31 -0.68 0.00 0.00 0.00 0.00 0.00 0.00 -0.13 -0.38 -1.25 0.28 -0.39 1.08 0.52 0.13 -1.42 -0.36 1.41 0.00 0.61 1.48 -0.52 -1.10 -0.04 0.27 0.81 0.54 -0.07 -0.40 -0.07 0.00 0.00 0.00 0.00 0.00 0.00 0.04 0.96 -0.67 -1.05 -1.12 -0.35 1.65 -0.33 -0.36 -0.30 -2.35 0.12 -0.06 -0.56 0.50 0.64 0.74 -1.19 1.01 -0.59 -0.70 -0.78 0.46 0.00 0.00 0.00 0.00 0.00 0.00 -0.69 1.93 -0.95 0.08 0.04 -1.37 0.21 0.23 0.43 -0.07 -0.10 -1.21 1.34 0.89 -0.64 0.47 -0.25 1.09 0.32 -1.18 -0.24 0.11 1.00 0.00 0.00 0.00 0.00 0.00 0.00 0.43 -0.58 0.46 -0.53 -0.53 1.20 0.09 1.62 -1.09 -0.28 -0.09 0.48 -0.62 0.17 -0.54 0.06 -0.77 0.52 -0.76 0.98 -0.75 -0.01 0.50 -0.77 0.00 0.00 0.00 0.00 0.00 -0.63 0.70 -0.03 -0.16 -0.92 0.06 0.10 -0.36 0.14 -0.49 0.35 -1.11 0.37 1.20 0.06 -0.43 -1.10 0.15 -0.76 -0.40 -0.48 0.52 0.40 -1.04 0.00 0.00 0.00 0.00 0.00 -0.07 -0.13 0.80 -0.11 -0.20 -0.16 1.40 -0.36 -1.95 -0.03 -0.62 -1.50 -1.19 1.53 -0.29 -1.13 -0.15 -0.25 1.12 0.06 -0.23 -0.94 -0.24 1.18 0.00 0.00 0.00 0.00 0.12 -0.84 -1.55 -0.08 -0.11 0.23 0.55 0.23 0.12 0.16 -1.31 -1.52 1.21 -0.83 0.40 1.23 1.64 -0.86 0.58 0.15 -0.49 -1.08 -2.05 0.22 0.84 0.00 0.00 0.00 0.00 0.18 0.50 0.79 0.40 0.65 0.64 0.78 -1.01 1.78 0.96 -1.07 -0.88 0.56 0.20 1.16 -0.21 -0.08 -0.20 -0.44 0.36 0.12 -1.18 -0.43 -0.30 1.65 0.00 0.00 0.00 0.00 -0.78 0.71 -0.24 0.80 0.32 -0.49 0.30 1.02 0.97 -0.36 -0.25 -0.62 0.24 1.27 1.27 0.19 -0.72 0.64 -1.17 -1.23 -0.13 1.11 0.26 -0.56 0.07 0.00 0.00 0.00 0.00 0.47 0.40 -0.23 0.42 1.09 -0.54 -0.36 0.14 0.27 0.48 1.25 -0.58 0.23 0.32 -0.04 0.50 -0.12 1.09 0.15 0.43 -0.49 0.14 -0.06 -1.35 0.18 0.00 0.00 0.00 0.00 0.80 -1.00 1.15 -0.35 -0.32 0.08 -0.56 -0.79 -0.24 0.64 -0.68 0.53 0.16 0.05 0.85 -0.79 -0.80 2.26 -0.19 -0.44 0.68 -0.14 0.87 0.07 -0.11 0.00 0.00 0.00 0.00 -0.42 -1.38 0.78 1.22 0.40 0.06 -0.39 -0.80 0.03 -0.11 0.49 0.53 -0.48 -0.36 0.03 0.53 -0.71 1.04 0.80 0.39 0.14 1.47 -1.09 1.82 0.86 0.00 0.00 0.00 0.00 -0.95 1.44 -0.66 1.13 2.62 1.02 -0.13 0.43 0.96 -0.19 0.34 -0.46 -0.38 -0.48 0.54 -0.81 0.26 0.15 -0.83 0.11 -0.68 -0.44 -0.31 -0.42 -0.80 0.00 0.00 0.00 0.00 -0.28 -0.59 0.31 -0.21 0.13 0.23 -0.36 0.22 0.19 -1.34 0.33 1.38 -0.53 -1.38 0.34 -1.03 -1.14 0.60 0.11 -0.31 0.21 1.55 0.87 0.70 -0.89 0.00 0.00 0.00 0.00 0.81 0.45 -0.02 1.62 0.25 -0.65 -0.91 -0.22 0.43 -0.85 -0.93 -0.45 -0.05 -0.41 -0.87 -0.65 0.71 0.27 0.94 0.77 0.29 0.82 0.60 -0.21 -0.17 -0.09 0.00 0.00 0.00 0.64 -0.33 -0.89 0.58 0.89 -1.28 0.56 1.00 0.04 -0.49 0.41 -1.11 1.26 0.20 -0.24 -0.49 -0.04 1.25 -0.25 0.58 0.07 0.16 -0.83 0.12 -0.05 -0.35 0.00 0.00 0.00 0.86 0.57 -0.16 -0.07 0.06 0.65 -1.28 -1.26 -0.13 -1.44 0.46 0.10 0.89 0.90 0.59 0.43 0.18 0.63 0.70 0.55 -0.02 0.89 0.75 0.74 -1.28 -0.72 0.00 0.00 0.00 0.42 1.36 -0.56 -0.04 -0.09 -0.48 0.57 0.35 -0.02 0.66 1.53 -0.73 -0.10 0.59 -0.05 -0.37 2.51 0.86 -0.46 -1.10 0.82 0.94 -0.01 0.90 -1.03 0.90 0.00 0.00 0.00 -1.35 1.05 0.46 0.33 -0.06 0.99 -1.01 -0.30 -0.68 0.32 0.68 0.51 -0.40 -0.33 -0.43 -0.41 0.25 1.85 -0.87 -1.30 -0.73 -1.27 0.93 0.55 1.28 -0.48 0.00 0.00 0.00 0.05 0.09 -2.36 0.31 0.48 0.86 -0.17 -1.52 -0.38 -0.48 0.01 0.96 0.47 -0.37 -1.82 0.12 -0.25 0.61 0.37 0.78 -0.10 -1.28 0.10 0.31 -0.17 -0.25 0.00 0.00 0.00 -0.36 1.15 0.71 0.87 -1.04 0.22 0.48 0.16 -1.81 0.43 1.65 1.41 -1.04 -0.56 0.06 -0.32 0.11 -0.42 0.70 -0.59 0.31 -0.89 -0.03 -0.37 0.08 -0.05 0.00 0.00 0.00 -0.29 0.05 2.09 0.24 0.47 -1.59 0.08 0.69 0.69 0.33 -0.13 0.98 -0.10 0.78 0.28 0.23 0.01 0.90 0.64 -0.29 -0.32 -0.36 -0.08 -0.49 -0.19 -0.46 0.00 0.00 0.00 -0.76 1.00 -1.46 -0.17 1.21 -1.42 0.84 -1.18 -0.06 -1.43 -0.23 -0.76 0.29 -0.20 0.39 0.30 -0.14 -0.48 0.88 0.94 0.09 1.63 -1.10 -0.55 0.30 0.00 0.00 0.00 0.00 -0.02 -0.55 0.52 0.71 0.47 0.61 -0.55 -1.43 -1.11 0.73 0.62 0.27 -0.07 0.12 -1.28 0.13 -0.93 -0.77 0.38 0.30 -1.03 0.57 -1.12 0.47 -0.57 0.00 0.00 0.00 0.00 -0.05 0.24 -0.75 0.57 0.76 0.55 0.08 0.63 -0.21 -0.68 0.87 -0.08 0.79 0.01 -0.56 0.22 -0.71 0.68 0.31 -0.16 -0.69 1.03 0.01 0.23 0.12 0.00 0.00 0.00 0.00 0.40 -0.10 -0.05 -0.23 -1.87 1.15 0.31 0.49 -0.24 1.20 0.14 -0.35 0.53 0.44 -0.13 0.87 -1.32 -0.21 0.78 0.31 0.37 -0.80 0.55 0.03 0.22 0.00 0.00 0.00 0.00 0.13 -0.28 -1.49 0.33 0.51 -0.74 1.17 0.51 -1.16 -0.40 -1.98 1.27 -0.33 0.36 -1.04 -0.19 -1.22 -1.66 -1.51 -0.96 -0.07 1.05 0.26 -0.36 0.62 0.00 0.00 0.00 0.00 0.39 0.09 0.00 1.06 0.27 -0.19 0.16 -0.19 0.53 0.43 -0.06 -0.42 0.13 0.57 0.58 -0.15 1.04 -0.13 0.27 0.09 -1.45 0.45 0.28 -0.25 -0.33 0.00 0.00 0.00 0.00 0.90 0.98 -0.76 -0.40 0.11 -0.34 -0.38 0.62 -0.41 0.91 0.59 1.35 -0.48 -0.10 -0.71 -0.53 1.43 0.46 0.59 1.02 0.46 2.82 0.04 -0.49 -0.50 0.00 0.00 0.00 0.00 0.49 -0.91 0.28 -1.05 -0.22 -0.51 -0.74 -1.67 -0.30 0.04 -0.52 0.79 -0.79 0.49 0.14 0.11 -1.58 0.09 0.41 0.88 0.00 0.01 0.20 -0.40 -0.82 0.00 0.00 0.00 0.00 -0.50 0.78 0.91 -1.35 -0.85 0.86 0.32 1.37 0.85 -0.29 0.99 0.78 -0.82 0.22 -0.09 0.57 -0.85 1.53 0.52 -0.51 -2.02 -0.36 -0.22 -0.07 0.31 0.00 0.00 0.00 0.00 -0.70 0.88 1.17 0.01 -0.10 0.26 -0.05 0.16 0.38 -0.62 -0.26 0.48 -1.52 0.14 -2.09 -0.57 0.16 -0.22 0.66 -0.38 0.93 1.21 1.24 0.43 1.63 0.00 0.00 0.00 0.00 0.00 -2.12 -0.52 -0.47 0.15 0.07 -0.37 -0.55 -1.85 -1.73 -0.44 0.90 0.69 -1.23 0.20 0.35 -2.14 0.09 -1.28 -0.39 0.58 0.07 -0.42 1.44 -1.32 0.00 0.00 0.00 0.00 0.00 -0.25 -0.43 0.22 0.48 -0.11 -1.52 -0.64 0.36 0.47 -0.56 1.20 -0.98 1.56 -0.90 0.68 -0.50 1.05 -1.36 -0.70 -0.13 -0.13 -0.75 0.09 1.37 0.00 0.00 0.00 0.00 0.00 0.20 -0.12 0.01 -0.62 0.74 0.21 -0.06 0.33 -0.81 -1.26 0.61 1.26 0.72 0.30 -0.69 1.04 -0.80 -1.57 -0.81 0.19 -1.17 -0.10 0.40 -2.03 0.00 0.00 0.00 0.00 0.00 -0.96 0.87 0.59 0.34 -0.08 -0.71 -1.85 -0.79 -0.70 0.17 0.82 0.18 -0.35 0.02 0.43 -0.55 -1.12 0.65 1.43 -1.91 -0.26 -0.21 -0.16 0.00 0.00 0.00 0.00 0.00 0.00 0.24 0.12 0.39 0.16 -1.07 -0.61 -0.25 -1.08 0.77 -0.43 -0.94 -0.83 0.79 -0.17 -0.13 0.62 -0.23 -0.71 -0.20 -0.13 -0.18 -0.38 -0.51 0.00 0.00 0.00 0.00 0.00 0.00 -0.07 -0.29 0.87 -1.86 0.84 -0.22 1.13 -0.08 0.76 0.14 0.74 1.37 -0.68 -0.46 -1.55 -0.98 -0.92 0.16 0.49 1.29 -0.05 0.48 0.35 0.00 0.00 0.00 0.00 0.00 0.00 0.30 0.67 1.70 0.36 0.80 -0.92 -0.52 0.16 -0.88 -0.48 -0.32 -0.31 -0.23 -0.81 1.07 -0.32 -0.95 0.44 0.78 0.60 -0.44 -0.12 -0.02 0.00 0.00 0.00 0.00 0.00 0.00 -0.18 -0.95 1.23 0.74 -0.48 1.02 0.07 0.79 -0.82 0.86 -0.66 -1.14 -0.44 -1.05 -1.06 -0.39 -0.56 -0.62 -0.68 -0.90 -0.90 0.06 -0.44 0.00 0.00 0.00 0.00 0.00 0.00 0.00 0.16 0.18 -0.28 -1.33 -0.14 -0.37 0.58 0.46 0.64 0.46 0.58 -0.92 -0.20 1.88 0.05 -1.93 -1.15 0.80 -0.12 -1.97 -0.08 0.32 0.00 0.00 0.00 0.00 0.00 0.00 0.00 -0.67 -0.53 -0.68 -0.48 0.34 -0.54 -1.20 -1.05 -0.21 1.33 1.22 -0.32 0.44 0.98 1.33 -0.61 -1.41 -0.43 0.57 -0.09 -1.26 -0.14 0.00 0.00 0.00 0.00 0.00 0.00 0.00 0.35 0.78 -0.42 -0.47 -0.63 0.28 0.14 0.89 1.12 0.27 0.47 0.56 0.03 0.01 0.04 -0.28 0.23 -0.83 0.57 0.40 0.27 0.00 0.00 0.00 0.00 0.00 0.00 0.00 0.00 0.09 -0.52 -0.44 -1.24 0.25 -0.64 0.63 0.06 0.02 1.44 1.09 0.66 -0.22 0.19 -0.76 0.86 -0.70 0.54 -0.14 -1.22 -0.08 0.00 0.00 0.00 0.00 0.00 0.00 0.00 0.00 1.86 -0.49 -1.00 -0.72 1.37 -0.67 0.00 0.66 -0.53 -0.34 1.37 0.56 -0.47 -0.51 -0.24 0.63 1.31 -1.04 0.23 0.06 -1.65 0.00 0.00 0.00 0.00 0.00 0.00 0.00 0.00 0.00 -0.40 0.90 0.74 -0.93 1.13 -0.09 -0.20 -0.62 0.77 0.59 0.36 -0.03 -0.28 0.33 -0.15 -1.17 -0.30 -0.05 0.27 0.34 0.00 0.00 0.00 0.00 0.00 0.00 0.00 0.00 0.00 -0.12 0.82 -1.41 -0.04 0.54 -0.20 1.11 0.48 -0.92 -0.71 -0.84 -1.87 -0.06 0.32 -0.17 -1.11 0.81 -0.37 -0.13 0.36 0.00 0.00 0.00 0.00 0.00 0.00 0.00 0.00 0.00 0.62 -0.30 0.95 1.76 0.63 -0.25 -0.12 -0.51 -0.40 0.38 -0.95 0.11 -2.39 -0.50 0.71 1.19 -0.13 -0.25 0.16 0.00 0.00 0.00 0.00 0.00 0.00 0.00 0.00 0.00 0.00 -1.95 -0.17 2.38 -1.10 -0.33 -0.29 -0.35 0.11 -0.19 0.59 -0.87 -0.23 -0.71 0.11 0.01 -0.25 -0.80 0.69 0.62 0.00 0.00 0.00 0.00 0.00 0.00 0.00 0.00 0.00 0.00 0.00 0.73 0.00 -0.87 0.84 0.33 -0.44 0.02 0.19 -0.56 0.52 1.01 -2.17 0.29 0.55 0.73 -0.94 0.72 -0.67 0.00 0.00 0.00 0.00 0.00 0.00 0.00 0.00 0.00 0.00 0.00 -0.14 0.35 -0.88 -0.01 -0.75 -0.33 -0.20 -0.38 0.22 -0.30 1.58 0.16 -0.21 1.77 0.50 -0.74 -0.51 0.66 0.00 0.00 0.00 0.00 0.00 0.00 0.00 0.00 0.00 0.00 0.00 -0.88 0.70 -0.26 -0.70 -0.33 -1.37 -1.66 0.81 0.18 0.47 -0.58 -0.94 0.87 0.99 0.11 0.49 -0.07 0.00 0.00 0.00 0.00 0.00 0.00 0.00 0.00 0.00 0.00 0.00 0.00 -0.27 0.89 -1.33 0.79 -2.20 -0.70 0.54 -0.39 0.76 -0.37 0.45 0.47 0.39 -1.23 -0.47 0.24 0.49 0.00 0.00 0.00 0.00 0.00 0.00 0.00 0.00 0.00 0.00 0.00 0.00 0.00 -0.75 1.37 0.54 1.16 0.89 0.37 -0.34 -0.64 -0.12 0.56 0.83 -0.37 0.45 0.50 -1.49 1.98 0.00 0.00 0.00 0.00 0.00 0.00 0.00 0.00 0.00 0.00 0.00 0.00 0.00 -2.17 -0.88 -0.06 -0.38 -0.62 0.04 -0.28 -0.01 0.02 0.14 0.03 0.14 0.63 -0.40 -0.22 0.00 0.00 0.00 0.00 0.00 0.00 0.00 0.00 0.00 0.00 0.00 0.00 0.00 0.00 0.10 0.50 0.80 0.53 -0.65 1.54 0.61 -1.11 -0.18 1.16 0.53 0.73 -1.58 0.65 -1.56 0.00 0.00 0.00 0.00 0.00 0.00 0.00 0.00 0.00 0.00 0.00 0.00 0.00 0.00 0.00 -0.88 -0.88 -0.61 -0.53 0.75 1.26 1.00 -0.82 0.81 -0.71 0.59 0.63 -1.32 0.53 0.00 0.00 0.00 0.00 0.00 0.00 0.00 0.00 0.00 0.00 0.00 0.00 0.00 0.00 0.00 0.48 0.30 -1.23 0.71 0.82 1.18 0.70 2.34 -0.60 0.68 0.98 -0.56 -0.15 0.00 0.00 0.00 0.00 0.00 0.00 0.00 0.00 0.00 0.00 0.00 0.00 0.00 0.00 0.00 0.00 0.00 -0.05 -1.24 0.32 1.32 0.19 -0.00 0.73 -0.07 -0.20 0.73 -0.99 -0.48 0.00 0.00 0.00 0.00 0.00 0.00 0.00 0.00 0.00 0.00 0.00 0.00 0.00 0.00 0.00 0.00 0.00 0.64 0.16 -1.57 0.85 0.87 -1.37 -0.38 -0.92 0.82 -1.73 -0.72 0.00 0.00 0.00 0.00 0.00 0.00 0.00 0.00 0.00 0.00 0.00 0.00 0.00 0.00 0.00 0.00 0.00 0.00 0.00 0.09 -0.55 -0.24 -0.63 0.09 0.31 -0.37 -0.35 0.12 0.31 0.00 0.00 0.00 0.00 0.00 0.00 0.00 0.00 0.00 0.00 0.00 0.00 0.00 0.00 0.00 0.00 0.00 0.00 0.00 0.25 0.27 -1.06 0.09 -1.08 -0.01 -0.20 -0.18 0.45 0.00 0.00 0.00 0.00 0.00 0.00 0.00 0.00 0.00 0.00 0.00 0.00 0.00 0.00 0.00 0.00 0.00 0.00 0.00 0.00 0.00 -0.68 -1.23 1.17 0.25 -1.21 0.08 -0.13 0.00 0.00 0.00 0.00 0.00 0.00 0.00 0.00 0.00 0.00 0.00 0.00 0.00 0.00 0.00 0.00 0.00 0.00 0.00 0.00 0.00 0.00 0.00 0.43 0.22 0.42 -1.50 0.42 0.00 0.00 0.00 0.00 0.00 0.00 0.00 0.00 0.00 0.00 0.00 0.00 0.00 0.00 0.00 0.00 0.00 0.00 0.00 0.00 0.00 0.00 0.00 0.00 0.00 0.00 0.00 0.00 0.00 0.00 0.00 0.00 0.00 0.00 0.00 0.00 0.00 0.00 0.00 0.00 0.00
rain_type.data=0 0 0 0 0 0 0 0 0 0 0 0 0 0 0 0 0 0 0 0 0 0 0 0 0 0 0 0 0 0 0 0 0 0 0 0 0 0 0 0 0 0 0 1 1 0 0 0 0 0 0 0 0 0 0 0 0 0 0 0 0 0 0 0 0 0 0 0 0 1 1 1 1 1 1 1 0 0 0 0 0 0 0 0 0 0 0 0 0 0 0 0 0 0 0 0 0 1 1 1 1 1 1 1 1 1 0 0 0 0 0 0 0 0 0 0 0 0 0 0 0 0 0 0 0 1 1 1 1 1 1 1 1 1 1 1 0 0 0 0 0 0 0 0 0 0 0 0 0 0 0 0 0 0 1 2 2 1 1 1 1 1 1 1 1 1 0 0 0 0 0 0 0 0 0 0 0 0 0 0 0 0 2 2 2 2 2 1 1 1 1 1 1 1 1 1 0 0 0 0 0 0 0 0 0 0 0 0 0 0 2 2 2 2 2 2 2 1 1 1 1 1 1 1 1 0 0 0 0 0 0 0 0 0 0 0 0 0 0 2 2 2 2 2 2 2 2 1 1 1 1 1 1 1 1 0 0 0 0 0 0 0 0 0 0 0 0 2 2 2 2 2 2 2 2 2 1 1 1 1 1 1 1 1 0 0 0 0 0 0 0 0 0 0 0 0 2 2 2 2 2 2 2 2 2 2 1 1 1 1 1 1 1 0 0 0 0 0 0 0 0 0 0 0 0 2 2 2 2 2 2 2 2 2 2 1 1 1 1 1 1 1 1 0 0 0 0 0 0 0 0 0 0 2 2 2 2 2 2 2 2 2 2 2 1 1 1 1 1 1 1 1 0 0 0 0 0 0 0 0 0 0 2 2 2 2 2 2 2 2 2 2 2 2 1 1 1 1 1 1 1 1 0 0 0 0 0 0 0 0 0 2 2 2 2 2 2 2 2 2 2 2 2 1 1 1 1 1 1 1 1 0 0 0 0 0 0 0 0 1 2 2 2 2 2 2 2 2 2 2 2 2 1 1 1 1 1 1 1 1 0 0 0 0 0 0 0 0 2 2 2 2 2 2 2 2 2 2 2 2 2 1 1 1 1 1 1 1 1 0 0 0 0 0 0 0 0 2 2 2 2 2 2 2 2 2 2 2 2 2 1 1 1 1 1 1 1 1 1 0 0 0 0 0 0 0 2 2 2 2 2 2 2 2 2 2 2 2 2 1 1 1 1 1 1 1 1 1 0 0 0 0 0 0 1 2 2 2 2 2 2 2 2 2 2 2 2 2 2 1 1 1 1 1 1 1 1 0 0 0 0 0 0 1 2 2 2 2 2 2 2 2 2 2 2 2 2 2 1 1 1 1 1 1 1 1 0 0 0 0 0 0 1 2 2 2 2 2 2 2 2 2 2 2 2 2 2 1 1 1 1 1 1 1 1 0 0 0 0 0 0 1 2 2 2 2 2 2 2 2 2 2 2 2 2 2 1 1 1 1 1 1 1 1 0 0 0 0 0 0 1 2 2 2 2 2 2 2 2 2 2 2 2 2 2 1 1 1 1 1 1 1 1 1 0 0 0 0 0 1 2 2 2 2 2 2 2 2 2 2 2 2 2 2 1 1 1 1 1 1 1 1 1 0 0 0 0 0 1 2 2 2 2 2 2 2 2 2 2 2 2 2 2 1 1 1 1 1 1 1 1 1 0 0 0 0 1 1 2 2 2 2 2 2 2 2 2 2 2 2 2 2 1 1 1 1 1 1 1 1 1 0 0 0 0 1 1 2 2 2 2 2 2 2 2 2 2 2 2 2 2 1 1 1 1 1 1 1 1 1 0 0 0 0 1 1 2 2 2 2 2 2 2 2 2 2 2 2 2 2 1 1 1 1 1 1 1 1 1 0 0 0 0 1 1 2 2 2 2 2 2 2 2 2 2 2 2 2 2 1 1 1 1 1 1 1 1 1 0 0 0 0 1 1 2 2 2 2 2 2 2 2 2 2 2 2 2 2 1 1 1 1 1 1 1 1 1 0 0 0 0 1 1 2 2 2 2 2 2 2 2 2 2 2 2 2 1 1 1 1 1 1 1 1 1 1 0 0 0 0 1 1 2 2 2 2 2 2 2 2 2 2 2 2 2 1 1 1 1 1 1 1 1 1 1 0 0 0 0 1 1 2 2 2 2 2 2 2 2 2 2 2 2 2 1 1 1 1 1 1 1 1 1 1 0 0 0 0 1 1 1 2 2 2 2 2 2 2 2 2 2 2 2 1 1 1 1 1 1 1 1 1 1 1 0 0 0 1 1 1 2 2 2 2 2 2 2 2 2 2 2 2 1 1 1 1 1 1 1 1 1 1 1 0 0 0 1 1 1 2 2 2 2 2 2 2 2 2 2 2 2 1 1 1 1 1 1 1 1 1 1 1 0 0 0 1 1 1 2 2 2 2 2 2 2 2 2 2 2 1 1 1 1 1 1 1 1 1 1 1 1 0 0 0 1 1 1 2 2 2 2 2 2 2 2 2 2 2 1 1 1 1 1 1 1 1 1 1 1 1 0 0 0 1 1 1 1 2 2 2 2 2 2 2 2 2 2 1 1 1 1 1 1 1 1 1 1 1 1 0 0 0 1 1 1 1 2 2 2 2 2 2 2 2 2 2 1 1 1 1 1 1 1 1 1 1 1 1 0 0 0 1 1 1 1 2 2 2 2 2 2 2 2 2 1 1 1 1 1 1 1 1 1 1 1 1 1 0 0 0 1 1 1 1 1 2 2 2 2 2 2 2 2 1 1 1 1 1 1 1 1 1 1 1 1 0 0 0 0 1 1 1 1 1 2 2 2 2 2 2 2 1 1 1 1 1 1 1 1 1 1 1 1 1 0 0 0 0 1 1 1 1 1 1 2 2 2 2 2 2 1 1 1 1 1 1 1 1 1 1 1 1 1 0 0 0 0 1 1 1 1 1 1 2 2 2 2 2 1 1 1 1 1 1 1 1 1 1 1 1 1 1 0 0 0 0 1 1 1 1 1 1 1 1 2 2 1 1 1 1 1 1 1 1 1 1 1 1 1 1 1 0 0 0 0 1 1 1 1 1 1 1 1 1 1 1 1 1 1 1 1 1 1 1 1 1 1 1 1 1 0 0 0 0 1 1 1 1 1 1 1 1 1 1 1 1 1 1 1 1 1 1 1 1 1 1 1 1 1 0 0 0 0 1 1 1 1 1 1 1 1 1 1 1 1 1 1 1 1 1 1 1 1 1 1 1 1 1 0 0 0 0 1 1 1 1 1 1 1 1 1 1 1 1 1 1 1 1 1 1 1 1 1 1 1 1 1 0 0 0 0 1 1 1 1 1 1 1 1 1 1 1 1 1 1 1 1 1 1 1 1 1 1 1 1 1 0 0 0 0 0 1 1 1 1 1 1 1 1 1 1 1 1 1 1 1 1 1 1 1 1 1 1 1 1 0 0 0 0 0 1 1 1 1 1 1 1 1 1 1 1 1 1 1 1 1 1 1 1 1 1 1 1 1 0 0 0 0 0 1 1 1 1 1 1 1 1 1 1 1 1 1 1 1 1 1 1 1 1 1 1 1 1 0 0 0 0 0 1 1 1 1 1 1 1 1 1 1 1 1 1 1 1 1 1 1 1 1 1 1 1 0 0 0 0 0 0 1 1 1 1 1 1 1 1 1 1 1 1 1 1 1 1 1 1 1 1 1 1 1 0 0 0 0 0 0 1 1 1 1 1 1 1 1 1 1 1 1 1 1 1 1 1 1 1 1 1 1 1 0 0 0 0 0 0 1 1 1 1 1 1 1 1 1 1 1 1 1 1 1 1 1 1 1 1 1 1 1 0 0 0 0 0 0 1 1 1 1 1 1 1 1 1 1 1 1 1 1 1 1 1 1 1 1 1 1 1 0 0 0 0 0 0 0 1 1 1 1 1 1 1 1 1 1 1 1 1 1 1 1 1 1 1 1 1 1 0 0 0 0 0 0 0 1 1 1 1 1 1 1 1 1 1 1 1 1 1 1 1 1 1 1 1 1 1 0 0 0 0 0 0 0 1 1 1 1 1 1 1 1 1 1 1 1 1 1 1 1 1 1 1 1 1 0 0 0 0 0 0 0 0 1 1 1 1 1 1 1 1 1 1 1 1 1 1 1 1 1 1 1 1 1 0 0 0 0 0 0 0 0 1 1 1 1 1 1 1 1 1 1 1 1 1 1 1 1 1 1 1 1 1 0 0 0 0 0 0 0 0 0 1 1 1 1 1 1 1 1 1 1 1 1 1 1 1 1 1 1 1 1 0 0 0 0 0 0 0 0 0 1 1 1 1 1 1 1 1 1 1 1 1 1 1 1 1 1 1 1 1 0 0 0 0 0 0 0 0 0 1 1 1 1 1 1 1 1 1 1 1 1 1 1 1 1 1 1 1 0 0 0 0 0 0 0 0 0 0 1 1 1 1 1 1 1 1 1 1 1 1 1 1 1 1 1 1 1 0 0 0 0 0 0 0 0 0 0 0 1 1 1 1 1 1 1 1 1 1 1 1 1 1 1 1 1 1 0 0 0 0 0 0 0 0 0 0 0 1 1 1 1 1 1 1 1 1 1 1 1 1 1 1 1 1 1 0 0 0 0 0 0 0 0 0 0 0 1 1 1 1 1 1 1 1 1 1 1 1 1 1 1 1 1 0 0 0 0 0 0 0 0 0 0 0 0 1 1 1 1 1 1 1 1 1 1 1 1 1 1 1 1 1 0 0 0 0 0 0 0 0 0 0 0 0 0 1 1 1 1 1 1 1 1 1 1 1 1 1 1 1 1 0 0 0 0 0 0 0 0 0 0 0 0 0 1 1 1 1 1 1 1 1 1 1 1 1 1 1 1 0 0 0 0 0 0 0 0 0 0 0 0 0 0 1 1 1 1 1 1 1 1 1 1 1 1 1 1 1 0 0 0 0 0 0 0 0 0 0 0 0 0 0 0 1 1 1 1 1 1 1 1 1 1 1 1 1 1 0 0 0 0 0 0 0 0 0 0 0 0 0 0 0 1 1 1 1 1 1 1 1 1 1 1 1 1 0 0 0 0 0 0 0 0 0 0 0 0 0 0 0 0 0 1 1 1 1 1 1 1 1 1 1 1 1 0 0 0 0 0 0 0 0 0 0 0 0 0 0 0 0 0 1 1 1 1 1 1 1 1 1 1 1 0 0 0 0 0 0 0 0 0 0 0 0 0 0 0 0 0 0 0 1 1 1 1 1 1 1 1 1 1 0 0 0 0 0 0 0 0 0 0 0 0 0 0 0 0 0 0 0 1 1 1 1 1 1 1 1 1 0 0 0 0 0 0 0 0 0 0 0 0 0 0 0 0 0 0 0 0 0 1 1 1 1 1 1 1 0 0 0 0 0 0 0 0 0 0 0 0 0 0 0 0 0 0 0 0 0 0 0 1 1 1 1 1 0 0 0 0 0 0 0 0 0 0 0 0 0 0 0 0 0 0 0 0 0 0 0 0 0 0 0 0 0 0 0 0 0 0 0 0 0 0 0 0 0
estimated_attenuation.size=2465
estimated_attenuation.data=0.00 0.00 0.00 0.00 0.00 0.00 0.00 0.00 0.00 0.00 0.00 0.00 0.00 0.00 0.00 0.00 0.00 0.00 0.00 0.00 0.00 0.00 0.00 0.00 0.00 0.00 0.00 0.00 0.00 0.00 0.00 0.00 0.00 0.00 0.00 0.00 0.00 0.00 0.00 0.00 0.00 0.00 0.00 0.00 0.00 0.00 0.00 0.00 0.00 0.00 0.00 0.00 0.00 0.00 0.00 0.00 0.00 0.00 0.00 0.00 0.00 0.00 0.00 0.00 0.00 0.00 0.00 0.00 0.00 0.00 0.00 0.00 0.00 0.00 0.00 0.00 0.00 0.00 0.00 0.00 0.00 0.00 0.00 0.00 0.00 0.00 0.00 0.00 0.00 0.00 0.00 0.00 0.00 0.00 0.00 0.00 0.00 0.00 0.00 0.00 0.00 0.00 0.00 0.00 0.00 0.00 0.00 0.00 0.00 0.00 0.00 0.00 0.00 0.00 0.00 0.00 0.00 0.00 0.00 0.00 0.00 0.00 0.00 0.00 0.00 0.00 0.00 0.00 0.00 0.00 0.00 0.00 0.00 0.00 0.00 0.00 0.00 0.00 0.00 0.00 0.00 0.00 0.00 0.00 0.00 0.00 0.00 0.00 0.00 0.00 0.00 0.00 0.00 0.00 0.00 0.00 0.00 0.00 0.00 0.00 0.00 0.00 0.00 0.00 0.00 0.00 0.00 0.00 0.00 0.00 0.00 0.00 0.00 0.00 0.00 0.00 0.00 0.00 0.00 0.00 0.00 0.00 0.00 0.00 0.00 0.00 0.00 0.00 0.00 0.00 0.00 0.00 0.00 0.00 0.00 0.00 0.00 0.00 0.00 0.00 0.00 0.00 0.00 0.00 0.00 0.00 0.00 0.00 0.00 0.00 0.00 0.00 0.00 0.00 0.00 0.00 0.00 0.00 0.00 0.00 0.00 0.00 0.00 0.00 0.00 0.00 0.00 0.00 0.00 0.00 0.00 0.00 0.00 0.00 0.00 0.00 0.00 0.00 0.00 0.00 0.00 0.00 0.00 0.00 0.00 0.00 0.00 0.00 0.00 0.00 0.00 0.00 0.00 0.00 0.00 0.00 0.00 0.00 0.00 0.00 0.00 0.00 0.00 0.00 0.00 0.00 0.00 0.00 0.00 0.00 0.00 0.00 0.00 0.00 0.00 0.00 0.00 0.00 0.00 0.00 0.00 0.00 0.00 0.00 0.00 0.00 0.00 0.00 0.00 0.00 0.00 0.00 0.00 0.00 0.00 0.00 0.00 0.00 0.00 0.00 0.00 0.00 0.00 0.00 0.00 0.00 0.00 0.00 0.00 0.00 0.00 0.00 0.00 0.00 0.00 0.00 0.00 0.00 0.00 0.00 0.00 0.00 0.00 0.00 0.00 0.00 0.00 0.00 0.00 0.00 0.00 0.00 0.00 0.00 0.00 0.00 0.00 0.00 0.00 0.00 0.00 0.00 0.00 0.00 0.00 0.00 0.00 0.00 0.00 0.00 0.00 0.00 0.00 0.00 0.00 0.00 0.00 0.00 0.00 0.00 0.00 0.00 0.00 0.00 0.00 0.00 0.00 0.00 0.00 0.00 0.00 0.00 0.00 0.00 0.00 0.00 0.00 0.00 0.00 0.00 0.00 0.00 0.00 0.00 0.00 0.00 0.00 0.00 0.00 0.00 0.00 0.00 0.00 0.00 0.00 0.00 0.00 0.00 0.00 0.00 0.00 0.00 0.00 0.00 0.00 0.00 0.00 0.00 0.00 0.00 0.00 0.00 0.00 0.00 0.00 0.00 0.00 0.00 0.00 0.00 0.00 0.00 0.00 0.00 0.00 0.00 0.00 0.00 0.00 0.00 0.00 0.00 0.00 0.00 0.00 0.00 0.00 0.00 0.00 0.00 0.00 0.00 0.00 0.00 0.00 0.00 0.00 0.00 0.00 0.00 0.00 0.00 0.00 0.00 0.00 0.00 0.00 0.00 0.00 0.00 0.00 0.00 0.00 0.00 0.00 0.00 0.00 0.00 0.00 0.00 0.00 0.00 0.00 0.00 0.00 0.00 0.00 0.00 0.00 0.00 0.00 0.00 0.00 0.00 0.00 0.00 0.00 0.00 0.00 0.00 0.00 0.00 0.00 0.00 0.00 0.00 0.00 0.00 0.00 0.00 0.00 0.00 0.00 0.00 0.00 0.00 0.00 0.00 0.00 0.00 0.00 0.00 0.00 0.00 0.00 0.00 0.00 0.00 0.00 0.00 0.00 0.00 0.00 0.00 0.00 0.00 0.00 0.00 0.00 0.00 0.00 0.00 0.00 0.00 0.00 0.00 0.00 0.00 0.00 0.00 0.00 0.00 0.00 0.00 0.00 0.00 0.00 0.00 0.00 0.00 0.00 0.00 0.00 0.00 0.00 0.00 0.00 0.00 0.00 0.00 0.00 0.00 0.00 0.00 0.00 0.00 0.00 0.00 0.00 0.00 0.00 0.00 0.00 0.00 0.00 0.00 0.00 0.00 0.00 0.00 0.00 0.00 0.00 0.00 0.00 0.00 0.00 0.00 0.00 0.00 0.00 0.00 0.00 0.00 0.00 0.00 0.00 0.00 0.00 0.00 0.00 0.00 0.00 0.00 0.00 0.00 0.00 0.00 0.00 0.00 0.00 0.00 0.00 0.00 0.00 0.00 0.00 0.00 0.00 0.00 0.00 0.00 0.00 0.00 0.00 0.00 0.00 0.00 0.00 0.00 0.00 0.00 0.00 0.00 0.00 0.00 0.00 0.00 0.00 0.00 0.00 0.00 0.00 0.00 0.00 0.00 0.00 0.00 0.00 0.00 0.00 0.00 0.00 0.00 0.00 0.00 0.00 0.00 0.00 0.00 0.00 0.00 0.00 0.00 0.00 0.00 0.00 0.00 0.00 0.00 0.00 0.00 0.00 0.00 0.00 0.00 0.00 0.00 0.00 0.00 0.00 0.00 0.00 0.00 0.00 0.00 0.00 0.00 0.00 0.00 0.00 0.00 0.00 0.00 0.00 0.00 0.00 0.00 0.00 0.00 0.00 0.00 0.00 0.00 0.00 0.00 0.00 0.00 0.00 0.00 0.00 0.00 0.00 0.00 0.00 0.00 0.00 0.00 0.00 0.00 0.00 0.00 0.00 0.00 0.00 0.00 0.00 0.00 0.00 0.00 0.00 0.00 0.00 0.00 0.00 0.00 0.00 0.00 0.00 0.00 0.00 0.00 0.00 0.00 0.00 0.00 0.00 0.00 0.00 0.00 0.00 0.00 0.00 0.00 0.00 0.00 0.00 0.00 0.00 0.00 0.00 0.00 0.00 0.00 0.00 0.00 0.00 0.00 0.00 0.00 0.00 0.00 0.00 0.00 0.00 0.00 0.00 0.00 0.00 0.00 0.00 0.00 0.00 0.00 0.00 0.00 0.00 0.00 0.00 0.00 0.00 0.00 0.00 0.00 0.00 0.00 0.00 0.00 0.00 0.00 0.00 0.00 0.00 0.00 0.00 0.00 0.00 0.00 0.00 0.00 0.00 0.00 0.00 0.00 0.00 0.00 0.00 0.00 0.00 0.00 0.00 0.00 0.00 0.00 0.00 0.00 0.00 0.00 0.00 0.00 0.00 0.00 0.00 0.00 0.00 0.00 0.00 0.00 0.00 0.00 0.00 0.00 0.00 0.00 0.00 0.00 0.00 0.00 0.00 0.00 0.00 0.00 0.00 0.00 0.00 0.00 0.00 0.00 0.00 0.00 0.00 0.00 0.00 0.00 0.00 0.00 0.00 0.00 0.00 0.00 0.00 0.00 0.00 0.00 0.00 0.00 0.00 0.00 0.00 0.00 0.00 0.00 0.00 0.00 0.00 0.00 0.00 0.00 0.00 0.00 0.00 0.00 0.00 0.00 0.00 0.00 0.00 0.00 0.00 0.00 0.00 0.00 0.00 0.00 0.00 0.00 0.00 0.00 0.00 0.00 0.00 0.00 0.00 0.00 0.00 0.00 0.00 0.00 0.00 0.00 0.00 0.00 0.00 0.00 0.00 0.00 0.00 0.00 0.00 0.00 0.00 0.00 0.00 0.00 0.00 0.00 0.00 0.00 0.00 0.00 0.00 0.00 0.00 0.00 0.00 0.00 0.00 0.00 0.00 0.00 0.00 0.00 0.00 0.00 0.00 0.00 0.00 0.00 0.00 0.00 0.00 0.00 0.00 0.00 0.00 0.00 0.00 0.00 0.00 0.00 0.00 0.00 0.00 0.00 0.00 0.00 0.00 0.00 0.00 0.00 0.00 0.00 0.00 0.00 0.00 0.00 0.00 0.00 0.00 0.00 0.00 0.00 0.00 0.00 0.00 0.00 0.00 0.00 0.00 0.00 0.00 0.00 0.00 0.00 0.00 0.00 0.00 0.00 0.00 0.00 0.00 0.00 0.00 0.00 0.00 0.00 0.00 0.00 0.00 0.00 0.00 0.00 0.00 0.00 0.00 0.00 0.00 0.00 0.00 0.00 0.00 0.00 0.00 0.00 0.00 0.00 0.00 0.00 0.00 0.00 0.00 0.00 0.00 0.00 0.00 0.00 0.00 0.00 0.00 0.00 0.00 0.00 0.00 0.00 0.00 0.00 0.00 0.00 0.00 0.00 0.00 0.00 0.00 0.00 0.00 0.00 0.00 0.00 0.00 0.00 0.00 0.00 0.00 0.00 0.00 0.00 0.00 0.00 0.00 0.00 0.00 0.00 0.00 0.00 0.00 0.00 0.00 0.00 0.00 0.00 0.00 0.00 0.00 0.00 0.00 0.00 0.00 0.00 0.00 0.00 0.00 0.00 0.00 0.00 0.00 0.00 0.00 0.00 0.00 0.00 0.00 0.00 0.00 0.00 0.00 0.00 0.00 0.00 0.00 0.00 0.00 0.00 0.00 0.00 0.00 0.00 0.00 0.00 0.00 0.00 0.00 0.00 0.00 0.00 0.00 0.00 0.00 0.00 0.00 0.00 0.00 0.00 0.00 0.00 0.00 0.00 0.00 0.00 0.00 0.00 0.00 0.00 0.00 0.00 0.00 0.00 0.00 0.00 0.00 0.00 0.00 0.00 0.00 0.00 0.00 0.00 0.00 0.00 0.00 0.00 0.00 0.00 0.00 0.00 0.00 0.00 0.00 0.00 0.00 0.00 0.00 0.00 0.00 0.00 0.00 0.00 0.00 0.00 0.00 0.00 0.00 0.00 0.00 0.00 0.00 0.00 0.00 0.00 0.00 0.00 0.00 0.00 0.00 0.00 0.00 0.00 0.00 0.00 0.00 0.00 0.00 0.00 0.00 0.00 0.00 0.00 0.00 0.00 0.00 0.00 0.00 0.00 0.00 0.00 0.00 0.00 0.00 0.00 0.00 0.00 0.00 0.00 0.00 0.00 0.00 0.00 0.00 0.00 0.00 0.00 0.00 0.00 0.00 0.00 0.00 0.00 0.00 0.00 0.00 0.00 0.00 0.00 0.00 0.00 0.00 0.00 0.00 0.00 0.00 0.00 0.00 0.00 0.00 0.00 0.00 0.00 0.00 0.00 0.00 0.00 0.00 0.00 0.00 0.00 0.00 0.00 0.00 0.00 0.00 0.00 0.00 0.00 0.00 0.00 0.00 0.00 0.00 0.00 0.00 0.00 0.00 0.00 0.00 0.00 0.00 0.00 0.00 0.00 0.00 0.00 0.00 0.00 0.00 0.00 0.00 0.00 0.00 0.00 0.00 0.00 0.00 0.00 0.00 0.00 0.00 0.00 0.00 0.00 0.00 0.00 0.00 0.00 0.00 0.00 0.00 0.00 0.00 0.00 0.00 0.00 0.00 0.00 0.00 0.00 0.00 0.00 0.00 0.00 0.00 0.00 0.00 0.00 0.00 0.00 0.00 0.00 0.00 0.00 0.00 0.00 0.00 0.00 0.00 0.00 0.00 0.00 0.00 0.00 0.00 0.00 0.00 0.00 0.00 0.00 0.00 0.00 0.00 0.00 0.00 0.00 0.00 0.00 0.00 0.00 0.00 0.00 0.00 0.00 0.00 0.00 0.00 0.00 0.00 0.00 0.00 0.00 0.00 0.00 0.00 0.00 0.00 0.00 0.00 0.00 0.00 0.00 0.00 0.00 0.00 0.00 0.00 0.00 0.00 0.00 0.00 0.00 0.00 0.00 0.00 0.00 0.00 0.00 0.00 0.00 0.00 0.00 0.00 0.00 0.00 0.00 0.00 0.00 0.00 0.00 0.00 0.00 0.00 0.00 0.00 0.00 0.00 0.00 0.00 0.00 0.00 0.00 0.00 0.00 0.00 0.00 0.00 0.00 0.00 0.00 0.00 0.00 0.00 0.00 0.00 0.00 0.00 0.00 0.00 0.00 0.00 0.00 0.00 0.00 0.00 0.00 0.00 0.00 0.00 0.00 0.00 0.00 0.00 0.00 0.00 0.00 0.00 0.00 0.00 0.00 0.00 0.00 0.00 0.00 0.00 0.00 0.00 0.00 0.00 0.00 0.00 0.00 0.00 0.00 0.00 0.00 0.00 0.00 0.00 0.00 0.00 0.00 0.00 0.00 0.00 0.00 0.00 0.00 0.00 0.00 0.00 0.00 0.00 0.00 0.00 0.00 0.00 0.00 0.00 0.00 0.00 0.00 0.00 0.00 0.00 0.00 0.00 0.00 0.00 0.00 0.00 0.00 0.00 0.00 0.00 0.00 0.00 0.00 0.00 0.00 0.00 0.00 0.00 0.00 0.00 0.00 0.00 0.00 0.00 0.00 0.00 0.00 0.00 0.00 0.00 0.00 0.00 0.00 0.00 0.00 0.00 0.00 0.00 0.00 0.00 0.00 0.00 0.00 0.00 0.00 0.00 0.00 0.00 0.00 0.00 0.00 0.00 0.00 0.00 0.00 0.00 0.00 0.00 0.00 0.00 0.00 0.00 0.00 0.00 0.00 0.00 0.00 0.00 0.00 0.00 0.00 0.00 0.00 0.00 0.00 0.00 0.00 0.00 0.00 0.00 0.00 0.00 0.00 0.00 0.00 0.00 0.00 0.00 0.00 0.00 0.00 0.00 0.00 0.00 0.00 0.00 0.00 0.00 0.00 0.00 0.00 0.00 0.00 0.00 0.00 0.00 0.00 0.00 0.00 0.00 0.00 0.00 0.00 0.00 0.00 0.00 0.00 0.00 0.00 0.00 0.00 0.00 0.00 0.00 0.00 0.00 0.00 0.00 0.00 0.00 0.00 0.00 0.00 0.00 0.00 0.00 0.00 0.00 0.00 0.00 0.00 0.00 0.00 0.00 0.00 0.00 0.00 0.00 0.00 0.00 0.00 0.00 0.00 0.00 0.00 0.00 0.00 0.00 0.00 0.00 0.00 0.00 0.00 0.00 0.00 0.00 0.00 0.00 0.00 0.00 0.00 0.00 0.00 0.00 0.00 0.00 0.00 0.00 0.00 0.00 0.00 0.00 0.00 0.00 0.00 0.00 0.00 0.00 0.00 0.00 0.00 0.00 0.00 0.00 0.00 0.00 0.00 0.00 0.00 0.00 0.00 0.00 0.00 0.00 0.00 0.00 0.00 0.00 0.00 0.00 0.00 0.00 0.00 0.00 0.00 0.00 0.00 0.00 0.00 0.00 0.00 0.00 0.00 0.00 0.00 0.00 0.00 0.00 0.00 0.00 0.00 0.00 0.00 0.00 0.00 0.00 0.00 0.00 0.00 0.00 0.00 0.00 0.00 0.00 0.00 0.00 0.00 0.00 0.00 0.00 0.00 0.00 0.00 0.00 0.00 0.00 0.00 0.00 0.00 0.00 0.00 0.00 0.00 0.00 0.00 0.00 0.00 0.00 0.00 0.00 0.00 0.00 0.00 0.00 0.00 0.00 0.00 0.00 0.00 0.00 0.00 0.00 0.00 0.00 0.00 0.00 0.00 0.00 0.00 0.00 0.00 0.00 0.00 0.00 0.00 0.00 0.00 0.00 0.00 0.00 0.00 0.00 0.00 0.00 0.00 0.00 0.00 0.00 0.00 0.00 0.00 0.00 0.00 0.00 0.00 0.00 0.00 0.00 0.00 0.00 0.00 0.00 0.00 0.00 0.00 0.00 0.00 0.00 0.00 0.00 0.00 0.00 0.00 0.00 0.00 0.00 0.00 0.00 0.00 0.00 0.00 0.00 0.00 0.00 0.00 0.00 0.00 0.00 0.00 0.00 0.00 0.00 0.00 0.00 0.00 0.00 0.00 0.00 0.00 0.00 0.00 0.00 0.00 0.00 0.00 0.00 0.00 0.00 0.00 0.00 0.00 0.00 0.00 0.00 0.00 0.00 0.00 0.00 0.00 0.00 0.00 0.00 0.00 0.00 0.00 0.00 0.00 0.00 0.00 0.00 0.00 0.00 0.00 0.00 0.00 0.00 0.00 0.00 0.00 0.00 0.00 0.00 0.00 0.00 0.00 0.00 0.00 0.00 0.00 0.00 0.00 0.00 0.00 0.00 0.00 0.00 0.00 0.00 0.00 0.00 0.00 0.00 0.00 0.00 0.00 0.00 0.00 0.00 0.00 0.00 0.00 0.00 0.00 0.00 0.00 0.00 0.00 0.00 0.00 0.00 0.00 0.00 0.00 0.00 0.00 0.00 0.00 0.00 0.00 0.00 0.00 0.00 0.00 0.00 0.00 0.00 0.00 0.00 0.00 0.00 0.00 0.00 0.00 0.00 0.00 0.00 0.00 0.00 0.00 0.00 0.00 0.00 0.00 0.00 0.00 0.00 0.00 0.00 0.00 0.00 0.00 0.00 0.00 0.00 0.00 0.00 0.00 0.00 0.00 0.00 0.00 0.00 0.00 0.00 0.00 0.00 0.00 0.00 0.00 0.00 0.00 0.00 0.00 0.00 0.00 0.00 0.00 0.00 0.00 0.00 0.00 0.00 0.00 0.00 0.00 0.00 0.00 0.00 0.00 0.00 0.00 0.00 0.00 0.00 0.00 0.00 0.00 0.00 0.00 0.00 0.00 0.00 0.00 0.00 0.00 0.00 0.00 0.00 0.00 0.00 0.00 0.00 0.00 0.00 0.00 0.00 0.00 0.00 0.00 0.00 0.00 0.00 0.00 0.00 0.00 0.00 0.00 0.00 0.00 0.00 0.00 0.00 0.00 0.00 0.00 0.00 0.00 0.00 0.00 0.00 0.00 0.00 0.00 0.00 0.00 0.00 0.00 0.00 0.00 0.00 0.00 0.00 0.00 0.00 0.00 0.00 0.00 0.00 0.00 0.00 0.00 0.00 0.00 0.00 0.00 0.00 0.00 0.00 0.00 0.00 0.00 0.00 0.00 0.00 0.00 0.00 0.00 0.00 0.00 0.00 0.00 0.00 0.00 0.00 0.00 0.00 0.00 0.00 0.00 0.00 0.00 0.00 0.00 0.00 0.00 0.00 0.00 0.00 0.00 0.00 0.00 0.00 0.00 0.00 0.00 0.00 0.00 0.00 0.00 0.00 0.00 0.00 0.00 0.00 0.00 0.00 0.00 0.00 0.00 0.00 0.00 0.00 0.00 0.00 0.00 0.00 0.00 0.00 0.00 0.00 0.00 0.00 0.00 0.00 0.00 0.00 0.00 0.00 0.00 0.00 0.00 0.00 0.00 0.00 0.00 0.00 0.00 0.00 0.00 0.00 0.00 0.00 0.00 0.00 0.00 0.00 0.00 0.00 0.00 0.00 0.00 0.00 0.00 0.00 0.00 0.00 0.00 0.00 0.00 0.00 0.00 0.00 0.00 0.00 0.00 0.00 0.00 0.00 0.00 0.00 0.00 0.00 0.00 0.00 0.00 0.00 0.00 0.00 0.00 0.00 0.00 0.00 0.00 0.00 0.00 0.00 0.00 0.00 0.00 0.00 0.00 0.00 0.00 0.00 0.00 0.00 0.00 0.00 0.00 0.00 0.00 0.00 0.00 0.00 0.00 0.00 0.00 0.00 0.00 0.00 0.00 0.00 0.00 0.00 0.00 0.00 0.00 0.00 0.00 0.00 0.00 0.00 0.00 0.00 0.00 0.00 0.00 0.00 0.00 0.00 0.00 0.00 0.00 0.00 0.00 0.00 0.00 0.00 0.00 0.00 0.00 0.00 0.00 0.00 0.00 0.00 0.00 0.00 0.00 0.00 0.00 0.00 0.00 0.00 0.00 0.00 0.00 0.00 0.00 0.00 0.00 0.00 0.00 0.00 0.00 0.00 0.00 0.00 0.00 0.00 0.00 0.00 0.00 0.00 0.00 0.00 0.00 0.00 0.00 0.00 0.00 0.00 0.00 0.00 0.00 0.00 0.00 0.00 0.00 0.00 0.00 0.00 0.00 0.00 0.00 0.00 0.00 0.00 0.00 0.00 0.00 0.00 0.00 0.00 0.00 0.00 0.00 0.00 0.00 0.00 0.00 0.00 0.00 0.00 0.00 0.00 0.00 0.00 0.00 0.00 0.00 0.00 0.00 0.00 0.00 0.00 0.00 0.00 0.00 0.00 0.00 0.00 0.00 0.00 0.00 0.00 0.00 0.00 0.00 0.00 0.00 0.00 0.00 0.00 0.00 0.00 0.00 0.00 0.00 0.00 0.00 0.00 0.00 0.00 0.00 0.00 0.00 0.00 0.00 0.00 0.00 0.00 0.00 0.00 0.00 0.00 0.00 0.00 0.00 0.00 0.00 0.00 0.00 0.00 0.00 0.00 0.00 0.00 0.00 0.00 0.00 0.00 0.00 0.00 0.00 0.00 0.00 0.00 0.00 0.00 0.00 0.00 0.00 0.00 0.00 0.00 0.00 0.00 0.00 0.00 0.00 0.00 0.00 0.00 0.00 0.00
height.size=2465
height.data=9388.58 9388.58 9388.58 9388.58 9388.58 9388.58 9388.58 9388.58 9388.58 9388.58 9388.58 9388.58 9388.58 9388.58 9388.58 9388.58 9388.58 9388.58 9388.58 9388.58 9388.58 9388.58 9388.58 9388.58 9388.58 9388.58 9388.58 9388.58 9388.58 9454.28 9454.28 9454.28 9454.28 9454.28 9454.28 9454.28 9454.28 9454.28 9454.28 9454.28 9454.28 9454.28 9454.28 9454.28 9454.28 9454.28 9454.28 9454.28 9454.28 9454.28 9454.28 9454.28 9454.28 9454.28 9454.28 9454.28 9454.28 9454.28 9519.98 9519.98 9519.98 9519.98 9519.98 9519.98 9519.98 9519.98 9519.98 9519.98 9519.98 9519.98 9519.98 9519.98 9519.98 9519.98 9519.98 9519.98 9519.98 9519.98 9519.98 9519.98 9519.98 9519.98 9519.98 9519.98 9519.98 9519.98 9519.98 9585.69 9585.69 9585.69 9585.69 9585.69 9585.69 9585.69 9585.69 9585.69 9585.69 9585.69 9585.69 9585.69 9585.69 9585.69 9585.69 9585.69 9585.69 9585.69 9585.69 9585.69 9585.69 9585.69 9585.69 9585.69 9585.69 9585.69 9585.69 9585.69 9651.40 9651.40 9651.40 9651.40 9651.40 9651.40 9651.40 9651.40 9651.40 9651.40 9651.40 9651.40 9651.40 9651.40 9651.40 9651.40 9651.40 9651.40 9651.40 9651.40 9651.40 9651.40 9651.40 9651.40 9651.40 9651.40 9651.40 9651.40 9651.40 9717.12 9717.12 9717.12 9717.12 9717.12 9717.12 9717.12 9717.12 9717.12 9717.12 9717.12 9717.12 9717.12 9717.12 9717.12 9717.12 9717.12 9717.12 9717.12 9717.12 9717.12 9717.12 9717.12 9717.12 9717.12 9717.12 9717.12 9717.12 9717.12 9782.85 9782.85 9782.85 9782.85 9782.85 9782.85 9782.85 9782.85 9782.85 9782.85 9782.85 9782.85 9782.85 9782.85 9782.85 9782.85 9782.85 9782.85 9782.85 9782.85 9782.85 9782.85 9782.85 9782.85 9782.85 9782.85 9782.85 9782.85 9782.85 9848.59 9848.59 9848.59 9848.59 9848.59 9848.59 9848.59 9848.59 9848.59 9848.59 9848.59 9848.59 9848.59 9848.59 9848.59 9848.59 9848.59 9848.59 9848.59 9848.59 9848.59 9848.59 9848.59 9848.59 9848.59 9848.59 9848.59 9848.59 9848.59 9914.33 9914.33 9914.33 9914.33 9914.33 9914.33 9914.33 9914.33 9914.33 9914.33 9914.33 9914.33 9914.33 9914.33 9914.33 9914.33 9914.33 9914.33 9914.33 9914.33 9914.33 9914.33 9914.33 9914.33 9914.33 9914.33 9914.33 9914.33 9914.33 9980.08 9980.08 9980.08 9980.08 9980.08 9980.08 9980.08 9980.08 9980.08 9980.08 9980.08 9980.08 9980.08 9980.08 9980.08 9980.08 9980.08 9980.08 9980.08 9980.08 9980.08 9980.08 9980.08 9980.08 9980.08 9980.08 9980.08 9980.08 9980.08 10045.84 10045.84 10045.84 10045.84 10045.84 10045.84 10045.84 10045.84 10045.84 10045.84 10045.84 10045.84 10045.84 10045.84 10045.84 10045.84 10045.84 10045.84 10045.84 10045.84 10045.84 10045.84 10045.84 10045.84 10045.84 10045.84 10045.84 10045.84 10045.84 10111.60 10111.60 10111.60 10111.60 10111.60 10111.60 10111.60 10111.60 10111.60 10111.60 10111.60 10111.60 10111.60 10111.60 10111.60 10111.60 10111.60 10111.60 10111.60 10111.60 10111.60 10111.60 10111.60 10111.60 10111.60 10111.60 10111.60 10111.60 10111.60 10177.37 10177.37 10177.37 10177.37 10177.37 10177.37 10177.37 10177.37 10177.37 10177.37 10177.37 10177.37 10177.37 10177.37 10177.37 10177.37 10177.37 10177.37 10177.37 10177.37 10177.37 10177.37 10177.37 10177.37 10177.37 10177.37 10177.37 10177.37 10177.37 10243.15 10243.15 10243.15 10243.15 10243.15 10243.15 10243.15 10243.15 10243.15 10243.15 10243.15 10243.15 10243.15 10243.15 10243.15 10243.15 10243.15 10243.15 10243.15 10243.15 10243.15 10243.15 10243.15 10243.15 10243.15 10243.15 10243.15 10243.15 10243.15 10308.93 10308.93 10308.93 10308.93 10308.93 10308.93 10308.93 10308.93 10308.93 10308.93 10308.93 10308.93 10308.93 10308.93 10308.93 10308.93 10308.93 10308.93 10308.93 10308.93 10308.93 10308.93 10308.93 10308.93 10308.93 10308.93 10308.93 10308.93 10308.93 10374.72 10374.72 10374.72 10374.72 10374.72 10374.72 10374.72 10374.72 10374.72 10374.72 10374.72 10374.72 10374.72 10374.72 10374.72 10374.72 10374.72 10374.72 10374.72 10374.72 10374.72 10374.72 10374.72 10374.72 10374.72 10374.72 10374.72 10374.72 10374.72 10440.52 10440.52 10440.52 10440.52 10440.52 10440.52 10440.52 10440.52 10440.52 10440.52 10440.52 10440.52 10440.52 10440.52 10440.52 10440.52 10440.52 10440.52 10440.52 10440.52 10440.52 10440.52 10440.52 10440.52 10440.52 10440.52 10440.52 10440.52 10440.52 10506.33 10506.33 10506.33 10506.33 10506.33 10506.33 10506.33 10506.33 10506.33 10506.33 10506.33 10506.33 10506.33 10506.33 10506.33 10506.33 10506.33 10506.33 10506.33 10506.33 10506.33 10506.33 10506.33 10506.33 10506.33 10506.33 10506.33 10506.33 10506.33 10572.14 10572.14 10572.14 10572.14 10572.14 10572.14 10572.14 10572.14 10572.14 10572.14 10572.14 10572.14 10572.14 10572.14 10572.14 10572.14 10572.14 10572.14 10572.14 10572.14 10572.14 10572.14 10572.14 10572.14 10572.14 10572.14 10572.14 10572.14 10572.14 10637.96 10637.96 10637.96 10637.96 10637.96 10637.96 10637.96 10637.96 10637.96 10637.96 10637.96 10637.96 10637.96 10637.96 10637.96 10637.96 10637.96 10637.96 10637.96 10637.96 10637.96 10637.96 10637.96 10637.96 10637.96 10637.96 10637.96 10637.96 10637.96 10703.78 10703.78 10703.78 10703.78 10703.78 10703.78 10703.78 10703.78 10703.78 10703.78 10703.78 10703.78 10703.78 10703.78 10703.78 10703.78 10703.78 10703.78 10703.78 10703.78 10703.78 10703.78 10703.78 10703.78 10703.78 10703.78 10703.78 10703.78 10703.78 10769.61 10769.61 10769.61 10769.61 10769.61 10769.61 10769.61 10769.61 10769.61 10769.61 10769.61 10769.61 10769.61 10769.61 10769.61 10769.61 10769.61 10769.61 10769.61 10769.61 10769.61 10769.61 10769.61 10769.61 10769.61 10769.61 10769.61 10769.61 10769.61 10835.45 10835.45 10835.45 10835.45 10835.45 10835.45 10835.45 10835.45 10835.45 10835.45 10835.45 10835.45 10835.45 10835.45 10835.45 10835.45 10835.45 10835.45 10835.45 10835.45 10835.45 10835.45 10835.45 10835.45 10835.45 10835.45 10835.45 10835.45 10835.45 10901.30 10901.30 10901.30 10901.30 10901.30 10901.30 10901.30 10901.30 10901.30 10901.30 10901.30 10901.30 10901.30 10901.30 10901.30 10901.30 10901.30 10901.30 10901.30 10901.30 10901.30 10901.30 10901.30 10901.30 10901.30 10901.30 10901.30 10901.30 10901.30 10967.15 10967.15 10967.15 10967.15 10967.15 10967.15 10967.15 10967.15 10967.15 10967.15 10967.15 10967.15 10967.15 10967.15 10967.15 10967.15 10967.15 10967.15 10967.15 10967.15 10967.15 10967.15 10967.15 10967.15 10967.15 10967.15 10967.15 10967.15 10967.15 11033.01 11033.01 11033.01 11033.01 11033.01 11033.01 11033.01 11033.01 11033.01 11033.01 11033.01 11033.01 11033.01 11033.01 11033.01 11033.01 11033.01 11033.01 11033.01 11033.01 11033.01 11033.01 11033.01 11033.01 11033.01 11033.01 11033.01 11033.01 11033.01 11098.88 11098.88 11098.88 11098.88 11098.88 11098.88 11098.88 11098.88 11098.88 11098.88 11098.88 11098.88 11098.88 11098.88 11098.88 11098.88 11098.88 11098.88 11098.88 11098.88 11098.88 11098.88 11098.88 11098.88 11098.88 11098.88 11098.88 11098.88 11098.88 11164.75 11164.75 11164.75 11164.75 11164.75 11164.75 11164.75 11164.75 11164.75 11164.75 11164.75 11164.75 11164.75 11164.75 11164.75 11164.75 11164.75 11164.75 11164.75 11164.75 11164.75 11164.75 11164.75 11164.75 11164.75 11164.75 11164.75 11164.75 11164.75 11230.63 11230.63 11230.63 11230.63 11230.63 11230.63 11230.63 11230.63 11230.63 11230.63 11230.63 11230.63 11230.63 11230.63 11230.63 11230.63 11230.63 11230.63 11230.63 11230.63 11230.63 11230.63 11230.63 11230.63 11230.63 11230.63 11230.63 11230.63 11230.63 11296.51 11296.51 11296.51 11296.51 11296.51 11296.51 11296.51 11296.51 11296.51 11296.51 11296.51 11296.51 11296.51 11296.51 11296.51 11296.51 11296.51 11296.51 11296.51 11296.51 11296.51 11296.51 11296.51 11296.51 11296.51 11296.51 11296.51 11296.51 11296.51 11362.41 11362.41 11362.41 11362.41 11362.41 11362.41 11362.41 11362.41 11362.41 11362.41 11362.41 11362.41 11362.41 11362.41 11362.41 11362.41 11362.41 11362.41 11362.41 11362.41 11362.41 11362.41 11362.41 11362.41 11362.41 11362.41 11362.41 11362.41 11362.41 11428.31 11428.31 11428.31 11428.31 11428.31 11428.31 11428.31 11428.31 11428.31 11428.31 11428.31 11428.31 11428.31 11428.31 11428.31 11428.31 11428.31 11428.31 11428.31 11428.31 11428.31 11428.31 11428.31 11428.31 11428.31 11428.31 11428.31 11428.31 11428.31 11494.21 11494.21 11494.21 11494.21 11494.21 11494.21 11494.21 11494.21 11494.21 11494.21 11494.21 11494.21 11494.21 11494.21 11494.21 11494.21 11494.21 11494.21 11494.21 11494.21 11494.21 11494.21 11494.21 11494.21 11494.21 11494.21 11494.21 11494.21 11494.21 11560.13 11560.13 11560.13 11560.13 11560.13 11560.13 11560.13 11560.13 11560.13 11560.13 11560.13 11560.13 11560.13 11560.13 11560.13 11560.13 11560.13 11560.13 11560.13 11560.13 11560.13 11560.13 11560.13 11560.13 11560.13 11560.13 11560.13 11560.13 11560.13 11626.05 11626.05 11626.05 11626.05 11626.05 11626.05 11626.05 11626.05 11626.05 11626.05 11626.05 11626.05 11626.05 11626.05 11626.05 11626.05 11626.05 11626.05 11626.05 11626.05 11626.05 11626.05 11626.05 11626.05 11626.05 11626.05 11626.05 11626.05 11626.05 11691.98 11691.98 11691.98 11691.98 11691.98 11691.98 11691.98 11691.98 11691.98 11691.98 11691.98 11691.98 11691.98 11691.98 11691.98 11691.98 11691.98 11691.98 11691.98 11691.98 11691.98 11691.98 11691.98 11691.98 11691.98 11691.98 11691.98 11691.98 11691.98 11757.91 11757.91 11757.91 11757.91 11757.91 11757.91 11757.91 11757.91 11757.91 11757.91 11757.91 11757.91 11757.91 11757.91 11757.91 11757.91 11757.91 11757.91 11757.91 11757.91 11757.91 11757.91 11757.91 11757.91 11757.91 11757.91 11757.91 11757.91 11757.91 11823.85 11823.85 11823.85 11823.85 11823.85 11823.85 11823.85 11823.85 11823.85 11823.85 11823.85 11823.85 11823.85 11823.85 11823.85 11823.85 11823.85 11823.85 11823.85 11823.85 11823.85 11823.85 11823.85 11823.85 11823.85 11823.85 11823.85 11823.85 11823.85 11889.80 11889.80 11889.80 11889.80 11889.80 11889.80 11889.80 11889.80 11889.80 11889.80 11889.80 11889.80 11889.80 11889.80 11889.80 11889.80 11889.80 11889.80 11889.80 11889.80 11889.80 11889.80 11889.80 11889.80 11889.80 11889.80 11889.80 11889.80 11889.80 11955.76 11955.76 11955.76 11955.76 11955.76 11955.76 11955.76 11955.76 11955.76 11955.76 11955.76 11955.76 11955.76 11955.76 11955.76 11955.76 11955.76 11955.76 11955.76 11955.76 11955.76 11955.76 11955.76 11955.76 11955.76 11955.76 11955.76 11955.76 11955.76 12021.72 12021.72 12021.72 12021.72 12021.72 12021.72 12021.72 12021.72 12021.72 12021.72 12021.72 12021.72 12021.72 12021.72 12021.72 12021.72 12021.72 12021.72 12021.72 12021.72 12021.72 12021.72 12021.72 12021.72 12021.72 12021.72 12021.72 12021.72 12021.72 12087.69 12087.69 12087.69 12087.69 12087.69 12087.69 12087.69 12087.69 12087.69 12087.69 12087.69 12087.69 12087.69 12087.69 12087.69 12087.69 12087.69 12087.69 12087.69 12087.69 12087.69 12087.69 12087.69 12087.69 12087.69 12087.69 12087.69 12087.69 12087.69 12153.66 12153.66 12153.66 12153.66 12153.66 12153.66 12153.66 12153.66 12153.66 12153.66 12153.66 12153.66 12153.66 12153.66 12153.66 12153.66 12153.66 12153.66 12153.66 12153.66 12153.66 12153.66 12153.66 12153.66 12153.66 12153.66 12153.66 12153.66 12153.66 12219.64 12219.64 12219.64 12219.64 12219.64 12219.64 12219.64 12219.64 12219.64 12219.64 12219.64 12219.64 12219.64 12219.64 12219.64 12219.64 12219.64 12219.64 12219.64 12219.64 12219.64 12219.64 12219.64 12219.64 12219.64 12219.64 12219.64 12219.64 12219.64 12285.63 12285.63 12285.63 12285.63 12285.63 12285.63 12285.63 12285.63 12285.63 12285.63 12285.63 12285.63 12285.63 12285.63 12285.63 12285.63 12285.63 12285.63 12285.63 12285.63 12285.63 12285.63 12285.63 12285.63 12285.63 12285.63 12285.63 12285.63 12285.63 12351.63 12351.63 12351.63 12351.63 12351.63 12351.63 12351.63 12351.63 12351.63 12351.63 12351.63 12351.63 12351.63 12351.63 12351.63 12351.63 12351.63 12351.63 12351.63 12351.63 12351.63 12351.63 12351.63 12351.63 12351.63 12351.63 12351.63 12351.63 12351.63 12417.63 12417.63 12417.63 12417.63 12417.63 12417.63 12417.63 12417.63 12417.63 12417.63 12417.63 12417.63 12417.63 12417.63 12417.63 12417.63 12417.63 12417.63 12417.63 12417.63 12417.63 12417.63 12417.63 12417.63 12417.63 12417.63 12417.63 12417.63 12417.63 12483.64 12483.64 12483.64 12483.64 12483.64 12483.64 12483.64 12483.64 12483.64 12483.64 12483.64 12483.64 12483.64 12483.64 12483.64 12483.64 12483.64 12483.64 12483.64 12483.64 12483.64 12483.64 12483.64 12483.64 12483.64 12483.64 12483.64 12483.64 12483.64 12549.66 12549.66 12549.66 12549.66 12549.66 12549.66 12549.66 12549.66 12549.66 12549.66 12549.66 12549.66 12549.66 12549.66 12549.66 12549.66 12549.66 12549.66 12549.66 12549.66 12549.66 12549.66 12549.66 12549.66 12549.66 12549.66 12549.66 12549.66 12549.66 12615.68 12615.68 12615.68 12615.68 12615.68 12615.68 12615.68 12615.68 12615.68 12615.68 12615.68 12615.68 12615.68 12615.68 12615.68 12615.68 12615.68 12615.68 12615.68 12615.68 12615.68 12615.68 12615.68 12615.68 12615.68 12615.68 12615.68 12615.68 12615.68 12681.71 12681.71 12681.71 12681.71 12681.71 12681.71 12681.71 12681.71 12681.71 12681.71 12681.71 12681.71 12681.71 12681.71 12681.71 12681.71 12681.71 12681.71 12681.71 12681.71 12681.71 12681.71 12681.71 12681.71 12681.71 12681.71 12681.71 12681.71 12681.71 12747.75 12747.75 12747.75 12747.75 12747.75 12747.75 12747.75 12747.75 12747.75 12747.75 12747.75 12747.75 12747.75 12747.75 12747.75 12747.75 12747.75 12747.75 12747.75 12747.75 12747.75 12747.75 12747.75 12747.75 12747.75 12747.75 12747.75 12747.75 12747.75 12813.79 12813.79 12813.79 12813.79 12813.79 12813.79 12813.79 12813.79 12813.79 12813.79 12813.79 12813.79 12813.79 12813.79 12813.79 12813.79 12813.79 12813.79 12813.79 12813.79 12813.79 12813.79 12813.79 12813.79 12813.79 12813.79 12813.79 12813.79 12813.79 12879.84 12879.84 12879.84 12879.84 12879.84 12879.84 12879.84 12879.84 12879.84 12879.84 12879.84 12879.84 12879.84 12879.84 12879.84 12879.84 12879.84 12879.84 12879.84 12879.84 12879.84 12879.84 12879.84 12879.84 12879.84 12879.84 12879.84 12879.84 12879.84 12945.90 12945.90 12945.90 12945.90 12945.90 12945.90 12945.90 12945.90 12945.90 12945.90 12945.90 12945.90 12945.90 12945.90 12945.90 12945.90 12945.90 12945.90 12945.90 12945.90 12945.90 12945.90 12945.90 12945.90 12945.90 12945.90 12945.90 12945.90 12945.90 13011.96 13011.96 13011.96 13011.96 13011.96 13011.96 13011.96 13011.96 13011.96 13011.96 13011.96 13011.96 13011.96 13011.96 13011.96 13011.96 13011.96 13011.96 13011.96 13011.96 13011.96 13011.96 13011.96 13011.96 13011.96 13011.96 13011.96 13011.96 13011.96 13078.04 13078.04 13078.04 13078.04 13078.04 13078.04 13078.04 13078.04 13078.04 13078.04 13078.04 13078.04 13078.04 13078.04 13078.04 13078.04 13078.04 13078.04 13078.04 13078.04 13078.04 13078.04 13078.04 13078.04 13078.04 13078.04 13078.04 13078.04 13078.04 13144.11 13144.11 13144.11 13144.11 13144.11 13144.11 13144.11 13144.11 13144.11 13144.11 13144.11 13144.11 13144.11 13144.11 13144.11 13144.11 13144.11 13144.11 13144.11 13144.11 13144.11 13144.11 13144.11 13144.11 13144.11 13144.11 13144.11 13144.11 13144.11 13210.20 13210.20 13210.20 13210.20 13210.20 13210.20 13210.20 13210.20 13210.20 13210.20 13210.20 13210.20 13210.20 13210.20 13210.20 13210.20 13210.20 13210.20 13210.20 13210.20 13210.20 13210.20 13210.20 13210.20 13210.20 13210.20 13210.20 13210.20 13210.20 13276.29 13276.29 13276.29 13276.29 13276.29 13276.29 13276.29 13276.29 13276.29 13276.29 13276.29 13276.29 13276.29 13276.29 13276.29 13276.29 13276.29 13276.29 13276.29 13276.29 13276.29 13276.29 13276.29 13276.29 13276.29 13276.29 13276.29 13276.29 13276.29 13342.39 13342.39 13342.39 13342.39 13342.39 13342.39 13342.39 13342.39 13342.39 13342.39 13342.39 13342.39 13342.39 13342.39 13342.39 13342.39 13342.39 13342.39 13342.39 13342.39 13342.39 13342.39 13342.39 13342.39 13342.39 13342.39 13342.39 13342.39 13342.39 13408.49 13408.49 13408.49 13408.49 13408.49 13408.49 13408.49 13408.49 13408.49 13408.49 13408.49 13408.49 13408.49 13408.49 13408.49 13408.49 13408.49 13408.49 13408.49 13408.49 13408.49 13408.49 13408.49 13408.49 13408.49 13408.49 13408.49 13408.49 13408.49 13474.61 13474.61 13474.61 13474.61 13474.61 13474.61 13474.61 13474.61 13474.61 13474.61 13474.61 13474.61 13474.61 13474.61 13474.61 13474.61 13474.61 13474.61 13474.61 13474.61 13474.61 13474.61 13474.61 13474.61 13474.61 13474.61 13474.61 13474.61 13474.61 13540.72 13540.72 13540.72 13540.72 13540.72 13540.72 13540.72 13540.72 13540.72 13540.72 13540.72 13540.72 13540.72 13540.72 13540.72 13540.72 13540.72 13540.72 13540.72 13540.72 13540.72 13540.72 13540.72 13540.72 13540.72 13540.72 13540.72 13540.72 13540.72 13606.85 13606.85 13606.85 13606.85 13606.85 13606.85 13606.85 13606.85 13606.85 13606.85 13606.85 13606.85 13606.85 13606.85 13606.85 13606.85 13606.85 13606.85 13606.85 13606.85 13606.85 13606.85 13606.85 13606.85 13606.85 13606.85 13606.85 13606.85 13606.85 13672.98 13672.98 13672.98 13672.98 13672.98 13672.98 13672.98 13672.98 13672.98 13672.98 13672.98 13672.98 13672.98 13672.98 13672.98 13672.98 13672.98 13672.98 13672.98 13672.98 13672.98 13672.98 13672.98 13672.98 13672.98 13672.98 13672.98 13672.98 13672.98 13739.12 13739.12 13739.12 13739.12 13739.12 13739.12 13739.12 13739.12 13739.12 13739.12 13739.12 13739.12 13739.12 13739.12 13739.12 13739.12 13739.12 13739.12 13739.12 13739.12 13739.12 13739.12 13739.12 13739.12 13739.12 13739.12 13739.12 13739.12 13739.12 13805.27 13805.27 13805.27 13805.27 13805.27 13805.27 13805.27 13805.27 13805.27 13805.27 13805.27 13805.27 13805.27 13805.27 13805.27 13805.27 13805.27 13805.27 13805.27 13805.27 13805.27 13805.27 13805.27 13805.27 13805.27 13805.27 13805.27 13805.27 13805.27 13871.42 13871.42 13871.42 13871.42 13871.42 13871.42 13871.42 13871.42 13871.42 13871.42 13871.42 13871.42 13871.42 13871.42 13871.42 13871.42 13871.42 13871.42 13871.42 13871.42 13871.42 13871.42 13871.42 13871.42 13871.42 13871.42 13871.42 13871.42 13871.42 13937.58 13937.58 13937.58 13937.58 13937.58 13937.58 13937.58 13937.58 13937.58 13937.58 13937.58 13937.58 13937.58 13937.58 13937.58 13937.58 13937.58 13937.58 13937.58 13937.58 13937.58 13937.58 13937.58 13937.58 13937.58 13937.58 13937.58 13937.58 13937.58 14003.75 14003.75 14003.75 14003.75 14003.75 14003.75 14003.75 14003.75 14003.75 14003.75 14003.75 14003.75 14003.75 14003.75 14003.75 14003.75 14003.75 14003.75 14003.75 14003.75 14003.75 14003.75 14003.75 14003.75 14003.75 14003.75 14003.75 14003.75 14003.75 14069.92 14069.92 14069.92 14069.92 14069.92 14069.92 14069.92 14069.92 14069.92 14069.92 14069.92 14069.92 14069.92 14069.92 14069.92 14069.92 14069.92 14069.92 14069.92 14069.92 14069.92 14069.92 14069.92 14069.92 14069.92 14069.92 14069.92 14069.92 14069.92 14136.10 14136.10 14136.10 14136.10 14136.10 14136.10 14136.10 14136.10 14136.10 14136.10 14136.10 14136.10 14136.10 14136.10 14136.10 14136.10 14136.10 14136.10 14136.10 14136.10 14136.10 14136.10 14136.10 14136.10 14136.10 14136.10 14136.10 14136.10 14136.10 14202.29 14202.29 14202.29 14202.29 14202.29 14202.29 14202.29 14202.29 14202.29 14202.29 14202.29 14202.29 14202.29 14202.29 14202.29 14202.29 14202.29 14202.29 14202.29 14202.29 14202.29 14202.29 14202.29 14202.29 14202.29 14202.29 14202.29 14202.29 14202.29 14268.48 14268.48 14268.48 14268.48 14268.48 14268.48 14268.48 14268.48 14268.48 14268.48 14268.48 14268.48 14268.48 14268.48 14268.48 14268.48 14268.48 14268.48 14268.48 14268.48 14268.48 14268.48 14268.48 14268.48 14268.48 14268.48 14268.48 14268.48 14268.48 14334.69 14334.69 14334.69 14334.69 14334.69 14334.69 14334.69 14334.69 14334.69 14334.69 14334.69 14334.69 14334.69 14334.69 14334.69 14334.69 14334.69 14334.69 14334.69 14334.69 14334.69 14334.69 14334.69 14334.69 14334.69 14334.69 14334.69 14334.69 14334.69 14400.89 14400.89 14400.89 14400.89 14400.89 14400.89 14400.89 14400.89 14400.89 14400.89 14400.89 14400.89 14400.89 14400.89 14400.89 14400.89 14400.89 14400.89 14400.89 14400.89 14400.89 14400.89 14400.89 14400.89 14400.89 14400.89 14400.89 14400.89 14400.89 14467.11 14467.11 14467.11 14467.11 14467.11 14467.11 14467.11 14467.11 14467.11 14467.11 14467.11 14467.11 14467.11 14467.11 14467.11 14467.11 14467.11 14467.11 14467.11 14467.11 14467.11 14467.11 14467.11 14467.11 14467.11 14467.11 14467.11 14467.11 14467.11 14533.33 14533.33 14533.33 14533.33 14533.33 14533.33 14533.33 14533.33 14533.33 14533.33 14533.33 14533.33 14533.33 14533.33 14533.33 14533.33 14533.33 14533.33 14533.33 14533.33 14533.33 14533.33 14533.33 14533.33 14533.33 14533.33 14533.33 14533.33 14533.33 14599.56 14599.56 14599.56 14599.56 14599.56 14599.56 14599.56 14599.56 14599.56 14599.56 14599.56 14599.56 14599.56 14599.56 14599.56 14599.56 14599.56 14599.56 14599.56 14599.56 14599.56 14599.56 14599.56 14599.56 14599.56 14599.56 14599.56 14599.56 14599.56 14665.79 14665.79 14665.79 14665.79 14665.79 14665.79 14665.79 14665.79 14665.79 14665.79 14665.79 14665.79 14665.79 14665.79 14665.79 14665.79 14665.79 14665.79 14665.79 14665.79 14665.79 14665.79 14665.79 14665.79 14665.79 14665.79 14665.79 14665.79 14665.79 14732.03 14732.03 14732.03 14732.03 14732.03 14732.03 14732.03 14732.03 14732.03 14732.03 14732.03 14732.03 14732.03 14732.03 14732.03 14732.03 14732.03 14732.03 14732.03 14732.03 14732.03 14732.03 14732.03 14732.03 14732.03 14732.03 14732.03 14732.03 14732.03 14798.28 14798.28 14798.28 14798.28 14798.28 14798.28 14798.28 14798.28 14798.28 14798.28 14798.28 14798.28 14798.28 14798.28 14798.28 14798.28 14798.28 14798.28 14798.28 14798.28 14798.28 14798.28 14798.28 14798.28 14798.28 14798.28 14798.28 14798.28 14798.28 14864.54 14864.54 14864.54 14864.54 14864.54 14864.54 14864.54 14864.54 14864.54 14864.54 14864.54 14864.54 14864.54 14864.54 14864.54 14864.54 14864.54 14864.54 14864.54 14864.54 14864.54 14864.54 14864.54 14864.54 14864.54 14864.54 14864.54 14864.54 14864.54 14930.80 14930.80 14930.80 14930.80 14930.80 14930.80 14930.80 14930.80 14930.80 14930.80 14930.80 14930.80 14930.80 14930.80 14930.80 14930.80 14930.80 14930.80 14930.80 14930.80 14930.80 14930.80 14930.80 14930.80 14930.80 14930.80 14930.80 14930.80 14930.80
=== END RADAR_SCAN ===

=== BEGIN RADAR_SCAN ===
scan.index=10
scan.time=178.000000
radar.id=0
radar.frequency=C
radar.scanning_mode=PPI
radar.x=0.000
radar.y=0.000
radar.z=25.000
radar.maximum_range=250000.000
radar.range_resolution=250.000
radar.angular_resolution=1.000000
box.radar_id=0
box.min_range_gate=141.000
box.max_range_gate=223.000
box.min_angle=131.000000
box.max_angle=161.000000
box.num_ranges=83
box.num_angles=30
box.range_resolution=250.000
box.angular_resolution=1.000000
box.other_angle=10.000000
grid.size=2490
grid.data=0.00 0.00 0.00 0.00 0.00 0.00 0.00 0.00 0.00 0.00 0.00 0.00 0.00 0.00 0.00 0.00 0.00 0.00 0.00 0.00 0.00 0.00 0.00 0.00 0.00 0.00 0.00 0.00 0.00 0.00 0.00 0.00 0.00 0.00 0.00 0.00 0.00 0.00 0.00 0.00 0.00 0.00 0.00 0.00 15.57 15.50 16.41 0.00 0.00 0.00 0.00 0.00 0.00 0.00 0.00 0.00 0.00 0.00 0.00 0.00 0.00 0.00 0.00 0.00 0.00 0.00 0.00 0.00 0.00 0.00 0.00 0.00 13.53 12.54 12.25 12.54 16.18 13.38 15.99 0.00 0.00 0.00 0.00 0.00 0.00 0.00 0.00 0.00 0.00 0.00 0.00 0.00 0.00 0.00 0.00 0.00 0.00 0.00 0.00 0.00 0.00 13.09 13.35 15.13 11.43 10.91 12.95 12.22 16.94 15.08 0.00 0.00 0.00 0.00 0.00 0.00 0.00 0.00 0.00 0.00 0.00 0.00 0.00 0.00 0.00 0.00 0.00 0.00 0.00 0.00 13.87 14.52 15.99 15.24 13.15 12.00 12.37 15.28 17.02 13.79 14.21 0.00 0.00 0.00 0.00 0.00 0.00 0.00 0.00 0.00 0.00 0.00 0.00 0.00 0.00 0.00 0.00 0.00 0.00 12.68 22.81 24.34 21.51 15.29 13.93 13.57 14.10 13.97 15.19 12.61 13.26 11.99 0.00 0.00 0.00 0.00 0.00 0.00 0.00 0.00 0.00 0.00 0.00 0.00 0.00 0.00 0.00 0.00 0.00 21.29 22.93 19.75 19.54 24.18 12.33 13.62 12.14 13.55 12.84 10.04 14.94 12.36 13.77 0.00 0.00 0.00 0.00 0.00 0.00 0.00 0.00 0.00 0.00 0.00 0.00 0.00 0.00 0.00 22.78 21.01 20.80 19.92 19.21 21.66 21.81 11.81 10.09 11.82 12.26 13.42 12.17 10.72 12.45 0.00 0.00 0.00 0.00 0.00 0.00 0.00 0.00 0.00 0.00 0.00 0.00 0.00 0.00 0.00 20.98 23.17 23.08 20.77 19.76 21.06 22.51 19.88 10.43 13.10 11.00 12.81 10.34 11.76 13.58 10.69 0.00 0.00 0.00 0.00 0.00 0.00 0.00 0.00 0.00 0.00 0.00 0.00 0.00 20.71 20.51 20.68 20.89 18.09 22.17 19.43 21.51 20.05 12.12 12.26 12.00 11.94 10.40 11.02 13.11 11.08 0.00 0.00 0.00 0.00 0.00 0.00 0.00 0.00 0.00 0.00 0.00 0.00 0.00 19.90 21.33 17.90 19.15 19.29 23.56 21.07 20.20 21.10 21.29 9.81 11.13 10.09 9.36 11.13 11.42 12.70 10.82 0.00 0.00 0.00 0.00 0.00 0.00 0.00 0.00 0.00 0.00 0.00 19.19 20.49 21.04 22.22 19.30 19.80 18.19 19.26 19.10 15.46 17.99 10.52 11.19 10.60 10.40 13.30 11.25 8.59 12.33 0.00 0.00 0.00 0.00 0.00 0.00 0.00 0.00 0.00 0.00 0.00 24.25 16.99 18.34 18.91 18.95 21.33 21.19 20.41 18.35 22.82 21.22 10.41 10.75 9.61 11.63 11.67 10.56 10.75 10.42 0.00 0.00 0.00 0.00 0.00 0.00 0.00 0.00 0.00 0.00 0.00 18.35 19.26 18.76 18.63 18.91 22.77 17.85 18.58 18.94 18.23 18.10 19.11 9.23 11.32 10.14 9.26 10.21 9.98 9.68 10.29 0.00 0.00 0.00 0.00 0.00 0.00 0.00 0.00 0.00 8.50 19.60 20.59 20.49 19.42 20.21 20.03 18.11 21.13 18.36 21.47 18.48 20.26 8.67 10.10 9.28 9.81 8.69 10.81 9.06 8.01 0.00 0.00 0.00 0.00 0.00 0.00 0.00 0.00 0.00 20.47 15.86 18.14 20.14 17.80 19.08 19.97 18.21 19.20 15.97 20.30 21.00 18.33 7.90 6.97 8.65 8.03 6.82 8.62 8.72 7.46 0.00 0.00 0.00 0.00 0.00 0.00 0.00 0.00 0.00 18.53 20.22 16.29 18.53 19.50 19.24 18.53 18.82 21.38 17.26 17.10 22.19 19.54 7.96 9.36 8.14 9.18 6.68 8.30 8.81 8.29 0.00 0.00 0.00 0.00 0.00 0.00 0.00 0.00 0.00 18.30 16.12 16.77 17.54 19.18 19.20 20.04 19.89 19.04 17.32 22.50 19.59 16.99 7.73 8.31 8.80 6.18 7.40 7.61 6.69 9.19 7.72 0.00 0.00 0.00 0.00 0.00 0.00 0.00 -2.00 16.22 17.58 14.62 19.19 18.74 16.31 15.88 18.84 16.90 19.30 16.20 17.64 17.86 1.32 0.03 0.49 0.03 0.16 0.28 0.18 1.12 -1.27 0.00 0.00 0.00 0.00 0.00 0.00 0.00 0.89 17.59 18.71 18.04 21.60 20.09 19.51 17.98 16.72 16.87 20.30 20.30 17.45 17.00 18.23 -1.09 0.88 0.28 -0.55 -0.59 0.29 -0.01 0.77 0.00 0.00 0.00 0.00 0.00 0.00 0.00 -0.53 17.84 18.89 19.89 17.70 16.83 19.91 16.93 17.85 17.56 16.42 18.27 17.51 18.12 17.31 0.50 0.31 -0.67 -0.48 -0.79 -0.02 0.03 0.53 0.00 0.00 0.00 0.00 0.00 0.00 0.00 0.17 17.34 17.42 17.62 17.45 15.42 17.30 13.83 15.19 16.93 20.42 19.09 16.51 15.89 18.63 0.94 -0.01 -0.56 0.37 1.26 0.10 -0.24 0.21 0.00 0.00 0.00 0.00 0.00 0.00 0.00 -0.24 16.92 15.95 17.79 18.01 15.77 16.34 17.96 16.41 18.28 18.84 14.42 16.11 17.76 18.55 -0.19 -0.17 0.14 -0.42 0.60 0.26 0.84 -0.58 -0.31 0.00 0.00 0.00 0.00 0.00 0.00 -0.73 15.33 15.76 15.08 17.39 17.81 16.06 17.09 15.63 16.34 15.38 16.63 17.25 17.40 17.04 0.31 -0.02 0.35 -0.48 1.39 -1.19 -0.04 0.14 0.86 0.00 0.00 0.00 0.00 0.00 0.00 -1.36 16.24 14.88 17.22 16.62 15.60 17.09 17.12 14.61 16.46 16.41 14.12 17.82 14.99 17.65 0.18 -0.23 0.75 -0.19 1.19 -0.44 0.34 -0.71 0.04 0.00 0.00 0.00 0.00 0.00 2.10 0.17 13.71 14.44 15.73 16.70 13.75 17.28 14.85 15.50 16.95 17.57 16.69 13.47 14.59 15.78 -0.30 0.29 -0.57 0.49 -0.24 0.03 -0.13 0.85 -1.21 0.00 0.00 0.00 0.00 0.00 -0.08 0.88 14.03 17.47 15.44 15.58 15.72 15.43 16.54 15.44 19.13 15.64 16.93 16.40 16.82 14.82 0.32 -0.27 0.57 0.41 0.77 0.09 -0.68 0.75 -0.24 0.00 0.00 0.00 0.00 0.00 0.88 -0.37 12.73 16.92 16.74 13.95 15.00 16.05 14.61 14.09 19.15 15.53 16.43 16.35 16.60 15.78 -0.14 -0.29 1.15 -0.86 -0.30 0.15 0.84 -0.44 0.46 0.00 0.00 0.00 0.00 0.00 0.67 0.06 16.53 14.07 13.93 15.16 15.20 14.69 16.63 15.86 15.52 13.06 14.39 16.55 15.49 14.11 0.58 0.02 -0.39 1.52 -0.88 -1.10 0.11 1.30 -0.28 0.00 0.00 0.00 0.00 0.00 -0.37 1.06 16.18 13.64 16.54 13.87 14.02 16.35 15.25 16.90 16.25 14.31 15.30 13.58 14.24 12.19 0.29 0.67 1.13 1.01 -0.31 1.00 1.28 0.14 -0.04 0.00 0.00 0.00 0.00 0.00 -0.94 0.75 14.34 16.33 13.47 15.40 12.38 13.01 15.01 15.82 14.87 14.99 13.86 15.36 13.60 -0.38 0.35 0.23 0.24 0.36 0.86 1.90 -0.45 -0.41 -0.68 0.00 0.00 0.00 0.00 0.00 0.28 0.61 15.58 13.66 16.17 13.58 13.05 15.54 14.04 16.08 15.90 13.16 12.80 12.32 15.62 0.83 0.35 -0.39 -0.53 0.07 -0.77 -0.35 -0.61 -0.11 -0.13 0.00 0.00 0.00 0.00 0.00 0.28 -0.40 12.58 17.02 15.51 14.90 14.79 13.85 16.38 16.19 12.59 16.14 14.33 14.72 15.54 0.32 0.58 0.87 -0.52 1.02 0.54 -1.24 -0.83 0.21 -0.55 0.00 0.00 0.00 0.00 0.00 1.18 -0.50 15.01 14.33 14.30 13.61 13.67 14.24 13.64 12.13 14.27 15.37 13.62 13.38 13.71 -0.51 -1.53 0.58 -0.80 0.71 0.27 -0.47 -1.07 0.57 -0.39 0.00 0.00 0.00 0.00 0.00 0.38 -0.04 -0.85 11.42 11.92 13.35 12.37 12.73 13.39 13.77 12.57 12.65 12.33 12.80 13.67 1.40 0.50 0.40 -0.65 -0.57 -0.17 0.67 -0.57 0.32 -0.04 0.00 0.00 0.00 0.00 0.00 1.03 -1.58 2.40 12.15 13.42 12.95 12.24 14.85 12.71 13.21 13.15 14.09 12.40 15.46 13.39 -0.24 0.33 0.09 0.35 -0.08 -0.17 0.32 0.13 -0.73 1.99 -0.59 0.00 0.00 0.00 0.00 0.47 1.09 0.19 12.84 12.89 12.39 13.21 13.67 12.75 12.81 13.85 13.92 14.98 13.51 0.08 0.85 0.71 -0.51 -0.52 0.19 -1.48 -0.49 0.57 1.61 0.49 -0.22 0.00 0.00 0.00 0.00 0.10 0.63 -0.24 12.98 12.35 11.59 14.90 10.12 11.52 13.87 11.51 11.80 13.13 11.36 1.11 -0.18 -0.09 0.63 0.01 -1.47 -1.67 -0.25 0.34 -0.09 -0.07 0.83 0.00 0.00 0.00 0.00 0.63 -0.51 -1.43 0.66 11.10 10.47 13.62 9.79 12.61 12.26 12.88 12.05 13.95 13.04 -0.72 1.15 0.08 0.61 -0.80 0.05 -0.22 -0.48 -0.38 -0.28 0.47 1.60 0.00 0.00 0.00 0.00 0.45 0.77 -0.38 0.62 11.59 10.59 12.39 11.67 11.57 12.87 12.45 13.46 12.17 12.16 -0.53 0.31 -0.19 -0.29 -0.19 0.66 0.69 0.59 -0.07 -1.42 0.22 -1.22 0.00 0.00 0.00 0.00 1.08 0.16 -0.96 -0.18 11.50 10.74 11.72 12.87 12.69 10.77 9.31 11.68 12.16 0.31 0.03 -1.08 1.03 0.16 0.07 -0.61 -0.86 0.15 0.44 0.40 -0.36 0.00 0.00 0.00 0.00 0.00 1.71 0.44 -0.84 0.23 1.50 12.61 9.69 10.53 11.50 12.38 12.10 10.77 12.46 0.47 -1.31 0.98 0.35 -1.53 0.45 0.25 0.08 0.07 -0.78 1.26 -0.19 0.00 0.00 0.00 0.00 0.00 0.35 -0.04 -0.25 0.33 0.65 11.50 10.38 9.52 9.95 10.03 11.50 10.78 -0.23 1.07 -0.13 0.06 -0.49 -0.93 -0.28 0.04 -0.13 0.82 -0.08 0.81 0.14 0.00 0.00 0.00 0.00 0.00 -0.64 -0.94 -0.74 0.04 -0.81 -1.01 12.42 10.74 9.68 11.70 10.24 11.96 -0.36 0.21 1.00 -0.86 0.03 0.94 -0.13 1.38 0.49 -0.41 -0.16 -0.74 0.49 0.00 0.00 0.00 0.00 0.00 -0.98 -1.00 0.03 0.62 0.04 -0.04 12.07 9.46 11.19 10.61 11.86 0.37 0.70 -0.99 0.61 -0.35 0.87 0.93 0.48 0.29 0.91 0.48 0.66 1.18 1.51 0.00 0.00 0.00 0.00 0.00 0.58 -0.42 1.49 -0.89 0.74 -0.49 0.26 0.85 9.24 12.25 -0.16 -0.39 -0.01 -0.05 -0.05 -0.91 -0.98 -0.99 0.07 -0.75 -0.91 0.91 -0.82 0.71 0.50 0.00 0.00 0.00 0.00 0.00 -0.75 0.49 0.69 1.45 -0.31 0.03 -0.50 0.35 -0.10 -0.51 0.29 1.34 -0.91 -0.69 1.18 -0.14 -0.68 0.07 0.48 0.43 0.02 -1.08 -1.25 -0.45 -0.13 0.00 0.00 0.00 0.00 0.00 0.48 1.88 0.05 0.50 -0.53 -0.49 -0.74 0.06 -1.54 -0.01 0.20 1.70 0.40 0.77 -0.39 -2.29 0.53 0.23 1.60 1.50 -0.03 -1.04 -0.39 -0.27 -0.43 0.00 0.00 0.00 0.00 0.00 -0.56 0.73 0.72 0.23 0.62 0.31 1.25 -0.68 -0.64 -1.39 -0.47 0.11 -1.42 0.55 -1.13 -0.49 0.68 -0.62 0.68 0.36 -0.94 0.73 -1.49 -1.09 -0.84 0.00 0.00 0.00 0.00 0.00 0.78 0.78 0.43 0.76 -0.37 -0.19 0.89 0.28 -0.69 -1.41 -0.01 -0.72 0.50 -0.88 -1.03 -0.87 -0.15 0.58 1.03 0.04 0.06 0.43 -0.84 -0.60 -0.77 0.00 0.00 0.00 0.00 0.00 -0.78 0.32 0.27 -1.15 1.39 -0.03 0.04 -1.02 0.01 -0.07 0.42 -0.35 -0.43 -0.57 0.08 -0.45 1.05 0.25 0.35 0.45 1.45 -0.15 0.87 1.42 -0.20 0.00 0.00 0.00 0.00 0.00 0.00 2.39 0.08 0.33 0.53 0.12 0.08 0.01 0.15 -0.24 0.09 -0.44 -0.14 -0.76 -0.54 -0.02 0.67 -0.73 0.61 0.87 -0.05 -1.19 0.07 -0.30 0.32 0.00 0.00 0.00 0.00 0.00 0.00 -0.95 -0.88 0.93 0.35 -0.40 -0.57 0.23 -0.54 0.59 0.18 -1.23 0.18 -0.00 0.32 -0.45 0.17 1.07 1.27 0.70 -0.24 -0.32 -0.15 1.39 0.53 0.00 0.00 0.00 0.00 0.00 0.00 -0.15 0.02 0.13 -1.22 -0.94 0.31 -0.21 -0.45 0.11 -1.45 0.31 -0.61 -0.06 -0.42 -1.72 -1.26 -0.24 -0.14 0.15 0.32 -0.63 0.00 -0.52 -0.97 0.00 0.00 0.00 0.00 0.00 0.00 0.74 0.74 1.86 -0.45 0.56 1.48 0.48 -0.95 -0.38 0.38 -0.50 -0.20 0.12 -0.53 0.60 0.39 0.78 0.11 -1.94 0.91 0.64 -0.39 -0.94 0.00 0.00 0.00 0.00 0.00 0.00 0.00 -0.35 -0.75 0.31 0.67 -0.41 1.61 -1.18 -0.11 0.82 0.86 0.27 1.46 -0.23 0.04 0.58 1.06 0.02 -1.08 1.05 0.13 -0.08 -0.56 0.36 0.00 0.00 0.00 0.00 0.00 0.00 0.00 0.47 1.59 -0.06 -0.28 0.86 0.03 -0.52 0.46 -0.13 -0.39 0.02 -0.64 0.39 1.53 -0.29 0.40 -1.06 1.04 -0.29 0.55 -0.40 -0.83 -0.67 0.00 0.00 0.00 0.00 0.00 0.00 0.00 -0.09 0.80 -0.98 0.31 -0.19 -1.04 -0.01 1.49 -0.23 -0.66 0.28 -1.11 -0.84 -0.30 -0.33 -0.64 0.14 0.94 -0.16 0.14 0.73 0.80 0.83 0.00 0.00 0.00 0.00 0.00 0.00 0.00 1.07 -0.52 0.14 0.41 0.38 -0.56 -0.40 -0.08 -0.59 1.20 -0.59 -0.14 -0.14 1.45 0.51 0.56 0.81 -0.42 -0.82 -0.05 -0.26 0.19 -0.75 0.00 0.00 0.00 0.00 0.00 0.00 0.00 0.00 -0.82 0.62 -0.28 -1.50 0.16 -0.16 -0.06 0.95 -0.16 -0.14 -0.03 -0.26 0.35 -0.04 0.18 0.32 -0.55 1.13 -0.27 -0.38 0.48 -0.09 0.00 0.00 0.00 0.00 0.00 0.00 0.00 0.00 -0.01 -0.17 -0.25 -0.94 0.57 -0.06 0.22 0.42 0.15 -0.33 0.30 -0.00 0.32 -0.58 0.97 -0.26 -0.76 1.21 -0.75 0.66 0.43 -0.27 0.00 0.00 0.00 0.00 0.00 0.00 0.00 0.00 0.17 -0.02 -0.22 -0.51 0.04 0.80 -0.60 0.17 -0.79 0.20 -0.14 -0.59 0.43 -0.28 0.49 -1.17 1.60 0.29 -0.49 0.62 -0.04 0.00 0.00 0.00 0.00 0.00 0.00 0.00 0.00 0.00 -0.23 0.19 -0.18 0.74 0.27 -0.31 -1.21 0.01 0.87 -0.55 -0.17 0.05 -0.17 1.32 -0.64 0.78 1.01 1.67 1.69 -1.31 0.34 0.00 0.00 0.00 0.00 0.00 0.00 0.00 0.00 0.00 0.25 -1.06 -0.06 -0.17 0.54 -1.30 0.80 -0.06 0.52 -0.32 0.01 -0.20 -0.35 0.13 -0.78 0.09 -0.59 0.33 0.23 -1.37 0.18 0.00 0.00 0.00 0.00 0.00 0.00 0.00 0.00 0.00 0.00 0.56 -0.38 1.30 0.97 0.10 -0.24 0.52 0.58 -1.28 -0.01 -0.33 -0.58 0.83 -0.52 1.16 0.19 0.24 0.76 0.10 0.16 0.00 0.00 0.00 0.00 0.00 0.00 0.00 0.00 0.00 0.00 -0.83 -0.18 2.59 -0.06 0.58 0.64 -0.35 0.19 0.08 -0.64 -1.28 1.03 -0.45 -0.59 -0.63 1.32 -1.08 0.52 0.39 0.00 0.00 0.00 0.00 0.00 0.00 0.00 0.00 0.00 0.00 0.00 -0.60 1.00 0.27 1.13 0.19 -0.63 0.22 -0.54 -0.90 -0.17 0.09 -0.27 0.84 0.12 -0.17 -0.45 0.17 0.01 0.15 0.00 0.00 0.00 0.00 0.00 0.00 0.00 0.00 0.00 0.00 0.00 -0.12 0.41 0.90 -0.50 0.40 -0.89 -0.33 0.05 -0.54 0.04 -0.61 -0.69 -0.86 0.48 1.15 0.02 -0.18 0.09 -1.09 0.00 0.00 0.00 0.00 0.00 0.00 0.00 0.00 0.00 0.00 0.00 0.00 0.74 -0.65 -0.08 -1.33 0.38 -0.32 -1.22 0.39 0.42 0.05 0.24 0.02 0.52 -0.83 0.36 -0.81 -0.79 -1.47 0.00 0.00 0.00 0.00 0.00 0.00 0.00 0.00 0.00 0.00 0.00 0.00 0.17 0.02 -1.25 0.59 -1.04 0.34 -0.02 -0.31 0.78 0.37 -0.96 -0.00 0.03 -0.09 -0.28 -0.22 -0.26 0.00 0.00 0.00 0.00 0.00 0.00 0.00 0.00 0.00 0.00 0.00 0.00 0.00 -0.59 -0.31 -1.37 -0.25 0.54 -0.74 1.02 -0.91 -0.67 0.23 0.02 0.21 -0.22 0.34 -0.95 0.49 0.73 0.00 0.00 0.00 0.00 0.00 0.00 0.00 0.00 0.00 0.00 0.00 0.00 0.00 -0.50 -1.44 1.56 -0.24 -1.11 -0.47 -1.36 0.42 -0.14 0.48 -0.64 -0.28 -0.48 0.23 0.72 0.46 -0.94 0.00 0.00 0.00 0.00 0.00 0.00 0.00 0.00 0.00 0.00 0.00 0.00 0.00 0.00 -0.38 -0.62 0.46 -0.87 0.43 -0.21 0.41 -0.16 -0.10 0.21 0.36 -0.21 -0.05 0.97 0.60 0.00 0.00 0.00 0.00 0.00 0.00 0.00 0.00 0.00 0.00 0.00 0.00 0.00 0.00 0.00 0.59 -0.55 0.94 0.60 1.70 -0.50 -0.22 0.34 0.16 -0.13 0.97 0.85 -0.00 1.31 1.15 0.00 0.00 0.00 0.00 0.00 0.00 0.00 0.00 0.00 0.00 0.00 0.00 0.00 0.00 0.00 0.00 -0.56 -0.35 -0.80 0.96 -0.19 0.60 0.30 -0.01 -0.67 -0.94 0.87 -0.85 0.01 0.33 0.00 0.00 0.00 0.00 0.00 0.00 0.00 0.00 0.00 0.00 0.00 0.00 0.00 0.00 0.00 0.00 0.59 -0.32 -0.39 -0.36 0.84 0.47 -0.32 1.37 -0.56 -0.64 -0.10 -1.47 -0.19 0.00 0.00 0.00 0.00 0.00 0.00 0.00 0.00 0.00 0.00 0.00 0.00 0.00 0.00 0.00 0.00 0.00 0.78 0.15 0.90 -0.86 -0.31 0.51 0.85 -0.64 1.80 -0.69 0.90 -1.25 -1.28 0.00 0.00 0.00 0.00 0.00 0.00 0.00 0.00 0.00 0.00 0.00 0.00 0.00 0.00 0.00 0.00 0.00 0.00 -0.74 0.44 0.19 0.92 -1.66 -0.86 -1.48 0.07 -0.51 1.04 1.28 0.00 0.00 0.00 0.00 0.00 0.00 0.00 0.00 0.00 0.00 0.00 0.00 0.00 0.00 0.00 0.00 0.00 0.00 0.00 0.00 -0.02 -0.41 -1.18 -0.52 0.29 -0.27 0.37 0.12 -1.07 -0.06 0.00 0.00 0.00 0.00 0.00 0.00 0.00 0.00 0.00 0.00 0.00 0.00 0.00 0.00 0.00 0.00 0.00 0.00 0.00 0.00 0.81 0.09 0.58 -0.76 -0.28 -0.15 -0.93 0.62 -0.29 0.00 0.00 0.00 0.00 0.00 0.00 0.00 0.00 0.00 0.00 0.00 0.00 0.00 0.00 0.00 0.00 0.00 0.00 0.00 0.00 0.00 0.00 -0.25 0.35 0.41 1.57 -0.88 0.44 -0.19 0.00 0.00 0.00 0.00 0.00 0.00 0.00 0.00 0.00 0.00 0.00 0.00 0.00 0.00 0.00 0.00 0.00 0.00 0.00 0.00 0.00 0.00 0.00 0.00 0.16 0.41 -0.82 1.17 0.54 0.00 0.00 0.00 0.00 0.00 0.00 0.00 0.00 0.00 0.00 0.00 0.00 0.00 0.00 0.00 0.00 0.00 0.00 0.00 0.00 0.00 0.00 0.00 0.00 0.00 0.00 0.00 0.78 -0.05 0.00 0.00 0.00 0.00 0.00 0.00 0.00 0.00 0.00 0.00 0.00 0.00 0.00
rain_type.data=0 0 0 0 0 0 0 0 0 0 0 0 0 0 0 0 0 0 0 0 0 0 0 0 0 0 0 0 0 0 0 0 0 0 0 0 0 0 0 0 0 0 0 0 1 1 1 0 0 0 0 0 0 0 0 0 0 0 0 0 0 0 0 0 0 0 0 0 0 0 0 0 1 1 1 1 1 1 1 0 0 0 0 0 0 0 0 0 0 0 0 0 0 0 0 0 0 0 0 0 0 1 1 1 1 1 1 1 1 1 0 0 0 0 0 0 0 0 0 0 0 0 0 0 0 0 0 0 0 0 1 1 1 1 1 1 1 1 1 1 1 0 0 0 0 0 0 0 0 0 0 0 0 0 0 0 0 0 0 1 2 2 2 1 1 1 1 1 1 1 1 1 0 0 0 0 0 0 0 0 0 0 0 0 0 0 0 0 0 2 2 2 2 2 1 1 1 1 1 1 1 1 1 0 0 0 0 0 0 0 0 0 0 0 0 0 0 0 2 2 2 2 2 2 2 1 1 1 1 1 1 1 1 0 0 0 0 0 0 0 0 0 0 0 0 0 0 0 2 2 2 2 2 2 2 2 1 1 1 1 1 1 1 1 0 0 0 0 0 0 0 0 0 0 0 0 0 2 2 2 2 2 2 2 2 2 1 1 1 1 1 1 1 1 0 0 0 0 0 0 0 0 0 0 0 0 0 2 2 2 2 2 2 2 2 2 2 1 1 1 1 1 1 1 1 0 0 0 0 0 0 0 0 0 0 0 2 2 2 2 2 2 2 2 2 2 2 1 1 1 1 1 1 1 1 0 0 0 0 0 0 0 0 0 0 0 2 2 2 2 2 2 2 2 2 2 2 1 1 1 1 1 1 1 1 0 0 0 0 0 0 0 0 0 0 0 2 2 2 2 2 2 2 2 2 2 2 2 1 1 1 1 1 1 1 1 0 0 0 0 0 0 0 0 0 1 2 2 2 2 2 2 2 2 2 2 2 2 1 1 1 1 1 1 1 1 0 0 0 0 0 0 0 0 0 2 2 2 2 2 2 2 2 2 2 2 2 2 1 1 1 1 1 1 1 1 0 0 0 0 0 0 0 0 0 2 2 2 2 2 2 2 2 2 2 2 2 2 1 1 1 1 1 1 1 1 0 0 0 0 0 0 0 0 0 2 2 2 2 2 2 2 2 2 2 2 2 2 1 1 1 1 1 1 1 1 1 0 0 0 0 0 0 0 1 2 2 2 2 2 2 2 2 2 2 2 2 2 1 1 1 1 1 1 1 1 1 0 0 0 0 0 0 0 1 2 2 2 2 2 2 2 2 2 2 2 2 2 2 1 1 1 1 1 1 1 1 0 0 0 0 0 0 0 1 2 2 2 2 2 2 2 2 2 2 2 2 2 2 1 1 1 1 1 1 1 1 0 0 0 0 0 0 0 1 2 2 2 2 2 2 2 2 2 2 2 2 2 2 1 1 1 1 1 1 1 1 0 0 0 0 0 0 0 1 2 2 2 2 2 2 2 2 2 2 2 2 2 2 1 1 1 1 1 1 1 1 1 0 0 0 0 0 0 1 2 2 2 2 2 2 2 2 2 2 2 2 2 2 1 1 1 1 1 1 1 1 1 0 0 0 0 0 0 1 2 2 2 2 2 2 2 2 2 2 2 2 2 2 1 1 1 1 1 1 1 1 1 0 0 0 0 0 1 1 2 2 2 2 2 2 2 2 2 2 2 2 2 2 1 1 1 1 1 1 1 1 1 0 0 0 0 0 1 1 2 2 2 2 2 2 2 2 2 2 2 2 2 2 1 1 1 1 1 1 1 1 1 0 0 0 0 0 1 1 2 2 2 2 2 2 2 2 2 2 2 2 2 2 1 1 1 1 1 1 1 1 1 0 0 0 0 0 1 1 2 2 2 2 2 2 2 2 2 2 2 2 2 2 1 1 1 1 1 1 1 1 1 0 0 0 0 0 1 1 2 2 2 2 2 2 2 2 2 2 2 2 2 2 1 1 1 1 1 1 1 1 1 0 0 0 0 0 1 1 2 2 2 2 2 2 2 2 2 2 2 2 2 1 1 1 1 1 1 1 1 1 1 0 0 0 0 0 1 1 2 2 2 2 2 2 2 2 2 2 2 2 2 1 1 1 1 1 1 1 1 1 1 0 0 0 0 0 1 1 2 2 2 2 2 2 2 2 2 2 2 2 2 1 1 1 1 1 1 1 1 1 1 0 0 0 0 0 1 1 2 2 2 2 2 2 2 2 2 2 2 2 2 1 1 1 1 1 1 1 1 1 1 0 0 0 0 0 1 1 1 2 2 2 2 2 2 2 2 2 2 2 2 1 1 1 1 1 1 1 1 1 1 0 0 0 0 0 1 1 1 2 2 2 2 2 2 2 2 2 2 2 2 1 1 1 1 1 1 1 1 1 1 1 0 0 0 0 1 1 1 2 2 2 2 2 2 2 2 2 2 2 1 1 1 1 1 1 1 1 1 1 1 1 0 0 0 0 1 1 1 2 2 2 2 2 2 2 2 2 2 2 1 1 1 1 1 1 1 1 1 1 1 1 0 0 0 0 1 1 1 1 2 2 2 2 2 2 2 2 2 2 1 1 1 1 1 1 1 1 1 1 1 1 0 0 0 0 1 1 1 1 2 2 2 2 2 2 2 2 2 2 1 1 1 1 1 1 1 1 1 1 1 1 0 0 0 0 1 1 1 1 2 2 2 2 2 2 2 2 2 1 1 1 1 1 1 1 1 1 1 1 1 0 0 0 0 0 1 1 1 1 1 2 2 2 2 2 2 2 2 1 1 1 1 1 1 1 1 1 1 1 1 0 0 0 0 0 1 1 1 1 1 2 2 2 2 2 2 2 1 1 1 1 1 1 1 1 1 1 1 1 1 0 0 0 0 0 1 1 1 1 1 1 2 2 2 2 2 2 1 1 1 1 1 1 1 1 1 1 1 1 1 0 0 0 0 0 1 1 1 1 1 1 2 2 2 2 2 1 1 1 1 1 1 1 1 1 1 1 1 1 1 0 0 0 0 0 1 1 1 1 1 1 1 1 2 2 1 1 1 1 1 1 1 1 1 1 1 1 1 1 1 0 0 0 0 0 1 1 1 1 1 1 1 1 1 1 1 1 1 1 1 1 1 1 1 1 1 1 1 1 1 0 0 0 0 0 1 1 1 1 1 1 1 1 1 1 1 1 1 1 1 1 1 1 1 1 1 1 1 1 1 0 0 0 0 0 1 1 1 1 1 1 1 1 1 1 1 1 1 1 1 1 1 1 1 1 1 1 1 1 1 0 0 0 0 0 1 1 1 1 1 1 1 1 1 1 1 1 1 1 1 1 1 1 1 1 1 1 1 1 1 0 0 0 0 0 1 1 1 1 1 1 1 1 1 1 1 1 1 1 1 1 1 1 1 1 1 1 1 1 1 0 0 0 0 0 0 1 1 1 1 1 1 1 1 1 1 1 1 1 1 1 1 1 1 1 1 1 1 1 1 0 0 0 0 0 0 1 1 1 1 1 1 1 1 1 1 1 1 1 1 1 1 1 1 1 1 1 1 1 1 0 0 0 0 0 0 1 1 1 1 1 1 1 1 1 1 1 1 1 1 1 1 1 1 1 1 1 1 1 1 0 0 0 0 0 0 1 1 1 1 1 1 1 1 1 1 1 1 1 1 1 1 1 1 1 1 1 1 1 0 0 0 0 0 0 0 1 1 1 1 1 1 1 1 1 1 1 1 1 1 1 1 1 1 1 1 1 1 1 0 0 0 0 0 0 0 1 1 1 1 1 1 1 1 1 1 1 1 1 1 1 1 1 1 1 1 1 1 1 0 0 0 0 0 0 0 1 1 1 1 1 1 1 1 1 1 1 1 1 1 1 1 1 1 1 1 1 1 1 0 0 0 0 0 0 0 1 1 1 1 1 1 1 1 1 1 1 1 1 1 1 1 1 1 1 1 1 1 1 0 0 0 0 0 0 0 0 1 1 1 1 1 1 1 1 1 1 1 1 1 1 1 1 1 1 1 1 1 1 0 0 0 0 0 0 0 0 1 1 1 1 1 1 1 1 1 1 1 1 1 1 1 1 1 1 1 1 1 1 0 0 0 0 0 0 0 0 1 1 1 1 1 1 1 1 1 1 1 1 1 1 1 1 1 1 1 1 1 0 0 0 0 0 0 0 0 0 1 1 1 1 1 1 1 1 1 1 1 1 1 1 1 1 1 1 1 1 1 0 0 0 0 0 0 0 0 0 1 1 1 1 1 1 1 1 1 1 1 1 1 1 1 1 1 1 1 1 1 0 0 0 0 0 0 0 0 0 0 1 1 1 1 1 1 1 1 1 1 1 1 1 1 1 1 1 1 1 1 0 0 0 0 0 0 0 0 0 0 1 1 1 1 1 1 1 1 1 1 1 1 1 1 1 1 1 1 1 0 0 0 0 0 0 0 0 0 0 0 1 1 1 1 1 1 1 1 1 1 1 1 1 1 1 1 1 1 1 0 0 0 0 0 0 0 0 0 0 0 1 1 1 1 1 1 1 1 1 1 1 1 1 1 1 1 1 1 1 0 0 0 0 0 0 0 0 0 0 0 0 1 1 1 1 1 1 1 1 1 1 1 1 1 1 1 1 1 1 0 0 0 0 0 0 0 0 0 0 0 0 1 1 1 1 1 1 1 1 1 1 1 1 1 1 1 1 1 0 0 0 0 0 0 0 0 0 0 0 0 0 1 1 1 1 1 1 1 1 1 1 1 1 1 1 1 1 1 0 0 0 0 0 0 0 0 0 0 0 0 0 1 1 1 1 1 1 1 1 1 1 1 1 1 1 1 1 1 0 0 0 0 0 0 0 0 0 0 0 0 0 0 1 1 1 1 1 1 1 1 1 1 1 1 1 1 1 0 0 0 0 0 0 0 0 0 0 0 0 0 0 0 1 1 1 1 1 1 1 1 1 1 1 1 1 1 1 0 0 0 0 0 0 0 0 0 0 0 0 0 0 0 0 1 1 1 1 1 1 1 1 1 1 1 1 1 1 0 0 0 0 0 0 0 0 0 0 0 0 0 0 0 0 1 1 1 1 1 1 1 1 1 1 1 1 1 0 0 0 0 0 0 0 0 0 0 0 0 0 0 0 0 0 1 1 1 1 1 1 1 1 1 1 1 1 1 0 0 0 0 0 0 0 0 0 0 0 0 0 0 0 0 0 0 1 1 1 1 1 1 1 1 1 1 1 0 0 0 0 0 0 0 0 0 0 0 0 0 0 0 0 0 0 0 0 1 1 1 1 1 1 1 1 1 1 0 0 0 0 0 0 0 0 0 0 0 0 0 0 0 0 0 0 0 0 1 1 1 1 1 1 1 1 1 0 0 0 0 0 0 0 0 0 0 0 0 0 0 0 0 0 0 0 0 0 0 1 1 1 1 1 1 1 0 0 0 0 0 0 0 0 0 0 0 0 0 0 0 0 0 0 0 0 0 0 0 0 1 1 1 1 1 0 0 0 0 0 0 0 0 0 0 0 0 0 0 0 0 0 0 0 0 0 0 0 0 0 0 0 1 1 0 0 0 0 0 0 0 0 0 0 0 0 0
estimated_attenuation.size=2490
estimated_attenuation.data=0.00 0.00 0.00 0.00 0.00 0.00 0.00 0.00 0.00 0.00 0.00 0.00 0.00 0.00 0.00 0.00 0.00 0.00 0.00 0.00 0.00 0.00 0.00 0.00 0.00 0.00 0.00 0.00 0.00 0.00 0.00 0.00 0.00 0.00 0.00 0.00 0.00 0.00 0.00 0.00 0.00 0.00 0.00 0.00 0.00 0.00 0.00 0.00 0.00 0.00 0.00 0.00 0.00 0.00 0.00 0.00 0.00 0.00 0.00 0.00 0.00 0.00 0.00 0.00 0.00 0.00 0.00 0.00 0.00 0.00 0.00 0.00 0.00 0.00 0.00 0.00 0.00 0.00 0.00 0.00 0.00 0.00 0.00 0.00 0.00 0.00 0.00 0.00 0.00 0.00 0.00 0.00 0.00 0.00 0.00 0.00 0.00 0.00 0.00 0.00 0.00 0.00 0.00 0.00 0.00 0.00 0.00 0.00 0.00 0.00 0.00 0.00 0.00 0.00 0.00 0.00 0.00 0.00 0.00 0.00 0.00 0.00 0.00 0.00 0.00 0.00 0.00 0.00 0.00 0.00 0.00 0.00 0.00 0.00 0.00 0.00 0.00 0.00 0.00 0.00 0.00 0.00 0.00 0.00 0.00 0.00 0.00 0.00 0.00 0.00 0.00 0.00 0.00 0.00 0.00 0.00 0.00 0.00 0.00 0.00 0.00 0.00 0.00 0.00 0.00 0.00 0.00 0.00 0.00 0.00 0.00 0.00 0.00 0.00 0.00 0.00 0.00 0.00 0.00 0.00 0.00 0.00 0.00 0.00 0.00 0.00 0.00 0.00 0.00 0.00 0.00 0.00 0.00 0.00 0.00 0.00 0.00 0.00 0.00 0.00 0.00 0.00 0.00 0.00 0.00 0.00 0.00 0.00 0.00 0.00 0.00 0.00 0.00 0.00 0.00 0.00 0.00 0.00 0.00 0.00 0.00 0.00 0.00 0.00 0.00 0.00 0.00 0.00 0.00 0.00 0.00 0.00 0.00 0.00 0.00 0.00 0.00 0.00 0.00 0.00 0.00 0.00 0.00 0.00 0.00 0.00 0.00 0.00 0.00 0.00 0.00 0.00 0.00 0.00 0.00 0.00 0.00 0.00 0.00 0.00 0.00 0.00 0.00 0.00 0.00 0.00 0.00 0.00 0.00 0.00 0.00 0.00 0.00 0.00 0.00 0.00 0.00 0.00 0.00 0.00 0.00 0.00 0.00 0.00 0.00 0.00 0.00 0.00 0.00 0.00 0.00 0.00 0.00 0.00 0.00 0.00 0.00 0.00 0.00 0.00 0.00 0.00 0.00 0.00 0.00 0.00 0.00 0.00 0.00 0.00 0.00 0.00 0.00 0.00 0.00 0.00 0.00 0.00 0.00 0.00 0.00 0.00 0.00 0.00 0.00 0.00 0.00 0.00 0.00 0.00 0.00 0.00 0.00 0.00 0.00 0.00 0.00 0.00 0.00 0.00 0.00 0.00 0.00 0.00 0.00 0.00 0.00 0.00 0.00 0.00 0.00 0.00 0.00 0.00 0.00 0.00 0.00 0.00 0.00 0.00 0.00 0.00 0.00 0.00 0.00 0.00 0.00 0.00 0.00 0.00 0.00 0.00 0.00 0.00 0.00 0.00 0.00 0.00 0.00 0.00 0.00 0.00 0.00 0.00 0.00 0.00 0.00 0.00 0.00 0.00 0.00 0.00 0.00 0.00 0.00 0.00 0.00 0.00 0.00 0.00 0.00 0.00 0.00 0.00 0.00 0.00 0.00 0.00 0.00 0.00 0.00 0.00 0.00 0.00 0.00 0.00 0.00 0.00 0.00 0.00 0.00 0.00 0.00 0.00 0.00 0.00 0.00 0.00 0.00 0.00 0.00 0.00 0.00 0.00 0.00 0.00 0.00 0.00 0.00 0.00 0.00 0.00 0.00 0.00 0.00 0.00 0.00 0.00 0.00 0.00 0.00 0.00 0.00 0.00 0.00 0.00 0.00 0.00 0.00 0.00 0.00 0.00 0.00 0.00 0.00 0.00 0.00 0.00 0.00 0.00 0.00 0.00 0.00 0.00 0.00 0.00 0.00 0.00 0.00 0.00 0.00 0.00 0.00 0.00 0.00 0.00 0.00 0.00 0.00 0.00 0.00 0.00 0.00 0.00 0.00 0.00 0.00 0.00 0.00 0.00 0.00 0.00 0.00 0.00 0.00 0.00 0.00 0.00 0.00 0.00 0.00 0.00 0.00 0.00 0.00 0.00 0.00 0.00 0.00 0.00 0.00 0.00 0.00 0.00 0.00 0.00 0.00 0.00 0.00 0.00 0.00 0.00 0.00 0.00 0.00 0.00 0.00 0.00 0.00 0.00 0.00 0.00 0.00 0.00 0.00 0.00 0.00 0.00 0.00 0.00 0.00 0.00 0.00 0.00 0.00 0.00 0.00 0.00 0.00 0.00 0.00 0.00 0.00 0.00 0.00 0.00 0.00 0.00 0.00 0.00 0.00 0.00 0.00 0.00 0.00 0.00 0.00 0.00 0.00 0.00 0.00 0.00 0.00 0.00 0.00 0.00 0.00 0.00 0.00 0.00 0.00 0.00 0.00 0.00 0.00 0.00 0.00 0.00 0.00 0.00 0.00 0.00 0.00 0.00 0.00 0.00 0.00 0.00 0.00 0.00 0.00 0.00 0.00 0.00 0.00 0.00 0.00 0.00 0.00 0.00 0.00 0.00 0.00 0.00 0.00 0.00 0.00 0.00 0.00 0.00 0.00 0.00 0.00 0.00 0.00 0.00 0.00 0.00 0.00 0.00 0.00 0.00 0.00 0.00 0.00 0.00 0.00 0.00 0.00 0.00 0.00 0.00 0.00 0.00 0.00 0.00 0.00 0.00 0.00 0.00 0.00 0.00 0.00 0.00 0.00 0.00 0.00 0.00 0.00 0.00 0.00 0.00 0.00 0.00 0.00 0.00 0.00 0.00 0.00 0.00 0.00 0.00 0.00 0.00 0.00 0.00 0.00 0.00 0.00 0.00 0.00 0.00 0.00 0.00 0.00 0.00 0.00 0.00 0.00 0.00 0.00 0.00 0.00 0.00 0.00 0.00 0.00 0.00 0.00 0.00 0.00 0.00 0.00 0.00 0.00 0.00 0.00 0.00 0.00 0.00 0.00 0.00 0.00 0.00 0.00 0.00 0.00 0.00 0.00 0.00 0.00 0.00 0.00 0.00 0.00 0.00 0.00 0.00 0.00 0.00 0.00 0.00 0.00 0.00 0.00 0.00 0.00 0.00 0.00 0.00 0.00 0.00 0.00 0.00 0.00 0.00 0.00 0.00 0.00 0.00 0.00 0.00 0.00 0.00 0.00 0.00 0.00 0.00 0.00 0.00 0.00 0.00 0.00 0.00 0.00 0.00 0.00 0.00 0.00 0.00 0.00 0.00 0.00 0.00 0.00 0.00 0.00 0.00 0.00 0.00 0.00 0.00 0.00 0.00 0.00 0.00 0.00 0.00 0.00 0.00 0.00 0.00 0.00 0.00 0.00 0.00 0.00 0.00 0.00 0.00 0.00 0.00 0.00 0.00 0.00 0.00 0.00 0.00 0.00 0.00 0.00 0.00 0.00 0.00 0.00 0.00 0.00 0.00 0.00 0.00 0.00 0.00 0.00 0.00 0.00 0.00 0.00 0.00 0.00 0.00 0.00 0.00 0.00 0.00 0.00 0.00 0.00 0.00 0.00 0.00 0.00 0.00 0.00 0.00 0.00 0.00 0.00 0.00 0.00 0.00 0.00 0.00 0.00 0.00 0.00 0.00 0.00 0.00 0.00 0.00 0.00 0.00 0.00 0.00 0.00 0.00 0.00 0.00 0.00 0.00 0.00 0.00 0.00 0.00 0.00 0.00 0.00 0.00 0.00 0.00 0.00 0.00 0.00 0.00 0.00 0.00 0.00 0.00 0.00 0.00 0.00 0.00 0.00 0.00 0.00 0.00 0.00 0.00 0.00 0.00 0.00 0.00 0.00 0.00 0.00 0.00 0.00 0.00 0.00 0.00 0.00 0.00 0.00 0.00 0.00 0.00 0.00 0.00 0.00 0.00 0.00 0.00 0.00 0.00 0.00 0.00 0.00 0.00 0.00 0.00 0.00 0.00 0.00 0.00 0.00 0.00 0.00 0.00 0.00 0.00 0.00 0.00 0.00 0.00 0.00 0.00 0.00 0.00 0.00 0.00 0.00 0.00 0.00 0.00 0.00 0.00 0.00 0.00 0.00 0.00 0.00 0.00 0.00 0.00 0.00 0.00 0.00 0.00 0.00 0.00 0.00 0.00 0.00 0.00 0.00 0.00 0.00 0.00 0.00 0.00 0.00 0.00 0.00 0.00 0.00 0.00 0.00 0.00 0.00 0.00 0.00 0.00 0.00 0.00 0.00 0.00 0.00 0.00 0.00 0.00 0.00 0.00 0.00 0.00 0.00 0.00 0.00 0.00 0.00 0.00 0.00 0.00 0.00 0.00 0.00 0.00 0.00 0.00 0.00 0.00 0.00 0.00 0.00 0.00 0.00 0.00 0.00 0.00 0.00 0.00 0.00 0.00 0.00 0.00 0.00 0.00 0.00 0.00 0.00 0.00 0.00 0.00 0.00 0.00 0.00 0.00 0.00 0.00 0.00 0.00 0.00 0.00 0.00 0.00 0.00 0.00 0.00 0.00 0.00 0.00 0.00 0.00 0.00 0.00 0.00 0.00 0.00 0.00 0.00 0.00 0.00 0.00 0.00 0.00 0.00 0.00 0.00 0.00 0.00 0.00 0.00 0.00 0.00 0.00 0.00 0.00 0.00 0.00 0.00 0.00 0.00 0.00 0.00 0.00 0.00 0.00 0.00 0.00 0.00 0.00 0.00 0.00 0.00 0.00 0.00 0.00 0.00 0.00 0.00 0.00 0.00 0.00 0.00 0.00 0.00 0.00 0.00 0.00 0.00 0.00 0.00 0.00 0.00 0.00 0.00 0.00 0.00 0.00 0.00 0.00 0.00 0.00 0.00 0.00 0.00 0.00 0.00 0.00 0.00 0.00 0.00 0.00 0.00 0.00 0.00 0.00 0.00 0.00 0.00 0.00 0.00 0.00 0.00 0.00 0.00 0.00 0.00 0.00 0.00 0.00 0.00 0.00 0.00 0.00 0.00 0.00 0.00 0.00 0.00 0.00 0.00 0.00 0.00 0.00 0.00 0.00 0.00 0.00 0.00 0.00 0.00 0.00 0.00 0.00 0.00 0.00 0.00 0.00 0.00 0.00 0.00 0.00 0.00 0.00 0.00 0.00 0.00 0.00 0.00 0.00 0.00 0.00 0.00 0.00 0.00 0.00 0.00 0.00 0.00 0.00 0.00 0.00 0.00 0.00 0.00 0.00 0.00 0.00 0.00 0.00 0.00 0.00 0.00 0.00 0.00 0.00 0.00 0.00 0.00 0.00 0.00 0.00 0.00 0.00 0.00 0.00 0.00 0.00 0.00 0.00 0.00 0.00 0.00 0.00 0.00 0.00 0.00 0.00 0.00 0.00 0.00 0.00 0.00 0.00 0.00 0.00 0.00 0.00 0.00 0.00 0.00 0.00 0.00 0.00 0.00 0.00 0.00 0.00 0.00 0.00 0.00 0.00 0.00 0.00 0.00 0.00 0.00 0.00 0.00 0.00 0.00 0.00 0.00 0.00 0.00 0.00 0.00 0.00 0.00 0.00 0.00 0.00 0.00 0.00 0.00 0.00 0.00 0.00 0.00 0.00 0.00 0.00 0.00 0.00 0.00 0.00 0.00 0.00 0.00 0.00 0.00 0.00 0.00 0.00 0.00 0.00 0.00 0.00 0.00 0.00 0.00 0.00 0.00 0.00 0.00 0.00 0.00 0.00 0.00 0.00 0.00 0.00 0.00 0.00 0.00 0.00 0.00 0.00 0.00 0.00 0.00 0.00 0.00 0.00 0.00 0.00 0.00 0.00 0.00 0.00 0.00 0.00 0.00 0.00 0.00 0.00 0.00 0.00 0.00 0.00 0.00 0.00 0.00 0.00 0.00 0.00 0.00 0.00 0.00 0.00 0.00 0.00 0.00 0.00 0.00 0.00 0.00 0.00 0.00 0.00 0.00 0.00 0.00 0.00 0.00 0.00 0.00 0.00 0.00 0.00 0.00 0.00 0.00 0.00 0.00 0.00 0.00 0.00 0.00 0.00 0.00 0.00 0.00 0.00 0.00 0.00 0.00 0.00 0.00 0.00 0.00 0.00 0.00 0.00 0.00 0.00 0.00 0.00 0.00 0.00 0.00 0.00 0.00 0.00 0.00 0.00 0.00 0.00 0.00 0.00 0.00 0.00 0.00 0.00 0.00 0.00 0.00 0.00 0.00 0.00 0.00 0.00 0.00 0.00 0.00 0.00 0.00 0.00 0.00 0.00 0.00 0.00 0.00 0.00 0.00 0.00 0.00 0.00 0.00 0.00 0.00 0.00 0.00 0.00 0.00 0.00 0.00 0.00 0.00 0.00 0.00 0.00 0.00 0.00 0.00 0.00 0.00 0.00 0.00 0.00 0.00 0.00 0.00 0.00 0.00 0.00 0.00 0.00 0.00 0.00 0.00 0.00 0.00 0.00 0.00 0.00 0.00 0.00 0.00 0.00 0.00 0.00 0.00 0.00 0.00 0.00 0.00 0.00 0.00 0.00 0.00 0.00 0.00 0.00 0.00 0.00 0.00 0.00 0.00 0.00 0.00 0.00 0.00 0.00 0.00 0.00 0.00 0.00 0.00 0.00 0.00 0.00 0.00 0.00 0.00 0.00 0.00 0.00 0.00 0.00 0.00 0.00 0.00 0.00 0.00 0.00 0.00 0.00 0.00 0.00 0.00 0.00 0.00 0.00 0.00 0.00 0.00 0.00 0.00 0.00 0.00 0.00 0.00 0.00 0.00 0.00 0.00 0.00 0.00 0.00 0.00 0.00 0.00 0.00 0.00 0.00 0.00 0.00 0.00 0.00 0.00 0.00 0.00 0.00 0.00 0.00 0.00 0.00 0.00 0.00 0.00 0.00 0.00 0.00 0.00 0.00 0.00 0.00 0.00 0.00 0.00 0.00 0.00 0.00 0.00 0.00 0.00 0.00 0.00 0.00 0.00 0.00 0.00 0.00 0.00 0.00 0.00 0.00 0.00 0.00 0.00 0.00 0.00 0.00 0.00 0.00 0.00 0.00 0.00 0.00 0.00 0.00 0.00 0.00 0.00 0.00 0.00 0.00 0.00 0.00 0.00 0.00 0.00 0.00 0.00 0.00 0.00 0.00 0.00 0.00 0.00 0.00 0.00 0.00 0.00 0.00 0.00 0.00 0.00 0.00 0.00 0.00 0.00 0.00 0.00 0.00 0.00 0.00 0.00 0.00 0.00 0.00 0.00 0.00 0.00 0.00 0.00 0.00 0.00 0.00 0.00 0.00 0.00 0.00 0.00 0.00 0.00 0.00 0.00 0.00 0.00 0.00 0.00 0.00 0.00 0.00 0.00 0.00 0.00 0.00 0.00 0.00 0.00 0.00 0.00 0.00 0.00 0.00 0.00 0.00 0.00 0.00 0.00 0.00 0.00 0.00 0.00 0.00 0.00 0.00 0.00 0.00 0.00 0.00 0.00 0.00 0.00 0.00 0.00 0.00 0.00 0.00 0.00 0.00 0.00 0.00 0.00 0.00 0.00 0.00 0.00 0.00 0.00 0.00 0.00 0.00 0.00 0.00 0.00 0.00 0.00 0.00 0.00 0.00 0.00 0.00 0.00 0.00 0.00 0.00 0.00 0.00 0.00 0.00 0.00 0.00 0.00 0.00 0.00 0.00 0.00 0.00 0.00 0.00 0.00 0.00 0.00 0.00 0.00 0.00 0.00 0.00 0.00 0.00 0.00 0.00 0.00 0.00 0.00 0.00 0.00 0.00 0.00 0.00 0.00 0.00 0.00 0.00 0.00 0.00 0.00 0.00 0.00 0.00 0.00 0.00 0.00 0.00 0.00 0.00 0.00 0.00 0.00 0.00 0.00 0.00 0.00 0.00 0.00 0.00 0.00 0.00 0.00 0.00 0.00 0.00 0.00 0.00 0.00 0.00 0.00 0.00 0.00 0.00 0.00 0.00 0.00 0.00 0.00 0.00 0.00 0.00 0.00 0.00 0.00 0.00 0.00 0.00 0.00 0.00 0.00 0.00 0.00 0.00 0.00 0.00 0.00 0.00 0.00 0.00 0.00 0.00 0.00 0.00 0.00 0.00 0.00 0.00 0.00 0.00 0.00 0.00 0.00 0.00 0.00 0.00 0.00 0.00 0.00 0.00 0.00 0.00 0.00 0.00 0.00 0.00 0.00 0.00 0.00 0.00 0.00 0.00 0.00 0.00 0.00 0.00 0.00 0.00 0.00 0.00 0.00 0.00 0.00 0.00 0.00 0.00 0.00 0.00 0.00 0.00 0.00 0.00 0.00 0.00 0.00 0.00 0.00 0.00 0.00 0.00 0.00 0.00 0.00 0.00 0.00 0.00 0.00 0.00 0.00 0.00 0.00 0.00 0.00 0.00 0.00 0.00 0.00 0.00 0.00 0.00 0.00 0.00 0.00 0.00 0.00 0.00 0.00 0.00 0.00 0.00 0.00 0.00 0.00 0.00 0.00 0.00 0.00 0.00 0.00 0.00 0.00 0.00 0.00 0.00 0.00 0.00 0.00 0.00 0.00 0.00 0.00 0.00 0.00 0.00 0.00 0.00 0.00 0.00 0.00 0.00 0.00 0.00 0.00 0.00 0.00 0.00 0.00 0.00 0.00 0.00 0.00 0.00 0.00 0.00 0.00 0.00 0.00 0.00 0.00 0.00 0.00 0.00 0.00 0.00 0.00 0.00 0.00 0.00 0.00 0.00 0.00 0.00 0.00 0.00 0.00 0.00 0.00 0.00 0.00 0.00 0.00 0.00 0.00 0.00 0.00 0.00 0.00 0.00 0.00 0.00 0.00 0.00 0.00 0.00 0.00 0.00 0.00 0.00 0.00 0.00 0.00 0.00 0.00 0.00 0.00 0.00 0.00 0.00 0.00 0.00 0.00 0.00 0.00 0.00 0.00 0.00 0.00 0.00 0.00 0.00 0.00 0.00 0.00 0.00 0.00 0.00 0.00 0.00 0.00 0.00 0.00 0.00 0.00 0.00 0.00 0.00 0.00 0.00 0.00 0.00 0.00 0.00 0.00 0.00 0.00 0.00 0.00 0.00 0.00 0.00 0.00 0.00 0.00 0.00 0.00 0.00 0.00 0.00 0.00 0.00 0.00 0.00 0.00 0.00 0.00 0.00 0.00 0.00 0.00 0.00 0.00 0.00 0.00 0.00 0.00 0.00 0.00 0.00 0.00 0.00 0.00 0.00 0.00 0.00 0.00 0.00 0.00 0.00 0.00 0.00 0.00 0.00 0.00 0.00 0.00 0.00 0.00 0.00 0.00 0.00 0.00 0.00 0.00 0.00 0.00 0.00 0.00 0.00 0.00 0.00 0.00 0.00 0.00 0.00 0.00 0.00 0.00 0.00 0.00 0.00 0.00 0.00 0.00 0.00 0.00 0.00 0.00 0.00 0.00 0.00 0.00 0.00 0.00 0.00 0.00 0.00 0.00 0.00 0.00 0.00 0.00 0.00 0.00 0.00 0.00 0.00 0.00 0.00 0.00 0.00 0.00 0.00 0.00 0.00 0.00 0.00 0.00 0.00 0.00 0.00 0.00 0.00 0.00 0.00 0.00 0.00 0.00 0.00 0.00 0.00 0.00 0.00 0.00 0.00 0.00 0.00 0.00 0.00 0.00 0.00 0.00 0.00 0.00 0.00 0.00 0.00 0.00 0.00 0.00 0.00 0.00 0.00 0.00 0.00 0.00 0.00 0.00 0.00 0.00 0.00 0.00 0.00 0.00 0.00 0.00 0.00 0.00 0.00 0.00 0.00 0.00 0.00 0.00 0.00 0.00 0.00 0.00 0.00 0.00 0.00 0.00 0.00 0.00 0.00 0.00 0.00 0.00 0.00 0.00 0.00 0.00 0.00 0.00 0.00 0.00 0.00 0.00 0.00 0.00 0.00 0.00 0.00 0.00 0.00 0.00 0.00 0.00 0.00 0.00 0.00 0.00 0.00 0.00 0.00 0.00 0.00 0.00 0.00 0.00 0.00 0.00 0.00 0.00 0.00 0.00 0.00 0.00 0.00 0.00 0.00 0.00 0.00 0.00 0.00 0.00 0.00 0.00 0.00 0.00 0.00 0.00 0.00 0.00 0.00 0.00 0.00 0.00 0.00 0.00 0.00 0.00 0.00 0.00 0.00 0.00 0.00 0.00 0.00 0.00 0.00 0.00 0.00 0.00 0.00 0.00 0.00 0.00 0.00 0.00 0.00 0.00 0.00 0.00 0.00 0.00 0.00 0.00 0.00 0.00 0.00 0.00 0.00 0.00 0.00 0.00 0.00 0.00 0.00 0.00 0.00 0.00 0.00 0.00 0.00 0.00 0.00 0.00 0.00 0.00 0.00 0.00 0.00 0.00 0.00 0.00 0.00 0.00 0.00 0.00 0.00 0.00 0.00 0.00 0.00 0.00 0.00 0.00 0.00 0.00 0.00 0.00 0.00 0.00 0.00 0.00 0.00 0.00 0.00 0.00 0.00 0.00 0.00 0.00 0.00 0.00 0.00 0.00 0.00 0.00 0.00 0.00 0.00 0.00 0.00 0.00 0.00 0.00 0.00 0.00 0.00 0.00 0.00 0.00 0.00 0.00 0.00 0.00 0.00 0.00 0.00 0.00 0.00 0.00 0.00 0.00 0.00 0.00 0.00 0.00 0.00 0.00 0.00 0.00 0.00 0.00 0.00 0.00 0.00 0.00 0.00 0.00 0.00 0.00 0.00 0.00 0.00 0.00 0.00 0.00 0.00 0.00 0.00 0.00 0.00 0.00 0.00 0.00 0.00 0.00 0.00
height.size=2490
height.data=6191.98 6191.98 6191.98 6191.98 6191.98 6191.98 6191.98 6191.98 6191.98 6191.98 6191.98 6191.98 6191.98 6191.98 6191.98 6191.98 6191.98 6191.98 6191.98 6191.98 6191.98 6191.98 6191.98 6191.98 6191.98 6191.98 6191.98 6191.98 6191.98 6191.98 6236.40 6236.40 6236.40 6236.40 6236.40 6236.40 6236.40 6236.40 6236.40 6236.40 6236.40 6236.40 6236.40 6236.40 6236.40 6236.40 6236.40 6236.40 6236.40 6236.40 6236.40 6236.40 6236.40 6236.40 6236.40 6236.40 6236.40 6236.40 6236.40 6236.40 6280.83 6280.83 6280.83 6280.83 6280.83 6280.83 6280.83 6280.83 6280.83 6280.83 6280.83 6280.83 6280.83 6280.83 6280.83 6280.83 6280.83 6280.83 6280.83 6280.83 6280.83 6280.83 6280.83 6280.83 6280.83 6280.83 6280.83 6280.83 6280.83 6280.83 6325.26 6325.26 6325.26 6325.26 6325.26 6325.26 6325.26 6325.26 6325.26 6325.26 6325.26 6325.26 6325.26 6325.26 6325.26 6325.26 6325.26 6325.26 6325.26 6325.26 6325.26 6325.26 6325.26 6325.26 6325.26 6325.26 6325.26 6325.26 6325.26 6325.26 6369.70 6369.70 6369.70 6369.70 6369.70 6369.70 6369.70 6369.70 6369.70 6369.70 6369.70 6369.70 6369.70 6369.70 6369.70 6369.70 6369.70 6369.70 6369.70 6369.70 6369.70 6369.70 6369.70 6369.70 6369.70 6369.70 6369.70 6369.70 6369.70 6369.70 6414.15 6414.15 6414.15 6414.15 6414.15 6414.15 6414.15 6414.15 6414.15 6414.15 6414.15 6414.15 6414.15 6414.15 6414.15 6414.15 6414.15 6414.15 6414.15 6414.15 6414.15 6414.15 6414.15 6414.15 6414.15 6414.15 6414.15 6414.15 6414.15 6414.15 6458.61 6458.61 6458.61 6458.61 6458.61 6458.61 6458.61 6458.61 6458.61 6458.61 6458.61 6458.61 6458.61 6458.61 6458.61 6458.61 6458.61 6458.61 6458.61 6458.61 6458.61 6458.61 6458.61 6458.61 6458.61 6458.61 6458.61 6458.61 6458.61 6458.61 6503.07 6503.07 6503.07 6503.07 6503.07 6503.07 6503.07 6503.07 6503.07 6503.07 6503.07 6503.07 6503.07 6503.07 6503.07 6503.07 6503.07 6503.07 6503.07 6503.07 6503.07 6503.07 6503.07 6503.07 6503.07 6503.07 6503.07 6503.07 6503.07 6503.07 6547.54 6547.54 6547.54 6547.54 6547.54 6547.54 6547.54 6547.54 6547.54 6547.54 6547.54 6547.54 6547.54 6547.54 6547.54 6547.54 6547.54 6547.54 6547.54 6547.54 6547.54 6547.54 6547.54 6547.54 6547.54 6547.54 6547.54 6547.54 6547.54 6547.54 6592.02 6592.02 6592.02 6592.02 6592.02 6592.02 6592.02 6592.02 6592.02 6592.02 6592.02 6592.02 6592.02 6592.02 6592.02 6592.02 6592.02 6592.02 6592.02 6592.02 6592.02 6592.02 6592.02 6592.02 6592.02 6592.02 6592.02 6592.02 6592.02 6592.02 6636.51 6636.51 6636.51 6636.51 6636.51 6636.51 6636.51 6636.51 6636.51 6636.51 6636.51 6636.51 6636.51 6636.51 6636.51 6636.51 6636.51 6636.51 6636.51 6636.51 6636.51 6636.51 6636.51 6636.51 6636.51 6636.51 6636.51 6636.51 6636.51 6636.51 6681.00 6681.00 6681.00 6681.00 6681.00 6681.00 6681.00 6681.00 6681.00 6681.00 6681.00 6681.00 6681.00 6681.00 6681.00 6681.00 6681.00 6681.00 6681.00 6681.00 6681.00 6681.00 6681.00 6681.00 6681.00 6681.00 6681.00 6681.00 6681.00 6681.00 6725.50 6725.50 6725.50 6725.50 6725.50 6725.50 6725.50 6725.50 6725.50 6725.50 6725.50 6725.50 6725.50 6725.50 6725.50 6725.50 6725.50 6725.50 6725.50 6725.50 6725.50 6725.50 6725.50 6725.50 6725.50 6725.50 6725.50 6725.50 6725.50 6725.50 6770.00 6770.00 6770.00 6770.00 6770.00 6770.00 6770.00 6770.00 6770.00 6770.00 6770.00 6770.00 6770.00 6770.00 6770.00 6770.00 6770.00 6770.00 6770.00 6770.00 6770.00 6770.00 6770.00 6770.00 6770.00 6770.00 6770.00 6770.00 6770.00 6770.00 6814.52 6814.52 6814.52 6814.52 6814.52 6814.52 6814.52 6814.52 6814.52 6814.52 6814.52 6814.52 6814.52 6814.52 6814.52 6814.52 6814.52 6814.52 6814.52 6814.52 6814.52 6814.52 6814.52 6814.52 6814.52 6814.52 6814.52 6814.52 6814.52 6814.52 6859.04 6859.04 6859.04 6859.04 6859.04 6859.04 6859.04 6859.04 6859.04 6859.04 6859.04 6859.04 6859.04 6859.04 6859.04 6859.04 6859.04 6859.04 6859.04 6859.04 6859.04 6859.04 6859.04 6859.04 6859.04 6859.04 6859.04 6859.04 6859.04 6859.04 6903.56 6903.56 6903.56 6903.56 6903.56 6903.56 6903.56 6903.56 6903.56 6903.56 6903.56 6903.56 6903.56 6903.56 6903.56 6903.56 6903.56 6903.56 6903.56 6903.56 6903.56 6903.56 6903.56 6903.56 6903.56 6903.56 6903.56 6903.56 6903.56 6903.56 6948.10 6948.10 6948.10 6948.10 6948.10 6948.10 6948.10 6948.10 6948.10 6948.10 6948.10 6948.10 6948.10 6948.10 6948.10 6948.10 6948.10 6948.10 6948.10 6948.10 6948.10 6948.10 6948.10 6948.10 6948.10 6948.10 6948.10 6948.10 6948.10 6948.10 6992.64 6992.64 6992.64 6992.64 6992.64 6992.64 6992.64 6992.64 6992.64 6992.64 6992.64 6992.64 6992.64 6992.64 6992.64 6992.64 6992.64 6992.64 6992.64 6992.64 6992.64 6992.64 6992.64 6992.64 6992.64 6992.64 6992.64 6992.64 6992.64 6992.64 7037.19 7037.19 7037.19 7037.19 7037.19 7037.19 7037.19 7037.19 7037.19 7037.19 7037.19 7037.19 7037.19 7037.19 7037.19 7037.19 7037.19 7037.19 7037.19 7037.19 7037.19 7037.19 7037.19 7037.19 7037.19 7037.19 7037.19 7037.19 7037.19 7037.19 7081.74 7081.74 7081.74 7081.74 7081.74 7081.74 7081.74 7081.74 7081.74 7081.74 7081.74 7081.74 7081.74 7081.74 7081.74 7081.74 7081.74 7081.74 7081.74 7081.74 7081.74 7081.74 7081.74 7081.74 7081.74 7081.74 7081.74 7081.74 7081.74 7081.74 7126.31 7126.31 7126.31 7126.31 7126.31 7126.31 7126.31 7126.31 7126.31 7126.31 7126.31 7126.31 7126.31 7126.31 7126.31 7126.31 7126.31 7126.31 7126.31 7126.31 7126.31 7126.31 7126.31 7126.31 7126.31 7126.31 7126.31 7126.31 7126.31 7126.31 7170.88 7170.88 7170.88 7170.88 7170.88 7170.88 7170.88 7170.88 7170.88 7170.88 7170.88 7170.88 7170.88 7170.88 7170.88 7170.88 7170.88 7170.88 7170.88 7170.88 7170.88 7170.88 7170.88 7170.88 7170.88 7170.88 7170.88 7170.88 7170.88 7170.88 7215.45 7215.45 7215.45 7215.45 7215.45 7215.45 7215.45 7215.45 7215.45 7215.45 7215.45 7215.45 7215.45 7215.45 7215.45 7215.45 7215.45 7215.45 7215.45 7215.45 7215.45 7215.45 7215.45 7215.45 7215.45 7215.45 7215.45 7215.45 7215.45 7215.45 7260.04 7260.04 7260.04 7260.04 7260.04 7260.04 7260.04 7260.04 7260.04 7260.04 7260.04 7260.04 7260.04 7260.04 7260.04 7260.04 7260.04 7260.04 7260.04 7260.04 7260.04 7260.04 7260.04 7260.04 7260.04 7260.04 7260.04 7260.04 7260.04 7260.04 7304.63 7304.63 7304.63 7304.63 7304.63 7304.63 7304.63 7304.63 7304.63 7304.63 7304.63 7304.63 7304.63 7304.63 7304.63 7304.63 7304.63 7304.63 7304.63 7304.63 7304.63 7304.63 7304.63 7304.63 7304.63 7304.63 7304.63 7304.63 7304.63 7304.63 7349.23 7349.23 7349.23 7349.23 7349.23 7349.23 7349.23 7349.23 7349.23 7349.23 7349.23 7349.23 7349.23 7349.23 7349.23 7349.23 7349.23 7349.23 7349.23 7349.23 7349.23 7349.23 7349.23 7349.23 7349.23 7349.23 7349.23 7349.23 7349.23 7349.23 7393.84 7393.84 7393.84 7393.84 7393.84 7393.84 7393.84 7393.84 7393.84 7393.84 7393.84 7393.84 7393.84 7393.84 7393.84 7393.84 7393.84 7393.84 7393.84 7393.84 7393.84 7393.84 7393.84 7393.84 7393.84 7393.84 7393.84 7393.84 7393.84 7393.84 7438.45 7438.45 7438.45 7438.45 7438.45 7438.45 7438.45 7438.45 7438.45 7438.45 7438.45 7438.45 7438.45 7438.45 7438.45 7438.45 7438.45 7438.45 7438.45 7438.45 7438.45 7438.45 7438.45 7438.45 7438.45 7438.45 7438.45 7438.45 7438.45 7438.45 7483.07 7483.07 7483.07 7483.07 7483.07 7483.07 7483.07 7483.07 7483.07 7483.07 7483.07 7483.07 7483.07 7483.07 7483.07 7483.07 7483.07 7483.07 7483.07 7483.07 7483.07 7483.07 7483.07 7483.07 7483.07 7483.07 7483.07 7483.07 7483.07 7483.07 7527.69 7527.69 7527.69 7527.69 7527.69 7527.69 7527.69 7527.69 7527.69 7527.69 7527.69 7527.69 7527.69 7527.69 7527.69 7527.69 7527.69 7527.69 7527.69 7527.69 7527.69 7527.69 7527.69 7527.69 7527.69 7527.69 7527.69 7527.69 7527.69 7527.69 7572.33 7572.33 7572.33 7572.33 7572.33 7572.33 7572.33 7572.33 7572.33 7572.33 7572.33 7572.33 7572.33 7572.33 7572.33 7572.33 7572.33 7572.33 7572.33 7572.33 7572.33 7572.33 7572.33 7572.33 7572.33 7572.33 7572.33 7572.33 7572.33 7572.33 7616.97 7616.97 7616.97 7616.97 7616.97 7616.97 7616.97 7616.97 7616.97 7616.97 7616.97 7616.97 7616.97 7616.97 7616.97 7616.97 7616.97 7616.97 7616.97 7616.97 7616.97 7616.97 7616.97 7616.97 7616.97 7616.97 7616.97 7616.97 7616.97 7616.97 7661.62 7661.62 7661.62 7661.62 7661.62 7661.62 7661.62 7661.62 7661.62 7661.62 7661.62 7661.62 7661.62 7661.62 7661.62 7661.62 7661.62 7661.62 7661.62 7661.62 7661.62 7661.62 7661.62 7661.62 7661.62 7661.62 7661.62 7661.62 7661.62 7661.62 7706.27 7706.27 7706.27 7706.27 7706.27 7706.27 7706.27 7706.27 7706.27 7706.27 7706.27 7706.27 7706.27 7706.27 7706.27 7706.27 7706.27 7706.27 7706.27 7706.27 7706.27 7706.27 7706.27 7706.27 7706.27 7706.27 7706.27 7706.27 7706.27 7706.27 7750.94 7750.94 7750.94 7750.94 7750.94 7750.94 7750.94 7750.94 7750.94 7750.94 7750.94 7750.94 7750.94 7750.94 7750.94 7750.94 7750.94 7750.94 7750.94 7750.94 7750.94 7750.94 7750.94 7750.94 7750.94 7750.94 7750.94 7750.94 7750.94 7750.94 7795.61 7795.61 7795.61 7795.61 7795.61 7795.61 7795.61 7795.61 7795.61 7795.61 7795.61 7795.61 7795.61 7795.61 7795.61 7795.61 7795.61 7795.61 7795.61 7795.61 7795.61 7795.61 7795.61 7795.61 7795.61 7795.61 7795.61 7795.61 7795.61 7795.61 7840.28 7840.28 7840.28 7840.28 7840.28 7840.28 7840.28 7840.28 7840.28 7840.28 7840.28 7840.28 7840.28 7840.28 7840.28 7840.28 7840.28 7840.28 7840.28 7840.28 7840.28 7840.28 7840.28 7840.28 7840.28 7840.28 7840.28 7840.28 7840.28 7840.28 7884.97 7884.97 7884.97 7884.97 7884.97 7884.97 7884.97 7884.97 7884.97 7884.97 7884.97 7884.97 7884.97 7884.97 7884.97 7884.97 7884.97 7884.97 7884.97 7884.97 7884.97 7884.97 7884.97 7884.97 7884.97 7884.97 7884.97 7884.97 7884.97 7884.97 7929.66 7929.66 7929.66 7929.66 7929.66 7929.66 7929.66 7929.66 7929.66 7929.66 7929.66 7929.66 7929.66 7929.66 7929.66 7929.66 7929.66 7929.66 7929.66 7929.66 7929.66 7929.66 7929.66 7929.66 7929.66 7929.66 7929.66 7929.66 7929.66 7929.66 7974.36 7974.36 7974.36 7974.36 7974.36 7974.36 7974.36 7974.36 7974.36 7974.36 7974.36 7974.36 7974.36 7974.36 7974.36 7974.36 7974.36 7974.36 7974.36 7974.36 7974.36 7974.36 7974.36 7974.36 7974.36 7974.36 7974.36 7974.36 7974.36 7974.36 8019.06 8019.06 8019.06 8019.06 8019.06 8019.06 8019.06 8019.06 8019.06 8019.06 8019.06 8019.06 8019.06 8019.06 8019.06 8019.06 8019.06 8019.06 8019.06 8019.06 8019.06 8019.06 8019.06 8019.06 8019.06 8019.06 8019.06 8019.06 8019.06 8019.06 8063.77 8063.77 8063.77 8063.77 8063.77 8063.77 8063.77 8063.77 8063.77 8063.77 8063.77 8063.77 8063.77 8063.77 8063.77 8063.77 8063.77 8063.77 8063.77 8063.77 8063.77 8063.77 8063.77 8063.77 8063.77 8063.77 8063.77 8063.77 8063.77 8063.77 8108.49 8108.49 8108.49 8108.49 8108.49 8108.49 8108.49 8108.49 8108.49 8108.49 8108.49 8108.49 8108.49 8108.49 8108.49 8108.49 8108.49 8108.49 8108.49 8108.49 8108.49 8108.49 8108.49 8108.49 8108.49 8108.49 8108.49 8108.49 8108.49 8108.49 8153.22 8153.22 8153.22 8153.22 8153.22 8153.22 8153.22 8153.22 8153.22 8153.22 8153.22 8153.22 8153.22 8153.22 8153.22 8153.22 8153.22 8153.22 8153.22 8153.22 8153.22 8153.22 8153.22 8153.22 8153.22 8153.22 8153.22 8153.22 8153.22 8153.22 8197.96 8197.96 8197.96 8197.96 8197.96 8197.96 8197.96 8197.96 8197.96 8197.96 8197.96 8197.96 8197.96 8197.96 8197.96 8197.96 8197.96 8197.96 8197.96 8197.96 8197.96 8197.96 8197.96 8197.96 8197.96 8197.96 8197.96 8197.96 8197.96 8197.96 8242.70 8242.70 8242.70 8242.70 8242.70 8242.70 8242.70 8242.70 8242.70 8242.70 8242.70 8242.70 8242.70 8242.70 8242.70 8242.70 8242.70 8242.70 8242.70 8242.70 8242.70 8242.70 8242.70 8242.70 8242.70 8242.70 8242.70 8242.70 8242.70 8242.70 8287.44 8287.44 8287.44 8287.44 8287.44 8287.44 8287.44 8287.44 8287.44 8287.44 8287.44 8287.44 8287.44 8287.44 8287.44 8287.44 8287.44 8287.44 8287.44 8287.44 8287.44 8287.44 8287.44 8287.44 8287.44 8287.44 8287.44 8287.44 8287.44 8287.44 8332.20 8332.20 8332.20 8332.20 8332.20 8332.20 8332.20 8332.20 8332.20 8332.20 8332.20 8332.20 8332.20 8332.20 8332.20 8332.20 8332.20 8332.20 8332.20 8332.20 8332.20 8332.20 8332.20 8332.20 8332.20 8332.20 8332.20 8332.20 8332.20 8332.20 8376.96 8376.96 8376.96 8376.96 8376.96 8376.96 8376.96 8376.96 8376.96 8376.96 8376.96 8376.96 8376.96 8376.96 8376.96 8376.96 8376.96 8376.96 8376.96 8376.96 8376.96 8376.96 8376.96 8376.96 8376.96 8376.96 8376.96 8376.96 8376.96 8376.96 8421.73 8421.73 8421.73 8421.73 8421.73 8421.73 8421.73 8421.73 8421.73 8421.73 8421.73 8421.73 8421.73 8421.73 8421.73 8421.73 8421.73 8421.73 8421.73 8421.73 8421.73 8421.73 8421.73 8421.73 8421.73 8421.73 8421.73 8421.73 8421.73 8421.73 8466.51 8466.51 8466.51 8466.51 8466.51 8466.51 8466.51 8466.51 8466.51 8466.51 8466.51 8466.51 8466.51 8466.51 8466.51 8466.51 8466.51 8466.51 8466.51 8466.51 8466.51 8466.51 8466.51 8466.51 8466.51 8466.51 8466.51 8466.51 8466.51 8466.51 8511.29 8511.29 8511.29 8511.29 8511.29 8511.29 8511.29 8511.29 8511.29 8511.29 8511.29 8511.29 8511.29 8511.29 8511.29 8511.29 8511.29 8511.29 8511.29 8511.29 8511.29 8511.29 8511.29 8511.29 8511.29 8511.29 8511.29 8511.29 8511.29 8511.29 8556.08 8556.08 8556.08 8556.08 8556.08 8556.08 8556.08 8556.08 8556.08 8556.08 8556.08 8556.08 8556.08 8556.08 8556.08 8556.08 8556.08 8556.08 8556.08 8556.08 8556.08 8556.08 8556.08 8556.08 8556.08 8556.08 8556.08 8556.08 8556.08 8556.08 8600.88 8600.88 8600.88 8600.88 8600.88 8600.88 8600.88 8600.88 8600.88 8600.88 8600.88 8600.88 8600.88 8600.88 8600.88 8600.88 8600.88 8600.88 8600.88 8600.88 8600.88 8600.88 8600.88 8600.88 8600.88 8600.88 8600.88 8600.88 8600.88 8600.88 8645.68 8645.68 8645.68 8645.68 8645.68 8645.68 8645.68 8645.68 8645.68 8645.68 8645.68 8645.68 8645.68 8645.68 8645.68 8645.68 8645.68 8645.68 8645.68 8645.68 8645.68 8645.68 8645.68 8645.68 8645.68 8645.68 8645.68 8645.68 8645.68 8645.68 8690.50 8690.50 8690.50 8690.50 8690.50 8690.50 8690.50 8690.50 8690.50 8690.50 8690.50 8690.50 8690.50 8690.50 8690.50 8690.50 8690.50 8690.50 8690.50 8690.50 8690.50 8690.50 8690.50 8690.50 8690.50 8690.50 8690.50 8690.50 8690.50 8690.50 8735.32 8735.32 8735.32 8735.32 8735.32 8735.32 8735.32 8735.32 8735.32 8735.32 8735.32 8735.32 8735.32 8735.32 8735.32 8735.32 8735.32 8735.32 8735.32 8735.32 8735.32 8735.32 8735.32 8735.32 8735.32 8735.32 8735.32 8735.32 8735.32 8735.32 8780.14 8780.14 8780.14 8780.14 8780.14 8780.14 8780.14 8780.14 8780.14 8780.14 8780.14 8780.14 8780.14 8780.14 8780.14 8780.14 8780.14 8780.14 8780.14 8780.14 8780.14 8780.14 8780.14 8780.14 8780.14 8780.14 8780.14 8780.14 8780.14 8780.14 8824.98 8824.98 8824.98 8824.98 8824.98 8824.98 8824.98 8824.98 8824.98 8824.98 8824.98 8824.98 8824.98 8824.98 8824.98 8824.98 8824.98 8824.98 8824.98 8824.98 8824.98 8824.98 8824.98 8824.98 8824.98 8824.98 8824.98 8824.98 8824.98 8824.98 8869.82 8869.82 8869.82 8869.82 8869.82 8869.82 8869.82 8869.82 8869.82 8869.82 8869.82 8869.82 8869.82 8869.82 8869.82 8869.82 8869.82 8869.82 8869.82 8869.82 8869.82 8869.82 8869.82 8869.82 8869.82 8869.82 8869.82 8869.82 8869.82 8869.82 8914.66 8914.66 8914.66 8914.66 8914.66 8914.66 8914.66 8914.66 8914.66 8914.66 8914.66 8914.66 8914.66 8914.66 8914.66 8914.66 8914.66 8914.66 8914.66 8914.66 8914.66 8914.66 8914.66 8914.66 8914.66 8914.66 8914.66 8914.66 8914.66 8914.66 8959.52 8959.52 8959.52 8959.52 8959.52 8959.52 8959.52 8959.52 8959.52 8959.52 8959.52 8959.52 8959.52 8959.52 8959.52 8959.52 8959.52 8959.52 8959.52 8959.52 8959.52 8959.52 8959.52 8959.52 8959.52 8959.52 8959.52 8959.52 8959.52 8959.52 9004.38 9004.38 9004.38 9004.38 9004.38 9004.38 9004.38 9004.38 9004.38 9004.38 9004.38 9004.38 9004.38 9004.38 9004.38 9004.38 9004.38 9004.38 9004.38 9004.38 9004.38 9004.38 9004.38 9004.38 9004.38 9004.38 9004.38 9004.38 9004.38 9004.38 9049.25 9049.25 9049.25 9049.25 9049.25 9049.25 9049.25 9049.25 9049.25 9049.25 9049.25 9049.25 9049.25 9049.25 9049.25 9049.25 9049.25 9049.25 9049.25 9049.25 9049.25 9049.25 9049.25 9049.25 9049.25 9049.25 9049.25 9049.25 9049.25 9049.25 9094.13 9094.13 9094.13 9094.13 9094.13 9094.13 9094.13 9094.13 9094.13 9094.13 9094.13 9094.13 9094.13 9094.13 9094.13 9094.13 9094.13 9094.13 9094.13 9094.13 9094.13 9094.13 9094.13 9094.13 9094.13 9094.13 9094.13 9094.13 9094.13 9094.13 9139.01 9139.01 9139.01 9139.01 9139.01 9139.01 9139.01 9139.01 9139.01 9139.01 9139.01 9139.01 9139.01 9139.01 9139.01 9139.01 9139.01 9139.01 9139.01 9139.01 9139.01 9139.01 9139.01 9139.01 9139.01 9139.01 9139.01 9139.01 9139.01 9139.01 9183.90 9183.90 9183.90 9183.90 9183.90 9183.90 9183.90 9183.90 9183.90 9183.90 9183.90 9183.90 9183.90 9183.90 9183.90 9183.90 9183.90 9183.90 9183.90 9183.90 9183.90 9183.90 9183.90 9183.90 9183.90 9183.90 9183.90 9183.90 9183.90 9183.90 9228.80 9228.80 9228.80 9228.80 9228.80 9228.80 9228.80 9228.80 9228.80 9228.80 9228.80 9228.80 9228.80 9228.80 9228.80 9228.80 9228.80 9228.80 9228.80 9228.80 9228.80 9228.80 9228.80 9228.80 9228.80 9228.80 9228.80 9228.80 9228.80 9228.80 9273.70 9273.70 9273.70 9273.70 9273.70 9273.70 9273.70 9273.70 9273.70 9273.70 9273.70 9273.70 9273.70 9273.70 9273.70 9273.70 9273.70 9273.70 9273.70 9273.70 9273.70 9273.70 9273.70 9273.70 9273.70 9273.70 9273.70 9273.70 9273.70 9273.70 9318.61 9318.61 9318.61 9318.61 9318.61 9318.61 9318.61 9318.61 9318.61 9318.61 9318.61 9318.61 9318.61 9318.61 9318.61 9318.61 9318.61 9318.61 9318.61 9318.61 9318.61 9318.61 9318.61 9318.61 9318.61 9318.61 9318.61 9318.61 9318.61 9318.61 9363.53 9363.53 9363.53 9363.53 9363.53 9363.53 9363.53 9363.53 9363.53 9363.53 9363.53 9363.53 9363.53 9363.53 9363.53 9363.53 9363.53 9363.53 9363.53 9363.53 9363.53 9363.53 9363.53 9363.53 9363.53 9363.53 9363.53 9363.53 9363.53 9363.53 9408.46 9408.46 9408.46 9408.46 9408.46 9408.46 9408.46 9408.46 9408.46 9408.46 9408.46 9408.46 9408.46 9408.46 9408.46 9408.46 9408.46 9408.46 9408.46 9408.46 9408.46 9408.46 9408.46 9408.46 9408.46 9408.46 9408.46 9408.46 9408.46 9408.46 9453.39 9453.39 9453.39 9453.39 9453.39 9453.39 9453.39 9453.39 9453.39 9453.39 9453.39 9453.39 9453.39 9453.39 9453.39 9453.39 9453.39 9453.39 9453.39 9453.39 9453.39 9453.39 9453.39 9453.39 9453.39 9453.39 9453.39 9453.39 9453.39 9453.39 9498.33 9498.33 9498.33 9498.33 9498.33 9498.33 9498.33 9498.33 9498.33 9498.33 9498.33 9498.33 9498.33 9498.33 9498.33 9498.33 9498.33 9498.33 9498.33 9498.33 9498.33 9498.33 9498.33 9498.33 9498.33 9498.33 9498.33 9498.33 9498.33 9498.33 9543.28 9543.28 9543.28 9543.28 9543.28 9543.28 9543.28 9543.28 9543.28 9543.28 9543.28 9543.28 9543.28 9543.28 9543.28 9543.28 9543.28 9543.28 9543.28 9543.28 9543.28 9543.28 9543.28 9543.28 9543.28 9543.28 9543.28 9543.28 9543.28 9543.28 9588.23 9588.23 9588.23 9588.23 9588.23 9588.23 9588.23 9588.23 9588.23 9588.23 9588.23 9588.23 9588.23 9588.23 9588.23 9588.23 9588.23 9588.23 9588.23 9588.23 9588.23 9588.23 9588.23 9588.23 9588.23 9588.23 9588.23 9588.23 9588.23 9588.23 9633.19 9633.19 9633.19 9633.19 9633.19 9633.19 9633.19 9633.19 9633.19 9633.19 9633.19 9633.19 9633.19 9633.19 9633.19 9633.19 9633.19 9633.19 9633.19 9633.19 9633.19 9633.19 9633.19 9633.19 9633.19 9633.19 9633.19 9633.19 9633.19 9633.19 9678.16 9678.16 9678.16 9678.16 9678.16 9678.16 9678.16 9678.16 9678.16 9678.16 9678.16 9678.16 9678.16 9678.16 9678.16 9678.16 9678.16 9678.16 9678.16 9678.16 9678.16 9678.16 9678.16 9678.16 9678.16 9678.16 9678.16 9678.16 9678.16 9678.16 9723.14 9723.14 9723.14 9723.14 9723.14 9723.14 9723.14 9723.14 9723.14 9723.14 9723.14 9723.14 9723.14 9723.14 9723.14 9723.14 9723.14 9723.14 9723.14 9723.14 9723.14 9723.14 9723.14 9723.14 9723.14 9723.14 9723.14 9723.14 9723.14 9723.14 9768.12 9768.12 9768.12 9768.12 9768.12 9768.12 9768.12 9768.12 9768.12 9768.12 9768.12 9768.12 9768.12 9768.12 9768.12 9768.12 9768.12 9768.12 9768.12 9768.12 9768.12 9768.12 9768.12 9768.12 9768.12 9768.12 9768.12 9768.12 9768.12 9768.12 9813.11 9813.11 9813.11 9813.11 9813.11 9813.11 9813.11 9813.11 9813.11 9813.11 9813.11 9813.11 9813.11 9813.11 9813.11 9813.11 9813.11 9813.11 9813.11 9813.11 9813.11 9813.11 9813.11 9813.11 9813.11 9813.11 9813.11 9813.11 9813.11 9813.11 9858.11 9858.11 9858.11 9858.11 9858.11 9858.11 9858.11 9858.11 9858.11 9858.11 9858.11 9858.11 9858.11 9858.11 9858.11 9858.11 9858.11 9858.11 9858.11 9858.11 9858.11 9858.11 9858.11 9858.11 9858.11 9858.11 9858.11 9858.11 9858.11 9858.11
=== END RADAR_SCAN ===

=== BEGIN RADAR_SCAN ===
scan.index=11
scan.time=178.330000
radar.id=0
radar.frequency=C
radar.scanning_mode=PPI
radar.x=0.000
radar.y=0.000
radar.z=25.000
radar.maximum_range=250000.000
radar.range_resolution=250.000
radar.angular_resolution=1.000000
box.radar_id=0
box.min_range_gate=140.000
box.max_range_gate=221.000
box.min_angle=131.000000
box.max_angle=161.000000
box.num_ranges=82
box.num_angles=30
box.range_resolution=250.000
box.angular_resolution=1.000000
box.other_angle=6.000000
grid.size=2460
grid.data=0.00 0.00 0.00 0.00 0.00 0.00 0.00 0.00 0.00 0.00 0.00 0.00 0.00 0.00 0.00 0.00 0.00 0.00 0.00 0.00 0.00 0.00 0.00 0.00 0.00 0.00 0.00 0.00 0.00 0.00 0.00 0.00 0.00 0.00 0.00 0.00 0.00 0.00 0.00 0.00 0.00 0.00 0.00 43.38 43.78 44.72 43.71 40.28 40.94 0.00 0.00 0.00 0.00 0.00 0.00 0.00 0.00 0.00 0.00 0.00 0.00 0.00 0.00 0.00 0.00 0.00 0.00 0.00 0.00 0.00 0.00 40.92 37.80 46.12 41.12 40.49 41.44 39.08 40.98 36.30 0.00 0.00 0.00 0.00 0.00 0.00 0.00 0.00 0.00 0.00 0.00 0.00 0.00 0.00 0.00 0.00 0.00 0.00 0.00 0.00 42.31 41.39 44.61 45.23 39.11 37.73 45.90 40.65 41.37 48.46 38.04 0.00 0.00 0.00 0.00 0.00 0.00 0.00 0.00 0.00 0.00 0.00 0.00 0.00 0.00 0.00 0.00 0.00 0.00 41.47 40.05 40.40 42.94 44.34 42.61 43.69 35.93 42.35 35.04 44.64 43.94 44.67 0.00 0.00 0.00 0.00 0.00 0.00 0.00 0.00 0.00 0.00 0.00 0.00 0.00 0.00 0.00 0.00 0.00 48.96 45.72 48.92 45.93 45.85 41.74 38.07 40.11 39.94 38.13 40.82 41.54 43.24 0.00 0.00 0.00 0.00 0.00 0.00 0.00 0.00 0.00 0.00 0.00 0.00 0.00 0.00 0.00 0.00 46.14 48.32 45.99 42.01 40.30 43.77 48.26 40.34 39.87 39.86 42.33 44.70 40.98 43.62 39.11 0.00 0.00 0.00 0.00 0.00 0.00 0.00 0.00 0.00 0.00 0.00 0.00 0.00 0.00 0.00 46.40 47.78 41.17 48.04 44.74 42.99 44.14 48.29 44.58 40.35 41.91 38.17 39.46 41.49 42.98 35.42 0.00 0.00 0.00 0.00 0.00 0.00 0.00 0.00 0.00 0.00 0.00 0.00 0.00 41.81 43.52 45.58 48.19 39.65 43.78 42.47 44.81 45.40 39.03 48.21 43.17 43.35 42.17 44.34 37.35 36.13 0.00 0.00 0.00 0.00 0.00 0.00 0.00 0.00 0.00 0.00 0.00 0.00 0.00 44.72 44.01 46.89 42.15 43.28 43.86 45.41 41.59 41.92 45.37 39.99 41.58 36.67 36.88 41.43 35.86 38.72 0.00 0.00 0.00 0.00 0.00 0.00 0.00 0.00 0.00 0.00 0.00 0.00 44.00 43.08 48.34 43.39 41.82 45.69 42.23 46.27 47.56 43.81 36.64 42.23 37.10 39.90 43.64 36.60 37.99 38.60 39.26 0.00 0.00 0.00 0.00 0.00 0.00 0.00 0.00 0.00 0.00 0.00 37.20 43.36 41.03 42.95 40.49 39.20 39.55 39.37 40.31 45.05 45.79 41.83 41.36 41.92 41.58 38.83 38.16 38.75 36.19 0.00 0.00 0.00 0.00 0.00 0.00 0.00 0.00 0.00 0.00 0.00 39.17 45.81 41.47 43.22 42.45 45.76 42.94 40.54 39.07 41.74 39.23 36.81 36.90 38.82 35.15 38.03 38.45 38.60 34.81 0.00 0.00 0.00 0.00 0.00 0.00 0.00 0.00 0.00 0.00 42.80 47.56 45.88 36.00 43.23 38.50 48.29 43.97 41.18 44.79 44.56 45.38 45.48 37.81 38.51 32.09 37.69 39.43 38.68 37.93 44.58 0.00 0.00 0.00 0.00 0.00 0.00 0.00 0.00 0.00 42.73 39.88 42.88 43.88 39.23 39.56 43.93 41.04 41.26 43.48 43.12 39.10 40.74 44.32 39.03 35.97 41.38 37.89 38.48 40.90 33.78 0.00 0.00 0.00 0.00 0.00 0.00 0.00 0.00 0.00 41.01 43.18 43.47 44.13 41.13 40.53 44.58 33.90 36.71 39.85 40.17 41.30 41.28 38.89 41.72 37.25 35.11 35.84 38.78 36.97 40.70 0.00 0.00 0.00 0.00 0.00 0.00 0.00 0.00 0.00 40.23 35.54 37.20 39.58 43.99 42.69 39.57 42.55 40.15 41.10 40.41 40.52 40.88 35.64 41.95 31.75 38.87 39.29 37.77 35.80 38.46 39.69 0.00 0.00 0.00 0.00 0.00 0.00 0.00 40.56 39.46 37.50 41.99 38.79 41.49 42.21 35.38 42.68 44.07 41.79 34.52 35.36 43.19 33.19 34.97 37.86 35.56 36.12 34.22 33.82 41.21 39.97 0.00 0.00 0.00 0.00 0.00 0.00 0.00 38.88 36.34 45.32 41.42 40.20 41.35 45.55 33.27 38.47 38.45 40.00 34.28 46.44 39.75 37.07 38.59 36.10 38.10 36.33 35.72 39.17 38.03 38.91 0.00 0.00 0.00 0.00 0.00 0.00 0.00 33.36 40.39 38.17 36.55 43.56 39.13 36.46 35.42 39.26 39.96 37.02 41.76 42.69 41.03 41.54 39.78 36.48 34.69 39.56 37.54 39.48 35.04 32.12 0.00 0.00 0.00 0.00 0.00 0.00 0.00 34.12 41.31 41.46 39.19 36.19 44.66 39.66 38.04 38.28 32.91 42.57 34.88 37.78 42.80 41.34 38.73 37.22 37.51 36.44 36.61 36.65 40.13 36.34 0.00 0.00 0.00 0.00 0.00 0.00 0.00 37.81 40.44 39.58 38.30 41.82 35.37 43.54 43.57 42.62 43.59 40.16 42.07 41.68 37.94 43.20 39.35 30.96 37.62 35.27 37.21 35.57 43.28 37.34 0.00 0.00 0.00 0.00 0.00 0.00 0.00 36.33 37.00 41.68 42.22 32.94 38.78 37.23 41.20 37.71 37.12 38.89 38.28 36.94 36.18 39.52 37.35 37.90 38.70 36.22 34.17 39.63 38.41 33.91 35.88 0.00 0.00 0.00 0.00 0.00 34.45 32.16 38.94 36.10 39.63 37.78 37.68 41.19 43.20 35.46 40.20 38.62 38.44 36.16 38.59 30.51 33.91 36.74 36.21 35.33 35.29 36.92 34.40 33.07 35.22 0.00 0.00 0.00 0.00 0.00 35.92 31.96 35.63 35.32 32.99 35.07 37.25 38.62 37.72 35.51 39.72 38.77 36.46 36.57 36.65 35.03 37.94 36.26 31.88 34.23 37.90 36.68 34.24 33.69 41.72 0.00 0.00 0.00 0.00 0.00 33.93 30.51 37.12 37.98 40.27 33.80 34.61 34.77 36.04 39.89 40.12 37.51 39.48 40.64 38.71 37.71 32.84 35.38 35.20 39.03 31.01 33.55 33.50 33.32 40.49 0.00 0.00 0.00 0.00 0.00 38.08 34.26 40.21 38.85 35.93 40.51 39.56 35.61 41.75 36.74 39.71 36.58 38.46 38.05 33.56 37.05 36.37 35.61 35.92 39.95 33.27 34.07 36.11 34.42 34.39 0.00 0.00 0.00 0.00 0.00 32.21 36.84 38.38 38.33 36.82 40.24 36.87 32.25 36.82 34.25 33.43 34.32 34.56 34.58 34.80 35.74 39.11 36.17 33.00 35.40 31.39 35.45 31.81 33.44 37.19 0.00 0.00 0.00 0.00 0.00 32.50 36.55 35.81 37.36 36.11 33.28 40.61 38.13 42.70 36.67 38.76 38.99 33.02 35.45 37.19 33.78 33.54 31.97 39.49 33.54 31.82 30.48 35.75 35.35 36.36 0.00 0.00 0.00 0.00 0.00 32.73 34.36 37.69 39.27 37.02 32.88 33.86 35.35 41.03 33.99 39.21 34.22 35.32 37.63 37.91 30.92 32.88 34.97 31.42 34.03 33.66 33.64 34.75 35.14 35.27 0.00 0.00 0.00 0.00 0.00 33.78 31.68 34.59 31.50 32.44 36.77 37.89 38.02 32.79 34.01 33.33 35.46 34.56 33.38 34.03 33.32 36.59 32.55 38.93 34.14 31.55 29.10 29.99 36.47 35.05 0.00 0.00 0.00 0.00 0.00 34.21 34.28 35.92 37.03 36.26 34.20 37.59 36.95 29.62 36.92 29.33 38.96 36.19 32.52 34.42 34.38 35.85 30.64 36.69 34.82 36.81 33.15 27.72 32.80 29.84 0.00 0.00 0.00 0.00 0.00 31.25 32.79 30.29 30.10 37.79 33.24 31.74 37.77 38.66 39.41 34.05 31.30 34.70 37.82 36.22 36.51 36.42 31.83 31.29 39.36 35.49 31.80 35.67 35.80 36.15 0.00 0.00 0.00 0.00 0.00 34.07 30.70 33.72 33.05 36.06 37.27 35.06 34.76 33.03 36.21 32.83 29.00 35.66 32.30 33.21 32.64 35.83 31.62 35.67 32.23 36.16 36.27 28.40 34.02 30.43 0.00 0.00 0.00 0.00 0.00 30.96 32.33 34.08 30.36 35.59 35.31 34.92 33.12 32.92 34.76 34.18 37.59 35.39 32.52 34.13 33.63 27.17 32.63 33.10 31.75 30.68 28.75 34.31 33.47 35.39 0.00 0.00 0.00 0.00 0.00 31.70 34.36 35.24 35.76 32.41 33.08 30.08 35.57 33.89 32.95 33.04 32.54 34.87 33.57 34.64 33.55 30.39 32.54 32.42 32.07 30.50 30.62 33.39 33.56 26.12 0.00 0.00 0.00 0.00 0.00 34.24 28.31 30.86 32.90 34.52 33.32 31.69 27.87 32.56 33.12 31.30 32.13 32.07 33.94 29.86 30.10 35.22 32.91 30.89 30.49 30.28 32.35 33.99 30.55 33.41 0.00 0.00 0.00 0.00 0.00 34.04 34.61 30.19 38.88 34.95 32.71 31.61 33.27 33.70 34.19 31.38 33.83 35.88 27.47 31.93 32.91 36.15 32.49 30.85 30.36 33.21 31.73 30.79 31.63 29.40 0.00 0.00 0.00 0.00 0.00 30.63 36.90 31.51 34.35 29.14 30.74 35.24 33.20 30.65 33.89 34.85 34.33 34.77 37.17 27.86 30.98 29.91 31.67 28.32 32.50 31.33 31.25 32.52 31.79 30.09 0.00 0.00 0.00 0.00 0.00 28.72 33.34 28.19 30.17 34.61 34.66 30.50 31.06 34.45 30.19 38.06 32.27 30.51 32.87 33.81 29.41 34.46 33.88 34.67 28.38 29.02 32.79 25.98 32.92 32.20 0.00 0.00 0.00 0.00 0.00 30.81 34.06 33.28 31.69 33.99 36.70 31.12 32.13 28.43 30.23 34.88 30.82 33.47 30.61 30.60 33.83 24.39 30.98 31.97 29.71 31.26 33.93 29.16 32.20 31.22 0.00 0.00 0.00 0.00 0.00 28.63 29.18 31.37 30.76 30.42 30.78 30.88 34.31 29.60 34.74 30.30 33.74 32.78 31.98 27.80 30.35 30.74 28.84 26.92 33.53 31.97 26.19 32.70 33.02 29.60 0.00 0.00 0.00 0.00 0.00 27.38 23.73 31.31 28.47 31.44 32.51 34.29 32.62 31.80 28.87 30.27 33.09 29.42 30.57 31.79 32.07 32.36 30.21 33.63 30.04 30.31 34.51 30.71 31.39 33.05 0.00 0.00 0.00 0.00 0.00 27.10 26.62 31.95 28.38 29.20 30.97 34.33 32.33 30.31 35.20 33.35 30.15 29.00 30.64 29.91 28.92 29.81 28.18 28.51 30.82 30.86 30.92 24.74 28.63 26.99 0.00 0.00 0.00 0.00 0.00 32.19 27.97 30.62 28.41 33.87 28.79 30.21 29.63 28.12 32.02 27.73 27.19 25.69 29.36 24.91 32.56 31.87 30.45 30.10 29.40 33.10 28.79 28.83 33.41 29.13 0.00 0.00 0.00 0.00 0.00 25.25 28.16 29.19 29.18 26.66 27.61 30.88 27.89 30.31 31.54 29.82 26.15 28.62 31.52 30.51 24.19 22.62 29.40 24.61 27.79 32.53 25.78 30.74 29.24 28.87 0.00 0.00 0.00 0.00 0.00 29.80 30.95 31.76 27.67 29.24 29.30 28.00 30.24 31.53 30.09 29.54 30.67 29.18 31.38 27.46 32.19 30.05 30.00 31.03 26.58 28.55 27.23 29.32 26.60 23.78 0.00 0.00 0.00 0.00 0.00 28.96 27.72 27.06 29.76 26.84 27.01 27.77 32.24 28.26 29.14 32.41 27.79 27.33 29.45 27.58 28.11 28.85 29.25 28.89 25.35 27.29 31.49 28.68 27.86 29.07 0.00 0.00 0.00 0.00 0.00 27.13 26.18 24.71 30.35 28.10 30.40 26.49 30.04 26.19 30.33 28.44 26.22 30.27 31.34 30.74 29.64 33.68 27.36 30.31 29.73 33.20 25.56 28.24 28.72 33.24 0.00 0.00 0.00 0.00 0.00 26.25 27.25 25.06 23.36 30.21 28.20 26.56 32.11 26.68 25.96 29.57 28.76 27.67 26.21 30.16 25.58 28.78 27.84 25.93 30.52 30.46 29.96 31.73 29.72 27.17 0.00 0.00 0.00 0.00 0.00 31.31 25.59 28.99 26.40 29.61 24.30 26.19 24.72 28.96 27.54 27.95 26.49 25.29 27.36 30.36 29.16 25.19 27.62 29.16 27.44 28.10 30.31 27.67 30.94 27.37 0.00 0.00 0.00 0.00 0.00 0.00 27.14 26.11 29.19 28.63 24.99 27.49 31.36 23.93 26.71 24.68 24.47 32.08 27.38 27.01 26.34 28.73 22.79 28.04 24.76 26.16 29.98 24.88 27.89 29.31 0.00 0.00 0.00 0.00 0.00 0.00 24.44 25.42 25.68 28.17 26.09 27.92 26.14 28.62 28.49 24.73 24.26 25.11 25.42 30.29 31.53 31.78 25.50 26.80 28.58 29.57 25.38 24.84 25.32 0.00 0.00 0.00 0.00 0.00 0.00 0.00 30.08 27.53 25.79 26.96 28.39 29.19 29.38 26.07 24.93 28.67 27.87 27.71 25.31 25.33 24.58 24.86 27.14 25.17 26.38 24.97 25.66 23.46 27.90 0.00 0.00 0.00 0.00 0.00 0.00 0.00 28.28 23.80 24.15 25.29 26.04 25.98 25.72 26.96 26.52 27.73 23.41 27.61 28.17 26.29 29.02 26.97 24.49 25.16 29.69 26.70 26.47 25.93 26.08 0.00 0.00 0.00 0.00 0.00 0.00 0.00 25.16 24.48 22.07 28.27 26.07 27.87 26.67 26.91 26.39 25.03 25.64 25.14 27.79 26.42 27.32 21.51 24.49 26.69 27.45 26.47 23.77 23.10 23.99 0.00 0.00 0.00 0.00 0.00 0.00 0.00 25.18 27.67 27.30 25.00 28.73 24.21 24.42 26.31 25.28 26.19 29.39 27.36 23.77 27.79 26.28 27.52 23.20 25.05 25.12 28.11 25.95 27.26 25.30 0.00 0.00 0.00 0.00 0.00 0.00 0.00 27.06 21.80 26.66 21.38 26.93 27.85 26.76 25.49 23.97 23.39 24.36 24.76 26.08 26.09 27.68 26.47 27.99 27.79 27.14 22.83 27.55 25.82 25.79 0.00 0.00 0.00 0.00 0.00 0.00 0.00 0.00 27.49 27.63 24.66 27.92 29.02 22.62 26.35 26.81 28.13 22.37 25.31 28.31 26.20 22.93 19.89 24.36 26.90 25.56 25.17 29.72 23.97 23.75 0.00 0.00 0.00 0.00 0.00 0.00 0.00 0.00 24.15 23.20 24.29 24.53 24.46 23.31 23.38 21.93 27.09 24.54 26.35 23.45 26.11 24.71 25.91 25.07 27.39 23.47 25.95 24.15 25.81 0.00 0.00 0.00 0.00 0.00 0.00 0.00 0.00 0.00 24.54 26.19 26.83 24.69 24.56 26.30 23.19 22.78 23.59 29.70 23.13 23.84 25.22 21.93 20.81 25.30 25.48 27.88 23.84 25.88 28.01 0.00 0.00 0.00 0.00 0.00 0.00 0.00 0.00 0.00 25.41 26.42 23.89 26.07 24.44 24.49 26.64 23.28 21.94 25.96 26.87 21.81 23.79 25.82 27.36 24.05 25.36 20.74 27.82 24.99 27.88 0.00 0.00 0.00 0.00 0.00 0.00 0.00 0.00 0.00 21.55 28.24 24.50 21.73 25.36 22.69 24.74 26.88 23.66 23.97 24.85 22.37 23.59 23.73 21.72 24.38 20.17 25.64 27.32 26.78 23.42 0.00 0.00 0.00 0.00 0.00 0.00 0.00 0.00 0.00 0.00 22.48 25.30 20.76 24.33 26.88 23.76 24.59 25.28 21.73 23.37 23.37 23.12 22.59 23.99 24.25 24.71 22.95 21.49 20.95 22.39 0.00 0.00 0.00 0.00 0.00 0.00 0.00 0.00 0.00 0.00 23.52 24.60 27.41 25.93 25.58 24.32 25.07 24.19 23.80 23.40 22.16 23.27 24.48 24.52 23.47 22.87 25.52 22.83 22.47 0.00 0.00 0.00 0.00 0.00 0.00 0.00 0.00 0.00 0.00 0.00 22.21 21.26 22.36 25.16 22.06 24.23 23.60 22.57 23.85 25.84 24.49 24.74 24.85 24.92 24.49 21.32 20.04 21.77 25.25 0.00 0.00 0.00 0.00 0.00 0.00 0.00 0.00 0.00 0.00 0.00 23.76 23.10 25.60 22.09 23.80 23.51 25.08 19.89 21.56 21.95 23.85 21.03 22.87 23.06 21.45 23.49 22.24 24.83 20.88 0.00 0.00 0.00 0.00 0.00 0.00 0.00 0.00 0.00 0.00 0.00 0.00 21.62 23.86 22.59 22.42 23.06 22.24 20.22 23.13 24.15 23.82 22.99 24.91 21.44 21.48 23.24 20.06 23.14 22.06 0.00 0.00 0.00 0.00 0.00 0.00 0.00 0.00 0.00 0.00 0.00 0.00 24.83 25.45 19.01 20.35 23.37 21.56 21.01 20.95 23.20 19.29 22.63 21.59 21.10 23.48 22.55 19.13 22.79 0.00 0.00 0.00 0.00 0.00 0.00 0.00 0.00 0.00 0.00 0.00 0.00 0.00 20.06 21.74 19.58 21.66 21.08 21.78 24.94 21.63 21.65 22.03 23.92 22.58 20.91 17.49 23.40 21.94 24.74 0.00 0.00 0.00 0.00 0.00 0.00 0.00 0.00 0.00 0.00 0.00 0.00 0.00 0.00 19.80 20.10 21.13 21.66 21.67 21.55 23.74 21.40 20.18 17.37 24.31 17.81 20.75 19.88 23.51 21.86 0.00 0.00 0.00 0.00 0.00 0.00 0.00 0.00 0.00 0.00 0.00 0.00 0.00 0.00 20.63 21.32 22.25 22.80 21.38 18.46 22.84 23.47 21.11 23.15 19.74 17.02 21.64 21.38 20.55 0.00 0.00 0.00 0.00 0.00 0.00 0.00 0.00 0.00 0.00 0.00 0.00 0.00 0.00 0.00 19.78 21.81 21.99 20.80 20.92 19.91 22.22 21.69 21.39 18.17 21.10 18.17 19.58 19.34 21.23 0.00 0.00 0.00 0.00 0.00 0.00 0.00 0.00 0.00 0.00 0.00 0.00 0.00 0.00 0.00 0.00 20.96 20.39 22.16 23.09 21.06 21.62 16.21 22.30 19.07 18.57 22.14 21.27 19.28 0.00 0.00 0.00 0.00 0.00 0.00 0.00 0.00 0.00 0.00 0.00 0.00 0.00 0.00 0.00 0.00 0.00 20.05 19.95 19.70 19.20 16.97 19.85 20.78 21.40 20.40 20.80 20.14 19.59 21.70 0.00 0.00 0.00 0.00 0.00 0.00 0.00 0.00 0.00 0.00 0.00 0.00 0.00 0.00 0.00 0.00 0.00 0.00 16.81 21.87 20.95 20.72 20.49 21.62 21.00 18.49 18.43 17.61 21.25 20.49 0.00 0.00 0.00 0.00 0.00 0.00 0.00 0.00 0.00 0.00 0.00 0.00 0.00 0.00 0.00 0.00 0.00 0.00 17.08 20.41 18.98 21.63 22.35 17.54 19.35 22.09 20.80 22.23 19.22 0.00 0.00 0.00 0.00 0.00 0.00 0.00 0.00 0.00 0.00 0.00 0.00 0.00 0.00 0.00 0.00 0.00 0.00 0.00 0.00 22.95 19.15 20.12 18.05 17.72 19.73 18.60 19.03 19.81 0.00 0.00 0.00 0.00 0.00 0.00 0.00 0.00 0.00 0.00 0.00 0.00 0.00 0.00 0.00 0.00 0.00 0.00 0.00 0.00 0.00 18.81 21.78 20.28 18.65 17.90 17.69 19.36 17.89 17.98 0.00 0.00 0.00 0.00 0.00 0.00 0.00 0.00 0.00 0.00 0.00 0.00 0.00 0.00 0.00 0.00 0.00 0.00 0.00 0.00 0.00 0.00 18.79 16.98 18.05 18.97 14.50 19.51 18.46 0.00 0.00 0.00 0.00 0.00 0.00 0.00 0.00 0.00 0.00 0.00 0.00 0.00 0.00 0.00 0.00 0.00 0.00 0.00 0.00 0.00 0.00 0.00 0.00 0.00 18.05 19.56 20.04 19.04 0.00 0.00 0.00 0.00 0.00 0.00 0.00 0.00 0.00 0.00 0.00 0.00 0.00 0.00 0.00 0.00 0.00 0.00 0.00 0.00 0.00 0.00 0.00 0.00 0.00 0.00 0.00 0.00 0.00 0.00 0.00 0.00 0.00 0.00 0.00 0.00 0.00 0.00 0.00 0.00 0.00 0.00
rain_type.data=0 0 0 0 0 0 0 0 0 0 0 0 0 0 0 0 0 0 0 0 0 0 0 0 0 0 0 0 0 0 0 0 0 0 0 0 0 0 0 0 0 0 0 1 1 1 1 1 1 0 0 0 0 0 0 0 0 0 0 0 0 0 0 0 0 0 0 0 0 0 0 1 1 1 1 1 1 1 1 1 0 0 0 0 0 0 0 0 0 0 0 0 0 0 0 0 0 0 0 0 1 1 1 1 1 1 1 1 1 1 1 0 0 0 0 0 0 0 0 0 0 0 0 0 0 0 0 0 0 1 1 2 1 1 1 1 1 1 1 1 1 1 0 0 0 0 0 0 0 0 0 0 0 0 0 0 0 0 0 2 2 2 2 2 1 1 1 1 1 1 1 1 0 0 0 0 0 0 0 0 0 0 0 0 0 0 0 0 2 2 2 2 2 2 2 1 1 1 1 1 1 1 1 0 0 0 0 0 0 0 0 0 0 0 0 0 0 0 2 2 2 2 2 2 2 2 1 1 1 1 1 1 1 1 0 0 0 0 0 0 0 0 0 0 0 0 0 2 2 2 2 2 2 2 2 2 1 1 1 1 1 1 1 1 0 0 0 0 0 0 0 0 0 0 0 0 0 2 2 2 2 2 2 2 2 2 2 1 1 1 1 1 1 1 0 0 0 0 0 0 0 0 0 0 0 0 2 2 2 2 2 2 2 2 2 2 2 1 1 1 1 1 1 1 1 0 0 0 0 0 0 0 0 0 0 0 2 2 2 2 2 2 2 2 2 2 2 1 1 1 1 1 1 1 1 0 0 0 0 0 0 0 0 0 0 0 2 2 2 2 2 2 2 2 2 2 2 2 1 1 1 1 1 1 1 0 0 0 0 0 0 0 0 0 0 1 2 2 2 2 2 2 2 2 2 2 2 2 1 1 1 1 1 1 1 1 0 0 0 0 0 0 0 0 0 2 2 2 2 2 2 2 2 2 2 2 2 2 1 1 1 1 1 1 1 1 0 0 0 0 0 0 0 0 0 2 2 2 2 2 2 2 2 2 2 2 2 2 1 1 1 1 1 1 1 1 0 0 0 0 0 0 0 0 0 2 2 2 2 2 2 2 2 2 2 2 2 2 1 1 1 1 1 1 1 1 1 0 0 0 0 0 0 0 1 2 2 2 2 2 2 2 2 2 2 2 2 2 1 1 1 1 1 1 1 1 1 0 0 0 0 0 0 0 1 2 2 2 2 2 2 2 2 2 2 2 2 2 2 1 1 1 1 1 1 1 1 0 0 0 0 0 0 0 1 2 2 2 2 2 2 2 2 2 2 2 2 2 2 1 1 1 1 1 1 1 1 0 0 0 0 0 0 0 1 2 2 2 2 2 2 2 2 2 2 2 2 2 2 1 1 1 1 1 1 1 1 0 0 0 0 0 0 0 1 2 2 2 2 2 2 2 2 2 2 2 2 2 2 1 1 1 1 1 1 1 1 0 0 0 0 0 0 0 1 2 2 2 2 2 2 2 2 2 2 2 2 2 2 1 1 1 1 1 1 1 1 1 0 0 0 0 0 1 1 2 2 2 2 2 2 2 2 2 2 2 2 2 2 1 1 1 1 1 1 1 1 1 0 0 0 0 0 1 1 2 2 2 2 2 2 2 2 2 2 2 2 2 2 1 1 1 1 1 1 1 1 1 0 0 0 0 0 1 1 2 2 2 2 2 2 2 2 2 2 2 2 2 2 1 1 1 1 1 1 1 1 1 0 0 0 0 0 1 1 2 2 2 2 2 2 2 2 2 2 2 2 2 2 1 1 1 1 1 1 1 1 1 0 0 0 0 0 1 1 2 2 2 2 2 2 2 2 2 2 2 2 2 2 1 1 1 1 1 1 1 1 1 0 0 0 0 0 1 1 2 2 2 2 2 2 2 2 2 2 2 2 2 1 1 1 1 1 1 1 1 1 1 0 0 0 0 0 1 1 2 2 2 2 2 2 2 2 2 2 2 2 2 1 1 1 1 1 1 1 1 1 1 0 0 0 0 0 1 1 2 2 2 2 2 2 2 2 2 2 2 2 2 1 1 1 1 1 1 1 1 1 1 0 0 0 0 0 1 1 2 2 2 2 2 2 2 2 2 2 2 2 2 1 1 1 1 1 1 1 1 1 1 0 0 0 0 0 1 1 2 2 2 2 2 2 2 2 2 2 2 2 2 1 1 1 1 1 1 1 1 1 1 0 0 0 0 0 1 1 1 2 2 2 2 2 2 2 2 2 2 2 2 1 1 1 1 1 1 1 1 1 1 0 0 0 0 0 1 1 1 2 2 2 2 2 2 2 2 2 2 2 2 1 1 1 1 1 1 1 1 1 1 0 0 0 0 0 1 1 1 2 2 2 2 2 2 2 2 2 2 2 1 1 1 1 1 1 1 1 1 1 1 0 0 0 0 0 1 1 1 2 2 2 2 2 2 2 2 2 2 2 1 1 1 1 1 1 1 1 1 1 1 0 0 0 0 0 1 1 1 2 2 2 2 2 2 2 2 2 2 2 1 1 1 1 1 1 1 1 1 1 1 0 0 0 0 0 1 1 1 1 2 2 2 2 2 2 2 2 2 2 1 1 1 1 1 1 1 1 1 1 1 0 0 0 0 0 1 1 1 1 2 2 2 2 2 2 2 2 2 1 1 1 1 1 1 1 1 1 1 1 1 0 0 0 0 0 1 1 1 1 1 2 2 2 2 2 2 2 2 1 1 1 1 1 1 1 1 1 1 1 1 0 0 0 0 0 1 1 1 1 1 2 2 2 2 2 2 2 1 1 1 1 1 1 1 1 1 1 1 1 1 0 0 0 0 0 1 1 1 1 1 1 2 2 2 2 2 2 1 1 1 1 1 1 1 1 1 1 1 1 1 0 0 0 0 0 1 1 1 1 1 1 2 2 2 2 2 1 1 1 1 1 1 1 1 1 1 1 1 1 1 0 0 0 0 0 1 1 1 1 1 1 1 1 2 2 1 1 1 1 1 1 1 1 1 1 1 1 1 1 1 0 0 0 0 0 1 1 1 1 1 1 1 1 1 1 1 1 1 1 1 1 1 1 1 1 1 1 1 1 1 0 0 0 0 0 1 1 1 1 1 1 1 1 1 1 1 1 1 1 1 1 1 1 1 1 1 1 1 1 1 0 0 0 0 0 1 1 1 1 1 1 1 1 1 1 1 1 1 1 1 1 1 1 1 1 1 1 1 1 1 0 0 0 0 0 1 1 1 1 1 1 1 1 1 1 1 1 1 1 1 1 1 1 1 1 1 1 1 1 1 0 0 0 0 0 1 1 1 1 1 1 1 1 1 1 1 1 1 1 1 1 1 1 1 1 1 1 1 1 1 0 0 0 0 0 1 1 1 1 1 1 1 1 1 1 1 1 1 1 1 1 1 1 1 1 1 1 1 1 1 0 0 0 0 0 0 1 1 1 1 1 1 1 1 1 1 1 1 1 1 1 1 1 1 1 1 1 1 1 1 0 0 0 0 0 0 1 1 1 1 1 1 1 1 1 1 1 1 1 1 1 1 1 1 1 1 1 1 1 0 0 0 0 0 0 0 1 1 1 1 1 1 1 1 1 1 1 1 1 1 1 1 1 1 1 1 1 1 1 0 0 0 0 0 0 0 1 1 1 1 1 1 1 1 1 1 1 1 1 1 1 1 1 1 1 1 1 1 1 0 0 0 0 0 0 0 1 1 1 1 1 1 1 1 1 1 1 1 1 1 1 1 1 1 1 1 1 1 1 0 0 0 0 0 0 0 1 1 1 1 1 1 1 1 1 1 1 1 1 1 1 1 1 1 1 1 1 1 1 0 0 0 0 0 0 0 1 1 1 1 1 1 1 1 1 1 1 1 1 1 1 1 1 1 1 1 1 1 1 0 0 0 0 0 0 0 0 1 1 1 1 1 1 1 1 1 1 1 1 1 1 1 1 1 1 1 1 1 1 0 0 0 0 0 0 0 0 1 1 1 1 1 1 1 1 1 1 1 1 1 1 1 1 1 1 1 1 1 0 0 0 0 0 0 0 0 0 1 1 1 1 1 1 1 1 1 1 1 1 1 1 1 1 1 1 1 1 1 0 0 0 0 0 0 0 0 0 1 1 1 1 1 1 1 1 1 1 1 1 1 1 1 1 1 1 1 1 1 0 0 0 0 0 0 0 0 0 1 1 1 1 1 1 1 1 1 1 1 1 1 1 1 1 1 1 1 1 1 0 0 0 0 0 0 0 0 0 0 1 1 1 1 1 1 1 1 1 1 1 1 1 1 1 1 1 1 1 1 0 0 0 0 0 0 0 0 0 0 1 1 1 1 1 1 1 1 1 1 1 1 1 1 1 1 1 1 1 0 0 0 0 0 0 0 0 0 0 0 1 1 1 1 1 1 1 1 1 1 1 1 1 1 1 1 1 1 1 0 0 0 0 0 0 0 0 0 0 0 1 1 1 1 1 1 1 1 1 1 1 1 1 1 1 1 1 1 1 0 0 0 0 0 0 0 0 0 0 0 0 1 1 1 1 1 1 1 1 1 1 1 1 1 1 1 1 1 1 0 0 0 0 0 0 0 0 0 0 0 0 1 1 1 1 1 1 1 1 1 1 1 1 1 1 1 1 1 0 0 0 0 0 0 0 0 0 0 0 0 0 1 1 1 1 1 1 1 1 1 1 1 1 1 1 1 1 1 0 0 0 0 0 0 0 0 0 0 0 0 0 0 1 1 1 1 1 1 1 1 1 1 1 1 1 1 1 1 0 0 0 0 0 0 0 0 0 0 0 0 0 0 1 1 1 1 1 1 1 1 1 1 1 1 1 1 1 0 0 0 0 0 0 0 0 0 0 0 0 0 0 0 1 1 1 1 1 1 1 1 1 1 1 1 1 1 1 0 0 0 0 0 0 0 0 0 0 0 0 0 0 0 0 1 1 1 1 1 1 1 1 1 1 1 1 1 0 0 0 0 0 0 0 0 0 0 0 0 0 0 0 0 0 1 1 1 1 1 1 1 1 1 1 1 1 1 0 0 0 0 0 0 0 0 0 0 0 0 0 0 0 0 0 0 1 1 1 1 1 1 1 1 1 1 1 1 0 0 0 0 0 0 0 0 0 0 0 0 0 0 0 0 0 0 1 1 1 1 1 1 1 1 1 1 1 0 0 0 0 0 0 0 0 0 0 0 0 0 0 0 0 0 0 0 0 1 1 1 1 1 1 1 1 1 0 0 0 0 0 0 0 0 0 0 0 0 0 0 0 0 0 0 0 0 0 1 1 1 1 1 1 1 1 1 0 0 0 0 0 0 0 0 0 0 0 0 0 0 0 0 0 0 0 0 0 0 1 1 1 1 1 1 1 0 0 0 0 0 0 0 0 0 0 0 0 0 0 0 0 0 0 0 0 0 0 0 0 0 1 1 1 1 0 0 0 0 0 0 0 0 0 0 0 0 0 0 0 0 0 0 0 0 0 0 0 0 0 0 0 0 0 0 0 0 0 0 0 0 0 0 0 0 0 0
estimated_attenuation.size=2460
estimated_attenuation.data=0.00 0.00 0.00 0.00 0.00 0.00 0.00 0.00 0.00 0.00 0.00 0.00 0.00 0.00 0.00 0.00 0.00 0.00 0.00 0.00 0.00 0.00 0.00 0.00 0.00 0.00 0.00 0.00 0.00 0.00 0.00 0.00 0.00 0.00 0.00 0.00 0.00 0.00 0.00 0.00 0.00 0.00 0.00 0.00 0.00 0.00 0.00 0.00 0.00 0.00 0.00 0.00 0.00 0.00 0.00 0.00 0.00 0.00 0.00 0.00 0.00 0.00 0.00 0.00 0.00 0.00 0.00 0.00 0.00 0.00 0.00 0.00 0.00 0.00 0.00 0.00 0.00 0.00 0.00 0.00 0.00 0.00 0.00 0.00 0.00 0.00 0.00 0.00 0.00 0.00 0.00 0.00 0.00 0.00 0.00 0.00 0.00 0.00 0.00 0.00 0.00 0.00 0.00 0.00 0.00 0.00 0.00 0.00 0.00 0.00 0.00 0.00 0.00 0.00 0.00 0.00 0.00 0.00 0.00 0.00 0.00 0.00 0.00 0.00 0.00 0.00 0.00 0.00 0.00 0.00 0.00 0.00 0.00 0.00 0.00 0.00 0.00 0.00 0.00 0.00 0.00 0.00 0.00 0.00 0.00 0.00 0.00 0.00 0.00 0.00 0.00 0.00 0.00 0.00 0.00 0.00 0.00 0.00 0.00 0.00 0.00 0.00 0.00 0.00 0.00 0.00 0.00 0.00 0.00 0.00 0.00 0.00 0.00 0.00 0.00 0.00 0.00 0.00 0.00 0.00 0.00 0.00 0.00 0.00 0.00 0.00 0.00 0.00 0.00 0.00 0.00 0.00 0.00 0.00 0.00 0.00 0.00 0.00 0.00 0.00 0.00 0.00 0.00 0.00 0.00 0.00 0.00 0.00 0.00 0.00 0.00 0.00 0.00 0.00 0.00 0.00 0.00 0.00 0.00 0.00 0.00 0.00 0.00 0.00 0.00 0.00 0.00 0.00 0.00 0.00 0.00 0.00 0.00 0.00 0.00 0.00 0.00 0.00 0.00 0.00 0.00 0.00 0.00 0.00 0.00 0.00 0.00 0.00 0.00 0.00 0.00 0.00 0.00 0.00 0.00 0.00 0.00 0.00 0.00 0.00 0.00 0.00 0.00 0.00 0.00 0.00 0.00 0.00 0.00 0.00 0.00 0.00 0.00 0.00 0.00 0.00 0.00 0.00 0.00 0.00 0.00 0.00 0.00 0.00 0.00 0.00 0.00 0.00 0.00 0.00 0.00 0.00 0.00 0.00 0.00 0.00 0.00 0.00 0.00 0.00 0.00 0.00 0.00 0.00 0.00 0.00 0.00 0.00 0.00 0.00 0.00 0.00 0.00 0.00 0.00 0.00 0.00 0.00 0.00 0.00 0.00 0.00 0.00 0.00 0.00 0.00 0.00 0.00 0.00 0.00 0.00 0.00 0.00 0.00 0.00 0.00 0.00 0.00 0.00 0.00 0.00 0.00 0.00 0.00 0.00 0.00 0.00 0.00 0.00 0.00 0.00 0.00 0.00 0.00 0.00 0.00 0.00 0.00 0.00 0.00 0.00 0.00 0.00 0.00 0.00 0.00 0.00 0.00 0.00 0.00 0.00 0.00 0.00 0.00 0.00 0.00 0.00 0.00 0.00 0.00 0.00 0.00 0.00 0.00 0.00 0.00 0.00 0.00 0.00 0.00 0.00 0.00 0.00 0.00 0.00 0.00 0.00 0.00 0.00 0.00 0.00 0.00 0.00 0.00 0.00 0.00 0.00 0.00 0.00 0.00 0.00 0.00 0.00 0.00 0.00 0.00 0.00 0.00 0.00 0.00 0.00 0.00 0.00 0.00 0.00 0.00 0.00 0.00 0.00 0.00 0.00 0.00 0.00 0.00 0.00 0.00 0.00 0.00 0.00 0.00 0.00 0.00 0.00 0.00 0.00 0.00 0.00 0.00 0.00 0.00 0.00 0.00 0.00 0.00 0.00 0.00 0.00 0.00 0.00 0.00 0.00 0.00 0.00 0.00 0.00 0.00 0.00 0.00 0.00 0.00 0.00 0.00 0.00 0.00 0.00 0.00 0.00 0.00 0.00 0.00 0.00 0.00 0.00 0.00 0.00 0.00 0.00 0.00 0.00 0.00 0.00 0.00 0.00 0.00 0.00 0.00 0.00 0.00 0.00 0.00 0.00 0.00 0.00 0.00 0.00 0.00 0.00 0.00 0.00 0.00 0.00 0.00 0.00 0.00 0.00 0.00 0.00 0.00 0.00 0.00 0.00 0.00 0.00 0.00 0.00 0.00 0.00 0.00 0.00 0.00 0.00 0.00 0.00 0.00 0.00 0.00 0.00 0.00 0.00 0.00 0.00 0.00 0.00 0.00 0.00 0.00 0.00 0.00 0.00 0.00 0.00 0.00 0.00 0.00 0.00 0.00 0.00 0.00 0.00 0.00 0.00 0.00 0.00 0.00 0.00 0.00 0.00 0.00 0.00 0.00 0.00 0.00 0.00 0.00 0.00 0.00 0.00 0.00 0.00 0.00 0.00 0.00 0.00 0.00 0.00 0.00 0.00 0.00 0.00 0.00 0.00 0.00 0.00 0.00 0.00 0.00 0.00 0.00 0.00 0.00 0.00 0.00 0.00 0.00 0.00 0.00 0.00 0.00 0.00 0.00 0.00 0.00 0.00 0.00 0.00 0.00 0.00 0.00 0.00 0.00 0.00 0.00 0.00 0.00 0.00 0.00 0.00 0.00 0.00 0.00 0.00 0.00 0.00 0.00 0.00 0.00 0.00 0.00 0.00 0.00 0.00 0.00 0.00 0.00 0.00 0.00 0.00 0.00 0.00 0.00 0.00 0.00 0.00 0.00 0.00 0.00 0.00 0.00 0.00 0.00 0.00 0.00 0.00 0.00 0.00 0.00 0.00 0.00 0.00 0.00 0.00 0.00 0.00 0.00 0.00 0.00 0.00 0.00 0.00 0.00 0.00 0.00 0.00 0.00 0.00 0.00 0.00 0.00 0.00 0.00 0.00 0.00 0.00 0.00 0.00 0.00 0.00 0.00 0.00 0.00 0.00 0.00 0.00 0.00 0.00 0.00 0.00 0.00 0.00 0.00 0.00 0.00 0.00 0.00 0.00 0.00 0.00 0.00 0.00 0.00 0.00 0.00 0.00 0.00 0.00 0.00 0.00 0.00 0.00 0.00 0.00 0.00 0.00 0.00 0.00 0.00 0.00 0.00 0.00 0.00 0.00 0.00 0.00 0.00 0.00 0.00 0.00 0.00 0.00 0.00 0.00 0.00 0.00 0.00 0.00 0.00 0.00 0.00 0.00 0.00 0.00 0.00 0.00 0.00 0.00 0.00 0.00 0.00 0.00 0.00 0.00 0.00 0.00 0.00 0.00 0.00 0.00 0.00 0.00 0.00 0.00 0.00 0.00 0.00 0.00 0.00 0.00 0.00 0.00 0.00 0.00 0.00 0.00 0.00 0.00 0.00 0.00 0.00 0.00 0.00 0.00 0.00 0.00 0.00 0.00 0.00 0.00 0.00 0.00 0.00 0.00 0.00 0.00 0.00 0.00 0.00 0.00 0.00 0.00 0.00 0.00 0.00 0.00 0.00 0.00 0.00 0.00 0.00 0.00 0.00 0.00 0.00 0.00 0.00 0.00 0.00 0.00 0.00 0.00 0.00 0.00 0.00 0.00 0.00 0.00 0.00 0.00 0.00 0.00 0.00 0.00 0.00 0.00 0.00 0.00 0.00 0.00 0.00 0.00 0.00 0.00 0.00 0.00 0.00 0.00 0.00 0.00 0.00 0.00 0.00 0.00 0.00 0.00 0.00 0.00 0.00 0.00 0.00 0.00 0.00 0.00 0.00 0.00 0.00 0.00 0.00 0.00 0.00 0.00 0.00 0.00 0.00 0.00 0.00 0.00 0.00 0.00 0.00 0.00 0.00 0.00 0.00 0.00 0.00 0.00 0.00 0.00 0.00 0.00 0.00 0.00 0.00 0.00 0.00 0.00 0.00 0.00 0.00 0.00 0.00 0.00 0.00 0.00 0.00 0.00 0.00 0.00 0.00 0.00 0.00 0.00 0.00 0.00 0.00 0.00 0.00 0.00 0.00 0.00 0.00 0.00 0.00 0.00 0.00 0.00 0.00 0.00 0.00 0.00 0.00 0.00 0.00 0.00 0.00 0.00 0.00 0.00 0.00 0.00 0.00 0.00 0.00 0.00 0.00 0.00 0.00 0.00 0.00 0.00 0.00 0.00 0.00 0.00 0.00 0.00 0.00 0.00 0.00 0.00 0.00 0.00 0.00 0.00 0.00 0.00 0.00 0.00 0.00 0.00 0.00 0.00 0.00 0.00 0.00 0.00 0.00 0.00 0.00 0.00 0.00 0.00 0.00 0.00 0.00 0.00 0.00 0.00 0.00 0.00 0.00 0.00 0.00 0.00 0.00 0.00 0.00 0.00 0.00 0.00 0.00 0.00 0.00 0.00 0.00 0.00 0.00 0.00 0.00 0.00 0.00 0.00 0.00 0.00 0.00 0.00 0.00 0.00 0.00 0.00 0.00 0.00 0.00 0.00 0.00 0.00 0.00 0.00 0.00 0.00 0.00 0.00 0.00 0.00 0.00 0.00 0.00 0.00 0.00 0.00 0.00 0.00 0.00 0.00 0.00 0.00 0.00 0.00 0.00 0.00 0.00 0.00 0.00 0.00 0.00 0.00 0.00 0.00 0.00 0.00 0.00 0.00 0.00 0.00 0.00 0.00 0.00 0.00 0.00 0.00 0.00 0.00 0.00 0.00 0.00 0.00 0.00 0.00 0.00 0.00 0.00 0.00 0.00 0.00 0.00 0.00 0.00 0.00 0.00 0.00 0.00 0.00 0.00 0.00 0.00 0.00 0.00 0.00 0.00 0.00 0.00 0.00 0.00 0.00 0.00 0.00 0.00 0.00 0.00 0.00 0.00 0.00 0.00 0.00 0.00 0.00 0.00 0.00 0.00 0.00 0.00 0.00 0.00 0.00 0.00 0.00 0.00 0.00 0.00 0.00 0.00 0.00 0.00 0.00 0.00 0.00 0.00 0.00 0.00 0.00 0.00 0.00 0.00 0.00 0.00 0.00 0.00 0.00 0.00 0.00 0.00 0.00 0.00 0.00 0.00 0.00 0.00 0.00 0.00 0.00 0.00 0.00 0.00 0.00 0.00 0.00 0.00 0.00 0.00 0.00 0.00 0.00 0.00 0.00 0.00 0.00 0.00 0.00 0.00 0.00 0.00 0.00 0.00 0.00 0.00 0.00 0.00 0.00 0.00 0.00 0.00 0.00 0.00 0.00 0.00 0.00 0.00 0.00 0.00 0.00 0.00 0.00 0.00 0.00 0.00 0.00 0.00 0.00 0.00 0.00 0.00 0.00 0.00 0.00 0.00 0.00 0.00 0.00 0.00 0.00 0.00 0.00 0.00 0.00 0.00 0.00 0.00 0.00 0.00 0.00 0.00 0.00 0.00 0.00 0.00 0.00 0.00 0.00 0.00 0.00 0.00 0.00 0.00 0.00 0.00 0.00 0.00 0.00 0.00 0.00 0.00 0.00 0.00 0.00 0.00 0.00 0.00 0.00 0.00 0.00 0.00 0.00 0.00 0.00 0.00 0.00 0.00 0.00 0.00 0.00 0.00 0.00 0.00 0.00 0.00 0.00 0.00 0.00 0.00 0.00 0.00 0.00 0.00 0.00 0.00 0.00 0.00 0.00 0.00 0.00 0.00 0.00 0.00 0.00 0.00 0.00 0.00 0.00 0.00 0.00 0.00 0.00 0.00 0.00 0.00 0.00 0.00 0.00 0.00 0.00 0.00 0.00 0.00 0.00 0.00 0.00 0.00 0.00 0.00 0.00 0.00 0.00 0.00 0.00 0.00 0.00 0.00 0.00 0.00 0.00 0.00 0.00 0.00 0.00 0.00 0.00 0.00 0.00 0.00 0.00 0.00 0.00 0.00 0.00 0.00 0.00 0.00 0.00 0.00 0.00 0.00 0.00 0.00 0.00 0.00 0.00 0.00 0.00 0.00 0.00 0.00 0.00 0.00 0.00 0.00 0.00 0.00 0.00 0.00 0.00 0.00 0.00 0.00 0.00 0.00 0.00 0.00 0.00 0.00 0.00 0.00 0.00 0.00 0.00 0.00 0.00 0.00 0.00 0.00 0.00 0.00 0.00 0.00 0.00 0.00 0.00 0.00 0.00 0.00 0.00 0.00 0.00 0.00 0.00 0.00 0.00 0.00 0.00 0.00 0.00 0.00 0.00 0.00 0.00 0.00 0.00 0.00 0.00 0.00 0.00 0.00 0.00 0.00 0.00 0.00 0.00 0.00 0.00 0.00 0.00 0.00 0.00 0.00 0.00 0.00 0.00 0.00 0.00 0.00 0.00 0.00 0.00 0.00 0.00 0.00 0.00 0.00 0.00 0.00 0.00 0.00 0.00 0.00 0.00 0.00 0.00 0.00 0.00 0.00 0.00 0.00 0.00 0.00 0.00 0.00 0.00 0.00 0.00 0.00 0.00 0.00 0.00 0.00 0.00 0.00 0.00 0.00 0.00 0.00 0.00 0.00 0.00 0.00 0.00 0.00 0.00 0.00 0.00 0.00 0.00 0.00 0.00 0.00 0.00 0.00 0.00 0.00 0.00 0.00 0.00 0.00 0.00 0.00 0.00 0.00 0.00 0.00 0.00 0.00 0.00 0.00 0.00 0.00 0.00 0.00 0.00 0.00 0.00 0.00 0.00 0.00 0.00 0.00 0.00 0.00 0.00 0.00 0.00 0.00 0.00 0.00 0.00 0.00 0.00 0.00 0.00 0.00 0.00 0.00 0.00 0.00 0.00 0.00 0.00 0.00 0.00 0.00 0.00 0.00 0.00 0.00 0.00 0.00 0.00 0.00 0.00 0.00 0.00 0.00 0.00 0.00 0.00 0.00 0.00 0.00 0.00 0.00 0.00 0.00 0.00 0.00 0.00 0.00 0.00 0.00 0.00 0.00 0.00 0.00 0.00 0.00 0.00 0.00 0.00 0.00 0.00 0.00 0.00 0.00 0.00 0.00 0.00 0.00 0.00 0.00 0.00 0.00 0.00 0.00 0.00 0.00 0.00 0.00 0.00 0.00 0.00 0.00 0.00 0.00 0.00 0.00 0.00 0.00 0.00 0.00 0.00 0.00 0.00 0.00 0.00 0.00 0.00 0.00 0.00 0.00 0.00 0.00 0.00 0.00 0.00 0.00 0.00 0.00 0.00 0.00 0.00 0.00 0.00 0.00 0.00 0.00 0.00 0.00 0.00 0.00 0.00 0.00 0.00 0.00 0.00 0.00 0.00 0.00 0.00 0.00 0.00 0.00 0.00 0.00 0.00 0.00 0.00 0.00 0.00 0.00 0.00 0.00 0.00 0.00 0.00 0.00 0.00 0.00 0.00 0.00 0.00 0.00 0.00 0.00 0.00 0.00 0.00 0.00 0.00 0.00 0.00 0.00 0.00 0.00 0.00 0.00 0.00 0.00 0.00 0.00 0.00 0.00 0.00 0.00 0.00 0.00 0.00 0.00 0.00 0.00 0.00 0.00 0.00 0.00 0.00 0.00 0.00 0.00 0.00 0.00 0.00 0.00 0.00 0.00 0.00 0.00 0.00 0.00 0.00 0.00 0.00 0.00 0.00 0.00 0.00 0.00 0.00 0.00 0.00 0.00 0.00 0.00 0.00 0.00 0.00 0.00 0.00 0.00 0.00 0.00 0.00 0.00 0.00 0.00 0.00 0.00 0.00 0.00 0.00 0.00 0.00 0.00 0.00 0.00 0.00 0.00 0.00 0.00 0.00 0.00 0.00 0.00 0.00 0.00 0.00 0.00 0.00 0.00 0.00 0.00 0.00 0.00 0.00 0.00 0.00 0.00 0.00 0.00 0.00 0.00 0.00 0.00 0.00 0.00 0.00 0.00 0.00 0.00 0.00 0.00 0.00 0.00 0.00 0.00 0.00 0.00 0.00 0.00 0.00 0.00 0.00 0.00 0.00 0.00 0.00 0.00 0.00 0.00 0.00 0.00 0.00 0.00 0.00 0.00 0.00 0.00 0.00 0.00 0.00 0.00 0.00 0.00 0.00 0.00 0.00 0.00 0.00 0.00 0.00 0.00 0.00 0.00 0.00 0.00 0.00 0.00 0.00 0.00 0.00 0.00 0.00 0.00 0.00 0.00 0.00 0.00 0.00 0.00 0.00 0.00 0.00 0.00 0.00 0.00 0.00 0.00 0.00 0.00 0.00 0.00 0.00 0.00 0.00 0.00 0.00 0.00 0.00 0.00 0.00 0.00 0.00 0.00 0.00 0.00 0.00 0.00 0.00 0.00 0.00 0.00 0.00 0.00 0.00 0.00 0.00 0.00 0.00 0.00 0.00 0.00 0.00 0.00 0.00 0.00 0.00 0.00 0.00 0.00 0.00 0.00 0.00 0.00 0.00 0.00 0.00 0.00 0.00 0.00 0.00 0.00 0.00 0.00 0.00 0.00 0.00 0.00 0.00 0.00 0.00 0.00 0.00 0.00 0.00 0.00 0.00 0.00 0.00 0.00 0.00 0.00 0.00 0.00 0.00 0.00 0.00 0.00 0.00 0.00 0.00 0.00 0.00 0.00 0.00 0.00 0.00 0.00 0.00 0.00 0.00 0.00 0.00 0.00 0.00 0.00 0.00 0.00 0.00 0.00 0.00 0.00 0.00 0.00 0.00 0.00 0.00 0.00 0.00 0.00 0.00 0.00 0.00 0.00 0.00 0.00 0.00 0.00 0.00 0.00 0.00 0.00 0.00 0.00 0.00 0.00 0.00 0.00 0.00 0.00 0.00 0.00 0.00 0.00 0.00 0.00 0.00 0.00 0.00 0.00 0.00 0.00 0.00 0.00 0.00 0.00 0.00 0.00 0.00 0.00 0.00 0.00 0.00 0.00 0.00 0.00 0.00 0.00 0.00 0.00 0.00 0.00 0.00 0.00 0.00 0.00 0.00 0.00 0.00 0.00 0.00 0.00 0.00 0.00 0.00 0.00 0.00 0.00 0.00 0.00 0.00 0.00 0.00 0.00 0.00 0.00 0.00 0.00 0.00 0.00 0.00 0.00 0.00 0.00 0.00 0.00 0.00 0.00 0.00 0.00 0.00 0.00 0.00 0.00 0.00 0.00 0.00 0.00 0.00 0.00 0.00 0.00 0.00 0.00 0.00 0.00 0.00 0.00 0.00 0.00 0.00 0.00 0.00 0.00 0.00 0.00 0.00 0.00 0.00 0.00 0.00 0.00 0.00 0.00 0.00 0.00 0.00 0.00 0.00 0.00 0.00 0.00 0.00 0.00 0.00 0.00 0.00 0.00 0.00 0.00 0.00 0.00 0.00 0.00 0.00 0.00 0.00 0.00 0.00 0.00 0.00 0.00 0.00 0.00 0.00 0.00 0.00 0.00 0.00 0.00 0.00 0.00 0.00 0.00 0.00 0.00 0.00 0.00 0.00 0.00 0.00 0.00 0.00 0.00 0.00 0.00 0.00 0.00 0.00 0.00 0.00 0.00 0.00 0.00 0.00 0.00 0.00 0.00 0.00 0.00 0.00 0.00 0.00 0.00 0.00 0.00 0.00 0.00 0.00 0.00 0.00 0.00 0.00 0.00 0.00 0.00 0.00 0.00 0.00 0.00 0.00 0.00 0.00 0.00 0.00 0.00 0.00 0.00 0.00 0.00 0.00 0.00 0.00 0.00 0.00 0.00 0.00 0.00 0.00 0.00 0.00 0.00 0.00 0.00 0.00 0.00 0.00 0.00 0.00 0.00 0.00 0.00 0.00 0.00 0.00 0.00 0.00 0.00 0.00 0.00 0.00 0.00 0.00 0.00 0.00 0.00 0.00 0.00 0.00 0.00 0.00 0.00 0.00 0.00 0.00 0.00 0.00 0.00 0.00 0.00 0.00 0.00 0.00 0.00 0.00 0.00 0.00 0.00 0.00 0.00 0.00 0.00 0.00 0.00 0.00 0.00 0.00 0.00 0.00 0.00 0.00 0.00 0.00 0.00 0.00 0.00 0.00 0.00 0.00 0.00 0.00 0.00 0.00 0.00 0.00 0.00 0.00 0.00 0.00 0.00 0.00 0.00 0.00 0.00 0.00 0.00 0.00 0.00 0.00 0.00 0.00 0.00 0.00 0.00 0.00 0.00 0.00 0.00 0.00 0.00 0.00 0.00 0.00 0.00 0.00 0.00 0.00 0.00 0.00 0.00 0.00 0.00 0.00 0.00 0.00 0.00 0.00 0.00 0.00 0.00 0.00 0.00 0.00 0.00 0.00 0.00 0.00 0.00 0.00 0.00 0.00 0.00 0.00 0.00 0.00 0.00 0.00 0.00 0.00 0.00 0.00 0.00 0.00 0.00 0.00 0.00 0.00 0.00 0.00 0.00 0.00 0.00 0.00 0.00 0.00 0.00 0.00 0.00 0.00 0.00 0.00 0.00 0.00 0.00 0.00 0.00 0.00 0.00 0.00 0.00 0.00 0.00 0.00 0.00 0.00 0.00 0.00 0.00 0.00 0.00 0.00 0.00 0.00 0.00 0.00 0.00 0.00 0.00 0.00 0.00 0.00 0.00 0.00 0.00 0.00 0.00 0.00 0.00 0.00 0.00 0.00 0.00 0.00 0.00 0.00 0.00 0.00 0.00 0.00 0.00 0.00 0.00 0.00 0.00 0.00 0.00 0.00 0.00 0.00 0.00 0.00 0.00 0.00 0.00 0.00 0.00 0.00 0.00 0.00 0.00 0.00 0.00 0.00 0.00 0.00 0.00 0.00 0.00
height.size=2460
height.data=3729.78 3729.78 3729.78 3729.78 3729.78 3729.78 3729.78 3729.78 3729.78 3729.78 3729.78 3729.78 3729.78 3729.78 3729.78 3729.78 3729.78 3729.78 3729.78 3729.78 3729.78 3729.78 3729.78 3729.78 3729.78 3729.78 3729.78 3729.78 3729.78 3729.78 3756.94 3756.94 3756.94 3756.94 3756.94 3756.94 3756.94 3756.94 3756.94 3756.94 3756.94 3756.94 3756.94 3756.94 3756.94 3756.94 3756.94 3756.94 3756.94 3756.94 3756.94 3756.94 3756.94 3756.94 3756.94 3756.94 3756.94 3756.94 3756.94 3756.94 3784.10 3784.10 3784.10 3784.10 3784.10 3784.10 3784.10 3784.10 3784.10 3784.10 3784.10 3784.10 3784.10 3784.10 3784.10 3784.10 3784.10 3784.10 3784.10 3784.10 3784.10 3784.10 3784.10 3784.10 3784.10 3784.10 3784.10 3784.10 3784.10 3784.10 3811.26 3811.26 3811.26 3811.26 3811.26 3811.26 3811.26 3811.26 3811.26 3811.26 3811.26 3811.26 3811.26 3811.26 3811.26 3811.26 3811.26 3811.26 3811.26 3811.26 3811.26 3811.26 3811.26 3811.26 3811.26 3811.26 3811.26 3811.26 3811.26 3811.26 3838.44 3838.44 3838.44 3838.44 3838.44 3838.44 3838.44 3838.44 3838.44 3838.44 3838.44 3838.44 3838.44 3838.44 3838.44 3838.44 3838.44 3838.44 3838.44 3838.44 3838.44 3838.44 3838.44 3838.44 3838.44 3838.44 3838.44 3838.44 3838.44 3838.44 3865.62 3865.62 3865.62 3865.62 3865.62 3865.62 3865.62 3865.62 3865.62 3865.62 3865.62 3865.62 3865.62 3865.62 3865.62 3865.62 3865.62 3865.62 3865.62 3865.62 3865.62 3865.62 3865.62 3865.62 3865.62 3865.62 3865.62 3865.62 3865.62 3865.62 3892.81 3892.81 3892.81 3892.81 3892.81 3892.81 3892.81 3892.81 3892.81 3892.81 3892.81 3892.81 3892.81 3892.81 3892.81 3892.81 3892.81 3892.81 3892.81 3892.81 3892.81 3892.81 3892.81 3892.81 3892.81 3892.81 3892.81 3892.81 3892.81 3892.81 3920.01 3920.01 3920.01 3920.01 3920.01 3920.01 3920.01 3920.01 3920.01 3920.01 3920.01 3920.01 3920.01 3920.01 3920.01 3920.01 3920.01 3920.01 3920.01 3920.01 3920.01 3920.01 3920.01 3920.01 3920.01 3920.01 3920.01 3920.01 3920.01 3920.01 3947.22 3947.22 3947.22 3947.22 3947.22 3947.22 3947.22 3947.22 3947.22 3947.22 3947.22 3947.22 3947.22 3947.22 3947.22 3947.22 3947.22 3947.22 3947.22 3947.22 3947.22 3947.22 3947.22 3947.22 3947.22 3947.22 3947.22 3947.22 3947.22 3947.22 3974.43 3974.43 3974.43 3974.43 3974.43 3974.43 3974.43 3974.43 3974.43 3974.43 3974.43 3974.43 3974.43 3974.43 3974.43 3974.43 3974.43 3974.43 3974.43 3974.43 3974.43 3974.43 3974.43 3974.43 3974.43 3974.43 3974.43 3974.43 3974.43 3974.43 4001.65 4001.65 4001.65 4001.65 4001.65 4001.65 4001.65 4001.65 4001.65 4001.65 4001.65 4001.65 4001.65 4001.65 4001.65 4001.65 4001.65 4001.65 4001.65 4001.65 4001.65 4001.65 4001.65 4001.65 4001.65 4001.65 4001.65 4001.65 4001.65 4001.65 4028.87 4028.87 4028.87 4028.87 4028.87 4028.87 4028.87 4028.87 4028.87 4028.87 4028.87 4028.87 4028.87 4028.87 4028.87 4028.87 4028.87 4028.87 4028.87 4028.87 4028.87 4028.87 4028.87 4028.87 4028.87 4028.87 4028.87 4028.87 4028.87 4028.87 4056.11 4056.11 4056.11 4056.11 4056.11 4056.11 4056.11 4056.11 4056.11 4056.11 4056.11 4056.11 4056.11 4056.11 4056.11 4056.11 4056.11 4056.11 4056.11 4056.11 4056.11 4056.11 4056.11 4056.11 4056.11 4056.11 4056.11 4056.11 4056.11 4056.11 4083.35 4083.35 4083.35 4083.35 4083.35 4083.35 4083.35 4083.35 4083.35 4083.35 4083.35 4083.35 4083.35 4083.35 4083.35 4083.35 4083.35 4083.35 4083.35 4083.35 4083.35 4083.35 4083.35 4083.35 4083.35 4083.35 4083.35 4083.35 4083.35 4083.35 4110.60 4110.60 4110.60 4110.60 4110.60 4110.60 4110.60 4110.60 4110.60 4110.60 4110.60 4110.60 4110.60 4110.60 4110.60 4110.60 4110.60 4110.60 4110.60 4110.60 4110.60 4110.60 4110.60 4110.60 4110.60 4110.60 4110.60 4110.60 4110.60 4110.60 4137.85 4137.85 4137.85 4137.85 4137.85 4137.85 4137.85 4137.85 4137.85 4137.85 4137.85 4137.85 4137.85 4137.85 4137.85 4137.85 4137.85 4137.85 4137.85 4137.85 4137.85 4137.85 4137.85 4137.85 4137.85 4137.85 4137.85 4137.85 4137.85 4137.85 4165.12 4165.12 4165.12 4165.12 4165.12 4165.12 4165.12 4165.12 4165.12 4165.12 4165.12 4165.12 4165.12 4165.12 4165.12 4165.12 4165.12 4165.12 4165.12 4165.12 4165.12 4165.12 4165.12 4165.12 4165.12 4165.12 4165.12 4165.12 4165.12 4165.12 4192.39 4192.39 4192.39 4192.39 4192.39 4192.39 4192.39 4192.39 4192.39 4192.39 4192.39 4192.39 4192.39 4192.39 4192.39 4192.39 4192.39 4192.39 4192.39 4192.39 4192.39 4192.39 4192.39 4192.39 4192.39 4192.39 4192.39 4192.39 4192.39 4192.39 4219.66 4219.66 4219.66 4219.66 4219.66 4219.66 4219.66 4219.66 4219.66 4219.66 4219.66 4219.66 4219.66 4219.66 4219.66 4219.66 4219.66 4219.66 4219.66 4219.66 4219.66 4219.66 4219.66 4219.66 4219.66 4219.66 4219.66 4219.66 4219.66 4219.66 4246.95 4246.95 4246.95 4246.95 4246.95 4246.95 4246.95 4246.95 4246.95 4246.95 4246.95 4246.95 4246.95 4246.95 4246.95 4246.95 4246.95 4246.95 4246.95 4246.95 4246.95 4246.95 4246.95 4246.95 4246.95 4246.95 4246.95 4246.95 4246.95 4246.95 4274.24 4274.24 4274.24 4274.24 4274.24 4274.24 4274.24 4274.24 4274.24 4274.24 4274.24 4274.24 4274.24 4274.24 4274.24 4274.24 4274.24 4274.24 4274.24 4274.24 4274.24 4274.24 4274.24 4274.24 4274.24 4274.24 4274.24 4274.24 4274.24 4274.24 4301.54 4301.54 4301.54 4301.54 4301.54 4301.54 4301.54 4301.54 4301.54 4301.54 4301.54 4301.54 4301.54 4301.54 4301.54 4301.54 4301.54 4301.54 4301.54 4301.54 4301.54 4301.54 4301.54 4301.54 4301.54 4301.54 4301.54 4301.54 4301.54 4301.54 4328.85 4328.85 4328.85 4328.85 4328.85 4328.85 4328.85 4328.85 4328.85 4328.85 4328.85 4328.85 4328.85 4328.85 4328.85 4328.85 4328.85 4328.85 4328.85 4328.85 4328.85 4328.85 4328.85 4328.85 4328.85 4328.85 4328.85 4328.85 4328.85 4328.85 4356.16 4356.16 4356.16 4356.16 4356.16 4356.16 4356.16 4356.16 4356.16 4356.16 4356.16 4356.16 4356.16 4356.16 4356.16 4356.16 4356.16 4356.16 4356.16 4356.16 4356.16 4356.16 4356.16 4356.16 4356.16 4356.16 4356.16 4356.16 4356.16 4356.16 4383.48 4383.48 4383.48 4383.48 4383.48 4383.48 4383.48 4383.48 4383.48 4383.48 4383.48 4383.48 4383.48 4383.48 4383.48 4383.48 4383.48 4383.48 4383.48 4383.48 4383.48 4383.48 4383.48 4383.48 4383.48 4383.48 4383.48 4383.48 4383.48 4383.48 4410.81 4410.81 4410.81 4410.81 4410.81 4410.81 4410.81 4410.81 4410.81 4410.81 4410.81 4410.81 4410.81 4410.81 4410.81 4410.81 4410.81 4410.81 4410.81 4410.81 4410.81 4410.81 4410.81 4410.81 4410.81 4410.81 4410.81 4410.81 4410.81 4410.81 4438.14 4438.14 4438.14 4438.14 4438.14 4438.14 4438.14 4438.14 4438.14 4438.14 4438.14 4438.14 4438.14 4438.14 4438.14 4438.14 4438.14 4438.14 4438.14 4438.14 4438.14 4438.14 4438.14 4438.14 4438.14 4438.14 4438.14 4438.14 4438.14 4438.14 4465.49 4465.49 4465.49 4465.49 4465.49 4465.49 4465.49 4465.49 4465.49 4465.49 4465.49 4465.49 4465.49 4465.49 4465.49 4465.49 4465.49 4465.49 4465.49 4465.49 4465.49 4465.49 4465.49 4465.49 4465.49 4465.49 4465.49 4465.49 4465.49 4465.49 4492.84 4492.84 4492.84 4492.84 4492.84 4492.84 4492.84 4492.84 4492.84 4492.84 4492.84 4492.84 4492.84 4492.84 4492.84 4492.84 4492.84 4492.84 4492.84 4492.84 4492.84 4492.84 4492.84 4492.84 4492.84 4492.84 4492.84 4492.84 4492.84 4492.84 4520.19 4520.19 4520.19 4520.19 4520.19 4520.19 4520.19 4520.19 4520.19 4520.19 4520.19 4520.19 4520.19 4520.19 4520.19 4520.19 4520.19 4520.19 4520.19 4520.19 4520.19 4520.19 4520.19 4520.19 4520.19 4520.19 4520.19 4520.19 4520.19 4520.19 4547.56 4547.56 4547.56 4547.56 4547.56 4547.56 4547.56 4547.56 4547.56 4547.56 4547.56 4547.56 4547.56 4547.56 4547.56 4547.56 4547.56 4547.56 4547.56 4547.56 4547.56 4547.56 4547.56 4547.56 4547.56 4547.56 4547.56 4547.56 4547.56 4547.56 4574.93 4574.93 4574.93 4574.93 4574.93 4574.93 4574.93 4574.93 4574.93 4574.93 4574.93 4574.93 4574.93 4574.93 4574.93 4574.93 4574.93 4574.93 4574.93 4574.93 4574.93 4574.93 4574.93 4574.93 4574.93 4574.93 4574.93 4574.93 4574.93 4574.93 4602.31 4602.31 4602.31 4602.31 4602.31 4602.31 4602.31 4602.31 4602.31 4602.31 4602.31 4602.31 4602.31 4602.31 4602.31 4602.31 4602.31 4602.31 4602.31 4602.31 4602.31 4602.31 4602.31 4602.31 4602.31 4602.31 4602.31 4602.31 4602.31 4602.31 4629.70 4629.70 4629.70 4629.70 4629.70 4629.70 4629.70 4629.70 4629.70 4629.70 4629.70 4629.70 4629.70 4629.70 4629.70 4629.70 4629.70 4629.70 4629.70 4629.70 4629.70 4629.70 4629.70 4629.70 4629.70 4629.70 4629.70 4629.70 4629.70 4629.70 4657.09 4657.09 4657.09 4657.09 4657.09 4657.09 4657.09 4657.09 4657.09 4657.09 4657.09 4657.09 4657.09 4657.09 4657.09 4657.09 4657.09 4657.09 4657.09 4657.09 4657.09 4657.09 4657.09 4657.09 4657.09 4657.09 4657.09 4657.09 4657.09 4657.09 4684.49 4684.49 4684.49 4684.49 4684.49 4684.49 4684.49 4684.49 4684.49 4684.49 4684.49 4684.49 4684.49 4684.49 4684.49 4684.49 4684.49 4684.49 4684.49 4684.49 4684.49 4684.49 4684.49 4684.49 4684.49 4684.49 4684.49 4684.49 4684.49 4684.49 4711.90 4711.90 4711.90 4711.90 4711.90 4711.90 4711.90 4711.90 4711.90 4711.90 4711.90 4711.90 4711.90 4711.90 4711.90 4711.90 4711.90 4711.90 4711.90 4711.90 4711.90 4711.90 4711.90 4711.90 4711.90 4711.90 4711.90 4711.90 4711.90 4711.90 4739.31 4739.31 4739.31 4739.31 4739.31 4739.31 4739.31 4739.31 4739.31 4739.31 4739.31 4739.31 4739.31 4739.31 4739.31 4739.31 4739.31 4739.31 4739.31 4739.31 4739.31 4739.31 4739.31 4739.31 4739.31 4739.31 4739.31 4739.31 4739.31 4739.31 4766.74 4766.74 4766.74 4766.74 4766.74 4766.74 4766.74 4766.74 4766.74 4766.74 4766.74 4766.74 4766.74 4766.74 4766.74 4766.74 4766.74 4766.74 4766.74 4766.74 4766.74 4766.74 4766.74 4766.74 4766.74 4766.74 4766.74 4766.74 4766.74 4766.74 4794.17 4794.17 4794.17 4794.17 4794.17 4794.17 4794.17 4794.17 4794.17 4794.17 4794.17 4794.17 4794.17 4794.17 4794.17 4794.17 4794.17 4794.17 4794.17 4794.17 4794.17 4794.17 4794.17 4794.17 4794.17 4794.17 4794.17 4794.17 4794.17 4794.17 4821.60 4821.60 4821.60 4821.60 4821.60 4821.60 4821.60 4821.60 4821.60 4821.60 4821.60 4821.60 4821.60 4821.60 4821.60 4821.60 4821.60 4821.60 4821.60 4821.60 4821.60 4821.60 4821.60 4821.60 4821.60 4821.60 4821.60 4821.60 4821.60 4821.60 4849.05 4849.05 4849.05 4849.05 4849.05 4849.05 4849.05 4849.05 4849.05 4849.05 4849.05 4849.05 4849.05 4849.05 4849.05 4849.05 4849.05 4849.05 4849.05 4849.05 4849.05 4849.05 4849.05 4849.05 4849.05 4849.05 4849.05 4849.05 4849.05 4849.05 4876.50 4876.50 4876.50 4876.50 4876.50 4876.50 4876.50 4876.50 4876.50 4876.50 4876.50 4876.50 4876.50 4876.50 4876.50 4876.50 4876.50 4876.50 4876.50 4876.50 4876.50 4876.50 4876.50 4876.50 4876.50 4876.50 4876.50 4876.50 4876.50 4876.50 4903.96 4903.96 4903.96 4903.96 4903.96 4903.96 4903.96 4903.96 4903.96 4903.96 4903.96 4903.96 4903.96 4903.96 4903.96 4903.96 4903.96 4903.96 4903.96 4903.96 4903.96 4903.96 4903.96 4903.96 4903.96 4903.96 4903.96 4903.96 4903.96 4903.96 4931.43 4931.43 4931.43 4931.43 4931.43 4931.43 4931.43 4931.43 4931.43 4931.43 4931.43 4931.43 4931.43 4931.43 4931.43 4931.43 4931.43 4931.43 4931.43 4931.43 4931.43 4931.43 4931.43 4931.43 4931.43 4931.43 4931.43 4931.43 4931.43 4931.43 4958.90 4958.90 4958.90 4958.90 4958.90 4958.90 4958.90 4958.90 4958.90 4958.90 4958.90 4958.90 4958.90 4958.90 4958.90 4958.90 4958.90 4958.90 4958.90 4958.90 4958.90 4958.90 4958.90 4958.90 4958.90 4958.90 4958.90 4958.90 4958.90 4958.90 4986.38 4986.38 4986.38 4986.38 4986.38 4986.38 4986.38 4986.38 4986.38 4986.38 4986.38 4986.38 4986.38 4986.38 4986.38 4986.38 4986.38 4986.38 4986.38 4986.38 4986.38 4986.38 4986.38 4986.38 4986.38 4986.38 4986.38 4986.38 4986.38 4986.38 5013.87 5013.87 5013.87 5013.87 5013.87 5013.87 5013.87 5013.87 5013.87 5013.87 5013.87 5013.87 5013.87 5013.87 5013.87 5013.87 5013.87 5013.87 5013.87 5013.87 5013.87 5013.87 5013.87 5013.87 5013.87 5013.87 5013.87 5013.87 5013.87 5013.87 5041.36 5041.36 5041.36 5041.36 5041.36 5041.36 5041.36 5041.36 5041.36 5041.36 5041.36 5041.36 5041.36 5041.36 5041.36 5041.36 5041.36 5041.36 5041.36 5041.36 5041.36 5041.36 5041.36 5041.36 5041.36 5041.36 5041.36 5041.36 5041.36 5041.36 5068.87 5068.87 5068.87 5068.87 5068.87 5068.87 5068.87 5068.87 5068.87 5068.87 5068.87 5068.87 5068.87 5068.87 5068.87 5068.87 5068.87 5068.87 5068.87 5068.87 5068.87 5068.87 5068.87 5068.87 5068.87 5068.87 5068.87 5068.87 5068.87 5068.87 5096.38 5096.38 5096.38 5096.38 5096.38 5096.38 5096.38 5096.38 5096.38 5096.38 5096.38 5096.38 5096.38 5096.38 5096.38 5096.38 5096.38 5096.38 5096.38 5096.38 5096.38 5096.38 5096.38 5096.38 5096.38 5096.38 5096.38 5096.38 5096.38 5096.38 5123.89 5123.89 5123.89 5123.89 5123.89 5123.89 5123.89 5123.89 5123.89 5123.89 5123.89 5123.89 5123.89 5123.89 5123.89 5123.89 5123.89 5123.89 5123.89 5123.89 5123.89 5123.89 5123.89 5123.89 5123.89 5123.89 5123.89 5123.89 5123.89 5123.89 5151.42 5151.42 5151.42 5151.42 5151.42 5151.42 5151.42 5151.42 5151.42 5151.42 5151.42 5151.42 5151.42 5151.42 5151.42 5151.42 5151.42 5151.42 5151.42 5151.42 5151.42 5151.42 5151.42 5151.42 5151.42 5151.42 5151.42 5151.42 5151.42 5151.42 5178.95 5178.95 5178.95 5178.95 5178.95 5178.95 5178.95 5178.95 5178.95 5178.95 5178.95 5178.95 5178.95 5178.95 5178.95 5178.95 5178.95 5178.95 5178.95 5178.95 5178.95 5178.95 5178.95 5178.95 5178.95 5178.95 5178.95 5178.95 5178.95 5178.95 5206.49 5206.49 5206.49 5206.49 5206.49 5206.49 5206.49 5206.49 5206.49 5206.49 5206.49 5206.49 5206.49 5206.49 5206.49 5206.49 5206.49 5206.49 5206.49 5206.49 5206.49 5206.49 5206.49 5206.49 5206.49 5206.49 5206.49 5206.49 5206.49 5206.49 5234.04 5234.04 5234.04 5234.04 5234.04 5234.04 5234.04 5234.04 5234.04 5234.04 5234.04 5234.04 5234.04 5234.04 5234.04 5234.04 5234.04 5234.04 5234.04 5234.04 5234.04 5234.04 5234.04 5234.04 5234.04 5234.04 5234.04 5234.04 5234.04 5234.04 5261.59 5261.59 5261.59 5261.59 5261.59 5261.59 5261.59 5261.59 5261.59 5261.59 5261.59 5261.59 5261.59 5261.59 5261.59 5261.59 5261.59 5261.59 5261.59 5261.59 5261.59 5261.59 5261.59 5261.59 5261.59 5261.59 5261.59 5261.59 5261.59 5261.59 5289.15 5289.15 5289.15 5289.15 5289.15 5289.15 5289.15 5289.15 5289.15 5289.15 5289.15 5289.15 5289.15 5289.15 5289.15 5289.15 5289.15 5289.15 5289.15 5289.15 5289.15 5289.15 5289.15 5289.15 5289.15 5289.15 5289.15 5289.15 5289.15 5289.15 5316.72 5316.72 5316.72 5316.72 5316.72 5316.72 5316.72 5316.72 5316.72 5316.72 5316.72 5316.72 5316.72 5316.72 5316.72 5316.72 5316.72 5316.72 5316.72 5316.72 5316.72 5316.72 5316.72 5316.72 5316.72 5316.72 5316.72 5316.72 5316.72 5316.72 5344.29 5344.29 5344.29 5344.29 5344.29 5344.29 5344.29 5344.29 5344.29 5344.29 5344.29 5344.29 5344.29 5344.29 5344.29 5344.29 5344.29 5344.29 5344.29 5344.29 5344.29 5344.29 5344.29 5344.29 5344.29 5344.29 5344.29 5344.29 5344.29 5344.29 5371.88 5371.88 5371.88 5371.88 5371.88 5371.88 5371.88 5371.88 5371.88 5371.88 5371.88 5371.88 5371.88 5371.88 5371.88 5371.88 5371.88 5371.88 5371.88 5371.88 5371.88 5371.88 5371.88 5371.88 5371.88 5371.88 5371.88 5371.88 5371.88 5371.88 5399.47 5399.47 5399.47 5399.47 5399.47 5399.47 5399.47 5399.47 5399.47 5399.47 5399.47 5399.47 5399.47 5399.47 5399.47 5399.47 5399.47 5399.47 5399.47 5399.47 5399.47 5399.47 5399.47 5399.47 5399.47 5399.47 5399.47 5399.47 5399.47 5399.47 5427.06 5427.06 5427.06 5427.06 5427.06 5427.06 5427.06 5427.06 5427.06 5427.06 5427.06 5427.06 5427.06 5427.06 5427.06 5427.06 5427.06 5427.06 5427.06 5427.06 5427.06 5427.06 5427.06 5427.06 5427.06 5427.06 5427.06 5427.06 5427.06 5427.06 5454.67 5454.67 5454.67 5454.67 5454.67 5454.67 5454.67 5454.67 5454.67 5454.67 5454.67 5454.67 5454.67 5454.67 5454.67 5454.67 5454.67 5454.67 5454.67 5454.67 5454.67 5454.67 5454.67 5454.67 5454.67 5454.67 5454.67 5454.67 5454.67 5454.67 5482.28 5482.28 5482.28 5482.28 5482.28 5482.28 5482.28 5482.28 5482.28 5482.28 5482.28 5482.28 5482.28 5482.28 5482.28 5482.28 5482.28 5482.28 5482.28 5482.28 5482.28 5482.28 5482.28 5482.28 5482.28 5482.28 5482.28 5482.28 5482.28 5482.28 5509.90 5509.90 5509.90 5509.90 5509.90 5509.90 5509.90 5509.90 5509.90 5509.90 5509.90 5509.90 5509.90 5509.90 5509.90 5509.90 5509.90 5509.90 5509.90 5509.90 5509.90 5509.90 5509.90 5509.90 5509.90 5509.90 5509.90 5509.90 5509.90 5509.90 5537.52 5537.52 5537.52 5537.52 5537.52 5537.52 5537.52 5537.52 5537.52 5537.52 5537.52 5537.52 5537.52 5537.52 5537.52 5537.52 5537.52 5537.52 5537.52 5537.52 5537.52 5537.52 5537.52 5537.52 5537.52 5537.52 5537.52 5537.52 5537.52 5537.52 5565.16 5565.16 5565.16 5565.16 5565.16 5565.16 5565.16 5565.16 5565.16 5565.16 5565.16 5565.16 5565.16 5565.16 5565.16 5565.16 5565.16 5565.16 5565.16 5565.16 5565.16 5565.16 5565.16 5565.16 5565.16 5565.16 5565.16 5565.16 5565.16 5565.16 5592.80 5592.80 5592.80 5592.80 5592.80 5592.80 5592.80 5592.80 5592.80 5592.80 5592.80 5592.80 5592.80 5592.80 5592.80 5592.80 5592.80 5592.80 5592.80 5592.80 5592.80 5592.80 5592.80 5592.80 5592.80 5592.80 5592.80 5592.80 5592.80 5592.80 5620.44 5620.44 5620.44 5620.44 5620.44 5620.44 5620.44 5620.44 5620.44 5620.44 5620.44 5620.44 5620.44 5620.44 5620.44 5620.44 5620.44 5620.44 5620.44 5620.44 5620.44 5620.44 5620.44 5620.44 5620.44 5620.44 5620.44 5620.44 5620.44 5620.44 5648.10 5648.10 5648.10 5648.10 5648.10 5648.10 5648.10 5648.10 5648.10 5648.10 5648.10 5648.10 5648.10 5648.10 5648.10 5648.10 5648.10 5648.10 5648.10 5648.10 5648.10 5648.10 5648.10 5648.10 5648.10 5648.10 5648.10 5648.10 5648.10 5648.10 5675.76 5675.76 5675.76 5675.76 5675.76 5675.76 5675.76 5675.76 5675.76 5675.76 5675.76 5675.76 5675.76 5675.76 5675.76 5675.76 5675.76 5675.76 5675.76 5675.76 5675.76 5675.76 5675.76 5675.76 5675.76 5675.76 5675.76 5675.76 5675.76 5675.76 5703.43 5703.43 5703.43 5703.43 5703.43 5703.43 5703.43 5703.43 5703.43 5703.43 5703.43 5703.43 5703.43 5703.43 5703.43 5703.43 5703.43 5703.43 5703.43 5703.43 5703.43 5703.43 5703.43 5703.43 5703.43 5703.43 5703.43 5703.43 5703.43 5703.43 5731.11 5731.11 5731.11 5731.11 5731.11 5731.11 5731.11 5731.11 5731.11 5731.11 5731.11 5731.11 5731.11 5731.11 5731.11 5731.11 5731.11 5731.11 5731.11 5731.11 5731.11 5731.11 5731.11 5731.11 5731.11 5731.11 5731.11 5731.11 5731.11 5731.11 5758.79 5758.79 5758.79 5758.79 5758.79 5758.79 5758.79 5758.79 5758.79 5758.79 5758.79 5758.79 5758.79 5758.79 5758.79 5758.79 5758.79 5758.79 5758.79 5758.79 5758.79 5758.79 5758.79 5758.79 5758.79 5758.79 5758.79 5758.79 5758.79 5758.79 5786.48 5786.48 5786.48 5786.48 5786.48 5786.48 5786.48 5786.48 5786.48 5786.48 5786.48 5786.48 5786.48 5786.48 5786.48 5786.48 5786.48 5786.48 5786.48 5786.48 5786.48 5786.48 5786.48 5786.48 5786.48 5786.48 5786.48 5786.48 5786.48 5786.48 5814.18 5814.18 5814.18 5814.18 5814.18 5814.18 5814.18 5814.18 5814.18 5814.18 5814.18 5814.18 5814.18 5814.18 5814.18 5814.18 5814.18 5814.18 5814.18 5814.18 5814.18 5814.18 5814.18 5814.18 5814.18 5814.18 5814.18 5814.18 5814.18 5814.18 5841.89 5841.89 5841.89 5841.89 5841.89 5841.89 5841.89 5841.89 5841.89 5841.89 5841.89 5841.89 5841.89 5841.89 5841.89 5841.89 5841.89 5841.89 5841.89 5841.89 5841.89 5841.89 5841.89 5841.89 5841.89 5841.89 5841.89 5841.89 5841.89 5841.89 5869.60 5869.60 5869.60 5869.60 5869.60 5869.60 5869.60 5869.60 5869.60 5869.60 5869.60 5869.60 5869.60 5869.60 5869.60 5869.60 5869.60 5869.60 5869.60 5869.60 5869.60 5869.60 5869.60 5869.60 5869.60 5869.60 5869.60 5869.60 5869.60 5869.60 5897.32 5897.32 5897.32 5897.32 5897.32 5897.32 5897.32 5897.32 5897.32 5897.32 5897.32 5897.32 5897.32 5897.32 5897.32 5897.32 5897.32 5897.32 5897.32 5897.32 5897.32 5897.32 5897.32 5897.32 5897.32 5897.32 5897.32 5897.32 5897.32 5897.32 5925.05 5925.05 5925.05 5925.05 5925.05 5925.05 5925.05 5925.05 5925.05 5925.05 5925.05 5925.05 5925.05 5925.05 5925.05 5925.05 5925.05 5925.05 5925.05 5925.05 5925.05 5925.05 5925.05 5925.05 5925.05 5925.05 5925.05 5925.05 5925.05 5925.05 5952.79 5952.79 5952.79 5952.79 5952.79 5952.79 5952.79 5952.79 5952.79 5952.79 5952.79 5952.79 5952.79 5952.79 5952.79 5952.79 5952.79 5952.79 5952.79 5952.79 5952.79 5952.79 5952.79 5952.79 5952.79 5952.79 5952.79 5952.79 5952.79 5952.79
=== END RADAR_SCAN ===

=== BEGIN RADAR_SCAN ===
scan.index=12
scan.time=178.670000
radar.id=0
radar.frequency=C
radar.scanning_mode=PPI
radar.x=0.000
radar.y=0.000
radar.z=25.000
radar.maximum_range=250000.000
radar.range_resolution=250.000
radar.angular_resolution=1.000000
box.radar_id=0
box.min_range_gate=139.000
box.max_range_gate=220.000
box.min_angle=131.000000
box.max_angle=161.000000
box.num_ranges=82
box.num_angles=30
box.range_resolution=250.000
box.angular_resolution=1.000000
box.other_angle=2.800000
grid.size=2460
grid.data=0.00 0.00 0.00 0.00 0.00 0.00 0.00 0.00 0.00 0.00 0.00 0.00 0.00 0.00 0.00 0.00 0.00 0.00 0.00 0.00 0.00 0.00 0.00 0.00 0.00 0.00 0.00 0.00 0.00 0.00 0.00 0.00 0.00 0.00 0.00 0.00 0.00 0.00 0.00 0.00 0.00 0.00 0.00 33.69 28.47 32.46 30.20 33.15 0.00 0.00 0.00 0.00 0.00 0.00 0.00 0.00 0.00 0.00 0.00 0.00 0.00 0.00 0.00 0.00 0.00 0.00 0.00 0.00 0.00 0.00 0.00 32.66 29.32 30.66 32.95 27.40 30.32 31.23 26.27 32.96 0.00 0.00 0.00 0.00 0.00 0.00 0.00 0.00 0.00 0.00 0.00 0.00 0.00 0.00 0.00 0.00 0.00 0.00 0.00 0.00 33.14 30.03 31.31 32.55 35.00 35.57 29.72 28.74 32.64 27.52 32.73 0.00 0.00 0.00 0.00 0.00 0.00 0.00 0.00 0.00 0.00 0.00 0.00 0.00 0.00 0.00 0.00 0.00 0.00 33.16 28.16 30.89 28.29 34.17 30.45 34.35 25.56 31.76 31.94 31.15 29.85 28.18 0.00 0.00 0.00 0.00 0.00 0.00 0.00 0.00 0.00 0.00 0.00 0.00 0.00 0.00 0.00 0.00 0.00 38.12 36.74 37.20 39.68 37.67 33.94 32.29 28.45 34.50 32.71 33.76 31.38 32.36 0.00 0.00 0.00 0.00 0.00 0.00 0.00 0.00 0.00 0.00 0.00 0.00 0.00 0.00 0.00 0.00 36.93 32.05 32.16 45.03 39.69 35.53 37.85 31.01 29.47 32.40 31.01 33.45 34.05 30.40 29.03 0.00 0.00 0.00 0.00 0.00 0.00 0.00 0.00 0.00 0.00 0.00 0.00 0.00 0.00 0.00 37.49 39.22 39.34 40.89 35.03 37.76 38.56 39.66 33.78 28.71 30.24 31.56 31.07 30.62 32.14 0.00 0.00 0.00 0.00 0.00 0.00 0.00 0.00 0.00 0.00 0.00 0.00 0.00 0.00 36.55 36.85 37.94 41.73 40.41 38.91 37.24 45.19 40.70 30.41 28.92 31.03 33.97 31.38 30.53 34.84 30.37 0.00 0.00 0.00 0.00 0.00 0.00 0.00 0.00 0.00 0.00 0.00 0.00 0.00 36.89 39.69 37.08 35.54 36.80 35.13 42.37 35.64 38.85 30.45 29.39 30.78 30.10 30.09 29.24 28.87 33.38 0.00 0.00 0.00 0.00 0.00 0.00 0.00 0.00 0.00 0.00 0.00 0.00 40.56 38.98 40.91 38.92 36.07 42.34 41.04 40.44 39.55 33.98 38.87 31.50 29.10 29.67 29.59 28.65 30.55 32.45 28.18 0.00 0.00 0.00 0.00 0.00 0.00 0.00 0.00 0.00 0.00 0.00 38.76 36.90 39.17 34.31 40.53 40.28 37.26 38.86 40.52 38.24 41.07 32.64 29.98 31.65 29.55 32.43 31.17 31.29 32.03 0.00 0.00 0.00 0.00 0.00 0.00 0.00 0.00 0.00 0.00 0.00 40.12 37.55 37.01 36.24 37.03 38.53 39.09 35.19 39.55 38.31 45.52 33.16 30.46 32.48 32.16 31.22 33.61 29.40 31.90 0.00 0.00 0.00 0.00 0.00 0.00 0.00 0.00 0.00 0.00 32.16 34.65 35.06 42.94 38.45 43.07 37.03 41.04 38.24 38.63 38.67 42.47 44.24 33.07 29.70 30.45 26.91 31.06 33.63 36.02 28.70 0.00 0.00 0.00 0.00 0.00 0.00 0.00 0.00 0.00 38.34 38.36 37.00 40.46 36.44 38.51 40.79 38.69 38.22 37.79 39.08 40.92 38.22 28.05 30.37 33.16 34.26 35.90 31.76 31.47 31.84 0.00 0.00 0.00 0.00 0.00 0.00 0.00 0.00 0.00 35.18 36.75 33.31 39.80 38.72 40.57 44.51 35.47 35.04 34.29 37.45 38.34 37.70 31.62 34.03 31.44 29.90 31.10 31.45 33.46 34.57 0.00 0.00 0.00 0.00 0.00 0.00 0.00 0.00 0.00 41.61 33.02 40.65 38.92 41.52 36.24 33.20 41.32 37.99 44.70 41.87 41.14 41.23 31.73 31.30 30.80 30.37 26.99 32.35 32.01 32.42 29.22 0.00 0.00 0.00 0.00 0.00 0.00 0.00 32.32 34.78 40.22 41.62 38.34 42.49 40.28 36.00 42.70 40.42 39.55 40.43 45.11 38.99 29.61 31.27 33.65 31.14 29.32 31.93 28.19 31.06 36.76 0.00 0.00 0.00 0.00 0.00 0.00 0.00 29.88 37.70 38.30 36.85 37.43 37.21 41.99 39.79 37.35 38.11 40.67 38.06 39.72 38.50 34.63 27.61 32.72 31.94 32.57 31.78 28.25 26.64 32.65 0.00 0.00 0.00 0.00 0.00 0.00 0.00 28.22 43.24 36.96 35.80 39.41 39.91 38.65 34.73 40.86 36.69 38.17 36.68 36.85 37.00 36.70 28.85 28.91 29.58 33.26 29.11 29.94 30.74 32.62 0.00 0.00 0.00 0.00 0.00 0.00 0.00 29.12 41.72 37.68 42.67 33.01 39.21 36.16 42.04 40.63 38.38 40.78 36.92 39.75 39.09 36.80 31.33 30.65 32.60 32.17 31.76 33.34 29.44 32.18 0.00 0.00 0.00 0.00 0.00 0.00 0.00 34.65 38.84 36.21 37.01 40.79 39.11 43.20 43.06 37.60 40.03 37.30 43.95 39.10 39.92 37.01 29.14 32.50 32.59 31.24 34.37 34.09 35.46 33.52 0.00 0.00 0.00 0.00 0.00 0.00 30.48 31.36 39.45 40.23 37.87 40.92 40.50 37.75 32.64 35.88 38.90 40.14 39.03 38.62 32.73 39.72 29.46 28.94 33.68 27.69 34.42 30.09 34.18 28.40 29.37 0.00 0.00 0.00 0.00 0.00 30.41 32.06 42.32 36.23 35.50 35.73 38.99 37.03 37.01 42.13 43.73 39.66 38.29 38.93 39.64 35.78 34.49 35.93 34.18 32.30 28.92 31.73 28.46 31.02 28.52 0.00 0.00 0.00 0.00 0.00 32.23 28.51 36.74 39.99 39.66 35.99 37.33 37.21 42.68 39.05 42.81 43.01 37.01 41.84 44.23 39.65 29.55 31.08 29.74 33.32 31.39 31.12 34.90 30.98 34.02 0.00 0.00 0.00 0.00 0.00 32.76 32.03 37.45 41.31 43.27 40.98 37.72 42.34 34.18 40.43 37.74 41.88 37.18 41.05 40.85 40.16 32.08 30.07 32.25 28.50 29.87 34.76 28.62 30.07 31.43 0.00 0.00 0.00 0.00 0.00 28.70 30.28 34.67 39.63 37.94 41.26 41.01 36.96 37.55 37.12 35.55 39.71 38.38 41.46 40.25 39.97 34.68 33.78 38.38 32.47 27.46 31.13 29.10 32.01 34.05 0.00 0.00 0.00 0.00 0.00 31.33 29.15 38.35 43.67 38.97 36.52 37.78 44.24 36.39 37.54 37.23 38.74 40.18 41.29 38.80 38.80 32.02 31.66 31.74 33.68 33.06 36.27 29.77 32.01 31.79 0.00 0.00 0.00 0.00 0.00 35.31 31.31 43.45 35.85 40.78 40.13 39.34 37.87 41.17 36.43 37.31 40.80 39.71 36.46 37.57 33.71 34.41 33.59 33.04 32.77 33.59 28.84 33.00 35.65 35.09 0.00 0.00 0.00 0.00 0.00 33.34 29.80 40.72 37.01 39.59 39.97 37.20 42.56 39.21 34.66 38.61 37.98 38.20 35.28 44.55 30.69 29.97 30.80 35.16 34.66 31.47 31.18 32.74 32.76 30.05 0.00 0.00 0.00 0.00 0.00 32.72 32.19 36.79 36.65 42.27 38.25 39.79 40.18 40.01 41.18 39.36 40.42 41.25 38.04 37.98 34.17 31.97 30.51 28.34 35.25 28.30 35.61 30.38 33.09 33.01 0.00 0.00 0.00 0.00 0.00 27.93 28.09 41.35 38.97 40.56 42.18 35.75 38.85 39.65 40.88 39.54 41.88 38.09 35.72 39.39 32.58 37.11 35.43 34.84 30.27 31.67 34.71 32.00 30.29 33.57 0.00 0.00 0.00 0.00 0.00 30.21 31.63 42.46 39.77 34.89 42.00 39.07 40.19 44.23 37.14 41.83 37.86 42.47 38.15 40.16 33.87 28.17 34.48 28.62 34.34 33.01 35.59 33.32 32.36 34.41 0.00 0.00 0.00 0.00 0.00 32.24 32.72 40.17 37.63 34.70 37.53 42.95 41.50 41.49 36.58 41.58 37.82 39.59 40.67 38.55 32.26 28.09 32.08 31.21 30.26 30.62 28.84 32.24 34.80 28.41 0.00 0.00 0.00 0.00 0.00 33.30 29.48 27.22 40.63 40.26 37.25 35.03 39.29 39.46 40.30 40.13 37.03 34.55 38.19 37.36 37.64 32.58 27.44 31.46 32.25 31.73 29.20 33.46 31.02 33.91 0.00 0.00 0.00 0.00 0.00 27.51 32.53 29.59 36.24 41.06 42.11 40.60 37.82 42.59 38.02 40.27 43.08 38.86 35.87 31.51 33.57 32.03 30.58 25.90 30.54 32.91 33.28 32.57 33.72 34.95 0.00 0.00 0.00 0.00 0.00 32.17 33.25 29.69 39.01 41.97 37.92 46.69 38.50 39.31 44.03 41.44 35.75 38.37 36.50 35.63 30.73 32.98 34.10 35.15 33.60 30.13 35.58 35.92 31.35 29.61 0.00 0.00 0.00 0.00 0.00 35.70 31.48 30.83 39.89 40.38 39.12 39.46 41.15 33.25 41.08 40.85 45.24 41.01 43.83 30.27 34.15 33.76 33.34 27.71 32.71 31.18 31.01 29.08 29.95 31.28 0.00 0.00 0.00 0.00 0.00 33.84 31.64 29.34 33.59 41.79 39.62 43.00 47.40 40.29 35.81 33.91 36.49 37.50 30.91 35.63 33.05 31.07 31.63 30.23 29.13 30.21 33.77 33.06 30.75 35.21 0.00 0.00 0.00 0.00 0.00 32.49 30.01 28.80 31.36 35.56 40.78 38.91 40.82 41.10 39.49 34.49 37.94 42.84 31.72 33.06 32.27 33.90 35.53 38.33 29.44 34.26 28.46 31.46 33.69 33.72 0.00 0.00 0.00 0.00 0.00 32.25 33.09 30.53 34.32 33.55 39.43 35.13 43.19 41.18 39.14 40.95 34.91 36.73 32.01 31.13 33.35 35.67 30.95 31.60 33.24 33.21 33.33 33.53 33.98 31.97 0.00 0.00 0.00 0.00 0.00 31.60 30.44 35.25 29.92 34.29 36.37 41.08 39.46 44.20 38.50 35.65 37.89 29.78 32.96 31.01 32.16 28.15 28.73 30.05 28.58 31.96 28.92 29.58 33.33 34.93 0.00 0.00 0.00 0.00 0.00 32.53 29.00 32.56 25.78 29.93 29.67 41.49 35.27 39.72 45.01 38.71 34.77 34.23 32.07 29.57 31.44 31.86 32.31 36.78 33.33 33.31 31.42 36.17 31.84 30.06 0.00 0.00 0.00 0.00 0.00 29.13 34.95 33.87 31.65 34.56 30.91 45.33 39.95 41.29 43.90 35.71 31.26 32.32 33.62 31.62 29.46 34.32 34.96 31.61 29.66 34.73 31.47 35.36 35.28 30.61 0.00 0.00 0.00 0.00 0.00 30.96 35.01 34.28 35.79 30.40 35.24 30.29 31.02 39.69 33.89 28.56 29.85 32.34 34.70 30.76 34.20 30.03 33.30 33.41 31.85 33.34 33.49 30.30 34.88 33.28 0.00 0.00 0.00 0.00 0.00 30.79 31.85 33.56 30.57 30.55 30.91 30.93 32.30 30.46 30.26 29.28 31.46 36.44 31.11 34.31 28.21 34.54 35.10 24.76 32.60 28.42 26.14 29.25 31.22 35.56 0.00 0.00 0.00 0.00 0.00 32.12 32.93 35.23 32.74 33.96 29.41 33.91 31.04 34.42 30.64 29.67 29.72 29.59 34.50 33.23 29.27 30.26 29.18 31.65 34.61 32.18 34.32 31.00 30.70 35.33 0.00 0.00 0.00 0.00 0.00 34.96 33.28 32.41 32.59 34.13 33.20 34.57 35.32 30.19 32.07 34.85 31.65 33.86 31.48 23.40 29.90 34.75 33.63 31.41 30.57 32.52 30.43 31.81 30.03 35.68 0.00 0.00 0.00 0.00 0.00 33.68 33.01 28.15 33.01 30.76 33.69 31.40 31.09 28.06 34.76 33.90 31.87 32.73 34.28 33.30 31.07 31.34 38.34 31.60 30.18 32.79 33.90 31.26 31.31 35.02 0.00 0.00 0.00 0.00 0.00 32.40 35.15 31.24 30.78 34.23 28.93 32.52 29.76 31.31 34.99 29.20 32.15 31.25 28.56 31.78 33.22 29.24 26.75 36.24 35.64 33.95 28.40 29.58 34.77 31.13 0.00 0.00 0.00 0.00 0.00 30.99 32.81 33.58 30.70 26.40 32.38 28.92 35.03 30.78 33.32 32.89 31.63 31.15 30.84 32.47 33.17 36.15 37.29 35.22 34.92 27.67 36.21 32.88 32.51 31.86 0.00 0.00 0.00 0.00 0.00 0.00 33.96 30.08 31.79 29.76 27.88 31.64 32.10 31.27 30.42 32.75 31.88 36.50 29.91 27.67 32.54 33.54 30.31 29.92 31.36 34.64 34.29 33.95 33.49 34.58 0.00 0.00 0.00 0.00 0.00 0.00 30.59 32.35 32.45 30.38 31.92 31.65 32.54 34.78 34.11 34.35 32.18 30.29 29.90 31.38 30.24 34.69 35.46 30.03 34.72 32.53 34.60 35.22 33.59 0.00 0.00 0.00 0.00 0.00 0.00 0.00 35.50 33.27 33.59 37.56 28.80 35.11 30.65 32.67 28.83 31.34 34.43 32.18 33.52 33.70 33.37 31.71 31.41 31.63 31.77 29.91 33.79 33.86 35.76 0.00 0.00 0.00 0.00 0.00 0.00 0.00 35.70 35.43 32.31 28.19 33.60 28.33 30.72 37.07 36.38 34.78 31.08 30.64 35.53 27.66 31.22 35.03 32.56 33.29 33.08 31.58 30.23 35.61 36.27 0.00 0.00 0.00 0.00 0.00 0.00 0.00 32.94 31.97 32.85 30.93 33.94 32.93 28.99 26.33 35.07 32.98 29.11 34.75 34.51 33.16 30.58 35.09 28.39 36.42 29.67 33.50 37.38 32.09 29.26 0.00 0.00 0.00 0.00 0.00 0.00 0.00 33.97 30.23 31.48 32.99 33.98 34.80 30.55 33.38 32.82 32.15 33.09 33.48 28.76 32.99 31.50 35.37 35.02 35.28 31.98 34.24 34.16 32.88 32.77 0.00 0.00 0.00 0.00 0.00 0.00 0.00 35.02 32.83 34.27 37.19 32.92 31.35 33.78 31.91 31.61 36.70 32.33 33.06 34.67 36.89 33.10 34.90 35.09 34.43 32.04 30.22 34.60 32.31 34.50 0.00 0.00 0.00 0.00 0.00 0.00 0.00 0.00 30.65 31.04 30.37 28.63 29.91 35.45 29.51 27.68 30.94 33.40 32.63 32.11 33.63 32.45 37.39 37.14 35.92 29.97 34.12 32.81 33.44 32.63 0.00 0.00 0.00 0.00 0.00 0.00 0.00 0.00 34.35 31.89 32.15 33.37 31.76 31.58 31.90 32.81 34.66 33.28 30.82 32.38 33.06 33.52 32.23 32.51 33.59 36.00 31.60 31.50 33.96 0.00 0.00 0.00 0.00 0.00 0.00 0.00 0.00 0.00 28.71 34.21 30.49 37.24 35.57 35.13 30.98 34.36 30.78 33.26 26.18 34.62 31.57 37.53 31.51 34.67 30.32 36.45 31.40 32.58 32.38 0.00 0.00 0.00 0.00 0.00 0.00 0.00 0.00 0.00 32.71 32.60 32.00 35.07 33.95 32.87 31.11 27.68 33.26 34.60 28.16 31.88 34.83 30.90 33.77 32.92 33.15 30.81 31.75 35.94 34.38 0.00 0.00 0.00 0.00 0.00 0.00 0.00 0.00 0.00 32.00 30.01 34.96 33.77 34.50 32.07 34.16 32.35 31.11 36.06 33.58 35.27 28.30 33.48 35.82 36.36 31.94 32.16 37.53 32.67 35.76 0.00 0.00 0.00 0.00 0.00 0.00 0.00 0.00 0.00 0.00 33.53 32.74 31.90 30.76 37.63 38.62 32.07 33.94 32.22 35.94 32.31 31.57 34.43 32.41 31.17 36.25 31.74 32.41 34.80 0.00 0.00 0.00 0.00 0.00 0.00 0.00 0.00 0.00 0.00 0.00 30.01 36.03 34.21 29.98 31.72 38.19 32.47 32.32 32.40 38.19 32.85 31.02 33.56 32.49 28.52 32.98 31.79 34.61 31.12 0.00 0.00 0.00 0.00 0.00 0.00 0.00 0.00 0.00 0.00 0.00 32.94 31.20 31.85 34.30 33.01 32.08 29.59 33.62 32.55 32.18 34.21 30.54 29.23 29.44 36.50 33.72 30.06 26.64 35.12 0.00 0.00 0.00 0.00 0.00 0.00 0.00 0.00 0.00 0.00 0.00 35.86 35.09 31.68 31.29 30.07 32.48 33.72 30.08 36.60 32.37 32.05 33.49 33.12 38.16 30.43 30.46 27.99 29.39 35.42 0.00 0.00 0.00 0.00 0.00 0.00 0.00 0.00 0.00 0.00 0.00 0.00 35.39 36.58 34.65 31.67 29.59 33.33 35.87 29.70 33.48 32.15 36.55 35.08 31.10 32.48 33.35 35.26 31.60 0.00 0.00 0.00 0.00 0.00 0.00 0.00 0.00 0.00 0.00 0.00 0.00 0.00 37.51 33.17 31.51 34.42 29.51 33.55 28.13 35.89 31.31 32.28 32.98 31.53 35.53 29.77 31.69 26.46 39.50 0.00 0.00 0.00 0.00 0.00 0.00 0.00 0.00 0.00 0.00 0.00 0.00 0.00 30.23 33.41 32.98 31.66 35.23 32.59 30.82 31.91 33.78 31.75 36.33 31.84 29.98 33.70 35.36 27.89 34.94 0.00 0.00 0.00 0.00 0.00 0.00 0.00 0.00 0.00 0.00 0.00 0.00 0.00 0.00 37.31 32.32 36.44 30.05 32.63 28.17 33.53 35.69 36.94 33.91 29.57 29.34 35.68 29.56 34.35 0.00 0.00 0.00 0.00 0.00 0.00 0.00 0.00 0.00 0.00 0.00 0.00 0.00 0.00 0.00 32.61 32.67 31.13 33.90 36.35 30.70 36.96 33.22 31.29 34.55 30.50 32.67 33.90 32.95 34.60 0.00 0.00 0.00 0.00 0.00 0.00 0.00 0.00 0.00 0.00 0.00 0.00 0.00 0.00 0.00 31.77 32.01 32.24 33.05 30.42 31.35 32.93 36.87 32.75 35.95 29.78 29.28 34.61 33.52 32.32 0.00 0.00 0.00 0.00 0.00 0.00 0.00 0.00 0.00 0.00 0.00 0.00 0.00 0.00 0.00 0.00 34.69 34.92 32.75 31.18 32.39 27.44 31.93 29.52 33.80 39.03 32.75 36.52 31.24 0.00 0.00 0.00 0.00 0.00 0.00 0.00 0.00 0.00 0.00 0.00 0.00 0.00 0.00 0.00 0.00 0.00 31.81 31.62 34.67 34.77 35.57 33.19 33.83 29.99 34.50 30.49 30.73 36.65 32.81 0.00 0.00 0.00 0.00 0.00 0.00 0.00 0.00 0.00 0.00 0.00 0.00 0.00 0.00 0.00 0.00 0.00 0.00 34.91 34.02 31.26 34.59 31.12 37.14 37.89 32.86 35.81 32.68 33.45 0.00 0.00 0.00 0.00 0.00 0.00 0.00 0.00 0.00 0.00 0.00 0.00 0.00 0.00 0.00 0.00 0.00 0.00 0.00 33.51 34.78 31.57 35.64 34.04 35.65 30.34 34.36 37.76 36.47 30.68 0.00 0.00 0.00 0.00 0.00 0.00 0.00 0.00 0.00 0.00 0.00 0.00 0.00 0.00 0.00 0.00 0.00 0.00 0.00 0.00 34.46 32.53 35.40 31.26 33.84 35.72 31.95 34.08 36.47 0.00 0.00 0.00 0.00 0.00 0.00 0.00 0.00 0.00 0.00 0.00 0.00 0.00 0.00 0.00 0.00 0.00 0.00 0.00 0.00 0.00 0.00 32.96 29.71 33.23 32.73 35.32 33.42 27.84 0.00 0.00 0.00 0.00 0.00 0.00 0.00 0.00 0.00 0.00 0.00 0.00 0.00 0.00 0.00 0.00 0.00 0.00 0.00 0.00 0.00 0.00 0.00 0.00 33.22 31.92 37.87 31.45 34.09 32.88 0.00 0.00 0.00 0.00 0.00 0.00 0.00 0.00 0.00 0.00 0.00 0.00 0.00 0.00 0.00 0.00 0.00 0.00 0.00 0.00 0.00 0.00 0.00 0.00 0.00 34.01 32.24 33.98 0.00 0.00 0.00 0.00 0.00 0.00 0.00 0.00 0.00 0.00 0.00 0.00 0.00 0.00 0.00 0.00 0.00 0.00 0.00 0.00 0.00 0.00 0.00 0.00 0.00 0.00 0.00 0.00 0.00 0.00 0.00 0.00 0.00 0.00 0.00 0.00 0.00 0.00 0.00 0.00 0.00 0.00 0.00
rain_type.data=0 0 0 0 0 0 0 0 0 0 0 0 0 0 0 0 0 0 0 0 0 0 0 0 0 0 0 0 0 0 0 0 0 0 0 0 0 0 0 0 0 0 0 1 1 1 1 1 0 0 0 0 0 0 0 0 0 0 0 0 0 0 0 0 0 0 0 0 0 0 0 1 1 1 1 1 1 1 1 1 0 0 0 0 0 0 0 0 0 0 0 0 0 0 0 0 0 0 0 0 1 1 1 1 1 1 1 1 1 1 1 0 0 0 0 0 0 0 0 0 0 0 0 0 0 0 0 0 0 1 1 1 1 1 1 1 1 1 1 1 1 1 0 0 0 0 0 0 0 0 0 0 0 0 0 0 0 0 0 2 2 2 2 2 1 1 1 1 1 1 1 1 0 0 0 0 0 0 0 0 0 0 0 0 0 0 0 0 2 2 2 2 2 2 2 1 1 1 1 1 1 1 1 0 0 0 0 0 0 0 0 0 0 0 0 0 0 0 2 2 2 2 2 2 2 2 1 1 1 1 1 1 1 0 0 0 0 0 0 0 0 0 0 0 0 0 0 2 2 2 2 2 2 2 2 2 1 1 1 1 1 1 1 1 0 0 0 0 0 0 0 0 0 0 0 0 0 2 2 2 2 2 2 2 2 2 1 1 1 1 1 1 1 1 0 0 0 0 0 0 0 0 0 0 0 0 2 2 2 2 2 2 2 2 2 2 2 1 1 1 1 1 1 1 1 0 0 0 0 0 0 0 0 0 0 0 2 2 2 2 2 2 2 2 2 2 2 1 1 1 1 1 1 1 1 0 0 0 0 0 0 0 0 0 0 0 2 2 2 2 2 2 2 2 2 2 2 1 1 1 1 1 1 1 1 0 0 0 0 0 0 0 0 0 0 1 2 2 2 2 2 2 2 2 2 2 2 2 1 1 1 1 1 1 1 1 0 0 0 0 0 0 0 0 0 2 2 2 2 2 2 2 2 2 2 2 2 2 1 1 1 1 1 1 1 1 0 0 0 0 0 0 0 0 0 2 2 2 2 2 2 2 2 2 2 2 2 2 1 1 1 1 1 1 1 1 0 0 0 0 0 0 0 0 0 2 2 2 2 2 2 2 2 2 2 2 2 2 1 1 1 1 1 1 1 1 1 0 0 0 0 0 0 0 1 2 2 2 2 2 2 2 2 2 2 2 2 2 1 1 1 1 1 1 1 1 1 0 0 0 0 0 0 0 1 2 2 2 2 2 2 2 2 2 2 2 2 2 1 1 1 1 1 1 1 1 1 0 0 0 0 0 0 0 1 2 2 2 2 2 2 2 2 2 2 2 2 2 2 1 1 1 1 1 1 1 1 0 0 0 0 0 0 0 1 2 2 2 2 2 2 2 2 2 2 2 2 2 2 1 1 1 1 1 1 1 1 0 0 0 0 0 0 0 1 2 2 2 2 2 2 2 2 2 2 2 2 2 2 1 1 1 1 1 1 1 1 0 0 0 0 0 0 1 1 2 2 2 2 2 2 2 2 2 2 2 2 2 2 1 1 1 1 1 1 1 1 1 0 0 0 0 0 1 1 2 2 2 2 2 2 2 2 2 2 2 2 2 2 1 1 1 1 1 1 1 1 1 0 0 0 0 0 1 1 2 2 2 2 2 2 2 2 2 2 2 2 2 2 1 1 1 1 1 1 1 1 1 0 0 0 0 0 1 1 2 2 2 2 2 2 2 2 2 2 2 2 2 2 1 1 1 1 1 1 1 1 1 0 0 0 0 0 1 1 2 2 2 2 2 2 2 2 2 2 2 2 2 2 1 1 1 1 1 1 1 1 1 0 0 0 0 0 1 1 2 2 2 2 2 2 2 2 2 2 2 2 2 2 1 1 1 1 1 1 1 1 1 0 0 0 0 0 1 1 2 2 2 2 2 2 2 2 2 2 2 2 2 1 1 1 1 1 1 1 1 1 1 0 0 0 0 0 1 1 2 2 2 2 2 2 2 2 2 2 2 2 2 1 1 1 1 1 1 1 1 1 1 0 0 0 0 0 1 1 2 2 2 2 2 2 2 2 2 2 2 2 2 1 1 1 1 1 1 1 1 1 1 0 0 0 0 0 1 1 2 2 2 2 2 2 2 2 2 2 2 2 2 1 1 1 1 1 1 1 1 1 1 0 0 0 0 0 1 1 2 2 2 2 2 2 2 2 2 2 2 2 2 1 1 1 1 1 1 1 1 1 1 0 0 0 0 0 1 1 2 2 2 2 2 2 2 2 2 2 2 2 2 1 1 1 1 1 1 1 1 1 1 0 0 0 0 0 1 1 1 2 2 2 2 2 2 2 2 2 2 2 2 1 1 1 1 1 1 1 1 1 1 0 0 0 0 0 1 1 1 2 2 2 2 2 2 2 2 2 2 2 1 1 1 1 1 1 1 1 1 1 1 0 0 0 0 0 1 1 1 2 2 2 2 2 2 2 2 2 2 2 1 1 1 1 1 1 1 1 1 1 1 0 0 0 0 0 1 1 1 2 2 2 2 2 2 2 2 2 2 2 1 1 1 1 1 1 1 1 1 1 1 0 0 0 0 0 1 1 1 1 2 2 2 2 2 2 2 2 2 1 1 1 1 1 1 1 1 1 1 1 1 0 0 0 0 0 1 1 1 1 2 2 2 2 2 2 2 2 2 1 1 1 1 1 1 1 1 1 1 1 1 0 0 0 0 0 1 1 1 1 1 2 2 2 2 2 2 2 2 1 1 1 1 1 1 1 1 1 1 1 1 0 0 0 0 0 1 1 1 1 1 2 2 2 2 2 2 2 1 1 1 1 1 1 1 1 1 1 1 1 1 0 0 0 0 0 1 1 1 1 1 1 2 2 2 2 2 2 1 1 1 1 1 1 1 1 1 1 1 1 1 0 0 0 0 0 1 1 1 1 1 1 2 2 2 2 2 1 1 1 1 1 1 1 1 1 1 1 1 1 1 0 0 0 0 0 1 1 1 1 1 1 1 1 2 1 1 1 1 1 1 1 1 1 1 1 1 1 1 1 1 0 0 0 0 0 1 1 1 1 1 1 1 1 1 1 1 1 1 1 1 1 1 1 1 1 1 1 1 1 1 0 0 0 0 0 1 1 1 1 1 1 1 1 1 1 1 1 1 1 1 1 1 1 1 1 1 1 1 1 1 0 0 0 0 0 1 1 1 1 1 1 1 1 1 1 1 1 1 1 1 1 1 1 1 1 1 1 1 1 1 0 0 0 0 0 1 1 1 1 1 1 1 1 1 1 1 1 1 1 1 1 1 1 1 1 1 1 1 1 1 0 0 0 0 0 1 1 1 1 1 1 1 1 1 1 1 1 1 1 1 1 1 1 1 1 1 1 1 1 1 0 0 0 0 0 1 1 1 1 1 1 1 1 1 1 1 1 1 1 1 1 1 1 1 1 1 1 1 1 1 0 0 0 0 0 0 1 1 1 1 1 1 1 1 1 1 1 1 1 1 1 1 1 1 1 1 1 1 1 1 0 0 0 0 0 0 1 1 1 1 1 1 1 1 1 1 1 1 1 1 1 1 1 1 1 1 1 1 1 0 0 0 0 0 0 0 1 1 1 1 1 1 1 1 1 1 1 1 1 1 1 1 1 1 1 1 1 1 1 0 0 0 0 0 0 0 1 1 1 1 1 1 1 1 1 1 1 1 1 1 1 1 1 1 1 1 1 1 1 0 0 0 0 0 0 0 1 1 1 1 1 1 1 1 1 1 1 1 1 1 1 1 1 1 1 1 1 1 1 0 0 0 0 0 0 0 1 1 1 1 1 1 1 1 1 1 1 1 1 1 1 1 1 1 1 1 1 1 1 0 0 0 0 0 0 0 1 1 1 1 1 1 1 1 1 1 1 1 1 1 1 1 1 1 1 1 1 1 1 0 0 0 0 0 0 0 0 1 1 1 1 1 1 1 1 1 1 1 1 1 1 1 1 1 1 1 1 1 1 0 0 0 0 0 0 0 0 1 1 1 1 1 1 1 1 1 1 1 1 1 1 1 1 1 1 1 1 1 0 0 0 0 0 0 0 0 0 1 1 1 1 1 1 1 1 1 1 1 1 1 1 1 1 1 1 1 1 1 0 0 0 0 0 0 0 0 0 1 1 1 1 1 1 1 1 1 1 1 1 1 1 1 1 1 1 1 1 1 0 0 0 0 0 0 0 0 0 1 1 1 1 1 1 1 1 1 1 1 1 1 1 1 1 1 1 1 1 1 0 0 0 0 0 0 0 0 0 0 1 1 1 1 1 1 1 1 1 1 1 1 1 1 1 1 1 1 1 0 0 0 0 0 0 0 0 0 0 0 1 1 1 1 1 1 1 1 1 1 1 1 1 1 1 1 1 1 1 0 0 0 0 0 0 0 0 0 0 0 1 1 1 1 1 1 1 1 1 1 1 1 1 1 1 1 1 1 1 0 0 0 0 0 0 0 0 0 0 0 1 1 1 1 1 1 1 1 1 1 1 1 1 1 1 1 1 1 1 0 0 0 0 0 0 0 0 0 0 0 0 1 1 1 1 1 1 1 1 1 1 1 1 1 1 1 1 1 0 0 0 0 0 0 0 0 0 0 0 0 0 1 1 1 1 1 1 1 1 1 1 1 1 1 1 1 1 1 0 0 0 0 0 0 0 0 0 0 0 0 0 1 1 1 1 1 1 1 1 1 1 1 1 1 1 1 1 1 0 0 0 0 0 0 0 0 0 0 0 0 0 0 1 1 1 1 1 1 1 1 1 1 1 1 1 1 1 0 0 0 0 0 0 0 0 0 0 0 0 0 0 0 1 1 1 1 1 1 1 1 1 1 1 1 1 1 1 0 0 0 0 0 0 0 0 0 0 0 0 0 0 0 1 1 1 1 1 1 1 1 1 1 1 1 1 1 1 0 0 0 0 0 0 0 0 0 0 0 0 0 0 0 0 1 1 1 1 1 1 1 1 1 1 1 1 1 0 0 0 0 0 0 0 0 0 0 0 0 0 0 0 0 0 1 1 1 1 1 1 1 1 1 1 1 1 1 0 0 0 0 0 0 0 0 0 0 0 0 0 0 0 0 0 0 1 1 1 1 1 1 1 1 1 1 1 0 0 0 0 0 0 0 0 0 0 0 0 0 0 0 0 0 0 0 1 1 1 1 1 1 1 1 1 1 1 0 0 0 0 0 0 0 0 0 0 0 0 0 0 0 0 0 0 0 0 1 1 1 1 1 1 1 1 1 0 0 0 0 0 0 0 0 0 0 0 0 0 0 0 0 0 0 0 0 0 0 1 1 1 1 1 1 1 0 0 0 0 0 0 0 0 0 0 0 0 0 0 0 0 0 0 0 0 0 0 0 0 1 1 1 1 1 1 0 0 0 0 0 0 0 0 0 0 0 0 0 0 0 0 0 0 0 0 0 0 0 0 0 1 1 1 0 0 0 0 0 0 0 0 0 0 0 0 0 0 0 0 0 0 0 0 0 0 0 0 0 0 0 0 0 0 0 0 0 0 0 0 0 0 0 0 0 0 0
estimated_attenuation.size=2460
estimated_attenuation.data=0.00 0.00 0.00 0.00 0.00 0.00 0.00 0.00 0.00 0.00 0.00 0.00 0.00 0.00 0.00 0.00 0.00 0.00 0.00 0.00 0.00 0.00 0.00 0.00 0.00 0.00 0.00 0.00 0.00 0.00 0.00 0.00 0.00 0.00 0.00 0.00 0.00 0.00 0.00 0.00 0.00 0.00 0.00 0.00 0.00 0.00 0.00 0.00 0.00 0.00 0.00 0.00 0.00 0.00 0.00 0.00 0.00 0.00 0.00 0.00 0.00 0.00 0.00 0.00 0.00 0.00 0.00 0.00 0.00 0.00 0.00 0.00 0.00 0.00 0.00 0.00 0.00 0.00 0.00 0.00 0.00 0.00 0.00 0.00 0.00 0.00 0.00 0.00 0.00 0.00 0.00 0.00 0.00 0.00 0.00 0.00 0.00 0.00 0.00 0.00 0.00 0.00 0.00 0.00 0.00 0.01 0.00 0.00 0.00 0.00 0.00 0.00 0.00 0.00 0.00 0.00 0.00 0.00 0.00 0.00 0.00 0.00 0.00 0.00 0.00 0.00 0.00 0.00 0.00 0.00 0.00 0.00 0.00 0.01 0.01 0.01 0.00 0.01 0.00 0.00 0.00 0.00 0.00 0.00 0.00 0.00 0.00 0.00 0.00 0.00 0.00 0.00 0.00 0.00 0.00 0.00 0.00 0.00 0.00 0.01 0.01 0.01 0.01 0.01 0.01 0.01 0.00 0.01 0.00 0.01 0.00 0.00 0.00 0.00 0.00 0.00 0.00 0.00 0.00 0.00 0.00 0.00 0.00 0.00 0.00 0.00 0.00 0.00 0.00 0.01 0.01 0.03 0.02 0.02 0.01 0.01 0.01 0.01 0.01 0.01 0.01 0.00 0.00 0.00 0.00 0.00 0.00 0.00 0.00 0.00 0.00 0.00 0.00 0.00 0.00 0.00 0.00 0.00 0.01 0.01 0.01 0.04 0.02 0.02 0.02 0.02 0.01 0.01 0.01 0.01 0.01 0.00 0.00 0.00 0.00 0.00 0.00 0.00 0.00 0.00 0.00 0.00 0.00 0.00 0.00 0.00 0.00 0.00 0.01 0.02 0.03 0.04 0.03 0.02 0.03 0.03 0.01 0.01 0.01 0.01 0.01 0.01 0.00 0.00 0.00 0.00 0.00 0.00 0.00 0.00 0.00 0.00 0.00 0.00 0.00 0.00 0.00 0.01 0.02 0.03 0.03 0.05 0.03 0.04 0.04 0.03 0.01 0.01 0.01 0.01 0.01 0.01 0.01 0.00 0.00 0.00 0.00 0.00 0.00 0.00 0.00 0.00 0.00 0.00 0.00 0.00 0.01 0.01 0.03 0.03 0.03 0.06 0.04 0.05 0.04 0.03 0.02 0.01 0.01 0.01 0.01 0.01 0.01 0.00 0.00 0.00 0.00 0.00 0.00 0.00 0.00 0.00 0.00 0.00 0.00 0.00 0.01 0.02 0.04 0.04 0.04 0.07 0.05 0.05 0.05 0.04 0.02 0.02 0.01 0.01 0.01 0.01 0.01 0.01 0.00 0.00 0.00 0.00 0.00 0.00 0.00 0.00 0.00 0.00 0.00 0.00 0.02 0.02 0.04 0.04 0.05 0.07 0.05 0.06 0.06 0.04 0.04 0.02 0.01 0.01 0.01 0.01 0.01 0.01 0.00 0.00 0.00 0.00 0.00 0.00 0.00 0.00 0.00 0.00 0.00 0.00 0.02 0.02 0.06 0.04 0.06 0.08 0.06 0.06 0.07 0.05 0.06 0.04 0.01 0.02 0.01 0.01 0.01 0.01 0.01 0.00 0.00 0.00 0.00 0.00 0.00 0.00 0.00 0.00 0.00 0.01 0.03 0.03 0.07 0.05 0.07 0.09 0.07 0.07 0.07 0.06 0.07 0.05 0.01 0.02 0.01 0.01 0.01 0.01 0.01 0.00 0.00 0.00 0.00 0.00 0.00 0.00 0.00 0.00 0.00 0.01 0.03 0.03 0.07 0.05 0.08 0.11 0.08 0.07 0.07 0.06 0.08 0.05 0.02 0.02 0.02 0.01 0.02 0.01 0.01 0.01 0.00 0.00 0.00 0.00 0.00 0.00 0.00 0.00 0.00 0.02 0.04 0.04 0.08 0.06 0.08 0.11 0.08 0.08 0.10 0.08 0.09 0.06 0.02 0.02 0.02 0.02 0.02 0.01 0.01 0.01 0.00 0.00 0.00 0.00 0.00 0.00 0.00 0.00 0.00 0.03 0.05 0.05 0.09 0.08 0.09 0.11 0.10 0.08 0.10 0.09 0.11 0.07 0.02 0.02 0.02 0.02 0.02 0.01 0.01 0.01 0.00 0.00 0.00 0.00 0.00 0.00 0.00 0.00 0.00 0.03 0.05 0.05 0.09 0.08 0.10 0.12 0.10 0.09 0.11 0.10 0.12 0.07 0.02 0.02 0.02 0.02 0.02 0.02 0.01 0.01 0.01 0.00 0.00 0.00 0.00 0.00 0.00 0.00 0.00 0.05 0.06 0.06 0.10 0.09 0.11 0.12 0.11 0.09 0.12 0.10 0.12 0.08 0.03 0.02 0.02 0.02 0.02 0.02 0.01 0.01 0.01 0.00 0.00 0.00 0.00 0.00 0.00 0.00 0.00 0.06 0.06 0.07 0.10 0.10 0.11 0.14 0.12 0.10 0.13 0.11 0.13 0.09 0.03 0.02 0.02 0.02 0.02 0.02 0.02 0.01 0.01 0.00 0.00 0.00 0.00 0.00 0.00 0.00 0.01 0.06 0.07 0.07 0.11 0.11 0.12 0.15 0.13 0.11 0.14 0.12 0.14 0.10 0.04 0.03 0.02 0.02 0.02 0.02 0.02 0.01 0.01 0.00 0.00 0.00 0.00 0.00 0.00 0.00 0.01 0.07 0.07 0.08 0.12 0.11 0.13 0.16 0.13 0.11 0.14 0.13 0.15 0.10 0.04 0.03 0.02 0.02 0.02 0.02 0.02 0.02 0.01 0.00 0.00 0.00 0.00 0.00 0.00 0.00 0.01 0.08 0.08 0.08 0.12 0.12 0.13 0.16 0.14 0.13 0.15 0.13 0.15 0.11 0.05 0.03 0.03 0.03 0.03 0.02 0.02 0.02 0.01 0.00 0.00 0.00 0.00 0.00 0.00 0.00 0.01 0.09 0.08 0.09 0.13 0.12 0.14 0.18 0.15 0.14 0.16 0.14 0.16 0.13 0.05 0.03 0.03 0.03 0.03 0.03 0.02 0.02 0.01 0.00 0.00 0.00 0.00 0.00 0.00 0.01 0.01 0.09 0.10 0.10 0.14 0.13 0.15 0.18 0.16 0.15 0.18 0.14 0.17 0.14 0.06 0.03 0.03 0.03 0.03 0.03 0.02 0.02 0.02 0.00 0.00 0.00 0.00 0.00 0.00 0.01 0.01 0.09 0.11 0.11 0.15 0.14 0.15 0.19 0.16 0.15 0.18 0.15 0.18 0.14 0.07 0.03 0.03 0.04 0.03 0.03 0.03 0.02 0.02 0.01 0.00 0.00 0.00 0.00 0.00 0.01 0.02 0.10 0.12 0.11 0.15 0.14 0.17 0.19 0.17 0.16 0.19 0.16 0.20 0.15 0.08 0.03 0.03 0.04 0.03 0.03 0.03 0.02 0.02 0.01 0.00 0.00 0.00 0.00 0.00 0.01 0.02 0.12 0.12 0.13 0.16 0.15 0.18 0.20 0.17 0.16 0.20 0.17 0.20 0.16 0.08 0.04 0.04 0.04 0.03 0.03 0.03 0.02 0.02 0.01 0.00 0.00 0.00 0.00 0.00 0.01 0.02 0.13 0.13 0.14 0.17 0.16 0.19 0.21 0.18 0.17 0.21 0.18 0.21 0.18 0.08 0.04 0.04 0.04 0.04 0.03 0.03 0.03 0.02 0.01 0.00 0.00 0.00 0.00 0.00 0.01 0.02 0.13 0.13 0.15 0.17 0.17 0.20 0.22 0.19 0.18 0.21 0.19 0.21 0.19 0.08 0.04 0.04 0.04 0.04 0.03 0.03 0.03 0.02 0.01 0.00 0.00 0.00 0.00 0.00 0.01 0.02 0.14 0.14 0.17 0.19 0.17 0.21 0.23 0.20 0.19 0.22 0.19 0.22 0.20 0.08 0.04 0.04 0.04 0.04 0.03 0.04 0.03 0.03 0.02 0.00 0.00 0.00 0.00 0.00 0.02 0.02 0.16 0.15 0.17 0.20 0.18 0.21 0.25 0.20 0.20 0.23 0.20 0.22 0.21 0.09 0.04 0.04 0.05 0.04 0.04 0.04 0.03 0.03 0.02 0.00 0.00 0.00 0.00 0.00 0.02 0.02 0.17 0.15 0.17 0.21 0.20 0.23 0.26 0.21 0.21 0.23 0.21 0.23 0.21 0.09 0.04 0.05 0.05 0.04 0.04 0.04 0.03 0.03 0.02 0.00 0.00 0.00 0.00 0.00 0.02 0.02 0.17 0.17 0.18 0.21 0.20 0.23 0.27 0.22 0.22 0.24 0.22 0.24 0.22 0.09 0.05 0.05 0.05 0.04 0.04 0.04 0.03 0.03 0.02 0.00 0.00 0.00 0.00 0.00 0.02 0.03 0.17 0.17 0.19 0.22 0.21 0.24 0.29 0.22 0.23 0.25 0.22 0.25 0.22 0.09 0.05 0.05 0.05 0.04 0.04 0.04 0.04 0.03 0.02 0.00 0.00 0.00 0.00 0.00 0.02 0.03 0.17 0.18 0.20 0.23 0.23 0.25 0.30 0.24 0.24 0.26 0.23 0.25 0.22 0.10 0.05 0.05 0.05 0.05 0.04 0.05 0.04 0.04 0.02 0.00 0.00 0.00 0.00 0.00 0.02 0.03 0.17 0.18 0.21 0.24 0.24 0.26 0.30 0.26 0.25 0.28 0.24 0.27 0.22 0.10 0.05 0.05 0.05 0.05 0.04 0.05 0.04 0.04 0.03 0.00 0.00 0.00 0.00 0.00 0.03 0.03 0.17 0.19 0.22 0.25 0.26 0.30 0.31 0.26 0.25 0.29 0.24 0.27 0.23 0.10 0.05 0.05 0.05 0.05 0.04 0.05 0.04 0.04 0.03 0.00 0.00 0.00 0.00 0.00 0.03 0.03 0.17 0.19 0.23 0.26 0.26 0.31 0.32 0.27 0.26 0.29 0.26 0.27 0.23 0.10 0.05 0.06 0.06 0.05 0.05 0.05 0.04 0.04 0.03 0.00 0.00 0.00 0.00 0.00 0.03 0.03 0.17 0.19 0.23 0.27 0.27 0.32 0.33 0.28 0.27 0.30 0.27 0.27 0.23 0.10 0.06 0.06 0.06 0.05 0.05 0.05 0.04 0.04 0.03 0.00 0.00 0.00 0.00 0.00 0.03 0.03 0.18 0.19 0.23 0.27 0.28 0.33 0.35 0.28 0.27 0.30 0.27 0.27 0.23 0.11 0.06 0.06 0.06 0.05 0.05 0.05 0.04 0.04 0.04 0.00 0.00 0.00 0.00 0.00 0.03 0.03 0.18 0.19 0.23 0.27 0.29 0.34 0.36 0.31 0.28 0.30 0.27 0.27 0.23 0.11 0.06 0.06 0.06 0.06 0.05 0.06 0.05 0.05 0.04 0.00 0.00 0.00 0.00 0.00 0.03 0.04 0.18 0.19 0.24 0.27 0.31 0.35 0.38 0.32 0.28 0.31 0.27 0.28 0.24 0.11 0.06 0.06 0.06 0.06 0.05 0.06 0.05 0.05 0.04 0.00 0.00 0.00 0.00 0.00 0.03 0.04 0.18 0.20 0.24 0.28 0.31 0.35 0.39 0.33 0.29 0.31 0.27 0.28 0.24 0.11 0.06 0.06 0.07 0.06 0.06 0.06 0.05 0.05 0.04 0.00 0.00 0.00 0.00 0.00 0.03 0.04 0.18 0.20 0.24 0.28 0.32 0.35 0.39 0.33 0.29 0.31 0.28 0.28 0.24 0.11 0.06 0.07 0.07 0.06 0.06 0.06 0.05 0.05 0.04 0.00 0.00 0.00 0.00 0.00 0.04 0.04 0.19 0.20 0.24 0.28 0.32 0.35 0.39 0.33 0.29 0.31 0.28 0.28 0.24 0.11 0.07 0.07 0.07 0.06 0.06 0.06 0.05 0.05 0.04 0.00 0.00 0.00 0.00 0.00 0.04 0.05 0.19 0.20 0.24 0.28 0.32 0.35 0.39 0.33 0.29 0.31 0.28 0.29 0.24 0.11 0.07 0.07 0.07 0.06 0.06 0.06 0.06 0.05 0.05 0.00 0.00 0.00 0.00 0.00 0.04 0.05 0.19 0.20 0.25 0.28 0.32 0.36 0.39 0.33 0.29 0.31 0.28 0.29 0.25 0.11 0.07 0.07 0.07 0.07 0.06 0.06 0.06 0.06 0.05 0.00 0.00 0.00 0.00 0.00 0.04 0.05 0.19 0.21 0.25 0.28 0.32 0.36 0.39 0.34 0.29 0.31 0.29 0.29 0.25 0.12 0.07 0.08 0.07 0.07 0.06 0.07 0.06 0.06 0.05 0.00 0.00 0.00 0.00 0.00 0.04 0.05 0.19 0.21 0.25 0.29 0.33 0.36 0.39 0.34 0.30 0.32 0.29 0.29 0.25 0.12 0.07 0.08 0.08 0.07 0.06 0.07 0.06 0.06 0.05 0.00 0.00 0.00 0.00 0.00 0.00 0.05 0.20 0.21 0.25 0.29 0.33 0.36 0.40 0.34 0.30 0.32 0.29 0.29 0.25 0.12 0.08 0.08 0.08 0.07 0.07 0.07 0.06 0.06 0.06 0.00 0.00 0.00 0.00 0.00 0.00 0.06 0.20 0.21 0.25 0.29 0.33 0.36 0.40 0.34 0.30 0.32 0.29 0.29 0.25 0.12 0.08 0.08 0.08 0.07 0.07 0.07 0.06 0.06 0.00 0.00 0.00 0.00 0.00 0.00 0.00 0.06 0.20 0.21 0.26 0.29 0.33 0.36 0.40 0.34 0.30 0.32 0.29 0.29 0.25 0.12 0.08 0.08 0.08 0.08 0.07 0.07 0.07 0.07 0.00 0.00 0.00 0.00 0.00 0.00 0.00 0.06 0.20 0.21 0.26 0.29 0.33 0.37 0.41 0.35 0.31 0.32 0.29 0.30 0.25 0.12 0.08 0.09 0.08 0.08 0.07 0.08 0.07 0.07 0.00 0.00 0.00 0.00 0.00 0.00 0.00 0.06 0.20 0.22 0.26 0.29 0.33 0.37 0.41 0.35 0.31 0.32 0.30 0.30 0.26 0.13 0.09 0.09 0.09 0.08 0.07 0.08 0.07 0.07 0.00 0.00 0.00 0.00 0.00 0.00 0.00 0.07 0.20 0.22 0.26 0.30 0.34 0.37 0.41 0.35 0.31 0.32 0.30 0.30 0.26 0.13 0.09 0.09 0.09 0.08 0.08 0.08 0.07 0.07 0.00 0.00 0.00 0.00 0.00 0.00 0.00 0.07 0.21 0.22 0.26 0.30 0.34 0.37 0.41 0.35 0.31 0.33 0.30 0.30 0.26 0.13 0.09 0.09 0.09 0.08 0.08 0.09 0.07 0.07 0.00 0.00 0.00 0.00 0.00 0.00 0.00 0.00 0.21 0.22 0.26 0.30 0.34 0.38 0.41 0.35 0.31 0.33 0.30 0.31 0.26 0.13 0.09 0.10 0.09 0.08 0.08 0.09 0.08 0.08 0.00 0.00 0.00 0.00 0.00 0.00 0.00 0.00 0.21 0.22 0.27 0.30 0.34 0.38 0.41 0.36 0.32 0.33 0.30 0.31 0.27 0.13 0.10 0.10 0.10 0.09 0.08 0.09 0.08 0.00 0.00 0.00 0.00 0.00 0.00 0.00 0.00 0.00 0.21 0.23 0.27 0.31 0.35 0.38 0.41 0.36 0.32 0.33 0.31 0.31 0.27 0.14 0.10 0.10 0.10 0.09 0.08 0.09 0.08 0.00 0.00 0.00 0.00 0.00 0.00 0.00 0.00 0.00 0.21 0.23 0.27 0.31 0.35 0.38 0.42 0.36 0.32 0.34 0.31 0.31 0.27 0.14 0.10 0.10 0.10 0.09 0.08 0.09 0.08 0.00 0.00 0.00 0.00 0.00 0.00 0.00 0.00 0.00 0.21 0.23 0.27 0.31 0.35 0.38 0.42 0.36 0.32 0.34 0.31 0.32 0.27 0.14 0.10 0.11 0.10 0.09 0.09 0.10 0.09 0.00 0.00 0.00 0.00 0.00 0.00 0.00 0.00 0.00 0.00 0.23 0.27 0.31 0.35 0.39 0.42 0.37 0.32 0.34 0.31 0.32 0.27 0.14 0.11 0.11 0.11 0.09 0.09 0.10 0.00 0.00 0.00 0.00 0.00 0.00 0.00 0.00 0.00 0.00 0.00 0.23 0.28 0.31 0.35 0.39 0.43 0.37 0.32 0.34 0.32 0.32 0.27 0.15 0.11 0.11 0.11 0.10 0.09 0.10 0.00 0.00 0.00 0.00 0.00 0.00 0.00 0.00 0.00 0.00 0.00 0.23 0.28 0.31 0.35 0.39 0.43 0.37 0.33 0.35 0.32 0.32 0.27 0.15 0.11 0.11 0.11 0.10 0.09 0.10 0.00 0.00 0.00 0.00 0.00 0.00 0.00 0.00 0.00 0.00 0.00 0.24 0.28 0.32 0.36 0.39 0.43 0.37 0.33 0.35 0.32 0.32 0.28 0.15 0.11 0.11 0.11 0.10 0.09 0.11 0.00 0.00 0.00 0.00 0.00 0.00 0.00 0.00 0.00 0.00 0.00 0.00 0.29 0.32 0.36 0.40 0.43 0.37 0.33 0.35 0.32 0.32 0.28 0.15 0.12 0.12 0.11 0.10 0.10 0.00 0.00 0.00 0.00 0.00 0.00 0.00 0.00 0.00 0.00 0.00 0.00 0.00 0.29 0.32 0.36 0.40 0.44 0.38 0.33 0.36 0.33 0.33 0.28 0.15 0.12 0.12 0.11 0.10 0.10 0.00 0.00 0.00 0.00 0.00 0.00 0.00 0.00 0.00 0.00 0.00 0.00 0.00 0.29 0.33 0.36 0.40 0.44 0.38 0.33 0.36 0.33 0.33 0.29 0.16 0.12 0.12 0.12 0.10 0.11 0.00 0.00 0.00 0.00 0.00 0.00 0.00 0.00 0.00 0.00 0.00 0.00 0.00 0.00 0.33 0.37 0.40 0.44 0.38 0.33 0.36 0.33 0.33 0.29 0.16 0.12 0.12 0.12 0.10 0.00 0.00 0.00 0.00 0.00 0.00 0.00 0.00 0.00 0.00 0.00 0.00 0.00 0.00 0.00 0.33 0.37 0.41 0.44 0.39 0.33 0.36 0.33 0.33 0.29 0.16 0.12 0.12 0.12 0.11 0.00 0.00 0.00 0.00 0.00 0.00 0.00 0.00 0.00 0.00 0.00 0.00 0.00 0.00 0.00 0.34 0.37 0.41 0.45 0.39 0.34 0.37 0.34 0.34 0.29 0.16 0.12 0.13 0.12 0.11 0.00 0.00 0.00 0.00 0.00 0.00 0.00 0.00 0.00 0.00 0.00 0.00 0.00 0.00 0.00 0.00 0.37 0.41 0.45 0.39 0.34 0.37 0.34 0.34 0.30 0.16 0.12 0.13 0.12 0.00 0.00 0.00 0.00 0.00 0.00 0.00 0.00 0.00 0.00 0.00 0.00 0.00 0.00 0.00 0.00 0.00 0.37 0.41 0.45 0.39 0.34 0.37 0.34 0.34 0.30 0.17 0.13 0.14 0.13 0.00 0.00 0.00 0.00 0.00 0.00 0.00 0.00 0.00 0.00 0.00 0.00 0.00 0.00 0.00 0.00 0.00 0.00 0.41 0.45 0.39 0.34 0.37 0.35 0.34 0.30 0.17 0.13 0.14 0.00 0.00 0.00 0.00 0.00 0.00 0.00 0.00 0.00 0.00 0.00 0.00 0.00 0.00 0.00 0.00 0.00 0.00 0.00 0.42 0.45 0.39 0.35 0.37 0.35 0.35 0.30 0.17 0.13 0.14 0.00 0.00 0.00 0.00 0.00 0.00 0.00 0.00 0.00 0.00 0.00 0.00 0.00 0.00 0.00 0.00 0.00 0.00 0.00 0.00 0.46 0.40 0.35 0.37 0.35 0.35 0.31 0.18 0.14 0.00 0.00 0.00 0.00 0.00 0.00 0.00 0.00 0.00 0.00 0.00 0.00 0.00 0.00 0.00 0.00 0.00 0.00 0.00 0.00 0.00 0.00 0.40 0.35 0.38 0.36 0.35 0.31 0.18 0.00 0.00 0.00 0.00 0.00 0.00 0.00 0.00 0.00 0.00 0.00 0.00 0.00 0.00 0.00 0.00 0.00 0.00 0.00 0.00 0.00 0.00 0.00 0.00 0.36 0.38 0.36 0.35 0.31 0.18 0.00 0.00 0.00 0.00 0.00 0.00 0.00 0.00 0.00 0.00 0.00 0.00 0.00 0.00 0.00 0.00 0.00 0.00 0.00 0.00 0.00 0.00 0.00 0.00 0.00 0.38 0.36 0.36 0.00 0.00 0.00 0.00 0.00 0.00 0.00 0.00 0.00 0.00 0.00 0.00 0.00 0.00 0.00 0.00 0.00 0.00 0.00 0.00 0.00 0.00 0.00 0.00 0.00 0.00 0.00 0.00 0.00 0.00 0.00 0.00 0.00 0.00 0.00 0.00 0.00 0.00 0.00 0.00 0.00 0.00 0.00
height.size=2460
height.data=1768.42 1768.42 1768.42 1768.42 1768.42 1768.42 1768.42 1768.42 1768.42 1768.42 1768.42 1768.42 1768.42 1768.42 1768.42 1768.42 1768.42 1768.42 1768.42 1768.42 1768.42 1768.42 1768.42 1768.42 1768.42 1768.42 1768.42 1768.42 1768.42 1768.42 1781.66 1781.66 1781.66 1781.66 1781.66 1781.66 1781.66 1781.66 1781.66 1781.66 1781.66 1781.66 1781.66 1781.66 1781.66 1781.66 1781.66 1781.66 1781.66 1781.66 1781.66 1781.66 1781.66 1781.66 1781.66 1781.66 1781.66 1781.66 1781.66 1781.66 1794.90 1794.90 1794.90 1794.90 1794.90 1794.90 1794.90 1794.90 1794.90 1794.90 1794.90 1794.90 1794.90 1794.90 1794.90 1794.90 1794.90 1794.90 1794.90 1794.90 1794.90 1794.90 1794.90 1794.90 1794.90 1794.90 1794.90 1794.90 1794.90 1794.90 1808.15 1808.15 1808.15 1808.15 1808.15 1808.15 1808.15 1808.15 1808.15 1808.15 1808.15 1808.15 1808.15 1808.15 1808.15 1808.15 1808.15 1808.15 1808.15 1808.15 1808.15 1808.15 1808.15 1808.15 1808.15 1808.15 1808.15 1808.15 1808.15 1808.15 1821.41 1821.41 1821.41 1821.41 1821.41 1821.41 1821.41 1821.41 1821.41 1821.41 1821.41 1821.41 1821.41 1821.41 1821.41 1821.41 1821.41 1821.41 1821.41 1821.41 1821.41 1821.41 1821.41 1821.41 1821.41 1821.41 1821.41 1821.41 1821.41 1821.41 1834.68 1834.68 1834.68 1834.68 1834.68 1834.68 1834.68 1834.68 1834.68 1834.68 1834.68 1834.68 1834.68 1834.68 1834.68 1834.68 1834.68 1834.68 1834.68 1834.68 1834.68 1834.68 1834.68 1834.68 1834.68 1834.68 1834.68 1834.68 1834.68 1834.68 1847.95 1847.95 1847.95 1847.95 1847.95 1847.95 1847.95 1847.95 1847.95 1847.95 1847.95 1847.95 1847.95 1847.95 1847.95 1847.95 1847.95 1847.95 1847.95 1847.95 1847.95 1847.95 1847.95 1847.95 1847.95 1847.95 1847.95 1847.95 1847.95 1847.95 1861.23 1861.23 1861.23 1861.23 1861.23 1861.23 1861.23 1861.23 1861.23 1861.23 1861.23 1861.23 1861.23 1861.23 1861.23 1861.23 1861.23 1861.23 1861.23 1861.23 1861.23 1861.23 1861.23 1861.23 1861.23 1861.23 1861.23 1861.23 1861.23 1861.23 1874.52 1874.52 1874.52 1874.52 1874.52 1874.52 1874.52 1874.52 1874.52 1874.52 1874.52 1874.52 1874.52 1874.52 1874.52 1874.52 1874.52 1874.52 1874.52 1874.52 1874.52 1874.52 1874.52 1874.52 1874.52 1874.52 1874.52 1874.52 1874.52 1874.52 1887.81 1887.81 1887.81 1887.81 1887.81 1887.81 1887.81 1887.81 1887.81 1887.81 1887.81 1887.81 1887.81 1887.81 1887.81 1887.81 1887.81 1887.81 1887.81 1887.81 1887.81 1887.81 1887.81 1887.81 1887.81 1887.81 1887.81 1887.81 1887.81 1887.81 1901.11 1901.11 1901.11 1901.11 1901.11 1901.11 1901.11 1901.11 1901.11 1901.11 1901.11 1901.11 1901.11 1901.11 1901.11 1901.11 1901.11 1901.11 1901.11 1901.11 1901.11 1901.11 1901.11 1901.11 1901.11 1901.11 1901.11 1901.11 1901.11 1901.11 1914.42 1914.42 1914.42 1914.42 1914.42 1914.42 1914.42 1914.42 1914.42 1914.42 1914.42 1914.42 1914.42 1914.42 1914.42 1914.42 1914.42 1914.42 1914.42 1914.42 1914.42 1914.42 1914.42 1914.42 1914.42 1914.42 1914.42 1914.42 1914.42 1914.42 1927.74 1927.74 1927.74 1927.74 1927.74 1927.74 1927.74 1927.74 1927.74 1927.74 1927.74 1927.74 1927.74 1927.74 1927.74 1927.74 1927.74 1927.74 1927.74 1927.74 1927.74 1927.74 1927.74 1927.74 1927.74 1927.74 1927.74 1927.74 1927.74 1927.74 1941.06 1941.06 1941.06 1941.06 1941.06 1941.06 1941.06 1941.06 1941.06 1941.06 1941.06 1941.06 1941.06 1941.06 1941.06 1941.06 1941.06 1941.06 1941.06 1941.06 1941.06 1941.06 1941.06 1941.06 1941.06 1941.06 1941.06 1941.06 1941.06 1941.06 1954.40 1954.40 1954.40 1954.40 1954.40 1954.40 1954.40 1954.40 1954.40 1954.40 1954.40 1954.40 1954.40 1954.40 1954.40 1954.40 1954.40 1954.40 1954.40 1954.40 1954.40 1954.40 1954.40 1954.40 1954.40 1954.40 1954.40 1954.40 1954.40 1954.40 1967.73 1967.73 1967.73 1967.73 1967.73 1967.73 1967.73 1967.73 1967.73 1967.73 1967.73 1967.73 1967.73 1967.73 1967.73 1967.73 1967.73 1967.73 1967.73 1967.73 1967.73 1967.73 1967.73 1967.73 1967.73 1967.73 1967.73 1967.73 1967.73 1967.73 1981.08 1981.08 1981.08 1981.08 1981.08 1981.08 1981.08 1981.08 1981.08 1981.08 1981.08 1981.08 1981.08 1981.08 1981.08 1981.08 1981.08 1981.08 1981.08 1981.08 1981.08 1981.08 1981.08 1981.08 1981.08 1981.08 1981.08 1981.08 1981.08 1981.08 1994.43 1994.43 1994.43 1994.43 1994.43 1994.43 1994.43 1994.43 1994.43 1994.43 1994.43 1994.43 1994.43 1994.43 1994.43 1994.43 1994.43 1994.43 1994.43 1994.43 1994.43 1994.43 1994.43 1994.43 1994.43 1994.43 1994.43 1994.43 1994.43 1994.43 2007.79 2007.79 2007.79 2007.79 2007.79 2007.79 2007.79 2007.79 2007.79 2007.79 2007.79 2007.79 2007.79 2007.79 2007.79 2007.79 2007.79 2007.79 2007.79 2007.79 2007.79 2007.79 2007.79 2007.79 2007.79 2007.79 2007.79 2007.79 2007.79 2007.79 2021.16 2021.16 2021.16 2021.16 2021.16 2021.16 2021.16 2021.16 2021.16 2021.16 2021.16 2021.16 2021.16 2021.16 2021.16 2021.16 2021.16 2021.16 2021.16 2021.16 2021.16 2021.16 2021.16 2021.16 2021.16 2021.16 2021.16 2021.16 2021.16 2021.16 2034.54 2034.54 2034.54 2034.54 2034.54 2034.54 2034.54 2034.54 2034.54 2034.54 2034.54 2034.54 2034.54 2034.54 2034.54 2034.54 2034.54 2034.54 2034.54 2034.54 2034.54 2034.54 2034.54 2034.54 2034.54 2034.54 2034.54 2034.54 2034.54 2034.54 2047.92 2047.92 2047.92 2047.92 2047.92 2047.92 2047.92 2047.92 2047.92 2047.92 2047.92 2047.92 2047.92 2047.92 2047.92 2047.92 2047.92 2047.92 2047.92 2047.92 2047.92 2047.92 2047.92 2047.92 2047.92 2047.92 2047.92 2047.92 2047.92 2047.92 2061.31 2061.31 2061.31 2061.31 2061.31 2061.31 2061.31 2061.31 2061.31 2061.31 2061.31 2061.31 2061.31 2061.31 2061.31 2061.31 2061.31 2061.31 2061.31 2061.31 2061.31 2061.31 2061.31 2061.31 2061.31 2061.31 2061.31 2061.31 2061.31 2061.31 2074.71 2074.71 2074.71 2074.71 2074.71 2074.71 2074.71 2074.71 2074.71 2074.71 2074.71 2074.71 2074.71 2074.71 2074.71 2074.71 2074.71 2074.71 2074.71 2074.71 2074.71 2074.71 2074.71 2074.71 2074.71 2074.71 2074.71 2074.71 2074.71 2074.71 2088.11 2088.11 2088.11 2088.11 2088.11 2088.11 2088.11 2088.11 2088.11 2088.11 2088.11 2088.11 2088.11 2088.11 2088.11 2088.11 2088.11 2088.11 2088.11 2088.11 2088.11 2088.11 2088.11 2088.11 2088.11 2088.11 2088.11 2088.11 2088.11 2088.11 2101.52 2101.52 2101.52 2101.52 2101.52 2101.52 2101.52 2101.52 2101.52 2101.52 2101.52 2101.52 2101.52 2101.52 2101.52 2101.52 2101.52 2101.52 2101.52 2101.52 2101.52 2101.52 2101.52 2101.52 2101.52 2101.52 2101.52 2101.52 2101.52 2101.52 2114.94 2114.94 2114.94 2114.94 2114.94 2114.94 2114.94 2114.94 2114.94 2114.94 2114.94 2114.94 2114.94 2114.94 2114.94 2114.94 2114.94 2114.94 2114.94 2114.94 2114.94 2114.94 2114.94 2114.94 2114.94 2114.94 2114.94 2114.94 2114.94 2114.94 2128.37 2128.37 2128.37 2128.37 2128.37 2128.37 2128.37 2128.37 2128.37 2128.37 2128.37 2128.37 2128.37 2128.37 2128.37 2128.37 2128.37 2128.37 2128.37 2128.37 2128.37 2128.37 2128.37 2128.37 2128.37 2128.37 2128.37 2128.37 2128.37 2128.37 2141.80 2141.80 2141.80 2141.80 2141.80 2141.80 2141.80 2141.80 2141.80 2141.80 2141.80 2141.80 2141.80 2141.80 2141.80 2141.80 2141.80 2141.80 2141.80 2141.80 2141.80 2141.80 2141.80 2141.80 2141.80 2141.80 2141.80 2141.80 2141.80 2141.80 2155.25 2155.25 2155.25 2155.25 2155.25 2155.25 2155.25 2155.25 2155.25 2155.25 2155.25 2155.25 2155.25 2155.25 2155.25 2155.25 2155.25 2155.25 2155.25 2155.25 2155.25 2155.25 2155.25 2155.25 2155.25 2155.25 2155.25 2155.25 2155.25 2155.25 2168.70 2168.70 2168.70 2168.70 2168.70 2168.70 2168.70 2168.70 2168.70 2168.70 2168.70 2168.70 2168.70 2168.70 2168.70 2168.70 2168.70 2168.70 2168.70 2168.70 2168.70 2168.70 2168.70 2168.70 2168.70 2168.70 2168.70 2168.70 2168.70 2168.70 2182.15 2182.15 2182.15 2182.15 2182.15 2182.15 2182.15 2182.15 2182.15 2182.15 2182.15 2182.15 2182.15 2182.15 2182.15 2182.15 2182.15 2182.15 2182.15 2182.15 2182.15 2182.15 2182.15 2182.15 2182.15 2182.15 2182.15 2182.15 2182.15 2182.15 2195.61 2195.61 2195.61 2195.61 2195.61 2195.61 2195.61 2195.61 2195.61 2195.61 2195.61 2195.61 2195.61 2195.61 2195.61 2195.61 2195.61 2195.61 2195.61 2195.61 2195.61 2195.61 2195.61 2195.61 2195.61 2195.61 2195.61 2195.61 2195.61 2195.61 2209.09 2209.09 2209.09 2209.09 2209.09 2209.09 2209.09 2209.09 2209.09 2209.09 2209.09 2209.09 2209.09 2209.09 2209.09 2209.09 2209.09 2209.09 2209.09 2209.09 2209.09 2209.09 2209.09 2209.09 2209.09 2209.09 2209.09 2209.09 2209.09 2209.09 2222.56 2222.56 2222.56 2222.56 2222.56 2222.56 2222.56 2222.56 2222.56 2222.56 2222.56 2222.56 2222.56 2222.56 2222.56 2222.56 2222.56 2222.56 2222.56 2222.56 2222.56 2222.56 2222.56 2222.56 2222.56 2222.56 2222.56 2222.56 2222.56 2222.56 2236.05 2236.05 2236.05 2236.05 2236.05 2236.05 2236.05 2236.05 2236.05 2236.05 2236.05 2236.05 2236.05 2236.05 2236.05 2236.05 2236.05 2236.05 2236.05 2236.05 2236.05 2236.05 2236.05 2236.05 2236.05 2236.05 2236.05 2236.05 2236.05 2236.05 2249.54 2249.54 2249.54 2249.54 2249.54 2249.54 2249.54 2249.54 2249.54 2249.54 2249.54 2249.54 2249.54 2249.54 2249.54 2249.54 2249.54 2249.54 2249.54 2249.54 2249.54 2249.54 2249.54 2249.54 2249.54 2249.54 2249.54 2249.54 2249.54 2249.54 2263.04 2263.04 2263.04 2263.04 2263.04 2263.04 2263.04 2263.04 2263.04 2263.04 2263.04 2263.04 2263.04 2263.04 2263.04 2263.04 2263.04 2263.04 2263.04 2263.04 2263.04 2263.04 2263.04 2263.04 2263.04 2263.04 2263.04 2263.04 2263.04 2263.04 2276.55 2276.55 2276.55 2276.55 2276.55 2276.55 2276.55 2276.55 2276.55 2276.55 2276.55 2276.55 2276.55 2276.55 2276.55 2276.55 2276.55 2276.55 2276.55 2276.55 2276.55 2276.55 2276.55 2276.55 2276.55 2276.55 2276.55 2276.55 2276.55 2276.55 2290.06 2290.06 2290.06 2290.06 2290.06 2290.06 2290.06 2290.06 2290.06 2290.06 2290.06 2290.06 2290.06 2290.06 2290.06 2290.06 2290.06 2290.06 2290.06 2290.06 2290.06 2290.06 2290.06 2290.06 2290.06 2290.06 2290.06 2290.06 2290.06 2290.06 2303.59 2303.59 2303.59 2303.59 2303.59 2303.59 2303.59 2303.59 2303.59 2303.59 2303.59 2303.59 2303.59 2303.59 2303.59 2303.59 2303.59 2303.59 2303.59 2303.59 2303.59 2303.59 2303.59 2303.59 2303.59 2303.59 2303.59 2303.59 2303.59 2303.59 2317.12 2317.12 2317.12 2317.12 2317.12 2317.12 2317.12 2317.12 2317.12 2317.12 2317.12 2317.12 2317.12 2317.12 2317.12 2317.12 2317.12 2317.12 2317.12 2317.12 2317.12 2317.12 2317.12 2317.12 2317.12 2317.12 2317.12 2317.12 2317.12 2317.12 2330.65 2330.65 2330.65 2330.65 2330.65 2330.65 2330.65 2330.65 2330.65 2330.65 2330.65 2330.65 2330.65 2330.65 2330.65 2330.65 2330.65 2330.65 2330.65 2330.65 2330.65 2330.65 2330.65 2330.65 2330.65 2330.65 2330.65 2330.65 2330.65 2330.65 2344.20 2344.20 2344.20 2344.20 2344.20 2344.20 2344.20 2344.20 2344.20 2344.20 2344.20 2344.20 2344.20 2344.20 2344.20 2344.20 2344.20 2344.20 2344.20 2344.20 2344.20 2344.20 2344.20 2344.20 2344.20 2344.20 2344.20 2344.20 2344.20 2344.20 2357.75 2357.75 2357.75 2357.75 2357.75 2357.75 2357.75 2357.75 2357.75 2357.75 2357.75 2357.75 2357.75 2357.75 2357.75 2357.75 2357.75 2357.75 2357.75 2357.75 2357.75 2357.75 2357.75 2357.75 2357.75 2357.75 2357.75 2357.75 2357.75 2357.75 2371.31 2371.31 2371.31 2371.31 2371.31 2371.31 2371.31 2371.31 2371.31 2371.31 2371.31 2371.31 2371.31 2371.31 2371.31 2371.31 2371.31 2371.31 2371.31 2371.31 2371.31 2371.31 2371.31 2371.31 2371.31 2371.31 2371.31 2371.31 2371.31 2371.31 2384.87 2384.87 2384.87 2384.87 2384.87 2384.87 2384.87 2384.87 2384.87 2384.87 2384.87 2384.87 2384.87 2384.87 2384.87 2384.87 2384.87 2384.87 2384.87 2384.87 2384.87 2384.87 2384.87 2384.87 2384.87 2384.87 2384.87 2384.87 2384.87 2384.87 2398.45 2398.45 2398.45 2398.45 2398.45 2398.45 2398.45 2398.45 2398.45 2398.45 2398.45 2398.45 2398.45 2398.45 2398.45 2398.45 2398.45 2398.45 2398.45 2398.45 2398.45 2398.45 2398.45 2398.45 2398.45 2398.45 2398.45 2398.45 2398.45 2398.45 2412.03 2412.03 2412.03 2412.03 2412.03 2412.03 2412.03 2412.03 2412.03 2412.03 2412.03 2412.03 2412.03 2412.03 2412.03 2412.03 2412.03 2412.03 2412.03 2412.03 2412.03 2412.03 2412.03 2412.03 2412.03 2412.03 2412.03 2412.03 2412.03 2412.03 2425.62 2425.62 2425.62 2425.62 2425.62 2425.62 2425.62 2425.62 2425.62 2425.62 2425.62 2425.62 2425.62 2425.62 2425.62 2425.62 2425.62 2425.62 2425.62 2425.62 2425.62 2425.62 2425.62 2425.62 2425.62 2425.62 2425.62 2425.62 2425.62 2425.62 2439.21 2439.21 2439.21 2439.21 2439.21 2439.21 2439.21 2439.21 2439.21 2439.21 2439.21 2439.21 2439.21 2439.21 2439.21 2439.21 2439.21 2439.21 2439.21 2439.21 2439.21 2439.21 2439.21 2439.21 2439.21 2439.21 2439.21 2439.21 2439.21 2439.21 2452.81 2452.81 2452.81 2452.81 2452.81 2452.81 2452.81 2452.81 2452.81 2452.81 2452.81 2452.81 2452.81 2452.81 2452.81 2452.81 2452.81 2452.81 2452.81 2452.81 2452.81 2452.81 2452.81 2452.81 2452.81 2452.81 2452.81 2452.81 2452.81 2452.81 2466.42 2466.42 2466.42 2466.42 2466.42 2466.42 2466.42 2466.42 2466.42 2466.42 2466.42 2466.42 2466.42 2466.42 2466.42 2466.42 2466.42 2466.42 2466.42 2466.42 2466.42 2466.42 2466.42 2466.42 2466.42 2466.42 2466.42 2466.42 2466.42 2466.42 2480.04 2480.04 2480.04 2480.04 2480.04 2480.04 2480.04 2480.04 2480.04 2480.04 2480.04 2480.04 2480.04 2480.04 2480.04 2480.04 2480.04 2480.04 2480.04 2480.04 2480.04 2480.04 2480.04 2480.04 2480.04 2480.04 2480.04 2480.04 2480.04 2480.04 2493.67 2493.67 2493.67 2493.67 2493.67 2493.67 2493.67 2493.67 2493.67 2493.67 2493.67 2493.67 2493.67 2493.67 2493.67 2493.67 2493.67 2493.67 2493.67 2493.67 2493.67 2493.67 2493.67 2493.67 2493.67 2493.67 2493.67 2493.67 2493.67 2493.67 2507.30 2507.30 2507.30 2507.30 2507.30 2507.30 2507.30 2507.30 2507.30 2507.30 2507.30 2507.30 2507.30 2507.30 2507.30 2507.30 2507.30 2507.30 2507.30 2507.30 2507.30 2507.30 2507.30 2507.30 2507.30 2507.30 2507.30 2507.30 2507.30 2507.30 2520.94 2520.94 2520.94 2520.94 2520.94 2520.94 2520.94 2520.94 2520.94 2520.94 2520.94 2520.94 2520.94 2520.94 2520.94 2520.94 2520.94 2520.94 2520.94 2520.94 2520.94 2520.94 2520.94 2520.94 2520.94 2520.94 2520.94 2520.94 2520.94 2520.94 2534.58 2534.58 2534.58 2534.58 2534.58 2534.58 2534.58 2534.58 2534.58 2534.58 2534.58 2534.58 2534.58 2534.58 2534.58 2534.58 2534.58 2534.58 2534.58 2534.58 2534.58 2534.58 2534.58 2534.58 2534.58 2534.58 2534.58 2534.58 2534.58 2534.58 2548.24 2548.24 2548.24 2548.24 2548.24 2548.24 2548.24 2548.24 2548.24 2548.24 2548.24 2548.24 2548.24 2548.24 2548.24 2548.24 2548.24 2548.24 2548.24 2548.24 2548.24 2548.24 2548.24 2548.24 2548.24 2548.24 2548.24 2548.24 2548.24 2548.24 2561.90 2561.90 2561.90 2561.90 2561.90 2561.90 2561.90 2561.90 2561.90 2561.90 2561.90 2561.90 2561.90 2561.90 2561.90 2561.90 2561.90 2561.90 2561.90 2561.90 2561.90 2561.90 2561.90 2561.90 2561.90 2561.90 2561.90 2561.90 2561.90 2561.90 2575.57 2575.57 2575.57 2575.57 2575.57 2575.57 2575.57 2575.57 2575.57 2575.57 2575.57 2575.57 2575.57 2575.57 2575.57 2575.57 2575.57 2575.57 2575.57 2575.57 2575.57 2575.57 2575.57 2575.57 2575.57 2575.57 2575.57 2575.57 2575.57 2575.57 2589.24 2589.24 2589.24 2589.24 2589.24 2589.24 2589.24 2589.24 2589.24 2589.24 2589.24 2589.24 2589.24 2589.24 2589.24 2589.24 2589.24 2589.24 2589.24 2589.24 2589.24 2589.24 2589.24 2589.24 2589.24 2589.24 2589.24 2589.24 2589.24 2589.24 2602.93 2602.93 2602.93 2602.93 2602.93 2602.93 2602.93 2602.93 2602.93 2602.93 2602.93 2602.93 2602.93 2602.93 2602.93 2602.93 2602.93 2602.93 2602.93 2602.93 2602.93 2602.93 2602.93 2602.93 2602.93 2602.93 2602.93 2602.93 2602.93 2602.93 2616.62 2616.62 2616.62 2616.62 2616.62 2616.62 2616.62 2616.62 2616.62 2616.62 2616.62 2616.62 2616.62 2616.62 2616.62 2616.62 2616.62 2616.62 2616.62 2616.62 2616.62 2616.62 2616.62 2616.62 2616.62 2616.62 2616.62 2616.62 2616.62 2616.62 2630.32 2630.32 2630.32 2630.32 2630.32 2630.32 2630.32 2630.32 2630.32 2630.32 2630.32 2630.32 2630.32 2630.32 2630.32 2630.32 2630.32 2630.32 2630.32 2630.32 2630.32 2630.32 2630.32 2630.32 2630.32 2630.32 2630.32 2630.32 2630.32 2630.32 2644.02 2644.02 2644.02 2644.02 2644.02 2644.02 2644.02 2644.02 2644.02 2644.02 2644.02 2644.02 2644.02 2644.02 2644.02 2644.02 2644.02 2644.02 2644.02 2644.02 2644.02 2644.02 2644.02 2644.02 2644.02 2644.02 2644.02 2644.02 2644.02 2644.02 2657.74 2657.74 2657.74 2657.74 2657.74 2657.74 2657.74 2657.74 2657.74 2657.74 2657.74 2657.74 2657.74 2657.74 2657.74 2657.74 2657.74 2657.74 2657.74 2657.74 2657.74 2657.74 2657.74 2657.74 2657.74 2657.74 2657.74 2657.74 2657.74 2657.74 2671.46 2671.46 2671.46 2671.46 2671.46 2671.46 2671.46 2671.46 2671.46 2671.46 2671.46 2671.46 2671.46 2671.46 2671.46 2671.46 2671.46 2671.46 2671.46 2671.46 2671.46 2671.46 2671.46 2671.46 2671.46 2671.46 2671.46 2671.46 2671.46 2671.46 2685.18 2685.18 2685.18 2685.18 2685.18 2685.18 2685.18 2685.18 2685.18 2685.18 2685.18 2685.18 2685.18 2685.18 2685.18 2685.18 2685.18 2685.18 2685.18 2685.18 2685.18 2685.18 2685.18 2685.18 2685.18 2685.18 2685.18 2685.18 2685.18 2685.18 2698.92 2698.92 2698.92 2698.92 2698.92 2698.92 2698.92 2698.92 2698.92 2698.92 2698.92 2698.92 2698.92 2698.92 2698.92 2698.92 2698.92 2698.92 2698.92 2698.92 2698.92 2698.92 2698.92 2698.92 2698.92 2698.92 2698.92 2698.92 2698.92 2698.92 2712.66 2712.66 2712.66 2712.66 2712.66 2712.66 2712.66 2712.66 2712.66 2712.66 2712.66 2712.66 2712.66 2712.66 2712.66 2712.66 2712.66 2712.66 2712.66 2712.66 2712.66 2712.66 2712.66 2712.66 2712.66 2712.66 2712.66 2712.66 2712.66 2712.66 2726.41 2726.41 2726.41 2726.41 2726.41 2726.41 2726.41 2726.41 2726.41 2726.41 2726.41 2726.41 2726.41 2726.41 2726.41 2726.41 2726.41 2726.41 2726.41 2726.41 2726.41 2726.41 2726.41 2726.41 2726.41 2726.41 2726.41 2726.41 2726.41 2726.41 2740.17 2740.17 2740.17 2740.17 2740.17 2740.17 2740.17 2740.17 2740.17 2740.17 2740.17 2740.17 2740.17 2740.17 2740.17 2740.17 2740.17 2740.17 2740.17 2740.17 2740.17 2740.17 2740.17 2740.17 2740.17 2740.17 2740.17 2740.17 2740.17 2740.17 2753.93 2753.93 2753.93 2753.93 2753.93 2753.93 2753.93 2753.93 2753.93 2753.93 2753.93 2753.93 2753.93 2753.93 2753.93 2753.93 2753.93 2753.93 2753.93 2753.93 2753.93 2753.93 2753.93 2753.93 2753.93 2753.93 2753.93 2753.93 2753.93 2753.93 2767.70 2767.70 2767.70 2767.70 2767.70 2767.70 2767.70 2767.70 2767.70 2767.70 2767.70 2767.70 2767.70 2767.70 2767.70 2767.70 2767.70 2767.70 2767.70 2767.70 2767.70 2767.70 2767.70 2767.70 2767.70 2767.70 2767.70 2767.70 2767.70 2767.70 2781.48 2781.48 2781.48 2781.48 2781.48 2781.48 2781.48 2781.48 2781.48 2781.48 2781.48 2781.48 2781.48 2781.48 2781.48 2781.48 2781.48 2781.48 2781.48 2781.48 2781.48 2781.48 2781.48 2781.48 2781.48 2781.48 2781.48 2781.48 2781.48 2781.48 2795.27 2795.27 2795.27 2795.27 2795.27 2795.27 2795.27 2795.27 2795.27 2795.27 2795.27 2795.27 2795.27 2795.27 2795.27 2795.27 2795.27 2795.27 2795.27 2795.27 2795.27 2795.27 2795.27 2795.27 2795.27 2795.27 2795.27 2795.27 2795.27 2795.27 2809.06 2809.06 2809.06 2809.06 2809.06 2809.06 2809.06 2809.06 2809.06 2809.06 2809.06 2809.06 2809.06 2809.06 2809.06 2809.06 2809.06 2809.06 2809.06 2809.06 2809.06 2809.06 2809.06 2809.06 2809.06 2809.06 2809.06 2809.06 2809.06 2809.06 2822.86 2822.86 2822.86 2822.86 2822.86 2822.86 2822.86 2822.86 2822.86 2822.86 2822.86 2822.86 2822.86 2822.86 2822.86 2822.86 2822.86 2822.86 2822.86 2822.86 2822.86 2822.86 2822.86 2822.86 2822.86 2822.86 2822.86 2822.86 2822.86 2822.86 2836.67 2836.67 2836.67 2836.67 2836.67 2836.67 2836.67 2836.67 2836.67 2836.67 2836.67 2836.67 2836.67 2836.67 2836.67 2836.67 2836.67 2836.67 2836.67 2836.67 2836.67 2836.67 2836.67 2836.67 2836.67 2836.67 2836.67 2836.67 2836.67 2836.67 2850.48 2850.48 2850.48 2850.48 2850.48 2850.48 2850.48 2850.48 2850.48 2850.48 2850.48 2850.48 2850.48 2850.48 2850.48 2850.48 2850.48 2850.48 2850.48 2850.48 2850.48 2850.48 2850.48 2850.48 2850.48 2850.48 2850.48 2850.48 2850.48 2850.48 2864.31 2864.31 2864.31 2864.31 2864.31 2864.31 2864.31 2864.31 2864.31 2864.31 2864.31 2864.31 2864.31 2864.31 2864.31 2864.31 2864.31 2864.31 2864.31 2864.31 2864.31 2864.31 2864.31 2864.31 2864.31 2864.31 2864.31 2864.31 2864.31 2864.31
=== END RADAR_SCAN ===

=== BEGIN RADAR_SCAN ===
scan.index=13
scan.time=179.000000
radar.id=0
radar.frequency=C
radar.scanning_mode=PPI
radar.x=0.000
radar.y=0.000
radar.z=25.000
radar.maximum_range=250000.000
radar.range_resolution=250.000
radar.angular_resolution=1.000000
box.radar_id=0
box.min_range_gate=138.000
box.max_range_gate=219.000
box.min_angle=131.000000
box.max_angle=161.000000
box.num_ranges=82
box.num_angles=30
box.range_resolution=250.000
box.angular_resolution=1.000000
box.other_angle=1.200000
grid.size=2460
grid.data=0.00 0.00 0.00 0.00 0.00 0.00 0.00 0.00 0.00 0.00 0.00 0.00 0.00 0.00 0.00 0.00 0.00 0.00 0.00 0.00 0.00 0.00 0.00 0.00 0.00 0.00 0.00 0.00 0.00 0.00 0.00 0.00 0.00 0.00 0.00 0.00 0.00 0.00 0.00 0.00 0.00 0.00 0.00 0.00 27.34 28.67 29.70 0.00 0.00 0.00 0.00 0.00 0.00 0.00 0.00 0.00 0.00 0.00 0.00 0.00 0.00 0.00 0.00 0.00 0.00 0.00 0.00 0.00 0.00 0.00 0.00 0.00 24.67 27.43 28.06 24.18 29.75 30.40 27.87 0.00 0.00 0.00 0.00 0.00 0.00 0.00 0.00 0.00 0.00 0.00 0.00 0.00 0.00 0.00 0.00 0.00 0.00 0.00 0.00 0.00 0.00 26.08 27.73 27.97 29.31 25.86 27.76 27.73 28.18 22.89 0.00 0.00 0.00 0.00 0.00 0.00 0.00 0.00 0.00 0.00 0.00 0.00 0.00 0.00 0.00 0.00 0.00 0.00 0.00 0.00 27.21 29.86 28.72 28.62 30.29 23.46 31.23 31.28 28.46 25.39 30.20 0.00 0.00 0.00 0.00 0.00 0.00 0.00 0.00 0.00 0.00 0.00 0.00 0.00 0.00 0.00 0.00 0.00 0.00 26.55 32.55 30.09 34.40 26.56 30.06 29.28 24.09 28.46 27.99 31.26 29.09 30.05 0.00 0.00 0.00 0.00 0.00 0.00 0.00 0.00 0.00 0.00 0.00 0.00 0.00 0.00 0.00 0.00 28.14 33.66 30.21 33.52 33.48 32.36 29.92 25.73 30.16 27.76 30.69 26.85 29.77 28.69 28.87 0.00 0.00 0.00 0.00 0.00 0.00 0.00 0.00 0.00 0.00 0.00 0.00 0.00 0.00 0.00 34.04 27.47 33.51 32.63 33.77 36.74 29.65 25.57 28.64 30.72 28.94 24.81 29.08 32.37 28.20 0.00 0.00 0.00 0.00 0.00 0.00 0.00 0.00 0.00 0.00 0.00 0.00 0.00 0.00 36.80 33.11 35.43 35.09 33.82 34.57 32.48 31.86 37.78 29.16 24.86 27.42 29.47 22.36 27.31 28.36 31.28 0.00 0.00 0.00 0.00 0.00 0.00 0.00 0.00 0.00 0.00 0.00 0.00 0.00 36.16 34.27 37.27 32.21 33.88 31.65 36.34 32.15 35.56 30.89 30.52 31.06 29.14 30.80 26.06 27.62 27.58 0.00 0.00 0.00 0.00 0.00 0.00 0.00 0.00 0.00 0.00 0.00 0.00 35.08 35.96 31.14 35.93 35.56 31.48 31.90 32.91 34.70 32.56 37.44 25.83 29.72 31.04 30.55 28.28 24.57 28.18 0.00 0.00 0.00 0.00 0.00 0.00 0.00 0.00 0.00 0.00 0.00 0.00 34.27 32.50 34.51 30.58 37.34 38.03 36.36 28.29 35.31 33.08 36.40 28.85 32.35 24.98 29.93 27.97 30.01 28.77 28.50 0.00 0.00 0.00 0.00 0.00 0.00 0.00 0.00 0.00 0.00 0.00 34.06 32.23 33.70 30.76 32.46 31.34 31.17 33.32 32.50 30.32 30.99 24.62 26.84 31.07 29.72 21.62 26.24 25.07 28.83 0.00 0.00 0.00 0.00 0.00 0.00 0.00 0.00 0.00 0.00 26.51 30.32 33.23 32.07 36.62 35.86 34.97 33.58 34.99 30.82 35.68 37.72 22.65 30.61 27.29 28.10 30.57 26.54 25.68 27.99 30.45 0.00 0.00 0.00 0.00 0.00 0.00 0.00 0.00 0.00 35.17 30.31 33.03 35.59 35.76 34.22 30.89 33.94 33.12 35.12 36.19 35.68 34.43 29.48 32.00 28.53 27.81 26.87 27.83 30.60 29.44 0.00 0.00 0.00 0.00 0.00 0.00 0.00 0.00 0.00 32.57 34.45 35.17 32.71 32.00 33.13 35.34 33.15 32.75 37.84 35.32 31.38 35.92 28.96 29.70 27.99 25.85 26.88 28.65 26.63 26.20 0.00 0.00 0.00 0.00 0.00 0.00 0.00 0.00 0.00 32.75 35.91 32.81 32.20 39.07 31.98 34.97 33.18 31.18 33.24 35.06 36.05 30.56 27.83 29.10 31.93 29.53 30.39 28.35 29.88 27.90 0.00 0.00 0.00 0.00 0.00 0.00 0.00 0.00 27.09 33.88 30.15 34.43 36.87 32.40 30.80 31.71 32.45 35.41 29.95 32.95 33.98 32.84 30.87 22.84 29.75 27.71 24.61 28.91 28.08 27.24 23.55 0.00 0.00 0.00 0.00 0.00 0.00 0.00 30.78 35.14 31.75 41.71 39.73 35.38 31.96 31.65 37.85 30.70 36.67 38.32 38.44 32.08 28.13 29.12 26.27 28.75 28.66 33.24 27.80 27.22 29.93 0.00 0.00 0.00 0.00 0.00 0.00 0.00 28.22 31.97 33.10 31.79 38.78 31.32 31.35 29.98 35.02 33.98 39.16 34.70 32.76 37.86 26.45 30.88 31.45 29.00 31.68 33.25 27.05 26.49 25.32 0.00 0.00 0.00 0.00 0.00 0.00 0.00 24.44 32.98 31.30 36.91 35.02 33.95 31.85 40.67 32.72 32.54 29.93 31.65 33.20 38.61 25.60 30.17 25.42 27.31 28.86 29.99 24.90 28.47 32.55 0.00 0.00 0.00 0.00 0.00 0.00 0.00 25.87 34.67 37.25 31.24 32.65 35.68 32.94 33.07 35.34 34.54 33.46 34.90 32.48 37.26 34.73 29.11 27.26 29.73 29.42 25.70 26.88 28.37 30.11 0.00 0.00 0.00 0.00 0.00 0.00 29.88 29.20 31.69 29.56 35.00 35.75 35.93 33.82 35.53 36.34 31.63 36.36 36.52 31.49 32.10 38.30 29.03 27.30 29.87 28.12 27.62 30.60 31.00 27.92 0.00 0.00 0.00 0.00 0.00 0.00 30.71 35.16 36.64 31.43 37.77 31.37 35.12 33.50 32.89 35.16 34.62 35.73 31.43 31.78 38.34 35.71 29.32 28.44 29.82 29.17 27.96 25.70 29.13 27.67 28.99 0.00 0.00 0.00 0.00 0.00 29.48 35.12 32.11 32.19 30.98 35.14 35.11 36.22 34.05 33.00 33.94 33.55 34.67 36.78 34.72 31.16 28.42 28.66 28.06 24.41 31.96 28.08 27.34 31.15 26.61 0.00 0.00 0.00 0.00 0.00 27.48 32.86 35.32 33.33 35.49 31.65 37.78 33.78 32.83 35.31 31.23 34.92 32.68 33.71 32.62 35.16 26.28 31.09 29.00 25.83 27.84 23.04 29.11 28.93 30.20 0.00 0.00 0.00 0.00 0.00 32.78 30.06 34.22 39.64 32.49 33.05 34.91 36.11 33.59 33.75 35.44 35.20 35.59 31.64 32.64 36.89 31.28 27.97 27.45 30.99 28.24 27.81 26.37 26.22 26.11 0.00 0.00 0.00 0.00 0.00 28.91 27.87 31.57 34.04 34.10 32.91 32.19 36.92 38.86 34.06 32.87 37.06 32.17 36.34 33.72 24.47 28.84 28.82 26.90 27.60 29.08 30.76 25.80 28.74 25.07 0.00 0.00 0.00 0.00 0.00 29.07 28.55 36.54 27.25 36.16 32.29 37.94 37.16 32.49 37.66 36.76 39.19 38.38 35.62 32.89 26.34 30.68 26.23 28.42 25.55 25.90 25.87 31.76 25.98 28.72 0.00 0.00 0.00 0.00 0.00 28.76 27.47 36.51 32.99 33.63 33.42 34.60 29.46 33.40 36.11 35.84 32.62 32.35 35.71 33.81 23.77 27.29 28.41 33.23 29.17 27.01 25.14 26.76 27.73 25.74 0.00 0.00 0.00 0.00 0.00 30.29 28.72 31.93 35.69 35.35 33.17 32.55 39.67 32.52 36.13 33.70 34.92 35.68 34.88 33.39 29.19 30.10 28.98 28.58 23.44 25.19 27.95 27.96 28.76 31.63 0.00 0.00 0.00 0.00 0.00 32.32 29.91 33.54 33.74 33.18 35.98 35.20 31.51 30.68 29.04 37.22 31.14 35.36 31.24 35.32 26.93 30.26 27.39 27.41 28.02 31.64 28.90 29.85 25.57 29.23 0.00 0.00 0.00 0.00 0.00 27.38 30.77 36.05 34.62 37.86 34.56 36.94 34.10 33.80 39.28 35.22 29.45 33.38 32.72 33.25 30.39 28.93 27.35 32.16 29.15 30.95 32.98 31.28 27.84 27.88 0.00 0.00 0.00 0.00 0.00 29.70 26.88 34.67 33.61 33.46 36.11 33.94 34.80 33.61 35.19 36.17 35.07 38.67 37.20 37.38 30.35 28.72 27.00 30.23 26.65 26.84 29.22 33.98 27.18 29.15 0.00 0.00 0.00 0.00 0.00 27.95 23.97 34.90 36.14 33.59 33.78 31.04 32.96 33.61 33.89 34.64 37.29 35.62 34.00 35.75 27.17 27.67 28.84 27.40 28.45 32.02 31.17 23.23 29.04 29.63 0.00 0.00 0.00 0.00 0.00 29.22 30.90 26.05 35.84 30.04 33.81 35.64 35.73 34.50 36.11 37.85 33.90 35.78 34.09 29.71 27.28 29.03 23.06 32.82 25.20 27.07 28.91 29.69 25.49 30.27 0.00 0.00 0.00 0.00 0.00 28.54 30.68 25.17 36.06 37.63 32.56 38.11 32.89 36.42 36.60 35.80 36.15 28.25 32.83 31.03 28.83 25.59 30.69 30.34 27.45 29.06 30.60 29.93 34.49 30.16 0.00 0.00 0.00 0.00 0.00 25.54 30.40 32.45 34.79 34.10 33.99 37.96 32.97 33.52 33.10 38.14 35.87 37.56 28.80 29.24 27.14 28.56 30.93 31.79 28.73 30.28 29.51 27.46 28.36 26.05 0.00 0.00 0.00 0.00 0.00 29.95 28.84 30.92 36.01 30.58 34.17 38.74 39.13 34.83 34.66 38.43 35.45 33.54 38.39 28.66 30.49 29.57 26.50 28.00 29.47 27.05 26.91 31.63 27.76 27.11 0.00 0.00 0.00 0.00 0.00 31.31 25.49 25.32 27.50 36.57 35.91 32.35 34.87 36.71 34.48 30.90 33.03 32.26 28.29 31.63 31.25 27.66 27.53 28.41 30.58 25.97 30.41 26.07 29.21 28.86 0.00 0.00 0.00 0.00 0.00 28.42 26.79 28.20 27.73 36.05 31.32 32.08 34.75 31.18 32.44 32.93 30.68 33.99 27.41 29.05 29.47 28.49 29.40 28.48 30.06 27.70 28.43 34.08 27.99 25.40 0.00 0.00 0.00 0.00 0.00 27.68 31.40 27.31 24.50 27.04 31.48 36.53 37.94 35.52 36.52 37.89 36.09 25.47 28.28 23.98 32.09 26.73 26.43 28.46 30.18 32.26 27.81 27.32 31.08 32.43 0.00 0.00 0.00 0.00 0.00 29.59 29.59 29.50 29.80 27.42 29.72 34.76 33.12 32.52 33.93 36.86 37.97 26.76 26.82 24.14 29.40 29.06 26.64 26.51 28.59 26.61 28.76 28.46 30.58 32.44 0.00 0.00 0.00 0.00 0.00 29.10 28.54 28.92 28.42 29.46 32.42 34.55 32.98 28.67 35.20 33.31 29.45 27.84 27.98 28.70 28.65 28.67 27.48 25.66 29.52 25.90 30.65 30.86 28.68 26.47 0.00 0.00 0.00 0.00 0.00 30.25 33.18 29.20 27.11 31.95 27.76 28.28 32.11 34.91 35.57 27.83 27.87 30.63 24.83 27.01 29.13 28.77 24.24 25.72 29.68 28.78 27.33 26.95 30.95 29.23 0.00 0.00 0.00 0.00 0.00 32.48 30.07 26.51 30.60 26.18 28.11 30.74 26.55 28.34 27.94 27.81 28.42 29.70 24.39 29.10 26.43 29.38 29.56 28.94 29.10 28.38 32.80 29.84 26.90 31.63 0.00 0.00 0.00 0.00 0.00 28.53 29.46 29.21 25.49 32.24 30.96 30.41 30.64 30.48 29.38 24.68 28.05 26.67 29.16 29.72 28.25 29.21 30.09 26.71 25.76 26.20 29.58 27.91 27.80 30.72 0.00 0.00 0.00 0.00 0.00 29.31 32.89 32.63 28.41 31.87 31.09 28.85 27.82 25.39 28.24 28.97 27.26 28.78 28.51 27.45 31.81 26.63 26.60 33.63 27.71 25.57 28.51 29.24 31.59 26.27 0.00 0.00 0.00 0.00 0.00 26.35 28.45 24.65 30.36 28.62 26.05 25.47 28.58 25.24 29.32 28.35 26.77 27.21 26.46 27.94 26.19 29.76 27.15 24.27 26.99 30.59 28.95 24.18 26.31 31.56 0.00 0.00 0.00 0.00 0.00 28.27 29.31 27.08 29.72 29.87 27.23 28.25 28.17 30.59 25.32 29.39 29.34 27.39 28.87 29.81 32.50 29.26 30.68 30.80 26.88 28.12 32.41 28.42 29.38 32.61 0.00 0.00 0.00 0.00 0.00 27.59 25.63 28.47 28.36 28.73 25.33 28.08 26.60 29.87 27.71 25.82 30.09 26.39 29.56 26.83 28.50 27.67 28.41 25.87 27.10 31.51 30.97 23.74 27.25 27.96 0.00 0.00 0.00 0.00 0.00 29.51 29.27 33.75 31.12 30.39 27.29 28.67 28.21 27.86 27.07 27.48 28.99 32.14 26.54 28.84 28.66 26.86 30.12 28.26 27.93 29.56 29.57 30.76 28.64 31.68 0.00 0.00 0.00 0.00 0.00 0.00 26.28 28.69 32.38 26.19 29.13 28.72 31.70 28.75 28.58 27.41 26.19 29.99 26.79 26.73 30.38 31.19 30.24 29.66 28.61 27.75 24.54 30.74 30.72 0.00 0.00 0.00 0.00 0.00 0.00 0.00 27.51 27.47 28.70 28.49 28.32 31.49 27.57 29.78 28.85 29.76 29.88 27.60 30.48 31.38 26.71 29.85 30.16 28.26 26.03 26.58 29.02 32.47 28.08 0.00 0.00 0.00 0.00 0.00 0.00 0.00 32.30 25.33 30.05 31.78 30.13 28.71 32.04 34.11 31.44 28.82 30.06 27.10 27.99 29.74 27.11 24.56 27.91 34.74 27.05 28.53 30.32 26.20 26.22 0.00 0.00 0.00 0.00 0.00 0.00 0.00 27.38 26.64 30.04 30.18 28.20 26.63 27.40 31.92 27.28 28.41 26.75 28.63 29.53 27.80 33.45 30.31 29.18 31.50 26.59 27.96 29.03 31.63 29.50 0.00 0.00 0.00 0.00 0.00 0.00 0.00 30.57 28.21 25.16 29.07 24.28 30.53 32.15 30.75 28.07 31.37 27.95 30.93 25.02 26.53 28.42 28.14 29.46 29.30 32.52 24.30 29.23 30.26 32.83 0.00 0.00 0.00 0.00 0.00 0.00 0.00 31.43 28.69 28.56 25.17 27.81 28.89 29.32 30.37 30.60 26.86 31.35 27.92 28.13 27.24 28.17 31.73 30.47 26.04 30.81 32.03 32.44 28.55 28.77 0.00 0.00 0.00 0.00 0.00 0.00 0.00 33.45 31.42 27.63 27.86 26.54 25.52 28.44 31.36 29.09 30.56 28.91 26.44 31.34 28.61 29.48 26.34 30.22 29.63 30.70 25.66 29.69 26.83 28.62 0.00 0.00 0.00 0.00 0.00 0.00 0.00 0.00 26.33 31.44 27.71 30.78 29.04 26.44 28.21 27.99 29.66 24.94 29.69 26.56 29.08 27.06 28.23 27.90 27.74 27.80 28.68 27.70 29.14 0.00 0.00 0.00 0.00 0.00 0.00 0.00 0.00 0.00 30.26 27.54 30.13 26.83 28.95 26.57 28.17 30.08 28.19 27.97 31.62 29.34 30.70 29.70 31.23 29.70 29.61 27.85 28.23 31.53 27.58 0.00 0.00 0.00 0.00 0.00 0.00 0.00 0.00 0.00 27.17 29.05 28.75 30.45 27.61 26.96 32.48 27.63 27.38 30.08 30.73 28.22 24.34 27.76 29.10 28.98 29.20 26.88 29.57 27.44 26.30 0.00 0.00 0.00 0.00 0.00 0.00 0.00 0.00 0.00 30.76 26.29 31.70 29.22 29.06 29.30 30.36 24.01 28.81 25.77 27.24 31.35 32.76 28.34 25.98 26.43 30.36 29.69 30.00 27.19 26.02 0.00 0.00 0.00 0.00 0.00 0.00 0.00 0.00 0.00 26.86 27.18 26.88 27.11 28.99 28.10 28.92 30.70 30.38 26.13 29.73 29.41 33.45 27.77 29.09 28.27 22.59 29.48 34.04 30.46 30.08 0.00 0.00 0.00 0.00 0.00 0.00 0.00 0.00 0.00 0.00 26.34 26.39 29.70 27.43 27.18 33.24 27.01 33.67 26.27 28.41 28.96 28.18 33.46 28.69 27.63 28.40 28.29 26.21 31.14 0.00 0.00 0.00 0.00 0.00 0.00 0.00 0.00 0.00 0.00 0.00 27.27 27.42 24.88 27.47 31.24 26.99 28.41 27.25 27.65 28.15 32.29 27.81 27.90 26.63 30.62 30.12 29.87 28.84 29.25 0.00 0.00 0.00 0.00 0.00 0.00 0.00 0.00 0.00 0.00 0.00 31.32 31.77 27.22 29.79 27.46 30.31 26.93 32.60 29.43 30.61 30.91 29.08 27.44 30.23 26.57 28.55 31.55 33.35 27.73 0.00 0.00 0.00 0.00 0.00 0.00 0.00 0.00 0.00 0.00 0.00 28.07 29.32 27.87 24.17 28.84 28.74 29.99 26.41 25.13 29.95 24.69 28.38 29.62 27.01 29.62 29.23 28.35 26.95 27.78 0.00 0.00 0.00 0.00 0.00 0.00 0.00 0.00 0.00 0.00 0.00 0.00 29.16 29.36 31.82 33.14 33.30 28.21 28.30 29.16 29.76 33.70 29.92 29.42 29.74 29.12 30.27 31.34 32.70 0.00 0.00 0.00 0.00 0.00 0.00 0.00 0.00 0.00 0.00 0.00 0.00 0.00 26.23 30.93 31.80 27.91 31.02 28.46 31.76 24.81 31.74 30.97 30.05 25.18 26.19 31.48 32.03 32.09 29.80 0.00 0.00 0.00 0.00 0.00 0.00 0.00 0.00 0.00 0.00 0.00 0.00 0.00 29.39 25.43 31.27 31.99 32.13 29.58 29.12 30.62 28.96 27.19 32.50 29.85 29.08 27.79 30.74 28.87 28.46 0.00 0.00 0.00 0.00 0.00 0.00 0.00 0.00 0.00 0.00 0.00 0.00 0.00 0.00 27.93 30.33 29.85 29.79 28.50 30.81 27.85 32.67 30.63 29.79 35.32 33.34 29.35 27.17 27.62 0.00 0.00 0.00 0.00 0.00 0.00 0.00 0.00 0.00 0.00 0.00 0.00 0.00 0.00 0.00 30.46 31.43 27.65 28.25 29.31 26.64 26.26 27.23 30.67 29.07 32.12 26.19 29.64 28.70 27.09 0.00 0.00 0.00 0.00 0.00 0.00 0.00 0.00 0.00 0.00 0.00 0.00 0.00 0.00 0.00 25.00 25.39 29.04 26.84 28.93 30.88 32.54 28.39 30.73 27.58 31.40 29.97 25.80 28.18 34.54 0.00 0.00 0.00 0.00 0.00 0.00 0.00 0.00 0.00 0.00 0.00 0.00 0.00 0.00 0.00 0.00 30.05 27.78 27.68 27.86 27.79 27.72 24.97 28.02 29.54 29.05 30.87 29.67 29.71 0.00 0.00 0.00 0.00 0.00 0.00 0.00 0.00 0.00 0.00 0.00 0.00 0.00 0.00 0.00 0.00 0.00 28.09 28.42 27.17 27.66 28.42 30.56 29.34 29.45 27.23 29.33 30.41 29.99 28.94 0.00 0.00 0.00 0.00 0.00 0.00 0.00 0.00 0.00 0.00 0.00 0.00 0.00 0.00 0.00 0.00 0.00 0.00 29.62 25.92 29.46 25.31 28.78 29.52 26.39 31.67 30.76 30.85 30.94 0.00 0.00 0.00 0.00 0.00 0.00 0.00 0.00 0.00 0.00 0.00 0.00 0.00 0.00 0.00 0.00 0.00 0.00 0.00 30.19 30.36 33.04 26.79 29.68 29.03 31.10 25.61 23.50 29.31 0.00 0.00 0.00 0.00 0.00 0.00 0.00 0.00 0.00 0.00 0.00 0.00 0.00 0.00 0.00 0.00 0.00 0.00 0.00 0.00 0.00 27.49 27.48 26.63 28.24 30.33 29.81 32.67 26.40 29.60 0.00 0.00 0.00 0.00 0.00 0.00 0.00 0.00 0.00 0.00 0.00 0.00 0.00 0.00 0.00 0.00 0.00 0.00 0.00 0.00 0.00 0.00 24.92 28.61 27.85 29.72 24.68 29.97 32.64 0.00 0.00 0.00 0.00 0.00 0.00 0.00 0.00 0.00 0.00 0.00 0.00 0.00 0.00 0.00 0.00 0.00 0.00 0.00 0.00 0.00 0.00 0.00 0.00 29.84 25.97 26.40 28.40 30.90 0.00 0.00 0.00 0.00 0.00 0.00 0.00 0.00 0.00 0.00 0.00 0.00 0.00 0.00 0.00 0.00 0.00 0.00 0.00 0.00 0.00 0.00 0.00 0.00 0.00 0.00 0.00 0.00 0.00 0.00 0.00 0.00 0.00 0.00 0.00 0.00 0.00 0.00 0.00 0.00 0.00 0.00
rain_type.data=0 0 0 0 0 0 0 0 0 0 0 0 0 0 0 0 0 0 0 0 0 0 0 0 0 0 0 0 0 0 0 0 0 0 0 0 0 0 0 0 0 0 0 0 1 1 1 0 0 0 0 0 0 0 0 0 0 0 0 0 0 0 0 0 0 0 0 0 0 0 0 0 1 1 1 1 1 1 1 0 0 0 0 0 0 0 0 0 0 0 0 0 0 0 0 0 0 0 0 0 0 1 1 1 1 1 1 1 1 1 0 0 0 0 0 0 0 0 0 0 0 0 0 0 0 0 0 0 0 0 1 1 1 1 1 1 1 1 1 1 1 0 0 0 0 0 0 0 0 0 0 0 0 0 0 0 0 0 0 1 2 2 2 1 1 1 1 1 1 1 1 1 0 0 0 0 0 0 0 0 0 0 0 0 0 0 0 0 1 2 2 2 2 2 1 1 1 1 1 1 1 1 1 0 0 0 0 0 0 0 0 0 0 0 0 0 0 0 2 2 2 2 2 2 2 1 1 1 1 1 1 1 1 0 0 0 0 0 0 0 0 0 0 0 0 0 0 2 2 2 2 2 2 2 2 2 1 1 1 1 1 1 1 1 0 0 0 0 0 0 0 0 0 0 0 0 0 2 2 2 2 2 2 2 2 2 1 1 1 1 1 1 1 1 0 0 0 0 0 0 0 0 0 0 0 0 2 2 2 2 2 2 2 2 2 2 2 1 1 1 1 1 1 1 0 0 0 0 0 0 0 0 0 0 0 0 2 2 2 2 2 2 2 2 2 2 2 1 1 1 1 1 1 1 1 0 0 0 0 0 0 0 0 0 0 0 2 2 2 2 2 2 2 2 2 2 2 1 1 1 1 1 1 1 1 0 0 0 0 0 0 0 0 0 0 1 2 2 2 2 2 2 2 2 2 2 2 1 1 1 1 1 1 1 1 1 0 0 0 0 0 0 0 0 0 2 2 2 2 2 2 2 2 2 2 2 2 2 1 1 1 1 1 1 1 1 0 0 0 0 0 0 0 0 0 2 2 2 2 2 2 2 2 2 2 2 2 2 1 1 1 1 1 1 1 1 0 0 0 0 0 0 0 0 0 2 2 2 2 2 2 2 2 2 2 2 2 2 1 1 1 1 1 1 1 1 0 0 0 0 0 0 0 0 1 2 2 2 2 2 2 2 2 2 2 2 2 2 1 1 1 1 1 1 1 1 1 0 0 0 0 0 0 0 1 2 2 2 2 2 2 2 2 2 2 2 2 2 1 1 1 1 1 1 1 1 1 0 0 0 0 0 0 0 1 2 2 2 2 2 2 2 2 2 2 2 2 2 1 1 1 1 1 1 1 1 1 0 0 0 0 0 0 0 1 2 2 2 2 2 2 2 2 2 2 2 2 2 1 1 1 1 1 1 1 1 1 0 0 0 0 0 0 0 1 2 2 2 2 2 2 2 2 2 2 2 2 2 2 1 1 1 1 1 1 1 1 0 0 0 0 0 0 1 2 2 2 2 2 2 2 2 2 2 2 2 2 2 2 1 1 1 1 1 1 1 1 0 0 0 0 0 0 1 2 2 2 2 2 2 2 2 2 2 2 2 2 2 2 1 1 1 1 1 1 1 1 1 0 0 0 0 0 1 2 2 2 2 2 2 2 2 2 2 2 2 2 2 2 1 1 1 1 1 1 1 1 1 0 0 0 0 0 1 2 2 2 2 2 2 2 2 2 2 2 2 2 2 2 1 1 1 1 1 1 1 1 1 0 0 0 0 0 1 1 2 2 2 2 2 2 2 2 2 2 2 2 2 2 1 1 1 1 1 1 1 1 1 0 0 0 0 0 1 1 2 2 2 2 2 2 2 2 2 2 2 2 2 1 1 1 1 1 1 1 1 1 1 0 0 0 0 0 1 1 2 2 2 2 2 2 2 2 2 2 2 2 2 1 1 1 1 1 1 1 1 1 1 0 0 0 0 0 1 1 2 2 2 2 2 2 2 2 2 2 2 2 2 1 1 1 1 1 1 1 1 1 1 0 0 0 0 0 1 1 2 2 2 2 2 2 2 2 2 2 2 2 2 1 1 1 1 1 1 1 1 1 1 0 0 0 0 0 1 1 2 2 2 2 2 2 2 2 2 2 2 2 2 1 1 1 1 1 1 1 1 1 1 0 0 0 0 0 1 1 2 2 2 2 2 2 2 2 2 2 2 2 2 1 1 1 1 1 1 1 1 1 1 0 0 0 0 0 1 1 2 2 2 2 2 2 2 2 2 2 2 2 2 1 1 1 1 1 1 1 1 1 1 0 0 0 0 0 1 1 2 2 2 2 2 2 2 2 2 2 2 2 2 1 1 1 1 1 1 1 1 1 1 0 0 0 0 0 1 1 1 2 2 2 2 2 2 2 2 2 2 2 1 1 1 1 1 1 1 1 1 1 1 0 0 0 0 0 1 1 1 2 2 2 2 2 2 2 2 2 2 2 1 1 1 1 1 1 1 1 1 1 1 0 0 0 0 0 1 1 1 2 2 2 2 2 2 2 2 2 2 2 1 1 1 1 1 1 1 1 1 1 1 0 0 0 0 0 1 1 1 2 2 2 2 2 2 2 2 2 2 2 1 1 1 1 1 1 1 1 1 1 1 0 0 0 0 0 1 1 1 1 2 2 2 2 2 2 2 2 2 1 1 1 1 1 1 1 1 1 1 1 1 0 0 0 0 0 1 1 1 1 2 2 2 2 2 2 2 2 2 1 1 1 1 1 1 1 1 1 1 1 1 0 0 0 0 0 1 1 1 1 1 2 2 2 2 2 2 2 1 1 1 1 1 1 1 1 1 1 1 1 1 0 0 0 0 0 1 1 1 1 1 2 2 2 2 2 2 2 1 1 1 1 1 1 1 1 1 1 1 1 1 0 0 0 0 0 1 1 1 1 1 1 2 2 2 2 2 1 1 1 1 1 1 1 1 1 1 1 1 1 1 0 0 0 0 0 1 1 1 1 1 1 1 2 2 2 1 1 1 1 1 1 1 1 1 1 1 1 1 1 1 0 0 0 0 0 1 1 1 1 1 1 1 1 1 1 1 1 1 1 1 1 1 1 1 1 1 1 1 1 1 0 0 0 0 0 1 1 1 1 1 1 1 1 1 1 1 1 1 1 1 1 1 1 1 1 1 1 1 1 1 0 0 0 0 0 1 1 1 1 1 1 1 1 1 1 1 1 1 1 1 1 1 1 1 1 1 1 1 1 1 0 0 0 0 0 1 1 1 1 1 1 1 1 1 1 1 1 1 1 1 1 1 1 1 1 1 1 1 1 1 0 0 0 0 0 1 1 1 1 1 1 1 1 1 1 1 1 1 1 1 1 1 1 1 1 1 1 1 1 1 0 0 0 0 0 1 1 1 1 1 1 1 1 1 1 1 1 1 1 1 1 1 1 1 1 1 1 1 1 1 0 0 0 0 0 1 1 1 1 1 1 1 1 1 1 1 1 1 1 1 1 1 1 1 1 1 1 1 1 1 0 0 0 0 0 0 1 1 1 1 1 1 1 1 1 1 1 1 1 1 1 1 1 1 1 1 1 1 1 0 0 0 0 0 0 0 1 1 1 1 1 1 1 1 1 1 1 1 1 1 1 1 1 1 1 1 1 1 1 0 0 0 0 0 0 0 1 1 1 1 1 1 1 1 1 1 1 1 1 1 1 1 1 1 1 1 1 1 1 0 0 0 0 0 0 0 1 1 1 1 1 1 1 1 1 1 1 1 1 1 1 1 1 1 1 1 1 1 1 0 0 0 0 0 0 0 1 1 1 1 1 1 1 1 1 1 1 1 1 1 1 1 1 1 1 1 1 1 1 0 0 0 0 0 0 0 1 1 1 1 1 1 1 1 1 1 1 1 1 1 1 1 1 1 1 1 1 1 1 0 0 0 0 0 0 0 1 1 1 1 1 1 1 1 1 1 1 1 1 1 1 1 1 1 1 1 1 1 1 0 0 0 0 0 0 0 0 1 1 1 1 1 1 1 1 1 1 1 1 1 1 1 1 1 1 1 1 1 0 0 0 0 0 0 0 0 0 1 1 1 1 1 1 1 1 1 1 1 1 1 1 1 1 1 1 1 1 1 0 0 0 0 0 0 0 0 0 1 1 1 1 1 1 1 1 1 1 1 1 1 1 1 1 1 1 1 1 1 0 0 0 0 0 0 0 0 0 1 1 1 1 1 1 1 1 1 1 1 1 1 1 1 1 1 1 1 1 1 0 0 0 0 0 0 0 0 0 1 1 1 1 1 1 1 1 1 1 1 1 1 1 1 1 1 1 1 1 1 0 0 0 0 0 0 0 0 0 0 1 1 1 1 1 1 1 1 1 1 1 1 1 1 1 1 1 1 1 0 0 0 0 0 0 0 0 0 0 0 1 1 1 1 1 1 1 1 1 1 1 1 1 1 1 1 1 1 1 0 0 0 0 0 0 0 0 0 0 0 1 1 1 1 1 1 1 1 1 1 1 1 1 1 1 1 1 1 1 0 0 0 0 0 0 0 0 0 0 0 1 1 1 1 1 1 1 1 1 1 1 1 1 1 1 1 1 1 1 0 0 0 0 0 0 0 0 0 0 0 0 1 1 1 1 1 1 1 1 1 1 1 1 1 1 1 1 1 0 0 0 0 0 0 0 0 0 0 0 0 0 1 1 1 1 1 1 1 1 1 1 1 1 1 1 1 1 1 0 0 0 0 0 0 0 0 0 0 0 0 0 1 1 1 1 1 1 1 1 1 1 1 1 1 1 1 1 1 0 0 0 0 0 0 0 0 0 0 0 0 0 0 1 1 1 1 1 1 1 1 1 1 1 1 1 1 1 0 0 0 0 0 0 0 0 0 0 0 0 0 0 0 1 1 1 1 1 1 1 1 1 1 1 1 1 1 1 0 0 0 0 0 0 0 0 0 0 0 0 0 0 0 1 1 1 1 1 1 1 1 1 1 1 1 1 1 1 0 0 0 0 0 0 0 0 0 0 0 0 0 0 0 0 1 1 1 1 1 1 1 1 1 1 1 1 1 0 0 0 0 0 0 0 0 0 0 0 0 0 0 0 0 0 1 1 1 1 1 1 1 1 1 1 1 1 1 0 0 0 0 0 0 0 0 0 0 0 0 0 0 0 0 0 0 1 1 1 1 1 1 1 1 1 1 1 0 0 0 0 0 0 0 0 0 0 0 0 0 0 0 0 0 0 0 1 1 1 1 1 1 1 1 1 1 0 0 0 0 0 0 0 0 0 0 0 0 0 0 0 0 0 0 0 0 0 1 1 1 1 1 1 1 1 1 0 0 0 0 0 0 0 0 0 0 0 0 0 0 0 0 0 0 0 0 0 0 1 1 1 1 1 1 1 0 0 0 0 0 0 0 0 0 0 0 0 0 0 0 0 0 0 0 0 0 0 0 0 1 1 1 1 1 0 0 0 0 0 0 0 0 0 0 0 0 0 0 0 0 0 0 0 0 0 0 0 0 0 0 0 0 0 0 0 0 0 0 0 0 0 0 0 0 0 0
estimated_attenuation.size=2460
estimated_attenuation.data=0.00 0.00 0.00 0.00 0.00 0.00 0.00 0.00 0.00 0.00 0.00 0.00 0.00 0.00 0.00 0.00 0.00 0.00 0.00 0.00 0.00 0.00 0.00 0.00 0.00 0.00 0.00 0.00 0.00 0.00 0.00 0.00 0.00 0.00 0.00 0.00 0.00 0.00 0.00 0.00 0.00 0.00 0.00 0.00 0.00 0.00 0.00 0.00 0.00 0.00 0.00 0.00 0.00 0.00 0.00 0.00 0.00 0.00 0.00 0.00 0.00 0.00 0.00 0.00 0.00 0.00 0.00 0.00 0.00 0.00 0.00 0.00 0.00 0.00 0.00 0.00 0.00 0.00 0.00 0.00 0.00 0.00 0.00 0.00 0.00 0.00 0.00 0.00 0.00 0.00 0.00 0.00 0.00 0.00 0.00 0.00 0.00 0.00 0.00 0.00 0.00 0.00 0.00 0.00 0.00 0.00 0.00 0.00 0.00 0.00 0.00 0.00 0.00 0.00 0.00 0.00 0.00 0.00 0.00 0.00 0.00 0.00 0.00 0.00 0.00 0.00 0.00 0.00 0.00 0.00 0.00 0.00 0.00 0.00 0.00 0.00 0.00 0.00 0.00 0.00 0.00 0.00 0.00 0.00 0.00 0.00 0.00 0.00 0.00 0.00 0.00 0.00 0.00 0.00 0.00 0.00 0.00 0.00 0.00 0.00 0.00 0.00 0.00 0.00 0.00 0.00 0.00 0.00 0.00 0.00 0.00 0.00 0.00 0.00 0.00 0.00 0.00 0.00 0.00 0.00 0.00 0.00 0.00 0.00 0.00 0.00 0.00 0.00 0.00 0.00 0.00 0.00 0.01 0.00 0.00 0.00 0.00 0.00 0.00 0.00 0.00 0.00 0.00 0.00 0.00 0.00 0.00 0.00 0.00 0.00 0.00 0.00 0.00 0.00 0.00 0.00 0.00 0.00 0.00 0.00 0.01 0.01 0.01 0.01 0.01 0.00 0.01 0.00 0.00 0.00 0.00 0.00 0.00 0.00 0.00 0.00 0.00 0.00 0.00 0.00 0.00 0.00 0.00 0.00 0.00 0.00 0.00 0.00 0.00 0.01 0.01 0.01 0.01 0.01 0.01 0.01 0.01 0.01 0.01 0.00 0.00 0.00 0.00 0.00 0.00 0.00 0.00 0.00 0.00 0.00 0.00 0.00 0.00 0.00 0.00 0.00 0.00 0.01 0.01 0.01 0.01 0.01 0.01 0.01 0.01 0.01 0.01 0.01 0.01 0.00 0.00 0.00 0.00 0.00 0.00 0.00 0.00 0.00 0.00 0.00 0.00 0.00 0.00 0.00 0.00 0.00 0.00 0.01 0.01 0.01 0.01 0.01 0.01 0.02 0.01 0.01 0.01 0.01 0.01 0.01 0.01 0.00 0.00 0.00 0.00 0.00 0.00 0.00 0.00 0.00 0.00 0.00 0.00 0.00 0.00 0.00 0.01 0.01 0.01 0.02 0.02 0.02 0.02 0.02 0.01 0.01 0.02 0.01 0.01 0.01 0.01 0.01 0.00 0.00 0.00 0.00 0.00 0.00 0.00 0.00 0.00 0.00 0.00 0.00 0.00 0.00 0.01 0.01 0.01 0.02 0.02 0.02 0.02 0.02 0.02 0.01 0.02 0.01 0.01 0.01 0.01 0.01 0.00 0.00 0.00 0.00 0.00 0.00 0.00 0.00 0.00 0.00 0.00 0.00 0.00 0.00 0.01 0.01 0.01 0.02 0.02 0.02 0.02 0.02 0.02 0.02 0.02 0.01 0.01 0.01 0.01 0.01 0.00 0.00 0.00 0.00 0.00 0.00 0.00 0.00 0.00 0.00 0.00 0.00 0.00 0.00 0.01 0.02 0.02 0.02 0.03 0.02 0.02 0.02 0.02 0.02 0.03 0.01 0.01 0.01 0.01 0.01 0.01 0.00 0.00 0.00 0.00 0.00 0.00 0.00 0.00 0.00 0.00 0.00 0.00 0.01 0.01 0.02 0.02 0.02 0.03 0.03 0.03 0.02 0.02 0.03 0.03 0.01 0.01 0.01 0.01 0.01 0.01 0.01 0.00 0.00 0.00 0.00 0.00 0.00 0.00 0.00 0.00 0.00 0.00 0.01 0.02 0.02 0.02 0.03 0.03 0.03 0.03 0.03 0.03 0.03 0.03 0.02 0.01 0.01 0.01 0.01 0.01 0.01 0.00 0.00 0.00 0.00 0.00 0.00 0.00 0.00 0.00 0.00 0.00 0.01 0.02 0.02 0.02 0.03 0.03 0.03 0.03 0.03 0.03 0.03 0.03 0.02 0.01 0.01 0.01 0.01 0.01 0.01 0.00 0.00 0.00 0.00 0.00 0.00 0.00 0.00 0.00 0.00 0.00 0.01 0.02 0.03 0.03 0.03 0.03 0.03 0.03 0.03 0.03 0.04 0.04 0.02 0.01 0.01 0.01 0.01 0.01 0.01 0.01 0.00 0.00 0.00 0.00 0.00 0.00 0.00 0.00 0.00 0.00 0.01 0.02 0.03 0.04 0.03 0.03 0.03 0.04 0.03 0.04 0.04 0.04 0.02 0.01 0.01 0.01 0.01 0.01 0.01 0.01 0.00 0.00 0.00 0.00 0.00 0.00 0.00 0.00 0.00 0.00 0.02 0.02 0.04 0.04 0.04 0.04 0.04 0.04 0.04 0.04 0.04 0.04 0.03 0.01 0.01 0.01 0.01 0.01 0.01 0.01 0.01 0.00 0.00 0.00 0.00 0.00 0.00 0.00 0.00 0.00 0.02 0.03 0.04 0.04 0.04 0.04 0.04 0.04 0.04 0.04 0.04 0.04 0.03 0.02 0.01 0.01 0.01 0.01 0.01 0.01 0.01 0.00 0.00 0.00 0.00 0.00 0.00 0.00 0.00 0.00 0.02 0.03 0.04 0.04 0.04 0.04 0.05 0.05 0.04 0.05 0.05 0.05 0.03 0.02 0.01 0.02 0.01 0.01 0.01 0.01 0.01 0.00 0.00 0.00 0.00 0.00 0.00 0.00 0.00 0.01 0.02 0.03 0.05 0.05 0.05 0.04 0.05 0.05 0.04 0.05 0.05 0.05 0.04 0.03 0.02 0.02 0.01 0.01 0.01 0.01 0.01 0.00 0.00 0.00 0.00 0.00 0.00 0.00 0.00 0.01 0.02 0.03 0.05 0.05 0.05 0.05 0.05 0.05 0.04 0.05 0.05 0.05 0.04 0.03 0.02 0.02 0.01 0.01 0.01 0.01 0.01 0.01 0.00 0.00 0.00 0.00 0.00 0.00 0.00 0.01 0.03 0.03 0.05 0.05 0.06 0.05 0.05 0.05 0.05 0.05 0.05 0.05 0.05 0.03 0.02 0.02 0.02 0.01 0.01 0.01 0.01 0.01 0.00 0.00 0.00 0.00 0.00 0.00 0.00 0.01 0.03 0.04 0.05 0.05 0.06 0.05 0.05 0.05 0.05 0.06 0.05 0.05 0.05 0.03 0.02 0.02 0.02 0.01 0.02 0.01 0.01 0.01 0.00 0.00 0.00 0.00 0.00 0.00 0.01 0.01 0.03 0.04 0.06 0.05 0.06 0.06 0.06 0.06 0.05 0.06 0.06 0.06 0.05 0.03 0.02 0.02 0.02 0.01 0.02 0.01 0.01 0.01 0.00 0.00 0.00 0.00 0.00 0.00 0.01 0.01 0.04 0.04 0.06 0.06 0.06 0.06 0.06 0.06 0.06 0.07 0.06 0.06 0.05 0.03 0.02 0.02 0.02 0.02 0.02 0.01 0.01 0.01 0.00 0.00 0.00 0.00 0.00 0.00 0.01 0.01 0.04 0.05 0.06 0.06 0.07 0.06 0.07 0.06 0.06 0.07 0.06 0.06 0.05 0.03 0.02 0.02 0.02 0.02 0.02 0.01 0.01 0.01 0.00 0.00 0.00 0.00 0.00 0.00 0.01 0.02 0.04 0.05 0.07 0.06 0.07 0.07 0.07 0.07 0.06 0.07 0.07 0.07 0.06 0.03 0.02 0.02 0.02 0.02 0.02 0.01 0.01 0.01 0.01 0.00 0.00 0.00 0.00 0.00 0.01 0.02 0.04 0.05 0.07 0.06 0.07 0.07 0.07 0.07 0.06 0.07 0.07 0.07 0.06 0.04 0.02 0.02 0.02 0.02 0.02 0.01 0.01 0.01 0.01 0.00 0.00 0.00 0.00 0.00 0.01 0.02 0.05 0.05 0.07 0.06 0.08 0.07 0.07 0.07 0.07 0.07 0.07 0.07 0.06 0.04 0.02 0.02 0.02 0.02 0.02 0.02 0.01 0.01 0.01 0.00 0.00 0.00 0.00 0.00 0.01 0.02 0.05 0.06 0.07 0.07 0.08 0.07 0.07 0.08 0.07 0.08 0.08 0.07 0.06 0.04 0.02 0.02 0.02 0.02 0.02 0.02 0.02 0.01 0.01 0.00 0.00 0.00 0.00 0.00 0.01 0.02 0.05 0.06 0.08 0.07 0.08 0.08 0.08 0.08 0.07 0.08 0.08 0.08 0.07 0.04 0.02 0.02 0.02 0.02 0.02 0.02 0.02 0.01 0.01 0.00 0.00 0.00 0.00 0.00 0.01 0.02 0.05 0.06 0.08 0.07 0.08 0.08 0.08 0.08 0.08 0.08 0.08 0.08 0.07 0.04 0.02 0.02 0.02 0.02 0.02 0.02 0.02 0.01 0.01 0.00 0.00 0.00 0.00 0.00 0.01 0.02 0.05 0.07 0.08 0.08 0.09 0.08 0.08 0.09 0.08 0.08 0.08 0.08 0.07 0.04 0.02 0.02 0.03 0.02 0.02 0.02 0.02 0.01 0.01 0.00 0.00 0.00 0.00 0.00 0.01 0.02 0.05 0.07 0.08 0.08 0.09 0.08 0.09 0.09 0.09 0.09 0.09 0.08 0.07 0.04 0.03 0.03 0.03 0.02 0.03 0.02 0.02 0.02 0.01 0.00 0.00 0.00 0.00 0.00 0.01 0.02 0.05 0.07 0.09 0.08 0.10 0.09 0.09 0.09 0.09 0.09 0.09 0.09 0.07 0.04 0.03 0.03 0.03 0.02 0.03 0.02 0.02 0.02 0.01 0.00 0.00 0.00 0.00 0.00 0.02 0.02 0.05 0.07 0.09 0.08 0.10 0.09 0.09 0.09 0.10 0.09 0.09 0.09 0.07 0.04 0.03 0.03 0.03 0.02 0.03 0.02 0.02 0.02 0.01 0.00 0.00 0.00 0.00 0.00 0.02 0.02 0.06 0.07 0.09 0.09 0.10 0.09 0.09 0.09 0.10 0.09 0.09 0.09 0.07 0.04 0.03 0.03 0.03 0.02 0.03 0.02 0.02 0.02 0.01 0.00 0.00 0.00 0.00 0.00 0.02 0.02 0.06 0.07 0.09 0.09 0.11 0.10 0.10 0.10 0.10 0.10 0.09 0.09 0.07 0.04 0.03 0.03 0.03 0.02 0.03 0.02 0.02 0.02 0.01 0.00 0.00 0.00 0.00 0.00 0.02 0.02 0.06 0.08 0.09 0.09 0.11 0.10 0.10 0.10 0.11 0.10 0.10 0.09 0.07 0.05 0.03 0.03 0.03 0.02 0.03 0.02 0.02 0.02 0.02 0.00 0.00 0.00 0.00 0.00 0.02 0.03 0.06 0.08 0.09 0.09 0.11 0.10 0.10 0.10 0.11 0.10 0.10 0.09 0.07 0.05 0.03 0.03 0.03 0.03 0.03 0.02 0.03 0.02 0.02 0.00 0.00 0.00 0.00 0.00 0.02 0.03 0.06 0.08 0.10 0.09 0.11 0.11 0.10 0.11 0.11 0.10 0.10 0.09 0.08 0.05 0.03 0.03 0.03 0.03 0.03 0.03 0.03 0.02 0.02 0.00 0.00 0.00 0.00 0.00 0.02 0.03 0.06 0.08 0.10 0.09 0.12 0.11 0.10 0.11 0.11 0.10 0.10 0.09 0.08 0.05 0.03 0.03 0.03 0.03 0.03 0.03 0.03 0.02 0.02 0.00 0.00 0.00 0.00 0.00 0.02 0.03 0.06 0.08 0.10 0.09 0.12 0.11 0.10 0.11 0.11 0.10 0.10 0.09 0.08 0.05 0.03 0.03 0.03 0.03 0.03 0.03 0.03 0.02 0.02 0.00 0.00 0.00 0.00 0.00 0.02 0.03 0.06 0.08 0.10 0.09 0.12 0.11 0.10 0.11 0.11 0.10 0.10 0.09 0.08 0.05 0.03 0.03 0.03 0.03 0.03 0.03 0.03 0.02 0.02 0.00 0.00 0.00 0.00 0.00 0.02 0.03 0.06 0.08 0.10 0.09 0.12 0.11 0.11 0.11 0.11 0.11 0.10 0.09 0.08 0.05 0.03 0.03 0.03 0.03 0.03 0.03 0.03 0.02 0.02 0.00 0.00 0.00 0.00 0.00 0.02 0.03 0.06 0.08 0.10 0.10 0.12 0.11 0.11 0.11 0.11 0.11 0.10 0.09 0.08 0.05 0.03 0.03 0.04 0.03 0.03 0.03 0.03 0.03 0.02 0.00 0.00 0.00 0.00 0.00 0.03 0.03 0.06 0.08 0.10 0.10 0.12 0.11 0.11 0.11 0.11 0.11 0.10 0.09 0.08 0.05 0.04 0.03 0.04 0.03 0.03 0.03 0.03 0.03 0.02 0.00 0.00 0.00 0.00 0.00 0.03 0.03 0.06 0.08 0.10 0.10 0.12 0.11 0.11 0.11 0.11 0.11 0.10 0.09 0.08 0.05 0.04 0.04 0.04 0.03 0.04 0.03 0.03 0.03 0.02 0.00 0.00 0.00 0.00 0.00 0.00 0.03 0.07 0.08 0.10 0.10 0.12 0.11 0.11 0.11 0.11 0.11 0.10 0.09 0.08 0.05 0.04 0.04 0.04 0.03 0.04 0.03 0.03 0.03 0.00 0.00 0.00 0.00 0.00 0.00 0.00 0.03 0.07 0.09 0.10 0.10 0.12 0.11 0.11 0.11 0.11 0.11 0.10 0.10 0.08 0.05 0.04 0.04 0.04 0.03 0.04 0.03 0.03 0.03 0.00 0.00 0.00 0.00 0.00 0.00 0.00 0.04 0.07 0.09 0.11 0.10 0.12 0.11 0.11 0.11 0.11 0.11 0.11 0.10 0.08 0.05 0.04 0.04 0.04 0.03 0.04 0.03 0.03 0.03 0.00 0.00 0.00 0.00 0.00 0.00 0.00 0.04 0.07 0.09 0.11 0.10 0.12 0.11 0.11 0.11 0.12 0.11 0.11 0.10 0.08 0.06 0.04 0.04 0.04 0.03 0.04 0.04 0.04 0.03 0.00 0.00 0.00 0.00 0.00 0.00 0.00 0.04 0.07 0.09 0.11 0.10 0.12 0.12 0.11 0.12 0.12 0.11 0.11 0.10 0.08 0.06 0.04 0.04 0.04 0.03 0.04 0.04 0.04 0.03 0.00 0.00 0.00 0.00 0.00 0.00 0.00 0.04 0.07 0.09 0.11 0.10 0.12 0.12 0.11 0.12 0.12 0.11 0.11 0.10 0.08 0.06 0.04 0.04 0.04 0.03 0.04 0.04 0.04 0.03 0.00 0.00 0.00 0.00 0.00 0.00 0.00 0.04 0.07 0.09 0.11 0.10 0.13 0.12 0.12 0.12 0.12 0.11 0.11 0.10 0.09 0.06 0.04 0.04 0.04 0.04 0.04 0.04 0.04 0.03 0.00 0.00 0.00 0.00 0.00 0.00 0.00 0.00 0.07 0.09 0.11 0.10 0.13 0.12 0.12 0.12 0.12 0.11 0.11 0.10 0.09 0.06 0.04 0.04 0.04 0.04 0.04 0.04 0.04 0.00 0.00 0.00 0.00 0.00 0.00 0.00 0.00 0.00 0.07 0.09 0.11 0.10 0.13 0.12 0.12 0.12 0.12 0.12 0.11 0.10 0.09 0.06 0.04 0.04 0.04 0.04 0.04 0.04 0.04 0.00 0.00 0.00 0.00 0.00 0.00 0.00 0.00 0.00 0.07 0.09 0.11 0.10 0.13 0.12 0.12 0.12 0.12 0.12 0.11 0.10 0.09 0.06 0.04 0.05 0.05 0.04 0.04 0.04 0.04 0.00 0.00 0.00 0.00 0.00 0.00 0.00 0.00 0.00 0.07 0.09 0.11 0.11 0.13 0.12 0.12 0.12 0.12 0.12 0.11 0.10 0.09 0.06 0.04 0.05 0.05 0.04 0.04 0.04 0.04 0.00 0.00 0.00 0.00 0.00 0.00 0.00 0.00 0.00 0.07 0.09 0.11 0.11 0.13 0.12 0.12 0.12 0.12 0.12 0.11 0.10 0.09 0.06 0.05 0.05 0.05 0.04 0.05 0.04 0.04 0.00 0.00 0.00 0.00 0.00 0.00 0.00 0.00 0.00 0.00 0.09 0.11 0.11 0.13 0.12 0.12 0.12 0.12 0.12 0.11 0.10 0.09 0.06 0.05 0.05 0.05 0.04 0.05 0.04 0.00 0.00 0.00 0.00 0.00 0.00 0.00 0.00 0.00 0.00 0.00 0.09 0.11 0.11 0.13 0.12 0.12 0.12 0.13 0.12 0.11 0.11 0.09 0.07 0.05 0.05 0.05 0.04 0.05 0.04 0.00 0.00 0.00 0.00 0.00 0.00 0.00 0.00 0.00 0.00 0.00 0.09 0.12 0.11 0.13 0.12 0.12 0.12 0.13 0.12 0.12 0.11 0.09 0.07 0.05 0.05 0.05 0.04 0.05 0.05 0.00 0.00 0.00 0.00 0.00 0.00 0.00 0.00 0.00 0.00 0.00 0.10 0.12 0.11 0.13 0.12 0.13 0.12 0.13 0.12 0.12 0.11 0.09 0.07 0.05 0.05 0.05 0.04 0.05 0.05 0.00 0.00 0.00 0.00 0.00 0.00 0.00 0.00 0.00 0.00 0.00 0.00 0.12 0.11 0.13 0.13 0.13 0.13 0.13 0.12 0.12 0.11 0.09 0.07 0.05 0.05 0.05 0.04 0.05 0.00 0.00 0.00 0.00 0.00 0.00 0.00 0.00 0.00 0.00 0.00 0.00 0.00 0.12 0.11 0.13 0.13 0.13 0.13 0.13 0.12 0.12 0.11 0.10 0.07 0.05 0.05 0.05 0.05 0.05 0.00 0.00 0.00 0.00 0.00 0.00 0.00 0.00 0.00 0.00 0.00 0.00 0.00 0.12 0.11 0.14 0.13 0.13 0.13 0.13 0.12 0.12 0.11 0.10 0.07 0.05 0.05 0.05 0.05 0.05 0.00 0.00 0.00 0.00 0.00 0.00 0.00 0.00 0.00 0.00 0.00 0.00 0.00 0.00 0.11 0.14 0.13 0.13 0.13 0.13 0.12 0.12 0.11 0.10 0.07 0.05 0.05 0.06 0.05 0.00 0.00 0.00 0.00 0.00 0.00 0.00 0.00 0.00 0.00 0.00 0.00 0.00 0.00 0.00 0.11 0.14 0.13 0.13 0.13 0.13 0.12 0.12 0.11 0.10 0.07 0.05 0.05 0.06 0.05 0.00 0.00 0.00 0.00 0.00 0.00 0.00 0.00 0.00 0.00 0.00 0.00 0.00 0.00 0.00 0.11 0.14 0.13 0.13 0.13 0.13 0.13 0.12 0.11 0.10 0.07 0.05 0.05 0.06 0.05 0.00 0.00 0.00 0.00 0.00 0.00 0.00 0.00 0.00 0.00 0.00 0.00 0.00 0.00 0.00 0.00 0.14 0.13 0.13 0.13 0.13 0.13 0.12 0.12 0.10 0.07 0.05 0.06 0.06 0.00 0.00 0.00 0.00 0.00 0.00 0.00 0.00 0.00 0.00 0.00 0.00 0.00 0.00 0.00 0.00 0.00 0.14 0.13 0.13 0.13 0.13 0.13 0.12 0.12 0.10 0.08 0.06 0.06 0.06 0.00 0.00 0.00 0.00 0.00 0.00 0.00 0.00 0.00 0.00 0.00 0.00 0.00 0.00 0.00 0.00 0.00 0.00 0.13 0.13 0.13 0.13 0.13 0.12 0.12 0.10 0.08 0.06 0.06 0.00 0.00 0.00 0.00 0.00 0.00 0.00 0.00 0.00 0.00 0.00 0.00 0.00 0.00 0.00 0.00 0.00 0.00 0.00 0.13 0.14 0.13 0.14 0.13 0.13 0.12 0.10 0.08 0.06 0.00 0.00 0.00 0.00 0.00 0.00 0.00 0.00 0.00 0.00 0.00 0.00 0.00 0.00 0.00 0.00 0.00 0.00 0.00 0.00 0.00 0.14 0.13 0.14 0.13 0.13 0.12 0.10 0.08 0.06 0.00 0.00 0.00 0.00 0.00 0.00 0.00 0.00 0.00 0.00 0.00 0.00 0.00 0.00 0.00 0.00 0.00 0.00 0.00 0.00 0.00 0.00 0.13 0.14 0.13 0.13 0.12 0.11 0.08 0.00 0.00 0.00 0.00 0.00 0.00 0.00 0.00 0.00 0.00 0.00 0.00 0.00 0.00 0.00 0.00 0.00 0.00 0.00 0.00 0.00 0.00 0.00 0.00 0.14 0.13 0.13 0.12 0.11 0.00 0.00 0.00 0.00 0.00 0.00 0.00 0.00 0.00 0.00 0.00 0.00 0.00 0.00 0.00 0.00 0.00 0.00 0.00 0.00 0.00 0.00 0.00 0.00 0.00 0.00 0.00 0.00 0.00 0.00 0.00 0.00 0.00 0.00 0.00 0.00 0.00 0.00 0.00 0.00 0.00 0.00
height.size=2460
height.data=792.53 792.53 792.53 792.53 792.53 792.53 792.53 792.53 792.53 792.53 792.53 792.53 792.53 792.53 792.53 792.53 792.53 792.53 792.53 792.53 792.53 792.53 792.53 792.53 792.53 792.53 792.53 792.53 792.53 792.53 798.79 798.79 798.79 798.79 798.79 798.79 798.79 798.79 798.79 798.79 798.79 798.79 798.79 798.79 798.79 798.79 798.79 798.79 798.79 798.79 798.79 798.79 798.79 798.79 798.79 798.79 798.79 798.79 798.79 798.79 805.05 805.05 805.05 805.05 805.05 805.05 805.05 805.05 805.05 805.05 805.05 805.05 805.05 805.05 805.05 805.05 805.05 805.05 805.05 805.05 805.05 805.05 805.05 805.05 805.05 805.05 805.05 805.05 805.05 805.05 811.32 811.32 811.32 811.32 811.32 811.32 811.32 811.32 811.32 811.32 811.32 811.32 811.32 811.32 811.32 811.32 811.32 811.32 811.32 811.32 811.32 811.32 811.32 811.32 811.32 811.32 811.32 811.32 811.32 811.32 817.60 817.60 817.60 817.60 817.60 817.60 817.60 817.60 817.60 817.60 817.60 817.60 817.60 817.60 817.60 817.60 817.60 817.60 817.60 817.60 817.60 817.60 817.60 817.60 817.60 817.60 817.60 817.60 817.60 817.60 823.88 823.88 823.88 823.88 823.88 823.88 823.88 823.88 823.88 823.88 823.88 823.88 823.88 823.88 823.88 823.88 823.88 823.88 823.88 823.88 823.88 823.88 823.88 823.88 823.88 823.88 823.88 823.88 823.88 823.88 830.17 830.17 830.17 830.17 830.17 830.17 830.17 830.17 830.17 830.17 830.17 830.17 830.17 830.17 830.17 830.17 830.17 830.17 830.17 830.17 830.17 830.17 830.17 830.17 830.17 830.17 830.17 830.17 830.17 830.17 836.47 836.47 836.47 836.47 836.47 836.47 836.47 836.47 836.47 836.47 836.47 836.47 836.47 836.47 836.47 836.47 836.47 836.47 836.47 836.47 836.47 836.47 836.47 836.47 836.47 836.47 836.47 836.47 836.47 836.47 842.77 842.77 842.77 842.77 842.77 842.77 842.77 842.77 842.77 842.77 842.77 842.77 842.77 842.77 842.77 842.77 842.77 842.77 842.77 842.77 842.77 842.77 842.77 842.77 842.77 842.77 842.77 842.77 842.77 842.77 849.09 849.09 849.09 849.09 849.09 849.09 849.09 849.09 849.09 849.09 849.09 849.09 849.09 849.09 849.09 849.09 849.09 849.09 849.09 849.09 849.09 849.09 849.09 849.09 849.09 849.09 849.09 849.09 849.09 849.09 855.41 855.41 855.41 855.41 855.41 855.41 855.41 855.41 855.41 855.41 855.41 855.41 855.41 855.41 855.41 855.41 855.41 855.41 855.41 855.41 855.41 855.41 855.41 855.41 855.41 855.41 855.41 855.41 855.41 855.41 861.73 861.73 861.73 861.73 861.73 861.73 861.73 861.73 861.73 861.73 861.73 861.73 861.73 861.73 861.73 861.73 861.73 861.73 861.73 861.73 861.73 861.73 861.73 861.73 861.73 861.73 861.73 861.73 861.73 861.73 868.07 868.07 868.07 868.07 868.07 868.07 868.07 868.07 868.07 868.07 868.07 868.07 868.07 868.07 868.07 868.07 868.07 868.07 868.07 868.07 868.07 868.07 868.07 868.07 868.07 868.07 868.07 868.07 868.07 868.07 874.41 874.41 874.41 874.41 874.41 874.41 874.41 874.41 874.41 874.41 874.41 874.41 874.41 874.41 874.41 874.41 874.41 874.41 874.41 874.41 874.41 874.41 874.41 874.41 874.41 874.41 874.41 874.41 874.41 874.41 880.76 880.76 880.76 880.76 880.76 880.76 880.76 880.76 880.76 880.76 880.76 880.76 880.76 880.76 880.76 880.76 880.76 880.76 880.76 880.76 880.76 880.76 880.76 880.76 880.76 880.76 880.76 880.76 880.76 880.76 887.12 887.12 887.12 887.12 887.12 887.12 887.12 887.12 887.12 887.12 887.12 887.12 887.12 887.12 887.12 887.12 887.12 887.12 887.12 887.12 887.12 887.12 887.12 887.12 887.12 887.12 887.12 887.12 887.12 887.12 893.48 893.48 893.48 893.48 893.48 893.48 893.48 893.48 893.48 893.48 893.48 893.48 893.48 893.48 893.48 893.48 893.48 893.48 893.48 893.48 893.48 893.48 893.48 893.48 893.48 893.48 893.48 893.48 893.48 893.48 899.85 899.85 899.85 899.85 899.85 899.85 899.85 899.85 899.85 899.85 899.85 899.85 899.85 899.85 899.85 899.85 899.85 899.85 899.85 899.85 899.85 899.85 899.85 899.85 899.85 899.85 899.85 899.85 899.85 899.85 906.23 906.23 906.23 906.23 906.23 906.23 906.23 906.23 906.23 906.23 906.23 906.23 906.23 906.23 906.23 906.23 906.23 906.23 906.23 906.23 906.23 906.23 906.23 906.23 906.23 906.23 906.23 906.23 906.23 906.23 912.62 912.62 912.62 912.62 912.62 912.62 912.62 912.62 912.62 912.62 912.62 912.62 912.62 912.62 912.62 912.62 912.62 912.62 912.62 912.62 912.62 912.62 912.62 912.62 912.62 912.62 912.62 912.62 912.62 912.62 919.01 919.01 919.01 919.01 919.01 919.01 919.01 919.01 919.01 919.01 919.01 919.01 919.01 919.01 919.01 919.01 919.01 919.01 919.01 919.01 919.01 919.01 919.01 919.01 919.01 919.01 919.01 919.01 919.01 919.01 925.41 925.41 925.41 925.41 925.41 925.41 925.41 925.41 925.41 925.41 925.41 925.41 925.41 925.41 925.41 925.41 925.41 925.41 925.41 925.41 925.41 925.41 925.41 925.41 925.41 925.41 925.41 925.41 925.41 925.41 931.82 931.82 931.82 931.82 931.82 931.82 931.82 931.82 931.82 931.82 931.82 931.82 931.82 931.82 931.82 931.82 931.82 931.82 931.82 931.82 931.82 931.82 931.82 931.82 931.82 931.82 931.82 931.82 931.82 931.82 938.24 938.24 938.24 938.24 938.24 938.24 938.24 938.24 938.24 938.24 938.24 938.24 938.24 938.24 938.24 938.24 938.24 938.24 938.24 938.24 938.24 938.24 938.24 938.24 938.24 938.24 938.24 938.24 938.24 938.24 944.66 944.66 944.66 944.66 944.66 944.66 944.66 944.66 944.66 944.66 944.66 944.66 944.66 944.66 944.66 944.66 944.66 944.66 944.66 944.66 944.66 944.66 944.66 944.66 944.66 944.66 944.66 944.66 944.66 944.66 951.09 951.09 951.09 951.09 951.09 951.09 951.09 951.09 951.09 951.09 951.09 951.09 951.09 951.09 951.09 951.09 951.09 951.09 951.09 951.09 951.09 951.09 951.09 951.09 951.09 951.09 951.09 951.09 951.09 951.09 957.53 957.53 957.53 957.53 957.53 957.53 957.53 957.53 957.53 957.53 957.53 957.53 957.53 957.53 957.53 957.53 957.53 957.53 957.53 957.53 957.53 957.53 957.53 957.53 957.53 957.53 957.53 957.53 957.53 957.53 963.97 963.97 963.97 963.97 963.97 963.97 963.97 963.97 963.97 963.97 963.97 963.97 963.97 963.97 963.97 963.97 963.97 963.97 963.97 963.97 963.97 963.97 963.97 963.97 963.97 963.97 963.97 963.97 963.97 963.97 970.43 970.43 970.43 970.43 970.43 970.43 970.43 970.43 970.43 970.43 970.43 970.43 970.43 970.43 970.43 970.43 970.43 970.43 970.43 970.43 970.43 970.43 970.43 970.43 970.43 970.43 970.43 970.43 970.43 970.43 976.89 976.89 976.89 976.89 976.89 976.89 976.89 976.89 976.89 976.89 976.89 976.89 976.89 976.89 976.89 976.89 976.89 976.89 976.89 976.89 976.89 976.89 976.89 976.89 976.89 976.89 976.89 976.89 976.89 976.89 983.35 983.35 983.35 983.35 983.35 983.35 983.35 983.35 983.35 983.35 983.35 983.35 983.35 983.35 983.35 983.35 983.35 983.35 983.35 983.35 983.35 983.35 983.35 983.35 983.35 983.35 983.35 983.35 983.35 983.35 989.83 989.83 989.83 989.83 989.83 989.83 989.83 989.83 989.83 989.83 989.83 989.83 989.83 989.83 989.83 989.83 989.83 989.83 989.83 989.83 989.83 989.83 989.83 989.83 989.83 989.83 989.83 989.83 989.83 989.83 996.31 996.31 996.31 996.31 996.31 996.31 996.31 996.31 996.31 996.31 996.31 996.31 996.31 996.31 996.31 996.31 996.31 996.31 996.31 996.31 996.31 996.31 996.31 996.31 996.31 996.31 996.31 996.31 996.31 996.31 1002.80 1002.80 1002.80 1002.80 1002.80 1002.80 1002.80 1002.80 1002.80 1002.80 1002.80 1002.80 1002.80 1002.80 1002.80 1002.80 1002.80 1002.80 1002.80 1002.80 1002.80 1002.80 1002.80 1002.80 1002.80 1002.80 1002.80 1002.80 1002.80 1002.80 1009.30 1009.30 1009.30 1009.30 1009.30 1009.30 1009.30 1009.30 1009.30 1009.30 1009.30 1009.30 1009.30 1009.30 1009.30 1009.30 1009.30 1009.30 1009.30 1009.30 1009.30 1009.30 1009.30 1009.30 1009.30 1009.30 1009.30 1009.30 1009.30 1009.30 1015.80 1015.80 1015.80 1015.80 1015.80 1015.80 1015.80 1015.80 1015.80 1015.80 1015.80 1015.80 1015.80 1015.80 1015.80 1015.80 1015.80 1015.80 1015.80 1015.80 1015.80 1015.80 1015.80 1015.80 1015.80 1015.80 1015.80 1015.80 1015.80 1015.80 1022.31 1022.31 1022.31 1022.31 1022.31 1022.31 1022.31 1022.31 1022.31 1022.31 1022.31 1022.31 1022.31 1022.31 1022.31 1022.31 1022.31 1022.31 1022.31 1022.31 1022.31 1022.31 1022.31 1022.31 1022.31 1022.31 1022.31 1022.31 1022.31 1022.31 1028.83 1028.83 1028.83 1028.83 1028.83 1028.83 1028.83 1028.83 1028.83 1028.83 1028.83 1028.83 1028.83 1028.83 1028.83 1028.83 1028.83 1028.83 1028.83 1028.83 1028.83 1028.83 1028.83 1028.83 1028.83 1028.83 1028.83 1028.83 1028.83 1028.83 1035.36 1035.36 1035.36 1035.36 1035.36 1035.36 1035.36 1035.36 1035.36 1035.36 1035.36 1035.36 1035.36 1035.36 1035.36 1035.36 1035.36 1035.36 1035.36 1035.36 1035.36 1035.36 1035.36 1035.36 1035.36 1035.36 1035.36 1035.36 1035.36 1035.36 1041.89 1041.89 1041.89 1041.89 1041.89 1041.89 1041.89 1041.89 1041.89 1041.89 1041.89 1041.89 1041.89 1041.89 1041.89 1041.89 1041.89 1041.89 1041.89 1041.89 1041.89 1041.89 1041.89 1041.89 1041.89 1041.89 1041.89 1041.89 1041.89 1041.89 1048.43 1048.43 1048.43 1048.43 1048.43 1048.43 1048.43 1048.43 1048.43 1048.43 1048.43 1048.43 1048.43 1048.43 1048.43 1048.43 1048.43 1048.43 1048.43 1048.43 1048.43 1048.43 1048.43 1048.43 1048.43 1048.43 1048.43 1048.43 1048.43 1048.43 1054.98 1054.98 1054.98 1054.98 1054.98 1054.98 1054.98 1054.98 1054.98 1054.98 1054.98 1054.98 1054.98 1054.98 1054.98 1054.98 1054.98 1054.98 1054.98 1054.98 1054.98 1054.98 1054.98 1054.98 1054.98 1054.98 1054.98 1054.98 1054.98 1054.98 1061.53 1061.53 1061.53 1061.53 1061.53 1061.53 1061.53 1061.53 1061.53 1061.53 1061.53 1061.53 1061.53 1061.53 1061.53 1061.53 1061.53 1061.53 1061.53 1061.53 1061.53 1061.53 1061.53 1061.53 1061.53 1061.53 1061.53 1061.53 1061.53 1061.53 1068.10 1068.10 1068.10 1068.10 1068.10 1068.10 1068.10 1068.10 1068.10 1068.10 1068.10 1068.10 1068.10 1068.10 1068.10 1068.10 1068.10 1068.10 1068.10 1068.10 1068.10 1068.10 1068.10 1068.10 1068.10 1068.10 1068.10 1068.10 1068.10 1068.10 1074.67 1074.67 1074.67 1074.67 1074.67 1074.67 1074.67 1074.67 1074.67 1074.67 1074.67 1074.67 1074.67 1074.67 1074.67 1074.67 1074.67 1074.67 1074.67 1074.67 1074.67 1074.67 1074.67 1074.67 1074.67 1074.67 1074.67 1074.67 1074.67 1074.67 1081.25 1081.25 1081.25 1081.25 1081.25 1081.25 1081.25 1081.25 1081.25 1081.25 1081.25 1081.25 1081.25 1081.25 1081.25 1081.25 1081.25 1081.25 1081.25 1081.25 1081.25 1081.25 1081.25 1081.25 1081.25 1081.25 1081.25 1081.25 1081.25 1081.25 1087.83 1087.83 1087.83 1087.83 1087.83 1087.83 1087.83 1087.83 1087.83 1087.83 1087.83 1087.83 1087.83 1087.83 1087.83 1087.83 1087.83 1087.83 1087.83 1087.83 1087.83 1087.83 1087.83 1087.83 1087.83 1087.83 1087.83 1087.83 1087.83 1087.83 1094.42 1094.42 1094.42 1094.42 1094.42 1094.42 1094.42 1094.42 1094.42 1094.42 1094.42 1094.42 1094.42 1094.42 1094.42 1094.42 1094.42 1094.42 1094.42 1094.42 1094.42 1094.42 1094.42 1094.42 1094.42 1094.42 1094.42 1094.42 1094.42 1094.42 1101.02 1101.02 1101.02 1101.02 1101.02 1101.02 1101.02 1101.02 1101.02 1101.02 1101.02 1101.02 1101.02 1101.02 1101.02 1101.02 1101.02 1101.02 1101.02 1101.02 1101.02 1101.02 1101.02 1101.02 1101.02 1101.02 1101.02 1101.02 1101.02 1101.02 1107.63 1107.63 1107.63 1107.63 1107.63 1107.63 1107.63 1107.63 1107.63 1107.63 1107.63 1107.63 1107.63 1107.63 1107.63 1107.63 1107.63 1107.63 1107.63 1107.63 1107.63 1107.63 1107.63 1107.63 1107.63 1107.63 1107.63 1107.63 1107.63 1107.63 1114.24 1114.24 1114.24 1114.24 1114.24 1114.24 1114.24 1114.24 1114.24 1114.24 1114.24 1114.24 1114.24 1114.24 1114.24 1114.24 1114.24 1114.24 1114.24 1114.24 1114.24 1114.24 1114.24 1114.24 1114.24 1114.24 1114.24 1114.24 1114.24 1114.24 1120.86 1120.86 1120.86 1120.86 1120.86 1120.86 1120.86 1120.86 1120.86 1120.86 1120.86 1120.86 1120.86 1120.86 1120.86 1120.86 1120.86 1120.86 1120.86 1120.86 1120.86 1120.86 1120.86 1120.86 1120.86 1120.86 1120.86 1120.86 1120.86 1120.86 1127.49 1127.49 1127.49 1127.49 1127.49 1127.49 1127.49 1127.49 1127.49 1127.49 1127.49 1127.49 1127.49 1127.49 1127.49 1127.49 1127.49 1127.49 1127.49 1127.49 1127.49 1127.49 1127.49 1127.49 1127.49 1127.49 1127.49 1127.49 1127.49 1127.49 1134.13 1134.13 1134.13 1134.13 1134.13 1134.13 1134.13 1134.13 1134.13 1134.13 1134.13 1134.13 1134.13 1134.13 1134.13 1134.13 1134.13 1134.13 1134.13 1134.13 1134.13 1134.13 1134.13 1134.13 1134.13 1134.13 1134.13 1134.13 1134.13 1134.13 1140.77 1140.77 1140.77 1140.77 1140.77 1140.77 1140.77 1140.77 1140.77 1140.77 1140.77 1140.77 1140.77 1140.77 1140.77 1140.77 1140.77 1140.77 1140.77 1140.77 1140.77 1140.77 1140.77 1140.77 1140.77 1140.77 1140.77 1140.77 1140.77 1140.77 1147.42 1147.42 1147.42 1147.42 1147.42 1147.42 1147.42 1147.42 1147.42 1147.42 1147.42 1147.42 1147.42 1147.42 1147.42 1147.42 1147.42 1147.42 1147.42 1147.42 1147.42 1147.42 1147.42 1147.42 1147.42 1147.42 1147.42 1147.42 1147.42 1147.42 1154.08 1154.08 1154.08 1154.08 1154.08 1154.08 1154.08 1154.08 1154.08 1154.08 1154.08 1154.08 1154.08 1154.08 1154.08 1154.08 1154.08 1154.08 1154.08 1154.08 1154.08 1154.08 1154.08 1154.08 1154.08 1154.08 1154.08 1154.08 1154.08 1154.08 1160.75 1160.75 1160.75 1160.75 1160.75 1160.75 1160.75 1160.75 1160.75 1160.75 1160.75 1160.75 1160.75 1160.75 1160.75 1160.75 1160.75 1160.75 1160.75 1160.75 1160.75 1160.75 1160.75 1160.75 1160.75 1160.75 1160.75 1160.75 1160.75 1160.75 1167.42 1167.42 1167.42 1167.42 1167.42 1167.42 1167.42 1167.42 1167.42 1167.42 1167.42 1167.42 1167.42 1167.42 1167.42 1167.42 1167.42 1167.42 1167.42 1167.42 1167.42 1167.42 1167.42 1167.42 1167.42 1167.42 1167.42 1167.42 1167.42 1167.42 1174.10 1174.10 1174.10 1174.10 1174.10 1174.10 1174.10 1174.10 1174.10 1174.10 1174.10 1174.10 1174.10 1174.10 1174.10 1174.10 1174.10 1174.10 1174.10 1174.10 1174.10 1174.10 1174.10 1174.10 1174.10 1174.10 1174.10 1174.10 1174.10 1174.10 1180.79 1180.79 1180.79 1180.79 1180.79 1180.79 1180.79 1180.79 1180.79 1180.79 1180.79 1180.79 1180.79 1180.79 1180.79 1180.79 1180.79 1180.79 1180.79 1180.79 1180.79 1180.79 1180.79 1180.79 1180.79 1180.79 1180.79 1180.79 1180.79 1180.79 1187.49 1187.49 1187.49 1187.49 1187.49 1187.49 1187.49 1187.49 1187.49 1187.49 1187.49 1187.49 1187.49 1187.49 1187.49 1187.49 1187.49 1187.49 1187.49 1187.49 1187.49 1187.49 1187.49 1187.49 1187.49 1187.49 1187.49 1187.49 1187.49 1187.49 1194.19 1194.19 1194.19 1194.19 1194.19 1194.19 1194.19 1194.19 1194.19 1194.19 1194.19 1194.19 1194.19 1194.19 1194.19 1194.19 1194.19 1194.19 1194.19 1194.19 1194.19 1194.19 1194.19 1194.19 1194.19 1194.19 1194.19 1194.19 1194.19 1194.19 1200.90 1200.90 1200.90 1200.90 1200.90 1200.90 1200.90 1200.90 1200.90 1200.90 1200.90 1200.90 1200.90 1200.90 1200.90 1200.90 1200.90 1200.90 1200.90 1200.90 1200.90 1200.90 1200.90 1200.90 1200.90 1200.90 1200.90 1200.90 1200.90 1200.90 1207.61 1207.61 1207.61 1207.61 1207.61 1207.61 1207.61 1207.61 1207.61 1207.61 1207.61 1207.61 1207.61 1207.61 1207.61 1207.61 1207.61 1207.61 1207.61 1207.61 1207.61 1207.61 1207.61 1207.61 1207.61 1207.61 1207.61 1207.61 1207.61 1207.61 1214.34 1214.34 1214.34 1214.34 1214.34 1214.34 1214.34 1214.34 1214.34 1214.34 1214.34 1214.34 1214.34 1214.34 1214.34 1214.34 1214.34 1214.34 1214.34 1214.34 1214.34 1214.34 1214.34 1214.34 1214.34 1214.34 1214.34 1214.34 1214.34 1214.34 1221.07 1221.07 1221.07 1221.07 1221.07 1221.07 1221.07 1221.07 1221.07 1221.07 1221.07 1221.07 1221.07 1221.07 1221.07 1221.07 1221.07 1221.07 1221.07 1221.07 1221.07 1221.07 1221.07 1221.07 1221.07 1221.07 1221.07 1221.07 1221.07 1221.07 1227.81 1227.81 1227.81 1227.81 1227.81 1227.81 1227.81 1227.81 1227.81 1227.81 1227.81 1227.81 1227.81 1227.81 1227.81 1227.81 1227.81 1227.81 1227.81 1227.81 1227.81 1227.81 1227.81 1227.81 1227.81 1227.81 1227.81 1227.81 1227.81 1227.81 1234.56 1234.56 1234.56 1234.56 1234.56 1234.56 1234.56 1234.56 1234.56 1234.56 1234.56 1234.56 1234.56 1234.56 1234.56 1234.56 1234.56 1234.56 1234.56 1234.56 1234.56 1234.56 1234.56 1234.56 1234.56 1234.56 1234.56 1234.56 1234.56 1234.56 1241.31 1241.31 1241.31 1241.31 1241.31 1241.31 1241.31 1241.31 1241.31 1241.31 1241.31 1241.31 1241.31 1241.31 1241.31 1241.31 1241.31 1241.31 1241.31 1241.31 1241.31 1241.31 1241.31 1241.31 1241.31 1241.31 1241.31 1241.31 1241.31 1241.31 1248.07 1248.07 1248.07 1248.07 1248.07 1248.07 1248.07 1248.07 1248.07 1248.07 1248.07 1248.07 1248.07 1248.07 1248.07 1248.07 1248.07 1248.07 1248.07 1248.07 1248.07 1248.07 1248.07 1248.07 1248.07 1248.07 1248.07 1248.07 1248.07 1248.07 1254.84 1254.84 1254.84 1254.84 1254.84 1254.84 1254.84 1254.84 1254.84 1254.84 1254.84 1254.84 1254.84 1254.84 1254.84 1254.84 1254.84 1254.84 1254.84 1254.84 1254.84 1254.84 1254.84 1254.84 1254.84 1254.84 1254.84 1254.84 1254.84 1254.84 1261.62 1261.62 1261.62 1261.62 1261.62 1261.62 1261.62 1261.62 1261.62 1261.62 1261.62 1261.62 1261.62 1261.62 1261.62 1261.62 1261.62 1261.62 1261.62 1261.62 1261.62 1261.62 1261.62 1261.62 1261.62 1261.62 1261.62 1261.62 1261.62 1261.62 1268.40 1268.40 1268.40 1268.40 1268.40 1268.40 1268.40 1268.40 1268.40 1268.40 1268.40 1268.40 1268.40 1268.40 1268.40 1268.40 1268.40 1268.40 1268.40 1268.40 1268.40 1268.40 1268.40 1268.40 1268.40 1268.40 1268.40 1268.40 1268.40 1268.40 1275.19 1275.19 1275.19 1275.19 1275.19 1275.19 1275.19 1275.19 1275.19 1275.19 1275.19 1275.19 1275.19 1275.19 1275.19 1275.19 1275.19 1275.19 1275.19 1275.19 1275.19 1275.19 1275.19 1275.19 1275.19 1275.19 1275.19 1275.19 1275.19 1275.19 1281.99 1281.99 1281.99 1281.99 1281.99 1281.99 1281.99 1281.99 1281.99 1281.99 1281.99 1281.99 1281.99 1281.99 1281.99 1281.99 1281.99 1281.99 1281.99 1281.99 1281.99 1281.99 1281.99 1281.99 1281.99 1281.99 1281.99 1281.99 1281.99 1281.99 1288.79 1288.79 1288.79 1288.79 1288.79 1288.79 1288.79 1288.79 1288.79 1288.79 1288.79 1288.79 1288.79 1288.79 1288.79 1288.79 1288.79 1288.79 1288.79 1288.79 1288.79 1288.79 1288.79 1288.79 1288.79 1288.79 1288.79 1288.79 1288.79 1288.79 1295.61 1295.61 1295.61 1295.61 1295.61 1295.61 1295.61 1295.61 1295.61 1295.61 1295.61 1295.61 1295.61 1295.61 1295.61 1295.61 1295.61 1295.61 1295.61 1295.61 1295.61 1295.61 1295.61 1295.61 1295.61 1295.61 1295.61 1295.61 1295.61 1295.61 1302.43 1302.43 1302.43 1302.43 1302.43 1302.43 1302.43 1302.43 1302.43 1302.43 1302.43 1302.43 1302.43 1302.43 1302.43 1302.43 1302.43 1302.43 1302.43 1302.43 1302.43 1302.43 1302.43 1302.43 1302.43 1302.43 1302.43 1302.43 1302.43 1302.43 1309.25 1309.25 1309.25 1309.25 1309.25 1309.25 1309.25 1309.25 1309.25 1309.25 1309.25 1309.25 1309.25 1309.25 1309.25 1309.25 1309.25 1309.25 1309.25 1309.25 1309.25 1309.25 1309.25 1309.25 1309.25 1309.25 1309.25 1309.25 1309.25 1309.25 1316.09 1316.09 1316.09 1316.09 1316.09 1316.09 1316.09 1316.09 1316.09 1316.09 1316.09 1316.09 1316.09 1316.09 1316.09 1316.09 1316.09 1316.09 1316.09 1316.09 1316.09 1316.09 1316.09 1316.09 1316.09 1316.09 1316.09 1316.09 1316.09 1316.09 1322.93 1322.93 1322.93 1322.93 1322.93 1322.93 1322.93 1322.93 1322.93 1322.93 1322.93 1322.93 1322.93 1322.93 1322.93 1322.93 1322.93 1322.93 1322.93 1322.93 1322.93 1322.93 1322.93 1322.93 1322.93 1322.93 1322.93 1322.93 1322.93 1322.93
=== END RADAR_SCAN ===

=== BEGIN RADAR_SCAN ===
scan.index=14
scan.time=179.330000
radar.id=0
radar.frequency=C
radar.scanning_mode=PPI
radar.x=0.000
radar.y=0.000
radar.z=25.000
radar.maximum_range=250000.000
radar.range_resolution=250.000
radar.angular_resolution=1.000000
box.radar_id=0
box.min_range_gate=138.000
box.max_range_gate=219.000
box.min_angle=131.000000
box.max_angle=161.000000
box.num_ranges=82
box.num_angles=30
box.range_resolution=250.000
box.angular_resolution=1.000000
box.other_angle=0.300000
grid.size=2460
grid.data=0.00 0.00 0.00 0.00 0.00 0.00 0.00 0.00 0.00 0.00 0.00 0.00 0.00 0.00 0.00 0.00 0.00 0.00 0.00 0.00 0.00 0.00 0.00 0.00 0.00 0.00 0.00 0.00 0.00 0.00 0.00 0.00 0.00 0.00 0.00 0.00 0.00 0.00 0.00 0.00 0.00 0.00 0.00 26.34 28.06 25.60 25.39 24.72 0.00 0.00 0.00 0.00 0.00 0.00 0.00 0.00 0.00 0.00 0.00 0.00 0.00 0.00 0.00 0.00 0.00 0.00 0.00 0.00 0.00 0.00 0.00 26.18 29.90 26.20 27.63 27.86 26.34 28.65 24.50 0.00 0.00 0.00 0.00 0.00 0.00 0.00 0.00 0.00 0.00 0.00 0.00 0.00 0.00 0.00 0.00 0.00 0.00 0.00 0.00 0.00 26.35 27.09 29.03 27.71 29.12 25.04 27.27 23.02 27.43 27.72 0.00 0.00 0.00 0.00 0.00 0.00 0.00 0.00 0.00 0.00 0.00 0.00 0.00 0.00 0.00 0.00 0.00 0.00 0.00 0.00 27.23 26.09 28.36 29.00 27.75 28.59 30.39 26.53 27.79 26.11 23.41 0.00 0.00 0.00 0.00 0.00 0.00 0.00 0.00 0.00 0.00 0.00 0.00 0.00 0.00 0.00 0.00 0.00 0.00 27.53 34.20 31.06 38.06 26.24 28.54 27.57 29.32 28.93 30.09 30.49 25.56 28.11 0.00 0.00 0.00 0.00 0.00 0.00 0.00 0.00 0.00 0.00 0.00 0.00 0.00 0.00 0.00 0.00 34.35 34.80 35.65 35.19 34.05 33.58 25.55 25.92 28.82 26.36 29.24 26.80 29.38 29.94 29.12 0.00 0.00 0.00 0.00 0.00 0.00 0.00 0.00 0.00 0.00 0.00 0.00 0.00 0.00 0.00 33.54 36.65 34.01 32.21 37.54 33.12 32.15 26.93 26.76 26.02 30.75 28.57 28.34 26.89 29.18 0.00 0.00 0.00 0.00 0.00 0.00 0.00 0.00 0.00 0.00 0.00 0.00 0.00 0.00 34.82 33.27 32.24 32.15 35.60 34.34 35.62 31.97 33.24 25.83 31.49 25.26 27.78 26.00 25.45 25.93 25.67 0.00 0.00 0.00 0.00 0.00 0.00 0.00 0.00 0.00 0.00 0.00 0.00 0.00 33.14 30.68 31.81 31.78 31.74 31.56 34.29 31.33 34.00 28.51 27.74 27.89 28.65 26.42 28.60 27.48 25.17 0.00 0.00 0.00 0.00 0.00 0.00 0.00 0.00 0.00 0.00 0.00 0.00 33.17 30.65 32.35 35.74 29.63 31.88 33.19 33.73 31.52 31.72 32.73 29.12 29.21 25.74 24.87 31.80 27.12 26.97 23.17 0.00 0.00 0.00 0.00 0.00 0.00 0.00 0.00 0.00 0.00 0.00 34.24 32.06 35.54 33.08 37.15 30.09 35.23 32.34 29.54 35.01 37.14 26.53 27.51 30.51 24.74 26.48 25.88 28.28 25.75 0.00 0.00 0.00 0.00 0.00 0.00 0.00 0.00 0.00 0.00 0.00 35.32 35.54 30.33 35.39 32.29 31.97 28.99 35.87 28.22 32.94 32.64 24.97 22.14 26.46 25.91 26.65 23.71 27.97 27.30 0.00 0.00 0.00 0.00 0.00 0.00 0.00 0.00 0.00 0.00 30.69 35.52 32.53 26.34 33.02 31.96 34.03 35.10 31.65 35.54 35.00 30.59 35.56 25.29 26.81 29.12 29.51 24.86 24.04 25.24 25.94 0.00 0.00 0.00 0.00 0.00 0.00 0.00 0.00 0.00 33.36 29.22 34.84 34.53 30.10 33.17 33.75 34.34 30.57 34.55 35.34 33.39 33.29 29.64 27.87 23.45 25.55 28.51 23.11 27.22 25.42 0.00 0.00 0.00 0.00 0.00 0.00 0.00 0.00 0.00 33.46 32.50 34.72 29.41 31.18 30.55 34.23 35.05 35.76 30.14 37.26 33.85 33.99 27.73 28.13 29.05 26.63 28.65 29.63 27.51 26.25 0.00 0.00 0.00 0.00 0.00 0.00 0.00 0.00 28.25 35.51 33.17 32.96 33.93 33.63 36.94 37.87 36.83 34.54 33.05 34.71 35.59 31.82 27.15 29.05 27.10 26.11 28.09 27.18 29.58 29.31 0.00 0.00 0.00 0.00 0.00 0.00 0.00 0.00 23.52 32.20 33.99 37.26 30.83 27.55 30.88 26.24 36.48 34.22 35.84 32.02 32.67 35.31 27.85 27.46 27.02 24.97 23.49 27.84 26.56 24.37 29.44 0.00 0.00 0.00 0.00 0.00 0.00 0.00 28.70 33.15 31.90 34.50 36.00 32.21 33.18 34.51 29.83 30.47 37.02 36.21 31.04 29.89 29.53 28.16 23.37 24.96 26.24 27.91 28.73 23.39 24.19 0.00 0.00 0.00 0.00 0.00 0.00 0.00 23.35 33.15 31.03 31.56 33.92 34.30 31.88 28.15 28.42 32.92 28.37 32.60 31.13 29.96 30.08 27.22 28.26 27.85 24.49 25.06 30.01 25.15 28.71 0.00 0.00 0.00 0.00 0.00 0.00 0.00 32.59 26.44 34.82 33.69 28.75 34.32 31.73 33.51 33.38 32.48 31.26 34.83 33.28 32.77 25.07 22.95 27.04 27.41 26.78 27.02 27.74 27.20 26.95 0.00 0.00 0.00 0.00 0.00 0.00 0.00 28.68 32.31 30.31 36.81 31.19 34.32 35.36 32.03 34.40 34.12 32.80 35.43 35.37 30.34 32.31 29.25 26.47 25.20 26.10 26.37 31.06 26.86 26.38 0.00 0.00 0.00 0.00 0.00 0.00 27.04 29.57 32.53 32.81 35.03 30.06 30.86 32.62 37.09 34.30 28.12 35.48 36.27 32.53 33.15 34.94 28.20 26.01 22.77 28.53 28.13 26.96 25.20 28.53 0.00 0.00 0.00 0.00 0.00 0.00 25.28 34.80 34.01 33.15 31.36 33.69 37.10 36.10 35.13 32.02 31.30 32.77 33.18 31.85 32.00 36.37 31.30 24.45 26.85 28.59 24.53 26.82 26.61 25.07 30.30 0.00 0.00 0.00 0.00 0.00 25.86 30.92 30.43 32.69 35.42 32.37 33.63 31.71 38.74 33.80 29.52 37.03 32.03 38.64 33.75 34.66 29.24 23.20 28.32 27.16 26.14 24.07 25.96 26.17 27.52 0.00 0.00 0.00 0.00 0.00 26.89 34.50 34.25 38.76 32.39 35.13 31.11 33.85 35.51 31.70 35.71 33.66 34.84 33.71 32.95 36.40 28.49 29.43 27.87 26.37 28.79 28.05 28.81 28.27 26.50 0.00 0.00 0.00 0.00 0.00 25.77 30.32 31.92 29.27 32.84 35.18 32.57 33.61 37.81 33.82 33.52 29.29 37.81 32.90 34.65 24.78 28.61 26.38 27.92 31.26 24.74 28.49 26.86 24.08 26.36 0.00 0.00 0.00 0.00 0.00 28.21 28.45 36.87 37.63 38.13 29.33 35.77 30.76 36.23 34.37 32.31 34.68 32.33 37.71 35.75 28.39 27.87 25.87 29.39 28.01 27.09 28.97 30.34 25.99 30.99 0.00 0.00 0.00 0.00 0.00 27.33 26.51 34.06 40.65 30.23 31.56 34.43 30.13 33.29 33.90 30.06 34.22 31.12 34.78 29.64 26.41 26.89 24.69 26.06 29.39 29.90 26.61 26.82 23.13 29.81 0.00 0.00 0.00 0.00 0.00 28.48 28.30 32.16 32.71 34.17 29.77 37.42 36.56 34.94 32.65 33.28 35.08 32.44 36.38 31.01 25.29 26.98 25.36 22.90 27.45 26.84 29.46 24.20 26.81 28.01 0.00 0.00 0.00 0.00 0.00 25.72 24.86 35.74 34.89 33.69 26.80 34.10 32.16 28.87 30.90 26.24 34.59 32.66 34.23 30.48 24.87 25.27 25.63 26.26 26.25 30.46 29.83 26.71 23.42 23.66 0.00 0.00 0.00 0.00 0.00 29.30 25.01 32.03 31.70 37.11 35.76 32.06 35.75 34.84 33.04 29.64 35.32 33.77 31.40 34.93 28.22 27.45 23.50 27.53 25.47 25.25 27.82 26.73 25.24 30.03 0.00 0.00 0.00 0.00 0.00 25.99 31.02 34.53 33.02 35.85 34.28 33.80 36.70 31.33 34.72 34.40 32.36 32.62 33.64 31.14 26.23 28.74 30.14 25.14 30.03 27.62 22.93 28.29 24.39 26.39 0.00 0.00 0.00 0.00 0.00 27.67 32.18 31.01 31.98 30.21 35.68 28.34 34.70 34.55 32.37 34.60 34.05 33.28 33.99 30.91 28.43 30.92 30.90 26.85 27.37 27.94 26.94 27.85 27.04 26.42 0.00 0.00 0.00 0.00 26.54 28.52 23.47 31.38 37.77 29.73 30.74 32.77 32.17 31.86 35.23 33.39 32.92 34.00 33.27 24.47 27.39 28.09 25.85 28.72 27.81 27.73 27.79 30.29 26.69 27.99 0.00 0.00 0.00 0.00 27.81 25.92 26.09 29.05 37.79 34.25 33.67 30.03 34.20 35.91 33.27 32.04 29.03 35.52 33.13 28.95 29.56 29.18 27.79 28.32 29.25 26.47 23.85 26.21 27.42 29.05 0.00 0.00 0.00 0.00 27.12 26.20 28.99 25.56 29.48 32.17 32.77 31.46 31.41 32.89 33.50 29.09 34.71 31.29 32.92 31.08 28.37 22.67 26.54 25.95 29.86 28.05 24.38 24.48 29.37 23.75 0.00 0.00 0.00 0.00 23.32 27.18 23.78 29.44 33.22 32.82 37.66 32.42 31.81 31.61 34.90 32.15 35.26 30.74 31.81 25.20 28.78 24.42 28.97 24.88 24.91 27.07 28.72 27.40 26.20 27.86 0.00 0.00 0.00 0.00 28.45 26.71 26.44 28.63 27.03 36.86 29.32 36.29 34.51 31.42 28.59 27.27 31.94 28.42 28.68 26.16 25.28 27.12 28.45 28.27 25.14 23.07 28.51 25.80 24.69 30.98 0.00 0.00 0.00 0.00 0.00 27.67 24.62 27.58 26.95 32.04 33.86 33.00 32.78 31.27 33.88 34.20 35.00 34.27 28.30 24.58 24.97 26.75 23.85 30.12 25.45 25.37 25.84 24.85 26.07 28.86 0.00 0.00 0.00 0.00 0.00 29.38 25.41 25.70 27.36 32.01 33.85 33.06 30.27 32.42 33.10 35.65 34.05 27.54 28.01 25.92 30.84 27.02 30.05 25.26 28.94 24.45 23.70 27.57 28.36 28.06 0.00 0.00 0.00 0.00 0.00 27.97 28.01 25.08 22.36 28.02 33.54 34.75 36.91 30.54 32.08 35.08 30.83 27.98 25.19 25.41 23.76 27.62 28.08 30.27 22.83 24.13 27.80 26.92 25.40 26.21 0.00 0.00 0.00 0.00 0.00 26.69 26.36 29.18 27.74 23.99 31.19 28.58 35.54 32.81 32.87 36.37 32.67 30.21 29.89 27.50 29.23 29.72 24.98 30.75 25.62 29.17 25.03 26.51 28.80 26.37 0.00 0.00 0.00 0.00 0.00 29.27 30.35 28.45 26.09 27.41 28.20 31.83 28.52 33.75 31.56 35.45 27.19 27.53 26.07 29.98 25.91 28.21 27.52 27.67 25.17 26.41 25.33 24.03 29.66 26.82 0.00 0.00 0.00 0.00 0.00 28.36 27.68 26.27 25.97 25.41 29.62 29.13 31.02 34.11 32.04 28.52 29.20 26.69 26.14 27.84 26.41 27.91 21.60 25.27 27.40 24.40 26.30 27.38 25.65 28.35 0.00 0.00 0.00 0.00 0.00 25.15 27.82 27.58 26.72 28.52 26.39 28.07 27.13 26.43 25.32 29.16 29.21 24.68 28.36 25.48 28.01 27.79 24.80 26.80 23.51 24.37 24.26 27.87 28.50 26.86 0.00 0.00 0.00 0.00 0.00 28.24 25.51 28.01 29.74 26.17 25.89 25.24 25.23 27.51 25.06 27.24 26.32 26.17 26.40 21.60 29.58 25.21 24.31 26.69 22.91 25.53 22.57 25.80 27.45 28.82 0.00 0.00 0.00 0.00 0.00 27.72 28.27 26.03 26.61 25.92 29.45 25.12 24.76 27.37 26.66 26.54 25.99 24.72 26.83 27.51 27.58 28.37 23.33 25.66 26.47 27.78 27.59 29.47 27.56 26.04 0.00 0.00 0.00 0.00 0.00 23.92 26.63 25.99 24.92 23.85 25.06 27.99 24.93 23.81 27.27 27.89 29.00 26.66 22.31 28.89 24.89 29.74 27.74 28.72 26.93 27.76 27.50 24.55 29.20 25.59 0.00 0.00 0.00 0.00 0.00 27.48 27.88 29.42 26.42 27.01 23.92 27.88 30.31 25.95 28.56 29.20 27.43 29.01 29.08 24.59 30.04 25.80 26.84 25.92 27.42 28.05 26.96 26.74 29.96 24.56 0.00 0.00 0.00 0.00 0.00 24.70 28.54 26.73 25.67 25.23 26.00 23.37 26.32 27.67 26.54 24.88 24.15 26.39 26.06 29.47 29.89 26.35 26.37 20.43 26.49 28.37 28.36 25.08 28.09 30.60 0.00 0.00 0.00 0.00 0.00 27.43 26.18 29.48 29.02 29.25 26.50 28.44 27.18 28.34 27.61 28.19 26.90 26.82 29.59 25.76 25.33 27.36 27.14 29.50 24.96 27.29 26.49 28.33 30.71 0.00 0.00 0.00 0.00 0.00 0.00 25.85 26.88 25.49 27.68 25.30 20.73 24.47 27.37 29.07 28.56 26.18 23.31 26.14 26.07 25.85 25.94 28.50 27.26 26.49 24.87 29.28 25.16 28.68 27.32 0.00 0.00 0.00 0.00 0.00 0.00 0.00 27.64 26.05 30.72 23.50 29.24 28.30 28.86 28.30 24.02 27.84 25.82 24.10 26.52 32.29 25.46 24.21 25.15 27.24 22.64 25.57 26.42 26.72 27.02 0.00 0.00 0.00 0.00 0.00 0.00 0.00 26.84 27.39 27.07 29.82 29.77 24.76 25.39 33.32 25.67 25.26 28.26 27.47 27.29 24.95 26.99 25.96 25.56 25.28 28.85 25.29 26.90 25.62 27.61 0.00 0.00 0.00 0.00 0.00 0.00 0.00 24.66 27.58 25.97 22.14 28.12 27.45 27.96 24.49 27.46 21.20 28.45 27.82 28.49 25.52 29.09 26.80 26.31 27.49 28.88 29.14 24.65 23.47 23.82 0.00 0.00 0.00 0.00 0.00 0.00 0.00 27.19 26.77 26.05 27.11 28.50 26.99 27.09 27.43 25.39 26.23 28.23 25.50 28.05 28.75 31.86 25.06 27.48 26.15 25.99 31.01 26.09 27.46 24.57 0.00 0.00 0.00 0.00 0.00 0.00 0.00 25.65 26.20 28.75 25.13 30.19 28.47 25.58 26.25 27.41 26.69 25.90 23.70 28.63 25.82 24.65 25.91 28.09 27.59 29.76 27.68 25.01 31.52 28.12 0.00 0.00 0.00 0.00 0.00 0.00 0.00 25.68 26.41 24.48 29.48 27.42 25.27 26.78 24.86 26.65 24.29 26.07 27.59 28.24 29.19 25.24 29.38 28.52 27.79 24.85 26.60 29.19 27.38 0.00 0.00 0.00 0.00 0.00 0.00 0.00 0.00 0.00 28.66 25.79 20.84 28.64 25.07 24.36 24.80 26.32 27.46 26.37 27.20 27.16 22.23 29.47 26.75 27.64 30.47 26.23 26.19 29.51 26.02 0.00 0.00 0.00 0.00 0.00 0.00 0.00 0.00 0.00 23.89 28.70 25.98 25.76 22.53 26.29 23.39 27.06 29.25 29.50 25.24 28.61 25.53 23.70 27.52 25.07 31.37 26.31 29.32 25.05 29.61 0.00 0.00 0.00 0.00 0.00 0.00 0.00 0.00 0.00 27.52 26.64 26.08 28.05 23.06 25.47 25.74 27.05 26.12 27.53 28.03 27.46 23.14 28.37 27.55 27.23 27.56 27.42 26.68 27.00 25.51 0.00 0.00 0.00 0.00 0.00 0.00 0.00 0.00 0.00 23.71 27.55 26.88 27.74 30.92 26.22 24.50 27.49 24.48 24.59 28.66 27.22 29.76 25.69 27.20 26.63 26.98 26.89 25.42 26.82 24.67 0.00 0.00 0.00 0.00 0.00 0.00 0.00 0.00 0.00 22.64 29.96 27.88 25.49 26.39 25.11 24.99 28.35 24.30 25.98 28.99 28.36 28.64 25.52 25.20 29.61 25.30 25.10 26.82 26.85 0.00 0.00 0.00 0.00 0.00 0.00 0.00 0.00 0.00 0.00 0.00 26.42 27.67 25.27 28.96 29.60 26.58 27.98 27.70 28.63 27.04 28.88 29.89 26.97 27.61 27.28 25.31 27.14 27.15 24.05 0.00 0.00 0.00 0.00 0.00 0.00 0.00 0.00 0.00 0.00 0.00 27.67 27.60 26.41 23.94 27.28 28.97 24.85 26.73 26.06 25.47 27.89 25.32 23.53 32.71 27.18 28.40 26.63 28.08 28.71 0.00 0.00 0.00 0.00 0.00 0.00 0.00 0.00 0.00 0.00 0.00 25.88 26.36 30.98 28.80 29.55 23.00 31.95 27.79 27.45 28.35 27.08 24.77 28.04 24.41 24.18 22.01 29.46 26.62 25.05 0.00 0.00 0.00 0.00 0.00 0.00 0.00 0.00 0.00 0.00 0.00 24.39 25.99 26.89 29.27 28.29 25.20 25.65 25.59 30.27 26.30 28.59 30.54 22.90 28.75 27.75 25.77 24.97 23.84 0.00 0.00 0.00 0.00 0.00 0.00 0.00 0.00 0.00 0.00 0.00 0.00 0.00 26.13 26.08 28.21 26.74 25.35 26.18 25.27 25.43 25.69 29.16 26.90 27.63 24.13 27.10 28.80 25.89 25.49 0.00 0.00 0.00 0.00 0.00 0.00 0.00 0.00 0.00 0.00 0.00 0.00 0.00 26.76 28.95 28.27 32.17 29.00 29.07 29.67 23.21 27.49 26.28 28.60 25.52 25.09 28.00 25.97 29.23 29.75 0.00 0.00 0.00 0.00 0.00 0.00 0.00 0.00 0.00 0.00 0.00 0.00 0.00 30.63 29.25 28.03 25.37 25.71 26.04 26.68 27.56 25.89 29.89 29.95 31.17 29.57 27.82 25.45 27.25 0.00 0.00 0.00 0.00 0.00 0.00 0.00 0.00 0.00 0.00 0.00 0.00 0.00 0.00 0.00 26.46 25.69 24.74 24.97 26.18 26.26 28.88 27.23 25.96 28.41 24.95 24.80 26.74 25.52 29.49 0.00 0.00 0.00 0.00 0.00 0.00 0.00 0.00 0.00 0.00 0.00 0.00 0.00 0.00 0.00 27.68 29.48 27.96 23.32 25.58 27.62 27.99 31.04 27.75 25.09 26.17 24.06 28.57 25.71 23.77 0.00 0.00 0.00 0.00 0.00 0.00 0.00 0.00 0.00 0.00 0.00 0.00 0.00 0.00 0.00 0.00 26.60 26.93 23.80 25.65 29.30 24.26 27.45 27.79 26.25 23.79 28.67 27.12 27.34 0.00 0.00 0.00 0.00 0.00 0.00 0.00 0.00 0.00 0.00 0.00 0.00 0.00 0.00 0.00 0.00 0.00 23.54 27.64 26.76 25.92 27.02 25.35 24.44 27.04 23.83 25.64 28.21 28.13 31.60 0.00 0.00 0.00 0.00 0.00 0.00 0.00 0.00 0.00 0.00 0.00 0.00 0.00 0.00 0.00 0.00 0.00 30.28 29.15 23.64 25.84 25.68 27.13 28.48 24.10 28.50 22.61 28.03 22.39 0.00 0.00 0.00 0.00 0.00 0.00 0.00 0.00 0.00 0.00 0.00 0.00 0.00 0.00 0.00 0.00 0.00 0.00 0.00 27.56 27.14 27.98 24.46 29.73 27.21 26.35 30.05 25.26 28.33 25.13 0.00 0.00 0.00 0.00 0.00 0.00 0.00 0.00 0.00 0.00 0.00 0.00 0.00 0.00 0.00 0.00 0.00 0.00 0.00 0.00 26.80 26.92 26.97 27.40 26.38 27.14 25.13 29.83 23.02 0.00 0.00 0.00 0.00 0.00 0.00 0.00 0.00 0.00 0.00 0.00 0.00 0.00 0.00 0.00 0.00 0.00 0.00 0.00 0.00 0.00 26.65 26.74 28.49 27.40 27.06 29.03 28.04 26.89 0.00 0.00 0.00 0.00 0.00 0.00 0.00 0.00 0.00 0.00 0.00 0.00 0.00 0.00 0.00 0.00 0.00 0.00 0.00 0.00 0.00 0.00 0.00 26.83 28.45 26.37 25.42 25.92 24.95 26.91 0.00 0.00 0.00 0.00 0.00 0.00 0.00 0.00 0.00 0.00 0.00 0.00 0.00 0.00 0.00 0.00 0.00 0.00 0.00 0.00 0.00 0.00 0.00 0.00 0.00 29.12 26.52 22.43 0.00 0.00 0.00 0.00 0.00 0.00 0.00 0.00 0.00 0.00 0.00 0.00 0.00 0.00 0.00 0.00 0.00 0.00 0.00 0.00 0.00 0.00 0.00 0.00 0.00 0.00 0.00 0.00 0.00 0.00 0.00 0.00 0.00 0.00 0.00 0.00 0.00 0.00 0.00 0.00 0.00 0.00 0.00
rain_type.data=0 0 0 0 0 0 0 0 0 0 0 0 0 0 0 0 0 0 0 0 0 0 0 0 0 0 0 0 0 0 0 0 0 0 0 0 0 0 0 0 0 0 0 1 1 1 1 1 0 0 0 0 0 0 0 0 0 0 0 0 0 0 0 0 0 0 0 0 0 0 0 1 1 1 1 1 1 1 1 0 0 0 0 0 0 0 0 0 0 0 0 0 0 0 0 0 0 0 0 0 1 1 1 1 1 1 1 1 1 1 0 0 0 0 0 0 0 0 0 0 0 0 0 0 0 0 0 0 0 0 1 1 1 1 1 1 1 1 1 1 1 0 0 0 0 0 0 0 0 0 0 0 0 0 0 0 0 0 0 1 2 2 2 1 1 1 1 1 1 1 1 1 0 0 0 0 0 0 0 0 0 0 0 0 0 0 0 0 2 2 2 2 2 2 1 1 1 1 1 1 1 1 1 0 0 0 0 0 0 0 0 0 0 0 0 0 0 0 2 2 2 2 2 2 2 1 1 1 1 1 1 1 1 0 0 0 0 0 0 0 0 0 0 0 0 0 0 2 2 2 2 2 2 2 2 2 1 1 1 1 1 1 1 1 0 0 0 0 0 0 0 0 0 0 0 0 0 2 2 2 2 2 2 2 2 2 1 1 1 1 1 1 1 1 0 0 0 0 0 0 0 0 0 0 0 0 2 2 2 2 2 2 2 2 2 2 2 1 1 1 1 1 1 1 1 0 0 0 0 0 0 0 0 0 0 0 2 2 2 2 2 2 2 2 2 2 2 1 1 1 1 1 1 1 1 0 0 0 0 0 0 0 0 0 0 0 2 2 2 2 2 2 2 2 2 2 2 1 1 1 1 1 1 1 1 0 0 0 0 0 0 0 0 0 0 2 2 2 2 2 2 2 2 2 2 2 2 2 1 1 1 1 1 1 1 1 0 0 0 0 0 0 0 0 0 2 2 2 2 2 2 2 2 2 2 2 2 2 1 1 1 1 1 1 1 1 0 0 0 0 0 0 0 0 0 2 2 2 2 2 2 2 2 2 2 2 2 2 1 1 1 1 1 1 1 1 0 0 0 0 0 0 0 0 1 2 2 2 2 2 2 2 2 2 2 2 2 2 1 1 1 1 1 1 1 1 0 0 0 0 0 0 0 0 1 2 2 2 2 2 2 2 2 2 2 2 2 2 1 1 1 1 1 1 1 1 1 0 0 0 0 0 0 0 1 2 2 2 2 2 2 2 2 2 2 2 2 2 1 1 1 1 1 1 1 1 1 0 0 0 0 0 0 0 1 2 2 2 2 2 2 2 2 2 2 2 2 2 1 1 1 1 1 1 1 1 1 0 0 0 0 0 0 0 2 2 2 2 2 2 2 2 2 2 2 2 2 2 1 1 1 1 1 1 1 1 1 0 0 0 0 0 0 0 2 2 2 2 2 2 2 2 2 2 2 2 2 2 2 1 1 1 1 1 1 1 1 0 0 0 0 0 0 1 2 2 2 2 2 2 2 2 2 2 2 2 2 2 2 1 1 1 1 1 1 1 1 0 0 0 0 0 0 1 2 2 2 2 2 2 2 2 2 2 2 2 2 2 2 1 1 1 1 1 1 1 1 1 0 0 0 0 0 1 2 2 2 2 2 2 2 2 2 2 2 2 2 2 2 1 1 1 1 1 1 1 1 1 0 0 0 0 0 1 2 2 2 2 2 2 2 2 2 2 2 2 2 2 2 1 1 1 1 1 1 1 1 1 0 0 0 0 0 1 2 2 2 2 2 2 2 2 2 2 2 2 2 2 1 1 1 1 1 1 1 1 1 1 0 0 0 0 0 1 1 2 2 2 2 2 2 2 2 2 2 2 2 2 1 1 1 1 1 1 1 1 1 1 0 0 0 0 0 1 1 2 2 2 2 2 2 2 2 2 2 2 2 2 1 1 1 1 1 1 1 1 1 1 0 0 0 0 0 1 1 2 2 2 2 2 2 2 2 2 2 2 2 2 1 1 1 1 1 1 1 1 1 1 0 0 0 0 0 1 1 2 2 2 2 2 2 2 2 2 2 2 2 2 1 1 1 1 1 1 1 1 1 1 0 0 0 0 0 1 1 2 2 2 2 2 2 2 2 2 2 2 2 2 1 1 1 1 1 1 1 1 1 1 0 0 0 0 0 1 1 2 2 2 2 2 2 2 2 2 2 2 2 2 1 1 1 1 1 1 1 1 1 1 0 0 0 0 0 1 1 2 2 2 2 2 2 2 2 2 2 2 2 2 1 1 1 1 1 1 1 1 1 1 0 0 0 0 1 1 1 2 2 2 2 2 2 2 2 2 2 2 2 1 1 1 1 1 1 1 1 1 1 1 0 0 0 0 1 1 1 1 2 2 2 2 2 2 2 2 2 2 2 1 1 1 1 1 1 1 1 1 1 1 0 0 0 0 1 1 1 1 2 2 2 2 2 2 2 2 2 2 2 1 1 1 1 1 1 1 1 1 1 1 0 0 0 0 1 1 1 1 2 2 2 2 2 2 2 2 2 2 2 1 1 1 1 1 1 1 1 1 1 1 0 0 0 0 1 1 1 1 1 2 2 2 2 2 2 2 2 2 1 1 1 1 1 1 1 1 1 1 1 1 0 0 0 0 0 1 1 1 1 2 2 2 2 2 2 2 2 2 1 1 1 1 1 1 1 1 1 1 1 1 0 0 0 0 0 1 1 1 1 2 2 2 2 2 2 2 2 2 1 1 1 1 1 1 1 1 1 1 1 1 0 0 0 0 0 1 1 1 1 1 2 2 2 2 2 2 2 1 1 1 1 1 1 1 1 1 1 1 1 1 0 0 0 0 0 1 1 1 1 1 2 2 2 2 2 2 2 1 1 1 1 1 1 1 1 1 1 1 1 1 0 0 0 0 0 1 1 1 1 1 1 2 2 2 2 2 1 1 1 1 1 1 1 1 1 1 1 1 1 1 0 0 0 0 0 1 1 1 1 1 1 1 2 2 2 1 1 1 1 1 1 1 1 1 1 1 1 1 1 1 0 0 0 0 0 1 1 1 1 1 1 1 1 1 1 1 1 1 1 1 1 1 1 1 1 1 1 1 1 1 0 0 0 0 0 1 1 1 1 1 1 1 1 1 1 1 1 1 1 1 1 1 1 1 1 1 1 1 1 1 0 0 0 0 0 1 1 1 1 1 1 1 1 1 1 1 1 1 1 1 1 1 1 1 1 1 1 1 1 1 0 0 0 0 0 1 1 1 1 1 1 1 1 1 1 1 1 1 1 1 1 1 1 1 1 1 1 1 1 1 0 0 0 0 0 1 1 1 1 1 1 1 1 1 1 1 1 1 1 1 1 1 1 1 1 1 1 1 1 1 0 0 0 0 0 1 1 1 1 1 1 1 1 1 1 1 1 1 1 1 1 1 1 1 1 1 1 1 1 1 0 0 0 0 0 1 1 1 1 1 1 1 1 1 1 1 1 1 1 1 1 1 1 1 1 1 1 1 1 0 0 0 0 0 0 1 1 1 1 1 1 1 1 1 1 1 1 1 1 1 1 1 1 1 1 1 1 1 1 0 0 0 0 0 0 0 1 1 1 1 1 1 1 1 1 1 1 1 1 1 1 1 1 1 1 1 1 1 1 0 0 0 0 0 0 0 1 1 1 1 1 1 1 1 1 1 1 1 1 1 1 1 1 1 1 1 1 1 1 0 0 0 0 0 0 0 1 1 1 1 1 1 1 1 1 1 1 1 1 1 1 1 1 1 1 1 1 1 1 0 0 0 0 0 0 0 1 1 1 1 1 1 1 1 1 1 1 1 1 1 1 1 1 1 1 1 1 1 1 0 0 0 0 0 0 0 1 1 1 1 1 1 1 1 1 1 1 1 1 1 1 1 1 1 1 1 1 1 1 0 0 0 0 0 0 0 1 1 1 1 1 1 1 1 1 1 1 1 1 1 1 1 1 1 1 1 1 1 0 0 0 0 0 0 0 0 0 1 1 1 1 1 1 1 1 1 1 1 1 1 1 1 1 1 1 1 1 1 0 0 0 0 0 0 0 0 0 1 1 1 1 1 1 1 1 1 1 1 1 1 1 1 1 1 1 1 1 1 0 0 0 0 0 0 0 0 0 1 1 1 1 1 1 1 1 1 1 1 1 1 1 1 1 1 1 1 1 1 0 0 0 0 0 0 0 0 0 1 1 1 1 1 1 1 1 1 1 1 1 1 1 1 1 1 1 1 1 1 0 0 0 0 0 0 0 0 0 1 1 1 1 1 1 1 1 1 1 1 1 1 1 1 1 1 1 1 1 0 0 0 0 0 0 0 0 0 0 0 1 1 1 1 1 1 1 1 1 1 1 1 1 1 1 1 1 1 1 0 0 0 0 0 0 0 0 0 0 0 1 1 1 1 1 1 1 1 1 1 1 1 1 1 1 1 1 1 1 0 0 0 0 0 0 0 0 0 0 0 1 1 1 1 1 1 1 1 1 1 1 1 1 1 1 1 1 1 1 0 0 0 0 0 0 0 0 0 0 0 1 1 1 1 1 1 1 1 1 1 1 1 1 1 1 1 1 1 0 0 0 0 0 0 0 0 0 0 0 0 0 1 1 1 1 1 1 1 1 1 1 1 1 1 1 1 1 1 0 0 0 0 0 0 0 0 0 0 0 0 0 1 1 1 1 1 1 1 1 1 1 1 1 1 1 1 1 1 0 0 0 0 0 0 0 0 0 0 0 0 0 1 1 1 1 1 1 1 1 1 1 1 1 1 1 1 1 0 0 0 0 0 0 0 0 0 0 0 0 0 0 0 1 1 1 1 1 1 1 1 1 1 1 1 1 1 1 0 0 0 0 0 0 0 0 0 0 0 0 0 0 0 1 1 1 1 1 1 1 1 1 1 1 1 1 1 1 0 0 0 0 0 0 0 0 0 0 0 0 0 0 0 0 1 1 1 1 1 1 1 1 1 1 1 1 1 0 0 0 0 0 0 0 0 0 0 0 0 0 0 0 0 0 1 1 1 1 1 1 1 1 1 1 1 1 1 0 0 0 0 0 0 0 0 0 0 0 0 0 0 0 0 0 1 1 1 1 1 1 1 1 1 1 1 1 0 0 0 0 0 0 0 0 0 0 0 0 0 0 0 0 0 0 0 1 1 1 1 1 1 1 1 1 1 1 0 0 0 0 0 0 0 0 0 0 0 0 0 0 0 0 0 0 0 0 1 1 1 1 1 1 1 1 1 0 0 0 0 0 0 0 0 0 0 0 0 0 0 0 0 0 0 0 0 0 1 1 1 1 1 1 1 1 0 0 0 0 0 0 0 0 0 0 0 0 0 0 0 0 0 0 0 0 0 0 0 1 1 1 1 1 1 1 0 0 0 0 0 0 0 0 0 0 0 0 0 0 0 0 0 0 0 0 0 0 0 0 0 1 1 1 0 0 0 0 0 0 0 0 0 0 0 0 0 0 0 0 0 0 0 0 0 0 0 0 0 0 0 0 0 0 0 0 0 0 0 0 0 0 0 0 0 0 0
estimated_attenuation.size=2460
estimated_attenuation.data=0.00 0.00 0.00 0.00 0.00 0.00 0.00 0.00 0.00 0.00 0.00 0.00 0.00 0.00 0.00 0.00 0.00 0.00 0.00 0.00 0.00 0.00 0.00 0.00 0.00 0.00 0.00 0.00 0.00 0.00 0.00 0.00 0.00 0.00 0.00 0.00 0.00 0.00 0.00 0.00 0.00 0.00 0.00 0.00 0.00 0.00 0.00 0.00 0.00 0.00 0.00 0.00 0.00 0.00 0.00 0.00 0.00 0.00 0.00 0.00 0.00 0.00 0.00 0.00 0.00 0.00 0.00 0.00 0.00 0.00 0.00 0.00 0.00 0.00 0.00 0.00 0.00 0.00 0.00 0.00 0.00 0.00 0.00 0.00 0.00 0.00 0.00 0.00 0.00 0.00 0.00 0.00 0.00 0.00 0.00 0.00 0.00 0.00 0.00 0.00 0.00 0.00 0.00 0.00 0.00 0.00 0.00 0.00 0.00 0.00 0.00 0.00 0.00 0.00 0.00 0.00 0.00 0.00 0.00 0.00 0.00 0.00 0.00 0.00 0.00 0.00 0.00 0.00 0.00 0.00 0.00 0.00 0.00 0.00 0.00 0.00 0.00 0.00 0.00 0.00 0.00 0.00 0.00 0.00 0.00 0.00 0.00 0.00 0.00 0.00 0.00 0.00 0.00 0.00 0.00 0.00 0.00 0.00 0.00 0.00 0.00 0.00 0.01 0.00 0.00 0.00 0.00 0.00 0.00 0.00 0.00 0.00 0.00 0.00 0.00 0.00 0.00 0.00 0.00 0.00 0.00 0.00 0.00 0.00 0.00 0.00 0.00 0.00 0.00 0.00 0.01 0.01 0.01 0.00 0.00 0.00 0.00 0.00 0.00 0.00 0.00 0.00 0.00 0.00 0.00 0.00 0.00 0.00 0.00 0.00 0.00 0.00 0.00 0.00 0.00 0.00 0.00 0.00 0.00 0.01 0.01 0.01 0.01 0.01 0.01 0.00 0.00 0.00 0.00 0.00 0.00 0.00 0.00 0.00 0.00 0.00 0.00 0.00 0.00 0.00 0.00 0.00 0.00 0.00 0.00 0.00 0.00 0.00 0.01 0.01 0.01 0.01 0.02 0.01 0.01 0.01 0.00 0.00 0.00 0.00 0.00 0.00 0.00 0.00 0.00 0.00 0.00 0.00 0.00 0.00 0.00 0.00 0.00 0.00 0.00 0.00 0.00 0.00 0.01 0.01 0.01 0.01 0.02 0.01 0.01 0.01 0.01 0.01 0.01 0.00 0.00 0.00 0.00 0.00 0.00 0.00 0.00 0.00 0.00 0.00 0.00 0.00 0.00 0.00 0.00 0.00 0.00 0.01 0.01 0.01 0.01 0.01 0.02 0.01 0.01 0.01 0.01 0.01 0.01 0.00 0.00 0.00 0.00 0.00 0.00 0.00 0.00 0.00 0.00 0.00 0.00 0.00 0.00 0.00 0.00 0.00 0.00 0.01 0.01 0.01 0.02 0.01 0.02 0.02 0.01 0.01 0.01 0.01 0.01 0.01 0.00 0.01 0.00 0.00 0.00 0.00 0.00 0.00 0.00 0.00 0.00 0.00 0.00 0.00 0.00 0.00 0.01 0.01 0.01 0.02 0.02 0.01 0.02 0.02 0.01 0.01 0.01 0.01 0.01 0.01 0.00 0.01 0.00 0.00 0.00 0.00 0.00 0.00 0.00 0.00 0.00 0.00 0.00 0.00 0.00 0.00 0.01 0.01 0.01 0.02 0.02 0.02 0.03 0.02 0.02 0.02 0.02 0.01 0.01 0.01 0.00 0.01 0.00 0.00 0.00 0.00 0.00 0.00 0.00 0.00 0.00 0.00 0.00 0.00 0.00 0.00 0.01 0.01 0.02 0.02 0.02 0.02 0.03 0.02 0.02 0.02 0.02 0.01 0.01 0.01 0.00 0.01 0.01 0.00 0.00 0.00 0.00 0.00 0.00 0.00 0.00 0.00 0.00 0.00 0.00 0.00 0.01 0.02 0.02 0.02 0.02 0.02 0.03 0.02 0.02 0.02 0.02 0.02 0.01 0.01 0.01 0.01 0.01 0.00 0.00 0.00 0.00 0.00 0.00 0.00 0.00 0.00 0.00 0.00 0.00 0.01 0.01 0.02 0.02 0.02 0.03 0.03 0.03 0.03 0.02 0.03 0.02 0.02 0.01 0.01 0.01 0.01 0.01 0.00 0.00 0.00 0.00 0.00 0.00 0.00 0.00 0.00 0.00 0.00 0.00 0.01 0.02 0.02 0.02 0.03 0.03 0.03 0.04 0.03 0.02 0.03 0.03 0.02 0.01 0.01 0.01 0.01 0.01 0.01 0.00 0.00 0.00 0.00 0.00 0.00 0.00 0.00 0.00 0.00 0.00 0.01 0.02 0.02 0.02 0.03 0.03 0.03 0.04 0.03 0.03 0.03 0.03 0.02 0.01 0.01 0.01 0.01 0.01 0.01 0.00 0.00 0.00 0.00 0.00 0.00 0.00 0.00 0.00 0.00 0.00 0.01 0.02 0.03 0.03 0.03 0.03 0.03 0.04 0.03 0.03 0.03 0.03 0.02 0.01 0.01 0.01 0.01 0.01 0.01 0.01 0.00 0.00 0.00 0.00 0.00 0.00 0.00 0.00 0.00 0.00 0.01 0.02 0.03 0.03 0.03 0.03 0.03 0.04 0.03 0.03 0.04 0.03 0.02 0.01 0.01 0.01 0.01 0.01 0.01 0.01 0.00 0.00 0.00 0.00 0.00 0.00 0.00 0.00 0.00 0.00 0.01 0.02 0.03 0.03 0.03 0.04 0.03 0.05 0.04 0.03 0.04 0.03 0.02 0.01 0.01 0.01 0.01 0.01 0.01 0.01 0.00 0.00 0.00 0.00 0.00 0.00 0.00 0.00 0.00 0.01 0.02 0.02 0.03 0.03 0.04 0.04 0.04 0.05 0.04 0.04 0.04 0.04 0.03 0.02 0.01 0.01 0.01 0.01 0.01 0.01 0.00 0.00 0.00 0.00 0.00 0.00 0.00 0.00 0.00 0.01 0.02 0.03 0.04 0.03 0.04 0.04 0.04 0.05 0.04 0.04 0.05 0.04 0.03 0.02 0.01 0.01 0.01 0.01 0.01 0.01 0.01 0.00 0.00 0.00 0.00 0.00 0.00 0.00 0.00 0.01 0.02 0.03 0.04 0.03 0.04 0.05 0.04 0.05 0.04 0.04 0.05 0.04 0.03 0.02 0.01 0.01 0.01 0.01 0.01 0.01 0.01 0.00 0.00 0.00 0.00 0.00 0.00 0.00 0.00 0.01 0.02 0.03 0.04 0.04 0.04 0.05 0.05 0.05 0.04 0.04 0.05 0.04 0.03 0.03 0.01 0.01 0.01 0.01 0.01 0.01 0.01 0.00 0.00 0.00 0.00 0.00 0.00 0.00 0.00 0.01 0.02 0.04 0.04 0.04 0.05 0.05 0.05 0.06 0.05 0.04 0.05 0.05 0.03 0.03 0.02 0.01 0.01 0.01 0.01 0.01 0.01 0.01 0.00 0.00 0.00 0.00 0.00 0.00 0.00 0.01 0.03 0.04 0.05 0.04 0.05 0.05 0.06 0.06 0.05 0.05 0.05 0.05 0.04 0.03 0.02 0.01 0.01 0.01 0.01 0.01 0.01 0.01 0.00 0.00 0.00 0.00 0.00 0.00 0.00 0.01 0.03 0.05 0.05 0.04 0.05 0.05 0.06 0.06 0.05 0.05 0.06 0.05 0.04 0.03 0.02 0.01 0.01 0.01 0.01 0.01 0.01 0.01 0.00 0.00 0.00 0.00 0.00 0.00 0.00 0.01 0.03 0.05 0.05 0.04 0.06 0.05 0.06 0.06 0.05 0.05 0.06 0.06 0.04 0.03 0.02 0.01 0.01 0.01 0.01 0.01 0.01 0.01 0.00 0.00 0.00 0.00 0.00 0.00 0.00 0.01 0.03 0.05 0.05 0.04 0.06 0.06 0.06 0.06 0.05 0.05 0.06 0.06 0.04 0.03 0.02 0.01 0.01 0.02 0.01 0.01 0.01 0.01 0.00 0.00 0.00 0.00 0.00 0.00 0.01 0.01 0.03 0.05 0.06 0.05 0.06 0.06 0.06 0.07 0.05 0.06 0.06 0.06 0.04 0.03 0.02 0.01 0.02 0.02 0.01 0.01 0.01 0.01 0.01 0.00 0.00 0.00 0.00 0.00 0.01 0.02 0.04 0.06 0.06 0.05 0.06 0.06 0.07 0.07 0.05 0.06 0.06 0.06 0.04 0.03 0.02 0.01 0.02 0.02 0.01 0.01 0.01 0.01 0.01 0.00 0.00 0.00 0.00 0.00 0.01 0.02 0.04 0.06 0.06 0.05 0.06 0.07 0.07 0.07 0.06 0.06 0.06 0.06 0.05 0.03 0.02 0.02 0.02 0.02 0.01 0.01 0.01 0.01 0.01 0.00 0.00 0.00 0.00 0.00 0.01 0.02 0.04 0.06 0.06 0.05 0.06 0.07 0.07 0.07 0.06 0.06 0.07 0.07 0.05 0.03 0.02 0.02 0.02 0.02 0.01 0.02 0.01 0.01 0.01 0.00 0.00 0.00 0.00 0.00 0.01 0.02 0.04 0.07 0.07 0.06 0.07 0.07 0.07 0.08 0.06 0.07 0.07 0.07 0.05 0.03 0.02 0.02 0.02 0.02 0.01 0.02 0.01 0.01 0.01 0.00 0.00 0.00 0.00 0.00 0.01 0.02 0.04 0.07 0.07 0.06 0.07 0.07 0.07 0.08 0.06 0.07 0.07 0.07 0.05 0.03 0.02 0.02 0.02 0.02 0.02 0.02 0.01 0.01 0.01 0.00 0.00 0.00 0.00 0.00 0.01 0.02 0.04 0.07 0.07 0.06 0.07 0.07 0.08 0.08 0.06 0.07 0.07 0.07 0.05 0.03 0.02 0.02 0.02 0.02 0.02 0.02 0.01 0.01 0.01 0.00 0.00 0.00 0.00 0.00 0.01 0.02 0.04 0.07 0.07 0.06 0.07 0.07 0.08 0.08 0.06 0.07 0.07 0.07 0.05 0.03 0.02 0.02 0.02 0.02 0.02 0.02 0.01 0.01 0.01 0.00 0.00 0.00 0.00 0.00 0.01 0.02 0.04 0.07 0.08 0.07 0.07 0.07 0.08 0.08 0.06 0.07 0.08 0.07 0.05 0.03 0.02 0.02 0.02 0.02 0.02 0.02 0.01 0.01 0.01 0.00 0.00 0.00 0.00 0.00 0.01 0.02 0.04 0.07 0.08 0.07 0.08 0.08 0.08 0.09 0.07 0.08 0.08 0.08 0.05 0.03 0.02 0.02 0.02 0.02 0.02 0.02 0.01 0.01 0.01 0.00 0.00 0.00 0.00 0.00 0.01 0.02 0.04 0.07 0.08 0.07 0.08 0.08 0.08 0.09 0.07 0.08 0.08 0.08 0.05 0.04 0.02 0.02 0.02 0.02 0.02 0.02 0.01 0.01 0.01 0.00 0.00 0.00 0.00 0.00 0.01 0.02 0.05 0.07 0.08 0.07 0.08 0.08 0.08 0.09 0.07 0.08 0.08 0.08 0.05 0.04 0.02 0.02 0.02 0.02 0.02 0.02 0.02 0.01 0.01 0.00 0.00 0.00 0.00 0.00 0.01 0.02 0.05 0.07 0.08 0.07 0.08 0.08 0.08 0.09 0.08 0.08 0.08 0.08 0.05 0.04 0.03 0.02 0.02 0.02 0.02 0.02 0.02 0.01 0.01 0.00 0.00 0.00 0.00 0.00 0.01 0.02 0.05 0.07 0.08 0.07 0.08 0.09 0.09 0.09 0.08 0.08 0.08 0.08 0.05 0.04 0.03 0.02 0.02 0.02 0.02 0.02 0.02 0.01 0.01 0.00 0.00 0.00 0.00 0.00 0.01 0.02 0.05 0.07 0.08 0.08 0.08 0.09 0.09 0.09 0.08 0.08 0.08 0.08 0.05 0.04 0.03 0.02 0.02 0.02 0.02 0.02 0.02 0.01 0.01 0.00 0.00 0.00 0.00 0.00 0.01 0.02 0.05 0.08 0.08 0.08 0.08 0.09 0.09 0.09 0.08 0.08 0.08 0.08 0.05 0.04 0.03 0.02 0.02 0.02 0.02 0.02 0.02 0.02 0.01 0.00 0.00 0.00 0.00 0.00 0.01 0.02 0.05 0.08 0.08 0.08 0.08 0.09 0.09 0.09 0.08 0.08 0.08 0.08 0.05 0.04 0.03 0.02 0.02 0.02 0.02 0.02 0.02 0.02 0.01 0.00 0.00 0.00 0.00 0.00 0.02 0.03 0.05 0.08 0.08 0.08 0.08 0.09 0.09 0.10 0.08 0.08 0.08 0.08 0.05 0.04 0.03 0.02 0.03 0.02 0.02 0.02 0.02 0.02 0.02 0.00 0.00 0.00 0.00 0.00 0.02 0.03 0.05 0.08 0.08 0.08 0.08 0.09 0.09 0.10 0.08 0.08 0.08 0.08 0.05 0.04 0.03 0.02 0.03 0.02 0.02 0.02 0.02 0.02 0.02 0.00 0.00 0.00 0.00 0.00 0.02 0.03 0.05 0.08 0.08 0.08 0.08 0.09 0.09 0.10 0.08 0.08 0.08 0.08 0.05 0.04 0.03 0.02 0.03 0.03 0.02 0.02 0.02 0.02 0.02 0.00 0.00 0.00 0.00 0.00 0.02 0.03 0.05 0.08 0.08 0.08 0.08 0.09 0.09 0.10 0.08 0.09 0.08 0.08 0.06 0.04 0.03 0.02 0.03 0.03 0.02 0.02 0.02 0.02 0.00 0.00 0.00 0.00 0.00 0.00 0.02 0.03 0.05 0.08 0.08 0.08 0.08 0.09 0.09 0.10 0.08 0.09 0.08 0.08 0.06 0.04 0.03 0.02 0.03 0.03 0.02 0.02 0.02 0.02 0.00 0.00 0.00 0.00 0.00 0.00 0.00 0.03 0.05 0.08 0.08 0.08 0.09 0.09 0.09 0.10 0.08 0.09 0.08 0.08 0.06 0.04 0.03 0.03 0.03 0.03 0.02 0.02 0.02 0.02 0.00 0.00 0.00 0.00 0.00 0.00 0.00 0.03 0.05 0.08 0.08 0.08 0.09 0.09 0.09 0.10 0.08 0.09 0.08 0.08 0.06 0.04 0.03 0.03 0.03 0.03 0.02 0.02 0.02 0.02 0.00 0.00 0.00 0.00 0.00 0.00 0.00 0.03 0.05 0.08 0.09 0.08 0.09 0.09 0.09 0.10 0.08 0.09 0.08 0.08 0.06 0.04 0.03 0.03 0.03 0.03 0.02 0.02 0.02 0.02 0.00 0.00 0.00 0.00 0.00 0.00 0.00 0.03 0.05 0.08 0.09 0.08 0.09 0.09 0.10 0.10 0.08 0.09 0.08 0.08 0.06 0.04 0.03 0.03 0.03 0.03 0.03 0.03 0.02 0.02 0.00 0.00 0.00 0.00 0.00 0.00 0.00 0.03 0.05 0.08 0.09 0.08 0.09 0.09 0.10 0.10 0.08 0.09 0.09 0.08 0.06 0.04 0.03 0.03 0.03 0.03 0.03 0.03 0.02 0.02 0.00 0.00 0.00 0.00 0.00 0.00 0.00 0.03 0.05 0.08 0.09 0.08 0.09 0.09 0.10 0.10 0.08 0.09 0.09 0.09 0.06 0.05 0.03 0.03 0.03 0.03 0.03 0.03 0.02 0.00 0.00 0.00 0.00 0.00 0.00 0.00 0.00 0.00 0.05 0.08 0.09 0.08 0.09 0.09 0.10 0.10 0.09 0.09 0.09 0.09 0.06 0.05 0.03 0.03 0.03 0.03 0.03 0.03 0.02 0.00 0.00 0.00 0.00 0.00 0.00 0.00 0.00 0.00 0.06 0.08 0.09 0.08 0.09 0.09 0.10 0.10 0.09 0.09 0.09 0.09 0.06 0.05 0.03 0.03 0.03 0.03 0.03 0.03 0.03 0.00 0.00 0.00 0.00 0.00 0.00 0.00 0.00 0.00 0.06 0.08 0.09 0.08 0.09 0.09 0.10 0.10 0.09 0.09 0.09 0.09 0.06 0.05 0.04 0.03 0.03 0.03 0.03 0.03 0.03 0.00 0.00 0.00 0.00 0.00 0.00 0.00 0.00 0.00 0.06 0.08 0.09 0.09 0.09 0.09 0.10 0.10 0.09 0.09 0.09 0.09 0.06 0.05 0.04 0.03 0.03 0.03 0.03 0.03 0.03 0.00 0.00 0.00 0.00 0.00 0.00 0.00 0.00 0.00 0.06 0.09 0.09 0.09 0.09 0.09 0.10 0.10 0.09 0.09 0.09 0.09 0.06 0.05 0.04 0.03 0.03 0.03 0.03 0.03 0.00 0.00 0.00 0.00 0.00 0.00 0.00 0.00 0.00 0.00 0.00 0.09 0.09 0.09 0.09 0.10 0.10 0.10 0.09 0.09 0.09 0.09 0.06 0.05 0.04 0.03 0.03 0.03 0.03 0.03 0.00 0.00 0.00 0.00 0.00 0.00 0.00 0.00 0.00 0.00 0.00 0.09 0.09 0.09 0.09 0.10 0.10 0.10 0.09 0.09 0.09 0.09 0.06 0.05 0.04 0.03 0.04 0.03 0.03 0.03 0.00 0.00 0.00 0.00 0.00 0.00 0.00 0.00 0.00 0.00 0.00 0.09 0.09 0.09 0.09 0.10 0.10 0.11 0.09 0.09 0.09 0.09 0.06 0.05 0.04 0.03 0.04 0.03 0.03 0.03 0.00 0.00 0.00 0.00 0.00 0.00 0.00 0.00 0.00 0.00 0.00 0.09 0.09 0.09 0.09 0.10 0.10 0.11 0.09 0.09 0.09 0.09 0.06 0.05 0.04 0.03 0.04 0.03 0.03 0.00 0.00 0.00 0.00 0.00 0.00 0.00 0.00 0.00 0.00 0.00 0.00 0.00 0.09 0.09 0.09 0.10 0.10 0.11 0.09 0.09 0.09 0.09 0.07 0.05 0.04 0.03 0.04 0.03 0.03 0.00 0.00 0.00 0.00 0.00 0.00 0.00 0.00 0.00 0.00 0.00 0.00 0.00 0.09 0.09 0.09 0.10 0.10 0.11 0.09 0.10 0.09 0.09 0.07 0.05 0.04 0.03 0.04 0.03 0.03 0.00 0.00 0.00 0.00 0.00 0.00 0.00 0.00 0.00 0.00 0.00 0.00 0.00 0.09 0.09 0.10 0.10 0.10 0.11 0.09 0.10 0.09 0.09 0.07 0.05 0.04 0.03 0.04 0.04 0.00 0.00 0.00 0.00 0.00 0.00 0.00 0.00 0.00 0.00 0.00 0.00 0.00 0.00 0.00 0.09 0.10 0.10 0.10 0.11 0.09 0.10 0.09 0.09 0.07 0.05 0.04 0.04 0.04 0.04 0.00 0.00 0.00 0.00 0.00 0.00 0.00 0.00 0.00 0.00 0.00 0.00 0.00 0.00 0.00 0.09 0.10 0.10 0.10 0.11 0.09 0.10 0.09 0.09 0.07 0.05 0.04 0.04 0.04 0.04 0.00 0.00 0.00 0.00 0.00 0.00 0.00 0.00 0.00 0.00 0.00 0.00 0.00 0.00 0.00 0.00 0.10 0.10 0.10 0.11 0.09 0.10 0.09 0.10 0.07 0.05 0.04 0.04 0.04 0.00 0.00 0.00 0.00 0.00 0.00 0.00 0.00 0.00 0.00 0.00 0.00 0.00 0.00 0.00 0.00 0.00 0.10 0.10 0.10 0.11 0.09 0.10 0.09 0.10 0.07 0.05 0.04 0.04 0.04 0.00 0.00 0.00 0.00 0.00 0.00 0.00 0.00 0.00 0.00 0.00 0.00 0.00 0.00 0.00 0.00 0.00 0.10 0.10 0.10 0.11 0.09 0.10 0.10 0.10 0.07 0.05 0.04 0.04 0.00 0.00 0.00 0.00 0.00 0.00 0.00 0.00 0.00 0.00 0.00 0.00 0.00 0.00 0.00 0.00 0.00 0.00 0.00 0.10 0.10 0.11 0.09 0.10 0.10 0.10 0.07 0.05 0.04 0.04 0.00 0.00 0.00 0.00 0.00 0.00 0.00 0.00 0.00 0.00 0.00 0.00 0.00 0.00 0.00 0.00 0.00 0.00 0.00 0.00 0.10 0.11 0.09 0.10 0.10 0.10 0.07 0.05 0.05 0.00 0.00 0.00 0.00 0.00 0.00 0.00 0.00 0.00 0.00 0.00 0.00 0.00 0.00 0.00 0.00 0.00 0.00 0.00 0.00 0.00 0.11 0.11 0.10 0.10 0.10 0.10 0.07 0.05 0.00 0.00 0.00 0.00 0.00 0.00 0.00 0.00 0.00 0.00 0.00 0.00 0.00 0.00 0.00 0.00 0.00 0.00 0.00 0.00 0.00 0.00 0.00 0.11 0.10 0.10 0.10 0.10 0.07 0.06 0.00 0.00 0.00 0.00 0.00 0.00 0.00 0.00 0.00 0.00 0.00 0.00 0.00 0.00 0.00 0.00 0.00 0.00 0.00 0.00 0.00 0.00 0.00 0.00 0.00 0.10 0.10 0.10 0.00 0.00 0.00 0.00 0.00 0.00 0.00 0.00 0.00 0.00 0.00 0.00 0.00 0.00 0.00 0.00 0.00 0.00 0.00 0.00 0.00 0.00 0.00 0.00 0.00 0.00 0.00 0.00 0.00 0.00 0.00 0.00 0.00 0.00 0.00 0.00 0.00 0.00 0.00 0.00 0.00 0.00 0.00
height.size=2460
height.data=250.70 250.70 250.70 250.70 250.70 250.70 250.70 250.70 250.70 250.70 250.70 250.70 250.70 250.70 250.70 250.70 250.70 250.70 250.70 250.70 250.70 250.70 250.70 250.70 250.70 250.70 250.70 250.70 250.70 250.70 253.02 253.02 253.02 253.02 253.02 253.02 253.02 253.02 253.02 253.02 253.02 253.02 253.02 253.02 253.02 253.02 253.02 253.02 253.02 253.02 253.02 253.02 253.02 253.02 253.02 253.02 253.02 253.02 253.02 253.02 255.36 255.36 255.36 255.36 255.36 255.36 255.36 255.36 255.36 255.36 255.36 255.36 255.36 255.36 255.36 255.36 255.36 255.36 255.36 255.36 255.36 255.36 255.36 255.36 255.36 255.36 255.36 255.36 255.36 255.36 257.70 257.70 257.70 257.70 257.70 257.70 257.70 257.70 257.70 257.70 257.70 257.70 257.70 257.70 257.70 257.70 257.70 257.70 257.70 257.70 257.70 257.70 257.70 257.70 257.70 257.70 257.70 257.70 257.70 257.70 260.05 260.05 260.05 260.05 260.05 260.05 260.05 260.05 260.05 260.05 260.05 260.05 260.05 260.05 260.05 260.05 260.05 260.05 260.05 260.05 260.05 260.05 260.05 260.05 260.05 260.05 260.05 260.05 260.05 260.05 262.41 262.41 262.41 262.41 262.41 262.41 262.41 262.41 262.41 262.41 262.41 262.41 262.41 262.41 262.41 262.41 262.41 262.41 262.41 262.41 262.41 262.41 262.41 262.41 262.41 262.41 262.41 262.41 262.41 262.41 264.77 264.77 264.77 264.77 264.77 264.77 264.77 264.77 264.77 264.77 264.77 264.77 264.77 264.77 264.77 264.77 264.77 264.77 264.77 264.77 264.77 264.77 264.77 264.77 264.77 264.77 264.77 264.77 264.77 264.77 267.15 267.15 267.15 267.15 267.15 267.15 267.15 267.15 267.15 267.15 267.15 267.15 267.15 267.15 267.15 267.15 267.15 267.15 267.15 267.15 267.15 267.15 267.15 267.15 267.15 267.15 267.15 267.15 267.15 267.15 269.52 269.52 269.52 269.52 269.52 269.52 269.52 269.52 269.52 269.52 269.52 269.52 269.52 269.52 269.52 269.52 269.52 269.52 269.52 269.52 269.52 269.52 269.52 269.52 269.52 269.52 269.52 269.52 269.52 269.52 271.91 271.91 271.91 271.91 271.91 271.91 271.91 271.91 271.91 271.91 271.91 271.91 271.91 271.91 271.91 271.91 271.91 271.91 271.91 271.91 271.91 271.91 271.91 271.91 271.91 271.91 271.91 271.91 271.91 271.91 274.31 274.31 274.31 274.31 274.31 274.31 274.31 274.31 274.31 274.31 274.31 274.31 274.31 274.31 274.31 274.31 274.31 274.31 274.31 274.31 274.31 274.31 274.31 274.31 274.31 274.31 274.31 274.31 274.31 274.31 276.71 276.71 276.71 276.71 276.71 276.71 276.71 276.71 276.71 276.71 276.71 276.71 276.71 276.71 276.71 276.71 276.71 276.71 276.71 276.71 276.71 276.71 276.71 276.71 276.71 276.71 276.71 276.71 276.71 276.71 279.12 279.12 279.12 279.12 279.12 279.12 279.12 279.12 279.12 279.12 279.12 279.12 279.12 279.12 279.12 279.12 279.12 279.12 279.12 279.12 279.12 279.12 279.12 279.12 279.12 279.12 279.12 279.12 279.12 279.12 281.53 281.53 281.53 281.53 281.53 281.53 281.53 281.53 281.53 281.53 281.53 281.53 281.53 281.53 281.53 281.53 281.53 281.53 281.53 281.53 281.53 281.53 281.53 281.53 281.53 281.53 281.53 281.53 281.53 281.53 283.96 283.96 283.96 283.96 283.96 283.96 283.96 283.96 283.96 283.96 283.96 283.96 283.96 283.96 283.96 283.96 283.96 283.96 283.96 283.96 283.96 283.96 283.96 283.96 283.96 283.96 283.96 283.96 283.96 283.96 286.39 286.39 286.39 286.39 286.39 286.39 286.39 286.39 286.39 286.39 286.39 286.39 286.39 286.39 286.39 286.39 286.39 286.39 286.39 286.39 286.39 286.39 286.39 286.39 286.39 286.39 286.39 286.39 286.39 286.39 288.83 288.83 288.83 288.83 288.83 288.83 288.83 288.83 288.83 288.83 288.83 288.83 288.83 288.83 288.83 288.83 288.83 288.83 288.83 288.83 288.83 288.83 288.83 288.83 288.83 288.83 288.83 288.83 288.83 288.83 291.27 291.27 291.27 291.27 291.27 291.27 291.27 291.27 291.27 291.27 291.27 291.27 291.27 291.27 291.27 291.27 291.27 291.27 291.27 291.27 291.27 291.27 291.27 291.27 291.27 291.27 291.27 291.27 291.27 291.27 293.72 293.72 293.72 293.72 293.72 293.72 293.72 293.72 293.72 293.72 293.72 293.72 293.72 293.72 293.72 293.72 293.72 293.72 293.72 293.72 293.72 293.72 293.72 293.72 293.72 293.72 293.72 293.72 293.72 293.72 296.18 296.18 296.18 296.18 296.18 296.18 296.18 296.18 296.18 296.18 296.18 296.18 296.18 296.18 296.18 296.18 296.18 296.18 296.18 296.18 296.18 296.18 296.18 296.18 296.18 296.18 296.18 296.18 296.18 296.18 298.65 298.65 298.65 298.65 298.65 298.65 298.65 298.65 298.65 298.65 298.65 298.65 298.65 298.65 298.65 298.65 298.65 298.65 298.65 298.65 298.65 298.65 298.65 298.65 298.65 298.65 298.65 298.65 298.65 298.65 301.13 301.13 301.13 301.13 301.13 301.13 301.13 301.13 301.13 301.13 301.13 301.13 301.13 301.13 301.13 301.13 301.13 301.13 301.13 301.13 301.13 301.13 301.13 301.13 301.13 301.13 301.13 301.13 301.13 301.13 303.61 303.61 303.61 303.61 303.61 303.61 303.61 303.61 303.61 303.61 303.61 303.61 303.61 303.61 303.61 303.61 303.61 303.61 303.61 303.61 303.61 303.61 303.61 303.61 303.61 303.61 303.61 303.61 303.61 303.61 306.10 306.10 306.10 306.10 306.10 306.10 306.10 306.10 306.10 306.10 306.10 306.10 306.10 306.10 306.10 306.10 306.10 306.10 306.10 306.10 306.10 306.10 306.10 306.10 306.10 306.10 306.10 306.10 306.10 306.10 308.60 308.60 308.60 308.60 308.60 308.60 308.60 308.60 308.60 308.60 308.60 308.60 308.60 308.60 308.60 308.60 308.60 308.60 308.60 308.60 308.60 308.60 308.60 308.60 308.60 308.60 308.60 308.60 308.60 308.60 311.10 311.10 311.10 311.10 311.10 311.10 311.10 311.10 311.10 311.10 311.10 311.10 311.10 311.10 311.10 311.10 311.10 311.10 311.10 311.10 311.10 311.10 311.10 311.10 311.10 311.10 311.10 311.10 311.10 311.10 313.61 313.61 313.61 313.61 313.61 313.61 313.61 313.61 313.61 313.61 313.61 313.61 313.61 313.61 313.61 313.61 313.61 313.61 313.61 313.61 313.61 313.61 313.61 313.61 313.61 313.61 313.61 313.61 313.61 313.61 316.13 316.13 316.13 316.13 316.13 316.13 316.13 316.13 316.13 316.13 316.13 316.13 316.13 316.13 316.13 316.13 316.13 316.13 316.13 316.13 316.13 316.13 316.13 316.13 316.13 316.13 316.13 316.13 316.13 316.13 318.66 318.66 318.66 318.66 318.66 318.66 318.66 318.66 318.66 318.66 318.66 318.66 318.66 318.66 318.66 318.66 318.66 318.66 318.66 318.66 318.66 318.66 318.66 318.66 318.66 318.66 318.66 318.66 318.66 318.66 321.19 321.19 321.19 321.19 321.19 321.19 321.19 321.19 321.19 321.19 321.19 321.19 321.19 321.19 321.19 321.19 321.19 321.19 321.19 321.19 321.19 321.19 321.19 321.19 321.19 321.19 321.19 321.19 321.19 321.19 323.73 323.73 323.73 323.73 323.73 323.73 323.73 323.73 323.73 323.73 323.73 323.73 323.73 323.73 323.73 323.73 323.73 323.73 323.73 323.73 323.73 323.73 323.73 323.73 323.73 323.73 323.73 323.73 323.73 323.73 326.28 326.28 326.28 326.28 326.28 326.28 326.28 326.28 326.28 326.28 326.28 326.28 326.28 326.28 326.28 326.28 326.28 326.28 326.28 326.28 326.28 326.28 326.28 326.28 326.28 326.28 326.28 326.28 326.28 326.28 328.84 328.84 328.84 328.84 328.84 328.84 328.84 328.84 328.84 328.84 328.84 328.84 328.84 328.84 328.84 328.84 328.84 328.84 328.84 328.84 328.84 328.84 328.84 328.84 328.84 328.84 328.84 328.84 328.84 328.84 331.40 331.40 331.40 331.40 331.40 331.40 331.40 331.40 331.40 331.40 331.40 331.40 331.40 331.40 331.40 331.40 331.40 331.40 331.40 331.40 331.40 331.40 331.40 331.40 331.40 331.40 331.40 331.40 331.40 331.40 333.97 333.97 333.97 333.97 333.97 333.97 333.97 333.97 333.97 333.97 333.97 333.97 333.97 333.97 333.97 333.97 333.97 333.97 333.97 333.97 333.97 333.97 333.97 333.97 333.97 333.97 333.97 333.97 333.97 333.97 336.55 336.55 336.55 336.55 336.55 336.55 336.55 336.55 336.55 336.55 336.55 336.55 336.55 336.55 336.55 336.55 336.55 336.55 336.55 336.55 336.55 336.55 336.55 336.55 336.55 336.55 336.55 336.55 336.55 336.55 339.14 339.14 339.14 339.14 339.14 339.14 339.14 339.14 339.14 339.14 339.14 339.14 339.14 339.14 339.14 339.14 339.14 339.14 339.14 339.14 339.14 339.14 339.14 339.14 339.14 339.14 339.14 339.14 339.14 339.14 341.73 341.73 341.73 341.73 341.73 341.73 341.73 341.73 341.73 341.73 341.73 341.73 341.73 341.73 341.73 341.73 341.73 341.73 341.73 341.73 341.73 341.73 341.73 341.73 341.73 341.73 341.73 341.73 341.73 341.73 344.33 344.33 344.33 344.33 344.33 344.33 344.33 344.33 344.33 344.33 344.33 344.33 344.33 344.33 344.33 344.33 344.33 344.33 344.33 344.33 344.33 344.33 344.33 344.33 344.33 344.33 344.33 344.33 344.33 344.33 346.94 346.94 346.94 346.94 346.94 346.94 346.94 346.94 346.94 346.94 346.94 346.94 346.94 346.94 346.94 346.94 346.94 346.94 346.94 346.94 346.94 346.94 346.94 346.94 346.94 346.94 346.94 346.94 346.94 346.94 349.55 349.55 349.55 349.55 349.55 349.55 349.55 349.55 349.55 349.55 349.55 349.55 349.55 349.55 349.55 349.55 349.55 349.55 349.55 349.55 349.55 349.55 349.55 349.55 349.55 349.55 349.55 349.55 349.55 349.55 352.17 352.17 352.17 352.17 352.17 352.17 352.17 352.17 352.17 352.17 352.17 352.17 352.17 352.17 352.17 352.17 352.17 352.17 352.17 352.17 352.17 352.17 352.17 352.17 352.17 352.17 352.17 352.17 352.17 352.17 354.80 354.80 354.80 354.80 354.80 354.80 354.80 354.80 354.80 354.80 354.80 354.80 354.80 354.80 354.80 354.80 354.80 354.80 354.80 354.80 354.80 354.80 354.80 354.80 354.80 354.80 354.80 354.80 354.80 354.80 357.44 357.44 357.44 357.44 357.44 357.44 357.44 357.44 357.44 357.44 357.44 357.44 357.44 357.44 357.44 357.44 357.44 357.44 357.44 357.44 357.44 357.44 357.44 357.44 357.44 357.44 357.44 357.44 357.44 357.44 360.08 360.08 360.08 360.08 360.08 360.08 360.08 360.08 360.08 360.08 360.08 360.08 360.08 360.08 360.08 360.08 360.08 360.08 360.08 360.08 360.08 360.08 360.08 360.08 360.08 360.08 360.08 360.08 360.08 360.08 362.74 362.74 362.74 362.74 362.74 362.74 362.74 362.74 362.74 362.74 362.74 362.74 362.74 362.74 362.74 362.74 362.74 362.74 362.74 362.74 362.74 362.74 362.74 362.74 362.74 362.74 362.74 362.74 362.74 362.74 365.39 365.39 365.39 365.39 365.39 365.39 365.39 365.39 365.39 365.39 365.39 365.39 365.39 365.39 365.39 365.39 365.39 365.39 365.39 365.39 365.39 365.39 365.39 365.39 365.39 365.39 365.39 365.39 365.39 365.39 368.06 368.06 368.06 368.06 368.06 368.06 368.06 368.06 368.06 368.06 368.06 368.06 368.06 368.06 368.06 368.06 368.06 368.06 368.06 368.06 368.06 368.06 368.06 368.06 368.06 368.06 368.06 368.06 368.06 368.06 370.73 370.73 370.73 370.73 370.73 370.73 370.73 370.73 370.73 370.73 370.73 370.73 370.73 370.73 370.73 370.73 370.73 370.73 370.73 370.73 370.73 370.73 370.73 370.73 370.73 370.73 370.73 370.73 370.73 370.73 373.42 373.42 373.42 373.42 373.42 373.42 373.42 373.42 373.42 373.42 373.42 373.42 373.42 373.42 373.42 373.42 373.42 373.42 373.42 373.42 373.42 373.42 373.42 373.42 373.42 373.42 373.42 373.42 373.42 373.42 376.10 376.10 376.10 376.10 376.10 376.10 376.10 376.10 376.10 376.10 376.10 376.10 376.10 376.10 376.10 376.10 376.10 376.10 376.10 376.10 376.10 376.10 376.10 376.10 376.10 376.10 376.10 376.10 376.10 376.10 378.80 378.80 378.80 378.80 378.80 378.80 378.80 378.80 378.80 378.80 378.80 378.80 378.80 378.80 378.80 378.80 378.80 378.80 378.80 378.80 378.80 378.80 378.80 378.80 378.80 378.80 378.80 378.80 378.80 378.80 381.50 381.50 381.50 381.50 381.50 381.50 381.50 381.50 381.50 381.50 381.50 381.50 381.50 381.50 381.50 381.50 381.50 381.50 381.50 381.50 381.50 381.50 381.50 381.50 381.50 381.50 381.50 381.50 381.50 381.50 384.21 384.21 384.21 384.21 384.21 384.21 384.21 384.21 384.21 384.21 384.21 384.21 384.21 384.21 384.21 384.21 384.21 384.21 384.21 384.21 384.21 384.21 384.21 384.21 384.21 384.21 384.21 384.21 384.21 384.21 386.93 386.93 386.93 386.93 386.93 386.93 386.93 386.93 386.93 386.93 386.93 386.93 386.93 386.93 386.93 386.93 386.93 386.93 386.93 386.93 386.93 386.93 386.93 386.93 386.93 386.93 386.93 386.93 386.93 386.93 389.66 389.66 389.66 389.66 389.66 389.66 389.66 389.66 389.66 389.66 389.66 389.66 389.66 389.66 389.66 389.66 389.66 389.66 389.66 389.66 389.66 389.66 389.66 389.66 389.66 389.66 389.66 389.66 389.66 389.66 392.39 392.39 392.39 392.39 392.39 392.39 392.39 392.39 392.39 392.39 392.39 392.39 392.39 392.39 392.39 392.39 392.39 392.39 392.39 392.39 392.39 392.39 392.39 392.39 392.39 392.39 392.39 392.39 392.39 392.39 395.13 395.13 395.13 395.13 395.13 395.13 395.13 395.13 395.13 395.13 395.13 395.13 395.13 395.13 395.13 395.13 395.13 395.13 395.13 395.13 395.13 395.13 395.13 395.13 395.13 395.13 395.13 395.13 395.13 395.13 397.88 397.88 397.88 397.88 397.88 397.88 397.88 397.88 397.88 397.88 397.88 397.88 397.88 397.88 397.88 397.88 397.88 397.88 397.88 397.88 397.88 397.88 397.88 397.88 397.88 397.88 397.88 397.88 397.88 397.88 400.63 400.63 400.63 400.63 400.63 400.63 400.63 400.63 400.63 400.63 400.63 400.63 400.63 400.63 400.63 400.63 400.63 400.63 400.63 400.63 400.63 400.63 400.63 400.63 400.63 400.63 400.63 400.63 400.63 400.63 403.39 403.39 403.39 403.39 403.39 403.39 403.39 403.39 403.39 403.39 403.39 403.39 403.39 403.39 403.39 403.39 403.39 403.39 403.39 403.39 403.39 403.39 403.39 403.39 403.39 403.39 403.39 403.39 403.39 403.39 406.16 406.16 406.16 406.16 406.16 406.16 406.16 406.16 406.16 406.16 406.16 406.16 406.16 406.16 406.16 406.16 406.16 406.16 406.16 406.16 406.16 406.16 406.16 406.16 406.16 406.16 406.16 406.16 406.16 406.16 408.94 408.94 408.94 408.94 408.94 408.94 408.94 408.94 408.94 408.94 408.94 408.94 408.94 408.94 408.94 408.94 408.94 408.94 408.94 408.94 408.94 408.94 408.94 408.94 408.94 408.94 408.94 408.94 408.94 408.94 411.72 411.72 411.72 411.72 411.72 411.72 411.72 411.72 411.72 411.72 411.72 411.72 411.72 411.72 411.72 411.72 411.72 411.72 411.72 411.72 411.72 411.72 411.72 411.72 411.72 411.72 411.72 411.72 411.72 411.72 414.51 414.51 414.51 414.51 414.51 414.51 414.51 414.51 414.51 414.51 414.51 414.51 414.51 414.51 414.51 414.51 414.51 414.51 414.51 414.51 414.51 414.51 414.51 414.51 414.51 414.51 414.51 414.51 414.51 414.51 417.31 417.31 417.31 417.31 417.31 417.31 417.31 417.31 417.31 417.31 417.31 417.31 417.31 417.31 417.31 417.31 417.31 417.31 417.31 417.31 417.31 417.31 417.31 417.31 417.31 417.31 417.31 417.31 417.31 417.31 420.12 420.12 420.12 420.12 420.12 420.12 420.12 420.12 420.12 420.12 420.12 420.12 420.12 420.12 420.12 420.12 420.12 420.12 420.12 420.12 420.12 420.12 420.12 420.12 420.12 420.12 420.12 420.12 420.12 420.12 422.93 422.93 422.93 422.93 422.93 422.93 422.93 422.93 422.93 422.93 422.93 422.93 422.93 422.93 422.93 422.93 422.93 422.93 422.93 422.93 422.93 422.93 422.93 422.93 422.93 422.93 422.93 422.93 422.93 422.93 425.75 425.75 425.75 425.75 425.75 425.75 425.75 425.75 425.75 425.75 425.75 425.75 425.75 425.75 425.75 425.75 425.75 425.75 425.75 425.75 425.75 425.75 425.75 425.75 425.75 425.75 425.75 425.75 425.75 425.75 428.58 428.58 428.58 428.58 428.58 428.58 428.58 428.58 428.58 428.58 428.58 428.58 428.58 428.58 428.58 428.58 428.58 428.58 428.58 428.58 428.58 428.58 428.58 428.58 428.58 428.58 428.58 428.58 428.58 428.58 431.42 431.42 431.42 431.42 431.42 431.42 431.42 431.42 431.42 431.42 431.42 431.42 431.42 431.42 431.42 431.42 431.42 431.42 431.42 431.42 431.42 431.42 431.42 431.42 431.42 431.42 431.42 431.42 431.42 431.42 434.26 434.26 434.26 434.26 434.26 434.26 434.26 434.26 434.26 434.26 434.26 434.26 434.26 434.26 434.26 434.26 434.26 434.26 434.26 434.26 434.26 434.26 434.26 434.26 434.26 434.26 434.26 434.26 434.26 434.26 437.11 437.11 437.11 437.11 437.11 437.11 437.11 437.11 437.11 437.11 437.11 437.11 437.11 437.11 437.11 437.11 437.11 437.11 437.11 437.11 437.11 437.11 437.11 437.11 437.11 437.11 437.11 437.11 437.11 437.11 439.97 439.97 439.97 439.97 439.97 439.97 439.97 439.97 439.97 439.97 439.97 439.97 439.97 439.97 439.97 439.97 439.97 439.97 439.97 439.97 439.97 439.97 439.97 439.97 439.97 439.97 439.97 439.97 439.97 439.97 442.83 442.83 442.83 442.83 442.83 442.83 442.83 442.83 442.83 442.83 442.83 442.83 442.83 442.83 442.83 442.83 442.83 442.83 442.83 442.83 442.83 442.83 442.83 442.83 442.83 442.83 442.83 442.83 442.83 442.83 445.71 445.71 445.71 445.71 445.71 445.71 445.71 445.71 445.71 445.71 445.71 445.71 445.71 445.71 445.71 445.71 445.71 445.71 445.71 445.71 445.71 445.71 445.71 445.71 445.71 445.71 445.71 445.71 445.71 445.71 448.58 448.58 448.58 448.58 448.58 448.58 448.58 448.58 448.58 448.58 448.58 448.58 448.58 448.58 448.58 448.58 448.58 448.58 448.58 448.58 448.58 448.58 448.58 448.58 448.58 448.58 448.58 448.58 448.58 448.58 451.47 451.47 451.47 451.47 451.47 451.47 451.47 451.47 451.47 451.47 451.47 451.47 451.47 451.47 451.47 451.47 451.47 451.47 451.47 451.47 451.47 451.47 451.47 451.47 451.47 451.47 451.47 451.47 451.47 451.47 454.37 454.37 454.37 454.37 454.37 454.37 454.37 454.37 454.37 454.37 454.37 454.37 454.37 454.37 454.37 454.37 454.37 454.37 454.37 454.37 454.37 454.37 454.37 454.37 454.37 454.37 454.37 454.37 454.37 454.37 457.27 457.27 457.27 457.27 457.27 457.27 457.27 457.27 457.27 457.27 457.27 457.27 457.27 457.27 457.27 457.27 457.27 457.27 457.27 457.27 457.27 457.27 457.27 457.27 457.27 457.27 457.27 457.27 457.27 457.27 460.18 460.18 460.18 460.18 460.18 460.18 460.18 460.18 460.18 460.18 460.18 460.18 460.18 460.18 460.18 460.18 460.18 460.18 460.18 460.18 460.18 460.18 460.18 460.18 460.18 460.18 460.18 460.18 460.18 460.18 463.09 463.09 463.09 463.09 463.09 463.09 463.09 463.09 463.09 463.09 463.09 463.09 463.09 463.09 463.09 463.09 463.09 463.09 463.09 463.09 463.09 463.09 463.09 463.09 463.09 463.09 463.09 463.09 463.09 463.09
=== END RADAR_SCAN ===

=== BEGIN RADAR_SCAN ===
scan.index=15
scan.time=179.670000
radar.id=0
radar.frequency=C
radar.scanning_mode=PPI
radar.x=0.000
radar.y=0.000
radar.z=25.000
radar.maximum_range=250000.000
radar.range_resolution=250.000
radar.angular_resolution=1.000000
box.radar_id=0
box.min_range_gate=138.000
box.max_range_gate=219.000
box.min_angle=131.000000
box.max_angle=161.000000
box.num_ranges=82
box.num_angles=30
box.range_resolution=250.000
box.angular_resolution=1.000000
box.other_angle=0.300000
grid.size=2460
grid.data=0.00 0.00 0.00 0.00 0.00 0.00 0.00 0.00 0.00 0.00 0.00 0.00 0.00 0.00 0.00 0.00 0.00 0.00 0.00 0.00 0.00 0.00 0.00 0.00 0.00 0.00 0.00 0.00 0.00 0.00 0.00 0.00 0.00 0.00 0.00 0.00 0.00 0.00 0.00 0.00 0.00 0.00 0.00 27.94 30.60 28.19 27.50 25.04 0.00 0.00 0.00 0.00 0.00 0.00 0.00 0.00 0.00 0.00 0.00 0.00 0.00 0.00 0.00 0.00 0.00 0.00 0.00 0.00 0.00 0.00 0.00 30.58 28.78 25.51 28.06 26.64 24.97 26.43 24.85 30.35 0.00 0.00 0.00 0.00 0.00 0.00 0.00 0.00 0.00 0.00 0.00 0.00 0.00 0.00 0.00 0.00 0.00 0.00 0.00 0.00 27.72 28.74 27.96 27.08 25.78 28.92 23.38 28.63 26.35 27.93 25.90 0.00 0.00 0.00 0.00 0.00 0.00 0.00 0.00 0.00 0.00 0.00 0.00 0.00 0.00 0.00 0.00 0.00 0.00 25.94 29.43 25.49 25.30 25.23 28.28 30.81 26.59 24.40 27.71 26.73 29.57 0.00 0.00 0.00 0.00 0.00 0.00 0.00 0.00 0.00 0.00 0.00 0.00 0.00 0.00 0.00 0.00 0.00 0.00 38.56 36.03 38.09 36.67 36.54 24.20 24.36 26.22 26.32 28.67 28.54 26.19 30.76 0.00 0.00 0.00 0.00 0.00 0.00 0.00 0.00 0.00 0.00 0.00 0.00 0.00 0.00 0.00 0.00 38.82 29.35 31.61 31.10 34.66 34.34 31.45 25.41 27.56 24.02 26.84 26.06 28.51 28.20 27.73 0.00 0.00 0.00 0.00 0.00 0.00 0.00 0.00 0.00 0.00 0.00 0.00 0.00 0.00 37.53 37.63 34.57 32.07 32.59 34.22 39.18 33.95 29.50 26.21 28.06 26.07 22.49 28.80 28.36 28.51 0.00 0.00 0.00 0.00 0.00 0.00 0.00 0.00 0.00 0.00 0.00 0.00 0.00 0.00 31.05 33.68 34.32 33.97 37.58 32.59 33.72 35.31 30.60 28.01 27.48 26.25 24.05 28.57 22.34 27.32 27.13 0.00 0.00 0.00 0.00 0.00 0.00 0.00 0.00 0.00 0.00 0.00 0.00 0.00 36.58 34.64 35.66 34.29 33.00 31.50 35.93 32.95 37.69 26.21 25.83 27.71 24.09 31.47 29.19 28.04 23.19 0.00 0.00 0.00 0.00 0.00 0.00 0.00 0.00 0.00 0.00 0.00 0.00 33.19 31.01 39.24 36.72 29.30 33.28 34.88 36.24 36.42 36.14 34.61 25.44 28.44 27.71 26.45 27.31 25.99 28.41 30.39 0.00 0.00 0.00 0.00 0.00 0.00 0.00 0.00 0.00 0.00 0.00 32.74 29.67 32.87 30.38 32.24 32.18 29.87 35.26 34.71 33.09 31.35 26.93 29.46 28.22 24.98 27.82 25.96 26.11 25.84 0.00 0.00 0.00 0.00 0.00 0.00 0.00 0.00 0.00 0.00 26.97 33.77 31.72 32.06 36.68 38.53 31.76 32.65 35.00 28.53 32.95 35.57 28.90 30.55 24.66 28.94 22.96 28.77 27.74 30.38 0.00 0.00 0.00 0.00 0.00 0.00 0.00 0.00 0.00 0.00 33.14 36.35 29.12 37.88 33.29 32.11 37.32 33.99 30.25 34.77 35.20 35.03 32.56 22.89 27.67 24.83 25.70 29.48 26.93 25.91 27.10 0.00 0.00 0.00 0.00 0.00 0.00 0.00 0.00 0.00 34.37 33.10 35.08 33.80 38.36 31.47 31.44 36.01 32.22 31.08 33.29 32.68 33.73 25.93 28.36 31.51 27.58 24.95 25.40 25.80 29.97 0.00 0.00 0.00 0.00 0.00 0.00 0.00 0.00 0.00 38.52 31.07 36.88 30.16 34.06 32.52 30.52 31.07 39.06 33.27 31.71 36.28 35.17 26.99 28.30 31.40 29.83 29.76 26.54 24.91 25.54 0.00 0.00 0.00 0.00 0.00 0.00 0.00 0.00 24.40 34.84 34.13 27.96 30.20 33.96 28.68 31.17 34.16 34.60 32.14 33.99 36.55 33.12 26.52 26.63 28.89 25.69 25.56 26.37 22.87 26.51 0.00 0.00 0.00 0.00 0.00 0.00 0.00 0.00 28.31 33.27 30.97 35.60 34.18 38.63 32.68 36.26 36.42 32.95 34.16 36.85 31.57 32.11 28.94 29.12 27.78 25.82 27.52 26.89 30.46 25.19 26.28 0.00 0.00 0.00 0.00 0.00 0.00 0.00 28.07 34.82 35.06 33.14 34.72 31.77 33.05 32.33 33.26 33.14 35.16 35.99 35.59 32.94 27.85 27.53 29.97 28.66 27.63 26.21 29.73 27.33 27.89 0.00 0.00 0.00 0.00 0.00 0.00 0.00 33.14 32.06 29.85 31.24 31.81 31.69 32.39 31.84 36.54 34.42 35.18 34.14 32.04 34.32 27.63 24.91 27.01 24.86 23.80 25.44 29.64 23.34 28.07 0.00 0.00 0.00 0.00 0.00 0.00 0.00 38.44 35.66 28.57 36.66 35.28 33.38 35.51 30.38 31.42 34.07 33.92 36.41 33.62 36.26 29.22 27.68 29.69 27.79 28.69 26.75 28.95 25.25 24.95 0.00 0.00 0.00 0.00 0.00 0.00 28.53 36.92 31.40 34.71 32.29 34.54 37.35 34.77 34.36 33.59 34.65 34.15 32.26 32.75 36.51 28.48 23.37 28.20 26.16 27.42 24.93 25.08 28.90 28.16 0.00 0.00 0.00 0.00 0.00 0.00 25.75 32.96 37.06 32.18 33.83 31.20 30.70 32.61 33.11 35.26 37.54 34.83 35.07 35.97 34.44 28.20 25.90 27.16 26.58 27.85 25.62 25.88 23.56 27.46 0.00 0.00 0.00 0.00 0.00 0.00 32.72 35.01 35.86 36.51 36.41 37.30 32.30 36.18 35.53 36.01 32.89 35.97 35.77 37.87 33.18 29.73 27.47 31.59 28.36 23.73 26.38 26.97 24.85 30.36 24.03 0.00 0.00 0.00 0.00 0.00 24.69 37.17 39.16 35.35 36.19 33.19 35.75 32.75 34.58 35.80 34.78 33.60 34.49 34.16 33.17 26.60 26.61 28.12 26.37 25.62 25.91 29.07 28.61 26.00 29.28 0.00 0.00 0.00 0.00 0.00 26.66 31.90 33.58 29.62 35.84 29.53 37.94 35.12 33.36 33.41 33.07 31.74 33.59 36.76 33.12 24.78 25.72 28.17 31.38 27.09 25.45 29.53 31.53 26.66 25.27 0.00 0.00 0.00 0.00 0.00 27.74 36.64 29.36 34.34 30.41 32.15 38.38 34.88 31.07 34.14 36.42 36.31 28.33 31.75 30.37 25.97 24.97 26.72 26.64 28.15 28.79 25.96 29.64 27.00 22.68 0.00 0.00 0.00 0.00 0.00 30.38 32.35 35.67 35.15 31.45 31.19 34.78 37.49 32.04 31.44 30.10 34.22 37.00 36.19 33.86 28.32 27.10 28.12 24.59 26.38 27.26 27.77 28.74 22.56 25.66 0.00 0.00 0.00 0.00 0.00 27.73 30.61 35.30 32.30 31.31 37.42 35.48 34.91 32.95 29.78 28.56 30.89 34.55 33.10 32.27 33.22 26.74 26.21 25.32 27.81 25.59 26.87 25.88 27.92 26.98 0.00 0.00 0.00 0.00 0.00 28.67 27.62 33.57 31.43 35.96 33.50 33.16 33.44 40.01 32.27 34.26 34.44 31.13 31.76 30.05 25.98 26.60 24.73 27.47 25.06 28.91 22.84 28.75 27.20 29.85 0.00 0.00 0.00 0.00 0.00 25.60 28.06 31.17 34.98 31.41 34.64 31.78 31.58 37.33 30.99 31.62 33.98 32.08 35.50 32.55 27.39 24.76 24.39 25.73 24.63 26.73 24.66 26.51 26.11 26.96 0.00 0.00 0.00 0.00 27.91 29.65 28.46 32.98 36.94 35.65 35.38 32.92 29.67 36.00 29.31 32.86 38.35 38.20 34.28 36.61 25.11 25.19 24.34 31.15 28.82 26.12 24.37 28.56 27.40 27.85 0.00 0.00 0.00 0.00 30.02 29.25 27.74 36.81 36.94 31.24 35.98 33.06 32.32 34.02 32.51 35.60 30.92 35.33 32.01 32.28 23.12 26.24 24.74 25.94 28.10 28.27 27.88 26.86 26.63 25.88 0.00 0.00 0.00 0.00 27.50 26.25 27.32 36.05 33.38 37.07 32.47 28.88 32.95 32.37 32.57 36.26 35.18 26.83 35.15 31.92 27.36 25.33 27.36 24.16 26.80 26.95 26.94 27.56 26.09 26.51 0.00 0.00 0.00 0.00 28.23 24.88 33.03 34.00 36.49 32.13 28.48 28.71 32.74 36.75 34.62 33.21 33.37 35.65 32.04 28.64 25.56 26.69 29.61 23.40 28.84 27.00 24.93 27.90 30.40 25.80 0.00 0.00 0.00 0.00 26.99 25.41 25.11 27.41 30.70 33.68 34.32 35.46 34.45 35.55 29.54 37.22 31.31 33.71 33.39 25.12 25.23 26.82 25.57 27.63 28.11 28.52 27.80 24.49 25.58 27.87 0.00 0.00 0.00 0.00 29.56 29.33 27.45 27.18 36.63 33.10 35.02 36.30 30.74 30.71 41.43 34.89 30.58 35.13 31.11 25.25 23.97 30.49 30.62 26.70 27.00 26.16 24.63 26.24 22.66 27.85 0.00 0.00 0.00 0.00 28.55 26.43 29.81 29.55 30.71 33.48 37.08 32.21 32.71 33.28 34.33 32.76 36.34 34.49 29.09 28.26 29.72 27.70 22.91 24.21 24.71 23.40 26.49 27.50 24.10 28.14 0.00 0.00 0.00 0.00 24.62 27.30 26.33 24.36 24.03 32.67 32.49 28.88 33.31 35.84 29.65 34.54 29.59 34.66 26.18 23.46 27.86 24.80 30.59 26.99 24.52 27.93 29.55 28.09 30.00 27.78 0.00 0.00 0.00 0.00 26.07 27.58 28.35 26.70 28.15 37.78 33.82 31.78 30.84 34.96 35.62 31.76 35.21 28.27 27.21 25.71 24.68 22.35 27.74 24.86 21.70 26.78 26.14 27.57 26.77 28.82 0.00 0.00 0.00 0.00 28.44 26.92 28.33 26.44 24.68 34.67 35.54 37.31 31.91 31.22 34.14 31.18 34.56 29.14 26.75 26.10 27.64 28.80 28.49 28.39 24.20 25.94 24.50 26.51 25.26 25.90 0.00 0.00 0.00 0.00 0.00 29.23 27.81 26.96 32.72 27.82 34.20 34.67 31.43 39.06 33.34 31.25 33.12 26.09 28.42 25.72 28.51 27.76 24.18 30.51 26.40 25.98 28.78 27.74 24.53 26.99 0.00 0.00 0.00 0.00 0.00 27.47 27.41 28.80 27.62 29.27 35.35 33.46 36.53 37.84 31.58 37.09 32.12 26.45 29.45 26.03 24.95 25.42 29.07 28.88 26.78 27.90 24.04 29.27 27.42 27.05 0.00 0.00 0.00 0.00 0.00 27.16 26.31 28.09 27.94 25.62 26.95 36.76 26.53 35.51 35.60 32.78 28.58 26.71 27.11 28.75 29.44 28.59 27.60 25.80 30.04 24.97 28.07 26.00 30.13 25.97 0.00 0.00 0.00 0.00 0.00 30.15 26.36 25.40 25.81 24.21 26.83 27.84 29.59 33.08 26.27 24.04 26.30 25.10 26.04 26.88 29.40 26.06 28.91 30.38 28.38 25.58 27.00 29.81 25.59 25.87 0.00 0.00 0.00 0.00 0.00 27.33 25.58 24.21 26.46 26.96 27.77 28.08 25.34 28.07 26.48 28.74 23.26 28.36 27.77 25.66 24.71 28.95 26.86 26.19 27.41 26.12 22.55 25.31 25.73 28.72 0.00 0.00 0.00 0.00 0.00 27.60 24.14 27.13 26.99 28.53 26.01 25.10 26.84 27.50 26.55 28.42 27.16 24.87 27.28 27.63 27.05 30.92 28.31 25.77 25.50 28.91 28.85 28.20 26.03 29.62 0.00 0.00 0.00 0.00 0.00 28.77 25.57 26.43 29.24 27.06 24.76 27.92 27.14 26.30 26.17 28.01 25.75 30.42 25.62 23.59 27.18 28.19 23.50 30.00 25.66 25.23 28.91 26.91 27.51 29.00 0.00 0.00 0.00 0.00 0.00 25.54 29.90 29.89 24.51 27.73 27.63 28.02 29.22 29.70 30.08 24.69 30.60 25.65 23.51 24.73 28.40 26.16 28.06 29.29 26.67 26.93 24.73 22.15 30.77 28.31 0.00 0.00 0.00 0.00 0.00 25.83 25.82 22.60 29.86 25.60 28.34 28.22 33.30 26.65 26.22 23.51 24.54 28.73 29.49 29.07 25.14 26.74 27.25 27.65 26.36 25.99 26.64 23.93 26.93 23.21 0.00 0.00 0.00 0.00 0.00 29.62 30.17 27.10 31.21 27.11 27.17 27.59 26.88 26.28 28.22 28.62 26.66 27.35 28.17 25.94 31.25 27.99 27.65 25.95 26.48 27.21 29.48 29.27 30.50 26.66 0.00 0.00 0.00 0.00 0.00 24.92 23.29 31.71 22.28 28.15 30.08 28.74 25.90 27.14 26.94 30.26 28.51 29.22 26.54 26.49 22.71 30.66 30.08 24.94 28.69 27.80 29.64 29.71 26.23 0.00 0.00 0.00 0.00 0.00 0.00 27.30 27.80 27.41 30.19 26.16 26.40 26.09 27.40 26.39 24.97 26.87 29.40 26.17 26.70 25.58 30.40 23.91 28.66 22.39 23.51 21.66 28.11 25.03 26.35 0.00 0.00 0.00 0.00 0.00 0.00 0.00 28.97 27.52 27.19 24.51 25.09 24.51 26.33 27.84 25.10 27.78 28.26 27.05 24.94 26.89 26.41 27.79 28.03 25.83 27.11 27.41 26.56 29.55 29.40 0.00 0.00 0.00 0.00 0.00 0.00 0.00 29.73 24.51 26.43 24.03 23.70 23.31 26.71 26.53 29.08 26.23 29.48 27.01 26.59 22.97 26.45 24.17 25.81 28.37 26.77 28.38 28.62 28.00 25.17 0.00 0.00 0.00 0.00 0.00 0.00 0.00 28.45 28.06 29.72 27.68 23.55 29.48 26.31 27.42 29.17 27.41 25.36 25.11 24.59 25.14 26.72 27.13 27.89 24.93 26.05 26.48 27.76 25.45 27.15 0.00 0.00 0.00 0.00 0.00 0.00 0.00 23.36 27.11 26.27 24.13 26.31 26.23 26.62 24.42 28.24 24.71 30.24 28.02 26.21 26.60 28.04 25.18 27.21 30.41 25.42 24.82 25.57 26.30 25.71 0.00 0.00 0.00 0.00 0.00 0.00 0.00 28.20 26.35 26.88 24.49 25.02 29.23 28.18 25.44 28.51 28.89 27.59 25.81 23.65 26.21 30.06 29.46 26.48 26.62 28.42 27.64 30.86 28.93 27.81 0.00 0.00 0.00 0.00 0.00 0.00 0.00 31.51 27.45 25.15 26.95 24.07 26.92 26.31 28.02 23.56 26.46 28.18 26.97 29.24 26.90 25.40 26.79 24.69 27.39 22.44 28.89 25.30 23.37 0.00 0.00 0.00 0.00 0.00 0.00 0.00 0.00 0.00 31.41 29.46 26.32 27.15 26.46 26.17 26.96 26.31 26.25 26.02 27.60 24.09 26.78 26.59 25.11 23.21 26.33 27.91 26.93 26.54 27.66 0.00 0.00 0.00 0.00 0.00 0.00 0.00 0.00 0.00 23.77 27.27 22.79 26.79 29.08 27.15 28.30 24.60 25.27 27.21 24.36 25.02 28.06 23.37 27.27 29.16 26.42 31.03 23.48 24.29 27.63 0.00 0.00 0.00 0.00 0.00 0.00 0.00 0.00 0.00 25.96 26.06 25.63 26.47 26.90 27.58 20.80 29.76 26.97 28.52 26.79 26.26 28.23 28.96 27.51 23.45 26.13 28.52 27.78 27.71 26.83 0.00 0.00 0.00 0.00 0.00 0.00 0.00 0.00 0.00 26.73 27.69 28.40 22.53 26.34 28.48 28.60 26.09 27.55 27.91 25.13 26.39 29.62 30.30 27.47 25.32 28.67 27.33 28.54 25.32 30.15 0.00 0.00 0.00 0.00 0.00 0.00 0.00 0.00 0.00 26.67 24.30 26.56 29.77 30.07 28.85 28.88 27.12 30.79 28.18 28.36 24.75 30.01 28.52 29.89 28.65 25.92 25.69 27.40 31.66 0.00 0.00 0.00 0.00 0.00 0.00 0.00 0.00 0.00 0.00 0.00 27.76 26.45 26.83 25.83 28.19 28.53 28.79 24.73 27.56 22.45 25.75 24.05 27.54 27.63 26.49 25.54 27.37 26.02 28.94 0.00 0.00 0.00 0.00 0.00 0.00 0.00 0.00 0.00 0.00 0.00 28.52 26.42 22.42 29.20 28.33 29.70 27.15 25.35 29.41 26.84 28.07 22.99 27.28 25.67 28.68 27.76 29.49 26.95 29.01 0.00 0.00 0.00 0.00 0.00 0.00 0.00 0.00 0.00 0.00 0.00 27.14 25.13 25.65 26.21 29.59 29.78 26.74 27.80 26.54 27.17 25.81 27.77 30.19 28.08 28.32 25.17 25.85 26.69 28.83 0.00 0.00 0.00 0.00 0.00 0.00 0.00 0.00 0.00 0.00 0.00 27.07 28.45 29.07 26.76 27.45 22.54 25.12 29.11 25.34 28.71 29.20 27.10 27.17 27.69 26.17 26.66 22.23 34.24 0.00 0.00 0.00 0.00 0.00 0.00 0.00 0.00 0.00 0.00 0.00 0.00 0.00 29.21 28.03 26.34 27.19 27.47 25.76 28.66 27.45 25.67 27.05 28.43 28.26 31.32 26.68 27.16 25.71 28.07 0.00 0.00 0.00 0.00 0.00 0.00 0.00 0.00 0.00 0.00 0.00 0.00 0.00 31.52 28.62 26.57 25.00 26.16 24.53 26.12 26.47 25.03 24.17 26.51 28.92 25.86 30.07 28.38 27.48 29.12 0.00 0.00 0.00 0.00 0.00 0.00 0.00 0.00 0.00 0.00 0.00 0.00 0.00 26.18 26.73 30.66 24.69 24.09 26.53 29.07 27.19 28.68 27.96 27.72 28.82 27.28 29.58 25.77 27.15 0.00 0.00 0.00 0.00 0.00 0.00 0.00 0.00 0.00 0.00 0.00 0.00 0.00 0.00 0.00 26.71 33.13 27.83 25.10 27.85 24.01 26.86 28.40 27.95 27.54 25.39 26.61 25.00 27.81 27.61 0.00 0.00 0.00 0.00 0.00 0.00 0.00 0.00 0.00 0.00 0.00 0.00 0.00 0.00 0.00 31.05 25.28 28.77 24.51 26.84 27.81 27.32 25.46 27.32 26.20 26.84 25.63 25.93 28.90 29.76 0.00 0.00 0.00 0.00 0.00 0.00 0.00 0.00 0.00 0.00 0.00 0.00 0.00 0.00 0.00 0.00 31.91 26.02 30.68 26.48 25.37 25.93 27.20 23.66 28.53 26.75 24.18 28.92 29.21 0.00 0.00 0.00 0.00 0.00 0.00 0.00 0.00 0.00 0.00 0.00 0.00 0.00 0.00 0.00 0.00 0.00 28.55 29.89 22.77 26.54 25.01 27.57 28.53 25.16 25.93 24.59 28.93 27.45 28.64 0.00 0.00 0.00 0.00 0.00 0.00 0.00 0.00 0.00 0.00 0.00 0.00 0.00 0.00 0.00 0.00 0.00 0.00 25.12 22.93 23.50 26.06 28.33 29.84 28.66 25.64 29.47 26.46 26.80 0.00 0.00 0.00 0.00 0.00 0.00 0.00 0.00 0.00 0.00 0.00 0.00 0.00 0.00 0.00 0.00 0.00 0.00 0.00 26.62 25.78 30.03 27.07 30.06 24.42 27.43 24.72 27.91 26.21 30.03 0.00 0.00 0.00 0.00 0.00 0.00 0.00 0.00 0.00 0.00 0.00 0.00 0.00 0.00 0.00 0.00 0.00 0.00 0.00 0.00 25.42 26.80 26.88 21.71 26.99 27.58 25.85 26.96 28.17 0.00 0.00 0.00 0.00 0.00 0.00 0.00 0.00 0.00 0.00 0.00 0.00 0.00 0.00 0.00 0.00 0.00 0.00 0.00 0.00 0.00 0.00 27.53 28.00 26.31 28.31 25.27 27.06 22.82 0.00 0.00 0.00 0.00 0.00 0.00 0.00 0.00 0.00 0.00 0.00 0.00 0.00 0.00 0.00 0.00 0.00 0.00 0.00 0.00 0.00 0.00 0.00 28.48 26.38 27.26 25.04 27.06 25.49 0.00 0.00 0.00 0.00 0.00 0.00 0.00 0.00 0.00 0.00 0.00 0.00 0.00 0.00 0.00 0.00 0.00 0.00 0.00 0.00 0.00 0.00 0.00 0.00 0.00 0.00 24.55 27.23 27.86 0.00 0.00 0.00 0.00 0.00 0.00 0.00 0.00 0.00 0.00 0.00 0.00 0.00 0.00 0.00 0.00 0.00 0.00 0.00 0.00 0.00 0.00 0.00 0.00 0.00 0.00 0.00 0.00 0.00 0.00 0.00 0.00 0.00 0.00 0.00 0.00 0.00 0.00 0.00 0.00 0.00 0.00 0.00
rain_type.data=0 0 0 0 0 0 0 0 0 0 0 0 0 0 0 0 0 0 0 0 0 0 0 0 0 0 0 0 0 0 0 0 0 0 0 0 0 0 0 0 0 0 0 1 1 1 1 1 0 0 0 0 0 0 0 0 0 0 0 0 0 0 0 0 0 0 0 0 0 0 0 1 1 1 1 1 1 1 1 1 0 0 0 0 0 0 0 0 0 0 0 0 0 0 0 0 0 0 0 0 1 1 1 1 1 1 1 1 1 1 1 0 0 0 0 0 0 0 0 0 0 0 0 0 0 0 0 0 0 1 1 1 1 1 1 1 1 1 1 1 1 0 0 0 0 0 0 0 0 0 0 0 0 0 0 0 0 0 0 2 2 2 2 2 1 1 1 1 1 1 1 1 0 0 0 0 0 0 0 0 0 0 0 0 0 0 0 0 2 2 2 2 2 2 2 1 1 1 1 1 1 1 1 0 0 0 0 0 0 0 0 0 0 0 0 0 0 2 2 2 2 2 2 2 2 1 1 1 1 1 1 1 1 0 0 0 0 0 0 0 0 0 0 0 0 0 0 2 2 2 2 2 2 2 2 2 1 1 1 1 1 1 1 1 0 0 0 0 0 0 0 0 0 0 0 0 0 2 2 2 2 2 2 2 2 2 1 1 1 1 1 1 1 1 0 0 0 0 0 0 0 0 0 0 0 0 2 2 2 2 2 2 2 2 2 2 2 1 1 1 1 1 1 1 1 0 0 0 0 0 0 0 0 0 0 0 2 2 2 2 2 2 2 2 2 2 2 1 1 1 1 1 1 1 1 0 0 0 0 0 0 0 0 0 0 1 2 2 2 2 2 2 2 2 2 2 2 1 1 1 1 1 1 1 1 0 0 0 0 0 0 0 0 0 0 2 2 2 2 2 2 2 2 2 2 2 2 2 1 1 1 1 1 1 1 1 0 0 0 0 0 0 0 0 0 2 2 2 2 2 2 2 2 2 2 2 2 2 1 1 1 1 1 1 1 1 0 0 0 0 0 0 0 0 0 2 2 2 2 2 2 2 2 2 2 2 2 2 1 1 1 1 1 1 1 1 0 0 0 0 0 0 0 0 1 2 2 2 2 2 2 2 2 2 2 2 2 2 1 1 1 1 1 1 1 1 0 0 0 0 0 0 0 0 1 2 2 2 2 2 2 2 2 2 2 2 2 2 1 1 1 1 1 1 1 1 1 0 0 0 0 0 0 0 1 2 2 2 2 2 2 2 2 2 2 2 2 2 1 1 1 1 1 1 1 1 1 0 0 0 0 0 0 0 2 2 2 2 2 2 2 2 2 2 2 2 2 2 1 1 1 1 1 1 1 1 1 0 0 0 0 0 0 0 2 2 2 2 2 2 2 2 2 2 2 2 2 2 1 1 1 1 1 1 1 1 1 0 0 0 0 0 0 1 2 2 2 2 2 2 2 2 2 2 2 2 2 2 1 1 1 1 1 1 1 1 1 0 0 0 0 0 0 1 2 2 2 2 2 2 2 2 2 2 2 2 2 2 1 1 1 1 1 1 1 1 1 0 0 0 0 0 0 1 2 2 2 2 2 2 2 2 2 2 2 2 2 2 1 1 1 1 1 1 1 1 1 1 0 0 0 0 0 1 2 2 2 2 2 2 2 2 2 2 2 2 2 2 1 1 1 1 1 1 1 1 1 1 0 0 0 0 0 1 2 2 2 2 2 2 2 2 2 2 2 2 2 2 1 1 1 1 1 1 1 1 1 1 0 0 0 0 0 1 2 2 2 2 2 2 2 2 2 2 2 2 2 2 1 1 1 1 1 1 1 1 1 1 0 0 0 0 0 1 2 2 2 2 2 2 2 2 2 2 2 2 2 2 1 1 1 1 1 1 1 1 1 1 0 0 0 0 0 1 1 2 2 2 2 2 2 2 2 2 2 2 2 2 1 1 1 1 1 1 1 1 1 1 0 0 0 0 0 1 1 2 2 2 2 2 2 2 2 2 2 2 2 2 1 1 1 1 1 1 1 1 1 1 0 0 0 0 0 1 1 2 2 2 2 2 2 2 2 2 2 2 2 2 1 1 1 1 1 1 1 1 1 1 0 0 0 0 1 1 1 2 2 2 2 2 2 2 2 2 2 2 2 2 1 1 1 1 1 1 1 1 1 1 0 0 0 0 1 1 1 2 2 2 2 2 2 2 2 2 2 2 2 2 1 1 1 1 1 1 1 1 1 1 0 0 0 0 1 1 1 2 2 2 2 2 2 2 2 2 2 2 2 2 1 1 1 1 1 1 1 1 1 1 0 0 0 0 1 1 1 2 2 2 2 2 2 2 2 2 2 2 2 1 1 1 1 1 1 1 1 1 1 1 0 0 0 0 1 1 1 1 2 2 2 2 2 2 2 2 2 2 2 1 1 1 1 1 1 1 1 1 1 1 0 0 0 0 1 1 1 1 2 2 2 2 2 2 2 2 2 2 2 1 1 1 1 1 1 1 1 1 1 1 0 0 0 0 1 1 1 1 2 2 2 2 2 2 2 2 2 2 2 1 1 1 1 1 1 1 1 1 1 1 0 0 0 0 1 1 1 1 1 2 2 2 2 2 2 2 2 2 1 1 1 1 1 1 1 1 1 1 1 1 0 0 0 0 1 1 1 1 1 2 2 2 2 2 2 2 2 2 1 1 1 1 1 1 1 1 1 1 1 1 0 0 0 0 1 1 1 1 1 2 2 2 2 2 2 2 2 1 1 1 1 1 1 1 1 1 1 1 1 1 0 0 0 0 0 1 1 1 1 1 2 2 2 2 2 2 2 1 1 1 1 1 1 1 1 1 1 1 1 1 0 0 0 0 0 1 1 1 1 1 2 2 2 2 2 2 1 1 1 1 1 1 1 1 1 1 1 1 1 1 0 0 0 0 0 1 1 1 1 1 1 2 2 2 2 2 1 1 1 1 1 1 1 1 1 1 1 1 1 1 0 0 0 0 0 1 1 1 1 1 1 1 1 2 1 1 1 1 1 1 1 1 1 1 1 1 1 1 1 1 0 0 0 0 0 1 1 1 1 1 1 1 1 1 1 1 1 1 1 1 1 1 1 1 1 1 1 1 1 1 0 0 0 0 0 1 1 1 1 1 1 1 1 1 1 1 1 1 1 1 1 1 1 1 1 1 1 1 1 1 0 0 0 0 0 1 1 1 1 1 1 1 1 1 1 1 1 1 1 1 1 1 1 1 1 1 1 1 1 1 0 0 0 0 0 1 1 1 1 1 1 1 1 1 1 1 1 1 1 1 1 1 1 1 1 1 1 1 1 1 0 0 0 0 0 1 1 1 1 1 1 1 1 1 1 1 1 1 1 1 1 1 1 1 1 1 1 1 1 1 0 0 0 0 0 1 1 1 1 1 1 1 1 1 1 1 1 1 1 1 1 1 1 1 1 1 1 1 1 1 0 0 0 0 0 1 1 1 1 1 1 1 1 1 1 1 1 1 1 1 1 1 1 1 1 1 1 1 1 0 0 0 0 0 0 1 1 1 1 1 1 1 1 1 1 1 1 1 1 1 1 1 1 1 1 1 1 1 1 0 0 0 0 0 0 0 1 1 1 1 1 1 1 1 1 1 1 1 1 1 1 1 1 1 1 1 1 1 1 0 0 0 0 0 0 0 1 1 1 1 1 1 1 1 1 1 1 1 1 1 1 1 1 1 1 1 1 1 1 0 0 0 0 0 0 0 1 1 1 1 1 1 1 1 1 1 1 1 1 1 1 1 1 1 1 1 1 1 1 0 0 0 0 0 0 0 1 1 1 1 1 1 1 1 1 1 1 1 1 1 1 1 1 1 1 1 1 1 1 0 0 0 0 0 0 0 1 1 1 1 1 1 1 1 1 1 1 1 1 1 1 1 1 1 1 1 1 1 1 0 0 0 0 0 0 0 1 1 1 1 1 1 1 1 1 1 1 1 1 1 1 1 1 1 1 1 1 1 0 0 0 0 0 0 0 0 0 1 1 1 1 1 1 1 1 1 1 1 1 1 1 1 1 1 1 1 1 1 0 0 0 0 0 0 0 0 0 1 1 1 1 1 1 1 1 1 1 1 1 1 1 1 1 1 1 1 1 1 0 0 0 0 0 0 0 0 0 1 1 1 1 1 1 1 1 1 1 1 1 1 1 1 1 1 1 1 1 1 0 0 0 0 0 0 0 0 0 1 1 1 1 1 1 1 1 1 1 1 1 1 1 1 1 1 1 1 1 1 0 0 0 0 0 0 0 0 0 1 1 1 1 1 1 1 1 1 1 1 1 1 1 1 1 1 1 1 1 0 0 0 0 0 0 0 0 0 0 0 1 1 1 1 1 1 1 1 1 1 1 1 1 1 1 1 1 1 1 0 0 0 0 0 0 0 0 0 0 0 1 1 1 1 1 1 1 1 1 1 1 1 1 1 1 1 1 1 1 0 0 0 0 0 0 0 0 0 0 0 1 1 1 1 1 1 1 1 1 1 1 1 1 1 1 1 1 1 1 0 0 0 0 0 0 0 0 0 0 0 1 1 1 1 1 1 1 1 1 1 1 1 1 1 1 1 1 1 0 0 0 0 0 0 0 0 0 0 0 0 0 1 1 1 1 1 1 1 1 1 1 1 1 1 1 1 1 1 0 0 0 0 0 0 0 0 0 0 0 0 0 1 1 1 1 1 1 1 1 1 1 1 1 1 1 1 1 1 0 0 0 0 0 0 0 0 0 0 0 0 0 1 1 1 1 1 1 1 1 1 1 1 1 1 1 1 1 0 0 0 0 0 0 0 0 0 0 0 0 0 0 0 1 1 1 1 1 1 1 1 1 1 1 1 1 1 1 0 0 0 0 0 0 0 0 0 0 0 0 0 0 0 1 1 1 1 1 1 1 1 1 1 1 1 1 1 1 0 0 0 0 0 0 0 0 0 0 0 0 0 0 0 0 1 1 1 1 1 1 1 1 1 1 1 1 1 0 0 0 0 0 0 0 0 0 0 0 0 0 0 0 0 0 1 1 1 1 1 1 1 1 1 1 1 1 1 0 0 0 0 0 0 0 0 0 0 0 0 0 0 0 0 0 0 1 1 1 1 1 1 1 1 1 1 1 0 0 0 0 0 0 0 0 0 0 0 0 0 0 0 0 0 0 0 1 1 1 1 1 1 1 1 1 1 1 0 0 0 0 0 0 0 0 0 0 0 0 0 0 0 0 0 0 0 0 1 1 1 1 1 1 1 1 1 0 0 0 0 0 0 0 0 0 0 0 0 0 0 0 0 0 0 0 0 0 0 1 1 1 1 1 1 1 0 0 0 0 0 0 0 0 0 0 0 0 0 0 0 0 0 0 0 0 0 0 0 1 1 1 1 1 1 0 0 0 0 0 0 0 0 0 0 0 0 0 0 0 0 0 0 0 0 0 0 0 0 0 0 1 1 1 0 0 0 0 0 0 0 0 0 0 0 0 0 0 0 0 0 0 0 0 0 0 0 0 0 0 0 0 0 0 0 0 0 0 0 0 0 0 0 0 0 0 0
estimated_attenuation.size=2460
estimated_attenuation.data=0.00 0.00 0.00 0.00 0.00 0.00 0.00 0.00 0.00 0.00 0.00 0.00 0.00 0.00 0.00 0.00 0.00 0.00 0.00 0.00 0.00 0.00 0.00 0.00 0.00 0.00 0.00 0.00 0.00 0.00 0.00 0.00 0.00 0.00 0.00 0.00 0.00 0.00 0.00 0.00 0.00 0.00 0.00 0.00 0.00 0.00 0.00 0.00 0.00 0.00 0.00 0.00 0.00 0.00 0.00 0.00 0.00 0.00 0.00 0.00 0.00 0.00 0.00 0.00 0.00 0.00 0.00 0.00 0.00 0.00 0.00 0.00 0.00 0.00 0.00 0.00 0.00 0.00 0.00 0.00 0.00 0.00 0.00 0.00 0.00 0.00 0.00 0.00 0.00 0.00 0.00 0.00 0.00 0.00 0.00 0.00 0.00 0.00 0.00 0.00 0.00 0.00 0.00 0.00 0.00 0.00 0.00 0.00 0.00 0.00 0.00 0.00 0.00 0.00 0.00 0.00 0.00 0.00 0.00 0.00 0.00 0.00 0.00 0.00 0.00 0.00 0.00 0.00 0.00 0.00 0.00 0.00 0.00 0.00 0.00 0.00 0.00 0.00 0.00 0.00 0.00 0.00 0.00 0.00 0.00 0.00 0.00 0.00 0.00 0.00 0.00 0.00 0.00 0.00 0.00 0.00 0.00 0.00 0.00 0.01 0.00 0.01 0.01 0.01 0.00 0.00 0.00 0.00 0.00 0.00 0.00 0.00 0.00 0.00 0.00 0.00 0.00 0.00 0.00 0.00 0.00 0.00 0.00 0.00 0.00 0.00 0.00 0.00 0.01 0.01 0.01 0.01 0.01 0.01 0.00 0.00 0.00 0.00 0.00 0.00 0.00 0.00 0.00 0.00 0.00 0.00 0.00 0.00 0.00 0.00 0.00 0.00 0.00 0.00 0.00 0.00 0.00 0.00 0.01 0.01 0.01 0.01 0.01 0.01 0.01 0.00 0.00 0.00 0.00 0.00 0.00 0.00 0.00 0.00 0.00 0.00 0.00 0.00 0.00 0.00 0.00 0.00 0.00 0.00 0.00 0.00 0.00 0.01 0.01 0.01 0.01 0.01 0.01 0.02 0.01 0.01 0.00 0.00 0.00 0.00 0.00 0.00 0.00 0.00 0.00 0.00 0.00 0.00 0.00 0.00 0.00 0.00 0.00 0.00 0.00 0.00 0.00 0.01 0.02 0.02 0.01 0.02 0.01 0.02 0.01 0.01 0.00 0.00 0.00 0.00 0.01 0.00 0.00 0.00 0.00 0.00 0.00 0.00 0.00 0.00 0.00 0.00 0.00 0.00 0.00 0.00 0.00 0.01 0.02 0.02 0.01 0.02 0.02 0.02 0.01 0.01 0.01 0.00 0.00 0.00 0.01 0.00 0.00 0.00 0.00 0.00 0.00 0.00 0.00 0.00 0.00 0.00 0.00 0.00 0.00 0.00 0.00 0.01 0.02 0.02 0.01 0.02 0.02 0.03 0.02 0.02 0.01 0.01 0.01 0.00 0.01 0.00 0.00 0.00 0.00 0.00 0.00 0.00 0.00 0.00 0.00 0.00 0.00 0.00 0.00 0.00 0.01 0.01 0.02 0.03 0.02 0.02 0.02 0.03 0.02 0.02 0.01 0.01 0.01 0.01 0.01 0.00 0.00 0.00 0.00 0.00 0.00 0.00 0.00 0.00 0.00 0.00 0.00 0.00 0.00 0.00 0.01 0.01 0.03 0.03 0.02 0.03 0.02 0.03 0.02 0.02 0.01 0.01 0.01 0.01 0.01 0.01 0.01 0.00 0.00 0.00 0.00 0.00 0.00 0.00 0.00 0.00 0.00 0.00 0.00 0.00 0.01 0.02 0.03 0.03 0.02 0.03 0.02 0.03 0.02 0.02 0.02 0.01 0.01 0.01 0.01 0.01 0.01 0.00 0.00 0.00 0.00 0.00 0.00 0.00 0.00 0.00 0.00 0.00 0.00 0.01 0.01 0.02 0.03 0.04 0.03 0.03 0.03 0.04 0.02 0.02 0.02 0.01 0.01 0.01 0.01 0.01 0.01 0.00 0.00 0.00 0.00 0.00 0.00 0.00 0.00 0.00 0.00 0.00 0.00 0.01 0.01 0.02 0.03 0.04 0.03 0.03 0.03 0.04 0.03 0.03 0.02 0.01 0.01 0.01 0.01 0.01 0.01 0.00 0.00 0.00 0.00 0.00 0.00 0.00 0.00 0.00 0.00 0.00 0.00 0.02 0.02 0.02 0.03 0.04 0.03 0.03 0.03 0.04 0.03 0.03 0.02 0.02 0.01 0.01 0.01 0.01 0.01 0.00 0.01 0.00 0.00 0.00 0.00 0.00 0.00 0.00 0.00 0.00 0.00 0.02 0.02 0.03 0.04 0.04 0.03 0.03 0.03 0.04 0.03 0.03 0.03 0.02 0.01 0.01 0.01 0.01 0.01 0.01 0.01 0.00 0.00 0.00 0.00 0.00 0.00 0.00 0.00 0.00 0.00 0.02 0.02 0.03 0.04 0.05 0.03 0.04 0.04 0.05 0.03 0.04 0.03 0.02 0.01 0.01 0.01 0.01 0.01 0.01 0.01 0.00 0.00 0.00 0.00 0.00 0.00 0.00 0.00 0.00 0.01 0.02 0.02 0.03 0.04 0.05 0.04 0.04 0.04 0.05 0.04 0.04 0.03 0.02 0.01 0.01 0.01 0.01 0.01 0.01 0.01 0.00 0.00 0.00 0.00 0.00 0.00 0.00 0.00 0.00 0.01 0.02 0.02 0.03 0.04 0.05 0.04 0.04 0.04 0.05 0.04 0.04 0.03 0.03 0.01 0.01 0.01 0.01 0.01 0.01 0.01 0.00 0.00 0.00 0.00 0.00 0.00 0.00 0.00 0.00 0.01 0.03 0.02 0.03 0.05 0.05 0.04 0.04 0.04 0.05 0.04 0.04 0.04 0.03 0.01 0.01 0.01 0.01 0.01 0.01 0.01 0.01 0.00 0.00 0.00 0.00 0.00 0.00 0.00 0.00 0.02 0.03 0.03 0.04 0.05 0.06 0.04 0.05 0.05 0.06 0.04 0.05 0.04 0.03 0.01 0.01 0.01 0.01 0.01 0.01 0.01 0.01 0.00 0.00 0.00 0.00 0.00 0.00 0.00 0.00 0.02 0.04 0.03 0.04 0.05 0.06 0.05 0.05 0.05 0.06 0.05 0.05 0.04 0.03 0.01 0.01 0.02 0.01 0.01 0.01 0.01 0.01 0.00 0.00 0.00 0.00 0.00 0.00 0.00 0.00 0.02 0.04 0.03 0.05 0.05 0.06 0.05 0.05 0.05 0.06 0.05 0.05 0.05 0.03 0.01 0.01 0.02 0.01 0.01 0.01 0.01 0.01 0.00 0.00 0.00 0.00 0.00 0.00 0.00 0.00 0.03 0.04 0.03 0.05 0.06 0.07 0.05 0.05 0.05 0.06 0.05 0.05 0.05 0.04 0.01 0.01 0.02 0.01 0.01 0.01 0.01 0.01 0.01 0.00 0.00 0.00 0.00 0.00 0.00 0.01 0.03 0.05 0.04 0.05 0.06 0.07 0.05 0.05 0.06 0.06 0.05 0.06 0.05 0.04 0.01 0.01 0.02 0.01 0.01 0.01 0.01 0.01 0.01 0.00 0.00 0.00 0.00 0.00 0.00 0.01 0.03 0.05 0.04 0.05 0.06 0.08 0.06 0.05 0.06 0.07 0.05 0.06 0.05 0.04 0.02 0.01 0.02 0.01 0.01 0.01 0.01 0.01 0.01 0.00 0.00 0.00 0.00 0.00 0.00 0.01 0.03 0.05 0.04 0.06 0.06 0.08 0.06 0.06 0.06 0.07 0.06 0.06 0.06 0.04 0.02 0.01 0.02 0.01 0.01 0.01 0.01 0.01 0.01 0.00 0.00 0.00 0.00 0.00 0.00 0.01 0.03 0.05 0.04 0.06 0.07 0.08 0.06 0.07 0.06 0.07 0.06 0.06 0.06 0.04 0.02 0.01 0.02 0.01 0.01 0.01 0.01 0.01 0.01 0.00 0.00 0.00 0.00 0.00 0.00 0.01 0.03 0.05 0.05 0.06 0.07 0.08 0.06 0.07 0.06 0.07 0.06 0.07 0.06 0.05 0.02 0.01 0.02 0.02 0.02 0.01 0.01 0.01 0.01 0.00 0.00 0.00 0.00 0.00 0.00 0.01 0.03 0.06 0.05 0.06 0.07 0.08 0.06 0.07 0.06 0.07 0.07 0.07 0.06 0.05 0.02 0.01 0.02 0.02 0.02 0.01 0.01 0.01 0.01 0.01 0.00 0.00 0.00 0.00 0.00 0.01 0.03 0.06 0.05 0.06 0.08 0.08 0.07 0.08 0.06 0.08 0.07 0.07 0.06 0.05 0.02 0.02 0.02 0.02 0.02 0.01 0.01 0.01 0.01 0.01 0.00 0.00 0.00 0.00 0.00 0.01 0.03 0.06 0.06 0.07 0.08 0.08 0.07 0.08 0.07 0.08 0.07 0.08 0.07 0.05 0.02 0.02 0.02 0.02 0.02 0.01 0.01 0.01 0.01 0.01 0.00 0.00 0.00 0.00 0.00 0.01 0.03 0.06 0.06 0.07 0.08 0.09 0.07 0.08 0.07 0.08 0.07 0.08 0.07 0.05 0.02 0.02 0.02 0.02 0.02 0.01 0.02 0.01 0.01 0.01 0.00 0.00 0.00 0.00 0.00 0.01 0.04 0.07 0.06 0.07 0.08 0.09 0.07 0.08 0.08 0.09 0.07 0.08 0.07 0.05 0.02 0.02 0.02 0.02 0.02 0.01 0.02 0.01 0.01 0.01 0.00 0.00 0.00 0.00 0.00 0.01 0.04 0.07 0.06 0.07 0.08 0.09 0.07 0.09 0.08 0.09 0.08 0.08 0.07 0.05 0.02 0.02 0.02 0.02 0.02 0.01 0.02 0.01 0.01 0.01 0.00 0.00 0.00 0.00 0.00 0.01 0.04 0.07 0.06 0.07 0.09 0.09 0.07 0.09 0.08 0.09 0.08 0.09 0.07 0.05 0.02 0.02 0.02 0.02 0.02 0.02 0.02 0.01 0.01 0.01 0.00 0.00 0.00 0.00 0.01 0.01 0.04 0.07 0.06 0.08 0.09 0.10 0.08 0.09 0.09 0.09 0.08 0.09 0.07 0.05 0.02 0.02 0.02 0.02 0.02 0.02 0.02 0.02 0.01 0.01 0.00 0.00 0.00 0.00 0.01 0.01 0.04 0.07 0.06 0.08 0.09 0.10 0.08 0.09 0.09 0.09 0.08 0.09 0.07 0.05 0.02 0.02 0.02 0.02 0.02 0.02 0.02 0.02 0.01 0.01 0.00 0.00 0.00 0.00 0.00 0.01 0.04 0.07 0.07 0.08 0.09 0.10 0.08 0.10 0.09 0.09 0.09 0.09 0.07 0.05 0.02 0.02 0.03 0.02 0.02 0.02 0.02 0.02 0.01 0.01 0.00 0.00 0.00 0.00 0.00 0.01 0.04 0.07 0.07 0.08 0.10 0.10 0.08 0.10 0.09 0.10 0.09 0.09 0.07 0.06 0.02 0.02 0.03 0.02 0.02 0.02 0.02 0.02 0.01 0.01 0.00 0.00 0.00 0.00 0.00 0.02 0.04 0.07 0.07 0.08 0.10 0.11 0.08 0.11 0.10 0.10 0.09 0.09 0.07 0.06 0.02 0.02 0.03 0.02 0.02 0.02 0.02 0.02 0.01 0.01 0.00 0.00 0.00 0.00 0.00 0.02 0.04 0.07 0.07 0.08 0.10 0.11 0.08 0.11 0.10 0.10 0.09 0.09 0.07 0.06 0.02 0.02 0.03 0.02 0.02 0.02 0.02 0.02 0.01 0.01 0.00 0.00 0.00 0.00 0.00 0.02 0.04 0.07 0.07 0.08 0.10 0.11 0.09 0.11 0.10 0.10 0.09 0.09 0.08 0.06 0.03 0.02 0.03 0.02 0.02 0.02 0.02 0.02 0.01 0.01 0.00 0.00 0.00 0.00 0.00 0.02 0.04 0.07 0.07 0.08 0.10 0.11 0.09 0.11 0.10 0.10 0.09 0.09 0.08 0.06 0.03 0.02 0.03 0.02 0.02 0.02 0.02 0.02 0.01 0.01 0.00 0.00 0.00 0.00 0.00 0.02 0.04 0.07 0.07 0.08 0.10 0.11 0.09 0.11 0.10 0.10 0.09 0.09 0.08 0.06 0.03 0.02 0.03 0.03 0.02 0.02 0.02 0.02 0.02 0.01 0.00 0.00 0.00 0.00 0.00 0.02 0.04 0.07 0.07 0.09 0.10 0.11 0.09 0.11 0.10 0.10 0.09 0.09 0.08 0.06 0.03 0.02 0.03 0.03 0.02 0.02 0.02 0.02 0.02 0.01 0.00 0.00 0.00 0.00 0.00 0.02 0.04 0.07 0.07 0.09 0.10 0.11 0.09 0.11 0.10 0.10 0.09 0.09 0.08 0.06 0.03 0.02 0.03 0.03 0.02 0.02 0.02 0.02 0.02 0.02 0.00 0.00 0.00 0.00 0.00 0.02 0.04 0.07 0.07 0.09 0.10 0.11 0.09 0.11 0.10 0.10 0.09 0.09 0.08 0.06 0.03 0.03 0.03 0.03 0.02 0.02 0.02 0.02 0.02 0.02 0.00 0.00 0.00 0.00 0.00 0.02 0.04 0.07 0.07 0.09 0.10 0.11 0.09 0.11 0.10 0.10 0.09 0.09 0.08 0.06 0.03 0.03 0.03 0.03 0.02 0.02 0.02 0.02 0.02 0.00 0.00 0.00 0.00 0.00 0.00 0.02 0.04 0.07 0.07 0.09 0.10 0.11 0.09 0.11 0.10 0.10 0.09 0.09 0.08 0.06 0.03 0.03 0.03 0.03 0.03 0.02 0.02 0.02 0.02 0.00 0.00 0.00 0.00 0.00 0.00 0.00 0.05 0.08 0.07 0.09 0.10 0.11 0.09 0.11 0.10 0.11 0.09 0.09 0.08 0.06 0.03 0.03 0.03 0.03 0.03 0.02 0.02 0.02 0.02 0.00 0.00 0.00 0.00 0.00 0.00 0.00 0.05 0.08 0.07 0.09 0.10 0.11 0.09 0.11 0.10 0.11 0.09 0.09 0.08 0.06 0.03 0.03 0.03 0.03 0.03 0.02 0.03 0.02 0.02 0.00 0.00 0.00 0.00 0.00 0.00 0.00 0.05 0.08 0.07 0.09 0.10 0.12 0.09 0.11 0.10 0.11 0.09 0.10 0.08 0.06 0.03 0.03 0.03 0.03 0.03 0.02 0.03 0.02 0.02 0.00 0.00 0.00 0.00 0.00 0.00 0.00 0.05 0.08 0.08 0.09 0.10 0.12 0.09 0.11 0.10 0.11 0.10 0.10 0.08 0.06 0.03 0.03 0.03 0.03 0.03 0.02 0.03 0.03 0.02 0.00 0.00 0.00 0.00 0.00 0.00 0.00 0.05 0.08 0.08 0.09 0.10 0.12 0.09 0.11 0.10 0.11 0.10 0.10 0.08 0.06 0.03 0.03 0.03 0.03 0.03 0.02 0.03 0.03 0.02 0.00 0.00 0.00 0.00 0.00 0.00 0.00 0.05 0.08 0.08 0.09 0.10 0.12 0.09 0.12 0.10 0.11 0.10 0.10 0.08 0.06 0.03 0.03 0.04 0.03 0.03 0.03 0.03 0.03 0.00 0.00 0.00 0.00 0.00 0.00 0.00 0.00 0.00 0.08 0.08 0.09 0.10 0.12 0.09 0.12 0.10 0.11 0.10 0.10 0.08 0.06 0.03 0.03 0.04 0.03 0.03 0.03 0.03 0.03 0.00 0.00 0.00 0.00 0.00 0.00 0.00 0.00 0.00 0.08 0.08 0.09 0.10 0.12 0.09 0.12 0.11 0.11 0.10 0.10 0.08 0.06 0.03 0.03 0.04 0.03 0.03 0.03 0.03 0.03 0.00 0.00 0.00 0.00 0.00 0.00 0.00 0.00 0.00 0.08 0.08 0.09 0.10 0.12 0.09 0.12 0.11 0.11 0.10 0.10 0.08 0.06 0.03 0.03 0.04 0.03 0.03 0.03 0.03 0.03 0.00 0.00 0.00 0.00 0.00 0.00 0.00 0.00 0.00 0.08 0.08 0.09 0.10 0.12 0.10 0.12 0.11 0.11 0.10 0.10 0.08 0.07 0.04 0.03 0.04 0.03 0.03 0.03 0.03 0.03 0.00 0.00 0.00 0.00 0.00 0.00 0.00 0.00 0.00 0.08 0.08 0.09 0.11 0.12 0.10 0.12 0.11 0.11 0.10 0.10 0.08 0.07 0.04 0.03 0.04 0.03 0.03 0.03 0.03 0.00 0.00 0.00 0.00 0.00 0.00 0.00 0.00 0.00 0.00 0.00 0.08 0.09 0.11 0.12 0.10 0.12 0.11 0.11 0.10 0.10 0.08 0.07 0.04 0.03 0.04 0.03 0.03 0.03 0.03 0.00 0.00 0.00 0.00 0.00 0.00 0.00 0.00 0.00 0.00 0.00 0.08 0.09 0.11 0.12 0.10 0.12 0.11 0.11 0.10 0.10 0.08 0.07 0.04 0.03 0.04 0.03 0.03 0.03 0.03 0.00 0.00 0.00 0.00 0.00 0.00 0.00 0.00 0.00 0.00 0.00 0.08 0.09 0.11 0.12 0.10 0.12 0.11 0.11 0.10 0.10 0.09 0.07 0.04 0.03 0.04 0.04 0.03 0.03 0.03 0.00 0.00 0.00 0.00 0.00 0.00 0.00 0.00 0.00 0.00 0.00 0.08 0.09 0.11 0.12 0.10 0.12 0.11 0.11 0.10 0.10 0.09 0.07 0.04 0.04 0.04 0.04 0.03 0.03 0.00 0.00 0.00 0.00 0.00 0.00 0.00 0.00 0.00 0.00 0.00 0.00 0.00 0.09 0.11 0.12 0.10 0.12 0.11 0.11 0.10 0.10 0.09 0.07 0.04 0.04 0.04 0.04 0.03 0.03 0.00 0.00 0.00 0.00 0.00 0.00 0.00 0.00 0.00 0.00 0.00 0.00 0.00 0.10 0.11 0.12 0.10 0.12 0.11 0.11 0.10 0.10 0.09 0.07 0.04 0.04 0.04 0.04 0.03 0.03 0.00 0.00 0.00 0.00 0.00 0.00 0.00 0.00 0.00 0.00 0.00 0.00 0.00 0.10 0.11 0.12 0.10 0.12 0.11 0.12 0.10 0.10 0.09 0.07 0.04 0.04 0.04 0.04 0.03 0.00 0.00 0.00 0.00 0.00 0.00 0.00 0.00 0.00 0.00 0.00 0.00 0.00 0.00 0.00 0.11 0.13 0.10 0.12 0.11 0.12 0.10 0.10 0.09 0.07 0.04 0.04 0.04 0.04 0.03 0.00 0.00 0.00 0.00 0.00 0.00 0.00 0.00 0.00 0.00 0.00 0.00 0.00 0.00 0.00 0.11 0.13 0.10 0.12 0.11 0.12 0.11 0.10 0.09 0.07 0.04 0.04 0.04 0.04 0.04 0.00 0.00 0.00 0.00 0.00 0.00 0.00 0.00 0.00 0.00 0.00 0.00 0.00 0.00 0.00 0.00 0.13 0.10 0.12 0.11 0.12 0.11 0.10 0.09 0.07 0.04 0.04 0.04 0.04 0.00 0.00 0.00 0.00 0.00 0.00 0.00 0.00 0.00 0.00 0.00 0.00 0.00 0.00 0.00 0.00 0.00 0.13 0.10 0.12 0.11 0.12 0.11 0.11 0.09 0.07 0.04 0.04 0.04 0.04 0.00 0.00 0.00 0.00 0.00 0.00 0.00 0.00 0.00 0.00 0.00 0.00 0.00 0.00 0.00 0.00 0.00 0.00 0.10 0.12 0.11 0.12 0.11 0.11 0.09 0.07 0.04 0.04 0.05 0.00 0.00 0.00 0.00 0.00 0.00 0.00 0.00 0.00 0.00 0.00 0.00 0.00 0.00 0.00 0.00 0.00 0.00 0.00 0.10 0.13 0.11 0.12 0.11 0.11 0.09 0.07 0.04 0.04 0.05 0.00 0.00 0.00 0.00 0.00 0.00 0.00 0.00 0.00 0.00 0.00 0.00 0.00 0.00 0.00 0.00 0.00 0.00 0.00 0.00 0.13 0.11 0.12 0.11 0.11 0.09 0.07 0.04 0.04 0.00 0.00 0.00 0.00 0.00 0.00 0.00 0.00 0.00 0.00 0.00 0.00 0.00 0.00 0.00 0.00 0.00 0.00 0.00 0.00 0.00 0.00 0.11 0.12 0.11 0.11 0.09 0.07 0.04 0.00 0.00 0.00 0.00 0.00 0.00 0.00 0.00 0.00 0.00 0.00 0.00 0.00 0.00 0.00 0.00 0.00 0.00 0.00 0.00 0.00 0.00 0.00 0.12 0.12 0.11 0.11 0.09 0.07 0.00 0.00 0.00 0.00 0.00 0.00 0.00 0.00 0.00 0.00 0.00 0.00 0.00 0.00 0.00 0.00 0.00 0.00 0.00 0.00 0.00 0.00 0.00 0.00 0.00 0.00 0.11 0.11 0.09 0.00 0.00 0.00 0.00 0.00 0.00 0.00 0.00 0.00 0.00 0.00 0.00 0.00 0.00 0.00 0.00 0.00 0.00 0.00 0.00 0.00 0.00 0.00 0.00 0.00 0.00 0.00 0.00 0.00 0.00 0.00 0.00 0.00 0.00 0.00 0.00 0.00 0.00 0.00 0.00 0.00 0.00 0.00
height.size=2460
height.data=250.70 250.70 250.70 250.70 250.70 250.70 250.70 250.70 250.70 250.70 250.70 250.70 250.70 250.70 250.70 250.70 250.70 250.70 250.70 250.70 250.70 250.70 250.70 250.70 250.70 250.70 250.70 250.70 250.70 250.70 253.02 253.02 253.02 253.02 253.02 253.02 253.02 253.02 253.02 253.02 253.02 253.02 253.02 253.02 253.02 253.02 253.02 253.02 253.02 253.02 253.02 253.02 253.02 253.02 253.02 253.02 253.02 253.02 253.02 253.02 255.36 255.36 255.36 255.36 255.36 255.36 255.36 255.36 255.36 255.36 255.36 255.36 255.36 255.36 255.36 255.36 255.36 255.36 255.36 255.36 255.36 255.36 255.36 255.36 255.36 255.36 255.36 255.36 255.36 255.36 257.70 257.70 257.70 257.70 257.70 257.70 257.70 257.70 257.70 257.70 257.70 257.70 257.70 257.70 257.70 257.70 257.70 257.70 257.70 257.70 257.70 257.70 257.70 257.70 257.70 257.70 257.70 257.70 257.70 257.70 260.05 260.05 260.05 260.05 260.05 260.05 260.05 260.05 260.05 260.05 260.05 260.05 260.05 260.05 260.05 260.05 260.05 260.05 260.05 260.05 260.05 260.05 260.05 260.05 260.05 260.05 260.05 260.05 260.05 260.05 262.41 262.41 262.41 262.41 262.41 262.41 262.41 262.41 262.41 262.41 262.41 262.41 262.41 262.41 262.41 262.41 262.41 262.41 262.41 262.41 262.41 262.41 262.41 262.41 262.41 262.41 262.41 262.41 262.41 262.41 264.77 264.77 264.77 264.77 264.77 264.77 264.77 264.77 264.77 264.77 264.77 264.77 264.77 264.77 264.77 264.77 264.77 264.77 264.77 264.77 264.77 264.77 264.77 264.77 264.77 264.77 264.77 264.77 264.77 264.77 267.15 267.15 267.15 267.15 267.15 267.15 267.15 267.15 267.15 267.15 267.15 267.15 267.15 267.15 267.15 267.15 267.15 267.15 267.15 267.15 267.15 267.15 267.15 267.15 267.15 267.15 267.15 267.15 267.15 267.15 269.52 269.52 269.52 269.52 269.52 269.52 269.52 269.52 269.52 269.52 269.52 269.52 269.52 269.52 269.52 269.52 269.52 269.52 269.52 269.52 269.52 269.52 269.52 269.52 269.52 269.52 269.52 269.52 269.52 269.52 271.91 271.91 271.91 271.91 271.91 271.91 271.91 271.91 271.91 271.91 271.91 271.91 271.91 271.91 271.91 271.91 271.91 271.91 271.91 271.91 271.91 271.91 271.91 271.91 271.91 271.91 271.91 271.91 271.91 271.91 274.31 274.31 274.31 274.31 274.31 274.31 274.31 274.31 274.31 274.31 274.31 274.31 274.31 274.31 274.31 274.31 274.31 274.31 274.31 274.31 274.31 274.31 274.31 274.31 274.31 274.31 274.31 274.31 274.31 274.31 276.71 276.71 276.71 276.71 276.71 276.71 276.71 276.71 276.71 276.71 276.71 276.71 276.71 276.71 276.71 276.71 276.71 276.71 276.71 276.71 276.71 276.71 276.71 276.71 276.71 276.71 276.71 276.71 276.71 276.71 279.12 279.12 279.12 279.12 279.12 279.12 279.12 279.12 279.12 279.12 279.12 279.12 279.12 279.12 279.12 279.12 279.12 279.12 279.12 279.12 279.12 279.12 279.12 279.12 279.12 279.12 279.12 279.12 279.12 279.12 281.53 281.53 281.53 281.53 281.53 281.53 281.53 281.53 281.53 281.53 281.53 281.53 281.53 281.53 281.53 281.53 281.53 281.53 281.53 281.53 281.53 281.53 281.53 281.53 281.53 281.53 281.53 281.53 281.53 281.53 283.96 283.96 283.96 283.96 283.96 283.96 283.96 283.96 283.96 283.96 283.96 283.96 283.96 283.96 283.96 283.96 283.96 283.96 283.96 283.96 283.96 283.96 283.96 283.96 283.96 283.96 283.96 283.96 283.96 283.96 286.39 286.39 286.39 286.39 286.39 286.39 286.39 286.39 286.39 286.39 286.39 286.39 286.39 286.39 286.39 286.39 286.39 286.39 286.39 286.39 286.39 286.39 286.39 286.39 286.39 286.39 286.39 286.39 286.39 286.39 288.83 288.83 288.83 288.83 288.83 288.83 288.83 288.83 288.83 288.83 288.83 288.83 288.83 288.83 288.83 288.83 288.83 288.83 288.83 288.83 288.83 288.83 288.83 288.83 288.83 288.83 288.83 288.83 288.83 288.83 291.27 291.27 291.27 291.27 291.27 291.27 291.27 291.27 291.27 291.27 291.27 291.27 291.27 291.27 291.27 291.27 291.27 291.27 291.27 291.27 291.27 291.27 291.27 291.27 291.27 291.27 291.27 291.27 291.27 291.27 293.72 293.72 293.72 293.72 293.72 293.72 293.72 293.72 293.72 293.72 293.72 293.72 293.72 293.72 293.72 293.72 293.72 293.72 293.72 293.72 293.72 293.72 293.72 293.72 293.72 293.72 293.72 293.72 293.72 293.72 296.18 296.18 296.18 296.18 296.18 296.18 296.18 296.18 296.18 296.18 296.18 296.18 296.18 296.18 296.18 296.18 296.18 296.18 296.18 296.18 296.18 296.18 296.18 296.18 296.18 296.18 296.18 296.18 296.18 296.18 298.65 298.65 298.65 298.65 298.65 298.65 298.65 298.65 298.65 298.65 298.65 298.65 298.65 298.65 298.65 298.65 298.65 298.65 298.65 298.65 298.65 298.65 298.65 298.65 298.65 298.65 298.65 298.65 298.65 298.65 301.13 301.13 301.13 301.13 301.13 301.13 301.13 301.13 301.13 301.13 301.13 301.13 301.13 301.13 301.13 301.13 301.13 301.13 301.13 301.13 301.13 301.13 301.13 301.13 301.13 301.13 301.13 301.13 301.13 301.13 303.61 303.61 303.61 303.61 303.61 303.61 303.61 303.61 303.61 303.61 303.61 303.61 303.61 303.61 303.61 303.61 303.61 303.61 303.61 303.61 303.61 303.61 303.61 303.61 303.61 303.61 303.61 303.61 303.61 303.61 306.10 306.10 306.10 306.10 306.10 306.10 306.10 306.10 306.10 306.10 306.10 306.10 306.10 306.10 306.10 306.10 306.10 306.10 306.10 306.10 306.10 306.10 306.10 306.10 306.10 306.10 306.10 306.10 306.10 306.10 308.60 308.60 308.60 308.60 308.60 308.60 308.60 308.60 308.60 308.60 308.60 308.60 308.60 308.60 308.60 308.60 308.60 308.60 308.60 308.60 308.60 308.60 308.60 308.60 308.60 308.60 308.60 308.60 308.60 308.60 311.10 311.10 311.10 311.10 311.10 311.10 311.10 311.10 311.10 311.10 311.10 311.10 311.10 311.10 311.10 311.10 311.10 311.10 311.10 311.10 311.10 311.10 311.10 311.10 311.10 311.10 311.10 311.10 311.10 311.10 313.61 313.61 313.61 313.61 313.61 313.61 313.61 313.61 313.61 313.61 313.61 313.61 313.61 313.61 313.61 313.61 313.61 313.61 313.61 313.61 313.61 313.61 313.61 313.61 313.61 313.61 313.61 313.61 313.61 313.61 316.13 316.13 316.13 316.13 316.13 316.13 316.13 316.13 316.13 316.13 316.13 316.13 316.13 316.13 316.13 316.13 316.13 316.13 316.13 316.13 316.13 316.13 316.13 316.13 316.13 316.13 316.13 316.13 316.13 316.13 318.66 318.66 318.66 318.66 318.66 318.66 318.66 318.66 318.66 318.66 318.66 318.66 318.66 318.66 318.66 318.66 318.66 318.66 318.66 318.66 318.66 318.66 318.66 318.66 318.66 318.66 318.66 318.66 318.66 318.66 321.19 321.19 321.19 321.19 321.19 321.19 321.19 321.19 321.19 321.19 321.19 321.19 321.19 321.19 321.19 321.19 321.19 321.19 321.19 321.19 321.19 321.19 321.19 321.19 321.19 321.19 321.19 321.19 321.19 321.19 323.73 323.73 323.73 323.73 323.73 323.73 323.73 323.73 323.73 323.73 323.73 323.73 323.73 323.73 323.73 323.73 323.73 323.73 323.73 323.73 323.73 323.73 323.73 323.73 323.73 323.73 323.73 323.73 323.73 323.73 326.28 326.28 326.28 326.28 326.28 326.28 326.28 326.28 326.28 326.28 326.28 326.28 326.28 326.28 326.28 326.28 326.28 326.28 326.28 326.28 326.28 326.28 326.28 326.28 326.28 326.28 326.28 326.28 326.28 326.28 328.84 328.84 328.84 328.84 328.84 328.84 328.84 328.84 328.84 328.84 328.84 328.84 328.84 328.84 328.84 328.84 328.84 328.84 328.84 328.84 328.84 328.84 328.84 328.84 328.84 328.84 328.84 328.84 328.84 328.84 331.40 331.40 331.40 331.40 331.40 331.40 331.40 331.40 331.40 331.40 331.40 331.40 331.40 331.40 331.40 331.40 331.40 331.40 331.40 331.40 331.40 331.40 331.40 331.40 331.40 331.40 331.40 331.40 331.40 331.40 333.97 333.97 333.97 333.97 333.97 333.97 333.97 333.97 333.97 333.97 333.97 333.97 333.97 333.97 333.97 333.97 333.97 333.97 333.97 333.97 333.97 333.97 333.97 333.97 333.97 333.97 333.97 333.97 333.97 333.97 336.55 336.55 336.55 336.55 336.55 336.55 336.55 336.55 336.55 336.55 336.55 336.55 336.55 336.55 336.55 336.55 336.55 336.55 336.55 336.55 336.55 336.55 336.55 336.55 336.55 336.55 336.55 336.55 336.55 336.55 339.14 339.14 339.14 339.14 339.14 339.14 339.14 339.14 339.14 339.14 339.14 339.14 339.14 339.14 339.14 339.14 339.14 339.14 339.14 339.14 339.14 339.14 339.14 339.14 339.14 339.14 339.14 339.14 339.14 339.14 341.73 341.73 341.73 341.73 341.73 341.73 341.73 341.73 341.73 341.73 341.73 341.73 341.73 341.73 341.73 341.73 341.73 341.73 341.73 341.73 341.73 341.73 341.73 341.73 341.73 341.73 341.73 341.73 341.73 341.73 344.33 344.33 344.33 344.33 344.33 344.33 344.33 344.33 344.33 344.33 344.33 344.33 344.33 344.33 344.33 344.33 344.33 344.33 344.33 344.33 344.33 344.33 344.33 344.33 344.33 344.33 344.33 344.33 344.33 344.33 346.94 346.94 346.94 346.94 346.94 346.94 346.94 346.94 346.94 346.94 346.94 346.94 346.94 346.94 346.94 346.94 346.94 346.94 346.94 346.94 346.94 346.94 346.94 346.94 346.94 346.94 346.94 346.94 346.94 346.94 349.55 349.55 349.55 349.55 349.55 349.55 349.55 349.55 349.55 349.55 349.55 349.55 349.55 349.55 349.55 349.55 349.55 349.55 349.55 349.55 349.55 349.55 349.55 349.55 349.55 349.55 349.55 349.55 349.55 349.55 352.17 352.17 352.17 352.17 352.17 352.17 352.17 352.17 352.17 352.17 352.17 352.17 352.17 352.17 352.17 352.17 352.17 352.17 352.17 352.17 352.17 352.17 352.17 352.17 352.17 352.17 352.17 352.17 352.17 352.17 354.80 354.80 354.80 354.80 354.80 354.80 354.80 354.80 354.80 354.80 354.80 354.80 354.80 354.80 354.80 354.80 354.80 354.80 354.80 354.80 354.80 354.80 354.80 354.80 354.80 354.80 354.80 354.80 354.80 354.80 357.44 357.44 357.44 357.44 357.44 357.44 357.44 357.44 357.44 357.44 357.44 357.44 357.44 357.44 357.44 357.44 357.44 357.44 357.44 357.44 357.44 357.44 357.44 357.44 357.44 357.44 357.44 357.44 357.44 357.44 360.08 360.08 360.08 360.08 360.08 360.08 360.08 360.08 360.08 360.08 360.08 360.08 360.08 360.08 360.08 360.08 360.08 360.08 360.08 360.08 360.08 360.08 360.08 360.08 360.08 360.08 360.08 360.08 360.08 360.08 362.74 362.74 362.74 362.74 362.74 362.74 362.74 362.74 362.74 362.74 362.74 362.74 362.74 362.74 362.74 362.74 362.74 362.74 362.74 362.74 362.74 362.74 362.74 362.74 362.74 362.74 362.74 362.74 362.74 362.74 365.39 365.39 365.39 365.39 365.39 365.39 365.39 365.39 365.39 365.39 365.39 365.39 365.39 365.39 365.39 365.39 365.39 365.39 365.39 365.39 365.39 365.39 365.39 365.39 365.39 365.39 365.39 365.39 365.39 365.39 368.06 368.06 368.06 368.06 368.06 368.06 368.06 368.06 368.06 368.06 368.06 368.06 368.06 368.06 368.06 368.06 368.06 368.06 368.06 368.06 368.06 368.06 368.06 368.06 368.06 368.06 368.06 368.06 368.06 368.06 370.73 370.73 370.73 370.73 370.73 370.73 370.73 370.73 370.73 370.73 370.73 370.73 370.73 370.73 370.73 370.73 370.73 370.73 370.73 370.73 370.73 370.73 370.73 370.73 370.73 370.73 370.73 370.73 370.73 370.73 373.42 373.42 373.42 373.42 373.42 373.42 373.42 373.42 373.42 373.42 373.42 373.42 373.42 373.42 373.42 373.42 373.42 373.42 373.42 373.42 373.42 373.42 373.42 373.42 373.42 373.42 373.42 373.42 373.42 373.42 376.10 376.10 376.10 376.10 376.10 376.10 376.10 376.10 376.10 376.10 376.10 376.10 376.10 376.10 376.10 376.10 376.10 376.10 376.10 376.10 376.10 376.10 376.10 376.10 376.10 376.10 376.10 376.10 376.10 376.10 378.80 378.80 378.80 378.80 378.80 378.80 378.80 378.80 378.80 378.80 378.80 378.80 378.80 378.80 378.80 378.80 378.80 378.80 378.80 378.80 378.80 378.80 378.80 378.80 378.80 378.80 378.80 378.80 378.80 378.80 381.50 381.50 381.50 381.50 381.50 381.50 381.50 381.50 381.50 381.50 381.50 381.50 381.50 381.50 381.50 381.50 381.50 381.50 381.50 381.50 381.50 381.50 381.50 381.50 381.50 381.50 381.50 381.50 381.50 381.50 384.21 384.21 384.21 384.21 384.21 384.21 384.21 384.21 384.21 384.21 384.21 384.21 384.21 384.21 384.21 384.21 384.21 384.21 384.21 384.21 384.21 384.21 384.21 384.21 384.21 384.21 384.21 384.21 384.21 384.21 386.93 386.93 386.93 386.93 386.93 386.93 386.93 386.93 386.93 386.93 386.93 386.93 386.93 386.93 386.93 386.93 386.93 386.93 386.93 386.93 386.93 386.93 386.93 386.93 386.93 386.93 386.93 386.93 386.93 386.93 389.66 389.66 389.66 389.66 389.66 389.66 389.66 389.66 389.66 389.66 389.66 389.66 389.66 389.66 389.66 389.66 389.66 389.66 389.66 389.66 389.66 389.66 389.66 389.66 389.66 389.66 389.66 389.66 389.66 389.66 392.39 392.39 392.39 392.39 392.39 392.39 392.39 392.39 392.39 392.39 392.39 392.39 392.39 392.39 392.39 392.39 392.39 392.39 392.39 392.39 392.39 392.39 392.39 392.39 392.39 392.39 392.39 392.39 392.39 392.39 395.13 395.13 395.13 395.13 395.13 395.13 395.13 395.13 395.13 395.13 395.13 395.13 395.13 395.13 395.13 395.13 395.13 395.13 395.13 395.13 395.13 395.13 395.13 395.13 395.13 395.13 395.13 395.13 395.13 395.13 397.88 397.88 397.88 397.88 397.88 397.88 397.88 397.88 397.88 397.88 397.88 397.88 397.88 397.88 397.88 397.88 397.88 397.88 397.88 397.88 397.88 397.88 397.88 397.88 397.88 397.88 397.88 397.88 397.88 397.88 400.63 400.63 400.63 400.63 400.63 400.63 400.63 400.63 400.63 400.63 400.63 400.63 400.63 400.63 400.63 400.63 400.63 400.63 400.63 400.63 400.63 400.63 400.63 400.63 400.63 400.63 400.63 400.63 400.63 400.63 403.39 403.39 403.39 403.39 403.39 403.39 403.39 403.39 403.39 403.39 403.39 403.39 403.39 403.39 403.39 403.39 403.39 403.39 403.39 403.39 403.39 403.39 403.39 403.39 403.39 403.39 403.39 403.39 403.39 403.39 406.16 406.16 406.16 406.16 406.16 406.16 406.16 406.16 406.16 406.16 406.16 406.16 406.16 406.16 406.16 406.16 406.16 406.16 406.16 406.16 406.16 406.16 406.16 406.16 406.16 406.16 406.16 406.16 406.16 406.16 408.94 408.94 408.94 408.94 408.94 408.94 408.94 408.94 408.94 408.94 408.94 408.94 408.94 408.94 408.94 408.94 408.94 408.94 408.94 408.94 408.94 408.94 408.94 408.94 408.94 408.94 408.94 408.94 408.94 408.94 411.72 411.72 411.72 411.72 411.72 411.72 411.72 411.72 411.72 411.72 411.72 411.72 411.72 411.72 411.72 411.72 411.72 411.72 411.72 411.72 411.72 411.72 411.72 411.72 411.72 411.72 411.72 411.72 411.72 411.72 414.51 414.51 414.51 414.51 414.51 414.51 414.51 414.51 414.51 414.51 414.51 414.51 414.51 414.51 414.51 414.51 414.51 414.51 414.51 414.51 414.51 414.51 414.51 414.51 414.51 414.51 414.51 414.51 414.51 414.51 417.31 417.31 417.31 417.31 417.31 417.31 417.31 417.31 417.31 417.31 417.31 417.31 417.31 417.31 417.31 417.31 417.31 417.31 417.31 417.31 417.31 417.31 417.31 417.31 417.31 417.31 417.31 417.31 417.31 417.31 420.12 420.12 420.12 420.12 420.12 420.12 420.12 420.12 420.12 420.12 420.12 420.12 420.12 420.12 420.12 420.12 420.12 420.12 420.12 420.12 420.12 420.12 420.12 420.12 420.12 420.12 420.12 420.12 420.12 420.12 422.93 422.93 422.93 422.93 422.93 422.93 422.93 422.93 422.93 422.93 422.93 422.93 422.93 422.93 422.93 422.93 422.93 422.93 422.93 422.93 422.93 422.93 422.93 422.93 422.93 422.93 422.93 422.93 422.93 422.93 425.75 425.75 425.75 425.75 425.75 425.75 425.75 425.75 425.75 425.75 425.75 425.75 425.75 425.75 425.75 425.75 425.75 425.75 425.75 425.75 425.75 425.75 425.75 425.75 425.75 425.75 425.75 425.75 425.75 425.75 428.58 428.58 428.58 428.58 428.58 428.58 428.58 428.58 428.58 428.58 428.58 428.58 428.58 428.58 428.58 428.58 428.58 428.58 428.58 428.58 428.58 428.58 428.58 428.58 428.58 428.58 428.58 428.58 428.58 428.58 431.42 431.42 431.42 431.42 431.42 431.42 431.42 431.42 431.42 431.42 431.42 431.42 431.42 431.42 431.42 431.42 431.42 431.42 431.42 431.42 431.42 431.42 431.42 431.42 431.42 431.42 431.42 431.42 431.42 431.42 434.26 434.26 434.26 434.26 434.26 434.26 434.26 434.26 434.26 434.26 434.26 434.26 434.26 434.26 434.26 434.26 434.26 434.26 434.26 434.26 434.26 434.26 434.26 434.26 434.26 434.26 434.26 434.26 434.26 434.26 437.11 437.11 437.11 437.11 437.11 437.11 437.11 437.11 437.11 437.11 437.11 437.11 437.11 437.11 437.11 437.11 437.11 437.11 437.11 437.11 437.11 437.11 437.11 437.11 437.11 437.11 437.11 437.11 437.11 437.11 439.97 439.97 439.97 439.97 439.97 439.97 439.97 439.97 439.97 439.97 439.97 439.97 439.97 439.97 439.97 439.97 439.97 439.97 439.97 439.97 439.97 439.97 439.97 439.97 439.97 439.97 439.97 439.97 439.97 439.97 442.83 442.83 442.83 442.83 442.83 442.83 442.83 442.83 442.83 442.83 442.83 442.83 442.83 442.83 442.83 442.83 442.83 442.83 442.83 442.83 442.83 442.83 442.83 442.83 442.83 442.83 442.83 442.83 442.83 442.83 445.71 445.71 445.71 445.71 445.71 445.71 445.71 445.71 445.71 445.71 445.71 445.71 445.71 445.71 445.71 445.71 445.71 445.71 445.71 445.71 445.71 445.71 445.71 445.71 445.71 445.71 445.71 445.71 445.71 445.71 448.58 448.58 448.58 448.58 448.58 448.58 448.58 448.58 448.58 448.58 448.58 448.58 448.58 448.58 448.58 448.58 448.58 448.58 448.58 448.58 448.58 448.58 448.58 448.58 448.58 448.58 448.58 448.58 448.58 448.58 451.47 451.47 451.47 451.47 451.47 451.47 451.47 451.47 451.47 451.47 451.47 451.47 451.47 451.47 451.47 451.47 451.47 451.47 451.47 451.47 451.47 451.47 451.47 451.47 451.47 451.47 451.47 451.47 451.47 451.47 454.37 454.37 454.37 454.37 454.37 454.37 454.37 454.37 454.37 454.37 454.37 454.37 454.37 454.37 454.37 454.37 454.37 454.37 454.37 454.37 454.37 454.37 454.37 454.37 454.37 454.37 454.37 454.37 454.37 454.37 457.27 457.27 457.27 457.27 457.27 457.27 457.27 457.27 457.27 457.27 457.27 457.27 457.27 457.27 457.27 457.27 457.27 457.27 457.27 457.27 457.27 457.27 457.27 457.27 457.27 457.27 457.27 457.27 457.27 457.27 460.18 460.18 460.18 460.18 460.18 460.18 460.18 460.18 460.18 460.18 460.18 460.18 460.18 460.18 460.18 460.18 460.18 460.18 460.18 460.18 460.18 460.18 460.18 460.18 460.18 460.18 460.18 460.18 460.18 460.18 463.09 463.09 463.09 463.09 463.09 463.09 463.09 463.09 463.09 463.09 463.09 463.09 463.09 463.09 463.09 463.09 463.09 463.09 463.09 463.09 463.09 463.09 463.09 463.09 463.09 463.09 463.09 463.09 463.09 463.09
=== END RADAR_SCAN ===

