=== BEGIN RADAR_SCAN ===
scan.index=1
scan.time=134.000000
radar.id=2
radar.frequency=X
radar.scanning_mode=RHI
radar.x=-50000.000
radar.y=50000.000
radar.z=25.000
radar.maximum_range=50000.000
radar.range_resolution=100.000
radar.angular_resolution=1.000000
box.radar_id=2
box.min_range_gate=158.000
box.max_range_gate=404.000
box.min_angle=0.000000
box.max_angle=24.000000
box.num_ranges=247
box.num_angles=24
box.range_resolution=100.000
box.angular_resolution=1.000000
box.other_angle=-74.018287
grid.size=5928
grid.data=0.00 0.00 0.00 0.00 0.00 0.00 0.00 0.00 0.00 0.00 0.00 0.00 0.00 0.00 0.00 0.00 0.00 0.00 0.00 0.00 0.00 0.00 0.00 0.00 27.72 24.16 26.53 22.87 0.00 0.00 0.00 0.00 0.00 0.00 0.00 0.00 0.00 0.00 0.00 0.00 0.00 0.00 0.00 0.00 0.00 0.00 0.00 0.00 29.61 28.23 24.57 24.81 25.21 30.15 32.82 38.07 0.00 0.00 0.00 0.00 0.00 0.00 0.00 0.00 0.00 0.00 0.00 0.00 0.00 0.00 0.00 0.00 25.05 24.68 31.49 27.17 34.54 28.22 27.80 33.54 31.96 33.35 0.00 0.00 0.00 0.00 0.00 0.00 0.00 0.00 0.00 0.00 0.00 0.00 0.00 0.00 27.96 28.98 26.19 29.00 29.12 26.94 31.46 25.90 32.10 37.65 32.56 30.12 0.00 0.00 0.00 0.00 0.00 0.00 0.00 0.00 0.00 0.00 0.00 0.00 26.26 27.30 24.40 31.34 31.63 30.31 29.02 32.00 36.34 32.85 34.58 37.21 41.42 43.42 0.00 0.00 0.00 0.00 0.00 0.00 0.00 0.00 0.00 0.00 27.22 27.50 27.32 32.22 25.70 27.79 31.32 33.27 28.08 33.29 34.05 37.79 41.73 44.08 35.94 0.00 0.00 0.00 0.00 0.00 0.00 0.00 0.00 0.00 27.91 24.65 24.54 23.56 28.16 31.37 26.86 30.64 31.16 33.26 36.40 42.38 45.52 39.33 40.64 38.23 0.00 0.00 0.00 0.00 0.00 0.00 0.00 0.00 30.23 24.75 27.15 28.08 27.82 27.63 30.51 36.00 32.41 34.79 31.66 36.76 36.58 42.75 37.36 37.27 33.67 27.75 0.00 0.00 0.00 0.00 0.00 0.00 30.22 25.41 27.07 31.94 26.64 31.54 31.94 26.50 27.44 30.60 28.35 35.75 43.05 43.28 41.76 40.46 35.04 26.91 27.51 0.00 0.00 0.00 0.00 0.00 27.53 27.45 27.35 30.14 29.04 27.15 31.72 34.20 30.84 36.76 33.65 30.37 43.71 45.83 41.14 35.25 31.95 27.68 25.59 24.48 0.00 0.00 0.00 0.00 26.26 29.04 27.67 27.34 34.91 28.69 32.56 33.01 29.15 35.05 34.81 34.63 49.80 44.32 40.57 38.30 36.12 27.91 27.25 20.98 21.95 0.00 0.00 0.00 25.61 27.21 26.92 28.76 27.61 30.61 31.90 29.62 32.22 31.13 35.20 36.71 43.24 46.25 34.20 29.44 33.45 30.30 25.75 21.69 19.63 15.87 0.00 0.00 26.86 25.04 27.25 25.04 29.52 26.57 30.13 27.71 33.53 32.08 32.96 43.32 43.62 44.64 36.75 29.82 32.74 28.52 22.65 25.17 19.22 14.27 0.00 0.00 26.87 30.27 27.46 31.86 30.36 28.38 33.85 33.54 31.91 33.02 36.36 33.50 40.78 41.73 39.51 38.94 34.72 31.26 26.87 19.98 17.44 13.47 12.31 0.00 26.47 31.97 27.67 31.54 30.05 33.56 29.15 27.35 29.73 34.70 31.32 37.03 45.76 34.84 36.33 38.76 29.31 29.06 22.49 20.12 18.82 12.58 13.92 8.14 27.25 29.71 30.76 30.38 27.65 29.70 29.38 34.05 33.96 31.04 36.13 40.25 46.15 42.22 37.65 38.10 29.77 28.06 22.86 25.55 14.98 12.80 10.95 10.33 21.25 26.92 26.68 24.43 31.08 24.50 30.20 32.81 36.35 31.36 34.24 40.16 45.00 34.98 36.55 34.48 29.78 24.11 25.08 20.00 18.11 13.97 11.85 7.42 27.73 26.80 30.66 28.22 30.55 25.01 30.42 35.09 32.77 33.61 35.66 40.46 42.52 40.90 37.37 32.99 32.84 27.83 23.17 21.81 16.13 16.54 12.90 7.95 32.76 22.74 27.75 27.60 29.25 27.42 32.82 26.66 35.52 33.48 38.45 43.04 47.50 44.71 36.43 33.41 30.79 27.80 23.70 19.29 15.21 12.32 11.26 8.36 24.79 25.31 25.62 24.68 25.37 35.62 33.73 31.81 33.74 35.74 38.15 42.58 42.69 42.55 40.95 32.93 28.76 26.99 23.23 20.97 17.16 12.83 9.80 8.57 28.75 27.01 27.37 26.21 29.49 30.70 33.08 30.54 38.48 33.61 32.50 44.13 45.41 38.03 30.43 30.90 29.20 30.55 21.21 17.87 18.52 15.23 10.19 -0.66 27.59 26.73 28.51 30.55 35.71 27.79 26.50 32.84 30.34 31.42 32.60 41.48 38.07 41.52 40.27 32.18 28.38 24.96 24.33 17.25 14.34 10.25 9.58 -1.67 25.06 27.31 26.97 27.76 26.52 30.94 30.82 30.94 31.94 33.85 37.96 43.92 41.79 37.72 36.01 36.76 26.23 26.11 19.93 19.47 19.21 12.87 10.24 -3.82 28.90 31.99 29.97 29.26 30.13 29.63 31.88 29.87 35.33 33.61 34.04 50.93 38.70 33.69 32.06 35.22 25.68 27.41 24.32 18.00 18.00 15.30 10.68 0.36 22.87 31.07 30.29 30.53 28.12 27.68 34.06 32.03 33.54 34.05 32.84 43.84 42.98 38.22 35.01 32.12 31.32 22.10 19.54 18.13 17.38 11.50 7.64 1.04 24.45 28.42 29.27 30.41 33.64 25.46 30.84 35.64 31.30 33.27 35.88 40.75 41.65 35.57 35.98 35.71 27.03 24.29 23.07 15.81 14.08 8.17 11.75 1.80 30.08 28.86 29.05 33.49 24.40 30.62 31.57 30.56 37.09 36.15 35.29 47.53 36.89 36.80 32.78 29.65 30.99 25.20 22.87 15.41 12.57 12.36 5.72 -0.71 23.22 28.41 31.22 26.82 28.00 26.89 27.45 34.08 33.63 37.54 32.17 44.80 42.05 37.63 34.67 24.93 28.10 23.69 21.97 15.80 13.18 12.17 6.75 1.70 26.68 21.05 28.27 29.80 30.42 26.02 34.06 29.90 31.86 36.83 35.23 43.27 44.11 36.18 29.74 30.39 22.04 23.77 22.53 16.48 15.23 9.19 2.63 3.32 26.29 25.83 26.66 28.83 29.83 27.80 28.41 35.12 33.27 37.82 35.33 48.30 40.63 42.06 35.74 27.56 24.98 20.51 22.30 18.17 12.19 10.25 1.52 -1.77 24.81 30.95 25.17 27.15 28.17 27.75 30.40 31.00 35.21 34.11 38.22 37.56 31.63 35.32 36.29 26.72 24.69 22.09 19.41 16.05 13.76 6.02 1.38 0.30 26.40 25.34 28.88 29.42 31.45 29.20 33.17 33.46 32.43 31.22 40.07 42.52 38.05 34.40 28.02 27.65 23.36 20.13 20.86 17.23 12.38 7.96 0.45 1.57 29.14 32.07 29.93 28.93 30.87 29.67 34.88 29.97 29.68 33.23 36.02 41.30 41.26 38.01 33.42 28.31 23.95 24.18 21.26 13.34 11.18 5.57 -0.46 -0.16 24.43 26.88 28.33 27.42 27.57 32.22 29.42 31.65 34.85 32.45 42.00 40.30 38.23 34.95 25.96 31.91 22.68 24.44 16.73 13.81 12.46 7.62 0.50 -0.95 27.05 24.78 27.25 30.07 27.34 30.01 27.53 33.63 34.51 36.32 45.42 34.77 38.41 35.39 30.21 29.65 23.67 19.21 17.99 14.37 10.86 5.17 -1.69 -0.97 27.03 28.46 27.49 29.16 30.29 28.66 32.83 29.93 33.51 36.71 38.27 39.02 36.34 34.54 33.23 27.77 30.04 20.96 12.95 14.39 14.31 2.68 -0.81 -0.26 25.58 31.28 30.52 30.38 27.34 31.86 27.86 34.56 35.51 37.22 36.79 39.33 40.24 32.49 35.36 24.40 24.57 23.98 17.42 11.95 9.80 -3.25 0.12 0.33 31.16 21.87 30.35 29.65 30.91 30.42 28.60 34.51 32.79 33.98 39.73 42.63 39.42 33.79 32.42 27.24 23.66 22.52 15.23 9.38 11.89 0.85 -0.84 -0.46 28.20 28.23 29.80 30.65 30.86 26.95 30.52 31.68 38.28 35.43 42.46 43.34 34.69 31.89 31.87 29.67 23.33 22.48 20.13 13.74 11.55 -0.82 0.52 -1.41 24.11 26.91 25.94 31.15 30.44 33.91 32.93 31.77 35.34 35.76 42.71 40.84 42.17 30.95 30.22 21.27 20.84 19.88 18.07 14.16 7.64 2.29 1.74 -1.40 24.48 28.30 26.96 28.13 28.94 31.95 27.60 30.88 31.93 31.41 45.44 45.57 37.04 35.81 27.87 25.99 23.58 19.12 16.21 15.36 6.82 0.85 0.61 0.85 26.51 25.93 28.34 30.30 30.42 25.75 28.58 32.49 36.33 32.52 48.94 39.37 39.99 32.64 31.12 28.00 18.79 18.53 14.53 9.44 8.89 1.05 1.78 -0.06 31.04 29.37 25.31 29.73 26.95 29.34 31.77 34.55 35.75 38.12 47.94 34.62 38.32 28.21 30.09 24.06 22.09 18.33 16.08 13.28 6.53 0.41 -2.34 1.64 23.16 28.47 30.24 31.00 31.60 29.26 29.20 34.12 36.45 32.53 45.56 40.14 38.29 33.69 31.92 29.51 22.18 17.07 14.79 9.72 8.72 0.75 2.66 -1.18 26.26 26.39 29.71 29.56 28.78 34.82 28.86 29.68 39.42 30.11 49.49 37.93 36.65 31.85 26.65 24.01 26.58 19.15 15.57 10.95 6.33 1.82 -0.45 1.11 23.25 25.45 28.18 24.18 28.65 32.94 33.25 29.18 35.26 34.57 46.88 36.08 33.13 33.57 29.60 24.22 21.56 17.80 13.13 12.96 -1.65 0.18 -2.83 1.21 27.31 27.73 30.28 28.70 34.49 33.82 29.41 27.59 29.94 35.55 43.17 41.95 39.26 32.51 30.28 20.62 18.35 17.60 16.34 12.26 -0.01 1.40 -2.69 0.48 29.19 28.11 25.42 28.66 32.22 29.24 33.14 31.35 33.66 32.14 40.56 36.55 38.99 31.82 22.63 26.22 21.05 15.57 13.83 10.39 -1.64 1.89 0.92 0.91 25.31 23.23 28.54 24.70 30.31 27.04 29.69 32.04 34.89 33.76 36.68 38.10 35.26 28.49 24.00 24.99 21.10 17.93 12.34 9.12 -0.85 -0.55 -2.14 -2.59 29.95 27.07 24.01 30.55 26.39 32.49 33.16 29.03 35.52 38.62 38.99 42.09 40.78 29.90 31.98 26.54 19.34 16.36 16.80 12.32 0.45 1.10 1.66 1.57 26.50 28.33 25.76 29.79 30.05 29.02 30.34 32.98 31.74 36.70 45.02 40.80 29.23 32.07 28.42 26.96 19.59 13.64 11.03 9.46 -2.21 1.59 2.71 0.09 27.43 26.78 30.85 25.63 29.37 35.45 29.65 34.71 35.02 41.75 38.82 38.80 41.03 33.32 27.70 23.09 20.04 17.07 10.34 4.42 1.87 -0.69 0.43 -2.25 26.34 26.85 25.79 26.71 30.12 31.26 30.50 35.50 31.54 40.94 41.20 34.81 31.84 29.71 28.99 21.88 19.50 18.11 12.26 6.78 0.88 -1.30 1.93 0.91 28.63 24.82 22.09 29.23 30.47 28.11 34.17 37.75 35.65 37.90 43.51 35.32 32.96 30.84 26.90 21.29 20.85 13.11 12.98 7.45 -2.02 0.69 0.52 0.27 22.60 25.85 28.06 31.18 22.49 30.77 37.43 38.44 40.73 36.39 40.21 37.58 36.47 35.49 25.58 22.60 17.52 14.94 11.56 3.76 -0.09 -1.65 2.28 1.97 25.82 20.76 24.81 25.25 29.59 36.07 39.49 38.49 42.45 40.71 44.59 34.34 36.42 29.69 30.98 20.29 20.97 17.26 13.25 0.75 0.43 0.35 -1.08 -0.03 32.13 25.04 22.86 28.48 32.63 29.38 36.30 41.30 37.01 43.01 45.97 40.14 38.79 31.15 23.68 26.24 18.18 12.05 12.21 -1.04 1.25 -1.68 -0.93 -0.09 23.62 23.06 25.77 29.53 28.57 31.48 33.31 34.29 35.88 45.64 43.99 40.90 36.08 30.16 27.55 23.96 20.42 15.36 10.06 -1.06 2.15 -1.56 -0.18 1.32 23.54 22.72 22.03 27.59 34.08 31.79 32.16 35.82 40.32 38.90 37.92 42.56 32.41 32.58 26.94 21.08 20.47 13.09 7.33 0.76 -0.87 1.17 0.62 1.98 25.92 22.79 24.69 30.25 29.99 32.86 31.59 38.91 38.18 47.05 45.20 37.17 32.72 31.73 29.17 28.42 18.00 12.74 8.95 -2.08 -0.76 -0.46 0.09 0.96 27.70 25.51 26.31 26.58 27.78 27.61 42.19 33.64 33.33 44.00 37.55 43.35 34.43 33.46 29.09 25.57 25.65 13.97 7.85 -1.40 0.62 -2.53 3.56 -0.72 24.18 27.10 21.25 29.79 33.47 33.04 33.24 41.30 42.56 43.58 40.24 35.32 31.05 30.47 26.40 23.44 21.22 22.59 10.20 2.63 1.54 0.35 2.73 -1.16 23.89 20.92 25.55 25.33 31.07 30.58 40.27 42.19 38.75 45.28 42.82 37.80 34.25 31.88 29.39 27.31 20.46 21.42 8.16 0.65 1.51 1.52 0.39 0.66 26.38 23.76 24.80 26.57 34.11 38.63 32.09 36.97 42.25 42.93 43.01 38.43 38.91 26.43 26.63 28.60 22.59 21.24 20.44 -4.37 1.17 0.04 -0.49 -1.44 24.30 24.99 25.05 29.01 23.28 29.46 34.43 39.15 45.38 50.84 39.88 39.81 35.01 29.48 27.69 25.17 24.44 20.51 20.52 17.19 -0.45 2.72 1.69 -0.60 27.67 25.31 24.19 26.68 32.60 33.47 32.27 39.40 42.87 45.53 45.67 37.15 35.22 35.51 29.01 24.05 24.49 24.36 19.50 15.01 14.27 0.15 1.89 0.71 24.23 23.66 28.03 30.02 28.70 35.28 34.44 39.56 41.44 41.34 38.94 33.68 29.92 31.70 27.68 26.65 21.50 20.16 17.01 18.34 13.72 -0.59 -1.24 0.77 27.58 24.14 25.89 27.42 31.93 33.08 38.84 38.35 47.77 47.16 41.53 33.79 33.92 33.03 28.03 24.24 22.84 24.38 17.13 17.02 12.41 11.05 -0.80 0.05 24.10 25.63 24.78 33.09 32.15 32.98 33.56 30.64 37.78 47.80 38.92 40.04 35.59 27.52 25.90 25.78 21.16 20.71 19.66 19.00 15.81 14.23 12.29 -1.53 25.40 26.02 25.04 26.77 29.38 35.64 36.35 34.06 39.74 45.03 44.97 34.67 30.94 31.81 25.17 19.92 24.79 21.40 16.59 15.84 15.75 10.38 12.06 -0.29 26.90 28.20 23.10 31.58 30.67 30.67 40.40 40.44 38.86 43.94 37.50 35.16 33.91 29.49 23.47 19.65 24.78 16.42 17.35 13.24 12.99 9.93 9.74 6.40 24.19 26.17 22.94 30.30 31.43 42.17 38.32 35.65 39.71 46.28 39.28 34.20 30.91 28.81 25.59 24.04 21.36 22.90 18.75 17.64 12.96 8.34 9.74 0.09 23.82 22.64 23.55 26.24 29.02 29.46 39.50 45.02 43.18 41.47 38.84 35.01 35.85 31.54 27.93 23.01 22.41 21.08 16.35 14.23 13.53 12.65 9.88 -2.52 26.56 25.08 30.71 26.75 30.48 33.01 38.82 34.40 40.21 41.94 39.69 34.95 28.22 27.12 20.84 24.09 18.79 20.61 17.37 14.94 14.25 9.53 9.82 -0.78 22.88 19.64 24.35 33.23 30.58 32.84 35.17 37.58 40.71 47.61 40.71 32.59 31.38 27.28 29.69 23.23 21.72 19.28 17.78 15.82 12.50 8.91 8.56 -0.65 23.69 21.04 24.05 32.33 28.05 33.27 35.20 40.50 38.48 41.61 37.92 35.54 27.37 21.88 26.43 26.13 19.98 17.17 18.83 17.37 12.49 7.72 9.26 -0.07 23.52 26.41 25.10 25.01 30.56 36.98 40.46 34.48 38.72 48.86 36.76 30.03 27.64 29.33 24.49 25.43 21.25 22.18 17.96 14.80 15.54 7.79 9.43 -2.10 23.50 24.37 24.85 26.76 31.25 35.28 40.03 40.50 32.56 39.85 40.37 35.17 30.73 30.09 26.72 22.96 16.55 20.78 14.00 14.58 14.29 11.19 9.78 -0.19 24.68 23.11 25.01 28.90 29.34 37.92 35.35 42.96 39.74 44.04 38.32 33.98 30.70 24.85 30.81 22.28 17.05 19.60 15.16 13.09 12.37 10.11 7.19 2.03 24.51 25.65 25.14 30.28 32.37 28.63 35.89 37.54 42.86 39.71 37.22 30.29 30.52 23.28 26.87 21.48 25.26 19.28 15.98 14.56 12.56 7.81 5.13 -1.41 25.69 23.89 19.97 31.82 30.69 30.20 35.60 38.72 45.27 35.45 36.27 35.18 27.55 28.96 27.39 23.94 21.14 22.11 18.07 15.38 11.57 10.05 7.42 -1.35 22.19 24.23 22.77 26.14 30.68 36.80 36.59 35.25 44.38 41.39 38.61 34.48 32.31 31.41 25.04 27.69 23.24 19.00 19.53 15.92 14.14 10.00 -1.31 -1.38 23.75 23.09 23.73 29.08 30.53 33.35 36.10 40.48 38.68 37.84 35.03 28.95 28.04 30.99 22.04 26.50 19.40 19.18 14.72 13.32 10.75 9.10 -1.72 0.37 25.18 23.43 22.86 28.31 32.05 35.13 31.89 37.91 40.82 35.89 39.38 26.65 30.36 28.45 22.72 20.76 18.39 17.95 14.46 12.77 12.33 8.14 -1.24 2.77 22.27 23.98 29.67 33.58 31.72 38.60 34.75 41.03 46.61 45.75 37.69 35.66 29.51 25.27 25.72 23.06 21.14 16.24 14.58 14.41 10.79 7.09 0.34 -0.57 23.59 18.93 26.52 25.84 29.69 36.37 34.47 38.11 40.95 39.78 38.02 31.26 26.24 30.02 23.59 25.19 20.41 17.79 17.49 13.92 9.73 9.57 0.22 0.52 28.11 26.64 26.41 27.04 26.62 36.53 35.00 36.93 40.51 43.38 35.85 30.45 31.44 28.79 20.84 19.17 18.82 18.09 12.67 11.56 10.40 3.89 -1.81 1.45 20.38 27.67 33.14 30.61 25.40 33.08 31.99 35.95 45.80 39.13 31.97 32.13 29.14 24.94 22.18 24.67 19.66 15.72 15.40 11.70 10.53 5.73 2.17 -1.16 27.65 22.83 24.64 27.85 33.05 29.18 35.91 44.39 40.19 39.33 37.48 30.42 30.10 29.28 21.36 22.07 20.56 13.12 11.51 10.70 9.69 5.08 0.59 0.38 22.60 19.07 25.10 22.72 31.23 34.82 35.42 39.77 45.62 42.09 33.28 29.08 22.90 27.93 26.72 17.89 20.28 16.68 14.60 12.88 11.40 7.30 -0.81 2.66 28.28 24.18 25.37 23.08 30.13 32.48 37.05 37.10 43.14 40.33 38.38 28.54 28.39 27.45 21.60 22.66 22.76 15.50 17.47 10.39 6.61 8.04 -0.74 -0.64 28.53 23.16 25.18 26.57 28.54 32.32 39.28 35.82 36.28 36.38 36.11 32.31 29.97 24.95 24.39 26.94 17.66 16.66 16.09 10.96 10.60 3.99 -1.18 1.37 22.56 25.37 25.84 26.70 32.67 35.82 33.82 32.77 38.27 43.09 35.89 31.68 27.41 27.91 27.87 23.11 22.23 19.06 13.68 9.80 10.00 1.27 -1.67 -1.22 24.41 23.94 29.92 28.79 32.79 32.77 42.79 39.21 46.77 36.60 33.97 32.66 29.28 26.44 24.55 22.44 18.98 15.07 11.78 10.11 9.84 -0.73 -0.36 -0.40 25.99 25.31 24.70 31.54 33.67 34.03 38.31 35.82 44.38 34.47 36.12 30.49 31.11 21.84 20.01 22.78 15.06 15.93 16.17 9.79 9.45 -1.32 1.18 0.33 24.12 20.41 24.87 29.85 29.13 33.46 34.47 39.66 36.05 37.00 34.99 30.50 30.21 29.67 26.10 20.54 18.61 18.27 15.04 9.92 9.58 1.31 -0.60 1.06 22.98 25.27 25.48 31.49 30.12 34.73 36.48 40.07 41.51 38.47 34.01 28.23 28.63 22.82 21.87 21.36 15.62 15.49 11.65 10.52 13.50 0.11 -2.54 1.18 22.65 26.10 26.68 33.29 34.18 38.00 36.93 35.75 40.86 35.26 34.88 30.25 32.08 26.80 16.61 18.38 18.24 16.62 13.54 9.21 7.62 0.76 0.35 -0.15 23.71 19.53 28.11 29.81 33.31 38.55 37.86 38.29 40.95 39.83 31.99 29.48 25.67 28.62 20.51 18.86 17.17 16.38 15.87 9.12 8.67 -1.33 0.47 -0.42 23.83 25.23 25.04 32.94 27.74 30.90 36.67 40.74 42.21 39.18 35.73 24.93 29.72 25.05 21.37 19.69 18.54 18.52 14.31 8.91 8.31 0.08 -0.94 1.95 21.64 22.40 21.82 27.08 29.98 39.83 32.44 37.00 39.40 30.89 30.94 32.66 27.24 22.93 21.35 20.75 17.83 13.94 10.24 10.20 4.79 0.19 0.22 -0.60 24.77 26.00 26.83 27.67 30.96 35.20 37.53 40.04 39.25 34.35 35.84 31.00 27.94 28.55 20.15 22.99 19.08 14.39 12.30 9.30 8.64 1.35 -1.64 -1.03 24.70 23.39 29.48 25.38 37.40 35.58 35.33 46.76 46.26 38.57 30.81 23.93 31.66 21.37 24.30 19.32 17.52 13.21 13.37 13.34 9.97 0.18 -0.57 -0.53 22.21 26.32 26.34 28.78 31.48 36.34 34.31 37.68 41.91 33.47 35.86 31.14 27.13 24.79 22.04 14.99 16.41 10.62 13.38 9.69 0.64 0.76 -1.25 -1.74 26.02 18.49 28.95 33.47 33.15 37.85 41.07 38.98 45.10 40.22 31.00 26.51 29.87 26.73 21.12 18.58 18.43 12.31 15.58 8.94 1.03 0.74 -0.58 0.04 26.39 26.97 25.58 29.28 33.54 36.12 32.67 38.59 44.26 36.02 30.06 25.78 29.01 23.05 20.51 17.79 18.31 15.61 12.67 8.84 0.38 -1.33 -1.76 -1.52 19.19 27.22 26.84 29.60 34.60 39.31 36.07 36.00 41.09 33.81 34.83 29.14 28.49 25.70 22.09 17.70 16.31 11.90 11.34 7.02 -2.27 0.47 -0.73 0.79 23.01 24.72 28.16 30.09 32.56 35.81 37.60 46.65 45.84 36.34 30.53 29.06 30.83 25.83 21.28 17.32 13.95 13.38 12.54 7.98 0.73 1.02 -0.80 -1.17 24.83 27.42 24.77 29.07 33.31 30.21 41.86 37.46 45.36 39.36 34.72 28.48 27.86 24.64 18.17 17.80 18.51 14.66 10.11 10.95 -0.77 1.95 -2.93 -0.22 21.36 20.99 27.91 26.83 35.04 30.36 39.84 39.57 41.81 34.18 29.25 27.45 27.53 24.87 23.08 20.51 15.84 16.33 10.95 8.09 0.56 1.42 0.03 -1.16 24.98 25.60 25.90 32.67 33.80 37.84 38.86 38.23 40.90 35.61 32.56 24.23 28.35 24.56 21.94 22.29 17.85 13.39 10.30 5.63 -0.43 0.44 -1.65 2.09 24.24 24.94 26.98 29.50 27.57 31.27 38.59 38.23 28.84 31.51 29.41 27.00 25.71 21.34 22.00 15.24 16.11 14.41 13.03 8.38 1.72 -1.44 -0.67 -0.59 25.56 23.86 27.83 29.39 34.64 29.73 32.85 41.38 41.83 35.12 31.17 30.95 26.95 21.80 20.45 17.82 17.41 12.00 10.45 10.17 -0.46 0.48 1.70 -1.33 24.93 24.26 25.73 25.42 31.95 34.00 36.42 43.15 44.15 31.21 33.82 27.25 27.57 24.93 22.91 18.03 15.45 12.42 7.59 7.19 -0.24 0.71 -2.20 -1.75 19.64 26.62 25.85 28.17 34.56 35.47 36.71 34.89 41.03 36.18 30.86 27.86 24.01 27.48 22.23 17.87 14.91 12.99 10.37 9.06 0.77 -1.31 -0.38 -4.61 24.16 26.74 24.87 28.74 28.16 37.91 36.82 40.54 36.92 32.86 32.77 28.10 23.17 20.66 18.68 16.44 12.68 15.62 10.38 7.50 1.91 1.32 0.51 0.43 25.69 21.76 23.39 29.46 34.29 39.73 33.27 37.07 42.90 36.33 32.21 28.14 25.12 24.06 22.53 15.79 13.40 14.86 8.71 2.63 -1.04 0.07 -1.14 -0.11 25.14 22.77 28.49 26.49 34.47 39.54 44.04 40.72 39.54 32.80 28.79 25.46 26.40 24.84 20.13 15.19 12.94 14.18 10.69 -2.85 -0.82 0.71 -1.94 -0.97 21.02 24.03 24.33 28.35 33.11 32.39 40.01 38.34 43.60 32.47 26.40 27.89 29.60 23.42 18.05 16.07 12.80 10.29 11.15 2.99 2.21 0.11 3.83 -3.10 22.43 25.12 25.70 28.26 31.97 31.25 39.72 46.72 40.88 27.42 32.10 25.34 24.92 23.92 20.16 16.50 16.62 12.60 8.30 2.95 -0.26 -0.77 -0.45 -2.02 23.46 23.96 26.90 29.87 32.79 37.41 39.18 44.22 39.72 34.77 29.96 28.68 26.14 23.30 17.31 20.86 13.78 8.91 5.74 -2.29 0.53 -0.67 -1.69 -0.37 25.30 24.59 28.91 26.67 29.47 38.46 40.56 42.16 33.39 32.40 30.35 25.47 28.35 23.44 18.66 16.79 14.32 9.86 7.53 0.48 -0.51 -1.56 -0.77 1.59 23.50 23.50 27.74 30.39 29.86 34.23 35.11 41.24 35.52 36.87 28.76 27.36 23.69 26.25 19.18 16.28 16.61 14.88 5.63 -1.10 -1.64 1.16 0.78 -2.01 23.53 24.20 29.35 29.41 37.45 42.59 39.76 37.55 36.03 30.09 32.51 28.08 26.62 21.48 21.93 18.03 15.95 9.62 11.57 1.44 3.71 -0.37 -1.45 -1.93 24.69 25.95 27.30 30.48 30.01 35.16 34.78 38.01 35.81 32.35 34.23 28.28 26.47 22.43 18.36 15.60 14.01 9.91 8.03 0.18 -2.27 2.07 0.13 -0.31 26.37 23.46 27.80 26.61 32.43 34.12 40.26 44.81 42.69 34.52 33.52 23.60 25.95 23.27 17.71 14.75 13.32 11.03 12.88 3.25 1.41 -0.37 -1.56 0.73 23.63 25.25 27.88 28.04 34.31 36.43 38.57 46.67 38.65 34.70 34.23 27.78 26.70 23.87 18.98 15.03 14.51 9.99 5.57 -0.52 -1.68 -2.75 4.12 -0.64 28.14 26.67 28.30 30.71 29.53 36.59 37.28 42.99 40.30 29.09 32.22 29.06 23.24 21.68 19.19 17.18 12.58 11.07 8.37 -0.95 0.99 -0.77 0.17 -1.74 24.60 28.69 29.13 29.10 40.08 33.98 36.89 43.57 41.25 29.10 27.84 23.58 26.75 20.02 18.40 16.01 12.99 13.45 7.22 0.61 -0.50 0.07 -2.77 -0.39 26.23 23.53 25.37 29.11 35.10 36.19 38.33 41.80 38.05 36.08 28.13 27.09 24.03 19.31 22.74 15.05 13.22 10.90 4.76 -0.71 -0.65 -0.16 -0.97 -0.24 27.95 25.17 26.13 24.49 31.31 36.55 38.82 44.66 36.90 29.37 32.54 24.06 20.99 19.78 19.96 14.82 10.11 9.70 8.33 1.55 -0.23 2.42 -0.57 0.81 23.40 24.92 26.89 32.01 34.14 37.25 45.42 38.31 37.68 28.46 29.96 26.74 25.52 24.56 18.34 13.68 10.98 6.37 0.13 0.72 -0.38 1.40 -1.39 0.17 22.56 23.49 28.07 34.57 36.40 40.58 37.82 39.92 43.16 32.26 28.97 32.27 25.47 23.60 18.92 17.09 10.38 10.53 -0.89 0.18 1.12 -0.26 0.37 -1.45 24.10 24.64 24.89 32.91 36.08 39.30 42.35 36.12 36.48 33.42 30.36 24.11 22.59 23.57 17.85 12.13 13.51 12.22 -1.06 2.47 -0.22 0.23 0.61 1.28 25.21 21.91 29.32 28.47 31.56 33.72 39.53 41.08 33.06 30.71 28.00 27.98 25.41 20.42 21.45 17.85 13.43 8.64 0.26 1.27 -0.52 0.54 -1.11 -2.67 28.32 29.69 27.09 26.49 29.44 32.94 41.81 39.84 36.00 33.14 30.43 25.71 24.01 20.06 18.51 14.16 9.97 9.69 -1.49 -1.93 3.26 -1.62 0.75 1.63 27.01 25.81 24.80 31.03 31.20 36.70 33.15 42.62 36.84 30.06 27.73 23.82 23.18 24.82 17.72 11.58 10.37 5.56 -0.33 -0.33 1.96 0.35 0.56 1.64 23.87 23.26 29.77 31.79 34.26 34.88 41.84 38.94 37.19 29.43 27.22 22.65 24.92 17.00 13.97 15.22 14.62 9.67 -0.02 0.82 0.09 -1.17 -0.81 -1.09 23.68 25.87 28.90 34.22 31.62 36.11 39.82 39.75 30.92 30.20 32.21 22.93 26.18 20.35 16.38 14.82 12.91 10.17 -2.35 -1.41 -0.81 1.85 1.47 0.70 23.97 25.84 24.18 26.71 33.79 35.44 43.49 39.90 35.74 29.11 26.48 23.54 24.50 20.57 17.09 15.67 13.73 7.03 -1.27 -0.52 -1.51 -0.25 0.89 -0.30 30.73 21.29 27.05 28.71 36.25 37.24 44.70 40.65 32.06 31.71 28.22 27.51 24.45 19.16 20.74 15.64 11.33 8.62 0.89 -3.02 0.47 -0.78 -0.81 1.39 23.76 23.57 27.33 29.03 32.08 42.79 31.09 40.89 32.29 27.32 23.70 21.78 20.88 21.52 15.95 14.81 12.97 7.25 -0.28 1.79 -1.26 1.75 1.01 -1.55 22.38 26.30 25.48 32.57 30.81 39.02 41.79 42.50 39.91 26.08 32.55 26.81 23.19 22.37 17.36 15.35 10.99 6.66 0.56 1.60 1.48 -2.27 -0.43 0.42 25.51 19.26 26.42 31.53 35.58 41.88 39.27 42.94 31.62 25.44 29.41 27.54 21.69 18.05 15.85 14.46 11.69 5.03 0.87 1.41 -1.52 -0.12 3.21 1.42 23.68 21.29 30.28 32.51 35.52 39.74 38.48 39.79 33.77 28.65 27.51 25.40 22.18 18.97 15.62 12.70 11.67 7.80 -0.15 -2.20 -1.73 -0.94 -0.81 -0.65 23.00 21.79 25.54 25.23 33.83 32.98 38.90 39.38 34.66 32.48 18.54 23.78 25.22 19.97 17.83 15.23 11.79 8.73 -0.49 2.08 -0.03 0.55 -2.17 -0.51 21.70 28.82 28.29 29.75 31.16 32.30 37.93 39.60 31.33 25.67 30.24 22.75 20.98 18.66 17.12 13.22 9.43 10.01 -0.15 -1.27 -1.36 2.52 -1.20 1.74 21.83 22.82 28.19 23.15 32.36 38.07 37.69 36.36 32.53 31.64 29.74 22.77 21.99 20.41 19.04 15.39 8.97 -3.51 0.26 0.09 -0.78 1.17 -1.38 -2.56 28.97 21.65 28.46 30.94 38.29 41.42 37.53 37.15 33.62 28.29 28.38 21.82 20.09 19.25 15.91 11.55 6.75 0.44 -0.64 2.19 -0.36 -0.96 -1.46 1.34 24.26 27.50 26.89 25.50 32.55 38.23 41.31 38.80 29.20 27.00 28.70 28.68 19.16 18.93 12.85 13.62 7.43 -0.77 -1.97 0.84 -3.55 0.03 1.19 0.53 26.10 23.95 25.79 32.74 30.64 34.37 37.70 40.37 41.74 27.82 22.76 26.32 21.88 22.38 13.14 11.64 7.69 0.51 -0.98 2.80 -0.78 -0.75 -0.97 -0.86 26.41 22.11 27.23 28.94 34.37 37.31 41.06 40.16 29.50 28.86 25.85 25.44 21.34 22.05 20.14 14.05 10.21 0.98 -0.11 -2.59 1.28 -2.35 -0.28 2.26 32.66 22.65 27.76 27.89 31.69 34.41 39.38 39.16 31.22 30.33 24.26 27.24 17.96 19.07 17.45 12.27 12.35 -2.38 -0.77 1.02 0.88 1.05 3.48 0.62 23.69 26.64 29.59 27.27 34.61 30.18 32.04 35.21 35.14 25.42 28.58 23.89 22.99 15.35 15.89 10.49 8.77 -0.83 -2.33 1.30 -1.40 -0.53 0.80 0.43 32.03 26.40 27.22 25.63 30.18 36.69 31.01 39.54 34.66 25.43 24.15 20.58 25.18 15.27 16.47 10.56 7.92 0.94 -1.00 1.04 1.50 2.03 0.91 -1.06 22.84 27.25 26.15 29.99 34.76 33.26 42.04 36.62 31.17 25.83 28.33 23.99 23.22 19.10 16.47 12.33 7.89 -1.92 2.13 0.75 -2.50 1.90 1.43 1.24 24.98 26.68 29.46 32.39 28.34 28.45 38.81 34.71 28.55 28.82 27.90 25.04 21.20 19.11 14.34 11.87 6.92 -0.00 0.50 0.50 0.23 0.53 -1.50 2.96 25.72 25.16 29.12 31.29 34.61 31.69 31.87 31.73 32.90 28.64 22.32 25.34 25.45 18.04 14.55 10.00 6.50 2.08 1.18 -0.72 1.67 1.77 -2.38 -1.93 23.10 24.55 26.93 28.67 32.53 34.62 40.93 36.56 27.39 22.34 22.64 18.21 17.38 14.67 13.75 10.58 5.09 0.51 0.82 0.10 2.00 0.57 -2.36 -3.28 22.49 27.90 29.78 32.69 35.01 32.03 34.49 29.30 35.05 28.11 24.67 17.37 10.02 19.01 15.27 8.81 7.42 -2.64 0.87 0.44 -0.60 0.24 2.66 -1.57 21.52 31.77 29.53 29.00 28.36 34.85 41.05 29.82 32.90 24.50 25.35 13.63 8.76 1.56 14.14 8.71 7.17 -1.91 -0.52 1.06 1.16 -0.14 -1.34 -1.96 28.07 28.35 31.77 32.21 33.10 36.84 38.36 35.98 31.41 23.45 23.46 17.92 10.82 -0.83 2.26 10.47 7.46 -2.44 -0.10 1.14 0.88 0.66 0.75 -1.30 31.61 24.42 36.67 28.47 30.18 27.47 37.43 34.05 29.44 24.46 25.60 17.39 9.64 -0.82 -1.16 10.95 7.25 0.14 1.03 0.62 2.55 0.33 -2.28 1.11 26.19 27.46 32.48 28.55 29.29 31.64 36.09 33.04 31.14 22.77 17.71 13.61 9.14 0.29 0.16 -1.55 5.01 0.39 -0.84 -1.51 1.93 -0.31 1.28 2.00 28.56 24.81 29.18 29.85 37.59 34.02 36.77 27.99 28.65 27.02 20.03 16.35 8.85 1.36 -2.45 -0.34 1.86 2.52 1.27 -3.49 -2.48 -0.21 0.65 -0.21 26.18 26.32 26.88 31.49 28.65 35.64 36.53 37.56 27.20 18.96 21.22 11.98 7.49 2.13 0.23 -0.15 0.79 0.15 -1.54 0.48 -1.72 1.80 -2.14 0.98 26.12 24.73 29.77 31.89 28.64 33.91 39.13 33.95 30.75 24.25 18.91 12.50 10.29 -1.24 -2.72 1.07 -1.44 -0.47 -2.69 -1.05 1.84 0.85 -3.36 -2.88 30.18 27.59 30.44 29.33 30.16 32.70 38.22 31.54 27.66 28.15 18.91 13.81 8.56 -1.57 -2.13 0.57 -0.21 2.17 -0.01 2.78 0.07 2.59 -0.50 -1.46 26.24 26.88 31.70 28.30 26.77 29.30 41.66 31.21 31.93 23.66 18.76 12.60 9.20 -0.30 2.66 2.63 0.99 -1.88 -4.45 2.10 0.29 0.47 -0.24 -1.49 26.73 29.14 27.04 32.30 30.83 33.91 40.01 32.68 26.57 25.32 21.34 10.66 8.51 -0.37 2.02 -1.47 -1.59 -1.03 -0.06 0.19 0.04 1.75 -1.39 0.52 22.58 24.27 27.72 27.19 34.72 35.31 41.45 35.65 29.77 21.52 18.52 12.16 9.75 -1.90 -1.04 3.01 1.25 0.84 -1.39 -0.20 2.02 -0.48 -2.16 0.27 24.37 28.66 25.29 25.41 33.09 31.09 35.87 33.64 28.43 24.06 21.62 13.04 6.29 -0.21 1.13 0.58 -0.23 -0.43 2.31 -0.94 0.87 -3.86 1.81 -0.04 26.00 28.81 25.56 29.19 28.78 30.45 42.88 32.20 31.97 25.32 17.21 11.73 7.44 1.11 -2.19 1.38 0.07 -1.00 0.95 -2.63 -0.22 -2.86 0.74 -1.33 32.04 26.75 29.29 29.05 33.44 33.68 39.04 24.42 33.25 24.85 22.69 10.37 9.01 -1.04 2.48 -1.47 -0.03 1.11 -0.14 0.41 0.33 0.35 -0.80 -0.41 26.94 25.52 26.45 31.67 33.59 32.92 39.00 33.03 33.10 23.33 15.86 12.53 7.23 1.80 -0.43 -0.64 -0.42 -1.59 0.16 -2.10 -0.84 0.76 0.44 0.80 0.00 27.01 29.79 36.33 28.65 29.30 41.70 41.54 27.16 23.35 18.10 11.22 -1.04 0.73 -1.65 -0.23 -1.54 1.20 -1.02 -1.85 1.27 -0.61 2.37 -1.88 0.00 0.00 0.00 0.00 0.00 29.87 36.59 33.95 30.54 23.92 15.86 11.56 0.15 -0.01 1.54 1.05 -1.55 -0.96 -1.87 -2.14 1.28 1.86 1.86 -0.41 0.00 0.00 0.00 0.00 0.00 0.00 0.00 29.88 31.62 21.58 18.20 9.37 -2.20 -0.06 2.22 -0.49 2.35 1.71 0.43 -0.10 -0.17 1.81 1.13 -1.81 0.00 0.00 0.00 0.00 0.00 0.00 0.00 0.00 31.80 19.80 13.91 12.88 -1.89 2.96 -0.50 -0.11 -2.61 0.86 -0.36 2.38 1.48 2.13 -1.36 -0.32 0.00 0.00 0.00 0.00 0.00 0.00 0.00 0.00 0.00 21.31 21.78 11.48 0.67 -0.79 3.00 -0.57 -3.34 -0.40 -0.08 -2.20 -1.27 -1.40 -1.23 -0.87 0.00 0.00 0.00 0.00 0.00 0.00 0.00 0.00 0.00 0.00 17.81 9.34 -2.04 1.12 2.39 -1.18 1.46 0.89 -0.32 -0.62 0.68 1.32 -0.75 -0.39 0.00 0.00 0.00 0.00 0.00 0.00 0.00 0.00 0.00 0.00 0.00 11.40 -0.29 1.05 2.15 2.17 1.88 0.79 2.52 0.13 -0.60 0.75 -1.43 -1.41 0.00 0.00 0.00 0.00 0.00 0.00 0.00 0.00 0.00 0.00 0.00 0.00 -1.15 -6.31 -0.55 2.25 -1.26 0.44 -1.71 -1.86 0.68 -1.79 -0.07 -0.57 0.00 0.00 0.00 0.00 0.00 0.00 0.00 0.00 0.00 0.00 0.00 0.00 0.00 0.11 -2.59 3.25 1.07 -0.09 -1.24 0.64 -0.54 -1.06 -1.64 -2.64 0.00 0.00 0.00 0.00 0.00 0.00 0.00 0.00 0.00 0.00 0.00 0.00 0.00 -0.30 -3.24 2.06 -3.29 1.63 0.96 1.41 -0.02 -0.98 1.67 -1.25 0.00 0.00 0.00 0.00 0.00 0.00 0.00 0.00 0.00 0.00 0.00 0.00 0.00 0.00 0.61 0.27 0.40 -0.82 -1.10 0.35 -0.72 -1.14 -2.39 -1.15 0.00 0.00 0.00 0.00 0.00 0.00 0.00 0.00 0.00 0.00 0.00 0.00 0.00 0.00 0.00 0.37 -0.79 0.02 -2.00 -0.16 1.32 0.92 -2.62 1.99 0.00 0.00 0.00 0.00 0.00 0.00 0.00 0.00 0.00 0.00 0.00 0.00 0.00 0.00 0.00 0.75 -2.07 0.71 -0.94 1.36 -0.60 -1.07 1.94 -0.78 0.00 0.00 0.00 0.00 0.00 0.00 0.00 0.00 0.00 0.00 0.00 0.00 0.00 0.00 0.00 0.00 -0.25 -1.56 0.85 1.88 -1.29 1.00 -0.13 3.05 0.00 0.00 0.00 0.00 0.00 0.00 0.00 0.00 0.00 0.00 0.00 0.00 0.00 0.00 0.00 0.00 0.00 -3.72 -0.17 0.73 -0.73 -1.28 2.07 -1.43 0.00 0.00 0.00 0.00 0.00 0.00 0.00 0.00 0.00 0.00 0.00 0.00 0.00 0.00 0.00 0.00 0.00 0.63 -0.93 -1.66 -0.09 0.51 1.19 -1.73 0.00 0.00 0.00 0.00 0.00 0.00 0.00 0.00 0.00 0.00 0.00 0.00 0.00 0.00 0.00 0.00 0.00 0.00 1.79 1.42 0.79 2.95 -0.33 1.69 0.00 0.00 0.00 0.00 0.00 0.00 0.00 0.00 0.00 0.00 0.00 0.00 0.00 0.00 0.00 0.00 0.00 0.00 0.14 1.36 1.80 1.09 -1.37 0.24 0.00 0.00 0.00 0.00 0.00 0.00 0.00 0.00 0.00 0.00 0.00 0.00 0.00 0.00 0.00 0.00 0.00 0.00 0.00 0.62 0.45 0.23 0.56 1.20 0.00 0.00 0.00 0.00 0.00 0.00 0.00 0.00 0.00 0.00 0.00 0.00 0.00 0.00 0.00 0.00 0.00 0.00 0.00 -1.97 0.69 1.38 1.05 -0.15 0.00 0.00 0.00 0.00 0.00 0.00 0.00 0.00 0.00 0.00 0.00 0.00 0.00 0.00 0.00 0.00 0.00 0.00 0.00 0.00 0.39 -0.16 -2.10 -0.17 0.00 0.00 0.00 0.00 0.00 0.00 0.00 0.00 0.00 0.00 0.00 0.00 0.00 0.00 0.00 0.00 0.00 0.00 0.00 0.00 -2.83 1.20 2.04 -0.26 0.00 0.00 0.00 0.00 0.00 0.00 0.00 0.00 0.00 0.00 0.00 0.00 0.00 0.00 0.00 0.00 0.00 0.00 0.00 0.00 0.00 1.39 -1.87 0.80 0.00 0.00 0.00 0.00 0.00 0.00 0.00 0.00 0.00 0.00 0.00 0.00 0.00 0.00 0.00 0.00 0.00 0.00 0.00 0.00 0.00 1.32 -0.55 -0.86 0.00 0.00 0.00 0.00 0.00 0.00 0.00 0.00 0.00 0.00 0.00 0.00 0.00 0.00 0.00 0.00 0.00 0.00 0.00 0.00 0.00 0.21 -0.92 -0.68 0.00 0.00 0.00 0.00 0.00 0.00 0.00 0.00 0.00 0.00 0.00 0.00 0.00 0.00 0.00 0.00 0.00 0.00 0.00 0.00 0.00 0.00 2.71 1.53 0.00 0.00 0.00 0.00 0.00 0.00 0.00 0.00 0.00 0.00 0.00 0.00 0.00 0.00 0.00 0.00 0.00 0.00 0.00 0.00 0.00 0.00 -0.58 -2.08 0.00 0.00 0.00 0.00 0.00 0.00 0.00 0.00 0.00 0.00 0.00 0.00 0.00 0.00 0.00 0.00 0.00 0.00 0.00 0.00 0.00 0.00 0.00 -1.92 0.00 0.00 0.00 0.00 0.00 0.00 0.00 0.00 0.00 0.00 0.00 0.00 0.00 0.00 0.00 0.00 0.00 0.00 0.00 0.00 0.00 0.00 0.00 0.44 0.00 0.00 0.00 0.00 0.00 0.00 0.00 0.00 0.00 0.00 0.00 0.00 0.00 0.00 0.00 0.00 0.00 0.00 0.00 0.00 0.00 0.00 0.00 -0.39 0.00 0.00 0.00 0.00 0.00 0.00 0.00 0.00 0.00 0.00 0.00 0.00 0.00 0.00 0.00 0.00 0.00 0.00 0.00 0.00 0.00 0.00 0.00 0.00 0.00 0.00 0.00 0.00 0.00 0.00 0.00 0.00 0.00 0.00 0.00 0.00 0.00 0.00 0.00 0.00 0.00 0.00 0.00 0.00 0.00 0.00 0.00 0.00 0.00 0.00 0.00 0.00 0.00 0.00 0.00 0.00 0.00 0.00 0.00 0.00 0.00 0.00 0.00 0.00 0.00 0.00 0.00 0.00 0.00 0.00 0.00 0.00 0.00 0.00 0.00 0.00 0.00 0.00 0.00 0.00 0.00 0.00 0.00 0.00 0.00 0.00 0.00 0.00 0.00 0.00 0.00 0.00 0.00 0.00 0.00 0.00 0.00 0.00 0.00 0.00 0.00 0.00 0.00 0.00 0.00 0.00 0.00 0.00 0.00 0.00 0.00 0.00 0.00 0.00 0.00 0.00 0.00 0.00 0.00 0.00 0.00 0.00 0.00 0.00 0.00 0.00 0.00 0.00 0.00 0.00 0.00 0.00 0.00 0.00 0.00 0.00 0.00 0.00 0.00 0.00 0.00 0.00 0.00 0.00 0.00 0.00 0.00 0.00 0.00 0.00 0.00 0.00 0.00 0.00 0.00 0.00 0.00 0.00 0.00 0.00 0.00 0.00 0.00 0.00 0.00 0.00 0.00 0.00 0.00 0.00 0.00 0.00 0.00 0.00 0.00 0.00 0.00 0.00 0.00 0.00 0.00 0.00 0.00 0.00 0.00 0.00 0.00 0.00 0.00 0.00 0.00 0.00 0.00 0.00 0.00 0.00 0.00 0.00 0.00 0.00 0.00 0.00 0.00 0.00 0.00 0.00 0.00 0.00 0.00 0.00 0.00 0.00 0.00 0.00 0.00 0.00 0.00 0.00 0.00 0.00 0.00 0.00 0.00 0.00 0.00 0.00 0.00 0.00 0.00 0.00 0.00 0.00 0.00 0.00 0.00 0.00 0.00 0.00 0.00 0.00 0.00 0.00 0.00 0.00 0.00 0.00 0.00 0.00 0.00 0.00 0.00 0.00 0.00 0.00 0.00 0.00 0.00 0.00 0.00 0.00 0.00 0.00 0.00 0.00 0.00 0.00 0.00 0.00 0.00 0.00 0.00 0.00 0.00 0.00 0.00 0.00 0.00 0.00 0.00 0.00 0.00 0.00 0.00 0.00 0.00 0.00 0.00 0.00 0.00 0.00 0.00 0.00 0.00 0.00 0.00 0.00 0.00 0.00 0.00 0.00 0.00 0.00 0.00 0.00 0.00 0.00 0.00 0.00 0.00 0.00 0.00 0.00 0.00 0.00 0.00 0.00 0.00 0.00 0.00 0.00 0.00 0.00 0.00 0.00 0.00 0.00 0.00 0.00 0.00 0.00 0.00 0.00 0.00 0.00 0.00 0.00 0.00 0.00 0.00 0.00 0.00 0.00 0.00 0.00 0.00 0.00 0.00 0.00 0.00 0.00 0.00 0.00 0.00 0.00 0.00 0.00 0.00 0.00 0.00 0.00 0.00 0.00 0.00 0.00 0.00 0.00 0.00 0.00 0.00 0.00 0.00 0.00 0.00 0.00 0.00 0.00 0.00 0.00 0.00 0.00 0.00 0.00 0.00 0.00 0.00 0.00 0.00 0.00 0.00 0.00 0.00 0.00 0.00 0.00 0.00 0.00 0.00 0.00 0.00 0.00 0.00 0.00 0.00 0.00 0.00 0.00 0.00 0.00 0.00 0.00 0.00 0.00 0.00 0.00 0.00 0.00 0.00 0.00 0.00 0.00 0.00 0.00 0.00 0.00 0.00 0.00 0.00 0.00 0.00 0.00 0.00 0.00 0.00 0.00 0.00 0.00 0.00 0.00 0.00 0.00 0.00 0.00 0.00 0.00 0.00 0.00 0.00 0.00 0.00 0.00 0.00 0.00 0.00 0.00 0.00 0.00 0.00 0.00 0.00 0.00 0.00 0.00 0.00 0.00 0.00 0.00 0.00 0.00 0.00 0.00 0.00 0.00 0.00 0.00 0.00 0.00 0.00 0.00 0.00 0.00 0.00 0.00 0.00 0.00 0.00 0.00 0.00 0.00 0.00 0.00 0.00 0.00 0.00 0.00 0.00 0.00 0.00 0.00 0.00 0.00 0.00 0.00 0.00 0.00 0.00 0.00 0.00 0.00 0.00 0.00 0.00 0.00 0.00 0.00 0.00 0.00 0.00 0.00 0.00 0.00 0.00 0.00 0.00 0.00 0.00 0.00 0.00 0.00 0.00 0.00 0.00 0.00 0.00 0.00 0.00 0.00 0.00 0.00 0.00 0.00 0.00 0.00 0.00 0.00 0.00 0.00 0.00 0.00 0.00 0.00 0.00 0.00 0.00 0.00 0.00 0.00 0.00 0.00 0.00 0.00 0.00 0.00 0.00 0.00 0.00 0.00 0.00 0.00 0.00 0.00 0.00 0.00 0.00 0.00 0.00 0.00 0.00 0.00 0.00 0.00 0.00 0.00 0.00 0.00 0.00 0.00 0.00 0.00 0.00 0.00 0.00 0.00 0.00 0.00 0.00 0.00 0.00 0.00 0.00 0.00 0.00 0.00 0.00 0.00 0.00 0.00 0.00 0.00 0.00 0.00 0.00 0.00 0.00 0.00 0.00 0.00 0.00 0.00 0.00 0.00 0.00 0.00 0.00 0.00 0.00 0.00 0.00 0.00 0.00 0.00 0.00 0.00 0.00 0.00 0.00 0.00 0.00 0.00 0.00 0.00 0.00 0.00 0.00 0.00 0.00 0.00 0.00 0.00 0.00 0.00 0.00 0.00 0.00 0.00 0.00 0.00 0.00 0.00 0.00 0.00 0.00 0.00 0.00 0.00 0.00 0.00 0.00 0.00 0.00 0.00 0.00 0.00 0.00 0.00 0.00 0.00 0.00 0.00 0.00 0.00 0.00 0.00 0.00 0.00 0.00 0.00 0.00 0.00 0.00 0.00 0.00 0.00 0.00 0.00 0.00 0.00 0.00 0.00 0.00 0.00 0.00 0.00 0.00 0.00 0.00 0.00 0.00 0.00 0.00 0.00 0.00 0.00 0.00 0.00 0.00 0.00 0.00 0.00 0.00 0.00 0.00 0.00 0.00 0.00 0.00 0.00 0.00 0.00 0.00 0.00 0.00 0.00 0.00 0.00 0.00 0.00 0.00 0.00 0.00 0.00 0.00 0.00 0.00 0.00 0.00 0.00 0.00 0.00 0.00 0.00 0.00 0.00 0.00 0.00 0.00 0.00 0.00 0.00 0.00 0.00 0.00 0.00 0.00 0.00 0.00 0.00 0.00 0.00 0.00 0.00 0.00 0.00 0.00 0.00 0.00 0.00 0.00 0.00 0.00 0.00 0.00 0.00 0.00 0.00 0.00 0.00 0.00 0.00 0.00 0.00 0.00 0.00 0.00 0.00 0.00 0.00 0.00 0.00 0.00 0.00 0.00 0.00 0.00 0.00 0.00 0.00 0.00 0.00 0.00 0.00 0.00 0.00 0.00 0.00 0.00 0.00 0.00 0.00 0.00 0.00 0.00 0.00 0.00 0.00 0.00 0.00 0.00 0.00 0.00 0.00 0.00 0.00 0.00 0.00 0.00 0.00 0.00 0.00 0.00 0.00 0.00 0.00 0.00 0.00 0.00 0.00 0.00 0.00 0.00 0.00 0.00 0.00 0.00 0.00 0.00 0.00 0.00 0.00 0.00 0.00 0.00 0.00 0.00 0.00 0.00 0.00 0.00 0.00 0.00 0.00 0.00 0.00 0.00 0.00 0.00 0.00 0.00 0.00 0.00 0.00 0.00 0.00 0.00 0.00 0.00 0.00 0.00 0.00 0.00 0.00 0.00 0.00 0.00 0.00 0.00 0.00 0.00 0.00 0.00 0.00 0.00 0.00 0.00 0.00 0.00 0.00 0.00 0.00 0.00 0.00 0.00 0.00 0.00 0.00 0.00 0.00 0.00 0.00 0.00 0.00 0.00 0.00 0.00 0.00 0.00 0.00 0.00 0.00 0.00 0.00 0.00 0.00 0.00 0.00 0.00 0.00 0.00 0.00 0.00 0.00 0.00 0.00 0.00 0.00 0.00 0.00 0.00 0.00 0.00 0.00 0.00 0.00 0.00 0.00 0.00 0.00 0.00 0.00 0.00 0.00 0.00 0.00 0.00 0.00 0.00 0.00 0.00 0.00 0.00 0.00 0.00 0.00 0.00 0.00 0.00 0.00 0.00 0.00 0.00 0.00 0.00 0.00 0.00 0.00
rain_type.data=0 0 0 0 0 0 0 0 0 0 0 0 0 0 0 0 0 0 0 0 0 0 0 0 1 1 1 1 0 0 0 0 0 0 0 0 0 0 0 0 0 0 0 0 0 0 0 0 1 1 1 1 1 1 1 1 0 0 0 0 0 0 0 0 0 0 0 0 0 0 0 0 1 1 1 1 1 1 1 1 1 1 0 0 0 0 0 0 0 0 0 0 0 0 0 0 1 1 1 1 1 1 1 1 1 1 1 1 0 0 0 0 0 0 0 0 0 0 0 0 1 1 1 1 1 1 1 1 1 1 1 1 1 1 0 0 0 0 0 0 0 0 0 0 1 1 1 1 1 1 1 1 1 1 1 1 1 1 1 0 0 0 0 0 0 0 0 0 1 1 1 1 1 1 1 1 1 1 1 1 1 1 1 1 0 0 0 0 0 0 0 0 1 1 1 1 1 1 1 1 1 1 1 1 1 1 1 1 1 1 0 0 0 0 0 0 1 1 1 1 1 1 1 1 1 1 1 1 1 1 1 1 1 1 1 0 0 0 0 0 1 1 1 1 1 1 1 1 1 1 1 1 1 1 1 1 1 1 1 1 0 0 0 0 1 1 1 1 1 1 1 1 1 1 1 1 1 1 1 1 1 1 1 1 1 0 0 0 1 1 1 1 1 1 1 1 1 1 1 1 1 1 1 1 1 1 1 1 1 1 0 0 1 1 1 1 1 1 1 1 1 1 1 1 1 1 1 1 1 1 1 1 1 1 0 0 1 1 1 1 1 1 1 1 1 1 1 1 1 1 1 1 1 1 1 1 1 1 1 0 1 1 1 1 1 1 1 1 1 1 1 1 1 1 1 1 1 1 1 1 1 1 1 1 1 1 1 1 1 1 1 1 1 1 1 1 1 1 1 1 1 1 1 1 1 1 1 1 1 1 1 1 1 1 1 1 1 1 1 1 1 1 1 1 1 1 1 1 1 1 1 1 1 1 1 1 1 1 1 1 1 1 1 1 1 1 1 1 1 1 1 1 1 1 1 1 1 1 1 1 1 1 1 1 1 1 1 1 1 1 1 1 1 1 1 1 1 1 1 1 1 1 1 1 1 1 1 1 1 1 1 1 1 1 1 1 1 1 1 1 1 1 1 1 1 1 1 1 1 1 1 1 1 1 1 1 1 1 1 1 1 1 1 1 1 1 1 1 1 1 1 1 1 1 1 1 1 1 1 1 1 1 1 1 1 1 1 1 1 1 1 1 1 1 1 1 1 1 1 1 1 1 1 1 1 1 1 1 1 1 1 1 1 1 1 1 1 1 1 1 1 1 1 1 1 1 1 1 1 1 1 1 1 1 1 1 1 1 1 1 1 1 1 1 1 1 1 1 1 1 1 1 1 1 1 1 1 1 1 1 1 1 1 1 1 1 1 1 1 1 1 1 1 1 1 1 1 1 1 1 1 1 1 1 1 1 1 1 1 1 1 1 1 1 1 1 1 1 1 1 1 1 1 1 1 1 1 1 1 1 1 1 1 1 1 1 1 1 1 1 1 1 1 1 1 1 1 1 1 1 1 1 1 1 1 1 1 1 1 1 1 1 1 1 1 1 1 1 1 1 1 1 1 1 1 1 1 1 1 1 1 1 1 1 1 1 1 1 1 1 1 1 1 1 1 1 1 1 1 1 1 1 1 1 1 1 1 1 1 1 1 1 1 1 1 1 1 1 1 1 1 1 1 1 1 1 1 1 1 1 1 1 1 1 1 1 1 1 1 1 1 1 1 1 1 1 1 1 1 1 1 1 1 1 1 1 1 1 1 1 1 1 1 1 1 1 1 1 1 1 1 1 1 1 1 1 1 1 1 1 1 1 1 1 1 1 1 1 1 1 1 1 1 1 1 1 1 1 1 1 1 1 1 1 1 1 1 1 1 1 1 1 1 1 1 1 1 1 1 1 1 1 1 1 1 1 1 1 1 1 1 1 1 1 1 1 1 1 1 1 1 1 1 1 1 1 1 1 1 1 1 1 1 1 1 1 1 1 1 1 1 1 1 1 1 1 1 1 1 1 1 1 1 1 1 1 1 1 1 1 1 1 1 1 1 1 1 1 1 1 1 1 1 1 1 1 1 1 1 1 1 1 1 1 1 1 1 1 1 1 1 1 1 1 1 1 1 1 1 1 1 1 1 1 1 1 1 1 1 1 1 1 1 1 1 1 1 1 1 1 1 1 1 1 1 1 1 1 1 1 1 1 1 1 1 1 1 1 1 1 1 1 1 1 1 1 1 1 1 1 1 1 1 1 1 1 1 1 1 1 1 1 1 1 1 1 1 1 1 1 1 1 1 1 1 1 1 1 1 1 1 1 1 1 1 1 1 1 1 1 1 1 1 1 1 1 1 1 1 1 1 1 1 1 1 1 1 1 1 1 1 1 1 1 1 1 1 1 1 1 1 1 1 1 1 1 1 1 1 1 1 1 1 1 1 1 1 1 1 1 1 1 1 1 1 1 1 1 1 1 1 1 1 1 1 1 1 1 1 1 1 1 1 1 1 1 1 1 1 1 1 1 1 1 1 1 1 1 1 1 1 1 1 1 1 1 1 1 1 1 1 1 1 1 1 1 1 1 1 1 1 1 1 1 1 1 1 1 1 1 1 1 1 1 1 1 1 1 1 1 1 1 1 1 1 1 1 1 1 1 1 1 1 1 1 1 1 1 1 1 1 1 1 1 1 1 1 1 1 1 1 1 1 1 1 1 1 1 1 1 1 1 1 1 1 1 1 1 1 1 1 1 1 1 1 1 1 1 1 1 1 1 1 1 1 1 1 1 1 1 1 1 1 1 1 1 1 1 1 1 1 1 1 1 1 1 1 1 1 1 1 1 2 2 2 2 2 2 1 1 1 1 1 1 1 1 1 1 1 1 1 1 1 1 1 1 2 2 2 2 2 2 2 2 1 1 1 1 1 1 1 1 1 1 1 1 1 1 1 1 2 2 2 2 2 2 2 2 2 2 1 1 1 1 1 1 1 1 1 1 1 1 1 1 2 2 2 2 2 2 2 2 2 2 2 1 1 1 1 1 1 1 1 1 1 1 1 1 2 2 2 2 2 2 2 2 2 2 2 2 2 1 1 1 1 1 1 1 1 1 1 1 2 2 2 2 2 2 2 2 2 2 2 2 2 2 1 1 1 1 1 1 1 1 1 1 2 2 2 2 2 2 2 2 2 2 2 2 2 2 2 1 1 1 1 1 1 1 1 1 2 2 2 2 2 2 2 2 2 2 2 2 2 2 2 2 1 1 1 1 1 1 1 1 2 2 2 2 2 2 2 2 2 2 2 2 2 2 2 2 2 1 1 1 1 1 1 1 2 2 2 2 2 2 2 2 2 2 2 2 2 2 2 2 2 2 1 1 1 1 1 1 2 2 2 2 2 2 2 2 2 2 2 2 2 2 2 2 2 2 1 1 1 1 1 1 2 2 2 2 2 2 2 2 2 2 2 2 2 2 2 2 2 2 2 1 1 1 1 1 2 2 2 2 2 2 2 2 2 2 2 2 2 2 2 2 2 2 2 2 1 1 1 1 2 2 2 2 2 2 2 2 2 2 2 2 2 2 2 2 2 2 2 2 2 1 1 1 2 2 2 2 2 2 2 2 2 2 2 2 2 2 2 2 2 2 2 2 2 1 1 1 2 2 2 2 2 2 2 2 2 2 2 2 2 2 2 2 2 2 2 2 2 2 1 1 2 2 2 2 2 2 2 2 2 2 2 2 2 2 2 2 2 2 2 2 2 2 2 1 2 2 2 2 2 2 2 2 2 2 2 2 2 2 2 2 2 2 2 2 2 2 2 1 2 2 2 2 2 2 2 2 2 2 2 2 2 2 2 2 2 2 2 2 2 2 2 2 2 2 2 2 2 2 2 2 2 2 2 2 2 2 2 2 2 2 2 2 2 2 2 2 2 2 2 2 2 2 2 2 2 2 2 2 2 2 2 2 2 2 2 2 2 2 2 2 2 2 2 2 2 2 2 2 2 2 2 2 2 2 2 2 2 2 2 2 2 2 2 2 2 2 2 2 2 2 2 2 2 2 2 2 2 2 2 2 2 2 2 2 2 2 2 2 2 2 2 2 2 2 2 2 2 2 2 2 2 2 2 2 2 2 2 2 2 2 2 2 2 2 2 2 2 2 2 2 2 2 2 2 2 2 2 2 2 2 2 2 2 2 2 2 2 2 2 2 2 2 2 2 2 2 2 2 2 2 2 2 2 2 2 2 2 2 2 2 2 2 2 2 2 2 2 2 2 2 2 2 2 2 2 2 2 2 2 2 2 2 2 2 2 2 2 2 2 2 2 2 2 2 2 2 2 2 2 2 2 2 2 2 2 2 2 2 2 2 2 2 2 2 2 2 2 2 2 2 2 2 2 2 2 2 2 2 2 2 2 2 2 2 2 2 2 2 2 2 2 2 2 2 2 2 2 2 2 2 2 2 2 2 2 2 2 2 2 2 2 2 2 2 2 2 2 2 2 2 2 2 2 2 2 2 2 2 2 2 2 2 2 2 2 2 2 2 2 2 2 2 2 2 2 2 2 2 2 2 2 2 2 2 2 2 2 2 2 2 2 2 2 2 2 2 2 2 2 2 2 2 2 2 2 2 2 2 2 2 2 2 2 2 2 2 2 2 2 2 2 2 2 2 2 2 2 2 2 2 2 2 2 2 2 2 2 2 2 2 2 2 2 2 2 2 2 2 2 2 2 2 2 2 2 2 2 2 2 2 2 2 2 2 2 2 2 2 2 2 2 2 2 2 2 2 2 2 2 2 2 2 2 2 2 2 2 2 2 2 2 2 2 2 2 2 2 2 2 2 2 2 2 2 2 2 2 2 2 2 2 2 2 2 2 2 2 2 2 2 2 2 2 2 2 2 2 2 2 2 2 2 2 2 2 2 2 2 2 2 2 2 2 2 2 2 2 2 2 2 2 2 2 2 2 2 2 2 2 2 2 2 2 2 2 2 2 2 2 2 2 2 2 2 2 2 2 2 2 2 2 2 2 2 2 2 2 2 2 2 2 2 2 2 2 2 2 2 2 2 2 2 2 2 2 2 2 2 2 2 2 2 2 2 2 2 2 2 2 2 2 2 2 2 2 2 2 2 2 2 2 2 2 2 2 2 2 2 2 2 2 2 2 2 2 2 2 2 2 2 2 2 2 2 2 2 2 2 2 2 2 2 2 2 2 2 2 2 2 2 2 2 2 2 2 2 2 2 2 2 2 2 2 2 2 2 2 2 2 2 2 2 2 2 2 2 2 2 2 2 2 2 2 2 2 2 2 2 2 2 2 2 2 2 2 2 2 2 2 2 2 2 2 2 2 2 2 2 2 2 2 2 2 2 2 2 2 2 2 2 2 2 2 2 2 2 2 2 2 2 2 2 2 2 2 2 2 2 2 2 2 2 2 2 2 2 2 2 2 2 2 2 2 2 2 2 2 2 2 2 2 2 2 2 2 2 2 2 2 2 2 2 2 2 2 2 2 2 2 2 2 2 2 2 2 2 2 2 2 2 2 2 2 2 2 2 2 2 2 2 2 2 2 2 2 2 2 2 2 2 2 2 2 2 2 2 2 2 2 2 2 2 2 2 2 2 2 2 2 2 2 2 2 2 2 2 2 2 2 2 2 2 2 2 2 2 2 2 2 2 2 2 2 2 2 2 2 2 2 2 2 2 2 2 2 2 2 2 2 2 2 2 2 2 2 2 2 2 2 2 2 2 2 2 2 2 2 2 2 2 2 2 2 2 2 2 2 2 2 2 2 2 2 2 2 2 2 2 2 2 2 2 2 2 2 2 2 2 2 2 2 2 2 2 2 2 2 2 2 2 2 2 2 2 2 2 2 2 2 2 2 2 2 2 2 2 2 2 2 2 2 2 2 2 2 2 2 2 2 2 2 2 2 2 2 2 2 2 2 2 2 2 2 2 2 2 2 2 2 2 2 2 2 2 2 2 2 2 2 2 2 2 2 2 2 2 2 2 2 2 2 2 2 2 2 2 2 2 2 2 2 2 2 2 2 2 2 2 2 2 2 2 2 2 2 2 2 2 2 2 2 2 2 2 2 2 2 2 2 2 2 2 2 2 2 2 2 2 2 2 2 2 2 2 2 2 2 2 2 2 2 2 2 2 2 2 2 2 2 2 2 2 2 2 2 2 2 2 2 2 2 2 2 2 2 2 2 2 2 2 2 2 2 2 2 2 2 2 2 2 2 2 2 2 2 2 2 2 2 2 2 2 2 2 2 2 2 2 2 2 2 2 2 2 2 2 2 2 2 2 2 2 2 2 2 2 2 2 2 2 2 2 2 2 2 2 2 2 2 2 2 2 2 2 2 2 2 2 2 2 2 2 2 2 2 2 2 2 2 2 2 2 2 2 2 2 2 2 2 2 2 2 2 2 2 2 2 2 2 2 2 2 2 2 2 2 2 2 2 2 2 2 2 2 2 2 2 2 2 2 2 2 2 2 2 2 2 2 2 2 2 2 2 2 2 2 2 2 2 2 2 2 2 2 2 2 2 2 2 2 2 2 2 2 2 2 2 2 2 2 2 2 2 2 2 2 2 2 2 2 2 2 2 2 2 2 2 2 2 2 2 2 2 2 2 2 2 2 2 2 2 2 2 2 2 2 2 2 2 2 2 2 2 2 2 2 2 2 2 2 2 2 2 2 2 2 2 2 2 2 2 2 2 2 2 2 2 2 2 2 2 2 2 2 2 2 2 2 2 2 2 2 2 2 2 2 2 2 2 2 2 2 2 2 2 2 2 2 2 2 2 2 2 2 2 2 2 2 2 2 2 2 2 2 2 2 2 2 2 2 2 2 2 2 2 2 2 2 2 2 2 2 2 2 2 2 2 2 2 2 2 2 2 2 2 2 2 2 2 2 2 2 2 2 2 2 2 2 2 2 2 2 2 2 2 2 2 2 2 2 2 2 2 2 2 2 2 2 2 2 2 2 2 2 2 2 2 2 2 2 2 2 2 2 2 2 2 2 2 2 2 2 2 2 2 2 2 2 2 2 2 2 2 2 2 2 2 2 2 2 2 2 2 2 2 2 2 2 2 2 2 2 2 2 2 2 2 2 2 2 2 2 2 2 2 2 2 2 2 2 2 2 2 2 2 2 2 2 2 2 2 2 2 2 2 2 2 2 2 2 2 2 2 2 2 2 2 2 2 2 2 2 2 2 2 2 2 2 2 2 2 2 2 2 2 2 2 2 2 2 2 2 2 2 2 2 2 2 2 2 2 2 2 2 2 2 2 2 2 2 2 2 2 2 2 2 2 2 2 2 2 2 2 2 2 2 2 2 2 2 2 2 2 2 2 2 2 2 2 2 2 2 2 2 2 2 2 2 2 2 2 2 2 2 2 2 2 2 2 2 2 2 2 2 2 2 2 2 2 2 2 2 2 2 2 2 2 2 2 2 2 2 2 2 2 2 2 2 2 2 2 2 2 2 2 2 2 2 2 2 2 2 2 2 2 2 2 2 2 2 2 2 2 2 2 2 2 2 2 2 2 2 2 2 2 2 2 2 2 2 2 2 2 2 2 2 2 2 2 2 2 2 2 2 2 2 2 2 2 2 2 2 2 2 2 2 2 2 2 2 2 2 2 2 2 2 2 2 2 2 2 2 2 2 2 2 2 2 2 2 2 2 2 2 2 2 2 2 2 2 2 2 2 2 2 2 2 2 2 2 2 2 2 2 2 2 2 2 2 2 2 2 2 2 2 2 2 2 2 2 2 2 2 2 2 2 2 2 2 2 2 2 2 2 2 2 2 2 2 2 2 2 2 2 2 2 2 2 2 2 2 2 2 2 2 2 2 2 2 2 2 2 2 2 2 2 2 2 2 2 2 2 2 2 2 2 2 2 2 2 2 2 2 2 2 2 2 2 2 2 2 2 2 2 2 2 2 2 2 2 2 2 2 2 2 2 2 2 2 2 2 2 2 2 2 2 2 2 2 2 2 2 2 2 2 2 2 2 2 2 2 2 2 2 2 2 2 2 2 2 2 2 2 2 2 2 2 2 2 2 2 2 2 2 2 2 2 2 2 2 2 2 2 2 2 2 2 2 2 2 2 2 2 2 2 2 2 2 2 2 2 2 2 2 2 2 2 2 2 2 2 2 2 2 2 2 2 2 2 2 2 2 2 2 2 2 2 2 2 2 2 2 2 2 2 2 2 2 2 2 2 2 2 2 2 2 2 2 2 2 2 2 2 2 2 2 1 1 1 1 1 2 2 2 2 2 2 2 2 2 2 2 2 2 2 2 2 2 2 2 1 1 1 1 1 1 1 2 2 2 2 2 2 2 2 2 2 2 2 2 2 2 2 2 1 1 1 1 1 1 1 1 2 2 2 2 2 2 2 2 2 2 2 2 2 2 2 2 1 1 1 1 1 1 1 1 1 2 2 2 2 2 2 2 2 2 2 2 2 2 2 2 1 1 1 1 1 1 1 1 1 1 2 2 2 2 2 2 2 2 2 2 2 2 2 2 1 1 1 1 1 1 1 1 1 1 1 2 2 2 2 2 2 2 2 2 2 2 2 2 1 1 1 1 1 1 1 1 1 1 1 1 2 2 2 2 2 2 2 2 2 2 2 2 1 1 1 1 1 1 1 1 1 1 1 1 1 2 2 2 2 2 2 2 2 2 2 2 1 1 1 1 1 1 1 1 1 1 1 1 1 1 2 2 2 2 2 2 2 2 2 2 1 1 1 1 1 1 1 1 1 1 1 1 1 1 1 2 2 2 2 2 2 2 2 2 1 1 1 1 1 1 1 1 1 1 1 1 1 1 1 2 2 2 2 2 2 2 2 2 1 1 1 1 1 1 1 1 1 1 1 1 1 1 1 1 2 2 2 2 2 2 2 2 1 1 1 1 1 1 1 1 1 1 1 1 1 1 1 1 1 2 2 2 2 2 2 2 1 1 1 1 1 1 1 1 1 1 1 1 1 1 1 1 1 2 2 2 2 2 2 2 1 1 1 1 1 1 1 1 1 1 1 1 1 1 1 1 1 1 2 2 2 2 2 2 1 1 1 1 1 1 1 1 1 1 1 1 1 1 1 1 1 1 2 2 2 2 2 2 1 1 1 1 1 1 1 1 1 1 1 1 1 1 1 1 1 1 1 2 2 2 2 2 1 1 1 1 1 1 1 1 1 1 1 1 1 1 1 1 1 1 1 2 2 2 2 2 1 1 1 1 1 1 1 1 1 1 1 1 1 1 1 1 1 1 1 1 2 2 2 2 1 1 1 1 1 1 1 1 1 1 1 1 1 1 1 1 1 1 1 1 2 2 2 2 1 1 1 1 1 1 1 1 1 1 1 1 1 1 1 1 1 1 1 1 1 2 2 2 1 1 1 1 1 1 1 1 1 1 1 1 1 1 1 1 1 1 1 1 1 2 2 2 1 1 1 1 1 1 1 1 1 1 1 1 1 1 1 1 1 1 1 1 1 1 2 2 0 1 1 1 1 1 1 1 1 1 1 1 1 1 1 1 1 1 1 1 1 1 2 2 0 0 0 0 0 1 1 1 1 1 1 1 1 1 1 1 1 1 1 1 1 1 1 2 0 0 0 0 0 0 0 1 1 1 1 1 1 1 1 1 1 1 1 1 1 1 1 2 0 0 0 0 0 0 0 0 1 1 1 1 1 1 1 1 1 1 1 1 1 1 1 2 0 0 0 0 0 0 0 0 0 1 1 1 1 1 1 1 1 1 1 1 1 1 1 1 0 0 0 0 0 0 0 0 0 0 1 1 1 1 1 1 1 1 1 1 1 1 1 1 0 0 0 0 0 0 0 0 0 0 0 1 1 1 1 1 1 1 1 1 1 1 1 1 0 0 0 0 0 0 0 0 0 0 0 0 1 1 1 1 1 1 1 1 1 1 1 1 0 0 0 0 0 0 0 0 0 0 0 0 0 1 1 1 1 1 1 1 1 1 1 1 0 0 0 0 0 0 0 0 0 0 0 0 0 1 1 1 1 1 1 1 1 1 1 1 0 0 0 0 0 0 0 0 0 0 0 0 0 0 1 1 1 1 1 1 1 1 1 1 0 0 0 0 0 0 0 0 0 0 0 0 0 0 0 1 1 1 1 1 1 1 1 1 0 0 0 0 0 0 0 0 0 0 0 0 0 0 0 1 1 1 1 1 1 1 1 1 0 0 0 0 0 0 0 0 0 0 0 0 0 0 0 0 1 1 1 1 1 1 1 1 0 0 0 0 0 0 0 0 0 0 0 0 0 0 0 0 0 1 1 1 1 1 1 1 0 0 0 0 0 0 0 0 0 0 0 0 0 0 0 0 0 1 1 1 1 1 1 1 0 0 0 0 0 0 0 0 0 0 0 0 0 0 0 0 0 0 1 1 1 1 1 1 0 0 0 0 0 0 0 0 0 0 0 0 0 0 0 0 0 0 1 1 1 1 1 1 0 0 0 0 0 0 0 0 0 0 0 0 0 0 0 0 0 0 0 1 1 1 1 1 0 0 0 0 0 0 0 0 0 0 0 0 0 0 0 0 0 0 0 1 1 1 1 1 0 0 0 0 0 0 0 0 0 0 0 0 0 0 0 0 0 0 0 0 1 1 1 1 0 0 0 0 0 0 0 0 0 0 0 0 0 0 0 0 0 0 0 0 1 1 1 1 0 0 0 0 0 0 0 0 0 0 0 0 0 0 0 0 0 0 0 0 0 1 1 1 0 0 0 0 0 0 0 0 0 0 0 0 0 0 0 0 0 0 0 0 0 1 1 1 0 0 0 0 0 0 0 0 0 0 0 0 0 0 0 0 0 0 0 0 0 1 1 1 0 0 0 0 0 0 0 0 0 0 0 0 0 0 0 0 0 0 0 0 0 0 1 1 0 0 0 0 0 0 0 0 0 0 0 0 0 0 0 0 0 0 0 0 0 0 1 1 0 0 0 0 0 0 0 0 0 0 0 0 0 0 0 0 0 0 0 0 0 0 0 1 0 0 0 0 0 0 0 0 0 0 0 0 0 0 0 0 0 0 0 0 0 0 0 1 0 0 0 0 0 0 0 0 0 0 0 0 0 0 0 0 0 0 0 0 0 0 0 1 0 0 0 0 0 0 0 0 0 0 0 0 0 0 0 0 0 0 0 0 0 0 0 0 0 0 0 0 0 0 0 0 0 0 0 0 0 0 0 0 0 0 0 0 0 0 0 0 0 0 0 0 0 0 0 0 0 0 0 0 0 0 0 0 0 0 0 0 0 0 0 0 0 0 0 0 0 0 0 0 0 0 0 0 0 0 0 0 0 0 0 0 0 0 0 0 0 0 0 0 0 0 0 0 0 0 0 0 0 0 0 0 0 0 0 0 0 0 0 0 0 0 0 0 0 0 0 0 0 0 0 0 0 0 0 0 0 0 0 0 0 0 0 0 0 0 0 0 0 0 0 0 0 0 0 0 0 0 0 0 0 0 0 0 0 0 0 0 0 0 0 0 0 0 0 0 0 0 0 0 0 0 0 0 0 0 0 0 0 0 0 0 0 0 0 0 0 0 0 0 0 0 0 0 0 0 0 0 0 0 0 0 0 0 0 0 0 0 0 0 0 0 0 0 0 0 0 0 0 0 0 0 0 0 0 0 0 0 0 0 0 0 0 0 0 0 0 0 0 0 0 0 0 0 0 0 0 0 0 0 0 0 0 0 0 0 0 0 0 0 0 0 0 0 0 0 0 0 0 0 0 0 0 0 0 0 0 0 0 0 0 0 0 0 0 0 0 0 0 0 0 0 0 0 0 0 0 0 0 0 0 0 0 0 0 0 0 0 0 0 0 0 0 0 0 0 0 0 0 0 0 0 0 0 0 0 0 0 0 0 0 0 0 0 0 0 0 0 0 0 0 0 0 0 0 0 0 0 0 0 0 0 0 0 0 0 0 0 0 0 0 0 0 0 0 0 0 0 0 0 0 0 0 0 0 0 0 0 0 0 0 0 0 0 0 0 0 0 0 0 0 0 0 0 0 0 0 0 0 0 0 0 0 0 0 0 0 0 0 0 0 0 0 0 0 0 0 0 0 0 0 0 0 0 0 0 0 0 0 0 0 0 0 0 0 0 0 0 0 0 0 0 0 0 0 0 0 0 0 0 0 0 0 0 0 0 0 0 0 0 0 0 0 0 0 0 0 0 0 0 0 0 0 0 0 0 0 0 0 0 0 0 0 0 0 0 0 0 0 0 0 0 0 0 0 0 0 0 0 0 0 0 0 0 0 0 0 0 0 0 0 0 0 0 0 0 0 0 0 0 0 0 0 0 0 0 0 0 0 0 0 0 0 0 0 0 0 0 0 0 0 0 0 0 0 0 0 0 0 0 0 0 0 0 0 0 0 0 0 0 0 0 0 0 0 0 0 0 0 0 0 0 0 0 0 0 0 0 0 0 0 0 0 0 0 0 0 0 0 0 0 0 0 0 0 0 0 0 0 0 0 0 0 0 0 0 0 0 0 0 0 0 0 0 0 0 0 0 0 0 0 0 0 0 0 0 0 0 0 0 0 0 0 0 0 0 0 0 0 0 0 0 0 0 0 0 0 0 0 0 0 0 0 0 0 0 0 0 0 0 0 0 0 0 0 0 0 0 0 0 0 0 0 0 0 0 0 0 0 0 0 0 0 0 0 0 0 0 0 0 0 0 0 0 0 0 0 0 0 0 0 0 0 0 0 0 0 0 0 0 0 0 0 0 0 0 0 0 0 0 0 0 0 0 0 0 0 0 0 0 0 0 0 0 0 0 0 0 0 0 0 0 0 0 0 0 0 0 0 0 0 0 0 0 0 0 0 0 0 0 0 0 0 0 0 0 0 0 0 0 0 0 0 0 0 0 0 0 0 0 0 0 0 0 0 0 0 0 0 0 0 0 0 0 0 0 0 0 0 0 0 0 0 0 0 0 0 0 0 0 0 0 0 0 0 0 0 0 0 0 0 0 0 0 0 0 0 0 0 0 0 0 0 0 0 0 0 0 0 0 0 0 0 0 0 0 0 0 0 0 0 0 0 0 0 0 0 0 0 0 0 0 0 0 0 0 0 0 0 0 0 0 0 0 0 0 0 0 0 0 0 0 0 0 0 0 0 0 0 0 0 0 0 0 0 0 0 0 0 0 0 0 0 0 0 0 0 0 0 0 0 0 0 0 0 0 0 0 0 0 0 0 0 0 0 0 0 0 0 0 0 0 0 0 0 0 0 0 0 0 0 0 0 0 0 0 0 0 0 0 0 0 0 0 0 0 0 0 0 0 0 0 0 0 0 0 0 0 0 0 0 0 0 0
estimated_attenuation.size=5928
estimated_attenuation.data=0.00 0.00 0.00 0.00 0.00 0.00 0.00 0.00 0.00 0.00 0.00 0.00 0.00 0.00 0.00 0.00 0.00 0.00 0.00 0.00 0.00 0.00 0.00 0.00 0.00 0.00 0.00 0.00 0.00 0.00 0.00 0.00 0.00 0.00 0.00 0.00 0.00 0.00 0.00 0.00 0.00 0.00 0.00 0.00 0.00 0.00 0.00 0.00 0.00 0.00 0.00 0.00 0.00 0.00 0.00 0.01 0.00 0.00 0.00 0.00 0.00 0.00 0.00 0.00 0.00 0.00 0.00 0.00 0.00 0.00 0.00 0.00 0.00 0.00 0.00 0.00 0.00 0.01 0.00 0.01 0.00 0.01 0.00 0.00 0.00 0.00 0.00 0.00 0.00 0.00 0.00 0.00 0.00 0.00 0.00 0.00 0.00 0.00 0.01 0.00 0.01 0.01 0.01 0.01 0.01 0.01 0.00 0.00 0.00 0.00 0.00 0.00 0.00 0.00 0.00 0.00 0.00 0.00 0.00 0.00 0.01 0.01 0.01 0.01 0.01 0.01 0.01 0.02 0.01 0.02 0.01 0.01 0.02 0.00 0.00 0.00 0.00 0.00 0.00 0.00 0.00 0.00 0.00 0.00 0.01 0.01 0.01 0.01 0.01 0.01 0.02 0.02 0.01 0.02 0.02 0.02 0.06 0.00 0.00 0.00 0.00 0.00 0.00 0.00 0.00 0.00 0.00 0.00 0.01 0.01 0.01 0.01 0.01 0.01 0.02 0.02 0.02 0.03 0.02 0.04 0.08 0.00 0.00 0.00 0.00 0.00 0.00 0.00 0.00 0.00 0.00 0.00 0.01 0.01 0.01 0.01 0.01 0.01 0.02 0.03 0.02 0.03 0.03 0.05 0.09 0.00 0.00 0.00 0.00 0.00 0.00 0.00 0.00 0.00 0.00 0.00 0.01 0.01 0.01 0.01 0.01 0.02 0.02 0.03 0.02 0.03 0.03 0.06 0.12 0.00 0.00 0.00 0.00 0.00 0.00 0.00 0.00 0.00 0.00 0.00 0.01 0.01 0.01 0.02 0.02 0.02 0.02 0.03 0.02 0.04 0.03 0.06 0.12 0.00 0.00 0.00 0.00 0.00 0.00 0.00 0.00 0.00 0.00 0.00 0.01 0.01 0.01 0.02 0.02 0.02 0.03 0.04 0.02 0.04 0.04 0.07 0.12 0.00 0.00 0.00 0.00 0.00 0.00 0.00 0.00 0.00 0.00 0.00 0.01 0.01 0.02 0.02 0.02 0.02 0.03 0.04 0.03 0.05 0.05 0.07 0.12 0.00 0.00 0.00 0.00 0.00 0.00 0.00 0.00 0.00 0.00 0.00 0.02 0.01 0.02 0.02 0.02 0.03 0.03 0.04 0.03 0.05 0.05 0.09 0.12 0.00 0.00 0.00 0.00 0.00 0.00 0.00 0.00 0.00 0.00 0.00 0.02 0.02 0.02 0.02 0.03 0.03 0.04 0.05 0.03 0.06 0.06 0.10 0.12 0.00 0.00 0.00 0.00 0.00 0.00 0.00 0.00 0.00 0.00 0.00 0.02 0.02 0.02 0.03 0.03 0.03 0.04 0.05 0.04 0.06 0.06 0.11 0.12 0.00 0.00 0.00 0.00 0.00 0.00 0.00 0.00 0.00 0.00 0.00 0.02 0.02 0.02 0.03 0.03 0.03 0.04 0.05 0.04 0.06 0.07 0.13 0.12 0.00 0.00 0.00 0.00 0.00 0.00 0.00 0.00 0.00 0.00 0.00 0.02 0.02 0.02 0.03 0.03 0.03 0.04 0.06 0.05 0.07 0.07 0.16 0.12 0.00 0.00 0.00 0.00 0.00 0.00 0.00 0.00 0.00 0.00 0.00 0.02 0.02 0.02 0.03 0.03 0.04 0.05 0.06 0.06 0.07 0.08 0.18 0.12 0.00 0.00 0.00 0.00 0.00 0.00 0.00 0.00 0.00 0.00 0.00 0.02 0.02 0.02 0.03 0.03 0.04 0.05 0.06 0.06 0.08 0.09 0.21 0.12 0.00 0.00 0.00 0.00 0.00 0.00 0.00 0.00 0.00 0.00 0.00 0.02 0.02 0.03 0.03 0.03 0.04 0.05 0.06 0.07 0.08 0.10 0.24 0.12 0.00 0.00 0.00 0.00 0.00 0.00 0.00 0.00 0.00 0.00 0.00 0.03 0.02 0.03 0.04 0.04 0.04 0.06 0.07 0.07 0.09 0.10 0.28 0.12 0.00 0.00 0.00 0.00 0.00 0.00 0.00 0.00 0.00 0.00 0.00 0.03 0.03 0.03 0.04 0.04 0.05 0.06 0.07 0.08 0.09 0.11 0.31 0.12 0.00 0.00 0.00 0.00 0.00 0.00 0.00 0.00 0.00 0.00 0.00 0.03 0.03 0.03 0.04 0.04 0.05 0.06 0.08 0.08 0.09 0.11 0.36 0.12 0.00 0.00 0.00 0.00 0.00 0.00 0.00 0.00 0.00 0.00 0.00 0.03 0.03 0.03 0.04 0.04 0.05 0.06 0.08 0.09 0.10 0.12 0.47 0.12 0.00 0.00 0.00 0.00 0.00 0.00 0.00 0.00 0.00 0.00 0.00 0.03 0.03 0.03 0.04 0.05 0.05 0.07 0.08 0.09 0.11 0.13 0.47 0.12 0.00 0.00 0.00 0.00 0.00 0.00 0.00 0.00 0.00 0.00 0.00 0.03 0.03 0.04 0.04 0.05 0.06 0.07 0.08 0.10 0.11 0.13 0.47 0.12 0.00 0.00 0.00 0.00 0.00 0.00 0.00 0.00 0.00 0.00 0.00 0.03 0.03 0.04 0.05 0.05 0.06 0.07 0.09 0.11 0.12 0.14 0.47 0.12 0.00 0.00 0.00 0.00 0.00 0.00 0.00 0.00 0.00 0.00 0.00 0.04 0.04 0.04 0.05 0.05 0.06 0.08 0.09 0.11 0.12 0.14 0.47 0.12 0.00 0.00 0.00 0.00 0.00 0.00 0.00 0.00 0.00 0.00 0.00 0.04 0.04 0.04 0.05 0.05 0.06 0.08 0.09 0.11 0.13 0.15 0.47 0.12 0.00 0.00 0.00 0.00 0.00 0.00 0.00 0.00 0.00 0.00 0.00 0.04 0.04 0.04 0.05 0.06 0.06 0.08 0.10 0.12 0.14 0.16 0.47 0.12 0.00 0.00 0.00 0.00 0.00 0.00 0.00 0.00 0.00 0.00 0.00 0.04 0.04 0.04 0.05 0.06 0.06 0.08 0.10 0.12 0.15 0.17 0.47 0.12 0.00 0.00 0.00 0.00 0.00 0.00 0.00 0.00 0.00 0.00 0.00 0.04 0.04 0.05 0.06 0.06 0.07 0.09 0.11 0.13 0.15 0.19 0.47 0.12 0.00 0.00 0.00 0.00 0.00 0.00 0.00 0.00 0.00 0.00 0.00 0.04 0.04 0.05 0.06 0.06 0.07 0.10 0.11 0.13 0.15 0.20 0.47 0.12 0.00 0.00 0.00 0.00 0.00 0.00 0.00 0.00 0.00 0.00 0.00 0.04 0.05 0.05 0.06 0.06 0.07 0.10 0.11 0.14 0.16 0.21 0.47 0.12 0.00 0.00 0.00 0.00 0.00 0.00 0.00 0.00 0.00 0.00 0.00 0.05 0.05 0.05 0.06 0.06 0.08 0.10 0.11 0.14 0.17 0.25 0.47 0.12 0.00 0.00 0.00 0.00 0.00 0.00 0.00 0.00 0.00 0.00 0.00 0.05 0.05 0.05 0.06 0.07 0.08 0.10 0.12 0.15 0.17 0.26 0.47 0.12 0.00 0.00 0.00 0.00 0.00 0.00 0.00 0.00 0.00 0.00 0.00 0.05 0.05 0.05 0.07 0.07 0.08 0.10 0.12 0.15 0.18 0.28 0.47 0.12 0.00 0.00 0.00 0.00 0.00 0.00 0.00 0.00 0.00 0.00 0.00 0.05 0.05 0.05 0.07 0.07 0.08 0.11 0.13 0.16 0.19 0.30 0.47 0.12 0.00 0.00 0.00 0.00 0.00 0.00 0.00 0.00 0.00 0.00 0.00 0.05 0.05 0.06 0.07 0.07 0.09 0.11 0.13 0.17 0.19 0.32 0.47 0.12 0.00 0.00 0.00 0.00 0.00 0.00 0.00 0.00 0.00 0.00 0.00 0.05 0.05 0.06 0.07 0.08 0.09 0.11 0.14 0.17 0.20 0.34 0.47 0.12 0.00 0.00 0.00 0.00 0.00 0.00 0.00 0.00 0.00 0.00 0.00 0.05 0.05 0.06 0.08 0.08 0.09 0.11 0.14 0.18 0.21 0.38 0.47 0.12 0.00 0.00 0.00 0.00 0.00 0.00 0.00 0.00 0.00 0.00 0.00 0.05 0.06 0.06 0.08 0.08 0.09 0.12 0.14 0.19 0.21 0.47 0.47 0.12 0.00 0.00 0.00 0.00 0.00 0.00 0.00 0.00 0.00 0.00 0.00 0.06 0.06 0.06 0.08 0.08 0.10 0.12 0.15 0.19 0.22 0.47 0.47 0.12 0.00 0.00 0.00 0.00 0.00 0.00 0.00 0.00 0.00 0.00 0.00 0.06 0.06 0.06 0.08 0.08 0.10 0.12 0.15 0.19 0.23 0.47 0.47 0.12 0.00 0.00 0.00 0.00 0.00 0.00 0.00 0.00 0.00 0.00 0.00 0.06 0.06 0.06 0.08 0.09 0.11 0.12 0.16 0.21 0.23 0.47 0.47 0.12 0.00 0.00 0.00 0.00 0.00 0.00 0.00 0.00 0.00 0.00 0.00 0.06 0.06 0.07 0.09 0.09 0.11 0.13 0.16 0.21 0.24 0.47 0.47 0.12 0.00 0.00 0.00 0.00 0.00 0.00 0.00 0.00 0.00 0.00 0.00 0.06 0.06 0.07 0.09 0.09 0.11 0.13 0.16 0.22 0.24 0.47 0.47 0.12 0.00 0.00 0.00 0.00 0.00 0.00 0.00 0.00 0.00 0.00 0.00 0.06 0.06 0.07 0.09 0.10 0.12 0.13 0.16 0.22 0.25 0.47 0.47 0.12 0.00 0.00 0.00 0.00 0.00 0.00 0.00 0.00 0.00 0.00 0.00 0.06 0.06 0.07 0.09 0.10 0.12 0.14 0.17 0.23 0.25 0.47 0.47 0.12 0.00 0.00 0.00 0.00 0.00 0.00 0.00 0.00 0.00 0.00 0.00 0.06 0.07 0.07 0.09 0.10 0.12 0.14 0.17 0.23 0.26 0.47 0.47 0.12 0.00 0.00 0.00 0.00 0.00 0.00 0.00 0.00 0.00 0.00 0.00 0.07 0.07 0.07 0.09 0.10 0.12 0.14 0.17 0.23 0.27 0.47 0.47 0.12 0.00 0.00 0.00 0.00 0.00 0.00 0.00 0.00 0.00 0.00 0.00 0.07 0.07 0.07 0.09 0.11 0.13 0.15 0.18 0.24 0.29 0.47 0.47 0.12 0.00 0.00 0.00 0.00 0.00 0.00 0.00 0.00 0.00 0.00 0.00 0.07 0.07 0.07 0.10 0.11 0.13 0.15 0.19 0.24 0.32 0.47 0.47 0.12 0.00 0.00 0.00 0.00 0.00 0.00 0.00 0.00 0.00 0.00 0.00 0.07 0.07 0.08 0.10 0.11 0.13 0.15 0.20 0.25 0.32 0.47 0.47 0.12 0.00 0.00 0.00 0.00 0.00 0.00 0.00 0.00 0.00 0.00 0.00 0.07 0.07 0.08 0.10 0.11 0.14 0.16 0.21 0.27 0.33 0.47 0.47 0.12 0.00 0.00 0.00 0.00 0.00 0.00 0.00 0.00 0.00 0.00 0.00 0.07 0.07 0.08 0.10 0.11 0.14 0.18 0.22 0.30 0.38 0.47 0.47 0.12 0.00 0.00 0.00 0.00 0.00 0.00 0.00 0.00 0.00 0.00 0.00 0.07 0.07 0.08 0.10 0.12 0.14 0.19 0.23 0.31 0.41 0.47 0.47 0.12 0.00 0.00 0.00 0.00 0.00 0.00 0.00 0.00 0.00 0.00 0.00 0.07 0.07 0.08 0.10 0.12 0.15 0.19 0.24 0.32 0.48 0.47 0.47 0.12 0.00 0.00 0.00 0.00 0.00 0.00 0.00 0.00 0.00 0.00 0.00 0.07 0.07 0.08 0.10 0.12 0.15 0.19 0.25 0.34 0.49 0.47 0.47 0.12 0.00 0.00 0.00 0.00 0.00 0.00 0.00 0.00 0.00 0.00 0.00 0.07 0.07 0.08 0.11 0.12 0.15 0.20 0.26 0.35 0.59 0.47 0.47 0.12 0.00 0.00 0.00 0.00 0.00 0.00 0.00 0.00 0.00 0.00 0.00 0.08 0.07 0.08 0.11 0.12 0.16 0.22 0.27 0.36 0.63 0.47 0.47 0.12 0.00 0.00 0.00 0.00 0.00 0.00 0.00 0.00 0.00 0.00 0.00 0.08 0.08 0.08 0.11 0.13 0.16 0.23 0.29 0.37 0.67 0.47 0.47 0.12 0.00 0.00 0.00 0.00 0.00 0.00 0.00 0.00 0.00 0.00 0.00 0.08 0.08 0.08 0.11 0.13 0.16 0.24 0.33 0.39 0.72 0.47 0.47 0.12 0.00 0.00 0.00 0.00 0.00 0.00 0.00 0.00 0.00 0.00 0.00 0.08 0.08 0.09 0.11 0.14 0.17 0.24 0.34 0.41 0.76 0.47 0.47 0.12 0.00 0.00 0.00 0.00 0.00 0.00 0.00 0.00 0.00 0.00 0.00 0.08 0.08 0.09 0.11 0.14 0.17 0.25 0.36 0.43 0.91 0.47 0.47 0.12 0.00 0.00 0.00 0.00 0.00 0.00 0.00 0.00 0.00 0.00 0.00 0.08 0.08 0.09 0.12 0.14 0.18 0.25 0.38 0.48 0.98 0.47 0.47 0.12 0.00 0.00 0.00 0.00 0.00 0.00 0.00 0.00 0.00 0.00 0.00 0.08 0.08 0.09 0.12 0.14 0.18 0.26 0.40 0.51 1.01 0.47 0.47 0.12 0.00 0.00 0.00 0.00 0.00 0.00 0.00 0.00 0.00 0.00 0.00 0.08 0.08 0.09 0.12 0.14 0.19 0.27 0.41 0.60 1.12 0.47 0.47 0.12 0.00 0.00 0.00 0.00 0.00 0.00 0.00 0.00 0.00 0.00 0.00 0.08 0.08 0.09 0.12 0.15 0.19 0.27 0.41 0.62 1.25 0.47 0.47 0.12 0.00 0.00 0.00 0.00 0.00 0.00 0.00 0.00 0.00 0.00 0.00 0.08 0.08 0.09 0.12 0.15 0.20 0.28 0.42 0.64 1.36 0.47 0.47 0.12 0.00 0.00 0.00 0.00 0.00 0.00 0.00 0.00 0.00 0.00 0.00 0.08 0.08 0.09 0.13 0.15 0.20 0.30 0.44 0.67 1.41 0.47 0.47 0.12 0.00 0.00 0.00 0.00 0.00 0.00 0.00 0.00 0.00 0.00 0.00 0.08 0.08 0.09 0.13 0.16 0.21 0.31 0.44 0.68 1.41 0.47 0.47 0.12 0.00 0.00 0.00 0.00 0.00 0.00 0.00 0.00 0.00 0.00 0.00 0.09 0.08 0.09 0.13 0.16 0.21 0.32 0.48 0.71 1.41 0.47 0.47 0.12 0.00 0.00 0.00 0.00 0.00 0.00 0.00 0.00 0.00 0.00 0.00 0.09 0.09 0.10 0.13 0.16 0.22 0.33 0.49 0.75 1.41 0.47 0.47 0.12 0.00 0.00 0.00 0.00 0.00 0.00 0.00 0.00 0.00 0.00 0.00 0.09 0.09 0.10 0.14 0.16 0.22 0.34 0.50 0.76 1.41 0.47 0.47 0.12 0.00 0.00 0.00 0.00 0.00 0.00 0.00 0.00 0.00 0.00 0.00 0.09 0.09 0.10 0.14 0.17 0.23 0.34 0.52 0.78 1.41 0.47 0.47 0.12 0.00 0.00 0.00 0.00 0.00 0.00 0.00 0.00 0.00 0.00 0.00 0.09 0.09 0.10 0.14 0.17 0.23 0.35 0.53 0.80 1.41 0.47 0.47 0.12 0.00 0.00 0.00 0.00 0.00 0.00 0.00 0.00 0.00 0.00 0.00 0.09 0.09 0.10 0.14 0.17 0.24 0.37 0.55 0.80 1.41 0.47 0.47 0.12 0.00 0.00 0.00 0.00 0.00 0.00 0.00 0.00 0.00 0.00 0.00 0.09 0.09 0.10 0.14 0.18 0.25 0.38 0.57 0.82 1.41 0.47 0.47 0.12 0.00 0.00 0.00 0.00 0.00 0.00 0.00 0.00 0.00 0.00 0.00 0.09 0.09 0.10 0.15 0.18 0.25 0.39 0.58 0.85 1.41 0.47 0.47 0.12 0.00 0.00 0.00 0.00 0.00 0.00 0.00 0.00 0.00 0.00 0.00 0.09 0.09 0.10 0.15 0.18 0.25 0.40 0.60 0.90 1.41 0.47 0.47 0.12 0.00 0.00 0.00 0.00 0.00 0.00 0.00 0.00 0.00 0.00 0.00 0.09 0.09 0.10 0.15 0.18 0.26 0.40 0.61 0.93 1.41 0.47 0.47 0.12 0.00 0.00 0.00 0.00 0.00 0.00 0.00 0.00 0.00 0.00 0.00 0.09 0.09 0.10 0.15 0.19 0.27 0.42 0.63 0.95 1.41 0.47 0.47 0.12 0.00 0.00 0.00 0.00 0.00 0.00 0.00 0.00 0.00 0.00 0.00 0.09 0.09 0.10 0.15 0.19 0.27 0.42 0.65 0.99 1.41 0.47 0.47 0.12 0.00 0.00 0.00 0.00 0.00 0.00 0.00 0.00 0.00 0.00 0.00 0.09 0.09 0.10 0.16 0.19 0.28 0.43 0.66 1.06 1.41 0.47 0.47 0.12 0.00 0.00 0.00 0.00 0.00 0.00 0.00 0.00 0.00 0.00 0.00 0.10 0.09 0.11 0.16 0.20 0.29 0.44 0.67 1.08 1.41 0.47 0.47 0.12 0.00 0.00 0.00 0.00 0.00 0.00 0.00 0.00 0.00 0.00 0.00 0.10 0.09 0.11 0.16 0.20 0.30 0.44 0.68 1.12 1.41 0.47 0.47 0.12 0.00 0.00 0.00 0.00 0.00 0.00 0.00 0.00 0.00 0.00 0.00 0.10 0.10 0.11 0.16 0.20 0.30 0.45 0.70 1.18 1.41 0.47 0.47 0.12 0.00 0.00 0.00 0.00 0.00 0.00 0.00 0.00 0.00 0.00 0.00 0.10 0.10 0.11 0.16 0.20 0.31 0.45 0.76 1.20 1.41 0.47 0.47 0.12 0.00 0.00 0.00 0.00 0.00 0.00 0.00 0.00 0.00 0.00 0.00 0.10 0.10 0.11 0.16 0.21 0.32 0.46 0.78 1.28 1.41 0.47 0.47 0.12 0.00 0.00 0.00 0.00 0.00 0.00 0.00 0.00 0.00 0.00 0.00 0.10 0.10 0.11 0.17 0.21 0.32 0.48 0.80 1.31 1.41 0.47 0.47 0.12 0.00 0.00 0.00 0.00 0.00 0.00 0.00 0.00 0.00 0.00 0.00 0.10 0.10 0.11 0.17 0.21 0.32 0.49 0.81 1.32 1.41 0.47 0.47 0.12 0.00 0.00 0.00 0.00 0.00 0.00 0.00 0.00 0.00 0.00 0.00 0.10 0.10 0.12 0.17 0.21 0.33 0.50 0.81 1.34 1.41 0.47 0.47 0.12 0.00 0.00 0.00 0.00 0.00 0.00 0.00 0.00 0.00 0.00 0.00 0.10 0.10 0.12 0.17 0.22 0.34 0.53 0.83 1.42 1.41 0.47 0.47 0.12 0.00 0.00 0.00 0.00 0.00 0.00 0.00 0.00 0.00 0.00 0.00 0.10 0.10 0.12 0.17 0.22 0.35 0.55 0.84 1.48 1.41 0.47 0.47 0.12 0.00 0.00 0.00 0.00 0.00 0.00 0.00 0.00 0.00 0.00 0.00 0.11 0.10 0.12 0.18 0.23 0.35 0.55 0.86 1.51 1.41 0.47 0.47 0.12 0.00 0.00 0.00 0.00 0.00 0.00 0.00 0.00 0.00 0.00 0.00 0.11 0.10 0.12 0.18 0.23 0.36 0.56 0.90 1.54 1.41 0.47 0.47 0.12 0.00 0.00 0.00 0.00 0.00 0.00 0.00 0.00 0.00 0.00 0.00 0.11 0.10 0.12 0.18 0.23 0.37 0.57 0.90 1.59 1.41 0.47 0.47 0.12 0.00 0.00 0.00 0.00 0.00 0.00 0.00 0.00 0.00 0.00 0.00 0.11 0.10 0.12 0.18 0.24 0.38 0.58 0.91 1.59 1.41 0.47 0.47 0.12 0.00 0.00 0.00 0.00 0.00 0.00 0.00 0.00 0.00 0.00 0.00 0.11 0.10 0.12 0.19 0.24 0.38 0.59 0.94 1.59 1.41 0.47 0.47 0.12 0.00 0.00 0.00 0.00 0.00 0.00 0.00 0.00 0.00 0.00 0.00 0.11 0.11 0.12 0.19 0.24 0.39 0.59 0.95 1.59 1.41 0.47 0.47 0.12 0.00 0.00 0.00 0.00 0.00 0.00 0.00 0.00 0.00 0.00 0.00 0.11 0.11 0.13 0.19 0.24 0.40 0.60 0.97 1.59 1.41 0.47 0.47 0.12 0.00 0.00 0.00 0.00 0.00 0.00 0.00 0.00 0.00 0.00 0.00 0.11 0.11 0.13 0.19 0.25 0.41 0.62 1.02 1.59 1.41 0.47 0.47 0.12 0.00 0.00 0.00 0.00 0.00 0.00 0.00 0.00 0.00 0.00 0.00 0.11 0.11 0.13 0.19 0.26 0.41 0.62 1.04 1.59 1.41 0.47 0.47 0.12 0.00 0.00 0.00 0.00 0.00 0.00 0.00 0.00 0.00 0.00 0.00 0.11 0.11 0.13 0.20 0.26 0.42 0.64 1.07 1.59 1.41 0.47 0.47 0.12 0.00 0.00 0.00 0.00 0.00 0.00 0.00 0.00 0.00 0.00 0.00 0.11 0.11 0.13 0.20 0.26 0.43 0.65 1.09 1.59 1.41 0.47 0.47 0.12 0.00 0.00 0.00 0.00 0.00 0.00 0.00 0.00 0.00 0.00 0.00 0.11 0.11 0.13 0.20 0.27 0.45 0.65 1.10 1.59 1.41 0.47 0.47 0.12 0.00 0.00 0.00 0.00 0.00 0.00 0.00 0.00 0.00 0.00 0.00 0.11 0.11 0.13 0.20 0.28 0.46 0.66 1.17 1.59 1.41 0.47 0.47 0.12 0.00 0.00 0.00 0.00 0.00 0.00 0.00 0.00 0.00 0.00 0.00 0.11 0.11 0.14 0.21 0.28 0.46 0.68 1.18 1.59 1.41 0.47 0.47 0.12 0.00 0.00 0.00 0.00 0.00 0.00 0.00 0.00 0.00 0.00 0.00 0.11 0.11 0.14 0.21 0.29 0.47 0.70 1.20 1.59 1.41 0.47 0.47 0.12 0.00 0.00 0.00 0.00 0.00 0.00 0.00 0.00 0.00 0.00 0.00 0.12 0.12 0.14 0.21 0.29 0.48 0.71 1.22 1.59 1.41 0.47 0.47 0.12 0.00 0.00 0.00 0.00 0.00 0.00 0.00 0.00 0.00 0.00 0.00 0.12 0.12 0.14 0.21 0.29 0.49 0.73 1.24 1.59 1.41 0.47 0.47 0.12 0.00 0.00 0.00 0.00 0.00 0.00 0.00 0.00 0.00 0.00 0.00 0.12 0.12 0.14 0.21 0.30 0.49 0.74 1.29 1.59 1.41 0.47 0.47 0.12 0.00 0.00 0.00 0.00 0.00 0.00 0.00 0.00 0.00 0.00 0.00 0.12 0.12 0.14 0.21 0.30 0.50 0.75 1.36 1.59 1.41 0.47 0.47 0.12 0.00 0.00 0.00 0.00 0.00 0.00 0.00 0.00 0.00 0.00 0.00 0.12 0.12 0.14 0.22 0.30 0.51 0.76 1.37 1.59 1.41 0.47 0.47 0.12 0.00 0.00 0.00 0.00 0.00 0.00 0.00 0.00 0.00 0.00 0.00 0.12 0.12 0.14 0.22 0.31 0.53 0.77 1.40 1.59 1.41 0.47 0.47 0.12 0.00 0.00 0.00 0.00 0.00 0.00 0.00 0.00 0.00 0.00 0.00 0.12 0.12 0.14 0.22 0.31 0.54 0.78 1.41 1.59 1.41 0.47 0.47 0.12 0.00 0.00 0.00 0.00 0.00 0.00 0.00 0.00 0.00 0.00 0.00 0.12 0.12 0.15 0.22 0.32 0.55 0.81 1.45 1.59 1.41 0.47 0.47 0.12 0.00 0.00 0.00 0.00 0.00 0.00 0.00 0.00 0.00 0.00 0.00 0.12 0.12 0.15 0.22 0.32 0.56 0.83 1.47 1.59 1.41 0.47 0.47 0.12 0.00 0.00 0.00 0.00 0.00 0.00 0.00 0.00 0.00 0.00 0.00 0.12 0.12 0.15 0.23 0.33 0.56 0.85 1.56 1.59 1.41 0.47 0.47 0.12 0.00 0.00 0.00 0.00 0.00 0.00 0.00 0.00 0.00 0.00 0.00 0.12 0.12 0.15 0.23 0.33 0.57 0.87 1.66 1.59 1.41 0.47 0.47 0.12 0.00 0.00 0.00 0.00 0.00 0.00 0.00 0.00 0.00 0.00 0.00 0.12 0.12 0.15 0.23 0.34 0.58 0.90 1.72 1.59 1.41 0.47 0.47 0.12 0.00 0.00 0.00 0.00 0.00 0.00 0.00 0.00 0.00 0.00 0.00 0.13 0.12 0.15 0.23 0.34 0.59 0.91 1.80 1.59 1.41 0.47 0.47 0.12 0.00 0.00 0.00 0.00 0.00 0.00 0.00 0.00 0.00 0.00 0.00 0.13 0.13 0.15 0.23 0.35 0.61 0.93 1.82 1.59 1.41 0.47 0.47 0.12 0.00 0.00 0.00 0.00 0.00 0.00 0.00 0.00 0.00 0.00 0.00 0.13 0.13 0.16 0.24 0.35 0.61 0.94 1.85 1.59 1.41 0.47 0.47 0.12 0.00 0.00 0.00 0.00 0.00 0.00 0.00 0.00 0.00 0.00 0.00 0.13 0.13 0.16 0.24 0.35 0.62 0.97 1.91 1.59 1.41 0.47 0.47 0.12 0.00 0.00 0.00 0.00 0.00 0.00 0.00 0.00 0.00 0.00 0.00 0.13 0.13 0.16 0.24 0.36 0.63 0.99 2.10 1.59 1.41 0.47 0.47 0.12 0.00 0.00 0.00 0.00 0.00 0.00 0.00 0.00 0.00 0.00 0.00 0.13 0.13 0.16 0.24 0.36 0.64 1.00 2.15 1.59 1.41 0.47 0.47 0.12 0.00 0.00 0.00 0.00 0.00 0.00 0.00 0.00 0.00 0.00 0.00 0.13 0.13 0.16 0.25 0.37 0.65 1.01 2.22 1.59 1.41 0.47 0.47 0.12 0.00 0.00 0.00 0.00 0.00 0.00 0.00 0.00 0.00 0.00 0.00 0.13 0.13 0.16 0.25 0.38 0.66 1.03 2.27 1.59 1.41 0.47 0.47 0.12 0.00 0.00 0.00 0.00 0.00 0.00 0.00 0.00 0.00 0.00 0.00 0.13 0.13 0.16 0.25 0.39 0.67 1.04 2.41 1.59 1.41 0.47 0.47 0.12 0.00 0.00 0.00 0.00 0.00 0.00 0.00 0.00 0.00 0.00 0.00 0.13 0.13 0.17 0.25 0.40 0.68 1.11 2.44 1.59 1.41 0.47 0.47 0.12 0.00 0.00 0.00 0.00 0.00 0.00 0.00 0.00 0.00 0.00 0.00 0.13 0.13 0.17 0.26 0.40 0.69 1.12 2.49 1.59 1.41 0.47 0.47 0.12 0.00 0.00 0.00 0.00 0.00 0.00 0.00 0.00 0.00 0.00 0.00 0.13 0.13 0.17 0.26 0.41 0.71 1.16 2.54 1.59 1.41 0.47 0.47 0.12 0.00 0.00 0.00 0.00 0.00 0.00 0.00 0.00 0.00 0.00 0.00 0.14 0.14 0.17 0.26 0.41 0.71 1.18 2.54 1.59 1.41 0.47 0.47 0.12 0.00 0.00 0.00 0.00 0.00 0.00 0.00 0.00 0.00 0.00 0.00 0.14 0.14 0.17 0.26 0.41 0.72 1.21 2.54 1.59 1.41 0.47 0.47 0.12 0.00 0.00 0.00 0.00 0.00 0.00 0.00 0.00 0.00 0.00 0.00 0.14 0.14 0.17 0.26 0.42 0.73 1.22 2.54 1.59 1.41 0.47 0.47 0.12 0.00 0.00 0.00 0.00 0.00 0.00 0.00 0.00 0.00 0.00 0.00 0.14 0.14 0.17 0.27 0.42 0.73 1.27 2.54 1.59 1.41 0.47 0.47 0.12 0.00 0.00 0.00 0.00 0.00 0.00 0.00 0.00 0.00 0.00 0.00 0.14 0.14 0.18 0.28 0.43 0.75 1.31 2.54 1.59 1.41 0.47 0.47 0.12 0.00 0.00 0.00 0.00 0.00 0.00 0.00 0.00 0.00 0.00 0.00 0.14 0.14 0.18 0.28 0.43 0.76 1.37 2.54 1.59 1.41 0.47 0.47 0.12 0.00 0.00 0.00 0.00 0.00 0.00 0.00 0.00 0.00 0.00 0.00 0.14 0.14 0.18 0.28 0.43 0.77 1.49 2.54 1.59 1.41 0.47 0.47 0.12 0.00 0.00 0.00 0.00 0.00 0.00 0.00 0.00 0.00 0.00 0.00 0.14 0.14 0.18 0.28 0.44 0.80 1.50 2.54 1.59 1.41 0.47 0.47 0.12 0.00 0.00 0.00 0.00 0.00 0.00 0.00 0.00 0.00 0.00 0.00 0.14 0.14 0.18 0.29 0.44 0.82 1.53 2.54 1.59 1.41 0.47 0.47 0.12 0.00 0.00 0.00 0.00 0.00 0.00 0.00 0.00 0.00 0.00 0.00 0.14 0.14 0.18 0.29 0.45 0.85 1.55 2.54 1.59 1.41 0.47 0.47 0.12 0.00 0.00 0.00 0.00 0.00 0.00 0.00 0.00 0.00 0.00 0.00 0.14 0.14 0.18 0.29 0.46 0.87 1.57 2.54 1.59 1.41 0.47 0.47 0.12 0.00 0.00 0.00 0.00 0.00 0.00 0.00 0.00 0.00 0.00 0.00 0.14 0.14 0.18 0.29 0.46 0.87 1.60 2.54 1.59 1.41 0.47 0.47 0.12 0.00 0.00 0.00 0.00 0.00 0.00 0.00 0.00 0.00 0.00 0.00 0.14 0.14 0.18 0.30 0.46 0.88 1.62 2.54 1.59 1.41 0.47 0.47 0.12 0.00 0.00 0.00 0.00 0.00 0.00 0.00 0.00 0.00 0.00 0.00 0.15 0.14 0.19 0.30 0.47 0.89 1.64 2.54 1.59 1.41 0.47 0.47 0.12 0.00 0.00 0.00 0.00 0.00 0.00 0.00 0.00 0.00 0.00 0.00 0.15 0.15 0.19 0.30 0.48 0.91 1.66 2.54 1.59 1.41 0.47 0.47 0.12 0.00 0.00 0.00 0.00 0.00 0.00 0.00 0.00 0.00 0.00 0.00 0.15 0.15 0.19 0.30 0.49 0.92 1.69 2.54 1.59 1.41 0.47 0.47 0.12 0.00 0.00 0.00 0.00 0.00 0.00 0.00 0.00 0.00 0.00 0.00 0.15 0.15 0.19 0.31 0.49 0.93 1.72 2.54 1.59 1.41 0.47 0.47 0.12 0.00 0.00 0.00 0.00 0.00 0.00 0.00 0.00 0.00 0.00 0.00 0.15 0.15 0.19 0.31 0.50 0.94 1.74 2.54 1.59 1.41 0.47 0.47 0.12 0.00 0.00 0.00 0.00 0.00 0.00 0.00 0.00 0.00 0.00 0.00 0.15 0.15 0.19 0.31 0.50 0.95 1.77 2.54 1.59 1.41 0.47 0.47 0.12 0.00 0.00 0.00 0.00 0.00 0.00 0.00 0.00 0.00 0.00 0.00 0.15 0.15 0.20 0.31 0.51 0.95 1.78 2.54 1.59 1.41 0.47 0.47 0.12 0.00 0.00 0.00 0.00 0.00 0.00 0.00 0.00 0.00 0.00 0.00 0.15 0.15 0.20 0.31 0.51 0.96 1.78 2.54 1.59 1.41 0.47 0.47 0.12 0.00 0.00 0.00 0.00 0.00 0.00 0.00 0.00 0.00 0.00 0.00 0.16 0.15 0.20 0.32 0.51 0.97 1.81 2.54 1.59 1.41 0.47 0.47 0.12 0.00 0.00 0.00 0.00 0.00 0.00 0.00 0.00 0.00 0.00 0.00 0.16 0.15 0.20 0.32 0.52 0.98 1.84 2.54 1.59 1.41 0.47 0.47 0.12 0.00 0.00 0.00 0.00 0.00 0.00 0.00 0.00 0.00 0.00 0.00 0.16 0.15 0.20 0.32 0.52 0.98 1.85 2.54 1.59 1.41 0.47 0.47 0.12 0.00 0.00 0.00 0.00 0.00 0.00 0.00 0.00 0.00 0.00 0.00 0.16 0.16 0.21 0.32 0.53 0.99 1.90 2.54 1.59 1.41 0.47 0.47 0.12 0.00 0.00 0.00 0.00 0.00 0.00 0.00 0.00 0.00 0.00 0.00 0.16 0.16 0.21 0.33 0.53 0.99 1.91 2.54 1.59 1.41 0.47 0.47 0.12 0.00 0.00 0.00 0.00 0.00 0.00 0.00 0.00 0.00 0.00 0.00 0.16 0.16 0.21 0.33 0.53 1.00 1.94 2.54 1.59 1.41 0.47 0.47 0.12 0.00 0.00 0.00 0.00 0.00 0.00 0.00 0.00 0.00 0.00 0.00 0.16 0.16 0.21 0.33 0.54 1.01 1.97 2.54 1.59 1.41 0.47 0.47 0.12 0.00 0.00 0.00 0.00 0.00 0.00 0.00 0.00 0.00 0.00 0.00 0.16 0.16 0.22 0.34 0.54 1.01 1.99 2.54 1.59 1.41 0.47 0.47 0.12 0.00 0.00 0.00 0.00 0.00 0.00 0.00 0.00 0.00 0.00 0.00 0.17 0.16 0.22 0.34 0.54 1.02 2.00 2.54 1.59 1.41 0.47 0.47 0.12 0.00 0.00 0.00 0.00 0.00 0.00 0.00 0.00 0.00 0.00 0.00 0.17 0.16 0.22 0.34 0.55 1.02 2.01 2.54 1.59 1.41 0.47 0.47 0.12 0.00 0.00 0.00 0.00 0.00 0.00 0.00 0.00 0.00 0.00 0.00 0.17 0.17 0.23 0.34 0.55 1.03 2.03 2.54 1.59 1.41 0.47 0.47 0.12 0.00 0.00 0.00 0.00 0.00 0.00 0.00 0.00 0.00 0.00 0.00 0.17 0.17 0.23 0.35 0.56 1.04 2.05 2.54 1.59 1.41 0.47 0.47 0.12 0.00 0.00 0.00 0.00 0.00 0.00 0.00 0.00 0.00 0.00 0.00 0.17 0.17 0.23 0.35 0.56 1.04 2.08 2.54 1.59 1.41 0.47 0.47 0.12 0.00 0.00 0.00 0.00 0.00 0.00 0.00 0.00 0.00 0.00 0.00 0.17 0.17 0.23 0.35 0.56 1.05 2.13 2.54 1.59 1.41 0.47 0.47 0.12 0.00 0.00 0.00 0.00 0.00 0.00 0.00 0.00 0.00 0.00 0.00 0.17 0.17 0.24 0.36 0.57 1.05 2.18 2.54 1.59 1.41 0.47 0.47 0.12 0.00 0.00 0.00 0.00 0.00 0.00 0.00 0.00 0.00 0.00 0.00 0.17 0.17 0.24 0.36 0.57 1.06 2.18 2.54 1.59 1.41 0.47 0.47 0.12 0.00 0.00 0.00 0.00 0.00 0.00 0.00 0.00 0.00 0.00 0.00 0.18 0.17 0.24 0.36 0.57 1.07 2.18 2.54 1.59 1.41 0.47 0.47 0.12 0.00 0.00 0.00 0.00 0.00 0.00 0.00 0.00 0.00 0.00 0.00 0.18 0.17 0.24 0.36 0.58 1.07 2.18 2.54 1.59 1.41 0.47 0.47 0.12 0.00 0.00 0.00 0.00 0.00 0.00 0.00 0.00 0.00 0.00 0.00 0.18 0.18 0.24 0.36 0.58 1.07 2.18 2.54 1.59 1.41 0.47 0.47 0.12 0.00 0.00 0.00 0.00 0.00 0.00 0.00 0.00 0.00 0.00 0.00 0.18 0.18 0.24 0.37 0.59 1.08 2.18 2.54 1.59 1.41 0.47 0.47 0.12 0.00 0.00 0.00 0.00 0.00 0.00 0.00 0.00 0.00 0.00 0.00 0.00 0.18 0.25 0.37 0.59 1.08 2.18 2.54 1.59 1.41 0.47 0.47 0.12 0.00 0.00 0.00 0.00 0.00 0.00 0.00 0.00 0.00 0.00 0.00 0.00 0.00 0.00 0.00 0.00 1.09 2.18 2.54 1.59 1.41 0.47 0.47 0.12 0.00 0.00 0.00 0.00 0.00 0.00 0.00 0.00 0.00 0.00 0.00 0.00 0.00 0.00 0.00 0.00 0.00 0.00 2.54 1.59 1.41 0.47 0.47 0.12 0.00 0.00 0.00 0.00 0.00 0.00 0.00 0.00 0.00 0.00 0.00 0.00 0.00 0.00 0.00 0.00 0.00 0.00 0.00 1.59 1.41 0.47 0.47 0.12 0.00 0.00 0.00 0.00 0.00 0.00 0.00 0.00 0.00 0.00 0.00 0.00 0.00 0.00 0.00 0.00 0.00 0.00 0.00 0.00 1.41 0.47 0.47 0.12 0.00 0.00 0.00 0.00 0.00 0.00 0.00 0.00 0.00 0.00 0.00 0.00 0.00 0.00 0.00 0.00 0.00 0.00 0.00 0.00 0.00 0.47 0.47 0.12 0.00 0.00 0.00 0.00 0.00 0.00 0.00 0.00 0.00 0.00 0.00 0.00 0.00 0.00 0.00 0.00 0.00 0.00 0.00 0.00 0.00 0.00 0.47 0.12 0.00 0.00 0.00 0.00 0.00 0.00 0.00 0.00 0.00 0.00 0.00 0.00 0.00 0.00 0.00 0.00 0.00 0.00 0.00 0.00 0.00 0.00 0.00 0.12 0.00 0.00 0.00 0.00 0.00 0.00 0.00 0.00 0.00 0.00 0.00 0.00 0.00 0.00 0.00 0.00 0.00 0.00 0.00 0.00 0.00 0.00 0.00 0.00 0.00 0.00 0.00 0.00 0.00 0.00 0.00 0.00 0.00 0.00 0.00 0.00 0.00 0.00 0.00 0.00 0.00 0.00 0.00 0.00 0.00 0.00 0.00 0.00 0.00 0.00 0.00 0.00 0.00 0.00 0.00 0.00 0.00 0.00 0.00 0.00 0.00 0.00 0.00 0.00 0.00 0.00 0.00 0.00 0.00 0.00 0.00 0.00 0.00 0.00 0.00 0.00 0.00 0.00 0.00 0.00 0.00 0.00 0.00 0.00 0.00 0.00 0.00 0.00 0.00 0.00 0.00 0.00 0.00 0.00 0.00 0.00 0.00 0.00 0.00 0.00 0.00 0.00 0.00 0.00 0.00 0.00 0.00 0.00 0.00 0.00 0.00 0.00 0.00 0.00 0.00 0.00 0.00 0.00 0.00 0.00 0.00 0.00 0.00 0.00 0.00 0.00 0.00 0.00 0.00 0.00 0.00 0.00 0.00 0.00 0.00 0.00 0.00 0.00 0.00 0.00 0.00 0.00 0.00 0.00 0.00 0.00 0.00 0.00 0.00 0.00 0.00 0.00 0.00 0.00 0.00 0.00 0.00 0.00 0.00 0.00 0.00 0.00 0.00 0.00 0.00 0.00 0.00 0.00 0.00 0.00 0.00 0.00 0.00 0.00 0.00 0.00 0.00 0.00 0.00 0.00 0.00 0.00 0.00 0.00 0.00 0.00 0.00 0.00 0.00 0.00 0.00 0.00 0.00 0.00 0.00 0.00 0.00 0.00 0.00 0.00 0.00 0.00 0.00 0.00 0.00 0.00 0.00 0.00 0.00 0.00 0.00 0.00 0.00 0.00 0.00 0.00 0.00 0.00 0.00 0.00 0.00 0.00 0.00 0.00 0.00 0.00 0.00 0.00 0.00 0.00 0.00 0.00 0.00 0.00 0.00 0.00 0.00 0.00 0.00 0.00 0.00 0.00 0.00 0.00 0.00 0.00 0.00 0.00 0.00 0.00 0.00 0.00 0.00 0.00 0.00 0.00 0.00 0.00 0.00 0.00 0.00 0.00 0.00 0.00 0.00 0.00 0.00 0.00 0.00 0.00 0.00 0.00 0.00 0.00 0.00 0.00 0.00 0.00 0.00 0.00 0.00 0.00 0.00 0.00 0.00 0.00 0.00 0.00 0.00 0.00 0.00 0.00 0.00 0.00 0.00 0.00 0.00 0.00 0.00 0.00 0.00 0.00 0.00 0.00 0.00 0.00 0.00 0.00 0.00 0.00 0.00 0.00 0.00 0.00 0.00 0.00 0.00 0.00 0.00 0.00 0.00 0.00 0.00 0.00 0.00 0.00 0.00 0.00 0.00 0.00 0.00 0.00 0.00 0.00 0.00 0.00 0.00 0.00 0.00 0.00 0.00 0.00 0.00 0.00 0.00 0.00 0.00 0.00 0.00 0.00 0.00 0.00 0.00 0.00 0.00 0.00 0.00 0.00 0.00 0.00 0.00 0.00 0.00 0.00 0.00 0.00 0.00 0.00 0.00 0.00 0.00 0.00 0.00 0.00 0.00 0.00 0.00 0.00 0.00 0.00 0.00 0.00 0.00 0.00 0.00 0.00 0.00 0.00 0.00 0.00 0.00 0.00 0.00 0.00 0.00 0.00 0.00 0.00 0.00 0.00 0.00 0.00 0.00 0.00 0.00 0.00 0.00 0.00 0.00 0.00 0.00 0.00 0.00 0.00 0.00 0.00 0.00 0.00 0.00 0.00 0.00 0.00 0.00 0.00 0.00 0.00 0.00 0.00 0.00 0.00 0.00 0.00 0.00 0.00 0.00 0.00 0.00 0.00 0.00 0.00 0.00 0.00 0.00 0.00 0.00 0.00 0.00 0.00 0.00 0.00 0.00 0.00 0.00 0.00 0.00 0.00 0.00 0.00 0.00 0.00 0.00 0.00 0.00 0.00 0.00 0.00 0.00 0.00 0.00 0.00 0.00 0.00 0.00 0.00 0.00 0.00 0.00 0.00 0.00 0.00 0.00 0.00 0.00 0.00 0.00 0.00 0.00 0.00 0.00 0.00 0.00 0.00 0.00 0.00 0.00 0.00 0.00 0.00 0.00 0.00 0.00 0.00 0.00 0.00 0.00 0.00 0.00 0.00 0.00 0.00 0.00 0.00 0.00 0.00 0.00 0.00 0.00 0.00 0.00 0.00 0.00 0.00 0.00 0.00 0.00 0.00 0.00 0.00 0.00 0.00 0.00 0.00 0.00 0.00 0.00 0.00 0.00 0.00 0.00 0.00 0.00 0.00 0.00 0.00 0.00 0.00 0.00 0.00 0.00 0.00 0.00 0.00 0.00 0.00 0.00 0.00 0.00 0.00 0.00 0.00 0.00 0.00 0.00 0.00 0.00 0.00 0.00 0.00 0.00 0.00 0.00 0.00 0.00 0.00 0.00 0.00 0.00 0.00 0.00 0.00 0.00 0.00 0.00 0.00 0.00 0.00 0.00 0.00 0.00 0.00 0.00 0.00 0.00 0.00 0.00 0.00 0.00 0.00 0.00 0.00 0.00 0.00 0.00 0.00 0.00 0.00 0.00 0.00 0.00 0.00 0.00 0.00 0.00 0.00 0.00 0.00 0.00 0.00 0.00 0.00 0.00 0.00 0.00 0.00 0.00 0.00 0.00 0.00 0.00 0.00 0.00 0.00 0.00 0.00 0.00 0.00 0.00 0.00 0.00 0.00 0.00 0.00 0.00 0.00 0.00 0.00 0.00 0.00 0.00 0.00 0.00 0.00 0.00 0.00 0.00 0.00 0.00 0.00 0.00 0.00 0.00 0.00 0.00 0.00 0.00 0.00 0.00 0.00 0.00 0.00 0.00 0.00 0.00 0.00 0.00 0.00 0.00 0.00 0.00 0.00 0.00 0.00 0.00 0.00 0.00 0.00 0.00 0.00 0.00 0.00 0.00 0.00 0.00 0.00 0.00 0.00 0.00 0.00 0.00 0.00 0.00 0.00 0.00 0.00 0.00 0.00 0.00 0.00 0.00 0.00 0.00 0.00 0.00 0.00 0.00 0.00 0.00 0.00 0.00 0.00 0.00 0.00 0.00 0.00 0.00 0.00 0.00 0.00 0.00 0.00 0.00 0.00 0.00 0.00 0.00 0.00 0.00 0.00 0.00 0.00 0.00 0.00 0.00 0.00 0.00 0.00 0.00 0.00 0.00 0.00 0.00 0.00 0.00 0.00 0.00 0.00 0.00 0.00 0.00 0.00 0.00 0.00 0.00 0.00 0.00 0.00 0.00 0.00 0.00 0.00 0.00 0.00 0.00 0.00 0.00 0.00 0.00 0.00 0.00 0.00 0.00 0.00 0.00 0.00 0.00 0.00 0.00 0.00 0.00 0.00 0.00 0.00 0.00 0.00 0.00 0.00 0.00 0.00 0.00 0.00 0.00 0.00 0.00 0.00 0.00 0.00 0.00 0.00 0.00 0.00 0.00 0.00 0.00 0.00 0.00 0.00 0.00 0.00 0.00 0.00 0.00 0.00 0.00 0.00 0.00 0.00 0.00 0.00 0.00 0.00 0.00 0.00 0.00 0.00 0.00 0.00 0.00 0.00 0.00 0.00 0.00 0.00 0.00 0.00 0.00 0.00 0.00 0.00 0.00 0.00 0.00 0.00 0.00 0.00 0.00 0.00 0.00 0.00 0.00 0.00 0.00 0.00 0.00 0.00 0.00 0.00 0.00 0.00 0.00 0.00 0.00 0.00 0.00 0.00 0.00 0.00 0.00 0.00 0.00 0.00 0.00 0.00 0.00 0.00 0.00 0.00 0.00 0.00 0.00 0.00 0.00 0.00 0.00 0.00 0.00 0.00 0.00 0.00 0.00 0.00 0.00 0.00 0.00 0.00 0.00 0.00 0.00 0.00 0.00 0.00 0.00 0.00 0.00 0.00 0.00 0.00 0.00 0.00 0.00 0.00 0.00 0.00 0.00 0.00 0.00 0.00 0.00 0.00 0.00 0.00 0.00 0.00 0.00 0.00 0.00 0.00 0.00 0.00 0.00 0.00 0.00 0.00 0.00 0.00 0.00 0.00 0.00 0.00 0.00 0.00 0.00 0.00 0.00 0.00 0.00 0.00 0.00 0.00 0.00 0.00 0.00 0.00 0.00 0.00 0.00 0.00 0.00 0.00 0.00 0.00 0.00 0.00 0.00 0.00 0.00 0.00 0.00 0.00 0.00 0.00 0.00 0.00 0.00 0.00 0.00 0.00 0.00 0.00 0.00 0.00 0.00 0.00 0.00 0.00 0.00 0.00 0.00 0.00 0.00 0.00 0.00 0.00 0.00 0.00 0.00 0.00 0.00 0.00 0.00 0.00 0.00 0.00 0.00 0.00 0.00 0.00 0.00 0.00 0.00 0.00 0.00 0.00 0.00 0.00 0.00 0.00 0.00 0.00 0.00 0.00 0.00 0.00 0.00 0.00 0.00 0.00 0.00 0.00 0.00 0.00 0.00 0.00 0.00 0.00 0.00 0.00 0.00 0.00 0.00 0.00 0.00 0.00 0.00 0.00 0.00 0.00 0.00 0.00 0.00 0.00 0.00 0.00 0.00 0.00 0.00 0.00 0.00 0.00 0.00 0.00 0.00 0.00 0.00 0.00 0.00 0.00 0.00 0.00 0.00 0.00 0.00 0.00 0.00 0.00 0.00 0.00 0.00 0.00 0.00 0.00 0.00 0.00 0.00 0.00 0.00 0.00 0.00 0.00 0.00 0.00 0.00 0.00 0.00 0.00 0.00 0.00 0.00 0.00 0.00 0.00 0.00 0.00 0.00 0.00 0.00 0.00 0.00 0.00 0.00 0.00 0.00 0.00 0.00 0.00 0.00 0.00 0.00 0.00 0.00 0.00 0.00 0.00 0.00 0.00 0.00 0.00 0.00 0.00 0.00 0.00 0.00 0.00 0.00 0.00 0.00 0.00 0.00 0.00 0.00 0.00 0.00 0.00 0.00 0.00 0.00 0.00 0.00 0.00 0.00 0.00 0.00 0.00 0.00 0.00 0.00 0.00 0.00 0.00 0.00 0.00 0.00 0.00 0.00 0.00 0.00 0.00 0.00 0.00 0.00 0.00 0.00 0.00 0.00 0.00 0.00 0.00 0.00 0.00 0.00 0.00 0.00 0.00 0.00 0.00 0.00 0.00 0.00 0.00 0.00 0.00 0.00 0.00 0.00 0.00 0.00 0.00 0.00 0.00 0.00 0.00 0.00 0.00 0.00 0.00 0.00 0.00 0.00 0.00 0.00 0.00 0.00 0.00 0.00 0.00 0.00 0.00 0.00 0.00 0.00 0.00 0.00 0.00 0.00 0.00 0.00 0.00 0.00 0.00 0.00 0.00 0.00 0.00 0.00 0.00 0.00 0.00 0.00 0.00 0.00 0.00 0.00 0.00 0.00 0.00 0.00 0.00 0.00 0.00 0.00 0.00 0.00 0.00 0.00 0.00 0.00 0.00 0.00 0.00 0.00 0.00 0.00 0.00 0.00 0.00 0.00 0.00 0.00 0.00 0.00 0.00 0.00 0.00 0.00 0.00 0.00 0.00 0.00 0.00 0.00 0.00 0.00 0.00 0.00 0.00 0.00 0.00 0.00 0.00 0.00 0.00 0.00 0.00 0.00 0.00 0.00 0.00 0.00 0.00 0.00 0.00 0.00 0.00 0.00 0.00 0.00 0.00 0.00 0.00 0.00 0.00 0.00 0.00 0.00 0.00 0.00 0.00 0.00 0.00 0.00 0.00 0.00 0.00 0.00 0.00 0.00 0.00 0.00 0.00 0.00 0.00 0.00 0.00 0.00 0.00 0.00 0.00 0.00 0.00 0.00 0.00 0.00 0.00 0.00 0.00 0.00 0.00 0.00 0.00 0.00 0.00 0.00 0.00 0.00 0.00 0.00 0.00 0.00 0.00 0.00 0.00 0.00 0.00 0.00 0.00 0.00 0.00 0.00 0.00 0.00 0.00 0.00 0.00 0.00 0.00 0.00 0.00 0.00 0.00 0.00 0.00 0.00 0.00 0.00 0.00 0.00 0.00 0.00 0.00 0.00 0.00 0.00 0.00 0.00 0.00 0.00 0.00 0.00 0.00 0.00 0.00 0.00 0.00 0.00 0.00 0.00 0.00 0.00 0.00 0.00 0.00 0.00 0.00 0.00 0.00 0.00 0.00 0.00 0.00 0.00 0.00 0.00 0.00 0.00 0.00 0.00 0.00 0.00 0.00 0.00 0.00 0.00 0.00 0.00 0.00 0.00 0.00 0.00 0.00 0.00 0.00 0.00 0.00 0.00 0.00 0.00 0.00 0.00 0.00 0.00 0.00 0.00 0.00 0.00 0.00 0.00 0.00 0.00 0.00 0.00 0.00 0.00 0.00 0.00 0.00 0.00 0.00 0.00 0.00 0.00 0.00 0.00 0.00 0.00 0.00 0.00 0.00 0.00 0.00 0.00 0.00 0.00 0.00 0.00 0.00 0.00 0.00 0.00 0.00 0.00 0.00 0.00 0.00 0.00 0.00 0.00 0.00 0.00 0.00 0.00 0.00 0.00 0.00 0.00 0.00 0.00 0.00 0.00 0.00 0.00 0.00 0.00 0.00 0.00
height.size=5928
height.data=14.69 290.44 566.09 841.56 1116.77 1391.64 1666.08 1940.01 2213.34 2485.99 2757.89 3028.94 3299.06 3568.17 3836.19 4103.04 4368.64 4632.90 4895.75 5157.11 5416.89 5675.01 5931.41 6185.99 14.88 292.37 569.76 846.98 1123.93 1400.54 1676.72 1952.38 2227.44 2501.82 2775.43 3048.20 3320.03 3590.84 3860.56 4129.10 4396.38 4662.31 4926.82 5189.83 5451.25 5711.01 5969.03 6225.22 15.07 294.30 573.44 852.40 1131.10 1409.44 1687.36 1964.75 2241.54 2517.65 2792.98 3067.46 3341.00 3613.52 3884.93 4155.16 4424.11 4691.72 4957.89 5222.55 5485.62 5747.01 6006.65 6264.46 15.26 296.24 577.12 857.82 1138.26 1418.35 1698.00 1977.12 2255.64 2533.47 2810.53 3086.72 3361.97 3636.19 3909.30 4181.21 4451.85 4721.13 4988.97 5255.28 5519.99 5783.01 6044.27 6303.69 15.45 298.17 580.80 863.25 1145.42 1427.25 1708.64 1989.50 2269.75 2549.30 2828.08 3105.99 3382.94 3658.87 3933.67 4207.27 4479.59 4750.54 5020.04 5288.01 5554.36 5819.01 6081.90 6342.92 15.64 300.11 584.48 868.67 1152.59 1436.16 1719.28 2001.87 2283.85 2565.13 2845.63 3125.25 3403.92 3681.54 3958.04 4233.33 4507.33 4779.95 5051.11 5320.73 5588.73 5855.02 6119.52 6382.16 15.83 302.05 588.16 874.10 1159.76 1445.06 1729.92 2014.25 2297.96 2580.96 2863.18 3144.52 3424.89 3704.22 3982.42 4259.40 4535.07 4809.37 5082.19 5353.46 5623.10 5891.02 6157.15 6421.39 16.02 303.98 591.85 879.52 1166.93 1453.97 1740.57 2026.63 2312.07 2596.80 2880.73 3163.78 3445.87 3726.90 4006.79 4285.46 4562.82 4838.78 5113.27 5386.19 5657.47 5927.03 6194.77 6460.63 16.22 305.92 595.53 884.95 1174.10 1462.88 1751.21 2039.01 2326.17 2612.63 2898.28 3183.05 3466.85 3749.58 4031.17 4311.52 4590.56 4868.19 5144.34 5418.92 5691.85 5963.03 6232.40 6499.87 16.42 307.87 599.22 890.38 1181.27 1471.79 1761.86 2051.39 2340.28 2628.46 2915.84 3202.32 3487.82 3772.26 4055.54 4337.59 4618.30 4897.61 5175.42 5451.65 5726.22 5999.04 6270.03 6539.11 16.61 309.81 602.90 895.81 1188.44 1480.70 1772.51 2063.77 2354.39 2644.30 2933.40 3221.59 3508.80 3794.94 4079.92 4363.65 4646.05 4927.03 5206.50 5484.39 5760.60 6035.05 6307.66 6578.35 16.81 311.75 606.59 901.24 1195.61 1489.61 1783.15 2076.15 2368.51 2660.14 2950.95 3240.86 3529.79 3817.63 4104.30 4389.72 4673.80 4956.45 5237.58 5517.12 5794.97 6071.06 6345.29 6617.59 17.01 313.70 610.28 906.67 1202.79 1498.53 1793.81 2088.53 2382.62 2675.98 2968.51 3260.14 3550.77 3840.31 4128.68 4415.79 4701.54 4985.87 5268.67 5549.86 5829.35 6107.07 6382.92 6656.83 17.21 315.64 613.97 912.11 1209.96 1507.44 1804.46 2100.92 2396.73 2691.81 2986.07 3279.41 3571.75 3863.00 4153.06 4441.86 4729.29 5015.29 5299.75 5582.59 5863.73 6143.08 6420.56 6696.07 17.41 317.59 617.66 917.54 1217.14 1516.36 1815.11 2113.30 2410.85 2707.65 3003.63 3298.69 3592.73 3885.68 4177.44 4467.93 4757.04 5044.71 5330.83 5615.33 5898.11 6179.09 6458.19 6735.32 17.62 319.54 621.35 922.98 1224.32 1525.27 1825.76 2125.69 2424.96 2723.50 3021.19 3317.96 3613.72 3908.37 4201.83 4494.00 4784.79 5074.13 5361.92 5648.07 5932.49 6215.11 6495.83 6774.56 17.82 321.49 625.05 928.42 1231.49 1534.19 1836.42 2138.08 2439.08 2739.34 3038.76 3337.24 3634.71 3931.06 4226.21 4520.07 4812.55 5103.56 5393.00 5680.81 5966.88 6251.12 6533.46 6813.81 18.03 323.44 628.74 933.85 1238.67 1543.11 1847.07 2150.47 2453.20 2755.18 3056.32 3356.52 3655.69 3953.75 4250.60 4546.14 4840.30 5132.98 5424.09 5713.55 6001.26 6287.14 6571.10 6853.06 18.23 325.39 632.44 939.29 1245.86 1552.03 1857.73 2162.86 2467.32 2771.03 3073.88 3375.80 3676.68 3976.44 4274.98 4572.22 4868.06 5162.41 5455.18 5746.29 6035.64 6323.16 6608.74 6892.30 18.44 327.34 636.14 944.73 1253.04 1560.95 1868.39 2175.25 2481.44 2786.87 3091.45 3395.08 3697.67 3999.13 4299.37 4598.29 4895.81 5191.83 5486.27 5779.03 6070.03 6359.17 6646.38 6931.55 18.65 329.30 639.84 950.18 1260.22 1569.88 1879.05 2187.64 2495.56 2802.72 3109.02 3414.36 3718.66 4021.83 4323.76 4624.37 4923.57 5221.26 5517.36 5811.77 6104.41 6395.19 6684.02 6970.80 18.86 331.25 643.54 955.62 1267.41 1578.80 1889.71 2200.04 2509.69 2818.57 3126.59 3433.65 3739.66 4044.52 4348.15 4650.45 4951.33 5250.69 5548.45 5844.52 6138.80 6431.21 6721.66 7010.05 19.07 333.21 647.24 961.06 1274.59 1587.73 1900.37 2212.43 2523.81 2834.42 3144.16 3452.93 3760.65 4067.22 4372.54 4676.53 4979.08 5280.12 5579.54 5877.26 6173.19 6467.23 6759.30 7049.31 19.28 335.17 650.94 966.51 1281.78 1596.65 1911.03 2224.83 2537.94 2850.27 3161.73 3472.22 3781.64 4089.91 4396.93 4702.61 5006.84 5309.55 5610.64 5910.01 6207.58 6503.25 6796.94 7088.56 19.50 337.12 654.64 971.96 1288.97 1605.58 1921.70 2237.22 2552.06 2866.12 3179.30 3491.50 3802.64 4112.61 4421.32 4728.69 5034.60 5338.98 5641.73 5942.76 6241.97 6539.28 6834.59 7127.81 19.71 339.08 658.35 977.40 1296.16 1614.51 1932.36 2249.62 2566.19 2881.97 3196.87 3510.79 3823.64 4135.31 4445.72 4754.77 5062.37 5368.42 5672.83 5975.51 6276.36 6575.30 6872.23 7167.07 19.93 341.05 662.05 982.85 1303.35 1623.44 1943.03 2262.02 2580.32 2897.83 3214.45 3530.08 3844.63 4158.01 4470.11 4780.85 5090.13 5397.85 5703.93 6008.26 6310.75 6611.33 6909.88 7206.32 20.14 343.01 665.76 988.30 1310.54 1632.37 1953.70 2274.42 2594.45 2913.68 3232.02 3549.37 3865.63 4180.71 4494.51 4806.94 5117.89 5427.29 5735.02 6041.01 6345.15 6647.35 6947.53 7245.58 20.36 344.97 669.47 993.75 1317.73 1641.30 1964.37 2286.83 2608.58 2929.54 3249.60 3568.66 3886.63 4203.41 4518.91 4833.02 5145.66 5456.72 5766.12 6073.76 6379.54 6683.38 6985.17 7284.84 20.58 346.94 673.18 999.21 1324.93 1650.23 1975.04 2299.23 2622.71 2945.40 3267.18 3587.95 3907.63 4226.12 4543.31 4859.11 5173.43 5486.16 5797.22 6106.51 6413.94 6719.41 7022.82 7324.10 20.80 348.90 676.89 1004.66 1332.12 1659.17 1985.71 2311.63 2636.85 2961.26 3284.75 3607.25 3928.63 4248.82 4567.71 4885.20 5201.19 5515.60 5828.32 6139.27 6448.33 6755.43 7060.47 7363.36 21.03 350.87 680.60 1010.11 1339.32 1668.11 1996.38 2324.04 2650.98 2977.12 3302.33 3626.54 3949.64 4271.53 4592.11 4911.29 5228.96 5545.04 5859.43 6172.02 6482.73 6791.46 7098.12 7402.62 21.25 352.84 684.31 1015.57 1346.51 1677.04 2007.05 2336.44 2665.12 2992.98 3319.92 3645.84 3970.64 4294.23 4616.51 4937.38 5256.73 5574.48 5890.53 6204.78 6517.13 6827.50 7135.78 7441.88 21.47 354.81 688.03 1021.03 1353.71 1685.98 2017.73 2348.85 2679.26 3008.84 3337.50 3665.13 3991.65 4316.94 4640.91 4963.47 5284.50 5603.92 5921.63 6237.53 6551.53 6863.53 7173.43 7481.14 21.70 356.78 691.74 1026.49 1360.91 1694.92 2028.40 2361.26 2693.39 3024.70 3355.08 3684.43 4012.65 4339.65 4665.32 4989.56 5312.27 5633.37 5952.74 6270.29 6585.93 6899.56 7211.08 7520.41 21.92 358.75 695.46 1031.95 1368.11 1703.86 2039.08 2373.67 2707.53 3040.57 3372.67 3703.73 4033.66 4362.36 4689.72 5015.65 5340.05 5662.81 5983.85 6303.05 6620.33 6935.59 7248.74 7559.67 22.15 360.72 699.17 1037.41 1375.32 1712.80 2049.76 2386.08 2721.67 3056.43 3390.25 3723.03 4054.67 4385.07 4714.13 5041.75 5367.82 5692.26 6014.95 6335.81 6654.74 6971.63 7286.40 7598.94 22.38 362.70 702.89 1042.87 1382.52 1721.74 2060.44 2398.50 2735.82 3072.30 3407.84 3742.33 4075.68 4407.78 4738.54 5067.84 5395.60 5721.70 6046.06 6368.57 6689.14 7007.67 7324.05 7638.20 22.61 364.67 706.61 1048.33 1389.72 1730.69 2071.12 2410.91 2749.96 3088.17 3425.43 3761.64 4096.69 4430.50 4762.95 5093.94 5423.37 5751.15 6077.17 6401.34 6723.55 7043.70 7361.71 7677.47 22.84 366.65 710.33 1053.80 1396.93 1739.63 2081.80 2423.32 2764.10 3104.03 3443.01 3780.94 4117.71 4453.21 4787.36 5120.04 5451.15 5780.60 6108.28 6434.10 6757.95 7079.74 7399.37 7716.74 23.08 368.63 714.06 1059.26 1404.14 1748.58 2092.48 2435.74 2778.25 3119.91 3460.60 3800.24 4138.72 4475.93 4811.77 5146.13 5478.93 5810.05 6139.39 6466.86 6792.36 7115.78 7437.03 7756.01 23.31 370.60 717.78 1064.73 1411.35 1757.53 2103.17 2448.16 2792.39 3135.78 3478.20 3819.55 4159.73 4498.64 4836.18 5172.23 5506.71 5839.50 6170.51 6499.63 6826.77 7151.82 7474.69 7795.28 23.54 372.58 721.50 1070.20 1418.56 1766.48 2113.85 2460.57 2806.54 3151.65 3495.79 3838.86 4180.75 4521.36 4860.59 5198.33 5534.49 5868.95 6201.62 6532.40 6861.18 7187.86 7512.35 7834.55 23.78 374.57 725.23 1075.66 1425.77 1775.43 2124.54 2472.99 2820.69 3167.52 3513.38 3858.16 4201.77 4544.08 4885.01 5224.44 5562.27 5898.40 6232.74 6565.16 6895.59 7223.90 7550.02 7873.83 24.02 376.55 728.96 1081.13 1432.98 1784.38 2135.22 2485.41 2834.84 3183.40 3530.98 3877.47 4222.78 4566.80 4909.42 5250.54 5590.05 5927.86 6263.85 6597.93 6930.00 7259.95 7587.68 7913.10 24.26 378.53 732.68 1086.61 1440.19 1793.33 2145.91 2497.84 2848.99 3199.27 3548.57 3896.78 4243.80 4589.52 4933.84 5276.64 5617.84 5957.31 6294.97 6630.70 6964.41 7295.99 7625.35 7952.38 24.50 380.52 736.41 1092.08 1447.40 1802.28 2156.60 2510.26 2863.14 3215.15 3566.17 3916.10 4264.82 4612.24 4958.25 5302.75 5645.62 5986.77 6326.09 6663.47 6998.82 7332.04 7663.01 7991.65 24.74 382.50 740.14 1097.55 1454.62 1811.24 2167.29 2522.68 2877.30 3231.03 3583.77 3935.41 4285.84 4634.97 4982.67 5328.86 5673.41 6016.23 6357.21 6696.24 7033.24 7368.08 7700.68 8030.93 24.98 384.49 743.87 1103.03 1461.84 1820.19 2177.99 2535.11 2891.45 3246.91 3601.37 3954.72 4306.87 4657.69 5007.09 5354.96 5701.19 6045.68 6388.33 6729.02 7067.65 7404.13 7738.35 8070.21 25.22 386.48 747.61 1108.50 1469.05 1829.15 2188.68 2547.53 2905.61 3262.79 3618.97 3974.04 4327.89 4680.42 5031.51 5381.07 5728.98 6075.14 6419.45 6761.79 7102.07 7440.18 7776.02 8109.48 25.47 388.47 751.34 1113.98 1476.27 1838.11 2199.37 2559.96 2919.76 3278.67 3636.57 3993.35 4348.92 4703.15 5055.94 5407.18 5756.77 6104.60 6450.57 6794.57 7136.49 7476.23 7813.69 8148.76 25.71 390.46 755.08 1119.46 1483.49 1847.06 2210.07 2572.39 2933.92 3294.55 3654.17 4012.67 4369.94 4725.87 5080.36 5433.29 5784.56 6134.06 6481.69 6827.34 7170.91 7512.28 7851.36 8188.05 25.96 392.45 758.81 1124.94 1490.71 1856.03 2220.76 2584.82 2948.08 3310.44 3671.78 4031.99 4390.97 4748.60 5104.78 5459.40 5812.35 6163.53 6512.82 6860.12 7205.32 7548.33 7889.03 8227.33 26.21 394.44 762.55 1130.42 1497.93 1864.99 2231.46 2597.25 2962.24 3326.32 3689.38 4051.31 4412.00 4771.33 5129.21 5485.52 5840.15 6192.99 6543.94 6892.90 7239.75 7584.38 7926.71 8266.61 26.45 396.44 766.29 1135.90 1505.16 1873.95 2242.16 2609.68 2976.40 3342.21 3706.99 4070.63 4433.03 4794.06 5153.64 5511.63 5867.94 6222.46 6575.07 6925.68 7274.17 7620.44 7964.38 8305.89 26.70 398.43 770.03 1141.38 1512.38 1882.91 2252.86 2622.12 2990.56 3358.09 3724.59 4089.95 4454.06 4816.80 5178.06 5537.74 5895.73 6251.92 6606.20 6958.46 7308.59 7656.49 8002.06 8345.18 26.96 400.43 773.77 1146.87 1519.61 1891.88 2263.56 2634.55 3004.73 3373.98 3742.20 4109.27 4475.09 4839.53 5202.49 5563.86 5923.53 6281.39 6637.33 6991.24 7343.01 7692.55 8039.73 8384.46 27.21 402.43 777.51 1152.35 1526.84 1900.84 2274.27 2646.99 3018.89 3389.87 3759.81 4128.60 4496.12 4862.26 5226.92 5589.98 5951.33 6310.86 6668.46 7024.02 7377.44 7728.60 8077.41 8423.75 27.46 404.42 781.26 1157.84 1534.06 1909.81 2284.97 2659.42 3033.06 3405.76 3777.42 4147.92 4517.15 4885.00 5251.35 5616.10 5979.12 6340.32 6699.59 7056.80 7411.86 7764.66 8115.09 8463.04 27.72 406.42 785.00 1163.33 1541.29 1918.78 2295.67 2671.86 3047.23 3421.66 3795.03 4167.25 4538.19 4907.74 5275.78 5642.22 6006.92 6369.79 6730.72 7089.59 7446.29 7800.72 8152.77 8502.33 27.97 408.43 788.75 1168.82 1548.52 1927.75 2306.38 2684.30 3061.39 3437.55 3812.65 4186.58 4559.22 4930.47 5300.22 5668.34 6034.72 6399.27 6761.85 7122.37 7480.72 7836.78 8190.45 8541.62 28.23 410.43 792.49 1174.31 1555.75 1936.72 2317.09 2696.74 3075.56 3453.44 3830.26 4205.91 4580.26 4953.21 5324.65 5694.46 6062.52 6428.74 6792.99 7155.16 7515.15 7872.84 8228.13 8580.91 28.49 412.43 796.24 1179.80 1562.99 1945.69 2327.80 2709.18 3089.73 3469.34 3847.88 4225.24 4601.30 4975.95 5349.09 5720.58 6090.33 6458.21 6824.12 7187.95 7549.58 7908.90 8265.81 8620.20 28.75 414.44 799.99 1185.29 1570.22 1954.66 2338.51 2721.62 3103.91 3485.23 3865.49 4244.57 4622.34 4998.70 5373.52 5746.70 6118.13 6487.69 6855.26 7220.74 7584.01 7944.96 8303.50 8659.49 29.01 416.44 803.74 1190.78 1577.46 1963.64 2349.22 2734.07 3118.08 3501.13 3883.11 4263.90 4643.38 5021.44 5397.96 5772.83 6145.93 6517.16 6886.39 7253.52 7618.44 7981.03 8341.18 8698.79 29.27 418.45 807.49 1196.28 1584.69 1972.61 2359.93 2746.51 3132.25 3517.03 3900.73 4283.23 4664.42 5044.18 5422.40 5798.96 6173.74 6546.64 6917.53 7286.32 7652.87 8017.09 8378.87 8738.08 29.53 420.46 811.24 1201.77 1591.93 1981.59 2370.64 2758.96 3146.43 3532.93 3918.35 4302.57 4685.46 5066.93 5446.84 5825.08 6201.55 6576.11 6948.67 7319.11 7687.31 8053.16 8416.55 8777.38 29.80 422.47 815.00 1207.27 1599.17 1990.57 2381.35 2771.41 3160.60 3548.83 3935.97 4321.90 4706.51 5089.67 5471.28 5851.21 6229.35 6605.59 6979.81 7351.90 7721.74 8089.23 8454.24 8816.67 30.06 424.48 818.75 1212.77 1606.41 1999.55 2392.07 2783.85 3174.78 3564.73 3953.59 4341.24 4727.55 5112.42 5495.72 5877.34 6257.16 6635.07 7010.95 7384.69 7756.18 8125.29 8491.93 8855.97 30.33 426.49 822.51 1218.27 1613.65 2008.53 2402.79 2796.30 3188.96 3580.64 3971.22 4360.58 4748.60 5135.17 5520.16 5903.47 6284.97 6664.55 7042.10 7417.49 7790.61 8161.36 8529.62 8895.27 30.60 428.50 826.27 1223.77 1620.89 2017.51 2413.50 2808.75 3203.14 3596.54 3988.84 4379.91 4769.65 5157.92 5544.61 5929.60 6312.78 6694.04 7073.24 7450.28 7825.05 8197.43 8567.31 8934.57 30.87 430.52 830.02 1229.27 1628.13 2026.49 2424.22 2821.21 3217.32 3612.45 4006.47 4399.25 4790.69 5180.67 5569.05 5955.74 6340.60 6723.52 7104.39 7483.08 7859.49 8233.50 8605.00 8973.87 31.14 432.53 833.78 1234.77 1635.38 2035.48 2434.94 2833.66 3231.50 3628.35 4024.09 4418.59 4811.74 5203.42 5593.50 5981.87 6368.41 6753.00 7135.53 7515.88 7893.93 8269.57 8642.69 9013.17 31.41 434.55 837.55 1240.28 1642.62 2044.46 2445.66 2846.11 3245.69 3644.26 4041.72 4437.94 4832.79 5226.17 5617.95 6008.00 6396.22 6782.49 7166.68 7548.68 7928.37 8305.65 8680.39 9052.47 31.68 436.57 841.31 1245.78 1649.87 2053.45 2456.39 2858.57 3259.87 3660.17 4059.35 4457.28 4853.85 5248.92 5642.39 6034.14 6424.04 6811.97 7197.83 7581.48 7962.82 8341.72 8718.08 9091.78 31.95 438.58 845.07 1251.29 1657.12 2062.43 2467.11 2871.03 3274.06 3676.08 4076.98 4476.62 4874.90 5271.68 5666.84 6060.28 6451.85 6841.46 7228.97 7614.28 7997.26 8377.80 8755.78 9131.08 32.23 440.60 848.84 1256.80 1664.37 2071.42 2477.83 2883.48 3288.24 3691.99 4094.61 4495.97 4895.95 5294.43 5691.30 6086.41 6479.67 6870.95 7260.12 7647.08 8031.70 8413.87 8793.47 9170.39 32.51 442.63 852.60 1262.31 1671.62 2080.41 2488.56 2895.94 3302.43 3707.91 4112.24 4515.32 4917.01 5317.19 5715.75 6112.55 6507.49 6900.44 7291.28 7679.89 8066.15 8449.95 8831.17 9209.69 32.78 444.65 856.37 1267.82 1678.87 2089.40 2499.29 2908.40 3316.62 3723.82 4129.88 4534.66 4938.06 5339.95 5740.20 6138.69 6535.31 6929.93 7322.43 7712.69 8100.60 8486.03 8868.87 9249.00 33.06 446.67 860.14 1273.33 1686.12 2098.39 2510.01 2920.86 3330.81 3739.73 4147.51 4554.01 4959.12 5362.71 5764.65 6164.84 6563.13 6959.42 7353.58 7745.50 8135.04 8522.11 8906.57 9288.31 33.34 448.70 863.90 1278.84 1693.38 2107.39 2520.74 2933.32 3345.00 3755.65 4165.15 4573.36 4980.18 5385.47 5789.11 6190.98 6590.95 6988.91 7384.74 7778.30 8169.49 8558.19 8944.27 9327.62 33.62 450.72 867.68 1284.35 1700.63 2116.38 2531.47 2945.79 3359.19 3771.57 4182.78 4592.72 5001.24 5408.23 5813.57 6217.12 6618.78 7018.41 7415.89 7811.11 8203.94 8594.27 8981.97 9366.93 33.90 452.75 871.45 1289.87 1707.89 2125.38 2542.21 2958.25 3373.39 3787.49 4200.42 4612.07 5022.30 5430.99 5838.02 6243.27 6646.60 7047.90 7447.05 7843.92 8238.39 8630.35 9019.67 9406.24 34.19 454.78 875.22 1295.38 1715.14 2134.37 2552.94 2970.72 3387.58 3803.41 4218.06 4631.42 5043.36 5453.76 5862.48 6269.41 6674.42 7077.40 7478.20 7876.73 8272.84 8666.43 9057.38 9445.56 34.47 456.81 878.99 1300.90 1722.40 2143.37 2563.67 2983.19 3401.78 3819.33 4235.70 4650.78 5064.42 5476.52 5886.94 6295.56 6702.25 7106.89 7509.36 7909.54 8307.30 8702.52 9095.08 9484.87 34.76 458.84 882.77 1306.42 1729.66 2152.37 2574.41 2995.65 3415.98 3835.25 4253.34 4670.13 5085.49 5499.29 5911.40 6321.71 6730.08 7136.39 7540.52 7942.35 8341.75 8738.60 9132.79 9524.18 35.04 460.87 886.54 1311.94 1736.92 2161.37 2585.14 3008.12 3430.17 3851.17 4270.98 4689.49 5106.55 5522.05 5935.86 6347.86 6757.91 7165.89 7571.68 7975.16 8376.20 8774.69 9170.49 9563.50 35.33 462.90 890.32 1317.46 1744.19 2170.37 2595.88 3020.59 3444.37 3867.10 4288.63 4708.85 5127.62 5544.82 5960.33 6374.01 6785.74 7195.39 7602.84 8007.98 8410.66 8810.78 9208.20 9602.82 35.62 464.94 894.10 1322.98 1751.45 2179.37 2606.62 3033.06 3458.57 3883.02 4306.27 4728.21 5148.69 5567.59 5984.79 6400.16 6813.57 7224.89 7634.01 8040.79 8445.12 8846.86 9245.91 9642.13 35.91 466.97 897.88 1328.50 1758.71 2188.38 2617.36 3045.54 3472.78 3898.95 4323.92 4747.57 5169.76 5590.36 6009.26 6426.31 6841.40 7254.39 7665.17 8073.61 8479.58 8882.95 9283.62 9681.45 36.20 469.01 901.66 1334.03 1765.98 2197.38 2628.10 3058.01 3486.98 3914.87 4341.57 4766.93 5190.83 5613.13 6033.72 6452.46 6869.23 7283.90 7696.34 8106.42 8514.03 8919.04 9321.33 9720.77 36.49 471.05 905.44 1339.55 1773.25 2206.39 2638.84 3070.49 3501.18 3930.80 4359.22 4786.29 5211.90 5635.91 6058.19 6478.62 6897.06 7313.40 7727.50 8139.24 8548.49 8955.14 9359.04 9760.09 36.79 473.08 909.23 1345.08 1780.51 2215.39 2649.59 3082.96 3515.39 3946.73 4376.86 4805.65 5232.97 5658.68 6082.66 6504.77 6924.90 7342.91 7758.67 8172.06 8582.96 8991.23 9396.76 9799.41 37.08 475.12 913.01 1350.61 1787.78 2224.40 2660.33 3095.44 3529.59 3962.66 4394.52 4825.02 5254.04 5681.45 6107.13 6530.93 6952.73 7372.41 7789.84 8204.88 8617.42 9027.32 9434.47 9838.74 37.38 477.17 916.80 1356.14 1795.05 2233.41 2671.08 3107.92 3543.80 3978.60 4412.17 4844.38 5275.12 5704.23 6131.60 6557.09 6980.57 7401.92 7821.01 8237.70 8651.88 9063.42 9472.18 9878.06 37.68 479.21 920.58 1361.67 1802.32 2242.42 2681.82 3120.40 3558.01 3994.53 4429.82 4863.75 5296.19 5727.01 6156.07 6583.25 7008.41 7431.43 7852.18 8270.52 8686.34 9099.51 9509.90 9917.38 37.97 481.25 924.37 1367.20 1809.60 2251.43 2692.57 3132.88 3572.22 4010.46 4447.47 4883.12 5317.27 5749.79 6180.54 6609.41 7036.25 7460.94 7883.35 8303.35 8720.81 9135.61 9547.62 9956.71 38.27 483.30 928.16 1372.73 1816.87 2260.44 2703.32 3145.36 3586.43 4026.40 4465.13 4902.49 5338.34 5772.56 6205.02 6635.57 7064.09 7490.45 7914.52 8336.17 8755.28 9171.71 9585.33 9996.04 38.57 485.34 931.95 1378.26 1824.14 2269.46 2714.07 3157.84 3600.64 4042.34 4482.79 4921.86 5359.42 5795.34 6229.49 6661.73 7091.93 7519.96 7945.69 8369.00 8789.74 9207.80 9623.05 10035.36 38.88 487.39 935.74 1383.80 1831.42 2278.47 2724.82 3170.33 3614.86 4058.27 4500.44 4941.23 5380.50 5818.13 6253.97 6687.89 7119.77 7549.47 7976.87 8401.82 8824.21 9243.90 9660.77 10074.69 39.18 489.44 939.53 1389.33 1838.70 2287.49 2735.57 3182.81 3629.07 4074.21 4518.10 4960.60 5401.58 5840.91 6278.44 6714.06 7147.62 7578.99 8008.04 8434.65 8858.68 9280.00 9698.49 10114.02 39.48 491.49 943.33 1394.87 1845.98 2296.51 2746.33 3195.30 3643.29 4090.15 4535.76 4979.98 5422.67 5863.69 6302.92 6740.22 7175.46 7608.50 8039.22 8467.48 8893.15 9316.11 9736.22 10153.35 39.79 493.54 947.12 1400.41 1853.26 2305.53 2757.08 3207.79 3657.50 4106.09 4553.42 4999.35 5443.75 5886.48 6327.40 6766.39 7203.31 7638.02 8070.40 8500.31 8927.62 9352.21 9773.94 10192.68 40.10 495.59 950.92 1405.95 1860.54 2314.55 2767.84 3220.28 3671.72 4122.04 4571.08 5018.73 5464.83 5909.26 6351.88 6792.56 7231.15 7667.54 8101.58 8533.14 8962.09 9388.31 9811.66 10232.02 40.40 497.64 954.72 1411.49 1867.82 2323.57 2778.60 3232.77 3685.94 4137.98 4588.75 5038.11 5485.92 5932.05 6376.36 6818.73 7259.00 7697.06 8132.76 8565.97 8996.57 9424.42 9849.39 10271.35 40.71 499.70 958.52 1417.03 1875.10 2332.59 2789.35 3245.26 3700.16 4153.92 4606.41 5057.48 5507.01 5954.84 6400.85 6844.90 7286.85 7726.57 8163.94 8598.80 9031.04 9460.52 9887.11 10310.68 41.02 501.75 962.32 1422.57 1882.39 2341.61 2800.11 3257.75 3714.38 4169.87 4624.08 5076.86 5528.09 5977.63 6425.33 6871.07 7314.70 7756.10 8195.12 8631.64 9065.52 9496.63 9924.84 10350.02 41.33 503.81 966.12 1428.12 1889.67 2350.64 2810.87 3270.24 3728.60 4185.82 4641.74 5096.24 5549.18 6000.42 6449.82 6897.24 7342.55 7785.62 8226.30 8664.47 9099.99 9532.74 9962.57 10389.36 41.65 505.87 969.92 1433.66 1896.96 2359.66 2821.64 3282.74 3742.83 4201.76 4659.41 5115.63 5570.27 6023.21 6474.30 6923.41 7370.40 7815.14 8257.49 8697.31 9134.47 9568.85 10000.30 10428.69 41.96 507.92 973.72 1439.21 1904.25 2368.69 2832.40 3295.23 3757.05 4217.71 4677.08 5135.01 5591.36 6046.00 6498.79 6949.59 7398.26 7844.66 8288.67 8730.14 9168.95 9604.95 10038.03 10468.03 42.28 509.98 977.53 1444.76 1911.53 2377.72 2843.16 3307.73 3771.28 4233.66 4694.75 5154.39 5612.46 6068.80 6523.28 6975.76 7426.11 7874.19 8319.86 8762.98 9203.43 9641.07 10075.76 10507.37 42.59 512.05 981.33 1450.31 1918.82 2386.75 2853.93 3320.23 3785.50 4249.62 4712.42 5173.78 5633.55 6091.59 6547.77 7001.94 7453.97 7903.71 8351.04 8795.82 9237.91 9677.18 10113.49 10546.71 42.91 514.11 985.14 1455.86 1926.12 2395.78 2864.69 3332.73 3799.73 4265.57 4730.09 5193.16 5654.64 6114.39 6572.26 7028.12 7481.82 7933.24 8382.23 8828.66 9272.39 9713.29 10151.22 10586.05 43.23 516.17 988.95 1461.41 1933.41 2404.81 2875.46 3345.23 3813.96 4281.52 4747.77 5212.55 5675.74 6137.18 6596.75 7054.29 7509.68 7962.77 8413.42 8861.50 9306.88 9749.40 10188.96 10625.40 43.55 518.24 992.76 1466.96 1940.70 2413.84 2886.23 3357.73 3828.19 4297.48 4765.44 5231.94 5696.83 6159.98 6621.24 7080.47 7537.54 7992.30 8444.61 8894.34 9341.36 9785.52 10226.69 10664.74 43.87 520.30 996.57 1472.51 1948.00 2422.87 2897.00 3370.23 3842.42 4313.43 4783.12 5251.33 5717.93 6182.78 6645.74 7106.66 7565.40 8021.83 8475.80 8927.19 9375.84 9821.64 10264.43 10704.08 44.19 522.37 1000.38 1478.07 1955.29 2431.91 2907.77 3382.74 3856.66 4329.39 4800.79 5270.72 5739.03 6205.58 6670.23 7132.84 7593.26 8051.36 8507.00 8960.03 9410.33 9857.75 10302.16 10743.43 44.51 524.44 1004.19 1483.62 1962.59 2440.95 2918.54 3395.24 3870.89 4345.35 4818.47 5290.11 5760.13 6228.38 6694.73 7159.02 7621.12 8080.89 8538.19 8992.88 9444.82 9893.87 10339.90 10782.78 44.84 526.51 1008.00 1489.18 1969.89 2449.98 2929.32 3407.75 3885.13 4361.31 4836.15 5309.51 5781.23 6251.19 6719.22 7185.20 7648.98 8110.42 8569.38 9025.72 9479.30 9929.99 10377.64 10822.12 45.16 528.58 1011.82 1494.74 1977.19 2459.02 2940.09 3420.26 3899.36 4377.27 4853.83 5328.90 5802.34 6273.99 6743.72 7211.39 7676.85 8139.96 8600.58 9058.57 9513.79 9966.11 10415.38 10861.47 45.49 530.65 1015.63 1500.30 1984.49 2468.06 2950.87 3432.76 3913.60 4393.23 4871.51 5348.30 5823.44 6296.80 6768.22 7237.58 7704.71 8169.49 8631.78 9091.42 9548.28 10002.23 10453.12 10900.82 45.82 532.72 1019.45 1505.86 1991.79 2477.10 2961.65 3445.27 3927.84 4409.19 4889.19 5367.69 5844.54 6319.60 6792.72 7263.76 7732.58 8199.03 8662.97 9124.27 9582.77 10038.35 10490.86 10940.17 46.15 534.80 1023.27 1511.42 1999.09 2486.14 2972.42 3457.78 3942.08 4425.16 4906.88 5387.09 5865.65 6342.41 6817.22 7289.95 7760.45 8228.57 8694.17 9157.12 9617.27 10074.47 10528.61 10979.52 46.48 536.87 1027.09 1516.98 2006.40 2495.19 2983.20 3470.30 3956.32 4441.12 4924.56 5406.49 5886.76 6365.22 6841.73 7316.14 7788.32 8258.11 8725.37 9189.97 9651.76 10110.60 10566.35 11018.87 46.81 538.95 1030.91 1522.55 2013.70 2504.23 2993.98 3482.81 3970.56 4457.09 4942.25 5425.89 5907.86 6388.03 6866.23 7342.33 7816.19 8287.65 8756.57 9222.82 9686.25 10146.72 10604.10 11058.23 47.14 541.03 1034.73 1528.11 2021.01 2513.28 3004.76 3495.32 3984.80 4473.06 4959.94 5445.29 5928.97 6410.84 6890.74 7368.52 7844.06 8317.19 8787.78 9255.68 9720.75 10182.85 10641.84 11097.58 47.47 543.11 1038.56 1533.68 2028.32 2522.32 3015.55 3507.84 3999.05 4489.03 4977.62 5464.69 5950.08 6433.65 6915.24 7394.72 7871.93 8346.73 8818.98 9288.53 9755.24 10218.98 10679.59 11136.94 47.81 545.19 1042.38 1539.24 2035.62 2531.37 3026.33 3520.36 4013.29 4505.00 4995.31 5484.10 5971.19 6456.46 6939.75 7420.91 7899.80 8376.27 8850.18 9321.39 9789.74 10255.11 10717.34 11176.29 48.15 547.27 1046.21 1544.81 2042.93 2540.42 3037.12 3532.87 4027.54 4520.97 5013.00 5503.50 5992.31 6479.27 6964.26 7447.11 7927.67 8405.82 8881.39 9354.24 9824.24 10291.23 10755.09 11215.65 48.48 549.35 1050.03 1550.38 2050.25 2549.47 3047.90 3545.39 4041.79 4536.94 5030.70 5522.91 6013.42 6502.09 6988.77 7473.30 7955.55 8435.36 8912.59 9387.10 9858.74 10327.37 10792.84 11255.01 48.82 551.43 1053.86 1555.95 2057.56 2558.52 3058.69 3557.91 4056.04 4552.91 5048.39 5542.31 6034.53 6524.91 7013.28 7499.50 7983.43 8464.91 8943.80 9419.96 9893.24 10363.50 10830.59 11294.37 49.16 553.52 1057.69 1561.53 2064.87 2567.57 3069.48 3570.43 4070.29 4568.89 5066.08 5561.72 6055.65 6547.72 7037.79 7525.70 8011.30 8494.46 8975.01 9452.82 9927.74 10399.63 10868.34 11333.73 49.50 555.60 1061.52 1567.10 2072.19 2576.63 3080.27 3582.96 4084.54 4584.86 5083.78 5581.13 6076.77 6570.54 7062.30 7551.90 8039.18 8524.00 9006.22 9485.68 9962.24 10435.76 10906.09 11373.09 49.84 557.69 1065.35 1572.67 2079.50 2585.68 3091.06 3595.48 4098.79 4600.84 5101.47 5600.54 6097.88 6593.36 7086.81 7578.10 8067.06 8553.55 9037.43 9518.54 9996.75 10471.90 10943.85 11412.45 50.19 559.78 1069.18 1578.25 2086.82 2594.74 3101.85 3608.01 4113.05 4616.82 5119.17 5619.95 6119.00 6616.18 7111.33 7604.30 8094.94 8583.10 9068.64 9551.41 10031.25 10508.03 10981.60 11451.82 50.53 561.87 1073.02 1583.83 2094.14 2603.80 3112.64 3620.53 4127.30 4632.80 5136.87 5639.36 6140.12 6639.00 7135.85 7630.50 8122.82 8612.66 9099.85 9584.27 10065.76 10544.17 11019.36 11491.18 50.88 563.96 1076.85 1589.40 2101.46 2612.85 3123.44 3633.06 4141.56 4648.78 5154.57 5658.78 6161.25 6661.83 7160.36 7656.71 8150.70 8642.21 9131.07 9617.14 10100.26 10580.31 11057.11 11530.55 51.22 566.05 1080.69 1594.98 2108.78 2621.91 3134.23 3645.59 4155.81 4664.76 5172.27 5678.19 6182.37 6684.65 7184.88 7682.91 8178.59 8671.76 9162.28 9650.00 10134.77 10616.44 11094.87 11569.91 51.57 568.14 1084.53 1600.56 2116.10 2630.97 3145.03 3658.12 4170.07 4680.74 5189.97 5697.61 6203.49 6707.47 7209.40 7709.12 8206.47 8701.32 9193.50 9682.87 10169.28 10652.58 11132.63 11609.28 51.92 570.24 1088.37 1606.15 2123.42 2640.04 3155.83 3670.65 4184.33 4696.73 5207.67 5717.02 6224.62 6730.30 7233.92 7735.32 8234.36 8730.87 9224.72 9715.74 10203.79 10688.72 11170.39 11648.65 52.27 572.33 1092.21 1611.73 2130.75 2649.10 3166.63 3683.18 4198.59 4712.71 5225.38 5736.44 6245.74 6753.13 7258.44 7761.53 8262.25 8760.43 9255.93 9748.61 10238.30 10724.86 11208.15 11688.02 52.62 574.43 1096.05 1617.31 2138.07 2658.16 3177.43 3695.71 4212.85 4728.70 5243.08 5755.86 6266.87 6775.96 7282.96 7787.74 8290.13 8789.99 9287.15 9781.48 10272.81 10761.01 11245.91 11727.39 52.97 576.53 1099.89 1622.90 2145.40 2667.23 3188.23 3708.25 4227.12 4744.68 5260.79 5775.28 6288.00 6798.79 7307.49 7813.95 8318.02 8819.55 9318.37 9814.35 10307.33 10797.15 11283.68 11766.76 53.33 578.63 1103.73 1628.48 2152.73 2676.29 3199.03 3720.78 4241.38 4760.67 5278.50 5794.70 6309.13 6821.62 7332.01 7840.16 8345.91 8849.11 9349.59 9847.22 10341.84 10833.30 11321.44 11806.13 53.68 580.73 1107.58 1634.07 2160.05 2685.36 3209.84 3733.32 4255.64 4776.66 5296.21 5814.12 6330.26 6844.45 7356.54 7866.38 8373.80 8878.67 9380.82 9880.10 10376.35 10869.44 11359.21 11845.50 54.04 582.83 1111.42 1639.66 2167.38 2694.43 3220.64 3745.85 4269.91 4792.65 5313.92 5833.55 6351.39 6867.28 7381.07 7892.59 8401.70 8908.23 9412.04 9912.97 10410.87 10905.59 11396.97 11884.88 54.40 584.93 1115.27 1645.25 2174.71 2703.50 3231.45 3758.39 4284.18 4808.64 5331.63 5852.97 6372.52 6890.11 7405.59 7918.80 8429.59 8937.79 9443.26 9945.85 10445.39 10941.74 11434.74 11924.25 54.75 587.03 1119.12 1650.84 2182.05 2712.57 3242.25 3770.93 4298.45 4824.64 5349.34 5872.40 6393.66 6912.95 7430.12 7945.02 8457.48 8967.36 9474.49 9978.72 10479.90 10977.88 11472.51 11963.63 55.11 589.14 1122.96 1656.43 2189.38 2721.64 3253.06 3783.47 4312.72 4840.63 5367.05 5891.83 6414.79 6935.79 7454.65 7971.24 8485.38 8996.92 9505.72 10011.60 10514.42 11014.03 11510.28 12003.01 55.47 591.24 1126.81 1662.03 2196.71 2730.72 3263.87 3796.02 4326.99 4856.62 5384.77 5911.25 6435.93 6958.62 7479.18 7997.46 8513.28 9026.49 9536.94 10044.48 10548.94 11050.18 11548.05 12042.38 55.84 593.35 1130.67 1667.62 2204.05 2739.79 3274.68 3808.56 4341.26 4872.62 5402.48 5930.68 6457.06 6981.46 7503.72 8023.67 8541.17 9056.06 9568.17 10077.36 10583.46 11086.34 11585.82 12081.76 56.20 595.46 1134.52 1673.22 2211.39 2748.87 3285.49 3821.10 4355.53 4888.62 5420.20 5950.11 6478.20 7004.30 7528.25 8049.89 8569.07 9085.63 9599.40 10110.24 10617.99 11122.49 11623.59 12121.14 56.56 597.57 1138.37 1678.81 2218.73 2757.95 3296.31 3833.65 4369.81 4904.62 5437.92 5969.55 6499.34 7027.14 7552.79 8076.12 8596.97 9115.20 9630.63 10143.12 10652.51 11158.64 11661.36 12160.53 56.93 599.68 1142.23 1684.41 2226.06 2767.02 3307.12 3846.20 4384.08 4920.62 5455.64 5988.98 6520.48 7049.98 7577.32 8102.34 8624.87 9144.77 9661.86 10176.00 10687.03 11194.80 11699.14 12199.91 57.30 601.79 1146.08 1690.01 2233.41 2776.10 3317.94 3858.74 4398.36 4936.62 5473.36 6008.41 6541.62 7072.83 7601.86 8128.56 8652.78 9174.34 9693.10 10208.89 10721.56 11230.95 11736.91 12239.29 57.66 603.90 1149.94 1695.61 2240.75 2785.18 3328.75 3871.29 4412.64 4952.62 5491.08 6027.85 6562.77 7095.67 7626.40 8154.79 8680.68 9203.91 9724.33 10241.77 10756.09 11267.11 11774.69 12278.67 58.03 606.02 1153.80 1701.21 2248.09 2794.26 3339.57 3883.84 4426.92 4968.62 5508.80 6047.28 6583.91 7118.51 7650.94 8181.01 8708.58 9233.49 9755.57 10274.66 10790.61 11303.27 11812.47 12318.06 58.40 608.13 1157.66 1706.82 2255.43 2803.35 3350.39 3896.39 4441.20 4984.63 5526.52 6066.72 6605.05 7141.36 7675.48 8207.24 8736.49 9263.06 9786.80 10307.55 10825.14 11339.43 11850.25 12357.45 58.78 610.25 1161.52 1712.42 2262.78 2812.43 3361.21 3908.95 4455.48 5000.63 5544.25 6086.16 6626.20 7164.21 7700.02 8233.47 8764.39 9292.64 9818.04 10340.44 10859.67 11375.59 11888.03 12396.83 59.15 612.37 1165.38 1718.02 2270.12 2821.52 3372.03 3921.50 4469.76 5016.64 5561.97 6105.60 6647.35 7187.06 7724.56 8259.70 8792.30 9322.22 9849.28 10373.32 10894.20 11411.75 11925.81 12436.22 59.52 614.49 1169.25 1723.63 2277.47 2830.60 3382.85 3934.06 4484.04 5032.65 5579.70 6125.04 6668.50 7209.91 7749.10 8285.93 8820.21 9351.79 9880.52 10406.22 10928.73 11447.91 11963.59 12475.61 59.90 616.61 1173.11 1729.24 2284.82 2839.69 3393.68 3946.61 4498.33 5048.66 5597.43 6144.48 6689.65 7232.76 7773.65 8312.16 8848.12 9381.37 9911.76 10439.11 10963.26 11484.07 12001.37 12515.00 60.27 618.73 1176.98 1734.85 2292.17 2848.78 3404.50 3959.17 4512.61 5064.67 5615.16 6163.92 6710.80 7255.61 7798.19 8338.39 8876.03 9410.95 9943.00 10472.00 10997.80 11520.24 12039.15 12554.39 60.65 620.85 1180.84 1740.46 2299.52 2857.87 3415.33 3971.73 4526.90 5080.68 5632.89 6183.37 6731.95 7278.46 7822.74 8364.62 8903.94 9440.54 9974.24 10504.89 11032.33 11556.40 12076.94 12593.78 61.03 622.97 1184.71 1746.07 2306.87 2866.96 3426.15 3984.29 4541.19 5096.69 5650.62 6202.81 6753.10 7301.31 7847.29 8390.86 8931.86 9470.12 10005.48 10537.79 11066.87 11592.57 12114.72 12633.18 61.41 625.10 1188.58 1751.68 2314.23 2876.05 3436.98 3996.85 4555.48 5112.70 5668.35 6222.26 6774.25 7324.17 7871.84 8417.09 8959.77 9499.70 10036.73 10570.68 11101.40 11628.73 12152.51 12672.57 61.79 627.22 1192.45 1757.29 2321.58 2885.15 3447.81 4009.41 4569.77 5128.72 5686.09 6241.71 6795.41 7347.03 7896.39 8443.33 8987.68 9529.29 10067.97 10603.58 11135.94 11664.90 12190.30 12711.97 62.17 629.35 1196.32 1762.91 2328.94 2894.24 3458.64 4021.97 4584.06 5144.73 5703.82 6261.16 6816.57 7369.88 7920.94 8469.57 9015.60 9558.87 10099.22 10636.48 11170.48 11701.07 12228.08 12751.36 62.55 631.48 1200.19 1768.52 2336.29 2903.34 3469.47 4034.54 4598.35 5160.75 5721.56 6280.61 6837.72 7392.74 7945.49 8495.81 9043.52 9588.46 10130.47 10669.38 11205.02 11737.24 12265.87 12790.76 62.94 633.61 1204.07 1774.14 2343.65 2912.43 3480.31 4047.10 4612.65 5176.77 5739.30 6300.06 6858.88 7415.60 7970.05 8522.05 9071.44 9618.05 10161.72 10702.28 11239.56 11773.41 12303.66 12830.16 63.32 635.74 1207.94 1779.76 2351.01 2921.53 3491.14 4059.67 4626.94 5192.79 5757.03 6319.51 6880.04 7438.46 7994.60 8548.29 9099.36 9647.64 10192.97 10735.18 11274.10 11809.58 12341.46 12869.56 63.71 637.87 1211.82 1785.38 2358.37 2930.63 3501.98 4072.24 4641.24 5208.81 5774.77 6338.96 6901.20 7461.32 8019.16 8574.53 9127.28 9677.23 10224.22 10768.08 11308.65 11845.76 12379.25 12908.96 64.10 640.00 1215.70 1791.00 2365.73 2939.73 3512.81 4084.81 4655.54 5224.83 5792.51 6358.42 6922.36 7484.19 8043.71 8600.77 9155.20 9706.82 10255.47 10800.98 11343.19 11881.93 12417.04 12948.36 64.49 642.14 1219.57 1796.62 2373.10 2948.83 3523.65 4097.37 4669.83 5240.85 5810.26 6377.87 6943.53 7507.05 8068.27 8627.02 9183.12 9736.41 10286.72 10833.89 11377.73 11918.11 12454.84 12987.76 64.88 644.27 1223.45 1802.24 2380.46 2957.93 3534.49 4109.95 4684.13 5256.88 5828.00 6397.33 6964.69 7529.92 8092.83 8653.26 9211.04 9766.00 10317.98 10866.79 11412.28 11954.28 12492.63 13027.16 65.27 646.41 1227.33 1807.86 2387.82 2967.04 3545.33 4122.52 4698.43 5272.90 5845.74 6416.79 6985.86 7552.78 8117.39 8679.51 9238.97 9795.60 10349.23 10899.70 11446.83 11990.46 12530.43 13066.57 65.66 648.55 1231.22 1813.49 2395.19 2976.14 3556.17 4135.09 4712.74 5288.93 5863.49 6436.24 7007.02 7575.65 8141.95 8705.76 9266.90 9825.20 10380.49 10932.60 11481.38 12026.64 12568.22 13105.97 66.06 650.69 1235.10 1819.12 2402.56 2985.25 3567.01 4147.67 4727.04 5304.95 5881.23 6455.70 7028.19 7598.52 8166.51 8732.01 9294.82 9854.79 10411.74 10965.51 11515.92 12062.82 12606.02 13145.38 66.45 652.83 1238.98 1824.74 2409.93 2994.36 3577.85 4160.24 4741.34 5320.98 5898.98 6475.17 7049.36 7621.39 8191.08 8758.26 9322.75 9884.39 10443.00 10998.42 11550.47 12099.00 12643.82 13184.78 66.85 654.97 1242.87 1830.37 2417.30 3003.46 3588.70 4172.82 4755.65 5337.01 5916.73 6494.63 7070.53 7644.26 8215.64 8784.51 9350.68 9913.99 10474.26 11031.33 11585.03 12135.18 12681.62 13224.19 67.24 657.11 1246.76 1836.00 2424.67 3012.57 3599.54 4185.40 4769.96 5353.04 5934.48 6514.09 7091.70 7667.13 8240.21 8810.76 9378.61 9943.59 10505.52 11064.24 11619.58 12171.36 12719.42 13263.60 67.64 659.25 1250.64 1841.63 2432.04 3021.69 3610.39 4197.98 4784.26 5369.07 5952.23 6533.56 7112.87 7690.00 8264.77 8837.01 9406.54 9973.19 10536.78 11097.15 11654.13 12207.54 12757.23 13303.01 68.04 661.40 1254.53 1847.26 2439.41 3030.80 3621.24 4210.56 4798.57 5385.11 5969.98 6553.02 7134.04 7712.88 8289.34 8863.27 9434.47 10002.79 10568.05 11130.07 11688.69 12243.73 12795.03 13342.42 68.44 663.54 1258.42 1852.90 2446.79 3039.91 3632.09 4223.14 4812.88 5401.14 5987.74 6572.49 7155.22 7735.75 8313.91 8889.52 9462.41 10032.39 10599.31 11162.98 11723.24 12279.91 12832.83 13381.83 68.85 665.69 1262.31 1858.53 2454.16 3049.02 3642.94 4235.72 4827.19 5417.18 6005.49 6591.96 7176.39 7758.63 8338.48 8915.78 9490.34 10062.00 10630.57 11195.90 11757.80 12316.10 12870.64 13421.25 69.25 667.84 1266.21 1864.17 2461.54 3058.14 3653.79 4248.30 4841.51 5433.21 6023.25 6611.42 7197.57 7781.51 8363.05 8942.04 9518.28 10091.60 10661.84 11228.81 11792.35 12352.29 12908.45 13460.66 69.65 669.99 1270.10 1869.80 2468.92 3067.26 3664.64 4260.89 4855.82 5449.25 6041.00 6630.89 7218.75 7804.38 8387.63 8968.29 9546.21 10121.21 10693.11 11261.73 11826.91 12388.48 12946.25 13500.08 70.06 672.14 1274.00 1875.44 2476.30 3076.37 3675.50 4273.48 4870.13 5465.29 6058.76 6650.37 7239.93 7827.26 8412.20 8994.55 9574.15 10150.82 10724.38 11294.65 11861.47 12424.67 12984.06 13539.49 70.46 674.29 1277.89 1881.08 2483.68 3085.49 3686.35 4286.06 4884.45 5481.33 6076.52 6669.84 7261.11 7850.14 8436.77 9020.81 9602.09 10180.43 10755.64 11327.57 11896.03 12460.86 13021.87 13578.91 70.87 676.44 1281.79 1886.72 2491.06 3094.61 3697.21 4298.65 4898.77 5497.37 6094.28 6689.31 7282.29 7873.03 8461.35 9047.08 9630.03 10210.04 10786.91 11360.49 11930.59 12497.05 13059.68 13618.33 71.28 678.60 1285.69 1892.36 2498.44 3103.73 3708.06 4311.24 4913.09 5513.41 6112.04 6708.79 7303.47 7895.91 8485.93 9073.34 9657.97 10239.65 10818.18 11393.41 11965.16 12533.24 13097.49 13657.75 71.69 680.75 1289.59 1898.01 2505.82 3112.86 3718.92 4323.83 4927.40 5529.46 6129.80 6728.26 7324.65 7918.79 8510.50 9099.60 9685.91 10269.26 10849.46 11426.34 11999.72 12569.43 13135.31 13697.17 72.10 682.91 1293.49 1903.65 2513.21 3121.98 3729.78 4336.42 4941.72 5545.50 6147.57 6747.74 7345.84 7941.68 8535.08 9125.87 9713.86 10298.87 10880.73 11459.26 12034.28 12605.63 13173.12 13736.59 72.52 685.07 1297.39 1909.29 2520.59 3131.11 3740.64 4349.02 4956.05 5561.55 6165.33 6767.22 7367.02 7964.56 8559.66 9152.13 9741.80 10328.48 10912.00 11492.18 12068.85 12641.82 13210.94 13776.01 72.93 687.23 1301.29 1914.94 2527.98 3140.23 3751.50 4361.61 4970.37 5577.59 6183.10 6786.70 7388.21 7987.45 8584.24 9178.40 9769.75 10358.10 10943.28 11525.11 12103.42 12678.02 13248.75 13815.43 73.34 689.39 1305.20 1920.59 2535.37 3149.36 3762.37 4374.21 4984.69 5593.64 6200.86 6806.18 7409.40 8010.34 8608.83 9204.67 9797.69 10387.72 10974.56 11558.04 12137.98 12714.22 13286.57 13854.86 73.76 691.55 1309.10 1926.24 2542.76 3158.49 3773.23 4386.80 4999.02 5609.69 6218.63 6825.66 7430.59 8033.23 8633.41 9230.94 9825.64 10417.33 11005.83 11590.97 12172.55 12750.42 13324.38 13894.28 74.18 693.71 1313.01 1931.89 2550.15 3167.62 3784.10 4399.40 5013.34 5625.74 6236.40 6845.14 7451.78 8056.12 8657.99 9257.21 9853.59 10446.95 11037.11 11623.90 12207.12 12786.62 13362.20 13933.71 74.60 695.87 1316.92 1937.54 2557.54 3176.75 3794.96 4412.00 5027.67 5641.79 6254.17 6864.62 7472.97 8079.01 8682.58 9283.48 9881.54 10476.57 11068.39 11656.83 12241.69 12822.82 13400.02 13973.13 75.02 698.04 1320.83 1943.19 2564.94 3185.88 3805.83 4424.60 5042.00 5657.84 6271.94 6884.11 7494.16 8101.91 8707.17 9309.76 9909.49 10506.19 11099.67 11689.76 12276.27 12859.02 13437.84 14012.56 75.44 700.20 1324.74 1948.84 2572.33 3195.01 3816.70 4437.20 5056.33 5673.90 6289.71 6903.59 7515.35 8124.80 8731.75 9336.03 9937.44 10535.81 11130.95 11722.69 12310.84 12895.22 13475.67 14051.99 75.86 702.37 1328.65 1954.50 2579.73 3204.15 3827.57 4449.80 5070.66 5689.95 6307.49 6923.08 7536.55 8147.70 8756.34 9362.30 9965.40 10565.43 11162.24 11755.62 12345.41 12931.43 13513.49 14091.42 76.28 704.54 1332.56 1960.15 2587.12 3213.28 3838.44 4462.41 5084.99 5706.01 6325.26 6942.57 7557.74 8170.59 8780.93 9388.58 9993.35 10595.06 11193.52 11788.56 12379.99 12967.63 13551.31 14130.85 76.71 706.71 1336.47 1965.81 2594.52 3222.42 3849.31 4475.01 5099.33 5722.06 6343.04 6962.06 7578.94 8193.49 8805.52 9414.86 10021.30 10624.68 11224.80 11821.49 12414.56 13003.84 13589.14 14170.28 77.13 708.88 1340.39 1971.47 2601.92 3231.56 3860.19 4487.62 5113.66 5738.12 6360.82 6981.55 7600.14 8216.39 8830.12 9441.14 10049.26 10654.31 11256.09 11854.43 12449.14 13040.04 13626.96 14209.71 77.56 711.05 1344.30 1977.12 2609.32 3240.69 3871.06 4500.22 5128.00 5754.18 6378.59 7001.04 7621.34 8239.29 8854.71 9467.42 10077.22 10683.93 11287.38 11887.37 12483.72 13076.25 13664.79 14249.15 77.99 713.23 1348.22 1982.78 2616.72 3249.83 3881.94 4512.83 5142.33 5770.24 6396.37 7020.53 7642.54 8262.19 8879.30 9493.70 10105.18 10713.56 11318.67 11920.30 12518.30 13112.46 13702.62 14288.58 78.42 715.40 1352.14 1988.45 2624.12 3258.98 3892.81 4525.44 5156.67 5786.30 6414.15 7040.03 7663.74 8285.09 8903.90 9519.98 10133.14 10743.19 11349.95 11953.24 12552.88 13148.67 13740.44 14328.02 78.85 717.57 1356.06 1994.11 2631.53 3268.12 3903.69 4538.05 5171.01 5802.37 6431.94 7059.52 7684.94 8307.99 8928.50 9546.26 10161.10 10772.82 11381.24 11986.18 12587.46 13184.88 13778.27 14367.46 79.28 719.75 1359.98 1999.77 2638.93 3277.26 3914.57 4550.66 5185.35 5818.43 6449.72 7079.02 7706.14 8330.90 8953.09 9572.54 10189.06 10802.45 11412.54 12019.13 12622.04 13221.09 13816.10 14406.89 79.71 721.93 1363.90 2005.44 2646.34 3286.41 3925.45 4563.28 5199.69 5834.50 6467.50 7098.52 7727.35 8353.80 8977.69 9598.83 10217.02 10832.08 11443.83 12052.07 12656.62 13257.31 13853.94 14446.33 80.14 724.11 1367.83 2011.10 2653.74 3295.55 3936.33 4575.89 5214.03 5850.56 6485.29 7118.01 7748.55 8376.71 9002.29 9625.11 10244.99 10861.72 11475.12 12085.01 12691.21 13293.52 13891.77 14485.77 80.58 726.29 1371.75 2016.77 2661.15 3304.70 3947.22 4588.51 5228.38 5866.63 6503.07 7137.51 7769.76 8399.62 9026.89 9651.40 10272.95 10891.35 11506.42 12117.96 12725.79 13329.74 13929.60 14525.21 81.02 728.47 1375.68 2022.44 2668.56 3313.85 3958.10 4601.12 5242.72 5882.70 6520.86 7157.01 7790.97 8422.52 9051.50 9677.69 10300.92 10920.99 11537.71 12150.90 12760.38 13365.95 13967.44 14564.65 81.45 730.65 1379.60 2028.11 2675.97 3323.00 3968.98 4613.74 5257.07 5898.77 6538.65 7176.52 7812.18 8445.43 9076.10 9703.98 10328.88 10950.62 11569.01 12183.85 12794.97 13402.17 14005.27 14604.10 81.89 732.83 1383.53 2033.78 2683.38 3332.15 3979.87 4626.36 5271.41 5914.84 6556.44 7196.02 7833.39 8468.34 9100.70 9730.27 10356.85 10980.26 11600.30 12216.80 12829.55 13438.39 14043.11 14643.54 82.33 735.02 1387.46 2039.45 2690.80 3341.30 3990.76 4638.98 5285.76 5930.91 6574.23 7215.52 7854.60 8491.26 9125.31 9756.56 10384.82 11009.90 11631.60 12249.75 12864.14 13474.61 14080.95 14682.99 82.77 737.21 1391.39 2045.12 2698.21 3350.45 4001.65 4651.60 5300.11 5946.98 6592.02 7235.03 7875.81 8514.17 9149.92 9782.85 10412.79 11039.54 11662.90 12282.70 12898.73 13510.83 14118.79 14722.43 83.21 739.39 1395.32 2050.80 2705.63 3359.61 4012.54 4664.22 5314.46 5963.06 6609.81 7254.53 7897.02 8537.08 9174.52 9809.15 10440.76 11069.18 11694.20 12315.65 12933.33 13547.05 14156.63 14761.88 83.66 741.58 1399.25 2056.47 2713.04 3368.76 4023.43 4676.84 5328.81 5979.13 6627.61 7274.04 7918.24 8560.00 9199.13 9835.44 10468.74 11098.82 11725.51 12348.60 12967.92 13583.27 14194.47 14801.33 84.10 743.77 1403.19 2062.15 2720.46 3377.92 4034.32 4689.47 5343.16 5995.21 6645.40 7293.55 7939.45 8582.92 9223.74 9861.74 10496.71 11128.46 11756.81 12381.55 13002.51 13619.49 14232.31 14840.77 84.55 745.96 1407.12 2067.83 2727.88 3387.07 4045.21 4702.09 5357.52 6011.29 6663.20 7313.06 7960.67 8605.83 9248.35 9888.03 10524.68 11158.11 11788.11 12414.51 13037.11 13655.72 14270.15 14880.22 84.99 748.15 1411.06 2073.51 2735.30 3396.23 4056.11 4714.72 5371.87 6027.37 6681.00 7332.57 7981.89 8628.75 9272.96 9914.33 10552.66 11187.75 11819.42 12447.46 13071.70 13691.94 14307.99 14919.67 85.44 750.35 1415.00 2079.19 2742.72 3405.39 4067.00 4727.35 5386.23 6043.45 6698.80 7352.08 8003.11 8651.67 9297.58 9940.63 10580.64 11217.40 11850.72 12480.42 13106.30 13728.17 14345.84 14959.13 85.89 752.54 1418.93 2084.87 2750.14 3414.55 4077.90 4739.98 5400.59 6059.53 6716.60 7371.60 8024.33 8674.59 9322.19 9966.93 10608.61 11247.04 11882.03 12513.38 13140.90 13764.40 14383.69 14998.58 86.34 754.74 1422.87 2090.55 2757.57 3423.72 4088.80 4752.61 5414.95 6075.61 6734.40 7391.11 8045.55 8697.51 9346.81 9993.23 10636.59 11276.69 11913.34 12546.34 13175.50 13800.62 14421.53 15038.03 86.79 756.93 1426.81 2096.24 2764.99 3432.88 4099.70 4765.24 5429.30 6091.69 6752.20 7410.63 8066.77 8720.44 9371.42 10019.54 10664.57 11306.34 11944.65 12579.30 13210.09 13836.85 14459.38 15077.49 87.25 759.13 1430.76 2101.92 2772.42 3442.04 4110.60 4777.87 5443.67 6107.78 6770.00 7430.14 8088.00 8743.36 9396.04 10045.84 10692.55 11335.99 11975.96 12612.26 13244.70 13873.08 14497.23 15116.94 87.70 761.33 1434.70 2107.61 2779.84 3451.21 4121.50 4790.51 5458.03 6123.86 6787.81 7449.66 8109.22 8766.29 9420.66 10072.14 10720.54 11365.64 12007.27 12645.22 13279.30 13909.31 14535.08 15156.40 88.15 763.53 1438.64 2113.29 2787.27 3460.38 4132.40 4803.14 5472.39 6139.95 6805.61 7469.18 8130.45 8789.21 9445.28 10098.45 10748.52 11395.30 12038.58 12678.18 13313.90 13945.55 14572.93 15195.86 88.61 765.73 1442.59 2118.98 2794.70 3469.54 4143.30 4815.78 5486.75 6156.04 6823.42 7488.70 8151.67 8812.14 9469.90 10124.76 10776.50 11424.95 12069.90 12711.14 13348.50 13981.78 14610.78 15235.32 89.07 767.93 1446.54 2124.67 2802.13 3478.71 4154.21 4828.41 5501.12 6172.13 6841.23 7508.22 8172.90 8835.07 9494.52 10151.06 10804.49 11454.60 12101.21 12744.11 13383.11 14018.01 14648.63 15274.78 89.53 770.14 1450.48 2130.36 2809.56 3487.88 4165.12 4841.05 5515.49 6188.22 6859.04 7527.74 8194.13 8858.00 9519.15 10177.37 10832.48 11484.26 12132.53 12777.08 13417.72 14054.25 14686.49 15314.24 89.99 772.34 1454.43 2136.05 2817.00 3497.06 4176.02 4853.69 5529.85 6204.31 6876.85 7547.27 8215.36 8880.93 9543.77 10203.68 10860.46 11513.92 12163.84 12810.04 13452.32 14090.49 14724.34 15353.70 90.45 774.55 1458.38 2141.75 2824.43 3506.23 4186.93 4866.33 5544.22 6220.40 6894.66 7566.79 8236.59 8903.86 9568.40 10229.99 10888.45 11543.57 12195.16 12843.01 13486.93 14126.72 14762.20 15393.16 90.91 776.75 1462.33 2147.44 2831.87 3515.40 4197.84 4878.97 5558.59 6236.49 6912.47 7586.32 8257.82 8926.80 9593.02 10256.31 10916.44 11573.23 12226.48 12875.98 13521.54 14162.96 14800.06 15432.62 91.37 778.96 1466.29 2153.14 2839.30 3524.58 4208.75 4891.62 5572.96 6252.59 6930.28 7605.84 8279.06 8949.73 9617.65 10282.62 10944.43 11602.89 12257.80 12908.95 13556.15 14199.20 14837.91 15472.09 91.84 781.17 1470.24 2158.83 2846.74 3533.75 4219.66 4904.26 5587.34 6268.69 6948.10 7625.37 8300.29 8972.66 9642.28 10308.93 10972.43 11632.55 12289.12 12941.92 13590.76 14235.44 14875.77 15511.55 92.30 783.38 1474.19 2164.53 2854.18 3542.93 4230.58 4916.91 5601.71 6284.78 6965.91 7644.90 8321.53 8995.60 9666.91 10335.25 11000.42 11662.22 12320.44 12974.89 13625.37 14271.68 14913.63 15551.02 92.77 785.59 1478.15 2170.23 2861.62 3552.11 4241.49 4929.55 5616.08 6300.88 6983.73 7664.43 8342.77 9018.54 9691.54 10361.57 11028.41 11691.88 12351.76 13007.87 13659.99 14307.93 14951.49 15590.49 93.24 787.81 1482.11 2175.93 2869.06 3561.29 4252.41 4942.20 5630.46 6316.98 7001.55 7683.96 8364.00 9041.48 9716.17 10387.88 11056.41 11721.54 12383.09 13040.84 13694.60 14344.17 14989.35 15629.96 93.71 790.02 1486.07 2181.63 2876.50 3570.47 4263.32 4954.85 5644.84 6333.08 7019.37 7703.49 8385.24 9064.42 9740.80 10414.20 11084.40 11751.21 12414.41 13073.81 13729.22 14380.42 15027.22 15669.43 94.18 792.24 1490.03 2187.33 2883.95 3579.65 4274.24 4967.50 5659.22 6349.18 7037.19 7723.03 8406.48 9087.36 9765.44 10440.52 11112.40 11780.88 12445.74 13106.79 13763.83 14416.66 15065.08 15708.90 94.65 794.45 1493.99 2193.04 2891.39 3588.84 4285.16 4980.15 5673.59 6365.29 7055.01 7742.56 8427.73 9110.30 9790.07 10466.84 11140.40 11810.54 12477.07 13139.77 13798.45 14452.91 15102.95 15748.37 95.12 796.67 1497.95 2198.74 2898.84 3598.02 4296.08 4992.80 5687.97 6381.39 7072.83 7762.10 8448.97 9133.24 9814.71 10493.17 11168.40 11840.21 12508.39 13172.75 13833.07 14489.16 15140.81 15787.84 95.59 798.89 1501.91 2204.45 2906.28 3607.20 4307.00 5005.45 5702.36 6397.49 7090.66 7781.63 8470.21 9156.19 9839.35 10519.49 11196.40 11869.88 12539.72 13205.73 13867.69 14525.40 15178.68 15827.31 96.07 801.11 1505.88 2210.15 2913.73 3616.39 4317.92 5018.11 5716.74 6413.60 7108.48 7801.17 8491.46 9179.13 9863.99 10545.81 11224.40 11899.55 12571.05 13238.71 13902.31 14561.65 15216.55 15866.79
=== END RADAR_SCAN ===

=== BEGIN RADAR_SCAN ===
scan.index=2
scan.time=134.330000
radar.id=2
radar.frequency=X
radar.scanning_mode=RHI
radar.x=-50000.000
radar.y=50000.000
radar.z=25.000
radar.maximum_range=50000.000
radar.range_resolution=100.000
radar.angular_resolution=1.000000
box.radar_id=2
box.min_range_gate=158.000
box.max_range_gate=404.000
box.min_angle=0.000000
box.max_angle=24.000000
box.num_ranges=247
box.num_angles=24
box.range_resolution=100.000
box.angular_resolution=1.000000
box.other_angle=-72.850675
grid.size=5928
grid.data=0.00 0.00 0.00 0.00 0.00 0.00 0.00 0.00 0.00 0.00 0.00 0.00 0.00 0.00 0.00 0.00 0.00 0.00 0.00 0.00 0.00 0.00 0.00 0.00 0.00 0.00 0.00 0.00 0.00 0.00 0.00 0.00 0.00 0.00 0.00 0.00 0.00 0.00 0.00 0.00 0.00 0.00 0.00 0.00 0.00 0.00 0.00 0.00 0.00 0.00 0.00 0.00 0.00 0.00 0.00 0.00 0.00 0.00 0.00 0.00 0.00 0.00 0.00 0.00 0.00 0.00 0.00 0.00 0.00 0.00 0.00 0.00 29.90 29.66 28.63 24.82 27.77 30.65 0.00 0.00 0.00 0.00 0.00 0.00 0.00 0.00 0.00 0.00 0.00 0.00 0.00 0.00 0.00 0.00 0.00 0.00 30.45 27.51 26.89 30.50 28.38 28.66 35.85 31.22 31.76 0.00 0.00 0.00 0.00 0.00 0.00 0.00 0.00 0.00 0.00 0.00 0.00 0.00 0.00 0.00 22.30 23.95 27.93 26.00 29.08 32.67 32.62 33.84 28.97 30.58 33.46 0.00 0.00 0.00 0.00 0.00 0.00 0.00 0.00 0.00 0.00 0.00 0.00 0.00 24.89 24.36 28.91 26.93 27.81 29.72 34.46 28.94 35.02 34.44 34.09 30.12 38.19 0.00 0.00 0.00 0.00 0.00 0.00 0.00 0.00 0.00 0.00 0.00 26.68 26.26 27.05 27.82 31.34 32.56 31.21 30.48 30.67 38.02 35.74 34.00 43.36 50.47 0.00 0.00 0.00 0.00 0.00 0.00 0.00 0.00 0.00 0.00 28.85 25.32 27.74 25.32 30.64 28.92 32.74 28.47 29.97 36.37 34.80 34.18 45.95 41.42 36.24 0.00 0.00 0.00 0.00 0.00 0.00 0.00 0.00 0.00 27.21 31.27 25.28 30.83 31.82 27.27 29.28 29.31 27.40 37.12 32.02 36.47 49.45 42.47 33.04 33.80 34.77 0.00 0.00 0.00 0.00 0.00 0.00 0.00 24.72 30.00 24.83 30.34 28.91 34.65 30.76 34.69 32.38 30.93 41.99 36.77 46.89 41.19 40.67 38.18 30.46 30.60 0.00 0.00 0.00 0.00 0.00 0.00 28.13 26.21 30.74 31.21 31.79 33.03 31.87 29.26 30.81 35.91 30.22 38.80 43.77 40.56 40.12 31.75 35.81 34.10 26.64 0.00 0.00 0.00 0.00 0.00 25.60 23.93 27.88 30.14 31.83 29.80 30.44 31.17 29.93 28.69 35.98 36.63 44.60 42.67 37.68 33.88 34.66 25.44 27.50 19.48 0.00 0.00 0.00 0.00 24.66 25.06 28.46 27.83 28.52 23.93 31.21 30.27 30.59 32.25 34.64 37.54 47.23 41.67 37.23 34.49 33.40 27.44 25.05 22.42 16.14 0.00 0.00 0.00 28.46 32.15 24.58 30.37 29.87 32.17 30.06 30.12 26.60 32.06 27.35 35.16 45.70 38.82 38.81 36.31 34.33 27.41 23.40 22.23 18.44 16.41 0.00 0.00 31.40 26.16 28.03 30.27 28.72 30.10 28.09 27.68 29.19 36.58 33.50 32.62 39.44 41.56 40.51 31.22 29.50 24.68 24.31 21.77 17.25 14.09 11.19 0.00 29.11 28.80 29.16 21.54 30.11 29.21 31.42 29.98 34.11 34.84 33.55 36.45 45.88 43.69 35.69 36.35 28.57 26.93 25.53 22.17 16.63 15.36 11.75 0.00 26.83 26.49 28.59 26.65 29.56 29.47 33.45 31.04 30.16 32.54 32.39 39.04 45.01 41.14 34.71 30.78 28.91 29.41 21.93 22.59 18.04 13.08 9.64 9.56 25.01 25.46 23.79 28.50 29.69 31.94 28.52 33.96 39.49 32.82 36.96 41.88 43.68 38.96 35.78 33.79 29.74 24.69 24.90 19.34 16.01 14.61 12.96 6.39 26.42 26.57 28.13 29.51 32.52 31.01 27.27 34.39 34.71 32.47 35.74 43.58 42.94 45.89 41.75 28.59 32.43 27.26 24.22 24.52 18.46 14.22 15.22 8.47 30.04 26.71 27.32 26.57 31.02 33.00 28.08 32.85 28.41 30.10 30.42 47.22 41.67 37.93 35.65 36.70 30.03 24.70 23.69 20.63 16.50 14.40 11.70 7.09 30.18 26.81 22.74 28.77 30.18 26.69 28.53 34.63 30.51 38.89 33.97 44.72 37.61 37.74 37.78 30.42 29.43 29.07 24.37 19.39 16.49 14.54 9.34 1.36 26.97 27.66 25.46 28.47 31.06 31.26 31.71 41.86 34.21 39.70 38.31 42.77 39.94 32.73 31.12 37.83 32.37 27.53 20.93 21.88 15.01 13.71 8.93 1.30 27.10 29.22 29.66 29.31 27.86 29.13 32.57 34.17 32.28 32.11 36.69 45.39 42.38 42.59 31.41 34.25 27.47 26.95 20.35 16.59 12.16 12.64 11.38 1.19 27.99 25.35 29.79 28.29 29.18 29.65 30.90 28.22 33.26 32.24 33.91 36.45 42.09 42.78 32.98 30.89 29.11 29.75 22.12 22.43 15.80 14.67 5.10 -0.21 23.35 23.93 25.54 29.26 31.61 31.17 33.56 28.20 34.89 43.87 35.94 40.46 43.57 40.22 31.26 31.02 31.49 23.98 23.18 15.85 15.01 11.28 6.07 1.26 27.64 30.12 27.97 29.30 28.60 27.39 32.80 31.63 29.96 35.20 32.46 41.47 44.20 37.59 31.50 30.46 23.95 23.96 23.38 16.65 14.83 12.11 7.16 1.45 28.07 26.08 26.08 27.72 25.98 27.89 32.28 32.26 33.55 35.08 32.62 41.11 39.43 40.54 32.20 29.13 29.78 22.86 18.32 17.37 12.18 10.94 8.46 0.12 33.21 28.22 29.11 27.91 26.28 31.80 29.30 28.80 27.74 32.82 37.43 42.66 39.79 37.46 31.74 32.86 24.26 26.28 20.95 17.63 12.79 7.28 4.66 -1.72 25.56 28.13 26.52 24.66 26.80 27.24 31.40 31.13 31.85 35.17 36.46 45.63 39.92 38.37 33.93 30.59 28.31 23.23 16.94 15.18 16.27 11.71 -3.22 0.80 27.10 30.63 25.89 27.69 27.81 31.71 35.04 33.65 34.64 35.99 37.50 39.74 41.95 35.05 30.66 32.93 24.55 24.07 19.11 15.20 9.94 7.69 -0.17 -0.53 28.30 27.16 32.39 31.42 28.33 30.95 34.32 30.77 28.78 37.86 37.06 42.78 36.75 38.54 33.87 29.85 26.35 20.39 18.06 13.62 10.29 8.99 0.25 -1.11 26.78 27.37 26.83 29.09 33.51 29.21 34.02 30.95 29.77 36.11 33.65 43.15 37.32 40.25 36.45 30.30 24.86 23.16 15.08 16.56 11.73 10.94 -1.01 1.79 28.83 29.79 26.15 27.32 27.69 27.78 33.00 33.67 32.26 31.51 35.95 41.89 37.35 33.21 33.28 28.09 28.57 27.66 18.75 13.17 13.49 7.00 -0.71 -0.17 24.71 25.97 28.16 25.73 29.60 27.79 30.88 35.56 32.72 37.64 41.56 34.50 41.22 38.58 27.29 30.25 23.27 22.19 19.70 13.55 12.16 9.26 -1.23 -0.56 28.17 26.26 26.67 30.85 30.11 32.62 30.45 30.56 31.83 38.44 34.61 42.49 44.78 34.56 32.87 30.10 27.22 23.32 17.03 11.30 7.68 6.87 -1.88 -0.49 28.88 28.06 27.81 27.93 29.53 26.13 35.63 35.31 34.92 34.30 41.40 40.20 34.35 36.37 31.07 29.84 25.08 23.54 21.55 12.14 11.30 7.79 2.22 3.02 24.96 25.15 27.78 32.94 30.16 30.55 30.59 35.28 36.03 33.36 41.19 41.82 34.96 37.74 32.23 29.20 20.61 19.74 18.80 13.33 10.01 -1.76 1.21 -0.25 27.27 26.55 26.70 31.05 33.36 30.24 29.68 33.47 28.68 36.14 45.11 46.64 34.77 34.83 32.66 30.25 23.15 22.95 15.94 13.04 9.40 0.15 1.31 2.05 28.50 26.46 27.67 29.86 27.20 33.69 33.77 31.03 32.63 34.56 40.70 44.50 32.15 32.94 31.08 26.36 24.07 17.06 17.33 12.84 9.73 1.40 -0.61 1.70 25.98 22.51 30.48 31.15 27.59 27.80 32.86 32.86 31.14 38.31 39.18 41.20 38.10 27.59 33.87 30.06 24.27 21.50 14.93 13.08 9.61 1.23 -0.05 0.67 28.00 21.71 25.74 28.86 30.39 33.57 28.80 31.25 34.17 31.11 46.01 41.06 38.40 35.31 29.04 25.26 22.07 20.69 20.85 12.81 8.06 -0.50 0.41 1.12 25.90 27.38 24.38 28.17 26.78 31.94 31.25 32.34 35.79 38.00 43.41 43.90 38.36 31.91 28.06 24.89 21.00 21.08 15.13 15.68 9.22 -1.42 1.30 -0.23 26.92 28.07 26.50 30.01 29.71 30.98 29.39 36.35 33.32 32.03 40.04 41.14 33.85 37.21 27.34 28.06 21.90 21.46 12.27 12.75 8.55 1.50 0.33 -1.48 25.47 29.27 25.91 31.92 22.71 26.45 30.64 34.27 35.82 30.39 40.85 45.79 34.38 28.77 27.15 25.84 24.14 17.29 13.86 13.18 8.56 -2.01 0.69 -1.08 25.29 30.55 28.48 26.13 29.09 31.32 33.07 34.20 35.43 35.54 40.42 41.89 36.18 33.75 23.91 23.35 23.30 19.41 13.98 8.70 6.35 1.91 0.83 1.55 26.68 26.88 30.48 23.54 31.01 27.74 32.06 29.25 35.00 37.66 37.07 36.09 40.02 33.56 26.26 25.22 21.93 16.49 13.17 9.66 2.00 1.10 -0.89 2.66 29.75 23.99 27.11 26.97 35.25 29.12 31.83 32.84 33.03 33.76 48.32 37.65 32.78 34.28 30.56 31.00 21.04 18.95 15.35 10.33 0.66 2.49 1.81 -1.98 24.90 24.08 28.90 28.92 31.39 33.64 28.70 29.88 36.88 30.59 48.15 45.19 36.00 32.27 27.13 23.36 19.55 16.76 15.01 10.09 0.13 1.95 -0.01 2.03 28.91 29.38 28.56 26.27 32.83 30.74 29.48 36.21 34.71 37.44 40.73 35.46 39.01 30.95 28.82 23.38 25.65 18.54 13.88 7.71 -0.75 2.41 -0.73 0.49 26.00 26.19 29.35 32.08 30.59 31.77 28.88 34.98 34.43 34.09 44.45 43.73 34.38 30.94 25.25 25.63 17.23 16.24 12.16 7.31 0.68 0.97 0.83 1.75 26.33 29.26 25.55 28.57 27.56 32.12 29.20 29.39 35.35 38.85 36.99 37.25 35.58 30.33 29.18 26.64 18.18 16.38 11.91 11.32 -1.11 -0.49 -0.15 -0.60 28.90 23.76 23.42 29.90 30.84 30.41 29.25 34.03 33.88 33.57 40.91 41.13 39.20 35.42 29.53 22.61 21.25 15.76 11.80 8.24 -0.21 -1.39 1.35 2.85 25.57 28.74 25.22 26.54 28.47 32.11 37.28 33.72 34.42 33.65 42.82 40.45 31.82 27.51 29.57 19.95 20.53 11.70 11.70 10.71 -1.55 -2.23 1.34 -2.18 23.13 20.20 24.93 28.52 32.85 29.51 34.50 30.58 29.21 38.62 41.27 39.99 38.43 27.55 26.90 24.79 20.88 14.93 12.80 11.02 -2.53 1.08 -0.02 -2.17 22.96 24.13 26.87 28.62 34.22 33.98 32.01 41.46 38.77 40.50 37.77 37.20 33.05 29.93 33.90 27.81 17.06 16.67 7.66 3.77 -1.79 -0.22 -2.64 -1.25 28.37 22.14 26.29 28.43 31.23 29.06 34.39 35.13 40.92 35.58 45.29 37.89 33.36 32.19 27.36 22.16 17.63 17.58 14.13 0.46 -1.78 0.75 0.03 -0.11 25.07 23.20 26.62 28.75 33.21 29.98 36.40 35.40 35.45 40.96 40.80 41.07 31.69 33.13 23.33 20.97 18.27 13.67 10.65 -1.05 -1.50 -2.48 -1.45 -0.60 20.04 26.61 25.44 24.93 29.38 32.13 30.60 33.46 42.21 42.13 37.89 39.27 39.76 28.84 24.31 26.46 18.54 10.36 9.83 -1.67 0.16 -0.27 0.33 -0.76 26.88 25.54 25.22 29.13 27.65 36.10 37.49 37.61 43.54 44.06 44.44 42.47 34.87 33.61 30.19 25.95 16.18 14.14 13.24 1.22 -1.80 -0.08 -1.91 1.14 25.97 24.73 23.78 28.39 30.10 32.77 34.06 34.78 40.58 48.69 50.21 38.96 32.90 30.82 28.88 16.10 17.43 14.47 9.25 -1.90 -2.09 -2.78 0.60 2.67 22.69 21.67 24.79 27.18 34.45 34.02 40.20 40.13 40.80 41.23 36.65 35.43 32.02 26.61 31.60 27.80 16.48 12.49 9.80 -0.93 -0.55 -2.03 -1.31 0.16 23.11 27.64 25.03 25.87 30.79 35.06 34.60 35.88 45.71 43.50 41.03 36.74 37.66 33.97 29.98 25.89 22.22 14.09 7.91 2.09 0.40 0.02 -0.63 0.05 21.01 23.80 23.21 25.99 31.04 35.16 33.37 38.18 43.46 46.00 42.51 33.76 32.18 27.73 29.66 26.20 25.93 23.77 8.94 -0.44 0.42 3.11 0.23 -1.69 26.00 23.06 23.47 23.77 30.67 33.93 35.55 39.48 43.03 45.12 38.35 34.30 29.85 26.45 25.17 26.27 22.28 20.86 21.22 -0.44 0.34 3.27 0.40 -1.22 20.92 23.81 27.86 25.83 34.36 29.69 38.29 38.34 45.20 45.89 42.86 37.25 31.19 27.55 28.53 24.42 27.17 17.78 20.63 16.61 0.51 -1.54 0.48 -1.09 25.29 21.03 24.58 31.61 31.37 38.72 30.03 34.31 47.43 39.38 44.06 37.56 28.54 30.12 29.65 22.46 22.28 20.83 18.06 16.34 1.18 0.20 -3.12 0.93 26.30 22.04 27.32 27.67 26.19 30.09 36.83 37.35 35.25 46.40 40.33 34.94 30.61 27.90 26.52 24.28 21.08 20.12 18.44 17.09 13.81 -1.39 2.38 -0.33 22.87 23.63 32.76 27.40 30.91 31.27 39.03 34.59 38.69 41.75 42.77 37.22 35.02 31.47 30.91 26.66 21.84 19.48 16.98 13.82 13.84 12.14 1.95 -3.18 27.89 21.90 25.29 27.05 29.87 37.08 38.34 39.43 44.84 43.08 37.68 41.51 29.16 30.04 29.12 25.33 27.80 20.49 15.56 15.50 15.47 12.42 -1.10 1.25 25.03 24.15 22.35 23.75 29.23 30.33 35.08 37.77 39.89 43.13 39.16 38.82 35.15 29.13 27.72 25.11 26.21 20.76 19.37 15.60 12.88 12.82 5.15 -0.76 26.43 27.30 24.26 31.27 27.34 34.63 39.04 31.92 36.63 50.76 38.70 36.74 31.79 28.21 26.88 23.52 23.39 21.15 19.58 17.52 13.56 13.55 9.02 8.10 27.73 25.02 27.24 21.88 24.82 37.34 35.91 41.57 39.84 46.35 38.78 34.20 31.16 33.35 28.17 22.73 20.48 20.90 16.39 16.73 13.21 8.62 9.19 3.47 24.79 24.07 23.12 25.25 30.65 35.16 31.96 38.40 44.57 48.24 44.02 34.89 34.62 32.62 26.37 24.42 17.98 21.03 16.28 17.46 14.41 10.12 8.15 -0.51 24.70 29.76 23.30 28.20 30.95 35.79 37.35 41.51 39.93 41.09 46.54 33.47 29.74 28.72 25.11 24.03 25.04 22.17 18.02 11.79 12.71 11.85 8.18 0.21 25.83 26.19 28.57 27.38 28.84 38.67 39.51 42.11 44.07 46.15 41.42 34.86 35.66 29.92 26.02 23.36 21.22 18.59 15.63 14.23 14.84 10.00 10.92 -1.51 24.54 23.42 24.50 27.70 29.68 30.75 40.92 36.08 43.22 36.75 38.62 32.12 30.47 27.02 22.92 27.49 22.27 21.67 16.16 14.85 13.50 9.33 8.75 -0.01 29.45 27.26 21.39 27.15 35.93 29.62 37.27 39.90 42.05 42.42 35.42 33.46 27.17 29.83 27.07 25.92 21.06 20.88 14.37 14.74 11.36 11.90 11.88 2.00 25.76 28.26 28.40 29.13 36.67 36.97 35.86 44.66 46.40 43.64 41.34 33.27 28.21 29.56 23.84 29.36 18.61 17.56 16.19 15.43 10.17 10.09 8.91 -0.10 23.71 23.75 25.71 24.03 30.67 30.27 37.49 40.89 43.96 46.67 40.92 27.95 31.27 26.16 25.15 23.21 19.71 18.68 17.30 16.15 12.57 12.27 7.92 0.58 30.46 22.02 22.79 27.96 31.81 33.72 34.62 39.84 34.63 44.18 42.99 33.06 32.09 30.18 23.11 27.02 21.54 22.06 17.82 12.88 13.95 11.08 8.18 -0.74 25.43 24.75 27.69 26.12 29.33 32.57 38.11 38.38 47.54 37.26 39.72 29.72 26.23 27.67 28.02 23.69 21.51 17.90 18.63 10.95 14.81 7.12 5.40 -0.05 24.35 17.53 25.37 27.97 30.05 35.64 40.36 44.59 41.67 40.46 38.32 38.08 30.07 26.26 26.33 25.19 23.56 18.46 18.71 14.91 12.54 9.49 -2.51 -1.85 27.14 24.42 22.97 27.43 28.77 33.13 30.72 43.40 35.34 38.96 35.55 31.63 31.97 27.53 28.48 21.93 20.84 17.38 16.32 15.97 11.17 9.04 -0.95 -0.67 24.76 26.39 27.45 30.37 30.67 36.41 30.96 35.08 42.18 41.00 31.46 32.08 28.42 33.41 24.63 24.63 22.76 21.72 16.22 16.38 10.10 9.26 0.10 -0.85 28.31 27.22 23.75 28.52 36.45 31.44 35.30 39.53 40.17 35.07 32.24 28.54 29.62 27.01 20.42 23.61 19.60 21.09 15.12 10.49 10.40 9.17 0.55 1.45 24.68 23.73 29.96 22.05 36.80 29.80 33.69 40.55 38.34 38.83 36.47 36.08 29.66 28.14 23.08 19.73 19.52 18.14 15.72 14.16 11.29 9.58 -0.23 -0.28 25.62 26.50 25.12 31.59 31.40 34.33 35.99 39.46 39.79 42.39 42.49 35.11 33.43 25.61 26.59 23.25 21.86 16.73 13.19 11.38 9.63 7.54 1.39 1.32 23.26 23.99 24.23 26.52 26.78 38.05 37.49 39.96 37.41 40.49 33.49 37.85 25.13 27.18 24.38 21.59 16.84 15.02 14.76 10.29 8.58 6.79 -2.12 0.11 24.48 28.86 26.17 32.55 29.56 39.15 35.93 38.25 41.27 36.16 38.64 24.55 33.28 26.66 25.09 25.55 20.16 16.65 16.22 13.76 8.97 6.47 2.21 1.84 25.83 19.03 21.90 31.52 30.21 31.23 34.97 42.68 42.18 43.55 39.72 29.70 26.83 30.31 23.08 23.12 18.75 16.76 15.26 15.42 7.30 5.23 -2.76 -0.12 18.57 25.75 26.85 27.25 33.01 35.20 33.62 39.98 39.80 39.45 38.98 30.94 27.44 28.45 25.00 24.44 21.43 16.31 13.62 10.62 9.40 8.42 -0.76 0.38 24.41 26.06 28.25 28.84 34.78 37.17 34.56 37.60 45.92 39.93 37.60 26.45 28.12 25.69 26.74 21.45 21.01 18.60 10.15 11.70 8.01 0.56 1.72 0.87 26.39 22.10 30.07 34.28 34.81 37.20 33.36 40.34 40.71 39.77 31.84 35.03 28.72 27.72 22.25 22.71 20.43 17.63 13.08 10.24 8.36 -0.14 0.48 0.98 23.91 26.69 31.29 24.33 32.63 40.95 36.64 38.04 45.70 41.57 35.24 32.24 31.76 27.95 25.84 20.86 23.27 18.65 15.49 12.23 8.10 2.58 3.04 1.19 26.45 26.62 27.95 30.92 32.95 40.08 38.94 40.66 40.20 43.08 37.54 30.00 34.23 29.00 20.93 21.28 20.06 12.20 13.45 11.30 8.10 0.22 0.31 -0.00 23.55 18.21 28.83 29.01 31.63 37.51 38.65 44.63 44.26 41.46 32.64 30.48 30.42 23.77 23.24 20.27 22.51 18.60 13.27 10.50 8.61 3.01 3.55 -1.42 21.99 22.17 29.44 28.11 30.27 31.70 36.84 40.41 40.61 28.31 34.63 26.80 27.59 24.46 25.06 23.09 14.86 17.09 11.84 11.95 6.27 -2.72 1.67 2.41 25.55 22.81 24.09 32.97 29.19 40.06 37.46 38.89 37.69 37.92 34.34 30.21 22.64 23.89 22.91 22.21 17.70 12.84 12.07 13.18 8.67 0.42 1.58 -1.79 25.69 25.59 26.14 28.12 31.95 38.58 38.53 36.86 40.20 38.95 33.64 33.58 29.08 23.36 23.65 15.11 18.44 13.04 13.34 12.97 5.82 3.00 -3.07 1.24 25.44 24.50 26.89 29.04 30.13 35.52 38.80 39.49 49.20 41.24 35.31 27.50 29.72 27.71 19.16 22.73 15.36 14.15 10.91 8.37 5.80 -1.60 1.39 2.77 26.22 24.30 24.05 28.40 29.70 36.23 41.22 42.46 42.95 39.14 32.20 29.65 29.13 28.05 24.55 20.50 19.45 15.38 9.89 8.21 4.64 3.84 4.38 -0.58 23.54 24.22 29.76 30.88 31.25 33.36 37.95 39.43 41.95 32.77 34.81 26.99 25.02 25.07 20.42 21.32 20.54 12.56 10.85 10.23 8.58 0.68 2.30 -0.44 24.17 22.37 30.03 28.63 30.65 35.25 38.33 39.87 40.08 34.88 32.60 30.16 31.03 26.67 23.66 17.67 19.44 15.78 13.79 8.92 7.14 -1.84 -1.51 -0.75 24.71 27.57 26.52 28.30 34.02 31.61 39.24 44.04 38.23 32.37 37.71 25.59 26.07 23.27 20.75 17.83 19.08 14.79 13.81 8.28 1.04 -1.27 -1.33 2.98 29.41 24.75 23.62 26.03 34.47 37.58 43.53 35.99 33.74 40.67 31.34 30.86 29.28 23.68 22.41 19.27 18.56 14.91 11.67 10.60 1.07 -0.24 2.41 1.45 25.01 24.57 27.92 32.14 34.46 30.77 38.05 42.48 36.76 33.21 35.46 27.96 26.20 26.20 17.85 19.03 16.55 14.49 9.67 10.53 -0.32 -0.60 -0.42 -0.60 21.84 24.36 25.03 30.01 27.67 38.91 43.99 40.62 43.09 36.85 29.45 29.85 27.61 25.10 20.36 22.10 15.27 15.52 14.16 8.67 -0.17 0.92 1.02 -0.46 23.81 23.63 27.30 24.90 30.35 40.49 31.78 38.57 41.07 35.70 28.37 27.74 27.22 26.01 24.49 21.27 21.77 13.67 12.00 9.72 -0.19 -2.22 -0.07 -1.54 20.34 19.80 30.07 29.01 26.92 35.51 33.76 36.38 42.45 37.41 32.06 29.03 23.68 26.95 21.01 18.28 17.40 13.78 9.81 7.14 -1.32 -1.33 -0.98 -1.18 26.02 26.41 25.18 29.52 34.80 35.99 37.33 34.91 44.75 30.96 28.93 27.51 26.77 28.20 21.18 17.34 12.24 13.33 9.64 10.36 -0.08 1.06 -0.64 1.13 21.33 19.47 27.07 26.30 34.81 36.17 32.61 39.01 40.03 35.55 38.58 29.49 28.97 24.15 18.06 20.06 15.45 13.23 9.57 6.97 -2.31 -2.33 1.15 2.45 27.94 23.21 24.66 30.74 31.52 35.32 37.52 39.12 37.01 38.42 32.97 27.31 24.83 23.76 19.72 17.43 16.52 11.97 11.31 9.84 0.23 0.09 -2.75 0.28 24.03 32.66 21.36 27.74 31.04 37.05 42.82 39.64 42.94 34.61 33.68 25.69 28.83 20.97 22.96 19.46 17.44 15.51 12.74 8.19 0.99 0.93 2.25 -4.29 23.19 25.00 25.89 30.58 26.25 35.90 39.93 42.55 39.48 36.84 30.33 30.74 26.26 24.59 23.05 18.58 14.20 13.50 12.30 8.00 1.67 -1.34 -0.72 0.42 25.81 22.49 25.26 27.43 32.24 35.29 41.62 43.72 40.38 36.05 38.20 25.76 26.30 24.16 21.21 19.52 12.86 14.38 13.64 4.85 -0.78 2.61 -3.01 -0.97 25.24 21.13 25.91 27.38 37.19 33.74 37.87 42.78 43.39 32.54 36.65 25.16 25.52 23.05 21.71 21.64 16.33 10.94 12.64 7.70 0.39 1.75 -1.31 1.13 19.00 24.19 24.34 28.74 29.74 29.98 37.86 42.50 39.87 32.39 33.03 26.49 26.71 20.36 22.93 16.96 16.12 12.37 10.91 0.46 0.23 1.56 0.16 -0.79 19.78 28.12 27.97 32.33 32.05 35.26 38.93 40.88 42.11 29.39 29.64 23.40 22.52 24.71 17.86 19.84 15.93 13.45 10.34 1.92 2.53 1.25 -3.17 -1.81 24.09 22.80 27.20 32.81 34.13 37.77 40.39 39.05 40.76 33.95 29.40 30.60 27.55 23.67 17.55 14.70 15.02 12.51 8.11 0.54 -2.86 0.04 0.86 1.10 22.26 25.86 26.47 28.36 29.07 32.65 41.24 44.33 37.72 32.90 34.50 27.95 24.94 23.00 21.71 17.78 12.55 10.72 8.82 2.08 -0.09 -1.46 0.44 0.48 23.94 23.92 25.33 27.61 32.28 36.78 39.79 40.99 39.74 33.16 30.89 25.85 26.50 23.39 21.87 16.34 12.65 10.85 5.32 1.65 -1.35 -1.09 -0.28 -1.53 23.25 22.20 29.04 25.15 30.97 36.36 38.96 36.73 35.28 33.16 28.66 29.45 28.25 19.26 20.24 16.04 14.55 13.35 9.57 -1.05 -0.70 3.19 -0.14 0.83 23.72 28.43 26.59 27.97 29.49 36.84 38.55 40.83 35.72 33.30 27.63 25.68 21.38 19.54 20.58 15.87 13.60 11.95 10.69 -0.65 0.35 -1.16 -1.38 -2.19 19.72 25.03 24.33 31.72 27.99 36.21 35.81 41.62 35.09 27.98 28.40 31.06 27.97 25.78 20.24 15.23 13.78 12.86 6.00 -0.32 0.40 -1.59 2.23 -1.83 24.49 23.62 29.32 27.90 31.17 40.26 39.73 39.53 34.74 31.01 29.75 24.82 29.89 21.52 21.77 18.67 14.87 10.00 6.99 2.07 -0.79 0.72 -1.05 0.58 23.77 27.59 26.93 34.93 29.70 37.18 35.63 40.73 36.17 34.33 27.77 29.05 24.94 22.39 15.11 16.39 11.82 8.05 9.18 1.46 2.05 2.08 -0.75 -1.94 25.91 21.39 25.33 32.53 36.47 37.65 36.74 45.29 40.32 33.28 31.49 27.27 26.22 21.87 18.13 17.34 12.92 10.86 5.08 -1.06 1.99 1.76 -2.76 0.81 22.84 24.48 27.20 29.86 30.40 35.71 40.47 47.25 34.76 35.50 30.21 27.76 26.65 22.39 19.21 16.20 13.26 9.75 6.00 -1.00 -0.38 -0.69 2.23 -1.95 23.41 21.89 26.63 28.71 33.95 32.46 45.71 35.25 35.39 34.47 33.90 26.69 19.73 16.92 19.88 16.25 10.78 9.02 7.99 1.35 -1.06 1.00 1.24 1.47 24.61 23.20 27.38 28.19 26.52 36.62 38.14 38.83 35.87 31.21 28.85 26.52 23.60 22.49 19.27 14.31 16.07 11.34 6.48 -1.92 0.76 1.80 0.32 -1.15 22.22 24.74 25.40 30.43 33.28 35.91 41.04 40.64 35.52 34.93 30.10 28.82 24.02 18.71 20.13 16.45 12.52 10.03 7.62 -1.05 -1.00 -0.87 0.50 2.20 25.18 20.96 28.65 30.58 31.92 34.79 44.86 40.09 35.72 31.03 30.61 31.53 24.70 21.24 15.63 17.56 12.46 10.10 0.26 -0.51 0.92 -1.45 0.36 -1.17 22.91 27.31 28.40 32.57 30.30 38.28 38.85 46.56 34.18 30.39 23.97 30.47 22.56 18.17 18.51 14.86 12.12 9.48 0.05 -0.60 -2.37 -0.02 2.97 1.21 26.44 25.60 23.56 31.89 35.94 39.36 42.81 40.39 35.07 28.52 28.75 28.97 23.95 21.11 19.68 17.71 11.74 6.04 0.94 0.41 0.63 1.31 1.29 1.28 28.43 21.65 29.35 32.26 33.89 32.82 36.25 40.40 37.17 27.27 28.22 27.09 24.26 20.29 18.62 15.05 14.92 9.42 -1.08 -1.13 0.41 0.09 1.13 -0.39 22.47 20.52 31.48 28.86 36.73 38.15 36.98 42.52 36.31 25.74 28.49 28.27 26.80 20.90 17.85 15.02 12.35 10.41 -0.08 -1.99 1.13 -2.47 -0.95 -1.16 30.77 25.21 26.80 25.42 34.62 34.17 38.19 37.08 31.25 28.05 27.05 27.71 25.09 23.00 19.14 14.86 12.11 10.54 -0.49 -0.45 0.71 0.87 -2.16 -1.91 25.17 23.97 29.01 32.43 35.47 35.16 35.91 41.02 28.76 28.68 28.49 27.83 26.51 18.80 18.44 14.93 12.49 6.41 -0.76 2.11 1.62 -0.29 1.77 -2.13 26.61 25.90 23.97 31.50 33.79 35.02 40.18 36.48 35.06 29.83 28.18 25.72 26.00 24.08 16.76 14.62 9.78 9.74 0.26 -0.03 2.17 1.02 -1.50 -1.33 26.36 24.07 27.33 29.58 31.89 35.55 38.22 42.02 31.07 29.90 30.29 23.67 25.64 18.13 14.07 15.01 11.26 6.40 -1.65 -1.60 -3.06 0.22 -0.51 -0.89 25.26 23.40 21.94 26.46 33.08 38.32 40.67 40.89 30.73 31.70 30.77 26.06 22.93 19.14 21.07 14.48 11.07 9.72 -0.52 1.76 -1.34 1.25 0.07 1.24 26.39 26.36 25.66 31.45 27.99 33.96 45.31 37.51 31.67 32.99 30.11 23.45 21.85 19.69 16.38 14.67 6.75 8.84 -1.44 -1.00 0.34 2.15 -1.32 -0.87 24.35 28.04 25.31 28.56 31.77 34.09 36.14 41.08 33.98 29.12 27.63 22.27 22.56 20.85 14.77 13.29 10.60 8.30 -0.66 -0.01 0.21 1.35 0.53 -1.71 26.97 24.28 27.00 35.85 33.71 37.27 37.80 40.71 35.71 27.70 27.51 24.87 25.03 20.90 15.32 13.74 9.30 5.91 -0.61 0.86 -1.28 -2.41 1.24 0.03 27.68 27.15 28.72 28.58 33.98 39.89 37.28 41.63 32.98 23.49 27.80 25.22 23.45 21.04 20.44 14.79 9.57 8.13 -1.42 0.07 -1.38 1.35 -0.15 1.36 27.53 22.96 25.78 33.32 32.25 29.43 35.78 37.97 38.31 27.97 29.28 25.12 24.56 22.18 16.62 16.49 9.32 6.46 -1.40 -0.47 -1.78 0.24 0.01 -1.97 28.80 25.08 25.31 32.15 32.46 36.30 38.24 36.83 37.52 28.07 27.83 25.41 23.76 20.05 14.66 13.89 12.58 4.56 -0.82 0.01 -1.49 -1.06 0.46 -1.86 21.94 25.20 33.51 33.57 32.85 41.35 43.11 37.45 35.14 24.83 33.24 27.92 21.17 20.86 16.18 14.02 8.12 0.10 1.84 -0.18 0.58 0.11 1.39 -2.40 23.76 22.83 28.14 31.21 35.33 39.70 39.55 31.94 33.61 26.88 27.50 24.36 22.61 19.76 12.83 10.48 12.43 1.27 1.37 2.18 0.82 0.47 -1.00 0.23 26.98 22.86 31.33 30.13 34.40 38.14 36.54 39.62 32.67 27.07 26.77 25.05 19.28 19.65 15.42 11.56 10.24 0.31 -1.13 -0.41 -0.89 -1.93 0.98 -0.01 24.23 27.64 25.28 30.37 29.45 40.38 42.78 33.51 36.64 27.61 29.93 21.78 20.78 19.38 15.76 15.51 9.70 1.66 1.26 2.71 -0.66 -1.38 1.67 -0.44 27.83 26.56 26.27 28.48 37.29 38.23 37.71 39.83 37.98 26.91 28.13 23.97 20.68 18.68 14.09 11.65 10.55 -1.56 -0.62 -1.45 0.86 3.54 -0.59 0.34 26.80 27.90 27.81 29.38 32.81 33.56 38.25 41.16 30.85 26.92 28.51 25.15 21.00 18.57 16.72 14.41 9.08 -0.50 -0.21 -2.34 -2.33 0.53 -0.74 -0.91 26.89 30.23 28.38 30.47 33.93 32.31 30.20 42.08 36.35 28.64 27.88 23.64 22.19 20.71 17.85 10.76 8.96 1.66 1.79 0.07 -1.90 0.20 1.07 -1.42 26.17 28.26 24.94 28.33 30.13 31.36 34.24 39.40 35.21 27.99 28.18 23.70 20.41 20.99 17.47 9.63 9.97 -0.23 -2.14 -1.53 -0.95 0.20 -0.02 -0.09 23.93 26.59 31.53 30.83 35.13 29.05 31.65 36.99 30.31 26.74 24.76 26.37 22.65 20.01 15.79 11.51 8.98 -1.49 1.26 -1.29 1.19 -2.33 -2.59 0.22 24.55 24.55 30.10 30.23 32.03 32.45 30.94 37.18 27.72 21.03 27.32 26.02 18.03 17.95 16.29 7.03 10.87 -0.79 -0.65 1.91 -1.84 -2.36 -2.05 -0.17 28.41 26.97 24.89 31.47 27.14 31.06 36.68 34.69 29.11 25.36 23.88 22.29 21.47 19.00 12.13 9.87 8.09 -1.49 -1.69 1.98 -1.71 1.97 0.40 -0.82 29.96 24.21 30.43 28.70 30.55 34.70 37.37 35.19 38.14 22.21 20.99 16.60 19.07 16.56 15.02 8.80 8.61 0.34 -0.30 0.27 0.77 -3.67 -0.98 1.31 24.54 30.04 25.51 30.91 28.38 33.50 35.61 35.56 27.66 21.63 23.42 19.09 8.99 16.58 11.41 10.12 9.15 -0.53 0.52 -0.74 -1.81 0.77 -1.46 0.36 28.59 27.91 30.93 33.23 31.28 31.59 37.77 33.10 29.91 22.78 22.56 14.73 9.01 2.15 15.69 9.12 7.70 -1.74 -3.44 -1.11 1.33 -0.91 -1.34 -1.75 29.07 27.05 29.35 34.64 30.83 32.56 40.67 38.61 23.73 23.17 23.44 15.63 11.09 0.88 0.43 10.18 9.51 3.01 -0.83 -1.16 2.42 0.41 0.75 -0.88 24.85 26.96 27.76 32.13 32.95 31.17 39.57 33.69 28.32 23.95 22.50 17.89 10.35 0.99 0.12 10.02 6.12 0.97 -1.24 -0.12 0.38 -2.18 -1.47 0.56 22.06 27.40 26.68 31.94 32.12 31.26 37.06 31.67 26.10 27.41 21.01 15.95 8.70 -1.52 1.48 -2.69 6.52 -0.25 1.67 -0.59 1.65 0.31 2.04 -1.22 26.63 28.09 24.74 31.92 28.17 31.04 39.25 34.93 28.87 24.53 19.90 13.68 7.65 0.61 0.22 0.54 2.97 0.14 -0.47 0.46 -1.53 -0.68 -2.26 2.24 27.33 18.33 28.72 30.56 33.46 29.05 34.15 33.86 30.83 29.65 18.52 15.24 8.70 0.97 -0.02 -0.57 0.58 1.01 -0.08 -2.38 1.27 -0.46 -1.12 0.71 24.17 25.33 33.95 32.41 28.17 33.54 37.60 36.64 26.71 26.98 20.22 15.44 9.41 -0.09 -0.99 0.53 -3.06 -1.19 -1.62 -1.08 1.01 -0.25 -1.45 0.48 24.66 27.72 27.22 32.06 34.73 32.25 44.49 32.51 25.68 24.97 17.38 11.13 9.61 0.59 -1.10 -3.33 -0.27 -1.63 1.79 -3.21 -1.69 -0.89 -1.20 1.34 28.00 27.42 29.02 29.95 29.04 30.42 37.37 36.44 28.63 21.50 18.84 12.90 7.87 -1.83 0.98 -1.52 -1.11 1.59 -1.56 -0.87 -0.03 -0.47 -0.44 0.30 27.44 26.93 30.38 34.60 33.45 25.74 42.59 34.11 29.36 19.12 22.30 14.53 6.78 -0.22 -1.39 -2.02 0.09 -0.14 -2.06 1.93 0.66 1.18 -0.52 -0.30 26.45 28.43 34.57 31.48 29.24 31.53 43.91 28.92 27.65 21.15 20.83 13.89 5.14 2.67 1.18 0.67 -2.26 -1.85 0.91 -2.54 -2.32 0.40 -1.32 0.08 27.58 25.62 31.52 26.84 24.70 32.12 40.83 32.12 25.67 24.63 17.93 12.63 9.61 -0.09 2.94 -1.32 -1.72 1.65 1.91 1.17 -1.56 2.71 0.32 -3.39 0.00 0.00 0.00 33.64 29.39 29.86 39.87 27.54 29.83 23.32 20.96 17.08 7.49 -1.54 2.79 1.07 -0.27 -1.59 -2.68 0.86 -0.60 -0.63 -1.56 -1.84 0.00 0.00 0.00 0.00 0.00 32.03 41.94 28.81 29.28 24.89 21.82 11.06 8.66 -1.39 -2.19 0.87 1.39 1.03 0.47 -1.66 2.28 -1.78 -1.51 -2.98 0.00 0.00 0.00 0.00 0.00 0.00 0.00 34.97 27.14 22.56 16.40 11.79 5.56 0.04 0.61 1.98 -2.51 1.32 2.40 1.53 -0.76 1.39 1.05 -0.94 0.00 0.00 0.00 0.00 0.00 0.00 0.00 0.00 28.83 21.17 19.63 11.98 -0.05 1.65 -2.15 -0.56 0.61 2.24 -0.84 -0.09 -0.65 1.61 -2.58 0.29 0.00 0.00 0.00 0.00 0.00 0.00 0.00 0.00 0.00 20.98 18.17 11.95 -1.19 -0.98 0.20 -1.16 2.11 1.01 0.83 -1.33 4.39 -2.08 -1.03 -1.45 0.00 0.00 0.00 0.00 0.00 0.00 0.00 0.00 0.00 0.00 18.32 11.18 0.77 1.91 -0.04 1.03 -1.53 -2.12 1.89 -1.60 -1.47 1.61 -1.44 -0.28 0.00 0.00 0.00 0.00 0.00 0.00 0.00 0.00 0.00 0.00 0.00 11.27 1.77 -0.41 2.11 -0.41 0.58 -2.59 -4.38 -0.65 1.29 -1.04 0.20 -0.10 0.00 0.00 0.00 0.00 0.00 0.00 0.00 0.00 0.00 0.00 0.00 0.00 0.24 1.92 0.02 0.02 -1.06 -0.41 1.32 0.29 -0.48 -0.64 0.98 0.18 0.00 0.00 0.00 0.00 0.00 0.00 0.00 0.00 0.00 0.00 0.00 0.00 0.00 -1.02 1.12 -2.12 -0.68 -0.75 -1.94 0.59 -1.28 -0.42 2.40 -0.24 0.00 0.00 0.00 0.00 0.00 0.00 0.00 0.00 0.00 0.00 0.00 0.00 0.00 0.00 1.26 -1.41 -0.39 1.22 0.81 0.95 1.77 0.31 -2.55 -0.85 0.00 0.00 0.00 0.00 0.00 0.00 0.00 0.00 0.00 0.00 0.00 0.00 0.00 0.00 2.02 -0.57 -1.09 -0.05 1.72 1.14 2.26 -1.16 5.19 1.57 0.00 0.00 0.00 0.00 0.00 0.00 0.00 0.00 0.00 0.00 0.00 0.00 0.00 0.00 0.00 -0.24 -0.04 -1.81 0.21 0.95 0.02 1.50 -0.48 -0.24 0.00 0.00 0.00 0.00 0.00 0.00 0.00 0.00 0.00 0.00 0.00 0.00 0.00 0.00 0.00 0.00 1.67 -2.29 -0.43 -0.60 -1.76 0.92 1.04 -1.13 0.00 0.00 0.00 0.00 0.00 0.00 0.00 0.00 0.00 0.00 0.00 0.00 0.00 0.00 0.00 0.00 -1.76 -1.64 2.30 1.58 -0.62 1.12 0.95 -1.60 0.00 0.00 0.00 0.00 0.00 0.00 0.00 0.00 0.00 0.00 0.00 0.00 0.00 0.00 0.00 0.00 0.00 -3.69 -0.52 1.25 1.04 0.04 2.65 -1.52 0.00 0.00 0.00 0.00 0.00 0.00 0.00 0.00 0.00 0.00 0.00 0.00 0.00 0.00 0.00 0.00 0.00 -0.66 -0.13 2.06 -1.30 0.00 -3.86 0.96 0.00 0.00 0.00 0.00 0.00 0.00 0.00 0.00 0.00 0.00 0.00 0.00 0.00 0.00 0.00 0.00 0.00 0.00 0.36 0.43 -0.37 -1.49 0.63 -0.52 0.00 0.00 0.00 0.00 0.00 0.00 0.00 0.00 0.00 0.00 0.00 0.00 0.00 0.00 0.00 0.00 0.00 0.00 2.14 -0.99 0.83 0.19 1.77 0.29 0.00 0.00 0.00 0.00 0.00 0.00 0.00 0.00 0.00 0.00 0.00 0.00 0.00 0.00 0.00 0.00 0.00 0.00 0.00 1.51 -0.18 -0.98 0.38 0.26 0.00 0.00 0.00 0.00 0.00 0.00 0.00 0.00 0.00 0.00 0.00 0.00 0.00 0.00 0.00 0.00 0.00 0.00 0.00 1.25 -2.48 -0.36 -2.26 -1.83 0.00 0.00 0.00 0.00 0.00 0.00 0.00 0.00 0.00 0.00 0.00 0.00 0.00 0.00 0.00 0.00 0.00 0.00 0.00 0.00 -0.45 0.93 3.93 0.30 0.00 0.00 0.00 0.00 0.00 0.00 0.00 0.00 0.00 0.00 0.00 0.00 0.00 0.00 0.00 0.00 0.00 0.00 0.00 0.00 -0.07 1.99 -1.52 -0.50 0.00 0.00 0.00 0.00 0.00 0.00 0.00 0.00 0.00 0.00 0.00 0.00 0.00 0.00 0.00 0.00 0.00 0.00 0.00 0.00 0.00 0.21 1.00 -0.83 0.00 0.00 0.00 0.00 0.00 0.00 0.00 0.00 0.00 0.00 0.00 0.00 0.00 0.00 0.00 0.00 0.00 0.00 0.00 0.00 0.00 2.67 1.48 -0.49 0.00 0.00 0.00 0.00 0.00 0.00 0.00 0.00 0.00 0.00 0.00 0.00 0.00 0.00 0.00 0.00 0.00 0.00 0.00 0.00 0.00 0.00 -0.50 -1.14 0.00 0.00 0.00 0.00 0.00 0.00 0.00 0.00 0.00 0.00 0.00 0.00 0.00 0.00 0.00 0.00 0.00 0.00 0.00 0.00 0.00 0.00 -0.12 2.78 0.00 0.00 0.00 0.00 0.00 0.00 0.00 0.00 0.00 0.00 0.00 0.00 0.00 0.00 0.00 0.00 0.00 0.00 0.00 0.00 0.00 0.00 0.87 0.18 0.00 0.00 0.00 0.00 0.00 0.00 0.00 0.00 0.00 0.00 0.00 0.00 0.00 0.00 0.00 0.00 0.00 0.00 0.00 0.00 0.00 0.00 0.00 -0.55 0.00 0.00 0.00 0.00 0.00 0.00 0.00 0.00 0.00 0.00 0.00 0.00 0.00 0.00 0.00 0.00 0.00 0.00 0.00 0.00 0.00 0.00 0.00 -0.67 0.00 0.00 0.00 0.00 0.00 0.00 0.00 0.00 0.00 0.00 0.00 0.00 0.00 0.00 0.00 0.00 0.00 0.00 0.00 0.00 0.00 0.00 0.00 0.00 0.00 0.00 0.00 0.00 0.00 0.00 0.00 0.00 0.00 0.00 0.00 0.00 0.00 0.00 0.00 0.00 0.00 0.00 0.00 0.00 0.00 0.00 0.00 0.00 0.00 0.00 0.00 0.00 0.00 0.00 0.00 0.00 0.00 0.00 0.00 0.00 0.00 0.00 0.00 0.00 0.00 0.00 0.00 0.00 0.00 0.00 0.00 0.00 0.00 0.00 0.00 0.00 0.00 0.00 0.00 0.00 0.00 0.00 0.00 0.00 0.00 0.00 0.00 0.00 0.00 0.00 0.00 0.00 0.00 0.00 0.00 0.00 0.00 0.00 0.00 0.00 0.00 0.00 0.00 0.00 0.00 0.00 0.00 0.00 0.00 0.00 0.00 0.00 0.00 0.00 0.00 0.00 0.00 0.00 0.00 0.00 0.00 0.00 0.00 0.00 0.00 0.00 0.00 0.00 0.00 0.00 0.00 0.00 0.00 0.00 0.00 0.00 0.00 0.00 0.00 0.00 0.00 0.00 0.00 0.00 0.00 0.00 0.00 0.00 0.00 0.00 0.00 0.00 0.00 0.00 0.00 0.00 0.00 0.00 0.00 0.00 0.00 0.00 0.00 0.00 0.00 0.00 0.00 0.00 0.00 0.00 0.00 0.00 0.00 0.00 0.00 0.00 0.00 0.00 0.00 0.00 0.00 0.00 0.00 0.00 0.00 0.00 0.00 0.00 0.00 0.00 0.00 0.00 0.00 0.00 0.00 0.00 0.00 0.00 0.00 0.00 0.00 0.00 0.00 0.00 0.00 0.00 0.00 0.00 0.00 0.00 0.00 0.00 0.00 0.00 0.00 0.00 0.00 0.00 0.00 0.00 0.00 0.00 0.00 0.00 0.00 0.00 0.00 0.00 0.00 0.00 0.00 0.00 0.00 0.00 0.00 0.00 0.00 0.00 0.00 0.00 0.00 0.00 0.00 0.00 0.00 0.00 0.00 0.00 0.00 0.00 0.00 0.00 0.00 0.00 0.00 0.00 0.00 0.00 0.00 0.00 0.00 0.00 0.00 0.00 0.00 0.00 0.00 0.00 0.00 0.00 0.00 0.00 0.00 0.00 0.00 0.00 0.00 0.00 0.00 0.00 0.00 0.00 0.00 0.00 0.00 0.00 0.00 0.00 0.00 0.00 0.00 0.00 0.00 0.00 0.00 0.00 0.00 0.00 0.00 0.00 0.00 0.00 0.00 0.00 0.00 0.00 0.00 0.00 0.00 0.00 0.00 0.00 0.00 0.00 0.00 0.00 0.00 0.00 0.00 0.00 0.00 0.00 0.00 0.00 0.00 0.00 0.00 0.00 0.00 0.00 0.00 0.00 0.00 0.00 0.00 0.00 0.00 0.00 0.00 0.00 0.00 0.00 0.00 0.00 0.00 0.00 0.00 0.00 0.00 0.00 0.00 0.00 0.00 0.00 0.00 0.00 0.00 0.00 0.00 0.00 0.00 0.00 0.00 0.00 0.00 0.00 0.00 0.00 0.00 0.00 0.00 0.00 0.00 0.00 0.00 0.00 0.00 0.00 0.00 0.00 0.00 0.00 0.00 0.00 0.00 0.00 0.00 0.00 0.00 0.00 0.00 0.00 0.00 0.00 0.00 0.00 0.00 0.00 0.00 0.00 0.00 0.00 0.00 0.00 0.00 0.00 0.00 0.00 0.00 0.00 0.00 0.00 0.00 0.00 0.00 0.00 0.00 0.00 0.00 0.00 0.00 0.00 0.00 0.00 0.00 0.00 0.00 0.00 0.00 0.00 0.00 0.00 0.00 0.00 0.00 0.00 0.00 0.00 0.00 0.00 0.00 0.00 0.00 0.00 0.00 0.00 0.00 0.00 0.00 0.00 0.00 0.00 0.00 0.00 0.00 0.00 0.00 0.00 0.00 0.00 0.00 0.00 0.00 0.00 0.00 0.00 0.00 0.00 0.00 0.00 0.00 0.00 0.00 0.00 0.00 0.00 0.00 0.00 0.00 0.00 0.00 0.00 0.00 0.00 0.00 0.00 0.00 0.00 0.00 0.00 0.00 0.00 0.00 0.00 0.00 0.00 0.00 0.00 0.00 0.00 0.00 0.00 0.00 0.00 0.00 0.00 0.00 0.00 0.00 0.00 0.00 0.00 0.00 0.00 0.00 0.00 0.00 0.00 0.00 0.00 0.00 0.00 0.00 0.00 0.00 0.00 0.00 0.00 0.00 0.00 0.00 0.00 0.00 0.00 0.00 0.00 0.00 0.00 0.00 0.00 0.00 0.00 0.00 0.00 0.00 0.00 0.00 0.00 0.00 0.00 0.00 0.00 0.00 0.00 0.00 0.00 0.00 0.00 0.00 0.00 0.00 0.00 0.00 0.00 0.00 0.00 0.00 0.00 0.00 0.00 0.00 0.00 0.00 0.00 0.00 0.00 0.00 0.00 0.00 0.00 0.00 0.00 0.00 0.00 0.00 0.00 0.00 0.00 0.00 0.00 0.00 0.00 0.00 0.00 0.00 0.00 0.00 0.00 0.00 0.00 0.00 0.00 0.00 0.00 0.00 0.00 0.00 0.00 0.00 0.00 0.00 0.00 0.00 0.00 0.00 0.00 0.00 0.00 0.00 0.00 0.00 0.00 0.00 0.00 0.00 0.00 0.00 0.00 0.00 0.00 0.00 0.00 0.00 0.00 0.00 0.00 0.00 0.00 0.00 0.00 0.00 0.00 0.00 0.00 0.00 0.00 0.00 0.00 0.00 0.00 0.00 0.00 0.00 0.00 0.00 0.00 0.00 0.00 0.00 0.00 0.00 0.00 0.00 0.00 0.00 0.00 0.00 0.00 0.00 0.00 0.00 0.00 0.00 0.00 0.00 0.00 0.00 0.00 0.00 0.00 0.00 0.00 0.00 0.00 0.00 0.00 0.00 0.00 0.00 0.00 0.00 0.00 0.00 0.00 0.00 0.00 0.00 0.00 0.00 0.00 0.00 0.00 0.00 0.00 0.00 0.00 0.00 0.00 0.00 0.00 0.00 0.00 0.00 0.00 0.00 0.00 0.00 0.00 0.00 0.00 0.00 0.00 0.00 0.00 0.00 0.00 0.00 0.00 0.00 0.00 0.00 0.00 0.00 0.00 0.00 0.00 0.00 0.00 0.00 0.00 0.00 0.00 0.00 0.00 0.00 0.00 0.00 0.00 0.00 0.00 0.00 0.00 0.00 0.00 0.00 0.00 0.00 0.00 0.00 0.00 0.00 0.00 0.00 0.00 0.00 0.00 0.00 0.00 0.00 0.00 0.00 0.00 0.00 0.00 0.00 0.00 0.00 0.00 0.00 0.00 0.00 0.00 0.00 0.00 0.00 0.00 0.00 0.00 0.00 0.00 0.00 0.00 0.00 0.00 0.00 0.00 0.00 0.00 0.00 0.00 0.00 0.00 0.00 0.00 0.00 0.00 0.00 0.00 0.00 0.00 0.00 0.00 0.00 0.00 0.00 0.00 0.00 0.00 0.00 0.00 0.00 0.00 0.00 0.00 0.00 0.00 0.00 0.00 0.00 0.00 0.00 0.00 0.00 0.00 0.00 0.00 0.00 0.00 0.00 0.00 0.00 0.00 0.00 0.00 0.00 0.00 0.00 0.00 0.00 0.00 0.00 0.00 0.00 0.00 0.00 0.00 0.00 0.00 0.00 0.00 0.00 0.00 0.00 0.00 0.00 0.00 0.00 0.00 0.00 0.00 0.00 0.00 0.00 0.00 0.00 0.00 0.00 0.00 0.00 0.00 0.00 0.00 0.00 0.00 0.00 0.00 0.00 0.00 0.00 0.00 0.00 0.00 0.00 0.00 0.00 0.00 0.00 0.00 0.00 0.00 0.00 0.00 0.00 0.00 0.00 0.00 0.00 0.00 0.00 0.00 0.00 0.00 0.00 0.00 0.00 0.00 0.00 0.00 0.00 0.00 0.00 0.00 0.00 0.00 0.00 0.00 0.00 0.00 0.00 0.00 0.00 0.00 0.00 0.00 0.00 0.00 0.00 0.00 0.00 0.00 0.00 0.00 0.00 0.00 0.00 0.00 0.00 0.00 0.00 0.00 0.00 0.00 0.00 0.00 0.00 0.00 0.00 0.00 0.00 0.00 0.00 0.00 0.00 0.00 0.00 0.00 0.00 0.00 0.00 0.00 0.00 0.00 0.00 0.00 0.00 0.00 0.00 0.00 0.00 0.00 0.00 0.00 0.00 0.00 0.00 0.00 0.00 0.00 0.00 0.00 0.00 0.00 0.00 0.00 0.00 0.00 0.00 0.00 0.00 0.00 0.00 0.00 0.00 0.00 0.00 0.00 0.00 0.00 0.00 0.00 0.00 0.00 0.00 0.00 0.00 0.00 0.00 0.00 0.00 0.00 0.00 0.00 0.00 0.00 0.00 0.00 0.00 0.00 0.00 0.00 0.00 0.00 0.00 0.00 0.00 0.00 0.00 0.00 0.00 0.00 0.00 0.00 0.00 0.00 0.00 0.00 0.00 0.00 0.00 0.00 0.00 0.00 0.00 0.00 0.00 0.00 0.00 0.00 0.00 0.00 0.00 0.00 0.00 0.00 0.00 0.00 0.00 0.00 0.00 0.00 0.00 0.00 0.00 0.00 0.00 0.00 0.00 0.00 0.00 0.00
rain_type.data=0 0 0 0 0 0 0 0 0 0 0 0 0 0 0 0 0 0 0 0 0 0 0 0 0 0 0 0 0 0 0 0 0 0 0 0 0 0 0 0 0 0 0 0 0 0 0 0 0 0 0 0 0 0 0 0 0 0 0 0 0 0 0 0 0 0 0 0 0 0 0 0 1 1 1 1 1 1 0 0 0 0 0 0 0 0 0 0 0 0 0 0 0 0 0 0 1 1 1 1 1 1 1 1 1 0 0 0 0 0 0 0 0 0 0 0 0 0 0 0 1 1 1 1 1 1 1 1 1 1 1 0 0 0 0 0 0 0 0 0 0 0 0 0 1 1 1 1 1 1 1 1 1 1 1 1 1 0 0 0 0 0 0 0 0 0 0 0 1 1 1 1 1 1 1 1 1 1 1 1 1 1 0 0 0 0 0 0 0 0 0 0 1 1 1 1 1 1 1 1 1 1 1 1 1 1 1 0 0 0 0 0 0 0 0 0 1 1 1 1 1 1 1 1 1 1 1 1 1 1 1 1 1 0 0 0 0 0 0 0 1 1 1 1 1 1 1 1 1 1 1 1 1 1 1 1 1 1 0 0 0 0 0 0 1 1 1 1 1 1 1 1 1 1 1 1 1 1 1 1 1 1 1 0 0 0 0 0 1 1 1 1 1 1 1 1 1 1 1 1 1 1 1 1 1 1 1 1 0 0 0 0 1 1 1 1 1 1 1 1 1 1 1 1 1 1 1 1 1 1 1 1 1 0 0 0 1 1 1 1 1 1 1 1 1 1 1 1 1 1 1 1 1 1 1 1 1 1 0 0 1 1 1 1 1 1 1 1 1 1 1 1 1 1 1 1 1 1 1 1 1 1 1 0 1 1 1 1 1 1 1 1 1 1 1 1 1 1 1 1 1 1 1 1 1 1 1 0 1 1 1 1 1 1 1 1 1 1 1 1 1 1 1 1 1 1 1 1 1 1 1 1 1 1 1 1 1 1 1 1 1 1 1 1 1 1 1 1 1 1 1 1 1 1 1 1 1 1 1 1 1 1 1 1 1 1 1 1 1 1 1 1 1 1 1 1 1 1 1 1 1 1 1 1 1 1 1 1 1 1 1 1 1 1 1 1 1 1 1 1 1 1 1 1 1 1 1 1 1 1 1 1 1 1 1 1 1 1 1 1 1 1 1 1 1 1 1 1 1 1 1 1 1 1 1 1 1 1 1 1 1 1 1 1 1 1 1 1 1 1 1 1 1 1 1 1 1 1 1 1 1 1 1 1 1 1 1 1 1 1 1 1 1 1 1 1 1 1 1 1 1 1 1 1 1 1 1 1 1 1 1 1 1 1 1 1 1 1 1 1 1 1 1 1 1 1 1 1 1 1 1 1 1 1 1 1 1 1 1 1 1 1 1 1 1 1 1 1 1 1 1 1 1 1 1 1 1 1 1 1 1 1 1 1 1 1 1 1 1 1 1 1 1 1 1 1 1 1 1 1 1 1 1 1 1 1 1 1 1 1 1 1 1 1 1 1 1 1 1 1 1 1 1 1 1 1 1 1 1 1 1 1 1 1 1 1 1 1 1 1 1 1 1 1 1 1 1 1 1 1 1 1 1 1 1 1 1 1 1 1 1 1 1 1 1 1 1 1 1 1 1 1 1 1 1 1 1 1 1 1 1 1 1 1 1 1 1 1 1 1 1 1 1 1 1 1 1 1 1 1 1 1 1 1 1 1 1 1 1 1 1 1 1 1 1 1 1 1 1 1 1 1 1 1 1 1 1 1 1 1 1 1 1 1 1 1 1 1 1 1 1 1 1 1 1 1 1 1 1 1 1 1 1 1 1 1 1 1 1 1 1 1 1 1 1 1 1 1 1 1 1 1 1 1 1 1 1 1 1 1 1 1 1 1 1 1 1 1 1 1 1 1 1 1 1 1 1 1 1 1 1 1 1 1 1 1 1 1 1 1 1 1 1 1 1 1 1 1 1 1 1 1 1 1 1 1 1 1 1 1 1 1 1 1 1 1 1 1 1 1 1 1 1 1 1 1 1 1 1 1 1 1 1 1 1 1 1 1 1 1 1 1 1 1 1 1 1 1 1 1 1 1 1 1 1 1 1 1 1 1 1 1 1 1 1 1 1 1 1 1 1 1 1 1 1 1 1 1 1 1 1 1 1 1 1 1 1 1 1 1 1 1 1 1 1 1 1 1 1 1 1 1 1 1 1 1 1 1 1 1 1 1 1 1 1 1 1 1 1 1 1 1 1 1 1 1 1 1 1 1 1 1 1 1 1 1 1 1 1 1 1 1 1 1 1 1 1 1 1 1 1 1 1 1 1 1 1 1 1 1 1 1 1 1 1 1 1 1 1 1 1 1 1 1 1 1 1 1 1 1 1 1 1 1 1 1 1 1 1 1 1 1 1 1 1 1 1 1 1 1 1 1 1 1 1 1 1 1 1 1 1 1 1 1 1 1 1 1 1 1 1 1 1 1 1 1 1 1 1 1 1 1 1 1 1 1 1 1 1 1 1 1 1 1 1 1 1 1 1 1 1 1 1 1 1 1 1 1 1 1 1 1 1 1 1 1 1 1 1 1 1 1 1 1 1 1 1 1 1 1 1 1 1 1 1 1 1 1 1 1 1 1 1 1 1 1 1 1 1 1 1 1 1 1 1 1 1 1 1 1 1 1 1 1 1 1 1 1 1 1 1 1 1 1 1 1 1 1 1 1 1 1 1 1 1 1 1 1 1 1 1 1 1 1 1 1 1 1 1 1 1 1 1 1 1 1 1 1 1 1 1 1 1 1 1 1 1 1 1 1 1 1 1 1 1 1 1 1 1 1 1 1 1 1 1 1 1 1 1 1 1 1 2 2 2 2 2 1 1 1 1 1 1 1 1 1 1 1 1 1 1 1 1 1 1 1 2 2 2 2 2 2 2 1 1 1 1 1 1 1 1 1 1 1 1 1 1 1 1 1 2 2 2 2 2 2 2 2 2 1 1 1 1 1 1 1 1 1 1 1 1 1 1 1 2 2 2 2 2 2 2 2 2 2 2 1 1 1 1 1 1 1 1 1 1 1 1 1 2 2 2 2 2 2 2 2 2 2 2 2 1 1 1 1 1 1 1 1 1 1 1 1 2 2 2 2 2 2 2 2 2 2 2 2 2 1 1 1 1 1 1 1 1 1 1 1 2 2 2 2 2 2 2 2 2 2 2 2 2 2 1 1 1 1 1 1 1 1 1 1 2 2 2 2 2 2 2 2 2 2 2 2 2 2 2 1 1 1 1 1 1 1 1 1 2 2 2 2 2 2 2 2 2 2 2 2 2 2 2 2 1 1 1 1 1 1 1 1 2 2 2 2 2 2 2 2 2 2 2 2 2 2 2 2 2 1 1 1 1 1 1 1 2 2 2 2 2 2 2 2 2 2 2 2 2 2 2 2 2 2 1 1 1 1 1 1 2 2 2 2 2 2 2 2 2 2 2 2 2 2 2 2 2 2 2 1 1 1 1 1 2 2 2 2 2 2 2 2 2 2 2 2 2 2 2 2 2 2 2 2 1 1 1 1 2 2 2 2 2 2 2 2 2 2 2 2 2 2 2 2 2 2 2 2 1 1 1 1 2 2 2 2 2 2 2 2 2 2 2 2 2 2 2 2 2 2 2 2 2 1 1 1 2 2 2 2 2 2 2 2 2 2 2 2 2 2 2 2 2 2 2 2 2 2 1 1 2 2 2 2 2 2 2 2 2 2 2 2 2 2 2 2 2 2 2 2 2 2 1 1 2 2 2 2 2 2 2 2 2 2 2 2 2 2 2 2 2 2 2 2 2 2 2 1 2 2 2 2 2 2 2 2 2 2 2 2 2 2 2 2 2 2 2 2 2 2 2 2 2 2 2 2 2 2 2 2 2 2 2 2 2 2 2 2 2 2 2 2 2 2 2 2 2 2 2 2 2 2 2 2 2 2 2 2 2 2 2 2 2 2 2 2 2 2 2 2 2 2 2 2 2 2 2 2 2 2 2 2 2 2 2 2 2 2 2 2 2 2 2 2 2 2 2 2 2 2 2 2 2 2 2 2 2 2 2 2 2 2 2 2 2 2 2 2 2 2 2 2 2 2 2 2 2 2 2 2 2 2 2 2 2 2 2 2 2 2 2 2 2 2 2 2 2 2 2 2 2 2 2 2 2 2 2 2 2 2 2 2 2 2 2 2 2 2 2 2 2 2 2 2 2 2 2 2 2 2 2 2 2 2 2 2 2 2 2 2 2 2 2 2 2 2 2 2 2 2 2 2 2 2 2 2 2 2 2 2 2 2 2 2 2 2 2 2 2 2 2 2 2 2 2 2 2 2 2 2 2 2 2 2 2 2 2 2 2 2 2 2 2 2 2 2 2 2 2 2 2 2 2 2 2 2 2 2 2 2 2 2 2 2 2 2 2 2 2 2 2 2 2 2 2 2 2 2 2 2 2 2 2 2 2 2 2 2 2 2 2 2 2 2 2 2 2 2 2 2 2 2 2 2 2 2 2 2 2 2 2 2 2 2 2 2 2 2 2 2 2 2 2 2 2 2 2 2 2 2 2 2 2 2 2 2 2 2 2 2 2 2 2 2 2 2 2 2 2 2 2 2 2 2 2 2 2 2 2 2 2 2 2 2 2 2 2 2 2 2 2 2 2 2 2 2 2 2 2 2 2 2 2 2 2 2 2 2 2 2 2 2 2 2 2 2 2 2 2 2 2 2 2 2 2 2 2 2 2 2 2 2 2 2 2 2 2 2 2 2 2 2 2 2 2 2 2 2 2 2 2 2 2 2 2 2 2 2 2 2 2 2 2 2 2 2 2 2 2 2 2 2 2 2 2 2 2 2 2 2 2 2 2 2 2 2 2 2 2 2 2 2 2 2 2 2 2 2 2 2 2 2 2 2 2 2 2 2 2 2 2 2 2 2 2 2 2 2 2 2 2 2 2 2 2 2 2 2 2 2 2 2 2 2 2 2 2 2 2 2 2 2 2 2 2 2 2 2 2 2 2 2 2 2 2 2 2 2 2 2 2 2 2 2 2 2 2 2 2 2 2 2 2 2 2 2 2 2 2 2 2 2 2 2 2 2 2 2 2 2 2 2 2 2 2 2 2 2 2 2 2 2 2 2 2 2 2 2 2 2 2 2 2 2 2 2 2 2 2 2 2 2 2 2 2 2 2 2 2 2 2 2 2 2 2 2 2 2 2 2 2 2 2 2 2 2 2 2 2 2 2 2 2 2 2 2 2 2 2 2 2 2 2 2 2 2 2 2 2 2 2 2 2 2 2 2 2 2 2 2 2 2 2 2 2 2 2 2 2 2 2 2 2 2 2 2 2 2 2 2 2 2 2 2 2 2 2 2 2 2 2 2 2 2 2 2 2 2 2 2 2 2 2 2 2 2 2 2 2 2 2 2 2 2 2 2 2 2 2 2 2 2 2 2 2 2 2 2 2 2 2 2 2 2 2 2 2 2 2 2 2 2 2 2 2 2 2 2 2 2 2 2 2 2 2 2 2 2 2 2 2 2 2 2 2 2 2 2 2 2 2 2 2 2 2 2 2 2 2 2 2 2 2 2 2 2 2 2 2 2 2 2 2 2 2 2 2 2 2 2 2 2 2 2 2 2 2 2 2 2 2 2 2 2 2 2 2 2 2 2 2 2 2 2 2 2 2 2 2 2 2 2 2 2 2 2 2 2 2 2 2 2 2 2 2 2 2 2 2 2 2 2 2 2 2 2 2 2 2 2 2 2 2 2 2 2 2 2 2 2 2 2 2 2 2 2 2 2 2 2 2 2 2 2 2 2 2 2 2 2 2 2 2 2 2 2 2 2 2 2 2 2 2 2 2 2 2 2 2 2 2 2 2 2 2 2 2 2 2 2 2 2 2 2 2 2 2 2 2 2 2 2 2 2 2 2 2 2 2 2 2 2 2 2 2 2 2 2 2 2 2 2 2 2 2 2 2 2 2 2 2 2 2 2 2 2 2 2 2 2 2 2 2 2 2 2 2 2 2 2 2 2 2 2 2 2 2 2 2 2 2 2 2 2 2 2 2 2 2 2 2 2 2 2 2 2 2 2 2 2 2 2 2 2 2 2 2 2 2 2 2 2 2 2 2 2 2 2 2 2 2 2 2 2 2 2 2 2 2 2 2 2 2 2 2 2 2 2 2 2 2 2 2 2 2 2 2 2 2 2 2 2 2 2 2 2 2 2 2 2 2 2 2 2 2 2 2 2 2 2 2 2 2 2 2 2 2 2 2 2 2 2 2 2 2 2 2 2 2 2 2 2 2 2 2 2 2 2 2 2 2 2 2 2 2 2 2 2 2 2 2 2 2 2 2 2 2 2 2 2 2 2 2 2 2 2 2 2 2 2 2 2 2 2 2 2 2 2 2 2 2 2 2 2 2 2 2 2 2 2 2 2 2 2 2 2 2 2 2 2 2 2 2 2 2 2 2 2 2 2 2 2 2 2 2 2 2 2 2 2 2 2 2 2 2 2 2 2 2 2 2 2 2 2 2 2 2 2 2 2 2 2 2 2 2 2 2 2 2 2 2 2 2 2 2 2 2 2 2 2 2 2 2 2 2 2 2 2 2 2 2 2 2 2 2 2 2 2 2 2 2 2 2 2 2 2 2 2 2 2 2 2 2 2 2 2 2 2 2 2 2 2 2 2 2 2 2 2 2 2 2 2 2 2 2 2 2 2 2 2 2 2 2 2 2 2 2 2 2 2 2 2 2 2 2 2 2 2 2 2 2 2 2 2 2 2 2 2 2 2 2 2 2 2 2 2 2 2 2 2 2 2 2 2 2 2 2 2 2 2 2 2 2 2 2 2 2 2 2 2 2 2 2 2 2 2 2 2 2 2 2 2 2 2 2 2 2 2 2 2 2 2 2 2 2 2 2 2 2 2 2 2 2 2 2 2 2 2 2 2 2 2 2 2 2 2 2 2 2 2 2 2 2 2 2 2 2 2 2 2 2 2 2 2 2 2 2 2 2 2 2 2 2 2 2 2 2 2 2 2 2 2 2 2 2 2 2 2 2 2 2 2 2 2 2 2 2 2 2 2 2 2 2 2 2 2 2 2 2 2 2 2 2 2 2 2 2 2 2 2 2 2 2 2 2 2 2 2 2 2 2 2 2 2 2 2 2 2 2 2 2 2 2 2 2 2 2 2 2 2 2 2 2 2 2 2 2 2 2 2 2 2 2 2 2 2 2 2 2 2 2 2 2 2 2 2 2 2 2 2 2 2 2 2 2 2 2 2 2 2 2 2 2 2 2 2 2 2 2 2 2 2 2 2 2 2 2 2 2 2 2 2 2 2 2 2 2 2 2 2 2 2 2 2 2 2 2 2 2 2 2 2 2 2 2 2 2 2 2 2 2 2 2 2 2 2 2 2 2 2 2 2 2 2 2 2 2 2 2 2 2 2 2 2 2 2 2 2 2 2 2 2 2 2 2 2 2 2 2 2 2 2 2 2 2 2 2 2 2 2 2 2 2 2 2 2 2 2 2 2 2 2 2 2 2 2 2 2 2 2 2 2 2 2 2 2 2 2 2 2 2 2 2 2 2 2 2 2 2 2 2 2 2 2 2 2 2 2 2 2 2 2 2 2 2 2 2 2 2 2 2 2 2 2 2 2 2 2 2 2 2 2 2 2 2 2 2 2 2 2 2 2 2 2 2 2 2 2 2 2 2 2 2 2 2 2 2 2 2 2 2 2 2 2 2 2 2 2 2 2 2 2 2 2 2 2 2 2 2 2 2 2 2 2 2 2 2 2 2 2 2 2 2 2 2 2 2 2 2 2 2 2 2 2 2 2 2 2 2 2 2 2 2 2 2 2 2 2 2 2 2 2 2 2 2 2 2 2 2 2 2 2 2 2 2 2 2 2 2 2 2 2 2 2 2 2 2 2 2 2 2 2 2 2 2 2 2 2 2 2 2 2 2 2 2 2 2 2 2 2 2 2 2 2 2 2 2 2 2 2 2 2 2 2 2 2 2 2 2 2 2 2 2 2 2 2 2 2 2 2 2 2 2 2 2 2 2 2 2 2 2 2 2 2 2 2 2 2 2 2 2 2 2 2 2 2 2 2 2 2 2 2 2 2 2 2 2 2 2 2 2 2 2 2 2 2 2 2 2 2 2 2 2 2 2 2 2 2 2 2 2 2 2 2 2 2 2 2 2 2 2 2 2 2 2 2 2 2 2 2 2 2 2 2 2 2 1 1 1 1 1 2 2 2 2 2 2 2 2 2 2 2 2 2 2 2 2 2 2 2 1 1 1 1 1 1 1 2 2 2 2 2 2 2 2 2 2 2 2 2 2 2 2 2 1 1 1 1 1 1 1 1 2 2 2 2 2 2 2 2 2 2 2 2 2 2 2 2 1 1 1 1 1 1 1 1 1 2 2 2 2 2 2 2 2 2 2 2 2 2 2 2 1 1 1 1 1 1 1 1 1 1 2 2 2 2 2 2 2 2 2 2 2 2 2 2 1 1 1 1 1 1 1 1 1 1 1 2 2 2 2 2 2 2 2 2 2 2 2 2 1 1 1 1 1 1 1 1 1 1 1 1 2 2 2 2 2 2 2 2 2 2 2 2 1 1 1 1 1 1 1 1 1 1 1 1 1 2 2 2 2 2 2 2 2 2 2 2 1 1 1 1 1 1 1 1 1 1 1 1 1 1 2 2 2 2 2 2 2 2 2 2 1 1 1 1 1 1 1 1 1 1 1 1 1 1 1 2 2 2 2 2 2 2 2 2 1 1 1 1 1 1 1 1 1 1 1 1 1 1 1 2 2 2 2 2 2 2 2 2 1 1 1 1 1 1 1 1 1 1 1 1 1 1 1 1 2 2 2 2 2 2 2 2 1 1 1 1 1 1 1 1 1 1 1 1 1 1 1 1 1 2 2 2 2 2 2 2 1 1 1 1 1 1 1 1 1 1 1 1 1 1 1 1 1 2 2 2 2 2 2 2 1 1 1 1 1 1 1 1 1 1 1 1 1 1 1 1 1 1 2 2 2 2 2 2 1 1 1 1 1 1 1 1 1 1 1 1 1 1 1 1 1 1 2 2 2 2 2 2 1 1 1 1 1 1 1 1 1 1 1 1 1 1 1 1 1 1 1 2 2 2 2 2 1 1 1 1 1 1 1 1 1 1 1 1 1 1 1 1 1 1 1 2 2 2 2 2 1 1 1 1 1 1 1 1 1 1 1 1 1 1 1 1 1 1 1 1 2 2 2 2 1 1 1 1 1 1 1 1 1 1 1 1 1 1 1 1 1 1 1 1 2 2 2 2 0 0 0 1 1 1 1 1 1 1 1 1 1 1 1 1 1 1 1 1 1 2 2 2 0 0 0 0 0 1 1 1 1 1 1 1 1 1 1 1 1 1 1 1 1 2 2 2 0 0 0 0 0 0 0 1 1 1 1 1 1 1 1 1 1 1 1 1 1 1 2 2 0 0 0 0 0 0 0 0 1 1 1 1 1 1 1 1 1 1 1 1 1 1 2 2 0 0 0 0 0 0 0 0 0 1 1 1 1 1 1 1 1 1 1 1 1 1 1 2 0 0 0 0 0 0 0 0 0 0 1 1 1 1 1 1 1 1 1 1 1 1 1 2 0 0 0 0 0 0 0 0 0 0 0 1 1 1 1 1 1 1 1 1 1 1 1 2 0 0 0 0 0 0 0 0 0 0 0 0 1 1 1 1 1 1 1 1 1 1 1 1 0 0 0 0 0 0 0 0 0 0 0 0 0 1 1 1 1 1 1 1 1 1 1 1 0 0 0 0 0 0 0 0 0 0 0 0 0 0 1 1 1 1 1 1 1 1 1 1 0 0 0 0 0 0 0 0 0 0 0 0 0 0 1 1 1 1 1 1 1 1 1 1 0 0 0 0 0 0 0 0 0 0 0 0 0 0 0 1 1 1 1 1 1 1 1 1 0 0 0 0 0 0 0 0 0 0 0 0 0 0 0 0 1 1 1 1 1 1 1 1 0 0 0 0 0 0 0 0 0 0 0 0 0 0 0 0 1 1 1 1 1 1 1 1 0 0 0 0 0 0 0 0 0 0 0 0 0 0 0 0 0 1 1 1 1 1 1 1 0 0 0 0 0 0 0 0 0 0 0 0 0 0 0 0 0 1 1 1 1 1 1 1 0 0 0 0 0 0 0 0 0 0 0 0 0 0 0 0 0 0 1 1 1 1 1 1 0 0 0 0 0 0 0 0 0 0 0 0 0 0 0 0 0 0 1 1 1 1 1 1 0 0 0 0 0 0 0 0 0 0 0 0 0 0 0 0 0 0 0 1 1 1 1 1 0 0 0 0 0 0 0 0 0 0 0 0 0 0 0 0 0 0 0 1 1 1 1 1 0 0 0 0 0 0 0 0 0 0 0 0 0 0 0 0 0 0 0 0 1 1 1 1 0 0 0 0 0 0 0 0 0 0 0 0 0 0 0 0 0 0 0 0 1 1 1 1 0 0 0 0 0 0 0 0 0 0 0 0 0 0 0 0 0 0 0 0 0 1 1 1 0 0 0 0 0 0 0 0 0 0 0 0 0 0 0 0 0 0 0 0 0 1 1 1 0 0 0 0 0 0 0 0 0 0 0 0 0 0 0 0 0 0 0 0 0 0 1 1 0 0 0 0 0 0 0 0 0 0 0 0 0 0 0 0 0 0 0 0 0 0 1 1 0 0 0 0 0 0 0 0 0 0 0 0 0 0 0 0 0 0 0 0 0 0 1 1 0 0 0 0 0 0 0 0 0 0 0 0 0 0 0 0 0 0 0 0 0 0 0 1 0 0 0 0 0 0 0 0 0 0 0 0 0 0 0 0 0 0 0 0 0 0 0 1 0 0 0 0 0 0 0 0 0 0 0 0 0 0 0 0 0 0 0 0 0 0 0 0 0 0 0 0 0 0 0 0 0 0 0 0 0 0 0 0 0 0 0 0 0 0 0 0 0 0 0 0 0 0 0 0 0 0 0 0 0 0 0 0 0 0 0 0 0 0 0 0 0 0 0 0 0 0 0 0 0 0 0 0 0 0 0 0 0 0 0 0 0 0 0 0 0 0 0 0 0 0 0 0 0 0 0 0 0 0 0 0 0 0 0 0 0 0 0 0 0 0 0 0 0 0 0 0 0 0 0 0 0 0 0 0 0 0 0 0 0 0 0 0 0 0 0 0 0 0 0 0 0 0 0 0 0 0 0 0 0 0 0 0 0 0 0 0 0 0 0 0 0 0 0 0 0 0 0 0 0 0 0 0 0 0 0 0 0 0 0 0 0 0 0 0 0 0 0 0 0 0 0 0 0 0 0 0 0 0 0 0 0 0 0 0 0 0 0 0 0 0 0 0 0 0 0 0 0 0 0 0 0 0 0 0 0 0 0 0 0 0 0 0 0 0 0 0 0 0 0 0 0 0 0 0 0 0 0 0 0 0 0 0 0 0 0 0 0 0 0 0 0 0 0 0 0 0 0 0 0 0 0 0 0 0 0 0 0 0 0 0 0 0 0 0 0 0 0 0 0 0 0 0 0 0 0 0 0 0 0 0 0 0 0 0 0 0 0 0 0 0 0 0 0 0 0 0 0 0 0 0 0 0 0 0 0 0 0 0 0 0 0 0 0 0 0 0 0 0 0 0 0 0 0 0 0 0 0 0 0 0 0 0 0 0 0 0 0 0 0 0 0 0 0 0 0 0 0 0 0 0 0 0 0 0 0 0 0 0 0 0 0 0 0 0 0 0 0 0 0 0 0 0 0 0 0 0 0 0 0 0 0 0 0 0 0 0 0 0 0 0 0 0 0 0 0 0 0 0 0 0 0 0 0 0 0 0 0 0 0 0 0 0 0 0 0 0 0 0 0 0 0 0 0 0 0 0 0 0 0 0 0 0 0 0 0 0 0 0 0 0 0 0 0 0 0 0 0 0 0 0 0 0 0 0 0 0 0 0 0 0 0 0 0 0 0 0 0 0 0 0 0 0 0 0 0 0 0 0 0 0 0 0 0 0 0 0 0 0 0 0 0 0 0 0 0 0 0 0 0 0 0 0 0 0 0 0 0 0 0 0 0 0 0 0 0 0 0 0 0 0 0 0 0 0 0 0 0 0 0 0 0 0 0 0 0 0 0 0 0 0 0 0 0 0 0 0 0 0 0 0 0 0 0 0 0 0 0 0 0 0 0 0 0 0 0 0 0 0 0 0 0 0 0 0 0 0 0 0 0 0 0 0 0 0 0 0 0 0 0 0 0 0 0 0 0 0 0 0 0 0 0 0 0 0 0 0 0 0 0 0 0 0 0 0 0 0 0 0 0 0 0 0 0 0 0 0 0 0 0 0 0 0 0 0 0 0 0 0 0 0 0 0 0 0 0 0 0 0 0 0 0 0 0 0 0 0 0 0 0 0 0 0 0 0 0 0 0 0 0 0 0 0 0 0 0 0 0 0 0 0 0 0 0 0 0 0 0 0 0 0 0 0 0 0 0 0 0 0 0 0 0 0 0 0 0 0 0 0 0 0 0 0 0 0 0 0 0 0 0 0 0 0 0 0 0 0 0 0 0 0 0 0 0 0 0 0 0 0 0 0 0 0 0 0 0 0 0 0 0 0 0 0 0 0 0 0 0 0 0 0 0 0 0 0 0 0 0 0 0 0 0 0 0 0 0 0 0 0 0 0 0 0 0 0 0 0 0 0 0 0 0 0 0 0 0 0 0 0 0 0 0 0 0 0 0 0 0 0 0 0 0 0 0 0 0 0 0 0 0 0 0 0 0 0 0 0 0 0 0 0 0 0 0 0 0 0 0 0 0 0 0 0 0 0 0 0 0 0 0 0 0 0 0 0 0 0 0 0 0 0 0 0 0 0 0 0 0 0 0 0 0 0 0 0 0 0 0 0 0 0 0 0 0 0 0 0 0 0 0 0 0 0 0 0 0 0 0 0 0 0 0 0 0 0 0 0 0 0 0 0 0 0 0 0 0 0 0 0 0 0 0 0 0 0 0 0 0 0 0 0 0 0 0 0 0 0 0 0 0 0 0 0 0 0 0 0 0 0 0 0 0 0 0 0 0 0 0 0 0 0 0 0 0 0 0 0 0 0 0 0 0 0 0 0 0 0 0 0 0 0 0 0 0 0 0 0 0 0 0 0 0 0 0 0 0 0 0 0 0 0 0 0 0 0 0 0 0 0 0 0 0 0 0 0 0 0 0 0 0 0 0 0 0 0 0 0 0 0 0 0 0 0 0 0 0 0 0 0 0 0 0 0 0 0 0 0 0 0
estimated_attenuation.size=5928
estimated_attenuation.data=0.00 0.00 0.00 0.00 0.00 0.00 0.00 0.00 0.00 0.00 0.00 0.00 0.00 0.00 0.00 0.00 0.00 0.00 0.00 0.00 0.00 0.00 0.00 0.00 0.00 0.00 0.00 0.00 0.00 0.00 0.00 0.00 0.00 0.00 0.00 0.00 0.00 0.00 0.00 0.00 0.00 0.00 0.00 0.00 0.00 0.00 0.00 0.00 0.00 0.00 0.00 0.00 0.00 0.00 0.00 0.00 0.00 0.00 0.00 0.00 0.00 0.00 0.00 0.00 0.00 0.00 0.00 0.00 0.00 0.00 0.00 0.00 0.00 0.00 0.00 0.00 0.00 0.00 0.00 0.00 0.00 0.00 0.00 0.00 0.00 0.00 0.00 0.00 0.00 0.00 0.00 0.00 0.00 0.00 0.00 0.00 0.00 0.00 0.00 0.00 0.00 0.01 0.00 0.00 0.00 0.00 0.00 0.00 0.00 0.00 0.00 0.00 0.00 0.00 0.00 0.00 0.00 0.00 0.00 0.00 0.00 0.00 0.00 0.00 0.00 0.01 0.01 0.01 0.00 0.00 0.00 0.00 0.00 0.00 0.00 0.00 0.00 0.00 0.00 0.00 0.00 0.00 0.00 0.00 0.01 0.00 0.01 0.01 0.01 0.01 0.01 0.01 0.01 0.01 0.01 0.00 0.01 0.00 0.00 0.00 0.00 0.00 0.00 0.00 0.00 0.00 0.00 0.00 0.01 0.01 0.01 0.01 0.01 0.01 0.01 0.01 0.01 0.02 0.02 0.01 0.04 0.00 0.00 0.00 0.00 0.00 0.00 0.00 0.00 0.00 0.00 0.00 0.01 0.01 0.01 0.01 0.01 0.02 0.02 0.01 0.02 0.03 0.02 0.01 0.10 0.00 0.00 0.00 0.00 0.00 0.00 0.00 0.00 0.00 0.00 0.00 0.01 0.01 0.01 0.01 0.01 0.02 0.02 0.01 0.02 0.03 0.03 0.02 0.18 0.00 0.00 0.00 0.00 0.00 0.00 0.00 0.00 0.00 0.00 0.00 0.01 0.01 0.01 0.01 0.02 0.02 0.02 0.02 0.02 0.04 0.04 0.03 0.18 0.00 0.00 0.00 0.00 0.00 0.00 0.00 0.00 0.00 0.00 0.00 0.01 0.01 0.01 0.02 0.02 0.03 0.03 0.02 0.03 0.04 0.04 0.04 0.18 0.00 0.00 0.00 0.00 0.00 0.00 0.00 0.00 0.00 0.00 0.00 0.01 0.01 0.01 0.02 0.02 0.03 0.03 0.03 0.03 0.04 0.05 0.05 0.18 0.00 0.00 0.00 0.00 0.00 0.00 0.00 0.00 0.00 0.00 0.00 0.01 0.01 0.01 0.02 0.02 0.03 0.03 0.03 0.03 0.04 0.05 0.07 0.18 0.00 0.00 0.00 0.00 0.00 0.00 0.00 0.00 0.00 0.00 0.00 0.01 0.02 0.02 0.02 0.02 0.03 0.03 0.03 0.03 0.05 0.05 0.07 0.18 0.00 0.00 0.00 0.00 0.00 0.00 0.00 0.00 0.00 0.00 0.00 0.02 0.02 0.02 0.02 0.03 0.03 0.04 0.03 0.04 0.05 0.06 0.07 0.18 0.00 0.00 0.00 0.00 0.00 0.00 0.00 0.00 0.00 0.00 0.00 0.02 0.02 0.02 0.02 0.03 0.03 0.04 0.03 0.04 0.06 0.06 0.09 0.18 0.00 0.00 0.00 0.00 0.00 0.00 0.00 0.00 0.00 0.00 0.00 0.02 0.02 0.02 0.02 0.03 0.03 0.04 0.04 0.04 0.06 0.07 0.10 0.18 0.00 0.00 0.00 0.00 0.00 0.00 0.00 0.00 0.00 0.00 0.00 0.02 0.02 0.02 0.03 0.03 0.04 0.04 0.04 0.05 0.07 0.08 0.13 0.18 0.00 0.00 0.00 0.00 0.00 0.00 0.00 0.00 0.00 0.00 0.00 0.02 0.02 0.02 0.03 0.04 0.04 0.04 0.04 0.06 0.07 0.08 0.16 0.18 0.00 0.00 0.00 0.00 0.00 0.00 0.00 0.00 0.00 0.00 0.00 0.02 0.02 0.02 0.03 0.04 0.04 0.05 0.05 0.06 0.07 0.09 0.22 0.18 0.00 0.00 0.00 0.00 0.00 0.00 0.00 0.00 0.00 0.00 0.00 0.03 0.02 0.02 0.03 0.04 0.04 0.05 0.06 0.06 0.08 0.09 0.26 0.18 0.00 0.00 0.00 0.00 0.00 0.00 0.00 0.00 0.00 0.00 0.00 0.03 0.03 0.03 0.03 0.04 0.05 0.05 0.07 0.06 0.09 0.10 0.29 0.18 0.00 0.00 0.00 0.00 0.00 0.00 0.00 0.00 0.00 0.00 0.00 0.03 0.03 0.03 0.03 0.04 0.05 0.06 0.07 0.07 0.09 0.11 0.34 0.18 0.00 0.00 0.00 0.00 0.00 0.00 0.00 0.00 0.00 0.00 0.00 0.03 0.03 0.03 0.04 0.05 0.05 0.06 0.08 0.07 0.10 0.12 0.35 0.18 0.00 0.00 0.00 0.00 0.00 0.00 0.00 0.00 0.00 0.00 0.00 0.03 0.03 0.03 0.04 0.05 0.06 0.06 0.08 0.08 0.11 0.12 0.35 0.18 0.00 0.00 0.00 0.00 0.00 0.00 0.00 0.00 0.00 0.00 0.00 0.03 0.03 0.03 0.04 0.05 0.06 0.07 0.08 0.08 0.12 0.13 0.35 0.18 0.00 0.00 0.00 0.00 0.00 0.00 0.00 0.00 0.00 0.00 0.00 0.03 0.03 0.03 0.04 0.05 0.06 0.07 0.08 0.08 0.12 0.13 0.35 0.18 0.00 0.00 0.00 0.00 0.00 0.00 0.00 0.00 0.00 0.00 0.00 0.03 0.03 0.03 0.04 0.06 0.06 0.07 0.09 0.09 0.13 0.14 0.35 0.18 0.00 0.00 0.00 0.00 0.00 0.00 0.00 0.00 0.00 0.00 0.00 0.04 0.03 0.04 0.04 0.06 0.06 0.08 0.09 0.09 0.13 0.15 0.35 0.18 0.00 0.00 0.00 0.00 0.00 0.00 0.00 0.00 0.00 0.00 0.00 0.04 0.04 0.04 0.05 0.06 0.07 0.08 0.09 0.10 0.14 0.15 0.35 0.18 0.00 0.00 0.00 0.00 0.00 0.00 0.00 0.00 0.00 0.00 0.00 0.04 0.04 0.04 0.05 0.06 0.07 0.08 0.10 0.10 0.15 0.16 0.35 0.18 0.00 0.00 0.00 0.00 0.00 0.00 0.00 0.00 0.00 0.00 0.00 0.04 0.04 0.04 0.05 0.06 0.07 0.09 0.10 0.10 0.16 0.17 0.35 0.18 0.00 0.00 0.00 0.00 0.00 0.00 0.00 0.00 0.00 0.00 0.00 0.04 0.04 0.04 0.05 0.06 0.07 0.09 0.10 0.11 0.16 0.18 0.35 0.18 0.00 0.00 0.00 0.00 0.00 0.00 0.00 0.00 0.00 0.00 0.00 0.04 0.04 0.04 0.05 0.07 0.08 0.09 0.11 0.11 0.17 0.19 0.35 0.18 0.00 0.00 0.00 0.00 0.00 0.00 0.00 0.00 0.00 0.00 0.00 0.04 0.04 0.04 0.05 0.07 0.08 0.10 0.11 0.12 0.18 0.20 0.35 0.18 0.00 0.00 0.00 0.00 0.00 0.00 0.00 0.00 0.00 0.00 0.00 0.04 0.05 0.04 0.06 0.07 0.08 0.10 0.12 0.13 0.19 0.23 0.35 0.18 0.00 0.00 0.00 0.00 0.00 0.00 0.00 0.00 0.00 0.00 0.00 0.05 0.05 0.05 0.06 0.07 0.08 0.11 0.12 0.13 0.20 0.25 0.35 0.18 0.00 0.00 0.00 0.00 0.00 0.00 0.00 0.00 0.00 0.00 0.00 0.05 0.05 0.05 0.06 0.08 0.08 0.11 0.13 0.14 0.20 0.29 0.35 0.18 0.00 0.00 0.00 0.00 0.00 0.00 0.00 0.00 0.00 0.00 0.00 0.05 0.05 0.05 0.06 0.08 0.09 0.11 0.13 0.14 0.21 0.31 0.35 0.18 0.00 0.00 0.00 0.00 0.00 0.00 0.00 0.00 0.00 0.00 0.00 0.05 0.05 0.05 0.06 0.08 0.09 0.12 0.13 0.14 0.22 0.33 0.35 0.18 0.00 0.00 0.00 0.00 0.00 0.00 0.00 0.00 0.00 0.00 0.00 0.05 0.05 0.05 0.07 0.08 0.10 0.12 0.14 0.15 0.22 0.36 0.35 0.18 0.00 0.00 0.00 0.00 0.00 0.00 0.00 0.00 0.00 0.00 0.00 0.05 0.05 0.05 0.07 0.08 0.10 0.12 0.14 0.16 0.23 0.40 0.35 0.18 0.00 0.00 0.00 0.00 0.00 0.00 0.00 0.00 0.00 0.00 0.00 0.05 0.05 0.05 0.07 0.09 0.10 0.12 0.15 0.16 0.23 0.40 0.35 0.18 0.00 0.00 0.00 0.00 0.00 0.00 0.00 0.00 0.00 0.00 0.00 0.06 0.06 0.06 0.07 0.09 0.10 0.13 0.15 0.17 0.24 0.40 0.35 0.18 0.00 0.00 0.00 0.00 0.00 0.00 0.00 0.00 0.00 0.00 0.00 0.06 0.06 0.06 0.07 0.09 0.11 0.13 0.16 0.18 0.24 0.40 0.35 0.18 0.00 0.00 0.00 0.00 0.00 0.00 0.00 0.00 0.00 0.00 0.00 0.06 0.06 0.06 0.07 0.09 0.11 0.13 0.16 0.19 0.25 0.40 0.35 0.18 0.00 0.00 0.00 0.00 0.00 0.00 0.00 0.00 0.00 0.00 0.00 0.06 0.06 0.06 0.08 0.10 0.11 0.14 0.16 0.19 0.26 0.40 0.35 0.18 0.00 0.00 0.00 0.00 0.00 0.00 0.00 0.00 0.00 0.00 0.00 0.06 0.06 0.06 0.08 0.10 0.11 0.14 0.17 0.19 0.26 0.40 0.35 0.18 0.00 0.00 0.00 0.00 0.00 0.00 0.00 0.00 0.00 0.00 0.00 0.06 0.06 0.06 0.08 0.10 0.12 0.14 0.17 0.20 0.27 0.40 0.35 0.18 0.00 0.00 0.00 0.00 0.00 0.00 0.00 0.00 0.00 0.00 0.00 0.06 0.06 0.06 0.08 0.10 0.12 0.14 0.18 0.21 0.28 0.40 0.35 0.18 0.00 0.00 0.00 0.00 0.00 0.00 0.00 0.00 0.00 0.00 0.00 0.06 0.06 0.07 0.08 0.10 0.12 0.15 0.18 0.21 0.29 0.40 0.35 0.18 0.00 0.00 0.00 0.00 0.00 0.00 0.00 0.00 0.00 0.00 0.00 0.07 0.06 0.07 0.08 0.11 0.12 0.15 0.19 0.22 0.29 0.40 0.35 0.18 0.00 0.00 0.00 0.00 0.00 0.00 0.00 0.00 0.00 0.00 0.00 0.07 0.07 0.07 0.08 0.11 0.13 0.16 0.19 0.23 0.29 0.40 0.35 0.18 0.00 0.00 0.00 0.00 0.00 0.00 0.00 0.00 0.00 0.00 0.00 0.07 0.07 0.07 0.09 0.11 0.13 0.16 0.20 0.23 0.31 0.40 0.35 0.18 0.00 0.00 0.00 0.00 0.00 0.00 0.00 0.00 0.00 0.00 0.00 0.07 0.07 0.07 0.09 0.12 0.14 0.17 0.21 0.24 0.33 0.40 0.35 0.18 0.00 0.00 0.00 0.00 0.00 0.00 0.00 0.00 0.00 0.00 0.00 0.07 0.07 0.07 0.09 0.12 0.14 0.17 0.22 0.26 0.34 0.40 0.35 0.18 0.00 0.00 0.00 0.00 0.00 0.00 0.00 0.00 0.00 0.00 0.00 0.07 0.07 0.07 0.09 0.12 0.14 0.18 0.22 0.26 0.36 0.40 0.35 0.18 0.00 0.00 0.00 0.00 0.00 0.00 0.00 0.00 0.00 0.00 0.00 0.07 0.07 0.07 0.09 0.13 0.15 0.18 0.23 0.30 0.39 0.40 0.35 0.18 0.00 0.00 0.00 0.00 0.00 0.00 0.00 0.00 0.00 0.00 0.00 0.07 0.07 0.07 0.09 0.13 0.15 0.19 0.24 0.33 0.47 0.40 0.35 0.18 0.00 0.00 0.00 0.00 0.00 0.00 0.00 0.00 0.00 0.00 0.00 0.07 0.07 0.07 0.09 0.13 0.16 0.20 0.24 0.34 0.52 0.40 0.35 0.18 0.00 0.00 0.00 0.00 0.00 0.00 0.00 0.00 0.00 0.00 0.00 0.07 0.07 0.08 0.10 0.13 0.16 0.21 0.26 0.37 0.56 0.40 0.35 0.18 0.00 0.00 0.00 0.00 0.00 0.00 0.00 0.00 0.00 0.00 0.00 0.07 0.07 0.08 0.10 0.14 0.16 0.22 0.27 0.42 0.60 0.40 0.35 0.18 0.00 0.00 0.00 0.00 0.00 0.00 0.00 0.00 0.00 0.00 0.00 0.07 0.07 0.08 0.10 0.14 0.17 0.22 0.28 0.45 0.67 0.40 0.35 0.18 0.00 0.00 0.00 0.00 0.00 0.00 0.00 0.00 0.00 0.00 0.00 0.08 0.07 0.08 0.10 0.14 0.18 0.23 0.30 0.49 0.72 0.40 0.35 0.18 0.00 0.00 0.00 0.00 0.00 0.00 0.00 0.00 0.00 0.00 0.00 0.08 0.07 0.08 0.10 0.15 0.18 0.24 0.31 0.55 0.78 0.40 0.35 0.18 0.00 0.00 0.00 0.00 0.00 0.00 0.00 0.00 0.00 0.00 0.00 0.08 0.07 0.08 0.10 0.15 0.19 0.25 0.32 0.60 0.80 0.40 0.35 0.18 0.00 0.00 0.00 0.00 0.00 0.00 0.00 0.00 0.00 0.00 0.00 0.08 0.08 0.08 0.10 0.15 0.19 0.26 0.34 0.61 0.88 0.40 0.35 0.18 0.00 0.00 0.00 0.00 0.00 0.00 0.00 0.00 0.00 0.00 0.00 0.08 0.08 0.08 0.11 0.15 0.19 0.27 0.35 0.63 0.91 0.40 0.35 0.18 0.00 0.00 0.00 0.00 0.00 0.00 0.00 0.00 0.00 0.00 0.00 0.08 0.08 0.08 0.11 0.16 0.20 0.28 0.36 0.68 0.94 0.40 0.35 0.18 0.00 0.00 0.00 0.00 0.00 0.00 0.00 0.00 0.00 0.00 0.00 0.08 0.08 0.09 0.11 0.16 0.20 0.29 0.38 0.72 0.99 0.40 0.35 0.18 0.00 0.00 0.00 0.00 0.00 0.00 0.00 0.00 0.00 0.00 0.00 0.08 0.08 0.09 0.11 0.16 0.21 0.30 0.38 0.74 1.36 0.40 0.35 0.18 0.00 0.00 0.00 0.00 0.00 0.00 0.00 0.00 0.00 0.00 0.00 0.08 0.08 0.09 0.11 0.16 0.22 0.31 0.42 0.76 1.36 0.40 0.35 0.18 0.00 0.00 0.00 0.00 0.00 0.00 0.00 0.00 0.00 0.00 0.00 0.08 0.08 0.09 0.11 0.16 0.22 0.31 0.43 0.79 1.36 0.40 0.35 0.18 0.00 0.00 0.00 0.00 0.00 0.00 0.00 0.00 0.00 0.00 0.00 0.08 0.08 0.09 0.11 0.17 0.23 0.32 0.47 0.83 1.36 0.40 0.35 0.18 0.00 0.00 0.00 0.00 0.00 0.00 0.00 0.00 0.00 0.00 0.00 0.09 0.08 0.09 0.12 0.17 0.24 0.34 0.48 0.85 1.36 0.40 0.35 0.18 0.00 0.00 0.00 0.00 0.00 0.00 0.00 0.00 0.00 0.00 0.00 0.09 0.08 0.09 0.12 0.17 0.24 0.36 0.49 0.90 1.36 0.40 0.35 0.18 0.00 0.00 0.00 0.00 0.00 0.00 0.00 0.00 0.00 0.00 0.00 0.09 0.08 0.09 0.12 0.18 0.24 0.38 0.51 0.92 1.36 0.40 0.35 0.18 0.00 0.00 0.00 0.00 0.00 0.00 0.00 0.00 0.00 0.00 0.00 0.09 0.09 0.09 0.12 0.19 0.25 0.39 0.54 0.99 1.36 0.40 0.35 0.18 0.00 0.00 0.00 0.00 0.00 0.00 0.00 0.00 0.00 0.00 0.00 0.09 0.09 0.09 0.12 0.19 0.25 0.39 0.55 1.06 1.36 0.40 0.35 0.18 0.00 0.00 0.00 0.00 0.00 0.00 0.00 0.00 0.00 0.00 0.00 0.09 0.09 0.09 0.12 0.19 0.26 0.40 0.57 1.07 1.36 0.40 0.35 0.18 0.00 0.00 0.00 0.00 0.00 0.00 0.00 0.00 0.00 0.00 0.00 0.09 0.09 0.09 0.12 0.19 0.26 0.41 0.59 1.17 1.36 0.40 0.35 0.18 0.00 0.00 0.00 0.00 0.00 0.00 0.00 0.00 0.00 0.00 0.00 0.09 0.09 0.10 0.13 0.20 0.27 0.42 0.64 1.19 1.36 0.40 0.35 0.18 0.00 0.00 0.00 0.00 0.00 0.00 0.00 0.00 0.00 0.00 0.00 0.09 0.09 0.10 0.13 0.20 0.27 0.42 0.68 1.20 1.36 0.40 0.35 0.18 0.00 0.00 0.00 0.00 0.00 0.00 0.00 0.00 0.00 0.00 0.00 0.10 0.09 0.10 0.13 0.20 0.28 0.43 0.70 1.23 1.36 0.40 0.35 0.18 0.00 0.00 0.00 0.00 0.00 0.00 0.00 0.00 0.00 0.00 0.00 0.10 0.09 0.10 0.13 0.21 0.29 0.44 0.72 1.26 1.36 0.40 0.35 0.18 0.00 0.00 0.00 0.00 0.00 0.00 0.00 0.00 0.00 0.00 0.00 0.10 0.09 0.10 0.13 0.21 0.29 0.45 0.73 1.30 1.36 0.40 0.35 0.18 0.00 0.00 0.00 0.00 0.00 0.00 0.00 0.00 0.00 0.00 0.00 0.10 0.09 0.10 0.14 0.22 0.29 0.46 0.75 1.32 1.36 0.40 0.35 0.18 0.00 0.00 0.00 0.00 0.00 0.00 0.00 0.00 0.00 0.00 0.00 0.10 0.09 0.10 0.14 0.22 0.30 0.47 0.78 1.35 1.36 0.40 0.35 0.18 0.00 0.00 0.00 0.00 0.00 0.00 0.00 0.00 0.00 0.00 0.00 0.10 0.10 0.10 0.14 0.22 0.31 0.47 0.79 1.37 1.36 0.40 0.35 0.18 0.00 0.00 0.00 0.00 0.00 0.00 0.00 0.00 0.00 0.00 0.00 0.10 0.10 0.10 0.14 0.22 0.31 0.48 0.85 1.41 1.36 0.40 0.35 0.18 0.00 0.00 0.00 0.00 0.00 0.00 0.00 0.00 0.00 0.00 0.00 0.10 0.10 0.11 0.14 0.23 0.32 0.49 0.87 1.43 1.36 0.40 0.35 0.18 0.00 0.00 0.00 0.00 0.00 0.00 0.00 0.00 0.00 0.00 0.00 0.10 0.10 0.11 0.15 0.23 0.33 0.50 0.88 1.52 1.36 0.40 0.35 0.18 0.00 0.00 0.00 0.00 0.00 0.00 0.00 0.00 0.00 0.00 0.00 0.10 0.10 0.11 0.15 0.24 0.34 0.51 0.90 1.55 1.36 0.40 0.35 0.18 0.00 0.00 0.00 0.00 0.00 0.00 0.00 0.00 0.00 0.00 0.00 0.10 0.10 0.11 0.15 0.24 0.36 0.52 0.91 1.62 1.36 0.40 0.35 0.18 0.00 0.00 0.00 0.00 0.00 0.00 0.00 0.00 0.00 0.00 0.00 0.10 0.10 0.11 0.15 0.24 0.37 0.54 0.94 1.65 1.36 0.40 0.35 0.18 0.00 0.00 0.00 0.00 0.00 0.00 0.00 0.00 0.00 0.00 0.00 0.10 0.10 0.11 0.16 0.25 0.38 0.55 0.97 1.71 1.36 0.40 0.35 0.18 0.00 0.00 0.00 0.00 0.00 0.00 0.00 0.00 0.00 0.00 0.00 0.10 0.10 0.12 0.16 0.25 0.38 0.56 0.99 1.75 1.36 0.40 0.35 0.18 0.00 0.00 0.00 0.00 0.00 0.00 0.00 0.00 0.00 0.00 0.00 0.11 0.10 0.12 0.16 0.25 0.40 0.57 1.01 1.77 1.36 0.40 0.35 0.18 0.00 0.00 0.00 0.00 0.00 0.00 0.00 0.00 0.00 0.00 0.00 0.11 0.10 0.12 0.16 0.26 0.40 0.58 1.03 1.77 1.36 0.40 0.35 0.18 0.00 0.00 0.00 0.00 0.00 0.00 0.00 0.00 0.00 0.00 0.00 0.11 0.10 0.12 0.16 0.26 0.41 0.60 1.05 1.77 1.36 0.40 0.35 0.18 0.00 0.00 0.00 0.00 0.00 0.00 0.00 0.00 0.00 0.00 0.00 0.11 0.10 0.12 0.16 0.26 0.42 0.62 1.08 1.77 1.36 0.40 0.35 0.18 0.00 0.00 0.00 0.00 0.00 0.00 0.00 0.00 0.00 0.00 0.00 0.11 0.10 0.12 0.17 0.26 0.42 0.64 1.10 1.77 1.36 0.40 0.35 0.18 0.00 0.00 0.00 0.00 0.00 0.00 0.00 0.00 0.00 0.00 0.00 0.11 0.10 0.12 0.17 0.27 0.43 0.66 1.13 1.77 1.36 0.40 0.35 0.18 0.00 0.00 0.00 0.00 0.00 0.00 0.00 0.00 0.00 0.00 0.00 0.11 0.11 0.12 0.17 0.27 0.44 0.68 1.19 1.77 1.36 0.40 0.35 0.18 0.00 0.00 0.00 0.00 0.00 0.00 0.00 0.00 0.00 0.00 0.00 0.11 0.11 0.13 0.17 0.28 0.45 0.71 1.21 1.77 1.36 0.40 0.35 0.18 0.00 0.00 0.00 0.00 0.00 0.00 0.00 0.00 0.00 0.00 0.00 0.11 0.11 0.13 0.18 0.28 0.46 0.73 1.25 1.77 1.36 0.40 0.35 0.18 0.00 0.00 0.00 0.00 0.00 0.00 0.00 0.00 0.00 0.00 0.00 0.11 0.11 0.13 0.18 0.28 0.47 0.75 1.29 1.77 1.36 0.40 0.35 0.18 0.00 0.00 0.00 0.00 0.00 0.00 0.00 0.00 0.00 0.00 0.00 0.12 0.11 0.13 0.18 0.29 0.49 0.76 1.31 1.77 1.36 0.40 0.35 0.18 0.00 0.00 0.00 0.00 0.00 0.00 0.00 0.00 0.00 0.00 0.00 0.12 0.11 0.13 0.18 0.29 0.49 0.77 1.33 1.77 1.36 0.40 0.35 0.18 0.00 0.00 0.00 0.00 0.00 0.00 0.00 0.00 0.00 0.00 0.00 0.12 0.11 0.13 0.19 0.29 0.50 0.78 1.34 1.77 1.36 0.40 0.35 0.18 0.00 0.00 0.00 0.00 0.00 0.00 0.00 0.00 0.00 0.00 0.00 0.12 0.11 0.13 0.19 0.30 0.51 0.78 1.38 1.77 1.36 0.40 0.35 0.18 0.00 0.00 0.00 0.00 0.00 0.00 0.00 0.00 0.00 0.00 0.00 0.12 0.11 0.13 0.19 0.30 0.52 0.79 1.41 1.77 1.36 0.40 0.35 0.18 0.00 0.00 0.00 0.00 0.00 0.00 0.00 0.00 0.00 0.00 0.00 0.12 0.11 0.13 0.19 0.31 0.53 0.82 1.42 1.77 1.36 0.40 0.35 0.18 0.00 0.00 0.00 0.00 0.00 0.00 0.00 0.00 0.00 0.00 0.00 0.12 0.11 0.14 0.19 0.31 0.53 0.84 1.48 1.77 1.36 0.40 0.35 0.18 0.00 0.00 0.00 0.00 0.00 0.00 0.00 0.00 0.00 0.00 0.00 0.12 0.11 0.14 0.20 0.32 0.54 0.87 1.51 1.77 1.36 0.40 0.35 0.18 0.00 0.00 0.00 0.00 0.00 0.00 0.00 0.00 0.00 0.00 0.00 0.12 0.11 0.14 0.20 0.32 0.55 0.88 1.57 1.77 1.36 0.40 0.35 0.18 0.00 0.00 0.00 0.00 0.00 0.00 0.00 0.00 0.00 0.00 0.00 0.12 0.12 0.14 0.20 0.33 0.55 0.89 1.60 1.77 1.36 0.40 0.35 0.18 0.00 0.00 0.00 0.00 0.00 0.00 0.00 0.00 0.00 0.00 0.00 0.12 0.12 0.14 0.20 0.33 0.56 0.91 1.64 1.77 1.36 0.40 0.35 0.18 0.00 0.00 0.00 0.00 0.00 0.00 0.00 0.00 0.00 0.00 0.00 0.12 0.12 0.14 0.21 0.34 0.57 0.94 1.65 1.77 1.36 0.40 0.35 0.18 0.00 0.00 0.00 0.00 0.00 0.00 0.00 0.00 0.00 0.00 0.00 0.13 0.12 0.14 0.21 0.34 0.58 0.97 1.71 1.77 1.36 0.40 0.35 0.18 0.00 0.00 0.00 0.00 0.00 0.00 0.00 0.00 0.00 0.00 0.00 0.13 0.12 0.14 0.21 0.34 0.58 0.99 1.76 1.77 1.36 0.40 0.35 0.18 0.00 0.00 0.00 0.00 0.00 0.00 0.00 0.00 0.00 0.00 0.00 0.13 0.12 0.14 0.21 0.35 0.59 1.01 1.78 1.77 1.36 0.40 0.35 0.18 0.00 0.00 0.00 0.00 0.00 0.00 0.00 0.00 0.00 0.00 0.00 0.13 0.12 0.15 0.21 0.35 0.61 1.02 1.82 1.77 1.36 0.40 0.35 0.18 0.00 0.00 0.00 0.00 0.00 0.00 0.00 0.00 0.00 0.00 0.00 0.13 0.12 0.15 0.22 0.35 0.62 1.04 1.87 1.77 1.36 0.40 0.35 0.18 0.00 0.00 0.00 0.00 0.00 0.00 0.00 0.00 0.00 0.00 0.00 0.13 0.12 0.15 0.22 0.35 0.64 1.06 1.90 1.77 1.36 0.40 0.35 0.18 0.00 0.00 0.00 0.00 0.00 0.00 0.00 0.00 0.00 0.00 0.00 0.13 0.12 0.15 0.22 0.36 0.66 1.07 1.93 1.77 1.36 0.40 0.35 0.18 0.00 0.00 0.00 0.00 0.00 0.00 0.00 0.00 0.00 0.00 0.00 0.13 0.12 0.15 0.22 0.37 0.67 1.08 1.98 1.77 1.36 0.40 0.35 0.18 0.00 0.00 0.00 0.00 0.00 0.00 0.00 0.00 0.00 0.00 0.00 0.13 0.13 0.15 0.23 0.37 0.68 1.10 2.09 1.77 1.36 0.40 0.35 0.18 0.00 0.00 0.00 0.00 0.00 0.00 0.00 0.00 0.00 0.00 0.00 0.13 0.13 0.15 0.23 0.38 0.69 1.16 2.10 1.77 1.36 0.40 0.35 0.18 0.00 0.00 0.00 0.00 0.00 0.00 0.00 0.00 0.00 0.00 0.00 0.13 0.13 0.15 0.23 0.38 0.70 1.18 2.14 1.77 1.36 0.40 0.35 0.18 0.00 0.00 0.00 0.00 0.00 0.00 0.00 0.00 0.00 0.00 0.00 0.13 0.13 0.16 0.23 0.38 0.71 1.21 2.20 1.77 1.36 0.40 0.35 0.18 0.00 0.00 0.00 0.00 0.00 0.00 0.00 0.00 0.00 0.00 0.00 0.13 0.13 0.16 0.24 0.39 0.72 1.27 2.24 1.77 1.36 0.40 0.35 0.18 0.00 0.00 0.00 0.00 0.00 0.00 0.00 0.00 0.00 0.00 0.00 0.13 0.13 0.16 0.24 0.39 0.74 1.29 2.34 1.77 1.36 0.40 0.35 0.18 0.00 0.00 0.00 0.00 0.00 0.00 0.00 0.00 0.00 0.00 0.00 0.14 0.13 0.16 0.24 0.40 0.75 1.32 2.40 1.77 1.36 0.40 0.35 0.18 0.00 0.00 0.00 0.00 0.00 0.00 0.00 0.00 0.00 0.00 0.00 0.14 0.13 0.16 0.25 0.40 0.76 1.33 2.40 1.77 1.36 0.40 0.35 0.18 0.00 0.00 0.00 0.00 0.00 0.00 0.00 0.00 0.00 0.00 0.00 0.14 0.13 0.16 0.25 0.41 0.77 1.35 2.40 1.77 1.36 0.40 0.35 0.18 0.00 0.00 0.00 0.00 0.00 0.00 0.00 0.00 0.00 0.00 0.00 0.14 0.13 0.17 0.25 0.42 0.78 1.37 2.40 1.77 1.36 0.40 0.35 0.18 0.00 0.00 0.00 0.00 0.00 0.00 0.00 0.00 0.00 0.00 0.00 0.14 0.13 0.17 0.25 0.42 0.79 1.38 2.40 1.77 1.36 0.40 0.35 0.18 0.00 0.00 0.00 0.00 0.00 0.00 0.00 0.00 0.00 0.00 0.00 0.14 0.13 0.17 0.26 0.43 0.80 1.41 2.40 1.77 1.36 0.40 0.35 0.18 0.00 0.00 0.00 0.00 0.00 0.00 0.00 0.00 0.00 0.00 0.00 0.14 0.13 0.17 0.26 0.44 0.81 1.44 2.40 1.77 1.36 0.40 0.35 0.18 0.00 0.00 0.00 0.00 0.00 0.00 0.00 0.00 0.00 0.00 0.00 0.14 0.13 0.17 0.26 0.44 0.83 1.48 2.40 1.77 1.36 0.40 0.35 0.18 0.00 0.00 0.00 0.00 0.00 0.00 0.00 0.00 0.00 0.00 0.00 0.14 0.13 0.17 0.26 0.44 0.84 1.56 2.40 1.77 1.36 0.40 0.35 0.18 0.00 0.00 0.00 0.00 0.00 0.00 0.00 0.00 0.00 0.00 0.00 0.14 0.14 0.17 0.26 0.45 0.85 1.58 2.40 1.77 1.36 0.40 0.35 0.18 0.00 0.00 0.00 0.00 0.00 0.00 0.00 0.00 0.00 0.00 0.00 0.15 0.14 0.17 0.28 0.45 0.86 1.59 2.40 1.77 1.36 0.40 0.35 0.18 0.00 0.00 0.00 0.00 0.00 0.00 0.00 0.00 0.00 0.00 0.00 0.15 0.14 0.18 0.28 0.46 0.89 1.61 2.40 1.77 1.36 0.40 0.35 0.18 0.00 0.00 0.00 0.00 0.00 0.00 0.00 0.00 0.00 0.00 0.00 0.15 0.14 0.18 0.28 0.46 0.89 1.62 2.40 1.77 1.36 0.40 0.35 0.18 0.00 0.00 0.00 0.00 0.00 0.00 0.00 0.00 0.00 0.00 0.00 0.15 0.14 0.18 0.29 0.47 0.91 1.64 2.40 1.77 1.36 0.40 0.35 0.18 0.00 0.00 0.00 0.00 0.00 0.00 0.00 0.00 0.00 0.00 0.00 0.15 0.14 0.18 0.29 0.47 0.92 1.69 2.40 1.77 1.36 0.40 0.35 0.18 0.00 0.00 0.00 0.00 0.00 0.00 0.00 0.00 0.00 0.00 0.00 0.15 0.14 0.18 0.30 0.48 0.95 1.72 2.40 1.77 1.36 0.40 0.35 0.18 0.00 0.00 0.00 0.00 0.00 0.00 0.00 0.00 0.00 0.00 0.00 0.15 0.14 0.19 0.30 0.49 0.96 1.73 2.40 1.77 1.36 0.40 0.35 0.18 0.00 0.00 0.00 0.00 0.00 0.00 0.00 0.00 0.00 0.00 0.00 0.15 0.14 0.19 0.30 0.49 0.97 1.78 2.40 1.77 1.36 0.40 0.35 0.18 0.00 0.00 0.00 0.00 0.00 0.00 0.00 0.00 0.00 0.00 0.00 0.15 0.14 0.19 0.30 0.49 1.00 1.80 2.40 1.77 1.36 0.40 0.35 0.18 0.00 0.00 0.00 0.00 0.00 0.00 0.00 0.00 0.00 0.00 0.00 0.15 0.15 0.19 0.30 0.50 1.00 1.82 2.40 1.77 1.36 0.40 0.35 0.18 0.00 0.00 0.00 0.00 0.00 0.00 0.00 0.00 0.00 0.00 0.00 0.16 0.15 0.19 0.31 0.50 1.01 1.83 2.40 1.77 1.36 0.40 0.35 0.18 0.00 0.00 0.00 0.00 0.00 0.00 0.00 0.00 0.00 0.00 0.00 0.16 0.15 0.19 0.31 0.51 1.01 1.84 2.40 1.77 1.36 0.40 0.35 0.18 0.00 0.00 0.00 0.00 0.00 0.00 0.00 0.00 0.00 0.00 0.00 0.16 0.15 0.20 0.31 0.51 1.02 1.85 2.40 1.77 1.36 0.40 0.35 0.18 0.00 0.00 0.00 0.00 0.00 0.00 0.00 0.00 0.00 0.00 0.00 0.16 0.15 0.20 0.31 0.52 1.02 1.85 2.40 1.77 1.36 0.40 0.35 0.18 0.00 0.00 0.00 0.00 0.00 0.00 0.00 0.00 0.00 0.00 0.00 0.16 0.15 0.20 0.32 0.52 1.02 1.88 2.40 1.77 1.36 0.40 0.35 0.18 0.00 0.00 0.00 0.00 0.00 0.00 0.00 0.00 0.00 0.00 0.00 0.16 0.15 0.20 0.32 0.52 1.03 1.90 2.40 1.77 1.36 0.40 0.35 0.18 0.00 0.00 0.00 0.00 0.00 0.00 0.00 0.00 0.00 0.00 0.00 0.16 0.16 0.20 0.32 0.52 1.04 1.91 2.40 1.77 1.36 0.40 0.35 0.18 0.00 0.00 0.00 0.00 0.00 0.00 0.00 0.00 0.00 0.00 0.00 0.17 0.16 0.20 0.33 0.53 1.04 1.93 2.40 1.77 1.36 0.40 0.35 0.18 0.00 0.00 0.00 0.00 0.00 0.00 0.00 0.00 0.00 0.00 0.00 0.17 0.16 0.21 0.33 0.53 1.05 1.97 2.40 1.77 1.36 0.40 0.35 0.18 0.00 0.00 0.00 0.00 0.00 0.00 0.00 0.00 0.00 0.00 0.00 0.17 0.16 0.21 0.33 0.53 1.05 1.99 2.40 1.77 1.36 0.40 0.35 0.18 0.00 0.00 0.00 0.00 0.00 0.00 0.00 0.00 0.00 0.00 0.00 0.17 0.16 0.21 0.34 0.54 1.05 2.02 2.40 1.77 1.36 0.40 0.35 0.18 0.00 0.00 0.00 0.00 0.00 0.00 0.00 0.00 0.00 0.00 0.00 0.17 0.16 0.21 0.34 0.54 1.06 2.07 2.40 1.77 1.36 0.40 0.35 0.18 0.00 0.00 0.00 0.00 0.00 0.00 0.00 0.00 0.00 0.00 0.00 0.17 0.16 0.21 0.34 0.54 1.06 2.09 2.40 1.77 1.36 0.40 0.35 0.18 0.00 0.00 0.00 0.00 0.00 0.00 0.00 0.00 0.00 0.00 0.00 0.17 0.16 0.21 0.35 0.55 1.07 2.10 2.40 1.77 1.36 0.40 0.35 0.18 0.00 0.00 0.00 0.00 0.00 0.00 0.00 0.00 0.00 0.00 0.00 0.17 0.17 0.22 0.35 0.55 1.07 2.15 2.40 1.77 1.36 0.40 0.35 0.18 0.00 0.00 0.00 0.00 0.00 0.00 0.00 0.00 0.00 0.00 0.00 0.17 0.17 0.22 0.35 0.55 1.07 2.17 2.40 1.77 1.36 0.40 0.35 0.18 0.00 0.00 0.00 0.00 0.00 0.00 0.00 0.00 0.00 0.00 0.00 0.18 0.17 0.22 0.36 0.56 1.08 2.25 2.40 1.77 1.36 0.40 0.35 0.18 0.00 0.00 0.00 0.00 0.00 0.00 0.00 0.00 0.00 0.00 0.00 0.18 0.17 0.22 0.36 0.56 1.08 2.25 2.40 1.77 1.36 0.40 0.35 0.18 0.00 0.00 0.00 0.00 0.00 0.00 0.00 0.00 0.00 0.00 0.00 0.18 0.17 0.22 0.36 0.56 1.09 2.25 2.40 1.77 1.36 0.40 0.35 0.18 0.00 0.00 0.00 0.00 0.00 0.00 0.00 0.00 0.00 0.00 0.00 0.00 0.00 0.00 0.36 0.56 1.09 2.25 2.40 1.77 1.36 0.40 0.35 0.18 0.00 0.00 0.00 0.00 0.00 0.00 0.00 0.00 0.00 0.00 0.00 0.00 0.00 0.00 0.00 0.00 1.10 2.25 2.40 1.77 1.36 0.40 0.35 0.18 0.00 0.00 0.00 0.00 0.00 0.00 0.00 0.00 0.00 0.00 0.00 0.00 0.00 0.00 0.00 0.00 0.00 0.00 2.40 1.77 1.36 0.40 0.35 0.18 0.00 0.00 0.00 0.00 0.00 0.00 0.00 0.00 0.00 0.00 0.00 0.00 0.00 0.00 0.00 0.00 0.00 0.00 0.00 1.77 1.36 0.40 0.35 0.18 0.00 0.00 0.00 0.00 0.00 0.00 0.00 0.00 0.00 0.00 0.00 0.00 0.00 0.00 0.00 0.00 0.00 0.00 0.00 0.00 1.36 0.40 0.35 0.18 0.00 0.00 0.00 0.00 0.00 0.00 0.00 0.00 0.00 0.00 0.00 0.00 0.00 0.00 0.00 0.00 0.00 0.00 0.00 0.00 0.00 0.40 0.35 0.18 0.00 0.00 0.00 0.00 0.00 0.00 0.00 0.00 0.00 0.00 0.00 0.00 0.00 0.00 0.00 0.00 0.00 0.00 0.00 0.00 0.00 0.00 0.35 0.18 0.00 0.00 0.00 0.00 0.00 0.00 0.00 0.00 0.00 0.00 0.00 0.00 0.00 0.00 0.00 0.00 0.00 0.00 0.00 0.00 0.00 0.00 0.00 0.18 0.00 0.00 0.00 0.00 0.00 0.00 0.00 0.00 0.00 0.00 0.00 0.00 0.00 0.00 0.00 0.00 0.00 0.00 0.00 0.00 0.00 0.00 0.00 0.00 0.00 0.00 0.00 0.00 0.00 0.00 0.00 0.00 0.00 0.00 0.00 0.00 0.00 0.00 0.00 0.00 0.00 0.00 0.00 0.00 0.00 0.00 0.00 0.00 0.00 0.00 0.00 0.00 0.00 0.00 0.00 0.00 0.00 0.00 0.00 0.00 0.00 0.00 0.00 0.00 0.00 0.00 0.00 0.00 0.00 0.00 0.00 0.00 0.00 0.00 0.00 0.00 0.00 0.00 0.00 0.00 0.00 0.00 0.00 0.00 0.00 0.00 0.00 0.00 0.00 0.00 0.00 0.00 0.00 0.00 0.00 0.00 0.00 0.00 0.00 0.00 0.00 0.00 0.00 0.00 0.00 0.00 0.00 0.00 0.00 0.00 0.00 0.00 0.00 0.00 0.00 0.00 0.00 0.00 0.00 0.00 0.00 0.00 0.00 0.00 0.00 0.00 0.00 0.00 0.00 0.00 0.00 0.00 0.00 0.00 0.00 0.00 0.00 0.00 0.00 0.00 0.00 0.00 0.00 0.00 0.00 0.00 0.00 0.00 0.00 0.00 0.00 0.00 0.00 0.00 0.00 0.00 0.00 0.00 0.00 0.00 0.00 0.00 0.00 0.00 0.00 0.00 0.00 0.00 0.00 0.00 0.00 0.00 0.00 0.00 0.00 0.00 0.00 0.00 0.00 0.00 0.00 0.00 0.00 0.00 0.00 0.00 0.00 0.00 0.00 0.00 0.00 0.00 0.00 0.00 0.00 0.00 0.00 0.00 0.00 0.00 0.00 0.00 0.00 0.00 0.00 0.00 0.00 0.00 0.00 0.00 0.00 0.00 0.00 0.00 0.00 0.00 0.00 0.00 0.00 0.00 0.00 0.00 0.00 0.00 0.00 0.00 0.00 0.00 0.00 0.00 0.00 0.00 0.00 0.00 0.00 0.00 0.00 0.00 0.00 0.00 0.00 0.00 0.00 0.00 0.00 0.00 0.00 0.00 0.00 0.00 0.00 0.00 0.00 0.00 0.00 0.00 0.00 0.00 0.00 0.00 0.00 0.00 0.00 0.00 0.00 0.00 0.00 0.00 0.00 0.00 0.00 0.00 0.00 0.00 0.00 0.00 0.00 0.00 0.00 0.00 0.00 0.00 0.00 0.00 0.00 0.00 0.00 0.00 0.00 0.00 0.00 0.00 0.00 0.00 0.00 0.00 0.00 0.00 0.00 0.00 0.00 0.00 0.00 0.00 0.00 0.00 0.00 0.00 0.00 0.00 0.00 0.00 0.00 0.00 0.00 0.00 0.00 0.00 0.00 0.00 0.00 0.00 0.00 0.00 0.00 0.00 0.00 0.00 0.00 0.00 0.00 0.00 0.00 0.00 0.00 0.00 0.00 0.00 0.00 0.00 0.00 0.00 0.00 0.00 0.00 0.00 0.00 0.00 0.00 0.00 0.00 0.00 0.00 0.00 0.00 0.00 0.00 0.00 0.00 0.00 0.00 0.00 0.00 0.00 0.00 0.00 0.00 0.00 0.00 0.00 0.00 0.00 0.00 0.00 0.00 0.00 0.00 0.00 0.00 0.00 0.00 0.00 0.00 0.00 0.00 0.00 0.00 0.00 0.00 0.00 0.00 0.00 0.00 0.00 0.00 0.00 0.00 0.00 0.00 0.00 0.00 0.00 0.00 0.00 0.00 0.00 0.00 0.00 0.00 0.00 0.00 0.00 0.00 0.00 0.00 0.00 0.00 0.00 0.00 0.00 0.00 0.00 0.00 0.00 0.00 0.00 0.00 0.00 0.00 0.00 0.00 0.00 0.00 0.00 0.00 0.00 0.00 0.00 0.00 0.00 0.00 0.00 0.00 0.00 0.00 0.00 0.00 0.00 0.00 0.00 0.00 0.00 0.00 0.00 0.00 0.00 0.00 0.00 0.00 0.00 0.00 0.00 0.00 0.00 0.00 0.00 0.00 0.00 0.00 0.00 0.00 0.00 0.00 0.00 0.00 0.00 0.00 0.00 0.00 0.00 0.00 0.00 0.00 0.00 0.00 0.00 0.00 0.00 0.00 0.00 0.00 0.00 0.00 0.00 0.00 0.00 0.00 0.00 0.00 0.00 0.00 0.00 0.00 0.00 0.00 0.00 0.00 0.00 0.00 0.00 0.00 0.00 0.00 0.00 0.00 0.00 0.00 0.00 0.00 0.00 0.00 0.00 0.00 0.00 0.00 0.00 0.00 0.00 0.00 0.00 0.00 0.00 0.00 0.00 0.00 0.00 0.00 0.00 0.00 0.00 0.00 0.00 0.00 0.00 0.00 0.00 0.00 0.00 0.00 0.00 0.00 0.00 0.00 0.00 0.00 0.00 0.00 0.00 0.00 0.00 0.00 0.00 0.00 0.00 0.00 0.00 0.00 0.00 0.00 0.00 0.00 0.00 0.00 0.00 0.00 0.00 0.00 0.00 0.00 0.00 0.00 0.00 0.00 0.00 0.00 0.00 0.00 0.00 0.00 0.00 0.00 0.00 0.00 0.00 0.00 0.00 0.00 0.00 0.00 0.00 0.00 0.00 0.00 0.00 0.00 0.00 0.00 0.00 0.00 0.00 0.00 0.00 0.00 0.00 0.00 0.00 0.00 0.00 0.00 0.00 0.00 0.00 0.00 0.00 0.00 0.00 0.00 0.00 0.00 0.00 0.00 0.00 0.00 0.00 0.00 0.00 0.00 0.00 0.00 0.00 0.00 0.00 0.00 0.00 0.00 0.00 0.00 0.00 0.00 0.00 0.00 0.00 0.00 0.00 0.00 0.00 0.00 0.00 0.00 0.00 0.00 0.00 0.00 0.00 0.00 0.00 0.00 0.00 0.00 0.00 0.00 0.00 0.00 0.00 0.00 0.00 0.00 0.00 0.00 0.00 0.00 0.00 0.00 0.00 0.00 0.00 0.00 0.00 0.00 0.00 0.00 0.00 0.00 0.00 0.00 0.00 0.00 0.00 0.00 0.00 0.00 0.00 0.00 0.00 0.00 0.00 0.00 0.00 0.00 0.00 0.00 0.00 0.00 0.00 0.00 0.00 0.00 0.00 0.00 0.00 0.00 0.00 0.00 0.00 0.00 0.00 0.00 0.00 0.00 0.00 0.00 0.00 0.00 0.00 0.00 0.00 0.00 0.00 0.00 0.00 0.00 0.00 0.00 0.00 0.00 0.00 0.00 0.00 0.00 0.00 0.00 0.00 0.00 0.00 0.00 0.00 0.00 0.00 0.00 0.00 0.00 0.00 0.00 0.00 0.00 0.00 0.00 0.00 0.00 0.00 0.00 0.00 0.00 0.00 0.00 0.00 0.00 0.00 0.00 0.00 0.00 0.00 0.00 0.00 0.00 0.00 0.00 0.00 0.00 0.00 0.00 0.00 0.00 0.00 0.00 0.00 0.00 0.00 0.00 0.00 0.00 0.00 0.00 0.00 0.00 0.00 0.00 0.00 0.00 0.00 0.00 0.00 0.00 0.00 0.00 0.00 0.00 0.00 0.00 0.00 0.00 0.00 0.00 0.00 0.00 0.00 0.00 0.00 0.00 0.00 0.00 0.00 0.00 0.00 0.00 0.00 0.00 0.00 0.00 0.00 0.00 0.00 0.00 0.00 0.00 0.00 0.00 0.00 0.00 0.00 0.00 0.00 0.00 0.00 0.00 0.00 0.00 0.00 0.00 0.00 0.00 0.00 0.00 0.00 0.00 0.00 0.00 0.00 0.00 0.00 0.00 0.00 0.00 0.00 0.00 0.00 0.00 0.00 0.00 0.00 0.00 0.00 0.00 0.00 0.00 0.00 0.00 0.00 0.00 0.00 0.00 0.00 0.00 0.00 0.00 0.00 0.00 0.00 0.00 0.00 0.00 0.00 0.00 0.00 0.00 0.00 0.00 0.00 0.00 0.00 0.00 0.00 0.00 0.00 0.00 0.00 0.00 0.00 0.00 0.00 0.00 0.00 0.00 0.00 0.00 0.00 0.00 0.00 0.00 0.00 0.00 0.00 0.00 0.00 0.00 0.00 0.00 0.00 0.00 0.00 0.00 0.00 0.00 0.00 0.00 0.00 0.00 0.00 0.00 0.00 0.00 0.00 0.00 0.00 0.00 0.00 0.00 0.00 0.00 0.00 0.00 0.00 0.00 0.00 0.00 0.00 0.00 0.00 0.00 0.00 0.00 0.00 0.00 0.00 0.00 0.00 0.00 0.00 0.00 0.00 0.00 0.00 0.00 0.00 0.00 0.00 0.00 0.00 0.00 0.00 0.00 0.00 0.00 0.00 0.00 0.00 0.00 0.00 0.00 0.00 0.00 0.00 0.00 0.00 0.00 0.00 0.00 0.00 0.00 0.00 0.00 0.00 0.00 0.00 0.00 0.00 0.00 0.00 0.00 0.00 0.00 0.00 0.00 0.00 0.00 0.00 0.00 0.00 0.00 0.00 0.00 0.00 0.00 0.00 0.00 0.00 0.00 0.00 0.00 0.00 0.00 0.00 0.00 0.00 0.00 0.00 0.00 0.00 0.00 0.00 0.00 0.00 0.00 0.00 0.00 0.00 0.00 0.00 0.00 0.00 0.00 0.00 0.00 0.00 0.00 0.00 0.00 0.00 0.00 0.00 0.00 0.00 0.00 0.00 0.00 0.00 0.00 0.00 0.00 0.00 0.00 0.00 0.00 0.00 0.00 0.00 0.00 0.00 0.00 0.00 0.00 0.00 0.00 0.00 0.00 0.00 0.00 0.00 0.00 0.00 0.00 0.00 0.00 0.00 0.00 0.00 0.00 0.00 0.00 0.00 0.00 0.00 0.00 0.00 0.00 0.00 0.00 0.00 0.00 0.00 0.00 0.00 0.00 0.00 0.00 0.00 0.00 0.00 0.00 0.00 0.00 0.00 0.00 0.00 0.00 0.00 0.00 0.00 0.00 0.00 0.00 0.00 0.00 0.00 0.00 0.00 0.00 0.00 0.00 0.00 0.00 0.00 0.00 0.00 0.00 0.00 0.00 0.00 0.00 0.00 0.00 0.00 0.00 0.00 0.00 0.00 0.00 0.00 0.00 0.00 0.00 0.00 0.00 0.00 0.00 0.00 0.00 0.00 0.00 0.00 0.00 0.00 0.00 0.00 0.00 0.00 0.00 0.00 0.00 0.00 0.00 0.00 0.00 0.00 0.00 0.00 0.00 0.00 0.00 0.00 0.00 0.00 0.00 0.00 0.00 0.00 0.00 0.00 0.00 0.00 0.00 0.00 0.00 0.00 0.00 0.00 0.00 0.00 0.00 0.00 0.00 0.00 0.00 0.00 0.00 0.00 0.00 0.00 0.00 0.00 0.00 0.00 0.00 0.00 0.00 0.00 0.00 0.00 0.00 0.00 0.00 0.00 0.00 0.00 0.00 0.00 0.00 0.00 0.00 0.00 0.00 0.00 0.00 0.00 0.00 0.00 0.00 0.00 0.00 0.00 0.00 0.00 0.00 0.00 0.00 0.00 0.00 0.00 0.00 0.00 0.00 0.00 0.00 0.00 0.00 0.00 0.00 0.00 0.00 0.00 0.00 0.00 0.00 0.00 0.00 0.00 0.00 0.00 0.00 0.00 0.00 0.00 0.00 0.00 0.00 0.00 0.00 0.00 0.00 0.00 0.00 0.00 0.00 0.00 0.00 0.00 0.00 0.00 0.00 0.00 0.00 0.00 0.00 0.00 0.00 0.00 0.00 0.00 0.00 0.00 0.00 0.00 0.00 0.00 0.00 0.00 0.00 0.00 0.00 0.00 0.00 0.00 0.00 0.00 0.00 0.00 0.00 0.00 0.00 0.00 0.00 0.00 0.00 0.00 0.00 0.00 0.00 0.00 0.00 0.00 0.00 0.00 0.00 0.00 0.00 0.00 0.00 0.00 0.00 0.00 0.00 0.00 0.00 0.00 0.00 0.00 0.00 0.00 0.00 0.00 0.00 0.00 0.00 0.00 0.00 0.00 0.00 0.00 0.00 0.00 0.00 0.00 0.00 0.00 0.00 0.00 0.00 0.00 0.00 0.00 0.00 0.00 0.00 0.00 0.00 0.00 0.00 0.00 0.00 0.00 0.00 0.00 0.00 0.00 0.00 0.00 0.00 0.00 0.00 0.00 0.00 0.00 0.00 0.00 0.00 0.00 0.00 0.00 0.00 0.00 0.00 0.00 0.00 0.00 0.00 0.00 0.00 0.00 0.00 0.00 0.00 0.00 0.00 0.00 0.00 0.00 0.00 0.00 0.00 0.00 0.00 0.00 0.00 0.00 0.00 0.00 0.00 0.00 0.00 0.00 0.00 0.00 0.00 0.00 0.00 0.00 0.00 0.00 0.00 0.00 0.00 0.00 0.00 0.00 0.00 0.00 0.00 0.00 0.00 0.00 0.00 0.00 0.00 0.00 0.00 0.00 0.00 0.00 0.00 0.00 0.00 0.00 0.00 0.00 0.00 0.00 0.00 0.00 0.00 0.00 0.00 0.00 0.00 0.00 0.00 0.00 0.00 0.00 0.00 0.00 0.00 0.00 0.00 0.00 0.00 0.00 0.00 0.00 0.00 0.00 0.00 0.00 0.00 0.00 0.00 0.00 0.00 0.00 0.00 0.00 0.00 0.00 0.00 0.00 0.00 0.00 0.00 0.00 0.00 0.00 0.00 0.00 0.00 0.00 0.00 0.00 0.00 0.00 0.00 0.00 0.00 0.00 0.00 0.00 0.00 0.00 0.00 0.00 0.00 0.00 0.00 0.00 0.00 0.00 0.00 0.00 0.00 0.00 0.00 0.00 0.00 0.00 0.00 0.00 0.00 0.00 0.00 0.00 0.00 0.00 0.00 0.00 0.00 0.00 0.00 0.00 0.00 0.00 0.00 0.00 0.00 0.00 0.00 0.00 0.00 0.00 0.00 0.00 0.00 0.00 0.00 0.00 0.00 0.00 0.00
height.size=5928
height.data=14.69 290.44 566.09 841.56 1116.77 1391.64 1666.08 1940.01 2213.34 2485.99 2757.89 3028.94 3299.06 3568.17 3836.19 4103.04 4368.64 4632.90 4895.75 5157.11 5416.89 5675.01 5931.41 6185.99 14.88 292.37 569.76 846.98 1123.93 1400.54 1676.72 1952.38 2227.44 2501.82 2775.43 3048.20 3320.03 3590.84 3860.56 4129.10 4396.38 4662.31 4926.82 5189.83 5451.25 5711.01 5969.03 6225.22 15.07 294.30 573.44 852.40 1131.10 1409.44 1687.36 1964.75 2241.54 2517.65 2792.98 3067.46 3341.00 3613.52 3884.93 4155.16 4424.11 4691.72 4957.89 5222.55 5485.62 5747.01 6006.65 6264.46 15.26 296.24 577.12 857.82 1138.26 1418.35 1698.00 1977.12 2255.64 2533.47 2810.53 3086.72 3361.97 3636.19 3909.30 4181.21 4451.85 4721.13 4988.97 5255.28 5519.99 5783.01 6044.27 6303.69 15.45 298.17 580.80 863.25 1145.42 1427.25 1708.64 1989.50 2269.75 2549.30 2828.08 3105.99 3382.94 3658.87 3933.67 4207.27 4479.59 4750.54 5020.04 5288.01 5554.36 5819.01 6081.90 6342.92 15.64 300.11 584.48 868.67 1152.59 1436.16 1719.28 2001.87 2283.85 2565.13 2845.63 3125.25 3403.92 3681.54 3958.04 4233.33 4507.33 4779.95 5051.11 5320.73 5588.73 5855.02 6119.52 6382.16 15.83 302.05 588.16 874.10 1159.76 1445.06 1729.92 2014.25 2297.96 2580.96 2863.18 3144.52 3424.89 3704.22 3982.42 4259.40 4535.07 4809.37 5082.19 5353.46 5623.10 5891.02 6157.15 6421.39 16.02 303.98 591.85 879.52 1166.93 1453.97 1740.57 2026.63 2312.07 2596.80 2880.73 3163.78 3445.87 3726.90 4006.79 4285.46 4562.82 4838.78 5113.27 5386.19 5657.47 5927.03 6194.77 6460.63 16.22 305.92 595.53 884.95 1174.10 1462.88 1751.21 2039.01 2326.17 2612.63 2898.28 3183.05 3466.85 3749.58 4031.17 4311.52 4590.56 4868.19 5144.34 5418.92 5691.85 5963.03 6232.40 6499.87 16.42 307.87 599.22 890.38 1181.27 1471.79 1761.86 2051.39 2340.28 2628.46 2915.84 3202.32 3487.82 3772.26 4055.54 4337.59 4618.30 4897.61 5175.42 5451.65 5726.22 5999.04 6270.03 6539.11 16.61 309.81 602.90 895.81 1188.44 1480.70 1772.51 2063.77 2354.39 2644.30 2933.40 3221.59 3508.80 3794.94 4079.92 4363.65 4646.05 4927.03 5206.50 5484.39 5760.60 6035.05 6307.66 6578.35 16.81 311.75 606.59 901.24 1195.61 1489.61 1783.15 2076.15 2368.51 2660.14 2950.95 3240.86 3529.79 3817.63 4104.30 4389.72 4673.80 4956.45 5237.58 5517.12 5794.97 6071.06 6345.29 6617.59 17.01 313.70 610.28 906.67 1202.79 1498.53 1793.81 2088.53 2382.62 2675.98 2968.51 3260.14 3550.77 3840.31 4128.68 4415.79 4701.54 4985.87 5268.67 5549.86 5829.35 6107.07 6382.92 6656.83 17.21 315.64 613.97 912.11 1209.96 1507.44 1804.46 2100.92 2396.73 2691.81 2986.07 3279.41 3571.75 3863.00 4153.06 4441.86 4729.29 5015.29 5299.75 5582.59 5863.73 6143.08 6420.56 6696.07 17.41 317.59 617.66 917.54 1217.14 1516.36 1815.11 2113.30 2410.85 2707.65 3003.63 3298.69 3592.73 3885.68 4177.44 4467.93 4757.04 5044.71 5330.83 5615.33 5898.11 6179.09 6458.19 6735.32 17.62 319.54 621.35 922.98 1224.32 1525.27 1825.76 2125.69 2424.96 2723.50 3021.19 3317.96 3613.72 3908.37 4201.83 4494.00 4784.79 5074.13 5361.92 5648.07 5932.49 6215.11 6495.83 6774.56 17.82 321.49 625.05 928.42 1231.49 1534.19 1836.42 2138.08 2439.08 2739.34 3038.76 3337.24 3634.71 3931.06 4226.21 4520.07 4812.55 5103.56 5393.00 5680.81 5966.88 6251.12 6533.46 6813.81 18.03 323.44 628.74 933.85 1238.67 1543.11 1847.07 2150.47 2453.20 2755.18 3056.32 3356.52 3655.69 3953.75 4250.60 4546.14 4840.30 5132.98 5424.09 5713.55 6001.26 6287.14 6571.10 6853.06 18.23 325.39 632.44 939.29 1245.86 1552.03 1857.73 2162.86 2467.32 2771.03 3073.88 3375.80 3676.68 3976.44 4274.98 4572.22 4868.06 5162.41 5455.18 5746.29 6035.64 6323.16 6608.74 6892.30 18.44 327.34 636.14 944.73 1253.04 1560.95 1868.39 2175.25 2481.44 2786.87 3091.45 3395.08 3697.67 3999.13 4299.37 4598.29 4895.81 5191.83 5486.27 5779.03 6070.03 6359.17 6646.38 6931.55 18.65 329.30 639.84 950.18 1260.22 1569.88 1879.05 2187.64 2495.56 2802.72 3109.02 3414.36 3718.66 4021.83 4323.76 4624.37 4923.57 5221.26 5517.36 5811.77 6104.41 6395.19 6684.02 6970.80 18.86 331.25 643.54 955.62 1267.41 1578.80 1889.71 2200.04 2509.69 2818.57 3126.59 3433.65 3739.66 4044.52 4348.15 4650.45 4951.33 5250.69 5548.45 5844.52 6138.80 6431.21 6721.66 7010.05 19.07 333.21 647.24 961.06 1274.59 1587.73 1900.37 2212.43 2523.81 2834.42 3144.16 3452.93 3760.65 4067.22 4372.54 4676.53 4979.08 5280.12 5579.54 5877.26 6173.19 6467.23 6759.30 7049.31 19.28 335.17 650.94 966.51 1281.78 1596.65 1911.03 2224.83 2537.94 2850.27 3161.73 3472.22 3781.64 4089.91 4396.93 4702.61 5006.84 5309.55 5610.64 5910.01 6207.58 6503.25 6796.94 7088.56 19.50 337.12 654.64 971.96 1288.97 1605.58 1921.70 2237.22 2552.06 2866.12 3179.30 3491.50 3802.64 4112.61 4421.32 4728.69 5034.60 5338.98 5641.73 5942.76 6241.97 6539.28 6834.59 7127.81 19.71 339.08 658.35 977.40 1296.16 1614.51 1932.36 2249.62 2566.19 2881.97 3196.87 3510.79 3823.64 4135.31 4445.72 4754.77 5062.37 5368.42 5672.83 5975.51 6276.36 6575.30 6872.23 7167.07 19.93 341.05 662.05 982.85 1303.35 1623.44 1943.03 2262.02 2580.32 2897.83 3214.45 3530.08 3844.63 4158.01 4470.11 4780.85 5090.13 5397.85 5703.93 6008.26 6310.75 6611.33 6909.88 7206.32 20.14 343.01 665.76 988.30 1310.54 1632.37 1953.70 2274.42 2594.45 2913.68 3232.02 3549.37 3865.63 4180.71 4494.51 4806.94 5117.89 5427.29 5735.02 6041.01 6345.15 6647.35 6947.53 7245.58 20.36 344.97 669.47 993.75 1317.73 1641.30 1964.37 2286.83 2608.58 2929.54 3249.60 3568.66 3886.63 4203.41 4518.91 4833.02 5145.66 5456.72 5766.12 6073.76 6379.54 6683.38 6985.17 7284.84 20.58 346.94 673.18 999.21 1324.93 1650.23 1975.04 2299.23 2622.71 2945.40 3267.18 3587.95 3907.63 4226.12 4543.31 4859.11 5173.43 5486.16 5797.22 6106.51 6413.94 6719.41 7022.82 7324.10 20.80 348.90 676.89 1004.66 1332.12 1659.17 1985.71 2311.63 2636.85 2961.26 3284.75 3607.25 3928.63 4248.82 4567.71 4885.20 5201.19 5515.60 5828.32 6139.27 6448.33 6755.43 7060.47 7363.36 21.03 350.87 680.60 1010.11 1339.32 1668.11 1996.38 2324.04 2650.98 2977.12 3302.33 3626.54 3949.64 4271.53 4592.11 4911.29 5228.96 5545.04 5859.43 6172.02 6482.73 6791.46 7098.12 7402.62 21.25 352.84 684.31 1015.57 1346.51 1677.04 2007.05 2336.44 2665.12 2992.98 3319.92 3645.84 3970.64 4294.23 4616.51 4937.38 5256.73 5574.48 5890.53 6204.78 6517.13 6827.50 7135.78 7441.88 21.47 354.81 688.03 1021.03 1353.71 1685.98 2017.73 2348.85 2679.26 3008.84 3337.50 3665.13 3991.65 4316.94 4640.91 4963.47 5284.50 5603.92 5921.63 6237.53 6551.53 6863.53 7173.43 7481.14 21.70 356.78 691.74 1026.49 1360.91 1694.92 2028.40 2361.26 2693.39 3024.70 3355.08 3684.43 4012.65 4339.65 4665.32 4989.56 5312.27 5633.37 5952.74 6270.29 6585.93 6899.56 7211.08 7520.41 21.92 358.75 695.46 1031.95 1368.11 1703.86 2039.08 2373.67 2707.53 3040.57 3372.67 3703.73 4033.66 4362.36 4689.72 5015.65 5340.05 5662.81 5983.85 6303.05 6620.33 6935.59 7248.74 7559.67 22.15 360.72 699.17 1037.41 1375.32 1712.80 2049.76 2386.08 2721.67 3056.43 3390.25 3723.03 4054.67 4385.07 4714.13 5041.75 5367.82 5692.26 6014.95 6335.81 6654.74 6971.63 7286.40 7598.94 22.38 362.70 702.89 1042.87 1382.52 1721.74 2060.44 2398.50 2735.82 3072.30 3407.84 3742.33 4075.68 4407.78 4738.54 5067.84 5395.60 5721.70 6046.06 6368.57 6689.14 7007.67 7324.05 7638.20 22.61 364.67 706.61 1048.33 1389.72 1730.69 2071.12 2410.91 2749.96 3088.17 3425.43 3761.64 4096.69 4430.50 4762.95 5093.94 5423.37 5751.15 6077.17 6401.34 6723.55 7043.70 7361.71 7677.47 22.84 366.65 710.33 1053.80 1396.93 1739.63 2081.80 2423.32 2764.10 3104.03 3443.01 3780.94 4117.71 4453.21 4787.36 5120.04 5451.15 5780.60 6108.28 6434.10 6757.95 7079.74 7399.37 7716.74 23.08 368.63 714.06 1059.26 1404.14 1748.58 2092.48 2435.74 2778.25 3119.91 3460.60 3800.24 4138.72 4475.93 4811.77 5146.13 5478.93 5810.05 6139.39 6466.86 6792.36 7115.78 7437.03 7756.01 23.31 370.60 717.78 1064.73 1411.35 1757.53 2103.17 2448.16 2792.39 3135.78 3478.20 3819.55 4159.73 4498.64 4836.18 5172.23 5506.71 5839.50 6170.51 6499.63 6826.77 7151.82 7474.69 7795.28 23.54 372.58 721.50 1070.20 1418.56 1766.48 2113.85 2460.57 2806.54 3151.65 3495.79 3838.86 4180.75 4521.36 4860.59 5198.33 5534.49 5868.95 6201.62 6532.40 6861.18 7187.86 7512.35 7834.55 23.78 374.57 725.23 1075.66 1425.77 1775.43 2124.54 2472.99 2820.69 3167.52 3513.38 3858.16 4201.77 4544.08 4885.01 5224.44 5562.27 5898.40 6232.74 6565.16 6895.59 7223.90 7550.02 7873.83 24.02 376.55 728.96 1081.13 1432.98 1784.38 2135.22 2485.41 2834.84 3183.40 3530.98 3877.47 4222.78 4566.80 4909.42 5250.54 5590.05 5927.86 6263.85 6597.93 6930.00 7259.95 7587.68 7913.10 24.26 378.53 732.68 1086.61 1440.19 1793.33 2145.91 2497.84 2848.99 3199.27 3548.57 3896.78 4243.80 4589.52 4933.84 5276.64 5617.84 5957.31 6294.97 6630.70 6964.41 7295.99 7625.35 7952.38 24.50 380.52 736.41 1092.08 1447.40 1802.28 2156.60 2510.26 2863.14 3215.15 3566.17 3916.10 4264.82 4612.24 4958.25 5302.75 5645.62 5986.77 6326.09 6663.47 6998.82 7332.04 7663.01 7991.65 24.74 382.50 740.14 1097.55 1454.62 1811.24 2167.29 2522.68 2877.30 3231.03 3583.77 3935.41 4285.84 4634.97 4982.67 5328.86 5673.41 6016.23 6357.21 6696.24 7033.24 7368.08 7700.68 8030.93 24.98 384.49 743.87 1103.03 1461.84 1820.19 2177.99 2535.11 2891.45 3246.91 3601.37 3954.72 4306.87 4657.69 5007.09 5354.96 5701.19 6045.68 6388.33 6729.02 7067.65 7404.13 7738.35 8070.21 25.22 386.48 747.61 1108.50 1469.05 1829.15 2188.68 2547.53 2905.61 3262.79 3618.97 3974.04 4327.89 4680.42 5031.51 5381.07 5728.98 6075.14 6419.45 6761.79 7102.07 7440.18 7776.02 8109.48 25.47 388.47 751.34 1113.98 1476.27 1838.11 2199.37 2559.96 2919.76 3278.67 3636.57 3993.35 4348.92 4703.15 5055.94 5407.18 5756.77 6104.60 6450.57 6794.57 7136.49 7476.23 7813.69 8148.76 25.71 390.46 755.08 1119.46 1483.49 1847.06 2210.07 2572.39 2933.92 3294.55 3654.17 4012.67 4369.94 4725.87 5080.36 5433.29 5784.56 6134.06 6481.69 6827.34 7170.91 7512.28 7851.36 8188.05 25.96 392.45 758.81 1124.94 1490.71 1856.03 2220.76 2584.82 2948.08 3310.44 3671.78 4031.99 4390.97 4748.60 5104.78 5459.40 5812.35 6163.53 6512.82 6860.12 7205.32 7548.33 7889.03 8227.33 26.21 394.44 762.55 1130.42 1497.93 1864.99 2231.46 2597.25 2962.24 3326.32 3689.38 4051.31 4412.00 4771.33 5129.21 5485.52 5840.15 6192.99 6543.94 6892.90 7239.75 7584.38 7926.71 8266.61 26.45 396.44 766.29 1135.90 1505.16 1873.95 2242.16 2609.68 2976.40 3342.21 3706.99 4070.63 4433.03 4794.06 5153.64 5511.63 5867.94 6222.46 6575.07 6925.68 7274.17 7620.44 7964.38 8305.89 26.70 398.43 770.03 1141.38 1512.38 1882.91 2252.86 2622.12 2990.56 3358.09 3724.59 4089.95 4454.06 4816.80 5178.06 5537.74 5895.73 6251.92 6606.20 6958.46 7308.59 7656.49 8002.06 8345.18 26.96 400.43 773.77 1146.87 1519.61 1891.88 2263.56 2634.55 3004.73 3373.98 3742.20 4109.27 4475.09 4839.53 5202.49 5563.86 5923.53 6281.39 6637.33 6991.24 7343.01 7692.55 8039.73 8384.46 27.21 402.43 777.51 1152.35 1526.84 1900.84 2274.27 2646.99 3018.89 3389.87 3759.81 4128.60 4496.12 4862.26 5226.92 5589.98 5951.33 6310.86 6668.46 7024.02 7377.44 7728.60 8077.41 8423.75 27.46 404.42 781.26 1157.84 1534.06 1909.81 2284.97 2659.42 3033.06 3405.76 3777.42 4147.92 4517.15 4885.00 5251.35 5616.10 5979.12 6340.32 6699.59 7056.80 7411.86 7764.66 8115.09 8463.04 27.72 406.42 785.00 1163.33 1541.29 1918.78 2295.67 2671.86 3047.23 3421.66 3795.03 4167.25 4538.19 4907.74 5275.78 5642.22 6006.92 6369.79 6730.72 7089.59 7446.29 7800.72 8152.77 8502.33 27.97 408.43 788.75 1168.82 1548.52 1927.75 2306.38 2684.30 3061.39 3437.55 3812.65 4186.58 4559.22 4930.47 5300.22 5668.34 6034.72 6399.27 6761.85 7122.37 7480.72 7836.78 8190.45 8541.62 28.23 410.43 792.49 1174.31 1555.75 1936.72 2317.09 2696.74 3075.56 3453.44 3830.26 4205.91 4580.26 4953.21 5324.65 5694.46 6062.52 6428.74 6792.99 7155.16 7515.15 7872.84 8228.13 8580.91 28.49 412.43 796.24 1179.80 1562.99 1945.69 2327.80 2709.18 3089.73 3469.34 3847.88 4225.24 4601.30 4975.95 5349.09 5720.58 6090.33 6458.21 6824.12 7187.95 7549.58 7908.90 8265.81 8620.20 28.75 414.44 799.99 1185.29 1570.22 1954.66 2338.51 2721.62 3103.91 3485.23 3865.49 4244.57 4622.34 4998.70 5373.52 5746.70 6118.13 6487.69 6855.26 7220.74 7584.01 7944.96 8303.50 8659.49 29.01 416.44 803.74 1190.78 1577.46 1963.64 2349.22 2734.07 3118.08 3501.13 3883.11 4263.90 4643.38 5021.44 5397.96 5772.83 6145.93 6517.16 6886.39 7253.52 7618.44 7981.03 8341.18 8698.79 29.27 418.45 807.49 1196.28 1584.69 1972.61 2359.93 2746.51 3132.25 3517.03 3900.73 4283.23 4664.42 5044.18 5422.40 5798.96 6173.74 6546.64 6917.53 7286.32 7652.87 8017.09 8378.87 8738.08 29.53 420.46 811.24 1201.77 1591.93 1981.59 2370.64 2758.96 3146.43 3532.93 3918.35 4302.57 4685.46 5066.93 5446.84 5825.08 6201.55 6576.11 6948.67 7319.11 7687.31 8053.16 8416.55 8777.38 29.80 422.47 815.00 1207.27 1599.17 1990.57 2381.35 2771.41 3160.60 3548.83 3935.97 4321.90 4706.51 5089.67 5471.28 5851.21 6229.35 6605.59 6979.81 7351.90 7721.74 8089.23 8454.24 8816.67 30.06 424.48 818.75 1212.77 1606.41 1999.55 2392.07 2783.85 3174.78 3564.73 3953.59 4341.24 4727.55 5112.42 5495.72 5877.34 6257.16 6635.07 7010.95 7384.69 7756.18 8125.29 8491.93 8855.97 30.33 426.49 822.51 1218.27 1613.65 2008.53 2402.79 2796.30 3188.96 3580.64 3971.22 4360.58 4748.60 5135.17 5520.16 5903.47 6284.97 6664.55 7042.10 7417.49 7790.61 8161.36 8529.62 8895.27 30.60 428.50 826.27 1223.77 1620.89 2017.51 2413.50 2808.75 3203.14 3596.54 3988.84 4379.91 4769.65 5157.92 5544.61 5929.60 6312.78 6694.04 7073.24 7450.28 7825.05 8197.43 8567.31 8934.57 30.87 430.52 830.02 1229.27 1628.13 2026.49 2424.22 2821.21 3217.32 3612.45 4006.47 4399.25 4790.69 5180.67 5569.05 5955.74 6340.60 6723.52 7104.39 7483.08 7859.49 8233.50 8605.00 8973.87 31.14 432.53 833.78 1234.77 1635.38 2035.48 2434.94 2833.66 3231.50 3628.35 4024.09 4418.59 4811.74 5203.42 5593.50 5981.87 6368.41 6753.00 7135.53 7515.88 7893.93 8269.57 8642.69 9013.17 31.41 434.55 837.55 1240.28 1642.62 2044.46 2445.66 2846.11 3245.69 3644.26 4041.72 4437.94 4832.79 5226.17 5617.95 6008.00 6396.22 6782.49 7166.68 7548.68 7928.37 8305.65 8680.39 9052.47 31.68 436.57 841.31 1245.78 1649.87 2053.45 2456.39 2858.57 3259.87 3660.17 4059.35 4457.28 4853.85 5248.92 5642.39 6034.14 6424.04 6811.97 7197.83 7581.48 7962.82 8341.72 8718.08 9091.78 31.95 438.58 845.07 1251.29 1657.12 2062.43 2467.11 2871.03 3274.06 3676.08 4076.98 4476.62 4874.90 5271.68 5666.84 6060.28 6451.85 6841.46 7228.97 7614.28 7997.26 8377.80 8755.78 9131.08 32.23 440.60 848.84 1256.80 1664.37 2071.42 2477.83 2883.48 3288.24 3691.99 4094.61 4495.97 4895.95 5294.43 5691.30 6086.41 6479.67 6870.95 7260.12 7647.08 8031.70 8413.87 8793.47 9170.39 32.51 442.63 852.60 1262.31 1671.62 2080.41 2488.56 2895.94 3302.43 3707.91 4112.24 4515.32 4917.01 5317.19 5715.75 6112.55 6507.49 6900.44 7291.28 7679.89 8066.15 8449.95 8831.17 9209.69 32.78 444.65 856.37 1267.82 1678.87 2089.40 2499.29 2908.40 3316.62 3723.82 4129.88 4534.66 4938.06 5339.95 5740.20 6138.69 6535.31 6929.93 7322.43 7712.69 8100.60 8486.03 8868.87 9249.00 33.06 446.67 860.14 1273.33 1686.12 2098.39 2510.01 2920.86 3330.81 3739.73 4147.51 4554.01 4959.12 5362.71 5764.65 6164.84 6563.13 6959.42 7353.58 7745.50 8135.04 8522.11 8906.57 9288.31 33.34 448.70 863.90 1278.84 1693.38 2107.39 2520.74 2933.32 3345.00 3755.65 4165.15 4573.36 4980.18 5385.47 5789.11 6190.98 6590.95 6988.91 7384.74 7778.30 8169.49 8558.19 8944.27 9327.62 33.62 450.72 867.68 1284.35 1700.63 2116.38 2531.47 2945.79 3359.19 3771.57 4182.78 4592.72 5001.24 5408.23 5813.57 6217.12 6618.78 7018.41 7415.89 7811.11 8203.94 8594.27 8981.97 9366.93 33.90 452.75 871.45 1289.87 1707.89 2125.38 2542.21 2958.25 3373.39 3787.49 4200.42 4612.07 5022.30 5430.99 5838.02 6243.27 6646.60 7047.90 7447.05 7843.92 8238.39 8630.35 9019.67 9406.24 34.19 454.78 875.22 1295.38 1715.14 2134.37 2552.94 2970.72 3387.58 3803.41 4218.06 4631.42 5043.36 5453.76 5862.48 6269.41 6674.42 7077.40 7478.20 7876.73 8272.84 8666.43 9057.38 9445.56 34.47 456.81 878.99 1300.90 1722.40 2143.37 2563.67 2983.19 3401.78 3819.33 4235.70 4650.78 5064.42 5476.52 5886.94 6295.56 6702.25 7106.89 7509.36 7909.54 8307.30 8702.52 9095.08 9484.87 34.76 458.84 882.77 1306.42 1729.66 2152.37 2574.41 2995.65 3415.98 3835.25 4253.34 4670.13 5085.49 5499.29 5911.40 6321.71 6730.08 7136.39 7540.52 7942.35 8341.75 8738.60 9132.79 9524.18 35.04 460.87 886.54 1311.94 1736.92 2161.37 2585.14 3008.12 3430.17 3851.17 4270.98 4689.49 5106.55 5522.05 5935.86 6347.86 6757.91 7165.89 7571.68 7975.16 8376.20 8774.69 9170.49 9563.50 35.33 462.90 890.32 1317.46 1744.19 2170.37 2595.88 3020.59 3444.37 3867.10 4288.63 4708.85 5127.62 5544.82 5960.33 6374.01 6785.74 7195.39 7602.84 8007.98 8410.66 8810.78 9208.20 9602.82 35.62 464.94 894.10 1322.98 1751.45 2179.37 2606.62 3033.06 3458.57 3883.02 4306.27 4728.21 5148.69 5567.59 5984.79 6400.16 6813.57 7224.89 7634.01 8040.79 8445.12 8846.86 9245.91 9642.13 35.91 466.97 897.88 1328.50 1758.71 2188.38 2617.36 3045.54 3472.78 3898.95 4323.92 4747.57 5169.76 5590.36 6009.26 6426.31 6841.40 7254.39 7665.17 8073.61 8479.58 8882.95 9283.62 9681.45 36.20 469.01 901.66 1334.03 1765.98 2197.38 2628.10 3058.01 3486.98 3914.87 4341.57 4766.93 5190.83 5613.13 6033.72 6452.46 6869.23 7283.90 7696.34 8106.42 8514.03 8919.04 9321.33 9720.77 36.49 471.05 905.44 1339.55 1773.25 2206.39 2638.84 3070.49 3501.18 3930.80 4359.22 4786.29 5211.90 5635.91 6058.19 6478.62 6897.06 7313.40 7727.50 8139.24 8548.49 8955.14 9359.04 9760.09 36.79 473.08 909.23 1345.08 1780.51 2215.39 2649.59 3082.96 3515.39 3946.73 4376.86 4805.65 5232.97 5658.68 6082.66 6504.77 6924.90 7342.91 7758.67 8172.06 8582.96 8991.23 9396.76 9799.41 37.08 475.12 913.01 1350.61 1787.78 2224.40 2660.33 3095.44 3529.59 3962.66 4394.52 4825.02 5254.04 5681.45 6107.13 6530.93 6952.73 7372.41 7789.84 8204.88 8617.42 9027.32 9434.47 9838.74 37.38 477.17 916.80 1356.14 1795.05 2233.41 2671.08 3107.92 3543.80 3978.60 4412.17 4844.38 5275.12 5704.23 6131.60 6557.09 6980.57 7401.92 7821.01 8237.70 8651.88 9063.42 9472.18 9878.06 37.68 479.21 920.58 1361.67 1802.32 2242.42 2681.82 3120.40 3558.01 3994.53 4429.82 4863.75 5296.19 5727.01 6156.07 6583.25 7008.41 7431.43 7852.18 8270.52 8686.34 9099.51 9509.90 9917.38 37.97 481.25 924.37 1367.20 1809.60 2251.43 2692.57 3132.88 3572.22 4010.46 4447.47 4883.12 5317.27 5749.79 6180.54 6609.41 7036.25 7460.94 7883.35 8303.35 8720.81 9135.61 9547.62 9956.71 38.27 483.30 928.16 1372.73 1816.87 2260.44 2703.32 3145.36 3586.43 4026.40 4465.13 4902.49 5338.34 5772.56 6205.02 6635.57 7064.09 7490.45 7914.52 8336.17 8755.28 9171.71 9585.33 9996.04 38.57 485.34 931.95 1378.26 1824.14 2269.46 2714.07 3157.84 3600.64 4042.34 4482.79 4921.86 5359.42 5795.34 6229.49 6661.73 7091.93 7519.96 7945.69 8369.00 8789.74 9207.80 9623.05 10035.36 38.88 487.39 935.74 1383.80 1831.42 2278.47 2724.82 3170.33 3614.86 4058.27 4500.44 4941.23 5380.50 5818.13 6253.97 6687.89 7119.77 7549.47 7976.87 8401.82 8824.21 9243.90 9660.77 10074.69 39.18 489.44 939.53 1389.33 1838.70 2287.49 2735.57 3182.81 3629.07 4074.21 4518.10 4960.60 5401.58 5840.91 6278.44 6714.06 7147.62 7578.99 8008.04 8434.65 8858.68 9280.00 9698.49 10114.02 39.48 491.49 943.33 1394.87 1845.98 2296.51 2746.33 3195.30 3643.29 4090.15 4535.76 4979.98 5422.67 5863.69 6302.92 6740.22 7175.46 7608.50 8039.22 8467.48 8893.15 9316.11 9736.22 10153.35 39.79 493.54 947.12 1400.41 1853.26 2305.53 2757.08 3207.79 3657.50 4106.09 4553.42 4999.35 5443.75 5886.48 6327.40 6766.39 7203.31 7638.02 8070.40 8500.31 8927.62 9352.21 9773.94 10192.68 40.10 495.59 950.92 1405.95 1860.54 2314.55 2767.84 3220.28 3671.72 4122.04 4571.08 5018.73 5464.83 5909.26 6351.88 6792.56 7231.15 7667.54 8101.58 8533.14 8962.09 9388.31 9811.66 10232.02 40.40 497.64 954.72 1411.49 1867.82 2323.57 2778.60 3232.77 3685.94 4137.98 4588.75 5038.11 5485.92 5932.05 6376.36 6818.73 7259.00 7697.06 8132.76 8565.97 8996.57 9424.42 9849.39 10271.35 40.71 499.70 958.52 1417.03 1875.10 2332.59 2789.35 3245.26 3700.16 4153.92 4606.41 5057.48 5507.01 5954.84 6400.85 6844.90 7286.85 7726.57 8163.94 8598.80 9031.04 9460.52 9887.11 10310.68 41.02 501.75 962.32 1422.57 1882.39 2341.61 2800.11 3257.75 3714.38 4169.87 4624.08 5076.86 5528.09 5977.63 6425.33 6871.07 7314.70 7756.10 8195.12 8631.64 9065.52 9496.63 9924.84 10350.02 41.33 503.81 966.12 1428.12 1889.67 2350.64 2810.87 3270.24 3728.60 4185.82 4641.74 5096.24 5549.18 6000.42 6449.82 6897.24 7342.55 7785.62 8226.30 8664.47 9099.99 9532.74 9962.57 10389.36 41.65 505.87 969.92 1433.66 1896.96 2359.66 2821.64 3282.74 3742.83 4201.76 4659.41 5115.63 5570.27 6023.21 6474.30 6923.41 7370.40 7815.14 8257.49 8697.31 9134.47 9568.85 10000.30 10428.69 41.96 507.92 973.72 1439.21 1904.25 2368.69 2832.40 3295.23 3757.05 4217.71 4677.08 5135.01 5591.36 6046.00 6498.79 6949.59 7398.26 7844.66 8288.67 8730.14 9168.95 9604.95 10038.03 10468.03 42.28 509.98 977.53 1444.76 1911.53 2377.72 2843.16 3307.73 3771.28 4233.66 4694.75 5154.39 5612.46 6068.80 6523.28 6975.76 7426.11 7874.19 8319.86 8762.98 9203.43 9641.07 10075.76 10507.37 42.59 512.05 981.33 1450.31 1918.82 2386.75 2853.93 3320.23 3785.50 4249.62 4712.42 5173.78 5633.55 6091.59 6547.77 7001.94 7453.97 7903.71 8351.04 8795.82 9237.91 9677.18 10113.49 10546.71 42.91 514.11 985.14 1455.86 1926.12 2395.78 2864.69 3332.73 3799.73 4265.57 4730.09 5193.16 5654.64 6114.39 6572.26 7028.12 7481.82 7933.24 8382.23 8828.66 9272.39 9713.29 10151.22 10586.05 43.23 516.17 988.95 1461.41 1933.41 2404.81 2875.46 3345.23 3813.96 4281.52 4747.77 5212.55 5675.74 6137.18 6596.75 7054.29 7509.68 7962.77 8413.42 8861.50 9306.88 9749.40 10188.96 10625.40 43.55 518.24 992.76 1466.96 1940.70 2413.84 2886.23 3357.73 3828.19 4297.48 4765.44 5231.94 5696.83 6159.98 6621.24 7080.47 7537.54 7992.30 8444.61 8894.34 9341.36 9785.52 10226.69 10664.74 43.87 520.30 996.57 1472.51 1948.00 2422.87 2897.00 3370.23 3842.42 4313.43 4783.12 5251.33 5717.93 6182.78 6645.74 7106.66 7565.40 8021.83 8475.80 8927.19 9375.84 9821.64 10264.43 10704.08 44.19 522.37 1000.38 1478.07 1955.29 2431.91 2907.77 3382.74 3856.66 4329.39 4800.79 5270.72 5739.03 6205.58 6670.23 7132.84 7593.26 8051.36 8507.00 8960.03 9410.33 9857.75 10302.16 10743.43 44.51 524.44 1004.19 1483.62 1962.59 2440.95 2918.54 3395.24 3870.89 4345.35 4818.47 5290.11 5760.13 6228.38 6694.73 7159.02 7621.12 8080.89 8538.19 8992.88 9444.82 9893.87 10339.90 10782.78 44.84 526.51 1008.00 1489.18 1969.89 2449.98 2929.32 3407.75 3885.13 4361.31 4836.15 5309.51 5781.23 6251.19 6719.22 7185.20 7648.98 8110.42 8569.38 9025.72 9479.30 9929.99 10377.64 10822.12 45.16 528.58 1011.82 1494.74 1977.19 2459.02 2940.09 3420.26 3899.36 4377.27 4853.83 5328.90 5802.34 6273.99 6743.72 7211.39 7676.85 8139.96 8600.58 9058.57 9513.79 9966.11 10415.38 10861.47 45.49 530.65 1015.63 1500.30 1984.49 2468.06 2950.87 3432.76 3913.60 4393.23 4871.51 5348.30 5823.44 6296.80 6768.22 7237.58 7704.71 8169.49 8631.78 9091.42 9548.28 10002.23 10453.12 10900.82 45.82 532.72 1019.45 1505.86 1991.79 2477.10 2961.65 3445.27 3927.84 4409.19 4889.19 5367.69 5844.54 6319.60 6792.72 7263.76 7732.58 8199.03 8662.97 9124.27 9582.77 10038.35 10490.86 10940.17 46.15 534.80 1023.27 1511.42 1999.09 2486.14 2972.42 3457.78 3942.08 4425.16 4906.88 5387.09 5865.65 6342.41 6817.22 7289.95 7760.45 8228.57 8694.17 9157.12 9617.27 10074.47 10528.61 10979.52 46.48 536.87 1027.09 1516.98 2006.40 2495.19 2983.20 3470.30 3956.32 4441.12 4924.56 5406.49 5886.76 6365.22 6841.73 7316.14 7788.32 8258.11 8725.37 9189.97 9651.76 10110.60 10566.35 11018.87 46.81 538.95 1030.91 1522.55 2013.70 2504.23 2993.98 3482.81 3970.56 4457.09 4942.25 5425.89 5907.86 6388.03 6866.23 7342.33 7816.19 8287.65 8756.57 9222.82 9686.25 10146.72 10604.10 11058.23 47.14 541.03 1034.73 1528.11 2021.01 2513.28 3004.76 3495.32 3984.80 4473.06 4959.94 5445.29 5928.97 6410.84 6890.74 7368.52 7844.06 8317.19 8787.78 9255.68 9720.75 10182.85 10641.84 11097.58 47.47 543.11 1038.56 1533.68 2028.32 2522.32 3015.55 3507.84 3999.05 4489.03 4977.62 5464.69 5950.08 6433.65 6915.24 7394.72 7871.93 8346.73 8818.98 9288.53 9755.24 10218.98 10679.59 11136.94 47.81 545.19 1042.38 1539.24 2035.62 2531.37 3026.33 3520.36 4013.29 4505.00 4995.31 5484.10 5971.19 6456.46 6939.75 7420.91 7899.80 8376.27 8850.18 9321.39 9789.74 10255.11 10717.34 11176.29 48.15 547.27 1046.21 1544.81 2042.93 2540.42 3037.12 3532.87 4027.54 4520.97 5013.00 5503.50 5992.31 6479.27 6964.26 7447.11 7927.67 8405.82 8881.39 9354.24 9824.24 10291.23 10755.09 11215.65 48.48 549.35 1050.03 1550.38 2050.25 2549.47 3047.90 3545.39 4041.79 4536.94 5030.70 5522.91 6013.42 6502.09 6988.77 7473.30 7955.55 8435.36 8912.59 9387.10 9858.74 10327.37 10792.84 11255.01 48.82 551.43 1053.86 1555.95 2057.56 2558.52 3058.69 3557.91 4056.04 4552.91 5048.39 5542.31 6034.53 6524.91 7013.28 7499.50 7983.43 8464.91 8943.80 9419.96 9893.24 10363.50 10830.59 11294.37 49.16 553.52 1057.69 1561.53 2064.87 2567.57 3069.48 3570.43 4070.29 4568.89 5066.08 5561.72 6055.65 6547.72 7037.79 7525.70 8011.30 8494.46 8975.01 9452.82 9927.74 10399.63 10868.34 11333.73 49.50 555.60 1061.52 1567.10 2072.19 2576.63 3080.27 3582.96 4084.54 4584.86 5083.78 5581.13 6076.77 6570.54 7062.30 7551.90 8039.18 8524.00 9006.22 9485.68 9962.24 10435.76 10906.09 11373.09 49.84 557.69 1065.35 1572.67 2079.50 2585.68 3091.06 3595.48 4098.79 4600.84 5101.47 5600.54 6097.88 6593.36 7086.81 7578.10 8067.06 8553.55 9037.43 9518.54 9996.75 10471.90 10943.85 11412.45 50.19 559.78 1069.18 1578.25 2086.82 2594.74 3101.85 3608.01 4113.05 4616.82 5119.17 5619.95 6119.00 6616.18 7111.33 7604.30 8094.94 8583.10 9068.64 9551.41 10031.25 10508.03 10981.60 11451.82 50.53 561.87 1073.02 1583.83 2094.14 2603.80 3112.64 3620.53 4127.30 4632.80 5136.87 5639.36 6140.12 6639.00 7135.85 7630.50 8122.82 8612.66 9099.85 9584.27 10065.76 10544.17 11019.36 11491.18 50.88 563.96 1076.85 1589.40 2101.46 2612.85 3123.44 3633.06 4141.56 4648.78 5154.57 5658.78 6161.25 6661.83 7160.36 7656.71 8150.70 8642.21 9131.07 9617.14 10100.26 10580.31 11057.11 11530.55 51.22 566.05 1080.69 1594.98 2108.78 2621.91 3134.23 3645.59 4155.81 4664.76 5172.27 5678.19 6182.37 6684.65 7184.88 7682.91 8178.59 8671.76 9162.28 9650.00 10134.77 10616.44 11094.87 11569.91 51.57 568.14 1084.53 1600.56 2116.10 2630.97 3145.03 3658.12 4170.07 4680.74 5189.97 5697.61 6203.49 6707.47 7209.40 7709.12 8206.47 8701.32 9193.50 9682.87 10169.28 10652.58 11132.63 11609.28 51.92 570.24 1088.37 1606.15 2123.42 2640.04 3155.83 3670.65 4184.33 4696.73 5207.67 5717.02 6224.62 6730.30 7233.92 7735.32 8234.36 8730.87 9224.72 9715.74 10203.79 10688.72 11170.39 11648.65 52.27 572.33 1092.21 1611.73 2130.75 2649.10 3166.63 3683.18 4198.59 4712.71 5225.38 5736.44 6245.74 6753.13 7258.44 7761.53 8262.25 8760.43 9255.93 9748.61 10238.30 10724.86 11208.15 11688.02 52.62 574.43 1096.05 1617.31 2138.07 2658.16 3177.43 3695.71 4212.85 4728.70 5243.08 5755.86 6266.87 6775.96 7282.96 7787.74 8290.13 8789.99 9287.15 9781.48 10272.81 10761.01 11245.91 11727.39 52.97 576.53 1099.89 1622.90 2145.40 2667.23 3188.23 3708.25 4227.12 4744.68 5260.79 5775.28 6288.00 6798.79 7307.49 7813.95 8318.02 8819.55 9318.37 9814.35 10307.33 10797.15 11283.68 11766.76 53.33 578.63 1103.73 1628.48 2152.73 2676.29 3199.03 3720.78 4241.38 4760.67 5278.50 5794.70 6309.13 6821.62 7332.01 7840.16 8345.91 8849.11 9349.59 9847.22 10341.84 10833.30 11321.44 11806.13 53.68 580.73 1107.58 1634.07 2160.05 2685.36 3209.84 3733.32 4255.64 4776.66 5296.21 5814.12 6330.26 6844.45 7356.54 7866.38 8373.80 8878.67 9380.82 9880.10 10376.35 10869.44 11359.21 11845.50 54.04 582.83 1111.42 1639.66 2167.38 2694.43 3220.64 3745.85 4269.91 4792.65 5313.92 5833.55 6351.39 6867.28 7381.07 7892.59 8401.70 8908.23 9412.04 9912.97 10410.87 10905.59 11396.97 11884.88 54.40 584.93 1115.27 1645.25 2174.71 2703.50 3231.45 3758.39 4284.18 4808.64 5331.63 5852.97 6372.52 6890.11 7405.59 7918.80 8429.59 8937.79 9443.26 9945.85 10445.39 10941.74 11434.74 11924.25 54.75 587.03 1119.12 1650.84 2182.05 2712.57 3242.25 3770.93 4298.45 4824.64 5349.34 5872.40 6393.66 6912.95 7430.12 7945.02 8457.48 8967.36 9474.49 9978.72 10479.90 10977.88 11472.51 11963.63 55.11 589.14 1122.96 1656.43 2189.38 2721.64 3253.06 3783.47 4312.72 4840.63 5367.05 5891.83 6414.79 6935.79 7454.65 7971.24 8485.38 8996.92 9505.72 10011.60 10514.42 11014.03 11510.28 12003.01 55.47 591.24 1126.81 1662.03 2196.71 2730.72 3263.87 3796.02 4326.99 4856.62 5384.77 5911.25 6435.93 6958.62 7479.18 7997.46 8513.28 9026.49 9536.94 10044.48 10548.94 11050.18 11548.05 12042.38 55.84 593.35 1130.67 1667.62 2204.05 2739.79 3274.68 3808.56 4341.26 4872.62 5402.48 5930.68 6457.06 6981.46 7503.72 8023.67 8541.17 9056.06 9568.17 10077.36 10583.46 11086.34 11585.82 12081.76 56.20 595.46 1134.52 1673.22 2211.39 2748.87 3285.49 3821.10 4355.53 4888.62 5420.20 5950.11 6478.20 7004.30 7528.25 8049.89 8569.07 9085.63 9599.40 10110.24 10617.99 11122.49 11623.59 12121.14 56.56 597.57 1138.37 1678.81 2218.73 2757.95 3296.31 3833.65 4369.81 4904.62 5437.92 5969.55 6499.34 7027.14 7552.79 8076.12 8596.97 9115.20 9630.63 10143.12 10652.51 11158.64 11661.36 12160.53 56.93 599.68 1142.23 1684.41 2226.06 2767.02 3307.12 3846.20 4384.08 4920.62 5455.64 5988.98 6520.48 7049.98 7577.32 8102.34 8624.87 9144.77 9661.86 10176.00 10687.03 11194.80 11699.14 12199.91 57.30 601.79 1146.08 1690.01 2233.41 2776.10 3317.94 3858.74 4398.36 4936.62 5473.36 6008.41 6541.62 7072.83 7601.86 8128.56 8652.78 9174.34 9693.10 10208.89 10721.56 11230.95 11736.91 12239.29 57.66 603.90 1149.94 1695.61 2240.75 2785.18 3328.75 3871.29 4412.64 4952.62 5491.08 6027.85 6562.77 7095.67 7626.40 8154.79 8680.68 9203.91 9724.33 10241.77 10756.09 11267.11 11774.69 12278.67 58.03 606.02 1153.80 1701.21 2248.09 2794.26 3339.57 3883.84 4426.92 4968.62 5508.80 6047.28 6583.91 7118.51 7650.94 8181.01 8708.58 9233.49 9755.57 10274.66 10790.61 11303.27 11812.47 12318.06 58.40 608.13 1157.66 1706.82 2255.43 2803.35 3350.39 3896.39 4441.20 4984.63 5526.52 6066.72 6605.05 7141.36 7675.48 8207.24 8736.49 9263.06 9786.80 10307.55 10825.14 11339.43 11850.25 12357.45 58.78 610.25 1161.52 1712.42 2262.78 2812.43 3361.21 3908.95 4455.48 5000.63 5544.25 6086.16 6626.20 7164.21 7700.02 8233.47 8764.39 9292.64 9818.04 10340.44 10859.67 11375.59 11888.03 12396.83 59.15 612.37 1165.38 1718.02 2270.12 2821.52 3372.03 3921.50 4469.76 5016.64 5561.97 6105.60 6647.35 7187.06 7724.56 8259.70 8792.30 9322.22 9849.28 10373.32 10894.20 11411.75 11925.81 12436.22 59.52 614.49 1169.25 1723.63 2277.47 2830.60 3382.85 3934.06 4484.04 5032.65 5579.70 6125.04 6668.50 7209.91 7749.10 8285.93 8820.21 9351.79 9880.52 10406.22 10928.73 11447.91 11963.59 12475.61 59.90 616.61 1173.11 1729.24 2284.82 2839.69 3393.68 3946.61 4498.33 5048.66 5597.43 6144.48 6689.65 7232.76 7773.65 8312.16 8848.12 9381.37 9911.76 10439.11 10963.26 11484.07 12001.37 12515.00 60.27 618.73 1176.98 1734.85 2292.17 2848.78 3404.50 3959.17 4512.61 5064.67 5615.16 6163.92 6710.80 7255.61 7798.19 8338.39 8876.03 9410.95 9943.00 10472.00 10997.80 11520.24 12039.15 12554.39 60.65 620.85 1180.84 1740.46 2299.52 2857.87 3415.33 3971.73 4526.90 5080.68 5632.89 6183.37 6731.95 7278.46 7822.74 8364.62 8903.94 9440.54 9974.24 10504.89 11032.33 11556.40 12076.94 12593.78 61.03 622.97 1184.71 1746.07 2306.87 2866.96 3426.15 3984.29 4541.19 5096.69 5650.62 6202.81 6753.10 7301.31 7847.29 8390.86 8931.86 9470.12 10005.48 10537.79 11066.87 11592.57 12114.72 12633.18 61.41 625.10 1188.58 1751.68 2314.23 2876.05 3436.98 3996.85 4555.48 5112.70 5668.35 6222.26 6774.25 7324.17 7871.84 8417.09 8959.77 9499.70 10036.73 10570.68 11101.40 11628.73 12152.51 12672.57 61.79 627.22 1192.45 1757.29 2321.58 2885.15 3447.81 4009.41 4569.77 5128.72 5686.09 6241.71 6795.41 7347.03 7896.39 8443.33 8987.68 9529.29 10067.97 10603.58 11135.94 11664.90 12190.30 12711.97 62.17 629.35 1196.32 1762.91 2328.94 2894.24 3458.64 4021.97 4584.06 5144.73 5703.82 6261.16 6816.57 7369.88 7920.94 8469.57 9015.60 9558.87 10099.22 10636.48 11170.48 11701.07 12228.08 12751.36 62.55 631.48 1200.19 1768.52 2336.29 2903.34 3469.47 4034.54 4598.35 5160.75 5721.56 6280.61 6837.72 7392.74 7945.49 8495.81 9043.52 9588.46 10130.47 10669.38 11205.02 11737.24 12265.87 12790.76 62.94 633.61 1204.07 1774.14 2343.65 2912.43 3480.31 4047.10 4612.65 5176.77 5739.30 6300.06 6858.88 7415.60 7970.05 8522.05 9071.44 9618.05 10161.72 10702.28 11239.56 11773.41 12303.66 12830.16 63.32 635.74 1207.94 1779.76 2351.01 2921.53 3491.14 4059.67 4626.94 5192.79 5757.03 6319.51 6880.04 7438.46 7994.60 8548.29 9099.36 9647.64 10192.97 10735.18 11274.10 11809.58 12341.46 12869.56 63.71 637.87 1211.82 1785.38 2358.37 2930.63 3501.98 4072.24 4641.24 5208.81 5774.77 6338.96 6901.20 7461.32 8019.16 8574.53 9127.28 9677.23 10224.22 10768.08 11308.65 11845.76 12379.25 12908.96 64.10 640.00 1215.70 1791.00 2365.73 2939.73 3512.81 4084.81 4655.54 5224.83 5792.51 6358.42 6922.36 7484.19 8043.71 8600.77 9155.20 9706.82 10255.47 10800.98 11343.19 11881.93 12417.04 12948.36 64.49 642.14 1219.57 1796.62 2373.10 2948.83 3523.65 4097.37 4669.83 5240.85 5810.26 6377.87 6943.53 7507.05 8068.27 8627.02 9183.12 9736.41 10286.72 10833.89 11377.73 11918.11 12454.84 12987.76 64.88 644.27 1223.45 1802.24 2380.46 2957.93 3534.49 4109.95 4684.13 5256.88 5828.00 6397.33 6964.69 7529.92 8092.83 8653.26 9211.04 9766.00 10317.98 10866.79 11412.28 11954.28 12492.63 13027.16 65.27 646.41 1227.33 1807.86 2387.82 2967.04 3545.33 4122.52 4698.43 5272.90 5845.74 6416.79 6985.86 7552.78 8117.39 8679.51 9238.97 9795.60 10349.23 10899.70 11446.83 11990.46 12530.43 13066.57 65.66 648.55 1231.22 1813.49 2395.19 2976.14 3556.17 4135.09 4712.74 5288.93 5863.49 6436.24 7007.02 7575.65 8141.95 8705.76 9266.90 9825.20 10380.49 10932.60 11481.38 12026.64 12568.22 13105.97 66.06 650.69 1235.10 1819.12 2402.56 2985.25 3567.01 4147.67 4727.04 5304.95 5881.23 6455.70 7028.19 7598.52 8166.51 8732.01 9294.82 9854.79 10411.74 10965.51 11515.92 12062.82 12606.02 13145.38 66.45 652.83 1238.98 1824.74 2409.93 2994.36 3577.85 4160.24 4741.34 5320.98 5898.98 6475.17 7049.36 7621.39 8191.08 8758.26 9322.75 9884.39 10443.00 10998.42 11550.47 12099.00 12643.82 13184.78 66.85 654.97 1242.87 1830.37 2417.30 3003.46 3588.70 4172.82 4755.65 5337.01 5916.73 6494.63 7070.53 7644.26 8215.64 8784.51 9350.68 9913.99 10474.26 11031.33 11585.03 12135.18 12681.62 13224.19 67.24 657.11 1246.76 1836.00 2424.67 3012.57 3599.54 4185.40 4769.96 5353.04 5934.48 6514.09 7091.70 7667.13 8240.21 8810.76 9378.61 9943.59 10505.52 11064.24 11619.58 12171.36 12719.42 13263.60 67.64 659.25 1250.64 1841.63 2432.04 3021.69 3610.39 4197.98 4784.26 5369.07 5952.23 6533.56 7112.87 7690.00 8264.77 8837.01 9406.54 9973.19 10536.78 11097.15 11654.13 12207.54 12757.23 13303.01 68.04 661.40 1254.53 1847.26 2439.41 3030.80 3621.24 4210.56 4798.57 5385.11 5969.98 6553.02 7134.04 7712.88 8289.34 8863.27 9434.47 10002.79 10568.05 11130.07 11688.69 12243.73 12795.03 13342.42 68.44 663.54 1258.42 1852.90 2446.79 3039.91 3632.09 4223.14 4812.88 5401.14 5987.74 6572.49 7155.22 7735.75 8313.91 8889.52 9462.41 10032.39 10599.31 11162.98 11723.24 12279.91 12832.83 13381.83 68.85 665.69 1262.31 1858.53 2454.16 3049.02 3642.94 4235.72 4827.19 5417.18 6005.49 6591.96 7176.39 7758.63 8338.48 8915.78 9490.34 10062.00 10630.57 11195.90 11757.80 12316.10 12870.64 13421.25 69.25 667.84 1266.21 1864.17 2461.54 3058.14 3653.79 4248.30 4841.51 5433.21 6023.25 6611.42 7197.57 7781.51 8363.05 8942.04 9518.28 10091.60 10661.84 11228.81 11792.35 12352.29 12908.45 13460.66 69.65 669.99 1270.10 1869.80 2468.92 3067.26 3664.64 4260.89 4855.82 5449.25 6041.00 6630.89 7218.75 7804.38 8387.63 8968.29 9546.21 10121.21 10693.11 11261.73 11826.91 12388.48 12946.25 13500.08 70.06 672.14 1274.00 1875.44 2476.30 3076.37 3675.50 4273.48 4870.13 5465.29 6058.76 6650.37 7239.93 7827.26 8412.20 8994.55 9574.15 10150.82 10724.38 11294.65 11861.47 12424.67 12984.06 13539.49 70.46 674.29 1277.89 1881.08 2483.68 3085.49 3686.35 4286.06 4884.45 5481.33 6076.52 6669.84 7261.11 7850.14 8436.77 9020.81 9602.09 10180.43 10755.64 11327.57 11896.03 12460.86 13021.87 13578.91 70.87 676.44 1281.79 1886.72 2491.06 3094.61 3697.21 4298.65 4898.77 5497.37 6094.28 6689.31 7282.29 7873.03 8461.35 9047.08 9630.03 10210.04 10786.91 11360.49 11930.59 12497.05 13059.68 13618.33 71.28 678.60 1285.69 1892.36 2498.44 3103.73 3708.06 4311.24 4913.09 5513.41 6112.04 6708.79 7303.47 7895.91 8485.93 9073.34 9657.97 10239.65 10818.18 11393.41 11965.16 12533.24 13097.49 13657.75 71.69 680.75 1289.59 1898.01 2505.82 3112.86 3718.92 4323.83 4927.40 5529.46 6129.80 6728.26 7324.65 7918.79 8510.50 9099.60 9685.91 10269.26 10849.46 11426.34 11999.72 12569.43 13135.31 13697.17 72.10 682.91 1293.49 1903.65 2513.21 3121.98 3729.78 4336.42 4941.72 5545.50 6147.57 6747.74 7345.84 7941.68 8535.08 9125.87 9713.86 10298.87 10880.73 11459.26 12034.28 12605.63 13173.12 13736.59 72.52 685.07 1297.39 1909.29 2520.59 3131.11 3740.64 4349.02 4956.05 5561.55 6165.33 6767.22 7367.02 7964.56 8559.66 9152.13 9741.80 10328.48 10912.00 11492.18 12068.85 12641.82 13210.94 13776.01 72.93 687.23 1301.29 1914.94 2527.98 3140.23 3751.50 4361.61 4970.37 5577.59 6183.10 6786.70 7388.21 7987.45 8584.24 9178.40 9769.75 10358.10 10943.28 11525.11 12103.42 12678.02 13248.75 13815.43 73.34 689.39 1305.20 1920.59 2535.37 3149.36 3762.37 4374.21 4984.69 5593.64 6200.86 6806.18 7409.40 8010.34 8608.83 9204.67 9797.69 10387.72 10974.56 11558.04 12137.98 12714.22 13286.57 13854.86 73.76 691.55 1309.10 1926.24 2542.76 3158.49 3773.23 4386.80 4999.02 5609.69 6218.63 6825.66 7430.59 8033.23 8633.41 9230.94 9825.64 10417.33 11005.83 11590.97 12172.55 12750.42 13324.38 13894.28 74.18 693.71 1313.01 1931.89 2550.15 3167.62 3784.10 4399.40 5013.34 5625.74 6236.40 6845.14 7451.78 8056.12 8657.99 9257.21 9853.59 10446.95 11037.11 11623.90 12207.12 12786.62 13362.20 13933.71 74.60 695.87 1316.92 1937.54 2557.54 3176.75 3794.96 4412.00 5027.67 5641.79 6254.17 6864.62 7472.97 8079.01 8682.58 9283.48 9881.54 10476.57 11068.39 11656.83 12241.69 12822.82 13400.02 13973.13 75.02 698.04 1320.83 1943.19 2564.94 3185.88 3805.83 4424.60 5042.00 5657.84 6271.94 6884.11 7494.16 8101.91 8707.17 9309.76 9909.49 10506.19 11099.67 11689.76 12276.27 12859.02 13437.84 14012.56 75.44 700.20 1324.74 1948.84 2572.33 3195.01 3816.70 4437.20 5056.33 5673.90 6289.71 6903.59 7515.35 8124.80 8731.75 9336.03 9937.44 10535.81 11130.95 11722.69 12310.84 12895.22 13475.67 14051.99 75.86 702.37 1328.65 1954.50 2579.73 3204.15 3827.57 4449.80 5070.66 5689.95 6307.49 6923.08 7536.55 8147.70 8756.34 9362.30 9965.40 10565.43 11162.24 11755.62 12345.41 12931.43 13513.49 14091.42 76.28 704.54 1332.56 1960.15 2587.12 3213.28 3838.44 4462.41 5084.99 5706.01 6325.26 6942.57 7557.74 8170.59 8780.93 9388.58 9993.35 10595.06 11193.52 11788.56 12379.99 12967.63 13551.31 14130.85 76.71 706.71 1336.47 1965.81 2594.52 3222.42 3849.31 4475.01 5099.33 5722.06 6343.04 6962.06 7578.94 8193.49 8805.52 9414.86 10021.30 10624.68 11224.80 11821.49 12414.56 13003.84 13589.14 14170.28 77.13 708.88 1340.39 1971.47 2601.92 3231.56 3860.19 4487.62 5113.66 5738.12 6360.82 6981.55 7600.14 8216.39 8830.12 9441.14 10049.26 10654.31 11256.09 11854.43 12449.14 13040.04 13626.96 14209.71 77.56 711.05 1344.30 1977.12 2609.32 3240.69 3871.06 4500.22 5128.00 5754.18 6378.59 7001.04 7621.34 8239.29 8854.71 9467.42 10077.22 10683.93 11287.38 11887.37 12483.72 13076.25 13664.79 14249.15 77.99 713.23 1348.22 1982.78 2616.72 3249.83 3881.94 4512.83 5142.33 5770.24 6396.37 7020.53 7642.54 8262.19 8879.30 9493.70 10105.18 10713.56 11318.67 11920.30 12518.30 13112.46 13702.62 14288.58 78.42 715.40 1352.14 1988.45 2624.12 3258.98 3892.81 4525.44 5156.67 5786.30 6414.15 7040.03 7663.74 8285.09 8903.90 9519.98 10133.14 10743.19 11349.95 11953.24 12552.88 13148.67 13740.44 14328.02 78.85 717.57 1356.06 1994.11 2631.53 3268.12 3903.69 4538.05 5171.01 5802.37 6431.94 7059.52 7684.94 8307.99 8928.50 9546.26 10161.10 10772.82 11381.24 11986.18 12587.46 13184.88 13778.27 14367.46 79.28 719.75 1359.98 1999.77 2638.93 3277.26 3914.57 4550.66 5185.35 5818.43 6449.72 7079.02 7706.14 8330.90 8953.09 9572.54 10189.06 10802.45 11412.54 12019.13 12622.04 13221.09 13816.10 14406.89 79.71 721.93 1363.90 2005.44 2646.34 3286.41 3925.45 4563.28 5199.69 5834.50 6467.50 7098.52 7727.35 8353.80 8977.69 9598.83 10217.02 10832.08 11443.83 12052.07 12656.62 13257.31 13853.94 14446.33 80.14 724.11 1367.83 2011.10 2653.74 3295.55 3936.33 4575.89 5214.03 5850.56 6485.29 7118.01 7748.55 8376.71 9002.29 9625.11 10244.99 10861.72 11475.12 12085.01 12691.21 13293.52 13891.77 14485.77 80.58 726.29 1371.75 2016.77 2661.15 3304.70 3947.22 4588.51 5228.38 5866.63 6503.07 7137.51 7769.76 8399.62 9026.89 9651.40 10272.95 10891.35 11506.42 12117.96 12725.79 13329.74 13929.60 14525.21 81.02 728.47 1375.68 2022.44 2668.56 3313.85 3958.10 4601.12 5242.72 5882.70 6520.86 7157.01 7790.97 8422.52 9051.50 9677.69 10300.92 10920.99 11537.71 12150.90 12760.38 13365.95 13967.44 14564.65 81.45 730.65 1379.60 2028.11 2675.97 3323.00 3968.98 4613.74 5257.07 5898.77 6538.65 7176.52 7812.18 8445.43 9076.10 9703.98 10328.88 10950.62 11569.01 12183.85 12794.97 13402.17 14005.27 14604.10 81.89 732.83 1383.53 2033.78 2683.38 3332.15 3979.87 4626.36 5271.41 5914.84 6556.44 7196.02 7833.39 8468.34 9100.70 9730.27 10356.85 10980.26 11600.30 12216.80 12829.55 13438.39 14043.11 14643.54 82.33 735.02 1387.46 2039.45 2690.80 3341.30 3990.76 4638.98 5285.76 5930.91 6574.23 7215.52 7854.60 8491.26 9125.31 9756.56 10384.82 11009.90 11631.60 12249.75 12864.14 13474.61 14080.95 14682.99 82.77 737.21 1391.39 2045.12 2698.21 3350.45 4001.65 4651.60 5300.11 5946.98 6592.02 7235.03 7875.81 8514.17 9149.92 9782.85 10412.79 11039.54 11662.90 12282.70 12898.73 13510.83 14118.79 14722.43 83.21 739.39 1395.32 2050.80 2705.63 3359.61 4012.54 4664.22 5314.46 5963.06 6609.81 7254.53 7897.02 8537.08 9174.52 9809.15 10440.76 11069.18 11694.20 12315.65 12933.33 13547.05 14156.63 14761.88 83.66 741.58 1399.25 2056.47 2713.04 3368.76 4023.43 4676.84 5328.81 5979.13 6627.61 7274.04 7918.24 8560.00 9199.13 9835.44 10468.74 11098.82 11725.51 12348.60 12967.92 13583.27 14194.47 14801.33 84.10 743.77 1403.19 2062.15 2720.46 3377.92 4034.32 4689.47 5343.16 5995.21 6645.40 7293.55 7939.45 8582.92 9223.74 9861.74 10496.71 11128.46 11756.81 12381.55 13002.51 13619.49 14232.31 14840.77 84.55 745.96 1407.12 2067.83 2727.88 3387.07 4045.21 4702.09 5357.52 6011.29 6663.20 7313.06 7960.67 8605.83 9248.35 9888.03 10524.68 11158.11 11788.11 12414.51 13037.11 13655.72 14270.15 14880.22 84.99 748.15 1411.06 2073.51 2735.30 3396.23 4056.11 4714.72 5371.87 6027.37 6681.00 7332.57 7981.89 8628.75 9272.96 9914.33 10552.66 11187.75 11819.42 12447.46 13071.70 13691.94 14307.99 14919.67 85.44 750.35 1415.00 2079.19 2742.72 3405.39 4067.00 4727.35 5386.23 6043.45 6698.80 7352.08 8003.11 8651.67 9297.58 9940.63 10580.64 11217.40 11850.72 12480.42 13106.30 13728.17 14345.84 14959.13 85.89 752.54 1418.93 2084.87 2750.14 3414.55 4077.90 4739.98 5400.59 6059.53 6716.60 7371.60 8024.33 8674.59 9322.19 9966.93 10608.61 11247.04 11882.03 12513.38 13140.90 13764.40 14383.69 14998.58 86.34 754.74 1422.87 2090.55 2757.57 3423.72 4088.80 4752.61 5414.95 6075.61 6734.40 7391.11 8045.55 8697.51 9346.81 9993.23 10636.59 11276.69 11913.34 12546.34 13175.50 13800.62 14421.53 15038.03 86.79 756.93 1426.81 2096.24 2764.99 3432.88 4099.70 4765.24 5429.30 6091.69 6752.20 7410.63 8066.77 8720.44 9371.42 10019.54 10664.57 11306.34 11944.65 12579.30 13210.09 13836.85 14459.38 15077.49 87.25 759.13 1430.76 2101.92 2772.42 3442.04 4110.60 4777.87 5443.67 6107.78 6770.00 7430.14 8088.00 8743.36 9396.04 10045.84 10692.55 11335.99 11975.96 12612.26 13244.70 13873.08 14497.23 15116.94 87.70 761.33 1434.70 2107.61 2779.84 3451.21 4121.50 4790.51 5458.03 6123.86 6787.81 7449.66 8109.22 8766.29 9420.66 10072.14 10720.54 11365.64 12007.27 12645.22 13279.30 13909.31 14535.08 15156.40 88.15 763.53 1438.64 2113.29 2787.27 3460.38 4132.40 4803.14 5472.39 6139.95 6805.61 7469.18 8130.45 8789.21 9445.28 10098.45 10748.52 11395.30 12038.58 12678.18 13313.90 13945.55 14572.93 15195.86 88.61 765.73 1442.59 2118.98 2794.70 3469.54 4143.30 4815.78 5486.75 6156.04 6823.42 7488.70 8151.67 8812.14 9469.90 10124.76 10776.50 11424.95 12069.90 12711.14 13348.50 13981.78 14610.78 15235.32 89.07 767.93 1446.54 2124.67 2802.13 3478.71 4154.21 4828.41 5501.12 6172.13 6841.23 7508.22 8172.90 8835.07 9494.52 10151.06 10804.49 11454.60 12101.21 12744.11 13383.11 14018.01 14648.63 15274.78 89.53 770.14 1450.48 2130.36 2809.56 3487.88 4165.12 4841.05 5515.49 6188.22 6859.04 7527.74 8194.13 8858.00 9519.15 10177.37 10832.48 11484.26 12132.53 12777.08 13417.72 14054.25 14686.49 15314.24 89.99 772.34 1454.43 2136.05 2817.00 3497.06 4176.02 4853.69 5529.85 6204.31 6876.85 7547.27 8215.36 8880.93 9543.77 10203.68 10860.46 11513.92 12163.84 12810.04 13452.32 14090.49 14724.34 15353.70 90.45 774.55 1458.38 2141.75 2824.43 3506.23 4186.93 4866.33 5544.22 6220.40 6894.66 7566.79 8236.59 8903.86 9568.40 10229.99 10888.45 11543.57 12195.16 12843.01 13486.93 14126.72 14762.20 15393.16 90.91 776.75 1462.33 2147.44 2831.87 3515.40 4197.84 4878.97 5558.59 6236.49 6912.47 7586.32 8257.82 8926.80 9593.02 10256.31 10916.44 11573.23 12226.48 12875.98 13521.54 14162.96 14800.06 15432.62 91.37 778.96 1466.29 2153.14 2839.30 3524.58 4208.75 4891.62 5572.96 6252.59 6930.28 7605.84 8279.06 8949.73 9617.65 10282.62 10944.43 11602.89 12257.80 12908.95 13556.15 14199.20 14837.91 15472.09 91.84 781.17 1470.24 2158.83 2846.74 3533.75 4219.66 4904.26 5587.34 6268.69 6948.10 7625.37 8300.29 8972.66 9642.28 10308.93 10972.43 11632.55 12289.12 12941.92 13590.76 14235.44 14875.77 15511.55 92.30 783.38 1474.19 2164.53 2854.18 3542.93 4230.58 4916.91 5601.71 6284.78 6965.91 7644.90 8321.53 8995.60 9666.91 10335.25 11000.42 11662.22 12320.44 12974.89 13625.37 14271.68 14913.63 15551.02 92.77 785.59 1478.15 2170.23 2861.62 3552.11 4241.49 4929.55 5616.08 6300.88 6983.73 7664.43 8342.77 9018.54 9691.54 10361.57 11028.41 11691.88 12351.76 13007.87 13659.99 14307.93 14951.49 15590.49 93.24 787.81 1482.11 2175.93 2869.06 3561.29 4252.41 4942.20 5630.46 6316.98 7001.55 7683.96 8364.00 9041.48 9716.17 10387.88 11056.41 11721.54 12383.09 13040.84 13694.60 14344.17 14989.35 15629.96 93.71 790.02 1486.07 2181.63 2876.50 3570.47 4263.32 4954.85 5644.84 6333.08 7019.37 7703.49 8385.24 9064.42 9740.80 10414.20 11084.40 11751.21 12414.41 13073.81 13729.22 14380.42 15027.22 15669.43 94.18 792.24 1490.03 2187.33 2883.95 3579.65 4274.24 4967.50 5659.22 6349.18 7037.19 7723.03 8406.48 9087.36 9765.44 10440.52 11112.40 11780.88 12445.74 13106.79 13763.83 14416.66 15065.08 15708.90 94.65 794.45 1493.99 2193.04 2891.39 3588.84 4285.16 4980.15 5673.59 6365.29 7055.01 7742.56 8427.73 9110.30 9790.07 10466.84 11140.40 11810.54 12477.07 13139.77 13798.45 14452.91 15102.95 15748.37 95.12 796.67 1497.95 2198.74 2898.84 3598.02 4296.08 4992.80 5687.97 6381.39 7072.83 7762.10 8448.97 9133.24 9814.71 10493.17 11168.40 11840.21 12508.39 13172.75 13833.07 14489.16 15140.81 15787.84 95.59 798.89 1501.91 2204.45 2906.28 3607.20 4307.00 5005.45 5702.36 6397.49 7090.66 7781.63 8470.21 9156.19 9839.35 10519.49 11196.40 11869.88 12539.72 13205.73 13867.69 14525.40 15178.68 15827.31 96.07 801.11 1505.88 2210.15 2913.73 3616.39 4317.92 5018.11 5716.74 6413.60 7108.48 7801.17 8491.46 9179.13 9863.99 10545.81 11224.40 11899.55 12571.05 13238.71 13902.31 14561.65 15216.55 15866.79
=== END RADAR_SCAN ===

=== BEGIN RADAR_SCAN ===
scan.index=3
scan.time=134.670000
radar.id=2
radar.frequency=X
radar.scanning_mode=RHI
radar.x=-50000.000
radar.y=50000.000
radar.z=25.000
radar.maximum_range=50000.000
radar.range_resolution=100.000
radar.angular_resolution=1.000000
box.radar_id=2
box.min_range_gate=158.000
box.max_range_gate=405.000
box.min_angle=0.000000
box.max_angle=24.000000
box.num_ranges=248
box.num_angles=24
box.range_resolution=100.000
box.angular_resolution=1.000000
box.other_angle=-74.678281
grid.size=5952
grid.data=29.54 27.76 27.85 28.14 28.72 30.91 0.00 0.00 0.00 0.00 0.00 0.00 0.00 0.00 0.00 0.00 0.00 0.00 0.00 0.00 0.00 0.00 0.00 0.00 27.95 26.98 29.13 28.09 26.90 24.65 26.66 33.47 27.03 0.00 0.00 0.00 0.00 0.00 0.00 0.00 0.00 0.00 0.00 0.00 0.00 0.00 0.00 0.00 26.33 28.73 29.05 29.05 32.00 29.73 29.99 32.74 34.52 33.48 29.06 0.00 0.00 0.00 0.00 0.00 0.00 0.00 0.00 0.00 0.00 0.00 0.00 0.00 22.93 26.00 27.58 25.26 25.44 30.18 30.77 31.64 29.91 34.09 39.45 36.02 40.91 0.00 0.00 0.00 0.00 0.00 0.00 0.00 0.00 0.00 0.00 0.00 27.56 26.70 25.68 29.23 28.84 29.45 32.93 29.46 35.14 30.50 33.34 42.77 43.49 43.97 0.00 0.00 0.00 0.00 0.00 0.00 0.00 0.00 0.00 0.00 27.12 27.71 29.68 31.31 28.87 28.50 26.98 30.81 31.48 41.53 31.47 36.64 46.43 46.41 44.32 40.50 0.00 0.00 0.00 0.00 0.00 0.00 0.00 0.00 25.97 25.77 27.29 32.25 33.63 30.99 33.86 29.09 30.70 37.67 31.87 40.06 44.01 42.89 38.22 35.68 37.43 0.00 0.00 0.00 0.00 0.00 0.00 0.00 26.91 23.85 26.71 27.05 28.88 34.12 31.73 31.61 31.23 29.44 33.98 29.85 46.35 51.25 36.50 36.33 33.60 30.30 0.00 0.00 0.00 0.00 0.00 0.00 28.91 28.64 28.01 24.53 27.21 31.10 30.83 29.04 34.95 35.47 34.83 34.59 42.05 42.10 41.58 33.12 29.71 29.32 26.86 0.00 0.00 0.00 0.00 0.00 26.68 30.94 24.36 30.50 27.72 30.81 31.54 32.02 33.25 31.41 35.29 36.40 47.17 45.26 37.02 39.70 31.26 32.67 26.87 23.31 0.00 0.00 0.00 0.00 25.13 26.00 31.89 30.05 28.78 27.13 28.23 34.53 30.36 35.49 28.63 32.41 43.32 45.34 35.00 38.37 30.96 33.12 23.13 23.18 22.49 0.00 0.00 0.00 33.17 30.08 26.99 30.94 32.00 34.11 28.46 32.20 29.30 30.26 34.35 29.89 45.86 43.06 31.92 36.28 30.34 29.35 23.25 20.88 22.70 18.06 0.00 0.00 25.62 31.59 29.32 25.55 29.43 25.95 37.91 31.54 29.59 34.61 37.12 37.30 40.11 41.77 41.67 31.43 32.43 31.14 21.77 24.64 22.16 18.09 14.15 0.00 26.05 27.42 28.82 27.30 29.54 31.69 29.60 36.13 35.25 30.18 33.85 38.93 47.15 42.16 43.48 34.65 31.39 31.00 23.71 23.18 18.76 16.68 12.77 0.00 27.27 25.18 25.30 30.70 31.22 24.81 31.97 32.18 29.95 33.72 31.07 38.76 45.45 44.93 40.47 36.13 36.20 27.57 29.13 20.64 18.78 14.01 11.69 8.69 26.51 25.25 29.36 28.76 32.75 29.59 28.51 32.04 34.65 32.86 31.52 41.31 39.22 43.45 30.19 31.57 34.19 26.85 23.49 22.35 19.97 14.82 12.14 8.51 26.62 26.49 32.54 26.72 30.08 35.63 33.50 29.36 31.54 35.28 37.94 39.23 43.57 44.40 30.81 34.23 35.47 29.88 22.43 20.24 20.89 13.66 11.48 10.01 30.22 28.36 27.67 30.22 29.80 33.74 25.35 32.54 33.83 34.73 36.08 39.25 38.26 43.65 31.31 34.14 32.15 27.09 26.98 23.82 15.27 14.57 12.99 7.96 28.94 25.38 32.52 30.80 29.91 28.97 26.95 33.46 32.35 33.64 30.03 38.28 41.83 41.19 37.28 32.23 28.71 26.59 20.79 17.55 20.17 14.72 14.03 9.20 25.62 27.81 26.85 26.98 31.09 26.74 34.19 35.40 30.14 29.57 33.35 42.64 41.64 41.00 35.64 35.90 28.43 29.42 21.17 21.15 15.64 11.31 11.40 7.82 29.11 26.92 29.87 27.66 29.92 26.97 33.14 29.91 32.62 30.81 32.90 44.25 48.48 39.71 34.70 33.06 32.23 30.14 25.60 21.29 14.77 15.61 10.09 9.28 29.49 26.23 28.08 30.96 31.73 30.59 30.98 29.55 35.71 30.73 38.69 35.69 39.36 34.32 33.77 31.82 28.39 28.62 23.22 16.58 16.62 12.21 10.02 1.59 32.41 33.65 23.13 28.82 29.99 35.23 30.70 31.79 29.06 36.97 28.29 36.32 44.01 35.92 34.18 26.65 26.07 30.06 20.64 22.92 14.92 14.37 9.86 0.06 24.72 22.47 29.10 25.82 25.80 31.33 31.97 31.55 33.00 36.39 36.24 40.55 45.75 39.21 35.77 32.78 29.87 23.50 23.65 23.26 15.44 9.59 8.04 -0.53 26.02 29.38 32.63 32.20 30.52 29.81 28.41 33.37 31.17 29.22 37.37 44.68 37.83 36.62 35.43 32.26 25.37 25.10 21.44 18.24 12.36 9.79 9.00 -1.22 27.61 29.57 29.54 32.28 29.00 30.40 33.32 30.41 35.51 33.94 34.22 43.44 39.31 34.96 36.76 36.21 26.41 26.61 19.56 16.61 14.02 10.58 5.84 -0.99 24.86 27.68 24.28 27.08 28.84 30.84 36.21 30.59 30.93 37.04 34.93 50.10 41.44 40.45 36.03 29.29 23.22 22.91 19.41 14.71 15.39 11.33 8.22 -0.83 24.79 29.33 28.43 29.38 30.49 33.98 29.39 35.21 34.83 34.73 34.60 42.30 44.20 38.35 36.77 32.19 25.86 25.88 16.98 20.27 14.36 13.30 8.91 0.40 27.08 30.10 25.26 27.85 24.64 30.21 34.82 28.03 32.75 34.71 38.67 40.34 38.49 38.08 30.35 29.61 26.49 21.41 20.25 17.21 13.43 9.92 6.08 2.80 26.31 25.78 26.29 29.64 30.77 29.58 32.85 32.65 32.92 34.66 38.99 42.02 39.44 34.19 38.90 35.69 30.74 23.90 24.16 15.95 12.76 9.57 0.78 0.55 26.49 25.79 22.96 29.86 28.92 31.58 31.23 30.93 33.34 29.86 35.20 36.60 39.05 35.37 36.01 30.31 23.63 24.37 19.58 18.18 18.60 10.00 1.11 -1.79 30.28 27.57 26.59 29.50 28.32 34.29 29.88 31.09 35.42 35.78 39.60 46.17 38.62 39.13 34.99 31.10 25.19 19.10 20.77 17.36 10.95 4.88 -3.23 -1.10 27.95 27.11 26.31 28.14 26.73 32.69 33.32 34.01 36.42 29.61 35.10 39.10 38.91 36.26 31.55 33.56 26.50 21.35 17.64 19.44 13.28 9.79 -2.69 -0.30 28.51 28.96 28.21 31.47 33.00 32.99 31.33 31.62 32.20 38.55 39.78 38.13 40.95 37.56 35.30 25.31 24.86 19.14 17.21 13.05 12.67 9.17 -0.23 0.91 29.11 29.46 24.69 26.59 26.16 34.65 29.06 30.57 35.59 34.37 36.56 44.82 37.83 34.57 35.49 21.28 21.52 21.98 20.32 13.54 11.03 7.03 -0.56 0.72 24.66 27.91 23.76 30.98 33.54 34.08 31.96 34.52 30.53 33.11 42.31 36.69 36.47 31.94 31.02 29.66 27.01 19.68 15.88 14.60 11.14 5.64 -0.90 0.46 26.85 26.95 28.87 25.66 28.94 32.74 33.67 31.19 32.16 33.04 41.56 37.46 41.14 31.64 32.26 25.40 26.69 17.64 22.23 13.79 10.54 6.55 -0.31 -0.19 27.17 24.77 28.94 26.40 30.52 30.79 30.33 30.53 36.77 38.88 37.66 38.72 42.39 37.02 30.91 24.89 23.83 19.43 19.02 15.35 9.74 -0.29 2.48 0.29 24.76 26.18 30.52 29.21 31.83 28.59 28.88 38.69 34.07 32.95 36.06 42.72 34.20 38.01 28.04 29.72 25.14 19.36 16.32 9.23 9.99 0.26 -2.52 1.60 27.11 31.45 29.38 28.74 32.67 27.66 30.52 27.99 33.87 33.96 41.26 38.28 35.10 32.11 28.06 24.42 24.85 22.85 13.52 16.46 7.87 -0.33 2.32 3.77 30.21 29.47 27.72 30.49 29.39 33.04 28.46 35.06 29.64 33.10 42.87 38.99 38.25 37.85 33.25 27.20 21.04 19.96 15.02 13.67 9.12 -1.21 0.77 -0.94 27.61 29.29 32.27 28.35 32.89 29.79 31.56 36.75 35.56 28.49 44.44 38.70 37.33 36.80 28.41 27.71 23.05 18.63 16.08 10.58 8.82 0.81 -0.05 -0.66 22.48 26.77 24.49 29.39 29.53 31.67 31.70 29.42 33.05 30.61 42.14 37.62 37.38 31.97 32.29 26.14 21.65 23.29 16.51 13.08 7.55 0.50 -0.95 1.61 27.86 28.07 28.29 22.05 28.27 24.97 30.32 34.97 33.94 30.97 42.88 41.41 36.04 33.67 29.02 25.77 28.22 16.50 14.73 13.05 8.12 3.27 -1.26 -3.91 26.08 24.92 27.79 28.43 25.52 31.72 30.47 29.70 30.48 37.22 41.85 39.18 33.48 32.88 30.37 21.45 18.51 18.23 13.87 11.15 7.89 1.25 1.09 2.21 26.55 25.14 28.65 30.19 29.67 25.76 30.12 37.53 32.57 36.43 40.26 41.93 39.93 32.11 29.05 23.18 21.48 19.01 14.91 11.92 7.23 2.43 -1.67 -0.48 26.58 27.46 28.24 24.35 27.34 29.82 31.04 33.49 38.29 30.57 41.03 47.45 40.71 29.32 27.00 21.62 23.54 20.99 13.06 13.51 -0.64 -2.73 -1.17 2.06 29.24 24.50 26.21 29.96 34.30 26.85 32.52 32.21 33.14 42.80 43.19 36.38 32.97 25.03 31.79 27.90 19.48 17.65 11.64 9.30 -0.26 -2.02 -0.06 2.45 32.20 23.45 27.74 32.06 30.15 30.96 27.79 31.35 33.65 39.27 41.30 42.00 40.59 33.14 27.91 24.44 21.70 17.42 11.45 14.25 2.38 0.76 3.30 -0.11 26.00 23.66 29.16 26.00 28.11 32.42 32.62 35.44 29.40 38.09 41.58 40.16 33.48 30.50 28.55 25.47 22.74 20.20 8.47 10.52 -0.45 1.20 0.32 -1.50 27.95 30.69 29.71 30.17 28.49 29.23 32.98 32.91 33.36 34.81 39.39 44.53 32.62 36.87 26.00 25.17 19.52 19.45 13.81 8.96 1.10 -0.61 -0.59 -0.85 27.91 25.17 28.22 30.11 33.39 30.00 34.14 33.20 31.66 41.33 44.56 37.21 38.60 26.81 32.60 22.80 20.89 18.29 13.24 7.60 -1.09 -0.34 2.21 0.80 28.76 24.12 24.13 29.59 28.81 30.60 35.65 33.28 34.68 34.72 45.37 34.01 28.81 34.80 27.14 25.76 20.36 14.29 13.77 9.70 -1.30 2.03 -0.64 -1.34 28.05 24.02 25.45 24.31 31.27 34.22 29.59 29.61 33.29 41.84 34.38 34.42 43.54 32.55 27.61 23.45 21.81 18.00 8.98 6.01 0.10 3.34 -2.11 1.09 26.77 26.91 26.94 29.24 30.15 36.36 38.90 34.10 36.48 37.78 37.79 38.14 35.04 31.47 24.24 24.06 19.11 15.55 11.73 8.20 -0.69 1.83 2.04 1.80 22.36 23.55 22.31 27.80 28.27 32.70 39.33 38.25 38.32 41.99 36.19 36.88 36.98 31.77 25.93 22.55 18.36 14.92 13.27 7.02 0.80 0.70 0.71 0.98 24.29 26.00 26.14 28.58 34.79 35.40 33.17 37.48 43.56 39.91 40.38 46.34 35.05 31.22 26.97 22.31 16.17 16.04 11.63 -2.17 0.21 -1.03 1.58 1.57 24.18 21.40 25.69 27.06 28.37 31.86 34.35 39.87 46.36 41.17 44.35 41.60 32.63 30.46 31.47 22.05 17.09 15.74 11.66 3.71 0.16 -1.34 -1.25 -1.66 30.03 25.42 28.81 32.50 26.52 31.69 29.07 33.73 41.00 50.31 46.24 36.46 30.95 30.58 24.84 21.12 18.06 14.41 7.66 -0.51 -0.98 2.42 0.90 -1.94 27.86 23.68 20.79 25.57 32.74 33.56 39.94 29.62 41.39 41.11 38.94 37.73 33.39 31.14 19.67 19.46 16.97 16.77 8.61 -2.35 -0.38 1.00 -0.50 -1.06 25.53 25.95 27.64 31.57 27.29 32.49 35.50 39.13 40.88 41.53 39.97 42.27 39.42 33.07 33.22 21.42 18.35 12.96 10.87 2.38 1.29 -0.22 2.08 -0.14 22.34 24.31 26.15 25.51 27.85 26.80 33.21 36.57 35.43 40.75 43.14 37.98 34.78 30.90 26.33 26.68 17.06 14.46 6.82 0.20 -3.43 0.55 0.15 -0.52 24.60 24.49 24.90 31.53 31.11 32.31 36.85 38.43 33.81 46.83 37.24 33.61 30.52 29.46 30.13 26.69 26.94 14.69 9.34 0.24 -0.44 1.74 -0.16 0.27 22.90 23.68 26.91 25.60 33.93 37.43 36.82 37.86 44.04 43.04 42.98 33.46 34.15 30.54 26.17 24.93 20.13 24.88 9.16 1.84 -0.75 1.25 0.46 -0.63 25.79 23.67 27.14 30.95 27.58 33.30 30.35 37.19 37.40 43.61 40.67 30.96 29.09 31.23 22.67 31.94 20.89 25.14 17.76 -2.64 -0.49 1.16 -0.33 0.73 21.58 26.64 24.26 31.43 31.74 30.98 37.10 36.69 42.87 45.54 44.16 40.25 31.44 30.83 24.92 25.05 24.03 21.14 14.73 15.40 -1.82 0.57 -0.26 2.33 25.01 26.07 23.35 26.43 30.42 29.94 36.29 36.70 39.44 46.27 44.41 35.11 34.65 24.89 32.44 24.28 24.53 18.98 18.36 17.16 -1.19 -0.05 0.89 -2.81 25.97 25.55 28.42 28.77 31.40 32.98 37.76 34.93 40.24 40.63 43.10 41.79 28.95 30.07 26.02 24.66 24.17 20.81 19.15 15.45 15.35 -2.01 2.92 -2.46 30.46 24.72 20.66 25.04 30.67 35.83 36.89 37.00 40.50 48.23 41.64 34.86 32.47 32.32 25.46 23.66 18.57 20.36 19.14 16.61 14.24 10.11 0.32 1.57 21.43 25.29 27.28 26.55 31.22 30.02 35.69 39.91 46.03 47.40 38.21 38.23 31.32 27.44 27.36 29.86 22.74 18.14 20.61 14.50 14.06 12.28 1.71 2.24 22.07 19.11 30.25 26.45 28.00 31.85 34.15 38.76 41.94 43.65 38.70 36.31 26.34 25.12 25.79 28.02 21.69 20.95 20.95 16.63 13.48 10.42 7.85 -0.87 22.12 22.13 30.35 27.76 29.85 29.20 38.23 36.11 40.35 37.07 38.51 30.88 33.71 29.05 29.73 26.40 23.64 18.50 19.91 18.60 13.53 12.35 13.44 -0.50 22.74 24.66 24.65 22.83 25.62 37.79 38.39 37.10 38.19 45.37 39.22 37.13 31.62 32.03 26.93 26.63 21.78 21.64 17.49 14.94 13.64 11.95 9.39 2.61 25.16 25.61 27.81 33.54 30.41 36.50 37.96 36.48 42.05 45.46 40.65 32.78 32.24 31.84 24.38 23.66 21.83 19.97 16.85 12.82 11.44 9.85 9.94 2.24 25.78 27.74 27.73 24.69 33.77 36.40 33.69 40.17 43.48 45.87 41.82 32.92 26.29 29.22 29.49 22.05 21.22 20.00 16.12 12.25 14.40 9.71 10.86 0.38 21.39 26.93 25.31 27.23 36.05 35.44 38.23 39.07 36.78 47.10 39.90 30.70 28.86 25.88 26.92 22.22 22.77 17.04 19.59 15.29 11.70 11.21 6.27 -3.33 22.27 26.16 29.60 31.72 30.28 36.15 37.16 41.87 44.51 38.66 42.01 33.38 32.63 29.57 27.64 23.31 22.93 19.73 16.89 14.79 14.32 8.37 7.61 -0.50 26.83 20.84 22.36 29.22 29.80 33.90 37.79 39.44 45.68 39.14 37.70 33.37 32.86 26.40 27.75 25.47 19.30 17.95 16.92 15.31 9.70 9.81 8.47 -1.60 26.14 24.22 30.35 30.87 29.13 31.23 36.36 35.91 41.64 45.60 40.90 34.53 30.17 27.59 23.61 22.60 24.34 20.82 16.64 13.55 11.64 9.07 7.08 -2.01 25.84 25.26 27.25 25.35 29.33 31.48 31.61 37.97 43.81 43.10 37.04 28.18 26.25 24.40 28.00 26.60 21.23 19.53 16.57 13.75 11.15 11.85 8.74 -0.28 23.40 28.58 26.24 27.57 27.51 34.88 35.34 38.41 43.41 43.66 41.36 28.80 31.69 25.91 27.50 22.93 21.64 18.93 12.18 13.65 12.47 13.96 7.91 0.27 21.89 22.37 23.20 30.78 34.90 35.57 35.68 38.91 43.25 42.98 37.31 32.68 28.95 29.91 26.76 19.99 19.36 18.86 18.26 14.17 12.62 5.94 6.77 2.21 27.11 25.22 21.71 29.61 32.24 30.36 36.54 42.87 35.13 42.27 37.76 27.41 31.28 27.58 27.18 19.86 21.16 20.38 17.29 10.47 11.38 6.44 -1.00 0.48 24.91 25.41 27.60 27.39 27.27 36.71 35.13 39.43 40.01 42.93 34.48 29.17 32.50 28.28 24.50 18.33 19.31 18.87 15.14 9.33 8.91 10.47 -3.78 0.58 24.34 24.33 27.80 26.71 32.65 30.76 34.30 33.48 37.03 37.58 40.98 36.11 31.75 24.83 24.68 21.98 20.32 14.69 12.77 13.29 10.02 8.32 -0.91 0.16 26.91 22.41 23.58 29.67 29.27 30.29 38.77 37.43 41.75 45.33 37.51 31.55 30.66 27.22 25.92 17.87 19.68 20.90 15.00 13.51 12.62 7.50 -1.44 -1.87 20.13 26.68 26.69 28.06 31.21 33.31 34.32 40.68 42.94 41.97 39.12 31.84 28.41 27.39 29.36 21.69 22.41 19.47 18.64 8.78 8.24 8.02 -2.64 0.02 22.12 20.02 25.49 26.27 30.31 31.62 38.53 38.57 39.12 37.81 40.29 35.09 30.59 32.60 24.32 23.24 21.37 19.17 14.05 13.07 11.61 6.88 -0.36 -0.44 22.16 24.27 29.11 29.20 35.33 35.21 28.98 34.41 38.04 37.83 36.57 36.00 31.51 24.41 22.00 27.68 24.01 16.04 13.78 15.84 10.58 5.24 0.85 -2.52 29.58 27.90 28.17 28.77 29.47 33.55 40.65 41.81 43.38 39.84 30.38 31.07 26.41 27.84 25.79 22.50 18.13 18.01 14.99 13.23 12.66 8.23 1.22 -3.07 21.91 26.12 26.54 26.71 31.05 34.82 32.02 42.28 39.27 42.45 34.15 33.11 30.74 26.45 22.46 19.41 18.41 15.09 16.12 11.93 9.72 7.47 3.55 -0.99 26.33 25.62 27.91 31.36 36.30 35.87 39.78 34.84 41.38 39.43 36.09 25.73 29.40 27.33 25.11 21.23 22.89 14.98 14.09 10.49 10.30 10.26 -1.55 -2.28 24.69 26.81 23.82 33.10 32.80 32.55 42.45 40.69 41.77 35.47 36.14 31.16 30.98 26.85 20.94 22.00 17.74 17.41 16.54 12.73 7.89 -0.00 -0.14 1.44 25.04 23.35 28.93 30.95 32.74 30.07 34.76 39.41 37.91 39.51 35.78 30.49 31.12 24.42 25.31 23.74 20.67 16.97 16.54 15.01 9.24 1.54 0.59 -0.25 19.06 21.83 27.83 29.07 34.19 35.56 35.74 39.63 43.19 38.64 36.01 27.82 27.61 26.03 22.28 26.74 18.88 12.94 13.22 12.95 7.61 0.05 1.56 0.21 25.46 21.20 21.99 24.66 32.76 37.61 39.03 42.18 41.49 42.16 41.86 32.36 22.92 26.86 21.53 21.01 20.84 14.74 11.62 9.17 7.78 1.20 -0.92 1.13 30.51 23.55 24.78 26.27 34.27 35.69 37.07 39.57 41.21 32.64 38.50 35.78 24.14 26.61 20.83 21.70 18.08 19.75 14.79 13.10 9.55 -0.60 -1.12 0.78 24.09 23.31 26.06 28.92 33.18 37.46 36.20 39.26 38.72 32.74 34.40 30.71 27.54 27.10 22.66 23.06 17.98 16.78 13.42 11.06 8.54 0.81 0.35 0.86 23.02 24.84 24.22 32.74 33.95 36.53 38.39 40.76 38.00 37.77 34.67 27.92 32.47 28.20 25.41 19.26 16.63 15.07 9.64 11.93 8.74 0.62 0.00 2.37 25.51 25.85 26.33 25.71 32.36 38.74 31.44 38.75 48.09 38.78 35.33 28.53 29.12 24.20 23.33 18.71 15.73 16.85 14.77 9.27 6.50 1.78 -0.35 -0.98 24.71 21.34 28.21 25.50 34.80 33.54 37.78 37.79 44.61 40.44 30.58 29.54 30.25 27.09 22.86 25.31 19.29 14.42 14.36 11.31 7.60 -0.26 3.50 -0.88 23.40 24.03 22.80 24.72 30.33 37.66 37.33 41.55 40.27 40.37 30.67 25.08 25.33 25.68 24.27 17.01 16.84 11.90 17.11 11.88 6.43 -0.86 0.03 1.08 25.19 21.00 27.02 28.91 36.00 31.60 37.06 39.76 42.00 38.68 32.08 33.21 24.15 25.95 22.93 22.57 19.10 17.08 10.73 9.28 7.89 0.98 -2.23 -1.36 28.53 26.31 30.36 28.82 31.73 33.34 35.42 40.27 43.16 37.30 34.17 29.86 27.11 24.80 24.68 19.88 16.07 15.73 13.95 9.44 7.67 -1.46 2.19 -0.06 26.42 24.11 26.28 26.34 30.81 37.30 38.64 38.03 41.75 38.28 33.79 33.48 27.23 27.14 20.64 21.07 15.92 10.80 12.97 12.42 -0.59 -0.37 0.79 0.84 28.59 24.73 27.01 26.01 32.75 33.88 38.42 37.56 45.56 36.78 29.64 33.23 30.18 24.79 21.93 19.17 17.91 15.24 11.81 8.84 2.37 -2.08 0.37 0.05 26.18 25.10 24.11 31.69 32.04 34.94 41.09 40.94 40.38 44.41 33.84 29.22 26.35 27.44 25.82 19.83 16.00 16.91 12.61 7.51 1.73 -1.11 -2.10 -3.41 22.74 29.14 29.09 30.80 26.72 41.72 34.68 36.27 35.80 31.99 33.94 29.42 26.08 25.34 24.04 19.77 16.44 12.86 13.68 7.91 -0.30 2.07 1.53 -1.77 23.78 25.29 26.43 27.47 31.22 36.40 38.98 42.12 39.99 40.94 31.30 31.77 27.35 22.86 25.99 19.68 15.62 12.01 10.44 8.32 0.87 -1.73 -0.37 0.36 28.03 22.33 26.48 31.49 35.82 34.06 45.04 39.01 38.63 39.05 29.45 27.63 27.29 25.70 22.53 19.49 12.56 12.76 14.04 6.93 2.05 -1.10 0.51 -1.87 24.58 22.39 24.81 28.99 34.39 40.09 35.82 41.11 44.17 41.64 33.82 31.16 27.10 19.47 23.17 19.06 16.28 16.39 9.89 6.79 0.78 -1.28 1.71 1.32 23.05 25.81 30.15 27.80 35.31 36.58 39.59 41.58 40.02 36.29 35.50 35.20 23.78 24.13 16.78 20.49 15.31 13.42 12.13 9.55 -0.28 -1.01 -0.36 1.51 25.11 29.33 26.51 28.21 37.08 38.81 37.08 39.92 32.72 31.13 25.82 28.08 26.36 25.36 19.94 17.28 17.41 12.50 10.34 8.87 -3.10 1.46 2.82 0.85 25.52 23.81 24.52 29.30 31.60 40.21 36.29 38.87 39.71 32.87 24.89 25.60 26.85 24.89 22.28 16.97 18.60 11.10 10.32 8.19 -2.96 -1.53 -0.77 -0.79 21.86 26.53 27.73 24.19 32.07 31.07 43.78 39.98 38.60 35.76 32.05 31.87 22.26 22.30 19.83 19.71 14.02 13.50 10.22 6.36 2.14 0.53 0.17 0.94 21.61 20.75 25.02 33.31 34.29 41.75 36.54 34.19 43.05 33.76 30.35 26.26 28.80 24.56 19.63 17.60 15.70 11.84 9.42 8.28 0.30 -2.76 0.49 -0.48 28.57 26.89 25.29 29.90 35.34 35.61 32.50 35.29 36.40 37.18 31.84 26.37 23.38 23.25 16.47 17.39 15.02 14.80 11.91 6.53 -1.44 -0.30 -3.20 0.26 24.85 24.25 27.20 28.89 35.38 40.90 40.38 40.71 37.26 33.86 36.24 28.04 27.50 20.90 18.38 14.59 15.14 11.26 9.91 -0.45 2.23 1.23 -1.90 2.40 24.99 24.85 28.96 32.05 30.56 33.54 39.00 39.03 37.94 31.30 32.66 28.11 30.33 24.03 16.47 18.44 16.42 14.31 8.72 -0.91 0.54 -1.76 -0.38 0.34 24.11 23.10 26.17 32.12 29.31 35.56 36.71 40.98 42.68 33.60 29.03 30.03 25.26 23.54 20.10 17.81 13.68 10.99 9.39 0.39 -1.53 -0.86 -0.07 2.08 24.79 26.29 25.18 32.60 36.17 32.82 41.33 45.46 41.80 37.38 30.46 28.92 23.68 23.50 19.36 15.87 13.06 9.13 9.34 0.73 0.20 1.15 2.64 1.53 20.73 25.16 25.71 32.20 30.19 31.42 41.51 39.76 39.84 29.91 23.06 30.75 26.73 22.94 19.47 16.52 14.32 11.38 8.79 -0.94 -0.62 -0.67 -0.16 2.24 25.82 28.98 24.05 32.31 31.60 35.22 36.30 41.08 39.95 37.80 30.26 29.03 24.06 19.94 19.63 19.60 15.07 13.44 9.57 0.16 -0.51 -0.67 -3.34 -2.15 26.76 26.83 29.52 29.52 27.06 39.62 38.37 37.36 35.82 34.59 25.98 26.72 25.89 20.57 19.99 15.97 13.56 10.56 9.71 0.75 -0.20 -0.97 1.02 1.03 21.93 21.90 26.26 28.71 34.43 37.98 36.91 46.26 40.99 36.19 31.42 28.33 26.23 19.09 18.00 18.12 15.89 11.56 9.43 0.70 2.83 -3.25 1.08 -0.09 25.80 23.58 31.83 28.57 37.88 35.52 41.31 39.82 40.79 30.52 32.19 28.67 24.46 21.35 20.20 15.61 16.99 11.46 7.45 0.96 0.33 0.82 -0.74 -0.20 26.66 24.22 25.51 29.52 28.31 37.18 39.31 42.32 35.36 36.57 32.07 32.02 26.60 21.09 19.19 14.55 12.73 12.74 7.97 2.81 -0.11 -1.16 0.57 1.02 21.87 24.75 28.43 29.46 31.37 35.96 41.99 45.14 37.80 30.72 31.75 25.27 24.38 24.71 20.48 14.77 14.56 7.16 8.24 0.55 0.72 0.64 0.65 -1.06 27.97 22.84 30.19 31.42 35.87 33.41 40.91 40.61 35.79 33.74 33.13 24.08 28.67 20.78 18.27 16.73 14.67 13.97 7.65 0.65 -2.29 0.83 0.16 -0.13 22.59 20.53 28.07 27.06 30.61 36.11 38.20 36.52 35.04 35.85 26.83 29.98 27.03 18.12 21.16 19.10 14.97 10.12 6.22 0.96 -0.96 -1.43 0.06 1.13 25.54 23.66 24.39 27.71 27.15 31.43 38.77 44.37 34.25 29.11 27.19 24.41 20.93 23.77 21.65 13.76 12.11 8.35 7.13 0.60 0.03 1.40 0.08 0.57 26.66 25.25 26.61 27.83 29.05 37.52 42.51 45.27 36.34 34.96 29.82 24.53 25.44 24.52 19.67 15.78 14.57 9.79 9.66 -0.92 0.30 -0.04 0.28 0.73 22.20 26.38 26.45 31.92 30.49 36.28 38.90 47.25 39.74 34.61 25.89 24.17 27.34 21.93 23.37 17.09 14.96 8.73 2.36 3.72 -0.15 1.51 -0.04 -0.69 23.80 23.61 30.12 28.93 28.82 32.68 42.02 36.95 36.09 29.52 27.17 26.57 25.54 21.28 17.10 15.45 10.81 11.36 -2.08 -2.44 -0.13 0.98 -0.33 2.32 25.27 23.59 29.77 27.98 33.52 31.96 40.61 37.79 35.03 28.64 31.66 25.74 24.74 22.14 20.32 16.19 12.73 11.31 3.88 1.33 -0.99 -2.07 -1.80 0.80 21.50 24.70 23.41 29.53 31.44 33.99 39.46 35.44 36.40 31.65 27.28 25.65 23.86 17.03 20.37 16.41 12.81 10.25 2.68 0.65 0.09 -1.34 -0.87 2.00 26.02 22.16 25.00 33.56 33.60 35.99 36.49 46.53 32.50 30.29 27.67 26.82 23.62 22.51 19.59 14.39 11.69 9.69 -1.67 -1.98 -1.02 1.19 -2.75 2.57 22.92 22.65 27.75 33.35 27.56 34.57 36.96 38.75 38.82 34.72 24.77 27.26 26.21 19.92 18.97 14.69 9.99 8.43 0.36 0.40 4.15 1.97 -1.07 0.79 22.30 22.84 26.26 34.28 34.45 36.73 40.04 38.99 34.57 29.95 29.34 26.39 24.20 19.98 19.54 14.46 13.56 8.96 2.83 0.21 0.69 -1.29 2.56 2.25 24.53 26.05 28.74 24.05 33.74 35.64 39.53 41.18 36.03 31.12 28.80 23.98 24.50 20.43 15.93 12.58 9.36 7.59 -2.40 -1.00 0.53 -0.83 0.43 0.58 31.26 21.98 29.27 32.67 29.71 33.97 36.03 44.92 33.81 35.20 34.25 26.56 21.07 20.48 20.86 12.18 10.13 10.65 1.39 1.10 1.63 -1.00 1.52 0.24 24.49 25.22 26.34 31.70 29.54 28.81 38.30 43.07 32.48 25.06 24.89 23.27 22.19 19.02 19.63 14.24 10.41 7.03 -1.90 0.67 0.50 1.42 1.88 1.11 21.11 22.93 26.85 29.82 42.66 37.03 36.45 43.49 32.28 32.86 26.79 24.28 23.91 18.85 16.24 13.03 9.80 9.70 0.88 2.84 -1.50 0.80 0.78 -0.87 26.89 20.88 29.53 27.64 31.48 32.60 38.06 39.52 36.30 30.72 27.24 24.05 21.66 19.94 17.18 12.51 12.12 9.60 -0.65 0.78 -0.86 -1.07 0.32 -2.03 25.03 24.94 28.02 30.25 33.30 35.94 38.00 38.65 30.45 29.20 27.88 24.73 22.52 17.19 15.20 12.20 8.69 5.20 0.78 -0.56 -2.60 -0.48 -1.20 -0.70 25.86 28.75 23.90 30.49 35.15 35.32 44.65 35.90 32.53 28.62 27.48 22.19 20.67 21.45 15.88 14.84 9.36 4.77 -1.16 -1.26 -1.21 -0.83 -0.05 -1.31 26.92 26.69 28.94 27.98 35.71 36.73 40.86 43.16 30.62 31.10 29.31 27.30 21.33 20.24 13.75 12.59 10.79 6.97 -0.06 -0.13 -2.36 -0.35 -0.53 -4.27 24.48 22.83 30.44 32.83 29.75 43.23 35.14 40.56 33.76 26.55 28.76 23.52 16.78 19.43 16.33 13.90 11.31 5.37 0.12 -0.12 -0.75 -3.01 2.10 2.65 27.52 22.96 25.32 31.92 35.83 40.95 36.94 42.01 32.57 29.95 23.58 23.65 18.92 22.24 14.98 12.06 10.22 -2.82 0.64 2.07 0.82 0.35 -0.28 0.44 21.98 26.95 24.72 33.96 35.70 38.51 40.13 34.08 32.63 30.35 26.67 24.18 22.17 21.53 11.61 12.35 9.00 -0.79 1.69 1.60 -0.55 -1.45 -1.37 -1.37 23.75 23.86 30.86 27.31 34.05 41.23 42.12 39.37 33.04 27.23 28.91 22.25 19.54 19.34 18.01 13.57 10.59 0.31 -0.69 0.70 -1.79 2.42 0.80 2.28 25.39 23.85 28.44 30.98 35.52 36.96 34.29 34.96 30.41 31.67 27.37 22.81 17.52 21.68 15.46 12.58 9.94 -1.47 1.32 0.66 -0.01 -0.47 -3.92 -1.67 25.39 25.80 27.73 32.01 37.82 39.43 35.32 41.07 34.36 32.84 26.04 24.45 20.76 19.27 14.79 11.53 9.44 1.38 1.64 -0.41 -1.95 -0.69 -1.57 -3.68 28.85 26.29 33.56 29.53 36.63 37.37 40.50 44.76 30.37 27.84 20.14 24.28 19.70 16.86 16.06 14.31 11.23 1.80 1.04 2.95 1.67 -1.22 -3.99 -2.78 31.86 23.91 31.20 29.30 32.84 30.24 41.93 37.90 35.87 27.86 29.28 23.96 17.38 18.79 15.53 10.45 9.02 -1.06 -0.80 -1.04 -1.09 -0.77 -0.10 -2.66 28.36 32.73 29.96 31.34 31.86 36.39 36.95 35.56 32.35 28.93 30.52 22.48 18.81 17.57 15.43 9.72 10.36 1.30 0.67 -2.36 0.98 2.67 -1.36 -0.55 28.74 27.96 27.80 24.02 32.11 32.06 33.67 32.22 32.61 29.35 25.58 23.23 20.49 14.79 14.50 11.89 7.46 -0.72 1.00 4.36 -0.89 -0.36 3.41 1.78 26.83 25.79 30.30 32.56 30.52 31.01 41.63 34.76 32.84 22.67 30.84 23.19 20.86 16.06 17.11 8.47 10.94 0.31 -2.25 0.73 -0.97 -0.55 -0.61 -0.95 23.58 26.08 32.30 27.19 32.04 32.53 32.28 34.98 33.03 33.92 22.52 26.67 19.03 18.93 17.05 7.24 7.14 -0.58 4.02 1.72 1.04 -0.87 -1.32 1.05 31.68 22.92 28.19 29.29 31.40 33.14 38.93 34.88 31.73 24.64 21.18 16.50 17.17 16.85 14.03 8.53 8.95 1.00 -0.29 -1.49 0.31 1.75 2.27 0.65 24.40 24.00 27.96 34.76 31.67 33.01 41.68 37.84 28.66 28.26 17.57 17.41 9.45 18.09 14.00 13.24 11.22 1.80 -0.13 -0.62 1.28 1.27 -2.48 -2.28 23.19 22.48 24.46 33.88 35.01 29.35 34.74 37.67 33.45 23.62 20.70 19.09 9.94 -0.24 14.53 12.61 7.69 -3.34 2.65 -1.05 -1.44 0.66 2.00 0.33 28.58 25.10 27.62 30.39 35.99 30.69 32.96 36.71 32.06 25.94 20.94 14.17 10.31 1.57 13.43 13.37 8.38 2.01 0.07 0.05 -0.72 -2.07 0.12 1.29 28.54 28.65 29.51 28.49 34.80 36.96 35.03 41.02 31.45 29.65 19.09 18.35 11.11 -0.12 2.19 8.90 9.46 2.27 0.02 -0.93 -1.93 2.03 -0.20 -0.25 29.19 29.13 24.21 31.91 30.65 26.14 34.37 41.19 29.90 29.82 21.64 16.51 8.75 0.88 2.34 0.36 6.32 -0.24 -0.38 -0.19 -0.07 -2.18 1.09 2.06 24.60 29.43 24.17 28.57 34.96 27.69 41.87 35.31 27.86 22.53 16.27 16.35 8.64 -1.46 0.07 1.13 5.19 -0.86 -0.65 -2.08 0.83 -1.22 -3.97 0.30 28.91 30.28 28.64 31.15 28.92 30.63 35.45 32.07 29.65 23.60 23.75 14.83 9.78 1.33 -0.80 0.45 -0.92 0.66 -0.05 -1.81 -2.25 -1.68 1.75 0.20 26.92 22.20 30.86 30.36 29.21 31.07 44.84 35.27 29.45 27.26 20.45 14.16 9.55 -0.82 -1.94 -0.94 -0.25 1.08 1.41 1.14 -0.36 2.02 -2.66 0.48 28.69 26.76 27.67 32.57 30.48 37.51 41.80 33.82 26.31 21.25 18.85 13.56 8.12 -2.72 0.30 1.15 0.34 0.62 -1.06 -1.92 0.40 -2.45 -0.83 0.94 31.66 31.41 30.50 31.56 35.64 26.45 40.26 35.51 31.30 21.73 21.93 14.91 8.18 -0.30 -0.53 0.82 -1.58 1.69 -0.34 0.36 0.48 -2.47 -0.02 -1.38 25.10 26.06 30.01 36.58 30.39 31.87 43.16 34.14 30.37 24.42 18.17 14.39 7.23 -1.11 -0.38 -1.46 0.56 -2.48 -0.16 -0.12 1.70 -2.39 1.61 1.40 26.91 29.17 27.06 28.03 31.18 32.44 43.71 36.00 26.26 25.41 14.73 14.71 5.91 -2.53 -0.76 0.54 -1.87 1.39 -1.52 1.82 0.31 0.23 0.13 1.43 26.20 29.83 29.01 36.87 31.19 29.89 43.67 37.88 20.48 30.11 20.33 16.54 7.62 0.12 -2.58 -0.36 -1.71 -0.90 -0.69 1.41 -2.73 1.60 -5.31 0.01 24.68 28.24 31.76 29.93 31.73 27.54 41.47 34.11 29.20 25.41 18.54 12.44 7.52 -0.94 -0.30 0.03 -0.93 -0.60 -0.05 -3.06 0.08 -0.36 1.55 0.78 26.50 27.04 27.86 26.21 30.19 31.31 45.41 32.81 29.40 26.07 17.37 12.24 5.18 1.85 1.28 -3.02 1.47 1.92 1.17 0.11 -1.54 -0.92 -4.25 -2.26 27.92 27.99 27.56 28.56 33.18 32.61 43.95 35.92 31.30 26.52 19.23 13.39 7.63 -1.37 0.38 -1.07 -1.70 -0.43 0.73 0.52 -0.98 -0.05 0.06 0.71 26.96 25.11 27.81 31.28 30.32 31.32 43.98 30.04 28.54 26.52 18.15 12.37 -2.53 1.93 0.09 0.75 0.49 -0.43 -0.77 0.36 -1.33 -0.09 0.54 0.46 25.41 31.25 28.33 26.39 30.92 31.27 40.43 34.08 25.08 20.92 20.02 12.86 0.13 0.87 0.06 2.98 0.63 2.69 -0.58 -1.97 0.35 1.13 -2.93 -2.66 28.89 25.36 31.11 34.66 31.60 31.65 42.02 29.90 33.24 17.69 12.81 12.58 0.61 1.56 -3.57 0.66 2.88 2.44 -1.81 0.51 -3.55 0.02 0.30 0.94 24.13 28.16 29.36 29.29 31.84 33.05 41.41 32.23 26.58 24.25 20.34 9.93 -0.45 -0.21 -3.28 -1.09 -0.59 0.21 3.10 0.59 -1.11 2.65 0.53 -0.45 0.00 0.00 0.00 0.00 32.82 34.66 42.00 29.05 23.53 24.59 15.74 11.86 -0.57 -0.23 -0.97 -0.48 -0.01 -2.26 -0.53 -0.18 1.15 -1.32 2.81 -0.46 0.00 0.00 0.00 0.00 0.00 0.00 40.28 31.14 28.00 20.57 15.58 13.69 1.16 0.80 -0.57 0.13 -0.98 1.09 0.62 -1.09 1.29 1.80 1.68 -4.71 0.00 0.00 0.00 0.00 0.00 0.00 0.00 0.00 24.86 24.06 19.38 10.23 0.87 1.08 2.91 0.62 1.71 -1.49 0.75 -0.21 1.95 -1.13 -1.52 2.98 0.00 0.00 0.00 0.00 0.00 0.00 0.00 0.00 0.00 21.93 12.31 10.80 1.06 0.44 -0.51 2.60 1.25 -0.99 -0.17 0.21 -0.70 -0.77 0.89 -0.39 0.00 0.00 0.00 0.00 0.00 0.00 0.00 0.00 0.00 0.00 18.95 13.80 -2.64 -0.97 0.48 -3.08 0.35 0.26 0.90 1.91 -0.26 0.53 2.28 -0.67 0.00 0.00 0.00 0.00 0.00 0.00 0.00 0.00 0.00 0.00 0.00 10.05 0.07 -0.30 -0.54 0.92 0.37 2.27 1.33 -0.23 1.16 1.80 1.72 2.04 0.00 0.00 0.00 0.00 0.00 0.00 0.00 0.00 0.00 0.00 0.00 0.00 2.09 1.81 0.24 -0.01 0.62 0.76 0.75 2.49 -0.72 -1.04 -0.84 0.03 0.00 0.00 0.00 0.00 0.00 0.00 0.00 0.00 0.00 0.00 0.00 0.00 -1.97 -0.64 -0.41 -2.61 -2.05 -1.71 -1.64 1.03 0.14 1.09 0.94 2.13 0.00 0.00 0.00 0.00 0.00 0.00 0.00 0.00 0.00 0.00 0.00 0.00 0.00 0.74 -3.03 0.75 0.92 -0.25 -2.23 -1.37 -0.50 0.01 1.95 -0.04 0.00 0.00 0.00 0.00 0.00 0.00 0.00 0.00 0.00 0.00 0.00 0.00 0.00 0.00 -0.01 0.45 1.39 0.58 1.26 -2.74 -2.66 1.40 -0.23 -0.43 0.00 0.00 0.00 0.00 0.00 0.00 0.00 0.00 0.00 0.00 0.00 0.00 0.00 0.00 0.00 0.85 1.74 0.76 -0.75 0.15 -0.61 0.42 0.45 -0.09 0.00 0.00 0.00 0.00 0.00 0.00 0.00 0.00 0.00 0.00 0.00 0.00 0.00 0.00 0.00 0.73 -2.68 -1.28 0.11 -1.97 -0.83 -2.34 -1.47 0.54 0.00 0.00 0.00 0.00 0.00 0.00 0.00 0.00 0.00 0.00 0.00 0.00 0.00 0.00 0.00 0.00 -3.14 -1.65 0.51 -1.20 -0.74 -0.53 -1.17 0.54 0.00 0.00 0.00 0.00 0.00 0.00 0.00 0.00 0.00 0.00 0.00 0.00 0.00 0.00 0.00 0.00 1.88 -2.20 -3.50 0.82 3.97 0.34 0.44 -0.36 0.00 0.00 0.00 0.00 0.00 0.00 0.00 0.00 0.00 0.00 0.00 0.00 0.00 0.00 0.00 0.00 0.00 0.40 -0.42 -2.23 2.18 0.21 -1.14 0.71 0.00 0.00 0.00 0.00 0.00 0.00 0.00 0.00 0.00 0.00 0.00 0.00 0.00 0.00 0.00 0.00 0.00 2.38 3.88 -1.35 -1.63 4.02 0.41 -1.46 0.00 0.00 0.00 0.00 0.00 0.00 0.00 0.00 0.00 0.00 0.00 0.00 0.00 0.00 0.00 0.00 0.00 0.00 -0.52 0.31 -1.09 1.88 -1.28 0.16 0.00 0.00 0.00 0.00 0.00 0.00 0.00 0.00 0.00 0.00 0.00 0.00 0.00 0.00 0.00 0.00 0.00 0.00 3.13 -0.18 0.58 -3.50 0.34 -4.98 0.00 0.00 0.00 0.00 0.00 0.00 0.00 0.00 0.00 0.00 0.00 0.00 0.00 0.00 0.00 0.00 0.00 0.00 0.00 1.07 2.46 0.60 1.26 -1.45 0.00 0.00 0.00 0.00 0.00 0.00 0.00 0.00 0.00 0.00 0.00 0.00 0.00 0.00 0.00 0.00 0.00 0.00 0.00 -2.03 0.68 -1.78 -0.18 1.44 0.00 0.00 0.00 0.00 0.00 0.00 0.00 0.00 0.00 0.00 0.00 0.00 0.00 0.00 0.00 0.00 0.00 0.00 0.00 0.00 2.46 0.76 -0.50 2.29 0.00 0.00 0.00 0.00 0.00 0.00 0.00 0.00 0.00 0.00 0.00 0.00 0.00 0.00 0.00 0.00 0.00 0.00 0.00 0.00 -0.35 -0.91 0.48 0.70 0.00 0.00 0.00 0.00 0.00 0.00 0.00 0.00 0.00 0.00 0.00 0.00 0.00 0.00 0.00 0.00 0.00 0.00 0.00 0.00 0.00 0.43 -0.84 -1.35 0.00 0.00 0.00 0.00 0.00 0.00 0.00 0.00 0.00 0.00 0.00 0.00 0.00 0.00 0.00 0.00 0.00 0.00 0.00 0.00 0.00 1.07 0.57 -0.23 0.00 0.00 0.00 0.00 0.00 0.00 0.00 0.00 0.00 0.00 0.00 0.00 0.00 0.00 0.00 0.00 0.00 0.00 0.00 0.00 0.00 0.00 0.77 -1.38 0.00 0.00 0.00 0.00 0.00 0.00 0.00 0.00 0.00 0.00 0.00 0.00 0.00 0.00 0.00 0.00 0.00 0.00 0.00 0.00 0.00 0.00 0.33 -0.90 0.00 0.00 0.00 0.00 0.00 0.00 0.00 0.00 0.00 0.00 0.00 0.00 0.00 0.00 0.00 0.00 0.00 0.00 0.00 0.00 0.00 0.00 -0.27 1.45 0.00 0.00 0.00 0.00 0.00 0.00 0.00 0.00 0.00 0.00 0.00 0.00 0.00 0.00 0.00 0.00 0.00 0.00 0.00 0.00 0.00 0.00 0.00 -2.51 0.00 0.00 0.00 0.00 0.00 0.00 0.00 0.00 0.00 0.00 0.00 0.00 0.00 0.00 0.00 0.00 0.00 0.00 0.00 0.00 0.00 0.00 0.00 0.40 0.00 0.00 0.00 0.00 0.00 0.00 0.00 0.00 0.00 0.00 0.00 0.00 0.00 0.00 0.00 0.00 0.00 0.00 0.00 0.00 0.00 0.00 0.00 0.00 0.00 0.00 0.00 0.00 0.00 0.00 0.00 0.00 0.00 0.00 0.00 0.00 0.00 0.00 0.00 0.00 0.00 0.00 0.00 0.00 0.00 0.00 0.00 0.00 0.00 0.00 0.00 0.00 0.00 0.00 0.00 0.00 0.00 0.00 0.00 0.00 0.00 0.00 0.00 0.00 0.00 0.00 0.00 0.00 0.00 0.00 0.00 0.00 0.00 0.00 0.00 0.00 0.00 0.00 0.00 0.00 0.00 0.00 0.00 0.00 0.00 0.00 0.00 0.00 0.00 0.00 0.00 0.00 0.00 0.00 0.00 0.00 0.00 0.00 0.00 0.00 0.00 0.00 0.00 0.00 0.00 0.00 0.00 0.00 0.00 0.00 0.00 0.00 0.00 0.00 0.00 0.00 0.00 0.00 0.00 0.00 0.00 0.00 0.00 0.00 0.00 0.00 0.00 0.00 0.00 0.00 0.00 0.00 0.00 0.00 0.00 0.00 0.00 0.00 0.00 0.00 0.00 0.00 0.00 0.00 0.00 0.00 0.00 0.00 0.00 0.00 0.00 0.00 0.00 0.00 0.00 0.00 0.00 0.00 0.00 0.00 0.00 0.00 0.00 0.00 0.00 0.00 0.00 0.00 0.00 0.00 0.00 0.00 0.00 0.00 0.00 0.00 0.00 0.00 0.00 0.00 0.00 0.00 0.00 0.00 0.00 0.00 0.00 0.00 0.00 0.00 0.00 0.00 0.00 0.00 0.00 0.00 0.00 0.00 0.00 0.00 0.00 0.00 0.00 0.00 0.00 0.00 0.00 0.00 0.00 0.00 0.00 0.00 0.00 0.00 0.00 0.00 0.00 0.00 0.00 0.00 0.00 0.00 0.00 0.00 0.00 0.00 0.00 0.00 0.00 0.00 0.00 0.00 0.00 0.00 0.00 0.00 0.00 0.00 0.00 0.00 0.00 0.00 0.00 0.00 0.00 0.00 0.00 0.00 0.00 0.00 0.00 0.00 0.00 0.00 0.00 0.00 0.00 0.00 0.00 0.00 0.00 0.00 0.00 0.00 0.00 0.00 0.00 0.00 0.00 0.00 0.00 0.00 0.00 0.00 0.00 0.00 0.00 0.00 0.00 0.00 0.00 0.00 0.00 0.00 0.00 0.00 0.00 0.00 0.00 0.00 0.00 0.00 0.00 0.00 0.00 0.00 0.00 0.00 0.00 0.00 0.00 0.00 0.00 0.00 0.00 0.00 0.00 0.00 0.00 0.00 0.00 0.00 0.00 0.00 0.00 0.00 0.00 0.00 0.00 0.00 0.00 0.00 0.00 0.00 0.00 0.00 0.00 0.00 0.00 0.00 0.00 0.00 0.00 0.00 0.00 0.00 0.00 0.00 0.00 0.00 0.00 0.00 0.00 0.00 0.00 0.00 0.00 0.00 0.00 0.00 0.00 0.00 0.00 0.00 0.00 0.00 0.00 0.00 0.00 0.00 0.00 0.00 0.00 0.00 0.00 0.00 0.00 0.00 0.00 0.00 0.00 0.00 0.00 0.00 0.00 0.00 0.00 0.00 0.00 0.00 0.00 0.00 0.00 0.00 0.00 0.00 0.00 0.00 0.00 0.00 0.00 0.00 0.00 0.00 0.00 0.00 0.00 0.00 0.00 0.00 0.00 0.00 0.00 0.00 0.00 0.00 0.00 0.00 0.00 0.00 0.00 0.00 0.00 0.00 0.00 0.00 0.00 0.00 0.00 0.00 0.00 0.00 0.00 0.00 0.00 0.00 0.00 0.00 0.00 0.00 0.00 0.00 0.00 0.00 0.00 0.00 0.00 0.00 0.00 0.00 0.00 0.00 0.00 0.00 0.00 0.00 0.00 0.00 0.00 0.00 0.00 0.00 0.00 0.00 0.00 0.00 0.00 0.00 0.00 0.00 0.00 0.00 0.00 0.00 0.00 0.00 0.00 0.00 0.00 0.00 0.00 0.00 0.00 0.00 0.00 0.00 0.00 0.00 0.00 0.00 0.00 0.00 0.00 0.00 0.00 0.00 0.00 0.00 0.00 0.00 0.00 0.00 0.00 0.00 0.00 0.00 0.00 0.00 0.00 0.00 0.00 0.00 0.00 0.00 0.00 0.00 0.00 0.00 0.00 0.00 0.00 0.00 0.00 0.00 0.00 0.00 0.00 0.00 0.00 0.00 0.00 0.00 0.00 0.00 0.00 0.00 0.00 0.00 0.00 0.00 0.00 0.00 0.00 0.00 0.00 0.00 0.00 0.00 0.00 0.00 0.00 0.00 0.00 0.00 0.00 0.00 0.00 0.00 0.00 0.00 0.00 0.00 0.00 0.00 0.00 0.00 0.00 0.00 0.00 0.00 0.00 0.00 0.00 0.00 0.00 0.00 0.00 0.00 0.00 0.00 0.00 0.00 0.00 0.00 0.00 0.00 0.00 0.00 0.00 0.00 0.00 0.00 0.00 0.00 0.00 0.00 0.00 0.00 0.00 0.00 0.00 0.00 0.00 0.00 0.00 0.00 0.00 0.00 0.00 0.00 0.00 0.00 0.00 0.00 0.00 0.00 0.00 0.00 0.00 0.00 0.00 0.00 0.00 0.00 0.00 0.00 0.00 0.00 0.00 0.00 0.00 0.00 0.00 0.00 0.00 0.00 0.00 0.00 0.00 0.00 0.00 0.00 0.00 0.00 0.00 0.00 0.00 0.00 0.00 0.00 0.00 0.00 0.00 0.00 0.00 0.00 0.00 0.00 0.00 0.00 0.00 0.00 0.00 0.00 0.00 0.00 0.00 0.00 0.00 0.00 0.00 0.00 0.00 0.00 0.00 0.00 0.00 0.00 0.00 0.00 0.00 0.00 0.00 0.00 0.00 0.00 0.00 0.00 0.00 0.00 0.00 0.00 0.00 0.00 0.00 0.00 0.00 0.00 0.00 0.00 0.00 0.00 0.00 0.00 0.00 0.00 0.00 0.00 0.00 0.00 0.00 0.00 0.00 0.00 0.00 0.00 0.00 0.00 0.00 0.00 0.00 0.00 0.00 0.00 0.00 0.00 0.00 0.00 0.00 0.00 0.00 0.00 0.00 0.00 0.00 0.00 0.00 0.00 0.00 0.00 0.00 0.00 0.00 0.00 0.00 0.00 0.00 0.00 0.00 0.00 0.00 0.00 0.00 0.00 0.00 0.00 0.00 0.00 0.00 0.00 0.00 0.00 0.00 0.00 0.00 0.00 0.00 0.00 0.00 0.00 0.00 0.00 0.00 0.00 0.00 0.00 0.00 0.00 0.00 0.00 0.00 0.00 0.00 0.00 0.00 0.00 0.00 0.00 0.00 0.00 0.00 0.00 0.00 0.00 0.00 0.00 0.00 0.00 0.00 0.00 0.00 0.00 0.00 0.00 0.00 0.00 0.00 0.00 0.00 0.00 0.00 0.00 0.00 0.00 0.00 0.00 0.00 0.00 0.00 0.00 0.00 0.00 0.00 0.00 0.00 0.00 0.00 0.00 0.00 0.00 0.00 0.00 0.00 0.00 0.00 0.00 0.00 0.00 0.00 0.00 0.00 0.00 0.00 0.00 0.00 0.00 0.00 0.00 0.00 0.00 0.00 0.00 0.00 0.00 0.00 0.00 0.00 0.00 0.00 0.00 0.00 0.00 0.00 0.00 0.00 0.00 0.00 0.00 0.00 0.00 0.00 0.00 0.00 0.00 0.00 0.00 0.00 0.00 0.00 0.00 0.00 0.00 0.00 0.00 0.00 0.00 0.00 0.00 0.00 0.00 0.00 0.00 0.00 0.00 0.00 0.00 0.00 0.00 0.00 0.00 0.00 0.00 0.00 0.00 0.00 0.00 0.00 0.00 0.00 0.00 0.00 0.00 0.00 0.00 0.00 0.00 0.00 0.00 0.00 0.00 0.00 0.00 0.00 0.00 0.00 0.00 0.00 0.00 0.00 0.00 0.00 0.00 0.00 0.00 0.00 0.00 0.00 0.00 0.00 0.00 0.00 0.00 0.00 0.00 0.00 0.00
rain_type.data=1 1 1 1 1 1 0 0 0 0 0 0 0 0 0 0 0 0 0 0 0 0 0 0 1 1 1 1 1 1 1 1 1 0 0 0 0 0 0 0 0 0 0 0 0 0 0 0 1 1 1 1 1 1 1 1 1 1 1 0 0 0 0 0 0 0 0 0 0 0 0 0 1 1 1 1 1 1 1 1 1 1 1 1 1 0 0 0 0 0 0 0 0 0 0 0 1 1 1 1 1 1 1 1 1 1 1 1 1 1 0 0 0 0 0 0 0 0 0 0 1 1 1 1 1 1 1 1 1 1 1 1 1 1 1 1 0 0 0 0 0 0 0 0 1 1 1 1 1 1 1 1 1 1 1 1 1 1 1 1 1 0 0 0 0 0 0 0 1 1 1 1 1 1 1 1 1 1 1 1 1 1 1 1 1 1 0 0 0 0 0 0 1 1 1 1 1 1 1 1 1 1 1 1 1 1 1 1 1 1 1 0 0 0 0 0 1 1 1 1 1 1 1 1 1 1 1 1 1 1 1 1 1 1 1 1 0 0 0 0 1 1 1 1 1 1 1 1 1 1 1 1 1 1 1 1 1 1 1 1 1 0 0 0 1 1 1 1 1 1 1 1 1 1 1 1 1 1 1 1 1 1 1 1 1 1 0 0 1 1 1 1 1 1 1 1 1 1 1 1 1 1 1 1 1 1 1 1 1 1 1 0 1 1 1 1 1 1 1 1 1 1 1 1 1 1 1 1 1 1 1 1 1 1 1 0 1 1 1 1 1 1 1 1 1 1 1 1 1 1 1 1 1 1 1 1 1 1 1 1 1 1 1 1 1 1 1 1 1 1 1 1 1 1 1 1 1 1 1 1 1 1 1 1 1 1 1 1 1 1 1 1 1 1 1 1 1 1 1 1 1 1 1 1 1 1 1 1 1 1 1 1 1 1 1 1 1 1 1 1 1 1 1 1 1 1 1 1 1 1 1 1 1 1 1 1 1 1 1 1 1 1 1 1 1 1 1 1 1 1 1 1 1 1 1 1 1 1 1 1 1 1 1 1 1 1 1 1 1 1 1 1 1 1 1 1 1 1 1 1 1 1 1 1 1 1 1 1 1 1 1 1 1 1 1 1 1 1 1 1 1 1 1 1 1 1 1 1 1 1 1 1 1 1 1 1 1 1 1 1 1 1 1 1 1 1 1 1 1 1 1 1 1 1 1 1 1 1 1 1 1 1 1 1 1 1 1 1 1 1 1 1 1 1 1 1 1 1 1 1 1 1 1 1 1 1 1 1 1 1 1 1 1 1 1 1 1 1 1 1 1 1 1 1 1 1 1 1 1 1 1 1 1 1 1 1 1 1 1 1 1 1 1 1 1 1 1 1 1 1 1 1 1 1 1 1 1 1 1 1 1 1 1 1 1 1 1 1 1 1 1 1 1 1 1 1 1 1 1 1 1 1 1 1 1 1 1 1 1 1 1 1 1 1 1 1 1 1 1 1 1 1 1 1 1 1 1 1 1 1 1 1 1 1 1 1 1 1 1 1 1 1 1 1 1 1 1 1 1 1 1 1 1 1 1 1 1 1 1 1 1 1 1 1 1 1 1 1 1 1 1 1 1 1 1 1 1 1 1 1 1 1 1 1 1 1 1 1 1 1 1 1 1 1 1 1 1 1 1 1 1 1 1 1 1 1 1 1 1 1 1 1 1 1 1 1 1 1 1 1 1 1 1 1 1 1 1 1 1 1 1 1 1 1 1 1 1 1 1 1 1 1 1 1 1 1 1 1 1 1 1 1 1 1 1 1 1 1 1 1 1 1 1 1 1 1 1 1 1 1 1 1 1 1 1 1 1 1 1 1 1 1 1 1 1 1 1 1 1 1 1 1 1 1 1 1 1 1 1 1 1 1 1 1 1 1 1 1 1 1 1 1 1 1 1 1 1 1 1 1 1 1 1 1 1 1 1 1 1 1 1 1 1 1 1 1 1 1 1 1 1 1 1 1 1 1 1 1 1 1 1 1 1 1 1 1 1 1 1 1 1 1 1 1 1 1 1 1 1 1 1 1 1 1 1 1 1 1 1 1 1 1 1 1 1 1 1 1 1 1 1 1 1 1 1 1 1 1 1 1 1 1 1 1 1 1 1 1 1 1 1 1 1 1 1 1 1 1 1 1 1 1 1 1 1 1 1 1 1 1 1 1 1 1 1 1 1 1 1 1 1 1 1 1 1 1 1 1 1 1 1 1 1 1 1 1 1 1 1 1 1 1 1 1 1 1 1 1 1 1 1 1 1 1 1 1 1 1 1 1 1 1 1 1 1 1 1 1 1 1 1 1 1 1 1 1 1 1 1 1 1 1 1 1 1 1 1 1 1 1 1 1 1 1 1 1 1 1 1 1 1 1 1 1 1 1 1 1 1 1 1 1 1 1 1 1 1 1 1 1 1 1 1 1 1 1 1 1 1 1 1 1 1 1 1 1 1 1 1 1 1 1 1 1 1 1 1 1 1 1 1 1 1 1 1 1 1 1 1 1 1 1 1 1 1 1 1 1 1 1 1 1 1 1 1 1 1 1 1 1 1 1 1 1 1 1 1 1 1 1 1 1 1 1 1 1 1 1 1 1 1 1 1 1 1 1 1 1 1 1 1 1 1 1 1 1 1 1 1 1 1 1 1 1 1 1 1 1 1 1 1 1 1 1 1 1 1 1 1 1 1 1 1 1 1 1 1 1 1 1 1 1 1 1 1 1 1 1 1 1 1 1 1 1 1 1 1 1 1 1 1 1 1 1 1 1 1 1 1 1 1 1 1 1 1 1 1 1 1 1 1 1 1 1 1 1 1 1 1 1 1 1 1 1 1 1 1 1 1 1 1 1 2 2 2 2 1 1 1 1 1 1 1 1 1 1 1 1 1 1 1 1 1 1 1 1 2 2 2 2 2 2 2 1 1 1 1 1 1 1 1 1 1 1 1 1 1 1 1 1 2 2 2 2 2 2 2 2 2 1 1 1 1 1 1 1 1 1 1 1 1 1 1 1 2 2 2 2 2 2 2 2 2 2 1 1 1 1 1 1 1 1 1 1 1 1 1 1 2 2 2 2 2 2 2 2 2 2 2 2 1 1 1 1 1 1 1 1 1 1 1 1 2 2 2 2 2 2 2 2 2 2 2 2 2 1 1 1 1 1 1 1 1 1 1 1 2 2 2 2 2 2 2 2 2 2 2 2 2 2 1 1 1 1 1 1 1 1 1 1 2 2 2 2 2 2 2 2 2 2 2 2 2 2 2 1 1 1 1 1 1 1 1 1 2 2 2 2 2 2 2 2 2 2 2 2 2 2 2 2 1 1 1 1 1 1 1 1 2 2 2 2 2 2 2 2 2 2 2 2 2 2 2 2 2 1 1 1 1 1 1 1 2 2 2 2 2 2 2 2 2 2 2 2 2 2 2 2 2 2 1 1 1 1 1 1 2 2 2 2 2 2 2 2 2 2 2 2 2 2 2 2 2 2 2 1 1 1 1 1 2 2 2 2 2 2 2 2 2 2 2 2 2 2 2 2 2 2 2 2 1 1 1 1 2 2 2 2 2 2 2 2 2 2 2 2 2 2 2 2 2 2 2 2 1 1 1 1 2 2 2 2 2 2 2 2 2 2 2 2 2 2 2 2 2 2 2 2 2 1 1 1 2 2 2 2 2 2 2 2 2 2 2 2 2 2 2 2 2 2 2 2 2 2 1 1 2 2 2 2 2 2 2 2 2 2 2 2 2 2 2 2 2 2 2 2 2 2 1 1 2 2 2 2 2 2 2 2 2 2 2 2 2 2 2 2 2 2 2 2 2 2 2 1 2 2 2 2 2 2 2 2 2 2 2 2 2 2 2 2 2 2 2 2 2 2 2 1 2 2 2 2 2 2 2 2 2 2 2 2 2 2 2 2 2 2 2 2 2 2 2 2 2 2 2 2 2 2 2 2 2 2 2 2 2 2 2 2 2 2 2 2 2 2 2 2 2 2 2 2 2 2 2 2 2 2 2 2 2 2 2 2 2 2 2 2 2 2 2 2 2 2 2 2 2 2 2 2 2 2 2 2 2 2 2 2 2 2 2 2 2 2 2 2 2 2 2 2 2 2 2 2 2 2 2 2 2 2 2 2 2 2 2 2 2 2 2 2 2 2 2 2 2 2 2 2 2 2 2 2 2 2 2 2 2 2 2 2 2 2 2 2 2 2 2 2 2 2 2 2 2 2 2 2 2 2 2 2 2 2 2 2 2 2 2 2 2 2 2 2 2 2 2 2 2 2 2 2 2 2 2 2 2 2 2 2 2 2 2 2 2 2 2 2 2 2 2 2 2 2 2 2 2 2 2 2 2 2 2 2 2 2 2 2 2 2 2 2 2 2 2 2 2 2 2 2 2 2 2 2 2 2 2 2 2 2 2 2 2 2 2 2 2 2 2 2 2 2 2 2 2 2 2 2 2 2 2 2 2 2 2 2 2 2 2 2 2 2 2 2 2 2 2 2 2 2 2 2 2 2 2 2 2 2 2 2 2 2 2 2 2 2 2 2 2 2 2 2 2 2 2 2 2 2 2 2 2 2 2 2 2 2 2 2 2 2 2 2 2 2 2 2 2 2 2 2 2 2 2 2 2 2 2 2 2 2 2 2 2 2 2 2 2 2 2 2 2 2 2 2 2 2 2 2 2 2 2 2 2 2 2 2 2 2 2 2 2 2 2 2 2 2 2 2 2 2 2 2 2 2 2 2 2 2 2 2 2 2 2 2 2 2 2 2 2 2 2 2 2 2 2 2 2 2 2 2 2 2 2 2 2 2 2 2 2 2 2 2 2 2 2 2 2 2 2 2 2 2 2 2 2 2 2 2 2 2 2 2 2 2 2 2 2 2 2 2 2 2 2 2 2 2 2 2 2 2 2 2 2 2 2 2 2 2 2 2 2 2 2 2 2 2 2 2 2 2 2 2 2 2 2 2 2 2 2 2 2 2 2 2 2 2 2 2 2 2 2 2 2 2 2 2 2 2 2 2 2 2 2 2 2 2 2 2 2 2 2 2 2 2 2 2 2 2 2 2 2 2 2 2 2 2 2 2 2 2 2 2 2 2 2 2 2 2 2 2 2 2 2 2 2 2 2 2 2 2 2 2 2 2 2 2 2 2 2 2 2 2 2 2 2 2 2 2 2 2 2 2 2 2 2 2 2 2 2 2 2 2 2 2 2 2 2 2 2 2 2 2 2 2 2 2 2 2 2 2 2 2 2 2 2 2 2 2 2 2 2 2 2 2 2 2 2 2 2 2 2 2 2 2 2 2 2 2 2 2 2 2 2 2 2 2 2 2 2 2 2 2 2 2 2 2 2 2 2 2 2 2 2 2 2 2 2 2 2 2 2 2 2 2 2 2 2 2 2 2 2 2 2 2 2 2 2 2 2 2 2 2 2 2 2 2 2 2 2 2 2 2 2 2 2 2 2 2 2 2 2 2 2 2 2 2 2 2 2 2 2 2 2 2 2 2 2 2 2 2 2 2 2 2 2 2 2 2 2 2 2 2 2 2 2 2 2 2 2 2 2 2 2 2 2 2 2 2 2 2 2 2 2 2 2 2 2 2 2 2 2 2 2 2 2 2 2 2 2 2 2 2 2 2 2 2 2 2 2 2 2 2 2 2 2 2 2 2 2 2 2 2 2 2 2 2 2 2 2 2 2 2 2 2 2 2 2 2 2 2 2 2 2 2 2 2 2 2 2 2 2 2 2 2 2 2 2 2 2 2 2 2 2 2 2 2 2 2 2 2 2 2 2 2 2 2 2 2 2 2 2 2 2 2 2 2 2 2 2 2 2 2 2 2 2 2 2 2 2 2 2 2 2 2 2 2 2 2 2 2 2 2 2 2 2 2 2 2 2 2 2 2 2 2 2 2 2 2 2 2 2 2 2 2 2 2 2 2 2 2 2 2 2 2 2 2 2 2 2 2 2 2 2 2 2 2 2 2 2 2 2 2 2 2 2 2 2 2 2 2 2 2 2 2 2 2 2 2 2 2 2 2 2 2 2 2 2 2 2 2 2 2 2 2 2 2 2 2 2 2 2 2 2 2 2 2 2 2 2 2 2 2 2 2 2 2 2 2 2 2 2 2 2 2 2 2 2 2 2 2 2 2 2 2 2 2 2 2 2 2 2 2 2 2 2 2 2 2 2 2 2 2 2 2 2 2 2 2 2 2 2 2 2 2 2 2 2 2 2 2 2 2 2 2 2 2 2 2 2 2 2 2 2 2 2 2 2 2 2 2 2 2 2 2 2 2 2 2 2 2 2 2 2 2 2 2 2 2 2 2 2 2 2 2 2 2 2 2 2 2 2 2 2 2 2 2 2 2 2 2 2 2 2 2 2 2 2 2 2 2 2 2 2 2 2 2 2 2 2 2 2 2 2 2 2 2 2 2 2 2 2 2 2 2 2 2 2 2 2 2 2 2 2 2 2 2 2 2 2 2 2 2 2 2 2 2 2 2 2 2 2 2 2 2 2 2 2 2 2 2 2 2 2 2 2 2 2 2 2 2 2 2 2 2 2 2 2 2 2 2 2 2 2 2 2 2 2 2 2 2 2 2 2 2 2 2 2 2 2 2 2 2 2 2 2 2 2 2 2 2 2 2 2 2 2 2 2 2 2 2 2 2 2 2 2 2 2 2 2 2 2 2 2 2 2 2 2 2 2 2 2 2 2 2 2 2 2 2 2 2 2 2 2 2 2 2 2 2 2 2 2 2 2 2 2 2 2 2 2 2 2 2 2 2 2 2 2 2 2 2 2 2 2 2 2 2 2 2 2 2 2 2 2 2 2 2 2 2 2 2 2 2 2 2 2 2 2 2 2 2 2 2 2 2 2 2 2 2 2 2 2 2 2 2 2 2 2 2 2 2 2 2 2 2 2 2 2 2 2 2 2 2 2 2 2 2 2 2 2 2 2 2 2 2 2 2 2 2 2 2 2 2 2 2 2 2 2 2 2 2 2 2 2 2 2 2 2 2 2 2 2 2 2 2 2 2 2 2 2 2 2 2 2 2 2 2 2 2 2 2 2 2 2 2 2 2 2 2 2 2 2 2 2 2 2 2 2 2 2 2 2 2 2 2 2 2 2 2 2 2 2 2 2 2 2 2 2 2 2 2 2 2 2 2 2 2 2 2 2 2 2 2 2 2 2 2 2 2 2 2 2 2 2 2 2 2 2 2 2 2 2 2 2 2 2 2 2 2 2 2 2 2 2 2 2 2 2 2 2 2 2 2 2 2 2 2 2 2 2 2 2 2 2 2 2 2 2 2 2 2 2 2 2 2 2 2 2 2 2 2 2 2 2 2 2 2 2 2 2 2 2 2 2 2 2 2 2 2 2 2 2 2 2 2 2 2 2 2 2 2 2 2 2 2 2 2 2 2 2 2 2 2 2 2 2 2 2 2 2 2 2 2 2 2 2 2 2 2 2 2 2 2 2 2 2 2 2 2 2 2 2 2 2 2 2 2 2 2 2 2 2 2 2 2 2 2 2 2 2 2 2 2 2 2 2 2 2 2 2 2 2 2 2 2 2 2 2 2 2 2 2 2 2 2 2 2 2 2 2 2 2 2 2 2 2 2 2 2 2 2 2 2 2 2 2 2 2 2 2 2 2 2 2 2 2 2 2 2 2 2 2 2 2 2 2 2 2 2 2 2 2 2 2 2 2 2 2 2 2 2 2 2 2 2 2 2 2 2 2 2 2 2 2 2 2 2 2 2 2 2 2 2 2 2 2 2 2 2 2 2 2 2 2 2 2 2 2 2 2 2 2 2 2 2 2 2 2 2 2 2 2 2 2 2 2 2 2 2 2 2 2 2 2 2 2 2 2 2 2 2 2 2 2 2 2 2 2 2 2 2 2 2 2 2 2 2 2 2 2 2 2 2 2 2 2 2 2 2 2 2 2 2 2 2 2 2 2 2 2 2 2 2 2 2 2 2 2 2 2 2 2 2 2 2 2 2 2 2 2 2 2 2 2 2 2 2 2 2 2 2 2 2 2 2 2 2 2 2 2 2 2 2 2 2 2 2 2 2 2 2 2 2 2 2 2 2 2 2 2 2 2 2 2 2 2 2 2 2 2 2 2 2 2 2 2 2 2 2 2 2 2 2 2 2 2 2 2 2 2 2 2 2 2 2 2 2 2 2 2 2 2 2 2 2 2 2 2 2 2 2 2 2 2 2 2 2 2 2 2 2 2 2 2 2 2 2 1 1 1 1 2 2 2 2 2 2 2 2 2 2 2 2 2 2 2 2 2 2 2 2 1 1 1 1 1 1 2 2 2 2 2 2 2 2 2 2 2 2 2 2 2 2 2 2 1 1 1 1 1 1 1 1 2 2 2 2 2 2 2 2 2 2 2 2 2 2 2 2 1 1 1 1 1 1 1 1 1 2 2 2 2 2 2 2 2 2 2 2 2 2 2 2 1 1 1 1 1 1 1 1 1 1 2 2 2 2 2 2 2 2 2 2 2 2 2 2 1 1 1 1 1 1 1 1 1 1 1 2 2 2 2 2 2 2 2 2 2 2 2 2 1 1 1 1 1 1 1 1 1 1 1 1 2 2 2 2 2 2 2 2 2 2 2 2 1 1 1 1 1 1 1 1 1 1 1 1 1 2 2 2 2 2 2 2 2 2 2 2 1 1 1 1 1 1 1 1 1 1 1 1 1 1 2 2 2 2 2 2 2 2 2 2 1 1 1 1 1 1 1 1 1 1 1 1 1 1 2 2 2 2 2 2 2 2 2 2 1 1 1 1 1 1 1 1 1 1 1 1 1 1 1 2 2 2 2 2 2 2 2 2 1 1 1 1 1 1 1 1 1 1 1 1 1 1 1 1 2 2 2 2 2 2 2 2 1 1 1 1 1 1 1 1 1 1 1 1 1 1 1 1 2 2 2 2 2 2 2 2 1 1 1 1 1 1 1 1 1 1 1 1 1 1 1 1 1 2 2 2 2 2 2 2 1 1 1 1 1 1 1 1 1 1 1 1 1 1 1 1 1 1 2 2 2 2 2 2 1 1 1 1 1 1 1 1 1 1 1 1 1 1 1 1 1 1 2 2 2 2 2 2 1 1 1 1 1 1 1 1 1 1 1 1 1 1 1 1 1 1 1 2 2 2 2 2 1 1 1 1 1 1 1 1 1 1 1 1 1 1 1 1 1 1 1 2 2 2 2 2 1 1 1 1 1 1 1 1 1 1 1 1 1 1 1 1 1 1 1 1 2 2 2 2 1 1 1 1 1 1 1 1 1 1 1 1 1 1 1 1 1 1 1 1 2 2 2 2 1 1 1 1 1 1 1 1 1 1 1 1 1 1 1 1 1 1 1 1 1 2 2 2 1 1 1 1 1 1 1 1 1 1 1 1 1 1 1 1 1 1 1 1 1 2 2 2 1 1 1 1 1 1 1 1 1 1 1 1 1 1 1 1 1 1 1 1 1 1 2 2 1 1 1 1 1 1 1 1 1 1 1 1 1 1 1 1 1 1 1 1 1 1 2 2 1 1 1 1 1 1 1 1 1 1 1 1 1 1 1 1 1 1 1 1 1 1 2 2 1 1 1 1 1 1 1 1 1 1 1 1 1 1 1 1 1 1 1 1 1 1 1 2 1 1 1 1 1 1 1 1 1 1 1 1 1 1 1 1 1 1 1 1 1 1 1 2 0 0 0 0 1 1 1 1 1 1 1 1 1 1 1 1 1 1 1 1 1 1 1 1 0 0 0 0 0 0 1 1 1 1 1 1 1 1 1 1 1 1 1 1 1 1 1 1 0 0 0 0 0 0 0 0 1 1 1 1 1 1 1 1 1 1 1 1 1 1 1 1 0 0 0 0 0 0 0 0 0 1 1 1 1 1 1 1 1 1 1 1 1 1 1 1 0 0 0 0 0 0 0 0 0 0 1 1 1 1 1 1 1 1 1 1 1 1 1 1 0 0 0 0 0 0 0 0 0 0 0 1 1 1 1 1 1 1 1 1 1 1 1 1 0 0 0 0 0 0 0 0 0 0 0 0 1 1 1 1 1 1 1 1 1 1 1 1 0 0 0 0 0 0 0 0 0 0 0 0 1 1 1 1 1 1 1 1 1 1 1 1 0 0 0 0 0 0 0 0 0 0 0 0 0 1 1 1 1 1 1 1 1 1 1 1 0 0 0 0 0 0 0 0 0 0 0 0 0 0 1 1 1 1 1 1 1 1 1 1 0 0 0 0 0 0 0 0 0 0 0 0 0 0 0 1 1 1 1 1 1 1 1 1 0 0 0 0 0 0 0 0 0 0 0 0 0 0 0 1 1 1 1 1 1 1 1 1 0 0 0 0 0 0 0 0 0 0 0 0 0 0 0 0 1 1 1 1 1 1 1 1 0 0 0 0 0 0 0 0 0 0 0 0 0 0 0 0 1 1 1 1 1 1 1 1 0 0 0 0 0 0 0 0 0 0 0 0 0 0 0 0 0 1 1 1 1 1 1 1 0 0 0 0 0 0 0 0 0 0 0 0 0 0 0 0 0 1 1 1 1 1 1 1 0 0 0 0 0 0 0 0 0 0 0 0 0 0 0 0 0 0 1 1 1 1 1 1 0 0 0 0 0 0 0 0 0 0 0 0 0 0 0 0 0 0 1 1 1 1 1 1 0 0 0 0 0 0 0 0 0 0 0 0 0 0 0 0 0 0 0 1 1 1 1 1 0 0 0 0 0 0 0 0 0 0 0 0 0 0 0 0 0 0 0 1 1 1 1 1 0 0 0 0 0 0 0 0 0 0 0 0 0 0 0 0 0 0 0 0 1 1 1 1 0 0 0 0 0 0 0 0 0 0 0 0 0 0 0 0 0 0 0 0 1 1 1 1 0 0 0 0 0 0 0 0 0 0 0 0 0 0 0 0 0 0 0 0 0 1 1 1 0 0 0 0 0 0 0 0 0 0 0 0 0 0 0 0 0 0 0 0 0 1 1 1 0 0 0 0 0 0 0 0 0 0 0 0 0 0 0 0 0 0 0 0 0 0 1 1 0 0 0 0 0 0 0 0 0 0 0 0 0 0 0 0 0 0 0 0 0 0 1 1 0 0 0 0 0 0 0 0 0 0 0 0 0 0 0 0 0 0 0 0 0 0 1 1 0 0 0 0 0 0 0 0 0 0 0 0 0 0 0 0 0 0 0 0 0 0 0 1 0 0 0 0 0 0 0 0 0 0 0 0 0 0 0 0 0 0 0 0 0 0 0 1 0 0 0 0 0 0 0 0 0 0 0 0 0 0 0 0 0 0 0 0 0 0 0 0 0 0 0 0 0 0 0 0 0 0 0 0 0 0 0 0 0 0 0 0 0 0 0 0 0 0 0 0 0 0 0 0 0 0 0 0 0 0 0 0 0 0 0 0 0 0 0 0 0 0 0 0 0 0 0 0 0 0 0 0 0 0 0 0 0 0 0 0 0 0 0 0 0 0 0 0 0 0 0 0 0 0 0 0 0 0 0 0 0 0 0 0 0 0 0 0 0 0 0 0 0 0 0 0 0 0 0 0 0 0 0 0 0 0 0 0 0 0 0 0 0 0 0 0 0 0 0 0 0 0 0 0 0 0 0 0 0 0 0 0 0 0 0 0 0 0 0 0 0 0 0 0 0 0 0 0 0 0 0 0 0 0 0 0 0 0 0 0 0 0 0 0 0 0 0 0 0 0 0 0 0 0 0 0 0 0 0 0 0 0 0 0 0 0 0 0 0 0 0 0 0 0 0 0 0 0 0 0 0 0 0 0 0 0 0 0 0 0 0 0 0 0 0 0 0 0 0 0 0 0 0 0 0 0 0 0 0 0 0 0 0 0 0 0 0 0 0 0 0 0 0 0 0 0 0 0 0 0 0 0 0 0 0 0 0 0 0 0 0 0 0 0 0 0 0 0 0 0 0 0 0 0 0 0 0 0 0 0 0 0 0 0 0 0 0 0 0 0 0 0 0 0 0 0 0 0 0 0 0 0 0 0 0 0 0 0 0 0 0 0 0 0 0 0 0 0 0 0 0 0 0 0 0 0 0 0 0 0 0 0 0 0 0 0 0 0 0 0 0 0 0 0 0 0 0 0 0 0 0 0 0 0 0 0 0 0 0 0 0 0 0 0 0 0 0 0 0 0 0 0 0 0 0 0 0 0 0 0 0 0 0 0 0 0 0 0 0 0 0 0 0 0 0 0 0 0 0 0 0 0 0 0 0 0 0 0 0 0 0 0 0 0 0 0 0 0 0 0 0 0 0 0 0 0 0 0 0 0 0 0 0 0 0 0 0 0 0 0 0 0 0 0 0 0 0 0 0 0 0 0 0 0 0 0 0 0 0 0 0 0 0 0 0 0 0 0 0 0 0 0 0 0 0 0 0 0 0 0 0 0 0 0 0 0 0 0 0 0 0 0 0 0 0 0 0 0 0 0 0 0 0 0 0 0 0 0 0 0 0 0 0 0 0 0 0 0 0 0 0 0 0 0 0 0 0 0 0 0 0 0 0 0 0 0 0 0 0 0 0 0 0 0 0 0 0 0 0 0 0 0 0 0 0 0 0 0 0 0 0 0 0 0 0 0 0 0 0 0 0 0 0 0 0 0 0 0 0 0 0 0 0 0 0 0 0 0 0 0 0 0 0 0 0 0 0 0 0 0 0 0 0 0 0 0 0 0 0 0 0 0 0 0 0 0 0 0 0 0 0 0 0 0 0 0 0 0 0 0 0 0 0 0 0 0 0 0 0 0 0 0 0 0 0 0 0 0 0 0 0 0 0 0 0 0 0 0 0 0 0 0 0 0 0 0 0 0 0 0 0 0 0 0 0 0 0 0 0 0 0 0 0 0 0 0 0 0 0 0 0 0 0 0 0 0 0 0 0 0 0 0 0 0 0 0 0 0 0 0 0 0 0 0 0 0 0 0 0 0 0 0 0 0 0 0 0 0 0 0 0 0 0 0 0 0 0 0 0 0 0 0 0 0 0 0 0 0 0 0 0 0 0 0 0 0 0 0 0 0 0 0 0 0 0 0 0 0 0 0 0 0 0 0 0 0 0 0 0 0 0 0 0 0 0 0 0 0 0 0 0 0 0 0 0 0 0 0 0 0 0 0 0 0 0 0 0 0 0 0 0 0 0 0 0 0 0 0 0 0 0 0 0 0 0 0 0 0 0 0 0 0 0 0 0 0 0 0 0 0 0 0 0 0 0 0 0 0 0 0 0 0 0 0 0 0 0 0 0 0 0 0 0 0 0 0 0 0 0 0 0 0 0 0 0 0 0 0 0 0 0 0 0 0 0 0 0 0 0 0 0 0 0 0 0 0 0 0 0 0 0 0 0 0
estimated_attenuation.size=5952
estimated_attenuation.data=0.00 0.00 0.00 0.00 0.00 0.00 0.00 0.00 0.00 0.00 0.00 0.00 0.00 0.00 0.00 0.00 0.00 0.00 0.00 0.00 0.00 0.00 0.00 0.00 0.00 0.00 0.00 0.00 0.00 0.00 0.00 0.00 0.00 0.00 0.00 0.00 0.00 0.00 0.00 0.00 0.00 0.00 0.00 0.00 0.00 0.00 0.00 0.00 0.00 0.00 0.01 0.00 0.01 0.00 0.00 0.01 0.01 0.01 0.00 0.00 0.00 0.00 0.00 0.00 0.00 0.00 0.00 0.00 0.00 0.00 0.00 0.00 0.01 0.01 0.01 0.01 0.01 0.01 0.01 0.01 0.01 0.01 0.01 0.01 0.02 0.00 0.00 0.00 0.00 0.00 0.00 0.00 0.00 0.00 0.00 0.00 0.01 0.01 0.01 0.01 0.01 0.01 0.01 0.01 0.01 0.01 0.02 0.04 0.04 0.00 0.00 0.00 0.00 0.00 0.00 0.00 0.00 0.00 0.00 0.00 0.01 0.01 0.01 0.01 0.01 0.01 0.01 0.02 0.02 0.03 0.02 0.04 0.09 0.00 0.00 0.00 0.00 0.00 0.00 0.00 0.00 0.00 0.00 0.00 0.01 0.01 0.01 0.01 0.02 0.01 0.02 0.02 0.02 0.03 0.03 0.06 0.12 0.00 0.00 0.00 0.00 0.00 0.00 0.00 0.00 0.00 0.00 0.00 0.01 0.01 0.01 0.01 0.02 0.02 0.02 0.02 0.02 0.04 0.03 0.06 0.17 0.00 0.00 0.00 0.00 0.00 0.00 0.00 0.00 0.00 0.00 0.00 0.01 0.01 0.01 0.01 0.02 0.02 0.02 0.02 0.03 0.04 0.04 0.06 0.20 0.00 0.00 0.00 0.00 0.00 0.00 0.00 0.00 0.00 0.00 0.00 0.01 0.01 0.01 0.02 0.02 0.02 0.02 0.03 0.03 0.05 0.05 0.07 0.27 0.00 0.00 0.00 0.00 0.00 0.00 0.00 0.00 0.00 0.00 0.00 0.01 0.01 0.02 0.02 0.02 0.02 0.03 0.03 0.04 0.05 0.05 0.08 0.27 0.00 0.00 0.00 0.00 0.00 0.00 0.00 0.00 0.00 0.00 0.00 0.02 0.02 0.02 0.02 0.02 0.03 0.03 0.04 0.04 0.05 0.05 0.08 0.27 0.00 0.00 0.00 0.00 0.00 0.00 0.00 0.00 0.00 0.00 0.00 0.02 0.02 0.02 0.02 0.03 0.03 0.03 0.04 0.04 0.06 0.06 0.09 0.27 0.00 0.00 0.00 0.00 0.00 0.00 0.00 0.00 0.00 0.00 0.00 0.02 0.02 0.02 0.02 0.03 0.03 0.04 0.04 0.05 0.06 0.07 0.10 0.27 0.00 0.00 0.00 0.00 0.00 0.00 0.00 0.00 0.00 0.00 0.00 0.02 0.02 0.02 0.02 0.03 0.03 0.04 0.05 0.05 0.06 0.07 0.11 0.27 0.00 0.00 0.00 0.00 0.00 0.00 0.00 0.00 0.00 0.00 0.00 0.02 0.02 0.02 0.02 0.04 0.03 0.04 0.05 0.05 0.07 0.07 0.13 0.27 0.00 0.00 0.00 0.00 0.00 0.00 0.00 0.00 0.00 0.00 0.00 0.02 0.02 0.03 0.03 0.04 0.04 0.05 0.05 0.06 0.07 0.08 0.15 0.27 0.00 0.00 0.00 0.00 0.00 0.00 0.00 0.00 0.00 0.00 0.00 0.03 0.03 0.03 0.03 0.04 0.04 0.05 0.06 0.06 0.08 0.09 0.16 0.27 0.00 0.00 0.00 0.00 0.00 0.00 0.00 0.00 0.00 0.00 0.00 0.03 0.03 0.03 0.03 0.04 0.04 0.05 0.06 0.06 0.08 0.09 0.18 0.27 0.00 0.00 0.00 0.00 0.00 0.00 0.00 0.00 0.00 0.00 0.00 0.03 0.03 0.03 0.03 0.05 0.04 0.05 0.07 0.07 0.09 0.10 0.20 0.27 0.00 0.00 0.00 0.00 0.00 0.00 0.00 0.00 0.00 0.00 0.00 0.03 0.03 0.03 0.03 0.05 0.05 0.06 0.07 0.07 0.09 0.10 0.27 0.27 0.00 0.00 0.00 0.00 0.00 0.00 0.00 0.00 0.00 0.00 0.00 0.03 0.03 0.03 0.04 0.05 0.05 0.06 0.07 0.08 0.09 0.12 0.28 0.27 0.00 0.00 0.00 0.00 0.00 0.00 0.00 0.00 0.00 0.00 0.00 0.03 0.03 0.04 0.04 0.05 0.05 0.06 0.07 0.08 0.10 0.12 0.29 0.27 0.00 0.00 0.00 0.00 0.00 0.00 0.00 0.00 0.00 0.00 0.00 0.03 0.03 0.04 0.04 0.05 0.06 0.07 0.08 0.08 0.10 0.12 0.31 0.27 0.00 0.00 0.00 0.00 0.00 0.00 0.00 0.00 0.00 0.00 0.00 0.04 0.03 0.04 0.04 0.05 0.06 0.07 0.08 0.09 0.11 0.13 0.35 0.27 0.00 0.00 0.00 0.00 0.00 0.00 0.00 0.00 0.00 0.00 0.00 0.04 0.04 0.04 0.04 0.06 0.06 0.08 0.08 0.09 0.11 0.14 0.35 0.27 0.00 0.00 0.00 0.00 0.00 0.00 0.00 0.00 0.00 0.00 0.00 0.04 0.04 0.04 0.04 0.06 0.07 0.08 0.09 0.10 0.12 0.14 0.35 0.27 0.00 0.00 0.00 0.00 0.00 0.00 0.00 0.00 0.00 0.00 0.00 0.04 0.04 0.04 0.05 0.06 0.07 0.09 0.09 0.10 0.13 0.15 0.35 0.27 0.00 0.00 0.00 0.00 0.00 0.00 0.00 0.00 0.00 0.00 0.00 0.04 0.04 0.04 0.05 0.06 0.07 0.09 0.09 0.10 0.13 0.15 0.35 0.27 0.00 0.00 0.00 0.00 0.00 0.00 0.00 0.00 0.00 0.00 0.00 0.04 0.04 0.05 0.05 0.06 0.08 0.09 0.10 0.11 0.14 0.17 0.35 0.27 0.00 0.00 0.00 0.00 0.00 0.00 0.00 0.00 0.00 0.00 0.00 0.04 0.04 0.05 0.05 0.07 0.08 0.10 0.10 0.11 0.14 0.18 0.35 0.27 0.00 0.00 0.00 0.00 0.00 0.00 0.00 0.00 0.00 0.00 0.00 0.04 0.05 0.05 0.05 0.07 0.08 0.10 0.10 0.12 0.15 0.19 0.35 0.27 0.00 0.00 0.00 0.00 0.00 0.00 0.00 0.00 0.00 0.00 0.00 0.05 0.05 0.05 0.05 0.07 0.09 0.10 0.11 0.12 0.15 0.20 0.35 0.27 0.00 0.00 0.00 0.00 0.00 0.00 0.00 0.00 0.00 0.00 0.00 0.05 0.05 0.05 0.06 0.07 0.09 0.11 0.11 0.13 0.17 0.21 0.35 0.27 0.00 0.00 0.00 0.00 0.00 0.00 0.00 0.00 0.00 0.00 0.00 0.05 0.05 0.05 0.06 0.07 0.09 0.11 0.11 0.13 0.17 0.22 0.35 0.27 0.00 0.00 0.00 0.00 0.00 0.00 0.00 0.00 0.00 0.00 0.00 0.05 0.05 0.05 0.06 0.08 0.10 0.11 0.12 0.13 0.18 0.25 0.35 0.27 0.00 0.00 0.00 0.00 0.00 0.00 0.00 0.00 0.00 0.00 0.00 0.05 0.05 0.05 0.06 0.08 0.10 0.12 0.12 0.14 0.18 0.28 0.35 0.27 0.00 0.00 0.00 0.00 0.00 0.00 0.00 0.00 0.00 0.00 0.00 0.05 0.05 0.06 0.06 0.08 0.11 0.12 0.12 0.15 0.19 0.29 0.35 0.27 0.00 0.00 0.00 0.00 0.00 0.00 0.00 0.00 0.00 0.00 0.00 0.06 0.06 0.06 0.06 0.08 0.11 0.12 0.13 0.15 0.20 0.30 0.35 0.27 0.00 0.00 0.00 0.00 0.00 0.00 0.00 0.00 0.00 0.00 0.00 0.06 0.06 0.06 0.06 0.09 0.11 0.12 0.14 0.16 0.20 0.32 0.35 0.27 0.00 0.00 0.00 0.00 0.00 0.00 0.00 0.00 0.00 0.00 0.00 0.06 0.06 0.06 0.07 0.09 0.11 0.12 0.14 0.16 0.21 0.36 0.35 0.27 0.00 0.00 0.00 0.00 0.00 0.00 0.00 0.00 0.00 0.00 0.00 0.06 0.06 0.06 0.07 0.09 0.11 0.13 0.15 0.17 0.21 0.40 0.35 0.27 0.00 0.00 0.00 0.00 0.00 0.00 0.00 0.00 0.00 0.00 0.00 0.06 0.06 0.06 0.07 0.09 0.12 0.13 0.15 0.18 0.21 0.43 0.35 0.27 0.00 0.00 0.00 0.00 0.00 0.00 0.00 0.00 0.00 0.00 0.00 0.06 0.06 0.07 0.07 0.10 0.12 0.13 0.16 0.18 0.22 0.43 0.35 0.27 0.00 0.00 0.00 0.00 0.00 0.00 0.00 0.00 0.00 0.00 0.00 0.06 0.06 0.07 0.07 0.10 0.12 0.14 0.16 0.19 0.23 0.43 0.35 0.27 0.00 0.00 0.00 0.00 0.00 0.00 0.00 0.00 0.00 0.00 0.00 0.07 0.06 0.07 0.08 0.10 0.12 0.14 0.17 0.19 0.24 0.43 0.35 0.27 0.00 0.00 0.00 0.00 0.00 0.00 0.00 0.00 0.00 0.00 0.00 0.07 0.07 0.07 0.08 0.10 0.12 0.14 0.18 0.20 0.24 0.43 0.35 0.27 0.00 0.00 0.00 0.00 0.00 0.00 0.00 0.00 0.00 0.00 0.00 0.07 0.07 0.07 0.08 0.10 0.13 0.15 0.18 0.20 0.26 0.43 0.35 0.27 0.00 0.00 0.00 0.00 0.00 0.00 0.00 0.00 0.00 0.00 0.00 0.07 0.07 0.07 0.08 0.11 0.13 0.15 0.18 0.21 0.27 0.43 0.35 0.27 0.00 0.00 0.00 0.00 0.00 0.00 0.00 0.00 0.00 0.00 0.00 0.07 0.07 0.07 0.08 0.11 0.13 0.15 0.19 0.21 0.28 0.43 0.35 0.27 0.00 0.00 0.00 0.00 0.00 0.00 0.00 0.00 0.00 0.00 0.00 0.07 0.07 0.08 0.09 0.11 0.13 0.16 0.19 0.21 0.29 0.43 0.35 0.27 0.00 0.00 0.00 0.00 0.00 0.00 0.00 0.00 0.00 0.00 0.00 0.07 0.07 0.08 0.09 0.11 0.14 0.16 0.20 0.22 0.31 0.43 0.35 0.27 0.00 0.00 0.00 0.00 0.00 0.00 0.00 0.00 0.00 0.00 0.00 0.08 0.07 0.08 0.09 0.11 0.14 0.17 0.20 0.22 0.31 0.43 0.35 0.27 0.00 0.00 0.00 0.00 0.00 0.00 0.00 0.00 0.00 0.00 0.00 0.08 0.07 0.08 0.09 0.12 0.14 0.17 0.21 0.23 0.32 0.43 0.35 0.27 0.00 0.00 0.00 0.00 0.00 0.00 0.00 0.00 0.00 0.00 0.00 0.08 0.07 0.08 0.09 0.12 0.15 0.18 0.21 0.24 0.34 0.43 0.35 0.27 0.00 0.00 0.00 0.00 0.00 0.00 0.00 0.00 0.00 0.00 0.00 0.08 0.08 0.08 0.10 0.12 0.15 0.20 0.22 0.25 0.37 0.43 0.35 0.27 0.00 0.00 0.00 0.00 0.00 0.00 0.00 0.00 0.00 0.00 0.00 0.08 0.08 0.08 0.10 0.13 0.15 0.20 0.23 0.28 0.40 0.43 0.35 0.27 0.00 0.00 0.00 0.00 0.00 0.00 0.00 0.00 0.00 0.00 0.00 0.08 0.08 0.08 0.10 0.13 0.16 0.21 0.25 0.35 0.42 0.43 0.35 0.27 0.00 0.00 0.00 0.00 0.00 0.00 0.00 0.00 0.00 0.00 0.00 0.08 0.08 0.08 0.10 0.13 0.16 0.21 0.25 0.37 0.52 0.43 0.35 0.27 0.00 0.00 0.00 0.00 0.00 0.00 0.00 0.00 0.00 0.00 0.00 0.08 0.08 0.08 0.10 0.13 0.17 0.23 0.25 0.40 0.54 0.43 0.35 0.27 0.00 0.00 0.00 0.00 0.00 0.00 0.00 0.00 0.00 0.00 0.00 0.08 0.08 0.09 0.11 0.14 0.17 0.23 0.27 0.41 0.57 0.43 0.35 0.27 0.00 0.00 0.00 0.00 0.00 0.00 0.00 0.00 0.00 0.00 0.00 0.08 0.08 0.09 0.11 0.14 0.18 0.24 0.28 0.43 0.59 0.43 0.35 0.27 0.00 0.00 0.00 0.00 0.00 0.00 0.00 0.00 0.00 0.00 0.00 0.09 0.08 0.09 0.11 0.14 0.18 0.25 0.29 0.44 0.67 0.43 0.35 0.27 0.00 0.00 0.00 0.00 0.00 0.00 0.00 0.00 0.00 0.00 0.00 0.09 0.08 0.09 0.11 0.15 0.19 0.26 0.30 0.48 0.72 0.43 0.35 0.27 0.00 0.00 0.00 0.00 0.00 0.00 0.00 0.00 0.00 0.00 0.00 0.09 0.08 0.09 0.11 0.15 0.20 0.26 0.31 0.49 0.77 0.43 0.35 0.27 0.00 0.00 0.00 0.00 0.00 0.00 0.00 0.00 0.00 0.00 0.00 0.09 0.08 0.09 0.11 0.15 0.20 0.27 0.32 0.52 0.83 0.43 0.35 0.27 0.00 0.00 0.00 0.00 0.00 0.00 0.00 0.00 0.00 0.00 0.00 0.09 0.08 0.09 0.12 0.16 0.20 0.28 0.33 0.53 0.88 0.43 0.35 0.27 0.00 0.00 0.00 0.00 0.00 0.00 0.00 0.00 0.00 0.00 0.00 0.09 0.08 0.09 0.12 0.16 0.21 0.28 0.34 0.55 0.90 0.43 0.35 0.27 0.00 0.00 0.00 0.00 0.00 0.00 0.00 0.00 0.00 0.00 0.00 0.09 0.08 0.09 0.12 0.16 0.22 0.29 0.35 0.58 1.00 0.43 0.35 0.27 0.00 0.00 0.00 0.00 0.00 0.00 0.00 0.00 0.00 0.00 0.00 0.09 0.09 0.09 0.12 0.17 0.22 0.30 0.36 0.62 1.08 0.43 0.35 0.27 0.00 0.00 0.00 0.00 0.00 0.00 0.00 0.00 0.00 0.00 0.00 0.09 0.09 0.10 0.12 0.17 0.22 0.30 0.37 0.64 1.13 0.43 0.35 0.27 0.00 0.00 0.00 0.00 0.00 0.00 0.00 0.00 0.00 0.00 0.00 0.09 0.09 0.10 0.12 0.17 0.23 0.32 0.38 0.67 1.15 0.43 0.35 0.27 0.00 0.00 0.00 0.00 0.00 0.00 0.00 0.00 0.00 0.00 0.00 0.09 0.09 0.10 0.12 0.17 0.24 0.33 0.39 0.68 1.15 0.43 0.35 0.27 0.00 0.00 0.00 0.00 0.00 0.00 0.00 0.00 0.00 0.00 0.00 0.09 0.09 0.10 0.13 0.17 0.24 0.34 0.40 0.71 1.15 0.43 0.35 0.27 0.00 0.00 0.00 0.00 0.00 0.00 0.00 0.00 0.00 0.00 0.00 0.10 0.09 0.10 0.13 0.18 0.25 0.35 0.41 0.77 1.15 0.43 0.35 0.27 0.00 0.00 0.00 0.00 0.00 0.00 0.00 0.00 0.00 0.00 0.00 0.10 0.09 0.10 0.13 0.18 0.26 0.36 0.43 0.79 1.15 0.43 0.35 0.27 0.00 0.00 0.00 0.00 0.00 0.00 0.00 0.00 0.00 0.00 0.00 0.10 0.09 0.10 0.13 0.19 0.26 0.37 0.44 0.83 1.15 0.43 0.35 0.27 0.00 0.00 0.00 0.00 0.00 0.00 0.00 0.00 0.00 0.00 0.00 0.10 0.09 0.10 0.13 0.19 0.27 0.39 0.46 0.89 1.15 0.43 0.35 0.27 0.00 0.00 0.00 0.00 0.00 0.00 0.00 0.00 0.00 0.00 0.00 0.10 0.09 0.11 0.14 0.19 0.27 0.39 0.47 0.92 1.15 0.43 0.35 0.27 0.00 0.00 0.00 0.00 0.00 0.00 0.00 0.00 0.00 0.00 0.00 0.10 0.09 0.11 0.14 0.20 0.28 0.40 0.48 0.96 1.15 0.43 0.35 0.27 0.00 0.00 0.00 0.00 0.00 0.00 0.00 0.00 0.00 0.00 0.00 0.10 0.09 0.11 0.14 0.20 0.28 0.41 0.50 0.99 1.15 0.43 0.35 0.27 0.00 0.00 0.00 0.00 0.00 0.00 0.00 0.00 0.00 0.00 0.00 0.10 0.09 0.11 0.14 0.20 0.29 0.42 0.51 1.04 1.15 0.43 0.35 0.27 0.00 0.00 0.00 0.00 0.00 0.00 0.00 0.00 0.00 0.00 0.00 0.10 0.09 0.11 0.14 0.21 0.30 0.43 0.54 1.05 1.15 0.43 0.35 0.27 0.00 0.00 0.00 0.00 0.00 0.00 0.00 0.00 0.00 0.00 0.00 0.10 0.10 0.11 0.14 0.21 0.30 0.44 0.56 1.08 1.15 0.43 0.35 0.27 0.00 0.00 0.00 0.00 0.00 0.00 0.00 0.00 0.00 0.00 0.00 0.10 0.10 0.11 0.14 0.21 0.31 0.44 0.57 1.10 1.15 0.43 0.35 0.27 0.00 0.00 0.00 0.00 0.00 0.00 0.00 0.00 0.00 0.00 0.00 0.10 0.10 0.11 0.15 0.22 0.31 0.46 0.58 1.12 1.15 0.43 0.35 0.27 0.00 0.00 0.00 0.00 0.00 0.00 0.00 0.00 0.00 0.00 0.00 0.11 0.10 0.11 0.15 0.22 0.32 0.47 0.60 1.18 1.15 0.43 0.35 0.27 0.00 0.00 0.00 0.00 0.00 0.00 0.00 0.00 0.00 0.00 0.00 0.11 0.10 0.12 0.15 0.22 0.32 0.49 0.62 1.20 1.15 0.43 0.35 0.27 0.00 0.00 0.00 0.00 0.00 0.00 0.00 0.00 0.00 0.00 0.00 0.11 0.10 0.12 0.15 0.23 0.33 0.49 0.63 1.22 1.15 0.43 0.35 0.27 0.00 0.00 0.00 0.00 0.00 0.00 0.00 0.00 0.00 0.00 0.00 0.11 0.10 0.12 0.15 0.23 0.33 0.51 0.66 1.26 1.15 0.43 0.35 0.27 0.00 0.00 0.00 0.00 0.00 0.00 0.00 0.00 0.00 0.00 0.00 0.11 0.10 0.12 0.15 0.23 0.34 0.51 0.69 1.28 1.15 0.43 0.35 0.27 0.00 0.00 0.00 0.00 0.00 0.00 0.00 0.00 0.00 0.00 0.00 0.11 0.10 0.12 0.16 0.24 0.35 0.53 0.70 1.33 1.15 0.43 0.35 0.27 0.00 0.00 0.00 0.00 0.00 0.00 0.00 0.00 0.00 0.00 0.00 0.11 0.10 0.12 0.16 0.24 0.35 0.55 0.73 1.37 1.15 0.43 0.35 0.27 0.00 0.00 0.00 0.00 0.00 0.00 0.00 0.00 0.00 0.00 0.00 0.11 0.10 0.12 0.16 0.25 0.36 0.56 0.74 1.40 1.15 0.43 0.35 0.27 0.00 0.00 0.00 0.00 0.00 0.00 0.00 0.00 0.00 0.00 0.00 0.11 0.10 0.13 0.16 0.25 0.36 0.57 0.76 1.44 1.15 0.43 0.35 0.27 0.00 0.00 0.00 0.00 0.00 0.00 0.00 0.00 0.00 0.00 0.00 0.11 0.10 0.13 0.16 0.26 0.37 0.59 0.80 1.47 1.15 0.43 0.35 0.27 0.00 0.00 0.00 0.00 0.00 0.00 0.00 0.00 0.00 0.00 0.00 0.11 0.10 0.13 0.16 0.26 0.38 0.60 0.82 1.53 1.15 0.43 0.35 0.27 0.00 0.00 0.00 0.00 0.00 0.00 0.00 0.00 0.00 0.00 0.00 0.12 0.11 0.13 0.17 0.26 0.38 0.61 0.84 1.57 1.15 0.43 0.35 0.27 0.00 0.00 0.00 0.00 0.00 0.00 0.00 0.00 0.00 0.00 0.00 0.12 0.11 0.13 0.17 0.27 0.39 0.62 0.86 1.58 1.15 0.43 0.35 0.27 0.00 0.00 0.00 0.00 0.00 0.00 0.00 0.00 0.00 0.00 0.00 0.12 0.11 0.13 0.17 0.27 0.41 0.62 0.89 1.58 1.15 0.43 0.35 0.27 0.00 0.00 0.00 0.00 0.00 0.00 0.00 0.00 0.00 0.00 0.00 0.12 0.11 0.13 0.17 0.28 0.41 0.64 0.90 1.58 1.15 0.43 0.35 0.27 0.00 0.00 0.00 0.00 0.00 0.00 0.00 0.00 0.00 0.00 0.00 0.12 0.11 0.13 0.17 0.28 0.42 0.65 0.94 1.58 1.15 0.43 0.35 0.27 0.00 0.00 0.00 0.00 0.00 0.00 0.00 0.00 0.00 0.00 0.00 0.12 0.11 0.13 0.18 0.29 0.43 0.66 0.97 1.58 1.15 0.43 0.35 0.27 0.00 0.00 0.00 0.00 0.00 0.00 0.00 0.00 0.00 0.00 0.00 0.12 0.11 0.14 0.18 0.29 0.43 0.68 1.00 1.58 1.15 0.43 0.35 0.27 0.00 0.00 0.00 0.00 0.00 0.00 0.00 0.00 0.00 0.00 0.00 0.12 0.11 0.14 0.18 0.29 0.44 0.69 1.01 1.58 1.15 0.43 0.35 0.27 0.00 0.00 0.00 0.00 0.00 0.00 0.00 0.00 0.00 0.00 0.00 0.12 0.11 0.14 0.18 0.30 0.45 0.70 1.03 1.58 1.15 0.43 0.35 0.27 0.00 0.00 0.00 0.00 0.00 0.00 0.00 0.00 0.00 0.00 0.00 0.12 0.11 0.14 0.18 0.30 0.45 0.72 1.06 1.58 1.15 0.43 0.35 0.27 0.00 0.00 0.00 0.00 0.00 0.00 0.00 0.00 0.00 0.00 0.00 0.12 0.11 0.14 0.19 0.30 0.47 0.73 1.08 1.58 1.15 0.43 0.35 0.27 0.00 0.00 0.00 0.00 0.00 0.00 0.00 0.00 0.00 0.00 0.00 0.13 0.12 0.14 0.19 0.31 0.48 0.74 1.10 1.58 1.15 0.43 0.35 0.27 0.00 0.00 0.00 0.00 0.00 0.00 0.00 0.00 0.00 0.00 0.00 0.13 0.12 0.14 0.19 0.32 0.48 0.79 1.12 1.58 1.15 0.43 0.35 0.27 0.00 0.00 0.00 0.00 0.00 0.00 0.00 0.00 0.00 0.00 0.00 0.13 0.12 0.15 0.19 0.32 0.49 0.80 1.16 1.58 1.15 0.43 0.35 0.27 0.00 0.00 0.00 0.00 0.00 0.00 0.00 0.00 0.00 0.00 0.00 0.13 0.12 0.15 0.20 0.33 0.50 0.81 1.22 1.58 1.15 0.43 0.35 0.27 0.00 0.00 0.00 0.00 0.00 0.00 0.00 0.00 0.00 0.00 0.00 0.13 0.12 0.15 0.20 0.34 0.51 0.82 1.25 1.58 1.15 0.43 0.35 0.27 0.00 0.00 0.00 0.00 0.00 0.00 0.00 0.00 0.00 0.00 0.00 0.13 0.12 0.15 0.20 0.34 0.53 0.84 1.27 1.58 1.15 0.43 0.35 0.27 0.00 0.00 0.00 0.00 0.00 0.00 0.00 0.00 0.00 0.00 0.00 0.13 0.12 0.15 0.20 0.34 0.54 0.87 1.31 1.58 1.15 0.43 0.35 0.27 0.00 0.00 0.00 0.00 0.00 0.00 0.00 0.00 0.00 0.00 0.00 0.13 0.12 0.15 0.20 0.35 0.56 0.88 1.32 1.58 1.15 0.43 0.35 0.27 0.00 0.00 0.00 0.00 0.00 0.00 0.00 0.00 0.00 0.00 0.00 0.13 0.12 0.15 0.21 0.35 0.57 0.89 1.33 1.58 1.15 0.43 0.35 0.27 0.00 0.00 0.00 0.00 0.00 0.00 0.00 0.00 0.00 0.00 0.00 0.13 0.12 0.15 0.21 0.36 0.59 0.91 1.36 1.58 1.15 0.43 0.35 0.27 0.00 0.00 0.00 0.00 0.00 0.00 0.00 0.00 0.00 0.00 0.00 0.13 0.12 0.16 0.21 0.36 0.60 0.92 1.38 1.58 1.15 0.43 0.35 0.27 0.00 0.00 0.00 0.00 0.00 0.00 0.00 0.00 0.00 0.00 0.00 0.13 0.12 0.16 0.22 0.37 0.60 0.94 1.42 1.58 1.15 0.43 0.35 0.27 0.00 0.00 0.00 0.00 0.00 0.00 0.00 0.00 0.00 0.00 0.00 0.14 0.13 0.16 0.22 0.37 0.61 0.97 1.48 1.58 1.15 0.43 0.35 0.27 0.00 0.00 0.00 0.00 0.00 0.00 0.00 0.00 0.00 0.00 0.00 0.14 0.13 0.16 0.22 0.38 0.61 0.99 1.50 1.58 1.15 0.43 0.35 0.27 0.00 0.00 0.00 0.00 0.00 0.00 0.00 0.00 0.00 0.00 0.00 0.14 0.13 0.16 0.22 0.38 0.62 1.00 1.55 1.58 1.15 0.43 0.35 0.27 0.00 0.00 0.00 0.00 0.00 0.00 0.00 0.00 0.00 0.00 0.00 0.14 0.13 0.16 0.23 0.38 0.63 1.02 1.57 1.58 1.15 0.43 0.35 0.27 0.00 0.00 0.00 0.00 0.00 0.00 0.00 0.00 0.00 0.00 0.00 0.14 0.13 0.16 0.23 0.39 0.65 1.03 1.65 1.58 1.15 0.43 0.35 0.27 0.00 0.00 0.00 0.00 0.00 0.00 0.00 0.00 0.00 0.00 0.00 0.14 0.13 0.16 0.23 0.40 0.66 1.06 1.68 1.58 1.15 0.43 0.35 0.27 0.00 0.00 0.00 0.00 0.00 0.00 0.00 0.00 0.00 0.00 0.00 0.14 0.13 0.17 0.23 0.40 0.68 1.08 1.73 1.58 1.15 0.43 0.35 0.27 0.00 0.00 0.00 0.00 0.00 0.00 0.00 0.00 0.00 0.00 0.00 0.14 0.13 0.17 0.23 0.40 0.69 1.11 1.84 1.58 1.15 0.43 0.35 0.27 0.00 0.00 0.00 0.00 0.00 0.00 0.00 0.00 0.00 0.00 0.00 0.14 0.13 0.17 0.24 0.41 0.70 1.14 1.87 1.58 1.15 0.43 0.35 0.27 0.00 0.00 0.00 0.00 0.00 0.00 0.00 0.00 0.00 0.00 0.00 0.14 0.13 0.17 0.24 0.41 0.71 1.15 1.89 1.58 1.15 0.43 0.35 0.27 0.00 0.00 0.00 0.00 0.00 0.00 0.00 0.00 0.00 0.00 0.00 0.14 0.13 0.17 0.24 0.42 0.71 1.18 1.96 1.58 1.15 0.43 0.35 0.27 0.00 0.00 0.00 0.00 0.00 0.00 0.00 0.00 0.00 0.00 0.00 0.15 0.13 0.17 0.24 0.42 0.72 1.21 2.04 1.58 1.15 0.43 0.35 0.27 0.00 0.00 0.00 0.00 0.00 0.00 0.00 0.00 0.00 0.00 0.00 0.15 0.14 0.18 0.25 0.43 0.73 1.22 2.13 1.58 1.15 0.43 0.35 0.27 0.00 0.00 0.00 0.00 0.00 0.00 0.00 0.00 0.00 0.00 0.00 0.15 0.14 0.18 0.25 0.43 0.74 1.25 2.17 1.58 1.15 0.43 0.35 0.27 0.00 0.00 0.00 0.00 0.00 0.00 0.00 0.00 0.00 0.00 0.00 0.15 0.14 0.18 0.25 0.43 0.74 1.28 2.19 1.58 1.15 0.43 0.35 0.27 0.00 0.00 0.00 0.00 0.00 0.00 0.00 0.00 0.00 0.00 0.00 0.15 0.14 0.18 0.25 0.44 0.75 1.29 2.19 1.58 1.15 0.43 0.35 0.27 0.00 0.00 0.00 0.00 0.00 0.00 0.00 0.00 0.00 0.00 0.00 0.15 0.14 0.18 0.26 0.44 0.76 1.30 2.19 1.58 1.15 0.43 0.35 0.27 0.00 0.00 0.00 0.00 0.00 0.00 0.00 0.00 0.00 0.00 0.00 0.15 0.14 0.18 0.26 0.44 0.77 1.31 2.19 1.58 1.15 0.43 0.35 0.27 0.00 0.00 0.00 0.00 0.00 0.00 0.00 0.00 0.00 0.00 0.00 0.15 0.14 0.18 0.26 0.45 0.78 1.34 2.19 1.58 1.15 0.43 0.35 0.27 0.00 0.00 0.00 0.00 0.00 0.00 0.00 0.00 0.00 0.00 0.00 0.15 0.14 0.19 0.27 0.46 0.80 1.37 2.19 1.58 1.15 0.43 0.35 0.27 0.00 0.00 0.00 0.00 0.00 0.00 0.00 0.00 0.00 0.00 0.00 0.15 0.14 0.19 0.27 0.46 0.80 1.38 2.19 1.58 1.15 0.43 0.35 0.27 0.00 0.00 0.00 0.00 0.00 0.00 0.00 0.00 0.00 0.00 0.00 0.15 0.14 0.19 0.27 0.47 0.81 1.40 2.19 1.58 1.15 0.43 0.35 0.27 0.00 0.00 0.00 0.00 0.00 0.00 0.00 0.00 0.00 0.00 0.00 0.15 0.14 0.19 0.28 0.49 0.83 1.41 2.19 1.58 1.15 0.43 0.35 0.27 0.00 0.00 0.00 0.00 0.00 0.00 0.00 0.00 0.00 0.00 0.00 0.15 0.14 0.19 0.28 0.49 0.84 1.43 2.19 1.58 1.15 0.43 0.35 0.27 0.00 0.00 0.00 0.00 0.00 0.00 0.00 0.00 0.00 0.00 0.00 0.16 0.14 0.19 0.28 0.50 0.85 1.44 2.19 1.58 1.15 0.43 0.35 0.27 0.00 0.00 0.00 0.00 0.00 0.00 0.00 0.00 0.00 0.00 0.00 0.16 0.15 0.20 0.28 0.50 0.86 1.51 2.19 1.58 1.15 0.43 0.35 0.27 0.00 0.00 0.00 0.00 0.00 0.00 0.00 0.00 0.00 0.00 0.00 0.16 0.15 0.20 0.28 0.51 0.87 1.54 2.19 1.58 1.15 0.43 0.35 0.27 0.00 0.00 0.00 0.00 0.00 0.00 0.00 0.00 0.00 0.00 0.00 0.16 0.15 0.20 0.29 0.52 0.89 1.56 2.19 1.58 1.15 0.43 0.35 0.27 0.00 0.00 0.00 0.00 0.00 0.00 0.00 0.00 0.00 0.00 0.00 0.16 0.15 0.20 0.29 0.52 0.92 1.58 2.19 1.58 1.15 0.43 0.35 0.27 0.00 0.00 0.00 0.00 0.00 0.00 0.00 0.00 0.00 0.00 0.00 0.16 0.15 0.20 0.29 0.53 0.93 1.60 2.19 1.58 1.15 0.43 0.35 0.27 0.00 0.00 0.00 0.00 0.00 0.00 0.00 0.00 0.00 0.00 0.00 0.16 0.15 0.20 0.30 0.54 0.95 1.65 2.19 1.58 1.15 0.43 0.35 0.27 0.00 0.00 0.00 0.00 0.00 0.00 0.00 0.00 0.00 0.00 0.00 0.16 0.15 0.20 0.30 0.55 0.96 1.66 2.19 1.58 1.15 0.43 0.35 0.27 0.00 0.00 0.00 0.00 0.00 0.00 0.00 0.00 0.00 0.00 0.00 0.16 0.15 0.21 0.30 0.56 0.98 1.68 2.19 1.58 1.15 0.43 0.35 0.27 0.00 0.00 0.00 0.00 0.00 0.00 0.00 0.00 0.00 0.00 0.00 0.16 0.15 0.21 0.31 0.57 0.99 1.72 2.19 1.58 1.15 0.43 0.35 0.27 0.00 0.00 0.00 0.00 0.00 0.00 0.00 0.00 0.00 0.00 0.00 0.17 0.15 0.21 0.31 0.58 1.00 1.78 2.19 1.58 1.15 0.43 0.35 0.27 0.00 0.00 0.00 0.00 0.00 0.00 0.00 0.00 0.00 0.00 0.00 0.17 0.16 0.21 0.31 0.58 1.00 1.80 2.19 1.58 1.15 0.43 0.35 0.27 0.00 0.00 0.00 0.00 0.00 0.00 0.00 0.00 0.00 0.00 0.00 0.17 0.16 0.21 0.31 0.58 1.01 1.80 2.19 1.58 1.15 0.43 0.35 0.27 0.00 0.00 0.00 0.00 0.00 0.00 0.00 0.00 0.00 0.00 0.00 0.17 0.16 0.22 0.31 0.58 1.01 1.84 2.19 1.58 1.15 0.43 0.35 0.27 0.00 0.00 0.00 0.00 0.00 0.00 0.00 0.00 0.00 0.00 0.00 0.17 0.16 0.22 0.31 0.59 1.02 1.84 2.19 1.58 1.15 0.43 0.35 0.27 0.00 0.00 0.00 0.00 0.00 0.00 0.00 0.00 0.00 0.00 0.00 0.17 0.16 0.22 0.32 0.59 1.03 1.87 2.19 1.58 1.15 0.43 0.35 0.27 0.00 0.00 0.00 0.00 0.00 0.00 0.00 0.00 0.00 0.00 0.00 0.17 0.16 0.22 0.32 0.59 1.03 1.92 2.19 1.58 1.15 0.43 0.35 0.27 0.00 0.00 0.00 0.00 0.00 0.00 0.00 0.00 0.00 0.00 0.00 0.18 0.16 0.23 0.32 0.60 1.03 1.94 2.19 1.58 1.15 0.43 0.35 0.27 0.00 0.00 0.00 0.00 0.00 0.00 0.00 0.00 0.00 0.00 0.00 0.18 0.16 0.23 0.33 0.61 1.04 1.95 2.19 1.58 1.15 0.43 0.35 0.27 0.00 0.00 0.00 0.00 0.00 0.00 0.00 0.00 0.00 0.00 0.00 0.18 0.16 0.23 0.33 0.61 1.05 1.96 2.19 1.58 1.15 0.43 0.35 0.27 0.00 0.00 0.00 0.00 0.00 0.00 0.00 0.00 0.00 0.00 0.00 0.18 0.17 0.23 0.33 0.62 1.05 1.97 2.19 1.58 1.15 0.43 0.35 0.27 0.00 0.00 0.00 0.00 0.00 0.00 0.00 0.00 0.00 0.00 0.00 0.18 0.17 0.23 0.34 0.62 1.05 2.03 2.19 1.58 1.15 0.43 0.35 0.27 0.00 0.00 0.00 0.00 0.00 0.00 0.00 0.00 0.00 0.00 0.00 0.18 0.17 0.23 0.34 0.63 1.06 2.05 2.19 1.58 1.15 0.43 0.35 0.27 0.00 0.00 0.00 0.00 0.00 0.00 0.00 0.00 0.00 0.00 0.00 0.18 0.17 0.24 0.34 0.63 1.06 2.10 2.19 1.58 1.15 0.43 0.35 0.27 0.00 0.00 0.00 0.00 0.00 0.00 0.00 0.00 0.00 0.00 0.00 0.19 0.17 0.24 0.34 0.63 1.07 2.14 2.19 1.58 1.15 0.43 0.35 0.27 0.00 0.00 0.00 0.00 0.00 0.00 0.00 0.00 0.00 0.00 0.00 0.19 0.17 0.24 0.35 0.64 1.07 2.17 2.19 1.58 1.15 0.43 0.35 0.27 0.00 0.00 0.00 0.00 0.00 0.00 0.00 0.00 0.00 0.00 0.00 0.19 0.17 0.24 0.35 0.65 1.08 2.24 2.19 1.58 1.15 0.43 0.35 0.27 0.00 0.00 0.00 0.00 0.00 0.00 0.00 0.00 0.00 0.00 0.00 0.19 0.18 0.24 0.36 0.65 1.08 2.24 2.19 1.58 1.15 0.43 0.35 0.27 0.00 0.00 0.00 0.00 0.00 0.00 0.00 0.00 0.00 0.00 0.00 0.19 0.18 0.25 0.36 0.66 1.08 2.24 2.19 1.58 1.15 0.43 0.35 0.27 0.00 0.00 0.00 0.00 0.00 0.00 0.00 0.00 0.00 0.00 0.00 0.19 0.18 0.25 0.36 0.66 1.09 2.24 2.19 1.58 1.15 0.43 0.35 0.27 0.00 0.00 0.00 0.00 0.00 0.00 0.00 0.00 0.00 0.00 0.00 0.19 0.18 0.25 0.37 0.66 1.09 2.24 2.19 1.58 1.15 0.43 0.35 0.27 0.00 0.00 0.00 0.00 0.00 0.00 0.00 0.00 0.00 0.00 0.00 0.20 0.18 0.25 0.37 0.67 1.10 2.24 2.19 1.58 1.15 0.43 0.35 0.27 0.00 0.00 0.00 0.00 0.00 0.00 0.00 0.00 0.00 0.00 0.00 0.20 0.18 0.25 0.37 0.67 1.10 2.24 2.19 1.58 1.15 0.43 0.35 0.27 0.00 0.00 0.00 0.00 0.00 0.00 0.00 0.00 0.00 0.00 0.00 0.20 0.19 0.26 0.37 0.68 1.11 2.24 2.19 1.58 1.15 0.43 0.35 0.27 0.00 0.00 0.00 0.00 0.00 0.00 0.00 0.00 0.00 0.00 0.00 0.20 0.19 0.26 0.38 0.68 1.11 2.24 2.19 1.58 1.15 0.43 0.35 0.27 0.00 0.00 0.00 0.00 0.00 0.00 0.00 0.00 0.00 0.00 0.00 0.20 0.19 0.26 0.38 0.69 1.12 2.24 2.19 1.58 1.15 0.43 0.35 0.27 0.00 0.00 0.00 0.00 0.00 0.00 0.00 0.00 0.00 0.00 0.00 0.00 0.00 0.00 0.00 0.69 1.12 2.24 2.19 1.58 1.15 0.43 0.35 0.27 0.00 0.00 0.00 0.00 0.00 0.00 0.00 0.00 0.00 0.00 0.00 0.00 0.00 0.00 0.00 0.00 0.00 2.24 2.19 1.58 1.15 0.43 0.35 0.27 0.00 0.00 0.00 0.00 0.00 0.00 0.00 0.00 0.00 0.00 0.00 0.00 0.00 0.00 0.00 0.00 0.00 0.00 0.00 1.58 1.15 0.43 0.35 0.27 0.00 0.00 0.00 0.00 0.00 0.00 0.00 0.00 0.00 0.00 0.00 0.00 0.00 0.00 0.00 0.00 0.00 0.00 0.00 0.00 1.15 0.43 0.35 0.27 0.00 0.00 0.00 0.00 0.00 0.00 0.00 0.00 0.00 0.00 0.00 0.00 0.00 0.00 0.00 0.00 0.00 0.00 0.00 0.00 0.00 0.43 0.35 0.27 0.00 0.00 0.00 0.00 0.00 0.00 0.00 0.00 0.00 0.00 0.00 0.00 0.00 0.00 0.00 0.00 0.00 0.00 0.00 0.00 0.00 0.00 0.35 0.27 0.00 0.00 0.00 0.00 0.00 0.00 0.00 0.00 0.00 0.00 0.00 0.00 0.00 0.00 0.00 0.00 0.00 0.00 0.00 0.00 0.00 0.00 0.00 0.27 0.00 0.00 0.00 0.00 0.00 0.00 0.00 0.00 0.00 0.00 0.00 0.00 0.00 0.00 0.00 0.00 0.00 0.00 0.00 0.00 0.00 0.00 0.00 0.27 0.00 0.00 0.00 0.00 0.00 0.00 0.00 0.00 0.00 0.00 0.00 0.00 0.00 0.00 0.00 0.00 0.00 0.00 0.00 0.00 0.00 0.00 0.00 0.00 0.00 0.00 0.00 0.00 0.00 0.00 0.00 0.00 0.00 0.00 0.00 0.00 0.00 0.00 0.00 0.00 0.00 0.00 0.00 0.00 0.00 0.00 0.00 0.00 0.00 0.00 0.00 0.00 0.00 0.00 0.00 0.00 0.00 0.00 0.00 0.00 0.00 0.00 0.00 0.00 0.00 0.00 0.00 0.00 0.00 0.00 0.00 0.00 0.00 0.00 0.00 0.00 0.00 0.00 0.00 0.00 0.00 0.00 0.00 0.00 0.00 0.00 0.00 0.00 0.00 0.00 0.00 0.00 0.00 0.00 0.00 0.00 0.00 0.00 0.00 0.00 0.00 0.00 0.00 0.00 0.00 0.00 0.00 0.00 0.00 0.00 0.00 0.00 0.00 0.00 0.00 0.00 0.00 0.00 0.00 0.00 0.00 0.00 0.00 0.00 0.00 0.00 0.00 0.00 0.00 0.00 0.00 0.00 0.00 0.00 0.00 0.00 0.00 0.00 0.00 0.00 0.00 0.00 0.00 0.00 0.00 0.00 0.00 0.00 0.00 0.00 0.00 0.00 0.00 0.00 0.00 0.00 0.00 0.00 0.00 0.00 0.00 0.00 0.00 0.00 0.00 0.00 0.00 0.00 0.00 0.00 0.00 0.00 0.00 0.00 0.00 0.00 0.00 0.00 0.00 0.00 0.00 0.00 0.00 0.00 0.00 0.00 0.00 0.00 0.00 0.00 0.00 0.00 0.00 0.00 0.00 0.00 0.00 0.00 0.00 0.00 0.00 0.00 0.00 0.00 0.00 0.00 0.00 0.00 0.00 0.00 0.00 0.00 0.00 0.00 0.00 0.00 0.00 0.00 0.00 0.00 0.00 0.00 0.00 0.00 0.00 0.00 0.00 0.00 0.00 0.00 0.00 0.00 0.00 0.00 0.00 0.00 0.00 0.00 0.00 0.00 0.00 0.00 0.00 0.00 0.00 0.00 0.00 0.00 0.00 0.00 0.00 0.00 0.00 0.00 0.00 0.00 0.00 0.00 0.00 0.00 0.00 0.00 0.00 0.00 0.00 0.00 0.00 0.00 0.00 0.00 0.00 0.00 0.00 0.00 0.00 0.00 0.00 0.00 0.00 0.00 0.00 0.00 0.00 0.00 0.00 0.00 0.00 0.00 0.00 0.00 0.00 0.00 0.00 0.00 0.00 0.00 0.00 0.00 0.00 0.00 0.00 0.00 0.00 0.00 0.00 0.00 0.00 0.00 0.00 0.00 0.00 0.00 0.00 0.00 0.00 0.00 0.00 0.00 0.00 0.00 0.00 0.00 0.00 0.00 0.00 0.00 0.00 0.00 0.00 0.00 0.00 0.00 0.00 0.00 0.00 0.00 0.00 0.00 0.00 0.00 0.00 0.00 0.00 0.00 0.00 0.00 0.00 0.00 0.00 0.00 0.00 0.00 0.00 0.00 0.00 0.00 0.00 0.00 0.00 0.00 0.00 0.00 0.00 0.00 0.00 0.00 0.00 0.00 0.00 0.00 0.00 0.00 0.00 0.00 0.00 0.00 0.00 0.00 0.00 0.00 0.00 0.00 0.00 0.00 0.00 0.00 0.00 0.00 0.00 0.00 0.00 0.00 0.00 0.00 0.00 0.00 0.00 0.00 0.00 0.00 0.00 0.00 0.00 0.00 0.00 0.00 0.00 0.00 0.00 0.00 0.00 0.00 0.00 0.00 0.00 0.00 0.00 0.00 0.00 0.00 0.00 0.00 0.00 0.00 0.00 0.00 0.00 0.00 0.00 0.00 0.00 0.00 0.00 0.00 0.00 0.00 0.00 0.00 0.00 0.00 0.00 0.00 0.00 0.00 0.00 0.00 0.00 0.00 0.00 0.00 0.00 0.00 0.00 0.00 0.00 0.00 0.00 0.00 0.00 0.00 0.00 0.00 0.00 0.00 0.00 0.00 0.00 0.00 0.00 0.00 0.00 0.00 0.00 0.00 0.00 0.00 0.00 0.00 0.00 0.00 0.00 0.00 0.00 0.00 0.00 0.00 0.00 0.00 0.00 0.00 0.00 0.00 0.00 0.00 0.00 0.00 0.00 0.00 0.00 0.00 0.00 0.00 0.00 0.00 0.00 0.00 0.00 0.00 0.00 0.00 0.00 0.00 0.00 0.00 0.00 0.00 0.00 0.00 0.00 0.00 0.00 0.00 0.00 0.00 0.00 0.00 0.00 0.00 0.00 0.00 0.00 0.00 0.00 0.00 0.00 0.00 0.00 0.00 0.00 0.00 0.00 0.00 0.00 0.00 0.00 0.00 0.00 0.00 0.00 0.00 0.00 0.00 0.00 0.00 0.00 0.00 0.00 0.00 0.00 0.00 0.00 0.00 0.00 0.00 0.00 0.00 0.00 0.00 0.00 0.00 0.00 0.00 0.00 0.00 0.00 0.00 0.00 0.00 0.00 0.00 0.00 0.00 0.00 0.00 0.00 0.00 0.00 0.00 0.00 0.00 0.00 0.00 0.00 0.00 0.00 0.00 0.00 0.00 0.00 0.00 0.00 0.00 0.00 0.00 0.00 0.00 0.00 0.00 0.00 0.00 0.00 0.00 0.00 0.00 0.00 0.00 0.00 0.00 0.00 0.00 0.00 0.00 0.00 0.00 0.00 0.00 0.00 0.00 0.00 0.00 0.00 0.00 0.00 0.00 0.00 0.00 0.00 0.00 0.00 0.00 0.00 0.00 0.00 0.00 0.00 0.00 0.00 0.00 0.00 0.00 0.00 0.00 0.00 0.00 0.00 0.00 0.00 0.00 0.00 0.00 0.00 0.00 0.00 0.00 0.00 0.00 0.00 0.00 0.00 0.00 0.00 0.00 0.00 0.00 0.00 0.00 0.00 0.00 0.00 0.00 0.00 0.00 0.00 0.00 0.00 0.00 0.00 0.00 0.00 0.00 0.00 0.00 0.00 0.00 0.00 0.00 0.00 0.00 0.00 0.00 0.00 0.00 0.00 0.00 0.00 0.00 0.00 0.00 0.00 0.00 0.00 0.00 0.00 0.00 0.00 0.00 0.00 0.00 0.00 0.00 0.00 0.00 0.00 0.00 0.00 0.00 0.00 0.00 0.00 0.00 0.00 0.00 0.00 0.00 0.00 0.00 0.00 0.00 0.00 0.00 0.00 0.00 0.00 0.00 0.00 0.00 0.00 0.00 0.00 0.00 0.00 0.00 0.00 0.00 0.00 0.00 0.00 0.00 0.00 0.00 0.00 0.00 0.00 0.00 0.00 0.00 0.00 0.00 0.00 0.00 0.00 0.00 0.00 0.00 0.00 0.00 0.00 0.00 0.00 0.00 0.00 0.00 0.00 0.00 0.00 0.00 0.00 0.00 0.00 0.00 0.00 0.00 0.00 0.00 0.00 0.00 0.00 0.00 0.00 0.00 0.00 0.00 0.00 0.00 0.00 0.00 0.00 0.00 0.00 0.00 0.00 0.00 0.00 0.00 0.00 0.00 0.00 0.00 0.00 0.00 0.00 0.00 0.00 0.00 0.00 0.00 0.00 0.00 0.00 0.00 0.00 0.00 0.00 0.00 0.00 0.00 0.00 0.00 0.00 0.00 0.00 0.00 0.00 0.00 0.00 0.00 0.00 0.00 0.00 0.00 0.00 0.00 0.00 0.00 0.00 0.00 0.00 0.00 0.00 0.00 0.00 0.00 0.00 0.00 0.00 0.00 0.00 0.00 0.00 0.00 0.00 0.00 0.00 0.00 0.00 0.00 0.00 0.00 0.00 0.00 0.00 0.00 0.00 0.00 0.00 0.00 0.00 0.00 0.00 0.00 0.00 0.00 0.00 0.00 0.00 0.00 0.00 0.00 0.00 0.00 0.00 0.00 0.00 0.00 0.00 0.00 0.00 0.00 0.00 0.00 0.00 0.00 0.00 0.00 0.00 0.00 0.00 0.00 0.00 0.00 0.00 0.00 0.00 0.00 0.00 0.00 0.00 0.00 0.00 0.00 0.00 0.00 0.00 0.00 0.00 0.00 0.00 0.00 0.00 0.00 0.00 0.00 0.00 0.00 0.00 0.00 0.00 0.00 0.00 0.00 0.00 0.00 0.00 0.00 0.00 0.00 0.00 0.00 0.00 0.00 0.00 0.00 0.00 0.00 0.00 0.00 0.00 0.00 0.00 0.00 0.00 0.00 0.00 0.00 0.00 0.00 0.00 0.00 0.00 0.00 0.00 0.00 0.00 0.00 0.00 0.00 0.00 0.00 0.00 0.00 0.00 0.00 0.00 0.00 0.00 0.00 0.00 0.00 0.00 0.00 0.00 0.00 0.00 0.00 0.00 0.00 0.00 0.00 0.00 0.00 0.00 0.00 0.00 0.00 0.00 0.00 0.00 0.00 0.00 0.00 0.00 0.00 0.00 0.00 0.00 0.00 0.00 0.00 0.00 0.00 0.00 0.00 0.00 0.00 0.00 0.00 0.00 0.00 0.00 0.00 0.00 0.00 0.00 0.00 0.00 0.00 0.00 0.00 0.00 0.00 0.00 0.00 0.00 0.00 0.00 0.00 0.00 0.00 0.00 0.00 0.00 0.00 0.00 0.00 0.00 0.00 0.00 0.00 0.00 0.00 0.00 0.00 0.00 0.00 0.00 0.00 0.00 0.00 0.00 0.00 0.00 0.00 0.00 0.00 0.00 0.00 0.00 0.00 0.00 0.00 0.00 0.00 0.00 0.00 0.00 0.00 0.00 0.00 0.00 0.00 0.00 0.00 0.00 0.00 0.00 0.00 0.00 0.00 0.00 0.00 0.00 0.00 0.00 0.00 0.00 0.00 0.00 0.00 0.00 0.00 0.00 0.00 0.00 0.00 0.00 0.00 0.00 0.00 0.00 0.00 0.00 0.00 0.00 0.00 0.00 0.00 0.00 0.00 0.00 0.00 0.00 0.00 0.00 0.00 0.00 0.00 0.00 0.00 0.00 0.00 0.00 0.00 0.00 0.00 0.00 0.00 0.00 0.00 0.00 0.00 0.00 0.00 0.00 0.00 0.00 0.00 0.00 0.00 0.00 0.00 0.00 0.00 0.00 0.00 0.00 0.00 0.00 0.00 0.00 0.00 0.00 0.00 0.00 0.00 0.00 0.00 0.00 0.00 0.00 0.00 0.00 0.00 0.00 0.00 0.00 0.00 0.00 0.00 0.00 0.00 0.00 0.00 0.00 0.00 0.00 0.00 0.00 0.00 0.00 0.00 0.00 0.00 0.00 0.00 0.00 0.00 0.00 0.00 0.00 0.00 0.00 0.00 0.00 0.00 0.00 0.00 0.00 0.00 0.00 0.00 0.00 0.00 0.00 0.00 0.00 0.00 0.00 0.00 0.00 0.00 0.00 0.00 0.00 0.00 0.00 0.00 0.00 0.00 0.00 0.00 0.00 0.00 0.00 0.00 0.00 0.00 0.00 0.00 0.00 0.00 0.00 0.00 0.00 0.00 0.00 0.00 0.00 0.00 0.00 0.00 0.00 0.00 0.00 0.00 0.00 0.00 0.00 0.00 0.00 0.00 0.00 0.00 0.00 0.00 0.00 0.00 0.00 0.00 0.00 0.00 0.00 0.00 0.00 0.00 0.00 0.00 0.00 0.00 0.00 0.00 0.00 0.00 0.00 0.00 0.00 0.00 0.00 0.00 0.00 0.00 0.00 0.00 0.00 0.00 0.00 0.00 0.00 0.00 0.00 0.00 0.00 0.00 0.00 0.00 0.00 0.00 0.00 0.00 0.00 0.00 0.00 0.00 0.00 0.00 0.00 0.00 0.00 0.00 0.00 0.00 0.00 0.00 0.00 0.00 0.00 0.00 0.00 0.00 0.00 0.00 0.00 0.00 0.00 0.00 0.00 0.00 0.00 0.00 0.00 0.00 0.00 0.00 0.00 0.00 0.00 0.00 0.00 0.00 0.00 0.00 0.00 0.00 0.00 0.00 0.00 0.00 0.00 0.00 0.00 0.00 0.00 0.00 0.00 0.00 0.00 0.00 0.00 0.00 0.00 0.00 0.00 0.00 0.00 0.00 0.00 0.00 0.00 0.00 0.00 0.00 0.00 0.00 0.00 0.00 0.00 0.00 0.00 0.00 0.00 0.00 0.00 0.00 0.00 0.00 0.00 0.00 0.00 0.00 0.00 0.00 0.00 0.00 0.00 0.00 0.00 0.00 0.00 0.00 0.00 0.00 0.00 0.00 0.00 0.00 0.00 0.00 0.00 0.00 0.00 0.00 0.00 0.00 0.00 0.00 0.00 0.00 0.00 0.00 0.00 0.00 0.00
height.size=5952
height.data=14.69 290.44 566.09 841.56 1116.77 1391.64 1666.08 1940.01 2213.34 2485.99 2757.89 3028.94 3299.06 3568.17 3836.19 4103.04 4368.64 4632.90 4895.75 5157.11 5416.89 5675.01 5931.41 6185.99 14.88 292.37 569.76 846.98 1123.93 1400.54 1676.72 1952.38 2227.44 2501.82 2775.43 3048.20 3320.03 3590.84 3860.56 4129.10 4396.38 4662.31 4926.82 5189.83 5451.25 5711.01 5969.03 6225.22 15.07 294.30 573.44 852.40 1131.10 1409.44 1687.36 1964.75 2241.54 2517.65 2792.98 3067.46 3341.00 3613.52 3884.93 4155.16 4424.11 4691.72 4957.89 5222.55 5485.62 5747.01 6006.65 6264.46 15.26 296.24 577.12 857.82 1138.26 1418.35 1698.00 1977.12 2255.64 2533.47 2810.53 3086.72 3361.97 3636.19 3909.30 4181.21 4451.85 4721.13 4988.97 5255.28 5519.99 5783.01 6044.27 6303.69 15.45 298.17 580.80 863.25 1145.42 1427.25 1708.64 1989.50 2269.75 2549.30 2828.08 3105.99 3382.94 3658.87 3933.67 4207.27 4479.59 4750.54 5020.04 5288.01 5554.36 5819.01 6081.90 6342.92 15.64 300.11 584.48 868.67 1152.59 1436.16 1719.28 2001.87 2283.85 2565.13 2845.63 3125.25 3403.92 3681.54 3958.04 4233.33 4507.33 4779.95 5051.11 5320.73 5588.73 5855.02 6119.52 6382.16 15.83 302.05 588.16 874.10 1159.76 1445.06 1729.92 2014.25 2297.96 2580.96 2863.18 3144.52 3424.89 3704.22 3982.42 4259.40 4535.07 4809.37 5082.19 5353.46 5623.10 5891.02 6157.15 6421.39 16.02 303.98 591.85 879.52 1166.93 1453.97 1740.57 2026.63 2312.07 2596.80 2880.73 3163.78 3445.87 3726.90 4006.79 4285.46 4562.82 4838.78 5113.27 5386.19 5657.47 5927.03 6194.77 6460.63 16.22 305.92 595.53 884.95 1174.10 1462.88 1751.21 2039.01 2326.17 2612.63 2898.28 3183.05 3466.85 3749.58 4031.17 4311.52 4590.56 4868.19 5144.34 5418.92 5691.85 5963.03 6232.40 6499.87 16.42 307.87 599.22 890.38 1181.27 1471.79 1761.86 2051.39 2340.28 2628.46 2915.84 3202.32 3487.82 3772.26 4055.54 4337.59 4618.30 4897.61 5175.42 5451.65 5726.22 5999.04 6270.03 6539.11 16.61 309.81 602.90 895.81 1188.44 1480.70 1772.51 2063.77 2354.39 2644.30 2933.40 3221.59 3508.80 3794.94 4079.92 4363.65 4646.05 4927.03 5206.50 5484.39 5760.60 6035.05 6307.66 6578.35 16.81 311.75 606.59 901.24 1195.61 1489.61 1783.15 2076.15 2368.51 2660.14 2950.95 3240.86 3529.79 3817.63 4104.30 4389.72 4673.80 4956.45 5237.58 5517.12 5794.97 6071.06 6345.29 6617.59 17.01 313.70 610.28 906.67 1202.79 1498.53 1793.81 2088.53 2382.62 2675.98 2968.51 3260.14 3550.77 3840.31 4128.68 4415.79 4701.54 4985.87 5268.67 5549.86 5829.35 6107.07 6382.92 6656.83 17.21 315.64 613.97 912.11 1209.96 1507.44 1804.46 2100.92 2396.73 2691.81 2986.07 3279.41 3571.75 3863.00 4153.06 4441.86 4729.29 5015.29 5299.75 5582.59 5863.73 6143.08 6420.56 6696.07 17.41 317.59 617.66 917.54 1217.14 1516.36 1815.11 2113.30 2410.85 2707.65 3003.63 3298.69 3592.73 3885.68 4177.44 4467.93 4757.04 5044.71 5330.83 5615.33 5898.11 6179.09 6458.19 6735.32 17.62 319.54 621.35 922.98 1224.32 1525.27 1825.76 2125.69 2424.96 2723.50 3021.19 3317.96 3613.72 3908.37 4201.83 4494.00 4784.79 5074.13 5361.92 5648.07 5932.49 6215.11 6495.83 6774.56 17.82 321.49 625.05 928.42 1231.49 1534.19 1836.42 2138.08 2439.08 2739.34 3038.76 3337.24 3634.71 3931.06 4226.21 4520.07 4812.55 5103.56 5393.00 5680.81 5966.88 6251.12 6533.46 6813.81 18.03 323.44 628.74 933.85 1238.67 1543.11 1847.07 2150.47 2453.20 2755.18 3056.32 3356.52 3655.69 3953.75 4250.60 4546.14 4840.30 5132.98 5424.09 5713.55 6001.26 6287.14 6571.10 6853.06 18.23 325.39 632.44 939.29 1245.86 1552.03 1857.73 2162.86 2467.32 2771.03 3073.88 3375.80 3676.68 3976.44 4274.98 4572.22 4868.06 5162.41 5455.18 5746.29 6035.64 6323.16 6608.74 6892.30 18.44 327.34 636.14 944.73 1253.04 1560.95 1868.39 2175.25 2481.44 2786.87 3091.45 3395.08 3697.67 3999.13 4299.37 4598.29 4895.81 5191.83 5486.27 5779.03 6070.03 6359.17 6646.38 6931.55 18.65 329.30 639.84 950.18 1260.22 1569.88 1879.05 2187.64 2495.56 2802.72 3109.02 3414.36 3718.66 4021.83 4323.76 4624.37 4923.57 5221.26 5517.36 5811.77 6104.41 6395.19 6684.02 6970.80 18.86 331.25 643.54 955.62 1267.41 1578.80 1889.71 2200.04 2509.69 2818.57 3126.59 3433.65 3739.66 4044.52 4348.15 4650.45 4951.33 5250.69 5548.45 5844.52 6138.80 6431.21 6721.66 7010.05 19.07 333.21 647.24 961.06 1274.59 1587.73 1900.37 2212.43 2523.81 2834.42 3144.16 3452.93 3760.65 4067.22 4372.54 4676.53 4979.08 5280.12 5579.54 5877.26 6173.19 6467.23 6759.30 7049.31 19.28 335.17 650.94 966.51 1281.78 1596.65 1911.03 2224.83 2537.94 2850.27 3161.73 3472.22 3781.64 4089.91 4396.93 4702.61 5006.84 5309.55 5610.64 5910.01 6207.58 6503.25 6796.94 7088.56 19.50 337.12 654.64 971.96 1288.97 1605.58 1921.70 2237.22 2552.06 2866.12 3179.30 3491.50 3802.64 4112.61 4421.32 4728.69 5034.60 5338.98 5641.73 5942.76 6241.97 6539.28 6834.59 7127.81 19.71 339.08 658.35 977.40 1296.16 1614.51 1932.36 2249.62 2566.19 2881.97 3196.87 3510.79 3823.64 4135.31 4445.72 4754.77 5062.37 5368.42 5672.83 5975.51 6276.36 6575.30 6872.23 7167.07 19.93 341.05 662.05 982.85 1303.35 1623.44 1943.03 2262.02 2580.32 2897.83 3214.45 3530.08 3844.63 4158.01 4470.11 4780.85 5090.13 5397.85 5703.93 6008.26 6310.75 6611.33 6909.88 7206.32 20.14 343.01 665.76 988.30 1310.54 1632.37 1953.70 2274.42 2594.45 2913.68 3232.02 3549.37 3865.63 4180.71 4494.51 4806.94 5117.89 5427.29 5735.02 6041.01 6345.15 6647.35 6947.53 7245.58 20.36 344.97 669.47 993.75 1317.73 1641.30 1964.37 2286.83 2608.58 2929.54 3249.60 3568.66 3886.63 4203.41 4518.91 4833.02 5145.66 5456.72 5766.12 6073.76 6379.54 6683.38 6985.17 7284.84 20.58 346.94 673.18 999.21 1324.93 1650.23 1975.04 2299.23 2622.71 2945.40 3267.18 3587.95 3907.63 4226.12 4543.31 4859.11 5173.43 5486.16 5797.22 6106.51 6413.94 6719.41 7022.82 7324.10 20.80 348.90 676.89 1004.66 1332.12 1659.17 1985.71 2311.63 2636.85 2961.26 3284.75 3607.25 3928.63 4248.82 4567.71 4885.20 5201.19 5515.60 5828.32 6139.27 6448.33 6755.43 7060.47 7363.36 21.03 350.87 680.60 1010.11 1339.32 1668.11 1996.38 2324.04 2650.98 2977.12 3302.33 3626.54 3949.64 4271.53 4592.11 4911.29 5228.96 5545.04 5859.43 6172.02 6482.73 6791.46 7098.12 7402.62 21.25 352.84 684.31 1015.57 1346.51 1677.04 2007.05 2336.44 2665.12 2992.98 3319.92 3645.84 3970.64 4294.23 4616.51 4937.38 5256.73 5574.48 5890.53 6204.78 6517.13 6827.50 7135.78 7441.88 21.47 354.81 688.03 1021.03 1353.71 1685.98 2017.73 2348.85 2679.26 3008.84 3337.50 3665.13 3991.65 4316.94 4640.91 4963.47 5284.50 5603.92 5921.63 6237.53 6551.53 6863.53 7173.43 7481.14 21.70 356.78 691.74 1026.49 1360.91 1694.92 2028.40 2361.26 2693.39 3024.70 3355.08 3684.43 4012.65 4339.65 4665.32 4989.56 5312.27 5633.37 5952.74 6270.29 6585.93 6899.56 7211.08 7520.41 21.92 358.75 695.46 1031.95 1368.11 1703.86 2039.08 2373.67 2707.53 3040.57 3372.67 3703.73 4033.66 4362.36 4689.72 5015.65 5340.05 5662.81 5983.85 6303.05 6620.33 6935.59 7248.74 7559.67 22.15 360.72 699.17 1037.41 1375.32 1712.80 2049.76 2386.08 2721.67 3056.43 3390.25 3723.03 4054.67 4385.07 4714.13 5041.75 5367.82 5692.26 6014.95 6335.81 6654.74 6971.63 7286.40 7598.94 22.38 362.70 702.89 1042.87 1382.52 1721.74 2060.44 2398.50 2735.82 3072.30 3407.84 3742.33 4075.68 4407.78 4738.54 5067.84 5395.60 5721.70 6046.06 6368.57 6689.14 7007.67 7324.05 7638.20 22.61 364.67 706.61 1048.33 1389.72 1730.69 2071.12 2410.91 2749.96 3088.17 3425.43 3761.64 4096.69 4430.50 4762.95 5093.94 5423.37 5751.15 6077.17 6401.34 6723.55 7043.70 7361.71 7677.47 22.84 366.65 710.33 1053.80 1396.93 1739.63 2081.80 2423.32 2764.10 3104.03 3443.01 3780.94 4117.71 4453.21 4787.36 5120.04 5451.15 5780.60 6108.28 6434.10 6757.95 7079.74 7399.37 7716.74 23.08 368.63 714.06 1059.26 1404.14 1748.58 2092.48 2435.74 2778.25 3119.91 3460.60 3800.24 4138.72 4475.93 4811.77 5146.13 5478.93 5810.05 6139.39 6466.86 6792.36 7115.78 7437.03 7756.01 23.31 370.60 717.78 1064.73 1411.35 1757.53 2103.17 2448.16 2792.39 3135.78 3478.20 3819.55 4159.73 4498.64 4836.18 5172.23 5506.71 5839.50 6170.51 6499.63 6826.77 7151.82 7474.69 7795.28 23.54 372.58 721.50 1070.20 1418.56 1766.48 2113.85 2460.57 2806.54 3151.65 3495.79 3838.86 4180.75 4521.36 4860.59 5198.33 5534.49 5868.95 6201.62 6532.40 6861.18 7187.86 7512.35 7834.55 23.78 374.57 725.23 1075.66 1425.77 1775.43 2124.54 2472.99 2820.69 3167.52 3513.38 3858.16 4201.77 4544.08 4885.01 5224.44 5562.27 5898.40 6232.74 6565.16 6895.59 7223.90 7550.02 7873.83 24.02 376.55 728.96 1081.13 1432.98 1784.38 2135.22 2485.41 2834.84 3183.40 3530.98 3877.47 4222.78 4566.80 4909.42 5250.54 5590.05 5927.86 6263.85 6597.93 6930.00 7259.95 7587.68 7913.10 24.26 378.53 732.68 1086.61 1440.19 1793.33 2145.91 2497.84 2848.99 3199.27 3548.57 3896.78 4243.80 4589.52 4933.84 5276.64 5617.84 5957.31 6294.97 6630.70 6964.41 7295.99 7625.35 7952.38 24.50 380.52 736.41 1092.08 1447.40 1802.28 2156.60 2510.26 2863.14 3215.15 3566.17 3916.10 4264.82 4612.24 4958.25 5302.75 5645.62 5986.77 6326.09 6663.47 6998.82 7332.04 7663.01 7991.65 24.74 382.50 740.14 1097.55 1454.62 1811.24 2167.29 2522.68 2877.30 3231.03 3583.77 3935.41 4285.84 4634.97 4982.67 5328.86 5673.41 6016.23 6357.21 6696.24 7033.24 7368.08 7700.68 8030.93 24.98 384.49 743.87 1103.03 1461.84 1820.19 2177.99 2535.11 2891.45 3246.91 3601.37 3954.72 4306.87 4657.69 5007.09 5354.96 5701.19 6045.68 6388.33 6729.02 7067.65 7404.13 7738.35 8070.21 25.22 386.48 747.61 1108.50 1469.05 1829.15 2188.68 2547.53 2905.61 3262.79 3618.97 3974.04 4327.89 4680.42 5031.51 5381.07 5728.98 6075.14 6419.45 6761.79 7102.07 7440.18 7776.02 8109.48 25.47 388.47 751.34 1113.98 1476.27 1838.11 2199.37 2559.96 2919.76 3278.67 3636.57 3993.35 4348.92 4703.15 5055.94 5407.18 5756.77 6104.60 6450.57 6794.57 7136.49 7476.23 7813.69 8148.76 25.71 390.46 755.08 1119.46 1483.49 1847.06 2210.07 2572.39 2933.92 3294.55 3654.17 4012.67 4369.94 4725.87 5080.36 5433.29 5784.56 6134.06 6481.69 6827.34 7170.91 7512.28 7851.36 8188.05 25.96 392.45 758.81 1124.94 1490.71 1856.03 2220.76 2584.82 2948.08 3310.44 3671.78 4031.99 4390.97 4748.60 5104.78 5459.40 5812.35 6163.53 6512.82 6860.12 7205.32 7548.33 7889.03 8227.33 26.21 394.44 762.55 1130.42 1497.93 1864.99 2231.46 2597.25 2962.24 3326.32 3689.38 4051.31 4412.00 4771.33 5129.21 5485.52 5840.15 6192.99 6543.94 6892.90 7239.75 7584.38 7926.71 8266.61 26.45 396.44 766.29 1135.90 1505.16 1873.95 2242.16 2609.68 2976.40 3342.21 3706.99 4070.63 4433.03 4794.06 5153.64 5511.63 5867.94 6222.46 6575.07 6925.68 7274.17 7620.44 7964.38 8305.89 26.70 398.43 770.03 1141.38 1512.38 1882.91 2252.86 2622.12 2990.56 3358.09 3724.59 4089.95 4454.06 4816.80 5178.06 5537.74 5895.73 6251.92 6606.20 6958.46 7308.59 7656.49 8002.06 8345.18 26.96 400.43 773.77 1146.87 1519.61 1891.88 2263.56 2634.55 3004.73 3373.98 3742.20 4109.27 4475.09 4839.53 5202.49 5563.86 5923.53 6281.39 6637.33 6991.24 7343.01 7692.55 8039.73 8384.46 27.21 402.43 777.51 1152.35 1526.84 1900.84 2274.27 2646.99 3018.89 3389.87 3759.81 4128.60 4496.12 4862.26 5226.92 5589.98 5951.33 6310.86 6668.46 7024.02 7377.44 7728.60 8077.41 8423.75 27.46 404.42 781.26 1157.84 1534.06 1909.81 2284.97 2659.42 3033.06 3405.76 3777.42 4147.92 4517.15 4885.00 5251.35 5616.10 5979.12 6340.32 6699.59 7056.80 7411.86 7764.66 8115.09 8463.04 27.72 406.42 785.00 1163.33 1541.29 1918.78 2295.67 2671.86 3047.23 3421.66 3795.03 4167.25 4538.19 4907.74 5275.78 5642.22 6006.92 6369.79 6730.72 7089.59 7446.29 7800.72 8152.77 8502.33 27.97 408.43 788.75 1168.82 1548.52 1927.75 2306.38 2684.30 3061.39 3437.55 3812.65 4186.58 4559.22 4930.47 5300.22 5668.34 6034.72 6399.27 6761.85 7122.37 7480.72 7836.78 8190.45 8541.62 28.23 410.43 792.49 1174.31 1555.75 1936.72 2317.09 2696.74 3075.56 3453.44 3830.26 4205.91 4580.26 4953.21 5324.65 5694.46 6062.52 6428.74 6792.99 7155.16 7515.15 7872.84 8228.13 8580.91 28.49 412.43 796.24 1179.80 1562.99 1945.69 2327.80 2709.18 3089.73 3469.34 3847.88 4225.24 4601.30 4975.95 5349.09 5720.58 6090.33 6458.21 6824.12 7187.95 7549.58 7908.90 8265.81 8620.20 28.75 414.44 799.99 1185.29 1570.22 1954.66 2338.51 2721.62 3103.91 3485.23 3865.49 4244.57 4622.34 4998.70 5373.52 5746.70 6118.13 6487.69 6855.26 7220.74 7584.01 7944.96 8303.50 8659.49 29.01 416.44 803.74 1190.78 1577.46 1963.64 2349.22 2734.07 3118.08 3501.13 3883.11 4263.90 4643.38 5021.44 5397.96 5772.83 6145.93 6517.16 6886.39 7253.52 7618.44 7981.03 8341.18 8698.79 29.27 418.45 807.49 1196.28 1584.69 1972.61 2359.93 2746.51 3132.25 3517.03 3900.73 4283.23 4664.42 5044.18 5422.40 5798.96 6173.74 6546.64 6917.53 7286.32 7652.87 8017.09 8378.87 8738.08 29.53 420.46 811.24 1201.77 1591.93 1981.59 2370.64 2758.96 3146.43 3532.93 3918.35 4302.57 4685.46 5066.93 5446.84 5825.08 6201.55 6576.11 6948.67 7319.11 7687.31 8053.16 8416.55 8777.38 29.80 422.47 815.00 1207.27 1599.17 1990.57 2381.35 2771.41 3160.60 3548.83 3935.97 4321.90 4706.51 5089.67 5471.28 5851.21 6229.35 6605.59 6979.81 7351.90 7721.74 8089.23 8454.24 8816.67 30.06 424.48 818.75 1212.77 1606.41 1999.55 2392.07 2783.85 3174.78 3564.73 3953.59 4341.24 4727.55 5112.42 5495.72 5877.34 6257.16 6635.07 7010.95 7384.69 7756.18 8125.29 8491.93 8855.97 30.33 426.49 822.51 1218.27 1613.65 2008.53 2402.79 2796.30 3188.96 3580.64 3971.22 4360.58 4748.60 5135.17 5520.16 5903.47 6284.97 6664.55 7042.10 7417.49 7790.61 8161.36 8529.62 8895.27 30.60 428.50 826.27 1223.77 1620.89 2017.51 2413.50 2808.75 3203.14 3596.54 3988.84 4379.91 4769.65 5157.92 5544.61 5929.60 6312.78 6694.04 7073.24 7450.28 7825.05 8197.43 8567.31 8934.57 30.87 430.52 830.02 1229.27 1628.13 2026.49 2424.22 2821.21 3217.32 3612.45 4006.47 4399.25 4790.69 5180.67 5569.05 5955.74 6340.60 6723.52 7104.39 7483.08 7859.49 8233.50 8605.00 8973.87 31.14 432.53 833.78 1234.77 1635.38 2035.48 2434.94 2833.66 3231.50 3628.35 4024.09 4418.59 4811.74 5203.42 5593.50 5981.87 6368.41 6753.00 7135.53 7515.88 7893.93 8269.57 8642.69 9013.17 31.41 434.55 837.55 1240.28 1642.62 2044.46 2445.66 2846.11 3245.69 3644.26 4041.72 4437.94 4832.79 5226.17 5617.95 6008.00 6396.22 6782.49 7166.68 7548.68 7928.37 8305.65 8680.39 9052.47 31.68 436.57 841.31 1245.78 1649.87 2053.45 2456.39 2858.57 3259.87 3660.17 4059.35 4457.28 4853.85 5248.92 5642.39 6034.14 6424.04 6811.97 7197.83 7581.48 7962.82 8341.72 8718.08 9091.78 31.95 438.58 845.07 1251.29 1657.12 2062.43 2467.11 2871.03 3274.06 3676.08 4076.98 4476.62 4874.90 5271.68 5666.84 6060.28 6451.85 6841.46 7228.97 7614.28 7997.26 8377.80 8755.78 9131.08 32.23 440.60 848.84 1256.80 1664.37 2071.42 2477.83 2883.48 3288.24 3691.99 4094.61 4495.97 4895.95 5294.43 5691.30 6086.41 6479.67 6870.95 7260.12 7647.08 8031.70 8413.87 8793.47 9170.39 32.51 442.63 852.60 1262.31 1671.62 2080.41 2488.56 2895.94 3302.43 3707.91 4112.24 4515.32 4917.01 5317.19 5715.75 6112.55 6507.49 6900.44 7291.28 7679.89 8066.15 8449.95 8831.17 9209.69 32.78 444.65 856.37 1267.82 1678.87 2089.40 2499.29 2908.40 3316.62 3723.82 4129.88 4534.66 4938.06 5339.95 5740.20 6138.69 6535.31 6929.93 7322.43 7712.69 8100.60 8486.03 8868.87 9249.00 33.06 446.67 860.14 1273.33 1686.12 2098.39 2510.01 2920.86 3330.81 3739.73 4147.51 4554.01 4959.12 5362.71 5764.65 6164.84 6563.13 6959.42 7353.58 7745.50 8135.04 8522.11 8906.57 9288.31 33.34 448.70 863.90 1278.84 1693.38 2107.39 2520.74 2933.32 3345.00 3755.65 4165.15 4573.36 4980.18 5385.47 5789.11 6190.98 6590.95 6988.91 7384.74 7778.30 8169.49 8558.19 8944.27 9327.62 33.62 450.72 867.68 1284.35 1700.63 2116.38 2531.47 2945.79 3359.19 3771.57 4182.78 4592.72 5001.24 5408.23 5813.57 6217.12 6618.78 7018.41 7415.89 7811.11 8203.94 8594.27 8981.97 9366.93 33.90 452.75 871.45 1289.87 1707.89 2125.38 2542.21 2958.25 3373.39 3787.49 4200.42 4612.07 5022.30 5430.99 5838.02 6243.27 6646.60 7047.90 7447.05 7843.92 8238.39 8630.35 9019.67 9406.24 34.19 454.78 875.22 1295.38 1715.14 2134.37 2552.94 2970.72 3387.58 3803.41 4218.06 4631.42 5043.36 5453.76 5862.48 6269.41 6674.42 7077.40 7478.20 7876.73 8272.84 8666.43 9057.38 9445.56 34.47 456.81 878.99 1300.90 1722.40 2143.37 2563.67 2983.19 3401.78 3819.33 4235.70 4650.78 5064.42 5476.52 5886.94 6295.56 6702.25 7106.89 7509.36 7909.54 8307.30 8702.52 9095.08 9484.87 34.76 458.84 882.77 1306.42 1729.66 2152.37 2574.41 2995.65 3415.98 3835.25 4253.34 4670.13 5085.49 5499.29 5911.40 6321.71 6730.08 7136.39 7540.52 7942.35 8341.75 8738.60 9132.79 9524.18 35.04 460.87 886.54 1311.94 1736.92 2161.37 2585.14 3008.12 3430.17 3851.17 4270.98 4689.49 5106.55 5522.05 5935.86 6347.86 6757.91 7165.89 7571.68 7975.16 8376.20 8774.69 9170.49 9563.50 35.33 462.90 890.32 1317.46 1744.19 2170.37 2595.88 3020.59 3444.37 3867.10 4288.63 4708.85 5127.62 5544.82 5960.33 6374.01 6785.74 7195.39 7602.84 8007.98 8410.66 8810.78 9208.20 9602.82 35.62 464.94 894.10 1322.98 1751.45 2179.37 2606.62 3033.06 3458.57 3883.02 4306.27 4728.21 5148.69 5567.59 5984.79 6400.16 6813.57 7224.89 7634.01 8040.79 8445.12 8846.86 9245.91 9642.13 35.91 466.97 897.88 1328.50 1758.71 2188.38 2617.36 3045.54 3472.78 3898.95 4323.92 4747.57 5169.76 5590.36 6009.26 6426.31 6841.40 7254.39 7665.17 8073.61 8479.58 8882.95 9283.62 9681.45 36.20 469.01 901.66 1334.03 1765.98 2197.38 2628.10 3058.01 3486.98 3914.87 4341.57 4766.93 5190.83 5613.13 6033.72 6452.46 6869.23 7283.90 7696.34 8106.42 8514.03 8919.04 9321.33 9720.77 36.49 471.05 905.44 1339.55 1773.25 2206.39 2638.84 3070.49 3501.18 3930.80 4359.22 4786.29 5211.90 5635.91 6058.19 6478.62 6897.06 7313.40 7727.50 8139.24 8548.49 8955.14 9359.04 9760.09 36.79 473.08 909.23 1345.08 1780.51 2215.39 2649.59 3082.96 3515.39 3946.73 4376.86 4805.65 5232.97 5658.68 6082.66 6504.77 6924.90 7342.91 7758.67 8172.06 8582.96 8991.23 9396.76 9799.41 37.08 475.12 913.01 1350.61 1787.78 2224.40 2660.33 3095.44 3529.59 3962.66 4394.52 4825.02 5254.04 5681.45 6107.13 6530.93 6952.73 7372.41 7789.84 8204.88 8617.42 9027.32 9434.47 9838.74 37.38 477.17 916.80 1356.14 1795.05 2233.41 2671.08 3107.92 3543.80 3978.60 4412.17 4844.38 5275.12 5704.23 6131.60 6557.09 6980.57 7401.92 7821.01 8237.70 8651.88 9063.42 9472.18 9878.06 37.68 479.21 920.58 1361.67 1802.32 2242.42 2681.82 3120.40 3558.01 3994.53 4429.82 4863.75 5296.19 5727.01 6156.07 6583.25 7008.41 7431.43 7852.18 8270.52 8686.34 9099.51 9509.90 9917.38 37.97 481.25 924.37 1367.20 1809.60 2251.43 2692.57 3132.88 3572.22 4010.46 4447.47 4883.12 5317.27 5749.79 6180.54 6609.41 7036.25 7460.94 7883.35 8303.35 8720.81 9135.61 9547.62 9956.71 38.27 483.30 928.16 1372.73 1816.87 2260.44 2703.32 3145.36 3586.43 4026.40 4465.13 4902.49 5338.34 5772.56 6205.02 6635.57 7064.09 7490.45 7914.52 8336.17 8755.28 9171.71 9585.33 9996.04 38.57 485.34 931.95 1378.26 1824.14 2269.46 2714.07 3157.84 3600.64 4042.34 4482.79 4921.86 5359.42 5795.34 6229.49 6661.73 7091.93 7519.96 7945.69 8369.00 8789.74 9207.80 9623.05 10035.36 38.88 487.39 935.74 1383.80 1831.42 2278.47 2724.82 3170.33 3614.86 4058.27 4500.44 4941.23 5380.50 5818.13 6253.97 6687.89 7119.77 7549.47 7976.87 8401.82 8824.21 9243.90 9660.77 10074.69 39.18 489.44 939.53 1389.33 1838.70 2287.49 2735.57 3182.81 3629.07 4074.21 4518.10 4960.60 5401.58 5840.91 6278.44 6714.06 7147.62 7578.99 8008.04 8434.65 8858.68 9280.00 9698.49 10114.02 39.48 491.49 943.33 1394.87 1845.98 2296.51 2746.33 3195.30 3643.29 4090.15 4535.76 4979.98 5422.67 5863.69 6302.92 6740.22 7175.46 7608.50 8039.22 8467.48 8893.15 9316.11 9736.22 10153.35 39.79 493.54 947.12 1400.41 1853.26 2305.53 2757.08 3207.79 3657.50 4106.09 4553.42 4999.35 5443.75 5886.48 6327.40 6766.39 7203.31 7638.02 8070.40 8500.31 8927.62 9352.21 9773.94 10192.68 40.10 495.59 950.92 1405.95 1860.54 2314.55 2767.84 3220.28 3671.72 4122.04 4571.08 5018.73 5464.83 5909.26 6351.88 6792.56 7231.15 7667.54 8101.58 8533.14 8962.09 9388.31 9811.66 10232.02 40.40 497.64 954.72 1411.49 1867.82 2323.57 2778.60 3232.77 3685.94 4137.98 4588.75 5038.11 5485.92 5932.05 6376.36 6818.73 7259.00 7697.06 8132.76 8565.97 8996.57 9424.42 9849.39 10271.35 40.71 499.70 958.52 1417.03 1875.10 2332.59 2789.35 3245.26 3700.16 4153.92 4606.41 5057.48 5507.01 5954.84 6400.85 6844.90 7286.85 7726.57 8163.94 8598.80 9031.04 9460.52 9887.11 10310.68 41.02 501.75 962.32 1422.57 1882.39 2341.61 2800.11 3257.75 3714.38 4169.87 4624.08 5076.86 5528.09 5977.63 6425.33 6871.07 7314.70 7756.10 8195.12 8631.64 9065.52 9496.63 9924.84 10350.02 41.33 503.81 966.12 1428.12 1889.67 2350.64 2810.87 3270.24 3728.60 4185.82 4641.74 5096.24 5549.18 6000.42 6449.82 6897.24 7342.55 7785.62 8226.30 8664.47 9099.99 9532.74 9962.57 10389.36 41.65 505.87 969.92 1433.66 1896.96 2359.66 2821.64 3282.74 3742.83 4201.76 4659.41 5115.63 5570.27 6023.21 6474.30 6923.41 7370.40 7815.14 8257.49 8697.31 9134.47 9568.85 10000.30 10428.69 41.96 507.92 973.72 1439.21 1904.25 2368.69 2832.40 3295.23 3757.05 4217.71 4677.08 5135.01 5591.36 6046.00 6498.79 6949.59 7398.26 7844.66 8288.67 8730.14 9168.95 9604.95 10038.03 10468.03 42.28 509.98 977.53 1444.76 1911.53 2377.72 2843.16 3307.73 3771.28 4233.66 4694.75 5154.39 5612.46 6068.80 6523.28 6975.76 7426.11 7874.19 8319.86 8762.98 9203.43 9641.07 10075.76 10507.37 42.59 512.05 981.33 1450.31 1918.82 2386.75 2853.93 3320.23 3785.50 4249.62 4712.42 5173.78 5633.55 6091.59 6547.77 7001.94 7453.97 7903.71 8351.04 8795.82 9237.91 9677.18 10113.49 10546.71 42.91 514.11 985.14 1455.86 1926.12 2395.78 2864.69 3332.73 3799.73 4265.57 4730.09 5193.16 5654.64 6114.39 6572.26 7028.12 7481.82 7933.24 8382.23 8828.66 9272.39 9713.29 10151.22 10586.05 43.23 516.17 988.95 1461.41 1933.41 2404.81 2875.46 3345.23 3813.96 4281.52 4747.77 5212.55 5675.74 6137.18 6596.75 7054.29 7509.68 7962.77 8413.42 8861.50 9306.88 9749.40 10188.96 10625.40 43.55 518.24 992.76 1466.96 1940.70 2413.84 2886.23 3357.73 3828.19 4297.48 4765.44 5231.94 5696.83 6159.98 6621.24 7080.47 7537.54 7992.30 8444.61 8894.34 9341.36 9785.52 10226.69 10664.74 43.87 520.30 996.57 1472.51 1948.00 2422.87 2897.00 3370.23 3842.42 4313.43 4783.12 5251.33 5717.93 6182.78 6645.74 7106.66 7565.40 8021.83 8475.80 8927.19 9375.84 9821.64 10264.43 10704.08 44.19 522.37 1000.38 1478.07 1955.29 2431.91 2907.77 3382.74 3856.66 4329.39 4800.79 5270.72 5739.03 6205.58 6670.23 7132.84 7593.26 8051.36 8507.00 8960.03 9410.33 9857.75 10302.16 10743.43 44.51 524.44 1004.19 1483.62 1962.59 2440.95 2918.54 3395.24 3870.89 4345.35 4818.47 5290.11 5760.13 6228.38 6694.73 7159.02 7621.12 8080.89 8538.19 8992.88 9444.82 9893.87 10339.90 10782.78 44.84 526.51 1008.00 1489.18 1969.89 2449.98 2929.32 3407.75 3885.13 4361.31 4836.15 5309.51 5781.23 6251.19 6719.22 7185.20 7648.98 8110.42 8569.38 9025.72 9479.30 9929.99 10377.64 10822.12 45.16 528.58 1011.82 1494.74 1977.19 2459.02 2940.09 3420.26 3899.36 4377.27 4853.83 5328.90 5802.34 6273.99 6743.72 7211.39 7676.85 8139.96 8600.58 9058.57 9513.79 9966.11 10415.38 10861.47 45.49 530.65 1015.63 1500.30 1984.49 2468.06 2950.87 3432.76 3913.60 4393.23 4871.51 5348.30 5823.44 6296.80 6768.22 7237.58 7704.71 8169.49 8631.78 9091.42 9548.28 10002.23 10453.12 10900.82 45.82 532.72 1019.45 1505.86 1991.79 2477.10 2961.65 3445.27 3927.84 4409.19 4889.19 5367.69 5844.54 6319.60 6792.72 7263.76 7732.58 8199.03 8662.97 9124.27 9582.77 10038.35 10490.86 10940.17 46.15 534.80 1023.27 1511.42 1999.09 2486.14 2972.42 3457.78 3942.08 4425.16 4906.88 5387.09 5865.65 6342.41 6817.22 7289.95 7760.45 8228.57 8694.17 9157.12 9617.27 10074.47 10528.61 10979.52 46.48 536.87 1027.09 1516.98 2006.40 2495.19 2983.20 3470.30 3956.32 4441.12 4924.56 5406.49 5886.76 6365.22 6841.73 7316.14 7788.32 8258.11 8725.37 9189.97 9651.76 10110.60 10566.35 11018.87 46.81 538.95 1030.91 1522.55 2013.70 2504.23 2993.98 3482.81 3970.56 4457.09 4942.25 5425.89 5907.86 6388.03 6866.23 7342.33 7816.19 8287.65 8756.57 9222.82 9686.25 10146.72 10604.10 11058.23 47.14 541.03 1034.73 1528.11 2021.01 2513.28 3004.76 3495.32 3984.80 4473.06 4959.94 5445.29 5928.97 6410.84 6890.74 7368.52 7844.06 8317.19 8787.78 9255.68 9720.75 10182.85 10641.84 11097.58 47.47 543.11 1038.56 1533.68 2028.32 2522.32 3015.55 3507.84 3999.05 4489.03 4977.62 5464.69 5950.08 6433.65 6915.24 7394.72 7871.93 8346.73 8818.98 9288.53 9755.24 10218.98 10679.59 11136.94 47.81 545.19 1042.38 1539.24 2035.62 2531.37 3026.33 3520.36 4013.29 4505.00 4995.31 5484.10 5971.19 6456.46 6939.75 7420.91 7899.80 8376.27 8850.18 9321.39 9789.74 10255.11 10717.34 11176.29 48.15 547.27 1046.21 1544.81 2042.93 2540.42 3037.12 3532.87 4027.54 4520.97 5013.00 5503.50 5992.31 6479.27 6964.26 7447.11 7927.67 8405.82 8881.39 9354.24 9824.24 10291.23 10755.09 11215.65 48.48 549.35 1050.03 1550.38 2050.25 2549.47 3047.90 3545.39 4041.79 4536.94 5030.70 5522.91 6013.42 6502.09 6988.77 7473.30 7955.55 8435.36 8912.59 9387.10 9858.74 10327.37 10792.84 11255.01 48.82 551.43 1053.86 1555.95 2057.56 2558.52 3058.69 3557.91 4056.04 4552.91 5048.39 5542.31 6034.53 6524.91 7013.28 7499.50 7983.43 8464.91 8943.80 9419.96 9893.24 10363.50 10830.59 11294.37 49.16 553.52 1057.69 1561.53 2064.87 2567.57 3069.48 3570.43 4070.29 4568.89 5066.08 5561.72 6055.65 6547.72 7037.79 7525.70 8011.30 8494.46 8975.01 9452.82 9927.74 10399.63 10868.34 11333.73 49.50 555.60 1061.52 1567.10 2072.19 2576.63 3080.27 3582.96 4084.54 4584.86 5083.78 5581.13 6076.77 6570.54 7062.30 7551.90 8039.18 8524.00 9006.22 9485.68 9962.24 10435.76 10906.09 11373.09 49.84 557.69 1065.35 1572.67 2079.50 2585.68 3091.06 3595.48 4098.79 4600.84 5101.47 5600.54 6097.88 6593.36 7086.81 7578.10 8067.06 8553.55 9037.43 9518.54 9996.75 10471.90 10943.85 11412.45 50.19 559.78 1069.18 1578.25 2086.82 2594.74 3101.85 3608.01 4113.05 4616.82 5119.17 5619.95 6119.00 6616.18 7111.33 7604.30 8094.94 8583.10 9068.64 9551.41 10031.25 10508.03 10981.60 11451.82 50.53 561.87 1073.02 1583.83 2094.14 2603.80 3112.64 3620.53 4127.30 4632.80 5136.87 5639.36 6140.12 6639.00 7135.85 7630.50 8122.82 8612.66 9099.85 9584.27 10065.76 10544.17 11019.36 11491.18 50.88 563.96 1076.85 1589.40 2101.46 2612.85 3123.44 3633.06 4141.56 4648.78 5154.57 5658.78 6161.25 6661.83 7160.36 7656.71 8150.70 8642.21 9131.07 9617.14 10100.26 10580.31 11057.11 11530.55 51.22 566.05 1080.69 1594.98 2108.78 2621.91 3134.23 3645.59 4155.81 4664.76 5172.27 5678.19 6182.37 6684.65 7184.88 7682.91 8178.59 8671.76 9162.28 9650.00 10134.77 10616.44 11094.87 11569.91 51.57 568.14 1084.53 1600.56 2116.10 2630.97 3145.03 3658.12 4170.07 4680.74 5189.97 5697.61 6203.49 6707.47 7209.40 7709.12 8206.47 8701.32 9193.50 9682.87 10169.28 10652.58 11132.63 11609.28 51.92 570.24 1088.37 1606.15 2123.42 2640.04 3155.83 3670.65 4184.33 4696.73 5207.67 5717.02 6224.62 6730.30 7233.92 7735.32 8234.36 8730.87 9224.72 9715.74 10203.79 10688.72 11170.39 11648.65 52.27 572.33 1092.21 1611.73 2130.75 2649.10 3166.63 3683.18 4198.59 4712.71 5225.38 5736.44 6245.74 6753.13 7258.44 7761.53 8262.25 8760.43 9255.93 9748.61 10238.30 10724.86 11208.15 11688.02 52.62 574.43 1096.05 1617.31 2138.07 2658.16 3177.43 3695.71 4212.85 4728.70 5243.08 5755.86 6266.87 6775.96 7282.96 7787.74 8290.13 8789.99 9287.15 9781.48 10272.81 10761.01 11245.91 11727.39 52.97 576.53 1099.89 1622.90 2145.40 2667.23 3188.23 3708.25 4227.12 4744.68 5260.79 5775.28 6288.00 6798.79 7307.49 7813.95 8318.02 8819.55 9318.37 9814.35 10307.33 10797.15 11283.68 11766.76 53.33 578.63 1103.73 1628.48 2152.73 2676.29 3199.03 3720.78 4241.38 4760.67 5278.50 5794.70 6309.13 6821.62 7332.01 7840.16 8345.91 8849.11 9349.59 9847.22 10341.84 10833.30 11321.44 11806.13 53.68 580.73 1107.58 1634.07 2160.05 2685.36 3209.84 3733.32 4255.64 4776.66 5296.21 5814.12 6330.26 6844.45 7356.54 7866.38 8373.80 8878.67 9380.82 9880.10 10376.35 10869.44 11359.21 11845.50 54.04 582.83 1111.42 1639.66 2167.38 2694.43 3220.64 3745.85 4269.91 4792.65 5313.92 5833.55 6351.39 6867.28 7381.07 7892.59 8401.70 8908.23 9412.04 9912.97 10410.87 10905.59 11396.97 11884.88 54.40 584.93 1115.27 1645.25 2174.71 2703.50 3231.45 3758.39 4284.18 4808.64 5331.63 5852.97 6372.52 6890.11 7405.59 7918.80 8429.59 8937.79 9443.26 9945.85 10445.39 10941.74 11434.74 11924.25 54.75 587.03 1119.12 1650.84 2182.05 2712.57 3242.25 3770.93 4298.45 4824.64 5349.34 5872.40 6393.66 6912.95 7430.12 7945.02 8457.48 8967.36 9474.49 9978.72 10479.90 10977.88 11472.51 11963.63 55.11 589.14 1122.96 1656.43 2189.38 2721.64 3253.06 3783.47 4312.72 4840.63 5367.05 5891.83 6414.79 6935.79 7454.65 7971.24 8485.38 8996.92 9505.72 10011.60 10514.42 11014.03 11510.28 12003.01 55.47 591.24 1126.81 1662.03 2196.71 2730.72 3263.87 3796.02 4326.99 4856.62 5384.77 5911.25 6435.93 6958.62 7479.18 7997.46 8513.28 9026.49 9536.94 10044.48 10548.94 11050.18 11548.05 12042.38 55.84 593.35 1130.67 1667.62 2204.05 2739.79 3274.68 3808.56 4341.26 4872.62 5402.48 5930.68 6457.06 6981.46 7503.72 8023.67 8541.17 9056.06 9568.17 10077.36 10583.46 11086.34 11585.82 12081.76 56.20 595.46 1134.52 1673.22 2211.39 2748.87 3285.49 3821.10 4355.53 4888.62 5420.20 5950.11 6478.20 7004.30 7528.25 8049.89 8569.07 9085.63 9599.40 10110.24 10617.99 11122.49 11623.59 12121.14 56.56 597.57 1138.37 1678.81 2218.73 2757.95 3296.31 3833.65 4369.81 4904.62 5437.92 5969.55 6499.34 7027.14 7552.79 8076.12 8596.97 9115.20 9630.63 10143.12 10652.51 11158.64 11661.36 12160.53 56.93 599.68 1142.23 1684.41 2226.06 2767.02 3307.12 3846.20 4384.08 4920.62 5455.64 5988.98 6520.48 7049.98 7577.32 8102.34 8624.87 9144.77 9661.86 10176.00 10687.03 11194.80 11699.14 12199.91 57.30 601.79 1146.08 1690.01 2233.41 2776.10 3317.94 3858.74 4398.36 4936.62 5473.36 6008.41 6541.62 7072.83 7601.86 8128.56 8652.78 9174.34 9693.10 10208.89 10721.56 11230.95 11736.91 12239.29 57.66 603.90 1149.94 1695.61 2240.75 2785.18 3328.75 3871.29 4412.64 4952.62 5491.08 6027.85 6562.77 7095.67 7626.40 8154.79 8680.68 9203.91 9724.33 10241.77 10756.09 11267.11 11774.69 12278.67 58.03 606.02 1153.80 1701.21 2248.09 2794.26 3339.57 3883.84 4426.92 4968.62 5508.80 6047.28 6583.91 7118.51 7650.94 8181.01 8708.58 9233.49 9755.57 10274.66 10790.61 11303.27 11812.47 12318.06 58.40 608.13 1157.66 1706.82 2255.43 2803.35 3350.39 3896.39 4441.20 4984.63 5526.52 6066.72 6605.05 7141.36 7675.48 8207.24 8736.49 9263.06 9786.80 10307.55 10825.14 11339.43 11850.25 12357.45 58.78 610.25 1161.52 1712.42 2262.78 2812.43 3361.21 3908.95 4455.48 5000.63 5544.25 6086.16 6626.20 7164.21 7700.02 8233.47 8764.39 9292.64 9818.04 10340.44 10859.67 11375.59 11888.03 12396.83 59.15 612.37 1165.38 1718.02 2270.12 2821.52 3372.03 3921.50 4469.76 5016.64 5561.97 6105.60 6647.35 7187.06 7724.56 8259.70 8792.30 9322.22 9849.28 10373.32 10894.20 11411.75 11925.81 12436.22 59.52 614.49 1169.25 1723.63 2277.47 2830.60 3382.85 3934.06 4484.04 5032.65 5579.70 6125.04 6668.50 7209.91 7749.10 8285.93 8820.21 9351.79 9880.52 10406.22 10928.73 11447.91 11963.59 12475.61 59.90 616.61 1173.11 1729.24 2284.82 2839.69 3393.68 3946.61 4498.33 5048.66 5597.43 6144.48 6689.65 7232.76 7773.65 8312.16 8848.12 9381.37 9911.76 10439.11 10963.26 11484.07 12001.37 12515.00 60.27 618.73 1176.98 1734.85 2292.17 2848.78 3404.50 3959.17 4512.61 5064.67 5615.16 6163.92 6710.80 7255.61 7798.19 8338.39 8876.03 9410.95 9943.00 10472.00 10997.80 11520.24 12039.15 12554.39 60.65 620.85 1180.84 1740.46 2299.52 2857.87 3415.33 3971.73 4526.90 5080.68 5632.89 6183.37 6731.95 7278.46 7822.74 8364.62 8903.94 9440.54 9974.24 10504.89 11032.33 11556.40 12076.94 12593.78 61.03 622.97 1184.71 1746.07 2306.87 2866.96 3426.15 3984.29 4541.19 5096.69 5650.62 6202.81 6753.10 7301.31 7847.29 8390.86 8931.86 9470.12 10005.48 10537.79 11066.87 11592.57 12114.72 12633.18 61.41 625.10 1188.58 1751.68 2314.23 2876.05 3436.98 3996.85 4555.48 5112.70 5668.35 6222.26 6774.25 7324.17 7871.84 8417.09 8959.77 9499.70 10036.73 10570.68 11101.40 11628.73 12152.51 12672.57 61.79 627.22 1192.45 1757.29 2321.58 2885.15 3447.81 4009.41 4569.77 5128.72 5686.09 6241.71 6795.41 7347.03 7896.39 8443.33 8987.68 9529.29 10067.97 10603.58 11135.94 11664.90 12190.30 12711.97 62.17 629.35 1196.32 1762.91 2328.94 2894.24 3458.64 4021.97 4584.06 5144.73 5703.82 6261.16 6816.57 7369.88 7920.94 8469.57 9015.60 9558.87 10099.22 10636.48 11170.48 11701.07 12228.08 12751.36 62.55 631.48 1200.19 1768.52 2336.29 2903.34 3469.47 4034.54 4598.35 5160.75 5721.56 6280.61 6837.72 7392.74 7945.49 8495.81 9043.52 9588.46 10130.47 10669.38 11205.02 11737.24 12265.87 12790.76 62.94 633.61 1204.07 1774.14 2343.65 2912.43 3480.31 4047.10 4612.65 5176.77 5739.30 6300.06 6858.88 7415.60 7970.05 8522.05 9071.44 9618.05 10161.72 10702.28 11239.56 11773.41 12303.66 12830.16 63.32 635.74 1207.94 1779.76 2351.01 2921.53 3491.14 4059.67 4626.94 5192.79 5757.03 6319.51 6880.04 7438.46 7994.60 8548.29 9099.36 9647.64 10192.97 10735.18 11274.10 11809.58 12341.46 12869.56 63.71 637.87 1211.82 1785.38 2358.37 2930.63 3501.98 4072.24 4641.24 5208.81 5774.77 6338.96 6901.20 7461.32 8019.16 8574.53 9127.28 9677.23 10224.22 10768.08 11308.65 11845.76 12379.25 12908.96 64.10 640.00 1215.70 1791.00 2365.73 2939.73 3512.81 4084.81 4655.54 5224.83 5792.51 6358.42 6922.36 7484.19 8043.71 8600.77 9155.20 9706.82 10255.47 10800.98 11343.19 11881.93 12417.04 12948.36 64.49 642.14 1219.57 1796.62 2373.10 2948.83 3523.65 4097.37 4669.83 5240.85 5810.26 6377.87 6943.53 7507.05 8068.27 8627.02 9183.12 9736.41 10286.72 10833.89 11377.73 11918.11 12454.84 12987.76 64.88 644.27 1223.45 1802.24 2380.46 2957.93 3534.49 4109.95 4684.13 5256.88 5828.00 6397.33 6964.69 7529.92 8092.83 8653.26 9211.04 9766.00 10317.98 10866.79 11412.28 11954.28 12492.63 13027.16 65.27 646.41 1227.33 1807.86 2387.82 2967.04 3545.33 4122.52 4698.43 5272.90 5845.74 6416.79 6985.86 7552.78 8117.39 8679.51 9238.97 9795.60 10349.23 10899.70 11446.83 11990.46 12530.43 13066.57 65.66 648.55 1231.22 1813.49 2395.19 2976.14 3556.17 4135.09 4712.74 5288.93 5863.49 6436.24 7007.02 7575.65 8141.95 8705.76 9266.90 9825.20 10380.49 10932.60 11481.38 12026.64 12568.22 13105.97 66.06 650.69 1235.10 1819.12 2402.56 2985.25 3567.01 4147.67 4727.04 5304.95 5881.23 6455.70 7028.19 7598.52 8166.51 8732.01 9294.82 9854.79 10411.74 10965.51 11515.92 12062.82 12606.02 13145.38 66.45 652.83 1238.98 1824.74 2409.93 2994.36 3577.85 4160.24 4741.34 5320.98 5898.98 6475.17 7049.36 7621.39 8191.08 8758.26 9322.75 9884.39 10443.00 10998.42 11550.47 12099.00 12643.82 13184.78 66.85 654.97 1242.87 1830.37 2417.30 3003.46 3588.70 4172.82 4755.65 5337.01 5916.73 6494.63 7070.53 7644.26 8215.64 8784.51 9350.68 9913.99 10474.26 11031.33 11585.03 12135.18 12681.62 13224.19 67.24 657.11 1246.76 1836.00 2424.67 3012.57 3599.54 4185.40 4769.96 5353.04 5934.48 6514.09 7091.70 7667.13 8240.21 8810.76 9378.61 9943.59 10505.52 11064.24 11619.58 12171.36 12719.42 13263.60 67.64 659.25 1250.64 1841.63 2432.04 3021.69 3610.39 4197.98 4784.26 5369.07 5952.23 6533.56 7112.87 7690.00 8264.77 8837.01 9406.54 9973.19 10536.78 11097.15 11654.13 12207.54 12757.23 13303.01 68.04 661.40 1254.53 1847.26 2439.41 3030.80 3621.24 4210.56 4798.57 5385.11 5969.98 6553.02 7134.04 7712.88 8289.34 8863.27 9434.47 10002.79 10568.05 11130.07 11688.69 12243.73 12795.03 13342.42 68.44 663.54 1258.42 1852.90 2446.79 3039.91 3632.09 4223.14 4812.88 5401.14 5987.74 6572.49 7155.22 7735.75 8313.91 8889.52 9462.41 10032.39 10599.31 11162.98 11723.24 12279.91 12832.83 13381.83 68.85 665.69 1262.31 1858.53 2454.16 3049.02 3642.94 4235.72 4827.19 5417.18 6005.49 6591.96 7176.39 7758.63 8338.48 8915.78 9490.34 10062.00 10630.57 11195.90 11757.80 12316.10 12870.64 13421.25 69.25 667.84 1266.21 1864.17 2461.54 3058.14 3653.79 4248.30 4841.51 5433.21 6023.25 6611.42 7197.57 7781.51 8363.05 8942.04 9518.28 10091.60 10661.84 11228.81 11792.35 12352.29 12908.45 13460.66 69.65 669.99 1270.10 1869.80 2468.92 3067.26 3664.64 4260.89 4855.82 5449.25 6041.00 6630.89 7218.75 7804.38 8387.63 8968.29 9546.21 10121.21 10693.11 11261.73 11826.91 12388.48 12946.25 13500.08 70.06 672.14 1274.00 1875.44 2476.30 3076.37 3675.50 4273.48 4870.13 5465.29 6058.76 6650.37 7239.93 7827.26 8412.20 8994.55 9574.15 10150.82 10724.38 11294.65 11861.47 12424.67 12984.06 13539.49 70.46 674.29 1277.89 1881.08 2483.68 3085.49 3686.35 4286.06 4884.45 5481.33 6076.52 6669.84 7261.11 7850.14 8436.77 9020.81 9602.09 10180.43 10755.64 11327.57 11896.03 12460.86 13021.87 13578.91 70.87 676.44 1281.79 1886.72 2491.06 3094.61 3697.21 4298.65 4898.77 5497.37 6094.28 6689.31 7282.29 7873.03 8461.35 9047.08 9630.03 10210.04 10786.91 11360.49 11930.59 12497.05 13059.68 13618.33 71.28 678.60 1285.69 1892.36 2498.44 3103.73 3708.06 4311.24 4913.09 5513.41 6112.04 6708.79 7303.47 7895.91 8485.93 9073.34 9657.97 10239.65 10818.18 11393.41 11965.16 12533.24 13097.49 13657.75 71.69 680.75 1289.59 1898.01 2505.82 3112.86 3718.92 4323.83 4927.40 5529.46 6129.80 6728.26 7324.65 7918.79 8510.50 9099.60 9685.91 10269.26 10849.46 11426.34 11999.72 12569.43 13135.31 13697.17 72.10 682.91 1293.49 1903.65 2513.21 3121.98 3729.78 4336.42 4941.72 5545.50 6147.57 6747.74 7345.84 7941.68 8535.08 9125.87 9713.86 10298.87 10880.73 11459.26 12034.28 12605.63 13173.12 13736.59 72.52 685.07 1297.39 1909.29 2520.59 3131.11 3740.64 4349.02 4956.05 5561.55 6165.33 6767.22 7367.02 7964.56 8559.66 9152.13 9741.80 10328.48 10912.00 11492.18 12068.85 12641.82 13210.94 13776.01 72.93 687.23 1301.29 1914.94 2527.98 3140.23 3751.50 4361.61 4970.37 5577.59 6183.10 6786.70 7388.21 7987.45 8584.24 9178.40 9769.75 10358.10 10943.28 11525.11 12103.42 12678.02 13248.75 13815.43 73.34 689.39 1305.20 1920.59 2535.37 3149.36 3762.37 4374.21 4984.69 5593.64 6200.86 6806.18 7409.40 8010.34 8608.83 9204.67 9797.69 10387.72 10974.56 11558.04 12137.98 12714.22 13286.57 13854.86 73.76 691.55 1309.10 1926.24 2542.76 3158.49 3773.23 4386.80 4999.02 5609.69 6218.63 6825.66 7430.59 8033.23 8633.41 9230.94 9825.64 10417.33 11005.83 11590.97 12172.55 12750.42 13324.38 13894.28 74.18 693.71 1313.01 1931.89 2550.15 3167.62 3784.10 4399.40 5013.34 5625.74 6236.40 6845.14 7451.78 8056.12 8657.99 9257.21 9853.59 10446.95 11037.11 11623.90 12207.12 12786.62 13362.20 13933.71 74.60 695.87 1316.92 1937.54 2557.54 3176.75 3794.96 4412.00 5027.67 5641.79 6254.17 6864.62 7472.97 8079.01 8682.58 9283.48 9881.54 10476.57 11068.39 11656.83 12241.69 12822.82 13400.02 13973.13 75.02 698.04 1320.83 1943.19 2564.94 3185.88 3805.83 4424.60 5042.00 5657.84 6271.94 6884.11 7494.16 8101.91 8707.17 9309.76 9909.49 10506.19 11099.67 11689.76 12276.27 12859.02 13437.84 14012.56 75.44 700.20 1324.74 1948.84 2572.33 3195.01 3816.70 4437.20 5056.33 5673.90 6289.71 6903.59 7515.35 8124.80 8731.75 9336.03 9937.44 10535.81 11130.95 11722.69 12310.84 12895.22 13475.67 14051.99 75.86 702.37 1328.65 1954.50 2579.73 3204.15 3827.57 4449.80 5070.66 5689.95 6307.49 6923.08 7536.55 8147.70 8756.34 9362.30 9965.40 10565.43 11162.24 11755.62 12345.41 12931.43 13513.49 14091.42 76.28 704.54 1332.56 1960.15 2587.12 3213.28 3838.44 4462.41 5084.99 5706.01 6325.26 6942.57 7557.74 8170.59 8780.93 9388.58 9993.35 10595.06 11193.52 11788.56 12379.99 12967.63 13551.31 14130.85 76.71 706.71 1336.47 1965.81 2594.52 3222.42 3849.31 4475.01 5099.33 5722.06 6343.04 6962.06 7578.94 8193.49 8805.52 9414.86 10021.30 10624.68 11224.80 11821.49 12414.56 13003.84 13589.14 14170.28 77.13 708.88 1340.39 1971.47 2601.92 3231.56 3860.19 4487.62 5113.66 5738.12 6360.82 6981.55 7600.14 8216.39 8830.12 9441.14 10049.26 10654.31 11256.09 11854.43 12449.14 13040.04 13626.96 14209.71 77.56 711.05 1344.30 1977.12 2609.32 3240.69 3871.06 4500.22 5128.00 5754.18 6378.59 7001.04 7621.34 8239.29 8854.71 9467.42 10077.22 10683.93 11287.38 11887.37 12483.72 13076.25 13664.79 14249.15 77.99 713.23 1348.22 1982.78 2616.72 3249.83 3881.94 4512.83 5142.33 5770.24 6396.37 7020.53 7642.54 8262.19 8879.30 9493.70 10105.18 10713.56 11318.67 11920.30 12518.30 13112.46 13702.62 14288.58 78.42 715.40 1352.14 1988.45 2624.12 3258.98 3892.81 4525.44 5156.67 5786.30 6414.15 7040.03 7663.74 8285.09 8903.90 9519.98 10133.14 10743.19 11349.95 11953.24 12552.88 13148.67 13740.44 14328.02 78.85 717.57 1356.06 1994.11 2631.53 3268.12 3903.69 4538.05 5171.01 5802.37 6431.94 7059.52 7684.94 8307.99 8928.50 9546.26 10161.10 10772.82 11381.24 11986.18 12587.46 13184.88 13778.27 14367.46 79.28 719.75 1359.98 1999.77 2638.93 3277.26 3914.57 4550.66 5185.35 5818.43 6449.72 7079.02 7706.14 8330.90 8953.09 9572.54 10189.06 10802.45 11412.54 12019.13 12622.04 13221.09 13816.10 14406.89 79.71 721.93 1363.90 2005.44 2646.34 3286.41 3925.45 4563.28 5199.69 5834.50 6467.50 7098.52 7727.35 8353.80 8977.69 9598.83 10217.02 10832.08 11443.83 12052.07 12656.62 13257.31 13853.94 14446.33 80.14 724.11 1367.83 2011.10 2653.74 3295.55 3936.33 4575.89 5214.03 5850.56 6485.29 7118.01 7748.55 8376.71 9002.29 9625.11 10244.99 10861.72 11475.12 12085.01 12691.21 13293.52 13891.77 14485.77 80.58 726.29 1371.75 2016.77 2661.15 3304.70 3947.22 4588.51 5228.38 5866.63 6503.07 7137.51 7769.76 8399.62 9026.89 9651.40 10272.95 10891.35 11506.42 12117.96 12725.79 13329.74 13929.60 14525.21 81.02 728.47 1375.68 2022.44 2668.56 3313.85 3958.10 4601.12 5242.72 5882.70 6520.86 7157.01 7790.97 8422.52 9051.50 9677.69 10300.92 10920.99 11537.71 12150.90 12760.38 13365.95 13967.44 14564.65 81.45 730.65 1379.60 2028.11 2675.97 3323.00 3968.98 4613.74 5257.07 5898.77 6538.65 7176.52 7812.18 8445.43 9076.10 9703.98 10328.88 10950.62 11569.01 12183.85 12794.97 13402.17 14005.27 14604.10 81.89 732.83 1383.53 2033.78 2683.38 3332.15 3979.87 4626.36 5271.41 5914.84 6556.44 7196.02 7833.39 8468.34 9100.70 9730.27 10356.85 10980.26 11600.30 12216.80 12829.55 13438.39 14043.11 14643.54 82.33 735.02 1387.46 2039.45 2690.80 3341.30 3990.76 4638.98 5285.76 5930.91 6574.23 7215.52 7854.60 8491.26 9125.31 9756.56 10384.82 11009.90 11631.60 12249.75 12864.14 13474.61 14080.95 14682.99 82.77 737.21 1391.39 2045.12 2698.21 3350.45 4001.65 4651.60 5300.11 5946.98 6592.02 7235.03 7875.81 8514.17 9149.92 9782.85 10412.79 11039.54 11662.90 12282.70 12898.73 13510.83 14118.79 14722.43 83.21 739.39 1395.32 2050.80 2705.63 3359.61 4012.54 4664.22 5314.46 5963.06 6609.81 7254.53 7897.02 8537.08 9174.52 9809.15 10440.76 11069.18 11694.20 12315.65 12933.33 13547.05 14156.63 14761.88 83.66 741.58 1399.25 2056.47 2713.04 3368.76 4023.43 4676.84 5328.81 5979.13 6627.61 7274.04 7918.24 8560.00 9199.13 9835.44 10468.74 11098.82 11725.51 12348.60 12967.92 13583.27 14194.47 14801.33 84.10 743.77 1403.19 2062.15 2720.46 3377.92 4034.32 4689.47 5343.16 5995.21 6645.40 7293.55 7939.45 8582.92 9223.74 9861.74 10496.71 11128.46 11756.81 12381.55 13002.51 13619.49 14232.31 14840.77 84.55 745.96 1407.12 2067.83 2727.88 3387.07 4045.21 4702.09 5357.52 6011.29 6663.20 7313.06 7960.67 8605.83 9248.35 9888.03 10524.68 11158.11 11788.11 12414.51 13037.11 13655.72 14270.15 14880.22 84.99 748.15 1411.06 2073.51 2735.30 3396.23 4056.11 4714.72 5371.87 6027.37 6681.00 7332.57 7981.89 8628.75 9272.96 9914.33 10552.66 11187.75 11819.42 12447.46 13071.70 13691.94 14307.99 14919.67 85.44 750.35 1415.00 2079.19 2742.72 3405.39 4067.00 4727.35 5386.23 6043.45 6698.80 7352.08 8003.11 8651.67 9297.58 9940.63 10580.64 11217.40 11850.72 12480.42 13106.30 13728.17 14345.84 14959.13 85.89 752.54 1418.93 2084.87 2750.14 3414.55 4077.90 4739.98 5400.59 6059.53 6716.60 7371.60 8024.33 8674.59 9322.19 9966.93 10608.61 11247.04 11882.03 12513.38 13140.90 13764.40 14383.69 14998.58 86.34 754.74 1422.87 2090.55 2757.57 3423.72 4088.80 4752.61 5414.95 6075.61 6734.40 7391.11 8045.55 8697.51 9346.81 9993.23 10636.59 11276.69 11913.34 12546.34 13175.50 13800.62 14421.53 15038.03 86.79 756.93 1426.81 2096.24 2764.99 3432.88 4099.70 4765.24 5429.30 6091.69 6752.20 7410.63 8066.77 8720.44 9371.42 10019.54 10664.57 11306.34 11944.65 12579.30 13210.09 13836.85 14459.38 15077.49 87.25 759.13 1430.76 2101.92 2772.42 3442.04 4110.60 4777.87 5443.67 6107.78 6770.00 7430.14 8088.00 8743.36 9396.04 10045.84 10692.55 11335.99 11975.96 12612.26 13244.70 13873.08 14497.23 15116.94 87.70 761.33 1434.70 2107.61 2779.84 3451.21 4121.50 4790.51 5458.03 6123.86 6787.81 7449.66 8109.22 8766.29 9420.66 10072.14 10720.54 11365.64 12007.27 12645.22 13279.30 13909.31 14535.08 15156.40 88.15 763.53 1438.64 2113.29 2787.27 3460.38 4132.40 4803.14 5472.39 6139.95 6805.61 7469.18 8130.45 8789.21 9445.28 10098.45 10748.52 11395.30 12038.58 12678.18 13313.90 13945.55 14572.93 15195.86 88.61 765.73 1442.59 2118.98 2794.70 3469.54 4143.30 4815.78 5486.75 6156.04 6823.42 7488.70 8151.67 8812.14 9469.90 10124.76 10776.50 11424.95 12069.90 12711.14 13348.50 13981.78 14610.78 15235.32 89.07 767.93 1446.54 2124.67 2802.13 3478.71 4154.21 4828.41 5501.12 6172.13 6841.23 7508.22 8172.90 8835.07 9494.52 10151.06 10804.49 11454.60 12101.21 12744.11 13383.11 14018.01 14648.63 15274.78 89.53 770.14 1450.48 2130.36 2809.56 3487.88 4165.12 4841.05 5515.49 6188.22 6859.04 7527.74 8194.13 8858.00 9519.15 10177.37 10832.48 11484.26 12132.53 12777.08 13417.72 14054.25 14686.49 15314.24 89.99 772.34 1454.43 2136.05 2817.00 3497.06 4176.02 4853.69 5529.85 6204.31 6876.85 7547.27 8215.36 8880.93 9543.77 10203.68 10860.46 11513.92 12163.84 12810.04 13452.32 14090.49 14724.34 15353.70 90.45 774.55 1458.38 2141.75 2824.43 3506.23 4186.93 4866.33 5544.22 6220.40 6894.66 7566.79 8236.59 8903.86 9568.40 10229.99 10888.45 11543.57 12195.16 12843.01 13486.93 14126.72 14762.20 15393.16 90.91 776.75 1462.33 2147.44 2831.87 3515.40 4197.84 4878.97 5558.59 6236.49 6912.47 7586.32 8257.82 8926.80 9593.02 10256.31 10916.44 11573.23 12226.48 12875.98 13521.54 14162.96 14800.06 15432.62 91.37 778.96 1466.29 2153.14 2839.30 3524.58 4208.75 4891.62 5572.96 6252.59 6930.28 7605.84 8279.06 8949.73 9617.65 10282.62 10944.43 11602.89 12257.80 12908.95 13556.15 14199.20 14837.91 15472.09 91.84 781.17 1470.24 2158.83 2846.74 3533.75 4219.66 4904.26 5587.34 6268.69 6948.10 7625.37 8300.29 8972.66 9642.28 10308.93 10972.43 11632.55 12289.12 12941.92 13590.76 14235.44 14875.77 15511.55 92.30 783.38 1474.19 2164.53 2854.18 3542.93 4230.58 4916.91 5601.71 6284.78 6965.91 7644.90 8321.53 8995.60 9666.91 10335.25 11000.42 11662.22 12320.44 12974.89 13625.37 14271.68 14913.63 15551.02 92.77 785.59 1478.15 2170.23 2861.62 3552.11 4241.49 4929.55 5616.08 6300.88 6983.73 7664.43 8342.77 9018.54 9691.54 10361.57 11028.41 11691.88 12351.76 13007.87 13659.99 14307.93 14951.49 15590.49 93.24 787.81 1482.11 2175.93 2869.06 3561.29 4252.41 4942.20 5630.46 6316.98 7001.55 7683.96 8364.00 9041.48 9716.17 10387.88 11056.41 11721.54 12383.09 13040.84 13694.60 14344.17 14989.35 15629.96 93.71 790.02 1486.07 2181.63 2876.50 3570.47 4263.32 4954.85 5644.84 6333.08 7019.37 7703.49 8385.24 9064.42 9740.80 10414.20 11084.40 11751.21 12414.41 13073.81 13729.22 14380.42 15027.22 15669.43 94.18 792.24 1490.03 2187.33 2883.95 3579.65 4274.24 4967.50 5659.22 6349.18 7037.19 7723.03 8406.48 9087.36 9765.44 10440.52 11112.40 11780.88 12445.74 13106.79 13763.83 14416.66 15065.08 15708.90 94.65 794.45 1493.99 2193.04 2891.39 3588.84 4285.16 4980.15 5673.59 6365.29 7055.01 7742.56 8427.73 9110.30 9790.07 10466.84 11140.40 11810.54 12477.07 13139.77 13798.45 14452.91 15102.95 15748.37 95.12 796.67 1497.95 2198.74 2898.84 3598.02 4296.08 4992.80 5687.97 6381.39 7072.83 7762.10 8448.97 9133.24 9814.71 10493.17 11168.40 11840.21 12508.39 13172.75 13833.07 14489.16 15140.81 15787.84 95.59 798.89 1501.91 2204.45 2906.28 3607.20 4307.00 5005.45 5702.36 6397.49 7090.66 7781.63 8470.21 9156.19 9839.35 10519.49 11196.40 11869.88 12539.72 13205.73 13867.69 14525.40 15178.68 15827.31 96.07 801.11 1505.88 2210.15 2913.73 3616.39 4317.92 5018.11 5716.74 6413.60 7108.48 7801.17 8491.46 9179.13 9863.99 10545.81 11224.40 11899.55 12571.05 13238.71 13902.31 14561.65 15216.55 15866.79 96.54 803.33 1509.84 2215.86 2921.18 3625.58 4328.85 5030.76 5731.12 6429.71 7126.31 7820.71 8512.70 9202.08 9888.63 10572.14 11252.41 11929.22 12602.39 13271.69 13936.93 14597.90 15254.42 15906.26
=== END RADAR_SCAN ===

